-3.378948926925659180e+00,-2.530125141143798828e+00,-9.759253501892089844e+00,-2.261860609054565430e+00,-6.299557685852050781e+00,-3.992458820343017578e+00,-2.833569049835205078e+00,-5.202434062957763672e+00,9.797518730163574219e+00
-3.361088514328002930e+00,-2.596228599548339844e+00,-9.642339706420898438e+00,-2.281831741333007812e+00,-6.243275642395019531e+00,-3.922930955886840820e+00,-2.933148384094238281e+00,-5.058280467987060547e+00,9.847702026367187500e+00
-3.432585000991821289e+00,-2.688994884490966797e+00,-1.026789379119873047e+01,-2.286942481994628906e+00,-6.314945220947265625e+00,-3.956311464309692383e+00,-2.662772655487060547e+00,-5.320590972900390625e+00,9.759578704833984375e+00
-3.418946027755737305e+00,-2.442048788070678711e+00,-9.685416221618652344e+00,-2.219090223312377930e+00,-6.282639503479003906e+00,-3.994624137878417969e+00,-2.841004133224487305e+00,-5.121510982513427734e+00,9.771856307983398438e+00
-3.297930479049682617e+00,-2.459615230560302734e+00,-9.422125816345214844e+00,-2.164375782012939453e+00,-6.242250442504882812e+00,-3.845723867416381836e+00,-2.886644840240478516e+00,-4.909736156463623047e+00,9.797616004943847656e+00
-3.328220844268798828e+00,-2.668042659759521484e+00,-9.505047798156738281e+00,-2.355807304382324219e+00,-6.268213272094726562e+00,-3.848961591720581055e+00,-3.010587692260742188e+00,-4.974497318267822266e+00,9.868136405944824219e+00
-3.242962121963500977e+00,-2.448906421661376953e+00,-9.651997566223144531e+00,-2.105378866195678711e+00,-6.147761344909667969e+00,-3.853411197662353516e+00,-2.641542196273803711e+00,-5.065791130065917969e+00,9.803040504455566406e+00
-3.234487056732177734e+00,-2.404798746109008789e+00,-9.592775344848632812e+00,-2.047044038772583008e+00,-6.095206260681152344e+00,-3.839069366455078125e+00,-2.617300748825073242e+00,-4.961290359497070312e+00,9.780207633972167969e+00
-3.266758441925048828e+00,-2.503227233886718750e+00,-9.990553855895996094e+00,-2.051376819610595703e+00,-6.128612518310546875e+00,-3.768353223800659180e+00,-2.371622562408447266e+00,-5.124470233917236328e+00,9.759387969970703125e+00
-3.208777189254760742e+00,-2.529061794281005859e+00,-9.518072128295898438e+00,-2.137331008911132812e+00,-6.103899002075195312e+00,-3.726777076721191406e+00,-2.784711599349975586e+00,-4.909521102905273438e+00,9.834397315979003906e+00
-2.577531576156616211e+00,-2.421589851379394531e+00,-9.055517196655273438e+00,-1.758402109146118164e+00,-5.823880195617675781e+00,-3.327892303466796875e+00,-2.248663425445556641e+00,-4.311864852905273438e+00,9.745647430419921875e+00
-2.592122316360473633e+00,-2.390905857086181641e+00,-9.188176155090332031e+00,-1.710901498794555664e+00,-5.766466140747070312e+00,-3.272563457489013672e+00,-2.101683139801025391e+00,-4.321061134338378906e+00,9.731914520263671875e+00
-2.921180248260498047e+00,-2.498903989791870117e+00,-9.816920280456542969e+00,-1.961892008781433105e+00,-5.892104148864746094e+00,-3.421297073364257812e+00,-2.091671943664550781e+00,-4.824096679687500000e+00,9.727558135986328125e+00
-2.565578460693359375e+00,-2.759054183959960938e+00,-8.950935363769531250e+00,-2.028286933898925781e+00,-5.865880966186523438e+00,-3.302451610565185547e+00,-2.465178728103637695e+00,-4.227517127990722656e+00,9.844819068908691406e+00
-2.358862876892089844e+00,-2.611851215362548828e+00,-9.046637535095214844e+00,-1.720798730850219727e+00,-5.669206619262695312e+00,-3.140093088150024414e+00,-2.138918876647949219e+00,-4.024380683898925781e+00,9.794664382934570312e+00
-2.325379133224487305e+00,-3.041473388671875000e+00,-9.033226013183593750e+00,-1.837230443954467773e+00,-5.637823104858398438e+00,-2.967446804046630859e+00,-2.360528469085693359e+00,-3.776404142379760742e+00,9.884092330932617188e+00
-2.492674112319946289e+00,-2.632915496826171875e+00,-9.334594726562500000e+00,-1.862115144729614258e+00,-5.613181114196777344e+00,-3.170315742492675781e+00,-2.131292819976806641e+00,-4.222479343414306641e+00,9.832344055175781250e+00
-2.616118192672729492e+00,-2.486549139022827148e+00,-9.582969665527343750e+00,-1.739136099815368652e+00,-5.699431419372558594e+00,-3.222406625747680664e+00,-1.884156942367553711e+00,-4.404567241668701172e+00,9.732971191406250000e+00
-2.504146814346313477e+00,-2.544270992279052734e+00,-9.322787284851074219e+00,-1.790923833847045898e+00,-5.669582366943359375e+00,-3.200078487396240234e+00,-2.081273794174194336e+00,-4.247318744659423828e+00,9.779929161071777344e+00
-2.284199237823486328e+00,-2.543983936309814453e+00,-9.031422615051269531e+00,-1.614584326744079590e+00,-5.600117683410644531e+00,-3.162407398223876953e+00,-2.028166532516479492e+00,-3.969809055328369141e+00,9.759553909301757812e+00
-2.997036933898925781e+00,-2.776124000549316406e+00,-9.691293716430664062e+00,-2.288386821746826172e+00,-6.126743316650390625e+00,-3.852126598358154297e+00,-2.589669942855834961e+00,-4.969437599182128906e+00,9.750819206237792969e+00
-3.215015888214111328e+00,-2.837440013885498047e+00,-9.514182090759277344e+00,-2.556302547454833984e+00,-6.335047721862792969e+00,-4.114315986633300781e+00,-2.999804735183715820e+00,-5.093123435974121094e+00,9.893836975097656250e+00
-3.281031131744384766e+00,-3.234113216400146484e+00,-9.384840965270996094e+00,-2.925382614135742188e+00,-6.667065620422363281e+00,-4.284265995025634766e+00,-3.551847457885742188e+00,-5.049481868743896484e+00,1.004100894927978516e+01
-3.236266374588012695e+00,-2.845865726470947266e+00,-9.488421440124511719e+00,-2.581184625625610352e+00,-6.322804450988769531e+00,-4.137001991271972656e+00,-3.030390262603759766e+00,-5.006285667419433594e+00,9.909244537353515625e+00
-3.021636009216308594e+00,-2.806920528411865234e+00,-9.118865013122558594e+00,-2.508370637893676758e+00,-6.315997123718261719e+00,-3.915776014328002930e+00,-2.976092100143432617e+00,-4.814236164093017578e+00,9.917478561401367188e+00
-3.241746187210083008e+00,-2.765136718750000000e+00,-9.836441040039062500e+00,-2.350176334381103516e+00,-6.191378593444824219e+00,-3.973590612411499023e+00,-2.775838375091552734e+00,-5.125377655029296875e+00,9.816988945007324219e+00
-3.021146535873413086e+00,-2.823581218719482422e+00,-9.311540603637695312e+00,-2.483711242675781250e+00,-6.238711357116699219e+00,-3.966478347778320312e+00,-2.888905763626098633e+00,-4.886406421661376953e+00,9.873356819152832031e+00
-3.091259241104125977e+00,-2.871545314788818359e+00,-9.460854530334472656e+00,-2.476475000381469727e+00,-6.233628273010253906e+00,-3.965427637100219727e+00,-2.906312942504882812e+00,-5.021950244903564453e+00,9.878120422363281250e+00
-2.902147531509399414e+00,-3.156602382659912109e+00,-9.079419136047363281e+00,-2.415578842163085938e+00,-6.271791458129882812e+00,-3.460741758346557617e+00,-3.045897006988525391e+00,-4.562768459320068359e+00,1.002007770538330078e+01
-3.070894002914428711e+00,-2.727839469909667969e+00,-9.418397903442382812e+00,-2.353595256805419922e+00,-6.101957321166992188e+00,-3.841841697692871094e+00,-2.759308815002441406e+00,-4.829696655273437500e+00,9.850012779235839844e+00
-3.994269609451293945e+00,-3.246203422546386719e+00,-1.035572910308837891e+01,-3.276855945587158203e+00,-7.219089508056640625e+00,-4.778555393218994141e+00,-3.597677946090698242e+00,-5.772991657257080078e+00,9.790030479431152344e+00
-3.974047899246215820e+00,-3.292672634124755859e+00,-1.035185146331787109e+01,-3.318173885345458984e+00,-7.240675926208496094e+00,-4.878135681152343750e+00,-3.632281303405761719e+00,-5.758262634277343750e+00,9.807538986206054688e+00
-3.874094247817993164e+00,-3.313473701477050781e+00,-1.010813522338867188e+01,-3.338846683502197266e+00,-7.159061431884765625e+00,-4.995086669921875000e+00,-3.763711690902709961e+00,-5.629043579101562500e+00,9.880119323730468750e+00
-3.876961469650268555e+00,-3.211133956909179688e+00,-1.030741405487060547e+01,-3.161259651184082031e+00,-7.164168357849121094e+00,-4.883215904235839844e+00,-3.496561765670776367e+00,-5.722094535827636719e+00,9.807537078857421875e+00
-3.918683290481567383e+00,-3.166848659515380859e+00,-1.010224723815917969e+01,-3.269298553466796875e+00,-7.130378723144531250e+00,-4.865766048431396484e+00,-3.676342964172363281e+00,-5.611552238464355469e+00,9.857289314270019531e+00
-3.861803531646728516e+00,-3.223922252655029297e+00,-1.027258872985839844e+01,-3.200894355773925781e+00,-7.119871139526367188e+00,-4.874793052673339844e+00,-3.589480161666870117e+00,-5.663119792938232422e+00,9.837434768676757812e+00
-3.609806776046752930e+00,-2.874889850616455078e+00,-9.541603088378906250e+00,-2.956923961639404297e+00,-6.855202674865722656e+00,-4.676494598388671875e+00,-3.412105798721313477e+00,-5.282822132110595703e+00,9.906494140625000000e+00
-3.849661350250244141e+00,-2.957259178161621094e+00,-9.568324089050292969e+00,-3.238692283630371094e+00,-7.258109092712402344e+00,-4.877877712249755859e+00,-3.746499061584472656e+00,-5.353840827941894531e+00,9.859398841857910156e+00
-3.905635118484497070e+00,-3.294580459594726562e+00,-9.862896919250488281e+00,-3.477094173431396484e+00,-7.168580055236816406e+00,-5.062572479248046875e+00,-3.850972652435302734e+00,-5.464542388916015625e+00,9.969276428222656250e+00
-3.804726123809814453e+00,-3.067759037017822266e+00,-1.012588977813720703e+01,-3.029389381408691406e+00,-6.991955757141113281e+00,-4.737447261810302734e+00,-3.360060214996337891e+00,-5.594219684600830078e+00,9.836665153503417969e+00
-2.745151281356811523e+00,-2.602570533752441406e+00,-9.770238876342773438e+00,-1.938471198081970215e+00,-5.939318656921386719e+00,-3.183108806610107422e+00,-1.765599012374877930e+00,-4.740720272064208984e+00,9.657360076904296875e+00
-2.621611356735229492e+00,-2.471074342727661133e+00,-9.651067733764648438e+00,-1.748901128768920898e+00,-5.708920478820800781e+00,-3.152605056762695312e+00,-1.861408472061157227e+00,-4.480563163757324219e+00,9.744984626770019531e+00
-3.165954351425170898e+00,-2.658380508422851562e+00,-9.669943809509277344e+00,-2.244490623474121094e+00,-6.109639167785644531e+00,-3.591573715209960938e+00,-2.763681173324584961e+00,-4.945042133331298828e+00,9.837836265563964844e+00
-2.794889450073242188e+00,-2.637964248657226562e+00,-9.314101219177246094e+00,-2.023504257202148438e+00,-5.819855690002441406e+00,-3.253880023956298828e+00,-2.473133563995361328e+00,-4.444669723510742188e+00,9.781235694885253906e+00
-2.828584671020507812e+00,-2.630227565765380859e+00,-9.424293518066406250e+00,-1.980833053588867188e+00,-5.844706535339355469e+00,-3.214977979660034180e+00,-2.451019525527954102e+00,-4.533074855804443359e+00,9.832649230957031250e+00
-2.552709102630615234e+00,-2.481182098388671875e+00,-9.453371047973632812e+00,-1.677530884742736816e+00,-5.660272598266601562e+00,-3.088261365890502930e+00,-1.999456882476806641e+00,-4.262736797332763672e+00,9.785024642944335938e+00
-2.720136165618896484e+00,-2.554499626159667969e+00,-9.600934982299804688e+00,-1.852888345718383789e+00,-5.769643783569335938e+00,-3.151461839675903320e+00,-2.187130451202392578e+00,-4.486101150512695312e+00,9.802836418151855469e+00
-3.428043842315673828e+00,-2.959640026092529297e+00,-1.024191284179687500e+01,-2.560028553009033203e+00,-6.241515159606933594e+00,-3.940679311752319336e+00,-2.944028854370117188e+00,-5.200963497161865234e+00,9.915895462036132812e+00
-2.600127696990966797e+00,-2.603810310363769531e+00,-9.416377067565917969e+00,-1.804193973541259766e+00,-5.724133491516113281e+00,-3.100229501724243164e+00,-2.192173957824707031e+00,-4.318617820739746094e+00,9.839141845703125000e+00
-2.470839738845825195e+00,-2.607642173767089844e+00,-9.307821273803710938e+00,-1.626383304595947266e+00,-5.617386817932128906e+00,-2.981009721755981445e+00,-2.051582813262939453e+00,-4.093405723571777344e+00,9.843947410583496094e+00
-3.217408418655395508e+00,-2.516158342361450195e+00,-1.010713195800781250e+01,-2.041642665863037109e+00,-6.072623252868652344e+00,-3.635586738586425781e+00,-2.265757083892822266e+00,-5.072664737701416016e+00,9.776878356933593750e+00
-3.082789421081542969e+00,-2.341556072235107422e+00,-9.882504463195800781e+00,-1.851346731185913086e+00,-6.029578208923339844e+00,-3.619117498397827148e+00,-2.055245161056518555e+00,-4.976529121398925781e+00,9.717892646789550781e+00
-2.741890907287597656e+00,-2.202721595764160156e+00,-9.471407890319824219e+00,-1.622546792030334473e+00,-5.808930397033691406e+00,-3.412618875503540039e+00,-1.952121734619140625e+00,-4.566905021667480469e+00,9.720642089843750000e+00
-3.241015911102294922e+00,-2.434729576110839844e+00,-9.722884178161621094e+00,-2.072188138961791992e+00,-6.058067321777343750e+00,-3.813922166824340820e+00,-2.523519992828369141e+00,-4.962875366210937500e+00,9.799883842468261719e+00
-3.110534191131591797e+00,-2.393616676330566406e+00,-9.541199684143066406e+00,-1.927440524101257324e+00,-5.986754417419433594e+00,-3.648437738418579102e+00,-2.509267330169677734e+00,-4.820039749145507812e+00,9.814305305480957031e+00
-3.038040876388549805e+00,-2.343395709991455078e+00,-9.451599121093750000e+00,-1.895111799240112305e+00,-5.979569435119628906e+00,-3.642159938812255859e+00,-2.408697128295898438e+00,-4.773015022277832031e+00,9.816171646118164062e+00
-2.854649543762207031e+00,-2.106907844543457031e+00,-9.209555625915527344e+00,-1.671806573867797852e+00,-5.905557632446289062e+00,-3.543146848678588867e+00,-2.223788976669311523e+00,-4.573907375335693359e+00,9.724007606506347656e+00
-3.111455917358398438e+00,-2.476153612136840820e+00,-9.525515556335449219e+00,-1.999998092651367188e+00,-5.984296798706054688e+00,-3.656534910202026367e+00,-2.565305709838867188e+00,-4.802671432495117188e+00,9.839622497558593750e+00
-3.263356924057006836e+00,-2.408214569091796875e+00,-9.425041198730468750e+00,-2.120890855789184570e+00,-6.169523239135742188e+00,-3.816965579986572266e+00,-2.759257078170776367e+00,-4.901292324066162109e+00,9.830266952514648438e+00
-2.944159030914306641e+00,-2.186571121215820312e+00,-9.394576072692871094e+00,-1.736994266510009766e+00,-5.947402954101562500e+00,-3.670325994491577148e+00,-2.205578804016113281e+00,-4.725060939788818359e+00,9.769790649414062500e+00
-2.756304502487182617e+00,-2.612243175506591797e+00,-9.691700935363769531e+00,-1.964906215667724609e+00,-5.807147979736328125e+00,-3.133877992630004883e+00,-1.885338068008422852e+00,-4.651740074157714844e+00,9.730698585510253906e+00
-2.487279176712036133e+00,-2.755966663360595703e+00,-9.341808319091796875e+00,-1.927150487899780273e+00,-5.609854698181152344e+00,-3.168154239654541016e+00,-2.177378177642822266e+00,-4.226279258728027344e+00,9.877341270446777344e+00
-2.643212318420410156e+00,-2.951162815093994141e+00,-9.223982810974121094e+00,-2.199954986572265625e+00,-5.770042419433593750e+00,-3.259740114212036133e+00,-2.569769144058227539e+00,-4.112406730651855469e+00,9.915581703186035156e+00
-2.480021476745605469e+00,-2.981748104095458984e+00,-9.278832435607910156e+00,-1.961858391761779785e+00,-5.563242912292480469e+00,-3.040500640869140625e+00,-2.206390142440795898e+00,-4.123881340026855469e+00,9.872897148132324219e+00
-2.582896471023559570e+00,-2.848232269287109375e+00,-9.540898323059082031e+00,-2.020712137222290039e+00,-5.604984283447265625e+00,-3.122437953948974609e+00,-2.225905418395996094e+00,-4.355646133422851562e+00,9.892257690429687500e+00
-2.494278430938720703e+00,-2.501579284667968750e+00,-9.394617080688476562e+00,-1.725293397903442383e+00,-5.567178726196289062e+00,-3.207161188125610352e+00,-1.969239711761474609e+00,-4.257955074310302734e+00,9.807301521301269531e+00
-2.502347946166992188e+00,-2.430520534515380859e+00,-9.345901489257812500e+00,-1.642608404159545898e+00,-5.586808204650878906e+00,-3.174201488494873047e+00,-1.882341146469116211e+00,-4.244687080383300781e+00,9.768059730529785156e+00
-2.806859493255615234e+00,-2.507076740264892578e+00,-9.675103187561035156e+00,-1.921443581581115723e+00,-5.948798179626464844e+00,-3.150749683380126953e+00,-1.779169082641601562e+00,-4.801046848297119141e+00,9.647569656372070312e+00
-2.421209812164306641e+00,-2.568353652954101562e+00,-9.286985397338867188e+00,-1.731812715530395508e+00,-5.557180404663085938e+00,-3.161517143249511719e+00,-2.026637315750122070e+00,-4.134154796600341797e+00,9.815233230590820312e+00
-2.470701932907104492e+00,-3.091103076934814453e+00,-9.428371429443359375e+00,-2.082789421081542969e+00,-5.588327407836914062e+00,-3.016356229782104492e+00,-2.464648723602294922e+00,-4.001266479492187500e+00,1.002048206329345703e+01
-3.580725669860839844e+00,-2.937391757965087891e+00,-1.046188354492187500e+01,-2.717610836029052734e+00,-6.526546478271484375e+00,-3.856283426284790039e+00,-2.418271541595458984e+00,-5.525684833526611328e+00,9.664009094238281250e+00
-3.727684497833251953e+00,-3.086218357086181641e+00,-1.040111732482910156e+01,-3.015861511230468750e+00,-6.656549453735351562e+00,-4.301268577575683594e+00,-2.860815286636352539e+00,-5.485246181488037109e+00,9.784806251525878906e+00
-3.792076110839843750e+00,-3.059958457946777344e+00,-1.044002628326416016e+01,-3.075378894805908203e+00,-6.654398918151855469e+00,-4.183195114135742188e+00,-2.916012763977050781e+00,-5.456608295440673828e+00,9.805014610290527344e+00
-3.397521257400512695e+00,-2.656717777252197266e+00,-9.305189132690429688e+00,-2.797950506210327148e+00,-6.632911682128906250e+00,-4.132745265960693359e+00,-3.185059309005737305e+00,-4.843732357025146484e+00,9.766525268554687500e+00
-3.756677627563476562e+00,-3.073481559753417969e+00,-1.026786613464355469e+01,-3.055609226226806641e+00,-6.756258964538574219e+00,-4.530392169952392578e+00,-3.203605890274047852e+00,-5.455698966979980469e+00,9.869771957397460938e+00
-3.745428800582885742e+00,-3.022016525268554688e+00,-9.953484535217285156e+00,-3.308410644531250000e+00,-7.038428306579589844e+00,-4.454194068908691406e+00,-3.345393180847167969e+00,-5.281610012054443359e+00,9.795234680175781250e+00
-3.491786241531372070e+00,-2.798242568969726562e+00,-9.868411064147949219e+00,-2.767820358276367188e+00,-6.604303359985351562e+00,-4.118092536926269531e+00,-2.913850069046020508e+00,-5.269770145416259766e+00,9.773579597473144531e+00
-3.565491437911987305e+00,-2.945301532745361328e+00,-9.486853599548339844e+00,-3.238137722015380859e+00,-6.962221145629882812e+00,-4.294040679931640625e+00,-3.488424301147460938e+00,-4.892538547515869141e+00,9.773818016052246094e+00
-3.599309682846069336e+00,-2.950797557830810547e+00,-1.035844230651855469e+01,-2.840842485427856445e+00,-6.570041656494140625e+00,-3.787464857101440430e+00,-2.455418348312377930e+00,-5.365635871887207031e+00,9.761976242065429688e+00
-3.414315700531005859e+00,-2.836279869079589844e+00,-9.944657325744628906e+00,-2.719911098480224609e+00,-6.285135269165039062e+00,-3.717240333557128906e+00,-2.638178586959838867e+00,-4.953817844390869141e+00,9.853464126586914062e+00
-3.972179174423217773e+00,-4.815201282501220703e+00,-1.058764457702636719e+01,-4.483850002288818359e+00,-7.663202285766601562e+00,-4.625454902648925781e+00,-4.485174179077148438e+00,-4.298757076263427734e+00,9.654831886291503906e+00
-3.994198083877563477e+00,-4.545551300048828125e+00,-1.064545440673828125e+01,-4.586316108703613281e+00,-7.629905700683593750e+00,-4.741324901580810547e+00,-4.695516586303710938e+00,-4.703403949737548828e+00,9.786705970764160156e+00
-3.875067234039306641e+00,-4.608636856079101562e+00,-1.054959106445312500e+01,-4.458637237548828125e+00,-7.539763450622558594e+00,-4.771626949310302734e+00,-4.421952724456787109e+00,-4.242793560028076172e+00,9.719487190246582031e+00
-4.068362712860107422e+00,-4.809131145477294922e+00,-1.071211814880371094e+01,-4.236736297607421875e+00,-7.271898269653320312e+00,-4.429389953613281250e+00,-4.421130657196044922e+00,-4.466059207916259766e+00,9.774044036865234375e+00
-3.680906057357788086e+00,-4.211936473846435547e+00,-1.051546955108642578e+01,-3.957038402557373047e+00,-6.932793617248535156e+00,-4.597455501556396484e+00,-3.783615589141845703e+00,-4.129476547241210938e+00,9.748475074768066406e+00
-4.047579765319824219e+00,-4.492538452148437500e+00,-1.070007038116455078e+01,-4.518691539764404297e+00,-7.446961402893066406e+00,-4.888341903686523438e+00,-4.636979579925537109e+00,-4.631917476654052734e+00,9.824264526367187500e+00
-3.986554384231567383e+00,-4.209871768951416016e+00,-1.068262767791748047e+01,-4.508676528930664062e+00,-7.151850700378417969e+00,-4.845341682434082031e+00,-4.560874462127685547e+00,-4.870817661285400391e+00,9.836152076721191406e+00
-3.790727138519287109e+00,-5.391059875488281250e+00,-9.870491027832031250e+00,-4.676565647125244141e+00,-7.978705406188964844e+00,-4.789892196655273438e+00,-4.526072978973388672e+00,-4.031248092651367188e+00,9.316485404968261719e+00
-3.952431917190551758e+00,-4.634517669677734375e+00,-1.063569736480712891e+01,-4.607556819915771484e+00,-7.760386466979980469e+00,-4.618173122406005859e+00,-4.549403667449951172e+00,-4.197695255279541016e+00,9.788288116455078125e+00
-4.011213302612304688e+00,-4.378905773162841797e+00,-1.064524364471435547e+01,-4.402557849884033203e+00,-7.336530685424804688e+00,-4.625232219696044922e+00,-4.310910224914550781e+00,-4.398286342620849609e+00,9.902928352355957031e+00
-3.488120317459106445e+00,-4.207523345947265625e+00,-9.791851043701171875e+00,-3.728078365325927734e+00,-6.870879173278808594e+00,-4.641328334808349609e+00,-3.666107654571533203e+00,-4.272026062011718750e+00,9.940714836120605469e+00
-3.535080671310424805e+00,-4.102702140808105469e+00,-9.870779037475585938e+00,-3.789032936096191406e+00,-7.166119575500488281e+00,-4.615473270416259766e+00,-3.596367359161376953e+00,-4.240881919860839844e+00,9.969657897949218750e+00
-3.441303491592407227e+00,-3.996769428253173828e+00,-9.929081916809082031e+00,-3.576139926910400391e+00,-6.845129013061523438e+00,-4.338463783264160156e+00,-3.524124622344970703e+00,-4.441246986389160156e+00,9.636001586914062500e+00
-3.356585741043090820e+00,-2.790665149688720703e+00,-9.808157920837402344e+00,-2.642644405364990234e+00,-6.395839691162109375e+00,-3.133562326431274414e+00,-2.453920841217041016e+00,-5.061342239379882812e+00,9.578145980834960938e+00
-3.422151803970336914e+00,-3.302384376525878906e+00,-9.924832344055175781e+00,-2.999258995056152344e+00,-6.633694648742675781e+00,-3.443783044815063477e+00,-2.801281690597534180e+00,-4.881462574005126953e+00,9.463546752929687500e+00
-3.292958974838256836e+00,-3.456234931945800781e+00,-9.614960670471191406e+00,-3.315640449523925781e+00,-6.999632835388183594e+00,-4.204700469970703125e+00,-2.877795457839965820e+00,-4.397801876068115234e+00,9.910619735717773438e+00
-3.465745449066162109e+00,-3.977644443511962891e+00,-9.832681655883789062e+00,-3.817073822021484375e+00,-6.772316932678222656e+00,-4.818877696990966797e+00,-4.224295616149902344e+00,-3.884564876556396484e+00,1.024168395996093750e+01
-3.429418563842773438e+00,-3.738875865936279297e+00,-9.780943870544433594e+00,-3.260729312896728516e+00,-6.535800933837890625e+00,-4.293405532836914062e+00,-3.527462244033813477e+00,-4.627652168273925781e+00,1.026391792297363281e+01
-3.471385240554809570e+00,-4.579013347625732422e+00,-9.983741760253906250e+00,-3.680817127227783203e+00,-6.939507484436035156e+00,-4.892436504364013672e+00,-4.174574375152587891e+00,-4.479448795318603516e+00,1.013459110260009766e+01
-3.539594888687133789e+00,-3.498369216918945312e+00,-1.016126155853271484e+01,-3.581131935119628906e+00,-6.449268341064453125e+00,-4.522924423217773438e+00,-3.697795391082763672e+00,-4.737135410308837891e+00,9.794219970703125000e+00
-4.778831005096435547e+00,-4.412159919738769531e+00,-1.000168800354003906e+01,-5.661979675292968750e+00,-8.474675178527832031e+00,-5.308897018432617188e+00,-3.986177682876586914e+00,-5.421644210815429688e+00,1.017722320556640625e+01
-4.804609775543212891e+00,-4.401189804077148438e+00,-9.966193199157714844e+00,-5.678502082824707031e+00,-8.498958587646484375e+00,-5.346219539642333984e+00,-4.101381778717041016e+00,-5.442224025726318359e+00,1.017559909820556641e+01
-4.727900505065917969e+00,-4.400021076202392578e+00,-9.936082839965820312e+00,-5.650763034820556641e+00,-8.445861816406250000e+00,-5.310938835144042969e+00,-4.046411991119384766e+00,-5.406194210052490234e+00,1.019241428375244141e+01
-4.773044109344482422e+00,-4.440195083618164062e+00,-9.995938301086425781e+00,-5.661833763122558594e+00,-8.531523704528808594e+00,-5.325885772705078125e+00,-4.085241317749023438e+00,-5.403645992279052734e+00,1.017121696472167969e+01
-4.753119945526123047e+00,-4.440510272979736328e+00,-9.994795799255371094e+00,-5.649667739868164062e+00,-8.502872467041015625e+00,-5.307796001434326172e+00,-4.077779769897460938e+00,-5.362177371978759766e+00,1.018282127380371094e+01
-4.795988082885742188e+00,-4.421780586242675781e+00,-9.956561088562011719e+00,-5.680802345275878906e+00,-8.498069763183593750e+00,-5.358389854431152344e+00,-4.050006866455078125e+00,-5.439963817596435547e+00,1.023174571990966797e+01
-4.723887443542480469e+00,-4.417539596557617188e+00,-9.970514297485351562e+00,-5.661612510681152344e+00,-8.475240707397460938e+00,-5.284661769866943359e+00,-4.019617557525634766e+00,-5.336804866790771484e+00,1.018592357635498047e+01
-4.753423690795898438e+00,-4.440954685211181641e+00,-9.982046127319335938e+00,-5.647557735443115234e+00,-8.492256164550781250e+00,-5.332709789276123047e+00,-4.080197334289550781e+00,-5.372116088867187500e+00,1.019611072540283203e+01
-4.748878002166748047e+00,-4.436097145080566406e+00,-9.999358177185058594e+00,-5.648687839508056641e+00,-8.492568969726562500e+00,-5.270251750946044922e+00,-4.091477394104003906e+00,-5.356970787048339844e+00,1.014574241638183594e+01
-4.792012214660644531e+00,-4.451384544372558594e+00,-9.981460571289062500e+00,-5.636472225189208984e+00,-8.500379562377929688e+00,-5.396363735198974609e+00,-4.100236892700195312e+00,-5.499330043792724609e+00,1.024929046630859375e+01
-3.932612895965576172e+00,-3.350573062896728516e+00,-9.493739128112792969e+00,-4.278576850891113281e+00,-7.739547729492187500e+00,-4.476424217224121094e+00,-4.491121292114257812e+00,-4.784162521362304688e+00,9.680544853210449219e+00
-4.062316894531250000e+00,-3.310798645019531250e+00,-9.573866844177246094e+00,-4.248718261718750000e+00,-7.790896415710449219e+00,-4.568081378936767578e+00,-4.425121307373046875e+00,-4.947615623474121094e+00,9.734706878662109375e+00
-4.746611595153808594e+00,-3.407160282135009766e+00,-1.052399826049804688e+01,-4.128825187683105469e+00,-7.724069595336914062e+00,-4.769146919250488281e+00,-4.158938407897949219e+00,-5.615717887878417969e+00,9.963035583496093750e+00
-4.009401798248291016e+00,-3.291581153869628906e+00,-9.472381591796875000e+00,-4.254459857940673828e+00,-7.799357414245605469e+00,-4.535677909851074219e+00,-4.466495037078857422e+00,-4.901818275451660156e+00,9.689223289489746094e+00
-4.616141319274902344e+00,-3.328657150268554688e+00,-1.042722034454345703e+01,-4.082297325134277344e+00,-7.822271347045898438e+00,-4.762097835540771484e+00,-4.038861751556396484e+00,-5.621892929077148438e+00,9.888607978820800781e+00
-4.111652374267578125e+00,-3.299685001373291016e+00,-9.653312683105468750e+00,-4.207656383514404297e+00,-7.773859977722167969e+00,-4.623819828033447266e+00,-4.447834968566894531e+00,-4.966489315032958984e+00,9.773893356323242188e+00
-3.950196743011474609e+00,-3.327975273132324219e+00,-9.462509155273437500e+00,-4.258051872253417969e+00,-7.776903152465820312e+00,-4.557879447937011719e+00,-4.463275909423828125e+00,-4.845687389373779297e+00,9.699649810791015625e+00
-4.540154933929443359e+00,-3.382764816284179688e+00,-1.040020275115966797e+01,-4.175918102264404297e+00,-7.798067092895507812e+00,-4.863564968109130859e+00,-4.209954738616943359e+00,-5.472043991088867188e+00,9.945466995239257812e+00
-3.964909791946411133e+00,-3.294198513031005859e+00,-9.470783233642578125e+00,-4.244479656219482422e+00,-7.776040077209472656e+00,-4.528287410736083984e+00,-4.440169811248779297e+00,-4.880954265594482422e+00,9.694824218750000000e+00
-4.409232139587402344e+00,-3.374483585357666016e+00,-1.044188499450683594e+01,-4.072992324829101562e+00,-7.687890052795410156e+00,-4.832143783569335938e+00,-4.110989093780517578e+00,-5.517942905426025391e+00,9.888895034790039062e+00
-3.597625732421875000e+00,-2.809729099273681641e+00,-1.008436679840087891e+01,-2.601164340972900391e+00,-6.813123703002929688e+00,-4.565417289733886719e+00,-3.139050722122192383e+00,-5.465941905975341797e+00,9.858262062072753906e+00
-3.829319238662719727e+00,-2.941281318664550781e+00,-9.619403839111328125e+00,-3.088037490844726562e+00,-7.204421043395996094e+00,-4.904109954833984375e+00,-3.835997819900512695e+00,-5.392457008361816406e+00,9.952520370483398438e+00
-3.804950714111328125e+00,-2.688438892364501953e+00,-9.444740295410156250e+00,-2.852788448333740234e+00,-7.001050949096679688e+00,-4.644271373748779297e+00,-3.625689268112182617e+00,-5.244894027709960938e+00,9.964763641357421875e+00
-2.666498184204101562e+00,-2.403709888458251953e+00,-8.822612762451171875e+00,-1.988959193229675293e+00,-6.091352462768554688e+00,-3.630056619644165039e+00,-2.503289699554443359e+00,-4.547642707824707031e+00,9.860123634338378906e+00
-2.259561300277709961e+00,-2.100272655487060547e+00,-8.858742713928222656e+00,-1.403233170509338379e+00,-5.682660102844238281e+00,-3.362314462661743164e+00,-1.731596112251281738e+00,-4.114897251129150391e+00,9.684411048889160156e+00
-3.470650196075439453e+00,-2.707461833953857422e+00,-9.238176345825195312e+00,-2.683268070220947266e+00,-6.661641120910644531e+00,-4.350049018859863281e+00,-3.376623868942260742e+00,-4.978626728057861328e+00,1.000982379913330078e+01
-3.297039747238159180e+00,-2.359014272689819336e+00,-9.450885772705078125e+00,-2.150295734405517578e+00,-6.329080581665039062e+00,-4.150115966796875000e+00,-2.679501056671142578e+00,-5.079665184020996094e+00,9.898571968078613281e+00
-3.347845077514648438e+00,-2.327007770538330078e+00,-9.123713493347167969e+00,-2.307068824768066406e+00,-6.437485694885253906e+00,-4.100073337554931641e+00,-3.021932363510131836e+00,-4.918085098266601562e+00,9.869663238525390625e+00
-3.294207334518432617e+00,-2.282942771911621094e+00,-9.416006088256835938e+00,-2.060327529907226562e+00,-6.243436813354492188e+00,-4.028404235839843750e+00,-2.661426067352294922e+00,-4.987538814544677734e+00,9.855691909790039062e+00
-3.354916334152221680e+00,-2.426970005035400391e+00,-9.177009582519531250e+00,-2.351932525634765625e+00,-6.429406166076660156e+00,-4.021380424499511719e+00,-3.073673009872436523e+00,-4.916180133819580078e+00,9.935325622558593750e+00
-2.833889245986938477e+00,-4.149685382843017578e+00,-9.677422523498535156e+00,-2.396682977676391602e+00,-5.939547538757324219e+00,-2.504629135131835938e+00,-3.202944040298461914e+00,-3.868462800979614258e+00,1.027962207794189453e+01
-2.892493963241577148e+00,-4.136390686035156250e+00,-9.759535789489746094e+00,-2.434787034988403320e+00,-5.948274612426757812e+00,-2.558471679687500000e+00,-3.212532043457031250e+00,-3.881442070007324219e+00,1.026395130157470703e+01
-2.883921861648559570e+00,-3.923678874969482422e+00,-9.812695503234863281e+00,-2.412529945373535156e+00,-5.877105712890625000e+00,-2.621196746826171875e+00,-3.081659555435180664e+00,-3.909483909606933594e+00,1.017854976654052734e+01
-2.804856538772583008e+00,-3.978431224822998047e+00,-9.830152511596679688e+00,-2.298539638519287109e+00,-5.865052223205566406e+00,-2.482635974884033203e+00,-3.041366577148437500e+00,-3.857848644256591797e+00,1.023297977447509766e+01
-2.790731668472290039e+00,-4.117789268493652344e+00,-9.785922050476074219e+00,-2.338472604751586914e+00,-5.911273956298828125e+00,-2.465623378753662109e+00,-3.151543855667114258e+00,-3.835052967071533203e+00,1.025902843475341797e+01
-2.801939249038696289e+00,-3.973356246948242188e+00,-9.986584663391113281e+00,-2.312280654907226562e+00,-5.836280822753906250e+00,-2.440469741821289062e+00,-3.040080308914184570e+00,-3.835239171981811523e+00,1.022114944458007812e+01
-2.825325965881347656e+00,-3.984434604644775391e+00,-9.902553558349609375e+00,-2.334255695343017578e+00,-5.865885734558105469e+00,-2.482018709182739258e+00,-3.051771640777587891e+00,-3.867526054382324219e+00,1.022133541107177734e+01
-2.914294958114624023e+00,-3.944232463836669922e+00,-9.783153533935546875e+00,-2.480453968048095703e+00,-5.959179878234863281e+00,-2.661241769790649414e+00,-3.111054420471191406e+00,-3.852764368057250977e+00,1.017261028289794922e+01
-2.997234582901000977e+00,-3.784763813018798828e+00,-9.724554061889648438e+00,-2.566277980804443359e+00,-5.985846519470214844e+00,-2.849479913711547852e+00,-3.125824928283691406e+00,-3.983746767044067383e+00,1.010685062408447266e+01
-2.965435266494750977e+00,-3.924185276031494141e+00,-9.860308647155761719e+00,-2.478058338165283203e+00,-5.918217658996582031e+00,-2.645763874053955078e+00,-3.113616228103637695e+00,-3.888739585876464844e+00,1.019149112701416016e+01
-3.732551813125610352e+00,-3.183501243591308594e+00,-9.610602378845214844e+00,-3.017576217651367188e+00,-6.723814964294433594e+00,-3.126650571823120117e+00,-2.920853137969970703e+00,-4.866144180297851562e+00,9.610695838928222656e+00
-3.585266828536987305e+00,-3.267627716064453125e+00,-9.471304893493652344e+00,-3.535161972045898438e+00,-7.181073188781738281e+00,-3.616955518722534180e+00,-3.738723039627075195e+00,-4.801915168762207031e+00,9.919897079467773438e+00
-3.318165063858032227e+00,-4.041860103607177734e+00,-9.507331848144531250e+00,-3.527521133422851562e+00,-7.510207176208496094e+00,-3.893350362777709961e+00,-4.346096038818359375e+00,-4.655025959014892578e+00,9.998242378234863281e+00
-3.106761693954467773e+00,-4.463015556335449219e+00,-9.164690971374511719e+00,-4.273152351379394531e+00,-8.294701576232910156e+00,-4.967004299163818359e+00,-5.552257537841796875e+00,-4.609420776367187500e+00,1.029166412353515625e+01
-2.854243755340576172e+00,-4.710135459899902344e+00,-8.868336677551269531e+00,-4.292294502258300781e+00,-8.556301116943359375e+00,-5.096305847167968750e+00,-6.034774780273437500e+00,-4.546523571014404297e+00,1.041801834106445312e+01
-2.625798463821411133e+00,-5.122189044952392578e+00,-8.647607803344726562e+00,-4.441593647003173828e+00,-8.827549934387207031e+00,-5.447368621826171875e+00,-6.551939487457275391e+00,-4.479690074920654297e+00,1.048867416381835938e+01
-3.044196844100952148e+00,-3.476260662078857422e+00,-9.045774459838867188e+00,-3.416799545288085938e+00,-7.376240730285644531e+00,-3.904029846191406250e+00,-4.226058959960937500e+00,-4.719373226165771484e+00,1.023540687561035156e+01
-2.808923482894897461e+00,-4.604757785797119141e+00,-8.908038139343261719e+00,-4.078252792358398438e+00,-8.361138343811035156e+00,-4.849091529846191406e+00,-5.772558689117431641e+00,-4.492928504943847656e+00,1.041452217102050781e+01
-3.306406497955322266e+00,-2.956713676452636719e+00,-9.309043884277343750e+00,-3.160512447357177734e+00,-6.964906692504882812e+00,-3.465494632720947266e+00,-3.464784383773803711e+00,-4.848088264465332031e+00,9.989414215087890625e+00
-3.042047977447509766e+00,-4.027799606323242188e+00,-9.050844192504882812e+00,-3.897983074188232422e+00,-7.932596206665039062e+00,-4.472160339355468750e+00,-4.968482017517089844e+00,-4.565861701965332031e+00,1.037619018554687500e+01
-3.530436277389526367e+00,-3.772863388061523438e+00,-1.028758525848388672e+01,-3.198434352874755859e+00,-6.601974487304687500e+00,-3.577003955841064453e+00,-3.154628515243530273e+00,-4.345147132873535156e+00,9.622581481933593750e+00
-3.709217786788940430e+00,-3.648522853851318359e+00,-1.018323898315429688e+01,-3.171825408935546875e+00,-6.528681755065917969e+00,-3.395574808120727539e+00,-2.948118686676025391e+00,-4.488511562347412109e+00,9.851904869079589844e+00
-3.273472309112548828e+00,-3.294882297515869141e+00,-1.021584320068359375e+01,-2.839605331420898438e+00,-6.352108955383300781e+00,-3.502358198165893555e+00,-2.764882802963256836e+00,-4.531456470489501953e+00,9.657917022705078125e+00
-3.342231035232543945e+00,-3.502912521362304688e+00,-1.001022243499755859e+01,-2.949320793151855469e+00,-6.408116340637207031e+00,-3.376667022705078125e+00,-2.893634557723999023e+00,-4.456861972808837891e+00,9.670904159545898438e+00
-3.229714155197143555e+00,-4.000183105468750000e+00,-9.589959144592285156e+00,-3.203328609466552734e+00,-6.871671676635742188e+00,-3.716462850570678711e+00,-3.485710382461547852e+00,-4.193340778350830078e+00,1.019392395019531250e+01
-3.234128713607788086e+00,-2.667980194091796875e+00,-9.877526283264160156e+00,-2.259132146835327148e+00,-6.256862640380859375e+00,-2.936931848526000977e+00,-2.083194255828857422e+00,-4.967127323150634766e+00,9.717870712280273438e+00
-3.635507583618164062e+00,-4.488184928894042969e+00,-1.010438060760498047e+01,-3.647562503814697266e+00,-7.115178108215332031e+00,-4.119999885559082031e+00,-3.798843860626220703e+00,-4.238797187805175781e+00,9.506295204162597656e+00
-3.059275627136230469e+00,-2.596901893615722656e+00,-9.755299568176269531e+00,-2.184150218963623047e+00,-6.060325622558593750e+00,-2.952411890029907227e+00,-2.104530572891235352e+00,-4.914000988006591797e+00,9.701267242431640625e+00
-3.145953655242919922e+00,-3.431935310363769531e+00,-9.665156364440917969e+00,-2.848429203033447266e+00,-6.238485336303710938e+00,-3.723061800003051758e+00,-2.766421794891357422e+00,-4.375133037567138672e+00,1.005613422393798828e+01
-2.984546184539794922e+00,-2.564622879028320312e+00,-9.710020065307617188e+00,-2.202776432037353516e+00,-5.998811721801757812e+00,-3.080978870391845703e+00,-2.109862804412841797e+00,-4.824379444122314453e+00,9.813264846801757812e+00
-3.352877378463745117e+00,-4.574081897735595703e+00,-9.978833198547363281e+00,-4.292557716369628906e+00,-7.321021080017089844e+00,-4.880313396453857422e+00,-4.861575126647949219e+00,-3.662302732467651367e+00,9.697405815124511719e+00
-3.299571037292480469e+00,-4.251668453216552734e+00,-1.033303356170654297e+01,-4.065162181854248047e+00,-6.704311370849609375e+00,-4.952332019805908203e+00,-4.536109924316406250e+00,-4.234797000885009766e+00,9.594072341918945312e+00
-3.307849884033203125e+00,-4.266697883605957031e+00,-1.028846263885498047e+01,-3.980008602142333984e+00,-6.806789398193359375e+00,-4.858860969543457031e+00,-4.396556854248046875e+00,-4.043343067169189453e+00,9.624157905578613281e+00
-3.719078540802001953e+00,-4.682131290435791016e+00,-1.039647006988525391e+01,-3.796844482421875000e+00,-7.262493133544921875e+00,-3.855879068374633789e+00,-4.183877944946289062e+00,-3.853793382644653320e+00,9.971319198608398438e+00
-3.580717563629150391e+00,-4.506789684295654297e+00,-9.916131973266601562e+00,-3.669596195220947266e+00,-7.126413345336914062e+00,-3.716365337371826172e+00,-4.229764461517333984e+00,-3.615473985671997070e+00,1.019441127777099609e+01
-3.722802877426147461e+00,-5.097775936126708984e+00,-1.007224369049072266e+01,-4.208916664123535156e+00,-7.951221466064453125e+00,-4.555717945098876953e+00,-5.338334083557128906e+00,-4.005579948425292969e+00,1.007960510253906250e+01
-3.555110692977905273e+00,-4.664679050445556641e+00,-1.027106857299804688e+01,-3.498776912689208984e+00,-6.914432525634765625e+00,-3.558279752731323242e+00,-3.945850133895874023e+00,-3.704528093338012695e+00,1.001424598693847656e+01
-3.097803831100463867e+00,-3.750461101531982422e+00,-1.007030868530273438e+01,-2.642986297607421875e+00,-6.258474349975585938e+00,-3.264435768127441406e+00,-2.931340932846069336e+00,-4.161646842956542969e+00,9.751538276672363281e+00
-3.897956371307373047e+00,-4.382005214691162109e+00,-1.021693038940429688e+01,-3.372269630432128906e+00,-6.985674858093261719e+00,-3.431101083755493164e+00,-3.594697713851928711e+00,-4.149099826812744141e+00,9.712304115295410156e+00
-3.586621522903442383e+00,-4.832823753356933594e+00,-9.842336654663085938e+00,-3.821490287780761719e+00,-7.608627319335937500e+00,-4.375074386596679688e+00,-4.840291976928710938e+00,-4.047124862670898438e+00,1.021908664703369141e+01
-2.768204927444458008e+00,-2.803614616394042969e+00,-9.844512939453125000e+00,-1.950597167015075684e+00,-5.857925415039062500e+00,-3.163593053817749023e+00,-2.098010778427124023e+00,-4.516499042510986328e+00,9.788640975952148438e+00
-2.990209102630615234e+00,-2.906782627105712891e+00,-9.776079177856445312e+00,-2.130431652069091797e+00,-5.837662696838378906e+00,-3.207068681716918945e+00,-2.613235712051391602e+00,-4.532819747924804688e+00,9.905232429504394531e+00
-2.792649507522583008e+00,-2.688842773437500000e+00,-9.830705642700195312e+00,-1.896322488784790039e+00,-5.801604270935058594e+00,-3.172823667526245117e+00,-2.170319557189941406e+00,-4.513736724853515625e+00,9.795351028442382812e+00
-2.815174102783203125e+00,-2.924440383911132812e+00,-9.626025199890136719e+00,-2.016179084777832031e+00,-5.813038825988769531e+00,-3.076111793518066406e+00,-2.499457597732543945e+00,-4.366988658905029297e+00,9.918740272521972656e+00
-2.706565618515014648e+00,-3.234956741333007812e+00,-9.615690231323242188e+00,-2.041311025619506836e+00,-5.796367645263671875e+00,-2.846918106079101562e+00,-2.612609624862670898e+00,-4.108222961425781250e+00,1.000197982788085938e+01
-2.602390527725219727e+00,-3.176846981048583984e+00,-9.611182212829589844e+00,-1.953696966171264648e+00,-5.721899986267089844e+00,-2.839952468872070312e+00,-2.456620693206787109e+00,-4.043367385864257812e+00,9.979169845581054688e+00
-2.699926376342773438e+00,-2.719327926635742188e+00,-9.838715553283691406e+00,-1.890792489051818848e+00,-5.708225250244140625e+00,-3.080720663070678711e+00,-2.085244417190551758e+00,-4.407914638519287109e+00,9.804844856262207031e+00
-2.608959674835205078e+00,-2.991419792175292969e+00,-9.483418464660644531e+00,-1.889165163040161133e+00,-5.698219299316406250e+00,-2.896029949188232422e+00,-2.394732236862182617e+00,-4.053574562072753906e+00,9.934214591979980469e+00
-2.761176109313964844e+00,-3.553487777709960938e+00,-9.646930694580078125e+00,-2.289819717407226562e+00,-5.797108650207519531e+00,-2.842981338500976562e+00,-2.814945220947265625e+00,-3.891199827194213867e+00,1.009354591369628906e+01
-2.572692155838012695e+00,-3.033294677734375000e+00,-9.382237434387207031e+00,-1.877676010131835938e+00,-5.720346450805664062e+00,-2.876752376556396484e+00,-2.455772638320922852e+00,-3.993848800659179688e+00,9.937496185302734375e+00
-3.530655384063720703e+00,-3.055699348449707031e+00,-1.042538642883300781e+01,-2.633715629577636719e+00,-6.250186920166015625e+00,-4.154701232910156250e+00,-3.040318727493286133e+00,-5.182117938995361328e+00,9.859892845153808594e+00
-3.363766431808471680e+00,-2.770947933197021484e+00,-9.843627929687500000e+00,-2.435319185256958008e+00,-6.142157554626464844e+00,-3.862973928451538086e+00,-2.859307289123535156e+00,-5.006552696228027344e+00,9.835636138916015625e+00
-3.278807401657104492e+00,-2.681779384613037109e+00,-1.003714179992675781e+01,-2.232191085815429688e+00,-6.065585136413574219e+00,-3.751478195190429688e+00,-2.429256200790405273e+00,-5.060386180877685547e+00,9.790569305419921875e+00
-3.205561637878417969e+00,-2.696231365203857422e+00,-9.437899589538574219e+00,-2.346828937530517578e+00,-6.146527290344238281e+00,-3.761031866073608398e+00,-2.856787919998168945e+00,-4.801709175109863281e+00,9.835340499877929688e+00
-3.335129499435424805e+00,-2.791904926300048828e+00,-9.839292526245117188e+00,-2.434401988983154297e+00,-6.146371841430664062e+00,-3.882039785385131836e+00,-2.900613307952880859e+00,-5.012908458709716797e+00,9.867507934570312500e+00
-3.228833913803100586e+00,-2.789512157440185547e+00,-9.539513587951660156e+00,-2.462548732757568359e+00,-6.163093566894531250e+00,-3.828533649444580078e+00,-2.947484016418457031e+00,-4.869895935058593750e+00,9.884394645690917969e+00
-3.687488317489624023e+00,-3.105135440826416016e+00,-9.768527984619140625e+00,-3.213175296783447266e+00,-6.827406883239746094e+00,-4.485125541687011719e+00,-3.641105413436889648e+00,-5.129822254180908203e+00,9.947572708129882812e+00
-3.395198106765747070e+00,-2.897906303405761719e+00,-9.928576469421386719e+00,-2.517582416534423828e+00,-6.193132400512695312e+00,-4.000942707061767578e+00,-3.026351690292358398e+00,-5.069974899291992188e+00,9.927134513854980469e+00
-3.392234563827514648e+00,-2.929581165313720703e+00,-9.906161308288574219e+00,-2.607834577560424805e+00,-6.238791465759277344e+00,-4.123724937438964844e+00,-3.075834989547729492e+00,-5.055309295654296875e+00,9.927529335021972656e+00
-3.279415369033813477e+00,-2.835187911987304688e+00,-9.841672897338867188e+00,-2.482190370559692383e+00,-6.109264373779296875e+00,-3.958925962448120117e+00,-2.857547521591186523e+00,-4.918867111206054688e+00,9.875835418701171875e+00
-3.184317111968994141e+00,-2.703802108764648438e+00,-1.029808330535888672e+01,-2.172283172607421875e+00,-6.067115783691406250e+00,-3.023536443710327148e+00,-2.077041149139404297e+00,-4.933505535125732422e+00,9.659259796142578125e+00
-3.382054567337036133e+00,-2.644253253936767578e+00,-9.654869079589843750e+00,-2.306140661239624023e+00,-6.142099380493164062e+00,-3.519112825393676758e+00,-2.908993244171142578e+00,-4.971538066864013672e+00,9.743295669555664062e+00
-3.188951492309570312e+00,-2.643373966217041016e+00,-1.031918716430664062e+01,-2.125055074691772461e+00,-6.048673629760742188e+00,-3.075582027435302734e+00,-2.110008478164672852e+00,-4.939323425292968750e+00,9.665388107299804688e+00
-3.444581985473632812e+00,-2.670366287231445312e+00,-1.006939697265625000e+01,-2.302268028259277344e+00,-6.114586830139160156e+00,-3.515725374221801758e+00,-2.801763057708740234e+00,-5.122502803802490234e+00,9.744214057922363281e+00
-3.154870748519897461e+00,-2.817211151123046875e+00,-9.953149795532226562e+00,-2.170428037643432617e+00,-5.874364852905273438e+00,-3.141163587570190430e+00,-2.599771261215209961e+00,-4.718513488769531250e+00,9.800256729125976562e+00
-3.245905637741088867e+00,-2.821091651916503906e+00,-9.735098838806152344e+00,-2.227511882781982422e+00,-6.024302482604980469e+00,-3.294951677322387695e+00,-2.830728530883789062e+00,-4.785838127136230469e+00,9.818717956542968750e+00
-3.317404508590698242e+00,-2.719773769378662109e+00,-1.034927845001220703e+01,-2.256995201110839844e+00,-6.203176498413085938e+00,-3.298046112060546875e+00,-2.414137840270996094e+00,-5.106492519378662109e+00,9.667233467102050781e+00
-3.142892122268676758e+00,-2.834823131561279297e+00,-1.003481960296630859e+01,-2.161081314086914062e+00,-5.972079277038574219e+00,-3.192690849304199219e+00,-2.555063247680664062e+00,-4.845822811126708984e+00,9.814469337463378906e+00
-3.591044425964355469e+00,-3.086224555969238281e+00,-1.010947132110595703e+01,-2.539357900619506836e+00,-6.188954353332519531e+00,-3.480520009994506836e+00,-3.196220874786376953e+00,-4.982893943786621094e+00,9.929685592651367188e+00
-3.478790760040283203e+00,-2.977082729339599609e+00,-9.532018661499023438e+00,-2.535788297653198242e+00,-6.370441436767578125e+00,-3.574065685272216797e+00,-3.274472713470458984e+00,-4.821398735046386719e+00,9.899188041687011719e+00
-3.749168395996093750e+00,-2.841114044189453125e+00,-9.940202713012695312e+00,-2.881164550781250000e+00,-6.939022064208984375e+00,-4.464057445526123047e+00,-3.357140541076660156e+00,-5.502405643463134766e+00,9.802804946899414062e+00
-3.863203525543212891e+00,-3.042723655700683594e+00,-1.023010540008544922e+01,-3.084545135498046875e+00,-7.127938270568847656e+00,-4.735004425048828125e+00,-3.469119787216186523e+00,-5.654678821563720703e+00,9.803615570068359375e+00
-3.920914411544799805e+00,-2.832773685455322266e+00,-9.810878753662109375e+00,-3.082998275756835938e+00,-7.134379386901855469e+00,-4.608452796936035156e+00,-3.597923994064331055e+00,-5.419614315032958984e+00,9.783971786499023438e+00
-3.743130922317504883e+00,-2.854576110839843750e+00,-9.564877510070800781e+00,-2.969948768615722656e+00,-6.978605270385742188e+00,-4.561042308807373047e+00,-3.658163070678710938e+00,-5.206742763519287109e+00,9.847561836242675781e+00
-3.588330030441284180e+00,-2.682664871215820312e+00,-9.467023849487304688e+00,-2.680412530899047852e+00,-6.768981933593750000e+00,-4.271168708801269531e+00,-3.451679706573486328e+00,-5.104665279388427734e+00,9.813040733337402344e+00
-3.668406009674072266e+00,-2.802467346191406250e+00,-9.863841056823730469e+00,-2.780849933624267578e+00,-6.774801254272460938e+00,-4.383804321289062500e+00,-3.328420162200927734e+00,-5.343513488769531250e+00,9.844890594482421875e+00
-3.509827375411987305e+00,-2.712120056152343750e+00,-9.817346572875976562e+00,-2.537830114364624023e+00,-6.500997543334960938e+00,-4.186244964599609375e+00,-3.168683290481567383e+00,-5.304115772247314453e+00,9.859435081481933594e+00
-3.442937135696411133e+00,-2.616134643554687500e+00,-9.579870223999023438e+00,-2.481766223907470703e+00,-6.510589599609375000e+00,-4.095351219177246094e+00,-3.060073375701904297e+00,-5.225511550903320312e+00,9.801367759704589844e+00
-3.707869291305541992e+00,-2.815776348114013672e+00,-9.902790069580078125e+00,-2.812401294708251953e+00,-6.729806900024414062e+00,-4.342341899871826172e+00,-3.341604948043823242e+00,-5.347903251647949219e+00,9.835861206054687500e+00
-3.541340112686157227e+00,-2.861592292785644531e+00,-1.021350574493408203e+01,-2.550763368606567383e+00,-6.506409645080566406e+00,-4.160542488098144531e+00,-3.011245965957641602e+00,-5.444035530090332031e+00,9.820210456848144531e+00
-4.174205780029296875e+00,-5.567363262176513672e+00,-1.006509590148925781e+01,-6.416915416717529297e+00,-8.335479736328125000e+00,-6.628382205963134766e+00,-7.673433303833007812e+00,-4.377690792083740234e+00,8.746932029724121094e+00
-3.977593421936035156e+00,-5.661349296569824219e+00,-9.957644462585449219e+00,-6.146506309509277344e+00,-8.022833824157714844e+00,-6.733799457550048828e+00,-7.241639614105224609e+00,-3.681136369705200195e+00,8.813843727111816406e+00
-3.913081169128417969e+00,-5.683531284332275391e+00,-9.925769805908203125e+00,-6.163798332214355469e+00,-8.123890876770019531e+00,-6.763601779937744141e+00,-7.264723300933837891e+00,-3.624693870544433594e+00,8.798864364624023438e+00
-4.116701602935791016e+00,-5.427701473236083984e+00,-1.017691516876220703e+01,-6.475479125976562500e+00,-8.525452613830566406e+00,-6.351461410522460938e+00,-7.320185184478759766e+00,-4.700770854949951172e+00,8.921572685241699219e+00
-3.657446861267089844e+00,-5.741924285888671875e+00,-9.819865226745605469e+00,-6.367229938507080078e+00,-8.777244567871093750e+00,-6.337727546691894531e+00,-7.263037681579589844e+00,-3.751275777816772461e+00,8.987916946411132812e+00
-3.880805730819702148e+00,-5.753834724426269531e+00,-9.900205612182617188e+00,-6.305849075317382812e+00,-8.387088775634765625e+00,-6.591217994689941406e+00,-7.394927024841308594e+00,-3.697412014007568359e+00,8.811663627624511719e+00
-4.031996250152587891e+00,-5.675712585449218750e+00,-9.854779243469238281e+00,-6.169047355651855469e+00,-7.907277107238769531e+00,-7.095087528228759766e+00,-7.506085872650146484e+00,-3.712184429168701172e+00,8.618206977844238281e+00
-3.894654989242553711e+00,-5.699394702911376953e+00,-9.938234329223632812e+00,-6.254891872406005859e+00,-8.328073501586914062e+00,-6.640684604644775391e+00,-7.387086868286132812e+00,-3.734960794448852539e+00,8.842424392700195312e+00
-4.026436328887939453e+00,-5.699411392211914062e+00,-9.752166748046875000e+00,-6.315981864929199219e+00,-8.178890228271484375e+00,-6.893753528594970703e+00,-7.743317604064941406e+00,-3.847547531127929688e+00,8.540568351745605469e+00
-4.106773853302001953e+00,-5.607030391693115234e+00,-9.943251609802246094e+00,-6.436979770660400391e+00,-8.384549140930175781e+00,-6.850999832153320312e+00,-7.854689121246337891e+00,-4.246848106384277344e+00,8.645064353942871094e+00
-4.521993637084960938e+00,-4.028718471527099609e+00,-1.111272811889648438e+01,-5.472408771514892578e+00,-8.114107131958007812e+00,-4.643274784088134766e+00,-5.622027397155761719e+00,-2.029272556304931641e+00,9.696316719055175781e+00
-4.594244956970214844e+00,-4.012834548950195312e+00,-1.116930198669433594e+01,-5.312826633453369141e+00,-7.901741981506347656e+00,-4.254737854003906250e+00,-5.395635604858398438e+00,-1.806997776031494141e+00,9.641171455383300781e+00
-3.681782007217407227e+00,-3.283672809600830078e+00,-1.030472564697265625e+01,-3.181662082672119141e+00,-6.693120002746582031e+00,-4.745147228240966797e+00,-3.629470825195312500e+00,-5.050181388854980469e+00,9.808689117431640625e+00
-4.590541362762451172e+00,-4.074041843414306641e+00,-1.119733524322509766e+01,-5.524386882781982422e+00,-8.165963172912597656e+00,-4.865007400512695312e+00,-5.765257358551025391e+00,-2.219548463821411133e+00,9.738492012023925781e+00
-4.217020988464355469e+00,-4.195342540740966797e+00,-1.084380912780761719e+01,-4.962773323059082031e+00,-7.635487556457519531e+00,-4.275350570678710938e+00,-5.035677433013916016e+00,-2.118105173110961914e+00,9.538987159729003906e+00
-3.659444570541381836e+00,-2.931208610534667969e+00,-9.759348869323730469e+00,-2.934303760528564453e+00,-6.707105636596679688e+00,-4.605176925659179688e+00,-3.494087696075439453e+00,-5.098048686981201172e+00,9.878797531127929688e+00
-4.049026012420654297e+00,-4.396432399749755859e+00,-1.051760482788085938e+01,-4.596497058868408203e+00,-7.427144050598144531e+00,-4.237296581268310547e+00,-4.653292179107666016e+00,-2.885262966156005859e+00,9.404841423034667969e+00
-4.595902919769287109e+00,-4.143436908721923828e+00,-1.117374038696289062e+01,-5.098094940185546875e+00,-7.658452033996582031e+00,-4.128165721893310547e+00,-5.064445018768310547e+00,-2.163554191589355469e+00,9.636693000793457031e+00
-4.222751617431640625e+00,-4.298011779785156250e+00,-1.079401969909667969e+01,-4.812437057495117188e+00,-7.525900840759277344e+00,-4.278626441955566406e+00,-4.875665187835693359e+00,-2.669870853424072266e+00,9.475211143493652344e+00
-2.794308185577392578e+00,-2.386817932128906250e+00,-9.055299758911132812e+00,-1.927961945533752441e+00,-5.932685852050781250e+00,-3.634587049484252930e+00,-2.355019569396972656e+00,-4.392723560333251953e+00,9.778313636779785156e+00
-3.134011983871459961e+00,-2.847400188446044922e+00,-9.722720146179199219e+00,-2.503825902938842773e+00,-6.053279876708984375e+00,-3.820162296295166016e+00,-2.788023233413696289e+00,-4.889163494110107422e+00,9.891578674316406250e+00
-2.727945089340209961e+00,-2.734175205230712891e+00,-9.700586318969726562e+00,-2.042455196380615234e+00,-5.723508834838867188e+00,-3.282236099243164062e+00,-2.070297718048095703e+00,-4.529978275299072266e+00,9.818459510803222656e+00
-2.529166221618652344e+00,-2.513267993927001953e+00,-9.367152214050292969e+00,-1.733475923538208008e+00,-5.606589317321777344e+00,-3.151675701141357422e+00,-1.995403289794921875e+00,-4.244616985321044922e+00,9.792049407958984375e+00
-2.460041999816894531e+00,-3.303379535675048828e+00,-9.265148162841796875e+00,-1.988463878631591797e+00,-5.587996482849121094e+00,-2.832459211349487305e+00,-2.565728187561035156e+00,-3.860543489456176758e+00,1.002776241302490234e+01
-2.439909219741821289e+00,-3.204913139343261719e+00,-9.275511741638183594e+00,-1.885781168937683105e+00,-5.553443908691406250e+00,-2.860447406768798828e+00,-2.459825277328491211e+00,-3.841031074523925781e+00,9.966351509094238281e+00
-2.539126634597778320e+00,-2.657832622528076172e+00,-9.469684600830078125e+00,-1.803377151489257812e+00,-5.563665390014648438e+00,-3.097725629806518555e+00,-2.069077253341674805e+00,-4.186308860778808594e+00,9.843637466430664062e+00
-2.524608135223388672e+00,-3.067166328430175781e+00,-9.543739318847656250e+00,-1.861348748207092285e+00,-5.537632942199707031e+00,-2.853175640106201172e+00,-2.313494443893432617e+00,-3.958905220031738281e+00,9.951775550842285156e+00
-2.456549167633056641e+00,-3.477576255798339844e+00,-9.172891616821289062e+00,-2.031608581542968750e+00,-5.555133819580078125e+00,-2.793598651885986328e+00,-2.587643384933471680e+00,-3.776074171066284180e+00,1.001138210296630859e+01
-2.456344604492187500e+00,-3.435704708099365234e+00,-9.285632133483886719e+00,-1.999529480934143066e+00,-5.560527801513671875e+00,-2.777798414230346680e+00,-2.601398706436157227e+00,-3.805109262466430664e+00,1.004120731353759766e+01
-2.479811191558837891e+00,-3.512256622314453125e+00,-9.280803680419921875e+00,-2.090562343597412109e+00,-5.602705001831054688e+00,-2.736648559570312500e+00,-2.711559057235717773e+00,-3.818763494491577148e+00,1.008996486663818359e+01
-3.275355339050292969e+00,-2.975319862365722656e+00,-9.724987030029296875e+00,-2.498473405838012695e+00,-6.315789222717285156e+00,-3.730721712112426758e+00,-3.089614152908325195e+00,-5.127401828765869141e+00,9.898814201354980469e+00
-3.438854932785034180e+00,-2.809318065643310547e+00,-1.012624454498291016e+01,-2.397339820861816406e+00,-6.292580604553222656e+00,-3.996335983276367188e+00,-2.838917016983032227e+00,-5.303239822387695312e+00,9.833963394165039062e+00
-3.486892700195312500e+00,-3.018361568450927734e+00,-9.932251930236816406e+00,-2.665298700332641602e+00,-6.333965301513671875e+00,-4.049643039703369141e+00,-3.231488704681396484e+00,-5.079883098602294922e+00,9.997564315795898438e+00
-3.269207954406738281e+00,-2.493383407592773438e+00,-9.715514183044433594e+00,-2.144365787506103516e+00,-6.126473426818847656e+00,-3.729387998580932617e+00,-2.625543355941772461e+00,-5.079985618591308594e+00,9.805187225341796875e+00
-3.059755802154541016e+00,-2.582753658294677734e+00,-9.465127944946289062e+00,-2.139441728591918945e+00,-6.051897048950195312e+00,-3.638322830200195312e+00,-2.608878850936889648e+00,-4.861927986145019531e+00,9.853534698486328125e+00
-3.190528869628906250e+00,-2.550011634826660156e+00,-9.905662536621093750e+00,-2.064788103103637695e+00,-6.075419425964355469e+00,-3.761804819107055664e+00,-2.412145853042602539e+00,-5.070710659027099609e+00,9.782539367675781250e+00
-3.033490419387817383e+00,-2.642871379852294922e+00,-9.299456596374511719e+00,-2.155215501785278320e+00,-6.075359344482421875e+00,-3.485420942306518555e+00,-2.775061607360839844e+00,-4.732792854309082031e+00,9.857452392578125000e+00
-2.855667114257812500e+00,-2.590122222900390625e+00,-9.577115058898925781e+00,-1.952577352523803711e+00,-5.872263908386230469e+00,-3.342968940734863281e+00,-2.321048259735107422e+00,-4.664653301239013672e+00,9.809995651245117188e+00
-3.017338752746582031e+00,-3.045882701873779297e+00,-9.226531982421875000e+00,-2.400815486907958984e+00,-6.187253952026367188e+00,-3.408627748489379883e+00,-3.068140506744384766e+00,-4.511362552642822266e+00,1.000250148773193359e+01
-2.915067434310913086e+00,-2.593625068664550781e+00,-9.600026130676269531e+00,-1.986977219581604004e+00,-5.921666145324707031e+00,-3.387263774871826172e+00,-2.371157169342041016e+00,-4.745671749114990234e+00,9.832448959350585938e+00
-3.100295782089233398e+00,-2.893946170806884766e+00,-9.653438568115234375e+00,-2.610321521759033203e+00,-6.409220695495605469e+00,-4.347555637359619141e+00,-2.983485460281372070e+00,-5.007470607757568359e+00,9.890465736389160156e+00
-2.743826627731323242e+00,-2.902216911315917969e+00,-9.439862251281738281e+00,-2.496476173400878906e+00,-6.256798744201660156e+00,-4.165296077728271484e+00,-2.672873497009277344e+00,-4.789411544799804688e+00,9.798450469970703125e+00
-2.668689489364624023e+00,-3.069647312164306641e+00,-9.152623176574707031e+00,-2.497178554534912109e+00,-6.255791664123535156e+00,-3.910028457641601562e+00,-2.774546384811401367e+00,-4.677797794342041016e+00,9.874726295471191406e+00
-2.680647850036621094e+00,-3.292307853698730469e+00,-9.199054718017578125e+00,-2.698167562484741211e+00,-6.511542320251464844e+00,-3.953090906143188477e+00,-3.026764392852783203e+00,-4.862569332122802734e+00,9.849094390869140625e+00
-2.411032199859619141e+00,-2.684103012084960938e+00,-8.926991462707519531e+00,-2.094869136810302734e+00,-5.989624977111816406e+00,-3.596495151519775391e+00,-2.344462156295776367e+00,-4.467076778411865234e+00,9.815188407897949219e+00
-2.669792652130126953e+00,-3.386720180511474609e+00,-9.430051803588867188e+00,-2.827958106994628906e+00,-6.564273834228515625e+00,-4.065745353698730469e+00,-3.039627790451049805e+00,-4.887791633605957031e+00,9.748443603515625000e+00
-2.893930435180664062e+00,-3.009325981140136719e+00,-9.489958763122558594e+00,-2.487968444824218750e+00,-6.316356658935546875e+00,-4.017292022705078125e+00,-2.861660003662109375e+00,-4.794878959655761719e+00,9.892538070678710938e+00
-2.737238883972167969e+00,-3.062956809997558594e+00,-9.374233245849609375e+00,-2.509269952774047852e+00,-6.334456443786621094e+00,-3.979646921157836914e+00,-2.757971048355102539e+00,-4.763832092285156250e+00,9.834541320800781250e+00
-2.546378374099731445e+00,-3.017370700836181641e+00,-8.990048408508300781e+00,-2.414016246795654297e+00,-6.304231643676757812e+00,-3.695378065109252930e+00,-2.738957405090332031e+00,-4.702922344207763672e+00,9.833639144897460938e+00
-2.465994834899902344e+00,-3.503872871398925781e+00,-9.085158348083496094e+00,-2.593346357345581055e+00,-6.371042251586914062e+00,-3.376551866531372070e+00,-2.926428318023681641e+00,-4.655295372009277344e+00,9.861744880676269531e+00
-2.620416641235351562e+00,-3.742406368255615234e+00,-9.973684310913085938e+00,-3.375752925872802734e+00,-6.677534103393554688e+00,-4.031122684478759766e+00,-3.077346086502075195e+00,-3.980749368667602539e+00,9.729071617126464844e+00
-2.711793422698974609e+00,-3.866363048553466797e+00,-9.761728286743164062e+00,-3.298028469085693359e+00,-6.561844825744628906e+00,-3.879189252853393555e+00,-3.019654750823974609e+00,-3.760717630386352539e+00,9.835508346557617188e+00
-2.637176275253295898e+00,-3.779469966888427734e+00,-9.912033081054687500e+00,-3.354006290435791016e+00,-6.657558441162109375e+00,-3.984222173690795898e+00,-3.059377193450927734e+00,-3.873851776123046875e+00,9.815660476684570312e+00
-2.650071382522583008e+00,-3.860845565795898438e+00,-9.936041831970214844e+00,-3.402573108673095703e+00,-6.660381317138671875e+00,-4.000125408172607422e+00,-3.074015617370605469e+00,-3.826612949371337891e+00,9.788293838500976562e+00
-2.644987106323242188e+00,-3.796902179718017578e+00,-9.917275428771972656e+00,-3.369640827178955078e+00,-6.652029991149902344e+00,-3.983380317687988281e+00,-3.059952259063720703e+00,-3.796427965164184570e+00,9.776042938232421875e+00
-2.698978662490844727e+00,-3.970963001251220703e+00,-9.680957794189453125e+00,-3.347960472106933594e+00,-6.555266380310058594e+00,-3.878308534622192383e+00,-3.052296400070190430e+00,-3.704776048660278320e+00,9.724857330322265625e+00
-2.673167943954467773e+00,-4.039907455444335938e+00,-9.808787345886230469e+00,-3.229044914245605469e+00,-6.555375099182128906e+00,-3.780160427093505859e+00,-3.100157499313354492e+00,-3.746138095855712891e+00,9.939295768737792969e+00
-2.693263530731201172e+00,-3.894937515258789062e+00,-9.620368003845214844e+00,-3.207311153411865234e+00,-6.561680793762207031e+00,-3.755240440368652344e+00,-3.058297634124755859e+00,-3.757798194885253906e+00,9.894703865051269531e+00
-2.728826522827148438e+00,-3.980670452117919922e+00,-9.671811103820800781e+00,-3.147727489471435547e+00,-6.530512809753417969e+00,-3.714652299880981445e+00,-3.097872734069824219e+00,-3.863368749618530273e+00,1.006037807464599609e+01
-2.670068264007568359e+00,-4.117671012878417969e+00,-9.737510681152343750e+00,-3.161666870117187500e+00,-6.578976631164550781e+00,-3.666835069656372070e+00,-3.154069423675537109e+00,-3.831267833709716797e+00,1.006237316131591797e+01
-2.816094636917114258e+00,-2.498903512954711914e+00,-9.855206489562988281e+00,-1.969991683959960938e+00,-5.821929931640625000e+00,-3.182911634445190430e+00,-1.950094938278198242e+00,-4.727721691131591797e+00,9.760635375976562500e+00
-2.802801847457885742e+00,-2.363530635833740234e+00,-9.792298316955566406e+00,-1.776130080223083496e+00,-5.840045928955078125e+00,-2.997921466827392578e+00,-1.713595628738403320e+00,-4.743044853210449219e+00,9.755146026611328125e+00
-2.618390321731567383e+00,-2.428843975067138672e+00,-9.605531692504882812e+00,-1.696153163909912109e+00,-5.713408470153808594e+00,-3.092546701431274414e+00,-1.940093517303466797e+00,-4.422406196594238281e+00,9.827482223510742188e+00
-2.860907554626464844e+00,-2.545857906341552734e+00,-1.007511425018310547e+01,-1.896698236465454102e+00,-5.909668922424316406e+00,-3.207182645797729492e+00,-1.988191604614257812e+00,-4.756687641143798828e+00,9.799361228942871094e+00
-2.381114721298217773e+00,-2.763341426849365234e+00,-9.164909362792968750e+00,-1.714143276214599609e+00,-5.602006912231445312e+00,-2.966500520706176758e+00,-2.227789640426635742e+00,-3.954319000244140625e+00,9.890902519226074219e+00
-2.733735561370849609e+00,-2.734245300292968750e+00,-9.438921928405761719e+00,-1.905047297477722168e+00,-5.760601043701171875e+00,-3.015550851821899414e+00,-2.375025749206542969e+00,-4.373381137847900391e+00,9.896168708801269531e+00
-2.487522125244140625e+00,-3.246717453002929688e+00,-9.431010246276855469e+00,-1.938446760177612305e+00,-5.674524307250976562e+00,-2.738059759140014648e+00,-2.543741941452026367e+00,-3.953946352005004883e+00,1.006417560577392578e+01
-2.423031330108642578e+00,-2.626545906066894531e+00,-9.266670227050781250e+00,-1.644027948379516602e+00,-5.564361572265625000e+00,-3.011263608932495117e+00,-2.044216156005859375e+00,-4.067128658294677734e+00,9.889656066894531250e+00
-2.487499237060546875e+00,-3.536217212677001953e+00,-9.279761314392089844e+00,-2.023863315582275391e+00,-5.777881622314453125e+00,-2.650330066680908203e+00,-2.756801843643188477e+00,-3.842363357543945312e+00,1.013779258728027344e+01
-2.421980619430541992e+00,-3.156350135803222656e+00,-9.150444030761718750e+00,-1.921614885330200195e+00,-5.673197746276855469e+00,-2.853025674819946289e+00,-2.497794151306152344e+00,-3.910772085189819336e+00,9.998955726623535156e+00
-2.544523000717163086e+00,-3.770339488983154297e+00,-8.898427009582519531e+00,-3.195931434631347656e+00,-6.505207061767578125e+00,-3.726876497268676758e+00,-3.259105205535888672e+00,-3.908340692520141602e+00,9.605213165283203125e+00
-2.547259569168090820e+00,-3.835406303405761719e+00,-8.576872825622558594e+00,-3.213181495666503906e+00,-6.569288253784179688e+00,-3.784753561019897461e+00,-3.269303798675537109e+00,-3.922304391860961914e+00,9.735500335693359375e+00
-2.591023683547973633e+00,-3.829452991485595703e+00,-8.749505043029785156e+00,-3.173016071319580078e+00,-6.631255149841308594e+00,-3.645409345626831055e+00,-3.255473136901855469e+00,-3.855003356933593750e+00,9.688711166381835938e+00
-2.544604301452636719e+00,-3.803294181823730469e+00,-8.368626594543457031e+00,-3.264390468597412109e+00,-6.664933204650878906e+00,-3.773316383361816406e+00,-3.278880357742309570e+00,-3.886702299118041992e+00,9.658061981201171875e+00
-2.627151250839233398e+00,-3.864667892456054688e+00,-8.516680717468261719e+00,-3.341458320617675781e+00,-6.784454345703125000e+00,-3.759793996810913086e+00,-3.294541597366333008e+00,-3.822655916213989258e+00,9.600115776062011719e+00
-2.675273180007934570e+00,-3.950532913208007812e+00,-8.845432281494140625e+00,-3.275076389312744141e+00,-6.653980255126953125e+00,-3.761390209197998047e+00,-3.266090631484985352e+00,-3.826640844345092773e+00,9.615443229675292969e+00
-2.682821750640869141e+00,-3.953015327453613281e+00,-8.937392234802246094e+00,-3.109695434570312500e+00,-6.806857109069824219e+00,-3.477063894271850586e+00,-3.255398988723754883e+00,-3.796002864837646484e+00,9.686463356018066406e+00
-2.620227336883544922e+00,-3.967214584350585938e+00,-8.925680160522460938e+00,-3.132823467254638672e+00,-6.585700035095214844e+00,-3.513683557510375977e+00,-3.261447668075561523e+00,-3.604974269866943359e+00,9.685504913330078125e+00
-2.654171228408813477e+00,-4.106601715087890625e+00,-9.204218864440917969e+00,-2.939142227172851562e+00,-6.482270240783691406e+00,-3.292306423187255859e+00,-3.183578252792358398e+00,-3.749139070510864258e+00,9.952620506286621094e+00
-2.617336273193359375e+00,-4.065560817718505859e+00,-9.116257667541503906e+00,-2.725930690765380859e+00,-6.162970542907714844e+00,-2.992645502090454102e+00,-3.220088481903076172e+00,-3.714940309524536133e+00,1.004076290130615234e+01
-2.772333860397338867e+00,-3.830459594726562500e+00,-9.497428894042968750e+00,-2.815097808837890625e+00,-6.180109024047851562e+00,-3.271058082580566406e+00,-3.117842435836791992e+00,-4.152765750885009766e+00,1.019832038879394531e+01
-2.726953268051147461e+00,-3.767184734344482422e+00,-9.799528121948242188e+00,-2.715158462524414062e+00,-6.135589599609375000e+00,-3.105313301086425781e+00,-3.156378984451293945e+00,-4.370406150817871094e+00,1.016490173339843750e+01
-4.242263793945312500e+00,-4.413284301757812500e+00,-1.003169155120849609e+01,-4.994649410247802734e+00,-8.302313804626464844e+00,-4.567276477813720703e+00,-4.432792663574218750e+00,-4.329575061798095703e+00,9.725280761718750000e+00
-2.941983699798583984e+00,-3.491534709930419922e+00,-9.627367973327636719e+00,-2.822476863861083984e+00,-6.292451858520507812e+00,-3.397130966186523438e+00,-3.204529047012329102e+00,-4.684926033020019531e+00,1.010963535308837891e+01
-2.876737117767333984e+00,-3.502653121948242188e+00,-9.902919769287109375e+00,-2.632991790771484375e+00,-6.205126762390136719e+00,-3.177499532699584961e+00,-2.683021783828735352e+00,-4.219711303710937500e+00,1.006683349609375000e+01
-4.083668231964111328e+00,-4.490870952606201172e+00,-1.007347202301025391e+01,-4.842944622039794922e+00,-8.177927970886230469e+00,-4.481901645660400391e+00,-4.272695541381835938e+00,-4.342607021331787109e+00,9.786371231079101562e+00
-2.900284051895141602e+00,-3.886769294738769531e+00,-9.548434257507324219e+00,-3.127303123474121094e+00,-6.521873474121093750e+00,-3.689200401306152344e+00,-3.151938438415527344e+00,-4.156075954437255859e+00,1.013868141174316406e+01
-2.602376937866210938e+00,-3.831851482391357422e+00,-9.643500328063964844e+00,-2.537275791168212891e+00,-5.998982429504394531e+00,-2.884825944900512695e+00,-3.039558410644531250e+00,-4.160688400268554688e+00,1.019986438751220703e+01
-2.772734642028808594e+00,-3.951909065246582031e+00,-1.005637359619140625e+01,-2.975320339202880859e+00,-6.403429985046386719e+00,-3.384713411331176758e+00,-3.174695968627929688e+00,-4.270365715026855469e+00,1.009257411956787109e+01
-2.637650251388549805e+00,-3.838234424591064453e+00,-8.965898513793945312e+00,-2.722068071365356445e+00,-6.307686805725097656e+00,-3.424132823944091797e+00,-2.751686811447143555e+00,-3.603331327438354492e+00,9.789988517761230469e+00
-2.671239852905273438e+00,-3.749097347259521484e+00,-9.911803245544433594e+00,-3.014111995697021484e+00,-6.716768264770507812e+00,-3.267467498779296875e+00,-3.368384361267089844e+00,-4.926388263702392578e+00,9.927628517150878906e+00
-2.734447479248046875e+00,-3.533179759979248047e+00,-9.731144905090332031e+00,-2.263031959533691406e+00,-5.959829330444335938e+00,-2.782224416732788086e+00,-2.965599060058593750e+00,-4.322726249694824219e+00,1.030850505828857422e+01
-2.773209571838378906e+00,-3.573397159576416016e+00,-9.843855857849121094e+00,-2.401970386505126953e+00,-6.019295692443847656e+00,-2.852812767028808594e+00,-3.072187662124633789e+00,-4.440071105957031250e+00,1.028161334991455078e+01
-2.568049430847167969e+00,-3.001102447509765625e+00,-9.991138458251953125e+00,-2.072728633880615234e+00,-6.048770904541015625e+00,-3.133633136749267578e+00,-2.285334825515747070e+00,-4.610179424285888672e+00,9.972615242004394531e+00
-2.872684478759765625e+00,-2.721004486083984375e+00,-1.021190738677978516e+01,-2.066873073577880859e+00,-5.996456146240234375e+00,-3.221922397613525391e+00,-2.226347446441650391e+00,-4.881239414215087891e+00,9.909468650817871094e+00
-2.625067710876464844e+00,-3.400369167327880859e+00,-9.224220275878906250e+00,-2.001203536987304688e+00,-5.816740989685058594e+00,-2.783016920089721680e+00,-2.787773132324218750e+00,-4.046493053436279297e+00,1.022052383422851562e+01
-2.555973052978515625e+00,-3.626249790191650391e+00,-9.544000625610351562e+00,-2.433148860931396484e+00,-6.129524230957031250e+00,-2.911648035049438477e+00,-3.036302566528320312e+00,-4.373133659362792969e+00,1.015958118438720703e+01
-2.595910549163818359e+00,-3.903710842132568359e+00,-9.739757537841796875e+00,-2.222417354583740234e+00,-5.846274375915527344e+00,-2.455037832260131836e+00,-3.046499729156494141e+00,-3.945401668548583984e+00,1.037466907501220703e+01
-2.461897850036621094e+00,-3.736582756042480469e+00,-9.635239601135253906e+00,-2.631505727767944336e+00,-6.401267051696777344e+00,-3.010392189025878906e+00,-3.087082624435424805e+00,-4.494383335113525391e+00,1.001789474487304688e+01
-2.598167181015014648e+00,-3.694725513458251953e+00,-9.809683799743652344e+00,-2.419482231140136719e+00,-6.052058219909667969e+00,-2.825594663619995117e+00,-3.032651185989379883e+00,-4.291243553161621094e+00,1.020927619934082031e+01
-2.602257966995239258e+00,-3.668558120727539062e+00,-9.128997802734375000e+00,-2.395243644714355469e+00,-6.112334251403808594e+00,-2.874602079391479492e+00,-3.003315210342407227e+00,-4.320803165435791016e+00,1.018745708465576172e+01
-2.575656890869140625e+00,-3.447668075561523438e+00,-9.192624092102050781e+00,-2.528067588806152344e+00,-6.146916389465332031e+00,-3.229832172393798828e+00,-2.981376647949218750e+00,-4.427792072296142578e+00,1.009393024444580078e+01
-2.561289787292480469e+00,-3.664143085479736328e+00,-8.982570648193359375e+00,-2.362719774246215820e+00,-6.101427078247070312e+00,-2.871586322784423828e+00,-3.000528573989868164e+00,-4.309573650360107422e+00,1.015501880645751953e+01
-2.438822746276855469e+00,-3.335637092590332031e+00,-9.063677787780761719e+00,-2.070697784423828125e+00,-5.818384170532226562e+00,-2.858974218368530273e+00,-2.709179162979125977e+00,-4.012071132659912109e+00,1.007795429229736328e+01
-2.539848566055297852e+00,-3.277904987335205078e+00,-9.242205619812011719e+00,-2.509481906890869141e+00,-6.173919677734375000e+00,-3.444805860519409180e+00,-2.859347581863403320e+00,-4.403386116027832031e+00,9.960239410400390625e+00
-2.592270374298095703e+00,-3.266587257385253906e+00,-9.215542793273925781e+00,-2.543518543243408203e+00,-6.176756858825683594e+00,-3.418072938919067383e+00,-2.940197467803955078e+00,-4.443483352661132812e+00,1.000154495239257812e+01
-2.416781663894653320e+00,-3.117679595947265625e+00,-9.136781692504882812e+00,-2.311133623123168945e+00,-5.982944488525390625e+00,-3.221502780914306641e+00,-2.752451419830322266e+00,-4.206932544708251953e+00,9.950229644775390625e+00
-2.386357784271240234e+00,-3.436932086944580078e+00,-9.072113037109375000e+00,-2.201249361038208008e+00,-5.912862777709960938e+00,-2.923969745635986328e+00,-2.791163682937622070e+00,-4.131700038909912109e+00,1.007684993743896484e+01
-2.244699716567993164e+00,-2.891886234283447266e+00,-9.214344024658203125e+00,-2.027652502059936523e+00,-5.882477760314941406e+00,-3.248656988143920898e+00,-2.399726390838623047e+00,-4.099524974822998047e+00,9.834815979003906250e+00
-2.575397729873657227e+00,-3.142662048339843750e+00,-9.170970916748046875e+00,-2.236303567886352539e+00,-5.940743446350097656e+00,-3.112393379211425781e+00,-2.724457979202270508e+00,-4.243907451629638672e+00,1.003175640106201172e+01
-2.608061552047729492e+00,-3.731687545776367188e+00,-9.235488891601562500e+00,-2.111649751663208008e+00,-5.837921142578125000e+00,-2.591134786605834961e+00,-2.888896703720092773e+00,-3.861670017242431641e+00,1.024112606048583984e+01
-2.568351984024047852e+00,-3.482142925262451172e+00,-9.202994346618652344e+00,-2.047874450683593750e+00,-5.813996315002441406e+00,-2.697432041168212891e+00,-2.729846000671386719e+00,-3.913991928100585938e+00,1.016345596313476562e+01
-2.720422983169555664e+00,-3.276998996734619141e+00,-9.749139785766601562e+00,-2.109093189239501953e+00,-5.858563423156738281e+00,-2.854975223541259766e+00,-2.631268262863159180e+00,-4.213777065277099609e+00,1.010431480407714844e+01
-2.652943611145019531e+00,-3.557504177093505859e+00,-9.624198913574218750e+00,-2.137163162231445312e+00,-5.960054397583007812e+00,-2.733441114425659180e+00,-2.807277917861938477e+00,-4.129742622375488281e+00,1.009590053558349609e+01
-2.742367029190063477e+00,-3.467144489288330078e+00,-9.717945098876953125e+00,-2.327318191528320312e+00,-6.092093467712402344e+00,-2.981361865997314453e+00,-2.865387916564941406e+00,-4.291818618774414062e+00,9.994519233703613281e+00
-2.561851501464843750e+00,-3.723906040191650391e+00,-9.304106712341308594e+00,-2.107948064804077148e+00,-5.865471839904785156e+00,-2.575318813323974609e+00,-2.889776229858398438e+00,-3.853977441787719727e+00,1.019592666625976562e+01
-2.548489570617675781e+00,-3.799690246582031250e+00,-9.346760749816894531e+00,-2.272660970687866211e+00,-5.998138427734375000e+00,-2.706985950469970703e+00,-2.975190639495849609e+00,-4.157231807708740234e+00,1.013157558441162109e+01
-2.448057889938354492e+00,-3.670452594757080078e+00,-9.370555877685546875e+00,-2.375984430313110352e+00,-6.204708099365234375e+00,-2.877281188964843750e+00,-2.945191860198974609e+00,-4.303307533264160156e+00,1.000396347045898438e+01
-2.564767122268676758e+00,-3.809619903564453125e+00,-9.396188735961914062e+00,-2.270229816436767578e+00,-6.002916336059570312e+00,-2.696134328842163086e+00,-2.986897945404052734e+00,-4.156059741973876953e+00,1.014402103424072266e+01
-2.585112333297729492e+00,-3.724287509918212891e+00,-9.317492485046386719e+00,-2.181632041931152344e+00,-5.939196586608886719e+00,-2.679069757461547852e+00,-2.908904075622558594e+00,-4.016092300415039062e+00,1.021301555633544922e+01
-2.532756567001342773e+00,-3.481361389160156250e+00,-9.515122413635253906e+00,-2.236360549926757812e+00,-5.762919425964355469e+00,-2.799731492996215820e+00,-2.804354429244995117e+00,-4.019694328308105469e+00,1.019043827056884766e+01
-2.532081604003906250e+00,-3.807014942169189453e+00,-9.035173416137695312e+00,-2.298520088195800781e+00,-5.752555847167968750e+00,-2.715561866760253906e+00,-2.985304117202758789e+00,-3.903800010681152344e+00,1.020154953002929688e+01
-2.549128532409667969e+00,-3.774913311004638672e+00,-9.493285179138183594e+00,-2.251133918762207031e+00,-5.781638145446777344e+00,-2.565760612487792969e+00,-2.977301359176635742e+00,-3.916763782501220703e+00,1.029056358337402344e+01
-2.556483268737792969e+00,-3.447301864624023438e+00,-9.593715667724609375e+00,-2.172888755798339844e+00,-5.811858177185058594e+00,-2.748226404190063477e+00,-2.769634485244750977e+00,-4.042753219604492188e+00,1.017256069183349609e+01
-2.407567501068115234e+00,-3.332585334777832031e+00,-9.085623741149902344e+00,-2.043842554092407227e+00,-5.627334594726562500e+00,-2.788090467453002930e+00,-2.631548404693603516e+00,-3.859600782394409180e+00,1.004808807373046875e+01
-2.532882452011108398e+00,-3.644299983978271484e+00,-9.600872993469238281e+00,-2.250828742980957031e+00,-5.867456436157226562e+00,-2.700192689895629883e+00,-2.940718173980712891e+00,-3.964242458343505859e+00,1.020427894592285156e+01
-2.455509901046752930e+00,-3.606682300567626953e+00,-8.981729507446289062e+00,-2.126695156097412109e+00,-5.655102729797363281e+00,-2.692616701126098633e+00,-2.779360771179199219e+00,-3.860326766967773438e+00,1.010142421722412109e+01
-2.468943357467651367e+00,-3.474803447723388672e+00,-9.399007797241210938e+00,-2.116851806640625000e+00,-5.743437767028808594e+00,-2.702281475067138672e+00,-2.774355173110961914e+00,-3.925791263580322266e+00,1.015279197692871094e+01
-2.351596117019653320e+00,-3.197375297546386719e+00,-9.031805038452148438e+00,-1.985946774482727051e+00,-5.637768745422363281e+00,-2.878304243087768555e+00,-2.487410068511962891e+00,-3.874300479888916016e+00,9.955617904663085938e+00
-2.408518791198730469e+00,-3.362302780151367188e+00,-9.371410369873046875e+00,-2.078286647796630859e+00,-5.745703697204589844e+00,-2.765584945678710938e+00,-2.766819715499877930e+00,-3.921925544738769531e+00,1.011303138732910156e+01
-2.479328632354736328e+00,-3.838261604309082031e+00,-9.218032836914062500e+00,-2.393083095550537109e+00,-5.805158615112304688e+00,-2.806237459182739258e+00,-2.889401197433471680e+00,-3.800049781799316406e+00,1.011786174774169922e+01
-2.673807859420776367e+00,-3.362123966217041016e+00,-9.728804588317871094e+00,-2.468660354614257812e+00,-5.983661651611328125e+00,-3.106636285781860352e+00,-2.765151977539062500e+00,-4.239153861999511719e+00,9.998900413513183594e+00
-2.584176540374755859e+00,-3.806406974792480469e+00,-9.292657852172851562e+00,-2.273900985717773438e+00,-5.744785308837890625e+00,-2.658170700073242188e+00,-2.963947057723999023e+00,-3.883526563644409180e+00,1.021075820922851562e+01
-2.620980978012084961e+00,-3.413225173950195312e+00,-9.571670532226562500e+00,-2.275084018707275391e+00,-5.940187454223632812e+00,-2.789232730865478516e+00,-2.678677320480346680e+00,-4.200562477111816406e+00,1.006737995147705078e+01
-2.591824769973754883e+00,-3.898880004882812500e+00,-9.372109413146972656e+00,-2.329660892486572266e+00,-5.803623199462890625e+00,-2.563947439193725586e+00,-3.088154077529907227e+00,-3.893584012985229492e+00,1.030006122589111328e+01
-2.594510793685913086e+00,-3.966531276702880859e+00,-9.277720451354980469e+00,-2.334780693054199219e+00,-5.811919212341308594e+00,-2.535293340682983398e+00,-3.142410993576049805e+00,-3.896815061569213867e+00,1.032088088989257812e+01
-2.586970567703247070e+00,-3.836455821990966797e+00,-9.042761802673339844e+00,-2.301923274993896484e+00,-5.748203277587890625e+00,-2.643454074859619141e+00,-3.024129390716552734e+00,-3.961957216262817383e+00,1.025389862060546875e+01
-2.593821048736572266e+00,-4.002286911010742188e+00,-9.522604942321777344e+00,-2.312270641326904297e+00,-5.840519905090332031e+00,-2.446347713470458984e+00,-3.170758008956909180e+00,-3.850478649139404297e+00,1.033481311798095703e+01
-2.546944379806518555e+00,-3.644918441772460938e+00,-9.399161338806152344e+00,-2.196157217025756836e+00,-5.723279953002929688e+00,-2.620964050292968750e+00,-2.920419692993164062e+00,-3.921673297882080078e+00,1.023521137237548828e+01
-2.502235889434814453e+00,-3.828478336334228516e+00,-9.181505203247070312e+00,-2.282235145568847656e+00,-5.808842658996582031e+00,-2.644656419754028320e+00,-2.983391284942626953e+00,-3.804238796234130859e+00,1.016832733154296875e+01
-2.725184202194213867e+00,-3.663462162017822266e+00,-1.009090614318847656e+01,-2.905499935150146484e+00,-6.681937217712402344e+00,-3.411667108535766602e+00,-3.116887569427490234e+00,-5.178351879119873047e+00,9.784390449523925781e+00
-2.443336009979248047e+00,-3.727355957031250000e+00,-9.561169624328613281e+00,-2.866376399993896484e+00,-6.596323013305664062e+00,-3.187129735946655273e+00,-3.203669548034667969e+00,-4.751551151275634766e+00,9.869206428527832031e+00
-2.449118614196777344e+00,-3.691687107086181641e+00,-9.650030136108398438e+00,-2.868975639343261719e+00,-6.620995521545410156e+00,-3.218858957290649414e+00,-3.175411701202392578e+00,-4.778769016265869141e+00,9.824886322021484375e+00
-2.434104681015014648e+00,-3.716428279876708984e+00,-9.533089637756347656e+00,-2.633461952209472656e+00,-6.351631164550781250e+00,-3.061004161834716797e+00,-3.065967082977294922e+00,-4.472168922424316406e+00,1.001541996002197266e+01
-2.468281507492065430e+00,-3.665898799896240234e+00,-9.366674423217773438e+00,-2.569921016693115234e+00,-6.264628410339355469e+00,-2.991017103195190430e+00,-3.106223583221435547e+00,-4.491440296173095703e+00,1.008648681640625000e+01
-2.530490875244140625e+00,-3.774743080139160156e+00,-9.675162315368652344e+00,-2.584885120391845703e+00,-6.344923019409179688e+00,-2.896033525466918945e+00,-3.110929250717163086e+00,-4.396265029907226562e+00,1.008147907257080078e+01
-2.580534219741821289e+00,-3.716654300689697266e+00,-9.398421287536621094e+00,-2.791106224060058594e+00,-6.503009796142578125e+00,-3.193619489669799805e+00,-3.235774993896484375e+00,-4.734945297241210938e+00,1.002776718139648438e+01
-2.393982172012329102e+00,-3.716187477111816406e+00,-9.353223800659179688e+00,-2.622817993164062500e+00,-6.360798835754394531e+00,-3.009259223937988281e+00,-3.076034069061279297e+00,-4.491000175476074219e+00,9.961983680725097656e+00
-2.439432621002197266e+00,-3.639286518096923828e+00,-9.350872039794921875e+00,-2.619619846343994141e+00,-6.274484634399414062e+00,-3.087571620941162109e+00,-3.081686496734619141e+00,-4.518852710723876953e+00,1.003958702087402344e+01
-2.425326585769653320e+00,-3.680736541748046875e+00,-9.317934036254882812e+00,-2.509114742279052734e+00,-6.215070724487304688e+00,-2.865419626235961914e+00,-3.062354326248168945e+00,-4.391345977783203125e+00,1.007613372802734375e+01
-2.634337902069091797e+00,-2.693936824798583984e+00,-9.156031608581542969e+00,-1.872549533843994141e+00,-5.767142295837402344e+00,-3.094180345535278320e+00,-2.393076658248901367e+00,-4.276426792144775391e+00,9.946380615234375000e+00
-2.472221374511718750e+00,-3.148727416992187500e+00,-9.169914245605468750e+00,-1.944085717201232910e+00,-5.692417144775390625e+00,-2.838792085647583008e+00,-2.520314931869506836e+00,-3.978094339370727539e+00,1.002542209625244141e+01
-2.315723180770874023e+00,-2.854493618011474609e+00,-8.912016868591308594e+00,-1.836791038513183594e+00,-5.649255752563476562e+00,-3.074867010116577148e+00,-2.330307722091674805e+00,-3.932102203369140625e+00,9.888368606567382812e+00
-2.598567724227905273e+00,-2.909397125244140625e+00,-9.671307563781738281e+00,-2.048093318939208984e+00,-5.813047409057617188e+00,-3.064804077148437500e+00,-2.328125953674316406e+00,-4.342019557952880859e+00,9.952544212341308594e+00
-2.462332963943481445e+00,-3.383933067321777344e+00,-9.429242134094238281e+00,-2.044805526733398438e+00,-5.776666641235351562e+00,-2.747260332107543945e+00,-2.671772480010986328e+00,-3.942219018936157227e+00,1.008021926879882812e+01
-2.489978075027465820e+00,-3.648714065551757812e+00,-9.467622756958007812e+00,-2.091403484344482422e+00,-5.776493072509765625e+00,-2.583966493606567383e+00,-2.856491088867187500e+00,-3.850264549255371094e+00,1.018671894073486328e+01
-2.475623607635498047e+00,-3.524970054626464844e+00,-8.973876953125000000e+00,-2.132763862609863281e+00,-5.794910430908203125e+00,-2.758481740951538086e+00,-2.802263259887695312e+00,-3.965923309326171875e+00,1.012485504150390625e+01
-2.536643743515014648e+00,-3.665203094482421875e+00,-9.402549743652343750e+00,-2.110412120819091797e+00,-5.758742332458496094e+00,-2.556806087493896484e+00,-2.868187189102172852e+00,-3.868215560913085938e+00,1.019909763336181641e+01
-2.510484457015991211e+00,-3.687210559844970703e+00,-9.471195220947265625e+00,-2.180377960205078125e+00,-5.827514648437500000e+00,-2.600603580474853516e+00,-2.926704406738281250e+00,-3.930264711380004883e+00,1.021828460693359375e+01
-2.430701732635498047e+00,-3.571903228759765625e+00,-9.286330223083496094e+00,-2.130867481231689453e+00,-5.832918167114257812e+00,-2.709970712661743164e+00,-2.843742847442626953e+00,-3.918614625930786133e+00,1.013485622406005859e+01
-2.725429534912109375e+00,-2.872544765472412109e+00,-9.594556808471679688e+00,-2.484229087829589844e+00,-6.265874862670898438e+00,-3.276148796081542969e+00,-2.332822322845458984e+00,-4.495454788208007812e+00,9.914179801940917969e+00
-2.739402532577514648e+00,-3.479258537292480469e+00,-9.749910354614257812e+00,-2.797502994537353516e+00,-6.262849807739257812e+00,-3.430321693420410156e+00,-2.802394390106201172e+00,-4.320283412933349609e+00,1.011977577209472656e+01
-2.891301870346069336e+00,-3.277014732360839844e+00,-9.989412307739257812e+00,-2.726009368896484375e+00,-6.210709571838378906e+00,-3.456170558929443359e+00,-2.676622390747070312e+00,-4.588355064392089844e+00,1.010434150695800781e+01
-2.702462673187255859e+00,-3.129440307617187500e+00,-9.950730323791503906e+00,-2.275218009948730469e+00,-6.122457504272460938e+00,-2.869002103805541992e+00,-2.399605035781860352e+00,-4.422694206237792969e+00,1.018087673187255859e+01
-2.563363075256347656e+00,-3.470355987548828125e+00,-9.783638954162597656e+00,-2.936911582946777344e+00,-6.383395195007324219e+00,-3.621058702468872070e+00,-2.904786586761474609e+00,-4.077812671661376953e+00,9.935857772827148438e+00
-2.630433320999145508e+00,-3.429392814636230469e+00,-9.927019119262695312e+00,-2.735106945037841797e+00,-6.104604721069335938e+00,-3.253887891769409180e+00,-2.971434593200683594e+00,-4.349456310272216797e+00,1.012100601196289062e+01
-2.540271520614624023e+00,-3.180692672729492188e+00,-9.892361640930175781e+00,-3.017789840698242188e+00,-6.859012603759765625e+00,-3.905201435089111328e+00,-2.848526716232299805e+00,-4.936974525451660156e+00,9.719108581542968750e+00
-2.745713710784912109e+00,-2.631952762603759766e+00,-9.925281524658203125e+00,-1.769386172294616699e+00,-5.838922500610351562e+00,-2.910416364669799805e+00,-1.973989009857177734e+00,-4.600621223449707031e+00,1.010428905487060547e+01
-2.552052736282348633e+00,-3.500373363494873047e+00,-9.578778266906738281e+00,-2.694429397583007812e+00,-6.232178688049316406e+00,-3.180960416793823242e+00,-2.975468397140502930e+00,-4.116638183593750000e+00,1.010437393188476562e+01
-2.724114418029785156e+00,-3.224589347839355469e+00,-1.011882305145263672e+01,-2.834510803222656250e+00,-6.444855690002441406e+00,-3.546808004379272461e+00,-2.870967626571655273e+00,-4.716519355773925781e+00,9.950794219970703125e+00
-2.772086620330810547e+00,-3.754366874694824219e+00,-9.383794784545898438e+00,-2.574877500534057617e+00,-6.209149360656738281e+00,-3.214224100112915039e+00,-2.825215816497802734e+00,-4.251294612884521484e+00,1.019176101684570312e+01
-2.649725437164306641e+00,-3.134767055511474609e+00,-1.017856216430664062e+01,-2.586174726486206055e+00,-6.000078201293945312e+00,-3.304012060165405273e+00,-2.716051340103149414e+00,-4.546113967895507812e+00,1.011362934112548828e+01
-2.968034982681274414e+00,-2.330565929412841797e+00,-1.006852436065673828e+01,-2.071446895599365234e+00,-6.183705329895019531e+00,-2.796311140060424805e+00,-1.791763782501220703e+00,-5.143978118896484375e+00,9.940496444702148438e+00
-2.939037799835205078e+00,-2.355407714843750000e+00,-1.009765720367431641e+01,-2.110554695129394531e+00,-6.207471847534179688e+00,-2.878452777862548828e+00,-1.798953056335449219e+00,-5.127562522888183594e+00,9.967211723327636719e+00
-3.096957445144653320e+00,-2.382030487060546875e+00,-9.612566947937011719e+00,-2.044707536697387695e+00,-6.441212654113769531e+00,-2.926556348800659180e+00,-1.744376897811889648e+00,-5.203664302825927734e+00,1.002600765228271484e+01
-2.834027051925659180e+00,-3.121031761169433594e+00,-9.665528297424316406e+00,-2.839258193969726562e+00,-6.611300468444824219e+00,-3.596144676208496094e+00,-2.551108121871948242e+00,-4.780972957611083984e+00,9.887494087219238281e+00
-2.832314729690551758e+00,-2.520897865295410156e+00,-1.016838741302490234e+01,-2.103439092636108398e+00,-6.085486412048339844e+00,-3.204355478286743164e+00,-2.136909246444702148e+00,-5.052369594573974609e+00,1.016244411468505859e+01
-3.110437631607055664e+00,-2.665301799774169922e+00,-9.584829330444335938e+00,-2.380869388580322266e+00,-6.737104415893554688e+00,-3.071233749389648438e+00,-2.013625621795654297e+00,-5.122055530548095703e+00,9.909777641296386719e+00
-2.943594217300415039e+00,-3.474090099334716797e+00,-9.726552963256835938e+00,-2.941513061523437500e+00,-6.419567108154296875e+00,-3.748283624649047852e+00,-2.822307586669921875e+00,-4.653285503387451172e+00,1.014077186584472656e+01
-2.756399154663085938e+00,-2.576067924499511719e+00,-1.006387519836425781e+01,-2.288042068481445312e+00,-6.164285659790039062e+00,-3.261208772659301758e+00,-2.255886316299438477e+00,-5.014649391174316406e+00,1.008518886566162109e+01
-2.601781368255615234e+00,-3.783318996429443359e+00,-9.429959297180175781e+00,-3.231221675872802734e+00,-6.343137741088867188e+00,-3.837734222412109375e+00,-3.147053241729736328e+00,-3.881128072738647461e+00,9.788693428039550781e+00
-2.556158542633056641e+00,-3.789823532104492188e+00,-8.989076614379882812e+00,-3.297107696533203125e+00,-6.293991088867187500e+00,-3.552332401275634766e+00,-3.346252679824829102e+00,-3.611309528350830078e+00,9.591900825500488281e+00
-2.586649417877197266e+00,-3.925269126892089844e+00,-9.288955688476562500e+00,-3.198079586029052734e+00,-6.354936599731445312e+00,-3.693592309951782227e+00,-3.158321142196655273e+00,-3.716502904891967773e+00,9.760516166687011719e+00
-2.656172752380371094e+00,-3.795043468475341797e+00,-9.584177017211914062e+00,-3.156627178192138672e+00,-6.386817932128906250e+00,-3.743155241012573242e+00,-3.049125671386718750e+00,-3.881190538406372070e+00,9.835231781005859375e+00
-2.410170793533325195e+00,-3.555028438568115234e+00,-9.259844779968261719e+00,-2.970727443695068359e+00,-6.159628868103027344e+00,-3.349476099014282227e+00,-3.013971090316772461e+00,-3.697398900985717773e+00,9.650736808776855469e+00
-2.269395112991333008e+00,-4.139284610748291016e+00,-8.919443130493164062e+00,-3.272124290466308594e+00,-6.094515800476074219e+00,-3.789199113845825195e+00,-3.386179447174072266e+00,-3.512945413589477539e+00,9.512716293334960938e+00
-2.693230390548706055e+00,-4.459181785583496094e+00,-9.261375427246093750e+00,-3.997126102447509766e+00,-6.584258079528808594e+00,-4.928887367248535156e+00,-4.671091079711914062e+00,-3.540515184402465820e+00,9.512338638305664062e+00
-2.420859575271606445e+00,-3.795614242553710938e+00,-9.291333198547363281e+00,-3.095840930938720703e+00,-6.109805107116699219e+00,-3.433842420578002930e+00,-3.165821075439453125e+00,-3.623225450515747070e+00,9.705921173095703125e+00
-2.445307493209838867e+00,-4.437695980072021484e+00,-8.981181144714355469e+00,-3.326893806457519531e+00,-6.176465988159179688e+00,-3.930668592453002930e+00,-3.701497793197631836e+00,-3.678640842437744141e+00,9.713976860046386719e+00
-2.295973062515258789e+00,-3.571868419647216797e+00,-9.069386482238769531e+00,-2.564108848571777344e+00,-5.823417663574218750e+00,-3.115626573562622070e+00,-2.800996541976928711e+00,-3.781958341598510742e+00,9.820447921752929688e+00
-2.519782781600952148e+00,-3.733747482299804688e+00,-9.681696891784667969e+00,-2.807108879089355469e+00,-6.422286987304687500e+00,-3.231331586837768555e+00,-3.135196685791015625e+00,-4.357938289642333984e+00,1.003185749053955078e+01
-2.507953405380249023e+00,-3.755706787109375000e+00,-9.647681236267089844e+00,-2.632235527038574219e+00,-6.360486984252929688e+00,-2.975914239883422852e+00,-3.119809865951538086e+00,-4.313194274902343750e+00,1.008052444458007812e+01
-2.604327440261840820e+00,-3.679763317108154297e+00,-9.829141616821289062e+00,-2.872994899749755859e+00,-6.409452438354492188e+00,-3.310882806777954102e+00,-3.141072511672973633e+00,-4.213650226593017578e+00,1.005835342407226562e+01
-2.524688243865966797e+00,-3.760419368743896484e+00,-9.515696525573730469e+00,-2.452376127243041992e+00,-5.979531288146972656e+00,-2.807270288467407227e+00,-3.091824769973754883e+00,-4.024529933929443359e+00,1.022135734558105469e+01
-2.535669565200805664e+00,-3.862272262573242188e+00,-9.634258270263671875e+00,-2.521625995635986328e+00,-6.025761604309082031e+00,-2.807759284973144531e+00,-3.136312007904052734e+00,-4.008095264434814453e+00,1.024704456329345703e+01
-2.521174192428588867e+00,-3.764453887939453125e+00,-9.690657615661621094e+00,-2.473559856414794922e+00,-6.158714294433593750e+00,-2.874146223068237305e+00,-3.054721355438232422e+00,-4.117952346801757812e+00,1.014136219024658203e+01
-2.529843330383300781e+00,-3.879096984863281250e+00,-9.570768356323242188e+00,-2.455359935760498047e+00,-6.008862495422363281e+00,-2.721348524093627930e+00,-3.147893428802490234e+00,-3.997794389724731445e+00,1.024338054656982422e+01
-2.463730812072753906e+00,-3.764788627624511719e+00,-9.090993881225585938e+00,-2.387329578399658203e+00,-5.843180656433105469e+00,-2.745155811309814453e+00,-2.999136686325073242e+00,-3.831130981445312500e+00,1.010705566406250000e+01
-2.504470348358154297e+00,-3.915651321411132812e+00,-9.541006088256835938e+00,-2.620197772979736328e+00,-6.259914398193359375e+00,-2.907537937164306641e+00,-3.185719490051269531e+00,-4.116721630096435547e+00,1.008636283874511719e+01
-2.470953464508056641e+00,-3.953807830810546875e+00,-9.137331008911132812e+00,-2.440433979034423828e+00,-5.899822235107421875e+00,-2.728338956832885742e+00,-3.060678720474243164e+00,-3.790785551071166992e+00,1.009042930603027344e+01
-3.831473588943481445e+00,-4.819635868072509766e+00,-1.049436664581298828e+01,-4.599689483642578125e+00,-7.599097251892089844e+00,-4.131597518920898438e+00,-4.676607131958007812e+00,-5.064741134643554688e+00,1.017538070678710938e+01
-3.212971687316894531e+00,-4.668570041656494141e+00,-1.015438556671142578e+01,-4.229949951171875000e+00,-7.088059425354003906e+00,-3.683769464492797852e+00,-3.974178791046142578e+00,-5.142383575439453125e+00,9.953925132751464844e+00
-3.429978132247924805e+00,-4.153388023376464844e+00,-9.986733436584472656e+00,-4.160361289978027344e+00,-6.888521194458007812e+00,-4.078559398651123047e+00,-3.964416742324829102e+00,-5.232208251953125000e+00,9.862256050109863281e+00
-3.196800708770751953e+00,-3.916133880615234375e+00,-1.002145385742187500e+01,-3.982560157775878906e+00,-6.654358863830566406e+00,-4.141864776611328125e+00,-3.617828369140625000e+00,-5.320885181427001953e+00,9.663805007934570312e+00
-2.965403795242309570e+00,-4.480316162109375000e+00,-9.734824180603027344e+00,-3.767438888549804688e+00,-6.774241447448730469e+00,-3.742708683013916016e+00,-3.212742567062377930e+00,-4.225967407226562500e+00,9.817572593688964844e+00
-3.205417156219482422e+00,-4.409337997436523438e+00,-1.005118751525878906e+01,-4.055136203765869141e+00,-6.791995048522949219e+00,-3.888587713241577148e+00,-3.709257125854492188e+00,-4.935434341430664062e+00,9.917669296264648438e+00
-3.633363485336303711e+00,-4.419445514678955078e+00,-1.030043411254882812e+01,-4.272109985351562500e+00,-6.897799491882324219e+00,-4.196398258209228516e+00,-4.503647804260253906e+00,-5.220730781555175781e+00,1.002124691009521484e+01
-3.015334129333496094e+00,-4.581426143646240234e+00,-1.014008045196533203e+01,-4.105575561523437500e+00,-7.200230598449707031e+00,-3.669835567474365234e+00,-4.330151081085205078e+00,-5.303446769714355469e+00,9.933372497558593750e+00
-2.824923515319824219e+00,-4.388484954833984375e+00,-9.456831932067871094e+00,-3.743601322174072266e+00,-6.543868064880371094e+00,-3.940794944763183594e+00,-3.290102005004882812e+00,-4.215424060821533203e+00,9.631148338317871094e+00
-2.964611053466796875e+00,-4.512043952941894531e+00,-9.787925720214843750e+00,-3.910927772521972656e+00,-6.795822143554687500e+00,-4.023551464080810547e+00,-4.132794380187988281e+00,-4.909308433532714844e+00,1.008282375335693359e+01
-4.453188896179199219e+00,-4.444873809814453125e+00,-1.019317245483398438e+01,-5.177281856536865234e+00,-8.023175239562988281e+00,-4.750080108642578125e+00,-3.827787160873413086e+00,-4.622449874877929688e+00,1.001030826568603516e+01
-4.006532192230224609e+00,-4.466645240783691406e+00,-9.917073249816894531e+00,-4.894446849822998047e+00,-8.118740081787109375e+00,-4.715158462524414062e+00,-3.869998455047607422e+00,-4.606154441833496094e+00,1.003393459320068359e+01
-3.966860771179199219e+00,-4.403765201568603516e+00,-9.905646324157714844e+00,-4.930033683776855469e+00,-7.998343467712402344e+00,-5.282445430755615234e+00,-3.909994840621948242e+00,-4.690860748291015625e+00,1.008489799499511719e+01
-3.682868719100952148e+00,-4.432857990264892578e+00,-9.773594856262207031e+00,-4.703436374664306641e+00,-8.027787208557128906e+00,-4.986174106597900391e+00,-3.858469247817993164e+00,-4.645234584808349609e+00,1.001642894744873047e+01
-4.028676033020019531e+00,-4.519416809082031250e+00,-1.040408039093017578e+01,-4.979197025299072266e+00,-8.051022529602050781e+00,-4.803755283355712891e+00,-4.051232814788818359e+00,-4.094217777252197266e+00,9.888506889343261719e+00
-3.651829004287719727e+00,-4.447067260742187500e+00,-9.744713783264160156e+00,-4.653498649597167969e+00,-8.154545783996582031e+00,-4.495099067687988281e+00,-3.772140264511108398e+00,-4.257406711578369141e+00,9.971820831298828125e+00
-3.492147445678710938e+00,-4.339803218841552734e+00,-9.912412643432617188e+00,-4.466446399688720703e+00,-7.798747062683105469e+00,-4.445144176483154297e+00,-3.732023239135742188e+00,-4.278051376342773438e+00,9.971670150756835938e+00
-3.664123773574829102e+00,-4.365012168884277344e+00,-1.004904460906982422e+01,-4.707668781280517578e+00,-7.910036087036132812e+00,-4.792098045349121094e+00,-3.886397600173950195e+00,-3.984489917755126953e+00,9.906466484069824219e+00
-3.283471822738647461e+00,-4.284494876861572266e+00,-9.623672485351562500e+00,-4.366615772247314453e+00,-7.990315437316894531e+00,-4.027111053466796875e+00,-3.708377122879028320e+00,-4.315420150756835938e+00,9.996546745300292969e+00
-3.471302509307861328e+00,-4.389290809631347656e+00,-1.001550197601318359e+01,-4.391508579254150391e+00,-7.694122314453125000e+00,-4.347754478454589844e+00,-3.622388124465942383e+00,-3.890526294708251953e+00,9.888040542602539062e+00
-2.623285770416259766e+00,-3.883884906768798828e+00,-9.456681251525878906e+00,-3.495334148406982422e+00,-6.551638603210449219e+00,-3.952592849731445312e+00,-3.241454124450683594e+00,-3.332094669342041016e+00,9.514523506164550781e+00
-2.595546960830688477e+00,-3.891569614410400391e+00,-9.215017318725585938e+00,-3.634073257446289062e+00,-6.688146591186523438e+00,-3.845392227172851562e+00,-3.526850938796997070e+00,-3.011069536209106445e+00,9.365795135498046875e+00
-2.610352277755737305e+00,-3.821312904357910156e+00,-9.902918815612792969e+00,-3.321970939636230469e+00,-6.674311637878417969e+00,-3.925182819366455078e+00,-3.073739290237426758e+00,-3.644298791885375977e+00,9.677582740783691406e+00
-2.636528730392456055e+00,-3.975314140319824219e+00,-9.669194221496582031e+00,-3.348092555999755859e+00,-6.634415626525878906e+00,-3.928391695022583008e+00,-3.088795423507690430e+00,-3.506175279617309570e+00,9.668537139892578125e+00
-2.574840545654296875e+00,-3.733748912811279297e+00,-9.537874221801757812e+00,-3.541942596435546875e+00,-7.014579772949218750e+00,-3.632669448852539062e+00,-3.349992752075195312e+00,-3.369222402572631836e+00,9.504788398742675781e+00
-2.577101230621337891e+00,-3.884998798370361328e+00,-9.409927368164062500e+00,-3.393318176269531250e+00,-6.630844116210937500e+00,-3.813936233520507812e+00,-3.233736753463745117e+00,-3.321398019790649414e+00,9.550088882446289062e+00
-2.662506818771362305e+00,-4.038259983062744141e+00,-9.094546318054199219e+00,-3.314412117004394531e+00,-6.549800872802734375e+00,-3.803612947463989258e+00,-3.196134328842163086e+00,-3.641605615615844727e+00,9.624291419982910156e+00
-2.577997684478759766e+00,-3.727589130401611328e+00,-9.604010581970214844e+00,-3.343698978424072266e+00,-6.876152038574218750e+00,-3.642742633819580078e+00,-3.251550436019897461e+00,-3.679792404174804688e+00,9.791642189025878906e+00
-2.551517486572265625e+00,-3.895320892333984375e+00,-9.488236427307128906e+00,-3.228100776672363281e+00,-6.602248191833496094e+00,-3.755749464035034180e+00,-3.153975009918212891e+00,-3.407343387603759766e+00,9.671107292175292969e+00
-2.361045598983764648e+00,-3.693522453308105469e+00,-9.455072402954101562e+00,-3.003685951232910156e+00,-6.889785766601562500e+00,-3.378112792968750000e+00,-3.241288900375366211e+00,-3.442368984222412109e+00,9.621004104614257812e+00
-4.182915687561035156e+00,-4.387302875518798828e+00,-1.038568401336669922e+01,-5.052220821380615234e+00,-7.324041366577148438e+00,-4.962598323822021484e+00,-4.052936553955078125e+00,-4.405631542205810547e+00,9.683156967163085938e+00
-4.111720561981201172e+00,-4.696520328521728516e+00,-1.058125400543212891e+01,-5.203999996185302734e+00,-7.338352203369140625e+00,-5.032111644744873047e+00,-4.664794445037841797e+00,-4.218667984008789062e+00,9.613671302795410156e+00
-4.138967514038085938e+00,-4.758961200714111328e+00,-1.066377449035644531e+01,-5.355848789215087891e+00,-7.512236595153808594e+00,-5.333358764648437500e+00,-5.504569053649902344e+00,-4.073101043701171875e+00,9.450185775756835938e+00
-3.460087776184082031e+00,-4.338495731353759766e+00,-1.003314208984375000e+01,-4.610272407531738281e+00,-6.934024810791015625e+00,-5.120821475982666016e+00,-4.165275096893310547e+00,-3.575549364089965820e+00,9.536538124084472656e+00
-2.826620817184448242e+00,-4.171453952789306641e+00,-9.493621826171875000e+00,-3.959819793701171875e+00,-6.716446876525878906e+00,-4.442794799804687500e+00,-3.587817668914794922e+00,-3.381266355514526367e+00,9.627547264099121094e+00
-3.845108270645141602e+00,-5.083165645599365234e+00,-1.007166004180908203e+01,-5.355423450469970703e+00,-7.279568672180175781e+00,-6.392346382141113281e+00,-6.001340866088867188e+00,-3.466400861740112305e+00,8.818928718566894531e+00
-2.780182600021362305e+00,-4.350138187408447266e+00,-9.541931152343750000e+00,-4.192410945892333984e+00,-6.868391036987304688e+00,-4.734738349914550781e+00,-3.858329534530639648e+00,-3.117637634277343750e+00,9.415295600891113281e+00
-3.175364255905151367e+00,-4.298514366149902344e+00,-1.006589508056640625e+01,-4.453855037689208984e+00,-6.848431587219238281e+00,-4.849307537078857422e+00,-4.023452281951904297e+00,-3.476617574691772461e+00,9.428698539733886719e+00
-3.352604866027832031e+00,-4.621468544006347656e+00,-9.728375434875488281e+00,-4.839009284973144531e+00,-6.913681983947753906e+00,-5.649902820587158203e+00,-4.903604507446289062e+00,-3.334431171417236328e+00,9.074061393737792969e+00
-2.801106929779052734e+00,-4.349329948425292969e+00,-9.613505363464355469e+00,-4.283967494964599609e+00,-7.008749961853027344e+00,-4.657343387603759766e+00,-4.437578201293945312e+00,-3.271302461624145508e+00,9.478088378906250000e+00
-2.638946056365966797e+00,-3.789228916168212891e+00,-9.483479499816894531e+00,-2.227982997894287109e+00,-5.953498840332031250e+00,-2.649855375289916992e+00,-2.958749771118164062e+00,-4.023066520690917969e+00,1.022931575775146484e+01
-2.535074710845947266e+00,-3.727542877197265625e+00,-9.316585540771484375e+00,-2.254147052764892578e+00,-5.919596672058105469e+00,-2.677047252655029297e+00,-3.024573087692260742e+00,-4.027850151062011719e+00,1.022547149658203125e+01
-2.675890207290649414e+00,-3.764825820922851562e+00,-9.346741676330566406e+00,-2.239882707595825195e+00,-5.986763954162597656e+00,-2.698294878005981445e+00,-2.954342365264892578e+00,-4.065135955810546875e+00,1.030045223236083984e+01
-2.654145717620849609e+00,-3.683749675750732422e+00,-9.634986877441406250e+00,-2.335332393646240234e+00,-6.018068313598632812e+00,-2.793278694152832031e+00,-2.999759197235107422e+00,-4.078176975250244141e+00,1.019270420074462891e+01
-2.648123264312744141e+00,-3.584763526916503906e+00,-9.647243499755859375e+00,-2.330300807952880859e+00,-5.984539985656738281e+00,-2.850722789764404297e+00,-2.919508934020996094e+00,-4.085202693939208984e+00,1.019661235809326172e+01
-2.525879621505737305e+00,-3.675643920898437500e+00,-9.244054794311523438e+00,-2.145582675933837891e+00,-5.785446166992187500e+00,-2.595050573348999023e+00,-2.914401292800903320e+00,-3.883985519409179688e+00,1.019061851501464844e+01
-2.546792030334472656e+00,-3.809404850006103516e+00,-9.531996726989746094e+00,-2.268575668334960938e+00,-5.901857376098632812e+00,-2.619490861892700195e+00,-3.047929763793945312e+00,-3.929821014404296875e+00,1.020101642608642578e+01
-2.540819883346557617e+00,-3.725702762603759766e+00,-9.155146598815917969e+00,-2.232519149780273438e+00,-5.882240295410156250e+00,-2.662980318069458008e+00,-2.995067834854125977e+00,-4.011237144470214844e+00,1.021765232086181641e+01
-2.529850244522094727e+00,-3.707120418548583984e+00,-9.177803993225097656e+00,-2.184689521789550781e+00,-5.847628593444824219e+00,-2.637384653091430664e+00,-2.940536737442016602e+00,-3.950768709182739258e+00,1.018995094299316406e+01
-2.559629440307617188e+00,-3.762239933013916016e+00,-9.274198532104492188e+00,-2.250532627105712891e+00,-5.902316093444824219e+00,-2.651964426040649414e+00,-3.024396181106567383e+00,-4.036681175231933594e+00,1.024447536468505859e+01
-2.645915269851684570e+00,-3.872675418853759766e+00,-9.830536842346191406e+00,-2.737036705017089844e+00,-6.319052696228027344e+00,-3.031330823898315430e+00,-3.198558092117309570e+00,-4.303650379180908203e+00,1.008014488220214844e+01
-2.550904273986816406e+00,-3.872687339782714844e+00,-9.559111595153808594e+00,-2.409443140029907227e+00,-5.991436004638671875e+00,-2.713844537734985352e+00,-3.080459117889404297e+00,-4.099435806274414062e+00,1.022072696685791016e+01
-2.559989690780639648e+00,-3.937371730804443359e+00,-9.743486404418945312e+00,-2.435072898864746094e+00,-5.964003562927246094e+00,-2.705474376678466797e+00,-3.139092445373535156e+00,-4.004024505615234375e+00,1.025025177001953125e+01
-2.621934890747070312e+00,-3.980467796325683594e+00,-9.496427536010742188e+00,-2.358247756958007812e+00,-5.893680572509765625e+00,-2.561337232589721680e+00,-3.159301757812500000e+00,-3.913513898849487305e+00,1.035364818572998047e+01
-2.585412740707397461e+00,-4.054591655731201172e+00,-9.479900360107421875e+00,-2.407602787017822266e+00,-5.948669433593750000e+00,-2.605567932128906250e+00,-3.221915245056152344e+00,-3.853585004806518555e+00,1.032355213165283203e+01
-2.629087924957275391e+00,-3.823803901672363281e+00,-9.337457656860351562e+00,-2.396477222442626953e+00,-5.970551490783691406e+00,-2.746597766876220703e+00,-3.089906454086303711e+00,-4.082528591156005859e+00,1.027159118652343750e+01
-2.564274311065673828e+00,-3.645141124725341797e+00,-9.535120010375976562e+00,-2.241751670837402344e+00,-5.823495864868164062e+00,-2.648610591888427734e+00,-2.952868700027465820e+00,-3.952735185623168945e+00,1.023331260681152344e+01
-2.536677598953247070e+00,-3.915608406066894531e+00,-9.476650238037109375e+00,-2.288076877593994141e+00,-5.893485069274902344e+00,-2.570224523544311523e+00,-3.108000755310058594e+00,-3.898154258728027344e+00,1.026061153411865234e+01
-2.573722839355468750e+00,-3.765900611877441406e+00,-9.752091407775878906e+00,-2.378900051116943359e+00,-6.012223243713378906e+00,-2.798966646194458008e+00,-3.042647361755371094e+00,-4.001574039459228516e+00,1.016197967529296875e+01
-2.690100193023681641e+00,-3.885293006896972656e+00,-9.908847808837890625e+00,-2.530351161956787109e+00,-6.115715980529785156e+00,-2.810658931732177734e+00,-3.188688039779663086e+00,-3.998079776763916016e+00,1.023375511169433594e+01
-2.461765527725219727e+00,-3.833595752716064453e+00,-9.057776451110839844e+00,-2.320387125015258789e+00,-5.845788002014160156e+00,-2.682557106018066406e+00,-2.960061311721801758e+00,-3.814096450805664062e+00,1.014998054504394531e+01
-2.520823478698730469e+00,-3.839679241180419922e+00,-9.360254287719726562e+00,-2.350773811340332031e+00,-5.938903808593750000e+00,-2.765844345092773438e+00,-2.879911184310913086e+00,-3.869392633438110352e+00,1.015139102935791016e+01
-2.662545204162597656e+00,-3.303030490875244141e+00,-9.562847137451171875e+00,-2.308488845825195312e+00,-6.127551078796386719e+00,-2.765261173248291016e+00,-2.588009834289550781e+00,-4.314012050628662109e+00,1.008049106597900391e+01
-2.398443222045898438e+00,-3.919895648956298828e+00,-8.844365119934082031e+00,-2.465809822082519531e+00,-6.016875267028808594e+00,-2.868622541427612305e+00,-2.941022396087646484e+00,-3.518233060836791992e+00,9.964861869812011719e+00
-2.398119926452636719e+00,-3.699248790740966797e+00,-9.319355010986328125e+00,-2.391208887100219727e+00,-6.050745010375976562e+00,-2.858117818832397461e+00,-2.925726413726806641e+00,-3.686542510986328125e+00,1.005220508575439453e+01
-2.331644058227539062e+00,-3.959026336669921875e+00,-8.786343574523925781e+00,-2.439937829971313477e+00,-6.058148384094238281e+00,-2.872621297836303711e+00,-2.908533573150634766e+00,-3.343562841415405273e+00,9.900933265686035156e+00
-2.452989339828491211e+00,-3.851338863372802734e+00,-9.298999786376953125e+00,-2.725404739379882812e+00,-6.319974899291992188e+00,-3.251043558120727539e+00,-2.967303752899169922e+00,-3.449371814727783203e+00,9.845711708068847656e+00
-2.295295476913452148e+00,-3.740230083465576172e+00,-8.860943794250488281e+00,-2.196410179138183594e+00,-5.815764427185058594e+00,-2.752384901046752930e+00,-2.742735147476196289e+00,-3.525055885314941406e+00,9.969185829162597656e+00
-2.439539432525634766e+00,-3.808691501617431641e+00,-8.998406410217285156e+00,-2.228506565093994141e+00,-5.744410514831542969e+00,-2.628459453582763672e+00,-2.887408018112182617e+00,-3.714144706726074219e+00,1.010945320129394531e+01
-2.520967721939086914e+00,-3.783067703247070312e+00,-9.473543167114257812e+00,-2.241470575332641602e+00,-5.856150627136230469e+00,-2.616525650024414062e+00,-2.935528993606567383e+00,-3.844277381896972656e+00,1.022235393524169922e+01
-2.557388305664062500e+00,-3.481621742248535156e+00,-9.307187080383300781e+00,-2.164155483245849609e+00,-5.850921630859375000e+00,-2.816987991333007812e+00,-2.805946350097656250e+00,-4.094759464263916016e+00,1.017444896697998047e+01
-2.522341728210449219e+00,-3.512283802032470703e+00,-9.237862586975097656e+00,-2.200291633605957031e+00,-5.790365219116210938e+00,-2.847439050674438477e+00,-2.803406953811645508e+00,-4.053481101989746094e+00,1.017964839935302734e+01
-2.467635154724121094e+00,-3.673467636108398438e+00,-9.331093788146972656e+00,-2.189358234405517578e+00,-5.842522621154785156e+00,-2.731191158294677734e+00,-2.912952184677124023e+00,-3.954161167144775391e+00,1.022024250030517578e+01
-2.503460168838500977e+00,-3.629261970520019531e+00,-9.191778182983398438e+00,-2.278190374374389648e+00,-5.837805747985839844e+00,-2.836173057556152344e+00,-2.917555093765258789e+00,-4.062656402587890625e+00,1.021812629699707031e+01
-2.498826026916503906e+00,-3.453197002410888672e+00,-9.295507431030273438e+00,-2.178935766220092773e+00,-5.878473281860351562e+00,-2.862391948699951172e+00,-2.795838594436645508e+00,-4.117607593536376953e+00,1.013065052032470703e+01
-2.439553022384643555e+00,-3.233843326568603516e+00,-9.285100936889648438e+00,-2.316958427429199219e+00,-5.926575660705566406e+00,-3.194053173065185547e+00,-2.749166965484619141e+00,-4.243934154510498047e+00,1.003036022186279297e+01
-2.529039859771728516e+00,-3.626798629760742188e+00,-9.505624771118164062e+00,-2.255524158477783203e+00,-5.922636985778808594e+00,-2.774451255798339844e+00,-2.890897750854492188e+00,-4.084589481353759766e+00,1.017750072479248047e+01
-2.425208091735839844e+00,-3.482577800750732422e+00,-9.246020317077636719e+00,-2.133123397827148438e+00,-5.821173667907714844e+00,-2.771423578262329102e+00,-2.786571025848388672e+00,-3.966779232025146484e+00,1.012545680999755859e+01
-2.509872913360595703e+00,-3.594662189483642578e+00,-9.492522239685058594e+00,-2.384462594985961914e+00,-6.021153450012207031e+00,-2.927879095077514648e+00,-2.923180103302001953e+00,-4.210704326629638672e+00,1.014505004882812500e+01
-2.549533128738403320e+00,-3.184316158294677734e+00,-9.693282127380371094e+00,-2.220296382904052734e+00,-5.928557395935058594e+00,-3.049826860427856445e+00,-2.568352699279785156e+00,-4.314703464508056641e+00,9.986883163452148438e+00
-2.626742362976074219e+00,-4.174667358398437500e+00,-9.328253746032714844e+00,-2.349551200866699219e+00,-5.888160705566406250e+00,-2.368793010711669922e+00,-3.265450477600097656e+00,-3.849425554275512695e+00,1.029101371765136719e+01
-2.619446277618408203e+00,-4.164583683013916016e+00,-9.247294425964355469e+00,-2.389976978302001953e+00,-5.898032188415527344e+00,-2.473632335662841797e+00,-3.246901512145996094e+00,-3.891375303268432617e+00,1.029059410095214844e+01
-2.644672632217407227e+00,-4.117694854736328125e+00,-9.161494255065917969e+00,-2.386139154434204102e+00,-5.873187065124511719e+00,-2.487828254699707031e+00,-3.229835271835327148e+00,-3.911126136779785156e+00,1.029410934448242188e+01
-2.616958856582641602e+00,-4.151031017303466797e+00,-9.121045112609863281e+00,-2.347902297973632812e+00,-5.873744010925292969e+00,-2.467859268188476562e+00,-3.234730243682861328e+00,-3.891562461853027344e+00,1.028787231445312500e+01
-2.621927738189697266e+00,-4.134368896484375000e+00,-9.372946739196777344e+00,-2.367927551269531250e+00,-5.882265090942382812e+00,-2.452897548675537109e+00,-3.231641292572021484e+00,-3.880171298980712891e+00,1.027883243560791016e+01
-2.644300460815429688e+00,-4.126403808593750000e+00,-9.356991767883300781e+00,-2.407162666320800781e+00,-5.896758079528808594e+00,-2.472662448883056641e+00,-3.237882137298583984e+00,-3.872142076492309570e+00,1.027051639556884766e+01
-2.621571302413940430e+00,-4.139557361602783203e+00,-9.309894561767578125e+00,-2.382035255432128906e+00,-5.884173393249511719e+00,-2.468227386474609375e+00,-3.232026815414428711e+00,-3.880061864852905273e+00,1.027055168151855469e+01
-2.591381311416625977e+00,-4.136438846588134766e+00,-9.597415924072265625e+00,-2.395160436630249023e+00,-5.949058532714843750e+00,-2.493497610092163086e+00,-3.264514923095703125e+00,-3.882414102554321289e+00,1.028572273254394531e+01
-2.613597869873046875e+00,-4.070091247558593750e+00,-9.141860961914062500e+00,-2.386596441268920898e+00,-5.837463378906250000e+00,-2.517822980880737305e+00,-3.172980308532714844e+00,-3.872643470764160156e+00,1.022059345245361328e+01
-2.620036363601684570e+00,-4.177211761474609375e+00,-9.564749717712402344e+00,-2.402291297912597656e+00,-5.933739662170410156e+00,-2.429131984710693359e+00,-3.283100128173828125e+00,-3.874317169189453125e+00,1.028471374511718750e+01
-2.514703750610351562e+00,-3.925455093383789062e+00,-9.532665252685546875e+00,-2.448576211929321289e+00,-6.116439819335937500e+00,-2.736011743545532227e+00,-3.073169469833374023e+00,-4.217822074890136719e+00,1.009179592132568359e+01
-2.517098903656005859e+00,-3.939895629882812500e+00,-9.437893867492675781e+00,-2.425328254699707031e+00,-6.098121643066406250e+00,-2.719448566436767578e+00,-3.059035062789916992e+00,-4.235488891601562500e+00,1.006851482391357422e+01
-2.551326990127563477e+00,-3.989035606384277344e+00,-9.309259414672851562e+00,-2.319354534149169922e+00,-5.934679985046386719e+00,-2.614048480987548828e+00,-3.106835842132568359e+00,-4.084654331207275391e+00,1.024054813385009766e+01
-2.500219345092773438e+00,-3.912101268768310547e+00,-9.399728775024414062e+00,-2.426514625549316406e+00,-6.127897262573242188e+00,-2.746548652648925781e+00,-3.048417091369628906e+00,-4.248245239257812500e+00,1.005174827575683594e+01
-2.528223514556884766e+00,-3.920083045959472656e+00,-9.452858924865722656e+00,-2.432758569717407227e+00,-6.134495735168457031e+00,-2.759783029556274414e+00,-3.091025590896606445e+00,-4.169084072113037109e+00,1.007849884033203125e+01
-2.557289361953735352e+00,-3.956835746765136719e+00,-9.402312278747558594e+00,-2.327787876129150391e+00,-5.956851959228515625e+00,-2.623604536056518555e+00,-3.065662145614624023e+00,-4.111187934875488281e+00,1.016401672363281250e+01
-2.569641828536987305e+00,-3.964295387268066406e+00,-9.415417671203613281e+00,-2.314311504364013672e+00,-5.931175231933593750e+00,-2.598624944686889648e+00,-3.077756404876708984e+00,-4.074043273925781250e+00,1.021431827545166016e+01
-2.522799491882324219e+00,-3.976419925689697266e+00,-9.331887245178222656e+00,-2.408376693725585938e+00,-6.017070770263671875e+00,-2.715923547744750977e+00,-3.092765569686889648e+00,-4.172621250152587891e+00,1.011306571960449219e+01
-2.660950183868408203e+00,-3.867425918579101562e+00,-9.766189575195312500e+00,-2.452150344848632812e+00,-6.074249267578125000e+00,-2.760649681091308594e+00,-3.072964906692504883e+00,-4.166052341461181641e+00,1.007184696197509766e+01
-2.526250839233398438e+00,-3.966421127319335938e+00,-9.305469512939453125e+00,-2.406207084655761719e+00,-6.028429031372070312e+00,-2.714771509170532227e+00,-3.082767248153686523e+00,-4.180217742919921875e+00,1.009987545013427734e+01
-3.074585676193237305e+00,-2.625290870666503906e+00,-1.011529636383056641e+01,-2.230075120925903320e+00,-6.129339218139648438e+00,-2.971609830856323242e+00,-1.980233430862426758e+00,-5.112864494323730469e+00,9.721034049987792969e+00
-2.868022203445434570e+00,-3.290563106536865234e+00,-1.022620010375976562e+01,-2.521656513214111328e+00,-6.094191551208496094e+00,-3.195060968399047852e+00,-2.672604799270629883e+00,-4.607739448547363281e+00,1.000704097747802734e+01
-2.718768596649169922e+00,-3.561682224273681641e+00,-9.687785148620605469e+00,-2.108952045440673828e+00,-5.883617401123046875e+00,-2.611119985580444336e+00,-2.622736930847167969e+00,-4.193805694580078125e+00,1.022800445556640625e+01
-2.656759262084960938e+00,-3.716165542602539062e+00,-9.658501625061035156e+00,-2.274462699890136719e+00,-5.892718315124511719e+00,-2.597553014755249023e+00,-2.899757862091064453e+00,-4.021835803985595703e+00,1.030655097961425781e+01
-2.669337034225463867e+00,-3.803222656250000000e+00,-9.884243011474609375e+00,-2.278575658798217773e+00,-6.033101081848144531e+00,-2.604225635528564453e+00,-2.886718034744262695e+00,-4.005784034729003906e+00,1.029046630859375000e+01
-2.627189874649047852e+00,-3.888042926788330078e+00,-9.889912605285644531e+00,-2.359005928039550781e+00,-5.971508979797363281e+00,-2.582482576370239258e+00,-3.087821245193481445e+00,-3.979320049285888672e+00,1.031825542449951172e+01
-2.639582157135009766e+00,-4.095685005187988281e+00,-9.142929077148437500e+00,-2.342393398284912109e+00,-5.858772277832031250e+00,-2.500229358673095703e+00,-3.233402490615844727e+00,-3.913332939147949219e+00,1.034467792510986328e+01
-2.667190313339233398e+00,-3.946653842926025391e+00,-9.594912528991699219e+00,-2.369748353958129883e+00,-5.921642303466796875e+00,-2.550368785858154297e+00,-3.133190870285034180e+00,-3.909348726272583008e+00,1.037298583984375000e+01
-2.631278276443481445e+00,-3.981780529022216797e+00,-9.756423950195312500e+00,-2.259975910186767578e+00,-5.864211082458496094e+00,-2.378898620605468750e+00,-3.130791187286376953e+00,-3.854294538497924805e+00,1.037447452545166016e+01
-2.620144844055175781e+00,-4.064985752105712891e+00,-9.779684066772460938e+00,-2.296091556549072266e+00,-5.908042907714843750e+00,-2.361355304718017578e+00,-3.203775882720947266e+00,-3.827358722686767578e+00,1.036402702331542969e+01
-2.621388673782348633e+00,-3.944671154022216797e+00,-9.078651428222656250e+00,-2.302325248718261719e+00,-5.834987640380859375e+00,-2.539978265762329102e+00,-3.118813276290893555e+00,-3.939964294433593750e+00,1.030235385894775391e+01
-2.611661195755004883e+00,-3.934654712677001953e+00,-9.645539283752441406e+00,-2.426208019256591797e+00,-5.960778236389160156e+00,-2.665645122528076172e+00,-3.211895942687988281e+00,-3.935371398925781250e+00,1.025748157501220703e+01
-2.655024290084838867e+00,-4.005318164825439453e+00,-9.132715225219726562e+00,-2.458293914794921875e+00,-5.981548309326171875e+00,-2.602960109710693359e+00,-3.259654998779296875e+00,-3.942026138305664062e+00,1.021151351928710938e+01
-2.582144260406494141e+00,-3.948354721069335938e+00,-9.394690513610839844e+00,-2.369145870208740234e+00,-5.903720855712890625e+00,-2.593354940414428711e+00,-3.185896158218383789e+00,-3.874921560287475586e+00,1.021991634368896484e+01
-2.623366594314575195e+00,-4.022873401641845703e+00,-9.183509826660156250e+00,-2.378158092498779297e+00,-5.870039939880371094e+00,-2.550578355789184570e+00,-3.172964811325073242e+00,-3.909369707107543945e+00,1.025416088104248047e+01
-2.535783290863037109e+00,-4.093121528625488281e+00,-8.821081161499023438e+00,-2.472504138946533203e+00,-5.940911293029785156e+00,-2.620940923690795898e+00,-3.168268203735351562e+00,-3.827640056610107422e+00,1.008554363250732422e+01
-2.396813869476318359e+00,-4.159654617309570312e+00,-8.698250770568847656e+00,-2.565785169601440430e+00,-6.054209709167480469e+00,-2.681699514389038086e+00,-3.270368337631225586e+00,-3.530020952224731445e+00,9.848154067993164062e+00
-2.600476026535034180e+00,-3.943008422851562500e+00,-9.232061386108398438e+00,-2.351645469665527344e+00,-5.863370895385742188e+00,-2.577429056167602539e+00,-3.108190059661865234e+00,-3.895512342453002930e+00,1.026226806640625000e+01
-2.635716915130615234e+00,-4.079842090606689453e+00,-9.529929161071777344e+00,-2.619488716125488281e+00,-6.049849510192871094e+00,-2.648366689682006836e+00,-3.400695800781250000e+00,-3.909041166305541992e+00,1.013080310821533203e+01
-2.451182603836059570e+00,-4.136012554168701172e+00,-8.794421195983886719e+00,-2.542423963546752930e+00,-6.082343101501464844e+00,-2.652076005935668945e+00,-3.324862718582153320e+00,-3.615513563156127930e+00,9.894276618957519531e+00
-3.138476371765136719e+00,-4.854735851287841797e+00,-1.007290458679199219e+01,-4.696639537811279297e+00,-7.223094940185546875e+00,-5.371770381927490234e+00,-4.981399059295654297e+00,-3.189441442489624023e+00,9.200296401977539062e+00
-3.181829214096069336e+00,-5.050429344177246094e+00,-9.836206436157226562e+00,-4.981331348419189453e+00,-7.374776840209960938e+00,-5.935796737670898438e+00,-5.079736709594726562e+00,-3.112818241119384766e+00,8.898376464843750000e+00
-3.485122919082641602e+00,-5.047085762023925781e+00,-9.833465576171875000e+00,-5.066059589385986328e+00,-7.433489799499511719e+00,-5.969311714172363281e+00,-5.307040214538574219e+00,-3.211751937866210938e+00,8.887080192565917969e+00
-2.827389478683471680e+00,-4.586075782775878906e+00,-9.619422912597656250e+00,-4.704176902770996094e+00,-7.198843002319335938e+00,-5.051117420196533203e+00,-4.722101688385009766e+00,-3.017669677734375000e+00,9.230597496032714844e+00
-3.045402050018310547e+00,-4.933904647827148438e+00,-9.932212829589843750e+00,-5.241179943084716797e+00,-7.275109291076660156e+00,-5.736108779907226562e+00,-5.713031291961669922e+00,-3.251693964004516602e+00,8.861968040466308594e+00
-2.829279899597167969e+00,-5.305136203765869141e+00,-8.996623992919921875e+00,-5.274443149566650391e+00,-7.450547218322753906e+00,-6.159042835235595703e+00,-5.623283863067626953e+00,-2.886991977691650391e+00,8.522442817687988281e+00
-3.707931280136108398e+00,-4.337227821350097656e+00,-1.064483928680419922e+01,-5.256131172180175781e+00,-7.409516334533691406e+00,-5.517098426818847656e+00,-5.982364177703857422e+00,-3.933000564575195312e+00,9.489904403686523438e+00
-3.425407886505126953e+00,-4.938405513763427734e+00,-9.998707771301269531e+00,-5.280105113983154297e+00,-7.074894905090332031e+00,-5.926026821136474609e+00,-5.728094577789306641e+00,-3.180233955383300781e+00,8.776786804199218750e+00
-2.864815235137939453e+00,-3.924352169036865234e+00,-1.005739116668701172e+01,-4.469942092895507812e+00,-6.874437332153320312e+00,-4.254941940307617188e+00,-4.567447662353515625e+00,-3.271100282669067383e+00,9.671775817871093750e+00
-3.241682767868041992e+00,-4.658385276794433594e+00,-1.003470706939697266e+01,-5.033264160156250000e+00,-7.101379394531250000e+00,-5.601473331451416016e+00,-5.511025905609130859e+00,-3.478286504745483398e+00,9.008374214172363281e+00
-3.219894170761108398e+00,-5.386178970336914062e+00,-9.377386093139648438e+00,-4.846122264862060547e+00,-7.933325767517089844e+00,-4.768842220306396484e+00,-4.789154052734375000e+00,-3.661785364151000977e+00,9.583072662353515625e+00
-3.084108591079711914e+00,-5.130029678344726562e+00,-9.549124717712402344e+00,-5.261203289031982422e+00,-7.925738334655761719e+00,-5.182428836822509766e+00,-4.874456405639648438e+00,-3.359678745269775391e+00,9.204307556152343750e+00
-3.155711650848388672e+00,-4.825175285339355469e+00,-1.033559226989746094e+01,-5.035556316375732422e+00,-7.643793106079101562e+00,-4.611247062683105469e+00,-4.692415714263916016e+00,-3.423901081085205078e+00,9.447649002075195312e+00
-2.984071493148803711e+00,-4.299919128417968750e+00,-1.037195873260498047e+01,-4.716472148895263672e+00,-6.971074104309082031e+00,-4.117994308471679688e+00,-4.807706832885742188e+00,-3.373111009597778320e+00,9.516557693481445312e+00
-3.204871416091918945e+00,-4.751746177673339844e+00,-1.017830562591552734e+01,-4.809657573699951172e+00,-7.314188957214355469e+00,-4.777106285095214844e+00,-4.567076683044433594e+00,-3.300757169723510742e+00,9.410872459411621094e+00
-2.810714483261108398e+00,-5.275447368621826172e+00,-1.001879787445068359e+01,-5.485407352447509766e+00,-8.535214424133300781e+00,-4.688258171081542969e+00,-5.459132671356201172e+00,-3.482679605484008789e+00,9.279762268066406250e+00
-2.593144893646240234e+00,-5.421177387237548828e+00,-9.839749336242675781e+00,-5.512040138244628906e+00,-8.762625694274902344e+00,-4.764466285705566406e+00,-5.685778141021728516e+00,-3.643163919448852539e+00,9.082334518432617188e+00
-2.705189704895019531e+00,-4.369467258453369141e+00,-9.935820579528808594e+00,-4.338397502899169922e+00,-7.026288986206054688e+00,-4.092648506164550781e+00,-3.799668073654174805e+00,-3.308906555175781250e+00,9.414351463317871094e+00
-2.882522821426391602e+00,-4.556578636169433594e+00,-1.001071929931640625e+01,-4.530254364013671875e+00,-7.205774307250976562e+00,-4.188811302185058594e+00,-4.433715343475341797e+00,-3.312314748764038086e+00,9.478514671325683594e+00
-2.740745544433593750e+00,-4.538022041320800781e+00,-9.494033813476562500e+00,-4.516202926635742188e+00,-7.718163490295410156e+00,-4.869266510009765625e+00,-4.829975128173828125e+00,-3.549166917800903320e+00,9.166739463806152344e+00
-2.568215608596801758e+00,-3.883233547210693359e+00,-9.224140167236328125e+00,-3.056180000305175781e+00,-6.115319252014160156e+00,-2.646136760711669922e+00,-3.304931163787841797e+00,-3.691881656646728516e+00,1.009028816223144531e+01
-2.383947134017944336e+00,-3.913623809814453125e+00,-8.478071212768554688e+00,-3.010962963104248047e+00,-6.680988311767578125e+00,-2.822952032089233398e+00,-3.075796127319335938e+00,-3.637690544128417969e+00,9.551002502441406250e+00
-2.513990402221679688e+00,-3.872501850128173828e+00,-8.922544479370117188e+00,-2.906762599945068359e+00,-6.036422729492187500e+00,-2.690404653549194336e+00,-3.100816011428833008e+00,-3.735363006591796875e+00,9.909711837768554688e+00
-2.389179706573486328e+00,-3.016583442687988281e+00,-9.056727409362792969e+00,-1.677656531333923340e+00,-5.611678123474121094e+00,-2.816448688507080078e+00,-1.884417533874511719e+00,-4.061114311218261719e+00,9.841135978698730469e+00
-2.421614408493041992e+00,-3.617459774017333984e+00,-8.897358894348144531e+00,-3.093373298645019531e+00,-6.060832023620605469e+00,-2.832054376602172852e+00,-3.282626628875732422e+00,-3.309741973876953125e+00,9.636705398559570312e+00
-2.485432863235473633e+00,-3.439709663391113281e+00,-8.929522514343261719e+00,-2.594565868377685547e+00,-6.252609252929687500e+00,-2.636017560958862305e+00,-2.965488195419311523e+00,-3.699196815490722656e+00,9.783657073974609375e+00
-2.278644561767578125e+00,-3.877274036407470703e+00,-8.627103805541992188e+00,-2.660489797592163086e+00,-5.974187850952148438e+00,-2.854787349700927734e+00,-2.840276479721069336e+00,-3.367428541183471680e+00,9.807192802429199219e+00
-2.315353155136108398e+00,-4.098001480102539062e+00,-8.527548789978027344e+00,-2.955704212188720703e+00,-6.205515861511230469e+00,-3.087386608123779297e+00,-3.061277866363525391e+00,-3.288368701934814453e+00,9.700316429138183594e+00
-2.336442232131958008e+00,-3.718400478363037109e+00,-8.961422920227050781e+00,-2.584663152694702148e+00,-6.222276687622070312e+00,-2.760585308074951172e+00,-2.950460910797119141e+00,-3.221316099166870117e+00,9.743990898132324219e+00
-2.252226591110229492e+00,-3.651124954223632812e+00,-8.823567390441894531e+00,-2.302828788757324219e+00,-5.892741203308105469e+00,-2.860200166702270508e+00,-2.455883979797363281e+00,-3.561637878417968750e+00,9.816884994506835938e+00
-2.154465913772583008e+00,-3.254385948181152344e+00,-9.262373924255371094e+00,-3.010240077972412109e+00,-6.804564476013183594e+00,-4.214598655700683594e+00,-2.728757143020629883e+00,-4.694881916046142578e+00,9.320731163024902344e+00
-2.335771083831787109e+00,-3.782770633697509766e+00,-9.441535949707031250e+00,-3.341837406158447266e+00,-6.941562652587890625e+00,-4.284775733947753906e+00,-3.085234642028808594e+00,-4.507591247558593750e+00,9.392179489135742188e+00
-2.228823423385620117e+00,-3.590645313262939453e+00,-9.354533195495605469e+00,-3.113312244415283203e+00,-6.717966079711914062e+00,-4.030443191528320312e+00,-2.902751207351684570e+00,-4.378936767578125000e+00,9.460984230041503906e+00
-2.451214551925659180e+00,-3.799598693847656250e+00,-9.571379661560058594e+00,-3.277171611785888672e+00,-6.707353591918945312e+00,-3.888717889785766602e+00,-3.064632892608642578e+00,-3.944837570190429688e+00,9.686026573181152344e+00
-2.276782274246215820e+00,-3.706037044525146484e+00,-9.381817817687988281e+00,-3.059323310852050781e+00,-6.607818603515625000e+00,-3.908818721771240234e+00,-2.944600820541381836e+00,-4.133161544799804688e+00,9.495779037475585938e+00
-2.367751836776733398e+00,-3.727723121643066406e+00,-9.421252250671386719e+00,-3.136467933654785156e+00,-6.605539321899414062e+00,-3.879569053649902344e+00,-2.976543903350830078e+00,-4.022602558135986328e+00,9.624464988708496094e+00
-1.987835049629211426e+00,-3.511356353759765625e+00,-8.887492179870605469e+00,-2.677978515625000000e+00,-6.477856636047363281e+00,-3.777324199676513672e+00,-2.538160085678100586e+00,-3.801613569259643555e+00,9.359429359436035156e+00
-2.411182403564453125e+00,-3.736202239990234375e+00,-9.399824142456054688e+00,-3.123039245605468750e+00,-6.568831443786621094e+00,-3.796121358871459961e+00,-2.981863260269165039e+00,-4.001430034637451172e+00,9.729626655578613281e+00
-2.389200687408447266e+00,-3.673358917236328125e+00,-9.628605842590332031e+00,-3.244820594787597656e+00,-6.701472282409667969e+00,-3.911609172821044922e+00,-3.110751867294311523e+00,-4.379096508026123047e+00,9.692891120910644531e+00
-2.483261346817016602e+00,-3.826095104217529297e+00,-9.619921684265136719e+00,-3.218817710876464844e+00,-6.616822242736816406e+00,-3.775351047515869141e+00,-3.126941442489624023e+00,-4.061874866485595703e+00,9.796988487243652344e+00
-2.553289175033569336e+00,-3.613531112670898438e+00,-8.355861663818359375e+00,-2.769191980361938477e+00,-6.297774314880371094e+00,-3.467359542846679688e+00,-2.652342796325683594e+00,-3.877339124679565430e+00,9.616280555725097656e+00
-2.395990133285522461e+00,-3.584857463836669922e+00,-8.238274574279785156e+00,-2.647777557373046875e+00,-6.154883384704589844e+00,-3.336358785629272461e+00,-2.566161155700683594e+00,-3.845061063766479492e+00,9.597788810729980469e+00
-2.561685085296630859e+00,-3.618992805480957031e+00,-8.395982742309570312e+00,-2.847418785095214844e+00,-6.363289833068847656e+00,-3.422069787979125977e+00,-2.843493461608886719e+00,-4.041979789733886719e+00,9.686536788940429688e+00
-2.402203321456909180e+00,-3.469440937042236328e+00,-8.378844261169433594e+00,-2.403368949890136719e+00,-5.895470619201660156e+00,-3.196320295333862305e+00,-2.679262638092041016e+00,-3.955396652221679688e+00,9.763470649719238281e+00
-3.326350450515747070e+00,-4.586855411529541016e+00,-9.327254295349121094e+00,-3.966565608978271484e+00,-7.240147590637207031e+00,-4.156519889831542969e+00,-3.971666812896728516e+00,-3.563854932785034180e+00,9.652903556823730469e+00
-3.533089160919189453e+00,-4.658548831939697266e+00,-9.897819519042968750e+00,-4.171446800231933594e+00,-7.221707344055175781e+00,-4.155296325683593750e+00,-4.269581794738769531e+00,-3.777688503265380859e+00,9.570491790771484375e+00
-2.671655416488647461e+00,-4.270967006683349609e+00,-8.376980781555175781e+00,-3.394555568695068359e+00,-6.793347358703613281e+00,-3.705177545547485352e+00,-3.283287286758422852e+00,-3.172227859497070312e+00,9.568967819213867188e+00
-3.291733264923095703e+00,-4.616901874542236328e+00,-9.446937561035156250e+00,-4.038747310638427734e+00,-7.148509025573730469e+00,-4.111321449279785156e+00,-4.029605388641357422e+00,-3.628801345825195312e+00,9.491447448730468750e+00
-3.161211967468261719e+00,-4.616060733795166016e+00,-9.239724159240722656e+00,-3.872042655944824219e+00,-6.953639030456542969e+00,-3.947545528411865234e+00,-3.839374303817749023e+00,-3.562466382980346680e+00,9.544713020324707031e+00
-1.783839344978332520e+00,-3.715542316436767578e+00,-7.932534217834472656e+00,-1.986881256103515625e+00,-5.575784683227539062e+00,-3.189801692962646484e+00,-1.923111915588378906e+00,-2.836350202560424805e+00,9.340405464172363281e+00
-2.675879001617431641e+00,-3.758386135101318359e+00,-9.993121147155761719e+00,-2.556089878082275391e+00,-6.123158454895019531e+00,-2.900666475296020508e+00,-3.133837461471557617e+00,-4.163796424865722656e+00,1.020620346069335938e+01
-2.605861902236938477e+00,-3.980627059936523438e+00,-9.356063842773437500e+00,-2.337025642395019531e+00,-5.824570655822753906e+00,-2.531131982803344727e+00,-3.180125713348388672e+00,-3.904018402099609375e+00,1.037532043457031250e+01
-2.666519641876220703e+00,-3.996898651123046875e+00,-9.087861061096191406e+00,-2.314752817153930664e+00,-5.773324966430664062e+00,-2.541751623153686523e+00,-3.154333353042602539e+00,-3.970739841461181641e+00,1.034432983398437500e+01
-2.679760217666625977e+00,-3.938126087188720703e+00,-9.211345672607421875e+00,-2.274335861206054688e+00,-5.789880752563476562e+00,-2.508830785751342773e+00,-3.103031873703002930e+00,-3.985676050186157227e+00,1.034485626220703125e+01
-2.706617832183837891e+00,-3.781093597412109375e+00,-9.378066062927246094e+00,-2.253692626953125000e+00,-5.791496276855468750e+00,-2.538199901580810547e+00,-2.994080543518066406e+00,-3.970611333847045898e+00,1.030348777770996094e+01
-2.656806468963623047e+00,-3.707136154174804688e+00,-1.001611232757568359e+01,-2.355295658111572266e+00,-5.957134246826171875e+00,-2.714497327804565430e+00,-2.971656799316406250e+00,-4.069145202636718750e+00,1.027958488464355469e+01
-2.643762826919555664e+00,-3.880023956298828125e+00,-8.983494758605957031e+00,-2.339901924133300781e+00,-5.723389625549316406e+00,-2.603420019149780273e+00,-3.120777130126953125e+00,-4.052437305450439453e+00,1.031903648376464844e+01
-2.575131416320800781e+00,-3.691626071929931641e+00,-9.155929565429687500e+00,-2.242435216903686523e+00,-5.808027267456054688e+00,-2.669925928115844727e+00,-3.008353948593139648e+00,-4.067878723144531250e+00,1.025258827209472656e+01
-2.627719640731811523e+00,-3.954213142395019531e+00,-8.963590621948242188e+00,-2.318991422653198242e+00,-5.773646354675292969e+00,-2.588568687438964844e+00,-3.122469663619995117e+00,-3.981761693954467773e+00,1.030848407745361328e+01
-2.668678998947143555e+00,-3.979456424713134766e+00,-9.268718719482421875e+00,-2.287023067474365234e+00,-5.821792602539062500e+00,-2.480078935623168945e+00,-3.140195131301879883e+00,-3.961079835891723633e+00,1.038016223907470703e+01
-3.418353557586669922e+00,-4.879583358764648438e+00,-9.558773040771484375e+00,-4.434679508209228516e+00,-7.411897659301757812e+00,-7.542345046997070312e+00,-4.947291851043701172e+00,-5.459033966064453125e+00,9.691526412963867188e+00
-3.381685495376586914e+00,-4.923784732818603516e+00,-9.505112648010253906e+00,-4.392978668212890625e+00,-7.337096214294433594e+00,-7.583178043365478516e+00,-4.911726951599121094e+00,-5.598999023437500000e+00,9.794575691223144531e+00
-3.268798589706420898e+00,-4.834918975830078125e+00,-9.465321540832519531e+00,-4.288047790527343750e+00,-7.465052604675292969e+00,-7.346539974212646484e+00,-4.776793956756591797e+00,-5.546489715576171875e+00,9.734734535217285156e+00
-3.414567470550537109e+00,-4.826864719390869141e+00,-9.570972442626953125e+00,-4.380906105041503906e+00,-7.436615943908691406e+00,-7.387700080871582031e+00,-4.861830711364746094e+00,-5.424443244934082031e+00,9.646328926086425781e+00
-3.312668800354003906e+00,-4.879306793212890625e+00,-9.562289237976074219e+00,-4.294151782989501953e+00,-7.563214302062988281e+00,-7.364325046539306641e+00,-4.889583587646484375e+00,-5.486385345458984375e+00,9.646423339843750000e+00
-3.365926265716552734e+00,-4.842792034149169922e+00,-9.557871818542480469e+00,-4.315421104431152344e+00,-7.573280334472656250e+00,-7.340126514434814453e+00,-4.914317607879638672e+00,-5.454562187194824219e+00,9.616902351379394531e+00
-3.159010171890258789e+00,-4.695300102233886719e+00,-9.472589492797851562e+00,-4.179755687713623047e+00,-7.508228302001953125e+00,-6.997865676879882812e+00,-4.548329353332519531e+00,-5.413309097290039062e+00,9.668059349060058594e+00
-3.193458318710327148e+00,-4.753781318664550781e+00,-9.531762123107910156e+00,-4.201137065887451172e+00,-7.506426811218261719e+00,-7.029220104217529297e+00,-4.593557357788085938e+00,-5.389793872833251953e+00,9.618711471557617188e+00
-3.415156602859497070e+00,-4.894104480743408203e+00,-9.502858161926269531e+00,-4.364143848419189453e+00,-7.454423904418945312e+00,-7.429815292358398438e+00,-4.833755016326904297e+00,-5.587974071502685547e+00,9.790474891662597656e+00
-3.189245939254760742e+00,-4.663121700286865234e+00,-9.420191764831542969e+00,-4.189898014068603516e+00,-7.405693054199218750e+00,-6.905500411987304688e+00,-4.497432231903076172e+00,-5.369606494903564453e+00,9.638558387756347656e+00
-3.145485877990722656e+00,-4.065297603607177734e+00,-9.635563850402832031e+00,-3.508079528808593750e+00,-6.883221626281738281e+00,-4.020564079284667969e+00,-3.353339672088623047e+00,-4.007800102233886719e+00,9.932185173034667969e+00
-3.296593427658081055e+00,-4.160712718963623047e+00,-9.656665802001953125e+00,-3.731045722961425781e+00,-7.355026245117187500e+00,-4.103855133056640625e+00,-3.434659481048583984e+00,-3.964171886444091797e+00,9.877878189086914062e+00
-2.741773366928100586e+00,-3.490315914154052734e+00,-9.168320655822753906e+00,-2.534377098083496094e+00,-5.953301429748535156e+00,-3.141863346099853516e+00,-2.941929817199707031e+00,-4.237507343292236328e+00,1.019559097290039062e+01
-2.681672811508178711e+00,-4.059582233428955078e+00,-9.347918510437011719e+00,-2.636359930038452148e+00,-6.219470977783203125e+00,-2.943398475646972656e+00,-3.155074357986450195e+00,-3.896052122116088867e+00,1.020841026306152344e+01
-2.727833986282348633e+00,-3.964351177215576172e+00,-8.983655929565429688e+00,-2.706707000732421875e+00,-6.155442237854003906e+00,-3.145880460739135742e+00,-3.072618246078491211e+00,-3.910637855529785156e+00,1.014503097534179688e+01
-2.697674274444580078e+00,-4.021111488342285156e+00,-9.101718902587890625e+00,-2.550574541091918945e+00,-6.056277275085449219e+00,-2.822642564773559570e+00,-3.180796861648559570e+00,-3.871251106262207031e+00,1.021637916564941406e+01
-2.804906845092773438e+00,-3.917644977569580078e+00,-9.148823738098144531e+00,-2.732824325561523438e+00,-6.369365692138671875e+00,-3.076004981994628906e+00,-3.166157484054565430e+00,-4.005447864532470703e+00,1.020944213867187500e+01
-2.723431348800659180e+00,-3.363945484161376953e+00,-9.795340538024902344e+00,-2.372359991073608398e+00,-6.432175636291503906e+00,-2.893155097961425781e+00,-2.607187271118164062e+00,-4.252847194671630859e+00,1.014372062683105469e+01
-2.664305686950683594e+00,-3.932802200317382812e+00,-9.372601509094238281e+00,-2.409380197525024414e+00,-6.073324203491210938e+00,-2.698260784149169922e+00,-3.010351419448852539e+00,-3.954664707183837891e+00,1.025904560089111328e+01
-2.662397384643554688e+00,-4.073318481445312500e+00,-8.938253402709960938e+00,-2.387123823165893555e+00,-5.810632705688476562e+00,-2.613776445388793945e+00,-3.160435676574707031e+00,-4.017909526824951172e+00,1.027439594268798828e+01
-4.065802574157714844e+00,-3.273599147796630859e+00,-9.696175575256347656e+00,-3.886060714721679688e+00,-7.659951210021972656e+00,-4.594035148620605469e+00,-4.238632678985595703e+00,-4.988171577453613281e+00,9.739756584167480469e+00
-3.376320123672485352e+00,-2.694432735443115234e+00,-9.555608749389648438e+00,-2.711614847183227539e+00,-6.672128677368164062e+00,-3.482265233993530273e+00,-2.910764932632446289e+00,-4.891140460968017578e+00,9.616029739379882812e+00
-3.624238967895507812e+00,-2.588804721832275391e+00,-9.602980613708496094e+00,-2.712581634521484375e+00,-6.917112350463867188e+00,-3.938447952270507812e+00,-3.201245307922363281e+00,-5.092961311340332031e+00,9.618450164794921875e+00
-3.246059179306030273e+00,-2.385600328445434570e+00,-9.578907012939453125e+00,-2.210768222808837891e+00,-6.411135673522949219e+00,-3.253476858139038086e+00,-2.481534481048583984e+00,-4.988662242889404297e+00,9.683809280395507812e+00
-2.914073228836059570e+00,-1.872027397155761719e+00,-9.646694183349609375e+00,-1.532626867294311523e+00,-5.979360580444335938e+00,-2.911124229431152344e+00,-1.555964708328247070e+00,-4.810374259948730469e+00,9.523467063903808594e+00
-2.873055219650268555e+00,-2.079620838165283203e+00,-9.476588249206542969e+00,-1.666657686233520508e+00,-6.055860519409179688e+00,-3.263082742691040039e+00,-1.960892200469970703e+00,-4.750636100769042969e+00,9.633852005004882812e+00
-3.054242849349975586e+00,-2.056107044219970703e+00,-9.566596031188964844e+00,-1.722191333770751953e+00,-6.061618804931640625e+00,-2.742156028747558594e+00,-1.654823780059814453e+00,-4.863776206970214844e+00,9.387543678283691406e+00
-2.502310276031494141e+00,-2.143325328826904297e+00,-9.341753959655761719e+00,-1.441718339920043945e+00,-5.840745925903320312e+00,-3.115786314010620117e+00,-1.805019855499267578e+00,-4.315758228302001953e+00,9.616065979003906250e+00
-2.970634460449218750e+00,-2.601735115051269531e+00,-9.568640708923339844e+00,-2.155678272247314453e+00,-6.229271888732910156e+00,-3.322054386138916016e+00,-2.560413599014282227e+00,-4.613721847534179688e+00,9.671708106994628906e+00
-3.243664979934692383e+00,-2.750261783599853516e+00,-9.542322158813476562e+00,-2.517047882080078125e+00,-6.620155334472656250e+00,-3.869284152984619141e+00,-3.175468921661376953e+00,-4.650236606597900391e+00,9.768348693847656250e+00
-3.808903694152832031e+00,-4.371770858764648438e+00,-9.691676139831542969e+00,-4.736893653869628906e+00,-8.715170860290527344e+00,-4.103495121002197266e+00,-4.406347751617431641e+00,-3.456342697143554688e+00,9.817575454711914062e+00
-3.429450511932373047e+00,-4.624648571014404297e+00,-9.546815872192382812e+00,-4.490974903106689453e+00,-8.397168159484863281e+00,-3.747145175933837891e+00,-4.029780864715576172e+00,-3.447439432144165039e+00,9.787698745727539062e+00
-3.258539676666259766e+00,-4.418063640594482422e+00,-9.222167968750000000e+00,-4.193527221679687500e+00,-8.202745437622070312e+00,-3.835576772689819336e+00,-3.932408809661865234e+00,-3.542504072189331055e+00,1.005987453460693359e+01
-2.833829402923583984e+00,-4.383221626281738281e+00,-9.226669311523437500e+00,-3.777631282806396484e+00,-7.645874977111816406e+00,-3.411627054214477539e+00,-3.614327192306518555e+00,-3.529319047927856445e+00,1.019355773925781250e+01
-3.450342416763305664e+00,-4.266844272613525391e+00,-9.478163719177246094e+00,-4.420966148376464844e+00,-8.586171150207519531e+00,-3.962736368179321289e+00,-4.039340019226074219e+00,-3.503994941711425781e+00,9.784780502319335938e+00
-3.217415809631347656e+00,-4.542557239532470703e+00,-9.158708572387695312e+00,-4.297176837921142578e+00,-8.547499656677246094e+00,-3.723566293716430664e+00,-4.000650405883789062e+00,-3.541240692138671875e+00,9.873298645019531250e+00
-3.767887353897094727e+00,-4.433677673339843750e+00,-9.678353309631347656e+00,-4.888481140136718750e+00,-8.533597946166992188e+00,-3.934884309768676758e+00,-4.453961849212646484e+00,-3.116981267929077148e+00,9.485667228698730469e+00
-2.756132364273071289e+00,-4.158978939056396484e+00,-9.163941383361816406e+00,-3.712201118469238281e+00,-7.689141273498535156e+00,-3.104662895202636719e+00,-3.495933771133422852e+00,-3.433411836624145508e+00,1.021316909790039062e+01
-2.901363372802734375e+00,-4.284646034240722656e+00,-9.592489242553710938e+00,-3.740186691284179688e+00,-7.419348716735839844e+00,-3.501618862152099609e+00,-3.594753265380859375e+00,-3.485026836395263672e+00,1.022356796264648438e+01
-3.171074628829956055e+00,-4.284647464752197266e+00,-9.886864662170410156e+00,-3.921750068664550781e+00,-7.337697982788085938e+00,-3.456569194793701172e+00,-3.693984031677246094e+00,-3.424251794815063477e+00,1.026369094848632812e+01
-1.894749522209167480e+00,-4.780564785003662109e+00,-7.927483558654785156e+00,-2.768684387207031250e+00,-5.953596115112304688e+00,-2.165624618530273438e+00,-3.582486867904663086e+00,-3.139656782150268555e+00,1.076808357238769531e+01
-1.819454073905944824e+00,-4.471992492675781250e+00,-7.782707214355468750e+00,-2.869792938232421875e+00,-6.616063117980957031e+00,-2.280789613723754883e+00,-3.436803817749023438e+00,-3.271382093429565430e+00,1.026527214050292969e+01
-1.971439719200134277e+00,-4.785243511199951172e+00,-8.093330383300781250e+00,-2.826215028762817383e+00,-6.041045188903808594e+00,-2.217487812042236328e+00,-3.641479015350341797e+00,-3.153479576110839844e+00,1.079443264007568359e+01
-1.973611116409301758e+00,-4.702329635620117188e+00,-8.084316253662109375e+00,-2.804307222366333008e+00,-6.226084709167480469e+00,-2.207499742507934570e+00,-3.431002140045166016e+00,-3.285533666610717773e+00,1.053319358825683594e+01
-2.008871793746948242e+00,-4.650668144226074219e+00,-8.018031120300292969e+00,-2.980782508850097656e+00,-6.467761039733886719e+00,-2.322444677352905273e+00,-3.724333763122558594e+00,-3.075004100799560547e+00,1.041637420654296875e+01
-1.924365401268005371e+00,-4.778885364532470703e+00,-7.795298576354980469e+00,-2.818294525146484375e+00,-5.982297897338867188e+00,-2.230602264404296875e+00,-3.721839189529418945e+00,-3.017559528350830078e+00,1.075257396697998047e+01
-2.017103910446166992e+00,-4.741504192352294922e+00,-8.144964218139648438e+00,-2.842630863189697266e+00,-6.166138648986816406e+00,-2.237615585327148438e+00,-3.644868135452270508e+00,-3.095186471939086914e+00,1.060558986663818359e+01
-1.944413185119628906e+00,-4.701708793640136719e+00,-7.939145088195800781e+00,-2.714479923248291016e+00,-5.991665840148925781e+00,-2.260389804840087891e+00,-3.424631595611572266e+00,-3.161292314529418945e+00,1.065514564514160156e+01
-2.004390239715576172e+00,-4.763288497924804688e+00,-8.114264488220214844e+00,-2.770400047302246094e+00,-5.969334602355957031e+00,-2.258000612258911133e+00,-3.596393108367919922e+00,-3.130247354507446289e+00,1.068564128875732422e+01
-1.970234274864196777e+00,-4.767583370208740234e+00,-7.895981788635253906e+00,-2.799427032470703125e+00,-5.952855110168457031e+00,-2.249937772750854492e+00,-3.682007551193237305e+00,-3.038869619369506836e+00,1.071126651763916016e+01
-3.829413175582885742e+00,-4.156923294067382812e+00,-9.631295204162597656e+00,-5.395041465759277344e+00,-8.839962005615234375e+00,-3.507046222686767578e+00,-5.161958217620849609e+00,-2.949985980987548828e+00,9.028374671936035156e+00
-4.031649589538574219e+00,-4.476982593536376953e+00,-1.003167724609375000e+01,-5.027575016021728516e+00,-8.228860855102539062e+00,-3.181575059890747070e+00,-4.807003498077392578e+00,-2.880236387252807617e+00,9.477431297302246094e+00
-2.758563280105590820e+00,-3.548166275024414062e+00,-9.360366821289062500e+00,-5.055445194244384766e+00,-8.519282341003417969e+00,-2.790597677230834961e+00,-5.191561698913574219e+00,-3.656785726547241211e+00,8.562984466552734375e+00
-3.024448871612548828e+00,-3.474394321441650391e+00,-9.206315040588378906e+00,-5.292978763580322266e+00,-8.497000694274902344e+00,-2.750828742980957031e+00,-5.504897594451904297e+00,-3.091913461685180664e+00,8.843466758728027344e+00
-3.407770156860351562e+00,-3.835470676422119141e+00,-9.155054092407226562e+00,-5.192388534545898438e+00,-8.389664649963378906e+00,-2.533560514450073242e+00,-5.111839294433593750e+00,-2.925526618957519531e+00,9.145839691162109375e+00
-2.572190523147583008e+00,-4.081762313842773438e+00,-9.259457588195800781e+00,-5.568230152130126953e+00,-9.171877861022949219e+00,-3.307847261428833008e+00,-6.130441188812255859e+00,-4.439797878265380859e+00,7.859401702880859375e+00
-2.963027477264404297e+00,-3.339324474334716797e+00,-1.027816581726074219e+01,-4.676613807678222656e+00,-7.467581748962402344e+00,-2.368552207946777344e+00,-5.000357151031494141e+00,-3.092033147811889648e+00,9.126993179321289062e+00
-3.009761333465576172e+00,-3.764534950256347656e+00,-1.006736755371093750e+01,-4.447936534881591797e+00,-7.506278038024902344e+00,-2.570573806762695312e+00,-5.063283443450927734e+00,-3.433875560760498047e+00,9.499102592468261719e+00
-3.171857595443725586e+00,-3.693496227264404297e+00,-9.856946945190429688e+00,-4.490874290466308594e+00,-7.778701782226562500e+00,-3.307987213134765625e+00,-4.690506458282470703e+00,-3.756034851074218750e+00,9.567187309265136719e+00
-2.661760568618774414e+00,-3.867844104766845703e+00,-9.281601905822753906e+00,-5.167290210723876953e+00,-9.004427909851074219e+00,-3.451043844223022461e+00,-5.776130676269531250e+00,-4.501036167144775391e+00,7.926451683044433594e+00
-1.899029612541198730e+00,-4.528588294982910156e+00,-8.478706359863281250e+00,-2.802575349807739258e+00,-6.097773551940917969e+00,-2.130663871765136719e+00,-3.267099618911743164e+00,-3.463635206222534180e+00,1.055284786224365234e+01
-1.957139015197753906e+00,-4.545117855072021484e+00,-7.970381736755371094e+00,-2.814183473587036133e+00,-6.338283538818359375e+00,-2.291065216064453125e+00,-3.234653711318969727e+00,-3.332471609115600586e+00,1.036377906799316406e+01
-1.909169793128967285e+00,-4.608469963073730469e+00,-8.107742309570312500e+00,-2.609347820281982422e+00,-6.098678588867187500e+00,-2.214344024658203125e+00,-3.239069461822509766e+00,-3.150296211242675781e+00,1.056113243103027344e+01
-1.960531234741210938e+00,-4.446982860565185547e+00,-8.127005577087402344e+00,-2.500948905944824219e+00,-6.040322303771972656e+00,-2.354457378387451172e+00,-3.008702754974365234e+00,-3.162643671035766602e+00,1.040555191040039062e+01
-1.906629562377929688e+00,-4.486772060394287109e+00,-8.022212028503417969e+00,-2.516162157058715820e+00,-6.065876007080078125e+00,-2.326830387115478516e+00,-2.996067047119140625e+00,-3.188377380371093750e+00,1.040552616119384766e+01
-1.800273656845092773e+00,-4.292680740356445312e+00,-7.750457763671875000e+00,-2.359071969985961914e+00,-5.947816848754882812e+00,-2.389178037643432617e+00,-2.964202404022216797e+00,-2.979070186614990234e+00,1.032868194580078125e+01
-1.899289846420288086e+00,-4.445033073425292969e+00,-7.895036697387695312e+00,-2.502473592758178711e+00,-6.037326812744140625e+00,-2.401038646697998047e+00,-3.021259307861328125e+00,-3.113290309906005859e+00,1.038442039489746094e+01
-1.995523452758789062e+00,-4.601002216339111328e+00,-8.013566017150878906e+00,-2.823845863342285156e+00,-6.308991432189941406e+00,-2.266246557235717773e+00,-3.212011814117431641e+00,-3.297865152359008789e+00,1.038255977630615234e+01
-1.962589979171752930e+00,-4.420163631439208984e+00,-8.254517555236816406e+00,-2.360598564147949219e+00,-5.860238075256347656e+00,-2.464777946472167969e+00,-2.926211357116699219e+00,-3.099984645843505859e+00,1.043389606475830078e+01
-1.919299721717834473e+00,-4.393478393554687500e+00,-7.929417610168457031e+00,-2.398816585540771484e+00,-5.973402976989746094e+00,-2.416642904281616211e+00,-3.002088308334350586e+00,-3.017630100250244141e+00,1.035718345642089844e+01
-3.750337600708007812e+00,-2.602564334869384766e+00,-9.789712905883789062e+00,-2.689966201782226562e+00,-6.688741683959960938e+00,-4.082527637481689453e+00,-3.233204126358032227e+00,-5.358562469482421875e+00,9.710143089294433594e+00
-4.193486213684082031e+00,-2.812887191772460938e+00,-9.926396369934082031e+00,-3.382020950317382812e+00,-7.372772216796875000e+00,-4.412626743316650391e+00,-3.743297576904296875e+00,-5.487454891204833984e+00,9.665143013000488281e+00
-4.110904216766357422e+00,-2.819448947906494141e+00,-1.019091892242431641e+01,-3.129377841949462891e+00,-7.152300834655761719e+00,-4.400523662567138672e+00,-3.496900081634521484e+00,-5.663300037384033203e+00,9.737394332885742188e+00
-4.201886177062988281e+00,-2.906289577484130859e+00,-1.022249507904052734e+01,-3.300076007843017578e+00,-7.308713912963867188e+00,-4.509097576141357422e+00,-3.670526504516601562e+00,-5.701323509216308594e+00,9.739295959472656250e+00
-4.201860427856445312e+00,-2.835997104644775391e+00,-1.000591087341308594e+01,-3.343589782714843750e+00,-7.378260612487792969e+00,-4.452254295349121094e+00,-3.728583097457885742e+00,-5.594862461090087891e+00,9.668413162231445312e+00
-3.850268363952636719e+00,-2.974479675292968750e+00,-1.046670913696289062e+01,-2.833100795745849609e+00,-6.798959732055664062e+00,-4.134479522705078125e+00,-3.004536867141723633e+00,-5.652479648590087891e+00,9.698545455932617188e+00
-4.264129638671875000e+00,-2.920094966888427734e+00,-1.009232234954833984e+01,-3.410010337829589844e+00,-7.472183227539062500e+00,-4.646773338317871094e+00,-3.883105039596557617e+00,-5.653907775878906250e+00,9.746521949768066406e+00
-4.233841419219970703e+00,-3.120192050933837891e+00,-1.029450511932373047e+01,-3.568206787109375000e+00,-7.345331192016601562e+00,-4.865118503570556641e+00,-3.819411754608154297e+00,-5.530333042144775391e+00,9.892454147338867188e+00
-4.385497093200683594e+00,-3.145845413208007812e+00,-1.020306015014648438e+01,-3.681209087371826172e+00,-7.355643272399902344e+00,-4.754983425140380859e+00,-3.973875999450683594e+00,-5.459010601043701172e+00,9.954889297485351562e+00
-4.547824859619140625e+00,-3.504406452178955078e+00,-1.083180427551269531e+01,-3.722251415252685547e+00,-7.675973892211914062e+00,-4.819247245788574219e+00,-3.810973644256591797e+00,-5.929239273071289062e+00,9.804170608520507812e+00
-3.468626976013183594e+00,-3.160411357879638672e+00,-1.062060737609863281e+01,-2.622978210449218750e+00,-6.652300834655761719e+00,-3.729319810867309570e+00,-2.795637130737304688e+00,-5.373502254486083984e+00,9.612743377685546875e+00
-3.961506366729736328e+00,-2.964379787445068359e+00,-1.024530887603759766e+01,-3.075302124023437500e+00,-6.996548652648925781e+00,-4.121413230895996094e+00,-3.615055561065673828e+00,-5.597692966461181641e+00,9.736507415771484375e+00
-4.115748882293701172e+00,-3.347566127777099609e+00,-1.097415161132812500e+01,-3.261653423309326172e+00,-7.264511108398437500e+00,-4.146060943603515625e+00,-3.496753215789794922e+00,-5.651018142700195312e+00,9.656065940856933594e+00
-4.013844013214111328e+00,-3.009037017822265625e+00,-1.060655689239501953e+01,-3.148935317993164062e+00,-7.210972785949707031e+00,-4.236783981323242188e+00,-3.454193353652954102e+00,-5.729119300842285156e+00,9.668472290039062500e+00
-3.823612451553344727e+00,-3.096950531005859375e+00,-1.035035610198974609e+01,-3.013597488403320312e+00,-6.999446868896484375e+00,-4.207360267639160156e+00,-3.530578136444091797e+00,-5.650516986846923828e+00,9.719241142272949219e+00
-3.755598068237304688e+00,-2.849926471710205078e+00,-1.016606616973876953e+01,-2.866474628448486328e+00,-6.895022392272949219e+00,-4.272954463958740234e+00,-3.413403034210205078e+00,-5.564198017120361328e+00,9.705651283264160156e+00
-3.654433012008666992e+00,-2.763981342315673828e+00,-1.014780044555664062e+01,-2.689959049224853516e+00,-6.791856765747070312e+00,-4.269230842590332031e+00,-3.226046562194824219e+00,-5.532939434051513672e+00,9.679826736450195312e+00
-3.681951284408569336e+00,-2.715313911437988281e+00,-9.987541198730468750e+00,-2.730141878128051758e+00,-6.845347404479980469e+00,-4.401994705200195312e+00,-3.313017845153808594e+00,-5.463007450103759766e+00,9.741322517395019531e+00
-3.542662143707275391e+00,-2.954840660095214844e+00,-1.054511356353759766e+01,-2.580017805099487305e+00,-6.688672065734863281e+00,-3.956614017486572266e+00,-2.929948091506958008e+00,-5.454268455505371094e+00,9.603186607360839844e+00
-3.574455738067626953e+00,-3.098112583160400391e+00,-1.071117019653320312e+01,-2.672029018402099609e+00,-6.720703125000000000e+00,-4.208596229553222656e+00,-3.083473443984985352e+00,-5.560096740722656250e+00,9.658889770507812500e+00
-3.464961767196655273e+00,-4.591555595397949219e+00,-9.342110633850097656e+00,-5.411685943603515625e+00,-1.003191089630126953e+01,-6.296008110046386719e+00,-7.338269233703613281e+00,-3.999101877212524414e+00,9.323707580566406250e+00
-3.905615091323852539e+00,-4.519260883331298828e+00,-9.698073387145996094e+00,-5.391723155975341797e+00,-9.472606658935546875e+00,-4.545726299285888672e+00,-5.229767799377441406e+00,-3.303469657897949219e+00,9.205381393432617188e+00
-3.601935863494873047e+00,-4.526221752166748047e+00,-9.747859001159667969e+00,-5.543766975402832031e+00,-1.000608825683593750e+01,-5.457865238189697266e+00,-6.872522354125976562e+00,-4.303455829620361328e+00,9.389152526855468750e+00
-3.647083282470703125e+00,-4.357826709747314453e+00,-9.664452552795410156e+00,-5.382431507110595703e+00,-9.936446189880371094e+00,-5.545745849609375000e+00,-6.078483581542968750e+00,-3.951961517333984375e+00,9.375479698181152344e+00
-3.233882665634155273e+00,-3.738607406616210938e+00,-8.896489143371582031e+00,-5.446226596832275391e+00,-9.486547470092773438e+00,-4.200503349304199219e+00,-5.437571048736572266e+00,-3.388338565826416016e+00,8.671652793884277344e+00
-3.648926734924316406e+00,-4.210156440734863281e+00,-9.570622444152832031e+00,-5.381473064422607422e+00,-9.780634880065917969e+00,-5.031113147735595703e+00,-5.804483413696289062e+00,-3.590420722961425781e+00,9.309351921081542969e+00
-3.962618350982666016e+00,-4.237918376922607422e+00,-9.639986991882324219e+00,-5.192617893218994141e+00,-9.319914817810058594e+00,-4.042251110076904297e+00,-4.903865814208984375e+00,-3.148299932479858398e+00,9.178610801696777344e+00
-3.687813997268676758e+00,-4.097346782684326172e+00,-9.607581138610839844e+00,-5.253768920898437500e+00,-9.527642250061035156e+00,-4.278833389282226562e+00,-5.879245281219482422e+00,-3.925299644470214844e+00,9.468532562255859375e+00
-3.329814195632934570e+00,-4.011610984802246094e+00,-9.372844696044921875e+00,-5.242912769317626953e+00,-9.808499336242675781e+00,-4.871740341186523438e+00,-5.548223972320556641e+00,-3.884196043014526367e+00,9.258708953857421875e+00
-4.024758815765380859e+00,-4.019191741943359375e+00,-9.679798126220703125e+00,-5.040590286254882812e+00,-9.244551658630371094e+00,-3.849536657333374023e+00,-4.537813663482666016e+00,-3.181689500808715820e+00,9.265858650207519531e+00
-2.034332752227783203e+00,-4.464194297790527344e+00,-8.882073402404785156e+00,-2.924116134643554688e+00,-6.465983390808105469e+00,-2.291615009307861328e+00,-3.314839839935302734e+00,-3.675598144531250000e+00,1.048987960815429688e+01
-2.449394702911376953e+00,-3.978429794311523438e+00,-8.974397659301757812e+00,-2.861367702484130859e+00,-6.752369880676269531e+00,-2.471176862716674805e+00,-2.807260751724243164e+00,-4.111125469207763672e+00,1.016190147399902344e+01
-2.190373897552490234e+00,-4.574990749359130859e+00,-9.553157806396484375e+00,-2.659244060516357422e+00,-5.916597366333007812e+00,-2.179581165313720703e+00,-3.032669305801391602e+00,-3.711043119430541992e+00,1.058759212493896484e+01
-2.078295707702636719e+00,-4.580531597137451172e+00,-9.444203376770019531e+00,-2.679663181304931641e+00,-5.946200370788574219e+00,-2.148954391479492188e+00,-3.108654260635375977e+00,-3.650380849838256836e+00,1.062164974212646484e+01
-2.168932676315307617e+00,-4.628661155700683594e+00,-8.680005073547363281e+00,-2.858659744262695312e+00,-6.115799903869628906e+00,-2.279242515563964844e+00,-3.365178108215332031e+00,-3.427686452865600586e+00,1.066318130493164062e+01
-1.816633462905883789e+00,-4.173633098602294922e+00,-8.455311775207519531e+00,-3.400515079498291016e+00,-7.597148895263671875e+00,-2.415838241577148438e+00,-3.643940687179565430e+00,-3.637052297592163086e+00,9.843062400817871094e+00
-2.607123374938964844e+00,-4.583887100219726562e+00,-9.322504997253417969e+00,-3.171514511108398438e+00,-6.416212081909179688e+00,-2.586081981658935547e+00,-3.397204399108886719e+00,-3.325825452804565430e+00,1.047722339630126953e+01
-2.276033163070678711e+00,-4.066922187805175781e+00,-8.829534530639648438e+00,-3.258615493774414062e+00,-7.319857597351074219e+00,-2.475531816482543945e+00,-3.428687810897827148e+00,-3.608124017715454102e+00,1.008841800689697266e+01
-2.191872358322143555e+00,-4.602864742279052734e+00,-8.762091636657714844e+00,-3.048301696777343750e+00,-6.537872314453125000e+00,-2.533312320709228516e+00,-3.562517642974853516e+00,-3.491679430007934570e+00,1.044512557983398438e+01
-2.014661788940429688e+00,-3.852652549743652344e+00,-9.081452369689941406e+00,-3.701018810272216797e+00,-8.375561714172363281e+00,-2.696281433105468750e+00,-3.897071838378906250e+00,-3.693277597427368164e+00,9.344184875488281250e+00
-1.930276393890380859e+00,-4.266739845275878906e+00,-8.655996322631835938e+00,-2.968366146087646484e+00,-6.970526695251464844e+00,-2.501702547073364258e+00,-3.361180543899536133e+00,-3.625483512878417969e+00,1.025493526458740234e+01
-1.989169001579284668e+00,-4.364522457122802734e+00,-8.956329345703125000e+00,-2.993503570556640625e+00,-6.902066230773925781e+00,-2.557863235473632812e+00,-3.355330467224121094e+00,-3.721301078796386719e+00,1.031303310394287109e+01
-1.843661785125732422e+00,-4.269771099090576172e+00,-8.276463508605957031e+00,-3.025316715240478516e+00,-7.091210365295410156e+00,-2.477118253707885742e+00,-3.457746028900146484e+00,-3.492257356643676758e+00,1.013828945159912109e+01
-1.840940713882446289e+00,-4.064254283905029297e+00,-8.543384552001953125e+00,-3.175712108612060547e+00,-7.542898178100585938e+00,-2.647073984146118164e+00,-3.454684019088745117e+00,-3.657571077346801758e+00,9.864205360412597656e+00
-1.911817193031311035e+00,-4.263201236724853516e+00,-8.372006416320800781e+00,-3.093017578125000000e+00,-7.186895370483398438e+00,-2.564326286315917969e+00,-3.582600116729736328e+00,-3.387010574340820312e+00,1.014787769317626953e+01
-1.839434027671813965e+00,-4.100630760192871094e+00,-8.351615905761718750e+00,-3.217916011810302734e+00,-7.586584091186523438e+00,-2.585843563079833984e+00,-3.616232872009277344e+00,-3.433073043823242188e+00,9.789039611816406250e+00
-1.894474029541015625e+00,-4.132061958312988281e+00,-8.567570686340332031e+00,-3.119704723358154297e+00,-7.433094978332519531e+00,-2.564114809036254883e+00,-3.463529586791992188e+00,-3.584495067596435547e+00,9.934033393859863281e+00
-1.849338412284851074e+00,-3.940680027008056641e+00,-8.462750434875488281e+00,-3.440750122070312500e+00,-8.012218475341796875e+00,-2.645097255706787109e+00,-3.807051420211791992e+00,-3.456022024154663086e+00,9.401367187500000000e+00
-1.960112452507019043e+00,-4.277438640594482422e+00,-8.718423843383789062e+00,-2.905351638793945312e+00,-6.877334594726562500e+00,-2.517232418060302734e+00,-3.271291255950927734e+00,-3.724211692810058594e+00,1.025936317443847656e+01
-1.868759751319885254e+00,-4.113904476165771484e+00,-8.281637191772460938e+00,-3.191956996917724609e+00,-7.631099700927734375e+00,-2.567631006240844727e+00,-3.427244663238525391e+00,-3.618652820587158203e+00,9.789402961730957031e+00
-3.939825296401977539e+00,-4.315339088439941406e+00,-9.728119850158691406e+00,-5.040062904357910156e+00,-9.399247169494628906e+00,-3.921741008758544922e+00,-4.756667137145996094e+00,-3.314516067504882812e+00,9.293005943298339844e+00
-4.074364662170410156e+00,-4.398692607879638672e+00,-9.656550407409667969e+00,-5.150238990783691406e+00,-9.220966339111328125e+00,-3.903303146362304688e+00,-4.761513233184814453e+00,-3.061780691146850586e+00,9.169418334960937500e+00
-4.029524326324462891e+00,-4.503626346588134766e+00,-9.659272193908691406e+00,-5.208283424377441406e+00,-9.066640853881835938e+00,-3.861385822296142578e+00,-4.678152084350585938e+00,-3.097221851348876953e+00,9.168385505676269531e+00
-4.023953914642333984e+00,-4.536493778228759766e+00,-9.688113212585449219e+00,-4.942626953125000000e+00,-8.991738319396972656e+00,-3.884413480758666992e+00,-4.461558341979980469e+00,-3.232993125915527344e+00,9.190114974975585938e+00
-4.020622253417968750e+00,-4.427019119262695312e+00,-9.661735534667968750e+00,-4.930231094360351562e+00,-9.001816749572753906e+00,-3.790632247924804688e+00,-4.433788299560546875e+00,-3.189352512359619141e+00,9.206454277038574219e+00
-3.492434501647949219e+00,-3.960827350616455078e+00,-9.818195343017578125e+00,-4.774257183074951172e+00,-8.854316711425781250e+00,-3.343037128448486328e+00,-4.938370227813720703e+00,-3.348313093185424805e+00,9.525373458862304688e+00
-3.243286371231079102e+00,-4.145681858062744141e+00,-1.005644321441650391e+01,-4.358487129211425781e+00,-8.131794929504394531e+00,-2.964288949966430664e+00,-4.231678962707519531e+00,-3.259284973144531250e+00,9.680795669555664062e+00
-2.756897211074829102e+00,-3.632920265197753906e+00,-1.008897399902343750e+01,-4.259437561035156250e+00,-7.937238693237304688e+00,-2.850597381591796875e+00,-4.538537502288818359e+00,-2.961944818496704102e+00,9.209678649902343750e+00
-2.967269182205200195e+00,-4.195929527282714844e+00,-9.944042205810546875e+00,-3.876765727996826172e+00,-7.652501106262207031e+00,-2.444255113601684570e+00,-3.936325311660766602e+00,-3.814595460891723633e+00,9.892791748046875000e+00
-3.326275348663330078e+00,-4.227927207946777344e+00,-9.614947319030761719e+00,-5.055982112884521484e+00,-9.692160606384277344e+00,-4.070966720581054688e+00,-6.136752605438232422e+00,-4.284763336181640625e+00,9.398299217224121094e+00
-4.271089553833007812e+00,-4.654179573059082031e+00,-9.644347190856933594e+00,-5.451842784881591797e+00,-9.189912796020507812e+00,-4.288331508636474609e+00,-4.988578796386718750e+00,-2.931936979293823242e+00,9.125360488891601562e+00
-3.982977628707885742e+00,-4.532074451446533203e+00,-9.704113006591796875e+00,-4.931787014007568359e+00,-8.870741844177246094e+00,-3.875748157501220703e+00,-4.421640396118164062e+00,-3.140401124954223633e+00,9.157427787780761719e+00
-4.239707946777343750e+00,-4.453754425048828125e+00,-9.897959709167480469e+00,-5.339607715606689453e+00,-9.247958183288574219e+00,-4.276504516601562500e+00,-4.821141242980957031e+00,-3.127264738082885742e+00,9.209291458129882812e+00
-4.125431537628173828e+00,-4.316575050354003906e+00,-9.732015609741210938e+00,-5.174276351928710938e+00,-9.279005050659179688e+00,-4.248942852020263672e+00,-4.755302429199218750e+00,-3.157398223876953125e+00,9.281641960144042969e+00
-4.111556529998779297e+00,-4.252676010131835938e+00,-9.694260597229003906e+00,-5.064824104309082031e+00,-9.232887268066406250e+00,-3.786098718643188477e+00,-4.551751613616943359e+00,-3.539185047149658203e+00,9.401393890380859375e+00
-3.944525957107543945e+00,-4.170689105987548828e+00,-9.768509864807128906e+00,-5.010609626770019531e+00,-9.205383300781250000e+00,-3.839098691940307617e+00,-5.094419956207275391e+00,-3.288323879241943359e+00,9.387806892395019531e+00
-4.032572746276855469e+00,-4.509112358093261719e+00,-9.824559211730957031e+00,-4.968786716461181641e+00,-9.017102241516113281e+00,-3.917119503021240234e+00,-4.501379966735839844e+00,-3.097062587738037109e+00,9.198508262634277344e+00
-3.531047344207763672e+00,-4.177761554718017578e+00,-9.823463439941406250e+00,-4.281122684478759766e+00,-8.598369598388671875e+00,-3.667686223983764648e+00,-3.673373937606811523e+00,-3.588649511337280273e+00,9.397553443908691406e+00
-3.376020193099975586e+00,-4.194344997406005859e+00,-1.010871505737304688e+01,-4.581057071685791016e+00,-8.489378929138183594e+00,-3.387675523757934570e+00,-4.249714374542236328e+00,-3.227322340011596680e+00,9.487872123718261719e+00
-3.507895708084106445e+00,-4.276772499084472656e+00,-1.032939052581787109e+01,-4.232903480529785156e+00,-8.187218666076660156e+00,-3.459172964096069336e+00,-3.863820075988769531e+00,-3.594238281250000000e+00,9.582999229431152344e+00
-4.356067657470703125e+00,-5.398846149444580078e+00,-1.041268253326416016e+01,-5.311664104461669922e+00,-9.014680862426757812e+00,-5.797768115997314453e+00,-4.945883750915527344e+00,-4.078511238098144531e+00,9.292658805847167969e+00
-4.291512012481689453e+00,-5.481760025024414062e+00,-9.953194618225097656e+00,-5.306554794311523438e+00,-9.199518203735351562e+00,-5.758792877197265625e+00,-5.261134624481201172e+00,-4.120583057403564453e+00,9.318316459655761719e+00
-4.089255809783935547e+00,-5.401671886444091797e+00,-1.004428672790527344e+01,-5.284427642822265625e+00,-8.969006538391113281e+00,-5.607347965240478516e+00,-5.138411045074462891e+00,-3.896938085556030273e+00,8.978214263916015625e+00
-4.146281242370605469e+00,-5.636171817779541016e+00,-9.995602607727050781e+00,-5.303785800933837891e+00,-8.874794960021972656e+00,-5.537771224975585938e+00,-5.260109901428222656e+00,-3.973981380462646484e+00,8.993464469909667969e+00
-4.041035652160644531e+00,-5.336448192596435547e+00,-1.000448513031005859e+01,-5.375876426696777344e+00,-9.020264625549316406e+00,-5.529666900634765625e+00,-5.396511554718017578e+00,-3.642767429351806641e+00,8.830157279968261719e+00
-4.086558341979980469e+00,-5.087991237640380859e+00,-9.536461830139160156e+00,-5.342819690704345703e+00,-9.135592460632324219e+00,-5.012407779693603516e+00,-4.952319145202636719e+00,-3.376148700714111328e+00,8.951066017150878906e+00
-3.909321784973144531e+00,-6.297514915466308594e+00,-1.007843494415283203e+01,-5.150773525238037109e+00,-8.469580650329589844e+00,-5.393266201019287109e+00,-5.361282348632812500e+00,-4.420321941375732422e+00,9.230601310729980469e+00
-4.026309013366699219e+00,-5.933498382568359375e+00,-1.001991462707519531e+01,-5.224050045013427734e+00,-8.814364433288574219e+00,-5.472158432006835938e+00,-5.101132869720458984e+00,-4.217562198638916016e+00,9.154490470886230469e+00
-4.136793136596679688e+00,-5.212743759155273438e+00,-9.702610015869140625e+00,-5.456140041351318359e+00,-9.115100860595703125e+00,-4.673426628112792969e+00,-4.865759849548339844e+00,-3.449619770050048828e+00,9.067809104919433594e+00
-3.873722791671752930e+00,-5.990331172943115234e+00,-9.903380393981933594e+00,-5.128730773925781250e+00,-8.811343193054199219e+00,-5.174957275390625000e+00,-4.741735935211181641e+00,-3.970796346664428711e+00,9.324810981750488281e+00
-2.331940650939941406e+00,-4.226405620574951172e+00,-9.203997611999511719e+00,-2.906461238861083984e+00,-6.421959877014160156e+00,-2.736043214797973633e+00,-3.679940462112426758e+00,-3.825459718704223633e+00,1.003242111206054688e+01
-2.172122955322265625e+00,-4.150908470153808594e+00,-8.821738243103027344e+00,-2.995265483856201172e+00,-6.760114669799804688e+00,-2.692663669586181641e+00,-3.713237047195434570e+00,-3.604471683502197266e+00,9.980402946472167969e+00
-2.313406229019165039e+00,-4.285591602325439453e+00,-9.253803253173828125e+00,-2.835654258728027344e+00,-6.417749404907226562e+00,-2.643049478530883789e+00,-3.577945947647094727e+00,-3.762019872665405273e+00,1.003668212890625000e+01
-2.161939144134521484e+00,-4.117585659027099609e+00,-8.991427421569824219e+00,-3.029247760772705078e+00,-6.873019218444824219e+00,-2.743030309677124023e+00,-3.600369691848754883e+00,-3.649492979049682617e+00,9.958591461181640625e+00
-2.297944068908691406e+00,-4.325155258178710938e+00,-9.163372993469238281e+00,-2.921866893768310547e+00,-6.570007324218750000e+00,-2.652277946472167969e+00,-3.656118154525756836e+00,-3.729529142379760742e+00,9.982910156250000000e+00
-2.206031084060668945e+00,-4.131227493286132812e+00,-9.296455383300781250e+00,-2.915864944458007812e+00,-6.752160072326660156e+00,-2.789640188217163086e+00,-3.333990097045898438e+00,-3.868051052093505859e+00,1.002849292755126953e+01
-2.010595798492431641e+00,-3.840577602386474609e+00,-8.397541046142578125e+00,-3.375966548919677734e+00,-7.444804191589355469e+00,-2.826899766921997070e+00,-3.853683710098266602e+00,-3.423359155654907227e+00,9.640986442565917969e+00
-2.226115703582763672e+00,-4.243878841400146484e+00,-8.852610588073730469e+00,-2.894894599914550781e+00,-6.486060142517089844e+00,-2.642371416091918945e+00,-3.614852666854858398e+00,-3.676007747650146484e+00,1.005659008026123047e+01
-2.166464328765869141e+00,-3.894806861877441406e+00,-8.744687080383300781e+00,-3.310254573822021484e+00,-7.313272476196289062e+00,-2.963906049728393555e+00,-3.702911615371704102e+00,-3.497347831726074219e+00,9.784655570983886719e+00
-2.310686588287353516e+00,-4.237942695617675781e+00,-9.324529647827148438e+00,-3.077713966369628906e+00,-6.984727859497070312e+00,-2.892968893051147461e+00,-3.565375804901123047e+00,-3.793498277664184570e+00,9.894952774047851562e+00
-2.803699493408203125e+00,-3.318006992340087891e+00,-9.801438331604003906e+00,-2.135316133499145508e+00,-5.770237922668457031e+00,-2.757007122039794922e+00,-2.598982810974121094e+00,-4.249242782592773438e+00,9.983449935913085938e+00
-2.909287452697753906e+00,-3.203505516052246094e+00,-9.997490882873535156e+00,-2.178672790527343750e+00,-5.833967208862304688e+00,-2.809439182281494141e+00,-2.523350238800048828e+00,-4.417920589447021484e+00,9.931746482849121094e+00
-2.849804878234863281e+00,-3.468141555786132812e+00,-9.749035835266113281e+00,-2.191079139709472656e+00,-5.859403610229492188e+00,-2.718906164169311523e+00,-2.751595497131347656e+00,-4.178095340728759766e+00,1.005007839202880859e+01
-2.913585186004638672e+00,-3.471715450286865234e+00,-9.658782005310058594e+00,-2.277580261230468750e+00,-5.867656707763671875e+00,-2.818273305892944336e+00,-2.816035985946655273e+00,-4.219113826751708984e+00,1.004265403747558594e+01
-2.672229528427124023e+00,-3.968194961547851562e+00,-9.410171508789062500e+00,-2.246755123138427734e+00,-5.863122940063476562e+00,-2.507276058197021484e+00,-3.036333084106445312e+00,-3.863593578338623047e+00,1.024144744873046875e+01
-2.896060466766357422e+00,-3.558600902557373047e+00,-9.504364013671875000e+00,-2.347932815551757812e+00,-5.897683143615722656e+00,-2.799043416976928711e+00,-2.904011964797973633e+00,-4.196472644805908203e+00,1.006792068481445312e+01
-2.805214405059814453e+00,-3.790172576904296875e+00,-9.805587768554687500e+00,-2.225883960723876953e+00,-5.820736885070800781e+00,-2.520328521728515625e+00,-2.888105869293212891e+00,-4.006866455078125000e+00,1.018151378631591797e+01
-2.650503635406494141e+00,-4.047582626342773438e+00,-9.478470802307128906e+00,-2.224218368530273438e+00,-5.899452209472656250e+00,-2.448828458786010742e+00,-3.105026245117187500e+00,-3.851817607879638672e+00,1.028607273101806641e+01
-2.701696872711181641e+00,-3.790119647979736328e+00,-9.241257667541503906e+00,-2.314503669738769531e+00,-5.901878356933593750e+00,-2.732077121734619141e+00,-2.982563972473144531e+00,-4.001458168029785156e+00,1.016129875183105469e+01
-2.811831712722778320e+00,-3.712545871734619141e+00,-9.285341262817382812e+00,-2.347403526306152344e+00,-5.968214035034179688e+00,-2.804391622543334961e+00,-3.001596450805664062e+00,-4.079366683959960938e+00,1.013688945770263672e+01
-2.280280590057373047e+00,-4.014232158660888672e+00,-9.190440177917480469e+00,-3.756943225860595703e+00,-7.758448600769042969e+00,-2.904115200042724609e+00,-3.844639778137207031e+00,-3.590083360671997070e+00,9.622844696044921875e+00
-2.644159793853759766e+00,-4.082664012908935547e+00,-9.856730461120605469e+00,-2.890282154083251953e+00,-6.612287521362304688e+00,-2.867606401443481445e+00,-3.236344814300537109e+00,-3.634173154830932617e+00,1.035751819610595703e+01
-2.637233495712280273e+00,-4.211092948913574219e+00,-9.613694190979003906e+00,-2.856444835662841797e+00,-6.660417556762695312e+00,-3.008732557296752930e+00,-3.030329704284667969e+00,-3.757706403732299805e+00,1.014844799041748047e+01
-2.508363962173461914e+00,-3.949168205261230469e+00,-1.003806209564208984e+01,-3.149075984954833984e+00,-6.580768585205078125e+00,-2.713840007781982422e+00,-3.539618253707885742e+00,-3.416538000106811523e+00,1.027512836456298828e+01
-2.490889549255371094e+00,-3.947268486022949219e+00,-9.872383117675781250e+00,-3.052117824554443359e+00,-6.924497604370117188e+00,-2.803454160690307617e+00,-3.334211587905883789e+00,-3.561003923416137695e+00,1.010319709777832031e+01
-2.615737199783325195e+00,-3.715291023254394531e+00,-1.012477684020996094e+01,-3.540013313293457031e+00,-7.201733589172363281e+00,-2.936486005783081055e+00,-3.590529441833496094e+00,-3.521557807922363281e+00,9.668237686157226562e+00
-2.125984430313110352e+00,-3.732347965240478516e+00,-9.178247451782226562e+00,-3.763906478881835938e+00,-7.771001815795898438e+00,-2.725984811782836914e+00,-3.836331605911254883e+00,-3.722900629043579102e+00,9.394194602966308594e+00
-2.647004842758178711e+00,-2.792779445648193359e+00,-1.050584411621093750e+01,-2.654099225997924805e+00,-6.385850906372070312e+00,-2.532059192657470703e+00,-2.789694309234619141e+00,-4.200605392456054688e+00,9.612736701965332031e+00
-2.671615362167358398e+00,-4.183343410491943359e+00,-9.722968101501464844e+00,-3.497925281524658203e+00,-7.179864883422851562e+00,-2.621708631515502930e+00,-3.586443662643432617e+00,-3.570459365844726562e+00,1.017763042449951172e+01
-2.496067762374877930e+00,-2.718191623687744141e+00,-1.036401271820068359e+01,-2.647229671478271484e+00,-6.200135231018066406e+00,-2.305233001708984375e+00,-2.919339895248413086e+00,-3.929745912551879883e+00,9.564482688903808594e+00
-3.754147768020629883e+00,-3.667602539062500000e+00,-1.021011161804199219e+01,-3.334042549133300781e+00,-6.550481796264648438e+00,-3.434763193130493164e+00,-3.326566934585571289e+00,-4.562630176544189453e+00,9.973546981811523438e+00
-3.835663080215454102e+00,-3.729135513305664062e+00,-1.030114269256591797e+01,-3.463205814361572266e+00,-6.621099472045898438e+00,-3.544938564300537109e+00,-3.406473636627197266e+00,-4.527398109436035156e+00,9.996251106262207031e+00
-3.806029558181762695e+00,-3.841605663299560547e+00,-1.034876251220703125e+01,-3.429703712463378906e+00,-6.558663368225097656e+00,-3.569518804550170898e+00,-3.525173425674438477e+00,-4.481173038482666016e+00,1.010946655273437500e+01
-3.674103021621704102e+00,-3.471550941467285156e+00,-1.004166698455810547e+01,-2.893666744232177734e+00,-6.333454132080078125e+00,-3.238048553466796875e+00,-2.973870992660522461e+00,-4.845326900482177734e+00,1.001014328002929688e+01
-3.285111665725708008e+00,-3.500388622283935547e+00,-9.885668754577636719e+00,-2.753689765930175781e+00,-6.198987960815429688e+00,-3.061709165573120117e+00,-2.941226005554199219e+00,-4.505472183227539062e+00,9.997453689575195312e+00
-3.741468667984008789e+00,-3.255696773529052734e+00,-9.948834419250488281e+00,-2.904650688171386719e+00,-6.449205398559570312e+00,-3.113150596618652344e+00,-2.827904462814331055e+00,-4.872569561004638672e+00,9.897584915161132812e+00
-3.726658105850219727e+00,-3.791781902313232422e+00,-1.006361961364746094e+01,-3.560500621795654297e+00,-6.888297080993652344e+00,-3.651284456253051758e+00,-3.704901218414306641e+00,-4.334979057312011719e+00,9.918070793151855469e+00
-3.548082351684570312e+00,-3.912144184112548828e+00,-9.999219894409179688e+00,-3.399085521697998047e+00,-6.702875137329101562e+00,-3.468096494674682617e+00,-3.602290868759155273e+00,-4.164249420166015625e+00,1.000921058654785156e+01
-3.131246089935302734e+00,-3.970831394195556641e+00,-9.981920242309570312e+00,-2.688303947448730469e+00,-6.105468750000000000e+00,-2.882729291915893555e+00,-3.072535037994384766e+00,-4.159454822540283203e+00,1.011411952972412109e+01
-3.367621421813964844e+00,-3.527135372161865234e+00,-9.869720458984375000e+00,-2.692108631134033203e+00,-6.281990051269531250e+00,-3.026185274124145508e+00,-2.732108592987060547e+00,-4.659386157989501953e+00,9.881011009216308594e+00
-2.610964059829711914e+00,-3.623638153076171875e+00,-9.508110046386718750e+00,-2.094508171081542969e+00,-5.719731330871582031e+00,-2.539188861846923828e+00,-2.704405546188354492e+00,-4.019255638122558594e+00,1.013414001464843750e+01
-2.835163354873657227e+00,-2.863179206848144531e+00,-9.911584854125976562e+00,-1.879108309745788574e+00,-5.841252326965332031e+00,-2.731222867965698242e+00,-2.014201641082763672e+00,-4.552399635314941406e+00,9.848273277282714844e+00
-3.126425504684448242e+00,-2.553008556365966797e+00,-9.763588905334472656e+00,-1.944854021072387695e+00,-6.164938926696777344e+00,-2.858871459960937500e+00,-1.662964463233947754e+00,-5.120480060577392578e+00,9.653779029846191406e+00
-2.737289905548095703e+00,-2.689588546752929688e+00,-9.762271881103515625e+00,-1.700142860412597656e+00,-5.729851722717285156e+00,-2.818114042282104492e+00,-1.967863798141479492e+00,-4.424987316131591797e+00,9.860739707946777344e+00
-2.296479463577270508e+00,-2.962021350860595703e+00,-8.872001647949218750e+00,-1.606990337371826172e+00,-5.387291908264160156e+00,-2.908740997314453125e+00,-1.794721841812133789e+00,-3.892115354537963867e+00,9.708970069885253906e+00
-2.680647850036621094e+00,-3.408652782440185547e+00,-9.983083724975585938e+00,-2.070581912994384766e+00,-5.835164070129394531e+00,-2.645533084869384766e+00,-2.563456058502197266e+00,-4.136279582977294922e+00,1.001281356811523438e+01
-2.734156370162963867e+00,-3.323231220245361328e+00,-1.024766063690185547e+01,-2.140884876251220703e+00,-5.959710121154785156e+00,-2.737615108489990234e+00,-2.481301307678222656e+00,-4.321382045745849609e+00,9.883810997009277344e+00
-2.871958255767822266e+00,-2.695901870727539062e+00,-9.949262619018554688e+00,-1.906406641006469727e+00,-5.945222854614257812e+00,-2.975292682647705078e+00,-1.878029346466064453e+00,-4.727842807769775391e+00,9.737028121948242188e+00
-2.748567581176757812e+00,-2.813388347625732422e+00,-9.991440773010253906e+00,-1.834954619407653809e+00,-5.851225852966308594e+00,-2.871073007583618164e+00,-2.040641784667968750e+00,-4.497370719909667969e+00,9.829177856445312500e+00
-2.511236667633056641e+00,-2.814751148223876953e+00,-9.386768341064453125e+00,-1.665744066238403320e+00,-5.512086868286132812e+00,-2.938395023345947266e+00,-1.972728729248046875e+00,-4.106448650360107422e+00,9.813803672790527344e+00
-3.254391193389892578e+00,-2.590755939483642578e+00,-1.031769371032714844e+01,-2.466862201690673828e+00,-6.385020256042480469e+00,-3.279804944992065430e+00,-2.238019704818725586e+00,-5.451096057891845703e+00,9.478813171386718750e+00
-3.437170267105102539e+00,-2.540401935577392578e+00,-1.015263652801513672e+01,-2.567931175231933594e+00,-6.490106582641601562e+00,-3.571396350860595703e+00,-2.445047140121459961e+00,-5.493548870086669922e+00,9.561250686645507812e+00
-4.212756156921386719e+00,-3.016427993774414062e+00,-1.019270610809326172e+01,-3.232955455780029297e+00,-6.899259567260742188e+00,-3.802268505096435547e+00,-2.967352390289306641e+00,-5.460594654083251953e+00,9.789931297302246094e+00
-4.145296096801757812e+00,-2.958748340606689453e+00,-9.847221374511718750e+00,-3.578958034515380859e+00,-7.415507316589355469e+00,-4.542703628540039062e+00,-3.842181444168090820e+00,-5.441098690032958984e+00,9.694141387939453125e+00
-3.540625810623168945e+00,-2.474215507507324219e+00,-9.642985343933105469e+00,-2.544509172439575195e+00,-6.538964271545410156e+00,-3.931074142456054688e+00,-2.935659170150756836e+00,-5.331442832946777344e+00,9.698573112487792969e+00
-4.049119949340820312e+00,-3.041797161102294922e+00,-1.064123535156250000e+01,-3.062459945678710938e+00,-7.033127784729003906e+00,-4.111540317535400391e+00,-2.890136003494262695e+00,-5.907696723937988281e+00,9.646023750305175781e+00
-4.248329639434814453e+00,-3.109347343444824219e+00,-1.054938507080078125e+01,-3.221230983734130859e+00,-7.252856254577636719e+00,-4.068426609039306641e+00,-2.967287063598632812e+00,-5.778696060180664062e+00,9.680456161499023438e+00
-3.627171039581298828e+00,-2.579258441925048828e+00,-1.011367034912109375e+01,-2.518213987350463867e+00,-6.528241157531738281e+00,-3.749531030654907227e+00,-2.708208560943603516e+00,-5.583118915557861328e+00,9.648007392883300781e+00
-4.332283496856689453e+00,-3.600581645965576172e+00,-1.036881732940673828e+01,-4.326298236846923828e+00,-7.552785873413085938e+00,-4.764754295349121094e+00,-4.465094566345214844e+00,-4.902560710906982422e+00,9.934437751770019531e+00
-4.249621868133544922e+00,-3.095455169677734375e+00,-9.929270744323730469e+00,-3.727536678314208984e+00,-7.525542259216308594e+00,-4.596213340759277344e+00,-4.023509502410888672e+00,-5.409810066223144531e+00,9.726445198059082031e+00
-3.978535652160644531e+00,-6.353162288665771484e+00,-1.042690944671630859e+01,-4.948686122894287109e+00,-8.382556915283203125e+00,-5.117926597595214844e+00,-5.465625762939453125e+00,-4.551149368286132812e+00,9.225251197814941406e+00
-3.852997779846191406e+00,-6.264111995697021484e+00,-9.927311897277832031e+00,-5.023666381835937500e+00,-8.731974601745605469e+00,-5.592454433441162109e+00,-5.532691478729248047e+00,-4.757892131805419922e+00,9.196936607360839844e+00
-3.865071773529052734e+00,-6.200819015502929688e+00,-9.938189506530761719e+00,-5.000236034393310547e+00,-8.664523124694824219e+00,-5.478703022003173828e+00,-5.425513744354248047e+00,-4.592692852020263672e+00,9.198449134826660156e+00
-3.924614191055297852e+00,-5.997502326965332031e+00,-9.692765235900878906e+00,-5.115474224090576172e+00,-8.846859931945800781e+00,-5.717741966247558594e+00,-5.475224494934082031e+00,-4.508984088897705078e+00,9.181420326232910156e+00
-3.935693264007568359e+00,-6.189395427703857422e+00,-9.650296211242675781e+00,-4.997884273529052734e+00,-8.248378753662109375e+00,-5.385521888732910156e+00,-5.473776817321777344e+00,-4.465047359466552734e+00,9.280078887939453125e+00
-3.965033292770385742e+00,-6.358037471771240234e+00,-9.859055519104003906e+00,-4.990187644958496094e+00,-8.236517906188964844e+00,-5.490874290466308594e+00,-5.447539806365966797e+00,-4.560963630676269531e+00,9.239434242248535156e+00
-4.040437698364257812e+00,-6.157163619995117188e+00,-9.885519981384277344e+00,-4.920583724975585938e+00,-8.560703277587890625e+00,-5.222505092620849609e+00,-5.562798023223876953e+00,-4.401599407196044922e+00,9.165774345397949219e+00
-3.922341346740722656e+00,-6.289920806884765625e+00,-9.781373977661132812e+00,-5.026439189910888672e+00,-8.444748878479003906e+00,-5.685405254364013672e+00,-5.497038364410400391e+00,-4.603661060333251953e+00,9.184351921081542969e+00
-3.945698022842407227e+00,-4.858067989349365234e+00,-9.190315246582031250e+00,-5.374922275543212891e+00,-9.106171607971191406e+00,-5.141784667968750000e+00,-5.820559501647949219e+00,-3.632356166839599609e+00,9.158445358276367188e+00
-3.963840484619140625e+00,-5.495916843414306641e+00,-9.430521011352539062e+00,-5.228776454925537109e+00,-8.971525192260742188e+00,-5.260915756225585938e+00,-5.592857837677001953e+00,-4.091757774353027344e+00,9.211038589477539062e+00
-2.320844888687133789e+00,-5.364589214324951172e+00,-7.877287864685058594e+00,-4.133484840393066406e+00,-9.054552078247070312e+00,-5.277252197265625000e+00,-6.878709793090820312e+00,-3.981875419616699219e+00,9.227216720581054688e+00
-1.517234563827514648e+00,-3.904796600341796875e+00,-7.667430877685546875e+00,-3.697898864746093750e+00,-7.941669464111328125e+00,-1.390217781066894531e+00,-5.191161155700683594e+00,-1.206535935401916504e+00,8.842920303344726562e+00
-2.245539188385009766e+00,-4.935820102691650391e+00,-8.486488342285156250e+00,-4.109437942504882812e+00,-9.055200576782226562e+00,-2.160373449325561523e+00,-6.435393333435058594e+00,-2.350705623626708984e+00,8.967281341552734375e+00
-2.063708543777465820e+00,-4.939821243286132812e+00,-8.603480339050292969e+00,-4.105970382690429688e+00,-8.577888488769531250e+00,-1.945205807685852051e+00,-6.462496757507324219e+00,-1.742551207542419434e+00,8.788295745849609375e+00
-2.428446531295776367e+00,-5.112823009490966797e+00,-8.530337333679199219e+00,-4.318133831024169922e+00,-9.516495704650878906e+00,-2.347804546356201172e+00,-6.625878334045410156e+00,-2.444412708282470703e+00,8.955332756042480469e+00
-2.574350118637084961e+00,-4.843255043029785156e+00,-9.005913734436035156e+00,-4.122231006622314453e+00,-9.029167175292968750e+00,-3.629166126251220703e+00,-6.616486549377441406e+00,-3.512757062911987305e+00,9.419427871704101562e+00
-2.595579624176025391e+00,-4.992661952972412109e+00,-8.947090148925781250e+00,-4.335088729858398438e+00,-9.574393272399902344e+00,-2.348531723022460938e+00,-7.062653541564941406e+00,-2.863634824752807617e+00,9.111167907714843750e+00
-2.452887773513793945e+00,-4.847224235534667969e+00,-8.726203918457031250e+00,-4.340571403503417969e+00,-9.600242614746093750e+00,-1.386068582534790039e+00,-6.631899356842041016e+00,-2.352284431457519531e+00,9.046526908874511719e+00
-2.340858697891235352e+00,-4.939471721649169922e+00,-8.224305152893066406e+00,-4.239427089691162109e+00,-9.445927619934082031e+00,-1.359309911727905273e+00,-6.270392417907714844e+00,-2.078280687332153320e+00,8.874052047729492188e+00
-2.026797771453857422e+00,-4.397742748260498047e+00,-8.089349746704101562e+00,-4.060578346252441406e+00,-8.595460891723632812e+00,-1.016853332519531250e+00,-5.755044460296630859e+00,-1.665666341781616211e+00,8.775895118713378906e+00
-4.110111236572265625e+00,-4.232173442840576172e+00,-9.731350898742675781e+00,-5.150584220886230469e+00,-9.131003379821777344e+00,-4.181483745574951172e+00,-4.710591316223144531e+00,-3.083005905151367188e+00,9.261384010314941406e+00
-4.237727165222167969e+00,-4.750014305114746094e+00,-9.658497810363769531e+00,-5.347036361694335938e+00,-9.200197219848632812e+00,-4.103689193725585938e+00,-4.799297332763671875e+00,-2.947525262832641602e+00,9.062700271606445312e+00
-3.308440923690795898e+00,-4.086871623992919922e+00,-9.857100486755371094e+00,-4.129272460937500000e+00,-8.073638916015625000e+00,-3.549489021301269531e+00,-3.915219306945800781e+00,-3.072990179061889648e+00,9.642241477966308594e+00
-3.615376234054565430e+00,-4.015116214752197266e+00,-9.766034126281738281e+00,-4.542017936706542969e+00,-8.452514648437500000e+00,-3.835674762725830078e+00,-4.315694332122802734e+00,-3.189815282821655273e+00,9.587779045104980469e+00
-2.841987371444702148e+00,-3.806834220886230469e+00,-9.861191749572753906e+00,-3.988419532775878906e+00,-8.190870285034179688e+00,-3.523718357086181641e+00,-3.643850326538085938e+00,-3.418742179870605469e+00,9.665581703186035156e+00
-3.134082555770874023e+00,-3.720954418182373047e+00,-9.968644142150878906e+00,-4.322887420654296875e+00,-8.339313507080078125e+00,-3.413619756698608398e+00,-4.108438491821289062e+00,-3.258017778396606445e+00,9.506395339965820312e+00
-3.124899387359619141e+00,-3.500800132751464844e+00,-1.020523929595947266e+01,-3.948475360870361328e+00,-7.931521415710449219e+00,-3.468674182891845703e+00,-3.597676515579223633e+00,-3.680220127105712891e+00,9.514361381530761719e+00
-3.528255701065063477e+00,-3.977810859680175781e+00,-1.005963516235351562e+01,-4.767440319061279297e+00,-8.652736663818359375e+00,-3.660384178161621094e+00,-4.694404125213623047e+00,-3.221683502197265625e+00,9.451698303222656250e+00
-2.898519992828369141e+00,-3.534262657165527344e+00,-1.027787113189697266e+01,-3.205966949462890625e+00,-7.080879211425781250e+00,-2.902283191680908203e+00,-3.307603836059570312e+00,-3.951456308364868164e+00,9.983824729919433594e+00
-3.444763183593750000e+00,-4.050914764404296875e+00,-1.015949821472167969e+01,-4.175677299499511719e+00,-8.184317588806152344e+00,-3.335161685943603516e+00,-3.646070480346679688e+00,-3.262166261672973633e+00,9.526577949523925781e+00
-1.950139164924621582e+00,-3.981158256530761719e+00,-8.499614715576171875e+00,-3.412154197692871094e+00,-7.976047515869140625e+00,-2.626963376998901367e+00,-3.714467763900756836e+00,-3.467720985412597656e+00,9.703296661376953125e+00
-2.224938869476318359e+00,-4.637494564056396484e+00,-8.774975776672363281e+00,-2.783825635910034180e+00,-6.010259628295898438e+00,-2.457572937011718750e+00,-3.407164812088012695e+00,-3.399348020553588867e+00,1.047790145874023438e+01
-1.824136614799499512e+00,-4.107766628265380859e+00,-8.315236091613769531e+00,-3.284397602081298828e+00,-7.591688156127929688e+00,-2.610225677490234375e+00,-3.727329015731811523e+00,-3.409830331802368164e+00,9.835990905761718750e+00
-2.237085103988647461e+00,-4.490737438201904297e+00,-8.993209838867187500e+00,-2.934140205383300781e+00,-6.545471191406250000e+00,-2.601825714111328125e+00,-3.222460508346557617e+00,-3.591019630432128906e+00,1.034946441650390625e+01
-1.882205963134765625e+00,-4.425723552703857422e+00,-8.215817451477050781e+00,-2.936669826507568359e+00,-6.775979995727539062e+00,-2.435094118118286133e+00,-3.479566812515258789e+00,-3.392183780670166016e+00,1.027370262145996094e+01
-2.561121463775634766e+00,-4.621930122375488281e+00,-8.794798851013183594e+00,-3.567852973937988281e+00,-6.592780113220214844e+00,-2.756411552429199219e+00,-3.794519424438476562e+00,-3.338025808334350586e+00,1.025173854827880859e+01
-3.157522439956665039e+00,-4.638670444488525391e+00,-9.308413505554199219e+00,-4.418863296508789062e+00,-7.537729263305664062e+00,-3.539206027984619141e+00,-4.817947864532470703e+00,-3.458532094955444336e+00,9.851661682128906250e+00
-1.836984634399414062e+00,-3.742685317993164062e+00,-8.553210258483886719e+00,-3.656890392303466797e+00,-8.613572120666503906e+00,-2.966249704360961914e+00,-3.884230136871337891e+00,-3.714774131774902344e+00,8.951439857482910156e+00
-1.972489237785339355e+00,-4.028622150421142578e+00,-8.833642959594726562e+00,-3.304518699645996094e+00,-7.803627967834472656e+00,-2.878026962280273438e+00,-3.501589775085449219e+00,-3.598069667816162109e+00,9.587702751159667969e+00
-3.098903656005859375e+00,-4.726478099822998047e+00,-9.487664222717285156e+00,-4.112283706665039062e+00,-6.960544586181640625e+00,-3.392085075378417969e+00,-4.354940414428710938e+00,-3.654161453247070312e+00,9.898732185363769531e+00
-3.001569747924804688e+00,-4.024389266967773438e+00,-9.783503532409667969e+00,-4.180469989776611328e+00,-8.435722351074218750e+00,-3.036261796951293945e+00,-3.961486339569091797e+00,-3.755730390548706055e+00,9.536203384399414062e+00
-2.588938474655151367e+00,-3.975278377532958984e+00,-9.848480224609375000e+00,-4.005287170410156250e+00,-8.104770660400390625e+00,-2.672097682952880859e+00,-3.966388463973999023e+00,-3.759883642196655273e+00,9.673573493957519531e+00
-2.705834865570068359e+00,-3.792113304138183594e+00,-9.676079750061035156e+00,-4.299744129180908203e+00,-9.151397705078125000e+00,-3.431813716888427734e+00,-4.238760948181152344e+00,-3.861293077468872070e+00,9.193885803222656250e+00
-2.176194429397583008e+00,-3.359553337097167969e+00,-9.511377334594726562e+00,-4.385469436645507812e+00,-8.863745689392089844e+00,-2.978988885879516602e+00,-4.578722476959228516e+00,-3.873357534408569336e+00,8.290494918823242188e+00
-1.972433090209960938e+00,-3.591711044311523438e+00,-8.952781677246093750e+00,-4.075602054595947266e+00,-8.547427177429199219e+00,-2.824429035186767578e+00,-4.324772357940673828e+00,-3.749332666397094727e+00,8.544176101684570312e+00
-2.229079246520996094e+00,-3.502715587615966797e+00,-9.681929588317871094e+00,-4.116640090942382812e+00,-9.117798805236816406e+00,-3.258954286575317383e+00,-4.169645309448242188e+00,-3.695098638534545898e+00,8.748387336730957031e+00
-2.238858461380004883e+00,-3.705255985260009766e+00,-9.904147148132324219e+00,-4.051078319549560547e+00,-8.628587722778320312e+00,-2.963559627532958984e+00,-4.043851852416992188e+00,-3.495894432067871094e+00,9.141712188720703125e+00
-1.891788840293884277e+00,-3.592193603515625000e+00,-8.974468231201171875e+00,-3.819626808166503906e+00,-8.769587516784667969e+00,-2.924477577209472656e+00,-4.061260700225830078e+00,-3.656611442565917969e+00,8.555201530456542969e+00
-2.191114187240600586e+00,-3.540147781372070312e+00,-9.939085006713867188e+00,-4.213123798370361328e+00,-8.159481048583984375e+00,-2.589974403381347656e+00,-4.266352176666259766e+00,-3.391908168792724609e+00,8.891990661621093750e+00
-2.261211633682250977e+00,-3.746844291687011719e+00,-1.014240455627441406e+01,-3.826600074768066406e+00,-7.662586212158203125e+00,-2.348519802093505859e+00,-4.034062385559082031e+00,-3.369400739669799805e+00,9.369879722595214844e+00
-2.967179775238037109e+00,-4.785930633544921875e+00,-8.706912040710449219e+00,-4.223730564117431641e+00,-8.600834846496582031e+00,-5.000231742858886719e+00,-5.850238800048828125e+00,-4.332229614257812500e+00,1.037117385864257812e+01
-3.185563087463378906e+00,-3.112710952758789062e+00,-9.547240257263183594e+00,-2.734431505203247070e+00,-6.502127647399902344e+00,-3.059997081756591797e+00,-2.869786739349365234e+00,-4.628284454345703125e+00,9.908916473388671875e+00
-2.720727682113647461e+00,-3.069236755371093750e+00,-9.370989799499511719e+00,-2.123296022415161133e+00,-5.930669784545898438e+00,-2.804791212081909180e+00,-2.548482656478881836e+00,-4.400160789489746094e+00,9.928696632385253906e+00
-2.816797018051147461e+00,-2.787665367126464844e+00,-9.539672851562500000e+00,-2.110430955886840820e+00,-5.927547454833984375e+00,-2.865787267684936523e+00,-2.275987863540649414e+00,-4.574679851531982422e+00,9.976072311401367188e+00
-2.819512605667114258e+00,-4.727929115295410156e+00,-8.763088226318359375e+00,-3.796197414398193359e+00,-8.329638481140136719e+00,-4.660978317260742188e+00,-5.650448799133300781e+00,-4.426546096801757812e+00,1.047056198120117188e+01
-2.891306400299072266e+00,-3.607130527496337891e+00,-9.500646591186523438e+00,-2.700094223022460938e+00,-6.660996437072753906e+00,-3.221076726913452148e+00,-3.414987802505493164e+00,-4.299615859985351562e+00,1.019303989410400391e+01
-2.918302774429321289e+00,-3.202213287353515625e+00,-9.251681327819824219e+00,-2.597489833831787109e+00,-6.482188224792480469e+00,-3.100975275039672852e+00,-2.952679634094238281e+00,-4.292995929718017578e+00,9.967000007629394531e+00
-2.805101633071899414e+00,-3.399335384368896484e+00,-9.535763740539550781e+00,-2.354210853576660156e+00,-6.071049690246582031e+00,-2.878708124160766602e+00,-2.850368976593017578e+00,-4.354312419891357422e+00,1.014992523193359375e+01
-3.270317316055297852e+00,-2.144468069076538086e+00,-9.914173126220703125e+00,-1.806009888648986816e+00,-6.180692672729492188e+00,-2.439414024353027344e+00,-1.474507808685302734e+00,-5.332286834716796875e+00,9.531451225280761719e+00
-2.905567884445190430e+00,-2.041883945465087891e+00,-9.621863365173339844e+00,-1.711858510971069336e+00,-5.847227096557617188e+00,-2.755817174911499023e+00,-1.549899578094482422e+00,-4.921173095703125000e+00,9.663873672485351562e+00
-4.007121086120605469e+00,-4.157213687896728516e+00,-9.742754936218261719e+00,-5.064396858215332031e+00,-9.098593711853027344e+00,-3.825923919677734375e+00,-4.682618618011474609e+00,-3.167106389999389648e+00,9.309226989746093750e+00
-3.829482316970825195e+00,-3.920077800750732422e+00,-9.346949577331542969e+00,-4.354274272918701172e+00,-8.582139968872070312e+00,-2.782026529312133789e+00,-3.811378479003906250e+00,-3.903955698013305664e+00,9.344933509826660156e+00
-3.391539573669433594e+00,-4.207344055175781250e+00,-9.530443191528320312e+00,-4.895899295806884766e+00,-8.791402816772460938e+00,-2.891210079193115234e+00,-5.479029655456542969e+00,-3.785333156585693359e+00,9.542593002319335938e+00
-3.813839673995971680e+00,-4.315702438354492188e+00,-9.881299972534179688e+00,-4.505826473236083984e+00,-8.341012001037597656e+00,-2.881783962249755859e+00,-4.174626350402832031e+00,-3.383194208145141602e+00,9.612437248229980469e+00
-2.780103206634521484e+00,-3.864127635955810547e+00,-1.027157306671142578e+01,-3.622222900390625000e+00,-7.719627380371093750e+00,-3.090818166732788086e+00,-3.531706333160400391e+00,-4.007025718688964844e+00,9.843838691711425781e+00
-2.994764328002929688e+00,-3.987188339233398438e+00,-1.006337642669677734e+01,-4.229071140289306641e+00,-7.901462554931640625e+00,-2.525980710983276367e+00,-4.297049522399902344e+00,-3.428236722946166992e+00,9.825383186340332031e+00
-2.800869464874267578e+00,-3.840720176696777344e+00,-9.802989959716796875e+00,-4.276473045349121094e+00,-8.403795242309570312e+00,-2.906255722045898438e+00,-4.228891372680664062e+00,-3.724895238876342773e+00,9.416451454162597656e+00
-2.557759284973144531e+00,-3.980605125427246094e+00,-9.867989540100097656e+00,-4.084012985229492188e+00,-8.255275726318359375e+00,-2.945523262023925781e+00,-4.039341926574707031e+00,-3.383649826049804688e+00,9.620115280151367188e+00
-2.698567390441894531e+00,-4.202922821044921875e+00,-9.689741134643554688e+00,-3.672970771789550781e+00,-7.846678733825683594e+00,-2.778043985366821289e+00,-3.611199855804443359e+00,-3.902079820632934570e+00,9.844842910766601562e+00
-3.157490491867065430e+00,-4.106338024139404297e+00,-9.660609245300292969e+00,-4.516108512878417969e+00,-8.605434417724609375e+00,-2.663127660751342773e+00,-4.483769416809082031e+00,-3.697470903396606445e+00,9.471874237060546875e+00
-1.789616942405700684e+00,-4.469570636749267578e+00,-8.833174705505371094e+00,-2.848613739013671875e+00,-6.267076492309570312e+00,-2.186279773712158203e+00,-3.265607833862304688e+00,-3.684440135955810547e+00,1.038033485412597656e+01
-1.895555257797241211e+00,-4.582156658172607422e+00,-8.907119750976562500e+00,-3.101568222045898438e+00,-6.750794410705566406e+00,-2.174617290496826172e+00,-3.418205976486206055e+00,-3.814138412475585938e+00,1.024220848083496094e+01
-2.303217172622680664e+00,-4.422444343566894531e+00,-9.546977043151855469e+00,-2.929167270660400391e+00,-6.466917037963867188e+00,-2.567583084106445312e+00,-3.035407304763793945e+00,-3.740360021591186523e+00,1.033273220062255859e+01
-1.759214878082275391e+00,-4.538734912872314453e+00,-8.955450057983398438e+00,-2.762701988220214844e+00,-6.045013427734375000e+00,-2.103666543960571289e+00,-3.175973892211914062e+00,-3.695764780044555664e+00,1.050689506530761719e+01
-1.853538870811462402e+00,-4.457959175109863281e+00,-8.884843826293945312e+00,-2.758758068084716797e+00,-6.042951583862304688e+00,-2.146607398986816406e+00,-3.112528800964355469e+00,-3.702534914016723633e+00,1.051526260375976562e+01
-1.812714576721191406e+00,-4.427992820739746094e+00,-8.700840950012207031e+00,-2.834175586700439453e+00,-6.164040565490722656e+00,-2.163868427276611328e+00,-3.214452981948852539e+00,-3.701568603515625000e+00,1.048463058471679688e+01
-1.810687899589538574e+00,-4.546854019165039062e+00,-8.718748092651367188e+00,-2.728635311126708984e+00,-5.967391014099121094e+00,-2.065140247344970703e+00,-3.223056554794311523e+00,-3.518810272216796875e+00,1.059724712371826172e+01
-1.798853754997253418e+00,-4.420460224151611328e+00,-8.944164276123046875e+00,-2.827208042144775391e+00,-6.118932723999023438e+00,-2.116934537887573242e+00,-3.236532688140869141e+00,-3.653833150863647461e+00,1.047339916229248047e+01
-2.146507501602172852e+00,-4.409129619598388672e+00,-9.396610260009765625e+00,-2.787913084030151367e+00,-6.060454368591308594e+00,-2.302538871765136719e+00,-3.131475687026977539e+00,-3.691084861755371094e+00,1.053294563293457031e+01
-1.863468766212463379e+00,-4.467427253723144531e+00,-8.599392890930175781e+00,-2.943711757659912109e+00,-6.342494964599609375e+00,-2.267492771148681641e+00,-3.344118118286132812e+00,-3.597131729125976562e+00,1.035337257385253906e+01
-4.248580455780029297e+00,-5.074125289916992188e+00,-1.003193187713623047e+01,-4.838582515716552734e+00,-8.935178756713867188e+00,-4.181037902832031250e+00,-4.385059833526611328e+00,-3.860591888427734375e+00,9.232600212097167969e+00
-3.975863695144653320e+00,-5.298488616943359375e+00,-1.004556274414062500e+01,-4.259139060974121094e+00,-8.636575698852539062e+00,-3.741327762603759766e+00,-4.072772502899169922e+00,-4.285513877868652344e+00,9.645984649658203125e+00
-4.219605445861816406e+00,-4.802443027496337891e+00,-9.833135604858398438e+00,-5.016048908233642578e+00,-9.215931892395019531e+00,-4.361871719360351562e+00,-4.420847415924072266e+00,-3.696301937103271484e+00,9.230607986450195312e+00
-4.046860694885253906e+00,-4.240412712097167969e+00,-1.017247200012207031e+01,-3.932588100433349609e+00,-7.900719642639160156e+00,-3.425246238708496094e+00,-3.364799261093139648e+00,-4.345996379852294922e+00,9.331610679626464844e+00
-4.053806781768798828e+00,-4.295899868011474609e+00,-9.846865653991699219e+00,-4.263113498687744141e+00,-8.479360580444335938e+00,-3.878033638000488281e+00,-3.688148021697998047e+00,-3.830695390701293945e+00,9.269405364990234375e+00
-3.959346532821655273e+00,-3.908130645751953125e+00,-9.892325401306152344e+00,-3.826066017150878906e+00,-8.105368614196777344e+00,-3.650462388992309570e+00,-3.152676820755004883e+00,-4.262629032135009766e+00,9.319155693054199219e+00
-3.245687961578369141e+00,-2.518268585205078125e+00,-9.534313201904296875e+00,-2.223275184631347656e+00,-6.291807174682617188e+00,-2.447672843933105469e+00,-1.706183314323425293e+00,-5.217991828918457031e+00,9.439008712768554688e+00
-3.781990051269531250e+00,-3.717897415161132812e+00,-9.487870216369628906e+00,-4.026346683502197266e+00,-8.255296707153320312e+00,-3.900931835174560547e+00,-3.396785974502563477e+00,-4.122642040252685547e+00,9.449342727661132812e+00
-3.559523820877075195e+00,-3.564585685729980469e+00,-9.817182540893554688e+00,-3.098009109497070312e+00,-7.295162200927734375e+00,-3.000053405761718750e+00,-2.590516328811645508e+00,-4.385936260223388672e+00,9.591302871704101562e+00
-2.999347209930419922e+00,-3.240313053131103516e+00,-9.606113433837890625e+00,-2.246614933013916016e+00,-6.414232254028320312e+00,-2.547918796539306641e+00,-2.067195177078247070e+00,-4.589058399200439453e+00,9.742670059204101562e+00
-4.496006011962890625e+00,-6.131020545959472656e+00,-1.078219223022460938e+01,-4.763385772705078125e+00,-8.277102470397949219e+00,-3.771893739700317383e+00,-5.241017341613769531e+00,-4.856192111968994141e+00,9.666278839111328125e+00
-4.412604808807373047e+00,-6.070325851440429688e+00,-1.081847763061523438e+01,-4.648755073547363281e+00,-8.241353034973144531e+00,-3.480790376663208008e+00,-5.003196716308593750e+00,-4.839419841766357422e+00,9.629493713378906250e+00
-4.555080890655517578e+00,-6.146636962890625000e+00,-1.098088932037353516e+01,-4.775924682617187500e+00,-8.196016311645507812e+00,-3.528892517089843750e+00,-5.148719310760498047e+00,-4.853571414947509766e+00,9.726837158203125000e+00
-4.412966728210449219e+00,-6.151112556457519531e+00,-1.063901615142822266e+01,-4.687945365905761719e+00,-8.254509925842285156e+00,-3.903531074523925781e+00,-5.234273910522460938e+00,-4.882882595062255859e+00,9.636200904846191406e+00
-4.436289310455322266e+00,-6.136074066162109375e+00,-1.067739677429199219e+01,-4.718730926513671875e+00,-8.221655845642089844e+00,-3.829409599304199219e+00,-5.222168445587158203e+00,-4.800568580627441406e+00,9.651946067810058594e+00
-4.347872734069824219e+00,-6.183829307556152344e+00,-1.060908031463623047e+01,-4.679158687591552734e+00,-8.125772476196289062e+00,-3.858115196228027344e+00,-5.142621994018554688e+00,-4.644197463989257812e+00,9.649742126464843750e+00
-4.293280124664306641e+00,-4.850938796997070312e+00,-1.007825469970703125e+01,-4.491373538970947266e+00,-8.202323913574218750e+00,-4.198009014129638672e+00,-5.222951412200927734e+00,-4.731925487518310547e+00,9.926732063293457031e+00
-4.267392158508300781e+00,-5.346996784210205078e+00,-1.053843593597412109e+01,-4.470818042755126953e+00,-7.937125205993652344e+00,-3.864850997924804688e+00,-4.905282020568847656e+00,-4.480022907257080078e+00,9.859315872192382812e+00
-4.197636604309082031e+00,-5.655734539031982422e+00,-1.036375617980957031e+01,-4.049670219421386719e+00,-7.834159851074218750e+00,-3.208688974380493164e+00,-4.563192844390869141e+00,-4.680343151092529297e+00,9.755755424499511719e+00
-4.195194244384765625e+00,-5.594345092773437500e+00,-1.034095191955566406e+01,-4.019692897796630859e+00,-7.717058181762695312e+00,-3.079332113265991211e+00,-4.509534358978271484e+00,-4.625773906707763672e+00,9.815725326538085938e+00
-3.901699781417846680e+00,-4.029051780700683594e+00,-9.611713409423828125e+00,-3.845876216888427734e+00,-7.241442680358886719e+00,-3.161164522171020508e+00,-3.790172576904296875e+00,-4.134791374206542969e+00,9.562454223632812500e+00
-4.023675441741943359e+00,-4.379248619079589844e+00,-9.991914749145507812e+00,-4.039235591888427734e+00,-7.453930854797363281e+00,-3.306774854660034180e+00,-4.038333415985107422e+00,-4.079590320587158203e+00,9.604896545410156250e+00
-4.145832538604736328e+00,-5.133612632751464844e+00,-1.063737201690673828e+01,-4.220036029815673828e+00,-7.499669075012207031e+00,-3.075271844863891602e+00,-4.309936046600341797e+00,-4.078456401824951172e+00,9.737619400024414062e+00
-3.980494499206542969e+00,-4.170284748077392578e+00,-9.955161094665527344e+00,-3.859716892242431641e+00,-7.268598556518554688e+00,-3.157413005828857422e+00,-3.791224956512451172e+00,-4.113636493682861328e+00,9.534006118774414062e+00
-3.751034975051879883e+00,-3.769587993621826172e+00,-9.780996322631835938e+00,-3.397078514099121094e+00,-6.887904167175292969e+00,-2.907784938812255859e+00,-3.357229948043823242e+00,-4.344148159027099609e+00,9.569168090820312500e+00
-4.156780719757080078e+00,-4.840258121490478516e+00,-1.005001068115234375e+01,-4.495380878448486328e+00,-7.979859352111816406e+00,-3.653249025344848633e+00,-4.460507392883300781e+00,-3.850154399871826172e+00,9.490810394287109375e+00
-4.126728057861328125e+00,-4.540002822875976562e+00,-9.698972702026367188e+00,-4.748058795928955078e+00,-8.534880638122558594e+00,-4.103795051574707031e+00,-4.666910648345947266e+00,-3.682904005050659180e+00,9.346207618713378906e+00
-4.071986198425292969e+00,-4.587732315063476562e+00,-9.805212020874023438e+00,-4.456784725189208984e+00,-8.136027336120605469e+00,-3.791407585144042969e+00,-4.385698795318603516e+00,-3.776586055755615234e+00,9.450829505920410156e+00
-4.144698619842529297e+00,-4.598147392272949219e+00,-9.927941322326660156e+00,-4.248052597045898438e+00,-7.878677368164062500e+00,-3.523657560348510742e+00,-4.156929969787597656e+00,-3.950220108032226562e+00,9.427606582641601562e+00
-3.879438161849975586e+00,-4.405492305755615234e+00,-9.835173606872558594e+00,-3.783123016357421875e+00,-7.128104209899902344e+00,-3.104052305221557617e+00,-3.997395992279052734e+00,-4.066486835479736328e+00,9.743245124816894531e+00
-3.628878831863403320e+00,-4.242558956146240234e+00,-8.903396606445312500e+00,-5.405662536621093750e+00,-9.173677444458007812e+00,-4.378767967224121094e+00,-5.123084068298339844e+00,-2.898427009582519531e+00,8.719271659851074219e+00
-3.274444580078125000e+00,-4.046329975128173828e+00,-9.609005928039550781e+00,-4.996569633483886719e+00,-9.008259773254394531e+00,-3.902667522430419922e+00,-4.744769096374511719e+00,-2.877469539642333984e+00,8.968977928161621094e+00
-2.808803319931030273e+00,-3.269122600555419922e+00,-9.730182647705078125e+00,-4.168819427490234375e+00,-8.052863121032714844e+00,-3.290608406066894531e+00,-3.995392560958862305e+00,-2.759481191635131836e+00,9.120759010314941406e+00
-3.544735431671142578e+00,-3.760503292083740234e+00,-9.626554489135742188e+00,-4.834946155548095703e+00,-8.462233543395996094e+00,-3.469041109085083008e+00,-4.650994777679443359e+00,-2.870833396911621094e+00,9.283219337463378906e+00
-2.617723703384399414e+00,-3.179033756256103516e+00,-8.986113548278808594e+00,-4.728419303894042969e+00,-8.288954734802246094e+00,-4.335720062255859375e+00,-4.869767189025878906e+00,-3.243110656738281250e+00,8.641995429992675781e+00
-3.193308353424072266e+00,-3.802575588226318359e+00,-9.714769363403320312e+00,-4.293956279754638672e+00,-8.270723342895507812e+00,-4.021449089050292969e+00,-4.418765068054199219e+00,-3.633801937103271484e+00,9.515707015991210938e+00
-3.337955474853515625e+00,-4.307033538818359375e+00,-9.984441757202148438e+00,-4.085597515106201172e+00,-7.247902870178222656e+00,-3.057318925857543945e+00,-4.484294891357421875e+00,-3.496702909469604492e+00,9.951524734497070312e+00
-3.102145671844482422e+00,-4.788438796997070312e+00,-9.552026748657226562e+00,-4.096208572387695312e+00,-7.617593765258789062e+00,-4.202935695648193359e+00,-5.180846214294433594e+00,-4.119576930999755859e+00,9.668769836425781250e+00
-2.776533842086791992e+00,-3.328967571258544922e+00,-9.783852577209472656e+00,-4.265135765075683594e+00,-7.386603355407714844e+00,-3.179975509643554688e+00,-4.487775325775146484e+00,-3.516406059265136719e+00,9.219437599182128906e+00
-2.955235958099365234e+00,-3.553188323974609375e+00,-9.553140640258789062e+00,-2.852735519409179688e+00,-7.059813499450683594e+00,-2.993683576583862305e+00,-2.537462234497070312e+00,-4.057939052581787109e+00,9.960164070129394531e+00
-2.972267866134643555e+00,-4.141296386718750000e+00,-9.618556976318359375e+00,-4.992823600769042969e+00,-8.964100837707519531e+00,-3.349613666534423828e+00,-6.150477409362792969e+00,-3.756112337112426758e+00,9.297681808471679688e+00
-2.626025438308715820e+00,-3.971086025238037109e+00,-8.749803543090820312e+00,-5.513390541076660156e+00,-9.122558593750000000e+00,-3.537274360656738281e+00,-6.865748882293701172e+00,-3.782084941864013672e+00,8.694198608398437500e+00
-2.825591087341308594e+00,-3.835249423980712891e+00,-8.865161895751953125e+00,-5.026485919952392578e+00,-9.041884422302246094e+00,-3.660025358200073242e+00,-6.514181613922119141e+00,-3.854609012603759766e+00,9.156649589538574219e+00
-2.842145442962646484e+00,-3.743313789367675781e+00,-9.257710456848144531e+00,-4.776218891143798828e+00,-8.509770393371582031e+00,-3.243273735046386719e+00,-5.702249526977539062e+00,-3.665064811706542969e+00,9.204909324645996094e+00
-2.722413778305053711e+00,-3.311897277832031250e+00,-9.061003684997558594e+00,-5.140655994415283203e+00,-8.278214454650878906e+00,-2.827244520187377930e+00,-5.457262039184570312e+00,-3.292923212051391602e+00,8.669775009155273438e+00
-2.194092988967895508e+00,-3.179304599761962891e+00,-8.548261642456054688e+00,-5.132239341735839844e+00,-8.498079299926757812e+00,-2.626820802688598633e+00,-5.546809196472167969e+00,-3.185792922973632812e+00,8.256063461303710938e+00
-1.133552789688110352e+00,-3.476873874664306641e+00,-6.495379447937011719e+00,-4.682003021240234375e+00,-8.568339347839355469e+00,-2.215528488159179688e+00,-5.409622192382812500e+00,-3.204797744750976562e+00,8.823970794677734375e+00
-1.355486631393432617e+00,-2.958724975585937500e+00,-7.029075622558593750e+00,-4.700967788696289062e+00,-8.319269180297851562e+00,-2.078382015228271484e+00,-5.390707015991210938e+00,-3.285438060760498047e+00,8.613240242004394531e+00
-3.014737606048583984e+00,-3.640999317169189453e+00,-9.142023086547851562e+00,-5.162122726440429688e+00,-8.546224594116210938e+00,-3.139025688171386719e+00,-5.250615119934082031e+00,-3.464324474334716797e+00,8.919005393981933594e+00
-2.067251443862915039e+00,-2.637625694274902344e+00,-8.641203880310058594e+00,-4.920919895172119141e+00,-7.439361572265625000e+00,-2.253442287445068359e+00,-5.332900047302246094e+00,-2.767565488815307617e+00,8.106721878051757812e+00
-2.369252204895019531e+00,-3.388947010040283203e+00,-8.279385566711425781e+00,-5.738468170166015625e+00,-8.688459396362304688e+00,-2.901459455490112305e+00,-5.928650856018066406e+00,-2.712905406951904297e+00,8.150328636169433594e+00
-2.128645658493041992e+00,-3.085506439208984375e+00,-8.006991386413574219e+00,-5.725941658020019531e+00,-8.870158195495605469e+00,-2.923137903213500977e+00,-5.825043678283691406e+00,-2.895164728164672852e+00,7.732369422912597656e+00
-2.528536319732666016e+00,-3.410439014434814453e+00,-8.591237068176269531e+00,-5.591958045959472656e+00,-8.730802536010742188e+00,-2.827431678771972656e+00,-5.884019851684570312e+00,-3.309803724288940430e+00,8.189991950988769531e+00
-2.761784791946411133e+00,-4.567553043365478516e+00,-8.944242477416992188e+00,-3.982352733612060547e+00,-7.360397338867187500e+00,-2.041161775588989258e+00,-5.425051212310791016e+00,-3.379722833633422852e+00,1.012866210937500000e+01
-3.070653438568115234e+00,-3.859585285186767578e+00,-9.129758834838867188e+00,-5.195737361907958984e+00,-8.389249801635742188e+00,-2.647292375564575195e+00,-5.842533111572265625e+00,-3.378947973251342773e+00,8.973984718322753906e+00
-3.045055866241455078e+00,-4.350076198577880859e+00,-9.381937980651855469e+00,-4.917924880981445312e+00,-7.941161155700683594e+00,-2.162765741348266602e+00,-6.370210647583007812e+00,-3.826977014541625977e+00,9.484378814697265625e+00
-2.672937154769897461e+00,-4.144007205963134766e+00,-9.592149734497070312e+00,-4.435591697692871094e+00,-7.738876342773437500e+00,-2.991480827331542969e+00,-5.113725185394287109e+00,-3.831601381301879883e+00,9.356858253479003906e+00
-2.631264925003051758e+00,-4.421993255615234375e+00,-9.254591941833496094e+00,-4.140960693359375000e+00,-7.435109138488769531e+00,-2.699488878250122070e+00,-5.006530284881591797e+00,-3.580334663391113281e+00,1.004024600982666016e+01
-2.958140611648559570e+00,-4.014369964599609375e+00,-9.532219886779785156e+00,-5.075764179229736328e+00,-8.256484031677246094e+00,-2.720419406890869141e+00,-6.132778644561767578e+00,-3.876991510391235352e+00,9.179975509643554688e+00
-2.626671075820922852e+00,-4.224751472473144531e+00,-9.278526306152343750e+00,-4.457013607025146484e+00,-7.780365943908691406e+00,-2.783978939056396484e+00,-5.147591590881347656e+00,-3.629368066787719727e+00,9.723964691162109375e+00
-1.752895236015319824e+00,-3.629484653472900391e+00,-8.566157341003417969e+00,-3.791728019714355469e+00,-8.721023559570312500e+00,-2.891933441162109375e+00,-4.149959087371826172e+00,-3.714034080505371094e+00,8.756949424743652344e+00
-1.833344697952270508e+00,-3.531791210174560547e+00,-8.622933387756347656e+00,-4.000842571258544922e+00,-8.836487770080566406e+00,-2.935267448425292969e+00,-4.267329692840576172e+00,-3.803248643875122070e+00,8.606388092041015625e+00
-1.806344628334045410e+00,-3.522521495819091797e+00,-8.662433624267578125e+00,-3.910073280334472656e+00,-8.781147956848144531e+00,-2.962031126022338867e+00,-4.148901939392089844e+00,-3.772704124450683594e+00,8.676065444946289062e+00
-1.771985769271850586e+00,-3.664048671722412109e+00,-8.662843704223632812e+00,-3.752079010009765625e+00,-8.781225204467773438e+00,-2.999332427978515625e+00,-4.074602603912353516e+00,-3.684213638305664062e+00,8.680064201354980469e+00
-1.763229966163635254e+00,-3.669726848602294922e+00,-8.622336387634277344e+00,-3.741071224212646484e+00,-8.778705596923828125e+00,-2.998938798904418945e+00,-4.069830894470214844e+00,-3.677011966705322266e+00,8.692784309387207031e+00
-1.743950724601745605e+00,-3.706655502319335938e+00,-8.492482185363769531e+00,-3.793161869049072266e+00,-8.854036331176757812e+00,-3.061808347702026367e+00,-4.071290969848632812e+00,-3.662822961807250977e+00,8.607671737670898438e+00
-1.709562063217163086e+00,-3.646724224090576172e+00,-8.464450836181640625e+00,-3.812607288360595703e+00,-8.707109451293945312e+00,-2.902807950973510742e+00,-4.213526725769042969e+00,-3.659393548965454102e+00,8.666234016418457031e+00
-1.789753079414367676e+00,-3.584087371826171875e+00,-8.701916694641113281e+00,-3.846933841705322266e+00,-8.819869041442871094e+00,-2.975214481353759766e+00,-4.151142597198486328e+00,-3.726654529571533203e+00,8.603930473327636719e+00
-1.847163438796997070e+00,-3.622559547424316406e+00,-8.877183914184570312e+00,-3.783377170562744141e+00,-8.807876586914062500e+00,-3.004941463470458984e+00,-4.119051933288574219e+00,-3.728938102722167969e+00,8.614877700805664062e+00
-1.905856609344482422e+00,-3.534834861755371094e+00,-8.665530204772949219e+00,-3.807670116424560547e+00,-8.789699554443359375e+00,-2.837860584259033203e+00,-4.163463592529296875e+00,-3.727881431579589844e+00,8.704083442687988281e+00
-1.643015742301940918e+00,-3.816803455352783203e+00,-8.127576828002929688e+00,-3.698320388793945312e+00,-8.386607170104980469e+00,-2.605172157287597656e+00,-4.129091739654541016e+00,-3.570369482040405273e+00,9.241552352905273438e+00
-1.438346862792968750e+00,-3.727003097534179688e+00,-7.789515495300292969e+00,-3.759675502777099609e+00,-8.423624992370605469e+00,-2.514059305191040039e+00,-4.447386741638183594e+00,-3.590319871902465820e+00,8.999125480651855469e+00
-1.464030981063842773e+00,-3.694080829620361328e+00,-7.752009391784667969e+00,-3.786037921905517578e+00,-8.513679504394531250e+00,-2.551713228225708008e+00,-4.434005737304687500e+00,-3.620225429534912109e+00,8.967606544494628906e+00
-1.690031170845031738e+00,-3.714866161346435547e+00,-7.923620223999023438e+00,-3.861081123352050781e+00,-8.525154113769531250e+00,-2.166372776031494141e+00,-4.401438713073730469e+00,-3.530462980270385742e+00,8.971478462219238281e+00
-1.783721804618835449e+00,-3.805220603942871094e+00,-8.069461822509765625e+00,-3.947756290435791016e+00,-8.703196525573730469e+00,-2.472499847412109375e+00,-4.392150878906250000e+00,-3.577378511428833008e+00,9.033984184265136719e+00
-1.639489293098449707e+00,-4.000639915466308594e+00,-7.809590339660644531e+00,-3.619415283203125000e+00,-7.936017990112304688e+00,-2.052932262420654297e+00,-4.205594062805175781e+00,-3.366129159927368164e+00,9.491938591003417969e+00
-1.598273992538452148e+00,-3.764757633209228516e+00,-7.954801559448242188e+00,-3.831744670867919922e+00,-8.662417411804199219e+00,-2.546272993087768555e+00,-4.417181015014648438e+00,-3.613073587417602539e+00,8.902044296264648438e+00
-1.634981989860534668e+00,-3.769690990447998047e+00,-8.107872009277343750e+00,-3.789665699005126953e+00,-8.670670509338378906e+00,-2.550904035568237305e+00,-4.376507759094238281e+00,-3.619341373443603516e+00,8.964517593383789062e+00
-1.512959718704223633e+00,-3.676777362823486328e+00,-7.761880874633789062e+00,-3.910208702087402344e+00,-8.606232643127441406e+00,-2.484487056732177734e+00,-4.605878829956054688e+00,-3.586875200271606445e+00,8.856083869934082031e+00
-1.476591229438781738e+00,-3.566101551055908203e+00,-7.501804351806640625e+00,-4.077921390533447266e+00,-8.545620918273925781e+00,-2.441381931304931641e+00,-4.796238422393798828e+00,-3.420868158340454102e+00,8.861392021179199219e+00
-1.802161574363708496e+00,-3.634190559387207031e+00,-8.342705726623535156e+00,-3.855683803558349609e+00,-8.700864791870117188e+00,-2.667110681533813477e+00,-4.101780891418457031e+00,-3.649679660797119141e+00,8.796134948730468750e+00
-1.636877536773681641e+00,-3.742386817932128906e+00,-8.091610908508300781e+00,-3.751731395721435547e+00,-8.485795021057128906e+00,-2.416727066040039062e+00,-4.078762054443359375e+00,-3.775019168853759766e+00,9.042625427246093750e+00
-1.678035497665405273e+00,-3.773549556732177734e+00,-8.293243408203125000e+00,-3.623970985412597656e+00,-8.585174560546875000e+00,-2.842422246932983398e+00,-3.989037752151489258e+00,-3.706244707107543945e+00,8.962468147277832031e+00
-1.722272992134094238e+00,-3.708314895629882812e+00,-8.358580589294433594e+00,-3.694824218750000000e+00,-8.747572898864746094e+00,-2.939980268478393555e+00,-4.042470932006835938e+00,-3.680485248565673828e+00,8.791927337646484375e+00
-1.653753757476806641e+00,-3.779360771179199219e+00,-8.074296951293945312e+00,-3.660275936126708984e+00,-8.445821762084960938e+00,-2.548244953155517578e+00,-3.932033777236938477e+00,-3.762557268142700195e+00,9.112216949462890625e+00
-1.830015778541564941e+00,-3.680464744567871094e+00,-8.525882720947265625e+00,-3.890855312347412109e+00,-8.852469444274902344e+00,-2.915728807449340820e+00,-4.069523811340332031e+00,-3.751451253890991211e+00,8.733185768127441406e+00
-1.778195261955261230e+00,-3.636970520019531250e+00,-8.395481109619140625e+00,-3.891169548034667969e+00,-8.697242736816406250e+00,-2.906982898712158203e+00,-4.122529506683349609e+00,-3.721042871475219727e+00,8.735379219055175781e+00
-1.734343290328979492e+00,-3.639685630798339844e+00,-8.198584556579589844e+00,-3.772990226745605469e+00,-8.699965476989746094e+00,-2.911638259887695312e+00,-4.128379344940185547e+00,-3.666260957717895508e+00,8.745736122131347656e+00
-1.795914530754089355e+00,-3.757458209991455078e+00,-8.422420501708984375e+00,-3.759809494018554688e+00,-8.840414047241210938e+00,-3.068784713745117188e+00,-4.058665275573730469e+00,-3.618900537490844727e+00,8.702992439270019531e+00
-1.780414819717407227e+00,-3.616480827331542969e+00,-8.561247825622558594e+00,-3.821210384368896484e+00,-8.703249931335449219e+00,-2.996009588241577148e+00,-4.099809169769287109e+00,-3.685988187789916992e+00,8.741955757141113281e+00
-3.898148059844970703e+00,-4.303375720977783203e+00,-9.685940742492675781e+00,-5.211797237396240234e+00,-9.181744575500488281e+00,-4.644361972808837891e+00,-4.512758255004882812e+00,-3.440491676330566406e+00,9.168178558349609375e+00
-3.599441289901733398e+00,-4.036014556884765625e+00,-9.766276359558105469e+00,-5.578691482543945312e+00,-9.194906234741210938e+00,-4.566466808319091797e+00,-5.453473567962646484e+00,-3.586807966232299805e+00,9.109207153320312500e+00
-3.211029529571533203e+00,-3.965161323547363281e+00,-9.440113067626953125e+00,-4.993547439575195312e+00,-8.872970581054687500e+00,-3.726505994796752930e+00,-4.627052783966064453e+00,-3.289472103118896484e+00,8.973686218261718750e+00
-3.488872051239013672e+00,-3.927438259124755859e+00,-9.710297584533691406e+00,-4.848998069763183594e+00,-8.687195777893066406e+00,-3.949430227279663086e+00,-4.078497409820556641e+00,-3.111063241958618164e+00,9.418895721435546875e+00
-3.768904924392700195e+00,-3.860956668853759766e+00,-9.615142822265625000e+00,-5.085953712463378906e+00,-8.762540817260742188e+00,-3.643640279769897461e+00,-4.759956836700439453e+00,-3.115839958190917969e+00,9.167080879211425781e+00
-3.023710489273071289e+00,-3.763590812683105469e+00,-9.460294723510742188e+00,-5.180899143218994141e+00,-8.452971458435058594e+00,-2.949552774429321289e+00,-5.592575073242187500e+00,-3.577504396438598633e+00,8.943138122558593750e+00
-2.910524606704711914e+00,-3.538584232330322266e+00,-9.170202255249023438e+00,-5.487984180450439453e+00,-8.568379402160644531e+00,-2.822408437728881836e+00,-5.550766468048095703e+00,-3.577566146850585938e+00,8.465790748596191406e+00
-2.195837259292602539e+00,-3.721816062927246094e+00,-8.922627449035644531e+00,-4.844334125518798828e+00,-8.704117774963378906e+00,-2.585728645324707031e+00,-5.208593368530273438e+00,-3.466862678527832031e+00,8.800873756408691406e+00
-2.825643777847290039e+00,-3.836408615112304688e+00,-9.451414108276367188e+00,-4.619458198547363281e+00,-8.197877883911132812e+00,-2.794423580169677734e+00,-4.352855682373046875e+00,-3.530645847320556641e+00,9.575532913208007812e+00
-3.205203294754028320e+00,-4.063118934631347656e+00,-9.621706008911132812e+00,-5.270747184753417969e+00,-9.102852821350097656e+00,-4.146114349365234375e+00,-5.266940116882324219e+00,-3.837851524353027344e+00,8.922933578491210938e+00
-5.350987911224365234e-01,-8.021450638771057129e-01,-7.770701408386230469e+00,-2.864503860473632812e+00,-4.160921573638916016e+00,-1.252776980400085449e+00,-3.385566949844360352e+00,-4.363918900489807129e-01,8.183485031127929688e+00
-1.223711252212524414e+00,-1.680631875991821289e+00,-9.202998161315917969e+00,-3.108988285064697266e+00,-6.032499313354492188e+00,-1.702017068862915039e+00,-3.663485288619995117e+00,-2.024521827697753906e+00,8.394826889038085938e+00
-3.887005448341369629e-01,-6.646425724029541016e-01,-7.993809700012207031e+00,-2.937475204467773438e+00,-4.238571643829345703e+00,-8.562084436416625977e-01,-3.601462841033935547e+00,-6.510468125343322754e-01,8.088647842407226562e+00
-1.206781864166259766e+00,-1.984190106391906738e+00,-8.926827430725097656e+00,-3.540964603424072266e+00,-6.212882995605468750e+00,-1.513235449790954590e+00,-4.103916168212890625e+00,-1.646178364753723145e+00,8.376873016357421875e+00
-1.220270752906799316e+00,-1.891620635986328125e+00,-8.403111457824707031e+00,-3.728989124298095703e+00,-6.447930335998535156e+00,-1.589734077453613281e+00,-4.278949260711669922e+00,-1.832121968269348145e+00,8.225327491760253906e+00
-1.374144434928894043e+00,-1.712155222892761230e+00,-8.302692413330078125e+00,-3.429903984069824219e+00,-6.020854949951171875e+00,-1.478457331657409668e+00,-4.125422000885009766e+00,-1.418434023857116699e+00,8.664431571960449219e+00
-9.311554431915283203e-01,-1.528910636901855469e+00,-8.254610061645507812e+00,-3.428447723388671875e+00,-5.512066841125488281e+00,-1.125420093536376953e+00,-4.163540363311767578e+00,-1.308443427085876465e+00,8.319685935974121094e+00
-1.832284927368164062e+00,-2.492493152618408203e+00,-8.743179321289062500e+00,-3.867913722991943359e+00,-7.294230461120605469e+00,-2.097426414489746094e+00,-4.235126972198486328e+00,-2.385316610336303711e+00,8.610957145690917969e+00
-1.378557801246643066e+00,-2.274158000946044922e+00,-8.452040672302246094e+00,-3.812761306762695312e+00,-7.050404548645019531e+00,-1.819336414337158203e+00,-4.379374980926513672e+00,-1.935661315917968750e+00,8.248516082763671875e+00
-1.444672942161560059e+00,-2.239519119262695312e+00,-8.478112220764160156e+00,-3.962510585784912109e+00,-7.186778068542480469e+00,-2.030358791351318359e+00,-4.365321636199951172e+00,-2.253333568572998047e+00,8.200492858886718750e+00
-2.415913105010986328e+00,-3.093749523162841797e+00,-8.169520378112792969e+00,-5.344104766845703125e+00,-8.708307266235351562e+00,-3.032105445861816406e+00,-5.137873649597167969e+00,-3.080785036087036133e+00,7.887848854064941406e+00
-2.261512041091918945e+00,-3.186976432800292969e+00,-8.288441658020019531e+00,-5.428079605102539062e+00,-8.861637115478515625e+00,-3.025773525238037109e+00,-5.414129734039306641e+00,-3.266464233398437500e+00,7.734456062316894531e+00
-2.301022529602050781e+00,-3.442391872406005859e+00,-8.801400184631347656e+00,-4.851803779602050781e+00,-8.819208145141601562e+00,-2.738118886947631836e+00,-5.088222503662109375e+00,-3.332713127136230469e+00,8.440472602844238281e+00
-2.223435401916503906e+00,-3.274227142333984375e+00,-8.358725547790527344e+00,-5.340946674346923828e+00,-8.888589859008789062e+00,-2.947405338287353516e+00,-5.418864727020263672e+00,-3.513007164001464844e+00,7.673675537109375000e+00
-2.442455291748046875e+00,-3.360767841339111328e+00,-8.790071487426757812e+00,-4.985503196716308594e+00,-8.447812080383300781e+00,-2.737103939056396484e+00,-5.066120147705078125e+00,-3.391088247299194336e+00,8.570875167846679688e+00
-2.253137588500976562e+00,-3.493219852447509766e+00,-9.074108123779296875e+00,-4.250757217407226562e+00,-8.435220718383789062e+00,-2.870656013488769531e+00,-4.358179092407226562e+00,-3.834587097167968750e+00,8.761137962341308594e+00
-2.156322002410888672e+00,-3.357207775115966797e+00,-8.441969871520996094e+00,-4.711874485015869141e+00,-8.768444061279296875e+00,-2.912169218063354492e+00,-4.848395347595214844e+00,-3.544035673141479492e+00,8.093913078308105469e+00
-2.110994577407836914e+00,-3.490349292755126953e+00,-9.106789588928222656e+00,-4.149240016937255859e+00,-8.636214256286621094e+00,-2.838131904602050781e+00,-4.335840702056884766e+00,-3.797657012939453125e+00,8.468441009521484375e+00
-2.227247476577758789e+00,-3.367597579956054688e+00,-8.699110984802246094e+00,-4.907765388488769531e+00,-8.788645744323730469e+00,-2.906324148178100586e+00,-5.226376533508300781e+00,-3.723073959350585938e+00,7.999720573425292969e+00
-2.586558580398559570e+00,-3.692995548248291016e+00,-9.208115577697753906e+00,-4.941438198089599609e+00,-8.800943374633789062e+00,-3.285133600234985352e+00,-5.195662021636962891e+00,-4.153610229492187500e+00,8.209160804748535156e+00
-2.647254705429077148e+00,-4.944515228271484375e+00,-9.637522697448730469e+00,-4.555773735046386719e+00,-8.972189903259277344e+00,-5.279745101928710938e+00,-6.623546123504638672e+00,-4.509802818298339844e+00,9.331493377685546875e+00
-2.779485702514648438e+00,-4.948688983917236328e+00,-9.498990058898925781e+00,-4.259906768798828125e+00,-8.655256271362304688e+00,-5.992884635925292969e+00,-6.258569717407226562e+00,-5.159200668334960938e+00,9.504815101623535156e+00
-3.113874435424804688e+00,-5.280199527740478516e+00,-9.252305030822753906e+00,-4.468066692352294922e+00,-9.002271652221679688e+00,-6.348543167114257812e+00,-6.582083702087402344e+00,-5.121727943420410156e+00,9.469332695007324219e+00
-3.052080154418945312e+00,-5.343666553497314453e+00,-9.277661323547363281e+00,-4.528877258300781250e+00,-9.024982452392578125e+00,-6.222897529602050781e+00,-6.824201583862304688e+00,-5.026406288146972656e+00,9.444239616394042969e+00
-3.027678489685058594e+00,-5.265110492706298828e+00,-9.331089973449707031e+00,-4.414670467376708984e+00,-8.903300285339355469e+00,-6.249079704284667969e+00,-6.631329059600830078e+00,-5.082854270935058594e+00,9.514316558837890625e+00
-3.125684022903442383e+00,-5.271965503692626953e+00,-9.280798912048339844e+00,-4.604053020477294922e+00,-8.904731750488281250e+00,-6.662710666656494141e+00,-6.734115123748779297e+00,-5.203140735626220703e+00,9.428892135620117188e+00
-2.686417341232299805e+00,-5.093491077423095703e+00,-9.260677337646484375e+00,-4.545932769775390625e+00,-9.230909347534179688e+00,-4.903635025024414062e+00,-6.714081764221191406e+00,-4.050278663635253906e+00,9.218076705932617188e+00
-2.577873468399047852e+00,-4.981959819793701172e+00,-8.759999275207519531e+00,-4.397544384002685547e+00,-9.443406105041503906e+00,-2.035262107849121094e+00,-6.326765060424804688e+00,-2.671664953231811523e+00,8.935287475585937500e+00
-2.495833158493041992e+00,-4.889060497283935547e+00,-8.797273635864257812e+00,-4.393190383911132812e+00,-9.648891448974609375e+00,-9.707536697387695312e-01,-6.636120796203613281e+00,-2.298496007919311523e+00,8.995250701904296875e+00
-2.444722414016723633e+00,-5.265414714813232422e+00,-9.271044731140136719e+00,-4.459176063537597656e+00,-9.506601333618164062e+00,-4.050272941589355469e+00,-7.506723880767822266e+00,-3.125628471374511719e+00,8.972853660583496094e+00
-1.746944904327392578e+00,-3.825816631317138672e+00,-8.415163993835449219e+00,-3.966614723205566406e+00,-8.875578880310058594e+00,-2.701444387435913086e+00,-4.364899635314941406e+00,-3.701897621154785156e+00,8.708106040954589844e+00
-1.893731474876403809e+00,-3.796109676361083984e+00,-8.636429786682128906e+00,-3.949918270111083984e+00,-8.850958824157714844e+00,-2.901803016662597656e+00,-4.324534893035888672e+00,-3.778438568115234375e+00,8.565927505493164062e+00
-1.765531301498413086e+00,-3.789687156677246094e+00,-8.109948158264160156e+00,-3.879217624664306641e+00,-8.636449813842773438e+00,-2.265108108520507812e+00,-4.457736492156982422e+00,-3.570497751235961914e+00,8.996775627136230469e+00
-1.653801560401916504e+00,-3.807018756866455078e+00,-8.156541824340820312e+00,-3.917624473571777344e+00,-8.804979324340820312e+00,-2.638783693313598633e+00,-4.339915275573730469e+00,-3.654532194137573242e+00,8.756541252136230469e+00
-1.908513545989990234e+00,-3.678376674652099609e+00,-8.869090080261230469e+00,-3.757085800170898438e+00,-8.781346321105957031e+00,-2.985770463943481445e+00,-4.099253654479980469e+00,-3.779830932617187500e+00,8.542675018310546875e+00
-1.570611476898193359e+00,-3.785938739776611328e+00,-7.976354598999023438e+00,-3.941845417022705078e+00,-8.724082946777343750e+00,-2.626291513442993164e+00,-4.369750499725341797e+00,-3.732225418090820312e+00,8.738004684448242188e+00
-1.486799001693725586e+00,-3.650940418243408203e+00,-7.801052093505859375e+00,-4.030902385711669922e+00,-8.659860610961914062e+00,-2.394124984741210938e+00,-4.579894065856933594e+00,-3.671425104141235352e+00,8.742524147033691406e+00
-1.948371171951293945e+00,-3.696137905120849609e+00,-8.700917243957519531e+00,-4.010070323944091797e+00,-8.841486930847167969e+00,-2.754800081253051758e+00,-4.299818038940429688e+00,-3.707870244979858398e+00,8.573660850524902344e+00
-1.711098790168762207e+00,-3.794743537902832031e+00,-8.293519020080566406e+00,-3.896927356719970703e+00,-8.808500289916992188e+00,-2.836216211318969727e+00,-4.253099441528320312e+00,-3.700899124145507812e+00,8.665291786193847656e+00
-2.075775384902954102e+00,-3.651612281799316406e+00,-9.016243934631347656e+00,-3.887971878051757812e+00,-8.696365356445312500e+00,-2.912626981735229492e+00,-4.246373653411865234e+00,-3.848837614059448242e+00,8.584753990173339844e+00
-1.738022923469543457e+00,-3.501957416534423828e+00,-8.510200500488281250e+00,-3.973963260650634766e+00,-8.713216781616210938e+00,-2.610780239105224609e+00,-4.452913761138916016e+00,-3.702518701553344727e+00,8.719756126403808594e+00
-1.577495813369750977e+00,-3.921738147735595703e+00,-8.404747962951660156e+00,-3.896365642547607422e+00,-8.264387130737304688e+00,-2.335284233093261719e+00,-4.285990238189697266e+00,-3.857877016067504883e+00,9.132013320922851562e+00
-1.384873747825622559e+00,-3.856050968170166016e+00,-7.852537155151367188e+00,-3.820769309997558594e+00,-8.357617378234863281e+00,-2.429514646530151367e+00,-4.472079753875732422e+00,-3.677598714828491211e+00,9.133401870727539062e+00
-1.744369149208068848e+00,-3.671359539031982422e+00,-8.489732742309570312e+00,-3.872602462768554688e+00,-8.783267974853515625e+00,-2.702604532241821289e+00,-4.301917552947998047e+00,-3.692282676696777344e+00,8.751273155212402344e+00
-1.500268340110778809e+00,-3.812589645385742188e+00,-8.162075042724609375e+00,-3.752503871917724609e+00,-8.576803207397460938e+00,-2.598625898361206055e+00,-4.277388095855712891e+00,-3.694965124130249023e+00,9.025638580322265625e+00
-1.486590743064880371e+00,-3.742408752441406250e+00,-8.073474884033203125e+00,-3.839992523193359375e+00,-8.612666130065917969e+00,-2.537533044815063477e+00,-4.450205326080322266e+00,-3.695178985595703125e+00,8.884196281433105469e+00
-1.631911993026733398e+00,-3.709150314331054688e+00,-8.216043472290039062e+00,-3.752048969268798828e+00,-8.424364089965820312e+00,-2.369999885559082031e+00,-4.386840343475341797e+00,-3.588102817535400391e+00,9.013554573059082031e+00
-1.696436166763305664e+00,-3.764268875122070312e+00,-8.327456474304199219e+00,-3.813984870910644531e+00,-8.615638732910156250e+00,-2.500766754150390625e+00,-4.372456073760986328e+00,-3.656901836395263672e+00,8.936738967895507812e+00
-1.674197435379028320e+00,-3.784858703613281250e+00,-8.291406631469726562e+00,-3.729792118072509766e+00,-8.493384361267089844e+00,-2.509442567825317383e+00,-4.334625244140625000e+00,-3.565223217010498047e+00,8.899911880493164062e+00
-1.705057740211486816e+00,-3.709660530090332031e+00,-8.484864234924316406e+00,-3.771761417388916016e+00,-8.691244125366210938e+00,-2.825023889541625977e+00,-4.222918510437011719e+00,-3.644519805908203125e+00,8.729583740234375000e+00
-2.434416294097900391e+00,-2.912701606750488281e+00,-9.287318229675292969e+00,-1.832907795906066895e+00,-5.938148498535156250e+00,-3.055953979492187500e+00,-2.329131841659545898e+00,-4.378368854522705078e+00,9.867168426513671875e+00
-2.643955945968627930e+00,-3.000717639923095703e+00,-9.492578506469726562e+00,-2.176865100860595703e+00,-6.273269653320312500e+00,-3.309065818786621094e+00,-2.548243045806884766e+00,-4.862103462219238281e+00,9.754896163940429688e+00
-2.833020925521850586e+00,-2.928490161895751953e+00,-9.535920143127441406e+00,-2.166594743728637695e+00,-6.272138595581054688e+00,-3.405119419097900391e+00,-2.612418413162231445e+00,-4.859005928039550781e+00,9.865476608276367188e+00
-2.490396261215209961e+00,-3.195616722106933594e+00,-9.267383575439453125e+00,-2.156829833984375000e+00,-6.129840850830078125e+00,-3.134220361709594727e+00,-2.583331584930419922e+00,-4.519076347351074219e+00,9.872001647949218750e+00
-2.349650621414184570e+00,-2.875053405761718750e+00,-9.131690025329589844e+00,-1.925107121467590332e+00,-6.084650039672851562e+00,-3.182748794555664062e+00,-2.330044031143188477e+00,-4.533561706542968750e+00,9.809526443481445312e+00
-2.381592512130737305e+00,-2.998248577117919922e+00,-9.146880149841308594e+00,-1.967333078384399414e+00,-6.082736015319824219e+00,-3.145566225051879883e+00,-2.415891170501708984e+00,-4.512596130371093750e+00,9.845911026000976562e+00
-3.136525154113769531e+00,-2.683711051940917969e+00,-9.845273017883300781e+00,-2.037382602691650391e+00,-6.040555000305175781e+00,-3.503333330154418945e+00,-2.629163265228271484e+00,-4.906340599060058594e+00,9.907401084899902344e+00
-2.871394872665405273e+00,-3.011018753051757812e+00,-9.698997497558593750e+00,-2.227725982666015625e+00,-6.290918350219726562e+00,-3.569668054580688477e+00,-2.629762172698974609e+00,-4.842769145965576172e+00,9.877352714538574219e+00
-2.503438949584960938e+00,-2.958251953125000000e+00,-9.235319137573242188e+00,-2.042564630508422852e+00,-6.164490699768066406e+00,-3.223339319229125977e+00,-2.462137699127197266e+00,-4.612697124481201172e+00,9.837081909179687500e+00
-2.802073240280151367e+00,-2.501357078552246094e+00,-9.616404533386230469e+00,-1.822625517845153809e+00,-5.939187049865722656e+00,-3.361272096633911133e+00,-2.184013128280639648e+00,-4.716414928436279297e+00,9.799817085266113281e+00
-2.355387210845947266e+00,-2.267757892608642578e+00,-9.061038970947265625e+00,-1.618827342987060547e+00,-5.791752815246582031e+00,-3.476946353912353516e+00,-1.845993518829345703e+00,-4.347878456115722656e+00,9.702960968017578125e+00
-2.163804054260253906e+00,-2.470152378082275391e+00,-8.957895278930664062e+00,-1.698744416236877441e+00,-5.757528305053710938e+00,-3.348703145980834961e+00,-2.041605234146118164e+00,-4.230515480041503906e+00,9.729312896728515625e+00
-2.194341659545898438e+00,-2.706747531890869141e+00,-8.917730331420898438e+00,-1.788558721542358398e+00,-5.824730873107910156e+00,-3.226303100585937500e+00,-2.235205173492431641e+00,-4.230239391326904297e+00,9.801924705505371094e+00
-2.176395416259765625e+00,-2.891389369964599609e+00,-8.848841667175292969e+00,-1.812555313110351562e+00,-5.721931457519531250e+00,-3.100780725479125977e+00,-2.295933246612548828e+00,-4.054242610931396484e+00,9.832866668701171875e+00
-2.097986221313476562e+00,-2.669223785400390625e+00,-8.893634796142578125e+00,-1.704766035079956055e+00,-5.783767700195312500e+00,-3.198244571685791016e+00,-1.965416669845581055e+00,-4.071980476379394531e+00,9.682798385620117188e+00
-2.429912805557250977e+00,-3.300100803375244141e+00,-9.282275199890136719e+00,-2.302286624908447266e+00,-6.283804893493652344e+00,-3.269531488418579102e+00,-2.708309412002563477e+00,-4.584872722625732422e+00,9.873102188110351562e+00
-2.180335044860839844e+00,-2.929827690124511719e+00,-9.218510627746582031e+00,-2.043185472488403320e+00,-6.117062568664550781e+00,-3.381347894668579102e+00,-2.251880645751953125e+00,-4.408061027526855469e+00,9.691113471984863281e+00
-2.030584812164306641e+00,-2.242906093597412109e+00,-8.752221107482910156e+00,-1.344547390937805176e+00,-5.627694129943847656e+00,-3.253308057785034180e+00,-1.518394589424133301e+00,-3.915096759796142578e+00,9.530844688415527344e+00
-2.207697868347167969e+00,-2.088506221771240234e+00,-9.063363075256347656e+00,-1.375388383865356445e+00,-5.751817703247070312e+00,-3.484438180923461914e+00,-1.532613039016723633e+00,-4.275728225708007812e+00,9.637852668762207031e+00
-2.086526870727539062e+00,-2.223303079605102539e+00,-8.983496665954589844e+00,-1.376901865005493164e+00,-5.724380493164062500e+00,-3.355910062789916992e+00,-1.561969518661499023e+00,-4.138871192932128906e+00,9.613344192504882812e+00
-2.675427436828613281e+00,-3.825435638427734375e+00,-9.300136566162109375e+00,-2.917060375213623047e+00,-6.566001892089843750e+00,-3.254426956176757812e+00,-3.497544050216674805e+00,-4.987624645233154297e+00,9.913607597351074219e+00
-2.567406177520751953e+00,-3.578163146972656250e+00,-9.314308166503906250e+00,-2.497889995574951172e+00,-6.293810844421386719e+00,-3.043380260467529297e+00,-3.050242900848388672e+00,-4.642375469207763672e+00,9.981601715087890625e+00
-2.779909849166870117e+00,-3.716771125793457031e+00,-9.526667594909667969e+00,-2.878308296203613281e+00,-6.609647750854492188e+00,-3.401539325714111328e+00,-3.371851444244384766e+00,-5.015751838684082031e+00,9.906014442443847656e+00
-2.654007196426391602e+00,-3.762844562530517578e+00,-9.223836898803710938e+00,-2.666450977325439453e+00,-6.377195358276367188e+00,-3.099077224731445312e+00,-3.240408420562744141e+00,-4.688797473907470703e+00,1.002703380584716797e+01
-2.489959716796875000e+00,-3.494802951812744141e+00,-9.385304450988769531e+00,-2.263839483261108398e+00,-6.124703407287597656e+00,-2.938995599746704102e+00,-2.826402187347412109e+00,-4.445696830749511719e+00,9.973320960998535156e+00
-2.518445014953613281e+00,-3.665433883666992188e+00,-9.433827400207519531e+00,-2.382065534591674805e+00,-6.183329582214355469e+00,-2.891773462295532227e+00,-2.954911947250366211e+00,-4.434455394744873047e+00,9.984454154968261719e+00
-2.410714864730834961e+00,-3.438318729400634766e+00,-9.305706024169921875e+00,-2.186054229736328125e+00,-6.035956382751464844e+00,-2.960403203964233398e+00,-2.719394445419311523e+00,-4.246813297271728516e+00,9.992780685424804688e+00
-2.433712244033813477e+00,-3.716043949127197266e+00,-9.339095115661621094e+00,-2.424292564392089844e+00,-6.187067031860351562e+00,-2.937125444412231445e+00,-2.958304882049560547e+00,-4.364982128143310547e+00,1.001878356933593750e+01
-2.417301416397094727e+00,-3.631698131561279297e+00,-9.414124488830566406e+00,-2.203666448593139648e+00,-6.054192543029785156e+00,-2.817592620849609375e+00,-2.832215070724487305e+00,-4.159356594085693359e+00,1.006157493591308594e+01
-2.470861196517944336e+00,-3.748561382293701172e+00,-9.268244743347167969e+00,-2.394656419754028320e+00,-6.157676696777343750e+00,-2.892627477645874023e+00,-2.959760189056396484e+00,-4.325750350952148438e+00,1.003490924835205078e+01
-2.558244466781616211e+00,-3.950887203216552734e+00,-9.625143051147460938e+00,-2.265445470809936523e+00,-5.938324928283691406e+00,-2.539415836334228516e+00,-3.080794334411621094e+00,-4.018828392028808594e+00,1.026064491271972656e+01
-2.526155948638916016e+00,-3.762250900268554688e+00,-9.505776405334472656e+00,-2.138099431991577148e+00,-5.843533515930175781e+00,-2.564391613006591797e+00,-2.930326223373413086e+00,-3.891635417938232422e+00,1.020728874206542969e+01
-2.505079507827758789e+00,-3.827443122863769531e+00,-9.359169960021972656e+00,-2.241538524627685547e+00,-5.904645919799804688e+00,-2.619092941284179688e+00,-3.020879030227661133e+00,-4.028934478759765625e+00,1.022354316711425781e+01
-2.549116134643554688e+00,-3.868490219116210938e+00,-9.474034309387207031e+00,-2.208786725997924805e+00,-5.875831604003906250e+00,-2.546415090560913086e+00,-3.024103164672851562e+00,-3.957869529724121094e+00,1.026533603668212891e+01
-2.535330295562744141e+00,-3.851051807403564453e+00,-9.303582191467285156e+00,-2.212649822235107422e+00,-5.867912292480468750e+00,-2.572908401489257812e+00,-3.029259681701660156e+00,-3.948872566223144531e+00,1.026424026489257812e+01
-2.542960405349731445e+00,-3.784424781799316406e+00,-9.522790908813476562e+00,-2.175782442092895508e+00,-5.871792793273925781e+00,-2.596599102020263672e+00,-2.944643020629882812e+00,-4.005207538604736328e+00,1.020872879028320312e+01
-2.454897642135620117e+00,-3.848381519317626953e+00,-9.384809494018554688e+00,-2.372052669525146484e+00,-6.116824150085449219e+00,-2.770385026931762695e+00,-3.000725030899047852e+00,-4.229485988616943359e+00,1.010974884033203125e+01
-2.523218631744384766e+00,-3.624875068664550781e+00,-9.539126396179199219e+00,-2.111057281494140625e+00,-5.863268852233886719e+00,-2.676506757736206055e+00,-2.827672958374023438e+00,-4.030670642852783203e+00,1.015689468383789062e+01
-2.584706068038940430e+00,-3.840890884399414062e+00,-9.730131149291992188e+00,-2.158815383911132812e+00,-5.883571624755859375e+00,-2.532633543014526367e+00,-2.978671550750732422e+00,-3.983789443969726562e+00,1.026360130310058594e+01
-2.556479692459106445e+00,-3.840025424957275391e+00,-9.666714668273925781e+00,-2.232696771621704102e+00,-5.915369033813476562e+00,-2.595011234283447266e+00,-2.973969459533691406e+00,-4.043695449829101562e+00,1.021848297119140625e+01
-3.560935020446777344e+00,-2.932930469512939453e+00,-1.054020881652832031e+01,-3.082822799682617188e+00,-6.896432876586914062e+00,-3.783340692520141602e+00,-2.590444087982177734e+00,-5.347071170806884766e+00,9.624181747436523438e+00
-3.253198862075805664e+00,-2.482714653015136719e+00,-1.088284015655517578e+01,-2.278704643249511719e+00,-6.477273941040039062e+00,-2.838202476501464844e+00,-1.729176878929138184e+00,-5.448068141937255859e+00,9.396342277526855469e+00
-3.101949453353881836e+00,-2.509017467498779297e+00,-1.034400939941406250e+01,-2.295322179794311523e+00,-6.251044273376464844e+00,-3.058400630950927734e+00,-1.815891265869140625e+00,-5.152753353118896484e+00,9.581817626953125000e+00
-3.286412477493286133e+00,-2.460846424102783203e+00,-1.037492752075195312e+01,-2.238063335418701172e+00,-6.343738555908203125e+00,-2.843255758285522461e+00,-1.652764201164245605e+00,-5.341535568237304688e+00,9.536904335021972656e+00
-3.272657632827758789e+00,-1.991823554039001465e+00,-9.943214416503906250e+00,-1.796042799949645996e+00,-6.222842216491699219e+00,-2.535417556762695312e+00,-1.449329495429992676e+00,-5.282790660858154297e+00,9.716478347778320312e+00
-2.825692653656005859e+00,-1.992646813392639160e+00,-1.000254154205322266e+01,-1.412552356719970703e+00,-5.944681167602539062e+00,-2.984206438064575195e+00,-1.333843111991882324e+00,-4.922644138336181641e+00,9.766355514526367188e+00
-3.137548685073852539e+00,-2.305001258850097656e+00,-1.029459285736083984e+01,-2.019836425781250000e+00,-6.208111763000488281e+00,-2.758210182189941406e+00,-1.537388801574707031e+00,-5.185991287231445312e+00,9.725907325744628906e+00
-3.149148941040039062e+00,-2.349765777587890625e+00,-9.924905776977539062e+00,-1.892792105674743652e+00,-6.073818206787109375e+00,-2.607983350753784180e+00,-1.609088420867919922e+00,-5.125441074371337891e+00,9.718778610229492188e+00
-2.605780124664306641e+00,-2.709738731384277344e+00,-9.086089134216308594e+00,-1.890691399574279785e+00,-6.067589759826660156e+00,-3.202358722686767578e+00,-1.736137866973876953e+00,-4.381861209869384766e+00,9.636564254760742188e+00
-2.583057165145874023e+00,-3.971485137939453125e+00,-9.799845695495605469e+00,-2.268085002899169922e+00,-5.920552253723144531e+00,-2.506439208984375000e+00,-3.028560638427734375e+00,-3.893611669540405273e+00,1.035722064971923828e+01
-3.489946842193603516e+00,-4.820960521697998047e+00,-9.989146232604980469e+00,-5.763872146606445312e+00,-1.021089363098144531e+01,-5.405341625213623047e+00,-7.741454124450683594e+00,-4.954040527343750000e+00,9.109475135803222656e+00
-2.968378305435180664e+00,-4.425898075103759766e+00,-9.836961746215820312e+00,-5.420299053192138672e+00,-9.877274513244628906e+00,-4.043322086334228516e+00,-7.025120735168457031e+00,-4.859541416168212891e+00,8.823475837707519531e+00
-2.350736618041992188e+00,-4.274945259094238281e+00,-9.081603050231933594e+00,-4.158661365509033203e+00,-8.475855827331542969e+00,-2.253886222839355469e+00,-4.254420280456542969e+00,-4.241158962249755859e+00,9.060937881469726562e+00
-1.814987778663635254e+00,-3.682826995849609375e+00,-8.790292739868164062e+00,-3.635611057281494141e+00,-8.726210594177246094e+00,-2.838824510574340820e+00,-3.944962263107299805e+00,-3.621850252151489258e+00,8.860189437866210938e+00
-2.031021118164062500e+00,-3.693510055541992188e+00,-9.100150108337402344e+00,-4.207512855529785156e+00,-9.022214889526367188e+00,-2.567758083343505859e+00,-4.556551933288574219e+00,-3.892310857772827148e+00,8.828889846801757812e+00
-1.968529105186462402e+00,-3.592350482940673828e+00,-8.870483398437500000e+00,-3.932596206665039062e+00,-9.005536079406738281e+00,-2.987714529037475586e+00,-4.070539951324462891e+00,-3.702668428421020508e+00,8.685393333435058594e+00
-1.791615843772888184e+00,-3.553831577301025391e+00,-8.664585113525390625e+00,-3.704693794250488281e+00,-8.946686744689941406e+00,-2.946814537048339844e+00,-3.918610811233520508e+00,-3.605213165283203125e+00,8.701156616210937500e+00
-1.998829126358032227e+00,-3.601650714874267578e+00,-8.878900527954101562e+00,-4.057800769805908203e+00,-9.285605430603027344e+00,-3.129653215408325195e+00,-4.346185684204101562e+00,-3.846709489822387695e+00,8.725905418395996094e+00
-2.441925287246704102e+00,-4.532075881958007812e+00,-9.406407356262207031e+00,-5.077194213867187500e+00,-9.027173995971679688e+00,-2.765834569931030273e+00,-6.159608840942382812e+00,-4.757329940795898438e+00,8.666999816894531250e+00
-2.676401615142822266e+00,-3.818264484405517578e+00,-1.011394309997558594e+01,-4.936003684997558594e+00,-9.929787635803222656e+00,-4.260349750518798828e+00,-6.584033966064453125e+00,-4.305994033813476562e+00,8.779094696044921875e+00
-1.753146052360534668e+00,-4.915325641632080078e+00,-8.844022750854492188e+00,-5.684221744537353516e+00,-9.320080757141113281e+00,-6.464204788208007812e+00,-7.412422180175781250e+00,-3.364089488983154297e+00,6.542770385742187500e+00
-2.549632549285888672e+00,-5.133131504058837891e+00,-8.805429458618164062e+00,-4.421842575073242188e+00,-9.624852180480957031e+00,-1.036367893218994141e+00,-6.509561061859130859e+00,-2.270534992218017578e+00,8.913222312927246094e+00
-2.894901752471923828e+00,-4.845201492309570312e+00,-9.544111251831054688e+00,-5.981328010559082031e+00,-8.498885154724121094e+00,-6.298945426940917969e+00,-7.312894821166992188e+00,-3.667450904846191406e+00,7.021882057189941406e+00
-2.009913921356201172e+00,-4.151927947998046875e+00,-9.205894470214843750e+00,-5.909272670745849609e+00,-8.271354675292968750e+00,-5.866389751434326172e+00,-7.228757381439208984e+00,-3.399129629135131836e+00,6.575389862060546875e+00
-1.992884635925292969e+00,-4.150627613067626953e+00,-8.989809989929199219e+00,-5.855603694915771484e+00,-8.536781311035156250e+00,-5.341087341308593750e+00,-6.967801094055175781e+00,-2.685350179672241211e+00,6.725988388061523438e+00
-2.071980476379394531e+00,-5.331261157989501953e+00,-8.026128768920898438e+00,-4.652517318725585938e+00,-9.235350608825683594e+00,-2.753567457199096680e+00,-6.351903915405273438e+00,-2.422090291976928711e+00,8.494748115539550781e+00
-1.917085409164428711e+00,-3.887093067169189453e+00,-8.974590301513671875e+00,-6.218472480773925781e+00,-7.801732063293457031e+00,-5.280506134033203125e+00,-7.244740009307861328e+00,-2.598337173461914062e+00,6.475803375244140625e+00
-1.834405541419982910e+00,-4.714087009429931641e+00,-8.766459465026855469e+00,-5.649449825286865234e+00,-8.875768661499023438e+00,-6.290894031524658203e+00,-7.153547763824462891e+00,-3.575026273727416992e+00,6.892616271972656250e+00
-1.895866870880126953e+00,-4.558641910552978516e+00,-9.177857398986816406e+00,-5.609279155731201172e+00,-8.909940719604492188e+00,-5.354180812835693359e+00,-6.807745933532714844e+00,-3.259889602661132812e+00,6.823362350463867188e+00
-2.497463941574096680e+00,-5.123747348785400391e+00,-8.802305221557617188e+00,-4.385519981384277344e+00,-9.703358650207519531e+00,-1.089179515838623047e+00,-6.610439777374267578e+00,-2.258295297622680664e+00,8.918622970581054688e+00
-3.484447717666625977e+00,-4.527687549591064453e+00,-9.206908226013183594e+00,-4.941814899444580078e+00,-9.652805328369140625e+00,-6.331442356109619141e+00,-6.347202777862548828e+00,-6.076605796813964844e+00,8.979738235473632812e+00
-3.492805957794189453e+00,-4.722590923309326172e+00,-1.015965366363525391e+01,-5.525815963745117188e+00,-1.088955783843994141e+01,-7.875753879547119141e+00,-7.468354701995849609e+00,-4.785278320312500000e+00,9.125806808471679688e+00
-3.552509069442749023e+00,-4.753521442413330078e+00,-1.036177730560302734e+01,-5.587403774261474609e+00,-1.122468090057373047e+01,-8.180301666259765625e+00,-7.825760841369628906e+00,-4.721797466278076172e+00,9.103082656860351562e+00
-1.800389766693115234e+00,-3.822122573852539062e+00,-8.480855941772460938e+00,-3.595649719238281250e+00,-8.924962997436523438e+00,-3.028191089630126953e+00,-3.936537265777587891e+00,-3.688685655593872070e+00,8.759945869445800781e+00
-3.461042165756225586e+00,-4.693342208862304688e+00,-9.864806175231933594e+00,-5.369585990905761719e+00,-1.088290119171142578e+01,-7.571709156036376953e+00,-7.230289459228515625e+00,-4.837784290313720703e+00,9.234240531921386719e+00
-3.248309612274169922e+00,-4.620094299316406250e+00,-9.717270851135253906e+00,-5.311326980590820312e+00,-1.084940052032470703e+01,-7.200634002685546875e+00,-6.816261291503906250e+00,-4.658915519714355469e+00,9.125244140625000000e+00
-1.835294842720031738e+00,-3.726184844970703125e+00,-8.409620285034179688e+00,-3.678591728210449219e+00,-8.918361663818359375e+00,-3.077792882919311523e+00,-3.915102005004882812e+00,-3.606492042541503906e+00,8.700770378112792969e+00
-3.430170774459838867e+00,-4.745091915130615234e+00,-9.903825759887695312e+00,-5.367282390594482422e+00,-1.088682270050048828e+01,-7.629826068878173828e+00,-7.181284427642822266e+00,-4.865152835845947266e+00,9.190855979919433594e+00
-3.507505893707275391e+00,-4.758966922760009766e+00,-1.021106433868408203e+01,-5.481055736541748047e+00,-1.124939823150634766e+01,-7.898553848266601562e+00,-7.553252220153808594e+00,-4.803888320922851562e+00,9.122155189514160156e+00
-2.536520242691040039e+00,-4.043421268463134766e+00,-9.200809478759765625e+00,-4.720626831054687500e+00,-1.031242275238037109e+01,-5.519201278686523438e+00,-5.406032562255859375e+00,-4.314893245697021484e+00,8.665559768676757812e+00
-1.852692842483520508e+00,-3.793194293975830078e+00,-8.430122375488281250e+00,-3.083587646484375000e+00,-7.068387985229492188e+00,-2.226685762405395508e+00,-3.264913082122802734e+00,-4.218262672424316406e+00,9.621810913085937500e+00
-1.726979851722717285e+00,-4.102419376373291016e+00,-8.544882774353027344e+00,-3.269717216491699219e+00,-7.419528961181640625e+00,-2.452772617340087891e+00,-3.402597665786743164e+00,-4.080114364624023438e+00,9.424586296081542969e+00
-1.824923992156982422e+00,-3.792956829071044922e+00,-8.330501556396484375e+00,-3.584479331970214844e+00,-8.209769248962402344e+00,-2.337049484252929688e+00,-3.818316698074340820e+00,-3.872903585433959961e+00,9.088220596313476562e+00
-1.735644102096557617e+00,-3.968017101287841797e+00,-8.472780227661132812e+00,-3.120479583740234375e+00,-7.209532737731933594e+00,-2.196361064910888672e+00,-3.351712703704833984e+00,-4.214332103729248047e+00,9.577057838439941406e+00
-1.825795173645019531e+00,-3.602520465850830078e+00,-8.257609367370605469e+00,-3.835427761077880859e+00,-8.762673377990722656e+00,-2.793787002563476562e+00,-3.998600006103515625e+00,-3.753712892532348633e+00,8.749397277832031250e+00
-1.804724574089050293e+00,-3.715141296386718750e+00,-8.188316345214843750e+00,-3.673516273498535156e+00,-8.300480842590332031e+00,-2.292219400405883789e+00,-4.089007854461669922e+00,-3.837279796600341797e+00,8.902519226074218750e+00
-1.662335157394409180e+00,-3.925909996032714844e+00,-8.302324295043945312e+00,-3.598845958709716797e+00,-8.192805290222167969e+00,-2.419061183929443359e+00,-3.860629320144653320e+00,-3.827760457992553711e+00,9.297076225280761719e+00
-2.067358970642089844e+00,-4.167511940002441406e+00,-8.778779983520507812e+00,-3.211697578430175781e+00,-6.354182243347167969e+00,-2.754106521606445312e+00,-3.383006095886230469e+00,-4.637981891632080078e+00,9.661523818969726562e+00
-1.720242023468017578e+00,-3.801761150360107422e+00,-8.265501022338867188e+00,-3.721428871154785156e+00,-8.545263290405273438e+00,-2.542016506195068359e+00,-4.040741443634033203e+00,-3.808299779891967773e+00,8.989698410034179688e+00
-1.974768161773681641e+00,-4.033690929412841797e+00,-8.566901206970214844e+00,-3.148330211639404297e+00,-6.658656120300292969e+00,-2.299631595611572266e+00,-3.363684177398681641e+00,-4.405678749084472656e+00,9.702694892883300781e+00
-1.813112378120422363e+00,-3.802789211273193359e+00,-8.538498878479003906e+00,-3.849538803100585938e+00,-8.789546012878417969e+00,-3.006344556808471680e+00,-3.973715543746948242e+00,-3.768815517425537109e+00,8.558532714843750000e+00
-1.726049900054931641e+00,-3.727256774902343750e+00,-8.558590888977050781e+00,-4.013391494750976562e+00,-8.757814407348632812e+00,-2.923746585845947266e+00,-4.177387714385986328e+00,-3.810394048690795898e+00,8.562032699584960938e+00
-1.892432689666748047e+00,-3.744895935058593750e+00,-8.657575607299804688e+00,-3.962085247039794922e+00,-8.692612648010253906e+00,-2.916965484619140625e+00,-4.054820537567138672e+00,-3.829718112945556641e+00,8.515514373779296875e+00
-1.735172033309936523e+00,-3.734114170074462891e+00,-8.537478446960449219e+00,-3.935409069061279297e+00,-8.854792594909667969e+00,-3.004828929901123047e+00,-4.110982418060302734e+00,-3.762011051177978516e+00,8.549652099609375000e+00
-1.911612033843994141e+00,-3.974807739257812500e+00,-8.565258026123046875e+00,-4.006379604339599609e+00,-8.505939483642578125e+00,-3.016123056411743164e+00,-4.157711982727050781e+00,-3.950566291809082031e+00,8.606661796569824219e+00
-1.846773982048034668e+00,-3.679476261138916016e+00,-8.813875198364257812e+00,-3.938248634338378906e+00,-8.744302749633789062e+00,-2.977716684341430664e+00,-4.129636764526367188e+00,-3.799741983413696289e+00,8.514043807983398438e+00
-1.682625770568847656e+00,-3.712480545043945312e+00,-8.387565612792968750e+00,-3.927706718444824219e+00,-8.746250152587890625e+00,-2.873854398727416992e+00,-4.246895313262939453e+00,-3.764318227767944336e+00,8.663052558898925781e+00
-1.736743330955505371e+00,-3.739939212799072266e+00,-8.313292503356933594e+00,-3.789179801940917969e+00,-8.814573287963867188e+00,-2.924916267395019531e+00,-4.013579845428466797e+00,-3.687771797180175781e+00,8.714640617370605469e+00
-1.767034530639648438e+00,-3.701467514038085938e+00,-8.547102928161621094e+00,-3.849346160888671875e+00,-8.795041084289550781e+00,-2.969566822052001953e+00,-4.048073291778564453e+00,-3.768408536911010742e+00,8.553390502929687500e+00
-1.718934297561645508e+00,-3.687851428985595703e+00,-8.334387779235839844e+00,-3.786313533782958984e+00,-8.842946052551269531e+00,-2.964181423187255859e+00,-4.085636615753173828e+00,-3.654751300811767578e+00,8.699700355529785156e+00
-1.964179158210754395e+00,-3.532526016235351562e+00,-8.478583335876464844e+00,-3.718562126159667969e+00,-8.670998573303222656e+00,-3.129741191864013672e+00,-3.966589450836181641e+00,-3.657853603363037109e+00,8.759327888488769531e+00
-1.916866898536682129e+00,-3.558223247528076172e+00,-8.495450973510742188e+00,-3.815787792205810547e+00,-8.725667953491210938e+00,-3.081720590591430664e+00,-4.111662864685058594e+00,-3.627977848052978516e+00,8.717978477478027344e+00
-1.836856484413146973e+00,-3.587854862213134766e+00,-8.547326087951660156e+00,-3.730334281921386719e+00,-8.676852226257324219e+00,-3.066292047500610352e+00,-4.033103466033935547e+00,-3.675524234771728516e+00,8.694293975830078125e+00
-1.863870501518249512e+00,-3.683640480041503906e+00,-8.628623008728027344e+00,-3.729881286621093750e+00,-8.774249076843261719e+00,-3.088098764419555664e+00,-4.053227424621582031e+00,-3.621713161468505859e+00,8.710192680358886719e+00
-2.003083467483520508e+00,-3.541015625000000000e+00,-8.405037879943847656e+00,-3.871922016143798828e+00,-8.723040580749511719e+00,-3.156563282012939453e+00,-4.187582969665527344e+00,-3.705770730972290039e+00,8.756327629089355469e+00
-1.866830110549926758e+00,-3.685219287872314453e+00,-8.638103485107421875e+00,-3.730315685272216797e+00,-8.717769622802734375e+00,-3.099153518676757812e+00,-4.002471923828125000e+00,-3.617702245712280273e+00,8.715844154357910156e+00
-1.903947353363037109e+00,-3.664843082427978516e+00,-8.828964233398437500e+00,-3.700190067291259766e+00,-8.558062553405761719e+00,-3.155846595764160156e+00,-3.947352886199951172e+00,-3.669663190841674805e+00,8.760929107666015625e+00
-1.923293352127075195e+00,-3.668039321899414062e+00,-8.953848838806152344e+00,-3.706239700317382812e+00,-8.526817321777343750e+00,-3.180214881896972656e+00,-4.016208171844482422e+00,-3.727847099304199219e+00,8.750621795654296875e+00
-1.814886569976806641e+00,-3.681639671325683594e+00,-8.727375030517578125e+00,-3.721689701080322266e+00,-8.779538154602050781e+00,-3.078737735748291016e+00,-4.002178668975830078e+00,-3.654910087585449219e+00,8.684200286865234375e+00
-1.837252378463745117e+00,-3.600131988525390625e+00,-9.052627563476562500e+00,-3.705039978027343750e+00,-8.770659446716308594e+00,-3.069610357284545898e+00,-3.990197181701660156e+00,-3.715374231338500977e+00,8.578220367431640625e+00
-1.748283147811889648e+00,-3.636407852172851562e+00,-8.227341651916503906e+00,-3.756081104278564453e+00,-8.851002693176269531e+00,-3.101741075515747070e+00,-3.979238033294677734e+00,-3.623270273208618164e+00,8.629226684570312500e+00
-1.751915931701660156e+00,-3.747026920318603516e+00,-8.402228355407714844e+00,-3.739039421081542969e+00,-8.833586692810058594e+00,-3.049149751663208008e+00,-4.047145843505859375e+00,-3.667971611022949219e+00,8.656914710998535156e+00
-1.757251858711242676e+00,-3.684679985046386719e+00,-8.399546623229980469e+00,-3.747813701629638672e+00,-8.816723823547363281e+00,-3.081001281738281250e+00,-3.983429431915283203e+00,-3.691396713256835938e+00,8.638710021972656250e+00
-1.748837471008300781e+00,-3.746349811553955078e+00,-8.426177978515625000e+00,-3.750376701354980469e+00,-8.915320396423339844e+00,-3.080413103103637695e+00,-3.998172521591186523e+00,-3.698081493377685547e+00,8.586818695068359375e+00
-1.777969717979431152e+00,-3.645923137664794922e+00,-8.400720596313476562e+00,-3.827273368835449219e+00,-8.848426818847656250e+00,-3.146456480026245117e+00,-4.022374629974365234e+00,-3.623594760894775391e+00,8.663559913635253906e+00
-1.777845978736877441e+00,-3.754055976867675781e+00,-8.435816764831542969e+00,-3.718348026275634766e+00,-8.867549896240234375e+00,-3.072049856185913086e+00,-4.028930187225341797e+00,-3.653680324554443359e+00,8.681272506713867188e+00
-1.781657099723815918e+00,-3.742238998413085938e+00,-8.421672821044921875e+00,-3.729445457458496094e+00,-8.896527290344238281e+00,-3.094280004501342773e+00,-4.028421878814697266e+00,-3.658156394958496094e+00,8.667468070983886719e+00
-1.837469696998596191e+00,-3.559937477111816406e+00,-8.448116302490234375e+00,-3.877463817596435547e+00,-8.820777893066406250e+00,-3.070983886718750000e+00,-4.046552181243896484e+00,-3.654131650924682617e+00,8.674973487854003906e+00
-1.800945281982421875e+00,-3.743101596832275391e+00,-8.684267997741699219e+00,-3.734065055847167969e+00,-8.954537391662597656e+00,-3.073152780532836914e+00,-4.017172336578369141e+00,-3.690010070800781250e+00,8.603716850280761719e+00
-1.797101974487304688e+00,-3.767859935760498047e+00,-8.463674545288085938e+00,-3.732649803161621094e+00,-8.869749069213867188e+00,-3.073920965194702148e+00,-4.051532745361328125e+00,-3.627578735351562500e+00,8.686709403991699219e+00
-1.892847180366516113e+00,-4.382176399230957031e+00,-8.458308219909667969e+00,-3.988055706024169922e+00,-8.092048645019531250e+00,-3.071011304855346680e+00,-3.818744421005249023e+00,-4.546853065490722656e+00,8.558355331420898438e+00
-1.734429597854614258e+00,-3.725543975830078125e+00,-8.333511352539062500e+00,-3.738234043121337891e+00,-8.938443183898925781e+00,-3.067709684371948242e+00,-3.942576885223388672e+00,-3.659137248992919922e+00,8.594737052917480469e+00
-2.002448081970214844e+00,-3.777245044708251953e+00,-9.051071166992187500e+00,-4.276220321655273438e+00,-9.389616012573242188e+00,-3.537813663482666016e+00,-5.096338272094726562e+00,-4.069509029388427734e+00,8.587091445922851562e+00
-1.758072733879089355e+00,-3.677979946136474609e+00,-8.627128601074218750e+00,-3.801898002624511719e+00,-8.792426109313964844e+00,-2.952985286712646484e+00,-4.135117053985595703e+00,-3.664471626281738281e+00,8.716891288757324219e+00
-1.767143249511718750e+00,-3.798645019531250000e+00,-8.668375968933105469e+00,-3.716955661773681641e+00,-8.856381416320800781e+00,-2.971092939376831055e+00,-4.027827262878417969e+00,-3.718131303787231445e+00,8.604978561401367188e+00
-1.784958958625793457e+00,-3.740539073944091797e+00,-8.507042884826660156e+00,-3.818857669830322266e+00,-8.759773254394531250e+00,-2.914592266082763672e+00,-4.125508308410644531e+00,-3.676610469818115234e+00,8.670587539672851562e+00
-1.826292157173156738e+00,-3.793895721435546875e+00,-8.806311607360839844e+00,-3.730666637420654297e+00,-8.859533309936523438e+00,-3.022156238555908203e+00,-4.059736728668212891e+00,-3.750116586685180664e+00,8.567085266113281250e+00
-1.772333025932312012e+00,-3.730216503143310547e+00,-8.428374290466308594e+00,-3.767946243286132812e+00,-8.876677513122558594e+00,-3.087581396102905273e+00,-4.020916938781738281e+00,-3.698549509048461914e+00,8.569846153259277344e+00
-1.791365861892700195e+00,-3.776978015899658203e+00,-8.548727035522460938e+00,-3.940103054046630859e+00,-8.768063545227050781e+00,-2.917988538742065430e+00,-4.256519794464111328e+00,-3.798299551010131836e+00,8.523518562316894531e+00
-1.777883768081665039e+00,-3.817526340484619141e+00,-8.380448341369628906e+00,-3.796844005584716797e+00,-8.982411384582519531e+00,-3.043961286544799805e+00,-4.055160522460937500e+00,-3.699531316757202148e+00,8.530841827392578125e+00
-3.559924602508544922e+00,-4.809042453765869141e+00,-1.037847232818603516e+01,-5.583747863769531250e+00,-1.132925605773925781e+01,-8.043478012084960938e+00,-7.800223350524902344e+00,-4.795697689056396484e+00,9.034494400024414062e+00
-3.548647642135620117e+00,-4.730592250823974609e+00,-1.043141841888427734e+01,-5.555704116821289062e+00,-1.119344711303710938e+01,-8.118038177490234375e+00,-7.695128440856933594e+00,-4.722886562347412109e+00,9.064051628112792969e+00
-3.520461559295654297e+00,-4.803858280181884766e+00,-1.035087013244628906e+01,-5.562694072723388672e+00,-1.131220149993896484e+01,-7.989179611206054688e+00,-7.806644916534423828e+00,-4.753282070159912109e+00,8.984704971313476562e+00
-1.923839688301086426e+00,-3.603500366210937500e+00,-8.673220634460449219e+00,-3.939190864562988281e+00,-9.065318107604980469e+00,-3.039391279220581055e+00,-3.963299036026000977e+00,-3.738222837448120117e+00,8.558603286743164062e+00
-3.499219655990600586e+00,-4.815954685211181641e+00,-1.043507289886474609e+01,-5.574107170104980469e+00,-1.137488365173339844e+01,-8.026464462280273438e+00,-7.869659900665283203e+00,-4.688385009765625000e+00,8.986784934997558594e+00
-3.461802721023559570e+00,-4.588780879974365234e+00,-1.034202766418457031e+01,-5.339263439178466797e+00,-1.079717445373535156e+01,-7.119554996490478516e+00,-7.341249942779541016e+00,-4.708795547485351562e+00,9.002769470214843750e+00
-3.556155443191528320e+00,-4.744458675384521484e+00,-1.057589149475097656e+01,-5.496409416198730469e+00,-1.103815746307373047e+01,-7.456685066223144531e+00,-7.606498241424560547e+00,-4.824185848236083984e+00,9.167881011962890625e+00
-3.550390243530273438e+00,-4.776249408721923828e+00,-1.041566371917724609e+01,-5.602471351623535156e+00,-1.108498954772949219e+01,-7.935502052307128906e+00,-7.724626541137695312e+00,-4.709323406219482422e+00,8.994561195373535156e+00
-2.790677547454833984e+00,-3.451459407806396484e+00,-9.864195823669433594e+00,-4.001598358154296875e+00,-9.153473854064941406e+00,-3.571437358856201172e+00,-3.888201951980590820e+00,-3.960450649261474609e+00,9.297448158264160156e+00
-2.676732540130615234e+00,-3.961171627044677734e+00,-1.040774536132812500e+01,-4.337466716766357422e+00,-9.499160766601562500e+00,-5.107235431671142578e+00,-5.093449115753173828e+00,-4.309751987457275391e+00,9.042147636413574219e+00
-1.757627606391906738e+00,-3.810830593109130859e+00,-8.588841438293457031e+00,-3.682736396789550781e+00,-8.890624046325683594e+00,-3.006238937377929688e+00,-4.035321235656738281e+00,-3.718946218490600586e+00,8.665960311889648438e+00
-1.741844534873962402e+00,-3.762085437774658203e+00,-8.473431587219238281e+00,-3.625160217285156250e+00,-8.960036277770996094e+00,-3.006053686141967773e+00,-3.980675458908081055e+00,-3.674059152603149414e+00,8.669344902038574219e+00
-1.800275206565856934e+00,-3.708955287933349609e+00,-8.843220710754394531e+00,-3.645336627960205078e+00,-8.934048652648925781e+00,-2.995599269866943359e+00,-3.957540988922119141e+00,-3.678070545196533203e+00,8.698148727416992188e+00
-1.791664481163024902e+00,-3.859023094177246094e+00,-8.534437179565429688e+00,-3.639564037322998047e+00,-8.685069084167480469e+00,-2.968275070190429688e+00,-4.032704353332519531e+00,-3.674682617187500000e+00,8.864568710327148438e+00
-1.763623833656311035e+00,-3.834187030792236328e+00,-8.532450675964355469e+00,-3.704327583312988281e+00,-8.848611831665039062e+00,-2.992804050445556641e+00,-4.085662841796875000e+00,-3.726084470748901367e+00,8.647171974182128906e+00
-1.767604112625122070e+00,-3.743439674377441406e+00,-8.612781524658203125e+00,-3.655102729797363281e+00,-8.946443557739257812e+00,-3.020713806152343750e+00,-3.983512163162231445e+00,-3.655089616775512695e+00,8.641090393066406250e+00
-1.789826989173889160e+00,-3.642271995544433594e+00,-8.389223098754882812e+00,-3.691894531250000000e+00,-9.031012535095214844e+00,-3.025949239730834961e+00,-3.941793203353881836e+00,-3.570919752120971680e+00,8.599584579467773438e+00
-1.793498754501342773e+00,-3.899766921997070312e+00,-8.642234802246093750e+00,-3.688384532928466797e+00,-8.854014396667480469e+00,-2.986991882324218750e+00,-4.050561428070068359e+00,-3.775134086608886719e+00,8.639907836914062500e+00
-1.786201238632202148e+00,-3.776440620422363281e+00,-8.465146064758300781e+00,-3.712646961212158203e+00,-8.967864990234375000e+00,-3.035216808319091797e+00,-4.025393486022949219e+00,-3.670186758041381836e+00,8.602510452270507812e+00
-1.760403037071228027e+00,-3.794545650482177734e+00,-8.397168159484863281e+00,-3.685873031616210938e+00,-8.918732643127441406e+00,-3.028008699417114258e+00,-4.019936561584472656e+00,-3.650679588317871094e+00,8.671324729919433594e+00
-2.315597057342529297e+00,-3.476744651794433594e+00,-8.336009979248046875e+00,-5.940449714660644531e+00,-9.044852256774902344e+00,-3.083827495574951172e+00,-6.076392173767089844e+00,-3.653360366821289062e+00,7.811869621276855469e+00
-2.064959049224853516e+00,-3.308270931243896484e+00,-8.117609977722167969e+00,-5.828785896301269531e+00,-9.140295982360839844e+00,-3.190201759338378906e+00,-5.736953258514404297e+00,-3.616596698760986328e+00,7.645012855529785156e+00
-3.190957546234130859e+00,-4.737472057342529297e+00,-1.001092147827148438e+01,-5.886802196502685547e+00,-9.606286048889160156e+00,-3.827284574508666992e+00,-7.908995151519775391e+00,-5.095073699951171875e+00,8.620239257812500000e+00
-2.879156827926635742e+00,-4.927991867065429688e+00,-9.900247573852539062e+00,-5.432499885559082031e+00,-8.857966423034667969e+00,-3.000695228576660156e+00,-6.304391384124755859e+00,-5.109384059906005859e+00,8.628730773925781250e+00
-1.917189359664916992e+00,-3.396925926208496094e+00,-8.653960227966308594e+00,-5.252118587493896484e+00,-9.181671142578125000e+00,-3.039961099624633789e+00,-5.481832981109619141e+00,-3.535178184509277344e+00,7.890748023986816406e+00
-2.118570566177368164e+00,-3.498483180999755859e+00,-9.077816009521484375e+00,-4.907619953155517578e+00,-9.220129013061523438e+00,-3.015244722366333008e+00,-5.394076824188232422e+00,-3.868392229080200195e+00,8.241584777832031250e+00
-2.457591772079467773e+00,-3.567105770111083984e+00,-8.540038108825683594e+00,-5.594886302947998047e+00,-9.010603904724121094e+00,-2.870841979980468750e+00,-5.599465370178222656e+00,-3.822087049484252930e+00,7.913751602172851562e+00
-2.439470767974853516e+00,-3.949105262756347656e+00,-9.428552627563476562e+00,-5.169704437255859375e+00,-9.308347702026367188e+00,-2.895469427108764648e+00,-5.764738559722900391e+00,-4.338884353637695312e+00,8.547645568847656250e+00
-2.041541099548339844e+00,-3.335301399230957031e+00,-8.127686500549316406e+00,-5.724694252014160156e+00,-8.977468490600585938e+00,-2.857447624206542969e+00,-5.761689186096191406e+00,-3.394455909729003906e+00,7.662620544433593750e+00
-2.440913438796997070e+00,-4.101707458496093750e+00,-8.913807868957519531e+00,-5.779813289642333984e+00,-8.971074104309082031e+00,-3.075895547866821289e+00,-5.804811000823974609e+00,-4.126904964447021484e+00,7.981363296508789062e+00
-2.004124402999877930e+00,-4.190165042877197266e+00,-8.537714958190917969e+00,-4.037616729736328125e+00,-8.761334419250488281e+00,-3.209142208099365234e+00,-4.054319381713867188e+00,-4.283088684082031250e+00,8.819737434387207031e+00
-1.990600228309631348e+00,-4.129718303680419922e+00,-8.558407783508300781e+00,-4.188754081726074219e+00,-8.666185379028320312e+00,-3.195121288299560547e+00,-4.272451877593994141e+00,-4.119651794433593750e+00,8.698908805847167969e+00
-1.806683182716369629e+00,-3.768940925598144531e+00,-8.501605987548828125e+00,-3.679588794708251953e+00,-8.767440795898437500e+00,-3.037250995635986328e+00,-3.996154069900512695e+00,-3.723669290542602539e+00,8.730877876281738281e+00
-1.867621421813964844e+00,-3.891591548919677734e+00,-8.571839332580566406e+00,-3.744786739349365234e+00,-8.722648620605468750e+00,-2.947470903396606445e+00,-3.965733289718627930e+00,-3.815263509750366211e+00,8.819570541381835938e+00
-1.825165629386901855e+00,-3.802700042724609375e+00,-8.750287055969238281e+00,-3.603669166564941406e+00,-8.677475929260253906e+00,-2.998798131942749023e+00,-3.981993198394775391e+00,-3.736015796661376953e+00,8.871904373168945312e+00
-2.053771972656250000e+00,-4.352722167968750000e+00,-8.671289443969726562e+00,-3.747890949249267578e+00,-6.960004806518554688e+00,-2.961426973342895508e+00,-3.386869907379150391e+00,-4.638576984405517578e+00,9.241085052490234375e+00
-1.793176770210266113e+00,-3.803016185760498047e+00,-8.456618309020996094e+00,-3.615334987640380859e+00,-8.839004516601562500e+00,-3.033746719360351562e+00,-3.994947671890258789e+00,-3.680890321731567383e+00,8.771598815917968750e+00
-1.796380639076232910e+00,-3.784537315368652344e+00,-8.687941551208496094e+00,-3.624307155609130859e+00,-8.727511405944824219e+00,-2.971811056137084961e+00,-4.009518146514892578e+00,-3.699233055114746094e+00,8.834418296813964844e+00
-1.804297924041748047e+00,-3.801046848297119141e+00,-8.508026123046875000e+00,-3.736133098602294922e+00,-8.750001907348632812e+00,-2.922532558441162109e+00,-4.023940563201904297e+00,-3.723891973495483398e+00,8.776520729064941406e+00
-1.838209033012390137e+00,-3.872154235839843750e+00,-8.556509971618652344e+00,-3.807853221893310547e+00,-8.801294326782226562e+00,-2.954090595245361328e+00,-4.069725990295410156e+00,-3.726518869400024414e+00,8.672402381896972656e+00
-1.780823826789855957e+00,-3.938910484313964844e+00,-8.807013511657714844e+00,-3.820631504058837891e+00,-8.446926116943359375e+00,-2.457652568817138672e+00,-4.350978851318359375e+00,-3.614298820495605469e+00,9.067946434020996094e+00
-1.858479499816894531e+00,-3.935804367065429688e+00,-8.964921951293945312e+00,-3.786983013153076172e+00,-8.587603569030761719e+00,-2.543811559677124023e+00,-4.323794364929199219e+00,-3.711587667465209961e+00,9.010187149047851562e+00
-2.071867942810058594e+00,-4.116140842437744141e+00,-9.344336509704589844e+00,-3.723114967346191406e+00,-8.585935592651367188e+00,-2.798305034637451172e+00,-3.863248586654663086e+00,-3.609513998031616211e+00,9.107543945312500000e+00
-1.908710002899169922e+00,-3.944752216339111328e+00,-9.084196090698242188e+00,-3.768077373504638672e+00,-8.459729194641113281e+00,-2.547284126281738281e+00,-4.167045116424560547e+00,-3.629844427108764648e+00,9.075689315795898438e+00
-2.358235597610473633e+00,-4.271325111389160156e+00,-9.641840934753417969e+00,-3.790888309478759766e+00,-8.373173713684082031e+00,-2.934260368347167969e+00,-3.701376438140869141e+00,-3.441801786422729492e+00,9.588678359985351562e+00
-1.947059512138366699e+00,-3.779438018798828125e+00,-9.117410659790039062e+00,-3.676118850708007812e+00,-8.719235420227050781e+00,-2.753251314163208008e+00,-3.987659215927124023e+00,-3.664576053619384766e+00,8.873499870300292969e+00
-2.172648668289184570e+00,-4.072412014007568359e+00,-9.669749259948730469e+00,-3.762327671051025391e+00,-8.276646614074707031e+00,-2.655202865600585938e+00,-3.821133613586425781e+00,-3.444427251815795898e+00,9.454236984252929688e+00
-1.915667533874511719e+00,-4.080622673034667969e+00,-8.867271423339843750e+00,-3.881258964538574219e+00,-7.953452110290527344e+00,-2.221365213394165039e+00,-4.321905612945556641e+00,-3.488750457763671875e+00,9.494154930114746094e+00
-1.982686400413513184e+00,-4.015843391418457031e+00,-9.040031433105468750e+00,-3.771430492401123047e+00,-8.374708175659179688e+00,-2.604815244674682617e+00,-4.054887771606445312e+00,-3.644888162612915039e+00,9.261766433715820312e+00
-2.103713750839233398e+00,-4.080998897552490234e+00,-9.432505607604980469e+00,-3.634144783020019531e+00,-8.138920783996582031e+00,-2.819715499877929688e+00,-3.740035295486450195e+00,-3.512873649597167969e+00,9.488281250000000000e+00
-3.525595188140869141e+00,-4.531167030334472656e+00,-9.812839508056640625e+00,-5.334607124328613281e+00,-1.070829963684082031e+01,-6.729234218597412109e+00,-6.306369304656982422e+00,-4.342070579528808594e+00,9.163266181945800781e+00
-3.977950096130371094e+00,-4.592695236206054688e+00,-9.711288452148437500e+00,-4.731935024261474609e+00,-9.468218803405761719e+00,-3.666061639785766602e+00,-4.053805351257324219e+00,-4.525164127349853516e+00,9.444743156433105469e+00
-3.537244081497192383e+00,-4.234567165374755859e+00,-9.428827285766601562e+00,-4.943814277648925781e+00,-9.991562843322753906e+00,-4.670330524444580078e+00,-4.600614070892333984e+00,-4.245827198028564453e+00,9.363102912902832031e+00
-3.599583625793457031e+00,-4.154348850250244141e+00,-9.451133728027343750e+00,-4.793398857116699219e+00,-9.714431762695312500e+00,-4.430070877075195312e+00,-4.072993278503417969e+00,-4.083502769470214844e+00,9.279928207397460938e+00
-3.391696453094482422e+00,-4.197091579437255859e+00,-9.296257019042968750e+00,-4.678267002105712891e+00,-9.394045829772949219e+00,-3.997480154037475586e+00,-3.929785966873168945e+00,-4.060937404632568359e+00,9.359056472778320312e+00
-3.165314912796020508e+00,-4.372454166412353516e+00,-9.106897354125976562e+00,-4.967999458312988281e+00,-9.689329147338867188e+00,-4.371875762939453125e+00,-4.355536460876464844e+00,-4.504985809326171875e+00,9.101464271545410156e+00
-3.148511409759521484e+00,-4.283247470855712891e+00,-9.044511795043945312e+00,-4.671306610107421875e+00,-9.634786605834960938e+00,-4.424694061279296875e+00,-4.172586441040039062e+00,-4.324954032897949219e+00,9.395743370056152344e+00
-3.166315793991088867e+00,-4.224657058715820312e+00,-9.167100906372070312e+00,-4.704298973083496094e+00,-9.447767257690429688e+00,-4.096946716308593750e+00,-4.140418052673339844e+00,-4.166836261749267578e+00,9.301494598388671875e+00
-3.071693897247314453e+00,-4.295435428619384766e+00,-8.962776184082031250e+00,-4.544897556304931641e+00,-9.339059829711914062e+00,-3.735352993011474609e+00,-3.884211540222167969e+00,-4.181870460510253906e+00,9.284408569335937500e+00
-3.182903289794921875e+00,-4.284865856170654297e+00,-9.158055305480957031e+00,-4.753720760345458984e+00,-9.667773246765136719e+00,-4.863091945648193359e+00,-4.046916961669921875e+00,-4.268980979919433594e+00,9.273318290710449219e+00
-3.850674152374267578e+00,-5.775226116180419922e+00,-9.834733963012695312e+00,-5.369811058044433594e+00,-9.173221588134765625e+00,-4.221358299255371094e+00,-5.487989425659179688e+00,-4.564532756805419922e+00,9.732202529907226562e+00
-4.019270420074462891e+00,-6.018763542175292969e+00,-9.879631996154785156e+00,-5.303263664245605469e+00,-8.920358657836914062e+00,-3.887182712554931641e+00,-5.374656677246093750e+00,-4.739139080047607422e+00,9.971975326538085938e+00
-3.944320917129516602e+00,-4.852750301361083984e+00,-1.041012573242187500e+01,-4.938714981079101562e+00,-8.536623954772949219e+00,-3.776801586151123047e+00,-5.009447574615478516e+00,-3.720576047897338867e+00,9.856304168701171875e+00
-3.876443624496459961e+00,-5.818431377410888672e+00,-9.364727973937988281e+00,-5.162113666534423828e+00,-8.988060951232910156e+00,-4.078203678131103516e+00,-6.039045333862304688e+00,-4.498022079467773438e+00,9.646847724914550781e+00
-3.174062728881835938e+00,-5.186092376708984375e+00,-9.540201187133789062e+00,-5.395113945007324219e+00,-1.022396945953369141e+01,-5.420081138610839844e+00,-6.300869941711425781e+00,-4.850360870361328125e+00,9.429446220397949219e+00
-3.770385980606079102e+00,-5.156516075134277344e+00,-1.004421806335449219e+01,-4.817984104156494141e+00,-8.294918060302734375e+00,-2.941723823547363281e+00,-4.428345680236816406e+00,-4.391498088836669922e+00,1.018695926666259766e+01
-3.470888614654541016e+00,-4.974028587341308594e+00,-9.958997726440429688e+00,-5.279353618621826172e+00,-8.761156082153320312e+00,-2.839040279388427734e+00,-5.758201599121093750e+00,-4.570154190063476562e+00,9.524513244628906250e+00
-3.404552459716796875e+00,-4.585185050964355469e+00,-9.937107086181640625e+00,-5.145984172821044922e+00,-1.001401805877685547e+01,-5.004606723785400391e+00,-6.405084133148193359e+00,-4.559687137603759766e+00,9.292595863342285156e+00
-3.016136884689331055e+00,-5.617472648620605469e+00,-9.516641616821289062e+00,-4.995255947113037109e+00,-8.713012695312500000e+00,-2.925706148147583008e+00,-4.660361766815185547e+00,-5.124148845672607422e+00,9.273102760314941406e+00
-3.236025094985961914e+00,-4.821394920349121094e+00,-9.303977012634277344e+00,-5.050965785980224609e+00,-1.006466865539550781e+01,-5.608063697814941406e+00,-6.087778091430664062e+00,-4.530010700225830078e+00,9.329800605773925781e+00
-2.890516281127929688e+00,-5.589986801147460938e+00,-9.651458740234375000e+00,-4.768729209899902344e+00,-9.335362434387207031e+00,-4.818437099456787109e+00,-6.744172096252441406e+00,-5.262469768524169922e+00,9.442331314086914062e+00
-2.758968114852905273e+00,-5.195473194122314453e+00,-9.492358207702636719e+00,-4.282330989837646484e+00,-8.892307281494140625e+00,-5.280891895294189453e+00,-6.194920063018798828e+00,-4.533253192901611328e+00,9.696605682373046875e+00
-2.755117416381835938e+00,-5.229135513305664062e+00,-9.475356101989746094e+00,-4.403709888458251953e+00,-9.561595916748046875e+00,-5.999155998229980469e+00,-6.517206192016601562e+00,-4.948459148406982422e+00,9.658966064453125000e+00
-2.771164894104003906e+00,-5.105360031127929688e+00,-1.048742580413818359e+01,-4.301116943359375000e+00,-9.295210838317871094e+00,-5.367887973785400391e+00,-6.564655780792236328e+00,-5.207189083099365234e+00,9.865345001220703125e+00
-2.708993673324584961e+00,-4.099803924560546875e+00,-9.701537132263183594e+00,-4.897572517395019531e+00,-9.686138153076171875e+00,-7.018675804138183594e+00,-6.729220390319824219e+00,-4.521721363067626953e+00,9.067505836486816406e+00
-3.170827865600585938e+00,-5.389732360839843750e+00,-9.112714767456054688e+00,-4.457860946655273438e+00,-9.753547668457031250e+00,-4.709992408752441406e+00,-4.688172817230224609e+00,-4.449583053588867188e+00,9.354449272155761719e+00
-2.342586040496826172e+00,-2.871612071990966797e+00,-1.006581211090087891e+01,-3.130219936370849609e+00,-7.257898330688476562e+00,-4.183577537536621094e+00,-3.193081378936767578e+00,-4.055214881896972656e+00,9.273998260498046875e+00
-2.760702133178710938e+00,-4.662732124328613281e+00,-9.152014732360839844e+00,-4.748753070831298828e+00,-1.005865001678466797e+01,-6.718179702758789062e+00,-6.650556087493896484e+00,-4.335913658142089844e+00,8.766283988952636719e+00
-2.737378120422363281e+00,-5.865857601165771484e+00,-9.783426284790039062e+00,-5.214957714080810547e+00,-1.014850330352783203e+01,-4.880913257598876953e+00,-6.417936801910400391e+00,-4.855191707611083984e+00,9.383670806884765625e+00
-3.367565870285034180e+00,-4.843158721923828125e+00,-9.733439445495605469e+00,-4.721240043640136719e+00,-9.342753410339355469e+00,-6.300024509429931641e+00,-6.858234882354736328e+00,-3.750703573226928711e+00,9.345299720764160156e+00
-3.151015043258666992e+00,-4.069121360778808594e+00,-9.274980545043945312e+00,-4.840607166290283203e+00,-9.809496879577636719e+00,-5.202276229858398438e+00,-5.126923561096191406e+00,-3.483491659164428711e+00,9.108981132507324219e+00
-3.040935754776000977e+00,-5.030498027801513672e+00,-9.257164001464843750e+00,-4.881062030792236328e+00,-1.035000991821289062e+01,-5.756391048431396484e+00,-4.611699581146240234e+00,-4.659982204437255859e+00,9.337598800659179688e+00
-3.158569097518920898e+00,-4.698032855987548828e+00,-9.252874374389648438e+00,-4.859170913696289062e+00,-9.930583000183105469e+00,-5.557969093322753906e+00,-4.660486698150634766e+00,-3.988320589065551758e+00,9.323491096496582031e+00
-3.288635015487670898e+00,-2.646737575531005859e+00,-9.756345748901367188e+00,-2.824666500091552734e+00,-6.960563659667968750e+00,-3.181908130645751953e+00,-2.376388072967529297e+00,-4.755121707916259766e+00,9.822195053100585938e+00
-2.984770774841308594e+00,-2.816450119018554688e+00,-9.581423759460449219e+00,-3.447655200958251953e+00,-7.778865814208984375e+00,-3.914418697357177734e+00,-3.096210956573486328e+00,-4.198501110076904297e+00,9.563303947448730469e+00
-3.247417449951171875e+00,-2.462910652160644531e+00,-9.777595520019531250e+00,-2.397797107696533203e+00,-7.010722160339355469e+00,-3.044596672058105469e+00,-1.911803245544433594e+00,-4.895587444305419922e+00,9.940393447875976562e+00
-3.222093820571899414e+00,-4.447844505310058594e+00,-9.774250030517578125e+00,-5.547100067138671875e+00,-1.054114913940429688e+01,-7.401639938354492188e+00,-7.358175277709960938e+00,-4.319987297058105469e+00,8.914834976196289062e+00
-3.190835952758789062e+00,-4.328611850738525391e+00,-9.840542793273925781e+00,-5.547392368316650391e+00,-1.074623775482177734e+01,-7.708741664886474609e+00,-7.508114814758300781e+00,-4.659513473510742188e+00,8.975790023803710938e+00
-3.129418373107910156e+00,-4.671571731567382812e+00,-9.063972473144531250e+00,-4.759143352508544922e+00,-1.015707397460937500e+01,-5.769604682922363281e+00,-4.421917915344238281e+00,-4.273215293884277344e+00,9.276651382446289062e+00
-3.291601181030273438e+00,-2.405718564987182617e+00,-9.730015754699707031e+00,-2.377392768859863281e+00,-6.740818023681640625e+00,-2.938322782516479492e+00,-1.799836874008178711e+00,-5.045428752899169922e+00,9.812880516052246094e+00
-3.287490844726562500e+00,-2.690765857696533203e+00,-9.748594284057617188e+00,-3.149491786956787109e+00,-7.710126876831054688e+00,-4.221772193908691406e+00,-2.933750629425048828e+00,-5.029057979583740234e+00,9.395863533020019531e+00
-3.535274028778076172e+00,-4.674935340881347656e+00,-1.031036853790283203e+01,-5.544395923614501953e+00,-1.119890403747558594e+01,-7.970149040222167969e+00,-7.656016826629638672e+00,-4.766976833343505859e+00,9.175472259521484375e+00
-3.364122152328491211e+00,-4.383536338806152344e+00,-1.043883895874023438e+01,-5.329452514648437500e+00,-1.097293472290039062e+01,-8.072978973388671875e+00,-7.637666702270507812e+00,-5.063924312591552734e+00,9.140334129333496094e+00
-3.134033203125000000e+00,-3.154216766357421875e+00,-9.973763465881347656e+00,-3.979195117950439453e+00,-8.608555793762207031e+00,-6.859908103942871094e+00,-5.808812141418457031e+00,-5.415816307067871094e+00,9.547237396240234375e+00
-3.330373048782348633e+00,-3.691551208496093750e+00,-1.002999401092529297e+01,-4.534199714660644531e+00,-9.720074653625488281e+00,-7.014331340789794922e+00,-6.095381736755371094e+00,-4.965432643890380859e+00,9.300275802612304688e+00
-3.103314876556396484e+00,-3.020468711853027344e+00,-1.003485774993896484e+01,-3.912286281585693359e+00,-8.777728080749511719e+00,-6.211762905120849609e+00,-5.458754062652587891e+00,-5.013200283050537109e+00,9.589753150939941406e+00
-1.986251711845397949e+00,-3.622659683227539062e+00,-8.622031211853027344e+00,-4.638682842254638672e+00,-9.140758514404296875e+00,-4.049623966217041016e+00,-5.722499847412109375e+00,-3.925925731658935547e+00,8.063762664794921875e+00
-3.343547105789184570e+00,-4.554598331451416016e+00,-9.945615768432617188e+00,-5.378381252288818359e+00,-1.096231174468994141e+01,-7.585165500640869141e+00,-7.131475448608398438e+00,-4.402160167694091797e+00,9.247406005859375000e+00
-3.250478506088256836e+00,-2.056584119796752930e+00,-9.902931213378906250e+00,-1.984046220779418945e+00,-6.329761505126953125e+00,-2.792933702468872070e+00,-1.536447882652282715e+00,-5.231473445892333984e+00,9.827243804931640625e+00
-3.134209871292114258e+00,-2.547849178314208984e+00,-9.967317581176757812e+00,-3.287610530853271484e+00,-7.743187904357910156e+00,-5.033505439758300781e+00,-4.262740135192871094e+00,-5.158027172088623047e+00,9.701330184936523438e+00
-1.837139964103698730e+00,-3.541794776916503906e+00,-8.666823387145996094e+00,-3.777561187744140625e+00,-8.718556404113769531e+00,-3.064106464385986328e+00,-4.050890922546386719e+00,-3.670680522918701172e+00,8.677946090698242188e+00
-1.872675061225891113e+00,-3.508146286010742188e+00,-9.082633018493652344e+00,-3.768244743347167969e+00,-8.721425056457519531e+00,-3.072861433029174805e+00,-4.026965618133544922e+00,-3.724840879440307617e+00,8.639124870300292969e+00
-1.841116070747375488e+00,-3.589585304260253906e+00,-8.886443138122558594e+00,-3.727190971374511719e+00,-8.740870475769042969e+00,-3.062539577484130859e+00,-4.032344818115234375e+00,-3.720951318740844727e+00,8.623872756958007812e+00
-1.879333972930908203e+00,-3.547052383422851562e+00,-8.967048645019531250e+00,-3.751629829406738281e+00,-8.746741294860839844e+00,-3.040905952453613281e+00,-4.040211200714111328e+00,-3.727500915527343750e+00,8.642287254333496094e+00
-1.879530429840087891e+00,-3.565269470214843750e+00,-8.955059051513671875e+00,-3.756528377532958984e+00,-8.681182861328125000e+00,-3.070742130279541016e+00,-4.065180301666259766e+00,-3.645613193511962891e+00,8.669754028320312500e+00
-1.896410822868347168e+00,-3.496224403381347656e+00,-9.088416099548339844e+00,-3.814696311950683594e+00,-8.719272613525390625e+00,-2.988098144531250000e+00,-4.119446754455566406e+00,-3.687808752059936523e+00,8.638012886047363281e+00
-1.819005370140075684e+00,-3.583221435546875000e+00,-8.904221534729003906e+00,-3.744059085845947266e+00,-8.783630371093750000e+00,-3.086115121841430664e+00,-4.016523361206054688e+00,-3.705008506774902344e+00,8.586355209350585938e+00
-1.923027396202087402e+00,-3.506954669952392578e+00,-8.927919387817382812e+00,-3.863076686859130859e+00,-8.687067031860351562e+00,-3.042214870452880859e+00,-4.118265628814697266e+00,-3.683043956756591797e+00,8.634881973266601562e+00
-1.899334669113159180e+00,-3.544043540954589844e+00,-8.799148559570312500e+00,-3.751398086547851562e+00,-8.668673515319824219e+00,-3.093858003616333008e+00,-4.043202877044677734e+00,-3.661887168884277344e+00,8.702042579650878906e+00
-1.860720634460449219e+00,-3.565747261047363281e+00,-9.067074775695800781e+00,-3.799020767211914062e+00,-8.688162803649902344e+00,-3.057767868041992188e+00,-4.134499549865722656e+00,-3.641476392745971680e+00,8.641295433044433594e+00
-1.794779777526855469e+00,-3.490808010101318359e+00,-8.715198516845703125e+00,-3.894478797912597656e+00,-8.759422302246093750e+00,-3.072588443756103516e+00,-4.044196605682373047e+00,-3.701014518737792969e+00,8.627707481384277344e+00
-1.753016471862792969e+00,-3.654008388519287109e+00,-8.418879508972167969e+00,-3.802415847778320312e+00,-8.795843124389648438e+00,-3.084737539291381836e+00,-4.040124893188476562e+00,-3.647206544876098633e+00,8.669343948364257812e+00
-1.848031520843505859e+00,-3.414450168609619141e+00,-8.918999671936035156e+00,-3.923766136169433594e+00,-8.681848526000976562e+00,-2.940215826034545898e+00,-4.026307106018066406e+00,-3.715744495391845703e+00,8.700639724731445312e+00
-1.790814876556396484e+00,-3.536220550537109375e+00,-8.837767601013183594e+00,-3.788769245147705078e+00,-8.799512863159179688e+00,-3.096099615097045898e+00,-4.013575077056884766e+00,-3.736197471618652344e+00,8.588109016418457031e+00
-1.879601955413818359e+00,-3.593913078308105469e+00,-8.421094894409179688e+00,-3.905129909515380859e+00,-8.810503005981445312e+00,-3.105193853378295898e+00,-4.106013298034667969e+00,-3.683784484863281250e+00,8.632912635803222656e+00
-1.802981376647949219e+00,-3.643938541412353516e+00,-8.904308319091796875e+00,-3.758345603942871094e+00,-8.748647689819335938e+00,-3.055603981018066406e+00,-4.061838626861572266e+00,-3.645653724670410156e+00,8.621581077575683594e+00
-1.822414994239807129e+00,-3.544873714447021484e+00,-8.665460586547851562e+00,-3.899043560028076172e+00,-8.670270919799804688e+00,-3.067572116851806641e+00,-4.088081836700439453e+00,-3.649010658264160156e+00,8.653829574584960938e+00
-1.811294674873352051e+00,-3.458483219146728516e+00,-9.206239700317382812e+00,-3.757301330566406250e+00,-8.742147445678710938e+00,-3.084278345108032227e+00,-3.976625919342041016e+00,-3.725214719772338867e+00,8.608986854553222656e+00
-1.793601393699645996e+00,-3.473194122314453125e+00,-9.044735908508300781e+00,-3.784084320068359375e+00,-8.789188385009765625e+00,-3.086891174316406250e+00,-3.976637601852416992e+00,-3.725218772888183594e+00,8.563529968261718750e+00
-1.815523147583007812e+00,-3.518691539764404297e+00,-8.894727706909179688e+00,-3.846426010131835938e+00,-8.717698097229003906e+00,-3.074610710144042969e+00,-4.036274433135986328e+00,-3.640741825103759766e+00,8.628463745117187500e+00
-1.897341370582580566e+00,-3.477221965789794922e+00,-9.302006721496582031e+00,-3.793943405151367188e+00,-8.577342033386230469e+00,-2.986042737960815430e+00,-4.058847427368164062e+00,-3.799695014953613281e+00,8.747648239135742188e+00
-1.935305356979370117e+00,-3.536144733428955078e+00,-9.436134338378906250e+00,-3.769405841827392578e+00,-8.590479850769042969e+00,-2.962302207946777344e+00,-4.009838104248046875e+00,-3.747419834136962891e+00,8.742835044860839844e+00
-1.885085821151733398e+00,-3.558806419372558594e+00,-9.418806076049804688e+00,-3.781748294830322266e+00,-8.600264549255371094e+00,-2.957135915756225586e+00,-3.965190172195434570e+00,-3.747407436370849609e+00,8.760894775390625000e+00
-1.879921793937683105e+00,-3.541825771331787109e+00,-9.301660537719726562e+00,-3.766039371490478516e+00,-8.567198753356933594e+00,-3.002939224243164062e+00,-4.025031089782714844e+00,-3.728261232376098633e+00,8.746374130249023438e+00
-1.898692011833190918e+00,-3.627257823944091797e+00,-9.160075187683105469e+00,-3.770249843597412109e+00,-8.563632011413574219e+00,-2.946435689926147461e+00,-4.051189899444580078e+00,-3.690934896469116211e+00,8.780682563781738281e+00
-1.900411248207092285e+00,-3.572710037231445312e+00,-9.221684455871582031e+00,-3.770541667938232422e+00,-8.540675163269042969e+00,-2.989271163940429688e+00,-4.078421115875244141e+00,-3.722953319549560547e+00,8.756862640380859375e+00
-1.809989452362060547e+00,-3.415908336639404297e+00,-9.262374877929687500e+00,-3.702335834503173828e+00,-8.531991004943847656e+00,-3.075687170028686523e+00,-3.903990507125854492e+00,-3.678460121154785156e+00,8.716860771179199219e+00
-1.897287487983703613e+00,-3.614782333374023438e+00,-9.318126678466796875e+00,-3.728942394256591797e+00,-8.618456840515136719e+00,-3.001329421997070312e+00,-3.995051622390747070e+00,-3.632735252380371094e+00,8.733311653137207031e+00
-1.910035252571105957e+00,-3.489367961883544922e+00,-9.272064208984375000e+00,-3.866052627563476562e+00,-8.591982841491699219e+00,-2.965970754623413086e+00,-4.129797458648681641e+00,-3.789527893066406250e+00,8.716953277587890625e+00
-1.847418308258056641e+00,-3.493309020996093750e+00,-9.251843452453613281e+00,-3.767577171325683594e+00,-8.551923751831054688e+00,-3.021161079406738281e+00,-3.992632627487182617e+00,-3.734486818313598633e+00,8.742862701416015625e+00
-3.379995346069335938e+00,-4.809247970581054688e+00,-9.594798088073730469e+00,-4.172280788421630859e+00,-7.681742668151855469e+00,-7.276854515075683594e+00,-4.782258987426757812e+00,-5.715057849884033203e+00,9.895053863525390625e+00
-3.370420455932617188e+00,-4.946381092071533203e+00,-9.568106651306152344e+00,-4.251772880554199219e+00,-7.735529899597167969e+00,-7.389891624450683594e+00,-4.959068775177001953e+00,-5.739563941955566406e+00,9.883974075317382812e+00
-3.438759803771972656e+00,-4.765107631683349609e+00,-9.515986442565917969e+00,-4.192199707031250000e+00,-7.756023406982421875e+00,-7.371119022369384766e+00,-4.751916408538818359e+00,-5.756661891937255859e+00,9.919774055480957031e+00
-3.464101552963256836e+00,-4.913043975830078125e+00,-9.525029182434082031e+00,-4.280157089233398438e+00,-7.603655815124511719e+00,-7.509815692901611328e+00,-5.036023139953613281e+00,-5.729686737060546875e+00,9.891016006469726562e+00
-3.436832189559936523e+00,-4.939388751983642578e+00,-9.536393165588378906e+00,-4.292349815368652344e+00,-7.680452346801757812e+00,-7.471624374389648438e+00,-5.217705249786376953e+00,-5.683947563171386719e+00,9.815893173217773438e+00
-3.264812707901000977e+00,-4.790850162506103516e+00,-9.623920440673828125e+00,-4.122924327850341797e+00,-7.612908363342285156e+00,-7.146237373352050781e+00,-4.662763118743896484e+00,-5.549203395843505859e+00,9.817819595336914062e+00
-3.500831604003906250e+00,-4.862010478973388672e+00,-9.542590141296386719e+00,-4.275614738464355469e+00,-7.746559143066406250e+00,-7.476792335510253906e+00,-4.881697654724121094e+00,-5.788858890533447266e+00,9.935316085815429688e+00
-3.398973941802978516e+00,-4.738430500030517578e+00,-9.438573837280273438e+00,-4.170915603637695312e+00,-7.798427581787109375e+00,-7.212343692779541016e+00,-4.694339275360107422e+00,-5.692669868469238281e+00,9.878150939941406250e+00
-3.522967815399169922e+00,-5.187051296234130859e+00,-9.551768302917480469e+00,-4.380196571350097656e+00,-7.934442520141601562e+00,-7.556596755981445312e+00,-5.604698181152343750e+00,-5.824719905853271484e+00,9.875657081604003906e+00
-3.340008974075317383e+00,-4.855350017547607422e+00,-9.461998939514160156e+00,-4.254779815673828125e+00,-7.508212089538574219e+00,-7.392038822174072266e+00,-4.807180881500244141e+00,-5.669899463653564453e+00,9.876512527465820312e+00
-3.430662870407104492e+00,-3.184068679809570312e+00,-1.054512310028076172e+01,-2.515985488891601562e+00,-6.480598449707031250e+00,-3.558742284774780273e+00,-2.962303400039672852e+00,-5.247874736785888672e+00,9.861635208129882812e+00
-3.321563243865966797e+00,-3.139555931091308594e+00,-1.046698093414306641e+01,-2.385525465011596680e+00,-6.240509033203125000e+00,-3.303777694702148438e+00,-2.805215597152709961e+00,-4.935988426208496094e+00,9.960415840148925781e+00
-3.126714468002319336e+00,-3.208445072174072266e+00,-1.029339313507080078e+01,-2.379283428192138672e+00,-6.378480911254882812e+00,-3.314419984817504883e+00,-2.787586450576782227e+00,-5.024333000183105469e+00,9.870298385620117188e+00
-3.079634428024291992e+00,-3.112081527709960938e+00,-1.002758216857910156e+01,-2.172891855239868164e+00,-5.989756584167480469e+00,-3.008826732635498047e+00,-2.717504739761352539e+00,-4.676316261291503906e+00,1.000734043121337891e+01
-2.957253932952880859e+00,-3.135903835296630859e+00,-1.022521591186523438e+01,-2.268861770629882812e+00,-6.298333168029785156e+00,-3.086517095565795898e+00,-2.603414297103881836e+00,-4.924975872039794922e+00,9.829707145690917969e+00
-2.737879991531372070e+00,-3.261425018310546875e+00,-9.973046302795410156e+00,-2.261689186096191406e+00,-6.247303962707519531e+00,-2.979514122009277344e+00,-2.598229885101318359e+00,-4.729334831237792969e+00,9.818278312683105469e+00
-2.880299806594848633e+00,-3.265246868133544922e+00,-1.013284397125244141e+01,-2.375977754592895508e+00,-6.407270431518554688e+00,-3.108227729797363281e+00,-2.673740625381469727e+00,-5.037615776062011719e+00,9.755364418029785156e+00
-2.620311975479125977e+00,-3.371417045593261719e+00,-9.709173202514648438e+00,-2.323624134063720703e+00,-6.259204864501953125e+00,-2.962359189987182617e+00,-2.804631948471069336e+00,-4.746585845947265625e+00,9.865474700927734375e+00
-2.697638750076293945e+00,-3.091525077819824219e+00,-9.869628906250000000e+00,-2.088782787322998047e+00,-6.178155899047851562e+00,-2.990581274032592773e+00,-2.434428691864013672e+00,-4.697585582733154297e+00,9.796650886535644531e+00
-2.892549514770507812e+00,-3.328613281250000000e+00,-9.716662406921386719e+00,-2.303725719451904297e+00,-6.121704101562500000e+00,-2.969657897949218750e+00,-2.868592977523803711e+00,-4.658673286437988281e+00,9.987234115600585938e+00
-2.627825736999511719e+00,-2.874716281890869141e+00,-9.522854804992675781e+00,-2.004421234130859375e+00,-5.983971595764160156e+00,-3.094379663467407227e+00,-2.494908809661865234e+00,-4.598915100097656250e+00,9.944495201110839844e+00
-2.657445669174194336e+00,-2.780354976654052734e+00,-9.571786880493164062e+00,-1.960585355758666992e+00,-6.021220207214355469e+00,-3.147152900695800781e+00,-2.382782936096191406e+00,-4.680603027343750000e+00,9.875292778015136719e+00
-2.695588588714599609e+00,-3.032764434814453125e+00,-9.718070030212402344e+00,-2.072519063949584961e+00,-6.023435592651367188e+00,-3.031078815460205078e+00,-2.479965448379516602e+00,-4.582112312316894531e+00,9.938431739807128906e+00
-2.532526731491088867e+00,-3.216750621795654297e+00,-9.377239227294921875e+00,-2.094774723052978516e+00,-5.937833786010742188e+00,-2.921811819076538086e+00,-2.725983142852783203e+00,-4.359540939331054688e+00,1.006405925750732422e+01
-2.562839746475219727e+00,-3.213609695434570312e+00,-9.606153488159179688e+00,-2.155665874481201172e+00,-6.087088584899902344e+00,-3.009534120559692383e+00,-2.615822076797485352e+00,-4.523209571838378906e+00,9.939168930053710938e+00
-2.704885959625244141e+00,-3.290750980377197266e+00,-1.002011680603027344e+01,-2.355784416198730469e+00,-6.270124435424804688e+00,-3.096552133560180664e+00,-2.699072360992431641e+00,-4.789056777954101562e+00,9.863365173339843750e+00
-2.484654903411865234e+00,-3.263372898101806641e+00,-9.373564720153808594e+00,-2.168299198150634766e+00,-6.114964485168457031e+00,-3.029313802719116211e+00,-2.692985296249389648e+00,-4.526549816131591797e+00,9.929884910583496094e+00
-2.527127981185913086e+00,-3.269120693206787109e+00,-9.745454788208007812e+00,-2.347231388092041016e+00,-6.308193206787109375e+00,-3.232192277908325195e+00,-2.628266334533691406e+00,-4.776418209075927734e+00,9.791032791137695312e+00
-2.550169706344604492e+00,-2.721029281616210938e+00,-9.422312736511230469e+00,-1.914156198501586914e+00,-5.977858543395996094e+00,-3.201298236846923828e+00,-2.268528699874877930e+00,-4.578288555145263672e+00,9.852986335754394531e+00
-2.567616462707519531e+00,-2.429781436920166016e+00,-9.377965927124023438e+00,-1.751910090446472168e+00,-5.919319152832031250e+00,-3.269365549087524414e+00,-2.160727977752685547e+00,-4.575039863586425781e+00,9.815629005432128906e+00
-2.506234884262084961e+00,-4.927546501159667969e+00,-8.857306480407714844e+00,-4.355385303497314453e+00,-9.531064033508300781e+00,-1.124299764633178711e+00,-6.629298210144042969e+00,-2.231068134307861328e+00,9.052465438842773438e+00
-2.861749410629272461e+00,-5.125746726989746094e+00,-9.215976715087890625e+00,-4.401635646820068359e+00,-9.204586029052734375e+00,-4.846631526947021484e+00,-6.612675189971923828e+00,-4.232573032379150391e+00,9.292523384094238281e+00
-2.429909706115722656e+00,-4.884406089782714844e+00,-8.666053771972656250e+00,-4.290884494781494141e+00,-9.444697380065917969e+00,-1.407279253005981445e+00,-6.288582324981689453e+00,-2.156942844390869141e+00,8.861357688903808594e+00
-2.564985275268554688e+00,-4.841217041015625000e+00,-8.698380470275878906e+00,-4.380047798156738281e+00,-9.532729148864746094e+00,-1.635910034179687500e+00,-6.154545783996582031e+00,-2.458336353302001953e+00,8.832853317260742188e+00
-2.519277334213256836e+00,-4.742515563964843750e+00,-8.798652648925781250e+00,-4.387298107147216797e+00,-9.871500015258789062e+00,-1.259428501129150391e+00,-6.247152805328369141e+00,-2.320625543594360352e+00,8.863364219665527344e+00
-2.145981311798095703e+00,-4.990833282470703125e+00,-8.905243873596191406e+00,-4.523891448974609375e+00,-9.475694656372070312e+00,-2.807629823684692383e+00,-6.489256381988525391e+00,-2.693751573562622070e+00,8.511289596557617188e+00
-1.822039127349853516e+00,-5.176544666290283203e+00,-8.514386177062988281e+00,-4.448780536651611328e+00,-9.379678726196289062e+00,-2.911149501800537109e+00,-6.753435611724853516e+00,-2.478998184204101562e+00,8.093062400817871094e+00
-1.433189272880554199e+00,-5.107258319854736328e+00,-6.191101074218750000e+00,-4.130870819091796875e+00,-9.466433525085449219e+00,-3.110343217849731445e+00,-6.395633697509765625e+00,-2.466054677963256836e+00,8.608232498168945312e+00
-2.510558128356933594e+00,-5.049205303192138672e+00,-8.584873199462890625e+00,-4.391751289367675781e+00,-9.778523445129394531e+00,-9.652554392814636230e-01,-6.485176086425781250e+00,-2.234106540679931641e+00,8.876627922058105469e+00
-2.551137924194335938e+00,-4.978304386138916016e+00,-8.880110740661621094e+00,-4.520156860351562500e+00,-9.529613494873046875e+00,-1.233440876007080078e+00,-6.596984386444091797e+00,-2.369703292846679688e+00,8.938004493713378906e+00
-3.047715663909912109e+00,-4.155221939086914062e+00,-9.708598136901855469e+00,-5.466292381286621094e+00,-9.794634819030761719e+00,-4.901338577270507812e+00,-6.688139438629150391e+00,-4.937642097473144531e+00,8.438057899475097656e+00
-2.095861673355102539e+00,-4.791913032531738281e+00,-9.008121490478515625e+00,-4.812853336334228516e+00,-8.989768028259277344e+00,-3.674318313598632812e+00,-5.767818450927734375e+00,-4.821586132049560547e+00,8.431688308715820312e+00
-1.838528752326965332e+00,-4.113507747650146484e+00,-8.824150085449218750e+00,-4.176105022430419922e+00,-8.885706901550292969e+00,-3.557383537292480469e+00,-4.523032665252685547e+00,-4.031320571899414062e+00,8.708917617797851562e+00
-1.815753340721130371e+00,-3.731504917144775391e+00,-8.778370857238769531e+00,-3.798795700073242188e+00,-8.783119201660156250e+00,-3.087679386138916016e+00,-4.078915119171142578e+00,-3.736665248870849609e+00,8.627655029296875000e+00
-1.691055774688720703e+00,-2.910861492156982422e+00,-8.119787216186523438e+00,-5.113226890563964844e+00,-8.739295959472656250e+00,-2.653401851654052734e+00,-5.676914691925048828e+00,-3.062862634658813477e+00,7.718301773071289062e+00
-1.996692419052124023e+00,-4.151790618896484375e+00,-8.922053337097167969e+00,-4.873260498046875000e+00,-9.131256103515625000e+00,-3.319315910339355469e+00,-5.367235660552978516e+00,-4.374439239501953125e+00,8.327797889709472656e+00
-1.843481540679931641e+00,-3.352969646453857422e+00,-8.091519355773925781e+00,-5.761313915252685547e+00,-9.058301925659179688e+00,-3.166379451751708984e+00,-6.355316162109375000e+00,-3.552681446075439453e+00,7.408562660217285156e+00
-2.105159282684326172e+00,-3.671283245086669922e+00,-9.445070266723632812e+00,-4.408943176269531250e+00,-9.454829216003417969e+00,-3.198406696319580078e+00,-4.963944911956787109e+00,-4.001182079315185547e+00,8.456436157226562500e+00
-2.593343973159790039e+00,-3.994247913360595703e+00,-9.308972358703613281e+00,-4.983817577362060547e+00,-8.135122299194335938e+00,-2.589160680770874023e+00,-6.380541801452636719e+00,-3.870320320129394531e+00,9.066848754882812500e+00
-1.906872034072875977e+00,-3.718015193939208984e+00,-9.026172637939453125e+00,-3.991476535797119141e+00,-8.748095512390136719e+00,-2.744446277618408203e+00,-4.461456775665283203e+00,-3.814624547958374023e+00,8.532650947570800781e+00
-3.253127098083496094e+00,-5.032956123352050781e+00,-9.192263603210449219e+00,-4.654766559600830078e+00,-9.730430603027343750e+00,-6.249815464019775391e+00,-5.192880630493164062e+00,-5.570193290710449219e+00,9.272770881652832031e+00
-3.279464960098266602e+00,-4.890177249908447266e+00,-9.149214744567871094e+00,-4.699588298797607422e+00,-9.895503044128417969e+00,-6.280483245849609375e+00,-5.394378185272216797e+00,-5.531354427337646484e+00,9.315334320068359375e+00
-3.221002817153930664e+00,-2.603350639343261719e+00,-1.015975856781005859e+01,-2.955661773681640625e+00,-7.085141181945800781e+00,-3.367125749588012695e+00,-2.368208408355712891e+00,-5.504123210906982422e+00,9.198588371276855469e+00
-3.174201488494873047e+00,-4.477157115936279297e+00,-9.270595550537109375e+00,-3.878401279449462891e+00,-8.974563598632812500e+00,-4.786478042602539062e+00,-3.227623939514160156e+00,-5.280899524688720703e+00,9.416451454162597656e+00
-3.221187114715576172e+00,-3.834035873413085938e+00,-1.041749477386474609e+01,-4.009028911590576172e+00,-8.587794303894042969e+00,-4.702223777770996094e+00,-3.335556745529174805e+00,-5.343277931213378906e+00,9.315838813781738281e+00
-3.576083183288574219e+00,-4.762369155883789062e+00,-1.018674659729003906e+01,-5.439380168914794922e+00,-1.118642807006835938e+01,-7.929732799530029297e+00,-7.366901874542236328e+00,-4.956624984741210938e+00,9.260691642761230469e+00
-3.426138401031494141e+00,-4.762486934661865234e+00,-9.726884841918945312e+00,-5.098017692565917969e+00,-1.047421455383300781e+01,-7.151320457458496094e+00,-5.967273235321044922e+00,-5.194353103637695312e+00,9.436877250671386719e+00
-3.242948532104492188e+00,-5.299301624298095703e+00,-8.935146331787109375e+00,-4.517249107360839844e+00,-9.942186355590820312e+00,-5.534516334533691406e+00,-4.148268699645996094e+00,-5.225538730621337891e+00,9.366037368774414062e+00
-3.206421852111816406e+00,-5.058573246002197266e+00,-9.168383598327636719e+00,-4.596476078033447266e+00,-9.916491508483886719e+00,-6.264736652374267578e+00,-4.874772548675537109e+00,-5.322237491607666016e+00,9.464635848999023438e+00
-3.223968744277954102e+00,-4.658290863037109375e+00,-9.610306739807128906e+00,-4.534511566162109375e+00,-9.924345970153808594e+00,-5.815867900848388672e+00,-5.137853622436523438e+00,-5.592386722564697266e+00,9.290385246276855469e+00
-4.184466838836669922e+00,-4.672991752624511719e+00,-9.716849327087402344e+00,-5.363365650177001953e+00,-9.197827339172363281e+00,-4.538406372070312500e+00,-4.647249221801757812e+00,-3.436213731765747070e+00,9.208286285400390625e+00
-3.600631237030029297e+00,-3.979178428649902344e+00,-9.899805068969726562e+00,-4.808821201324462891e+00,-9.766074180603027344e+00,-5.443727493286132812e+00,-5.687202930450439453e+00,-4.318820953369140625e+00,9.572275161743164062e+00
-3.184674978256225586e+00,-2.118100166320800781e+00,-9.715846061706542969e+00,-2.027245044708251953e+00,-6.441143035888671875e+00,-2.669395923614501953e+00,-1.493478417396545410e+00,-5.154448032379150391e+00,9.832567214965820312e+00
-3.476647853851318359e+00,-4.537771701812744141e+00,-9.035361289978027344e+00,-4.617981433868408203e+00,-9.560259819030761719e+00,-5.240244865417480469e+00,-3.407976150512695312e+00,-4.822545051574707031e+00,9.565387725830078125e+00
-3.563023090362548828e+00,-3.948953151702880859e+00,-9.685828208923339844e+00,-4.615105152130126953e+00,-9.279370307922363281e+00,-4.637223243713378906e+00,-3.650581359863281250e+00,-4.007072925567626953e+00,9.501828193664550781e+00
-3.286124944686889648e+00,-5.012672901153564453e+00,-8.831889152526855469e+00,-4.739378929138183594e+00,-9.965437889099121094e+00,-5.563994884490966797e+00,-3.619203329086303711e+00,-4.844071865081787109e+00,9.402353286743164062e+00
-3.375579595565795898e+00,-4.897045135498046875e+00,-9.056926727294921875e+00,-4.653500080108642578e+00,-9.862628936767578125e+00,-5.346919059753417969e+00,-3.613743782043457031e+00,-4.699738979339599609e+00,9.402317047119140625e+00
-3.351516246795654297e+00,-2.695542812347412109e+00,-1.001205158233642578e+01,-2.573625564575195312e+00,-6.775925636291503906e+00,-3.154867410659790039e+00,-1.724378347396850586e+00,-5.178807258605957031e+00,9.708391189575195312e+00
-3.684710741043090820e+00,-3.694374561309814453e+00,-9.959160804748535156e+00,-4.665251731872558594e+00,-9.466234207153320312e+00,-5.180214405059814453e+00,-5.742617130279541016e+00,-4.631651401519775391e+00,9.531089782714843750e+00
-3.058708906173706055e+00,-4.083055973052978516e+00,-9.571794509887695312e+00,-3.863040447235107422e+00,-8.630720138549804688e+00,-4.754097461700439453e+00,-2.900811433792114258e+00,-4.852466106414794922e+00,9.339904785156250000e+00
-1.782217860221862793e+00,-3.665342330932617188e+00,-8.646272659301757812e+00,-3.703051567077636719e+00,-8.762427330017089844e+00,-3.049372434616088867e+00,-4.028961181640625000e+00,-3.591639280319213867e+00,8.678668022155761719e+00
-1.831399440765380859e+00,-3.634433746337890625e+00,-9.080094337463378906e+00,-3.705435752868652344e+00,-8.785049438476562500e+00,-3.046693801879882812e+00,-4.018553733825683594e+00,-3.681524515151977539e+00,8.597107887268066406e+00
-1.841059565544128418e+00,-3.563551902770996094e+00,-8.995957374572753906e+00,-3.738005638122558594e+00,-8.757947921752929688e+00,-3.064385414123535156e+00,-4.017538547515869141e+00,-3.694222927093505859e+00,8.619774818420410156e+00
-1.874421119689941406e+00,-3.603123664855957031e+00,-9.253525733947753906e+00,-3.734975337982177734e+00,-8.663662910461425781e+00,-2.993587493896484375e+00,-4.066031932830810547e+00,-3.603437185287475586e+00,8.702653884887695312e+00
-1.880863070487976074e+00,-3.623556137084960938e+00,-8.862184524536132812e+00,-3.748840332031250000e+00,-8.629237174987792969e+00,-3.096253871917724609e+00,-4.076592445373535156e+00,-3.656177997589111328e+00,8.685473442077636719e+00
-1.907871484756469727e+00,-3.557333946228027344e+00,-9.369084358215332031e+00,-3.739702224731445312e+00,-8.579063415527343750e+00,-3.029511451721191406e+00,-4.060768604278564453e+00,-3.630548238754272461e+00,8.671218872070312500e+00
-1.804121613502502441e+00,-3.685483455657958984e+00,-9.013739585876464844e+00,-3.758189678192138672e+00,-8.742304801940917969e+00,-2.979556083679199219e+00,-4.117311477661132812e+00,-3.601651191711425781e+00,8.663314819335937500e+00
-1.846156239509582520e+00,-3.581232547760009766e+00,-8.915923118591308594e+00,-3.700547695159912109e+00,-8.696609497070312500e+00,-3.238719224929809570e+00,-4.198879241943359375e+00,-3.638832569122314453e+00,8.633753776550292969e+00
-1.883594632148742676e+00,-3.573028087615966797e+00,-8.794781684875488281e+00,-3.765254497528076172e+00,-8.693593025207519531e+00,-3.064008474349975586e+00,-4.041431427001953125e+00,-3.653132438659667969e+00,8.694147109985351562e+00
-1.872303366661071777e+00,-3.711287498474121094e+00,-8.883532524108886719e+00,-3.667170524597167969e+00,-8.445056915283203125e+00,-3.301767826080322266e+00,-4.075959205627441406e+00,-3.745587348937988281e+00,8.796384811401367188e+00
-1.656748414039611816e+00,-3.666203022003173828e+00,-8.191711425781250000e+00,-3.648746013641357422e+00,-8.721368789672851562e+00,-2.875678539276123047e+00,-3.965712308883666992e+00,-3.578169345855712891e+00,8.855742454528808594e+00
-1.709419965744018555e+00,-3.678133964538574219e+00,-8.137345314025878906e+00,-3.663267612457275391e+00,-8.701953887939453125e+00,-2.805181264877319336e+00,-4.007143974304199219e+00,-3.568763017654418945e+00,8.871966361999511719e+00
-2.433695316314697266e+00,-3.525581359863281250e+00,-8.125043869018554688e+00,-3.518320083618164062e+00,-8.600029945373535156e+00,-2.842104196548461914e+00,-3.203888177871704102e+00,-4.244200229644775391e+00,9.064311027526855469e+00
-2.718051671981811523e+00,-3.616166591644287109e+00,-7.922863006591796875e+00,-3.903961181640625000e+00,-9.046071052551269531e+00,-3.435824632644653320e+00,-3.452661275863647461e+00,-4.284269332885742188e+00,8.945678710937500000e+00
-2.584730148315429688e+00,-3.990888118743896484e+00,-8.210268020629882812e+00,-4.018095016479492188e+00,-9.280218124389648438e+00,-4.087443351745605469e+00,-3.681849718093872070e+00,-4.346474647521972656e+00,8.902002334594726562e+00
-1.797621250152587891e+00,-3.719548702239990234e+00,-8.229659080505371094e+00,-3.686675548553466797e+00,-8.887434005737304688e+00,-3.114588975906372070e+00,-3.963644266128540039e+00,-3.573111772537231445e+00,8.699411392211914062e+00
-1.758737921714782715e+00,-3.604939937591552734e+00,-8.568537712097167969e+00,-3.731645107269287109e+00,-8.876383781433105469e+00,-3.122613906860351562e+00,-3.947640180587768555e+00,-3.702899217605590820e+00,8.561907768249511719e+00
-2.093999147415161133e+00,-3.335340023040771484e+00,-8.142952919006347656e+00,-3.665620326995849609e+00,-8.885742187500000000e+00,-3.071145534515380859e+00,-3.673264980316162109e+00,-3.831796169281005859e+00,8.741425514221191406e+00
-2.648788690567016602e+00,-2.715096950531005859e+00,-8.284041404724121094e+00,-2.702658414840698242e+00,-7.460936546325683594e+00,-2.600148200988769531e+00,-2.236706018447875977e+00,-4.737185478210449219e+00,9.215553283691406250e+00
-2.313114881515502930e+00,-3.301718235015869141e+00,-8.110976219177246094e+00,-3.489665508270263672e+00,-8.689635276794433594e+00,-3.094650030136108398e+00,-3.246383666992187500e+00,-4.208395957946777344e+00,8.942560195922851562e+00
-2.730752468109130859e+00,-4.350100994110107422e+00,-8.641493797302246094e+00,-4.090717315673828125e+00,-9.164248466491699219e+00,-5.130712985992431641e+00,-3.407670497894287109e+00,-4.798398971557617188e+00,9.334118843078613281e+00
-2.270412445068359375e+00,-4.205529689788818359e+00,-8.496333122253417969e+00,-4.022224903106689453e+00,-9.167216300964355469e+00,-4.046667575836181641e+00,-3.737657070159912109e+00,-4.250614643096923828e+00,8.845255851745605469e+00
-2.269751310348510742e+00,-4.112338066101074219e+00,-8.646410942077636719e+00,-4.014761924743652344e+00,-9.038099288940429688e+00,-4.125279426574707031e+00,-3.685901403427124023e+00,-4.202916622161865234e+00,8.987302780151367188e+00
-1.784139037132263184e+00,-3.670732498168945312e+00,-8.740252494812011719e+00,-3.715983390808105469e+00,-8.867031097412109375e+00,-3.100680828094482422e+00,-3.956174612045288086e+00,-3.648458957672119141e+00,8.650617599487304688e+00
-2.141733169555664062e+00,-3.760598182678222656e+00,-8.781487464904785156e+00,-3.603854179382324219e+00,-8.617418289184570312e+00,-3.550379276275634766e+00,-3.517024993896484375e+00,-3.739728927612304688e+00,9.185190200805664062e+00
-1.795845985412597656e+00,-3.762135505676269531e+00,-8.571467399597167969e+00,-3.746575355529785156e+00,-8.852269172668457031e+00,-3.080852508544921875e+00,-4.033574104309082031e+00,-3.659383296966552734e+00,8.614724159240722656e+00
-1.830746293067932129e+00,-3.681038856506347656e+00,-8.704844474792480469e+00,-3.689749240875244141e+00,-8.808094978332519531e+00,-3.150284767150878906e+00,-3.891793012619018555e+00,-3.677917718887329102e+00,8.614671707153320312e+00
-2.177998065948486328e+00,-4.189416408538818359e+00,-8.508161544799804688e+00,-3.739594459533691406e+00,-8.708342552185058594e+00,-3.716517925262451172e+00,-3.520485877990722656e+00,-3.772395372390747070e+00,9.303071022033691406e+00
-1.996080994606018066e+00,-3.881433010101318359e+00,-8.866993904113769531e+00,-3.652459621429443359e+00,-8.643538475036621094e+00,-3.367981910705566406e+00,-3.770354747772216797e+00,-3.705559253692626953e+00,8.853704452514648438e+00
-1.811416864395141602e+00,-3.676896095275878906e+00,-8.826910972595214844e+00,-3.743774414062500000e+00,-8.846870422363281250e+00,-3.074701786041259766e+00,-4.021789550781250000e+00,-3.673022747039794922e+00,8.605305671691894531e+00
-3.511574506759643555e+00,-4.708071708679199219e+00,-1.034835433959960938e+01,-5.589326381683349609e+00,-1.124083805084228516e+01,-8.111993789672851562e+00,-7.626235961914062500e+00,-4.828795433044433594e+00,9.207629203796386719e+00
-3.446737051010131836e+00,-4.715722560882568359e+00,-1.031915378570556641e+01,-5.583640575408935547e+00,-1.111092281341552734e+01,-8.059337615966796875e+00,-7.641685962677001953e+00,-4.708642482757568359e+00,9.152123451232910156e+00
-2.522555351257324219e+00,-4.144462585449218750e+00,-8.845907211303710938e+00,-4.143269538879394531e+00,-9.237492561340332031e+00,-3.537862300872802734e+00,-3.602749109268188477e+00,-4.311981678009033203e+00,9.017904281616210938e+00
-2.594802141189575195e+00,-4.336642265319824219e+00,-9.628091812133789062e+00,-4.710731029510498047e+00,-1.021822738647460938e+01,-6.287318706512451172e+00,-5.154860496520996094e+00,-4.134172916412353516e+00,9.042057037353515625e+00
-2.447865486145019531e+00,-4.352097988128662109e+00,-9.787424087524414062e+00,-4.646918773651123047e+00,-9.058271408081054688e+00,-5.625048637390136719e+00,-4.322682380676269531e+00,-4.358487606048583984e+00,9.134150505065917969e+00
-1.810101747512817383e+00,-3.874324798583984375e+00,-8.507656097412109375e+00,-3.608925342559814453e+00,-8.928493499755859375e+00,-3.041945219039916992e+00,-3.923716306686401367e+00,-3.705390691757202148e+00,8.792892456054687500e+00
-2.671840906143188477e+00,-3.139776229858398438e+00,-1.009874153137207031e+01,-3.059592723846435547e+00,-7.448665618896484375e+00,-3.765189409255981445e+00,-2.479135274887084961e+00,-4.536857128143310547e+00,9.616427421569824219e+00
-1.878619909286499023e+00,-3.611811161041259766e+00,-8.980293273925781250e+00,-3.770229339599609375e+00,-9.008834838867187500e+00,-3.226614236831665039e+00,-3.830254077911376953e+00,-3.685964822769165039e+00,8.746150970458984375e+00
-1.780290484428405762e+00,-3.943640708923339844e+00,-8.509553909301757812e+00,-3.759940624237060547e+00,-8.911519050598144531e+00,-3.126071453094482422e+00,-3.989159584045410156e+00,-3.643974304199218750e+00,8.612511634826660156e+00
-1.784848451614379883e+00,-3.847247123718261719e+00,-8.396073341369628906e+00,-3.674133300781250000e+00,-9.013175964355468750e+00,-3.078947305679321289e+00,-3.971930027008056641e+00,-3.684367179870605469e+00,8.682547569274902344e+00
-1.882485270500183105e+00,-3.854070186614990234e+00,-9.043395996093750000e+00,-3.611087799072265625e+00,-8.864982604980468750e+00,-3.009251832962036133e+00,-3.930555820465087891e+00,-3.719552755355834961e+00,8.775206565856933594e+00
-2.010588407516479492e+00,-3.531317234039306641e+00,-9.773591041564941406e+00,-3.622801780700683594e+00,-8.624880790710449219e+00,-2.646127939224243164e+00,-3.895218849182128906e+00,-3.400254487991333008e+00,8.721570014953613281e+00
-1.988034844398498535e+00,-3.725074768066406250e+00,-9.648058891296386719e+00,-3.580124855041503906e+00,-8.752840995788574219e+00,-2.854537487030029297e+00,-3.848099231719970703e+00,-3.546359062194824219e+00,8.887662887573242188e+00
-1.841063380241394043e+00,-3.824348449707031250e+00,-8.669688224792480469e+00,-3.621177196502685547e+00,-8.918661117553710938e+00,-2.989615917205810547e+00,-3.925567388534545898e+00,-3.684874534606933594e+00,8.734091758728027344e+00
-1.884471654891967773e+00,-3.902278900146484375e+00,-8.876238822937011719e+00,-3.614012718200683594e+00,-8.895726203918457031e+00,-3.032634019851684570e+00,-3.930659532546997070e+00,-3.753591775894165039e+00,8.743369102478027344e+00
-1.896559476852416992e+00,-3.794825553894042969e+00,-9.289856910705566406e+00,-3.609028339385986328e+00,-8.797872543334960938e+00,-2.934360980987548828e+00,-3.961659193038940430e+00,-3.701285362243652344e+00,8.756371498107910156e+00
-1.901650667190551758e+00,-3.883768558502197266e+00,-8.983459472656250000e+00,-3.617456436157226562e+00,-8.906712532043457031e+00,-3.032060146331787109e+00,-3.926462173461914062e+00,-3.727091312408447266e+00,8.750728607177734375e+00
-1.894437432289123535e+00,-3.857084751129150391e+00,-9.084259986877441406e+00,-3.603045940399169922e+00,-8.836297988891601562e+00,-2.986756324768066406e+00,-3.946345329284667969e+00,-3.736981630325317383e+00,8.774150848388671875e+00
-1.916621208190917969e+00,-3.753167152404785156e+00,-9.459934234619140625e+00,-3.626887798309326172e+00,-8.796669960021972656e+00,-2.875287532806396484e+00,-3.971328258514404297e+00,-3.674028396606445312e+00,8.766498565673828125e+00
-1.909263849258422852e+00,-3.779002189636230469e+00,-9.478958129882812500e+00,-3.630951404571533203e+00,-8.810164451599121094e+00,-2.934629440307617188e+00,-3.974008798599243164e+00,-3.698540687561035156e+00,8.756649971008300781e+00
-2.042591094970703125e+00,-3.528815746307373047e+00,-9.819656372070312500e+00,-3.722934246063232422e+00,-8.730572700500488281e+00,-2.774199724197387695e+00,-3.958284378051757812e+00,-3.390069723129272461e+00,8.607567787170410156e+00
-2.172738075256347656e+00,-3.510644435882568359e+00,-1.012751102447509766e+01,-3.766206741333007812e+00,-8.424181938171386719e+00,-2.601350069046020508e+00,-3.879392623901367188e+00,-3.446152210235595703e+00,8.728750228881835938e+00
-2.098237276077270508e+00,-3.778965950012207031e+00,-9.507947921752929688e+00,-3.791146278381347656e+00,-8.880835533142089844e+00,-2.907658338546752930e+00,-4.009276390075683594e+00,-3.583534240722656250e+00,8.703096389770507812e+00
-2.195502758026123047e+00,-3.540699005126953125e+00,-9.969901084899902344e+00,-3.819054603576660156e+00,-8.650260925292968750e+00,-2.763414859771728516e+00,-3.966408491134643555e+00,-3.438193082809448242e+00,8.669359207153320312e+00
-1.897736549377441406e+00,-3.872162818908691406e+00,-9.247509002685546875e+00,-3.611525058746337891e+00,-8.867993354797363281e+00,-2.982832431793212891e+00,-3.967985153198242188e+00,-3.733020782470703125e+00,8.754661560058593750e+00
-1.905089259147644043e+00,-3.731035232543945312e+00,-9.311718940734863281e+00,-3.671716213226318359e+00,-9.009931564331054688e+00,-2.971299171447753906e+00,-3.917827606201171875e+00,-3.657972335815429688e+00,8.710095405578613281e+00
-2.215448141098022461e+00,-3.459624290466308594e+00,-1.000083637237548828e+01,-3.809046268463134766e+00,-8.553675651550292969e+00,-2.724321603775024414e+00,-4.006033420562744141e+00,-3.308026790618896484e+00,8.658576011657714844e+00
-1.972087264060974121e+00,-3.814862251281738281e+00,-9.072849273681640625e+00,-3.664355278015136719e+00,-8.818644523620605469e+00,-2.900288581848144531e+00,-4.013092041015625000e+00,-3.727929115295410156e+00,8.740959167480468750e+00
-2.063271284103393555e+00,-3.471484661102294922e+00,-9.626777648925781250e+00,-3.839421749114990234e+00,-8.554068565368652344e+00,-2.668009281158447266e+00,-4.034113407135009766e+00,-3.591959953308105469e+00,8.612154006958007812e+00
-1.895704150199890137e+00,-3.821402549743652344e+00,-9.097619056701660156e+00,-3.646324634552001953e+00,-8.884461402893066406e+00,-2.976027011871337891e+00,-3.982506752014160156e+00,-3.693485975265502930e+00,8.714883804321289062e+00
-1.799208521842956543e+00,-3.666801452636718750e+00,-8.743509292602539062e+00,-3.748229503631591797e+00,-8.879777908325195312e+00,-3.093208312988281250e+00,-3.980002164840698242e+00,-3.758599519729614258e+00,8.539117813110351562e+00
-1.819488763809204102e+00,-3.574916839599609375e+00,-8.702019691467285156e+00,-3.784757614135742188e+00,-8.757931709289550781e+00,-3.078102350234985352e+00,-4.047199249267578125e+00,-3.678542375564575195e+00,8.693185806274414062e+00
-1.783339262008666992e+00,-3.746931552886962891e+00,-8.499258041381835938e+00,-3.733897209167480469e+00,-8.843854904174804688e+00,-3.086507797241210938e+00,-4.052279472351074219e+00,-3.666332006454467773e+00,8.689383506774902344e+00
-1.859431028366088867e+00,-3.636566638946533203e+00,-8.963924407958984375e+00,-3.763980388641357422e+00,-8.696918487548828125e+00,-3.040857553482055664e+00,-4.064969062805175781e+00,-3.640105485916137695e+00,8.732847213745117188e+00
-1.894372701644897461e+00,-3.621950149536132812e+00,-8.852273941040039062e+00,-3.763333797454833984e+00,-8.689915657043457031e+00,-3.051568269729614258e+00,-4.084487915039062500e+00,-3.655856609344482422e+00,8.741930007934570312e+00
-1.799227237701416016e+00,-3.726688385009765625e+00,-8.876371383666992188e+00,-3.741734027862548828e+00,-8.792259216308593750e+00,-3.007807254791259766e+00,-4.071304798126220703e+00,-3.622530937194824219e+00,8.669705390930175781e+00
-1.819774866104125977e+00,-3.630887985229492188e+00,-9.019082069396972656e+00,-3.781804084777832031e+00,-8.656245231628417969e+00,-2.989428281784057617e+00,-4.162315368652343750e+00,-3.661216259002685547e+00,8.689086914062500000e+00
-1.880264520645141602e+00,-3.547870635986328125e+00,-8.684317588806152344e+00,-3.808856487274169922e+00,-8.694386482238769531e+00,-3.091907739639282227e+00,-4.062005996704101562e+00,-3.625419855117797852e+00,8.719595909118652344e+00
-2.003984212875366211e+00,-3.660788059234619141e+00,-9.052657127380371094e+00,-3.699873447418212891e+00,-8.535278320312500000e+00,-3.021597385406494141e+00,-4.045910835266113281e+00,-3.816954612731933594e+00,8.796453475952148438e+00
-1.851094126701354980e+00,-3.692560195922851562e+00,-8.909761428833007812e+00,-3.752997398376464844e+00,-8.739592552185058594e+00,-2.971226215362548828e+00,-4.065906524658203125e+00,-3.611511707305908203e+00,8.732398986816406250e+00
-2.037057876586914062e+00,-4.582186222076416016e+00,-8.559798240661621094e+00,-4.219390869140625000e+00,-8.114088058471679688e+00,-2.944242954254150391e+00,-4.214814662933349609e+00,-4.092550754547119141e+00,8.599934577941894531e+00
-1.778473138809204102e+00,-3.805990695953369141e+00,-8.536896705627441406e+00,-3.704487800598144531e+00,-8.899300575256347656e+00,-3.036385774612426758e+00,-4.067283153533935547e+00,-3.679470539093017578e+00,8.698781013488769531e+00
-1.793165564537048340e+00,-3.800482273101806641e+00,-9.099905967712402344e+00,-3.720841884613037109e+00,-8.842648506164550781e+00,-3.043254613876342773e+00,-4.047847270965576172e+00,-3.717258930206298828e+00,8.692897796630859375e+00
-1.788236260414123535e+00,-3.819657325744628906e+00,-8.888552665710449219e+00,-3.745265007019042969e+00,-8.866250038146972656e+00,-3.018391132354736328e+00,-4.091856479644775391e+00,-3.723393678665161133e+00,8.701238632202148438e+00
-1.801628589630126953e+00,-3.831485748291015625e+00,-8.984179496765136719e+00,-3.716460227966308594e+00,-8.832585334777832031e+00,-2.973657369613647461e+00,-4.101078510284423828e+00,-3.709343433380126953e+00,8.732911109924316406e+00
-1.793178677558898926e+00,-3.858340263366699219e+00,-8.600005149841308594e+00,-3.701702594757080078e+00,-8.873639106750488281e+00,-3.043473005294799805e+00,-4.082185745239257812e+00,-3.696324825286865234e+00,8.751175880432128906e+00
-1.793310523033142090e+00,-3.785379886627197266e+00,-9.016856193542480469e+00,-3.693531990051269531e+00,-8.797244071960449219e+00,-2.957793235778808594e+00,-4.086251735687255859e+00,-3.684116363525390625e+00,8.759936332702636719e+00
-1.835167050361633301e+00,-3.824379920959472656e+00,-9.171444892883300781e+00,-3.710643768310546875e+00,-8.846730232238769531e+00,-2.990480422973632812e+00,-4.077672481536865234e+00,-3.709973335266113281e+00,8.690417289733886719e+00
-1.773369550704956055e+00,-3.804259777069091797e+00,-8.681202888488769531e+00,-3.695436477661132812e+00,-8.805766105651855469e+00,-2.973986625671386719e+00,-4.083432197570800781e+00,-3.677811384201049805e+00,8.778521537780761719e+00
-1.792813420295715332e+00,-3.782820224761962891e+00,-8.805489540100097656e+00,-3.722652912139892578e+00,-8.781009674072265625e+00,-2.986809968948364258e+00,-4.114825248718261719e+00,-3.731334924697875977e+00,8.752173423767089844e+00
-1.867206335067749023e+00,-3.705334663391113281e+00,-8.731110572814941406e+00,-3.751577377319335938e+00,-8.983027458190917969e+00,-3.049865484237670898e+00,-3.938108921051025391e+00,-3.728797197341918945e+00,8.743057250976562500e+00
-1.893037796020507812e+00,-3.750540256500244141e+00,-8.688994407653808594e+00,-3.849515438079833984e+00,-8.955955505371093750e+00,-2.993181705474853516e+00,-3.882099628448486328e+00,-3.818133115768432617e+00,8.708880424499511719e+00
-1.885500311851501465e+00,-3.626045703887939453e+00,-8.678734779357910156e+00,-3.845958232879638672e+00,-8.966915130615234375e+00,-2.904877185821533203e+00,-4.017871856689453125e+00,-3.696341037750244141e+00,8.710516929626464844e+00
-2.056307077407836914e+00,-3.824055671691894531e+00,-8.756868362426757812e+00,-4.261140823364257812e+00,-8.873451232910156250e+00,-2.724062204360961914e+00,-4.397124290466308594e+00,-3.867159843444824219e+00,8.642703056335449219e+00
-1.784242033958435059e+00,-3.578442096710205078e+00,-8.899297714233398438e+00,-3.680030345916748047e+00,-8.959686279296875000e+00,-2.935275316238403320e+00,-3.928637027740478516e+00,-3.644295215606689453e+00,8.710992813110351562e+00
-1.831751704216003418e+00,-3.743888854980468750e+00,-8.545664787292480469e+00,-3.717045307159423828e+00,-8.918583869934082031e+00,-3.041204452514648438e+00,-3.966934442520141602e+00,-3.693380117416381836e+00,8.677034378051757812e+00
-1.879507422447204590e+00,-3.691066741943359375e+00,-8.555779457092285156e+00,-3.913504123687744141e+00,-9.046665191650390625e+00,-2.995603084564208984e+00,-4.000756740570068359e+00,-3.741786241531372070e+00,8.645214080810546875e+00
-1.843066573143005371e+00,-3.740252017974853516e+00,-8.522134780883789062e+00,-3.733603954315185547e+00,-8.901056289672851562e+00,-2.998411655426025391e+00,-3.974109888076782227e+00,-3.706005334854125977e+00,8.705525398254394531e+00
-1.954792022705078125e+00,-3.674240589141845703e+00,-8.701392173767089844e+00,-4.011762142181396484e+00,-8.907300949096679688e+00,-2.872642993927001953e+00,-4.262608051300048828e+00,-3.752260446548461914e+00,8.566892623901367188e+00
-1.973916530609130859e+00,-3.790369510650634766e+00,-8.598165512084960938e+00,-3.902853012084960938e+00,-8.883859634399414062e+00,-2.948022365570068359e+00,-4.166526794433593750e+00,-3.743254661560058594e+00,8.632693290710449219e+00
-3.578243255615234375e+00,-4.769062042236328125e+00,-1.029576683044433594e+01,-5.578487873077392578e+00,-1.115317821502685547e+01,-7.951302528381347656e+00,-7.668155193328857422e+00,-4.787415027618408203e+00,9.067332267761230469e+00
-3.558072090148925781e+00,-4.816248416900634766e+00,-1.035076618194580078e+01,-5.601930141448974609e+00,-1.120272922515869141e+01,-8.040437698364257812e+00,-7.788655281066894531e+00,-4.762036323547363281e+00,9.031085014343261719e+00
-2.607060909271240234e+00,-3.781815528869628906e+00,-9.068722724914550781e+00,-4.805696964263916016e+00,-9.852577209472656250e+00,-4.008075237274169922e+00,-4.758115768432617188e+00,-3.969798088073730469e+00,8.644505500793457031e+00
-3.024853229522705078e+00,-4.324527740478515625e+00,-9.565451622009277344e+00,-5.425504684448242188e+00,-1.048333072662353516e+01,-5.374824047088623047e+00,-6.617570877075195312e+00,-4.764676570892333984e+00,8.761717796325683594e+00
-3.033616781234741211e+00,-4.292818069458007812e+00,-9.543789863586425781e+00,-5.139495372772216797e+00,-1.062557315826416016e+01,-6.238296031951904297e+00,-6.590526103973388672e+00,-4.641697406768798828e+00,8.815926551818847656e+00
-3.446017265319824219e+00,-4.529938697814941406e+00,-1.003956127166748047e+01,-5.375369548797607422e+00,-1.085007572174072266e+01,-7.233564853668212891e+00,-7.301753997802734375e+00,-4.691984653472900391e+00,8.949637413024902344e+00
-3.538097620010375977e+00,-4.729342937469482422e+00,-1.015934753417968750e+01,-5.517466545104980469e+00,-1.116303825378417969e+01,-7.840452194213867188e+00,-7.629414081573486328e+00,-4.832468032836914062e+00,9.060283660888671875e+00
-3.187252283096313477e+00,-4.564872741699218750e+00,-9.996631622314453125e+00,-5.513147354125976562e+00,-1.067397594451904297e+01,-6.025297641754150391e+00,-7.440384387969970703e+00,-4.900769710540771484e+00,8.776888847351074219e+00
-3.019215345382690430e+00,-4.413043498992919922e+00,-9.959917068481445312e+00,-5.250432014465332031e+00,-1.065135765075683594e+01,-6.289215564727783203e+00,-7.089031696319580078e+00,-4.716843128204345703e+00,8.701260566711425781e+00
-3.122861146926879883e+00,-4.511724472045898438e+00,-1.038557529449462891e+01,-5.369800090789794922e+00,-1.092394542694091797e+01,-6.902339458465576172e+00,-7.463858127593994141e+00,-4.673779964447021484e+00,8.765689849853515625e+00
-2.645789384841918945e+00,-4.460671901702880859e+00,-9.272109985351562500e+00,-4.753194808959960938e+00,-9.578223228454589844e+00,-5.361265659332275391e+00,-4.906064987182617188e+00,-4.152880668640136719e+00,8.954116821289062500e+00
-3.211908817291259766e+00,-5.029623031616210938e+00,-8.812865257263183594e+00,-4.708199024200439453e+00,-9.984563827514648438e+00,-5.531229019165039062e+00,-3.698103189468383789e+00,-4.855198383331298828e+00,9.254882812500000000e+00
-2.274093627929687500e+00,-4.476012229919433594e+00,-9.461589813232421875e+00,-4.795574665069580078e+00,-9.153904914855957031e+00,-5.079715728759765625e+00,-5.159782409667968750e+00,-4.610901355743408203e+00,8.340343475341796875e+00
-3.017040014266967773e+00,-4.915301799774169922e+00,-8.813451766967773438e+00,-4.544289588928222656e+00,-9.624088287353515625e+00,-5.198971748352050781e+00,-3.882433891296386719e+00,-4.632588386535644531e+00,9.102252006530761719e+00
-2.054056882858276367e+00,-4.108709812164306641e+00,-8.620105743408203125e+00,-3.924898147583007812e+00,-9.138696670532226562e+00,-3.305473804473876953e+00,-4.015639781951904297e+00,-3.811546325683593750e+00,8.650240898132324219e+00
-1.952569842338562012e+00,-3.726952075958251953e+00,-8.854093551635742188e+00,-3.832746982574462891e+00,-8.847803115844726562e+00,-2.997470617294311523e+00,-4.049669742584228516e+00,-3.820351600646972656e+00,8.555953979492187500e+00
-1.807089090347290039e+00,-3.720323085784912109e+00,-8.690357208251953125e+00,-3.674426555633544922e+00,-8.791442871093750000e+00,-2.871398687362670898e+00,-3.986204385757446289e+00,-3.564412832260131836e+00,8.630401611328125000e+00
-1.937452197074890137e+00,-3.929322719573974609e+00,-8.706375122070312500e+00,-3.830012321472167969e+00,-8.923650741577148438e+00,-2.849828958511352539e+00,-4.135942935943603516e+00,-3.681192874908447266e+00,8.636619567871093750e+00
-1.851139783859252930e+00,-3.827919960021972656e+00,-8.716607093811035156e+00,-3.665720939636230469e+00,-8.801338195800781250e+00,-3.008916854858398438e+00,-3.906054019927978516e+00,-3.675292015075683594e+00,8.638688087463378906e+00
-1.808079361915588379e+00,-3.836446285247802734e+00,-8.528553962707519531e+00,-3.668454647064208984e+00,-8.919489860534667969e+00,-3.026654481887817383e+00,-3.935233116149902344e+00,-3.679814815521240234e+00,8.611918449401855469e+00
-1.891016840934753418e+00,-3.757833480834960938e+00,-8.599504470825195312e+00,-3.727674007415771484e+00,-9.010190010070800781e+00,-3.070548057556152344e+00,-3.947537422180175781e+00,-3.692913055419921875e+00,8.718917846679687500e+00
-2.005457401275634766e+00,-3.885509490966796875e+00,-8.513283729553222656e+00,-4.004798412322998047e+00,-8.974326133728027344e+00,-2.913631677627563477e+00,-4.058369636535644531e+00,-3.680772542953491211e+00,8.843602180480957031e+00
-1.939174890518188477e+00,-3.977842330932617188e+00,-8.397265434265136719e+00,-3.952630996704101562e+00,-8.627915382385253906e+00,-2.708286762237548828e+00,-4.028487205505371094e+00,-3.686265468597412109e+00,9.313638687133789062e+00
-1.826131701469421387e+00,-3.818392753601074219e+00,-8.406402587890625000e+00,-3.767382621765136719e+00,-8.870969772338867188e+00,-3.000411987304687500e+00,-4.070123195648193359e+00,-3.677149295806884766e+00,8.685132980346679688e+00
-1.851275086402893066e+00,-3.790043830871582031e+00,-8.457819938659667969e+00,-3.698087692260742188e+00,-8.948031425476074219e+00,-3.079321861267089844e+00,-3.968420267105102539e+00,-3.660896778106689453e+00,8.722117424011230469e+00
-1.863736391067504883e+00,-3.815547943115234375e+00,-8.677080154418945312e+00,-3.671590328216552734e+00,-8.839919090270996094e+00,-2.981579303741455078e+00,-4.069975376129150391e+00,-3.654917955398559570e+00,8.753510475158691406e+00
-1.835863828659057617e+00,-3.849085807800292969e+00,-8.454572677612304688e+00,-3.780297756195068359e+00,-8.735606193542480469e+00,-2.875458002090454102e+00,-4.105666160583496094e+00,-3.666397094726562500e+00,8.845949172973632812e+00
-1.873953342437744141e+00,-3.829093933105468750e+00,-8.490218162536621094e+00,-3.750776767730712891e+00,-8.829751968383789062e+00,-2.965670108795166016e+00,-4.125648498535156250e+00,-3.662347793579101562e+00,8.752123832702636719e+00
-1.756096720695495605e+00,-3.790163993835449219e+00,-8.366958618164062500e+00,-3.869886398315429688e+00,-8.754658699035644531e+00,-2.846793413162231445e+00,-4.169582366943359375e+00,-3.690330028533935547e+00,8.730804443359375000e+00
-1.877720594406127930e+00,-3.820676803588867188e+00,-8.978505134582519531e+00,-3.643203735351562500e+00,-8.778225898742675781e+00,-2.963658571243286133e+00,-4.055296421051025391e+00,-3.656157493591308594e+00,8.803237915039062500e+00
-3.278871059417724609e+00,-2.216827869415283203e+00,-9.815695762634277344e+00,-2.093714475631713867e+00,-6.214234352111816406e+00,-2.480598449707031250e+00,-1.595801353454589844e+00,-5.400296688079833984e+00,9.381371498107910156e+00
-3.188125371932983398e+00,-2.425805091857910156e+00,-9.950127601623535156e+00,-2.082891702651977539e+00,-6.246984481811523438e+00,-2.564070940017700195e+00,-1.640281677246093750e+00,-5.233551979064941406e+00,9.519964218139648438e+00
-3.304730892181396484e+00,-2.263970851898193359e+00,-9.901053428649902344e+00,-2.090059995651245117e+00,-6.290876388549804688e+00,-2.450058937072753906e+00,-1.516954302787780762e+00,-5.456438541412353516e+00,9.383519172668457031e+00
-3.226972818374633789e+00,-2.377182960510253906e+00,-9.939694404602050781e+00,-2.097929716110229492e+00,-6.296059608459472656e+00,-2.537831783294677734e+00,-1.529624700546264648e+00,-5.351545810699462891e+00,9.473503112792968750e+00
-3.234298706054687500e+00,-2.345607995986938477e+00,-1.004741668701171875e+01,-2.048493385314941406e+00,-6.260618209838867188e+00,-2.550427198410034180e+00,-1.419241189956665039e+00,-5.323793888092041016e+00,9.583008766174316406e+00
-3.183695077896118164e+00,-2.386298179626464844e+00,-9.989424705505371094e+00,-1.886524438858032227e+00,-6.347280502319335938e+00,-2.667130470275878906e+00,-1.518919944763183594e+00,-5.156146526336669922e+00,9.828566551208496094e+00
-3.177017927169799805e+00,-2.506246805191040039e+00,-9.877622604370117188e+00,-2.011109352111816406e+00,-6.290748596191406250e+00,-2.618206262588500977e+00,-1.613540649414062500e+00,-5.116054534912109375e+00,9.622726440429687500e+00
-3.005088090896606445e+00,-2.954641342163085938e+00,-9.568447113037109375e+00,-2.091060638427734375e+00,-6.368323326110839844e+00,-2.587132215499877930e+00,-1.962146759033203125e+00,-4.725775241851806641e+00,9.881801605224609375e+00
-3.286846160888671875e+00,-2.111056804656982422e+00,-9.630424499511718750e+00,-2.000922679901123047e+00,-6.231668472290039062e+00,-2.354318618774414062e+00,-1.444392085075378418e+00,-5.474506855010986328e+00,9.416019439697265625e+00
-3.333312988281250000e+00,-2.204764366149902344e+00,-9.807242393493652344e+00,-2.027745485305786133e+00,-6.294512748718261719e+00,-2.416597127914428711e+00,-1.470179677009582520e+00,-5.504365444183349609e+00,9.414330482482910156e+00
-2.296419858932495117e+00,-4.271308422088623047e+00,-9.066218376159667969e+00,-4.211133956909179688e+00,-8.449067115783691406e+00,-3.846416950225830078e+00,-4.190817356109619141e+00,-4.751759529113769531e+00,9.121801376342773438e+00
-2.185102224349975586e+00,-3.993734359741210938e+00,-9.014931678771972656e+00,-4.006546974182128906e+00,-8.260534286499023438e+00,-3.780899763107299805e+00,-4.082787036895751953e+00,-4.248491764068603516e+00,9.101736068725585938e+00
-2.355015277862548828e+00,-4.380076885223388672e+00,-9.585423469543457031e+00,-4.327712535858154297e+00,-8.542170524597167969e+00,-4.454738140106201172e+00,-4.849941730499267578e+00,-5.116508960723876953e+00,8.912673950195312500e+00
-1.947118759155273438e+00,-3.988969802856445312e+00,-8.714508056640625000e+00,-3.697917938232421875e+00,-8.695935249328613281e+00,-3.104815006256103516e+00,-3.971135616302490234e+00,-3.745509147644042969e+00,8.905477523803710938e+00
-2.101091146469116211e+00,-4.110658168792724609e+00,-8.522360801696777344e+00,-3.710783004760742188e+00,-8.670527458190917969e+00,-3.131553649902343750e+00,-3.922272205352783203e+00,-3.647420167922973633e+00,9.142000198364257812e+00
-1.861134529113769531e+00,-3.800062179565429688e+00,-8.526113510131835938e+00,-3.612200736999511719e+00,-8.729409217834472656e+00,-3.001427412033081055e+00,-3.903818368911743164e+00,-3.604327440261840820e+00,8.823112487792968750e+00
-1.926910877227783203e+00,-3.862731456756591797e+00,-8.505331039428710938e+00,-3.634415626525878906e+00,-8.711696624755859375e+00,-3.059276342391967773e+00,-3.917005538940429688e+00,-3.592422723770141602e+00,8.878390312194824219e+00
-2.067646980285644531e+00,-3.987330913543701172e+00,-8.374720573425292969e+00,-3.815577030181884766e+00,-9.065517425537109375e+00,-3.401854515075683594e+00,-3.923981666564941406e+00,-3.754671812057495117e+00,8.750515937805175781e+00
-1.906457185745239258e+00,-3.709620952606201172e+00,-8.804935455322265625e+00,-3.641829967498779297e+00,-8.884893417358398438e+00,-3.056512594223022461e+00,-3.891499757766723633e+00,-3.602971792221069336e+00,8.807346343994140625e+00
-1.805782914161682129e+00,-3.804675102233886719e+00,-8.465864181518554688e+00,-3.643562316894531250e+00,-8.743545532226562500e+00,-3.033757686614990234e+00,-3.907658338546752930e+00,-3.649442911148071289e+00,8.774765968322753906e+00
-2.183603286743164062e+00,-4.127093315124511719e+00,-8.927405357360839844e+00,-4.614576816558837891e+00,-8.104117393493652344e+00,-2.359009742736816406e+00,-4.938289165496826172e+00,-4.040728092193603516e+00,8.623934745788574219e+00
-1.698596477508544922e+00,-3.897230625152587891e+00,-8.153277397155761719e+00,-4.066732883453369141e+00,-8.673060417175292969e+00,-2.546782255172729492e+00,-4.312578201293945312e+00,-3.952399492263793945e+00,8.809596061706542969e+00
-1.991262435913085938e+00,-3.675018787384033203e+00,-9.243049621582031250e+00,-4.705109119415283203e+00,-8.234000205993652344e+00,-1.941232085227966309e+00,-5.252475738525390625e+00,-3.991223335266113281e+00,8.358148574829101562e+00
-1.823702573776245117e+00,-3.780035018920898438e+00,-8.742774009704589844e+00,-3.770259857177734375e+00,-8.776148796081542969e+00,-2.796343088150024414e+00,-4.061869144439697266e+00,-3.707231521606445312e+00,8.663292884826660156e+00
-1.902998685836791992e+00,-3.753877639770507812e+00,-8.818046569824218750e+00,-4.040942668914794922e+00,-8.640563011169433594e+00,-2.531278133392333984e+00,-4.369626998901367188e+00,-3.816480159759521484e+00,8.670942306518554688e+00
-1.870848774909973145e+00,-3.875962257385253906e+00,-8.696741104125976562e+00,-3.833962917327880859e+00,-8.833371162414550781e+00,-2.820454120635986328e+00,-4.135971546173095703e+00,-3.744233131408691406e+00,8.672293663024902344e+00
-1.828373074531555176e+00,-3.836430549621582031e+00,-8.827338218688964844e+00,-3.709681510925292969e+00,-8.806271553039550781e+00,-2.935725212097167969e+00,-4.041667938232421875e+00,-3.693931818008422852e+00,8.641521453857421875e+00
-1.824554443359375000e+00,-3.793059349060058594e+00,-8.770037651062011719e+00,-3.708775520324707031e+00,-8.789215087890625000e+00,-2.838165760040283203e+00,-4.064245223999023438e+00,-3.676727771759033203e+00,8.741096496582031250e+00
-1.819120168685913086e+00,-3.547289848327636719e+00,-8.652915954589843750e+00,-4.019059658050537109e+00,-8.659833908081054688e+00,-2.510670900344848633e+00,-4.299561977386474609e+00,-3.760081291198730469e+00,8.578568458557128906e+00
-1.689898252487182617e+00,-3.578764915466308594e+00,-8.458765983581542969e+00,-3.903993129730224609e+00,-8.597320556640625000e+00,-2.357527732849121094e+00,-4.320969104766845703e+00,-3.715620756149291992e+00,8.800339698791503906e+00
-3.485203742980957031e+00,-4.680571079254150391e+00,-1.025672531127929688e+01,-5.403777599334716797e+00,-1.109325599670410156e+01,-7.882497310638427734e+00,-7.578226566314697266e+00,-4.695889472961425781e+00,8.957503318786621094e+00
-2.891076326370239258e+00,-4.236803054809570312e+00,-1.001670360565185547e+01,-5.068431854248046875e+00,-1.050193881988525391e+01,-5.785999298095703125e+00,-6.742651939392089844e+00,-4.599258422851562500e+00,8.692523002624511719e+00
-2.875514984130859375e+00,-4.379189968109130859e+00,-9.978753089904785156e+00,-5.211332798004150391e+00,-1.055780220031738281e+01,-5.901221752166748047e+00,-7.121505260467529297e+00,-4.726132869720458984e+00,8.583537101745605469e+00
-1.941024303436279297e+00,-3.583537101745605469e+00,-9.208753585815429688e+00,-3.967448234558105469e+00,-8.926537513732910156e+00,-3.131244421005249023e+00,-4.179020881652832031e+00,-3.763776302337646484e+00,8.570039749145507812e+00
-2.278259992599487305e+00,-3.969153404235839844e+00,-9.052492141723632812e+00,-4.511430740356445312e+00,-9.875480651855468750e+00,-4.243611335754394531e+00,-5.118745326995849609e+00,-4.259929656982421875e+00,8.543375968933105469e+00
-1.929246664047241211e+00,-3.742024898529052734e+00,-8.492397308349609375e+00,-3.932268619537353516e+00,-9.224674224853515625e+00,-3.211324930191040039e+00,-4.172549247741699219e+00,-3.876019239425659180e+00,8.681141853332519531e+00
-3.534309625625610352e+00,-4.824919700622558594e+00,-1.031405067443847656e+01,-5.580601692199707031e+00,-1.121228408813476562e+01,-7.943595409393310547e+00,-7.799428462982177734e+00,-4.710460186004638672e+00,8.950693130493164062e+00
-2.605155229568481445e+00,-4.009528160095214844e+00,-1.008825111389160156e+01,-4.904678344726562500e+00,-1.023007202148437500e+01,-4.759404659271240234e+00,-6.433072090148925781e+00,-4.473884582519531250e+00,8.618336677551269531e+00
-1.868191361427307129e+00,-3.686594009399414062e+00,-8.744619369506835938e+00,-3.767312049865722656e+00,-8.982105255126953125e+00,-2.999074697494506836e+00,-4.019252777099609375e+00,-3.697335243225097656e+00,8.683043479919433594e+00
-2.308707952499389648e+00,-3.853641510009765625e+00,-9.297186851501464844e+00,-4.450133323669433594e+00,-9.712528228759765625e+00,-3.801397800445556641e+00,-5.408434867858886719e+00,-4.251828193664550781e+00,8.717777252197265625e+00
-2.131572246551513672e+00,-4.016731739044189453e+00,-1.023004913330078125e+01,-4.393881797790527344e+00,-7.952987670898437500e+00,-4.883967399597167969e+00,-3.827695369720458984e+00,-4.540776729583740234e+00,8.746852874755859375e+00
-2.903161287307739258e+00,-4.782739162445068359e+00,-9.429800987243652344e+00,-4.652517795562744141e+00,-9.411801338195800781e+00,-5.395180225372314453e+00,-3.793532371520996094e+00,-4.579041481018066406e+00,9.383439064025878906e+00
-2.566173553466796875e+00,-4.838251113891601562e+00,-9.823084831237792969e+00,-4.472309589385986328e+00,-8.433204650878906250e+00,-5.422715187072753906e+00,-3.626298904418945312e+00,-4.039579391479492188e+00,9.229035377502441406e+00
-3.136434078216552734e+00,-4.717479705810546875e+00,-9.031651496887207031e+00,-4.664765834808349609e+00,-9.910984992980957031e+00,-5.495916843414306641e+00,-3.690194845199584961e+00,-4.895759105682373047e+00,9.353352546691894531e+00
-2.339590787887573242e+00,-3.968003749847412109e+00,-9.387276649475097656e+00,-4.299832344055175781e+00,-8.361844062805175781e+00,-4.871216773986816406e+00,-3.686244487762451172e+00,-4.970167636871337891e+00,8.935133934020996094e+00
-2.699353694915771484e+00,-4.753510475158691406e+00,-9.514286994934082031e+00,-4.556608676910400391e+00,-9.321639060974121094e+00,-5.060616970062255859e+00,-3.695904493331909180e+00,-4.450713634490966797e+00,9.186049461364746094e+00
-2.932914972305297852e+00,-4.758795261383056641e+00,-9.073693275451660156e+00,-4.608281135559082031e+00,-9.755784988403320312e+00,-5.312822818756103516e+00,-3.653136491775512695e+00,-4.827903270721435547e+00,9.339200973510742188e+00
-2.213369607925415039e+00,-4.014810085296630859e+00,-9.677505493164062500e+00,-4.191759109497070312e+00,-7.675230026245117188e+00,-4.820819377899169922e+00,-3.488007545471191406e+00,-4.378910064697265625e+00,8.771836280822753906e+00
-3.151962757110595703e+00,-4.768052101135253906e+00,-8.687323570251464844e+00,-4.567646980285644531e+00,-9.797269821166992188e+00,-5.458802223205566406e+00,-3.548736333847045898e+00,-4.827546119689941406e+00,9.429140090942382812e+00
-2.574383974075317383e+00,-4.271461486816406250e+00,-9.986611366271972656e+00,-4.893733024597167969e+00,-9.181893348693847656e+00,-4.650704383850097656e+00,-4.291126728057861328e+00,-4.989459991455078125e+00,8.669440269470214844e+00
-1.580061912536621094e+00,-3.691119194030761719e+00,-8.221448898315429688e+00,-3.771640300750732422e+00,-8.305137634277343750e+00,-2.487773656845092773e+00,-4.266102790832519531e+00,-3.688421726226806641e+00,8.988930702209472656e+00
-1.731533646583557129e+00,-3.635489463806152344e+00,-8.421971321105957031e+00,-3.931593418121337891e+00,-8.583618164062500000e+00,-2.669968366622924805e+00,-4.290134429931640625e+00,-3.719277858734130859e+00,8.640934944152832031e+00
-1.707827091217041016e+00,-3.794161796569824219e+00,-8.365224838256835938e+00,-3.991746425628662109e+00,-8.838242530822753906e+00,-2.769131422042846680e+00,-4.403680324554443359e+00,-3.622364997863769531e+00,8.597916603088378906e+00
-1.722334623336791992e+00,-3.695734024047851562e+00,-8.545013427734375000e+00,-3.813011169433593750e+00,-8.703083038330078125e+00,-2.864466190338134766e+00,-4.091200828552246094e+00,-3.734469652175903320e+00,8.622080802917480469e+00
-1.852587699890136719e+00,-3.754354953765869141e+00,-8.678247451782226562e+00,-3.899048805236816406e+00,-8.800405502319335938e+00,-2.887664556503295898e+00,-4.324409008026123047e+00,-3.793614625930786133e+00,8.526064872741699219e+00
-1.758895158767700195e+00,-3.766754150390625000e+00,-8.544968605041503906e+00,-3.768286705017089844e+00,-8.843144416809082031e+00,-2.966712474822998047e+00,-4.100476741790771484e+00,-3.668630838394165039e+00,8.558016777038574219e+00
-1.809083461761474609e+00,-3.660610198974609375e+00,-8.579822540283203125e+00,-3.883012294769287109e+00,-8.706270217895507812e+00,-2.832229375839233398e+00,-4.349342823028564453e+00,-3.722434282302856445e+00,8.656369209289550781e+00
-1.571342349052429199e+00,-3.778779506683349609e+00,-8.191357612609863281e+00,-3.776525020599365234e+00,-8.660967826843261719e+00,-2.689737558364868164e+00,-4.363398075103759766e+00,-3.632550239562988281e+00,8.833616256713867188e+00
-1.764584660530090332e+00,-3.714917182922363281e+00,-8.492650032043457031e+00,-3.772593975067138672e+00,-8.873954772949218750e+00,-3.008369207382202148e+00,-4.099030971527099609e+00,-3.715790271759033203e+00,8.567721366882324219e+00
-1.802061915397644043e+00,-3.698014736175537109e+00,-8.525930404663085938e+00,-3.797317504882812500e+00,-8.850741386413574219e+00,-2.982231140136718750e+00,-4.154104709625244141e+00,-3.691749334335327148e+00,8.561805725097656250e+00
-1.808144807815551758e+00,-3.714786052703857422e+00,-8.395572662353515625e+00,-3.773958206176757812e+00,-8.676457405090332031e+00,-2.742773771286010742e+00,-4.119712352752685547e+00,-3.647543430328369141e+00,8.829588890075683594e+00
-1.702496528625488281e+00,-3.790943145751953125e+00,-8.545506477355957031e+00,-3.757909774780273438e+00,-8.592349052429199219e+00,-2.719079017639160156e+00,-4.226585865020751953e+00,-3.646130800247192383e+00,8.854912757873535156e+00
-1.764664530754089355e+00,-3.670872211456298828e+00,-8.478103637695312500e+00,-3.816889286041259766e+00,-8.841114044189453125e+00,-2.954398393630981445e+00,-4.144998073577880859e+00,-3.715419292449951172e+00,8.630193710327148438e+00
-1.749568223953247070e+00,-3.681899070739746094e+00,-8.494750022888183594e+00,-3.743901729583740234e+00,-8.869270324707031250e+00,-3.077969312667846680e+00,-3.992353439331054688e+00,-3.696372032165527344e+00,8.602154731750488281e+00
-1.774423956871032715e+00,-3.761830329895019531e+00,-8.480360984802246094e+00,-3.748795986175537109e+00,-8.920367240905761719e+00,-3.097511529922485352e+00,-4.042113304138183594e+00,-3.619409322738647461e+00,8.637107849121093750e+00
-1.777351140975952148e+00,-3.749364376068115234e+00,-8.515058517456054688e+00,-3.745790481567382812e+00,-8.863675117492675781e+00,-3.019377231597900391e+00,-4.082855224609375000e+00,-3.707483768463134766e+00,8.615569114685058594e+00
-1.830950021743774414e+00,-3.615029811859130859e+00,-8.947226524353027344e+00,-3.713971138000488281e+00,-8.758505821228027344e+00,-3.036719083786010742e+00,-4.036351203918457031e+00,-3.755212306976318359e+00,8.633992195129394531e+00
-1.788653492927551270e+00,-3.784003257751464844e+00,-8.579867362976074219e+00,-3.739330291748046875e+00,-8.845786094665527344e+00,-3.014833688735961914e+00,-4.048813343048095703e+00,-3.686723470687866211e+00,8.595890045166015625e+00
-1.760028719902038574e+00,-3.753157615661621094e+00,-8.464670181274414062e+00,-3.751654148101806641e+00,-8.841134071350097656e+00,-3.042744636535644531e+00,-4.077599525451660156e+00,-3.638097763061523438e+00,8.668108940124511719e+00
-1.775148630142211914e+00,-3.804617881774902344e+00,-8.441098213195800781e+00,-3.736752510070800781e+00,-8.911494255065917969e+00,-3.068620204925537109e+00,-4.061551570892333984e+00,-3.640222311019897461e+00,8.641811370849609375e+00
-1.886724829673767090e+00,-4.427981853485107422e+00,-8.326226234436035156e+00,-4.879933357238769531e+00,-8.860515594482421875e+00,-2.565380334854125977e+00,-5.179842948913574219e+00,-3.249621152877807617e+00,8.719119071960449219e+00
-2.014828443527221680e+00,-4.112062454223632812e+00,-8.372367858886718750e+00,-4.079793930053710938e+00,-8.566427230834960938e+00,-2.654570102691650391e+00,-4.666049957275390625e+00,-3.509536743164062500e+00,8.977866172790527344e+00
-2.178933858871459961e+00,-3.886632442474365234e+00,-8.513412475585937500e+00,-4.106960296630859375e+00,-8.720706939697265625e+00,-2.899747133255004883e+00,-5.009537696838378906e+00,-3.553924560546875000e+00,9.048255920410156250e+00
-1.917099237442016602e+00,-3.632041931152343750e+00,-8.319785118103027344e+00,-3.987795352935791016e+00,-8.731446266174316406e+00,-2.685139656066894531e+00,-4.885881423950195312e+00,-3.554383039474487305e+00,8.916677474975585938e+00
-1.720782637596130371e+00,-3.746797084808349609e+00,-7.340196609497070312e+00,-4.533228874206542969e+00,-8.797112464904785156e+00,-2.405063390731811523e+00,-5.458725452423095703e+00,-3.192430973052978516e+00,8.809398651123046875e+00
-1.259813427925109863e+00,-3.389811038970947266e+00,-6.823532104492187500e+00,-4.408236980438232422e+00,-8.744438171386718750e+00,-2.360110759735107422e+00,-5.721613883972167969e+00,-3.002684593200683594e+00,8.560124397277832031e+00
-1.469996929168701172e+00,-3.604594707489013672e+00,-7.392309188842773438e+00,-4.639049053192138672e+00,-8.707795143127441406e+00,-2.462556362152099609e+00,-5.664325714111328125e+00,-3.293734788894653320e+00,8.407997131347656250e+00
-1.567532420158386230e+00,-3.586145877838134766e+00,-7.959004402160644531e+00,-3.999075889587402344e+00,-8.380978584289550781e+00,-2.380725383758544922e+00,-4.801562309265136719e+00,-3.471567630767822266e+00,8.975512504577636719e+00
-1.554528832435607910e+00,-3.303289890289306641e+00,-8.075535774230957031e+00,-4.179949760437011719e+00,-8.774682044982910156e+00,-2.393727302551269531e+00,-4.915580749511718750e+00,-3.430279254913330078e+00,8.461063385009765625e+00
-1.782451748847961426e+00,-3.495114803314208984e+00,-8.700318336486816406e+00,-4.098233222961425781e+00,-8.751509666442871094e+00,-2.675634622573852539e+00,-4.642113685607910156e+00,-3.725327968597412109e+00,8.420754432678222656e+00
-1.861483335494995117e+00,-3.708493232727050781e+00,-8.617523193359375000e+00,-3.676995754241943359e+00,-8.835812568664550781e+00,-2.987682342529296875e+00,-3.973432779312133789e+00,-3.634800910949707031e+00,8.717161178588867188e+00
-1.850159406661987305e+00,-3.745925426483154297e+00,-8.792227745056152344e+00,-3.646665096282958984e+00,-8.841236114501953125e+00,-2.958350658416748047e+00,-3.974873781204223633e+00,-3.664771795272827148e+00,8.716653823852539062e+00
-1.873591184616088867e+00,-3.755625247955322266e+00,-8.984911918640136719e+00,-3.654090881347656250e+00,-8.893295288085937500e+00,-2.984018087387084961e+00,-3.981550216674804688e+00,-3.702534675598144531e+00,8.700059890747070312e+00
-1.853039860725402832e+00,-3.787940502166748047e+00,-8.739827156066894531e+00,-3.649427413940429688e+00,-8.889178276062011719e+00,-2.980564832687377930e+00,-4.010683059692382812e+00,-3.690580129623413086e+00,8.713638305664062500e+00
-1.834363937377929688e+00,-3.789069652557373047e+00,-8.705881118774414062e+00,-3.676415920257568359e+00,-8.890705108642578125e+00,-2.973015308380126953e+00,-4.000023841857910156e+00,-3.695261478424072266e+00,8.658598899841308594e+00
-1.830960988998413086e+00,-3.788322448730468750e+00,-8.520501136779785156e+00,-3.709385395050048828e+00,-8.878667831420898438e+00,-2.995876312255859375e+00,-4.018935680389404297e+00,-3.684205770492553711e+00,8.633662223815917969e+00
-1.828700304031372070e+00,-3.723897457122802734e+00,-8.796547889709472656e+00,-3.744029045104980469e+00,-8.747224807739257812e+00,-2.900434970855712891e+00,-4.082454204559326172e+00,-3.715884208679199219e+00,8.607089996337890625e+00
-1.825438022613525391e+00,-3.819831371307373047e+00,-8.698838233947753906e+00,-3.714146137237548828e+00,-8.926179885864257812e+00,-3.007812261581420898e+00,-4.006243228912353516e+00,-3.685880661010742188e+00,8.649497032165527344e+00
-1.795789122581481934e+00,-3.779606819152832031e+00,-8.542864799499511719e+00,-3.679021835327148438e+00,-8.851231575012207031e+00,-2.977134466171264648e+00,-4.026379585266113281e+00,-3.638245582580566406e+00,8.706240653991699219e+00
-1.831154823303222656e+00,-3.814906120300292969e+00,-8.646481513977050781e+00,-3.687575340270996094e+00,-8.853420257568359375e+00,-2.962788343429565430e+00,-4.042901039123535156e+00,-3.655905485153198242e+00,8.703645706176757812e+00
-2.088623285293579102e+00,-3.717542648315429688e+00,-8.779335021972656250e+00,-3.978476524353027344e+00,-9.075431823730468750e+00,-3.265101194381713867e+00,-4.001456260681152344e+00,-3.671391248703002930e+00,8.637748718261718750e+00
-1.796105742454528809e+00,-3.808308601379394531e+00,-8.604127883911132812e+00,-3.646980285644531250e+00,-8.969899177551269531e+00,-3.060790777206420898e+00,-3.949497461318969727e+00,-3.693156480789184570e+00,8.676272392272949219e+00
-1.898371815681457520e+00,-3.742628574371337891e+00,-8.852046966552734375e+00,-3.668585777282714844e+00,-8.864107131958007812e+00,-2.992979049682617188e+00,-3.968354701995849609e+00,-3.682314395904541016e+00,8.703988075256347656e+00
-1.837310791015625000e+00,-3.779930591583251953e+00,-8.481171607971191406e+00,-3.655511856079101562e+00,-8.864132881164550781e+00,-3.001255989074707031e+00,-4.003483772277832031e+00,-3.672437429428100586e+00,8.688500404357910156e+00
-1.824149250984191895e+00,-3.739069938659667969e+00,-8.472809791564941406e+00,-3.679181575775146484e+00,-8.826655387878417969e+00,-2.980053186416625977e+00,-3.997720718383789062e+00,-3.654401779174804688e+00,8.660241127014160156e+00
-1.853946924209594727e+00,-3.730503082275390625e+00,-8.898031234741210938e+00,-3.679877758026123047e+00,-8.877521514892578125e+00,-2.972726345062255859e+00,-3.973782300949096680e+00,-3.687288045883178711e+00,8.635639190673828125e+00
-1.817032456398010254e+00,-3.790210723876953125e+00,-8.545667648315429688e+00,-3.727240562438964844e+00,-8.973355293273925781e+00,-3.047119617462158203e+00,-4.013846397399902344e+00,-3.707890987396240234e+00,8.580932617187500000e+00
-1.812974929809570312e+00,-3.713881969451904297e+00,-8.484972000122070312e+00,-3.630105495452880859e+00,-8.859402656555175781e+00,-2.984463214874267578e+00,-3.952130079269409180e+00,-3.584453821182250977e+00,8.709334373474121094e+00
-1.822013258934020996e+00,-3.785402297973632812e+00,-8.452497482299804688e+00,-3.710925102233886719e+00,-8.907832145690917969e+00,-3.006219625473022461e+00,-4.024700164794921875e+00,-3.669179677963256836e+00,8.621617317199707031e+00
-1.811046242713928223e+00,-3.752867698669433594e+00,-8.417206764221191406e+00,-3.689089298248291016e+00,-8.919443130493164062e+00,-3.031038045883178711e+00,-3.974829435348510742e+00,-3.606237888336181641e+00,8.604247093200683594e+00
-1.806688547134399414e+00,-2.816200256347656250e+00,-9.675357818603515625e+00,-3.341304779052734375e+00,-7.711256980895996094e+00,-2.415235280990600586e+00,-3.788721561431884766e+00,-3.045107126235961914e+00,8.646284103393554688e+00
-2.119278907775878906e+00,-2.932872772216796875e+00,-1.021079158782958984e+01,-2.930348396301269531e+00,-6.873837471008300781e+00,-2.162724494934082031e+00,-3.391564369201660156e+00,-3.287806987762451172e+00,9.377317428588867188e+00
-2.382710456848144531e+00,-3.628896236419677734e+00,-9.955483436584472656e+00,-4.430873394012451172e+00,-9.606236457824707031e+00,-4.093863487243652344e+00,-5.827238082885742188e+00,-3.923509120941162109e+00,8.605680465698242188e+00
-1.259896039962768555e+00,-1.615055561065673828e+00,-9.343306541442871094e+00,-2.940418720245361328e+00,-6.051265716552734375e+00,-1.698673963546752930e+00,-3.509749174118041992e+00,-2.141178369522094727e+00,8.518656730651855469e+00
-1.778143525123596191e+00,-3.361038208007812500e+00,-9.209726333618164062e+00,-3.719392299652099609e+00,-8.437295913696289062e+00,-2.615562438964843750e+00,-4.045269489288330078e+00,-3.138335943222045898e+00,8.556911468505859375e+00
-1.685696244239807129e+00,-3.146855831146240234e+00,-9.230228424072265625e+00,-3.700256824493408203e+00,-8.326129913330078125e+00,-2.378187179565429688e+00,-4.045264244079589844e+00,-2.997522354125976562e+00,8.533384323120117188e+00
-1.332482576370239258e+00,-2.166350364685058594e+00,-9.331386566162109375e+00,-3.154648780822753906e+00,-6.506578445434570312e+00,-1.725424289703369141e+00,-3.787426233291625977e+00,-2.312970399856567383e+00,8.544389724731445312e+00
-1.942720532417297363e+00,-2.911992073059082031e+00,-9.779261589050292969e+00,-3.563301086425781250e+00,-8.001387596130371094e+00,-2.426922559738159180e+00,-3.920513868331909180e+00,-3.269407272338867188e+00,8.598695755004882812e+00
-1.353147149085998535e+00,-2.382668972015380859e+00,-9.226965904235839844e+00,-3.435578823089599609e+00,-7.105383872985839844e+00,-2.009288072586059570e+00,-3.901265621185302734e+00,-2.310412883758544922e+00,8.507452011108398438e+00
-1.809843897819519043e+00,-3.184370994567871094e+00,-9.343680381774902344e+00,-3.834564208984375000e+00,-8.069088935852050781e+00,-2.342001676559448242e+00,-4.089568138122558594e+00,-2.958198547363281250e+00,8.493338584899902344e+00
-2.729122400283813477e+00,-4.058482646942138672e+00,-9.171862602233886719e+00,-2.980218887329101562e+00,-6.317128181457519531e+00,-3.372378587722778320e+00,-3.092151165008544922e+00,-3.812453985214233398e+00,9.780991554260253906e+00
-2.962768554687500000e+00,-4.263363361358642578e+00,-9.283454895019531250e+00,-3.168977737426757812e+00,-6.483551025390625000e+00,-3.120153665542602539e+00,-3.279839038848876953e+00,-3.738577842712402344e+00,1.011243152618408203e+01
-2.984997272491455078e+00,-4.323060035705566406e+00,-9.322175979614257812e+00,-3.089004993438720703e+00,-6.319158554077148438e+00,-2.918403148651123047e+00,-3.301150560379028320e+00,-3.847005605697631836e+00,1.015033817291259766e+01
-2.931701183319091797e+00,-4.286036014556884766e+00,-9.445198059082031250e+00,-2.916525363922119141e+00,-6.232752799987792969e+00,-2.869035005569458008e+00,-3.260131120681762695e+00,-3.854356527328491211e+00,1.012745952606201172e+01
-3.466415643692016602e+00,-4.469457149505615234e+00,-1.022199344635009766e+01,-3.501531600952148438e+00,-6.639215469360351562e+00,-3.249595642089843750e+00,-3.485284566879272461e+00,-3.789416790008544922e+00,1.009710788726806641e+01
-2.977141141891479492e+00,-4.262213706970214844e+00,-9.626563072204589844e+00,-3.023330688476562500e+00,-6.303853034973144531e+00,-2.925346851348876953e+00,-3.282464981079101562e+00,-3.880857467651367188e+00,1.014721393585205078e+01
-2.783861398696899414e+00,-4.077884197235107422e+00,-9.455810546875000000e+00,-2.816987037658691406e+00,-6.132737159729003906e+00,-3.020658493041992188e+00,-3.068865060806274414e+00,-3.932663917541503906e+00,9.985836029052734375e+00
-2.991588592529296875e+00,-4.254315376281738281e+00,-9.679849624633789062e+00,-2.951820373535156250e+00,-6.248068809509277344e+00,-2.926332473754882812e+00,-3.264624118804931641e+00,-3.909669160842895508e+00,1.011281013488769531e+01
-2.631113767623901367e+00,-4.044720649719238281e+00,-8.953660011291503906e+00,-2.942763805389404297e+00,-6.399948120117187500e+00,-3.133821249008178711e+00,-3.118787527084350586e+00,-3.434534072875976562e+00,9.919411659240722656e+00
-2.686481714248657227e+00,-4.017679214477539062e+00,-9.122277259826660156e+00,-2.633584260940551758e+00,-5.936980247497558594e+00,-2.868231773376464844e+00,-2.927200078964233398e+00,-3.885856389999389648e+00,1.001687431335449219e+01
-3.157426118850708008e+00,-4.173744678497314453e+00,-1.008148384094238281e+01,-3.532607078552246094e+00,-6.807431221008300781e+00,-3.993291616439819336e+00,-3.219157457351684570e+00,-3.724871873855590820e+00,9.653096199035644531e+00
-2.978268861770629883e+00,-4.079833507537841797e+00,-9.673153877258300781e+00,-3.368950843811035156e+00,-6.620929718017578125e+00,-3.915487289428710938e+00,-3.089900970458984375e+00,-3.721900224685668945e+00,9.656435012817382812e+00
-2.758021593093872070e+00,-3.825557231903076172e+00,-9.597039222717285156e+00,-2.840495586395263672e+00,-6.185164451599121094e+00,-3.411777496337890625e+00,-2.995107173919677734e+00,-4.113892078399658203e+00,9.891906738281250000e+00
-3.193145990371704102e+00,-4.196562290191650391e+00,-1.010572719573974609e+01,-3.503617286682128906e+00,-6.788619041442871094e+00,-3.845717430114746094e+00,-3.285333156585693359e+00,-3.837550163269042969e+00,9.764148712158203125e+00
-2.941847801208496094e+00,-4.117586135864257812e+00,-9.788609504699707031e+00,-3.281701564788818359e+00,-6.598705291748046875e+00,-3.691705703735351562e+00,-3.165261507034301758e+00,-3.826871633529663086e+00,9.768035888671875000e+00
-2.809748411178588867e+00,-4.010307312011718750e+00,-9.466549873352050781e+00,-3.144577503204345703e+00,-6.463386535644531250e+00,-3.655136823654174805e+00,-3.058018922805786133e+00,-3.817612886428833008e+00,9.704477310180664062e+00
-2.786296367645263672e+00,-4.016120433807373047e+00,-9.430209159851074219e+00,-3.052708148956298828e+00,-6.398760795593261719e+00,-3.552009582519531250e+00,-3.051811695098876953e+00,-3.903169631958007812e+00,9.769205093383789062e+00
-2.904911279678344727e+00,-3.198047161102294922e+00,-9.535794258117675781e+00,-2.587867021560668945e+00,-6.052604675292968750e+00,-3.299890518188476562e+00,-2.516500234603881836e+00,-4.510194778442382812e+00,9.692243576049804688e+00
-2.777689933776855469e+00,-3.715095043182373047e+00,-9.517950057983398438e+00,-2.852756023406982422e+00,-6.212280273437500000e+00,-3.530642986297607422e+00,-2.888241052627563477e+00,-4.130365371704101562e+00,9.835886955261230469e+00
-2.669051170349121094e+00,-3.674183845520019531e+00,-9.378969192504882812e+00,-2.580294609069824219e+00,-6.023814201354980469e+00,-3.184684514999389648e+00,-2.771524906158447266e+00,-4.043093204498291016e+00,9.915578842163085938e+00
-2.630609035491943359e+00,-4.107169151306152344e+00,-8.875513076782226562e+00,-2.692452430725097656e+00,-6.038251876831054688e+00,-2.907533168792724609e+00,-3.092871904373168945e+00,-3.828292846679687500e+00,9.984240531921386719e+00
-2.602546453475952148e+00,-4.255733966827392578e+00,-8.956837654113769531e+00,-2.383909225463867188e+00,-5.832463264465332031e+00,-2.428781509399414062e+00,-3.238225221633911133e+00,-3.934631347656250000e+00,1.026018905639648438e+01
-2.451786041259765625e+00,-4.264048576354980469e+00,-8.655837059020996094e+00,-2.589337348937988281e+00,-5.910737991333007812e+00,-2.624373435974121094e+00,-3.073949575424194336e+00,-3.778691053390502930e+00,1.007374572753906250e+01
-2.592652082443237305e+00,-4.266121387481689453e+00,-8.881314277648925781e+00,-2.458714485168457031e+00,-5.913842201232910156e+00,-2.550171613693237305e+00,-3.205388307571411133e+00,-3.920175552368164062e+00,1.020647048950195312e+01
-2.638915777206420898e+00,-4.208216667175292969e+00,-8.826331138610839844e+00,-2.623093605041503906e+00,-5.948966026306152344e+00,-2.765954494476318359e+00,-3.113764047622680664e+00,-3.884832382202148438e+00,1.008389282226562500e+01
-2.490839958190917969e+00,-4.230019569396972656e+00,-8.722916603088378906e+00,-2.508713006973266602e+00,-5.866864204406738281e+00,-2.651338100433349609e+00,-2.993464946746826172e+00,-3.803262710571289062e+00,1.008008098602294922e+01
-2.551212787628173828e+00,-4.198078155517578125e+00,-8.870542526245117188e+00,-2.497841835021972656e+00,-5.850649833679199219e+00,-2.600056648254394531e+00,-3.052942037582397461e+00,-3.797191143035888672e+00,1.011679649353027344e+01
-2.364803075790405273e+00,-4.206216335296630859e+00,-8.749417304992675781e+00,-2.595987558364868164e+00,-5.944198608398437500e+00,-2.649401187896728516e+00,-3.146283864974975586e+00,-3.779345989227294922e+00,1.005360126495361328e+01
-2.567239999771118164e+00,-4.193135738372802734e+00,-9.057746887207031250e+00,-2.476119518280029297e+00,-5.931091308593750000e+00,-2.594457626342773438e+00,-3.121812105178833008e+00,-3.832076787948608398e+00,1.010745048522949219e+01
-2.540914535522460938e+00,-4.185173511505126953e+00,-9.057256698608398438e+00,-2.419477939605712891e+00,-5.845931053161621094e+00,-2.482428550720214844e+00,-3.105223655700683594e+00,-3.802975177764892578e+00,1.017117500305175781e+01
-2.967631101608276367e+00,-3.626510143280029297e+00,-9.435605049133300781e+00,-2.476706504821777344e+00,-6.038549423217773438e+00,-2.976037979125976562e+00,-3.169950485229492188e+00,-4.131919860839843750e+00,1.016936874389648438e+01
-3.082688570022583008e+00,-3.774961471557617188e+00,-9.415083885192871094e+00,-2.587240219116210938e+00,-6.152077674865722656e+00,-3.069903135299682617e+00,-3.310421705245971680e+00,-4.138195514678955078e+00,1.021032047271728516e+01
-2.941740036010742188e+00,-3.912877082824707031e+00,-9.709433555603027344e+00,-2.510270595550537109e+00,-5.985184669494628906e+00,-2.810469150543212891e+00,-3.176619768142700195e+00,-3.940238475799560547e+00,1.021686649322509766e+01
-2.939139842987060547e+00,-3.984742641448974609e+00,-9.408082008361816406e+00,-2.570174694061279297e+00,-6.050015449523925781e+00,-2.848520040512084961e+00,-3.258690834045410156e+00,-3.912509918212890625e+00,1.022249317169189453e+01
-2.964564800262451172e+00,-3.846417427062988281e+00,-9.384324073791503906e+00,-2.531167507171630859e+00,-6.095440864562988281e+00,-2.967327833175659180e+00,-3.246291637420654297e+00,-3.985573291778564453e+00,1.016769123077392578e+01
-2.820086479187011719e+00,-4.056926250457763672e+00,-9.417529106140136719e+00,-2.456662654876708984e+00,-5.945114135742187500e+00,-2.655583858489990234e+00,-3.185646533966064453e+00,-3.887583255767822266e+00,1.026913928985595703e+01
-2.747259140014648438e+00,-3.996618747711181641e+00,-9.543515205383300781e+00,-2.400059461593627930e+00,-5.883111953735351562e+00,-2.619015216827392578e+00,-3.096671342849731445e+00,-3.847427606582641602e+00,1.022847843170166016e+01
-3.012810468673706055e+00,-3.660511493682861328e+00,-9.306723594665527344e+00,-2.423150539398193359e+00,-6.176888465881347656e+00,-3.054340124130249023e+00,-3.267723321914672852e+00,-4.141769409179687500e+00,1.018862247467041016e+01
-2.826662540435791016e+00,-4.016499519348144531e+00,-9.360564231872558594e+00,-2.451360940933227539e+00,-5.956398963928222656e+00,-2.686755180358886719e+00,-3.158601999282836914e+00,-3.877419948577880859e+00,1.025318050384521484e+01
-2.778284311294555664e+00,-4.043254375457763672e+00,-9.613143920898437500e+00,-2.436765193939208984e+00,-5.885522842407226562e+00,-2.623618602752685547e+00,-3.106808900833129883e+00,-3.831233739852905273e+00,1.024396896362304688e+01
-3.731581926345825195e+00,-4.424365997314453125e+00,-1.048006153106689453e+01,-4.100222587585449219e+00,-7.233282089233398438e+00,-4.265701293945312500e+00,-3.769272327423095703e+00,-4.041888236999511719e+00,9.589478492736816406e+00
-3.120277643203735352e+00,-4.236299514770507812e+00,-9.765744209289550781e+00,-3.201822280883789062e+00,-6.470346450805664062e+00,-3.672091245651245117e+00,-3.469054460525512695e+00,-4.051910877227783203e+00,9.908765792846679688e+00
-2.982512235641479492e+00,-3.968344211578369141e+00,-9.714807510375976562e+00,-3.165659427642822266e+00,-6.381438255310058594e+00,-3.868559837341308594e+00,-3.274104833602905273e+00,-4.160615444183349609e+00,9.793556213378906250e+00
-2.660152673721313477e+00,-4.213749885559082031e+00,-9.101551055908203125e+00,-2.481518745422363281e+00,-5.993365287780761719e+00,-2.631493806838989258e+00,-3.296001434326171875e+00,-3.950589179992675781e+00,1.021245002746582031e+01
-2.631129503250122070e+00,-4.206005573272705078e+00,-9.042208671569824219e+00,-2.383969306945800781e+00,-5.938495635986328125e+00,-2.504919528961181641e+00,-3.290101528167724609e+00,-3.955843210220336914e+00,1.026139736175537109e+01
-2.730801343917846680e+00,-4.000164985656738281e+00,-9.481289863586425781e+00,-2.676126241683959961e+00,-5.929183959960937500e+00,-2.985166549682617188e+00,-3.312960863113403320e+00,-3.986432075500488281e+00,1.013930988311767578e+01
-2.607262611389160156e+00,-4.241954803466796875e+00,-9.048921585083007812e+00,-2.352221250534057617e+00,-5.927881240844726562e+00,-2.479171276092529297e+00,-3.292762279510498047e+00,-3.910316228866577148e+00,1.027302551269531250e+01
-2.607708454132080078e+00,-4.238214969635009766e+00,-9.030136108398437500e+00,-2.352969646453857422e+00,-5.918356895446777344e+00,-2.494301557540893555e+00,-3.268119096755981445e+00,-3.888321876525878906e+00,1.025927448272705078e+01
-2.617055416107177734e+00,-4.222360134124755859e+00,-9.242456436157226562e+00,-2.315795183181762695e+00,-5.907401084899902344e+00,-2.344973087310791016e+00,-3.290568351745605469e+00,-3.838119268417358398e+00,1.030659961700439453e+01
-2.622752189636230469e+00,-4.206326007843017578e+00,-9.167376518249511719e+00,-2.335058450698852539e+00,-5.916584968566894531e+00,-2.513390064239501953e+00,-3.274472236633300781e+00,-3.864875555038452148e+00,1.028916168212890625e+01
-2.599655389785766602e+00,-4.146070957183837891e+00,-9.128509521484375000e+00,-2.419887304306030273e+00,-5.951733589172363281e+00,-2.605320930480957031e+00,-3.199472904205322266e+00,-3.804770231246948242e+00,1.019939136505126953e+01
-2.591408252716064453e+00,-4.086165904998779297e+00,-9.237172126770019531e+00,-2.345369338989257812e+00,-5.897009849548339844e+00,-2.553453445434570312e+00,-3.173470258712768555e+00,-3.818322658538818359e+00,1.022462177276611328e+01
-2.555906534194946289e+00,-4.091705799102783203e+00,-9.285042762756347656e+00,-2.413997411727905273e+00,-5.930766105651855469e+00,-2.599813938140869141e+00,-3.168846845626831055e+00,-3.772365093231201172e+00,1.020674705505371094e+01
-2.534716367721557617e+00,-4.054679870605468750e+00,-9.452817916870117188e+00,-2.420580863952636719e+00,-5.942970275878906250e+00,-2.640219688415527344e+00,-3.113669395446777344e+00,-3.838227272033691406e+00,1.019179725646972656e+01
-2.604855060577392578e+00,-4.068080902099609375e+00,-9.237709999084472656e+00,-2.343330860137939453e+00,-5.869461059570312500e+00,-2.508180856704711914e+00,-3.209984302520751953e+00,-3.820052385330200195e+00,1.025528526306152344e+01
-2.567766427993774414e+00,-4.073384761810302734e+00,-9.155959129333496094e+00,-2.373040437698364258e+00,-5.893611907958984375e+00,-2.577124357223510742e+00,-3.119975328445434570e+00,-3.801774978637695312e+00,1.016364002227783203e+01
-2.586645841598510742e+00,-4.087083816528320312e+00,-9.216175079345703125e+00,-2.334964752197265625e+00,-5.862869262695312500e+00,-2.500690937042236328e+00,-3.170135021209716797e+00,-3.823981523513793945e+00,1.022748088836669922e+01
-2.581621170043945312e+00,-4.082890987396240234e+00,-9.245198249816894531e+00,-2.359445571899414062e+00,-5.885723114013671875e+00,-2.511697530746459961e+00,-3.140568494796752930e+00,-3.790265321731567383e+00,1.019329166412353516e+01
-2.585614204406738281e+00,-4.111608028411865234e+00,-9.247292518615722656e+00,-2.372847080230712891e+00,-5.881422042846679688e+00,-2.499350070953369141e+00,-3.146914958953857422e+00,-3.785446405410766602e+00,1.018755054473876953e+01
-2.579084634780883789e+00,-4.118224143981933594e+00,-9.141379356384277344e+00,-2.420711994171142578e+00,-5.911911964416503906e+00,-2.557420730590820312e+00,-3.153153657913208008e+00,-3.766767263412475586e+00,1.015950870513916016e+01
-4.334791660308837891e+00,-4.638339519500732422e+00,-1.031000995635986328e+01,-4.704787731170654297e+00,-7.907515525817871094e+00,-3.745825529098510742e+00,-4.133743762969970703e+00,-3.680042266845703125e+00,9.671111106872558594e+00
-4.302167892456054688e+00,-4.430899143218994141e+00,-1.118956661224365234e+01,-4.327759742736816406e+00,-7.183629035949707031e+00,-3.320950508117675781e+00,-3.861451387405395508e+00,-3.684653520584106445e+00,9.976851463317871094e+00
-4.175809860229492188e+00,-4.418237686157226562e+00,-1.092387199401855469e+01,-4.249190807342529297e+00,-7.223329544067382812e+00,-3.559596061706542969e+00,-3.737035036087036133e+00,-3.702479839324951172e+00,9.851716041564941406e+00
-4.229105472564697266e+00,-4.539801120758056641e+00,-1.098483085632324219e+01,-4.334064006805419922e+00,-7.038984298706054688e+00,-3.244445323944091797e+00,-3.951149702072143555e+00,-3.512522935867309570e+00,9.919907569885253906e+00
-4.006309032440185547e+00,-4.453440189361572266e+00,-1.039869880676269531e+01,-4.143686771392822266e+00,-7.253221511840820312e+00,-3.550569057464599609e+00,-3.712532520294189453e+00,-3.844052553176879883e+00,9.834645271301269531e+00
-4.121538162231445312e+00,-4.415030479431152344e+00,-1.045411205291748047e+01,-4.263651847839355469e+00,-7.291730880737304688e+00,-3.652448415756225586e+00,-3.798151731491088867e+00,-3.882135868072509766e+00,9.822133064270019531e+00
-3.929711103439331055e+00,-4.464947700500488281e+00,-1.038187313079833984e+01,-4.007800102233886719e+00,-7.074959754943847656e+00,-3.411962509155273438e+00,-3.699075460433959961e+00,-3.853055000305175781e+00,9.909646987915039062e+00
-4.109585285186767578e+00,-4.394913196563720703e+00,-1.037153816223144531e+01,-4.279423713684082031e+00,-7.331477165222167969e+00,-3.625410079956054688e+00,-3.823775291442871094e+00,-3.872048616409301758e+00,9.834480285644531250e+00
-3.953293561935424805e+00,-4.469024181365966797e+00,-1.029019355773925781e+01,-4.256785392761230469e+00,-7.138785362243652344e+00,-3.699091672897338867e+00,-3.932890415191650391e+00,-3.885884761810302734e+00,9.834318161010742188e+00
-4.128959178924560547e+00,-4.431086063385009766e+00,-1.044553565979003906e+01,-4.262093544006347656e+00,-7.257059097290039062e+00,-3.599595546722412109e+00,-3.792865753173828125e+00,-3.863576173782348633e+00,9.814727783203125000e+00
-3.092137575149536133e+00,-4.352128505706787109e+00,-9.811210632324218750e+00,-3.396695137023925781e+00,-6.901594161987304688e+00,-3.690496444702148438e+00,-3.331117153167724609e+00,-3.848207950592041016e+00,9.829618453979492188e+00
-3.914538860321044922e+00,-4.665007591247558594e+00,-1.033175468444824219e+01,-4.218072414398193359e+00,-7.476737976074218750e+00,-4.284482002258300781e+00,-3.848217964172363281e+00,-3.895878791809082031e+00,9.606616020202636719e+00
-2.834339857101440430e+00,-4.292924404144287109e+00,-9.675909996032714844e+00,-3.193297386169433594e+00,-6.698473930358886719e+00,-3.548721075057983398e+00,-3.269969701766967773e+00,-3.698841571807861328e+00,9.881556510925292969e+00
-2.580973148345947266e+00,-4.331423759460449219e+00,-9.285654067993164062e+00,-2.701211929321289062e+00,-6.218349456787109375e+00,-2.781795024871826172e+00,-3.294829845428466797e+00,-3.805915117263793945e+00,1.015794277191162109e+01
-2.554702043533325195e+00,-4.329991340637207031e+00,-9.185198783874511719e+00,-2.610615253448486328e+00,-6.011787414550781250e+00,-2.527196884155273438e+00,-3.249504804611206055e+00,-3.883433818817138672e+00,1.025391387939453125e+01
-2.552526473999023438e+00,-4.282723903656005859e+00,-9.271080970764160156e+00,-2.529468536376953125e+00,-6.053495407104492188e+00,-2.505409002304077148e+00,-3.193132162094116211e+00,-3.780151605606079102e+00,1.022716903686523438e+01
-2.553845167160034180e+00,-4.248071670532226562e+00,-9.151263236999511719e+00,-2.392099618911743164e+00,-5.964091300964355469e+00,-2.399376630783081055e+00,-3.224557876586914062e+00,-3.830064773559570312e+00,1.029499053955078125e+01
-2.751693725585937500e+00,-4.273944854736328125e+00,-8.961498260498046875e+00,-2.945831775665283203e+00,-6.127643585205078125e+00,-2.691936492919921875e+00,-3.381389141082763672e+00,-3.874475717544555664e+00,1.010854053497314453e+01
-2.534149169921875000e+00,-4.275990962982177734e+00,-9.066289901733398438e+00,-2.462242603302001953e+00,-5.917830467224121094e+00,-2.438622236251831055e+00,-3.175271749496459961e+00,-3.851555824279785156e+00,1.024445915222167969e+01
-2.562924385070800781e+00,-4.264713287353515625e+00,-8.982450485229492188e+00,-2.443830490112304688e+00,-5.902519226074218750e+00,-2.433565616607666016e+00,-3.224986314773559570e+00,-3.917925834655761719e+00,1.027574253082275391e+01
-2.561689853668212891e+00,-4.222787857055664062e+00,-9.172114372253417969e+00,-2.367708206176757812e+00,-5.838968276977539062e+00,-2.373240709304809570e+00,-3.138190507888793945e+00,-3.817956447601318359e+00,1.020321559906005859e+01
-2.598476886749267578e+00,-4.226151943206787109e+00,-9.305418968200683594e+00,-2.336122512817382812e+00,-5.862580299377441406e+00,-2.279181480407714844e+00,-3.239404916763305664e+00,-3.801636457443237305e+00,1.027928543090820312e+01
-2.570309877395629883e+00,-4.237989902496337891e+00,-9.144925117492675781e+00,-2.373012542724609375e+00,-5.817280769348144531e+00,-2.336939334869384766e+00,-3.176909446716308594e+00,-3.845875978469848633e+00,1.024971866607666016e+01
-2.614251375198364258e+00,-4.187305927276611328e+00,-9.291824340820312500e+00,-2.340135097503662109e+00,-5.825429916381835938e+00,-2.322935581207275391e+00,-3.209608078002929688e+00,-3.842623710632324219e+00,1.027342891693115234e+01
-2.599085569381713867e+00,-4.212712764739990234e+00,-9.207432746887207031e+00,-2.378911256790161133e+00,-5.834940910339355469e+00,-2.333379268646240234e+00,-3.229554891586303711e+00,-3.834354162216186523e+00,1.024647426605224609e+01
-2.567135095596313477e+00,-4.178894519805908203e+00,-9.257916450500488281e+00,-2.342821836471557617e+00,-5.803706169128417969e+00,-2.368190765380859375e+00,-3.132597684860229492e+00,-3.799868822097778320e+00,1.019609928131103516e+01
-2.618289947509765625e+00,-4.164524078369140625e+00,-9.187589645385742188e+00,-2.364117145538330078e+00,-5.800101280212402344e+00,-2.398970842361450195e+00,-3.204054117202758789e+00,-3.860294580459594727e+00,1.021357345581054688e+01
-2.598783969879150391e+00,-4.176635265350341797e+00,-9.359083175659179688e+00,-2.315154075622558594e+00,-5.829355239868164062e+00,-2.344200134277343750e+00,-3.191895723342895508e+00,-3.788803815841674805e+00,1.022820281982421875e+01
-2.545972824096679688e+00,-4.148493766784667969e+00,-9.115239143371582031e+00,-2.388760566711425781e+00,-5.821534156799316406e+00,-2.471599817276000977e+00,-3.149622678756713867e+00,-3.755824565887451172e+00,1.013929080963134766e+01
-2.605354070663452148e+00,-4.099878311157226562e+00,-9.527319908142089844e+00,-2.338130950927734375e+00,-5.809870719909667969e+00,-2.408437013626098633e+00,-3.139368534088134766e+00,-3.788459300994873047e+00,1.022242832183837891e+01
-3.329566955566406250e+00,-3.785031795501708984e+00,-9.599659919738769531e+00,-3.222935676574707031e+00,-6.601928710937500000e+00,-3.428122520446777344e+00,-3.612071752548217773e+00,-4.161122322082519531e+00,9.992884635925292969e+00
-3.470135927200317383e+00,-3.889970302581787109e+00,-9.667775154113769531e+00,-3.455214500427246094e+00,-6.806923866271972656e+00,-3.776768207550048828e+00,-3.673742294311523438e+00,-4.056002616882324219e+00,9.933922767639160156e+00
-3.646809101104736328e+00,-3.672381401062011719e+00,-9.845998764038085938e+00,-3.596930027008056641e+00,-7.004757881164550781e+00,-3.890898466110229492e+00,-3.893423080444335938e+00,-4.481002330780029297e+00,9.887101173400878906e+00
-3.398566007614135742e+00,-3.831789016723632812e+00,-9.635750770568847656e+00,-3.256169795989990234e+00,-6.650195121765136719e+00,-3.444184064865112305e+00,-3.676015138626098633e+00,-4.164587497711181641e+00,1.002439308166503906e+01
-3.766388654708862305e+00,-3.717025279998779297e+00,-9.524764060974121094e+00,-3.635421276092529297e+00,-7.049436569213867188e+00,-4.194361686706542969e+00,-4.061095237731933594e+00,-4.499316692352294922e+00,9.988412857055664062e+00
-3.104810237884521484e+00,-3.963658809661865234e+00,-9.258151054382324219e+00,-2.806502819061279297e+00,-6.259425163269042969e+00,-3.118249654769897461e+00,-3.426275968551635742e+00,-3.985202550888061523e+00,1.025113391876220703e+01
-3.680305719375610352e+00,-3.888088226318359375e+00,-9.474639892578125000e+00,-3.501550197601318359e+00,-6.914804458618164062e+00,-3.975021839141845703e+00,-4.002633571624755859e+00,-4.394584655761718750e+00,1.013105964660644531e+01
-2.618039608001708984e+00,-3.960576057434082031e+00,-9.383090019226074219e+00,-2.254192352294921875e+00,-5.744073867797851562e+00,-2.479919433593750000e+00,-3.047013044357299805e+00,-3.839355468750000000e+00,1.022780513763427734e+01
-2.733881235122680664e+00,-4.135350227355957031e+00,-9.534416198730468750e+00,-2.387587070465087891e+00,-5.928464889526367188e+00,-2.424800872802734375e+00,-3.215157508850097656e+00,-3.820577621459960938e+00,1.028416919708251953e+01
-2.929957866668701172e+00,-3.836188316345214844e+00,-9.738338470458984375e+00,-2.530951499938964844e+00,-5.994021415710449219e+00,-2.754400014877319336e+00,-3.172605514526367188e+00,-4.083390235900878906e+00,1.019278430938720703e+01
-2.709693908691406250e+00,-4.203030109405517578e+00,-9.046771049499511719e+00,-2.439779758453369141e+00,-5.866471290588378906e+00,-2.498679161071777344e+00,-3.260235071182250977e+00,-3.942044019699096680e+00,1.022748470306396484e+01
-2.743320703506469727e+00,-4.187200069427490234e+00,-9.282508850097656250e+00,-2.418241500854492188e+00,-5.902795791625976562e+00,-2.483357906341552734e+00,-3.216340303421020508e+00,-3.882383823394775391e+00,1.021622467041015625e+01
-2.669564962387084961e+00,-4.204528331756591797e+00,-9.026237487792968750e+00,-2.452511787414550781e+00,-5.888318061828613281e+00,-2.516339063644409180e+00,-3.184430360794067383e+00,-3.881696462631225586e+00,1.018187427520751953e+01
-2.724264860153198242e+00,-4.204530239105224609e+00,-8.995779991149902344e+00,-2.526847839355468750e+00,-5.919174194335937500e+00,-2.618813276290893555e+00,-3.224287033081054688e+00,-3.894224643707275391e+00,1.016440963745117188e+01
-2.766867876052856445e+00,-4.221475124359130859e+00,-9.003069877624511719e+00,-2.562013864517211914e+00,-5.891306877136230469e+00,-2.590939760208129883e+00,-3.212783336639404297e+00,-3.938839435577392578e+00,1.018839931488037109e+01
-2.653866529464721680e+00,-4.173420429229736328e+00,-9.081686973571777344e+00,-2.465568304061889648e+00,-5.910846710205078125e+00,-2.542612314224243164e+00,-3.179765701293945312e+00,-3.869880914688110352e+00,1.017305088043212891e+01
-2.595833778381347656e+00,-4.143556118011474609e+00,-9.107620239257812500e+00,-2.494113445281982422e+00,-5.967074394226074219e+00,-2.672811031341552734e+00,-3.165087461471557617e+00,-3.801329612731933594e+00,1.014139556884765625e+01
-2.636219501495361328e+00,-4.165947914123535156e+00,-9.213224411010742188e+00,-2.367115020751953125e+00,-5.871608734130859375e+00,-2.426592826843261719e+00,-3.223051071166992188e+00,-3.827888488769531250e+00,1.024820804595947266e+01
-2.803427457809448242e+00,-4.210737228393554688e+00,-9.074145317077636719e+00,-2.583776473999023438e+00,-5.944698333740234375e+00,-2.669658660888671875e+00,-3.271131515502929688e+00,-3.903672695159912109e+00,1.018593978881835938e+01
-2.594335317611694336e+00,-4.140933990478515625e+00,-8.943459510803222656e+00,-2.474237680435180664e+00,-5.883908271789550781e+00,-2.614869832992553711e+00,-3.098249912261962891e+00,-3.818723678588867188e+00,1.012610435485839844e+01
-2.690364599227905273e+00,-4.167755126953125000e+00,-9.148933410644531250e+00,-2.723427772521972656e+00,-6.170437812805175781e+00,-2.992609500885009766e+00,-3.182315587997436523e+00,-3.811103105545043945e+00,1.004511642456054688e+01
-2.734397649765014648e+00,-4.173176765441894531e+00,-9.165861129760742188e+00,-2.728491783142089844e+00,-6.117870330810546875e+00,-3.043730974197387695e+00,-3.298316478729248047e+00,-3.842778444290161133e+00,1.016444683074951172e+01
-2.839077711105346680e+00,-4.273634910583496094e+00,-9.355661392211914062e+00,-2.960847854614257812e+00,-6.410188674926757812e+00,-3.333786725997924805e+00,-3.230574131011962891e+00,-3.725272655487060547e+00,9.991184234619140625e+00
-2.666840076446533203e+00,-4.153008937835693359e+00,-9.085838317871093750e+00,-2.647940158843994141e+00,-6.126495361328125000e+00,-2.993158578872680664e+00,-3.207257747650146484e+00,-3.817888021469116211e+00,1.010479545593261719e+01
-2.577369689941406250e+00,-4.134061813354492188e+00,-9.230912208557128906e+00,-2.455846786499023438e+00,-5.979457855224609375e+00,-2.660330533981323242e+00,-3.199632883071899414e+00,-3.782874822616577148e+00,1.017207527160644531e+01
-2.665319442749023438e+00,-4.155900001525878906e+00,-9.062945365905761719e+00,-2.722625255584716797e+00,-6.172956466674804688e+00,-3.020192623138427734e+00,-3.170594930648803711e+00,-3.770783424377441406e+00,1.003357124328613281e+01
-2.677008390426635742e+00,-4.103630542755126953e+00,-8.961659431457519531e+00,-2.760350227355957031e+00,-6.125168800354003906e+00,-3.093749046325683594e+00,-3.116308927536010742e+00,-3.815461874008178711e+00,9.960219383239746094e+00
-2.615542173385620117e+00,-4.180518627166748047e+00,-9.085089683532714844e+00,-2.374850273132324219e+00,-5.935924530029296875e+00,-2.531187295913696289e+00,-3.269456624984741211e+00,-3.852581977844238281e+00,1.026335716247558594e+01
-2.591888666152954102e+00,-4.183645725250244141e+00,-9.153969764709472656e+00,-2.481229305267333984e+00,-5.983613967895507812e+00,-2.670527935028076172e+00,-3.188186407089233398e+00,-3.824773788452148438e+00,1.016969108581542969e+01
-2.672616481781005859e+00,-4.109482765197753906e+00,-9.118276596069335938e+00,-2.641366958618164062e+00,-6.087444305419921875e+00,-2.975282669067382812e+00,-3.205683469772338867e+00,-3.851422071456909180e+00,1.013595867156982422e+01
-2.695478677749633789e+00,-4.339066028594970703e+00,-9.479083061218261719e+00,-2.748966455459594727e+00,-6.119049072265625000e+00,-2.701367378234863281e+00,-3.318156242370605469e+00,-3.923327445983886719e+00,1.017033958435058594e+01
-2.798522472381591797e+00,-4.326062679290771484e+00,-9.575135231018066406e+00,-2.904771804809570312e+00,-6.254584312438964844e+00,-2.907303571701049805e+00,-3.354428052902221680e+00,-3.881237983703613281e+00,1.008176708221435547e+01
-2.576205492019653320e+00,-4.317857265472412109e+00,-9.235150337219238281e+00,-2.576377868652343750e+00,-5.985797882080078125e+00,-2.492007970809936523e+00,-3.248312711715698242e+00,-3.903024435043334961e+00,1.021239566802978516e+01
-2.643046140670776367e+00,-4.320218086242675781e+00,-9.375319480895996094e+00,-2.711372852325439453e+00,-6.017283439636230469e+00,-2.473592281341552734e+00,-3.285745620727539062e+00,-3.874701023101806641e+00,1.023429012298583984e+01
-2.628417491912841797e+00,-4.310753345489501953e+00,-9.431688308715820312e+00,-2.678018093109130859e+00,-6.067714691162109375e+00,-2.650591611862182617e+00,-3.243347406387329102e+00,-3.897252559661865234e+00,1.015162658691406250e+01
-2.538939714431762695e+00,-4.340632915496826172e+00,-9.264276504516601562e+00,-2.593243598937988281e+00,-5.972371101379394531e+00,-2.464268207550048828e+00,-3.222473382949829102e+00,-3.875446557998657227e+00,1.022466564178466797e+01
-2.715440034866333008e+00,-4.299622535705566406e+00,-9.398839950561523438e+00,-2.819803476333618164e+00,-6.161276817321777344e+00,-2.801162958145141602e+00,-3.302924156188964844e+00,-3.866302490234375000e+00,1.013088607788085938e+01
-2.483572721481323242e+00,-4.330012798309326172e+00,-9.097150802612304688e+00,-2.594852685928344727e+00,-5.963040351867675781e+00,-2.427157402038574219e+00,-3.218895912170410156e+00,-3.885728836059570312e+00,1.026811122894287109e+01
-2.443410396575927734e+00,-4.340831279754638672e+00,-9.153614997863769531e+00,-2.602105140686035156e+00,-5.981957435607910156e+00,-2.416934013366699219e+00,-3.235826730728149414e+00,-3.868967533111572266e+00,1.025416660308837891e+01
-2.530047893524169922e+00,-4.301665782928466797e+00,-9.320609092712402344e+00,-2.514792680740356445e+00,-5.922908782958984375e+00,-2.324732780456542969e+00,-3.214030504226684570e+00,-3.875263929367065430e+00,1.025927162170410156e+01
-2.606331348419189453e+00,-4.217201232910156250e+00,-9.112513542175292969e+00,-2.345144748687744141e+00,-5.932103157043457031e+00,-2.460899353027343750e+00,-3.284648895263671875e+00,-3.847905874252319336e+00,1.028878879547119141e+01
-2.617540597915649414e+00,-4.204821586608886719e+00,-9.008312225341796875e+00,-2.357969284057617188e+00,-5.896809577941894531e+00,-2.505116224288940430e+00,-3.284059047698974609e+00,-3.908395051956176758e+00,1.028907871246337891e+01
-2.585004806518554688e+00,-4.248947143554687500e+00,-9.037657737731933594e+00,-2.411889791488647461e+00,-5.974753379821777344e+00,-2.549332380294799805e+00,-3.245302677154541016e+00,-3.817300081253051758e+00,1.023136425018310547e+01
-2.604618549346923828e+00,-4.224327087402343750e+00,-9.218504905700683594e+00,-2.351348876953125000e+00,-5.944234848022460938e+00,-2.421286582946777344e+00,-3.280360460281372070e+00,-3.822031497955322266e+00,1.028216648101806641e+01
-2.578617334365844727e+00,-4.204957485198974609e+00,-9.023787498474121094e+00,-2.418981552124023438e+00,-5.954699516296386719e+00,-2.601881742477416992e+00,-3.198359251022338867e+00,-3.822129726409912109e+00,1.018440437316894531e+01
-2.598391532897949219e+00,-4.190810203552246094e+00,-9.195884704589843750e+00,-2.321205854415893555e+00,-5.874320030212402344e+00,-2.350491046905517578e+00,-3.289016962051391602e+00,-3.834150552749633789e+00,1.028206348419189453e+01
-2.608639478683471680e+00,-4.187344551086425781e+00,-9.188334465026855469e+00,-2.330694198608398438e+00,-5.911621093750000000e+00,-2.416314601898193359e+00,-3.285897731781005859e+00,-3.839754581451416016e+00,1.028787422180175781e+01
-2.611448764801025391e+00,-4.198074817657470703e+00,-9.262575149536132812e+00,-2.331171989440917969e+00,-5.898621559143066406e+00,-2.338695526123046875e+00,-3.298438310623168945e+00,-3.826328992843627930e+00,1.030073738098144531e+01
-2.597325801849365234e+00,-4.181503295898437500e+00,-8.919116020202636719e+00,-2.406537532806396484e+00,-5.863632202148437500e+00,-2.551409959793090820e+00,-3.184215068817138672e+00,-3.882372617721557617e+00,1.018664264678955078e+01
-2.618764162063598633e+00,-4.175870895385742188e+00,-9.063141822814941406e+00,-2.354117155075073242e+00,-5.865119934082031250e+00,-2.443290233612060547e+00,-3.279977321624755859e+00,-3.907568216323852539e+00,1.028970718383789062e+01
-2.626141548156738281e+00,-4.070335388183593750e+00,-9.082592964172363281e+00,-2.451063156127929688e+00,-5.927818298339843750e+00,-2.745035886764526367e+00,-3.205521821975708008e+00,-3.862727880477905273e+00,1.024754810333251953e+01
-2.617709398269653320e+00,-4.020456790924072266e+00,-9.036153793334960938e+00,-2.406742095947265625e+00,-5.894948005676269531e+00,-2.704852104187011719e+00,-3.169478654861450195e+00,-3.876672983169555664e+00,1.021835231781005859e+01
-2.659925222396850586e+00,-4.102954864501953125e+00,-9.077613830566406250e+00,-2.341151237487792969e+00,-5.882039070129394531e+00,-2.576211214065551758e+00,-3.251560688018798828e+00,-3.920413255691528320e+00,1.032108974456787109e+01
-2.638358592987060547e+00,-4.063304901123046875e+00,-9.094248771667480469e+00,-2.398362159729003906e+00,-5.845471382141113281e+00,-2.726566076278686523e+00,-3.085086822509765625e+00,-3.908520221710205078e+00,1.014106178283691406e+01
-2.550599575042724609e+00,-3.983373641967773438e+00,-9.368148803710937500e+00,-2.406501054763793945e+00,-5.902148246765136719e+00,-2.689123868942260742e+00,-3.121979475021362305e+00,-3.874516963958740234e+00,1.021134662628173828e+01
-2.569443702697753906e+00,-4.059599399566650391e+00,-9.111977577209472656e+00,-2.397245883941650391e+00,-5.889410018920898438e+00,-2.675822973251342773e+00,-3.114734411239624023e+00,-3.809953927993774414e+00,1.014765644073486328e+01
-2.587367296218872070e+00,-4.024417400360107422e+00,-9.327052116394042969e+00,-2.311880826950073242e+00,-5.850758552551269531e+00,-2.493580818176269531e+00,-3.183762788772583008e+00,-3.844006299972534180e+00,1.028061008453369141e+01
-2.587088823318481445e+00,-4.038035392761230469e+00,-9.191734313964843750e+00,-2.338087558746337891e+00,-5.850691795349121094e+00,-2.506772756576538086e+00,-3.163244247436523438e+00,-3.835414886474609375e+00,1.023257732391357422e+01
-2.626675844192504883e+00,-4.037205696105957031e+00,-9.096985816955566406e+00,-2.380609273910522461e+00,-5.915935516357421875e+00,-2.702058553695678711e+00,-3.174242734909057617e+00,-3.885387182235717773e+00,1.026109600067138672e+01
-2.617997407913208008e+00,-4.065206050872802734e+00,-8.994942665100097656e+00,-2.384288311004638672e+00,-5.837556838989257812e+00,-2.578067541122436523e+00,-3.169262170791625977e+00,-3.911142826080322266e+00,1.021920013427734375e+01
-3.849562168121337891e+00,-3.756434917449951172e+00,-9.873944282531738281e+00,-4.018338203430175781e+00,-7.334565162658691406e+00,-4.549066066741943359e+00,-4.222512245178222656e+00,-4.718091964721679688e+00,9.864139556884765625e+00
-3.346745729446411133e+00,-3.321637153625488281e+00,-9.754757881164550781e+00,-2.914913177490234375e+00,-6.265169143676757812e+00,-3.717566251754760742e+00,-3.290434598922729492e+00,-4.615688800811767578e+00,1.000302219390869141e+01
-3.303512573242187500e+00,-3.479547500610351562e+00,-9.934622764587402344e+00,-2.808099508285522461e+00,-6.050926208496093750e+00,-3.566089630126953125e+00,-3.128248691558837891e+00,-4.523921489715576172e+00,1.003846454620361328e+01
-2.978209495544433594e+00,-3.837100982666015625e+00,-9.538637161254882812e+00,-2.865787982940673828e+00,-6.128168106079101562e+00,-3.294471979141235352e+00,-3.189406394958496094e+00,-3.905423879623413086e+00,1.006884288787841797e+01
-3.097178220748901367e+00,-3.806282043457031250e+00,-9.750748634338378906e+00,-2.881696224212646484e+00,-6.126662254333496094e+00,-3.395887374877929688e+00,-3.243047714233398438e+00,-4.138920783996582031e+00,1.009940719604492188e+01
-2.746872901916503906e+00,-3.497339725494384766e+00,-9.905121803283691406e+00,-2.311972618103027344e+00,-5.920011520385742188e+00,-3.124893903732299805e+00,-2.680799245834350586e+00,-4.273138046264648438e+00,9.945906639099121094e+00
-2.591641426086425781e+00,-3.961185932159423828e+00,-9.319625854492187500e+00,-2.313006401062011719e+00,-5.922656059265136719e+00,-2.720573186874389648e+00,-3.029359102249145508e+00,-3.882090091705322266e+00,1.022363090515136719e+01
-2.492040157318115234e+00,-3.455177783966064453e+00,-9.369459152221679688e+00,-2.004534721374511719e+00,-5.711605072021484375e+00,-2.812429904937744141e+00,-2.600869178771972656e+00,-3.825367450714111328e+00,1.007933521270751953e+01
-2.544314622879028320e+00,-3.786156177520751953e+00,-9.238651275634765625e+00,-2.268983364105224609e+00,-5.852085113525390625e+00,-2.763581752777099609e+00,-2.903554916381835938e+00,-3.829090356826782227e+00,1.017572021484375000e+01
-2.520142078399658203e+00,-3.695318222045898438e+00,-9.359339714050292969e+00,-2.078114032745361328e+00,-5.835794448852539062e+00,-2.689119338989257812e+00,-2.773921489715576172e+00,-3.874465703964233398e+00,1.015324020385742188e+01
-3.164380550384521484e+00,-3.716964244842529297e+00,-9.747334480285644531e+00,-3.147537708282470703e+00,-6.470723152160644531e+00,-3.611794948577880859e+00,-3.007675409317016602e+00,-4.142087459564208984e+00,9.825015068054199219e+00
-2.830323219299316406e+00,-3.413392543792724609e+00,-9.717322349548339844e+00,-2.414025545120239258e+00,-5.930011749267578125e+00,-3.000372171401977539e+00,-2.498244047164916992e+00,-4.277132034301757812e+00,9.897725105285644531e+00
-2.754214525222778320e+00,-3.694402694702148438e+00,-9.666069984436035156e+00,-2.434736490249633789e+00,-5.918106079101562500e+00,-3.013631582260131836e+00,-2.732012987136840820e+00,-4.123041152954101562e+00,1.000864505767822266e+01
-2.777207851409912109e+00,-3.937437057495117188e+00,-9.685364723205566406e+00,-2.628973960876464844e+00,-6.009731292724609375e+00,-3.022509336471557617e+00,-3.018664121627807617e+00,-3.822634935379028320e+00,1.005753326416015625e+01
-2.851561069488525391e+00,-2.990371227264404297e+00,-9.765180587768554688e+00,-2.189461946487426758e+00,-5.851212501525878906e+00,-3.034069776535034180e+00,-2.104710340499877930e+00,-4.596862316131591797e+00,9.835783004760742188e+00
-2.742630720138549805e+00,-3.714008808135986328e+00,-9.618414878845214844e+00,-2.479464054107666016e+00,-5.890750885009765625e+00,-3.103969573974609375e+00,-2.813525199890136719e+00,-4.002423286437988281e+00,1.000674915313720703e+01
-2.865792036056518555e+00,-3.994263172149658203e+00,-9.737722396850585938e+00,-2.718904733657836914e+00,-6.047590255737304688e+00,-3.040672063827514648e+00,-3.152237415313720703e+00,-3.870446205139160156e+00,1.009584236145019531e+01
-2.758631229400634766e+00,-3.599161624908447266e+00,-9.787477493286132812e+00,-2.327167034149169922e+00,-5.786342620849609375e+00,-2.831398725509643555e+00,-2.737320899963378906e+00,-4.115913391113281250e+00,1.008583641052246094e+01
-2.585750818252563477e+00,-3.854121208190917969e+00,-9.536313056945800781e+00,-2.322875022888183594e+00,-5.828298568725585938e+00,-2.737354993820190430e+00,-2.886192321777343750e+00,-3.828267574310302734e+00,1.013098335266113281e+01
-2.590048551559448242e+00,-3.791784763336181641e+00,-9.426875114440917969e+00,-2.220523834228515625e+00,-5.735621452331542969e+00,-2.624048471450805664e+00,-2.847441673278808594e+00,-3.799526214599609375e+00,1.013180160522460938e+01
-2.474007606506347656e+00,-4.029424190521240234e+00,-9.047971725463867188e+00,-3.202133178710937500e+00,-6.213018417358398438e+00,-3.388925552368164062e+00,-3.242477416992187500e+00,-3.833407878875732422e+00,9.655968666076660156e+00
-2.341610670089721680e+00,-3.880632400512695312e+00,-8.790862083435058594e+00,-3.087881088256835938e+00,-6.092552185058593750e+00,-3.426277637481689453e+00,-3.111809253692626953e+00,-3.576003074645996094e+00,9.531484603881835938e+00
-2.433279991149902344e+00,-4.086183547973632812e+00,-9.065694808959960938e+00,-3.111645698547363281e+00,-6.154762268066406250e+00,-3.224651336669921875e+00,-3.237923622131347656e+00,-3.841647386550903320e+00,9.760278701782226562e+00
-2.448758363723754883e+00,-3.984825611114501953e+00,-8.997684478759765625e+00,-3.227964401245117188e+00,-6.186075210571289062e+00,-3.473223209381103516e+00,-3.244918346405029297e+00,-3.778126716613769531e+00,9.599125862121582031e+00
-2.391803979873657227e+00,-3.854165077209472656e+00,-8.837653160095214844e+00,-3.118203163146972656e+00,-6.108306884765625000e+00,-3.475336790084838867e+00,-3.109050750732421875e+00,-3.651394128799438477e+00,9.528400421142578125e+00
-2.464498281478881836e+00,-4.033849239349365234e+00,-8.998717308044433594e+00,-3.161042690277099609e+00,-6.224620819091796875e+00,-3.403555631637573242e+00,-3.272250652313232422e+00,-3.757725238800048828e+00,9.684855461120605469e+00
-2.307446956634521484e+00,-4.012457370758056641e+00,-8.886197090148925781e+00,-3.292102813720703125e+00,-6.109027862548828125e+00,-3.366427898406982422e+00,-3.217025756835937500e+00,-3.888190269470214844e+00,9.523581504821777344e+00
-2.418028354644775391e+00,-3.910202026367187500e+00,-8.829308509826660156e+00,-3.094488143920898438e+00,-6.185097694396972656e+00,-3.448995113372802734e+00,-3.144582271575927734e+00,-3.608221530914306641e+00,9.568107604980468750e+00
-2.172130107879638672e+00,-3.973449230194091797e+00,-8.518517494201660156e+00,-2.782443046569824219e+00,-5.903486251831054688e+00,-3.130176305770874023e+00,-2.937836647033691406e+00,-3.381243705749511719e+00,9.597398757934570312e+00
-2.366992473602294922e+00,-4.080145359039306641e+00,-8.669142723083496094e+00,-3.236411094665527344e+00,-6.153487205505371094e+00,-3.618466854095458984e+00,-3.202677965164184570e+00,-3.680301904678344727e+00,9.416800498962402344e+00
-2.399448871612548828e+00,-4.154724121093750000e+00,-8.710628509521484375e+00,-2.955980777740478516e+00,-5.989532470703125000e+00,-3.376853704452514648e+00,-3.092043399810791016e+00,-3.637071371078491211e+00,9.660974502563476562e+00
-2.202456712722778320e+00,-3.924583911895751953e+00,-8.599260330200195312e+00,-3.042393207550048828e+00,-6.001255989074707031e+00,-3.401569843292236328e+00,-2.993371248245239258e+00,-3.624486446380615234e+00,9.405224800109863281e+00
-2.264158487319946289e+00,-4.002330780029296875e+00,-8.464381217956542969e+00,-2.601566314697265625e+00,-5.846400260925292969e+00,-3.030321836471557617e+00,-2.827328443527221680e+00,-3.460971593856811523e+00,9.718247413635253906e+00
-2.434563875198364258e+00,-4.161154747009277344e+00,-8.701303482055664062e+00,-2.626033544540405273e+00,-5.957957267761230469e+00,-2.944328546524047852e+00,-3.017771720886230469e+00,-3.704835414886474609e+00,9.853962898254394531e+00
-2.306678056716918945e+00,-4.214489936828613281e+00,-8.444234848022460938e+00,-2.444547176361083984e+00,-5.840003013610839844e+00,-2.755405187606811523e+00,-2.825770854949951172e+00,-3.645208597183227539e+00,9.942161560058593750e+00
-2.576481580734252930e+00,-4.414868831634521484e+00,-8.568046569824218750e+00,-2.647583246231079102e+00,-5.941969871520996094e+00,-2.553344249725341797e+00,-3.169756650924682617e+00,-3.802155494689941406e+00,1.014156436920166016e+01
-2.052097797393798828e+00,-3.818853378295898438e+00,-8.233189582824707031e+00,-2.504084587097167969e+00,-5.802309036254882812e+00,-3.132659673690795898e+00,-2.631352901458740234e+00,-3.248558044433593750e+00,9.499447822570800781e+00
-2.016061067581176758e+00,-4.025915622711181641e+00,-8.031164169311523438e+00,-2.530165195465087891e+00,-5.839684486389160156e+00,-3.255220890045166016e+00,-2.638277769088745117e+00,-3.114550113677978516e+00,9.418708801269531250e+00
-2.175835609436035156e+00,-3.924818515777587891e+00,-8.305289268493652344e+00,-2.540385246276855469e+00,-5.863099098205566406e+00,-3.136596679687500000e+00,-2.663407564163208008e+00,-3.366985559463500977e+00,9.626844406127929688e+00
-1.988395571708679199e+00,-4.129968166351318359e+00,-7.956175804138183594e+00,-2.560647010803222656e+00,-5.871099472045898438e+00,-3.066871881484985352e+00,-2.748207807540893555e+00,-3.094643831253051758e+00,9.469940185546875000e+00
-2.598645210266113281e+00,-4.084004878997802734e+00,-9.551370620727539062e+00,-2.323160171508789062e+00,-5.862471580505371094e+00,-2.427002429962158203e+00,-3.175231456756591797e+00,-3.816040277481079102e+00,1.026938819885253906e+01
-2.674594640731811523e+00,-4.074511051177978516e+00,-9.477963447570800781e+00,-2.312911033630371094e+00,-5.806629180908203125e+00,-2.418918371200561523e+00,-3.124302864074707031e+00,-3.823071718215942383e+00,1.024249839782714844e+01
-2.329282999038696289e+00,-4.034717559814453125e+00,-8.583496093750000000e+00,-2.414772510528564453e+00,-5.833217620849609375e+00,-2.929311513900756836e+00,-2.708641052246093750e+00,-3.600079774856567383e+00,9.747117042541503906e+00
-2.405024051666259766e+00,-3.428423404693603516e+00,-9.343202590942382812e+00,-2.113637208938598633e+00,-5.840126037597656250e+00,-2.927614688873291016e+00,-2.624213218688964844e+00,-4.042979717254638672e+00,9.933282852172851562e+00
-2.421670198440551758e+00,-3.979223251342773438e+00,-8.995120048522949219e+00,-2.268375396728515625e+00,-5.804313659667968750e+00,-2.616093873977661133e+00,-2.941686153411865234e+00,-3.613162279129028320e+00,1.004386806488037109e+01
-2.334809064865112305e+00,-3.939210891723632812e+00,-8.785294532775878906e+00,-2.212975502014160156e+00,-5.765213012695312500e+00,-2.698342561721801758e+00,-2.771604537963867188e+00,-3.529374837875366211e+00,9.951412200927734375e+00
-2.314398288726806641e+00,-3.968767166137695312e+00,-8.685456275939941406e+00,-2.322920799255371094e+00,-5.811967849731445312e+00,-2.740949153900146484e+00,-2.835028171539306641e+00,-3.497729539871215820e+00,9.896085739135742188e+00
-2.364960432052612305e+00,-3.963713169097900391e+00,-8.902388572692871094e+00,-2.270433425903320312e+00,-5.851802825927734375e+00,-2.684211969375610352e+00,-2.908242702484130859e+00,-3.548250913619995117e+00,9.979044914245605469e+00
-2.403828620910644531e+00,-3.970676422119140625e+00,-8.974687576293945312e+00,-2.236396074295043945e+00,-5.784127235412597656e+00,-2.628031969070434570e+00,-2.880320549011230469e+00,-3.590645790100097656e+00,1.003844070434570312e+01
-2.307349205017089844e+00,-3.895711421966552734e+00,-8.841947555541992188e+00,-2.142061710357666016e+00,-5.762047767639160156e+00,-2.720787763595581055e+00,-2.736771821975708008e+00,-3.488519668579101562e+00,9.953527450561523438e+00
-3.778324604034423828e+00,-3.579085826873779297e+00,-1.041266536712646484e+01,-2.789041042327880859e+00,-6.298737525939941406e+00,-3.333338499069213867e+00,-3.418945550918579102e+00,-4.691881656646728516e+00,1.011400222778320312e+01
-3.649716854095458984e+00,-3.739102840423583984e+00,-9.527960777282714844e+00,-3.104855060577392578e+00,-6.707489013671875000e+00,-3.704598665237426758e+00,-3.879033803939819336e+00,-4.456891536712646484e+00,1.012184715270996094e+01
-4.071870326995849609e+00,-3.769306182861328125e+00,-1.049744224548339844e+01,-3.134134292602539062e+00,-6.521489143371582031e+00,-3.559823513031005859e+00,-3.781747341156005859e+00,-4.758445739746093750e+00,1.015561294555664062e+01
-3.177259922027587891e+00,-3.932171821594238281e+00,-9.828413963317871094e+00,-2.647299289703369141e+00,-6.074117660522460938e+00,-2.839193344116210938e+00,-3.316287517547607422e+00,-4.041573524475097656e+00,1.020213508605957031e+01
-3.019038915634155273e+00,-3.974870204925537109e+00,-9.872400283813476562e+00,-2.429211378097534180e+00,-6.001613616943359375e+00,-2.593880653381347656e+00,-3.190723896026611328e+00,-3.993978261947631836e+00,1.028703308105468750e+01
-2.986085891723632812e+00,-3.873952388763427734e+00,-9.939331054687500000e+00,-2.455385684967041016e+00,-5.963872909545898438e+00,-2.779721736907958984e+00,-3.133225202560424805e+00,-4.027289390563964844e+00,1.022308254241943359e+01
-2.759508848190307617e+00,-4.164271831512451172e+00,-9.563398361206054688e+00,-2.401562213897705078e+00,-5.933990478515625000e+00,-2.392264842987060547e+00,-3.250265598297119141e+00,-3.827876806259155273e+00,1.026208305358886719e+01
-2.770057916641235352e+00,-4.135082244873046875e+00,-9.511251449584960938e+00,-2.407672166824340820e+00,-5.912345886230468750e+00,-2.508137226104736328e+00,-3.196746587753295898e+00,-3.839823961257934570e+00,1.025381565093994141e+01
-2.747005939483642578e+00,-3.863179683685302734e+00,-9.903875350952148438e+00,-2.218707561492919922e+00,-5.819079399108886719e+00,-2.464368343353271484e+00,-2.942900896072387695e+00,-3.901048183441162109e+00,1.023946952819824219e+01
-2.784624814987182617e+00,-4.143135547637939453e+00,-9.525160789489746094e+00,-2.393642902374267578e+00,-5.940868377685546875e+00,-2.518658876419067383e+00,-3.207593441009521484e+00,-3.846744775772094727e+00,1.023849582672119141e+01
-2.698162078857421875e+00,-3.893929004669189453e+00,-9.230316162109375000e+00,-3.324429035186767578e+00,-6.460025787353515625e+00,-3.705489635467529297e+00,-3.279765844345092773e+00,-3.810548305511474609e+00,9.441145896911621094e+00
-2.735245943069458008e+00,-4.013463497161865234e+00,-9.496240615844726562e+00,-3.366230487823486328e+00,-6.469902038574218750e+00,-3.833924770355224609e+00,-3.102746725082397461e+00,-3.780452013015747070e+00,9.623049736022949219e+00
-2.674107789993286133e+00,-3.952301502227783203e+00,-8.993814468383789062e+00,-3.241210460662841797e+00,-6.352824211120605469e+00,-3.691843509674072266e+00,-3.106733798980712891e+00,-3.838967084884643555e+00,9.614993095397949219e+00
-2.702781200408935547e+00,-4.111287117004394531e+00,-8.757401466369628906e+00,-3.216977596282958984e+00,-6.202411651611328125e+00,-3.447014570236206055e+00,-3.303456783294677734e+00,-3.813908576965332031e+00,9.715235710144042969e+00
-2.663470745086669922e+00,-4.039553165435791016e+00,-9.156023025512695312e+00,-3.155759334564208984e+00,-6.321513175964355469e+00,-3.533720970153808594e+00,-3.088369369506835938e+00,-3.837309122085571289e+00,9.721617698669433594e+00
-2.535506248474121094e+00,-3.972282409667968750e+00,-8.798100471496582031e+00,-3.035071372985839844e+00,-6.165951728820800781e+00,-3.361327886581420898e+00,-3.045135498046875000e+00,-3.694001197814941406e+00,9.690751075744628906e+00
-2.422968387603759766e+00,-4.088703155517578125e+00,-8.311825752258300781e+00,-2.950545310974121094e+00,-6.017842292785644531e+00,-3.182927608489990234e+00,-3.205675601959228516e+00,-3.784788370132446289e+00,9.668318748474121094e+00
-2.343509435653686523e+00,-3.880650520324707031e+00,-8.421573638916015625e+00,-2.762646675109863281e+00,-5.985701560974121094e+00,-3.214890956878662109e+00,-2.905491828918457031e+00,-3.534079074859619141e+00,9.646642684936523438e+00
-2.519980669021606445e+00,-3.907937526702880859e+00,-8.717652320861816406e+00,-2.970380783081054688e+00,-6.134739875793457031e+00,-3.391869068145751953e+00,-3.052659988403320312e+00,-3.762889623641967773e+00,9.670059204101562500e+00
-2.258518218994140625e+00,-3.940910816192626953e+00,-8.258521080017089844e+00,-3.044210433959960938e+00,-6.040732383728027344e+00,-3.407635688781738281e+00,-3.046407222747802734e+00,-3.582791328430175781e+00,9.381536483764648438e+00
-2.500688076019287109e+00,-3.997827529907226562e+00,-9.055072784423828125e+00,-2.317646503448486328e+00,-5.737104415893554688e+00,-2.622869014739990234e+00,-2.891140460968017578e+00,-3.800895214080810547e+00,1.014420986175537109e+01
-2.596944808959960938e+00,-3.912430763244628906e+00,-9.543002128601074219e+00,-2.265153408050537109e+00,-5.757214546203613281e+00,-2.526784896850585938e+00,-2.991450548171997070e+00,-3.846921682357788086e+00,1.020949459075927734e+01
-2.567925214767456055e+00,-3.538810253143310547e+00,-9.617126464843750000e+00,-2.098129749298095703e+00,-5.592868804931640625e+00,-2.715303897857666016e+00,-2.630475521087646484e+00,-3.951167106628417969e+00,1.009601783752441406e+01
-2.516506671905517578e+00,-4.021211147308349609e+00,-9.073446273803710938e+00,-2.297931194305419922e+00,-5.734676361083984375e+00,-2.576419115066528320e+00,-2.958840608596801758e+00,-3.778219938278198242e+00,1.011347770690917969e+01
-2.536364793777465820e+00,-3.822845458984375000e+00,-9.519639968872070312e+00,-2.318779230117797852e+00,-5.877877235412597656e+00,-2.790583372116088867e+00,-2.913801193237304688e+00,-3.863362312316894531e+00,1.013310909271240234e+01
-2.465360164642333984e+00,-4.032923221588134766e+00,-8.873512268066406250e+00,-2.325158596038818359e+00,-5.757891654968261719e+00,-2.656465768814086914e+00,-2.891686201095581055e+00,-3.725733995437622070e+00,1.005351734161376953e+01
-2.643000364303588867e+00,-3.914865970611572266e+00,-9.706162452697753906e+00,-2.357218265533447266e+00,-5.862498283386230469e+00,-2.684705018997192383e+00,-3.051942825317382812e+00,-3.931562900543212891e+00,1.021280193328857422e+01
-2.554170131683349609e+00,-3.846449375152587891e+00,-9.426817893981933594e+00,-2.291855573654174805e+00,-5.713479042053222656e+00,-2.702855110168457031e+00,-2.844489336013793945e+00,-3.870018005371093750e+00,1.013759136199951172e+01
-2.504675626754760742e+00,-3.947267532348632812e+00,-9.238530158996582031e+00,-2.278150558471679688e+00,-5.776196479797363281e+00,-2.547081470489501953e+00,-3.002516984939575195e+00,-3.729595184326171875e+00,1.010257530212402344e+01
-2.567467927932739258e+00,-4.038285255432128906e+00,-9.365884780883789062e+00,-2.326748847961425781e+00,-5.798933029174804688e+00,-2.477036952972412109e+00,-3.081067085266113281e+00,-3.800470590591430664e+00,1.020325851440429688e+01
-2.415843486785888672e+00,-4.341785907745361328e+00,-8.927097320556640625e+00,-2.544407367706298828e+00,-5.929944992065429688e+00,-2.503911733627319336e+00,-3.203776359558105469e+00,-3.866308212280273438e+00,1.017783069610595703e+01
-2.457682132720947266e+00,-4.348875045776367188e+00,-8.887852668762207031e+00,-2.502709865570068359e+00,-5.900480270385742188e+00,-2.504476547241210938e+00,-3.219665288925170898e+00,-3.888009071350097656e+00,1.020945358276367188e+01
-2.399278402328491211e+00,-4.320828437805175781e+00,-8.847940444946289062e+00,-2.599812984466552734e+00,-5.873855590820312500e+00,-2.550468921661376953e+00,-3.165756464004516602e+00,-3.809898853302001953e+00,1.012999439239501953e+01
-2.604012727737426758e+00,-4.226718902587890625e+00,-8.995769500732421875e+00,-2.376121044158935547e+00,-5.826944351196289062e+00,-2.390129089355468750e+00,-3.331495761871337891e+00,-3.860791921615600586e+00,1.030832099914550781e+01
-2.575954437255859375e+00,-4.272018432617187500e+00,-9.008551597595214844e+00,-2.383986949920654297e+00,-5.837056159973144531e+00,-2.354737043380737305e+00,-3.282523155212402344e+00,-3.822795391082763672e+00,1.028753662109375000e+01
-2.503386974334716797e+00,-4.345680713653564453e+00,-9.095653533935546875e+00,-2.464571952819824219e+00,-5.931282043457031250e+00,-2.565060615539550781e+00,-3.157371044158935547e+00,-3.846736192703247070e+00,1.023833084106445312e+01
-2.465254545211791992e+00,-4.258325099945068359e+00,-8.583018302917480469e+00,-2.544662952423095703e+00,-5.810699462890625000e+00,-2.730027437210083008e+00,-3.060758352279663086e+00,-3.774786233901977539e+00,9.947822570800781250e+00
-2.512001037597656250e+00,-4.278488636016845703e+00,-8.727892875671386719e+00,-2.463727951049804688e+00,-5.820542335510253906e+00,-2.508597135543823242e+00,-3.156442165374755859e+00,-3.766364812850952148e+00,1.010169601440429688e+01
-2.623036146163940430e+00,-4.178534984588623047e+00,-9.090451240539550781e+00,-2.372033596038818359e+00,-5.840065002441406250e+00,-2.363942623138427734e+00,-3.338061094284057617e+00,-3.882333278656005859e+00,1.031199359893798828e+01
-2.563975095748901367e+00,-4.318726062774658203e+00,-9.196022033691406250e+00,-2.392801284790039062e+00,-5.917678833007812500e+00,-2.421865940093994141e+00,-3.268353700637817383e+00,-3.803348064422607422e+00,1.031256675720214844e+01
-2.719780683517456055e+00,-4.151710033416748047e+00,-9.224599838256835938e+00,-2.591204166412353516e+00,-6.058669090270996094e+00,-2.835864782333374023e+00,-3.237264156341552734e+00,-3.822583913803100586e+00,1.017638492584228516e+01
-2.652873277664184570e+00,-4.151630401611328125e+00,-9.234565734863281250e+00,-2.572251796722412109e+00,-6.084249496459960938e+00,-2.815886735916137695e+00,-3.216122150421142578e+00,-3.778733730316162109e+00,1.015541076660156250e+01
-2.662234067916870117e+00,-4.160157680511474609e+00,-9.243505477905273438e+00,-2.549172163009643555e+00,-6.057597160339355469e+00,-2.784038782119750977e+00,-3.220885515213012695e+00,-3.811207532882690430e+00,1.018590068817138672e+01
-2.723637819290161133e+00,-4.152034282684326172e+00,-9.097579956054687500e+00,-2.575151920318603516e+00,-6.050739288330078125e+00,-2.837410926818847656e+00,-3.223009586334228516e+00,-3.844409227371215820e+00,1.018882846832275391e+01
-2.650131702423095703e+00,-4.205490589141845703e+00,-9.177783012390136719e+00,-2.542367935180664062e+00,-6.073430061340332031e+00,-2.754433870315551758e+00,-3.241372823715209961e+00,-3.780454158782958984e+00,1.018866729736328125e+01
-2.658260583877563477e+00,-4.101720809936523438e+00,-9.184167861938476562e+00,-2.611886978149414062e+00,-6.078736305236816406e+00,-2.881388902664184570e+00,-3.159659862518310547e+00,-3.724428176879882812e+00,1.012018680572509766e+01
-2.702401638031005859e+00,-4.127429485321044922e+00,-9.062896728515625000e+00,-2.575559616088867188e+00,-6.064380645751953125e+00,-2.827209711074829102e+00,-3.204079389572143555e+00,-3.815437316894531250e+00,1.016931152343750000e+01
-2.603477239608764648e+00,-4.137797832489013672e+00,-9.292993545532226562e+00,-2.600092887878417969e+00,-6.081374168395996094e+00,-2.816880226135253906e+00,-3.189234733581542969e+00,-3.726396560668945312e+00,1.012482929229736328e+01
-2.585962295532226562e+00,-4.102529525756835938e+00,-9.285323143005371094e+00,-2.417249679565429688e+00,-5.941533088684082031e+00,-2.597671985626220703e+00,-3.161661148071289062e+00,-3.769977807998657227e+00,1.018055343627929688e+01
-2.593343257904052734e+00,-4.136156082153320312e+00,-9.218792915344238281e+00,-2.417860031127929688e+00,-5.963523864746093750e+00,-2.581127882003784180e+00,-3.196606397628784180e+00,-3.792734146118164062e+00,1.021263217926025391e+01
-2.566160678863525391e+00,-4.017282485961914062e+00,-8.990381240844726562e+00,-2.372154235839843750e+00,-5.795380592346191406e+00,-2.645112276077270508e+00,-2.993799924850463867e+00,-3.802232980728149414e+00,1.009343719482421875e+01
-2.618849992752075195e+00,-4.089951038360595703e+00,-9.162891387939453125e+00,-2.414860010147094727e+00,-5.877655029296875000e+00,-2.564904451370239258e+00,-3.115599632263183594e+00,-3.820596218109130859e+00,1.017678070068359375e+01
-2.618592023849487305e+00,-4.137400627136230469e+00,-9.141024589538574219e+00,-2.414378166198730469e+00,-5.892900466918945312e+00,-2.500510692596435547e+00,-3.177169322967529297e+00,-3.836759567260742188e+00,1.020776271820068359e+01
-2.605565786361694336e+00,-4.181406021118164062e+00,-9.226938247680664062e+00,-2.399864912033081055e+00,-5.949706077575683594e+00,-2.452171325683593750e+00,-3.257479667663574219e+00,-3.790306091308593750e+00,1.024844837188720703e+01
-2.600933074951171875e+00,-4.100211620330810547e+00,-8.943619728088378906e+00,-2.409713268280029297e+00,-5.870308876037597656e+00,-2.567649364471435547e+00,-3.126049280166625977e+00,-3.838742017745971680e+00,1.016166687011718750e+01
-2.619155168533325195e+00,-4.149422168731689453e+00,-9.121278762817382812e+00,-2.377046823501586914e+00,-5.864562034606933594e+00,-2.445005893707275391e+00,-3.213990688323974609e+00,-3.845996618270874023e+00,1.022799968719482422e+01
-2.617550611495971680e+00,-4.104929924011230469e+00,-9.103767395019531250e+00,-2.377424955368041992e+00,-5.895821571350097656e+00,-2.542729139328002930e+00,-3.202122211456298828e+00,-3.872700691223144531e+00,1.024532127380371094e+01
-2.556522846221923828e+00,-4.085181236267089844e+00,-8.912649154663085938e+00,-2.406160593032836914e+00,-5.864106178283691406e+00,-2.583010911941528320e+00,-3.082842350006103516e+00,-3.775465965270996094e+00,1.012264060974121094e+01
-2.605588197708129883e+00,-4.135138988494873047e+00,-9.226477622985839844e+00,-2.378150939941406250e+00,-5.892897605895996094e+00,-2.460795640945434570e+00,-3.211999893188476562e+00,-3.806413173675537109e+00,1.021827316284179688e+01
-2.603469371795654297e+00,-4.173102378845214844e+00,-9.342394828796386719e+00,-2.405830383300781250e+00,-5.943339347839355469e+00,-2.507379770278930664e+00,-3.248214721679687500e+00,-3.819966554641723633e+00,1.021716690063476562e+01
-3.367795944213867188e+00,-4.262842655181884766e+00,-1.014414119720458984e+01,-3.743016242980957031e+00,-6.864871025085449219e+00,-4.230244159698486328e+00,-3.516400098800659180e+00,-4.024744987487792969e+00,9.608610153198242188e+00
-2.827700138092041016e+00,-4.038781642913818359e+00,-9.606399536132812500e+00,-3.337879180908203125e+00,-6.546578407287597656e+00,-4.007892131805419922e+00,-3.091467618942260742e+00,-3.819070577621459961e+00,9.617571830749511719e+00
-3.087794303894042969e+00,-4.236703872680664062e+00,-9.910781860351562500e+00,-3.592762947082519531e+00,-6.824328422546386719e+00,-4.096542835235595703e+00,-3.333853006362915039e+00,-3.806941032409667969e+00,9.630011558532714844e+00
-2.800992012023925781e+00,-4.008367538452148438e+00,-9.417016983032226562e+00,-3.249815940856933594e+00,-6.501075744628906250e+00,-3.886105537414550781e+00,-3.062658548355102539e+00,-3.876171112060546875e+00,9.570219039916992188e+00
-2.785245656967163086e+00,-4.034748554229736328e+00,-9.450470924377441406e+00,-3.218451023101806641e+00,-6.502121925354003906e+00,-3.795648336410522461e+00,-3.091062545776367188e+00,-3.857530117034912109e+00,9.701788902282714844e+00
-2.756008625030517578e+00,-4.109501361846923828e+00,-9.363312721252441406e+00,-2.962647914886474609e+00,-6.345485687255859375e+00,-3.394980192184448242e+00,-3.088430643081665039e+00,-3.852129459381103516e+00,9.924727439880371094e+00
-2.750035524368286133e+00,-4.167328357696533203e+00,-9.410122871398925781e+00,-2.966515541076660156e+00,-6.398868560791015625e+00,-3.368077039718627930e+00,-3.136860609054565430e+00,-3.823085784912109375e+00,9.928563117980957031e+00
-2.721748828887939453e+00,-4.244496822357177734e+00,-9.232475280761718750e+00,-2.889840602874755859e+00,-6.395680427551269531e+00,-3.294754505157470703e+00,-3.190338611602783203e+00,-3.763719797134399414e+00,1.000805854797363281e+01
-2.781870365142822266e+00,-4.166201591491699219e+00,-9.501996994018554688e+00,-3.132008552551269531e+00,-6.526133537292480469e+00,-3.637491703033447266e+00,-3.160460948944091797e+00,-3.800410270690917969e+00,9.794056892395019531e+00
-2.757071971893310547e+00,-4.149793624877929688e+00,-9.366281509399414062e+00,-3.106613159179687500e+00,-6.505210876464843750e+00,-3.600350379943847656e+00,-3.163796663284301758e+00,-3.749267578125000000e+00,9.823444366455078125e+00
-3.554872989654541016e+00,-4.299332618713378906e+00,-1.020350933074951172e+01,-3.690617084503173828e+00,-7.078256607055664062e+00,-3.937870740890502930e+00,-3.316088199615478516e+00,-4.339230537414550781e+00,9.611825942993164062e+00
-3.257051944732666016e+00,-4.209466934204101562e+00,-1.020587635040283203e+01,-3.628894805908203125e+00,-6.940135002136230469e+00,-4.174481391906738281e+00,-3.295910596847534180e+00,-3.926807403564453125e+00,9.549475669860839844e+00
-3.353883266448974609e+00,-4.078542232513427734e+00,-1.001464366912841797e+01,-3.724224567413330078e+00,-6.788838386535644531e+00,-4.322978496551513672e+00,-3.467346668243408203e+00,-4.080801010131835938e+00,9.701468467712402344e+00
-3.143394470214843750e+00,-3.508607864379882812e+00,-9.635414123535156250e+00,-3.139173984527587891e+00,-6.685851097106933594e+00,-3.900867938995361328e+00,-2.912976503372192383e+00,-4.585443019866943359e+00,9.585175514221191406e+00
-2.949643850326538086e+00,-3.944302558898925781e+00,-9.467165946960449219e+00,-3.334605216979980469e+00,-6.592442512512207031e+00,-3.973365068435668945e+00,-3.001302242279052734e+00,-3.939130306243896484e+00,9.579002380371093750e+00
-2.822396278381347656e+00,-3.966448307037353516e+00,-9.644443511962890625e+00,-3.338774204254150391e+00,-6.556999206542968750e+00,-3.900609016418457031e+00,-3.051980495452880859e+00,-3.734750509262084961e+00,9.590638160705566406e+00
-2.975376129150390625e+00,-3.839058399200439453e+00,-9.473925590515136719e+00,-3.117364883422851562e+00,-6.490914344787597656e+00,-3.837587833404541016e+00,-2.781823635101318359e+00,-4.037559509277343750e+00,9.582307815551757812e+00
-2.716834306716918945e+00,-4.158183097839355469e+00,-9.244467735290527344e+00,-3.215365409851074219e+00,-6.491713523864746094e+00,-3.595886230468750000e+00,-3.211519002914428711e+00,-3.818015813827514648e+00,9.739677429199218750e+00
-2.726892471313476562e+00,-4.327272415161132812e+00,-9.452592849731445312e+00,-3.104472637176513672e+00,-6.570883750915527344e+00,-3.530524969100952148e+00,-3.280848264694213867e+00,-3.835866928100585938e+00,9.881640434265136719e+00
-2.740155220031738281e+00,-4.196993350982666016e+00,-9.519999504089355469e+00,-3.153531074523925781e+00,-6.539084434509277344e+00,-3.550791263580322266e+00,-3.186588525772094727e+00,-3.811948299407958984e+00,9.787322044372558594e+00
-2.609635591506958008e+00,-4.184858322143554688e+00,-9.329512596130371094e+00,-2.312533378601074219e+00,-5.893266677856445312e+00,-2.287871837615966797e+00,-3.306811094284057617e+00,-3.802002429962158203e+00,1.030131530761718750e+01
-2.588556528091430664e+00,-4.213247776031494141e+00,-9.492852210998535156e+00,-2.320732355117797852e+00,-5.921736717224121094e+00,-2.307744026184082031e+00,-3.319794654846191406e+00,-3.779296875000000000e+00,1.035712718963623047e+01
-2.623975515365600586e+00,-4.207585811614990234e+00,-9.494047164916992188e+00,-2.330066680908203125e+00,-5.910199165344238281e+00,-2.274947404861450195e+00,-3.301131725311279297e+00,-3.765522956848144531e+00,1.029658603668212891e+01
-2.590404510498046875e+00,-4.204187870025634766e+00,-9.311788558959960938e+00,-2.325618267059326172e+00,-5.874043464660644531e+00,-2.302388668060302734e+00,-3.282382488250732422e+00,-3.767866849899291992e+00,1.028772354125976562e+01
-2.605146408081054688e+00,-4.231807708740234375e+00,-9.645601272583007812e+00,-2.322064876556396484e+00,-5.941162109375000000e+00,-2.308069705963134766e+00,-3.296808481216430664e+00,-3.757125377655029297e+00,1.036027908325195312e+01
-2.593511581420898438e+00,-4.211311817169189453e+00,-9.465743064880371094e+00,-2.293766498565673828e+00,-5.896090507507324219e+00,-2.282311916351318359e+00,-3.235718727111816406e+00,-3.743396043777465820e+00,1.027866840362548828e+01
-2.586954593658447266e+00,-4.264020919799804688e+00,-9.374942779541015625e+00,-2.325392723083496094e+00,-5.916232109069824219e+00,-2.286426782608032227e+00,-3.285192966461181641e+00,-3.749046087265014648e+00,1.032807350158691406e+01
-2.611437797546386719e+00,-4.234349250793457031e+00,-9.623567581176757812e+00,-2.321375370025634766e+00,-5.954954147338867188e+00,-2.381768465042114258e+00,-3.269702911376953125e+00,-3.813728570938110352e+00,1.035135269165039062e+01
-2.578949213027954102e+00,-4.233390808105468750e+00,-9.395418167114257812e+00,-2.328244686126708984e+00,-5.903400421142578125e+00,-2.287234783172607422e+00,-3.289920330047607422e+00,-3.723839282989501953e+00,1.030331134796142578e+01
-2.606005907058715820e+00,-4.212516784667968750e+00,-9.578943252563476562e+00,-2.341026782989501953e+00,-5.930451393127441406e+00,-2.326748847961425781e+00,-3.317408800125122070e+00,-3.767739057540893555e+00,1.030788326263427734e+01
-2.658681392669677734e+00,-4.332019805908203125e+00,-9.031871795654296875e+00,-2.337454319000244141e+00,-5.940954208374023438e+00,-2.563771247863769531e+00,-3.233955860137939453e+00,-3.994673967361450195e+00,1.036040306091308594e+01
-2.608374118804931641e+00,-4.212602138519287109e+00,-9.065280914306640625e+00,-2.310610532760620117e+00,-5.847786903381347656e+00,-2.419156551361083984e+00,-3.299351215362548828e+00,-3.909180879592895508e+00,1.030901241302490234e+01
-2.633211135864257812e+00,-4.317088603973388672e+00,-9.263428688049316406e+00,-2.321291446685791016e+00,-5.918214797973632812e+00,-2.363093376159667969e+00,-3.339768648147583008e+00,-3.826368570327758789e+00,1.040561103820800781e+01
-2.595004796981811523e+00,-4.337092399597167969e+00,-9.039190292358398438e+00,-2.375037431716918945e+00,-5.887666702270507812e+00,-2.452482700347900391e+00,-3.299767971038818359e+00,-3.839220762252807617e+00,1.035616302490234375e+01
-2.611814022064208984e+00,-4.301907539367675781e+00,-9.196707725524902344e+00,-2.331948280334472656e+00,-5.928238868713378906e+00,-2.380594253540039062e+00,-3.302504301071166992e+00,-3.829078435897827148e+00,1.037936592102050781e+01
-2.586336851119995117e+00,-4.306306362152099609e+00,-9.105204582214355469e+00,-2.355642795562744141e+00,-5.904936790466308594e+00,-2.431697368621826172e+00,-3.287957906723022461e+00,-3.844017744064331055e+00,1.035297107696533203e+01
-2.613952875137329102e+00,-4.273091793060302734e+00,-9.456370353698730469e+00,-2.313988685607910156e+00,-5.921772003173828125e+00,-2.276592254638671875e+00,-3.345935583114624023e+00,-3.746730089187622070e+00,1.039836311340332031e+01
-2.603291988372802734e+00,-4.338447093963623047e+00,-9.409718513488769531e+00,-2.327645778656005859e+00,-5.956184387207031250e+00,-2.329034328460693359e+00,-3.317856073379516602e+00,-3.782335281372070312e+00,1.039785861968994141e+01
-2.582012891769409180e+00,-4.293042659759521484e+00,-9.368033409118652344e+00,-2.333090066909790039e+00,-5.919925689697265625e+00,-2.304287195205688477e+00,-3.305759668350219727e+00,-3.749538898468017578e+00,1.038002014160156250e+01
-2.504667282104492188e+00,-4.291877746582031250e+00,-9.243206977844238281e+00,-2.374578475952148438e+00,-5.909014701843261719e+00,-2.318028450012207031e+00,-3.222462654113769531e+00,-3.795881271362304688e+00,1.033115768432617188e+01
-3.485300779342651367e+00,-4.332980632781982422e+00,-1.011046791076660156e+01,-3.842500209808349609e+00,-7.134728431701660156e+00,-4.249669551849365234e+00,-3.435410976409912109e+00,-4.053847312927246094e+00,9.556483268737792969e+00
-3.472883224487304688e+00,-4.175261020660400391e+00,-1.014367294311523438e+01,-3.805198192596435547e+00,-7.108035087585449219e+00,-4.345296382904052734e+00,-3.415588855743408203e+00,-4.139817237854003906e+00,9.600477218627929688e+00
-3.575795412063598633e+00,-4.189199447631835938e+00,-1.016722583770751953e+01,-3.878276348114013672e+00,-7.028605461120605469e+00,-4.341855049133300781e+00,-3.523030757904052734e+00,-3.998711585998535156e+00,9.635071754455566406e+00
-3.280210256576538086e+00,-4.239136219024658203e+00,-9.988054275512695312e+00,-3.671348571777343750e+00,-6.836133003234863281e+00,-4.134443283081054688e+00,-3.436812877655029297e+00,-3.883389472961425781e+00,9.653142929077148438e+00
-3.499544620513916016e+00,-4.208598613739013672e+00,-1.016430854797363281e+01,-3.849381923675537109e+00,-7.071397781372070312e+00,-4.313673019409179688e+00,-3.471077203750610352e+00,-4.088049411773681641e+00,9.664079666137695312e+00
-3.845691204071044922e+00,-4.645069599151611328e+00,-1.070124912261962891e+01,-4.256226062774658203e+00,-7.417166709899902344e+00,-4.252702236175537109e+00,-3.818099737167358398e+00,-3.947098255157470703e+00,9.542346954345703125e+00
-3.202312231063842773e+00,-4.225909233093261719e+00,-1.004631137847900391e+01,-3.674605369567871094e+00,-6.906845092773437500e+00,-4.192813396453857422e+00,-3.395201444625854492e+00,-3.783620119094848633e+00,9.628879547119140625e+00
-2.906201839447021484e+00,-4.064215183258056641e+00,-9.619473457336425781e+00,-3.372310638427734375e+00,-6.597517967224121094e+00,-4.022155761718750000e+00,-3.194712162017822266e+00,-3.793015718460083008e+00,9.734829902648925781e+00
-2.732041120529174805e+00,-4.129612922668457031e+00,-9.374414443969726562e+00,-2.816312789916992188e+00,-6.234949111938476562e+00,-3.265173673629760742e+00,-3.100007534027099609e+00,-3.826824903488159180e+00,1.002569103240966797e+01
-2.599548816680908203e+00,-4.191826343536376953e+00,-9.149910926818847656e+00,-2.624656200408935547e+00,-6.140526771545410156e+00,-2.895938873291015625e+00,-3.175840854644775391e+00,-3.762763500213623047e+00,1.011304569244384766e+01
-3.572880744934082031e+00,-4.449528694152832031e+00,-1.033764648437500000e+01,-3.821771144866943359e+00,-7.099948883056640625e+00,-3.779694795608520508e+00,-3.315844297409057617e+00,-4.045619487762451172e+00,9.561795234680175781e+00
-3.786628007888793945e+00,-4.230315208435058594e+00,-1.009076118469238281e+01,-3.723870277404785156e+00,-7.256692886352539062e+00,-3.893158435821533203e+00,-3.202514171600341797e+00,-4.254528045654296875e+00,9.494653701782226562e+00
-3.607783079147338867e+00,-3.554671764373779297e+00,-9.744154930114746094e+00,-3.242907047271728516e+00,-7.006619453430175781e+00,-3.600961923599243164e+00,-2.908516168594360352e+00,-4.703225135803222656e+00,9.543389320373535156e+00
-3.768967151641845703e+00,-4.177889347076416016e+00,-1.008519840240478516e+01,-3.933274745941162109e+00,-7.461501121520996094e+00,-4.015552997589111328e+00,-3.556302309036254883e+00,-4.419013023376464844e+00,9.676388740539550781e+00
-3.298871517181396484e+00,-4.168683528900146484e+00,-9.767761230468750000e+00,-3.492863178253173828e+00,-6.811693191528320312e+00,-3.797268867492675781e+00,-3.249710798263549805e+00,-4.110935211181640625e+00,9.734096527099609375e+00
-3.066220521926879883e+00,-3.948965072631835938e+00,-9.652844429016113281e+00,-3.164317131042480469e+00,-6.622554779052734375e+00,-3.693544387817382812e+00,-2.925877809524536133e+00,-4.179262161254882812e+00,9.699492454528808594e+00
-2.990432500839233398e+00,-4.154413700103759766e+00,-9.738400459289550781e+00,-3.159863948822021484e+00,-6.565116882324218750e+00,-3.613557577133178711e+00,-3.080904960632324219e+00,-3.957730531692504883e+00,9.791357994079589844e+00
-2.753896236419677734e+00,-4.141200065612792969e+00,-9.495476722717285156e+00,-2.854969024658203125e+00,-6.378930091857910156e+00,-3.284378051757812500e+00,-3.076144456863403320e+00,-3.903068304061889648e+00,9.970126152038574219e+00
-2.827082395553588867e+00,-3.990040779113769531e+00,-9.459688186645507812e+00,-2.980814933776855469e+00,-6.436262130737304688e+00,-3.492623567581176758e+00,-2.984152078628540039e+00,-3.990621089935302734e+00,9.845390319824218750e+00
-2.674913406372070312e+00,-4.190379619598388672e+00,-9.355483055114746094e+00,-2.827588319778442383e+00,-6.354907989501953125e+00,-3.143739461898803711e+00,-3.115893363952636719e+00,-3.899745941162109375e+00,9.978804588317871094e+00
-2.566959619522094727e+00,-4.223404407501220703e+00,-9.371885299682617188e+00,-2.319458961486816406e+00,-5.873631477355957031e+00,-2.266903877258300781e+00,-3.249025583267211914e+00,-3.768169879913330078e+00,1.035735893249511719e+01
-2.572345495223999023e+00,-4.195010662078857422e+00,-9.236368179321289062e+00,-2.349825859069824219e+00,-5.849354743957519531e+00,-2.251444339752197266e+00,-3.284780979156494141e+00,-3.783750057220458984e+00,1.031143474578857422e+01
-2.449940443038940430e+00,-4.310547351837158203e+00,-9.174001693725585938e+00,-2.405468463897705078e+00,-5.863945007324218750e+00,-2.301314830780029297e+00,-3.198544740676879883e+00,-3.755065202713012695e+00,1.032615184783935547e+01
-2.495534896850585938e+00,-4.292196273803710938e+00,-9.403545379638671875e+00,-2.372304439544677734e+00,-5.918045997619628906e+00,-2.320065975189208984e+00,-3.190145254135131836e+00,-3.738507986068725586e+00,1.040358352661132812e+01
-2.431133985519409180e+00,-4.345422744750976562e+00,-9.197793960571289062e+00,-2.420048236846923828e+00,-5.923798561096191406e+00,-2.312567710876464844e+00,-3.216912031173706055e+00,-3.770027160644531250e+00,1.034966659545898438e+01
-2.579107046127319336e+00,-4.199452400207519531e+00,-9.499627113342285156e+00,-2.315820693969726562e+00,-5.888918876647949219e+00,-2.213535070419311523e+00,-3.245145320892333984e+00,-3.746618032455444336e+00,1.031310844421386719e+01
-2.443596601486206055e+00,-4.334639072418212891e+00,-9.239864349365234375e+00,-2.367394208908081055e+00,-5.883584022521972656e+00,-2.446786642074584961e+00,-3.060436487197875977e+00,-3.757310867309570312e+00,1.037650299072265625e+01
-2.411077260971069336e+00,-4.344546318054199219e+00,-9.293741226196289062e+00,-2.454916000366210938e+00,-5.897868156433105469e+00,-2.261456012725830078e+00,-3.203154802322387695e+00,-3.728132486343383789e+00,1.036228752136230469e+01
-2.556728839874267578e+00,-4.236996650695800781e+00,-9.383843421936035156e+00,-2.339962005615234375e+00,-5.895538330078125000e+00,-2.248229026794433594e+00,-3.282720804214477539e+00,-3.734520912170410156e+00,1.033719635009765625e+01
-2.472077369689941406e+00,-4.290519237518310547e+00,-9.349630355834960938e+00,-2.394411087036132812e+00,-5.901472091674804688e+00,-2.256471633911132812e+00,-3.202353477478027344e+00,-3.761153697967529297e+00,1.035306644439697266e+01
-3.071222305297851562e+00,-4.402967453002929688e+00,-9.648999214172363281e+00,-3.213845729827880859e+00,-6.587399482727050781e+00,-3.432504415512084961e+00,-3.383785009384155273e+00,-3.738721132278442383e+00,9.969161987304687500e+00
-3.771789789199829102e+00,-4.619305133819580078e+00,-1.022755432128906250e+01,-4.108937263488769531e+00,-7.263963699340820312e+00,-4.299180984497070312e+00,-3.748939514160156250e+00,-3.819635629653930664e+00,9.695099830627441406e+00
-3.446466207504272461e+00,-4.559619426727294922e+00,-1.007234764099121094e+01,-3.777420520782470703e+00,-7.054929733276367188e+00,-3.990450859069824219e+00,-3.602893352508544922e+00,-3.737811565399169922e+00,9.792973518371582031e+00
-3.089320659637451172e+00,-4.405921936035156250e+00,-9.605443954467773438e+00,-3.376811027526855469e+00,-6.843131065368652344e+00,-3.675501108169555664e+00,-3.391918897628784180e+00,-3.722787618637084961e+00,9.844813346862792969e+00
-2.918077230453491211e+00,-4.341455459594726562e+00,-9.471387863159179688e+00,-3.144515037536621094e+00,-6.551311492919921875e+00,-3.575740575790405273e+00,-3.322236299514770508e+00,-3.709055900573730469e+00,9.955744743347167969e+00
-2.911591053009033203e+00,-4.322362422943115234e+00,-9.439763069152832031e+00,-3.071838378906250000e+00,-6.575023651123046875e+00,-3.310320377349853516e+00,-3.292462348937988281e+00,-3.702539443969726562e+00,9.943503379821777344e+00
-2.843973398208618164e+00,-4.198723793029785156e+00,-9.251262664794921875e+00,-2.833286046981811523e+00,-6.232904434204101562e+00,-3.048531055450439453e+00,-3.223090410232543945e+00,-3.766570568084716797e+00,1.004953861236572266e+01
-2.665708780288696289e+00,-4.149029731750488281e+00,-9.195126533508300781e+00,-2.651961803436279297e+00,-6.098952293395996094e+00,-2.863014221191406250e+00,-3.168664932250976562e+00,-3.743373394012451172e+00,1.009796524047851562e+01
-2.603683948516845703e+00,-3.965545177459716797e+00,-9.397673606872558594e+00,-2.618792533874511719e+00,-6.057318687438964844e+00,-2.893825769424438477e+00,-3.033501625061035156e+00,-3.692183017730712891e+00,1.003780078887939453e+01
-2.662057638168334961e+00,-4.085117816925048828e+00,-9.248386383056640625e+00,-2.684418201446533203e+00,-6.132289886474609375e+00,-2.964206218719482422e+00,-3.147276163101196289e+00,-3.691992759704589844e+00,1.007539749145507812e+01
-3.484284162521362305e+00,-4.061134338378906250e+00,-9.929910659790039062e+00,-3.475984573364257812e+00,-7.052751541137695312e+00,-4.132595062255859375e+00,-3.031901836395263672e+00,-4.275630474090576172e+00,9.509679794311523438e+00
-4.169454574584960938e+00,-4.716872692108154297e+00,-1.054486560821533203e+01,-4.408951282501220703e+00,-7.933101654052734375e+00,-4.094787597656250000e+00,-3.903881311416625977e+00,-4.279836654663085938e+00,9.485261917114257812e+00
-3.614769935607910156e+00,-3.710255146026611328e+00,-9.993172645568847656e+00,-3.272395610809326172e+00,-7.089323997497558594e+00,-3.687566757202148438e+00,-2.897786617279052734e+00,-4.609867095947265625e+00,9.473517417907714844e+00
-3.831142663955688477e+00,-4.869227886199951172e+00,-1.062919616699218750e+01,-4.027041435241699219e+00,-7.552011489868164062e+00,-3.935038805007934570e+00,-3.665950536727905273e+00,-4.008364677429199219e+00,9.522180557250976562e+00
-3.820120573043823242e+00,-4.611169815063476562e+00,-1.022806930541992188e+01,-3.908159732818603516e+00,-7.649488449096679688e+00,-3.976624488830566406e+00,-3.307926893234252930e+00,-4.389006137847900391e+00,9.470043182373046875e+00
-2.896646499633789062e+00,-3.983522415161132812e+00,-9.483302116394042969e+00,-2.704773902893066406e+00,-6.404796600341796875e+00,-3.155405998229980469e+00,-2.806362628936767578e+00,-4.236739158630371094e+00,9.989600181579589844e+00
-3.020447015762329102e+00,-4.036130428314208984e+00,-9.572994232177734375e+00,-3.055764198303222656e+00,-6.510242462158203125e+00,-3.426452398300170898e+00,-2.747935295104980469e+00,-4.365543365478515625e+00,9.734997749328613281e+00
-2.654603719711303711e+00,-4.277364253997802734e+00,-9.349005699157714844e+00,-2.679611206054687500e+00,-6.300845146179199219e+00,-2.996546268463134766e+00,-3.203745126724243164e+00,-3.815149307250976562e+00,1.010716438293457031e+01
-2.739584207534790039e+00,-4.261238098144531250e+00,-9.611436843872070312e+00,-2.792033672332763672e+00,-6.331676483154296875e+00,-3.085137605667114258e+00,-3.186341524124145508e+00,-3.911412000656127930e+00,1.002235126495361328e+01
-2.696584939956665039e+00,-4.260282516479492188e+00,-9.342720985412597656e+00,-2.656672000885009766e+00,-6.266290664672851562e+00,-3.056485176086425781e+00,-3.138014316558837891e+00,-3.877643108367919922e+00,1.012399959564208984e+01
-2.802169561386108398e+00,-3.994723320007324219e+00,-9.482664108276367188e+00,-3.250900268554687500e+00,-6.492511749267578125e+00,-3.900336265563964844e+00,-2.994809627532958984e+00,-3.913176298141479492e+00,9.525655746459960938e+00
-2.405599355697631836e+00,-4.667839527130126953e+00,-8.704807281494140625e+00,-3.619362354278564453e+00,-6.239593505859375000e+00,-3.971892595291137695e+00,-3.617861270904541016e+00,-4.298678874969482422e+00,9.312250137329101562e+00
-2.613605737686157227e+00,-4.101758003234863281e+00,-9.232724189758300781e+00,-3.275133609771728516e+00,-6.492016792297363281e+00,-3.700958251953125000e+00,-3.113529682159423828e+00,-3.936139106750488281e+00,9.469820022583007812e+00
-2.590764045715332031e+00,-4.140647888183593750e+00,-9.159657478332519531e+00,-3.284060001373291016e+00,-6.439479827880859375e+00,-3.651103734970092773e+00,-3.141841173171997070e+00,-3.947797060012817383e+00,9.460372924804687500e+00
-2.767243623733520508e+00,-4.082640171051025391e+00,-9.400376319885253906e+00,-3.235932350158691406e+00,-6.500298500061035156e+00,-3.777000188827514648e+00,-3.126824617385864258e+00,-3.946179389953613281e+00,9.625114440917968750e+00
-2.450058221817016602e+00,-4.191790103912353516e+00,-9.027803421020507812e+00,-3.226522445678710938e+00,-6.200113296508789062e+00,-3.253094911575317383e+00,-3.272878170013427734e+00,-3.976256132125854492e+00,9.601931571960449219e+00
-2.584258556365966797e+00,-4.223431110382080078e+00,-8.913755416870117188e+00,-3.285487174987792969e+00,-6.408385276794433594e+00,-3.658464193344116211e+00,-3.176434755325317383e+00,-3.962943077087402344e+00,9.443812370300292969e+00
-2.559087276458740234e+00,-4.194852828979492188e+00,-9.127398490905761719e+00,-3.134454727172851562e+00,-6.327480316162109375e+00,-3.471664905548095703e+00,-3.120721817016601562e+00,-4.067157745361328125e+00,9.553534507751464844e+00
-2.753882169723510742e+00,-3.905263900756835938e+00,-9.346895217895507812e+00,-2.995064258575439453e+00,-6.261186599731445312e+00,-3.558971166610717773e+00,-2.877963304519653320e+00,-4.174576282501220703e+00,9.631823539733886719e+00
-2.645810365676879883e+00,-4.181969165802001953e+00,-9.199495315551757812e+00,-3.221602916717529297e+00,-6.503544807434082031e+00,-3.614862680435180664e+00,-3.228757381439208984e+00,-3.832476377487182617e+00,9.658789634704589844e+00
-3.135926961898803711e+00,-4.123135566711425781e+00,-1.018783569335937500e+01,-3.705033779144287109e+00,-6.870997428894042969e+00,-4.000681877136230469e+00,-3.258931159973144531e+00,-3.790497779846191406e+00,9.485148429870605469e+00
-2.943995475769042969e+00,-4.217191219329833984e+00,-1.001702308654785156e+01,-3.524811744689941406e+00,-6.742250442504882812e+00,-3.919376134872436523e+00,-3.023276329040527344e+00,-3.917594194412231445e+00,9.549072265625000000e+00
-2.880295038223266602e+00,-3.863438129425048828e+00,-9.431240081787109375e+00,-3.258985042572021484e+00,-6.451098442077636719e+00,-3.787324905395507812e+00,-2.832693099975585938e+00,-4.049175262451171875e+00,9.548937797546386719e+00
-2.951018810272216797e+00,-4.082232952117919922e+00,-9.594409942626953125e+00,-3.343460559844970703e+00,-6.494839668273925781e+00,-3.571106910705566406e+00,-2.997461318969726562e+00,-4.066640853881835938e+00,9.655557632446289062e+00
-2.850808620452880859e+00,-3.830754280090332031e+00,-9.628551483154296875e+00,-3.135238647460937500e+00,-6.325366020202636719e+00,-3.582535743713378906e+00,-2.769632101058959961e+00,-4.172883033752441406e+00,9.625115394592285156e+00
-2.938203811645507812e+00,-4.165947437286376953e+00,-1.001140880584716797e+01,-3.502037048339843750e+00,-6.693642616271972656e+00,-3.987755537033081055e+00,-3.146342515945434570e+00,-3.851219177246093750e+00,9.534144401550292969e+00
-2.711823463439941406e+00,-4.307063102722167969e+00,-9.629486083984375000e+00,-3.283758163452148438e+00,-6.591023445129394531e+00,-3.572694063186645508e+00,-3.120032787322998047e+00,-3.961041212081909180e+00,9.679306030273437500e+00
-2.730719327926635742e+00,-4.271310329437255859e+00,-9.496962547302246094e+00,-3.298545837402343750e+00,-6.467575073242187500e+00,-3.506616830825805664e+00,-3.101667404174804688e+00,-4.055177688598632812e+00,9.655763626098632812e+00
-2.795578956604003906e+00,-4.058610916137695312e+00,-9.771556854248046875e+00,-3.475912570953369141e+00,-6.572302818298339844e+00,-3.807360887527465820e+00,-3.091591358184814453e+00,-3.876442432403564453e+00,9.561459541320800781e+00
-2.811626195907592773e+00,-4.299951553344726562e+00,-9.402529716491699219e+00,-3.258229732513427734e+00,-6.371920585632324219e+00,-3.321910619735717773e+00,-3.140042304992675781e+00,-4.065895080566406250e+00,9.873762130737304688e+00
-3.013365745544433594e+00,-4.901117801666259766e+00,-9.630217552185058594e+00,-5.179184436798095703e+00,-1.079662418365478516e+01,-6.472097396850585938e+00,-7.273123264312744141e+00,-4.410253047943115234e+00,8.796122550964355469e+00
-3.007448434829711914e+00,-4.772846221923828125e+00,-9.025831222534179688e+00,-4.464801311492919922e+00,-9.658349037170410156e+00,-3.866571187973022461e+00,-6.456924915313720703e+00,-3.090775251388549805e+00,8.969975471496582031e+00
-3.443285226821899414e+00,-4.935393810272216797e+00,-9.774778366088867188e+00,-4.364821434020996094e+00,-8.095714569091796875e+00,-5.815597534179687500e+00,-6.569604396820068359e+00,-3.229654073715209961e+00,9.619579315185546875e+00
-2.291354179382324219e+00,-4.809142589569091797e+00,-8.620967864990234375e+00,-4.861111640930175781e+00,-9.206295967102050781e+00,-3.611829757690429688e+00,-4.405303478240966797e+00,-3.655580997467041016e+00,9.044549942016601562e+00
-9.306674003601074219e-01,-2.468816757202148438e+00,-7.082298278808593750e+00,-3.494467735290527344e+00,-6.302612304687500000e+00,-1.446865558624267578e+00,-4.022870063781738281e+00,-1.353964924812316895e+00,8.522282600402832031e+00
-1.710258126258850098e+00,-4.896442890167236328e+00,-7.323516845703125000e+00,-4.739034652709960938e+00,-9.686389923095703125e+00,-3.759983301162719727e+00,-4.531934261322021484e+00,-4.234534263610839844e+00,8.737002372741699219e+00
5.024921894073486328e-01,-2.862989902496337891e-03,-6.485091209411621094e+00,-2.617509841918945312e+00,-2.854195833206176758e+00,-3.904516994953155518e-01,-2.987867355346679688e+00,3.999743163585662842e-01,7.349958419799804688e+00
-2.090736627578735352e+00,-2.978606224060058594e+00,-9.237330436706542969e+00,-3.244852542877197266e+00,-6.651102066040039062e+00,-2.339035987854003906e+00,-3.576601266860961914e+00,-2.512038469314575195e+00,9.305683135986328125e+00
-1.648711323738098145e+00,-3.705834865570068359e+00,-7.428791999816894531e+00,-4.245071887969970703e+00,-8.784878730773925781e+00,-1.644874930381774902e+00,-5.791126728057861328e+00,-2.200252771377563477e+00,8.762065887451171875e+00
-1.665935993194580078e+00,-3.142947673797607422e+00,-8.970085144042968750e+00,-3.660293102264404297e+00,-7.618490219116210938e+00,-2.143903017044067383e+00,-4.255240440368652344e+00,-2.243025541305541992e+00,8.802041053771972656e+00
-3.190462827682495117e+00,-4.322246074676513672e+00,-1.001805496215820312e+01,-3.616652488708496094e+00,-6.774537086486816406e+00,-3.953631401062011719e+00,-3.184353828430175781e+00,-3.988976240158081055e+00,9.683487892150878906e+00
-2.867642879486083984e+00,-4.119319915771484375e+00,-9.798975944519042969e+00,-3.436663150787353516e+00,-6.587347030639648438e+00,-3.916011810302734375e+00,-3.105179309844970703e+00,-3.903146266937255859e+00,9.622202873229980469e+00
-2.854231357574462891e+00,-4.222292423248291016e+00,-1.001478290557861328e+01,-3.517278194427490234e+00,-6.674481391906738281e+00,-3.709091424942016602e+00,-3.153186082839965820e+00,-3.936685323715209961e+00,9.554744720458984375e+00
-2.709713935852050781e+00,-4.158893585205078125e+00,-9.516186714172363281e+00,-3.368872642517089844e+00,-6.608031272888183594e+00,-3.691165208816528320e+00,-3.189264774322509766e+00,-3.828979730606079102e+00,9.623565673828125000e+00
-2.594963788986206055e+00,-4.088091850280761719e+00,-9.281828880310058594e+00,-3.251004695892333984e+00,-6.451016426086425781e+00,-3.481972455978393555e+00,-3.198312997817993164e+00,-3.813701152801513672e+00,9.695443153381347656e+00
-2.745209455490112305e+00,-4.059792041778564453e+00,-9.330351829528808594e+00,-3.319455623626708984e+00,-6.483359336853027344e+00,-3.638794183731079102e+00,-3.127520322799682617e+00,-3.936245679855346680e+00,9.701304435729980469e+00
-2.615662336349487305e+00,-4.184318542480468750e+00,-9.161495208740234375e+00,-2.979313850402832031e+00,-6.306104660034179688e+00,-3.232470035552978516e+00,-3.164733648300170898e+00,-3.821429014205932617e+00,9.959934234619140625e+00
-2.507416963577270508e+00,-4.171840190887451172e+00,-9.127921104431152344e+00,-2.892055988311767578e+00,-6.156126022338867188e+00,-2.976280450820922852e+00,-3.185081958770751953e+00,-3.750435113906860352e+00,9.990719795227050781e+00
-2.563553571701049805e+00,-4.259915351867675781e+00,-9.257389068603515625e+00,-2.787615537643432617e+00,-6.303779602050781250e+00,-3.018079280853271484e+00,-3.146513938903808594e+00,-3.822286128997802734e+00,1.007594871520996094e+01
-2.576488733291625977e+00,-4.174335002899169922e+00,-9.415920257568359375e+00,-3.180852413177490234e+00,-6.406669616699218750e+00,-3.360042333602905273e+00,-3.213982105255126953e+00,-3.803656578063964844e+00,9.804980278015136719e+00
-2.757928371429443359e+00,-4.015491485595703125e+00,-9.139123916625976562e+00,-2.410686731338500977e+00,-5.953667640686035156e+00,-2.806321620941162109e+00,-2.920464038848876953e+00,-4.285219192504882812e+00,1.010579490661621094e+01
-2.675490379333496094e+00,-4.311140537261962891e+00,-8.886748313903808594e+00,-2.398313522338867188e+00,-5.997311592102050781e+00,-2.631283044815063477e+00,-3.237600803375244141e+00,-4.012093544006347656e+00,1.027375984191894531e+01
-2.647584199905395508e+00,-4.277881622314453125e+00,-8.949254035949707031e+00,-2.365665674209594727e+00,-5.956341743469238281e+00,-2.624882936477661133e+00,-3.280892372131347656e+00,-3.920999050140380859e+00,1.031728553771972656e+01
-2.631688594818115234e+00,-4.214929580688476562e+00,-9.014928817749023438e+00,-2.293230056762695312e+00,-5.915690422058105469e+00,-2.588206291198730469e+00,-3.144144296646118164e+00,-3.977438688278198242e+00,1.035407447814941406e+01
-2.742624044418334961e+00,-3.992094516754150391e+00,-9.758942604064941406e+00,-2.304242610931396484e+00,-5.991816520690917969e+00,-2.490186929702758789e+00,-2.925454378128051758e+00,-4.152194976806640625e+00,1.023563385009765625e+01
-2.638978481292724609e+00,-4.298117160797119141e+00,-9.340620040893554688e+00,-2.323600292205810547e+00,-5.992056846618652344e+00,-2.468618392944335938e+00,-3.195504188537597656e+00,-3.956976652145385742e+00,1.040455913543701172e+01
-2.935898542404174805e+00,-3.293726444244384766e+00,-9.281418800354003906e+00,-2.210073947906494141e+00,-5.934185028076171875e+00,-2.583731889724731445e+00,-2.452637672424316406e+00,-4.732600212097167969e+00,9.936475753784179688e+00
-2.596947669982910156e+00,-4.264460563659667969e+00,-9.544599533081054688e+00,-2.300113677978515625e+00,-5.962318420410156250e+00,-2.293515920639038086e+00,-3.308180809020996094e+00,-3.808285474777221680e+00,1.038771629333496094e+01
-2.723814010620117188e+00,-3.992058753967285156e+00,-9.133646011352539062e+00,-2.271560907363891602e+00,-5.922232627868652344e+00,-2.601011753082275391e+00,-2.891150474548339844e+00,-4.276379108428955078e+00,1.023582267761230469e+01
-2.639962911605834961e+00,-4.153938770294189453e+00,-9.522697448730468750e+00,-2.212534904479980469e+00,-5.953969001770019531e+00,-2.444113969802856445e+00,-3.118251323699951172e+00,-3.877343893051147461e+00,1.034380340576171875e+01
-2.316574811935424805e+00,-4.393653392791748047e+00,-8.792356491088867188e+00,-3.280161857604980469e+00,-6.006631851196289062e+00,-3.304281949996948242e+00,-3.268239974975585938e+00,-4.433470726013183594e+00,9.494693756103515625e+00
-2.521006822586059570e+00,-4.186520099639892578e+00,-9.112990379333496094e+00,-3.066659450531005859e+00,-6.230589866638183594e+00,-3.276400327682495117e+00,-3.158600091934204102e+00,-4.084203720092773438e+00,9.663953781127929688e+00
-2.984899520874023438e+00,-3.016860485076904297e+00,-9.162400245666503906e+00,-2.407679557800292969e+00,-6.068798065185546875e+00,-2.797778844833374023e+00,-2.303696632385253906e+00,-4.900708198547363281e+00,9.611077308654785156e+00
-2.408574581146240234e+00,-4.143338680267333984e+00,-9.043234825134277344e+00,-2.848341941833496094e+00,-6.058566093444824219e+00,-2.940787315368652344e+00,-3.041087150573730469e+00,-4.139011383056640625e+00,9.793823242187500000e+00
-2.436972379684448242e+00,-4.245031833648681641e+00,-8.922238349914550781e+00,-3.146069526672363281e+00,-6.261152267456054688e+00,-3.366557598114013672e+00,-3.173388957977294922e+00,-3.857398986816406250e+00,9.572035789489746094e+00
-2.440356492996215820e+00,-4.262662410736083984e+00,-9.056550025939941406e+00,-2.727241516113281250e+00,-6.070594787597656250e+00,-2.861405372619628906e+00,-3.114658594131469727e+00,-3.996535301208496094e+00,9.976361274719238281e+00
-2.461485385894775391e+00,-4.298179626464843750e+00,-9.115447044372558594e+00,-2.764788150787353516e+00,-6.144949913024902344e+00,-2.813081264495849609e+00,-3.117535352706909180e+00,-4.066814422607421875e+00,9.955881118774414062e+00
-2.414094686508178711e+00,-4.393972396850585938e+00,-8.930079460144042969e+00,-2.928844928741455078e+00,-6.144717216491699219e+00,-3.025378465652465820e+00,-3.171189785003662109e+00,-4.046189785003662109e+00,9.695988655090332031e+00
-2.339510440826416016e+00,-4.341939449310302734e+00,-8.929217338562011719e+00,-2.822055816650390625e+00,-6.094477653503417969e+00,-2.859117507934570312e+00,-3.176701307296752930e+00,-3.934383153915405273e+00,9.865828514099121094e+00
-2.537577867507934570e+00,-4.261625289916992188e+00,-9.162944793701171875e+00,-2.822482585906982422e+00,-6.213207244873046875e+00,-3.038595199584960938e+00,-3.140679121017456055e+00,-3.926315307617187500e+00,9.936655044555664062e+00
-3.200329780578613281e+00,-4.260571956634521484e+00,-9.841800689697265625e+00,-3.861807346343994141e+00,-6.623183250427246094e+00,-4.060878753662109375e+00,-3.417809486389160156e+00,-4.161138534545898438e+00,9.689463615417480469e+00
-2.758633375167846680e+00,-4.634466171264648438e+00,-9.370090484619140625e+00,-3.833479881286621094e+00,-6.500802040100097656e+00,-3.871000766754150391e+00,-3.506171226501464844e+00,-4.538433551788330078e+00,9.538857460021972656e+00
-2.954900026321411133e+00,-4.443636417388916016e+00,-9.634410858154296875e+00,-3.542614936828613281e+00,-6.580935478210449219e+00,-3.794825315475463867e+00,-3.265800476074218750e+00,-4.132204532623291016e+00,9.784070968627929688e+00
-2.993793725967407227e+00,-4.369990825653076172e+00,-9.820538520812988281e+00,-3.514507770538330078e+00,-6.889582633972167969e+00,-3.993836879730224609e+00,-3.316325664520263672e+00,-3.903144836425781250e+00,9.676813125610351562e+00
-2.733728408813476562e+00,-4.360999107360839844e+00,-9.286952972412109375e+00,-2.965912342071533203e+00,-6.432343482971191406e+00,-3.417029857635498047e+00,-3.188689470291137695e+00,-3.905236482620239258e+00,1.001594066619873047e+01
-2.673744916915893555e+00,-4.343548774719238281e+00,-9.494218826293945312e+00,-3.017637729644775391e+00,-6.551011085510253906e+00,-3.327784299850463867e+00,-3.223613739013671875e+00,-3.819105625152587891e+00,9.926251411437988281e+00
-2.648087739944458008e+00,-4.339827060699462891e+00,-9.462132453918457031e+00,-2.920417308807373047e+00,-6.498309135437011719e+00,-3.234484910964965820e+00,-3.263364791870117188e+00,-3.764711380004882812e+00,9.980247497558593750e+00
-2.598954677581787109e+00,-4.300566673278808594e+00,-9.281150817871093750e+00,-2.640018701553344727e+00,-6.212146759033203125e+00,-2.879477739334106445e+00,-3.198657512664794922e+00,-3.790850162506103516e+00,1.015858459472656250e+01
-2.591738224029541016e+00,-4.370357990264892578e+00,-9.195921897888183594e+00,-2.667338371276855469e+00,-6.191378593444824219e+00,-2.826744079589843750e+00,-3.266452550888061523e+00,-3.867451429367065430e+00,1.019536590576171875e+01
-2.632973909378051758e+00,-4.304759502410888672e+00,-9.331604957580566406e+00,-2.862031936645507812e+00,-6.409331321716308594e+00,-3.144038200378417969e+00,-3.219098091125488281e+00,-3.784091234207153320e+00,1.001829814910888672e+01
-3.353749752044677734e+00,-4.593665599822998047e+00,-1.044310665130615234e+01,-3.699042797088623047e+00,-7.171067237854003906e+00,-3.756154060363769531e+00,-3.416657209396362305e+00,-3.989135265350341797e+00,9.605988502502441406e+00
-3.898870944976806641e+00,-4.595087528228759766e+00,-1.063608360290527344e+01,-4.236036777496337891e+00,-7.430469512939453125e+00,-4.201550483703613281e+00,-3.902188062667846680e+00,-4.080055713653564453e+00,9.562135696411132812e+00
-3.863238573074340820e+00,-4.683469772338867188e+00,-1.087443351745605469e+01,-4.197896003723144531e+00,-7.445590972900390625e+00,-4.028370857238769531e+00,-3.879062414169311523e+00,-4.082600116729736328e+00,9.560727119445800781e+00
-3.080910921096801758e+00,-4.266529083251953125e+00,-1.021270847320556641e+01,-3.652667045593261719e+00,-6.944896697998046875e+00,-4.068665981292724609e+00,-3.330213785171508789e+00,-3.847284317016601562e+00,9.498593330383300781e+00
-3.809713363647460938e+00,-4.659842014312744141e+00,-1.087256050109863281e+01,-4.253837585449218750e+00,-7.530197143554687500e+00,-4.128184318542480469e+00,-3.719975233078002930e+00,-3.921105861663818359e+00,9.511753082275390625e+00
-2.672824382781982422e+00,-4.258620738983154297e+00,-9.350787162780761719e+00,-3.307185649871826172e+00,-6.660274505615234375e+00,-3.386340141296386719e+00,-3.411992311477661133e+00,-3.922998666763305664e+00,9.795659065246582031e+00
-2.395993947982788086e+00,-4.292447566986083984e+00,-9.250438690185546875e+00,-2.976716041564941406e+00,-6.387554168701171875e+00,-2.816866397857666016e+00,-3.446027040481567383e+00,-3.849282741546630859e+00,1.004570484161376953e+01
-2.815896987915039062e+00,-4.147399902343750000e+00,-9.692415237426757812e+00,-3.339864253997802734e+00,-6.729482650756835938e+00,-3.717836856842041016e+00,-3.295831441879272461e+00,-3.883100271224975586e+00,9.614624023437500000e+00
-2.799340009689331055e+00,-4.137033462524414062e+00,-9.951931953430175781e+00,-3.293404579162597656e+00,-6.670000076293945312e+00,-3.763315200805664062e+00,-3.187059164047241211e+00,-3.853173255920410156e+00,9.608261108398437500e+00
-2.864953041076660156e+00,-4.463084697723388672e+00,-1.000821113586425781e+01,-3.356087207794189453e+00,-6.581743240356445312e+00,-3.252080678939819336e+00,-3.339414119720458984e+00,-3.987496376037597656e+00,9.917527198791503906e+00
-3.112713336944580078e+00,-4.378941535949707031e+00,-9.782553672790527344e+00,-3.902969360351562500e+00,-7.105019569396972656e+00,-3.836999416351318359e+00,-3.519940614700317383e+00,-3.895226240158081055e+00,9.498558044433593750e+00
-2.746015071868896484e+00,-4.280104637145996094e+00,-9.417119979858398438e+00,-3.394289493560791016e+00,-6.682085990905761719e+00,-3.461096048355102539e+00,-3.371598720550537109e+00,-3.936228990554809570e+00,9.734662055969238281e+00
-2.687982320785522461e+00,-4.123720645904541016e+00,-9.194232940673828125e+00,-3.472870349884033203e+00,-6.666584014892578125e+00,-3.428006410598754883e+00,-3.417948246002197266e+00,-3.872255325317382812e+00,9.631604194641113281e+00
-2.613986492156982422e+00,-4.124776840209960938e+00,-9.350872039794921875e+00,-3.390945434570312500e+00,-6.457056999206542969e+00,-3.439482212066650391e+00,-3.299701929092407227e+00,-3.890661239624023438e+00,9.655194282531738281e+00
-2.642491102218627930e+00,-4.107773303985595703e+00,-9.354984283447265625e+00,-3.385976314544677734e+00,-6.497479438781738281e+00,-3.455368041992187500e+00,-3.301012754440307617e+00,-3.904376029968261719e+00,9.673126220703125000e+00
-2.609894275665283203e+00,-4.137079715728759766e+00,-9.073195457458496094e+00,-3.221288204193115234e+00,-6.466433525085449219e+00,-3.213736772537231445e+00,-3.354286193847656250e+00,-3.854782342910766602e+00,9.829520225524902344e+00
-2.557510852813720703e+00,-4.070388793945312500e+00,-9.057893753051757812e+00,-3.281112194061279297e+00,-6.436893463134765625e+00,-3.463567972183227539e+00,-3.291764259338378906e+00,-3.725841999053955078e+00,9.625309944152832031e+00
-2.679867029190063477e+00,-4.107589721679687500e+00,-9.338480949401855469e+00,-3.451008796691894531e+00,-6.607215881347656250e+00,-3.480194807052612305e+00,-3.402737617492675781e+00,-3.818257331848144531e+00,9.606406211853027344e+00
-2.629077672958374023e+00,-4.076838493347167969e+00,-9.228577613830566406e+00,-3.385993480682373047e+00,-6.464136123657226562e+00,-3.434024810791015625e+00,-3.357830762863159180e+00,-3.843797683715820312e+00,9.624835014343261719e+00
-2.535537719726562500e+00,-3.998822212219238281e+00,-9.038055419921875000e+00,-3.259498596191406250e+00,-6.363018035888671875e+00,-3.455088376998901367e+00,-3.284985542297363281e+00,-3.791820049285888672e+00,9.662962913513183594e+00
-2.949208974838256836e+00,-4.293506622314453125e+00,-9.574384689331054688e+00,-3.111970424652099609e+00,-6.497167587280273438e+00,-3.435508489608764648e+00,-3.248734951019287109e+00,-3.997984886169433594e+00,9.889499664306640625e+00
-2.864870309829711914e+00,-4.433900833129882812e+00,-9.705688476562500000e+00,-3.213509559631347656e+00,-6.693759918212890625e+00,-3.684259414672851562e+00,-3.244203090667724609e+00,-3.913433074951171875e+00,9.815209388732910156e+00
-2.686329364776611328e+00,-4.318512916564941406e+00,-9.293488502502441406e+00,-2.963221549987792969e+00,-6.338013648986816406e+00,-3.332119941711425781e+00,-3.180370569229125977e+00,-3.938597440719604492e+00,9.908345222473144531e+00
-2.594411373138427734e+00,-4.266946792602539062e+00,-8.984966278076171875e+00,-2.405637502670288086e+00,-5.953877449035644531e+00,-2.612760543823242188e+00,-3.246901750564575195e+00,-3.903832435607910156e+00,1.028337955474853516e+01
-2.680386543273925781e+00,-4.352895736694335938e+00,-9.399267196655273438e+00,-2.790858030319213867e+00,-6.354005813598632812e+00,-3.126301288604736328e+00,-3.265491485595703125e+00,-3.847952127456665039e+00,1.008344650268554688e+01
-2.650777339935302734e+00,-4.368283271789550781e+00,-9.237939834594726562e+00,-2.773414611816406250e+00,-6.288241386413574219e+00,-3.098053693771362305e+00,-3.231151342391967773e+00,-3.890523433685302734e+00,1.007760524749755859e+01
-2.739879131317138672e+00,-4.427848339080810547e+00,-9.494610786437988281e+00,-3.192138671875000000e+00,-6.598226547241210938e+00,-3.460112571716308594e+00,-3.260694980621337891e+00,-3.927102088928222656e+00,9.843213081359863281e+00
-2.635428667068481445e+00,-4.395825386047363281e+00,-9.283568382263183594e+00,-3.108539581298828125e+00,-6.488588333129882812e+00,-3.361239910125732422e+00,-3.228858947753906250e+00,-3.944764852523803711e+00,9.858461380004882812e+00
-2.651392459869384766e+00,-4.343398094177246094e+00,-9.120218276977539062e+00,-2.774453639984130859e+00,-6.241410255432128906e+00,-3.126403570175170898e+00,-3.223541975021362305e+00,-3.905210256576538086e+00,1.009538936614990234e+01
-2.802132368087768555e+00,-4.399394035339355469e+00,-9.532820701599121094e+00,-2.944785594940185547e+00,-6.503451347351074219e+00,-3.410750389099121094e+00,-3.306058406829833984e+00,-3.859711885452270508e+00,9.987812042236328125e+00
-2.625781536102294922e+00,-4.195720195770263672e+00,-9.228933334350585938e+00,-2.495566606521606445e+00,-5.960124969482421875e+00,-2.712625265121459961e+00,-3.231559276580810547e+00,-4.041213035583496094e+00,1.019623756408691406e+01
-2.561996936798095703e+00,-4.216906547546386719e+00,-9.126268386840820312e+00,-2.377438545227050781e+00,-5.916627883911132812e+00,-2.481557369232177734e+00,-3.147382020950317383e+00,-3.939160346984863281e+00,1.025859737396240234e+01
-2.491661548614501953e+00,-4.209671974182128906e+00,-8.839435577392578125e+00,-2.429713010787963867e+00,-5.885145187377929688e+00,-2.644083738327026367e+00,-3.036802291870117188e+00,-3.909676790237426758e+00,1.013726711273193359e+01
-2.505077123641967773e+00,-4.231112003326416016e+00,-8.831002235412597656e+00,-2.414572715759277344e+00,-5.864725112915039062e+00,-2.574086189270019531e+00,-3.099356412887573242e+00,-3.858847618103027344e+00,1.013423633575439453e+01
-2.489835500717163086e+00,-4.161328792572021484e+00,-8.914808273315429688e+00,-2.434364795684814453e+00,-5.865220069885253906e+00,-2.598898410797119141e+00,-2.992884397506713867e+00,-3.761108398437500000e+00,1.003849887847900391e+01
-2.444759368896484375e+00,-3.803391456604003906e+00,-9.111773490905761719e+00,-2.293446063995361328e+00,-5.694002151489257812e+00,-2.749340534210205078e+00,-2.678006410598754883e+00,-3.938276767730712891e+00,1.007404613494873047e+01
-2.439452171325683594e+00,-4.107770442962646484e+00,-8.878436088562011719e+00,-2.429132461547851562e+00,-5.843232154846191406e+00,-2.661053180694580078e+00,-2.958608865737915039e+00,-3.763269901275634766e+00,1.007462882995605469e+01
-2.485300540924072266e+00,-4.265708923339843750e+00,-9.007783889770507812e+00,-2.430551528930664062e+00,-5.908221244812011719e+00,-2.513840198516845703e+00,-3.107868194580078125e+00,-3.795631885528564453e+00,1.014867687225341797e+01
-2.368660926818847656e+00,-4.239838600158691406e+00,-8.594408035278320312e+00,-2.415870189666748047e+00,-5.851936340332031250e+00,-2.675030946731567383e+00,-2.899988412857055664e+00,-3.689918279647827148e+00,1.000693130493164062e+01
-2.593664407730102539e+00,-4.237148761749267578e+00,-9.300612449645996094e+00,-2.324574708938598633e+00,-5.895711898803710938e+00,-2.341798067092895508e+00,-3.215246915817260742e+00,-3.796984672546386719e+00,1.027759933471679688e+01
-2.597301721572875977e+00,-4.257577896118164062e+00,-9.106126785278320312e+00,-2.373259067535400391e+00,-5.917778968811035156e+00,-2.389323949813842773e+00,-3.291542768478393555e+00,-3.832691907882690430e+00,1.028454494476318359e+01
-2.595942974090576172e+00,-4.242564201354980469e+00,-9.151659011840820312e+00,-2.415058135986328125e+00,-5.925777435302734375e+00,-2.439746379852294922e+00,-3.243918895721435547e+00,-3.838068246841430664e+00,1.025552368164062500e+01
-2.609031677246093750e+00,-4.269173622131347656e+00,-8.853024482727050781e+00,-2.432821989059448242e+00,-5.872532844543457031e+00,-2.507900238037109375e+00,-3.206992149353027344e+00,-3.929956436157226562e+00,1.019777011871337891e+01
-2.593737363815307617e+00,-4.265098094940185547e+00,-8.953614234924316406e+00,-2.453235626220703125e+00,-5.893075942993164062e+00,-2.469483852386474609e+00,-3.202890396118164062e+00,-3.854950428009033203e+00,1.019843673706054688e+01
-2.574220895767211914e+00,-4.255102634429931641e+00,-8.718402862548828125e+00,-2.473299980163574219e+00,-5.861620903015136719e+00,-2.553374767303466797e+00,-3.143410682678222656e+00,-3.877819299697875977e+00,1.013305377960205078e+01
-2.494689941406250000e+00,-4.248039245605468750e+00,-8.747095108032226562e+00,-2.522901058197021484e+00,-5.905111312866210938e+00,-2.633583307266235352e+00,-3.083012104034423828e+00,-3.839823484420776367e+00,1.008239078521728516e+01
-2.584510803222656250e+00,-4.274035453796386719e+00,-8.811940193176269531e+00,-2.446095943450927734e+00,-5.878477096557617188e+00,-2.521346569061279297e+00,-3.175483942031860352e+00,-3.886831998825073242e+00,1.017383956909179688e+01
-2.570782423019409180e+00,-4.209843158721923828e+00,-9.010098457336425781e+00,-2.490236520767211914e+00,-5.899639129638671875e+00,-2.564737081527709961e+00,-3.143302679061889648e+00,-3.851097345352172852e+00,1.016565704345703125e+01
-2.538816690444946289e+00,-4.225786209106445312e+00,-8.825141906738281250e+00,-2.512338638305664062e+00,-5.890057563781738281e+00,-2.586677312850952148e+00,-3.099438428878784180e+00,-3.822781324386596680e+00,1.011052799224853516e+01
-2.579918384552001953e+00,-4.231353759765625000e+00,-8.741851806640625000e+00,-2.503052473068237305e+00,-5.881232261657714844e+00,-2.549912691116333008e+00,-3.161564588546752930e+00,-3.877986907958984375e+00,1.014415550231933594e+01
-2.821094274520874023e+00,-3.864388942718505859e+00,-9.830992698669433594e+00,-2.259352922439575195e+00,-5.849804878234863281e+00,-2.609454870223999023e+00,-2.808309555053710938e+00,-4.103902816772460938e+00,1.025761795043945312e+01
-2.637657642364501953e+00,-4.167394161224365234e+00,-9.471838951110839844e+00,-2.311883449554443359e+00,-5.900417327880859375e+00,-2.269839286804199219e+00,-3.285033702850341797e+00,-3.777934789657592773e+00,1.029365253448486328e+01
-2.668678045272827148e+00,-4.157833099365234375e+00,-9.316555023193359375e+00,-2.332433223724365234e+00,-5.846252441406250000e+00,-2.329414129257202148e+00,-3.263125896453857422e+00,-3.873910427093505859e+00,1.027288055419921875e+01
-2.654999732971191406e+00,-4.144515991210937500e+00,-9.399338722229003906e+00,-2.296001434326171875e+00,-5.826738357543945312e+00,-2.312775373458862305e+00,-3.233184814453125000e+00,-3.851624250411987305e+00,1.028818607330322266e+01
-2.625873565673828125e+00,-4.163276672363281250e+00,-9.761799812316894531e+00,-2.288466691970825195e+00,-5.920209884643554688e+00,-2.233404636383056641e+00,-3.259216308593750000e+00,-3.717159271240234375e+00,1.030259990692138672e+01
-2.652126550674438477e+00,-4.138161182403564453e+00,-9.507726669311523438e+00,-2.277309179306030273e+00,-5.842105865478515625e+00,-2.311354875564575195e+00,-3.218427896499633789e+00,-3.805289745330810547e+00,1.028502082824707031e+01
-2.593814849853515625e+00,-4.157955169677734375e+00,-9.161293983459472656e+00,-2.332699298858642578e+00,-5.802792549133300781e+00,-2.392228841781616211e+00,-3.214648246765136719e+00,-3.843268871307373047e+00,1.024925613403320312e+01
-2.655556678771972656e+00,-4.167093753814697266e+00,-9.581283569335937500e+00,-2.334213256835937500e+00,-5.907263755798339844e+00,-2.296559810638427734e+00,-3.268606901168823242e+00,-3.780539035797119141e+00,1.028497695922851562e+01
-2.613558292388916016e+00,-4.174523353576660156e+00,-9.352296829223632812e+00,-2.317407131195068359e+00,-5.886017799377441406e+00,-2.296041011810302734e+00,-3.296269655227661133e+00,-3.799720048904418945e+00,1.027827739715576172e+01
-2.600625991821289062e+00,-4.180232048034667969e+00,-9.334119796752929688e+00,-2.309874534606933594e+00,-5.869692802429199219e+00,-2.317710399627685547e+00,-3.261891365051269531e+00,-3.795057773590087891e+00,1.028833389282226562e+01
-2.668083429336547852e+00,-4.146051883697509766e+00,-9.035473823547363281e+00,-2.672957897186279297e+00,-6.120281219482421875e+00,-3.082483530044555664e+00,-3.195011854171752930e+00,-3.818198442459106445e+00,1.017254447937011719e+01
-2.914309263229370117e+00,-4.276512145996093750e+00,-9.377142906188964844e+00,-3.109179496765136719e+00,-6.512166023254394531e+00,-3.799852371215820312e+00,-3.296735048294067383e+00,-3.818677186965942383e+00,9.984994888305664062e+00
-2.620182037353515625e+00,-4.120178699493408203e+00,-8.918176651000976562e+00,-2.405707359313964844e+00,-5.896911621093750000e+00,-2.657357215881347656e+00,-3.243460178375244141e+00,-3.890188932418823242e+00,1.025817012786865234e+01
-2.621209383010864258e+00,-4.143754482269287109e+00,-8.904253959655761719e+00,-2.463707447052001953e+00,-5.963603973388671875e+00,-2.728257894515991211e+00,-3.233225345611572266e+00,-3.835093498229980469e+00,1.021402645111083984e+01
-2.637080907821655273e+00,-4.163434028625488281e+00,-8.908348083496093750e+00,-2.485501527786254883e+00,-5.984678268432617188e+00,-2.754827260971069336e+00,-3.233359098434448242e+00,-3.843774557113647461e+00,1.020744037628173828e+01
-2.698171854019165039e+00,-4.200277805328369141e+00,-8.889265060424804688e+00,-2.580891132354736328e+00,-6.033170700073242188e+00,-2.849114179611206055e+00,-3.250756263732910156e+00,-3.874304771423339844e+00,1.017944526672363281e+01
-2.626182794570922852e+00,-4.183655738830566406e+00,-9.072736740112304688e+00,-2.651840209960937500e+00,-6.144027709960937500e+00,-3.023743867874145508e+00,-3.192413091659545898e+00,-3.790908098220825195e+00,1.015088844299316406e+01
-2.666101217269897461e+00,-4.213478088378906250e+00,-8.887354850769042969e+00,-2.535263538360595703e+00,-6.020478248596191406e+00,-2.789053916931152344e+00,-3.252340316772460938e+00,-3.842290401458740234e+00,1.019048786163330078e+01
-2.657467603683471680e+00,-4.165140151977539062e+00,-8.881486892700195312e+00,-2.495819568634033203e+00,-5.968289375305175781e+00,-2.773407459259033203e+00,-3.235606908798217773e+00,-3.862239837646484375e+00,1.021384620666503906e+01
-2.601443290710449219e+00,-4.173915386199951172e+00,-8.938162803649902344e+00,-2.431991577148437500e+00,-5.963070869445800781e+00,-2.660592555999755859e+00,-3.226334333419799805e+00,-3.830142498016357422e+00,1.021354866027832031e+01
-2.611816644668579102e+00,-4.108384609222412109e+00,-9.439578056335449219e+00,-2.279496669769287109e+00,-5.867664337158203125e+00,-2.372190475463867188e+00,-3.205849885940551758e+00,-3.795942544937133789e+00,1.028466892242431641e+01
-2.609937191009521484e+00,-4.102235794067382812e+00,-9.390292167663574219e+00,-2.290599346160888672e+00,-5.845645904541015625e+00,-2.380409717559814453e+00,-3.200796604156494141e+00,-3.796993017196655273e+00,1.026712131500244141e+01
-2.609686613082885742e+00,-4.081209659576416016e+00,-9.433403968811035156e+00,-2.270061969757080078e+00,-5.855225563049316406e+00,-2.363725423812866211e+00,-3.196762561798095703e+00,-3.785983800888061523e+00,1.028292369842529297e+01
-2.596997499465942383e+00,-4.039520263671875000e+00,-9.464164733886718750e+00,-2.274071693420410156e+00,-5.838418960571289062e+00,-2.436619281768798828e+00,-3.135297775268554688e+00,-3.790104389190673828e+00,1.025212955474853516e+01
-2.613544702529907227e+00,-4.109077930450439453e+00,-9.413581848144531250e+00,-2.281512737274169922e+00,-5.856737136840820312e+00,-2.366339445114135742e+00,-3.203520059585571289e+00,-3.793305635452270508e+00,1.027902317047119141e+01
-2.607818603515625000e+00,-4.150419712066650391e+00,-9.317118644714355469e+00,-2.334844589233398438e+00,-5.853131294250488281e+00,-2.413543224334716797e+00,-3.191673040390014648e+00,-3.791388750076293945e+00,1.021041011810302734e+01
-2.601216554641723633e+00,-4.086107730865478516e+00,-9.423886299133300781e+00,-2.295710086822509766e+00,-5.857916831970214844e+00,-2.405584573745727539e+00,-3.194313287734985352e+00,-3.798490762710571289e+00,1.025959491729736328e+01
-2.505242824554443359e+00,-3.882820606231689453e+00,-9.368340492248535156e+00,-2.151811599731445312e+00,-5.788853645324707031e+00,-2.484349250793457031e+00,-3.030915498733520508e+00,-3.718415260314941406e+00,1.019956684112548828e+01
-2.587149143218994141e+00,-4.067178726196289062e+00,-9.336743354797363281e+00,-2.270720481872558594e+00,-5.849586486816406250e+00,-2.414042949676513672e+00,-3.182230710983276367e+00,-3.804221630096435547e+00,1.026603889465332031e+01
-2.584096670150756836e+00,-4.068563938140869141e+00,-9.352289199829101562e+00,-2.274754047393798828e+00,-5.861628532409667969e+00,-2.421987295150756836e+00,-3.181833267211914062e+00,-3.799940824508666992e+00,1.025770568847656250e+01
-3.333271265029907227e+00,-4.245906352996826172e+00,-1.001103591918945312e+01,-3.787837982177734375e+00,-6.991529464721679688e+00,-4.344217777252197266e+00,-3.506793260574340820e+00,-3.796236753463745117e+00,9.682899475097656250e+00
-2.660101652145385742e+00,-3.933145046234130859e+00,-9.446190834045410156e+00,-2.507651329040527344e+00,-5.994763374328613281e+00,-2.856175422668457031e+00,-2.905793428421020508e+00,-3.935726165771484375e+00,1.005742549896240234e+01
-2.942805767059326172e+00,-4.025937557220458984e+00,-9.745078086853027344e+00,-3.190480232238769531e+00,-6.484646797180175781e+00,-3.828335046768188477e+00,-3.214725494384765625e+00,-3.934764146804809570e+00,9.865219116210937500e+00
-2.654281854629516602e+00,-4.164333820343017578e+00,-9.378213882446289062e+00,-2.790417671203613281e+00,-6.268611907958984375e+00,-3.155867338180541992e+00,-3.160218238830566406e+00,-3.806446552276611328e+00,1.003248500823974609e+01
-2.653801202774047852e+00,-3.782201290130615234e+00,-9.341284751892089844e+00,-2.334914684295654297e+00,-5.814030647277832031e+00,-2.758399963378906250e+00,-2.719209671020507812e+00,-4.017912864685058594e+00,1.006989479064941406e+01
-2.978519916534423828e+00,-3.873972892761230469e+00,-9.828103065490722656e+00,-2.972558498382568359e+00,-6.374932289123535156e+00,-3.523931980133056641e+00,-2.884072780609130859e+00,-4.000043392181396484e+00,9.862401008605957031e+00
-2.590520143508911133e+00,-4.079131126403808594e+00,-9.235569000244140625e+00,-2.599794149398803711e+00,-6.050386428833007812e+00,-2.839710712432861328e+00,-3.072337865829467773e+00,-3.789679288864135742e+00,1.009835624694824219e+01
-2.700556755065917969e+00,-4.057420730590820312e+00,-9.397492408752441406e+00,-2.987835884094238281e+00,-6.377678871154785156e+00,-3.411800146102905273e+00,-3.060233354568481445e+00,-3.728909492492675781e+00,9.889178276062011719e+00
-2.681019306182861328e+00,-4.036477565765380859e+00,-9.510518074035644531e+00,-2.725338459014892578e+00,-6.129445075988769531e+00,-3.063790798187255859e+00,-2.996280908584594727e+00,-3.904237747192382812e+00,9.991620063781738281e+00
-2.598402261734008789e+00,-4.171218395233154297e+00,-9.183700561523437500e+00,-2.705545186996459961e+00,-6.180288314819335938e+00,-3.009739160537719727e+00,-3.101401329040527344e+00,-3.744489908218383789e+00,1.005956840515136719e+01
