-4.173956871032714844e+00,-7.490031242370605469e+00,-1.154181480407714844e+01,-4.919791698455810547e+00,-7.719934463500976562e+00,-4.502396583557128906e+00,-3.898089885711669922e+00,-4.289605617523193359e+00
-4.373812675476074219e+00,-7.507987976074218750e+00,-1.155562400817871094e+01,-4.928051471710205078e+00,-7.422169685363769531e+00,-2.225046634674072266e+00,-4.353134155273437500e+00,-4.128711700439453125e+00
-5.031064987182617188e+00,-6.550491333007812500e+00,-1.100098991394042969e+01,-3.484472990036010742e+00,-7.453622817993164062e+00,-1.498356580734252930e+00,-3.448242425918579102e+00,-4.891123294830322266e+00
-4.116027355194091797e+00,-7.789885044097900391e+00,-1.152418518066406250e+01,-4.791190147399902344e+00,-7.604944229125976562e+00,-4.649768352508544922e+00,-4.334008216857910156e+00,-3.911038398742675781e+00
-4.777822971343994141e+00,-7.075968742370605469e+00,-1.158291053771972656e+01,-5.087195396423339844e+00,-7.038558006286621094e+00,-1.633806705474853516e+00,-4.242983818054199219e+00,-4.741729259490966797e+00
-4.007477760314941406e+00,-7.660169601440429688e+00,-1.131899261474609375e+01,-4.715075492858886719e+00,-7.625870704650878906e+00,-4.457352638244628906e+00,-4.158034801483154297e+00,-3.805923461914062500e+00
-4.067157745361328125e+00,-7.782052516937255859e+00,-1.139523887634277344e+01,-4.672319889068603516e+00,-7.586533546447753906e+00,-4.533845424652099609e+00,-4.335759639739990234e+00,-3.779690265655517578e+00
-4.179379463195800781e+00,-7.784474372863769531e+00,-1.160953807830810547e+01,-4.817468643188476562e+00,-7.589912414550781250e+00,-4.636397361755371094e+00,-4.338455200195312500e+00,-3.964831829071044922e+00
-4.158088684082031250e+00,-7.799136638641357422e+00,-1.156397247314453125e+01,-4.748270988464355469e+00,-7.551362991333007812e+00,-4.660934925079345703e+00,-4.375863552093505859e+00,-3.920612335205078125e+00
-4.078133583068847656e+00,-7.731539249420166016e+00,-1.136382484436035156e+01,-4.678879261016845703e+00,-7.570476055145263672e+00,-4.500826835632324219e+00,-4.293895721435546875e+00,-3.757404088973999023e+00
-4.072552680969238281e+00,-7.777034759521484375e+00,-1.143395805358886719e+01,-4.712555885314941406e+00,-7.639494895935058594e+00,-4.537200927734375000e+00,-4.326526641845703125e+00,-3.826694965362548828e+00
-4.111825942993164062e+00,-7.786005973815917969e+00,-1.140872764587402344e+01,-4.661235332489013672e+00,-7.578944206237792969e+00,-4.561417579650878906e+00,-4.370167255401611328e+00,-3.828351497650146484e+00
-5.608576774597167969e+00,-6.394911766052246094e+00,-1.052288627624511719e+01,-6.273496627807617188e+00,-1.005742263793945312e+01,-9.369775056838989258e-01,-2.258591175079345703e+00,-2.354849100112915039e+00
-4.490904808044433594e+00,-6.390768051147460938e+00,-1.032457828521728516e+01,-1.864604353904724121e+00,-7.846887588500976562e+00,-1.159131288528442383e+00,-2.708817005157470703e+00,-4.607175350189208984e+00
-4.401717185974121094e+00,-6.288537979125976562e+00,-1.044827651977539062e+01,-1.455245494842529297e+00,-7.001897335052490234e+00,-8.235188722610473633e-01,-3.080197095870971680e+00,-4.526064872741699219e+00
-4.440311908721923828e+00,-6.338499069213867188e+00,-1.040440368652343750e+01,-1.485688447952270508e+00,-7.020668983459472656e+00,-8.446930646896362305e-01,-3.051445484161376953e+00,-4.550653934478759766e+00
-4.356972694396972656e+00,-6.888576030731201172e+00,-1.052571964263916016e+01,-2.107228040695190430e+00,-7.941258430480957031e+00,-1.578684091567993164e+00,-2.918762445449829102e+00,-4.418218612670898438e+00
-3.913919925689697266e+00,-7.742846488952636719e+00,-1.084753608703613281e+01,-3.035529375076293945e+00,-7.582881927490234375e+00,-4.396020889282226562e+00,-3.777284145355224609e+00,-4.048031806945800781e+00
-3.868065834045410156e+00,-7.543632507324218750e+00,-1.070047950744628906e+01,-2.587563514709472656e+00,-7.346518516540527344e+00,-3.014573574066162109e+00,-3.775847434997558594e+00,-4.286943435668945312e+00
-3.640388250350952148e+00,-6.844496726989746094e+00,-1.029433250427246094e+01,-2.028920650482177734e+00,-6.580880165100097656e+00,-1.415596961975097656e+00,-3.480242490768432617e+00,-4.313381671905517578e+00
-3.739132881164550781e+00,-7.582885742187500000e+00,-1.066411781311035156e+01,-3.164111852645874023e+00,-7.108799934387207031e+00,-3.033327579498291016e+00,-4.135762214660644531e+00,-3.962283611297607422e+00
-3.876687765121459961e+00,-6.485669136047363281e+00,-1.014212608337402344e+01,-1.650043845176696777e+00,-6.729373931884765625e+00,-1.075881242752075195e+00,-3.360232591629028320e+00,-4.292995929718017578e+00
-3.434936285018920898e+00,-7.031853675842285156e+00,-9.956449508666992188e+00,-2.518208026885986328e+00,-6.203125000000000000e+00,-1.551520824432373047e+00,-3.794456481933593750e+00,-4.020768165588378906e+00
-3.728325128555297852e+00,-7.152830123901367188e+00,-1.037534713745117188e+01,-2.530487060546875000e+00,-6.348010063171386719e+00,-1.441143274307250977e+00,-3.839627981185913086e+00,-4.204382896423339844e+00
-3.116737127304077148e+00,-6.913892745971679688e+00,-9.712677001953125000e+00,-2.448322772979736328e+00,-6.041251659393310547e+00,-1.698414802551269531e+00,-3.505028486251831055e+00,-3.902698516845703125e+00
-3.523992538452148438e+00,-7.456230163574218750e+00,-1.028250694274902344e+01,-2.968537569046020508e+00,-6.149304866790771484e+00,-1.893406152725219727e+00,-4.081501483917236328e+00,-3.726761341094970703e+00
-4.027569770812988281e+00,-7.715013504028320312e+00,-1.137960720062255859e+01,-4.570746421813964844e+00,-7.549892425537109375e+00,-4.443387985229492188e+00,-4.346121788024902344e+00,-3.972303867340087891e+00
-4.091061592102050781e+00,-7.772848606109619141e+00,-1.139802932739257812e+01,-4.599831104278564453e+00,-7.592120170593261719e+00,-4.530084133148193359e+00,-4.368644237518310547e+00,-3.883492946624755859e+00
-4.098444938659667969e+00,-7.789268493652343750e+00,-1.139321517944335938e+01,-4.607014656066894531e+00,-7.604928970336914062e+00,-4.542997360229492188e+00,-4.362888813018798828e+00,-3.858590126037597656e+00
-4.118972778320312500e+00,-7.742504119873046875e+00,-1.140654563903808594e+01,-4.580194950103759766e+00,-7.661202430725097656e+00,-4.490862846374511719e+00,-4.362817764282226562e+00,-3.872378349304199219e+00
-4.110988140106201172e+00,-7.778593540191650391e+00,-1.139277839660644531e+01,-4.643058776855468750e+00,-7.620800018310546875e+00,-4.546943664550781250e+00,-4.341696262359619141e+00,-3.850945949554443359e+00
-2.750289201736450195e+00,-7.118415355682373047e+00,-9.732984542846679688e+00,-2.600532054901123047e+00,-6.005335807800292969e+00,-3.027770280838012695e+00,-3.780697822570800781e+00,-4.016047954559326172e+00
-4.116130828857421875e+00,-7.787445068359375000e+00,-1.139196968078613281e+01,-4.628072738647460938e+00,-7.619388580322265625e+00,-4.546317100524902344e+00,-4.348361968994140625e+00,-3.856703281402587891e+00
-4.108727455139160156e+00,-7.782328605651855469e+00,-1.138748455047607422e+01,-4.635714054107666016e+00,-7.606266975402832031e+00,-4.554355621337890625e+00,-4.350188732147216797e+00,-3.844640254974365234e+00
-4.112356662750244141e+00,-7.797946929931640625e+00,-1.141195678710937500e+01,-4.602518081665039062e+00,-7.621076583862304688e+00,-4.514203548431396484e+00,-4.368838787078857422e+00,-3.873010158538818359e+00
-4.121484756469726562e+00,-7.795022010803222656e+00,-1.142472457885742188e+01,-4.651507854461669922e+00,-7.634090423583984375e+00,-4.559967517852783203e+00,-4.340276718139648438e+00,-3.861440658569335938e+00
-4.137836456298828125e+00,-7.772053718566894531e+00,-1.139192771911621094e+01,-4.628287315368652344e+00,-7.658619403839111328e+00,-4.522292137145996094e+00,-4.344939231872558594e+00,-3.836994647979736328e+00
-4.123854637145996094e+00,-7.795408248901367188e+00,-1.141511821746826172e+01,-4.646971225738525391e+00,-7.649433135986328125e+00,-4.556355476379394531e+00,-4.333538532257080078e+00,-3.862368106842041016e+00
-4.131200790405273438e+00,-7.779051780700683594e+00,-1.140244197845458984e+01,-4.637026309967041016e+00,-7.644997596740722656e+00,-4.531162261962890625e+00,-4.347145080566406250e+00,-3.834506511688232422e+00
-4.233098030090332031e+00,-7.815035343170166016e+00,-1.139132976531982422e+01,-4.820703983306884766e+00,-7.737726688385009766e+00,-4.644312858581542969e+00,-4.131699085235595703e+00,-4.251572132110595703e+00
-4.146730422973632812e+00,-7.861600875854492188e+00,-1.135886955261230469e+01,-4.813161849975585938e+00,-7.643253803253173828e+00,-4.728408813476562500e+00,-4.203271865844726562e+00,-4.065420150756835938e+00
-4.095457077026367188e+00,-7.829149246215820312e+00,-1.126696395874023438e+01,-4.698026657104492188e+00,-7.536798477172851562e+00,-4.691459178924560547e+00,-4.265787124633789062e+00,-3.939005374908447266e+00
-4.142193794250488281e+00,-7.815752983093261719e+00,-1.150505638122558594e+01,-4.765837669372558594e+00,-7.637343406677246094e+00,-4.584059715270996094e+00,-4.321476459503173828e+00,-3.927695751190185547e+00
-4.087048530578613281e+00,-7.837828636169433594e+00,-1.126584148406982422e+01,-4.754892826080322266e+00,-7.584959506988525391e+00,-4.692564964294433594e+00,-4.241413116455078125e+00,-3.941131114959716797e+00
-4.098082542419433594e+00,-7.760642051696777344e+00,-1.139550971984863281e+01,-4.643846988677978516e+00,-7.598546981811523438e+00,-4.529218673706054688e+00,-4.330397605895996094e+00,-3.872421264648437500e+00
-4.107971668243408203e+00,-7.804939270019531250e+00,-1.140089702606201172e+01,-4.659126758575439453e+00,-7.599491119384765625e+00,-4.557632446289062500e+00,-4.347636222839355469e+00,-3.864494323730468750e+00
-4.103162765502929688e+00,-7.791172981262207031e+00,-1.140127372741699219e+01,-4.654109001159667969e+00,-7.598325729370117188e+00,-4.558310508728027344e+00,-4.348421573638916016e+00,-3.861321926116943359e+00
-4.111653804779052734e+00,-7.810207843780517578e+00,-1.142065811157226562e+01,-4.653666019439697266e+00,-7.596385002136230469e+00,-4.570060729980468750e+00,-4.360366821289062500e+00,-3.868663311004638672e+00
-4.144826889038085938e+00,-7.839473724365234375e+00,-1.144880962371826172e+01,-4.713944435119628906e+00,-7.664322853088378906e+00,-4.519824028015136719e+00,-4.314472198486328125e+00,-3.918088912963867188e+00
-4.216004848480224609e+00,-7.775334358215332031e+00,-1.156556606292724609e+01,-4.799639701843261719e+00,-7.655252456665039062e+00,-4.520376205444335938e+00,-4.227571964263916016e+00,-4.108267307281494141e+00
-4.088046073913574219e+00,-7.786195755004882812e+00,-1.136972141265869141e+01,-4.656912803649902344e+00,-7.588333129882812500e+00,-4.567945480346679688e+00,-4.357328414916992188e+00,-3.866883754730224609e+00
-4.110344886779785156e+00,-7.786098003387451172e+00,-1.143227958679199219e+01,-4.644093036651611328e+00,-7.598175048828125000e+00,-4.571589469909667969e+00,-4.342894077301025391e+00,-3.858067989349365234e+00
-4.870270729064941406e+00,-6.797673225402832031e+00,-1.155859375000000000e+01,-4.947309970855712891e+00,-7.133896827697753906e+00,-1.649276971817016602e+00,-4.217821598052978516e+00,-5.007290363311767578e+00
-4.143370628356933594e+00,-7.732215404510498047e+00,-1.130287551879882812e+01,-4.879550457000732422e+00,-7.677814483642578125e+00,-4.891469001770019531e+00,-4.099988937377929688e+00,-4.149995326995849609e+00
-4.141472816467285156e+00,-7.792091369628906250e+00,-1.137126350402832031e+01,-4.726627826690673828e+00,-7.627851486206054688e+00,-4.553468704223632812e+00,-4.273584842681884766e+00,-3.948036193847656250e+00
-4.085155963897705078e+00,-7.786100387573242188e+00,-1.129413414001464844e+01,-4.670184612274169922e+00,-7.525561809539794922e+00,-4.601458549499511719e+00,-4.310327529907226562e+00,-3.877123832702636719e+00
-4.129254817962646484e+00,-7.787944316864013672e+00,-1.137365818023681641e+01,-4.692495346069335938e+00,-7.613226413726806641e+00,-4.520576477050781250e+00,-4.278929710388183594e+00,-3.937573909759521484e+00
-4.567382812500000000e+00,-7.384473323822021484e+00,-1.158981037139892578e+01,-4.901442050933837891e+00,-7.638505935668945312e+00,-2.328993320465087891e+00,-4.140499591827392578e+00,-4.551630020141601562e+00
-4.083983421325683594e+00,-7.793901920318603516e+00,-1.130395317077636719e+01,-4.672222137451171875e+00,-7.530155181884765625e+00,-4.606167793273925781e+00,-4.321489334106445312e+00,-3.862826347351074219e+00
-4.117483139038085938e+00,-7.681836605072021484e+00,-1.120453262329101562e+01,-4.853242397308349609e+00,-7.608142375946044922e+00,-4.972985267639160156e+00,-4.043523788452148438e+00,-4.074082851409912109e+00
-4.088534355163574219e+00,-7.797054767608642578e+00,-1.130589866638183594e+01,-4.668366432189941406e+00,-7.528392791748046875e+00,-4.604533672332763672e+00,-4.312051296234130859e+00,-3.879498958587646484e+00
-4.141837120056152344e+00,-7.789163112640380859e+00,-1.130416011810302734e+01,-4.715169906616210938e+00,-7.575630187988281250e+00,-4.625324249267578125e+00,-4.215291023254394531e+00,-3.980658531188964844e+00
-4.103433609008789062e+00,-7.790830612182617188e+00,-1.126437282562255859e+01,-4.686686515808105469e+00,-7.527630329132080078e+00,-4.648340225219726562e+00,-4.246357917785644531e+00,-3.940479278564453125e+00
-4.149398803710937500e+00,-7.818869590759277344e+00,-1.132823944091796875e+01,-4.729862213134765625e+00,-7.595106601715087891e+00,-4.630132675170898438e+00,-4.234672546386718750e+00,-3.972432613372802734e+00
-4.371985912322998047e+00,-7.584250926971435547e+00,-1.106046676635742188e+01,-5.099794864654541016e+00,-8.009383201599121094e+00,-4.958658695220947266e+00,-3.842838287353515625e+00,-4.669241428375244141e+00
-4.100705146789550781e+00,-7.776885032653808594e+00,-1.138715362548828125e+01,-4.652736663818359375e+00,-7.582432746887207031e+00,-4.551607608795166016e+00,-4.374615669250488281e+00,-3.838157892227172852e+00
-4.118596553802490234e+00,-7.786080360412597656e+00,-1.141594409942626953e+01,-4.658852100372314453e+00,-7.594162940979003906e+00,-4.565188407897949219e+00,-4.363882064819335938e+00,-3.839276790618896484e+00
-4.116806030273437500e+00,-7.783302307128906250e+00,-1.140490341186523438e+01,-4.652687072753906250e+00,-7.598301887512207031e+00,-4.551861763000488281e+00,-4.360853672027587891e+00,-3.842255592346191406e+00
-4.099463462829589844e+00,-7.772880554199218750e+00,-1.138951683044433594e+01,-4.651572227478027344e+00,-7.579296588897705078e+00,-4.548390388488769531e+00,-4.372311115264892578e+00,-3.834488391876220703e+00
-4.104209899902343750e+00,-7.775068283081054688e+00,-1.139225673675537109e+01,-4.652945041656494141e+00,-7.594281196594238281e+00,-4.546423912048339844e+00,-4.361119270324707031e+00,-3.847671031951904297e+00
-4.117793083190917969e+00,-7.792538642883300781e+00,-1.141488838195800781e+01,-4.655838012695312500e+00,-7.606361389160156250e+00,-4.567523956298828125e+00,-4.353917121887207031e+00,-3.849738597869873047e+00
-4.107101440429687500e+00,-7.777119159698486328e+00,-1.139270401000976562e+01,-4.650317668914794922e+00,-7.593838691711425781e+00,-4.544768333435058594e+00,-4.360951900482177734e+00,-3.843318462371826172e+00
-4.117691993713378906e+00,-7.783775329589843750e+00,-1.140306663513183594e+01,-4.650088310241699219e+00,-7.592495441436767578e+00,-4.545965671539306641e+00,-4.364340782165527344e+00,-3.836709260940551758e+00
-4.085566520690917969e+00,-7.740186691284179688e+00,-1.138297748565673828e+01,-4.603378295898437500e+00,-7.570733070373535156e+00,-4.466260910034179688e+00,-4.317309379577636719e+00,-3.899730682373046875e+00
-4.026126384735107422e+00,-7.786013603210449219e+00,-1.131297492980957031e+01,-4.557625770568847656e+00,-7.502928733825683594e+00,-4.380470275878906250e+00,-4.285586357116699219e+00,-3.838843107223510742e+00
-4.120177268981933594e+00,-7.788288116455078125e+00,-1.140786933898925781e+01,-4.660978317260742188e+00,-7.617355346679687500e+00,-4.552073478698730469e+00,-4.359275341033935547e+00,-3.852805137634277344e+00
-4.081060409545898438e+00,-7.765420913696289062e+00,-1.139824199676513672e+01,-4.553410053253173828e+00,-7.635779380798339844e+00,-4.493943214416503906e+00,-4.460257530212402344e+00,-3.873794078826904297e+00
-4.097731590270996094e+00,-7.771455764770507812e+00,-1.139739799499511719e+01,-4.650134086608886719e+00,-7.586303234100341797e+00,-4.539073944091796875e+00,-4.352528572082519531e+00,-3.842641592025756836e+00
-4.084158897399902344e+00,-7.747654914855957031e+00,-1.137191200256347656e+01,-4.661050796508789062e+00,-7.551194190979003906e+00,-4.533399581909179688e+00,-4.336744308471679688e+00,-3.819044113159179688e+00
-4.088692665100097656e+00,-7.751290798187255859e+00,-1.136541175842285156e+01,-4.667225837707519531e+00,-7.556502342224121094e+00,-4.535631179809570312e+00,-4.333511829376220703e+00,-3.810363531112670898e+00
-4.091745376586914062e+00,-7.753878593444824219e+00,-1.137413692474365234e+01,-4.666643619537353516e+00,-7.556162834167480469e+00,-4.534442424774169922e+00,-4.344601631164550781e+00,-3.811790466308593750e+00
-4.089390754699707031e+00,-7.773105621337890625e+00,-1.136693572998046875e+01,-4.649708747863769531e+00,-7.560839176177978516e+00,-4.550025939941406250e+00,-4.357062339782714844e+00,-3.815325736999511719e+00
-4.092172145843505859e+00,-7.671404838562011719e+00,-1.136800289154052734e+01,-4.631794929504394531e+00,-7.693337440490722656e+00,-4.463918685913085938e+00,-4.218166828155517578e+00,-3.992987632751464844e+00
-4.090725421905517578e+00,-7.731360435485839844e+00,-1.138895034790039062e+01,-4.644577980041503906e+00,-7.615486621856689453e+00,-4.491955280303955078e+00,-4.295026302337646484e+00,-3.883365631103515625e+00
-4.101301193237304688e+00,-7.806558609008789062e+00,-1.142171096801757812e+01,-4.666234970092773438e+00,-7.589288234710693359e+00,-4.539491176605224609e+00,-4.353631019592285156e+00,-3.828685522079467773e+00
-4.102193832397460938e+00,-7.789242744445800781e+00,-1.141844463348388672e+01,-4.646497249603271484e+00,-7.587478160858154297e+00,-4.560519218444824219e+00,-4.350898265838623047e+00,-3.845021724700927734e+00
-4.105603218078613281e+00,-7.783796787261962891e+00,-1.139992904663085938e+01,-4.651007652282714844e+00,-7.584833621978759766e+00,-4.562024116516113281e+00,-4.363188266754150391e+00,-3.846716165542602539e+00
-4.083950996398925781e+00,-7.755031585693359375e+00,-1.136941719055175781e+01,-4.625946521759033203e+00,-7.583817481994628906e+00,-4.538919925689697266e+00,-4.351050376892089844e+00,-3.831866025924682617e+00
-4.089032173156738281e+00,-7.773935317993164062e+00,-1.135613059997558594e+01,-4.649344921112060547e+00,-7.578675746917724609e+00,-4.555039405822753906e+00,-4.369077205657958984e+00,-3.836397171020507812e+00
-4.104843139648437500e+00,-7.784501552581787109e+00,-1.139521789550781250e+01,-4.648475170135498047e+00,-7.588061332702636719e+00,-4.567592620849609375e+00,-4.357350826263427734e+00,-3.852808475494384766e+00
-4.103906631469726562e+00,-7.816149711608886719e+00,-1.146518802642822266e+01,-4.697496414184570312e+00,-7.591698169708251953e+00,-4.541087150573730469e+00,-4.375109672546386719e+00,-3.836798667907714844e+00
-4.100580215454101562e+00,-7.806651115417480469e+00,-1.140370559692382812e+01,-4.661882877349853516e+00,-7.581297397613525391e+00,-4.561545372009277344e+00,-4.357384204864501953e+00,-3.844316482543945312e+00
-4.081910610198974609e+00,-7.756527900695800781e+00,-1.129813766479492188e+01,-4.650557041168212891e+00,-7.616137504577636719e+00,-4.524501800537109375e+00,-4.295919418334960938e+00,-3.832083702087402344e+00
-4.218237876892089844e+00,-6.901601791381835938e+00,-1.022614860534667969e+01,-4.791435241699218750e+00,-7.795470714569091797e+00,-4.814764022827148438e+00,-4.391995429992675781e+00,-4.839457988739013672e+00
-4.142750740051269531e+00,-6.911619186401367188e+00,-1.026314544677734375e+01,-4.813081741333007812e+00,-7.635040283203125000e+00,-4.932205200195312500e+00,-4.386348724365234375e+00,-4.824457645416259766e+00
-4.271701812744140625e+00,-6.886149406433105469e+00,-1.056201934814453125e+01,-4.728374004364013672e+00,-7.644747734069824219e+00,-4.789438724517822266e+00,-4.267666816711425781e+00,-4.809360027313232422e+00
-3.518224477767944336e+00,-6.669157505035400391e+00,-1.049417114257812500e+01,-3.827426433563232422e+00,-6.635796546936035156e+00,-4.881072521209716797e+00,-4.366304874420166016e+00,-4.518869876861572266e+00
-4.261286735534667969e+00,-6.909992218017578125e+00,-1.033777046203613281e+01,-4.878330707550048828e+00,-7.808175563812255859e+00,-4.784421443939208984e+00,-4.289107799530029297e+00,-4.844511508941650391e+00
-3.938335657119750977e+00,-6.870442390441894531e+00,-1.071802711486816406e+01,-4.475491046905517578e+00,-7.378101825714111328e+00,-4.741333961486816406e+00,-4.209341049194335938e+00,-4.588542461395263672e+00
-3.462889909744262695e+00,-6.428350925445556641e+00,-1.057268142700195312e+01,-3.667519330978393555e+00,-6.251390457153320312e+00,-4.815274238586425781e+00,-4.452970504760742188e+00,-4.645045757293701172e+00
-3.434141635894775391e+00,-6.405832767486572266e+00,-1.084366130828857422e+01,-3.649628162384033203e+00,-6.157244682312011719e+00,-4.818435668945312500e+00,-4.415662288665771484e+00,-4.616940975189208984e+00
-3.960247993469238281e+00,-6.727490425109863281e+00,-1.016126441955566406e+01,-4.490375995635986328e+00,-7.510832309722900391e+00,-4.918855667114257812e+00,-4.633720874786376953e+00,-4.911828994750976562e+00
-4.168227195739746094e+00,-7.306835174560546875e+00,-1.090613937377929688e+01,-4.664805412292480469e+00,-7.429242134094238281e+00,-4.960986614227294922e+00,-4.140769004821777344e+00,-4.512367725372314453e+00
-4.667928695678710938e+00,-8.045185089111328125e+00,-1.185146141052246094e+01,-5.353445529937744141e+00,-8.061395645141601562e+00,-6.864823341369628906e+00,-6.164342880249023438e+00,-5.652926921844482422e+00
-3.834481477737426758e+00,-6.874232292175292969e+00,-1.042815971374511719e+01,-3.492926836013793945e+00,-6.810656070709228516e+00,-4.331067085266113281e+00,-3.951383352279663086e+00,-4.681856155395507812e+00
-4.124402999877929688e+00,-7.783276557922363281e+00,-1.136901855468750000e+01,-4.629996299743652344e+00,-7.651628494262695312e+00,-4.551548480987548828e+00,-4.327013969421386719e+00,-3.861009120941162109e+00
-3.935838937759399414e+00,-7.273242950439453125e+00,-1.129221820831298828e+01,-4.443754196166992188e+00,-7.262876510620117188e+00,-4.800978660583496094e+00,-4.338955879211425781e+00,-4.240423679351806641e+00
-4.201891899108886719e+00,-7.566516876220703125e+00,-1.086187362670898438e+01,-4.794822692871093750e+00,-7.585756301879882812e+00,-5.074874877929687500e+00,-4.112691879272460938e+00,-4.427043914794921875e+00
-4.303319454193115234e+00,-7.322072982788085938e+00,-9.975231170654296875e+00,-5.464927196502685547e+00,-8.005880355834960938e+00,-5.056890010833740234e+00,-3.940368652343750000e+00,-4.929035663604736328e+00
-4.322878837585449219e+00,-7.410616874694824219e+00,-1.014147186279296875e+01,-5.382474422454833984e+00,-8.019674301147460938e+00,-5.029784202575683594e+00,-3.960670471191406250e+00,-4.903231620788574219e+00
-4.035412788391113281e+00,-7.559749603271484375e+00,-1.114708042144775391e+01,-4.491354465484619141e+00,-7.265460968017578125e+00,-5.055597305297851562e+00,-4.279902935028076172e+00,-3.996110439300537109e+00
-4.323384284973144531e+00,-7.300411701202392578e+00,-9.947468757629394531e+00,-5.488349914550781250e+00,-8.075358390808105469e+00,-5.054308891296386719e+00,-3.896185159683227539e+00,-4.958721160888671875e+00
-4.220855712890625000e+00,-7.656996726989746094e+00,-1.064686012268066406e+01,-5.037481784820556641e+00,-7.849772453308105469e+00,-5.021409034729003906e+00,-4.033607959747314453e+00,-4.672969341278076172e+00
-2.937679052352905273e+00,-6.935338973999023438e+00,-9.859081268310546875e+00,-3.127548456192016602e+00,-6.038493156433105469e+00,-3.524265289306640625e+00,-3.592718839645385742e+00,-4.336277961730957031e+00
-3.643134355545043945e+00,-6.846386909484863281e+00,-1.079504966735839844e+01,-3.564965009689331055e+00,-6.625272750854492188e+00,-4.466036319732666016e+00,-3.756057739257812500e+00,-4.418121337890625000e+00
-3.889131546020507812e+00,-7.042916774749755859e+00,-1.065694236755371094e+01,-4.333050727844238281e+00,-6.959888935089111328e+00,-4.591895103454589844e+00,-3.917899131774902344e+00,-4.583037853240966797e+00
-3.950051307678222656e+00,-7.154897212982177734e+00,-1.108519840240478516e+01,-4.470336437225341797e+00,-7.125148296356201172e+00,-4.807661056518554688e+00,-4.075045585632324219e+00,-4.333589553833007812e+00
-4.444400787353515625e+00,-8.628125190734863281e+00,-1.073224449157714844e+01,-5.573935508728027344e+00,-6.370186805725097656e+00,-5.667182445526123047e+00,-7.706634044647216797e+00,-5.573362827301025391e+00
-3.487821578979492188e+00,-6.536415100097656250e+00,-1.055956649780273438e+01,-3.277238845825195312e+00,-5.951075553894042969e+00,-4.759965896606445312e+00,-4.194094181060791016e+00,-4.610855102539062500e+00
-4.009826660156250000e+00,-7.595790863037109375e+00,-1.055854225158691406e+01,-4.828771114349365234e+00,-5.951153278350830078e+00,-5.530140876770019531e+00,-6.591359138488769531e+00,-5.362447738647460938e+00
-3.255229473114013672e+00,-7.989241123199462891e+00,-1.002719688415527344e+01,-4.304934501647949219e+00,-6.784281730651855469e+00,-5.091837406158447266e+00,-4.916310787200927734e+00,-4.619646549224853516e+00
-3.123978137969970703e+00,-6.649436473846435547e+00,-1.015356254577636719e+01,-3.249116420745849609e+00,-6.315480232238769531e+00,-4.122070312500000000e+00,-3.436742067337036133e+00,-4.147856712341308594e+00
-2.679361343383789062e+00,-7.099946498870849609e+00,-9.585157394409179688e+00,-3.362622976303100586e+00,-6.775856494903564453e+00,-3.986633300781250000e+00,-3.361906766891479492e+00,-3.846621990203857422e+00
-3.018516063690185547e+00,-6.960782527923583984e+00,-9.812647819519042969e+00,-3.409426450729370117e+00,-6.772464275360107422e+00,-4.286155223846435547e+00,-3.483222484588623047e+00,-3.649191379547119141e+00
-2.656354904174804688e+00,-7.331783294677734375e+00,-9.932718276977539062e+00,-4.205987453460693359e+00,-6.607793807983398438e+00,-3.976930141448974609e+00,-4.024149894714355469e+00,-4.198262214660644531e+00
-3.182317256927490234e+00,-6.527212142944335938e+00,-1.027879333496093750e+01,-3.335566043853759766e+00,-6.078944206237792969e+00,-4.706480026245117188e+00,-4.194975376129150391e+00,-4.382139682769775391e+00
-3.384282827377319336e+00,-6.523341178894042969e+00,-1.077370357513427734e+01,-3.290207147598266602e+00,-6.072759628295898438e+00,-4.663248062133789062e+00,-4.023344993591308594e+00,-4.485531330108642578e+00
-2.927959203720092773e+00,-6.824873447418212891e+00,-1.067275333404541016e+01,-4.124906063079833984e+00,-6.946949958801269531e+00,-4.591014385223388672e+00,-3.791605472564697266e+00,-3.536269187927246094e+00
-2.947665452957153320e+00,-6.616227626800537109e+00,-1.097385787963867188e+01,-4.682692527770996094e+00,-7.310668945312500000e+00,-5.074374198913574219e+00,-4.683228492736816406e+00,-3.427907466888427734e+00
-2.689417362213134766e+00,-7.139221668243408203e+00,-9.395019531250000000e+00,-3.602404117584228516e+00,-6.890239715576171875e+00,-4.102396011352539062e+00,-3.655686378479003906e+00,-3.980014324188232422e+00
-3.200057983398437500e+00,-8.354364395141601562e+00,-9.982164382934570312e+00,-4.259434700012207031e+00,-7.313384056091308594e+00,-5.473064422607421875e+00,-5.814501285552978516e+00,-4.627165317535400391e+00
-3.370700597763061523e+00,-7.167315959930419922e+00,-1.091788291931152344e+01,-4.218107700347900391e+00,-6.814911365509033203e+00,-5.057853698730468750e+00,-4.690619468688964844e+00,-4.621606826782226562e+00
-3.493578195571899414e+00,-6.356818199157714844e+00,-1.104103374481201172e+01,-3.689021348953247070e+00,-6.150515079498291016e+00,-4.843369960784912109e+00,-4.565409183502197266e+00,-4.703412532806396484e+00
-3.254240274429321289e+00,-6.895927906036376953e+00,-9.997941970825195312e+00,-3.270328044891357422e+00,-6.199018955230712891e+00,-4.734655380249023438e+00,-4.271697044372558594e+00,-4.364054203033447266e+00
-3.325006961822509766e+00,-6.434620380401611328e+00,-1.098042011260986328e+01,-3.986670970916748047e+00,-6.427790641784667969e+00,-4.976999759674072266e+00,-4.581281661987304688e+00,-4.593272209167480469e+00
-3.415392637252807617e+00,-6.756272315979003906e+00,-1.076032352447509766e+01,-4.287473678588867188e+00,-6.642499923706054688e+00,-4.923282623291015625e+00,-4.614448547363281250e+00,-4.668206214904785156e+00
-3.365378379821777344e+00,-6.650146484375000000e+00,-1.104574584960937500e+01,-4.159079074859619141e+00,-6.505249023437500000e+00,-4.954616546630859375e+00,-4.598710536956787109e+00,-4.638912200927734375e+00
-3.659686088562011719e+00,-8.063654899597167969e+00,-1.142506599426269531e+01,-5.487120151519775391e+00,-7.874156475067138672e+00,-6.043010711669921875e+00,-6.500723361968994141e+00,-4.542571067810058594e+00
-3.701747417449951172e+00,-8.235392570495605469e+00,-1.125910091400146484e+01,-5.392104625701904297e+00,-7.790130615234375000e+00,-5.948469161987304688e+00,-6.579779148101806641e+00,-4.648768424987792969e+00
-3.265752315521240234e+00,-8.236835479736328125e+00,-9.930570602416992188e+00,-4.250144004821777344e+00,-7.322418212890625000e+00,-5.342187881469726562e+00,-5.775185585021972656e+00,-4.604210376739501953e+00
-3.330068588256835938e+00,-8.463222503662109375e+00,-1.030997180938720703e+01,-4.232667922973632812e+00,-7.325939655303955078e+00,-5.503797531127929688e+00,-5.584933280944824219e+00,-4.723424434661865234e+00
-2.983066320419311523e+00,-8.569775581359863281e+00,-9.281425476074218750e+00,-4.547995567321777344e+00,-8.524039268493652344e+00,-5.252326965332031250e+00,-6.355134010314941406e+00,-3.843859672546386719e+00
-2.914982795715332031e+00,-8.548574447631835938e+00,-9.328448295593261719e+00,-4.476293087005615234e+00,-8.078134536743164062e+00,-5.305950164794921875e+00,-6.461885929107666016e+00,-4.145556926727294922e+00
-4.447717666625976562e+00,-7.334860801696777344e+00,-9.860799789428710938e+00,-5.566960811614990234e+00,-8.110404968261718750e+00,-5.167665481567382812e+00,-3.951342821121215820e+00,-5.137016296386718750e+00
-4.369462966918945312e+00,-7.243867397308349609e+00,-9.794099807739257812e+00,-5.522376060485839844e+00,-8.001472473144531250e+00,-5.170206069946289062e+00,-3.894623041152954102e+00,-5.049219608306884766e+00
-4.366041660308837891e+00,-7.213067054748535156e+00,-9.852173805236816406e+00,-5.479732513427734375e+00,-8.008707046508789062e+00,-5.142339706420898438e+00,-3.895355224609375000e+00,-5.021501541137695312e+00
-4.637732505798339844e+00,-7.406251430511474609e+00,-1.002112960815429688e+01,-5.713905811309814453e+00,-8.258781433105468750e+00,-5.311915397644042969e+00,-3.978034973144531250e+00,-5.252139091491699219e+00
-4.377165794372558594e+00,-7.306493759155273438e+00,-9.820966720581054688e+00,-5.533201217651367188e+00,-8.012712478637695312e+00,-5.203395843505859375e+00,-3.970520496368408203e+00,-5.077342033386230469e+00
-4.357450485229492188e+00,-7.254055976867675781e+00,-9.780591964721679688e+00,-5.521927356719970703e+00,-8.005475997924804688e+00,-5.172147274017333984e+00,-3.899387836456298828e+00,-5.044682025909423828e+00
-4.351130485534667969e+00,-7.217914104461669922e+00,-9.961606979370117188e+00,-5.419452667236328125e+00,-7.970493316650390625e+00,-5.066777229309082031e+00,-3.930498838424682617e+00,-4.973249912261962891e+00
-4.213593482971191406e+00,-7.194733142852783203e+00,-9.974332809448242188e+00,-5.488737583160400391e+00,-7.667329788208007812e+00,-5.208540916442871094e+00,-4.202064037322998047e+00,-4.931254386901855469e+00
-4.285924911499023438e+00,-7.453616142272949219e+00,-1.021229553222656250e+01,-5.415632724761962891e+00,-7.898978710174560547e+00,-5.180622100830078125e+00,-4.289054393768310547e+00,-5.004371643066406250e+00
-4.343005180358886719e+00,-7.288677215576171875e+00,-1.055327033996582031e+01,-5.400007247924804688e+00,-7.313742637634277344e+00,-5.342910766601562500e+00,-4.752488136291503906e+00,-5.080965518951416016e+00
-4.290830612182617188e+00,-7.233002662658691406e+00,-9.791335105895996094e+00,-5.511701107025146484e+00,-8.008698463439941406e+00,-5.100872993469238281e+00,-3.902534961700439453e+00,-4.999443054199218750e+00
-4.459238052368164062e+00,-7.323713302612304688e+00,-1.127027130126953125e+01,-5.276418685913085938e+00,-6.996621131896972656e+00,-5.342497825622558594e+00,-5.181422710418701172e+00,-5.267727375030517578e+00
-4.203474998474121094e+00,-7.236874580383300781e+00,-9.973491668701171875e+00,-5.470651626586914062e+00,-7.759892463684082031e+00,-4.996026039123535156e+00,-4.012017250061035156e+00,-4.854706764221191406e+00
-4.086383819580078125e+00,-7.666519165039062500e+00,-1.138585948944091797e+01,-4.707953929901123047e+00,-7.729160308837890625e+00,-4.477674484252929688e+00,-4.181361198425292969e+00,-3.909292221069335938e+00
-4.083872318267822266e+00,-7.680101871490478516e+00,-1.138515853881835938e+01,-4.704108238220214844e+00,-7.705231189727783203e+00,-4.498552322387695312e+00,-4.213227272033691406e+00,-3.888034820556640625e+00
-4.651232242584228516e+00,-7.060315608978271484e+00,-1.091034698486328125e+01,-6.069877624511718750e+00,-8.872920036315917969e+00,-3.701511383056640625e+00,-3.791701793670654297e+00,-2.276914834976196289e+00
-4.049908638000488281e+00,-7.606366157531738281e+00,-1.139270782470703125e+01,-4.633480548858642578e+00,-7.603788852691650391e+00,-4.494485855102539062e+00,-4.148368835449218750e+00,-4.009331703186035156e+00
-4.158431053161621094e+00,-6.955579280853271484e+00,-1.027698707580566406e+01,-4.584193229675292969e+00,-7.651901245117187500e+00,-4.724581718444824219e+00,-4.439507484436035156e+00,-4.887191772460937500e+00
-4.063343048095703125e+00,-7.649065971374511719e+00,-1.129786109924316406e+01,-4.589677810668945312e+00,-7.640718460083007812e+00,-4.515175819396972656e+00,-4.273297786712646484e+00,-3.914142608642578125e+00
-4.093476295471191406e+00,-7.735407352447509766e+00,-1.139863777160644531e+01,-4.615148067474365234e+00,-7.623672485351562500e+00,-4.501783847808837891e+00,-4.310406684875488281e+00,-3.862762451171875000e+00
-4.071897506713867188e+00,-7.687160491943359375e+00,-1.135616493225097656e+01,-4.589979171752929688e+00,-7.657190322875976562e+00,-4.496275901794433594e+00,-4.311146259307861328e+00,-3.870942592620849609e+00
-3.674540281295776367e+00,-7.058349609375000000e+00,-1.011464118957519531e+01,-2.986547231674194336e+00,-6.745753765106201172e+00,-3.792799949645996094e+00,-4.201385974884033203e+00,-4.651673316955566406e+00
-4.086746215820312500e+00,-7.773418426513671875e+00,-1.134767723083496094e+01,-4.563308715820312500e+00,-7.675671577453613281e+00,-4.495152473449707031e+00,-4.344923496246337891e+00,-3.852791070938110352e+00
-3.959283113479614258e+00,-6.991783142089843750e+00,-1.038696956634521484e+01,-4.240805149078369141e+00,-6.980933189392089844e+00,-4.505703926086425781e+00,-4.216104030609130859e+00,-4.839958190917968750e+00
-4.025706768035888672e+00,-7.551350593566894531e+00,-1.120857048034667969e+01,-4.499961376190185547e+00,-7.585655212402343750e+00,-4.565214157104492188e+00,-4.247231483459472656e+00,-3.900696277618408203e+00
-4.134298801422119141e+00,-7.778242588043212891e+00,-1.132375717163085938e+01,-4.610764026641845703e+00,-7.671610832214355469e+00,-4.537320137023925781e+00,-4.307191371917724609e+00,-3.849194288253784180e+00
-4.196530342102050781e+00,-7.353408336639404297e+00,-1.130620861053466797e+01,-4.758160591125488281e+00,-8.087161064147949219e+00,-4.409580230712890625e+00,-3.782190799713134766e+00,-4.614217758178710938e+00
-4.102432250976562500e+00,-7.223169326782226562e+00,-1.124501705169677734e+01,-4.499675750732421875e+00,-7.868309974670410156e+00,-4.339107036590576172e+00,-3.767817497253417969e+00,-4.562527656555175781e+00
-4.070032119750976562e+00,-7.580150604248046875e+00,-1.136254119873046875e+01,-4.681031227111816406e+00,-7.837816238403320312e+00,-4.422209262847900391e+00,-4.026292800903320312e+00,-4.269053459167480469e+00
-4.023981094360351562e+00,-7.449291706085205078e+00,-1.128907394409179688e+01,-4.715111255645751953e+00,-7.872992038726806641e+00,-4.637561798095703125e+00,-3.936306953430175781e+00,-4.382946014404296875e+00
-4.118646144866943359e+00,-6.275777339935302734e+00,-1.018192100524902344e+01,-1.792419552803039551e+00,-7.368837833404541016e+00,-1.039690494537353516e+00,-2.723790168762207031e+00,-4.573599815368652344e+00
-4.064234733581542969e+00,-7.759734153747558594e+00,-1.136397361755371094e+01,-4.655893802642822266e+00,-7.598324298858642578e+00,-4.531320571899414062e+00,-4.314560413360595703e+00,-3.755960702896118164e+00
-4.108695507049560547e+00,-7.653939723968505859e+00,-1.140086174011230469e+01,-4.683315277099609375e+00,-7.759958267211914062e+00,-4.445892810821533203e+00,-4.147715568542480469e+00,-3.932868480682373047e+00
-4.485585212707519531e+00,-8.117842674255371094e+00,-1.164271163940429688e+01,-5.831722736358642578e+00,-8.535513877868652344e+00,-7.033271789550781250e+00,-5.751817226409912109e+00,-5.640584468841552734e+00
-3.947495460510253906e+00,-7.666309356689453125e+00,-1.134144496917724609e+01,-4.556053161621093750e+00,-7.502523422241210938e+00,-4.432663917541503906e+00,-4.186632633209228516e+00,-4.061413764953613281e+00
-3.158394098281860352e+00,-6.483817100524902344e+00,-9.549514770507812500e+00,-1.970899820327758789e+00,-6.383886814117431641e+00,-1.418168306350708008e+00,-3.056548595428466797e+00,-4.130335330963134766e+00
-3.069871425628662109e+00,-6.543376922607421875e+00,-9.623299598693847656e+00,-2.032556533813476562e+00,-6.248239040374755859e+00,-1.548895716667175293e+00,-3.069272518157958984e+00,-4.113274097442626953e+00
-2.521314144134521484e+00,-6.962875366210937500e+00,-9.695096969604492188e+00,-2.351644039154052734e+00,-5.846997261047363281e+00,-2.598694324493408203e+00,-3.302943229675292969e+00,-4.029502868652343750e+00
-2.958497047424316406e+00,-7.314439773559570312e+00,-9.668104171752929688e+00,-2.790380954742431641e+00,-6.013380527496337891e+00,-2.212969779968261719e+00,-3.679366111755371094e+00,-3.524247646331787109e+00
-4.093398094177246094e+00,-7.772266387939453125e+00,-1.137894725799560547e+01,-4.665217876434326172e+00,-7.554245948791503906e+00,-4.542047023773193359e+00,-4.357256412506103516e+00,-3.803098201751708984e+00
-4.081300735473632812e+00,-7.772596359252929688e+00,-1.136487102508544922e+01,-4.656894683837890625e+00,-7.557225227355957031e+00,-4.547722816467285156e+00,-4.375787258148193359e+00,-3.809439897537231445e+00
-4.080543518066406250e+00,-7.761772155761718750e+00,-1.138119697570800781e+01,-4.643453121185302734e+00,-7.555600166320800781e+00,-4.530875682830810547e+00,-4.356920242309570312e+00,-3.828122377395629883e+00
-4.110183715820312500e+00,-7.784610748291015625e+00,-1.140639305114746094e+01,-4.655943393707275391e+00,-7.571398735046386719e+00,-4.547349929809570312e+00,-4.369653701782226562e+00,-3.824011087417602539e+00
-4.117991447448730469e+00,-7.794488906860351562e+00,-1.140656280517578125e+01,-4.656661033630371094e+00,-7.605843067169189453e+00,-4.548991680145263672e+00,-4.367988109588623047e+00,-3.838562011718750000e+00
-4.124812602996826172e+00,-7.793505668640136719e+00,-1.141687297821044922e+01,-4.660098075866699219e+00,-7.608653068542480469e+00,-4.553199768066406250e+00,-4.362335205078125000e+00,-3.842175960540771484e+00
-4.035855293273925781e+00,-7.877329826354980469e+00,-1.138859558105468750e+01,-4.515361785888671875e+00,-7.565211296081542969e+00,-4.408364295959472656e+00,-4.541180133819580078e+00,-3.806198596954345703e+00
-2.820674419403076172e+00,-7.207421302795410156e+00,-9.583702087402343750e+00,-2.705540418624877930e+00,-5.870617389678955078e+00,-1.951686978340148926e+00,-3.529925346374511719e+00,-3.610536575317382812e+00
-4.125661373138427734e+00,-7.801483631134033203e+00,-1.143267250061035156e+01,-4.645880222320556641e+00,-7.608288764953613281e+00,-4.541455268859863281e+00,-4.388704299926757812e+00,-3.849124193191528320e+00
-2.593960285186767578e+00,-6.910416603088378906e+00,-9.574270248413085938e+00,-2.243916034698486328e+00,-5.816027164459228516e+00,-1.946604490280151367e+00,-3.268192291259765625e+00,-3.910039424896240234e+00
-2.777367353439331055e+00,-6.746990203857421875e+00,-9.487415313720703125e+00,-2.231322050094604492e+00,-5.993151664733886719e+00,-1.776378154754638672e+00,-3.170603752136230469e+00,-3.915859222412109375e+00
-2.653092861175537109e+00,-6.951422691345214844e+00,-9.672582626342773438e+00,-2.260953187942504883e+00,-5.831756591796875000e+00,-1.962219715118408203e+00,-3.429186582565307617e+00,-4.027777194976806641e+00
-2.987720012664794922e+00,-7.236417293548583984e+00,-9.558682441711425781e+00,-2.840749502182006836e+00,-6.013691902160644531e+00,-2.358837604522705078e+00,-3.779269456863403320e+00,-3.840907096862792969e+00
-4.231455802917480469e+00,-7.977408885955810547e+00,-1.075864124298095703e+01,-4.604818820953369141e+00,-7.213897228240966797e+00,-3.187366008758544922e+00,-6.114612579345703125e+00,-4.955323219299316406e+00
-3.538188457489013672e+00,-7.492726325988769531e+00,-9.805842399597167969e+00,-3.568200826644897461e+00,-7.494276523590087891e+00,-2.504640102386474609e+00,-6.338643074035644531e+00,-4.522712230682373047e+00
-2.744855642318725586e+00,-7.485070705413818359e+00,-8.708063125610351562e+00,-3.182691335678100586e+00,-7.913858890533447266e+00,-5.263763904571533203e+00,-6.961503982543945312e+00,-3.602936506271362305e+00
-4.328279018402099609e+00,-8.190864562988281250e+00,-1.169748878479003906e+01,-5.141579151153564453e+00,-7.717524528503417969e+00,-6.729910850524902344e+00,-5.785394668579101562e+00,-5.293457031250000000e+00
-3.359966754913330078e+00,-7.839523315429687500e+00,-9.631640434265136719e+00,-3.455056667327880859e+00,-7.885240554809570312e+00,-5.139146804809570312e+00,-6.913862228393554688e+00,-4.416106700897216797e+00
-4.198542594909667969e+00,-7.242445468902587891e+00,-1.080178642272949219e+01,-4.368919849395751953e+00,-6.601178169250488281e+00,-2.956387042999267578e+00,-4.778125286102294922e+00,-4.870934963226318359e+00
-3.644645929336547852e+00,-9.163674354553222656e+00,-1.030869865417480469e+01,-4.076608180999755859e+00,-7.690604686737060547e+00,-5.527665138244628906e+00,-6.223788261413574219e+00,-4.189931392669677734e+00
-1.948775529861450195e+00,-7.380564689636230469e+00,-9.444231033325195312e+00,-2.595709800720214844e+00,-6.081263542175292969e+00,-2.268662691116333008e+00,-3.627854824066162109e+00,-3.546641588211059570e+00
-2.591556549072265625e+00,-7.826594352722167969e+00,-9.637752532958984375e+00,-3.127259254455566406e+00,-6.481221199035644531e+00,-3.486874818801879883e+00,-3.891634225845336914e+00,-4.229973316192626953e+00
-2.654931068420410156e+00,-7.250205039978027344e+00,-9.652194976806640625e+00,-2.890706777572631836e+00,-5.961915016174316406e+00,-3.038879394531250000e+00,-3.616302728652954102e+00,-3.996004581451416016e+00
-2.908809661865234375e+00,-7.937333106994628906e+00,-9.752904891967773438e+00,-4.242441177368164062e+00,-7.223807811737060547e+00,-4.919562339782714844e+00,-4.697392463684082031e+00,-3.956920623779296875e+00
-2.623459577560424805e+00,-8.039445877075195312e+00,-9.678791046142578125e+00,-3.453847646713256836e+00,-6.805458068847656250e+00,-3.944678783416748047e+00,-4.363089561462402344e+00,-4.296754837036132812e+00
-2.235117435455322266e+00,-7.440690040588378906e+00,-8.882658958435058594e+00,-3.215012073516845703e+00,-6.117357730865478516e+00,-2.963092327117919922e+00,-3.661366939544677734e+00,-3.636742115020751953e+00
-3.252364635467529297e+00,-6.459211826324462891e+00,-1.089291191101074219e+01,-4.182286739349365234e+00,-6.612412929534912109e+00,-4.997903823852539062e+00,-4.779245376586914062e+00,-4.525692462921142578e+00
-3.372592449188232422e+00,-6.431984424591064453e+00,-1.091591358184814453e+01,-3.941307783126831055e+00,-6.418886184692382812e+00,-4.936028957366943359e+00,-4.567179679870605469e+00,-4.577528953552246094e+00
-3.285648584365844727e+00,-6.521989345550537109e+00,-1.076986503601074219e+01,-3.967835664749145508e+00,-6.700770378112792969e+00,-4.866725921630859375e+00,-4.337197303771972656e+00,-4.016313076019287109e+00
-3.397059679031372070e+00,-6.380157470703125000e+00,-1.095221614837646484e+01,-3.820475101470947266e+00,-6.235727310180664062e+00,-4.888345718383789062e+00,-4.525074481964111328e+00,-4.616560935974121094e+00
-3.322973489761352539e+00,-6.465212821960449219e+00,-1.092726516723632812e+01,-4.075013160705566406e+00,-6.482131958007812500e+00,-4.948822975158691406e+00,-4.616840362548828125e+00,-4.534585475921630859e+00
-3.287316560745239258e+00,-7.061783790588378906e+00,-1.097443103790283203e+01,-4.348630905151367188e+00,-6.781000137329101562e+00,-5.345858573913574219e+00,-4.998290061950683594e+00,-4.543291091918945312e+00
-3.400866270065307617e+00,-6.996834278106689453e+00,-1.081581878662109375e+01,-4.305186748504638672e+00,-6.569375038146972656e+00,-5.116343498229980469e+00,-4.645993232727050781e+00,-4.659339427947998047e+00
-2.913025856018066406e+00,-7.845148563385009766e+00,-9.938356399536132812e+00,-3.838237047195434570e+00,-7.115751266479492188e+00,-4.661862373352050781e+00,-4.437923908233642578e+00,-4.015173912048339844e+00
-2.652911663055419922e+00,-7.536499977111816406e+00,-9.466270446777343750e+00,-4.337251663208007812e+00,-7.239192485809326172e+00,-5.037818431854248047e+00,-4.720819473266601562e+00,-3.769479274749755859e+00
-2.598208904266357422e+00,-7.070125579833984375e+00,-9.728364944458007812e+00,-3.561239719390869141e+00,-6.832715988159179688e+00,-4.075690269470214844e+00,-3.751240968704223633e+00,-3.861827850341796875e+00
-4.306880950927734375e+00,-6.635400772094726562e+00,-1.061125850677490234e+01,-5.293610572814941406e+00,-4.235876083374023438e+00,-3.952407836914062500e+00,-3.379462480545043945e+00,-4.476846218109130859e+00
-2.593582630157470703e+00,-7.088319778442382812e+00,-9.661258697509765625e+00,-3.415230751037597656e+00,-6.837582588195800781e+00,-3.998867511749267578e+00,-3.580729722976684570e+00,-3.857513904571533203e+00
-2.467939376831054688e+00,-7.157384872436523438e+00,-9.578440666198730469e+00,-3.549828290939331055e+00,-6.863423347473144531e+00,-4.065134525299072266e+00,-3.595382928848266602e+00,-3.954457759857177734e+00
-3.322993755340576172e+00,-7.643258094787597656e+00,-1.071420288085937500e+01,-4.337268352508544922e+00,-7.283217430114746094e+00,-5.834290504455566406e+00,-5.315257072448730469e+00,-4.683891773223876953e+00
-3.432317256927490234e+00,-7.322132587432861328e+00,-1.077087020874023438e+01,-4.347389221191406250e+00,-7.234498023986816406e+00,-5.218261718750000000e+00,-4.737755775451660156e+00,-4.194387435913085938e+00
-3.568275928497314453e+00,-7.604274272918701172e+00,-1.078797531127929688e+01,-4.274872303009033203e+00,-7.139565467834472656e+00,-4.451959609985351562e+00,-4.394659042358398438e+00,-3.791299819946289062e+00
-3.307478189468383789e+00,-7.590939044952392578e+00,-1.054446029663085938e+01,-4.266148567199707031e+00,-7.206659317016601562e+00,-4.736551284790039062e+00,-4.560243606567382812e+00,-4.186789989471435547e+00
-3.478518247604370117e+00,-6.675004959106445312e+00,-1.090424728393554688e+01,-3.597851037979125977e+00,-6.420595169067382812e+00,-4.694421768188476562e+00,-4.388900279998779297e+00,-4.478828430175781250e+00
-3.249391078948974609e+00,-6.955023288726806641e+00,-1.055432701110839844e+01,-3.824305772781372070e+00,-6.928560733795166016e+00,-4.529612541198730469e+00,-4.128029823303222656e+00,-3.591522693634033203e+00
-3.352929592132568359e+00,-6.543129920959472656e+00,-1.096789455413818359e+01,-3.925705194473266602e+00,-6.583914279937744141e+00,-4.881909370422363281e+00,-4.443734169006347656e+00,-4.477897167205810547e+00
-3.405302286148071289e+00,-6.505134582519531250e+00,-1.096264743804931641e+01,-3.798773288726806641e+00,-6.430034637451171875e+00,-4.880650520324707031e+00,-4.476846218109130859e+00,-4.611045837402343750e+00
-3.209622383117675781e+00,-6.967813014984130859e+00,-1.045333957672119141e+01,-4.375969409942626953e+00,-7.241951465606689453e+00,-5.597804069519042969e+00,-5.153651714324951172e+00,-4.531227588653564453e+00
-3.312572002410888672e+00,-8.448654174804687500e+00,-9.938423156738281250e+00,-4.523573398590087891e+00,-7.713339805603027344e+00,-4.878590106964111328e+00,-7.336964607238769531e+00,-4.163965225219726562e+00
-3.443201303482055664e+00,-6.561684131622314453e+00,-1.100534915924072266e+01,-3.408397436141967773e+00,-6.173928737640380859e+00,-4.726274967193603516e+00,-4.280194282531738281e+00,-4.570407867431640625e+00
-3.285021066665649414e+00,-7.297134399414062500e+00,-9.921653747558593750e+00,-4.254659652709960938e+00,-7.074683189392089844e+00,-4.860131263732910156e+00,-4.575900554656982422e+00,-3.470152378082275391e+00
-3.023292541503906250e+00,-8.281504631042480469e+00,-1.008401012420654297e+01,-4.067119121551513672e+00,-7.295016765594482422e+00,-4.160351753234863281e+00,-5.079184532165527344e+00,-3.870362758636474609e+00
-4.157660484313964844e+00,-7.836945533752441406e+00,-1.149946594238281250e+01,-4.691907882690429688e+00,-7.635337352752685547e+00,-4.578702926635742188e+00,-4.383431911468505859e+00,-3.897336959838867188e+00
-4.167565345764160156e+00,-7.809430122375488281e+00,-1.157584571838378906e+01,-4.733457565307617188e+00,-7.531272888183593750e+00,-4.659223556518554688e+00,-4.391646385192871094e+00,-3.932768344879150391e+00
-4.121712684631347656e+00,-7.834950447082519531e+00,-1.146380043029785156e+01,-4.669951915740966797e+00,-7.624898910522460938e+00,-4.556623935699462891e+00,-4.357540607452392578e+00,-3.852597236633300781e+00
-4.125486373901367188e+00,-7.834986686706542969e+00,-1.146398735046386719e+01,-4.667862415313720703e+00,-7.614062309265136719e+00,-4.551575660705566406e+00,-4.357944488525390625e+00,-3.853869438171386719e+00
-4.122723579406738281e+00,-7.803726196289062500e+00,-1.143645477294921875e+01,-4.657080650329589844e+00,-7.616994380950927734e+00,-4.554284095764160156e+00,-4.349395751953125000e+00,-3.849299430847167969e+00
-4.135725498199462891e+00,-7.851027965545654297e+00,-1.149664497375488281e+01,-4.697136878967285156e+00,-7.617770195007324219e+00,-4.524234771728515625e+00,-4.368120670318603516e+00,-3.855543136596679688e+00
-4.129226684570312500e+00,-7.811775684356689453e+00,-1.144079399108886719e+01,-4.660337924957275391e+00,-7.621680259704589844e+00,-4.551748275756835938e+00,-4.341700553894042969e+00,-3.850584268569946289e+00
-4.116549491882324219e+00,-7.793754577636718750e+00,-1.141533279418945312e+01,-4.657349586486816406e+00,-7.610389709472656250e+00,-4.551923274993896484e+00,-4.349242687225341797e+00,-3.854092836380004883e+00
-4.110556602478027344e+00,-7.787818908691406250e+00,-1.139815998077392578e+01,-4.656686782836914062e+00,-7.608875274658203125e+00,-4.562359809875488281e+00,-4.355988502502441406e+00,-3.850733280181884766e+00
-4.125567913055419922e+00,-7.808249473571777344e+00,-1.142887115478515625e+01,-4.664241313934326172e+00,-7.622982978820800781e+00,-4.557235240936279297e+00,-4.341676235198974609e+00,-3.855220556259155273e+00
-4.121423244476318359e+00,-7.815782546997070312e+00,-1.143788242340087891e+01,-4.665471553802490234e+00,-7.612891197204589844e+00,-4.555547714233398438e+00,-4.344931125640869141e+00,-3.849709033966064453e+00
-4.121612071990966797e+00,-7.815454483032226562e+00,-1.143878364562988281e+01,-4.663100242614746094e+00,-7.620868682861328125e+00,-4.564722061157226562e+00,-4.351666927337646484e+00,-3.853222846984863281e+00
-4.119091033935546875e+00,-7.832645893096923828e+00,-1.145925521850585938e+01,-4.671598434448242188e+00,-7.624650001525878906e+00,-4.556949615478515625e+00,-4.358454227447509766e+00,-3.849241018295288086e+00
-4.823382377624511719e+00,-6.309974670410156250e+00,-1.040551376342773438e+01,-1.666863918304443359e+00,-8.592603683471679688e+00,-1.156825184822082520e+00,-2.544884443283081055e+00,-4.745417594909667969e+00
-4.823259353637695312e+00,-6.327458381652832031e+00,-1.041830158233642578e+01,-1.692776799201965332e+00,-8.693218231201171875e+00,-1.178823709487915039e+00,-2.510651111602783203e+00,-4.727468013763427734e+00
-4.887644767761230469e+00,-6.306545734405517578e+00,-1.041018676757812500e+01,-1.710546970367431641e+00,-8.466347694396972656e+00,-1.164877891540527344e+00,-2.576388359069824219e+00,-4.751835346221923828e+00
-5.315060615539550781e+00,-6.219393730163574219e+00,-1.052727508544921875e+01,-1.596447944641113281e+00,-8.063699722290039062e+00,-1.184980630874633789e+00,-2.611609458923339844e+00,-4.790400028228759766e+00
-4.832377433776855469e+00,-6.330240249633789062e+00,-1.038364410400390625e+01,-1.768426418304443359e+00,-8.485086441040039062e+00,-1.179048418998718262e+00,-2.595046997070312500e+00,-4.749218940734863281e+00
-5.018691062927246094e+00,-6.338445663452148438e+00,-1.041410064697265625e+01,-1.898206353187561035e+00,-8.563648223876953125e+00,-1.257894158363342285e+00,-2.654341220855712891e+00,-4.731269836425781250e+00
-4.783546447753906250e+00,-6.326272964477539062e+00,-1.038618469238281250e+01,-1.757761478424072266e+00,-8.531495094299316406e+00,-1.177605628967285156e+00,-2.566459178924560547e+00,-4.730471134185791016e+00
-4.641469001770019531e+00,-6.420821189880371094e+00,-1.033176231384277344e+01,-1.860457897186279297e+00,-8.609837532043457031e+00,-1.372573614120483398e+00,-2.557402133941650391e+00,-4.718467235565185547e+00
-4.872477054595947266e+00,-6.311003684997558594e+00,-1.037942314147949219e+01,-1.756000041961669922e+00,-8.459168434143066406e+00,-1.180780649185180664e+00,-2.613886356353759766e+00,-4.772615909576416016e+00
-4.619116783142089844e+00,-6.440889358520507812e+00,-1.034929752349853516e+01,-1.782215476036071777e+00,-8.707044601440429688e+00,-1.425903201103210449e+00,-2.510249614715576172e+00,-4.739090442657470703e+00
-4.535623550415039062e+00,-6.503697872161865234e+00,-1.035585117340087891e+01,-1.700377821922302246e+00,-8.894225120544433594e+00,-1.534098863601684570e+00,-2.375429153442382812e+00,-4.697631359100341797e+00
-4.452151298522949219e+00,-6.484149456024169922e+00,-1.032827281951904297e+01,-1.628082990646362305e+00,-9.068112373352050781e+00,-1.404393196105957031e+00,-2.320488452911376953e+00,-4.630469322204589844e+00
-4.411772727966308594e+00,-6.529176712036132812e+00,-1.029656982421875000e+01,-1.752140045166015625e+00,-8.840344429016113281e+00,-1.570591330528259277e+00,-2.423423290252685547e+00,-4.696693420410156250e+00
-4.689272880554199219e+00,-6.763331413269042969e+00,-1.129622077941894531e+01,-4.527218341827392578e+00,-7.711654186248779297e+00,-1.466094613075256348e+00,-3.486189842224121094e+00,-4.509718418121337891e+00
-4.853933334350585938e+00,-6.800395965576171875e+00,-1.149388408660888672e+01,-4.945403099060058594e+00,-7.170826911926269531e+00,-1.595904827117919922e+00,-3.973813295364379883e+00,-4.807545185089111328e+00
-4.841938018798828125e+00,-6.816658496856689453e+00,-1.157578659057617188e+01,-4.991117000579833984e+00,-6.990605831146240234e+00,-1.620818614959716797e+00,-4.182448863983154297e+00,-4.892725944519042969e+00
-4.971794128417968750e+00,-6.708036899566650391e+00,-1.135773086547851562e+01,-4.567248344421386719e+00,-7.117635726928710938e+00,-1.604866743087768555e+00,-3.891994237899780273e+00,-4.968645572662353516e+00
-4.754265785217285156e+00,-7.098177433013916016e+00,-1.163102722167968750e+01,-5.056783676147460938e+00,-7.005928039550781250e+00,-1.639752864837646484e+00,-4.243284225463867188e+00,-4.710425853729248047e+00
-5.002943992614746094e+00,-6.687081813812255859e+00,-1.128494644165039062e+01,-4.356450557708740234e+00,-7.098320960998535156e+00,-1.597589969635009766e+00,-3.798644304275512695e+00,-4.967987060546875000e+00
-4.492451667785644531e+00,-7.439055442810058594e+00,-1.161137580871582031e+01,-4.919933319091796875e+00,-7.461285114288330078e+00,-2.235922336578369141e+00,-4.209047794342041016e+00,-4.184879302978515625e+00
-4.727552413940429688e+00,-7.114202022552490234e+00,-1.163338375091552734e+01,-5.050927162170410156e+00,-6.967919349670410156e+00,-1.629786729812622070e+00,-4.259580135345458984e+00,-4.635941505432128906e+00
-4.742278099060058594e+00,-7.046791553497314453e+00,-1.164182662963867188e+01,-5.051345348358154297e+00,-6.928682327270507812e+00,-1.633547425270080566e+00,-4.256521224975585938e+00,-4.699795722961425781e+00
-4.735071182250976562e+00,-7.049332618713378906e+00,-1.162730026245117188e+01,-5.037590026855468750e+00,-6.966014862060546875e+00,-1.623048067092895508e+00,-4.199841499328613281e+00,-4.654426574707031250e+00
-5.538069248199462891e+00,-6.235411643981933594e+00,-1.079194259643554688e+01,-6.183593750000000000e+00,-9.932437896728515625e+00,-1.028915047645568848e+00,-2.025337457656860352e+00,-3.028481483459472656e+00
-4.088621139526367188e+00,-7.776682853698730469e+00,-1.138912868499755859e+01,-4.664489746093750000e+00,-7.555993080139160156e+00,-4.539710044860839844e+00,-4.337368011474609375e+00,-3.782933235168457031e+00
-4.098201274871826172e+00,-7.773451805114746094e+00,-1.153201866149902344e+01,-4.824636936187744141e+00,-7.568933486938476562e+00,-4.647104740142822266e+00,-4.300028324127197266e+00,-3.901074886322021484e+00
-3.349887132644653320e+00,-7.713035583496093750e+00,-1.000562095642089844e+01,-4.837605953216552734e+00,-6.971298217773437500e+00,-5.740267753601074219e+00,-5.235836029052734375e+00,-4.049569606781005859e+00
-2.997446060180664062e+00,-7.271018028259277344e+00,-9.659229278564453125e+00,-3.948861360549926758e+00,-6.887600898742675781e+00,-4.189881324768066406e+00,-3.793195247650146484e+00,-4.169652462005615234e+00
-2.959175586700439453e+00,-7.282853126525878906e+00,-9.560066223144531250e+00,-3.806271314620971680e+00,-6.907018661499023438e+00,-4.149332046508789062e+00,-3.834284305572509766e+00,-4.193011760711669922e+00
-3.580885648727416992e+00,-7.813499450683593750e+00,-9.682696342468261719e+00,-5.460439205169677734e+00,-7.213169097900390625e+00,-6.195049285888671875e+00,-5.592920303344726562e+00,-3.237197875976562500e+00
-2.734431743621826172e+00,-7.134238719940185547e+00,-9.338231086730957031e+00,-3.635657548904418945e+00,-6.834290981292724609e+00,-4.151911735534667969e+00,-3.699607610702514648e+00,-3.979090213775634766e+00
-3.400930881500244141e+00,-7.413517951965332031e+00,-1.108113384246826172e+01,-5.137062549591064453e+00,-7.310245037078857422e+00,-5.232731819152832031e+00,-4.614401340484619141e+00,-3.415362834930419922e+00
-2.664030075073242188e+00,-7.150146007537841797e+00,-9.597441673278808594e+00,-3.603284597396850586e+00,-6.864881038665771484e+00,-4.124753952026367188e+00,-3.638480663299560547e+00,-4.002697467803955078e+00
-3.887120008468627930e+00,-7.899347782135009766e+00,-9.531356811523437500e+00,-5.869212150573730469e+00,-7.883234024047851562e+00,-7.218285560607910156e+00,-6.969531059265136719e+00,-3.801090717315673828e+00
-3.801955223083496094e+00,-8.202915191650390625e+00,-9.748381614685058594e+00,-5.734981060028076172e+00,-7.545935630798339844e+00,-7.246881484985351562e+00,-6.980127334594726562e+00,-3.512133121490478516e+00
-3.659378767013549805e+00,-7.996455192565917969e+00,-1.104912757873535156e+01,-5.397253990173339844e+00,-7.347012042999267578e+00,-5.960348129272460938e+00,-5.228560447692871094e+00,-3.568498611450195312e+00
-3.609841346740722656e+00,-7.782783508300781250e+00,-1.042577171325683594e+01,-5.315267086029052734e+00,-7.014642715454101562e+00,-6.046028137207031250e+00,-5.006870269775390625e+00,-4.191196441650390625e+00
-2.746809482574462891e+00,-7.173067569732666016e+00,-9.353063583374023438e+00,-3.547952890396118164e+00,-6.863694190979003906e+00,-4.043318271636962891e+00,-3.589054822921752930e+00,-3.990955352783203125e+00
-3.619813442230224609e+00,-8.171337127685546875e+00,-1.027919101715087891e+01,-5.585607051849365234e+00,-7.276097297668457031e+00,-6.751815795898437500e+00,-6.398368835449218750e+00,-3.302114486694335938e+00
-4.417528152465820312e+00,-7.617476463317871094e+00,-1.247470855712890625e+01,-5.573582172393798828e+00,-8.051888465881347656e+00,-5.641849517822265625e+00,-6.393171310424804688e+00,-2.977712154388427734e+00
-3.537506818771362305e+00,-6.737480163574218750e+00,-1.159680747985839844e+01,-4.250170707702636719e+00,-6.763278484344482422e+00,-4.907044887542724609e+00,-4.549386024475097656e+00,-4.112323284149169922e+00
-4.029667854309082031e+00,-7.739716529846191406e+00,-1.109488868713378906e+01,-4.600554466247558594e+00,-7.720070838928222656e+00,-4.460416793823242188e+00,-4.260872364044189453e+00,-3.697619438171386719e+00
-4.377020359039306641e+00,-7.578256130218505859e+00,-1.256346130371093750e+01,-5.609573841094970703e+00,-8.128185272216796875e+00,-5.581525802612304688e+00,-6.429574012756347656e+00,-3.050448656082153320e+00
-4.191753387451171875e+00,-7.716820716857910156e+00,-1.250623226165771484e+01,-5.110876560211181641e+00,-8.045587539672851562e+00,-5.472231864929199219e+00,-6.101929664611816406e+00,-2.862460374832153320e+00
-4.071729660034179688e+00,-7.732820510864257812e+00,-1.142480850219726562e+01,-4.575197219848632812e+00,-7.701528549194335938e+00,-4.422465324401855469e+00,-4.310469150543212891e+00,-3.994668006896972656e+00
-3.222598791122436523e+00,-6.542995929718017578e+00,-1.037329101562500000e+01,-3.158969163894653320e+00,-6.069172382354736328e+00,-4.241459846496582031e+00,-3.768464088439941406e+00,-4.013092041015625000e+00
-4.221064090728759766e+00,-7.582155227661132812e+00,-1.246950721740722656e+01,-5.407300949096679688e+00,-8.027882575988769531e+00,-5.656472682952880859e+00,-6.501573562622070312e+00,-2.945012569427490234e+00
-3.687470436096191406e+00,-7.592785835266113281e+00,-1.189165210723876953e+01,-4.592364788055419922e+00,-7.890436649322509766e+00,-4.785881996154785156e+00,-4.867488861083984375e+00,-2.966914653778076172e+00
-3.057255744934082031e+00,-6.695693016052246094e+00,-9.746189117431640625e+00,-2.908281803131103516e+00,-5.926526546478271484e+00,-3.484201431274414062e+00,-3.599334716796875000e+00,-4.033025264739990234e+00
-3.570808172225952148e+00,-7.487287044525146484e+00,-1.067275619506835938e+01,-4.241758346557617188e+00,-7.226666927337646484e+00,-4.589958190917968750e+00,-4.208953380584716797e+00,-2.929698944091796875e+00
-3.426832914352416992e+00,-7.265548706054687500e+00,-1.070082569122314453e+01,-4.211475372314453125e+00,-7.029366493225097656e+00,-4.237842559814453125e+00,-4.099231719970703125e+00,-2.960407257080078125e+00
-3.601164817810058594e+00,-7.779569149017333984e+00,-1.148667335510253906e+01,-4.492805957794189453e+00,-7.735217094421386719e+00,-4.773653030395507812e+00,-4.713225841522216797e+00,-2.883427143096923828e+00
-2.711557388305664062e+00,-7.145420551300048828e+00,-9.785896301269531250e+00,-2.517948150634765625e+00,-5.897240638732910156e+00,-2.623375892639160156e+00,-3.549914598464965820e+00,-4.071924209594726562e+00
-2.640711307525634766e+00,-7.214716911315917969e+00,-9.759963989257812500e+00,-2.519758224487304688e+00,-5.946763038635253906e+00,-2.821346759796142578e+00,-3.583521366119384766e+00,-4.098847389221191406e+00
-4.084143638610839844e+00,-7.698947906494140625e+00,-1.125511550903320312e+01,-4.523882389068603516e+00,-7.551439762115478516e+00,-4.548018455505371094e+00,-4.416649341583251953e+00,-3.880483150482177734e+00
-3.343422412872314453e+00,-7.091751098632812500e+00,-1.021578025817871094e+01,-2.714901447296142578e+00,-6.395924091339111328e+00,-3.774759292602539062e+00,-4.007359027862548828e+00,-4.367852687835693359e+00
-2.729222059249877930e+00,-7.210568904876708984e+00,-9.721954345703125000e+00,-2.605371952056884766e+00,-6.008835792541503906e+00,-3.003598690032958984e+00,-3.715998649597167969e+00,-4.134111404418945312e+00
-2.625117301940917969e+00,-7.211062431335449219e+00,-9.762903213500976562e+00,-2.500013828277587891e+00,-5.948523521423339844e+00,-2.778132200241088867e+00,-3.606758117675781250e+00,-4.102221488952636719e+00
-2.608745336532592773e+00,-7.269998550415039062e+00,-9.794168472290039062e+00,-2.512917518615722656e+00,-5.897984504699707031e+00,-2.602844238281250000e+00,-3.495533227920532227e+00,-4.054997920989990234e+00
-2.699236869812011719e+00,-7.197175025939941406e+00,-9.751979827880859375e+00,-2.592816352844238281e+00,-6.011430740356445312e+00,-2.994224071502685547e+00,-3.715699672698974609e+00,-4.141544818878173828e+00
-2.463815212249755859e+00,-7.059630870819091797e+00,-9.513268470764160156e+00,-2.454874515533447266e+00,-5.820345878601074219e+00,-2.543714761734008789e+00,-3.393131256103515625e+00,-3.956273555755615234e+00
-2.485100746154785156e+00,-7.118646144866943359e+00,-9.516315460205078125e+00,-2.476629257202148438e+00,-5.825327396392822266e+00,-2.558974742889404297e+00,-3.422431468963623047e+00,-3.970214843750000000e+00
-2.463670730590820312e+00,-7.067553043365478516e+00,-9.544157028198242188e+00,-2.462438344955444336e+00,-5.824332714080810547e+00,-2.542458057403564453e+00,-3.396405458450317383e+00,-3.951940536499023438e+00
-2.563103199005126953e+00,-7.277212619781494141e+00,-9.740882873535156250e+00,-2.527567863464355469e+00,-5.870407581329345703e+00,-2.566867589950561523e+00,-3.492117881774902344e+00,-4.026585102081298828e+00
-2.465345144271850586e+00,-7.076844215393066406e+00,-9.529254913330078125e+00,-2.464453697204589844e+00,-5.823349475860595703e+00,-2.542098522186279297e+00,-3.402379274368286133e+00,-3.948702335357666016e+00
-4.194705009460449219e+00,-7.770565032958984375e+00,-1.167550945281982422e+01,-4.780742645263671875e+00,-7.500196456909179688e+00,-4.644449710845947266e+00,-4.325929164886474609e+00,-4.026129245758056641e+00
-4.101645469665527344e+00,-7.801973342895507812e+00,-1.142506027221679688e+01,-4.661595821380615234e+00,-7.590999126434326172e+00,-4.548782348632812500e+00,-4.352605819702148438e+00,-3.838821411132812500e+00
-4.112670898437500000e+00,-7.784813880920410156e+00,-1.142068672180175781e+01,-4.655694961547851562e+00,-7.586793899536132812e+00,-4.560707092285156250e+00,-4.361224174499511719e+00,-3.847204685211181641e+00
-3.942993402481079102e+00,-7.542675971984863281e+00,-1.143728542327880859e+01,-4.558961391448974609e+00,-7.551616668701171875e+00,-4.457690715789794922e+00,-4.267935276031494141e+00,-4.070010662078857422e+00
-4.085121154785156250e+00,-7.753866195678710938e+00,-1.140377807617187500e+01,-4.608370304107666016e+00,-7.586056709289550781e+00,-4.517900466918945312e+00,-4.377604961395263672e+00,-3.872961044311523438e+00
-3.362867116928100586e+00,-7.018205642700195312e+00,-1.003425979614257812e+01,-2.572817802429199219e+00,-6.116063117980957031e+00,-1.606149554252624512e+00,-3.541475772857666016e+00,-3.748307228088378906e+00
-4.028128623962402344e+00,-7.713924407958984375e+00,-1.138670539855957031e+01,-4.578099727630615234e+00,-7.517765045166015625e+00,-4.439239501953125000e+00,-4.322613716125488281e+00,-3.940565586090087891e+00
-4.064896583557128906e+00,-7.748263359069824219e+00,-1.135781288146972656e+01,-4.616101741790771484e+00,-7.548895835876464844e+00,-4.490377426147460938e+00,-4.324466705322265625e+00,-3.865027904510498047e+00
-4.113868236541748047e+00,-7.779586791992187500e+00,-1.141342163085937500e+01,-4.648597240447998047e+00,-7.589011192321777344e+00,-4.540153503417968750e+00,-4.350606918334960938e+00,-3.847553968429565430e+00
-4.111094474792480469e+00,-7.784546375274658203e+00,-1.141027069091796875e+01,-4.643390655517578125e+00,-7.573794364929199219e+00,-4.535668373107910156e+00,-4.365097522735595703e+00,-3.842150211334228516e+00
-3.968501806259155273e+00,-7.893856048583984375e+00,-1.137885475158691406e+01,-4.427343368530273438e+00,-7.399456024169921875e+00,-4.616293430328369141e+00,-4.658932685852050781e+00,-3.836269855499267578e+00
-4.112936496734619141e+00,-7.790879249572753906e+00,-1.140650749206542969e+01,-4.621820926666259766e+00,-7.599080085754394531e+00,-4.537478446960449219e+00,-4.364207267761230469e+00,-3.847983837127685547e+00
-4.093119621276855469e+00,-7.841712951660156250e+00,-1.140333938598632812e+01,-4.570409297943115234e+00,-7.641757965087890625e+00,-4.508217811584472656e+00,-4.478805541992187500e+00,-3.851360559463500977e+00
-6.530758857727050781e+00,-6.246059894561767578e+00,-1.070693588256835938e+01,-5.340003013610839844e+00,-9.108181953430175781e+00,-1.242695569992065430e+00,-2.424227476119995117e+00,-5.035914421081542969e+00
-4.920784950256347656e+00,-6.189971446990966797e+00,-1.060063743591308594e+01,-5.015577793121337891e+00,-8.448656082153320312e+00,-1.405404567718505859e+00,-2.461131572723388672e+00,-3.843291759490966797e+00
-5.123452663421630859e+00,-6.418232917785644531e+00,-1.143830299377441406e+01,-4.724868774414062500e+00,-7.772859573364257812e+00,-1.636161088943481445e+00,-3.221929550170898438e+00,-4.809596061706542969e+00
-6.324897766113281250e+00,-6.196965217590332031e+00,-1.093909835815429688e+01,-5.292210578918457031e+00,-9.083326339721679688e+00,-1.188556790351867676e+00,-2.353234767913818359e+00,-4.693731784820556641e+00
-4.766057014465332031e+00,-6.076481819152832031e+00,-1.106009864807128906e+01,-4.369317531585693359e+00,-9.009952545166015625e+00,-1.404181957244873047e+00,-2.582950115203857422e+00,-4.541225433349609375e+00
-4.970892906188964844e+00,-6.102175712585449219e+00,-1.068369674682617188e+01,-5.274111270904541016e+00,-3.778378009796142578e+00,-1.198590040206909180e+00,-2.461683750152587891e+00,-4.403669834136962891e+00
-4.859978675842285156e+00,-6.491353988647460938e+00,-1.179394912719726562e+01,-5.444852828979492188e+00,-8.650417327880859375e+00,-1.729568600654602051e+00,-3.091008901596069336e+00,-4.706184387207031250e+00
-5.012023925781250000e+00,-7.148962497711181641e+00,-1.130959510803222656e+01,-5.557271003723144531e+00,-9.192674636840820312e+00,-2.111282110214233398e+00,-3.328081130981445312e+00,-4.933340072631835938e+00
-5.455791950225830078e+00,-6.103754043579101562e+00,-1.051849746704101562e+01,-2.509239196777343750e+00,-8.034440994262695312e+00,-1.488154530525207520e+00,-2.816686153411865234e+00,-4.825928688049316406e+00
-6.266682147979736328e+00,-6.969117164611816406e+00,-1.151273441314697266e+01,-6.601198196411132812e+00,-9.782409667968750000e+00,-9.783704757690429688e+00,-1.026388168334960938e+01,-7.846675872802734375e+00
-5.435852527618408203e+00,-6.091749668121337891e+00,-1.079140663146972656e+01,-2.763480663299560547e+00,-8.364442825317382812e+00,-1.366925477981567383e+00,-2.799893140792846680e+00,-4.799949645996093750e+00
-5.900239944458007812e+00,-7.556466102600097656e+00,-1.164099311828613281e+01,-5.327718257904052734e+00,-9.723102569580078125e+00,-4.553216934204101562e+00,-4.953985214233398438e+00,-5.573313236236572266e+00
-6.396292686462402344e+00,-6.245477199554443359e+00,-1.059404373168945312e+01,-4.386342525482177734e+00,-8.730974197387695312e+00,-1.488935947418212891e+00,-2.645756006240844727e+00,-5.104228019714355469e+00
-3.542914152145385742e+00,-6.895816802978515625e+00,-1.025265502929687500e+01,-3.543241262435913086e+00,-6.966876506805419922e+00,-4.494442939758300781e+00,-3.750905275344848633e+00,-4.456778049468994141e+00
-4.265958786010742188e+00,-7.593350410461425781e+00,-1.078505325317382812e+01,-5.091906547546386719e+00,-7.830572128295898438e+00,-5.034766197204589844e+00,-4.032547950744628906e+00,-4.612998962402343750e+00
-4.344126701354980469e+00,-7.444591522216796875e+00,-1.031807041168212891e+01,-5.328630447387695312e+00,-7.930356979370117188e+00,-5.010335922241210938e+00,-4.018723011016845703e+00,-4.865640163421630859e+00
-4.284170150756835938e+00,-7.498267173767089844e+00,-1.039467811584472656e+01,-5.270997047424316406e+00,-7.898049354553222656e+00,-5.043638229370117188e+00,-4.028304576873779297e+00,-4.783577442169189453e+00
-4.286545753479003906e+00,-7.494141101837158203e+00,-1.039475727081298828e+01,-5.261116027832031250e+00,-7.862850189208984375e+00,-5.062578678131103516e+00,-4.045514106750488281e+00,-4.778100490570068359e+00
-4.127714157104492188e+00,-7.816630363464355469e+00,-1.130715370178222656e+01,-4.691950321197509766e+00,-7.637948989868164062e+00,-4.755070686340332031e+00,-4.291528701782226562e+00,-4.004217147827148438e+00
-4.126638889312744141e+00,-7.826600551605224609e+00,-1.137542915344238281e+01,-4.660701751708984375e+00,-7.653920173645019531e+00,-4.586401939392089844e+00,-4.329180717468261719e+00,-3.907223701477050781e+00
-4.131590843200683594e+00,-7.802390575408935547e+00,-1.141813373565673828e+01,-4.654728889465332031e+00,-7.658483505249023438e+00,-4.565934181213378906e+00,-4.312981605529785156e+00,-3.902501583099365234e+00
-4.124236106872558594e+00,-7.824230194091796875e+00,-1.132302093505859375e+01,-4.674959182739257812e+00,-7.633210182189941406e+00,-4.704967498779296875e+00,-4.310491561889648438e+00,-3.976796150207519531e+00
-4.124703407287597656e+00,-7.759244918823242188e+00,-1.141089248657226562e+01,-4.650670528411865234e+00,-7.628537654876708984e+00,-4.605332374572753906e+00,-4.288303852081298828e+00,-3.919698715209960938e+00
-4.112161636352539062e+00,-7.817451477050781250e+00,-1.139031410217285156e+01,-4.658582687377929688e+00,-7.651002407073974609e+00,-4.571125030517578125e+00,-4.339254379272460938e+00,-3.882236957550048828e+00
-4.132592201232910156e+00,-7.816727638244628906e+00,-1.144038200378417969e+01,-4.649756431579589844e+00,-7.641129493713378906e+00,-4.541389465332031250e+00,-4.350799560546875000e+00,-3.887351036071777344e+00
-4.115967750549316406e+00,-7.798655509948730469e+00,-1.140935134887695312e+01,-4.654541969299316406e+00,-7.644197463989257812e+00,-4.557781219482421875e+00,-4.333857059478759766e+00,-3.865156650543212891e+00
-3.959775924682617188e+00,-7.645162105560302734e+00,-1.132655334472656250e+01,-4.463837623596191406e+00,-7.488463401794433594e+00,-4.394304275512695312e+00,-4.443111896514892578e+00,-3.866922378540039062e+00
-4.004543304443359375e+00,-7.838406562805175781e+00,-1.137610816955566406e+01,-4.505114555358886719e+00,-7.667580604553222656e+00,-4.418250083923339844e+00,-4.496480941772460938e+00,-4.003208160400390625e+00
-4.096657752990722656e+00,-7.774419784545898438e+00,-1.136650657653808594e+01,-4.636235237121582031e+00,-7.624948024749755859e+00,-4.547436237335205078e+00,-4.350218296051025391e+00,-3.847020626068115234e+00
-4.041703224182128906e+00,-7.684258937835693359e+00,-1.134946632385253906e+01,-4.664330482482910156e+00,-7.616710662841796875e+00,-4.567162990570068359e+00,-4.227517127990722656e+00,-3.788747549057006836e+00
-4.096831798553466797e+00,-7.769367218017578125e+00,-1.138615226745605469e+01,-4.614375114440917969e+00,-7.619620323181152344e+00,-4.546333312988281250e+00,-4.334956645965576172e+00,-3.870296955108642578e+00
-4.078579902648925781e+00,-7.697919845581054688e+00,-1.139188957214355469e+01,-4.627194881439208984e+00,-7.745624542236328125e+00,-4.460919380187988281e+00,-4.280568599700927734e+00,-3.957858562469482422e+00
-3.633221864700317383e+00,-7.737135887145996094e+00,-1.053767871856689453e+01,-3.045208215713500977e+00,-6.982498645782470703e+00,-4.024284839630126953e+00,-4.358536720275878906e+00,-4.344059467315673828e+00
-4.054981231689453125e+00,-7.598717212677001953e+00,-1.134392738342285156e+01,-4.488526344299316406e+00,-7.545138835906982422e+00,-4.639052391052246094e+00,-4.406791210174560547e+00,-3.838252544403076172e+00
-4.119611740112304688e+00,-7.798918724060058594e+00,-1.135998535156250000e+01,-4.626743316650390625e+00,-7.666698455810546875e+00,-4.602818012237548828e+00,-4.319697380065917969e+00,-3.857404232025146484e+00
-4.102330684661865234e+00,-7.813646793365478516e+00,-1.138118553161621094e+01,-4.643456935882568359e+00,-7.630191802978515625e+00,-4.594985485076904297e+00,-4.350641250610351562e+00,-3.877411365509033203e+00
-4.119148254394531250e+00,-7.758657455444335938e+00,-1.131508445739746094e+01,-4.632549285888671875e+00,-7.636547088623046875e+00,-4.675802230834960938e+00,-4.328381538391113281e+00,-3.820496320724487305e+00
-4.177113533020019531e+00,-7.733633041381835938e+00,-1.096858978271484375e+01,-4.851871013641357422e+00,-7.658290863037109375e+00,-4.993369102478027344e+00,-4.059110164642333984e+00,-4.375642299652099609e+00
-4.184967041015625000e+00,-7.711954116821289062e+00,-1.087332248687744141e+01,-4.913869857788085938e+00,-7.674518585205078125e+00,-5.063040256500244141e+00,-4.065724372863769531e+00,-4.441540718078613281e+00
-2.536655426025390625e+00,-6.986533164978027344e+00,-9.063635826110839844e+00,-3.150332927703857422e+00,-6.230663776397705078e+00,-4.147121429443359375e+00,-3.283136606216430664e+00,-3.780792474746704102e+00
-4.301607131958007812e+00,-7.212779045104980469e+00,-9.886156082153320312e+00,-5.497753143310546875e+00,-7.997873306274414062e+00,-5.080398559570312500e+00,-3.865260839462280273e+00,-4.919672012329101562e+00
-4.309084892272949219e+00,-7.235227584838867188e+00,-9.989801406860351562e+00,-5.443365097045898438e+00,-7.947169303894042969e+00,-5.048707008361816406e+00,-3.900303840637207031e+00,-4.872163295745849609e+00
-4.168840885162353516e+00,-7.690652847290039062e+00,-1.089806079864501953e+01,-4.719126224517822266e+00,-7.589285850524902344e+00,-4.893797397613525391e+00,-4.017621517181396484e+00,-4.393268585205078125e+00
-4.319862365722656250e+00,-7.391469001770019531e+00,-1.030167007446289062e+01,-5.270867824554443359e+00,-7.860820293426513672e+00,-4.993197917938232422e+00,-3.945402145385742188e+00,-4.826999664306640625e+00
-3.878649950027465820e+00,-7.296896934509277344e+00,-1.053639221191406250e+01,-3.368304729461669922e+00,-6.916644096374511719e+00,-4.174643516540527344e+00,-4.188916206359863281e+00,-4.579512119293212891e+00
-3.887023925781250000e+00,-7.358209609985351562e+00,-1.059753799438476562e+01,-3.506445169448852539e+00,-6.563549518585205078e+00,-4.331883430480957031e+00,-4.300008773803710938e+00,-4.681071281433105469e+00
-4.257295131683349609e+00,-7.627777099609375000e+00,-1.067607307434082031e+01,-4.846076965332031250e+00,-7.576238632202148438e+00,-4.860613346099853516e+00,-3.895502328872680664e+00,-4.669384956359863281e+00
-4.017105102539062500e+00,-7.787507057189941406e+00,-1.094488525390625000e+01,-4.515520572662353516e+00,-7.358189582824707031e+00,-4.828919410705566406e+00,-4.134056568145751953e+00,-4.115586280822753906e+00
-4.119562149047851562e+00,-7.512410163879394531e+00,-1.076292800903320312e+01,-4.597233295440673828e+00,-7.327203273773193359e+00,-4.747664928436279297e+00,-3.998497962951660156e+00,-4.449658870697021484e+00
-3.237028360366821289e+00,-7.206095695495605469e+00,-9.910194396972656250e+00,-2.877719402313232422e+00,-6.118664741516113281e+00,-3.621602535247802734e+00,-4.052314281463623047e+00,-3.733631372451782227e+00
-4.223716259002685547e+00,-7.637736320495605469e+00,-1.059491157531738281e+01,-4.950343608856201172e+00,-7.705512046813964844e+00,-4.974361419677734375e+00,-3.936777114868164062e+00,-4.704110145568847656e+00
-3.617126703262329102e+00,-7.649139404296875000e+00,-1.035771179199218750e+01,-3.031354665756225586e+00,-6.420128822326660156e+00,-3.355182886123657227e+00,-4.285157680511474609e+00,-4.095717906951904297e+00
-4.020935058593750000e+00,-7.797116279602050781e+00,-1.088186073303222656e+01,-4.513403892517089844e+00,-7.574850559234619141e+00,-4.709650039672851562e+00,-4.186048507690429688e+00,-3.896990776062011719e+00
-4.130345344543457031e+00,-7.796286582946777344e+00,-1.134597396850585938e+01,-4.666545867919921875e+00,-7.655741691589355469e+00,-4.498645305633544922e+00,-4.315101623535156250e+00,-3.825219154357910156e+00
-4.124485015869140625e+00,-7.789511680603027344e+00,-1.137120437622070312e+01,-4.671223640441894531e+00,-7.646722316741943359e+00,-4.517811298370361328e+00,-4.317151069641113281e+00,-3.815798759460449219e+00
-4.126112461090087891e+00,-7.798817634582519531e+00,-1.130909347534179688e+01,-4.625987529754638672e+00,-7.636219024658203125e+00,-4.561787605285644531e+00,-4.289212226867675781e+00,-3.852175712585449219e+00
-4.124795436859130859e+00,-7.810168266296386719e+00,-1.139302253723144531e+01,-4.655724525451660156e+00,-7.648341178894042969e+00,-4.564641475677490234e+00,-4.329754829406738281e+00,-3.878044128417968750e+00
-4.134386062622070312e+00,-7.789546489715576172e+00,-1.140055179595947266e+01,-4.658988475799560547e+00,-7.647328376770019531e+00,-4.543787479400634766e+00,-4.302896499633789062e+00,-3.847756862640380859e+00
-4.126346588134765625e+00,-7.807216644287109375e+00,-1.141003227233886719e+01,-4.650717735290527344e+00,-7.654216289520263672e+00,-4.547594070434570312e+00,-4.325923919677734375e+00,-3.867000102996826172e+00
-4.122359275817871094e+00,-7.803690910339355469e+00,-1.137168312072753906e+01,-4.649723529815673828e+00,-7.668283462524414062e+00,-4.533189773559570312e+00,-4.321099758148193359e+00,-3.862218856811523438e+00
-4.128582000732421875e+00,-7.794249534606933594e+00,-1.141630554199218750e+01,-4.660861968994140625e+00,-7.644060134887695312e+00,-4.553678512573242188e+00,-4.320230484008789062e+00,-3.863982200622558594e+00
-4.125586986541748047e+00,-7.804038047790527344e+00,-1.141995716094970703e+01,-4.659395217895507812e+00,-7.650508403778076172e+00,-4.554119586944580078e+00,-4.334334373474121094e+00,-3.869798183441162109e+00
-4.119059562683105469e+00,-7.819679260253906250e+00,-1.139422988891601562e+01,-4.656010627746582031e+00,-7.638316631317138672e+00,-4.588960647583007812e+00,-4.341540813446044922e+00,-3.894124984741210938e+00
-4.108240604400634766e+00,-7.800657749176025391e+00,-1.137074089050292969e+01,-4.642131328582763672e+00,-7.646654129028320312e+00,-4.547083854675292969e+00,-4.329669952392578125e+00,-3.857081413269042969e+00
-4.118389606475830078e+00,-7.798613548278808594e+00,-1.137561416625976562e+01,-4.647872447967529297e+00,-7.668363094329833984e+00,-4.525138854980468750e+00,-4.307483196258544922e+00,-3.854112148284912109e+00
-4.269996643066406250e+00,-6.091975688934326172e+00,-1.036269283294677734e+01,-8.912320137023925781e-01,-7.333694458007812500e+00,-4.964547157287597656e-01,-2.604727983474731445e+00,-4.692078590393066406e+00
-4.115094661712646484e+00,-7.595409870147705078e+00,-1.068227958679199219e+01,-4.903479576110839844e+00,-7.728377342224121094e+00,-4.972697734832763672e+00,-3.963274002075195312e+00,-4.370317935943603516e+00
-4.192006587982177734e+00,-7.737784862518310547e+00,-1.076366424560546875e+01,-4.908541202545166016e+00,-7.755281448364257812e+00,-5.019718170166015625e+00,-4.064421176910400391e+00,-4.509753704071044922e+00
-3.871897220611572266e+00,-7.640912055969238281e+00,-1.043493843078613281e+01,-5.292455673217773438e+00,-6.931490421295166016e+00,-7.801922798156738281e+00,-5.332587242126464844e+00,-4.871267795562744141e+00
-2.726009368896484375e+00,-6.875736713409423828e+00,-9.568919181823730469e+00,-2.919559240341186523e+00,-5.904628753662109375e+00,-3.427830696105957031e+00,-3.656420946121215820e+00,-4.322910785675048828e+00
-4.311318397521972656e+00,-7.293158054351806641e+00,-9.912835121154785156e+00,-5.489709854125976562e+00,-8.029877662658691406e+00,-5.102944374084472656e+00,-3.883243322372436523e+00,-4.922467708587646484e+00
-4.008101463317871094e+00,-7.901111602783203125e+00,-1.105979347229003906e+01,-4.514856338500976562e+00,-7.650230407714843750e+00,-4.451663017272949219e+00,-4.507060050964355469e+00,-4.024435043334960938e+00
-4.099927902221679688e+00,-7.776537895202636719e+00,-1.110163307189941406e+01,-4.730688095092773438e+00,-7.658202171325683594e+00,-4.901636123657226562e+00,-4.132857322692871094e+00,-4.018070220947265625e+00
-2.454195261001586914e+00,-7.079826354980468750e+00,-9.363554000854492188e+00,-3.220885753631591797e+00,-7.086659908294677734e+00,-3.072313308715820312e+00,-3.622730016708374023e+00,-4.802766323089599609e+00
-2.137836456298828125e+00,-6.650896072387695312e+00,-8.744372367858886719e+00,-2.935954332351684570e+00,-5.767315864562988281e+00,-3.296458721160888672e+00,-3.137970924377441406e+00,-3.969153881072998047e+00
3.119126558303833008e-01,-4.169543266296386719e+00,-3.093681573867797852e+00,-3.853206157684326172e+00,-6.650826454162597656e+00,2.094787359237670898e+00,-5.614724159240722656e+00,-2.625134468078613281e+00
-2.554579734802246094e+00,-7.049015522003173828e+00,-8.787424087524414062e+00,-3.625660657882690430e+00,-6.945829391479492188e+00,-4.103534698486328125e+00,-3.662354469299316406e+00,-4.089437961578369141e+00
-1.013053655624389648e+00,-6.458153724670410156e+00,-7.482227325439453125e+00,-2.168263673782348633e+00,-6.144312858581542969e+00,-3.440857887268066406e+00,-2.385156869888305664e+00,-3.251926422119140625e+00
-4.131849288940429688e+00,-7.583230018615722656e+00,-1.111563205718994141e+01,-4.909507751464843750e+00,-8.056187629699707031e+00,-5.094953536987304688e+00,-4.043918132781982422e+00,-4.531138896942138672e+00
-3.993485212326049805e+00,-6.984686374664306641e+00,-1.169478607177734375e+01,-4.741711616516113281e+00,-7.999646186828613281e+00,-4.841123104095458984e+00,-4.410963535308837891e+00,-4.942542552947998047e+00
-3.304218530654907227e+00,-6.235491275787353516e+00,-1.009700965881347656e+01,-2.130882263183593750e+00,-7.516547203063964844e+00,-1.398279070854187012e+00,-3.303945064544677734e+00,-4.912827014923095703e+00
-4.249034881591796875e+00,-7.474588871002197266e+00,-1.142726898193359375e+01,-4.968938827514648438e+00,-8.303119659423828125e+00,-5.305496215820312500e+00,-3.981024742126464844e+00,-4.798441886901855469e+00
-4.288120269775390625e+00,-7.294856071472167969e+00,-1.160161209106445312e+01,-5.058382034301757812e+00,-8.623569488525390625e+00,-5.268208980560302734e+00,-3.942673206329345703e+00,-5.093615055084228516e+00
-4.338378906250000000e+00,-7.568130493164062500e+00,-1.154756736755371094e+01,-5.037539482116699219e+00,-8.244394302368164062e+00,-5.472907066345214844e+00,-4.243907451629638672e+00,-4.897402286529541016e+00
-4.312987327575683594e+00,-7.327597618103027344e+00,-1.171891784667968750e+01,-5.121145725250244141e+00,-8.760784149169921875e+00,-5.348097801208496094e+00,-4.124865055084228516e+00,-5.195628166198730469e+00
-2.992370605468750000e+00,-6.064648151397705078e+00,-9.624429702758789062e+00,-1.550543069839477539e+00,-7.402503013610839844e+00,-1.091717958450317383e+00,-2.924843311309814453e+00,-4.667872905731201172e+00
-3.607557773590087891e+00,-6.011919975280761719e+00,-9.806722640991210938e+00,-1.082857370376586914e+00,-7.140851974487304688e+00,-8.281846046447753906e-01,-3.227977037429809570e+00,-4.803341865539550781e+00
-2.108664274215698242e+00,-6.733533859252929688e+00,-8.797945022583007812e+00,-2.478509902954101562e+00,-5.731376171112060547e+00,-2.892261981964111328e+00,-3.209569692611694336e+00,-3.792234897613525391e+00
-2.692413806915283203e+00,-6.564783096313476562e+00,-1.058399677276611328e+01,-4.061326503753662109e+00,-8.398438453674316406e+00,-3.709952592849731445e+00,-3.847290754318237305e+00,-5.418955326080322266e+00
-2.864169359207153320e+00,-6.790691852569580078e+00,-9.227306365966796875e+00,-2.586593151092529297e+00,-5.823401927947998047e+00,-2.395301818847656250e+00,-3.539941787719726562e+00,-4.061801910400390625e+00
-4.069162368774414062e+00,-7.720161437988281250e+00,-1.112407016754150391e+01,-4.719810485839843750e+00,-7.860716819763183594e+00,-4.713738441467285156e+00,-4.139577865600585938e+00,-3.924417018890380859e+00
-4.718314170837402344e+00,-6.287398338317871094e+00,-1.098689079284667969e+01,-2.320270061492919922e+00,-7.547571182250976562e+00,-1.311043739318847656e+00,-2.893799304962158203e+00,-4.605828285217285156e+00
-5.169225215911865234e+00,-6.189208030700683594e+00,-1.105303096771240234e+01,-2.696831703186035156e+00,-8.388103485107421875e+00,-1.413468360900878906e+00,-2.960929870605468750e+00,-4.646261692047119141e+00
-4.653608322143554688e+00,-6.259364128112792969e+00,-1.088227653503417969e+01,-2.205598831176757812e+00,-7.007649898529052734e+00,-1.224463105201721191e+00,-2.883371353149414062e+00,-4.481881618499755859e+00
-4.636227607727050781e+00,-6.280116081237792969e+00,-1.086758804321289062e+01,-2.224902391433715820e+00,-6.974752902984619141e+00,-1.236488461494445801e+00,-2.909494161605834961e+00,-4.437237739562988281e+00
-5.040982246398925781e+00,-6.312165737152099609e+00,-1.050913047790527344e+01,-1.618370771408081055e+00,-8.743734359741210938e+00,-1.222192287445068359e+00,-2.518352508544921875e+00,-4.745508670806884766e+00
-4.382213592529296875e+00,-7.500095844268798828e+00,-1.120347023010253906e+01,-4.730232715606689453e+00,-7.603269577026367188e+00,-1.904726624488830566e+00,-3.805188417434692383e+00,-4.196636676788330078e+00
-4.456749916076660156e+00,-6.492176055908203125e+00,-1.101209068298339844e+01,-2.779505729675292969e+00,-7.553637027740478516e+00,-1.282329559326171875e+00,-3.176405906677246094e+00,-4.268837451934814453e+00
-4.604938983917236328e+00,-6.160051345825195312e+00,-1.082552337646484375e+01,-1.795976519584655762e+00,-7.099016666412353516e+00,-1.027715086936950684e+00,-2.789844512939453125e+00,-4.542712211608886719e+00
-4.762788772583007812e+00,-6.300823211669921875e+00,-1.055327033996582031e+01,-1.799596190452575684e+00,-8.834793090820312500e+00,-1.171632289886474609e+00,-2.595039606094360352e+00,-4.650277614593505859e+00
-4.936367988586425781e+00,-6.219359397888183594e+00,-1.086201667785644531e+01,-2.329472541809082031e+00,-8.461687088012695312e+00,-1.315314292907714844e+00,-2.812624454498291016e+00,-4.594441413879394531e+00
-4.617560386657714844e+00,-6.887320041656494141e+00,-1.115276527404785156e+01,-4.369188308715820312e+00,-7.768235206604003906e+00,-1.421506285667419434e+00,-3.472467422485351562e+00,-4.268761157989501953e+00
-4.805265426635742188e+00,-6.245611190795898438e+00,-1.083287715911865234e+01,-2.420740842819213867e+00,-8.273223876953125000e+00,-1.346311807632446289e+00,-2.848480701446533203e+00,-4.619723796844482422e+00
-4.032756805419921875e+00,-7.655422210693359375e+00,-1.142527580261230469e+01,-4.720196723937988281e+00,-7.797801017761230469e+00,-4.376220703125000000e+00,-4.135000705718994141e+00,-3.877691745758056641e+00
-4.140395641326904297e+00,-7.810757637023925781e+00,-1.132366752624511719e+01,-4.629805564880371094e+00,-7.671647071838378906e+00,-4.645760059356689453e+00,-4.293883323669433594e+00,-3.931479930877685547e+00
-4.126891136169433594e+00,-7.778450489044189453e+00,-1.139906215667724609e+01,-4.604460239410400391e+00,-7.666302680969238281e+00,-4.570557594299316406e+00,-4.347464561462402344e+00,-3.851943731307983398e+00
-4.125243186950683594e+00,-7.756293296813964844e+00,-1.140780448913574219e+01,-4.570581912994384766e+00,-7.632945060729980469e+00,-4.582978248596191406e+00,-4.377207279205322266e+00,-3.852987527847290039e+00
-4.131482124328613281e+00,-7.842797279357910156e+00,-1.125440120697021484e+01,-4.623587608337402344e+00,-7.640048980712890625e+00,-4.704163551330566406e+00,-4.247451782226562500e+00,-3.947915077209472656e+00
-2.814116954803466797e+00,-7.037815570831298828e+00,-9.730916976928710938e+00,-2.635736465454101562e+00,-5.803668975830078125e+00,-2.077730894088745117e+00,-3.551039695739746094e+00,-4.204342365264892578e+00
-3.366261243820190430e+00,-7.411734580993652344e+00,-1.029266548156738281e+01,-2.966540813446044922e+00,-6.305524826049804688e+00,-3.872311592102050781e+00,-4.290638923645019531e+00,-4.370841026306152344e+00
-4.104587554931640625e+00,-7.841557502746582031e+00,-1.129404449462890625e+01,-4.645572662353515625e+00,-7.591289997100830078e+00,-4.648255348205566406e+00,-4.299630165100097656e+00,-3.920095443725585938e+00
-4.101804256439208984e+00,-7.792201519012451172e+00,-1.131987762451171875e+01,-4.640657424926757812e+00,-7.642983436584472656e+00,-4.560071945190429688e+00,-4.281223773956298828e+00,-3.834329128265380859e+00
-4.103778362274169922e+00,-7.795243263244628906e+00,-1.089409446716308594e+01,-4.687228202819824219e+00,-7.619954586029052734e+00,-4.824100494384765625e+00,-4.047071933746337891e+00,-4.255229949951171875e+00
-4.061287879943847656e+00,-7.819627761840820312e+00,-1.143699455261230469e+01,-4.477043151855468750e+00,-7.551688194274902344e+00,-4.546910285949707031e+00,-4.559736728668212891e+00,-3.897384166717529297e+00
-2.801704645156860352e+00,-6.937635421752929688e+00,-9.523920059204101562e+00,-2.386723279953002930e+00,-5.926260471343994141e+00,-1.776059746742248535e+00,-3.744505405426025391e+00,-4.165714740753173828e+00
-3.631168603897094727e+00,-7.650970458984375000e+00,-1.060917472839355469e+01,-3.012969017028808594e+00,-6.454436302185058594e+00,-3.537805795669555664e+00,-4.447421073913574219e+00,-4.327106475830078125e+00
-3.075701713562011719e+00,-7.157002925872802734e+00,-9.862804412841796875e+00,-2.856822013854980469e+00,-5.867308616638183594e+00,-2.840780258178710938e+00,-3.752960443496704102e+00,-4.313264369964599609e+00
-3.070823669433593750e+00,-7.083617687225341797e+00,-9.668906211853027344e+00,-2.716484069824218750e+00,-5.875375270843505859e+00,-1.880741000175476074e+00,-3.758251667022705078e+00,-4.129975318908691406e+00
-4.094002723693847656e+00,-7.765088558197021484e+00,-1.136105918884277344e+01,-4.552181720733642578e+00,-7.594142913818359375e+00,-4.541406631469726562e+00,-4.447889328002929688e+00,-3.826570510864257812e+00
-4.246389865875244141e+00,-7.648627281188964844e+00,-1.065745162963867188e+01,-4.809983253479003906e+00,-7.633448600769042969e+00,-4.808069705963134766e+00,-3.896585464477539062e+00,-4.602288722991943359e+00
-4.199846267700195312e+00,-7.487737655639648438e+00,-1.055456733703613281e+01,-4.747484683990478516e+00,-7.424927711486816406e+00,-4.729402542114257812e+00,-3.960643529891967773e+00,-4.655995368957519531e+00
-4.181557655334472656e+00,-7.373167991638183594e+00,-1.048116493225097656e+01,-4.811133384704589844e+00,-7.402987957000732422e+00,-4.783537387847900391e+00,-3.965718984603881836e+00,-4.684128761291503906e+00
-4.280631065368652344e+00,-7.584896087646484375e+00,-1.045234298706054688e+01,-5.101933479309082031e+00,-7.803725242614746094e+00,-4.928454399108886719e+00,-3.883843898773193359e+00,-4.709791183471679688e+00
-1.923291206359863281e+00,-6.832392215728759766e+00,-9.402169227600097656e+00,-2.586888790130615234e+00,-5.846289157867431641e+00,-2.906394720077514648e+00,-2.907345294952392578e+00,-3.557677745819091797e+00
-4.140857219696044922e+00,-7.813761711120605469e+00,-1.140476608276367188e+01,-4.654725074768066406e+00,-7.614830493927001953e+00,-4.573849201202392578e+00,-4.344069004058837891e+00,-3.828976154327392578e+00
-1.279400110244750977e+00,-6.485570907592773438e+00,-7.774591445922851562e+00,-2.041999816894531250e+00,-5.727210521697998047e+00,-3.416264057159423828e+00,-2.092169046401977539e+00,-3.266591072082519531e+00
-2.693882942199707031e+00,-6.738481998443603516e+00,-9.406660079956054688e+00,-2.499084472656250000e+00,-5.831380844116210938e+00,-3.530488252639770508e+00,-2.677353143692016602e+00,-3.550267219543457031e+00
-4.269986152648925781e+00,-7.458010196685791016e+00,-1.027828121185302734e+01,-5.195193290710449219e+00,-7.799192905426025391e+00,-4.908020973205566406e+00,-3.891666173934936523e+00,-4.744986534118652344e+00
-1.046661019325256348e+00,-6.335252761840820312e+00,-7.538564682006835938e+00,-1.951505422592163086e+00,-5.670465469360351562e+00,-3.401961803436279297e+00,-1.856887221336364746e+00,-3.008199214935302734e+00
-9.879504442214965820e-01,-6.298932075500488281e+00,-7.498395919799804688e+00,-1.898924350738525391e+00,-5.661571025848388672e+00,-3.377073764801025391e+00,-1.783969998359680176e+00,-2.953520298004150391e+00
-4.820147991180419922e+00,-6.809607505798339844e+00,-1.041491889953613281e+01,-6.083791732788085938e+00,-9.110262870788574219e+00,-1.052079916000366211e+00,-2.767566919326782227e+00,-4.249438285827636719e+00
-4.257785797119140625e+00,-7.778544425964355469e+00,-1.088124084472656250e+01,-5.596585273742675781e+00,-7.552629470825195312e+00,-5.773114204406738281e+00,-4.939095497131347656e+00,-4.827718734741210938e+00
-4.223697662353515625e+00,-8.033700942993164062e+00,-1.111412811279296875e+01,-5.167483806610107422e+00,-7.791984558105468750e+00,-6.872697830200195312e+00,-6.156459808349609375e+00,-5.100173473358154297e+00
-4.782682895660400391e+00,-6.514693737030029297e+00,-1.087409591674804688e+01,-5.548628807067871094e+00,-2.358786106109619141e+00,-1.472226858139038086e+00,-4.932196140289306641e+00,-4.642300128936767578e+00
-4.066093921661376953e+00,-7.691119670867919922e+00,-1.132438850402832031e+01,-5.170379161834716797e+00,-8.026423454284667969e+00,-5.130531311035156250e+00,-4.097015857696533203e+00,-4.657838344573974609e+00
-4.342978477478027344e+00,-7.212017059326171875e+00,-9.786327362060546875e+00,-5.488150119781494141e+00,-8.053227424621582031e+00,-5.151826858520507812e+00,-3.829958200454711914e+00,-5.039973735809326172e+00
-4.336302757263183594e+00,-7.310167312622070312e+00,-9.796685218811035156e+00,-5.518210411071777344e+00,-8.063893318176269531e+00,-5.160345077514648438e+00,-3.863727569580078125e+00,-5.050220012664794922e+00
-4.296653747558593750e+00,-7.287935256958007812e+00,-9.970701217651367188e+00,-5.460913658142089844e+00,-8.008305549621582031e+00,-5.078440189361572266e+00,-3.917151927947998047e+00,-4.900798320770263672e+00
-4.267724990844726562e+00,-7.374648094177246094e+00,-1.013944053649902344e+01,-5.367195606231689453e+00,-7.929887771606445312e+00,-5.107476234436035156e+00,-3.992487668991088867e+00,-4.869458675384521484e+00
-4.271286010742187500e+00,-7.247153759002685547e+00,-9.855298995971679688e+00,-5.477543354034423828e+00,-7.965373992919921875e+00,-5.089685440063476562e+00,-3.862736225128173828e+00,-4.911472797393798828e+00
-1.041266679763793945e+00,-6.387827396392822266e+00,-7.630145549774169922e+00,-1.876327395439147949e+00,-5.649625301361083984e+00,-3.333511352539062500e+00,-1.801634430885314941e+00,-2.951886177062988281e+00
-4.552257537841796875e+00,-8.355238914489746094e+00,-1.167123413085937500e+01,-5.665468215942382812e+00,-9.038868904113769531e+00,-6.945871353149414062e+00,-7.489244937896728516e+00,-5.765908718109130859e+00
-9.874271154403686523e-01,-6.409933090209960938e+00,-7.539198875427246094e+00,-1.884737253189086914e+00,-5.673973083496093750e+00,-3.352202892303466797e+00,-1.802921175956726074e+00,-2.974586725234985352e+00
-4.026810646057128906e+00,-7.538469314575195312e+00,-1.124778652191162109e+01,-4.827904701232910156e+00,-7.973690032958984375e+00,-4.487098693847656250e+00,-3.757831335067749023e+00,-4.156697750091552734e+00
-4.011574745178222656e+00,-7.760053157806396484e+00,-1.125660610198974609e+01,-4.708139419555664062e+00,-7.633310317993164062e+00,-4.593057632446289062e+00,-4.253497123718261719e+00,-3.828714370727539062e+00
-3.964999675750732422e+00,-7.720991134643554688e+00,-1.140683937072753906e+01,-4.635660648345947266e+00,-7.470172882080078125e+00,-4.436923980712890625e+00,-4.192626953125000000e+00,-3.810906410217285156e+00
-4.485542297363281250e+00,-6.391559123992919922e+00,-1.119111251831054688e+01,-2.576054096221923828e+00,-6.726704597473144531e+00,-1.243292212486267090e+00,-3.314255714416503906e+00,-4.617008209228515625e+00
-4.404781341552734375e+00,-6.447118759155273438e+00,-1.133816623687744141e+01,-2.922380685806274414e+00,-6.550053596496582031e+00,-1.404415369033813477e+00,-3.342473268508911133e+00,-4.437906265258789062e+00
-3.988194704055786133e+00,-7.583272457122802734e+00,-1.118248176574707031e+01,-4.711963176727294922e+00,-7.695409774780273438e+00,-4.521020889282226562e+00,-3.988613128662109375e+00,-3.904791355133056641e+00
-4.395576953887939453e+00,-6.624033927917480469e+00,-1.126417350769042969e+01,-2.879818439483642578e+00,-6.630568504333496094e+00,-1.370207786560058594e+00,-3.529091835021972656e+00,-4.080127239227294922e+00
-4.133119583129882812e+00,-7.826582908630371094e+00,-1.146948051452636719e+01,-4.665258884429931641e+00,-7.644251823425292969e+00,-4.557664394378662109e+00,-4.353419303894042969e+00,-3.853198051452636719e+00
-4.140710353851318359e+00,-7.791889667510986328e+00,-1.140752029418945312e+01,-4.663991928100585938e+00,-7.638250350952148438e+00,-4.541130065917968750e+00,-4.309692382812500000e+00,-3.840139865875244141e+00
-3.051725149154663086e+00,-7.262306690216064453e+00,-9.587873458862304688e+00,-2.904158115386962891e+00,-6.016652107238769531e+00,-2.232628107070922852e+00,-3.793292522430419922e+00,-3.906213760375976562e+00
-4.122844696044921875e+00,-7.804226875305175781e+00,-1.142094993591308594e+01,-4.632000923156738281e+00,-7.617381572723388672e+00,-4.527467727661132812e+00,-4.389884948730468750e+00,-3.835026741027832031e+00
-4.852271556854248047e+00,-6.265080451965332031e+00,-1.076555824279785156e+01,-2.185076713562011719e+00,-7.707189083099365234e+00,-1.300683498382568359e+00,-2.800998210906982422e+00,-4.627447605133056641e+00
-5.178705692291259766e+00,-6.178281307220458984e+00,-1.066257381439208984e+01,-1.925173997879028320e+00,-7.989367485046386719e+00,-1.236799120903015137e+00,-2.742348194122314453e+00,-4.773555755615234375e+00
-4.364121437072753906e+00,-7.433853626251220703e+00,-1.059799575805664062e+01,-5.123921871185302734e+00,-7.748235702514648438e+00,-4.915712356567382812e+00,-4.016742706298828125e+00,-4.830927371978759766e+00
-4.299253463745117188e+00,-7.256575584411621094e+00,-9.920991897583007812e+00,-5.490262031555175781e+00,-8.073781013488769531e+00,-5.114142417907714844e+00,-3.910435914993286133e+00,-4.956268310546875000e+00
-4.336751461029052734e+00,-7.506093025207519531e+00,-1.040624809265136719e+01,-5.223280429840087891e+00,-7.953927040100097656e+00,-4.923692703247070312e+00,-3.869644403457641602e+00,-4.781528949737548828e+00
-4.361224174499511719e+00,-7.375507354736328125e+00,-1.010981845855712891e+01,-5.442112922668457031e+00,-8.091292381286621094e+00,-5.068490028381347656e+00,-3.919577360153198242e+00,-4.930452346801757812e+00
-4.330711364746093750e+00,-7.307057380676269531e+00,-9.920677185058593750e+00,-5.492261886596679688e+00,-8.054649353027343750e+00,-5.096915245056152344e+00,-3.894042253494262695e+00,-4.961848735809326172e+00
-4.308362960815429688e+00,-7.264437198638916016e+00,-9.858749389648437500e+00,-5.494205474853515625e+00,-8.053814888000488281e+00,-5.085686683654785156e+00,-3.878396749496459961e+00,-4.974900245666503906e+00
-4.440615653991699219e+00,-7.338187217712402344e+00,-9.864620208740234375e+00,-5.552728652954101562e+00,-8.126413345336914062e+00,-5.232870101928710938e+00,-3.859043598175048828e+00,-5.092831134796142578e+00
-4.340605258941650391e+00,-7.290543079376220703e+00,-9.803550720214843750e+00,-5.530629634857177734e+00,-8.066977500915527344e+00,-5.134963512420654297e+00,-3.890509128570556641e+00,-5.013498783111572266e+00
-4.328079700469970703e+00,-7.215260028839111328e+00,-9.777229309082031250e+00,-5.487738609313964844e+00,-8.048761367797851562e+00,-5.142313003540039062e+00,-3.833352088928222656e+00,-5.029199600219726562e+00
-3.875025033950805664e+00,-7.412030220031738281e+00,-9.948148727416992188e+00,-4.231354236602783203e+00,-6.196181297302246094e+00,-2.514154195785522461e+00,-4.907559871673583984e+00,-4.848595142364501953e+00
-4.292522430419921875e+00,-7.251048088073730469e+00,-9.856063842773437500e+00,-5.502060890197753906e+00,-8.044551849365234375e+00,-5.098279953002929688e+00,-3.888682365417480469e+00,-4.962178707122802734e+00
-4.292559623718261719e+00,-7.240925312042236328e+00,-9.836572647094726562e+00,-5.477653503417968750e+00,-8.049408912658691406e+00,-5.119751930236816406e+00,-3.924243927001953125e+00,-4.994277954101562500e+00
-4.316725730895996094e+00,-7.235264778137207031e+00,-9.771556854248046875e+00,-5.490499496459960938e+00,-8.075532913208007812e+00,-5.097240447998046875e+00,-3.828829050064086914e+00,-5.002732276916503906e+00
-3.448921918869018555e+00,-6.659577369689941406e+00,-1.072941207885742188e+01,-3.273184061050415039e+00,-6.168101310729980469e+00,-4.627680301666259766e+00,-3.936037302017211914e+00,-4.540027141571044922e+00
-3.168626785278320312e+00,-7.186516284942626953e+00,-1.000293922424316406e+01,-3.493861436843872070e+00,-6.243047237396240234e+00,-4.014724254608154297e+00,-3.933029651641845703e+00,-4.276453495025634766e+00
-3.449975013732910156e+00,-6.477071285247802734e+00,-9.963424682617187500e+00,-3.162319183349609375e+00,-6.147923469543457031e+00,-4.536498546600341797e+00,-4.314897060394287109e+00,-4.514571666717529297e+00
-3.342048645019531250e+00,-6.415092945098876953e+00,-1.031402778625488281e+01,-3.974390983581542969e+00,-6.405878067016601562e+00,-4.869168281555175781e+00,-4.509987831115722656e+00,-4.503530979156494141e+00
-3.127073764801025391e+00,-6.579878807067871094e+00,-9.875213623046875000e+00,-3.000257730484008789e+00,-5.916452407836914062e+00,-3.996396064758300781e+00,-3.661625623703002930e+00,-4.322729110717773438e+00
-3.744125604629516602e+00,-6.829090118408203125e+00,-1.021115493774414062e+01,-3.074561357498168945e+00,-6.967547893524169922e+00,-4.633244514465332031e+00,-5.291478633880615234e+00,-4.895032405853271484e+00
-4.081490516662597656e+00,-6.626596927642822266e+00,-1.036332702636718750e+01,-4.366949081420898438e+00,-7.383666992187500000e+00,-4.678830146789550781e+00,-4.698086738586425781e+00,-5.036337375640869141e+00
-3.039614915847778320e+00,-6.779802322387695312e+00,-1.008464050292968750e+01,-2.764916896820068359e+00,-5.829772472381591797e+00,-3.615623712539672852e+00,-3.533219814300537109e+00,-4.382604598999023438e+00
-4.002692699432373047e+00,-6.632610797882080078e+00,-1.065041732788085938e+01,-4.179176807403564453e+00,-6.730737686157226562e+00,-4.726554870605468750e+00,-4.550260066986083984e+00,-4.999786853790283203e+00
-2.909224987030029297e+00,-6.641061305999755859e+00,-9.623682975769042969e+00,-2.696958303451538086e+00,-5.893347263336181641e+00,-3.551167249679565430e+00,-3.497497797012329102e+00,-4.319006919860839844e+00
-4.084396362304687500e+00,-6.663166046142578125e+00,-1.042095375061035156e+01,-4.402598857879638672e+00,-7.593919754028320312e+00,-4.715884208679199219e+00,-4.667229652404785156e+00,-4.999721527099609375e+00
-2.778206348419189453e+00,-6.800194740295410156e+00,-9.645420074462890625e+00,-2.876332044601440430e+00,-5.999670028686523438e+00,-3.483006477355957031e+00,-3.558108806610107422e+00,-4.322717189788818359e+00
-2.794548273086547852e+00,-6.934514045715332031e+00,-9.203045845031738281e+00,-3.494442939758300781e+00,-6.520212650299072266e+00,-3.989059925079345703e+00,-3.527316093444824219e+00,-3.916327476501464844e+00
-2.931652307510375977e+00,-7.090200424194335938e+00,-9.638031005859375000e+00,-3.434203386306762695e+00,-6.793017387390136719e+00,-4.089184761047363281e+00,-3.375288724899291992e+00,-3.845458507537841797e+00
-2.926674842834472656e+00,-6.828363895416259766e+00,-1.031583499908447266e+01,-3.849376440048217773e+00,-6.939936637878417969e+00,-4.357850074768066406e+00,-3.728396415710449219e+00,-3.701283693313598633e+00
-2.768885135650634766e+00,-7.161347866058349609e+00,-9.558032989501953125e+00,-3.502770662307739258e+00,-6.885567665100097656e+00,-4.117262840270996094e+00,-3.634613990783691406e+00,-3.968396186828613281e+00
-2.860033035278320312e+00,-6.643256664276123047e+00,-1.063254642486572266e+01,-4.488787651062011719e+00,-7.371998786926269531e+00,-4.531031608581542969e+00,-4.076245307922363281e+00,-3.562150001525878906e+00
-2.860351562500000000e+00,-7.099370002746582031e+00,-9.614761352539062500e+00,-3.433418273925781250e+00,-6.826763629913330078e+00,-4.081509590148925781e+00,-3.448687791824340820e+00,-3.882332801818847656e+00
-2.599933147430419922e+00,-7.184317588806152344e+00,-9.148538589477539062e+00,-3.552256822586059570e+00,-6.931148052215576172e+00,-4.198827266693115234e+00,-3.759043693542480469e+00,-4.022874355316162109e+00
-2.646409273147583008e+00,-7.149822235107421875e+00,-9.312997817993164062e+00,-3.494535923004150391e+00,-6.921678543090820312e+00,-4.189738273620605469e+00,-3.743780612945556641e+00,-4.013763904571533203e+00
-2.610583066940307617e+00,-7.004196166992187500e+00,-9.602907180786132812e+00,-3.592793941497802734e+00,-6.993266105651855469e+00,-4.193571090698242188e+00,-3.659115314483642578e+00,-3.992144584655761719e+00
-2.634373664855957031e+00,-7.185659408569335938e+00,-9.136525154113769531e+00,-3.553200483322143555e+00,-6.929651260375976562e+00,-4.207118034362792969e+00,-3.750160932540893555e+00,-4.063722610473632812e+00
-2.486561059951782227e+00,-7.179162979125976562e+00,-8.975223541259765625e+00,-3.546477794647216797e+00,-6.979070186614990234e+00,-4.104942321777343750e+00,-3.734282732009887695e+00,-4.081243038177490234e+00
-2.927222251892089844e+00,-7.062987804412841797e+00,-9.592294692993164062e+00,-3.457153797149658203e+00,-6.813136100769042969e+00,-4.100685596466064453e+00,-3.505942344665527344e+00,-3.868590831756591797e+00
-2.600847005844116211e+00,-7.169569492340087891e+00,-8.991414070129394531e+00,-3.601079702377319336e+00,-6.929078102111816406e+00,-4.187847137451171875e+00,-3.714902877807617188e+00,-4.040365219116210938e+00
-2.486559629440307617e+00,-7.209430217742919922e+00,-8.850714683532714844e+00,-3.575134754180908203e+00,-6.961625576019287109e+00,-4.150227546691894531e+00,-3.711719751358032227e+00,-4.033786773681640625e+00
-4.874910354614257812e+00,-6.662522315979003906e+00,-1.101116752624511719e+01,-4.696530342102050781e+00,-8.681341171264648438e+00,-1.523886442184448242e+00,-3.145925998687744141e+00,-4.712032318115234375e+00
-4.120160579681396484e+00,-7.695884704589843750e+00,-1.080675029754638672e+01,-4.832927227020263672e+00,-7.725787162780761719e+00,-4.918389320373535156e+00,-3.783216476440429688e+00,-4.661287784576416016e+00
-5.307297706604003906e+00,-6.734082698822021484e+00,-1.045029449462890625e+01,-6.171210765838623047e+00,-8.924188613891601562e+00,-1.542922973632812500e+00,-2.734670162200927734e+00,-5.280954837799072266e+00
-3.612942218780517578e+00,-7.917928695678710938e+00,-1.017319869995117188e+01,-4.896202087402343750e+00,-7.123928546905517578e+00,-7.504498481750488281e+00,-5.596228599548339844e+00,-5.188810348510742188e+00
-1.449266910552978516e+00,-5.845879554748535156e+00,-8.322568893432617188e+00,-4.207584381103515625e+00,-7.221230030059814453e+00,-1.516946315765380859e+00,-2.952113866806030273e+00,-3.988664627075195312e+00
-3.617596149444580078e+00,-7.619093894958496094e+00,-1.099116706848144531e+01,-5.289411544799804688e+00,-7.361555099487304688e+00,-7.357676506042480469e+00,-6.012236595153808594e+00,-5.088851451873779297e+00
-3.992424488067626953e+00,-7.506490707397460938e+00,-9.753938674926757812e+00,-5.364598751068115234e+00,-8.323905944824218750e+00,-3.046008348464965820e+00,-4.262832641601562500e+00,-5.568833827972412109e+00
-4.336023330688476562e+00,-7.238366127014160156e+00,-9.768568038940429688e+00,-5.495357036590576172e+00,-8.036924362182617188e+00,-5.161185264587402344e+00,-3.845943689346313477e+00,-5.025349617004394531e+00
-4.341073989868164062e+00,-7.412792205810546875e+00,-9.949356079101562500e+00,-5.879047870635986328e+00,-8.363463401794433594e+00,-5.949627876281738281e+00,-3.355869293212890625e+00,-5.050264835357666016e+00
-4.192920207977294922e+00,-7.331695556640625000e+00,-9.755662918090820312e+00,-5.558854103088378906e+00,-7.957265853881835938e+00,-5.379413604736328125e+00,-4.021028041839599609e+00,-5.011977672576904297e+00
-7.495152950286865234e-02,-3.109905242919921875e+00,-3.738131046295166016e+00,-3.738656282424926758e+00,-5.639472007751464844e+00,3.638021230697631836e+00,-5.710447311401367188e+00,-2.486118555068969727e+00
-3.883251667022705078e+00,-7.462538719177246094e+00,-1.035476779937744141e+01,-4.888401985168457031e+00,-7.414862155914306641e+00,-4.912464141845703125e+00,-3.992853164672851562e+00,-4.695488929748535156e+00
-8.924263715744018555e-01,-6.239822387695312500e+00,-7.479302883148193359e+00,-1.824705481529235840e+00,-5.638608932495117188e+00,-3.319554805755615234e+00,-1.633343696594238281e+00,-2.854887247085571289e+00
-3.481403589248657227e+00,-7.754406929016113281e+00,-9.939121246337890625e+00,-4.448005199432373047e+00,-7.930899620056152344e+00,-5.417527675628662109e+00,-6.210899353027343750e+00,-5.041727542877197266e+00
-4.166940689086914062e+00,-7.721588611602783203e+00,-1.113165283203125000e+01,-5.007070541381835938e+00,-6.596117973327636719e+00,-4.913846015930175781e+00,-4.874145984649658203e+00,-5.520528793334960938e+00
-2.934707164764404297e+00,-7.180525779724121094e+00,-9.655640602111816406e+00,-3.463607072830200195e+00,-6.817973613739013672e+00,-4.040446281433105469e+00,-3.406183481216430664e+00,-3.890489578247070312e+00
-2.868545055389404297e+00,-7.124465942382812500e+00,-9.521319389343261719e+00,-3.512588977813720703e+00,-6.745425701141357422e+00,-3.992929458618164062e+00,-3.366648197174072266e+00,-3.831587791442871094e+00
-2.866370677947998047e+00,-7.123920440673828125e+00,-9.330194473266601562e+00,-3.561123609542846680e+00,-6.765640258789062500e+00,-4.064221382141113281e+00,-3.423407793045043945e+00,-3.920062065124511719e+00
-2.891252040863037109e+00,-7.121580123901367188e+00,-9.341772079467773438e+00,-3.521602630615234375e+00,-6.755308151245117188e+00,-4.028286933898925781e+00,-3.385476827621459961e+00,-3.823729991912841797e+00
-2.624920845031738281e+00,-7.134072780609130859e+00,-9.078175544738769531e+00,-3.642760038375854492e+00,-6.927003860473632812e+00,-4.151955604553222656e+00,-3.714489936828613281e+00,-4.060320377349853516e+00
-2.634157180786132812e+00,-7.182930469512939453e+00,-9.015847206115722656e+00,-3.663431406021118164e+00,-6.908782005310058594e+00,-4.155895709991455078e+00,-3.705649614334106445e+00,-4.083227157592773438e+00
-2.850700378417968750e+00,-7.100613594055175781e+00,-9.275319099426269531e+00,-3.552819013595581055e+00,-6.778369903564453125e+00,-4.045064926147460938e+00,-3.416196823120117188e+00,-3.907015323638916016e+00
-2.873699426651000977e+00,-7.099840164184570312e+00,-9.331331253051757812e+00,-3.495329618453979492e+00,-6.771981716156005859e+00,-4.020386695861816406e+00,-3.374444961547851562e+00,-3.814320087432861328e+00
-2.831107139587402344e+00,-7.097534179687500000e+00,-9.520863533020019531e+00,-3.468318700790405273e+00,-6.728006362915039062e+00,-4.030094146728515625e+00,-3.327268600463867188e+00,-3.831545829772949219e+00
-2.640071153640747070e+00,-7.160235881805419922e+00,-9.104838371276855469e+00,-3.663006305694580078e+00,-6.880798339843750000e+00,-4.159047603607177734e+00,-3.684414148330688477e+00,-4.002975463867187500e+00
-2.532564878463745117e+00,-7.173587799072265625e+00,-8.886812210083007812e+00,-3.609021186828613281e+00,-6.924000263214111328e+00,-4.102212429046630859e+00,-3.698535680770874023e+00,-4.070831298828125000e+00
-4.138833045959472656e+00,-6.998921871185302734e+00,-1.159061241149902344e+01,-4.668983459472656250e+00,-6.866345405578613281e+00,-5.114476203918457031e+00,-5.400570392608642578e+00,-5.298579692840576172e+00
-4.641964912414550781e+00,-7.306902408599853516e+00,-1.135623741149902344e+01,-5.733600139617919922e+00,-7.247725963592529297e+00,-5.235333442687988281e+00,-5.432749748229980469e+00,-5.499465465545654297e+00
-4.525715827941894531e+00,-7.319714546203613281e+00,-1.139546203613281250e+01,-5.330577850341796875e+00,-7.299805164337158203e+00,-5.133354187011718750e+00,-5.023606300354003906e+00,-5.277709484100341797e+00
-4.198065280914306641e+00,-6.942700386047363281e+00,-1.144225692749023438e+01,-4.727990627288818359e+00,-7.070969581604003906e+00,-5.019407272338867188e+00,-5.281031608581542969e+00,-5.487457752227783203e+00
-4.867016792297363281e+00,-7.419073104858398438e+00,-1.117446899414062500e+01,-6.223963737487792969e+00,-8.635571479797363281e+00,-4.816109657287597656e+00,-4.302505970001220703e+00,-5.614499568939208984e+00
-4.187548637390136719e+00,-6.930166244506835938e+00,-1.152124977111816406e+01,-4.728529930114746094e+00,-7.173511028289794922e+00,-5.075744628906250000e+00,-5.296098232269287109e+00,-5.500771045684814453e+00
-4.596236228942871094e+00,-7.360947132110595703e+00,-1.125369548797607422e+01,-6.210019111633300781e+00,-7.084273338317871094e+00,-5.062715530395507812e+00,-5.822631835937500000e+00,-5.613051891326904297e+00
-4.649022579193115234e+00,-7.456490993499755859e+00,-1.121253871917724609e+01,-5.799378871917724609e+00,-7.213476181030273438e+00,-5.258739471435546875e+00,-5.359731674194335938e+00,-5.253369808197021484e+00
-4.424176216125488281e+00,-7.717687129974365234e+00,-1.185563659667968750e+01,-5.777587890625000000e+00,-6.446008682250976562e+00,-5.899665832519531250e+00,-6.546756267547607422e+00,-5.530961990356445312e+00
-1.835473060607910156e+00,-8.444523811340332031e+00,-9.045432090759277344e+00,-4.827337741851806641e+00,-8.644470214843750000e+00,-4.720425605773925781e+00,-6.962722301483154297e+00,-3.282028675079345703e+00
-3.208917140960693359e+00,-7.061967849731445312e+00,-1.128587722778320312e+01,-4.682439804077148438e+00,-7.579020023345947266e+00,-4.628762245178222656e+00,-4.569460868835449219e+00,-3.901886940002441406e+00
-4.137483596801757812e+00,-6.958611488342285156e+00,-1.167848873138427734e+01,-4.826215744018554688e+00,-7.675333976745605469e+00,-4.811823844909667969e+00,-5.070268154144287109e+00,-5.339277267456054688e+00
-2.744802236557006836e-01,-5.563415527343750000e+00,-7.312922954559326172e+00,-5.376857757568359375e+00,-6.858316898345947266e+00,-4.073662757873535156e-01,-2.742332458496093750e+00,-4.451820850372314453e+00
-2.782376766204833984e+00,-7.070038318634033203e+00,-9.317447662353515625e+00,-3.523594617843627930e+00,-6.814985275268554688e+00,-4.078072547912597656e+00,-3.530068159103393555e+00,-3.901531219482421875e+00
-2.771898269653320312e+00,-7.086552619934082031e+00,-9.449634552001953125e+00,-3.482429504394531250e+00,-6.866992950439453125e+00,-4.063252449035644531e+00,-3.540153264999389648e+00,-3.917700290679931641e+00
-2.574593544006347656e+00,-7.111019134521484375e+00,-9.179924011230468750e+00,-3.587743282318115234e+00,-6.892255783081054688e+00,-4.226760864257812500e+00,-3.631159305572509766e+00,-3.952487945556640625e+00
-2.696556329727172852e+00,-7.110280990600585938e+00,-9.277521133422851562e+00,-3.536892414093017578e+00,-6.857808589935302734e+00,-4.127983093261718750e+00,-3.545333147048950195e+00,-3.947329521179199219e+00
-2.407739639282226562e+00,-6.836876869201660156e+00,-9.475043296813964844e+00,-3.038515567779541016e+00,-7.790035247802734375e+00,-3.803685188293457031e+00,-3.246575832366943359e+00,-3.982643604278564453e+00
-1.142900109291076660e+00,-6.606287479400634766e+00,-8.886214256286621094e+00,-2.637686729431152344e+00,-6.377699375152587891e+00,-2.933094024658203125e+00,-2.925122261047363281e+00,-3.397272109985351562e+00
-1.588670611381530762e+00,-6.511771202087402344e+00,-8.076165199279785156e+00,-1.924573898315429688e+00,-7.887724876403808594e+00,-1.794532299041748047e+00,-2.273790359497070312e+00,-3.589400291442871094e+00
-2.288483619689941406e+00,-7.121875286102294922e+00,-8.710533142089843750e+00,-3.399173021316528320e+00,-6.425118923187255859e+00,-3.906190395355224609e+00,-3.518079042434692383e+00,-3.819737434387207031e+00
-2.663954734802246094e+00,-7.141236305236816406e+00,-9.257663726806640625e+00,-3.373455047607421875e+00,-7.270050525665283203e+00,-3.992623329162597656e+00,-3.425036907196044922e+00,-4.014084815979003906e+00
-2.380412578582763672e+00,-7.000405311584472656e+00,-8.688283920288085938e+00,-3.296811103820800781e+00,-6.013402462005615234e+00,-3.766855001449584961e+00,-3.309128522872924805e+00,-3.767448425292968750e+00
-2.581314563751220703e+00,-7.112407684326171875e+00,-8.959046363830566406e+00,-3.577050209045410156e+00,-6.950360298156738281e+00,-4.118284225463867188e+00,-3.693289995193481445e+00,-4.031739234924316406e+00
-1.315202116966247559e+00,-6.663330078125000000e+00,-8.731391906738281250e+00,-2.416022300720214844e+00,-5.575953006744384766e+00,-3.297856807708740234e+00,-2.592792510986328125e+00,-3.161172389984130859e+00
-2.502583026885986328e+00,-7.091719150543212891e+00,-8.995403289794921875e+00,-3.589107036590576172e+00,-6.739513874053955078e+00,-4.356688499450683594e+00,-3.753349542617797852e+00,-3.899688720703125000e+00
-3.016222476959228516e+00,-7.072305679321289062e+00,-9.755586624145507812e+00,-5.552332878112792969e+00,-8.209279060363769531e+00,-1.778707504272460938e+00,-2.973926544189453125e+00,-4.929901123046875000e+00
-2.808945178985595703e+00,-7.018821239471435547e+00,-9.914100646972656250e+00,-4.187672138214111328e+00,-6.418524265289306641e+00,-3.389259099960327148e+00,-3.519073009490966797e+00,-4.120889186859130859e+00
-3.272331714630126953e+00,-6.801256179809570312e+00,-9.989677429199218750e+00,-6.733583450317382812e+00,-8.642527580261230469e+00,-1.423556804656982422e+00,-1.821962952613830566e+00,-5.259069442749023438e+00
-2.812825202941894531e+00,-6.040913105010986328e+00,-8.622557640075683594e+00,-5.848093986511230469e+00,-9.879131317138671875e-01,-5.560655593872070312e-01,-2.145188570022583008e+00,-4.353094100952148438e+00
-2.387286901473999023e+00,-7.446220397949218750e+00,-1.004952812194824219e+01,-4.341416358947753906e+00,-6.710924148559570312e+00,-3.724031209945678711e+00,-3.841407060623168945e+00,-4.291761398315429688e+00
-2.614826440811157227e+00,-7.138343334197998047e+00,-9.241624832153320312e+00,-3.461194992065429688e+00,-6.773582935333251953e+00,-3.948783874511718750e+00,-3.552591085433959961e+00,-4.058168888092041016e+00
-2.804427862167358398e+00,-7.169249534606933594e+00,-9.410416603088378906e+00,-3.574293613433837891e+00,-6.837153434753417969e+00,-4.127510547637939453e+00,-3.585179090499877930e+00,-3.964670658111572266e+00
-2.089821338653564453e+00,-6.295384407043457031e+00,-9.173402786254882812e+00,-5.805971622467041016e+00,-9.013260841369628906e+00,-1.096116781234741211e+00,-2.327534198760986328e+00,-4.253772735595703125e+00
-2.569590091705322266e+00,-7.096492290496826172e+00,-9.305776596069335938e+00,-3.496733903884887695e+00,-6.911532402038574219e+00,-4.000844001770019531e+00,-3.553097009658813477e+00,-3.986606121063232422e+00
-2.879781246185302734e+00,-6.952009677886962891e+00,-9.548612594604492188e+00,-3.283854484558105469e+00,-6.421414375305175781e+00,-3.906920433044433594e+00,-3.277832746505737305e+00,-3.989696025848388672e+00
-2.799474239349365234e+00,-7.111264228820800781e+00,-9.528652191162109375e+00,-3.369114875793457031e+00,-6.840435981750488281e+00,-3.876792907714843750e+00,-3.438353776931762695e+00,-3.986869335174560547e+00
-2.746713876724243164e+00,-7.045355796813964844e+00,-9.330991744995117188e+00,-3.368885755538940430e+00,-6.692500591278076172e+00,-3.885380268096923828e+00,-3.418406724929809570e+00,-4.086008071899414062e+00
-2.782241106033325195e+00,-7.102183341979980469e+00,-9.673439025878906250e+00,-3.301165103912353516e+00,-6.792776584625244141e+00,-3.913427591323852539e+00,-3.398952960968017578e+00,-4.090020179748535156e+00
-4.207688808441162109e+00,-7.735013008117675781e+00,-1.116161727905273438e+01,-4.927435874938964844e+00,-7.705736637115478516e+00,-4.956767559051513672e+00,-3.990198850631713867e+00,-4.318096160888671875e+00
-4.911647796630859375e+00,-6.789338588714599609e+00,-1.142423534393310547e+01,-4.910472393035888672e+00,-7.926246643066406250e+00,-1.500213503837585449e+00,-3.651975631713867188e+00,-4.720065593719482422e+00
-4.109017848968505859e+00,-7.801973342895507812e+00,-1.137257575988769531e+01,-4.646259307861328125e+00,-7.579932212829589844e+00,-4.600895881652832031e+00,-4.325345039367675781e+00,-3.914410591125488281e+00
-4.092324256896972656e+00,-7.788545608520507812e+00,-1.138046836853027344e+01,-4.645615100860595703e+00,-7.578566551208496094e+00,-4.562154293060302734e+00,-4.349894523620605469e+00,-3.836779832839965820e+00
-4.082005500793457031e+00,-7.791581630706787109e+00,-1.134057617187500000e+01,-4.642675876617431641e+00,-7.593688964843750000e+00,-4.593630790710449219e+00,-4.339887619018554688e+00,-3.834489822387695312e+00
-4.109781265258789062e+00,-7.778529644012451172e+00,-1.138815879821777344e+01,-4.646707057952880859e+00,-7.628838539123535156e+00,-4.550827980041503906e+00,-4.342299938201904297e+00,-3.842950582504272461e+00
-4.122682571411132812e+00,-7.827257633209228516e+00,-1.136810302734375000e+01,-4.657338142395019531e+00,-7.651608467102050781e+00,-4.605347633361816406e+00,-4.318531990051269531e+00,-3.893064022064208984e+00
-4.112567901611328125e+00,-7.810355186462402344e+00,-1.139702224731445312e+01,-4.644091129302978516e+00,-7.644914627075195312e+00,-4.568857192993164062e+00,-4.336063861846923828e+00,-3.872316837310791016e+00
-4.124115943908691406e+00,-7.780975341796875000e+00,-1.140101242065429688e+01,-4.620946884155273438e+00,-7.650024890899658203e+00,-4.546477317810058594e+00,-4.338546752929687500e+00,-3.844665527343750000e+00
-4.120795249938964844e+00,-7.847209453582763672e+00,-1.134283065795898438e+01,-4.659206867218017578e+00,-7.614216804504394531e+00,-4.702478408813476562e+00,-4.323476314544677734e+00,-3.946703433990478516e+00
-4.248461246490478516e+00,-7.457001209259033203e+00,-1.046763038635253906e+01,-5.009671688079833984e+00,-7.583084106445312500e+00,-4.886929512023925781e+00,-3.964157819747924805e+00,-4.697116374969482422e+00
-3.867272615432739258e+00,-7.351186752319335938e+00,-1.091349411010742188e+01,-4.376198768615722656e+00,-7.098782539367675781e+00,-4.878265380859375000e+00,-4.189473152160644531e+00,-4.076352119445800781e+00
-4.121209144592285156e+00,-7.845882892608642578e+00,-1.131262207031250000e+01,-4.657178401947021484e+00,-7.607651233673095703e+00,-4.637794494628906250e+00,-4.287149906158447266e+00,-3.916942596435546875e+00
-3.481880664825439453e+00,-7.021496772766113281e+00,-1.015134429931640625e+01,-2.798415422439575195e+00,-6.313081264495849609e+00,-3.162040233612060547e+00,-3.812270164489746094e+00,-4.441267967224121094e+00
-2.971512079238891602e+00,-7.121107578277587891e+00,-9.754946708679199219e+00,-2.703267097473144531e+00,-5.858896732330322266e+00,-1.914829134941101074e+00,-3.668641090393066406e+00,-4.198253631591796875e+00
-2.748708248138427734e+00,-6.893468856811523438e+00,-9.553899765014648438e+00,-2.944340229034423828e+00,-5.927144527435302734e+00,-3.406562328338623047e+00,-3.595649957656860352e+00,-4.225035190582275391e+00
-4.082536697387695312e+00,-7.798037528991699219e+00,-1.126737976074218750e+01,-4.523798465728759766e+00,-7.606711387634277344e+00,-4.419022560119628906e+00,-4.421671867370605469e+00,-3.803673267364501953e+00
-3.908946990966796875e+00,-7.901750564575195312e+00,-1.118586349487304688e+01,-4.406951904296875000e+00,-7.207097530364990234e+00,-4.355853080749511719e+00,-4.573523998260498047e+00,-4.460408687591552734e+00
-2.924176692962646484e+00,-7.193761348724365234e+00,-9.656688690185546875e+00,-2.752665042877197266e+00,-5.927801132202148438e+00,-1.869347095489501953e+00,-3.754540920257568359e+00,-4.065845012664794922e+00
-3.915113449096679688e+00,-7.876027584075927734e+00,-1.104011917114257812e+01,-4.383479595184326172e+00,-7.157744407653808594e+00,-4.167480468750000000e+00,-4.562052726745605469e+00,-4.547472476959228516e+00
-2.827055931091308594e+00,-7.311665534973144531e+00,-9.578262329101562500e+00,-2.662000417709350586e+00,-5.970176696777343750e+00,-2.292212247848510742e+00,-3.850807189941406250e+00,-3.936532497406005859e+00
-2.454937934875488281e+00,-7.047077178955078125e+00,-9.566350936889648438e+00,-2.475994110107421875e+00,-5.832803249359130859e+00,-2.630485773086547852e+00,-3.379945039749145508e+00,-3.977011680603027344e+00
-1.352408647537231445e+00,-6.744425773620605469e+00,-7.956089973449707031e+00,-2.046001911163330078e+00,-5.661895275115966797e+00,-3.482041120529174805e+00,-2.104895114898681641e+00,-3.048895359039306641e+00
-3.040321111679077148e+00,-7.522969245910644531e+00,-9.872712135314941406e+00,-2.893681764602661133e+00,-6.236867427825927734e+00,-3.293693542480468750e+00,-4.115381717681884766e+00,-4.085989475250244141e+00
-2.361158132553100586e+00,-7.032732963562011719e+00,-9.367822647094726562e+00,-2.477137327194213867e+00,-5.810018062591552734e+00,-2.519122362136840820e+00,-3.328679084777832031e+00,-3.881133556365966797e+00
-2.362028121948242188e+00,-6.913979053497314453e+00,-9.430281639099121094e+00,-2.478017807006835938e+00,-5.804672241210937500e+00,-2.603235721588134766e+00,-3.297464370727539062e+00,-3.884523391723632812e+00
-4.047266483306884766e+00,-7.725254058837890625e+00,-1.139516830444335938e+01,-4.550850391387939453e+00,-7.691942214965820312e+00,-4.449009895324707031e+00,-4.351305007934570312e+00,-3.887150764465332031e+00
-4.098287105560302734e+00,-7.798521995544433594e+00,-1.143904495239257812e+01,-4.639591693878173828e+00,-7.586386680603027344e+00,-4.581386566162109375e+00,-4.368434429168701172e+00,-3.860170364379882812e+00
-4.097505569458007812e+00,-7.785762310028076172e+00,-1.138803291320800781e+01,-4.628399848937988281e+00,-7.641575813293457031e+00,-4.579813003540039062e+00,-4.337103366851806641e+00,-3.842865705490112305e+00
-4.112860679626464844e+00,-7.757330894470214844e+00,-1.136618232727050781e+01,-4.615103721618652344e+00,-7.698826789855957031e+00,-4.609648704528808594e+00,-4.323037147521972656e+00,-3.870374202728271484e+00
-4.286553859710693359e+00,-7.306469440460205078e+00,-9.842185974121093750e+00,-5.511118888854980469e+00,-8.078818321228027344e+00,-5.058402538299560547e+00,-3.867311239242553711e+00,-4.961695671081542969e+00
-4.320238590240478516e+00,-7.540483474731445312e+00,-1.045058536529541016e+01,-5.082859992980957031e+00,-7.867794036865234375e+00,-4.901544570922851562e+00,-3.898079156875610352e+00,-4.742866039276123047e+00
-4.274296760559082031e+00,-7.224615097045898438e+00,-9.769520759582519531e+00,-5.506189346313476562e+00,-8.059846878051757812e+00,-5.093413352966308594e+00,-3.849591255187988281e+00,-4.989929676055908203e+00
-4.251368522644042969e+00,-7.630897045135498047e+00,-1.079920387268066406e+01,-5.025159358978271484e+00,-7.778497695922851562e+00,-5.050340652465820312e+00,-3.994461536407470703e+00,-4.577077865600585938e+00
-4.315949440002441406e+00,-7.442684173583984375e+00,-1.023385143280029297e+01,-5.323928833007812500e+00,-7.939519405364990234e+00,-4.977916717529296875e+00,-3.911054134368896484e+00,-4.818017482757568359e+00
-4.306887626647949219e+00,-7.369907379150390625e+00,-1.002652549743652344e+01,-5.450486183166503906e+00,-8.022659301757812500e+00,-5.028541088104248047e+00,-3.906219244003295898e+00,-4.895610809326171875e+00
-4.318374633789062500e+00,-7.436556816101074219e+00,-1.062727928161621094e+01,-4.991788864135742188e+00,-7.701027870178222656e+00,-4.948961257934570312e+00,-4.005564689636230469e+00,-4.692965984344482422e+00
-4.324959754943847656e+00,-7.387650966644287109e+00,-1.006257057189941406e+01,-5.458128452301025391e+00,-8.048461914062500000e+00,-5.033924102783203125e+00,-3.898199796676635742e+00,-4.909655570983886719e+00
-4.103750228881835938e+00,-7.840072631835937500e+00,-1.116996002197265625e+01,-4.648731231689453125e+00,-7.589109897613525391e+00,-4.780550003051757812e+00,-4.222917556762695312e+00,-4.046085834503173828e+00
-4.128393173217773438e+00,-7.777955532073974609e+00,-1.141335296630859375e+01,-4.591994285583496094e+00,-7.648134708404541016e+00,-4.530283927917480469e+00,-4.393536090850830078e+00,-3.818306922912597656e+00
-4.128397941589355469e+00,-7.794351577758789062e+00,-1.141099357604980469e+01,-4.604920387268066406e+00,-7.630100250244140625e+00,-4.546134471893310547e+00,-4.397730350494384766e+00,-3.782141208648681641e+00
-4.137759208679199219e+00,-7.800765991210937500e+00,-1.140476036071777344e+01,-4.632619380950927734e+00,-7.661864280700683594e+00,-4.543135643005371094e+00,-4.349040985107421875e+00,-3.859086990356445312e+00
-3.353658199310302734e+00,-7.558237552642822266e+00,-1.010269927978515625e+01,-2.965445041656494141e+00,-6.372759819030761719e+00,-3.809448003768920898e+00,-4.453013896942138672e+00,-3.871038913726806641e+00
-4.039833068847656250e+00,-7.937985420227050781e+00,-1.137331581115722656e+01,-4.467912197113037109e+00,-7.561661243438720703e+00,-4.454322814941406250e+00,-4.619153976440429688e+00,-4.043564796447753906e+00
-4.113206863403320312e+00,-7.787871360778808594e+00,-1.143283176422119141e+01,-4.551017761230468750e+00,-7.604744911193847656e+00,-4.553291320800781250e+00,-4.454271316528320312e+00,-3.833078384399414062e+00
-4.101819038391113281e+00,-7.788365364074707031e+00,-1.142739677429199219e+01,-4.539521694183349609e+00,-7.604693412780761719e+00,-4.519444465637207031e+00,-4.466842174530029297e+00,-3.836946010589599609e+00
-4.128125190734863281e+00,-7.765494823455810547e+00,-1.141330528259277344e+01,-4.596384048461914062e+00,-7.639269828796386719e+00,-4.528529167175292969e+00,-4.384279251098632812e+00,-3.809521436691284180e+00
-4.140769958496093750e+00,-7.811554908752441406e+00,-1.139639854431152344e+01,-4.640328407287597656e+00,-7.666199684143066406e+00,-4.548848628997802734e+00,-4.337967872619628906e+00,-3.860244750976562500e+00
-4.145445346832275391e+00,-7.813340187072753906e+00,-1.139778137207031250e+01,-4.618894577026367188e+00,-7.655876636505126953e+00,-4.543980598449707031e+00,-4.400505065917968750e+00,-3.837021827697753906e+00
-4.139070510864257812e+00,-7.806390762329101562e+00,-1.140733337402343750e+01,-4.607168674468994141e+00,-7.645574092864990234e+00,-4.551693916320800781e+00,-4.397000789642333984e+00,-3.827081203460693359e+00
-4.132687091827392578e+00,-7.815154552459716797e+00,-1.138673019409179688e+01,-4.644475460052490234e+00,-7.646263122558593750e+00,-4.571743011474609375e+00,-4.332739830017089844e+00,-3.857427120208740234e+00
-4.135925292968750000e+00,-7.816124439239501953e+00,-1.140254592895507812e+01,-4.645034790039062500e+00,-7.669411182403564453e+00,-4.559294700622558594e+00,-4.345093727111816406e+00,-3.862465858459472656e+00
-5.554450511932373047e+00,-6.278479576110839844e+00,-1.124258136749267578e+01,-5.586857318878173828e+00,-9.194603919982910156e+00,-1.311083555221557617e+00,-2.527099847793579102e+00,-4.667702198028564453e+00
-5.608776569366455078e+00,-6.089743614196777344e+00,-1.119701385498046875e+01,-5.704235076904296875e+00,-9.447025299072265625e+00,-1.246445894241333008e+00,-2.219740390777587891e+00,-4.383461475372314453e+00
-5.458748817443847656e+00,-6.296030044555664062e+00,-1.137700080871582031e+01,-5.629861831665039062e+00,-9.429443359375000000e+00,-1.554029583930969238e+00,-2.705152034759521484e+00,-4.902804851531982422e+00
-5.231454849243164062e+00,-6.644010066986083984e+00,-1.174145221710205078e+01,-5.635558128356933594e+00,-9.622903823852539062e+00,-4.321973323822021484e+00,-4.088664531707763672e+00,-5.425048828125000000e+00
-5.580376148223876953e+00,-6.122779846191406250e+00,-1.123091983795166016e+01,-5.201287746429443359e+00,-9.605014801025390625e+00,-2.008379220962524414e+00,-2.976752042770385742e+00,-4.957355976104736328e+00
-5.344876289367675781e+00,-6.189919471740722656e+00,-1.089840507507324219e+01,-5.804244041442871094e+00,-9.445558547973632812e+00,-1.148750305175781250e+00,-2.333171844482421875e+00,-4.492211341857910156e+00
-5.060318946838378906e+00,-6.120816230773925781e+00,-1.063245487213134766e+01,-5.703881263732910156e+00,-9.341919898986816406e+00,-1.060779571533203125e+00,-2.251791000366210938e+00,-4.205029010772705078e+00
-5.249652862548828125e+00,-6.207667827606201172e+00,-1.072707080841064453e+01,-4.337915420532226562e+00,-8.824260711669921875e+00,-1.274429321289062500e+00,-2.700806617736816406e+00,-4.757580280303955078e+00
-5.270961761474609375e+00,-6.101169109344482422e+00,-1.083880996704101562e+01,-2.598963260650634766e+00,-8.470401763916015625e+00,-1.339051008224487305e+00,-2.829693794250488281e+00,-4.645157337188720703e+00
-5.217670440673828125e+00,-6.185093402862548828e+00,-1.085307312011718750e+01,-2.829254150390625000e+00,-8.546957015991210938e+00,-1.313978433609008789e+00,-2.782186031341552734e+00,-4.673727035522460938e+00
-4.933609485626220703e+00,-6.201961040496826172e+00,-1.063436508178710938e+01,-2.192243576049804688e+00,-8.694423675537109375e+00,-1.250002980232238770e+00,-2.669478416442871094e+00,-4.571905136108398438e+00
-4.085259914398193359e+00,-7.818318367004394531e+00,-1.138075447082519531e+01,-4.675302505493164062e+00,-7.659987449645996094e+00,-4.568297386169433594e+00,-4.379508495330810547e+00,-3.795676469802856445e+00
-4.111675739288330078e+00,-7.820690155029296875e+00,-1.138427925109863281e+01,-4.659175395965576172e+00,-7.648683071136474609e+00,-4.563812255859375000e+00,-4.371280670166015625e+00,-3.849729299545288086e+00
-4.011229515075683594e+00,-7.707224845886230469e+00,-1.139846801757812500e+01,-4.609791755676269531e+00,-7.600567340850830078e+00,-4.397462844848632812e+00,-4.425424575805664062e+00,-3.767895698547363281e+00
-4.061672687530517578e+00,-7.679929256439208984e+00,-1.145755577087402344e+01,-4.702122211456298828e+00,-7.822636604309082031e+00,-4.268927574157714844e+00,-4.086740016937255859e+00,-3.944372653961181641e+00
-4.159296035766601562e+00,-7.400426864624023438e+00,-1.158491134643554688e+01,-4.740069866180419922e+00,-7.415699005126953125e+00,-4.105827331542968750e+00,-3.981931686401367188e+00,-4.157903671264648438e+00
-3.984265089035034180e+00,-7.482425689697265625e+00,-1.139664649963378906e+01,-4.597738742828369141e+00,-7.674708366394042969e+00,-4.205337524414062500e+00,-3.858846902847290039e+00,-4.260486125946044922e+00
-4.087318897247314453e+00,-7.801722049713134766e+00,-1.140127754211425781e+01,-4.640948295593261719e+00,-7.560590744018554688e+00,-4.570761203765869141e+00,-4.359483242034912109e+00,-3.856921911239624023e+00
-4.061839103698730469e+00,-7.789832592010498047e+00,-1.136783981323242188e+01,-4.689435958862304688e+00,-7.594049453735351562e+00,-4.538146018981933594e+00,-4.323129177093505859e+00,-3.778115034103393555e+00
-4.062313079833984375e+00,-7.764753341674804688e+00,-1.131573867797851562e+01,-4.641510963439941406e+00,-7.593030929565429688e+00,-4.584534168243408203e+00,-4.356953620910644531e+00,-3.752785682678222656e+00
-4.072612762451171875e+00,-7.765233993530273438e+00,-1.132687377929687500e+01,-4.633385658264160156e+00,-7.597142696380615234e+00,-4.566728591918945312e+00,-4.361537933349609375e+00,-3.771346092224121094e+00
-4.096931457519531250e+00,-7.796716213226318359e+00,-1.134797954559326172e+01,-4.645299434661865234e+00,-7.572810173034667969e+00,-4.615711212158203125e+00,-4.342402935028076172e+00,-3.905717372894287109e+00
-4.108573913574218750e+00,-7.803799629211425781e+00,-1.142744922637939453e+01,-4.687578678131103516e+00,-7.611462593078613281e+00,-4.557827949523925781e+00,-4.333036899566650391e+00,-3.889794349670410156e+00
-4.119101047515869141e+00,-7.807469367980957031e+00,-1.131921672821044922e+01,-4.643662929534912109e+00,-7.555581569671630859e+00,-4.723343372344970703e+00,-4.299828529357910156e+00,-3.992274284362792969e+00
-4.100468635559082031e+00,-7.813784599304199219e+00,-1.132045173645019531e+01,-4.649417877197265625e+00,-7.567888736724853516e+00,-4.631217479705810547e+00,-4.318537712097167969e+00,-3.902658462524414062e+00
-4.088349342346191406e+00,-7.728260517120361328e+00,-1.139858627319335938e+01,-4.621279716491699219e+00,-7.768121719360351562e+00,-4.502642154693603516e+00,-4.329214572906494141e+00,-3.884188175201416016e+00
-4.024621963500976562e+00,-7.755064964294433594e+00,-1.134716415405273438e+01,-4.477413654327392578e+00,-7.519573688507080078e+00,-4.497299671173095703e+00,-4.443441390991210938e+00,-4.037703037261962891e+00
-4.022391319274902344e+00,-7.891551971435546875e+00,-1.132490921020507812e+01,-4.488681793212890625e+00,-7.558337211608886719e+00,-4.297838211059570312e+00,-4.476556301116943359e+00,-3.973793506622314453e+00
-4.128791809082031250e+00,-7.797697067260742188e+00,-1.135705375671386719e+01,-4.627677917480468750e+00,-7.644824504852294922e+00,-4.557888984680175781e+00,-4.307269573211669922e+00,-3.831116199493408203e+00
-3.100144624710083008e+00,-7.715525627136230469e+00,-1.003360557556152344e+01,-2.987490892410278320e+00,-6.290431976318359375e+00,-3.303937911987304688e+00,-4.057610034942626953e+00,-3.943014144897460938e+00
-3.995400905609130859e+00,-7.867992877960205078e+00,-1.129684829711914062e+01,-4.472459793090820312e+00,-7.496403217315673828e+00,-4.273859500885009766e+00,-4.474221229553222656e+00,-3.906227588653564453e+00
-3.991435766220092773e+00,-7.848806381225585938e+00,-1.127492523193359375e+01,-4.464256286621093750e+00,-7.500853538513183594e+00,-4.275262355804443359e+00,-4.443483829498291016e+00,-3.955936431884765625e+00
-4.059931755065917969e+00,-7.856725692749023438e+00,-1.136854457855224609e+01,-4.532967090606689453e+00,-7.576939105987548828e+00,-4.380598545074462891e+00,-4.453583240509033203e+00,-3.855658769607543945e+00
-3.557963848114013672e+00,-7.880635738372802734e+00,-1.086119747161865234e+01,-3.417322397232055664e+00,-6.579954624176025391e+00,-3.806903123855590820e+00,-4.298942089080810547e+00,-3.744891405105590820e+00
-3.429961919784545898e+00,-7.742378234863281250e+00,-1.061691093444824219e+01,-3.159160137176513672e+00,-6.421292781829833984e+00,-3.557974338531494141e+00,-4.179786682128906250e+00,-3.649791717529296875e+00
-3.994206905364990234e+00,-7.863096237182617188e+00,-1.129847335815429688e+01,-4.444495201110839844e+00,-7.422961711883544922e+00,-4.295300483703613281e+00,-4.443611621856689453e+00,-3.892345428466796875e+00
-4.143277168273925781e+00,-7.835219860076904297e+00,-1.138884258270263672e+01,-4.630061626434326172e+00,-7.598753452301025391e+00,-4.598256111145019531e+00,-4.377091884613037109e+00,-3.756191730499267578e+00
-4.134737014770507812e+00,-7.818888187408447266e+00,-1.140073013305664062e+01,-4.634602069854736328e+00,-7.602013111114501953e+00,-4.578739166259765625e+00,-4.357546806335449219e+00,-3.799489498138427734e+00
-4.143226623535156250e+00,-7.827505111694335938e+00,-1.144312191009521484e+01,-4.652318954467773438e+00,-7.599515914916992188e+00,-4.581209182739257812e+00,-4.367890357971191406e+00,-3.838847875595092773e+00
-3.090051174163818359e+00,-6.867458343505859375e+00,-1.058601570129394531e+01,-3.899832248687744141e+00,-6.910185813903808594e+00,-4.481070518493652344e+00,-3.653847694396972656e+00,-3.587482452392578125e+00
-2.607210397720336914e+00,-6.841331958770751953e+00,-1.053040695190429688e+01,-4.235732555389404297e+00,-7.195405483245849609e+00,-4.221656799316406250e+00,-3.700947761535644531e+00,-3.835506439208984375e+00
-2.429714202880859375e+00,-7.451464176177978516e+00,-9.467885971069335938e+00,-3.655944347381591797e+00,-7.008795738220214844e+00,-3.929672718048095703e+00,-3.728678226470947266e+00,-4.060644626617431641e+00
-2.434976100921630859e+00,-7.301331520080566406e+00,-9.383046150207519531e+00,-3.626900434494018555e+00,-7.028853893280029297e+00,-4.060959815979003906e+00,-3.683514356613159180e+00,-4.029837608337402344e+00
-2.606899261474609375e+00,-7.101950168609619141e+00,-9.800724029541015625e+00,-4.283124923706054688e+00,-6.929870605468750000e+00,-4.381191253662109375e+00,-4.002727031707763672e+00,-3.997642517089843750e+00
-9.569457769393920898e-01,-5.525637626647949219e+00,-7.282624244689941406e+00,-5.837674140930175781e+00,-8.978641510009765625e+00,-4.120261669158935547e-01,-1.916387677192687988e+00,-4.425415515899658203e+00
-2.408632755279541016e+00,-7.284781455993652344e+00,-9.444931030273437500e+00,-4.132822990417480469e+00,-6.750957965850830078e+00,-3.926578283309936523e+00,-3.689370393753051758e+00,-4.190536022186279297e+00
-1.072155714035034180e+00,-5.877787113189697266e+00,-8.189870834350585938e+00,-4.388105869293212891e+00,-7.888841629028320312e+00,-7.463419437408447266e-01,-1.993106603622436523e+00,-4.310804843902587891e+00
-2.626845359802246094e+00,-6.808406829833984375e+00,-9.115826606750488281e+00,-4.708264350891113281e+00,-7.003911018371582031e+00,-3.954848051071166992e+00,-4.119223117828369141e+00,-4.369007587432861328e+00
-9.929292201995849609e-01,-5.483387470245361328e+00,-7.800913810729980469e+00,-6.057584285736083984e+00,-9.203176498413085938e+00,-3.908320665359497070e-01,-2.716667652130126953e+00,-4.300019741058349609e+00
-2.370984077453613281e+00,-7.159349441528320312e+00,-9.562988281250000000e+00,-3.556872367858886719e+00,-7.049239635467529297e+00,-4.001242637634277344e+00,-3.624955892562866211e+00,-4.007744789123535156e+00
-2.592458963394165039e+00,-7.216455459594726562e+00,-9.297318458557128906e+00,-3.603594064712524414e+00,-6.927528381347656250e+00,-4.153892040252685547e+00,-3.675612211227416992e+00,-3.992340087890625000e+00
-7.116105556488037109e-01,-5.276821613311767578e+00,-6.982610225677490234e+00,-5.881592750549316406e+00,-8.586091995239257812e+00,-2.749203443527221680e-01,-2.723031282424926758e+00,-4.400482177734375000e+00
-3.194305181503295898e+00,-6.901319026947021484e+00,-1.075951957702636719e+01,-3.966953992843627930e+00,-7.349281787872314453e+00,-4.432630538940429688e+00,-3.515097618103027344e+00,-3.575159788131713867e+00
-3.422612667083740234e+00,-6.823715209960937500e+00,-1.100996017456054688e+01,-4.222023487091064453e+00,-7.623022079467773438e+00,-4.572509765625000000e+00,-3.589375972747802734e+00,-3.590924263000488281e+00
-3.301943063735961914e+00,-6.809937953948974609e+00,-1.113395690917968750e+01,-4.516505718231201172e+00,-7.759096145629882812e+00,-4.419431686401367188e+00,-3.615967988967895508e+00,-3.786553382873535156e+00
-3.374102830886840820e+00,-6.719958782196044922e+00,-1.106609821319580078e+01,-4.203067302703857422e+00,-7.711097717285156250e+00,-4.404375076293945312e+00,-3.529661893844604492e+00,-3.803128004074096680e+00
-2.959028720855712891e+00,-6.827801704406738281e+00,-1.073507499694824219e+01,-3.708811759948730469e+00,-7.161233901977539062e+00,-4.315887928009033203e+00,-3.389841794967651367e+00,-3.877441406250000000e+00
-2.925890922546386719e+00,-6.878077030181884766e+00,-1.064699935913085938e+01,-4.012187957763671875e+00,-7.087773799896240234e+00,-4.394752502441406250e+00,-3.479444265365600586e+00,-3.879631042480468750e+00
-2.928503036499023438e+00,-6.699698448181152344e+00,-1.084844207763671875e+01,-4.350947380065917969e+00,-7.332639217376708984e+00,-4.439850807189941406e+00,-3.735191345214843750e+00,-3.724303722381591797e+00
-2.896099567413330078e+00,-6.909105300903320312e+00,-1.100812149047851562e+01,-4.346766471862792969e+00,-7.618710517883300781e+00,-4.302131652832031250e+00,-3.540629148483276367e+00,-4.068206787109375000e+00
-3.156444787979125977e+00,-6.686961174011230469e+00,-1.094303226470947266e+01,-3.961477279663085938e+00,-7.801657676696777344e+00,-4.243954181671142578e+00,-3.371673583984375000e+00,-4.099295139312744141e+00
-2.602721214294433594e+00,-7.101614952087402344e+00,-9.219081878662109375e+00,-3.663117885589599609e+00,-6.909967422485351562e+00,-4.093687534332275391e+00,-3.642097234725952148e+00,-3.987478256225585938e+00
-2.890117645263671875e+00,-7.131579399108886719e+00,-9.926410675048828125e+00,-3.300376176834106445e+00,-6.870979785919189453e+00,-3.968650341033935547e+00,-3.368945837020874023e+00,-3.903239727020263672e+00
-2.663686275482177734e+00,-7.157294273376464844e+00,-9.135497093200683594e+00,-3.639240980148315430e+00,-6.868881225585937500e+00,-4.196608543395996094e+00,-3.717729091644287109e+00,-4.037919998168945312e+00
-2.276488780975341797e+00,-6.206326961517333984e+00,-8.932600021362304688e+00,-5.180565834045410156e+00,-5.203949928283691406e+00,-7.203001976013183594e-01,-2.592866897583007812e+00,-4.249320030212402344e+00
-4.157712459564208984e+00,-7.530143737792968750e+00,-1.096669578552246094e+01,-4.903561592102050781e+00,-7.787544250488281250e+00,-4.884171485900878906e+00,-4.244289875030517578e+00,-3.768784046173095703e+00
-4.720848083496093750e+00,-7.054471492767333984e+00,-1.141623878479003906e+01,-6.009091377258300781e+00,-8.861385345458984375e+00,-4.401321411132812500e+00,-3.236874103546142578e+00,-4.939273357391357422e+00
-5.971607685089111328e+00,-6.983977317810058594e+00,-1.103114128112792969e+01,-6.800025939941406250e+00,-9.792925834655761719e+00,-1.415599942207336426e+00,-9.839978218078613281e+00,-7.368370056152343750e+00
-4.444824218750000000e+00,-6.968896865844726562e+00,-1.103628730773925781e+01,-5.868711471557617188e+00,-8.446245193481445312e+00,-5.498466491699218750e+00,-4.251338005065917969e+00,-4.062868118286132812e+00
-4.544892311096191406e+00,-7.317382812500000000e+00,-1.137568092346191406e+01,-5.543425559997558594e+00,-8.569875717163085938e+00,-4.801155567169189453e+00,-3.828908681869506836e+00,-4.933191299438476562e+00
-3.642243385314941406e+00,-7.020915031433105469e+00,-1.148922729492187500e+01,-4.525635719299316406e+00,-6.150423526763916016e+00,-4.240145683288574219e+00,-4.654528141021728516e+00,-4.344762802124023438e+00
-3.811280965805053711e+00,-7.663146972656250000e+00,-1.066294765472412109e+01,-4.588425636291503906e+00,-7.410684585571289062e+00,-4.818768501281738281e+00,-4.156424999237060547e+00,-4.067640781402587891e+00
-5.709975242614746094e+00,-6.491302013397216797e+00,-1.127327156066894531e+01,-6.045422077178955078e+00,-9.759170532226562500e+00,-1.352384805679321289e+00,-2.602894544601440430e+00,-4.946814060211181641e+00
-3.879369735717773438e+00,-8.432191848754882812e+00,-1.110698604583740234e+01,-5.095902442932128906e+00,-8.248591423034667969e+00,-6.214332580566406250e+00,-6.971945285797119141e+00,-4.850206375122070312e+00
-4.837460994720458984e+00,-7.259949207305908203e+00,-1.127055549621582031e+01,-5.706486701965332031e+00,-9.294813156127929688e+00,-4.942194938659667969e+00,-3.573083400726318359e+00,-4.871819019317626953e+00
-4.124466896057128906e+00,-7.842650413513183594e+00,-1.131243133544921875e+01,-4.626972675323486328e+00,-7.627124786376953125e+00,-4.493640899658203125e+00,-4.359212398529052734e+00,-3.846569538116455078e+00
-5.060146331787109375e+00,-7.666782379150390625e+00,-1.134393882751464844e+01,-5.995746612548828125e+00,-8.892901420593261719e+00,-4.997531890869140625e+00,-3.976916313171386719e+00,-4.598238945007324219e+00
-4.016502380371093750e+00,-8.218255996704101562e+00,-1.126033878326416016e+01,-4.715464115142822266e+00,-8.166605949401855469e+00,-4.544800758361816406e+00,-5.330130100250244141e+00,-3.886261940002441406e+00
-4.245620727539062500e+00,-7.391316413879394531e+00,-1.030173873901367188e+01,-5.295448303222656250e+00,-8.007718086242675781e+00,-5.047840118408203125e+00,-3.906747102737426758e+00,-4.953601837158203125e+00
-4.974998474121093750e+00,-6.710387706756591797e+00,-1.113961791992187500e+01,-5.183670043945312500e+00,-7.613775730133056641e+00,-1.780689716339111328e+00,-3.783177137374877930e+00,-5.180409908294677734e+00
-4.597824096679687500e+00,-6.567431926727294922e+00,-1.018044185638427734e+01,-5.616250514984130859e+00,-3.262108564376831055e+00,-1.653660058975219727e+00,-2.359639167785644531e+00,-4.550150394439697266e+00
-4.896699905395507812e+00,-7.236757278442382812e+00,-1.028927993774414062e+01,-5.897526264190673828e+00,-8.510509490966796875e+00,-3.067524909973144531e+00,-3.289084434509277344e+00,-5.136864662170410156e+00
-4.167515754699707031e+00,-7.593044281005859375e+00,-1.078341484069824219e+01,-4.977412223815917969e+00,-7.670865535736083984e+00,-5.074933052062988281e+00,-4.012879848480224609e+00,-4.593573093414306641e+00
-4.218441486358642578e+00,-7.752573966979980469e+00,-1.146708679199218750e+01,-4.672111034393310547e+00,-7.742992401123046875e+00,-4.607406616210937500e+00,-4.135683059692382812e+00,-4.215868949890136719e+00
-4.150634765625000000e+00,-7.612108230590820312e+00,-1.094419574737548828e+01,-4.876198291778564453e+00,-7.609288215637207031e+00,-4.962330818176269531e+00,-3.976145505905151367e+00,-4.537305355072021484e+00
-4.669213294982910156e+00,-7.030092239379882812e+00,-1.107343673706054688e+01,-5.064349174499511719e+00,-8.152903556823730469e+00,-2.775406360626220703e+00,-3.551597833633422852e+00,-4.931656360626220703e+00
-4.133782386779785156e+00,-7.677146434783935547e+00,-1.112785148620605469e+01,-4.839889526367187500e+00,-7.599351406097412109e+00,-5.080680847167968750e+00,-4.135927200317382812e+00,-4.342841148376464844e+00
-3.877557039260864258e+00,-6.148422718048095703e+00,-9.973991394042968750e+00,-5.724487304687500000e+00,-1.097915172576904297e+00,-8.508403301239013672e-01,-1.988956689834594727e+00,-4.335976123809814453e+00
-4.207060813903808594e+00,-6.015477657318115234e+00,-1.007095241546630859e+01,-5.654400348663330078e+00,-1.511475086212158203e+00,-8.058322668075561523e-01,-2.171513557434082031e+00,-4.324169158935546875e+00
-4.100404739379882812e+00,-7.516279220581054688e+00,-1.077125453948974609e+01,-4.817122459411621094e+00,-7.529497146606445312e+00,-4.990437507629394531e+00,-3.937404394149780273e+00,-4.603652477264404297e+00
-4.532981872558593750e+00,-6.080425739288330078e+00,-1.031407833099365234e+01,-5.741507530212402344e+00,-7.762012481689453125e-01,-7.646881341934204102e-01,-1.956749320030212402e+00,-4.435982704162597656e+00
-3.507396697998046875e+00,-6.973433017730712891e+00,-1.129813575744628906e+01,-4.490285396575927734e+00,-7.437792778015136719e+00,-4.671885967254638672e+00,-4.363428115844726562e+00,-3.878164768218994141e+00
-3.226373672485351562e+00,-7.277221202850341797e+00,-1.042706298828125000e+01,-3.273288488388061523e+00,-7.217008590698242188e+00,-4.166561603546142578e+00,-3.980687856674194336e+00,-3.140199661254882812e+00
-3.335604429244995117e+00,-7.194659233093261719e+00,-1.047696304321289062e+01,-3.345703840255737305e+00,-7.006729125976562500e+00,-4.328079223632812500e+00,-3.920495510101318359e+00,-3.303212404251098633e+00
-3.044436693191528320e+00,-7.275637626647949219e+00,-9.549201965332031250e+00,-2.744158983230590820e+00,-5.997247695922851562e+00,-2.327644109725952148e+00,-4.121556758880615234e+00,-4.030457019805908203e+00
-2.512291908264160156e+00,-7.067249774932861328e+00,-9.616926193237304688e+00,-2.414809703826904297e+00,-5.842787265777587891e+00,-2.668498516082763672e+00,-3.381741046905517578e+00,-4.047228336334228516e+00
-3.358677625656127930e+00,-7.278118610382080078e+00,-1.058462333679199219e+01,-3.665340423583984375e+00,-7.107629776000976562e+00,-4.303389549255371094e+00,-4.006723403930664062e+00,-3.316424846649169922e+00
-2.652228116989135742e+00,-7.028103828430175781e+00,-9.356270790100097656e+00,-2.661270856857299805e+00,-5.961193084716796875e+00,-3.300309181213378906e+00,-3.321342945098876953e+00,-3.371426343917846680e+00
-2.433610439300537109e+00,-6.819743156433105469e+00,-9.211394309997558594e+00,-2.468481540679931641e+00,-5.762253761291503906e+00,-2.114587545394897461e+00,-3.290118694305419922e+00,-4.000109195709228516e+00
-2.503054618835449219e+00,-6.894814014434814453e+00,-9.581539154052734375e+00,-2.491901874542236328e+00,-5.821897983551025391e+00,-2.803610563278198242e+00,-3.279810428619384766e+00,-3.961458683013916016e+00
-2.429757595062255859e+00,-7.018334865570068359e+00,-9.608413696289062500e+00,-2.471462249755859375e+00,-5.831429481506347656e+00,-2.535532236099243164e+00,-3.369266748428344727e+00,-3.929695129394531250e+00
-2.416271209716796875e+00,-6.987880229949951172e+00,-9.569149017333984375e+00,-2.465106010437011719e+00,-5.822181701660156250e+00,-2.525640249252319336e+00,-3.344287395477294922e+00,-3.906093120574951172e+00
-2.419205188751220703e+00,-6.983543395996093750e+00,-9.565055847167968750e+00,-2.461530208587646484e+00,-5.821037292480468750e+00,-2.518259763717651367e+00,-3.348934650421142578e+00,-3.908683776855468750e+00
-1.043876409530639648e+00,-6.567364692687988281e+00,-7.836578369140625000e+00,-2.114792346954345703e+00,-5.676412105560302734e+00,-2.455765008926391602e+00,-2.515652656555175781e+00,-3.232908248901367188e+00
-5.782509803771972656e+00,-6.195261478424072266e+00,-1.132174491882324219e+01,-3.218636512756347656e+00,-9.409231185913085938e+00,-3.053980827331542969e+00,-6.195048332214355469e+00,-5.469722270965576172e+00
-4.640807151794433594e+00,-6.216333389282226562e+00,-1.063439750671386719e+01,-1.335790872573852539e+00,-7.848292827606201172e+00,-8.738632202148437500e-01,-2.633908987045288086e+00,-4.611416816711425781e+00
-4.455806732177734375e+00,-6.321362972259521484e+00,-1.059470558166503906e+01,-1.820198178291320801e+00,-7.518835067749023438e+00,-1.190540194511413574e+00,-2.831308603286743164e+00,-4.637104034423828125e+00
-4.269125938415527344e+00,-7.360836982727050781e+00,-1.038717365264892578e+01,-3.234916448593139648e+00,-8.366914749145507812e+00,-4.027575492858886719e+00,-3.231457948684692383e+00,-4.820698738098144531e+00
-4.029170989990234375e+00,-7.643245697021484375e+00,-1.130645370483398438e+01,-4.653609752655029297e+00,-7.697719573974609375e+00,-4.472230911254882812e+00,-4.142776489257812500e+00,-3.783938169479370117e+00
-4.013693809509277344e+00,-7.662030220031738281e+00,-1.127489852905273438e+01,-4.605439186096191406e+00,-7.561686992645263672e+00,-4.537035942077636719e+00,-4.140184402465820312e+00,-4.041121959686279297e+00
-4.111308097839355469e+00,-7.686576843261718750e+00,-1.119639873504638672e+01,-4.630868911743164062e+00,-7.918433189392089844e+00,-4.561545372009277344e+00,-3.804246425628662109e+00,-4.240812778472900391e+00
-4.053825378417968750e+00,-7.680261135101318359e+00,-1.140661239624023438e+01,-4.650134086608886719e+00,-8.020694732666015625e+00,-4.528239250183105469e+00,-4.043362140655517578e+00,-4.025537490844726562e+00
-4.011354446411132812e+00,-7.742298603057861328e+00,-1.139678382873535156e+01,-4.567611694335937500e+00,-7.976415157318115234e+00,-4.675721168518066406e+00,-4.088030338287353516e+00,-4.176575660705566406e+00
-4.068822860717773438e+00,-7.726667881011962891e+00,-1.145167732238769531e+01,-4.628930568695068359e+00,-7.705786705017089844e+00,-4.493540287017822266e+00,-4.195308208465576172e+00,-3.929292201995849609e+00
-4.004911422729492188e+00,-7.882071495056152344e+00,-1.169680881500244141e+01,-4.540803909301757812e+00,-8.138360023498535156e+00,-4.435140609741210938e+00,-4.295907497406005859e+00,-4.291275978088378906e+00
-5.347424507141113281e+00,-6.731066226959228516e+00,-1.111153221130371094e+01,-5.143184661865234375e+00,-8.838603973388671875e+00,-1.578370094299316406e+00,-3.613894462585449219e+00,-2.417127847671508789e+00
-5.445171356201171875e+00,-7.552503585815429688e+00,-1.144996070861816406e+01,-6.344511985778808594e+00,-9.679008483886718750e+00,-4.440676212310791016e+00,-3.624205112457275391e+00,-5.633983135223388672e+00
-3.519512414932250977e+00,-7.829737186431884766e+00,-9.797254562377929688e+00,-4.586731910705566406e+00,-6.885732650756835938e+00,-7.773167610168457031e+00,-5.304176330566406250e+00,-5.284313201904296875e+00
-3.219097852706909180e+00,-7.869407176971435547e+00,-9.561338424682617188e+00,-4.483383178710937500e+00,-6.986651897430419922e+00,-7.651155471801757812e+00,-5.471776485443115234e+00,-5.269530773162841797e+00
-3.530201911926269531e+00,-7.834282875061035156e+00,-9.871809005737304688e+00,-4.548645496368408203e+00,-6.885370254516601562e+00,-7.758937835693359375e+00,-5.270540714263916016e+00,-5.315484523773193359e+00
-3.133525371551513672e+00,-7.734470367431640625e+00,-9.539355278015136719e+00,-4.440868377685546875e+00,-6.871587753295898438e+00,-7.593143463134765625e+00,-5.439047813415527344e+00,-5.159811019897460938e+00
-3.508717060089111328e+00,-7.993539810180664062e+00,-9.895220756530761719e+00,-4.570895195007324219e+00,-6.872107505798339844e+00,-7.888341903686523438e+00,-5.393536567687988281e+00,-5.424736499786376953e+00
-3.275663375854492188e+00,-7.903320789337158203e+00,-9.635104179382324219e+00,-4.525026798248291016e+00,-6.982410907745361328e+00,-7.724148750305175781e+00,-5.457129001617431641e+00,-5.315936565399169922e+00
-4.311012268066406250e+00,-8.104763031005859375e+00,-1.095024299621582031e+01,-5.170798301696777344e+00,-7.686860084533691406e+00,-7.076009750366210938e+00,-5.916847229003906250e+00,-5.191055297851562500e+00
-3.316148519515991211e+00,-7.947499275207519531e+00,-9.647099494934082031e+00,-4.549052238464355469e+00,-6.992297172546386719e+00,-7.775020599365234375e+00,-5.442602157592773438e+00,-5.286820888519287109e+00
-4.098273277282714844e+00,-7.801624298095703125e+00,-1.043205451965332031e+01,-4.995426177978515625e+00,-7.073497772216796875e+00,-7.361807823181152344e+00,-5.368177413940429688e+00,-5.004559993743896484e+00
-3.275795698165893555e+00,-7.891898155212402344e+00,-9.649669647216796875e+00,-4.513593196868896484e+00,-6.955781936645507812e+00,-7.716907501220703125e+00,-5.407293796539306641e+00,-5.277372360229492188e+00
-3.266472578048706055e+00,-7.891527175903320312e+00,-9.624796867370605469e+00,-4.516469955444335938e+00,-6.981517791748046875e+00,-7.698141098022460938e+00,-5.454910755157470703e+00,-5.294776439666748047e+00
-3.180744171142578125e+00,-7.825057029724121094e+00,-9.745685577392578125e+00,-4.430351257324218750e+00,-6.957767486572265625e+00,-7.473667144775390625e+00,-5.509778976440429688e+00,-5.059350967407226562e+00
-4.478337287902832031e+00,-8.115776062011718750e+00,-1.128989791870117188e+01,-5.372147560119628906e+00,-7.834005355834960938e+00,-7.136326789855957031e+00,-5.957312583923339844e+00,-5.333878040313720703e+00
-2.714042663574218750e+00,-7.369776725769042969e+00,-9.806816101074218750e+00,-2.579570055007934570e+00,-5.942790508270263672e+00,-2.626059055328369141e+00,-3.653246641159057617e+00,-3.991297245025634766e+00
-2.702091217041015625e+00,-7.346087455749511719e+00,-9.842895507812500000e+00,-2.569477558135986328e+00,-5.930327415466308594e+00,-2.598572492599487305e+00,-3.666338920593261719e+00,-4.013456821441650391e+00
-2.689203739166259766e+00,-7.276610374450683594e+00,-9.876570701599121094e+00,-2.575228929519653320e+00,-5.940988540649414062e+00,-2.686045646667480469e+00,-3.680725097656250000e+00,-4.028449535369873047e+00
-2.698306083679199219e+00,-7.347876071929931641e+00,-9.838201522827148438e+00,-2.565998077392578125e+00,-5.926222324371337891e+00,-2.590613126754760742e+00,-3.659986734390258789e+00,-4.011633396148681641e+00
-2.645182609558105469e+00,-7.308445930480957031e+00,-9.813636779785156250e+00,-2.561605453491210938e+00,-5.938187122344970703e+00,-2.624042510986328125e+00,-3.626872301101684570e+00,-4.046802997589111328e+00
-2.775389194488525391e+00,-7.024606227874755859e+00,-9.743837356567382812e+00,-2.339364767074584961e+00,-5.904432773590087891e+00,-2.255076169967651367e+00,-3.353581428527832031e+00,-4.012385845184326172e+00
-2.689307689666748047e+00,-7.343554496765136719e+00,-9.841342926025390625e+00,-2.577029943466186523e+00,-5.920017242431640625e+00,-2.601667165756225586e+00,-3.667124271392822266e+00,-4.009544849395751953e+00
-2.685263156890869141e+00,-7.297134399414062500e+00,-9.896453857421875000e+00,-2.588756084442138672e+00,-5.921314239501953125e+00,-2.646569252014160156e+00,-3.688126087188720703e+00,-3.993518829345703125e+00
-2.676819086074829102e+00,-7.328524589538574219e+00,-9.874679565429687500e+00,-2.586271286010742188e+00,-5.902271747589111328e+00,-2.611158370971679688e+00,-3.659374237060546875e+00,-3.981721401214599609e+00
-2.628801822662353516e+00,-7.306557178497314453e+00,-9.782482147216796875e+00,-2.571472644805908203e+00,-5.900779724121093750e+00,-2.625462770462036133e+00,-3.598539590835571289e+00,-4.034921169281005859e+00
-2.666492462158203125e+00,-7.340989112854003906e+00,-9.819664001464843750e+00,-2.578670978546142578e+00,-5.889971256256103516e+00,-2.596719741821289062e+00,-3.644908428192138672e+00,-4.002092838287353516e+00
-2.671003341674804688e+00,-7.317629814147949219e+00,-9.852308273315429688e+00,-2.593323230743408203e+00,-5.892856597900390625e+00,-2.628731727600097656e+00,-3.647083282470703125e+00,-3.999129772186279297e+00
-2.341418027877807617e+00,-7.155441284179687500e+00,-9.091188430786132812e+00,-2.495916604995727539e+00,-5.788723468780517578e+00,-2.387489795684814453e+00,-3.418765306472778320e+00,-3.853210449218750000e+00
-4.414594173431396484e+00,-8.003700256347656250e+00,-1.033735466003417969e+01,-5.581479549407958984e+00,-9.235703468322753906e+00,-4.435443401336669922e+00,-5.238614082336425781e+00,-3.109338283538818359e+00
-5.372734546661376953e+00,-6.755506515502929688e+00,-1.053806495666503906e+01,-6.322565078735351562e+00,-1.007499885559082031e+01,-8.815724849700927734e-01,-2.845321178436279297e+00,-6.159046888351440430e-01
-4.419704437255859375e+00,-7.699968338012695312e+00,-1.089816379547119141e+01,-4.410768032073974609e+00,-7.042640209197998047e+00,-1.719175457954406738e+00,-4.848555564880371094e+00,-1.432410478591918945e+00
-4.397584915161132812e+00,-8.056694030761718750e+00,-1.031850242614746094e+01,-5.596376419067382812e+00,-8.989656448364257812e+00,-4.698026657104492188e+00,-5.490344047546386719e+00,-2.908186435699462891e+00
-4.557723999023437500e+00,-8.374958992004394531e+00,-1.031213951110839844e+01,-5.195939064025878906e+00,-7.966364383697509766e+00,-4.129085063934326172e+00,-5.265027999877929688e+00,-2.974382877349853516e+00
-4.269191741943359375e+00,-7.778181076049804688e+00,-1.107842350006103516e+01,-5.283513545989990234e+00,-7.926178932189941406e+00,-4.989024639129638672e+00,-5.552931785583496094e+00,-2.521969318389892578e+00
-3.773830652236938477e+00,-7.946110725402832031e+00,-9.970632553100585938e+00,-4.427673816680908203e+00,-7.607246398925781250e+00,-3.979672908782958984e+00,-5.312047958374023438e+00,-3.398188829421997070e+00
-3.931730747222900391e+00,-8.174450874328613281e+00,-1.003743362426757812e+01,-5.069348335266113281e+00,-8.182248115539550781e+00,-4.285008907318115234e+00,-5.805927753448486328e+00,-3.439885377883911133e+00
-4.340946197509765625e+00,-8.150299072265625000e+00,-1.017399406433105469e+01,-5.567146778106689453e+00,-9.118178367614746094e+00,-4.437551975250244141e+00,-5.257422447204589844e+00,-3.119824886322021484e+00
-3.791463136672973633e+00,-7.041001796722412109e+00,-1.070997619628906250e+01,-4.311341285705566406e+00,-7.144437313079833984e+00,-1.584687709808349609e+00,-4.176578044891357422e+00,-2.482007980346679688e+00
-3.327642440795898438e+00,-7.268103122711181641e+00,-1.010347747802734375e+01,-3.073683023452758789e+00,-6.585591793060302734e+00,-1.765561103820800781e+00,-3.979291677474975586e+00,-3.586672067642211914e+00
-1.301216721534729004e+00,-7.022861480712890625e+00,-9.327405929565429688e+00,-2.613830089569091797e+00,-5.892512321472167969e+00,-1.905303597450256348e+00,-3.306675672531127930e+00,-3.462558746337890625e+00
-1.272606134414672852e+00,-6.617485523223876953e+00,-9.036804199218750000e+00,-3.095903158187866211e+00,-8.676251411437988281e+00,-1.360427379608154297e+00,-2.512157201766967773e+00,-3.961895465850830078e+00
-3.752052545547485352e+00,-7.373218536376953125e+00,-1.112211704254150391e+01,-4.582888603210449219e+00,-7.834036827087402344e+00,-4.816028118133544922e+00,-4.237919807434082031e+00,-3.972156524658203125e+00
-2.831658840179443359e+00,-6.825459480285644531e+00,-1.044844722747802734e+01,-3.527720451354980469e+00,-7.219318389892578125e+00,-3.979986190795898438e+00,-3.392163276672363281e+00,-3.618024349212646484e+00
-2.828533649444580078e+00,-7.300965785980224609e+00,-1.018218994140625000e+01,-3.025764942169189453e+00,-5.966276645660400391e+00,-1.775684118270874023e+00,-3.551884889602661133e+00,-3.814664363861083984e+00
-2.815174102783203125e+00,-7.048008918762207031e+00,-1.023652076721191406e+01,-3.181602239608764648e+00,-6.448969841003417969e+00,-1.904489517211914062e+00,-3.424243211746215820e+00,-3.748046398162841797e+00
-2.405490875244140625e+00,-6.938036441802978516e+00,-9.443844795227050781e+00,-2.950552940368652344e+00,-6.055225372314453125e+00,-3.055111885070800781e+00,-3.010050535202026367e+00,-3.746612071990966797e+00
-2.462057113647460938e+00,-6.640299320220947266e+00,-9.595123291015625000e+00,-3.264122247695922852e+00,-6.028297424316406250e+00,-3.556619405746459961e+00,-2.918957948684692383e+00,-3.690921545028686523e+00
-2.539071083068847656e+00,-6.948912620544433594e+00,-9.619083404541015625e+00,-3.208651304244995117e+00,-5.933598518371582031e+00,-3.613086223602294922e+00,-3.129703998565673828e+00,-3.846817493438720703e+00
-2.633450031280517578e+00,-6.978094577789306641e+00,-9.436084747314453125e+00,-3.020467519760131836e+00,-5.854606151580810547e+00,-3.074643135070800781e+00,-3.087464332580566406e+00,-3.832845687866210938e+00
-1.518676280975341797e+00,-6.531357765197753906e+00,-8.930316925048828125e+00,-2.442860126495361328e+00,-5.697357654571533203e+00,-2.925574302673339844e+00,-2.643665552139282227e+00,-3.378429889678955078e+00
-1.696942806243896484e+00,-6.628584861755371094e+00,-9.100765228271484375e+00,-2.520239353179931641e+00,-5.668885231018066406e+00,-3.176386356353759766e+00,-2.702896356582641602e+00,-3.364363908767700195e+00
-8.305615186691284180e-01,-6.485011100769042969e+00,-8.121557235717773438e+00,-2.210826396942138672e+00,-5.814801216125488281e+00,-2.605679988861083984e+00,-2.436633110046386719e+00,-3.200563669204711914e+00
-8.064932227134704590e-01,-6.631361484527587891e+00,-8.401778221130371094e+00,-2.364537477493286133e+00,-6.107430458068847656e+00,-1.823852896690368652e+00,-2.781241893768310547e+00,-3.117206096649169922e+00
-8.272594809532165527e-01,-6.526279449462890625e+00,-8.245973587036132812e+00,-2.282192945480346680e+00,-5.897295475006103516e+00,-2.358967542648315430e+00,-2.570800781250000000e+00,-3.213432788848876953e+00
-1.262284398078918457e+00,-6.968605041503906250e+00,-8.896079063415527344e+00,-2.648354768753051758e+00,-5.927994728088378906e+00,-2.665602684020996094e+00,-3.495863437652587891e+00,-3.358018398284912109e+00
-9.904580116271972656e-01,-6.742275238037109375e+00,-8.126372337341308594e+00,-2.278352260589599609e+00,-5.669134616851806641e+00,-2.797067165374755859e+00,-2.484624624252319336e+00,-3.238081932067871094e+00
-1.150470852851867676e+00,-6.519952297210693359e+00,-7.652971744537353516e+00,-1.956708073616027832e+00,-5.662908554077148438e+00,-3.410393953323364258e+00,-1.972048401832580566e+00,-3.006974697113037109e+00
-1.085125327110290527e+00,-6.652577400207519531e+00,-7.658110141754150391e+00,-2.083026885986328125e+00,-5.714239120483398438e+00,-3.335895538330078125e+00,-2.176661014556884766e+00,-3.149164438247680664e+00
-1.152188777923583984e+00,-6.453209877014160156e+00,-7.776396751403808594e+00,-1.910511374473571777e+00,-5.651505470275878906e+00,-3.325392246246337891e+00,-1.899210214614868164e+00,-2.994688272476196289e+00
-1.173480749130249023e+00,-6.538811683654785156e+00,-7.759801864624023438e+00,-1.922022938728332520e+00,-5.660651683807373047e+00,-3.366920471191406250e+00,-1.929159045219421387e+00,-3.006841659545898438e+00
-1.188643574714660645e+00,-6.535388946533203125e+00,-7.731516838073730469e+00,-1.949256658554077148e+00,-5.681905746459960938e+00,-3.379441738128662109e+00,-1.991937279701232910e+00,-3.070243120193481445e+00
-1.157834172248840332e+00,-6.466240882873535156e+00,-7.766356468200683594e+00,-1.917992353439331055e+00,-5.655006408691406250e+00,-3.340353012084960938e+00,-1.909591913223266602e+00,-3.000295639038085938e+00
-1.133557677268981934e+00,-6.456257343292236328e+00,-7.538261413574218750e+00,-1.976150512695312500e+00,-5.720242500305175781e+00,-3.384589195251464844e+00,-2.066922664642333984e+00,-3.157845497131347656e+00
-9.114183783531188965e-01,-6.642290115356445312e+00,-7.725660324096679688e+00,-2.089954853057861328e+00,-5.722701549530029297e+00,-3.121356248855590820e+00,-2.224736928939819336e+00,-3.175575256347656250e+00
-1.115740776062011719e+00,-6.414971351623535156e+00,-7.651489734649658203e+00,-1.930359244346618652e+00,-5.673885822296142578e+00,-3.339118003845214844e+00,-1.942165493965148926e+00,-3.038006305694580078e+00
-1.102960824966430664e+00,-6.423923969268798828e+00,-7.712308883666992188e+00,-1.910711288452148438e+00,-5.636673450469970703e+00,-3.370683193206787109e+00,-1.824345588684082031e+00,-2.920345783233642578e+00
-1.112995386123657227e+00,-6.433531761169433594e+00,-7.759903430938720703e+00,-1.892765879631042480e+00,-5.623574256896972656e+00,-3.367506742477416992e+00,-1.781224966049194336e+00,-2.880160808563232422e+00
-2.571348667144775391e+00,-6.649561405181884766e+00,-9.432282447814941406e+00,-2.314678668975830078e+00,-9.225948333740234375e+00,-1.470048904418945312e+00,-2.598321199417114258e+00,-3.966205596923828125e+00
-1.849219083786010742e+00,-6.463810920715332031e+00,-9.301009178161621094e+00,-3.018865108489990234e+00,-9.818334579467773438e+00,-1.296161651611328125e+00,-2.344539165496826172e+00,-3.947462558746337891e+00
-3.310318946838378906e+00,-7.765036582946777344e+00,-1.008482742309570312e+01,-3.219082117080688477e+00,-6.615874767303466797e+00,-1.750213623046875000e+00,-4.061193466186523438e+00,-3.721520900726318359e+00
-2.908905506134033203e+00,-6.722883224487304688e+00,-9.119984626770019531e+00,-2.857433557510375977e+00,-8.819039344787597656e+00,-1.169456124305725098e+00,-3.100794792175292969e+00,-4.222960472106933594e+00
-1.864223122596740723e+00,-6.182211875915527344e+00,-9.180651664733886719e+00,-3.400242567062377930e+00,-8.667402267456054688e+00,-1.438113331794738770e+00,-2.684834480285644531e+00,-3.928370952606201172e+00
-1.979402899742126465e+00,-7.717504024505615234e+00,-9.331245422363281250e+00,-3.153850555419921875e+00,-6.952992916107177734e+00,-1.912981629371643066e+00,-4.309016704559326172e+00,-3.024456501007080078e+00
-9.923180341720581055e-01,-6.381764411926269531e+00,-8.427771568298339844e+00,-3.626388549804687500e+00,-5.978766918182373047e+00,-1.894411444664001465e+00,-2.903509616851806641e+00,-2.526414632797241211e+00
-1.178517937660217285e+00,-6.123290061950683594e+00,-7.812721252441406250e+00,-4.254435062408447266e+00,-7.053911209106445312e+00,-1.675962686538696289e+00,-2.618257284164428711e+00,-3.054230213165283203e+00
-2.350086927413940430e+00,-8.024686813354492188e+00,-9.021945953369140625e+00,-3.839444637298583984e+00,-7.644289970397949219e+00,-1.764216780662536621e+00,-4.490100383758544922e+00,-3.218111515045166016e+00
-1.009508132934570312e+00,-5.966687679290771484e+00,-7.693408966064453125e+00,-5.568763732910156250e+00,-1.002540969848632812e+01,-1.254710674285888672e+00,-2.698788642883300781e+00,-4.084401607513427734e+00
-3.649441242218017578e+00,-6.524729251861572266e+00,-9.190013885498046875e+00,-5.833501338958740234e+00,-9.516077041625976562e+00,-1.256753802299499512e+00,-2.501068592071533203e+00,-4.847898006439208984e+00
-1.231581449508666992e+00,-6.583438396453857422e+00,-8.316459655761718750e+00,-5.125073432922363281e+00,-8.392322540283203125e+00,-1.329437494277954102e+00,-2.944652557373046875e+00,-3.495569705963134766e+00
-2.161625385284423828e+00,-6.206641197204589844e+00,-9.030381202697753906e+00,-4.731209754943847656e+00,-1.013274288177490234e+01,-1.099458217620849609e+00,-1.972992420196533203e+00,-4.317859172821044922e+00
-2.162368297576904297e+00,-7.877559661865234375e+00,-9.369884490966796875e+00,-4.298282146453857422e+00,-6.403759956359863281e+00,-3.605727195739746094e+00,-4.266630172729492188e+00,-4.566058635711669922e+00
-1.771874666213989258e+00,-7.574474334716796875e+00,-8.143230438232421875e+00,-3.036488771438598633e+00,-6.232340335845947266e+00,-2.378280162811279297e+00,-4.270455360412597656e+00,-2.929765462875366211e+00
-1.826704859733581543e+00,-7.601088523864746094e+00,-8.226603507995605469e+00,-3.034456253051757812e+00,-6.218908309936523438e+00,-2.428693294525146484e+00,-4.244773387908935547e+00,-2.904755353927612305e+00
-1.803684711456298828e+00,-7.208703994750976562e+00,-8.611903190612792969e+00,-2.688945531845092773e+00,-5.977978706359863281e+00,-3.483029365539550781e+00,-3.454635620117187500e+00,-2.812448740005493164e+00
-1.793001890182495117e+00,-7.483654975891113281e+00,-8.310802459716796875e+00,-3.029748439788818359e+00,-5.990529537200927734e+00,-2.801254749298095703e+00,-4.208737850189208984e+00,-2.761311292648315430e+00
-1.783798694610595703e+00,-7.482327938079833984e+00,-8.274141311645507812e+00,-3.045794963836669922e+00,-6.001465797424316406e+00,-2.788662910461425781e+00,-4.226155281066894531e+00,-2.740508079528808594e+00
-1.906846761703491211e+00,-7.547972679138183594e+00,-8.518166542053222656e+00,-3.006668567657470703e+00,-6.030766010284423828e+00,-2.868760585784912109e+00,-4.194143295288085938e+00,-2.681964397430419922e+00
-1.646366715431213379e+00,-7.514602184295654297e+00,-7.982234954833984375e+00,-3.027284383773803711e+00,-6.252922058105468750e+00,-2.366208791732788086e+00,-4.207204818725585938e+00,-2.718560695648193359e+00
-1.663134098052978516e+00,-7.494844436645507812e+00,-7.939419746398925781e+00,-3.028284788131713867e+00,-6.259714126586914062e+00,-2.386063814163208008e+00,-4.246490001678466797e+00,-2.706964015960693359e+00
-1.710674405097961426e+00,-7.545017242431640625e+00,-8.008985519409179688e+00,-3.047946453094482422e+00,-6.323750495910644531e+00,-2.404695510864257812e+00,-4.281623363494873047e+00,-2.717423677444458008e+00
-1.773301243782043457e+00,-7.575467109680175781e+00,-8.048636436462402344e+00,-3.083709239959716797e+00,-6.445737838745117188e+00,-2.453202724456787109e+00,-4.406537532806396484e+00,-2.723308324813842773e+00
-1.882374644279479980e+00,-7.636623382568359375e+00,-8.105705261230468750e+00,-3.134565114974975586e+00,-6.469548702239990234e+00,-2.495052337646484375e+00,-4.438460826873779297e+00,-2.731209993362426758e+00
-1.796579837799072266e+00,-7.700314521789550781e+00,-8.362234115600585938e+00,-3.526064395904541016e+00,-6.857440948486328125e+00,-2.519907236099243164e+00,-4.896070003509521484e+00,-2.637419462203979492e+00
-4.388992786407470703e+00,-7.587318897247314453e+00,-1.170981502532958984e+01,-4.842842578887939453e+00,-7.520915031433105469e+00,-4.734962463378906250e+00,-4.173216819763183594e+00,-4.437538146972656250e+00
-4.188072204589843750e+00,-7.752112388610839844e+00,-1.161454010009765625e+01,-4.798717975616455078e+00,-7.554686546325683594e+00,-4.710770606994628906e+00,-4.305232048034667969e+00,-4.031646251678466797e+00
-4.830772876739501953e+00,-6.677785396575927734e+00,-1.139943313598632812e+01,-4.389222145080566406e+00,-6.874125480651855469e+00,-1.604847669601440430e+00,-3.968587160110473633e+00,-4.931212902069091797e+00
-4.853320121765136719e+00,-6.646205902099609375e+00,-1.128577041625976562e+01,-4.098339080810546875e+00,-6.858198165893554688e+00,-1.602600812911987305e+00,-3.865842580795288086e+00,-4.936428546905517578e+00
-4.068165779113769531e+00,-7.773963928222656250e+00,-1.135750579833984375e+01,-4.650431632995605469e+00,-7.549624919891357422e+00,-4.572476387023925781e+00,-4.362936019897460938e+00,-3.825334072113037109e+00
-4.080412387847900391e+00,-7.703114509582519531e+00,-1.139498615264892578e+01,-4.676306724548339844e+00,-7.591045379638671875e+00,-4.521063804626464844e+00,-4.261425495147705078e+00,-3.840833663940429688e+00
-3.908246040344238281e+00,-7.271809577941894531e+00,-1.055003547668457031e+01,-3.421001195907592773e+00,-7.021595478057861328e+00,-3.736649036407470703e+00,-3.847174644470214844e+00,-4.581477165222167969e+00
-3.743898868560791016e+00,-7.737928867340087891e+00,-1.139699745178222656e+01,-4.179131984710693359e+00,-7.797131538391113281e+00,-4.844807147979736328e+00,-3.872563838958740234e+00,-4.425093173980712891e+00
-2.864943981170654297e+00,-7.187092781066894531e+00,-9.845345497131347656e+00,-2.512564659118652344e+00,-5.872966289520263672e+00,-2.544163703918457031e+00,-3.503093481063842773e+00,-3.926599025726318359e+00
-2.634256362915039062e+00,-7.229331016540527344e+00,-9.800921440124511719e+00,-2.530469894409179688e+00,-5.874550342559814453e+00,-2.735714912414550781e+00,-3.473856687545776367e+00,-4.019561290740966797e+00
-3.113806486129760742e+00,-6.667270183563232422e+00,-9.613838195800781250e+00,-2.121207475662231445e+00,-6.248661041259765625e+00,-1.536274433135986328e+00,-3.203083753585815430e+00,-4.018252372741699219e+00
-4.066537857055664062e+00,-7.103372573852539062e+00,-1.070138263702392578e+01,-2.373396873474121094e+00,-6.283174514770507812e+00,-1.630574703216552734e+00,-3.908684492111206055e+00,-4.104548931121826172e+00
-3.909245967864990234e+00,-6.896998405456542969e+00,-1.050812721252441406e+01,-1.916000247001647949e+00,-6.362991333007812500e+00,-1.406137585639953613e+00,-3.642266511917114258e+00,-4.273184776306152344e+00
-5.186011791229248047e+00,-6.102874755859375000e+00,-1.087558174133300781e+01,-2.708321332931518555e+00,-7.931468009948730469e+00,-1.320883154869079590e+00,-2.886383771896362305e+00,-4.743982315063476562e+00
-5.197529792785644531e+00,-6.123010635375976562e+00,-1.088881301879882812e+01,-2.438399076461791992e+00,-8.148607254028320312e+00,-1.321744203567504883e+00,-2.897246122360229492e+00,-4.717960357666015625e+00
-5.218777179718017578e+00,-6.111346244812011719e+00,-1.085774707794189453e+01,-2.503969192504882812e+00,-7.830616474151611328e+00,-1.312123537063598633e+00,-2.880136966705322266e+00,-4.745477676391601562e+00
-5.226403713226318359e+00,-6.205114364624023438e+00,-1.057621669769287109e+01,-1.868495821952819824e+00,-8.247794151306152344e+00,-1.222555398941040039e+00,-2.683909177780151367e+00,-4.758806705474853516e+00
-5.093444824218750000e+00,-6.184588432312011719e+00,-1.087545585632324219e+01,-2.327610969543457031e+00,-8.040636062622070312e+00,-1.316271901130676270e+00,-2.902487754821777344e+00,-4.719098567962646484e+00
-4.855015754699707031e+00,-6.314209461212158203e+00,-1.083693122863769531e+01,-2.276514768600463867e+00,-7.640653133392333984e+00,-1.314393043518066406e+00,-2.947868347167968750e+00,-4.660076618194580078e+00
-4.250923156738281250e+00,-6.630918025970458984e+00,-1.063255310058593750e+01,-2.125477552413940430e+00,-8.926317214965820312e+00,-3.006745338439941406e+00,-2.641262054443359375e+00,-4.641613483428955078e+00
-4.744288921356201172e+00,-6.405817508697509766e+00,-1.045758056640625000e+01,-1.806082963943481445e+00,-8.739554405212402344e+00,-1.429571151733398438e+00,-2.473989963531494141e+00,-4.655661106109619141e+00
-4.540237426757812500e+00,-6.460865974426269531e+00,-1.039956665039062500e+01,-1.778695106506347656e+00,-8.925797462463378906e+00,-1.527141332626342773e+00,-2.405580759048461914e+00,-4.650158882141113281e+00
-4.285538673400878906e+00,-6.427683353424072266e+00,-1.041488933563232422e+01,-1.856850385665893555e+00,-8.646749496459960938e+00,-1.452046155929565430e+00,-2.547447204589843750e+00,-4.715357780456542969e+00
-4.422130107879638672e+00,-6.557846546173095703e+00,-1.027012825012207031e+01,-1.735088706016540527e+00,-9.016180038452148438e+00,-1.723182916641235352e+00,-2.373597621917724609e+00,-4.706431388854980469e+00
-4.351637840270996094e+00,-6.633135795593261719e+00,-1.052342700958251953e+01,-2.404311895370483398e+00,-8.640541076660156250e+00,-2.966284751892089844e+00,-2.801977872848510742e+00,-4.599387168884277344e+00
-4.422807693481445312e+00,-6.431708335876464844e+00,-1.034158134460449219e+01,-1.766554236412048340e+00,-8.718947410583496094e+00,-1.445634365081787109e+00,-2.480721473693847656e+00,-4.706958770751953125e+00
-4.473654747009277344e+00,-7.959633350372314453e+00,-1.033907985687255859e+01,-5.572870254516601562e+00,-9.194636344909667969e+00,-4.550970077514648438e+00,-5.352473258972167969e+00,-3.115854263305664062e+00
-4.478446006774902344e+00,-8.007557868957519531e+00,-1.028025436401367188e+01,-5.590123653411865234e+00,-9.202930450439453125e+00,-4.456590175628662109e+00,-5.256244659423828125e+00,-3.119013309478759766e+00
-4.391112327575683594e+00,-8.013090133666992188e+00,-1.018292713165283203e+01,-5.535976409912109375e+00,-9.206531524658203125e+00,-4.421629428863525391e+00,-5.285431385040283203e+00,-3.129878997802734375e+00
-4.475787162780761719e+00,-7.978508949279785156e+00,-1.049477577209472656e+01,-5.569634437561035156e+00,-9.184585571289062500e+00,-4.597218513488769531e+00,-5.299531459808349609e+00,-3.087040662765502930e+00
-4.426926136016845703e+00,-8.048931121826171875e+00,-1.053006649017333984e+01,-5.478398323059082031e+00,-9.082718849182128906e+00,-4.617959976196289062e+00,-5.312654495239257812e+00,-3.153715610504150391e+00
-4.432135581970214844e+00,-7.992831707000732422e+00,-1.040842437744140625e+01,-5.605515956878662109e+00,-9.140340805053710938e+00,-4.585113048553466797e+00,-5.383793830871582031e+00,-3.123022079467773438e+00
-4.439932346343994141e+00,-8.060314178466796875e+00,-1.051622200012207031e+01,-5.515448570251464844e+00,-9.101479530334472656e+00,-4.614371776580810547e+00,-5.333094596862792969e+00,-3.114769935607910156e+00
-3.967316865921020508e+00,-7.814061641693115234e+00,-1.041664791107177734e+01,-4.923480033874511719e+00,-8.473177909851074219e+00,-4.784415245056152344e+00,-4.511044025421142578e+00,-3.758595943450927734e+00
-4.422937393188476562e+00,-7.901368618011474609e+00,-1.067799186706542969e+01,-5.442368984222412109e+00,-9.066472053527832031e+00,-4.727837562561035156e+00,-5.310008049011230469e+00,-3.026928186416625977e+00
-4.182709693908691406e+00,-7.285961627960205078e+00,-1.110923004150390625e+01,-4.505615234375000000e+00,-7.537107944488525391e+00,-1.585785031318664551e+00,-4.528457164764404297e+00,-2.141374588012695312e+00
-3.866863489151000977e+00,-7.488222122192382812e+00,-1.076037025451660156e+01,-4.480447769165039062e+00,-7.392005920410156250e+00,-5.055117607116699219e+00,-4.792612075805664062e+00,-3.389420986175537109e+00
-4.020635604858398438e+00,-7.837654590606689453e+00,-1.065494918823242188e+01,-4.902387619018554688e+00,-7.944838523864746094e+00,-5.302616119384765625e+00,-5.259488105773925781e+00,-3.195282936096191406e+00
-3.826174020767211914e+00,-7.501548767089843750e+00,-1.100856018066406250e+01,-4.374232292175292969e+00,-6.824412345886230469e+00,-2.765015840530395508e+00,-4.595188140869140625e+00,-3.754607200622558594e+00
-9.869637489318847656e-01,-6.850237369537353516e+00,-9.190357208251953125e+00,-2.569640159606933594e+00,-6.012407302856445312e+00,-2.080998420715332031e+00,-3.544382095336914062e+00,-3.097181320190429688e+00
-9.527642726898193359e-01,-6.887817382812500000e+00,-9.333009719848632812e+00,-2.516238689422607422e+00,-5.855618000030517578e+00,-2.128372669219970703e+00,-3.439899444580078125e+00,-3.164026260375976562e+00
-9.623308181762695312e-01,-6.864610195159912109e+00,-9.346789360046386719e+00,-2.515982627868652344e+00,-6.103827953338623047e+00,-2.052240371704101562e+00,-3.555952072143554688e+00,-3.016382217407226562e+00
-1.254312515258789062e+00,-7.364501953125000000e+00,-8.555316925048828125e+00,-2.770617008209228516e+00,-5.904870510101318359e+00,-2.085680007934570312e+00,-3.431265830993652344e+00,-3.293385505676269531e+00
-1.285197377204895020e+00,-7.199492931365966797e+00,-8.677797317504882812e+00,-2.857864618301391602e+00,-6.157043933868408203e+00,-2.061542749404907227e+00,-3.813803911209106445e+00,-3.056861877441406250e+00
-1.124028563499450684e+00,-6.967116355895996094e+00,-8.943489074707031250e+00,-2.681448936462402344e+00,-5.770554065704345703e+00,-2.088612079620361328e+00,-3.279625177383422852e+00,-3.259812116622924805e+00
-1.133502960205078125e+00,-6.818535804748535156e+00,-9.012968063354492188e+00,-2.582621335983276367e+00,-6.211614608764648438e+00,-2.056447982788085938e+00,-3.497939109802246094e+00,-3.192339420318603516e+00
-7.816230058670043945e-01,-6.623058795928955078e+00,-7.711475372314453125e+00,-2.230091810226440430e+00,-5.901153087615966797e+00,-2.773498773574829102e+00,-2.440228700637817383e+00,-3.208055496215820312e+00
-1.459225893020629883e+00,-7.451386928558349609e+00,-8.529997825622558594e+00,-2.923414468765258789e+00,-5.850974082946777344e+00,-2.113905668258666992e+00,-3.602688312530517578e+00,-3.016557693481445312e+00
-1.108585000038146973e+00,-6.828547000885009766e+00,-8.710248947143554688e+00,-2.578150987625122070e+00,-6.048010349273681641e+00,-1.991701126098632812e+00,-3.329623222351074219e+00,-3.237479686737060547e+00
-9.292623996734619141e-01,-6.888567924499511719e+00,-9.043245315551757812e+00,-2.533124446868896484e+00,-5.819163799285888672e+00,-2.055985927581787109e+00,-3.285897016525268555e+00,-3.181439399719238281e+00
-1.002626538276672363e+00,-6.834457874298095703e+00,-9.326623916625976562e+00,-2.958442687988281250e+00,-6.201173305511474609e+00,-2.007899522781372070e+00,-2.927704334259033203e+00,-3.161382675170898438e+00
-1.129987716674804688e+00,-6.859858036041259766e+00,-8.672807693481445312e+00,-2.585931301116943359e+00,-5.967840194702148438e+00,-2.165165424346923828e+00,-3.091938972473144531e+00,-3.280485868453979492e+00
-1.121371865272521973e+00,-6.424168109893798828e+00,-7.798954010009765625e+00,-1.852617263793945312e+00,-5.616223812103271484e+00,-3.299566030502319336e+00,-1.777592897415161133e+00,-2.884146213531494141e+00
-1.118242025375366211e+00,-6.420816421508789062e+00,-7.804306983947753906e+00,-1.844675302505493164e+00,-5.605736255645751953e+00,-3.311160087585449219e+00,-1.733043670654296875e+00,-2.837683200836181641e+00
-1.110519170761108398e+00,-6.413454055786132812e+00,-7.790535926818847656e+00,-1.853967666625976562e+00,-5.608415126800537109e+00,-3.325305938720703125e+00,-1.730061531066894531e+00,-2.840622425079345703e+00
-1.109719395637512207e+00,-6.413334846496582031e+00,-7.802596092224121094e+00,-1.854198336601257324e+00,-5.603229045867919922e+00,-3.338880062103271484e+00,-1.701622962951660156e+00,-2.816672801971435547e+00
-1.143898963928222656e+00,-6.420164585113525391e+00,-7.871258258819580078e+00,-1.799211382865905762e+00,-5.587016105651855469e+00,-3.266837596893310547e+00,-1.665227651596069336e+00,-2.784240245819091797e+00
-1.117112159729003906e+00,-6.407244682312011719e+00,-7.812058925628662109e+00,-1.835096836090087891e+00,-5.598426342010498047e+00,-3.300406932830810547e+00,-1.714310526847839355e+00,-2.816791534423828125e+00
-1.106962919235229492e+00,-6.397042274475097656e+00,-7.790203094482421875e+00,-1.842803597450256348e+00,-5.602084636688232422e+00,-3.310284376144409180e+00,-1.716952085494995117e+00,-2.822392463684082031e+00
-1.089162588119506836e+00,-6.382609367370605469e+00,-7.763341903686523438e+00,-1.850808382034301758e+00,-5.606736183166503906e+00,-3.316879749298095703e+00,-1.722018957138061523e+00,-2.832992076873779297e+00
-1.091491341590881348e+00,-6.386059284210205078e+00,-7.779666900634765625e+00,-1.842228174209594727e+00,-5.600923061370849609e+00,-3.314958572387695312e+00,-1.698900222778320312e+00,-2.811337471008300781e+00
-1.110380411148071289e+00,-6.389319896697998047e+00,-7.838000774383544922e+00,-1.812725663185119629e+00,-5.586431980133056641e+00,-3.301080226898193359e+00,-1.636545181274414062e+00,-2.765224933624267578e+00
-1.097214102745056152e+00,-6.391837596893310547e+00,-7.805142402648925781e+00,-1.839024543762207031e+00,-5.595279693603515625e+00,-3.330406188964843750e+00,-1.661262750625610352e+00,-2.785561084747314453e+00
-1.160935997962951660e+00,-6.424915313720703125e+00,-7.903601646423339844e+00,-1.781104326248168945e+00,-5.572032928466796875e+00,-3.282619953155517578e+00,-1.588650822639465332e+00,-2.709035158157348633e+00
-1.079771399497985840e+00,-6.360474586486816406e+00,-7.780446052551269531e+00,-1.834266066551208496e+00,-5.590852260589599609e+00,-3.327721118927001953e+00,-1.645970225334167480e+00,-2.766541004180908203e+00
-4.388574600219726562e+00,-8.071051597595214844e+00,-9.873168945312500000e+00,-5.555293083190917969e+00,-9.298686027526855469e+00,-4.366038322448730469e+00,-5.272677898406982422e+00,-2.997301101684570312e+00
-4.409839630126953125e+00,-8.011883735656738281e+00,-1.004139518737792969e+01,-5.580232620239257812e+00,-9.296839714050292969e+00,-4.358169555664062500e+00,-5.258502006530761719e+00,-3.085747241973876953e+00
-4.306367874145507812e+00,-8.039623260498046875e+00,-1.010560798645019531e+01,-5.535484313964843750e+00,-9.255121231079101562e+00,-4.395667076110839844e+00,-5.285908222198486328e+00,-3.056321382522583008e+00
-4.363248348236083984e+00,-8.053547859191894531e+00,-1.015204811096191406e+01,-5.525848865509033203e+00,-9.180677413940429688e+00,-4.422510623931884766e+00,-5.324400901794433594e+00,-2.997437000274658203e+00
-4.413106918334960938e+00,-8.063589096069335938e+00,-9.994785308837890625e+00,-5.564273357391357422e+00,-9.244816780090332031e+00,-4.367251396179199219e+00,-5.288208007812500000e+00,-3.058613300323486328e+00
-4.233521461486816406e+00,-8.198354721069335938e+00,-1.058832454681396484e+01,-5.391587257385253906e+00,-8.838646888732910156e+00,-4.566673755645751953e+00,-5.487190246582031250e+00,-3.009622097015380859e+00
-4.355593681335449219e+00,-8.028160095214843750e+00,-1.013294315338134766e+01,-5.561459541320800781e+00,-9.258692741394042969e+00,-4.378240585327148438e+00,-5.293646812438964844e+00,-3.059130907058715820e+00
-4.203047275543212891e+00,-8.163617134094238281e+00,-1.074410533905029297e+01,-5.538296222686767578e+00,-9.281361579895019531e+00,-4.389180183410644531e+00,-5.350783824920654297e+00,-2.997983455657958984e+00
-3.607087135314941406e+00,-7.762670040130615234e+00,-1.017756462097167969e+01,-3.536739110946655273e+00,-6.621705055236816406e+00,-3.249240398406982422e+00,-4.650673389434814453e+00,-3.180939197540283203e+00
-3.941426038742065430e+00,-8.007162094116210938e+00,-1.077254486083984375e+01,-4.601486682891845703e+00,-7.584851264953613281e+00,-4.334451675415039062e+00,-4.902760505676269531e+00,-3.260692119598388672e+00
-1.208660721778869629e+00,-6.823587417602539062e+00,-9.355673789978027344e+00,-2.462918043136596680e+00,-6.212202548980712891e+00,-1.844587683677673340e+00,-3.121875762939453125e+00,-3.379681110382080078e+00
-3.516461849212646484e+00,-7.816617965698242188e+00,-9.888174057006835938e+00,-3.184491634368896484e+00,-6.458269119262695312e+00,-2.575681447982788086e+00,-4.699118614196777344e+00,-3.694902896881103516e+00
-3.581090688705444336e+00,-7.963047504425048828e+00,-1.050895118713378906e+01,-5.221819877624511719e+00,-1.015794754028320312e+01,-1.654509902000427246e+00,-4.264121055603027344e+00,-5.734057903289794922e+00
-4.222140312194824219e+00,-8.691808700561523438e+00,-1.010044670104980469e+01,-5.492267608642578125e+00,-8.554508209228515625e+00,-5.289080619812011719e+00,-5.775203227996826172e+00,-3.280724525451660156e+00
-4.590307235717773438e+00,-8.510307312011718750e+00,-1.061007213592529297e+01,-4.945792675018310547e+00,-8.554404258728027344e+00,-3.000680208206176758e+00,-5.519533634185791016e+00,-3.484259843826293945e+00
-4.384234428405761719e+00,-8.973898887634277344e+00,-1.064123535156250000e+01,-5.020739555358886719e+00,-8.443017005920410156e+00,-3.660985946655273438e+00,-5.500465393066406250e+00,-3.738145828247070312e+00
-4.081280231475830078e+00,-8.898036956787109375e+00,-1.013541221618652344e+01,-5.323518753051757812e+00,-8.480608940124511719e+00,-4.395019531250000000e+00,-5.430309295654296875e+00,-2.893557548522949219e+00
-4.415178298950195312e+00,-8.733927726745605469e+00,-1.041427612304687500e+01,-5.364653587341308594e+00,-8.775756835937500000e+00,-3.324318885803222656e+00,-5.289709568023681641e+00,-3.149801969528198242e+00
-4.409634590148925781e+00,-7.984197616577148438e+00,-1.020778274536132812e+01,-5.532317638397216797e+00,-9.207469940185546875e+00,-4.448788642883300781e+00,-5.301629066467285156e+00,-3.111656904220581055e+00
-4.457753181457519531e+00,-8.072237014770507812e+00,-9.904321670532226562e+00,-5.549143791198730469e+00,-9.209310531616210938e+00,-4.386945724487304688e+00,-5.263674736022949219e+00,-3.183470249176025391e+00
-4.434511661529541016e+00,-8.085365295410156250e+00,-9.907406806945800781e+00,-5.554931640625000000e+00,-9.206546783447265625e+00,-4.388403892517089844e+00,-5.254473686218261719e+00,-3.217214107513427734e+00
-4.429276466369628906e+00,-8.055099487304687500e+00,-1.012310314178466797e+01,-5.572713851928710938e+00,-9.242499351501464844e+00,-4.467468261718750000e+00,-5.211587905883789062e+00,-3.217841386795043945e+00
-4.429059028625488281e+00,-8.061321258544921875e+00,-1.018676185607910156e+01,-5.568572044372558594e+00,-9.218660354614257812e+00,-4.486469268798828125e+00,-5.244944095611572266e+00,-3.196289539337158203e+00
-4.445139884948730469e+00,-8.051198959350585938e+00,-1.026189231872558594e+01,-5.547344207763671875e+00,-9.219817161560058594e+00,-4.479321479797363281e+00,-5.247054100036621094e+00,-3.184314727783203125e+00
-4.443103790283203125e+00,-8.084323883056640625e+00,-9.891333580017089844e+00,-5.565351009368896484e+00,-9.220937728881835938e+00,-4.390145301818847656e+00,-5.255178451538085938e+00,-3.228267192840576172e+00
-4.427545547485351562e+00,-8.053684234619140625e+00,-1.034176921844482422e+01,-5.568376541137695312e+00,-9.231017112731933594e+00,-4.479573249816894531e+00,-5.229697704315185547e+00,-3.175961971282958984e+00
-4.385225296020507812e+00,-8.563449859619140625e+00,-1.056575965881347656e+01,-5.512849330902099609e+00,-8.668216705322265625e+00,-1.836949110031127930e+00,-5.481993675231933594e+00,-2.929281949996948242e+00
-4.286403656005859375e+00,-8.269910812377929688e+00,-1.067095375061035156e+01,-5.505930423736572266e+00,-8.689323425292968750e+00,-4.530847549438476562e+00,-5.834928989410400391e+00,-2.855788230895996094e+00
-4.298182487487792969e+00,-9.151133537292480469e+00,-1.009416675567626953e+01,-4.926661968231201172e+00,-8.063238143920898438e+00,-2.602401971817016602e+00,-5.536819934844970703e+00,-4.007039546966552734e+00
-4.102941036224365234e+00,-7.770379066467285156e+00,-1.044644737243652344e+01,-5.556730747222900391e+00,-8.884701728820800781e+00,-1.858115553855895996e+00,-5.254932880401611328e+00,-2.991870164871215820e+00
-3.883532524108886719e+00,-7.511292457580566406e+00,-9.997537612915039062e+00,-5.584610462188720703e+00,-9.247050285339355469e+00,-1.641657352447509766e+00,-5.684933662414550781e+00,-2.852538585662841797e+00
-4.072888374328613281e+00,-8.086559295654296875e+00,-1.046909141540527344e+01,-5.568755149841308594e+00,-8.625363349914550781e+00,-2.243412733078002930e+00,-5.648606300354003906e+00,-2.715968608856201172e+00
-4.509042739868164062e+00,-7.998538970947265625e+00,-1.061578369140625000e+01,-5.509027481079101562e+00,-9.246823310852050781e+00,-4.225048542022705078e+00,-5.460174083709716797e+00,-3.096968650817871094e+00
-4.493317127227783203e+00,-8.083054542541503906e+00,-1.065373706817626953e+01,-5.521820545196533203e+00,-9.168712615966796875e+00,-4.271615982055664062e+00,-5.432077884674072266e+00,-3.047858238220214844e+00
-4.098048210144042969e+00,-6.942873001098632812e+00,-9.695597648620605469e+00,-5.949211120605468750e+00,-9.895702362060546875e+00,-1.417971730232238770e+00,-3.540923595428466797e+00,-1.178346633911132812e+00
-4.591566562652587891e+00,-6.661512374877929688e+00,-9.774473190307617188e+00,-6.395114421844482422e+00,-1.010622119903564453e+01,-9.366903305053710938e-01,-2.890817165374755859e+00,-7.046103477478027344e-01
-3.891710519790649414e+00,-6.594313144683837891e+00,-9.530560493469238281e+00,-6.208385467529296875e+00,-9.974715232849121094e+00,-9.167593717575073242e-01,-2.901027441024780273e+00,-5.495545864105224609e-01
-3.994224071502685547e+00,-7.745862007141113281e+00,-1.007985591888427734e+01,-5.830224990844726562e+00,-9.834495544433593750e+00,-4.233263015747070312e+00,-4.618975639343261719e+00,-3.467334270477294922e+00
-3.779980182647705078e+00,-6.764240264892578125e+00,-9.994935989379882812e+00,-6.058171272277832031e+00,-1.010999393463134766e+01,-1.533722400665283203e+00,-3.035470724105834961e+00,-3.495341300964355469e+00
-3.863056182861328125e+00,-7.247273445129394531e+00,-1.026367378234863281e+01,-2.923936843872070312e+00,-6.347009658813476562e+00,-3.406287670135498047e+00,-4.362936973571777344e+00,-3.918272018432617188e+00
-2.908328533172607422e+00,-7.182555198669433594e+00,-9.812247276306152344e+00,-2.761837720870971680e+00,-5.962177753448486328e+00,-3.078337907791137695e+00,-3.637538433074951172e+00,-3.586199522018432617e+00
-2.526463985443115234e+00,-7.141539573669433594e+00,-9.586833953857421875e+00,-2.484918594360351562e+00,-5.836475372314453125e+00,-2.585886478424072266e+00,-3.431309461593627930e+00,-4.005197048187255859e+00
-2.994484424591064453e+00,-7.183188915252685547e+00,-9.834877967834472656e+00,-2.786756515502929688e+00,-5.977222919464111328e+00,-2.819905519485473633e+00,-3.658138275146484375e+00,-3.556272029876708984e+00
-2.720654964447021484e+00,-7.160357475280761719e+00,-9.756019592285156250e+00,-2.678488731384277344e+00,-5.933271884918212891e+00,-2.924319982528686523e+00,-3.491925477981567383e+00,-3.591285228729248047e+00
-3.106101274490356445e+00,-7.164281845092773438e+00,-9.853446960449218750e+00,-2.784281253814697266e+00,-5.963557720184326172e+00,-2.623816967010498047e+00,-3.710800886154174805e+00,-3.495062351226806641e+00
-2.512093067169189453e+00,-7.131430625915527344e+00,-9.590240478515625000e+00,-2.483608484268188477e+00,-5.837606906890869141e+00,-2.630817890167236328e+00,-3.420201063156127930e+00,-4.012325763702392578e+00
-2.572827100753784180e+00,-7.240585803985595703e+00,-9.695576667785644531e+00,-2.525010108947753906e+00,-5.857018947601318359e+00,-2.617557048797607422e+00,-3.484067440032958984e+00,-4.026223182678222656e+00
-2.523616552352905273e+00,-7.141866683959960938e+00,-9.589748382568359375e+00,-2.494478225708007812e+00,-5.836576461791992188e+00,-2.607950687408447266e+00,-3.437787771224975586e+00,-4.005276679992675781e+00
-2.466917753219604492e+00,-7.068223953247070312e+00,-9.492135047912597656e+00,-2.474242687225341797e+00,-5.821871757507324219e+00,-2.571032285690307617e+00,-3.409713268280029297e+00,-3.995985031127929688e+00
-2.609696149826049805e+00,-7.294188022613525391e+00,-9.767572402954101562e+00,-2.555976629257202148e+00,-5.868223667144775391e+00,-2.603147506713867188e+00,-3.513373136520385742e+00,-4.021823406219482422e+00
-2.425312280654907227e+00,-7.028429031372070312e+00,-9.430400848388671875e+00,-2.459057331085205078e+00,-5.812248706817626953e+00,-2.563058853149414062e+00,-3.381890296936035156e+00,-3.967488288879394531e+00
-2.408888816833496094e+00,-6.975448608398437500e+00,-9.427115440368652344e+00,-2.443971157073974609e+00,-5.805669784545898438e+00,-2.571580171585083008e+00,-3.363887786865234375e+00,-3.966256618499755859e+00
-3.906746387481689453e+00,-7.915629386901855469e+00,-1.118007659912109375e+01,-4.468466281890869141e+00,-7.691025733947753906e+00,-4.400671005249023438e+00,-4.290707111358642578e+00,-3.736545801162719727e+00
-3.730802536010742188e+00,-7.782893657684326172e+00,-1.096874046325683594e+01,-3.285559177398681641e+00,-7.820425033569335938e+00,-4.283752441406250000e+00,-3.951384544372558594e+00,-3.893171310424804688e+00
-3.924576044082641602e+00,-7.878203392028808594e+00,-1.131934738159179688e+01,-4.489845752716064453e+00,-7.594793319702148438e+00,-4.389980792999267578e+00,-4.317343711853027344e+00,-3.720239639282226562e+00
-3.891152858734130859e+00,-7.936115264892578125e+00,-1.128708648681640625e+01,-4.479078292846679688e+00,-7.626803398132324219e+00,-4.525049209594726562e+00,-4.234068393707275391e+00,-3.801222562789916992e+00
-3.790411710739135742e+00,-7.399267196655273438e+00,-1.083233261108398438e+01,-2.977471828460693359e+00,-6.581194877624511719e+00,-2.186272382736206055e+00,-3.990995883941650391e+00,-3.857919692993164062e+00
-3.974113464355468750e+00,-7.117815494537353516e+00,-1.068837356567382812e+01,-2.603699684143066406e+00,-6.563907146453857422e+00,-1.520148158073425293e+00,-3.714212179183959961e+00,-4.227923393249511719e+00
-3.925224065780639648e+00,-7.529656410217285156e+00,-1.078441619873046875e+01,-2.868870019912719727e+00,-6.546999931335449219e+00,-2.069657802581787109e+00,-4.104483127593994141e+00,-3.994007110595703125e+00
-3.451316118240356445e+00,-6.586421966552734375e+00,-9.853873252868652344e+00,-1.971714496612548828e+00,-6.469235420227050781e+00,-1.303114891052246094e+00,-3.204573154449462891e+00,-4.119035720825195312e+00
-4.359123229980468750e+00,-6.323918819427490234e+00,-1.038661289215087891e+01,-1.532895565032958984e+00,-6.995847702026367188e+00,-8.305474519729614258e-01,-3.122832059860229492e+00,-4.499521732330322266e+00
-3.867257833480834961e+00,-7.875144958496093750e+00,-1.107113075256347656e+01,-3.624435663223266602e+00,-7.007674217224121094e+00,-3.150445938110351562e+00,-4.387513160705566406e+00,-3.695152282714843750e+00
-4.008227348327636719e+00,-6.121762275695800781e+00,-1.023944854736328125e+01,-1.300792217254638672e+00,-7.050652980804443359e+00,-7.135590314865112305e-01,-2.744009256362915039e+00,-4.521496295928955078e+00
-3.828609228134155273e+00,-6.257143497467041016e+00,-1.009270095825195312e+01,-1.748625278472900391e+00,-6.839636802673339844e+00,-9.204151630401611328e-01,-3.071374893188476562e+00,-4.399780273437500000e+00
-3.886575937271118164e+00,-6.214141845703125000e+00,-1.016260337829589844e+01,-1.552235364913940430e+00,-6.929825305938720703e+00,-8.486436605453491211e-01,-2.926131486892700195e+00,-4.457626819610595703e+00
-3.901610374450683594e+00,-7.461812019348144531e+00,-1.126452445983886719e+01,-4.595127105712890625e+00,-7.633425712585449219e+00,-3.799431324005126953e+00,-4.427165031433105469e+00,-4.086134910583496094e+00
-2.872231006622314453e+00,-7.198881149291992188e+00,-1.091988372802734375e+01,-4.085315704345703125e+00,-7.292304992675781250e+00,-3.738667964935302734e+00,-4.161640167236328125e+00,-3.881469249725341797e+00
-4.037342071533203125e+00,-8.088436126708984375e+00,-1.061940574645996094e+01,-4.501917362213134766e+00,-7.308183670043945312e+00,-2.756790399551391602e+00,-4.629609107971191406e+00,-3.193359375000000000e+00
-2.924242496490478516e+00,-7.076324462890625000e+00,-1.007691001892089844e+01,-2.521920204162597656e+00,-7.439481735229492188e+00,-1.507243156433105469e+00,-3.415660858154296875e+00,-4.056775093078613281e+00
-3.332932233810424805e+00,-7.801516532897949219e+00,-1.058115959167480469e+01,-4.557184696197509766e+00,-8.031872749328613281e+00,-4.445182323455810547e+00,-3.851231575012207031e+00,-4.107225894927978516e+00
-2.741091728210449219e+00,-7.235411167144775391e+00,-9.936851501464843750e+00,-3.040755271911621094e+00,-7.060614585876464844e+00,-3.223113536834716797e+00,-3.382219552993774414e+00,-4.163063526153564453e+00
-1.353372097015380859e+00,-6.637707233428955078e+00,-7.796748161315917969e+00,-2.178077220916748047e+00,-5.726731777191162109e+00,-3.445737600326538086e+00,-2.266595602035522461e+00,-3.240607500076293945e+00
-1.140340566635131836e+00,-6.925127983093261719e+00,-8.917306900024414062e+00,-2.538527965545654297e+00,-6.126343250274658203e+00,-2.154208421707153320e+00,-3.144949436187744141e+00,-3.296775341033935547e+00
-1.326846957206726074e+00,-6.563363552093505859e+00,-8.437336921691894531e+00,-2.755370140075683594e+00,-8.988294601440429688e+00,-1.877133607864379883e+00,-2.867705106735229492e+00,-3.765751600265502930e+00
-1.389603734016418457e+00,-6.658891201019287109e+00,-8.831296920776367188e+00,-2.329156160354614258e+00,-5.729589939117431641e+00,-3.086898326873779297e+00,-2.593399524688720703e+00,-3.258032321929931641e+00
-1.221382737159729004e+00,-6.965738296508789062e+00,-8.880121231079101562e+00,-2.600940942764282227e+00,-6.091485977172851562e+00,-2.219626188278198242e+00,-3.397929430007934570e+00,-3.271892070770263672e+00
-2.938706636428833008e+00,-7.572731971740722656e+00,-1.057050514221191406e+01,-3.791577339172363281e+00,-8.349454879760742188e+00,-3.573541164398193359e+00,-3.704541683197021484e+00,-4.513610363006591797e+00
-1.138121724128723145e+00,-6.868566513061523438e+00,-8.750075340270996094e+00,-2.472755432128906250e+00,-5.847234725952148438e+00,-2.163372993469238281e+00,-2.927377223968505859e+00,-3.238464355468750000e+00
-2.723450183868408203e+00,-7.077743530273437500e+00,-9.855955123901367188e+00,-2.311642169952392578e+00,-5.875191688537597656e+00,-2.621907234191894531e+00,-3.546107292175292969e+00,-4.067239284515380859e+00
-3.115131139755249023e+00,-6.848759174346923828e+00,-9.834815979003906250e+00,-2.137155055999755859e+00,-6.204882144927978516e+00,-1.959487915039062500e+00,-3.605387926101684570e+00,-4.240263938903808594e+00
-3.520974874496459961e+00,-7.093532562255859375e+00,-1.005022144317626953e+01,-2.558535575866699219e+00,-6.008443355560302734e+00,-2.090193271636962891e+00,-3.744655132293701172e+00,-4.267402648925781250e+00
-3.303425550460815430e+00,-7.058720111846923828e+00,-9.932872772216796875e+00,-2.842948436737060547e+00,-6.007215023040771484e+00,-2.342713832855224609e+00,-3.621194124221801758e+00,-4.279317855834960938e+00
-2.986754894256591797e+00,-6.920252799987792969e+00,-9.857272148132324219e+00,-2.047884702682495117e+00,-5.907746791839599609e+00,-2.008361339569091797e+00,-3.653310060501098633e+00,-4.148653030395507812e+00
-3.221664190292358398e+00,-7.103043556213378906e+00,-9.915746688842773438e+00,-2.323391437530517578e+00,-5.913978576660156250e+00,-2.153096437454223633e+00,-3.660105705261230469e+00,-4.175142288208007812e+00
-4.026145935058593750e+00,-7.791917800903320312e+00,-1.030537986755371094e+01,-4.093713283538818359e+00,-6.188564777374267578e+00,-1.703269720077514648e+00,-4.447266578674316406e+00,-4.184943675994873047e+00
-2.773928165435791016e+00,-7.223159790039062500e+00,-9.860206604003906250e+00,-2.457463264465332031e+00,-5.954832077026367188e+00,-2.671579837799072266e+00,-3.672393798828125000e+00,-4.040694236755371094e+00
-3.292098283767700195e+00,-7.231356143951416016e+00,-9.937913894653320312e+00,-2.381991863250732422e+00,-5.929882526397705078e+00,-2.065837860107421875e+00,-3.797398090362548828e+00,-4.045276165008544922e+00
-2.799215316772460938e+00,-7.273276329040527344e+00,-9.870304107666015625e+00,-2.494507789611816406e+00,-5.947167396545410156e+00,-2.669562816619873047e+00,-3.691901206970214844e+00,-4.006937026977539062e+00
-3.848503112792968750e+00,-7.707892417907714844e+00,-1.040321922302246094e+01,-4.041355609893798828e+00,-6.107670783996582031e+00,-1.771631479263305664e+00,-4.210536003112792969e+00,-4.179243087768554688e+00
-5.436600208282470703e+00,-6.714213371276855469e+00,-1.060380554199218750e+01,-6.310974121093750000e+00,-1.012636375427246094e+01,-8.515782356262207031e-01,-2.817724704742431641e+00,-7.042685747146606445e-01
-4.351741313934326172e+00,-8.039051055908203125e+00,-1.080569076538085938e+01,-4.135437965393066406e+00,-6.422692298889160156e+00,-1.549409627914428711e+00,-4.567920207977294922e+00,-3.766208171844482422e+00
-2.761179924011230469e+00,-7.335073471069335938e+00,-9.876455307006835938e+00,-2.586771011352539062e+00,-5.909897327423095703e+00,-2.650424480438232422e+00,-3.620133638381958008e+00,-4.051531791687011719e+00
-2.743703603744506836e+00,-7.348722934722900391e+00,-9.855133056640625000e+00,-2.581162452697753906e+00,-5.919510841369628906e+00,-2.636364221572875977e+00,-3.612177848815917969e+00,-4.035379409790039062e+00
-2.759131431579589844e+00,-7.341436862945556641e+00,-9.886769294738769531e+00,-2.581658840179443359e+00,-5.909580707550048828e+00,-2.633501529693603516e+00,-3.618772506713867188e+00,-4.046580791473388672e+00
-2.751852512359619141e+00,-7.379490852355957031e+00,-9.864160537719726562e+00,-2.573524951934814453e+00,-5.900338172912597656e+00,-2.582785367965698242e+00,-3.587877035140991211e+00,-4.026719093322753906e+00
-2.738183498382568359e+00,-7.326079368591308594e+00,-9.870679855346679688e+00,-2.584690809249877930e+00,-5.919052124023437500e+00,-2.653251171112060547e+00,-3.626109361648559570e+00,-4.052446365356445312e+00
-2.663301229476928711e+00,-7.289313316345214844e+00,-9.828146934509277344e+00,-2.564803600311279297e+00,-5.907920837402343750e+00,-2.667436599731445312e+00,-3.568196296691894531e+00,-4.052513122558593750e+00
-2.681147098541259766e+00,-7.295216083526611328e+00,-9.828823089599609375e+00,-2.571312904357910156e+00,-5.906779289245605469e+00,-2.669031381607055664e+00,-3.580105543136596680e+00,-4.052373409271240234e+00
-2.709276914596557617e+00,-7.302000045776367188e+00,-9.841402053833007812e+00,-2.579704046249389648e+00,-5.911189556121826172e+00,-2.678122043609619141e+00,-3.596599817276000977e+00,-4.062179565429687500e+00
-3.272674560546875000e+00,-7.120601654052734375e+00,-1.002251720428466797e+01,-2.641167640686035156e+00,-5.908524513244628906e+00,-1.880262970924377441e+00,-3.723799943923950195e+00,-3.620452404022216797e+00
-2.679816484451293945e+00,-7.300769805908203125e+00,-9.817434310913085938e+00,-2.575913906097412109e+00,-5.904979228973388672e+00,-2.670668601989746094e+00,-3.575531482696533203e+00,-4.052213668823242188e+00
-2.716812610626220703e+00,-7.318931579589843750e+00,-9.840248107910156250e+00,-2.582494258880615234e+00,-5.913057327270507812e+00,-2.656771421432495117e+00,-3.617366075515747070e+00,-4.050746917724609375e+00
-2.647639513015747070e+00,-7.292564392089843750e+00,-9.809689521789550781e+00,-2.567044734954833984e+00,-5.905368328094482422e+00,-2.666831254959106445e+00,-3.555801630020141602e+00,-4.047360420227050781e+00
-2.705671072006225586e+00,-7.318295478820800781e+00,-9.826002120971679688e+00,-2.580321311950683594e+00,-5.911131858825683594e+00,-2.655780315399169922e+00,-3.607138156890869141e+00,-4.048360347747802734e+00
-4.079765319824218750e+00,-7.769070148468017578e+00,-1.136081695556640625e+01,-4.648429393768310547e+00,-7.560886859893798828e+00,-4.546213150024414062e+00,-4.367285251617431641e+00,-3.837615013122558594e+00
-4.072019577026367188e+00,-7.742314338684082031e+00,-1.135168457031250000e+01,-4.658245563507080078e+00,-7.567876815795898438e+00,-4.545743465423583984e+00,-4.331901550292968750e+00,-3.839555740356445312e+00
-4.086273670196533203e+00,-7.802853584289550781e+00,-1.130388545989990234e+01,-4.697784423828125000e+00,-7.562278747558593750e+00,-4.645299911499023438e+00,-4.268751621246337891e+00,-3.908266544342041016e+00
-4.090260982513427734e+00,-7.726429939270019531e+00,-1.135653686523437500e+01,-4.665569782257080078e+00,-7.669626235961914062e+00,-4.482799053192138672e+00,-4.271151065826416016e+00,-3.851948022842407227e+00
-4.018723487854003906e+00,-7.644285202026367188e+00,-1.132538414001464844e+01,-4.691684722900390625e+00,-7.707271575927734375e+00,-4.435616493225097656e+00,-4.207175731658935547e+00,-3.881815910339355469e+00
-4.065597057342529297e+00,-7.740690231323242188e+00,-1.135221481323242188e+01,-4.638196945190429688e+00,-7.672602176666259766e+00,-4.416380882263183594e+00,-4.290747165679931641e+00,-3.829469680786132812e+00
-4.017477035522460938e+00,-7.693324089050292969e+00,-1.135267639160156250e+01,-4.658007621765136719e+00,-7.611759185791015625e+00,-4.431560516357421875e+00,-4.335642814636230469e+00,-3.837959527969360352e+00
-4.075987815856933594e+00,-7.692660331726074219e+00,-1.138183784484863281e+01,-4.666734218597412109e+00,-7.596145153045654297e+00,-4.473775863647460938e+00,-4.266789913177490234e+00,-3.836296558380126953e+00
-4.066142082214355469e+00,-7.738423824310302734e+00,-1.135055541992187500e+01,-4.639424800872802734e+00,-7.681449413299560547e+00,-4.408810615539550781e+00,-4.287572860717773438e+00,-3.831002235412597656e+00
-4.087873458862304688e+00,-7.692646980285644531e+00,-1.136724472045898438e+01,-4.684342384338378906e+00,-7.651483535766601562e+00,-4.528532505035400391e+00,-4.244791030883789062e+00,-3.879141330718994141e+00
-4.044065952301025391e+00,-7.729383468627929688e+00,-1.136580753326416016e+01,-4.647145271301269531e+00,-7.577559947967529297e+00,-4.464792251586914062e+00,-4.348496437072753906e+00,-3.825353622436523438e+00
-4.105813026428222656e+00,-7.801934719085693359e+00,-1.139505767822265625e+01,-4.653966903686523438e+00,-7.637652397155761719e+00,-4.520151138305664062e+00,-4.340319633483886719e+00,-3.848349571228027344e+00
-4.015300750732421875e+00,-7.674479007720947266e+00,-1.135441207885742188e+01,-4.680042743682861328e+00,-7.611130714416503906e+00,-4.569176673889160156e+00,-4.247816562652587891e+00,-3.822424888610839844e+00
-4.218218326568603516e+00,-8.108634948730468750e+00,-1.037857437133789062e+01,-5.364386558532714844e+00,-8.992832183837890625e+00,-4.521808624267578125e+00,-5.431092262268066406e+00,-3.132907390594482422e+00
-4.269944190979003906e+00,-8.076381683349609375e+00,-1.031002426147460938e+01,-5.465093612670898438e+00,-9.051939964294433594e+00,-4.409630775451660156e+00,-5.319369792938232422e+00,-3.183256149291992188e+00
-4.322366714477539062e+00,-8.061970710754394531e+00,-1.015693378448486328e+01,-5.512232780456542969e+00,-9.124885559082031250e+00,-4.452584266662597656e+00,-5.343434333801269531e+00,-3.076265335083007812e+00
-3.916430950164794922e+00,-7.793673038482666016e+00,-9.934623718261718750e+00,-4.986143112182617188e+00,-8.616255760192871094e+00,-4.543549060821533203e+00,-5.498999595642089844e+00,-3.157950401306152344e+00
-4.156699180603027344e+00,-8.227346420288085938e+00,-1.032848930358886719e+01,-5.465922355651855469e+00,-9.072650909423828125e+00,-4.464367389678955078e+00,-5.286749839782714844e+00,-3.231128692626953125e+00
-3.660700321197509766e+00,-7.276504516601562500e+00,-1.131454658508300781e+01,-4.546371459960937500e+00,-7.471742630004882812e+00,-4.633672237396240234e+00,-4.230014324188232422e+00,-3.856634140014648438e+00
-3.151406049728393555e+00,-7.382987499237060547e+00,-1.080430603027343750e+01,-4.212479114532470703e+00,-7.588855743408203125e+00,-3.750988960266113281e+00,-4.262362480163574219e+00,-4.125143527984619141e+00
-4.025307178497314453e+00,-7.577465057373046875e+00,-1.097526359558105469e+01,-4.932270050048828125e+00,-8.016703605651855469e+00,-2.922641992568969727e+00,-4.241788864135742188e+00,-3.444149971008300781e+00
-4.241857528686523438e+00,-8.196725845336914062e+00,-1.059173011779785156e+01,-5.301374435424804688e+00,-8.796485900878906250e+00,-4.128540992736816406e+00,-5.051821231842041016e+00,-3.405201435089111328e+00
-2.464063167572021484e+00,-7.760922431945800781e+00,-9.860149383544921875e+00,-4.083257198333740234e+00,-7.274734973907470703e+00,-4.360138416290283203e+00,-3.937793970108032227e+00,-3.638189792633056641e+00
-1.274832248687744141e+00,-6.906694889068603516e+00,-9.306051254272460938e+00,-2.480256557464599609e+00,-6.149380683898925781e+00,-1.849255561828613281e+00,-3.049926280975341797e+00,-3.524448871612548828e+00
-1.499616622924804688e+00,-6.581850528717041016e+00,-9.201958656311035156e+00,-2.437736511230468750e+00,-6.492890357971191406e+00,-1.816306591033935547e+00,-2.803757190704345703e+00,-3.583790779113769531e+00
-3.982203245162963867e+00,-7.757995128631591797e+00,-1.085335731506347656e+01,-4.230373382568359375e+00,-7.180482387542724609e+00,-1.677736520767211914e+00,-4.297908306121826172e+00,-4.493880271911621094e+00
-1.662439227104187012e+00,-6.754065513610839844e+00,-8.446060180664062500e+00,-2.386532783508300781e+00,-5.637161731719970703e+00,-3.219995498657226562e+00,-2.783863782882690430e+00,-2.962302684783935547e+00
-2.824314117431640625e+00,-6.658736228942871094e+00,-9.012907981872558594e+00,-5.005109786987304688e+00,-8.627818107604980469e+00,-1.138614654541015625e+00,-6.585806846618652344e+00,-3.839663028717041016e+00
-8.675022721290588379e-01,-6.705156803131103516e+00,-7.721657276153564453e+00,-2.163274765014648438e+00,-5.706233978271484375e+00,-2.798816919326782227e+00,-2.322096824645996094e+00,-3.190710067749023438e+00
-1.764735221862792969e+00,-7.517748832702636719e+00,-7.981146335601806641e+00,-3.073775768280029297e+00,-6.383917808532714844e+00,-2.443906068801879883e+00,-4.359841823577880859e+00,-2.766315221786499023e+00
-1.109699964523315430e+00,-6.403971195220947266e+00,-7.768160820007324219e+00,-1.876129388809204102e+00,-5.618080139160156250e+00,-3.330532073974609375e+00,-1.777097940444946289e+00,-2.873107910156250000e+00
-1.603806257247924805e+00,-5.050213813781738281e+00,-6.342016220092773438e+00,-4.442055225372314453e+00,-5.993683338165283203e+00,4.601712226867675781e-01,-6.780832290649414062e+00,-3.176414489746093750e+00
-1.146363973617553711e+00,-6.473329067230224609e+00,-7.844429969787597656e+00,-1.841511607170104980e+00,-5.595746517181396484e+00,-3.324964761734008789e+00,-1.724496483802795410e+00,-2.796948909759521484e+00
-2.518749713897705078e+00,-7.353916645050048828e+00,-8.786883354187011719e+00,-4.488955020904541016e+00,-8.217014312744140625e+00,-1.420726895332336426e+00,-5.047072887420654297e+00,-3.275483131408691406e+00
-1.905708432197570801e+00,-7.571434497833251953e+00,-8.365830421447753906e+00,-3.069991588592529297e+00,-6.094623565673828125e+00,-2.612040519714355469e+00,-3.945291280746459961e+00,-2.835443735122680664e+00
-1.340924739837646484e+00,-6.984045982360839844e+00,-8.566015243530273438e+00,-2.645882368087768555e+00,-5.759788513183593750e+00,-2.884993553161621094e+00,-2.997803211212158203e+00,-2.944054126739501953e+00
-1.469630599021911621e+00,-6.589060783386230469e+00,-8.207435607910156250e+00,-2.138562202453613281e+00,-5.632088184356689453e+00,-3.494837999343872070e+00,-2.308990716934204102e+00,-3.015330791473388672e+00
-1.660186052322387695e+00,-6.687985420227050781e+00,-8.476651191711425781e+00,-2.331386566162109375e+00,-5.640057086944580078e+00,-3.534812450408935547e+00,-2.602493762969970703e+00,-2.880853652954101562e+00
-2.080155849456787109e+00,-7.833213806152343750e+00,-1.032548713684082031e+01,-4.813276767730712891e+00,-9.316009521484375000e+00,-4.337994575500488281e+00,-5.137680530548095703e+00,-3.425256252288818359e+00
-1.342368841171264648e+00,-7.233855247497558594e+00,-8.939918518066406250e+00,-3.416090965270996094e+00,-6.898836135864257812e+00,-2.005024909973144531e+00,-3.540739774703979492e+00,-2.531637430191040039e+00
-4.155421257019042969e+00,-8.204202651977539062e+00,-1.116404247283935547e+01,-4.843847751617431641e+00,-8.388061523437500000e+00,-2.354581832885742188e+00,-5.028171539306640625e+00,-2.954143047332763672e+00
-4.249058723449707031e+00,-8.510655403137207031e+00,-1.100607872009277344e+01,-5.347341537475585938e+00,-9.345804214477539062e+00,-4.385882377624511719e+00,-5.170455455780029297e+00,-3.338902950286865234e+00
-4.018874645233154297e+00,-8.183163642883300781e+00,-1.003731250762939453e+01,-5.521173954010009766e+00,-8.319351196289062500e+00,-4.611209392547607422e+00,-5.856256484985351562e+00,-3.517916679382324219e+00
-2.595272064208984375e+00,-6.898888587951660156e+00,-9.513490676879882812e+00,-4.450448513031005859e+00,-7.842425823211669922e+00,-3.119736671447753906e+00,-4.220282554626464844e+00,-3.870298385620117188e+00
-3.996981859207153320e+00,-7.764204978942871094e+00,-1.075398826599121094e+01,-4.564725399017333984e+00,-7.242094516754150391e+00,-1.694097042083740234e+00,-4.529736042022705078e+00,-2.358566999435424805e+00
-1.208377957344055176e+00,-6.583724498748779297e+00,-8.688901901245117188e+00,-2.257107973098754883e+00,-5.735531330108642578e+00,-2.789221048355102539e+00,-2.683122873306274414e+00,-3.334607601165771484e+00
-1.202264308929443359e+00,-6.842307567596435547e+00,-8.705810546875000000e+00,-2.455049037933349609e+00,-5.702377796173095703e+00,-2.461406469345092773e+00,-2.821743249893188477e+00,-3.279614925384521484e+00
-1.282852053642272949e+00,-6.596573829650878906e+00,-8.997326850891113281e+00,-2.828187227249145508e+00,-7.958001136779785156e+00,-1.821233510971069336e+00,-2.687709569931030273e+00,-3.745747327804565430e+00
-1.362691164016723633e+00,-6.899483680725097656e+00,-9.295104980468750000e+00,-2.827593803405761719e+00,-6.465110301971435547e+00,-2.821506977081298828e+00,-3.714951038360595703e+00,-3.135291576385498047e+00
-1.102453470230102539e+00,-6.800471782684326172e+00,-8.757076263427734375e+00,-2.451562643051147461e+00,-5.930623054504394531e+00,-2.123085260391235352e+00,-2.949073076248168945e+00,-3.227115631103515625e+00
-1.293404817581176758e+00,-6.300982475280761719e+00,-8.444963455200195312e+00,-3.242971897125244141e+00,-1.022753524780273438e+01,-1.070616960525512695e+00,-1.793314814567565918e+00,-4.118938922882080078e+00
-4.009171962738037109e+00,-6.153189659118652344e+00,-1.070813274383544922e+01,-5.982666969299316406e+00,-1.178354835510253906e+01,-1.786377668380737305e+00,-3.397793054580688477e+00,-4.889712333679199219e+00
-2.972149610519409180e+00,-8.551527023315429688e+00,-8.666254043579101562e+00,-4.515444755554199219e+00,-8.391756057739257812e+00,-4.609327793121337891e+00,-6.514301776885986328e+00,-3.763035774230957031e+00
-2.784945487976074219e+00,-8.040760993957519531e+00,-8.912927627563476562e+00,-3.429656028747558594e+00,-7.638185024261474609e+00,-4.270220756530761719e+00,-6.762761116027832031e+00,-4.169766426086425781e+00
-2.495780706405639648e+00,-7.186686038970947266e+00,-9.335384368896484375e+00,-2.561635017395019531e+00,-5.818748474121093750e+00,-2.446803331375122070e+00,-3.450011253356933594e+00,-3.961263656616210938e+00
-2.463723421096801758e+00,-7.096174240112304688e+00,-9.516263008117675781e+00,-2.498175144195556641e+00,-5.831977367401123047e+00,-2.706388950347900391e+00,-3.350687980651855469e+00,-3.928166866302490234e+00
-3.020125389099121094e+00,-7.628664970397949219e+00,-8.703658103942871094e+00,-3.491912126541137695e+00,-7.490284919738769531e+00,-2.440877199172973633e+00,-5.788528919219970703e+00,-4.690016746520996094e+00
-3.377078294754028320e+00,-7.441442966461181641e+00,-9.694175720214843750e+00,-2.778210639953613281e+00,-8.334719657897949219e+00,-1.525078535079956055e+00,-4.251610755920410156e+00,-4.676538944244384766e+00
-2.429479598999023438e+00,-7.087662220001220703e+00,-9.413787841796875000e+00,-2.531928062438964844e+00,-5.833025932312011719e+00,-2.654413223266601562e+00,-3.355228424072265625e+00,-3.935677528381347656e+00
-2.408793449401855469e+00,-7.122904300689697266e+00,-9.232355117797851562e+00,-2.631395339965820312e+00,-5.918090343475341797e+00,-2.703145503997802734e+00,-3.377524852752685547e+00,-3.921193599700927734e+00
-2.917053461074829102e+00,-8.116366386413574219e+00,-9.131292343139648438e+00,-4.208276271820068359e+00,-7.265182495117187500e+00,-4.120664596557617188e+00,-4.917593002319335938e+00,-4.153856754302978516e+00
-2.238489627838134766e+00,-7.272085666656494141e+00,-9.517503738403320312e+00,-3.108854055404663086e+00,-7.393584728240966797e+00,-2.563005208969116211e+00,-3.876708984375000000e+00,-4.179370880126953125e+00
-2.034998893737792969e+00,-7.246707916259765625e+00,-9.733798027038574219e+00,-3.677354574203491211e+00,-8.600302696228027344e+00,-3.180349349975585938e+00,-3.977822303771972656e+00,-3.855434417724609375e+00
-2.405782461166381836e+00,-7.530874252319335938e+00,-9.776041030883789062e+00,-3.862946033477783203e+00,-7.756261825561523438e+00,-2.965562343597412109e+00,-3.949450731277465820e+00,-3.680010318756103516e+00
-1.781764984130859375e+00,-7.068799018859863281e+00,-9.501861572265625000e+00,-3.667727947235107422e+00,-8.916215896606445312e+00,-3.036539554595947266e+00,-4.062851905822753906e+00,-3.675611019134521484e+00
-4.406237602233886719e+00,-7.960165977478027344e+00,-1.031530952453613281e+01,-5.545960426330566406e+00,-9.259092330932617188e+00,-4.466444969177246094e+00,-5.288549423217773438e+00,-3.173023700714111328e+00
-2.410881519317626953e+00,-7.041633605957031250e+00,-9.344640731811523438e+00,-2.985596418380737305e+00,-6.373715400695800781e+00,-3.708034038543701172e+00,-3.437959194183349609e+00,-3.051175594329833984e+00
-3.614189386367797852e+00,-7.687144756317138672e+00,-1.049001121520996094e+01,-4.410246849060058594e+00,-7.159940242767333984e+00,-1.672424793243408203e+00,-3.922041177749633789e+00,-2.028296947479248047e+00
-1.689625024795532227e+00,-7.215833663940429688e+00,-9.113392829895019531e+00,-2.738985061645507812e+00,-5.705527782440185547e+00,-1.970179677009582520e+00,-3.394481897354125977e+00,-3.098462104797363281e+00
-2.137969255447387695e+00,-6.954635143280029297e+00,-9.636566162109375000e+00,-4.152102947235107422e+00,-7.547231197357177734e+00,-3.779237270355224609e+00,-3.463231325149536133e+00,-3.948688983917236328e+00
-2.590461730957031250e+00,-6.661024093627929688e+00,-9.581369400024414062e+00,-3.828439950942993164e+00,-7.311703205108642578e+00,-3.885435581207275391e+00,-3.786596298217773438e+00,-3.586121082305908203e+00
-2.087014436721801758e+00,-8.000908851623535156e+00,-8.855317115783691406e+00,-4.046602725982666016e+00,-6.538789272308349609e+00,-3.201370716094970703e+00,-3.997076034545898438e+00,-3.616321325302124023e+00
-4.033124923706054688e+00,-7.843109130859375000e+00,-9.803618431091308594e+00,-4.435722351074218750e+00,-7.607966899871826172e+00,-1.470973610877990723e+00,-4.816627502441406250e+00,-2.672605514526367188e+00
-1.160526990890502930e+00,-6.946270465850830078e+00,-8.661839485168457031e+00,-2.527329921722412109e+00,-5.964047431945800781e+00,-2.153403997421264648e+00,-3.059155225753784180e+00,-3.295762538909912109e+00
-1.968601465225219727e+00,-7.926506996154785156e+00,-8.466008186340332031e+00,-3.086629629135131836e+00,-6.090912342071533203e+00,-2.398976802825927734e+00,-4.150783538818359375e+00,-2.968788146972656250e+00
-1.291584491729736328e+00,-6.961298942565917969e+00,-8.542159080505371094e+00,-2.561602592468261719e+00,-5.611021041870117188e+00,-2.283950805664062500e+00,-3.008913516998291016e+00,-3.144660234451293945e+00
-8.861914873123168945e-01,-6.619534969329833984e+00,-7.748942852020263672e+00,-2.223251819610595703e+00,-5.946198463439941406e+00,-2.988025188446044922e+00,-2.444393873214721680e+00,-3.216362714767456055e+00
-2.075536966323852539e+00,-7.757164478302001953e+00,-8.691854476928710938e+00,-3.092133760452270508e+00,-6.036198616027832031e+00,-2.745874881744384766e+00,-4.275506973266601562e+00,-2.913359165191650391e+00
-1.208029747009277344e+00,-6.494683265686035156e+00,-7.705648422241210938e+00,-1.915060997009277344e+00,-5.641366481781005859e+00,-3.394981861114501953e+00,-1.920854926109313965e+00,-2.927001237869262695e+00
-1.203990578651428223e+00,-6.545144081115722656e+00,-7.596543788909912109e+00,-1.994995713233947754e+00,-5.682655334472656250e+00,-3.430578708648681641e+00,-2.070455312728881836e+00,-3.040555000305175781e+00
-1.175237417221069336e+00,-6.503756999969482422e+00,-7.816379547119140625e+00,-1.894886970520019531e+00,-5.627281665802001953e+00,-3.351905822753906250e+00,-1.852662682533264160e+00,-2.918463706970214844e+00
-7.900333404541015625e-01,-6.601912498474121094e+00,-7.723246574401855469e+00,-2.199774026870727539e+00,-5.740610599517822266e+00,-2.483617305755615234e+00,-2.406079530715942383e+00,-3.150609016418457031e+00
-1.148629426956176758e+00,-6.453784942626953125e+00,-7.829525947570800781e+00,-1.838237404823303223e+00,-5.599972724914550781e+00,-3.323206424713134766e+00,-1.732088923454284668e+00,-2.816190481185913086e+00
-7.267384529113769531e-01,-6.589792251586914062e+00,-7.858777046203613281e+00,-2.217689037322998047e+00,-5.873071670532226562e+00,-2.414521217346191406e+00,-2.352681636810302734e+00,-3.099258899688720703e+00
-1.154733538627624512e+00,-6.503260135650634766e+00,-7.725599288940429688e+00,-1.900947809219360352e+00,-5.642058372497558594e+00,-3.369985580444335938e+00,-1.873874783515930176e+00,-2.932301044464111328e+00
-1.179479718208312988e+00,-6.548308372497558594e+00,-7.690441131591796875e+00,-1.943101048469543457e+00,-5.669002532958984375e+00,-3.407213449478149414e+00,-1.962104201316833496e+00,-3.009500026702880859e+00
-9.981029033660888672e-01,-6.608308315277099609e+00,-9.125066757202148438e+00,-2.766051054000854492e+00,-6.104351997375488281e+00,-1.792189478874206543e+00,-2.796825647354125977e+00,-3.143420696258544922e+00
-8.410356044769287109e-01,-6.588459491729736328e+00,-7.794060707092285156e+00,-2.180184364318847656e+00,-5.797319412231445312e+00,-2.801987886428833008e+00,-2.302356243133544922e+00,-3.149364709854125977e+00
-7.913302779197692871e-01,-6.595826625823974609e+00,-7.814239978790283203e+00,-2.195689201354980469e+00,-5.822754859924316406e+00,-2.648720502853393555e+00,-2.309793949127197266e+00,-3.126277923583984375e+00
-1.143756628036499023e+00,-6.150005817413330078e+00,-8.287544250488281250e+00,-4.110172748565673828e+00,-1.032112121582031250e+01,-9.397047758102416992e-01,-1.734033346176147461e+00,-4.048168182373046875e+00
-7.065508961677551270e-01,-6.635828018188476562e+00,-8.215276718139648438e+00,-2.388476610183715820e+00,-6.013523101806640625e+00,-2.208461284637451172e+00,-2.561044692993164062e+00,-3.117041587829589844e+00
-4.024498939514160156e+00,-8.770370483398437500e+00,-9.593914031982421875e+00,-4.297788619995117188e+00,-7.769562721252441406e+00,-3.387878417968750000e+00,-5.550630569458007812e+00,-4.211260318756103516e+00
-4.061465263366699219e+00,-9.167246818542480469e+00,-1.039378643035888672e+01,-4.274149417877197266e+00,-7.745548248291015625e+00,-4.893427371978759766e+00,-6.180736541748046875e+00,-3.593605995178222656e+00
-3.888902187347412109e+00,-9.078075408935546875e+00,-9.922559738159179688e+00,-4.098865032196044922e+00,-7.767770767211914062e+00,-5.243200778961181641e+00,-5.950985908508300781e+00,-4.161514282226562500e+00
-4.311232089996337891e+00,-8.883509635925292969e+00,-1.015323066711425781e+01,-4.137956619262695312e+00,-7.384962558746337891e+00,-2.340063333511352539e+00,-5.421910762786865234e+00,-3.288664340972900391e+00
-4.224290847778320312e+00,-8.634136199951171875e+00,-1.058444404602050781e+01,-4.105144023895263672e+00,-7.259468555450439453e+00,-2.280420303344726562e+00,-5.155154705047607422e+00,-3.145331382751464844e+00
-4.313521385192871094e+00,-8.605156898498535156e+00,-1.049932479858398438e+01,-4.081661224365234375e+00,-7.020501613616943359e+00,-1.524640440940856934e+00,-4.825025081634521484e+00,-3.917980194091796875e+00
-4.677014350891113281e+00,-8.248306274414062500e+00,-1.089601325988769531e+01,-4.121508598327636719e+00,-6.786067008972167969e+00,-1.596451401710510254e+00,-4.675955772399902344e+00,-3.611764430999755859e+00
-3.820534944534301758e+00,-8.230068206787109375e+00,-1.015525722503662109e+01,-2.917714118957519531e+00,-6.554464817047119141e+00,-1.628261089324951172e+00,-4.674198150634765625e+00,-3.551299571990966797e+00
-2.755718231201171875e+00,-7.434164047241210938e+00,-9.820207595825195312e+00,-2.581265926361083984e+00,-5.925907135009765625e+00,-2.567834138870239258e+00,-3.685395479202270508e+00,-3.957255363464355469e+00
-4.387527465820312500e+00,-8.415525436401367188e+00,-1.078175067901611328e+01,-4.091536521911621094e+00,-6.872820377349853516e+00,-1.570912122726440430e+00,-4.625120162963867188e+00,-3.777432441711425781e+00
-3.982208728790283203e+00,-7.565888404846191406e+00,-1.009506511688232422e+01,-2.642401218414306641e+00,-6.399209022521972656e+00,-1.526800394058227539e+00,-4.305412769317626953e+00,-3.807060241699218750e+00
-2.735991477966308594e+00,-7.329408645629882812e+00,-9.849342346191406250e+00,-2.591021776199340820e+00,-5.917707920074462891e+00,-2.653907299041748047e+00,-3.639447212219238281e+00,-4.000117778778076172e+00
-2.685189247131347656e+00,-7.295284271240234375e+00,-9.832716941833496094e+00,-2.586520195007324219e+00,-5.904894351959228516e+00,-2.664848089218139648e+00,-3.633967638015747070e+00,-4.026492118835449219e+00
-4.725230216979980469e+00,-8.210790634155273438e+00,-1.071882438659667969e+01,-4.168457031250000000e+00,-6.810561180114746094e+00,-1.566333532333374023e+00,-4.758858203887939453e+00,-3.461096048355102539e+00
-4.664587974548339844e+00,-8.306843757629394531e+00,-1.042579078674316406e+01,-4.228687763214111328e+00,-6.882783889770507812e+00,-1.561105012893676758e+00,-4.756090164184570312e+00,-3.430936813354492188e+00
-4.723779678344726562e+00,-8.234325408935546875e+00,-1.042995071411132812e+01,-4.199579715728759766e+00,-6.834178924560546875e+00,-1.567843079566955566e+00,-4.759114265441894531e+00,-3.434059619903564453e+00
-4.659564018249511719e+00,-8.364005088806152344e+00,-1.036455726623535156e+01,-4.233904838562011719e+00,-6.902485847473144531e+00,-1.541952133178710938e+00,-4.744822502136230469e+00,-3.370782852172851562e+00
-4.605614662170410156e+00,-8.224703788757324219e+00,-1.018318271636962891e+01,-5.523943424224853516e+00,-8.967549324035644531e+00,-4.474252700805664062e+00,-5.358702182769775391e+00,-3.109660625457763672e+00
-4.650034904479980469e+00,-8.229353904724121094e+00,-1.077350711822509766e+01,-4.131038665771484375e+00,-6.814244747161865234e+00,-1.590670585632324219e+00,-4.668588638305664062e+00,-3.475995540618896484e+00
-4.712569236755371094e+00,-8.284403800964355469e+00,-1.038441658020019531e+01,-4.209068775177001953e+00,-6.827100753784179688e+00,-1.566279292106628418e+00,-4.755372047424316406e+00,-3.401325702667236328e+00
-4.454451560974121094e+00,-8.290569305419921875e+00,-1.071667480468750000e+01,-4.133301258087158203e+00,-6.804408073425292969e+00,-1.669959068298339844e+00,-4.642375469207763672e+00,-3.514126777648925781e+00
-4.734151840209960938e+00,-8.209999084472656250e+00,-1.051320075988769531e+01,-4.180233478546142578e+00,-6.795517444610595703e+00,-1.572239875793457031e+00,-4.736425876617431641e+00,-3.424101829528808594e+00
-4.683874130249023438e+00,-8.159615516662597656e+00,-1.017100906372070312e+01,-4.173374176025390625e+00,-6.860321044921875000e+00,-1.611423015594482422e+00,-4.743700027465820312e+00,-3.471238613128662109e+00
-4.619491577148437500e+00,-8.229887962341308594e+00,-1.049796485900878906e+01,-4.195362567901611328e+00,-6.812061309814453125e+00,-1.541182756423950195e+00,-4.738573551177978516e+00,-3.762530803680419922e+00
-3.746629714965820312e+00,-7.897752761840820312e+00,-1.059419441223144531e+01,-3.812461376190185547e+00,-6.105202674865722656e+00,-1.841010093688964844e+00,-4.159808635711669922e+00,-3.820976734161376953e+00
-4.696568489074707031e+00,-8.294029235839843750e+00,-1.055695629119873047e+01,-4.150297641754150391e+00,-6.785081863403320312e+00,-1.591249704360961914e+00,-4.724572181701660156e+00,-3.510098695755004883e+00
-4.399321556091308594e+00,-8.042370796203613281e+00,-1.052048683166503906e+01,-5.453785896301269531e+00,-9.213471412658691406e+00,-4.415794372558593750e+00,-5.094876766204833984e+00,-3.303454637527465820e+00
-3.607391595840454102e+00,-7.878612518310546875e+00,-1.090155982971191406e+01,-6.016871452331542969e+00,-9.535501480102539062e+00,-3.400595426559448242e+00,-7.278601646423339844e+00,-4.530110359191894531e+00
-4.170777797698974609e+00,-8.136386871337890625e+00,-1.033026504516601562e+01,-5.402379035949707031e+00,-8.971152305603027344e+00,-4.856497764587402344e+00,-5.732485771179199219e+00,-3.521319866180419922e+00
-2.770353794097900391e+00,-8.327453613281250000e+00,-9.810485839843750000e+00,-4.713644981384277344e+00,-8.076476097106933594e+00,-5.422373771667480469e+00,-6.286311149597167969e+00,-3.304403305053710938e+00
-3.907702207565307617e+00,-7.885935783386230469e+00,-1.040170383453369141e+01,-5.309325695037841797e+00,-8.572558403015136719e+00,-5.098135948181152344e+00,-6.077387332916259766e+00,-3.944787979125976562e+00
-2.050668478012084961e+00,-7.022592544555664062e+00,-6.279345989227294922e+00,-5.072121620178222656e+00,-8.736785888671875000e+00,-4.884100914001464844e+00,-5.752003669738769531e+00,-3.437470912933349609e+00
-4.144162178039550781e+00,-7.995995998382568359e+00,-1.074466514587402344e+01,-5.265743255615234375e+00,-8.636577606201171875e+00,-4.714145660400390625e+00,-5.776432991027832031e+00,-3.606157541275024414e+00
-3.055240631103515625e+00,-7.074161052703857422e+00,-9.536233901977539062e+00,-3.496497631072998047e+00,-7.356699466705322266e+00,-4.441112518310546875e+00,-3.892523527145385742e+00,-4.067654609680175781e+00
-3.966488361358642578e+00,-7.807708263397216797e+00,-1.048019981384277344e+01,-5.250669479370117188e+00,-8.597784042358398438e+00,-4.671309471130371094e+00,-5.744974613189697266e+00,-3.675944805145263672e+00
-2.803656339645385742e+00,-8.555224418640136719e+00,-8.942726135253906250e+00,-5.009935379028320312e+00,-8.181942939758300781e+00,-5.371250152587890625e+00,-6.703637599945068359e+00,-4.664197921752929688e+00
-3.018091440200805664e+00,-7.963530540466308594e+00,-9.872993469238281250e+00,-4.837918281555175781e+00,-8.321507453918457031e+00,-5.471989631652832031e+00,-6.315506458282470703e+00,-3.629583358764648438e+00
-3.418571233749389648e+00,-8.186612129211425781e+00,-1.049457454681396484e+01,-5.506687641143798828e+00,-9.113985061645507812e+00,-5.686114788055419922e+00,-6.942459106445312500e+00,-4.735423564910888672e+00
-2.516525030136108398e+00,-7.661897182464599609e+00,-1.041907310485839844e+01,-5.245387554168701172e+00,-1.019639015197753906e+01,-1.956844806671142578e+00,-7.972185611724853516e+00,-5.872615814208984375e+00
-3.165667057037353516e+00,-6.797252655029296875e+00,-1.056285572052001953e+01,-5.695374488830566406e+00,-1.072046852111816406e+01,-1.929950237274169922e+00,-1.025771331787109375e+01,-5.989779472351074219e+00
-3.229015111923217773e+00,-6.338314056396484375e+00,-1.093402385711669922e+01,-6.336589813232421875e+00,-1.135687065124511719e+01,-1.781320929527282715e+00,-1.091985988616943359e+01,-5.864908218383789062e+00
-2.215692043304443359e+00,-8.108156204223632812e+00,-1.082645606994628906e+01,-5.475823402404785156e+00,-1.032757186889648438e+01,-2.499142885208129883e+00,-8.285600662231445312e+00,-5.991511344909667969e+00
-1.231519818305969238e+00,-6.224802970886230469e+00,-7.608889579772949219e+00,-4.492796421051025391e+00,-9.654966354370117188e+00,-1.517619967460632324e+00,-2.834990501403808594e+00,-3.825564861297607422e+00
-1.892942786216735840e+00,-6.882894039154052734e+00,-9.122816085815429688e+00,-6.161934852600097656e+00,-8.998483657836914062e+00,-1.788606643676757812e+00,-7.976510047912597656e+00,-5.869237899780273438e+00
-1.354670882225036621e+00,-6.434551239013671875e+00,-8.103315353393554688e+00,-5.595613479614257812e+00,-8.901325225830078125e+00,-1.433528304100036621e+00,-3.710098743438720703e+00,-4.783811569213867188e+00
-3.161668181419372559e-01,-5.682944774627685547e+00,-5.448983669281005859e+00,-4.828140258789062500e+00,-8.054551124572753906e+00,-9.228197336196899414e-01,-3.200868606567382812e+00,-3.820196151733398438e+00
-8.404830694198608398e-01,-5.307835578918457031e+00,-5.769068241119384766e+00,-4.534303665161132812e+00,-7.101835250854492188e+00,-1.472962975502014160e+00,-3.125856399536132812e+00,-3.055505275726318359e+00
-5.057342052459716797e-01,-5.359908103942871094e+00,-5.957018375396728516e+00,-5.441875457763671875e+00,-8.048007965087890625e+00,-6.526386737823486328e-01,-3.096779584884643555e+00,-3.990708351135253906e+00
-8.533722162246704102e-01,-5.492874622344970703e+00,-6.910241603851318359e+00,-5.669651031494140625e+00,-9.480040550231933594e+00,-9.105110168457031250e-01,-2.852524280548095703e+00,-4.220677375793457031e+00
-9.064453840255737305e-01,-5.456085681915283203e+00,-6.719715118408203125e+00,-5.825432777404785156e+00,-9.507292747497558594e+00,-7.234622240066528320e-01,-2.497631072998046875e+00,-4.309817790985107422e+00
-1.719326257705688477e+00,-6.685757160186767578e+00,-8.361015319824218750e+00,-2.983612537384033203e+00,-6.071276664733886719e+00,-3.150710582733154297e+00,-2.899262428283691406e+00,-3.526727676391601562e+00
-1.108487606048583984e+00,-5.495586395263671875e+00,-7.050366401672363281e+00,-5.957696914672851562e+00,-9.596938133239746094e+00,-7.778681516647338867e-01,-2.574440479278564453e+00,-4.235411643981933594e+00
-1.565208435058593750e+00,-6.853520393371582031e+00,-8.502757072448730469e+00,-4.966210365295410156e+00,-8.643315315246582031e+00,-4.688482761383056641e+00,-6.241049766540527344e+00,-2.968552112579345703e+00
-3.511338233947753906e+00,-8.059757232666015625e+00,-9.065902709960937500e+00,-4.291211605072021484e+00,-7.730340957641601562e+00,-1.310424208641052246e+00,-5.969382286071777344e+00,-3.272979736328125000e+00
-2.832001209259033203e+00,-7.728320121765136719e+00,-9.974458694458007812e+00,-4.195442199707031250e+00,-7.494039535522460938e+00,-3.448898792266845703e+00,-4.606669425964355469e+00,-3.735508918762207031e+00
-2.522492885589599609e+00,-6.759659290313720703e+00,-9.451653480529785156e+00,-3.423736810684204102e+00,-7.375581741333007812e+00,-1.680454492568969727e+00,-3.547417163848876953e+00,-3.244284868240356445e+00
-2.376716375350952148e+00,-6.467033386230468750e+00,-9.491169929504394531e+00,-3.267335414886474609e+00,-7.196088314056396484e+00,-1.614393353462219238e+00,-3.126378059387207031e+00,-3.961289882659912109e+00
-8.903391361236572266e-01,-7.153155326843261719e+00,-6.771715164184570312e+00,-4.913610935211181641e+00,-9.173633575439453125e+00,-3.995270252227783203e+00,-6.286523818969726562e+00,-2.114448308944702148e+00
-1.183881402015686035e+00,-6.741678714752197266e+00,-8.917934417724609375e+00,-2.901138067245483398e+00,-6.433147430419921875e+00,-1.888349294662475586e+00,-3.262491226196289062e+00,-3.247914314270019531e+00
-8.686528205871582031e-01,-6.592751502990722656e+00,-8.369060516357421875e+00,-2.790117263793945312e+00,-5.720734596252441406e+00,-1.899452090263366699e+00,-3.276938438415527344e+00,-2.732560634613037109e+00
2.774333953857421875e-01,-7.303853988647460938e+00,-6.239770889282226562e+00,-4.889705181121826172e+00,-9.316492080688476562e+00,-4.615531921386718750e+00,-6.683795928955078125e+00,-2.000586748123168945e+00
-1.102046847343444824e+00,-5.954486846923828125e+00,-7.947285652160644531e+00,-5.561069011688232422e+00,-9.284877777099609375e+00,-3.276028156280517578e+00,-6.671818733215332031e+00,-2.978556156158447266e+00
-9.695157408714294434e-01,-6.609710216522216797e+00,-8.266633987426757812e+00,-2.387046813964843750e+00,-5.988699913024902344e+00,-2.660523176193237305e+00,-2.577647209167480469e+00,-3.249873161315917969e+00
-2.610800504684448242e+00,-7.920522689819335938e+00,-8.806538581848144531e+00,-3.975934743881225586e+00,-7.532816886901855469e+00,-1.572998404502868652e+00,-4.854167938232421875e+00,-3.000779390335083008e+00
-3.390201807022094727e+00,-6.308154582977294922e+00,-9.162002563476562500e+00,-4.472373008728027344e+00,-8.150318145751953125e+00,-1.275692939758300781e+00,-4.857946395874023438e+00,-4.853742122650146484e+00
-2.399368762969970703e+00,-7.679736614227294922e+00,-9.065137863159179688e+00,-3.948904275894165039e+00,-6.589509010314941406e+00,-4.120017051696777344e+00,-4.276602745056152344e+00,-3.674605369567871094e+00
-2.003087520599365234e+00,-7.657377243041992188e+00,-8.445144653320312500e+00,-3.046639442443847656e+00,-6.169409751892089844e+00,-2.580340862274169922e+00,-4.198625087738037109e+00,-3.010172843933105469e+00
-2.054264783859252930e+00,-7.699426651000976562e+00,-8.302627563476562500e+00,-3.079979896545410156e+00,-6.417564392089843750e+00,-2.674574613571166992e+00,-4.447079658508300781e+00,-2.864187717437744141e+00
-1.827250003814697266e+00,-7.498542785644531250e+00,-8.216459274291992188e+00,-3.041939258575439453e+00,-6.231588363647460938e+00,-2.451585292816162109e+00,-4.248164176940917969e+00,-2.967976331710815430e+00
-1.922889351844787598e+00,-7.590118885040283203e+00,-8.403363227844238281e+00,-3.051614999771118164e+00,-6.223196983337402344e+00,-2.445919036865234375e+00,-4.263680934906005859e+00,-3.001455783843994141e+00
-1.963555335998535156e+00,-7.318282127380371094e+00,-8.480282783508300781e+00,-3.051832437515258789e+00,-6.319217681884765625e+00,-2.895205020904541016e+00,-4.108649253845214844e+00,-3.040976047515869141e+00
-1.723913550376892090e+00,-7.435464382171630859e+00,-8.104803085327148438e+00,-3.030315160751342773e+00,-6.203834533691406250e+00,-2.399143218994140625e+00,-4.188308715820312500e+00,-2.804915904998779297e+00
-1.794654369354248047e+00,-7.453860282897949219e+00,-8.203934669494628906e+00,-3.031650066375732422e+00,-6.130500316619873047e+00,-2.423648357391357422e+00,-4.159250259399414062e+00,-2.808221340179443359e+00
-1.934583902359008789e+00,-7.531744480133056641e+00,-8.173649787902832031e+00,-3.044223785400390625e+00,-6.245038986206054688e+00,-2.496243715286254883e+00,-4.219366550445556641e+00,-2.910271644592285156e+00
-2.454502105712890625e+00,-8.454795837402343750e+00,-9.114780426025390625e+00,-4.150222778320312500e+00,-7.141098022460937500e+00,-3.730872631072998047e+00,-4.755031108856201172e+00,-3.106448173522949219e+00
-2.055753946304321289e+00,-7.828472614288330078e+00,-8.512361526489257812e+00,-3.027033567428588867e+00,-5.958365440368652344e+00,-2.831226825714111328e+00,-4.135568141937255859e+00,-2.666453599929809570e+00
-1.843495368957519531e+00,-7.640751838684082031e+00,-8.403848648071289062e+00,-3.212161064147949219e+00,-6.158873558044433594e+00,-2.857183933258056641e+00,-4.458256244659423828e+00,-2.801400423049926758e+00
-1.803153514862060547e+00,-7.499309539794921875e+00,-8.008901596069335938e+00,-3.034910678863525391e+00,-6.222918033599853516e+00,-2.500051259994506836e+00,-4.243262767791748047e+00,-2.743529081344604492e+00
-9.872235059738159180e-01,-6.701548576354980469e+00,-8.610877037048339844e+00,-2.508528232574462891e+00,-5.977541446685791016e+00,-2.162014722824096680e+00,-3.249748945236206055e+00,-3.197473287582397461e+00
-1.028456091880798340e+00,-6.533973217010498047e+00,-7.579835891723632812e+00,-2.051898956298828125e+00,-5.675547599792480469e+00,-3.312100410461425781e+00,-2.135569572448730469e+00,-3.052665233612060547e+00
-1.188223838806152344e+00,-6.532419204711914062e+00,-7.673901557922363281e+00,-1.900879025459289551e+00,-5.667470932006835938e+00,-3.371304988861083984e+00,-1.941597223281860352e+00,-2.984370708465576172e+00
-1.187108874320983887e+00,-6.509627342224121094e+00,-7.710746288299560547e+00,-1.893319964408874512e+00,-5.656924247741699219e+00,-3.367701530456542969e+00,-1.916830658912658691e+00,-2.982178211212158203e+00
-1.168959021568298340e+00,-6.507850646972656250e+00,-7.670952320098876953e+00,-1.908332824707031250e+00,-5.658872127532958984e+00,-3.371224403381347656e+00,-1.944070696830749512e+00,-2.993077278137207031e+00
-1.207780838012695312e+00,-6.505195617675781250e+00,-7.746900558471679688e+00,-1.925942778587341309e+00,-5.644030570983886719e+00,-3.409192800521850586e+00,-1.910322904586791992e+00,-2.949667930603027344e+00
-1.118325471878051758e+00,-6.570055007934570312e+00,-7.604541778564453125e+00,-2.017536640167236328e+00,-5.700842857360839844e+00,-3.327278614044189453e+00,-2.139828681945800781e+00,-3.120173454284667969e+00
-9.725261926651000977e-01,-6.498266696929931641e+00,-8.185209274291992188e+00,-2.325125217437744141e+00,-5.776149749755859375e+00,-2.468930721282958984e+00,-2.572307109832763672e+00,-3.085394144058227539e+00
-9.729819893836975098e-01,-6.513570308685302734e+00,-7.466267585754394531e+00,-1.991018295288085938e+00,-5.705812454223632812e+00,-3.328995466232299805e+00,-2.079784393310546875e+00,-3.090218067169189453e+00
-1.194010496139526367e+00,-6.572987556457519531e+00,-7.585618019104003906e+00,-1.995422601699829102e+00,-5.703097820281982422e+00,-3.397716283798217773e+00,-2.119059324264526367e+00,-3.116167068481445312e+00
-9.090547561645507812e-01,-6.597066879272460938e+00,-8.056972503662109375e+00,-2.210260391235351562e+00,-5.770956039428710938e+00,-2.322724103927612305e+00,-2.435114860534667969e+00,-3.046724081039428711e+00
-9.928047060966491699e-01,-6.742092132568359375e+00,-8.613704681396484375e+00,-2.443873643875122070e+00,-5.943220138549804688e+00,-2.125598430633544922e+00,-3.189524650573730469e+00,-3.181380748748779297e+00
-8.167061805725097656e-01,-6.509057521820068359e+00,-7.605895996093750000e+00,-2.132843017578125000e+00,-5.946347236633300781e+00,-2.891632556915283203e+00,-2.321133613586425781e+00,-3.189875602722167969e+00
-1.343039512634277344e+00,-5.877110958099365234e+00,-7.712376594543457031e+00,-3.025323629379272461e+00,-1.042284393310546875e+01,-1.402841806411743164e+00,-2.462706804275512695e+00,-4.804313182830810547e+00
-1.363758563995361328e+00,-6.312677860260009766e+00,-8.344395637512207031e+00,-3.769268751144409180e+00,-1.018194770812988281e+01,-1.188923358917236328e+00,-2.274734735488891602e+00,-4.193459987640380859e+00
-1.149313211441040039e+00,-6.083714008331298828e+00,-7.920254707336425781e+00,-5.471017837524414062e+00,-1.085064125061035156e+01,-1.153880000114440918e+00,-2.217839241027832031e+00,-4.500574588775634766e+00
-1.159964799880981445e+00,-6.093818187713623047e+00,-7.623600006103515625e+00,-5.281978607177734375e+00,-1.061962127685546875e+01,-1.424454450607299805e+00,-2.430694103240966797e+00,-4.249027252197265625e+00
-1.269020795822143555e+00,-6.495718955993652344e+00,-8.476948738098144531e+00,-4.724761962890625000e+00,-7.665983200073242188e+00,-1.794448733329772949e+00,-2.704853773117065430e+00,-3.547902584075927734e+00
-1.252404093742370605e+00,-6.108747959136962891e+00,-7.724343776702880859e+00,-4.319718837738037109e+00,-9.747285842895507812e+00,-1.391777992248535156e+00,-2.257053375244140625e+00,-3.999706745147705078e+00
-1.235360383987426758e+00,-6.778352737426757812e+00,-8.799222946166992188e+00,-3.517624855041503906e+00,-8.289430618286132812e+00,-1.765706300735473633e+00,-2.706862211227416992e+00,-3.649522781372070312e+00
-2.394990921020507812e+00,-7.036849975585937500e+00,-9.260307312011718750e+00,-6.010768890380859375e+00,-1.004954719543457031e+01,-2.598144054412841797e+00,-3.302550077438354492e+00,-5.327111721038818359e+00
-3.035325050354003906e+00,-6.830674171447753906e+00,-9.261877059936523438e+00,-5.954738616943359375e+00,-9.384411811828613281e+00,-1.122480630874633789e+00,-4.786605834960937500e+00,-4.200307846069335938e+00
-1.668113708496093750e+00,-7.076790809631347656e+00,-8.636849403381347656e+00,-3.754537105560302734e+00,-7.612000465393066406e+00,-2.082178354263305664e+00,-3.218799829483032227e+00,-3.706599950790405273e+00
-2.591198444366455078e+00,-6.571277618408203125e+00,-9.201799392700195312e+00,-4.652529716491699219e+00,-7.182499885559082031e+00,-2.356737136840820312e+00,-4.577771186828613281e+00,-3.945132732391357422e+00
-9.213491678237915039e-01,-5.801895141601562500e+00,-7.692191123962402344e+00,-5.482749938964843750e+00,-9.335933685302734375e+00,-3.539257526397705078e+00,-6.380529403686523438e+00,-2.812444925308227539e+00
-3.546957969665527344e-01,-5.903256416320800781e+00,-5.698520660400390625e+00,-4.936465740203857422e+00,-9.595608711242675781e+00,-2.852185010910034180e+00,-6.563401222229003906e+00,-2.266800403594970703e+00
-4.177148818969726562e+00,-6.374372005462646484e+00,-9.883100509643554688e+00,-6.019548416137695312e+00,-1.078017711639404297e+01,-1.357229232788085938e+00,-3.070585966110229492e+00,-2.799886703491210938e+00
-2.911591529846191406e+00,-6.882240295410156250e+00,-9.073443412780761719e+00,-5.883769989013671875e+00,-1.038820648193359375e+01,-2.991193056106567383e+00,-3.405191421508789062e+00,-4.817679882049560547e+00
-4.293939590454101562e+00,-6.237325668334960938e+00,-1.028062820434570312e+01,-6.071120262145996094e+00,-1.118327999114990234e+01,-1.727634668350219727e+00,-3.912496328353881836e+00,-4.453645706176757812e+00
-2.452310085296630859e+00,-7.535165786743164062e+00,-8.786055564880371094e+00,-5.536943435668945312e+00,-9.897958755493164062e+00,-3.530219554901123047e+00,-5.557442188262939453e+00,-5.389547348022460938e+00
-3.204143285751342773e+00,-6.406902313232421875e+00,-1.012070369720458984e+01,-5.921087265014648438e+00,-1.135186576843261719e+01,-1.828523039817810059e+00,-3.057340621948242188e+00,-5.056823253631591797e+00
-3.595610618591308594e+00,-6.397417068481445312e+00,-1.018512916564941406e+01,-5.784094333648681641e+00,-1.127559375762939453e+01,-1.786321759223937988e+00,-3.342368125915527344e+00,-5.118134498596191406e+00
-1.123566031455993652e+00,-5.310790061950683594e+00,-5.543536186218261719e+00,-3.741832256317138672e+00,-5.674393653869628906e+00,-1.931574702262878418e+00,-3.410356044769287109e+00,-1.944848418235778809e+00
-3.308061122894287109e+00,-7.014848709106445312e+00,-1.047469234466552734e+01,-4.821125030517578125e+00,-1.043454933166503906e+01,-1.659416079521179199e+00,-4.636192321777343750e+00,-5.236661911010742188e+00
-2.987741947174072266e+00,-6.487444400787353516e+00,-1.015584373474121094e+01,-5.538501262664794922e+00,-1.112389183044433594e+01,-1.778988361358642578e+00,-3.299127340316772461e+00,-5.194881916046142578e+00
-2.577459335327148438e+00,-6.658996582031250000e+00,-9.851222038269042969e+00,-5.744129180908203125e+00,-1.080713081359863281e+01,-1.819041967391967773e+00,-3.495624780654907227e+00,-5.057563304901123047e+00
-1.337228298187255859e+00,-5.693450450897216797e+00,-7.091526031494140625e+00,-4.025866508483886719e+00,-8.589662551879882812e+00,-1.622604608535766602e+00,-3.073031902313232422e+00,-3.455458402633666992e+00
-3.443748950958251953e+00,-6.975678443908691406e+00,-1.021265029907226562e+01,-4.957278251647949219e+00,-8.608636856079101562e+00,-2.114593029022216797e+00,-3.992715835571289062e+00,-4.589932441711425781e+00
-2.890527248382568359e+00,-6.316555976867675781e+00,-9.836310386657714844e+00,-3.149011850357055664e+00,-1.089061737060546875e+01,-1.570918917655944824e+00,-3.228567838668823242e+00,-5.023180961608886719e+00
-2.625714302062988281e+00,-7.751910209655761719e+00,-1.004907417297363281e+01,-4.237926483154296875e+00,-7.585555553436279297e+00,-2.661169052124023438e+00,-4.453341960906982422e+00,-3.085737705230712891e+00
-1.333656787872314453e+00,-7.049478054046630859e+00,-9.091588973999023438e+00,-2.849102973937988281e+00,-8.204082489013671875e+00,-1.791673898696899414e+00,-3.356160879135131836e+00,-2.982307672500610352e+00
-1.468958258628845215e+00,-7.118331432342529297e+00,-8.860751152038574219e+00,-2.763539552688598633e+00,-5.853531360626220703e+00,-3.368902921676635742e+00,-3.117615222930908203e+00,-3.091573715209960938e+00
-1.371146082878112793e+00,-7.621570587158203125e+00,-8.826395988464355469e+00,-3.020024776458740234e+00,-6.100900650024414062e+00,-2.152473926544189453e+00,-3.952530860900878906e+00,-3.169736385345458984e+00
-1.509401798248291016e+00,-7.208741664886474609e+00,-8.353778839111328125e+00,-2.803734779357910156e+00,-5.860039234161376953e+00,-2.682181119918823242e+00,-3.394202709197998047e+00,-2.892415046691894531e+00
-1.092652916908264160e+00,-6.928405761718750000e+00,-8.980575561523437500e+00,-2.566470623016357422e+00,-5.882745265960693359e+00,-2.083557367324829102e+00,-3.249821424484252930e+00,-3.223620891571044922e+00
-2.249169111251831055e+00,-6.686493873596191406e+00,-9.705329895019531250e+00,-4.107609272003173828e+00,-8.352486610412597656e+00,-3.340545177459716797e+00,-3.566102027893066406e+00,-3.853875637054443359e+00
-1.792024254798889160e+00,-6.982859134674072266e+00,-8.513853073120117188e+00,-2.646493673324584961e+00,-5.929952144622802734e+00,-3.624920845031738281e+00,-3.210269689559936523e+00,-2.768078804016113281e+00
-1.522922277450561523e+00,-7.733250617980957031e+00,-8.356290817260742188e+00,-3.047146797180175781e+00,-5.937959671020507812e+00,-2.245794296264648438e+00,-3.975811481475830078e+00,-3.032443284988403320e+00
-4.230052947998046875e+00,-7.292601585388183594e+00,-1.056106567382812500e+01,-4.426288127899169922e+00,-7.144863128662109375e+00,-1.547561049461364746e+00,-4.430744647979736328e+00,-1.747363567352294922e+00
-1.198739886283874512e+00,-7.192309856414794922e+00,-8.639031410217285156e+00,-2.663636684417724609e+00,-5.856954574584960938e+00,-2.163700342178344727e+00,-3.210866689682006836e+00,-3.297116994857788086e+00
-7.372084259986877441e-01,-6.580078125000000000e+00,-8.408452987670898438e+00,-2.398787498474121094e+00,-6.116941452026367188e+00,-2.020407438278198242e+00,-2.684322118759155273e+00,-3.138176441192626953e+00
-1.324932575225830078e+00,-7.099501132965087891e+00,-9.038465499877929688e+00,-2.584054470062255859e+00,-7.348562240600585938e+00,-1.929534792900085449e+00,-3.247109889984130859e+00,-3.274075031280517578e+00
-2.196576595306396484e+00,-7.174152851104736328e+00,-1.132826614379882812e+01,-6.312987327575683594e+00,-9.883669853210449219e+00,-9.630065917968750000e+00,-1.064230346679687500e+01,-8.878705978393554688e+00
-3.199829816818237305e+00,-8.031484603881835938e+00,-9.192142486572265625e+00,-6.837311267852783203e+00,-1.026871871948242188e+01,-8.159793853759765625e+00,-2.358574628829956055e+00,-7.166848182678222656e+00
-2.617703914642333984e+00,-6.936674594879150391e+00,-9.509662628173828125e+00,-6.149500846862792969e+00,-1.009339904785156250e+01,-9.654891967773437500e+00,-1.087538337707519531e+01,-8.163355827331542969e+00
-3.900764703750610352e+00,-8.181734085083007812e+00,-9.380926132202148438e+00,-6.977213859558105469e+00,-1.027182197570800781e+01,-8.603174209594726562e+00,-2.371361255645751953e+00,-7.405168533325195312e+00
-3.432723999023437500e+00,-7.545126914978027344e+00,-1.067379951477050781e+01,-5.493326187133789062e+00,-8.699900627136230469e+00,-6.201601982116699219e+00,-5.987937927246093750e+00,-5.461774826049804688e+00
-4.513245582580566406e+00,-8.139368057250976562e+00,-1.201215839385986328e+01,-5.842102050781250000e+00,-8.742769241333007812e+00,-6.948860168457031250e+00,-6.908106327056884766e+00,-5.711979389190673828e+00
-2.145780086517333984e+00,-6.969100952148437500e+00,-1.083665847778320312e+01,-6.147948741912841797e+00,-9.816410064697265625e+00,-8.709052085876464844e+00,-9.954629898071289062e+00,-7.912468910217285156e+00
-3.636077404022216797e+00,-5.821211814880371094e+00,-9.249750137329101562e+00,-6.147927284240722656e+00,-1.063353919982910156e+01,-8.345012664794921875e-01,-2.130857944488525391e+00,-3.906475543975830078e+00
-4.543792724609375000e+00,-7.187780380249023438e+00,-1.246347904205322266e+01,-5.761356353759765625e+00,-7.895710945129394531e+00,-7.137857437133789062e+00,-9.004655838012695312e+00,-6.744956016540527344e+00
-1.967342376708984375e+00,-7.053799152374267578e+00,-1.122332382202148438e+01,-6.300044059753417969e+00,-9.761738777160644531e+00,-9.559004783630371094e+00,-1.064674377441406250e+01,-9.198154449462890625e+00
-2.007029294967651367e+00,-6.924314022064208984e+00,-1.129626846313476562e+01,-6.261843681335449219e+00,-1.008211898803710938e+01,-8.315959930419921875e+00,-1.047054481506347656e+01,-7.717164039611816406e+00
-1.678833246231079102e+00,-7.089206695556640625e+00,-1.077729415893554688e+01,-5.580522537231445312e+00,-8.754042625427246094e+00,-6.046796798706054688e+00,-6.440925121307373047e+00,-4.889242172241210938e+00
1.526504278182983398e+00,-6.549417018890380859e+00,-5.610990524291992188e-02,-4.369722843170166016e+00,-9.130440711975097656e+00,-5.494933128356933594e+00,-7.665571689605712891e+00,-2.934472799301147461e+00
-1.829871892929077148e+00,-7.346987724304199219e+00,-8.178138732910156250e+00,-2.866417646408081055e+00,-5.906819343566894531e+00,-2.748337984085083008e+00,-3.844003438949584961e+00,-2.868247509002685547e+00
-1.837817668914794922e+00,-7.656259536743164062e+00,-8.324876785278320312e+00,-3.057794570922851562e+00,-6.168956756591796875e+00,-2.399710178375244141e+00,-4.241144180297851562e+00,-2.832921504974365234e+00
-1.773363828659057617e+00,-7.528456687927246094e+00,-8.086083412170410156e+00,-3.052216291427612305e+00,-6.244625091552734375e+00,-2.407295465469360352e+00,-4.268066883087158203e+00,-2.811175107955932617e+00
-1.797164559364318848e+00,-7.561341762542724609e+00,-8.507928848266601562e+00,-3.268726825714111328e+00,-6.299977302551269531e+00,-2.868995189666748047e+00,-4.501827716827392578e+00,-2.868088483810424805e+00
-1.713848829269409180e+00,-6.997110366821289062e+00,-9.051972389221191406e+00,-3.733496665954589844e+00,-8.843632698059082031e+00,-3.169934272766113281e+00,-4.014739990234375000e+00,-3.753016471862792969e+00
-1.851789116859436035e+00,-7.483290672302246094e+00,-8.143906593322753906e+00,-3.041876554489135742e+00,-6.084058284759521484e+00,-2.523512840270996094e+00,-4.149903774261474609e+00,-2.793635606765747070e+00
-1.834515571594238281e+00,-7.466269969940185547e+00,-8.112012863159179688e+00,-3.050883769989013672e+00,-6.222704887390136719e+00,-2.451829671859741211e+00,-4.296368598937988281e+00,-2.798586130142211914e+00
-1.881911277770996094e+00,-7.597931861877441406e+00,-8.275712966918945312e+00,-3.059854269027709961e+00,-6.175159454345703125e+00,-2.452846050262451172e+00,-4.281407833099365234e+00,-2.864181518554687500e+00
-1.887742996215820312e+00,-7.496816635131835938e+00,-8.134530067443847656e+00,-3.065917253494262695e+00,-6.245712280273437500e+00,-2.454327821731567383e+00,-4.342439174652099609e+00,-2.847368717193603516e+00
-1.873515367507934570e+00,-7.650821208953857422e+00,-8.132743835449218750e+00,-3.042208194732666016e+00,-6.167592048645019531e+00,-2.396304130554199219e+00,-4.254170417785644531e+00,-2.877860546112060547e+00
-1.612540841102600098e+00,-7.253017902374267578e+00,-8.251410484313964844e+00,-2.986488342285156250e+00,-6.078155040740966797e+00,-3.162889957427978516e+00,-3.734595298767089844e+00,-2.878921985626220703e+00
-1.729019999504089355e+00,-7.308242797851562500e+00,-8.227826118469238281e+00,-2.907034397125244141e+00,-6.014236450195312500e+00,-2.784667015075683594e+00,-3.633170604705810547e+00,-2.845754861831665039e+00
-3.126472830772399902e-01,-5.495183467864990234e+00,-5.241851806640625000e+00,-4.841556072235107422e+00,-9.630293846130371094e+00,-2.528621435165405273e+00,-6.496505737304687500e+00,-2.191004753112792969e+00
-5.047180175781250000e+00,-6.245184898376464844e+00,-1.124603080749511719e+01,-2.926994800567626953e+00,-8.387992858886718750e+00,-1.454810380935668945e+00,-3.016062259674072266e+00,-4.592760562896728516e+00
-5.073365211486816406e+00,-6.211985588073730469e+00,-1.115851593017578125e+01,-3.036303758621215820e+00,-8.484922409057617188e+00,-1.430342674255371094e+00,-2.978971719741821289e+00,-4.602775096893310547e+00
-5.074824333190917969e+00,-6.174589633941650391e+00,-1.080181884765625000e+01,-2.148276805877685547e+00,-8.123734474182128906e+00,-1.261371016502380371e+00,-2.784344673156738281e+00,-4.655789852142333984e+00
-5.080462455749511719e+00,-6.217294216156005859e+00,-1.048277282714843750e+01,-1.581431150436401367e+00,-8.016130447387695312e+00,-1.141949892044067383e+00,-2.572261333465576172e+00,-4.774081707000732422e+00
-4.037889480590820312e+00,-6.649443626403808594e+00,-1.040849113464355469e+01,-1.719147801399230957e+00,-9.264586448669433594e+00,-2.125203609466552734e+00,-2.362615585327148438e+00,-4.819558620452880859e+00
-4.160026550292968750e+00,-6.242244720458984375e+00,-1.035089206695556641e+01,-1.740751266479492188e+00,-8.004228591918945312e+00,-1.038881301879882812e+00,-2.631533861160278320e+00,-4.604431152343750000e+00
-3.075114250183105469e+00,-7.309926986694335938e+00,-1.014098358154296875e+01,-2.856802940368652344e+00,-5.961074352264404297e+00,-2.556686639785766602e+00,-3.627123832702636719e+00,-3.726886272430419922e+00
-3.854257583618164062e+00,-7.678327083587646484e+00,-1.116249084472656250e+01,-4.539385795593261719e+00,-7.587097167968750000e+00,-4.268565177917480469e+00,-4.102103233337402344e+00,-4.315688133239746094e+00
-3.131184101104736328e+00,-6.502502918243408203e+00,-9.701542854309082031e+00,-2.093901634216308594e+00,-6.282162666320800781e+00,-1.577182054519653320e+00,-3.022716760635375977e+00,-4.121326923370361328e+00
-2.339473247528076172e+00,-6.702615737915039062e+00,-8.961158752441406250e+00,-2.461722135543823242e+00,-5.810182094573974609e+00,-2.473130226135253906e+00,-3.180465936660766602e+00,-3.915889263153076172e+00
-2.992288589477539062e+00,-6.407298088073730469e+00,-9.609125137329101562e+00,-1.972482562065124512e+00,-6.276407241821289062e+00,-1.552781105041503906e+00,-2.909415483474731445e+00,-4.143718719482421875e+00
-2.309393644332885742e+00,-6.973114013671875000e+00,-9.091362953186035156e+00,-2.691392898559570312e+00,-5.809926033020019531e+00,-2.972931385040283203e+00,-3.307363271713256836e+00,-3.917365550994873047e+00
-2.827285766601562500e+00,-6.625462532043457031e+00,-9.499672889709472656e+00,-2.182771682739257812e+00,-6.056271076202392578e+00,-1.817490577697753906e+00,-3.023978710174560547e+00,-3.995997428894042969e+00
-3.213938474655151367e+00,-7.248758792877197266e+00,-9.899468421936035156e+00,-3.058857917785644531e+00,-6.207758426666259766e+00,-4.043067455291748047e+00,-3.749635696411132812e+00,-4.020267009735107422e+00
-1.286245465278625488e+00,-6.708246707916259766e+00,-8.807056427001953125e+00,-2.387087821960449219e+00,-5.674877166748046875e+00,-3.252737998962402344e+00,-2.627750873565673828e+00,-3.209567785263061523e+00
-1.126786708831787109e+00,-6.672873020172119141e+00,-8.247447967529296875e+00,-2.407431125640869141e+00,-5.793909072875976562e+00,-3.270515203475952148e+00,-2.588737010955810547e+00,-3.208227634429931641e+00
-3.600701332092285156e+00,-6.278799057006835938e+00,-9.965887069702148438e+00,-1.784950137138366699e+00,-6.738888740539550781e+00,-1.065477132797241211e+00,-3.068340778350830078e+00,-4.362874031066894531e+00
-1.124576210975646973e+00,-6.305989265441894531e+00,-7.515872478485107422e+00,-1.977593541145324707e+00,-5.678148746490478516e+00,-3.492173194885253906e+00,-1.915330171585083008e+00,-2.989365339279174805e+00
-9.452055692672729492e-01,-6.231846809387207031e+00,-7.542360305786132812e+00,-1.836070179939270020e+00,-5.616956233978271484e+00,-3.368499279022216797e+00,-1.598846316337585449e+00,-2.772662162780761719e+00
-1.015874981880187988e+00,-6.299923896789550781e+00,-7.622822761535644531e+00,-1.868034362792968750e+00,-5.621297359466552734e+00,-3.390241622924804688e+00,-1.666160821914672852e+00,-2.815156936645507812e+00
-8.922076821327209473e-01,-6.249684810638427734e+00,-7.450815677642822266e+00,-1.836823225021362305e+00,-5.644359588623046875e+00,-3.345253944396972656e+00,-1.651231884956359863e+00,-2.844451189041137695e+00
-1.022022604942321777e+00,-6.289372444152832031e+00,-7.622514724731445312e+00,-1.871130466461181641e+00,-5.618525028228759766e+00,-3.395573854446411133e+00,-1.660986781120300293e+00,-2.805721282958984375e+00
-8.211873769760131836e-01,-6.133975028991699219e+00,-7.341348648071289062e+00,-1.793820619583129883e+00,-5.636115074157714844e+00,-3.317516803741455078e+00,-1.529134273529052734e+00,-2.786543130874633789e+00
-9.605146646499633789e-01,-6.234408855438232422e+00,-7.486354351043701172e+00,-1.879008412361145020e+00,-5.634313583374023438e+00,-3.402395725250244141e+00,-1.668154835700988770e+00,-2.822396278381347656e+00
-8.349572420120239258e-01,-6.172362327575683594e+00,-7.357224464416503906e+00,-1.807421565055847168e+00,-5.641786098480224609e+00,-3.312812805175781250e+00,-1.576541900634765625e+00,-2.813623428344726562e+00
-9.009377956390380859e-01,-6.266113281250000000e+00,-7.450379371643066406e+00,-1.848836779594421387e+00,-5.645488739013671875e+00,-3.357051134109497070e+00,-1.658610105514526367e+00,-2.846813678741455078e+00
-4.119541168212890625e+00,-7.636685371398925781e+00,-1.136877441406250000e+01,-4.664230823516845703e+00,-7.738136768341064453e+00,-4.428017616271972656e+00,-4.171738147735595703e+00,-3.930810451507568359e+00
-4.112210273742675781e+00,-7.624187469482421875e+00,-1.136006927490234375e+01,-4.666751861572265625e+00,-7.772427082061767578e+00,-4.444914340972900391e+00,-4.123037338256835938e+00,-4.014710426330566406e+00
-4.092853546142578125e+00,-7.733256340026855469e+00,-1.138017463684082031e+01,-4.644413948059082031e+00,-7.601138591766357422e+00,-4.497834682464599609e+00,-4.308870315551757812e+00,-3.867131233215332031e+00
-4.090112686157226562e+00,-7.746829509735107422e+00,-1.137989044189453125e+01,-4.644982337951660156e+00,-7.591705322265625000e+00,-4.518734931945800781e+00,-4.331252574920654297e+00,-3.850119590759277344e+00
-4.089879512786865234e+00,-7.709211349487304688e+00,-1.138681221008300781e+01,-4.663609027862548828e+00,-7.698481082916259766e+00,-4.395882606506347656e+00,-4.297524452209472656e+00,-3.875522613525390625e+00
-3.991338968276977539e+00,-7.332255363464355469e+00,-1.137034893035888672e+01,-4.719772338867187500e+00,-7.906188488006591797e+00,-4.457452774047851562e+00,-3.904308795928955078e+00,-4.405048847198486328e+00
-3.999612092971801758e+00,-7.567388534545898438e+00,-1.125959396362304688e+01,-4.742087364196777344e+00,-7.817226886749267578e+00,-4.633780002593994141e+00,-4.159428119659423828e+00,-3.994787216186523438e+00
-4.065514564514160156e+00,-7.745563983917236328e+00,-1.132924365997314453e+01,-4.685391902923583984e+00,-7.615626335144042969e+00,-4.539033889770507812e+00,-4.312060356140136719e+00,-3.831780910491943359e+00
-3.555345773696899414e+00,-7.176377773284912109e+00,-1.097951126098632812e+01,-3.149076223373413086e+00,-6.932009696960449219e+00,-2.811495304107666016e+00,-3.712361574172973633e+00,-4.314324378967285156e+00
-4.063132286071777344e+00,-7.690355777740478516e+00,-1.133950138092041016e+01,-4.613491058349609375e+00,-7.643316745758056641e+00,-4.417816638946533203e+00,-4.140697956085205078e+00,-4.064272880554199219e+00
-3.848122358322143555e+00,-7.813460350036621094e+00,-1.121844863891601562e+01,-3.899755954742431641e+00,-7.284880638122558594e+00,-4.443850517272949219e+00,-4.472573280334472656e+00,-4.043418884277343750e+00
-3.787286996841430664e+00,-6.800759792327880859e+00,-1.057366657257080078e+01,-2.610715866088867188e+00,-7.092886924743652344e+00,-1.583897948265075684e+00,-3.173259735107421875e+00,-4.403297424316406250e+00
-4.095902442932128906e+00,-7.703320503234863281e+00,-1.136150360107421875e+01,-4.637058734893798828e+00,-7.692353725433349609e+00,-4.471140861511230469e+00,-4.282314777374267578e+00,-3.890974044799804688e+00
-3.649532794952392578e+00,-6.917052268981933594e+00,-1.029709434509277344e+01,-2.888791561126708984e+00,-6.347606182098388672e+00,-3.252265691757202148e+00,-3.651899337768554688e+00,-4.453883647918701172e+00
-3.436094284057617188e+00,-7.228210449218750000e+00,-1.053209877014160156e+01,-3.332979440689086914e+00,-6.328698158264160156e+00,-4.016222476959228516e+00,-4.087512969970703125e+00,-4.481125354766845703e+00
-4.124584197998046875e+00,-7.818893432617187500e+00,-1.143357086181640625e+01,-4.642731189727783203e+00,-7.690535545349121094e+00,-4.562069892883300781e+00,-4.372579097747802734e+00,-3.886153697967529297e+00
-4.215501785278320312e+00,-7.712944030761718750e+00,-1.059512710571289062e+01,-4.970194816589355469e+00,-7.778789997100830078e+00,-5.000698566436767578e+00,-4.015194416046142578e+00,-4.634868621826171875e+00
-4.073449134826660156e+00,-7.865423679351806641e+00,-1.136277294158935547e+01,-4.526199817657470703e+00,-7.561398506164550781e+00,-4.538940906524658203e+00,-4.514776229858398438e+00,-3.893869876861572266e+00
-4.098473072052001953e+00,-7.695926666259765625e+00,-1.063286685943603516e+01,-4.773584842681884766e+00,-7.655211448669433594e+00,-4.809356689453125000e+00,-3.942391157150268555e+00,-4.600032329559326172e+00
-2.650394916534423828e+00,-6.942389011383056641e+00,-8.942795753479003906e+00,-3.271510601043701172e+00,-6.214701175689697266e+00,-3.920791864395141602e+00,-3.296855688095092773e+00,-3.831080436706542969e+00
-2.602509737014770508e+00,-7.234604835510253906e+00,-9.230140686035156250e+00,-3.280114173889160156e+00,-6.927392005920410156e+00,-3.707213401794433594e+00,-3.601483583450317383e+00,-4.116027355194091797e+00
-3.684542894363403320e+00,-7.539601325988769531e+00,-1.032557106018066406e+01,-3.627294063568115234e+00,-7.267187595367431641e+00,-3.346743106842041016e+00,-4.071076869964599609e+00,-4.211400032043457031e+00
-1.057042360305786133e+00,-6.428114891052246094e+00,-7.333647727966308594e+00,-2.015297889709472656e+00,-5.751259326934814453e+00,-3.476487159729003906e+00,-2.072474479675292969e+00,-3.099129676818847656e+00
-1.486842751502990723e+00,-6.530973911285400391e+00,-8.172487258911132812e+00,-2.254917860031127930e+00,-5.956293582916259766e+00,-3.556123971939086914e+00,-2.583069086074829102e+00,-3.113807201385498047e+00
-1.275320887565612793e+00,-6.903704643249511719e+00,-9.146868705749511719e+00,-2.359670400619506836e+00,-8.222202301025390625e+00,-1.832778334617614746e+00,-2.863486051559448242e+00,-3.741203069686889648e+00
-1.170709013938903809e+00,-6.584295272827148438e+00,-7.636960029602050781e+00,-2.097316741943359375e+00,-5.712613105773925781e+00,-3.417150020599365234e+00,-2.207735538482666016e+00,-3.163624048233032227e+00
-4.294812202453613281e+00,-8.204656600952148438e+00,-9.908342361450195312e+00,-5.532491683959960938e+00,-9.242569923400878906e+00,-4.258382797241210938e+00,-5.205398082733154297e+00,-2.970585346221923828e+00
-4.320223808288574219e+00,-8.030658721923828125e+00,-1.020185852050781250e+01,-5.560794830322265625e+00,-9.283062934875488281e+00,-4.397103309631347656e+00,-5.274167537689208984e+00,-3.112684965133666992e+00
-4.657979965209960938e+00,-7.174185276031494141e+00,-1.106823921203613281e+01,-5.646857261657714844e+00,-1.027404403686523438e+01,-4.212390899658203125e+00,-5.516637802124023438e+00,-4.124738693237304688e+00
-4.376963615417480469e+00,-7.719219207763671875e+00,-1.062428855895996094e+01,-5.481937408447265625e+00,-9.909484863281250000e+00,-3.051020145416259766e+00,-5.315686702728271484e+00,-3.427033901214599609e+00
-4.286975860595703125e+00,-7.969342231750488281e+00,-1.100987434387207031e+01,-4.251924514770507812e+00,-7.091545104980468750e+00,-3.790975570678710938e+00,-4.573959350585937500e+00,-4.293968677520751953e+00
-4.800464630126953125e+00,-6.510168075561523438e+00,-1.102373504638671875e+01,-5.889970302581787109e+00,-1.100904273986816406e+01,-2.066681623458862305e+00,-4.405039787292480469e+00,-4.816017627716064453e+00
-4.334779739379882812e+00,-8.093646049499511719e+00,-1.000544738769531250e+01,-5.481999397277832031e+00,-9.242286682128906250e+00,-4.405188560485839844e+00,-5.351358890533447266e+00,-2.903719663619995117e+00
-4.213761329650878906e+00,-7.264141559600830078e+00,-1.092220306396484375e+01,-5.747965812683105469e+00,-1.071311950683593750e+01,-3.293219089508056641e+00,-6.390900611877441406e+00,-4.856507778167724609e+00
-4.011313438415527344e+00,-7.773764610290527344e+00,-1.056023406982421875e+01,-4.756117343902587891e+00,-8.013115882873535156e+00,-4.191023826599121094e+00,-5.084930896759033203e+00,-3.585616588592529297e+00
-4.869279384613037109e+00,-6.806461334228515625e+00,-1.103024101257324219e+01,-5.723345756530761719e+00,-1.067191600799560547e+01,-2.473565101623535156e+00,-5.321308612823486328e+00,-4.391056060791015625e+00
-3.550980091094970703e+00,-7.566733360290527344e+00,-1.004318428039550781e+01,-3.002920150756835938e+00,-6.369376182556152344e+00,-3.581959724426269531e+00,-4.321212291717529297e+00,-4.093039035797119141e+00
-4.522028923034667969e+00,-6.482805252075195312e+00,-1.066247940063476562e+01,-5.947047710418701172e+00,-1.106732940673828125e+01,-1.904152512550354004e+00,-3.445421695709228516e+00,-4.565871238708496094e+00
-4.138410568237304688e+00,-8.344778060913085938e+00,-1.057987689971923828e+01,-4.884012222290039062e+00,-7.375036716461181641e+00,-2.608818054199218750e+00,-5.231306552886962891e+00,-3.842233180999755859e+00
-1.550924062728881836e+00,-7.380366325378417969e+00,-1.061171150207519531e+01,-6.273931026458740234e+00,-1.035101318359375000e+01,-9.365371704101562500e+00,-1.060484886169433594e+01,-8.069094657897949219e+00
-1.751281023025512695e+00,-9.479677200317382812e+00,-1.001185131072998047e+01,-6.202830791473388672e+00,-9.804893493652343750e+00,-6.014647483825683594e+00,-7.049867630004882812e+00,-3.054182529449462891e+00
-2.208699226379394531e+00,-7.365827560424804688e+00,-8.107160568237304688e+00,-4.864995956420898438e+00,-8.408054351806640625e+00,-3.485988616943359375e+00,-6.564040660858154297e+00,-1.868483781814575195e+00
-7.283965349197387695e-01,-7.023532867431640625e+00,-8.820686340332031250e+00,-5.409547805786132812e+00,-9.790462493896484375e+00,-5.718362808227539062e+00,-6.749471187591552734e+00,-2.577425479888916016e+00
-2.592529773712158203e+00,-7.921063423156738281e+00,-1.031261634826660156e+01,-6.364409446716308594e+00,-9.574788093566894531e+00,-6.730266571044921875e+00,-8.161968231201171875e+00,-2.735888957977294922e+00
-1.644645929336547852e+00,-7.184617996215820312e+00,-9.027614593505859375e+00,-5.088745594024658203e+00,-8.433205604553222656e+00,-5.685539245605468750e+00,-6.704289436340332031e+00,-2.183421134948730469e+00
-9.526734948158264160e-01,-8.006263732910156250e+00,-9.078326225280761719e+00,-5.465221405029296875e+00,-1.005158424377441406e+01,-6.041778564453125000e+00,-6.789763450622558594e+00,-2.821276426315307617e+00
-1.559864521026611328e+00,-7.131420135498046875e+00,-9.203737258911132812e+00,-5.371630668640136719e+00,-9.075591087341308594e+00,-5.783719062805175781e+00,-6.551716327667236328e+00,-2.745685577392578125e+00
-1.654682397842407227e+00,-6.928294658660888672e+00,-9.010988235473632812e+00,-5.886959552764892578e+00,-9.366501808166503906e+00,-5.186295509338378906e+00,-6.481249809265136719e+00,-3.695647716522216797e+00
-2.141767024993896484e+00,-6.993818759918212891e+00,-8.786416053771972656e+00,-4.711378097534179688e+00,-8.999562263488769531e+00,-3.417935848236083984e+00,-6.146981716156005859e+00,-1.843749761581420898e+00
-2.182668209075927734e+00,-7.974106788635253906e+00,-9.097496986389160156e+00,-4.435313224792480469e+00,-9.050043106079101562e+00,-6.297533988952636719e+00,-6.287705421447753906e+00,-2.408451795578002930e+00
-1.150519490242004395e+00,-7.854401588439941406e+00,-9.165983200073242188e+00,-5.374645709991455078e+00,-9.619991302490234375e+00,-5.999259471893310547e+00,-7.103287696838378906e+00,-2.299138307571411133e+00
-1.977782964706420898e+00,-8.322402954101562500e+00,-9.360936164855957031e+00,-5.749320983886718750e+00,-8.276844024658203125e+00,-5.694645404815673828e+00,-6.714891910552978516e+00,-2.567877531051635742e+00
-3.363304138183593750e+00,-6.512571811676025391e+00,-9.019283294677734375e+00,-1.219641208648681641e+00,-1.076470184326171875e+01,-1.251695871353149414e+00,-2.211652517318725586e+00,-4.730070590972900391e+00
-2.882684946060180664e+00,-8.358512878417968750e+00,-9.392765045166015625e+00,-4.507573127746582031e+00,-8.819865226745605469e+00,-3.567389011383056641e+00,-4.659752845764160156e+00,-4.951075077056884766e+00
-2.032995939254760742e+00,-7.783715724945068359e+00,-9.352021217346191406e+00,-3.996781826019287109e+00,-9.113271713256835938e+00,-3.547980070114135742e+00,-3.886250019073486328e+00,-4.246646881103515625e+00
-2.451672554016113281e+00,-8.806200981140136719e+00,-1.100992393493652344e+01,-5.159090042114257812e+00,-1.028826522827148438e+01,-2.285563945770263672e+00,-7.247525215148925781e+00,-5.787162303924560547e+00
-4.226714134216308594e+00,-8.403122901916503906e+00,-1.065576744079589844e+01,-5.558074951171875000e+00,-9.510168075561523438e+00,-4.097473144531250000e+00,-5.186330795288085938e+00,-3.182828664779663086e+00
-4.079624652862548828e+00,-7.990638732910156250e+00,-1.041637039184570312e+01,-4.898589134216308594e+00,-8.627845764160156250e+00,-1.783044815063476562e+00,-4.571305274963378906e+00,-4.537863731384277344e+00
-2.306418180465698242e+00,-7.137503623962402344e+00,-1.016459751129150391e+01,-5.028527736663818359e+00,-9.619647026062011719e+00,-3.558088064193725586e+00,-3.340385198593139648e+00,-4.842746734619140625e+00
-2.932130336761474609e+00,-6.834589958190917969e+00,-1.020440101623535156e+01,-5.852320671081542969e+00,-1.061692905426025391e+01,-2.772161960601806641e+00,-3.148349046707153320e+00,-5.369068145751953125e+00
-2.411240577697753906e+00,-7.044259071350097656e+00,-9.449177742004394531e+00,-2.444462299346923828e+00,-5.819269657135009766e+00,-2.594762802124023438e+00,-3.290063381195068359e+00,-3.908623218536376953e+00
-1.854092836380004883e+00,-7.008595466613769531e+00,-9.612401962280273438e+00,-3.680112361907958984e+00,-8.800493240356445312e+00,-3.038153648376464844e+00,-3.977523803710937500e+00,-3.591571331024169922e+00
-9.010039567947387695e-01,-6.572132110595703125e+00,-7.512895584106445312e+00,-2.029497146606445312e+00,-5.721415042877197266e+00,-3.278605461120605469e+00,-2.092751979827880859e+00,-3.122800350189208984e+00
-1.717247605323791504e+00,-6.842872619628906250e+00,-9.099447250366210938e+00,-2.507822513580322266e+00,-5.729678630828857422e+00,-2.420893192291259766e+00,-3.210612058639526367e+00,-3.566832065582275391e+00
-8.976463079452514648e-01,-6.345381736755371094e+00,-7.352921485900878906e+00,-1.880607962608337402e+00,-5.701698780059814453e+00,-3.321624279022216797e+00,-1.840805411338806152e+00,-3.021171092987060547e+00
-1.074400544166564941e+00,-6.753283977508544922e+00,-8.538773536682128906e+00,-2.403494358062744141e+00,-6.109257221221923828e+00,-1.797927498817443848e+00,-3.027434110641479492e+00,-3.415556430816650391e+00
-1.096878886222839355e+00,-6.385654449462890625e+00,-9.026978492736816406e+00,-2.919594764709472656e+00,-7.035906314849853516e+00,-1.795618057250976562e+00,-2.448016881942749023e+00,-3.337530851364135742e+00
-8.171938657760620117e-01,-6.455546379089355469e+00,-7.405977249145507812e+00,-1.975952267646789551e+00,-5.701055049896240234e+00,-3.050832271575927734e+00,-1.998982191085815430e+00,-3.037854671478271484e+00
-1.042212009429931641e+00,-6.499220371246337891e+00,-7.508853435516357422e+00,-1.915226697921752930e+00,-5.701368331909179688e+00,-3.352060317993164062e+00,-1.957507491111755371e+00,-3.043473482131958008e+00
-1.164409756660461426e+00,-6.487738609313964844e+00,-7.837022781372070312e+00,-1.846371054649353027e+00,-5.613728046417236328e+00,-3.330800056457519531e+00,-1.769361376762390137e+00,-2.858628273010253906e+00
-1.153656601905822754e+00,-6.501640319824218750e+00,-7.733015060424804688e+00,-1.881208658218383789e+00,-5.648228168487548828e+00,-3.376003742218017578e+00,-1.830789208412170410e+00,-2.925746440887451172e+00
-2.408888339996337891e+00,-5.930316448211669922e+00,-8.616269111633300781e+00,-5.789944648742675781e+00,-1.109624862670898438e+00,-4.022122621536254883e-01,-2.716235637664794922e+00,-4.555550575256347656e+00
-1.153981924057006836e+00,-6.562870025634765625e+00,-7.424255371093750000e+00,-1.984040379524230957e+00,-5.740331172943115234e+00,-3.448171615600585938e+00,-2.130719184875488281e+00,-3.172412395477294922e+00
-2.106021165847778320e+00,-7.913007259368896484e+00,-8.397861480712890625e+00,-4.691832542419433594e+00,-8.452537536621093750e+00,-5.048745155334472656e+00,-5.286478996276855469e+00,-2.982265472412109375e+00
-1.235078573226928711e+00,-6.749601840972900391e+00,-8.176644325256347656e+00,-4.751598358154296875e+00,-7.099760055541992188e+00,-2.754577636718750000e+00,-3.231064319610595703e+00,-3.564058303833007812e+00
-6.897490024566650391e-01,-7.667034149169921875e+00,-7.197711467742919922e+00,-5.266657829284667969e+00,-9.663291931152343750e+00,-5.213171958923339844e+00,-6.853639125823974609e+00,-3.804198265075683594e+00
-1.012949228286743164e+00,-6.866951942443847656e+00,-5.970031738281250000e+00,-4.679898262023925781e+00,-7.812563419342041016e+00,-3.031946182250976562e+00,-5.750194549560546875e+00,-2.727530002593994141e+00
-2.018162727355957031e+00,-6.732930183410644531e+00,-6.454263687133789062e+00,-4.816976547241210938e+00,-7.470171451568603516e+00,-2.123044013977050781e+00,-4.275645732879638672e+00,-2.868473052978515625e+00
-4.694361686706542969e+00,-8.300573348999023438e+00,-1.036058616638183594e+01,-4.273405551910400391e+00,-6.839449882507324219e+00,-1.452105760574340820e+00,-4.592061519622802734e+00,-2.721287488937377930e+00
-4.667139530181884766e+00,-8.306871414184570312e+00,-1.056157112121582031e+01,-4.259201526641845703e+00,-6.900712966918945312e+00,-1.468032598495483398e+00,-4.749491691589355469e+00,-2.783414363861083984e+00
-3.451890945434570312e+00,-7.388466835021972656e+00,-1.019322204589843750e+01,-2.702956199645996094e+00,-9.617185592651367188e+00,-1.551614522933959961e+00,-3.676943540573120117e+00,-5.206791877746582031e+00
-4.647336006164550781e+00,-8.135761260986328125e+00,-1.030557060241699219e+01,-4.258110046386718750e+00,-6.871564865112304688e+00,-1.466070652008056641e+00,-4.692987442016601562e+00,-3.112035512924194336e+00
-2.594623804092407227e+00,-7.667367935180664062e+00,-9.298069953918457031e+00,-2.780277013778686523e+00,-7.968928337097167969e+00,-1.810916781425476074e+00,-4.070215225219726562e+00,-4.783054828643798828e+00
-4.237689971923828125e+00,-7.060634136199951172e+00,-1.136416816711425781e+01,-4.544192790985107422e+00,-6.898073196411132812e+00,-1.478245377540588379e+00,-4.405824661254882812e+00,-2.846764564514160156e+00
-1.516276001930236816e+00,-7.408185958862304688e+00,-9.496917724609375000e+00,-2.761803865432739258e+00,-6.379240036010742188e+00,-2.343072414398193359e+00,-3.748125553131103516e+00,-3.360033512115478516e+00
-2.078013896942138672e+00,-7.107882976531982422e+00,-9.022901535034179688e+00,-2.768358945846557617e+00,-8.755535125732421875e+00,-1.847636580467224121e+00,-3.353060007095336914e+00,-4.364614009857177734e+00
-1.161838650703430176e+00,-6.865120887756347656e+00,-8.812428474426269531e+00,-2.565026283264160156e+00,-6.040640354156494141e+00,-2.305214881896972656e+00,-3.165494441986083984e+00,-3.308626890182495117e+00
-1.232834577560424805e+00,-6.949264049530029297e+00,-8.876049995422363281e+00,-2.587376117706298828e+00,-6.032623767852783203e+00,-2.020191192626953125e+00,-3.279225826263427734e+00,-3.307197332382202148e+00
-1.034427881240844727e+00,-6.803950786590576172e+00,-8.544357299804687500e+00,-2.685637712478637695e+00,-5.900532722473144531e+00,-1.864033222198486328e+00,-3.547456979751586914e+00,-2.868728160858154297e+00
-4.253895759582519531e+00,-7.755365371704101562e+00,-1.005511283874511719e+01,-4.396024703979492188e+00,-7.356028556823730469e+00,-1.503752470016479492e+00,-4.614947795867919922e+00,-2.093700885772705078e+00
-1.151917338371276855e+00,-6.727934837341308594e+00,-8.518993377685546875e+00,-2.628258228302001953e+00,-5.713997364044189453e+00,-2.080771684646606445e+00,-3.093549966812133789e+00,-3.046370029449462891e+00
-4.338229179382324219e+00,-8.072879791259765625e+00,-9.850307464599609375e+00,-5.545049190521240234e+00,-9.377687454223632812e+00,-4.361880779266357422e+00,-5.270364284515380859e+00,-2.878475189208984375e+00
-4.425810337066650391e+00,-7.434985160827636719e+00,-1.030671119689941406e+01,-4.801102638244628906e+00,-8.253196716308593750e+00,-4.644187927246093750e+00,-4.470028400421142578e+00,-3.813338279724121094e+00
-4.151425838470458984e+00,-6.146093845367431641e+00,-1.032164669036865234e+01,-1.024818420410156250e+00,-7.192075729370117188e+00,-6.539028882980346680e-01,-2.746287107467651367e+00,-4.692339897155761719e+00
-3.892612457275390625e+00,-6.934140682220458984e+00,-1.066396713256835938e+01,-2.835416793823242188e+00,-6.210106372833251953e+00,-1.653726458549499512e+00,-4.119742393493652344e+00,-3.898653030395507812e+00
-4.595363140106201172e+00,-7.837230682373046875e+00,-1.075192642211914062e+01,-4.996910095214843750e+00,-8.726289749145507812e+00,-3.936186790466308594e+00,-5.398119926452636719e+00,-3.790669441223144531e+00
-4.325662612915039062e+00,-7.287807464599609375e+00,-1.110384368896484375e+01,-4.600926876068115234e+00,-8.084305763244628906e+00,-4.229480743408203125e+00,-4.396062850952148438e+00,-4.084803581237792969e+00
-4.126930236816406250e+00,-6.890867710113525391e+00,-1.052879333496093750e+01,-4.485061645507812500e+00,-7.947559356689453125e+00,-4.807156562805175781e+00,-4.597808837890625000e+00,-4.531006336212158203e+00
-4.280490875244140625e+00,-7.893797874450683594e+00,-1.031823348999023438e+01,-4.873588562011718750e+00,-8.695386886596679688e+00,-4.468643188476562500e+00,-5.115161895751953125e+00,-3.321637630462646484e+00
-4.332223892211914062e+00,-7.842480659484863281e+00,-1.040059471130371094e+01,-5.217826843261718750e+00,-9.256884574890136719e+00,-4.320612907409667969e+00,-5.373353481292724609e+00,-3.449007749557495117e+00
-4.304387569427490234e+00,-7.795631408691406250e+00,-1.103406906127929688e+01,-4.819013118743896484e+00,-7.168051719665527344e+00,-1.607270121574401855e+00,-4.691594123840332031e+00,-3.744779109954833984e+00
-4.065070152282714844e+00,-8.103908538818359375e+00,-1.106096649169921875e+01,-4.507670879364013672e+00,-7.049130916595458984e+00,-5.839008331298828125e+00,-4.930726051330566406e+00,-4.036103725433349609e+00
-3.743607997894287109e+00,-7.523664474487304688e+00,-1.010851764678955078e+01,-3.414189338684082031e+00,-6.579598426818847656e+00,-4.316450119018554688e+00,-4.418498992919921875e+00,-4.096520900726318359e+00
-4.018237590789794922e+00,-8.019325256347656250e+00,-1.090242767333984375e+01,-4.299169063568115234e+00,-6.600915431976318359e+00,-4.290686607360839844e+00,-4.596069812774658203e+00,-3.942989826202392578e+00
-2.299437046051025391e+00,-6.225808143615722656e+00,-7.982843399047851562e+00,-5.050689220428466797e+00,-8.491447448730468750e+00,-5.221312522888183594e+00,-6.246185302734375000e+00,-3.694771051406860352e+00
-1.782142996788024902e+00,-6.888542175292968750e+00,-9.318698883056640625e+00,-3.678644657135009766e+00,-8.863566398620605469e+00,-3.095698833465576172e+00,-4.140027046203613281e+00,-3.648786067962646484e+00
-1.767457246780395508e+00,-7.030261993408203125e+00,-9.387116432189941406e+00,-3.696879863739013672e+00,-9.030215263366699219e+00,-3.031634092330932617e+00,-4.119642257690429688e+00,-3.673567056655883789e+00
-1.911601543426513672e+00,-7.281419754028320312e+00,-9.629934310913085938e+00,-3.785722255706787109e+00,-8.981103897094726562e+00,-3.335974454879760742e+00,-3.944088459014892578e+00,-3.753733158111572266e+00
-1.853943824768066406e+00,-7.140339374542236328e+00,-9.161561012268066406e+00,-3.713965177536010742e+00,-8.931550979614257812e+00,-3.157209396362304688e+00,-4.134261608123779297e+00,-3.765069007873535156e+00
-1.820801019668579102e+00,-7.097674846649169922e+00,-9.518258094787597656e+00,-3.708462238311767578e+00,-8.983023643493652344e+00,-3.074119091033935547e+00,-4.072719573974609375e+00,-3.640511035919189453e+00
-1.848130702972412109e+00,-7.122220516204833984e+00,-9.136066436767578125e+00,-3.701105594635009766e+00,-8.951117515563964844e+00,-3.104948520660400391e+00,-4.157048225402832031e+00,-3.747891902923583984e+00
-1.861087679862976074e+00,-7.160970687866210938e+00,-9.192939758300781250e+00,-3.701035499572753906e+00,-8.991781234741210938e+00,-3.116890430450439453e+00,-4.137126445770263672e+00,-3.699201822280883789e+00
-1.753145337104797363e+00,-7.012044429779052734e+00,-9.405766487121582031e+00,-3.744590044021606445e+00,-8.775999069213867188e+00,-3.263863086700439453e+00,-4.188880443572998047e+00,-3.742060184478759766e+00
-1.783888101577758789e+00,-6.871145248413085938e+00,-9.308551788330078125e+00,-3.756447792053222656e+00,-8.749920845031738281e+00,-3.241348505020141602e+00,-4.185199737548828125e+00,-3.749796628952026367e+00
-4.336760520935058594e+00,-8.073390007019042969e+00,-1.080221176147460938e+01,-4.266972064971923828e+00,-7.192932128906250000e+00,-1.478447914123535156e+00,-4.891267776489257812e+00,-3.411624908447265625e+00
-1.728628873825073242e+00,-6.990640163421630859e+00,-9.273962974548339844e+00,-3.659831523895263672e+00,-9.007152557373046875e+00,-2.948299169540405273e+00,-3.960621595382690430e+00,-3.734181880950927734e+00
-4.326870918273925781e+00,-7.661443710327148438e+00,-1.069869041442871094e+01,-4.398793697357177734e+00,-7.219048500061035156e+00,-1.583142757415771484e+00,-4.551677227020263672e+00,-3.694499731063842773e+00
-4.549494743347167969e+00,-6.598557949066162109e+00,-9.915003776550292969e+00,-6.373604774475097656e+00,-1.031018352508544922e+01,-6.587636470794677734e-01,-2.811201095581054688e+00,-4.660154581069946289e-01
-3.807759046554565430e+00,-6.631427288055419922e+00,-9.687465667724609375e+00,-6.260954856872558594e+00,-1.024272918701171875e+01,-8.635698556900024414e-01,-2.848343610763549805e+00,-4.908065795898437500e-01
-4.778651237487792969e+00,-6.680267810821533203e+00,-1.042076206207275391e+01,-5.888378143310546875e+00,-9.860890388488769531e+00,-1.462801456451416016e+00,-3.158950805664062500e+00,-8.074772357940673828e-01
-5.302145004272460938e+00,-7.112006187438964844e+00,-1.056671333312988281e+01,-6.460474014282226562e+00,-1.121886920928955078e+01,-1.980153322219848633e+00,-2.967211246490478516e+00,-5.226235866546630859e+00
-4.716598510742187500e+00,-6.912561893463134766e+00,-1.143096637725830078e+01,-4.294081687927246094e+00,-6.679550170898437500e+00,-1.514266490936279297e+00,-4.585507392883300781e+00,-1.208743929862976074e+00
-4.890505790710449219e+00,-6.506897926330566406e+00,-1.064658927917480469e+01,-5.548337936401367188e+00,-1.020082092285156250e+01,-1.608118653297424316e+00,-3.263487339019775391e+00,-1.103090524673461914e+00
-4.900183200836181641e+00,-6.606979846954345703e+00,-1.055773067474365234e+01,-6.214396476745605469e+00,-1.112539386749267578e+01,-1.902183175086975098e+00,-3.178398609161376953e+00,-4.563379287719726562e+00
-4.735962867736816406e+00,-6.541514873504638672e+00,-1.066244506835937500e+01,-5.640420913696289062e+00,-9.063006401062011719e+00,-1.367118120193481445e+00,-3.226057767868041992e+00,-4.612767696380615234e-02
-4.755101203918457031e+00,-6.690347671508789062e+00,-1.072093486785888672e+01,-5.793799877166748047e+00,-1.040323448181152344e+01,-1.723674654960632324e+00,-3.414670467376708984e+00,-2.378608226776123047e+00
-4.484721183776855469e+00,-6.987594604492187500e+00,-1.039607620239257812e+01,-6.670352935791015625e+00,-1.121689605712890625e+01,-1.937202692031860352e+00,-2.807216405868530273e+00,-5.268812656402587891e+00
-4.522482872009277344e+00,-6.616304397583007812e+00,-1.065213680267333984e+01,-4.842756271362304688e+00,-7.268857479095458984e+00,-1.527827620506286621e+00,-4.091327190399169922e+00,-9.234189987182617188e-02
-4.062472343444824219e+00,-6.486322879791259766e+00,-1.084912490844726562e+01,-6.025911331176757812e+00,-1.166718006134033203e+01,-1.871845483779907227e+00,-3.229278802871704102e+00,-4.993586540222167969e+00
-4.039444923400878906e+00,-6.202519416809082031e+00,-1.085442733764648438e+01,-5.941447734832763672e+00,-1.189006614685058594e+01,-1.818366765975952148e+00,-3.424903869628906250e+00,-4.613557815551757812e+00
-2.678175926208496094e+00,-7.905596256256103516e+00,-1.055835533142089844e+01,-6.087540149688720703e+00,-9.405002593994140625e+00,-5.088047027587890625e+00,-4.896656513214111328e+00,-3.679975986480712891e+00
-1.747222900390625000e+00,-6.426772117614746094e+00,-1.047051048278808594e+01,-6.091773509979248047e+00,-1.028965377807617188e+01,-1.978722929954528809e+00,-2.523234367370605469e+00,-4.648396015167236328e+00
-2.483654260635375977e+00,-7.768113136291503906e+00,-9.444322586059570312e+00,-4.510121345520019531e+00,-8.928690910339355469e+00,-3.320301771163940430e+00,-3.997292041778564453e+00,-5.198154926300048828e+00
-2.510897159576416016e+00,-7.240484237670898438e+00,-1.001727581024169922e+01,-4.226003170013427734e+00,-8.593766212463378906e+00,-3.542564392089843750e+00,-3.486117839813232422e+00,-5.058709621429443359e+00
-2.383135318756103516e+00,-6.484506130218505859e+00,-9.517283439636230469e+00,-5.769853591918945312e+00,-7.868505477905273438e+00,-6.716747283935546875e+00,-8.412065505981445312e+00,-6.261910438537597656e+00
-2.313764095306396484e+00,-7.336330890655517578e+00,-1.005748367309570312e+01,-4.790964126586914062e+00,-8.943500518798828125e+00,-3.616843223571777344e+00,-3.491450548171997070e+00,-5.123845100402832031e+00
-2.143450975418090820e+00,-6.668427467346191406e+00,-9.851869583129882812e+00,-5.635166168212890625e+00,-1.034693622589111328e+01,-2.693165063858032227e+00,-2.651634216308593750e+00,-5.068233489990234375e+00
-2.188899040222167969e+00,-6.489896774291992188e+00,-1.075531387329101562e+01,-6.127932548522949219e+00,-9.893220901489257812e+00,-2.546605348587036133e+00,-2.583918809890747070e+00,-4.445784091949462891e+00
-1.267408251762390137e+00,-6.898096084594726562e+00,-8.990233421325683594e+00,-2.634390830993652344e+00,-6.008463859558105469e+00,-3.333389759063720703e+00,-2.983102560043334961e+00,-3.367352724075317383e+00
-2.819906711578369141e+00,-6.406832695007324219e+00,-9.855154991149902344e+00,-5.576669692993164062e+00,-9.043931007385253906e+00,-1.458434343338012695e+00,-2.961381673812866211e+00,-4.431800365447998047e+00
-3.000167369842529297e+00,-6.737611770629882812e+00,-1.032338428497314453e+01,-4.364903450012207031e+00,-8.268600463867187500e+00,-3.615724802017211914e+00,-3.336929559707641602e+00,-4.395314693450927734e+00
-2.883484363555908203e+00,-6.671033382415771484e+00,-9.759140968322753906e+00,-5.827218532562255859e+00,-7.969566345214843750e+00,-6.780014991760253906e+00,-8.421443939208984375e+00,-6.199380874633789062e+00
-3.052359580993652344e+00,-6.737330436706542969e+00,-9.598564147949218750e+00,-5.759260654449462891e+00,-7.745137214660644531e+00,-6.769927024841308594e+00,-8.373041152954101562e+00,-6.120995998382568359e+00
-2.339142322540283203e+00,-7.802628993988037109e+00,-9.824922561645507812e+00,-3.170984506607055664e+00,-7.538526058197021484e+00,-2.273753881454467773e+00,-4.092013835906982422e+00,-4.151195049285888672e+00
-1.744630575180053711e+00,-7.785881042480468750e+00,-9.558195114135742188e+00,-3.122807502746582031e+00,-6.480309486389160156e+00,-2.379743576049804688e+00,-4.495173454284667969e+00,-3.765440225601196289e+00
-2.092996835708618164e+00,-7.442056179046630859e+00,-9.299599647521972656e+00,-2.630970478057861328e+00,-8.191500663757324219e+00,-1.901816606521606445e+00,-3.453854084014892578e+00,-4.302916049957275391e+00
-1.509555935859680176e+00,-7.570924282073974609e+00,-9.360042572021484375e+00,-3.139572620391845703e+00,-6.453084945678710938e+00,-2.494200229644775391e+00,-4.641926765441894531e+00,-3.335893630981445312e+00
-1.517889618873596191e+00,-7.453024387359619141e+00,-9.167720794677734375e+00,-2.835473060607910156e+00,-6.385270118713378906e+00,-2.182897567749023438e+00,-4.251177787780761719e+00,-3.330582141876220703e+00
-3.359826087951660156e+00,-6.937524318695068359e+00,-9.691303253173828125e+00,-2.201412916183471680e+00,-8.262428283691406250e+00,-1.187297940254211426e+00,-3.974254608154296875e+00,-4.354388236999511719e+00
-1.306086182594299316e+00,-7.219511508941650391e+00,-9.443713188171386719e+00,-2.663785457611083984e+00,-6.286334991455078125e+00,-1.939804553985595703e+00,-3.612357139587402344e+00,-3.109133243560791016e+00
-2.716780662536621094e+00,-6.348992824554443359e+00,-9.678623199462890625e+00,-3.428767919540405273e+00,-8.769038200378417969e+00,-9.494950771331787109e-01,-2.894188880920410156e+00,-3.939704895019531250e+00
-1.743502140045166016e+00,-6.985221862792968750e+00,-9.418808937072753906e+00,-2.635588645935058594e+00,-6.228506088256835938e+00,-1.810938477516174316e+00,-3.342780828475952148e+00,-3.355698585510253906e+00
-1.377987027168273926e+00,-7.336327552795410156e+00,-9.523833274841308594e+00,-2.718195915222167969e+00,-6.326883316040039062e+00,-1.968208670616149902e+00,-3.687387228012084961e+00,-3.195300102233886719e+00
-1.220787405967712402e+00,-7.119303703308105469e+00,-9.402977943420410156e+00,-2.643381118774414062e+00,-6.256390571594238281e+00,-1.989051461219787598e+00,-3.554303169250488281e+00,-3.143190860748291016e+00
-1.345651030540466309e+00,-7.059966087341308594e+00,-9.484050750732421875e+00,-2.706960678100585938e+00,-6.339106559753417969e+00,-2.219000101089477539e+00,-3.917096138000488281e+00,-3.158623218536376953e+00
-1.376794815063476562e+00,-7.288635253906250000e+00,-9.435765266418457031e+00,-2.660788297653198242e+00,-6.943714141845703125e+00,-2.095255374908447266e+00,-3.640382528305053711e+00,-3.400601387023925781e+00
-4.003574371337890625e+00,-7.105232238769531250e+00,-1.058773994445800781e+01,-3.427689313888549805e+00,-6.397645473480224609e+00,-1.541945219039916992e+00,-4.195788383483886719e+00,-2.252012252807617188e+00
-2.938780307769775391e+00,-7.409854888916015625e+00,-9.870893478393554688e+00,-3.276135921478271484e+00,-7.901216506958007812e+00,-3.921171665191650391e+00,-3.422657728195190430e+00,-4.141672134399414062e+00
-3.252052783966064453e+00,-7.410909652709960938e+00,-1.007851600646972656e+01,-4.246424674987792969e+00,-7.912168502807617188e+00,-4.287414550781250000e+00,-3.630720853805541992e+00,-4.043927669525146484e+00
-3.668805360794067383e+00,-6.866800308227539062e+00,-9.871271133422851562e+00,-2.912621498107910156e+00,-6.405433654785156250e+00,-1.465475797653198242e+00,-3.676736593246459961e+00,-3.868820190429687500e+00
-2.294350147247314453e+00,-6.767758369445800781e+00,-9.189415931701660156e+00,-2.690709829330444336e+00,-5.840193748474121094e+00,-3.493208646774291992e+00,-2.879005193710327148e+00,-3.622155189514160156e+00
-2.388835191726684570e+00,-6.396368026733398438e+00,-9.358709335327148438e+00,-3.565499544143676758e+00,-7.832480430603027344e+00,-1.524124026298522949e+00,-2.598621845245361328e+00,-3.843001127243041992e+00
-1.319644451141357422e+00,-6.261001110076904297e+00,-8.872925758361816406e+00,-3.626154184341430664e+00,-8.523164749145507812e+00,-1.610753297805786133e+00,-2.271257400512695312e+00,-3.814605712890625000e+00
-2.050882339477539062e+00,-6.687221050262451172e+00,-9.436881065368652344e+00,-3.155479907989501953e+00,-6.890561580657958984e+00,-1.383753895759582520e+00,-2.989058017730712891e+00,-3.844441890716552734e+00
-1.095324993133544922e+00,-6.986629486083984375e+00,-9.228282928466796875e+00,-2.492740154266357422e+00,-5.942636489868164062e+00,-2.213330507278442383e+00,-3.483130216598510742e+00,-3.233957290649414062e+00
-1.428792953491210938e+00,-6.419220447540283203e+00,-8.835304260253906250e+00,-3.741217613220214844e+00,-8.002800941467285156e+00,-1.510531544685363770e+00,-2.406992912292480469e+00,-3.813293457031250000e+00
-1.800303339958190918e+00,-6.416702270507812500e+00,-8.576304435729980469e+00,-2.493620872497558594e+00,-8.032230377197265625e+00,-1.762236833572387695e+00,-2.726371765136718750e+00,-3.926362991333007812e+00
-1.098639011383056641e+00,-5.922789573669433594e+00,-7.869262218475341797e+00,-3.931873321533203125e+00,-7.804555892944335938e+00,-1.643073320388793945e+00,-2.473217725753784180e+00,-3.828790664672851562e+00
-1.622394323348999023e+00,-6.224349498748779297e+00,-8.908793449401855469e+00,-3.447190999984741211e+00,-6.635251998901367188e+00,-2.588719129562377930e+00,-2.947807073593139648e+00,-3.642394542694091797e+00
-3.330579757690429688e+00,-8.173375129699707031e+00,-9.876760482788085938e+00,-4.467407703399658203e+00,-7.921195030212402344e+00,-5.404630661010742188e+00,-6.149501800537109375e+00,-5.057016372680664062e+00
-3.324546337127685547e+00,-8.444810867309570312e+00,-9.460357666015625000e+00,-5.143736839294433594e+00,-8.784599304199218750e+00,-3.662350654602050781e+00,-5.271835327148437500e+00,-5.881667613983154297e+00
-3.129146575927734375e+00,-7.987529754638671875e+00,-9.432113647460937500e+00,-5.129757404327392578e+00,-9.284750938415527344e+00,-3.734541416168212891e+00,-3.709978103637695312e+00,-5.418245792388916016e+00
-2.106929779052734375e+00,-7.837532043457031250e+00,-8.612550735473632812e+00,-5.127548217773437500e+00,-8.690972328186035156e+00,-4.788749694824218750e+00,-3.751837730407714844e+00,-4.485172748565673828e+00
-2.884261846542358398e+00,-8.048475265502929688e+00,-9.516989707946777344e+00,-4.467494487762451172e+00,-7.864717483520507812e+00,-4.302953243255615234e+00,-4.492284774780273438e+00,-4.698517322540283203e+00
-1.636956691741943359e+00,-6.932150363922119141e+00,-9.261612892150878906e+00,-5.257699966430664062e+00,-9.987538337707519531e+00,-3.253139495849609375e+00,-3.139206409454345703e+00,-5.105461597442626953e+00
-1.739840984344482422e+00,-7.124778270721435547e+00,-9.216285705566406250e+00,-3.721771478652954102e+00,-8.919403076171875000e+00,-3.159135341644287109e+00,-4.024671554565429688e+00,-3.884006977081298828e+00
-1.900889396667480469e+00,-6.881027221679687500e+00,-9.327688217163085938e+00,-3.741226196289062500e+00,-8.678130149841308594e+00,-3.253570079803466797e+00,-4.116818904876708984e+00,-3.685728311538696289e+00
-1.709701180458068848e+00,-6.835371494293212891e+00,-9.464559555053710938e+00,-5.415833950042724609e+00,-1.031963920593261719e+01,-2.088411808013916016e+00,-3.129219770431518555e+00,-4.914794445037841797e+00
-1.341210484504699707e+00,-6.661789894104003906e+00,-8.900191307067871094e+00,-1.851689338684082031e+00,-9.252395629882812500e+00,-1.670627593994140625e+00,-2.409337520599365234e+00,-3.825870037078857422e+00
-1.908309817314147949e+00,-6.804110050201416016e+00,-9.357457160949707031e+00,-5.795683860778808594e+00,-1.061734390258789062e+01,-1.958290457725524902e+00,-2.800295829772949219e+00,-4.939033031463623047e+00
-1.824875116348266602e+00,-7.052665710449218750e+00,-9.491809844970703125e+00,-3.780697584152221680e+00,-8.830365180969238281e+00,-3.203978061676025391e+00,-3.875149726867675781e+00,-4.016139984130859375e+00
-1.723881006240844727e+00,-7.114420413970947266e+00,-9.366144180297851562e+00,-3.698262929916381836e+00,-9.076148986816406250e+00,-2.972333908081054688e+00,-3.967698574066162109e+00,-3.865277290344238281e+00
-2.972100734710693359e+00,-7.699812889099121094e+00,-1.054613494873046875e+01,-5.389595985412597656e+00,-9.827674865722656250e+00,-4.308540344238281250e+00,-7.781963348388671875e+00,-4.916935443878173828e+00
-3.800073862075805664e+00,-6.960206508636474609e+00,-1.058401584625244141e+01,-5.447792053222656250e+00,-9.399250984191894531e+00,-4.878721237182617188e+00,-4.507195472717285156e+00,-3.536579370498657227e+00
-3.983211755752563477e+00,-7.467360973358154297e+00,-1.076246547698974609e+01,-4.967417716979980469e+00,-8.528435707092285156e+00,-4.245016098022460938e+00,-4.006151199340820312e+00,-3.626979351043701172e+00
-3.419028759002685547e+00,-7.903389453887939453e+00,-9.699651718139648438e+00,-4.698361396789550781e+00,-9.235935211181640625e+00,-4.955709457397460938e+00,-4.093868255615234375e+00,-4.386971950531005859e+00
-3.773617982864379883e+00,-6.723296642303466797e+00,-9.698150634765625000e+00,-5.642538547515869141e+00,-9.996277809143066406e+00,-4.253372192382812500e+00,-3.329794168472290039e+00,-4.649604320526123047e+00
-2.871994972229003906e+00,-6.595545768737792969e+00,-1.095789527893066406e+01,-5.066843986511230469e+00,-7.519503593444824219e+00,-5.135155677795410156e+00,-4.963586807250976562e+00,-3.493921756744384766e+00
-3.042081832885742188e+00,-6.519320487976074219e+00,-9.658517837524414062e+00,-4.853920936584472656e+00,-9.139132499694824219e+00,-5.009190559387207031e+00,-5.596583366394042969e+00,-3.201973915100097656e+00
-3.681471109390258789e+00,-6.945134162902832031e+00,-1.051991367340087891e+01,-5.533859252929687500e+00,-9.468419075012207031e+00,-4.663108825683593750e+00,-3.840994358062744141e+00,-4.445652961730957031e+00
-3.068939208984375000e+00,-6.564919471740722656e+00,-1.007186317443847656e+01,-4.876212120056152344e+00,-8.879110336303710938e+00,-5.066807746887207031e+00,-5.535857677459716797e+00,-3.168019056320190430e+00
-3.897353649139404297e+00,-6.865547180175781250e+00,-1.044186401367187500e+01,-5.323878288269042969e+00,-9.940938949584960938e+00,-6.528871536254882812e+00,-6.398319244384765625e+00,-4.144682407379150391e+00
-2.758069992065429688e+00,-7.144157409667968750e+00,-1.061122512817382812e+01,-5.313337326049804688e+00,-1.047062873840332031e+01,-6.275678634643554688e+00,-8.210197448730468750e+00,-5.334505558013916016e+00
-1.184400081634521484e+00,-5.350465297698974609e+00,-5.862686634063720703e+00,-4.034107685089111328e+00,-6.240108966827392578e+00,-1.825062870979309082e+00,-3.200520753860473633e+00,-3.207993984222412109e+00
-3.034171104431152344e+00,-6.781257152557373047e+00,-9.016112327575683594e+00,-5.712023735046386719e+00,-1.029874801635742188e+01,-4.461605072021484375e+00,-3.318029880523681641e+00,-4.339932918548583984e+00
-2.519417285919189453e+00,-6.245619297027587891e+00,-8.680508613586425781e+00,-5.084276676177978516e+00,-1.145084762573242188e+01,-1.392173647880554199e+00,-2.629739284515380859e+00,-4.703188419342041016e+00
-4.391032695770263672e+00,-7.518149375915527344e+00,-1.032168960571289062e+01,-4.439700126647949219e+00,-7.472308158874511719e+00,-1.727239608764648438e+00,-4.216162681579589844e+00,-4.692576408386230469e+00
-2.790004730224609375e+00,-6.461471557617187500e+00,-9.173847198486328125e+00,-4.649769783020019531e+00,-9.247907638549804688e+00,-4.937941551208496094e+00,-5.631560325622558594e+00,-3.332398891448974609e+00
-1.896318674087524414e+00,-7.438416004180908203e+00,-9.733060836791992188e+00,-4.615144729614257812e+00,-7.567674636840820312e+00,-4.696614265441894531e+00,-5.934033393859863281e+00,-4.026389598846435547e+00
-2.156382083892822266e+00,-6.274679183959960938e+00,-9.156953811645507812e+00,-5.009280204772949219e+00,-8.941873550415039062e+00,-4.986208915710449219e+00,-5.752174377441406250e+00,-3.442426204681396484e+00
-1.984796762466430664e+00,-5.832221031188964844e+00,-7.109158039093017578e+00,-5.296658992767333984e+00,-8.771850585937500000e+00,-5.632084846496582031e+00,-6.629888057708740234e+00,-3.462205886840820312e+00
-2.105080127716064453e+00,-5.802139759063720703e+00,-7.367872714996337891e+00,-5.298719406127929688e+00,-8.818501472473144531e+00,-5.579710960388183594e+00,-6.561588287353515625e+00,-3.295283317565917969e+00
-1.869540691375732422e+00,-5.819078445434570312e+00,-6.763285160064697266e+00,-5.297801017761230469e+00,-8.701050758361816406e+00,-5.560537338256835938e+00,-6.598897933959960938e+00,-3.462530136108398438e+00
-1.890886068344116211e+00,-5.806689262390136719e+00,-6.606317996978759766e+00,-5.337299823760986328e+00,-8.645536422729492188e+00,-5.623350143432617188e+00,-6.578510284423828125e+00,-3.347260236740112305e+00
-1.907307386398315430e+00,-5.852779865264892578e+00,-6.593713760375976562e+00,-5.353690147399902344e+00,-8.647686958312988281e+00,-5.616763114929199219e+00,-6.512463569641113281e+00,-3.364472389221191406e+00
-2.021177530288696289e+00,-5.974657058715820312e+00,-6.734836578369140625e+00,-5.335833549499511719e+00,-8.741004943847656250e+00,-5.658255577087402344e+00,-6.524262428283691406e+00,-3.334844112396240234e+00
-1.467498421669006348e+00,-6.168990612030029297e+00,-8.360115051269531250e+00,-5.504074096679687500e+00,-9.055557250976562500e+00,-5.745307922363281250e+00,-6.603654861450195312e+00,-3.406417846679687500e+00
-1.794030904769897461e+00,-6.428797721862792969e+00,-8.886705398559570312e+00,-4.491225242614746094e+00,-8.656465530395507812e+00,-4.520836353302001953e+00,-5.358455181121826172e+00,-3.689354419708251953e+00
-4.474936485290527344e+00,-8.013191223144531250e+00,-1.060898780822753906e+01,-5.660833358764648438e+00,-8.176872253417968750e+00,-3.904299736022949219e+00,-4.177725315093994141e+00,-5.308701515197753906e+00
-1.177591681480407715e+00,-6.520469665527343750e+00,-7.691989421844482422e+00,-1.922255516052246094e+00,-5.678530216217041016e+00,-3.362000226974487305e+00,-1.971407413482666016e+00,-3.042374610900878906e+00
-1.175520181655883789e+00,-6.494983196258544922e+00,-7.783889770507812500e+00,-1.886672735214233398e+00,-5.630416870117187500e+00,-3.353034496307373047e+00,-1.866224646568298340e+00,-2.930282592773437500e+00
-1.197769165039062500e+00,-6.475242614746093750e+00,-7.807431221008300781e+00,-1.908014535903930664e+00,-5.656533241271972656e+00,-3.310452938079833984e+00,-1.948305964469909668e+00,-3.026025295257568359e+00
-1.223502397537231445e+00,-6.601535320281982422e+00,-7.637123107910156250e+00,-2.063502788543701172e+00,-5.718868255615234375e+00,-3.336673498153686523e+00,-2.248640537261962891e+00,-3.202837228775024414e+00
-1.485789060592651367e+00,-7.160831451416015625e+00,-8.009539604187011719e+00,-2.798227548599243164e+00,-5.911019325256347656e+00,-2.517268419265747070e+00,-3.578882694244384766e+00,-2.863315582275390625e+00
-1.167515754699707031e+00,-6.517910480499267578e+00,-7.781986236572265625e+00,-1.874176025390625000e+00,-5.649261474609375000e+00,-3.295550107955932617e+00,-1.913105130195617676e+00,-2.992942094802856445e+00
-1.352617740631103516e+00,-6.811659812927246094e+00,-8.722796440124511719e+00,-2.474643945693969727e+00,-6.552210330963134766e+00,-2.199903488159179688e+00,-3.485414266586303711e+00,-3.694840908050537109e+00
-1.361438751220703125e+00,-7.125274658203125000e+00,-8.792192459106445312e+00,-2.566216468811035156e+00,-6.010745525360107422e+00,-2.102865219116210938e+00,-3.362076520919799805e+00,-3.456785678863525391e+00
-3.494544267654418945e+00,-8.409440040588378906e+00,-1.096469402313232422e+01,-5.639029026031494141e+00,-7.088253498077392578e+00,-5.634233474731445312e+00,-7.304917335510253906e+00,-2.536807537078857422e+00
-2.131879568099975586e+00,-7.486861228942871094e+00,-8.432176589965820312e+00,-3.223046779632568359e+00,-6.361621856689453125e+00,-3.421171665191650391e+00,-4.140477657318115234e+00,-3.157650470733642578e+00
-1.177537560462951660e+00,-6.529943943023681641e+00,-7.692658424377441406e+00,-1.929707050323486328e+00,-5.679179668426513672e+00,-3.360093593597412109e+00,-1.993269801139831543e+00,-3.059547901153564453e+00
-1.854964733123779297e+00,-7.592008590698242188e+00,-8.219028472900390625e+00,-3.073276996612548828e+00,-6.278656959533691406e+00,-2.457424163818359375e+00,-4.357586383819580078e+00,-2.898827552795410156e+00
-1.119499444961547852e+00,-6.786386966705322266e+00,-8.413031578063964844e+00,-2.452062606811523438e+00,-5.722817897796630859e+00,-2.093985080718994141e+00,-2.882346153259277344e+00,-3.112077236175537109e+00
-1.211692452430725098e+00,-6.579109668731689453e+00,-7.572396278381347656e+00,-2.032639980316162109e+00,-5.707813262939453125e+00,-3.450603723526000977e+00,-2.142585277557373047e+00,-3.122829914093017578e+00
-1.183950185775756836e+00,-6.462080955505371094e+00,-7.887734413146972656e+00,-1.795926094055175781e+00,-5.582658767700195312e+00,-3.283605575561523438e+00,-1.669758319854736328e+00,-2.756799697875976562e+00
-1.147266864776611328e+00,-6.458368301391601562e+00,-7.781281471252441406e+00,-1.896238446235656738e+00,-5.622576713562011719e+00,-3.391937494277954102e+00,-1.784716129302978516e+00,-2.870879173278808594e+00
-1.186354160308837891e+00,-6.452662467956542969e+00,-7.785074710845947266e+00,-1.871072411537170410e+00,-5.613880634307861328e+00,-3.357060432434082031e+00,-1.816784620285034180e+00,-2.862921237945556641e+00
-1.105649352073669434e+00,-6.410623073577880859e+00,-7.773737430572509766e+00,-1.856545209884643555e+00,-5.624002933502197266e+00,-3.329411983489990234e+00,-1.755149841308593750e+00,-2.895582199096679688e+00
-1.177118301391601562e+00,-6.588654518127441406e+00,-7.605325222015380859e+00,-1.975033760070800781e+00,-5.714228630065917969e+00,-3.395826339721679688e+00,-2.081309318542480469e+00,-3.133411407470703125e+00
-1.131639957427978516e+00,-6.461833477020263672e+00,-7.761388301849365234e+00,-1.886496186256408691e+00,-5.634940624237060547e+00,-3.363048791885375977e+00,-1.807386636734008789e+00,-2.915982246398925781e+00
-1.192778229713439941e+00,-6.471970081329345703e+00,-7.921824455261230469e+00,-1.783384084701538086e+00,-5.577455520629882812e+00,-3.269082784652709961e+00,-1.644579410552978516e+00,-2.742970943450927734e+00
-1.032900094985961914e+00,-6.581025600433349609e+00,-7.630693435668945312e+00,-2.080158233642578125e+00,-5.682709217071533203e+00,-3.174947738647460938e+00,-2.225707769393920898e+00,-3.105450153350830078e+00
-1.161742448806762695e+00,-6.467607498168945312e+00,-7.823803901672363281e+00,-1.862785696983337402e+00,-5.612052440643310547e+00,-3.361055612564086914e+00,-1.758534073829650879e+00,-2.844733238220214844e+00
-1.175339579582214355e+00,-6.513925552368164062e+00,-7.752614974975585938e+00,-1.822399258613586426e+00,-5.647394180297851562e+00,-3.287795066833496094e+00,-1.857314944267272949e+00,-2.949511766433715820e+00
-1.118561148643493652e+00,-6.497481822967529297e+00,-7.712427139282226562e+00,-1.894767045974731445e+00,-5.652759552001953125e+00,-3.366913557052612305e+00,-1.843875885009765625e+00,-2.948498964309692383e+00
-2.230917930603027344e+00,-7.634426593780517578e+00,-8.994220733642578125e+00,-4.451628684997558594e+00,-8.718096733093261719e+00,-4.533299446105957031e+00,-5.535990715026855469e+00,-4.362770557403564453e+00
-2.018402338027954102e+00,-7.480664253234863281e+00,-8.994763374328613281e+00,-4.572754383087158203e+00,-9.332469940185546875e+00,-4.263179779052734375e+00,-5.833378791809082031e+00,-4.253931999206542969e+00
-1.618415832519531250e+00,-7.008681297302246094e+00,-8.185779571533203125e+00,-2.554050922393798828e+00,-8.948314666748046875e+00,-1.841406941413879395e+00,-3.602912664413452148e+00,-4.208914279937744141e+00
-1.269604802131652832e+00,-6.478490352630615234e+00,-8.389551162719726562e+00,-2.810900688171386719e+00,-9.196372032165527344e+00,-1.912144422531127930e+00,-3.283780097961425781e+00,-3.663036346435546875e+00
-1.181811571121215820e+00,-6.453840255737304688e+00,-8.240525245666503906e+00,-2.400183200836181641e+00,-9.299904823303222656e+00,-1.776667356491088867e+00,-2.963183641433715820e+00,-3.804712772369384766e+00
-1.801178097724914551e+00,-7.153120994567871094e+00,-8.845423698425292969e+00,-4.327733993530273438e+00,-9.323346138000488281e+00,-3.804171085357666016e+00,-5.341264247894287109e+00,-4.296926498413085938e+00
-2.004586696624755859e+00,-7.387427330017089844e+00,-8.695851325988769531e+00,-4.475450515747070312e+00,-9.579156875610351562e+00,-3.915468692779541016e+00,-5.519215106964111328e+00,-4.710640430450439453e+00
-1.184142589569091797e+00,-6.372023582458496094e+00,-8.773695945739746094e+00,-2.217668771743774414e+00,-6.360736370086669922e+00,-1.783267855644226074e+00,-2.883156776428222656e+00,-3.414467334747314453e+00
-9.638969302177429199e-01,-6.373840808868408203e+00,-7.812694549560546875e+00,-2.063366174697875977e+00,-5.844491481781005859e+00,-3.052399635314941406e+00,-2.459952831268310547e+00,-3.272737979888916016e+00
-4.467235088348388672e+00,-7.759404182434082031e+00,-1.148137378692626953e+01,-5.227989673614501953e+00,-6.675604343414306641e+00,-6.003376007080078125e+00,-5.904209613800048828e+00,-5.498784065246582031e+00
-1.161717414855957031e+00,-6.475176334381103516e+00,-8.662414550781250000e+00,-2.345701932907104492e+00,-6.732371807098388672e+00,-1.814192056655883789e+00,-3.008507490158081055e+00,-3.387254714965820312e+00
-1.362269282341003418e+00,-6.740427970886230469e+00,-8.486285209655761719e+00,-3.609457731246948242e+00,-9.079747200012207031e+00,-2.022650480270385742e+00,-3.424393653869628906e+00,-3.697085142135620117e+00
-1.768189907073974609e+00,-6.850759506225585938e+00,-9.213470458984375000e+00,-3.713170051574707031e+00,-8.800025939941406250e+00,-3.180671691894531250e+00,-4.227476119995117188e+00,-3.596392631530761719e+00
-5.119729042053222656e+00,-6.084117889404296875e+00,-1.056832218170166016e+01,-5.675601959228515625e+00,-1.464337348937988281e+00,-9.217190742492675781e-01,-2.069132328033447266e+00,-4.497071266174316406e+00
-7.305949687957763672e+00,-7.195759773254394531e+00,-1.156277275085449219e+01,-6.652410984039306641e+00,-9.829568862915039062e+00,-1.007169055938720703e+01,-1.088681983947753906e+01,-9.808431625366210938e+00
-6.362714767456054688e+00,-6.720889091491699219e+00,-1.185812568664550781e+01,-6.469107627868652344e+00,-9.734310150146484375e+00,-9.836729049682617188e+00,-1.034974670410156250e+01,-8.330630302429199219e+00
-4.977484226226806641e+00,-6.078787326812744141e+00,-1.067923927307128906e+01,-5.694087982177734375e+00,-9.200234413146972656e-01,-6.654808521270751953e-01,-1.857330441474914551e+00,-4.446236610412597656e+00
-6.842261314392089844e+00,-6.926699638366699219e+00,-1.176309585571289062e+01,-6.590785980224609375e+00,-9.794846534729003906e+00,-1.003343486785888672e+01,-1.056849670410156250e+01,-9.028092384338378906e+00
-5.179561138153076172e+00,-7.076267719268798828e+00,-1.181393814086914062e+01,-5.449419975280761719e+00,-6.329264163970947266e+00,-5.657602310180664062e+00,-5.858685493469238281e+00,-5.627716541290283203e+00
-7.213284969329833984e+00,-7.099239826202392578e+00,-1.152330493927001953e+01,-6.691259384155273438e+00,-9.882383346557617188e+00,-1.028217887878417969e+01,-1.087042427062988281e+01,-9.231858253479003906e+00
-6.133387088775634766e+00,-7.139550209045410156e+00,-1.201583671569824219e+01,-6.543183326721191406e+00,-9.803322792053222656e+00,-9.779087066650390625e+00,-1.052938461303710938e+01,-8.387906074523925781e+00
-5.609836578369140625e+00,-6.999870777130126953e+00,-1.199994277954101562e+01,-6.410348892211914062e+00,-9.437167167663574219e+00,-8.814878463745117188e+00,-9.601129531860351562e+00,-6.581491470336914062e+00
-4.842395782470703125e+00,-7.499361991882324219e+00,-1.190570831298828125e+01,-4.957868099212646484e+00,-5.907019615173339844e+00,-5.856448650360107422e+00,-5.639210224151611328e+00,-5.776841163635253906e+00
-4.904225349426269531e+00,-7.599848747253417969e+00,-1.197161960601806641e+01,-5.006155014038085938e+00,-6.208106994628906250e+00,-5.984817981719970703e+00,-6.434275627136230469e+00,-5.958338260650634766e+00
-6.087360382080078125e+00,-6.537165641784667969e+00,-1.099806880950927734e+01,-5.714118480682373047e+00,-9.635589599609375000e+00,-1.716374754905700684e+00,-3.191683769226074219e+00,-5.204585552215576172e+00
-6.203743457794189453e+00,-7.214663982391357422e+00,-1.147680282592773438e+01,-6.604287147521972656e+00,-9.842582702636718750e+00,-9.737075805664062500e+00,-1.088779258728027344e+01,-9.087731361389160156e+00
-5.002658843994140625e+00,-6.281027317047119141e+00,-1.067047786712646484e+01,-2.208904743194580078e+00,-7.813393115997314453e+00,-1.343061447143554688e+00,-2.982177734375000000e+00,-4.755653858184814453e+00
-5.840578556060791016e+00,-6.172910213470458984e+00,-1.075198364257812500e+01,-3.459986686706542969e+00,-8.195857048034667969e+00,-1.408760547637939453e+00,-2.837029457092285156e+00,-4.868180274963378906e+00
-4.910068988800048828e+00,-6.961537361145019531e+00,-1.142804908752441406e+01,-4.746034145355224609e+00,-7.908206462860107422e+00,-1.471438765525817871e+00,-3.646368026733398438e+00,-4.562090873718261719e+00
-4.413785934448242188e+00,-6.550717353820800781e+00,-1.076143074035644531e+01,-1.974701285362243652e+00,-9.007983207702636719e+00,-1.783055782318115234e+00,-2.565387725830078125e+00,-4.671622276306152344e+00
-3.856388330459594727e+00,-7.804738044738769531e+00,-1.161303329467773438e+01,-4.656236171722412109e+00,-8.477055549621582031e+00,-4.163709163665771484e+00,-3.955263376235961914e+00,-4.152788162231445312e+00
-3.812956333160400391e+00,-7.535435676574707031e+00,-1.143305778503417969e+01,-4.087744712829589844e+00,-8.735218048095703125e+00,-4.224050998687744141e+00,-3.616909742355346680e+00,-4.678823471069335938e+00
-4.344286918640136719e+00,-6.477653026580810547e+00,-1.046261787414550781e+01,-1.862120270729064941e+00,-8.889580726623535156e+00,-1.409278154373168945e+00,-2.486109733581542969e+00,-4.634790897369384766e+00
-4.147933959960937500e+00,-6.585423946380615234e+00,-1.071004486083984375e+01,-2.622065067291259766e+00,-8.408701896667480469e+00,-1.967699527740478516e+00,-2.836409807205200195e+00,-4.423181056976318359e+00
-3.888926982879638672e+00,-7.577973365783691406e+00,-1.144818687438964844e+01,-4.753369808197021484e+00,-8.237114906311035156e+00,-4.294263839721679688e+00,-3.811460494995117188e+00,-4.261148929595947266e+00
-3.815488576889038086e+00,-7.542623043060302734e+00,-1.130978584289550781e+01,-4.244027137756347656e+00,-8.555395126342773438e+00,-4.309798717498779297e+00,-3.599506378173828125e+00,-4.614013671875000000e+00
-4.220983028411865234e+00,-6.726342201232910156e+00,-1.110296249389648438e+01,-2.987326145172119141e+00,-8.551103591918945312e+00,-2.926753520965576172e+00,-3.044412612915039062e+00,-4.533786773681640625e+00
-3.613615274429321289e+00,-7.299497604370117188e+00,-1.116061401367187500e+01,-3.813323497772216797e+00,-8.199882507324218750e+00,-4.394633769989013672e+00,-3.623991489410400391e+00,-4.301696300506591797e+00
-3.707820892333984375e+00,-7.581460952758789062e+00,-1.124018764495849609e+01,-4.211788654327392578e+00,-8.649477005004882812e+00,-4.368631362915039062e+00,-3.677617549896240234e+00,-4.650895118713378906e+00
-4.084339618682861328e+00,-7.763138771057128906e+00,-1.136905097961425781e+01,-4.649775981903076172e+00,-7.557836532592773438e+00,-4.538400650024414062e+00,-4.342603683471679688e+00,-3.847342967987060547e+00
-4.113034248352050781e+00,-7.786136627197265625e+00,-1.131546401977539062e+01,-4.640959739685058594e+00,-7.567930221557617188e+00,-4.611924171447753906e+00,-4.250058174133300781e+00,-3.981172561645507812e+00
-4.004014968872070312e+00,-7.547170639038085938e+00,-1.130738639831542969e+01,-4.802246093750000000e+00,-7.967088699340820312e+00,-4.350360870361328125e+00,-3.793477535247802734e+00,-4.041677474975585938e+00
-6.146782875061035156e+00,-6.425834655761718750e+00,-1.078261756896972656e+01,-5.272904872894287109e+00,-8.803381919860839844e+00,-1.295221567153930664e+00,-2.718145370483398438e+00,-4.588466167449951172e+00
-4.833684921264648438e+00,-6.832460880279541016e+00,-1.152256011962890625e+01,-4.881577968597412109e+00,-7.329648971557617188e+00,-1.547140479087829590e+00,-3.952784538269042969e+00,-4.709125041961669922e+00
-4.085551261901855469e+00,-7.702971458435058594e+00,-1.142094326019287109e+01,-4.739379405975341797e+00,-7.629274368286132812e+00,-4.500961303710937500e+00,-4.223534584045410156e+00,-3.879474163055419922e+00
-6.003928184509277344e+00,-6.345310688018798828e+00,-1.077432441711425781e+01,-4.672966480255126953e+00,-8.482950210571289062e+00,-1.438035488128662109e+00,-2.874770402908325195e+00,-4.905298233032226562e+00
-4.106715202331542969e+00,-7.745583534240722656e+00,-1.130632972717285156e+01,-4.651016712188720703e+00,-7.514546394348144531e+00,-4.589075088500976562e+00,-4.286961555480957031e+00,-3.938951969146728516e+00
-5.875701904296875000e+00,-6.318545341491699219e+00,-1.065002822875976562e+01,-3.417336940765380859e+00,-8.288742065429687500e+00,-1.630223035812377930e+00,-2.926069736480712891e+00,-4.975129604339599609e+00
-4.079820632934570312e+00,-7.778604030609130859e+00,-1.134702777862548828e+01,-4.646656513214111328e+00,-7.568864822387695312e+00,-4.580626487731933594e+00,-4.354796409606933594e+00,-3.835141897201538086e+00
-6.194392681121826172e+00,-6.524975776672363281e+00,-1.071008491516113281e+01,-5.316723346710205078e+00,-8.949075698852539062e+00,-1.427449345588684082e+00,-2.832009315490722656e+00,-5.040101051330566406e+00
-4.087297439575195312e+00,-7.798619270324707031e+00,-1.138272285461425781e+01,-4.650734424591064453e+00,-7.561299324035644531e+00,-4.555988311767578125e+00,-4.354724884033203125e+00,-3.846623897552490234e+00
-4.100017070770263672e+00,-7.812146186828613281e+00,-1.143382453918457031e+01,-4.665026187896728516e+00,-7.584125995635986328e+00,-4.543251991271972656e+00,-4.369414329528808594e+00,-3.851940155029296875e+00
-3.531479835510253906e+00,-7.071383953094482422e+00,-9.657864570617675781e+00,-5.671692848205566406e+00,-9.748152732849121094e+00,-6.180124282836914062e+00,-8.123328208923339844e+00,-6.089344501495361328e+00
-3.401432514190673828e+00,-7.792854309082031250e+00,-1.007053375244140625e+01,-3.316084861755371094e+00,-7.588440418243408203e+00,-4.040902137756347656e+00,-4.117248535156250000e+00,-4.842865943908691406e+00
-2.756882667541503906e+00,-8.147696495056152344e+00,-9.979354858398437500e+00,-3.606602907180786133e+00,-7.010282993316650391e+00,-4.761036872863769531e+00,-4.613217830657958984e+00,-4.706448078155517578e+00
-3.898961544036865234e+00,-8.015914916992187500e+00,-1.064675235748291016e+01,-4.319099426269531250e+00,-7.947898387908935547e+00,-4.334901332855224609e+00,-4.509638309478759766e+00,-5.012031555175781250e+00
-3.593413352966308594e+00,-8.174961090087890625e+00,-9.452106475830078125e+00,-5.594159126281738281e+00,-9.358188629150390625e+00,-7.075358390808105469e+00,-7.057592391967773438e+00,-6.242805957794189453e+00
-3.765732288360595703e+00,-7.692105770111083984e+00,-1.033783912658691406e+01,-3.817798614501953125e+00,-7.353294372558593750e+00,-4.504315853118896484e+00,-4.255780696868896484e+00,-4.963317871093750000e+00
-2.994961261749267578e+00,-7.311621665954589844e+00,-9.435083389282226562e+00,-4.145760059356689453e+00,-7.713582992553710938e+00,-4.821657180786132812e+00,-3.974194049835205078e+00,-4.398016929626464844e+00
-2.465621709823608398e+00,-8.151289939880371094e+00,-9.384782791137695312e+00,-4.264097213745117188e+00,-7.204630374908447266e+00,-3.781588077545166016e+00,-4.392234325408935547e+00,-4.861472606658935547e+00
-2.846033096313476562e+00,-7.710935592651367188e+00,-9.163265228271484375e+00,-4.421088218688964844e+00,-9.396608352661132812e+00,-4.663065910339355469e+00,-3.812186002731323242e+00,-4.656454563140869141e+00
-2.396151781082153320e+00,-7.437127113342285156e+00,-9.322724342346191406e+00,-3.936470508575439453e+00,-8.954485893249511719e+00,-3.643313407897949219e+00,-3.964732170104980469e+00,-4.158904552459716797e+00
-3.084521293640136719e+00,-7.894351959228515625e+00,-9.397310256958007812e+00,-4.521112442016601562e+00,-8.867897033691406250e+00,-5.239701271057128906e+00,-4.108179092407226562e+00,-4.806400299072265625e+00
-1.301706194877624512e+00,-5.829880714416503906e+00,-7.402037143707275391e+00,-5.605225086212158203e+00,-1.118930625915527344e+01,-1.088688135147094727e+00,-2.283258199691772461e+00,-4.095454692840576172e+00
-2.602181911468505859e+00,-6.531383514404296875e+00,-1.054579925537109375e+01,-4.724839210510253906e+00,-8.420177459716796875e+00,-5.071453094482421875e+00,-5.510591983795166016e+00,-3.252418994903564453e+00
-4.017279148101806641e+00,-6.672374725341796875e+00,-1.019539737701416016e+01,-4.351569652557373047e+00,-7.626976013183593750e+00,-4.626729011535644531e+00,-4.728156566619873047e+00,-4.988334655761718750e+00
-3.483773231506347656e+00,-6.717765808105468750e+00,-1.069247817993164062e+01,-3.756657838821411133e+00,-6.597737312316894531e+00,-4.658282279968261719e+00,-3.918358087539672852e+00,-4.010048866271972656e+00
-3.638933181762695312e+00,-7.234939575195312500e+00,-1.071826744079589844e+01,-4.153564453125000000e+00,-7.812394142150878906e+00,-4.604547500610351562e+00,-3.497957468032836914e+00,-3.975710868835449219e+00
-3.263781785964965820e+00,-6.992461204528808594e+00,-1.040685558319091797e+01,-3.695214033126831055e+00,-6.935077667236328125e+00,-4.649333953857421875e+00,-3.608441114425659180e+00,-3.271070718765258789e+00
-3.223551988601684570e+00,-8.258725166320800781e+00,-9.092006683349609375e+00,-4.597406387329101562e+00,-9.873353004455566406e+00,-5.420257091522216797e+00,-3.766475200653076172e+00,-4.766222953796386719e+00
-3.288161039352416992e+00,-7.354927539825439453e+00,-1.055753612518310547e+01,-3.979909658432006836e+00,-7.593464374542236328e+00,-4.706492424011230469e+00,-3.630044460296630859e+00,-3.862545967102050781e+00
-3.974415779113769531e+00,-7.383120536804199219e+00,-1.043000984191894531e+01,-5.328078269958496094e+00,-7.607466697692871094e+00,-5.010975837707519531e+00,-4.147294044494628906e+00,-4.841166019439697266e+00
-1.322180509567260742e+00,-7.206093788146972656e+00,-8.089178085327148438e+00,-3.308415412902832031e+00,-6.355620384216308594e+00,-2.397754430770874023e+00,-3.761951208114624023e+00,-2.906023025512695312e+00
-2.429482936859130859e+00,-7.005167961120605469e+00,-9.249669075012207031e+00,-2.482077836990356445e+00,-8.204327583312988281e+00,-4.245758533477783203e+00,-2.847506523132324219e+00,-3.485861539840698242e+00
-1.355177521705627441e+00,-6.750324249267578125e+00,-8.076043128967285156e+00,-2.470852851867675781e+00,-5.960940361022949219e+00,-3.437453746795654297e+00,-2.708868741989135742e+00,-3.432289123535156250e+00
-3.083852529525756836e+00,-8.416059494018554688e+00,-8.843273162841796875e+00,-4.558316230773925781e+00,-1.007731151580810547e+01,-5.551587104797363281e+00,-3.806856393814086914e+00,-4.719751834869384766e+00
-2.012868404388427734e+00,-7.470653533935546875e+00,-9.695636749267578125e+00,-3.757326602935791016e+00,-8.928673744201660156e+00,-3.387279510498046875e+00,-3.959881782531738281e+00,-3.949460029602050781e+00
-1.936353921890258789e+00,-7.353075027465820312e+00,-9.387335777282714844e+00,-3.785945415496826172e+00,-9.059422492980957031e+00,-3.120932102203369141e+00,-4.062921524047851562e+00,-3.844485282897949219e+00
-8.327021002769470215e-01,-6.222321033477783203e+00,-7.340829849243164062e+00,-1.828882336616516113e+00,-5.661050796508789062e+00,-3.309828042984008789e+00,-1.657186269760131836e+00,-2.883073806762695312e+00
-9.693318605422973633e-01,-6.360140323638916016e+00,-7.494094371795654297e+00,-1.877087950706481934e+00,-5.671913146972656250e+00,-3.350636959075927734e+00,-1.778616070747375488e+00,-2.946123600006103516e+00
-9.178162813186645508e-01,-6.284854888916015625e+00,-7.397095680236816406e+00,-1.883420228958129883e+00,-5.678001403808593750e+00,-3.367079019546508789e+00,-1.785212159156799316e+00,-2.952298164367675781e+00
-9.945780038833618164e-01,-6.376967906951904297e+00,-7.477224349975585938e+00,-1.890894651412963867e+00,-5.683216094970703125e+00,-3.372185230255126953e+00,-1.819178462028503418e+00,-2.974816799163818359e+00
-9.262380599975585938e-01,-6.348805904388427734e+00,-7.402839660644531250e+00,-1.881694316864013672e+00,-5.690271854400634766e+00,-3.351737737655639648e+00,-1.801112294197082520e+00,-2.980110168457031250e+00
-1.045910477638244629e+00,-6.386251449584960938e+00,-7.652204513549804688e+00,-1.872988939285278320e+00,-5.639883518218994141e+00,-3.365817070007324219e+00,-1.739928960800170898e+00,-2.885007619857788086e+00
-1.036992430686950684e+00,-6.402878761291503906e+00,-7.620245456695556641e+00,-1.863826513290405273e+00,-5.671686172485351562e+00,-3.297177553176879883e+00,-1.831348657608032227e+00,-3.003934383392333984e+00
-1.033286094665527344e+00,-6.411952972412109375e+00,-7.557459831237792969e+00,-1.856391549110412598e+00,-5.689174652099609375e+00,-3.285108566284179688e+00,-1.870671391487121582e+00,-3.044314384460449219e+00
-9.549875259399414062e-01,-6.365151405334472656e+00,-7.454136848449707031e+00,-1.874828219413757324e+00,-5.687521934509277344e+00,-3.347750902175903320e+00,-1.797047495841979980e+00,-2.985857963562011719e+00
-1.088335633277893066e+00,-6.371617317199707031e+00,-7.697857856750488281e+00,-1.881650686264038086e+00,-5.623254299163818359e+00,-3.366397857666015625e+00,-1.756933331489562988e+00,-2.863071918487548828e+00
-9.563457369804382324e-01,-6.367949962615966797e+00,-7.446395397186279297e+00,-1.869463682174682617e+00,-5.690196990966796875e+00,-3.334294795989990234e+00,-1.809203624725341797e+00,-2.993769884109497070e+00
-9.912047386169433594e-01,-6.356863975524902344e+00,-7.437244892120361328e+00,-1.908394336700439453e+00,-5.680171012878417969e+00,-3.402702808380126953e+00,-1.820527553558349609e+00,-2.956068992614746094e+00
-7.586557865142822266e-01,-6.293506622314453125e+00,-7.228944301605224609e+00,-1.934506535530090332e+00,-5.900555133819580078e+00,-3.247317790985107422e+00,-1.977666735649108887e+00,-3.117691516876220703e+00
-1.720550894737243652e+00,-7.070847034454345703e+00,-9.302744865417480469e+00,-3.680072546005249023e+00,-8.889391899108886719e+00,-3.193421840667724609e+00,-4.046891689300537109e+00,-3.825535774230957031e+00
-1.722410202026367188e+00,-6.989501476287841797e+00,-9.151418685913085938e+00,-3.648459196090698242e+00,-8.945862770080566406e+00,-3.033162593841552734e+00,-4.148262500762939453e+00,-3.687962770462036133e+00
-1.751504659652709961e+00,-7.063176155090332031e+00,-8.930112838745117188e+00,-3.687249660491943359e+00,-8.183005332946777344e+00,-3.574211359024047852e+00,-3.855109930038452148e+00,-3.683167457580566406e+00
-1.131557345390319824e+00,-6.422437191009521484e+00,-7.857754707336425781e+00,-1.821724414825439453e+00,-5.593245983123779297e+00,-3.307996034622192383e+00,-1.682698965072631836e+00,-2.802824497222900391e+00
-9.481464624404907227e-01,-6.289308547973632812e+00,-7.598330497741699219e+00,-1.826856493949890137e+00,-5.621837615966796875e+00,-3.317502975463867188e+00,-1.628766417503356934e+00,-2.822016000747680664e+00
-1.150215506553649902e+00,-6.415069580078125000e+00,-7.581730365753173828e+00,-2.027036905288696289e+00,-5.692395687103271484e+00,-3.459470033645629883e+00,-1.998435020446777344e+00,-3.075457096099853516e+00
-1.099924564361572266e+00,-6.387230396270751953e+00,-7.655197143554687500e+00,-1.927809119224548340e+00,-5.649928569793701172e+00,-3.383092641830444336e+00,-1.852537751197814941e+00,-2.947551250457763672e+00
-9.925814867019653320e-01,-6.379596233367919922e+00,-7.534907341003417969e+00,-1.864216566085815430e+00,-5.677182674407958984e+00,-3.326917409896850586e+00,-1.799815416336059570e+00,-2.986296176910400391e+00
-1.067881226539611816e+00,-6.336479663848876953e+00,-7.649983406066894531e+00,-1.918488502502441406e+00,-5.625008583068847656e+00,-3.404311656951904297e+00,-1.754366517066955566e+00,-2.861384868621826172e+00
-1.068118929862976074e+00,-6.378818511962890625e+00,-7.694713592529296875e+00,-1.888013958930969238e+00,-5.621967315673828125e+00,-3.371070861816406250e+00,-1.746297240257263184e+00,-2.854910850524902344e+00
-1.067397832870483398e+00,-6.350893020629882812e+00,-7.731053829193115234e+00,-1.863072872161865234e+00,-5.605898857116699219e+00,-3.361505031585693359e+00,-1.673782825469970703e+00,-2.802931547164916992e+00
-1.098516702651977539e+00,-6.368532657623291016e+00,-7.701447010040283203e+00,-1.913097500801086426e+00,-5.625519275665283203e+00,-3.377482414245605469e+00,-1.797667264938354492e+00,-2.882330417633056641e+00
-1.025083065032958984e+00,-6.367290496826171875e+00,-7.669565200805664062e+00,-1.863360524177551270e+00,-5.628058910369873047e+00,-3.360530376434326172e+00,-1.695294737815856934e+00,-2.851663351058959961e+00
-1.247372388839721680e+00,-5.872215270996093750e+00,-7.462805747985839844e+00,-5.593824863433837891e+00,-1.083008193969726562e+01,-1.091087222099304199e+00,-2.270200252532958984e+00,-4.075686454772949219e+00
-1.296892881393432617e+00,-5.969467163085937500e+00,-7.380337238311767578e+00,-5.643890380859375000e+00,-9.702842712402343750e+00,-1.151755213737487793e+00,-2.214043855667114258e+00,-4.002616882324218750e+00
-1.887892246246337891e+00,-7.517914772033691406e+00,-9.087182998657226562e+00,-4.993459701538085938e+00,-9.718086242675781250e+00,-5.205358505249023438e+00,-8.158381462097167969e+00,-4.377004146575927734e+00
-2.298881530761718750e+00,-8.226457595825195312e+00,-9.317694664001464844e+00,-4.468492984771728516e+00,-8.795022964477539062e+00,-5.500117301940917969e+00,-6.406677246093750000e+00,-4.702708721160888672e+00
-2.517922401428222656e+00,-7.011665821075439453e+00,-9.199243545532226562e+00,-5.339346885681152344e+00,-9.779245376586914062e+00,-3.770977497100830078e+00,-9.675043106079101562e+00,-4.431886672973632812e+00
-1.288344025611877441e+00,-6.618687152862548828e+00,-8.759445190429687500e+00,-4.896017551422119141e+00,-9.820190429687500000e+00,-5.053007125854492188e+00,-7.365703105926513672e+00,-3.976693153381347656e+00
-1.541159272193908691e+00,-7.414680957794189453e+00,-8.673318862915039062e+00,-4.587947845458984375e+00,-9.363622665405273438e+00,-4.337942123413085938e+00,-6.191449165344238281e+00,-4.226535320281982422e+00
-1.243842363357543945e+00,-7.571090698242187500e+00,-8.522301673889160156e+00,-5.465088844299316406e+00,-9.063013076782226562e+00,-4.926307201385498047e+00,-7.842243671417236328e+00,-4.883452892303466797e+00
-1.353864431381225586e+00,-5.896985530853271484e+00,-8.256460189819335938e+00,-5.527197837829589844e+00,-1.080846691131591797e+01,-1.310308694839477539e+00,-2.589256286621093750e+00,-4.265852451324462891e+00
-2.441506385803222656e+00,-7.876600265502929688e+00,-1.067011451721191406e+01,-5.271702766418457031e+00,-1.059312438964843750e+01,-6.579499244689941406e+00,-7.164330482482910156e+00,-4.260623455047607422e+00
-1.776167750358581543e+00,-7.092051506042480469e+00,-9.371412277221679688e+00,-4.592047214508056641e+00,-9.790391921997070312e+00,-4.507692337036132812e+00,-5.690424919128417969e+00,-4.387861251831054688e+00
-1.954669713973999023e+00,-7.188411712646484375e+00,-9.726978302001953125e+00,-4.406266212463378906e+00,-8.076832771301269531e+00,-4.396209239959716797e+00,-5.279868125915527344e+00,-3.824630975723266602e+00
-3.222867965698242188e+00,-7.924454689025878906e+00,-1.099289131164550781e+01,-5.532677173614501953e+00,-1.139738082885742188e+01,-7.574001312255859375e+00,-7.909193992614746094e+00,-4.548074245452880859e+00
-1.968129158020019531e+00,-6.532551288604736328e+00,-8.431129455566406250e+00,-4.448493480682373047e+00,-9.563841819763183594e+00,-1.812613129615783691e+00,-2.878655910491943359e+00,-4.254969596862792969e+00
-1.897436141967773438e+00,-5.937101364135742188e+00,-7.980698108673095703e+00,-5.630116462707519531e+00,-1.065372371673583984e+01,-1.137118339538574219e+00,-2.189334630966186523e+00,-4.316987037658691406e+00
-1.263819575309753418e+00,-5.985836029052734375e+00,-7.277199268341064453e+00,-5.676399230957031250e+00,-9.808906555175781250e+00,-1.203164100646972656e+00,-2.319877386093139648e+00,-4.004679679870605469e+00
-8.894960284233093262e-01,-5.831870555877685547e+00,-6.719606399536132812e+00,-5.105245590209960938e+00,-9.835748672485351562e+00,-1.548793435096740723e+00,-2.615077972412109375e+00,-4.133864402770996094e+00
-2.890782356262207031e-01,-5.998023033142089844e+00,-6.164326667785644531e+00,-4.466785430908203125e+00,-1.012310218811035156e+01,-1.522459030151367188e+00,-2.690356492996215820e+00,-4.345420360565185547e+00
-1.237403988838195801e+00,-6.424544811248779297e+00,-8.468366622924804688e+00,-2.337918281555175781e+00,-9.393909454345703125e+00,-1.710561156272888184e+00,-3.065117120742797852e+00,-3.919846534729003906e+00
-2.894195318222045898e-01,-5.989325523376464844e+00,-6.165998935699462891e+00,-4.453356742858886719e+00,-1.015116119384765625e+01,-1.507932782173156738e+00,-2.667115688323974609e+00,-4.336196899414062500e+00
-1.982697248458862305e+00,-7.122922420501708984e+00,-9.007629394531250000e+00,-4.052970409393310547e+00,-9.173307418823242188e+00,-2.188705921173095703e+00,-3.627943754196166992e+00,-4.544637203216552734e+00
-2.814888000488281250e+00,-6.632904529571533203e+00,-8.907418251037597656e+00,-6.226237297058105469e+00,-1.049810981750488281e+01,-1.992332816123962402e+00,-2.560656070709228516e+00,-5.075195789337158203e+00
-2.816010951995849609e+00,-6.696923255920410156e+00,-9.214805603027343750e+00,-6.042882919311523438e+00,-1.031798553466796875e+01,-2.006832838058471680e+00,-2.674794673919677734e+00,-5.038609504699707031e+00
-1.302555441856384277e+00,-6.277675151824951172e+00,-7.900758266448974609e+00,-5.063619613647460938e+00,-9.992534637451171875e+00,-1.651242494583129883e+00,-2.804155826568603516e+00,-4.266722202301025391e+00
-1.400327801704406738e+00,-6.437038421630859375e+00,-8.203678131103515625e+00,-2.108210086822509766e+00,-9.837081909179687500e+00,-1.521974444389343262e+00,-2.771834135055541992e+00,-4.482635498046875000e+00
-1.789046168327331543e+00,-7.209206104278564453e+00,-9.331813812255859375e+00,-3.709899187088012695e+00,-8.935682296752929688e+00,-3.098762989044189453e+00,-4.020975112915039062e+00,-3.681154727935791016e+00
-1.149977803230285645e+00,-6.430445194244384766e+00,-7.686758995056152344e+00,-1.919498324394226074e+00,-5.676949977874755859e+00,-3.339707851409912109e+00,-1.943723440170288086e+00,-3.044161319732666016e+00
-9.290623664855957031e-01,-6.324393272399902344e+00,-7.466345310211181641e+00,-1.861249685287475586e+00,-5.663072109222412109e+00,-3.353238105773925781e+00,-1.725706338882446289e+00,-2.902273178100585938e+00
-9.808776378631591797e-01,-6.299155712127685547e+00,-7.446128845214843750e+00,-1.905571341514587402e+00,-5.661950588226318359e+00,-3.424368381500244141e+00,-1.760586977005004883e+00,-2.890181064605712891e+00
-9.620525836944580078e-01,-6.301689147949218750e+00,-7.440835952758789062e+00,-1.884280681610107422e+00,-5.665374279022216797e+00,-3.404157876968383789e+00,-1.748606681823730469e+00,-2.895182609558105469e+00
-8.909053206443786621e-01,-6.290267944335937500e+00,-7.430232048034667969e+00,-1.840224146842956543e+00,-5.664094448089599609e+00,-3.328233480453491211e+00,-1.692341804504394531e+00,-2.899985790252685547e+00
-1.015340209007263184e+00,-6.291337013244628906e+00,-7.450453758239746094e+00,-1.930893778800964355e+00,-5.669050693511962891e+00,-3.449871063232421875e+00,-1.799017310142517090e+00,-2.922975063323974609e+00
-9.598032832145690918e-01,-6.375772476196289062e+00,-7.454026222229003906e+00,-1.873829960823059082e+00,-5.687767028808593750e+00,-3.343319416046142578e+00,-1.805887699127197266e+00,-2.985966205596923828e+00
-9.101823568344116211e-01,-6.313215255737304688e+00,-7.423697948455810547e+00,-1.848997235298156738e+00,-5.676918983459472656e+00,-3.331909656524658203e+00,-1.733917832374572754e+00,-2.943968296051025391e+00
-9.255940914154052734e-01,-6.336358070373535156e+00,-7.412201404571533203e+00,-1.868952989578247070e+00,-5.687392711639404297e+00,-3.352099180221557617e+00,-1.769704818725585938e+00,-2.970725059509277344e+00
-9.436341524124145508e-01,-6.297716617584228516e+00,-7.406926631927490234e+00,-1.872130393981933594e+00,-5.678062915802001953e+00,-3.377157926559448242e+00,-1.758786439895629883e+00,-2.940799236297607422e+00
-1.068047761917114258e+00,-6.435294628143310547e+00,-7.636046886444091797e+00,-1.871722221374511719e+00,-5.677600860595703125e+00,-3.310466289520263672e+00,-1.863192677497863770e+00,-3.026504993438720703e+00
-1.157534360885620117e+00,-6.436368942260742188e+00,-7.529892444610595703e+00,-2.140736579895019531e+00,-5.711589336395263672e+00,-3.490087032318115234e+00,-2.132427453994750977e+00,-3.139593124389648438e+00
-7.148993015289306641e-01,-6.405652999877929688e+00,-7.616178512573242188e+00,-2.059076547622680664e+00,-5.743850708007812500e+00,-2.739486694335937500e+00,-2.125000000000000000e+00,-3.106153488159179688e+00
-1.901703476905822754e+00,-7.120491504669189453e+00,-8.962147712707519531e+00,-3.801449775695800781e+00,-8.402586936950683594e+00,-3.222324848175048828e+00,-3.900513648986816406e+00,-3.970123767852783203e+00
-1.869229793548583984e+00,-7.145312309265136719e+00,-9.196351051330566406e+00,-3.716796875000000000e+00,-8.929988861083984375e+00,-3.232059955596923828e+00,-4.029052257537841797e+00,-3.828715085983276367e+00
-1.701537609100341797e+00,-6.628347873687744141e+00,-9.128131866455078125e+00,-2.190106630325317383e+00,-8.286264419555664062e+00,-1.781913518905639648e+00,-2.813617467880249023e+00,-4.207276821136474609e+00
-1.555746078491210938e+00,-6.805683135986328125e+00,-9.159770965576171875e+00,-3.624230384826660156e+00,-9.088190078735351562e+00,-1.837109446525573730e+00,-3.154325246810913086e+00,-4.466853141784667969e+00
-1.260362505912780762e+00,-6.546638965606689453e+00,-8.897245407104492188e+00,-2.079463005065917969e+00,-6.996970176696777344e+00,-1.737862586975097656e+00,-2.512384653091430664e+00,-3.571178674697875977e+00
-2.049646377563476562e+00,-6.805321693420410156e+00,-9.153844833374023438e+00,-4.354056358337402344e+00,-9.215584754943847656e+00,-2.885670185089111328e+00,-3.348522663116455078e+00,-4.628816604614257812e+00
-1.307441949844360352e+00,-6.598665237426757812e+00,-8.939509391784667969e+00,-1.898502588272094727e+00,-8.356881141662597656e+00,-1.733122825622558594e+00,-2.444347381591796875e+00,-3.675206422805786133e+00
-1.711909770965576172e+00,-6.625597476959228516e+00,-9.217191696166992188e+00,-2.144972562789916992e+00,-8.547057151794433594e+00,-1.715993046760559082e+00,-2.732895851135253906e+00,-4.284929752349853516e+00
-1.637096881866455078e+00,-6.267992496490478516e+00,-9.075121879577636719e+00,-4.018901824951171875e+00,-9.533772468566894531e+00,-2.323754310607910156e+00,-2.628591060638427734e+00,-4.199392318725585938e+00
-1.802885413169860840e+00,-6.510227203369140625e+00,-9.096626281738281250e+00,-1.971893906593322754e+00,-8.405421257019042969e+00,-1.750659942626953125e+00,-2.408160209655761719e+00,-3.719192028045654297e+00
-9.011062383651733398e-01,-6.388935089111328125e+00,-7.604833126068115234e+00,-2.056094169616699219e+00,-6.012128829956054688e+00,-3.299248456954956055e+00,-2.197391033172607422e+00,-3.215294361114501953e+00
-2.274366140365600586e+00,-6.436724662780761719e+00,-9.528092384338378906e+00,-2.556802034378051758e+00,-7.789661407470703125e+00,-2.214609622955322266e+00,-2.710897445678710938e+00,-3.978514671325683594e+00
-2.223794937133789062e+00,-7.334997177124023438e+00,-9.326873779296875000e+00,-4.202204704284667969e+00,-6.125658035278320312e+00,-3.433144092559814453e+00,-3.866188526153564453e+00,-4.280939579010009766e+00
-2.038695573806762695e+00,-7.740224838256835938e+00,-9.162583351135253906e+00,-5.043831348419189453e+00,-9.368521690368652344e+00,-2.633934736251831055e+00,-5.238972187042236328e+00,-5.046846866607666016e+00
-2.858424186706542969e+00,-8.049844741821289062e+00,-9.495156288146972656e+00,-4.555887222290039062e+00,-9.019424438476562500e+00,-3.059024333953857422e+00,-5.012362003326416016e+00,-5.049461841583251953e+00
-3.901010751724243164e+00,-7.049797058105468750e+00,-1.058812999725341797e+01,-5.497828483581542969e+00,-1.092211914062500000e+01,-1.947712898254394531e+00,-4.530675888061523438e+00,-5.368851661682128906e+00
-2.552355289459228516e+00,-7.460342884063720703e+00,-9.763972282409667969e+00,-4.067832946777343750e+00,-8.134308815002441406e+00,-4.028008460998535156e+00,-3.813614368438720703e+00,-4.148747444152832031e+00
-4.886341094970703125e+00,-6.782667636871337891e+00,-1.165590667724609375e+01,-5.741621971130371094e+00,-1.100077724456787109e+01,-4.118597984313964844e+00,-5.540910720825195312e+00,-5.258921623229980469e+00
-2.697794914245605469e+00,-7.827268600463867188e+00,-1.047620964050292969e+01,-4.617147445678710938e+00,-9.498249053955078125e+00,-4.276818275451660156e+00,-5.235690593719482422e+00,-5.142038345336914062e+00
-1.652760148048400879e+00,-6.806628704071044922e+00,-9.134853363037109375e+00,-5.684597015380859375e+00,-1.035471153259277344e+01,-3.067637920379638672e+00,-2.928357124328613281e+00,-5.098776817321777344e+00
-3.940037965774536133e+00,-6.664297103881835938e+00,-1.105365467071533203e+01,-5.089233398437500000e+00,-9.869503974914550781e+00,-2.193828582763671875e+00,-3.270029544830322266e+00,-5.107382297515869141e+00
-1.145083665847778320e+00,-6.775028228759765625e+00,-9.068437576293945312e+00,-2.316370487213134766e+00,-6.483273029327392578e+00,-1.777523756027221680e+00,-2.842787027359008789e+00,-3.301282882690429688e+00
-1.673194408416748047e+00,-7.151694774627685547e+00,-8.588193893432617188e+00,-3.718901872634887695e+00,-8.604756355285644531e+00,-3.238970756530761719e+00,-3.629845142364501953e+00,-3.951156139373779297e+00
-1.985551357269287109e+00,-7.231026172637939453e+00,-9.477155685424804688e+00,-3.969931364059448242e+00,-9.056926727294921875e+00,-3.205330371856689453e+00,-3.858631134033203125e+00,-4.152595043182373047e+00
-8.403804302215576172e-01,-6.412938594818115234e+00,-8.275160789489746094e+00,-2.243134975433349609e+00,-6.217329025268554688e+00,-2.436947345733642578e+00,-2.403220176696777344e+00,-3.244867086410522461e+00
-9.845744371414184570e-01,-6.349700927734375000e+00,-8.117338180541992188e+00,-2.491797924041748047e+00,-5.946323394775390625e+00,-1.950242757797241211e+00,-2.640950679779052734e+00,-3.051266908645629883e+00
-3.035731077194213867e+00,-8.286001205444335938e+00,-8.904749870300292969e+00,-4.524938106536865234e+00,-9.788040161132812500e+00,-5.387366294860839844e+00,-3.843292713165283203e+00,-4.719725131988525391e+00
-1.990052342414855957e+00,-7.583642482757568359e+00,-9.658115386962890625e+00,-3.878990411758422852e+00,-9.017002105712890625e+00,-3.344392776489257812e+00,-3.915419816970825195e+00,-3.825800895690917969e+00
-1.860689878463745117e+00,-7.340827941894531250e+00,-9.596019744873046875e+00,-3.734578371047973633e+00,-8.864981651306152344e+00,-3.132769584655761719e+00,-3.857225418090820312e+00,-4.038521289825439453e+00
-1.825876951217651367e+00,-7.133828163146972656e+00,-9.446897506713867188e+00,-3.729197978973388672e+00,-8.972809791564941406e+00,-3.168194293975830078e+00,-4.014823436737060547e+00,-3.669204711914062500e+00
-2.871279001235961914e+00,-7.794463157653808594e+00,-9.764703750610351562e+00,-4.681469440460205078e+00,-9.507101058959960938e+00,-2.574107170104980469e+00,-5.270815372467041016e+00,-5.342056751251220703e+00
-1.811882495880126953e+00,-7.072064399719238281e+00,-9.704307556152343750e+00,-3.730511665344238281e+00,-8.950033187866210938e+00,-3.176919221878051758e+00,-3.999651670455932617e+00,-3.663975238800048828e+00
-1.915831208229064941e+00,-7.215424537658691406e+00,-9.213102340698242188e+00,-3.729176521301269531e+00,-8.956800460815429688e+00,-3.118083953857421875e+00,-4.075914382934570312e+00,-3.738274812698364258e+00
-1.455019712448120117e+00,-7.024895191192626953e+00,-8.412532806396484375e+00,-3.670532703399658203e+00,-9.017613410949707031e+00,-1.894811749458312988e+00,-3.466643571853637695e+00,-4.235452651977539062e+00
-1.922069191932678223e+00,-7.208096504211425781e+00,-9.232443809509277344e+00,-3.725083351135253906e+00,-8.969671249389648438e+00,-3.098745346069335938e+00,-4.073066711425781250e+00,-3.727935075759887695e+00
-2.114905357360839844e+00,-7.360013961791992188e+00,-9.327480316162109375e+00,-4.533871173858642578e+00,-9.479851722717285156e+00,-2.813418865203857422e+00,-3.487315416336059570e+00,-5.037903785705566406e+00
-1.741237044334411621e+00,-7.042109012603759766e+00,-9.219018936157226562e+00,-3.677506923675537109e+00,-8.958806991577148438e+00,-3.049938917160034180e+00,-4.024159908294677734e+00,-3.728525400161743164e+00
-1.847974538803100586e+00,-7.141196250915527344e+00,-9.207372665405273438e+00,-3.724548339843750000e+00,-8.967841148376464844e+00,-3.153106212615966797e+00,-4.122742652893066406e+00,-3.807065963745117188e+00
-1.799789309501647949e+00,-7.081316947937011719e+00,-9.261684417724609375e+00,-3.689838886260986328e+00,-8.814626693725585938e+00,-3.139295816421508789e+00,-4.105925559997558594e+00,-3.745934486389160156e+00
-1.637096524238586426e+00,-7.194222927093505859e+00,-8.831673622131347656e+00,-3.789926052093505859e+00,-8.154457092285156250e+00,-1.939285993576049805e+00,-3.228550434112548828e+00,-3.892503738403320312e+00
-1.199220776557922363e+00,-6.662864685058593750e+00,-8.698297500610351562e+00,-2.393230915069580078e+00,-6.804188251495361328e+00,-3.134546756744384766e+00,-2.858026742935180664e+00,-3.335735797882080078e+00
-1.111152291297912598e+00,-6.643809795379638672e+00,-8.700941085815429688e+00,-2.173637866973876953e+00,-6.428694248199462891e+00,-1.764912724494934082e+00,-2.761734247207641602e+00,-3.474034786224365234e+00
-1.014159917831420898e+00,-6.606931209564208984e+00,-8.570963859558105469e+00,-2.198819160461425781e+00,-7.724135875701904297e+00,-1.741571784019470215e+00,-2.389281272888183594e+00,-3.460977792739868164e+00
-6.956648826599121094e-01,-6.668766021728515625e+00,-8.212425231933593750e+00,-2.177287101745605469e+00,-6.018089294433593750e+00,-1.847972035408020020e+00,-2.458600521087646484e+00,-3.066876888275146484e+00
-1.232880353927612305e+00,-6.603933334350585938e+00,-8.908659934997558594e+00,-2.208206892013549805e+00,-6.413125991821289062e+00,-1.789999008178710938e+00,-2.827714443206787109e+00,-3.513233184814453125e+00
-1.525148272514343262e+00,-6.234694004058837891e+00,-8.950215339660644531e+00,-5.284854888916015625e+00,-1.085563850402832031e+01,-1.480472445487976074e+00,-2.083714723587036133e+00,-4.386836051940917969e+00
-1.315721273422241211e+00,-6.375951766967773438e+00,-8.573699951171875000e+00,-3.271461963653564453e+00,-9.255932807922363281e+00,-1.664689779281616211e+00,-2.454010009765625000e+00,-3.755554676055908203e+00
-8.418354392051696777e-01,-6.525633335113525391e+00,-7.505895614624023438e+00,-2.045453548431396484e+00,-5.729637622833251953e+00,-2.995252847671508789e+00,-2.187688589096069336e+00,-3.181082248687744141e+00
-1.135722875595092773e+00,-6.397933483123779297e+00,-8.952068328857421875e+00,-3.014091968536376953e+00,-6.890415668487548828e+00,-1.822024583816528320e+00,-2.515105962753295898e+00,-3.386696815490722656e+00
-1.283254504203796387e+00,-6.359464645385742188e+00,-8.405874252319335938e+00,-3.011556386947631836e+00,-9.412933349609375000e+00,-1.598118424415588379e+00,-2.314092159271240234e+00,-3.883453845977783203e+00
-1.144371509552001953e+00,-6.443684577941894531e+00,-8.848194122314453125e+00,-2.806041479110717773e+00,-8.264241218566894531e+00,-1.813614726066589355e+00,-2.477579832077026367e+00,-3.485845088958740234e+00
-1.103008151054382324e+00,-6.512495994567871094e+00,-7.614115715026855469e+00,-2.035602092742919922e+00,-5.705162525177001953e+00,-3.293358564376831055e+00,-2.093615055084228516e+00,-3.129851818084716797e+00
-4.068027019500732422e+00,-7.894216537475585938e+00,-1.137095069885253906e+01,-4.678411483764648438e+00,-7.777250766754150391e+00,-4.549251079559326172e+00,-4.420230865478515625e+00,-3.901938438415527344e+00
-3.044044971466064453e+00,-7.376013755798339844e+00,-9.887766838073730469e+00,-2.603736162185668945e+00,-6.069447040557861328e+00,-2.371670961380004883e+00,-3.814101934432983398e+00,-3.626623630523681641e+00
-4.047887325286865234e+00,-7.848206520080566406e+00,-1.138237762451171875e+01,-4.698598384857177734e+00,-7.597335815429687500e+00,-4.521499633789062500e+00,-4.317261695861816406e+00,-3.943791389465332031e+00
-3.248080015182495117e+00,-7.320605754852294922e+00,-9.987662315368652344e+00,-2.581307888031005859e+00,-5.987313270568847656e+00,-2.110469102859497070e+00,-3.945595979690551758e+00,-3.560198783874511719e+00
-3.049860000610351562e+00,-7.319891452789306641e+00,-9.931497573852539062e+00,-2.649012565612792969e+00,-5.953915596008300781e+00,-2.261740684509277344e+00,-3.679002523422241211e+00,-3.655322551727294922e+00
-2.638707160949707031e+00,-7.274283885955810547e+00,-9.841022491455078125e+00,-2.497339725494384766e+00,-5.940034389495849609e+00,-2.543316602706909180e+00,-3.552664279937744141e+00,-3.693602085113525391e+00
-2.631734371185302734e+00,-7.287875175476074219e+00,-9.846117019653320312e+00,-2.525394916534423828e+00,-5.981616497039794922e+00,-2.501190185546875000e+00,-3.552185535430908203e+00,-3.700661659240722656e+00
-2.636439085006713867e+00,-7.371422767639160156e+00,-9.840732574462890625e+00,-2.511937141418457031e+00,-5.932020664215087891e+00,-2.390763282775878906e+00,-3.550846099853515625e+00,-3.789037227630615234e+00
-1.850853085517883301e+00,-7.429284572601318359e+00,-9.651756286621093750e+00,-2.693067073822021484e+00,-6.295901298522949219e+00,-2.343563318252563477e+00,-3.765451192855834961e+00,-3.472264289855957031e+00
-2.409044742584228516e+00,-7.108184814453125000e+00,-9.076824188232421875e+00,-2.589846611022949219e+00,-5.767870426177978516e+00,-1.973888397216796875e+00,-3.354238986968994141e+00,-3.938651561737060547e+00
-2.608483791351318359e+00,-7.324503898620605469e+00,-9.694483757019042969e+00,-2.490135192871093750e+00,-5.873411178588867188e+00,-2.429046630859375000e+00,-3.516220808029174805e+00,-3.799548625946044922e+00
-2.649780273437500000e+00,-7.322489738464355469e+00,-9.951894760131835938e+00,-2.450294494628906250e+00,-5.947272777557373047e+00,-2.294464826583862305e+00,-3.572117090225219727e+00,-3.683676242828369141e+00
-2.886009216308593750e+00,-7.382691383361816406e+00,-9.154777526855468750e+00,-2.772883653640747070e+00,-6.115884304046630859e+00,-2.156965970993041992e+00,-4.457065105438232422e+00,-3.450450897216796875e+00
-1.898405551910400391e+00,-7.332798004150390625e+00,-9.457717895507812500e+00,-4.145768165588378906e+00,-9.200944900512695312e+00,-3.223411083221435547e+00,-3.965307474136352539e+00,-3.916129589080810547e+00
-4.032691955566406250e+00,-6.263753414154052734e+00,-1.056917572021484375e+01,-5.846179962158203125e+00,-1.140043449401855469e+01,-1.772509098052978516e+00,-3.712126731872558594e+00,-4.725659847259521484e+00
-1.813715100288391113e+00,-7.128781318664550781e+00,-9.761283874511718750e+00,-3.691075563430786133e+00,-8.940781593322753906e+00,-3.029272556304931641e+00,-4.069107055664062500e+00,-3.612509250640869141e+00
-3.919988155364990234e+00,-6.274754524230957031e+00,-1.056210708618164062e+01,-5.883931636810302734e+00,-1.148198223114013672e+01,-1.838127493858337402e+00,-3.669705629348754883e+00,-4.640920162200927734e+00
-1.676353216171264648e+00,-6.986653804779052734e+00,-9.169651031494140625e+00,-3.709884166717529297e+00,-9.097543716430664062e+00,-2.988219499588012695e+00,-3.936216354370117188e+00,-3.755554676055908203e+00
-1.736161828041076660e+00,-7.073391437530517578e+00,-9.718198776245117188e+00,-3.668715476989746094e+00,-9.016015052795410156e+00,-2.974119186401367188e+00,-4.104579448699951172e+00,-3.656386852264404297e+00
-1.107171535491943359e+00,-6.713828086853027344e+00,-8.571126937866210938e+00,-1.900246381759643555e+00,-8.669224739074707031e+00,-1.740835547447204590e+00,-2.414961576461791992e+00,-3.621932029724121094e+00
-1.762415528297424316e+00,-7.048541545867919922e+00,-9.415549278259277344e+00,-3.685825109481811523e+00,-8.897178649902343750e+00,-3.070454120635986328e+00,-4.064420700073242188e+00,-3.642092704772949219e+00
-1.100901007652282715e+00,-6.574365615844726562e+00,-8.171045303344726562e+00,-2.115391731262207031e+00,-6.030508041381835938e+00,-2.999366760253906250e+00,-2.468829154968261719e+00,-3.347553968429565430e+00
-1.662357330322265625e+00,-7.100287437438964844e+00,-9.052442550659179688e+00,-3.667763233184814453e+00,-9.044360160827636719e+00,-2.411659717559814453e+00,-3.708333492279052734e+00,-3.785215377807617188e+00
-3.839636802673339844e+00,-6.546783447265625000e+00,-1.068666458129882812e+01,-5.513397216796875000e+00,-1.098750877380371094e+01,-1.839577913284301758e+00,-3.604599714279174805e+00,-5.069769859313964844e+00
-3.396443605422973633e+00,-6.971714019775390625e+00,-1.091010093688964844e+01,-4.698046684265136719e+00,-9.925127029418945312e+00,-1.797214150428771973e+00,-3.933349847793579102e+00,-4.653272628784179688e+00
-1.778304576873779297e+00,-7.097379684448242188e+00,-9.389469146728515625e+00,-3.757428646087646484e+00,-8.889898300170898438e+00,-3.097405910491943359e+00,-3.876816749572753906e+00,-3.997631072998046875e+00
-3.629441976547241211e+00,-8.095880508422851562e+00,-1.076598930358886719e+01,-4.807682991027832031e+00,-8.493516921997070312e+00,-5.354394912719726562e+00,-4.026538848876953125e+00,-4.707350730895996094e+00
-3.180586099624633789e+00,-8.454190254211425781e+00,-9.037557601928710938e+00,-4.626901149749755859e+00,-1.018258666992187500e+01,-5.452821254730224609e+00,-3.716830968856811523e+00,-4.724847793579101562e+00
-3.178297519683837891e+00,-8.581346511840820312e+00,-9.055582046508789062e+00,-4.639331817626953125e+00,-1.014196014404296875e+01,-5.420141220092773438e+00,-3.699995040893554688e+00,-4.782579898834228516e+00
-3.208313941955566406e+00,-8.492642402648925781e+00,-9.047765731811523438e+00,-4.617251873016357422e+00,-1.012027359008789062e+01,-5.422327995300292969e+00,-3.724740266799926758e+00,-4.794563293457031250e+00
-3.182662487030029297e+00,-8.441227912902832031e+00,-8.918615341186523438e+00,-4.570662498474121094e+00,-1.006092357635498047e+01,-5.530542373657226562e+00,-3.726843118667602539e+00,-4.748680114746093750e+00
-1.132510900497436523e+00,-6.159883022308349609e+00,-7.610963344573974609e+00,-4.794556617736816406e+00,-9.663192749023437500e+00,-1.683489561080932617e+00,-2.922721862792968750e+00,-4.553040027618408203e+00
-3.130939483642578125e+00,-8.529314041137695312e+00,-8.813650131225585938e+00,-4.605314254760742188e+00,-1.021501731872558594e+01,-5.478760719299316406e+00,-3.741423845291137695e+00,-4.734151840209960938e+00
-3.153715133666992188e+00,-8.513576507568359375e+00,-8.875184059143066406e+00,-4.625610828399658203e+00,-1.039332580566406250e+01,-5.609117031097412109e+00,-3.694363832473754883e+00,-4.748146057128906250e+00
-2.761854648590087891e+00,-7.639600753784179688e+00,-9.322904586791992188e+00,-4.622583866119384766e+00,-9.933555603027343750e+00,-4.092347145080566406e+00,-3.706631660461425781e+00,-4.862871646881103516e+00
-9.233578443527221680e-01,-6.388596534729003906e+00,-8.461918830871582031e+00,-2.072271823883056641e+00,-6.375051975250244141e+00,-1.684029817581176758e+00,-2.344948053359985352e+00,-3.320998191833496094e+00
-2.190474033355712891e+00,-7.650951385498046875e+00,-9.347858428955078125e+00,-4.969848155975341797e+00,-1.007328414916992188e+01,-4.175699234008789062e+00,-3.446516752243041992e+00,-4.690944194793701172e+00
-2.564586162567138672e+00,-6.970043659210205078e+00,-9.326059341430664062e+00,-5.161850929260253906e+00,-1.063978004455566406e+01,-2.596681356430053711e+00,-2.873141527175903320e+00,-4.841146469116210938e+00
-2.969780206680297852e+00,-8.402624130249023438e+00,-9.156971931457519531e+00,-4.658635139465332031e+00,-9.970695495605468750e+00,-5.198106765747070312e+00,-3.723464012145996094e+00,-4.628158092498779297e+00
-9.231761693954467773e-01,-6.534964084625244141e+00,-7.421491146087646484e+00,-2.074714183807373047e+00,-5.901049137115478516e+00,-3.257164478302001953e+00,-2.264625787734985352e+00,-3.206949710845947266e+00
-1.179852366447448730e+00,-6.492054939270019531e+00,-7.651298522949218750e+00,-1.954997181892395020e+00,-5.720208644866943359e+00,-3.270256042480468750e+00,-2.161190032958984375e+00,-3.224932909011840820e+00
-1.204096436500549316e+00,-6.541873931884765625e+00,-7.545915603637695312e+00,-2.103602170944213867e+00,-5.745443820953369141e+00,-3.424963235855102539e+00,-2.253169059753417969e+00,-3.243500232696533203e+00
-1.235773444175720215e+00,-6.475993156433105469e+00,-7.763224601745605469e+00,-1.955530881881713867e+00,-5.712096691131591797e+00,-3.243445396423339844e+00,-2.155540227890014648e+00,-3.223334312438964844e+00
-1.113155961036682129e+00,-6.487266540527343750e+00,-7.651319503784179688e+00,-1.874085545539855957e+00,-5.661097526550292969e+00,-3.346320629119873047e+00,-1.864692091941833496e+00,-2.960932254791259766e+00
-1.225419044494628906e+00,-6.606983184814453125e+00,-7.572861671447753906e+00,-2.015344619750976562e+00,-5.713453292846679688e+00,-3.477135896682739258e+00,-2.141087532043457031e+00,-3.144740581512451172e+00
-1.917483329772949219e+00,-6.850714206695556641e+00,-8.759763717651367188e+00,-2.324767589569091797e+00,-5.692751884460449219e+00,-3.626330614089965820e+00,-2.715311288833618164e+00,-3.264320373535156250e+00
-1.344148755073547363e+00,-6.466186523437500000e+00,-7.808816909790039062e+00,-2.109446763992309570e+00,-5.696092605590820312e+00,-3.457334041595458984e+00,-2.274023294448852539e+00,-3.184669017791748047e+00
-2.891719102859497070e+00,-8.138817787170410156e+00,-1.059871673583984375e+01,-3.993583917617797852e+00,-7.164382934570312500e+00,-5.054400920867919922e+00,-4.750259399414062500e+00,-3.968120098114013672e+00
-1.856961488723754883e+00,-7.760239124298095703e+00,-8.611204147338867188e+00,-4.155851364135742188e+00,-7.887059211730957031e+00,-3.809661865234375000e+00,-4.963202953338623047e+00,-2.823137283325195312e+00
-1.888478040695190430e+00,-7.423972606658935547e+00,-8.629571914672851562e+00,-3.416290044784545898e+00,-7.122602939605712891e+00,-4.711472034454345703e+00,-4.940158843994140625e+00,-2.758793354034423828e+00
-9.176772832870483398e-01,-7.566562652587890625e+00,-7.361853122711181641e+00,-4.355205059051513672e+00,-9.337525367736816406e+00,-5.227870464324951172e+00,-6.934248924255371094e+00,-2.916861057281494141e+00
1.199242353439331055e+00,-5.707280635833740234e+00,-1.686275005340576172e+00,-3.373287200927734375e+00,-8.770536422729492188e+00,-4.236390590667724609e+00,-5.198981761932373047e+00,-1.709392070770263672e+00
-1.676362276077270508e+00,-6.844581604003906250e+00,-8.195306777954101562e+00,-2.607330560684204102e+00,-5.654676437377929688e+00,-3.153955936431884766e+00,-3.055624723434448242e+00,-2.960282325744628906e+00
-1.805310606956481934e+00,-7.497347354888916016e+00,-8.239072799682617188e+00,-2.988923311233520508e+00,-6.091836929321289062e+00,-2.464101314544677734e+00,-4.103412151336669922e+00,-2.932015419006347656e+00
-1.071584939956665039e+00,-6.651229858398437500e+00,-7.769431114196777344e+00,-2.104774951934814453e+00,-5.668829917907714844e+00,-3.022132158279418945e+00,-2.285470008850097656e+00,-3.095711231231689453e+00
-1.186397314071655273e+00,-6.530044078826904297e+00,-7.717664241790771484e+00,-1.912528276443481445e+00,-5.655245780944824219e+00,-3.389896869659423828e+00,-1.917805314064025879e+00,-2.973073959350585938e+00
-1.798508405685424805e+00,-7.062618732452392578e+00,-8.416364669799804688e+00,-2.761983156204223633e+00,-5.916960239410400391e+00,-3.435151100158691406e+00,-3.424318790435791016e+00,-3.015224456787109375e+00
-1.253440260887145996e+00,-6.811121940612792969e+00,-8.307240486145019531e+00,-2.354568004608154297e+00,-5.581683158874511719e+00,-2.310441493988037109e+00,-2.718770503997802734e+00,-3.028471469879150391e+00
-1.125501632690429688e+00,-6.674475669860839844e+00,-8.426870346069335938e+00,-2.327918529510498047e+00,-5.677175045013427734e+00,-2.099036931991577148e+00,-2.682714939117431641e+00,-3.055517196655273438e+00
-1.025786280632019043e+00,-6.624058246612548828e+00,-7.734494209289550781e+00,-2.108048439025878906e+00,-5.667818069458007812e+00,-2.956812381744384766e+00,-2.281010150909423828e+00,-3.085782051086425781e+00
-1.191013216972351074e+00,-6.545316696166992188e+00,-7.597767829895019531e+00,-1.975770354270935059e+00,-5.690908908843994141e+00,-3.434480667114257812e+00,-2.046432495117187500e+00,-3.061476707458496094e+00
-1.214441418647766113e+00,-6.579287528991699219e+00,-7.701981067657470703e+00,-1.993643760681152344e+00,-5.699316024780273438e+00,-3.330110073089599609e+00,-2.121944189071655273e+00,-3.127239704132080078e+00
-1.162173867225646973e+00,-6.509554386138916016e+00,-7.587916851043701172e+00,-1.967692852020263672e+00,-5.677017688751220703e+00,-3.424539804458618164e+00,-2.012844085693359375e+00,-3.028253793716430664e+00
-1.119111657142639160e+00,-6.562097072601318359e+00,-7.560280323028564453e+00,-2.061303615570068359e+00,-5.694949150085449219e+00,-3.400929450988769531e+00,-2.148157596588134766e+00,-3.091538906097412109e+00
-1.170580625534057617e+00,-6.543754577636718750e+00,-7.593574523925781250e+00,-1.975781798362731934e+00,-5.686915874481201172e+00,-3.426960468292236328e+00,-2.037090539932250977e+00,-3.050359249114990234e+00
-1.853729844093322754e+00,-7.174481868743896484e+00,-7.956254005432128906e+00,-3.275846958160400391e+00,-7.417864799499511719e+00,-3.687204837799072266e+00,-4.965600490570068359e+00,-2.739672660827636719e+00
-1.764617204666137695e+00,-7.221933364868164062e+00,-7.786792278289794922e+00,-3.000349521636962891e+00,-6.534393310546875000e+00,-2.585371494293212891e+00,-4.502207279205322266e+00,-2.594751119613647461e+00
-1.838930845260620117e+00,-7.670551300048828125e+00,-8.236906051635742188e+00,-3.053543806076049805e+00,-6.209561824798583984e+00,-2.402143955230712891e+00,-4.287845611572265625e+00,-2.884594917297363281e+00
-1.794436454772949219e+00,-7.567996025085449219e+00,-8.219681739807128906e+00,-3.040641784667968750e+00,-6.209395408630371094e+00,-2.377563714981079102e+00,-4.238984584808349609e+00,-2.765882492065429688e+00
-1.779981017112731934e+00,-7.478807449340820312e+00,-8.167101860046386719e+00,-3.045416831970214844e+00,-6.102807998657226562e+00,-2.375313282012939453e+00,-4.098394870758056641e+00,-2.833033323287963867e+00
-1.999664545059204102e+00,-7.448666095733642578e+00,-8.820533752441406250e+00,-3.377719640731811523e+00,-6.730542182922363281e+00,-2.555604457855224609e+00,-4.656846523284912109e+00,-3.003124713897705078e+00
-8.522146344184875488e-01,-6.449070930480957031e+00,-7.443665504455566406e+00,-2.041630268096923828e+00,-5.904584407806396484e+00,-3.297221660614013672e+00,-2.112452983856201172e+00,-3.127805233001708984e+00
-1.084249258041381836e+00,-6.384572029113769531e+00,-7.668903350830078125e+00,-1.900439500808715820e+00,-5.635375022888183594e+00,-3.379411935806274414e+00,-1.791196823120117188e+00,-2.895254135131835938e+00
-1.776113510131835938e+00,-6.908430576324462891e+00,-9.033053398132324219e+00,-2.386462688446044922e+00,-8.329308509826660156e+00,-2.050757408142089844e+00,-3.086046457290649414e+00,-3.632317066192626953e+00
-1.094202876091003418e+00,-6.455620288848876953e+00,-7.663608551025390625e+00,-1.892342329025268555e+00,-5.657613277435302734e+00,-3.380106210708618164e+00,-1.820338010787963867e+00,-2.945605993270874023e+00
-1.118646740913391113e+00,-6.429826259613037109e+00,-7.836686134338378906e+00,-1.832516193389892578e+00,-5.593219757080078125e+00,-3.335554599761962891e+00,-1.671028256416320801e+00,-2.776780843734741211e+00
-8.788596391677856445e-01,-6.491539478302001953e+00,-8.050463676452636719e+00,-2.190796613693237305e+00,-6.529673099517822266e+00,-2.617375850677490234e+00,-2.459875106811523438e+00,-3.218176364898681641e+00
-1.104532837867736816e+00,-6.429240703582763672e+00,-7.791292190551757812e+00,-1.853816151618957520e+00,-5.609354972839355469e+00,-3.344460010528564453e+00,-1.715879082679748535e+00,-2.828380346298217773e+00
-1.847361564636230469e+00,-7.119202613830566406e+00,-9.383794784545898438e+00,-3.718310117721557617e+00,-9.035715103149414062e+00,-3.117001533508300781e+00,-4.072844505310058594e+00,-3.677158355712890625e+00
-1.772610664367675781e+00,-7.074718952178955078e+00,-9.286870002746582031e+00,-3.662996053695678711e+00,-9.002964019775390625e+00,-3.001967430114746094e+00,-4.171620368957519531e+00,-3.687900066375732422e+00
-1.781227111816406250e+00,-7.051758289337158203e+00,-9.326393127441406250e+00,-3.662872076034545898e+00,-8.972969055175781250e+00,-3.039906740188598633e+00,-4.145106315612792969e+00,-3.692582130432128906e+00
-1.764684200286865234e+00,-7.026001930236816406e+00,-9.298839569091796875e+00,-3.657617092132568359e+00,-8.986065864562988281e+00,-3.014820098876953125e+00,-4.124593734741210938e+00,-3.715542316436767578e+00
-1.743378639221191406e+00,-7.011458396911621094e+00,-9.284343719482421875e+00,-3.661691665649414062e+00,-8.990766525268554688e+00,-2.985476255416870117e+00,-4.049486637115478516e+00,-3.815713405609130859e+00
-1.744565963745117188e+00,-7.090275287628173828e+00,-9.276501655578613281e+00,-3.675304412841796875e+00,-8.908040046691894531e+00,-3.102036237716674805e+00,-4.180014610290527344e+00,-3.674778461456298828e+00
-1.817515134811401367e+00,-7.107029914855957031e+00,-9.364882469177246094e+00,-3.700770854949951172e+00,-8.981187820434570312e+00,-3.101269006729125977e+00,-4.131447792053222656e+00,-3.675303936004638672e+00
-1.733441591262817383e+00,-6.953375816345214844e+00,-9.108987808227539062e+00,-3.656414270401000977e+00,-8.913485527038574219e+00,-3.047906398773193359e+00,-4.116141319274902344e+00,-3.642157554626464844e+00
-2.356016159057617188e+00,-6.421199321746826172e+00,-9.244413375854492188e+00,-1.998281359672546387e+00,-8.627355575561523438e+00,-1.756934165954589844e+00,-2.377182006835937500e+00,-3.986911296844482422e+00
-1.935126781463623047e+00,-5.801619529724121094e+00,-6.446037769317626953e+00,-5.225031375885009766e+00,-8.731964111328125000e+00,-5.631232261657714844e+00,-6.507524490356445312e+00,-3.260675430297851562e+00
-1.241707205772399902e+00,-6.390584945678710938e+00,-8.198475837707519531e+00,-2.477579116821289062e+00,-7.110186576843261719e+00,-1.884853482246398926e+00,-3.132474184036254883e+00,-3.337938308715820312e+00
-1.513511061668395996e+00,-6.787539482116699219e+00,-9.165729522705078125e+00,-3.649314641952514648e+00,-9.267528533935546875e+00,-2.043820619583129883e+00,-3.529445171356201172e+00,-3.816381692886352539e+00
-1.720117330551147461e+00,-6.820589542388916016e+00,-9.270701408386230469e+00,-3.655127525329589844e+00,-8.989525794982910156e+00,-2.984957695007324219e+00,-4.001743316650390625e+00,-3.680198192596435547e+00
-1.943992495536804199e+00,-7.313688278198242188e+00,-9.471425056457519531e+00,-3.785511016845703125e+00,-9.043400764465332031e+00,-3.310085058212280273e+00,-3.970013141632080078e+00,-3.751143455505371094e+00
-2.560630321502685547e+00,-7.670223236083984375e+00,-9.167001724243164062e+00,-4.157417774200439453e+00,-9.504240989685058594e+00,-4.234876155853271484e+00,-3.809262990951538086e+00,-4.243983268737792969e+00
-1.827092647552490234e+00,-7.103020668029785156e+00,-9.449142456054687500e+00,-3.708683729171752930e+00,-9.013648986816406250e+00,-3.102797508239746094e+00,-4.095873355865478516e+00,-3.665081262588500977e+00
-1.799487709999084473e+00,-7.088513374328613281e+00,-9.672986984252929688e+00,-3.686977863311767578e+00,-8.954568862915039062e+00,-3.048829078674316406e+00,-4.036304473876953125e+00,-3.631179809570312500e+00
-8.516197800636291504e-01,-6.425141811370849609e+00,-7.549354553222656250e+00,-2.039595127105712891e+00,-5.907610893249511719e+00,-3.182902336120605469e+00,-2.144133090972900391e+00,-3.117273807525634766e+00
-1.824057459831237793e+00,-7.141173362731933594e+00,-9.388434410095214844e+00,-3.701929807662963867e+00,-8.970874786376953125e+00,-3.028390407562255859e+00,-4.028099060058593750e+00,-3.683720350265502930e+00
-9.269518256187438965e-01,-6.467722892761230469e+00,-7.761162757873535156e+00,-2.096078634262084961e+00,-6.206639289855957031e+00,-3.316626548767089844e+00,-2.317026615142822266e+00,-3.201966762542724609e+00
-1.364245772361755371e+00,-6.684689521789550781e+00,-8.590188980102539062e+00,-2.776144027709960938e+00,-9.357153892517089844e+00,-1.883607149124145508e+00,-3.037578821182250977e+00,-3.709895849227905273e+00
-9.854202866554260254e-01,-6.634417057037353516e+00,-8.415644645690917969e+00,-2.134925842285156250e+00,-7.861786842346191406e+00,-1.738355398178100586e+00,-2.386521339416503906e+00,-3.396595001220703125e+00
-9.083012342453002930e-01,-6.567758083343505859e+00,-7.960852622985839844e+00,-2.129470348358154297e+00,-6.096658706665039062e+00,-3.077640533447265625e+00,-2.320742130279541016e+00,-3.210014343261718750e+00
-1.820922374725341797e+00,-7.093153953552246094e+00,-9.857324600219726562e+00,-3.691792488098144531e+00,-8.929034233093261719e+00,-3.026083707809448242e+00,-4.044992446899414062e+00,-3.609044551849365234e+00
-1.912090539932250977e+00,-7.212970256805419922e+00,-9.166057586669921875e+00,-3.737677574157714844e+00,-9.060763359069824219e+00,-3.103802680969238281e+00,-3.982907772064208984e+00,-3.844327926635742188e+00
-8.443423509597778320e-01,-6.489533901214599609e+00,-7.826217651367187500e+00,-2.168563604354858398e+00,-6.466985702514648438e+00,-2.843319892883300781e+00,-2.501238584518432617e+00,-3.232872009277343750e+00
-4.866347312927246094e+00,-6.457746982574462891e+00,-1.068556785583496094e+01,-5.872550010681152344e+00,-1.071352386474609375e+01,-1.822084426879882812e+00,-4.043920516967773438e+00,-4.107708454132080078e+00
-4.241247177124023438e+00,-7.974411010742187500e+00,-1.017602348327636719e+01,-5.451400756835937500e+00,-9.025382995605468750e+00,-4.809044837951660156e+00,-5.715952396392822266e+00,-3.206391811370849609e+00
-4.328707695007324219e+00,-7.216382503509521484e+00,-1.079791641235351562e+01,-3.754353284835815430e+00,-6.452124595642089844e+00,-1.382615566253662109e+00,-4.310431957244873047e+00,-4.502265930175781250e+00
-4.234885215759277344e+00,-8.086136817932128906e+00,-1.046643352508544922e+01,-5.231525897979736328e+00,-8.669086456298828125e+00,-4.079697132110595703e+00,-5.264589786529541016e+00,-3.467704296112060547e+00
-4.833396911621093750e+00,-6.107101440429687500e+00,-1.055734825134277344e+01,-6.668720245361328125e-01,-7.886412620544433594e+00,-4.976601600646972656e-01,-2.390294313430786133e+00,-4.669150352478027344e+00
-4.499422073364257812e+00,-7.190223217010498047e+00,-1.167612457275390625e+01,-4.700315952301025391e+00,-6.687129497528076172e+00,-1.253542542457580566e+00,-4.681478977203369141e+00,-3.784217357635498047e+00
-4.328493595123291016e+00,-7.251426696777343750e+00,-1.116723632812500000e+01,-4.693773746490478516e+00,-6.763521194458007812e+00,-1.401744723320007324e+00,-4.766993522644042969e+00,-3.570333003997802734e+00
-4.317420005798339844e+00,-7.460882186889648438e+00,-1.092974853515625000e+01,-4.871534347534179688e+00,-7.651845455169677734e+00,-4.432224273681640625e+00,-4.908795356750488281e+00,-4.555001258850097656e+00
-4.168193340301513672e+00,-7.841928958892822266e+00,-1.095355415344238281e+01,-4.791753292083740234e+00,-7.185647964477539062e+00,-5.502283096313476562e+00,-5.159520626068115234e+00,-4.279308319091796875e+00
-4.436565399169921875e+00,-7.228603839874267578e+00,-1.171513557434082031e+01,-4.698285102844238281e+00,-6.719504356384277344e+00,-1.234588265419006348e+00,-4.698534011840820312e+00,-3.684720039367675781e+00
-4.134088516235351562e+00,-7.395941257476806641e+00,-1.114447784423828125e+01,-4.803296089172363281e+00,-6.525184154510498047e+00,-2.741798639297485352e+00,-4.749359130859375000e+00,-3.628264188766479492e+00
-4.488038539886474609e+00,-6.704663276672363281e+00,-1.094688129425048828e+01,-5.241467952728271484e+00,-1.021923255920410156e+01,-1.763014078140258789e+00,-3.696643114089965820e+00,-4.401045322418212891e+00
-4.223550319671630859e+00,-5.718635559082031250e+00,-1.022589111328125000e+01,-1.838602066040039062e+00,-8.818701744079589844e+00,-4.001479148864746094e-01,-7.792754173278808594e+00,-3.538435935974121094e+00
-2.848960876464843750e+00,-7.074946403503417969e+00,-9.504267692565917969e+00,-3.414697885513305664e+00,-6.813058853149414062e+00,-4.073853492736816406e+00,-3.446533203125000000e+00,-3.865470409393310547e+00
-2.869162559509277344e+00,-7.154401779174804688e+00,-9.471221923828125000e+00,-3.573247909545898438e+00,-6.849773883819580078e+00,-4.023811817169189453e+00,-3.671622037887573242e+00,-3.966700553894042969e+00
-2.870107412338256836e+00,-7.158924102783203125e+00,-9.471533775329589844e+00,-3.525346994400024414e+00,-6.859926223754882812e+00,-4.007297515869140625e+00,-3.534039735794067383e+00,-3.945429325103759766e+00
-2.726374387741088867e+00,-7.056324005126953125e+00,-9.290500640869140625e+00,-3.438624382019042969e+00,-6.818510055541992188e+00,-3.964494705200195312e+00,-3.543340444564819336e+00,-3.974264621734619141e+00
-2.450667858123779297e+00,-6.892287254333496094e+00,-9.337362289428710938e+00,-2.568917274475097656e+00,-5.795174598693847656e+00,-2.825776576995849609e+00,-3.353204488754272461e+00,-4.140386581420898438e+00
-2.413194656372070312e+00,-7.123216629028320312e+00,-9.360887527465820312e+00,-2.542035102844238281e+00,-5.816769123077392578e+00,-2.555353641510009766e+00,-3.433085918426513672e+00,-3.975718498229980469e+00
-2.368848562240600586e+00,-6.931430339813232422e+00,-9.359888076782226562e+00,-2.461358547210693359e+00,-5.798403739929199219e+00,-2.548631668090820312e+00,-3.348200082778930664e+00,-3.935422420501708984e+00
-2.445136070251464844e+00,-7.044212341308593750e+00,-9.416551589965820312e+00,-2.479213237762451172e+00,-5.808063030242919922e+00,-2.509498834609985352e+00,-3.403863906860351562e+00,-3.917296409606933594e+00
-2.386737585067749023e+00,-6.949716567993164062e+00,-9.341329574584960938e+00,-2.462902069091796875e+00,-5.795159339904785156e+00,-2.510500669479370117e+00,-3.352398157119750977e+00,-3.892724514007568359e+00
-2.525252342224121094e+00,-7.173081398010253906e+00,-9.544505119323730469e+00,-2.504732608795166016e+00,-5.833163738250732422e+00,-2.499289512634277344e+00,-3.457138299942016602e+00,-3.914457321166992188e+00
-2.381576538085937500e+00,-6.917950153350830078e+00,-9.373915672302246094e+00,-2.464135646820068359e+00,-5.798454761505126953e+00,-2.523251771926879883e+00,-3.337328910827636719e+00,-3.901617050170898438e+00
-2.712427616119384766e+00,-7.165463447570800781e+00,-9.373073577880859375e+00,-3.543259859085083008e+00,-6.869258403778076172e+00,-4.142579555511474609e+00,-3.611542224884033203e+00,-3.989120960235595703e+00
-1.610715270042419434e+00,-6.789096355438232422e+00,-8.444156646728515625e+00,-2.616567134857177734e+00,-5.675416469573974609e+00,-2.812517642974853516e+00,-3.105859756469726562e+00,-3.537632465362548828e+00
-3.826259374618530273e+00,-7.562458038330078125e+00,-1.119872379302978516e+01,-4.247756004333496094e+00,-6.749944686889648438e+00,-4.508375644683837891e+00,-4.316461086273193359e+00,-4.206956386566162109e+00
-3.020711421966552734e+00,-7.609117507934570312e+00,-1.016873741149902344e+01,-3.241171121597290039e+00,-6.191263675689697266e+00,-3.350678443908691406e+00,-4.051353454589843750e+00,-4.108409404754638672e+00
-3.047059059143066406e+00,-6.975627899169921875e+00,-9.930756568908691406e+00,-2.713127136230468750e+00,-6.123022079467773438e+00,-3.456143379211425781e+00,-3.592837095260620117e+00,-4.322168350219726562e+00
-2.649937629699707031e+00,-7.335748672485351562e+00,-9.904292106628417969e+00,-2.491453647613525391e+00,-5.980105876922607422e+00,-2.344431400299072266e+00,-3.569098234176635742e+00,-3.685778617858886719e+00
-2.569586277008056641e+00,-7.237895965576171875e+00,-9.751121520996093750e+00,-2.510694742202758789e+00,-5.866513252258300781e+00,-2.601091384887695312e+00,-3.480402708053588867e+00,-4.001151084899902344e+00
-2.691183805465698242e+00,-7.184451103210449219e+00,-9.742215156555175781e+00,-2.582117557525634766e+00,-6.004705429077148438e+00,-2.965312480926513672e+00,-3.723026514053344727e+00,-4.135058403015136719e+00
-2.609312057495117188e+00,-7.304105758666992188e+00,-9.767191886901855469e+00,-2.528774976730346680e+00,-5.909043312072753906e+00,-2.567506790161132812e+00,-3.521945953369140625e+00,-3.996453285217285156e+00
-2.617180109024047852e+00,-7.308936119079589844e+00,-9.781185150146484375e+00,-2.520049095153808594e+00,-5.927723407745361328e+00,-2.545464515686035156e+00,-3.534873962402343750e+00,-3.950286388397216797e+00
-2.466254711151123047e+00,-7.030518531799316406e+00,-9.575504302978515625e+00,-2.464756965637207031e+00,-5.826947212219238281e+00,-2.532011270523071289e+00,-3.383731365203857422e+00,-3.954820632934570312e+00
-2.611559391021728516e+00,-7.272876262664794922e+00,-9.785275459289550781e+00,-2.516927003860473633e+00,-5.949986934661865234e+00,-2.585332155227661133e+00,-3.523350954055786133e+00,-3.900770187377929688e+00
-2.463746547698974609e+00,-7.057040214538574219e+00,-9.544073104858398438e+00,-2.475646495819091797e+00,-5.824822425842285156e+00,-2.534768581390380859e+00,-3.398785829544067383e+00,-3.948946952819824219e+00
-2.461802959442138672e+00,-7.039736747741699219e+00,-9.554267883300781250e+00,-2.470991134643554688e+00,-5.825849056243896484e+00,-2.531373500823974609e+00,-3.389057397842407227e+00,-3.948011875152587891e+00
-2.398642778396606445e+00,-6.914912700653076172e+00,-9.444571495056152344e+00,-2.472989559173583984e+00,-5.807090759277343750e+00,-2.577593564987182617e+00,-3.329725742340087891e+00,-3.918470382690429688e+00
-2.407928466796875000e+00,-6.969348430633544922e+00,-9.405189514160156250e+00,-2.470956325531005859e+00,-5.804193496704101562e+00,-2.565812826156616211e+00,-3.361542940139770508e+00,-3.921020984649658203e+00
-2.398986816406250000e+00,-6.906147003173828125e+00,-9.447316169738769531e+00,-2.470222949981689453e+00,-5.805063724517822266e+00,-2.536889553070068359e+00,-3.330663919448852539e+00,-3.899207115173339844e+00
-2.414501667022705078e+00,-6.949519157409667969e+00,-9.480837821960449219e+00,-2.465088605880737305e+00,-5.810667514801025391e+00,-2.518582820892333984e+00,-3.350217342376708984e+00,-3.899376392364501953e+00
-2.636875152587890625e+00,-7.335223197937011719e+00,-9.882116317749023438e+00,-2.456955432891845703e+00,-5.882777690887451172e+00,-2.222426176071166992e+00,-3.557347536087036133e+00,-3.760084629058837891e+00
-2.430052042007446289e+00,-6.990250587463378906e+00,-9.488170623779296875e+00,-2.489292621612548828e+00,-5.816349506378173828e+00,-2.553051948547363281e+00,-3.359813451766967773e+00,-3.912889480590820312e+00
-2.158566951751708984e+00,-7.471582412719726562e+00,-9.480916023254394531e+00,-2.613467454910278320e+00,-6.057459831237792969e+00,-2.185607194900512695e+00,-3.629083871841430664e+00,-3.718615531921386719e+00
-2.347877264022827148e+00,-6.832848548889160156e+00,-9.359855651855468750e+00,-2.476995944976806641e+00,-5.790439605712890625e+00,-2.557488441467285156e+00,-3.271032571792602539e+00,-3.869719505310058594e+00
-9.418607354164123535e-01,-6.562109947204589844e+00,-7.440980911254882812e+00,-2.003168106079101562e+00,-5.729351520538330078e+00,-3.318104743957519531e+00,-2.123830080032348633e+00,-3.151071071624755859e+00
-2.113204717636108398e+00,-6.785321235656738281e+00,-8.519075393676757812e+00,-2.482931137084960938e+00,-5.719243526458740234e+00,-2.625268220901489258e+00,-3.167819023132324219e+00,-3.583924770355224609e+00
-2.205502510070800781e+00,-6.809034824371337891e+00,-8.782749176025390625e+00,-2.453659534454345703e+00,-5.739526271820068359e+00,-2.445324897766113281e+00,-3.256618738174438477e+00,-3.738045215606689453e+00
-9.379473924636840820e-01,-6.612368106842041016e+00,-7.597653865814208984e+00,-2.146068572998046875e+00,-5.731851577758789062e+00,-3.220638990402221680e+00,-2.279641151428222656e+00,-3.160599231719970703e+00
-2.193153858184814453e+00,-6.787812232971191406e+00,-8.719818115234375000e+00,-2.474893331527709961e+00,-5.737913608551025391e+00,-2.489366531372070312e+00,-3.233846426010131836e+00,-3.721176385879516602e+00
-2.350171566009521484e+00,-6.836225509643554688e+00,-9.349532127380371094e+00,-2.459573268890380859e+00,-5.787181377410888672e+00,-2.538710832595825195e+00,-3.276144742965698242e+00,-3.865716934204101562e+00
-4.072510719299316406e+00,-7.704017639160156250e+00,-1.128170585632324219e+01,-4.690713882446289062e+00,-7.768019676208496094e+00,-4.530479431152343750e+00,-4.125238895416259766e+00,-3.960610389709472656e+00
-4.070707321166992188e+00,-7.770726680755615234e+00,-1.136041164398193359e+01,-4.673403263092041016e+00,-7.553059577941894531e+00,-4.546259403228759766e+00,-4.356055736541748047e+00,-3.816099882125854492e+00
-4.087979316711425781e+00,-7.773001670837402344e+00,-1.136593818664550781e+01,-4.662322521209716797e+00,-7.565048217773437500e+00,-4.553374290466308594e+00,-4.366370677947998047e+00,-3.815789699554443359e+00
-4.103014945983886719e+00,-7.783802032470703125e+00,-1.139203643798828125e+01,-4.651350975036621094e+00,-7.573142528533935547e+00,-4.548506259918212891e+00,-4.364865779876708984e+00,-3.828985452651977539e+00
-4.017801284790039062e+00,-7.782607555389404297e+00,-1.140772819519042969e+01,-4.543128013610839844e+00,-7.519300460815429688e+00,-4.386905193328857422e+00,-4.431302070617675781e+00,-3.852849483489990234e+00
-4.039874076843261719e+00,-7.912955760955810547e+00,-1.137664985656738281e+01,-4.510839462280273438e+00,-7.530722618103027344e+00,-4.412525653839111328e+00,-4.581548690795898438e+00,-3.779274940490722656e+00
-3.489814996719360352e+00,-7.463027000427246094e+00,-1.032945251464843750e+01,-2.933806657791137695e+00,-6.191031455993652344e+00,-2.163088798522949219e+00,-4.064096450805664062e+00,-3.579826354980468750e+00
-3.973686695098876953e+00,-7.916837692260742188e+00,-1.132738780975341797e+01,-4.421735286712646484e+00,-7.442731380462646484e+00,-4.498588562011718750e+00,-4.613017082214355469e+00,-3.945678234100341797e+00
-2.981623888015747070e+00,-6.661377906799316406e+00,-9.618200302124023438e+00,-2.083543539047241211e+00,-6.156616687774658203e+00,-1.662674427032470703e+00,-3.086274385452270508e+00,-4.091701984405517578e+00
-2.804636240005493164e+00,-6.812129497528076172e+00,-9.642555236816406250e+00,-2.188479900360107422e+00,-5.945724010467529297e+00,-1.917192339897155762e+00,-3.127239704132080078e+00,-4.044730663299560547e+00
-2.988034725189208984e+00,-6.646126747131347656e+00,-9.647874832153320312e+00,-2.052832603454589844e+00,-6.148715496063232422e+00,-1.711901903152465820e+00,-3.060836791992187500e+00,-4.106930255889892578e+00
-2.494950294494628906e+00,-6.943297386169433594e+00,-9.576744079589843750e+00,-2.450319290161132812e+00,-5.843928337097167969e+00,-2.403121709823608398e+00,-3.260976791381835938e+00,-3.972096920013427734e+00
-2.491845607757568359e+00,-6.964343547821044922e+00,-9.637022018432617188e+00,-2.469702720642089844e+00,-5.848364353179931641e+00,-2.671876430511474609e+00,-3.296486139297485352e+00,-3.994400024414062500e+00
-3.954133033752441406e+00,-7.910281181335449219e+00,-1.103933048248291016e+01,-4.240442752838134766e+00,-6.574794769287109375e+00,-4.813150405883789062e+00,-4.751004219055175781e+00,-4.336651325225830078e+00
-3.284426212310791016e+00,-6.956481456756591797e+00,-1.006494903564453125e+01,-3.328343868255615234e+00,-5.931437492370605469e+00,-3.194476604461669922e+00,-3.727174997329711914e+00,-4.471760272979736328e+00
-2.672335147857666016e+00,-7.100085258483886719e+00,-9.655503273010253906e+00,-2.305819511413574219e+00,-5.845067501068115234e+00,-1.989111542701721191e+00,-3.496880531311035156e+00,-4.021687984466552734e+00
-3.995856523513793945e+00,-7.465278625488281250e+00,-1.137939453125000000e+01,-4.460017204284667969e+00,-7.372647762298583984e+00,-4.652726173400878906e+00,-4.459107398986816406e+00,-4.110666751861572266e+00
-4.110354423522949219e+00,-7.790860176086425781e+00,-1.140126800537109375e+01,-4.668512344360351562e+00,-7.644098281860351562e+00,-4.560854911804199219e+00,-4.345301628112792969e+00,-3.904029369354248047e+00
-2.895612239837646484e+00,-7.272443771362304688e+00,-9.826647758483886719e+00,-2.742968082427978516e+00,-6.051411151885986328e+00,-2.988228559494018555e+00,-3.654082775115966797e+00,-3.932387828826904297e+00
-2.612494468688964844e+00,-7.232184410095214844e+00,-9.828063964843750000e+00,-2.501713037490844727e+00,-5.921396732330322266e+00,-2.704178333282470703e+00,-3.507423162460327148e+00,-4.060363769531250000e+00
-2.804492712020874023e+00,-7.122018814086914062e+00,-9.745649337768554688e+00,-2.513503074645996094e+00,-5.888968467712402344e+00,-2.510436058044433594e+00,-3.668287754058837891e+00,-4.116810798645019531e+00
-2.619143962860107422e+00,-7.236897468566894531e+00,-9.786200523376464844e+00,-2.452234268188476562e+00,-5.925067424774169922e+00,-2.582865715026855469e+00,-3.463196754455566406e+00,-3.991946220397949219e+00
-2.626148223876953125e+00,-7.254318237304687500e+00,-9.861110687255859375e+00,-2.519697666168212891e+00,-5.916396617889404297e+00,-2.666335105895996094e+00,-3.498507738113403320e+00,-4.072961807250976562e+00
-2.618700265884399414e+00,-7.259428977966308594e+00,-9.813777923583984375e+00,-2.549659013748168945e+00,-5.875843524932861328e+00,-2.673025846481323242e+00,-3.493770837783813477e+00,-4.061712265014648438e+00
-2.493394851684570312e+00,-7.131590843200683594e+00,-9.516127586364746094e+00,-2.481221675872802734e+00,-5.825850009918212891e+00,-2.530281066894531250e+00,-3.437605142593383789e+00,-3.958518028259277344e+00
-2.509969949722290039e+00,-7.152400970458984375e+00,-9.588773727416992188e+00,-2.495054721832275391e+00,-5.836410999298095703e+00,-2.525663375854492188e+00,-3.438678503036499023e+00,-3.953066349029541016e+00
-4.276648521423339844e+00,-7.508340358734130859e+00,-1.044993305206298828e+01,-5.225224494934082031e+00,-7.911392211914062500e+00,-5.092732906341552734e+00,-3.984960556030273438e+00,-4.787784099578857422e+00
-4.300634384155273438e+00,-7.266340255737304688e+00,-9.843098640441894531e+00,-5.495578765869140625e+00,-8.079872131347656250e+00,-5.096111297607421875e+00,-3.878723382949829102e+00,-4.980237960815429688e+00
-4.078929901123046875e+00,-7.794634819030761719e+00,-1.096382522583007812e+01,-4.610844135284423828e+00,-7.614123344421386719e+00,-4.772655010223388672e+00,-4.124428749084472656e+00,-4.122023105621337891e+00
-4.272715091705322266e+00,-7.447552204132080078e+00,-1.025488853454589844e+01,-5.317180156707763672e+00,-7.938572406768798828e+00,-5.085808753967285156e+00,-3.992875099182128906e+00,-4.838973522186279297e+00
-4.071317672729492188e+00,-7.667895317077636719e+00,-1.093048954010009766e+01,-4.716728210449218750e+00,-7.538601875305175781e+00,-5.003075599670410156e+00,-4.077922821044921875e+00,-4.217160224914550781e+00
-4.094843864440917969e+00,-7.814587116241455078e+00,-1.125451755523681641e+01,-4.629673480987548828e+00,-7.606099128723144531e+00,-4.607917308807373047e+00,-4.280410766601562500e+00,-3.861795902252197266e+00
-4.108264923095703125e+00,-7.860552787780761719e+00,-1.142668914794921875e+01,-4.563797950744628906e+00,-7.632441997528076172e+00,-4.558420181274414062e+00,-4.565391540527343750e+00,-3.849824666976928711e+00
-4.122509956359863281e+00,-7.719953536987304688e+00,-1.074139022827148438e+01,-4.749033927917480469e+00,-7.602929115295410156e+00,-4.906242370605468750e+00,-3.985921144485473633e+00,-4.439099788665771484e+00
-3.512396097183227539e+00,-7.477545738220214844e+00,-1.001133346557617188e+01,-2.961165189743041992e+00,-6.392079830169677734e+00,-4.083854675292968750e+00,-4.479665756225585938e+00,-3.743633747100830078e+00
-4.086097717285156250e+00,-7.794420242309570312e+00,-1.111495780944824219e+01,-4.645139217376708984e+00,-7.604062080383300781e+00,-4.709531784057617188e+00,-4.103679180145263672e+00,-4.035326480865478516e+00
-4.113821029663085938e+00,-7.788872241973876953e+00,-1.125654220581054688e+01,-4.597803592681884766e+00,-7.515899181365966797e+00,-4.572733402252197266e+00,-4.276333332061767578e+00,-3.901084899902343750e+00
-2.748342037200927734e+00,-7.241670608520507812e+00,-9.694443702697753906e+00,-2.596487760543823242e+00,-6.043602943420410156e+00,-2.922372341156005859e+00,-3.816916704177856445e+00,-4.059368610382080078e+00
-2.568306684494018555e+00,-7.253089904785156250e+00,-9.683986663818359375e+00,-2.588423967361450195e+00,-5.950529575347900391e+00,-2.614629268646240234e+00,-3.516874790191650391e+00,-3.840467691421508789e+00
-3.257794380187988281e+00,-6.984755992889404297e+00,-1.003662014007568359e+01,-2.783813476562500000e+00,-5.882498741149902344e+00,-1.883298635482788086e+00,-3.575946092605590820e+00,-4.153863430023193359e+00
-4.546619892120361328e+00,-8.009642601013183594e+00,-1.123708534240722656e+01,-4.223873138427734375e+00,-6.799242973327636719e+00,-1.526225090026855469e+00,-4.612329483032226562e+00,-3.418320178985595703e+00
-3.832085609436035156e+00,-7.248826026916503906e+00,-1.121408557891845703e+01,-4.390097141265869141e+00,-6.459442138671875000e+00,-4.240053176879882812e+00,-4.193360805511474609e+00,-3.932633399963378906e+00
-4.143518447875976562e+00,-7.400780200958251953e+00,-1.107881546020507812e+01,-4.289875030517578125e+00,-6.338507175445556641e+00,-1.592379570007324219e+00,-4.389441490173339844e+00,-3.385117769241333008e+00
-4.059558868408203125e+00,-7.917857170104980469e+00,-1.152110958099365234e+01,-4.607927799224853516e+00,-7.403428077697753906e+00,-4.419699668884277344e+00,-4.561607837677001953e+00,-3.732733964920043945e+00
-4.458893299102783203e+00,-7.941954612731933594e+00,-1.123574352264404297e+01,-4.249447345733642578e+00,-6.666719436645507812e+00,-1.545491695404052734e+00,-4.594753265380859375e+00,-3.534110784530639648e+00
-3.145292997360229492e+00,-7.193712711334228516e+00,-9.849388122558593750e+00,-2.644517660140991211e+00,-5.885384559631347656e+00,-2.103960752487182617e+00,-3.707857370376586914e+00,-3.652438640594482422e+00
-4.499988079071044922e+00,-7.871967315673828125e+00,-1.128600311279296875e+01,-4.256908893585205078e+00,-6.677028656005859375e+00,-1.522881269454956055e+00,-4.611661911010742188e+00,-3.407480239868164062e+00
-3.413792610168457031e+00,-7.358016967773437500e+00,-1.012214660644531250e+01,-2.729843378067016602e+00,-6.074117183685302734e+00,-2.104812145233154297e+00,-3.876532793045043945e+00,-3.620388507843017578e+00
-3.604141235351562500e+00,-7.572921752929687500e+00,-1.029615020751953125e+01,-2.829958915710449219e+00,-6.203354835510253906e+00,-2.291528940200805664e+00,-4.132738590240478516e+00,-3.697703838348388672e+00
-3.775173664093017578e+00,-7.745827198028564453e+00,-1.037288284301757812e+01,-2.958040714263916016e+00,-6.319098472595214844e+00,-1.920949697494506836e+00,-4.338816642761230469e+00,-3.661820650100708008e+00
-3.852865457534790039e+00,-7.840254783630371094e+00,-1.044904327392578125e+01,-3.307737827301025391e+00,-6.339422702789306641e+00,-1.887231349945068359e+00,-4.517860412597656250e+00,-3.826088428497314453e+00
-3.784593343734741211e+00,-7.670253276824951172e+00,-1.017427158355712891e+01,-2.815015077590942383e+00,-6.282662391662597656e+00,-1.842471837997436523e+00,-4.267008304595947266e+00,-3.673484802246093750e+00
-2.207275867462158203e+00,-6.654499053955078125e+00,-9.759914398193359375e+00,-5.889374256134033203e+00,-9.153244972229003906e+00,-7.534195899963378906e+00,-8.961885452270507812e+00,-7.319744110107421875e+00
-4.077910423278808594e+00,-5.976256370544433594e+00,-1.006782627105712891e+01,-5.551322937011718750e+00,-1.581187009811401367e+00,-9.950258731842041016e-01,-2.493325233459472656e+00,-4.283852577209472656e+00
-2.722572565078735352e+00,-6.603898048400878906e+00,-9.937841415405273438e+00,-4.874027252197265625e+00,-8.472728729248046875e+00,-6.371741294860839844e+00,-7.959705352783203125e+00,-6.756162643432617188e+00
-2.388664722442626953e+00,-6.650156974792480469e+00,-9.519875526428222656e+00,-5.657443046569824219e+00,-8.629831314086914062e+00,-6.688461303710937500e+00,-8.310342788696289062e+00,-6.756574630737304688e+00
-3.949469566345214844e+00,-6.032076835632324219e+00,-1.015726280212402344e+01,-5.499176025390625000e+00,-9.720883369445800781e-01,-1.211855411529541016e+00,-3.240509033203125000e+00,-4.560405254364013672e+00
-2.804895639419555664e+00,-6.599365234375000000e+00,-9.995298385620117188e+00,-5.297249794006347656e+00,-8.539873123168945312e+00,-6.501945495605468750e+00,-8.096632003784179688e+00,-6.908289909362792969e+00
-2.738851547241210938e+00,-6.371115684509277344e+00,-8.962787628173828125e+00,-4.180198669433593750e+00,-7.858649253845214844e+00,-5.730581283569335938e+00,-7.075556278228759766e+00,-5.971234798431396484e+00
-2.723798274993896484e+00,-6.389889717102050781e+00,-8.990739822387695312e+00,-4.056921482086181641e+00,-7.868523597717285156e+00,-5.136157989501953125e+00,-6.430225372314453125e+00,-5.849571228027343750e+00
-2.975613117218017578e+00,-6.461679458618164062e+00,-8.912397384643554688e+00,-4.887441158294677734e+00,-7.726959228515625000e+00,-5.736404418945312500e+00,-7.024843215942382812e+00,-5.897071361541748047e+00
-2.832407951354980469e+00,-6.321854591369628906e+00,-8.837820053100585938e+00,-3.196238517761230469e+00,-7.899092197418212891e+00,-4.322539329528808594e+00,-5.304433822631835938e+00,-5.360015869140625000e+00
-2.575317859649658203e+00,-6.251513004302978516e+00,-8.630743980407714844e+00,-3.083268404006958008e+00,-7.933371543884277344e+00,-3.979504585266113281e+00,-5.487915992736816406e+00,-5.377068996429443359e+00
-3.227970361709594727e+00,-6.415880203247070312e+00,-8.978815078735351562e+00,-3.415797948837280273e+00,-7.600630283355712891e+00,-4.299808979034423828e+00,-5.694151878356933594e+00,-5.231142997741699219e+00
-3.406602144241333008e+00,-6.385139942169189453e+00,-9.239366531372070312e+00,-3.298201084136962891e+00,-7.712000370025634766e+00,-5.355803489685058594e+00,-6.174718856811523438e+00,-5.221633911132812500e+00
-2.590240955352783203e+00,-6.999095439910888672e+00,-9.702470779418945312e+00,-2.484354257583618164e+00,-5.835119724273681641e+00,-2.520348548889160156e+00,-3.442805290222167969e+00,-3.867895603179931641e+00
-2.971354007720947266e+00,-7.379119873046875000e+00,-9.769118309020996094e+00,-2.765307188034057617e+00,-6.215856075286865234e+00,-3.201618194580078125e+00,-3.976847171783447266e+00,-3.644169330596923828e+00
-2.526175975799560547e+00,-7.066200733184814453e+00,-9.697767257690429688e+00,-2.443443775177001953e+00,-5.848804950714111328e+00,-2.476494550704956055e+00,-3.344347953796386719e+00,-3.881115436553955078e+00
-2.597986936569213867e+00,-7.048119544982910156e+00,-9.731649398803710938e+00,-2.467672348022460938e+00,-5.841995239257812500e+00,-2.444184541702270508e+00,-3.342971324920654297e+00,-3.807014703750610352e+00
-3.009909391403198242e+00,-7.254390716552734375e+00,-9.765983581542968750e+00,-2.704798936843872070e+00,-6.030946731567382812e+00,-2.530614376068115234e+00,-3.833377838134765625e+00,-3.633452415466308594e+00
-2.533351659774780273e+00,-7.158513545989990234e+00,-9.691400527954101562e+00,-2.513507604598999023e+00,-5.871169090270996094e+00,-2.634057044982910156e+00,-3.427589416503906250e+00,-3.853017807006835938e+00
-2.442678689956665039e+00,-6.952609062194824219e+00,-9.577353477478027344e+00,-2.468850374221801758e+00,-5.824175357818603516e+00,-2.653180122375488281e+00,-3.296795606613159180e+00,-3.919359683990478516e+00
-2.410870790481567383e+00,-6.939017295837402344e+00,-9.492292404174804688e+00,-2.471175193786621094e+00,-5.811136722564697266e+00,-2.638184785842895508e+00,-3.320625782012939453e+00,-3.909316539764404297e+00
-2.532117366790771484e+00,-7.182822704315185547e+00,-9.588073730468750000e+00,-2.511031627655029297e+00,-5.837952136993408203e+00,-2.489314079284667969e+00,-3.472628116607666016e+00,-3.944785594940185547e+00
-2.630869865417480469e+00,-7.353144645690917969e+00,-9.747301101684570312e+00,-2.577128887176513672e+00,-5.870022773742675781e+00,-2.542278289794921875e+00,-3.523945331573486328e+00,-4.002488136291503906e+00
-2.531191349029541016e+00,-7.220203876495361328e+00,-9.499632835388183594e+00,-2.496755123138427734e+00,-5.829372406005859375e+00,-2.590868473052978516e+00,-3.467792510986328125e+00,-3.991059780120849609e+00
-2.507637977600097656e+00,-7.156211376190185547e+00,-9.507202148437500000e+00,-2.478099822998046875e+00,-5.824723243713378906e+00,-2.519565105438232422e+00,-3.458261728286743164e+00,-3.971590042114257812e+00
-2.417905807495117188e+00,-7.025288581848144531e+00,-9.368728637695312500e+00,-2.439592838287353516e+00,-5.800811290740966797e+00,-2.509913206100463867e+00,-3.402921676635742188e+00,-3.946802616119384766e+00
-4.025092124938964844e+00,-7.547124385833740234e+00,-1.119706153869628906e+01,-4.740904808044433594e+00,-8.007776260375976562e+00,-4.510902404785156250e+00,-3.878031253814697266e+00,-4.155182361602783203e+00
-4.148550510406494141e+00,-7.477336883544921875e+00,-1.105249214172363281e+01,-4.797321319580078125e+00,-8.278398513793945312e+00,-4.682422637939453125e+00,-3.685438871383666992e+00,-4.637561321258544922e+00
-4.313989639282226562e+00,-7.588670730590820312e+00,-1.110849666595458984e+01,-4.809736728668212891e+00,-8.231115341186523438e+00,-4.535259723663330078e+00,-3.697797298431396484e+00,-4.680704116821289062e+00
-4.126739501953125000e+00,-7.655210018157958984e+00,-1.139416122436523438e+01,-4.799058914184570312e+00,-7.938325881958007812e+00,-4.510160446166992188e+00,-3.908272504806518555e+00,-4.092376708984375000e+00
-4.401346683502197266e+00,-7.589257240295410156e+00,-1.100696563720703125e+01,-4.802209854125976562e+00,-8.200049400329589844e+00,-4.357594490051269531e+00,-3.707450389862060547e+00,-4.761326313018798828e+00
-4.034804344177246094e+00,-7.761647224426269531e+00,-1.135687446594238281e+01,-4.728151321411132812e+00,-7.631183624267578125e+00,-4.492764949798583984e+00,-4.290649414062500000e+00,-3.847039937973022461e+00
-4.052160263061523438e+00,-7.690666675567626953e+00,-1.135838508605957031e+01,-4.701689720153808594e+00,-7.664329051971435547e+00,-4.506836891174316406e+00,-4.217959403991699219e+00,-3.845487594604492188e+00
-4.067197799682617188e+00,-7.765607833862304688e+00,-1.133694458007812500e+01,-4.641034126281738281e+00,-7.589296340942382812e+00,-4.517724037170410156e+00,-4.367358207702636719e+00,-3.805654525756835938e+00
-4.077801704406738281e+00,-7.780067920684814453e+00,-1.135643577575683594e+01,-4.637673854827880859e+00,-7.582441329956054688e+00,-4.557495117187500000e+00,-4.372404098510742188e+00,-3.830976724624633789e+00
-4.093227386474609375e+00,-7.765365600585937500e+00,-1.136501884460449219e+01,-4.650401115417480469e+00,-7.582123756408691406e+00,-4.550714015960693359e+00,-4.358076572418212891e+00,-3.836823463439941406e+00
-4.087103843688964844e+00,-7.784537315368652344e+00,-1.135148906707763672e+01,-4.653772354125976562e+00,-7.602113723754882812e+00,-4.562867164611816406e+00,-4.365527153015136719e+00,-3.849715232849121094e+00
-4.267951965332031250e+00,-7.631985187530517578e+00,-1.119745731353759766e+01,-4.814801216125488281e+00,-8.268582344055175781e+00,-4.393713951110839844e+00,-3.692646980285644531e+00,-4.590716838836669922e+00
-4.374616622924804688e+00,-7.456752300262451172e+00,-1.083847236633300781e+01,-4.097762584686279297e+00,-8.345408439636230469e+00,-4.071426868438720703e+00,-3.540126085281372070e+00,-4.805708885192871094e+00
-2.706476211547851562e+00,-7.211864471435546875e+00,-9.702219963073730469e+00,-2.591091156005859375e+00,-5.904775142669677734e+00,-2.548504829406738281e+00,-3.556088924407958984e+00,-4.061120986938476562e+00
-2.933827400207519531e+00,-7.162041187286376953e+00,-9.882108688354492188e+00,-2.736525774002075195e+00,-6.074716091156005859e+00,-3.232539176940917969e+00,-3.764447927474975586e+00,-4.120520114898681641e+00
-2.703294038772583008e+00,-7.254115104675292969e+00,-9.683450698852539062e+00,-2.600193977355957031e+00,-5.917580127716064453e+00,-2.454125404357910156e+00,-3.599642753601074219e+00,-4.049963474273681641e+00
-2.607361555099487305e+00,-7.172760486602783203e+00,-9.793207168579101562e+00,-2.429182052612304688e+00,-5.903761863708496094e+00,-2.636041164398193359e+00,-3.448839426040649414e+00,-4.052567481994628906e+00
-2.643180847167968750e+00,-7.233232021331787109e+00,-9.696527481079101562e+00,-2.562372922897338867e+00,-5.884870529174804688e+00,-2.503573894500732422e+00,-3.503372669219970703e+00,-4.038073062896728516e+00
-2.590094327926635742e+00,-7.196331501007080078e+00,-9.803764343261718750e+00,-2.505958318710327148e+00,-5.919692039489746094e+00,-2.743309974670410156e+00,-3.540908098220825195e+00,-4.094882965087890625e+00
-2.591335773468017578e+00,-7.178267478942871094e+00,-9.799307823181152344e+00,-2.468174934387207031e+00,-5.904906272888183594e+00,-2.708634138107299805e+00,-3.464197158813476562e+00,-4.056700706481933594e+00
-2.554066181182861328e+00,-7.179992675781250000e+00,-9.755949020385742188e+00,-2.509526252746582031e+00,-5.862831592559814453e+00,-2.680330991744995117e+00,-3.431196451187133789e+00,-4.031176090240478516e+00
-2.659663677215576172e+00,-7.199906349182128906e+00,-9.703063011169433594e+00,-2.621321678161621094e+00,-6.001301765441894531e+00,-2.720934867858886719e+00,-3.615737915039062500e+00,-3.843171596527099609e+00
-2.602763891220092773e+00,-7.194848537445068359e+00,-9.782987594604492188e+00,-2.454557657241821289e+00,-5.888879299163818359e+00,-2.635822772979736328e+00,-3.446554660797119141e+00,-4.049602031707763672e+00
-2.444031238555908203e+00,-7.042005062103271484e+00,-9.606422424316406250e+00,-2.472845554351806641e+00,-5.829564094543457031e+00,-2.545673847198486328e+00,-3.378109455108642578e+00,-3.933248043060302734e+00
-2.532369852066040039e+00,-7.120757579803466797e+00,-9.739446640014648438e+00,-2.508955955505371094e+00,-5.861349105834960938e+00,-2.740570545196533203e+00,-3.420221805572509766e+00,-4.041923046112060547e+00
-2.580768108367919922e+00,-7.159084320068359375e+00,-9.787605285644531250e+00,-2.470642089843750000e+00,-5.877013683319091797e+00,-2.682747602462768555e+00,-3.442759037017822266e+00,-4.066591739654541016e+00
-4.112789154052734375e+00,-7.802273750305175781e+00,-1.139733505249023438e+01,-4.664864540100097656e+00,-7.640377521514892578e+00,-4.564924240112304688e+00,-4.368537425994873047e+00,-3.861876487731933594e+00
-4.084484100341796875e+00,-7.777663230895996094e+00,-1.138917732238769531e+01,-4.634025096893310547e+00,-7.582288265228271484e+00,-4.540895938873291016e+00,-4.365141868591308594e+00,-3.846160173416137695e+00
-3.899329900741577148e+00,-7.477564811706542969e+00,-1.133519268035888672e+01,-4.560312271118164062e+00,-7.406443595886230469e+00,-4.555519580841064453e+00,-4.050120353698730469e+00,-4.279674530029296875e+00
-3.460979938507080078e+00,-7.505876541137695312e+00,-1.042627429962158203e+01,-2.974299907684326172e+00,-6.235731124877929688e+00,-3.285145282745361328e+00,-4.025097370147705078e+00,-3.834745407104492188e+00
-3.916354179382324219e+00,-7.865459918975830078e+00,-1.126325035095214844e+01,-4.416809558868408203e+00,-7.545951843261718750e+00,-4.512539863586425781e+00,-4.628559589385986328e+00,-4.396646499633789062e+00
-4.028810501098632812e+00,-7.694523811340332031e+00,-1.141742324829101562e+01,-4.576911449432373047e+00,-7.530284881591796875e+00,-4.435092926025390625e+00,-4.326767444610595703e+00,-3.928372859954833984e+00
-3.873162269592285156e+00,-7.613903999328613281e+00,-1.118621730804443359e+01,-3.718336820602416992e+00,-7.164269447326660156e+00,-4.019542217254638672e+00,-4.216377735137939453e+00,-3.956585407257080078e+00
-2.581377506256103516e+00,-7.208235263824462891e+00,-9.805202484130859375e+00,-2.511125087738037109e+00,-5.872014045715332031e+00,-2.697635650634765625e+00,-3.463557720184326172e+00,-4.064791202545166016e+00
-2.656804323196411133e+00,-7.219471931457519531e+00,-9.772478103637695312e+00,-2.543665647506713867e+00,-5.941528320312500000e+00,-2.787486791610717773e+00,-3.538955926895141602e+00,-4.019966602325439453e+00
-2.597633838653564453e+00,-7.221389770507812500e+00,-9.814723968505859375e+00,-2.503199100494384766e+00,-5.888675689697265625e+00,-2.702042579650878906e+00,-3.469385862350463867e+00,-4.063326358795166016e+00
-1.209542393684387207e+00,-6.710744857788085938e+00,-8.004509925842285156e+00,-2.195156097412109375e+00,-5.660962104797363281e+00,-2.955574512481689453e+00,-2.524688243865966797e+00,-3.201331615447998047e+00
-2.313961982727050781e+00,-6.825703144073486328e+00,-9.385549545288085938e+00,-2.463181734085083008e+00,-5.792620182037353516e+00,-2.561017036437988281e+00,-3.252363681793212891e+00,-3.843007087707519531e+00
-2.045260429382324219e+00,-6.834018230438232422e+00,-8.532648086547851562e+00,-2.517868995666503906e+00,-5.707370758056640625e+00,-2.719543457031250000e+00,-3.166895151138305664e+00,-3.564543962478637695e+00
-2.451025009155273438e+00,-7.422771453857421875e+00,-9.383509635925292969e+00,-2.672346115112304688e+00,-5.845634460449218750e+00,-2.423437833786010742e+00,-3.576427221298217773e+00,-3.933498382568359375e+00
-2.591149330139160156e+00,-7.405207633972167969e+00,-9.649021148681640625e+00,-2.518223047256469727e+00,-5.856082439422607422e+00,-2.380909681320190430e+00,-3.533881425857543945e+00,-3.868310928344726562e+00
-2.618269920349121094e+00,-7.294573783874511719e+00,-9.834032058715820312e+00,-2.466761827468872070e+00,-5.862707614898681641e+00,-2.330708980560302734e+00,-3.550003051757812500e+00,-3.748802661895751953e+00
-2.366025686264038086e+00,-6.916280746459960938e+00,-9.419289588928222656e+00,-2.465737342834472656e+00,-5.796573638916015625e+00,-2.482889890670776367e+00,-3.309824228286743164e+00,-3.818420648574829102e+00
-2.332837104797363281e+00,-6.814390182495117188e+00,-9.271877288818359375e+00,-2.488590717315673828e+00,-5.777645111083984375e+00,-2.631050825119018555e+00,-3.263046741485595703e+00,-3.858521938323974609e+00
-2.478472709655761719e+00,-7.153995990753173828e+00,-9.473187446594238281e+00,-2.599586486816406250e+00,-5.911558151245117188e+00,-2.585972070693969727e+00,-3.539457082748413086e+00,-3.829848051071166992e+00
-1.371291041374206543e+00,-7.124196529388427734e+00,-8.868818283081054688e+00,-2.594129562377929688e+00,-5.882397651672363281e+00,-2.196968078613281250e+00,-3.240449190139770508e+00,-3.368208885192871094e+00
-2.267594337463378906e+00,-6.961534023284912109e+00,-9.043393135070800781e+00,-2.500262498855590820e+00,-5.777688026428222656e+00,-2.467085838317871094e+00,-3.356745004653930664e+00,-3.880551815032958984e+00
-2.322258234024047852e+00,-6.772423267364501953e+00,-9.169528961181640625e+00,-2.452353477478027344e+00,-5.765240192413330078e+00,-2.593618631362915039e+00,-3.268759250640869141e+00,-3.921932697296142578e+00
-1.211900830268859863e+00,-6.482447624206542969e+00,-7.706062793731689453e+00,-1.940531849861145020e+00,-5.649844646453857422e+00,-3.419082641601562500e+00,-1.945288181304931641e+00,-2.973318576812744141e+00
-1.206795215606689453e+00,-6.473240852355957031e+00,-7.703557968139648438e+00,-1.928563356399536133e+00,-5.645615100860595703e+00,-3.413633346557617188e+00,-1.923175096511840820e+00,-2.952267885208129883e+00
-1.191184520721435547e+00,-6.560481071472167969e+00,-7.672883033752441406e+00,-1.940093994140625000e+00,-5.695418357849121094e+00,-3.356265544891357422e+00,-2.062003374099731445e+00,-3.129052639007568359e+00
-9.290796518325805664e-01,-6.241974830627441406e+00,-7.545843124389648438e+00,-1.785216927528381348e+00,-5.626485347747802734e+00,-3.305918216705322266e+00,-1.578620314598083496e+00,-2.801622867584228516e+00
-2.998612880706787109e+00,-7.200118064880371094e+00,-9.927021026611328125e+00,-2.690057039260864258e+00,-6.087173461914062500e+00,-3.373574733734130859e+00,-3.902325868606567383e+00,-4.261851310729980469e+00
-4.130957603454589844e+00,-7.846920967102050781e+00,-1.144466686248779297e+01,-4.571631431579589844e+00,-7.645153999328613281e+00,-4.549369812011718750e+00,-4.497467994689941406e+00,-3.867138385772705078e+00
-3.716140270233154297e+00,-7.405454635620117188e+00,-1.103777885437011719e+01,-3.883468389511108398e+00,-6.489130496978759766e+00,-4.453413009643554688e+00,-4.486899852752685547e+00,-4.358190536499023438e+00
-3.112024068832397461e+00,-7.242155075073242188e+00,-9.981797218322753906e+00,-2.767722368240356445e+00,-6.199887275695800781e+00,-3.360023260116577148e+00,-4.019470691680908203e+00,-4.070491790771484375e+00
-2.633047342300415039e+00,-7.218069076538085938e+00,-9.746168136596679688e+00,-2.544927120208740234e+00,-5.969629764556884766e+00,-2.790814638137817383e+00,-3.680143594741821289e+00,-4.051232814788818359e+00
-3.779444932937622070e+00,-7.326863288879394531e+00,-1.101377677917480469e+01,-4.339183330535888672e+00,-6.424253940582275391e+00,-4.341101169586181641e+00,-4.282733440399169922e+00,-4.431317806243896484e+00
-2.552487373352050781e+00,-7.167510032653808594e+00,-9.790141105651855469e+00,-2.478432416915893555e+00,-5.863070487976074219e+00,-2.599149703979492188e+00,-3.447721242904663086e+00,-3.849022388458251953e+00
-2.642073631286621094e+00,-7.201828479766845703e+00,-9.743989944458007812e+00,-2.548215389251708984e+00,-5.970102310180664062e+00,-2.805149316787719727e+00,-3.631675958633422852e+00,-3.986609458923339844e+00
-2.623631715774536133e+00,-7.222041130065917969e+00,-9.763526916503906250e+00,-2.528822898864746094e+00,-5.949833393096923828e+00,-2.758167982101440430e+00,-3.632670164108276367e+00,-4.063765048980712891e+00
-2.586931705474853516e+00,-7.079437255859375000e+00,-9.747352600097656250e+00,-2.545849800109863281e+00,-5.927293300628662109e+00,-2.867317914962768555e+00,-3.657958269119262695e+00,-4.120626926422119141e+00
-2.520860671997070312e+00,-7.033223152160644531e+00,-9.753244400024414062e+00,-2.499616384506225586e+00,-5.855381488800048828e+00,-2.777684688568115234e+00,-3.367195367813110352e+00,-3.957187652587890625e+00
-2.577829599380493164e+00,-7.144981384277343750e+00,-9.815391540527343750e+00,-2.464597702026367188e+00,-5.871214389801025391e+00,-2.684295892715454102e+00,-3.433617115020751953e+00,-4.069204807281494141e+00
-2.749187946319580078e+00,-6.841035842895507812e+00,-9.702648162841796875e+00,-2.554494857788085938e+00,-5.953598499298095703e+00,-2.972271919250488281e+00,-3.581273317337036133e+00,-4.156311035156250000e+00
-4.098035812377929688e+00,-7.774844169616699219e+00,-1.136662769317626953e+01,-4.646406173706054688e+00,-7.640934944152832031e+00,-4.543260574340820312e+00,-4.343402385711669922e+00,-3.813143730163574219e+00
-4.089170455932617188e+00,-7.728531837463378906e+00,-1.139160346984863281e+01,-4.631644725799560547e+00,-7.631327152252197266e+00,-4.489893913269042969e+00,-4.323539733886718750e+00,-3.868454933166503906e+00
-4.089789867401123047e+00,-7.760855197906494141e+00,-1.130505752563476562e+01,-4.604124069213867188e+00,-7.625621795654296875e+00,-4.544994354248046875e+00,-4.319662570953369141e+00,-3.820854187011718750e+00
-4.104628562927246094e+00,-7.761455535888671875e+00,-1.137529182434082031e+01,-4.616691589355468750e+00,-7.600876808166503906e+00,-4.509294509887695312e+00,-4.352601051330566406e+00,-3.856760025024414062e+00
-3.895906448364257812e+00,-7.363603115081787109e+00,-1.064124488830566406e+01,-3.611708402633666992e+00,-6.455234527587890625e+00,-3.538764953613281250e+00,-4.075490474700927734e+00,-4.309606075286865234e+00
-2.573271512985229492e+00,-7.191883087158203125e+00,-9.766141891479492188e+00,-2.517300128936767578e+00,-5.885882854461669922e+00,-2.707906723022460938e+00,-3.491454124450683594e+00,-4.071208000183105469e+00
-4.082762718200683594e+00,-7.791614532470703125e+00,-1.130424022674560547e+01,-4.561877250671386719e+00,-7.514700412750244141e+00,-4.447945117950439453e+00,-4.365116119384765625e+00,-3.895771503448486328e+00
-4.019844055175781250e+00,-7.803512096405029297e+00,-1.123406028747558594e+01,-4.489752292633056641e+00,-7.312589645385742188e+00,-4.544182777404785156e+00,-4.330454349517822266e+00,-3.883349895477294922e+00
-4.109736919403076172e+00,-7.804822921752929688e+00,-1.139953231811523438e+01,-4.622713088989257812e+00,-7.571044921875000000e+00,-4.495742321014404297e+00,-4.374800682067871094e+00,-3.851079463958740234e+00
-2.502366542816162109e+00,-7.072581768035888672e+00,-9.697193145751953125e+00,-2.514413833618164062e+00,-5.853404521942138672e+00,-2.732366800308227539e+00,-3.373516082763671875e+00,-4.006875514984130859e+00
-3.029800891876220703e+00,-7.229496002197265625e+00,-9.790964126586914062e+00,-2.715291023254394531e+00,-6.022614002227783203e+00,-2.455938100814819336e+00,-3.773269176483154297e+00,-3.603549480438232422e+00
-3.486260652542114258e+00,-7.568780899047851562e+00,-1.046800327301025391e+01,-2.911424875259399414e+00,-6.407592773437500000e+00,-3.846848964691162109e+00,-4.335493564605712891e+00,-4.048775672912597656e+00
-2.497200489044189453e+00,-6.970726013183593750e+00,-9.587917327880859375e+00,-2.459052085876464844e+00,-5.829481124877929688e+00,-2.367675542831420898e+00,-3.286143779754638672e+00,-3.854035139083862305e+00
-4.108296871185302734e+00,-7.763734817504882812e+00,-1.142227172851562500e+01,-4.653091430664062500e+00,-7.602176666259765625e+00,-4.528098106384277344e+00,-4.316680908203125000e+00,-3.842713356018066406e+00
-4.111480712890625000e+00,-7.791156768798828125e+00,-1.142036628723144531e+01,-4.652930259704589844e+00,-7.597857475280761719e+00,-4.555633544921875000e+00,-4.369619846343994141e+00,-3.850286006927490234e+00
-4.091438770294189453e+00,-7.783450126647949219e+00,-1.139811706542968750e+01,-4.639813899993896484e+00,-7.552006721496582031e+00,-4.538920879364013672e+00,-4.380051612854003906e+00,-3.837626934051513672e+00
-4.106264114379882812e+00,-7.780989646911621094e+00,-1.140038108825683594e+01,-4.655870437622070312e+00,-7.563986778259277344e+00,-4.560425758361816406e+00,-4.363804817199707031e+00,-3.829726696014404297e+00
-4.107176780700683594e+00,-7.783623218536376953e+00,-1.140551376342773438e+01,-4.653159141540527344e+00,-7.564365863800048828e+00,-4.561965942382812500e+00,-4.365968227386474609e+00,-3.836459159851074219e+00
-4.097865104675292969e+00,-7.778219223022460938e+00,-1.138695526123046875e+01,-4.661906719207763672e+00,-7.568919181823730469e+00,-4.554443836212158203e+00,-4.361755371093750000e+00,-3.827825546264648438e+00
-4.114005088806152344e+00,-7.786321163177490234e+00,-1.142139053344726562e+01,-4.653064727783203125e+00,-7.581088066101074219e+00,-4.557759284973144531e+00,-4.352762222290039062e+00,-3.847447395324707031e+00
-4.118947982788085938e+00,-7.800491333007812500e+00,-1.144054889678955078e+01,-4.666195392608642578e+00,-7.622429370880126953e+00,-4.539707183837890625e+00,-4.356140136718750000e+00,-3.853457927703857422e+00
-4.116660118103027344e+00,-7.792233943939208984e+00,-1.144943618774414062e+01,-4.650996208190917969e+00,-7.593807220458984375e+00,-4.562805652618408203e+00,-4.348422527313232422e+00,-3.862271308898925781e+00
-4.097876548767089844e+00,-7.776411056518554688e+00,-1.139464759826660156e+01,-4.643770217895507812e+00,-7.566187858581542969e+00,-4.554734230041503906e+00,-4.356323242187500000e+00,-3.831416130065917969e+00
-4.118603706359863281e+00,-7.800953388214111328e+00,-1.144811153411865234e+01,-4.662002563476562500e+00,-7.614386558532714844e+00,-4.543136596679687500e+00,-4.360902786254882812e+00,-3.853508472442626953e+00
-4.120140075683593750e+00,-7.784387588500976562e+00,-1.142689132690429688e+01,-4.660017967224121094e+00,-7.589605331420898438e+00,-4.553714752197265625e+00,-4.340573310852050781e+00,-3.842715740203857422e+00
-4.106465339660644531e+00,-7.776887893676757812e+00,-1.139647769927978516e+01,-4.669120788574218750e+00,-7.596241950988769531e+00,-4.537239074707031250e+00,-4.362639427185058594e+00,-3.825520038604736328e+00
-2.657871723175048828e+00,-7.858792304992675781e+00,-9.782823562622070312e+00,-4.230544090270996094e+00,-7.341144561767578125e+00,-4.175465583801269531e+00,-4.183214187622070312e+00,-4.632843017578125000e+00
-2.567443370819091797e+00,-7.644986629486083984e+00,-9.410719871520996094e+00,-4.197248935699462891e+00,-7.116994380950927734e+00,-4.110413551330566406e+00,-4.166294097900390625e+00,-4.344990253448486328e+00
-2.478306770324707031e+00,-7.479744911193847656e+00,-9.230355262756347656e+00,-4.192796707153320312e+00,-7.051604270935058594e+00,-4.068870067596435547e+00,-4.013090133666992188e+00,-4.288353919982910156e+00
-2.273107051849365234e+00,-7.684097290039062500e+00,-9.332351684570312500e+00,-4.245306015014648438e+00,-6.441606998443603516e+00,-3.680910110473632812e+00,-4.117044925689697266e+00,-4.647626876831054688e+00
-1.318628787994384766e+00,-6.948743820190429688e+00,-8.456315994262695312e+00,-2.589554786682128906e+00,-5.779818534851074219e+00,-2.271959304809570312e+00,-3.123002290725708008e+00,-3.330621480941772461e+00
-2.213390350341796875e+00,-6.462011814117431641e+00,-9.023830413818359375e+00,-2.854450702667236328e+00,-6.016398429870605469e+00,-2.083525657653808594e+00,-3.177937507629394531e+00,-3.807983398437500000e+00
-1.310661077499389648e+00,-6.887312889099121094e+00,-8.716604232788085938e+00,-2.603361368179321289e+00,-5.644472599029541016e+00,-2.606556892395019531e+00,-3.014441013336181641e+00,-3.341669559478759766e+00
-2.531128406524658203e+00,-7.858700752258300781e+00,-9.545543670654296875e+00,-4.098910808563232422e+00,-6.516318798065185547e+00,-3.758039951324462891e+00,-4.022624969482421875e+00,-4.609928607940673828e+00
-1.208364963531494141e+00,-6.640216827392578125e+00,-7.790992736816406250e+00,-2.251590967178344727e+00,-5.703151226043701172e+00,-3.178059101104736328e+00,-2.476360321044921875e+00,-3.257705688476562500e+00
-2.045496940612792969e+00,-7.477000236511230469e+00,-9.149753570556640625e+00,-3.109381675720214844e+00,-6.373234272003173828e+00,-3.363389492034912109e+00,-3.793100118637084961e+00,-4.003634452819824219e+00
-1.361130237579345703e+00,-6.990254402160644531e+00,-8.855768203735351562e+00,-2.726110696792602539e+00,-6.132604598999023438e+00,-2.646405220031738281e+00,-3.524170637130737305e+00,-3.679816246032714844e+00
-2.562292098999023438e+00,-7.468435764312744141e+00,-9.335081100463867188e+00,-3.444568395614624023e+00,-6.505296230316162109e+00,-4.104101181030273438e+00,-3.901443004608154297e+00,-4.166217327117919922e+00
-2.447764396667480469e+00,-6.987731933593750000e+00,-9.106075286865234375e+00,-3.306282997131347656e+00,-6.164570808410644531e+00,-3.672664642333984375e+00,-3.563688039779663086e+00,-3.858211278915405273e+00
-5.789110183715820312e+00,-6.774371147155761719e+00,-1.099169540405273438e+01,-6.783007621765136719e+00,-1.011859703063964844e+01,-1.708783388137817383e+00,-9.622024536132812500e+00,-7.877623081207275391e+00
-5.032680511474609375e+00,-6.620323181152343750e+00,-1.057768726348876953e+01,-6.238179206848144531e+00,-1.001146697998046875e+01,-5.260408878326416016e+00,-6.667283535003662109e+00,-6.200140953063964844e+00
-4.670943737030029297e+00,-6.671361923217773438e+00,-1.096165847778320312e+01,-5.742377281188964844e+00,-9.383018493652343750e+00,-1.662950038909912109e+00,-5.445287704467773438e+00,-5.321332454681396484e+00
-2.635038852691650391e+00,-7.968767642974853516e+00,-9.619894027709960938e+00,-5.277624607086181641e+00,-8.702595710754394531e+00,-5.563326835632324219e+00,-6.646127700805664062e+00,-4.306503772735595703e+00
-3.843846082687377930e+00,-7.806751728057861328e+00,-1.128760528564453125e+01,-4.538025856018066406e+00,-7.390971660614013672e+00,-4.638529300689697266e+00,-4.552936553955078125e+00,-3.875439643859863281e+00
-3.295040369033813477e+00,-6.895645141601562500e+00,-1.046700668334960938e+01,-3.599355459213256836e+00,-5.852406978607177734e+00,-2.806814908981323242e+00,-3.690656661987304688e+00,-4.390601634979248047e+00
-5.847039222717285156e+00,-7.000854492187500000e+00,-1.109411048889160156e+01,-6.850801944732666016e+00,-9.957190513610839844e+00,-1.248466014862060547e+00,-9.239141464233398438e+00,-8.118203163146972656e+00
-2.188202142715454102e+00,-6.648192882537841797e+00,-8.892297744750976562e+00,-2.462245464324951172e+00,-5.727742671966552734e+00,-2.672279119491577148e+00,-3.240401744842529297e+00,-3.867112159729003906e+00
-4.289218902587890625e+00,-7.813443660736083984e+00,-1.180384254455566406e+01,-4.871765136718750000e+00,-7.593859672546386719e+00,-6.354104042053222656e+00,-5.460638046264648438e+00,-5.117093086242675781e+00
-2.186806201934814453e+00,-6.651504516601562500e+00,-8.889645576477050781e+00,-2.483894348144531250e+00,-5.732203960418701172e+00,-2.746159315109252930e+00,-3.229413270950317383e+00,-3.891564846038818359e+00
-5.584618568420410156e+00,-6.720748424530029297e+00,-1.125954818725585938e+01,-6.725277900695800781e+00,-9.892480850219726562e+00,-5.169020652770996094e+00,-9.525650024414062500e+00,-7.185667514801025391e+00
-3.260380506515502930e+00,-7.281426429748535156e+00,-1.063846588134765625e+01,-3.508900642395019531e+00,-7.115243911743164062e+00,-4.186640739440917969e+00,-3.612970113754272461e+00,-3.901487350463867188e+00
-2.522556304931640625e+00,-7.104396820068359375e+00,-9.718885421752929688e+00,-2.507005691528320312e+00,-5.856517791748046875e+00,-2.684901237487792969e+00,-3.408395767211914062e+00,-4.005417823791503906e+00
-4.141822814941406250e+00,-7.814401626586914062e+00,-1.141955375671386719e+01,-4.649106979370117188e+00,-7.650342941284179688e+00,-4.542399883270263672e+00,-4.359645366668701172e+00,-3.853909969329833984e+00
-4.056022167205810547e+00,-7.881434440612792969e+00,-1.126960182189941406e+01,-4.469197273254394531e+00,-7.462159633636474609e+00,-4.500606536865234375e+00,-4.665791034698486328e+00,-3.920489788055419922e+00
-4.134769439697265625e+00,-7.825135707855224609e+00,-1.140749645233154297e+01,-4.643667221069335938e+00,-7.682804584503173828e+00,-4.571023941040039062e+00,-4.353267192840576172e+00,-3.878745079040527344e+00
-2.923950195312500000e+00,-7.246677398681640625e+00,-9.727481842041015625e+00,-2.736835956573486328e+00,-6.150259494781494141e+00,-3.190352439880371094e+00,-3.989126205444335938e+00,-3.997874736785888672e+00
-2.544481277465820312e+00,-7.220346927642822266e+00,-9.676860809326171875e+00,-2.544842958450317383e+00,-5.901311874389648438e+00,-2.656216621398925781e+00,-3.474481582641601562e+00,-4.023518085479736328e+00
-2.945956230163574219e+00,-7.483509540557861328e+00,-1.012185668945312500e+01,-2.744867324829101562e+00,-6.221999168395996094e+00,-2.530538797378540039e+00,-3.821891069412231445e+00,-3.699074029922485352e+00
-2.051521778106689453e+00,-6.836642742156982422e+00,-8.561466217041015625e+00,-2.617797136306762695e+00,-5.712000370025634766e+00,-2.801332712173461914e+00,-3.206274509429931641e+00,-3.678414583206176758e+00
-2.262251853942871094e+00,-6.820703506469726562e+00,-9.172939300537109375e+00,-2.483335494995117188e+00,-5.772634029388427734e+00,-2.639025449752807617e+00,-3.238663673400878906e+00,-3.838818073272705078e+00
-2.366884231567382812e+00,-6.886857986450195312e+00,-9.474012374877929688e+00,-2.482599020004272461e+00,-5.806976795196533203e+00,-2.600874900817871094e+00,-3.266641855239868164e+00,-3.848708391189575195e+00
-2.180246353149414062e+00,-6.772620677947998047e+00,-8.904166221618652344e+00,-2.397787094116210938e+00,-5.740550041198730469e+00,-2.491705894470214844e+00,-3.206584453582763672e+00,-3.755010604858398438e+00
-2.198759078979492188e+00,-6.743146896362304688e+00,-8.963822364807128906e+00,-2.406269550323486328e+00,-5.742055416107177734e+00,-2.536642313003540039e+00,-3.195007324218750000e+00,-3.761763572692871094e+00
-2.295504570007324219e+00,-6.799373149871826172e+00,-9.251376152038574219e+00,-2.452142953872680664e+00,-5.773346424102783203e+00,-2.549583911895751953e+00,-3.219665765762329102e+00,-3.834074497222900391e+00
-2.340475559234619141e+00,-6.828995704650878906e+00,-9.361901283264160156e+00,-2.471174716949462891e+00,-5.788770675659179688e+00,-2.577623367309570312e+00,-3.246280431747436523e+00,-3.846642017364501953e+00
-2.459495544433593750e+00,-7.179683208465576172e+00,-9.507726669311523438e+00,-2.633151531219482422e+00,-5.880667209625244141e+00,-2.617144107818603516e+00,-3.525034666061401367e+00,-3.826802492141723633e+00
-2.488679409027099609e+00,-7.258295059204101562e+00,-9.532617568969726562e+00,-2.622305393218994141e+00,-5.866359710693359375e+00,-2.576117515563964844e+00,-3.524594068527221680e+00,-3.907273769378662109e+00
-2.370384931564331055e+00,-6.930343151092529297e+00,-9.437772750854492188e+00,-2.503369331359863281e+00,-5.807490348815917969e+00,-2.560675621032714844e+00,-3.325320005416870117e+00,-3.874126434326171875e+00
-2.318026542663574219e+00,-6.992867946624755859e+00,-9.266034126281738281e+00,-2.573985099792480469e+00,-5.807703495025634766e+00,-2.582840919494628906e+00,-3.364645719528198242e+00,-3.949370861053466797e+00
-2.318254470825195312e+00,-6.755835533142089844e+00,-9.224717140197753906e+00,-2.479618310928344727e+00,-5.766640186309814453e+00,-2.652506589889526367e+00,-3.213224649429321289e+00,-3.868893623352050781e+00
-2.350673675537109375e+00,-7.214783668518066406e+00,-9.214049339294433594e+00,-2.741529703140258789e+00,-5.853946685791015625e+00,-2.544640779495239258e+00,-3.476136445999145508e+00,-3.915010929107666016e+00
-2.268456459045410156e+00,-6.771729469299316406e+00,-9.198956489562988281e+00,-2.466734409332275391e+00,-5.769990921020507812e+00,-2.603966951370239258e+00,-3.207096099853515625e+00,-3.845174789428710938e+00
-2.354647159576416016e+00,-6.858860492706298828e+00,-9.342456817626953125e+00,-2.505692481994628906e+00,-5.792885780334472656e+00,-2.641731262207031250e+00,-3.266151189804077148e+00,-3.872282505035400391e+00
-2.194285869598388672e+00,-7.291663646697998047e+00,-9.126975059509277344e+00,-2.782149314880371094e+00,-5.985162734985351562e+00,-2.479259967803955078e+00,-3.517441272735595703e+00,-3.829332113265991211e+00
-2.301283597946166992e+00,-6.867876529693603516e+00,-9.226281166076660156e+00,-2.485893249511718750e+00,-5.781934738159179688e+00,-2.593987941741943359e+00,-3.271683454513549805e+00,-3.848586320877075195e+00
-2.390827894210815430e+00,-7.398787498474121094e+00,-9.006204605102539062e+00,-4.190708637237548828e+00,-6.266405582427978516e+00,-3.802976846694946289e+00,-3.878514766693115234e+00,-4.121310234069824219e+00
-1.344959735870361328e+00,-6.889022827148437500e+00,-8.294923782348632812e+00,-2.560565471649169922e+00,-5.763820648193359375e+00,-2.499784469604492188e+00,-3.048046350479125977e+00,-3.195359230041503906e+00
-2.348549127578735352e+00,-7.753273010253906250e+00,-9.349084854125976562e+00,-4.224573612213134766e+00,-6.523850440979003906e+00,-3.959566593170166016e+00,-4.169015884399414062e+00,-4.535782337188720703e+00
-2.608659267425537109e+00,-7.188972473144531250e+00,-9.820175170898437500e+00,-2.454716205596923828e+00,-5.919431209564208984e+00,-2.674548149108886719e+00,-3.467347860336303711e+00,-4.038190364837646484e+00
-3.118749618530273438e+00,-7.252059936523437500e+00,-9.919349670410156250e+00,-2.798547744750976562e+00,-6.206891536712646484e+00,-3.439509153366088867e+00,-4.120321273803710938e+00,-4.107995510101318359e+00
-2.570389986038208008e+00,-7.233216762542724609e+00,-9.715468406677246094e+00,-2.526245117187500000e+00,-5.860633850097656250e+00,-2.613660097122192383e+00,-3.477266550064086914e+00,-4.017182826995849609e+00
-2.609619617462158203e+00,-7.219128608703613281e+00,-9.843717575073242188e+00,-2.491142034530639648e+00,-5.902450561523437500e+00,-2.665701627731323242e+00,-3.474652290344238281e+00,-4.062907695770263672e+00
-2.621340513229370117e+00,-7.207025051116943359e+00,-9.776542663574218750e+00,-2.438057422637939453e+00,-5.906636714935302734e+00,-2.626990556716918945e+00,-3.471606254577636719e+00,-4.048558712005615234e+00
-2.571196079254150391e+00,-7.214996337890625000e+00,-9.742872238159179688e+00,-2.517560958862304688e+00,-5.863125324249267578e+00,-2.616811275482177734e+00,-3.460580587387084961e+00,-4.024966239929199219e+00
-2.601164340972900391e+00,-7.230291843414306641e+00,-9.807487487792968750e+00,-2.507463693618774414e+00,-5.889006614685058594e+00,-2.656633853912353516e+00,-3.478551387786865234e+00,-4.054241180419921875e+00
-2.508561372756958008e+00,-7.154956340789794922e+00,-9.529641151428222656e+00,-2.480971813201904297e+00,-5.828584671020507812e+00,-2.533344030380249023e+00,-3.446578979492187500e+00,-3.968363761901855469e+00
-2.957132816314697266e+00,-7.367417812347412109e+00,-1.002354717254638672e+01,-3.288423299789428711e+00,-6.195767879486083984e+00,-3.541964530944824219e+00,-3.793822288513183594e+00,-4.444501876831054688e+00
-2.430595159530639648e+00,-6.977075099945068359e+00,-9.531643867492675781e+00,-2.465178012847900391e+00,-5.818571090698242188e+00,-2.530747890472412109e+00,-3.362704992294311523e+00,-3.933391571044921875e+00
-2.433734416961669922e+00,-6.997128486633300781e+00,-9.527581214904785156e+00,-2.468050479888916016e+00,-5.819489002227783203e+00,-2.545790672302246094e+00,-3.366890668869018555e+00,-3.940623760223388672e+00
-2.411097526550292969e+00,-6.984139442443847656e+00,-9.485383987426757812e+00,-2.477274417877197266e+00,-5.815788269042968750e+00,-2.572346687316894531e+00,-3.358179569244384766e+00,-3.935682296752929688e+00
-2.364083290100097656e+00,-6.886101722717285156e+00,-9.452124595642089844e+00,-2.470176935195922852e+00,-5.804900169372558594e+00,-2.569215059280395508e+00,-3.303786277770996094e+00,-3.888094902038574219e+00
-2.199692249298095703e+00,-6.786070823669433594e+00,-8.939989089965820312e+00,-2.550072193145751953e+00,-5.747823715209960938e+00,-2.729799747467041016e+00,-3.300329685211181641e+00,-3.978890419006347656e+00
-2.544353008270263672e+00,-7.304167270660400391e+00,-9.626636505126953125e+00,-2.524904251098632812e+00,-5.852961540222167969e+00,-2.268555641174316406e+00,-3.532065868377685547e+00,-3.810278892517089844e+00
-2.212449550628662109e+00,-6.756518840789794922e+00,-8.673340797424316406e+00,-2.566557407379150391e+00,-5.752619266510009766e+00,-2.805445909500122070e+00,-3.339352846145629883e+00,-3.893856525421142578e+00
-2.281548500061035156e+00,-6.996753692626953125e+00,-8.616881370544433594e+00,-2.847677469253540039e+00,-6.007694244384765625e+00,-3.390198945999145508e+00,-3.302242279052734375e+00,-3.858081817626953125e+00
-1.887372016906738281e+00,-6.880235195159912109e+00,-8.477954864501953125e+00,-2.660692930221557617e+00,-5.746997356414794922e+00,-2.964060306549072266e+00,-3.212016820907592773e+00,-3.693202495574951172e+00
-1.998917818069458008e+00,-6.813920021057128906e+00,-8.340732574462890625e+00,-2.497200012207031250e+00,-5.694490909576416016e+00,-2.744128227233886719e+00,-3.140401363372802734e+00,-3.503550052642822266e+00
-9.090313911437988281e-01,-6.579652309417724609e+00,-7.544564247131347656e+00,-2.089375972747802734e+00,-5.758523464202880859e+00,-3.170946121215820312e+00,-2.211533308029174805e+00,-3.139196872711181641e+00
-1.990767955780029297e+00,-6.774204730987548828e+00,-8.323183059692382812e+00,-2.343723773956298828e+00,-5.701005458831787109e+00,-2.546268939971923828e+00,-3.063682317733764648e+00,-3.462787628173828125e+00
-9.441705942153930664e-01,-6.571780204772949219e+00,-7.430216312408447266e+00,-2.028246402740478516e+00,-5.741165161132812500e+00,-3.162412643432617188e+00,-2.292044878005981445e+00,-3.225302219390869141e+00
-1.109158635139465332e+00,-6.685812473297119141e+00,-7.790307044982910156e+00,-2.160489559173583984e+00,-5.680294036865234375e+00,-2.772486686706542969e+00,-2.486016273498535156e+00,-3.195579051971435547e+00
-9.734550118446350098e-01,-6.385420799255371094e+00,-7.534832954406738281e+00,-1.820914983749389648e+00,-5.676839828491210938e+00,-3.274142265319824219e+00,-1.788416624069213867e+00,-2.999765396118164062e+00
-1.063790440559387207e+00,-6.414889812469482422e+00,-7.684546470642089844e+00,-1.833265900611877441e+00,-5.649172782897949219e+00,-3.295011281967163086e+00,-1.781107544898986816e+00,-2.952023506164550781e+00
-1.113022208213806152e+00,-6.457341670989990234e+00,-7.550189018249511719e+00,-1.886470437049865723e+00,-5.703845024108886719e+00,-3.333081483840942383e+00,-1.966691613197326660e+00,-3.106317043304443359e+00
-4.098207473754882812e+00,-7.781765937805175781e+00,-1.133905410766601562e+01,-4.641597747802734375e+00,-7.613123416900634766e+00,-4.566558837890625000e+00,-4.332145214080810547e+00,-3.819171428680419922e+00
-4.097954750061035156e+00,-7.796244621276855469e+00,-1.116386222839355469e+01,-4.571448802947998047e+00,-7.645550727844238281e+00,-4.542235374450683594e+00,-4.289808750152587891e+00,-3.822760820388793945e+00
-4.098502159118652344e+00,-7.803698539733886719e+00,-1.113199996948242188e+01,-4.574554920196533203e+00,-7.629027366638183594e+00,-4.567246437072753906e+00,-4.251422882080078125e+00,-3.832592964172363281e+00
-4.136461257934570312e+00,-7.837164878845214844e+00,-1.140815925598144531e+01,-4.656427383422851562e+00,-7.707300662994384766e+00,-4.562552452087402344e+00,-4.351517677307128906e+00,-3.898318767547607422e+00
-3.226126909255981445e+00,-7.342153072357177734e+00,-9.882781028747558594e+00,-2.776030778884887695e+00,-6.345469474792480469e+00,-3.586497306823730469e+00,-4.269641399383544922e+00,-3.855406999588012695e+00
-4.094612121582031250e+00,-7.800929069519042969e+00,-1.142849349975585938e+01,-4.509315967559814453e+00,-7.576809883117675781e+00,-4.571150779724121094e+00,-4.546228408813476562e+00,-3.907511711120605469e+00
-3.037086963653564453e+00,-7.273317337036132812e+00,-9.814988136291503906e+00,-2.789321422576904297e+00,-6.197289466857910156e+00,-3.235518217086791992e+00,-3.971163511276245117e+00,-3.895514488220214844e+00
-2.470782279968261719e+00,-7.042735099792480469e+00,-9.648022651672363281e+00,-2.512886047363281250e+00,-5.838548660278320312e+00,-2.609360456466674805e+00,-3.352437496185302734e+00,-3.920948982238769531e+00
-2.620457410812377930e+00,-7.220363616943359375e+00,-9.704512596130371094e+00,-2.581553697586059570e+00,-5.923021793365478516e+00,-2.737649440765380859e+00,-3.526160001754760742e+00,-3.836724281311035156e+00
-2.681748867034912109e+00,-7.263813972473144531e+00,-9.677265167236328125e+00,-2.600471496582031250e+00,-6.006957530975341797e+00,-2.709730386734008789e+00,-3.644922971725463867e+00,-3.801141262054443359e+00
-2.387656450271606445e+00,-6.877034187316894531e+00,-9.422167778015136719e+00,-2.487218856811523438e+00,-5.796768665313720703e+00,-2.689598083496093750e+00,-3.274198532104492188e+00,-3.891963481903076172e+00
-3.035643815994262695e+00,-7.414695739746093750e+00,-1.002643775939941406e+01,-2.795185089111328125e+00,-6.402320384979248047e+00,-3.042432785034179688e+00,-3.887340545654296875e+00,-3.672434806823730469e+00
-2.352096557617187500e+00,-6.868111610412597656e+00,-9.347899436950683594e+00,-2.478310108184814453e+00,-5.788201332092285156e+00,-2.691504001617431641e+00,-3.277517795562744141e+00,-3.890256404876708984e+00
-4.106164932250976562e+00,-7.767300605773925781e+00,-1.136977863311767578e+01,-4.559630870819091797e+00,-7.621624469757080078e+00,-4.482808589935302734e+00,-4.439213275909423828e+00,-3.842085599899291992e+00
-4.083445072174072266e+00,-7.804568290710449219e+00,-1.145561218261718750e+01,-4.498575687408447266e+00,-7.570271968841552734e+00,-4.540126323699951172e+00,-4.612032890319824219e+00,-3.872870922088623047e+00
-3.169286966323852539e+00,-7.346029281616210938e+00,-9.940062522888183594e+00,-2.783371925354003906e+00,-6.290060043334960938e+00,-3.427700281143188477e+00,-4.172467231750488281e+00,-3.890906333923339844e+00
-2.559457778930664062e+00,-7.164669990539550781e+00,-9.696289062500000000e+00,-2.539105176925659180e+00,-5.902853965759277344e+00,-2.701991081237792969e+00,-3.473239183425903320e+00,-3.828794479370117188e+00
-2.463448524475097656e+00,-7.024500370025634766e+00,-9.601474761962890625e+00,-2.488479614257812500e+00,-5.833056926727294922e+00,-2.642838954925537109e+00,-3.361644268035888672e+00,-3.912440299987792969e+00
-2.427337646484375000e+00,-6.956981658935546875e+00,-9.560655593872070312e+00,-2.482844591140747070e+00,-5.821170330047607422e+00,-2.644659519195556641e+00,-3.315473556518554688e+00,-3.914282321929931641e+00
-2.414608001708984375e+00,-6.927505493164062500e+00,-9.530488967895507812e+00,-2.485367774963378906e+00,-5.814772129058837891e+00,-2.640090227127075195e+00,-3.303361177444458008e+00,-3.900555133819580078e+00
-2.411040306091308594e+00,-6.921118259429931641e+00,-9.514367103576660156e+00,-2.492386817932128906e+00,-5.814160346984863281e+00,-2.641341924667358398e+00,-3.306435823440551758e+00,-3.908333778381347656e+00
-2.408998966217041016e+00,-6.920765399932861328e+00,-9.495872497558593750e+00,-2.478585958480834961e+00,-5.808804512023925781e+00,-2.643326282501220703e+00,-3.307354211807250977e+00,-3.905077934265136719e+00
-2.567051887512207031e+00,-7.192676067352294922e+00,-9.745426177978515625e+00,-2.527108430862426758e+00,-5.879549980163574219e+00,-2.520311594009399414e+00,-3.513564825057983398e+00,-3.746343135833740234e+00
-2.387638092041015625e+00,-6.858921051025390625e+00,-9.420366287231445312e+00,-2.490840673446655273e+00,-5.797746658325195312e+00,-2.635104179382324219e+00,-3.284355640411376953e+00,-3.888123989105224609e+00
-2.377852678298950195e+00,-6.843923568725585938e+00,-9.370471000671386719e+00,-2.483901262283325195e+00,-5.788863658905029297e+00,-2.645311117172241211e+00,-3.276541471481323242e+00,-3.888384342193603516e+00
-2.383078098297119141e+00,-6.845703125000000000e+00,-9.381239891052246094e+00,-2.492047309875488281e+00,-5.791152477264404297e+00,-2.668873548507690430e+00,-3.277579307556152344e+00,-3.903968811035156250e+00
-4.054602622985839844e+00,-7.898206710815429688e+00,-1.128759574890136719e+01,-4.602756977081298828e+00,-7.526846885681152344e+00,-4.483001232147216797e+00,-4.416051387786865234e+00,-3.968120098114013672e+00
-2.747289657592773438e+00,-7.202193260192871094e+00,-9.773582458496093750e+00,-2.593537330627441406e+00,-6.001646041870117188e+00,-2.926247358322143555e+00,-3.674591541290283203e+00,-4.076704502105712891e+00
-4.012639045715332031e+00,-7.706838130950927734e+00,-1.130669784545898438e+01,-4.511121273040771484e+00,-7.424437046051025391e+00,-4.610496997833251953e+00,-4.598675727844238281e+00,-4.183067798614501953e+00
-4.129613876342773438e+00,-7.877224922180175781e+00,-1.135101509094238281e+01,-4.642230033874511719e+00,-7.674850463867187500e+00,-4.643877029418945312e+00,-4.432819843292236328e+00,-4.001848697662353516e+00
-4.126747131347656250e+00,-7.868712902069091797e+00,-1.140004444122314453e+01,-4.671977996826171875e+00,-7.746155738830566406e+00,-4.591603755950927734e+00,-4.392638206481933594e+00,-3.937037944793701172e+00
-3.959785223007202148e+00,-7.656741142272949219e+00,-1.129012298583984375e+01,-4.443635940551757812e+00,-7.165483474731445312e+00,-4.708193778991699219e+00,-4.530391693115234375e+00,-4.180778026580810547e+00
-3.991600751876831055e+00,-7.620718955993652344e+00,-1.136131668090820312e+01,-4.474014282226562500e+00,-7.407605171203613281e+00,-4.625030517578125000e+00,-4.615827083587646484e+00,-4.083911418914794922e+00
-4.113111495971679688e+00,-7.841760158538818359e+00,-1.134997940063476562e+01,-4.594336032867431641e+00,-7.655607223510742188e+00,-4.621585845947265625e+00,-4.379493236541748047e+00,-3.962538242340087891e+00
-3.985670089721679688e+00,-7.612045288085937500e+00,-1.127424716949462891e+01,-4.451829433441162109e+00,-7.406683921813964844e+00,-4.564779281616210938e+00,-4.432993888854980469e+00,-4.095126628875732422e+00
-2.861814975738525391e+00,-7.289950370788574219e+00,-9.726539611816406250e+00,-2.700336933135986328e+00,-6.148886680603027344e+00,-3.052539348602294922e+00,-3.839394569396972656e+00,-3.896867275238037109e+00
-3.668859720230102539e+00,-7.336374282836914062e+00,-1.054170513153076172e+01,-2.946603775024414062e+00,-6.778365612030029297e+00,-4.072559356689453125e+00,-4.215943813323974609e+00,-4.307511806488037109e+00
-3.343365430831909180e+00,-7.426974296569824219e+00,-1.010967636108398438e+01,-2.966113805770874023e+00,-6.369471549987792969e+00,-3.440172672271728516e+00,-3.884164571762084961e+00,-3.958036899566650391e+00
-2.931976795196533203e+00,-7.396283149719238281e+00,-9.803676605224609375e+00,-2.757570505142211914e+00,-6.233395576477050781e+00,-3.023213624954223633e+00,-3.749923706054687500e+00,-3.731782436370849609e+00
-3.768016815185546875e+00,-7.752399444580078125e+00,-1.114970302581787109e+01,-4.428687095642089844e+00,-7.232887268066406250e+00,-4.477409839630126953e+00,-4.301102161407470703e+00,-4.485671520233154297e+00
-2.836491584777832031e+00,-7.708912849426269531e+00,-9.855309486389160156e+00,-3.128781795501708984e+00,-7.123020172119140625e+00,-3.481409549713134766e+00,-4.040203094482421875e+00,-4.236157417297363281e+00
-2.568105220794677734e+00,-7.564469337463378906e+00,-9.514236450195312500e+00,-2.902838230133056641e+00,-6.024528026580810547e+00,-2.682293891906738281e+00,-3.602306127548217773e+00,-3.994633674621582031e+00
-2.456934690475463867e+00,-7.022466659545898438e+00,-9.120124816894531250e+00,-2.673316478729248047e+00,-5.973514556884765625e+00,-3.007885932922363281e+00,-3.401339054107666016e+00,-4.150828361511230469e+00
-2.122064113616943359e+00,-7.672249794006347656e+00,-9.053181648254394531e+00,-3.687341690063476562e+00,-6.416926383972167969e+00,-2.911429643630981445e+00,-3.825340986251831055e+00,-4.183958530426025391e+00
-2.301052093505859375e+00,-6.999069213867187500e+00,-9.084772109985351562e+00,-2.535026311874389648e+00,-5.789403438568115234e+00,-2.516470670700073242e+00,-3.321443080902099609e+00,-3.869658946990966797e+00
-2.318614006042480469e+00,-6.818974494934082031e+00,-9.190993309020996094e+00,-2.471601486206054688e+00,-5.769689083099365234e+00,-2.593811988830566406e+00,-3.275061845779418945e+00,-3.874321460723876953e+00
-2.334356307983398438e+00,-6.838251113891601562e+00,-9.302187919616699219e+00,-2.486275672912597656e+00,-5.784224987030029297e+00,-2.604863405227661133e+00,-3.258247613906860352e+00,-3.850053787231445312e+00
-2.351884841918945312e+00,-6.813873767852783203e+00,-9.317075729370117188e+00,-2.469296932220458984e+00,-5.781849861145019531e+00,-2.582870960235595703e+00,-3.254241228103637695e+00,-3.861389160156250000e+00
-2.342943191528320312e+00,-6.821241378784179688e+00,-9.285865783691406250e+00,-2.483528614044189453e+00,-5.779724597930908203e+00,-2.625540256500244141e+00,-3.247837543487548828e+00,-3.852638006210327148e+00
-2.333634853363037109e+00,-6.784203052520751953e+00,-9.273576736450195312e+00,-2.461290359497070312e+00,-5.773227214813232422e+00,-2.594713449478149414e+00,-3.222831487655639648e+00,-3.846662044525146484e+00
-2.242442131042480469e+00,-6.759628295898437500e+00,-9.091900825500488281e+00,-2.422814369201660156e+00,-5.753562927246093750e+00,-2.528972625732421875e+00,-3.209076166152954102e+00,-3.799592971801757812e+00
-2.206882953643798828e+00,-6.751126289367675781e+00,-8.940135002136230469e+00,-2.397927284240722656e+00,-5.737249374389648438e+00,-2.487166643142700195e+00,-3.208536624908447266e+00,-3.748758316040039062e+00
-2.606706142425537109e+00,-7.321867465972900391e+00,-9.724006652832031250e+00,-2.532613277435302734e+00,-5.867071151733398438e+00,-2.445729970932006836e+00,-3.530205726623535156e+00,-3.882182121276855469e+00
-2.548685550689697266e+00,-7.214545726776123047e+00,-9.649392127990722656e+00,-2.508020162582397461e+00,-5.850122451782226562e+00,-2.415609598159790039e+00,-3.479797124862670898e+00,-3.894062042236328125e+00
-2.622601270675659180e+00,-7.316087722778320312e+00,-9.778511047363281250e+00,-2.527233839035034180e+00,-5.906307220458984375e+00,-2.480725288391113281e+00,-3.534053802490234375e+00,-3.920402050018310547e+00
-2.426764488220214844e+00,-6.957913875579833984e+00,-9.463003158569335938e+00,-2.480964183807373047e+00,-5.811583042144775391e+00,-2.566065788269042969e+00,-3.349643707275390625e+00,-3.914062976837158203e+00
-2.507766246795654297e+00,-7.093865394592285156e+00,-9.660566329956054688e+00,-2.470143795013427734e+00,-5.841981887817382812e+00,-2.498741626739501953e+00,-3.431617975234985352e+00,-3.914674282073974609e+00
-2.406924962997436523e+00,-6.924120903015136719e+00,-9.415673255920410156e+00,-2.468047142028808594e+00,-5.804376602172851562e+00,-2.573897123336791992e+00,-3.335906028747558594e+00,-3.925433635711669922e+00
-2.497943878173828125e+00,-7.089156150817871094e+00,-9.601140975952148438e+00,-2.483230113983154297e+00,-5.832289218902587891e+00,-2.499953746795654297e+00,-3.415774822235107422e+00,-3.922479152679443359e+00
-2.423837661743164062e+00,-6.934218406677246094e+00,-9.451102256774902344e+00,-2.467050552368164062e+00,-5.806931495666503906e+00,-2.577568769454956055e+00,-3.340664386749267578e+00,-3.922487735748291016e+00
-2.415591716766357422e+00,-6.952698230743408203e+00,-9.446997642517089844e+00,-2.457081556320190430e+00,-5.808021068572998047e+00,-2.530298233032226562e+00,-3.349219799041748047e+00,-3.919567584991455078e+00
-2.413843154907226562e+00,-6.923297882080078125e+00,-9.430342674255371094e+00,-2.461107730865478516e+00,-5.804363727569580078e+00,-2.565029621124267578e+00,-3.336363554000854492e+00,-3.926732540130615234e+00
-2.404140472412109375e+00,-6.925221443176269531e+00,-9.439454078674316406e+00,-2.465295314788818359e+00,-5.805877685546875000e+00,-2.532560825347900391e+00,-3.339372873306274414e+00,-3.907011985778808594e+00
-2.566235303878784180e+00,-7.261024475097656250e+00,-9.601924896240234375e+00,-2.527188777923583984e+00,-5.846254825592041016e+00,-2.499140262603759766e+00,-3.501963138580322266e+00,-3.956595420837402344e+00
-2.401876449584960938e+00,-6.901576995849609375e+00,-9.419153213500976562e+00,-2.472342967987060547e+00,-5.803832054138183594e+00,-2.591041088104248047e+00,-3.324376821517944336e+00,-3.920322418212890625e+00
-3.372628688812255859e+00,-7.980186462402343750e+00,-9.993403434753417969e+00,-2.645123720169067383e+00,-6.335681438446044922e+00,-1.816414356231689453e+00,-4.324414730072021484e+00,-3.972959518432617188e+00
-2.650330066680908203e+00,-7.291453838348388672e+00,-1.002474403381347656e+01,-2.432865381240844727e+00,-5.958031654357910156e+00,-2.252397298812866211e+00,-3.585705518722534180e+00,-3.634041309356689453e+00
-2.640996932983398438e+00,-7.289039611816406250e+00,-9.948788642883300781e+00,-2.442537307739257812e+00,-5.983178615570068359e+00,-2.310855150222778320e+00,-3.588920116424560547e+00,-3.624867916107177734e+00
-2.635734081268310547e+00,-7.331776618957519531e+00,-9.840278625488281250e+00,-2.480345487594604492e+00,-5.998734474182128906e+00,-2.356893777847290039e+00,-3.579904794692993164e+00,-3.663435459136962891e+00
-2.593543291091918945e+00,-7.285901069641113281e+00,-9.781354904174804688e+00,-2.471972703933715820e+00,-5.852557659149169922e+00,-2.276182174682617188e+00,-3.557562112808227539e+00,-3.804237127304077148e+00
-2.610867977142333984e+00,-7.318254470825195312e+00,-9.811596870422363281e+00,-2.466248512268066406e+00,-5.856760025024414062e+00,-2.262684822082519531e+00,-3.563524723052978516e+00,-3.765638351440429688e+00
-2.538459777832031250e+00,-7.204114913940429688e+00,-9.585866928100585938e+00,-2.489116668701171875e+00,-5.833509445190429688e+00,-2.366269588470458984e+00,-3.512148618698120117e+00,-3.856138229370117188e+00
-2.538918972015380859e+00,-7.186611175537109375e+00,-9.647037506103515625e+00,-2.473369598388671875e+00,-5.836938858032226562e+00,-2.377330780029296875e+00,-3.486799478530883789e+00,-3.859938144683837891e+00
-2.383211135864257812e+00,-6.867743492126464844e+00,-9.394824028015136719e+00,-2.478177309036254883e+00,-5.796634674072265625e+00,-2.551893711090087891e+00,-3.300556182861328125e+00,-3.872424602508544922e+00
-2.394863128662109375e+00,-6.852241039276123047e+00,-9.429858207702636719e+00,-2.461899280548095703e+00,-5.797432422637939453e+00,-2.528938293457031250e+00,-3.290102481842041016e+00,-3.884729862213134766e+00
-2.397884607315063477e+00,-6.895474910736083984e+00,-9.427020072937011719e+00,-2.477782249450683594e+00,-5.802982807159423828e+00,-2.573226451873779297e+00,-3.318708896636962891e+00,-3.900910377502441406e+00
-2.375436782836914062e+00,-6.864998817443847656e+00,-9.408596038818359375e+00,-2.455050468444824219e+00,-5.795744419097900391e+00,-2.500607728958129883e+00,-3.296910047531127930e+00,-3.855672597885131836e+00
-2.382916688919067383e+00,-6.831287384033203125e+00,-9.349266052246093750e+00,-2.466678142547607422e+00,-5.785950660705566406e+00,-2.564163208007812500e+00,-3.283307552337646484e+00,-3.889481067657470703e+00
-4.032152652740478516e+00,-7.817333221435546875e+00,-1.102570533752441406e+01,-4.546516895294189453e+00,-7.594859600067138672e+00,-4.689200401306152344e+00,-4.217293739318847656e+00,-4.237740993499755859e+00
-3.978255987167358398e+00,-7.614485740661621094e+00,-1.099746227264404297e+01,-4.548810482025146484e+00,-7.374072551727294922e+00,-4.754737854003906250e+00,-4.189146041870117188e+00,-4.300853252410888672e+00
-2.696948766708374023e+00,-7.055126667022705078e+00,-9.792166709899902344e+00,-2.406965494155883789e+00,-5.946725845336914062e+00,-2.904862403869628906e+00,-3.524778604507446289e+00,-4.127565860748291016e+00
-4.151998519897460938e+00,-7.859951972961425781e+00,-1.141797351837158203e+01,-4.717412471771240234e+00,-7.741312980651855469e+00,-4.559037208557128906e+00,-4.404043197631835938e+00,-3.910519599914550781e+00
-3.969129323959350586e+00,-7.451689720153808594e+00,-1.122605419158935547e+01,-4.432044982910156250e+00,-7.174705505371093750e+00,-4.642220497131347656e+00,-4.308007240295410156e+00,-4.251619338989257812e+00
-2.697127819061279297e+00,-7.008826255798339844e+00,-9.780124664306640625e+00,-2.480856895446777344e+00,-5.921523571014404297e+00,-2.898734331130981445e+00,-3.552810668945312500e+00,-4.153774261474609375e+00
-3.750943899154663086e+00,-7.332198143005371094e+00,-1.131281661987304688e+01,-4.465151309967041016e+00,-6.488554954528808594e+00,-4.878945350646972656e+00,-4.703085899353027344e+00,-4.531399726867675781e+00
-3.571527481079101562e+00,-7.135913848876953125e+00,-1.082462120056152344e+01,-3.906732082366943359e+00,-6.044325828552246094e+00,-3.905696868896484375e+00,-4.066747665405273438e+00,-4.522789001464843750e+00
-4.063118457794189453e+00,-7.721599102020263672e+00,-1.121767711639404297e+01,-4.535444736480712891e+00,-7.583128452301025391e+00,-4.497006416320800781e+00,-4.339525222778320312e+00,-3.870900630950927734e+00
-2.686932802200317383e+00,-7.065231323242187500e+00,-9.777580261230468750e+00,-2.462102174758911133e+00,-5.948771476745605469e+00,-2.961308002471923828e+00,-3.569434642791748047e+00,-4.148338794708251953e+00
-2.586117029190063477e+00,-7.181282997131347656e+00,-9.744157791137695312e+00,-2.491025447845458984e+00,-5.956940174102783203e+00,-2.784974575042724609e+00,-3.592159032821655273e+00,-4.091727256774902344e+00
-3.790591001510620117e+00,-7.210017204284667969e+00,-1.086266326904296875e+01,-3.204040527343750000e+00,-6.385531902313232422e+00,-4.439300060272216797e+00,-4.589315891265869141e+00,-4.529083728790283203e+00
-2.519059896469116211e+00,-7.139854431152343750e+00,-9.738507270812988281e+00,-2.492874145507812500e+00,-5.860439777374267578e+00,-2.623322963714599609e+00,-3.408351898193359375e+00,-3.925522327423095703e+00
-4.030004501342773438e+00,-7.931130409240722656e+00,-1.128998661041259766e+01,-4.507701396942138672e+00,-7.485481262207031250e+00,-4.352344512939453125e+00,-4.431608676910400391e+00,-3.989322662353515625e+00
-3.833329200744628906e+00,-7.916043281555175781e+00,-1.080777263641357422e+01,-4.201576709747314453e+00,-7.047763824462890625e+00,-4.044134140014648438e+00,-4.382927417755126953e+00,-4.284289836883544922e+00
-2.634848117828369141e+00,-7.257716178894042969e+00,-9.835389137268066406e+00,-2.553495168685913086e+00,-5.983831882476806641e+00,-2.599606990814208984e+00,-3.622843980789184570e+00,-3.718949794769287109e+00
-2.617280006408691406e+00,-7.199866771697998047e+00,-9.846998214721679688e+00,-2.531213283538818359e+00,-5.916927337646484375e+00,-2.579472064971923828e+00,-3.561654567718505859e+00,-3.723056316375732422e+00
-2.603870630264282227e+00,-7.076334953308105469e+00,-9.909982681274414062e+00,-2.482635021209716797e+00,-5.864367961883544922e+00,-2.606052398681640625e+00,-3.481604814529418945e+00,-3.794210910797119141e+00
-2.656438827514648438e+00,-7.268425464630126953e+00,-9.867525100708007812e+00,-2.526166439056396484e+00,-6.092492103576660156e+00,-2.565647363662719727e+00,-3.668602943420410156e+00,-3.631939411163330078e+00
-2.569516658782958984e+00,-7.138374328613281250e+00,-9.819125175476074219e+00,-2.509305477142333984e+00,-5.877494335174560547e+00,-2.571300506591796875e+00,-3.539427995681762695e+00,-3.723952531814575195e+00
-2.648992776870727539e+00,-7.303846836090087891e+00,-9.949181556701660156e+00,-2.481461524963378906e+00,-5.960853576660156250e+00,-2.351464986801147461e+00,-3.578447341918945312e+00,-3.690724849700927734e+00
-2.549300193786621094e+00,-7.560127258300781250e+00,-9.671108245849609375e+00,-2.694642543792724609e+00,-5.935925006866455078e+00,-2.482212781906127930e+00,-3.668639898300170898e+00,-3.808680534362792969e+00
-2.635022640228271484e+00,-7.289123058319091797e+00,-9.909805297851562500e+00,-2.498867988586425781e+00,-5.972526550292968750e+00,-2.388999223709106445e+00,-3.578251123428344727e+00,-3.694646596908569336e+00
-2.654514789581298828e+00,-7.309619426727294922e+00,-9.970476150512695312e+00,-2.479948043823242188e+00,-5.983642101287841797e+00,-2.343060016632080078e+00,-3.583782911300659180e+00,-3.681128501892089844e+00
-2.507065057754516602e+00,-7.434505462646484375e+00,-9.563848495483398438e+00,-2.578065633773803711e+00,-5.883931159973144531e+00,-2.294106245040893555e+00,-3.611142396926879883e+00,-3.827390670776367188e+00
-2.592629432678222656e+00,-7.179625034332275391e+00,-9.814440727233886719e+00,-2.482548713684082031e+00,-5.857172012329101562e+00,-2.468395471572875977e+00,-3.540688276290893555e+00,-3.762204647064208984e+00
-2.631971836090087891e+00,-7.390703201293945312e+00,-9.712434768676757812e+00,-2.522943496704101562e+00,-5.884104728698730469e+00,-2.436026573181152344e+00,-3.549880504608154297e+00,-3.856225490570068359e+00
-2.692174911499023438e+00,-7.413651943206787109e+00,-9.718141555786132812e+00,-2.506671905517578125e+00,-5.894795417785644531e+00,-2.467153549194335938e+00,-3.544676780700683594e+00,-3.846400022506713867e+00
-2.617717742919921875e+00,-7.402103900909423828e+00,-9.657381057739257812e+00,-2.529749870300292969e+00,-5.881810665130615234e+00,-2.474994659423828125e+00,-3.552581548690795898e+00,-3.879419803619384766e+00
-2.558812618255615234e+00,-7.347433090209960938e+00,-9.537549972534179688e+00,-2.548224210739135742e+00,-5.851650238037109375e+00,-2.543915510177612305e+00,-3.519709825515747070e+00,-3.958201408386230469e+00
-2.684676885604858398e+00,-7.416304588317871094e+00,-9.680858612060546875e+00,-2.533466815948486328e+00,-5.879393577575683594e+00,-2.523437976837158203e+00,-3.542464971542358398e+00,-3.921248912811279297e+00
-2.693609952926635742e+00,-7.415098190307617188e+00,-9.680536270141601562e+00,-2.515274524688720703e+00,-5.887486934661865234e+00,-2.507048845291137695e+00,-3.546348571777343750e+00,-3.876568794250488281e+00
-2.149255752563476562e+00,-6.790190696716308594e+00,-8.663811683654785156e+00,-2.441184997558593750e+00,-5.728551864624023438e+00,-2.523843765258789062e+00,-3.245899915695190430e+00,-3.804221630096435547e+00
-2.425871372222900391e+00,-7.048572540283203125e+00,-9.315078735351562500e+00,-2.460133075714111328e+00,-5.795789241790771484e+00,-2.571346282958984375e+00,-3.399956703186035156e+00,-3.930985927581787109e+00
-2.128808975219726562e+00,-6.743222236633300781e+00,-8.674650192260742188e+00,-2.417720079421997070e+00,-5.724038600921630859e+00,-2.511113643646240234e+00,-3.220082759857177734e+00,-3.779177188873291016e+00
-2.175261497497558594e+00,-6.808137893676757812e+00,-8.684851646423339844e+00,-2.472139358520507812e+00,-5.732825279235839844e+00,-2.528760194778442383e+00,-3.264399051666259766e+00,-3.791711807250976562e+00
-2.391905784606933594e+00,-7.017770290374755859e+00,-9.275856018066406250e+00,-2.451514720916748047e+00,-5.791594982147216797e+00,-2.570228099822998047e+00,-3.387363433837890625e+00,-3.933370590209960938e+00
-2.192647457122802734e+00,-6.787354469299316406e+00,-8.839397430419921875e+00,-2.418101072311401367e+00,-5.734354496002197266e+00,-2.536347389221191406e+00,-3.259538412094116211e+00,-3.800389051437377930e+00
-2.425010442733764648e+00,-7.181913375854492188e+00,-9.331976890563964844e+00,-2.512693405151367188e+00,-5.813813686370849609e+00,-2.487277746200561523e+00,-3.464328050613403320e+00,-3.934020996093750000e+00
-4.136106014251708984e+00,-7.820989131927490234e+00,-1.141653633117675781e+01,-4.654560089111328125e+00,-7.664179801940917969e+00,-4.556208133697509766e+00,-4.376396179199218750e+00,-3.870262145996093750e+00
-4.130219459533691406e+00,-7.817531108856201172e+00,-1.140117454528808594e+01,-4.638371467590332031e+00,-7.652153968811035156e+00,-4.542526245117187500e+00,-4.373913288116455078e+00,-3.850784301757812500e+00
-3.849221706390380859e+00,-7.120035171508789062e+00,-1.074763584136962891e+01,-2.983328819274902344e+00,-6.364124298095703125e+00,-4.182058811187744141e+00,-4.406095027923583984e+00,-4.547754764556884766e+00
-3.861883401870727539e+00,-7.222069263458251953e+00,-1.098182868957519531e+01,-3.247986793518066406e+00,-6.747848033905029297e+00,-4.166820526123046875e+00,-4.283917427062988281e+00,-4.421687602996826172e+00
-3.327271699905395508e+00,-7.247739315032958984e+00,-1.012543487548828125e+01,-2.793025255203247070e+00,-6.102583408355712891e+00,-3.147955417633056641e+00,-4.024197101593017578e+00,-4.164336204528808594e+00
-2.862750530242919922e+00,-7.209189414978027344e+00,-9.716016769409179688e+00,-2.671733379364013672e+00,-5.948522090911865234e+00,-2.581406354904174805e+00,-3.693183183670043945e+00,-3.958949565887451172e+00
-2.555088520050048828e+00,-7.214190959930419922e+00,-9.760272979736328125e+00,-2.509124040603637695e+00,-5.867552757263183594e+00,-2.625534772872924805e+00,-3.452211618423461914e+00,-3.990468502044677734e+00
-2.493398189544677734e+00,-7.078041553497314453e+00,-9.644294738769531250e+00,-2.510374069213867188e+00,-5.845221996307373047e+00,-2.657693862915039062e+00,-3.357650518417358398e+00,-3.931844234466552734e+00
-2.404345512390136719e+00,-6.905297279357910156e+00,-9.459282875061035156e+00,-2.469776868820190430e+00,-5.806997299194335938e+00,-2.563221931457519531e+00,-3.321538209915161133e+00,-3.904603004455566406e+00
-2.422198534011840820e+00,-6.967808246612548828e+00,-9.450100898742675781e+00,-2.461937427520751953e+00,-5.810293197631835938e+00,-2.547712802886962891e+00,-3.359014034271240234e+00,-3.939818382263183594e+00
-2.417729377746582031e+00,-6.940495967864990234e+00,-9.546182632446289062e+00,-2.486966371536254883e+00,-5.819746971130371094e+00,-2.628473758697509766e+00,-3.311920404434204102e+00,-3.912606239318847656e+00
-2.411156177520751953e+00,-6.887199401855468750e+00,-9.509009361267089844e+00,-2.468229293823242188e+00,-5.809211254119873047e+00,-2.556693553924560547e+00,-3.296501636505126953e+00,-3.883185386657714844e+00
-2.416545867919921875e+00,-6.947826385498046875e+00,-9.463086128234863281e+00,-2.463295936584472656e+00,-5.809745788574218750e+00,-2.558443546295166016e+00,-3.342411518096923828e+00,-3.923703670501708984e+00
-3.240774393081665039e+00,-7.918251037597656250e+00,-9.957580566406250000e+00,-3.661023378372192383e+00,-6.159106254577636719e+00,-3.774136066436767578e+00,-4.389129161834716797e+00,-4.515790462493896484e+00
-2.956966876983642578e+00,-7.202477455139160156e+00,-9.862363815307617188e+00,-2.562355518341064453e+00,-6.022331714630126953e+00,-2.671729087829589844e+00,-3.749553918838500977e+00,-3.642147064208984375e+00
-2.638472080230712891e+00,-7.493270874023437500e+00,-9.648585319519042969e+00,-3.072381973266601562e+00,-6.930884361267089844e+00,-3.629837036132812500e+00,-3.691075801849365234e+00,-4.046272754669189453e+00
-2.608977794647216797e+00,-7.236384391784667969e+00,-9.850807189941406250e+00,-2.494343280792236328e+00,-5.909868717193603516e+00,-2.447120189666748047e+00,-3.570073604583740234e+00,-3.707945823669433594e+00
-2.661552429199218750e+00,-7.324291229248046875e+00,-1.003669357299804688e+01,-2.440203666687011719e+00,-5.938731193542480469e+00,-2.244167566299438477e+00,-3.578161478042602539e+00,-3.679637432098388672e+00
-2.657958507537841797e+00,-7.316394805908203125e+00,-1.003747177124023438e+01,-2.437736749649047852e+00,-5.943005561828613281e+00,-2.242378234863281250e+00,-3.579100847244262695e+00,-3.670181274414062500e+00
-2.633351325988769531e+00,-7.249453544616699219e+00,-9.924035072326660156e+00,-2.501826524734497070e+00,-5.945104122161865234e+00,-2.471400737762451172e+00,-3.543034315109252930e+00,-3.709300994873046875e+00
-2.557691574096679688e+00,-7.201423645019531250e+00,-9.660959243774414062e+00,-2.509982824325561523e+00,-5.852298736572265625e+00,-2.467928886413574219e+00,-3.469015359878540039e+00,-3.883682250976562500e+00
-2.626597881317138672e+00,-7.286637306213378906e+00,-9.904232025146484375e+00,-2.465821504592895508e+00,-5.934615135192871094e+00,-2.326011180877685547e+00,-3.564326763153076172e+00,-3.691237926483154297e+00
-2.641444921493530273e+00,-7.322840690612792969e+00,-9.966078758239746094e+00,-2.458955764770507812e+00,-5.933993339538574219e+00,-2.284110546112060547e+00,-3.569818258285522461e+00,-3.702432632446289062e+00
-2.638855218887329102e+00,-7.257885456085205078e+00,-9.970012664794921875e+00,-2.467383623123168945e+00,-5.883584976196289062e+00,-2.291384220123291016e+00,-3.537398338317871094e+00,-3.761376142501831055e+00
-2.357712268829345703e+00,-6.851356029510498047e+00,-9.356235504150390625e+00,-2.485753536224365234e+00,-5.789907932281494141e+00,-2.608363389968872070e+00,-3.264381408691406250e+00,-3.858441829681396484e+00
-2.342189788818359375e+00,-6.789522171020507812e+00,-9.277882575988769531e+00,-2.458797931671142578e+00,-5.773778438568115234e+00,-2.575973510742187500e+00,-3.222357273101806641e+00,-3.838008880615234375e+00
-2.623194694519042969e+00,-7.424846649169921875e+00,-9.570653915405273438e+00,-4.000730037689208984e+00,-7.001521110534667969e+00,-4.101691246032714844e+00,-3.886759042739868164e+00,-4.263351440429687500e+00
-2.618000507354736328e+00,-7.262160778045654297e+00,-9.445768356323242188e+00,-3.642417907714843750e+00,-6.948785781860351562e+00,-4.181156635284423828e+00,-3.833499193191528320e+00,-4.119384288787841797e+00
-2.635280132293701172e+00,-7.629557609558105469e+00,-9.529720306396484375e+00,-4.189548015594482422e+00,-7.082569599151611328e+00,-4.076443672180175781e+00,-4.022634506225585938e+00,-4.467867851257324219e+00
-2.346632480621337891e+00,-7.719417572021484375e+00,-9.302283287048339844e+00,-3.156401872634887695e+00,-6.350384712219238281e+00,-3.210216045379638672e+00,-3.830156326293945312e+00,-4.197744369506835938e+00
-2.534945964813232422e+00,-7.853066444396972656e+00,-9.478258132934570312e+00,-3.143300771713256836e+00,-6.513715744018554688e+00,-3.511492729187011719e+00,-3.955847501754760742e+00,-4.328330993652343750e+00
-2.500911235809326172e+00,-7.797214031219482422e+00,-9.471599578857421875e+00,-2.918174743652343750e+00,-6.417942523956298828e+00,-2.976599693298339844e+00,-3.794517040252685547e+00,-4.064968585968017578e+00
-2.608695030212402344e+00,-7.324460983276367188e+00,-9.756875991821289062e+00,-2.430930137634277344e+00,-5.874136924743652344e+00,-2.326220989227294922e+00,-3.550257444381713867e+00,-3.698226213455200195e+00
-2.027847051620483398e+00,-7.523723125457763672e+00,-9.396228790283203125e+00,-2.711087703704833984e+00,-6.200641632080078125e+00,-2.236889839172363281e+00,-3.641264915466308594e+00,-3.670758724212646484e+00
-2.635382175445556641e+00,-7.960036277770996094e+00,-9.772891998291015625e+00,-2.867084026336669922e+00,-6.893138885498046875e+00,-3.231423377990722656e+00,-3.895473957061767578e+00,-4.379401206970214844e+00
-2.515014886856079102e+00,-7.742269515991210938e+00,-9.699865341186523438e+00,-4.207831859588623047e+00,-6.923826694488525391e+00,-3.737251758575439453e+00,-4.000442981719970703e+00,-4.869218349456787109e+00
-2.623523235321044922e+00,-7.172760009765625000e+00,-9.376737594604492188e+00,-3.473442316055297852e+00,-7.006971359252929688e+00,-3.974928379058837891e+00,-3.628742218017578125e+00,-4.006786823272705078e+00
-2.339349746704101562e+00,-7.306379795074462891e+00,-9.216563224792480469e+00,-2.812572956085205078e+00,-5.960808753967285156e+00,-2.836954593658447266e+00,-3.485262632369995117e+00,-3.935755252838134766e+00
-2.620910167694091797e+00,-7.214955329895019531e+00,-9.331831932067871094e+00,-3.546167850494384766e+00,-6.943213939666748047e+00,-4.081147670745849609e+00,-3.689017534255981445e+00,-4.019797325134277344e+00
-2.865530967712402344e+00,-7.204019069671630859e+00,-9.660282135009765625e+00,-3.456188201904296875e+00,-6.874248981475830078e+00,-3.981520652770996094e+00,-3.580395936965942383e+00,-3.975693225860595703e+00
-3.288709163665771484e+00,-8.486032485961914062e+00,-1.020281791687011719e+01,-4.204677581787109375e+00,-7.285171985626220703e+00,-4.057187080383300781e+00,-5.050808429718017578e+00,-4.395442962646484375e+00
-3.501873970031738281e+00,-8.228171348571777344e+00,-1.053258132934570312e+01,-3.944995403289794922e+00,-7.657592773437500000e+00,-3.630347728729248047e+00,-4.411165714263916016e+00,-4.673967838287353516e+00
-3.508691787719726562e+00,-8.794092178344726562e+00,-1.041813850402832031e+01,-4.365196228027343750e+00,-7.518853664398193359e+00,-4.403038978576660156e+00,-5.160576820373535156e+00,-4.992287158966064453e+00
-3.654506921768188477e+00,-9.161896705627441406e+00,-1.096645259857177734e+01,-4.607593536376953125e+00,-7.764189243316650391e+00,-1.510046482086181641e+00,-5.191476821899414062e+00,-4.944554328918457031e+00
-2.737534523010253906e+00,-7.654368400573730469e+00,-9.783119201660156250e+00,-3.594843626022338867e+00,-7.249774456024169922e+00,-3.864021778106689453e+00,-3.822960615158081055e+00,-4.633287429809570312e+00
-3.335381984710693359e+00,-8.055748939514160156e+00,-1.008489990234375000e+01,-3.357074737548828125e+00,-6.282547950744628906e+00,-2.154759883880615234e+00,-4.554782390594482422e+00,-4.338961601257324219e+00
-2.975274085998535156e+00,-8.560951232910156250e+00,-1.026092147827148438e+01,-4.455960273742675781e+00,-7.652103424072265625e+00,-2.473126411437988281e+00,-4.466717243194580078e+00,-4.817602157592773438e+00
-2.661022663116455078e+00,-7.869833946228027344e+00,-9.790891647338867188e+00,-4.112376213073730469e+00,-7.006984710693359375e+00,-4.134627342224121094e+00,-4.010718822479248047e+00,-4.624493598937988281e+00
-2.727718591690063477e+00,-7.152128219604492188e+00,-9.475765228271484375e+00,-3.533522129058837891e+00,-6.944567203521728516e+00,-4.072624683380126953e+00,-3.703042268753051758e+00,-3.987206935882568359e+00
-2.376615047454833984e+00,-7.713039398193359375e+00,-9.173358917236328125e+00,-4.271548271179199219e+00,-6.472609996795654297e+00,-3.826904773712158203e+00,-4.042006969451904297e+00,-4.685568809509277344e+00
-2.565073490142822266e+00,-7.287929058074951172e+00,-9.444664001464843750e+00,-3.546409130096435547e+00,-6.981846809387207031e+00,-4.042455673217773438e+00,-3.786450386047363281e+00,-4.092542171478271484e+00
-1.716958880424499512e+00,-7.198497295379638672e+00,-8.982368469238281250e+00,-2.916686296463012695e+00,-5.956041336059570312e+00,-2.836306571960449219e+00,-3.447425365447998047e+00,-3.928065776824951172e+00
-1.525611996650695801e+00,-5.797118186950683594e+00,-7.899890899658203125e+00,-5.773601055145263672e+00,-1.130624580383300781e+01,-9.333219528198242188e-01,-2.166697025299072266e+00,-4.090301036834716797e+00
-1.304680347442626953e+00,-5.869227409362792969e+00,-7.349667549133300781e+00,-5.591397285461425781e+00,-1.065100860595703125e+01,-1.169052124023437500e+00,-2.328200101852416992e+00,-4.043757915496826172e+00
-2.896951675415039062e+00,-7.296875476837158203e+00,-9.136836051940917969e+00,-5.379876613616943359e+00,-9.613920211791992188e+00,-3.132283210754394531e+00,-3.310072183609008789e+00,-5.434013366699218750e+00
-1.325155973434448242e+00,-5.871349811553955078e+00,-7.451998233795166016e+00,-5.566470623016357422e+00,-1.091306686401367188e+01,-1.132266521453857422e+00,-2.342732191085815430e+00,-4.094457626342773438e+00
-2.477771759033203125e+00,-7.696295738220214844e+00,-9.128776550292968750e+00,-5.552636146545410156e+00,-9.648359298706054688e+00,-5.782374382019042969e+00,-7.854332923889160156e+00,-5.815183162689208984e+00
-8.046233057975769043e-01,-5.718221664428710938e+00,-6.622159004211425781e+00,-5.087926864624023438e+00,-9.796394348144531250e+00,-1.475110292434692383e+00,-2.525164127349853516e+00,-4.114442825317382812e+00
-1.408560395240783691e+00,-5.854326248168945312e+00,-7.690696716308593750e+00,-5.634450912475585938e+00,-1.077646255493164062e+01,-1.072511196136474609e+00,-2.328545808792114258e+00,-4.122349262237548828e+00
-1.313806772232055664e+00,-5.897687435150146484e+00,-7.401354789733886719e+00,-5.604149818420410156e+00,-1.089336681365966797e+01,-1.167293310165405273e+00,-2.287447929382324219e+00,-4.125157356262207031e+00
-2.448242902755737305e+00,-8.211978912353515625e+00,-9.667760848999023438e+00,-4.706768035888671875e+00,-9.588349342346191406e+00,-5.165083408355712891e+00,-7.953286647796630859e+00,-5.744603633880615234e+00
-2.560109496116638184e-01,-5.938122749328613281e+00,-6.142210006713867188e+00,-4.503618240356445312e+00,-1.017365932464599609e+01,-1.514073610305786133e+00,-2.672393560409545898e+00,-4.355407714843750000e+00
-1.061047077178955078e+00,-5.864156246185302734e+00,-7.040135383605957031e+00,-5.175429821014404297e+00,-1.041279983520507812e+01,-1.247715234756469727e+00,-2.271717071533203125e+00,-4.497262001037597656e+00
-1.447312593460083008e+00,-6.431939125061035156e+00,-9.609427452087402344e+00,-5.790787696838378906e+00,-1.062240409851074219e+01,-2.268538236618041992e+00,-2.700599431991577148e+00,-4.617530345916748047e+00
-2.508840084075927734e+00,-7.747888088226318359e+00,-9.716372489929199219e+00,-4.894538402557373047e+00,-9.335359573364257812e+00,-5.580843925476074219e+00,-8.271266937255859375e+00,-6.404531002044677734e+00
-3.016988754272460938e+00,-7.526278018951416016e+00,-9.848540306091308594e+00,-3.634007215499877930e+00,-7.103731632232666016e+00,-4.029598712921142578e+00,-3.697376489639282227e+00,-4.237380027770996094e+00
-3.295483350753784180e+00,-8.247504234313964844e+00,-9.732942581176757812e+00,-3.212137699127197266e+00,-6.447211742401123047e+00,-1.836191534996032715e+00,-4.738284587860107422e+00,-4.556280612945556641e+00
-3.756712198257446289e+00,-9.095962524414062500e+00,-9.977957725524902344e+00,-4.522259712219238281e+00,-7.885563850402832031e+00,-1.631937503814697266e+00,-5.316277503967285156e+00,-5.214381694793701172e+00
-3.948797225952148438e+00,-9.138308525085449219e+00,-1.045487976074218750e+01,-4.988296985626220703e+00,-8.175518989562988281e+00,-1.692958116531372070e+00,-5.256708145141601562e+00,-5.467652320861816406e+00
-2.377810955047607422e+00,-7.203626632690429688e+00,-9.180612564086914062e+00,-2.744528055191040039e+00,-5.988854408264160156e+00,-2.728870391845703125e+00,-3.491718530654907227e+00,-3.872148513793945312e+00
-2.420589447021484375e+00,-6.940828323364257812e+00,-9.160808563232421875e+00,-2.722543001174926758e+00,-5.801807403564453125e+00,-2.947038888931274414e+00,-3.338968276977539062e+00,-4.098909378051757812e+00
-2.141123771667480469e+00,-6.531927585601806641e+00,-9.535457611083984375e+00,-2.835012912750244141e+00,-7.484097480773925781e+00,-3.626949787139892578e+00,-3.030467510223388672e+00,-3.695490360260009766e+00
-2.512723922729492188e+00,-7.398611545562744141e+00,-8.991245269775390625e+00,-4.424684524536132812e+00,-7.376238822937011719e+00,-3.451918601989746094e+00,-3.856230258941650391e+00,-4.790710926055908203e+00
-2.374927043914794922e+00,-7.425539493560791016e+00,-9.178550720214843750e+00,-2.848216056823730469e+00,-6.128441810607910156e+00,-2.792869806289672852e+00,-3.569683074951171875e+00,-3.845226287841796875e+00
-2.448580265045166016e+00,-7.587073802947998047e+00,-9.068284034729003906e+00,-4.485786437988281250e+00,-7.619865894317626953e+00,-3.265746116638183594e+00,-3.894418239593505859e+00,-5.113400459289550781e+00
-2.428364753723144531e+00,-7.468363761901855469e+00,-9.729221343994140625e+00,-4.244912624359130859e+00,-6.916574478149414062e+00,-3.739449977874755859e+00,-4.034917831420898438e+00,-4.503345489501953125e+00
-2.326314926147460938e+00,-7.268457412719726562e+00,-9.079751968383789062e+00,-2.960265636444091797e+00,-6.119094371795654297e+00,-3.201823234558105469e+00,-3.611268281936645508e+00,-4.132500648498535156e+00
-2.168714523315429688e+00,-7.570905208587646484e+00,-9.111920356750488281e+00,-4.233939170837402344e+00,-6.376910209655761719e+00,-3.645111083984375000e+00,-4.049574851989746094e+00,-4.500058174133300781e+00
-2.643755912780761719e+00,-7.349071025848388672e+00,-9.934093475341796875e+00,-2.478459835052490234e+00,-5.944003105163574219e+00,-2.348172903060913086e+00,-3.571832418441772461e+00,-3.712509155273437500e+00
-2.629273414611816406e+00,-7.324223518371582031e+00,-9.851792335510253906e+00,-2.511194229125976562e+00,-5.962756156921386719e+00,-2.467445135116577148e+00,-3.543607950210571289e+00,-3.739622116088867188e+00
-2.640164375305175781e+00,-7.347722053527832031e+00,-9.883945465087890625e+00,-2.517815113067626953e+00,-5.966345310211181641e+00,-2.436207532882690430e+00,-3.547361850738525391e+00,-3.775758266448974609e+00
-2.625117778778076172e+00,-7.282076835632324219e+00,-9.963215827941894531e+00,-2.465765953063964844e+00,-5.962224960327148438e+00,-2.285616397857666016e+00,-3.575431346893310547e+00,-3.667984962463378906e+00
-2.387708187103271484e+00,-6.920674324035644531e+00,-9.336785316467285156e+00,-2.465247392654418945e+00,-5.792596340179443359e+00,-2.558691978454589844e+00,-3.344300508499145508e+00,-3.907033443450927734e+00
-2.350264072418212891e+00,-6.806229114532470703e+00,-9.262302398681640625e+00,-2.461225509643554688e+00,-5.774577140808105469e+00,-2.543102979660034180e+00,-3.267960786819458008e+00,-3.863716125488281250e+00
-2.386014938354492188e+00,-6.850185394287109375e+00,-9.360579490661621094e+00,-2.466298580169677734e+00,-5.789921760559082031e+00,-2.580863952636718750e+00,-3.297582626342773438e+00,-3.904742240905761719e+00
-2.386079549789428711e+00,-6.888641357421875000e+00,-9.355171203613281250e+00,-2.446527481079101562e+00,-5.793084144592285156e+00,-2.548627853393554688e+00,-3.318197727203369141e+00,-3.920235633850097656e+00
-2.392570018768310547e+00,-6.903669357299804688e+00,-9.369920730590820312e+00,-2.453247070312500000e+00,-5.796027660369873047e+00,-2.542872428894042969e+00,-3.332438945770263672e+00,-3.917014598846435547e+00
-2.399504661560058594e+00,-6.921536445617675781e+00,-9.390607833862304688e+00,-2.445069313049316406e+00,-5.798080444335937500e+00,-2.513457775115966797e+00,-3.338763475418090820e+00,-3.901858329772949219e+00
-2.390161991119384766e+00,-6.864880084991455078e+00,-9.416315078735351562e+00,-2.459674119949340820e+00,-5.797606468200683594e+00,-2.566311359405517578e+00,-3.298655986785888672e+00,-3.903092384338378906e+00
-2.469337463378906250e+00,-7.035177230834960938e+00,-9.554378509521484375e+00,-2.467997550964355469e+00,-5.820018768310546875e+00,-2.503200769424438477e+00,-3.400311231613159180e+00,-3.913874149322509766e+00
-2.343158721923828125e+00,-6.835252761840820312e+00,-9.372850418090820312e+00,-2.447687149047851562e+00,-5.789442539215087891e+00,-2.516874074935913086e+00,-3.255122184753417969e+00,-3.849668025970458984e+00
-2.421169519424438477e+00,-7.868265151977539062e+00,-9.598350524902343750e+00,-4.170225143432617188e+00,-6.446710109710693359e+00,-3.674329757690429688e+00,-4.128236293792724609e+00,-4.942424297332763672e+00
-2.321248531341552734e+00,-7.733107089996337891e+00,-9.295639038085937500e+00,-4.215415477752685547e+00,-6.465048789978027344e+00,-3.949736595153808594e+00,-4.044859886169433594e+00,-4.517429828643798828e+00
-2.204405307769775391e+00,-7.109183311462402344e+00,-8.628183364868164062e+00,-3.829459667205810547e+00,-5.957533359527587891e+00,-3.424387454986572266e+00,-3.532673358917236328e+00,-3.939474582672119141e+00
-2.270233154296875000e+00,-7.846801757812500000e+00,-9.448108673095703125e+00,-4.226845741271972656e+00,-6.413280010223388672e+00,-3.692728996276855469e+00,-4.166341781616210938e+00,-4.806407451629638672e+00
-2.346337318420410156e+00,-8.041738510131835938e+00,-9.353397369384765625e+00,-3.504410505294799805e+00,-6.412378787994384766e+00,-3.093755722045898438e+00,-3.908521652221679688e+00,-4.299817562103271484e+00
-2.302757978439331055e+00,-7.895917892456054688e+00,-9.463506698608398438e+00,-4.212580680847167969e+00,-6.445688247680664062e+00,-3.633474349975585938e+00,-4.192056655883789062e+00,-4.906937122344970703e+00
-1.850467205047607422e+00,-7.682227134704589844e+00,-9.386934280395507812e+00,-2.971539735794067383e+00,-6.381438732147216797e+00,-2.471399545669555664e+00,-3.753211259841918945e+00,-3.861300468444824219e+00
-1.618148565292358398e+00,-7.603320121765136719e+00,-9.381479263305664062e+00,-2.855627775192260742e+00,-6.372529983520507812e+00,-2.286450386047363281e+00,-3.704825401306152344e+00,-3.606075286865234375e+00
-2.193245649337768555e+00,-7.552099227905273438e+00,-9.464647293090820312e+00,-2.711241483688354492e+00,-6.041162490844726562e+00,-2.281805515289306641e+00,-3.626898288726806641e+00,-3.891580581665039062e+00
-1.592667818069458008e+00,-7.570354938507080078e+00,-9.352941513061523438e+00,-2.756508588790893555e+00,-6.256253719329833984e+00,-2.165747165679931641e+00,-3.656576871871948242e+00,-3.606830596923828125e+00
-2.421934604644775391e+00,-7.518564224243164062e+00,-9.210678100585937500e+00,-3.298833370208740234e+00,-6.145295619964599609e+00,-3.285416603088378906e+00,-3.687902212142944336e+00,-4.344094753265380859e+00
-2.454447746276855469e+00,-7.842088699340820312e+00,-9.437517166137695312e+00,-3.018262863159179688e+00,-6.376631736755371094e+00,-3.232788801193237305e+00,-3.764979124069213867e+00,-4.285553932189941406e+00
-2.212332963943481445e+00,-7.467115879058837891e+00,-9.454599380493164062e+00,-2.719783306121826172e+00,-5.914898395538330078e+00,-2.233976364135742188e+00,-3.586714982986450195e+00,-3.843564510345458984e+00
-2.671841621398925781e+00,-7.310419082641601562e+00,-9.978828430175781250e+00,-2.483926773071289062e+00,-5.979197025299072266e+00,-2.364664793014526367e+00,-3.562447547912597656e+00,-3.690771102905273438e+00
-2.631067276000976562e+00,-7.244232177734375000e+00,-9.953892707824707031e+00,-2.448596000671386719e+00,-5.879375934600830078e+00,-2.322227478027343750e+00,-3.543025493621826172e+00,-3.718850135803222656e+00
-2.662486553192138672e+00,-7.274195671081542969e+00,-9.999534606933593750e+00,-2.450325965881347656e+00,-5.907039165496826172e+00,-2.301012992858886719e+00,-3.544091701507568359e+00,-3.727667331695556641e+00
-2.608274459838867188e+00,-7.233953475952148438e+00,-9.907094955444335938e+00,-2.479331016540527344e+00,-5.876001358032226562e+00,-2.343134880065917969e+00,-3.546192407608032227e+00,-3.742062568664550781e+00
-2.760953903198242188e+00,-7.701303005218505859e+00,-9.705928802490234375e+00,-2.816561222076416016e+00,-6.002641201019287109e+00,-2.338955163955688477e+00,-3.950736999511718750e+00,-4.326900959014892578e+00
-2.322278022766113281e+00,-6.842082023620605469e+00,-9.328483581542968750e+00,-2.508966922760009766e+00,-5.788833141326904297e+00,-2.637495756149291992e+00,-3.286130428314208984e+00,-3.872349262237548828e+00
-3.140072822570800781e+00,-8.531190872192382812e+00,-1.000578880310058594e+01,-3.237423896789550781e+00,-6.698459148406982422e+00,-2.081619977951049805e+00,-4.707667827606201172e+00,-4.630637168884277344e+00
-2.600369453430175781e+00,-7.242816925048828125e+00,-9.860097885131835938e+00,-2.499978303909301758e+00,-5.875566482543945312e+00,-2.388319015502929688e+00,-3.531238555908203125e+00,-3.776427030563354492e+00
-2.349085807800292969e+00,-6.883823394775390625e+00,-9.367319107055664062e+00,-2.498924255371093750e+00,-5.796828746795654297e+00,-2.567795991897583008e+00,-3.327932357788085938e+00,-3.830972909927368164e+00
-2.381246566772460938e+00,-6.918429374694824219e+00,-9.479256629943847656e+00,-2.464947462081909180e+00,-5.806871891021728516e+00,-2.518770933151245117e+00,-3.331988096237182617e+00,-3.817927360534667969e+00
-2.358178138732910156e+00,-6.878996372222900391e+00,-9.465909957885742188e+00,-2.460010528564453125e+00,-5.804110050201416016e+00,-2.524924516677856445e+00,-3.305830955505371094e+00,-3.815390348434448242e+00
-2.332917213439941406e+00,-6.906967639923095703e+00,-9.117384910583496094e+00,-2.567157268524169922e+00,-5.776811122894287109e+00,-2.597767829895019531e+00,-3.365265369415283203e+00,-3.894840240478515625e+00
-2.330390453338623047e+00,-6.843733787536621094e+00,-9.323716163635253906e+00,-2.450378656387329102e+00,-5.780758857727050781e+00,-2.538377046585083008e+00,-3.270663261413574219e+00,-3.830107212066650391e+00
-2.756989240646362305e+00,-7.396816253662109375e+00,-9.956314086914062500e+00,-3.387437820434570312e+00,-6.972370147705078125e+00,-4.011002540588378906e+00,-3.694184303283691406e+00,-4.088507652282714844e+00
-2.726192951202392578e+00,-7.949217796325683594e+00,-1.001494216918945312e+01,-3.069936990737915039e+00,-6.696237087249755859e+00,-3.462435245513916016e+00,-4.239500045776367188e+00,-4.101546764373779297e+00
-2.840529441833496094e+00,-8.737319946289062500e+00,-9.992780685424804688e+00,-4.329228401184082031e+00,-7.754889488220214844e+00,-3.434253692626953125e+00,-4.627367019653320312e+00,-5.069220542907714844e+00
-3.418194293975830078e+00,-8.987231254577636719e+00,-9.944313049316406250e+00,-4.484792709350585938e+00,-7.834240913391113281e+00,-1.755876302719116211e+00,-5.077737808227539062e+00,-5.261959075927734375e+00
-3.023121118545532227e+00,-9.010805130004882812e+00,-1.038583278656005859e+01,-4.138768672943115234e+00,-7.650589466094970703e+00,-3.866160869598388672e+00,-4.857086181640625000e+00,-4.908458232879638672e+00
-2.948596000671386719e+00,-8.632420539855957031e+00,-1.037395572662353516e+01,-3.159790039062500000e+00,-7.145386695861816406e+00,-3.730003356933593750e+00,-4.716533660888671875e+00,-4.665685176849365234e+00
-2.737517356872558594e+00,-8.740411758422851562e+00,-9.945419311523437500e+00,-4.054879188537597656e+00,-7.081540107727050781e+00,-3.457146883010864258e+00,-4.513614654541015625e+00,-4.815797328948974609e+00
-2.581850767135620117e+00,-8.231122970581054688e+00,-9.777824401855468750e+00,-3.327239036560058594e+00,-7.099614143371582031e+00,-3.277034044265747070e+00,-4.286186218261718750e+00,-4.663544654846191406e+00
-1.602335333824157715e+00,-7.553406238555908203e+00,-9.394166946411132812e+00,-2.744353055953979492e+00,-6.367626667022705078e+00,-2.105601310729980469e+00,-3.610142230987548828e+00,-3.526738643646240234e+00
-2.696168899536132812e+00,-8.524811744689941406e+00,-1.002907943725585938e+01,-3.184825181961059570e+00,-7.052459239959716797e+00,-3.483582496643066406e+00,-4.706592559814453125e+00,-4.453641414642333984e+00
-1.592592477798461914e+00,-7.606390953063964844e+00,-9.468799591064453125e+00,-2.789304494857788086e+00,-6.363554954528808594e+00,-2.065901041030883789e+00,-3.674598932266235352e+00,-3.515347957611083984e+00
-2.476584434509277344e+00,-7.605429649353027344e+00,-9.556892395019531250e+00,-2.816567897796630859e+00,-6.087452888488769531e+00,-2.689802169799804688e+00,-3.756845712661743164e+00,-4.162047863006591797e+00
-2.456042051315307617e+00,-7.037395477294921875e+00,-9.615234375000000000e+00,-2.435667753219604492e+00,-5.825836658477783203e+00,-2.376656055450439453e+00,-3.387205362319946289e+00,-3.834074258804321289e+00
-4.061186790466308594e+00,-9.011357307434082031e+00,-1.021710014343261719e+01,-5.397962570190429688e+00,-8.183772087097167969e+00,-2.064462423324584961e+00,-5.254971027374267578e+00,-5.493189334869384766e+00
-3.821248769760131836e+00,-9.221836090087890625e+00,-1.053969478607177734e+01,-4.859388351440429688e+00,-7.839496135711669922e+00,-2.983602285385131836e+00,-5.602587699890136719e+00,-5.033389091491699219e+00
-3.801573753356933594e+00,-8.901140213012695312e+00,-1.025074768066406250e+01,-4.684676170349121094e+00,-8.187589645385742188e+00,-4.466121673583984375e+00,-5.421844482421875000e+00,-5.242030620574951172e+00
-3.687340021133422852e+00,-8.817680358886718750e+00,-9.837278366088867188e+00,-4.895727157592773438e+00,-8.449201583862304688e+00,-4.024210453033447266e+00,-4.935026645660400391e+00,-5.181528091430664062e+00
-3.790801763534545898e+00,-9.026126861572265625e+00,-9.924993515014648438e+00,-5.161437034606933594e+00,-8.363848686218261719e+00,-2.641354560852050781e+00,-5.479221343994140625e+00,-5.348527431488037109e+00
-2.674538373947143555e+00,-8.008565902709960938e+00,-9.647925376892089844e+00,-4.320088386535644531e+00,-7.576803684234619141e+00,-3.316910505294799805e+00,-4.136037826538085938e+00,-4.834802627563476562e+00
-3.504860401153564453e+00,-8.200628280639648438e+00,-9.997138977050781250e+00,-4.525570392608642578e+00,-8.051857948303222656e+00,-4.301272869110107422e+00,-4.594359397888183594e+00,-4.899690151214599609e+00
-2.720212936401367188e+00,-7.560345649719238281e+00,-9.730310440063476562e+00,-4.061342239379882812e+00,-7.219988346099853516e+00,-4.098529815673828125e+00,-3.960408687591552734e+00,-4.386904716491699219e+00
-2.900404930114746094e+00,-7.610206604003906250e+00,-9.838450431823730469e+00,-3.689900398254394531e+00,-6.598782539367675781e+00,-4.331603050231933594e+00,-4.152593612670898438e+00,-4.321997165679931641e+00
-2.882534027099609375e+00,-7.750634193420410156e+00,-9.971746444702148438e+00,-3.086307287216186523e+00,-7.403448104858398438e+00,-3.882775068283081055e+00,-4.109598636627197266e+00,-4.503187179565429688e+00
-2.284351825714111328e+00,-7.606199264526367188e+00,-8.940648078918457031e+00,-4.061159133911132812e+00,-6.124421596527099609e+00,-3.207419157028198242e+00,-3.830181360244750977e+00,-4.226637363433837891e+00
-1.235186219215393066e+00,-6.870319843292236328e+00,-8.919759750366210938e+00,-2.600158452987670898e+00,-6.103467941284179688e+00,-3.181981563568115234e+00,-2.932349205017089844e+00,-3.382226467132568359e+00
-2.191069126129150391e+00,-7.068009376525878906e+00,-9.298930168151855469e+00,-3.322540044784545898e+00,-5.906907558441162109e+00,-3.289136886596679688e+00,-3.357763290405273438e+00,-4.026274204254150391e+00
-2.563055753707885742e+00,-8.123322486877441406e+00,-9.866779327392578125e+00,-3.407814025878906250e+00,-6.591691970825195312e+00,-3.334386825561523438e+00,-3.987714767456054688e+00,-4.581040859222412109e+00
-3.389654397964477539e+00,-8.977253913879394531e+00,-1.001192378997802734e+01,-4.825397968292236328e+00,-8.012914657592773438e+00,-1.639836192131042480e+00,-4.972299098968505859e+00,-5.230014324188232422e+00
-3.089993953704833984e+00,-8.667393684387207031e+00,-1.006124687194824219e+01,-4.265816211700439453e+00,-6.921682834625244141e+00,-1.951968312263488770e+00,-4.816762924194335938e+00,-4.964306831359863281e+00
-3.122712850570678711e+00,-8.883418083190917969e+00,-9.841993331909179688e+00,-4.473212242126464844e+00,-7.782405853271484375e+00,-3.617662906646728516e+00,-4.963255405426025391e+00,-5.204268932342529297e+00
-2.646968841552734375e+00,-7.221010208129882812e+00,-9.967041969299316406e+00,-2.501861333847045898e+00,-6.010346889495849609e+00,-2.541632890701293945e+00,-3.562805891036987305e+00,-3.580280303955078125e+00
-2.687483072280883789e+00,-7.327125072479248047e+00,-1.006147766113281250e+01,-2.457605361938476562e+00,-5.978028774261474609e+00,-2.267236948013305664e+00,-3.569612026214599609e+00,-3.684341907501220703e+00
-2.677666664123535156e+00,-7.306728363037109375e+00,-1.003647232055664062e+01,-2.449980258941650391e+00,-5.943372249603271484e+00,-2.251069545745849609e+00,-3.555722475051879883e+00,-3.696517944335937500e+00
-2.663773775100708008e+00,-7.292752742767333984e+00,-1.003713893890380859e+01,-2.444286823272705078e+00,-5.943224430084228516e+00,-2.247363328933715820e+00,-3.562513351440429688e+00,-3.681394577026367188e+00
-2.679803133010864258e+00,-7.334424972534179688e+00,-9.952758789062500000e+00,-2.443332672119140625e+00,-5.917656898498535156e+00,-2.257805109024047852e+00,-3.540079593658447266e+00,-3.696939945220947266e+00
-2.650066375732421875e+00,-7.310906410217285156e+00,-9.929183959960937500e+00,-2.451606750488281250e+00,-5.867841243743896484e+00,-2.263889551162719727e+00,-3.559049606323242188e+00,-3.743682622909545898e+00
-2.509073972702026367e+00,-7.100812911987304688e+00,-9.770857810974121094e+00,-2.436939954757690430e+00,-5.849414348602294922e+00,-2.360440969467163086e+00,-3.398807525634765625e+00,-3.884902000427246094e+00
-2.368085861206054688e+00,-6.888298034667968750e+00,-9.470930099487304688e+00,-2.455296754837036133e+00,-5.800306797027587891e+00,-2.475816249847412109e+00,-3.283578157424926758e+00,-3.845288515090942383e+00
-2.329698562622070312e+00,-6.933586120605468750e+00,-9.229581832885742188e+00,-2.516469240188598633e+00,-5.790878772735595703e+00,-2.551681518554687500e+00,-3.318309783935546875e+00,-3.871167182922363281e+00
-2.506275653839111328e+00,-7.264586448669433594e+00,-9.486016273498535156e+00,-2.552775859832763672e+00,-5.835466384887695312e+00,-2.469556570053100586e+00,-3.541638135910034180e+00,-3.870063781738281250e+00
-2.511431217193603516e+00,-7.178883075714111328e+00,-9.462235450744628906e+00,-2.509171485900878906e+00,-5.826900482177734375e+00,-2.513582468032836914e+00,-3.463072299957275391e+00,-3.903507232666015625e+00
-2.475843429565429688e+00,-7.088264465332031250e+00,-9.513599395751953125e+00,-2.471766948699951172e+00,-5.821992397308349609e+00,-2.538170814514160156e+00,-3.414669513702392578e+00,-3.949861049652099609e+00
-2.428411960601806641e+00,-7.011956691741943359e+00,-9.389232635498046875e+00,-2.469216108322143555e+00,-5.803117752075195312e+00,-2.560226917266845703e+00,-3.381196498870849609e+00,-3.919712543487548828e+00
-2.627429962158203125e+00,-7.383795738220214844e+00,-9.720252990722656250e+00,-2.553246498107910156e+00,-5.886211395263671875e+00,-2.444686889648437500e+00,-3.548310518264770508e+00,-3.872137069702148438e+00
-2.411364555358886719e+00,-6.982226371765136719e+00,-9.393036842346191406e+00,-2.478426456451416016e+00,-5.804197788238525391e+00,-2.557336807250976562e+00,-3.366100072860717773e+00,-3.917977333068847656e+00
-2.462673664093017578e+00,-7.076990127563476562e+00,-9.439300537109375000e+00,-2.485622167587280273e+00,-5.813679695129394531e+00,-2.527842283248901367e+00,-3.417248249053955078e+00,-3.930671691894531250e+00
-2.386191129684448242e+00,-6.891649246215820312e+00,-9.420087814331054688e+00,-2.471253395080566406e+00,-5.801708698272705078e+00,-2.531198740005493164e+00,-3.322520494461059570e+00,-3.893921375274658203e+00
-2.373631477355957031e+00,-6.886028289794921875e+00,-9.389106750488281250e+00,-2.455211400985717773e+00,-5.795021057128906250e+00,-2.471137285232543945e+00,-3.320065498352050781e+00,-3.869792938232421875e+00
-2.362312316894531250e+00,-6.876613616943359375e+00,-9.393397331237792969e+00,-2.460090637207031250e+00,-5.795176506042480469e+00,-2.478256225585937500e+00,-3.306601047515869141e+00,-3.846527576446533203e+00
-2.387089729309082031e+00,-6.881274223327636719e+00,-9.444266319274902344e+00,-2.468884229660034180e+00,-5.802753925323486328e+00,-2.515500068664550781e+00,-3.318559646606445312e+00,-3.884139060974121094e+00
-2.217582941055297852e+00,-6.810945510864257812e+00,-8.842421531677246094e+00,-2.462114334106445312e+00,-5.742461204528808594e+00,-2.498539447784423828e+00,-3.276376485824584961e+00,-3.780413150787353516e+00
-9.006183743476867676e-01,-6.615148544311523438e+00,-7.562885284423828125e+00,-2.102520465850830078e+00,-5.802941799163818359e+00,-3.162215471267700195e+00,-2.257157802581787109e+00,-3.190607547760009766e+00
-2.436549663543701172e+00,-6.958952903747558594e+00,-9.569865226745605469e+00,-2.485510349273681641e+00,-5.823906421661376953e+00,-2.588917493820190430e+00,-3.341726541519165039e+00,-3.937575817108154297e+00
-2.451378822326660156e+00,-6.985277175903320312e+00,-9.580183029174804688e+00,-2.471107721328735352e+00,-5.827007293701171875e+00,-2.586479902267456055e+00,-3.349925279617309570e+00,-3.949489116668701172e+00
-2.428477764129638672e+00,-6.944890975952148438e+00,-9.551198959350585938e+00,-2.487489938735961914e+00,-5.821187496185302734e+00,-2.598917007446289062e+00,-3.333534717559814453e+00,-3.928405761718750000e+00
-2.384512424468994141e+00,-6.862512588500976562e+00,-9.461364746093750000e+00,-2.487754583358764648e+00,-5.803473949432373047e+00,-2.624276876449584961e+00,-3.277874469757080078e+00,-3.880005359649658203e+00
-2.386487483978271484e+00,-6.865267753601074219e+00,-9.463500022888183594e+00,-2.487548351287841797e+00,-5.803713321685791016e+00,-2.630035877227783203e+00,-3.279499053955078125e+00,-3.879825592041015625e+00
-2.386768817901611328e+00,-6.876562118530273438e+00,-9.420300483703613281e+00,-2.501020908355712891e+00,-5.801653861999511719e+00,-2.653396606445312500e+00,-3.289426803588867188e+00,-3.900019168853759766e+00
-2.413341522216796875e+00,-6.897614002227783203e+00,-9.533288955688476562e+00,-2.494662523269653320e+00,-5.815273284912109375e+00,-2.624686717987060547e+00,-3.304720640182495117e+00,-3.899803161621093750e+00
-2.412893772125244141e+00,-6.894950389862060547e+00,-9.521730422973632812e+00,-2.498710393905639648e+00,-5.814040660858154297e+00,-2.635698795318603516e+00,-3.303850650787353516e+00,-3.906344413757324219e+00
-2.400178432464599609e+00,-6.880531311035156250e+00,-9.452196121215820312e+00,-2.493776559829711914e+00,-5.805319786071777344e+00,-2.634381055831909180e+00,-3.302716016769409180e+00,-3.914108276367187500e+00
-2.391694068908691406e+00,-6.849215030670166016e+00,-9.397533416748046875e+00,-2.493566989898681641e+00,-5.794902801513671875e+00,-2.640456199645996094e+00,-3.282974720001220703e+00,-3.899365901947021484e+00
-2.367458343505859375e+00,-6.827436923980712891e+00,-9.382785797119140625e+00,-2.482102632522583008e+00,-5.790767192840576172e+00,-2.633503437042236328e+00,-3.257597208023071289e+00,-3.869988918304443359e+00
-2.372434139251708984e+00,-6.818487644195556641e+00,-9.355830192565917969e+00,-2.483260393142700195e+00,-5.786949634552001953e+00,-2.637885332107543945e+00,-3.257972240447998047e+00,-3.880642414093017578e+00
-2.371319293975830078e+00,-6.856407165527343750e+00,-9.401597976684570312e+00,-2.484433412551879883e+00,-5.793164730072021484e+00,-2.631581068038940430e+00,-3.292797565460205078e+00,-3.883152961730957031e+00
-4.009158134460449219e+00,-7.540709018707275391e+00,-1.127763175964355469e+01,-4.456647872924804688e+00,-7.232409000396728516e+00,-4.684370040893554688e+00,-4.366938591003417969e+00,-4.131760120391845703e+00
-3.490192174911499023e+00,-7.226544380187988281e+00,-1.066944694519042969e+01,-3.575093984603881836e+00,-6.129825115203857422e+00,-4.095093727111816406e+00,-3.999711751937866211e+00,-4.449352741241455078e+00
-2.786030292510986328e+00,-7.146054744720458984e+00,-9.824405670166015625e+00,-2.626928567886352539e+00,-6.014825820922851562e+00,-3.233232975006103516e+00,-3.617617368698120117e+00,-4.204681396484375000e+00
-2.642841100692749023e+00,-7.075564384460449219e+00,-9.681230545043945312e+00,-2.343787670135498047e+00,-5.857662200927734375e+00,-2.240473031997680664e+00,-3.493911504745483398e+00,-4.072700977325439453e+00
-3.608335018157958984e+00,-7.161046028137207031e+00,-1.086883544921875000e+01,-4.204304695129394531e+00,-6.091063499450683594e+00,-3.963001728057861328e+00,-4.089595794677734375e+00,-4.438597679138183594e+00
-3.779711723327636719e+00,-7.303356647491455078e+00,-1.120646667480468750e+01,-4.406792640686035156e+00,-6.399999141693115234e+00,-4.659008026123046875e+00,-4.433335304260253906e+00,-4.363115787506103516e+00
-2.631247758865356445e+00,-7.190210342407226562e+00,-9.737882614135742188e+00,-2.390541076660156250e+00,-5.934864521026611328e+00,-2.498037338256835938e+00,-3.496206998825073242e+00,-4.008526325225830078e+00
-4.077702045440673828e+00,-7.766718864440917969e+00,-1.137223529815673828e+01,-4.567970752716064453e+00,-7.542258262634277344e+00,-4.481020927429199219e+00,-4.501844882965087891e+00,-3.988589763641357422e+00
-2.617179155349731445e+00,-7.199029922485351562e+00,-9.764337539672851562e+00,-2.413792133331298828e+00,-5.903475761413574219e+00,-2.572093486785888672e+00,-3.452807188034057617e+00,-4.036965847015380859e+00
-3.710958003997802734e+00,-7.260071277618408203e+00,-1.106751441955566406e+01,-4.383704662322998047e+00,-6.163049697875976562e+00,-4.097459793090820312e+00,-4.338264465332031250e+00,-4.470126628875732422e+00
-2.637238025665283203e+00,-7.216105937957763672e+00,-9.722427368164062500e+00,-2.563898086547851562e+00,-5.976356983184814453e+00,-2.833994626998901367e+00,-3.697075843811035156e+00,-4.102943420410156250e+00
-2.664086818695068359e+00,-7.164544105529785156e+00,-9.766383171081542969e+00,-2.569370985031127930e+00,-5.960434436798095703e+00,-2.969634771347045898e+00,-3.556679725646972656e+00,-4.121261119842529297e+00
-2.647559165954589844e+00,-7.201580047607421875e+00,-9.694386482238769531e+00,-2.583972215652465820e+00,-6.012233734130859375e+00,-2.883477210998535156e+00,-3.827009916305541992e+00,-4.142158031463623047e+00
-3.087047100067138672e+00,-7.245253086090087891e+00,-9.845643997192382812e+00,-2.724527835845947266e+00,-5.985600948333740234e+00,-2.304484128952026367e+00,-3.745272874832153320e+00,-3.654678583145141602e+00
-3.554405927658081055e+00,-7.780840396881103516e+00,-1.063824844360351562e+01,-3.018729925155639648e+00,-6.491506576538085938e+00,-3.942310810089111328e+00,-4.464622020721435547e+00,-3.862800598144531250e+00
-2.740436315536499023e+00,-7.189750194549560547e+00,-9.658785820007324219e+00,-2.605394124984741211e+00,-5.867565155029296875e+00,-2.109538555145263672e+00,-3.515761852264404297e+00,-3.554667949676513672e+00
-2.691632270812988281e+00,-7.037582874298095703e+00,-9.768627166748046875e+00,-2.497259616851806641e+00,-5.841520786285400391e+00,-2.471802711486816406e+00,-3.357832193374633789e+00,-3.838608264923095703e+00
-2.698949813842773438e+00,-7.026502609252929688e+00,-9.735301971435546875e+00,-2.482412815093994141e+00,-5.834318637847900391e+00,-2.331039190292358398e+00,-3.341931581497192383e+00,-3.822805404663085938e+00
-2.843364238739013672e+00,-7.154219627380371094e+00,-9.668272972106933594e+00,-2.577733993530273438e+00,-5.829888343811035156e+00,-2.205688714981079102e+00,-3.546741247177124023e+00,-3.614283323287963867e+00
-2.444714069366455078e+00,-6.994520187377929688e+00,-9.611097335815429688e+00,-2.487151145935058594e+00,-5.829215526580810547e+00,-2.591582059860229492e+00,-3.329144716262817383e+00,-3.908025264739990234e+00
-2.466387510299682617e+00,-7.060616016387939453e+00,-9.613546371459960938e+00,-2.502593755722045898e+00,-5.835949420928955078e+00,-2.569759130477905273e+00,-3.377076864242553711e+00,-3.898531913757324219e+00
-2.404261112213134766e+00,-6.914256095886230469e+00,-9.398541450500488281e+00,-2.449472904205322266e+00,-5.799335002899169922e+00,-2.552808046340942383e+00,-3.330502271652221680e+00,-3.924118518829345703e+00
-2.386661052703857422e+00,-6.904263019561767578e+00,-9.359799385070800781e+00,-2.448851823806762695e+00,-5.794375896453857422e+00,-2.548225402832031250e+00,-3.322769403457641602e+00,-3.912591934204101562e+00
-2.362390041351318359e+00,-6.859848022460937500e+00,-9.418864250183105469e+00,-2.455572605133056641e+00,-5.797027111053466797e+00,-2.526251316070556641e+00,-3.273802518844604492e+00,-3.852650165557861328e+00
-2.405307292938232422e+00,-6.930641174316406250e+00,-9.388612747192382812e+00,-2.445389747619628906e+00,-5.799043655395507812e+00,-2.531094074249267578e+00,-3.341551065444946289e+00,-3.914731025695800781e+00
-2.366563796997070312e+00,-6.842026233673095703e+00,-9.370629310607910156e+00,-2.447881221771240234e+00,-5.788765907287597656e+00,-2.563086271286010742e+00,-3.251307487487792969e+00,-3.883122444152832031e+00
-4.028833389282226562e+00,-7.732719421386718750e+00,-1.124821090698242188e+01,-4.601385593414306641e+00,-7.375814437866210938e+00,-4.688303947448730469e+00,-4.275111198425292969e+00,-4.102547645568847656e+00
-3.958685398101806641e+00,-7.673955440521240234e+00,-1.113712882995605469e+01,-4.513541221618652344e+00,-7.376101016998291016e+00,-4.455438137054443359e+00,-4.249153137207031250e+00,-4.119438171386718750e+00
-3.203905582427978516e+00,-7.098448276519775391e+00,-1.033111286163330078e+01,-3.014622926712036133e+00,-6.105170249938964844e+00,-3.472188949584960938e+00,-3.728950262069702148e+00,-4.376311302185058594e+00
-4.025744438171386719e+00,-7.680971622467041016e+00,-1.109854221343994141e+01,-4.595623016357421875e+00,-7.400444030761718750e+00,-4.674515724182128906e+00,-4.137300491333007812e+00,-4.129999637603759766e+00
-2.728705167770385742e+00,-7.006492614746093750e+00,-9.088693618774414062e+00,-3.394610881805419922e+00,-6.717254638671875000e+00,-4.052897453308105469e+00,-3.640223264694213867e+00,-4.119139671325683594e+00
-2.842443466186523438e+00,-6.876525402069091797e+00,-9.515514373779296875e+00,-2.646199464797973633e+00,-5.782238483428955078e+00,-2.256294965744018555e+00,-3.528184175491333008e+00,-4.160049438476562500e+00
-2.732126235961914062e+00,-7.082773208618164062e+00,-9.717943191528320312e+00,-2.712179183959960938e+00,-5.857264041900634766e+00,-2.729191541671752930e+00,-3.552856922149658203e+00,-4.192922115325927734e+00
-2.875615835189819336e+00,-6.861324310302734375e+00,-9.344658851623535156e+00,-2.824216127395629883e+00,-5.760404109954833984e+00,-2.166160821914672852e+00,-3.518155813217163086e+00,-3.982780933380126953e+00
-2.859519481658935547e+00,-7.278293132781982422e+00,-9.886461257934570312e+00,-2.869379997253417969e+00,-6.062961578369140625e+00,-3.182731389999389648e+00,-3.714341402053833008e+00,-4.074723243713378906e+00
-2.730726242065429688e+00,-7.086541175842285156e+00,-9.104864120483398438e+00,-3.434667348861694336e+00,-6.645077705383300781e+00,-4.028816223144531250e+00,-3.682910919189453125e+00,-4.129526138305664062e+00
-3.394482374191284180e+00,-7.251273632049560547e+00,-1.024611091613769531e+01,-3.524462461471557617e+00,-6.278563022613525391e+00,-3.925831317901611328e+00,-3.867837190628051758e+00,-4.437660217285156250e+00
-2.685042381286621094e+00,-7.042805194854736328e+00,-9.627334594726562500e+00,-2.734241485595703125e+00,-5.839543819427490234e+00,-2.903887510299682617e+00,-3.423344850540161133e+00,-4.121590137481689453e+00
-2.631276130676269531e+00,-6.754562854766845703e+00,-8.975718498229980469e+00,-3.075176000595092773e+00,-6.137340068817138672e+00,-3.485819339752197266e+00,-3.583396434783935547e+00,-4.196291446685791016e+00
