9.256323814392089844e+00,9.323210716247558594e+00,9.094089508056640625e+00,6.139272689819335938e+00,9.208057403564453125e+00,1.003420829772949219e+01,8.204580307006835938e+00,1.264045810699462891e+01,9.869584083557128906e+00,1.054008674621582031e+01,1.235293674468994141e+01
9.259316444396972656e+00,9.308321952819824219e+00,9.079578399658203125e+00,6.162271499633789062e+00,9.204417228698730469e+00,9.994785308837890625e+00,8.220367431640625000e+00,1.259420299530029297e+01,9.848580360412597656e+00,1.051172065734863281e+01,1.234826087951660156e+01
9.240155220031738281e+00,9.282142639160156250e+00,9.063251495361328125e+00,6.094618797302246094e+00,9.298466682434082031e+00,1.000026893615722656e+01,8.261910438537597656e+00,1.260932636260986328e+01,9.861441612243652344e+00,1.054614639282226562e+01,1.236074256896972656e+01
9.231188774108886719e+00,9.244302749633789062e+00,9.067131996154785156e+00,6.069762229919433594e+00,9.247043609619140625e+00,9.965129852294921875e+00,8.295975685119628906e+00,1.255824851989746094e+01,9.871893882751464844e+00,1.053265476226806641e+01,1.234754562377929688e+01
9.251182556152343750e+00,9.225624084472656250e+00,9.071524620056152344e+00,6.074279785156250000e+00,9.160955429077148438e+00,9.943138122558593750e+00,8.257471084594726562e+00,1.255944347381591797e+01,9.860791206359863281e+00,1.052397918701171875e+01,1.233191871643066406e+01
9.269898414611816406e+00,9.229966163635253906e+00,9.026905059814453125e+00,6.100712299346923828e+00,9.134121894836425781e+00,9.907783508300781250e+00,8.233056068420410156e+00,1.258425235748291016e+01,9.817471504211425781e+00,1.051671123504638672e+01,1.232801342010498047e+01
9.265928268432617188e+00,9.203013420104980469e+00,9.048779487609863281e+00,6.063163757324218750e+00,9.044683456420898438e+00,9.901664733886718750e+00,8.172016143798828125e+00,1.258344364166259766e+01,9.839848518371582031e+00,1.051510334014892578e+01,1.230043029785156250e+01
9.254993438720703125e+00,9.217734336853027344e+00,9.083175659179687500e+00,6.066237926483154297e+00,9.101749420166015625e+00,9.952169418334960938e+00,8.266474723815917969e+00,1.253004169464111328e+01,9.863169670104980469e+00,1.050965690612792969e+01,1.231620597839355469e+01
9.270255088806152344e+00,9.219841957092285156e+00,9.093931198120117188e+00,6.063879489898681641e+00,9.088095664978027344e+00,9.948898315429687500e+00,8.215209007263183594e+00,1.259286975860595703e+01,9.873754501342773438e+00,1.053126716613769531e+01,1.231784057617187500e+01
9.266795158386230469e+00,9.152538299560546875e+00,9.021198272705078125e+00,6.056847572326660156e+00,9.020414352416992188e+00,9.805547714233398438e+00,8.218629837036132812e+00,1.255445003509521484e+01,9.820599555969238281e+00,1.050560951232910156e+01,1.229780006408691406e+01
9.308392524719238281e+00,8.928072929382324219e+00,8.980842590332031250e+00,5.883040904998779297e+00,8.604041099548339844e+00,9.663778305053710938e+00,8.230013847351074219e+00,1.246283054351806641e+01,9.738771438598632812e+00,1.043844795227050781e+01,1.213636207580566406e+01
9.298590660095214844e+00,8.888163566589355469e+00,8.950364112854003906e+00,5.854239463806152344e+00,8.602467536926269531e+00,9.619166374206542969e+00,8.257919311523437500e+00,1.242920589447021484e+01,9.712941169738769531e+00,1.042427921295166016e+01,1.211897277832031250e+01
9.316555023193359375e+00,8.935728073120117188e+00,8.995033264160156250e+00,5.872102260589599609e+00,8.530379295349121094e+00,9.681309700012207031e+00,8.160480499267578125e+00,1.248957920074462891e+01,9.748270988464355469e+00,1.043261909484863281e+01,1.211144733428955078e+01
9.335988044738769531e+00,8.954556465148925781e+00,8.969199180603027344e+00,5.903314590454101562e+00,8.530850410461425781e+00,9.672571182250976562e+00,8.210537910461425781e+00,1.249669170379638672e+01,9.727482795715332031e+00,1.044823455810546875e+01,1.213810920715332031e+01
9.304120063781738281e+00,8.840694427490234375e+00,8.922870635986328125e+00,5.858098983764648438e+00,8.491714477539062500e+00,9.528722763061523438e+00,8.191046714782714844e+00,1.240360546112060547e+01,9.685349464416503906e+00,1.038376903533935547e+01,1.207800865173339844e+01
9.300923347473144531e+00,8.849242210388183594e+00,8.951531410217285156e+00,5.858305931091308594e+00,8.479084014892578125e+00,9.585859298706054688e+00,8.176046371459960938e+00,1.235528278350830078e+01,9.683587074279785156e+00,1.035126113891601562e+01,1.205402755737304688e+01
9.293281555175781250e+00,8.759069442749023438e+00,8.869828224182128906e+00,5.825375080108642578e+00,8.379361152648925781e+00,9.379961013793945312e+00,8.249835968017578125e+00,1.234527587890625000e+01,9.651717185974121094e+00,1.035993671417236328e+01,1.204522323608398438e+01
9.251931190490722656e+00,8.748536109924316406e+00,8.892825126647949219e+00,5.756150245666503906e+00,8.623543739318847656e+00,9.421271324157714844e+00,8.353902816772460938e+00,1.231640148162841797e+01,9.707181930541992188e+00,1.039462471008300781e+01,1.208918285369873047e+01
9.308688163757324219e+00,8.791074752807617188e+00,8.891835212707519531e+00,5.831282615661621094e+00,8.446738243103027344e+00,9.441423416137695312e+00,8.217191696166992188e+00,1.240686130523681641e+01,9.674451828002929688e+00,1.039469051361083984e+01,1.207319450378417969e+01
9.321667671203613281e+00,8.800793647766113281e+00,8.951487541198730469e+00,5.867421150207519531e+00,8.360240936279296875e+00,9.489609718322753906e+00,8.153130531311035156e+00,1.236359786987304688e+01,9.694373130798339844e+00,1.034477043151855469e+01,1.204072284698486328e+01
9.399377822875976562e+00,9.292670249938964844e+00,9.184417724609375000e+00,6.149968147277832031e+00,8.538999557495117188e+00,1.015864753723144531e+01,8.147532463073730469e+00,1.259492588043212891e+01,9.799380302429199219e+00,1.042838287353515625e+01,1.217229652404785156e+01
9.392305374145507812e+00,9.282834053039550781e+00,9.167778968811035156e+00,6.114122390747070312e+00,8.583176612854003906e+00,1.009785652160644531e+01,8.208947181701660156e+00,1.264230632781982422e+01,9.841757774353027344e+00,1.048999786376953125e+01,1.221832466125488281e+01
9.412995338439941406e+00,9.367231369018554688e+00,9.196540832519531250e+00,6.189591884613037109e+00,8.647322654724121094e+00,1.015180969238281250e+01,8.208626747131347656e+00,1.269008922576904297e+01,9.873465538024902344e+00,1.050922489166259766e+01,1.226243972778320312e+01
9.362829208374023438e+00,9.199509620666503906e+00,9.103495597839355469e+00,6.068162441253662109e+00,8.647910118103027344e+00,9.973176956176757812e+00,8.244117736816406250e+00,1.257421875000000000e+01,9.814568519592285156e+00,1.047601795196533203e+01,1.221711158752441406e+01
9.379357337951660156e+00,9.230299949645996094e+00,9.138109207153320312e+00,6.100727558135986328e+00,8.577974319458007812e+00,1.002211666107177734e+01,8.200669288635253906e+00,1.257438182830810547e+01,9.817471504211425781e+00,1.045483112335205078e+01,1.219825172424316406e+01
9.347037315368652344e+00,9.181669235229492188e+00,9.106016159057617188e+00,6.027606964111328125e+00,8.701695442199707031e+00,9.984138488769531250e+00,8.218525886535644531e+00,1.258128643035888672e+01,9.819260597229003906e+00,1.047537612915039062e+01,1.220425796508789062e+01
9.397849082946777344e+00,9.264256477355957031e+00,9.159649848937988281e+00,6.131947994232177734e+00,8.552782058715820312e+00,1.007431125640869141e+01,8.197830200195312500e+00,1.257985210418701172e+01,9.822431564331054688e+00,1.044406890869140625e+01,1.219444656372070312e+01
9.404610633850097656e+00,9.280838966369628906e+00,9.174107551574707031e+00,6.129734039306640625e+00,8.519542694091796875e+00,1.007494735717773438e+01,8.146262168884277344e+00,1.264800071716308594e+01,9.840748786926269531e+00,1.045802307128906250e+01,1.218591499328613281e+01
9.398270606994628906e+00,9.291005134582519531e+00,9.175872802734375000e+00,6.142861366271972656e+00,8.626454353332519531e+00,1.009895801544189453e+01,8.163586616516113281e+00,1.263155651092529297e+01,9.840472221374511719e+00,1.045532035827636719e+01,1.220480728149414062e+01
9.352894783020019531e+00,9.187134742736816406e+00,9.119146347045898438e+00,6.032467365264892578e+00,8.720207214355468750e+00,1.003338909149169922e+01,8.284214019775390625e+00,1.252649021148681641e+01,9.818581581115722656e+00,1.045657539367675781e+01,1.220516967773437500e+01
9.316982269287109375e+00,9.476947784423828125e+00,9.144338607788085938e+00,6.250007629394531250e+00,9.019861221313476562e+00,1.025883865356445312e+01,8.270055770874023438e+00,1.272390079498291016e+01,9.841548919677734375e+00,1.056732940673828125e+01,1.236391258239746094e+01
9.323710441589355469e+00,9.437115669250488281e+00,9.117205619812011719e+00,6.233996868133544922e+00,8.929783821105957031e+00,1.019637584686279297e+01,8.258948326110839844e+00,1.270679759979248047e+01,9.816880226135253906e+00,1.055622291564941406e+01,1.234151458740234375e+01
9.351220130920410156e+00,9.473271369934082031e+00,9.149535179138183594e+00,6.271822929382324219e+00,8.853625297546386719e+00,1.023872947692871094e+01,8.235843658447265625e+00,1.272229576110839844e+01,9.830965995788574219e+00,1.055165195465087891e+01,1.233974647521972656e+01
9.323036193847656250e+00,9.367998123168945312e+00,9.092692375183105469e+00,6.182196617126464844e+00,8.805771827697753906e+00,1.013296318054199219e+01,8.263692855834960938e+00,1.265694713592529297e+01,9.787865638732910156e+00,1.053420162200927734e+01,1.229701232910156250e+01
9.305371284484863281e+00,9.412814140319824219e+00,9.117016792297363281e+00,6.203483104705810547e+00,9.005610466003417969e+00,1.019790363311767578e+01,8.283796310424804688e+00,1.266797161102294922e+01,9.823241233825683594e+00,1.054165840148925781e+01,1.233512115478515625e+01
9.328520774841308594e+00,9.442305564880371094e+00,9.154966354370117188e+00,6.202207565307617188e+00,8.946820259094238281e+00,1.025300788879394531e+01,8.291553497314453125e+00,1.270218372344970703e+01,9.850732803344726562e+00,1.056799793243408203e+01,1.234456443786621094e+01
9.348417282104492188e+00,9.268477439880371094e+00,9.113929748535156250e+00,6.099985599517822266e+00,8.543700218200683594e+00,1.009240436553955078e+01,8.291967391967773438e+00,1.258794116973876953e+01,9.770740509033203125e+00,1.049879837036132812e+01,1.221707344055175781e+01
9.319504737854003906e+00,9.269915580749511719e+00,9.102352142333984375e+00,6.059333801269531250e+00,8.699906349182128906e+00,1.007958507537841797e+01,8.334212303161621094e+00,1.262492275238037109e+01,9.806155204772949219e+00,1.054831790924072266e+01,1.226038169860839844e+01
9.340517044067382812e+00,9.296038627624511719e+00,9.081659317016601562e+00,6.108654022216796875e+00,8.725103378295898438e+00,1.007528114318847656e+01,8.331647872924804688e+00,1.264584255218505859e+01,9.789574623107910156e+00,1.055339622497558594e+01,1.228321743011474609e+01
9.315533638000488281e+00,9.269309043884277344e+00,9.083421707153320312e+00,6.068276405334472656e+00,8.779564857482910156e+00,1.007439804077148438e+01,8.339839935302734375e+00,1.261523723602294922e+01,9.794544219970703125e+00,1.054377174377441406e+01,1.227297019958496094e+01
9.267418861389160156e+00,8.756681442260742188e+00,8.870021820068359375e+00,5.833824157714843750e+00,8.382031440734863281e+00,9.464185714721679688e+00,8.013511657714843750e+00,1.232367038726806641e+01,9.574397087097167969e+00,1.026440048217773438e+01,1.194508552551269531e+01
9.262437820434570312e+00,8.772953987121582031e+00,8.872201919555664062e+00,5.778708934783935547e+00,8.476108551025390625e+00,9.483647346496582031e+00,8.079429626464843750e+00,1.238155269622802734e+01,9.632010459899902344e+00,1.034856986999511719e+01,1.200705909729003906e+01
9.256597518920898438e+00,8.865259170532226562e+00,8.871482849121093750e+00,5.792242050170898438e+00,8.737521171569824219e+00,9.495948791503906250e+00,8.213726043701171875e+00,1.253459072113037109e+01,9.726913452148437500e+00,1.050475215911865234e+01,1.216688728332519531e+01
9.253027915954589844e+00,8.827185630798339844e+00,8.879243850708007812e+00,5.820208072662353516e+00,8.725987434387207031e+00,9.472263336181640625e+00,8.270779609680175781e+00,1.244076919555664062e+01,9.698611259460449219e+00,1.043880462646484375e+01,1.213464832305908203e+01
9.265758514404296875e+00,8.870768547058105469e+00,8.889108657836914062e+00,5.823814868927001953e+00,8.724776268005371094e+00,9.525888442993164062e+00,8.198533058166503906e+00,1.249211406707763672e+01,9.715205192565917969e+00,1.046552848815917969e+01,1.214932632446289062e+01
9.251551628112792969e+00,8.783350944519042969e+00,8.864170074462890625e+00,5.768071174621582031e+00,8.625927925109863281e+00,9.486861228942871094e+00,8.136198043823242188e+00,1.239147090911865234e+01,9.661401748657226562e+00,1.038826179504394531e+01,1.206014728546142578e+01
9.257064819335937500e+00,8.791749000549316406e+00,8.849143981933593750e+00,5.777274608612060547e+00,8.655714988708496094e+00,9.437832832336425781e+00,8.196290969848632812e+00,1.244504070281982422e+01,9.672771453857421875e+00,1.042983055114746094e+01,1.209758758544921875e+01
9.257443428039550781e+00,8.854443550109863281e+00,8.843220710754394531e+00,5.778120994567871094e+00,8.752260208129882812e+00,9.459032058715820312e+00,8.266948699951171875e+00,1.253882694244384766e+01,9.715423583984375000e+00,1.051405239105224609e+01,1.217169570922851562e+01
9.277050018310546875e+00,8.815999031066894531e+00,8.867992401123046875e+00,5.788453102111816406e+00,8.595613479614257812e+00,9.487105369567871094e+00,8.160202026367187500e+00,1.245932674407958984e+01,9.675784111022949219e+00,1.043305778503417969e+01,1.209371566772460938e+01
9.262510299682617188e+00,8.779994010925292969e+00,8.860700607299804688e+00,5.748509407043457031e+00,8.628504753112792969e+00,9.510284423828125000e+00,8.146933555603027344e+00,1.239596843719482422e+01,9.656577110290527344e+00,1.040043830871582031e+01,1.206000900268554688e+01
9.236922264099121094e+00,9.035592079162597656e+00,9.001807212829589844e+00,5.872740745544433594e+00,9.029549598693847656e+00,9.779959678649902344e+00,8.385793685913085938e+00,1.250899410247802734e+01,9.837623596191406250e+00,1.056108856201171875e+01,1.228790473937988281e+01
9.272647857666015625e+00,9.041231155395507812e+00,9.048805236816406250e+00,5.893033981323242188e+00,8.831421852111816406e+00,9.825461387634277344e+00,8.271851539611816406e+00,1.250638484954833984e+01,9.836070060729980469e+00,1.052892684936523438e+01,1.224046611785888672e+01
9.274561882019042969e+00,8.973517417907714844e+00,9.015625000000000000e+00,5.872872829437255859e+00,8.702975273132324219e+00,9.730014801025390625e+00,8.214852333068847656e+00,1.245760726928710938e+01,9.793210029602050781e+00,1.048037719726562500e+01,1.218322658538818359e+01
9.272812843322753906e+00,9.012918472290039062e+00,9.020021438598632812e+00,5.900940418243408203e+00,8.869467735290527344e+00,9.703618049621582031e+00,8.448970794677734375e+00,1.249854564666748047e+01,9.850886344909667969e+00,1.055947875976562500e+01,1.228815650939941406e+01
9.286158561706542969e+00,9.085463523864746094e+00,9.063879013061523438e+00,5.942397594451904297e+00,8.867163658142089844e+00,9.796232223510742188e+00,8.275205612182617188e+00,1.255872440338134766e+01,9.873987197875976562e+00,1.055858707427978516e+01,1.228595924377441406e+01
9.298997879028320312e+00,9.020456314086914062e+00,9.026552200317382812e+00,5.903944969177246094e+00,8.694556236267089844e+00,9.724407196044921875e+00,8.296895980834960938e+00,1.252141666412353516e+01,9.824641227722167969e+00,1.053487777709960938e+01,1.223674583435058594e+01
9.293063163757324219e+00,8.998542785644531250e+00,9.046604156494140625e+00,5.904442787170410156e+00,8.660838127136230469e+00,9.727499008178710938e+00,8.254812240600585938e+00,1.247704410552978516e+01,9.826861381530761719e+00,1.049563598632812500e+01,1.220610809326171875e+01
9.309052467346191406e+00,9.110159873962402344e+00,9.068563461303710938e+00,6.003416538238525391e+00,8.815176963806152344e+00,9.775603294372558594e+00,8.268543243408203125e+00,1.257115650177001953e+01,9.866778373718261719e+00,1.054354572296142578e+01,1.228917121887207031e+01
9.284668922424316406e+00,8.988587379455566406e+00,9.000258445739746094e+00,5.854403972625732422e+00,8.735880851745605469e+00,9.671700477600097656e+00,8.345808982849121094e+00,1.253525638580322266e+01,9.838061332702636719e+00,1.056696510314941406e+01,1.225346755981445312e+01
9.302015304565429688e+00,9.014958381652832031e+00,9.045282363891601562e+00,5.887404441833496094e+00,8.647698402404785156e+00,9.746831893920898438e+00,8.221843719482421875e+00,1.251900863647460938e+01,9.836491584777832031e+00,1.052682876586914062e+01,1.221590423583984375e+01
9.228102684020996094e+00,8.788073539733886719e+00,8.831924438476562500e+00,5.837737560272216797e+00,8.608411788940429688e+00,9.441488265991210938e+00,8.361120223999023438e+00,1.231951427459716797e+01,9.576450347900390625e+00,1.032850646972656250e+01,1.203424835205078125e+01
9.249255180358886719e+00,8.733302116394042969e+00,8.817886352539062500e+00,5.821460723876953125e+00,8.350530624389648438e+00,9.328376770019531250e+00,8.328294754028320312e+00,1.231532573699951172e+01,9.560070991516113281e+00,1.030411911010742188e+01,1.197404670715332031e+01
9.257349014282226562e+00,8.767510414123535156e+00,8.826801300048828125e+00,5.809875011444091797e+00,8.390703201293945312e+00,9.337472915649414062e+00,8.405452728271484375e+00,1.236524105072021484e+01,9.606806755065917969e+00,1.037328720092773438e+01,1.203152275085449219e+01
9.197987556457519531e+00,8.471190452575683594e+00,8.633729934692382812e+00,5.737789630889892578e+00,8.257015228271484375e+00,8.879878997802734375e+00,8.301491737365722656e+00,1.218568038940429688e+01,9.440931320190429688e+00,1.020107460021972656e+01,1.186756324768066406e+01
9.197266578674316406e+00,8.542356491088867188e+00,8.686059951782226562e+00,5.773786544799804688e+00,8.405185699462890625e+00,8.977219581604003906e+00,8.346842765808105469e+00,1.221178150177001953e+01,9.515349388122558594e+00,1.026042747497558594e+01,1.195786380767822266e+01
9.253046989440917969e+00,8.687490463256835938e+00,8.820706367492675781e+00,5.806258201599121094e+00,8.315456390380859375e+00,9.251269340515136719e+00,8.309496879577636719e+00,1.228645610809326172e+01,9.586252212524414062e+00,1.031096458435058594e+01,1.198528289794921875e+01
9.236607551574707031e+00,8.669110298156738281e+00,8.811260223388671875e+00,5.775712966918945312e+00,8.395828247070312500e+00,9.266565322875976562e+00,8.323122978210449219e+00,1.225647258758544922e+01,9.574970245361328125e+00,1.029537200927734375e+01,1.197432994842529297e+01
9.242651939392089844e+00,8.565678596496582031e+00,8.743309974670410156e+00,5.756032943725585938e+00,8.198724746704101562e+00,9.057138442993164062e+00,8.269533157348632812e+00,1.223726940155029297e+01,9.529681205749511719e+00,1.026212882995605469e+01,1.191973686218261719e+01
9.258530616760253906e+00,8.640225410461425781e+00,8.788810729980468750e+00,5.818442344665527344e+00,8.223141670227050781e+00,9.178948402404785156e+00,8.214967727661132812e+00,1.224224472045898438e+01,9.541333198547363281e+00,1.025435638427734375e+01,1.193662643432617188e+01
9.268769264221191406e+00,8.620900154113769531e+00,8.729614257812500000e+00,5.800565719604492188e+00,8.108803749084472656e+00,9.072594642639160156e+00,8.249774932861328125e+00,1.227562046051025391e+01,9.517922401428222656e+00,1.027487564086914062e+01,1.192906379699707031e+01
9.296863555908203125e+00,8.994484901428222656e+00,8.965829849243164062e+00,5.887759208679199219e+00,8.556069374084472656e+00,9.732306480407714844e+00,8.349010467529296875e+00,1.252461338043212891e+01,9.715146064758300781e+00,1.049817371368408203e+01,1.216707992553710938e+01
9.299689292907714844e+00,9.010908126831054688e+00,8.962345123291015625e+00,5.889601707458496094e+00,8.565676689147949219e+00,9.750925064086914062e+00,8.408429145812988281e+00,1.251504611968994141e+01,9.715739250183105469e+00,1.050305557250976562e+01,1.217387580871582031e+01
9.281643867492675781e+00,8.890048027038574219e+00,8.874191284179687500e+00,5.797338485717773438e+00,8.494126319885253906e+00,9.512107849121093750e+00,8.407971382141113281e+00,1.253495788574218750e+01,9.698658943176269531e+00,1.052993392944335938e+01,1.215886497497558594e+01
9.280161857604980469e+00,8.858731269836425781e+00,8.900398254394531250e+00,5.785765647888183594e+00,8.484129905700683594e+00,9.516700744628906250e+00,8.382272720336914062e+00,1.250027751922607422e+01,9.705681800842285156e+00,1.050450134277343750e+01,1.213640022277832031e+01
9.295016288757324219e+00,9.063443183898925781e+00,8.988787651062011719e+00,5.924022674560546875e+00,8.656418800354003906e+00,9.821075439453125000e+00,8.380278587341308594e+00,1.251886463165283203e+01,9.741329193115234375e+00,1.049906539916992188e+01,1.219297027587890625e+01
9.266781806945800781e+00,8.873436927795410156e+00,8.879238128662109375e+00,5.727882385253906250e+00,8.561120986938476562e+00,9.541445732116699219e+00,8.533003807067871094e+00,1.251650524139404297e+01,9.718278884887695312e+00,1.055086708068847656e+01,1.216102218627929688e+01
9.286321640014648438e+00,8.952395439147949219e+00,8.957342147827148438e+00,5.791327476501464844e+00,8.578882217407226562e+00,9.705786705017089844e+00,8.414082527160644531e+00,1.252758884429931641e+01,9.747660636901855469e+00,1.053541374206542969e+01,1.217050933837890625e+01
9.267630577087402344e+00,8.816891670227050781e+00,8.842201232910156250e+00,5.738117694854736328e+00,8.515713691711425781e+00,9.425632476806640625e+00,8.463626861572265625e+00,1.250449943542480469e+01,9.691466331481933594e+00,1.052683067321777344e+01,1.214415168762207031e+01
9.280970573425292969e+00,8.775683403015136719e+00,8.833829879760742188e+00,5.671277046203613281e+00,8.353220939636230469e+00,9.379182815551757812e+00,8.458777427673339844e+00,1.251600170135498047e+01,9.687911987304687500e+00,1.054041671752929688e+01,1.211127281188964844e+01
9.269080162048339844e+00,8.710370063781738281e+00,8.786226272583007812e+00,5.671210289001464844e+00,8.276944160461425781e+00,9.231606483459472656e+00,8.465037345886230469e+00,1.246962070465087891e+01,9.651533126831054688e+00,1.049803543090820312e+01,1.207362556457519531e+01
9.160534858703613281e+00,7.854079246520996094e+00,7.992876529693603516e+00,5.398558139801025391e+00,7.909500598907470703e+00,7.424104690551757812e+00,8.289383888244628906e+00,1.244357776641845703e+01,9.268717765808105469e+00,1.043824768066406250e+01,1.193647289276123047e+01
9.154403686523437500e+00,7.863199234008789062e+00,7.950469493865966797e+00,5.382799148559570312e+00,7.799929618835449219e+00,7.365156650543212891e+00,8.265420913696289062e+00,1.246719169616699219e+01,9.235419273376464844e+00,1.044084739685058594e+01,1.192095661163330078e+01
9.155939102172851562e+00,7.852091789245605469e+00,7.987449645996093750e+00,5.464550971984863281e+00,7.839628219604492188e+00,7.360610961914062500e+00,8.293378829956054688e+00,1.244840335845947266e+01,9.279850006103515625e+00,1.044950580596923828e+01,1.196492671966552734e+01
9.131138801574707031e+00,7.757575988769531250e+00,7.919413566589355469e+00,5.449229240417480469e+00,8.084166526794433594e+00,7.249821662902832031e+00,8.253588676452636719e+00,1.241437244415283203e+01,9.262953758239746094e+00,1.043355941772460938e+01,1.198288154602050781e+01
9.200977325439453125e+00,7.779474258422851562e+00,7.982071399688720703e+00,5.579041481018066406e+00,7.782992839813232422e+00,7.314824104309082031e+00,8.198363304138183594e+00,1.233921718597412109e+01,9.231493949890136719e+00,1.034541225433349609e+01,1.192313385009765625e+01
9.178415298461914062e+00,7.817902565002441406e+00,7.935048103332519531e+00,5.448266983032226562e+00,7.754356861114501953e+00,7.261724948883056641e+00,8.179883956909179688e+00,1.246846771240234375e+01,9.226586341857910156e+00,1.042188453674316406e+01,1.192978763580322266e+01
9.139069557189941406e+00,7.779574394226074219e+00,7.846658706665039062e+00,5.516244411468505859e+00,7.840269088745117188e+00,7.093131065368652344e+00,8.220387458801269531e+00,1.244534873962402344e+01,9.187935829162597656e+00,1.040562438964843750e+01,1.195380306243896484e+01
9.188392639160156250e+00,7.776707649230957031e+00,8.033679962158203125e+00,5.241198539733886719e+00,7.727321147918701172e+00,7.436085224151611328e+00,8.168004035949707031e+00,1.243649768829345703e+01,9.307135581970214844e+00,1.046348571777343750e+01,1.189711856842041016e+01
9.127118110656738281e+00,7.725007057189941406e+00,7.876004219055175781e+00,5.290314197540283203e+00,7.806124210357666016e+00,7.226754188537597656e+00,8.301407814025878906e+00,1.236921024322509766e+01,9.190758705139160156e+00,1.039184284210205078e+01,1.185661888122558594e+01
9.109499931335449219e+00,7.787084579467773438e+00,7.924640655517578125e+00,5.401107788085937500e+00,7.903764247894287109e+00,7.232668876647949219e+00,8.296461105346679688e+00,1.240648841857910156e+01,9.259877204895019531e+00,1.042571163177490234e+01,1.193990135192871094e+01
9.192343711853027344e+00,7.862997055053710938e+00,8.081318855285644531e+00,5.008795738220214844e+00,7.381019592285156250e+00,7.500736713409423828e+00,7.889766216278076172e+00,1.236651134490966797e+01,9.307103157043457031e+00,1.043402004241943359e+01,1.180164718627929688e+01
9.168677330017089844e+00,7.767445564270019531e+00,7.988751411437988281e+00,4.809945106506347656e+00,7.362321376800537109e+00,7.394952774047851562e+00,7.812107563018798828e+00,1.230113697052001953e+01,9.245224952697753906e+00,1.039609146118164062e+01,1.171620368957519531e+01
9.185008049011230469e+00,7.826396942138671875e+00,8.106168746948242188e+00,4.988280296325683594e+00,7.414302349090576172e+00,7.515374183654785156e+00,7.909790515899658203e+00,1.233286190032958984e+01,9.337607383728027344e+00,1.042938423156738281e+01,1.179816246032714844e+01
9.174108505249023438e+00,7.757707595825195312e+00,8.089522361755371094e+00,4.918621063232421875e+00,7.449347019195556641e+00,7.476778030395507812e+00,7.911515235900878906e+00,1.226336765289306641e+01,9.331504821777343750e+00,1.039706516265869141e+01,1.176026630401611328e+01
9.170020103454589844e+00,7.830399513244628906e+00,8.174623489379882812e+00,5.132891654968261719e+00,7.493051052093505859e+00,7.515588760375976562e+00,8.087221145629882812e+00,1.232601451873779297e+01,9.425938606262207031e+00,1.046358394622802734e+01,1.188086032867431641e+01
9.307768821716308594e+00,7.647464752197265625e+00,8.036536216735839844e+00,4.892518043518066406e+00,7.163096904754638672e+00,7.338809967041015625e+00,7.788077354431152344e+00,1.215949630737304688e+01,9.199926376342773438e+00,1.025539970397949219e+01,1.162123107910156250e+01
9.232278823852539062e+00,7.615031242370605469e+00,7.844574928283691406e+00,4.945327281951904297e+00,7.066234111785888672e+00,6.863103866577148438e+00,7.841693878173828125e+00,1.223990535736083984e+01,9.127685546875000000e+00,1.028940582275390625e+01,1.167119979858398438e+01
9.229816436767578125e+00,7.605875968933105469e+00,7.896944999694824219e+00,4.749051570892333984e+00,7.151595592498779297e+00,6.997747421264648438e+00,7.777722835540771484e+00,1.222457122802734375e+01,9.173243522644042969e+00,1.031422996520996094e+01,1.164209651947021484e+01
9.291548728942871094e+00,7.541268348693847656e+00,7.888293266296386719e+00,4.856251716613769531e+00,7.039566040039062500e+00,6.911713600158691406e+00,7.674463748931884766e+00,1.219261932373046875e+01,9.145083427429199219e+00,1.024665641784667969e+01,1.162044906616210938e+01
9.095114707946777344e+00,7.765427589416503906e+00,7.972528934478759766e+00,4.977715492248535156e+00,7.304276943206787109e+00,7.081831932067871094e+00,7.944465637207031250e+00,1.238538074493408203e+01,9.339787483215332031e+00,1.049296379089355469e+01,1.186068153381347656e+01
9.139556884765625000e+00,8.948666572570800781e+00,8.769626617431640625e+00,5.781321525573730469e+00,9.295125961303710938e+00,9.335914611816406250e+00,8.781770706176757812e+00,1.266500949859619141e+01,9.854451179504394531e+00,1.076708698272705078e+01,1.245516109466552734e+01
9.159800529479980469e+00,8.932396888732910156e+00,8.807831764221191406e+00,5.758941650390625000e+00,9.203986167907714844e+00,9.377665519714355469e+00,8.757799148559570312e+00,1.264665412902832031e+01,9.863945960998535156e+00,1.075494098663330078e+01,1.242966842651367188e+01
9.142020225524902344e+00,8.918081283569335938e+00,8.760251998901367188e+00,5.785702705383300781e+00,9.295079231262207031e+00,9.267890930175781250e+00,8.757343292236328125e+00,1.266775417327880859e+01,9.858162879943847656e+00,1.076667499542236328e+01,1.245863723754882812e+01
9.145887374877929688e+00,8.913797378540039062e+00,8.769269943237304688e+00,5.741478919982910156e+00,9.216938972473144531e+00,9.308588027954101562e+00,8.709977149963378906e+00,1.267413711547851562e+01,9.849871635437011719e+00,1.076466369628906250e+01,1.242660903930664062e+01
9.146280288696289062e+00,8.885054588317871094e+00,8.770961761474609375e+00,5.702663421630859375e+00,9.163979530334472656e+00,9.287605285644531250e+00,8.759445190429687500e+00,1.266184329986572266e+01,9.858279228210449219e+00,1.077180385589599609e+01,1.241638755798339844e+01
9.147368431091308594e+00,8.896574974060058594e+00,8.765254974365234375e+00,5.745853424072265625e+00,9.158776283264160156e+00,9.257102966308593750e+00,8.666297912597656250e+00,1.266641616821289062e+01,9.850016593933105469e+00,1.075272464752197266e+01,1.241792869567871094e+01
9.147747993469238281e+00,8.887621879577636719e+00,8.785571098327636719e+00,5.717113018035888672e+00,9.216388702392578125e+00,9.311048507690429688e+00,8.767021179199218750e+00,1.263010692596435547e+01,9.862266540527343750e+00,1.075100708007812500e+01,1.241489028930664062e+01
9.146555900573730469e+00,8.861319541931152344e+00,8.763885498046875000e+00,5.691464424133300781e+00,9.166823387145996094e+00,9.226653099060058594e+00,8.756890296936035156e+00,1.266740894317626953e+01,9.876182556152343750e+00,1.078588676452636719e+01,1.243027877807617188e+01
9.170299530029296875e+00,8.833167076110839844e+00,8.755913734436035156e+00,5.704248905181884766e+00,9.157815933227539062e+00,9.225934982299804688e+00,8.727617263793945312e+00,1.263484287261962891e+01,9.843466758728027344e+00,1.075491333007812500e+01,1.241104507446289062e+01
9.166916847229003906e+00,8.808570861816406250e+00,8.745273590087890625e+00,5.646226882934570312e+00,8.980216979980468750e+00,9.190093994140625000e+00,8.663127899169921875e+00,1.266024208068847656e+01,9.831000328063964844e+00,1.075502872467041016e+01,1.236371803283691406e+01
9.298883438110351562e+00,9.215374946594238281e+00,9.093490600585937500e+00,6.008678436279296875e+00,8.719415664672851562e+00,9.794202804565429688e+00,8.283061027526855469e+00,1.268748188018798828e+01,9.937766075134277344e+00,1.061414337158203125e+01,1.231982421875000000e+01
9.293400764465332031e+00,9.210270881652832031e+00,9.099848747253417969e+00,5.967943191528320312e+00,8.666146278381347656e+00,9.780167579650878906e+00,8.277160644531250000e+00,1.271904277801513672e+01,9.956096649169921875e+00,1.062382125854492188e+01,1.230016899108886719e+01
9.283179283142089844e+00,9.085252761840820312e+00,9.046541213989257812e+00,5.860225677490234375e+00,8.608589172363281250e+00,9.677389144897460938e+00,8.310791015625000000e+00,1.265186691284179688e+01,9.926022529602050781e+00,1.063056278228759766e+01,1.227660179138183594e+01
9.383244514465332031e+00,9.020757675170898438e+00,9.056227684020996094e+00,5.965359687805175781e+00,8.109520912170410156e+00,9.616465568542480469e+00,7.985129356384277344e+00,1.259721469879150391e+01,9.788908004760742188e+00,1.044126510620117188e+01,1.208244419097900391e+01
9.356935501098632812e+00,8.850344657897949219e+00,9.003170013427734375e+00,5.836663246154785156e+00,8.077947616577148438e+00,9.493865966796875000e+00,7.988783359527587891e+00,1.245332050323486328e+01,9.756611824035644531e+00,1.040099811553955078e+01,1.202931594848632812e+01
9.326445579528808594e+00,9.015038490295410156e+00,9.024639129638671875e+00,5.860775470733642578e+00,8.433660507202148438e+00,9.523214340209960938e+00,8.285514831542968750e+00,1.265302181243896484e+01,9.920363426208496094e+00,1.062760162353515625e+01,1.226847648620605469e+01
9.290691375732421875e+00,8.938942909240722656e+00,8.993753433227539062e+00,5.780208587646484375e+00,8.448197364807128906e+00,9.527290344238281250e+00,8.192853927612304688e+00,1.257916736602783203e+01,9.877408027648925781e+00,1.055757141113281250e+01,1.218011760711669922e+01
9.302053451538085938e+00,8.911218643188476562e+00,8.993318557739257812e+00,5.790899276733398438e+00,8.515445709228515625e+00,9.494663238525390625e+00,8.304570198059082031e+00,1.254321575164794922e+01,9.893931388854980469e+00,1.057010459899902344e+01,1.221820068359375000e+01
9.263373374938964844e+00,8.897051811218261719e+00,8.976512908935546875e+00,5.752953529357910156e+00,8.600275039672851562e+00,9.457916259765625000e+00,8.244348526000976562e+00,1.254889106750488281e+01,9.913102149963378906e+00,1.057194232940673828e+01,1.221614360809326172e+01
9.289725303649902344e+00,8.850961685180664062e+00,8.938871383666992188e+00,5.746538162231445312e+00,8.485659599304199219e+00,9.365296363830566406e+00,8.224381446838378906e+00,1.255438137054443359e+01,9.875075340270996094e+00,1.058280563354492188e+01,1.221270084381103516e+01
9.029077529907226562e+00,9.127639770507812500e+00,8.772760391235351562e+00,6.030439376831054688e+00,1.031827545166015625e+01,9.684133529663085938e+00,8.220366477966308594e+00,1.244328022003173828e+01,9.717995643615722656e+00,1.040550804138183594e+01,1.234201526641845703e+01
9.003723144531250000e+00,9.155698776245117188e+00,8.807515144348144531e+00,6.032779693603515625e+00,1.040517902374267578e+01,9.700542449951171875e+00,8.229900360107421875e+00,1.244638442993164062e+01,9.757747650146484375e+00,1.039930248260498047e+01,1.234477996826171875e+01
9.013665199279785156e+00,9.041416168212890625e+00,8.780655860900878906e+00,5.921712875366210938e+00,1.026429843902587891e+01,9.621797561645507812e+00,8.398183822631835938e+00,1.241932010650634766e+01,9.759766578674316406e+00,1.045250225067138672e+01,1.234231376647949219e+01
9.035936355590820312e+00,9.050007820129394531e+00,8.763291358947753906e+00,5.962537765502929688e+00,1.026617145538330078e+01,9.637299537658691406e+00,8.271784782409667969e+00,1.243089866638183594e+01,9.733957290649414062e+00,1.043723297119140625e+01,1.233957004547119141e+01
9.016604423522949219e+00,9.009228706359863281e+00,8.758567810058593750e+00,5.945848464965820312e+00,1.019199848175048828e+01,9.605577468872070312e+00,8.287235260009765625e+00,1.233135986328125000e+01,9.691515922546386719e+00,1.036000061035156250e+01,1.227988243103027344e+01
8.992709159851074219e+00,8.973407745361328125e+00,8.769042968750000000e+00,5.882495880126953125e+00,1.022364330291748047e+01,9.612205505371093750e+00,8.422307014465332031e+00,1.230060100555419922e+01,9.709896087646484375e+00,1.036971855163574219e+01,1.226835632324218750e+01
9.025767326354980469e+00,9.040596961975097656e+00,8.782337188720703125e+00,5.927086830139160156e+00,1.021053218841552734e+01,9.635606765747070312e+00,8.355025291442871094e+00,1.240022468566894531e+01,9.744200706481933594e+00,1.042869567871093750e+01,1.232436943054199219e+01
8.971243858337402344e+00,8.973233222961425781e+00,8.733269691467285156e+00,5.833377838134765625e+00,1.033850574493408203e+01,9.496829986572265625e+00,8.628423690795898438e+00,1.238485240936279297e+01,9.751416206359863281e+00,1.045538139343261719e+01,1.232536602020263672e+01
9.034939765930175781e+00,9.016636848449707031e+00,8.786604881286621094e+00,5.851958274841308594e+00,1.013291072845458984e+01,9.585897445678710938e+00,8.579308509826660156e+00,1.245551967620849609e+01,9.790738105773925781e+00,1.052402973175048828e+01,1.236808300018310547e+01
8.994477272033691406e+00,9.022006034851074219e+00,8.783756256103515625e+00,5.854435443878173828e+00,1.026133632659912109e+01,9.597643852233886719e+00,8.613185882568359375e+00,1.239281749725341797e+01,9.777617454528808594e+00,1.047171497344970703e+01,1.234128284454345703e+01
9.094347000122070312e+00,8.053566932678222656e+00,8.300716400146484375e+00,5.261535167694091797e+00,8.049234390258789062e+00,7.832592964172363281e+00,8.170516967773437500e+00,1.249142169952392578e+01,9.559336662292480469e+00,1.059171009063720703e+01,1.205035781860351562e+01
9.064026832580566406e+00,8.052853584289550781e+00,8.269449234008789062e+00,5.203329086303710938e+00,8.129474639892578125e+00,7.798041820526123047e+00,7.988219738006591797e+00,1.249153423309326172e+01,9.535858154296875000e+00,1.056384754180908203e+01,1.202066040039062500e+01
9.103769302368164062e+00,7.958535194396972656e+00,8.321435928344726562e+00,5.226855278015136719e+00,8.057209968566894531e+00,7.793216705322265625e+00,7.986574649810791016e+00,1.237834644317626953e+01,9.545342445373535156e+00,1.048883628845214844e+01,1.197146415710449219e+01
9.060511589050292969e+00,8.014122962951660156e+00,8.240372657775878906e+00,5.146100997924804688e+00,7.895320415496826172e+00,7.679223060607910156e+00,8.020098686218261719e+00,1.248813343048095703e+01,9.507393836975097656e+00,1.055731964111328125e+01,1.197317409515380859e+01
9.082238197326660156e+00,7.995474815368652344e+00,8.266613006591796875e+00,5.161828994750976562e+00,8.153104782104492188e+00,7.783291816711425781e+00,7.950831413269042969e+00,1.244332027435302734e+01,9.517985343933105469e+00,1.052355194091796875e+01,1.197869586944580078e+01
9.062613487243652344e+00,7.961485862731933594e+00,8.272657394409179688e+00,5.069331645965576172e+00,8.179041862487792969e+00,7.827517509460449219e+00,7.899428367614746094e+00,1.241510486602783203e+01,9.530527114868164062e+00,1.051883888244628906e+01,1.194737243652343750e+01
9.111055374145507812e+00,8.013532638549804688e+00,8.307695388793945312e+00,5.065558910369873047e+00,8.163387298583984375e+00,8.020693778991699219e+00,7.819107055664062500e+00,1.239507293701171875e+01,9.507830619812011719e+00,1.049194145202636719e+01,1.191507911682128906e+01
9.101666450500488281e+00,7.960583686828613281e+00,8.265758514404296875e+00,5.141217231750488281e+00,8.082524299621582031e+00,7.786657333374023438e+00,7.970412731170654297e+00,1.240506649017333984e+01,9.512749671936035156e+00,1.051455116271972656e+01,1.196282005310058594e+01
8.994418144226074219e+00,7.935996055603027344e+00,8.234248161315917969e+00,4.877871990203857422e+00,8.221323013305664062e+00,7.851108074188232422e+00,7.836868286132812500e+00,1.238798332214355469e+01,9.518267631530761719e+00,1.052188968658447266e+01,1.188312911987304688e+01
9.068345069885253906e+00,7.932083129882812500e+00,8.204566955566406250e+00,4.986805438995361328e+00,8.147943496704101562e+00,7.770867824554443359e+00,7.940514087677001953e+00,1.239739608764648438e+01,9.476473808288574219e+00,1.051452064514160156e+01,1.191283035278320312e+01
9.097401618957519531e+00,7.953332901000976562e+00,8.243545532226562500e+00,5.290974140167236328e+00,7.693623542785644531e+00,7.645861625671386719e+00,8.540716171264648438e+00,1.227275943756103516e+01,9.437991142272949219e+00,1.039944267272949219e+01,1.186169147491455078e+01
9.111708641052246094e+00,7.952136039733886719e+00,8.165180206298828125e+00,5.283782958984375000e+00,7.679084300994873047e+00,7.563139915466308594e+00,8.529624938964843750e+00,1.231655788421630859e+01,9.373724937438964844e+00,1.040730571746826172e+01,1.185658836364746094e+01
9.145964622497558594e+00,7.896897315979003906e+00,8.177993774414062500e+00,5.299549102783203125e+00,7.553202629089355469e+00,7.519384384155273438e+00,8.407406806945800781e+00,1.225514888763427734e+01,9.349659919738769531e+00,1.034393787384033203e+01,1.180785560607910156e+01
9.121816635131835938e+00,7.973345756530761719e+00,8.231423377990722656e+00,5.337399005889892578e+00,7.715056896209716797e+00,7.655700206756591797e+00,8.455117225646972656e+00,1.231438827514648438e+01,9.428069114685058594e+00,1.042251396179199219e+01,1.189921951293945312e+01
9.166497230529785156e+00,8.028991699218750000e+00,8.345754623413085938e+00,5.263141155242919922e+00,7.639938831329345703e+00,7.904001235961914062e+00,8.299970626831054688e+00,1.231178188323974609e+01,9.471145629882812500e+00,1.042340183258056641e+01,1.186618041992187500e+01
9.141793251037597656e+00,7.995946884155273438e+00,8.302445411682128906e+00,5.255535125732421875e+00,7.623799800872802734e+00,7.819200515747070312e+00,8.343000411987304688e+00,1.227501964569091797e+01,9.454794883728027344e+00,1.040643405914306641e+01,1.185611343383789062e+01
9.153107643127441406e+00,7.881015777587890625e+00,8.185559272766113281e+00,5.282287120819091797e+00,7.666098117828369141e+00,7.499426364898681641e+00,8.324345588684082031e+00,1.235705089569091797e+01,9.428117752075195312e+00,1.046679115295410156e+01,1.192936611175537109e+01
9.183082580566406250e+00,7.957360267639160156e+00,8.293706893920898438e+00,5.249555587768554688e+00,7.570846080780029297e+00,7.776389122009277344e+00,8.157922744750976562e+00,1.229166412353515625e+01,9.437314033508300781e+00,1.039969730377197266e+01,1.185189819335937500e+01
9.218453407287597656e+00,7.958848953247070312e+00,8.293075561523437500e+00,5.323671340942382812e+00,7.475927829742431641e+00,7.750349044799804688e+00,8.105213165283203125e+00,1.229057502746582031e+01,9.423266410827636719e+00,1.038457679748535156e+01,1.185997962951660156e+01
9.214240074157714844e+00,7.945549011230468750e+00,8.293816566467285156e+00,5.243400096893310547e+00,7.482049942016601562e+00,7.780637741088867188e+00,8.100243568420410156e+00,1.227775573730468750e+01,9.419817924499511719e+00,1.038327026367187500e+01,1.183120250701904297e+01
8.966961860656738281e+00,7.853775024414062500e+00,7.914344310760498047e+00,5.289154052734375000e+00,7.524552345275878906e+00,7.147603511810302734e+00,9.006349563598632812e+00,1.183455371856689453e+01,8.829381942749023438e+00,9.611460685729980469e+00,1.104868888854980469e+01
9.004088401794433594e+00,7.817917823791503906e+00,7.895686149597167969e+00,5.420683383941650391e+00,7.464006423950195312e+00,7.036324501037597656e+00,8.790168762207031250e+00,1.187034702301025391e+01,8.850235939025878906e+00,9.661504745483398438e+00,1.116332435607910156e+01
9.051856994628906250e+00,7.821507453918457031e+00,7.994274139404296875e+00,5.501929759979248047e+00,7.461734294891357422e+00,7.137838363647460938e+00,8.652645111083984375e+00,1.195287132263183594e+01,8.990744590759277344e+00,9.816343307495117188e+00,1.135081005096435547e+01
9.107558250427246094e+00,8.007380485534667969e+00,8.285219192504882812e+00,5.353703498840332031e+00,7.867877960205078125e+00,7.784641265869140625e+00,8.650566101074218750e+00,1.227436828613281250e+01,9.401768684387207031e+00,1.031933021545410156e+01,1.179283523559570312e+01
9.079269409179687500e+00,7.865589141845703125e+00,8.137290954589843750e+00,5.330662727355957031e+00,7.623758792877197266e+00,7.454832077026367188e+00,8.596254348754882812e+00,1.212514114379882812e+01,9.220364570617675781e+00,1.011207008361816406e+01,1.158191108703613281e+01
9.108908653259277344e+00,8.033136367797851562e+00,8.351533889770507812e+00,5.259178638458251953e+00,8.055372238159179688e+00,7.913053512573242188e+00,8.618741989135742188e+00,1.237614536285400391e+01,9.528420448303222656e+00,1.047491359710693359e+01,1.191963958740234375e+01
9.117857933044433594e+00,7.936077117919921875e+00,8.301700592041015625e+00,5.430722713470458984e+00,7.827932834625244141e+00,7.686720848083496094e+00,8.591948509216308594e+00,1.221153163909912109e+01,9.415768623352050781e+00,1.028212165832519531e+01,1.180082988739013672e+01
9.147729873657226562e+00,7.884596824645996094e+00,8.295463562011718750e+00,5.500560283660888672e+00,7.567103385925292969e+00,7.559182643890380859e+00,8.406434059143066406e+00,1.214983081817626953e+01,9.366921424865722656e+00,1.018995571136474609e+01,1.173482894897460938e+01
9.107831954956054688e+00,8.050211906433105469e+00,8.411509513854980469e+00,5.225011348724365234e+00,8.092924118041992188e+00,8.009685516357421875e+00,8.721925735473632812e+00,1.236200237274169922e+01,9.585007667541503906e+00,1.049630355834960938e+01,1.192958450317382812e+01
9.097161293029785156e+00,7.928390502929687500e+00,8.387413978576660156e+00,5.100112438201904297e+00,8.020535469055175781e+00,7.925117492675781250e+00,8.563481330871582031e+00,1.227190685272216797e+01,9.555187225341796875e+00,1.042950534820556641e+01,1.183849430084228516e+01
9.214447975158691406e+00,9.128224372863769531e+00,8.996940612792968750e+00,6.051906585693359375e+00,9.183739662170410156e+00,9.867805480957031250e+00,8.184421539306640625e+00,1.243822193145751953e+01,9.732603073120117188e+00,1.038552284240722656e+01,1.221710586547851562e+01
9.198737144470214844e+00,9.087029457092285156e+00,8.967489242553710938e+00,5.989010810852050781e+00,9.195742607116699219e+00,9.808401107788085938e+00,8.341491699218750000e+00,1.242312622070312500e+01,9.738286018371582031e+00,1.042159080505371094e+01,1.223285198211669922e+01
9.214183807373046875e+00,9.075051307678222656e+00,8.987197875976562500e+00,5.964036464691162109e+00,9.135321617126464844e+00,9.852299690246582031e+00,8.261836051940917969e+00,1.242951107025146484e+01,9.743140220642089844e+00,1.042025566101074219e+01,1.221146869659423828e+01
9.238484382629394531e+00,9.097231864929199219e+00,8.994482040405273438e+00,5.991023540496826172e+00,9.080551147460937500e+00,9.834856986999511719e+00,8.280070304870605469e+00,1.247333431243896484e+01,9.758025169372558594e+00,1.044842243194580078e+01,1.223528671264648438e+01
9.207903861999511719e+00,9.094735145568847656e+00,8.986557960510253906e+00,5.990020751953125000e+00,9.202202796936035156e+00,9.831903457641601562e+00,8.253385543823242188e+00,1.244068050384521484e+01,9.758744239807128906e+00,1.041584777832031250e+01,1.222779655456542969e+01
9.218910217285156250e+00,9.020931243896484375e+00,8.954470634460449219e+00,5.974252700805664062e+00,9.003604888916015625e+00,9.734241485595703125e+00,8.275179862976074219e+00,1.236347103118896484e+01,9.711369514465332031e+00,1.037153720855712891e+01,1.217740440368652344e+01
9.185773849487304688e+00,8.916506767272949219e+00,8.904977798461914062e+00,5.853509426116943359e+00,9.086054801940917969e+00,9.629648208618164062e+00,8.417548179626464844e+00,1.233989810943603516e+01,9.712588310241699219e+00,1.040936756134033203e+01,1.218132686614990234e+01
9.210711479187011719e+00,8.936987876892089844e+00,8.923814773559570312e+00,5.887819290161132812e+00,8.983239173889160156e+00,9.643871307373046875e+00,8.326444625854492188e+00,1.235862636566162109e+01,9.715373039245605469e+00,1.040247917175292969e+01,1.217274856567382812e+01
9.174384117126464844e+00,8.825169563293457031e+00,8.836648941040039062e+00,5.783897399902343750e+00,8.968514442443847656e+00,9.488317489624023438e+00,8.548347473144531250e+00,1.228973197937011719e+01,9.666190147399902344e+00,1.039053726196289062e+01,1.213198852539062500e+01
9.221963882446289062e+00,8.976117134094238281e+00,8.965391159057617188e+00,5.881007194519042969e+00,9.023262977600097656e+00,9.731361389160156250e+00,8.334753036499023438e+00,1.239243793487548828e+01,9.756610870361328125e+00,1.043747997283935547e+01,1.219931983947753906e+01
9.216065406799316406e+00,9.045712471008300781e+00,8.940048217773437500e+00,5.905650138854980469e+00,9.064843177795410156e+00,9.816784858703613281e+00,8.427232742309570312e+00,1.243247985839843750e+01,9.710806846618652344e+00,1.044262313842773438e+01,1.219667434692382812e+01
9.207240104675292969e+00,9.014891624450683594e+00,8.954553604125976562e+00,5.890183925628662109e+00,9.060799598693847656e+00,9.803095817565917969e+00,8.420131683349609375e+00,1.239425182342529297e+01,9.721920967102050781e+00,1.042026805877685547e+01,1.218138313293457031e+01
9.220391273498535156e+00,8.944684028625488281e+00,8.915210723876953125e+00,5.894038200378417969e+00,8.895737648010253906e+00,9.672546386718750000e+00,8.361052513122558594e+00,1.236346626281738281e+01,9.679040908813476562e+00,1.038233947753906250e+01,1.213692474365234375e+01
9.216796875000000000e+00,8.964567184448242188e+00,8.921801567077636719e+00,5.866519451141357422e+00,8.957591056823730469e+00,9.726727485656738281e+00,8.411184310913085938e+00,1.237503337860107422e+01,9.689242362976074219e+00,1.040613937377929688e+01,1.215105152130126953e+01
9.236233711242675781e+00,8.987216949462890625e+00,8.944745063781738281e+00,5.896415710449218750e+00,8.936141967773437500e+00,9.725113868713378906e+00,8.364546775817871094e+00,1.242592334747314453e+01,9.720547676086425781e+00,1.042815303802490234e+01,1.217255783081054688e+01
9.250720024108886719e+00,8.997992515563964844e+00,8.941486358642578125e+00,5.913277149200439453e+00,8.894031524658203125e+00,9.724018096923828125e+00,8.334302902221679688e+00,1.244176769256591797e+01,9.715433120727539062e+00,1.042969894409179688e+01,1.217333602905273438e+01
9.246699333190917969e+00,8.958470344543457031e+00,8.906111717224121094e+00,5.845560073852539062e+00,8.869359970092773438e+00,9.665285110473632812e+00,8.445115089416503906e+00,1.245255470275878906e+01,9.721791267395019531e+00,1.047867679595947266e+01,1.218811416625976562e+01
9.243231773376464844e+00,9.002696037292480469e+00,8.935174942016601562e+00,5.903368949890136719e+00,8.939359664916992188e+00,9.734395980834960938e+00,8.368590354919433594e+00,1.243019676208496094e+01,9.715077400207519531e+00,1.043475627899169922e+01,1.218060302734375000e+01
9.263420104980468750e+00,8.989996910095214844e+00,8.946573257446289062e+00,5.893509864807128906e+00,8.828780174255371094e+00,9.729150772094726562e+00,8.403969764709472656e+00,1.242568111419677734e+01,9.719112396240234375e+00,1.044500732421875000e+01,1.217438983917236328e+01
9.244149208068847656e+00,8.939640045166015625e+00,8.944765090942382812e+00,5.854090690612792969e+00,8.830153465270996094e+00,9.690908432006835938e+00,8.466741561889648438e+00,1.236109447479248047e+01,9.723542213439941406e+00,1.042738723754882812e+01,1.216029548645019531e+01
9.057749748229980469e+00,9.024829864501953125e+00,8.763203620910644531e+00,5.930187225341796875e+00,9.882260322570800781e+00,9.646541595458984375e+00,8.283669471740722656e+00,1.243054008483886719e+01,9.627306938171386719e+00,1.037091636657714844e+01,1.222192192077636719e+01
9.071419715881347656e+00,9.168218612670898438e+00,8.857456207275390625e+00,5.980663299560546875e+00,1.003290939331054688e+01,9.847817420959472656e+00,8.209097862243652344e+00,1.254492187500000000e+01,9.730008125305175781e+00,1.044832229614257812e+01,1.229757881164550781e+01
9.071398735046386719e+00,9.075470924377441406e+00,8.834059715270996094e+00,5.923531532287597656e+00,9.928176879882812500e+00,9.747644424438476562e+00,8.297103881835937500e+00,1.248908615112304688e+01,9.714089393615722656e+00,1.043964576721191406e+01,1.227382087707519531e+01
9.061457633972167969e+00,9.142041206359863281e+00,8.830249786376953125e+00,5.961715221405029297e+00,1.003331089019775391e+01,9.758411407470703125e+00,8.228509902954101562e+00,1.254315185546875000e+01,9.723704338073730469e+00,1.044551753997802734e+01,1.228864097595214844e+01
9.062519073486328125e+00,9.089743614196777344e+00,8.831051826477050781e+00,5.936403274536132812e+00,9.964246749877929688e+00,9.747064590454101562e+00,8.304141044616699219e+00,1.245503139495849609e+01,9.696595191955566406e+00,1.040534973144531250e+01,1.226026725769042969e+01
9.112666130065917969e+00,9.157298088073730469e+00,8.879768371582031250e+00,6.008238792419433594e+00,9.859990119934082031e+00,9.798195838928222656e+00,8.197829246520996094e+00,1.253343868255615234e+01,9.725142478942871094e+00,1.042924690246582031e+01,1.228482627868652344e+01
9.130278587341308594e+00,9.156328201293945312e+00,8.874160766601562500e+00,6.016085624694824219e+00,9.768986701965332031e+00,9.758384704589843750e+00,8.124658584594726562e+00,1.258212566375732422e+01,9.731251716613769531e+00,1.044203376770019531e+01,1.228060722351074219e+01
9.151737213134765625e+00,9.184541702270507812e+00,8.902704238891601562e+00,6.050178050994873047e+00,9.723937034606933594e+00,9.832994461059570312e+00,8.098272323608398438e+00,1.256345844268798828e+01,9.725245475769042969e+00,1.041724395751953125e+01,1.227104949951171875e+01
9.085768699645996094e+00,9.242933273315429688e+00,8.863391876220703125e+00,6.015305519104003906e+00,1.010233211517333984e+01,9.803038597106933594e+00,8.205962181091308594e+00,1.264722061157226562e+01,9.777585983276367188e+00,1.049568843841552734e+01,1.234674644470214844e+01
9.098159790039062500e+00,9.205326080322265625e+00,8.887472152709960938e+00,5.990030765533447266e+00,9.985717773437500000e+00,9.842460632324218750e+00,8.200103759765625000e+00,1.259895610809326172e+01,9.777603149414062500e+00,1.048105812072753906e+01,1.232114982604980469e+01
9.251439094543457031e+00,9.186897277832031250e+00,9.021961212158203125e+00,5.991979598999023438e+00,8.992318153381347656e+00,9.967720031738281250e+00,8.222324371337890625e+00,1.260248088836669922e+01,9.764719009399414062e+00,1.048460769653320312e+01,1.221068191528320312e+01
9.254260063171386719e+00,9.188121795654296875e+00,9.027473449707031250e+00,5.972833633422851562e+00,9.009333610534667969e+00,9.983249664306640625e+00,8.311282157897949219e+00,1.258441734313964844e+01,9.789246559143066406e+00,1.051165580749511719e+01,1.223893737792968750e+01
9.238148689270019531e+00,9.193668365478515625e+00,9.057782173156738281e+00,5.933068275451660156e+00,9.156672477722167969e+00,1.000888633728027344e+01,8.437295913696289062e+00,1.259096717834472656e+01,9.862097740173339844e+00,1.057677078247070312e+01,1.230692481994628906e+01
9.253782272338867188e+00,9.182440757751464844e+00,9.056332588195800781e+00,5.962609291076660156e+00,9.072001457214355469e+00,9.953407287597656250e+00,8.360687255859375000e+00,1.259211254119873047e+01,9.849629402160644531e+00,1.055333995819091797e+01,1.228976058959960938e+01
9.252518653869628906e+00,9.196921348571777344e+00,9.066637039184570312e+00,5.993818283081054688e+00,9.121377944946289062e+00,9.957437515258789062e+00,8.302558898925781250e+00,1.259021568298339844e+01,9.856839179992675781e+00,1.053483104705810547e+01,1.229277229309082031e+01
9.259947776794433594e+00,9.153178215026855469e+00,9.040901184082031250e+00,5.918148994445800781e+00,9.039955139160156250e+00,9.943666458129882812e+00,8.373864173889160156e+00,1.258811092376708984e+01,9.848506927490234375e+00,1.057159996032714844e+01,1.229101943969726562e+01
9.268998146057128906e+00,9.236704826354980469e+00,9.065800666809082031e+00,6.031433105468750000e+00,9.105809211730957031e+00,9.952520370483398438e+00,8.198872566223144531e+00,1.266310024261474609e+01,9.859246253967285156e+00,1.053969669342041016e+01,1.229339694976806641e+01
9.278656959533691406e+00,9.128026008605957031e+00,9.033967971801757812e+00,5.958134174346923828e+00,8.896469116210937500e+00,9.850470542907714844e+00,8.180526733398437500e+00,1.262197875976562500e+01,9.829627990722656250e+00,1.052008914947509766e+01,1.223670482635498047e+01
9.263360023498535156e+00,9.168339729309082031e+00,9.078018188476562500e+00,5.938397884368896484e+00,9.075289726257324219e+00,9.949722290039062500e+00,8.364937782287597656e+00,1.261007595062255859e+01,9.887011528015136719e+00,1.056870460510253906e+01,1.229820346832275391e+01
9.272355079650878906e+00,9.176251411437988281e+00,9.051671981811523438e+00,5.970614433288574219e+00,9.034625053405761719e+00,9.910280227661132812e+00,8.261182785034179688e+00,1.263393115997314453e+01,9.859618186950683594e+00,1.054987239837646484e+01,1.228262329101562500e+01
8.948069572448730469e+00,7.362978935241699219e+00,7.241042137145996094e+00,5.366841316223144531e+00,7.674969673156738281e+00,6.261709213256835938e+00,8.580285072326660156e+00,1.235349464416503906e+01,8.826575279235839844e+00,1.038466358184814453e+01,1.183133602142333984e+01
9.000901222229003906e+00,7.401955604553222656e+00,7.352057456970214844e+00,5.244707107543945312e+00,7.460675239562988281e+00,6.420085906982421875e+00,8.511704444885253906e+00,1.229995441436767578e+01,8.841500282287597656e+00,1.032684516906738281e+01,1.172761917114257812e+01
8.966664314270019531e+00,7.437296867370605469e+00,7.353533744812011719e+00,5.271056652069091797e+00,7.472637653350830078e+00,6.402544975280761719e+00,8.552013397216796875e+00,1.235734653472900391e+01,8.889684677124023438e+00,1.040330696105957031e+01,1.180389118194580078e+01
8.966225624084472656e+00,7.321105957031250000e+00,7.318134784698486328e+00,5.261027336120605469e+00,7.531016349792480469e+00,6.357717514038085938e+00,8.504276275634765625e+00,1.226281166076660156e+01,8.860910415649414062e+00,1.034580039978027344e+01,1.176318550109863281e+01
8.945623397827148438e+00,7.310490608215332031e+00,7.370034217834472656e+00,4.812139511108398438e+00,7.411964416503906250e+00,6.489152431488037109e+00,8.483052253723144531e+00,1.224204826354980469e+01,8.900423049926757812e+00,1.037829780578613281e+01,1.164417457580566406e+01
8.958981513977050781e+00,7.280900001525878906e+00,7.252479076385498047e+00,5.066770076751708984e+00,7.480582714080810547e+00,6.298076629638671875e+00,8.451395988464355469e+00,1.226039791107177734e+01,8.794135093688964844e+00,1.032821083068847656e+01,1.167924118041992188e+01
9.037625312805175781e+00,7.338884353637695312e+00,7.335984706878662109e+00,5.268019676208496094e+00,7.330317020416259766e+00,6.316041469573974609e+00,8.432025909423828125e+00,1.225526714324951172e+01,8.824845314025878906e+00,1.030276393890380859e+01,1.171733856201171875e+01
8.952617645263671875e+00,7.335350990295410156e+00,7.282505512237548828e+00,5.065253257751464844e+00,7.288533687591552734e+00,6.343421936035156250e+00,8.415243148803710938e+00,1.225783824920654297e+01,8.811368942260742188e+00,1.034436130523681641e+01,1.168325424194335938e+01
9.040960311889648438e+00,7.303279876708984375e+00,7.291114807128906250e+00,5.322701930999755859e+00,7.370615959167480469e+00,6.235867500305175781e+00,8.388309478759765625e+00,1.228473281860351562e+01,8.815044403076171875e+00,1.033229160308837891e+01,1.176523208618164062e+01
8.945871353149414062e+00,7.213697433471679688e+00,7.233644962310791016e+00,5.205697059631347656e+00,7.473468303680419922e+00,6.247146129608154297e+00,8.430971145629882812e+00,1.216213703155517578e+01,8.788116455078125000e+00,1.028166198730468750e+01,1.169145870208740234e+01
9.048680305480957031e+00,8.685178756713867188e+00,8.507568359375000000e+00,5.022050380706787109e+00,9.657244682312011719e+00,8.742416381835937500e+00,1.181689453125000000e+01,1.236653518676757812e+01,9.756229400634765625e+00,1.048141765594482422e+01,1.181058883666992188e+01
9.077285766601562500e+00,8.685132980346679688e+00,8.614522933959960938e+00,5.096455574035644531e+00,9.631485939025878906e+00,8.901280403137207031e+00,1.149259948730468750e+01,1.239871025085449219e+01,9.856921195983886719e+00,1.058728027343750000e+01,1.196203041076660156e+01
9.282037734985351562e+00,8.984379768371582031e+00,8.992137908935546875e+00,5.855875492095947266e+00,8.695904731750488281e+00,9.621438980102539062e+00,8.722820281982421875e+00,1.241241931915283203e+01,9.870303153991699219e+00,1.060862159729003906e+01,1.232489395141601562e+01
9.081593513488769531e+00,8.630599021911621094e+00,8.516536712646484375e+00,4.953220367431640625e+00,9.495261192321777344e+00,8.700126647949218750e+00,1.170300769805908203e+01,1.239431285858154297e+01,9.781359672546386719e+00,1.053298377990722656e+01,1.182703018188476562e+01
9.064499855041503906e+00,8.546996116638183594e+00,8.527688980102539062e+00,5.050439834594726562e+00,9.321786880493164062e+00,8.709361076354980469e+00,1.110273551940917969e+01,1.230981636047363281e+01,9.725125312805175781e+00,1.048149108886718750e+01,1.184884548187255859e+01
9.297708511352539062e+00,9.033218383789062500e+00,9.001827239990234375e+00,5.901042461395263672e+00,8.739726066589355469e+00,9.634690284729003906e+00,8.605791091918945312e+00,1.249144840240478516e+01,9.898619651794433594e+00,1.064067077636718750e+01,1.236613464355468750e+01
9.079417228698730469e+00,8.561582565307617188e+00,8.637878417968750000e+00,5.163840293884277344e+00,9.203227043151855469e+00,8.863422393798828125e+00,1.066441154479980469e+01,1.227543544769287109e+01,9.785122871398925781e+00,1.052350997924804688e+01,1.196196842193603516e+01
9.091426849365234375e+00,8.565935134887695312e+00,8.598548889160156250e+00,5.123635768890380859e+00,9.280850410461425781e+00,8.835368156433105469e+00,1.080587863922119141e+01,1.235169506072998047e+01,9.791782379150390625e+00,1.057790756225585938e+01,1.198124217987060547e+01
9.109694480895996094e+00,8.582962989807128906e+00,8.680423736572265625e+00,5.197208404541015625e+00,9.285128593444824219e+00,8.935279846191406250e+00,1.063128089904785156e+01,1.234360122680664062e+01,9.857377052307128906e+00,1.061565780639648438e+01,1.206614208221435547e+01
9.325034141540527344e+00,8.953434944152832031e+00,9.008052825927734375e+00,5.876091480255126953e+00,8.453449249267578125e+00,9.594253540039062500e+00,8.411234855651855469e+00,1.243984317779541016e+01,9.828061103820800781e+00,1.053491783142089844e+01,1.222910785675048828e+01
9.324518203735351562e+00,8.901164054870605469e+00,8.915260314941406250e+00,5.855635643005371094e+00,8.546953201293945312e+00,9.566640853881835938e+00,8.318072319030761719e+00,1.249175834655761719e+01,9.721539497375488281e+00,1.048414897918701172e+01,1.216097640991210938e+01
9.277577400207519531e+00,8.711722373962402344e+00,8.847762107849121094e+00,5.795750141143798828e+00,8.547269821166992188e+00,9.306316375732421875e+00,8.367235183715820312e+00,1.234197139739990234e+01,9.679118156433105469e+00,1.040118789672851562e+01,1.209783744812011719e+01
9.289646148681640625e+00,8.685474395751953125e+00,8.843552589416503906e+00,5.768949508666992188e+00,8.449021339416503906e+00,9.288670539855957031e+00,8.288928031921386719e+00,1.234836769104003906e+01,9.662384986877441406e+00,1.039210510253906250e+01,1.206415176391601562e+01
9.277775764465332031e+00,8.560467720031738281e+00,8.724921226501464844e+00,5.758976936340332031e+00,8.354242324829101562e+00,9.002001762390136719e+00,8.290891647338867188e+00,1.232818317413330078e+01,9.593873023986816406e+00,1.037159538269042969e+01,1.203683376312255859e+01
9.263551712036132812e+00,8.566724777221679688e+00,8.762799263000488281e+00,5.747898101806640625e+00,8.534777641296386719e+00,9.073583602905273438e+00,8.353724479675292969e+00,1.227442073822021484e+01,9.646091461181640625e+00,1.038735961914062500e+01,1.208804893493652344e+01
9.268285751342773438e+00,8.561872482299804688e+00,8.780111312866210938e+00,5.708803176879882812e+00,8.396759033203125000e+00,9.091502189636230469e+00,8.335830688476562500e+00,1.228014183044433594e+01,9.645549774169921875e+00,1.037490844726562500e+01,1.204141235351562500e+01
9.220885276794433594e+00,8.450119018554687500e+00,8.693428039550781250e+00,5.637147903442382812e+00,8.470078468322753906e+00,8.935792922973632812e+00,8.400482177734375000e+00,1.219440650939941406e+01,9.586124420166015625e+00,1.032789134979248047e+01,1.199280071258544922e+01
9.241531372070312500e+00,8.479617118835449219e+00,8.701799392700195312e+00,5.727387428283691406e+00,8.409990310668945312e+00,8.934664726257324219e+00,8.348446846008300781e+00,1.219919013977050781e+01,9.573082923889160156e+00,1.030238151550292969e+01,1.199527645111083984e+01
9.250377655029296875e+00,8.454907417297363281e+00,8.689849853515625000e+00,5.753513336181640625e+00,8.305946350097656250e+00,8.868945121765136719e+00,8.270867347717285156e+00,1.218682765960693359e+01,9.551647186279296875e+00,1.027288246154785156e+01,1.196829795837402344e+01
9.277299880981445312e+00,8.503750801086425781e+00,8.702610969543457031e+00,5.788493156433105469e+00,8.264065742492675781e+00,8.903146743774414062e+00,8.251903533935546875e+00,1.224113368988037109e+01,9.566443443298339844e+00,1.030411720275878906e+01,1.199643898010253906e+01
9.341802597045898438e+00,9.376677513122558594e+00,9.131133079528808594e+00,6.183487892150878906e+00,9.101917266845703125e+00,1.010618782043457031e+01,8.149697303771972656e+00,1.275829410552978516e+01,9.862151145935058594e+00,1.054503154754638672e+01,1.233207702636718750e+01
9.313096046447753906e+00,9.247477531433105469e+00,9.105727195739746094e+00,6.035091876983642578e+00,9.015019416809082031e+00,1.004802513122558594e+01,8.274057388305664062e+00,1.265495300292968750e+01,9.856889724731445312e+00,1.055570411682128906e+01,1.230088615417480469e+01
9.307257652282714844e+00,9.203646659851074219e+00,9.043210983276367188e+00,6.026875019073486328e+00,9.037914276123046875e+00,9.907515525817871094e+00,8.317301750183105469e+00,1.265151882171630859e+01,9.842567443847656250e+00,1.057766723632812500e+01,1.232960700988769531e+01
9.300127983093261719e+00,9.112485885620117188e+00,9.055295944213867188e+00,5.949140548706054688e+00,8.889674186706542969e+00,9.880451202392578125e+00,8.240016937255859375e+00,1.259925079345703125e+01,9.833176612854003906e+00,1.053301334381103516e+01,1.225015449523925781e+01
9.335849761962890625e+00,9.178513526916503906e+00,9.090175628662109375e+00,6.011917591094970703e+00,8.826317787170410156e+00,9.944577217102050781e+00,8.204358100891113281e+00,1.262794208526611328e+01,9.843565940856933594e+00,1.053387165069580078e+01,1.226118755340576172e+01
9.320919990539550781e+00,9.141235351562500000e+00,9.089168548583984375e+00,5.967183113098144531e+00,8.862091064453125000e+00,9.934744834899902344e+00,8.198359489440917969e+00,1.261056423187255859e+01,9.851549148559570312e+00,1.053778839111328125e+01,1.225360679626464844e+01
9.306204795837402344e+00,9.115990638732910156e+00,9.051939010620117188e+00,5.945024013519287109e+00,8.939701080322265625e+00,9.877077102661132812e+00,8.226806640625000000e+00,1.261230850219726562e+01,9.847167015075683594e+00,1.054974937438964844e+01,1.227002716064453125e+01
9.321279525756835938e+00,9.096851348876953125e+00,9.043337821960449219e+00,5.981110095977783203e+00,8.859639167785644531e+00,9.838699340820312500e+00,8.186612129211425781e+00,1.257954883575439453e+01,9.817420005798339844e+00,1.050259208679199219e+01,1.223997116088867188e+01
9.301943778991699219e+00,9.054503440856933594e+00,8.991050720214843750e+00,5.922948837280273438e+00,8.934791564941406250e+00,9.746940612792968750e+00,8.267477989196777344e+00,1.259957313537597656e+01,9.819300651550292969e+00,1.055541610717773438e+01,1.227500438690185547e+01
9.331854820251464844e+00,9.087092399597167969e+00,9.045770645141601562e+00,5.966525077819824219e+00,8.796040534973144531e+00,9.801067352294921875e+00,8.151226997375488281e+00,1.262036037445068359e+01,9.831769943237304688e+00,1.052628421783447266e+01,1.224040031433105469e+01
9.347285270690917969e+00,8.831320762634277344e+00,8.904170989990234375e+00,5.723594188690185547e+00,7.855969905853271484e+00,9.315349578857421875e+00,8.003437042236328125e+00,1.259872341156005859e+01,9.748610496520996094e+00,1.049450492858886719e+01,1.203260421752929688e+01
9.403941154479980469e+00,8.810561180114746094e+00,8.904647827148437500e+00,5.765357971191406250e+00,7.715916156768798828e+00,9.327214241027832031e+00,7.899298191070556641e+00,1.256302833557128906e+01,9.683493614196777344e+00,1.041119861602783203e+01,1.195394420623779297e+01
9.410223960876464844e+00,9.072261810302734375e+00,9.078899383544921875e+00,5.900726318359375000e+00,8.085441589355468750e+00,9.695306777954101562e+00,7.970858097076416016e+00,1.270029354095458984e+01,9.841351509094238281e+00,1.048876571655273438e+01,1.208486175537109375e+01
9.417434692382812500e+00,9.227128028869628906e+00,9.142222404479980469e+00,6.000461578369140625e+00,8.189584732055664062e+00,9.807210922241210938e+00,7.857332229614257812e+00,1.281079769134521484e+01,9.879224777221679688e+00,1.047836017608642578e+01,1.209530353546142578e+01
9.374730110168457031e+00,8.893519401550292969e+00,8.986680984497070312e+00,5.773006916046142578e+00,7.992259025573730469e+00,9.505868911743164062e+00,7.891651630401611328e+00,1.258127975463867188e+01,9.773803710937500000e+00,1.042875671386718750e+01,1.199711799621582031e+01
9.450304031372070312e+00,9.148767471313476562e+00,9.103368759155273438e+00,5.966563224792480469e+00,8.019619941711425781e+00,9.711602210998535156e+00,7.791069030761718750e+00,1.278148937225341797e+01,9.823840141296386719e+00,1.043278884887695312e+01,1.202986526489257812e+01
9.353253364562988281e+00,9.003268241882324219e+00,9.037528038024902344e+00,5.770929813385009766e+00,8.287819862365722656e+00,9.658170700073242188e+00,7.996481418609619141e+00,1.267592239379882812e+01,9.880324363708496094e+00,1.054961967468261719e+01,1.212664794921875000e+01
9.377657890319824219e+00,8.950283050537109375e+00,9.004713058471679688e+00,5.787383079528808594e+00,8.062169075012207031e+00,9.542617797851562500e+00,7.849008083343505859e+00,1.264921379089355469e+01,9.800535202026367188e+00,1.045004844665527344e+01,1.201757812500000000e+01
9.347935676574707031e+00,9.041842460632324219e+00,9.044036865234375000e+00,5.807024002075195312e+00,8.260927200317382812e+00,9.747635841369628906e+00,7.813825130462646484e+00,1.267430400848388672e+01,9.830294609069824219e+00,1.044670867919921875e+01,1.202316474914550781e+01
9.428534507751464844e+00,9.190243721008300781e+00,9.120440483093261719e+00,5.960903167724609375e+00,8.179335594177246094e+00,9.797687530517578125e+00,7.672959804534912109e+00,1.278899288177490234e+01,9.828621864318847656e+00,1.038953495025634766e+01,1.199523925781250000e+01
9.475720405578613281e+00,8.186471939086914062e+00,8.251286506652832031e+00,5.590816497802734375e+00,7.325382232666015625e+00,8.089238166809082031e+00,7.723052501678466797e+00,1.234848976135253906e+01,9.105522155761718750e+00,1.008922004699707031e+01,1.161452674865722656e+01
9.382290840148925781e+00,8.237844467163085938e+00,8.311794281005859375e+00,5.551739692687988281e+00,7.568571090698242188e+00,8.349040985107421875e+00,7.786281108856201172e+00,1.238695335388183594e+01,9.247241973876953125e+00,1.024315929412841797e+01,1.176300334930419922e+01
9.452643394470214844e+00,8.178977012634277344e+00,8.239388465881347656e+00,5.479401111602783203e+00,7.458873271942138672e+00,8.176582336425781250e+00,7.662857055664062500e+00,1.240036392211914062e+01,9.178196907043457031e+00,1.020762157440185547e+01,1.170954704284667969e+01
9.405201911926269531e+00,8.174288749694824219e+00,8.251021385192871094e+00,5.518714427947998047e+00,7.556612491607666016e+00,8.215398788452148438e+00,7.693461894989013672e+00,1.235057735443115234e+01,9.205160140991210938e+00,1.020026206970214844e+01,1.173191833496093750e+01
9.427859306335449219e+00,8.190954208374023438e+00,8.259248733520507812e+00,5.612123966217041016e+00,7.337511062622070312e+00,8.094818115234375000e+00,7.724444866180419922e+00,1.238483333587646484e+01,9.213093757629394531e+00,1.020308113098144531e+01,1.174197673797607422e+01
9.391526222229003906e+00,8.123035430908203125e+00,8.205251693725585938e+00,5.629469394683837891e+00,7.650610923767089844e+00,8.096472740173339844e+00,7.687460899353027344e+00,1.228911685943603516e+01,9.183455467224121094e+00,1.015246200561523438e+01,1.175496292114257812e+01
9.362023353576660156e+00,8.185466766357421875e+00,8.247940063476562500e+00,5.490999698638916016e+00,7.828359603881835938e+00,8.264369964599609375e+00,7.663791179656982422e+00,1.235052585601806641e+01,9.256257057189941406e+00,1.023049354553222656e+01,1.178762245178222656e+01
9.465559005737304688e+00,8.227693557739257812e+00,8.301198959350585938e+00,5.542514324188232422e+00,7.372347831726074219e+00,8.195920944213867188e+00,7.618666648864746094e+00,1.241094875335693359e+01,9.245618820190429688e+00,1.020534324645996094e+01,1.173075199127197266e+01
9.375970840454101562e+00,8.367727279663085938e+00,8.333468437194824219e+00,5.505608081817626953e+00,8.096509933471679688e+00,8.475969314575195312e+00,7.662090778350830078e+00,1.253914356231689453e+01,9.398104667663574219e+00,1.040311050415039062e+01,1.195818328857421875e+01
9.392901420593261719e+00,8.387368202209472656e+00,8.374268531799316406e+00,5.499105453491210938e+00,8.311677932739257812e+00,8.610679626464843750e+00,7.553138256072998047e+00,1.249143314361572266e+01,9.404387474060058594e+00,1.033564567565917969e+01,1.192188835144042969e+01
9.228594779968261719e+00,8.674020767211914062e+00,8.794796943664550781e+00,5.654816627502441406e+00,8.275493621826171875e+00,9.300622940063476562e+00,8.252614021301269531e+00,1.237944126129150391e+01,9.545244216918945312e+00,1.029756832122802734e+01,1.186742115020751953e+01
9.205220222473144531e+00,8.576920509338378906e+00,8.740604400634765625e+00,5.565071105957031250e+00,8.343336105346679688e+00,9.224349975585937500e+00,8.253757476806640625e+00,1.231263637542724609e+01,9.520065307617187500e+00,1.027385234832763672e+01,1.183371162414550781e+01
9.227742195129394531e+00,8.647949218750000000e+00,8.794480323791503906e+00,5.591879367828369141e+00,8.382562637329101562e+00,9.313879966735839844e+00,8.192459106445312500e+00,1.239546394348144531e+01,9.604010581970214844e+00,1.037003517150878906e+01,1.193057060241699219e+01
9.223755836486816406e+00,8.749637603759765625e+00,8.867822647094726562e+00,5.619942665100097656e+00,8.618235588073730469e+00,9.511926651000976562e+00,8.076896667480468750e+00,1.247243785858154297e+01,9.712289810180664062e+00,1.046246528625488281e+01,1.204013633728027344e+01
9.247672080993652344e+00,8.676766395568847656e+00,8.844498634338378906e+00,5.647992610931396484e+00,8.286972999572753906e+00,9.348053932189941406e+00,8.076971054077148438e+00,1.237938976287841797e+01,9.632388114929199219e+00,1.035237407684326172e+01,1.193562507629394531e+01
9.233774185180664062e+00,8.774163246154785156e+00,8.885359764099121094e+00,5.646990776062011719e+00,8.623055458068847656e+00,9.502200126647949219e+00,8.212989807128906250e+00,1.246732997894287109e+01,9.734586715698242188e+00,1.047918796539306641e+01,1.207975482940673828e+01
9.258635520935058594e+00,8.695123672485351562e+00,8.832269668579101562e+00,5.682415008544921875e+00,8.329863548278808594e+00,9.321338653564453125e+00,8.063648223876953125e+00,1.240050792694091797e+01,9.650082588195800781e+00,1.037829208374023438e+01,1.198370170593261719e+01
9.256505966186523438e+00,8.577970504760742188e+00,8.773429870605468750e+00,5.569472312927246094e+00,8.164303779602050781e+00,9.242846488952636719e+00,8.099128723144531250e+00,1.232112026214599609e+01,9.559138298034667969e+00,1.030778121948242188e+01,1.185783958435058594e+01
9.297965049743652344e+00,8.793715476989746094e+00,8.888563156127929688e+00,5.722940921783447266e+00,8.370444297790527344e+00,9.491997718811035156e+00,7.944559574127197266e+00,1.247282886505126953e+01,9.691566467285156250e+00,1.041679000854492188e+01,1.202077102661132812e+01
9.302864074707031250e+00,8.726449012756347656e+00,8.860053062438964844e+00,5.685461997985839844e+00,8.183756828308105469e+00,9.379022598266601562e+00,7.995505809783935547e+00,1.244708251953125000e+01,9.651703834533691406e+00,1.038726520538330078e+01,1.196354675292968750e+01
9.119049072265625000e+00,8.161004066467285156e+00,8.465358734130859375e+00,5.383728027343750000e+00,7.791802406311035156e+00,8.858054161071777344e+00,7.802228927612304688e+00,1.179896068572998047e+01,9.216270446777343750e+00,9.873419761657714844e+00,1.142908763885498047e+01
9.087946891784667969e+00,8.134915351867675781e+00,8.460449218750000000e+00,5.354939937591552734e+00,7.826069355010986328e+00,8.836071014404296875e+00,7.851647377014160156e+00,1.174526309967041016e+01,9.216561317443847656e+00,9.848955154418945312e+00,1.141020107269287109e+01
9.126381874084472656e+00,8.181842803955078125e+00,8.473395347595214844e+00,5.347896575927734375e+00,7.881984233856201172e+00,8.866247177124023438e+00,7.875586986541748047e+00,1.187688541412353516e+01,9.280919075012207031e+00,9.967946052551269531e+00,1.150493049621582031e+01
9.069194793701171875e+00,8.015641212463378906e+00,8.369043350219726562e+00,5.278728485107421875e+00,7.916720867156982422e+00,8.677695274353027344e+00,7.838266849517822266e+00,1.172177028656005859e+01,9.206015586853027344e+00,9.877536773681640625e+00,1.143119144439697266e+01
9.115962982177734375e+00,8.076386451721191406e+00,8.371455192565917969e+00,5.305723190307617188e+00,7.864509105682373047e+00,8.667444229125976562e+00,7.834890842437744141e+00,1.185817050933837891e+01,9.240052223205566406e+00,9.960252761840820312e+00,1.149234580993652344e+01
9.124206542968750000e+00,7.995900154113769531e+00,8.323039054870605469e+00,5.292074203491210938e+00,7.871854782104492188e+00,8.614365577697753906e+00,7.703406810760498047e+00,1.178192615509033203e+01,9.180786132812500000e+00,9.896438598632812500e+00,1.144355487823486328e+01
9.183465003967285156e+00,8.076037406921386719e+00,8.365353584289550781e+00,5.243795394897460938e+00,7.841224670410156250e+00,8.641241073608398438e+00,7.788368225097656250e+00,1.199353504180908203e+01,9.296315193176269531e+00,1.010127830505371094e+01,1.158612251281738281e+01
9.131153106689453125e+00,7.989854812622070312e+00,8.276585578918457031e+00,5.225475788116455078e+00,7.914270877838134766e+00,8.522317886352539062e+00,7.831459045410156250e+00,1.188837528228759766e+01,9.234171867370605469e+00,1.003990936279296875e+01,1.154916954040527344e+01
9.126217842102050781e+00,8.061791419982910156e+00,8.368895530700683594e+00,5.230498790740966797e+00,8.240679740905761719e+00,8.735597610473632812e+00,7.818271636962890625e+00,1.195825290679931641e+01,9.351937294006347656e+00,1.012996101379394531e+01,1.165244197845458984e+01
9.206599235534667969e+00,8.125578880310058594e+00,8.357343673706054688e+00,5.404801368713378906e+00,8.007948875427246094e+00,8.576871871948242188e+00,7.708096981048583984e+00,1.200729751586914062e+01,9.283208847045898438e+00,1.006691169738769531e+01,1.163646984100341797e+01
9.357664108276367188e+00,8.882092475891113281e+00,8.769598007202148438e+00,5.753561019897460938e+00,8.417260169982910156e+00,9.397033691406250000e+00,7.960183143615722656e+00,1.269913959503173828e+01,9.715161323547363281e+00,1.059338378906250000e+01,1.218764305114746094e+01
9.380002021789550781e+00,8.911319732666015625e+00,8.803174972534179688e+00,5.801599979400634766e+00,8.396981239318847656e+00,9.407130241394042969e+00,7.969362735748291016e+00,1.272040176391601562e+01,9.734178543090820312e+00,1.058813285827636719e+01,1.219519519805908203e+01
9.167069435119628906e+00,8.387585639953613281e+00,8.479708671569824219e+00,5.320126056671142578e+00,8.619302749633789062e+00,8.696405410766601562e+00,8.980482101440429688e+00,1.245481967926025391e+01,9.659389495849609375e+00,1.066923713684082031e+01,1.216071701049804688e+01
9.320191383361816406e+00,8.878796577453613281e+00,8.819185256958007812e+00,5.706215858459472656e+00,8.606536865234375000e+00,9.464944839477539062e+00,8.063108444213867188e+00,1.269023990631103516e+01,9.792139053344726562e+00,1.062898159027099609e+01,1.222281455993652344e+01
9.247698783874511719e+00,8.358615875244140625e+00,8.498703002929687500e+00,5.448074340820312500e+00,8.197401046752929688e+00,8.728320121765136719e+00,8.306856155395507812e+00,1.238232517242431641e+01,9.541731834411621094e+00,1.049773025512695312e+01,1.202272224426269531e+01
9.165492057800292969e+00,8.402914047241210938e+00,8.496596336364746094e+00,5.320850372314453125e+00,8.664739608764648438e+00,8.724316596984863281e+00,8.990434646606445312e+00,1.244824886322021484e+01,9.678395271301269531e+00,1.067119693756103516e+01,1.217008209228515625e+01
9.334158897399902344e+00,8.716195106506347656e+00,8.647117614746093750e+00,5.583753585815429688e+00,8.384261131286621094e+00,9.217908859252929688e+00,7.862820625305175781e+00,1.266300487518310547e+01,9.653618812561035156e+00,1.059201240539550781e+01,1.212901401519775391e+01
9.344146728515625000e+00,8.842331886291503906e+00,8.791282653808593750e+00,5.717416763305664062e+00,8.616482734680175781e+00,9.466293334960937500e+00,7.928938865661621094e+00,1.263466262817382812e+01,9.750983238220214844e+00,1.056624031066894531e+01,1.217940616607666016e+01
9.328352928161621094e+00,8.731619834899902344e+00,8.679661750793457031e+00,5.608579158782958984e+00,8.490921974182128906e+00,9.279829025268554688e+00,7.834306240081787109e+00,1.265154552459716797e+01,9.671360969543457031e+00,1.055959129333496094e+01,1.211770057678222656e+01
9.239533424377441406e+00,8.297463417053222656e+00,8.444377899169921875e+00,5.428906440734863281e+00,8.129209518432617188e+00,8.648024559020996094e+00,8.338185310363769531e+00,1.232213115692138672e+01,9.480351448059082031e+00,1.044882488250732422e+01,1.196982383728027344e+01
9.453088760375976562e+00,8.707031250000000000e+00,8.625203132629394531e+00,5.427062511444091797e+00,8.279696464538574219e+00,8.851714134216308594e+00,7.318791866302490234e+00,1.273195934295654297e+01,9.572688102722167969e+00,1.044302749633789062e+01,1.197029304504394531e+01
9.252347946166992188e+00,8.397074699401855469e+00,8.503454208374023438e+00,5.246817111968994141e+00,8.403048515319824219e+00,8.674848556518554688e+00,7.499448299407958984e+00,1.252401638031005859e+01,9.588914871215820312e+00,1.049818992614746094e+01,1.198228645324707031e+01
9.235781669616699219e+00,8.458904266357421875e+00,8.531124114990234375e+00,5.239429950714111328e+00,8.470508575439453125e+00,8.753589630126953125e+00,7.466863155364990234e+00,1.258761501312255859e+01,9.618355751037597656e+00,1.052004623413085938e+01,1.198997116088867188e+01
9.356787681579589844e+00,8.391202926635742188e+00,8.637085914611816406e+00,5.261547088623046875e+00,8.377970695495605469e+00,8.960929870605468750e+00,7.376696109771728516e+00,1.242732143402099609e+01,9.581952095031738281e+00,1.037271881103515625e+01,1.186666870117187500e+01
9.225161552429199219e+00,8.398210525512695312e+00,8.587087631225585938e+00,5.283829689025878906e+00,8.441336631774902344e+00,8.857447624206542969e+00,7.589772701263427734e+00,1.246748733520507812e+01,9.640977859497070312e+00,1.048023223876953125e+01,1.196746635437011719e+01
9.195628166198730469e+00,8.413384437561035156e+00,8.636013031005859375e+00,5.330003261566162109e+00,8.536598205566406250e+00,8.884790420532226562e+00,7.773133277893066406e+00,1.246607398986816406e+01,9.720676422119140625e+00,1.053471183776855469e+01,1.204401874542236328e+01
9.385539054870605469e+00,8.608110427856445312e+00,8.646309852600097656e+00,5.384788036346435547e+00,8.388909339904785156e+00,8.941419601440429688e+00,7.368185520172119141e+00,1.261700344085693359e+01,9.609520912170410156e+00,1.043368911743164062e+01,1.195476818084716797e+01
9.297452926635742188e+00,8.262069702148437500e+00,8.502089500427246094e+00,5.257321834564208984e+00,8.248356819152832031e+00,8.668899536132812500e+00,7.663195133209228516e+00,1.238650417327880859e+01,9.548983573913574219e+00,1.043854236602783203e+01,1.192603778839111328e+01
9.518023490905761719e+00,8.700942039489746094e+00,8.713027954101562500e+00,5.412485599517822266e+00,8.466459274291992188e+00,9.054688453674316406e+00,7.224802494049072266e+00,1.266335010528564453e+01,9.592140197753906250e+00,1.036384391784667969e+01,1.191392230987548828e+01
9.325867652893066406e+00,8.550314903259277344e+00,8.644528388977050781e+00,5.388171195983886719e+00,8.430273056030273438e+00,8.955434799194335938e+00,7.492598056793212891e+00,1.258221530914306641e+01,9.645421028137207031e+00,1.046834564208984375e+01,1.198453903198242188e+01
9.372546195983886719e+00,8.826703071594238281e+00,8.856479644775390625e+00,5.655914306640625000e+00,8.140686035156250000e+00,9.193972587585449219e+00,7.745487213134765625e+00,1.269070148468017578e+01,9.779744148254394531e+00,1.052409648895263672e+01,1.207494354248046875e+01
9.409292221069335938e+00,8.747019767761230469e+00,8.803991317749023438e+00,5.675932407379150391e+00,7.837291717529296875e+00,9.045601844787597656e+00,7.825847148895263672e+00,1.264633846282958984e+01,9.715926170349121094e+00,1.049377822875976562e+01,1.203202247619628906e+01
9.374865531921386719e+00,8.798940658569335938e+00,8.860914230346679688e+00,5.642106056213378906e+00,8.225076675415039062e+00,9.217036247253417969e+00,7.681002140045166016e+00,1.264687824249267578e+01,9.770969390869140625e+00,1.047143745422363281e+01,1.203574180603027344e+01
9.369750022888183594e+00,8.636763572692871094e+00,8.805298805236816406e+00,5.609164714813232422e+00,8.097731590270996094e+00,9.100715637207031250e+00,7.880839347839355469e+00,1.249873352050781250e+01,9.739628791809082031e+00,1.046907997131347656e+01,1.203597068786621094e+01
9.422177314758300781e+00,8.729342460632324219e+00,8.824492454528808594e+00,5.655209541320800781e+00,7.906894683837890625e+00,9.157754898071289062e+00,7.810817241668701172e+00,1.256691074371337891e+01,9.714165687561035156e+00,1.045361614227294922e+01,1.200335025787353516e+01
9.396212577819824219e+00,8.643826484680175781e+00,8.744788169860839844e+00,5.514446735382080078e+00,7.865535259246826172e+00,9.043888092041015625e+00,7.719938755035400391e+00,1.257065200805664062e+01,9.665579795837402344e+00,1.046048736572265625e+01,1.195644283294677734e+01
9.453999519348144531e+00,8.583429336547851562e+00,8.732736587524414062e+00,5.595046043395996094e+00,7.669010162353515625e+00,8.937013626098632812e+00,7.758861541748046875e+00,1.250173759460449219e+01,9.611300468444824219e+00,1.038807868957519531e+01,1.191260910034179688e+01
9.413335800170898438e+00,8.622998237609863281e+00,8.787642478942871094e+00,5.608762741088867188e+00,7.956824779510498047e+00,9.033403396606445312e+00,7.667843818664550781e+00,1.244437789916992188e+01,9.674206733703613281e+00,1.034202766418457031e+01,1.192403316497802734e+01
9.419609069824218750e+00,8.432215690612792969e+00,8.701963424682617188e+00,5.575840950012207031e+00,7.679210186004638672e+00,8.751117706298828125e+00,7.734099388122558594e+00,1.230857944488525391e+01,9.591153144836425781e+00,1.028013038635253906e+01,1.185701751708984375e+01
9.326268196105957031e+00,8.559160232543945312e+00,8.717279434204101562e+00,5.420386314392089844e+00,8.059797286987304688e+00,9.004884719848632812e+00,7.702600002288818359e+00,1.249657917022705078e+01,9.692574501037597656e+00,1.045956230163574219e+01,1.195797538757324219e+01
9.230642318725585938e+00,8.717833518981933594e+00,8.798043251037597656e+00,5.633630752563476562e+00,8.723576545715332031e+00,9.266489028930664062e+00,8.061636924743652344e+00,1.247998142242431641e+01,9.808382987976074219e+00,1.058119678497314453e+01,1.221236419677734375e+01
9.293324470520019531e+00,8.752373695373535156e+00,8.807603836059570312e+00,5.645519256591796875e+00,8.488769531250000000e+00,9.328378677368164062e+00,8.061135292053222656e+00,1.252880477905273438e+01,9.767552375793457031e+00,1.058163833618164062e+01,1.217707633972167969e+01
9.240216255187988281e+00,8.782556533813476562e+00,8.835918426513671875e+00,5.650780677795410156e+00,8.777899742126464844e+00,9.412780761718750000e+00,7.990809917449951172e+00,1.250282192230224609e+01,9.839379310607910156e+00,1.059194087982177734e+01,1.222471904754638672e+01
9.259173393249511719e+00,8.969161987304687500e+00,8.948877334594726562e+00,5.802334785461425781e+00,9.040084838867187500e+00,9.658313751220703125e+00,7.778487682342529297e+00,1.260380649566650391e+01,9.902951240539550781e+00,1.057396697998046875e+01,1.225829219818115234e+01
9.300734519958496094e+00,8.950667381286621094e+00,8.911989212036132812e+00,5.802836418151855469e+00,8.864884376525878906e+00,9.607505798339843750e+00,7.765690326690673828e+00,1.259244632720947266e+01,9.851267814636230469e+00,1.055200195312500000e+01,1.222784996032714844e+01
9.296887397766113281e+00,8.843581199645996094e+00,8.881238937377929688e+00,5.757854461669921875e+00,8.717236518859863281e+00,9.438504219055175781e+00,7.984559059143066406e+00,1.252328205108642578e+01,9.834443092346191406e+00,1.055487346649169922e+01,1.222414588928222656e+01
9.302447319030761719e+00,9.123917579650878906e+00,9.012914657592773438e+00,5.921577453613281250e+00,9.041240692138671875e+00,9.722469329833984375e+00,7.697548389434814453e+00,1.270688724517822266e+01,9.928072929382324219e+00,1.055471420288085938e+01,1.227059745788574219e+01
9.370177268981933594e+00,8.977493286132812500e+00,8.950775146484375000e+00,5.832709789276123047e+00,8.546806335449218750e+00,9.535980224609375000e+00,7.561878204345703125e+00,1.260116863250732422e+01,9.793808937072753906e+00,1.041839218139648438e+01,1.208600234985351562e+01
9.280938148498535156e+00,9.096641540527343750e+00,8.991432189941406250e+00,5.888267517089843750e+00,9.087516784667968750e+00,9.656705856323242188e+00,7.651615619659423828e+00,1.270361042022705078e+01,9.926354408264160156e+00,1.055073738098144531e+01,1.226296234130859375e+01
9.247254371643066406e+00,8.842982292175292969e+00,8.844805717468261719e+00,5.718022823333740234e+00,8.897190093994140625e+00,9.411252975463867188e+00,7.716754913330078125e+00,1.253536128997802734e+01,9.839650154113769531e+00,1.053177833557128906e+01,1.220269203186035156e+01
9.335995674133300781e+00,8.553891181945800781e+00,8.688391685485839844e+00,5.596281051635742188e+00,8.019841194152832031e+00,9.018895149230957031e+00,7.981804847717285156e+00,1.242388248443603516e+01,9.616820335388183594e+00,1.044319152832031250e+01,1.200198745727539062e+01
9.336478233337402344e+00,8.513856887817382812e+00,8.666776657104492188e+00,5.616765975952148438e+00,8.084871292114257812e+00,8.956335067749023438e+00,7.945246696472167969e+00,1.238821220397949219e+01,9.608073234558105469e+00,1.041324234008789062e+01,1.200162696838378906e+01
9.318425178527832031e+00,8.442661285400390625e+00,8.611528396606445312e+00,5.509050846099853516e+00,8.155724525451660156e+00,8.938364028930664062e+00,7.901245594024658203e+00,1.236156082153320312e+01,9.578800201416015625e+00,1.042244243621826172e+01,1.198089885711669922e+01
9.291410446166992188e+00,8.395500183105468750e+00,8.601689338684082031e+00,5.479197025299072266e+00,8.096927642822265625e+00,8.869906425476074219e+00,8.005119323730468750e+00,1.230179500579833984e+01,9.578031539916992188e+00,1.041088771820068359e+01,1.196524620056152344e+01
9.315143585205078125e+00,8.403834342956542969e+00,8.624376296997070312e+00,5.509538650512695312e+00,8.017498970031738281e+00,8.875898361206054688e+00,8.001632690429687500e+00,1.230152225494384766e+01,9.573217391967773438e+00,1.039728832244873047e+01,1.195358943939208984e+01
9.318275451660156250e+00,8.397322654724121094e+00,8.602129936218261719e+00,5.529861450195312500e+00,8.093531608581542969e+00,8.857197761535644531e+00,7.924440860748291016e+00,1.229179573059082031e+01,9.563271522521972656e+00,1.037644004821777344e+01,1.195732498168945312e+01
9.273726463317871094e+00,8.283668518066406250e+00,8.565999984741210938e+00,5.353452682495117188e+00,8.153431892395019531e+00,8.822650909423828125e+00,7.917282104492187500e+00,1.225211811065673828e+01,9.570954322814941406e+00,1.040006065368652344e+01,1.192340469360351562e+01
9.311259269714355469e+00,8.311761856079101562e+00,8.567090034484863281e+00,5.444526672363281250e+00,8.025192260742187500e+00,8.782011032104492188e+00,7.896931171417236328e+00,1.225012111663818359e+01,9.536019325256347656e+00,1.035869979858398438e+01,1.190927886962890625e+01
9.330259323120117188e+00,8.289992332458496094e+00,8.559245109558105469e+00,5.447886466979980469e+00,7.925182819366455078e+00,8.720180511474609375e+00,7.903883934020996094e+00,1.224680805206298828e+01,9.526231765747070312e+00,1.035759544372558594e+01,1.190438175201416016e+01
9.339513778686523438e+00,8.332195281982421875e+00,8.611939430236816406e+00,5.438940048217773438e+00,7.944781780242919922e+00,8.804094314575195312e+00,7.798811912536621094e+00,1.226212406158447266e+01,9.542330741882324219e+00,1.033352088928222656e+01,1.187145805358886719e+01
9.205613136291503906e+00,8.211059570312500000e+00,8.472150802612304688e+00,5.525985717773437500e+00,7.781136989593505859e+00,8.468248367309570312e+00,8.039029121398925781e+00,1.210709857940673828e+01,9.381562232971191406e+00,1.016388893127441406e+01,1.173561477661132812e+01
9.230544090270996094e+00,8.319427490234375000e+00,8.556619644165039062e+00,5.493135929107666016e+00,7.867429733276367188e+00,8.703516006469726562e+00,8.084550857543945312e+00,1.217884922027587891e+01,9.454451560974121094e+00,1.024638652801513672e+01,1.179508972167968750e+01
9.215809822082519531e+00,8.304109573364257812e+00,8.558301925659179688e+00,5.494492530822753906e+00,7.916455745697021484e+00,8.612913131713867188e+00,8.106900215148925781e+00,1.222224712371826172e+01,9.513394355773925781e+00,1.030189323425292969e+01,1.185589790344238281e+01
9.281476020812988281e+00,8.358469963073730469e+00,8.611292839050292969e+00,5.478490352630615234e+00,8.003035545349121094e+00,8.847847938537597656e+00,7.878639698028564453e+00,1.224791622161865234e+01,9.516894340515136719e+00,1.030579090118408203e+01,1.185632324218750000e+01
9.289727210998535156e+00,8.431187629699707031e+00,8.603792190551757812e+00,5.611224651336669922e+00,7.915075302124023438e+00,8.761500358581542969e+00,7.952079772949218750e+00,1.230467891693115234e+01,9.524849891662597656e+00,1.031849479675292969e+01,1.190304565429687500e+01
9.312211990356445312e+00,8.431743621826171875e+00,8.596285820007324219e+00,5.593967914581298828e+00,7.936512470245361328e+00,8.762454986572265625e+00,7.846190929412841797e+00,1.233736324310302734e+01,9.517279624938964844e+00,1.032016944885253906e+01,1.189793205261230469e+01
9.287955284118652344e+00,8.356827735900878906e+00,8.561792373657226562e+00,5.531090259552001953e+00,7.861242771148681641e+00,8.664923667907714844e+00,7.938178539276123047e+00,1.229874229431152344e+01,9.507159233093261719e+00,1.032730960845947266e+01,1.188087081909179688e+01
9.263669967651367188e+00,8.376316070556640625e+00,8.606445312500000000e+00,5.517094135284423828e+00,8.063457489013671875e+00,8.787588119506835938e+00,7.856968402862548828e+00,1.225876808166503906e+01,9.550587654113769531e+00,1.030533504486083984e+01,1.188405990600585938e+01
9.267748832702636719e+00,8.336873054504394531e+00,8.569628715515136719e+00,5.478002548217773438e+00,7.943227291107177734e+00,8.697710037231445312e+00,7.954743862152099609e+00,1.226305103302001953e+01,9.528058052062988281e+00,1.033310317993164062e+01,1.188267326354980469e+01
9.320445060729980469e+00,8.307294845581054688e+00,8.586732864379882812e+00,5.556955337524414062e+00,7.765174388885498047e+00,8.659549713134765625e+00,7.785304069519042969e+00,1.219991970062255859e+01,9.472344398498535156e+00,1.020877361297607422e+01,1.178934478759765625e+01
9.361224174499511719e+00,8.814639091491699219e+00,8.786547660827636719e+00,5.337636947631835938e+00,8.707989692687988281e+00,9.244777679443359375e+00,7.053796291351318359e+00,1.269741058349609375e+01,9.646090507507324219e+00,1.031683540344238281e+01,1.183609104156494141e+01
9.568626403808593750e+00,8.909577369689941406e+00,8.824893951416015625e+00,5.549452304840087891e+00,8.392804145812988281e+00,9.248336791992187500e+00,7.201920509338378906e+00,1.277587127685546875e+01,9.620419502258300781e+00,1.032892036437988281e+01,1.189576721191406250e+01
9.560264587402343750e+00,8.809576988220214844e+00,8.789598464965820312e+00,5.532480716705322266e+00,8.405953407287597656e+00,9.228986740112304688e+00,7.216174602508544922e+00,1.267327594757080078e+01,9.593895912170410156e+00,1.030002212524414062e+01,1.187822914123535156e+01
9.520932197570800781e+00,8.800663948059082031e+00,8.801452636718750000e+00,5.532253265380859375e+00,8.400939941406250000e+00,9.181583404541015625e+00,7.237708091735839844e+00,1.266890621185302734e+01,9.626130104064941406e+00,1.030387020111083984e+01,1.188495922088623047e+01
9.519752502441406250e+00,8.781029701232910156e+00,8.777446746826171875e+00,5.529180049896240234e+00,8.143370628356933594e+00,9.010736465454101562e+00,7.306938648223876953e+00,1.270363903045654297e+01,9.611976623535156250e+00,1.032705497741699219e+01,1.188112449645996094e+01
9.420442581176757812e+00,8.689619064331054688e+00,8.734287261962890625e+00,5.493848800659179688e+00,8.340591430664062500e+00,9.105378150939941406e+00,7.433198928833007812e+00,1.263940620422363281e+01,9.650444030761718750e+00,1.042462921142578125e+01,1.196524238586425781e+01
9.456187248229980469e+00,8.783874511718750000e+00,8.725681304931640625e+00,5.307398796081542969e+00,8.344538688659667969e+00,9.106333732604980469e+00,7.160037994384765625e+00,1.274226665496826172e+01,9.601300239562988281e+00,1.037729644775390625e+01,1.185438156127929688e+01
9.582221031188964844e+00,8.893593788146972656e+00,8.831293106079101562e+00,5.519552230834960938e+00,8.515244483947753906e+00,9.200208663940429688e+00,7.172523021697998047e+00,1.275754261016845703e+01,9.647248268127441406e+00,1.033023166656494141e+01,1.191922664642333984e+01
9.544913291931152344e+00,8.738158226013183594e+00,8.756352424621582031e+00,5.477839469909667969e+00,8.227138519287109375e+00,9.070598602294921875e+00,7.255784034729003906e+00,1.263967037200927734e+01,9.588952064514160156e+00,1.029182434082031250e+01,1.185068893432617188e+01
9.557148933410644531e+00,8.640705108642578125e+00,8.695209503173828125e+00,5.349003314971923828e+00,8.342547416687011719e+00,8.948308944702148438e+00,7.203645229339599609e+00,1.262134647369384766e+01,9.570116996765136719e+00,1.032343482971191406e+01,1.186682701110839844e+01
9.251543998718261719e+00,8.660790443420410156e+00,8.804547309875488281e+00,5.518846511840820312e+00,8.433081626892089844e+00,9.309638977050781250e+00,7.958979129791259766e+00,1.249489116668701172e+01,9.766694068908691406e+00,1.053944396972656250e+01,1.208305644989013672e+01
9.291188240051269531e+00,8.615078926086425781e+00,8.774940490722656250e+00,5.568079948425292969e+00,8.285294532775878906e+00,9.170684814453125000e+00,7.947679996490478516e+00,1.246631622314453125e+01,9.718214988708496094e+00,1.048872470855712891e+01,1.205373668670654297e+01
9.328737258911132812e+00,8.644494056701660156e+00,8.818526268005371094e+00,5.618729591369628906e+00,8.129506111145019531e+00,9.227547645568847656e+00,7.926008701324462891e+00,1.246586513519287109e+01,9.705830574035644531e+00,1.043933868408203125e+01,1.200509643554687500e+01
9.297509193420410156e+00,8.576159477233886719e+00,8.741232872009277344e+00,5.549125671386718750e+00,8.293559074401855469e+00,9.161577224731445312e+00,7.956030368804931641e+00,1.242161083221435547e+01,9.686135292053222656e+00,1.046914958953857422e+01,1.203773498535156250e+01
9.328633308410644531e+00,8.647533416748046875e+00,8.797594070434570312e+00,5.623374938964843750e+00,8.338675498962402344e+00,9.289117813110351562e+00,7.876151561737060547e+00,1.243341350555419922e+01,9.698260307312011719e+00,1.043827056884765625e+01,1.203376388549804688e+01
9.303808212280273438e+00,8.530928611755371094e+00,8.733292579650878906e+00,5.558948040008544922e+00,8.329878807067871094e+00,9.087582588195800781e+00,7.804299831390380859e+00,1.238707923889160156e+01,9.671292304992675781e+00,1.040746688842773438e+01,1.199932193756103516e+01
9.344681739807128906e+00,8.635794639587402344e+00,8.788761138916015625e+00,5.599946022033691406e+00,8.190248489379882812e+00,9.216184616088867188e+00,7.829160213470458984e+00,1.246566486358642578e+01,9.684935569763183594e+00,1.043481540679931641e+01,1.200164222717285156e+01
9.286847114562988281e+00,8.516303062438964844e+00,8.706264495849609375e+00,5.499935626983642578e+00,8.422218322753906250e+00,9.145217895507812500e+00,7.895493030548095703e+00,1.238862991333007812e+01,9.673552513122558594e+00,1.045811557769775391e+01,1.202639007568359375e+01
9.333800315856933594e+00,8.554839134216308594e+00,8.715335845947265625e+00,5.551309585571289062e+00,8.272517204284667969e+00,9.103307723999023438e+00,7.808593750000000000e+00,1.243914508819580078e+01,9.658854484558105469e+00,1.044019031524658203e+01,1.201003837585449219e+01
9.359346389770507812e+00,8.577549934387207031e+00,8.765496253967285156e+00,5.594479560852050781e+00,8.182570457458496094e+00,9.175811767578125000e+00,7.724996089935302734e+00,1.238636493682861328e+01,9.642573356628417969e+00,1.035879516601562500e+01,1.194608879089355469e+01
9.357615470886230469e+00,8.140680313110351562e+00,8.422356605529785156e+00,5.142737865447998047e+00,7.529017448425292969e+00,8.521673202514648438e+00,7.674169063568115234e+00,1.234619045257568359e+01,9.339910507202148438e+00,1.027495956420898438e+01,1.164531707763671875e+01
9.326648712158203125e+00,8.227634429931640625e+00,8.417451858520507812e+00,5.188151359558105469e+00,7.758794307708740234e+00,8.544914245605468750e+00,7.627893924713134766e+00,1.245395755767822266e+01,9.409498214721679688e+00,1.037432670593261719e+01,1.177111530303955078e+01
9.284178733825683594e+00,8.254476547241210938e+00,8.455760002136230469e+00,5.166546821594238281e+00,7.965720653533935547e+00,8.675502777099609375e+00,7.635321140289306641e+00,1.246047878265380859e+01,9.475803375244140625e+00,1.042118835449218750e+01,1.182021617889404297e+01
9.298624038696289062e+00,8.083946228027343750e+00,8.362196922302246094e+00,5.096611976623535156e+00,7.865528583526611328e+00,8.481610298156738281e+00,7.699887275695800781e+00,1.231515884399414062e+01,9.376750946044921875e+00,1.033220863342285156e+01,1.172730541229248047e+01
9.423329353332519531e+00,8.110203742980957031e+00,8.402476310729980469e+00,5.214315891265869141e+00,7.515048027038574219e+00,8.465654373168945312e+00,7.576745510101318359e+00,1.227560424804687500e+01,9.299187660217285156e+00,1.019916915893554688e+01,1.162562370300292969e+01
9.385416030883789062e+00,8.259860992431640625e+00,8.467869758605957031e+00,5.320044517517089844e+00,7.754949092864990234e+00,8.525536537170410156e+00,7.605352878570556641e+00,1.242873954772949219e+01,9.434586524963378906e+00,1.033041381835937500e+01,1.179646492004394531e+01
9.478865623474121094e+00,8.175705909729003906e+00,8.434265136718750000e+00,5.055986404418945312e+00,7.822816371917724609e+00,8.722325325012207031e+00,7.416897773742675781e+00,1.235104656219482422e+01,9.355473518371582031e+00,1.029247188568115234e+01,1.168083953857421875e+01
9.212141990661621094e+00,8.163516044616699219e+00,8.482010841369628906e+00,5.058221817016601562e+00,8.326845169067382812e+00,8.764832496643066406e+00,7.688340663909912109e+00,1.236472225189208984e+01,9.558723449707031250e+00,1.045091915130615234e+01,1.184602928161621094e+01
9.419729232788085938e+00,8.180933952331542969e+00,8.415784835815429688e+00,5.164030075073242188e+00,7.645847797393798828e+00,8.576505661010742188e+00,7.529542446136474609e+00,1.234278011322021484e+01,9.348294258117675781e+00,1.026902580261230469e+01,1.167753887176513672e+01
9.367375373840332031e+00,8.244158744812011719e+00,8.501438140869140625e+00,5.209515571594238281e+00,7.734883785247802734e+00,8.609098434448242188e+00,7.572022914886474609e+00,1.240443897247314453e+01,9.457488059997558594e+00,1.033051109313964844e+01,1.175081443786621094e+01
9.258978843688964844e+00,8.107623100280761719e+00,8.208714485168457031e+00,5.214546203613281250e+00,8.336089134216308594e+00,8.227029800415039062e+00,7.757263183593750000e+00,1.243959331512451172e+01,9.382867813110351562e+00,1.048638725280761719e+01,1.197332572937011719e+01
9.265960693359375000e+00,8.048778533935546875e+00,8.172631263732910156e+00,5.041049957275390625e+00,7.840682506561279297e+00,7.992996215820312500e+00,7.590468883514404297e+00,1.241339397430419922e+01,9.334304809570312500e+00,1.043088912963867188e+01,1.184069919586181641e+01
9.290963172912597656e+00,7.833511352539062500e+00,8.104598045349121094e+00,4.677242279052734375e+00,7.696214675903320312e+00,7.897895812988281250e+00,7.447073459625244141e+00,1.224400329589843750e+01,9.257023811340332031e+00,1.033153629302978516e+01,1.164496040344238281e+01
9.286103248596191406e+00,7.799932479858398438e+00,8.047134399414062500e+00,4.588308334350585938e+00,7.616501808166503906e+00,7.824387550354003906e+00,7.442214965820312500e+00,1.223089504241943359e+01,9.219552993774414062e+00,1.033149719238281250e+01,1.161199951171875000e+01
9.245497703552246094e+00,7.788195610046386719e+00,8.044529914855957031e+00,4.542921066284179688e+00,7.720935821533203125e+00,7.840218544006347656e+00,7.486198902130126953e+00,1.223512649536132812e+01,9.245568275451660156e+00,1.036261940002441406e+01,1.162590408325195312e+01
9.363134384155273438e+00,7.743984222412109375e+00,8.044181823730468750e+00,4.648986816406250000e+00,7.452624320983886719e+00,7.696826457977294922e+00,7.384820461273193359e+00,1.216016387939453125e+01,9.170453071594238281e+00,1.022899723052978516e+01,1.155490493774414062e+01
9.254261970520019531e+00,7.782413482666015625e+00,7.954307556152343750e+00,4.506264209747314453e+00,7.560286521911621094e+00,7.568007946014404297e+00,7.433783054351806641e+00,1.226862812042236328e+01,9.174365043640136719e+00,1.034255123138427734e+01,1.160441398620605469e+01
9.284311294555664062e+00,7.686907768249511719e+00,7.974299430847167969e+00,4.439086914062500000e+00,7.749299526214599609e+00,7.649744033813476562e+00,7.359828472137451172e+00,1.217139148712158203e+01,9.193245887756347656e+00,1.029167747497558594e+01,1.156678771972656250e+01
9.230479240417480469e+00,7.780757904052734375e+00,8.001339912414550781e+00,4.674265384674072266e+00,7.651278495788574219e+00,7.619086742401123047e+00,7.461005687713623047e+00,1.226293849945068359e+01,9.228417396545410156e+00,1.033818340301513672e+01,1.165974330902099609e+01
9.304759025573730469e+00,7.810153961181640625e+00,8.000875473022460938e+00,4.585402488708496094e+00,7.510522842407226562e+00,7.663054943084716797e+00,7.397743701934814453e+00,1.224899578094482422e+01,9.185003280639648438e+00,1.031931686401367188e+01,1.161067390441894531e+01
9.481141090393066406e+00,7.578682899475097656e+00,7.873297691345214844e+00,4.990793228149414062e+00,6.999447345733642578e+00,7.056375503540039062e+00,7.518290996551513672e+00,1.212358856201171875e+01,9.005920410156250000e+00,1.010433101654052734e+01,1.153705024719238281e+01
9.462187767028808594e+00,7.609336853027343750e+00,7.804102897644042969e+00,4.994412422180175781e+00,7.083528518676757812e+00,7.012339115142822266e+00,7.511132240295410156e+00,1.219789695739746094e+01,8.990900039672851562e+00,1.016135787963867188e+01,1.159029197692871094e+01
9.424065589904785156e+00,7.536660194396972656e+00,7.840633392333984375e+00,4.963191986083984375e+00,7.215311050415039062e+00,7.084242820739746094e+00,7.544441699981689453e+00,1.207914829254150391e+01,9.021328926086425781e+00,1.011731624603271484e+01,1.156200504302978516e+01
9.434509277343750000e+00,7.553444862365722656e+00,7.918985366821289062e+00,4.969767570495605469e+00,7.224571704864501953e+00,7.216167926788330078e+00,7.542767047882080078e+00,1.206839942932128906e+01,9.063422203063964844e+00,1.010981559753417969e+01,1.155075931549072266e+01
9.539113044738769531e+00,7.506825447082519531e+00,7.761332988739013672e+00,4.748410224914550781e+00,6.947096347808837891e+00,6.933143615722656250e+00,7.434021472930908203e+00,1.207451534271240234e+01,8.917432785034179688e+00,1.008098506927490234e+01,1.146305274963378906e+01
9.522141456604003906e+00,7.443899154663085938e+00,7.753335952758789062e+00,4.994576454162597656e+00,6.795078754425048828e+00,6.704311370849609375e+00,7.530401706695556641e+00,1.199679660797119141e+01,8.907998085021972656e+00,1.000043582916259766e+01,1.146320915222167969e+01
9.470119476318359375e+00,7.264052391052246094e+00,7.592149734497070312e+00,4.818459987640380859e+00,6.871179103851318359e+00,6.376443862915039062e+00,7.533879756927490234e+00,1.192926311492919922e+01,8.856522560119628906e+00,9.993480682373046875e+00,1.143626213073730469e+01
9.497008323669433594e+00,7.519577026367187500e+00,7.798045635223388672e+00,4.900382041931152344e+00,6.918405055999755859e+00,6.884109497070312500e+00,7.488232135772705078e+00,1.209421443939208984e+01,8.962847709655761719e+00,1.007357311248779297e+01,1.149033737182617188e+01
9.470593452453613281e+00,7.387346267700195312e+00,7.809059143066406250e+00,4.851749420166015625e+00,6.972466945648193359e+00,6.759057998657226562e+00,7.538856983184814453e+00,1.193924617767333984e+01,9.003530502319335938e+00,1.002511024475097656e+01,1.147434425354003906e+01
9.480152130126953125e+00,7.606068611145019531e+00,7.963606834411621094e+00,4.969393253326416016e+00,7.033797740936279297e+00,7.180823326110839844e+00,7.548052310943603516e+00,1.209610652923583984e+01,9.085900306701660156e+00,1.011335659027099609e+01,1.154363822937011719e+01
9.506840705871582031e+00,8.483706474304199219e+00,8.571146965026855469e+00,5.458790779113769531e+00,8.024614334106445312e+00,8.859460830688476562e+00,7.454825878143310547e+00,1.245900344848632812e+01,9.478737831115722656e+00,1.030072021484375000e+01,1.185224914550781250e+01
9.482698440551757812e+00,8.529073715209960938e+00,8.612851142883300781e+00,5.441923141479492188e+00,8.171790122985839844e+00,8.872233390808105469e+00,7.430478096008300781e+00,1.250934123992919922e+01,9.547655105590820312e+00,1.034331512451171875e+01,1.189982032775878906e+01
9.413166999816894531e+00,8.269517898559570312e+00,8.429925918579101562e+00,5.366769790649414062e+00,7.767714977264404297e+00,8.469512939453125000e+00,7.613037109375000000e+00,1.239574050903320312e+01,9.429173469543457031e+00,1.032172679901123047e+01,1.182529640197753906e+01
9.443620681762695312e+00,8.390205383300781250e+00,8.515085220336914062e+00,5.426768779754638672e+00,8.089497566223144531e+00,8.661195755004882812e+00,7.534262180328369141e+00,1.242508029937744141e+01,9.505863189697265625e+00,1.033756160736083984e+01,1.190025615692138672e+01
9.445857048034667969e+00,8.284182548522949219e+00,8.458986282348632812e+00,5.329895496368408203e+00,8.044118881225585938e+00,8.517841339111328125e+00,7.479263782501220703e+00,1.238483142852783203e+01,9.457921028137207031e+00,1.029899024963378906e+01,1.183859443664550781e+01
9.391447067260742188e+00,8.320478439331054688e+00,8.562146186828613281e+00,5.305483818054199219e+00,8.230859756469726562e+00,8.810076713562011719e+00,7.500542163848876953e+00,1.232783031463623047e+01,9.553154945373535156e+00,1.033509254455566406e+01,1.186931324005126953e+01
9.438714027404785156e+00,8.273950576782226562e+00,8.495013236999511719e+00,5.330508708953857422e+00,8.098861694335937500e+00,8.635564804077148438e+00,7.492586612701416016e+00,1.232380294799804688e+01,9.474138259887695312e+00,1.028320503234863281e+01,1.182946014404296875e+01
9.454771995544433594e+00,8.123159408569335938e+00,8.396711349487304688e+00,5.281430244445800781e+00,7.785626888275146484e+00,8.357606887817382812e+00,7.518524169921875000e+00,1.222478294372558594e+01,9.379628181457519531e+00,1.021480560302734375e+01,1.174740982055664062e+01
9.482752799987792969e+00,8.286706924438476562e+00,8.508083343505859375e+00,5.337810516357421875e+00,8.258973121643066406e+00,8.732507705688476562e+00,7.385873317718505859e+00,1.226191425323486328e+01,9.466445922851562500e+00,1.022384262084960938e+01,1.181238555908203125e+01
9.428265571594238281e+00,8.097821235656738281e+00,8.446038246154785156e+00,5.300268173217773438e+00,8.083433151245117188e+00,8.527499198913574219e+00,7.454777717590332031e+00,1.208766078948974609e+01,9.406723976135253906e+00,1.013419914245605469e+01,1.172566318511962891e+01
9.082562446594238281e+00,7.636712074279785156e+00,7.624819755554199219e+00,4.710391998291015625e+00,7.797559738159179688e+00,6.982964515686035156e+00,7.519312381744384766e+00,1.237366199493408203e+01,9.067076683044433594e+00,1.040390586853027344e+01,1.174908447265625000e+01
9.259747505187988281e+00,7.620073318481445312e+00,7.625903129577636719e+00,4.674095153808593750e+00,7.694171428680419922e+00,7.035846710205078125e+00,7.340325832366943359e+00,1.231879806518554688e+01,8.967949867248535156e+00,1.028638267517089844e+01,1.164545822143554688e+01
9.214017868041992188e+00,7.577078819274902344e+00,7.674810886383056641e+00,4.577496528625488281e+00,7.678448200225830078e+00,7.123667716979980469e+00,7.408289432525634766e+00,1.224188709259033203e+01,9.017584800720214844e+00,1.028989410400390625e+01,1.161102294921875000e+01
9.300290107727050781e+00,7.658975601196289062e+00,7.708724498748779297e+00,4.851672649383544922e+00,7.619902610778808594e+00,7.131910800933837891e+00,7.401222705841064453e+00,1.230129337310791016e+01,9.008025169372558594e+00,1.026209449768066406e+01,1.167170333862304688e+01
9.262623786926269531e+00,7.486169815063476562e+00,7.560703277587890625e+00,4.739648818969726562e+00,7.701869487762451172e+00,7.002426147460937500e+00,7.396972179412841797e+00,1.215416145324707031e+01,8.907135963439941406e+00,1.018751716613769531e+01,1.158557128906250000e+01
9.245311737060546875e+00,7.521668434143066406e+00,7.591277122497558594e+00,4.752582550048828125e+00,7.473053455352783203e+00,6.851627349853515625e+00,7.422946453094482422e+00,1.223366546630859375e+01,8.946742057800292969e+00,1.022977256774902344e+01,1.161145687103271484e+01
9.192917823791503906e+00,7.628199577331542969e+00,7.674020290374755859e+00,4.806443214416503906e+00,7.474548816680908203e+00,6.847476959228515625e+00,7.470540523529052734e+00,1.234509754180908203e+01,9.046673774719238281e+00,1.032028770446777344e+01,1.170098209381103516e+01
9.239306449890136719e+00,7.522037506103515625e+00,7.561823844909667969e+00,4.412793159484863281e+00,7.486018657684326172e+00,6.827912330627441406e+00,7.279487609863281250e+00,1.223492431640625000e+01,8.928708076477050781e+00,1.024258232116699219e+01,1.153376483917236328e+01
9.290991783142089844e+00,7.431691169738769531e+00,7.566106796264648438e+00,4.976819038391113281e+00,7.357302188873291016e+00,6.733346462249755859e+00,7.473786354064941406e+00,1.209102153778076172e+01,8.883749008178710938e+00,1.009516525268554688e+01,1.156496524810791016e+01
9.285072326660156250e+00,7.665697097778320312e+00,7.628726959228515625e+00,4.890234947204589844e+00,7.055634975433349609e+00,6.706070899963378906e+00,7.419632911682128906e+00,1.238694667816162109e+01,8.950076103210449219e+00,1.026703262329101562e+01,1.164366912841796875e+01
8.938646316528320312e+00,8.353186607360839844e+00,7.905957698822021484e+00,5.231234550476074219e+00,7.189136505126953125e+00,7.551053524017333984e+00,7.724168300628662109e+00,1.269073009490966797e+01,9.295266151428222656e+00,1.058262825012207031e+01,1.198586654663085938e+01
9.007871627807617188e+00,8.656683921813964844e+00,8.086814880371093750e+00,5.541443824768066406e+00,7.360294818878173828e+00,7.854099273681640625e+00,7.759049415588378906e+00,1.284215259552001953e+01,9.436820030212402344e+00,1.061682605743408203e+01,1.212103939056396484e+01
9.037268638610839844e+00,8.667359352111816406e+00,8.264893531799316406e+00,5.535594940185546875e+00,7.326412200927734375e+00,8.062061309814453125e+00,7.965779781341552734e+00,1.280426788330078125e+01,9.566451072692871094e+00,1.066927528381347656e+01,1.214918899536132812e+01
9.045056343078613281e+00,8.670643806457519531e+00,8.128046035766601562e+00,5.537795066833496094e+00,7.279723167419433594e+00,7.917218685150146484e+00,7.777178287506103516e+00,1.283229351043701172e+01,9.447126388549804688e+00,1.061349964141845703e+01,1.210633277893066406e+01
9.015371322631835938e+00,8.396946907043457031e+00,7.910137176513671875e+00,5.468159675598144531e+00,7.255093097686767578e+00,7.651101112365722656e+00,7.978138446807861328e+00,1.267694187164306641e+01,9.315476417541503906e+00,1.060524559020996094e+01,1.207936096191406250e+01
8.986692428588867188e+00,8.370952606201171875e+00,7.914193153381347656e+00,5.320982456207275391e+00,7.329570293426513672e+00,7.670011043548583984e+00,7.852674961090087891e+00,1.263101577758789062e+01,9.318587303161621094e+00,1.057295513153076172e+01,1.202149772644042969e+01
9.009530067443847656e+00,8.267180442810058594e+00,7.844112396240234375e+00,5.187730312347412109e+00,7.315251350402832031e+00,7.540863990783691406e+00,7.690371036529541016e+00,1.258474922180175781e+01,9.243741035461425781e+00,1.051223945617675781e+01,1.193730258941650391e+01
8.955486297607421875e+00,8.365298271179199219e+00,7.914330482482910156e+00,5.438048362731933594e+00,7.324421882629394531e+00,7.523070335388183594e+00,8.038041114807128906e+00,1.267619037628173828e+01,9.374811172485351562e+00,1.065200614929199219e+01,1.212928581237792969e+01
9.097639083862304688e+00,8.188323020935058594e+00,7.823496818542480469e+00,4.941154003143310547e+00,7.254689216613769531e+00,7.618615150451660156e+00,7.476665973663330078e+00,1.248351192474365234e+01,9.152096748352050781e+00,1.040689277648925781e+01,1.177011680603027344e+01
8.977685928344726562e+00,8.221058845520019531e+00,7.739706993103027344e+00,5.357706069946289062e+00,7.157051563262939453e+00,7.289910316467285156e+00,7.853238582611083984e+00,1.261670112609863281e+01,9.196796417236328125e+00,1.053873634338378906e+01,1.199320507049560547e+01
9.298357963562011719e+00,7.483045578002929688e+00,7.591640949249267578e+00,5.130914688110351562e+00,6.943903446197509766e+00,6.927821159362792969e+00,7.611433982849121094e+00,1.197343540191650391e+01,8.794777870178222656e+00,9.997137069702148438e+00,1.144967651367187500e+01
9.246975898742675781e+00,7.501073837280273438e+00,7.600009441375732422e+00,5.024055480957031250e+00,7.180238723754882812e+00,6.937349319458007812e+00,7.642253398895263672e+00,1.204145336151123047e+01,8.881081581115722656e+00,1.010947990417480469e+01,1.154314041137695312e+01
9.325798988342285156e+00,7.516445159912109375e+00,7.716874122619628906e+00,5.053579330444335938e+00,6.960073947906494141e+00,6.971807479858398438e+00,7.617312431335449219e+00,1.201198768615722656e+01,8.918046951293945312e+00,1.005301094055175781e+01,1.149141216278076172e+01
9.252025604248046875e+00,7.603463172912597656e+00,7.806734561920166016e+00,5.087268352508544922e+00,7.335708141326904297e+00,7.334291934967041016e+00,7.695041656494140625e+00,1.199400424957275391e+01,9.026138305664062500e+00,1.011598682403564453e+01,1.157993698120117188e+01
9.328340530395507812e+00,7.500584602355957031e+00,7.593302726745605469e+00,4.482771873474121094e+00,7.117712497711181641e+00,7.168376445770263672e+00,7.362334251403808594e+00,1.201605796813964844e+01,8.843849182128906250e+00,1.009713935852050781e+01,1.137290763854980469e+01
9.301234245300292969e+00,7.542375564575195312e+00,7.727620601654052734e+00,5.036007404327392578e+00,7.156288146972656250e+00,7.131543159484863281e+00,7.625033378601074219e+00,1.199898815155029297e+01,8.950509071350097656e+00,1.008343219757080078e+01,1.152948188781738281e+01
9.238431930541992188e+00,7.533807754516601562e+00,7.826668739318847656e+00,5.055049896240234375e+00,7.576781749725341797e+00,7.445228576660156250e+00,7.584673404693603516e+00,1.182853412628173828e+01,9.013770103454589844e+00,9.989603996276855469e+00,1.150030326843261719e+01
9.392836570739746094e+00,7.769974708557128906e+00,7.854842185974121094e+00,4.708679199218750000e+00,7.400939464569091797e+00,7.518518447875976562e+00,7.304200172424316406e+00,1.216278934478759766e+01,9.042140960693359375e+00,1.014618682861328125e+01,1.151091289520263672e+01
9.268546104431152344e+00,7.552926063537597656e+00,7.795431137084960938e+00,4.985390663146972656e+00,7.377604007720947266e+00,7.296244621276855469e+00,7.600523948669433594e+00,1.194889545440673828e+01,9.013649940490722656e+00,1.007454109191894531e+01,1.152932357788085938e+01
9.340533256530761719e+00,7.547994613647460938e+00,7.807085037231445312e+00,4.844563961029052734e+00,7.241508960723876953e+00,7.356730937957763672e+00,7.549994945526123047e+00,1.192158222198486328e+01,8.981326103210449219e+00,1.006579017639160156e+01,1.147217082977294922e+01
9.204052925109863281e+00,8.057476997375488281e+00,7.621463298797607422e+00,5.671176910400390625e+00,6.690280437469482422e+00,7.028417587280273438e+00,7.971852779388427734e+00,1.268991279602050781e+01,8.928638458251953125e+00,1.046335601806640625e+01,1.190495300292968750e+01
9.134607315063476562e+00,7.845505714416503906e+00,7.466635704040527344e+00,5.512247562408447266e+00,6.721955776214599609e+00,6.930085182189941406e+00,7.959173679351806641e+00,1.247567081451416016e+01,8.804600715637207031e+00,1.034484863281250000e+01,1.176461124420166016e+01
9.096953392028808594e+00,7.713081359863281250e+00,7.458025932312011719e+00,5.404914855957031250e+00,6.842809677124023438e+00,6.869131088256835938e+00,8.046573638916015625e+00,1.236014270782470703e+01,8.801440238952636719e+00,1.030268859863281250e+01,1.170817089080810547e+01
9.157290458679199219e+00,7.797516822814941406e+00,7.410676002502441406e+00,5.568068504333496094e+00,6.642492771148681641e+00,6.702692031860351562e+00,7.999203205108642578e+00,1.248240089416503906e+01,8.772931098937988281e+00,1.034490013122558594e+01,1.177813625335693359e+01
9.212346076965332031e+00,7.702737808227539062e+00,7.399194717407226562e+00,5.508814811706542969e+00,6.539132595062255859e+00,6.770969390869140625e+00,7.849957942962646484e+00,1.233198070526123047e+01,8.691171646118164062e+00,1.018957042694091797e+01,1.162130451202392578e+01
9.073479652404785156e+00,7.391459465026855469e+00,7.119086265563964844e+00,5.323313713073730469e+00,6.590887546539306641e+00,6.260407447814941406e+00,8.019283294677734375e+00,1.216612339019775391e+01,8.526794433593750000e+00,1.013593482971191406e+01,1.151868820190429688e+01
9.159680366516113281e+00,7.568696022033691406e+00,7.318938255310058594e+00,5.421946525573730469e+00,6.693999290466308594e+00,6.495972633361816406e+00,7.845945835113525391e+00,1.228560256958007812e+01,8.690759658813476562e+00,1.020748329162597656e+01,1.165075397491455078e+01
9.033489227294921875e+00,7.424892425537109375e+00,7.243455886840820312e+00,5.282050132751464844e+00,6.920459270477294922e+00,6.566253662109375000e+00,7.925857543945312500e+00,1.210244941711425781e+01,8.646784782409667969e+00,1.014165210723876953e+01,1.156303024291992188e+01
9.006567955017089844e+00,7.399189949035644531e+00,7.037375450134277344e+00,5.311833858489990234e+00,6.611832141876220703e+00,6.145479202270507812e+00,7.880664348602294922e+00,1.221180343627929688e+01,8.509407997131347656e+00,1.017303848266601562e+01,1.156788825988769531e+01
9.081168174743652344e+00,7.450285911560058594e+00,7.123894691467285156e+00,5.254597187042236328e+00,6.509063243865966797e+00,6.373346328735351562e+00,7.770198345184326172e+00,1.215614223480224609e+01,8.504818916320800781e+00,1.010561847686767578e+01,1.148547935485839844e+01
9.222262382507324219e+00,8.793255805969238281e+00,8.810936927795410156e+00,5.591475486755371094e+00,8.946000099182128906e+00,9.470134735107421875e+00,7.773713588714599609e+00,1.256458091735839844e+01,9.860405921936035156e+00,1.060729980468750000e+01,1.221268177032470703e+01
9.356857299804687500e+00,8.690036773681640625e+00,8.757629394531250000e+00,5.639405250549316406e+00,8.459826469421386719e+00,9.272656440734863281e+00,7.768642902374267578e+00,1.245367813110351562e+01,9.718239784240722656e+00,1.048499107360839844e+01,1.210432529449462891e+01
9.268832206726074219e+00,8.869375228881835938e+00,8.843034744262695312e+00,5.650953292846679688e+00,8.872979164123535156e+00,9.477390289306640625e+00,7.937507152557373047e+00,1.264012145996093750e+01,9.885924339294433594e+00,1.066329193115234375e+01,1.227497482299804688e+01
9.289811134338378906e+00,8.700338363647460938e+00,8.759654045104980469e+00,5.566765785217285156e+00,8.694592475891113281e+00,9.306819915771484375e+00,7.793610095977783203e+00,1.253538036346435547e+01,9.783811569213867188e+00,1.057304382324218750e+01,1.216297912597656250e+01
9.297053337097167969e+00,8.633227348327636719e+00,8.716283798217773438e+00,5.527333259582519531e+00,8.534383773803710938e+00,9.216862678527832031e+00,7.892519950866699219e+00,1.249351978302001953e+01,9.749657630920410156e+00,1.057278442382812500e+01,1.214357566833496094e+01
9.270817756652832031e+00,8.529261589050292969e+00,8.707402229309082031e+00,5.482151031494140625e+00,8.597314834594726562e+00,9.226397514343261719e+00,7.876676082611083984e+00,1.235532093048095703e+01,9.737231254577636719e+00,1.050955772399902344e+01,1.209303283691406250e+01
9.306773185729980469e+00,8.630097389221191406e+00,8.755197525024414062e+00,5.577777385711669922e+00,8.683808326721191406e+00,9.359300613403320312e+00,7.776401042938232422e+00,1.240298557281494141e+01,9.742482185363769531e+00,1.049087142944335938e+01,1.210673427581787109e+01
9.318598747253417969e+00,8.608996391296386719e+00,8.735833168029785156e+00,5.559982776641845703e+00,8.488681793212890625e+00,9.209442138671875000e+00,7.752951145172119141e+00,1.240466594696044922e+01,9.726609230041503906e+00,1.046873474121093750e+01,1.207347297668457031e+01
9.294415473937988281e+00,8.636713981628417969e+00,8.773571014404296875e+00,5.564543247222900391e+00,8.718364715576171875e+00,9.381536483764648438e+00,7.777153015136718750e+00,1.239739894866943359e+01,9.774765014648437500e+00,1.050969314575195312e+01,1.212304210662841797e+01
9.317624092102050781e+00,8.661969184875488281e+00,8.757801055908203125e+00,5.589516162872314453e+00,8.619145393371582031e+00,9.290237426757812500e+00,7.738411426544189453e+00,1.245339965820312500e+01,9.749039649963378906e+00,1.049007606506347656e+01,1.210459327697753906e+01
9.389620780944824219e+00,8.781888008117675781e+00,8.738292694091796875e+00,5.718196868896484375e+00,8.497115135192871094e+00,9.227544784545898438e+00,7.696875095367431641e+00,1.263717555999755859e+01,9.688351631164550781e+00,1.048468208312988281e+01,1.210761356353759766e+01
9.386096000671386719e+00,8.805787086486816406e+00,8.781343460083007812e+00,5.726544380187988281e+00,8.552992820739746094e+00,9.332427978515625000e+00,7.725154399871826172e+00,1.261905097961425781e+01,9.718572616577148438e+00,1.049269580841064453e+01,1.212085342407226562e+01
9.394296646118164062e+00,8.705144882202148438e+00,8.737356185913085938e+00,5.729869365692138672e+00,8.399569511413574219e+00,9.186920166015625000e+00,7.767161846160888672e+00,1.252756595611572266e+01,9.659746170043945312e+00,1.042793464660644531e+01,1.206540584564208984e+01
9.305754661560058594e+00,8.597019195556640625e+00,8.630546569824218750e+00,5.600020885467529297e+00,8.621600151062011719e+00,9.084905624389648438e+00,7.915680408477783203e+00,1.250030612945556641e+01,9.661250114440917969e+00,1.051279258728027344e+01,1.212618350982666016e+01
9.336039543151855469e+00,8.658694267272949219e+00,8.643393516540527344e+00,5.753294467926025391e+00,8.560700416564941406e+00,9.051520347595214844e+00,7.918444156646728516e+00,1.248448181152343750e+01,9.633341789245605469e+00,1.043697261810302734e+01,1.211334991455078125e+01
9.375201225280761719e+00,8.829987525939941406e+00,8.783327102661132812e+00,5.748642921447753906e+00,8.606936454772949219e+00,9.313719749450683594e+00,7.822693824768066406e+00,1.264561939239501953e+01,9.752376556396484375e+00,1.053047752380371094e+01,1.216941547393798828e+01
9.321360588073730469e+00,8.566604614257812500e+00,8.704544067382812500e+00,5.582697868347167969e+00,8.327686309814453125e+00,9.056379318237304688e+00,8.045388221740722656e+00,1.244040775299072266e+01,9.696066856384277344e+00,1.050177001953125000e+01,1.209169387817382812e+01
9.367600440979003906e+00,8.618856430053710938e+00,8.775193214416503906e+00,5.661144733428955078e+00,8.358497619628906250e+00,9.245980262756347656e+00,7.768010616302490234e+00,1.237749767303466797e+01,9.664900779724121094e+00,1.035493278503417969e+01,1.198755455017089844e+01
9.320100784301757812e+00,8.508962631225585938e+00,8.669623374938964844e+00,5.513170242309570312e+00,8.373342514038085938e+00,9.122327804565429688e+00,7.864407062530517578e+00,1.237748622894287109e+01,9.647328376770019531e+00,1.043807411193847656e+01,1.201434421539306641e+01
9.344417572021484375e+00,8.662626266479492188e+00,8.690106391906738281e+00,5.642887592315673828e+00,8.598378181457519531e+00,9.121599197387695312e+00,7.934650897979736328e+00,1.257429790496826172e+01,9.715075492858886719e+00,1.055898761749267578e+01,1.217309379577636719e+01
9.313922882080078125e+00,8.042280197143554688e+00,8.358489990234375000e+00,5.188806533813476562e+00,7.914176464080810547e+00,8.450902938842773438e+00,7.729308128356933594e+00,1.218333339691162109e+01,9.380388259887695312e+00,1.029362583160400391e+01,1.176400470733642578e+01
9.281366348266601562e+00,8.035117149353027344e+00,8.417243957519531250e+00,5.242453575134277344e+00,8.044853210449218750e+00,8.509613037109375000e+00,7.769626140594482422e+00,1.213746833801269531e+01,9.443322181701660156e+00,1.027507019042968750e+01,1.178606605529785156e+01
9.279641151428222656e+00,8.036186218261718750e+00,8.362112998962402344e+00,5.169757366180419922e+00,7.989597320556640625e+00,8.466843605041503906e+00,7.805923461914062500e+00,1.218874835968017578e+01,9.425820350646972656e+00,1.033934783935546875e+01,1.180529594421386719e+01
9.290081024169921875e+00,7.962150573730468750e+00,8.310589790344238281e+00,5.193709373474121094e+00,7.910947322845458984e+00,8.381753921508789062e+00,7.754019260406494141e+00,1.207707691192626953e+01,9.342438697814941406e+00,1.023184299468994141e+01,1.172553062438964844e+01
9.324727058410644531e+00,8.026444435119628906e+00,8.328481674194335938e+00,5.250968456268310547e+00,7.769446849822998047e+00,8.366198539733886719e+00,7.739186763763427734e+00,1.212424468994140625e+01,9.325310707092285156e+00,1.022366523742675781e+01,1.171710395812988281e+01
9.236438751220703125e+00,7.968957901000976562e+00,8.280652999877929688e+00,5.306379795074462891e+00,7.988653182983398438e+00,8.293579101562500000e+00,7.889160156250000000e+00,1.203451061248779297e+01,9.337472915649414062e+00,1.021331596374511719e+01,1.176320075988769531e+01
9.274470329284667969e+00,7.930734634399414062e+00,8.265372276306152344e+00,5.259223937988281250e+00,7.717009544372558594e+00,8.275103569030761719e+00,7.772373199462890625e+00,1.201119518280029297e+01,9.258111953735351562e+00,1.013104343414306641e+01,1.163861846923828125e+01
9.282149314880371094e+00,8.017507553100585938e+00,8.365513801574707031e+00,5.239906311035156250e+00,7.977468013763427734e+00,8.427597045898437500e+00,7.843156337738037109e+00,1.210523319244384766e+01,9.419791221618652344e+00,1.029063510894775391e+01,1.180490493774414062e+01
9.247397422790527344e+00,8.069300651550292969e+00,8.412182807922363281e+00,5.272918224334716797e+00,8.118256568908691406e+00,8.483057022094726562e+00,7.972458839416503906e+00,1.213484001159667969e+01,9.485165596008300781e+00,1.034193038940429688e+01,1.186755275726318359e+01
9.263090133666992188e+00,8.119691848754882812e+00,8.452582359313964844e+00,5.305876731872558594e+00,8.146263122558593750e+00,8.562719345092773438e+00,7.921319007873535156e+00,1.217334079742431641e+01,9.517553329467773438e+00,1.034874439239501953e+01,1.188523483276367188e+01
9.312327384948730469e+00,8.747787475585937500e+00,8.852443695068359375e+00,5.601677417755126953e+00,8.401012420654296875e+00,9.390800476074218750e+00,7.883612155914306641e+00,1.261298084259033203e+01,9.762789726257324219e+00,1.054069709777832031e+01,1.208187961578369141e+01
9.349637985229492188e+00,8.726457595825195312e+00,8.826646804809570312e+00,5.643718719482421875e+00,8.228996276855468750e+00,9.327728271484375000e+00,7.944582462310791016e+00,1.258774662017822266e+01,9.709064483642578125e+00,1.050857543945312500e+01,1.205546569824218750e+01
9.365687370300292969e+00,8.705324172973632812e+00,8.855857849121093750e+00,5.664550781250000000e+00,8.112039566040039062e+00,9.276106834411621094e+00,7.830047130584716797e+00,1.254684734344482422e+01,9.695744514465332031e+00,1.042692184448242188e+01,1.198178482055664062e+01
9.383318901062011719e+00,8.688645362854003906e+00,8.800041198730468750e+00,5.669790267944335938e+00,7.993619918823242188e+00,9.177534103393554688e+00,7.867525577545166016e+00,1.256889533996582031e+01,9.661063194274902344e+00,1.044679832458496094e+01,1.199087524414062500e+01
9.349307060241699219e+00,8.724596977233886719e+00,8.844812393188476562e+00,5.562625885009765625e+00,8.272585868835449219e+00,9.394962310791015625e+00,7.750261306762695312e+00,1.259474754333496094e+01,9.723017692565917969e+00,1.049799346923828125e+01,1.201268196105957031e+01
9.384692192077636719e+00,8.667798042297363281e+00,8.824803352355957031e+00,5.594802856445312500e+00,7.915859699249267578e+00,9.260095596313476562e+00,7.792020320892333984e+00,1.254012584686279297e+01,9.655849456787109375e+00,1.040991115570068359e+01,1.191823101043701172e+01
9.348334312438964844e+00,8.740990638732910156e+00,8.854570388793945312e+00,5.614124774932861328e+00,8.314165115356445312e+00,9.331714630126953125e+00,7.811913013458251953e+00,1.262182903289794922e+01,9.753020286560058594e+00,1.051023292541503906e+01,1.205270767211914062e+01
9.365532875061035156e+00,8.617204666137695312e+00,8.802821159362792969e+00,5.577455997467041016e+00,8.021349906921386719e+00,9.228369712829589844e+00,7.813812732696533203e+00,1.247192382812500000e+01,9.648497581481933594e+00,1.039332962036132812e+01,1.192158126831054688e+01
9.381680488586425781e+00,8.682677268981933594e+00,8.803917884826660156e+00,5.553682327270507812e+00,8.142675399780273438e+00,9.276821136474609375e+00,7.701200008392333984e+00,1.259640407562255859e+01,9.678782463073730469e+00,1.046031951904296875e+01,1.196941184997558594e+01
9.347138404846191406e+00,8.621121406555175781e+00,8.810743331909179688e+00,5.560345172882080078e+00,8.138256072998046875e+00,9.207784652709960938e+00,7.839845657348632812e+00,1.251305675506591797e+01,9.701231956481933594e+00,1.044987297058105469e+01,1.198036193847656250e+01
9.177347183227539062e+00,8.383249282836914062e+00,8.546413421630859375e+00,5.533769607543945312e+00,8.867939949035644531e+00,9.001083374023437500e+00,8.010823249816894531e+00,1.217676162719726562e+01,9.539675712585449219e+00,1.033776187896728516e+01,1.200257396697998047e+01
9.191347122192382812e+00,8.361604690551757812e+00,8.514524459838867188e+00,5.534704208374023438e+00,8.776505470275878906e+00,8.986721038818359375e+00,7.918879032135009766e+00,1.214531135559082031e+01,9.487171173095703125e+00,1.029243469238281250e+01,1.195354080200195312e+01
9.200964927673339844e+00,8.356863975524902344e+00,8.520743370056152344e+00,5.502501487731933594e+00,8.604396820068359375e+00,8.930105209350585938e+00,8.001880645751953125e+00,1.215743064880371094e+01,9.492447853088378906e+00,1.031052398681640625e+01,1.194024944305419922e+01
9.206514358520507812e+00,8.458321571350097656e+00,8.606225967407226562e+00,5.578644752502441406e+00,8.957596778869628906e+00,9.155787467956542969e+00,7.868766307830810547e+00,1.222872257232666016e+01,9.598291397094726562e+00,1.036514663696289062e+01,1.204275321960449219e+01
9.202776908874511719e+00,8.406587600708007812e+00,8.600151062011718750e+00,5.525357246398925781e+00,8.812157630920410156e+00,9.148795127868652344e+00,7.934802532196044922e+00,1.215460968017578125e+01,9.568156242370605469e+00,1.033397865295410156e+01,1.198903083801269531e+01
9.162344932556152344e+00,8.297441482543945312e+00,8.477738380432128906e+00,5.480515003204345703e+00,8.757882118225097656e+00,8.904740333557128906e+00,8.064006805419921875e+00,1.207280731201171875e+01,9.464698791503906250e+00,1.027070617675781250e+01,1.192603111267089844e+01
9.199630737304687500e+00,8.376934051513671875e+00,8.567384719848632812e+00,5.525841236114501953e+00,8.784971237182617188e+00,9.080190658569335938e+00,7.948883533477783203e+00,1.212744712829589844e+01,9.532320022583007812e+00,1.030580902099609375e+01,1.196763706207275391e+01
9.220585823059082031e+00,8.343849182128906250e+00,8.534368515014648438e+00,5.540837764739990234e+00,8.682291984558105469e+00,9.020904541015625000e+00,7.772527217864990234e+00,1.209211254119873047e+01,9.480903625488281250e+00,1.024080085754394531e+01,1.191099929809570312e+01
9.196263313293457031e+00,8.362495422363281250e+00,8.587364196777343750e+00,5.462664127349853516e+00,8.633790016174316406e+00,9.031265258789062500e+00,8.095254898071289062e+00,1.214051055908203125e+01,9.563799858093261719e+00,1.034207534790039062e+01,1.196365165710449219e+01
9.158050537109375000e+00,8.248585700988769531e+00,8.508068084716796875e+00,5.469864845275878906e+00,8.783133506774902344e+00,8.931528091430664062e+00,7.845120429992675781e+00,1.202097225189208984e+01,9.485548973083496094e+00,1.021912860870361328e+01,1.188317394256591797e+01
9.355447769165039062e+00,9.075200080871582031e+00,8.959341049194335938e+00,5.915154933929443359e+00,8.982270240783691406e+00,9.775755882263183594e+00,7.645576000213623047e+00,1.269991779327392578e+01,9.834383964538574219e+00,1.050102996826171875e+01,1.220217895507812500e+01
9.329146385192871094e+00,9.177144050598144531e+00,9.006975173950195312e+00,5.976049423217773438e+00,9.250491142272949219e+00,9.863117218017578125e+00,7.584552288055419922e+00,1.276284790039062500e+01,9.895493507385253906e+00,1.050797843933105469e+01,1.224485015869140625e+01
9.327568054199218750e+00,9.078663825988769531e+00,8.942365646362304688e+00,5.936856269836425781e+00,9.227445602416992188e+00,9.772491455078125000e+00,7.642794132232666016e+00,1.269000720977783203e+01,9.853693962097167969e+00,1.050656700134277344e+01,1.224438190460205078e+01
9.366973876953125000e+00,9.168215751647949219e+00,9.025651931762695312e+00,5.976845741271972656e+00,9.139409065246582031e+00,9.880792617797851562e+00,7.572585582733154297e+00,1.274767208099365234e+01,9.881150245666503906e+00,1.049402809143066406e+01,1.222216224670410156e+01
9.365715980529785156e+00,8.979348182678222656e+00,8.931463241577148438e+00,5.861055374145507812e+00,8.983001708984375000e+00,9.771045684814453125e+00,7.565680027008056641e+00,1.259441757202148438e+01,9.795590400695800781e+00,1.045085144042968750e+01,1.215048980712890625e+01
9.308124542236328125e+00,9.104662895202636719e+00,8.977058410644531250e+00,5.917428970336914062e+00,9.256555557250976562e+00,9.838384628295898438e+00,7.638189792633056641e+00,1.270835781097412109e+01,9.893400192260742188e+00,1.052796745300292969e+01,1.225079631805419922e+01
9.298502922058105469e+00,9.006623268127441406e+00,8.922199249267578125e+00,5.849579811096191406e+00,9.185105323791503906e+00,9.744080543518066406e+00,7.662697315216064453e+00,1.264844226837158203e+01,9.860770225524902344e+00,1.052369689941406250e+01,1.222906875610351562e+01
9.362142562866210938e+00,9.179320335388183594e+00,9.009206771850585938e+00,6.000632762908935547e+00,9.271883964538574219e+00,9.916189193725585938e+00,7.547890663146972656e+00,1.273268604278564453e+01,9.877810478210449219e+00,1.048270225524902344e+01,1.223578834533691406e+01
9.282522201538085938e+00,9.005599975585937500e+00,8.896467208862304688e+00,5.825407028198242188e+00,9.220035552978515625e+00,9.692758560180664062e+00,7.732057571411132812e+00,1.268788623809814453e+01,9.871916770935058594e+00,1.057146263122558594e+01,1.226494598388671875e+01
9.327076911926269531e+00,9.129858970642089844e+00,9.015113830566406250e+00,5.941578865051269531e+00,9.367396354675292969e+00,9.966240882873535156e+00,7.474479675292968750e+00,1.267762088775634766e+01,9.888211250305175781e+00,1.046572303771972656e+01,1.220812034606933594e+01
9.262043952941894531e+00,8.292908668518066406e+00,8.487880706787109375e+00,5.381188869476318359e+00,8.030603408813476562e+00,8.631994247436523438e+00,8.015537261962890625e+00,1.240328884124755859e+01,9.463955879211425781e+00,1.040189552307128906e+01,1.187895488739013672e+01
9.234287261962890625e+00,8.313838005065917969e+00,8.437412261962890625e+00,5.448280811309814453e+00,8.179784774780273438e+00,8.581634521484375000e+00,8.062849044799804688e+00,1.240441799163818359e+01,9.470101356506347656e+00,1.042850303649902344e+01,1.195157241821289062e+01
9.224427223205566406e+00,8.259077072143554688e+00,8.500125885009765625e+00,5.294709205627441406e+00,8.292489051818847656e+00,8.755257606506347656e+00,7.980879306793212891e+00,1.234687328338623047e+01,9.535601615905761719e+00,1.044369316101074219e+01,1.192745018005371094e+01
9.219695091247558594e+00,8.530508995056152344e+00,8.634044647216796875e+00,5.429475784301757812e+00,8.566433906555175781e+00,9.046281814575195312e+00,8.010254859924316406e+00,1.251864433288574219e+01,9.712807655334472656e+00,1.060217666625976562e+01,1.212916088104248047e+01
9.193301200866699219e+00,8.281455039978027344e+00,8.450945854187011719e+00,5.326071739196777344e+00,8.455958366394042969e+00,8.707780838012695312e+00,8.051843643188476562e+00,1.235882663726806641e+01,9.552917480468750000e+00,1.048499107360839844e+01,1.199935722351074219e+01
9.261924743652343750e+00,8.654854774475097656e+00,8.698778152465820312e+00,5.532788276672363281e+00,8.598734855651855469e+00,9.128015518188476562e+00,7.755295276641845703e+00,1.257321929931640625e+01,9.738232612609863281e+00,1.056253433227539062e+01,1.213138389587402344e+01
9.230057716369628906e+00,8.386625289916992188e+00,8.514373779296875000e+00,5.475055694580078125e+00,8.489693641662597656e+00,8.771815299987792969e+00,7.998705863952636719e+00,1.238020610809326172e+01,9.590589523315429688e+00,1.047642040252685547e+01,1.205486297607421875e+01
9.234955787658691406e+00,8.583453178405761719e+00,8.627840042114257812e+00,5.483720302581787109e+00,8.537080764770507812e+00,8.962622642517089844e+00,7.865537166595458984e+00,1.257092952728271484e+01,9.721144676208496094e+00,1.059350967407226562e+01,1.214431953430175781e+01
9.212500572204589844e+00,8.355416297912597656e+00,8.522886276245117188e+00,5.355692863464355469e+00,8.580867767333984375e+00,8.840316772460937500e+00,7.922266006469726562e+00,1.238857555389404297e+01,9.629223823547363281e+00,1.052033042907714844e+01,1.205575370788574219e+01
9.221035003662109375e+00,8.471641540527343750e+00,8.621968269348144531e+00,5.432823181152343750e+00,8.663783073425292969e+00,9.024087905883789062e+00,7.889712810516357422e+00,1.242758274078369141e+01,9.699349403381347656e+00,1.052901935577392578e+01,1.208965778350830078e+01
9.257007598876953125e+00,8.328048706054687500e+00,8.521961212158203125e+00,5.517091751098632812e+00,8.255348205566406250e+00,8.559741973876953125e+00,8.015683174133300781e+00,1.227201938629150391e+01,9.636631965637207031e+00,1.043646430969238281e+01,1.206089973449707031e+01
9.260115623474121094e+00,8.289947509765625000e+00,8.498692512512207031e+00,5.483976364135742188e+00,8.366799354553222656e+00,8.586549758911132812e+00,7.987657070159912109e+00,1.223270511627197266e+01,9.616689682006835938e+00,1.042828941345214844e+01,1.205761337280273438e+01
9.233815193176269531e+00,8.326189041137695312e+00,8.520872116088867188e+00,5.464032173156738281e+00,8.274380683898925781e+00,8.558084487915039062e+00,8.206605911254882812e+00,1.229128551483154297e+01,9.676474571228027344e+00,1.050548744201660156e+01,1.210056781768798828e+01
9.221480369567871094e+00,8.242156982421875000e+00,8.525665283203125000e+00,5.367611408233642578e+00,8.405956268310546875e+00,8.727916717529296875e+00,7.958705425262451172e+00,1.214423084259033203e+01,9.628651618957519531e+00,1.038841438293457031e+01,1.198114395141601562e+01
9.216030120849609375e+00,8.266512870788574219e+00,8.531490325927734375e+00,5.410562038421630859e+00,8.488595008850097656e+00,8.653924942016601562e+00,8.117314338684082031e+00,1.219425296783447266e+01,9.678913116455078125e+00,1.045547103881835938e+01,1.206932258605957031e+01
9.195818901062011719e+00,8.180514335632324219e+00,8.465587615966796875e+00,5.415596008300781250e+00,8.430861473083496094e+00,8.469686508178710938e+00,8.150325775146484375e+00,1.212292957305908203e+01,9.629958152770996094e+00,1.040649509429931641e+01,1.203791427612304688e+01
9.182805061340332031e+00,8.085432052612304688e+00,8.426933288574218750e+00,5.376586437225341797e+00,8.328420639038085938e+00,8.381927490234375000e+00,8.164357185363769531e+00,1.200308513641357422e+01,9.571515083312988281e+00,1.033349037170410156e+01,1.196435356140136719e+01
9.252797126770019531e+00,8.317030906677246094e+00,8.570672035217285156e+00,5.475375652313232422e+00,8.270249366760253906e+00,8.580797195434570312e+00,8.202299118041992188e+00,1.227290630340576172e+01,9.715432167053222656e+00,1.049616050720214844e+01,1.210333061218261719e+01
9.154341697692871094e+00,8.046366691589355469e+00,8.398238182067871094e+00,5.291917324066162109e+00,8.422732353210449219e+00,8.374116897583007812e+00,8.115092277526855469e+00,1.201342105865478516e+01,9.580698966979980469e+00,1.034953594207763672e+01,1.195299530029296875e+01
9.180644035339355469e+00,8.113858222961425781e+00,8.456254005432128906e+00,5.336281776428222656e+00,8.360295295715332031e+00,8.489484786987304688e+00,8.093927383422851562e+00,1.201968097686767578e+01,9.591052055358886719e+00,1.033691024780273438e+01,1.194712829589843750e+01
9.209959983825683594e+00,7.330827713012695312e+00,7.368179321289062500e+00,5.037388324737548828e+00,6.935570240020751953e+00,6.386786460876464844e+00,7.897663593292236328e+00,1.218481349945068359e+01,8.705137252807617188e+00,1.014695930480957031e+01,1.150539016723632812e+01
9.158418655395507812e+00,7.325247764587402344e+00,7.341808319091796875e+00,5.012810230255126953e+00,7.003175735473632812e+00,6.432573795318603516e+00,7.910641193389892578e+00,1.214965629577636719e+01,8.688837051391601562e+00,1.013025093078613281e+01,1.148464775085449219e+01
9.120429039001464844e+00,7.213491439819335938e+00,7.357091903686523438e+00,4.959885597229003906e+00,7.100080966949462891e+00,6.332459449768066406e+00,8.013235092163085938e+00,1.206157684326171875e+01,8.752561569213867188e+00,1.012648582458496094e+01,1.148807716369628906e+01
9.161189079284667969e+00,7.322764396667480469e+00,7.312884330749511719e+00,4.698639869689941406e+00,6.878514766693115234e+00,6.387335777282714844e+00,7.850677013397216797e+00,1.214058971405029297e+01,8.676409721374511719e+00,1.015400791168212891e+01,1.141550254821777344e+01
9.050175666809082031e+00,7.123212814331054688e+00,7.067881584167480469e+00,4.665861606597900391e+00,7.085525989532470703e+00,6.072432518005371094e+00,7.872473239898681641e+00,1.203086185455322266e+01,8.564963340759277344e+00,1.012004852294921875e+01,1.140693855285644531e+01
9.137160301208496094e+00,7.140436172485351562e+00,7.000348567962646484e+00,4.976804733276367188e+00,6.691502094268798828e+00,5.824534893035888672e+00,7.853382587432861328e+00,1.204423904418945312e+01,8.439562797546386719e+00,1.002096271514892578e+01,1.137415122985839844e+01
9.100829124450683594e+00,7.170976638793945312e+00,7.079295158386230469e+00,4.745845794677734375e+00,6.833906173706054688e+00,6.009837150573730469e+00,7.979265689849853516e+00,1.204665374755859375e+01,8.525334358215332031e+00,1.009049606323242188e+01,1.137153053283691406e+01
9.039603233337402344e+00,6.999367713928222656e+00,6.974059104919433594e+00,4.880581855773925781e+00,7.151251316070556641e+00,5.878262519836425781e+00,7.911848068237304688e+00,1.191794872283935547e+01,8.486927986145019531e+00,1.001551818847656250e+01,1.138924217224121094e+01
9.161828041076660156e+00,7.253152847290039062e+00,7.247797012329101562e+00,4.541299819946289062e+00,6.953109741210937500e+00,6.241501808166503906e+00,7.819000720977783203e+00,1.211488056182861328e+01,8.680113792419433594e+00,1.018812847137451172e+01,1.143099212646484375e+01
9.068797111511230469e+00,7.011288642883300781e+00,6.957065105438232422e+00,4.812820434570312500e+00,7.032167434692382812e+00,5.958624839782714844e+00,7.794228076934814453e+00,1.190135860443115234e+01,8.428097724914550781e+00,9.983362197875976562e+00,1.132862091064453125e+01
9.195778846740722656e+00,7.396280288696289062e+00,7.334598541259765625e+00,4.676550865173339844e+00,6.467851161956787109e+00,6.401601791381835938e+00,7.642851352691650391e+00,1.219262218475341797e+01,8.690183639526367188e+00,1.020932197570800781e+01,1.144145202636718750e+01
9.086427688598632812e+00,7.383128166198730469e+00,7.257015228271484375e+00,4.560402393341064453e+00,6.663214206695556641e+00,6.383479595184326172e+00,7.670809268951416016e+00,1.216925716400146484e+01,8.678606986999511719e+00,1.023888874053955078e+01,1.145156002044677734e+01
9.118262290954589844e+00,7.210244178771972656e+00,7.219954490661621094e+00,4.465462684631347656e+00,6.933892726898193359e+00,6.386683940887451172e+00,7.692795276641845703e+00,1.202008533477783203e+01,8.667197227478027344e+00,1.016759967803955078e+01,1.139747905731201172e+01
9.107606887817382812e+00,7.275918960571289062e+00,7.135150909423828125e+00,4.326409339904785156e+00,6.690185070037841797e+00,6.274651527404785156e+00,7.562186717987060547e+00,1.206186962127685547e+01,8.573989868164062500e+00,1.016384315490722656e+01,1.133914279937744141e+01
9.102877616882324219e+00,7.302008628845214844e+00,7.286119937896728516e+00,4.660966873168945312e+00,6.808483600616455078e+00,6.392770290374755859e+00,7.746471881866455078e+00,1.210805988311767578e+01,8.720362663269042969e+00,1.021279525756835938e+01,1.147224807739257812e+01
9.184576034545898438e+00,7.179049491882324219e+00,7.175760269165039062e+00,4.151278495788574219e+00,6.756007671356201172e+00,6.368300914764404297e+00,7.586293220520019531e+00,1.195322895050048828e+01,8.593918800354003906e+00,1.012546157836914062e+01,1.126782798767089844e+01
9.234030723571777344e+00,7.121264457702636719e+00,7.090042114257812500e+00,3.959565639495849609e+00,6.755410194396972656e+00,6.370966911315917969e+00,7.519627094268798828e+00,1.187106609344482422e+01,8.487327575683593750e+00,1.005581188201904297e+01,1.115111351013183594e+01
9.317164421081542969e+00,7.157610893249511719e+00,7.189404964447021484e+00,4.391855239868164062e+00,6.885352611541748047e+00,6.310980796813964844e+00,7.560409545898437500e+00,1.195253467559814453e+01,8.551144599914550781e+00,1.004338264465332031e+01,1.129160118103027344e+01
9.200262069702148438e+00,7.167885780334472656e+00,7.109131336212158203e+00,4.626467704772949219e+00,6.806374073028564453e+00,6.182218551635742188e+00,7.620763301849365234e+00,1.200733089447021484e+01,8.533620834350585938e+00,1.009035110473632812e+01,1.137570858001708984e+01
9.325360298156738281e+00,7.131021499633789062e+00,7.245090484619140625e+00,4.595974922180175781e+00,6.640733242034912109e+00,6.400031089782714844e+00,7.532976627349853516e+00,1.189004230499267578e+01,8.548280715942382812e+00,9.975132942199707031e+00,1.125548171997070312e+01
9.060333251953125000e+00,7.170131683349609375e+00,7.689193725585937500e+00,4.541487216949462891e+00,8.184834480285644531e+00,7.243892669677734375e+00,8.117693901062011719e+00,1.173024272918701172e+01,9.030589103698730469e+00,1.004665279388427734e+01,1.139017677307128906e+01
9.160780906677246094e+00,7.412038803100585938e+00,7.913821220397949219e+00,4.619175910949707031e+00,8.350914001464843750e+00,7.758739471435546875e+00,7.958848476409912109e+00,1.188689899444580078e+01,9.233603477478027344e+00,1.023904609680175781e+01,1.159331321716308594e+01
9.118601799011230469e+00,7.244040489196777344e+00,7.766704082489013672e+00,4.568371772766113281e+00,8.148746490478515625e+00,7.369771003723144531e+00,8.038068771362304688e+00,1.176786994934082031e+01,9.133408546447753906e+00,1.015871715545654297e+01,1.151643848419189453e+01
9.230633735656738281e+00,7.469237327575683594e+00,8.141674041748046875e+00,4.708624839782714844e+00,7.757018089294433594e+00,7.581661224365234375e+00,7.943464756011962891e+00,1.182626438140869141e+01,9.313342094421386719e+00,1.014431571960449219e+01,1.153959369659423828e+01
9.072845458984375000e+00,7.233244895935058594e+00,7.674911499023437500e+00,4.537956237792968750e+00,7.950480461120605469e+00,7.178929805755615234e+00,8.156155586242675781e+00,1.176069164276123047e+01,9.067994117736816406e+00,1.014353656768798828e+01,1.147334671020507812e+01
9.177444458007812500e+00,7.561645507812500000e+00,7.915950775146484375e+00,4.696357727050781250e+00,8.184045791625976562e+00,7.667950153350830078e+00,7.867525577545166016e+00,1.202851390838623047e+01,9.305024147033691406e+00,1.037559318542480469e+01,1.175602531433105469e+01
9.198594093322753906e+00,7.406367301940917969e+00,7.820449352264404297e+00,4.736630439758300781e+00,7.933688640594482422e+00,7.303150653839111328e+00,7.870411396026611328e+00,1.188916969299316406e+01,9.207011222839355469e+00,1.025132560729980469e+01,1.167991352081298828e+01
9.120512962341308594e+00,7.308924674987792969e+00,7.778151988983154297e+00,4.783514976501464844e+00,8.234363555908203125e+00,7.403482437133789062e+00,7.898214817047119141e+00,1.171687507629394531e+01,9.161768913269042969e+00,1.013737487792968750e+01,1.161563301086425781e+01
9.159964561462402344e+00,7.599419593811035156e+00,7.892646312713623047e+00,4.944627761840820312e+00,8.029411315917968750e+00,7.512084960937500000e+00,7.962259769439697266e+00,1.199330520629882812e+01,9.281702995300292969e+00,1.032695770263671875e+01,1.180271244049072266e+01
9.180697441101074219e+00,7.453839302062988281e+00,7.932614803314208984e+00,4.780624389648437500e+00,7.945511817932128906e+00,7.451811313629150391e+00,8.039375305175781250e+00,1.185541248321533203e+01,9.307193756103515625e+00,1.028158187866210938e+01,1.171912670135498047e+01
9.581997871398925781e+00,8.367084503173828125e+00,8.597492218017578125e+00,5.392879009246826172e+00,7.458925247192382812e+00,9.105805397033691406e+00,7.513472080230712891e+00,1.224442577362060547e+01,9.301719665527343750e+00,1.017068576812744141e+01,1.163381862640380859e+01
9.685276985168457031e+00,8.330526351928710938e+00,8.535012245178222656e+00,5.329720497131347656e+00,7.498642444610595703e+00,9.104554176330566406e+00,7.385908603668212891e+00,1.223142528533935547e+01,9.223223686218261719e+00,1.013272857666015625e+01,1.159176921844482422e+01
9.619557380676269531e+00,8.426514625549316406e+00,8.608136177062988281e+00,5.459527969360351562e+00,7.608055591583251953e+00,9.232719421386718750e+00,7.437340736389160156e+00,1.224022388458251953e+01,9.289631843566894531e+00,1.014145851135253906e+01,1.164355373382568359e+01
9.533158302307128906e+00,8.271351814270019531e+00,8.456258773803710938e+00,5.345826148986816406e+00,7.579707622528076172e+00,8.910823822021484375e+00,7.495808601379394531e+00,1.220859718322753906e+01,9.247441291809082031e+00,1.016087722778320312e+01,1.163502120971679688e+01
9.643809318542480469e+00,8.278100013732910156e+00,8.476372718811035156e+00,5.397992610931396484e+00,7.324720859527587891e+00,8.840561866760253906e+00,7.390751361846923828e+00,1.214601993560791016e+01,9.174306869506835938e+00,1.002598381042480469e+01,1.152842998504638672e+01
9.565771102905273438e+00,8.350464820861816406e+00,8.541635513305664062e+00,5.425856113433837891e+00,7.599706649780273438e+00,9.064637184143066406e+00,7.473237037658691406e+00,1.220274257659912109e+01,9.288657188415527344e+00,1.013559341430664062e+01,1.164312171936035156e+01
9.657110214233398438e+00,8.042269706726074219e+00,8.334702491760253906e+00,5.100371360778808594e+00,7.286604404449462891e+00,8.606941223144531250e+00,7.355210304260253906e+00,1.206854724884033203e+01,9.082247734069824219e+00,1.002104187011718750e+01,1.144040775299072266e+01
9.548265457153320312e+00,8.312537193298339844e+00,8.512940406799316406e+00,5.359064579010009766e+00,7.658024311065673828e+00,9.017201423645019531e+00,7.476912975311279297e+00,1.221888732910156250e+01,9.308285713195800781e+00,1.017503738403320312e+01,1.166531562805175781e+01
9.558438301086425781e+00,8.395809173583984375e+00,8.543725967407226562e+00,5.430700302124023438e+00,7.611203670501708984e+00,8.983161926269531250e+00,7.516323566436767578e+00,1.231734752655029297e+01,9.346095085144042969e+00,1.021512031555175781e+01,1.171001815795898438e+01
9.574057579040527344e+00,8.362884521484375000e+00,8.477646827697753906e+00,5.394567966461181641e+00,7.541207790374755859e+00,8.901532173156738281e+00,7.500442028045654297e+00,1.231095981597900391e+01,9.295437812805175781e+00,1.020485877990722656e+01,1.168578720092773438e+01
9.291067123413085938e+00,8.357498168945312500e+00,8.648977279663085938e+00,5.514051437377929688e+00,7.696191787719726562e+00,8.902637481689453125e+00,7.931029796600341797e+00,1.217088794708251953e+01,9.417207717895507812e+00,1.018276596069335938e+01,1.170706558227539062e+01
9.270009040832519531e+00,8.364393234252929688e+00,8.654022216796875000e+00,5.490466117858886719e+00,7.766927719116210938e+00,8.929994583129882812e+00,7.963739871978759766e+00,1.215584468841552734e+01,9.439892768859863281e+00,1.019478988647460938e+01,1.172124481201171875e+01
9.283773422241210938e+00,8.485000610351562500e+00,8.690855026245117188e+00,5.529038429260253906e+00,7.961121559143066406e+00,9.155144691467285156e+00,8.009127616882324219e+00,1.221871471405029297e+01,9.490151405334472656e+00,1.027612781524658203e+01,1.181834506988525391e+01
9.303174972534179688e+00,8.440645217895507812e+00,8.668674468994140625e+00,5.487602233886718750e+00,7.940238475799560547e+00,9.024061203002929688e+00,7.860819339752197266e+00,1.226676464080810547e+01,9.535937309265136719e+00,1.032515335083007812e+01,1.185796070098876953e+01
9.131340980529785156e+00,8.245474815368652344e+00,8.534076690673828125e+00,5.222624778747558594e+00,8.359176635742187500e+00,8.493155479431152344e+00,9.200180053710937500e+00,1.221454048156738281e+01,9.686401367187500000e+00,1.052245140075683594e+01,1.200799942016601562e+01
9.104605674743652344e+00,8.205183982849121094e+00,8.552829742431640625e+00,5.086214542388916016e+00,8.616176605224609375e+00,8.502605438232421875e+00,9.662775039672851562e+00,1.217365550994873047e+01,9.738860130310058594e+00,1.052344989776611328e+01,1.197436523437500000e+01
9.163329124450683594e+00,8.270795822143554688e+00,8.585142135620117188e+00,5.353701114654541016e+00,8.168492317199707031e+00,8.548881530761718750e+00,8.951728820800781250e+00,1.211462497711181641e+01,9.678404808044433594e+00,1.044981193542480469e+01,1.200551414489746094e+01
9.122435569763183594e+00,8.201454162597656250e+00,8.547005653381347656e+00,5.175999164581298828e+00,8.330446243286132812e+00,8.460210800170898438e+00,9.368029594421386719e+00,1.211083793640136719e+01,9.692940711975097656e+00,1.046819019317626953e+01,1.195492744445800781e+01
9.129975318908691406e+00,8.170812606811523438e+00,8.571559906005859375e+00,5.264279365539550781e+00,8.359029769897460938e+00,8.430480003356933594e+00,9.159242630004882812e+00,1.207515811920166016e+01,9.724871635437011719e+00,1.046895313262939453e+01,1.201923465728759766e+01
9.156485557556152344e+00,8.165739059448242188e+00,8.582455635070800781e+00,5.406100273132324219e+00,7.948297023773193359e+00,8.603893280029296875e+00,8.400411605834960938e+00,1.191633510589599609e+01,9.507992744445800781e+00,1.018207263946533203e+01,1.177230453491210938e+01
9.271725654602050781e+00,8.515170097351074219e+00,8.603431701660156250e+00,5.489072799682617188e+00,8.237510681152343750e+00,8.820474624633789062e+00,7.699837207794189453e+00,1.248168468475341797e+01,9.633612632751464844e+00,1.045424461364746094e+01,1.201163768768310547e+01
9.292385101318359375e+00,8.445868492126464844e+00,8.553533554077148438e+00,5.531466960906982422e+00,8.067961692810058594e+00,8.657825469970703125e+00,7.731734752655029297e+00,1.243047618865966797e+01,9.569865226745605469e+00,1.039583206176757812e+01,1.196904373168945312e+01
9.217164039611816406e+00,8.392971038818359375e+00,8.552114486694335938e+00,5.439349651336669922e+00,8.246113777160644531e+00,8.643737792968750000e+00,7.999185085296630859e+00,1.243003273010253906e+01,9.657808303833007812e+00,1.052462196350097656e+01,1.206994342803955078e+01
9.207746505737304688e+00,8.319121360778808594e+00,8.535535812377929688e+00,5.352440834045410156e+00,8.164952278137207031e+00,8.633190155029296875e+00,7.958314418792724609e+00,1.236248302459716797e+01,9.612595558166503906e+00,1.046840476989746094e+01,1.198053359985351562e+01
9.203738212585449219e+00,8.338747978210449219e+00,8.549379348754882812e+00,5.366233825683593750e+00,8.121702194213867188e+00,8.614697456359863281e+00,8.046596527099609375e+00,1.239566326141357422e+01,9.647111892700195312e+00,1.050959205627441406e+01,1.201781272888183594e+01
9.239241600036621094e+00,8.422286033630371094e+00,8.593600273132324219e+00,5.427459239959716797e+00,8.272256851196289062e+00,8.769800186157226562e+00,7.850305080413818359e+00,1.242670917510986328e+01,9.660361289978027344e+00,1.048512649536132812e+01,1.202802658081054688e+01
9.257132530212402344e+00,8.250954627990722656e+00,8.456116676330566406e+00,5.412148952484130859e+00,7.892473220825195312e+00,8.407398223876953125e+00,7.881890773773193359e+00,1.232075500488281250e+01,9.514172554016113281e+00,1.038727664947509766e+01,1.191834640502929688e+01
9.276713371276855469e+00,8.407996177673339844e+00,8.603488922119140625e+00,5.358831405639648438e+00,8.158774375915527344e+00,8.791051864624023438e+00,7.625792503356933594e+00,1.238884258270263672e+01,9.618727684020996094e+00,1.040986442565917969e+01,1.193139266967773438e+01
9.244906425476074219e+00,8.329893112182617188e+00,8.542572975158691406e+00,5.426553249359130859e+00,8.106847763061523438e+00,8.612123489379882812e+00,7.893674373626708984e+00,1.232961845397949219e+01,9.602654457092285156e+00,1.042423057556152344e+01,1.197723197937011719e+01
9.227606773376464844e+00,8.298088073730468750e+00,8.516777038574218750e+00,5.369498729705810547e+00,8.130475997924804688e+00,8.527697563171386719e+00,7.867438793182373047e+00,1.235970973968505859e+01,9.606733322143554688e+00,1.045046329498291016e+01,1.198164939880371094e+01
9.231165885925292969e+00,8.415811538696289062e+00,8.030516624450683594e+00,5.817409992218017578e+00,6.206931591033935547e+00,7.826830863952636719e+00,7.555187702178955078e+00,1.249040699005126953e+01,8.966790199279785156e+00,1.004524517059326172e+01,1.151192569732666016e+01
9.148301124572753906e+00,8.369278907775878906e+00,7.916907310485839844e+00,5.746960639953613281e+00,6.137566566467285156e+00,7.706859111785888672e+00,7.403751373291015625e+00,1.241290950775146484e+01,8.849103927612304688e+00,9.912836074829101562e+00,1.136482620239257812e+01
9.213020324707031250e+00,8.460296630859375000e+00,7.975369453430175781e+00,5.832406997680664062e+00,6.154672622680664062e+00,7.788048744201660156e+00,7.457934379577636719e+00,1.250021076202392578e+01,8.903918266296386719e+00,9.988702774047851562e+00,1.145873928070068359e+01
9.178286552429199219e+00,8.332460403442382812e+00,7.944832324981689453e+00,5.748782157897949219e+00,6.176014423370361328e+00,7.745393276214599609e+00,7.438685894012451172e+00,1.237026119232177734e+01,8.864929199218750000e+00,9.911586761474609375e+00,1.137434959411621094e+01
9.130694389343261719e+00,8.263666152954101562e+00,7.788103580474853516e+00,5.695516586303710938e+00,6.001473903656005859e+00,7.597560882568359375e+00,7.306529998779296875e+00,1.228221416473388672e+01,8.689190864562988281e+00,9.767859458923339844e+00,1.120767593383789062e+01
9.113362312316894531e+00,8.213466644287109375e+00,7.786822319030761719e+00,5.650506973266601562e+00,6.015267848968505859e+00,7.543006896972656250e+00,7.337586402893066406e+00,1.227483940124511719e+01,8.712049484252929688e+00,9.802855491638183594e+00,1.123503208160400391e+01
9.219691276550292969e+00,8.360932350158691406e+00,8.008225440979003906e+00,5.734646320343017578e+00,6.227241039276123047e+00,7.782764434814453125e+00,7.448144912719726562e+00,1.242373943328857422e+01,8.927592277526855469e+00,9.959318161010742188e+00,1.142024803161621094e+01
9.287404060363769531e+00,8.398868560791015625e+00,8.027382850646972656e+00,5.759660720825195312e+00,6.242443084716796875e+00,7.894817352294921875e+00,7.424730777740478516e+00,1.242236900329589844e+01,8.906358718872070312e+00,9.937038421630859375e+00,1.140410518646240234e+01
8.973535537719726562e+00,8.168136596679687500e+00,7.743772029876708984e+00,5.553771018981933594e+00,6.145903110504150391e+00,7.526515960693359375e+00,7.311857223510742188e+00,1.220898914337158203e+01,8.716600418090820312e+00,9.782741546630859375e+00,1.120177841186523438e+01
9.265700340270996094e+00,8.406557083129882812e+00,8.089374542236328125e+00,5.710065841674804688e+00,6.391567230224609375e+00,7.983321189880371094e+00,7.428447246551513672e+00,1.241343021392822266e+01,8.973470687866210938e+00,9.957819938659667969e+00,1.142526435852050781e+01
9.140377044677734375e+00,8.249239921569824219e+00,8.276046752929687500e+00,5.281180858612060547e+00,8.740189552307128906e+00,8.331557273864746094e+00,7.932981967926025391e+00,1.258376502990722656e+01,9.590929985046386719e+00,1.063943386077880859e+01,1.214662075042724609e+01
9.097670555114746094e+00,8.083393096923828125e+00,8.183748245239257812e+00,5.180701255798339844e+00,8.920770645141601562e+00,8.239896774291992188e+00,8.060525894165039062e+00,1.248371410369873047e+01,9.544435501098632812e+00,1.061814785003662109e+01,1.210813045501708984e+01
9.262034416198730469e+00,8.155859947204589844e+00,8.316820144653320312e+00,5.159204959869384766e+00,8.315822601318359375e+00,8.371030807495117188e+00,7.647332191467285156e+00,1.244555187225341797e+01,9.491466522216796875e+00,1.047695922851562500e+01,1.194172096252441406e+01
9.147717475891113281e+00,8.164730072021484375e+00,8.295709609985351562e+00,5.213732719421386719e+00,8.912888526916503906e+00,8.457962036132812500e+00,7.907347679138183594e+00,1.245652008056640625e+01,9.594393730163574219e+00,1.057899093627929688e+01,1.208999538421630859e+01
9.213595390319824219e+00,8.006517410278320312e+00,8.292023658752441406e+00,5.154280185699462891e+00,8.254418373107910156e+00,8.326854705810546875e+00,7.947676658630371094e+00,1.230444812774658203e+01,9.474785804748535156e+00,1.045439529418945312e+01,1.191231346130371094e+01
9.158549308776855469e+00,8.038070678710937500e+00,8.226571083068847656e+00,5.260212421417236328e+00,8.516551971435546875e+00,8.098384857177734375e+00,8.103101730346679688e+00,1.239764976501464844e+01,9.533359527587890625e+00,1.055285835266113281e+01,1.206905937194824219e+01
9.129200935363769531e+00,8.016370773315429688e+00,8.232583045959472656e+00,5.131807327270507812e+00,8.425922393798828125e+00,8.081956863403320312e+00,8.060757637023925781e+00,1.241515254974365234e+01,9.563057899475097656e+00,1.059183979034423828e+01,1.205025196075439453e+01
9.075511932373046875e+00,7.888766288757324219e+00,8.196969985961914062e+00,4.862523078918457031e+00,8.611460685729980469e+00,8.240773200988769531e+00,7.971004962921142578e+00,1.231411075592041016e+01,9.531580924987792969e+00,1.055162620544433594e+01,1.191424846649169922e+01
9.143702507019042969e+00,7.980539321899414062e+00,8.294953346252441406e+00,5.034804821014404297e+00,8.370666503906250000e+00,8.295534133911132812e+00,8.028897285461425781e+00,1.230395507812500000e+01,9.563577651977539062e+00,1.052805614471435547e+01,1.195134353637695312e+01
9.211390495300292969e+00,7.914843559265136719e+00,8.223672866821289062e+00,5.203462600708007812e+00,8.316311836242675781e+00,7.929833412170410156e+00,7.972278594970703125e+00,1.232579994201660156e+01,9.497431755065917969e+00,1.048513984680175781e+01,1.199371242523193359e+01
9.094555854797363281e+00,8.504954338073730469e+00,8.759793281555175781e+00,5.287810325622558594e+00,9.336106300354003906e+00,9.173160552978515625e+00,8.451032638549804688e+00,1.261943340301513672e+01,9.941990852355957031e+00,1.078691864013671875e+01,1.226485443115234375e+01
9.148999214172363281e+00,8.309096336364746094e+00,8.668751716613769531e+00,5.229199409484863281e+00,9.058235168457031250e+00,8.969618797302246094e+00,8.427298545837402344e+00,1.248486900329589844e+01,9.830104827880859375e+00,1.070111370086669922e+01,1.216866302490234375e+01
9.036334037780761719e+00,8.169927597045898438e+00,8.573595046997070312e+00,4.980338096618652344e+00,9.033308029174804688e+00,8.960079193115234375e+00,8.326555252075195312e+00,1.243648910522460938e+01,9.790497779846191406e+00,1.069476318359375000e+01,1.203115272521972656e+01
9.106951713562011719e+00,8.104138374328613281e+00,8.476827621459960938e+00,5.042817592620849609e+00,8.872424125671386719e+00,8.657113075256347656e+00,8.251024246215820312e+00,1.244188022613525391e+01,9.696221351623535156e+00,1.066691207885742188e+01,1.204613971710205078e+01
9.107327461242675781e+00,8.163220405578613281e+00,8.616036415100097656e+00,5.066752433776855469e+00,8.931878089904785156e+00,8.932691574096679688e+00,8.249412536621093750e+00,1.239079093933105469e+01,9.787201881408691406e+00,1.065088272094726562e+01,1.204495429992675781e+01
9.101861000061035156e+00,8.100585937500000000e+00,8.549885749816894531e+00,5.012671947479248047e+00,8.836698532104492188e+00,8.842842102050781250e+00,8.171099662780761719e+00,1.236814689636230469e+01,9.726855278015136719e+00,1.062443923950195312e+01,1.199360561370849609e+01
9.115489006042480469e+00,8.100013732910156250e+00,8.578128814697265625e+00,5.067479610443115234e+00,8.940711021423339844e+00,8.790330886840820312e+00,8.239924430847167969e+00,1.238000965118408203e+01,9.762798309326171875e+00,1.062860679626464844e+01,1.203575420379638672e+01
9.130433082580566406e+00,8.159029960632324219e+00,8.641807556152343750e+00,5.105638504028320312e+00,8.993640899658203125e+00,8.991811752319335938e+00,8.279783248901367188e+00,1.234141445159912109e+01,9.803791046142578125e+00,1.063019752502441406e+01,1.205830955505371094e+01
9.106266975402832031e+00,8.188295364379882812e+00,8.624478340148925781e+00,5.048907279968261719e+00,8.945945739746093750e+00,8.918189048767089844e+00,8.422265052795410156e+00,1.241955852508544922e+01,9.828168869018554688e+00,1.070274925231933594e+01,1.208835506439208984e+01
9.036266326904296875e+00,8.057235717773437500e+00,8.598909378051757812e+00,4.918932914733886719e+00,9.022853851318359375e+00,8.881010055541992188e+00,8.392783164978027344e+00,1.234123706817626953e+01,9.833209037780761719e+00,1.065790081024169922e+01,1.199471950531005859e+01
9.012895584106445312e+00,7.610367774963378906e+00,8.258760452270507812e+00,4.325646400451660156e+00,9.132461547851562500e+00,8.665162086486816406e+00,9.058228492736816406e+00,1.205847358703613281e+01,9.628693580627441406e+00,1.042287635803222656e+01,1.150996780395507812e+01
9.035687446594238281e+00,7.575005531311035156e+00,8.289854049682617188e+00,4.289034843444824219e+00,9.165053367614746094e+00,8.671100616455078125e+00,8.970685005187988281e+00,1.200823593139648438e+01,9.665867805480957031e+00,1.041120433807373047e+01,1.150687217712402344e+01
9.006841659545898438e+00,7.558413505554199219e+00,8.267720222473144531e+00,4.330409049987792969e+00,9.165375709533691406e+00,8.646526336669921875e+00,8.964046478271484375e+00,1.200365734100341797e+01,9.647464752197265625e+00,1.040674877166748047e+01,1.151312637329101562e+01
9.050688743591308594e+00,7.542553901672363281e+00,8.295425415039062500e+00,4.410297393798828125e+00,9.439524650573730469e+00,8.685892105102539062e+00,9.064536094665527344e+00,1.198882579803466797e+01,9.701565742492675781e+00,1.040928363800048828e+01,1.156788253784179688e+01
9.035632133483886719e+00,7.541529655456542969e+00,8.277916908264160156e+00,4.329739570617675781e+00,9.215260505676269531e+00,8.657009124755859375e+00,8.785110473632812500e+00,1.202618026733398438e+01,9.682577133178710938e+00,1.045873928070068359e+01,1.157511138916015625e+01
9.086991310119628906e+00,7.567681312561035156e+00,8.352833747863769531e+00,4.284608364105224609e+00,9.349192619323730469e+00,8.767650604248046875e+00,8.969453811645507812e+00,1.201446628570556641e+01,9.766278266906738281e+00,1.047298240661621094e+01,1.158163261413574219e+01
9.022147178649902344e+00,7.562419891357421875e+00,8.248620986938476562e+00,4.195518970489501953e+00,9.312979698181152344e+00,8.570967674255371094e+00,9.184230804443359375e+00,1.202943325042724609e+01,9.703041076660156250e+00,1.044451522827148438e+01,1.150954627990722656e+01
9.016493797302246094e+00,7.350224494934082031e+00,8.055892944335937500e+00,4.259993553161621094e+00,9.074738502502441406e+00,8.245300292968750000e+00,8.994400024414062500e+00,1.189060783386230469e+01,9.515381813049316406e+00,1.034088993072509766e+01,1.144720172882080078e+01
9.031036376953125000e+00,7.507330894470214844e+00,8.237051963806152344e+00,4.391613006591796875e+00,9.286208152770996094e+00,8.515009880065917969e+00,9.000392913818359375e+00,1.199057674407958984e+01,9.654986381530761719e+00,1.040812015533447266e+01,1.156072330474853516e+01
9.017142295837402344e+00,7.424323081970214844e+00,8.157600402832031250e+00,4.310332298278808594e+00,9.275964736938476562e+00,8.295163154602050781e+00,9.119385719299316406e+00,1.196946430206298828e+01,9.657218933105468750e+00,1.042830467224121094e+01,1.155924034118652344e+01
9.162219047546386719e+00,7.433436393737792969e+00,8.317209243774414062e+00,4.671868324279785156e+00,9.222429275512695312e+00,8.605440139770507812e+00,8.616762161254882812e+00,1.159667301177978516e+01,9.443345069885253906e+00,9.977083206176757812e+00,1.134901428222656250e+01
9.237607002258300781e+00,7.391470909118652344e+00,8.292120933532714844e+00,4.509196281433105469e+00,9.025458335876464844e+00,8.520556449890136719e+00,8.554594039916992188e+00,1.159820175170898438e+01,9.432211875915527344e+00,9.994082450866699219e+00,1.131152915954589844e+01
9.094559669494628906e+00,7.355590820312500000e+00,8.188195228576660156e+00,4.622064113616943359e+00,9.271871566772460938e+00,8.348987579345703125e+00,8.802822113037109375e+00,1.164856243133544922e+01,9.412640571594238281e+00,1.001319217681884766e+01,1.135273075103759766e+01
9.185894966125488281e+00,7.402150154113769531e+00,8.278162002563476562e+00,4.598818778991699219e+00,9.198578834533691406e+00,8.519445419311523438e+00,8.632493972778320312e+00,1.166098403930664062e+01,9.457646369934082031e+00,1.004580211639404297e+01,1.138155078887939453e+01
9.195683479309082031e+00,7.376867294311523438e+00,8.169049263000488281e+00,4.354589462280273438e+00,9.119473457336425781e+00,8.404963493347167969e+00,8.936798095703125000e+00,1.161056613922119141e+01,9.399645805358886719e+00,9.996433258056640625e+00,1.123439216613769531e+01
9.133066177368164062e+00,7.321711540222167969e+00,8.225320816040039062e+00,4.596276283264160156e+00,9.209862709045410156e+00,8.418142318725585938e+00,8.682645797729492188e+00,1.153861999511718750e+01,9.421513557434082031e+00,9.968929290771484375e+00,1.132608604431152344e+01
9.221554756164550781e+00,7.371876716613769531e+00,8.176673889160156250e+00,4.424535751342773438e+00,9.258875846862792969e+00,8.355975151062011719e+00,8.837080001831054688e+00,1.166615009307861328e+01,9.410426139831542969e+00,1.000794124603271484e+01,1.128622913360595703e+01
9.166588783264160156e+00,7.277155876159667969e+00,8.208525657653808594e+00,4.591367244720458984e+00,9.179299354553222656e+00,8.331521034240722656e+00,8.712769508361816406e+00,1.157578945159912109e+01,9.436381340026855469e+00,1.002315425872802734e+01,1.137585926055908203e+01
9.160538673400878906e+00,7.348943710327148438e+00,8.234780311584472656e+00,4.519733905792236328e+00,9.126162528991699219e+00,8.447616577148437500e+00,8.685450553894042969e+00,1.161167335510253906e+01,9.442022323608398438e+00,1.002926063537597656e+01,1.133679962158203125e+01
9.142975807189941406e+00,7.316283226013183594e+00,8.203504562377929688e+00,4.543847084045410156e+00,9.209172248840332031e+00,8.321138381958007812e+00,8.837635040283203125e+00,1.155933856964111328e+01,9.428967475891113281e+00,9.978855133056640625e+00,1.131526374816894531e+01
9.099040031433105469e+00,7.145046234130859375e+00,7.603287696838378906e+00,3.595800876617431641e+00,8.999516487121582031e+00,7.464452743530273438e+00,9.220619201660156250e+00,1.190528488159179688e+01,9.319067955017089844e+00,1.035913181304931641e+01,1.124582099914550781e+01
9.041758537292480469e+00,7.088200569152832031e+00,7.599669933319091797e+00,3.684361457824707031e+00,9.019136428833007812e+00,7.356066226959228516e+00,9.315846443176269531e+00,1.187567424774169922e+01,9.355643272399902344e+00,1.037121582031250000e+01,1.128729057312011719e+01
9.197239875793457031e+00,6.877834320068359375e+00,7.334736824035644531e+00,3.324418067932128906e+00,8.543108940124511719e+00,7.148634433746337891e+00,8.821558952331542969e+00,1.156667995452880859e+01,9.003643989562988281e+00,1.010163688659667969e+01,1.095347213745117188e+01
9.024308204650878906e+00,6.889665603637695312e+00,7.252137184143066406e+00,3.398223400115966797e+00,8.859692573547363281e+00,6.994230270385742188e+00,8.926050186157226562e+00,1.167565250396728516e+01,9.044709205627441406e+00,1.017318153381347656e+01,1.102496814727783203e+01
9.061307907104492188e+00,6.824500083923339844e+00,7.423851966857910156e+00,3.589677333831787109e+00,8.817008018493652344e+00,7.237759590148925781e+00,8.780008316040039062e+00,1.160637760162353516e+01,9.141165733337402344e+00,1.017957401275634766e+01,1.109335708618164062e+01
9.580529212951660156e+00,6.440547943115234375e+00,6.802513122558593750e+00,2.863087177276611328e+00,7.982146739959716797e+00,6.541772842407226562e+00,8.454697608947753906e+00,1.108783054351806641e+01,8.386110305786132812e+00,9.635059356689453125e+00,1.045097923278808594e+01
8.938999176025390625e+00,6.871712684631347656e+00,7.231162071228027344e+00,3.470757007598876953e+00,8.884063720703125000e+00,6.963119983673095703e+00,8.853836059570312500e+00,1.162572860717773438e+01,9.050217628479003906e+00,1.016526126861572266e+01,1.104082870483398438e+01
9.048365592956542969e+00,6.932149887084960938e+00,7.318732261657714844e+00,3.398330211639404297e+00,8.871239662170410156e+00,6.944446563720703125e+00,9.123626708984375000e+00,1.169441699981689453e+01,9.151351928710937500e+00,1.023768997192382812e+01,1.109976387023925781e+01
9.071357727050781250e+00,6.886740684509277344e+00,7.367603302001953125e+00,3.363035678863525391e+00,8.606381416320800781e+00,7.064615726470947266e+00,8.989592552185058594e+00,1.156585693359375000e+01,9.131676673889160156e+00,1.018920230865478516e+01,1.104252433776855469e+01
9.470488548278808594e+00,6.513351440429687500e+00,6.861580371856689453e+00,2.886907100677490234e+00,7.984235286712646484e+00,6.505964279174804688e+00,8.529452323913574219e+00,1.115379238128662109e+01,8.514737129211425781e+00,9.755079269409179688e+00,1.056328010559082031e+01
9.148366928100585938e+00,7.255794525146484375e+00,8.023714065551757812e+00,4.699199199676513672e+00,9.179638862609863281e+00,7.933227539062500000e+00,8.779762268066406250e+00,1.165072917938232422e+01,9.179966926574707031e+00,9.845314979553222656e+00,1.123891639709472656e+01
9.159519195556640625e+00,7.405116081237792969e+00,8.149066925048828125e+00,4.730630874633789062e+00,9.109194755554199219e+00,8.158450126647949219e+00,8.785170555114746094e+00,1.165112590789794922e+01,9.237198829650878906e+00,9.854270935058593750e+00,1.124946212768554688e+01
9.106396675109863281e+00,7.419682502746582031e+00,8.242512702941894531e+00,4.816366195678710938e+00,9.233700752258300781e+00,8.278123855590820312e+00,8.896920204162597656e+00,1.159744739532470703e+01,9.345644950866699219e+00,9.885324478149414062e+00,1.132606887817382812e+01
9.193108558654785156e+00,7.470778465270996094e+00,8.285503387451171875e+00,4.717395305633544922e+00,9.158250808715820312e+00,8.392474174499511719e+00,8.879195213317871094e+00,1.167647647857666016e+01,9.386742591857910156e+00,9.945394515991210938e+00,1.132625389099121094e+01
9.156794548034667969e+00,7.403799057006835938e+00,8.224012374877929688e+00,4.716296672821044922e+00,9.199637413024902344e+00,8.357865333557128906e+00,8.842302322387695312e+00,1.162368679046630859e+01,9.333718299865722656e+00,9.899637222290039062e+00,1.128510665893554688e+01
9.108258247375488281e+00,7.417760848999023438e+00,8.255452156066894531e+00,4.734965324401855469e+00,9.141777038574218750e+00,8.366930007934570312e+00,8.882448196411132812e+00,1.152627086639404297e+01,9.338816642761230469e+00,9.844623565673828125e+00,1.125193405151367188e+01
9.170658111572265625e+00,7.379273414611816406e+00,8.170038223266601562e+00,4.633823394775390625e+00,9.128931045532226562e+00,8.284487724304199219e+00,8.841918945312500000e+00,1.163026332855224609e+01,9.295601844787597656e+00,9.896987915039062500e+00,1.124473571777343750e+01
9.230148315429687500e+00,7.379584312438964844e+00,8.186504364013671875e+00,4.606187820434570312e+00,9.139769554138183594e+00,8.189792633056640625e+00,8.856329917907714844e+00,1.168545055389404297e+01,9.327846527099609375e+00,9.920610427856445312e+00,1.127087593078613281e+01
9.222134590148925781e+00,7.413939476013183594e+00,8.145209312438964844e+00,4.603127479553222656e+00,9.144028663635253906e+00,8.111418724060058594e+00,8.942099571228027344e+00,1.171243953704833984e+01,9.270483970642089844e+00,9.882957458496093750e+00,1.122352409362792969e+01
9.200574874877929688e+00,7.400666236877441406e+00,8.178989410400390625e+00,4.569422245025634766e+00,9.119645118713378906e+00,8.251062393188476562e+00,8.925592422485351562e+00,1.163551998138427734e+01,9.300558090209960938e+00,9.875026702880859375e+00,1.120231246948242188e+01
9.281725883483886719e+00,9.506912231445312500e+00,9.221463203430175781e+00,6.190580368041992188e+00,9.390015602111816406e+00,1.048558616638183594e+01,8.471266746520996094e+00,1.279936122894287109e+01,9.813614845275878906e+00,1.059872436523437500e+01,1.236082553863525391e+01
9.242449760437011719e+00,9.319119453430175781e+00,9.093940734863281250e+00,6.007698059082031250e+00,9.322902679443359375e+00,1.022788619995117188e+01,8.743587493896484375e+00,1.273856449127197266e+01,9.762015342712402344e+00,1.060592937469482422e+01,1.229386520385742188e+01
9.280153274536132812e+00,9.480500221252441406e+00,9.208190917968750000e+00,6.127436637878417969e+00,9.370604515075683594e+00,1.045759391784667969e+01,8.579929351806640625e+00,1.278859615325927734e+01,9.850341796875000000e+00,1.064821624755859375e+01,1.238492107391357422e+01
9.291789054870605469e+00,9.504631996154785156e+00,9.228784561157226562e+00,6.137067317962646484e+00,9.375109672546386719e+00,1.048221015930175781e+01,8.564780235290527344e+00,1.281489276885986328e+01,9.882513999938964844e+00,1.067677116394042969e+01,1.241305160522460938e+01
9.287028312683105469e+00,9.337083816528320312e+00,9.123515129089355469e+00,6.038653850555419922e+00,9.197336196899414062e+00,1.022182655334472656e+01,8.572904586791992188e+00,1.278789043426513672e+01,9.802473068237304688e+00,1.063945579528808594e+01,1.232619190216064453e+01
9.321484565734863281e+00,9.477437019348144531e+00,9.237274169921875000e+00,6.134457588195800781e+00,9.205777168273925781e+00,1.046276760101318359e+01,8.463501930236816406e+00,1.281041240692138672e+01,9.856524467468261719e+00,1.064083766937255859e+01,1.236314582824707031e+01
9.293100357055664062e+00,9.443730354309082031e+00,9.214603424072265625e+00,6.055551528930664062e+00,9.292845726013183594e+00,1.037747383117675781e+01,8.570275306701660156e+00,1.284643936157226562e+01,9.923619270324707031e+00,1.072664070129394531e+01,1.241926574707031250e+01
9.256800651550292969e+00,9.221863746643066406e+00,9.087405204772949219e+00,5.881132125854492188e+00,9.130322456359863281e+00,1.014166259765625000e+01,8.909266471862792969e+00,1.265160274505615234e+01,9.800450325012207031e+00,1.062792015075683594e+01,1.226752758026123047e+01
9.254990577697753906e+00,9.260837554931640625e+00,9.119119644165039062e+00,5.924159049987792969e+00,9.270975112915039062e+00,1.020763969421386719e+01,8.850448608398437500e+00,1.267397499084472656e+01,9.846014976501464844e+00,1.065699291229248047e+01,1.232910251617431641e+01
9.300849914550781250e+00,9.352292060852050781e+00,9.160531044006347656e+00,5.976363182067871094e+00,9.175187110900878906e+00,1.026865577697753906e+01,8.675874710083007812e+00,1.278498554229736328e+01,9.899724960327148438e+00,1.072537612915039062e+01,1.238789081573486328e+01
9.328436851501464844e+00,9.878498077392578125e+00,9.393068313598632812e+00,6.476069450378417969e+00,9.809264183044433594e+00,1.082319927215576172e+01,8.251532554626464844e+00,1.301226043701171875e+01,9.998285293579101562e+00,1.070598125457763672e+01,1.257987976074218750e+01
9.284025192260742188e+00,9.913866996765136719e+00,9.410791397094726562e+00,6.424782276153564453e+00,9.967340469360351562e+00,1.084281158447265625e+01,8.405854225158691406e+00,1.305503940582275391e+01,1.007798862457275391e+01,1.078304576873779297e+01,1.263916206359863281e+01
9.253132820129394531e+00,9.893282890319824219e+00,9.408561706542968750e+00,6.377826690673828125e+00,1.000573921203613281e+01,1.083588886260986328e+01,8.384799957275390625e+00,1.306197071075439453e+01,1.009140396118164062e+01,1.078593444824218750e+01,1.262059879302978516e+01
9.257319450378417969e+00,9.805049896240234375e+00,9.382303237915039062e+00,6.303796768188476562e+00,9.856570243835449219e+00,1.078608131408691406e+01,8.423570632934570312e+00,1.300965213775634766e+01,1.006398391723632812e+01,1.078204154968261719e+01,1.258565902709960938e+01
9.335901260375976562e+00,9.924618721008300781e+00,9.460092544555664062e+00,6.434961318969726562e+00,9.775362014770507812e+00,1.088360214233398438e+01,8.287139892578125000e+00,1.311209678649902344e+01,1.009520816802978516e+01,1.078510475158691406e+01,1.260965251922607422e+01
9.336403846740722656e+00,9.849709510803222656e+00,9.442726135253906250e+00,6.374046325683593750e+00,9.663391113281250000e+00,1.085574340820312500e+01,8.342144012451171875e+00,1.304601764678955078e+01,1.006259918212890625e+01,1.076944541931152344e+01,1.257325553894042969e+01
9.348561286926269531e+00,9.821637153625488281e+00,9.458544731140136719e+00,6.363718032836914062e+00,9.574687004089355469e+00,1.083606338500976562e+01,8.326266288757324219e+00,1.302948188781738281e+01,1.006938838958740234e+01,1.075988578796386719e+01,1.255594253540039062e+01
9.338513374328613281e+00,9.770832061767578125e+00,9.441857337951660156e+00,6.298777580261230469e+00,9.491632461547851562e+00,1.083642864227294922e+01,8.395955085754394531e+00,1.296930599212646484e+01,1.004663467407226562e+01,1.075202369689941406e+01,1.252458190917968750e+01
9.303097724914550781e+00,9.819488525390625000e+00,9.442759513854980469e+00,6.340495109558105469e+00,9.773516654968261719e+00,1.083250713348388672e+01,8.322200775146484375e+00,1.302802371978759766e+01,1.009278583526611328e+01,1.076752281188964844e+01,1.257585716247558594e+01
9.336167335510253906e+00,9.749159812927246094e+00,9.411667823791503906e+00,6.289499759674072266e+00,9.546065330505371094e+00,1.077010154724121094e+01,8.292130470275878906e+00,1.301657676696777344e+01,1.004992103576660156e+01,1.076610374450683594e+01,1.253051090240478516e+01
9.097627639770507812e+00,7.502309799194335938e+00,7.814089775085449219e+00,3.838787078857421875e+00,8.801873207092285156e+00,7.584695816040039062e+00,8.104493141174316406e+00,1.229966831207275391e+01,9.297856330871582031e+00,1.042393589019775391e+01,1.143051528930664062e+01
9.016156196594238281e+00,7.468954086303710938e+00,7.763633728027343750e+00,3.979452133178710938e+00,8.813496589660644531e+00,7.718451499938964844e+00,7.991472721099853516e+00,1.221556091308593750e+01,9.246167182922363281e+00,1.039582443237304688e+01,1.143383216857910156e+01
9.078268051147460938e+00,7.320980072021484375e+00,7.634771823883056641e+00,3.804096221923828125e+00,8.828343391418457031e+00,7.469506263732910156e+00,8.149403572082519531e+00,1.214785766601562500e+01,9.176770210266113281e+00,1.034105300903320312e+01,1.133434295654296875e+01
9.055524826049804688e+00,7.469666481018066406e+00,7.868439197540283203e+00,3.936194419860839844e+00,8.810957908630371094e+00,7.894496440887451172e+00,8.109435081481933594e+00,1.215017509460449219e+01,9.328519821166992188e+00,1.039805603027343750e+01,1.142005920410156250e+01
9.243349075317382812e+00,7.313774108886718750e+00,7.697365760803222656e+00,3.794081687927246094e+00,8.707306861877441406e+00,7.661415100097656250e+00,8.401557922363281250e+00,1.211161422729492188e+01,9.131562232971191406e+00,1.027328014373779297e+01,1.124680805206298828e+01
9.090467453002929688e+00,7.349901199340820312e+00,7.780436515808105469e+00,3.844630718231201172e+00,8.737709999084472656e+00,7.715805053710937500e+00,8.276521682739257812e+00,1.209852313995361328e+01,9.281275749206542969e+00,1.037500953674316406e+01,1.136339950561523438e+01
9.064577102661132812e+00,7.421109199523925781e+00,7.806804656982421875e+00,3.806762695312500000e+00,8.757416725158691406e+00,7.755765438079833984e+00,8.245738029479980469e+00,1.210062313079833984e+01,9.278386116027832031e+00,1.033775329589843750e+01,1.132426643371582031e+01
9.098355293273925781e+00,7.302039146423339844e+00,7.711681842803955078e+00,3.872220039367675781e+00,8.963114738464355469e+00,7.635315895080566406e+00,8.323263168334960938e+00,1.209034633636474609e+01,9.267376899719238281e+00,1.036183738708496094e+01,1.137122917175292969e+01
9.145481109619140625e+00,7.295360565185546875e+00,7.684885025024414062e+00,3.833251953125000000e+00,8.737481117248535156e+00,7.729142189025878906e+00,8.187888145446777344e+00,1.201972866058349609e+01,9.167945861816406250e+00,1.030286121368408203e+01,1.129883956909179688e+01
9.127839088439941406e+00,7.396708488464355469e+00,7.934247970581054688e+00,3.976189613342285156e+00,8.933926582336425781e+00,8.003569602966308594e+00,8.310869216918945312e+00,1.209507369995117188e+01,9.384923934936523438e+00,1.037958621978759766e+01,1.141204833984375000e+01
9.232239723205566406e+00,7.421416282653808594e+00,8.138908386230468750e+00,4.695547103881835938e+00,9.431979179382324219e+00,8.355886459350585938e+00,8.444859504699707031e+00,1.185884380340576172e+01,9.337744712829589844e+00,1.006575870513916016e+01,1.143271064758300781e+01
9.380314826965332031e+00,7.465752601623535156e+00,8.229103088378906250e+00,4.360393524169921875e+00,9.394591331481933594e+00,8.361843109130859375e+00,8.604654312133789062e+00,1.200277996063232422e+01,9.513960838317871094e+00,1.023405647277832031e+01,1.147607517242431641e+01
9.215065956115722656e+00,7.366946220397949219e+00,8.187162399291992188e+00,4.531786918640136719e+00,9.398005485534667969e+00,8.283322334289550781e+00,8.803674697875976562e+00,1.188067436218261719e+01,9.511755943298339844e+00,1.020740127563476562e+01,1.149516105651855469e+01
9.231247901916503906e+00,7.406078338623046875e+00,8.208283424377441406e+00,4.568538665771484375e+00,9.399856567382812500e+00,8.401258468627929688e+00,8.515680313110351562e+00,1.182643890380859375e+01,9.449542045593261719e+00,1.011409187316894531e+01,1.144088745117187500e+01
9.261088371276855469e+00,7.324110031127929688e+00,8.146956443786621094e+00,4.413063049316406250e+00,9.442854881286621094e+00,8.224197387695312500e+00,8.831224441528320312e+00,1.182946491241455078e+01,9.482043266296386719e+00,1.014461517333984375e+01,1.141123390197753906e+01
9.393147468566894531e+00,7.243110656738281250e+00,8.087866783142089844e+00,4.428276062011718750e+00,9.288983345031738281e+00,8.132895469665527344e+00,8.326045989990234375e+00,1.179141044616699219e+01,9.351619720458984375e+00,1.007710933685302734e+01,1.139540767669677734e+01
9.305208206176757812e+00,7.312783241271972656e+00,8.058580398559570312e+00,4.349952697753906250e+00,9.476616859436035156e+00,8.101077079772949219e+00,9.107622146606445312e+00,1.185252475738525391e+01,9.431735038757324219e+00,1.013790130615234375e+01,1.137308883666992188e+01
9.380216598510742188e+00,7.304229736328125000e+00,8.084382057189941406e+00,4.300966262817382812e+00,9.329302787780761719e+00,8.103350639343261719e+00,8.515772819519042969e+00,1.189188575744628906e+01,9.417374610900878906e+00,1.016673088073730469e+01,1.141854953765869141e+01
9.355099678039550781e+00,7.218418121337890625e+00,7.925038814544677734e+00,4.167350769042968750e+00,9.199006080627441406e+00,7.802728652954101562e+00,8.942907333374023438e+00,1.177749156951904297e+01,9.291415214538574219e+00,1.004182720184326172e+01,1.124209308624267578e+01
9.479795455932617188e+00,7.426731109619140625e+00,8.127643585205078125e+00,4.216415405273437500e+00,9.339076042175292969e+00,8.198043823242187500e+00,8.261983871459960938e+00,1.200076293945312500e+01,9.397627830505371094e+00,1.017167186737060547e+01,1.141181182861328125e+01
9.282555580139160156e+00,7.501770973205566406e+00,8.295058250427246094e+00,4.673408508300781250e+00,9.236413002014160156e+00,8.580282211303710938e+00,8.111791610717773438e+00,1.180510711669921875e+01,9.440482139587402344e+00,1.010927677154541016e+01,1.149800491333007812e+01
9.291623115539550781e+00,7.451863288879394531e+00,8.196894645690917969e+00,4.604055404663085938e+00,9.212296485900878906e+00,8.376494407653808594e+00,8.170717239379882812e+00,1.183221530914306641e+01,9.381809234619140625e+00,1.009772872924804688e+01,1.146377277374267578e+01
9.285166740417480469e+00,7.430225372314453125e+00,8.273969650268554688e+00,4.661409378051757812e+00,9.229922294616699219e+00,8.521625518798828125e+00,8.168950080871582031e+00,1.171981048583984375e+01,9.418001174926757812e+00,1.005224704742431641e+01,1.145197963714599609e+01
9.314101219177246094e+00,7.500021934509277344e+00,8.324123382568359375e+00,4.657594203948974609e+00,9.250802040100097656e+00,8.629689216613769531e+00,8.011242866516113281e+00,1.180963802337646484e+01,9.479071617126464844e+00,1.014560604095458984e+01,1.153820800781250000e+01
9.280306816101074219e+00,7.413895606994628906e+00,8.182984352111816406e+00,4.663371086120605469e+00,9.148784637451171875e+00,8.334524154663085938e+00,8.046198844909667969e+00,1.173363876342773438e+01,9.338345527648925781e+00,1.003080081939697266e+01,1.144291496276855469e+01
9.313305854797363281e+00,7.453783035278320312e+00,8.251266479492187500e+00,4.593069553375244141e+00,9.091357231140136719e+00,8.469881057739257812e+00,8.053657531738281250e+00,1.175132846832275391e+01,9.404137611389160156e+00,1.008563232421875000e+01,1.146295452117919922e+01
9.316855430603027344e+00,7.480483055114746094e+00,8.296762466430664062e+00,4.601059913635253906e+00,9.214417457580566406e+00,8.557615280151367188e+00,8.098078727722167969e+00,1.180412006378173828e+01,9.461142539978027344e+00,1.013083457946777344e+01,1.150049018859863281e+01
9.335168838500976562e+00,7.492621421813964844e+00,8.257405281066894531e+00,4.638691902160644531e+00,9.162222862243652344e+00,8.481195449829101562e+00,8.006564140319824219e+00,1.177613162994384766e+01,9.386018753051757812e+00,1.006762790679931641e+01,1.146936702728271484e+01
9.273993492126464844e+00,7.427680015563964844e+00,8.302405357360839844e+00,4.636844635009765625e+00,9.216148376464843750e+00,8.527038574218750000e+00,8.016036987304687500e+00,1.174875259399414062e+01,9.495575904846191406e+00,1.013773727416992188e+01,1.153474807739257812e+01
9.340001106262207031e+00,7.491229057312011719e+00,8.375391006469726562e+00,4.567728996276855469e+00,9.250987052917480469e+00,8.665046691894531250e+00,8.078535079956054688e+00,1.177831172943115234e+01,9.532869338989257812e+00,1.014326953887939453e+01,1.151395511627197266e+01
8.994739532470703125e+00,7.505159378051757812e+00,7.788080215454101562e+00,3.729187011718750000e+00,8.957577705383300781e+00,7.567158699035644531e+00,7.941173553466796875e+00,1.212460041046142578e+01,9.381510734558105469e+00,1.040649223327636719e+01,1.142888832092285156e+01
8.973628044128417969e+00,7.426006317138671875e+00,7.830757141113281250e+00,3.851889133453369141e+00,9.078988075256347656e+00,7.641198635101318359e+00,8.210048675537109375e+00,1.209245586395263672e+01,9.462560653686523438e+00,1.044130134582519531e+01,1.147655296325683594e+01
8.933794021606445312e+00,7.353694915771484375e+00,7.679595947265625000e+00,3.710157871246337891e+00,9.031003952026367188e+00,7.422688484191894531e+00,8.143617630004882812e+00,1.200551986694335938e+01,9.369338035583496094e+00,1.037709522247314453e+01,1.138189315795898438e+01
8.896611213684082031e+00,7.425219535827636719e+00,7.816939830780029297e+00,3.813558578491210938e+00,9.202296257019042969e+00,7.560911178588867188e+00,8.161278724670410156e+00,1.205071830749511719e+01,9.503865242004394531e+00,1.042220592498779297e+01,1.146171379089355469e+01
8.914275169372558594e+00,7.359409332275390625e+00,7.768934726715087891e+00,3.804807186126708984e+00,9.159153938293457031e+00,7.493013381958007812e+00,8.104946136474609375e+00,1.201487445831298828e+01,9.448233604431152344e+00,1.037879562377929688e+01,1.142140197753906250e+01
8.952779769897460938e+00,7.301326751708984375e+00,7.645699501037597656e+00,3.741090297698974609e+00,9.095717430114746094e+00,7.382289409637451172e+00,8.169205665588378906e+00,1.197024917602539062e+01,9.352766990661621094e+00,1.035323619842529297e+01,1.137373542785644531e+01
9.013728141784667969e+00,7.259321212768554688e+00,7.699938774108886719e+00,3.800305366516113281e+00,9.083035469055175781e+00,7.431552886962890625e+00,8.255131721496582031e+00,1.193759822845458984e+01,9.395085334777832031e+00,1.036557197570800781e+01,1.140951728820800781e+01
8.950829505920410156e+00,7.309117317199707031e+00,7.561725139617919922e+00,3.528135776519775391e+00,8.911087989807128906e+00,7.160599708557128906e+00,8.378692626953125000e+00,1.196202659606933594e+01,9.325098037719726562e+00,1.038306045532226562e+01,1.132989978790283203e+01
9.013582229614257812e+00,7.290861129760742188e+00,7.611151695251464844e+00,3.584041595458984375e+00,9.059416770935058594e+00,6.999395370483398438e+00,7.904459476470947266e+00,1.197426891326904297e+01,9.341104507446289062e+00,1.029809570312500000e+01,1.134380340576171875e+01
9.088090896606445312e+00,7.270142555236816406e+00,7.603982925415039062e+00,3.614336967468261719e+00,9.044442176818847656e+00,7.217738151550292969e+00,7.836528301239013672e+00,1.193901538848876953e+01,9.260511398315429688e+00,1.024716663360595703e+01,1.129370307922363281e+01
8.833711624145507812e+00,7.565909385681152344e+00,7.977260589599609375e+00,4.048663616180419922e+00,9.166283607482910156e+00,7.996489524841308594e+00,8.406247138977050781e+00,1.217184352874755859e+01,9.551859855651855469e+00,1.048929977416992188e+01,1.153657341003417969e+01
8.844918251037597656e+00,7.513956069946289062e+00,7.950902462005615234e+00,4.166733741760253906e+00,9.264090538024902344e+00,7.910155296325683594e+00,8.315018653869628906e+00,1.216131973266601562e+01,9.551497459411621094e+00,1.048276710510253906e+01,1.158534336090087891e+01
8.805480003356933594e+00,7.529532432556152344e+00,7.963165760040283203e+00,4.185925006866455078e+00,9.349909782409667969e+00,8.084218025207519531e+00,8.216863632202148438e+00,1.211445808410644531e+01,9.543902397155761719e+00,1.044777202606201172e+01,1.155071449279785156e+01
8.874181747436523438e+00,7.499100685119628906e+00,8.005286216735839844e+00,4.079318523406982422e+00,9.371539115905761719e+00,7.968287944793701172e+00,8.114110946655273438e+00,1.211430454254150391e+01,9.586581230163574219e+00,1.043073463439941406e+01,1.153395271301269531e+01
9.020788192749023438e+00,7.233600616455078125e+00,7.845939159393310547e+00,3.981055259704589844e+00,9.081868171691894531e+00,7.721325397491455078e+00,8.278279304504394531e+00,1.196181964874267578e+01,9.439394950866699219e+00,1.035750389099121094e+01,1.143316459655761719e+01
8.800589561462402344e+00,7.456981658935546875e+00,7.757226943969726562e+00,3.815251827239990234e+00,9.252455711364746094e+00,7.586287498474121094e+00,8.149104118347167969e+00,1.209118080139160156e+01,9.431325912475585938e+00,1.038664627075195312e+01,1.140196228027343750e+01
8.897797584533691406e+00,7.465195655822753906e+00,8.064393997192382812e+00,4.209116935729980469e+00,9.324053764343261719e+00,8.107271194458007812e+00,8.321477890014648438e+00,1.206708431243896484e+01,9.627631187438964844e+00,1.045335197448730469e+01,1.158219909667968750e+01
8.912364006042480469e+00,7.462929725646972656e+00,7.930124282836914062e+00,4.058365821838378906e+00,9.226485252380371094e+00,7.906270980834960938e+00,7.921575069427490234e+00,1.205309009552001953e+01,9.478095054626464844e+00,1.036079788208007812e+01,1.147806549072265625e+01
8.968884468078613281e+00,7.310994148254394531e+00,7.834819316864013672e+00,3.884210586547851562e+00,9.128277778625488281e+00,7.745610237121582031e+00,8.303400993347167969e+00,1.194950485229492188e+01,9.451465606689453125e+00,1.035726642608642578e+01,1.140093517303466797e+01
8.897044181823730469e+00,7.394944190979003906e+00,7.931105613708496094e+00,4.096484661102294922e+00,9.302590370178222656e+00,7.940074920654296875e+00,8.433178901672363281e+00,1.201576328277587891e+01,9.541235923767089844e+00,1.041381835937500000e+01,1.150302124023437500e+01
9.019223213195800781e+00,8.029885292053222656e+00,8.323172569274902344e+00,4.324015617370605469e+00,8.681082725524902344e+00,8.245477676391601562e+00,9.544151306152343750e+00,1.258110713958740234e+01,9.783902168273925781e+00,1.081886863708496094e+01,1.185382461547851562e+01
9.064155578613281250e+00,8.002220153808593750e+00,8.384796142578125000e+00,4.339653491973876953e+00,8.649703025817871094e+00,8.362270355224609375e+00,9.389614105224609375e+00,1.256598758697509766e+01,9.830742835998535156e+00,1.085192394256591797e+01,1.189517211914062500e+01
8.977084159851074219e+00,7.905441284179687500e+00,8.222330093383789062e+00,4.198498725891113281e+00,8.538796424865722656e+00,8.049927711486816406e+00,9.338986396789550781e+00,1.248192119598388672e+01,9.697516441345214844e+00,1.074424934387207031e+01,1.175141429901123047e+01
8.998760223388671875e+00,7.887461662292480469e+00,8.212676048278808594e+00,4.270266056060791016e+00,8.579249382019042969e+00,7.998458385467529297e+00,9.366340637207031250e+00,1.251658821105957031e+01,9.703942298889160156e+00,1.077409934997558594e+01,1.180936717987060547e+01
8.927738189697265625e+00,7.857145309448242188e+00,8.122055053710937500e+00,4.160957336425781250e+00,8.363359451293945312e+00,7.814076423645019531e+00,9.350748062133789062e+00,1.245090389251708984e+01,9.626626014709472656e+00,1.072202301025390625e+01,1.172441482543945312e+01
9.032752037048339844e+00,7.876541137695312500e+00,8.207506179809570312e+00,4.205735206604003906e+00,8.627932548522949219e+00,8.058132171630859375e+00,9.532250404357910156e+00,1.248452949523925781e+01,9.705451011657714844e+00,1.075508308410644531e+01,1.176222133636474609e+01
9.015671730041503906e+00,7.872045516967773438e+00,8.188801765441894531e+00,4.413766860961914062e+00,8.487843513488769531e+00,7.879892826080322266e+00,9.394314765930175781e+00,1.256544780731201172e+01,9.688519477844238281e+00,1.081992912292480469e+01,1.190606880187988281e+01
8.998026847839355469e+00,7.841820716857910156e+00,8.231665611267089844e+00,4.255554199218750000e+00,8.565320968627929688e+00,8.020319938659667969e+00,9.256296157836914062e+00,1.249787330627441406e+01,9.742888450622558594e+00,1.080536651611328125e+01,1.184187507629394531e+01
9.083326339721679688e+00,7.849579811096191406e+00,8.169932365417480469e+00,4.252772331237792969e+00,8.643727302551269531e+00,7.936931610107421875e+00,9.763166427612304688e+00,1.253002738952636719e+01,9.701185226440429688e+00,1.079489326477050781e+01,1.181483173370361328e+01
9.106841087341308594e+00,7.825721740722656250e+00,8.252993583679199219e+00,4.289988994598388672e+00,8.607054710388183594e+00,8.052066802978515625e+00,9.465278625488281250e+00,1.251612758636474609e+01,9.761368751525878906e+00,1.082603263854980469e+01,1.186977195739746094e+01
9.141144752502441406e+00,7.854438781738281250e+00,8.553178787231445312e+00,4.832076072692871094e+00,9.273352622985839844e+00,8.906419754028320312e+00,8.640959739685058594e+00,1.194479751586914062e+01,9.716474533081054688e+00,1.033617782592773438e+01,1.170877456665039062e+01
9.168469429016113281e+00,7.771140098571777344e+00,8.489721298217773438e+00,4.783940792083740234e+00,9.180161476135253906e+00,8.798559188842773438e+00,8.522668838500976562e+00,1.186428260803222656e+01,9.631707191467285156e+00,1.025020408630371094e+01,1.162586212158203125e+01
9.175936698913574219e+00,7.830913543701171875e+00,8.563337326049804688e+00,4.807389259338378906e+00,9.202872276306152344e+00,8.962419509887695312e+00,8.525411605834960938e+00,1.191908550262451172e+01,9.701279640197753906e+00,1.032341003417968750e+01,1.169003391265869141e+01
9.204897880554199219e+00,7.783050537109375000e+00,8.527025222778320312e+00,4.710227012634277344e+00,9.202701568603515625e+00,8.849592208862304688e+00,8.496637344360351562e+00,1.190157794952392578e+01,9.684561729431152344e+00,1.029683876037597656e+01,1.164684104919433594e+01
9.209584236145019531e+00,7.775041580200195312e+00,8.506759643554687500e+00,4.760742664337158203e+00,9.165796279907226562e+00,8.816043853759765625e+00,8.469476699829101562e+00,1.189717102050781250e+01,9.657019615173339844e+00,1.029327487945556641e+01,1.166153526306152344e+01
9.202116966247558594e+00,7.843411445617675781e+00,8.608940124511718750e+00,4.631128311157226562e+00,9.335572242736816406e+00,9.077283859252929688e+00,8.600050926208496094e+00,1.193587112426757812e+01,9.774819374084472656e+00,1.034639358520507812e+01,1.165248775482177734e+01
9.197375297546386719e+00,7.746814727783203125e+00,8.523706436157226562e+00,4.691468238830566406e+00,9.186909675598144531e+00,8.912841796875000000e+00,8.506373405456542969e+00,1.178551006317138672e+01,9.636681556701660156e+00,1.019384384155273438e+01,1.154805278778076172e+01
9.147150993347167969e+00,7.790064811706542969e+00,8.596227645874023438e+00,4.747371673583984375e+00,9.334043502807617188e+00,9.030550003051757812e+00,8.645044326782226562e+00,1.184623622894287109e+01,9.767266273498535156e+00,1.030672931671142578e+01,1.166700363159179688e+01
9.213665008544921875e+00,7.792902946472167969e+00,8.563465118408203125e+00,4.625430107116699219e+00,9.208781242370605469e+00,8.947464942932128906e+00,8.589193344116210938e+00,1.189157962799072266e+01,9.728062629699707031e+00,1.031406021118164062e+01,1.162603569030761719e+01
9.255157470703125000e+00,7.805110931396484375e+00,8.573305130004882812e+00,4.521825790405273438e+00,9.250055313110351562e+00,8.954250335693359375e+00,8.523674964904785156e+00,1.192420196533203125e+01,9.748810768127441406e+00,1.033269691467285156e+01,1.161850929260253906e+01
9.215453147888183594e+00,9.332642555236816406e+00,9.101678848266601562e+00,6.073794364929199219e+00,9.702698707580566406e+00,1.030885791778564453e+01,8.217974662780761719e+00,1.271539592742919922e+01,9.770931243896484375e+00,1.050837230682373047e+01,1.229396724700927734e+01
9.200156211853027344e+00,9.360024452209472656e+00,9.086686134338378906e+00,6.074183940887451172e+00,9.838608741760253906e+00,1.031444263458251953e+01,8.229274749755859375e+00,1.274689960479736328e+01,9.788990974426269531e+00,1.053505516052246094e+01,1.232656669616699219e+01
9.205063819885253906e+00,9.393785476684570312e+00,9.096332550048828125e+00,6.105639457702636719e+00,9.919935226440429688e+00,1.031781387329101562e+01,8.192254066467285156e+00,1.278469371795654297e+01,9.811921119689941406e+00,1.055347251892089844e+01,1.235714721679687500e+01
9.168013572692871094e+00,9.335388183593750000e+00,9.058413505554199219e+00,6.040815353393554688e+00,9.948277473449707031e+00,1.024818611145019531e+01,8.285193443298339844e+00,1.271828460693359375e+01,9.794526100158691406e+00,1.053419303894042969e+01,1.233703994750976562e+01
9.155129432678222656e+00,9.200989723205566406e+00,9.006660461425781250e+00,5.986172676086425781e+00,9.850813865661621094e+00,1.014209175109863281e+01,8.262632369995117188e+00,1.262098407745361328e+01,9.718054771423339844e+00,1.044948863983154297e+01,1.224110031127929688e+01
9.145726203918457031e+00,9.231976509094238281e+00,9.001636505126953125e+00,5.960293769836425781e+00,1.002343082427978516e+01,1.010688018798828125e+01,8.309158325195312500e+00,1.274358749389648438e+01,9.800437927246093750e+00,1.056241035461425781e+01,1.233087158203125000e+01
9.201407432556152344e+00,9.263989448547363281e+00,9.028380393981933594e+00,6.018163681030273438e+00,9.796664237976074219e+00,1.017952156066894531e+01,8.207037925720214844e+00,1.272737884521484375e+01,9.770893096923828125e+00,1.053264617919921875e+01,1.230515193939208984e+01
9.202631950378417969e+00,9.234786987304687500e+00,9.048519134521484375e+00,6.042926788330078125e+00,9.807261466979980469e+00,1.020184707641601562e+01,8.081864356994628906e+00,1.267568683624267578e+01,9.768776893615722656e+00,1.048590183258056641e+01,1.227792739868164062e+01
9.173880577087402344e+00,9.214225769042968750e+00,9.041090965270996094e+00,5.954133033752441406e+00,9.860714912414550781e+00,1.015104675292968750e+01,8.234052658081054688e+00,1.271588993072509766e+01,9.822894096374511719e+00,1.055884933471679688e+01,1.231563568115234375e+01
9.175963401794433594e+00,9.269637107849121094e+00,9.032838821411132812e+00,5.990648269653320312e+00,9.955870628356933594e+00,1.016305160522460938e+01,8.241861343383789062e+00,1.275500392913818359e+01,9.826741218566894531e+00,1.058145141601562500e+01,1.235414886474609375e+01
9.345384597778320312e+00,6.804524421691894531e+00,7.276957035064697266e+00,3.290934562683105469e+00,8.057090759277343750e+00,6.647583961486816406e+00,8.165371894836425781e+00,1.147920417785644531e+01,8.970619201660156250e+00,1.011268520355224609e+01,1.108133697509765625e+01
9.195582389831542969e+00,7.048886299133300781e+00,7.571446418762207031e+00,3.556609630584716797e+00,8.208110809326171875e+00,7.032362937927246094e+00,8.343800544738769531e+00,1.168453598022460938e+01,9.248106956481933594e+00,1.031308555603027344e+01,1.131087017059326172e+01
9.162953376770019531e+00,7.124634742736816406e+00,7.839972496032714844e+00,3.739224910736083984e+00,8.383973121643066406e+00,7.456284523010253906e+00,8.403274536132812500e+00,1.171941471099853516e+01,9.437558174133300781e+00,1.034810829162597656e+01,1.138414192199707031e+01
9.240084648132324219e+00,6.978515625000000000e+00,7.404555797576904297e+00,3.355821609497070312e+00,8.283880233764648438e+00,6.752691268920898438e+00,8.317893028259277344e+00,1.164403438568115234e+01,9.142741203308105469e+00,1.024184894561767578e+01,1.120646953582763672e+01
9.246096611022949219e+00,6.977376937866210938e+00,7.444743156433105469e+00,3.425707340240478516e+00,8.209909439086914062e+00,6.891017913818359375e+00,8.206368446350097656e+00,1.161396598815917969e+01,9.134186744689941406e+00,1.022832679748535156e+01,1.121168231964111328e+01
9.128206253051757812e+00,7.042916297912597656e+00,7.537013530731201172e+00,3.511970996856689453e+00,8.359322547912597656e+00,7.152189254760742188e+00,8.485050201416015625e+00,1.164934825897216797e+01,9.232067108154296875e+00,1.028741645812988281e+01,1.123871707916259766e+01
9.392498016357421875e+00,6.809516906738281250e+00,7.206593036651611328e+00,3.192911148071289062e+00,8.094225883483886719e+00,6.547080993652343750e+00,8.041412353515625000e+00,1.144695186614990234e+01,8.911461830139160156e+00,1.006034278869628906e+01,1.103134727478027344e+01
9.178002357482910156e+00,7.054710388183593750e+00,7.348022460937500000e+00,3.251253128051757812e+00,8.029910087585449219e+00,6.648789882659912109e+00,8.201497077941894531e+00,1.163961982727050781e+01,9.102754592895507812e+00,1.026957511901855469e+01,1.119960212707519531e+01
9.160003662109375000e+00,6.828047752380371094e+00,7.324318885803222656e+00,3.452651023864746094e+00,8.409362792968750000e+00,6.776043891906738281e+00,8.212254524230957031e+00,1.151058006286621094e+01,9.071000099182128906e+00,1.014028739929199219e+01,1.113440608978271484e+01
9.272806167602539062e+00,6.953607559204101562e+00,7.147681713104248047e+00,3.070429801940917969e+00,7.903613567352294922e+00,6.262460708618164062e+00,8.006320953369140625e+00,1.156623172760009766e+01,8.932543754577636719e+00,1.016802406311035156e+01,1.109756851196289062e+01
9.144267082214355469e+00,8.454338073730468750e+00,8.470268249511718750e+00,5.767296791076660156e+00,9.189288139343261719e+00,8.435842514038085938e+00,8.525395393371582031e+00,1.257327175140380859e+01,9.675959587097167969e+00,1.064954853057861328e+01,1.236560058593750000e+01
9.146519660949707031e+00,8.433955192565917969e+00,8.452706336975097656e+00,5.756875038146972656e+00,9.144505500793457031e+00,8.391260147094726562e+00,8.589910507202148438e+00,1.257704925537109375e+01,9.667473793029785156e+00,1.065656661987304688e+01,1.236108303070068359e+01
9.140986442565917969e+00,8.464484214782714844e+00,8.457512855529785156e+00,5.828726768493652344e+00,9.268565177917480469e+00,8.386695861816406250e+00,8.580645561218261719e+00,1.257433891296386719e+01,9.674050331115722656e+00,1.064330863952636719e+01,1.239023208618164062e+01
9.135682106018066406e+00,8.473403930664062500e+00,8.460795402526855469e+00,5.828770637512207031e+00,9.297021865844726562e+00,8.397953987121582031e+00,8.549890518188476562e+00,1.256528377532958984e+01,9.675204277038574219e+00,1.063256168365478516e+01,1.238695716857910156e+01
9.124382972717285156e+00,8.472680091857910156e+00,8.473067283630371094e+00,5.780018806457519531e+00,9.369980812072753906e+00,8.456123352050781250e+00,8.505947113037109375e+00,1.254415416717529297e+01,9.685545921325683594e+00,1.062302589416503906e+01,1.237301445007324219e+01
9.125859260559082031e+00,8.451105117797851562e+00,8.475902557373046875e+00,5.709593296051025391e+00,9.349148750305175781e+00,8.443145751953125000e+00,8.619826316833496094e+00,1.258097076416015625e+01,9.717555999755859375e+00,1.068139648437500000e+01,1.238892745971679688e+01
9.110655784606933594e+00,8.457164764404296875e+00,8.486921310424804688e+00,5.686147212982177734e+00,9.400837898254394531e+00,8.460669517517089844e+00,8.593250274658203125e+00,1.258003997802734375e+01,9.744212150573730469e+00,1.068753814697265625e+01,1.239514350891113281e+01
9.128156661987304688e+00,8.478100776672363281e+00,8.515727996826171875e+00,5.772600173950195312e+00,9.360634803771972656e+00,8.471128463745117188e+00,8.507133483886718750e+00,1.255375003814697266e+01,9.740801811218261719e+00,1.064862251281738281e+01,1.239568901062011719e+01
9.125930786132812500e+00,8.361961364746093750e+00,8.457489967346191406e+00,5.822971343994140625e+00,9.168757438659667969e+00,8.290073394775390625e+00,8.594568252563476562e+00,1.242672348022460938e+01,9.654717445373535156e+00,1.054846191406250000e+01,1.232210922241210938e+01
9.121608734130859375e+00,8.402750015258789062e+00,8.458366394042968750e+00,5.750880241394042969e+00,9.311879158020019531e+00,8.356428146362304688e+00,8.499273300170898438e+00,1.252866268157958984e+01,9.694418907165527344e+00,1.062143516540527344e+01,1.236124420166015625e+01
9.117344856262207031e+00,8.146756172180175781e+00,8.379725456237792969e+00,5.424254894256591797e+00,8.574076652526855469e+00,8.349426269531250000e+00,8.541498184204101562e+00,1.215507793426513672e+01,9.396859169006347656e+00,1.024651145935058594e+01,1.183656883239746094e+01
9.106488227844238281e+00,8.115906715393066406e+00,8.405090332031250000e+00,5.405300140380859375e+00,8.598332405090332031e+00,8.360023498535156250e+00,8.590143203735351562e+00,1.209995746612548828e+01,9.409535408020019531e+00,1.021809768676757812e+01,1.181578159332275391e+01
9.126463890075683594e+00,8.082692146301269531e+00,8.393877983093261719e+00,5.442620277404785156e+00,8.421772003173828125e+00,8.284561157226562500e+00,8.368533134460449219e+00,1.207269573211669922e+01,9.371891975402832031e+00,1.016551399230957031e+01,1.177608299255371094e+01
9.147927284240722656e+00,8.203136444091796875e+00,8.501035690307617188e+00,5.470680236816406250e+00,8.566869735717773438e+00,8.594442367553710938e+00,8.311188697814941406e+00,1.209893512725830078e+01,9.465259552001953125e+00,1.024650573730468750e+01,1.187894058227539062e+01
9.140036582946777344e+00,8.020701408386230469e+00,8.440159797668457031e+00,5.434518337249755859e+00,8.268202781677246094e+00,8.352373123168945312e+00,8.109763145446777344e+00,1.191709041595458984e+01,9.339613914489746094e+00,1.004866790771484375e+01,1.168567085266113281e+01
9.107035636901855469e+00,8.199845314025878906e+00,8.471232414245605469e+00,5.484096527099609375e+00,8.710066795349121094e+00,8.465801239013671875e+00,8.531746864318847656e+00,1.211100864410400391e+01,9.510193824768066406e+00,1.029544067382812500e+01,1.194974327087402344e+01
9.116572380065917969e+00,8.260135650634765625e+00,8.478381156921386719e+00,5.470750808715820312e+00,8.985268592834472656e+00,8.557559013366699219e+00,8.665675163269042969e+00,1.221559906005859375e+01,9.574210166931152344e+00,1.040993309020996094e+01,1.206196212768554688e+01
9.136670112609863281e+00,8.232628822326660156e+00,8.521462440490722656e+00,5.472178459167480469e+00,8.771765708923339844e+00,8.604406356811523438e+00,8.475755691528320312e+00,1.213922977447509766e+01,9.550233840942382812e+00,1.034000396728515625e+01,1.198924636840820312e+01
9.116744041442871094e+00,8.152894020080566406e+00,8.496900558471679688e+00,5.406322002410888672e+00,8.660568237304687500e+00,8.529232978820800781e+00,8.443089485168457031e+00,1.206341361999511719e+01,9.510466575622558594e+00,1.026913642883300781e+01,1.189548873901367188e+01
9.108073234558105469e+00,8.143413543701171875e+00,8.527106285095214844e+00,5.498902320861816406e+00,8.619997024536132812e+00,8.546383857727050781e+00,8.282709121704101562e+00,1.194729995727539062e+01,9.489453315734863281e+00,1.017992591857910156e+01,1.187865543365478516e+01
9.314173698425292969e+00,8.973629951477050781e+00,8.908868789672851562e+00,5.982127189636230469e+00,8.506078720092773438e+00,9.629380226135253906e+00,8.232920646667480469e+00,1.265099620819091797e+01,9.524579048156738281e+00,1.036500263214111328e+01,1.199046516418457031e+01
9.294661521911621094e+00,8.986470222473144531e+00,8.919179916381835938e+00,5.972028732299804688e+00,8.602818489074707031e+00,9.654727935791015625e+00,8.242712020874023438e+00,1.264417743682861328e+01,9.573837280273437500e+00,1.040883636474609375e+01,1.205044937133789062e+01
9.187093734741210938e+00,8.836179733276367188e+00,8.733981132507324219e+00,5.699336051940917969e+00,8.865356445312500000e+00,9.400686264038085938e+00,8.985980987548828125e+00,1.249718379974365234e+01,9.507512092590332031e+00,1.038788700103759766e+01,1.196332740783691406e+01
9.269435882568359375e+00,9.072790145874023438e+00,8.935359954833984375e+00,5.919953346252441406e+00,8.866793632507324219e+00,9.781779289245605469e+00,8.513552665710449219e+00,1.267051315307617188e+01,9.669203758239746094e+00,1.053945446014404297e+01,1.218403053283691406e+01
9.308093070983886719e+00,9.093219757080078125e+00,9.017520904541015625e+00,5.977176666259765625e+00,8.706143379211425781e+00,9.865651130676269531e+00,8.300735473632812500e+00,1.267637538909912109e+01,9.677439689636230469e+00,1.049683952331542969e+01,1.214648914337158203e+01
9.299468040466308594e+00,9.136158943176269531e+00,8.977424621582031250e+00,5.980699539184570312e+00,8.837946891784667969e+00,9.877265930175781250e+00,8.395289421081542969e+00,1.270417308807373047e+01,9.682266235351562500e+00,1.054327392578125000e+01,1.220311164855957031e+01
9.210457801818847656e+00,8.929894447326660156e+00,8.831705093383789062e+00,5.764979362487792969e+00,9.001303672790527344e+00,9.603542327880859375e+00,8.793564796447753906e+00,1.258113670349121094e+01,9.628350257873535156e+00,1.051355934143066406e+01,1.212822628021240234e+01
9.297209739685058594e+00,9.171164512634277344e+00,9.025810241699218750e+00,6.006357669830322266e+00,8.956825256347656250e+00,9.947761535644531250e+00,8.300766944885253906e+00,1.272512912750244141e+01,9.728424072265625000e+00,1.055612373352050781e+01,1.223928451538085938e+01
9.113741874694824219e+00,8.909863471984863281e+00,8.806380271911621094e+00,5.601614952087402344e+00,9.518656730651855469e+00,9.647310256958007812e+00,9.539366722106933594e+00,1.251085758209228516e+01,9.737026214599609375e+00,1.060313606262207031e+01,1.219250583648681641e+01
9.227984428405761719e+00,9.175666809082031250e+00,9.010921478271484375e+00,5.894311904907226562e+00,9.278779983520507812e+00,1.000336170196533203e+01,8.640420913696289062e+00,1.267643451690673828e+01,9.806504249572753906e+00,1.064367580413818359e+01,1.232677459716796875e+01
8.966753959655761719e+00,7.808626174926757812e+00,8.037103652954101562e+00,4.592769622802734375e+00,8.759851455688476562e+00,7.875034809112548828e+00,8.446825027465820312e+00,1.257883739471435547e+01,9.547188758850097656e+00,1.078591823577880859e+01,1.197448635101318359e+01
8.934351921081542969e+00,7.738424301147460938e+00,8.069011688232421875e+00,4.350804328918457031e+00,8.786504745483398438e+00,7.944285392761230469e+00,8.243395805358886719e+00,1.248985576629638672e+01,9.560694694519042969e+00,1.070734119415283203e+01,1.181781959533691406e+01
9.003477096557617188e+00,7.774501800537109375e+00,8.139739990234375000e+00,4.458015441894531250e+00,8.766166687011718750e+00,8.113659858703613281e+00,8.373767852783203125e+00,1.249293231964111328e+01,9.596072196960449219e+00,1.074046421051025391e+01,1.187499141693115234e+01
8.895222663879394531e+00,7.735147476196289062e+00,8.135268211364746094e+00,4.276881217956542969e+00,8.749173164367675781e+00,8.076522827148437500e+00,8.220582962036132812e+00,1.239986896514892578e+01,9.593487739562988281e+00,1.065630912780761719e+01,1.174144458770751953e+01
8.946378707885742188e+00,7.776218414306640625e+00,8.087466239929199219e+00,4.527191638946533203e+00,8.635203361511230469e+00,7.960006713867187500e+00,8.095991134643554688e+00,1.247634506225585938e+01,9.524186134338378906e+00,1.067946338653564453e+01,1.186174011230468750e+01
8.884482383728027344e+00,7.766478538513183594e+00,8.147250175476074219e+00,4.493545532226562500e+00,8.784125328063964844e+00,8.030063629150390625e+00,8.175672531127929688e+00,1.245993137359619141e+01,9.610002517700195312e+00,1.069175529479980469e+01,1.185741043090820312e+01
8.840621948242187500e+00,7.749457359313964844e+00,8.115025520324707031e+00,4.374187469482421875e+00,8.880793571472167969e+00,7.975815773010253906e+00,8.041665077209472656e+00,1.246153736114501953e+01,9.561706542968750000e+00,1.062264060974121094e+01,1.174920558929443359e+01
8.928667068481445312e+00,7.629188537597656250e+00,8.005334854125976562e+00,4.280883312225341797e+00,8.586380004882812500e+00,7.797604560852050781e+00,8.073243141174316406e+00,1.236861896514892578e+01,9.475378036499023438e+00,1.060502910614013672e+01,1.171464061737060547e+01
8.842075347900390625e+00,7.823222160339355469e+00,8.133829116821289062e+00,4.375695705413818359e+00,8.764893531799316406e+00,8.056343078613281250e+00,8.113488197326660156e+00,1.244360637664794922e+01,9.566056251525878906e+00,1.063616085052490234e+01,1.176148796081542969e+01
8.874337196350097656e+00,7.696646690368652344e+00,8.126626014709472656e+00,4.227606773376464844e+00,8.883082389831542969e+00,8.057150840759277344e+00,8.270367622375488281e+00,1.239215946197509766e+01,9.602831840515136719e+00,1.062997436523437500e+01,1.169816207885742188e+01
8.700978279113769531e+00,6.437249183654785156e+00,5.376311302185058594e+00,2.429571628570556641e+00,5.208556652069091797e+00,3.851855993270874023e+00,6.574775218963623047e+00,1.072717571258544922e+01,7.107287406921386719e+00,9.126277923583984375e+00,9.975867271423339844e+00
8.825612068176269531e+00,6.877897262573242188e+00,5.734085083007812500e+00,2.848645210266113281e+00,5.533859252929687500e+00,4.131821155548095703e+00,6.741546154022216797e+00,1.126239299774169922e+01,7.525791168212890625e+00,9.514022827148437500e+00,1.048355293273925781e+01
8.832417488098144531e+00,6.729694366455078125e+00,5.833559513092041016e+00,2.784857273101806641e+00,5.275408267974853516e+00,4.003840923309326172e+00,6.770174980163574219e+00,1.111027622222900391e+01,7.560626029968261719e+00,9.375524520874023438e+00,1.032761192321777344e+01
8.969290733337402344e+00,6.365086555480957031e+00,5.231177330017089844e+00,2.385363101959228516e+00,5.563370227813720703e+00,3.892723798751831055e+00,6.636748790740966797e+00,1.069770717620849609e+01,7.045989036560058594e+00,9.166387557983398438e+00,1.004721260070800781e+01
9.087676048278808594e+00,6.558390617370605469e+00,5.632940292358398438e+00,2.505773544311523438e+00,5.278380870819091797e+00,4.100461483001708984e+00,6.808557510375976562e+00,1.086947536468505859e+01,7.343604087829589844e+00,9.294688224792480469e+00,1.018564605712890625e+01
8.866554260253906250e+00,6.977574348449707031e+00,5.691710472106933594e+00,2.722539901733398438e+00,5.600703716278076172e+00,4.323430538177490234e+00,6.663356781005859375e+00,1.123910999298095703e+01,7.457576751708984375e+00,9.516973495483398438e+00,1.045631217956542969e+01
9.218476295471191406e+00,6.541923522949218750e+00,5.485308170318603516e+00,2.097430229187011719e+00,5.884966373443603516e+00,3.780103683471679688e+00,6.487576961517333984e+00,1.083315467834472656e+01,7.269875049591064453e+00,9.186365127563476562e+00,1.010453605651855469e+01
8.943350791931152344e+00,6.609307289123535156e+00,5.640875816345214844e+00,2.546681404113769531e+00,5.321078777313232422e+00,3.885815382003784180e+00,6.642224788665771484e+00,1.093295192718505859e+01,7.355827331542968750e+00,9.233796119689941406e+00,1.016109275817871094e+01
9.227997779846191406e+00,6.471038818359375000e+00,5.515211105346679688e+00,2.343062400817871094e+00,5.576865673065185547e+00,4.063082695007324219e+00,6.839723587036132812e+00,1.080788707733154297e+01,7.311005592346191406e+00,9.313798904418945312e+00,1.019707107543945312e+01
8.920943260192871094e+00,6.328463554382324219e+00,5.268280029296875000e+00,2.353681564331054688e+00,5.562183856964111328e+00,3.902736663818359375e+00,6.670710086822509766e+00,1.063007831573486328e+01,7.103151798248291016e+00,9.151256561279296875e+00,1.002174282073974609e+01
9.051351547241210938e+00,7.329316139221191406e+00,7.851964950561523438e+00,3.794037818908691406e+00,8.673670768737792969e+00,7.658397674560546875e+00,8.265532493591308594e+00,1.193436050415039062e+01,9.445641517639160156e+00,1.042157459259033203e+01,1.144012451171875000e+01
8.983705520629882812e+00,7.320673942565917969e+00,7.839267253875732422e+00,3.828690052032470703e+00,8.836345672607421875e+00,7.610359191894531250e+00,8.401749610900878906e+00,1.197663974761962891e+01,9.485788345336914062e+00,1.045098495483398438e+01,1.146571731567382812e+01
9.032430648803710938e+00,7.334098815917968750e+00,7.854525089263916016e+00,3.817443370819091797e+00,8.680697441101074219e+00,7.564098834991455078e+00,8.233404159545898438e+00,1.193742561340332031e+01,9.460989952087402344e+00,1.041544055938720703e+01,1.145845031738281250e+01
9.063677787780761719e+00,7.254356384277343750e+00,7.790515899658203125e+00,3.825775146484375000e+00,8.677669525146484375e+00,7.520888328552246094e+00,8.359922409057617188e+00,1.189034748077392578e+01,9.423681259155273438e+00,1.040863227844238281e+01,1.144676113128662109e+01
9.117534637451171875e+00,7.333998680114746094e+00,7.857279777526855469e+00,3.748472213745117188e+00,8.697779655456542969e+00,7.717611312866210938e+00,8.194157600402832031e+00,1.187727832794189453e+01,9.424727439880371094e+00,1.037191295623779297e+01,1.140128135681152344e+01
9.213221549987792969e+00,7.091051101684570312e+00,7.590167999267578125e+00,3.524449348449707031e+00,8.387499809265136719e+00,7.267571449279785156e+00,8.326744079589843750e+00,1.171544551849365234e+01,9.230303764343261719e+00,1.029158210754394531e+01,1.125992584228515625e+01
9.062561035156250000e+00,7.235718727111816406e+00,7.630953788757324219e+00,3.581308364868164062e+00,8.462761878967285156e+00,7.395376205444335938e+00,8.254300117492675781e+00,1.179608440399169922e+01,9.273409843444824219e+00,1.033904266357421875e+01,1.130221271514892578e+01
9.046693801879882812e+00,7.182702064514160156e+00,7.674048423767089844e+00,3.678706645965576172e+00,8.730927467346191406e+00,7.425565242767333984e+00,8.629732131958007812e+00,1.181534862518310547e+01,9.378281593322753906e+00,1.038402366638183594e+01,1.135684776306152344e+01
9.150658607482910156e+00,7.154195785522460938e+00,7.615767002105712891e+00,3.611528396606445312e+00,8.542067527770996094e+00,7.196294784545898438e+00,8.373989105224609375e+00,1.179968929290771484e+01,9.303136825561523438e+00,1.034833908081054688e+01,1.134945487976074219e+01
9.038586616516113281e+00,7.174459457397460938e+00,7.633894443511962891e+00,3.812608718872070312e+00,8.545687675476074219e+00,7.355573654174804688e+00,8.122146606445312500e+00,1.182159233093261719e+01,9.262372970581054688e+00,1.031938076019287109e+01,1.136748600006103516e+01
9.331175804138183594e+00,7.341537475585937500e+00,8.089606285095214844e+00,4.397854804992675781e+00,8.997794151306152344e+00,8.149570465087890625e+00,8.311893463134765625e+00,1.180226707458496094e+01,9.301514625549316406e+00,1.005887222290039062e+01,1.134289550781250000e+01
9.168212890625000000e+00,7.301128387451171875e+00,8.022700309753417969e+00,4.345816135406494141e+00,9.082972526550292969e+00,8.097542762756347656e+00,9.042949676513671875e+00,1.166469764709472656e+01,9.278349876403808594e+00,9.946929931640625000e+00,1.117021656036376953e+01
9.385859489440917969e+00,7.401516914367675781e+00,8.241818428039550781e+00,4.569937705993652344e+00,8.993544578552246094e+00,8.350336074829101562e+00,7.792708873748779297e+00,1.174791431427001953e+01,9.355042457580566406e+00,1.003643989562988281e+01,1.143734359741210938e+01
9.271902084350585938e+00,7.251161575317382812e+00,8.017564773559570312e+00,4.324530124664306641e+00,9.113012313842773438e+00,8.052338600158691406e+00,8.735264778137207031e+00,1.174314403533935547e+01,9.303668022155761719e+00,1.003009605407714844e+01,1.126869201660156250e+01
9.233731269836425781e+00,7.284976959228515625e+00,8.169044494628906250e+00,4.537352561950683594e+00,8.950915336608886719e+00,8.319266319274902344e+00,8.209712982177734375e+00,1.160581684112548828e+01,9.330149650573730469e+00,9.983384132385253906e+00,1.133173751831054688e+01
9.178442001342773438e+00,7.239087104797363281e+00,7.845085620880126953e+00,4.152231216430664062e+00,9.131474494934082031e+00,7.757332801818847656e+00,9.521965026855468750e+00,1.163030433654785156e+01,9.186560630798339844e+00,9.869249343872070312e+00,1.102244949340820312e+01
9.291440010070800781e+00,7.316831588745117188e+00,7.725440979003906250e+00,3.893643856048583984e+00,9.206954002380371094e+00,7.504110336303710938e+00,1.037400531768798828e+01,1.170201206207275391e+01,9.215774536132812500e+00,9.942781448364257812e+00,1.098251342773437500e+01
9.468221664428710938e+00,7.497310638427734375e+00,8.323006629943847656e+00,4.470927238464355469e+00,9.112729072570800781e+00,8.544211387634277344e+00,7.785705089569091797e+00,1.185760402679443359e+01,9.440057754516601562e+00,1.012537288665771484e+01,1.148530483245849609e+01
9.345063209533691406e+00,7.354533195495605469e+00,8.181526184082031250e+00,4.259645938873291016e+00,8.979143142700195312e+00,8.344813346862792969e+00,8.229245185852050781e+00,1.175538730621337891e+01,9.419938087463378906e+00,1.012331867218017578e+01,1.136664867401123047e+01
9.243182182312011719e+00,7.313167572021484375e+00,7.816090583801269531e+00,4.005722045898437500e+00,9.147233009338378906e+00,7.626107215881347656e+00,1.016518115997314453e+01,1.167399120330810547e+01,9.251858711242675781e+00,9.941526412963867188e+00,1.102590847015380859e+01
9.106049537658691406e+00,7.276422500610351562e+00,7.683330535888671875e+00,3.647628307342529297e+00,8.966279029846191406e+00,7.423404693603515625e+00,8.043973922729492188e+00,1.194107532501220703e+01,9.304361343383789062e+00,1.029518318176269531e+01,1.131282615661621094e+01
9.145955085754394531e+00,7.237099647521972656e+00,7.674677371978759766e+00,3.622339725494384766e+00,8.908312797546386719e+00,7.313085556030273438e+00,8.050350189208984375e+00,1.193349170684814453e+01,9.293560981750488281e+00,1.027842140197753906e+01,1.130239582061767578e+01
9.110125541687011719e+00,7.319444656372070312e+00,7.641280651092529297e+00,3.639622211456298828e+00,8.979764938354492188e+00,7.424137115478515625e+00,7.759500980377197266e+00,1.197150325775146484e+01,9.210088729858398438e+00,1.022861480712890625e+01,1.126047611236572266e+01
9.561861038208007812e+00,7.145109176635742188e+00,7.326763629913330078e+00,3.141909122467041016e+00,8.434775352478027344e+00,6.849764823913574219e+00,8.010654449462890625e+00,1.182038974761962891e+01,8.900352478027343750e+00,1.010553550720214844e+01,1.105585956573486328e+01
9.507431983947753906e+00,6.917395591735839844e+00,7.334824562072753906e+00,3.239459037780761719e+00,8.293742179870605469e+00,6.771919250488281250e+00,7.992650032043457031e+00,1.155842304229736328e+01,8.945773124694824219e+00,1.004166412353515625e+01,1.104575538635253906e+01
9.223057746887207031e+00,7.246753692626953125e+00,7.465750694274902344e+00,3.503181934356689453e+00,8.743900299072265625e+00,7.264067649841308594e+00,7.739697933197021484e+00,1.188150119781494141e+01,9.034514427185058594e+00,1.016946601867675781e+01,1.117322158813476562e+01
9.081748008728027344e+00,7.313051223754882812e+00,7.623726844787597656e+00,3.561335086822509766e+00,8.999651908874511719e+00,7.279364585876464844e+00,7.931623458862304688e+00,1.194116115570068359e+01,9.269733428955078125e+00,1.025893306732177734e+01,1.127400970458984375e+01
9.488943099975585938e+00,7.076271057128906250e+00,7.430982112884521484e+00,3.282284736633300781e+00,8.368824005126953125e+00,6.992626190185546875e+00,7.820872783660888672e+00,1.170569419860839844e+01,8.975851058959960938e+00,1.008901214599609375e+01,1.108799743652343750e+01
9.253279685974121094e+00,7.045076370239257812e+00,7.371475696563720703e+00,3.310454845428466797e+00,8.606524467468261719e+00,6.859308242797851562e+00,8.141262054443359375e+00,1.170862674713134766e+01,9.084246635437011719e+00,1.017259979248046875e+01,1.113585853576660156e+01
9.062165260314941406e+00,7.141024589538574219e+00,7.432139396667480469e+00,3.437633037567138672e+00,9.083266258239746094e+00,6.903663635253906250e+00,8.123866081237792969e+00,1.181219673156738281e+01,9.219138145446777344e+00,1.020724391937255859e+01,1.119821548461914062e+01
9.212606430053710938e+00,8.239911079406738281e+00,8.577838897705078125e+00,5.053107261657714844e+00,8.210603713989257812e+00,8.790747642517089844e+00,8.327569961547851562e+00,1.251202201843261719e+01,9.584721565246582031e+00,1.055519866943359375e+01,1.184930610656738281e+01
9.238146781921386719e+00,8.356251716613769531e+00,8.843183517456054688e+00,5.246823310852050781e+00,8.359283447265625000e+00,9.068708419799804688e+00,8.340231895446777344e+00,1.251465702056884766e+01,9.812468528747558594e+00,1.060255527496337891e+01,1.199819564819335938e+01
9.250393867492675781e+00,8.400749206542968750e+00,8.815456390380859375e+00,5.315371513366699219e+00,8.417578697204589844e+00,9.061164855957031250e+00,8.397204399108886719e+00,1.251360225677490234e+01,9.776586532592773438e+00,1.059467124938964844e+01,1.202017211914062500e+01
9.200196266174316406e+00,8.165592193603515625e+00,8.704364776611328125e+00,5.050211429595947266e+00,8.509368896484375000e+00,9.072506904602050781e+00,8.283761978149414062e+00,1.235533809661865234e+01,9.710391044616699219e+00,1.052982902526855469e+01,1.187574863433837891e+01
9.163779258728027344e+00,8.036552429199218750e+00,8.690176010131835938e+00,4.848181724548339844e+00,8.632073402404785156e+00,9.047401428222656250e+00,8.315328598022460938e+00,1.236461162567138672e+01,9.780598640441894531e+00,1.059145259857177734e+01,1.185118579864501953e+01
9.195515632629394531e+00,8.132767677307128906e+00,8.773507118225097656e+00,5.033527851104736328e+00,8.620783805847167969e+00,9.047358512878417969e+00,8.371608734130859375e+00,1.236872196197509766e+01,9.828901290893554688e+00,1.059299087524414062e+01,1.194925212860107422e+01
9.099030494689941406e+00,8.201667785644531250e+00,8.789949417114257812e+00,5.012071609497070312e+00,8.631611824035644531e+00,9.182912826538085938e+00,8.273864746093750000e+00,1.235831642150878906e+01,9.840641975402832031e+00,1.055854988098144531e+01,1.189488601684570312e+01
9.141629219055175781e+00,8.110486984252929688e+00,8.664735794067382812e+00,4.983297824859619141e+00,8.412353515625000000e+00,8.856353759765625000e+00,8.281411170959472656e+00,1.236197376251220703e+01,9.729966163635253906e+00,1.053978347778320312e+01,1.186148834228515625e+01
9.073919296264648438e+00,7.890135765075683594e+00,8.506731033325195312e+00,4.703849792480468750e+00,8.313043594360351562e+00,8.679748535156250000e+00,8.208084106445312500e+00,1.224905490875244141e+01,9.622118949890136719e+00,1.045474624633789062e+01,1.167013454437255859e+01
9.218308448791503906e+00,8.034575462341308594e+00,8.710062980651855469e+00,5.068479061126708984e+00,8.315599441528320312e+00,8.901472091674804688e+00,8.084506988525390625e+00,1.221868324279785156e+01,9.678170204162597656e+00,1.040139198303222656e+01,1.178757476806640625e+01
8.991183280944824219e+00,7.301635742187500000e+00,7.888850688934326172e+00,3.913931846618652344e+00,9.052460670471191406e+00,7.971794128417968750e+00,8.408553123474121094e+00,1.198065948486328125e+01,9.409767150878906250e+00,1.033847332000732422e+01,1.134203243255615234e+01
9.115712165832519531e+00,7.224765777587890625e+00,7.923901557922363281e+00,4.047848224639892578e+00,9.191073417663574219e+00,8.077006340026855469e+00,8.184042930603027344e+00,1.194022941589355469e+01,9.386506080627441406e+00,1.027791023254394531e+01,1.135799217224121094e+01
9.103989601135253906e+00,7.193470001220703125e+00,7.715720653533935547e+00,3.784797191619873047e+00,8.960755348205566406e+00,7.490203857421875000e+00,8.318699836730957031e+00,1.198494338989257812e+01,9.307213783264160156e+00,1.031633567810058594e+01,1.132510852813720703e+01
9.006323814392089844e+00,7.191879272460937500e+00,7.910786628723144531e+00,4.112779617309570312e+00,9.244660377502441406e+00,8.059679985046386719e+00,8.502042770385742188e+00,1.189988040924072266e+01,9.434659004211425781e+00,1.030833053588867188e+01,1.137945652008056641e+01
9.029293060302734375e+00,7.371770858764648438e+00,7.863474845886230469e+00,3.752584934234619141e+00,8.983783721923828125e+00,7.800171375274658203e+00,8.291399002075195312e+00,1.197391891479492188e+01,9.397562980651855469e+00,1.031655406951904297e+01,1.131514739990234375e+01
8.981247901916503906e+00,7.113720893859863281e+00,7.659337997436523438e+00,3.764350891113281250e+00,8.928212165832519531e+00,7.479887008666992188e+00,8.306906700134277344e+00,1.184862804412841797e+01,9.266152381896972656e+00,1.023795509338378906e+01,1.123107528686523438e+01
9.068690299987792969e+00,7.209315299987792969e+00,7.592055320739746094e+00,3.640372753143310547e+00,9.050354957580566406e+00,7.353364467620849609e+00,8.217541694641113281e+00,1.194482898712158203e+01,9.221267700195312500e+00,1.024073791503906250e+01,1.123003101348876953e+01
9.043408393859863281e+00,7.215651512145996094e+00,7.798186302185058594e+00,3.782778739929199219e+00,8.919627189636230469e+00,7.752046108245849609e+00,8.243601799011230469e+00,1.185312366485595703e+01,9.342457771301269531e+00,1.026386451721191406e+01,1.127262687683105469e+01
9.122715950012207031e+00,7.245824813842773438e+00,7.776452064514160156e+00,3.741449832916259766e+00,9.048674583435058594e+00,7.565506935119628906e+00,8.095230102539062500e+00,1.195725822448730469e+01,9.339100837707519531e+00,1.027395439147949219e+01,1.130541133880615234e+01
9.158199310302734375e+00,7.167500495910644531e+00,7.668717384338378906e+00,3.671051502227783203e+00,8.857460975646972656e+00,7.382195472717285156e+00,8.081901550292968750e+00,1.192074680328369141e+01,9.249564170837402344e+00,1.026111030578613281e+01,1.127003479003906250e+01
9.140960693359375000e+00,7.302729606628417969e+00,8.174011230468750000e+00,4.627881050109863281e+00,9.038422584533691406e+00,8.393064498901367188e+00,8.164406776428222656e+00,1.170332527160644531e+01,9.321938514709472656e+00,1.000162506103515625e+01,1.134038925170898438e+01
9.093078613281250000e+00,7.251946449279785156e+00,8.082159042358398438e+00,4.548081874847412109e+00,9.013409614562988281e+00,8.198793411254882812e+00,8.164796829223632812e+00,1.178763961791992188e+01,9.328685760498046875e+00,1.009303474426269531e+01,1.138345050811767578e+01
9.141902923583984375e+00,7.350138664245605469e+00,8.101504325866699219e+00,4.147201061248779297e+00,8.915028572082519531e+00,8.120097160339355469e+00,8.433329582214355469e+00,1.196824169158935547e+01,9.447107315063476562e+00,1.024886512756347656e+01,1.136332798004150391e+01
9.112820625305175781e+00,7.202392578125000000e+00,8.042835235595703125e+00,4.457388877868652344e+00,9.073988914489746094e+00,8.098432540893554688e+00,8.263842582702636719e+00,1.168480014801025391e+01,9.273827552795410156e+00,9.959550857543945312e+00,1.125030326843261719e+01
9.169844627380371094e+00,7.294642448425292969e+00,8.218660354614257812e+00,4.411774635314941406e+00,8.950268745422363281e+00,8.378477096557617188e+00,8.277207374572753906e+00,1.173848056793212891e+01,9.438549041748046875e+00,1.010123443603515625e+01,1.135116386413574219e+01
9.052843093872070312e+00,7.193296432495117188e+00,8.154775619506835938e+00,4.479506015777587891e+00,8.939146995544433594e+00,8.351809501647949219e+00,8.274357795715332031e+00,1.160738086700439453e+01,9.379404067993164062e+00,1.002725696563720703e+01,1.129946708679199219e+01
9.042031288146972656e+00,7.238986015319824219e+00,8.179822921752929688e+00,4.461498260498046875e+00,9.015099525451660156e+00,8.321874618530273438e+00,8.448536872863769531e+00,1.161910629272460938e+01,9.427276611328125000e+00,1.003561210632324219e+01,1.130680084228515625e+01
9.008251190185546875e+00,7.015239715576171875e+00,8.024027824401855469e+00,4.380102157592773438e+00,8.950272560119628906e+00,8.105991363525390625e+00,8.368663787841796875e+00,1.150094223022460938e+01,9.323951721191406250e+00,9.976266860961914062e+00,1.122332668304443359e+01
9.023642539978027344e+00,7.136020660400390625e+00,7.993486404418945312e+00,4.182858943939208984e+00,8.844243049621582031e+00,8.075352668762207031e+00,8.679070472717285156e+00,1.165493488311767578e+01,9.336301803588867188e+00,1.005938529968261719e+01,1.118775177001953125e+01
9.102307319641113281e+00,7.049566268920898438e+00,7.907681941986083984e+00,4.216209888458251953e+00,8.745133399963378906e+00,7.836010932922363281e+00,8.197586059570312500e+00,1.159978675842285156e+01,9.221350669860839844e+00,9.975145339965820312e+00,1.118118858337402344e+01
9.207760810852050781e+00,8.202132225036621094e+00,8.397727966308593750e+00,5.277791023254394531e+00,9.584660530090332031e+00,8.924663543701171875e+00,8.387063980102539062e+00,1.258826923370361328e+01,9.596286773681640625e+00,1.066001224517822266e+01,1.213835716247558594e+01
9.227656364440917969e+00,8.126537322998046875e+00,8.494514465332031250e+00,5.218334197998046875e+00,9.516323089599609375e+00,8.998116493225097656e+00,8.409398078918457031e+00,1.250541591644287109e+01,9.677201271057128906e+00,1.064938545227050781e+01,1.211187267303466797e+01
9.181605339050292969e+00,8.201912879943847656e+00,8.437969207763671875e+00,5.212569236755371094e+00,9.552781105041503906e+00,9.142655372619628906e+00,8.265533447265625000e+00,1.254784870147705078e+01,9.634676933288574219e+00,1.066621208190917969e+01,1.210002899169921875e+01
9.163289070129394531e+00,8.163402557373046875e+00,8.402419090270996094e+00,5.222920894622802734e+00,9.600481986999511719e+00,8.914684295654296875e+00,8.383233070373535156e+00,1.255823230743408203e+01,9.644901275634765625e+00,1.068175315856933594e+01,1.214224815368652344e+01
9.187247276306152344e+00,8.138703346252441406e+00,8.433919906616210938e+00,5.198775291442871094e+00,9.584959030151367188e+00,9.021281242370605469e+00,8.361924171447753906e+00,1.251900005340576172e+01,9.643210411071777344e+00,1.064324760437011719e+01,1.208881950378417969e+01
9.205998420715332031e+00,8.107839584350585938e+00,8.441469192504882812e+00,5.183972358703613281e+00,9.571782112121582031e+00,9.025487899780273438e+00,8.296134948730468750e+00,1.251856708526611328e+01,9.644588470458984375e+00,1.064497756958007812e+01,1.208221817016601562e+01
9.249308586120605469e+00,8.096717834472656250e+00,8.481238365173339844e+00,5.227597236633300781e+00,9.567937850952148438e+00,8.982945442199707031e+00,8.104179382324218750e+00,1.250647258758544922e+01,9.649816513061523438e+00,1.060972976684570312e+01,1.208444213867187500e+01
9.167484283447265625e+00,8.120486259460449219e+00,8.420245170593261719e+00,5.122084617614746094e+00,9.573120117187500000e+00,8.942806243896484375e+00,8.225667953491210938e+00,1.258134078979492188e+01,9.666811943054199219e+00,1.068027114868164062e+01,1.208252620697021484e+01
9.223884582519531250e+00,8.043801307678222656e+00,8.409480094909667969e+00,5.137397766113281250e+00,9.594893455505371094e+00,8.854667663574218750e+00,8.341118812561035156e+00,1.253123474121093750e+01,9.636864662170410156e+00,1.063139343261718750e+01,1.205638313293457031e+01
9.226292610168457031e+00,8.097865104675292969e+00,8.458070755004882812e+00,5.205216884613037109e+00,9.574912071228027344e+00,8.991012573242187500e+00,8.165783882141113281e+00,1.248382282257080078e+01,9.637612342834472656e+00,1.059415912628173828e+01,1.205918312072753906e+01
9.230380058288574219e+00,8.586037635803222656e+00,8.541473388671875000e+00,5.566206932067871094e+00,9.589120864868164062e+00,8.910064697265625000e+00,9.059264183044433594e+00,1.286692714691162109e+01,9.639925956726074219e+00,1.074767971038818359e+01,1.228010654449462891e+01
9.249136924743652344e+00,8.564772605895996094e+00,8.561851501464843750e+00,5.580514907836914062e+00,9.458466529846191406e+00,8.944140434265136719e+00,8.974232673645019531e+00,1.279809951782226562e+01,9.615111351013183594e+00,1.070132732391357422e+01,1.224879837036132812e+01
9.238608360290527344e+00,8.607697486877441406e+00,8.614523887634277344e+00,5.612194538116455078e+00,9.476800918579101562e+00,8.950826644897460938e+00,9.034437179565429688e+00,1.283613109588623047e+01,9.690667152404785156e+00,1.075922775268554688e+01,1.231773090362548828e+01
9.240624427795410156e+00,8.507859230041503906e+00,8.549848556518554688e+00,5.500292778015136719e+00,9.428726196289062500e+00,8.858747482299804688e+00,8.970390319824218750e+00,1.282330036163330078e+01,9.668148994445800781e+00,1.076535224914550781e+01,1.227790260314941406e+01
9.237244606018066406e+00,8.464323043823242188e+00,8.553855895996093750e+00,5.474182605743408203e+00,9.438691139221191406e+00,8.813253402709960938e+00,8.902786254882812500e+00,1.282058429718017578e+01,9.704081535339355469e+00,1.079104423522949219e+01,1.230067920684814453e+01
9.251077651977539062e+00,8.359711647033691406e+00,8.544225692749023438e+00,5.434758186340332031e+00,9.355616569519042969e+00,8.707006454467773438e+00,8.668010711669921875e+00,1.279370021820068359e+01,9.711380958557128906e+00,1.078293800354003906e+01,1.228767776489257812e+01
9.216685295104980469e+00,8.487868309020996094e+00,8.631187438964843750e+00,5.372323989868164062e+00,9.297102928161621094e+00,8.987098693847656250e+00,8.671205520629882812e+00,1.280067729949951172e+01,9.767836570739746094e+00,1.081598281860351562e+01,1.227137756347656250e+01
9.239840507507324219e+00,8.447016716003417969e+00,8.635072708129882812e+00,5.399453163146972656e+00,9.269745826721191406e+00,8.926983833312988281e+00,8.716796875000000000e+00,1.276175022125244141e+01,9.758019447326660156e+00,1.078732872009277344e+01,1.226543045043945312e+01
9.259608268737792969e+00,8.448420524597167969e+00,8.697923660278320312e+00,5.392075538635253906e+00,9.319075584411621094e+00,9.020227432250976562e+00,8.702322006225585938e+00,1.276987552642822266e+01,9.812231063842773438e+00,1.081462478637695312e+01,1.229150009155273438e+01
9.265828132629394531e+00,8.424687385559082031e+00,8.717310905456542969e+00,5.370999336242675781e+00,9.218184471130371094e+00,9.033002853393554688e+00,8.646697998046875000e+00,1.273503208160400391e+01,9.820724487304687500e+00,1.080342578887939453e+01,1.227363014221191406e+01
9.217259407043457031e+00,8.380702018737792969e+00,8.519428253173828125e+00,5.221415519714355469e+00,9.559594154357910156e+00,9.048753738403320312e+00,8.986572265625000000e+00,1.275831890106201172e+01,9.709363937377929688e+00,1.079747009277343750e+01,1.216658401489257812e+01
9.228234291076660156e+00,8.389682769775390625e+00,8.520204544067382812e+00,5.302789688110351562e+00,9.637013435363769531e+00,9.033376693725585938e+00,9.027725219726562500e+00,1.273190593719482422e+01,9.696563720703125000e+00,1.077618217468261719e+01,1.219792747497558594e+01
9.242682456970214844e+00,8.374062538146972656e+00,8.530168533325195312e+00,5.300583839416503906e+00,9.677774429321289062e+00,9.024792671203613281e+00,9.146238327026367188e+00,1.272246360778808594e+01,9.698291778564453125e+00,1.076287269592285156e+01,1.218679046630859375e+01
9.229390144348144531e+00,8.373098373413085938e+00,8.541895866394042969e+00,5.287533760070800781e+00,9.721198081970214844e+00,9.114857673645019531e+00,8.983266830444335938e+00,1.273766231536865234e+01,9.735209465026855469e+00,1.080034542083740234e+01,1.221268844604492188e+01
9.228139877319335938e+00,8.338192939758300781e+00,8.525548934936523438e+00,5.213666439056396484e+00,9.511644363403320312e+00,9.045461654663085938e+00,8.996030807495117188e+00,1.268787288665771484e+01,9.695285797119140625e+00,1.075092124938964844e+01,1.213011550903320312e+01
9.191774368286132812e+00,8.336929321289062500e+00,8.473281860351562500e+00,5.252533435821533203e+00,9.758489608764648438e+00,8.927126884460449219e+00,9.108419418334960938e+00,1.275713825225830078e+01,9.726498603820800781e+00,1.081279563903808594e+01,1.222050476074218750e+01
9.182097434997558594e+00,8.304005622863769531e+00,8.461503028869628906e+00,5.181732177734375000e+00,9.547759056091308594e+00,8.985176086425781250e+00,8.973847389221191406e+00,1.268753051757812500e+01,9.686161994934082031e+00,1.077338981628417969e+01,1.214273834228515625e+01
9.210177421569824219e+00,8.310012817382812500e+00,8.484364509582519531e+00,5.237839221954345703e+00,9.706706047058105469e+00,9.016405105590820312e+00,9.017935752868652344e+00,1.270475959777832031e+01,9.709583282470703125e+00,1.078285026550292969e+01,1.218159961700439453e+01
9.216556549072265625e+00,8.297879219055175781e+00,8.516439437866210938e+00,5.166735649108886719e+00,9.493493080139160156e+00,9.028980255126953125e+00,9.045013427734375000e+00,1.267779254913330078e+01,9.715402603149414062e+00,1.077881050109863281e+01,1.213966178894042969e+01
9.232244491577148438e+00,8.283701896667480469e+00,8.589836120605468750e+00,5.152184486389160156e+00,9.565760612487792969e+00,9.154927253723144531e+00,8.913784027099609375e+00,1.268457698822021484e+01,9.790219306945800781e+00,1.080429458618164062e+01,1.215349197387695312e+01
8.969584465026855469e+00,6.948946952819824219e+00,7.319131851196289062e+00,3.409705638885498047e+00,7.825694561004638672e+00,6.907126903533935547e+00,8.379301071166992188e+00,1.162936973571777344e+01,8.956604957580566406e+00,1.021980094909667969e+01,1.106633567810058594e+01
9.022820472717285156e+00,7.042860984802246094e+00,7.378451347351074219e+00,3.404471397399902344e+00,7.917060375213623047e+00,7.129889011383056641e+00,8.233860015869140625e+00,1.165676021575927734e+01,8.945727348327636719e+00,1.018705463409423828e+01,1.104041671752929688e+01
9.062036514282226562e+00,6.998449325561523438e+00,7.398600578308105469e+00,3.476291656494140625e+00,7.944721698760986328e+00,7.148404121398925781e+00,8.164935111999511719e+00,1.164264678955078125e+01,8.956059455871582031e+00,1.018097782135009766e+01,1.106469058990478516e+01
9.054226875305175781e+00,6.939806938171386719e+00,7.430521011352539062e+00,3.440626144409179688e+00,8.204243659973144531e+00,7.171758651733398438e+00,8.618747711181640625e+00,1.161653041839599609e+01,9.073356628417968750e+00,1.022199440002441406e+01,1.107213878631591797e+01
9.150824546813964844e+00,6.837191581726074219e+00,7.139537811279296875e+00,3.158058643341064453e+00,7.531844615936279297e+00,6.704466342926025391e+00,8.410901069641113281e+00,1.147455501556396484e+01,8.723950386047363281e+00,1.005144500732421875e+01,1.084196472167968750e+01
9.114239692687988281e+00,7.057892799377441406e+00,7.533064842224121094e+00,3.447644233703613281e+00,8.051684379577636719e+00,7.330904960632324219e+00,8.599615097045898438e+00,1.165579223632812500e+01,9.087067604064941406e+00,1.022066402435302734e+01,1.107533073425292969e+01
9.056683540344238281e+00,6.823332786560058594e+00,7.289688110351562500e+00,3.391846656799316406e+00,8.015781402587890625e+00,6.882794857025146484e+00,8.492630004882812500e+00,1.154905986785888672e+01,8.947056770324707031e+00,1.016039276123046875e+01,1.101242160797119141e+01
9.163854598999023438e+00,6.809707641601562500e+00,7.233035087585449219e+00,3.366555213928222656e+00,7.689597129821777344e+00,6.743833541870117188e+00,8.256394386291503906e+00,1.153003978729248047e+01,8.815526008605957031e+00,1.010217475891113281e+01,1.097462081909179688e+01
9.170533180236816406e+00,6.833312034606933594e+00,7.156886100769042969e+00,3.090769290924072266e+00,7.850786685943603516e+00,6.666380405426025391e+00,8.909387588500976562e+00,1.148335933685302734e+01,8.839396476745605469e+00,1.008671379089355469e+01,1.084963989257812500e+01
9.271231651306152344e+00,6.927107810974121094e+00,7.436277389526367188e+00,3.384602546691894531e+00,7.978981971740722656e+00,6.969158172607421875e+00,8.124653816223144531e+00,1.162124156951904297e+01,9.020778656005859375e+00,1.018937683105468750e+01,1.110739135742187500e+01
9.286373138427734375e+00,7.248749732971191406e+00,7.525059700012207031e+00,3.342859745025634766e+00,8.542653083801269531e+00,7.115174770355224609e+00,9.002670288085937500e+00,1.197583198547363281e+01,9.087632179260253906e+00,1.020500564575195312e+01,1.105437374114990234e+01
9.314095497131347656e+00,6.900776863098144531e+00,7.030224800109863281e+00,3.076618194580078125e+00,8.098332405090332031e+00,6.330300331115722656e+00,8.439666748046875000e+00,1.174564266204833984e+01,8.723804473876953125e+00,1.009635543823242188e+01,1.092990207672119141e+01
9.280141830444335938e+00,6.996618270874023438e+00,7.292945384979248047e+00,3.271914958953857422e+00,8.224762916564941406e+00,6.875760078430175781e+00,8.699545860290527344e+00,1.175887393951416016e+01,8.897242546081542969e+00,1.013913345336914062e+01,1.097689628601074219e+01
9.302365303039550781e+00,6.975356101989746094e+00,7.316495895385742188e+00,3.206481456756591797e+00,8.290453910827636719e+00,6.867655754089355469e+00,8.859983444213867188e+00,1.167463779449462891e+01,9.005026817321777344e+00,1.018293952941894531e+01,1.102237796783447266e+01
9.211460113525390625e+00,6.799213409423828125e+00,7.143704891204833984e+00,3.168943405151367188e+00,8.301192283630371094e+00,6.685832977294921875e+00,8.965061187744140625e+00,1.154137992858886719e+01,8.902390480041503906e+00,1.011083126068115234e+01,1.092149925231933594e+01
9.366902351379394531e+00,6.794033050537109375e+00,7.094800472259521484e+00,3.091428756713867188e+00,8.262271881103515625e+00,6.624221324920654297e+00,8.616458892822265625e+00,1.152578639984130859e+01,8.815867424011230469e+00,1.005778121948242188e+01,1.089937782287597656e+01
9.281964302062988281e+00,6.620833396911621094e+00,6.944719314575195312e+00,3.072057247161865234e+00,8.237378120422363281e+00,6.529161453247070312e+00,8.601825714111328125e+00,1.136097145080566406e+01,8.698536872863769531e+00,9.961505889892578125e+00,1.078097820281982422e+01
9.278670310974121094e+00,6.615842819213867188e+00,6.886578559875488281e+00,2.976842403411865234e+00,8.194754600524902344e+00,6.525464057922363281e+00,8.811238288879394531e+00,1.134349155426025391e+01,8.606688499450683594e+00,9.885086059570312500e+00,1.064953231811523438e+01
9.332324028015136719e+00,6.718264579772949219e+00,7.259163856506347656e+00,3.239473342895507812e+00,8.366782188415527344e+00,6.861307144165039062e+00,8.888776779174804688e+00,1.144385051727294922e+01,8.966496467590332031e+00,1.006894683837890625e+01,1.092852687835693359e+01
9.208645820617675781e+00,6.743331909179687500e+00,6.896803855895996094e+00,2.994076251983642578e+00,8.184323310852050781e+00,6.410959243774414062e+00,8.884734153747558594e+00,1.149523544311523438e+01,8.648436546325683594e+00,9.976309776306152344e+00,1.073713588714599609e+01
9.535018920898437500e+00,6.838449478149414062e+00,7.350875377655029297e+00,3.337101936340332031e+00,8.811095237731933594e+00,6.961400508880615234e+00,9.285700798034667969e+00,1.166466236114501953e+01,9.087753295898437500e+00,1.017194366455078125e+01,1.106846523284912109e+01
9.471499443054199219e+00,6.805017471313476562e+00,7.150426864624023438e+00,3.188369274139404297e+00,8.745728492736816406e+00,6.795029640197753906e+00,8.948001861572265625e+00,1.160770702362060547e+01,8.901260375976562500e+00,1.007824420928955078e+01,1.094659423828125000e+01
9.398855209350585938e+00,6.744651794433593750e+00,7.224479675292968750e+00,3.258775711059570312e+00,8.559544563293457031e+00,6.933541297912597656e+00,9.263021469116210938e+00,1.150423908233642578e+01,8.898564338684082031e+00,1.000401496887207031e+01,1.084224414825439453e+01
9.375918388366699219e+00,6.913773536682128906e+00,7.507073879241943359e+00,3.353672504425048828e+00,8.693046569824218750e+00,6.951842308044433594e+00,9.420944213867187500e+00,1.167870807647705078e+01,9.277482032775878906e+00,1.026855850219726562e+01,1.115528678894042969e+01
9.441826820373535156e+00,6.839114189147949219e+00,7.292161464691162109e+00,3.234121799468994141e+00,8.749769210815429688e+00,6.822965621948242188e+00,9.334409713745117188e+00,1.163923454284667969e+01,9.049149513244628906e+00,1.012951850891113281e+01,1.098795700073242188e+01
9.483029365539550781e+00,6.781343460083007812e+00,7.171578884124755859e+00,3.105362415313720703e+00,8.776764869689941406e+00,6.475303649902343750e+00,9.297058105468750000e+00,1.158766937255859375e+01,9.017643928527832031e+00,1.010129165649414062e+01,1.097497463226318359e+01
9.422480583190917969e+00,6.950636863708496094e+00,7.342926979064941406e+00,3.177073478698730469e+00,8.520295143127441406e+00,6.776465415954589844e+00,9.114343643188476562e+00,1.165464591979980469e+01,9.095133781433105469e+00,1.019208240509033203e+01,1.105876445770263672e+01
9.431704521179199219e+00,6.794064521789550781e+00,7.360637664794921875e+00,3.216152191162109375e+00,8.591395378112792969e+00,6.814394950866699219e+00,9.183641433715820312e+00,1.151860809326171875e+01,9.125923156738281250e+00,1.013980197906494141e+01,1.102114868164062500e+01
9.470740318298339844e+00,6.800822257995605469e+00,7.156723022460937500e+00,3.045187950134277344e+00,8.536530494689941406e+00,6.573037147521972656e+00,9.376242637634277344e+00,1.154997158050537109e+01,8.937157630920410156e+00,1.006190681457519531e+01,1.087817859649658203e+01
9.411248207092285156e+00,6.703411102294921875e+00,7.239366531372070312e+00,3.149674415588378906e+00,8.483225822448730469e+00,6.682110786437988281e+00,9.098396301269531250e+00,1.143327617645263672e+01,9.020750999450683594e+00,1.008410644531250000e+01,1.094491004943847656e+01
9.630492210388183594e+00,7.454969406127929688e+00,7.995551586151123047e+00,4.055243015289306641e+00,9.027895927429199219e+00,8.114608764648437500e+00,8.377884864807128906e+00,1.200653171539306641e+01,9.175507545471191406e+00,1.008741760253906250e+01,1.124063110351562500e+01
9.966186523437500000e+00,7.498238563537597656e+00,7.965479850769042969e+00,3.820683002471923828e+00,8.903394699096679688e+00,7.942457199096679688e+00,8.216477394104003906e+00,1.208638286590576172e+01,9.096543312072753906e+00,1.006983470916748047e+01,1.121669960021972656e+01
9.822660446166992188e+00,7.454715728759765625e+00,8.030024528503417969e+00,3.910108566284179688e+00,8.931906700134277344e+00,8.096999168395996094e+00,8.266603469848632812e+00,1.197725200653076172e+01,9.176387786865234375e+00,1.007128238677978516e+01,1.122696113586425781e+01
9.645056724548339844e+00,7.357257843017578125e+00,7.923475742340087891e+00,4.082454204559326172e+00,8.966731071472167969e+00,7.952474117279052734e+00,8.276178359985351562e+00,1.193212795257568359e+01,9.112537384033203125e+00,1.003722763061523438e+01,1.122656250000000000e+01
9.610321998596191406e+00,7.322881698608398438e+00,7.953873634338378906e+00,4.032413482666015625e+00,8.865998268127441406e+00,8.030974388122558594e+00,8.266418457031250000e+00,1.185568714141845703e+01,9.148135185241699219e+00,1.004432296752929688e+01,1.120936584472656250e+01
9.789483070373535156e+00,7.300621986389160156e+00,7.925473213195800781e+00,4.003580570220947266e+00,8.793045997619628906e+00,7.985715866088867188e+00,7.917038917541503906e+00,1.188065338134765625e+01,9.066766738891601562e+00,1.003234481811523438e+01,1.122961044311523438e+01
9.781418800354003906e+00,7.337174415588378906e+00,7.980845928192138672e+00,3.898785591125488281e+00,8.883063316345214844e+00,8.018900871276855469e+00,8.172831535339355469e+00,1.183702182769775391e+01,9.151604652404785156e+00,1.001840209960937500e+01,1.119233703613281250e+01
9.845344543457031250e+00,7.286531448364257812e+00,7.795015811920166016e+00,3.772771358489990234e+00,8.807265281677246094e+00,7.663359642028808594e+00,8.241317749023437500e+00,1.193317508697509766e+01,9.008154869079589844e+00,9.999748229980468750e+00,1.112771034240722656e+01
9.783551216125488281e+00,7.318619728088378906e+00,7.850291728973388672e+00,3.716387748718261719e+00,8.859897613525390625e+00,7.846980094909667969e+00,8.250679969787597656e+00,1.188034248352050781e+01,9.071480751037597656e+00,1.000347328186035156e+01,1.111050224304199219e+01
9.760213851928710938e+00,7.204618453979492188e+00,7.815553188323974609e+00,3.788679122924804688e+00,8.889400482177734375e+00,7.707593441009521484e+00,8.451796531677246094e+00,1.173967170715332031e+01,9.072373390197753906e+00,9.935678482055664062e+00,1.108518028259277344e+01
9.525750160217285156e+00,7.269145965576171875e+00,7.999963283538818359e+00,4.192267417907714844e+00,8.957318305969238281e+00,7.958689689636230469e+00,8.470480918884277344e+00,1.178439235687255859e+01,9.174397468566894531e+00,9.947565078735351562e+00,1.117434310913085938e+01
9.583444595336914062e+00,7.256058692932128906e+00,7.944503784179687500e+00,4.077533721923828125e+00,9.057593345642089844e+00,7.887160301208496094e+00,8.533668518066406250e+00,1.175333404541015625e+01,9.140362739562988281e+00,9.895246505737304688e+00,1.111095046997070312e+01
9.555326461791992188e+00,7.232071876525878906e+00,7.963683605194091797e+00,4.033791065216064453e+00,9.056244850158691406e+00,7.990501403808593750e+00,8.587388992309570312e+00,1.169564533233642578e+01,9.184476852416992188e+00,9.914768218994140625e+00,1.110752677917480469e+01
9.693055152893066406e+00,7.058113098144531250e+00,7.940920829772949219e+00,4.064831733703613281e+00,8.911939620971679688e+00,7.920445442199707031e+00,8.275712966918945312e+00,1.160054969787597656e+01,9.157654762268066406e+00,9.932912826538085938e+00,1.116858386993408203e+01
9.528775215148925781e+00,7.108476638793945312e+00,7.984534263610839844e+00,4.015394687652587891e+00,8.982053756713867188e+00,8.089622497558593750e+00,8.508388519287109375e+00,1.156834983825683594e+01,9.248982429504394531e+00,9.959871292114257812e+00,1.114346313476562500e+01
9.594998359680175781e+00,6.946593284606933594e+00,7.910229682922363281e+00,4.184386730194091797e+00,8.997576713562011719e+00,7.711749553680419922e+00,8.275074958801269531e+00,1.147560596466064453e+01,9.161217689514160156e+00,9.853379249572753906e+00,1.116840934753417969e+01
9.585786819458007812e+00,7.115210533142089844e+00,7.959452629089355469e+00,4.000621795654296875e+00,8.940827369689941406e+00,7.994787216186523438e+00,8.381076812744140625e+00,1.156670475006103516e+01,9.188662528991699219e+00,9.909982681274414062e+00,1.111583328247070312e+01
9.570082664489746094e+00,6.997710227966308594e+00,7.854122161865234375e+00,3.927144050598144531e+00,8.874798774719238281e+00,7.713275909423828125e+00,8.311668395996093750e+00,1.152238750457763672e+01,9.183170318603515625e+00,9.938536643981933594e+00,1.114612007141113281e+01
9.668629646301269531e+00,7.075717926025390625e+00,7.811740875244140625e+00,3.816382884979248047e+00,8.904058456420898438e+00,7.686948776245117188e+00,8.588684082031250000e+00,1.154734230041503906e+01,9.072436332702636719e+00,9.816672325134277344e+00,1.098404312133789062e+01
9.670813560485839844e+00,7.105664253234863281e+00,7.819173812866210938e+00,3.705938339233398438e+00,8.945425033569335938e+00,7.680863380432128906e+00,8.840026855468750000e+00,1.157563400268554688e+01,9.155625343322753906e+00,9.890141487121582031e+00,1.100854778289794922e+01
9.737847328186035156e+00,7.251761436462402344e+00,8.004400253295898438e+00,4.021293163299560547e+00,8.717621803283691406e+00,7.985955238342285156e+00,8.055353164672851562e+00,1.183271884918212891e+01,9.144431114196777344e+00,1.002032470703125000e+01,1.121340370178222656e+01
9.716425895690917969e+00,7.162704467773437500e+00,8.015569686889648438e+00,4.123174667358398438e+00,8.854911804199218750e+00,8.064474105834960938e+00,7.882112979888916016e+00,1.173141956329345703e+01,9.161615371704101562e+00,9.993296623229980469e+00,1.124493598937988281e+01
9.549263000488281250e+00,7.316884040832519531e+00,8.146631240844726562e+00,4.404953479766845703e+00,8.921442985534667969e+00,8.349253654479980469e+00,7.756484985351562500e+00,1.178749752044677734e+01,9.235544204711914062e+00,1.004269504547119141e+01,1.135627746582031250e+01
9.553992271423339844e+00,7.269137382507324219e+00,8.098717689514160156e+00,4.262793064117431641e+00,8.812010765075683594e+00,8.295851707458496094e+00,7.903437614440917969e+00,1.175043201446533203e+01,9.207848548889160156e+00,1.002509880065917969e+01,1.127616310119628906e+01
9.664945602416992188e+00,7.205532073974609375e+00,8.111857414245605469e+00,4.237461566925048828e+00,8.940564155578613281e+00,8.225283622741699219e+00,7.799929141998291016e+00,1.169707584381103516e+01,9.234126091003417969e+00,9.999081611633300781e+00,1.129856681823730469e+01
9.672801971435546875e+00,7.251553535461425781e+00,8.029520034790039062e+00,4.017675399780273438e+00,8.820412635803222656e+00,8.171005249023437500e+00,8.056882858276367188e+00,1.178563499450683594e+01,9.186610221862792969e+00,1.003456878662109375e+01,1.121423149108886719e+01
9.786786079406738281e+00,7.424849510192871094e+00,8.179046630859375000e+00,3.948060512542724609e+00,8.929654121398925781e+00,8.345010757446289062e+00,7.823075771331787109e+00,1.191346073150634766e+01,9.296692848205566406e+00,1.011561203002929688e+01,1.130955219268798828e+01
9.794400215148925781e+00,7.339137077331542969e+00,8.130440711975097656e+00,4.020084381103515625e+00,8.825377464294433594e+00,8.214123725891113281e+00,7.716611862182617188e+00,1.184980964660644531e+01,9.234650611877441406e+00,1.006729698181152344e+01,1.129919242858886719e+01
9.675572395324707031e+00,7.368909835815429688e+00,8.096914291381835938e+00,4.050484180450439453e+00,8.798646926879882812e+00,8.291889190673828125e+00,7.774627685546875000e+00,1.183920001983642578e+01,9.206169128417968750e+00,1.006341552734375000e+01,1.126955032348632812e+01
9.693934440612792969e+00,7.385063171386718750e+00,8.129681587219238281e+00,3.869038581848144531e+00,8.903604507446289062e+00,8.268814086914062500e+00,7.941216945648193359e+00,1.184756469726562500e+01,9.309035301208496094e+00,1.010926437377929688e+01,1.127057838439941406e+01
8.898699760437011719e+00,7.070278167724609375e+00,7.772290229797363281e+00,3.877402305603027344e+00,8.386256217956542969e+00,8.397235870361328125e+00,8.540479660034179688e+00,1.146190929412841797e+01,9.060976028442382812e+00,9.976984977722167969e+00,1.091489028930664062e+01
9.051559448242187500e+00,6.951096534729003906e+00,7.599411010742187500e+00,3.643718719482421875e+00,8.338186264038085938e+00,7.931510925292968750e+00,9.046602249145507812e+00,1.145914554595947266e+01,9.034785270690917969e+00,1.003133201599121094e+01,1.088818454742431641e+01
9.069831848144531250e+00,7.041529655456542969e+00,7.647011280059814453e+00,3.618467330932617188e+00,8.541569709777832031e+00,7.939133167266845703e+00,8.872326850891113281e+00,1.157463169097900391e+01,9.106893539428710938e+00,1.008156299591064453e+01,1.095637607574462891e+01
8.927083969116210938e+00,6.965575218200683594e+00,7.685439109802246094e+00,3.771387577056884766e+00,8.449970245361328125e+00,8.057726860046386719e+00,8.801083564758300781e+00,1.145743656158447266e+01,9.108510017395019531e+00,1.004320907592773438e+01,1.094612121582031250e+01
9.143013000488281250e+00,7.053469657897949219e+00,7.709232330322265625e+00,3.685530185699462891e+00,8.642214775085449219e+00,7.900315761566162109e+00,8.886248588562011719e+00,1.166479587554931641e+01,9.211236953735351562e+00,1.018990802764892578e+01,1.109504222869873047e+01
9.258951187133789062e+00,6.914609909057617188e+00,7.374135494232177734e+00,3.296071052551269531e+00,8.578036308288574219e+00,7.160784244537353516e+00,9.230252265930175781e+00,1.160038852691650391e+01,9.059083938598632812e+00,1.013522243499755859e+01,1.095937156677246094e+01
9.199341773986816406e+00,6.673603057861328125e+00,7.163624763488769531e+00,3.250935077667236328e+00,8.395001411437988281e+00,7.027566909790039062e+00,9.137878417968750000e+00,1.135887241363525391e+01,8.857236862182617188e+00,9.996180534362792969e+00,1.079088592529296875e+01
9.336071014404296875e+00,6.909497261047363281e+00,7.421482086181640625e+00,3.387496471405029297e+00,8.531159400939941406e+00,7.200449466705322266e+00,8.495893478393554688e+00,1.165103149414062500e+01,9.016516685485839844e+00,1.012510681152343750e+01,1.102480506896972656e+01
9.109221458435058594e+00,6.772040367126464844e+00,7.471208572387695312e+00,3.580674171447753906e+00,8.609103202819824219e+00,7.475212097167968750e+00,9.089542388916015625e+00,1.140550136566162109e+01,9.075705528259277344e+00,1.004629611968994141e+01,1.094033050537109375e+01
9.113511085510253906e+00,6.748062133789062500e+00,7.381576538085937500e+00,3.486831188201904297e+00,8.140311241149902344e+00,7.535679817199707031e+00,8.714802742004394531e+00,1.132099437713623047e+01,8.879988670349121094e+00,9.976418495178222656e+00,1.082041168212890625e+01
8.804664611816406250e+00,6.686389923095703125e+00,6.608325958251953125e+00,2.685027599334716797e+00,7.801150798797607422e+00,6.374830245971679688e+00,7.925459384918212891e+00,1.112570476531982422e+01,8.286640167236328125e+00,9.688788414001464844e+00,1.037112998962402344e+01
8.874754905700683594e+00,6.783445358276367188e+00,6.723762512207031250e+00,2.796502590179443359e+00,7.952581882476806641e+00,6.628811359405517578e+00,7.704948902130126953e+00,1.121072769165039062e+01,8.330380439758300781e+00,9.712843894958496094e+00,1.043437480926513672e+01
8.661629676818847656e+00,6.590780258178710938e+00,6.478877067565917969e+00,2.540765285491943359e+00,7.816874980926513672e+00,6.265196323394775391e+00,7.780461788177490234e+00,1.092015361785888672e+01,8.195501327514648438e+00,9.540575027465820312e+00,1.019414520263671875e+01
8.712430000305175781e+00,6.539546012878417969e+00,6.555695533752441406e+00,2.615058898925781250e+00,7.790984630584716797e+00,6.461265563964843750e+00,7.962430953979492188e+00,1.087801647186279297e+01,8.242627143859863281e+00,9.554531097412109375e+00,1.020618057250976562e+01
8.769662857055664062e+00,6.374887466430664062e+00,6.327068328857421875e+00,2.448194503784179688e+00,7.670043468475341797e+00,6.267451286315917969e+00,8.040172576904296875e+00,1.072124767303466797e+01,8.028154373168945312e+00,9.421081542968750000e+00,1.002153873443603516e+01
8.721660614013671875e+00,6.393761634826660156e+00,6.277637004852294922e+00,2.374904632568359375e+00,7.624561786651611328e+00,6.165906906127929688e+00,7.924637317657470703e+00,1.068430995941162109e+01,7.994326591491699219e+00,9.388773918151855469e+00,9.987320899963378906e+00
8.685910224914550781e+00,6.478050231933593750e+00,6.463160037994384766e+00,2.509399890899658203e+00,7.843536853790283203e+00,6.303591728210449219e+00,8.176974296569824219e+00,1.081146717071533203e+01,8.218003273010253906e+00,9.519319534301757812e+00,1.013708591461181641e+01
8.735508918762207031e+00,6.372755050659179688e+00,6.360918521881103516e+00,2.523812770843505859e+00,7.664782047271728516e+00,6.356801033020019531e+00,7.952816009521484375e+00,1.070258331298828125e+01,8.031506538391113281e+00,9.403596878051757812e+00,1.002501964569091797e+01
8.860048294067382812e+00,6.417477607727050781e+00,6.347358703613281250e+00,2.413737297058105469e+00,7.589885234832763672e+00,6.282217025756835938e+00,7.971482753753662109e+00,1.074868869781494141e+01,8.005889892578125000e+00,9.415872573852539062e+00,1.002450752258300781e+01
8.744126319885253906e+00,6.293363571166992188e+00,6.240779876708984375e+00,2.468112945556640625e+00,7.629495143890380859e+00,6.249922752380371094e+00,7.959918975830078125e+00,1.063942241668701172e+01,7.925950050354003906e+00,9.345333099365234375e+00,9.946500778198242188e+00
9.426138877868652344e+00,6.840926170349121094e+00,7.295167922973632812e+00,3.288171291351318359e+00,8.259228706359863281e+00,6.990791797637939453e+00,8.543181419372558594e+00,1.159966754913330078e+01,8.874444007873535156e+00,1.007020950317382812e+01,1.094292068481445312e+01
9.431672096252441406e+00,6.859585762023925781e+00,7.339503288269042969e+00,3.309119701385498047e+00,8.289798736572265625e+00,7.135634422302246094e+00,8.641671180725097656e+00,1.157550716400146484e+01,8.890141487121582031e+00,1.005094337463378906e+01,1.091968536376953125e+01
9.442330360412597656e+00,7.001737594604492188e+00,7.427084922790527344e+00,3.360164642333984375e+00,8.445382118225097656e+00,7.221939086914062500e+00,8.289569854736328125e+00,1.171400451660156250e+01,8.971509933471679688e+00,1.014034843444824219e+01,1.105450820922851562e+01
9.493760108947753906e+00,6.827647209167480469e+00,7.281785488128662109e+00,3.194299221038818359e+00,8.289144515991210938e+00,7.036990642547607422e+00,8.525115966796875000e+00,1.152857303619384766e+01,8.839705467224121094e+00,1.000142955780029297e+01,1.086666297912597656e+01
9.333426475524902344e+00,6.805115699768066406e+00,7.276703834533691406e+00,3.311182498931884766e+00,8.227691650390625000e+00,6.967593193054199219e+00,8.587127685546875000e+00,1.153904819488525391e+01,8.879195213317871094e+00,1.006210327148437500e+01,1.092929840087890625e+01
9.376987457275390625e+00,6.901926994323730469e+00,7.295260429382324219e+00,3.283012866973876953e+00,8.211537361145019531e+00,6.999699115753173828e+00,8.237979888916015625e+00,1.159137535095214844e+01,8.858114242553710938e+00,1.006347084045410156e+01,1.095675468444824219e+01
9.486154556274414062e+00,6.872245788574218750e+00,7.305375099182128906e+00,3.216645240783691406e+00,8.318506240844726562e+00,7.034998893737792969e+00,8.279546737670898438e+00,1.156710147857666016e+01,8.878779411315917969e+00,1.005651760101318359e+01,1.094826030731201172e+01
9.331893920898437500e+00,6.922776222229003906e+00,7.283945083618164062e+00,3.376432418823242188e+00,8.323846817016601562e+00,7.099871635437011719e+00,8.152742385864257812e+00,1.161299991607666016e+01,8.819664955139160156e+00,1.003598403930664062e+01,1.095031452178955078e+01
9.506935119628906250e+00,6.804639816284179688e+00,7.148259639739990234e+00,3.053492546081542969e+00,8.124445915222167969e+00,6.808142662048339844e+00,8.332298278808593750e+00,1.148585796356201172e+01,8.738543510437011719e+00,9.983297348022460938e+00,1.082787036895751953e+01
9.499117851257324219e+00,6.809616088867187500e+00,7.251737117767333984e+00,3.108590126037597656e+00,8.185945510864257812e+00,6.949990272521972656e+00,8.639780998229980469e+00,1.145508861541748047e+01,8.853748321533203125e+00,1.001321983337402344e+01,1.085719013214111328e+01
9.092844963073730469e+00,6.873722076416015625e+00,5.984803199768066406e+00,2.535751819610595703e+00,5.711643695831298828e+00,4.869461536407470703e+00,6.500821590423583984e+00,1.120326805114746094e+01,7.456973075866699219e+00,9.363359451293945312e+00,1.019539070129394531e+01
9.084530830383300781e+00,6.966971397399902344e+00,6.309577941894531250e+00,2.990321636199951172e+00,5.878312587738037109e+00,5.417182445526123047e+00,6.579239368438720703e+00,1.133212947845458984e+01,7.673934459686279297e+00,9.411495208740234375e+00,1.032994270324707031e+01
9.261770248413085938e+00,6.901956558227539062e+00,6.264825820922851562e+00,3.148077011108398438e+00,6.236795425415039062e+00,5.972116470336914062e+00,6.805280208587646484e+00,1.128842449188232422e+01,7.668941497802734375e+00,9.522160530090332031e+00,1.045946407318115234e+01
9.125442504882812500e+00,6.656268119812011719e+00,5.884490966796875000e+00,2.834713459014892578e+00,5.858019351959228516e+00,5.381239891052246094e+00,6.700899124145507812e+00,1.098952960968017578e+01,7.342723846435546875e+00,9.298390388488769531e+00,1.016496467590332031e+01
9.100883483886718750e+00,6.827766418457031250e+00,6.262105941772460938e+00,3.216180324554443359e+00,6.133017063140869141e+00,5.876231193542480469e+00,6.787433147430419922e+00,1.119740962982177734e+01,7.659367561340332031e+00,9.439124107360839844e+00,1.038937091827392578e+01
8.921469688415527344e+00,6.499504089355468750e+00,5.960200309753417969e+00,2.937283039093017578e+00,5.841656208038330078e+00,5.491536140441894531e+00,6.613726139068603516e+00,1.081247425079345703e+01,7.332417488098144531e+00,9.119375228881835938e+00,9.998652458190917969e+00
8.931233406066894531e+00,6.364281654357910156e+00,5.281963348388671875e+00,2.364094257354736328e+00,5.267259120941162109e+00,4.269080162048339844e+00,6.754088401794433594e+00,1.060401153564453125e+01,6.962826728820800781e+00,9.114492416381835938e+00,9.898286819458007812e+00
9.274735450744628906e+00,6.394498825073242188e+00,5.417284011840820312e+00,2.104094982147216797e+00,5.489623069763183594e+00,4.181237220764160156e+00,6.829729557037353516e+00,1.068139076232910156e+01,7.148216247558593750e+00,9.221963882446289062e+00,1.000000858306884766e+01
8.751357078552246094e+00,6.518642425537109375e+00,5.367156028747558594e+00,2.348389625549316406e+00,5.218939304351806641e+00,3.848312854766845703e+00,6.485653400421142578e+00,1.078293132781982422e+01,7.090310096740722656e+00,9.139060974121093750e+00,9.962804794311523438e+00
8.904132843017578125e+00,6.569705963134765625e+00,5.477499961853027344e+00,2.274329185485839844e+00,5.385698795318603516e+00,3.898353576660156250e+00,6.472464561462402344e+00,1.085695457458496094e+01,7.147237777709960938e+00,9.161001205444335938e+00,9.982823371887207031e+00
9.547698020935058594e+00,6.912988662719726562e+00,7.690962791442871094e+00,3.909245014190673828e+00,8.915747642517089844e+00,7.741790771484375000e+00,8.278550148010253906e+00,1.150930118560791016e+01,8.972792625427246094e+00,9.825399398803710938e+00,1.098404312133789062e+01
9.598786354064941406e+00,6.922677040100097656e+00,7.587790966033935547e+00,3.631069660186767578e+00,8.716908454895019531e+00,7.635576248168945312e+00,8.249975204467773438e+00,1.151816082000732422e+01,8.899938583374023438e+00,9.832698822021484375e+00,1.089728736877441406e+01
9.430539131164550781e+00,6.806864738464355469e+00,7.719175338745117188e+00,3.889472484588623047e+00,8.985980033874511719e+00,7.782787799835205078e+00,8.389054298400878906e+00,1.132598686218261719e+01,9.075772285461425781e+00,9.815950393676757812e+00,1.097506427764892578e+01
9.541093826293945312e+00,6.820467948913574219e+00,7.672934532165527344e+00,3.773916721343994141e+00,8.897539138793945312e+00,7.742488861083984375e+00,8.262545585632324219e+00,1.132714271545410156e+01,8.998031616210937500e+00,9.776576995849609375e+00,1.092269420623779297e+01
9.633591651916503906e+00,6.944621086120605469e+00,7.581574440002441406e+00,3.683999538421630859e+00,8.828473091125488281e+00,7.646673202514648438e+00,8.112544059753417969e+00,1.150311756134033203e+01,8.839303970336914062e+00,9.743011474609375000e+00,1.086041831970214844e+01
9.512756347656250000e+00,6.760149955749511719e+00,7.583349227905273438e+00,3.715941905975341797e+00,8.845232963562011719e+00,7.632380962371826172e+00,8.224080085754394531e+00,1.128667736053466797e+01,8.931456565856933594e+00,9.743417739868164062e+00,1.086886405944824219e+01
9.602597236633300781e+00,6.851665496826171875e+00,7.614089488983154297e+00,3.500345230102539062e+00,8.898667335510253906e+00,7.617844104766845703e+00,8.372668266296386719e+00,1.137112617492675781e+01,9.012194633483886719e+00,9.812164306640625000e+00,1.087796401977539062e+01
9.761342048645019531e+00,6.847313880920410156e+00,7.528719902038574219e+00,3.480581283569335938e+00,8.841525077819824219e+00,7.483422279357910156e+00,8.231365203857421875e+00,1.139792919158935547e+01,8.866609573364257812e+00,9.733112335205078125e+00,1.082899093627929688e+01
9.576602935791015625e+00,6.843702316284179688e+00,7.634705543518066406e+00,3.624632835388183594e+00,8.776183128356933594e+00,7.713158607482910156e+00,8.189872741699218750e+00,1.135010242462158203e+01,8.956633567810058594e+00,9.780632019042968750e+00,1.087715148925781250e+01
9.695329666137695312e+00,6.939765930175781250e+00,7.514799594879150391e+00,3.259518146514892578e+00,8.780533790588378906e+00,7.481527328491210938e+00,8.319842338562011719e+00,1.141195583343505859e+01,8.904813766479492188e+00,9.774888992309570312e+00,1.079077053070068359e+01
9.780628204345703125e+00,7.284702301025390625e+00,7.782119274139404297e+00,3.520016193389892578e+00,8.663076400756835938e+00,7.515426635742187500e+00,8.253467559814453125e+00,1.193903064727783203e+01,9.092336654663085938e+00,1.008447456359863281e+01,1.113121414184570312e+01
9.623603820800781250e+00,6.921272277832031250e+00,7.662206172943115234e+00,3.733241081237792969e+00,8.597629547119140625e+00,7.418608665466308594e+00,8.050487518310546875e+00,1.164312076568603516e+01,9.020079612731933594e+00,9.988238334655761719e+00,1.109975910186767578e+01
9.633019447326660156e+00,7.118270874023437500e+00,7.866549491882324219e+00,3.830053329467773438e+00,8.839848518371582031e+00,7.761211395263671875e+00,8.312161445617675781e+00,1.169005775451660156e+01,9.138480186462402344e+00,9.956100463867187500e+00,1.110101318359375000e+01
9.685418128967285156e+00,7.093707084655761719e+00,7.759403705596923828e+00,3.684021949768066406e+00,8.702193260192871094e+00,7.624839782714843750e+00,8.174928665161132812e+00,1.171436786651611328e+01,9.059710502624511719e+00,9.981935501098632812e+00,1.108152675628662109e+01
9.576395988464355469e+00,6.971868515014648438e+00,7.759558677673339844e+00,3.830410480499267578e+00,8.802708625793457031e+00,7.690573692321777344e+00,8.029158592224121094e+00,1.158290576934814453e+01,9.073004722595214844e+00,9.938520431518554688e+00,1.109142875671386719e+01
9.671244621276855469e+00,7.040822982788085938e+00,7.752922534942626953e+00,3.672087192535400391e+00,8.740099906921386719e+00,7.615800380706787109e+00,8.184057235717773438e+00,1.162390613555908203e+01,9.068838119506835938e+00,9.943097114562988281e+00,1.105570793151855469e+01
9.669035911560058594e+00,6.910664558410644531e+00,7.624041557312011719e+00,3.694771289825439453e+00,8.625325202941894531e+00,7.295381546020507812e+00,8.054818153381347656e+00,1.154815387725830078e+01,8.956608772277832031e+00,9.865026473999023438e+00,1.101570606231689453e+01
9.535185813903808594e+00,6.850138664245605469e+00,7.622858047485351562e+00,3.748343467712402344e+00,8.537155151367187500e+00,7.442203998565673828e+00,8.249904632568359375e+00,1.149782085418701172e+01,8.980365753173828125e+00,9.906961441040039062e+00,1.100640869140625000e+01
9.538210868835449219e+00,6.996174812316894531e+00,7.686030387878417969e+00,3.782907962799072266e+00,8.648047447204589844e+00,7.529542446136474609e+00,8.219618797302246094e+00,1.154401493072509766e+01,8.973416328430175781e+00,9.842564582824707031e+00,1.097570228576660156e+01
9.780261039733886719e+00,7.098668098449707031e+00,7.742928028106689453e+00,3.587536334991455078e+00,8.584279060363769531e+00,7.475204467773437500e+00,7.802312374114990234e+00,1.167213630676269531e+01,9.041901588439941406e+00,9.972776412963867188e+00,1.111194610595703125e+01
9.388629913330078125e+00,9.195969581604003906e+00,9.231052398681640625e+00,5.890298843383789062e+00,8.846315383911132812e+00,1.033811855316162109e+01,7.767669200897216797e+00,1.281401920318603516e+01,9.937422752380371094e+00,1.063935279846191406e+01,1.221629714965820312e+01
9.414771080017089844e+00,9.340563774108886719e+00,9.280466079711914062e+00,5.958168029785156250e+00,8.710332870483398438e+00,1.028942680358886719e+01,7.765121936798095703e+00,1.296825313568115234e+01,9.980970382690429688e+00,1.066258049011230469e+01,1.223405075073242188e+01
9.353976249694824219e+00,9.318951606750488281e+00,9.270200729370117188e+00,5.902805328369140625e+00,8.868621826171875000e+00,1.024473762512207031e+01,7.870471954345703125e+00,1.295530414581298828e+01,1.003706836700439453e+01,1.071408843994140625e+01,1.228931808471679688e+01
9.431838035583496094e+00,9.204483985900878906e+00,9.201872825622558594e+00,5.880862236022949219e+00,8.560653686523437500e+00,1.012859535217285156e+01,7.824707984924316406e+00,1.286786556243896484e+01,9.923480033874511719e+00,1.063469886779785156e+01,1.219271850585937500e+01
9.427212715148925781e+00,9.206021308898925781e+00,9.212722778320312500e+00,5.874872684478759766e+00,8.561596870422363281e+00,1.015184211730957031e+01,7.689102172851562500e+00,1.287251281738281250e+01,9.913421630859375000e+00,1.058539581298828125e+01,1.213619899749755859e+01
9.393359184265136719e+00,9.186118125915527344e+00,9.197818756103515625e+00,5.838760375976562500e+00,8.704223632812500000e+00,1.020613479614257812e+01,7.651322841644287109e+00,1.284306049346923828e+01,9.927001953125000000e+00,1.059893417358398438e+01,1.215033531188964844e+01
9.245276451110839844e+00,9.106863021850585938e+00,9.165668487548828125e+00,5.712307929992675781e+00,9.103240013122558594e+00,1.009318828582763672e+01,8.017423629760742188e+00,1.279988002777099609e+01,1.004864978790283203e+01,1.074341392517089844e+01,1.230351543426513672e+01
9.338240623474121094e+00,9.166420936584472656e+00,9.172720909118652344e+00,5.788725376129150391e+00,8.793747901916503906e+00,1.008717536926269531e+01,7.833666324615478516e+00,1.285121631622314453e+01,9.984544754028320312e+00,1.068557929992675781e+01,1.223745918273925781e+01
9.382378578186035156e+00,9.133594512939453125e+00,9.150937080383300781e+00,5.776513576507568359e+00,8.645371437072753906e+00,1.006123161315917969e+01,7.702621936798095703e+00,1.284776210784912109e+01,9.920523643493652344e+00,1.062971305847167969e+01,1.216057395935058594e+01
9.257452964782714844e+00,8.987339973449707031e+00,9.091516494750976562e+00,5.647813796997070312e+00,8.977944374084472656e+00,1.005500698089599609e+01,7.802355289459228516e+00,1.271981334686279297e+01,9.956407546997070312e+00,1.066801261901855469e+01,1.219812774658203125e+01
9.419449806213378906e+00,8.885170936584472656e+00,9.042117118835449219e+00,5.691015243530273438e+00,8.177358627319335938e+00,9.731420516967773438e+00,8.015627861022949219e+00,1.265089130401611328e+01,9.799795150756835938e+00,1.055765342712402344e+01,1.206575393676757812e+01
9.456603050231933594e+00,8.638465881347656250e+00,8.866706848144531250e+00,5.509731292724609375e+00,7.896802902221679688e+00,9.454711914062500000e+00,7.700549125671386719e+00,1.253755092620849609e+01,9.609021186828613281e+00,1.041985416412353516e+01,1.185988903045654297e+01
9.459443092346191406e+00,8.717312812805175781e+00,8.915739059448242188e+00,5.534724235534667969e+00,8.046410560607910156e+00,9.558862686157226562e+00,7.633053302764892578e+00,1.259914684295654297e+01,9.667176246643066406e+00,1.044655036926269531e+01,1.189981269836425781e+01
9.463341712951660156e+00,8.552821159362792969e+00,8.846810340881347656e+00,5.419791221618652344e+00,8.069115638732910156e+00,9.473683357238769531e+00,7.579504013061523438e+00,1.247087574005126953e+01,9.608602523803710938e+00,1.039264297485351562e+01,1.183443260192871094e+01
9.690795898437500000e+00,8.160490989685058594e+00,8.623314857482910156e+00,5.033648490905761719e+00,7.944722652435302734e+00,9.025333404541015625e+00,7.247072219848632812e+00,1.225168704986572266e+01,9.344996452331542969e+00,1.017670536041259766e+01,1.157968711853027344e+01
9.433636665344238281e+00,8.938955307006835938e+00,8.995922088623046875e+00,5.581891059875488281e+00,8.467469215393066406e+00,9.736665725708007812e+00,7.483420848846435547e+00,1.277316474914550781e+01,9.788707733154296875e+00,1.052621459960937500e+01,1.201062870025634766e+01
9.652193069458007812e+00,8.594711303710937500e+00,8.850299835205078125e+00,5.421374320983886719e+00,8.060147285461425781e+00,9.507189750671386719e+00,7.359960079193115234e+00,1.249676036834716797e+01,9.534588813781738281e+00,1.030712318420410156e+01,1.177308940887451172e+01
9.524176597595214844e+00,8.198684692382812500e+00,8.658012390136718750e+00,5.129939079284667969e+00,7.997450828552246094e+00,9.202208518981933594e+00,7.431460857391357422e+00,1.224432659149169922e+01,9.435426712036132812e+00,1.025630378723144531e+01,1.164904499053955078e+01
9.543829917907714844e+00,8.253528594970703125e+00,8.645348548889160156e+00,5.067513942718505859e+00,8.153066635131835938e+00,9.265449523925781250e+00,7.371578693389892578e+00,1.233077335357666016e+01,9.466032028198242188e+00,1.033075714111328125e+01,1.170428276062011719e+01
9.526764869689941406e+00,8.278846740722656250e+00,8.683337211608886719e+00,5.163605213165283203e+00,8.080620765686035156e+00,9.277498245239257812e+00,7.393596172332763672e+00,1.231634902954101562e+01,9.474720954895019531e+00,1.028916168212890625e+01,1.168899154663085938e+01
9.462330818176269531e+00,9.601046562194824219e+00,9.294229507446289062e+00,6.085840225219726562e+00,8.777766227722167969e+00,1.028804683685302734e+01,7.512693881988525391e+00,1.319363689422607422e+01,9.967234611511230469e+00,1.060369300842285156e+01,1.220527648925781250e+01
9.415182113647460938e+00,9.273543357849121094e+00,9.166189193725585938e+00,5.886939048767089844e+00,8.699358940124511719e+00,1.009870529174804688e+01,7.712240219116210938e+00,1.296629619598388672e+01,9.934048652648925781e+00,1.065661048889160156e+01,1.221931266784667969e+01
9.410603523254394531e+00,9.393041610717773438e+00,9.191219329833984375e+00,5.946448802947998047e+00,8.679709434509277344e+00,1.011508274078369141e+01,7.690923690795898438e+00,1.305904579162597656e+01,9.948494911193847656e+00,1.065849113464355469e+01,1.222620582580566406e+01
9.429320335388183594e+00,9.332985877990722656e+00,9.181213378906250000e+00,5.935220718383789062e+00,8.699522018432617188e+00,1.016049003601074219e+01,7.744593620300292969e+00,1.298990154266357422e+01,9.937756538391113281e+00,1.065817928314208984e+01,1.223262405395507812e+01
9.356715202331542969e+00,9.135215759277343750e+00,9.114243507385253906e+00,5.786959648132324219e+00,8.811192512512207031e+00,1.010994243621826172e+01,7.687121868133544922e+00,1.282046699523925781e+01,9.912465095520019531e+00,1.061415290832519531e+01,1.217078018188476562e+01
9.382382392883300781e+00,9.168223381042480469e+00,9.125651359558105469e+00,5.827964782714843750e+00,8.841300964355468750e+00,1.010634422302246094e+01,7.681300640106201172e+00,1.284656429290771484e+01,9.918255805969238281e+00,1.061637783050537109e+01,1.219087791442871094e+01
9.386055946350097656e+00,8.857622146606445312e+00,8.968660354614257812e+00,5.623898029327392578e+00,8.548014640808105469e+00,9.896622657775878906e+00,7.708487033843994141e+00,1.262201595306396484e+01,9.781746864318847656e+00,1.054579162597656250e+01,1.205804252624511719e+01
9.446455001831054688e+00,9.062193870544433594e+00,9.061114311218261719e+00,5.763469696044921875e+00,8.615301132202148438e+00,9.978895187377929688e+00,7.603089332580566406e+00,1.280073642730712891e+01,9.829272270202636719e+00,1.055514144897460938e+01,1.210027885437011719e+01
9.392330169677734375e+00,8.883814811706542969e+00,8.998403549194335938e+00,5.641152381896972656e+00,8.669495582580566406e+00,9.932424545288085938e+00,7.633457183837890625e+00,1.265152645111083984e+01,9.805091857910156250e+00,1.054854393005371094e+01,1.207267379760742188e+01
9.421080589294433594e+00,9.062369346618652344e+00,9.064758300781250000e+00,5.756525993347167969e+00,8.706191062927246094e+00,1.002689075469970703e+01,7.611574172973632812e+00,1.277673816680908203e+01,9.849642753601074219e+00,1.057088088989257812e+01,1.212231254577636719e+01
9.352265357971191406e+00,8.933566093444824219e+00,8.973969459533691406e+00,5.721106052398681641e+00,8.860582351684570312e+00,9.905466079711914062e+00,7.699806690216064453e+00,1.267619228363037109e+01,9.821070671081542969e+00,1.059650039672851562e+01,1.216924858093261719e+01
9.296481132507324219e+00,8.835689544677734375e+00,8.964939117431640625e+00,5.631005287170410156e+00,8.893012046813964844e+00,9.912331581115722656e+00,7.792373180389404297e+00,1.257969570159912109e+01,9.837298393249511719e+00,1.059733772277832031e+01,1.214966487884521484e+01
9.365206718444824219e+00,8.870141029357910156e+00,8.952119827270507812e+00,5.668206214904785156e+00,8.869255065917968750e+00,9.928115844726562500e+00,7.618549346923828125e+00,1.262460613250732422e+01,9.791605949401855469e+00,1.057588100433349609e+01,1.213315486907958984e+01
9.307803153991699219e+00,8.827942848205566406e+00,8.920736312866210938e+00,5.622879505157470703e+00,8.904215812683105469e+00,9.841695785522460938e+00,7.740537166595458984e+00,1.260677337646484375e+01,9.817033767700195312e+00,1.060636901855468750e+01,1.215751838684082031e+01
9.321141242980957031e+00,8.795437812805175781e+00,8.905147552490234375e+00,5.612353324890136719e+00,8.822735786437988281e+00,9.823001861572265625e+00,7.723992347717285156e+00,1.257763767242431641e+01,9.782015800476074219e+00,1.057071018218994141e+01,1.211583328247070312e+01
9.292163848876953125e+00,8.870709419250488281e+00,8.958633422851562500e+00,5.627418518066406250e+00,8.993563652038574219e+00,9.938738822937011719e+00,7.666874885559082031e+00,1.263092708587646484e+01,9.849086761474609375e+00,1.061129379272460938e+01,1.216069793701171875e+01
9.431798934936523438e+00,9.068652153015136719e+00,9.038848876953125000e+00,5.786583900451660156e+00,8.824960708618164062e+00,9.993920326232910156e+00,7.556898593902587891e+00,1.277966976165771484e+01,9.841805458068847656e+00,1.058561515808105469e+01,1.216783905029296875e+01
9.290223121643066406e+00,8.840983390808105469e+00,8.959444046020507812e+00,5.582471847534179688e+00,8.919259071350097656e+00,9.900422096252441406e+00,7.631069660186767578e+00,1.262726116180419922e+01,9.845160484313964844e+00,1.059678459167480469e+01,1.212489700317382812e+01
9.277199745178222656e+00,8.819111824035644531e+00,8.929105758666992188e+00,5.574370384216308594e+00,8.997824668884277344e+00,9.808467864990234375e+00,7.645204544067382812e+00,1.263741683959960938e+01,9.850594520568847656e+00,1.061284446716308594e+01,1.215143108367919922e+01
9.307209968566894531e+00,8.867665290832519531e+00,8.938255310058593750e+00,5.625500679016113281e+00,8.868782997131347656e+00,9.862685203552246094e+00,7.720456600189208984e+00,1.264701557159423828e+01,9.831690788269042969e+00,1.060423851013183594e+01,1.214741325378417969e+01
9.334222793579101562e+00,8.527428627014160156e+00,8.660530090332031250e+00,5.315936088562011719e+00,8.239931106567382812e+00,9.414832115173339844e+00,8.088785171508789062e+00,1.256097793579101562e+01,9.508494377136230469e+00,1.054499912261962891e+01,1.191158866882324219e+01
9.357495307922363281e+00,8.413379669189453125e+00,8.736284255981445312e+00,5.229261398315429688e+00,8.402674674987792969e+00,9.774593353271484375e+00,7.860970020294189453e+00,1.243856334686279297e+01,9.532500267028808594e+00,1.049006748199462891e+01,1.183499526977539062e+01
9.331104278564453125e+00,8.452293395996093750e+00,8.702593803405761719e+00,5.297564506530761719e+00,8.199036598205566406e+00,9.438455581665039062e+00,8.046418190002441406e+00,1.244823169708251953e+01,9.518438339233398438e+00,1.048080635070800781e+01,1.185674190521240234e+01
9.250866889953613281e+00,8.233064651489257812e+00,8.554239273071289062e+00,5.062784671783447266e+00,8.281105041503906250e+00,9.241835594177246094e+00,8.085646629333496094e+00,1.236534976959228516e+01,9.513012886047363281e+00,1.052304267883300781e+01,1.183625030517578125e+01
9.195523262023925781e+00,8.177779197692871094e+00,8.532388687133789062e+00,4.947999000549316406e+00,8.467884063720703125e+00,9.035587310791015625e+00,8.038357734680175781e+00,1.246076679229736328e+01,9.578886985778808594e+00,1.058256912231445312e+01,1.185195350646972656e+01
9.261493682861328125e+00,8.205245018005371094e+00,8.656860351562500000e+00,5.071226119995117188e+00,8.466629028320312500e+00,9.500003814697265625e+00,7.906648159027099609e+00,1.229632854461669922e+01,9.582646369934082031e+00,1.049397468566894531e+01,1.182067489624023438e+01
9.274672508239746094e+00,8.166816711425781250e+00,8.484599113464355469e+00,5.009836196899414062e+00,8.251015663146972656e+00,9.155525207519531250e+00,7.813520908355712891e+00,1.235405540466308594e+01,9.452548027038574219e+00,1.048309707641601562e+01,1.177935409545898438e+01
9.285904884338378906e+00,8.179960250854492188e+00,8.569642066955566406e+00,5.127694129943847656e+00,8.525586128234863281e+00,9.192897796630859375e+00,7.839743137359619141e+00,1.234614467620849609e+01,9.553853988647460938e+00,1.050266933441162109e+01,1.187765598297119141e+01
9.252703666687011719e+00,8.128910064697265625e+00,8.566267013549804688e+00,5.096446514129638672e+00,8.435052871704101562e+00,9.437539100646972656e+00,7.694737911224365234e+00,1.218996143341064453e+01,9.474137306213378906e+00,1.036159706115722656e+01,1.172787380218505859e+01
9.210028648376464844e+00,8.262515068054199219e+00,8.534263610839843750e+00,5.156790733337402344e+00,8.721020698547363281e+00,9.272879600524902344e+00,7.730260372161865234e+00,1.236070442199707031e+01,9.571011543273925781e+00,1.050200366973876953e+01,1.190133380889892578e+01
9.239148139953613281e+00,7.184188842773437500e+00,7.262861251831054688e+00,3.245976448059082031e+00,8.490831375122070312e+00,6.843927860260009766e+00,7.528789043426513672e+00,1.187948894500732422e+01,8.856688499450683594e+00,1.013661479949951172e+01,1.106245613098144531e+01
9.391063690185546875e+00,7.143609046936035156e+00,7.205041885375976562e+00,3.110971450805664062e+00,8.278485298156738281e+00,6.732506752014160156e+00,7.516170024871826172e+00,1.182359600067138672e+01,8.770472526550292969e+00,1.009985923767089844e+01,1.100871658325195312e+01
9.264515876770019531e+00,7.001404762268066406e+00,7.385892868041992188e+00,3.431481361389160156e+00,8.520319938659667969e+00,6.980907440185546875e+00,7.712870121002197266e+00,1.168001270294189453e+01,8.986012458801269531e+00,1.010044002532958984e+01,1.110326385498046875e+01
9.238814353942871094e+00,7.105970382690429688e+00,7.499688148498535156e+00,3.495142459869384766e+00,8.504175186157226562e+00,7.355548858642578125e+00,7.725809574127197266e+00,1.168008327484130859e+01,9.028542518615722656e+00,1.012618446350097656e+01,1.111563968658447266e+01
9.291308403015136719e+00,7.113161087036132812e+00,7.389011383056640625e+00,3.361643791198730469e+00,8.523927688598632812e+00,7.030900001525878906e+00,7.878369331359863281e+00,1.176276302337646484e+01,9.015282630920410156e+00,1.019491767883300781e+01,1.114862442016601562e+01
9.350898742675781250e+00,7.125894546508789062e+00,7.344315528869628906e+00,3.253278255462646484e+00,8.470915794372558594e+00,7.102405548095703125e+00,7.707754611968994141e+00,1.173388576507568359e+01,8.911318778991699219e+00,1.012218093872070312e+01,1.105400466918945312e+01
9.457485198974609375e+00,7.137014389038085938e+00,7.338798522949218750e+00,3.328939437866210938e+00,8.366245269775390625e+00,6.932847023010253906e+00,7.514775753021240234e+00,1.175227737426757812e+01,8.884181022644042969e+00,1.010838508605957031e+01,1.112174987792968750e+01
9.400249481201171875e+00,7.152775764465332031e+00,7.388875961303710938e+00,3.274387359619140625e+00,8.446028709411621094e+00,7.033885955810546875e+00,7.581858158111572266e+00,1.175195789337158203e+01,8.943229675292968750e+00,1.011837673187255859e+01,1.109781932830810547e+01
9.495072364807128906e+00,6.885620117187500000e+00,7.068989753723144531e+00,3.042996883392333984e+00,8.300354957580566406e+00,6.569348335266113281e+00,7.646660804748535156e+00,1.157417678833007812e+01,8.694237709045410156e+00,9.978542327880859375e+00,1.090134048461914062e+01
9.295818328857421875e+00,7.144802093505859375e+00,7.170403957366943359e+00,3.122390747070312500e+00,8.397210121154785156e+00,6.612502098083496094e+00,7.643558025360107422e+00,1.179711246490478516e+01,8.835507392883300781e+00,1.013325309753417969e+01,1.104785537719726562e+01
9.252076148986816406e+00,5.554447174072265625e+00,4.698632717132568359e+00,1.815148711204528809e+00,5.020045757293701172e+00,3.517633914947509766e+00,6.907072067260742188e+00,9.817231178283691406e+00,6.460427284240722656e+00,8.683768272399902344e+00,9.347284317016601562e+00
9.430608749389648438e+00,6.246566772460937500e+00,5.158579826354980469e+00,1.985271573066711426e+00,5.274559020996093750e+00,3.820482254028320312e+00,6.840844631195068359e+00,1.054213237762451172e+01,6.919162750244140625e+00,9.136992454528808594e+00,9.891005516052246094e+00
9.377697944641113281e+00,5.735040664672851562e+00,4.901781082153320312e+00,1.836584329605102539e+00,5.129337787628173828e+00,3.690548419952392578e+00,6.971114635467529297e+00,1.003815460205078125e+01,6.650325298309326172e+00,8.840135574340820312e+00,9.520067214965820312e+00
9.405538558959960938e+00,5.327845573425292969e+00,4.511371612548828125e+00,1.382778882980346680e+00,5.123987197875976562e+00,3.498337745666503906e+00,7.018034458160400391e+00,9.501511573791503906e+00,6.310615539550781250e+00,8.528096199035644531e+00,9.096850395202636719e+00
9.575045585632324219e+00,5.495923995971679688e+00,4.779731750488281250e+00,1.473681807518005371e+00,5.308269023895263672e+00,3.593421936035156250e+00,7.076211452484130859e+00,9.744168281555175781e+00,6.562291145324707031e+00,8.671221733093261719e+00,9.306916236877441406e+00
9.161605834960937500e+00,5.875357627868652344e+00,4.681059360504150391e+00,1.678077340126037598e+00,5.208322048187255859e+00,3.647295951843261719e+00,6.733773231506347656e+00,1.005881977081298828e+01,6.505311012268066406e+00,8.840685844421386719e+00,9.486207962036132812e+00
9.236744880676269531e+00,5.345683097839355469e+00,4.533489227294921875e+00,1.609365820884704590e+00,4.971002578735351562e+00,3.410783529281616211e+00,6.974408626556396484e+00,9.546154022216796875e+00,6.310813426971435547e+00,8.509855270385742188e+00,9.126595497131347656e+00
9.001005172729492188e+00,5.343239784240722656e+00,4.351995468139648438e+00,1.670607447624206543e+00,4.797071456909179688e+00,3.425500154495239258e+00,6.864869117736816406e+00,9.446572303771972656e+00,6.118177413940429688e+00,8.438543319702148438e+00,9.024646759033203125e+00
9.420871734619140625e+00,5.540457725524902344e+00,4.536304473876953125e+00,1.465029835700988770e+00,5.142408847808837891e+00,3.441112995147705078e+00,6.810938835144042969e+00,9.700116157531738281e+00,6.351421356201171875e+00,8.623785018920898438e+00,9.254156112670898438e+00
9.184390068054199219e+00,6.241699218750000000e+00,5.005566120147705078e+00,2.011969566345214844e+00,5.105361938476562500e+00,3.558283567428588867e+00,6.692703723907470703e+00,1.047481822967529297e+01,6.813778877258300781e+00,9.017967224121093750e+00,9.797678947448730469e+00
9.435136795043945312e+00,7.877850532531738281e+00,7.793272972106933594e+00,3.519189834594726562e+00,8.095896720886230469e+00,7.206728458404541016e+00,6.682973384857177734e+00,1.252610206604003906e+01,8.912878036499023438e+00,1.019147109985351562e+01,1.122027206420898438e+01
9.585316658020019531e+00,7.722152709960937500e+00,7.802040100097656250e+00,3.589883804321289062e+00,8.319460868835449219e+00,7.490826606750488281e+00,6.999096393585205078e+00,1.243183135986328125e+01,8.964030265808105469e+00,1.024597358703613281e+01,1.128106975555419922e+01
9.580153465270996094e+00,7.730269432067871094e+00,7.817954063415527344e+00,3.571034908294677734e+00,8.288625717163085938e+00,7.634920120239257812e+00,7.304376602172851562e+00,1.239811229705810547e+01,8.982724189758300781e+00,1.026678466796875000e+01,1.126475334167480469e+01
9.404877662658691406e+00,7.501110076904296875e+00,7.884345054626464844e+00,3.816429615020751953e+00,8.350358963012695312e+00,7.966318130493164062e+00,7.383848667144775391e+00,1.202757740020751953e+01,9.113009452819824219e+00,1.019591140747070312e+01,1.127584457397460938e+01
9.297974586486816406e+00,7.507979393005371094e+00,7.948367118835449219e+00,3.870446681976318359e+00,8.482781410217285156e+00,8.136754035949707031e+00,7.474763393402099609e+00,1.211652278900146484e+01,9.150256156921386719e+00,1.023751449584960938e+01,1.126709747314453125e+01
9.294941902160644531e+00,7.376643180847167969e+00,7.820741653442382812e+00,3.798767089843750000e+00,8.345672607421875000e+00,7.947969436645507812e+00,7.553026676177978516e+00,1.201040267944335938e+01,9.075594902038574219e+00,1.019958591461181641e+01,1.121060848236083984e+01
9.425104141235351562e+00,7.291966438293457031e+00,7.776339530944824219e+00,3.933237552642822266e+00,8.315290451049804688e+00,7.848639965057373047e+00,7.472290992736816406e+00,1.188212203979492188e+01,9.047434806823730469e+00,1.014778900146484375e+01,1.127165603637695312e+01
9.498701095581054688e+00,7.539975166320800781e+00,7.802484989166259766e+00,3.713001251220703125e+00,8.225170135498046875e+00,7.691074371337890625e+00,7.088164329528808594e+00,1.218743991851806641e+01,8.972189903259277344e+00,1.017279720306396484e+01,1.122604846954345703e+01
9.362200736999511719e+00,7.458318710327148438e+00,7.813405513763427734e+00,3.830913066864013672e+00,8.296207427978515625e+00,7.782949447631835938e+00,7.300373554229736328e+00,1.213185024261474609e+01,9.034712791442871094e+00,1.020369148254394531e+01,1.125192070007324219e+01
9.359313011169433594e+00,7.447992324829101562e+00,7.839254856109619141e+00,3.783753871917724609e+00,8.403412818908691406e+00,8.015750885009765625e+00,7.392354488372802734e+00,1.204998779296875000e+01,9.033377647399902344e+00,1.015413093566894531e+01,1.118179607391357422e+01
9.657813072204589844e+00,7.573599815368652344e+00,8.391697883605957031e+00,4.668285369873046875e+00,9.057443618774414062e+00,8.625996589660644531e+00,7.679815292358398438e+00,1.199730587005615234e+01,9.343605995178222656e+00,1.007972335815429688e+01,1.149314117431640625e+01
9.782191276550292969e+00,7.675760269165039062e+00,8.369082450866699219e+00,4.624679565429687500e+00,9.084042549133300781e+00,8.492988586425781250e+00,7.380111217498779297e+00,1.212792873382568359e+01,9.302584648132324219e+00,1.009371852874755859e+01,1.153850269317626953e+01
9.967933654785156250e+00,7.728045463562011719e+00,8.375270843505859375e+00,4.448021888732910156e+00,9.139694213867187500e+00,8.498106002807617188e+00,7.388103008270263672e+00,1.224779415130615234e+01,9.294657707214355469e+00,1.014021301269531250e+01,1.153626060485839844e+01
9.841267585754394531e+00,7.614466667175292969e+00,8.421508789062500000e+00,4.585901260375976562e+00,9.083855628967285156e+00,8.522418975830078125e+00,7.443853378295898438e+00,1.205422496795654297e+01,9.323887825012207031e+00,1.004988098144531250e+01,1.149596595764160156e+01
9.896687507629394531e+00,7.760511398315429688e+00,8.415718078613281250e+00,4.423815727233886719e+00,9.140782356262207031e+00,8.644290924072265625e+00,7.561986923217773438e+00,1.226320362091064453e+01,9.349827766418457031e+00,1.018643569946289062e+01,1.153223037719726562e+01
9.901761054992675781e+00,7.568179130554199219e+00,8.260659217834472656e+00,4.438338279724121094e+00,9.116534233093261719e+00,8.303453445434570312e+00,7.488585472106933594e+00,1.211863994598388672e+01,9.230076789855957031e+00,1.006964492797851562e+01,1.146817016601562500e+01
9.746542930603027344e+00,7.304782867431640625e+00,8.138525009155273438e+00,4.415117740631103516e+00,8.990359306335449219e+00,8.225990295410156250e+00,7.648380756378173828e+00,1.182591724395751953e+01,9.160960197448730469e+00,9.956533432006835938e+00,1.133040523529052734e+01
9.826144218444824219e+00,7.387659072875976562e+00,8.317708969116210938e+00,4.658446788787841797e+00,9.119050025939941406e+00,8.361049652099609375e+00,7.250807285308837891e+00,1.182835102081298828e+01,9.213625907897949219e+00,9.883903503417968750e+00,1.140186882019042969e+01
9.847460746765136719e+00,7.404844284057617188e+00,8.183228492736816406e+00,4.366624355316162109e+00,9.007451057434082031e+00,8.278083801269531250e+00,7.575134754180908203e+00,1.193196773529052734e+01,9.189094543457031250e+00,1.001251125335693359e+01,1.138235664367675781e+01
9.797501564025878906e+00,7.435984611511230469e+00,8.339196205139160156e+00,4.555099487304687500e+00,9.040154457092285156e+00,8.398657798767089844e+00,7.397662639617919922e+00,1.191296195983886719e+01,9.283797264099121094e+00,9.992547035217285156e+00,1.144282054901123047e+01
9.805842399597167969e+00,7.527592658996582031e+00,7.894917964935302734e+00,3.920700550079345703e+00,9.013201713562011719e+00,7.720938682556152344e+00,7.268647670745849609e+00,1.227273273468017578e+01,9.069334983825683594e+00,1.013633155822753906e+01,1.136182403564453125e+01
1.002155399322509766e+01,7.574234008789062500e+00,7.860476493835449219e+00,3.605154037475585938e+00,9.042540550231933594e+00,7.577902317047119141e+00,7.346436023712158203e+00,1.234387207031250000e+01,9.027085304260253906e+00,1.011807155609130859e+01,1.128327178955078125e+01
1.001028919219970703e+01,7.541426658630371094e+00,7.887548446655273438e+00,3.718824863433837891e+00,9.006228446960449219e+00,7.594887733459472656e+00,7.187591552734375000e+00,1.227021980285644531e+01,9.025014877319335938e+00,1.008113288879394531e+01,1.130231094360351562e+01
9.993563652038574219e+00,7.454741477966308594e+00,7.822738170623779297e+00,3.809446334838867188e+00,9.153199195861816406e+00,7.648162841796875000e+00,7.415519237518310547e+00,1.222112751007080078e+01,8.999253273010253906e+00,1.006577301025390625e+01,1.129300117492675781e+01
1.000262355804443359e+01,7.503826141357421875e+00,7.829645633697509766e+00,3.922408103942871094e+00,8.959847450256347656e+00,7.725741863250732422e+00,7.069484710693359375e+00,1.220026683807373047e+01,8.926035881042480469e+00,1.004081249237060547e+01,1.130988883972167969e+01
1.015979862213134766e+01,7.521998405456542969e+00,7.796954154968261719e+00,3.613437175750732422e+00,8.992848396301269531e+00,7.454983711242675781e+00,7.353857517242431641e+00,1.225564479827880859e+01,8.928490638732910156e+00,1.002237510681152344e+01,1.123260498046875000e+01
1.002582645416259766e+01,7.524130821228027344e+00,7.915813446044921875e+00,3.697921752929687500e+00,9.160587310791015625e+00,7.670001029968261719e+00,7.333393573760986328e+00,1.224699497222900391e+01,9.068877220153808594e+00,1.006818008422851562e+01,1.128644943237304688e+01
9.784947395324707031e+00,7.293284416198730469e+00,7.794900417327880859e+00,3.873625278472900391e+00,8.869944572448730469e+00,7.697937011718750000e+00,7.302799701690673828e+00,1.200521373748779297e+01,8.990791320800781250e+00,1.003188133239746094e+01,1.124524974822998047e+01
9.874081611633300781e+00,7.247739791870117188e+00,7.746065139770507812e+00,3.723716259002685547e+00,8.854199409484863281e+00,7.507245063781738281e+00,7.365076065063476562e+00,1.194157886505126953e+01,8.952672004699707031e+00,9.959371566772460938e+00,1.117057609558105469e+01
9.752162933349609375e+00,7.375625610351562500e+00,7.804248809814453125e+00,3.688409805297851562e+00,8.903750419616699219e+00,7.519873619079589844e+00,7.397852897644042969e+00,1.208708858489990234e+01,9.074974060058593750e+00,1.009494972229003906e+01,1.126359081268310547e+01
9.962975502014160156e+00,7.787750244140625000e+00,8.239772796630859375e+00,4.093089103698730469e+00,8.378402709960937500e+00,8.336435317993164062e+00,7.177541255950927734e+00,1.227013492584228516e+01,9.153671264648437500e+00,1.018987751007080078e+01,1.141960144042968750e+01
1.001207733154296875e+01,7.690430641174316406e+00,8.281148910522460938e+00,4.041572093963623047e+00,8.546669960021972656e+00,8.300523757934570312e+00,7.264595508575439453e+00,1.213236999511718750e+01,9.201956748962402344e+00,1.011501693725585938e+01,1.138482475280761719e+01
9.908796310424804688e+00,7.520229339599609375e+00,8.222064018249511719e+00,4.191767692565917969e+00,8.438307762145996094e+00,8.218901634216308594e+00,7.263647079467773438e+00,1.193718624114990234e+01,9.145649909973144531e+00,1.001185894012451172e+01,1.133225727081298828e+01
1.004810047149658203e+01,7.848083496093750000e+00,8.294033050537109375e+00,4.078292369842529297e+00,8.590993881225585938e+00,8.475036621093750000e+00,7.151209354400634766e+00,1.228806495666503906e+01,9.188253402709960938e+00,1.019198226928710938e+01,1.144697189331054688e+01
1.000465965270996094e+01,7.595608711242675781e+00,8.237885475158691406e+00,3.980909347534179688e+00,8.460635185241699219e+00,8.187610626220703125e+00,7.233495235443115234e+00,1.205761814117431641e+01,9.177783012390136719e+00,1.007654857635498047e+01,1.133898735046386719e+01
9.972543716430664062e+00,7.636879920959472656e+00,8.257391929626464844e+00,4.231603622436523438e+00,8.464342117309570312e+00,8.378643989562988281e+00,7.183639049530029297e+00,1.203660202026367188e+01,9.143834114074707031e+00,1.005584526062011719e+01,1.137801170349121094e+01
9.931502342224121094e+00,7.695889472961425781e+00,8.281886100769042969e+00,4.298046112060546875e+00,8.425961494445800781e+00,8.449268341064453125e+00,7.113125801086425781e+00,1.204246234893798828e+01,9.159170150756835938e+00,1.006583213806152344e+01,1.140241241455078125e+01
1.010599422454833984e+01,7.882984161376953125e+00,8.322050094604492188e+00,4.240738868713378906e+00,8.592663764953613281e+00,8.374092102050781250e+00,6.984471797943115234e+00,1.222744750976562500e+01,9.180424690246582031e+00,1.011639213562011719e+01,1.148544502258300781e+01
9.976257324218750000e+00,7.637409210205078125e+00,8.140633583068847656e+00,4.042869567871093750e+00,8.425022125244140625e+00,8.280386924743652344e+00,7.143702983856201172e+00,1.207576370239257812e+01,9.089541435241699219e+00,1.009539031982421875e+01,1.135143852233886719e+01
9.846488952636718750e+00,7.580159187316894531e+00,8.139262199401855469e+00,4.130605220794677734e+00,8.392545700073242188e+00,8.317198753356933594e+00,7.322300910949707031e+00,1.200312232971191406e+01,9.089325904846191406e+00,1.005722427368164062e+01,1.130198860168457031e+01
9.912548065185546875e+00,7.595392227172851562e+00,8.143383979797363281e+00,4.118546962738037109e+00,8.590014457702636719e+00,8.174621582031250000e+00,7.435990333557128906e+00,1.213741207122802734e+01,9.140391349792480469e+00,1.013293933868408203e+01,1.139014625549316406e+01
9.848778724670410156e+00,7.428785324096679688e+00,8.020928382873535156e+00,4.145020961761474609e+00,8.602595329284667969e+00,7.996365547180175781e+00,7.500957965850830078e+00,1.195129680633544922e+01,9.046837806701660156e+00,1.000489807128906250e+01,1.129311656951904297e+01
9.900925636291503906e+00,7.522505760192871094e+00,8.040933609008789062e+00,4.040661334991455078e+00,8.541337013244628906e+00,7.923650741577148438e+00,7.248675346374511719e+00,1.209449863433837891e+01,9.078452110290527344e+00,1.009100914001464844e+01,1.135931205749511719e+01
9.811661720275878906e+00,7.415297508239746094e+00,7.993380546569824219e+00,4.188317298889160156e+00,8.560944557189941406e+00,8.055107116699218750e+00,7.464191913604736328e+00,1.196603775024414062e+01,9.033928871154785156e+00,1.004419040679931641e+01,1.131998825073242188e+01
9.959400177001953125e+00,7.599767684936523438e+00,8.159166336059570312e+00,3.899257659912109375e+00,8.720407485961914062e+00,8.261693954467773438e+00,7.541632175445556641e+00,1.211325645446777344e+01,9.201853752136230469e+00,1.015821647644042969e+01,1.135971260070800781e+01
9.767083168029785156e+00,7.476277351379394531e+00,8.099157333374023438e+00,4.204875946044921875e+00,8.659869194030761719e+00,8.183378219604492188e+00,7.477561473846435547e+00,1.195986080169677734e+01,9.146607398986816406e+00,1.007657814025878906e+01,1.136546516418457031e+01
9.812661170959472656e+00,7.519135475158691406e+00,8.094629287719726562e+00,4.113547801971435547e+00,8.599593162536621094e+00,8.216060638427734375e+00,7.368221759796142578e+00,1.201961135864257812e+01,9.133770942687988281e+00,1.011068725585937500e+01,1.136493873596191406e+01
1.000097942352294922e+01,7.535675048828125000e+00,8.142599105834960938e+00,3.743360996246337891e+00,8.611712455749511719e+00,8.123305320739746094e+00,7.431807994842529297e+00,1.204632854461669922e+01,9.194463729858398438e+00,1.012328910827636719e+01,1.130791187286376953e+01
9.762548446655273438e+00,7.462246894836425781e+00,7.943342208862304688e+00,3.861343383789062500e+00,8.432887077331542969e+00,7.972174167633056641e+00,7.521416187286376953e+00,1.202900028228759766e+01,9.062918663024902344e+00,1.012443733215332031e+01,1.126885795593261719e+01
9.772337913513183594e+00,7.461048126220703125e+00,8.157498359680175781e+00,4.124638557434082031e+00,8.706950187683105469e+00,8.341129302978515625e+00,7.545915603637695312e+00,1.188917732238769531e+01,9.201842308044433594e+00,1.007124614715576172e+01,1.133423423767089844e+01
9.712385177612304688e+00,6.959237098693847656e+00,7.319160461425781250e+00,3.281038761138916016e+00,7.986826419830322266e+00,6.863051414489746094e+00,7.177262306213378906e+00,1.163037872314453125e+01,8.659512519836425781e+00,9.862251281738281250e+00,1.092151069641113281e+01
9.737389564514160156e+00,7.145070075988769531e+00,7.593285560607910156e+00,3.454541206359863281e+00,8.191256523132324219e+00,7.311510086059570312e+00,7.268270969390869141e+00,1.176717090606689453e+01,8.867192268371582031e+00,9.983858108520507812e+00,1.107233715057373047e+01
9.831042289733886719e+00,7.141695022583007812e+00,7.234572887420654297e+00,2.951136112213134766e+00,8.034346580505371094e+00,6.503737449645996094e+00,7.318980216979980469e+00,1.181545543670654297e+01,8.679315567016601562e+00,9.991025924682617188e+00,1.097626781463623047e+01
9.696568489074707031e+00,7.197064399719238281e+00,7.341953754425048828e+00,3.109037399291992188e+00,8.298146247863769531e+00,6.594707489013671875e+00,7.214988231658935547e+00,1.184915256500244141e+01,8.820905685424804688e+00,1.001585102081298828e+01,1.106491947174072266e+01
9.691308021545410156e+00,6.990016937255859375e+00,7.124416351318359375e+00,3.042905330657958984e+00,8.037229537963867188e+00,6.828462600708007812e+00,7.411912441253662109e+00,1.160044002532958984e+01,8.565291404724121094e+00,9.903512954711914062e+00,1.084979629516601562e+01
9.563939094543457031e+00,6.985980033874511719e+00,7.321039676666259766e+00,3.260656833648681641e+00,8.329341888427734375e+00,6.898894309997558594e+00,7.464088916778564453e+00,1.165033340454101562e+01,8.804491996765136719e+00,9.967045783996582031e+00,1.098755645751953125e+01
9.774354934692382812e+00,7.162703514099121094e+00,7.412970066070556641e+00,3.233041286468505859e+00,8.225719451904296875e+00,7.119364261627197266e+00,7.346707820892333984e+00,1.175928401947021484e+01,8.767184257507324219e+00,9.978194236755371094e+00,1.100922584533691406e+01
9.901353836059570312e+00,7.047360420227050781e+00,7.287710189819335938e+00,3.073475837707519531e+00,8.085348129272460938e+00,6.696589469909667969e+00,7.140620231628417969e+00,1.165532875061035156e+01,8.651495933532714844e+00,9.861550331115722656e+00,1.092565059661865234e+01
9.833716392517089844e+00,6.809272766113281250e+00,7.036874771118164062e+00,2.950451850891113281e+00,7.902246952056884766e+00,6.490502357482910156e+00,7.320829391479492188e+00,1.144525527954101562e+01,8.486562728881835938e+00,9.784252166748046875e+00,1.077537536621093750e+01
9.662939071655273438e+00,6.876854896545410156e+00,7.284101009368896484e+00,3.280535697937011719e+00,8.071505546569824219e+00,7.144899368286132812e+00,7.490002155303955078e+00,1.148884773254394531e+01,8.663406372070312500e+00,9.879043579101562500e+00,1.087777709960937500e+01
9.412938117980957031e+00,7.279798507690429688e+00,7.480489730834960938e+00,3.454055309295654297e+00,8.271577835083007812e+00,7.514668464660644531e+00,7.631960868835449219e+00,1.193139171600341797e+01,8.818895339965820312e+00,1.014574432373046875e+01,1.106656837463378906e+01
9.366948127746582031e+00,7.373404502868652344e+00,7.396955490112304688e+00,3.304674148559570312e+00,8.186603546142578125e+00,7.300890445709228516e+00,7.259043693542480469e+00,1.195701122283935547e+01,8.740302085876464844e+00,1.010077190399169922e+01,1.102728080749511719e+01
9.573554039001464844e+00,7.212378501892089844e+00,7.329930305480957031e+00,3.146925926208496094e+00,8.119577407836914062e+00,7.256178855895996094e+00,7.514722347259521484e+00,1.183958339691162109e+01,8.675145149230957031e+00,1.005353736877441406e+01,1.092794227600097656e+01
9.558223724365234375e+00,7.204680442810058594e+00,7.418852806091308594e+00,3.270857810974121094e+00,8.237249374389648438e+00,7.484409332275390625e+00,7.471210002899169922e+00,1.181097793579101562e+01,8.729213714599609375e+00,1.004055500030517578e+01,1.095244121551513672e+01
9.547403335571289062e+00,7.212093353271484375e+00,7.267349720001220703e+00,3.105663299560546875e+00,8.109268188476562500e+00,7.166065692901611328e+00,7.491998195648193359e+00,1.183117771148681641e+01,8.625201225280761719e+00,1.001847934722900391e+01,1.089083099365234375e+01
9.476365089416503906e+00,7.238074302673339844e+00,7.325587749481201172e+00,3.178000450134277344e+00,8.257046699523925781e+00,7.209101200103759766e+00,7.482875347137451172e+00,1.187519454956054688e+01,8.700228691101074219e+00,1.004314327239990234e+01,1.093507957458496094e+01
9.234926223754882812e+00,7.414868354797363281e+00,7.481920242309570312e+00,3.321156501770019531e+00,8.494498252868652344e+00,7.123561859130859375e+00,7.494188785552978516e+00,1.204558658599853516e+01,8.955720901489257812e+00,1.019737148284912109e+01,1.113039684295654297e+01
9.287161827087402344e+00,7.388967514038085938e+00,7.294473648071289062e+00,3.191023826599121094e+00,8.274001121520996094e+00,7.013274192810058594e+00,7.088957309722900391e+00,1.194968414306640625e+01,8.701142311096191406e+00,1.003660964965820312e+01,1.097454833984375000e+01
9.188458442687988281e+00,7.164982795715332031e+00,7.379401683807373047e+00,3.344212055206298828e+00,8.178574562072753906e+00,7.349632740020751953e+00,7.622799396514892578e+00,1.173211097717285156e+01,8.797307968139648438e+00,1.005799770355224609e+01,1.094906425476074219e+01
9.450005531311035156e+00,7.401521682739257812e+00,7.275305747985839844e+00,3.197552204132080078e+00,8.252499580383300781e+00,6.942813873291015625e+00,7.168437480926513672e+00,1.199916934967041016e+01,8.688133239746093750e+00,1.009422302246093750e+01,1.103983974456787109e+01
9.747347831726074219e+00,7.163701057434082031e+00,7.434858322143554688e+00,3.324329376220703125e+00,8.042268753051757812e+00,7.178929328918457031e+00,7.400730609893798828e+00,1.177497768402099609e+01,8.758490562438964844e+00,1.001962089538574219e+01,1.104157161712646484e+01
9.692204475402832031e+00,7.265333175659179688e+00,7.508740901947021484e+00,3.343212604522705078e+00,8.132423400878906250e+00,7.348741531372070312e+00,7.376831531524658203e+00,1.186079120635986328e+01,8.828879356384277344e+00,1.008463859558105469e+01,1.109157371520996094e+01
9.518886566162109375e+00,7.264722824096679688e+00,7.519352912902832031e+00,3.387968063354492188e+00,8.200346946716308594e+00,7.268256187438964844e+00,7.502544879913330078e+00,1.186146259307861328e+01,8.922623634338378906e+00,1.013815021514892578e+01,1.113864803314208984e+01
9.429345130920410156e+00,6.936965942382812500e+00,7.453314781188964844e+00,3.530942440032958984e+00,8.030639648437500000e+00,7.402111053466796875e+00,7.555338859558105469e+00,1.152340793609619141e+01,8.808608055114746094e+00,9.945646286010742188e+00,1.096105766296386719e+01
9.734978675842285156e+00,7.012784004211425781e+00,7.368428230285644531e+00,3.211920261383056641e+00,8.056095123291015625e+00,7.158615112304687500e+00,7.602555751800537109e+00,1.161484527587890625e+01,8.744631767272949219e+00,9.971426010131835938e+00,1.094745731353759766e+01
9.650744438171386719e+00,7.297799110412597656e+00,7.561540603637695312e+00,3.350320816040039062e+00,8.232649803161621094e+00,7.378161430358886719e+00,7.451562404632568359e+00,1.187015056610107422e+01,8.914410591125488281e+00,1.012297058105468750e+01,1.113255405426025391e+01
9.543776512145996094e+00,7.215924263000488281e+00,7.547083854675292969e+00,3.410446166992187500e+00,8.232231140136718750e+00,7.292115688323974609e+00,7.452234745025634766e+00,1.183248138427734375e+01,8.936920166015625000e+00,1.011545753479003906e+01,1.113363075256347656e+01
9.650555610656738281e+00,6.975520133972167969e+00,7.334958553314208984e+00,3.226413249969482422e+00,8.009778022766113281e+00,7.178532600402832031e+00,7.622192382812500000e+00,1.154036045074462891e+01,8.733977317810058594e+00,9.954862594604492188e+00,1.092235946655273438e+01
9.639185905456542969e+00,7.203921318054199219e+00,7.505015373229980469e+00,3.362008571624755859e+00,8.282770156860351562e+00,7.333280563354492188e+00,7.402977466583251953e+00,1.178799915313720703e+01,8.870393753051757812e+00,1.006045532226562500e+01,1.108618259429931641e+01
9.678524971008300781e+00,7.147288322448730469e+00,7.540780544281005859e+00,3.376180171966552734e+00,8.311110496520996094e+00,7.349285125732421875e+00,7.444448471069335938e+00,1.170428562164306641e+01,8.906041145324707031e+00,1.003017139434814453e+01,1.108246612548828125e+01
9.388438224792480469e+00,6.930183410644531250e+00,7.018113136291503906e+00,3.176952838897705078e+00,7.982235431671142578e+00,6.590133666992187500e+00,7.567565441131591797e+00,1.172362041473388672e+01,8.537650108337402344e+00,9.973075866699218750e+00,1.087638378143310547e+01
9.490452766418457031e+00,6.874887466430664062e+00,7.116649627685546875e+00,3.218454360961914062e+00,8.185892105102539062e+00,6.863728523254394531e+00,7.648106098175048828e+00,1.160905742645263672e+01,8.639202117919921875e+00,9.969141006469726562e+00,1.090166759490966797e+01
9.397042274475097656e+00,6.967209815979003906e+00,6.798654556274414062e+00,2.971127510070800781e+00,8.309330940246582031e+00,6.351970672607421875e+00,7.465830326080322266e+00,1.171090412139892578e+01,8.427455902099609375e+00,9.911895751953125000e+00,1.079378700256347656e+01
9.466740608215332031e+00,6.811766624450683594e+00,7.073750019073486328e+00,3.191421985626220703e+00,8.232844352722167969e+00,6.617518424987792969e+00,7.521126747131347656e+00,1.157774734497070312e+01,8.629433631896972656e+00,9.912517547607421875e+00,1.087674045562744141e+01
9.360628128051757812e+00,6.875411987304687500e+00,6.971892356872558594e+00,3.120718955993652344e+00,8.217732429504394531e+00,6.744958400726318359e+00,7.656684398651123047e+00,1.155393505096435547e+01,8.563978195190429688e+00,9.937552452087402344e+00,1.082746315002441406e+01
9.409901618957519531e+00,6.899052619934082031e+00,6.900671958923339844e+00,3.122891902923583984e+00,8.123392105102539062e+00,6.559225082397460938e+00,7.544455528259277344e+00,1.159722614288330078e+01,8.495735168457031250e+00,9.939226150512695312e+00,1.085429286956787109e+01
9.292620658874511719e+00,6.814256668090820312e+00,6.900803565979003906e+00,3.169685840606689453e+00,8.354786872863769531e+00,6.599697113037109375e+00,7.660294055938720703e+00,1.153470993041992188e+01,8.548270225524902344e+00,9.909753799438476562e+00,1.081869506835937500e+01
9.279573440551757812e+00,6.918889999389648438e+00,7.076522350311279297e+00,3.241877079010009766e+00,8.546599388122558594e+00,6.787275314331054688e+00,7.634078979492187500e+00,1.163471698760986328e+01,8.696281433105468750e+00,9.959212303161621094e+00,1.089413452148437500e+01
9.329746246337890625e+00,6.718528747558593750e+00,6.866984844207763672e+00,3.083613872528076172e+00,8.072568893432617188e+00,6.550818920135498047e+00,7.694420337677001953e+00,1.142963123321533203e+01,8.487057685852050781e+00,9.873734474182128906e+00,1.074976253509521484e+01
9.526520729064941406e+00,6.785803794860839844e+00,6.526896953582763672e+00,2.954929351806640625e+00,8.278478622436523438e+00,6.249457836151123047e+00,7.085855960845947266e+00,1.149025440216064453e+01,8.089753150939941406e+00,9.657478332519531250e+00,1.058628082275390625e+01
9.490855216979980469e+00,7.294984817504882812e+00,7.548374176025390625e+00,3.625928878784179688e+00,8.677882194519042969e+00,7.532324790954589844e+00,7.162759304046630859e+00,1.189960956573486328e+01,8.882572174072265625e+00,1.002885055541992188e+01,1.113914680480957031e+01
9.509780883789062500e+00,7.093397140502929688e+00,7.303308486938476562e+00,3.369118213653564453e+00,8.504067420959472656e+00,7.146318435668945312e+00,7.262002468109130859e+00,1.170677947998046875e+01,8.743004798889160156e+00,9.949380874633789062e+00,1.099819660186767578e+01
9.636672973632812500e+00,7.305073738098144531e+00,7.496666908264160156e+00,3.353075504302978516e+00,8.460159301757812500e+00,7.175203800201416016e+00,7.161879539489746094e+00,1.188920021057128906e+01,8.872440338134765625e+00,1.004472732543945312e+01,1.112399578094482422e+01
9.491818428039550781e+00,7.151754379272460938e+00,7.400928974151611328e+00,3.452692031860351562e+00,8.426208496093750000e+00,7.238494396209716797e+00,7.285223484039306641e+00,1.176118946075439453e+01,8.814320564270019531e+00,1.000976181030273438e+01,1.106566333770751953e+01
9.576582908630371094e+00,7.424838066101074219e+00,7.601402282714843750e+00,3.558160781860351562e+00,8.703125953674316406e+00,7.476273536682128906e+00,7.053595066070556641e+00,1.192281150817871094e+01,8.927920341491699219e+00,1.003101348876953125e+01,1.118059730529785156e+01
9.668583869934082031e+00,6.712509155273437500e+00,7.299522876739501953e+00,3.475928306579589844e+00,8.397089004516601562e+00,7.002685070037841797e+00,7.209146976470947266e+00,1.134665870666503906e+01,8.619486808776855469e+00,9.638942718505859375e+00,1.080119514465332031e+01
9.588459968566894531e+00,7.317725181579589844e+00,7.626416206359863281e+00,3.521666049957275391e+00,8.669379234313964844e+00,7.514501094818115234e+00,7.227646827697753906e+00,1.183055400848388672e+01,8.972447395324707031e+00,1.003526115417480469e+01,1.116038608551025391e+01
9.598727226257324219e+00,7.270112037658691406e+00,7.514664173126220703e+00,3.466539382934570312e+00,8.599198341369628906e+00,7.301679134368896484e+00,7.163698673248291016e+00,1.181189537048339844e+01,8.885897636413574219e+00,9.998456954956054688e+00,1.111811923980712891e+01
9.509263038635253906e+00,6.949151039123535156e+00,7.251368045806884766e+00,3.243360519409179688e+00,8.291693687438964844e+00,6.951619625091552734e+00,7.559822082519531250e+00,1.156071090698242188e+01,8.781470298767089844e+00,9.978374481201171875e+00,1.097424125671386719e+01
9.498270988464355469e+00,7.036592483520507812e+00,7.369630336761474609e+00,3.524818420410156250e+00,8.489572525024414062e+00,7.262498855590820312e+00,7.365805149078369141e+00,1.164321804046630859e+01,8.789341926574707031e+00,9.951442718505859375e+00,1.103165054321289062e+01
9.329993247985839844e+00,7.286133766174316406e+00,7.824692249298095703e+00,4.075028896331787109e+00,8.853888511657714844e+00,7.996446609497070312e+00,8.138823509216308594e+00,1.184380245208740234e+01,9.092464447021484375e+00,1.006703376770019531e+01,1.119175529479980469e+01
9.405008316040039062e+00,7.315792083740234375e+00,7.809889316558837891e+00,3.879321575164794922e+00,8.955254554748535156e+00,7.843406200408935547e+00,8.041913986206054688e+00,1.193060302734375000e+01,9.141682624816894531e+00,1.012572860717773438e+01,1.122452259063720703e+01
9.155303001403808594e+00,7.510186195373535156e+00,8.018452644348144531e+00,3.917568206787109375e+00,9.336091041564941406e+00,8.175666809082031250e+00,8.046894073486328125e+00,1.204789257049560547e+01,9.434845924377441406e+00,1.029743385314941406e+01,1.137783241271972656e+01
9.200171470642089844e+00,7.314393043518066406e+00,7.932032585144042969e+00,4.069310188293457031e+00,9.297800064086914062e+00,8.166318893432617188e+00,8.101364135742187500e+00,1.187720966339111328e+01,9.327241897583007812e+00,1.019117546081542969e+01,1.132437610626220703e+01
9.041882514953613281e+00,7.425072669982910156e+00,8.026038169860839844e+00,4.047054290771484375e+00,9.459856986999511719e+00,8.324384689331054688e+00,8.366894721984863281e+00,1.194728469848632812e+01,9.491856575012207031e+00,1.029638099670410156e+01,1.138409042358398438e+01
9.069142341613769531e+00,7.376067161560058594e+00,7.810951709747314453e+00,4.048086643218994141e+00,9.511434555053710938e+00,7.994745254516601562e+00,7.894121646881103516e+00,1.200663661956787109e+01,9.268523216247558594e+00,1.019453907012939453e+01,1.131451797485351562e+01
8.944113731384277344e+00,7.326598167419433594e+00,7.865737438201904297e+00,4.121654510498046875e+00,9.336397171020507812e+00,8.099071502685546875e+00,8.134233474731445312e+00,1.190870952606201172e+01,9.359913825988769531e+00,1.025400733947753906e+01,1.135422992706298828e+01
9.162296295166015625e+00,7.041676521301269531e+00,7.705735683441162109e+00,3.956272125244140625e+00,9.157924652099609375e+00,7.791285037994384766e+00,8.482910156250000000e+00,1.165437698364257812e+01,9.204342842102050781e+00,1.008793830871582031e+01,1.117585563659667969e+01
9.037091255187988281e+00,7.227161407470703125e+00,7.775023937225341797e+00,4.070490360260009766e+00,9.465124130249023438e+00,7.948851108551025391e+00,8.090845108032226562e+00,1.186423778533935547e+01,9.275790214538574219e+00,1.017083644866943359e+01,1.128572845458984375e+01
9.015297889709472656e+00,7.239822387695312500e+00,7.835735797882080078e+00,4.179179191589355469e+00,9.294575691223144531e+00,8.167275428771972656e+00,8.253337860107421875e+00,1.180206298828125000e+01,9.289841651916503906e+00,1.018795204162597656e+01,1.130927276611328125e+01
9.331895828247070312e+00,7.748034477233886719e+00,8.159626007080078125e+00,4.174501419067382812e+00,9.443560600280761719e+00,8.379083633422851562e+00,8.034650802612304688e+00,1.251657581329345703e+01,9.481595039367675781e+00,1.047341537475585938e+01,1.159930324554443359e+01
9.195316314697265625e+00,7.647554397583007812e+00,8.116808891296386719e+00,4.612726211547851562e+00,9.509169578552246094e+00,8.435245513916015625e+00,7.814858913421630859e+00,1.237172794342041016e+01,9.459450721740722656e+00,1.045315361022949219e+01,1.172394561767578125e+01
9.249358177185058594e+00,7.641278266906738281e+00,8.185636520385742188e+00,4.360431194305419922e+00,9.607213020324707031e+00,8.562137603759765625e+00,8.035287857055664062e+00,1.235122585296630859e+01,9.526421546936035156e+00,1.043829059600830078e+01,1.162365913391113281e+01
9.293526649475097656e+00,7.673617362976074219e+00,8.199730873107910156e+00,4.351172447204589844e+00,9.340811729431152344e+00,8.740161895751953125e+00,7.990917682647705078e+00,1.227998065948486328e+01,9.451195716857910156e+00,1.039466762542724609e+01,1.156482601165771484e+01
9.219311714172363281e+00,7.592017173767089844e+00,8.160705566406250000e+00,4.259371757507324219e+00,9.548050880432128906e+00,8.587127685546875000e+00,8.100522041320800781e+00,1.222088336944580078e+01,9.499758720397949219e+00,1.036897563934326172e+01,1.152759075164794922e+01
9.382394790649414062e+00,7.388818740844726562e+00,7.937517166137695312e+00,4.218709945678710938e+00,9.505563735961914062e+00,8.336488723754882812e+00,8.106305122375488281e+00,1.220970439910888672e+01,9.303020477294921875e+00,1.032088756561279297e+01,1.146460914611816406e+01
9.158891677856445312e+00,7.598933219909667969e+00,8.204621315002441406e+00,4.301566123962402344e+00,9.755171775817871094e+00,8.662144660949707031e+00,8.206150054931640625e+00,1.221150302886962891e+01,9.568468093872070312e+00,1.037176132202148438e+01,1.154175758361816406e+01
9.150349617004394531e+00,7.476407051086425781e+00,8.043515205383300781e+00,4.287464141845703125e+00,9.624500274658203125e+00,8.486429214477539062e+00,8.144886970520019531e+00,1.213637733459472656e+01,9.438431739807128906e+00,1.032493114471435547e+01,1.148760414123535156e+01
9.180962562561035156e+00,7.441444396972656250e+00,8.081170082092285156e+00,4.248313903808593750e+00,9.578164100646972656e+00,8.485319137573242188e+00,8.048043251037597656e+00,1.207909107208251953e+01,9.458637237548828125e+00,1.029761314392089844e+01,1.146764183044433594e+01
9.184742927551269531e+00,7.374529838562011719e+00,7.936031818389892578e+00,4.009022235870361328e+00,9.202360153198242188e+00,8.548503875732421875e+00,8.008257865905761719e+00,1.194700908660888672e+01,9.245854377746582031e+00,1.018046474456787109e+01,1.124641990661621094e+01
8.999004364013671875e+00,7.444845199584960938e+00,7.587079048156738281e+00,3.971514701843261719e+00,7.826826572418212891e+00,7.345115661621093750e+00,7.711428642272949219e+00,1.210939979553222656e+01,8.922437667846679688e+00,1.025413608551025391e+01,1.126270008087158203e+01
8.943160057067871094e+00,7.271305084228515625e+00,7.588728904724121094e+00,4.203731536865234375e+00,8.156064987182617188e+00,7.394043445587158203e+00,7.721435546875000000e+00,1.202517414093017578e+01,8.986079216003417969e+00,1.024936676025390625e+01,1.134070587158203125e+01
8.883508682250976562e+00,7.334781646728515625e+00,7.595250129699707031e+00,4.146869182586669922e+00,8.174057960510253906e+00,7.367772102355957031e+00,7.811867713928222656e+00,1.202134990692138672e+01,9.002963066101074219e+00,1.023689460754394531e+01,1.131062030792236328e+01
9.081062316894531250e+00,7.384278297424316406e+00,7.683521747589111328e+00,4.044657230377197266e+00,8.391408920288085938e+00,7.459236145019531250e+00,7.600893497467041016e+00,1.214625263214111328e+01,9.073908805847167969e+00,1.029686355590820312e+01,1.137570285797119141e+01
9.256707191467285156e+00,7.487092018127441406e+00,7.682244300842285156e+00,3.926869869232177734e+00,8.372902870178222656e+00,7.596141815185546875e+00,7.471118450164794922e+00,1.221162700653076172e+01,9.013398170471191406e+00,1.030905342102050781e+01,1.136474609375000000e+01
9.055159568786621094e+00,7.348609924316406250e+00,7.626331329345703125e+00,3.933192729949951172e+00,8.182160377502441406e+00,7.414724349975585938e+00,7.553785800933837891e+00,1.204405975341796875e+01,9.007657051086425781e+00,1.023891639709472656e+01,1.128173446655273438e+01
9.155428886413574219e+00,7.330064773559570312e+00,7.562402725219726562e+00,4.010921001434326172e+00,8.463915824890136719e+00,7.422950744628906250e+00,7.676949501037597656e+00,1.212156581878662109e+01,8.973975181579589844e+00,1.027668476104736328e+01,1.134399509429931641e+01
9.190779685974121094e+00,7.484771728515625000e+00,7.735037803649902344e+00,3.980157852172851562e+00,8.563158988952636719e+00,7.589883327484130859e+00,7.597537994384765625e+00,1.221151828765869141e+01,9.112055778503417969e+00,1.032881164550781250e+01,1.140605163574218750e+01
9.256277084350585938e+00,7.177996635437011719e+00,7.421759605407714844e+00,3.774473667144775391e+00,8.358406066894531250e+00,7.284790992736816406e+00,7.430475711822509766e+00,1.197763538360595703e+01,8.826548576354980469e+00,1.014746284484863281e+01,1.117879295349121094e+01
9.151259422302246094e+00,7.439311981201171875e+00,7.836507797241210938e+00,4.022406578063964844e+00,8.796322822570800781e+00,7.785597801208496094e+00,7.678426265716552734e+00,1.216640472412109375e+01,9.239887237548828125e+00,1.034915161132812500e+01,1.143293952941894531e+01
9.270955085754394531e+00,6.647682189941406250e+00,6.660433769226074219e+00,2.942252635955810547e+00,6.311413288116455078e+00,5.620757579803466797e+00,7.141353130340576172e+00,1.136412906646728516e+01,8.088129997253417969e+00,9.668144226074218750e+00,1.052169799804687500e+01
8.997025489807128906e+00,6.985825538635253906e+00,6.889470577239990234e+00,3.104614257812500000e+00,6.749356746673583984e+00,5.873775482177734375e+00,7.355901241302490234e+00,1.161777496337890625e+01,8.471594810485839844e+00,1.000201988220214844e+01,1.087797927856445312e+01
9.055632591247558594e+00,6.972776412963867188e+00,6.869554519653320312e+00,3.156637668609619141e+00,6.613264560699462891e+00,5.982452392578125000e+00,7.195558071136474609e+00,1.158693408966064453e+01,8.351364135742187500e+00,9.895261764526367188e+00,1.078147888183593750e+01
9.298707008361816406e+00,6.925604820251464844e+00,6.758208274841308594e+00,2.839846611022949219e+00,6.803663730621337891e+00,5.740002155303955078e+00,7.091292858123779297e+00,1.157952976226806641e+01,8.266797065734863281e+00,9.861475944519042969e+00,1.071973419189453125e+01
9.139243125915527344e+00,6.979417800903320312e+00,6.921646118164062500e+00,3.126008510589599609e+00,6.730143070220947266e+00,6.176605224609375000e+00,7.337265014648437500e+00,1.155927848815917969e+01,8.400806427001953125e+00,9.938777923583984375e+00,1.080752182006835938e+01
9.193835258483886719e+00,6.930619239807128906e+00,6.816663742065429688e+00,3.070754051208496094e+00,6.718163013458251953e+00,5.903814315795898438e+00,7.228684902191162109e+00,1.155837345123291016e+01,8.343431472778320312e+00,9.904714584350585938e+00,1.079729843139648438e+01
9.289887428283691406e+00,6.913771629333496094e+00,6.802311897277832031e+00,2.957258701324462891e+00,6.761275768280029297e+00,6.036202907562255859e+00,7.271951198577880859e+00,1.149967384338378906e+01,8.303101539611816406e+00,9.886578559875488281e+00,1.074158859252929688e+01
9.239663124084472656e+00,6.879564285278320312e+00,6.813481807708740234e+00,2.999928951263427734e+00,6.660287380218505859e+00,5.989745140075683594e+00,7.325498104095458984e+00,1.147474002838134766e+01,8.315522193908691406e+00,9.881559371948242188e+00,1.073874950408935547e+01
9.144182205200195312e+00,6.623455047607421875e+00,6.576210498809814453e+00,2.892566680908203125e+00,6.844796180725097656e+00,5.794158935546875000e+00,7.430595874786376953e+00,1.127050113677978516e+01,8.195750236511230469e+00,9.799941062927246094e+00,1.062663459777832031e+01
9.178633689880371094e+00,6.980417251586914062e+00,7.119528770446777344e+00,3.163229942321777344e+00,7.380966186523437500e+00,6.299051761627197266e+00,7.566463470458984375e+00,1.163373470306396484e+01,8.721483230590820312e+00,1.008568763732910156e+01,1.099486160278320312e+01
9.134680747985839844e+00,7.190541267395019531e+00,7.566882133483886719e+00,3.696706295013427734e+00,7.464650154113769531e+00,7.175422668457031250e+00,7.872974395751953125e+00,1.179627132415771484e+01,9.022473335266113281e+00,1.024070262908935547e+01,1.122978210449218750e+01
9.246680259704589844e+00,7.179819107055664062e+00,7.562077522277832031e+00,3.787868976593017578e+00,7.561745166778564453e+00,7.332997798919677734e+00,7.700795173645019531e+00,1.182340049743652344e+01,8.934277534484863281e+00,1.020227432250976562e+01,1.121672630310058594e+01
9.199141502380371094e+00,7.104311943054199219e+00,7.628755569458007812e+00,3.789874076843261719e+00,7.639762878417968750e+00,7.310447692871093750e+00,7.971136569976806641e+00,1.177190113067626953e+01,9.049989700317382812e+00,1.023021697998046875e+01,1.123711872100830078e+01
9.129538536071777344e+00,7.206919670104980469e+00,7.504877090454101562e+00,3.566290855407714844e+00,7.443179607391357422e+00,7.033204555511474609e+00,7.907715320587158203e+00,1.179138278961181641e+01,8.999316215515136719e+00,1.025513553619384766e+01,1.121101760864257812e+01
9.170061111450195312e+00,7.192358016967773438e+00,7.440460205078125000e+00,3.466609001159667969e+00,7.486609458923339844e+00,7.081516742706298828e+00,7.791802406311035156e+00,1.179243087768554688e+01,8.881155014038085938e+00,1.018756484985351562e+01,1.110109996795654297e+01
9.199116706848144531e+00,7.267201423645019531e+00,7.625827789306640625e+00,3.759577274322509766e+00,7.573431491851806641e+00,7.422902107238769531e+00,7.762135028839111328e+00,1.186123466491699219e+01,8.975188255310058594e+00,1.021591377258300781e+01,1.120123672485351562e+01
9.177485466003417969e+00,7.268061637878417969e+00,7.578638076782226562e+00,3.588512897491455078e+00,7.661467075347900391e+00,7.264003276824951172e+00,7.881107807159423828e+00,1.189420032501220703e+01,8.977090835571289062e+00,1.023298358917236328e+01,1.116660785675048828e+01
9.221211433410644531e+00,7.236260414123535156e+00,7.513974189758300781e+00,3.507182598114013672e+00,7.479719638824462891e+00,7.147059440612792969e+00,7.679888248443603516e+00,1.184436130523681641e+01,8.900629997253417969e+00,1.019095897674560547e+01,1.112305831909179688e+01
9.264143943786621094e+00,7.158346176147460938e+00,7.611412048339843750e+00,3.653165817260742188e+00,7.620895862579345703e+00,7.447602748870849609e+00,7.886586666107177734e+00,1.178596782684326172e+01,8.967959403991699219e+00,1.018536376953125000e+01,1.113529491424560547e+01
9.222147941589355469e+00,7.241288185119628906e+00,7.650106430053710938e+00,3.653923034667968750e+00,7.759948253631591797e+00,7.379254341125488281e+00,7.851167201995849609e+00,1.186782741546630859e+01,9.050204277038574219e+00,1.025076770782470703e+01,1.121739006042480469e+01
9.256653785705566406e+00,7.293703079223632812e+00,7.703031539916992188e+00,3.806807994842529297e+00,7.776469230651855469e+00,7.509126186370849609e+00,7.572539329528808594e+00,1.192072010040283203e+01,9.026023864746093750e+00,1.023032283782958984e+01,1.125655269622802734e+01
9.220446586608886719e+00,7.433462142944335938e+00,7.740423202514648438e+00,3.703495025634765625e+00,7.936638355255126953e+00,7.525372982025146484e+00,7.532761096954345703e+00,1.201683235168457031e+01,9.089232444763183594e+00,1.028368759155273438e+01,1.128809738159179688e+01
9.346957206726074219e+00,7.522475242614746094e+00,7.674341201782226562e+00,3.562113761901855469e+00,7.883450984954833984e+00,7.382795333862304688e+00,7.312688350677490234e+00,1.208691787719726562e+01,8.983433723449707031e+00,1.024570274353027344e+01,1.124603271484375000e+01
9.345016479492187500e+00,7.351211547851562500e+00,7.630380630493164062e+00,3.615734577178955078e+00,7.630589008331298828e+00,7.298625469207763672e+00,7.584143638610839844e+00,1.194067001342773438e+01,8.973536491394042969e+00,1.024208354949951172e+01,1.123232173919677734e+01
9.369000434875488281e+00,7.269127845764160156e+00,7.548001289367675781e+00,3.504582881927490234e+00,7.756711483001708984e+00,7.216856956481933594e+00,7.506529331207275391e+00,1.192579174041748047e+01,8.902785301208496094e+00,1.019160461425781250e+01,1.115777206420898438e+01
9.260274887084960938e+00,7.385107994079589844e+00,7.702585697174072266e+00,3.720407009124755859e+00,7.874059200286865234e+00,7.420298576354980469e+00,7.600164413452148438e+00,1.200854587554931641e+01,9.055685997009277344e+00,1.027683830261230469e+01,1.128528594970703125e+01
9.993159294128417969e+00,7.039150238037109375e+00,7.138679504394531250e+00,2.970070838928222656e+00,7.182225704193115234e+00,6.688532829284667969e+00,7.431273937225341797e+00,1.168273639678955078e+01,8.341724395751953125e+00,9.825916290283203125e+00,1.072520351409912109e+01
9.308861732482910156e+00,7.207018852233886719e+00,7.611091613769531250e+00,3.533891201019287109e+00,7.856514930725097656e+00,7.294362545013427734e+00,7.787078380584716797e+00,1.185636997222900391e+01,9.024623870849609375e+00,1.022498416900634766e+01,1.118362236022949219e+01
9.373991966247558594e+00,7.285118103027343750e+00,7.632766723632812500e+00,3.499940872192382812e+00,7.780323028564453125e+00,7.250172615051269531e+00,7.523054122924804688e+00,1.188892078399658203e+01,8.997353553771972656e+00,1.019643020629882812e+01,1.118417835235595703e+01
9.364459991455078125e+00,7.390217781066894531e+00,7.735702991485595703e+00,3.625874519348144531e+00,7.929419040679931641e+00,7.490951538085937500e+00,7.571419239044189453e+00,1.198157024383544922e+01,9.063029289245605469e+00,1.024846076965332031e+01,1.125067329406738281e+01
9.912711143493652344e+00,7.567225456237792969e+00,8.205170631408691406e+00,4.029405117034912109e+00,8.549256324768066406e+00,8.208112716674804688e+00,7.281613349914550781e+00,1.198190975189208984e+01,9.206187248229980469e+00,1.009504127502441406e+01,1.137425231933593750e+01
9.939329147338867188e+00,7.700870513916015625e+00,8.275333404541015625e+00,4.026915550231933594e+00,8.729343414306640625e+00,8.307987213134765625e+00,7.292517185211181641e+00,1.208675384521484375e+01,9.276567459106445312e+00,1.015387630462646484e+01,1.144030761718750000e+01
9.935931205749511719e+00,7.433556556701660156e+00,8.046957015991210938e+00,3.992475509643554688e+00,8.307538986206054688e+00,7.857829093933105469e+00,7.230086326599121094e+00,1.186373615264892578e+01,9.070936203002929688e+00,9.999914169311523438e+00,1.129716300964355469e+01
9.964946746826171875e+00,7.561103820800781250e+00,8.181139945983886719e+00,4.058699607849121094e+00,8.593152999877929688e+00,8.180525779724121094e+00,7.210939407348632812e+00,1.192126655578613281e+01,9.169112205505371094e+00,1.004154014587402344e+01,1.136652565002441406e+01
1.005088520050048828e+01,7.674577713012695312e+00,8.216137886047363281e+00,4.022017478942871094e+00,8.561219215393066406e+00,8.191650390625000000e+00,7.157229900360107422e+00,1.204287815093994141e+01,9.178603172302246094e+00,1.009307670593261719e+01,1.140890598297119141e+01
9.983815193176269531e+00,7.476946830749511719e+00,8.119293212890625000e+00,3.819649696350097656e+00,8.531399726867675781e+00,7.923689842224121094e+00,7.364467144012451172e+00,1.188868808746337891e+01,9.187771797180175781e+00,1.004868316650390625e+01,1.131336021423339844e+01
9.996062278747558594e+00,7.437451362609863281e+00,7.994882583618164062e+00,3.826123714447021484e+00,8.360045433044433594e+00,7.830053329467773438e+00,7.238642215728759766e+00,1.190040302276611328e+01,9.051657676696777344e+00,1.002660179138183594e+01,1.127496910095214844e+01
1.016008281707763672e+01,7.605467796325683594e+00,8.156355857849121094e+00,3.812139511108398438e+00,8.646367073059082031e+00,8.004768371582031250e+00,7.157586097717285156e+00,1.201431751251220703e+01,9.140307426452636719e+00,1.004187583923339844e+01,1.133592033386230469e+01
1.003247737884521484e+01,7.596322059631347656e+00,8.180803298950195312e+00,3.986664772033691406e+00,8.612977027893066406e+00,8.139667510986328125e+00,7.104121208190917969e+00,1.197030925750732422e+01,9.154759407043457031e+00,1.003501701354980469e+01,1.135893821716308594e+01
1.007970523834228516e+01,7.605636596679687500e+00,8.138487815856933594e+00,4.017819404602050781e+00,8.541159629821777344e+00,8.065250396728515625e+00,7.116358757019042969e+00,1.194487762451171875e+01,9.116209983825683594e+00,1.002716445922851562e+01,1.137521553039550781e+01
1.000444316864013672e+01,7.502880096435546875e+00,8.072025299072265625e+00,3.854686260223388672e+00,8.745304107666015625e+00,7.907766342163085938e+00,7.568586349487304688e+00,1.204254627227783203e+01,9.168004035949707031e+00,1.009961891174316406e+01,1.134218120574951172e+01
9.866751670837402344e+00,7.367607116699218750e+00,8.024360656738281250e+00,3.982057094573974609e+00,8.742754936218261719e+00,7.869280815124511719e+00,7.555618762969970703e+00,1.191359043121337891e+01,9.157132148742675781e+00,1.005700492858886719e+01,1.133184528350830078e+01
1.005977153778076172e+01,7.623407363891601562e+00,8.124033927917480469e+00,3.595307350158691406e+00,8.884854316711425781e+00,8.043358802795410156e+00,7.783868312835693359e+00,1.212368679046630859e+01,9.248461723327636719e+00,1.015752983093261719e+01,1.130712318420410156e+01
9.910088539123535156e+00,7.507898330688476562e+00,8.106390953063964844e+00,4.018398761749267578e+00,8.787631034851074219e+00,8.074001312255859375e+00,7.585341930389404297e+00,1.202144813537597656e+01,9.183191299438476562e+00,1.010151290893554688e+01,1.136550521850585938e+01
1.002242755889892578e+01,7.443748474121093750e+00,7.942952156066894531e+00,3.650877952575683594e+00,8.705778121948242188e+00,7.801368236541748047e+00,7.619107723236083984e+00,1.199049377441406250e+01,9.106814384460449219e+00,1.009729385375976562e+01,1.127483367919921875e+01
9.935065269470214844e+00,7.410580635070800781e+00,7.934186458587646484e+00,3.776346683502197266e+00,8.734265327453613281e+00,7.775486469268798828e+00,7.823723316192626953e+00,1.193921566009521484e+01,9.096852302551269531e+00,1.003957557678222656e+01,1.124198627471923828e+01
1.002754783630371094e+01,7.528761863708496094e+00,8.057028770446777344e+00,3.735577583312988281e+00,8.836128234863281250e+00,7.893198490142822266e+00,7.569535732269287109e+00,1.207359981536865234e+01,9.176181793212890625e+00,1.010768222808837891e+01,1.132068824768066406e+01
9.931302070617675781e+00,7.527824401855468750e+00,8.058652877807617188e+00,3.744890213012695312e+00,8.678034782409667969e+00,7.991661548614501953e+00,7.683402538299560547e+00,1.202340507507324219e+01,9.191959381103515625e+00,1.014052581787109375e+01,1.131370735168457031e+01
1.004894542694091797e+01,7.477788925170898438e+00,7.975152969360351562e+00,3.639657974243164062e+00,8.597294807434082031e+00,7.877742767333984375e+00,7.587730884552001953e+00,1.199798870086669922e+01,9.099877357482910156e+00,1.010191345214843750e+01,1.126764488220214844e+01
1.003492641448974609e+01,7.437411308288574219e+00,8.011118888854980469e+00,3.654392242431640625e+00,8.674255371093750000e+00,7.865513801574707031e+00,7.675915241241455078e+00,1.191270065307617188e+01,9.159944534301757812e+00,1.007345104217529297e+01,1.126941776275634766e+01
9.738480567932128906e+00,7.814705848693847656e+00,8.251559257507324219e+00,3.990768432617187500e+00,8.632706642150878906e+00,8.368432998657226562e+00,7.690888881683349609e+00,1.210491371154785156e+01,9.362259864807128906e+00,1.030955314636230469e+01,1.150075531005859375e+01
9.753264427185058594e+00,7.767420768737792969e+00,8.204625129699707031e+00,4.057781219482421875e+00,8.604458808898925781e+00,8.339576721191406250e+00,7.655329227447509766e+00,1.206360054016113281e+01,9.293576240539550781e+00,1.025752067565917969e+01,1.147282600402832031e+01
9.703812599182128906e+00,7.757630348205566406e+00,8.195496559143066406e+00,3.823908329010009766e+00,8.706241607666015625e+00,8.315599441528320312e+00,7.820588588714599609e+00,1.205019474029541016e+01,9.377224922180175781e+00,1.030043411254882812e+01,1.144378566741943359e+01
9.819026947021484375e+00,7.778642654418945312e+00,8.204593658447265625e+00,3.876586437225341797e+00,8.568758964538574219e+00,8.174053192138671875e+00,7.648295879364013672e+00,1.208362770080566406e+01,9.340187072753906250e+00,1.029172325134277344e+01,1.148475551605224609e+01
9.736586570739746094e+00,7.713626861572265625e+00,8.153071403503417969e+00,3.884597778320312500e+00,8.514905929565429688e+00,8.146536827087402344e+00,7.767720699310302734e+00,1.202313327789306641e+01,9.312889099121093750e+00,1.026517105102539062e+01,1.143522834777832031e+01
9.845918655395507812e+00,7.763672828674316406e+00,8.133410453796386719e+00,3.868140697479248047e+00,8.464197158813476562e+00,7.974084377288818359e+00,7.603994369506835938e+00,1.209051895141601562e+01,9.282325744628906250e+00,1.027482223510742188e+01,1.148106098175048828e+01
9.801127433776855469e+00,7.775303840637207031e+00,8.195169448852539062e+00,3.841756820678710938e+00,8.549653053283691406e+00,8.223689079284667969e+00,7.758354663848876953e+00,1.210329914093017578e+01,9.332844734191894531e+00,1.030144405364990234e+01,1.145502090454101562e+01
9.796236991882324219e+00,7.659752845764160156e+00,8.116761207580566406e+00,3.831785678863525391e+00,8.458828926086425781e+00,8.137877464294433594e+00,7.745521545410156250e+00,1.199669933319091797e+01,9.270783424377441406e+00,1.024985408782958984e+01,1.140592956542968750e+01
9.735174179077148438e+00,7.702771186828613281e+00,8.179472923278808594e+00,3.842648983001708984e+00,8.634585380554199219e+00,8.269454956054687500e+00,7.844658374786376953e+00,1.198266506195068359e+01,9.352034568786621094e+00,1.026389503479003906e+01,1.142182826995849609e+01
9.802894592285156250e+00,7.773462295532226562e+00,8.199951171875000000e+00,3.832337856292724609e+00,8.562285423278808594e+00,8.179779052734375000e+00,7.700306892395019531e+00,1.208106708526611328e+01,9.357573509216308594e+00,1.030932712554931641e+01,1.148071479797363281e+01
8.701462745666503906e+00,7.691509246826171875e+00,7.362527847290039062e+00,4.819381713867187500e+00,6.104991912841796875e+00,7.146293163299560547e+00,6.854304790496826172e+00,1.181090068817138672e+01,8.306324958801269531e+00,9.440709114074707031e+00,1.064209365844726562e+01
8.803228378295898438e+00,7.904379844665527344e+00,7.507587909698486328e+00,5.097792625427246094e+00,6.062275409698486328e+00,7.264163494110107422e+00,7.011740207672119141e+00,1.204238033294677734e+01,8.460684776306152344e+00,9.604140281677246094e+00,1.086999511718750000e+01
8.643942832946777344e+00,7.723535537719726562e+00,7.447947502136230469e+00,4.880411148071289062e+00,6.246928215026855469e+00,7.255407810211181641e+00,6.919159412384033203e+00,1.182037067413330078e+01,8.404069900512695312e+00,9.459695816040039062e+00,1.068327617645263672e+01
8.686635017395019531e+00,7.670479774475097656e+00,7.404070377349853516e+00,4.892481803894042969e+00,6.113729476928710938e+00,7.184461593627929688e+00,6.912915706634521484e+00,1.179195308685302734e+01,8.343770980834960938e+00,9.424106597900390625e+00,1.064852237701416016e+01
8.849896430969238281e+00,7.800273895263671875e+00,7.525642395019531250e+00,4.969532966613769531e+00,6.187483310699462891e+00,7.347814083099365234e+00,6.970582485198974609e+00,1.192554759979248047e+01,8.443174362182617188e+00,9.535109519958496094e+00,1.078017425537109375e+01
8.945854187011718750e+00,7.935011863708496094e+00,7.595733642578125000e+00,5.159741401672363281e+00,6.109485626220703125e+00,7.443729877471923828e+00,7.069638729095458984e+00,1.205975055694580078e+01,8.500745773315429688e+00,9.623323440551757812e+00,1.090713119506835938e+01
8.595974922180175781e+00,7.637420654296875000e+00,7.375941753387451172e+00,4.867086887359619141e+00,6.144968986511230469e+00,7.135234832763671875e+00,6.915836811065673828e+00,1.175124835968017578e+01,8.339982032775878906e+00,9.402761459350585938e+00,1.062167739868164062e+01
8.560084342956542969e+00,7.555955886840820312e+00,7.299839019775390625e+00,4.650968551635742188e+00,6.282721042633056641e+00,7.081062316894531250e+00,6.799015522003173828e+00,1.166244411468505859e+01,8.303581237792968750e+00,9.388860702514648438e+00,1.057816123962402344e+01
8.688882827758789062e+00,7.718437194824218750e+00,7.352808475494384766e+00,5.028007507324218750e+00,5.880065441131591797e+00,7.019007205963134766e+00,6.963802814483642578e+00,1.187354373931884766e+01,8.317824363708496094e+00,9.463886260986328125e+00,1.071189022064208984e+01
8.904742240905761719e+00,7.991765975952148438e+00,7.704300403594970703e+00,5.098257064819335938e+00,6.358957767486572266e+00,7.519693374633789062e+00,7.072122097015380859e+00,1.212017726898193359e+01,8.648066520690917969e+00,9.702125549316406250e+00,1.098782157897949219e+01
9.190783500671386719e+00,9.276843070983886719e+00,9.153941154479980469e+00,5.842865943908691406e+00,9.409884452819824219e+00,1.026267433166503906e+01,7.896049022674560547e+00,1.289304828643798828e+01,1.002296161651611328e+01,1.073466491699218750e+01,1.234044837951660156e+01
9.263930320739746094e+00,9.179366111755371094e+00,9.099390983581542969e+00,5.799162864685058594e+00,9.252897262573242188e+00,1.007463741302490234e+01,8.050204277038574219e+00,1.287774181365966797e+01,9.988476753234863281e+00,1.076632595062255859e+01,1.236315822601318359e+01
9.271498680114746094e+00,9.215964317321777344e+00,9.120670318603515625e+00,5.831336021423339844e+00,9.195296287536621094e+00,1.013620948791503906e+01,7.849160194396972656e+00,1.289868068695068359e+01,9.982359886169433594e+00,1.072641563415527344e+01,1.231900024414062500e+01
9.234280586242675781e+00,9.078007698059082031e+00,9.061060905456542969e+00,5.728588104248046875e+00,9.284428596496582031e+00,1.000528717041015625e+01,7.963814735412597656e+00,1.282435703277587891e+01,9.977626800537109375e+00,1.073735523223876953e+01,1.231883811950683594e+01
9.262368202209472656e+00,9.105239868164062500e+00,9.072001457214355469e+00,5.748652458190917969e+00,9.170907020568847656e+00,1.004199600219726562e+01,7.721469402313232422e+00,1.286159610748291016e+01,9.946541786193847656e+00,1.069001483917236328e+01,1.225589561462402344e+01
9.324845314025878906e+00,9.129237174987792969e+00,9.116631507873535156e+00,5.814433097839355469e+00,9.116581916809082031e+00,1.016834259033203125e+01,7.675995349884033203e+00,1.283438873291015625e+01,9.927548408508300781e+00,1.064834403991699219e+01,1.223256969451904297e+01
9.220424652099609375e+00,9.178692817687988281e+00,9.112003326416015625e+00,5.748204708099365234e+00,9.284464836120605469e+00,1.016240119934082031e+01,7.441737651824951172e+00,1.287310886383056641e+01,9.936125755310058594e+00,1.059591293334960938e+01,1.216125488281250000e+01
9.324575424194335938e+00,9.274251937866210938e+00,9.177196502685546875e+00,5.886552333831787109e+00,9.131794929504394531e+00,1.019630241394042969e+01,7.558567047119140625e+00,1.293680477142333984e+01,9.960270881652832031e+00,1.061333751678466797e+01,1.221340084075927734e+01
9.295469284057617188e+00,9.117213249206542969e+00,9.136642456054687500e+00,5.791884422302246094e+00,9.164170265197753906e+00,1.020287609100341797e+01,7.623931407928466797e+00,1.280187988281250000e+01,9.945755958557128906e+00,1.062171554565429688e+01,1.220423698425292969e+01
9.252490043640136719e+00,9.192601203918457031e+00,9.112993240356445312e+00,5.799747467041015625e+00,9.180815696716308594e+00,1.009930801391601562e+01,7.768062591552734375e+00,1.287798786163330078e+01,9.981076240539550781e+00,1.068598651885986328e+01,1.227128791809082031e+01
9.325007438659667969e+00,8.953198432922363281e+00,8.999183654785156250e+00,5.640580177307128906e+00,8.808432579040527344e+00,9.950401306152343750e+00,7.694602012634277344e+00,1.276268100738525391e+01,9.850443840026855469e+00,1.066521453857421875e+01,1.217386722564697266e+01
9.314020156860351562e+00,8.954738616943359375e+00,9.012502670288085938e+00,5.638607501983642578e+00,8.872813224792480469e+00,1.001588630676269531e+01,7.674300670623779297e+00,1.274730396270751953e+01,9.858337402343750000e+00,1.065975761413574219e+01,1.216956710815429688e+01
9.331561088562011719e+00,8.933785438537597656e+00,8.981704711914062500e+00,5.653782367706298828e+00,8.816197395324707031e+00,9.949141502380371094e+00,7.821980953216552734e+00,1.272188663482666016e+01,9.838674545288085938e+00,1.066863632202148438e+01,1.219187164306640625e+01
9.342536926269531250e+00,8.940566062927246094e+00,9.003108978271484375e+00,5.645204544067382812e+00,8.813565254211425781e+00,9.945623397827148438e+00,7.645891666412353516e+00,1.274938774108886719e+01,9.842532157897949219e+00,1.063339996337890625e+01,1.214950561523437500e+01
9.365534782409667969e+00,8.962634086608886719e+00,9.009145736694335938e+00,5.671711921691894531e+00,8.714148521423339844e+00,9.927278518676757812e+00,7.727896213531494141e+00,1.275542354583740234e+01,9.842284202575683594e+00,1.064576339721679688e+01,1.216509628295898438e+01
9.349141120910644531e+00,8.961502075195312500e+00,9.002048492431640625e+00,5.667966365814208984e+00,8.690592765808105469e+00,9.849067687988281250e+00,7.772539615631103516e+00,1.277651691436767578e+01,9.854389190673828125e+00,1.064481258392333984e+01,1.216494846343994141e+01
9.353268623352050781e+00,9.060451507568359375e+00,9.066547393798828125e+00,5.714757919311523438e+00,8.798542022705078125e+00,1.007567787170410156e+01,7.613950729370117188e+00,1.279780483245849609e+01,9.870377540588378906e+00,1.062072753906250000e+01,1.214798259735107422e+01
9.398533821105957031e+00,8.950167655944824219e+00,9.016607284545898438e+00,5.666129112243652344e+00,8.660850524902343750e+00,9.962303161621093750e+00,7.580873012542724609e+00,1.273035526275634766e+01,9.808107376098632812e+00,1.057100391387939453e+01,1.208844757080078125e+01
9.349621772766113281e+00,8.794431686401367188e+00,8.925513267517089844e+00,5.525584220886230469e+00,8.531336784362792969e+00,9.782669067382812500e+00,7.727098941802978516e+00,1.265510845184326172e+01,9.774847984313964844e+00,1.060507774353027344e+01,1.207170581817626953e+01
9.307313919067382812e+00,8.796195030212402344e+00,8.942908287048339844e+00,5.505333900451660156e+00,8.667132377624511719e+00,9.780763626098632812e+00,7.650342464447021484e+00,1.267284870147705078e+01,9.809729576110839844e+00,1.060206031799316406e+01,1.207111930847167969e+01
8.977402687072753906e+00,6.519669532775878906e+00,5.455343246459960938e+00,2.277181625366210938e+00,5.433164596557617188e+00,4.008541584014892578e+00,6.619711399078369141e+00,1.086199188232421875e+01,7.150074958801269531e+00,9.230415344238281250e+00,1.002009201049804688e+01
8.862540245056152344e+00,6.629242897033691406e+00,5.650829792022705078e+00,2.605342864990234375e+00,5.382608890533447266e+00,4.452661037445068359e+00,6.793381690979003906e+00,1.091354465484619141e+01,7.302635192871093750e+00,9.319297790527343750e+00,1.015447711944580078e+01
8.984212875366210938e+00,6.452783584594726562e+00,5.713642120361328125e+00,2.470996379852294922e+00,5.533105373382568359e+00,4.282153129577636719e+00,6.882449626922607422e+00,1.087037754058837891e+01,7.400079250335693359e+00,9.330669403076171875e+00,1.013756561279296875e+01
9.335324287414550781e+00,6.459434509277343750e+00,5.811882019042968750e+00,2.324652671813964844e+00,5.826440334320068359e+00,4.597299098968505859e+00,7.050298213958740234e+00,1.085711956024169922e+01,7.511298179626464844e+00,9.413323402404785156e+00,1.021608543395996094e+01
9.488055229187011719e+00,6.458864212036132812e+00,5.905611515045166016e+00,2.376221656799316406e+00,5.566721439361572266e+00,4.357756137847900391e+00,7.133339405059814453e+00,1.088979053497314453e+01,7.580075263977050781e+00,9.411911010742187500e+00,1.025604629516601562e+01
8.914735794067382812e+00,5.766814231872558594e+00,4.902343750000000000e+00,1.878356933593750000e+00,5.094609737396240234e+00,3.682438135147094727e+00,6.610085487365722656e+00,9.989766120910644531e+00,6.589416503906250000e+00,8.671966552734375000e+00,9.356370925903320312e+00
9.093873023986816406e+00,5.536945343017578125e+00,4.670966148376464844e+00,1.575510501861572266e+00,5.003172397613525391e+00,3.206731796264648438e+00,6.452477931976318359e+00,9.717402458190917969e+00,6.407247543334960938e+00,8.451304435729980469e+00,9.149239540100097656e+00
8.429971694946289062e+00,6.040392875671386719e+00,5.218173503875732422e+00,2.551583290100097656e+00,4.945487976074218750e+00,3.808594226837158203e+00,6.512785911560058594e+00,1.034489250183105469e+01,6.819703102111816406e+00,8.774822235107421875e+00,9.553579330444335938e+00
9.062919616699218750e+00,6.118884086608886719e+00,5.152724266052246094e+00,2.012785434722900391e+00,5.343596458435058594e+00,3.773602962493896484e+00,6.661042213439941406e+00,1.040493297576904297e+01,6.922052383422851562e+00,8.996025085449218750e+00,9.748205184936523438e+00
9.119963645935058594e+00,6.286098480224609375e+00,5.170823097229003906e+00,2.142234325408935547e+00,5.238695621490478516e+00,4.064727783203125000e+00,6.666825771331787109e+00,1.049078273773193359e+01,6.830101013183593750e+00,9.018819808959960938e+00,9.765590667724609375e+00
9.693808555603027344e+00,7.039983749389648438e+00,7.070058822631835938e+00,2.929685592651367188e+00,7.936039447784423828e+00,6.567397594451904297e+00,7.667459964752197266e+00,1.182513427734375000e+01,8.506133079528808594e+00,9.982860565185546875e+00,1.082807731628417969e+01
9.762602806091308594e+00,6.984584808349609375e+00,7.090227127075195312e+00,3.054108619689941406e+00,7.878818035125732422e+00,6.755307197570800781e+00,7.126170635223388672e+00,1.170212078094482422e+01,8.404185295104980469e+00,9.840087890625000000e+00,1.077396202087402344e+01
9.712405204772949219e+00,7.185186386108398438e+00,7.263745307922363281e+00,3.172797203063964844e+00,7.908484935760498047e+00,6.904422283172607422e+00,7.050587654113769531e+00,1.187750720977783203e+01,8.542292594909667969e+00,9.938213348388671875e+00,1.090178108215332031e+01
9.726488113403320312e+00,7.143683433532714844e+00,7.227597236633300781e+00,3.039665222167968750e+00,8.092008590698242188e+00,6.784177303314208984e+00,7.299448490142822266e+00,1.185694980621337891e+01,8.590087890625000000e+00,9.959756851196289062e+00,1.088656520843505859e+01
9.594927787780761719e+00,6.826432228088378906e+00,6.965396881103515625e+00,2.849308967590332031e+00,7.983064651489257812e+00,6.340485572814941406e+00,8.291685104370117188e+00,1.158388328552246094e+01,8.579123497009277344e+00,9.952490806579589844e+00,1.076295471191406250e+01
9.826636314392089844e+00,6.950160026550292969e+00,6.953523635864257812e+00,2.859416484832763672e+00,7.964643478393554688e+00,6.368964672088623047e+00,7.265681743621826172e+00,1.171576213836669922e+01,8.365793228149414062e+00,9.828067779541015625e+00,1.074039649963378906e+01
9.645604133605957031e+00,6.590206146240234375e+00,6.625230789184570312e+00,2.638399124145507812e+00,7.518125057220458984e+00,6.002502441406250000e+00,7.977688312530517578e+00,1.133434104919433594e+01,8.178133964538574219e+00,9.709437370300292969e+00,1.047192478179931641e+01
9.627671241760253906e+00,6.952129364013671875e+00,7.110136032104492188e+00,2.996271610260009766e+00,8.019983291625976562e+00,6.681295394897460938e+00,7.690892219543457031e+00,1.166619586944580078e+01,8.560118675231933594e+00,9.905502319335937500e+00,1.079020690917968750e+01
9.399071693420410156e+00,6.483430862426757812e+00,6.641520500183105469e+00,2.710885524749755859e+00,7.859467506408691406e+00,5.955426216125488281e+00,8.751866340637207031e+00,1.121151924133300781e+01,8.449489593505859375e+00,9.852424621582031250e+00,1.057750988006591797e+01
9.814696311950683594e+00,6.819202423095703125e+00,6.935285091400146484e+00,2.741514205932617188e+00,8.042517662048339844e+00,6.403852462768554688e+00,7.740929126739501953e+00,1.149880409240722656e+01,8.434863090515136719e+00,9.785497665405273438e+00,1.065225028991699219e+01
9.460659980773925781e+00,7.652591705322265625e+00,7.912975311279296875e+00,3.971296787261962891e+00,7.598310947418212891e+00,7.753404617309570312e+00,7.120778560638427734e+00,1.230352687835693359e+01,8.936873435974121094e+00,1.019378757476806641e+01,1.123925399780273438e+01
9.529816627502441406e+00,7.792262077331542969e+00,8.046849250793457031e+00,4.087387084960937500e+00,7.938457012176513672e+00,8.068572044372558594e+00,7.166944026947021484e+00,1.241214942932128906e+01,9.064764976501464844e+00,1.030633544921875000e+01,1.139081478118896484e+01
9.528744697570800781e+00,7.759574890136718750e+00,8.138135910034179688e+00,4.250393867492675781e+00,8.168120384216308594e+00,8.351804733276367188e+00,7.380823135375976562e+00,1.238325595855712891e+01,9.189164161682128906e+00,1.038279533386230469e+01,1.150195026397705078e+01
9.485613822937011719e+00,7.502655982971191406e+00,8.047007560729980469e+00,4.335635662078857422e+00,8.038816452026367188e+00,8.242424011230468750e+00,7.404219150543212891e+00,1.214325046539306641e+01,9.093589782714843750e+00,1.021572017669677734e+01,1.137426948547363281e+01
9.413523674011230469e+00,7.609073638916015625e+00,7.820015907287597656e+00,4.133187294006347656e+00,7.680038928985595703e+00,7.870517253875732422e+00,7.333827495574951172e+00,1.222558689117431641e+01,8.958377838134765625e+00,1.028807258605957031e+01,1.137392807006835938e+01
9.428155899047851562e+00,7.587205886840820312e+00,7.849887847900390625e+00,4.030743598937988281e+00,7.886658668518066406e+00,7.735177993774414062e+00,7.329085350036621094e+00,1.227095127105712891e+01,9.020747184753417969e+00,1.030205726623535156e+01,1.138913345336914062e+01
9.385482788085937500e+00,7.742502212524414062e+00,8.035970687866210938e+00,4.083650112152099609e+00,8.132130622863769531e+00,8.212305068969726562e+00,7.291773319244384766e+00,1.228561687469482422e+01,9.159321784973144531e+00,1.034261894226074219e+01,1.143450355529785156e+01
9.524605751037597656e+00,7.256493568420410156e+00,7.795755386352539062e+00,4.080616474151611328e+00,7.782044887542724609e+00,7.652723312377929688e+00,7.400853633880615234e+00,1.201289272308349609e+01,8.918715476989746094e+00,1.012600898742675781e+01,1.124316787719726562e+01
9.496857643127441406e+00,7.618865966796875000e+00,7.895915985107421875e+00,4.034554481506347656e+00,7.920653820037841797e+00,7.902473926544189453e+00,7.144850254058837891e+00,1.223080825805664062e+01,8.987486839294433594e+00,1.022758483886718750e+01,1.133080863952636719e+01
9.522304534912109375e+00,7.455397605895996094e+00,7.787477016448974609e+00,3.914897918701171875e+00,8.009574890136718750e+00,7.710453987121582031e+00,7.156445980072021484e+00,1.216005802154541016e+01,8.918545722961425781e+00,1.016250705718994141e+01,1.125296878814697266e+01
8.949056625366210938e+00,7.529916763305664062e+00,7.969990730285644531e+00,4.276731491088867188e+00,8.170666694641113281e+00,8.675891876220703125e+00,8.023569107055664062e+00,1.182279682159423828e+01,9.108559608459472656e+00,1.016715621948242188e+01,1.123067188262939453e+01
9.091247558593750000e+00,7.662123680114746094e+00,7.999579429626464844e+00,4.164626598358154297e+00,8.324055671691894531e+00,8.306994438171386719e+00,7.839208126068115234e+00,1.216309833526611328e+01,9.239298820495605469e+00,1.040916252136230469e+01,1.144701385498046875e+01
9.089251518249511719e+00,7.738422393798828125e+00,8.128181457519531250e+00,4.241528987884521484e+00,8.339432716369628906e+00,8.439113616943359375e+00,7.942037582397460938e+00,1.220387744903564453e+01,9.344753265380859375e+00,1.045104122161865234e+01,1.150316238403320312e+01
8.948029518127441406e+00,7.451001167297363281e+00,7.982666015625000000e+00,4.119979381561279297e+00,8.239316940307617188e+00,8.815176963806152344e+00,7.779421329498291016e+00,1.170063591003417969e+01,9.081702232360839844e+00,1.005209922790527344e+01,1.109721565246582031e+01
9.104543685913085938e+00,7.590440750122070312e+00,7.967383384704589844e+00,4.198252201080322266e+00,8.259863853454589844e+00,8.492033958435058594e+00,7.872961521148681641e+00,1.202653598785400391e+01,9.144469261169433594e+00,1.029719352722167969e+01,1.133700561523437500e+01
8.955121040344238281e+00,7.295992851257324219e+00,7.826545238494873047e+00,4.290477275848388672e+00,7.987946033477783203e+00,8.837273597717285156e+00,7.552597522735595703e+00,1.151089763641357422e+01,8.844136238098144531e+00,9.891292572021484375e+00,1.099472713470458984e+01
8.994363784790039062e+00,7.544545173645019531e+00,8.010704994201660156e+00,4.442220687866210938e+00,8.180781364440917969e+00,8.804429054260253906e+00,7.863073825836181641e+00,1.183559989929199219e+01,9.121072769165039062e+00,1.019816970825195312e+01,1.131333065032958984e+01
9.130900382995605469e+00,7.526233673095703125e+00,7.992507934570312500e+00,4.233230113983154297e+00,8.174098014831542969e+00,8.724010467529296875e+00,7.772903919219970703e+00,1.190336132049560547e+01,9.100893974304199219e+00,1.021926975250244141e+01,1.127275562286376953e+01
9.008738517761230469e+00,7.646634101867675781e+00,8.017733573913574219e+00,4.026588916778564453e+00,8.406713485717773438e+00,8.262058258056640625e+00,7.933051586151123047e+00,1.211172580718994141e+01,9.311126708984375000e+00,1.040062141418457031e+01,1.140968704223632812e+01
8.990111351013183594e+00,7.398102760314941406e+00,7.878801822662353516e+00,4.382976055145263672e+00,7.966508388519287109e+00,8.899247169494628906e+00,7.478921413421630859e+00,1.158053684234619141e+01,8.870495796203613281e+00,9.936188697814941406e+00,1.106526184082031250e+01
9.818436622619628906e+00,7.410868644714355469e+00,8.004599571228027344e+00,3.895737171173095703e+00,8.195362091064453125e+00,8.011807441711425781e+00,7.560739994049072266e+00,1.189837551116943359e+01,9.050815582275390625e+00,1.005941009521484375e+01,1.121698093414306641e+01
9.899376869201660156e+00,7.395730972290039062e+00,7.866702556610107422e+00,3.634663581848144531e+00,8.193102836608886719e+00,7.856638431549072266e+00,7.475586414337158203e+00,1.187883853912353516e+01,9.002337455749511719e+00,1.009057426452636719e+01,1.120434379577636719e+01
9.822030067443847656e+00,7.453083038330078125e+00,8.092681884765625000e+00,3.918536663055419922e+00,8.457445144653320312e+00,8.178973197937011719e+00,7.414643764495849609e+00,1.187022209167480469e+01,9.162232398986816406e+00,1.008772087097167969e+01,1.129778480529785156e+01
9.860686302185058594e+00,7.490283012390136719e+00,8.063020706176757812e+00,3.749800205230712891e+00,8.414277076721191406e+00,7.995319843292236328e+00,7.485619544982910156e+00,1.190135288238525391e+01,9.194278717041015625e+00,1.013039875030517578e+01,1.130877208709716797e+01
9.893925666809082031e+00,7.368989944458007812e+00,7.972753524780273438e+00,3.899633407592773438e+00,8.216222763061523438e+00,7.817910194396972656e+00,7.200471401214599609e+00,1.176930332183837891e+01,9.046198844909667969e+00,9.988272666931152344e+00,1.125646114349365234e+01
1.001688480377197266e+01,7.710772514343261719e+00,8.106348037719726562e+00,3.700167655944824219e+00,8.483634948730468750e+00,7.879585266113281250e+00,7.189705848693847656e+00,1.210794639587402344e+01,9.203810691833496094e+00,1.018149566650390625e+01,1.140685939788818359e+01
9.991719245910644531e+00,7.400385856628417969e+00,7.876259326934814453e+00,3.579337596893310547e+00,8.245648384094238281e+00,7.631767749786376953e+00,7.316559314727783203e+00,1.184754848480224609e+01,9.036141395568847656e+00,1.005640411376953125e+01,1.123748207092285156e+01
1.016475009918212891e+01,7.569566726684570312e+00,8.005072593688964844e+00,3.732418060302734375e+00,8.324562072753906250e+00,7.877741336822509766e+00,6.997715473175048828e+00,1.189322853088378906e+01,8.989358901977539062e+00,9.964757919311523438e+00,1.124920845031738281e+01
9.922568321228027344e+00,7.425782203674316406e+00,8.079058647155761719e+00,3.911372661590576172e+00,8.477316856384277344e+00,7.991116523742675781e+00,7.191844940185546875e+00,1.178146839141845703e+01,9.136333465576171875e+00,9.987764358520507812e+00,1.128980255126953125e+01
1.004184627532958984e+01,7.645269393920898438e+00,8.114890098571777344e+00,3.991431713104248047e+00,8.346511840820312500e+00,8.076363563537597656e+00,6.978498458862304688e+00,1.202484035491943359e+01,9.054766654968261719e+00,1.002200508117675781e+01,1.132016563415527344e+01
9.657106399536132812e+00,7.308814048767089844e+00,7.905805110931396484e+00,4.149261951446533203e+00,8.526127815246582031e+00,7.897139549255371094e+00,7.877644062042236328e+00,1.185155963897705078e+01,9.082976341247558594e+00,1.010291194915771484e+01,1.133016777038574219e+01
9.721125602722167969e+00,7.261096000671386719e+00,7.905378341674804688e+00,4.050553798675537109e+00,8.570927619934082031e+00,7.882303237915039062e+00,7.848410129547119141e+00,1.179197120666503906e+01,9.104858398437500000e+00,1.008839416503906250e+01,1.131426048278808594e+01
9.833737373352050781e+00,7.300883293151855469e+00,7.928196430206298828e+00,3.766781330108642578e+00,8.543648719787597656e+00,7.917272567749023438e+00,7.876471996307373047e+00,1.182941818237304688e+01,9.198778152465820312e+00,1.020542335510253906e+01,1.134960365295410156e+01
9.899155616760253906e+00,7.333305358886718750e+00,7.751054286956787109e+00,3.428819656372070312e+00,8.254027366638183594e+00,7.601681709289550781e+00,7.659527301788330078e+00,1.188508796691894531e+01,9.035439491271972656e+00,1.018313980102539062e+01,1.123988628387451172e+01
9.730370521545410156e+00,7.409057617187500000e+00,7.774435997009277344e+00,3.508837699890136719e+00,8.179761886596679688e+00,7.723976612091064453e+00,7.659785747528076172e+00,1.188583660125732422e+01,9.092541694641113281e+00,1.025549697875976562e+01,1.130109024047851562e+01
9.768024444580078125e+00,7.461632728576660156e+00,7.985445976257324219e+00,3.889822483062744141e+00,8.373221397399902344e+00,8.011536598205566406e+00,7.565917491912841797e+00,1.187480640411376953e+01,9.183569908142089844e+00,1.020593643188476562e+01,1.140123176574707031e+01
9.757710456848144531e+00,7.339315414428710938e+00,7.930983543395996094e+00,3.925672054290771484e+00,8.450035095214843750e+00,7.961967468261718750e+00,7.778367519378662109e+00,1.178707599639892578e+01,9.147768020629882812e+00,1.014908218383789062e+01,1.134373950958251953e+01
9.752587318420410156e+00,7.330810546875000000e+00,7.711491584777832031e+00,3.532523632049560547e+00,8.234157562255859375e+00,7.427834510803222656e+00,7.548585414886474609e+00,1.179083538055419922e+01,9.066912651062011719e+00,1.017196655273437500e+01,1.129974365234375000e+01
9.804076194763183594e+00,7.084034919738769531e+00,7.602999687194824219e+00,3.500724315643310547e+00,8.122685432434082031e+00,7.424026966094970703e+00,7.486334800720214844e+00,1.154234981536865234e+01,8.889298439025878906e+00,9.961565017700195312e+00,1.109224319458007812e+01
9.803833961486816406e+00,7.371100425720214844e+00,7.911283493041992188e+00,3.583778858184814453e+00,8.416960716247558594e+00,7.984724998474121094e+00,7.730260372161865234e+00,1.178301525115966797e+01,9.178891181945800781e+00,1.019336891174316406e+01,1.128995132446289062e+01
9.609596252441406250e+00,7.647059440612792969e+00,8.125673294067382812e+00,4.342656135559082031e+00,8.314510345458984375e+00,9.157341003417968750e+00,7.212869167327880859e+00,1.195147800445556641e+01,9.011611938476562500e+00,1.008434486389160156e+01,1.127827644348144531e+01
9.754563331604003906e+00,7.595538139343261719e+00,7.989671230316162109e+00,4.003459930419921875e+00,8.196626663208007812e+00,8.728975296020507812e+00,7.335959911346435547e+00,1.203109741210937500e+01,8.936699867248535156e+00,1.013054943084716797e+01,1.122506618499755859e+01
9.535620689392089844e+00,7.447411537170410156e+00,7.937431335449218750e+00,4.163994312286376953e+00,8.148354530334472656e+00,8.921951293945312500e+00,7.252789974212646484e+00,1.176762390136718750e+01,8.861428260803222656e+00,9.992516517639160156e+00,1.112454700469970703e+01
9.816569328308105469e+00,7.591529846191406250e+00,8.024287223815917969e+00,3.931261062622070312e+00,8.320048332214355469e+00,8.378013610839843750e+00,7.332286357879638672e+00,1.208273029327392578e+01,9.038343429565429688e+00,1.016240882873535156e+01,1.129395198822021484e+01
9.550724029541015625e+00,7.535887718200683594e+00,8.036165237426757812e+00,4.069581985473632812e+00,8.318173408508300781e+00,8.910047531127929688e+00,7.297111988067626953e+00,1.187882328033447266e+01,8.964540481567382812e+00,1.004109382629394531e+01,1.115002059936523438e+01
1.005166721343994141e+01,7.431549072265625000e+00,7.884190082550048828e+00,3.790799617767333984e+00,8.302938461303710938e+00,7.998269081115722656e+00,7.216976642608642578e+00,1.197359180450439453e+01,8.865696907043457031e+00,1.000374984741210938e+01,1.117053127288818359e+01
9.516308784484863281e+00,7.420825958251953125e+00,8.076817512512207031e+00,4.294073104858398438e+00,8.363340377807617188e+00,8.843806266784667969e+00,7.319896221160888672e+00,1.171788597106933594e+01,9.024884223937988281e+00,9.991615295410156250e+00,1.120094966888427734e+01
9.221850395202636719e+00,7.316568374633789062e+00,7.943875312805175781e+00,4.286275863647460938e+00,8.258375167846679688e+00,9.128928184509277344e+00,7.206136226654052734e+00,1.148208045959472656e+01,8.834574699401855469e+00,9.797594070434570312e+00,1.095843315124511719e+01
9.541672706604003906e+00,7.480253219604492188e+00,7.865969657897949219e+00,4.146551609039306641e+00,8.062863349914550781e+00,8.667568206787109375e+00,7.236342906951904297e+00,1.179192829132080078e+01,8.870199203491210938e+00,1.003830528259277344e+01,1.118684196472167969e+01
9.895461082458496094e+00,7.474381446838378906e+00,8.032210350036621094e+00,3.881724357604980469e+00,8.496903419494628906e+00,8.244274139404296875e+00,7.332300186157226562e+00,1.191994667053222656e+01,9.057349205017089844e+00,1.005967617034912109e+01,1.124916076660156250e+01
9.507193565368652344e+00,7.615365028381347656e+00,7.810690879821777344e+00,3.807482719421386719e+00,7.949228286743164062e+00,7.752811431884765625e+00,7.304185390472412109e+00,1.224866199493408203e+01,8.972353935241699219e+00,1.025998497009277344e+01,1.129972362518310547e+01
9.461474418640136719e+00,7.591633796691894531e+00,7.658851623535156250e+00,3.556274414062500000e+00,7.765246868133544922e+00,7.399106502532958984e+00,7.098659992218017578e+00,1.219660854339599609e+01,8.855536460876464844e+00,1.018291568756103516e+01,1.118162727355957031e+01
9.270575523376464844e+00,7.342361450195312500e+00,7.726437568664550781e+00,3.881566047668457031e+00,8.064095497131347656e+00,7.885932922363281250e+00,7.421398639678955078e+00,1.194174289703369141e+01,8.965720176696777344e+00,1.015460777282714844e+01,1.118889808654785156e+01
9.477529525756835938e+00,7.415670394897460938e+00,7.638896942138671875e+00,3.622099399566650391e+00,7.877704620361328125e+00,7.640535354614257812e+00,7.355277061462402344e+00,1.201985740661621094e+01,8.853593826293945312e+00,1.015466499328613281e+01,1.114263343811035156e+01
9.559969902038574219e+00,7.285052299499511719e+00,7.421112537384033203e+00,3.475210189819335938e+00,7.568941116333007812e+00,7.403878211975097656e+00,7.223627090454101562e+00,1.191297817230224609e+01,8.620486259460449219e+00,1.004794406890869141e+01,1.100109291076660156e+01
9.376072883605957031e+00,7.201609611511230469e+00,7.608806610107421875e+00,3.795020580291748047e+00,7.990627765655517578e+00,7.973644256591796875e+00,7.398063182830810547e+00,1.174215984344482422e+01,8.798944473266601562e+00,1.001932334899902344e+01,1.103500366210937500e+01
9.421971321105957031e+00,7.465907096862792969e+00,7.668354988098144531e+00,3.621997833251953125e+00,7.821054935455322266e+00,7.551111221313476562e+00,7.377732753753662109e+00,1.203542995452880859e+01,8.909947395324707031e+00,1.017625617980957031e+01,1.117352485656738281e+01
9.463120460510253906e+00,7.367781639099121094e+00,7.539877414703369141e+00,3.621445178985595703e+00,7.826950073242187500e+00,7.477918624877929688e+00,7.279257297515869141e+00,1.196006774902343750e+01,8.791161537170410156e+00,1.011384773254394531e+01,1.112484359741210938e+01
9.849245071411132812e+00,7.186749458312988281e+00,7.313239574432373047e+00,3.287269592285156250e+00,7.720561981201171875e+00,7.525237083435058594e+00,7.243853092193603516e+00,1.172246074676513672e+01,8.489369392395019531e+00,9.945673942565917969e+00,1.089439773559570312e+01
9.609291076660156250e+00,7.196654319763183594e+00,7.488115310668945312e+00,3.458682060241699219e+00,7.876376628875732422e+00,7.620256423950195312e+00,7.406746387481689453e+00,1.176863574981689453e+01,8.717192649841308594e+00,1.002802848815917969e+01,1.099232006072998047e+01
9.165978431701660156e+00,7.254711151123046875e+00,7.439045429229736328e+00,3.383456707000732422e+00,8.245415687561035156e+00,7.635832786560058594e+00,7.593079090118408203e+00,1.165883445739746094e+01,8.873148918151855469e+00,1.009444046020507812e+01,1.100972557067871094e+01
9.070755958557128906e+00,7.314959526062011719e+00,7.427895069122314453e+00,3.355929374694824219e+00,8.329575538635253906e+00,7.554389953613281250e+00,7.578995227813720703e+00,1.166828441619873047e+01,8.916598320007324219e+00,1.011023044586181641e+01,1.103233528137207031e+01
9.138011932373046875e+00,7.349894523620605469e+00,7.481619834899902344e+00,3.398603439331054688e+00,8.273834228515625000e+00,7.662180900573730469e+00,7.474246501922607422e+00,1.169182777404785156e+01,8.902703285217285156e+00,1.009780883789062500e+01,1.104218864440917969e+01
9.191641807556152344e+00,7.205446243286132812e+00,7.440869331359863281e+00,3.512284278869628906e+00,8.276946067810058594e+00,7.682126045227050781e+00,7.716371536254882812e+00,1.161765003204345703e+01,8.896972656250000000e+00,1.011494445800781250e+01,1.106494140625000000e+01
9.214188575744628906e+00,7.187413215637207031e+00,7.371155738830566406e+00,3.269407749176025391e+00,8.290835380554199219e+00,7.555982589721679688e+00,7.747261524200439453e+00,1.155530548095703125e+01,8.867439270019531250e+00,1.007739543914794922e+01,1.097057723999023438e+01
9.194410324096679688e+00,7.180012702941894531e+00,7.316174507141113281e+00,3.331377029418945312e+00,8.277429580688476562e+00,7.484438896179199219e+00,7.602121829986572266e+00,1.157534885406494141e+01,8.797654151916503906e+00,1.004783439636230469e+01,1.096412658691406250e+01
9.159465789794921875e+00,7.304323196411132812e+00,7.596683025360107422e+00,3.484765052795410156e+00,8.448142051696777344e+00,7.809071540832519531e+00,7.688404560089111328e+00,1.167657566070556641e+01,9.034162521362304688e+00,1.013591766357421875e+01,1.109118270874023438e+01
9.147096633911132812e+00,7.045809745788574219e+00,7.248178482055664062e+00,3.226021289825439453e+00,8.255125999450683594e+00,7.413771629333496094e+00,7.781164169311523438e+00,1.143765354156494141e+01,8.782549858093261719e+00,1.000193786621093750e+01,1.087162590026855469e+01
9.202523231506347656e+00,7.230482101440429688e+00,7.298840045928955078e+00,3.258204460144042969e+00,8.381857872009277344e+00,7.356217384338378906e+00,7.492591381072998047e+00,1.162535572052001953e+01,8.806956291198730469e+00,1.004488849639892578e+01,1.096972751617431641e+01
9.244316101074218750e+00,7.164464950561523438e+00,7.271159172058105469e+00,3.195613384246826172e+00,8.275423049926757812e+00,7.305016517639160156e+00,7.604691505432128906e+00,1.157207012176513672e+01,8.800259590148925781e+00,1.005129528045654297e+01,1.095037841796875000e+01
9.130236625671386719e+00,7.022659301757812500e+00,7.169719219207763672e+00,3.116867542266845703e+00,7.928977966308593750e+00,7.261038780212402344e+00,7.818008422851562500e+00,1.143903255462646484e+01,8.632973670959472656e+00,9.943478584289550781e+00,1.074397087097167969e+01
9.087162971496582031e+00,7.057719230651855469e+00,7.283878326416015625e+00,3.089453697204589844e+00,8.101729393005371094e+00,7.374435901641845703e+00,7.966154575347900391e+00,1.143346500396728516e+01,8.771422386169433594e+00,9.963912963867187500e+00,1.075956916809082031e+01
8.942276954650878906e+00,7.010258674621582031e+00,7.269222259521484375e+00,3.102980613708496094e+00,8.092164993286132812e+00,7.413214683532714844e+00,7.927145957946777344e+00,1.132735252380371094e+01,8.742490768432617188e+00,9.873082160949707031e+00,1.067212867736816406e+01
9.118310928344726562e+00,7.056120872497558594e+00,7.238845348358154297e+00,3.092525482177734375e+00,7.984315395355224609e+00,7.324505805969238281e+00,7.920809268951416016e+00,1.143144321441650391e+01,8.708468437194824219e+00,9.951251029968261719e+00,1.075109672546386719e+01
9.218699455261230469e+00,7.039057731628417969e+00,7.179762840270996094e+00,3.096125125885009766e+00,7.947002887725830078e+00,7.359041213989257812e+00,7.517632961273193359e+00,1.142208099365234375e+01,8.576619148254394531e+00,9.879356384277343750e+00,1.070809173583984375e+01
9.186667442321777344e+00,7.008751869201660156e+00,7.182171821594238281e+00,3.081878185272216797e+00,7.972023487091064453e+00,7.233409881591796875e+00,7.669594764709472656e+00,1.144718170166015625e+01,8.644151687622070312e+00,9.940622329711914062e+00,1.075057411193847656e+01
8.950901985168457031e+00,6.977332115173339844e+00,7.157833099365234375e+00,3.028487682342529297e+00,8.049421310424804688e+00,7.244859695434570312e+00,7.803032398223876953e+00,1.130446720123291016e+01,8.661371231079101562e+00,9.847393035888671875e+00,1.063958358764648438e+01
9.062759399414062500e+00,6.948283195495605469e+00,7.143416404724121094e+00,3.055851459503173828e+00,7.956376552581787109e+00,7.334735393524169922e+00,7.716159343719482422e+00,1.128005599975585938e+01,8.592125892639160156e+00,9.824996948242187500e+00,1.062208843231201172e+01
9.107715606689453125e+00,6.937757492065429688e+00,7.162795066833496094e+00,3.109563827514648438e+00,7.961726665496826172e+00,7.315320014953613281e+00,7.827253818511962891e+00,1.131919002532958984e+01,8.636089324951171875e+00,9.888833999633789062e+00,1.068942737579345703e+01
9.145279884338378906e+00,6.863411903381347656e+00,7.085472106933593750e+00,3.101466655731201172e+00,7.854024410247802734e+00,7.309267997741699219e+00,7.698637485504150391e+00,1.127072429656982422e+01,8.501791000366210938e+00,9.803881645202636719e+00,1.060287475585937500e+01
9.877266883850097656e+00,7.515578269958496094e+00,7.987342834472656250e+00,4.018851757049560547e+00,8.667904853820800781e+00,8.053254127502441406e+00,7.334479808807373047e+00,1.203721046447753906e+01,9.071698188781738281e+00,1.011098194122314453e+01,1.136204528808593750e+01
9.934381484985351562e+00,7.664963722229003906e+00,8.187244415283203125e+00,4.076977729797363281e+00,8.789416313171386719e+00,8.156966209411621094e+00,7.196788311004638672e+00,1.213503360748291016e+01,9.210059165954589844e+00,1.014209747314453125e+01,1.144975185394287109e+01
9.943849563598632812e+00,7.381931304931640625e+00,7.909793853759765625e+00,3.968361854553222656e+00,8.650413513183593750e+00,7.827701091766357422e+00,7.208528995513916016e+00,1.188484954833984375e+01,8.998305320739746094e+00,9.992924690246582031e+00,1.129148674011230469e+01
1.005187225341796875e+01,7.888347625732421875e+00,8.210692405700683594e+00,4.017856597900390625e+00,8.940662384033203125e+00,8.268003463745117188e+00,7.063365459442138672e+00,1.229860401153564453e+01,9.208847045898437500e+00,1.020794105529785156e+01,1.151904869079589844e+01
1.005552005767822266e+01,7.768996238708496094e+00,8.230383872985839844e+00,4.080595493316650391e+00,8.856148719787597656e+00,8.164822578430175781e+00,7.034916400909423828e+00,1.215871143341064453e+01,9.204039573669433594e+00,1.010981559753417969e+01,1.147431373596191406e+01
1.001718425750732422e+01,7.535310745239257812e+00,7.964573383331298828e+00,4.003781318664550781e+00,8.719742774963378906e+00,7.887679100036621094e+00,7.169590473175048828e+00,1.198554134368896484e+01,9.033820152282714844e+00,1.004215717315673828e+01,1.136988449096679688e+01
1.001866436004638672e+01,7.472305297851562500e+00,7.981040954589843750e+00,3.971461772918701172e+00,8.604098320007324219e+00,7.736955642700195312e+00,7.186890602111816406e+00,1.189587879180908203e+01,9.044668197631835938e+00,9.983720779418945312e+00,1.132956886291503906e+01
9.976062774658203125e+00,7.594944953918457031e+00,8.119061470031738281e+00,3.943901538848876953e+00,8.761054039001464844e+00,8.173383712768554688e+00,7.173686504364013672e+00,1.199255180358886719e+01,9.142195701599121094e+00,1.007298564910888672e+01,1.136090946197509766e+01
1.006052970886230469e+01,7.820527076721191406e+00,8.230404853820800781e+00,4.038457870483398438e+00,8.837584495544433594e+00,8.166439056396484375e+00,6.958394527435302734e+00,1.214952468872070312e+01,9.198268890380859375e+00,1.009922599792480469e+01,1.146744728088378906e+01
9.829588890075683594e+00,7.546355247497558594e+00,8.185476303100585938e+00,4.087450504302978516e+00,8.811539649963378906e+00,8.324956893920898438e+00,7.315826892852783203e+00,1.186897850036621094e+01,9.239323616027832031e+00,1.007467651367187500e+01,1.139033317565917969e+01
9.747473716735839844e+00,7.465574264526367188e+00,7.639168739318847656e+00,3.646504402160644531e+00,8.698617935180664062e+00,7.587209701538085938e+00,7.036414623260498047e+00,1.211917877197265625e+01,8.833401679992675781e+00,1.007268714904785156e+01,1.119071865081787109e+01
9.740107536315917969e+00,7.436035156250000000e+00,7.785906791687011719e+00,3.631994724273681641e+00,8.636126518249511719e+00,7.762445926666259766e+00,7.334349155426025391e+00,1.202546405792236328e+01,9.001214981079101562e+00,1.013195419311523438e+01,1.123149108886718750e+01
9.894097328186035156e+00,7.592099189758300781e+00,7.740497589111328125e+00,3.422348499298095703e+00,8.539601325988769531e+00,7.708821773529052734e+00,7.213119506835937500e+00,1.213619709014892578e+01,8.922355651855468750e+00,1.015910911560058594e+01,1.121609306335449219e+01
9.836127281188964844e+00,7.446035385131835938e+00,7.631106853485107422e+00,3.504601478576660156e+00,8.638913154602050781e+00,7.632707595825195312e+00,7.258383274078369141e+00,1.201616287231445312e+01,8.850655555725097656e+00,1.008355522155761719e+01,1.116295242309570312e+01
9.713647842407226562e+00,7.332365036010742188e+00,7.599011421203613281e+00,3.458121299743652344e+00,8.676484107971191406e+00,7.628125190734863281e+00,7.423296451568603516e+00,1.189675807952880859e+01,8.881577491760253906e+00,1.005850219726562500e+01,1.110141468048095703e+01
9.764988899230957031e+00,7.398491859436035156e+00,7.762163639068603516e+00,3.592815399169921875e+00,8.750965118408203125e+00,7.914297103881835938e+00,7.364286422729492188e+00,1.191396331787109375e+01,8.960426330566406250e+00,1.006452846527099609e+01,1.115687942504882812e+01
9.727145195007324219e+00,7.370082855224609375e+00,7.595317840576171875e+00,3.547061443328857422e+00,8.596253395080566406e+00,7.590666770935058594e+00,7.350831508636474609e+00,1.193224048614501953e+01,8.856617927551269531e+00,1.006964683532714844e+01,1.114420413970947266e+01
9.743569374084472656e+00,7.413674354553222656e+00,7.674921512603759766e+00,3.500119209289550781e+00,8.667742729187011719e+00,7.811300277709960938e+00,7.336988925933837891e+00,1.191883182525634766e+01,8.897465705871582031e+00,1.006350708007812500e+01,1.112196731567382812e+01
9.724810600280761719e+00,7.254801750183105469e+00,7.581266403198242188e+00,3.573297977447509766e+00,8.600883483886718750e+00,7.696511268615722656e+00,7.341674327850341797e+00,1.178554534912109375e+01,8.823458671569824219e+00,9.995709419250488281e+00,1.107988929748535156e+01
9.786149978637695312e+00,7.369202613830566406e+00,7.732714653015136719e+00,3.618064403533935547e+00,8.717749595642089844e+00,7.797307014465332031e+00,7.265075206756591797e+00,1.187283229827880859e+01,8.928151130676269531e+00,1.002541351318359375e+01,1.115301513671875000e+01
9.435322761535644531e+00,7.310406684875488281e+00,7.402178764343261719e+00,3.321350574493408203e+00,8.484434127807617188e+00,7.063040256500244141e+00,7.342863559722900391e+00,1.189096069335937500e+01,8.914969444274902344e+00,1.012967395782470703e+01,1.115763092041015625e+01
9.295966148376464844e+00,7.138721466064453125e+00,7.359004974365234375e+00,3.613934040069580078e+00,8.519001007080078125e+00,7.267879009246826172e+00,7.497019290924072266e+00,1.179416084289550781e+01,8.856966972351074219e+00,1.009212398529052734e+01,1.113470268249511719e+01
9.401370048522949219e+00,7.130669593811035156e+00,7.374686241149902344e+00,3.383883476257324219e+00,8.441257476806640625e+00,7.026828765869140625e+00,7.529326915740966797e+00,1.176275634765625000e+01,8.918066978454589844e+00,1.010095214843750000e+01,1.112460803985595703e+01
9.408377647399902344e+00,7.074306488037109375e+00,7.234907150268554688e+00,3.320259571075439453e+00,8.460636138916015625e+00,6.892665863037109375e+00,7.409093856811523438e+00,1.174182987213134766e+01,8.777071952819824219e+00,1.001850128173828125e+01,1.102844047546386719e+01
9.387032508850097656e+00,7.282261848449707031e+00,7.381568431854248047e+00,3.447628498077392578e+00,8.571924209594726562e+00,7.035180091857910156e+00,7.400074958801269531e+00,1.190531635284423828e+01,8.917935371398925781e+00,1.013834190368652344e+01,1.118964576721191406e+01
9.417828559875488281e+00,7.122587203979492188e+00,7.218786716461181641e+00,3.335183620452880859e+00,8.491002082824707031e+00,7.066728115081787109e+00,7.422590732574462891e+00,1.168051624298095703e+01,8.766428947448730469e+00,1.001911735534667969e+01,1.104214000701904297e+01
9.489278793334960938e+00,7.036825180053710938e+00,7.215601444244384766e+00,3.224379062652587891e+00,8.539725303649902344e+00,6.922726631164550781e+00,7.505328178405761719e+00,1.162868309020996094e+01,8.789795875549316406e+00,9.988458633422851562e+00,1.099992465972900391e+01
9.432984352111816406e+00,7.035430908203125000e+00,7.287780284881591797e+00,3.321353912353515625e+00,8.512104034423828125e+00,7.077586174011230469e+00,7.534831047058105469e+00,1.163100528717041016e+01,8.831704139709472656e+00,1.000692367553710938e+01,1.101914405822753906e+01
9.389260292053222656e+00,6.993567466735839844e+00,7.218348503112792969e+00,3.254920005798339844e+00,8.466136932373046875e+00,6.990686416625976562e+00,7.638269901275634766e+00,1.161794185638427734e+01,8.794655799865722656e+00,1.000924396514892578e+01,1.097269058227539062e+01
9.430420875549316406e+00,7.096292495727539062e+00,7.178058624267578125e+00,3.216095924377441406e+00,8.531342506408691406e+00,6.834595680236816406e+00,7.415097236633300781e+00,1.169696044921875000e+01,8.768383979797363281e+00,1.000222492218017578e+01,1.100847625732421875e+01
9.554858207702636719e+00,7.461277961730957031e+00,7.638316154479980469e+00,3.697788715362548828e+00,8.467871665954589844e+00,7.561631202697753906e+00,7.404614448547363281e+00,1.221885204315185547e+01,8.923770904541015625e+00,1.023608779907226562e+01,1.127877902984619141e+01
9.570562362670898438e+00,7.400171279907226562e+00,7.475134849548339844e+00,3.348516941070556641e+00,8.280438423156738281e+00,7.307507991790771484e+00,7.385525226593017578e+00,1.208523654937744141e+01,8.807707786560058594e+00,1.015239143371582031e+01,1.111670589447021484e+01
9.531466484069824219e+00,7.285789489746093750e+00,7.651660919189453125e+00,3.609049320220947266e+00,8.419176101684570312e+00,7.741869926452636719e+00,7.499681472778320312e+00,1.197130107879638672e+01,8.933203697204589844e+00,1.014281177520751953e+01,1.115129470825195312e+01
9.491648674011230469e+00,7.243579864501953125e+00,7.512356758117675781e+00,3.591478824615478516e+00,8.404393196105957031e+00,7.478757381439208984e+00,7.408854961395263672e+00,1.196605300903320312e+01,8.845292091369628906e+00,1.011593246459960938e+01,1.113356113433837891e+01
9.513159751892089844e+00,7.423462867736816406e+00,7.765764236450195312e+00,3.670757770538330078e+00,8.521669387817382812e+00,7.774617195129394531e+00,7.408939838409423828e+00,1.206535911560058594e+01,9.038674354553222656e+00,1.019389152526855469e+01,1.124301147460937500e+01
9.681580543518066406e+00,7.355870246887207031e+00,7.511211395263671875e+00,3.356426239013671875e+00,8.269139289855957031e+00,7.391022682189941406e+00,7.317805767059326172e+00,1.201538181304931641e+01,8.801480293273925781e+00,1.011148166656494141e+01,1.110111236572265625e+01
9.482923507690429688e+00,7.401074409484863281e+00,7.653637886047363281e+00,3.540492057800292969e+00,8.454398155212402344e+00,7.533786773681640625e+00,7.256331920623779297e+00,1.203418350219726562e+01,8.964900970458984375e+00,1.014788627624511719e+01,1.118544006347656250e+01
9.476649284362792969e+00,7.167400360107421875e+00,7.280339717864990234e+00,3.317073345184326172e+00,8.162087440490722656e+00,7.009368419647216797e+00,7.340783119201660156e+00,1.186112499237060547e+01,8.707067489624023438e+00,1.005964088439941406e+01,1.102883052825927734e+01
9.572445869445800781e+00,7.291259765625000000e+00,7.414195060729980469e+00,3.315577983856201172e+00,8.232983589172363281e+00,7.229740142822265625e+00,7.293287754058837891e+00,1.193505382537841797e+01,8.770964622497558594e+00,1.008424472808837891e+01,1.106455230712890625e+01
9.560319900512695312e+00,7.471692085266113281e+00,7.470911026000976562e+00,3.307880878448486328e+00,8.497479438781738281e+00,7.179498672485351562e+00,7.274446964263916016e+00,1.210518932342529297e+01,8.863917350769042969e+00,1.015895462036132812e+01,1.115860939025878906e+01
9.680763244628906250e+00,7.223583221435546875e+00,7.214935302734375000e+00,3.223724365234375000e+00,7.532944202423095703e+00,7.266349792480468750e+00,7.293706417083740234e+00,1.178074264526367188e+01,8.473144531250000000e+00,1.002449893951416016e+01,1.092139244079589844e+01
9.394807815551757812e+00,7.034738540649414062e+00,7.299354553222656250e+00,3.639257431030273438e+00,7.632589817047119141e+00,7.791262626647949219e+00,7.377723217010498047e+00,1.154424381256103516e+01,8.501475334167480469e+00,9.916148185729980469e+00,1.087095642089843750e+01
9.476256370544433594e+00,6.939531326293945312e+00,7.024507999420166016e+00,3.276769638061523438e+00,7.447575092315673828e+00,7.540398120880126953e+00,7.249244213104248047e+00,1.137600040435791016e+01,8.230991363525390625e+00,9.756685256958007812e+00,1.063245964050292969e+01
9.360928535461425781e+00,6.949041366577148438e+00,7.295253753662109375e+00,3.620842933654785156e+00,7.655600070953369141e+00,7.839266300201416016e+00,7.480254650115966797e+00,1.140871334075927734e+01,8.507843017578125000e+00,9.863214492797851562e+00,1.081361484527587891e+01
9.376851081848144531e+00,6.958106994628906250e+00,7.170410156250000000e+00,3.429774761199951172e+00,7.685266494750976562e+00,7.580857753753662109e+00,7.429866313934326172e+00,1.140223979949951172e+01,8.452139854431152344e+00,9.860832214355468750e+00,1.077830123901367188e+01
9.586651802062988281e+00,6.915321350097656250e+00,6.958055496215820312e+00,3.086074829101562500e+00,7.561361789703369141e+00,7.078838348388671875e+00,7.398511409759521484e+00,1.141318416595458984e+01,8.320750236511230469e+00,9.853927612304687500e+00,1.071920776367187500e+01
9.414045333862304688e+00,6.866950035095214844e+00,7.029461383819580078e+00,3.287363052368164062e+00,7.665395736694335938e+00,7.027631759643554688e+00,7.573523044586181641e+00,1.139278507232666016e+01,8.480364799499511719e+00,9.922411918640136719e+00,1.083155441284179688e+01
9.325739860534667969e+00,6.745680809020996094e+00,6.882264137268066406e+00,3.204235553741455078e+00,7.534513950347900391e+00,7.130814552307128906e+00,7.485739707946777344e+00,1.119534397125244141e+01,8.279207229614257812e+00,9.759309768676757812e+00,1.061823844909667969e+01
9.391328811645507812e+00,6.939956665039062500e+00,7.169680118560791016e+00,3.432053565979003906e+00,7.692082881927490234e+00,7.493570804595947266e+00,7.393669128417968750e+00,1.137008476257324219e+01,8.480886459350585938e+00,9.848974227905273438e+00,1.079710960388183594e+01
9.441555023193359375e+00,6.875567436218261719e+00,7.126688480377197266e+00,3.305455684661865234e+00,7.750252723693847656e+00,7.415379047393798828e+00,7.403448581695556641e+00,1.132125759124755859e+01,8.452765464782714844e+00,9.808174133300781250e+00,1.073251628875732422e+01
9.163977622985839844e+00,7.241942405700683594e+00,7.665540695190429688e+00,3.658287525177001953e+00,8.619935035705566406e+00,7.903853416442871094e+00,7.655012607574462891e+00,1.177577018737792969e+01,9.044062614440917969e+00,1.011369705200195312e+01,1.109954261779785156e+01
9.214690208435058594e+00,7.057713508605957031e+00,7.664651870727539062e+00,3.712419986724853516e+00,8.806191444396972656e+00,7.897679328918457031e+00,7.836541175842285156e+00,1.164300060272216797e+01,9.080130577087402344e+00,1.006175994873046875e+01,1.107562637329101562e+01
9.322188377380371094e+00,6.914662361145019531e+00,7.724938392639160156e+00,3.815090656280517578e+00,8.832791328430175781e+00,7.980309009552001953e+00,7.901171207427978516e+00,1.148651409149169922e+01,9.093952178955078125e+00,9.977143287658691406e+00,1.105487823486328125e+01
9.365956306457519531e+00,7.029559135437011719e+00,7.504003524780273438e+00,3.533623218536376953e+00,8.643960952758789062e+00,7.661271572113037109e+00,7.630341053009033203e+00,1.164012813568115234e+01,8.892710685729980469e+00,9.984846115112304688e+00,1.097884750366210938e+01
9.193460464477539062e+00,7.216984748840332031e+00,7.746040821075439453e+00,3.751429080963134766e+00,8.744220733642578125e+00,8.047385215759277344e+00,7.641653060913085938e+00,1.169618511199951172e+01,9.093337059020996094e+00,1.006941604614257812e+01,1.110799217224121094e+01
9.260839462280273438e+00,7.152407646179199219e+00,7.746525764465332031e+00,3.709156036376953125e+00,8.754712104797363281e+00,8.055302619934082031e+00,7.784109592437744141e+00,1.162673854827880859e+01,9.097025871276855469e+00,1.004544830322265625e+01,1.107645702362060547e+01
9.305582046508789062e+00,6.904137611389160156e+00,7.433016300201416016e+00,3.556775569915771484e+00,8.838620185852050781e+00,7.640337944030761719e+00,7.542825222015380859e+00,1.147603702545166016e+01,8.831172943115234375e+00,9.841733932495117188e+00,1.087175846099853516e+01
9.299694061279296875e+00,6.996164321899414062e+00,7.578770637512207031e+00,3.560014724731445312e+00,8.778340339660644531e+00,7.794956207275390625e+00,7.847632884979248047e+00,1.152799510955810547e+01,9.001748085021972656e+00,9.978226661682128906e+00,1.097786808013916016e+01
9.415651321411132812e+00,6.798295021057128906e+00,7.401401519775390625e+00,3.529585361480712891e+00,8.612084388732910156e+00,7.563129425048828125e+00,7.561084270477294922e+00,1.136963748931884766e+01,8.773877143859863281e+00,9.799759864807128906e+00,1.083944129943847656e+01
9.246685981750488281e+00,7.228244781494140625e+00,7.743194103240966797e+00,3.620794773101806641e+00,8.803561210632324219e+00,7.970175743103027344e+00,7.650080680847167969e+00,1.166840457916259766e+01,9.107192039489746094e+00,1.004428386688232422e+01,1.107270622253417969e+01
9.330529212951660156e+00,8.052744865417480469e+00,8.377809524536132812e+00,4.996527671813964844e+00,8.417640686035156250e+00,8.867100715637207031e+00,7.884895801544189453e+00,1.242130851745605469e+01,9.364253044128417969e+00,1.045053291320800781e+01,1.175122165679931641e+01
9.305901527404785156e+00,8.125815391540527344e+00,8.401479721069335938e+00,5.030981063842773438e+00,8.593233108520507812e+00,9.006122589111328125e+00,7.956558704376220703e+00,1.246442127227783203e+01,9.405064582824707031e+00,1.051231193542480469e+01,1.181551742553710938e+01
9.348451614379882812e+00,8.055405616760253906e+00,8.357390403747558594e+00,4.987920284271240234e+00,8.612554550170898438e+00,8.938568115234375000e+00,7.948903083801269531e+00,1.243909645080566406e+01,9.365673065185546875e+00,1.048969268798828125e+01,1.178702926635742188e+01
9.284266471862792969e+00,8.045574188232421875e+00,8.329734802246093750e+00,4.935574054718017578e+00,8.651770591735839844e+00,8.889657020568847656e+00,7.952955245971679688e+00,1.243089962005615234e+01,9.373653411865234375e+00,1.047367858886718750e+01,1.175768947601318359e+01
9.326557159423828125e+00,8.030599594116210938e+00,8.281996726989746094e+00,4.825521469116210938e+00,8.660875320434570312e+00,8.853818893432617188e+00,7.909457206726074219e+00,1.245351791381835938e+01,9.329368591308593750e+00,1.047860431671142578e+01,1.171860980987548828e+01
9.198479652404785156e+00,8.011575698852539062e+00,8.338624000549316406e+00,4.832470417022705078e+00,8.668944358825683594e+00,8.942138671875000000e+00,8.149474143981933594e+00,1.235624790191650391e+01,9.390365600585937500e+00,1.044235801696777344e+01,1.167127990722656250e+01
9.221036911010742188e+00,8.066266059875488281e+00,8.403694152832031250e+00,4.959860801696777344e+00,8.716253280639648438e+00,9.025293350219726562e+00,7.969781398773193359e+00,1.239833545684814453e+01,9.461383819580078125e+00,1.050717449188232422e+01,1.179946136474609375e+01
9.278006553649902344e+00,8.032343864440917969e+00,8.421366691589355469e+00,4.897174835205078125e+00,8.750645637512207031e+00,8.972346305847167969e+00,7.883335590362548828e+00,1.241263198852539062e+01,9.466277122497558594e+00,1.048218536376953125e+01,1.176487922668457031e+01
9.288653373718261719e+00,7.999264717102050781e+00,8.437374114990234375e+00,4.959633350372314453e+00,8.762648582458496094e+00,8.976607322692871094e+00,7.977184772491455078e+00,1.239510726928710938e+01,9.492798805236816406e+00,1.050891590118408203e+01,1.181920242309570312e+01
9.207218170166015625e+00,7.982357025146484375e+00,8.433564186096191406e+00,4.905008792877197266e+00,8.740892410278320312e+00,9.087916374206542969e+00,8.147051811218261719e+00,1.231337165832519531e+01,9.482623100280761719e+00,1.048004913330078125e+01,1.174736309051513672e+01
9.616853713989257812e+00,7.503117561340332031e+00,7.952192306518554688e+00,4.083114147186279297e+00,8.146389961242675781e+00,8.416278839111328125e+00,7.275973320007324219e+00,1.191176128387451172e+01,8.975828170776367188e+00,1.007404518127441406e+01,1.122753810882568359e+01
9.535923004150390625e+00,7.293544769287109375e+00,7.794086933135986328e+00,4.063592910766601562e+00,7.887969017028808594e+00,8.108552932739257812e+00,7.248464584350585938e+00,1.173626995086669922e+01,8.851780891418457031e+00,9.953035354614257812e+00,1.110361862182617188e+01
9.727879524230957031e+00,7.434731483459472656e+00,7.855312347412109375e+00,3.882006168365478516e+00,8.060269355773925781e+00,8.023800849914550781e+00,7.117640972137451172e+00,1.188198852539062500e+01,8.905316352844238281e+00,9.984659194946289062e+00,1.114714813232421875e+01
9.518986701965332031e+00,7.163724899291992188e+00,7.706762313842773438e+00,3.870372295379638672e+00,8.036115646362304688e+00,8.112474441528320312e+00,7.382732868194580078e+00,1.164474964141845703e+01,8.823406219482421875e+00,9.943393707275390625e+00,1.102070522308349609e+01
9.169245719909667969e+00,7.242767333984375000e+00,7.928977966308593750e+00,4.254780769348144531e+00,8.338622093200683594e+00,8.568112373352050781e+00,7.507841110229492188e+00,1.161608409881591797e+01,9.024855613708496094e+00,9.976797103881835938e+00,1.111193466186523438e+01
9.260586738586425781e+00,7.287627220153808594e+00,7.805647373199462891e+00,4.123657703399658203e+00,8.281723976135253906e+00,8.307704925537109375e+00,7.369550704956054688e+00,1.177365303039550781e+01,8.934828758239746094e+00,1.003667545318603516e+01,1.113748741149902344e+01
9.184193611145019531e+00,7.180180549621582031e+00,7.770607471466064453e+00,4.129715442657470703e+00,8.230134010314941406e+00,8.325069427490234375e+00,7.467132568359375000e+00,1.165393257141113281e+01,8.902837753295898438e+00,9.979265213012695312e+00,1.106501865386962891e+01
9.265131950378417969e+00,7.229102134704589844e+00,7.952150344848632812e+00,4.158548831939697266e+00,8.366178512573242188e+00,8.457426071166992188e+00,7.640888690948486328e+00,1.169289493560791016e+01,9.092658996582031250e+00,1.006688308715820312e+01,1.117934036254882812e+01
9.098750114440917969e+00,7.378267288208007812e+00,7.887161254882812500e+00,4.049249649047851562e+00,8.613333702087402344e+00,8.393240928649902344e+00,7.574831962585449219e+00,1.180381679534912109e+01,9.108430862426757812e+00,1.010537815093994141e+01,1.118872642517089844e+01
9.509131431579589844e+00,7.247906684875488281e+00,7.763699531555175781e+00,3.881951332092285156e+00,8.180920600891113281e+00,7.955178260803222656e+00,7.262466907501220703e+00,1.176627445220947266e+01,8.922867774963378906e+00,1.000874137878417969e+01,1.112499809265136719e+01
9.307538986206054688e+00,6.765604019165039062e+00,6.759833335876464844e+00,3.173448562622070312e+00,8.736620903015136719e+00,6.467407703399658203e+00,7.284697055816650391e+00,1.143168640136718750e+01,8.399852752685546875e+00,9.692343711853027344e+00,1.067430782318115234e+01
9.237765312194824219e+00,6.636718750000000000e+00,6.831027984619140625e+00,3.162527084350585938e+00,8.712207794189453125e+00,6.798840045928955078e+00,7.553704261779785156e+00,1.120682048797607422e+01,8.464111328125000000e+00,9.661630630493164062e+00,1.059861660003662109e+01
9.318039894104003906e+00,6.830946922302246094e+00,6.631697177886962891e+00,2.816453456878662109e+00,8.600888252258300781e+00,5.968378543853759766e+00,7.427365779876708984e+00,1.147458934783935547e+01,8.421436309814453125e+00,9.765739440917968750e+00,1.066086769104003906e+01
9.253540039062500000e+00,6.745438575744628906e+00,6.725687026977539062e+00,3.028414249420166016e+00,8.610277175903320312e+00,6.637119770050048828e+00,7.390074253082275391e+00,1.129691028594970703e+01,8.366640090942382812e+00,9.671567916870117188e+00,1.057668304443359375e+01
9.393681526184082031e+00,6.658183097839355469e+00,6.647168159484863281e+00,2.877430438995361328e+00,8.615569114685058594e+00,6.307960987091064453e+00,7.386183738708496094e+00,1.121966171264648438e+01,8.342288970947265625e+00,9.612298965454101562e+00,1.053557872772216797e+01
9.351374626159667969e+00,6.758571624755859375e+00,6.750366210937500000e+00,3.002210140228271484e+00,8.725424766540527344e+00,6.606307506561279297e+00,7.254961490631103516e+00,1.131767559051513672e+01,8.349643707275390625e+00,9.605746269226074219e+00,1.054476547241210938e+01
9.416293144226074219e+00,6.841368675231933594e+00,6.833395481109619141e+00,2.968373775482177734e+00,8.555328369140625000e+00,6.703659057617187500e+00,7.357468128204345703e+00,1.134515094757080078e+01,8.434461593627929688e+00,9.714657783508300781e+00,1.064274501800537109e+01
9.340296745300292969e+00,6.791540145874023438e+00,6.845729827880859375e+00,3.013329029083251953e+00,8.695526123046875000e+00,6.742350101470947266e+00,7.376167774200439453e+00,1.129018688201904297e+01,8.455377578735351562e+00,9.669281005859375000e+00,1.060538959503173828e+01
9.282709121704101562e+00,6.738089561462402344e+00,6.435505390167236328e+00,2.752326965332031250e+00,9.035559654235839844e+00,6.052548408508300781e+00,7.293958187103271484e+00,1.124249935150146484e+01,8.223102569580078125e+00,9.487751007080078125e+00,1.038500022888183594e+01
9.447342872619628906e+00,6.721035957336425781e+00,6.749804496765136719e+00,2.865994930267333984e+00,8.851394653320312500e+00,6.361239433288574219e+00,7.416162490844726562e+00,1.122247219085693359e+01,8.453660964965820312e+00,9.605030059814453125e+00,1.056218624114990234e+01
9.586935997009277344e+00,7.412331581115722656e+00,7.527049541473388672e+00,3.357898712158203125e+00,8.528106689453125000e+00,7.351989269256591797e+00,7.283079624176025391e+00,1.207612133026123047e+01,8.856871604919433594e+00,1.011281776428222656e+01,1.111218070983886719e+01
9.317622184753417969e+00,7.330933570861816406e+00,7.511581420898437500e+00,3.440292358398437500e+00,8.597634315490722656e+00,7.477716445922851562e+00,7.408576488494873047e+00,1.193819618225097656e+01,8.894738197326660156e+00,1.007826805114746094e+01,1.105759334564208984e+01
9.633202552795410156e+00,7.256348609924316406e+00,7.340954780578613281e+00,3.208577156066894531e+00,8.402364730834960938e+00,7.105303764343261719e+00,7.342662334442138672e+00,1.193433284759521484e+01,8.720868110656738281e+00,1.003244209289550781e+01,1.099804115295410156e+01
9.749794006347656250e+00,7.265938758850097656e+00,7.251679420471191406e+00,3.052232742309570312e+00,8.331307411193847656e+00,6.851291179656982422e+00,7.287436962127685547e+00,1.195341205596923828e+01,8.645455360412597656e+00,1.000979709625244141e+01,1.096434402465820312e+01
9.475069999694824219e+00,7.218034744262695312e+00,7.503283500671386719e+00,3.440570354461669922e+00,8.607794761657714844e+00,7.569224357604980469e+00,7.458040237426757812e+00,1.185814094543457031e+01,8.833383560180664062e+00,1.000820922851562500e+01,1.099765968322753906e+01
9.526442527770996094e+00,7.285690307617187500e+00,7.587103843688964844e+00,3.505608558654785156e+00,8.707125663757324219e+00,7.481356143951416016e+00,7.195393562316894531e+00,1.192594337463378906e+01,8.902039527893066406e+00,1.001387023925781250e+01,1.107996749877929688e+01
9.612078666687011719e+00,7.262377738952636719e+00,7.276367187500000000e+00,3.143685340881347656e+00,8.486800193786621094e+00,6.849082946777343750e+00,7.314901828765869141e+00,1.199593544006347656e+01,8.707015037536621094e+00,1.002948665618896484e+01,1.099355220794677734e+01
9.508673667907714844e+00,7.257379531860351562e+00,7.292178153991699219e+00,3.163342475891113281e+00,8.472738265991210938e+00,6.886928081512451172e+00,7.378250598907470703e+00,1.192361927032470703e+01,8.774313926696777344e+00,1.005382537841796875e+01,1.101636028289794922e+01
9.336791992187500000e+00,7.087231636047363281e+00,7.387117862701416016e+00,3.389307022094726562e+00,8.669331550598144531e+00,7.296209335327148438e+00,7.543766498565673828e+00,1.174141597747802734e+01,8.845860481262207031e+00,9.986326217651367188e+00,1.096105003356933594e+01
9.485663414001464844e+00,7.189007759094238281e+00,7.274548530578613281e+00,3.271712779998779297e+00,8.591492652893066406e+00,6.955268383026123047e+00,7.293434619903564453e+00,1.188771629333496094e+01,8.734584808349609375e+00,9.995757102966308594e+00,1.098720359802246094e+01
9.620105743408203125e+00,7.578104972839355469e+00,7.865180969238281250e+00,3.999566555023193359e+00,7.667152881622314453e+00,8.063426971435546875e+00,7.785705566406250000e+00,1.221067523956298828e+01,8.843962669372558594e+00,1.007429599761962891e+01,1.107889461517333984e+01
9.620585441589355469e+00,7.644964218139648438e+00,8.005453109741210938e+00,4.065382003784179688e+00,7.911466121673583984e+00,8.341457366943359375e+00,7.633771419525146484e+00,1.226732063293457031e+01,9.007452011108398438e+00,1.021205425262451172e+01,1.125142860412597656e+01
9.518847465515136719e+00,7.623812675476074219e+00,7.905261993408203125e+00,3.920729160308837891e+00,7.851483821868896484e+00,8.074907302856445312e+00,7.605437755584716797e+00,1.223582363128662109e+01,8.962660789489746094e+00,1.018261718750000000e+01,1.119148445129394531e+01
9.658743858337402344e+00,7.617823600769042969e+00,8.038507461547851562e+00,4.083039283752441406e+00,8.062058448791503906e+00,8.316392898559570312e+00,7.539403438568115234e+00,1.228139305114746094e+01,9.045128822326660156e+00,1.023244571685791016e+01,1.130015277862548828e+01
9.716198921203613281e+00,7.501438140869140625e+00,7.951148033142089844e+00,3.939930438995361328e+00,7.856315135955810547e+00,8.078713417053222656e+00,7.523147106170654297e+00,1.220409393310546875e+01,8.947796821594238281e+00,1.014173793792724609e+01,1.117990493774414062e+01
9.594930648803710938e+00,7.545774459838867188e+00,7.843177795410156250e+00,3.856170654296875000e+00,7.988525867462158203e+00,8.121601104736328125e+00,7.561388492584228516e+00,1.215778923034667969e+01,8.894684791564941406e+00,1.013338470458984375e+01,1.114264869689941406e+01
9.539569854736328125e+00,7.576799392700195312e+00,7.911732673645019531e+00,3.944267749786376953e+00,8.147742271423339844e+00,8.245624542236328125e+00,7.459100246429443359e+00,1.219216823577880859e+01,8.970540046691894531e+00,1.017709827423095703e+01,1.121463775634765625e+01
9.545552253723144531e+00,7.492930412292480469e+00,7.821205615997314453e+00,3.950436115264892578e+00,7.797010898590087891e+00,8.066046714782714844e+00,7.545627593994140625e+00,1.210042572021484375e+01,8.852726936340332031e+00,1.008938980102539062e+01,1.111004066467285156e+01
9.651462554931640625e+00,7.700409889221191406e+00,8.136206626892089844e+00,4.163414478302001953e+00,8.212214469909667969e+00,8.650914192199707031e+00,7.428839206695556641e+00,1.225508022308349609e+01,9.114222526550292969e+00,1.025826740264892578e+01,1.135920524597167969e+01
9.508423805236816406e+00,7.282814025878906250e+00,7.663452148437500000e+00,3.768974781036376953e+00,7.708283424377441406e+00,7.855508804321289062e+00,7.712873935699462891e+00,1.196073532104492188e+01,8.774840354919433594e+00,1.004851245880126953e+01,1.100653266906738281e+01
9.436321258544921875e+00,6.857209205627441406e+00,7.603757858276367188e+00,3.924206733703613281e+00,8.186429977416992188e+00,7.350546836853027344e+00,8.239706993103027344e+00,1.147901058197021484e+01,8.818881034851074219e+00,9.761708259582519531e+00,1.089099693298339844e+01
9.561797142028808594e+00,6.819708824157714844e+00,7.521787643432617188e+00,3.779760360717773438e+00,8.079445838928222656e+00,7.253398895263671875e+00,8.052731513977050781e+00,1.142468070983886719e+01,8.719195365905761719e+00,9.701210975646972656e+00,1.082134628295898438e+01
9.568166732788085938e+00,6.906542778015136719e+00,7.634726524353027344e+00,3.728968143463134766e+00,8.255166053771972656e+00,7.499073982238769531e+00,8.277146339416503906e+00,1.147959899902343750e+01,8.885506629943847656e+00,9.824563980102539062e+00,1.090269947052001953e+01
9.555090904235839844e+00,6.907541275024414062e+00,7.601864337921142578e+00,3.892514705657958984e+00,8.096763610839843750e+00,7.378479957580566406e+00,7.905422687530517578e+00,1.151344585418701172e+01,8.758856773376464844e+00,9.754474639892578125e+00,1.090312576293945312e+01
9.501566886901855469e+00,6.881758689880371094e+00,7.548102378845214844e+00,3.784138202667236328e+00,8.170722961425781250e+00,7.387445926666259766e+00,8.224352836608886719e+00,1.143627834320068359e+01,8.776903152465820312e+00,9.749965667724609375e+00,1.084509849548339844e+01
9.717866897583007812e+00,7.059336662292480469e+00,7.688992023468017578e+00,3.787385463714599609e+00,8.222792625427246094e+00,7.554018020629882812e+00,7.844304084777832031e+00,1.162507534027099609e+01,8.856571197509765625e+00,9.869937896728515625e+00,1.100884628295898438e+01
9.545195579528808594e+00,7.022245407104492188e+00,7.627782344818115234e+00,3.750494003295898438e+00,8.366824150085449219e+00,7.360091686248779297e+00,8.471726417541503906e+00,1.159850788116455078e+01,8.866646766662597656e+00,9.792406082153320312e+00,1.087588596343994141e+01
9.505427360534667969e+00,6.863296508789062500e+00,7.627571105957031250e+00,3.857900142669677734e+00,8.301826477050781250e+00,7.429598808288574219e+00,8.120156288146972656e+00,1.141526603698730469e+01,8.855835914611816406e+00,9.755446434020996094e+00,1.090419960021972656e+01
9.611975669860839844e+00,7.072068214416503906e+00,7.785619735717773438e+00,3.776105880737304688e+00,8.271453857421875000e+00,7.692096710205078125e+00,8.214180946350097656e+00,1.162650966644287109e+01,8.985751152038574219e+00,9.911109924316406250e+00,1.099767303466796875e+01
9.736409187316894531e+00,7.119020462036132812e+00,7.779870033264160156e+00,3.638028144836425781e+00,8.369679450988769531e+00,7.646355628967285156e+00,8.246838569641113281e+00,1.166422176361083984e+01,9.015733718872070312e+00,9.948329925537109375e+00,1.102341842651367188e+01
9.546998023986816406e+00,7.272903442382812500e+00,7.852764606475830078e+00,4.033747196197509766e+00,8.656759262084960938e+00,7.843537330627441406e+00,8.168536186218261719e+00,1.188750743865966797e+01,9.025414466857910156e+00,9.986722946166992188e+00,1.113261032104492188e+01
9.478043556213378906e+00,7.232105255126953125e+00,7.811503410339355469e+00,4.019939899444580078e+00,8.678877830505371094e+00,7.823719024658203125e+00,8.161065101623535156e+00,1.182050514221191406e+01,9.006032943725585938e+00,9.953548431396484375e+00,1.109532451629638672e+01
9.697809219360351562e+00,7.267532348632812500e+00,7.831922531127929688e+00,3.732922554016113281e+00,8.662873268127441406e+00,7.810556411743164062e+00,8.142211914062500000e+00,1.187581729888916016e+01,9.058774948120117188e+00,1.003116798400878906e+01,1.111540603637695312e+01
9.607043266296386719e+00,7.283831596374511719e+00,7.965430736541748047e+00,3.983107089996337891e+00,8.658905982971191406e+00,8.124502182006835938e+00,7.936089515686035156e+00,1.182306003570556641e+01,9.129796028137207031e+00,1.005497741699218750e+01,1.120437335968017578e+01
9.779631614685058594e+00,7.480256080627441406e+00,8.072485923767089844e+00,3.952819347381591797e+00,8.573036193847656250e+00,8.252462387084960938e+00,7.802489757537841797e+00,1.198057270050048828e+01,9.129132270812988281e+00,1.008625793457031250e+01,1.123804759979248047e+01
9.586824417114257812e+00,7.236536026000976562e+00,7.913001060485839844e+00,3.905936717987060547e+00,8.702996253967285156e+00,8.067441940307617188e+00,8.063755989074707031e+00,1.176001834869384766e+01,9.096407890319824219e+00,9.992529869079589844e+00,1.111986827850341797e+01
9.631458282470703125e+00,7.382937431335449219e+00,7.934207916259765625e+00,3.795127868652343750e+00,8.682829856872558594e+00,8.022202491760253906e+00,8.026705741882324219e+00,1.191007328033447266e+01,9.117177009582519531e+00,1.005619621276855469e+01,1.115103530883789062e+01
9.624836921691894531e+00,7.239810943603515625e+00,7.877181529998779297e+00,4.005304336547851562e+00,8.512173652648925781e+00,7.960013389587402344e+00,7.778051853179931641e+00,1.176036167144775391e+01,8.997212409973144531e+00,9.952696800231933594e+00,1.113213443756103516e+01
9.706908226013183594e+00,7.328359603881835938e+00,8.016038894653320312e+00,3.883419036865234375e+00,8.717867851257324219e+00,8.104330062866210938e+00,7.850569248199462891e+00,1.183851528167724609e+01,9.167558670043945312e+00,1.004730319976806641e+01,1.120845890045166016e+01
9.660171508789062500e+00,7.330241203308105469e+00,8.003129005432128906e+00,3.985552787780761719e+00,8.596061706542968750e+00,8.119817733764648438e+00,7.826890468597412109e+00,1.183119010925292969e+01,9.123541831970214844e+00,1.003442859649658203e+01,1.120699691772460938e+01
9.834110260009765625e+00,7.298514366149902344e+00,7.757168292999267578e+00,3.889861106872558594e+00,8.510207176208496094e+00,7.545820236206054688e+00,8.710467338562011719e+00,1.199934196472167969e+01,8.880726814270019531e+00,9.913700103759765625e+00,1.099084091186523438e+01
9.826811790466308594e+00,7.420058250427246094e+00,7.779523849487304688e+00,3.726653575897216797e+00,8.385212898254394531e+00,7.663957595825195312e+00,8.709718704223632812e+00,1.202582454681396484e+01,8.865956306457519531e+00,9.910482406616210938e+00,1.091250610351562500e+01
9.919327735900878906e+00,7.464656829833984375e+00,7.679059982299804688e+00,3.480247020721435547e+00,8.423308372497558594e+00,7.459270954132080078e+00,8.958854675292968750e+00,1.206819629669189453e+01,8.825171470642089844e+00,9.901618957519531250e+00,1.084092521667480469e+01
9.994198799133300781e+00,7.461111068725585938e+00,7.704125404357910156e+00,3.399559974670410156e+00,8.441299438476562500e+00,7.505774497985839844e+00,8.815076828002929688e+00,1.203273677825927734e+01,8.845992088317871094e+00,9.903406143188476562e+00,1.085199165344238281e+01
9.949690818786621094e+00,7.369191169738769531e+00,7.688761234283447266e+00,3.305904388427734375e+00,8.481190681457519531e+00,7.502076148986816406e+00,8.768829345703125000e+00,1.197670364379882812e+01,8.925869941711425781e+00,9.986610412597656250e+00,1.090684032440185547e+01
9.970821380615234375e+00,7.257956504821777344e+00,7.535461425781250000e+00,3.157718181610107422e+00,8.288399696350097656e+00,7.166575908660888672e+00,8.685129165649414062e+00,1.190380954742431641e+01,8.815281867980957031e+00,9.939855575561523438e+00,1.083785629272460938e+01
9.965553283691406250e+00,7.009798049926757812e+00,7.257470130920410156e+00,3.040961265563964844e+00,8.065428733825683594e+00,6.678637504577636719e+00,8.543956756591796875e+00,1.176506710052490234e+01,8.608269691467285156e+00,9.850711822509765625e+00,1.073404693603515625e+01
9.767219543457031250e+00,7.119178771972656250e+00,7.493870258331298828e+00,3.336629390716552734e+00,8.265777587890625000e+00,7.130731582641601562e+00,8.481633186340332031e+00,1.184095096588134766e+01,8.811128616333007812e+00,9.967967987060546875e+00,1.089256954193115234e+01
9.760521888732910156e+00,7.119421958923339844e+00,7.477820396423339844e+00,3.292433261871337891e+00,8.218377113342285156e+00,7.158397197723388672e+00,8.520649909973144531e+00,1.181142520904541016e+01,8.781263351440429688e+00,9.931829452514648438e+00,1.083676910400390625e+01
9.840432167053222656e+00,7.133114814758300781e+00,7.353846549987792969e+00,3.135887622833251953e+00,8.176944732666015625e+00,7.071731567382812500e+00,8.439511299133300781e+00,1.181695079803466797e+01,8.676068305969238281e+00,9.936521530151367188e+00,1.080118560791015625e+01
9.376417160034179688e+00,7.109146118164062500e+00,7.471225738525390625e+00,3.457325458526611328e+00,8.506753921508789062e+00,7.337810039520263672e+00,7.775130748748779297e+00,1.167024517059326172e+01,9.014232635498046875e+00,1.013523864746093750e+01,1.114602661132812500e+01
9.365990638732910156e+00,7.103628158569335938e+00,7.451947212219238281e+00,3.464066505432128906e+00,8.521780967712402344e+00,7.303705215454101562e+00,7.764852046966552734e+00,1.164778423309326172e+01,9.006482124328613281e+00,1.012302398681640625e+01,1.114274406433105469e+01
9.406977653503417969e+00,7.216819763183593750e+00,7.494436264038085938e+00,3.376027107238769531e+00,8.435221672058105469e+00,7.413300514221191406e+00,7.708392620086669922e+00,1.170567035675048828e+01,9.008834838867187500e+00,1.015373516082763672e+01,1.114429664611816406e+01
9.388088226318359375e+00,7.163509368896484375e+00,7.463013648986816406e+00,3.414535999298095703e+00,8.601901054382324219e+00,7.430998802185058594e+00,7.583037853240966797e+00,1.165316200256347656e+01,8.961130142211914062e+00,1.006313419342041016e+01,1.108578014373779297e+01
9.452916145324707031e+00,7.058067321777343750e+00,7.382366180419921875e+00,3.370030403137207031e+00,8.373258590698242188e+00,7.306273937225341797e+00,7.692130565643310547e+00,1.157118606567382812e+01,8.895784378051757812e+00,1.005574035644531250e+01,1.105662536621093750e+01
9.427279472351074219e+00,6.957832336425781250e+00,7.340805053710937500e+00,3.348256587982177734e+00,8.347159385681152344e+00,7.292967796325683594e+00,7.875022411346435547e+00,1.146663856506347656e+01,8.891010284423828125e+00,1.003883552551269531e+01,1.101443195343017578e+01
9.479434967041015625e+00,6.908089637756347656e+00,7.291227817535400391e+00,3.309805393218994141e+00,8.421025276184082031e+00,7.061491012573242188e+00,7.917454242706298828e+00,1.144406032562255859e+01,8.894145011901855469e+00,1.002091217041015625e+01,1.101970481872558594e+01
9.486669540405273438e+00,7.140774726867675781e+00,7.511615753173828125e+00,3.522765636444091797e+00,8.575524330139160156e+00,7.444385528564453125e+00,7.483631610870361328e+00,1.159654712677001953e+01,8.960864067077636719e+00,1.001397705078125000e+01,1.111636734008789062e+01
9.514512062072753906e+00,7.038443565368652344e+00,7.370618820190429688e+00,3.308274269104003906e+00,8.597916603088378906e+00,7.218839645385742188e+00,7.584694385528564453e+00,1.155234050750732422e+01,8.889473915100097656e+00,9.981052398681640625e+00,1.101431274414062500e+01
9.410097122192382812e+00,7.031082153320312500e+00,7.428847312927246094e+00,3.414528369903564453e+00,8.665440559387207031e+00,7.375120639801025391e+00,7.730257034301757812e+00,1.151177310943603516e+01,8.964701652526855469e+00,1.000719070434570312e+01,1.104236984252929688e+01
9.305880546569824219e+00,7.218083381652832031e+00,7.615458965301513672e+00,3.611623764038085938e+00,8.254304885864257812e+00,7.697388648986816406e+00,7.709819316864013672e+00,1.179515838623046875e+01,8.999553680419921875e+00,1.016159248352050781e+01,1.114422416687011719e+01
9.462333679199218750e+00,7.363480567932128906e+00,7.673573493957519531e+00,3.512478828430175781e+00,8.266200065612792969e+00,7.618697166442871094e+00,7.535287857055664062e+00,1.187730884552001953e+01,9.036839485168457031e+00,1.018773078918457031e+01,1.120305252075195312e+01
9.277365684509277344e+00,7.160823822021484375e+00,7.554345607757568359e+00,3.496334075927734375e+00,8.472988128662109375e+00,7.569507598876953125e+00,7.826683521270751953e+00,1.169705963134765625e+01,9.040442466735839844e+00,1.014280700683593750e+01,1.111588668823242188e+01
9.375885009765625000e+00,7.076466560363769531e+00,7.472524642944335938e+00,3.471232891082763672e+00,8.438570976257324219e+00,7.502406120300292969e+00,7.672675609588623047e+00,1.163731575012207031e+01,8.926170349121093750e+00,1.005876541137695312e+01,1.105161857604980469e+01
9.376666069030761719e+00,7.012766838073730469e+00,7.442492485046386719e+00,3.514933109283447266e+00,8.338856697082519531e+00,7.395123004913330078e+00,7.773000240325927734e+00,1.161911296844482422e+01,8.902895927429199219e+00,1.005267906188964844e+01,1.104970169067382812e+01
9.474233627319335938e+00,7.114479064941406250e+00,7.344078063964843750e+00,3.240702152252197266e+00,8.107487678527832031e+00,7.205581188201904297e+00,7.686048984527587891e+00,1.165702152252197266e+01,8.823391914367675781e+00,1.008302116394042969e+01,1.101712036132812500e+01
9.534625053405761719e+00,7.068435668945312500e+00,7.549683570861816406e+00,3.488952636718750000e+00,8.210741996765136719e+00,7.462400436401367188e+00,7.691010951995849609e+00,1.161487293243408203e+01,8.950186729431152344e+00,1.006156063079833984e+01,1.109073543548583984e+01
9.344637870788574219e+00,7.178123474121093750e+00,7.655926704406738281e+00,3.680241584777832031e+00,8.471221923828125000e+00,7.631171703338623047e+00,7.676215171813964844e+00,1.170405673980712891e+01,9.089805603027343750e+00,1.013595390319824219e+01,1.120423889160156250e+01
9.377042770385742188e+00,6.877317428588867188e+00,7.368244171142578125e+00,3.476251125335693359e+00,8.112923622131347656e+00,7.400827884674072266e+00,7.878231048583984375e+00,1.143199825286865234e+01,8.830905914306640625e+00,1.000149536132812500e+01,1.096820259094238281e+01
9.518848419189453125e+00,7.025791168212890625e+00,7.421742439270019531e+00,3.318937301635742188e+00,8.021343231201171875e+00,7.164939403533935547e+00,7.742128372192382812e+00,1.157532787322998047e+01,8.906124114990234375e+00,1.007838630676269531e+01,1.106233692169189453e+01
9.117415428161621094e+00,7.222025871276855469e+00,7.286853313446044922e+00,3.246261596679687500e+00,8.269134521484375000e+00,7.017039299011230469e+00,7.653033733367919922e+00,1.168407058715820312e+01,8.915766716003417969e+00,1.015760135650634766e+01,1.107318115234375000e+01
9.018884658813476562e+00,7.182749748229980469e+00,7.337587356567382812e+00,3.254347324371337891e+00,8.509677886962890625e+00,7.073488235473632812e+00,7.909519672393798828e+00,1.164395427703857422e+01,9.038794517517089844e+00,1.017967033386230469e+01,1.107654190063476562e+01
9.322277069091796875e+00,7.311643600463867188e+00,7.237487792968750000e+00,3.061633110046386719e+00,8.206729888916015625e+00,6.539791107177734375e+00,7.395617008209228516e+00,1.186124420166015625e+01,8.878243446350097656e+00,1.016840076446533203e+01,1.111553573608398438e+01
8.942152976989746094e+00,7.288789749145507812e+00,7.193169116973876953e+00,3.158294677734375000e+00,8.547668457031250000e+00,6.694715023040771484e+00,7.612345218658447266e+00,1.176388168334960938e+01,8.941218376159667969e+00,1.014872455596923828e+01,1.105470085144042969e+01
9.161955833435058594e+00,7.130754470825195312e+00,7.202627182006835938e+00,3.207973003387451172e+00,8.546114921569824219e+00,6.878104686737060547e+00,7.744478225708007812e+00,1.163462543487548828e+01,8.903343200683593750e+00,1.011005306243896484e+01,1.103402519226074219e+01
9.028069496154785156e+00,7.214241981506347656e+00,7.205753326416015625e+00,3.192656993865966797e+00,8.753966331481933594e+00,6.739717483520507812e+00,7.606809139251708984e+00,1.173194885253906250e+01,8.945935249328613281e+00,1.009446716308593750e+01,1.102892684936523438e+01
9.162871360778808594e+00,7.144862174987792969e+00,6.951667785644531250e+00,2.962747573852539062e+00,8.371088027954101562e+00,6.406902790069580078e+00,7.493968486785888672e+00,1.164706897735595703e+01,8.699264526367187500e+00,1.003579902648925781e+01,1.092197227478027344e+01
9.295344352722167969e+00,7.186354637145996094e+00,7.113951683044433594e+00,2.976969242095947266e+00,8.294795036315917969e+00,6.697694778442382812e+00,7.574781894683837891e+00,1.164066600799560547e+01,8.787819862365722656e+00,1.007769775390625000e+01,1.097242927551269531e+01
9.164609909057617188e+00,7.172389030456542969e+00,6.887328147888183594e+00,2.888628959655761719e+00,8.419415473937988281e+00,6.290036678314208984e+00,7.435177803039550781e+00,1.165804481506347656e+01,8.662094116210937500e+00,1.001072502136230469e+01,1.089545059204101562e+01
9.096917152404785156e+00,7.015871047973632812e+00,7.022447586059570312e+00,2.981760501861572266e+00,8.541230201721191406e+00,6.630916118621826172e+00,7.849576473236083984e+00,1.146940231323242188e+01,8.820728302001953125e+00,1.002474212646484375e+01,1.088147163391113281e+01
9.089722633361816406e+00,8.301698684692382812e+00,8.462559700012207031e+00,5.591850280761718750e+00,8.679337501525878906e+00,8.852367401123046875e+00,8.301860809326171875e+00,1.197663021087646484e+01,9.303434371948242188e+00,1.009902667999267578e+01,1.178896903991699219e+01
9.057053565979003906e+00,8.131723403930664062e+00,8.348217964172363281e+00,5.396940708160400391e+00,8.868869781494140625e+00,8.530260086059570312e+00,8.782160758972167969e+00,1.202818965911865234e+01,9.386114120483398438e+00,1.025787448883056641e+01,1.187533760070800781e+01
9.075798988342285156e+00,8.178186416625976562e+00,8.305943489074707031e+00,5.434277534484863281e+00,8.877569198608398438e+00,8.497408866882324219e+00,8.773081779479980469e+00,1.213101291656494141e+01,9.333927154541015625e+00,1.025340747833251953e+01,1.186112785339355469e+01
9.122823715209960938e+00,8.299476623535156250e+00,8.468152046203613281e+00,5.526959419250488281e+00,8.862022399902343750e+00,8.729584693908691406e+00,8.634614944458007812e+00,1.217975425720214844e+01,9.416450500488281250e+00,1.026932239532470703e+01,1.190702056884765625e+01
9.094000816345214844e+00,8.145427703857421875e+00,8.372742652893066406e+00,5.400243759155273438e+00,9.019381523132324219e+00,8.463300704956054688e+00,8.988094329833984375e+00,1.218651199340820312e+01,9.450530052185058594e+00,1.035036563873291016e+01,1.194350433349609375e+01
9.085597038269042969e+00,8.198185920715332031e+00,8.425579071044921875e+00,5.485648155212402344e+00,8.908935546875000000e+00,8.618474960327148438e+00,8.652713775634765625e+00,1.208891963958740234e+01,9.392096519470214844e+00,1.021868419647216797e+01,1.186577796936035156e+01
9.119497299194335938e+00,8.243302345275878906e+00,8.503456115722656250e+00,5.510603904724121094e+00,8.797694206237792969e+00,8.804640769958496094e+00,8.398498535156250000e+00,1.205243301391601562e+01,9.420285224914550781e+00,1.021556377410888672e+01,1.187887859344482422e+01
9.149270057678222656e+00,8.288492202758789062e+00,8.544714927673339844e+00,5.514856338500976562e+00,8.893527030944824219e+00,8.777798652648925781e+00,8.564944267272949219e+00,1.220034885406494141e+01,9.499821662902832031e+00,1.031820201873779297e+01,1.195895576477050781e+01
9.027102470397949219e+00,8.012643814086914062e+00,8.407680511474609375e+00,5.395779609680175781e+00,8.772695541381835938e+00,8.428562164306640625e+00,8.810510635375976562e+00,1.186651134490966797e+01,9.377278327941894531e+00,1.012075233459472656e+01,1.176103210449218750e+01
9.104490280151367188e+00,8.172625541687011719e+00,8.463049888610839844e+00,5.490214347839355469e+00,8.748793601989746094e+00,8.650305747985839844e+00,8.494236946105957031e+00,1.200770473480224609e+01,9.415308952331542969e+00,1.020960235595703125e+01,1.187201499938964844e+01
9.095602989196777344e+00,8.594966888427734375e+00,8.520482063293457031e+00,5.845791816711425781e+00,8.792704582214355469e+00,8.960251808166503906e+00,8.660383224487304688e+00,1.219738483428955078e+01,9.208239555358886719e+00,9.994182586669921875e+00,1.169965171813964844e+01
9.094288825988769531e+00,8.631821632385253906e+00,8.521566390991210938e+00,5.870591163635253906e+00,8.787684440612792969e+00,9.026165008544921875e+00,8.595735549926757812e+00,1.218713474273681641e+01,9.189959526062011719e+00,9.978645324707031250e+00,1.169669055938720703e+01
9.096102714538574219e+00,8.626866340637207031e+00,8.567609786987304688e+00,5.917224884033203125e+00,8.855330467224121094e+00,9.072250366210937500e+00,8.398465156555175781e+00,1.218134403228759766e+01,9.238778114318847656e+00,1.000225257873535156e+01,1.176825141906738281e+01
9.070521354675292969e+00,8.553567886352539062e+00,8.488077163696289062e+00,5.780049324035644531e+00,9.010388374328613281e+00,8.963760375976562500e+00,8.660615921020507812e+00,1.219856834411621094e+01,9.233910560607910156e+00,1.004602241516113281e+01,1.176500511169433594e+01
9.105839729309082031e+00,8.584459304809570312e+00,8.560514450073242188e+00,5.850459575653076172e+00,8.814507484436035156e+00,9.067079544067382812e+00,8.384812355041503906e+00,1.217773532867431641e+01,9.264267921447753906e+00,1.004324150085449219e+01,1.178622817993164062e+01
9.105696678161621094e+00,8.549718856811523438e+00,8.563092231750488281e+00,5.855620384216308594e+00,8.705285072326660156e+00,9.060048103332519531e+00,8.270813941955566406e+00,1.211333847045898438e+01,9.233783721923828125e+00,9.991174697875976562e+00,1.173967742919921875e+01
9.149168968200683594e+00,8.446124076843261719e+00,8.582077980041503906e+00,5.868144035339355469e+00,8.388487815856933594e+00,8.897957801818847656e+00,8.078015327453613281e+00,1.208502578735351562e+01,9.237637519836425781e+00,9.940773963928222656e+00,1.167298126220703125e+01
9.191508293151855469e+00,8.553117752075195312e+00,8.702918052673339844e+00,5.772693634033203125e+00,8.540837287902832031e+00,9.212532997131347656e+00,8.169103622436523438e+00,1.220911121368408203e+01,9.375729560852050781e+00,1.011783027648925781e+01,1.180228805541992188e+01
9.178663253784179688e+00,8.487114906311035156e+00,8.633952140808105469e+00,5.782917022705078125e+00,8.440687179565429688e+00,9.022672653198242188e+00,8.205748558044433594e+00,1.217055320739746094e+01,9.337477684020996094e+00,1.007449340820312500e+01,1.176080894470214844e+01
9.164788246154785156e+00,8.557347297668457031e+00,8.678274154663085938e+00,5.754412651062011719e+00,8.610928535461425781e+00,9.207605361938476562e+00,8.263965606689453125e+00,1.215981960296630859e+01,9.369008064270019531e+00,1.010609817504882812e+01,1.180335235595703125e+01
9.072505950927734375e+00,8.180093765258789062e+00,8.507386207580566406e+00,5.627157688140869141e+00,8.435119628906250000e+00,8.602064132690429688e+00,8.298383712768554688e+00,1.187200641632080078e+01,9.282992362976074219e+00,9.902648925781250000e+00,1.160868549346923828e+01
9.128018379211425781e+00,8.252778053283691406e+00,8.453946113586425781e+00,5.686447143554687500e+00,8.721505165100097656e+00,8.549242973327636719e+00,8.145065307617187500e+00,1.209240341186523438e+01,9.328461647033691406e+00,1.006543636322021484e+01,1.179235649108886719e+01
9.008868217468261719e+00,8.002361297607421875e+00,8.397599220275878906e+00,5.483416080474853516e+00,8.276575088500976562e+00,8.292429924011230469e+00,8.264336585998535156e+00,1.174445915222167969e+01,9.192789077758789062e+00,9.759913444519042969e+00,1.142360115051269531e+01
9.133159637451171875e+00,8.229756355285644531e+00,8.402959823608398438e+00,5.635035991668701172e+00,8.705906867980957031e+00,8.563982009887695312e+00,8.121695518493652344e+00,1.209882354736328125e+01,9.292965888977050781e+00,1.007478237152099609e+01,1.177793216705322266e+01
9.045308113098144531e+00,8.202841758728027344e+00,8.508144378662109375e+00,5.620498657226562500e+00,8.555890083312988281e+00,8.637917518615722656e+00,8.229305267333984375e+00,1.182135105133056641e+01,9.305756568908691406e+00,9.890754699707031250e+00,1.163338947296142578e+01
9.031306266784667969e+00,8.130493164062500000e+00,8.521718025207519531e+00,5.510789394378662109e+00,8.499517440795898438e+00,8.611133575439453125e+00,8.271665573120117188e+00,1.178995227813720703e+01,9.312220573425292969e+00,9.877828598022460938e+00,1.157490253448486328e+01
9.085610389709472656e+00,8.200760841369628906e+00,8.490205764770507812e+00,5.581915855407714844e+00,8.432456016540527344e+00,8.579990386962890625e+00,8.320589065551757812e+00,1.191766071319580078e+01,9.294941902160644531e+00,9.937061309814453125e+00,1.161686706542968750e+01
8.994669914245605469e+00,8.042347908020019531e+00,8.558921813964843750e+00,5.525052070617675781e+00,8.420616149902343750e+00,8.553831100463867188e+00,8.046629905700683594e+00,1.163013648986816406e+01,9.308396339416503906e+00,9.756998062133789062e+00,1.149843788146972656e+01
9.160492897033691406e+00,8.263007164001464844e+00,8.521822929382324219e+00,5.713456153869628906e+00,8.570959091186523438e+00,8.685901641845703125e+00,8.032716751098632812e+00,1.203078269958496094e+01,9.330330848693847656e+00,1.002926826477050781e+01,1.176593875885009766e+01
9.112903594970703125e+00,8.206766128540039062e+00,8.460567474365234375e+00,5.659173011779785156e+00,8.636443138122558594e+00,8.541173934936523438e+00,8.235386848449707031e+00,1.199045562744140625e+01,9.314243316650390625e+00,1.002080249786376953e+01,1.174963951110839844e+01
9.258734703063964844e+00,8.982962608337402344e+00,8.862027168273925781e+00,5.903484344482421875e+00,9.167202949523925781e+00,9.528915405273437500e+00,8.430122375488281250e+00,1.253801059722900391e+01,9.817034721374511719e+00,1.061844444274902344e+01,1.238646697998046875e+01
9.274617195129394531e+00,9.088975906372070312e+00,8.920354843139648438e+00,5.990900516510009766e+00,9.297707557678222656e+00,9.625186920166015625e+00,8.423871994018554688e+00,1.259514808654785156e+01,9.871894836425781250e+00,1.063415718078613281e+01,1.243948745727539062e+01
9.247990608215332031e+00,8.979880332946777344e+00,8.871692657470703125e+00,5.931439876556396484e+00,9.273051261901855469e+00,9.489622116088867188e+00,8.546340942382812500e+00,1.249552631378173828e+01,9.834851264953613281e+00,1.060621261596679688e+01,1.240999031066894531e+01
9.242621421813964844e+00,9.019893646240234375e+00,8.881798744201660156e+00,5.916161537170410156e+00,9.388344764709472656e+00,9.554653167724609375e+00,8.530045509338378906e+00,1.254801273345947266e+01,9.868323326110839844e+00,1.064329242706298828e+01,1.244022750854492188e+01
9.250452995300292969e+00,9.051669120788574219e+00,8.923820495605468750e+00,5.928826332092285156e+00,9.391961097717285156e+00,9.624835968017578125e+00,8.494870185852050781e+00,1.256026363372802734e+01,9.901569366455078125e+00,1.064561080932617188e+01,1.244472885131835938e+01
9.252510070800781250e+00,8.914502143859863281e+00,8.822572708129882812e+00,5.936413288116455078e+00,9.202525138854980469e+00,9.372490882873535156e+00,8.495570182800292969e+00,1.246592426300048828e+01,9.789888381958007812e+00,1.056577301025390625e+01,1.237581634521484375e+01
9.245686531066894531e+00,8.909037590026855469e+00,8.848228454589843750e+00,5.917356491088867188e+00,9.193724632263183594e+00,9.428977012634277344e+00,8.493956565856933594e+00,1.241794204711914062e+01,9.792635917663574219e+00,1.053249359130859375e+01,1.234624671936035156e+01
9.248285293579101562e+00,8.980813026428222656e+00,8.884396553039550781e+00,5.882001876831054688e+00,9.259562492370605469e+00,9.514748573303222656e+00,8.339421272277832031e+00,1.257477378845214844e+01,9.872095108032226562e+00,1.062646961212158203e+01,1.239043331146240234e+01
9.267878532409667969e+00,9.022920608520507812e+00,8.880680084228515625e+00,5.963288784027099609e+00,9.304028511047363281e+00,9.517349243164062500e+00,8.424753189086914062e+00,1.255581378936767578e+01,9.858210563659667969e+00,1.061104393005371094e+01,1.242269420623779297e+01
9.235458374023437500e+00,8.823093414306640625e+00,8.810681343078613281e+00,5.869458198547363281e+00,9.091965675354003906e+00,9.293875694274902344e+00,8.546672821044921875e+00,1.236535453796386719e+01,9.773262977600097656e+00,1.052415370941162109e+01,1.232120895385742188e+01
9.147070884704589844e+00,8.496399879455566406e+00,8.384860038757324219e+00,5.875267982482910156e+00,8.951026916503906250e+00,8.768154144287109375e+00,8.234090805053710938e+00,1.235197162628173828e+01,9.291438102722167969e+00,1.024592590332031250e+01,1.199993419647216797e+01
9.129497528076171875e+00,8.355637550354003906e+00,8.325306892395019531e+00,5.979177474975585938e+00,8.820710182189941406e+00,8.361840248107910156e+00,8.183624267578125000e+00,1.227803325653076172e+01,9.274011611938476562e+00,1.015920066833496094e+01,1.196389389038085938e+01
9.176469802856445312e+00,8.386108398437500000e+00,8.438156127929687500e+00,5.971804618835449219e+00,8.605383872985839844e+00,8.547878265380859375e+00,8.056591987609863281e+00,1.222050857543945312e+01,9.318047523498535156e+00,1.014110946655273438e+01,1.193656539916992188e+01
9.167776107788085938e+00,8.335657119750976562e+00,8.390114784240722656e+00,5.992437839508056641e+00,8.522258758544921875e+00,8.342559814453125000e+00,8.184362411499023438e+00,1.221816921234130859e+01,9.309098243713378906e+00,1.013696098327636719e+01,1.192827033996582031e+01
9.159553527832031250e+00,8.351112365722656250e+00,8.403124809265136719e+00,5.900442123413085938e+00,8.629364967346191406e+00,8.416947364807128906e+00,8.174084663391113281e+00,1.225862026214599609e+01,9.348815917968750000e+00,1.019027614593505859e+01,1.195471191406250000e+01
9.158117294311523438e+00,8.312725067138671875e+00,8.366381645202636719e+00,5.881626605987548828e+00,8.598784446716308594e+00,8.326401710510253906e+00,8.250615119934082031e+00,1.226042079925537109e+01,9.333752632141113281e+00,1.019485092163085938e+01,1.194476509094238281e+01
9.180059432983398438e+00,8.344021797180175781e+00,8.476320266723632812e+00,5.953612327575683594e+00,8.523956298828125000e+00,8.456157684326171875e+00,8.042343139648437500e+00,1.217522144317626953e+01,9.366604804992675781e+00,1.012950515747070312e+01,1.192771434783935547e+01
9.190066337585449219e+00,8.448546409606933594e+00,8.541481018066406250e+00,5.854020118713378906e+00,8.666929244995117188e+00,8.756586074829101562e+00,8.034367561340332031e+00,1.222569751739501953e+01,9.428219795227050781e+00,1.020405006408691406e+01,1.196830272674560547e+01
9.154937744140625000e+00,8.433018684387207031e+00,8.536553382873535156e+00,5.837727546691894531e+00,8.795159339904785156e+00,8.727481842041015625e+00,8.110928535461425781e+00,1.217480754852294922e+01,9.436795234680175781e+00,1.019101905822753906e+01,1.197573280334472656e+01
9.282238960266113281e+00,8.611321449279785156e+00,8.699168205261230469e+00,5.868669509887695312e+00,8.691667556762695312e+00,9.102565765380859375e+00,7.845811367034912109e+00,1.237220668792724609e+01,9.530035972595214844e+00,1.027839565277099609e+01,1.201426219940185547e+01
9.230191230773925781e+00,8.666690826416015625e+00,8.691803932189941406e+00,5.847783088684082031e+00,8.751601219177246094e+00,9.255126953125000000e+00,8.062815666198730469e+00,1.224557399749755859e+01,9.504034996032714844e+00,1.023807525634765625e+01,1.199950695037841797e+01
9.287312507629394531e+00,8.710209846496582031e+00,8.771936416625976562e+00,5.908840179443359375e+00,8.643894195556640625e+00,9.324449539184570312e+00,7.941973686218261719e+00,1.231007671356201172e+01,9.543025016784667969e+00,1.024510383605957031e+01,1.200179290771484375e+01
9.267987251281738281e+00,8.607394218444824219e+00,8.670956611633300781e+00,5.812958240509033203e+00,8.574932098388671875e+00,9.150701522827148438e+00,8.016002655029296875e+00,1.230341243743896484e+01,9.501572608947753906e+00,1.027587127685546875e+01,1.198999595642089844e+01
9.249981880187988281e+00,8.584558486938476562e+00,8.696619033813476562e+00,5.834997653961181641e+00,8.517017364501953125e+00,9.206645965576171875e+00,7.915972709655761719e+00,1.215456676483154297e+01,9.447931289672851562e+00,1.014730834960937500e+01,1.189476394653320312e+01
9.290708541870117188e+00,8.699690818786621094e+00,8.758854866027832031e+00,5.878991603851318359e+00,8.583374023437500000e+00,9.220245361328125000e+00,8.084270477294921875e+00,1.235879421234130859e+01,9.593506813049316406e+00,1.032166290283203125e+01,1.205502891540527344e+01
9.266307830810546875e+00,8.598865509033203125e+00,8.716356277465820312e+00,5.817869186401367188e+00,8.563139915466308594e+00,9.235123634338378906e+00,7.916157245635986328e+00,1.220349025726318359e+01,9.496355056762695312e+00,1.019552040100097656e+01,1.193429183959960938e+01
9.272009849548339844e+00,8.605072021484375000e+00,8.723744392395019531e+00,5.842598915100097656e+00,8.545235633850097656e+00,9.163527488708496094e+00,7.955289363861083984e+00,1.224110031127929688e+01,9.528952598571777344e+00,1.022390747070312500e+01,1.196752738952636719e+01
9.256669998168945312e+00,8.600689888000488281e+00,8.718915939331054688e+00,5.812436103820800781e+00,8.614358901977539062e+00,9.226246833801269531e+00,7.987933635711669922e+00,1.220094966888427734e+01,9.514761924743652344e+00,1.021433258056640625e+01,1.195928287506103516e+01
9.221570014953613281e+00,8.489843368530273438e+00,8.675315856933593750e+00,5.769063949584960938e+00,8.507588386535644531e+00,9.066066741943359375e+00,7.962646961212158203e+00,1.210059070587158203e+01,9.472634315490722656e+00,1.013974380493164062e+01,1.188243007659912109e+01
9.219857215881347656e+00,8.475832939147949219e+00,8.616968154907226562e+00,5.817328453063964844e+00,8.474904060363769531e+00,8.970010757446289062e+00,8.002841949462890625e+00,1.208131313323974609e+01,9.425667762756347656e+00,1.012480354309082031e+01,1.188677597045898438e+01
8.967001914978027344e+00,8.298393249511718750e+00,8.085510253906250000e+00,5.604144096374511719e+00,9.750641822814941406e+00,8.241376876831054688e+00,9.345373153686523438e+00,1.233433246612548828e+01,9.250937461853027344e+00,1.028584098815917969e+01,1.198761081695556641e+01
8.936313629150390625e+00,8.121453285217285156e+00,7.903004646301269531e+00,5.615058898925781250e+00,9.626647949218750000e+00,7.794485569000244141e+00,9.517044067382812500e+00,1.228869247436523438e+01,9.172698020935058594e+00,1.024812126159667969e+01,1.193449878692626953e+01
8.952591896057128906e+00,8.195569992065429688e+00,8.042909622192382812e+00,5.559371471405029297e+00,9.755378723144531250e+00,8.071418762207031250e+00,9.557155609130859375e+00,1.227431392669677734e+01,9.289757728576660156e+00,1.030647659301757812e+01,1.199944686889648438e+01
8.906274795532226562e+00,7.930277824401855469e+00,7.931167602539062500e+00,5.615577697753906250e+00,9.561745643615722656e+00,7.598947525024414062e+00,9.433692932128906250e+00,1.209921360015869141e+01,9.209988594055175781e+00,1.015928459167480469e+01,1.189309215545654297e+01
9.030467033386230469e+00,8.331395149230957031e+00,8.276163101196289062e+00,5.625055789947509766e+00,9.732663154602050781e+00,8.346698760986328125e+00,9.179030418395996094e+00,1.232441425323486328e+01,9.511097908020019531e+00,1.046340560913085938e+01,1.221173477172851562e+01
9.010622024536132812e+00,8.309285163879394531e+00,8.238986968994140625e+00,5.639904975891113281e+00,9.787960052490234375e+00,8.269433975219726562e+00,9.201670646667480469e+00,1.229545402526855469e+01,9.495947837829589844e+00,1.044372844696044922e+01,1.221090888977050781e+01
9.030434608459472656e+00,8.250091552734375000e+00,8.233026504516601562e+00,5.582502365112304688e+00,9.534067153930664062e+00,8.257850646972656250e+00,9.167968750000000000e+00,1.226360607147216797e+01,9.453001976013183594e+00,1.040547275543212891e+01,1.212856960296630859e+01
9.012068748474121094e+00,8.227799415588378906e+00,8.173644065856933594e+00,5.575826644897460938e+00,9.704781532287597656e+00,8.143539428710937500e+00,9.320652008056640625e+00,1.232271671295166016e+01,9.455689430236816406e+00,1.044214248657226562e+01,1.215920639038085938e+01
9.008473396301269531e+00,8.276817321777343750e+00,8.216938972473144531e+00,5.606038093566894531e+00,9.710915565490722656e+00,8.223464965820312500e+00,9.445548057556152344e+00,1.226220607757568359e+01,9.473940849304199219e+00,1.041761589050292969e+01,1.215528106689453125e+01
9.005615234375000000e+00,8.230223655700683594e+00,8.179020881652832031e+00,5.587905406951904297e+00,9.715991973876953125e+00,8.162252426147460938e+00,9.302530288696289062e+00,1.228415775299072266e+01,9.452676773071289062e+00,1.042159461975097656e+01,1.215445899963378906e+01
9.124139785766601562e+00,8.274879455566406250e+00,8.134306907653808594e+00,5.595983982086181641e+00,9.444370269775390625e+00,8.423048973083496094e+00,8.173007965087890625e+00,1.241477203369140625e+01,9.310276031494140625e+00,1.039361000061035156e+01,1.209595108032226562e+01
9.093358993530273438e+00,8.320543289184570312e+00,8.186011314392089844e+00,5.628129959106445312e+00,9.448674201965332031e+00,8.457347869873046875e+00,8.299910545349121094e+00,1.237231731414794922e+01,9.354104042053222656e+00,1.038881301879882812e+01,1.211782073974609375e+01
9.088989257812500000e+00,8.091606140136718750e+00,8.101977348327636719e+00,5.499204158782958984e+00,9.155436515808105469e+00,8.280968666076660156e+00,8.177798271179199219e+00,1.217290782928466797e+01,9.243399620056152344e+00,1.024515342712402344e+01,1.193904399871826172e+01
9.087506294250488281e+00,7.924071311950683594e+00,8.071066856384277344e+00,5.483942031860351562e+00,9.040362358093261719e+00,7.966176033020019531e+00,8.150107383728027344e+00,1.211071300506591797e+01,9.240642547607421875e+00,1.019767951965332031e+01,1.190069198608398438e+01
9.070164680480957031e+00,7.948184967041015625e+00,8.141749382019042969e+00,5.448392868041992188e+00,9.144646644592285156e+00,8.057229995727539062e+00,8.265998840332031250e+00,1.211203861236572266e+01,9.321754455566406250e+00,1.023749446868896484e+01,1.193287467956542969e+01
9.104443550109863281e+00,7.921959877014160156e+00,8.164321899414062500e+00,5.384232997894287109e+00,9.007466316223144531e+00,8.221673965454101562e+00,8.061075210571289062e+00,1.201109123229980469e+01,9.263390541076660156e+00,1.014793205261230469e+01,1.182406234741210938e+01
9.155846595764160156e+00,8.042188644409179688e+00,8.231659889221191406e+00,5.462407112121582031e+00,9.071275711059570312e+00,8.252998352050781250e+00,8.099857330322265625e+00,1.221178340911865234e+01,9.379936218261718750e+00,1.031172752380371094e+01,1.198562049865722656e+01
9.001307487487792969e+00,7.830349922180175781e+00,7.961495876312255859e+00,5.594799995422363281e+00,9.018406867980957031e+00,7.658438682556152344e+00,8.313328742980957031e+00,1.198015022277832031e+01,9.171652793884277344e+00,1.010329055786132812e+01,1.186756896972656250e+01
9.088851928710937500e+00,7.916311264038085938e+00,8.139015197753906250e+00,5.446000099182128906e+00,8.966959953308105469e+00,8.045577049255371094e+00,8.186603546142578125e+00,1.203056240081787109e+01,9.267451286315917969e+00,1.015643405914306641e+01,1.185211181640625000e+01
9.128960609436035156e+00,7.971353530883789062e+00,8.213577270507812500e+00,5.451750278472900391e+00,8.992201805114746094e+00,8.126695632934570312e+00,8.103145599365234375e+00,1.213938140869140625e+01,9.371236801147460938e+00,1.026232528686523438e+01,1.194669342041015625e+01
9.154393196105957031e+00,8.197752952575683594e+00,8.471292495727539062e+00,5.672056198120117188e+00,8.866569519042968750e+00,8.550626754760742188e+00,8.057195663452148438e+00,1.203536510467529297e+01,9.417721748352050781e+00,1.015982055664062500e+01,1.193278789520263672e+01
9.143767356872558594e+00,8.238638877868652344e+00,8.467695236206054688e+00,5.671073436737060547e+00,9.025980949401855469e+00,8.516818046569824219e+00,8.212502479553222656e+00,1.211718082427978516e+01,9.473198890686035156e+00,1.024134063720703125e+01,1.201233005523681641e+01
9.115025520324707031e+00,8.126523971557617188e+00,8.390455245971679688e+00,5.613708972930908203e+00,9.021304130554199219e+00,8.395757675170898438e+00,8.176958084106445312e+00,1.202682209014892578e+01,9.399281501770019531e+00,1.016722583770751953e+01,1.193585968017578125e+01
9.159476280212402344e+00,8.296457290649414062e+00,8.482565879821777344e+00,5.625844955444335938e+00,9.076386451721191406e+00,8.661428451538085938e+00,8.257920265197753906e+00,1.216097068786621094e+01,9.510510444641113281e+00,1.031140136718750000e+01,1.205877876281738281e+01
9.132369041442871094e+00,8.177148818969726562e+00,8.425774574279785156e+00,5.638319015502929688e+00,8.922093391418457031e+00,8.389418601989746094e+00,8.294845581054687500e+00,1.208365154266357422e+01,9.465617179870605469e+00,1.024241447448730469e+01,1.199894905090332031e+01
9.129788398742675781e+00,8.199606895446777344e+00,8.524683952331542969e+00,5.657052993774414062e+00,8.899699211120605469e+00,8.551268577575683594e+00,8.216538429260253906e+00,1.198678970336914062e+01,9.477284431457519531e+00,1.016432094573974609e+01,1.194793510437011719e+01
9.152146339416503906e+00,8.258366584777832031e+00,8.492910385131835938e+00,5.611383914947509766e+00,8.963542938232421875e+00,8.636545181274414062e+00,8.231485366821289062e+00,1.208229541778564453e+01,9.485091209411621094e+00,1.024461364746093750e+01,1.199102497100830078e+01
9.167339324951171875e+00,8.253374099731445312e+00,8.569581985473632812e+00,5.685848236083984375e+00,8.891088485717773438e+00,8.634791374206542969e+00,8.091672897338867188e+00,1.203705883026123047e+01,9.509042739868164062e+00,1.018519592285156250e+01,1.197189998626708984e+01
9.156949996948242188e+00,8.190436363220214844e+00,8.474431991577148438e+00,5.650402069091796875e+00,8.742178916931152344e+00,8.552719116210937500e+00,8.050471305847167969e+00,1.196994876861572266e+01,9.401898384094238281e+00,1.011509227752685547e+01,1.188196563720703125e+01
9.129384040832519531e+00,8.124933242797851562e+00,8.430426597595214844e+00,5.585898399353027344e+00,8.807746887207031250e+00,8.360683441162109375e+00,8.340582847595214844e+00,1.202553844451904297e+01,9.443062782287597656e+00,1.019496917724609375e+01,1.192717170715332031e+01
9.151894569396972656e+00,8.877339363098144531e+00,8.696045875549316406e+00,5.781810760498046875e+00,9.648412704467773438e+00,9.344043731689453125e+00,8.632509231567382812e+00,1.255211353302001953e+01,9.749816894531250000e+00,1.063384819030761719e+01,1.239104080200195312e+01
9.168126106262207031e+00,8.894519805908203125e+00,8.698655128479003906e+00,5.838173389434814453e+00,9.633779525756835938e+00,9.319820404052734375e+00,8.600820541381835938e+00,1.254375743865966797e+01,9.758678436279296875e+00,1.062607383728027344e+01,1.241535091400146484e+01
9.121936798095703125e+00,8.844174385070800781e+00,8.640766143798828125e+00,5.759473800659179688e+00,9.805979728698730469e+00,9.213983535766601562e+00,8.702692031860351562e+00,1.257513523101806641e+01,9.761939048767089844e+00,1.066005706787109375e+01,1.242255973815917969e+01
9.146569252014160156e+00,8.870121002197265625e+00,8.647907257080078125e+00,5.798298358917236328e+00,9.749590873718261719e+00,9.262709617614746094e+00,8.643203735351562500e+00,1.255861377716064453e+01,9.741635322570800781e+00,1.064309406280517578e+01,1.242069053649902344e+01
9.166507720947265625e+00,9.008780479431152344e+00,8.759535789489746094e+00,5.855043411254882812e+00,9.747359275817871094e+00,9.388925552368164062e+00,8.596097946166992188e+00,1.269506168365478516e+01,9.868773460388183594e+00,1.073655605316162109e+01,1.250506210327148438e+01
9.205796241760253906e+00,8.974846839904785156e+00,8.725557327270507812e+00,5.889656066894531250e+00,9.593503952026367188e+00,9.394283294677734375e+00,8.447957992553710938e+00,1.262627315521240234e+01,9.783583641052246094e+00,1.065982723236083984e+01,1.244787025451660156e+01
9.212357521057128906e+00,8.940686225891113281e+00,8.726011276245117188e+00,5.840321540832519531e+00,9.461178779602050781e+00,9.332712173461914062e+00,8.620533943176269531e+00,1.262783527374267578e+01,9.810912132263183594e+00,1.071468544006347656e+01,1.246940898895263672e+01
9.215235710144042969e+00,8.757838249206542969e+00,8.728356361389160156e+00,5.845076560974121094e+00,9.113398551940917969e+00,9.278303146362304688e+00,8.336942672729492188e+00,1.233343124389648438e+01,9.669507026672363281e+00,1.044848632812500000e+01,1.224429702758789062e+01
9.212688446044921875e+00,8.938155174255371094e+00,8.739931106567382812e+00,5.955627441406250000e+00,9.494668006896972656e+00,9.374155998229980469e+00,8.376925468444824219e+00,1.249646186828613281e+01,9.725237846374511719e+00,1.052962970733642578e+01,1.237045574188232422e+01
9.219929695129394531e+00,8.906807899475097656e+00,8.733396530151367188e+00,5.854537487030029297e+00,9.437727928161621094e+00,9.386978149414062500e+00,8.382081031799316406e+00,1.255253887176513672e+01,9.766738891601562500e+00,1.061570930480957031e+01,1.239380455017089844e+01
9.162255287170410156e+00,8.555920600891113281e+00,8.552747726440429688e+00,5.828175544738769531e+00,8.981156349182128906e+00,8.849695205688476562e+00,8.368638038635253906e+00,1.226211261749267578e+01,9.542629241943359375e+00,1.036157798767089844e+01,1.214895725250244141e+01
9.168952941894531250e+00,8.664899826049804688e+00,8.641763687133789062e+00,5.789896965026855469e+00,9.254057884216308594e+00,9.079346656799316406e+00,8.466004371643066406e+00,1.233307170867919922e+01,9.643247604370117188e+00,1.045510578155517578e+01,1.223937129974365234e+01
9.137257575988769531e+00,8.496143341064453125e+00,8.545398712158203125e+00,5.770842075347900391e+00,8.892794609069824219e+00,8.866057395935058594e+00,8.392853736877441406e+00,1.213335704803466797e+01,9.487778663635253906e+00,1.026998519897460938e+01,1.205019569396972656e+01
9.151201248168945312e+00,8.512503623962402344e+00,8.556393623352050781e+00,5.778344154357910156e+00,8.838473320007324219e+00,8.876133918762207031e+00,8.368641853332519531e+00,1.215800380706787109e+01,9.508503913879394531e+00,1.028635597229003906e+01,1.206037902832031250e+01
9.112343788146972656e+00,8.464044570922851562e+00,8.552331924438476562e+00,5.731231689453125000e+00,8.936391830444335938e+00,8.837109565734863281e+00,8.435339927673339844e+00,1.208502101898193359e+01,9.513825416564941406e+00,1.025661563873291016e+01,1.204011535644531250e+01
9.132758140563964844e+00,8.477421760559082031e+00,8.558601379394531250e+00,5.722448348999023438e+00,8.806012153625488281e+00,8.897251129150390625e+00,8.331176757812500000e+00,1.209377956390380859e+01,9.482444763183593750e+00,1.023251533508300781e+01,1.199368190765380859e+01
9.164084434509277344e+00,8.457679748535156250e+00,8.533059120178222656e+00,5.780621528625488281e+00,8.749297142028808594e+00,8.834417343139648438e+00,8.233400344848632812e+00,1.213527393341064453e+01,9.462870597839355469e+00,1.023719787597656250e+01,1.200729179382324219e+01
9.190342903137207031e+00,8.523836135864257812e+00,8.582988739013671875e+00,5.778869628906250000e+00,8.857743263244628906e+00,8.869956016540527344e+00,8.324839591979980469e+00,1.224647617340087891e+01,9.572413444519042969e+00,1.036932086944580078e+01,1.213223838806152344e+01
9.171162605285644531e+00,8.587077140808105469e+00,8.603670120239257812e+00,5.735740184783935547e+00,9.014430046081542969e+00,8.985692024230957031e+00,8.437053680419921875e+00,1.226431846618652344e+01,9.615099906921386719e+00,1.040865039825439453e+01,1.216525459289550781e+01
9.143191337585449219e+00,8.378561019897460938e+00,8.505183219909667969e+00,5.691273689270019531e+00,8.653731346130371094e+00,8.746520996093750000e+00,8.314914703369140625e+00,1.206641674041748047e+01,9.446673393249511719e+00,1.022310733795166016e+01,1.196258735656738281e+01
9.160402297973632812e+00,8.598037719726562500e+00,8.610684394836425781e+00,5.900458335876464844e+00,8.794844627380371094e+00,9.072005271911621094e+00,8.054142951965332031e+00,1.217100238800048828e+01,9.416539192199707031e+00,1.015804862976074219e+01,1.196243476867675781e+01
9.294052124023437500e+00,8.967580795288085938e+00,8.825349807739257812e+00,6.048768043518066406e+00,8.879536628723144531e+00,9.545858383178710938e+00,7.930119514465332031e+00,1.252482128143310547e+01,9.617247581481933594e+00,1.035273361206054688e+01,1.213582801818847656e+01
9.186118125915527344e+00,8.671973228454589844e+00,8.625651359558105469e+00,5.866227149963378906e+00,8.885900497436523438e+00,9.156826019287109375e+00,8.164796829223632812e+00,1.228220844268798828e+01,9.493377685546875000e+00,1.028030395507812500e+01,1.205845069885253906e+01
9.223407745361328125e+00,8.683739662170410156e+00,8.701555252075195312e+00,5.968397617340087891e+00,8.580435752868652344e+00,9.203392028808593750e+00,7.924495220184326172e+00,1.221490573883056641e+01,9.459582328796386719e+00,1.014362525939941406e+01,1.193896865844726562e+01
9.204779624938964844e+00,8.658801078796386719e+00,8.687027931213378906e+00,5.897996425628662109e+00,8.636723518371582031e+00,9.200218200683593750e+00,8.017818450927734375e+00,1.218677520751953125e+01,9.469391822814941406e+00,1.016959381103515625e+01,1.195177364349365234e+01
9.151554107666015625e+00,8.499182701110839844e+00,8.564142227172851562e+00,5.872990131378173828e+00,8.534535408020019531e+00,8.988391876220703125e+00,7.862683296203613281e+00,1.199707221984863281e+01,9.319380760192871094e+00,9.991802215576171875e+00,1.179644393920898438e+01
9.115901947021484375e+00,8.410676956176757812e+00,8.530216217041015625e+00,5.767453670501708984e+00,8.571274757385253906e+00,8.884240150451660156e+00,8.048032760620117188e+00,1.196273708343505859e+01,9.335497856140136719e+00,1.002999496459960938e+01,1.180747795104980469e+01
9.234206199645996094e+00,8.696310997009277344e+00,8.688129425048828125e+00,5.911664962768554688e+00,8.757361412048339844e+00,9.189414978027343750e+00,7.928678035736083984e+00,1.229454898834228516e+01,9.519312858581542969e+00,1.023469161987304688e+01,1.201612758636474609e+01
9.163882255554199219e+00,8.522536277770996094e+00,8.662030220031738281e+00,5.784121513366699219e+00,8.666407585144042969e+00,9.126058578491210938e+00,7.863441467285156250e+00,1.205461025238037109e+01,9.457198143005371094e+00,1.008234405517578125e+01,1.185907745361328125e+01
9.306173324584960938e+00,8.750378608703613281e+00,8.783641815185546875e+00,5.975350379943847656e+00,8.538024902343750000e+00,9.293102264404296875e+00,7.732897281646728516e+00,1.234110450744628906e+01,9.540783882141113281e+00,1.017287254333496094e+01,1.194227790832519531e+01
9.033696174621582031e+00,8.280158996582031250e+00,8.389060974121093750e+00,5.646278381347656250e+00,9.274734497070312500e+00,8.652519226074218750e+00,8.371247291564941406e+00,1.205969047546386719e+01,9.317992210388183594e+00,1.011379718780517578e+01,1.187616729736328125e+01
9.024027824401855469e+00,8.287033081054687500e+00,8.377494812011718750e+00,5.609210014343261719e+00,9.272152900695800781e+00,8.738193511962890625e+00,8.352483749389648438e+00,1.202173900604248047e+01,9.284375190734863281e+00,1.008952713012695312e+01,1.184456825256347656e+01
9.037487030029296875e+00,8.267103195190429688e+00,8.395654678344726562e+00,5.567446708679199219e+00,9.250679016113281250e+00,8.734888076782226562e+00,8.409074783325195312e+00,1.203909969329833984e+01,9.312764167785644531e+00,1.011326789855957031e+01,1.184317779541015625e+01
8.964797019958496094e+00,8.207261085510253906e+00,8.377640724182128906e+00,5.582437515258789062e+00,9.403941154479980469e+00,8.558133125305175781e+00,8.617365837097167969e+00,1.192858791351318359e+01,9.308951377868652344e+00,1.003699111938476562e+01,1.181534957885742188e+01
9.012750625610351562e+00,8.214147567749023438e+00,8.392011642456054688e+00,5.615154743194580078e+00,9.179320335388183594e+00,8.645425796508789062e+00,8.325543403625488281e+00,1.193267250061035156e+01,9.271042823791503906e+00,1.002033138275146484e+01,1.179283618927001953e+01
8.991201400756835938e+00,8.197407722473144531e+00,8.415385246276855469e+00,5.558414936065673828e+00,9.239247322082519531e+00,8.667409896850585938e+00,8.351478576660156250e+00,1.188783359527587891e+01,9.307923316955566406e+00,1.001629161834716797e+01,1.178651428222656250e+01
8.984028816223144531e+00,8.236597061157226562e+00,8.396152496337890625e+00,5.556971073150634766e+00,9.248127937316894531e+00,8.720684051513671875e+00,8.397425651550292969e+00,1.188706111907958984e+01,9.291807174682617188e+00,1.002473068237304688e+01,1.179182815551757812e+01
8.953514099121093750e+00,8.126183509826660156e+00,8.383836746215820312e+00,5.566294670104980469e+00,9.270415306091308594e+00,8.502936363220214844e+00,8.445871353149414062e+00,1.180721473693847656e+01,9.286602973937988281e+00,9.959661483764648438e+00,1.175360488891601562e+01
8.958931922912597656e+00,8.098376274108886719e+00,8.387833595275878906e+00,5.529534339904785156e+00,9.247591972351074219e+00,8.538709640502929688e+00,8.369491577148437500e+00,1.178743648529052734e+01,9.281697273254394531e+00,9.952789306640625000e+00,1.173408317565917969e+01
9.021742820739746094e+00,8.214488029479980469e+00,8.439897537231445312e+00,5.541020393371582031e+00,9.364551544189453125e+00,8.642634391784667969e+00,8.457744598388671875e+00,1.200438785552978516e+01,9.403855323791503906e+00,1.013386535644531250e+01,1.188407897949218750e+01
9.232056617736816406e+00,8.349982261657714844e+00,8.495117187500000000e+00,5.749613285064697266e+00,8.549056053161621094e+00,8.632135391235351562e+00,7.766750335693359375e+00,1.221807765960693359e+01,9.376555442810058594e+00,1.011850166320800781e+01,1.184968090057373047e+01
9.225486755371093750e+00,8.365931510925292969e+00,8.484804153442382812e+00,5.833510875701904297e+00,8.586091995239257812e+00,8.564455032348632812e+00,7.777062892913818359e+00,1.220929622650146484e+01,9.355814933776855469e+00,1.007948207855224609e+01,1.185107612609863281e+01
9.185188293457031250e+00,8.309360504150390625e+00,8.446211814880371094e+00,5.799315452575683594e+00,8.590207099914550781e+00,8.548372268676757812e+00,7.794457435607910156e+00,1.211502170562744141e+01,9.315072059631347656e+00,1.002532386779785156e+01,1.180332660675048828e+01
9.183326721191406250e+00,8.325819015502929688e+00,8.503014564514160156e+00,5.777083873748779297e+00,8.530581474304199219e+00,8.612692832946777344e+00,7.805366516113281250e+00,1.211036205291748047e+01,9.347277641296386719e+00,1.001716518402099609e+01,1.178043842315673828e+01
9.227962493896484375e+00,8.359067916870117188e+00,8.546897888183593750e+00,5.823932647705078125e+00,8.414946556091308594e+00,8.682071685791015625e+00,7.726542949676513672e+00,1.210912132263183594e+01,9.348322868347167969e+00,9.998054504394531250e+00,1.176636219024658203e+01
9.196352005004882812e+00,8.289864540100097656e+00,8.523192405700683594e+00,5.725911140441894531e+00,8.610885620117187500e+00,8.551974296569824219e+00,7.851521015167236328e+00,1.214256954193115234e+01,9.409993171691894531e+00,1.009146690368652344e+01,1.184044456481933594e+01
9.225017547607421875e+00,8.387770652770996094e+00,8.544281005859375000e+00,5.834907531738281250e+00,8.506295204162597656e+00,8.656764984130859375e+00,7.835398197174072266e+00,1.218848705291748047e+01,9.393700599670410156e+00,1.008005237579345703e+01,1.184576416015625000e+01
9.207749366760253906e+00,8.314126014709472656e+00,8.512092590332031250e+00,5.717730522155761719e+00,8.578261375427246094e+00,8.604166030883789062e+00,7.886651515960693359e+00,1.216374301910400391e+01,9.400135993957519531e+00,1.011377334594726562e+01,1.184514141082763672e+01
9.155129432678222656e+00,8.291504859924316406e+00,8.507308959960937500e+00,5.774260520935058594e+00,8.538893699645996094e+00,8.593352317810058594e+00,7.895181179046630859e+00,1.202132320404052734e+01,9.345791816711425781e+00,9.988389968872070312e+00,1.177072334289550781e+01
9.214608192443847656e+00,8.357536315917968750e+00,8.513374328613281250e+00,5.802017211914062500e+00,8.563246726989746094e+00,8.599814414978027344e+00,7.961187839508056641e+00,1.218349647521972656e+01,9.407332420349121094e+00,1.013434028625488281e+01,1.189151382446289062e+01
9.368172645568847656e+00,8.791199684143066406e+00,8.797323226928710938e+00,5.933516025543212891e+00,8.599699974060058594e+00,9.302978515625000000e+00,8.010048866271972656e+00,1.256485843658447266e+01,9.619909286499023438e+00,1.039096450805664062e+01,1.208921241760253906e+01
9.361728668212890625e+00,8.762957572937011719e+00,8.829233169555664062e+00,5.919493198394775391e+00,8.482855796813964844e+00,9.363169670104980469e+00,8.025016784667968750e+00,1.244229984283447266e+01,9.592306137084960938e+00,1.031483268737792969e+01,1.201888465881347656e+01
9.361388206481933594e+00,8.868091583251953125e+00,8.878522872924804688e+00,5.934722900390625000e+00,8.819930076599121094e+00,9.421642303466796875e+00,8.107442855834960938e+00,1.259503269195556641e+01,9.726954460144042969e+00,1.045111370086669922e+01,1.217300415039062500e+01
9.288631439208984375e+00,8.562596321105957031e+00,8.753719329833984375e+00,5.815821170806884766e+00,8.562043190002441406e+00,9.131039619445800781e+00,8.099139213562011719e+00,1.227697086334228516e+01,9.559058189392089844e+00,1.025201320648193359e+01,1.197097110748291016e+01
9.412880897521972656e+00,8.747269630432128906e+00,8.858108520507812500e+00,5.932103157043457031e+00,8.263870239257812500e+00,9.344999313354492188e+00,7.885563373565673828e+00,1.245528316497802734e+01,9.584780693054199219e+00,1.027482795715332031e+01,1.195722007751464844e+01
9.323925971984863281e+00,8.509163856506347656e+00,8.725538253784179688e+00,5.767847061157226562e+00,8.307320594787597656e+00,9.066110610961914062e+00,7.963955402374267578e+00,1.230610656738281250e+01,9.520306587219238281e+00,1.023790168762207031e+01,1.190065383911132812e+01
9.370672225952148438e+00,8.667075157165527344e+00,8.819501876831054688e+00,5.827657222747802734e+00,8.420752525329589844e+00,9.256137847900390625e+00,7.947329998016357422e+00,1.243435001373291016e+01,9.620524406433105469e+00,1.032852554321289062e+01,1.200102424621582031e+01
9.317051887512207031e+00,8.604250907897949219e+00,8.773416519165039062e+00,5.778099060058593750e+00,8.445450782775878906e+00,9.216899871826171875e+00,8.058545112609863281e+00,1.231359958648681641e+01,9.564460754394531250e+00,1.027584648132324219e+01,1.195486259460449219e+01
9.381060600280761719e+00,8.875086784362792969e+00,8.903025627136230469e+00,5.923461914062500000e+00,8.810240745544433594e+00,9.504010200500488281e+00,8.034110069274902344e+00,1.258144474029541016e+01,9.725966453552246094e+00,1.041526508331298828e+01,1.213355064392089844e+01
9.310683250427246094e+00,8.623848915100097656e+00,8.779765129089355469e+00,5.775218009948730469e+00,8.552857398986816406e+00,9.209140777587890625e+00,8.194803237915039062e+00,1.232904052734375000e+01,9.615191459655761719e+00,1.033380126953125000e+01,1.202469730377197266e+01
9.206760406494140625e+00,9.256112098693847656e+00,8.953610420227050781e+00,6.078863143920898438e+00,9.475691795349121094e+00,1.002315711975097656e+01,8.487191200256347656e+00,1.254013538360595703e+01,9.730910301208496094e+00,1.050416755676269531e+01,1.233912277221679688e+01
9.201049804687500000e+00,9.238181114196777344e+00,8.977659225463867188e+00,6.055360317230224609e+00,9.383553504943847656e+00,1.006087493896484375e+01,8.460967063903808594e+00,1.248082256317138672e+01,9.701091766357421875e+00,1.044965267181396484e+01,1.227883148193359375e+01
9.246262550354003906e+00,9.304265022277832031e+00,9.019712448120117188e+00,6.154448986053466797e+00,9.322135925292968750e+00,1.013069438934326172e+01,8.337828636169433594e+00,1.249940395355224609e+01,9.705641746520996094e+00,1.041792869567871094e+01,1.227970504760742188e+01
9.242984771728515625e+00,9.196855545043945312e+00,8.991266250610351562e+00,6.122199058532714844e+00,9.128074645996093750e+00,1.002147674560546875e+01,8.320955276489257812e+00,1.237998962402343750e+01,9.649776458740234375e+00,1.033901309967041016e+01,1.219922542572021484e+01
9.249781608581542969e+00,9.270201683044433594e+00,9.012499809265136719e+00,6.139931201934814453e+00,9.318711280822753906e+00,1.008308124542236328e+01,8.365398406982421875e+00,1.245986270904541016e+01,9.714587211608886719e+00,1.040773487091064453e+01,1.227920532226562500e+01
9.299449920654296875e+00,9.347670555114746094e+00,9.082263946533203125e+00,6.230383872985839844e+00,9.202826499938964844e+00,1.018110370635986328e+01,8.231649398803710938e+00,1.250010967254638672e+01,9.721510887145996094e+00,1.037350177764892578e+01,1.225779056549072266e+01
9.317011833190917969e+00,9.352332115173339844e+00,9.108885765075683594e+00,6.262425422668457031e+00,9.154095649719238281e+00,1.018788623809814453e+01,8.199668884277343750e+00,1.248396968841552734e+01,9.730044364929199219e+00,1.034210586547851562e+01,1.224081611633300781e+01
9.274690628051757812e+00,9.170193672180175781e+00,9.044255256652832031e+00,6.146755218505859375e+00,8.995578765869140625e+00,9.969346046447753906e+00,8.244545936584472656e+00,1.233466815948486328e+01,9.696155548095703125e+00,1.029977607727050781e+01,1.217908000946044922e+01
9.304717063903808594e+00,9.206134796142578125e+00,9.040424346923828125e+00,6.143653869628906250e+00,9.038304328918457031e+00,9.994275093078613281e+00,8.265282630920410156e+00,1.243010044097900391e+01,9.724678993225097656e+00,1.036859703063964844e+01,1.222733497619628906e+01
9.339091300964355469e+00,9.328508377075195312e+00,9.118797302246093750e+00,6.235406398773193359e+00,9.125155448913574219e+00,1.012819099426269531e+01,8.236688613891601562e+00,1.250056552886962891e+01,9.782255172729492188e+00,1.038846683502197266e+01,1.227575874328613281e+01
9.081051826477050781e+00,8.853347778320312500e+00,8.632430076599121094e+00,5.876095294952392578e+00,9.374604225158691406e+00,9.395915031433105469e+00,8.790986061096191406e+00,1.234211540222167969e+01,9.405732154846191406e+00,1.026551818847656250e+01,1.203876304626464844e+01
9.065928459167480469e+00,8.845972061157226562e+00,8.640012741088867188e+00,5.863633155822753906e+00,9.401737213134765625e+00,9.411854743957519531e+00,8.791454315185546875e+00,1.229673862457275391e+01,9.410185813903808594e+00,1.024672412872314453e+01,1.203185272216796875e+01
9.072270393371582031e+00,8.780032157897949219e+00,8.628048896789550781e+00,5.885725021362304688e+00,9.273238182067871094e+00,9.328634262084960938e+00,8.536575317382812500e+00,1.221196556091308594e+01,9.400989532470703125e+00,1.020244789123535156e+01,1.202278900146484375e+01
9.115059852600097656e+00,8.807971000671386719e+00,8.675452232360839844e+00,5.910964012145996094e+00,9.071787834167480469e+00,9.373879432678222656e+00,8.486544609069824219e+00,1.220868396759033203e+01,9.439761161804199219e+00,1.022759819030761719e+01,1.204054641723632812e+01
9.120163917541503906e+00,8.828316688537597656e+00,8.725910186767578125e+00,5.862506866455078125e+00,9.191271781921386719e+00,9.454433441162109375e+00,8.532075881958007812e+00,1.224797916412353516e+01,9.514101028442382812e+00,1.029687690734863281e+01,1.209792804718017578e+01
9.144834518432617188e+00,8.902310371398925781e+00,8.780495643615722656e+00,5.933006286621093750e+00,9.217877388000488281e+00,9.552309036254882812e+00,8.421584129333496094e+00,1.226080608367919922e+01,9.560988426208496094e+00,1.031242942810058594e+01,1.215059661865234375e+01
9.153157234191894531e+00,8.887721061706542969e+00,8.729717254638671875e+00,5.941366195678710938e+00,9.227683067321777344e+00,9.471605300903320312e+00,8.430504798889160156e+00,1.229276371002197266e+01,9.540420532226562500e+00,1.032993602752685547e+01,1.216415405273437500e+01
9.174773216247558594e+00,8.945917129516601562e+00,8.770862579345703125e+00,5.928081512451171875e+00,9.302126884460449219e+00,9.574062347412109375e+00,8.449182510375976562e+00,1.235876941680908203e+01,9.599509239196777344e+00,1.040429592132568359e+01,1.222498703002929688e+01
9.171886444091796875e+00,8.856062889099121094e+00,8.748556137084960938e+00,5.932809829711914062e+00,9.040592193603515625e+00,9.477736473083496094e+00,8.333519935607910156e+00,1.224101352691650391e+01,9.524132728576660156e+00,1.028683090209960938e+01,1.211159324645996094e+01
9.160122871398925781e+00,8.855507850646972656e+00,8.761698722839355469e+00,5.925286293029785156e+00,9.128538131713867188e+00,9.493792533874511719e+00,8.334227561950683594e+00,1.222845745086669922e+01,9.538454055786132812e+00,1.028470516204833984e+01,1.212135601043701172e+01
9.119997024536132812e+00,7.574316978454589844e+00,7.937695503234863281e+00,5.454002380371093750e+00,8.165547370910644531e+00,7.513041496276855469e+00,7.730592250823974609e+00,1.167477703094482422e+01,8.902182579040527344e+00,9.711703300476074219e+00,1.141792583465576172e+01
9.118514060974121094e+00,7.556335449218750000e+00,7.883597373962402344e+00,5.402559280395507812e+00,7.953925132751464844e+00,7.404384136199951172e+00,7.862658500671386719e+00,1.172173595428466797e+01,8.890456199645996094e+00,9.757908821105957031e+00,1.140420341491699219e+01
9.138818740844726562e+00,7.521882057189941406e+00,7.980924606323242188e+00,5.370704174041748047e+00,8.097490310668945312e+00,7.463217258453369141e+00,7.856773853302001953e+00,1.173533630371093750e+01,8.971432685852050781e+00,9.781423568725585938e+00,1.143220424652099609e+01
9.074656486511230469e+00,7.451056480407714844e+00,7.877941131591796875e+00,5.380992889404296875e+00,8.057771682739257812e+00,7.341041564941406250e+00,7.823494434356689453e+00,1.161789989471435547e+01,8.882550239562988281e+00,9.690637588500976562e+00,1.136246967315673828e+01
9.085148811340332031e+00,7.534903526306152344e+00,7.905102729797363281e+00,5.475448608398437500e+00,8.026325225830078125e+00,7.384783267974853516e+00,7.861411571502685547e+00,1.166243457794189453e+01,8.912045478820800781e+00,9.732639312744140625e+00,1.142479133605957031e+01
9.100819587707519531e+00,7.434579849243164062e+00,7.829918861389160156e+00,5.301465034484863281e+00,8.225814819335937500e+00,7.322071075439453125e+00,7.778668880462646484e+00,1.166586589813232422e+01,8.902405738830566406e+00,9.764383316040039062e+00,1.143110084533691406e+01
9.083882331848144531e+00,7.332981109619140625e+00,7.826670646667480469e+00,5.423846244812011719e+00,7.888669490814208984e+00,7.075195312500000000e+00,7.785182476043701172e+00,1.153963756561279297e+01,8.835451126098632812e+00,9.613725662231445312e+00,1.131159877777099609e+01
9.088490486145019531e+00,7.487815856933593750e+00,7.902072429656982422e+00,5.329384803771972656e+00,8.173826217651367188e+00,7.477167606353759766e+00,7.812690258026123047e+00,1.164041996002197266e+01,8.925385475158691406e+00,9.757516860961914062e+00,1.141913223266601562e+01
9.127460479736328125e+00,7.520222663879394531e+00,7.915548324584960938e+00,5.346805572509765625e+00,8.105979919433593750e+00,7.419591903686523438e+00,7.834595203399658203e+00,1.169166851043701172e+01,8.932801246643066406e+00,9.764610290527343750e+00,1.142317771911621094e+01
9.065114021301269531e+00,7.290366172790527344e+00,7.822867393493652344e+00,5.362312316894531250e+00,7.763710975646972656e+00,7.097692489624023438e+00,7.784692764282226562e+00,1.148778533935546875e+01,8.831555366516113281e+00,9.606475830078125000e+00,1.127186012268066406e+01
9.126629829406738281e+00,7.664129257202148438e+00,8.143150329589843750e+00,5.433914184570312500e+00,7.874266147613525391e+00,7.744839668273925781e+00,7.812292575836181641e+00,1.164756965637207031e+01,8.983716964721679688e+00,9.672445297241210938e+00,1.133287239074707031e+01
9.035733222961425781e+00,7.563250541687011719e+00,8.037596702575683594e+00,5.475522041320800781e+00,7.736528873443603516e+00,7.490344047546386719e+00,7.938548088073730469e+00,1.152541446685791016e+01,8.886657714843750000e+00,9.544031143188476562e+00,1.121343612670898438e+01
9.180972099304199219e+00,7.827510833740234375e+00,8.208808898925781250e+00,5.554689407348632812e+00,7.914035797119140625e+00,7.891018390655517578e+00,7.848365783691406250e+00,1.181696891784667969e+01,9.077258110046386719e+00,9.813962936401367188e+00,1.148344421386718750e+01
9.194705963134765625e+00,7.831495285034179688e+00,8.349106788635253906e+00,5.603218078613281250e+00,7.968180656433105469e+00,7.974103450775146484e+00,7.834075450897216797e+00,1.181964778900146484e+01,9.220273971557617188e+00,9.877126693725585938e+00,1.157947158813476562e+01
9.164869308471679688e+00,7.914009094238281250e+00,8.361442565917968750e+00,5.535090446472167969e+00,8.115609169006347656e+00,8.070596694946289062e+00,8.105679512023925781e+00,1.194417858123779297e+01,9.300075531005859375e+00,1.002146816253662109e+01,1.167023086547851562e+01
9.108873367309570312e+00,7.903290748596191406e+00,8.296065330505371094e+00,5.543488502502441406e+00,8.347489356994628906e+00,7.935430526733398438e+00,8.365528106689453125e+00,1.196881580352783203e+01,9.331108093261718750e+00,1.008180046081542969e+01,1.174950790405273438e+01
9.082839965820312500e+00,7.751480102539062500e+00,8.243385314941406250e+00,5.545134544372558594e+00,7.883255481719970703e+00,7.849892616271972656e+00,7.988836765289306641e+00,1.166142845153808594e+01,9.126519203186035156e+00,9.770756721496582031e+00,1.145938301086425781e+01
9.118434906005859375e+00,7.680144309997558594e+00,8.187225341796875000e+00,5.613972187042236328e+00,7.817288875579833984e+00,7.628784656524658203e+00,7.905242443084716797e+00,1.167109298706054688e+01,9.085560798645019531e+00,9.745183944702148438e+00,1.146508789062500000e+01
9.130488395690917969e+00,7.856908798217773438e+00,8.322142601013183594e+00,5.682789802551269531e+00,8.043916702270507812e+00,7.942943096160888672e+00,8.046390533447265625e+00,1.178466320037841797e+01,9.240960121154785156e+00,9.902860641479492188e+00,1.163477897644042969e+01
9.204836845397949219e+00,7.631493568420410156e+00,8.076615333557128906e+00,5.409851074218750000e+00,7.611979007720947266e+00,7.542268753051757812e+00,7.790053844451904297e+00,1.172547912597656250e+01,8.963055610656738281e+00,9.704761505126953125e+00,1.132413673400878906e+01
9.219029426574707031e+00,8.574507713317871094e+00,8.667662620544433594e+00,5.791554450988769531e+00,8.748900413513183594e+00,9.131443977355957031e+00,8.059647560119628906e+00,1.215211009979248047e+01,9.540606498718261719e+00,1.026520919799804688e+01,1.203684329986572266e+01
9.207935333251953125e+00,8.730236053466796875e+00,8.791687965393066406e+00,5.771240234375000000e+00,9.160797119140625000e+00,9.334272384643554688e+00,8.463504791259765625e+00,1.227805805206298828e+01,9.728901863098144531e+00,1.045228290557861328e+01,1.223149490356445312e+01
9.304421424865722656e+00,8.294891357421875000e+00,8.641185760498046875e+00,5.687860012054443359e+00,7.853710651397705078e+00,8.969032287597656250e+00,7.523257255554199219e+00,1.182539463043212891e+01,9.270453453063964844e+00,9.858320236206054688e+00,1.156057357788085938e+01
9.200783729553222656e+00,8.419841766357421875e+00,8.661454200744628906e+00,5.731644630432128906e+00,8.338202476501464844e+00,9.024810791015625000e+00,7.938680648803710938e+00,1.194347858428955078e+01,9.435261726379394531e+00,1.007268714904785156e+01,1.181925010681152344e+01
9.182040214538574219e+00,8.403386116027832031e+00,8.653959274291992188e+00,5.717881202697753906e+00,8.453529357910156250e+00,9.009135246276855469e+00,7.950863838195800781e+00,1.191858768463134766e+01,9.453205108642578125e+00,1.007606315612792969e+01,1.183955383300781250e+01
9.179997444152832031e+00,8.407087326049804688e+00,8.637106895446777344e+00,5.698409080505371094e+00,8.484049797058105469e+00,8.978656768798828125e+00,8.080389022827148438e+00,1.194286823272705078e+01,9.464659690856933594e+00,1.012644481658935547e+01,1.188080978393554688e+01
9.222223281860351562e+00,8.367544174194335938e+00,8.638755798339843750e+00,5.712903499603271484e+00,8.246523857116699219e+00,8.952657699584960938e+00,7.867324352264404297e+00,1.194162750244140625e+01,9.418268203735351562e+00,1.005859184265136719e+01,1.178981685638427734e+01
9.209594726562500000e+00,8.400545120239257812e+00,8.650314331054687500e+00,5.710858345031738281e+00,8.356685638427734375e+00,9.056027412414550781e+00,7.845357418060302734e+00,1.190943431854248047e+01,9.418076515197753906e+00,1.004572868347167969e+01,1.179390525817871094e+01
9.182534217834472656e+00,8.348242759704589844e+00,8.616175651550292969e+00,5.717348575592041016e+00,8.386755943298339844e+00,8.858204841613769531e+00,8.013861656188964844e+00,1.192307376861572266e+01,9.441534042358398438e+00,1.008390617370605469e+01,1.184115791320800781e+01
9.188466072082519531e+00,8.323112487792968750e+00,8.615712165832519531e+00,5.704666137695312500e+00,8.242753028869628906e+00,8.840012550354003906e+00,7.961880207061767578e+00,1.190138912200927734e+01,9.409773826599121094e+00,1.004132461547851562e+01,1.177946472167968750e+01
9.145195960998535156e+00,9.159398078918457031e+00,8.883281707763671875e+00,5.913003444671630859e+00,1.004632949829101562e+01,9.665397644042968750e+00,8.506120681762695312e+00,1.271729183197021484e+01,9.923682212829589844e+00,1.068593215942382812e+01,1.248952865600585938e+01
9.190270423889160156e+00,9.079929351806640625e+00,8.861677169799804688e+00,5.874480724334716797e+00,9.799345970153808594e+00,9.569098472595214844e+00,8.552161216735839844e+00,1.270078754425048828e+01,9.916443824768066406e+00,1.071742439270019531e+01,1.249210929870605469e+01
9.130003929138183594e+00,9.130146980285644531e+00,8.872782707214355469e+00,5.861640930175781250e+00,1.007397174835205078e+01,9.626478195190429688e+00,8.622158050537109375e+00,1.271217346191406250e+01,9.937595367431640625e+00,1.070728683471679688e+01,1.249200248718261719e+01
9.201724052429199219e+00,9.031731605529785156e+00,8.881242752075195312e+00,5.905356407165527344e+00,9.761501312255859375e+00,9.539387702941894531e+00,8.602899551391601562e+00,1.258287525177001953e+01,9.885848999023437500e+00,1.063567447662353516e+01,1.245285987854003906e+01
9.244604110717773438e+00,9.044213294982910156e+00,8.869990348815917969e+00,5.919985771179199219e+00,9.594590187072753906e+00,9.531463623046875000e+00,8.387942314147949219e+00,1.266942787170410156e+01,9.873534202575683594e+00,1.065288734436035156e+01,1.244026565551757812e+01
9.279917716979980469e+00,8.976514816284179688e+00,8.931337356567382812e+00,5.878294944763183594e+00,9.278754234313964844e+00,9.521713256835937500e+00,8.544219970703125000e+00,1.256962871551513672e+01,9.907714843750000000e+00,1.065493202209472656e+01,1.242004776000976562e+01
9.210684776306152344e+00,8.831559181213378906e+00,8.794279098510742188e+00,5.849205017089843750e+00,9.437537193298339844e+00,9.308188438415527344e+00,8.446388244628906250e+00,1.244255733489990234e+01,9.772169113159179688e+00,1.050721931457519531e+01,1.231099700927734375e+01
9.207823753356933594e+00,8.747691154479980469e+00,8.791498184204101562e+00,5.817019462585449219e+00,9.314621925354003906e+00,9.212758064270019531e+00,8.597848892211914062e+00,1.234490776062011719e+01,9.769860267639160156e+00,1.049511718750000000e+01,1.229683876037597656e+01
9.223513603210449219e+00,8.759011268615722656e+00,8.777971267700195312e+00,5.818313598632812500e+00,9.384134292602539062e+00,9.225063323974609375e+00,8.405866622924804688e+00,1.244092178344726562e+01,9.774199485778808594e+00,1.051468658447265625e+01,1.230452632904052734e+01
9.208838462829589844e+00,8.730866432189941406e+00,8.784469604492187500e+00,5.751701831817626953e+00,9.369083404541015625e+00,9.186017990112304688e+00,8.597725868225097656e+00,1.243422126770019531e+01,9.806509971618652344e+00,1.056005477905273438e+01,1.231949806213378906e+01
9.127526283264160156e+00,7.599634170532226562e+00,7.964523792266845703e+00,5.714656829833984375e+00,8.002284049987792969e+00,7.388101577758789062e+00,8.053865432739257812e+00,1.186700057983398438e+01,9.044756889343261719e+00,9.935935974121093750e+00,1.164139366149902344e+01
9.109555244445800781e+00,7.798144340515136719e+00,8.025900840759277344e+00,5.695371627807617188e+00,8.130384445190429688e+00,7.619034767150878906e+00,8.079444885253906250e+00,1.193350887298583984e+01,9.098996162414550781e+00,9.990639686584472656e+00,1.170035171508789062e+01
9.113520622253417969e+00,7.742120742797851562e+00,7.971967697143554688e+00,5.770384788513183594e+00,8.036416053771972656e+00,7.479629039764404297e+00,7.948248863220214844e+00,1.185498142242431641e+01,9.041862487792968750e+00,9.908447265625000000e+00,1.166269111633300781e+01
9.136761665344238281e+00,7.669059753417968750e+00,7.897221088409423828e+00,5.738035202026367188e+00,7.960959911346435547e+00,7.216784477233886719e+00,8.117938995361328125e+00,1.200812816619873047e+01,9.058714866638183594e+00,1.002630233764648438e+01,1.172463417053222656e+01
9.106499671936035156e+00,7.740189552307128906e+00,8.051382064819335938e+00,5.669617176055908203e+00,8.175773620605468750e+00,7.572642326354980469e+00,8.082636833190917969e+00,1.190537071228027344e+01,9.150833129882812500e+00,1.001149559020996094e+01,1.172748565673828125e+01
9.108866691589355469e+00,7.721817016601562500e+00,7.989787578582763672e+00,5.684872627258300781e+00,8.090527534484863281e+00,7.488002777099609375e+00,7.996153354644775391e+00,1.185706233978271484e+01,9.080735206604003906e+00,9.946501731872558594e+00,1.167591190338134766e+01
9.130423545837402344e+00,7.653613090515136719e+00,7.978435516357421875e+00,5.796258926391601562e+00,7.959102630615234375e+00,7.256413459777832031e+00,7.940652847290039062e+00,1.185167789459228516e+01,9.096344947814941406e+00,9.921801567077636719e+00,1.169048786163330078e+01
9.098833084106445312e+00,7.783782958984375000e+00,8.101817131042480469e+00,5.733172416687011719e+00,8.161833763122558594e+00,7.680555343627929688e+00,7.886805534362792969e+00,1.173129367828369141e+01,9.116421699523925781e+00,9.852568626403808594e+00,1.164395999908447266e+01
9.039168357849121094e+00,7.714212417602539062e+00,8.003647804260253906e+00,5.813116073608398438e+00,8.417923927307128906e+00,7.472492218017578125e+00,7.877315998077392578e+00,1.166075801849365234e+01,9.071957588195800781e+00,9.794883728027343750e+00,1.166513633728027344e+01
9.050249099731445312e+00,7.538034439086914062e+00,7.867040157318115234e+00,5.711923599243164062e+00,8.019879341125488281e+00,7.168601512908935547e+00,7.959501743316650391e+00,1.168651866912841797e+01,8.984704017639160156e+00,9.807443618774414062e+00,1.157768726348876953e+01
9.120221138000488281e+00,8.222121238708496094e+00,8.456068038940429688e+00,5.621749877929687500e+00,8.476370811462402344e+00,8.488080978393554688e+00,8.416373252868652344e+00,1.204868221282958984e+01,9.364356040954589844e+00,1.012673091888427734e+01,1.180416107177734375e+01
9.171917915344238281e+00,8.401415824890136719e+00,8.597674369812011719e+00,5.711894512176513672e+00,8.569102287292480469e+00,8.818183898925781250e+00,8.289872169494628906e+00,1.212195873260498047e+01,9.464985847473144531e+00,1.020134830474853516e+01,1.191560363769531250e+01
9.139938354492187500e+00,8.316999435424804688e+00,8.565383911132812500e+00,5.644334793090820312e+00,8.596045494079589844e+00,8.733013153076171875e+00,8.345120429992675781e+00,1.204691505432128906e+01,9.438611030578613281e+00,1.016192531585693359e+01,1.186932563781738281e+01
9.153275489807128906e+00,8.343015670776367188e+00,8.599567413330078125e+00,5.684333801269531250e+00,8.496268272399902344e+00,8.776403427124023438e+00,8.265160560607910156e+00,1.203271675109863281e+01,9.447505950927734375e+00,1.013770294189453125e+01,1.185559272766113281e+01
9.215274810791015625e+00,8.419371604919433594e+00,8.634675025939941406e+00,5.707054615020751953e+00,8.371258735656738281e+00,8.938522338867187500e+00,8.072576522827148438e+00,1.211476993560791016e+01,9.442507743835449219e+00,1.015708541870117188e+01,1.184943675994873047e+01
9.166234016418457031e+00,8.352552413940429688e+00,8.590023040771484375e+00,5.654903888702392578e+00,8.467758178710937500e+00,8.813991546630859375e+00,8.272339820861816406e+00,1.205879497528076172e+01,9.439482688903808594e+00,1.015468502044677734e+01,1.184952354431152344e+01
9.244590759277343750e+00,8.515004158020019531e+00,8.693496704101562500e+00,5.804447174072265625e+00,8.471951484680175781e+00,8.962752342224121094e+00,8.143373489379882812e+00,1.219976520538330078e+01,9.532870292663574219e+00,1.024043083190917969e+01,1.196826934814453125e+01
9.154519081115722656e+00,8.266014099121093750e+00,8.518023490905761719e+00,5.603545665740966797e+00,8.448239326477050781e+00,8.633544921875000000e+00,8.361742019653320312e+00,1.206390476226806641e+01,9.424210548400878906e+00,1.017757701873779297e+01,1.184793853759765625e+01
9.228947639465332031e+00,8.456198692321777344e+00,8.728190422058105469e+00,5.728082656860351562e+00,8.426887512207031250e+00,9.113297462463378906e+00,7.922563076019287109e+00,1.205970573425292969e+01,9.471896171569824219e+00,1.010815048217773438e+01,1.182722759246826172e+01
9.168284416198730469e+00,8.278518676757812500e+00,8.554403305053710938e+00,5.629901409149169922e+00,8.453703880310058594e+00,8.668282508850097656e+00,8.216792106628417969e+00,1.206248950958251953e+01,9.454209327697753906e+00,1.017474746704101562e+01,1.186502170562744141e+01
9.074422836303710938e+00,7.905494689941406250e+00,8.367133140563964844e+00,5.460444450378417969e+00,8.473402023315429688e+00,8.226951599121093750e+00,7.931281566619873047e+00,1.181550979614257812e+01,9.314277648925781250e+00,9.964339256286621094e+00,1.165548324584960938e+01
9.129670143127441406e+00,7.829048156738281250e+00,8.326132774353027344e+00,5.419491291046142578e+00,8.397427558898925781e+00,8.053693771362304688e+00,7.876986980438232422e+00,1.188876533508300781e+01,9.341809272766113281e+00,1.004727363586425781e+01,1.170910930633544922e+01
9.129168510437011719e+00,7.719391822814941406e+00,8.260602951049804688e+00,5.267739772796630859e+00,8.084699630737304688e+00,7.969904899597167969e+00,7.779140949249267578e+00,1.178383541107177734e+01,9.223268508911132812e+00,9.916551589965820312e+00,1.151039505004882812e+01
9.212092399597167969e+00,7.887565612792968750e+00,8.332991600036621094e+00,5.420626163482666016e+00,8.221539497375488281e+00,7.858012676239013672e+00,7.755289554595947266e+00,1.208183765411376953e+01,9.411082267761230469e+00,1.015368461608886719e+01,1.179335308074951172e+01
9.134377479553222656e+00,7.929535865783691406e+00,8.462793350219726562e+00,5.362488269805908203e+00,8.533292770385742188e+00,8.243095397949218750e+00,7.830878734588623047e+00,1.196660995483398438e+01,9.482222557067871094e+00,1.011194801330566406e+01,1.175507354736328125e+01
9.303683280944824219e+00,7.889575958251953125e+00,8.442127227783203125e+00,5.530447959899902344e+00,7.960424900054931641e+00,8.042254447937011719e+00,7.583745479583740234e+00,1.189403247833251953e+01,9.325559616088867188e+00,9.929725646972656250e+00,1.161879158020019531e+01
9.278104782104492188e+00,7.716425895690917969e+00,8.251504898071289062e+00,5.479464530944824219e+00,7.922213077545166016e+00,7.664857864379882812e+00,7.560438632965087891e+00,1.178937816619873047e+01,9.233980178833007812e+00,9.889440536499023438e+00,1.160589981079101562e+01
9.257494926452636719e+00,7.816729545593261719e+00,8.332636833190917969e+00,5.332118988037109375e+00,8.049019813537597656e+00,7.977615356445312500e+00,7.736684322357177734e+00,1.195032024383544922e+01,9.334176063537597656e+00,1.007423591613769531e+01,1.167874717712402344e+01
9.242548942565917969e+00,8.017235755920410156e+00,8.443079948425292969e+00,5.493854522705078125e+00,8.101501464843750000e+00,8.026303291320800781e+00,7.970165729522705078e+00,1.219802570343017578e+01,9.503544807434082031e+00,1.025582504272460938e+01,1.186312103271484375e+01
9.249823570251464844e+00,7.953879356384277344e+00,8.466525077819824219e+00,5.535650253295898438e+00,8.234560012817382812e+00,8.036258697509765625e+00,7.692072391510009766e+00,1.203355693817138672e+01,9.442252159118652344e+00,1.005273437500000000e+01,1.174383354187011719e+01
9.268270492553710938e+00,9.103631019592285156e+00,8.921116828918457031e+00,6.128105640411376953e+00,8.955861091613769531e+00,9.886880874633789062e+00,8.126286506652832031e+00,1.234914493560791016e+01,9.541302680969238281e+00,1.021694660186767578e+01,1.206621646881103516e+01
9.237619400024414062e+00,9.039461135864257812e+00,8.882089614868164062e+00,6.094966888427734375e+00,8.999640464782714844e+00,9.811227798461914062e+00,8.111037254333496094e+00,1.227717494964599609e+01,9.510117530822753906e+00,1.017293357849121094e+01,1.203758811950683594e+01
9.265194892883300781e+00,9.131569862365722656e+00,8.944801330566406250e+00,6.134889602661132812e+00,9.012303352355957031e+00,9.949378013610839844e+00,8.103675842285156250e+00,1.233119678497314453e+01,9.547696113586425781e+00,1.019389247894287109e+01,1.205956459045410156e+01
9.233513832092285156e+00,8.951965332031250000e+00,8.814211845397949219e+00,6.034564971923828125e+00,8.947871208190917969e+00,9.649827003479003906e+00,8.143199920654296875e+00,1.228155231475830078e+01,9.498528480529785156e+00,1.020023345947265625e+01,1.203655815124511719e+01
9.218837738037109375e+00,8.928895950317382812e+00,8.788958549499511719e+00,6.057261466979980469e+00,8.949766159057617188e+00,9.615295410156250000e+00,8.071993827819824219e+00,1.222495746612548828e+01,9.451401710510253906e+00,1.013224983215332031e+01,1.199209976196289062e+01
9.212450981140136719e+00,8.844657897949218750e+00,8.792872428894042969e+00,5.951009750366210938e+00,8.841673851013183594e+00,9.571368217468261719e+00,8.186245918273925781e+00,1.219198131561279297e+01,9.471219062805175781e+00,1.016037559509277344e+01,1.197201156616210938e+01
9.214452743530273438e+00,8.863700866699218750e+00,8.786326408386230469e+00,6.014985084533691406e+00,8.833900451660156250e+00,9.559811592102050781e+00,8.051078796386718750e+00,1.217416763305664062e+01,9.436383247375488281e+00,1.010317420959472656e+01,1.194365119934082031e+01
9.172961235046386719e+00,8.646340370178222656e+00,8.638260841369628906e+00,5.901983737945556641e+00,8.712971687316894531e+00,9.230086326599121094e+00,8.083531379699707031e+00,1.209714984893798828e+01,9.351654052734375000e+00,1.006538963317871094e+01,1.186572456359863281e+01
9.198843955993652344e+00,8.679089546203613281e+00,8.727813720703125000e+00,5.948975086212158203e+00,8.658947944641113281e+00,9.283754348754882812e+00,8.045481681823730469e+00,1.210686779022216797e+01,9.414101600646972656e+00,1.006534099578857422e+01,1.187950325012207031e+01
9.243181228637695312e+00,8.837241172790527344e+00,8.812810897827148438e+00,6.012501716613769531e+00,8.732991218566894531e+00,9.508447647094726562e+00,8.046563148498535156e+00,1.218989086151123047e+01,9.483931541442871094e+00,1.012304782867431641e+01,1.195263481140136719e+01
9.149999618530273438e+00,8.610354423522949219e+00,8.697908401489257812e+00,5.824727058410644531e+00,8.813807487487792969e+00,9.196197509765625000e+00,8.293816566467285156e+00,1.203845596313476562e+01,9.467565536499023438e+00,1.013319587707519531e+01,1.194066047668457031e+01
9.163277626037597656e+00,8.626401901245117188e+00,8.695407867431640625e+00,5.842934608459472656e+00,8.827617645263671875e+00,9.207194328308105469e+00,8.274245262145996094e+00,1.205213642120361328e+01,9.473605155944824219e+00,1.013883495330810547e+01,1.195415019989013672e+01
9.178041458129882812e+00,8.623158454895019531e+00,8.685875892639160156e+00,5.857570648193359375e+00,8.807262420654296875e+00,9.157182693481445312e+00,8.240318298339843750e+00,1.207345485687255859e+01,9.483953475952148438e+00,1.015516853332519531e+01,1.197309875488281250e+01
9.225571632385253906e+00,8.634686470031738281e+00,8.664653778076171875e+00,5.812510013580322266e+00,8.837134361267089844e+00,9.175167083740234375e+00,8.191683769226074219e+00,1.224394130706787109e+01,9.516205787658691406e+00,1.027243804931640625e+01,1.203095245361328125e+01
9.214016914367675781e+00,8.614665985107421875e+00,8.703517913818359375e+00,5.831567764282226562e+00,8.732970237731933594e+00,9.192775726318359375e+00,8.137851715087890625e+00,1.212640476226806641e+01,9.498185157775878906e+00,1.018253135681152344e+01,1.196859836578369141e+01
9.197382926940917969e+00,8.569664955139160156e+00,8.675172805786132812e+00,5.859528064727783203e+00,8.789452552795410156e+00,9.059077262878417969e+00,8.144123077392578125e+00,1.209637928009033203e+01,9.500246047973632812e+00,1.016374111175537109e+01,1.198085975646972656e+01
9.288341522216796875e+00,8.690505027770996094e+00,8.744745254516601562e+00,5.949333667755126953e+00,8.678987503051757812e+00,9.218434333801269531e+00,7.966213226318359375e+00,1.223664569854736328e+01,9.536002159118652344e+00,1.020344543457031250e+01,1.200653457641601562e+01
9.209462165832519531e+00,8.542868614196777344e+00,8.690424919128417969e+00,5.804940223693847656e+00,8.608583450317382812e+00,9.099397659301757812e+00,8.143656730651855469e+00,1.206557464599609375e+01,9.482519149780273438e+00,1.014684295654296875e+01,1.192203426361083984e+01
9.216962814331054688e+00,8.510185241699218750e+00,8.650907516479492188e+00,5.839934349060058594e+00,8.654023170471191406e+00,8.999379158020019531e+00,8.051550865173339844e+00,1.208566761016845703e+01,9.465579986572265625e+00,1.013714981079101562e+01,1.193142795562744141e+01
9.199678421020507812e+00,8.476947784423828125e+00,8.607060432434082031e+00,5.851416587829589844e+00,8.638197898864746094e+00,8.911643981933593750e+00,8.017468452453613281e+00,1.203838443756103516e+01,9.430569648742675781e+00,1.009218406677246094e+01,1.190285873413085938e+01
9.171258926391601562e+00,8.754062652587890625e+00,8.626993179321289062e+00,6.047602653503417969e+00,8.842036247253417969e+00,9.316949844360351562e+00,8.171951293945312500e+00,1.232053756713867188e+01,9.244028091430664062e+00,1.006516170501708984e+01,1.184221935272216797e+01
9.179896354675292969e+00,8.765778541564941406e+00,8.648626327514648438e+00,6.065288066864013672e+00,8.686387062072753906e+00,9.340956687927246094e+00,8.091336250305175781e+00,1.228167819976806641e+01,9.208024024963378906e+00,9.985337257385253906e+00,1.175969219207763672e+01
9.070657730102539062e+00,8.653702735900878906e+00,8.488922119140625000e+00,5.960131645202636719e+00,9.035583496093750000e+00,9.133817672729492188e+00,8.248679161071777344e+00,1.217073345184326172e+01,9.139414787292480469e+00,9.928354263305664062e+00,1.173993873596191406e+01
9.134357452392578125e+00,8.589252471923828125e+00,8.581420898437500000e+00,6.102887153625488281e+00,8.502995491027832031e+00,9.054228782653808594e+00,7.932782649993896484e+00,1.205670452117919922e+01,9.118277549743652344e+00,9.793959617614746094e+00,1.162358570098876953e+01
9.132074356079101562e+00,8.584235191345214844e+00,8.586173057556152344e+00,5.953181266784667969e+00,8.626547813415527344e+00,9.100797653198242188e+00,8.080389976501464844e+00,1.212929916381835938e+01,9.202954292297363281e+00,9.935546875000000000e+00,1.170994472503662109e+01
9.171504020690917969e+00,8.750056266784667969e+00,8.711709976196289062e+00,5.932678699493408203e+00,8.831334114074707031e+00,9.444443702697753906e+00,8.078037261962890625e+00,1.224649524688720703e+01,9.343229293823242188e+00,1.010129165649414062e+01,1.187136363983154297e+01
9.129485130310058594e+00,8.723456382751464844e+00,8.669060707092285156e+00,5.939916610717773438e+00,8.986359596252441406e+00,9.371707916259765625e+00,8.092100143432617188e+00,1.217771434783935547e+01,9.323866844177246094e+00,1.006243515014648438e+01,1.187685585021972656e+01
9.167086601257324219e+00,8.716056823730468750e+00,8.645324707031250000e+00,5.965041637420654297e+00,8.892398834228515625e+00,9.315227508544921875e+00,7.954898357391357422e+00,1.223207187652587891e+01,9.323514938354492188e+00,1.007781505584716797e+01,1.188125610351562500e+01
9.115308761596679688e+00,8.624102592468261719e+00,8.576413154602050781e+00,5.913689613342285156e+00,8.887895584106445312e+00,9.235706329345703125e+00,7.970075130462646484e+00,1.210469150543212891e+01,9.237550735473632812e+00,9.988956451416015625e+00,1.179792308807373047e+01
9.149072647094726562e+00,8.697018623352050781e+00,8.658142089843750000e+00,5.972216606140136719e+00,8.730456352233886719e+00,9.359498023986816406e+00,7.926997184753417969e+00,1.210350799560546875e+01,9.271540641784667969e+00,9.971412658691406250e+00,1.178372955322265625e+01
9.189564704895019531e+00,8.579829216003417969e+00,8.489363670349121094e+00,5.918648242950439453e+00,8.903192520141601562e+00,8.969179153442382812e+00,8.386440277099609375e+00,1.240430736541748047e+01,9.218062400817871094e+00,1.015007495880126953e+01,1.186531257629394531e+01
9.199432373046875000e+00,8.529283523559570312e+00,8.531803131103515625e+00,5.781194210052490234e+00,8.690529823303222656e+00,9.072982788085937500e+00,8.333182334899902344e+00,1.232863521575927734e+01,9.268542289733886719e+00,1.020104598999023438e+01,1.185740470886230469e+01
9.164226531982421875e+00,8.236248970031738281e+00,8.185274124145507812e+00,5.786427021026611328e+00,8.610818862915039062e+00,8.364532470703125000e+00,8.255252838134765625e+00,1.224841785430908203e+01,9.124313354492187500e+00,1.017322349548339844e+01,1.185541343688964844e+01
9.194437980651855469e+00,8.184442520141601562e+00,8.347958564758300781e+00,5.599905014038085938e+00,8.561742782592773438e+00,8.655174255371093750e+00,8.118211746215820312e+00,1.214356327056884766e+01,9.209692001342773438e+00,1.016308498382568359e+01,1.179780006408691406e+01
9.132431983947753906e+00,8.148241996765136719e+00,8.370620727539062500e+00,5.470067977905273438e+00,8.569485664367675781e+00,8.857347488403320312e+00,8.082915306091308594e+00,1.197583007812500000e+01,9.185851097106933594e+00,1.008629322052001953e+01,1.170287322998046875e+01
9.191044807434082031e+00,8.250452995300292969e+00,8.404242515563964844e+00,5.456524372100830078e+00,8.575345039367675781e+00,9.023731231689453125e+00,8.048192024230957031e+00,1.211614322662353516e+01,9.234347343444824219e+00,1.019157409667968750e+01,1.176836013793945312e+01
9.208554267883300781e+00,8.090368270874023438e+00,8.437307357788085938e+00,5.490307807922363281e+00,8.403809547424316406e+00,8.782045364379882812e+00,7.954316616058349609e+00,1.199130535125732422e+01,9.230349540710449219e+00,1.007471179962158203e+01,1.169083213806152344e+01
9.127522468566894531e+00,7.906704902648925781e+00,8.069580078125000000e+00,5.451811790466308594e+00,8.560591697692871094e+00,8.135176658630371094e+00,8.023365974426269531e+00,1.199956417083740234e+01,9.092255592346191406e+00,1.007848167419433594e+01,1.170885848999023438e+01
9.159353256225585938e+00,7.970489501953125000e+00,8.112721443176269531e+00,5.460753440856933594e+00,8.714150428771972656e+00,8.196144104003906250e+00,8.047927856445312500e+00,1.213702487945556641e+01,9.169210433959960938e+00,1.018184185028076172e+01,1.180099487304687500e+01
9.140110015869140625e+00,7.916692733764648438e+00,8.122183799743652344e+00,5.391784667968750000e+00,8.784523963928222656e+00,8.270177841186523438e+00,8.085226058959960938e+00,1.205186367034912109e+01,9.169456481933593750e+00,1.016356372833251953e+01,1.177667713165283203e+01
9.246121406555175781e+00,8.235119819641113281e+00,8.453223228454589844e+00,5.541519641876220703e+00,8.901283264160156250e+00,8.537162780761718750e+00,8.008696556091308594e+00,1.230818653106689453e+01,9.466085433959960938e+00,1.031135177612304688e+01,1.196904087066650391e+01
9.347292900085449219e+00,8.123013496398925781e+00,8.420742988586425781e+00,5.482465267181396484e+00,8.616062164306640625e+00,8.319769859313964844e+00,7.735821247100830078e+00,1.225235557556152344e+01,9.396006584167480469e+00,1.021770858764648438e+01,1.187294292449951172e+01
9.196942329406738281e+00,8.062986373901367188e+00,8.403911590576171875e+00,5.464653968811035156e+00,8.813851356506347656e+00,8.335493087768554688e+00,8.071693420410156250e+00,1.213024520874023438e+01,9.411762237548828125e+00,1.019402694702148438e+01,1.185440254211425781e+01
9.246627807617187500e+00,8.048712730407714844e+00,8.468830108642578125e+00,5.468540191650390625e+00,8.586398124694824219e+00,8.316598892211914062e+00,7.934231281280517578e+00,1.212070941925048828e+01,9.440651893615722656e+00,1.018363189697265625e+01,1.183655166625976562e+01
9.293404579162597656e+00,8.083139419555664062e+00,8.424321174621582031e+00,5.509864807128906250e+00,8.700058937072753906e+00,8.307815551757812500e+00,7.861245155334472656e+00,1.219782733917236328e+01,9.423275947570800781e+00,1.022837543487548828e+01,1.190244865417480469e+01
9.259018898010253906e+00,8.061286926269531250e+00,8.527796745300292969e+00,5.453587532043457031e+00,8.760117530822753906e+00,8.432963371276855469e+00,7.827525615692138672e+00,1.212706089019775391e+01,9.513102531433105469e+00,1.022066879272460938e+01,1.189322090148925781e+01
9.234475135803222656e+00,7.970915794372558594e+00,8.400565147399902344e+00,5.520728588104248047e+00,8.719368934631347656e+00,8.114822387695312500e+00,7.876582145690917969e+00,1.210774517059326172e+01,9.441309928894042969e+00,1.018816852569580078e+01,1.189578056335449219e+01
9.244163513183593750e+00,8.040287971496582031e+00,8.449567794799804688e+00,5.528099060058593750e+00,8.601786613464355469e+00,8.291114807128906250e+00,7.819333076477050781e+00,1.206145000457763672e+01,9.413197517395019531e+00,1.012231349945068359e+01,1.182511711120605469e+01
9.275519371032714844e+00,7.969655990600585938e+00,8.430991172790527344e+00,5.418866157531738281e+00,8.672078132629394531e+00,8.216083526611328125e+00,7.792638301849365234e+00,1.210621833801269531e+01,9.443826675415039062e+00,1.018761730194091797e+01,1.185393047332763672e+01
9.258178710937500000e+00,8.055544853210449219e+00,8.441639900207519531e+00,5.475250244140625000e+00,8.750206947326660156e+00,8.344892501831054688e+00,7.837687015533447266e+00,1.211182117462158203e+01,9.431929588317871094e+00,1.017747688293457031e+01,1.186060523986816406e+01
9.317976951599121094e+00,8.165642738342285156e+00,8.417380332946777344e+00,5.681836128234863281e+00,8.972855567932128906e+00,8.223348617553710938e+00,7.723470687866210938e+00,1.233541202545166016e+01,9.392842292785644531e+00,1.021397399902343750e+01,1.196989822387695312e+01
9.255699157714843750e+00,8.134548187255859375e+00,8.393204689025878906e+00,5.591292381286621094e+00,9.064332962036132812e+00,8.176618576049804688e+00,7.767213344573974609e+00,1.233330059051513672e+01,9.434346199035644531e+00,1.024353885650634766e+01,1.197249794006347656e+01
9.270330429077148438e+00,8.141249656677246094e+00,8.365533828735351562e+00,5.644922733306884766e+00,8.925597190856933594e+00,8.110468864440917969e+00,7.819900035858154297e+00,1.231416225433349609e+01,9.380065917968750000e+00,1.019914531707763672e+01,1.193641376495361328e+01
9.354304313659667969e+00,8.095261573791503906e+00,8.378390312194824219e+00,5.614282608032226562e+00,8.901915550231933594e+00,8.050123214721679688e+00,7.641087532043457031e+00,1.228107738494873047e+01,9.350174903869628906e+00,1.013475990295410156e+01,1.189425277709960938e+01
9.239968299865722656e+00,8.100902557373046875e+00,8.381925582885742188e+00,5.649897575378417969e+00,9.031243324279785156e+00,8.064784049987792969e+00,7.842137813568115234e+00,1.228852272033691406e+01,9.419522285461425781e+00,1.020322608947753906e+01,1.196058654785156250e+01
9.272727966308593750e+00,8.103734016418457031e+00,8.449547767639160156e+00,5.608768463134765625e+00,8.985678672790527344e+00,8.169446945190429688e+00,7.716462612152099609e+00,1.225457382202148438e+01,9.443350791931152344e+00,1.017686176300048828e+01,1.192856693267822266e+01
9.280833244323730469e+00,8.119150161743164062e+00,8.377919197082519531e+00,5.581531047821044922e+00,9.004433631896972656e+00,8.100849151611328125e+00,7.784881114959716797e+00,1.229527664184570312e+01,9.395275115966796875e+00,1.018072128295898438e+01,1.191760253906250000e+01
9.348755836486816406e+00,8.114634513854980469e+00,8.398032188415527344e+00,5.649625778198242188e+00,8.950137138366699219e+00,8.045287132263183594e+00,7.699571132659912109e+00,1.225852584838867188e+01,9.360479354858398438e+00,1.011561965942382812e+01,1.189934062957763672e+01
9.271208763122558594e+00,8.039621353149414062e+00,8.351629257202148438e+00,5.578496456146240234e+00,8.986839294433593750e+00,7.998798370361328125e+00,7.837988376617431641e+00,1.222646236419677734e+01,9.353888511657714844e+00,1.011744594573974609e+01,1.186537361145019531e+01
9.200997352600097656e+00,7.966599464416503906e+00,8.351289749145507812e+00,5.591650962829589844e+00,9.144514083862304688e+00,7.986664772033691406e+00,7.896357059478759766e+00,1.213296604156494141e+01,9.383345603942871094e+00,1.011316299438476562e+01,1.189316940307617188e+01
9.155945777893066406e+00,8.838129043579101562e+00,8.654998779296875000e+00,6.027979850769042969e+00,9.009890556335449219e+00,9.468281745910644531e+00,8.242312431335449219e+00,1.236878013610839844e+01,9.220979690551757812e+00,1.004730892181396484e+01,1.182926940917968750e+01
9.211983680725097656e+00,8.830800056457519531e+00,8.711967468261718750e+00,5.982984066009521484e+00,8.775681495666503906e+00,9.503514289855957031e+00,8.220943450927734375e+00,1.240515995025634766e+01,9.287791252136230469e+00,1.011882209777832031e+01,1.184444236755371094e+01
9.232135772705078125e+00,8.735713005065917969e+00,8.638761520385742188e+00,5.917895317077636719e+00,8.759177207946777344e+00,9.284677505493164062e+00,8.251172065734863281e+00,1.246313953399658203e+01,9.324499130249023438e+00,1.021238613128662109e+01,1.190263748168945312e+01
9.200647354125976562e+00,8.613074302673339844e+00,8.512315750122070312e+00,5.950138092041015625e+00,8.814879417419433594e+00,8.993358612060546875e+00,8.125573158264160156e+00,1.240228557586669922e+01,9.272023200988769531e+00,1.016024494171142578e+01,1.190149593353271484e+01
9.190346717834472656e+00,8.664151191711425781e+00,8.601600646972656250e+00,5.811626434326171875e+00,8.851255416870117188e+00,9.258222579956054688e+00,8.301209449768066406e+00,1.237042713165283203e+01,9.332707405090332031e+00,1.021405982971191406e+01,1.190565109252929688e+01
9.110131263732910156e+00,8.578449249267578125e+00,8.419331550598144531e+00,5.813133716583251953e+00,9.251881599426269531e+00,9.000453948974609375e+00,8.288515090942382812e+00,1.232881259918212891e+01,9.272522926330566406e+00,1.019742584228515625e+01,1.195896339416503906e+01
9.175885200500488281e+00,8.621313095092773438e+00,8.611650466918945312e+00,5.816527843475341797e+00,8.736247062683105469e+00,9.217795372009277344e+00,8.191870689392089844e+00,1.226578617095947266e+01,9.356430053710937500e+00,1.016693305969238281e+01,1.188473129272460938e+01
9.255938529968261719e+00,8.516379356384277344e+00,8.502299308776855469e+00,5.831380844116210938e+00,8.518561363220214844e+00,8.902283668518066406e+00,8.089100837707519531e+00,1.240613079071044922e+01,9.311524391174316406e+00,1.023104000091552734e+01,1.189980888366699219e+01
9.264257431030273438e+00,8.546980857849121094e+00,8.588668823242187500e+00,5.833027839660644531e+00,8.566134452819824219e+00,9.019995689392089844e+00,8.030899047851562500e+00,1.238642024993896484e+01,9.366312980651855469e+00,1.022891807556152344e+01,1.191031360626220703e+01
9.200158119201660156e+00,8.521021842956542969e+00,8.528421401977539062e+00,5.856606960296630859e+00,8.654889106750488281e+00,8.926321029663085938e+00,8.097043037414550781e+00,1.226305484771728516e+01,9.333168983459472656e+00,1.016119003295898438e+01,1.189627742767333984e+01
9.165849685668945312e+00,8.146408081054687500e+00,8.139447212219238281e+00,5.595692634582519531e+00,9.140000343322753906e+00,8.301505088806152344e+00,8.338956832885742188e+00,1.235016155242919922e+01,9.122372627258300781e+00,1.016875648498535156e+01,1.182829475402832031e+01
9.214343070983886719e+00,8.169447898864746094e+00,8.226288795471191406e+00,5.531241416931152344e+00,9.052628517150878906e+00,8.485812187194824219e+00,8.291835784912109375e+00,1.237688922882080078e+01,9.185210227966308594e+00,1.023700428009033203e+01,1.185518074035644531e+01
9.209057807922363281e+00,8.159675598144531250e+00,8.239299774169921875e+00,5.555716514587402344e+00,9.045051574707031250e+00,8.462934494018554688e+00,8.251850128173828125e+00,1.235230731964111328e+01,9.199919700622558594e+00,1.023166465759277344e+01,1.186758804321289062e+01
9.187460899353027344e+00,8.127863883972167969e+00,8.087334632873535156e+00,5.492072105407714844e+00,9.009604454040527344e+00,8.304872512817382812e+00,8.363115310668945312e+00,1.238082218170166016e+01,9.101180076599121094e+00,1.021846389770507812e+01,1.180788993835449219e+01
9.200631141662597656e+00,8.087597846984863281e+00,8.064889907836914062e+00,5.510930061340332031e+00,9.066678047180175781e+00,8.162683486938476562e+00,8.275997161865234375e+00,1.240127754211425781e+01,9.142631530761718750e+00,1.026261997222900391e+01,1.187632560729980469e+01
9.262459754943847656e+00,8.099773406982421875e+00,8.145439147949218750e+00,5.432952880859375000e+00,8.988820075988769531e+00,8.352600097656250000e+00,8.184482574462890625e+00,1.242743873596191406e+01,9.199792861938476562e+00,1.033000278472900391e+01,1.189689350128173828e+01
9.233768463134765625e+00,8.015217781066894531e+00,8.112175941467285156e+00,5.415732383728027344e+00,8.893380165100097656e+00,8.191151618957519531e+00,8.170390129089355469e+00,1.233061695098876953e+01,9.178906440734863281e+00,1.026215362548828125e+01,1.184637260437011719e+01
9.327767372131347656e+00,8.072185516357421875e+00,8.121370315551757812e+00,5.448078632354736328e+00,8.865944862365722656e+00,8.194148063659667969e+00,8.040042877197265625e+00,1.242761898040771484e+01,9.191771507263183594e+00,1.032684516906738281e+01,1.191682147979736328e+01
9.290680885314941406e+00,8.060069084167480469e+00,8.152462959289550781e+00,5.407871723175048828e+00,8.723169326782226562e+00,8.279624938964843750e+00,8.029959678649902344e+00,1.236914920806884766e+01,9.206271171569824219e+00,1.030906867980957031e+01,1.187440013885498047e+01
9.309161186218261719e+00,7.995619773864746094e+00,8.138502120971679688e+00,5.354944705963134766e+00,8.766467094421386719e+00,8.212258338928222656e+00,7.909174442291259766e+00,1.231356525421142578e+01,9.195678710937500000e+00,1.026110076904296875e+01,1.183635520935058594e+01
9.200029373168945312e+00,8.054963111877441406e+00,8.327374458312988281e+00,5.597756385803222656e+00,8.506081581115722656e+00,8.019564628601074219e+00,8.221954345703125000e+00,1.214770221710205078e+01,9.237893104553222656e+00,1.002753448486328125e+01,1.168774223327636719e+01
9.139740943908691406e+00,8.041418075561523438e+00,8.307291984558105469e+00,5.499728202819824219e+00,8.705904006958007812e+00,8.070769309997558594e+00,8.349683761596679688e+00,1.211007213592529297e+01,9.252465248107910156e+00,1.003198719024658203e+01,1.167257690429687500e+01
9.152077674865722656e+00,7.925866127014160156e+00,8.301844596862792969e+00,5.519020080566406250e+00,8.568444252014160156e+00,7.966355323791503906e+00,8.128350257873535156e+00,1.198329544067382812e+01,9.228507041931152344e+00,9.961456298828125000e+00,1.164556789398193359e+01
9.182782173156738281e+00,7.953202247619628906e+00,8.282917022705078125e+00,5.573075294494628906e+00,8.478953361511230469e+00,7.871131896972656250e+00,8.165030479431152344e+00,1.205457019805908203e+01,9.215337753295898438e+00,9.974627494812011719e+00,1.165613460540771484e+01
9.108671188354492188e+00,7.945350646972656250e+00,8.416983604431152344e+00,5.704344749450683594e+00,8.698378562927246094e+00,7.959480285644531250e+00,8.205872535705566406e+00,1.193790340423583984e+01,9.361626625061035156e+00,9.998806953430175781e+00,1.178582382202148438e+01
9.181694984436035156e+00,7.989699363708496094e+00,8.369209289550781250e+00,5.496647834777832031e+00,8.748023033142089844e+00,8.061536788940429688e+00,8.241629600524902344e+00,1.214030551910400391e+01,9.364092826843261719e+00,1.013292694091796875e+01,1.179387092590332031e+01
9.206093788146972656e+00,7.876474380493164062e+00,8.345540046691894531e+00,5.471372604370117188e+00,8.355505943298339844e+00,7.901708126068115234e+00,8.067019462585449219e+00,1.194474315643310547e+01,9.227362632751464844e+00,9.911967277526855469e+00,1.157608890533447266e+01
9.087251663208007812e+00,7.902127265930175781e+00,8.326453208923339844e+00,5.530918121337890625e+00,8.703814506530761719e+00,7.950174331665039062e+00,8.295331001281738281e+00,1.194669151306152344e+01,9.314462661743164062e+00,1.000849246978759766e+01,1.171687507629394531e+01
9.192643165588378906e+00,8.009921073913574219e+00,8.396162986755371094e+00,5.523535728454589844e+00,8.780638694763183594e+00,8.124569892883300781e+00,8.082604408264160156e+00,1.214280223846435547e+01,9.396616935729980469e+00,1.015172767639160156e+01,1.183444976806640625e+01
9.136506080627441406e+00,7.911465644836425781e+00,8.376252174377441406e+00,5.571437835693359375e+00,8.750144958496093750e+00,7.917667865753173828e+00,8.279385566711425781e+00,1.203807926177978516e+01,9.390473365783691406e+00,1.009291839599609375e+01,1.181032276153564453e+01
9.166934013366699219e+00,8.692498207092285156e+00,8.646301269531250000e+00,5.824359893798828125e+00,9.187581062316894531e+00,9.337961196899414062e+00,8.269840240478515625e+00,1.214917755126953125e+01,9.451910972595214844e+00,1.017272090911865234e+01,1.199491691589355469e+01
9.183770179748535156e+00,8.663910865783691406e+00,8.547506332397460938e+00,5.788166046142578125e+00,9.163082122802734375e+00,9.218098640441894531e+00,8.316411018371582031e+00,1.224318599700927734e+01,9.430608749389648438e+00,1.025946807861328125e+01,1.204171371459960938e+01
9.145714759826660156e+00,8.654494285583496094e+00,8.547112464904785156e+00,5.785412788391113281e+00,9.276429176330566406e+00,9.228651046752929688e+00,8.290236473083496094e+00,1.216656208038330078e+01,9.404017448425292969e+00,1.018593215942382812e+01,1.199903297424316406e+01
9.140065193176269531e+00,8.484636306762695312e+00,8.474855422973632812e+00,5.741695404052734375e+00,9.142361640930175781e+00,8.961940765380859375e+00,8.260210037231445312e+00,1.212815093994140625e+01,9.373051643371582031e+00,1.017316436767578125e+01,1.196524429321289062e+01
9.188590049743652344e+00,8.647801399230957031e+00,8.581621170043945312e+00,5.765884399414062500e+00,9.098950386047363281e+00,9.239114761352539062e+00,8.303259849548339844e+00,1.220416545867919922e+01,9.450761795043945312e+00,1.024637413024902344e+01,1.202414131164550781e+01
9.192036628723144531e+00,8.471732139587402344e+00,8.528436660766601562e+00,5.689092636108398438e+00,9.034529685974121094e+00,8.965800285339355469e+00,8.300629615783691406e+00,1.222305297851562500e+01,9.477499008178710938e+00,1.029599857330322266e+01,1.203733539581298828e+01
9.198826789855957031e+00,8.546555519104003906e+00,8.640308380126953125e+00,5.748244285583496094e+00,8.945010185241699219e+00,9.168414115905761719e+00,8.294642448425292969e+00,1.212129402160644531e+01,9.488131523132324219e+00,1.020183753967285156e+01,1.197835540771484375e+01
9.176915168762207031e+00,8.432223320007324219e+00,8.502183914184570312e+00,5.712878227233886719e+00,8.977949142456054688e+00,8.946317672729492188e+00,8.191815376281738281e+00,1.211792564392089844e+01,9.401001930236816406e+00,1.019297599792480469e+01,1.195901298522949219e+01
9.171896934509277344e+00,8.407319068908691406e+00,8.571905136108398438e+00,5.659227371215820312e+00,8.844803810119628906e+00,8.988126754760742188e+00,8.253115653991699219e+00,1.207650184631347656e+01,9.431763648986816406e+00,1.017885398864746094e+01,1.191829776763916016e+01
9.208220481872558594e+00,8.537373542785644531e+00,8.605223655700683594e+00,5.758511543273925781e+00,8.887252807617187500e+00,9.133689880371093750e+00,8.224578857421875000e+00,1.212561035156250000e+01,9.451294898986816406e+00,1.019125843048095703e+01,1.196433639526367188e+01
9.257374763488769531e+00,8.638091087341308594e+00,8.524610519409179688e+00,5.833810806274414062e+00,8.854418754577636719e+00,9.128402709960937500e+00,8.367927551269531250e+00,1.250265979766845703e+01,9.275153160095214844e+00,1.029255485534667969e+01,1.194786167144775391e+01
9.191182136535644531e+00,8.566226005554199219e+00,8.411860466003417969e+00,5.704693794250488281e+00,9.211676597595214844e+00,9.037064552307128906e+00,8.498318672180175781e+00,1.252444171905517578e+01,9.333845138549804688e+00,1.044228744506835938e+01,1.209458065032958984e+01
9.217331886291503906e+00,8.521897315979003906e+00,8.547394752502441406e+00,5.688428401947021484e+00,9.007348060607910156e+00,9.097990036010742188e+00,8.407641410827636719e+00,1.242120838165283203e+01,9.385355949401855469e+00,1.035932731628417969e+01,1.201280975341796875e+01
9.186651229858398438e+00,8.346530914306640625e+00,8.418551445007324219e+00,5.644398689270019531e+00,8.941941261291503906e+00,8.716746330261230469e+00,8.504950523376464844e+00,1.237783622741699219e+01,9.335190773010253906e+00,1.031601428985595703e+01,1.195721244812011719e+01
9.217103004455566406e+00,8.180968284606933594e+00,8.406376838684082031e+00,5.420945167541503906e+00,8.841150283813476562e+00,8.836951255798339844e+00,8.226861953735351562e+00,1.228293132781982422e+01,9.317114830017089844e+00,1.031134796142578125e+01,1.187609863281250000e+01
9.408213615417480469e+00,8.130939483642578125e+00,8.280732154846191406e+00,5.255513191223144531e+00,8.720938682556152344e+00,8.561729431152343750e+00,7.810231685638427734e+00,1.250866985321044922e+01,9.338759422302246094e+00,1.047273635864257812e+01,1.195374107360839844e+01
9.405077934265136719e+00,8.059007644653320312e+00,8.223122596740722656e+00,5.355823516845703125e+00,8.919320106506347656e+00,8.314213752746582031e+00,7.757819652557373047e+00,1.245658969879150391e+01,9.265223503112792969e+00,1.031919288635253906e+01,1.190562057495117188e+01
9.247702598571777344e+00,8.138091087341308594e+00,8.217345237731933594e+00,5.466794490814208984e+00,9.136839866638183594e+00,8.473542213439941406e+00,7.947493076324462891e+00,1.238059806823730469e+01,9.354546546936035156e+00,1.042871284484863281e+01,1.205068683624267578e+01
9.179880142211914062e+00,8.040218353271484375e+00,8.180561065673828125e+00,5.465900421142578125e+00,9.242213249206542969e+00,8.271823883056640625e+00,8.043617248535156250e+00,1.230946254730224609e+01,9.352503776550292969e+00,1.037432765960693359e+01,1.202874469757080078e+01
9.297690391540527344e+00,8.127159118652343750e+00,8.215656280517578125e+00,5.372125625610351562e+00,9.019965171813964844e+00,8.429672241210937500e+00,7.910687923431396484e+00,1.247878837585449219e+01,9.368903160095214844e+00,1.048527812957763672e+01,1.204857063293457031e+01
9.247843742370605469e+00,8.084214210510253906e+00,8.254003524780273438e+00,5.752796173095703125e+00,8.243054389953613281e+00,8.229001045227050781e+00,7.885827064514160156e+00,1.207162284851074219e+01,9.019504547119140625e+00,9.876238822937011719e+00,1.158084487915039062e+01
9.332831382751464844e+00,7.888354301452636719e+00,8.239993095397949219e+00,5.607682228088378906e+00,7.508462429046630859e+00,7.759892463684082031e+00,7.688971996307373047e+00,1.173959159851074219e+01,8.813183784484863281e+00,9.416860580444335938e+00,1.109832191467285156e+01
9.217158317565917969e+00,7.870153427124023438e+00,8.154221534729003906e+00,5.601098537445068359e+00,8.089529037475585938e+00,7.907179355621337891e+00,7.862617015838623047e+00,1.188687610626220703e+01,8.926508903503417969e+00,9.715160369873046875e+00,1.140158653259277344e+01
9.241840362548828125e+00,7.891151428222656250e+00,8.209947586059570312e+00,5.622898101806640625e+00,7.993073940277099609e+00,8.020009040832519531e+00,7.711915969848632812e+00,1.185400104522705078e+01,8.945978164672851562e+00,9.704573631286621094e+00,1.140087890625000000e+01
9.192554473876953125e+00,7.994009017944335938e+00,8.191681861877441406e+00,5.652978897094726562e+00,8.404433250427246094e+00,8.140492439270019531e+00,7.888598442077636719e+00,1.200439453125000000e+01,9.026588439941406250e+00,9.880802154541015625e+00,1.158748626708984375e+01
9.220728874206542969e+00,7.904146194458007812e+00,8.160464286804199219e+00,5.585021018981933594e+00,8.071006774902343750e+00,7.983228206634521484e+00,7.750479221343994141e+00,1.187138652801513672e+01,8.932734489440917969e+00,9.715637207031250000e+00,1.140221977233886719e+01
9.332924842834472656e+00,7.921457290649414062e+00,8.307764053344726562e+00,5.545719623565673828e+00,7.762276172637939453e+00,8.133634567260742188e+00,7.654270648956298828e+00,1.187932491302490234e+01,8.993971824645996094e+00,9.734401702880859375e+00,1.137389755249023438e+01
9.334341049194335938e+00,7.910415649414062500e+00,8.429393768310546875e+00,5.648470878601074219e+00,7.847787380218505859e+00,8.175008773803710938e+00,7.584543704986572266e+00,1.181754016876220703e+01,9.097739219665527344e+00,9.733282089233398438e+00,1.145350456237792969e+01
9.301108360290527344e+00,8.014400482177734375e+00,8.467958450317382812e+00,5.708169460296630859e+00,8.126792907714843750e+00,8.366812705993652344e+00,7.653005123138427734e+00,1.193196964263916016e+01,9.196108818054199219e+00,9.870191574096679688e+00,1.160524463653564453e+01
9.362827301025390625e+00,7.965044021606445312e+00,8.246254920959472656e+00,5.437878608703613281e+00,8.012064933776855469e+00,8.211759567260742188e+00,7.682347774505615234e+00,1.202435016632080078e+01,9.024872779846191406e+00,9.878229141235351562e+00,1.147655487060546875e+01
9.113188743591308594e+00,7.707502365112304688e+00,7.883812427520751953e+00,5.462805271148681641e+00,8.593946456909179688e+00,7.653675079345703125e+00,8.333503723144531250e+00,1.206969070434570312e+01,8.928074836730957031e+00,9.983922958374023438e+00,1.158910942077636719e+01
9.277202606201171875e+00,7.804871559143066406e+00,7.994271755218505859e+00,5.258399009704589844e+00,8.529327392578125000e+00,7.990051269531250000e+00,8.035874366760253906e+00,1.221999263763427734e+01,9.046620368957519531e+00,1.016915702819824219e+01,1.168594551086425781e+01
9.273739814758300781e+00,7.681514739990234375e+00,7.969652175903320312e+00,5.314761161804199219e+00,8.489828109741210938e+00,7.883742809295654297e+00,7.842418193817138672e+00,1.205850124359130859e+01,9.001648902893066406e+00,1.006679344177246094e+01,1.164893245697021484e+01
9.255383491516113281e+00,7.675028800964355469e+00,7.900957584381103516e+00,5.334190845489501953e+00,8.646131515502929688e+00,7.663500785827636719e+00,7.888169765472412109e+00,1.217510032653808594e+01,9.054713249206542969e+00,1.017100524902343750e+01,1.176509666442871094e+01
9.238491058349609375e+00,7.555461883544921875e+00,7.900289535522460938e+00,5.413202285766601562e+00,8.373137474060058594e+00,7.451997280120849609e+00,8.008834838867187500e+00,1.202328014373779297e+01,8.972234725952148438e+00,1.000651359558105469e+01,1.162499618530273438e+01
9.186209678649902344e+00,7.676065444946289062e+00,7.847105979919433594e+00,5.437130451202392578e+00,8.534264564514160156e+00,7.479457855224609375e+00,8.201451301574707031e+00,1.216984844207763672e+01,8.980889320373535156e+00,1.009472846984863281e+01,1.169313812255859375e+01
9.289807319641113281e+00,7.705768585205078125e+00,7.939354896545410156e+00,5.218144416809082031e+00,8.592648506164550781e+00,7.798201560974121094e+00,7.876543045043945312e+00,1.215413379669189453e+01,9.050645828247070312e+00,1.014843177795410156e+01,1.170020198822021484e+01
9.383165359497070312e+00,7.622653961181640625e+00,7.901859283447265625e+00,5.214509963989257812e+00,8.559048652648925781e+00,7.615440368652343750e+00,7.703229427337646484e+00,1.213440322875976562e+01,9.015786170959472656e+00,1.010968303680419922e+01,1.170017433166503906e+01
9.122918128967285156e+00,7.509202957153320312e+00,7.764248847961425781e+00,5.308572292327880859e+00,8.377369880676269531e+00,7.332362174987792969e+00,8.191614151000976562e+00,1.199118328094482422e+01,8.903716087341308594e+00,9.979626655578613281e+00,1.154527854919433594e+01
9.332152366638183594e+00,7.820424079895019531e+00,7.945261001586914062e+00,5.199604034423828125e+00,8.836329460144042969e+00,7.791282653808593750e+00,7.614784240722656250e+00,1.233029079437255859e+01,9.146651268005371094e+00,1.026151561737060547e+01,1.183187484741210938e+01
9.516849517822265625e+00,7.176217079162597656e+00,6.875148773193359375e+00,2.880226135253906250e+00,7.179191112518310547e+00,5.644978523254394531e+00,6.948713302612304688e+00,1.174012088775634766e+01,8.463915824890136719e+00,9.930159568786621094e+00,1.095258903503417969e+01
9.520438194274902344e+00,7.177222251892089844e+00,6.653274059295654297e+00,2.745131015777587891e+00,6.407037258148193359e+00,4.919536113739013672e+00,6.964259624481201172e+00,1.171094989776611328e+01,8.323212623596191406e+00,9.912626266479492188e+00,1.093244361877441406e+01
9.562095642089843750e+00,6.991110801696777344e+00,6.868288993835449219e+00,2.868108749389648438e+00,6.875803947448730469e+00,5.250844955444335938e+00,7.194632530212402344e+00,1.156323814392089844e+01,8.567675590515136719e+00,9.919420242309570312e+00,1.099264526367187500e+01
9.518476486206054688e+00,6.762658119201660156e+00,6.421486377716064453e+00,2.742798805236816406e+00,6.987280368804931641e+00,5.414769172668457031e+00,7.069448947906494141e+00,1.131338214874267578e+01,8.108595848083496094e+00,9.704016685485839844e+00,1.068700981140136719e+01
9.389928817749023438e+00,7.093207359313964844e+00,6.500957489013671875e+00,2.768477916717529297e+00,7.222111225128173828e+00,5.236834526062011719e+00,7.032526493072509766e+00,1.162912368774414062e+01,8.298831939697265625e+00,9.918739318847656250e+00,1.092663860321044922e+01
9.464560508728027344e+00,6.756278991699218750e+00,6.685213088989257812e+00,2.876574516296386719e+00,7.217315673828125000e+00,5.477092742919921875e+00,7.152435302734375000e+00,1.136645221710205078e+01,8.373931884765625000e+00,9.756492614746093750e+00,1.079711341857910156e+01
9.314629554748535156e+00,6.695696830749511719e+00,6.296094894409179688e+00,2.617578506469726562e+00,6.734985351562500000e+00,4.785014629364013672e+00,7.405981540679931641e+00,1.121902465820312500e+01,8.233190536499023438e+00,9.837348937988281250e+00,1.080128669738769531e+01
9.361638069152832031e+00,7.137982368469238281e+00,6.684432983398437500e+00,2.937649250030517578e+00,6.878962993621826172e+00,5.278610706329345703e+00,7.182646274566650391e+00,1.163538265228271484e+01,8.469502449035644531e+00,9.968760490417480469e+00,1.102057266235351562e+01
9.553354263305664062e+00,6.883759498596191406e+00,6.364589214324951172e+00,2.518294334411621094e+00,6.676126003265380859e+00,4.949445724487304688e+00,7.184703350067138672e+00,1.136125850677490234e+01,8.170941352844238281e+00,9.832451820373535156e+00,1.078713798522949219e+01
9.588852882385253906e+00,6.884677886962890625e+00,6.511257171630859375e+00,2.630486488342285156e+00,7.081520080566406250e+00,5.151357650756835938e+00,7.127542495727539062e+00,1.141365146636962891e+01,8.289314270019531250e+00,9.814959526062011719e+00,1.082498931884765625e+01
9.334244728088378906e+00,7.968407630920410156e+00,7.997348308563232422e+00,5.570057868957519531e+00,8.539492607116699219e+00,7.751301765441894531e+00,7.912476062774658203e+00,1.246956729888916016e+01,9.104437828063964844e+00,1.025470161437988281e+01,1.187808895111083984e+01
9.228710174560546875e+00,7.785580635070800781e+00,7.959605693817138672e+00,5.489785194396972656e+00,8.361488342285156250e+00,7.686037063598632812e+00,7.928599357604980469e+00,1.216130828857421875e+01,9.032696723937988281e+00,1.007506752014160156e+01,1.170158195495605469e+01
9.127788543701171875e+00,7.619220733642578125e+00,7.815375328063964844e+00,5.353854656219482422e+00,8.698393821716308594e+00,7.519586563110351562e+00,8.033080101013183594e+00,1.205058097839355469e+01,8.987054824829101562e+00,1.005489444732666016e+01,1.168329048156738281e+01
9.171256065368652344e+00,7.653305053710937500e+00,7.854575157165527344e+00,5.349083900451660156e+00,8.495425224304199219e+00,7.546148777008056641e+00,7.990633964538574219e+00,1.204262351989746094e+01,8.982254028320312500e+00,1.002811717987060547e+01,1.164257621765136719e+01
9.151628494262695312e+00,7.587682723999023438e+00,7.857547760009765625e+00,5.267777442932128906e+00,8.510100364685058594e+00,7.566969871520996094e+00,7.973570346832275391e+00,1.192326641082763672e+01,8.953763961791992188e+00,9.945524215698242188e+00,1.155464458465576172e+01
9.183549880981445312e+00,7.541257858276367188e+00,7.886694908142089844e+00,5.335916519165039062e+00,8.504864692687988281e+00,7.451140403747558594e+00,7.830123424530029297e+00,1.193101787567138672e+01,9.017741203308105469e+00,9.978720664978027344e+00,1.163430690765380859e+01
9.288144111633300781e+00,7.724174499511718750e+00,7.895608901977539062e+00,5.237991333007812500e+00,8.509972572326660156e+00,7.587094783782958984e+00,7.823208332061767578e+00,1.218997859954833984e+01,9.071873664855957031e+00,1.015938568115234375e+01,1.173820972442626953e+01
9.272043228149414062e+00,7.617280006408691406e+00,7.814987182617187500e+00,5.161064147949218750e+00,8.717768669128417969e+00,7.491279602050781250e+00,7.899292469024658203e+00,1.207910251617431641e+01,8.983925819396972656e+00,1.004654216766357422e+01,1.163820838928222656e+01
9.313324928283691406e+00,7.675605773925781250e+00,7.947050571441650391e+00,5.158887386322021484e+00,8.684638977050781250e+00,7.667222023010253906e+00,7.779754161834716797e+00,1.213845539093017578e+01,9.115908622741699219e+00,1.015089893341064453e+01,1.173555946350097656e+01
9.170216560363769531e+00,7.516737937927246094e+00,7.881869792938232422e+00,5.215079307556152344e+00,8.499297142028808594e+00,7.480667114257812500e+00,7.833375930786132812e+00,1.190644931793212891e+01,9.042504310607910156e+00,9.999950408935546875e+00,1.161654567718505859e+01
9.237259864807128906e+00,8.467884063720703125e+00,8.507286071777343750e+00,5.681785583496093750e+00,9.276288032531738281e+00,8.966991424560546875e+00,7.981759071350097656e+00,1.250115585327148438e+01,9.471665382385253906e+00,1.041536521911621094e+01,1.209530258178710938e+01
9.216866493225097656e+00,8.396835327148437500e+00,8.436469078063964844e+00,5.672986984252929688e+00,9.406458854675292969e+00,8.705794334411621094e+00,7.916845321655273438e+00,1.251471424102783203e+01,9.501530647277832031e+00,1.043597602844238281e+01,1.214000797271728516e+01
9.238210678100585938e+00,8.377532958984375000e+00,8.378331184387207031e+00,5.724632740020751953e+00,9.362063407897949219e+00,8.575374603271484375e+00,7.886464118957519531e+00,1.249996185302734375e+01,9.452095985412597656e+00,1.040501880645751953e+01,1.213617229461669922e+01
9.286188125610351562e+00,8.282579421997070312e+00,8.537586212158203125e+00,5.505979061126708984e+00,9.342270851135253906e+00,8.762473106384277344e+00,7.659270763397216797e+00,1.244980907440185547e+01,9.583203315734863281e+00,1.041139984130859375e+01,1.207129764556884766e+01
9.299236297607421875e+00,8.439133644104003906e+00,8.592450141906738281e+00,5.488422870635986328e+00,9.399491310119628906e+00,8.965523719787597656e+00,7.674674034118652344e+00,1.261290264129638672e+01,9.656819343566894531e+00,1.053496742248535156e+01,1.214373016357421875e+01
9.387381553649902344e+00,8.323684692382812500e+00,8.546316146850585938e+00,5.413922786712646484e+00,9.219964981079101562e+00,8.861853599548339844e+00,7.588280677795410156e+00,1.254660987854003906e+01,9.570670127868652344e+00,1.046516609191894531e+01,1.205852317810058594e+01
9.285088539123535156e+00,8.155274391174316406e+00,8.465948104858398438e+00,5.317277908325195312e+00,9.273901939392089844e+00,8.594813346862792969e+00,7.737516403198242188e+00,1.251436901092529297e+01,9.589421272277832031e+00,1.049094581604003906e+01,1.205612659454345703e+01
9.349599838256835938e+00,8.332376480102539062e+00,8.566744804382324219e+00,5.417532444000244141e+00,9.214375495910644531e+00,8.846587181091308594e+00,7.615013599395751953e+00,1.251784324645996094e+01,9.601281166076660156e+00,1.045611763000488281e+01,1.205692863464355469e+01
9.342122077941894531e+00,8.238338470458984375e+00,8.578696250915527344e+00,5.405774116516113281e+00,9.261734008789062500e+00,8.737337112426757812e+00,7.510120868682861328e+00,1.243232917785644531e+01,9.609134674072265625e+00,1.037920570373535156e+01,1.201486206054687500e+01
9.297850608825683594e+00,8.228638648986816406e+00,8.603914260864257812e+00,5.370994567871093750e+00,9.201850891113281250e+00,8.795606613159179688e+00,7.675093173980712891e+00,1.242598342895507812e+01,9.655159950256347656e+00,1.044635486602783203e+01,1.204392051696777344e+01
9.434109687805175781e+00,7.883528709411621094e+00,8.272596359252929688e+00,5.432847023010253906e+00,8.041273117065429688e+00,8.024294853210449219e+00,7.645655155181884766e+00,1.195162487030029297e+01,8.999535560607910156e+00,9.779829025268554688e+00,1.142775154113769531e+01
9.357718467712402344e+00,7.872732162475585938e+00,8.156980514526367188e+00,5.464685440063476562e+00,8.264480590820312500e+00,7.899870395660400391e+00,7.813556671142578125e+00,1.202960491180419922e+01,8.989123344421386719e+00,9.855033874511718750e+00,1.150857067108154297e+01
9.197422981262207031e+00,7.895538330078125000e+00,8.311224937438964844e+00,5.581304073333740234e+00,8.431897163391113281e+00,8.147374153137207031e+00,7.939634799957275391e+00,1.192382812500000000e+01,9.136175155639648438e+00,9.899355888366699219e+00,1.160311985015869141e+01
9.249770164489746094e+00,7.829833984375000000e+00,8.274859428405761719e+00,5.511867523193359375e+00,8.386616706848144531e+00,8.084364891052246094e+00,7.762135982513427734e+00,1.184049129486083984e+01,9.062617301940917969e+00,9.801858901977539062e+00,1.151411247253417969e+01
9.422973632812500000e+00,7.848411560058593750e+00,8.158482551574707031e+00,5.269656658172607422e+00,8.097517013549804688e+00,7.947834968566894531e+00,7.769635200500488281e+00,1.196086120605468750e+01,8.914984703063964844e+00,9.751195907592773438e+00,1.133053302764892578e+01
9.284626960754394531e+00,7.898816108703613281e+00,8.188722610473632812e+00,5.453348159790039062e+00,8.398085594177246094e+00,8.013403892517089844e+00,7.907715320587158203e+00,1.200027751922607422e+01,9.030563354492187500e+00,9.872930526733398438e+00,1.152089786529541016e+01
9.272556304931640625e+00,7.874151229858398438e+00,8.232592582702636719e+00,5.452523708343505859e+00,8.531539916992187500e+00,8.108240127563476562e+00,7.831865787506103516e+00,1.197043228149414062e+01,9.089537620544433594e+00,9.909322738647460938e+00,1.158303070068359375e+01
9.446579933166503906e+00,7.876385688781738281e+00,8.268394470214843750e+00,5.324989318847656250e+00,8.230925559997558594e+00,8.131740570068359375e+00,7.642563343048095703e+00,1.198358345031738281e+01,9.042307853698730469e+00,9.855018615722656250e+00,1.147576332092285156e+01
9.292784690856933594e+00,7.827117919921875000e+00,8.238471031188964844e+00,5.397195339202880859e+00,8.437895774841308594e+00,8.093857765197753906e+00,7.722045421600341797e+00,1.184826183319091797e+01,9.038332939147949219e+00,9.796945571899414062e+00,1.147665405273437500e+01
9.208170890808105469e+00,7.857054710388183594e+00,8.215147972106933594e+00,5.475547790527343750e+00,8.553873062133789062e+00,8.084010124206542969e+00,7.859763622283935547e+00,1.191936206817626953e+01,9.096350669860839844e+00,9.900506973266601562e+00,1.159099769592285156e+01
9.356443405151367188e+00,8.092630386352539062e+00,7.913587570190429688e+00,5.818592071533203125e+00,8.179174423217773438e+00,7.703009605407714844e+00,7.923330783843994141e+00,1.251014709472656250e+01,8.991084098815917969e+00,1.024702644348144531e+01,1.188990879058837891e+01
9.472752571105957031e+00,7.914721488952636719e+00,7.862025737762451172e+00,5.606345653533935547e+00,8.187330245971679688e+00,7.495201110839843750e+00,7.743168830871582031e+00,1.241161251068115234e+01,8.934544563293457031e+00,1.016624832153320312e+01,1.180146503448486328e+01
9.387581825256347656e+00,7.821896553039550781e+00,7.863644599914550781e+00,5.404290199279785156e+00,8.242921829223632812e+00,7.450703620910644531e+00,7.749702930450439453e+00,1.238148021697998047e+01,9.025291442871093750e+00,1.023101711273193359e+01,1.181000900268554688e+01
9.226498603820800781e+00,7.871909141540527344e+00,7.947020530700683594e+00,5.319746494293212891e+00,9.015740394592285156e+00,7.916675567626953125e+00,7.778579711914062500e+00,1.231540489196777344e+01,9.184292793273925781e+00,1.031050491333007812e+01,1.190904426574707031e+01
9.327754974365234375e+00,7.969254493713378906e+00,8.095368385314941406e+00,5.250630378723144531e+00,8.945290565490722656e+00,8.098167419433593750e+00,7.566401481628417969e+00,1.239540195465087891e+01,9.283722877502441406e+00,1.034462928771972656e+01,1.191883659362792969e+01
9.203000068664550781e+00,7.808277130126953125e+00,7.979380607604980469e+00,5.214544296264648438e+00,9.077030181884765625e+00,8.030093193054199219e+00,7.853366374969482422e+00,1.221844959259033203e+01,9.216305732727050781e+00,1.030071067810058594e+01,1.186821651458740234e+01
9.169914245605468750e+00,7.832673072814941406e+00,8.064353942871093750e+00,5.241969108581542969e+00,9.130623817443847656e+00,8.184943199157714844e+00,7.841060161590576172e+00,1.215282154083251953e+01,9.255218505859375000e+00,1.025392723083496094e+01,1.184277915954589844e+01
9.309727668762207031e+00,7.996389389038085938e+00,8.193768501281738281e+00,5.290372848510742188e+00,9.112461090087890625e+00,8.409299850463867188e+00,7.696077346801757812e+00,1.230431652069091797e+01,9.316498756408691406e+00,1.032010459899902344e+01,1.190936946868896484e+01
9.160469055175781250e+00,7.864727020263671875e+00,8.094931602478027344e+00,5.225134849548339844e+00,9.221343040466308594e+00,8.232463836669921875e+00,7.956214427947998047e+00,1.220584201812744141e+01,9.314471244812011719e+00,1.031974792480468750e+01,1.189127922058105469e+01
9.309124946594238281e+00,7.825116157531738281e+00,8.052762985229492188e+00,5.241772174835205078e+00,9.106549263000488281e+00,8.133533477783203125e+00,7.638055324554443359e+00,1.217565536499023438e+01,9.205522537231445312e+00,1.021801376342773438e+01,1.183421611785888672e+01
9.113744735717773438e+00,8.390734672546386719e+00,8.478078842163085938e+00,5.756068229675292969e+00,8.977065086364746094e+00,8.928981781005859375e+00,8.305941581726074219e+00,1.216078472137451172e+01,9.281167030334472656e+00,1.014414596557617188e+01,1.187977409362792969e+01
9.100628852844238281e+00,8.438968658447265625e+00,8.428956031799316406e+00,5.639307975769042969e+00,8.966547966003417969e+00,9.002330780029296875e+00,8.406508445739746094e+00,1.223665904998779297e+01,9.291479110717773438e+00,1.021897125244140625e+01,1.188518524169921875e+01
9.097959518432617188e+00,8.295894622802734375e+00,8.346265792846679688e+00,5.618058204650878906e+00,8.948887825012207031e+00,8.737936973571777344e+00,8.348075866699218750e+00,1.221893787384033203e+01,9.290707588195800781e+00,1.022688579559326172e+01,1.189401340484619141e+01
9.060468673706054688e+00,8.119990348815917969e+00,8.152402877807617188e+00,5.557566642761230469e+00,8.678774833679199219e+00,8.471818923950195312e+00,8.189791679382324219e+00,1.205390834808349609e+01,9.088988304138183594e+00,1.006834411621093750e+01,1.171681976318359375e+01
9.107787132263183594e+00,8.160053253173828125e+00,8.274869918823242188e+00,5.355728626251220703e+00,8.943652153015136719e+00,8.695745468139648438e+00,8.533922195434570312e+00,1.223039150238037109e+01,9.289546966552734375e+00,1.031823348999023438e+01,1.186426544189453125e+01
8.939568519592285156e+00,7.835442543029785156e+00,7.998971939086914062e+00,5.456346988677978516e+00,8.882513999938964844e+00,8.072376251220703125e+00,7.913035392761230469e+00,1.176088237762451172e+01,8.996179580688476562e+00,9.846656799316406250e+00,1.155977249145507812e+01
8.947535514831542969e+00,7.845022201538085938e+00,8.159590721130371094e+00,5.455316543579101562e+00,8.822760581970214844e+00,8.107850074768066406e+00,8.040431976318359375e+00,1.175016307830810547e+01,9.157795906066894531e+00,9.904354095458984375e+00,1.162090015411376953e+01
8.911034584045410156e+00,7.989439010620117188e+00,8.193531990051269531e+00,5.338064193725585938e+00,8.915614128112792969e+00,8.664344787597656250e+00,8.094922065734863281e+00,1.163831615447998047e+01,9.075808525085449219e+00,9.843517303466796875e+00,1.152430915832519531e+01
9.035056114196777344e+00,8.063150405883789062e+00,8.297599792480468750e+00,5.383129119873046875e+00,8.896170616149902344e+00,8.750879287719726562e+00,8.094244956970214844e+00,1.187629604339599609e+01,9.209015846252441406e+00,1.003710174560546875e+01,1.168700027465820312e+01
9.011469841003417969e+00,7.720112800598144531e+00,8.022898674011230469e+00,5.237852573394775391e+00,8.703583717346191406e+00,7.923059463500976562e+00,8.107804298400878906e+00,1.195514297485351562e+01,9.149212837219238281e+00,1.007011413574218750e+01,1.164098167419433594e+01
9.061537742614746094e+00,7.589245796203613281e+00,7.670788288116455078e+00,5.179724216461181641e+00,8.715703964233398438e+00,7.559665679931640625e+00,7.782420158386230469e+00,1.201475143432617188e+01,8.933093070983886719e+00,1.007001686096191406e+01,1.163427257537841797e+01
9.012833595275878906e+00,7.534090042114257812e+00,7.873985767364501953e+00,5.146853446960449219e+00,8.637337684631347656e+00,7.717937469482421875e+00,7.768095493316650391e+00,1.179105854034423828e+01,9.047945022583007812e+00,9.955024719238281250e+00,1.154348278045654297e+01
8.943212509155273438e+00,7.405676841735839844e+00,7.683827400207519531e+00,5.074288368225097656e+00,8.524163246154785156e+00,7.481628417968750000e+00,7.885852336883544922e+00,1.170347118377685547e+01,8.893824577331542969e+00,9.877992630004882812e+00,1.143272209167480469e+01
8.967356681823730469e+00,7.282887458801269531e+00,7.671248435974121094e+00,5.069581508636474609e+00,8.419690132141113281e+00,7.366935253143310547e+00,7.704840183258056641e+00,1.156369304656982422e+01,8.834280967712402344e+00,9.752016067504882812e+00,1.133794879913330078e+01
8.946534156799316406e+00,7.322159767150878906e+00,7.731346607208251953e+00,5.061932086944580078e+00,8.428535461425781250e+00,7.460602760314941406e+00,7.822752475738525391e+00,1.158923435211181641e+01,8.900008201599121094e+00,9.806539535522460938e+00,1.137236595153808594e+01
8.986703872680664062e+00,7.424236297607421875e+00,7.832935333251953125e+00,4.980459213256835938e+00,8.585803985595703125e+00,7.697042465209960938e+00,7.869946956634521484e+00,1.171891880035400391e+01,9.028374671936035156e+00,9.945319175720214844e+00,1.146577548980712891e+01
9.016483306884765625e+00,7.400529861450195312e+00,7.713061332702636719e+00,5.054694175720214844e+00,8.553542137145996094e+00,7.563051700592041016e+00,7.802288532257080078e+00,1.168805503845214844e+01,8.879945755004882812e+00,9.859486579895019531e+00,1.141998672485351562e+01
8.999353408813476562e+00,7.384498596191406250e+00,7.704653739929199219e+00,4.997018814086914062e+00,8.588396072387695312e+00,7.582167625427246094e+00,7.786877632141113281e+00,1.172582912445068359e+01,8.920777320861816406e+00,9.917780876159667969e+00,1.144751930236816406e+01
8.995965003967285156e+00,7.291597366333007812e+00,7.636398315429687500e+00,5.008123397827148438e+00,8.544373512268066406e+00,7.360499858856201172e+00,7.783950328826904297e+00,1.167657089233398438e+01,8.877676963806152344e+00,9.879743576049804688e+00,1.142837142944335938e+01
8.944454193115234375e+00,7.315110206604003906e+00,7.710258483886718750e+00,5.018315792083740234e+00,8.512401580810546875e+00,7.514803886413574219e+00,7.787093162536621094e+00,1.154056072235107422e+01,8.885756492614746094e+00,9.790517807006835938e+00,1.135903930664062500e+01
9.184726715087890625e+00,8.021910667419433594e+00,8.094727516174316406e+00,5.550507545471191406e+00,9.288662910461425781e+00,7.991955757141113281e+00,7.858959197998046875e+00,1.237531757354736328e+01,9.290042877197265625e+00,1.031286334991455078e+01,1.201690864562988281e+01
9.236972808837890625e+00,7.945956230163574219e+00,8.056956291198730469e+00,5.387392997741699219e+00,9.051566123962402344e+00,8.005609512329101562e+00,7.740000724792480469e+00,1.234130573272705078e+01,9.238037109375000000e+00,1.028740119934082031e+01,1.192139434814453125e+01
9.352889060974121094e+00,7.919179916381835938e+00,8.112927436828613281e+00,5.322131633758544922e+00,8.943192481994628906e+00,8.035494804382324219e+00,7.486941337585449219e+00,1.226507663726806641e+01,9.226845741271972656e+00,1.020062351226806641e+01,1.185138797760009766e+01
9.287508010864257812e+00,8.071591377258300781e+00,8.186411857604980469e+00,5.437095642089843750e+00,9.138157844543457031e+00,8.213917732238769531e+00,7.690609455108642578e+00,1.234598827362060547e+01,9.317611694335937500e+00,1.030212783813476562e+01,1.196926498413085938e+01
9.202641487121582031e+00,7.986902236938476562e+00,8.131403923034667969e+00,5.471200942993164062e+00,9.325263023376464844e+00,8.106657028198242188e+00,7.709222316741943359e+00,1.225438785552978516e+01,9.292937278747558594e+00,1.023732757568359375e+01,1.194875907897949219e+01
9.290153503417968750e+00,7.937535285949707031e+00,8.112885475158691406e+00,5.387316703796386719e+00,9.046525001525878906e+00,7.999387741088867188e+00,7.596343517303466797e+00,1.227301692962646484e+01,9.256439208984375000e+00,1.022582912445068359e+01,1.189730262756347656e+01
9.259722709655761719e+00,7.792226791381835938e+00,7.930228710174560547e+00,5.251515388488769531e+00,9.113574981689453125e+00,7.782633781433105469e+00,7.584580421447753906e+00,1.223084545135498047e+01,9.145131111145019531e+00,1.018393325805664062e+01,1.182139492034912109e+01
9.389197349548339844e+00,7.750684738159179688e+00,7.930835723876953125e+00,5.167628765106201172e+00,8.874269485473632812e+00,7.738311767578125000e+00,7.507151126861572266e+00,1.221082210540771484e+01,9.092912673950195312e+00,1.015097904205322266e+01,1.176491737365722656e+01
9.354914665222167969e+00,8.054601669311523438e+00,8.191682815551757812e+00,5.346067428588867188e+00,9.057343482971191406e+00,8.221683502197265625e+00,7.402859210968017578e+00,1.232093906402587891e+01,9.299567222595214844e+00,1.022592830657958984e+01,1.188321876525878906e+01
9.140468597412109375e+00,7.983307838439941406e+00,8.036710739135742188e+00,5.428441047668457031e+00,9.565464019775390625e+00,7.901691436767578125e+00,7.718475341796875000e+00,1.237311267852783203e+01,9.319663047790527344e+00,1.030469608306884766e+01,1.199975585937500000e+01
9.250388145446777344e+00,8.035319328308105469e+00,8.325713157653808594e+00,5.853622436523437500e+00,7.990570545196533203e+00,7.855666637420654297e+00,7.984673023223876953e+00,1.215562725067138672e+01,9.246395111083984375e+00,1.004800224304199219e+01,1.177066993713378906e+01
9.185570716857910156e+00,8.132356643676757812e+00,8.374871253967285156e+00,5.708523273468017578e+00,8.391970634460449219e+00,8.262720108032226562e+00,8.041124343872070312e+00,1.211670207977294922e+01,9.297364234924316406e+00,1.011075782775878906e+01,1.181941223144531250e+01
9.206889152526855469e+00,7.949022293090820312e+00,8.289160728454589844e+00,5.609434127807617188e+00,7.973850250244140625e+00,7.912681579589843750e+00,8.047384262084960938e+00,1.203619480133056641e+01,9.195665359497070312e+00,9.993512153625488281e+00,1.163933849334716797e+01
9.206915855407714844e+00,8.117134094238281250e+00,8.440273284912109375e+00,5.664559841156005859e+00,8.236490249633789062e+00,8.328730583190917969e+00,7.948543071746826172e+00,1.206185817718505859e+01,9.325606346130371094e+00,1.008335971832275391e+01,1.177517509460449219e+01
9.162373542785644531e+00,8.200748443603515625e+00,8.494048118591308594e+00,5.653835296630859375e+00,8.388453483581542969e+00,8.617784500122070312e+00,7.969790458679199219e+00,1.196878528594970703e+01,9.329955101013183594e+00,1.004916286468505859e+01,1.176294898986816406e+01
9.146966934204101562e+00,8.044990539550781250e+00,8.363353729248046875e+00,5.660306930541992188e+00,8.260068893432617188e+00,8.140444755554199219e+00,8.188330650329589844e+00,1.200878524780273438e+01,9.293040275573730469e+00,1.006401062011718750e+01,1.175806236267089844e+01
9.173780441284179688e+00,8.144076347351074219e+00,8.434152603149414062e+00,5.688183784484863281e+00,8.162095069885253906e+00,8.353937149047851562e+00,8.084966659545898438e+00,1.202034282684326172e+01,9.304232597351074219e+00,1.005178165435791016e+01,1.173903274536132812e+01
9.171553611755371094e+00,8.067447662353515625e+00,8.423580169677734375e+00,5.658406257629394531e+00,8.298936843872070312e+00,8.316589355468750000e+00,7.876471519470214844e+00,1.193361186981201172e+01,9.295113563537597656e+00,9.998176574707031250e+00,1.172821044921875000e+01
9.136524200439453125e+00,8.030138015747070312e+00,8.411269187927246094e+00,5.629735946655273438e+00,8.188681602478027344e+00,8.251382827758789062e+00,8.040256500244140625e+00,1.189663791656494141e+01,9.280201911926269531e+00,9.976238250732421875e+00,1.167813777923583984e+01
9.224150657653808594e+00,8.255522727966308594e+00,8.539014816284179688e+00,5.662806034088134766e+00,8.564969062805175781e+00,8.649419784545898438e+00,7.898662090301513672e+00,1.213102245330810547e+01,9.437190055847167969e+00,1.018068695068359375e+01,1.189322662353515625e+01
9.135035514831542969e+00,8.165729522705078125e+00,8.339190483093261719e+00,5.793144226074218750e+00,8.725295066833496094e+00,8.258005142211914062e+00,7.943217754364013672e+00,1.202050304412841797e+01,9.322613716125488281e+00,1.008880996704101562e+01,1.190552043914794922e+01
9.113791465759277344e+00,8.161410331726074219e+00,8.334435462951660156e+00,5.763941764831542969e+00,8.709172248840332031e+00,8.275060653686523438e+00,8.038360595703125000e+00,1.199294376373291016e+01,9.324427604675292969e+00,1.008764076232910156e+01,1.189169883728027344e+01
9.100771903991699219e+00,8.151827812194824219e+00,8.348987579345703125e+00,5.732310771942138672e+00,8.803666114807128906e+00,8.313459396362304688e+00,8.033334732055664062e+00,1.196086025238037109e+01,9.339738845825195312e+00,1.007849216461181641e+01,1.188975811004638672e+01
9.087805747985839844e+00,8.084725379943847656e+00,8.296406745910644531e+00,5.633406639099121094e+00,8.817629814147949219e+00,8.293233871459960938e+00,8.013918876647949219e+00,1.190879154205322266e+01,9.296861648559570312e+00,1.005512619018554688e+01,1.183901977539062500e+01
9.116645812988281250e+00,8.130307197570800781e+00,8.339135169982910156e+00,5.752077102661132812e+00,8.720547676086425781e+00,8.259494781494140625e+00,8.064306259155273438e+00,1.194983768463134766e+01,9.334427833557128906e+00,1.008396339416503906e+01,1.189554214477539062e+01
9.071536064147949219e+00,7.944705009460449219e+00,8.240937232971191406e+00,5.692545413970947266e+00,8.652955055236816406e+00,7.993285655975341797e+00,7.999481201171875000e+00,1.182106781005859375e+01,9.259255409240722656e+00,9.986890792846679688e+00,1.180261039733886719e+01
9.112061500549316406e+00,8.074707031250000000e+00,8.288866996765136719e+00,5.683427333831787109e+00,8.827975273132324219e+00,8.211995124816894531e+00,7.981698513031005859e+00,1.195745372772216797e+01,9.306733131408691406e+00,1.007459831237792969e+01,1.187480068206787109e+01
9.084303855895996094e+00,8.054692268371582031e+00,8.271607398986816406e+00,5.670461654663085938e+00,8.735955238342285156e+00,8.201622962951660156e+00,8.016763687133789062e+00,1.188495445251464844e+01,9.272660255432128906e+00,1.002363777160644531e+01,1.181996822357177734e+01
9.082739830017089844e+00,7.974206924438476562e+00,8.241153717041015625e+00,5.608791351318359375e+00,8.660793304443359375e+00,8.102619171142578125e+00,7.994812011718750000e+00,1.186322307586669922e+01,9.255854606628417969e+00,1.001012992858886719e+01,1.178235912322998047e+01
9.127553939819335938e+00,8.083812713623046875e+00,8.282244682312011719e+00,5.689837932586669922e+00,8.652810096740722656e+00,8.164084434509277344e+00,8.081555366516113281e+00,1.199049186706542969e+01,9.317385673522949219e+00,1.011603164672851562e+01,1.188644599914550781e+01
9.149315834045410156e+00,8.502047538757324219e+00,8.565200805664062500e+00,5.742639541625976562e+00,9.192517280578613281e+00,8.802255630493164062e+00,8.090366363525390625e+00,1.232369518280029297e+01,9.634909629821777344e+00,1.043206405639648438e+01,1.220558166503906250e+01
9.132687568664550781e+00,8.511155128479003906e+00,8.561117172241210938e+00,5.748003959655761719e+00,9.293049812316894531e+00,8.735168457031250000e+00,8.203568458557128906e+00,1.234589385986328125e+01,9.669026374816894531e+00,1.046069431304931641e+01,1.224505805969238281e+01
9.151379585266113281e+00,8.499350547790527344e+00,8.562393188476562500e+00,5.750534057617187500e+00,9.153616905212402344e+00,8.691061973571777344e+00,8.296107292175292969e+00,1.232741832733154297e+01,9.678806304931640625e+00,1.047413921356201172e+01,1.225435543060302734e+01
9.167403221130371094e+00,8.399108886718750000e+00,8.538344383239746094e+00,5.624167442321777344e+00,9.073951721191406250e+00,8.699565887451171875e+00,8.182423591613769531e+00,1.229846286773681641e+01,9.661486625671386719e+00,1.047826862335205078e+01,1.220241737365722656e+01
9.154574394226074219e+00,8.359408378601074219e+00,8.557331085205078125e+00,5.597722530364990234e+00,9.121436119079589844e+00,8.711936950683593750e+00,8.117613792419433594e+00,1.225027370452880859e+01,9.678442955017089844e+00,1.044475555419921875e+01,1.217699813842773438e+01
9.174956321716308594e+00,8.426565170288085938e+00,8.625268936157226562e+00,5.639589309692382812e+00,9.036633491516113281e+00,8.834877967834472656e+00,8.116495132446289062e+00,1.222697353363037109e+01,9.693126678466796875e+00,1.042181587219238281e+01,1.216541671752929688e+01
9.192042350769042969e+00,8.224128723144531250e+00,8.504570007324218750e+00,5.572013854980468750e+00,8.553877830505371094e+00,8.561937332153320312e+00,8.006195068359375000e+00,1.210141277313232422e+01,9.523447036743164062e+00,1.028178119659423828e+01,1.198076820373535156e+01
9.180225372314453125e+00,8.428804397583007812e+00,8.576184272766113281e+00,5.726099014282226562e+00,8.989041328430175781e+00,8.662419319152832031e+00,8.233336448669433594e+00,1.225147342681884766e+01,9.671908378601074219e+00,1.042646980285644531e+01,1.220300960540771484e+01
9.171478271484375000e+00,8.329312324523925781e+00,8.533050537109375000e+00,5.712477684020996094e+00,8.920937538146972656e+00,8.583348274230957031e+00,8.013649940490722656e+00,1.213648796081542969e+01,9.595015525817871094e+00,1.030363368988037109e+01,1.209811592102050781e+01
9.204703330993652344e+00,8.208436012268066406e+00,8.488355636596679688e+00,5.559427261352539062e+00,8.610716819763183594e+00,8.516339302062988281e+00,7.964801788330078125e+00,1.213837146759033203e+01,9.530972480773925781e+00,1.030357551574707031e+01,1.199990272521972656e+01
9.311852455139160156e+00,8.615724563598632812e+00,8.545017242431640625e+00,5.919082164764404297e+00,8.482110977172851562e+00,8.873739242553710938e+00,7.928943157196044922e+00,1.248461818695068359e+01,9.463272094726562500e+00,1.035496902465820312e+01,1.206736183166503906e+01
9.296075820922851562e+00,8.590931892395019531e+00,8.478112220764160156e+00,5.909130096435546875e+00,8.661684036254882812e+00,8.805589675903320312e+00,7.955550670623779297e+00,1.251263046264648438e+01,9.453342437744140625e+00,1.038996505737304688e+01,1.211565494537353516e+01
9.318622589111328125e+00,8.574440002441406250e+00,8.564117431640625000e+00,5.950754165649414062e+00,8.440480232238769531e+00,8.786036491394042969e+00,7.917692661285400391e+00,1.244204807281494141e+01,9.469565391540527344e+00,1.031686782836914062e+01,1.204997730255126953e+01
9.270323753356933594e+00,8.511188507080078125e+00,8.511404037475585938e+00,5.864588737487792969e+00,8.589823722839355469e+00,8.787012100219726562e+00,7.975389003753662109e+00,1.235915851593017578e+01,9.447328567504882812e+00,1.030595588684082031e+01,1.204283714294433594e+01
9.271044731140136719e+00,8.510500907897949219e+00,8.535121917724609375e+00,5.877228260040283203e+00,8.516364097595214844e+00,8.820293426513671875e+00,7.955801963806152344e+00,1.230896663665771484e+01,9.435815811157226562e+00,1.025707244873046875e+01,1.199838447570800781e+01
9.226980209350585938e+00,8.478224754333496094e+00,8.564203262329101562e+00,5.789044857025146484e+00,8.517041206359863281e+00,8.834940910339355469e+00,8.039710998535156250e+00,1.226299571990966797e+01,9.479586601257324219e+00,1.025218391418457031e+01,1.197010612487792969e+01
9.290429115295410156e+00,8.483414649963378906e+00,8.485260963439941406e+00,5.832707405090332031e+00,8.510929107666015625e+00,8.743294715881347656e+00,7.928627967834472656e+00,1.239628219604492188e+01,9.433591842651367188e+00,1.031583023071289062e+01,1.202363681793212891e+01
9.235701560974121094e+00,8.483029365539550781e+00,8.521760940551757812e+00,5.820074558258056641e+00,8.710806846618652344e+00,8.801013946533203125e+00,8.102644920349121094e+00,1.230131816864013672e+01,9.488209724426269531e+00,1.031679248809814453e+01,1.206145477294921875e+01
9.253920555114746094e+00,8.483183860778808594e+00,8.492757797241210938e+00,5.799461841583251953e+00,8.671944618225097656e+00,8.760358810424804688e+00,8.021510124206542969e+00,1.237145900726318359e+01,9.468933105468750000e+00,1.034056758880615234e+01,1.205955600738525391e+01
9.261474609375000000e+00,8.467421531677246094e+00,8.542132377624511719e+00,5.808586597442626953e+00,8.588532447814941406e+00,8.810214042663574219e+00,7.971077442169189453e+00,1.229319286346435547e+01,9.478796958923339844e+00,1.028336811065673828e+01,1.201715183258056641e+01
9.264008522033691406e+00,8.810486793518066406e+00,8.834584236145019531e+00,5.905986785888671875e+00,8.966654777526855469e+00,9.442901611328125000e+00,8.104686737060546875e+00,1.231733989715576172e+01,9.675030708312988281e+00,1.036534309387207031e+01,1.216336727142333984e+01
9.249851226806640625e+00,8.759657859802246094e+00,8.798986434936523438e+00,5.897224426269531250e+00,8.940794944763183594e+00,9.390360832214355469e+00,8.080503463745117188e+00,1.226510334014892578e+01,9.624369621276855469e+00,1.030540943145751953e+01,1.211045074462890625e+01
9.279858589172363281e+00,8.840376853942871094e+00,8.854584693908691406e+00,5.903281688690185547e+00,8.987832069396972656e+00,9.438503265380859375e+00,8.161747932434082031e+00,1.240859794616699219e+01,9.723763465881347656e+00,1.042608547210693359e+01,1.220729351043701172e+01
9.253576278686523438e+00,8.765938758850097656e+00,8.843552589416503906e+00,5.923710823059082031e+00,8.833601951599121094e+00,9.359507560729980469e+00,8.182102203369140625e+00,1.222226238250732422e+01,9.655177116394042969e+00,1.029664421081542969e+01,1.211488437652587891e+01
9.263504981994628906e+00,8.784777641296386719e+00,8.815896987915039062e+00,5.870681762695312500e+00,9.002154350280761719e+00,9.426411628723144531e+00,8.149529457092285156e+00,1.232163524627685547e+01,9.671864509582519531e+00,1.037689590454101562e+01,1.216473102569580078e+01
9.158311843872070312e+00,8.519392967224121094e+00,8.670392036437988281e+00,5.839312076568603516e+00,8.886247634887695312e+00,9.029523849487304688e+00,8.065405845642089844e+00,1.200758171081542969e+01,9.509145736694335938e+00,1.013266658782958984e+01,1.198148441314697266e+01
9.265893936157226562e+00,8.716891288757324219e+00,8.795171737670898438e+00,5.891560077667236328e+00,8.813096046447753906e+00,9.343173027038574219e+00,8.031244277954101562e+00,1.223765087127685547e+01,9.598402023315429688e+00,1.027241706848144531e+01,1.206669902801513672e+01
9.310620307922363281e+00,8.804259300231933594e+00,8.896036148071289062e+00,5.937957763671875000e+00,8.779415130615234375e+00,9.429544448852539062e+00,8.069316864013671875e+00,1.233263969421386719e+01,9.709588050842285156e+00,1.034926605224609375e+01,1.214015960693359375e+01
9.308265686035156250e+00,8.794153213500976562e+00,8.850759506225585938e+00,5.918735504150390625e+00,8.824207305908203125e+00,9.431550979614257812e+00,8.028970718383789062e+00,1.233900356292724609e+01,9.667079925537109375e+00,1.034562110900878906e+01,1.212728977203369141e+01
9.321700096130371094e+00,8.843290328979492188e+00,8.898544311523437500e+00,5.974450111389160156e+00,8.766799926757812500e+00,9.494861602783203125e+00,8.050457954406738281e+00,1.233107852935791016e+01,9.667567253112792969e+00,1.031544303894042969e+01,1.211143493652343750e+01
9.203318595886230469e+00,8.655646324157714844e+00,8.530096054077148438e+00,5.797843933105468750e+00,8.827427864074707031e+00,9.152589797973632812e+00,8.337122917175292969e+00,1.239322185516357422e+01,9.379122734069824219e+00,1.034068107604980469e+01,1.203211784362792969e+01
9.165617942810058594e+00,8.524087905883789062e+00,8.563524246215820312e+00,5.706696033477783203e+00,8.870295524597167969e+00,9.015176773071289062e+00,8.444930076599121094e+00,1.227784919738769531e+01,9.434025764465332031e+00,1.030686569213867188e+01,1.199729442596435547e+01
9.199958801269531250e+00,8.480505943298339844e+00,8.463950157165527344e+00,5.749269485473632812e+00,8.755665779113769531e+00,8.842075347900390625e+00,8.280363082885742188e+00,1.234523200988769531e+01,9.396028518676757812e+00,1.034119606018066406e+01,1.203101730346679688e+01
9.186437606811523438e+00,8.459191322326660156e+00,8.462109565734863281e+00,5.770310401916503906e+00,8.773941993713378906e+00,8.819040298461914062e+00,8.207223892211914062e+00,1.228429126739501953e+01,9.393627166748046875e+00,1.030143928527832031e+01,1.201934814453125000e+01
9.177725791931152344e+00,8.390737533569335938e+00,8.548568725585937500e+00,5.617408275604248047e+00,8.698788642883300781e+00,8.836172103881835938e+00,8.457651138305664062e+00,1.224822711944580078e+01,9.451260566711425781e+00,1.030441093444824219e+01,1.195230770111083984e+01
9.148560523986816406e+00,8.289589881896972656e+00,8.436555862426757812e+00,5.563455104827880859e+00,8.764561653137207031e+00,8.630195617675781250e+00,8.570111274719238281e+00,1.223164463043212891e+01,9.422154426574707031e+00,1.032258415222167969e+01,1.196305084228515625e+01
9.231501579284667969e+00,8.279754638671875000e+00,8.439689636230468750e+00,5.651235103607177734e+00,8.378484725952148438e+00,8.663537025451660156e+00,8.008879661560058594e+00,1.217825031280517578e+01,9.312813758850097656e+00,1.018320655822753906e+01,1.183793449401855469e+01
9.240700721740722656e+00,8.271678924560546875e+00,8.444266319274902344e+00,5.599481582641601562e+00,8.401279449462890625e+00,8.780951499938964844e+00,7.945693492889404297e+00,1.215002632141113281e+01,9.312502861022949219e+00,1.018953323364257812e+01,1.183296585083007812e+01
9.202152252197265625e+00,8.239850044250488281e+00,8.439077377319335938e+00,5.577815532684326172e+00,8.672852516174316406e+00,8.696230888366699219e+00,8.089592933654785156e+00,1.219061374664306641e+01,9.385317802429199219e+00,1.026274776458740234e+01,1.192460060119628906e+01
9.264767646789550781e+00,8.228474617004394531e+00,8.385076522827148438e+00,5.553310871124267578e+00,8.461986541748046875e+00,8.678307533264160156e+00,7.878685474395751953e+00,1.218869018554687500e+01,9.314215660095214844e+00,1.023190879821777344e+01,1.186458587646484375e+01
