-3.091679811477661133e-01,-4.012442588806152344e+00,-9.941041946411132812e+00,-8.329213857650756836e-01,-3.775744438171386719e+00,-1.964779257774353027e+00,-1.793568015098571777e+00,-6.863996982574462891e-01
-2.919991612434387207e-01,-4.015745162963867188e+00,-1.002182197570800781e+01,-8.138673305511474609e-01,-3.773879051208496094e+00,-1.922150611877441406e+00,-1.761351585388183594e+00,-6.836102008819580078e-01
-3.233650326728820801e-01,-4.023308277130126953e+00,-9.988883972167968750e+00,-8.236733078956604004e-01,-3.786331415176391602e+00,-1.953549146652221680e+00,-1.805135965347290039e+00,-6.871564388275146484e-01
-3.260364532470703125e-01,-4.029730796813964844e+00,-1.002798652648925781e+01,-8.216616511344909668e-01,-3.784476518630981445e+00,-1.936241626739501953e+00,-1.802555561065673828e+00,-6.888238191604614258e-01
-3.187392950057983398e-01,-4.027311801910400391e+00,-1.002687263488769531e+01,-8.210923671722412109e-01,-3.785317897796630859e+00,-1.936952471733093262e+00,-1.794562339782714844e+00,-6.872993111610412598e-01
-3.225299715995788574e-01,-4.032416820526123047e+00,-1.004511070251464844e+01,-8.185056447982788086e-01,-3.786475658416748047e+00,-1.926128506660461426e+00,-1.779112696647644043e+00,-6.882613301277160645e-01
-3.029953837394714355e-01,-4.014696598052978516e+00,-1.000016498565673828e+01,-8.211698532104492188e-01,-3.786799907684326172e+00,-1.927746534347534180e+00,-1.749095559120178223e+00,-6.835936903953552246e-01
-3.333428502082824707e-01,-4.002362251281738281e+00,-9.952348709106445312e+00,-8.344371318817138672e-01,-3.774763107299804688e+00,-1.880094170570373535e+00,-1.707356691360473633e+00,-6.799598336219787598e-01
-3.170289993286132812e-01,-3.998790979385375977e+00,-1.001368141174316406e+01,-8.524004817008972168e-01,-3.777988672256469727e+00,-1.926757931709289551e+00,-1.738515496253967285e+00,-6.841298341751098633e-01
-3.134202957153320312e-01,-4.023075103759765625e+00,-1.002140235900878906e+01,-8.216452598571777344e-01,-3.787249326705932617e+00,-1.941772580146789551e+00,-1.783111333847045898e+00,-6.848496794700622559e-01
-3.186981678009033203e-01,-3.996951580047607422e+00,-9.977491378784179688e+00,-8.486753702163696289e-01,-3.781386375427246094e+00,-1.912528872489929199e+00,-1.737629413604736328e+00,-6.838670372962951660e-01
-3.015301227569580078e-01,-4.003132820129394531e+00,-1.000636482238769531e+01,-8.427628874778747559e-01,-3.781898021697998047e+00,-1.922281980514526367e+00,-1.743283390998840332e+00,-6.844108104705810547e-01
-3.251121640205383301e-01,-4.002078056335449219e+00,-9.964429855346679688e+00,-8.471341133117675781e-01,-3.783586502075195312e+00,-1.902091860771179199e+00,-1.737807631492614746e+00,-6.833200454711914062e-01
-2.535203695297241211e-01,-3.953885555267333984e+00,-9.528628349304199219e+00,-7.432798147201538086e-01,-3.738957881927490234e+00,-1.952193737030029297e+00,-1.796482801437377930e+00,-6.944425106048583984e-01
-2.668257951736450195e-01,-3.964412689208984375e+00,-9.542798042297363281e+00,-7.802233099937438965e-01,-3.775470495223999023e+00,-1.969153761863708496e+00,-1.816869974136352539e+00,-6.943016052246093750e-01
-2.612370848655700684e-01,-3.973744392395019531e+00,-9.554393768310546875e+00,-7.877736091613769531e-01,-3.789146184921264648e+00,-1.973718285560607910e+00,-1.829502105712890625e+00,-6.943885684013366699e-01
-2.637269496917724609e-01,-3.981356620788574219e+00,-9.625259399414062500e+00,-7.864388227462768555e-01,-3.773388862609863281e+00,-1.964402914047241211e+00,-1.815395593643188477e+00,-6.907961964607238770e-01
-2.485399842262268066e-01,-4.017277240753173828e+00,-9.654586791992187500e+00,-8.579895496368408203e-01,-3.848876714706420898e+00,-1.992261648178100586e+00,-1.877453327178955078e+00,-6.960234642028808594e-01
-2.661259174346923828e-01,-4.033438682556152344e+00,-9.663318634033203125e+00,-8.759709596633911133e-01,-3.877426147460937500e+00,-2.006118535995483398e+00,-1.876465916633605957e+00,-6.981113553047180176e-01
-2.515337467193603516e-01,-3.997660160064697266e+00,-9.628810882568359375e+00,-8.455727696418762207e-01,-3.827322244644165039e+00,-1.990431785583496094e+00,-1.861303329467773438e+00,-6.947333216667175293e-01
-2.666309475898742676e-01,-4.002769947052001953e+00,-9.617196083068847656e+00,-8.481674194335937500e-01,-3.841387748718261719e+00,-1.988624691963195801e+00,-1.852278232574462891e+00,-6.964380145072937012e-01
-2.615771889686584473e-01,-4.002665042877197266e+00,-9.616629600524902344e+00,-8.538282513618469238e-01,-3.836542367935180664e+00,-1.987095475196838379e+00,-1.860121011734008789e+00,-6.946899890899658203e-01
-5.430829524993896484e-02,-3.589932918548583984e+00,-8.900571823120117188e+00,-2.823201417922973633e-01,-3.513637304306030273e+00,-1.453920602798461914e+00,-1.736747741699218750e+00,-1.099406361579895020e+00
-2.854475378990173340e-01,-3.956432580947875977e+00,-9.454218864440917969e+00,-7.701670527458190918e-01,-3.751894235610961914e+00,-1.965719819068908691e+00,-1.862060666084289551e+00,-6.876452565193176270e-01
7.025182247161865234e-03,-3.470196962356567383e+00,-8.839409828186035156e+00,-2.109768390655517578e-01,-3.439467668533325195e+00,-1.297650575637817383e+00,-1.705557942390441895e+00,-1.090092897415161133e+00
2.819854021072387695e-01,-3.370709180831909180e+00,-8.426341056823730469e+00,4.022669792175292969e-02,-3.192288637161254883e+00,-1.004681110382080078e+00,-1.567707061767578125e+00,-1.147755622863769531e+00
-3.080816268920898438e-01,-4.023138999938964844e+00,-9.981228828430175781e+00,-8.349288702011108398e-01,-3.795875787734985352e+00,-1.966772317886352539e+00,-1.786904811859130859e+00,-6.839103102684020996e-01
-2.969756126403808594e-01,-4.020038127899169922e+00,-1.001650428771972656e+01,-8.391473293304443359e-01,-3.804296493530273438e+00,-1.955884575843811035e+00,-1.757529258728027344e+00,-6.856408119201660156e-01
-2.803593873977661133e-01,-4.006806850433349609e+00,-9.974230766296386719e+00,-8.544631004333496094e-01,-3.797931909561157227e+00,-1.949441075325012207e+00,-1.767399668693542480e+00,-6.857550144195556641e-01
-3.078209161758422852e-01,-4.024938583374023438e+00,-1.001660728454589844e+01,-8.276411890983581543e-01,-3.814102411270141602e+00,-1.934285402297973633e+00,-1.717797994613647461e+00,-6.883993148803710938e-01
-2.964922785758972168e-01,-4.019845008850097656e+00,-1.000047683715820312e+01,-8.276020288467407227e-01,-3.815128803253173828e+00,-1.930014252662658691e+00,-1.704146265983581543e+00,-6.891527771949768066e-01
-2.933030724525451660e-01,-4.011907577514648438e+00,-9.995723724365234375e+00,-8.307354450225830078e-01,-3.815636157989501953e+00,-1.927690029144287109e+00,-1.702282309532165527e+00,-6.872695088386535645e-01
-2.821426391601562500e-01,-4.004691123962402344e+00,-9.935461997985839844e+00,-8.484150171279907227e-01,-3.811010122299194336e+00,-1.937009215354919434e+00,-1.744188189506530762e+00,-6.861214637756347656e-01
-3.379401564598083496e-01,-3.973397254943847656e+00,-9.844061851501464844e+00,-8.715552687644958496e-01,-3.825242280960083008e+00,-1.960340499877929688e+00,-1.751723289489746094e+00,-6.925173401832580566e-01
-3.317237496376037598e-01,-3.976494789123535156e+00,-9.856702804565429688e+00,-8.656754493713378906e-01,-3.819074392318725586e+00,-1.948114752769470215e+00,-1.732251763343811035e+00,-6.909300684928894043e-01
-3.441107869148254395e-01,-3.985766649246215820e+00,-9.812974929809570312e+00,-7.095512151718139648e-01,-3.748746156692504883e+00,-1.845008611679077148e+00,-1.654523968696594238e+00,-6.669950485229492188e-01
5.319129824638366699e-01,-3.231620311737060547e+00,-8.829489707946777344e+00,2.359415292739868164e-01,-3.005788326263427734e+00,-7.022612094879150391e-01,-1.091807365417480469e+00,-8.385453224182128906e-01
1.564480662345886230e-01,-3.440997123718261719e+00,-9.235986709594726562e+00,7.735955715179443359e-02,-3.014250040054321289e+00,-9.566081762313842773e-01,-1.105762720108032227e+00,-6.715548634529113770e-01
-2.570351958274841309e-01,-3.915311813354492188e+00,-9.758092880249023438e+00,-5.703709721565246582e-01,-3.591585159301757812e+00,-1.701844334602355957e+00,-1.578651309013366699e+00,-6.325551271438598633e-01
-3.213624954223632812e-01,-4.036997795104980469e+00,-1.005447292327880859e+01,-8.200958967208862305e-01,-3.810871839523315430e+00,-1.914293885231018066e+00,-1.690968036651611328e+00,-6.924021244049072266e-01
-3.301401734352111816e-01,-4.044285774230957031e+00,-1.006819534301757812e+01,-8.228293657302856445e-01,-3.811800241470336914e+00,-1.918766736984252930e+00,-1.715406060218811035e+00,-6.929739117622375488e-01
-3.229449987411499023e-01,-4.041389465332031250e+00,-1.005425167083740234e+01,-8.248300552368164062e-01,-3.811671972274780273e+00,-1.924952268600463867e+00,-1.723066329956054688e+00,-6.928745508193969727e-01
-3.165907859802246094e-01,-4.038042545318603516e+00,-1.004465484619140625e+01,-8.265624046325683594e-01,-3.815062284469604492e+00,-1.927656292915344238e+00,-1.715211033821105957e+00,-6.931281089782714844e-01
-3.026279211044311523e-01,-4.027747631072998047e+00,-1.001928424835205078e+01,-8.274652957916259766e-01,-3.817464590072631836e+00,-1.927867770195007324e+00,-1.692974209785461426e+00,-6.918818950653076172e-01
-2.907619476318359375e-01,-4.016131401062011719e+00,-9.993533134460449219e+00,-8.263489007949829102e-01,-3.821938753128051758e+00,-1.932955145835876465e+00,-1.681635141372680664e+00,-6.940527558326721191e-01
-2.924176454544067383e-01,-4.017910957336425781e+00,-9.997943878173828125e+00,-8.285881280899047852e-01,-3.816574096679687500e+00,-1.931899070739746094e+00,-1.695975184440612793e+00,-6.907032132148742676e-01
-2.892885804176330566e-01,-4.017512798309326172e+00,-9.991582870483398438e+00,-8.251914978027343750e-01,-3.815984964370727539e+00,-1.915984630584716797e+00,-1.674283862113952637e+00,-6.911025047302246094e-01
-3.080980777740478516e-01,-4.025679588317871094e+00,-1.002250576019287109e+01,-8.271058797836303711e-01,-3.817163944244384766e+00,-1.930169343948364258e+00,-1.695899963378906250e+00,-6.908434629440307617e-01
-3.092037439346313477e-01,-4.021525859832763672e+00,-1.001718711853027344e+01,-8.267478942871093750e-01,-3.815428495407104492e+00,-1.930503249168395996e+00,-1.700848579406738281e+00,-6.892265081405639648e-01
-3.119780421257019043e-01,-4.027739524841308594e+00,-1.003075408935546875e+01,-8.266417980194091797e-01,-3.815736532211303711e+00,-1.931204319000244141e+00,-1.700232267379760742e+00,-6.906184554100036621e-01
-3.221829533576965332e-01,-4.037162303924560547e+00,-1.004618835449218750e+01,-8.257761597633361816e-01,-3.811370372772216797e+00,-1.931979060173034668e+00,-1.719556450843811035e+00,-6.905410885810852051e-01
-3.347339034080505371e-01,-4.042369842529296875e+00,-1.005055999755859375e+01,-8.225854635238647461e-01,-3.808097839355468750e+00,-1.929012298583984375e+00,-1.727245211601257324e+00,-6.908804774284362793e-01
-3.513572812080383301e-01,-4.018925189971923828e+00,-9.989297866821289062e+00,-8.160182833671569824e-01,-3.785513639450073242e+00,-1.931053638458251953e+00,-1.777425765991210938e+00,-6.931728720664978027e-01
-3.605950474739074707e-01,-4.028592586517333984e+00,-1.000617790222167969e+01,-8.195278048515319824e-01,-3.791426420211791992e+00,-1.923193812370300293e+00,-1.784757494926452637e+00,-6.956164240837097168e-01
-3.578712344169616699e-01,-4.031638622283935547e+00,-1.002141284942626953e+01,-8.193846344947814941e-01,-3.794936895370483398e+00,-1.919637322425842285e+00,-1.777195334434509277e+00,-6.953759193420410156e-01
-3.332592844963073730e-01,-4.027392387390136719e+00,-9.976305961608886719e+00,-8.216207027435302734e-01,-3.788010597229003906e+00,-1.937650203704833984e+00,-1.782598257064819336e+00,-6.900315284729003906e-01
-3.716395497322082520e-01,-4.028440475463867188e+00,-1.003786563873291016e+01,-8.150410056114196777e-01,-3.797225952148437500e+00,-1.908521413803100586e+00,-1.763123989105224609e+00,-6.976362466812133789e-01
-3.746170401573181152e-01,-4.029087066650390625e+00,-1.003810310363769531e+01,-8.158376216888427734e-01,-3.792948722839355469e+00,-1.910067796707153320e+00,-1.772684574127197266e+00,-6.977488398551940918e-01
-3.640123009681701660e-01,-4.033061981201171875e+00,-1.002951717376708984e+01,-8.198166489601135254e-01,-3.794417619705200195e+00,-1.917680025100708008e+00,-1.783288121223449707e+00,-6.961557269096374512e-01
-3.527967333793640137e-01,-4.036756038665771484e+00,-1.002154445648193359e+01,-8.213337659835815430e-01,-3.792274951934814453e+00,-1.922688603401184082e+00,-1.783076167106628418e+00,-6.938312053680419922e-01
-3.144734501838684082e-01,-4.029039859771728516e+00,-9.956996917724609375e+00,-8.269556164741516113e-01,-3.788330554962158203e+00,-1.951974511146545410e+00,-1.800314664840698242e+00,-6.872780323028564453e-01
-2.994232773780822754e-01,-4.022229671478271484e+00,-9.922615051269531250e+00,-8.280087709426879883e-01,-3.789044141769409180e+00,-1.967403054237365723e+00,-1.804789900779724121e+00,-6.833049654960632324e-01
-3.421363234519958496e-01,-4.032878875732421875e+00,-9.992652893066406250e+00,-8.259195089340209961e-01,-3.793896198272705078e+00,-1.934495925903320312e+00,-1.801122069358825684e+00,-6.929513812065124512e-01
-3.364630341529846191e-01,-4.037640094757080078e+00,-1.001667881011962891e+01,-8.255941867828369141e-01,-3.798887014389038086e+00,-1.929459452629089355e+00,-1.783084988594055176e+00,-6.923058629035949707e-01
-3.311416506767272949e-01,-4.024339675903320312e+00,-9.963817596435546875e+00,-8.251173496246337891e-01,-3.790343284606933594e+00,-1.941935896873474121e+00,-1.797546386718750000e+00,-6.907237768173217773e-01
-3.255072236061096191e-01,-4.010874748229980469e+00,-9.943938255310058594e+00,-8.088606595993041992e-01,-3.787978649139404297e+00,-1.934177994728088379e+00,-1.719060540199279785e+00,-6.897327899932861328e-01
-3.441445231437683105e-01,-4.032105445861816406e+00,-1.003021335601806641e+01,-8.161637783050537109e-01,-3.790363550186157227e+00,-1.920028328895568848e+00,-1.758637547492980957e+00,-6.919082403182983398e-01
-3.446853756904602051e-01,-4.037590026855468750e+00,-1.004366397857666016e+01,-8.210384845733642578e-01,-3.791005373001098633e+00,-1.920254468917846680e+00,-1.782606720924377441e+00,-6.923528313636779785e-01
-3.530344367027282715e-01,-4.037788391113281250e+00,-1.005493640899658203e+01,-8.195720911026000977e-01,-3.791778326034545898e+00,-1.915011286735534668e+00,-1.780973076820373535e+00,-6.936838626861572266e-01
-3.369523882865905762e-01,-4.039341449737548828e+00,-1.004550838470458984e+01,-8.224167823791503906e-01,-3.793162107467651367e+00,-1.922411918640136719e+00,-1.781141638755798340e+00,-6.912264227867126465e-01
-3.412545323371887207e-01,-4.039491653442382812e+00,-1.004944610595703125e+01,-8.217885494232177734e-01,-3.793911457061767578e+00,-1.920884013175964355e+00,-1.780241847038269043e+00,-6.919547915458679199e-01
-3.380437493324279785e-01,-4.042123317718505859e+00,-1.005017280578613281e+01,-8.226671218872070312e-01,-3.795699119567871094e+00,-1.921210765838623047e+00,-1.776104331016540527e+00,-6.913800239562988281e-01
-3.408965468406677246e-01,-4.040954589843750000e+00,-1.005297946929931641e+01,-8.217275142669677734e-01,-3.793412446975708008e+00,-1.921547174453735352e+00,-1.778929233551025391e+00,-6.916752457618713379e-01
-3.485181927680969238e-01,-4.040369033813476562e+00,-1.004810237884521484e+01,-8.210539221763610840e-01,-3.791278839111328125e+00,-1.920890688896179199e+00,-1.783180594444274902e+00,-6.927133798599243164e-01
-3.416453003883361816e-01,-4.039802074432373047e+00,-1.003851509094238281e+01,-8.227562904357910156e-01,-3.791378259658813477e+00,-1.925458312034606934e+00,-1.787706732749938965e+00,-6.919026374816894531e-01
-3.366369605064392090e-01,-4.043357849121093750e+00,-1.004694461822509766e+01,-8.232962489128112793e-01,-3.796850681304931641e+00,-1.923004746437072754e+00,-1.775834798812866211e+00,-6.912555694580078125e-01
-3.280951380729675293e-01,-4.032640933990478516e+00,-1.001027488708496094e+01,-8.263255357742309570e-01,-3.793725252151489258e+00,-1.947011351585388184e+00,-1.797314643859863281e+00,-6.889743208885192871e-01
-3.130624890327453613e-01,-4.016524791717529297e+00,-9.933584213256835938e+00,-8.356361985206604004e-01,-3.787371635437011719e+00,-1.959385395050048828e+00,-1.795553803443908691e+00,-6.836614608764648438e-01
5.932596921920776367e-01,-5.016790866851806641e+00,-7.830673217773437500e+00,-2.134823560714721680e+00,-3.888294696807861328e+00,-3.894782066345214844e+00,-4.807769298553466797e+00,-8.961617946624755859e-02
2.271202504634857178e-01,-5.033757686614990234e+00,-7.997600078582763672e+00,-2.090636253356933594e+00,-3.998038291931152344e+00,-4.025364875793457031e+00,-4.854259967803955078e+00,-2.852917313575744629e-01
4.035683572292327881e-01,-4.898266792297363281e+00,-7.802171230316162109e+00,-2.050040245056152344e+00,-3.841102123260498047e+00,-4.109147071838378906e+00,-4.753240585327148438e+00,-6.682443618774414062e-02
2.852215170860290527e-01,-4.941754341125488281e+00,-7.942018032073974609e+00,-2.148072719573974609e+00,-3.823321104049682617e+00,-4.109282016754150391e+00,-4.855636596679687500e+00,-8.579099178314208984e-02
7.542655467987060547e-01,-5.008344650268554688e+00,-7.657967090606689453e+00,-2.217837810516357422e+00,-3.916904687881469727e+00,-3.986748218536376953e+00,-4.828006744384765625e+00,1.440340280532836914e-02
5.245463848114013672e-01,-4.892625808715820312e+00,-8.006252288818359375e+00,-1.934397220611572266e+00,-3.671961307525634766e+00,-3.893833160400390625e+00,-4.728878974914550781e+00,-3.373445570468902588e-01
8.282888531684875488e-01,-4.960474967956542969e+00,-7.538467407226562500e+00,-2.339428424835205078e+00,-4.080976009368896484e+00,-3.917990684509277344e+00,-4.871034145355224609e+00,5.970555543899536133e-02
1.872651875019073486e-01,-5.019844055175781250e+00,-8.526000022888183594e+00,-2.182472944259643555e+00,-3.866891145706176758e+00,-3.861840724945068359e+00,-5.037400245666503906e+00,-1.249674558639526367e+00
2.024284899234771729e-01,-5.008567810058593750e+00,-8.164026260375976562e+00,-2.137014627456665039e+00,-3.805144071578979492e+00,-4.089861869812011719e+00,-4.854773998260498047e+00,-1.890251040458679199e-01
8.508315682411193848e-01,-4.900198459625244141e+00,-7.532879352569580078e+00,-2.432395935058593750e+00,-4.147564411163330078e+00,-3.906307697296142578e+00,-4.944166183471679688e+00,9.231668710708618164e-02
5.559258460998535156e-01,-4.944749832153320312e+00,-7.767018318176269531e+00,-2.151969671249389648e+00,-3.774084568023681641e+00,-4.108620166778564453e+00,-4.819653034210205078e+00,2.917647361755371094e-02
6.335473060607910156e-01,-4.578421115875244141e+00,-8.148846626281738281e+00,-2.380234003067016602e+00,-3.747392892837524414e+00,-3.995527505874633789e+00,-5.027256011962890625e+00,-1.948159933090209961e-02
7.017841935157775879e-01,-4.706181526184082031e+00,-8.141098022460937500e+00,-2.384846210479736328e+00,-3.936378002166748047e+00,-4.028945446014404297e+00,-4.988866329193115234e+00,9.285652637481689453e-02
5.934533476829528809e-01,-3.430375099182128906e+00,-9.049220085144042969e+00,2.091588973999023438e-01,-2.954957246780395508e+00,-1.215532898902893066e+00,-7.007441520690917969e-01,3.239982724189758301e-01
5.278420448303222656e-02,-3.563570022583007812e+00,-9.626078605651855469e+00,-1.177768707275390625e-01,-3.251247406005859375e+00,-1.278293251991271973e+00,-1.118196487426757812e+00,-8.070181012153625488e-01
-1.723874807357788086e-01,-3.529605627059936523e+00,-9.904580116271972656e+00,-1.868892908096313477e-01,-3.294867992401123047e+00,-1.190707206726074219e+00,-1.290761232376098633e+00,-1.071365833282470703e+00
4.527911543846130371e-01,-3.545350551605224609e+00,-9.309819221496582031e+00,3.684008121490478516e-02,-3.117178678512573242e+00,-1.142529964447021484e+00,-9.862093925476074219e-01,-4.097031056880950928e-01
-2.180200815200805664e-02,-3.579512596130371094e+00,-9.746046066284179688e+00,-1.229345798492431641e-01,-3.197504758834838867e+00,-1.165654659271240234e+00,-1.182543992996215820e+00,-9.170476794242858887e-01
1.135477423667907715e-01,-3.531985282897949219e+00,-9.549603462219238281e+00,-2.250814437866210938e-02,-3.073666572570800781e+00,-1.103466987609863281e+00,-1.057633399963378906e+00,-7.230368852615356445e-01
1.939161121845245361e-01,-3.543192386627197266e+00,-9.489750862121582031e+00,1.520276069641113281e-03,-3.068085908889770508e+00,-1.089907646179199219e+00,-1.053118944168090820e+00,-6.654917001724243164e-01
8.726610541343688965e-01,-3.260710954666137695e+00,-8.767076492309570312e+00,4.059153795242309570e-01,-2.724441766738891602e+00,-1.118113398551940918e+00,-5.996103286743164062e-01,2.310665845870971680e-01
4.460431933403015137e-01,-3.537770509719848633e+00,-9.340248107910156250e+00,2.506387233734130859e-02,-3.159253358840942383e+00,-1.277053236961364746e+00,-9.415295124053955078e-01,-4.254425168037414551e-01
2.935421168804168701e-01,-3.549442052841186523e+00,-9.423549652099609375e+00,2.025675773620605469e-02,-3.090572834014892578e+00,-1.175566792488098145e+00,-1.021975517272949219e+00,-5.881475210189819336e-01
5.704852342605590820e-01,-3.511219501495361328e+00,-9.166904449462890625e+00,1.219542026519775391e-01,-3.110961675643920898e+00,-1.207310557365417480e+00,-8.895626068115234375e-01,-2.534345984458923340e-01
6.602430939674377441e-01,-3.431007862091064453e+00,-9.044526100158691406e+00,1.657249927520751953e-01,-3.042401313781738281e+00,-1.197559595108032227e+00,-8.142359256744384766e-01,-3.415465354919433594e-02
1.445431709289550781e-01,-3.516607046127319336e+00,-9.559069633483886719e+00,-1.920998096466064453e-02,-3.094526052474975586e+00,-1.173350334167480469e+00,-1.055371999740600586e+00,-7.400666475296020508e-01
-3.335681557655334473e-01,-3.998847246170043945e+00,-9.852553367614746094e+00,-8.615307807922363281e-01,-3.819479703903198242e+00,-1.935559749603271484e+00,-1.710669398307800293e+00,-6.912007927894592285e-01
-3.508650660514831543e-01,-3.948791265487670898e+00,-9.752861022949218750e+00,-8.667173385620117188e-01,-3.812539339065551758e+00,-1.993085741996765137e+00,-1.761247515678405762e+00,-6.931406259536743164e-01
-2.975420355796813965e-01,-3.869894266128540039e+00,-9.524859428405761719e+00,-6.909104585647583008e-01,-3.712193965911865234e+00,-1.856588482856750488e+00,-1.719337582588195801e+00,-8.199416399002075195e-01
-1.826178431510925293e-01,-3.780753612518310547e+00,-9.304808616638183594e+00,-4.569793939590454102e-01,-3.589143991470336914e+00,-1.635754823684692383e+00,-1.633289575576782227e+00,-8.949203491210937500e-01
1.937311887741088867e-02,-3.612002611160278320e+00,-9.183258056640625000e+00,-2.459980845451354980e-01,-3.412159919738769531e+00,-1.437971115112304688e+00,-1.526720046997070312e+00,-1.084104061126708984e+00
1.013797879219055176e+00,-3.281548023223876953e+00,-7.944992065429687500e+00,6.578969955444335938e-01,-2.541454076766967773e+00,-5.972195863723754883e-01,-8.094856739044189453e-01,-7.333461046218872070e-01
1.181313037872314453e+00,-3.194689989089965820e+00,-7.806792259216308594e+00,8.189917802810668945e-01,-2.394091606140136719e+00,-3.166896104812622070e-01,-7.426013946533203125e-01,-7.153449654579162598e-01
1.427629828453063965e+00,-2.914555311203002930e+00,-7.394549369812011719e+00,1.194771885871887207e+00,-2.090744018554687500e+00,-1.969667673110961914e-01,-5.223808288574218750e-01,-7.222414016723632812e-01
1.237519502639770508e+00,-2.984993934631347656e+00,-7.643726348876953125e+00,9.804493188858032227e-01,-2.273701667785644531e+00,-2.262426614761352539e-01,-6.405413150787353516e-01,-7.468174099922180176e-01
1.566756963729858398e+00,-2.763864755630493164e+00,-7.320629119873046875e+00,1.367827534675598145e+00,-1.947104930877685547e+00,4.430842399597167969e-02,-5.500411987304687500e-01,-7.354779839515686035e-01
1.425559520721435547e+00,-2.707034111022949219e+00,-7.339016914367675781e+00,1.210944294929504395e+00,-2.063044071197509766e+00,-1.316101551055908203e-01,-4.538533687591552734e-01,-7.470314502716064453e-01
1.449558496475219727e+00,-2.622594594955444336e+00,-7.372014999389648438e+00,1.139825463294982910e+00,-2.119654178619384766e+00,-1.626901626586914062e-01,-5.104649066925048828e-01,-7.783545255661010742e-01
1.517628669738769531e+00,-2.608242988586425781e+00,-7.328762054443359375e+00,1.219246506690979004e+00,-2.035061359405517578e+00,-1.224383115768432617e-01,-5.144636631011962891e-01,-7.545920014381408691e-01
-3.243032097816467285e-01,-4.033190727233886719e+00,-1.002138137817382812e+01,-8.237513303756713867e-01,-3.792131423950195312e+00,-1.933402419090270996e+00,-1.784165740013122559e+00,-6.893460154533386230e-01
-3.260872960090637207e-01,-4.034506797790527344e+00,-1.000662040710449219e+01,-8.275330066680908203e-01,-3.794867753982543945e+00,-1.946288108825683594e+00,-1.799528002738952637e+00,-6.894035935401916504e-01
-3.027530908584594727e-01,-4.021029472351074219e+00,-1.000054454803466797e+01,-8.422355651855468750e-01,-3.800704956054687500e+00,-1.966092348098754883e+00,-1.775935769081115723e+00,-6.854391098022460938e-01
-3.219644427299499512e-01,-3.950840950012207031e+00,-9.600898742675781250e+00,-7.916812896728515625e-01,-3.758124828338623047e+00,-2.003952026367187500e+00,-1.795518159866333008e+00,-6.844837069511413574e-01
-3.280567526817321777e-01,-3.948753118515014648e+00,-9.631604194641113281e+00,-7.876283526420593262e-01,-3.753897190093994141e+00,-1.997171282768249512e+00,-1.784702658653259277e+00,-6.825212240219116211e-01
-3.490770459175109863e-01,-3.907855272293090820e+00,-9.532017707824707031e+00,-6.931843757629394531e-01,-3.729671955108642578e+00,-1.946398019790649414e+00,-1.752078175544738770e+00,-6.995047926902770996e-01
-3.098019957542419434e-01,-3.955815076828002930e+00,-9.573184967041015625e+00,-8.053076267242431641e-01,-3.763123273849487305e+00,-2.003591060638427734e+00,-1.797610402107238770e+00,-6.885980367660522461e-01
-2.951912283897399902e-01,-4.006923675537109375e+00,-9.886548995971679688e+00,-8.730762600898742676e-01,-3.814841270446777344e+00,-1.975131273269653320e+00,-1.814741373062133789e+00,-6.884980797767639160e-01
-3.129327297210693359e-01,-3.984243869781494141e+00,-9.810930252075195312e+00,-8.645843267440795898e-01,-3.805244684219360352e+00,-2.004083633422851562e+00,-1.809211969375610352e+00,-6.896284818649291992e-01
-2.827115654945373535e-01,-4.000286579132080078e+00,-9.891745567321777344e+00,-8.673724532127380371e-01,-3.819759845733642578e+00,-1.988716959953308105e+00,-1.811368465423583984e+00,-6.905043721199035645e-01
-3.332443833351135254e-01,-3.981114387512207031e+00,-9.804466247558593750e+00,-8.654502034187316895e-01,-3.810586452484130859e+00,-2.000412225723266602e+00,-1.807196497917175293e+00,-6.906014680862426758e-01
-3.341544270515441895e-01,-3.982736587524414062e+00,-9.804183006286621094e+00,-8.687558174133300781e-01,-3.817929029464721680e+00,-2.006352424621582031e+00,-1.812683343887329102e+00,-6.914229393005371094e-01
-3.769745230674743652e-01,-3.940096616744995117e+00,-9.732346534729003906e+00,-8.460473418235778809e-01,-3.776141881942749023e+00,-1.999754548072814941e+00,-1.787821888923645020e+00,-6.859569549560546875e-01
-3.055180907249450684e-01,-3.989384174346923828e+00,-9.910191535949707031e+00,-8.835437297821044922e-01,-3.822135210037231445e+00,-1.962089776992797852e+00,-1.804723739624023438e+00,-6.923548579216003418e-01
-3.128098249435424805e-01,-3.985561847686767578e+00,-9.838777542114257812e+00,-8.819748163223266602e-01,-3.839386940002441406e+00,-1.992141008377075195e+00,-1.813438534736633301e+00,-6.942864656448364258e-01
-2.728329896926879883e-01,-3.988654613494873047e+00,-9.899002075195312500e+00,-8.539376258850097656e-01,-3.823969602584838867e+00,-1.948246479034423828e+00,-1.743731856346130371e+00,-6.937972903251647949e-01
-2.575312852859497070e-01,-3.987671375274658203e+00,-9.877773284912109375e+00,-8.522779941558837891e-01,-3.831224918365478516e+00,-1.969881176948547363e+00,-1.756566882133483887e+00,-6.960259675979614258e-01
-2.725276947021484375e-01,-3.975769519805908203e+00,-9.917431831359863281e+00,-8.905676007270812988e-01,-3.855469465255737305e+00,-2.007120132446289062e+00,-1.762854456901550293e+00,-7.034555673599243164e-01
-3.438300490379333496e-01,-3.980881214141845703e+00,-9.812897682189941406e+00,-8.811353445053100586e-01,-3.838996887207031250e+00,-1.987094163894653320e+00,-1.799334526062011719e+00,-6.941881179809570312e-01
-3.527104258537292480e-01,-3.939822196960449219e+00,-9.655323028564453125e+00,-8.288643956184387207e-01,-3.744921445846557617e+00,-1.969362378120422363e+00,-1.853121876716613770e+00,-7.012811303138732910e-01
-3.050144314765930176e-01,-3.985167264938354492e+00,-9.815532684326171875e+00,-8.798807263374328613e-01,-3.839966058731079102e+00,-2.001798152923583984e+00,-1.812516570091247559e+00,-6.945587992668151855e-01
-2.645950913429260254e-01,-3.986994743347167969e+00,-9.802532196044921875e+00,-8.760906457901000977e-01,-3.852603435516357422e+00,-2.021309375762939453e+00,-1.807046294212341309e+00,-6.986492872238159180e-01
-2.996437549591064453e-01,-3.980859518051147461e+00,-9.824926376342773438e+00,-8.848984241485595703e-01,-3.850256443023681641e+00,-2.017954349517822266e+00,-1.808521986007690430e+00,-6.973875164985656738e-01
-3.012188076972961426e-01,-3.983017206192016602e+00,-9.805669784545898438e+00,-8.794821500778198242e-01,-3.851343154907226562e+00,-2.016564846038818359e+00,-1.807443737983703613e+00,-6.966503262519836426e-01
-2.957047224044799805e-01,-3.983706951141357422e+00,-9.826301574707031250e+00,-8.807243108749389648e-01,-3.850758790969848633e+00,-2.015938043594360352e+00,-1.802286744117736816e+00,-6.966929435729980469e-01
-3.672183156013488770e-01,-3.925615310668945312e+00,-9.724513053894042969e+00,-8.663576841354370117e-01,-3.796101331710815430e+00,-2.011671781539916992e+00,-1.784727573394775391e+00,-6.928048729896545410e-01
-3.422890305519104004e-01,-4.035764217376708984e+00,-1.003065395355224609e+01,-8.223111033439636230e-01,-3.794457674026489258e+00,-1.943691372871398926e+00,-1.774465203285217285e+00,-6.898884773254394531e-01
-3.219885230064392090e-01,-4.022926330566406250e+00,-9.976582527160644531e+00,-8.272523880004882812e-01,-3.804522991180419922e+00,-1.961204767227172852e+00,-1.765550732612609863e+00,-6.861173510551452637e-01
-3.311340808868408203e-01,-4.032432556152343750e+00,-1.000582885742187500e+01,-8.238097429275512695e-01,-3.792394161224365234e+00,-1.950518846511840820e+00,-1.782276153564453125e+00,-6.881152987480163574e-01
-3.149732947349548340e-01,-4.028935432434082031e+00,-9.989180564880371094e+00,-8.277938365936279297e-01,-3.797285318374633789e+00,-1.962820529937744141e+00,-1.788064718246459961e+00,-6.867132782936096191e-01
-3.147245645523071289e-01,-4.022043704986572266e+00,-9.948295593261718750e+00,-8.279551267623901367e-01,-3.799179077148437500e+00,-1.967238426208496094e+00,-1.786568760871887207e+00,-6.849624514579772949e-01
-2.894179821014404297e-01,-3.964412689208984375e+00,-9.680433273315429688e+00,-7.654132843017578125e-01,-3.746247529983520508e+00,-1.961469411849975586e+00,-1.762624621391296387e+00,-6.864882111549377441e-01
-3.057450652122497559e-01,-4.017986774444580078e+00,-9.887907028198242188e+00,-8.476951122283935547e-01,-3.807777404785156250e+00,-1.969877719879150391e+00,-1.793695807456970215e+00,-6.870266795158386230e-01
-2.954289913177490234e-01,-4.013142585754394531e+00,-9.857457160949707031e+00,-8.507369756698608398e-01,-3.817666292190551758e+00,-1.983623862266540527e+00,-1.801272034645080566e+00,-6.889103055000305176e-01
-3.139994144439697266e-01,-4.027260780334472656e+00,-9.978958129882812500e+00,-8.294284343719482422e-01,-3.810249567031860352e+00,-1.956164836883544922e+00,-1.762309432029724121e+00,-6.863206624984741211e-01
-3.203481435775756836e-01,-4.027780532836914062e+00,-9.981340408325195312e+00,-8.268842697143554688e-01,-3.805299282073974609e+00,-1.958395481109619141e+00,-1.766759157180786133e+00,-6.863603591918945312e-01
-3.150638341903686523e-01,-4.024858474731445312e+00,-9.962593078613281250e+00,-8.288227319717407227e-01,-3.804018020629882812e+00,-1.959855794906616211e+00,-1.777235627174377441e+00,-6.849127411842346191e-01
-3.103437423706054688e-01,-4.029223918914794922e+00,-9.989631652832031250e+00,-8.282561302185058594e-01,-3.801134347915649414e+00,-1.960723757743835449e+00,-1.780868053436279297e+00,-6.871346235275268555e-01
-3.281304240226745605e-01,-4.033716201782226562e+00,-1.005082321166992188e+01,-8.210216164588928223e-01,-3.806036472320556641e+00,-1.930413365364074707e+00,-1.733383893966674805e+00,-6.943729519844055176e-01
-3.192844986915588379e-01,-4.000106334686279297e+00,-9.964699745178222656e+00,-8.048073053359985352e-01,-3.769900798797607422e+00,-1.927305579185485840e+00,-1.743016123771667480e+00,-6.871794462203979492e-01
-3.015089631080627441e-01,-3.953904628753662109e+00,-9.897846221923828125e+00,-7.940033674240112305e-01,-3.766470432281494141e+00,-1.902140617370605469e+00,-1.732290506362915039e+00,-6.856061816215515137e-01
-2.976741194725036621e-01,-4.010202884674072266e+00,-9.977246284484863281e+00,-8.214786052703857422e-01,-3.778644561767578125e+00,-1.936660051345825195e+00,-1.724347949028015137e+00,-6.836170554161071777e-01
-2.935367822647094727e-01,-4.007273197174072266e+00,-9.980385780334472656e+00,-8.219423294067382812e-01,-3.784616231918334961e+00,-1.930262684822082520e+00,-1.728904128074645996e+00,-6.844884157180786133e-01
-2.867632508277893066e-01,-4.009557723999023438e+00,-9.991987228393554688e+00,-8.091951608657836914e-01,-3.785657167434692383e+00,-1.913298845291137695e+00,-1.700550317764282227e+00,-6.855600476264953613e-01
-2.871534228324890137e-01,-4.010224342346191406e+00,-9.983030319213867188e+00,-8.076393604278564453e-01,-3.789528846740722656e+00,-1.907235383987426758e+00,-1.681156992912292480e+00,-6.860163807868957520e-01
-2.981103658676147461e-01,-4.008992195129394531e+00,-9.976118087768554688e+00,-8.325457572937011719e-01,-3.781417369842529297e+00,-1.941494345664978027e+00,-1.729107499122619629e+00,-6.837763190269470215e-01
-2.977512478828430176e-01,-4.005392551422119141e+00,-9.943539619445800781e+00,-8.483398556709289551e-01,-3.769692897796630859e+00,-1.950609922409057617e+00,-1.752435922622680664e+00,-6.832105517387390137e-01
-3.016240000724792480e-01,-4.001515388488769531e+00,-9.987518310546875000e+00,-8.562676310539245605e-01,-3.784207820892333984e+00,-1.945996403694152832e+00,-1.732507705688476562e+00,-6.863296627998352051e-01
-2.953609228134155273e-01,-4.014264583587646484e+00,-9.996874809265136719e+00,-8.102450966835021973e-01,-3.781348466873168945e+00,-1.923124551773071289e+00,-1.722504019737243652e+00,-6.839596629142761230e-01
-2.971352934837341309e-01,-4.006745815277099609e+00,-9.927077293395996094e+00,-8.501947522163391113e-01,-3.771033525466918945e+00,-1.951076745986938477e+00,-1.749124884605407715e+00,-6.836576461791992188e-01
-2.895256876945495605e-01,-4.009447574615478516e+00,-9.957176208496093750e+00,-8.290863037109375000e-01,-3.770685434341430664e+00,-1.932566761970520020e+00,-1.746087193489074707e+00,-6.828274130821228027e-01
-2.894997000694274902e-01,-3.928132057189941406e+00,-9.869773864746093750e+00,-7.792389392852783203e-01,-3.760105609893798828e+00,-1.889445781707763672e+00,-1.728456735610961914e+00,-6.848992705345153809e-01
-2.879993915557861328e-01,-4.001126766204833984e+00,-9.943489074707031250e+00,-8.321945667266845703e-01,-3.806980371475219727e+00,-1.905819654464721680e+00,-1.716003298759460449e+00,-6.877291202545166016e-01
-2.997040152549743652e-01,-3.998032331466674805e+00,-9.965169906616210938e+00,-8.497840762138366699e-01,-3.802568197250366211e+00,-1.923069715499877930e+00,-1.722575068473815918e+00,-6.877375245094299316e-01
-2.951715588569641113e-01,-3.998412847518920898e+00,-9.964334487915039062e+00,-8.508735895156860352e-01,-3.798652172088623047e+00,-1.931002616882324219e+00,-1.733114600181579590e+00,-6.876245141029357910e-01
-2.997394800186157227e-01,-3.993683815002441406e+00,-9.946907043457031250e+00,-8.556557893753051758e-01,-3.801952362060546875e+00,-1.927289962768554688e+00,-1.734295248985290527e+00,-6.886425614356994629e-01
-2.960093021392822266e-01,-3.997969627380371094e+00,-9.963651657104492188e+00,-8.478233814239501953e-01,-3.798715353012084961e+00,-1.925909280776977539e+00,-1.731639504432678223e+00,-6.877083182334899902e-01
-2.934145331382751465e-01,-3.998256206512451172e+00,-9.957137107849121094e+00,-8.429337739944458008e-01,-3.801174163818359375e+00,-1.919685482978820801e+00,-1.728462338447570801e+00,-6.880205869674682617e-01
-2.934866547584533691e-01,-3.994491815567016602e+00,-9.941911697387695312e+00,-8.557114601135253906e-01,-3.801574230194091797e+00,-1.926627993583679199e+00,-1.743215441703796387e+00,-6.891671419143676758e-01
-2.987538576126098633e-01,-3.993967056274414062e+00,-9.954754829406738281e+00,-8.613554835319519043e-01,-3.797574281692504883e+00,-1.938998103141784668e+00,-1.743785858154296875e+00,-6.884794235229492188e-01
-3.027358651161193848e-01,-3.991793155670166016e+00,-9.931163787841796875e+00,-8.632365465164184570e-01,-3.805115461349487305e+00,-1.933292984962463379e+00,-1.745520472526550293e+00,-6.895754337310791016e-01
-2.941461205482482910e-01,-4.006054878234863281e+00,-9.941287994384765625e+00,-8.329432010650634766e-01,-3.816592693328857422e+00,-1.900027632713317871e+00,-1.696578502655029297e+00,-6.871720552444458008e-01
-2.914454340934753418e-01,-3.999811172485351562e+00,-9.947822570800781250e+00,-8.549839258193969727e-01,-3.814713001251220703e+00,-1.904605031013488770e+00,-1.726129293441772461e+00,-6.895622611045837402e-01
-2.967252135276794434e-01,-4.002348899841308594e+00,-9.951196670532226562e+00,-8.489423394203186035e-01,-3.817550182342529297e+00,-1.897577881813049316e+00,-1.709362506866455078e+00,-6.890532970428466797e-01
-3.013910055160522461e-01,-3.992363452911376953e+00,-9.946707725524902344e+00,-8.660148978233337402e-01,-3.827036142349243164e+00,-1.919687867164611816e+00,-1.730683684349060059e+00,-6.942637562751770020e-01
-3.046841621398925781e-01,-4.013147830963134766e+00,-1.002923297882080078e+01,-8.319000005722045898e-01,-3.790345430374145508e+00,-1.927408695220947266e+00,-1.727054834365844727e+00,-6.837963461875915527e-01
-3.086809515953063965e-01,-4.014971256256103516e+00,-1.003781509399414062e+01,-8.233824968338012695e-01,-3.795593500137329102e+00,-1.921920299530029297e+00,-1.712263941764831543e+00,-6.839135289192199707e-01
-3.139593005180358887e-01,-4.014261722564697266e+00,-1.002615737915039062e+01,-8.374319076538085938e-01,-3.786486387252807617e+00,-1.947394728660583496e+00,-1.756255269050598145e+00,-6.841657757759094238e-01
-3.174259662628173828e-01,-4.018676757812500000e+00,-1.003371238708496094e+01,-8.269881010055541992e-01,-3.794801235198974609e+00,-1.939588308334350586e+00,-1.742176532745361328e+00,-6.844038963317871094e-01
-3.187225461006164551e-01,-4.021923542022705078e+00,-1.001804924011230469e+01,-8.290801048278808594e-01,-3.790469884872436523e+00,-1.952999353408813477e+00,-1.781209468841552734e+00,-6.845868825912475586e-01
-3.137614130973815918e-01,-4.025733947753906250e+00,-1.002869987487792969e+01,-8.212847709655761719e-01,-3.798033237457275391e+00,-1.931103348731994629e+00,-1.739479422569274902e+00,-6.846666336059570312e-01
-3.160766363143920898e-01,-4.018851757049560547e+00,-1.001223468780517578e+01,-8.381533622741699219e-01,-3.790062427520751953e+00,-1.956423640251159668e+00,-1.778382539749145508e+00,-6.847490668296813965e-01
-3.141896128654479980e-01,-4.022464275360107422e+00,-1.001604461669921875e+01,-8.280350565910339355e-01,-3.795838117599487305e+00,-1.948120832443237305e+00,-1.762146115303039551e+00,-6.845448017120361328e-01
-3.163048624992370605e-01,-4.026332855224609375e+00,-1.001098060607910156e+01,-8.251464366912841797e-01,-3.798909187316894531e+00,-1.949005246162414551e+00,-1.769178271293640137e+00,-6.849196553230285645e-01
-3.064557313919067383e-01,-4.016186237335205078e+00,-9.986904144287109375e+00,-8.682823777198791504e-01,-3.794711112976074219e+00,-1.963517189025878906e+00,-1.801707863807678223e+00,-6.858935356140136719e-01
-3.122593164443969727e-01,-4.025662422180175781e+00,-1.001267337799072266e+01,-8.249204158782958984e-01,-3.800344944000244141e+00,-1.944778442382812500e+00,-1.754290461540222168e+00,-6.844735741615295410e-01
-3.090088367462158203e-01,-4.021479606628417969e+00,-1.002208805084228516e+01,-8.276630043983459473e-01,-3.797668457031250000e+00,-1.943088293075561523e+00,-1.739768147468566895e+00,-6.840135455131530762e-01
-3.093128204345703125e-01,-4.025993824005126953e+00,-1.002625083923339844e+01,-8.261300325393676758e-01,-3.805807590484619141e+00,-1.944769263267517090e+00,-1.740373849868774414e+00,-6.859592199325561523e-01
-3.666828274726867676e-01,-4.038176059722900391e+00,-9.922434806823730469e+00,-7.783527374267578125e-01,-3.791141986846923828e+00,-1.795402526855468750e+00,-1.560131788253784180e+00,-6.775524020195007324e-01
-1.360839605331420898e-01,-3.561896324157714844e+00,-9.766790390014648438e+00,-2.310542464256286621e-01,-3.195987224578857422e+00,-1.036598205566406250e+00,-1.038427114486694336e+00,-7.531847357749938965e-01
-5.507260560989379883e-02,-3.570617198944091797e+00,-9.537837982177734375e+00,-1.387729644775390625e-01,-3.152263164520263672e+00,-1.209061145782470703e+00,-1.121371507644653320e+00,-8.114503026008605957e-01
-7.810360193252563477e-02,-3.560108184814453125e+00,-9.701399803161621094e+00,-1.622104644775390625e-01,-3.128587245941162109e+00,-1.120337724685668945e+00,-1.102248191833496094e+00,-8.598740100860595703e-01
-1.313623189926147461e-01,-3.592087745666503906e+00,-9.513415336608886719e+00,-1.808657646179199219e-01,-3.259904146194458008e+00,-1.387383937835693359e+00,-1.150317668914794922e+00,-8.645286560058593750e-01
-1.140133142471313477e-01,-3.639600515365600586e+00,-9.409377098083496094e+00,-4.857205152511596680e-01,-3.755163669586181641e+00,-1.925402760505676270e+00,-1.434846401214599609e+00,-5.966432690620422363e-01
1.182628273963928223e-01,-3.599157094955444336e+00,-8.967822074890136719e+00,-4.972010850906372070e-01,-3.661213397979736328e+00,-2.172808647155761719e+00,-1.496689558029174805e+00,-5.557590723037719727e-02
7.985270023345947266e-02,-3.630105018615722656e+00,-9.064756393432617188e+00,-5.442899465560913086e-01,-3.741742372512817383e+00,-2.163078546524047852e+00,-1.556754112243652344e+00,-1.821643114089965820e-02
9.877365827560424805e-02,-3.631568670272827148e+00,-9.013656616210937500e+00,-5.385357141494750977e-01,-3.702922821044921875e+00,-2.172432661056518555e+00,-1.552978515625000000e+00,1.016175746917724609e-02
1.573949456214904785e-01,-3.689286231994628906e+00,-8.934780120849609375e+00,-5.996555685997009277e-01,-3.753220081329345703e+00,-2.254414319992065430e+00,-1.739214777946472168e+00,1.282246112823486328e-01
-8.584922552108764648e-02,-3.674982547760009766e+00,-9.327734947204589844e+00,-5.379369258880615234e-01,-3.759827613830566406e+00,-2.031269311904907227e+00,-1.512775182723999023e+00,-3.157629668712615967e-01
-1.347260475158691406e-01,-3.745276927947998047e+00,-9.484364509582519531e+00,-5.820329189300537109e-01,-3.843054294586181641e+00,-2.028268575668334961e+00,-1.535076141357421875e+00,-5.294069051742553711e-01
5.407810211181640625e-03,-3.676095724105834961e+00,-9.152368545532226562e+00,-6.727139949798583984e-01,-3.913669586181640625e+00,-2.253823757171630859e+00,-1.631449818611145020e+00,-2.927837669849395752e-01
-1.198936104774475098e-01,-3.562095642089843750e+00,-9.730681419372558594e+00,-1.919671297073364258e-01,-3.157464265823364258e+00,-1.074538946151733398e+00,-1.080645084381103516e+00,-8.109629154205322266e-01
-1.380694508552551270e-01,-3.549836635589599609e+00,-9.747791290283203125e+00,-2.043040394783020020e-01,-3.174939393997192383e+00,-1.083945989608764648e+00,-1.081674575805664062e+00,-7.808634042739868164e-01
-1.179648637771606445e-01,-3.535175800323486328e+00,-9.683356285095214844e+00,-1.754391193389892578e-01,-3.150239467620849609e+00,-1.097070693969726562e+00,-1.105086326599121094e+00,-8.069127798080444336e-01
-3.694510459899902344e-02,-3.430671215057373047e+00,-9.626236915588378906e+00,-1.704096794128417969e-01,-3.196346044540405273e+00,-1.316791057586669922e+00,-1.039325475692749023e+00,-7.487090826034545898e-01
-4.525560140609741211e-02,-3.481119632720947266e+00,-9.555303573608398438e+00,-1.255275011062622070e-01,-3.169960260391235352e+00,-1.207765340805053711e+00,-1.019047975540161133e+00,-7.593045830726623535e-01
-3.776683211326599121e-01,-3.999138116836547852e+00,-9.995725631713867188e+00,-6.412807106971740723e-01,-3.706531524658203125e+00,-1.782208681106567383e+00,-1.530959606170654297e+00,-6.701513528823852539e-01
-2.766223549842834473e-01,-3.881920337677001953e+00,-9.904247283935546875e+00,-4.974615573883056641e-01,-3.529199600219726562e+00,-1.573343634605407715e+00,-1.417653799057006836e+00,-6.834418177604675293e-01
-3.877407908439636230e-01,-3.971054315567016602e+00,-1.001057815551757812e+01,-8.329919576644897461e-01,-3.805394172668457031e+00,-1.939614415168762207e+00,-1.609042048454284668e+00,-6.834367513656616211e-01
-2.314397692680358887e-01,-3.768526554107666016e+00,-9.872881889343261719e+00,-3.996658921241760254e-01,-3.417698860168457031e+00,-1.430319786071777344e+00,-1.316668987274169922e+00,-7.490023970603942871e-01
-6.638759374618530273e-02,-3.420590877532958984e+00,-9.437208175659179688e+00,-9.565758705139160156e-02,-3.191164731979370117e+00,-1.345251083374023438e+00,-1.083179235458374023e+00,-8.504609465599060059e-01
1.205590367317199707e-01,-3.334205627441406250e+00,-9.236798286437988281e+00,1.007744073867797852e-01,-3.022353172302246094e+00,-1.055967211723327637e+00,-1.070104360580444336e+00,-7.924252748489379883e-01
-9.052866697311401367e-02,-3.447282075881958008e+00,-9.513959884643554688e+00,-1.211726665496826172e-01,-3.229593276977539062e+00,-1.356850028038024902e+00,-1.094989776611328125e+00,-9.153714179992675781e-01
-6.611579656600952148e-02,-3.432614326477050781e+00,-9.515268325805664062e+00,-9.910416603088378906e-02,-3.189075708389282227e+00,-1.303357362747192383e+00,-1.051542997360229492e+00,-8.399022817611694336e-01
-1.043637990951538086e-01,-3.571760416030883789e+00,-9.738942146301269531e+00,-1.837378740310668945e-01,-3.150101661682128906e+00,-1.069915294647216797e+00,-1.070855617523193359e+00,-7.990627288818359375e-01
-9.503006935119628906e-02,-3.565894603729248047e+00,-9.702901840209960938e+00,-1.717137098312377930e-01,-3.134167432785034180e+00,-1.091565847396850586e+00,-1.091325521469116211e+00,-8.403149843215942383e-01
-9.313815832138061523e-02,-3.557332754135131836e+00,-9.675624847412109375e+00,-1.565458774566650391e-01,-3.145378589630126953e+00,-1.061359047889709473e+00,-1.046164512634277344e+00,-8.409113883972167969e-01
-1.112613677978515625e-01,-3.537345886230468750e+00,-9.470951080322265625e+00,-2.153459787368774414e-01,-3.364134311676025391e+00,-1.532982468605041504e+00,-1.052042484283447266e+00,-8.567622900009155273e-01
-3.677034378051757812e-02,-3.522989034652709961e+00,-9.559769630432128906e+00,-1.022486686706542969e-01,-3.116734027862548828e+00,-1.106873512268066406e+00,-1.071890354156494141e+00,-8.456040620803833008e-01
-3.098088502883911133e-01,-3.935906648635864258e+00,-9.946989059448242188e+00,-5.771398544311523438e-01,-3.604508399963378906e+00,-1.633753418922424316e+00,-1.507563829421997070e+00,-7.340005636215209961e-01
-1.070539355278015137e-01,-3.556107521057128906e+00,-9.702555656433105469e+00,-1.721218824386596680e-01,-3.140993595123291016e+00,-1.084899187088012695e+00,-1.098865270614624023e+00,-8.271738290786743164e-01
-3.285158872604370117e-01,-3.820971012115478516e+00,-9.985567092895507812e+00,-4.958937764167785645e-01,-3.533824682235717773e+00,-1.533117294311523438e+00,-1.411074161529541016e+00,-9.036186933517456055e-01
-1.171461343765258789e-01,-3.551654100418090820e+00,-9.724717140197753906e+00,-1.796510219573974609e-01,-3.152669191360473633e+00,-1.082079529762268066e+00,-1.093943595886230469e+00,-8.116697072982788086e-01
-3.036034107208251953e-02,-3.515000581741333008e+00,-9.530281066894531250e+00,-1.088265180587768555e-01,-3.095772743225097656e+00,-1.147711753845214844e+00,-1.133988857269287109e+00,-8.392536640167236328e-01
-1.232053041458129883e-01,-3.523066759109497070e+00,-9.568296432495117188e+00,-1.218845844268798828e-01,-3.176202058792114258e+00,-1.220081090927124023e+00,-1.121785640716552734e+00,-8.473727703094482422e-01
-5.674064159393310547e-02,-3.524486541748046875e+00,-9.520671844482421875e+00,-1.339204311370849609e-01,-3.111444711685180664e+00,-1.179746627807617188e+00,-1.170671939849853516e+00,-6.461261510848999023e-01
-3.992386460304260254e-01,-4.002394676208496094e+00,-9.995879173278808594e+00,-6.888992786407470703e-01,-3.753841876983642578e+00,-1.827198028564453125e+00,-1.581827163696289062e+00,-6.677806973457336426e-01
-6.578809022903442383e-02,-3.564572334289550781e+00,-9.715531349182128906e+00,-1.536083221435546875e-01,-3.112286567687988281e+00,-1.125610351562500000e+00,-1.133946895599365234e+00,-8.456179499626159668e-01
-9.624248743057250977e-02,-3.565102100372314453e+00,-9.732686996459960938e+00,-1.754106283187866211e-01,-3.141250848770141602e+00,-1.081441402435302734e+00,-1.098912000656127930e+00,-8.163817524909973145e-01
-9.079146385192871094e-02,-3.551389694213867188e+00,-9.686260223388671875e+00,-1.611799001693725586e-01,-3.133621454238891602e+00,-1.087144374847412109e+00,-1.107193708419799805e+00,-8.525641560554504395e-01
-4.185426235198974609e-02,-3.510140419006347656e+00,-9.551734924316406250e+00,-9.760558605194091797e-02,-3.113381385803222656e+00,-1.106975078582763672e+00,-1.082679986953735352e+00,-8.352663516998291016e-01
-1.815556883811950684e-01,-3.743322372436523438e+00,-9.812566757202148438e+00,-3.663124442100524902e-01,-3.360144615173339844e+00,-1.375177979469299316e+00,-1.344603776931762695e+00,-7.288270592689514160e-01
-1.130800843238830566e-01,-3.605092763900756836e+00,-9.698241233825683594e+00,-2.244872450828552246e-01,-3.196410894393920898e+00,-1.184080123901367188e+00,-1.215260505676269531e+00,-7.601144909858703613e-01
-8.446609973907470703e-02,-3.535421133041381836e+00,-9.638092041015625000e+00,-1.464279890060424805e-01,-3.128300189971923828e+00,-1.085931301116943359e+00,-1.106063842773437500e+00,-8.443460464477539062e-01
-9.271639585494995117e-02,-3.534042358398437500e+00,-9.662347793579101562e+00,-1.536648273468017578e-01,-3.130908012390136719e+00,-1.104963541030883789e+00,-1.124464035034179688e+00,-8.358454108238220215e-01
-1.741027832031250000e-02,-3.488215446472167969e+00,-9.510641098022460938e+00,-9.027218818664550781e-02,-3.091481447219848633e+00,-1.134393692016601562e+00,-1.112663745880126953e+00,-8.008019924163818359e-01
8.640307188034057617e-02,-3.376589298248291016e+00,-9.376396179199218750e+00,-3.617525100708007812e-02,-3.031740665435791016e+00,-1.243545174598693848e+00,-1.128607034683227539e+00,-7.823289632797241211e-01
-7.195627689361572266e-02,-3.513778686523437500e+00,-9.572065353393554688e+00,-1.329491138458251953e-01,-3.114644765853881836e+00,-1.130280852317810059e+00,-1.138002634048461914e+00,-8.484528660774230957e-01
-1.504713892936706543e-01,-3.524352788925170898e+00,-9.543191909790039062e+00,-1.331957578659057617e-01,-3.210836887359619141e+00,-1.286387562751770020e+00,-1.127561092376708984e+00,-8.757120370864868164e-01
-8.600205183029174805e-02,-3.517797946929931641e+00,-9.599090576171875000e+00,-1.358675956726074219e-01,-3.126969575881958008e+00,-1.108093976974487305e+00,-1.120473146438598633e+00,-8.438280820846557617e-01
-8.797312378883361816e-01,-3.500352382659912109e+00,-8.480325698852539062e+00,-2.004450321197509766e+00,-4.088485717773437500e+00,-3.113050699234008789e+00,-1.641735434532165527e+00,-2.402131795883178711e+00
-9.015877842903137207e-01,-3.499839544296264648e+00,-8.441450119018554688e+00,-1.987610340118408203e+00,-4.240934371948242188e+00,-2.778212070465087891e+00,-1.495102167129516602e+00,-2.291311264038085938e+00
-8.434010148048400879e-01,-3.464997768402099609e+00,-8.527048110961914062e+00,-1.904371380805969238e+00,-4.106403350830078125e+00,-2.833394050598144531e+00,-1.544115066528320312e+00,-2.310740947723388672e+00
-6.441847681999206543e-01,-3.432159662246704102e+00,-8.374568939208984375e+00,-1.837914466857910156e+00,-4.192172527313232422e+00,-2.742724418640136719e+00,-1.535187482833862305e+00,-2.129254341125488281e+00
-9.860062003135681152e-01,-3.421402931213378906e+00,-8.480457305908203125e+00,-2.048062086105346680e+00,-4.107449531555175781e+00,-3.116444826126098633e+00,-1.610357046127319336e+00,-2.500859975814819336e+00
-7.626377940177917480e-01,-3.455583095550537109e+00,-8.421593666076660156e+00,-1.911546587944030762e+00,-4.161092758178710938e+00,-2.751399993896484375e+00,-1.565457463264465332e+00,-2.183709859848022461e+00
-7.729758620262145996e-01,-3.430790424346923828e+00,-8.359501838684082031e+00,-1.896343469619750977e+00,-4.194208621978759766e+00,-2.751240253448486328e+00,-1.504579544067382812e+00,-2.192147493362426758e+00
-6.512114405632019043e-01,-3.406852960586547852e+00,-8.441383361816406250e+00,-1.832218289375305176e+00,-4.136528968811035156e+00,-2.811778545379638672e+00,-1.587903618812561035e+00,-2.167468786239624023e+00
-3.830944895744323730e-01,-3.508201599121093750e+00,-8.623178482055664062e+00,-1.731096029281616211e+00,-3.995667934417724609e+00,-2.535392999649047852e+00,-1.629906296730041504e+00,-2.027536630630493164e+00
-4.176368117332458496e-01,-3.557542800903320312e+00,-8.713735580444335938e+00,-1.704568505287170410e+00,-4.005340576171875000e+00,-2.607324838638305664e+00,-1.599588036537170410e+00,-2.087068319320678711e+00
-5.812473893165588379e-01,-3.400630474090576172e+00,-8.587368011474609375e+00,-1.779701232910156250e+00,-4.098124980926513672e+00,-2.691407442092895508e+00,-1.614554286003112793e+00,-2.073961496353149414e+00
-4.128589034080505371e-01,-3.610682487487792969e+00,-8.824337005615234375e+00,-1.613430023193359375e+00,-4.001191616058349609e+00,-2.659438133239746094e+00,-1.589274048805236816e+00,-2.024469137191772461e+00
-2.479217052459716797e-01,-3.521392822265625000e+00,-8.720714569091796875e+00,-1.542826175689697266e+00,-3.957952976226806641e+00,-2.484249830245971680e+00,-1.625866532325744629e+00,-1.868817090988159180e+00
-3.604709506034851074e-01,-3.916125059127807617e+00,-9.860061645507812500e+00,-6.688469648361206055e-01,-3.897187232971191406e+00,-1.987208008766174316e+00,-1.586848735809326172e+00,-9.275261163711547852e-01
-3.654803633689880371e-01,-3.873736381530761719e+00,-9.872323036193847656e+00,-5.914734005928039551e-01,-3.786013603210449219e+00,-1.654812693595886230e+00,-1.368282079696655273e+00,-7.293598651885986328e-01
-1.034804582595825195e-01,-3.524459838867187500e+00,-9.600212097167968750e+00,-2.661707997322082520e-01,-3.229861974716186523e+00,-1.090717792510986328e+00,-1.040274381637573242e+00,-6.637368202209472656e-01
-6.610929965972900391e-02,-3.517922639846801758e+00,-9.595312118530273438e+00,-2.025442123413085938e-01,-3.173423051834106445e+00,-1.054342508316040039e+00,-1.042402505874633789e+00,-7.399306297302246094e-01
-2.821594476699829102e-02,-3.554873943328857422e+00,-9.605233192443847656e+00,-1.413198709487915039e-01,-3.095587730407714844e+00,-1.126026749610900879e+00,-1.132789134979248047e+00,-7.929382324218750000e-01
-7.823371887207031250e-02,-3.553233146667480469e+00,-9.669479370117187500e+00,-1.775550842285156250e-01,-3.141598224639892578e+00,-1.084957242012023926e+00,-1.069364547729492188e+00,-7.770211100578308105e-01
-8.796942234039306641e-02,-3.555049419403076172e+00,-9.684317588806152344e+00,-1.904598474502563477e-01,-3.159424304962158203e+00,-1.062670946121215820e+00,-1.056425571441650391e+00,-7.659863233566284180e-01
-7.702642679214477539e-02,-3.561501026153564453e+00,-9.675977706909179688e+00,-1.693235635757446289e-01,-3.138188600540161133e+00,-1.079912781715393066e+00,-1.071816444396972656e+00,-7.775456905364990234e-01
-6.785345077514648438e-02,-3.533401012420654297e+00,-9.617452621459960938e+00,-1.929568052291870117e-01,-3.164931535720825195e+00,-1.112327456474304199e+00,-1.100277185440063477e+00,-7.573800086975097656e-01
-8.663290739059448242e-02,-3.558095455169677734e+00,-9.689633369445800781e+00,-1.818171739578247070e-01,-3.150698184967041016e+00,-1.077531933784484863e+00,-1.076725482940673828e+00,-7.709441781044006348e-01
-1.234822869300842285e-01,-3.556101322174072266e+00,-9.707317352294921875e+00,-2.072146534919738770e-01,-3.177099943161010742e+00,-1.075469732284545898e+00,-1.076328754425048828e+00,-7.684745192527770996e-01
-9.332996606826782227e-02,-3.557571887969970703e+00,-9.684416770935058594e+00,-1.699393987655639648e-01,-3.130476236343383789e+00,-1.099630475044250488e+00,-1.100282430648803711e+00,-8.379577398300170898e-01
-2.814460396766662598e-01,-3.985156774520874023e+00,-9.909594535827636719e+00,-8.667331933975219727e-01,-3.828924894332885742e+00,-1.946019530296325684e+00,-1.701193690299987793e+00,-6.954438090324401855e-01
-3.160115480422973633e-01,-4.008312702178955078e+00,-1.001023101806640625e+01,-8.678157925605773926e-01,-3.778718471527099609e+00,-1.974420189857482910e+00,-1.772188186645507812e+00,-6.855127215385437012e-01
-3.200859427452087402e-01,-4.015019416809082031e+00,-1.003066539764404297e+01,-8.444082736968994141e-01,-3.790812015533447266e+00,-1.960998535156250000e+00,-1.754691720008850098e+00,-6.847048401832580566e-01
-3.163406252861022949e-01,-4.004862785339355469e+00,-9.979211807250976562e+00,-8.525806069374084473e-01,-3.770548820495605469e+00,-1.957677721977233887e+00,-1.771115779876708984e+00,-6.833519339561462402e-01
-3.279883265495300293e-01,-4.012440204620361328e+00,-1.004602241516113281e+01,-8.299839496612548828e-01,-3.795432567596435547e+00,-1.944707751274108887e+00,-1.711914539337158203e+00,-6.845983862876892090e-01
-3.244228363037109375e-01,-3.992448806762695312e+00,-1.003734397888183594e+01,-8.287686705589294434e-01,-3.780712127685546875e+00,-1.935034394264221191e+00,-1.673781037330627441e+00,-6.845132112503051758e-01
-3.063235282897949219e-01,-3.995449066162109375e+00,-9.981551170349121094e+00,-8.543428182601928711e-01,-3.791057109832763672e+00,-1.949663400650024414e+00,-1.748429775238037109e+00,-6.854041218757629395e-01
-3.191589117050170898e-01,-4.020735263824462891e+00,-1.004722023010253906e+01,-8.188822269439697266e-01,-3.804395198822021484e+00,-1.930696487426757812e+00,-1.702769160270690918e+00,-6.851680278778076172e-01
-3.290676474571228027e-01,-4.018235683441162109e+00,-1.004025363922119141e+01,-8.178374767303466797e-01,-3.810531377792358398e+00,-1.935165166854858398e+00,-1.677785754203796387e+00,-6.858267188072204590e-01
-3.307626247406005859e-01,-4.001465797424316406e+00,-1.004484653472900391e+01,-8.190422654151916504e-01,-3.788894653320312500e+00,-1.931090116500854492e+00,-1.668760776519775391e+00,-6.840704679489135742e-01
-3.178280591964721680e-01,-3.975127696990966797e+00,-9.925846099853515625e+00,-7.838140726089477539e-01,-3.784340381622314453e+00,-1.925164103507995605e+00,-1.652413129806518555e+00,-6.813898086547851562e-01
-3.174304962158203125e-03,-3.588795185089111328e+00,-9.618396759033203125e+00,-2.233248353004455566e-01,-3.160656929016113281e+00,-1.184880137443542480e+00,-1.172423839569091797e+00,-6.094815731048583984e-01
9.805536270141601562e-02,-3.478512287139892578e+00,-9.358277320861816406e+00,-9.461390972137451172e-02,-3.094894409179687500e+00,-1.066024065017700195e+00,-1.195852041244506836e+00,-6.569569706916809082e-01
3.258219659328460693e-01,-3.114645719528198242e+00,-8.953169822692871094e+00,8.256912231445312500e-02,-3.034204483032226562e+00,-8.918370008468627930e-01,-1.254413366317749023e+00,-1.004737615585327148e+00
1.085478663444519043e-01,-4.091652393341064453e+00,-9.138032913208007812e+00,-7.786885499954223633e-01,-3.856795787811279297e+00,-2.486897945404052734e+00,-2.420008182525634766e+00,-4.397934675216674805e-02
7.655614614486694336e-02,-5.068165779113769531e+00,-8.747717857360839844e+00,-1.070639133453369141e+00,-4.056499004364013672e+00,-2.968616724014282227e+00,-3.340478897094726562e+00,-1.335950136184692383e+00
-2.846211194992065430e-02,-3.553662300109863281e+00,-9.667218208312988281e+00,-1.311109066009521484e-01,-3.087637901306152344e+00,-1.166397094726562500e+00,-1.159947872161865234e+00,-8.051292896270751953e-01
-3.799265623092651367e-02,-3.550480365753173828e+00,-9.688070297241210938e+00,-1.374630928039550781e-01,-3.092401504516601562e+00,-1.156611561775207520e+00,-1.154044151306152344e+00,-8.036245703697204590e-01
-4.604989290237426758e-02,-3.552927494049072266e+00,-9.700042724609375000e+00,-1.429032087326049805e-01,-3.095887422561645508e+00,-1.147515058517456055e+00,-1.147856712341308594e+00,-8.078954815864562988e-01
-6.129038333892822266e-02,-3.549304723739624023e+00,-9.712112426757812500e+00,-1.535201072692871094e-01,-3.107257366180419922e+00,-1.128059625625610352e+00,-1.130468606948852539e+00,-7.998957633972167969e-01
-5.766814947128295898e-02,-3.560161828994750977e+00,-9.734249114990234375e+00,-1.496430635452270508e-01,-3.101551532745361328e+00,-1.147232294082641602e+00,-1.146068334579467773e+00,-8.112096786499023438e-01
-5.896598100662231445e-02,-3.544756889343261719e+00,-9.718478202819824219e+00,-1.621950864791870117e-01,-3.120332956314086914e+00,-1.114618778228759766e+00,-1.124769687652587891e+00,-7.798802852630615234e-01
-1.607555150985717773e-02,-3.522084712982177734e+00,-9.668224334716796875e+00,-1.014831066131591797e-01,-3.078481912612915039e+00,-1.098015785217285156e+00,-1.143913507461547852e+00,-7.843599319458007812e-01
-1.077193021774291992e-02,-3.546407699584960938e+00,-9.653213500976562500e+00,-1.080569028854370117e-01,-3.090340614318847656e+00,-1.089517354965209961e+00,-1.142878532409667969e+00,-7.863948345184326172e-01
-7.479161024093627930e-02,-3.537002086639404297e+00,-9.630790710449218750e+00,-1.475285291671752930e-01,-3.120275974273681641e+00,-1.105978608131408691e+00,-1.123312711715698242e+00,-8.612551689147949219e-01
-7.523679733276367188e-02,-3.526365756988525391e+00,-9.652978897094726562e+00,-1.373665332794189453e-01,-3.119433403015136719e+00,-1.092007756233215332e+00,-1.116702556610107422e+00,-8.251594305038452148e-01
-6.019169092178344727e-02,-3.556743144989013672e+00,-9.720731735229492188e+00,-1.442399024963378906e-01,-3.106546878814697266e+00,-1.116207838058471680e+00,-1.148596286773681641e+00,-8.241974115371704102e-01
1.568528413772583008e-01,-3.689815282821655273e+00,-9.204058647155761719e+00,-6.815898418426513672e-01,-3.734459161758422852e+00,-2.266000747680664062e+00,-1.799972414970397949e+00,1.170900464057922363e-01
2.140333354473114014e-01,-3.682945251464843750e+00,-9.141996383666992188e+00,-5.176178216934204102e-01,-3.740447282791137695e+00,-2.262166738510131836e+00,-1.809489607810974121e+00,1.397944092750549316e-01
2.852853238582611084e-01,-3.685245752334594727e+00,-9.054881095886230469e+00,-2.945326566696166992e-01,-3.606719255447387695e+00,-2.042077302932739258e+00,-1.893619537353515625e+00,-3.540697991847991943e-01
2.264805436134338379e-01,-3.674968719482421875e+00,-9.125732421875000000e+00,-5.546706914901733398e-01,-3.719219923019409180e+00,-2.277400732040405273e+00,-1.775973439216613770e+00,1.188993453979492188e-01
3.029763698577880859e-02,-3.508272647857666016e+00,-9.581696510314941406e+00,-6.981122493743896484e-02,-3.040323495864868164e+00,-1.231689691543579102e+00,-1.183302879333496094e+00,-8.424193859100341797e-01
6.050157546997070312e-02,-3.666011571884155273e+00,-9.028360366821289062e+00,-6.105660200119018555e-01,-3.748434782028198242e+00,-2.192342996597290039e+00,-1.619152426719665527e+00,4.657506942749023438e-04
2.028435468673706055e-02,-3.518306493759155273e+00,-9.610704421997070312e+00,-6.004261970520019531e-02,-3.049818515777587891e+00,-1.189248561859130859e+00,-1.150001287460327148e+00,-8.358182907104492188e-01
9.815567731857299805e-02,-3.424093723297119141e+00,-9.363595962524414062e+00,-5.826222896575927734e-02,-3.062981605529785156e+00,-1.298406839370727539e+00,-1.092531204223632812e+00,-7.970072627067565918e-01
1.327395439147949219e-04,-3.520333290100097656e+00,-9.570501327514648438e+00,-8.670794963836669922e-02,-3.073012828826904297e+00,-1.125026822090148926e+00,-1.127356767654418945e+00,-8.488551378250122070e-01
1.733209490776062012e-01,-3.281637191772460938e+00,-9.227390289306640625e+00,-3.815901279449462891e-02,-3.059894561767578125e+00,-1.436000108718872070e+00,-1.097491741180419922e+00,-7.292854785919189453e-01
1.811564862728118896e-01,-3.250913381576538086e+00,-9.370819091796875000e+00,-4.123115539550781250e-02,-3.011962175369262695e+00,-1.334644079208374023e+00,-1.139557123184204102e+00,-7.398287653923034668e-01
1.132860779762268066e-01,-3.343676328659057617e+00,-9.463899612426757812e+00,-5.800974369049072266e-02,-3.027404308319091797e+00,-1.253856182098388672e+00,-1.142063617706298828e+00,-7.549424171447753906e-01
1.333951950073242188e-01,-3.212647676467895508e+00,-9.481251716613769531e+00,-5.806469917297363281e-02,-3.064973115921020508e+00,-1.388627171516418457e+00,-1.142391920089721680e+00,-8.117725253105163574e-01
2.112793326377868652e-01,-3.727365732192993164e+00,-8.853260993957519531e+00,-5.964961647987365723e-01,-3.776581525802612305e+00,-2.286531686782836914e+00,-1.882092118263244629e+00,1.745842099189758301e-01
1.546736359596252441e-01,-3.769210577011108398e+00,-8.783765792846679688e+00,-6.650676727294921875e-01,-3.832468509674072266e+00,-2.315103054046630859e+00,-1.949204325675964355e+00,2.882925271987915039e-01
1.602930426597595215e-01,-3.785279750823974609e+00,-8.801609039306640625e+00,-6.523350477218627930e-01,-3.822257757186889648e+00,-2.323214769363403320e+00,-1.938616752624511719e+00,2.641609311103820801e-01
1.719475686550140381e-01,-3.773710012435913086e+00,-8.779827117919921875e+00,-6.526690125465393066e-01,-3.814774990081787109e+00,-2.327813625335693359e+00,-1.931059241294860840e+00,2.447146177291870117e-01
1.276642084121704102e-02,-3.811595439910888672e+00,-9.449275016784667969e+00,-1.956921815872192383e-01,-3.208760738372802734e+00,-1.447373628616333008e+00,-1.344620466232299805e+00,-3.461121022701263428e-01
1.876133680343627930e-02,-3.518507719039916992e+00,-9.678581237792968750e+00,-5.326318740844726562e-02,-3.042622804641723633e+00,-1.183571815490722656e+00,-1.174345016479492188e+00,-8.669549226760864258e-01
6.600373983383178711e-02,-3.497610807418823242e+00,-9.571324348449707031e+00,4.311859607696533203e-02,-3.009742736816406250e+00,-1.042066216468811035e+00,-1.132483005523681641e+00,-8.169438838958740234e-01
-1.441192626953125000e-02,-3.530493497848510742e+00,-9.737513542175292969e+00,-6.631731986999511719e-02,-3.055002927780151367e+00,-1.160463213920593262e+00,-1.183812856674194336e+00,-8.474765419960021973e-01
-1.823818683624267578e-02,-3.559626102447509766e+00,-9.700814247131347656e+00,-8.864319324493408203e-02,-3.060836553573608398e+00,-1.132510423660278320e+00,-1.167777061462402344e+00,-8.137163519859313965e-01
4.705911874771118164e-02,-3.502687931060791016e+00,-9.551174163818359375e+00,-6.273603439331054688e-02,-3.077435970306396484e+00,-1.187258005142211914e+00,-1.104931354522705078e+00,-8.223649859428405762e-01
9.436297416687011719e-02,-3.468290090560913086e+00,-9.538856506347656250e+00,3.368043899536132812e-02,-3.026622295379638672e+00,-1.140739917755126953e+00,-1.129468679428100586e+00,-8.174080252647399902e-01
8.100795745849609375e-02,-3.516016244888305664e+00,-9.542394638061523438e+00,-3.380012512207031250e-02,-3.040674686431884766e+00,-1.235886573791503906e+00,-1.148293495178222656e+00,-8.063906431198120117e-01
2.324179708957672119e-01,-3.498140335083007812e+00,-9.251588821411132812e+00,1.104239225387573242e-01,-2.996178150177001953e+00,-1.205362796783447266e+00,-1.069185972213745117e+00,-7.622737884521484375e-01
-9.868651628494262695e-02,-3.306012153625488281e+00,-9.249404907226562500e+00,4.950487613677978516e-02,-3.181129455566406250e+00,-1.080659031867980957e+00,-1.151345491409301758e+00,-1.101208209991455078e+00
-4.371225833892822266e-02,-3.367484092712402344e+00,-9.152872085571289062e+00,5.148839950561523438e-02,-3.122910261154174805e+00,-1.056482195854187012e+00,-1.123560905456542969e+00,-1.019289135932922363e+00
-1.804935932159423828e-02,-3.505623340606689453e+00,-9.089798927307128906e+00,-1.002287864685058594e-02,-3.111927986145019531e+00,-1.066206693649291992e+00,-1.119812488555908203e+00,-9.082595109939575195e-01
-7.225745916366577148e-02,-3.361681222915649414e+00,-9.096718788146972656e+00,8.605790138244628906e-02,-3.131994962692260742e+00,-1.017168760299682617e+00,-1.158293485641479492e+00,-1.076678752899169922e+00
4.366505146026611328e-02,-3.432469129562377930e+00,-8.947262763977050781e+00,2.705885171890258789e-01,-2.959260940551757812e+00,-7.408322095870971680e-01,-1.149115085601806641e+00,-1.007329940795898438e+00
3.625720739364624023e-02,-3.466636180877685547e+00,-9.047199249267578125e+00,8.560979366302490234e-02,-3.018788814544677734e+00,-9.953725337982177734e-01,-1.088278532028198242e+00,-8.785862922668457031e-01
6.465255618095397949e-01,-3.453563690185546875e+00,-8.478509902954101562e+00,7.418658733367919922e-01,-2.615254163742065430e+00,-2.257477045059204102e-01,-1.124909639358520508e+00,-1.041971325874328613e+00
1.188069820404052734e+00,-3.395739078521728516e+00,-8.166212081909179688e+00,1.282207846641540527e+00,-2.150682449340820312e+00,9.378576278686523438e-02,-9.581987857818603516e-01,-7.680870890617370605e-01
1.189170360565185547e+00,-3.347051858901977539e+00,-8.153216361999511719e+00,1.238874077796936035e+00,-2.151134967803955078e+00,1.357078552246093750e-02,-1.024320840835571289e+00,-7.978343367576599121e-01
1.173820614814758301e+00,-3.365689754486083984e+00,-8.164499282836914062e+00,1.285921216011047363e+00,-2.142340898513793945e+00,9.536528587341308594e-02,-9.561045169830322266e-01,-8.017367124557495117e-01
1.156153559684753418e+00,-3.334198713302612305e+00,-8.117269515991210938e+00,1.356803059577941895e+00,-2.081850528717041016e+00,1.104805469512939453e-01,-9.171206951141357422e-01,-7.861665487289428711e-01
1.147500872611999512e+00,-3.301764488220214844e+00,-8.119334220886230469e+00,1.306598067283630371e+00,-2.113338470458984375e+00,1.075451374053955078e-01,-9.184536933898925781e-01,-8.482471108436584473e-01
1.209938049316406250e+00,-3.272289752960205078e+00,-8.037285804748535156e+00,1.353959679603576660e+00,-2.081756591796875000e+00,1.406140327453613281e-01,-9.116764068603515625e-01,-8.155257701873779297e-01
-4.277924895286560059e-01,-4.371221542358398438e+00,-8.272397994995117188e+00,-1.686517238616943359e+00,-5.575287342071533203e+00,-2.152154445648193359e+00,-2.017236948013305664e+00,-4.103745520114898682e-01
8.868330121040344238e-01,-4.440968990325927734e+00,-8.428070068359375000e+00,-9.483313560485839844e-01,-4.965642929077148438e+00,-7.197486162185668945e-01,-1.684278726577758789e+00,-1.386485934257507324e+00
1.196827292442321777e-01,-4.180718421936035156e+00,-8.440055847167968750e+00,-1.059241533279418945e+00,-4.875390052795410156e+00,-1.170735359191894531e+00,-1.590178251266479492e+00,-1.712714195251464844e+00
-1.866730451583862305e-01,-3.913816213607788086e+00,-8.463612556457519531e+00,-1.295192003250122070e+00,-4.862433910369873047e+00,-2.105732440948486328e+00,-1.775594115257263184e+00,-1.465757369995117188e+00
1.488012790679931641e+00,-3.632852077484130859e+00,-7.870343685150146484e+00,-1.417191028594970703e-01,-3.883601903915405273e+00,-2.035620212554931641e-01,-1.384454488754272461e+00,-1.384158849716186523e+00
1.695341587066650391e+00,-3.761741638183593750e+00,-8.014346122741699219e+00,-2.705335617065429688e-02,-4.114340782165527344e+00,-5.371527671813964844e-01,-1.359892129898071289e+00,-1.410521030426025391e+00
1.354154586791992188e+00,-3.601073980331420898e+00,-8.052154541015625000e+00,-9.289634227752685547e-02,-3.899577617645263672e+00,-4.754676818847656250e-01,-1.317231178283691406e+00,-1.339113712310791016e+00
1.787864923477172852e+00,-3.639759540557861328e+00,-7.960885524749755859e+00,-1.116577386856079102e-01,-4.470934391021728516e+00,-3.173940181732177734e-01,-1.460500001907348633e+00,-1.319724559783935547e+00
1.711232185363769531e+00,-3.703197002410888672e+00,-7.926980972290039062e+00,7.816052436828613281e-02,-3.709481239318847656e+00,5.052876472473144531e-02,-1.337601900100708008e+00,-1.381699204444885254e+00
1.960612058639526367e+00,-3.790009260177612305e+00,-8.085719108581542969e+00,2.396723031997680664e-01,-3.904470920562744141e+00,-2.393218278884887695e-01,-1.257357835769653320e+00,-8.281025290489196777e-01
2.001986503601074219e+00,-3.899976730346679688e+00,-8.029828071594238281e+00,-1.136057376861572266e-01,-4.617294788360595703e+00,-5.525994300842285156e-01,-1.501787662506103516e+00,-8.187565803527832031e-01
2.633006572723388672e+00,-3.087181329727172852e+00,-7.513161659240722656e+00,1.172372937202453613e+00,-2.323688507080078125e+00,6.871352195739746094e-01,-9.604551792144775391e-01,4.887747764587402344e-02
2.054097890853881836e+00,-3.081971645355224609e+00,-7.683465480804443359e+00,8.685487508773803711e-01,-2.526030540466308594e+00,6.750094890594482422e-01,-1.000856637954711914e+00,7.143455743789672852e-02
-5.217441916465759277e-01,-4.563549518585205078e+00,-8.921600341796875000e+00,-1.132125377655029297e+00,-5.318629741668701172e+00,-2.689909458160400391e+00,-2.391532897949218750e+00,-1.846904754638671875e+00
-3.743290305137634277e-01,-4.815930366516113281e+00,-8.535543441772460938e+00,-1.362547278404235840e+00,-4.996611118316650391e+00,-3.149525403976440430e+00,-3.473442554473876953e+00,-1.477421998977661133e+00
-6.137489676475524902e-01,-4.191537857055664062e+00,-8.584150314331054688e+00,-1.721603393554687500e+00,-5.620540618896484375e+00,-1.604636788368225098e+00,-2.728316068649291992e+00,7.120633125305175781e-02
-4.977939724922180176e-01,-4.289981842041015625e+00,-8.442139625549316406e+00,-1.661641240119934082e+00,-5.344412803649902344e+00,-2.008557796478271484e+00,-2.726038932800292969e+00,-1.299809217453002930e-01
-5.672118067741394043e-01,-4.186131000518798828e+00,-8.578009605407714844e+00,-1.718137025833129883e+00,-5.438166141510009766e+00,-1.707664966583251953e+00,-2.617697715759277344e+00,1.528158187866210938e-01
-4.632735848426818848e-01,-4.207228183746337891e+00,-8.488609313964843750e+00,-1.710844635963439941e+00,-5.408570289611816406e+00,-1.710604071617126465e+00,-2.577306032180786133e+00,5.152547359466552734e-02
-5.088924765586853027e-01,-4.163894653320312500e+00,-8.550853729248046875e+00,-1.818798065185546875e+00,-5.390460014343261719e+00,-1.804665923118591309e+00,-2.725926876068115234e+00,1.402953863143920898e-01
-5.291102528572082520e-01,-4.171242713928222656e+00,-8.508620262145996094e+00,-1.780357480049133301e+00,-5.438721179962158203e+00,-1.775095939636230469e+00,-2.673799753189086914e+00,1.233465671539306641e-01
-5.522486567497253418e-01,-4.185461044311523438e+00,-8.525730133056640625e+00,-1.772682666778564453e+00,-5.439065933227539062e+00,-1.752510666847229004e+00,-2.651292800903320312e+00,1.240792274475097656e-01
-6.021381020545959473e-01,-4.194427490234375000e+00,-8.539566040039062500e+00,-1.802071809768676758e+00,-5.479808330535888672e+00,-1.720787048339843750e+00,-2.630438566207885742e+00,1.091001033782958984e-01
-5.927806496620178223e-01,-4.198034763336181641e+00,-8.515761375427246094e+00,-1.807786703109741211e+00,-5.467569351196289062e+00,-1.728422641754150391e+00,-2.623137712478637695e+00,9.659516811370849609e-02
-5.576172471046447754e-01,-4.135203361511230469e+00,-8.614582061767578125e+00,-1.828681468963623047e+00,-5.403979301452636719e+00,-1.799220323562622070e+00,-2.655351877212524414e+00,9.096997976303100586e-02
-5.686672329902648926e-01,-4.244187355041503906e+00,-8.698228836059570312e+00,-1.709433913230895996e+00,-5.362371921539306641e+00,-1.707195520401000977e+00,-2.502692699432373047e+00,-4.923397302627563477e-02
-7.329620718955993652e-01,-4.524077415466308594e+00,-9.180206298828125000e+00,-1.375704288482666016e+00,-5.439238548278808594e+00,-2.163049459457397461e+00,-1.993359684944152832e+00,-1.667487263679504395e+00
-3.850310444831848145e-01,-4.324564933776855469e+00,-8.463169097900390625e+00,-1.727965593338012695e+00,-5.406732559204101562e+00,-2.089076995849609375e+00,-2.044927597045898438e+00,-5.991084575653076172e-01
-5.678718686103820801e-01,-4.195686817169189453e+00,-8.597997665405273438e+00,-1.655251622200012207e+00,-5.372592926025390625e+00,-1.697557210922241211e+00,-2.493136644363403320e+00,2.527433633804321289e-02
-5.144862532615661621e-01,-4.300770759582519531e+00,-8.454439163208007812e+00,-1.629310369491577148e+00,-5.365384101867675781e+00,-1.709083199501037598e+00,-2.521724224090576172e+00,2.543115615844726562e-02
-5.003132224082946777e-01,-4.154840469360351562e+00,-8.854288101196289062e+00,-1.607827425003051758e+00,-5.188542842864990234e+00,-1.703983426094055176e+00,-2.403921842575073242e+00,-1.090591549873352051e-01
-6.317787766456604004e-01,-4.209610939025878906e+00,-8.641049385070800781e+00,-1.655205249786376953e+00,-5.372798919677734375e+00,-1.676277637481689453e+00,-2.440492391586303711e+00,1.285982131958007812e-02
-5.145598053932189941e-01,-4.243445396423339844e+00,-8.468922615051269531e+00,-1.701032638549804688e+00,-5.584980010986328125e+00,-1.681500554084777832e+00,-2.536008834838867188e+00,1.190163493156433105e-01
-3.963480591773986816e-01,-4.345910549163818359e+00,-8.134387016296386719e+00,-1.737366557121276855e+00,-5.562662124633789062e+00,-1.676679849624633789e+00,-2.700121402740478516e+00,1.991177201271057129e-01
-3.492373824119567871e-01,-4.039508342742919922e+00,-9.056360244750976562e+00,-1.243376374244689941e+00,-4.764988899230957031e+00,-1.693597316741943359e+00,-2.308328151702880859e+00,6.091424822807312012e-01
-5.041344761848449707e-01,-4.043517589569091797e+00,-8.944100379943847656e+00,-1.586406230926513672e+00,-4.981486797332763672e+00,-1.612150907516479492e+00,-2.511991500854492188e+00,1.891273856163024902e-01
-3.109853267669677734e-01,-4.384676933288574219e+00,-8.426331520080566406e+00,-1.570963025093078613e+00,-5.417227745056152344e+00,-1.667028665542602539e+00,-2.598830938339233398e+00,2.010491490364074707e-01
1.185606122016906738e-01,-4.465578079223632812e+00,-8.085551261901855469e+00,-1.585336685180664062e+00,-5.402596950531005859e+00,-1.706162333488464355e+00,-2.777634620666503906e+00,-3.312307596206665039e-02
-4.519862532615661621e-01,-4.623985290527343750e+00,-8.493691444396972656e+00,-1.761591911315917969e+00,-5.346063137054443359e+00,-1.544489979743957520e+00,-2.293124198913574219e+00,1.034005880355834961e-01
4.107942879199981689e-01,-4.154261589050292969e+00,-7.902298450469970703e+00,-9.124733209609985352e-01,-5.039612770080566406e+00,-1.900138139724731445e+00,-1.539249181747436523e+00,-9.846565723419189453e-01
1.663971424102783203e+00,-3.348283767700195312e+00,-7.584978580474853516e+00,-4.369473457336425781e-02,-5.188552379608154297e+00,-4.609318971633911133e-01,-1.615904450416564941e+00,-5.698733329772949219e-01
1.563528060913085938e+00,-3.298462152481079102e+00,-7.593952178955078125e+00,-9.879457950592041016e-02,-5.228142738342285156e+00,-8.455353975296020508e-01,-1.616855621337890625e+00,-7.529293894767761230e-01
1.930057287216186523e+00,-3.193274497985839844e+00,-7.515954017639160156e+00,8.615279197692871094e-02,-4.909064769744873047e+00,-4.849591255187988281e-01,-1.546837329864501953e+00,-5.612171292304992676e-01
-2.483820915222167969e-02,-3.804319381713867188e+00,-8.579323768615722656e+00,-1.334309101104736328e+00,-5.157286643981933594e+00,-1.427794694900512695e+00,-2.067600727081298828e+00,2.105820178985595703e-02
6.056401729583740234e-01,-3.747292757034301758e+00,-8.524099349975585938e+00,-5.910050868988037109e-01,-4.776614189147949219e+00,-1.454843759536743164e+00,-1.824939131736755371e+00,-4.896707236766815186e-01
1.754816770553588867e+00,-3.527826309204101562e+00,-7.757721424102783203e+00,7.252311706542968750e-02,-5.176318168640136719e+00,-1.045899629592895508e+00,-1.825013041496276855e+00,-5.843577384948730469e-01
1.511183738708496094e+00,-3.571006774902343750e+00,-8.164289474487304688e+00,-7.608687877655029297e-02,-4.823053836822509766e+00,-1.206844449043273926e+00,-1.746496677398681641e+00,-5.779647827148437500e-01
1.929423093795776367e+00,-3.170357227325439453e+00,-7.577669143676757812e+00,1.428475379943847656e-01,-5.088950157165527344e+00,-4.368214607238769531e-01,-1.551313161849975586e+00,-5.318304896354675293e-01
1.834994316101074219e+00,-3.664119720458984375e+00,-7.699648380279541016e+00,1.941195726394653320e-01,-4.771237373352050781e+00,-8.868863582611083984e-01,-1.632219672203063965e+00,-6.296609044075012207e-01
1.998741388320922852e+00,-2.938234090805053711e+00,-7.222388267517089844e+00,3.702504634857177734e-01,-4.612692832946777344e+00,-6.354185342788696289e-01,-1.736915111541748047e+00,-3.838486969470977783e-01
1.938991069793701172e+00,-3.270474433898925781e+00,-7.761495590209960938e+00,2.294578552246093750e-01,-3.492766618728637695e+00,-6.248706579208374023e-01,-1.178370475769042969e+00,-7.481954693794250488e-01
3.005753278732299805e+00,-2.440372705459594727e+00,-5.641858100891113281e+00,1.096751689910888672e-01,-4.976904392242431641e+00,-1.569909095764160156e+00,-3.487999439239501953e+00,-4.891752004623413086e-01
2.467586994171142578e+00,-3.411600828170776367e+00,-7.338983058929443359e+00,9.743615388870239258e-01,-2.548754215240478516e+00,5.607492923736572266e-01,-1.293732643127441406e+00,1.650076508522033691e-01
2.585661172866821289e+00,-3.387985229492187500e+00,-7.176227569580078125e+00,1.093283772468566895e+00,-2.392708301544189453e+00,4.816699028015136719e-01,-1.189674854278564453e+00,2.159218788146972656e-01
2.749492406845092773e+00,-2.952207326889038086e+00,-6.873643875122070312e+00,1.544420838356018066e+00,-1.943968057632446289e+00,-1.136872768402099609e-01,-2.560522556304931641e-01,3.090491890907287598e-01
2.289649248123168945e+00,-3.394559860229492188e+00,-7.410304069519042969e+00,9.750820398330688477e-01,-2.541903495788574219e+00,4.772150516510009766e-01,-1.187927246093750000e+00,1.472555994987487793e-01
2.122142314910888672e+00,-3.484837293624877930e+00,-7.509146690368652344e+00,7.641863822937011719e-01,-2.699339866638183594e+00,5.717420578002929688e-01,-1.291788816452026367e+00,2.198860645294189453e-01
2.991184234619140625e+00,-2.720316886901855469e+00,-6.507803440093994141e+00,1.849958539009094238e+00,-1.855845689773559570e+00,-1.663182973861694336e-01,3.589253425598144531e-01,5.835738778114318848e-01
2.335029363632202148e+00,-3.379002809524536133e+00,-7.266555309295654297e+00,1.008283257484436035e+00,-2.471916437149047852e+00,4.510533809661865234e-01,-1.313129425048828125e+00,2.660007476806640625e-01
2.597831964492797852e+00,-3.380808830261230469e+00,-7.005095005035400391e+00,1.078870415687561035e+00,-2.401728391647338867e+00,3.104519844055175781e-01,-1.268162727355957031e+00,3.347709774971008301e-01
2.487160682678222656e+00,-3.480318069458007812e+00,-6.967545986175537109e+00,1.030334353446960449e+00,-2.424515724182128906e+00,3.525757789611816406e-01,-1.401900053024291992e+00,3.983777165412902832e-01
2.380628585815429688e+00,-3.570194005966186523e+00,-6.848026752471923828e+00,9.189747571945190430e-01,-2.509585380554199219e+00,3.956885337829589844e-01,-1.555643320083618164e+00,5.956571698188781738e-01
2.483464956283569336e+00,-3.363277912139892578e+00,-6.692891120910644531e+00,9.621022939682006836e-01,-2.628571748733520508e+00,3.468232154846191406e-01,-1.598737597465515137e+00,7.043693661689758301e-01
2.361639022827148438e+00,-3.580905914306640625e+00,-6.900631904602050781e+00,9.262493848800659180e-01,-2.513090610504150391e+00,4.172167778015136719e-01,-1.536422014236450195e+00,5.359281897544860840e-01
2.455197811126708984e+00,-3.536313056945800781e+00,-6.774101257324218750e+00,9.631642103195190430e-01,-2.457481622695922852e+00,3.939542770385742188e-01,-1.528411626815795898e+00,6.007408499717712402e-01
1.888089418411254883e+00,-3.291375398635864258e+00,-7.498143672943115234e+00,-6.463980674743652344e-02,-5.181758880615234375e+00,-5.271677970886230469e-01,-1.675856351852416992e+00,-5.323912501335144043e-01
2.015887260437011719e+00,-3.198007345199584961e+00,-7.460043430328369141e+00,9.735047817230224609e-02,-5.046009540557861328e+00,-4.803715944290161133e-01,-1.646563410758972168e+00,-4.761434197425842285e-01
2.189563751220703125e+00,-3.408727407455444336e+00,-7.466524600982666016e+00,3.286103010177612305e-01,-4.382311344146728516e+00,-8.226662874221801758e-01,-2.172731399536132812e+00,-5.405439734458923340e-01
2.197749614715576172e+00,-3.314645051956176758e+00,-7.382120609283447266e+00,6.065154075622558594e-02,-3.664624929428100586e+00,-1.121339797973632812e+00,-1.999698638916015625e+00,-4.401817321777343750e-01
1.911237001419067383e+00,-3.681328058242797852e+00,-7.793417930603027344e+00,-1.404988765716552734e-02,-4.762207508087158203e+00,-1.130068063735961914e+00,-1.824778079986572266e+00,-7.392144203186035156e-01
2.069976091384887695e+00,-3.530254602432250977e+00,-7.751151561737060547e+00,8.831870555877685547e-02,-5.031441211700439453e+00,-7.641137838363647461e-01,-1.667945265769958496e+00,-6.346343159675598145e-01
2.341241598129272461e+00,-3.079731225967407227e+00,-7.389756202697753906e+00,2.187989950180053711e-01,-5.193352699279785156e+00,-9.120039939880371094e-01,-2.229897975921630859e+00,-3.810378909111022949e-01
2.146602392196655273e+00,-3.080879449844360352e+00,-7.521482467651367188e+00,1.807881593704223633e-01,-5.058172225952148438e+00,-6.380150318145751953e-01,-1.604429721832275391e+00,-5.359307527542114258e-01
2.473282575607299805e+00,-3.062316179275512695e+00,-7.286161899566650391e+00,4.377459287643432617e-01,-4.709537029266357422e+00,-7.931026220321655273e-01,-2.297004699707031250e+00,-2.393335998058319092e-01
3.064625501632690430e+00,-2.518274784088134766e+00,-5.895671844482421875e+00,2.024474143981933594e-01,-5.023908138275146484e+00,-1.371590256690979004e+00,-3.183928966522216797e+00,-3.184836506843566895e-01
2.657124042510986328e+00,-2.729809761047363281e+00,-7.073681354522705078e+00,3.681193590164184570e-01,-3.696808815002441406e+00,-1.041645765304565430e+00,-2.448080539703369141e+00,1.558014154434204102e-01
3.252785444259643555e+00,-2.311342477798461914e+00,-6.290408611297607422e+00,-2.686606049537658691e-01,-5.612814903259277344e+00,-2.280761480331420898e+00,-4.029895305633544922e+00,-1.313022971153259277e-01
9.162923097610473633e-01,-3.821502685546875000e+00,-9.038313865661621094e+00,-1.741048097610473633e+00,-7.135144710540771484e+00,-4.566644191741943359e+00,-5.132912635803222656e+00,-1.479483962059020996e+00
1.589137077331542969e+00,-3.222321510314941406e+00,-7.966787338256835938e+00,4.613292217254638672e-01,-2.915990829467773438e+00,-8.421189785003662109e-01,-1.394535541534423828e+00,-5.037391185760498047e-02
4.210072457790374756e-01,-3.477991104125976562e+00,-9.099441528320312500e+00,3.480340242385864258e-01,-2.942126750946044922e+00,-9.085117578506469727e-01,-1.265493631362915039e+00,-6.956918835639953613e-01
5.481654405593872070e-01,-3.592724800109863281e+00,-8.768583297729492188e+00,2.116149663925170898e-01,-3.200699806213378906e+00,-1.321036577224731445e+00,-1.400753021240234375e+00,-1.295243501663208008e-01
4.208214581012725830e-01,-4.043058395385742188e+00,-8.704759597778320312e+00,-1.626988649368286133e-01,-4.079949378967285156e+00,-1.656370282173156738e+00,-2.013579845428466797e+00,3.165400028228759766e-02
1.982124090194702148e+00,-2.952445983886718750e+00,-6.780551433563232422e+00,4.650496244430541992e-01,-4.324055671691894531e+00,-1.297512412071228027e+00,-2.640522956848144531e+00,6.045202612876892090e-01
-1.644247770309448242e-01,-4.248670578002929688e+00,-8.575053215026855469e+00,-1.657048344612121582e+00,-5.130969047546386719e+00,-1.898314952850341797e+00,-2.548897266387939453e+00,7.526350021362304688e-02
7.929157018661499023e-01,-3.629133701324462891e+00,-8.266714096069335938e+00,1.681972742080688477e-01,-3.751574993133544922e+00,-1.247874498367309570e+00,-1.664624094963073730e+00,2.948064208030700684e-01
1.102338790893554688e+00,-3.398649454116821289e+00,-7.133634090423583984e+00,-1.390273571014404297e-01,-5.097599029541015625e+00,-1.784765005111694336e+00,-2.700584411621093750e+00,4.555858969688415527e-01
3.811241984367370605e-01,-3.514345407485961914e+00,-8.577006340026855469e+00,-2.280924916267395020e-01,-4.442115783691406250e+00,-1.576624512672424316e+00,-1.884453058242797852e+00,4.049296975135803223e-01
6.432670950889587402e-01,-3.528515815734863281e+00,-8.470812797546386719e+00,3.376299142837524414e-01,-3.119118452072143555e+00,-8.744376897811889648e-01,-1.376595020294189453e+00,1.013934016227722168e-01
3.528126776218414307e-01,-3.835621833801269531e+00,-8.404849052429199219e+00,-7.041607499122619629e-01,-4.630263328552246094e+00,-1.719554901123046875e+00,-2.223163604736328125e+00,5.297308564186096191e-01
3.927622735500335693e-01,-3.850200176239013672e+00,-8.700298309326171875e+00,-6.273174285888671875e-02,-4.490087509155273438e+00,-1.368993163108825684e+00,-2.136363029479980469e+00,3.559052348136901855e-01
8.100371360778808594e-01,-3.391470193862915039e+00,-8.443764686584472656e+00,3.395732641220092773e-01,-2.959592580795288086e+00,-7.751190662384033203e-01,-1.396167516708374023e+00,-9.174144268035888672e-02
5.132761001586914062e-01,-4.466178894042968750e+00,-8.035046577453613281e+00,-8.461155891418457031e-01,-5.429102897644042969e+00,-2.119164705276489258e+00,-1.776097893714904785e+00,-1.171813368797302246e+00
-3.697699904441833496e-01,-4.430068969726562500e+00,-8.509050369262695312e+00,-1.531679749488830566e+00,-5.470371246337890625e+00,-2.348778486251831055e+00,-2.065398693084716797e+00,-3.849066197872161865e-01
2.006409406661987305e+00,-3.156756401062011719e+00,-7.638729572296142578e+00,2.165982723236083984e-01,-5.083923816680908203e+00,-4.117075204849243164e-01,-1.586578965187072754e+00,-4.619294703006744385e-01
1.770897388458251953e+00,-3.721246242523193359e+00,-7.965655326843261719e+00,5.727076530456542969e-02,-4.740135669708251953e+00,-2.283978462219238281e-01,-1.420363903045654297e+00,-7.974014282226562500e-01
1.922137022018432617e+00,-3.384501457214355469e+00,-7.847314834594726562e+00,2.358798980712890625e-01,-4.666733741760253906e+00,-3.032498359680175781e-01,-1.378882408142089844e+00,-4.939482808113098145e-01
2.119602918624877930e+00,-3.334162235260009766e+00,-7.835983276367187500e+00,3.702152967453002930e-01,-4.766095161437988281e+00,-3.585081100463867188e-01,-1.562241435050964355e+00,-3.660205602645874023e-01
2.100857734680175781e+00,-3.236031532287597656e+00,-7.693219184875488281e+00,1.368435621261596680e-01,-4.988211154937744141e+00,-4.829726219177246094e-01,-1.703076958656311035e+00,-4.527175724506378174e-01
1.951752662658691406e+00,-3.034717559814453125e+00,-7.567155361175537109e+00,2.954446077346801758e-01,-4.974724769592285156e+00,-9.023840427398681641e-01,-1.679672598838806152e+00,-4.655921459197998047e-01
1.226726293563842773e+00,-3.845404863357543945e+00,-8.100040435791015625e+00,-2.470625638961791992e-01,-4.543657302856445312e+00,-1.409284830093383789e+00,-1.647189378738403320e+00,-7.663314938545227051e-01
2.149684190750122070e+00,-3.066258668899536133e+00,-7.669407844543457031e+00,4.833896160125732422e-01,-4.379375457763671875e+00,-4.757159948348999023e-01,-1.732282876968383789e+00,-3.916235566139221191e-01
2.215056896209716797e+00,-2.733677148818969727e+00,-7.366950988769531250e+00,4.206788539886474609e-01,-4.672769069671630859e+00,-4.957550764083862305e-01,-1.581725239753723145e+00,-3.920867145061492920e-01
3.301314353942871094e+00,-2.407427549362182617e+00,-5.630617618560791016e+00,1.224970817565917969e-01,-4.833828926086425781e+00,-1.518586516380310059e+00,-3.470276594161987305e+00,-2.411961555480957031e-01
2.578698635101318359e+00,-2.978174924850463867e+00,-7.457590103149414062e+00,1.056528687477111816e+00,-2.448519945144653320e+00,6.341221332550048828e-01,-9.397108554840087891e-01,4.985678195953369141e-02
2.476478099822998047e+00,-3.080577611923217773e+00,-6.555076122283935547e+00,1.722368597984313965e+00,-1.877138257026672363e+00,-2.875071763992309570e-01,1.473968029022216797e-01,3.830712437629699707e-01
2.296286582946777344e+00,-3.174155235290527344e+00,-6.624133110046386719e+00,1.576687932014465332e+00,-1.942379593849182129e+00,-3.420184850692749023e-01,-1.038622856140136719e-02,2.951601147651672363e-01
2.195864677429199219e+00,-2.930029392242431641e+00,-6.774662017822265625e+00,1.438073515892028809e+00,-2.026156187057495117e+00,-4.519878625869750977e-01,4.845547676086425781e-02,3.793054819107055664e-02
2.266325235366821289e+00,-2.964214801788330078e+00,-6.830818176269531250e+00,1.463875174522399902e+00,-1.997260332107543945e+00,-2.743852138519287109e-01,-4.787349700927734375e-02,9.997838735580444336e-02
2.634931564331054688e+00,-2.996841192245483398e+00,-7.055383682250976562e+00,1.386907935142517090e+00,-2.030229568481445312e+00,-1.152333021163940430e-01,-6.076312065124511719e-01,2.427620291709899902e-01
2.577780485153198242e+00,-3.048476696014404297e+00,-7.226669311523437500e+00,1.100451111793518066e+00,-2.359094381332397461e+00,-2.773462533950805664e-01,-6.292231082916259766e-01,3.555685281753540039e-02
2.384749650955200195e+00,-3.109876155853271484e+00,-7.148439884185791016e+00,1.126370787620544434e+00,-2.258231639862060547e+00,-2.333920001983642578e-01,-5.251560211181640625e-01,1.125890016555786133e-02
2.878243923187255859e+00,-2.868315696716308594e+00,-7.243585586547851562e+00,1.361814618110656738e+00,-2.088848114013671875e+00,1.100971698760986328e-01,-7.492673397064208984e-01,2.251675724983215332e-01
2.768001794815063477e+00,-2.929504632949829102e+00,-7.356744766235351562e+00,1.263640284538269043e+00,-2.232240676879882812e+00,3.332781791687011719e-01,-7.490687370300292969e-01,8.738112449645996094e-02
2.625396728515625000e+00,-2.978626728057861328e+00,-7.494464874267578125e+00,1.110960125923156738e+00,-2.409814596176147461e+00,7.814092636108398438e-01,-1.028773307800292969e+00,1.097447276115417480e-01
2.735003709793090820e+00,-2.945955514907836914e+00,-7.394365310668945312e+00,1.227059721946716309e+00,-2.261925935745239258e+00,6.210069656372070312e-01,-9.260842800140380859e-01,1.831694245338439941e-01
2.955227613449096680e+00,-2.849858999252319336e+00,-7.226330280303955078e+00,1.362759709358215332e+00,-2.119846820831298828e+00,4.892446994781494141e-01,-8.413627147674560547e-01,3.382127881050109863e-01
2.996026515960693359e+00,-2.866601705551147461e+00,-7.195182800292968750e+00,1.258611083030700684e+00,-2.251050472259521484e+00,4.903299808502197266e-01,-9.915146827697753906e-01,4.361484646797180176e-01
5.551065206527709961e-01,-3.971934556961059570e+00,-8.693531990051269531e+00,-3.841753005981445312e-01,-4.960647583007812500e+00,-1.640579223632812500e+00,-1.841956615447998047e+00,-4.368604719638824463e-01
1.967461585998535156e+00,-3.542773723602294922e+00,-7.802782058715820312e+00,1.194916963577270508e-01,-5.096400260925292969e+00,-1.146156549453735352e+00,-2.076159715652465820e+00,-5.257893204689025879e-01
2.023223400115966797e+00,-3.375469446182250977e+00,-7.737273693084716797e+00,1.826469898223876953e-01,-5.017276287078857422e+00,-9.983119964599609375e-01,-1.854115962982177734e+00,-5.465223789215087891e-01
2.149023294448852539e+00,-3.100053071975708008e+00,-7.601902008056640625e+00,2.351441383361816406e-01,-5.133121013641357422e+00,-9.531457424163818359e-01,-2.060518741607666016e+00,-3.977573215961456299e-01
1.989954948425292969e+00,-3.086935758590698242e+00,-7.800598144531250000e+00,1.647491455078125000e-01,-5.194028854370117188e+00,-1.009521722793579102e+00,-1.943758368492126465e+00,-4.524142742156982422e-01
1.904098749160766602e+00,-3.566341876983642578e+00,-7.855092048645019531e+00,1.289112567901611328e-01,-4.934752464294433594e+00,-1.045835494995117188e+00,-1.690811514854431152e+00,-6.546946167945861816e-01
1.388856172561645508e+00,-3.779438495635986328e+00,-8.624532699584960938e+00,-2.805488109588623047e-01,-4.999045848846435547e+00,-1.469956159591674805e+00,-1.945482611656188965e+00,-8.694562315940856934e-01
1.797232866287231445e+00,-3.823123693466186523e+00,-8.077930450439453125e+00,-5.674409866333007812e-02,-4.510897636413574219e+00,-9.913916587829589844e-01,-1.458580970764160156e+00,-8.387306928634643555e-01
1.957551240921020508e+00,-3.357225656509399414e+00,-7.717528343200683594e+00,1.806312799453735352e-01,-4.934744834899902344e+00,-1.029380917549133301e+00,-1.739615201950073242e+00,-5.751577615737915039e-01
2.038124799728393555e+00,-3.002985000610351562e+00,-7.497550964355468750e+00,2.963129281997680664e-01,-4.886939048767089844e+00,-7.484724521636962891e-01,-1.665903091430664062e+00,-4.702003598213195801e-01
2.775885343551635742e+00,-3.234903097152709961e+00,-6.142351150512695312e+00,1.638859510421752930e-01,-5.013373374938964844e+00,-1.292093157768249512e+00,-2.050825595855712891e+00,-5.984876155853271484e-01
2.201039075851440430e+00,-3.185609340667724609e+00,-7.420538425445556641e+00,3.851584196090698242e-01,-3.641871452331542969e+00,-4.559881687164306641e-01,-1.200477123260498047e+00,-5.215477943420410156e-01
1.967288970947265625e+00,-3.389861106872558594e+00,-7.740310668945312500e+00,2.642369270324707031e-01,-3.612590312957763672e+00,-6.090524196624755859e-01,-1.030077934265136719e+00,-6.831040978431701660e-01
2.829048633575439453e+00,-2.963042259216308594e+00,-7.198294639587402344e+00,1.442518830299377441e+00,-2.052677392959594727e+00,4.271030426025390625e-01,-6.455056667327880859e-01,2.380223274230957031e-01
2.815283775329589844e+00,-3.327513933181762695e+00,-7.120417594909667969e+00,1.325154662132263184e+00,-2.149288654327392578e+00,4.049994945526123047e-01,-8.251509666442871094e-01,2.920243144035339355e-01
2.847033739089965820e+00,-3.067761182785034180e+00,-7.055155754089355469e+00,1.435881018638610840e+00,-2.024768829345703125e+00,3.584263324737548828e-01,-6.451690196990966797e-01,3.684148192405700684e-01
2.938451766967773438e+00,-3.091747045516967773e+00,-7.059542655944824219e+00,1.431344866752624512e+00,-2.050704956054687500e+00,3.358697891235351562e-01,-6.935863494873046875e-01,4.287903904914855957e-01
2.946080207824707031e+00,-3.065517663955688477e+00,-7.001686573028564453e+00,1.468619704246520996e+00,-2.015307903289794922e+00,9.702157974243164062e-02,-5.711352825164794922e-01,4.316536784172058105e-01
2.912958860397338867e+00,-3.104969978332519531e+00,-7.002829551696777344e+00,1.464752554893493652e+00,-2.000278472900390625e+00,2.878167629241943359e-01,-6.020727157592773438e-01,4.365105032920837402e-01
2.915484666824340820e+00,-3.109910249710083008e+00,-7.026419162750244141e+00,1.424946665763854980e+00,-2.054406404495239258e+00,2.557377815246582031e-01,-6.614308357238769531e-01,4.634981751441955566e-01
2.841085433959960938e+00,-3.274092912673950195e+00,-7.129442214965820312e+00,1.338666319847106934e+00,-2.140991926193237305e+00,4.739868640899658203e-01,-9.226601123809814453e-01,3.928940892219543457e-01
3.047195434570312500e+00,-3.147192716598510742e+00,-6.860359191894531250e+00,1.360538125038146973e+00,-2.115110397338867188e+00,3.697361946105957031e-01,-1.018839836120605469e+00,5.697508454322814941e-01
3.039304256439208984e+00,-3.091380596160888672e+00,-7.059859275817871094e+00,1.375093340873718262e+00,-2.122514247894287109e+00,3.326408863067626953e-01,-8.385930061340332031e-01,4.745971560478210449e-01
3.041713714599609375e+00,-3.134981632232666016e+00,-6.921665668487548828e+00,1.410524487495422363e+00,-2.086071491241455078e+00,2.933881282806396484e-01,-8.371772766113281250e-01,5.241864323616027832e-01
3.002990245819091797e+00,-3.132917404174804688e+00,-6.934868335723876953e+00,1.380236744880676270e+00,-2.104706287384033203e+00,3.514008522033691406e-01,-8.899309635162353516e-01,5.251652598381042480e-01
2.993341207504272461e+00,-3.135172367095947266e+00,-6.997883796691894531e+00,1.432410836219787598e+00,-2.073260307312011719e+00,2.919092178344726562e-01,-7.461876869201660156e-01,4.993137717247009277e-01
1.965529441833496094e+00,-3.677412033081054688e+00,-7.828089237213134766e+00,-1.054390311241149902e+00,-5.323822021484375000e+00,-1.345541954040527344e+00,-3.174911499023437500e+00,-6.441121101379394531e-01
1.946852922439575195e+00,-2.720958709716796875e+00,-7.137110233306884766e+00,-1.229806900024414062e+00,-6.053890705108642578e+00,-2.045802831649780273e+00,-3.267705678939819336e+00,-7.863729596138000488e-01
1.871040105819702148e+00,-2.562830448150634766e+00,-7.433160781860351562e+00,-8.168078660964965820e-01,-5.282596111297607422e+00,4.023699760437011719e-01,-2.689831972122192383e+00,1.413715481758117676e-01
2.375592708587646484e+00,-1.830190539360046387e+00,-6.080833435058593750e+00,-1.363998055458068848e+00,-5.100413322448730469e+00,-5.773417949676513672e-01,-3.827079296112060547e+00,6.526088714599609375e-02
2.706694126129150391e+00,-1.915653109550476074e+00,-6.298424243927001953e+00,-4.972139000892639160e-01,-4.812743186950683594e+00,-9.103174209594726562e-01,-3.739820003509521484e+00,6.978189945220947266e-02
3.828599691390991211e+00,-2.021024465560913086e+00,-5.429060935974121094e+00,2.451514005661010742e-01,-4.800834655761718750e+00,-1.411021709442138672e+00,-3.251827239990234375e+00,6.347398161888122559e-01
3.471500158309936523e+00,-1.779024839401245117e+00,-3.921794414520263672e+00,-1.059487938880920410e+00,-5.578709602355957031e+00,1.721048355102539062e-02,-3.191681146621704102e+00,6.323795914649963379e-01
3.652353525161743164e+00,-2.113461494445800781e+00,-3.532640695571899414e+00,-4.782971143722534180e-01,-5.289650917053222656e+00,-1.279653787612915039e+00,-2.971828460693359375e+00,7.592640519142150879e-01
3.836855888366699219e+00,-1.986625909805297852e+00,-3.345777511596679688e+00,-2.618651986122131348e-01,-5.253328323364257812e+00,-8.798005580902099609e-01,-3.390798330307006836e+00,1.123000860214233398e+00
3.636698007583618164e+00,-1.936584472656250000e+00,-3.564684629440307617e+00,-4.613895416259765625e-01,-5.158422470092773438e+00,6.315186023712158203e-01,-3.262544393539428711e+00,8.558253645896911621e-01
3.909894943237304688e+00,-1.576297402381896973e+00,-3.117136478424072266e+00,-9.684312343597412109e-02,-5.187076091766357422e+00,5.765609741210937500e-01,-3.366482734680175781e+00,1.494383335113525391e+00
4.188088893890380859e+00,-1.806913971900939941e+00,-3.352728366851806641e+00,3.424897193908691406e-01,-4.817722797393798828e+00,5.815775394439697266e-01,-2.747992038726806641e+00,1.229162216186523438e+00
4.120081424713134766e+00,-1.604392766952514648e+00,-2.760547161102294922e+00,-2.085759639739990234e-01,-5.227068901062011719e+00,5.046865940093994141e-01,-3.297488212585449219e+00,1.411371231079101562e+00
2.334924459457397461e+00,-2.766863584518432617e+00,-6.608591556549072266e+00,1.719293713569641113e+00,-1.785734534263610840e+00,-2.078819274902343750e-01,5.784606933593750000e-02,2.676678895950317383e-01
2.425132274627685547e+00,-2.806746959686279297e+00,-6.776904106140136719e+00,1.752832531929016113e+00,-1.834129452705383301e+00,-2.834445238113403320e-01,2.082324028015136719e-01,3.145838379859924316e-01
2.499199867248535156e+00,-2.803023099899291992e+00,-6.540364742279052734e+00,1.805384755134582520e+00,-1.794991731643676758e+00,-3.016958236694335938e-01,2.236583232879638672e-01,4.814757704734802246e-01
2.512753009796142578e+00,-3.499330520629882812e+00,-6.808964252471923828e+00,1.031560063362121582e+00,-2.344306707382202148e+00,3.157820701599121094e-01,-1.370660066604614258e+00,4.276527762413024902e-01
2.586986780166625977e+00,-3.186950206756591797e+00,-6.989858150482177734e+00,1.220959067344665527e+00,-2.210484027862548828e+00,3.899908065795898438e-01,-9.716365337371826172e-01,4.004691243171691895e-01
2.112350225448608398e+00,-3.525785446166992188e+00,-7.394675254821777344e+00,8.276413679122924805e-01,-2.648539781570434570e+00,5.079643726348876953e-01,-1.374967098236083984e+00,4.191476702690124512e-01
2.455064535140991211e+00,-2.994657754898071289e+00,-6.954063415527343750e+00,1.283243060111999512e+00,-2.121568202972412109e+00,7.846236228942871094e-02,-8.962345123291015625e-01,4.287224411964416504e-01
2.363411664962768555e+00,-3.299077272415161133e+00,-6.896023750305175781e+00,1.055352330207824707e+00,-2.372208595275878906e+00,4.143736362457275391e-01,-1.384082078933715820e+00,4.250281453132629395e-01
2.351541519165039062e+00,-3.475623130798339844e+00,-6.735046863555908203e+00,9.597200155258178711e-01,-2.414014816284179688e+00,3.287823200225830078e-01,-1.567555189132690430e+00,5.272701382637023926e-01
2.302323579788208008e+00,-3.495315074920654297e+00,-6.831492900848388672e+00,9.433072805404663086e-01,-2.436417579650878906e+00,3.836767673492431641e-01,-1.517189502716064453e+00,5.262523293495178223e-01
2.194738864898681641e+00,-3.682497501373291016e+00,-6.825092792510986328e+00,8.115011453628540039e-01,-2.524150848388671875e+00,5.056202411651611328e-01,-1.625789523124694824e+00,5.872495770454406738e-01
1.745775222778320312e+00,-3.672674179077148438e+00,-7.247980117797851562e+00,5.800323486328125000e-01,-2.880499839782714844e+00,4.162168502807617188e-01,-1.689729690551757812e+00,5.889889597892761230e-01
1.920770883560180664e+00,-3.778715610504150391e+00,-7.109199047088623047e+00,6.988240480422973633e-01,-2.655118703842163086e+00,5.095167160034179688e-01,-1.630770325660705566e+00,5.740035176277160645e-01
-3.408951163291931152e-01,-3.977187633514404297e+00,-9.983640670776367188e+00,-7.879797220230102539e-01,-3.776196002960205078e+00,-1.912275075912475586e+00,-1.696507811546325684e+00,-6.873009800910949707e-01
-3.180593848228454590e-01,-4.010288238525390625e+00,-9.995435714721679688e+00,-7.907344102859497070e-01,-3.783059358596801758e+00,-1.922739863395690918e+00,-1.659530401229858398e+00,-6.863308548927307129e-01
-3.129440546035766602e-01,-4.010596752166748047e+00,-1.000605106353759766e+01,-7.936697006225585938e-01,-3.791614055633544922e+00,-1.909949779510498047e+00,-1.637279748916625977e+00,-6.872574090957641602e-01
-3.372634053230285645e-01,-4.002191543579101562e+00,-1.003735637664794922e+01,-7.872977256774902344e-01,-3.788443088531494141e+00,-1.907458901405334473e+00,-1.612562894821166992e+00,-6.891872286796569824e-01
-2.995380759239196777e-01,-4.018013477325439453e+00,-9.972216606140136719e+00,-7.998478412628173828e-01,-3.789992332458496094e+00,-1.921579480171203613e+00,-1.656146168708801270e+00,-6.849477291107177734e-01
-3.061653375625610352e-01,-4.011353492736816406e+00,-9.942247390747070312e+00,-8.049098253250122070e-01,-3.801496505737304688e+00,-1.909681558609008789e+00,-1.641367435455322266e+00,-6.853051185607910156e-01
-4.829583764076232910e-01,-3.721459150314331055e+00,-9.794418334960937500e+00,-5.031524896621704102e-01,-3.688546419143676758e+00,-1.669348597526550293e+00,-1.394623994827270508e+00,-1.079741716384887695e+00
-5.934386849403381348e-01,-3.524273872375488281e+00,-9.751099586486816406e+00,-4.031683206558227539e-01,-3.677945613861083984e+00,-1.579055905342102051e+00,-1.478830814361572266e+00,-1.171340823173522949e+00
-6.060753464698791504e-01,-3.458786725997924805e+00,-9.665976524353027344e+00,-3.061926364898681641e-01,-3.591812372207641602e+00,-6.625446081161499023e-01,-1.510611534118652344e+00,-1.209362268447875977e+00
-5.444453358650207520e-01,-3.415960311889648438e+00,-9.612215995788574219e+00,-2.470120787620544434e-01,-3.554139614105224609e+00,-1.445269584655761719e+00,-1.467133760452270508e+00,-1.297305107116699219e+00
-3.889939188957214355e-01,-4.052328586578369141e+00,-9.676801681518554688e+00,-8.699225783348083496e-01,-3.912949323654174805e+00,-1.976765632629394531e+00,-1.748868107795715332e+00,-7.081829309463500977e-01
-4.449613690376281738e-01,-3.983004570007324219e+00,-9.363615036010742188e+00,-7.521792650222778320e-01,-3.930829763412475586e+00,-1.949987649917602539e+00,-1.756184339523315430e+00,-7.695418000221252441e-01
-4.130325913429260254e-01,-4.060124397277832031e+00,-9.432404518127441406e+00,-8.325780630111694336e-01,-3.947826385498046875e+00,-1.988878011703491211e+00,-1.759837627410888672e+00,-7.154333591461181641e-01
-4.120349287986755371e-01,-3.962929487228393555e+00,-9.685262680053710938e+00,-8.239779472351074219e-01,-3.879585266113281250e+00,-9.210673570632934570e-01,-1.888923764228820801e+00,-5.042372345924377441e-01
-3.231255412101745605e-01,-3.914891958236694336e+00,-9.653650283813476562e+00,-7.947698831558227539e-01,-3.821011304855346680e+00,-1.872194290161132812e+00,-1.882953047752380371e+00,-6.072207689285278320e-01
-3.648307919502258301e-01,-4.023932456970214844e+00,-9.908369064331054688e+00,-8.235388994216918945e-01,-3.818894624710083008e+00,-1.946892023086547852e+00,-1.796807169914245605e+00,-6.772869229316711426e-01
-3.358144164085388184e-01,-4.033573150634765625e+00,-9.848514556884765625e+00,-8.325999379158020020e-01,-3.808643817901611328e+00,-1.967522501945495605e+00,-1.831045866012573242e+00,-6.730375289916992188e-01
-3.104045987129211426e-01,-3.947688341140747070e+00,-9.765048980712890625e+00,-8.059490919113159180e-01,-3.797351360321044922e+00,-1.921291708946228027e+00,-1.842076659202575684e+00,-6.798468232154846191e-01
-3.165548443794250488e-01,-3.992748022079467773e+00,-9.818394660949707031e+00,-8.244494795799255371e-01,-3.787687540054321289e+00,-1.966126322746276855e+00,-1.816628575325012207e+00,-6.893620491027832031e-01
-2.802302241325378418e-01,-3.923756837844848633e+00,-9.796596527099609375e+00,-7.654188275337219238e-01,-3.748272657394409180e+00,-1.900502800941467285e+00,-1.774242877960205078e+00,-6.911239624023437500e-01
-3.086998462677001953e-01,-3.998632431030273438e+00,-9.853544235229492188e+00,-8.120994567871093750e-01,-3.783026695251464844e+00,-1.960921645164489746e+00,-1.786229729652404785e+00,-6.901951432228088379e-01
-2.964581251144409180e-01,-3.989145994186401367e+00,-9.851933479309082031e+00,-8.064317107200622559e-01,-3.770100593566894531e+00,-1.938429474830627441e+00,-1.786134958267211914e+00,-6.924497485160827637e-01
-2.933319807052612305e-01,-4.004214763641357422e+00,-9.960846900939941406e+00,-8.337148427963256836e-01,-3.768515586853027344e+00,-1.937211751937866211e+00,-1.777080774307250977e+00,-6.870923042297363281e-01
-2.825390696525573730e-01,-3.912464141845703125e+00,-9.819489479064941406e+00,-7.604749202728271484e-01,-3.759655237197875977e+00,-1.869064688682556152e+00,-1.727257370948791504e+00,-6.913877129554748535e-01
-3.065981268882751465e-01,-3.973772287368774414e+00,-9.892629623413085938e+00,-7.971212863922119141e-01,-3.775223016738891602e+00,-1.928511381149291992e+00,-1.742058515548706055e+00,-6.901904940605163574e-01
-3.152059316635131836e-01,-4.022539138793945312e+00,-1.001089668273925781e+01,-8.177112340927124023e-01,-3.787670850753784180e+00,-1.951354384422302246e+00,-1.765778660774230957e+00,-6.841123700141906738e-01
1.034572124481201172e-01,-4.635025024414062500e+00,-8.085189819335937500e+00,-1.421546339988708496e+00,-5.864853858947753906e+00,-2.700222015380859375e+00,-1.877907514572143555e+00,-1.658107519149780273e+00
1.542130112648010254e-01,-4.683613777160644531e+00,-7.943984508514404297e+00,-1.360777854919433594e+00,-5.801818847656250000e+00,-2.678539276123046875e+00,-1.913427233695983887e+00,-1.429513692855834961e+00
-4.417217373847961426e-01,-4.479835510253906250e+00,-8.895261764526367188e+00,-1.926783323287963867e+00,-5.806027889251708984e+00,-2.151128530502319336e+00,-2.316281795501708984e+00,-5.427113175392150879e-01
-3.242235183715820312e-01,-4.533005714416503906e+00,-8.717091560363769531e+00,-1.912914037704467773e+00,-5.774082183837890625e+00,-2.335162401199340820e+00,-2.212972640991210938e+00,-9.525693655014038086e-01
-4.298567175865173340e-01,-4.508057594299316406e+00,-8.740824699401855469e+00,-1.875713586807250977e+00,-5.885815620422363281e+00,-2.130848884582519531e+00,-2.309184074401855469e+00,-5.696495771408081055e-01
1.101996898651123047e-01,-4.664658546447753906e+00,-8.072659492492675781e+00,-1.388654828071594238e+00,-5.852548599243164062e+00,-2.707069873809814453e+00,-1.884703278541564941e+00,-1.665374517440795898e+00
8.736050128936767578e-02,-4.662478446960449219e+00,-8.025041580200195312e+00,-1.381677508354187012e+00,-5.750682830810546875e+00,-2.676942348480224609e+00,-1.934841990470886230e+00,-1.331514596939086914e+00
2.746372818946838379e-01,-4.692883968353271484e+00,-7.804553985595703125e+00,-1.323951244354248047e+00,-5.884829998016357422e+00,-2.686612606048583984e+00,-1.894311189651489258e+00,-1.459666013717651367e+00
4.433655738830566406e-01,-4.661750793457031250e+00,-7.965399265289306641e+00,-1.269240140914916992e+00,-5.729847431182861328e+00,-2.644506692886352539e+00,-1.975067973136901855e+00,-1.555510997772216797e+00
-9.409493207931518555e-02,-4.625654697418212891e+00,-8.072110176086425781e+00,-1.602354645729064941e+00,-5.714737892150878906e+00,-2.440743446350097656e+00,-2.126513481140136719e+00,-6.796849966049194336e-01
1.578134417533874512e+00,-4.283109188079833984e+00,-7.950777530670166016e+00,-1.022853851318359375e-01,-4.489947319030761719e+00,-9.270495176315307617e-01,-1.432750940322875977e+00,-1.158276557922363281e+00
1.667988300323486328e+00,-3.628911018371582031e+00,-7.881647109985351562e+00,-1.502012014389038086e-01,-4.978198528289794922e+00,-9.727962017059326172e-01,-1.526998519897460938e+00,-7.768568396568298340e-01
2.026998519897460938e+00,-3.610114336013793945e+00,-7.927457332611083984e+00,1.340067386627197266e-02,-4.643955707550048828e+00,-7.720339298248291016e-01,-1.803740978240966797e+00,-7.466698884963989258e-01
1.383826136589050293e+00,-3.514005661010742188e+00,-8.409524917602539062e+00,1.831564903259277344e-01,-3.577572345733642578e+00,-1.182293891906738281e+00,-1.059551954269409180e+00,-1.020926833152770996e+00
2.328979492187500000e+00,-3.337627887725830078e+00,-7.341997623443603516e+00,1.104785799980163574e+00,-2.336450815200805664e+00,2.651295661926269531e-01,-6.716580390930175781e-01,-4.908740520477294922e-02
1.592051506042480469e+00,-3.271934986114501953e+00,-8.027800559997558594e+00,3.598059415817260742e-01,-3.399857521057128906e+00,-1.250802755355834961e+00,-9.852399826049804688e-01,-4.633865356445312500e-01
1.655520200729370117e+00,-3.233603000640869141e+00,-8.249718666076660156e+00,5.459892749786376953e-01,-3.062077283859252930e+00,-8.285151720046997070e-01,-7.413878440856933594e-01,-5.551780462265014648e-01
2.362131357192993164e+00,-3.175090551376342773e+00,-6.675049781799316406e+00,1.618161797523498535e+00,-1.928943395614624023e+00,-3.392058610916137695e-01,4.118561744689941406e-02,2.961944937705993652e-01
2.625301599502563477e+00,-3.153384208679199219e+00,-7.235164165496826172e+00,1.266571879386901855e+00,-2.188025951385498047e+00,2.606017589569091797e-01,-4.925246238708496094e-01,5.502980947494506836e-02
2.182715654373168945e+00,-3.180539369583129883e+00,-7.624471187591552734e+00,9.528051614761352539e-01,-2.485784053802490234e+00,6.436071395874023438e-01,-7.423231601715087891e-01,-2.285888791084289551e-01
2.647936344146728516e+00,-3.055523633956909180e+00,-7.464063167572021484e+00,1.267563223838806152e+00,-2.197945594787597656e+00,5.675828456878662109e-01,-8.281764984130859375e-01,1.460216045379638672e-01
2.583230972290039062e+00,-3.235466718673706055e+00,-7.399765014648437500e+00,1.098360896110534668e+00,-2.439592123031616211e+00,5.479791164398193359e-01,-1.056356191635131836e+00,1.606946587562561035e-01
2.618303537368774414e+00,-3.180324554443359375e+00,-7.196060657501220703e+00,1.248542904853820801e+00,-2.226512432098388672e+00,4.747469425201416016e-01,-8.546586036682128906e-01,2.222313880920410156e-01
2.860098838806152344e+00,-3.069071531295776367e+00,-7.288927078247070312e+00,1.304774403572082520e+00,-2.203594684600830078e+00,4.964694976806640625e-01,-8.325223922729492188e-01,1.939810514450073242e-01
2.713553905487060547e+00,-3.027090787887573242e+00,-7.486263751983642578e+00,1.192227244377136230e+00,-2.353466510772705078e+00,6.171555519104003906e-01,-9.807775020599365234e-01,1.754244565963745117e-01
2.852925539016723633e+00,-2.986398220062255859e+00,-7.390388011932373047e+00,1.356417298316955566e+00,-2.119348049163818359e+00,5.253708362579345703e-01,-8.547782897949218750e-01,1.926801800727844238e-01
2.846812725067138672e+00,-2.797927618026733398e+00,-7.032837390899658203e+00,1.701721310615539551e+00,-1.850488543510437012e+00,1.660771369934082031e-01,-3.161873817443847656e-01,3.623588681221008301e-01
2.661353349685668945e+00,-2.726701259613037109e+00,-7.076328754425048828e+00,1.629864096641540527e+00,-1.845168828964233398e+00,2.166051864624023438e-01,-2.865502834320068359e-01,1.301100254058837891e-01
2.993352890014648438e+00,-2.772953510284423828e+00,-6.595983505249023438e+00,1.848279118537902832e+00,-1.847947955131530762e+00,-1.115005016326904297e-01,2.195708751678466797e-01,5.722445845603942871e-01
2.928609132766723633e+00,-2.755152463912963867e+00,-6.738883495330810547e+00,1.811975836753845215e+00,-1.832058906555175781e+00,1.245808601379394531e-02,4.010391235351562500e-02,4.861183762550354004e-01
2.983239412307739258e+00,-2.865246295928955078e+00,-6.729239940643310547e+00,1.728738665580749512e+00,-1.914421558380126953e+00,-8.774888515472412109e-02,-7.461619377136230469e-02,5.375648140907287598e-01
2.983956098556518555e+00,-2.910748720169067383e+00,-6.680417537689208984e+00,1.719737172126770020e+00,-1.942635536193847656e+00,-1.550383567810058594e-01,-3.860473632812500000e-02,5.802978873252868652e-01
2.985387563705444336e+00,-2.833972692489624023e+00,-6.581972122192382812e+00,1.834045290946960449e+00,-1.859297037124633789e+00,-1.369932889938354492e-01,1.534650325775146484e-01,6.044541001319885254e-01
2.937296152114868164e+00,-2.832242250442504883e+00,-6.659502983093261719e+00,1.803462862968444824e+00,-1.849876523017883301e+00,-7.187271118164062500e-02,4.625487327575683594e-02,5.475592017173767090e-01
3.016569137573242188e+00,-2.946595668792724609e+00,-6.668683528900146484e+00,1.730812907218933105e+00,-1.950430274009704590e+00,-1.601939201354980469e-01,-2.810573577880859375e-02,6.049231886863708496e-01
2.977762937545776367e+00,-2.781885147094726562e+00,-6.437753200531005859e+00,1.926808953285217285e+00,-1.832670688629150391e+00,-3.420528173446655273e-01,5.397396087646484375e-01,6.721454262733459473e-01
2.941314220428466797e+00,-2.847790479660034180e+00,-6.465596199035644531e+00,1.888732075691223145e+00,-1.832571983337402344e+00,-2.363553047180175781e-01,3.794004917144775391e-01,6.272632479667663574e-01
2.995434284210205078e+00,-2.931500673294067383e+00,-6.681109905242919922e+00,1.715503573417663574e+00,-1.959414005279541016e+00,-1.732854843139648438e-01,-2.736473083496093750e-02,5.996355414390563965e-01
3.004943847656250000e+00,-2.860342025756835938e+00,-6.433121681213378906e+00,1.893180012702941895e+00,-1.853828310966491699e+00,-2.726255655288696289e-01,3.729333877563476562e-01,6.847556233406066895e-01
3.620083928108215332e-01,-4.254967689514160156e+00,-9.127401351928710938e+00,-1.054551243782043457e+00,-5.157798290252685547e+00,-6.906485557556152344e-01,-2.237074375152587891e+00,-9.104785919189453125e-01
-1.205527782440185547e-02,-3.980938673019409180e+00,-8.754927635192871094e+00,-8.992236256599426270e-01,-4.749898910522460938e+00,-3.569732904434204102e-01,-1.944641470909118652e+00,-1.956264972686767578e+00
5.850297212600708008e-02,-3.853518962860107422e+00,-8.652492523193359375e+00,-6.696627140045166016e-01,-4.510657787322998047e+00,-9.788417816162109375e-02,-1.948599457740783691e+00,-2.075500488281250000e+00
1.003005981445312500e+00,-4.280082702636718750e+00,-8.494774818420410156e+00,-1.898066997528076172e-01,-3.583169937133789062e+00,9.276106357574462891e-01,-1.707314968109130859e+00,-1.263255596160888672e+00
1.000958800315856934e+00,-4.152913570404052734e+00,-8.420785903930664062e+00,2.488934993743896484e-02,-3.548882007598876953e+00,9.498207569122314453e-01,-1.623154878616333008e+00,-1.322554469108581543e+00
1.529510498046875000e+00,-4.304954528808593750e+00,-8.105220794677734375e+00,2.003445625305175781e-01,-3.656363487243652344e+00,5.823898315429687500e-02,-1.461329936981201172e+00,-1.453426837921142578e+00
2.203861951828002930e+00,-3.505055904388427734e+00,-7.696619510650634766e+00,4.321968555450439453e-01,-3.224045753479003906e+00,7.075333595275878906e-02,-1.315912485122680664e+00,-6.389240622520446777e-01
2.097915887832641602e+00,-3.331765651702880859e+00,-7.481944561004638672e+00,4.839779138565063477e-01,-4.106456279754638672e+00,-3.971329927444458008e-01,-1.538326501846313477e+00,-5.561606884002685547e-01
1.144788026809692383e+00,-4.109295845031738281e+00,-8.292465209960937500e+00,1.959450244903564453e-01,-3.376900911331176758e+00,-1.285252571105957031e-01,-1.252501249313354492e+00,-1.507411122322082520e+00
1.254693627357482910e+00,-4.698609828948974609e+00,-8.319029808044433594e+00,1.815962791442871094e-02,-3.591660261154174805e+00,1.148966550827026367e+00,-1.602815389633178711e+00,-1.368986368179321289e+00
1.983823776245117188e+00,-3.656656980514526367e+00,-7.867314338684082031e+00,1.932153701782226562e-01,-3.533597230911254883e+00,-1.093797683715820312e-01,-1.388773441314697266e+00,-1.050113797187805176e+00
2.126343488693237305e+00,-3.496934890747070312e+00,-7.684450149536132812e+00,3.659420013427734375e-01,-4.547802925109863281e+00,-6.165758371353149414e-01,-1.936075210571289062e+00,-5.306889414787292480e-01
2.350035905838012695e+00,-3.190788507461547852e+00,-7.334930419921875000e+00,2.740216255187988281e-02,-3.559230804443359375e+00,-9.632110595703125000e-01,-2.339922428131103516e+00,-3.777503073215484619e-01
1.628041267395019531e-03,-3.978893756866455078e+00,-7.269912719726562500e+00,-1.499645471572875977e+00,-5.173508644104003906e+00,-2.290143489837646484e+00,-3.196635961532592773e+00,1.104305982589721680e-01
5.126021504402160645e-01,-3.875956535339355469e+00,-7.126966953277587891e+00,-1.331374645233154297e+00,-4.761235237121582031e+00,-1.792598247528076172e+00,-2.506109237670898438e+00,1.761270165443420410e-01
5.115785002708435059e-01,-4.354746341705322266e+00,-7.020970821380615234e+00,-1.709472417831420898e+00,-4.784067153930664062e+00,-2.429368734359741211e+00,-3.127313375473022461e+00,-3.507208824157714844e-02
1.811211109161376953e-01,-4.116708755493164062e+00,-7.345310688018798828e+00,-1.493346691131591797e+00,-4.891527652740478516e+00,-2.266291379928588867e+00,-3.077640533447265625e+00,2.302501797676086426e-01
7.979345321655273438e-02,-4.377767562866210938e+00,-7.539776802062988281e+00,-1.654048800468444824e+00,-4.840492725372314453e+00,-2.776272296905517578e+00,-3.353093624114990234e+00,2.142691612243652344e-02
1.846098303794860840e-01,-3.992154359817504883e+00,-7.670526981353759766e+00,-1.410397171974182129e+00,-4.850866317749023438e+00,-1.742892503738403320e+00,-2.471314191818237305e+00,5.094030499458312988e-01
2.895332872867584229e-01,-4.132194995880126953e+00,-7.475682735443115234e+00,-1.515277504920959473e+00,-4.786859512329101562e+00,-3.081034183502197266e+00,-3.692076444625854492e+00,-1.733452081680297852e-02
3.208175301551818848e-01,-4.232967376708984375e+00,-7.447068214416503906e+00,-1.574003696441650391e+00,-4.724879741668701172e+00,-3.061430454254150391e+00,-3.572262763977050781e+00,-1.381114125251770020e-01
2.641631960868835449e-01,-4.291063785552978516e+00,-7.405286788940429688e+00,-1.574266672134399414e+00,-4.831255435943603516e+00,-3.046663761138916016e+00,-3.604109525680541992e+00,-7.585352659225463867e-02
5.630284547805786133e-01,-4.715614795684814453e+00,-7.859939575195312500e+00,-1.449557781219482422e+00,-5.083075523376464844e+00,-2.727650880813598633e+00,-4.117536067962646484e+00,-1.612259149551391602e-01
-4.985052347183227539e-02,-4.612848281860351562e+00,-8.224098205566406250e+00,-1.483912467956542969e+00,-4.933224678039550781e+00,-2.905614137649536133e+00,-4.045954227447509766e+00,-4.527878761291503906e-02
2.120491564273834229e-01,-4.250592708587646484e+00,-8.115245819091796875e+00,-1.344817161560058594e+00,-5.187028408050537109e+00,-2.563225746154785156e+00,-4.042426586151123047e+00,1.826722621917724609e-01
-3.868937492370605469e-02,-4.074637413024902344e+00,-8.295799255371093750e+00,-1.570031881332397461e+00,-5.351566791534423828e+00,-1.597111463546752930e+00,-3.095333576202392578e+00,3.951933979988098145e-01
2.747450828552246094e+00,-3.207734346389770508e+00,-7.252631187438964844e+00,1.392483592033386230e+00,-2.088761091232299805e+00,4.938013553619384766e-01,-7.568855285644531250e-01,4.072344899177551270e-01
2.481459856033325195e+00,-3.225875377655029297e+00,-7.354939937591552734e+00,1.078154206275939941e+00,-2.436268329620361328e+00,5.979342460632324219e-01,-1.134108781814575195e+00,1.916772127151489258e-02
2.022324323654174805e+00,-3.172319173812866211e+00,-7.872838973999023438e+00,8.039040565490722656e-01,-2.829223394393920898e+00,8.966376781463623047e-01,-1.057657480239868164e+00,-5.081793665885925293e-01
2.774541139602661133e+00,-3.243855237960815430e+00,-7.250483512878417969e+00,1.364575982093811035e+00,-2.109055280685424805e+00,5.133721828460693359e-01,-7.543296813964843750e-01,3.752453923225402832e-01
2.434722661972045898e+00,-3.019929647445678711e+00,-7.339237689971923828e+00,1.241178870201110840e+00,-2.149343013763427734e+00,2.876377105712890625e-02,-7.753033638000488281e-01,-1.634308099746704102e-01
2.702775716781616211e+00,-3.149676084518432617e+00,-7.284307479858398438e+00,1.475840210914611816e+00,-1.987068533897399902e+00,2.631304264068603516e-01,-5.621230602264404297e-01,9.512585401535034180e-02
2.747096776962280273e+00,-3.143607378005981445e+00,-7.256515502929687500e+00,1.506607651710510254e+00,-1.963850855827331543e+00,1.876118183135986328e-01,-5.646150112152099609e-01,1.241762638092041016e-01
2.717184305191040039e+00,-3.127777576446533203e+00,-7.231848716735839844e+00,1.494212269783020020e+00,-1.966079831123352051e+00,2.389383316040039062e-02,-5.814006328582763672e-01,1.478290557861328125e-01
2.322207927703857422e+00,-3.004064321517944336e+00,-7.243920803070068359e+00,1.280571341514587402e+00,-2.094484806060791016e+00,-1.902341842651367188e-03,-6.756522655487060547e-01,-1.079978942871093750e-01
2.520629644393920898e+00,-3.155596971511840820e+00,-7.332676410675048828e+00,1.456130623817443848e+00,-1.988889575004577637e+00,-2.638316154479980469e-02,-5.932147502899169922e-01,-1.578819751739501953e-02
2.805575609207153320e+00,-3.043776512145996094e+00,-6.705345153808593750e+00,1.691335797309875488e+00,-1.868130445480346680e+00,-8.196246623992919922e-02,-3.405356407165527344e-01,5.043427348136901855e-01
2.389159440994262695e+00,-3.109841346740722656e+00,-7.130259037017822266e+00,1.701220154762268066e+00,-1.774193048477172852e+00,7.454586029052734375e-02,-3.755822181701660156e-01,-2.244385182857513428e-01
2.738832712173461914e+00,-3.013247966766357422e+00,-6.900251865386962891e+00,1.746613144874572754e+00,-1.771566510200500488e+00,4.456901550292968750e-02,-3.238782882690429688e-01,3.335762619972229004e-01
-2.924507856369018555e-01,-3.980689048767089844e+00,-9.808272361755371094e+00,-7.828900814056396484e-01,-3.733885288238525391e+00,-1.915829181671142578e+00,-1.811792731285095215e+00,-6.893501877784729004e-01
-2.777380347251892090e-01,-3.976000070571899414e+00,-9.723859786987304688e+00,-7.799354195594787598e-01,-3.745195865631103516e+00,-1.924898386001586914e+00,-1.810846567153930664e+00,-6.924142241477966309e-01
-2.769550681114196777e-01,-3.976951599121093750e+00,-9.734427452087402344e+00,-7.878044843673706055e-01,-3.750148534774780273e+00,-1.929722070693969727e+00,-1.809368491172790527e+00,-6.924447417259216309e-01
-1.074634790420532227e-01,-3.647093296051025391e+00,-9.325066566467285156e+00,-3.086348176002502441e-01,-3.381860017776489258e+00,-1.531426429748535156e+00,-1.559637308120727539e+00,-8.673350811004638672e-01
8.371632695198059082e-01,-3.135746002197265625e+00,-8.368548393249511719e+00,3.287940025329589844e-01,-2.878675222396850586e+00,-6.460993289947509766e-01,-1.980001449584960938e+00,-3.472468376159667969e+00
-1.472687125205993652e-01,-3.635578155517578125e+00,-9.234026908874511719e+00,-3.278948068618774414e-01,-3.441940546035766602e+00,-1.491323232650756836e+00,-1.646206736564636230e+00,-8.926320075988769531e-01
-2.144644260406494141e-01,-3.775860071182250977e+00,-9.396825790405273438e+00,-4.688788056373596191e-01,-3.542541980743408203e+00,-1.709547758102416992e+00,-1.654037833213806152e+00,-7.980709075927734375e-01
3.429703712463378906e-01,-3.359837293624877930e+00,-8.439557075500488281e+00,1.691522598266601562e-01,-3.097933053970336914e+00,-8.733010292053222656e-01,-1.536952495574951172e+00,-1.231240391731262207e+00
-9.316927194595336914e-02,-3.522136449813842773e+00,-9.037500381469726562e+00,-2.040400505065917969e-01,-3.430825948715209961e+00,-1.373595237731933594e+00,-1.691241264343261719e+00,-1.097625732421875000e+00
-1.504073143005371094e-01,-3.583010673522949219e+00,-9.156523704528808594e+00,-2.827578783035278320e-01,-3.530866861343383789e+00,-1.498677611351013184e+00,-1.756236314773559570e+00,-1.109351396560668945e+00
2.418437600135803223e-01,-3.370090723037719727e+00,-8.580661773681640625e+00,7.897770404815673828e-02,-3.202626466751098633e+00,-9.999902248382568359e-01,-1.607155323028564453e+00,-1.230953216552734375e+00
1.294978857040405273e+00,-2.860313415527343750e+00,-7.933307170867919922e+00,6.387878656387329102e-01,-2.519299030303955078e+00,-4.710750579833984375e-01,-2.047347068786621094e+00,-4.685793876647949219e+00
1.034625291824340820e+00,-3.075869560241699219e+00,-7.930275440216064453e+00,5.224452018737792969e-01,-2.733316183090209961e+00,-3.640124797821044922e-01,-1.657480239868164062e+00,-2.968537330627441406e+00
-3.390588164329528809e-01,-3.746853351593017578e+00,-8.800557136535644531e+00,-1.611638069152832031e+00,-5.205197334289550781e+00,-1.698115944862365723e+00,-2.193791389465332031e+00,1.764519810676574707e-01
1.988006353378295898e+00,-3.101202726364135742e+00,-7.528504371643066406e+00,7.007086277008056641e-02,-5.060727596282958984e+00,-9.287027120590209961e-01,-1.908195137977600098e+00,-4.985672235488891602e-01
1.723691701889038086e+00,-3.583614826202392578e+00,-7.864356040954589844e+00,-7.606482505798339844e-02,-5.074698925018310547e+00,-1.484989523887634277e+00,-2.255567073822021484e+00,-5.519267916679382324e-01
2.015247583389282227e+00,-3.074289560317993164e+00,-7.393362045288085938e+00,2.211737632751464844e-01,-4.915222644805908203e+00,-5.286992788314819336e-01,-1.660389304161071777e+00,-4.686141312122344971e-01
1.961802721023559570e+00,-3.295299291610717773e+00,-7.602850437164306641e+00,2.182503938674926758e-01,-4.920069217681884766e+00,-7.800717353820800781e-01,-1.605298876762390137e+00,-5.471872687339782715e-01
2.080554962158203125e+00,-3.424191951751708984e+00,-7.520864486694335938e+00,1.772270202636718750e-01,-4.910286426544189453e+00,-7.828413248062133789e-01,-1.652106642723083496e+00,-5.867338776588439941e-01
2.351125240325927734e+00,-2.911837339401245117e+00,-7.400192737579345703e+00,3.869030475616455078e-01,-4.694163322448730469e+00,-7.525290250778198242e-01,-1.955021858215332031e+00,-3.991416692733764648e-01
1.976535320281982422e+00,-3.276288032531738281e+00,-7.429355621337890625e+00,3.169295787811279297e-01,-4.719962596893310547e+00,-9.210290908813476562e-01,-1.651290416717529297e+00,-5.842766761779785156e-01
3.191807985305786133e+00,-2.296399116516113281e+00,-5.654777050018310547e+00,4.958730936050415039e-01,-4.685171604156494141e+00,-9.370574951171875000e-01,-2.346052885055541992e+00,-1.093566417694091797e-02
2.663935899734497070e+00,-2.949099779129028320e+00,-6.525457382202148438e+00,1.137758493423461914e-01,-5.072845935821533203e+00,-1.147325396537780762e+00,-2.205855369567871094e+00,-3.018467724323272705e-01
3.301587820053100586e+00,-2.303737401962280273e+00,-5.315981864929199219e+00,2.469068765640258789e-01,-4.725064754486083984e+00,-1.233899474143981934e+00,-3.018926858901977539e+00,7.959777116775512695e-02
3.637522697448730469e+00,-1.825688362121582031e+00,-4.134957313537597656e+00,1.947668790817260742e-01,-5.007058143615722656e+00,-1.549495935440063477e+00,-3.308458566665649414e+00,9.910883307456970215e-01
2.970763683319091797e+00,-2.947467565536499023e+00,-7.266536712646484375e+00,1.215166687965393066e+00,-2.276090145111083984e+00,4.430675506591796875e-01,-8.663141727447509766e-01,3.609145283699035645e-01
-3.431199193000793457e-01,-3.657790899276733398e+00,-9.636048316955566406e+00,-3.971013426780700684e-01,-3.477442979812622070e+00,-1.448372125625610352e+00,-1.292685985565185547e+00,-9.140084981918334961e-01
-4.039109349250793457e-01,-3.750035762786865234e+00,-9.623059272766113281e+00,-5.214155912399291992e-01,-3.616879463195800781e+00,-1.612520456314086914e+00,-1.357526779174804688e+00,-8.094609975814819336e-01
-4.546599984169006348e-01,-3.848240852355957031e+00,-9.693668365478515625e+00,-6.196312308311462402e-01,-3.723945856094360352e+00,-1.729444026947021484e+00,-1.479363203048706055e+00,-8.568881154060363770e-01
-7.897204160690307617e-02,-3.484863758087158203e+00,-9.498243331909179688e+00,-1.825680732727050781e-01,-3.137756347656250000e+00,-1.068610668182373047e+00,-1.102169513702392578e+00,-7.553422451019287109e-01
-1.122547388076782227e-01,-3.501340627670288086e+00,-9.505723953247070312e+00,-2.180764675140380859e-01,-3.185847043991088867e+00,-1.118745803833007812e+00,-1.126030921936035156e+00,-7.748962640762329102e-01
-5.332857966423034668e-01,-3.812531709671020508e+00,-9.762853622436523438e+00,-5.795293450355529785e-01,-3.749510288238525391e+00,-1.752478957176208496e+00,-1.563232660293579102e+00,-9.998313188552856445e-01
-5.410887598991394043e-01,-3.649318218231201172e+00,-9.587541580200195312e+00,-5.009611845016479492e-01,-3.762843847274780273e+00,-1.694077849388122559e+00,-1.624072790145874023e+00,-1.036384582519531250e+00
-5.922530293464660645e-01,-3.738615751266479492e+00,-9.743881225585937500e+00,-5.699785351753234863e-01,-3.762708425521850586e+00,-1.741640090942382812e+00,-1.654845952987670898e+00,-9.866120815277099609e-01
-6.150892376899719238e-01,-3.643708705902099609e+00,-9.730726242065429688e+00,-4.891620874404907227e-01,-3.705232620239257812e+00,-1.225802302360534668e+00,-1.626787424087524414e+00,-1.049590587615966797e+00
-5.563899874687194824e-01,-3.606903314590454102e+00,-9.685071945190429688e+00,-4.337761402130126953e-01,-3.676994800567626953e+00,-1.623135089874267578e+00,-1.566837906837463379e+00,-1.118731498718261719e+00
-5.295584797859191895e-01,-3.699785232543945312e+00,-9.737803459167480469e+00,-4.677269458770751953e-01,-3.686248302459716797e+00,-1.671815872192382812e+00,-1.517666339874267578e+00,-1.070645093917846680e+00
-5.330062508583068848e-01,-3.673971414566040039e+00,-9.748178482055664062e+00,-4.472495317459106445e-01,-3.666618824005126953e+00,-1.657248735427856445e+00,-1.504152536392211914e+00,-1.097448706626892090e+00
-7.110338807106018066e-01,-3.553550720214843750e+00,-9.606004714965820312e+00,-6.383429765701293945e-01,-3.699438095092773438e+00,2.488706111907958984e-01,-1.670036196708679199e+00,-5.237090587615966797e-01
-9.074550867080688477e-02,-3.554478883743286133e+00,-9.848027229309082031e+00,-1.542893648147583008e-01,-3.194819927215576172e+00,-1.142180919647216797e+00,-1.250167369842529297e+00,-9.685693979263305664e-01
-8.691084384918212891e-02,-3.559816837310791016e+00,-9.710770606994628906e+00,-1.982183456420898438e-01,-3.190993547439575195e+00,-1.172002553939819336e+00,-1.199016332626342773e+00,-8.953421115875244141e-01
-6.887304782867431641e-02,-3.527357816696166992e+00,-9.658964157104492188e+00,-1.500042676925659180e-01,-3.173674821853637695e+00,-1.145888805389404297e+00,-1.211123943328857422e+00,-9.231553673744201660e-01
-8.211052417755126953e-02,-3.502043247222900391e+00,-9.642036437988281250e+00,-1.214627027511596680e-01,-3.195768117904663086e+00,-1.131254315376281738e+00,-1.240542411804199219e+00,-9.852114319801330566e-01
4.874414205551147461e-02,-3.200603246688842773e+00,-9.273788452148437500e+00,1.955785751342773438e-01,-3.040761470794677734e+00,-7.394026517868041992e-01,-1.129677295684814453e+00,-9.609566926956176758e-01
-3.832553029060363770e-01,-3.632297515869140625e+00,-9.862560272216796875e+00,-4.001806974411010742e-01,-3.554453372955322266e+00,-1.535945296287536621e+00,-1.490879297256469727e+00,-1.126538038253784180e+00
-5.399153828620910645e-01,-3.665441989898681641e+00,-9.856737136840820312e+00,-5.040283799171447754e-01,-3.687245845794677734e+00,-1.738175153732299805e+00,-1.586596012115478516e+00,-1.127220988273620605e+00
-4.126442074775695801e-01,-3.631196975708007812e+00,-9.533356666564941406e+00,-4.514474272727966309e-01,-3.754353523254394531e+00,-1.631733894348144531e+00,-1.529341459274291992e+00,-1.066896915435791016e+00
-4.288330674171447754e-01,-4.043661117553710938e+00,-9.784773826599121094e+00,-8.529552221298217773e-01,-3.930840492248535156e+00,-1.993997335433959961e+00,-1.824467420578002930e+00,-5.615816712379455566e-01
-2.411919236183166504e-01,-3.318214178085327148e+00,-9.237978935241699219e+00,-1.310725212097167969e-01,-3.516557216644287109e+00,-1.172263860702514648e+00,-1.473739624023437500e+00,-1.141920804977416992e+00
-3.583351969718933105e-01,-3.783777236938476562e+00,-9.351273536682128906e+00,-5.651197433471679688e-01,-3.809440374374389648e+00,-1.782358050346374512e+00,-1.618974685668945312e+00,-8.557492494583129883e-01
-1.789851188659667969e-01,-3.215194702148437500e+00,-9.029408454895019531e+00,-5.987000465393066406e-02,-3.450139999389648438e+00,-1.151064276695251465e+00,-1.481567621231079102e+00,-1.233534812927246094e+00
6.767563223838806152e-01,-3.218991279602050781e+00,-8.312891960144042969e+00,3.870565891265869141e-01,-3.067916870117187500e+00,-4.853214025497436523e-01,-1.340101480484008789e+00,-1.239731311798095703e+00
-3.570504784584045410e-01,-3.868499994277954102e+00,-9.805439949035644531e+00,-6.079700589179992676e-01,-3.650309085845947266e+00,-1.624573230743408203e+00,-1.414841175079345703e+00,-6.485667824745178223e-01
-3.116640448570251465e-01,-3.978926658630371094e+00,-9.910948753356933594e+00,-8.119646906852722168e-01,-3.787509918212890625e+00,-1.919151306152343750e+00,-1.723007678985595703e+00,-6.816828250885009766e-01
-3.216316103935241699e-01,-3.963387966156005859e+00,-9.926703453063964844e+00,-7.921062707901000977e-01,-3.777285099029541016e+00,-1.910489082336425781e+00,-1.687647819519042969e+00,-6.820496320724487305e-01
-4.286742806434631348e-01,-4.023136615753173828e+00,-9.930653572082519531e+00,-8.220599889755249023e-01,-3.899677276611328125e+00,-1.987663626670837402e+00,-1.484694719314575195e+00,-7.225153446197509766e-01
-3.597845435142517090e-01,-4.009590625762939453e+00,-9.866751670837402344e+00,-8.124282360076904297e-01,-3.874147891998291016e+00,-1.959305882453918457e+00,-1.621899366378784180e+00,-5.801652073860168457e-01
-3.763163685798645020e-01,-4.009875297546386719e+00,-9.890786170959472656e+00,-8.129158616065979004e-01,-3.870268344879150391e+00,-1.952186346054077148e+00,-1.597053527832031250e+00,-6.551095843315124512e-01
-3.798208832740783691e-01,-4.025904655456542969e+00,-9.815581321716308594e+00,-8.291634321212768555e-01,-3.904742956161499023e+00,-1.954567551612854004e+00,-1.684577226638793945e+00,-5.136682987213134766e-01
-3.388230204582214355e-01,-4.015512466430664062e+00,-9.875010490417480469e+00,-8.051281571388244629e-01,-3.843071699142456055e+00,-1.929329991340637207e+00,-1.628718137741088867e+00,-5.862351059913635254e-01
-3.772730231285095215e-01,-4.008852005004882812e+00,-9.888994216918945312e+00,-8.025783300399780273e-01,-3.845465421676635742e+00,-1.930609107017517090e+00,-1.589109420776367188e+00,-6.950718760490417480e-01
-3.802750706672668457e-01,-4.013920307159423828e+00,-9.925636291503906250e+00,-8.019893169403076172e-01,-3.843690156936645508e+00,-1.916974902153015137e+00,-1.579428434371948242e+00,-6.694576740264892578e-01
-4.738399386405944824e-01,-4.055402755737304688e+00,-9.950901031494140625e+00,-7.387521266937255859e-01,-3.822793960571289062e+00,-1.786841273307800293e+00,-1.586719393730163574e+00,-5.376625061035156250e-01
-3.663333058357238770e-01,-4.017971992492675781e+00,-9.906207084655761719e+00,-8.082557916641235352e-01,-3.865902900695800781e+00,-1.936359643936157227e+00,-1.588064789772033691e+00,-5.960435271263122559e-01
-3.430818915367126465e-01,-4.023450374603271484e+00,-9.923069953918457031e+00,-7.952623367309570312e-01,-3.824017047882080078e+00,-1.916525959968566895e+00,-1.618430256843566895e+00,-5.714929103851318359e-01
2.146585226058959961e+00,-3.647425651550292969e+00,-7.182331562042236328e+00,9.856806993484497070e-01,-2.403237342834472656e+00,6.604385375976562500e-01,-1.154422283172607422e+00,2.412117123603820801e-01
1.886977672576904297e+00,-4.004067420959472656e+00,-7.012889862060546875e+00,8.484057188034057617e-01,-2.726275920867919922e+00,5.284867286682128906e-01,-1.552949905395507812e+00,3.251911997795104980e-01
3.308974266052246094e+00,-2.180122852325439453e+00,-5.055520057678222656e+00,2.799942493438720703e-01,-4.929983139038085938e+00,-1.548083305358886719e+00,-3.373948097229003906e+00,8.066517114639282227e-02
2.566940784454345703e+00,-2.519013404846191406e+00,-6.348322391510009766e+00,7.908383607864379883e-01,-3.900310993194580078e+00,2.918717861175537109e-01,-2.105014562606811523e+00,6.870059370994567871e-01
2.903576850891113281e+00,-3.032759428024291992e+00,-7.100638866424560547e+00,1.157188296318054199e+00,-2.340312480926513672e+00,5.381600856781005859e-01,-1.132892131805419922e+00,3.454096913337707520e-01
2.964284896850585938e+00,-2.946742057800292969e+00,-7.360898017883300781e+00,1.304678559303283691e+00,-2.224939346313476562e+00,6.217918395996093750e-01,-9.177529811859130859e-01,2.433203458786010742e-01
2.630626201629638672e+00,-2.961066961288452148e+00,-6.943508625030517578e+00,8.868738412857055664e-01,-2.604153633117675781e+00,5.407235622406005859e-01,-1.478317260742187500e+00,5.381899476051330566e-01
2.805062055587768555e+00,-3.043567180633544922e+00,-6.981225967407226562e+00,1.081293225288391113e+00,-2.304953575134277344e+00,5.360221862792968750e-01,-1.266841173171997070e+00,4.851639866828918457e-01
2.499076604843139648e+00,-2.967991352081298828e+00,-6.716761589050292969e+00,8.416162729263305664e-01,-2.791936635971069336e+00,4.409453868865966797e-01,-1.626289010047912598e+00,6.126914620399475098e-01
2.737637758255004883e+00,-3.069986104965209961e+00,-6.823257923126220703e+00,9.474998712539672852e-01,-2.391218185424804688e+00,3.968889713287353516e-01,-1.475907087326049805e+00,6.205512881278991699e-01
2.983100891113281250e+00,-2.958638429641723633e+00,-6.893088817596435547e+00,1.132349371910095215e+00,-2.260837078094482422e+00,4.674606323242187500e-01,-1.264711856842041016e+00,6.333109736442565918e-01
2.973542451858520508e+00,-2.979413509368896484e+00,-6.787806987762451172e+00,1.076964735984802246e+00,-2.304518222808837891e+00,4.425284862518310547e-01,-1.438557386398315430e+00,7.406924366950988770e-01
2.792460203170776367e+00,-3.043169260025024414e+00,-6.686463832855224609e+00,1.087991118431091309e+00,-2.561444759368896484e+00,2.429223060607910156e-01,-1.521419048309326172e+00,7.523218989372253418e-01
