-5.116670131683349609e-01,-4.148655891418457031e+00,-9.819902420043945312e+00,-7.961335182189941406e-01,-3.232289314270019531e+00,-2.575511455535888672e+00,-2.402704477310180664e+00,-1.669243574142456055e+00
-3.753923475742340088e-01,-4.019487857818603516e+00,-9.882099151611328125e+00,-2.445842325687408447e-01,-3.049029111862182617e+00,-1.544732809066772461e+00,-8.842352628707885742e-01,-1.945964097976684570e+00
-6.021890640258789062e-01,-4.058837890625000000e+00,-1.019040393829345703e+01,-2.829016149044036865e-01,-3.022177934646606445e+00,-1.282210588455200195e+00,-8.109301924705505371e-01,-1.856401562690734863e+00
-3.440925180912017822e-01,-3.953561067581176758e+00,-9.763936042785644531e+00,-1.848666369915008545e-01,-2.992738962173461914e+00,-1.355487942695617676e+00,-7.390919923782348633e-01,-1.835899233818054199e+00
-4.593860805034637451e-01,-3.884782075881958008e+00,-9.955572128295898438e+00,-1.243075430393218994e-01,-3.013331890106201172e+00,-9.234777688980102539e-01,-4.960619211196899414e-01,-1.907762169837951660e+00
-4.340449273586273193e-01,-3.896994352340698242e+00,-9.886650085449218750e+00,-1.517450511455535889e-01,-3.004264831542968750e+00,-1.040784835815429688e+00,-5.869232416152954102e-01,-1.819596886634826660e+00
-5.216895341873168945e-01,-3.938745260238647461e+00,-1.002432155609130859e+01,-1.672232449054718018e-01,-2.991345643997192383e+00,-9.891309142112731934e-01,-5.436599254608154297e-01,-1.720109224319458008e+00
-3.677221834659576416e-01,-3.861207723617553711e+00,-9.755784988403320312e+00,-1.740663945674896240e-01,-3.027898311614990234e+00,-1.209355711936950684e+00,-7.078750133514404297e-01,-1.709003806114196777e+00
-2.361401319503784180e-01,-3.810166835784912109e+00,-9.523135185241699219e+00,-2.015005648136138916e-01,-3.076197147369384766e+00,-1.420005083084106445e+00,-8.986190557479858398e-01,-1.632314562797546387e+00
-1.234452426433563232e-01,-3.776515960693359375e+00,-9.371992111206054688e+00,-1.525482237339019775e-01,-3.073570013046264648e+00,-1.465306282043457031e+00,-8.517757654190063477e-01,-1.705092310905456543e+00
-3.113094866275787354e-01,-3.828744888305664062e+00,-9.682659149169921875e+00,-1.191407144069671631e-01,-3.013351440429687500e+00,-1.140501379966735840e+00,-5.988119840621948242e-01,-1.765314817428588867e+00
-2.104454338550567627e-01,-3.771420478820800781e+00,-9.475800514221191406e+00,-1.699437201023101807e-01,-3.061319351196289062e+00,-1.381811857223510742e+00,-8.445013165473937988e-01,-1.694565176963806152e+00
-2.155171632766723633e-01,-3.775000095367431641e+00,-9.490238189697265625e+00,-1.469436585903167725e-01,-3.042722463607788086e+00,-1.340740203857421875e+00,-7.657558321952819824e-01,-1.659444093704223633e+00
-3.017078936100006104e-01,-3.913343191146850586e+00,-9.640839576721191406e+00,-2.428673207759857178e-01,-3.013358592987060547e+00,-1.614799499511718750e+00,-9.608955979347229004e-01,-1.748960971832275391e+00
-2.423788607120513916e-01,-3.831562519073486328e+00,-9.538475990295410156e+00,-1.672632992267608643e-01,-3.026550531387329102e+00,-1.389630675315856934e+00,-7.797101736068725586e-01,-1.590490579605102539e+00
-1.070913076400756836e-01,-3.636063098907470703e+00,-8.942745208740234375e+00,-6.878057122230529785e-02,-2.885475635528564453e+00,-8.575844764709472656e-02,-6.759902834892272949e-01,-2.066753387451171875e+00
-1.686041653156280518e-01,-3.680992841720581055e+00,-9.107761383056640625e+00,-5.999216437339782715e-02,-2.911760568618774414e+00,-3.539502620697021484e-03,-5.485339164733886719e-01,-1.783320426940917969e+00
-1.555711627006530762e-01,-3.702208042144775391e+00,-8.997879028320312500e+00,-8.126446604728698730e-02,-2.863687753677368164e+00,-1.875960826873779297e-02,-5.753947496414184570e-01,-1.406184434890747070e+00
-1.494776904582977295e-01,-3.669349431991577148e+00,-8.962985992431640625e+00,-7.405772805213928223e-02,-2.878128051757812500e+00,1.014344096183776855e-01,-5.606833100318908691e-01,-1.358566164970397949e+00
-1.934272944927215576e-01,-3.717634677886962891e+00,-9.158714294433593750e+00,-7.975992560386657715e-02,-2.902617931365966797e+00,-1.431413888931274414e-01,-5.695559978485107422e-01,-1.674152016639709473e+00
-1.757000982761383057e-01,-3.670432090759277344e+00,-9.074612617492675781e+00,-5.490288138389587402e-02,-2.883108854293823242e+00,-5.372375249862670898e-02,-4.990585744380950928e-01,-1.439579844474792480e+00
-2.454605400562286377e-01,-3.776346921920776367e+00,-9.174121856689453125e+00,-1.183694303035736084e-01,-2.864151239395141602e+00,-1.797416210174560547e-01,-5.762009620666503906e-01,-1.192680716514587402e+00
-1.379772424697875977e-01,-3.767424345016479492e+00,-9.010259628295898438e+00,-1.370556056499481201e-01,-2.875462532043457031e+00,-4.122361242771148682e-01,-7.331148386001586914e-01,-1.323608517646789551e+00
-1.382756829261779785e-01,-3.744896888732910156e+00,-8.959599494934082031e+00,-1.176663935184478760e-01,-2.846171855926513672e+00,-3.046153783798217773e-01,-6.614131927490234375e-01,-1.135495543479919434e+00
-9.137174487113952637e-02,-3.709866762161254883e+00,-8.916366577148437500e+00,-1.051025688648223877e-01,-2.870886087417602539e+00,-3.946110308170318604e-01,-6.861382126808166504e-01,-1.260989785194396973e+00
1.351339519023895264e-01,-3.503518581390380859e+00,-8.563821792602539062e+00,-9.960830211639404297e-03,-2.911795377731323242e+00,-4.690745770931243896e-01,-6.727498769760131836e-01,-1.530638933181762695e+00
2.606821060180664062e-02,-3.555858612060546875e+00,-8.696886062622070312e+00,-3.356674313545227051e-02,-2.886713027954101562e+00,-2.658037245273590088e-01,-6.272653341293334961e-01,-1.407098293304443359e+00
8.687201142311096191e-02,-3.516287803649902344e+00,-8.621550559997558594e+00,-1.922407746315002441e-02,-2.905545949935913086e+00,-3.227868378162384033e-01,-6.648114919662475586e-01,-1.598898530006408691e+00
1.425712704658508301e-01,-3.485357522964477539e+00,-8.512032508850097656e+00,-1.411506533622741699e-02,-2.900845766067504883e+00,-3.972901999950408936e-01,-7.005511522293090820e-01,-1.563984274864196777e+00
1.789467036724090576e-01,-3.505070447921752930e+00,-8.472676277160644531e+00,-7.141232490539550781e-03,-2.944645404815673828e+00,-2.845098078250885010e-01,-6.593852043151855469e-01,-1.326080441474914551e+00
-3.360035121440887451e-01,-3.734283447265625000e+00,-9.590602874755859375e+00,-4.329696297645568848e-02,-2.947612285614013672e+00,-5.651635527610778809e-01,-3.636648654937744141e-01,-1.645798206329345703e+00
-1.722406446933746338e-01,-3.712749004364013672e+00,-9.300316810607910156e+00,-7.470753788948059082e-02,-2.963655710220336914e+00,-8.425728678703308105e-01,-5.879821777343750000e-01,-1.630361318588256836e+00
-1.224035620689392090e-01,-3.674141645431518555e+00,-9.191698074340820312e+00,-4.800829291343688965e-02,-2.942106962203979492e+00,-8.790487647056579590e-01,-5.427764654159545898e-01,-1.463389754295349121e+00
-3.716397285461425781e-02,-3.626606941223144531e+00,-9.001652717590332031e+00,-4.440286755561828613e-02,-2.946044206619262695e+00,-8.859815001487731934e-01,-5.922809839248657227e-01,-1.298031568527221680e+00
-1.332764029502868652e-01,-3.625764369964599609e+00,-9.152921676635742188e+00,-3.182741999626159668e-02,-2.942363739013671875e+00,-7.198821902275085449e-01,-4.736791253089904785e-01,-1.217595696449279785e+00
-1.324422359466552734e-01,-3.595283031463623047e+00,-9.119699478149414062e+00,-1.751115918159484863e-02,-2.932121992111206055e+00,-6.598600745201110840e-01,-4.292564392089843750e-01,-1.095925569534301758e+00
-1.907521486282348633e-02,-3.526927471160888672e+00,-8.936828613281250000e+00,1.151621341705322266e-02,-2.956503152847290039e+00,-7.203034162521362305e-01,-4.443129897117614746e-01,-1.056999087333679199e+00
2.881205081939697266e-02,-3.496622323989868164e+00,-8.838309288024902344e+00,2.946120500564575195e-02,-2.936804771423339844e+00,-7.381200790405273438e-01,-4.399090111255645752e-01,-1.068650245666503906e+00
1.875434815883636475e-01,-3.446928501129150391e+00,-8.583055496215820312e+00,3.805914521217346191e-02,-2.943989038467407227e+00,-9.766288995742797852e-01,-5.620256662368774414e-01,-1.149814009666442871e+00
1.748454421758651733e-01,-3.452553987503051758e+00,-8.603306770324707031e+00,3.174445033073425293e-02,-2.959294557571411133e+00,-9.334149360656738281e-01,-5.590628981590270996e-01,-1.081429123878479004e+00
2.371153235435485840e-01,-3.422818660736083984e+00,-8.455532073974609375e+00,2.957245707511901855e-02,-2.951534271240234375e+00,-9.475824236869812012e-01,-6.127650737762451172e-01,-9.936331510543823242e-01
3.476173281669616699e-01,-3.389107465744018555e+00,-8.272552490234375000e+00,4.466876387596130371e-02,-2.962383985519409180e+00,-1.083741545677185059e+00,-6.413255929946899414e-01,-8.150169253349304199e-01
3.386235237121582031e-01,-3.426033973693847656e+00,-8.304079055786132812e+00,1.223817467689514160e-02,-2.984767436981201172e+00,-1.166597723960876465e+00,-7.140283584594726562e-01,-7.767673134803771973e-01
2.701776027679443359e-01,-3.469001293182373047e+00,-8.435175895690917969e+00,9.525150060653686523e-03,-2.968100786209106445e+00,-1.101599574089050293e+00,-6.679170131683349609e-01,-8.864714503288269043e-01
2.335910499095916748e-01,-3.395615577697753906e+00,-8.450038909912109375e+00,5.259934067726135254e-02,-2.969486951828002930e+00,-8.725635409355163574e-01,-5.075280666351318359e-01,-6.377297043800354004e-01
-7.210223674774169922e-01,-3.914688110351562500e+00,-1.022183227539062500e+01,-7.431820034980773926e-02,-2.855787038803100586e+00,-4.088507890701293945e-01,-7.003933191299438477e-02,-1.218706250190734863e+00
-5.462946891784667969e-01,-3.867325782775878906e+00,-9.908933639526367188e+00,-6.663373112678527832e-02,-2.835256338119506836e+00,-6.976851224899291992e-01,-1.931151151657104492e-01,-1.154139280319213867e+00
-4.829043447971343994e-01,-3.874880313873291016e+00,-9.809609413146972656e+00,-8.882591128349304199e-02,-2.846771955490112305e+00,-8.550885319709777832e-01,-3.071788549423217773e-01,-1.169129014015197754e+00
-4.314761459827423096e-01,-3.810664176940917969e+00,-9.735445976257324219e+00,-4.872211813926696777e-02,-2.856501340866088867e+00,-8.177388310432434082e-01,-2.568163275718688965e-01,-1.260261893272399902e+00
-3.942619264125823975e-01,-3.792834043502807617e+00,-9.681726455688476562e+00,-4.327335953712463379e-02,-2.861393451690673828e+00,-9.081791639328002930e-01,-2.741555571556091309e-01,-1.237682461738586426e+00
-2.824795544147491455e-01,-3.744545459747314453e+00,-9.485240936279296875e+00,-2.576807141304016113e-02,-2.867094755172729492e+00,-1.014534711837768555e+00,-3.104323148727416992e-01,-1.132686018943786621e+00
-3.699997365474700928e-01,-3.696457624435424805e+00,-9.613259315490722656e+00,8.324354887008666992e-03,-2.871493816375732422e+00,-7.500193715095520020e-01,-1.568748354911804199e-01,-1.124980211257934570e+00
-1.733767092227935791e-01,-3.681828975677490234e+00,-9.305621147155761719e+00,-6.144195795059204102e-03,-2.886064529418945312e+00,-1.095827698707580566e+00,-3.582265377044677734e-01,-1.166246891021728516e+00
-3.060264885425567627e-01,-3.733439922332763672e+00,-9.510633468627929688e+00,-2.953717112541198730e-02,-2.882901668548583984e+00,-9.428029060363769531e-01,-2.959522604942321777e-01,-1.040293931961059570e+00
-2.352494299411773682e-01,-3.783259868621826172e+00,-9.422320365905761719e+00,-5.796387791633605957e-02,-2.866708278656005859e+00,-1.237411022186279297e+00,-4.323089122772216797e-01,-1.134589314460754395e+00
-1.873767971992492676e-01,-3.783513069152832031e+00,-9.355133056640625000e+00,-7.241454720497131348e-02,-2.886041402816772461e+00,-1.323403239250183105e+00,-5.173671245574951172e-01,-1.198040246963500977e+00
-2.542679607868194580e-01,-3.805156946182250977e+00,-9.439073562622070312e+00,-7.353553175926208496e-02,-2.851737737655639648e+00,-1.239050507545471191e+00,-4.612756073474884033e-01,-1.159389257431030273e+00
-3.340235054492950439e-01,-3.830574035644531250e+00,-9.599520683288574219e+00,-7.043406367301940918e-02,-2.858995437622070312e+00,-1.119010925292968750e+00,-3.929985165596008301e-01,-1.268657326698303223e+00
-3.810721933841705322e-01,-3.857096195220947266e+00,-9.677127838134765625e+00,-7.008782029151916504e-02,-2.848874807357788086e+00,-1.039201855659484863e+00,-3.420320749282836914e-01,-1.234769463539123535e+00
-4.031059443950653076e-01,-3.829978942871093750e+00,-9.711137771606445312e+00,-4.435977339744567871e-02,-2.838143825531005859e+00,-9.600496292114257812e-01,-2.628458142280578613e-01,-1.269878506660461426e+00
-6.128315925598144531e-01,-3.881484031677246094e+00,-9.963752746582031250e+00,-7.444927096366882324e-02,-2.873987913131713867e+00,1.067446470260620117e-01,-1.839185953140258789e-01,-1.641272544860839844e+00
-7.003523111343383789e-01,-4.016887664794921875e+00,-1.015485191345214844e+01,-1.418214738368988037e-01,-2.850636243820190430e+00,-9.438985586166381836e-02,-3.024925589561462402e-01,-1.849282979965209961e+00
-6.597836017608642578e-01,-4.023553371429443359e+00,-1.012772083282470703e+01,-1.452601850032806396e-01,-2.843687295913696289e+00,-4.396750926971435547e-01,-3.417649269104003906e-01,-1.757054209709167480e+00
-6.296741962432861328e-01,-3.964091300964355469e+00,-1.004471015930175781e+01,-1.242007315158843994e-01,-2.857270479202270508e+00,-3.344165980815887451e-01,-3.044648170471191406e-01,-1.626047492027282715e+00
-5.888010263442993164e-01,-3.984648704528808594e+00,-9.978784561157226562e+00,-1.315038502216339111e-01,-2.839296579360961914e+00,-3.955200910568237305e-01,-3.641266226768493652e-01,-1.755590915679931641e+00
-7.632975578308105469e-01,-3.976838827133178711e+00,-1.027293300628662109e+01,-9.486851096153259277e-02,-2.823249101638793945e+00,-1.467190980911254883e-01,-1.204159259796142578e-01,-1.677703499794006348e+00
-7.104325294494628906e-01,-3.977853059768676758e+00,-1.017526149749755859e+01,-1.047484576702117920e-01,-2.826522350311279297e+00,-1.893646121025085449e-01,-1.870486140251159668e-01,-1.675290584564208984e+00
-6.101565361022949219e-01,-3.917059659957885742e+00,-1.001855945587158203e+01,-8.924368023872375488e-02,-2.857550859451293945e+00,-2.883367240428924561e-01,-2.349157333374023438e-01,-1.663757085800170898e+00
-5.652818679809570312e-01,-3.963968753814697266e+00,-9.962114334106445312e+00,-1.290633380413055420e-01,-2.844563007354736328e+00,-6.404427289962768555e-01,-3.757339119911193848e-01,-1.617394804954528809e+00
-4.531300961971282959e-01,-3.850100040435791016e+00,-9.771280288696289062e+00,-7.183954119682312012e-02,-2.871361732482910156e+00,-4.651796817779541016e-01,-3.474315404891967773e-01,-1.866592645645141602e+00
-3.728316128253936768e-01,-3.838571071624755859e+00,-9.669525146484375000e+00,-6.419816613197326660e-02,-2.882124423980712891e+00,-6.143532991409301758e-01,-3.962538242340087891e-01,-1.931800365447998047e+00
-4.858677685260772705e-01,-3.820781469345092773e+00,-9.840587615966796875e+00,-4.490891098976135254e-02,-2.886948585510253906e+00,-3.738422691822052002e-01,-2.447747588157653809e-01,-1.809703946113586426e+00
-4.457576572895050049e-01,-3.758560419082641602e+00,-9.730094909667968750e+00,-1.447442173957824707e-02,-2.873523712158203125e+00,-3.410505652427673340e-01,-1.829357743263244629e-01,-1.592729091644287109e+00
-5.367480516433715820e-01,-3.783730745315551758e+00,-9.860179901123046875e+00,-8.304893970489501953e-03,-2.853711128234863281e+00,5.294936895370483398e-02,-1.168856024742126465e-01,-1.944890260696411133e+00
-4.100947678089141846e-01,-3.775532007217407227e+00,-9.675463676452636719e+00,-3.377512097358703613e-02,-2.885107278823852539e+00,-3.455921709537506104e-01,-2.745240926742553711e-01,-1.745589733123779297e+00
-4.128163158893585205e-01,-4.107815265655517578e+00,-9.950456619262695312e+00,-2.106625735759735107e-01,-2.934663534164428711e+00,-1.688878178596496582e+00,-7.032593488693237305e-01,-1.679716229438781738e+00
-6.523588895797729492e-01,-4.138753890991210938e+00,-1.027175807952880859e+01,-2.131261527538299561e-01,-2.895152568817138672e+00,-1.193734407424926758e+00,-5.090911984443664551e-01,-1.600530862808227539e+00
-5.951071977615356445e-01,-4.055262088775634766e+00,-1.020460700988769531e+01,-1.471252739429473877e-01,-2.920707464218139648e+00,-1.068286418914794922e+00,-3.826744556427001953e-01,-1.649445652961730957e+00
-5.497291088104248047e-01,-3.958620309829711914e+00,-1.011136054992675781e+01,-1.062571108341217041e-01,-2.922583103179931641e+00,-1.017770171165466309e+00,-3.421989083290100098e-01,-1.753950357437133789e+00
-6.094440221786499023e-01,-3.973551750183105469e+00,-1.021183872222900391e+01,-1.129229962825775146e-01,-2.926961660385131836e+00,-9.349268078804016113e-01,-3.131843209266662598e-01,-1.769773125648498535e+00
-5.159889459609985352e-01,-3.915863037109375000e+00,-1.004824829101562500e+01,-9.387949109077453613e-02,-2.943113088607788086e+00,-9.884739518165588379e-01,-3.382321000099182129e-01,-1.707874417304992676e+00
-5.093014240264892578e-01,-3.868963241577148438e+00,-1.002046585083007812e+01,-6.457111239433288574e-02,-2.943906545639038086e+00,-8.570953607559204102e-01,-2.690904736518859863e-01,-1.705831170082092285e+00
-5.001170635223388672e-01,-3.886473894119262695e+00,-1.000851821899414062e+01,-7.788768410682678223e-02,-2.945952177047729492e+00,-9.313540458679199219e-01,-3.040919899940490723e-01,-1.646805644035339355e+00
-4.913881719112396240e-01,-3.897622585296630859e+00,-1.000654220581054688e+01,-7.944837212562561035e-02,-2.938030242919921875e+00,-1.008180856704711914e+00,-3.171740174293518066e-01,-1.677855372428894043e+00
-5.135445594787597656e-01,-3.960578441619873047e+00,-1.002975654602050781e+01,-1.209613382816314697e-01,-2.928672790527343750e+00,-1.031058669090270996e+00,-4.016523361206054688e-01,-1.675226211547851562e+00
-4.818367063999176025e-01,-3.924615859985351562e+00,-9.992860794067382812e+00,-9.888425469398498535e-02,-2.929836750030517578e+00,-1.086570501327514648e+00,-3.818406462669372559e-01,-1.741622686386108398e+00
-4.778052270412445068e-01,-3.840903043746948242e+00,-9.920374870300292969e+00,-7.536503672599792480e-02,-2.955691576004028320e+00,-7.883682847023010254e-01,-3.191632032394409180e-01,-1.592656254768371582e+00
-3.034314215183258057e-01,-3.846888542175292969e+00,-9.658018112182617188e+00,-9.792169928550720215e-02,-2.960502386093139648e+00,-1.159994125366210938e+00,-5.320308208465576172e-01,-1.716003179550170898e+00
-2.342139780521392822e-01,-3.895080327987670898e+00,-9.572257041931152344e+00,-1.115225255489349365e-01,-2.926166296005249023e+00,-1.414307236671447754e+00,-6.312250494956970215e-01,-1.881586551666259766e+00
-2.831398546695709229e-01,-3.833572864532470703e+00,-9.588160514831542969e+00,-7.425752282142639160e-02,-2.901574850082397461e+00,-1.192335367202758789e+00,-4.803429543972015381e-01,-1.656436681747436523e+00
-1.197954118251800537e-01,-4.492161273956298828e+00,-9.369462013244628906e+00,-9.549596309661865234e-01,-3.727636575698852539e+00,-1.862845420837402344e+00,-2.750365734100341797e+00,-1.748631596565246582e-01
1.020520925521850586e-02,-4.421011447906494141e+00,-9.191313743591308594e+00,-9.065989255905151367e-01,-3.773084640502929688e+00,-1.845671415328979492e+00,-2.720463514328002930e+00,-1.936887651681900024e-01
-4.980531334877014160e-02,-4.464852333068847656e+00,-9.285616874694824219e+00,-8.918405771255493164e-01,-3.721266746520996094e+00,-1.768779516220092773e+00,-2.615708351135253906e+00,-1.802325397729873657e-01
-4.158288240432739258e-02,-4.466467380523681641e+00,-9.268118858337402344e+00,-9.120670557022094727e-01,-3.747812509536743164e+00,-1.780829906463623047e+00,-2.673504829406738281e+00,-1.236902177333831787e-01
5.170342326164245605e-02,-4.384560108184814453e+00,-9.040341377258300781e+00,-8.821675777435302734e-01,-3.697989463806152344e+00,-1.821645498275756836e+00,-2.686812400817871094e+00,-1.007252037525177002e-01
5.400702357292175293e-02,-4.379645824432373047e+00,-9.024204254150390625e+00,-9.038490056991577148e-01,-3.734598159790039062e+00,-1.787580728530883789e+00,-2.738514900207519531e+00,1.381511427462100983e-02
1.604039371013641357e-01,-4.351777076721191406e+00,-8.800802230834960938e+00,-9.576506614685058594e-01,-3.754114866256713867e+00,-1.951996326446533203e+00,-3.009322881698608398e+00,-1.430735141038894653e-01
6.444901227951049805e-02,-4.337578773498535156e+00,-8.938404083251953125e+00,-9.303156137466430664e-01,-3.735948801040649414e+00,-1.736088991165161133e+00,-2.849587440490722656e+00,-4.671490564942359924e-02
2.266151309013366699e-01,-4.497335433959960938e+00,-8.819664001464843750e+00,-9.863632917404174805e-01,-3.805732965469360352e+00,-2.140878677368164062e+00,-3.070687770843505859e+00,-7.182446122169494629e-02
1.772987544536590576e-01,-4.467722415924072266e+00,-8.900354385375976562e+00,-9.435933828353881836e-01,-3.786678075790405273e+00,-2.032633781433105469e+00,-2.906698226928710938e+00,2.785977348685264587e-02
7.358987629413604736e-02,-4.405241966247558594e+00,-8.976551055908203125e+00,-9.729562997817993164e-01,-3.815008401870727539e+00,-1.678451061248779297e+00,-2.943539857864379883e+00,-3.549707680940628052e-02
1.480082571506500244e-01,-4.492603302001953125e+00,-8.937297821044921875e+00,-9.838138818740844727e-01,-3.839294672012329102e+00,-1.866277456283569336e+00,-2.984137058258056641e+00,4.354949295520782471e-02
1.432252973318099976e-01,-4.341377258300781250e+00,-8.790377616882324219e+00,-9.651436805725097656e-01,-3.763165712356567383e+00,-1.818117618560791016e+00,-3.004605531692504883e+00,-1.759618707001209259e-02
7.301074266433715820e-02,-4.380454540252685547e+00,-8.941068649291992188e+00,-9.490274190902709961e-01,-3.762109518051147461e+00,-1.681507110595703125e+00,-2.885269641876220703e+00,-2.059733867645263672e-02
4.216010868549346924e-02,-4.389155864715576172e+00,-8.995082855224609375e+00,-9.117364883422851562e-01,-3.732027053833007812e+00,-1.532285094261169434e+00,-2.740449190139770508e+00,1.086042076349258423e-02
1.666069030761718750e-02,-3.809537172317504883e+00,-8.673261642456054688e+00,-4.644642770290374756e-01,-3.237272262573242188e+00,-9.929846525192260742e-01,-1.384737133979797363e+00,2.313022136688232422e+00
-1.588112115859985352e-02,-3.782779455184936523e+00,-8.696571350097656250e+00,-3.717236816883087158e-01,-3.090370893478393555e+00,-1.129639625549316406e+00,-1.179322481155395508e+00,1.746149301528930664e+00
-8.922380208969116211e-02,-3.817450284957885742e+00,-8.947371482849121094e+00,-2.529395520687103271e-01,-3.032170534133911133e+00,-1.283155918121337891e+00,-8.418684005737304688e-01,1.090212106704711914e+00
-1.176971495151519775e-01,-3.896438837051391602e+00,-9.083466529846191406e+00,-2.468157708644866943e-01,-3.014707326889038086e+00,-1.516152620315551758e+00,-8.222985267639160156e-01,7.217637896537780762e-01
6.071281433105468750e-02,-3.755397796630859375e+00,-8.703274726867675781e+00,-2.529256045818328857e-01,-3.069230556488037109e+00,-1.441652894020080566e+00,-9.722113013267517090e-01,1.105795860290527344e+00
-3.621405363082885742e-02,-3.781212568283081055e+00,-8.912764549255371094e+00,-1.760445535182952881e-01,-3.006922245025634766e+00,-1.353461027145385742e+00,-7.069605588912963867e-01,7.349009513854980469e-01
8.228203654289245605e-02,-3.774051189422607422e+00,-8.653988838195800781e+00,-2.123756110668182373e-01,-2.964614629745483398e+00,-1.607759475708007812e+00,-9.204331636428833008e-01,6.925131678581237793e-01
1.029630303382873535e-01,-3.746764183044433594e+00,-8.631645202636718750e+00,-1.881853640079498291e-01,-2.973520755767822266e+00,-1.577177524566650391e+00,-8.706446886062622070e-01,6.964420080184936523e-01
1.925774514675140381e-01,-3.610053062438964844e+00,-8.309272766113281250e+00,-2.461214363574981689e-01,-3.027249097824096680e+00,-1.254422187805175781e+00,-1.063590407371520996e+00,1.444179058074951172e+00
1.065197139978408813e-01,-3.680938005447387695e+00,-8.562014579772949219e+00,-2.201062738895416260e-01,-3.013586997985839844e+00,-1.424424648284912109e+00,-9.464569687843322754e-01,1.064437627792358398e+00
1.650208532810211182e-01,-3.663015842437744141e+00,-8.543105125427246094e+00,-1.272471845149993896e-01,-2.990430593490600586e+00,-1.499614238739013672e+00,-7.579315304756164551e-01,7.173949480056762695e-01
1.576502174139022827e-01,-3.671777725219726562e+00,-8.458837509155273438e+00,-1.891278326511383057e-01,-2.978446960449218750e+00,-1.355287909507751465e+00,-8.954479098320007324e-01,1.033317446708679199e+00
1.663522273302078247e-01,-3.657707691192626953e+00,-8.382713317871093750e+00,-2.277760803699493408e-01,-2.991836309432983398e+00,-1.312696218490600586e+00,-9.998165369033813477e-01,1.227647781372070312e+00
1.663431823253631592e-01,-3.603570699691772461e+00,-8.484150886535644531e+00,-1.100786030292510986e-01,-2.970566987991333008e+00,-1.347339510917663574e+00,-7.393371462821960449e-01,6.272010803222656250e-01
1.431982517242431641e-01,-3.611133337020874023e+00,-8.428466796875000000e+00,-1.453007161617279053e-01,-2.939838409423828125e+00,-1.267954349517822266e+00,-7.844135761260986328e-01,1.000887274742126465e+00
-2.125074565410614014e-01,-3.704751729965209961e+00,-9.273218154907226562e+00,-3.588113188743591309e-02,-2.780705690383911133e+00,-1.160079956054687500e+00,-4.393215179443359375e-01,-1.293502449989318848e+00
8.477227389812469482e-02,-3.361202716827392578e+00,-8.589447975158691406e+00,1.084178090095520020e-01,-2.796706914901733398e+00,-6.597625613212585449e-01,-2.927743792533874512e-01,-9.201015233993530273e-01
1.478133499622344971e-01,-3.331361055374145508e+00,-8.434692382812500000e+00,9.805956482887268066e-02,-2.780923128128051758e+00,-7.292317152023315430e-01,-3.798651099205017090e-01,-8.755448460578918457e-01
1.971016824245452881e-01,-3.324439525604248047e+00,-8.365270614624023438e+00,1.007050573825836182e-01,-2.781945228576660156e+00,-8.271201252937316895e-01,-4.166156053543090820e-01,-9.139576554298400879e-01
2.015003859996795654e-01,-3.286055088043212891e+00,-8.354715347290039062e+00,1.391015946865081787e-01,-2.748898029327392578e+00,-8.123916983604431152e-01,-3.330602049827575684e-01,-1.004704833030700684e+00
2.663257718086242676e-01,-3.234604120254516602e+00,-8.206434249877929688e+00,1.426343917846679688e-01,-2.766906499862670898e+00,-7.801048159599304199e-01,-3.691155314445495605e-01,-8.521279096603393555e-01
3.780046701431274414e-01,-3.216054677963256836e+00,-7.994241237640380859e+00,1.394780576229095459e-01,-2.779593944549560547e+00,-8.032827973365783691e-01,-4.490278661251068115e-01,-7.320407032966613770e-01
3.523660302162170410e-01,-3.221987009048461914e+00,-8.068778991699218750e+00,1.574559509754180908e-01,-2.798239469528198242e+00,-6.700201630592346191e-01,-3.751744627952575684e-01,-8.042538762092590332e-01
4.656972289085388184e-01,-3.192388772964477539e+00,-7.883621215820312500e+00,1.366213262081146240e-01,-2.842704534530639648e+00,-8.393315076828002930e-01,-5.252204537391662598e-01,-7.513048648834228516e-01
4.132103025913238525e-01,-3.168049812316894531e+00,-7.924358844757080078e+00,1.689836978912353516e-01,-2.802491664886474609e+00,-6.436251997947692871e-01,-3.868074417114257812e-01,-6.504012942314147949e-01
5.364611148834228516e-01,-3.223395824432373047e+00,-7.748442173004150391e+00,1.165780425071716309e-01,-2.833769083023071289e+00,-9.155907034873962402e-01,-6.146839857101440430e-01,-6.660440564155578613e-01
5.200382471084594727e-01,-3.145450115203857422e+00,-7.727321147918701172e+00,1.537728905677795410e-01,-2.818525552749633789e+00,-7.584223151206970215e-01,-5.139287710189819336e-01,-6.070409417152404785e-01
5.576097965240478516e-01,-3.091596364974975586e+00,-7.612936019897460938e+00,1.709890067577362061e-01,-2.822715520858764648e+00,-6.144903898239135742e-01,-4.888963401317596436e-01,-4.640661776065826416e-01
5.181624889373779297e-01,-3.133974075317382812e+00,-7.715607166290283203e+00,1.866083145141601562e-01,-2.793824911117553711e+00,-6.274148821830749512e-01,-4.089174866676330566e-01,-5.518592596054077148e-01
4.556457698345184326e-01,-3.183335065841674805e+00,-7.834509372711181641e+00,1.541340053081512451e-01,-2.811193943023681641e+00,-6.239706277847290039e-01,-4.395087659358978271e-01,-5.374510884284973145e-01
-5.811258554458618164e-01,-4.044386863708496094e+00,-1.012606620788574219e+01,-1.842428743839263916e-01,-2.884817123413085938e+00,-1.139136314392089844e+00,-5.530921816825866699e-01,-1.974401593208312988e+00
-4.586562216281890869e-01,-3.877135276794433594e+00,-9.862452507019042969e+00,-1.052487790584564209e-01,-2.907948493957519531e+00,-9.457766413688659668e-01,-4.318770170211791992e-01,-1.716060280799865723e+00
-3.166702687740325928e-01,-3.785595655441284180e+00,-9.620874404907226562e+00,-7.137313485145568848e-02,-2.933958768844604492e+00,-9.892803430557250977e-01,-4.669506549835205078e-01,-1.728070378303527832e+00
-1.342020034790039062e-01,-3.720108270645141602e+00,-9.303442955017089844e+00,-5.906578898429870605e-02,-2.939286947250366211e+00,-1.220568299293518066e+00,-5.860482454299926758e-01,-1.677727341651916504e+00
1.148329675197601318e-01,-3.616198062896728516e+00,-8.869589805603027344e+00,-2.633556723594665527e-02,-2.928729772567749023e+00,-1.547273397445678711e+00,-7.138123512268066406e-01,-1.652435541152954102e+00
9.981215000152587891e-02,-3.623542070388793945e+00,-8.838184356689453125e+00,-5.060687661170959473e-02,-2.914599895477294922e+00,-1.457917213439941406e+00,-7.683846354484558105e-01,-1.621177315711975098e+00
1.520006954669952393e-01,-3.521528005599975586e+00,-8.686186790466308594e+00,2.173969149589538574e-02,-2.895150184631347656e+00,-1.132359862327575684e+00,-6.068149805068969727e-01,-1.518141031265258789e+00
2.287457883358001709e-02,-3.646607160568237305e+00,-8.983302116394042969e+00,-1.221045851707458496e-02,-2.879984140396118164e+00,-1.290844202041625977e+00,-5.877038240432739258e-01,-1.638708591461181641e+00
-6.780105829238891602e-02,-3.608818769454956055e+00,-9.054368019104003906e+00,9.605616331100463867e-03,-2.867063999176025391e+00,-8.659137487411499023e-01,-4.468985795974731445e-01,-1.515352249145507812e+00
1.392145454883575439e-02,-3.547858476638793945e+00,-8.924604415893554688e+00,2.907833456993103027e-02,-2.874012231826782227e+00,-1.000421404838562012e+00,-4.813498854637145996e-01,-1.568681359291076660e+00
-2.665731310844421387e-02,-3.519055843353271484e+00,-8.952799797058105469e+00,3.370809555053710938e-02,-2.890165805816650391e+00,-7.861542701721191406e-01,-4.282815754413604736e-01,-1.444214224815368652e+00
5.745126307010650635e-02,-3.481940031051635742e+00,-8.784044265747070312e+00,5.039840936660766602e-02,-2.866741895675659180e+00,-8.430383205413818359e-01,-4.550022482872009277e-01,-1.435370206832885742e+00
7.211290299892425537e-02,-3.425810337066650391e+00,-8.745779991149902344e+00,7.686111330986022949e-02,-2.870396375656127930e+00,-7.739064097404479980e-01,-4.070144891738891602e-01,-1.439615011215209961e+00
1.811171174049377441e-01,-3.336401224136352539e+00,-8.507104873657226562e+00,9.607556462287902832e-02,-2.877185821533203125e+00,-7.494600415229797363e-01,-4.499945640563964844e-01,-1.341065645217895508e+00
2.060948759317398071e-01,-3.340934276580810547e+00,-8.478017807006835938e+00,8.538049459457397461e-02,-2.893490791320800781e+00,-8.110951185226440430e-01,-4.995301067829132080e-01,-1.351898670196533203e+00
-4.870399832725524902e-02,-3.636306285858154297e+00,-9.099565505981445312e+00,-6.701737642288208008e-03,-2.875828027725219727e+00,-1.304467678070068359e+00,-5.107495784759521484e-01,-1.486825346946716309e+00
4.928576946258544922e-02,-3.597249031066894531e+00,-8.949501037597656250e+00,2.392768859863281250e-02,-2.888513326644897461e+00,-1.315495014190673828e+00,-5.001313686370849609e-01,-1.479946613311767578e+00
1.047488600015640259e-01,-3.492472648620605469e+00,-8.753190994262695312e+00,5.343884229660034180e-02,-2.873479843139648438e+00,-1.103338479995727539e+00,-4.710371792316436768e-01,-1.329306125640869141e+00
-5.385589599609375000e-02,-3.569896936416625977e+00,-9.060173988342285156e+00,1.975670456886291504e-02,-2.876784563064575195e+00,-1.136103987693786621e+00,-4.356248378753662109e-01,-1.362175464630126953e+00
-6.960862874984741211e-02,-3.554139614105224609e+00,-9.062587738037109375e+00,2.988973259925842285e-02,-2.858415842056274414e+00,-1.067992091178894043e+00,-4.013286232948303223e-01,-1.371507287025451660e+00
6.108075380325317383e-03,-3.323424100875854492e+00,-8.837096214294433594e+00,1.461048722267150879e-01,-2.865258455276489258e+00,-6.424288153648376465e-01,-1.614503860473632812e-01,-1.162276744842529297e+00
1.319977194070816040e-01,-3.474333763122558594e+00,-8.671866416931152344e+00,5.450883507728576660e-02,-2.848187923431396484e+00,-1.154942750930786133e+00,-4.906927943229675293e-01,-1.255140781402587891e+00
2.115385681390762329e-01,-3.484413862228393555e+00,-8.515480995178222656e+00,1.944157481193542480e-02,-2.835182905197143555e+00,-1.377951145172119141e+00,-6.581220030784606934e-01,-1.263584733009338379e+00
6.498117744922637939e-02,-3.521387338638305664e+00,-8.782918930053710938e+00,2.628293633460998535e-02,-2.845726251602172852e+00,-1.133550524711608887e+00,-5.105677843093872070e-01,-1.266914367675781250e+00
-3.823637962341308594e-03,-3.469726562500000000e+00,-8.881936073303222656e+00,7.511103153228759766e-02,-2.824863433837890625e+00,-9.239426851272583008e-01,-3.347434997558593750e-01,-1.289829969406127930e+00
6.978192925453186035e-02,-3.404843330383300781e+00,-8.689936637878417969e+00,8.170697093009948730e-02,-2.813933610916137695e+00,-8.807358741760253906e-01,-3.859285712242126465e-01,-1.225622534751892090e+00
2.947299182415008545e-02,-3.442185163497924805e+00,-8.742479324340820312e+00,6.780388951301574707e-02,-2.781032800674438477e+00,-9.114279747009277344e-01,-3.863670825958251953e-01,-1.205889105796813965e+00
9.127622842788696289e-02,-3.415902376174926758e+00,-8.654907226562500000e+00,5.659535527229309082e-02,-2.845741748809814453e+00,-9.191880822181701660e-01,-4.593175947666168213e-01,-1.128530383110046387e+00
1.920528560876846313e-01,-3.318357706069946289e+00,-8.404838562011718750e+00,8.771988749504089355e-02,-2.813462018966674805e+00,-8.816357851028442383e-01,-4.721060097217559814e-01,-1.070405721664428711e+00
2.735276222229003906e-01,-3.250680923461914062e+00,-8.252235412597656250e+00,1.413421928882598877e-01,-2.789288759231567383e+00,-8.370426893234252930e-01,-3.971172571182250977e-01,-1.085338354110717773e+00
-4.115982353687286377e-01,-3.941688060760498047e+00,-9.952832221984863281e+00,-1.066705882549285889e-01,-2.925178289413452148e+00,-1.627131462097167969e+00,-4.621537923812866211e-01,-1.690706253051757812e+00
-3.234516084194183350e-01,-3.948558092117309570e+00,-9.782334327697753906e+00,-1.248084604740142822e-01,-2.898679733276367188e+00,-1.821678876876831055e+00,-5.842843055725097656e-01,-1.687484622001647949e+00
-2.327219545841217041e-01,-3.888630151748657227e+00,-9.625512123107910156e+00,-7.868441939353942871e-02,-2.889467716217041016e+00,-1.787962913513183594e+00,-5.352036952972412109e-01,-1.714472770690917969e+00
-3.480426371097564697e-01,-3.915485382080078125e+00,-9.803765296936035156e+00,-8.387753367424011230e-02,-2.870125532150268555e+00,-1.600182056427001953e+00,-4.682248532772064209e-01,-1.832210421562194824e+00
-2.729981839656829834e-01,-3.836019754409790039e+00,-9.658167839050292969e+00,-4.937896132469177246e-02,-2.901945829391479492e+00,-1.419088125228881836e+00,-4.397751390933990479e-01,-1.834872484207153320e+00
-2.761720716953277588e-01,-3.921395540237426758e+00,-9.658625602722167969e+00,-1.139569580554962158e-01,-2.883258581161499023e+00,-1.653176188468933105e+00,-6.050873994827270508e-01,-1.817986011505126953e+00
-1.309423446655273438e-01,-3.841796159744262695e+00,-9.434674263000488281e+00,-7.360509037971496582e-02,-2.897716760635375977e+00,-1.709495902061462402e+00,-6.414641141891479492e-01,-2.028938055038452148e+00
-2.038983702659606934e-01,-3.819166183471679688e+00,-9.540881156921386719e+00,-4.934337735176086426e-02,-2.887385368347167969e+00,-1.594815492630004883e+00,-5.065305233001708984e-01,-1.868289351463317871e+00
-1.812196969985961914e-01,-3.820434093475341797e+00,-9.473428726196289062e+00,-4.992464184761047363e-02,-2.862757205963134766e+00,-1.664135456085205078e+00,-5.066282153129577637e-01,-1.675385236740112305e+00
-1.901450157165527344e-01,-3.784009933471679688e+00,-9.476085662841796875e+00,-3.149554133415222168e-02,-2.889925003051757812e+00,-1.498174428939819336e+00,-4.370353519916534424e-01,-1.547882080078125000e+00
-2.572655379772186279e-01,-3.861445188522338867e+00,-9.604462623596191406e+00,-7.308939099311828613e-02,-2.876103162765502930e+00,-1.577640652656555176e+00,-4.995851218700408936e-01,-1.652762532234191895e+00
-2.149586975574493408e-01,-3.832447767257690430e+00,-9.561960220336914062e+00,-6.171485781669616699e-02,-2.903781175613403320e+00,-1.612573981285095215e+00,-5.146322846412658691e-01,-1.734536767005920410e+00
-2.695215642452239990e-01,-3.799372434616088867e+00,-9.640967369079589844e+00,-2.240505814552307129e-02,-2.879570484161376953e+00,-1.433745384216308594e+00,-3.756313920021057129e-01,-1.801412940025329590e+00
-4.276494085788726807e-01,-3.779157638549804688e+00,-9.802814483642578125e+00,-4.693895578384399414e-03,-2.851313352584838867e+00,-9.723595976829528809e-01,-1.691860556602478027e-01,-1.461473584175109863e+00
4.645015299320220947e-02,-3.705518722534179688e+00,-9.068204879760742188e+00,-3.218206763267517090e-02,-2.922528982162475586e+00,-1.790347099304199219e+00,-6.335896253585815430e-01,-1.458654522895812988e+00
-9.024317264556884766e-01,-4.241505622863769531e+00,-1.086915779113769531e+01,-2.936841547489166260e-01,-3.009284734725952148e+00,-1.473841786384582520e+00,-5.714551806449890137e-01,-1.898164391517639160e+00
-7.258884906768798828e-01,-4.200834274291992188e+00,-1.057538604736328125e+01,-2.821225821971893311e-01,-3.003726959228515625e+00,-1.705614089965820312e+00,-6.891763806343078613e-01,-1.939973831176757812e+00
-3.877174556255340576e-01,-4.114420413970947266e+00,-1.000017642974853516e+01,-2.649619281291961670e-01,-3.010710239410400391e+00,-2.162450075149536133e+00,-9.047173857688903809e-01,-1.774963140487670898e+00
-3.933772146701812744e-01,-4.058365345001220703e+00,-9.983965873718261719e+00,-2.528744041919708252e-01,-3.042983293533325195e+00,-2.034071922302246094e+00,-8.628478050231933594e-01,-1.615619540214538574e+00
-3.754234015941619873e-01,-4.025780677795410156e+00,-9.961040496826171875e+00,-2.414999306201934814e-01,-3.048593282699584961e+00,-2.081340312957763672e+00,-8.612200021743774414e-01,-1.657972812652587891e+00
-5.603213310241699219e-01,-4.063083171844482422e+00,-1.028229236602783203e+01,-2.192668020725250244e-01,-3.022751092910766602e+00,-1.831532001495361328e+00,-6.434483528137207031e-01,-1.655526280403137207e+00
-5.967864990234375000e-01,-4.067533493041992188e+00,-1.030319499969482422e+01,-2.195853888988494873e-01,-3.006635189056396484e+00,-1.692758440971374512e+00,-6.018311977386474609e-01,-1.550904512405395508e+00
-2.706166207790374756e-01,-4.006339550018310547e+00,-9.759591102600097656e+00,-2.298364937305450439e-01,-3.027845859527587891e+00,-2.156197071075439453e+00,-9.005183577537536621e-01,-1.566816687583923340e+00
-3.166734278202056885e-01,-4.014750957489013672e+00,-9.881038665771484375e+00,-2.374760210514068604e-01,-3.046090841293334961e+00,-2.185565471649169922e+00,-9.168539047241210938e-01,-1.822021007537841797e+00
-2.160177230834960938e-01,-3.964904308319091797e+00,-9.659911155700683594e+00,-2.186101377010345459e-01,-3.021757602691650391e+00,-2.222592592239379883e+00,-9.354868531227111816e-01,-1.656286835670471191e+00
-5.227994918823242188e-01,-4.076090812683105469e+00,-1.019638156890869141e+01,-2.474161088466644287e-01,-3.030004978179931641e+00,-1.844388008117675781e+00,-7.501438856124877930e-01,-1.670170187950134277e+00
-3.365873992443084717e-01,-4.039654254913330078e+00,-9.939299583435058594e+00,-2.387094199657440186e-01,-3.044007301330566406e+00,-2.241233110427856445e+00,-8.969867229461669922e-01,-1.809918403625488281e+00
-4.256041944026947021e-01,-4.035437583923339844e+00,-1.006812381744384766e+01,-2.175844013690948486e-01,-3.030748128890991211e+00,-1.978941440582275391e+00,-7.663332819938659668e-01,-1.822754144668579102e+00
-2.986220419406890869e-01,-4.032036781311035156e+00,-9.876046180725097656e+00,-2.272262871265411377e-01,-3.031958103179931641e+00,-2.246773481369018555e+00,-9.014268517494201660e-01,-1.886966824531555176e+00
-3.278780281543731689e-01,-4.020733833312988281e+00,-9.896492958068847656e+00,-2.265684306621551514e-01,-3.026977777481079102e+00,-2.138036012649536133e+00,-8.779629468917846680e-01,-1.862525224685668945e+00
-2.506634891033172607e-01,-3.552456855773925781e+00,-9.389455795288085938e+00,1.483640074729919434e-02,-2.958953857421875000e+00,-5.573946237564086914e-01,-3.131213188171386719e-01,-1.540122389793395996e+00
-2.940319478511810303e-01,-3.643284082412719727e+00,-9.456555366516113281e+00,-3.292074799537658691e-02,-2.937928676605224609e+00,-6.333316564559936523e-01,-3.879649639129638672e-01,-1.493108034133911133e+00
-7.480347156524658203e-02,-3.594806671142578125e+00,-9.090770721435546875e+00,-4.617318511009216309e-02,-2.988604784011840820e+00,-8.715471029281616211e-01,-5.917255878448486328e-01,-1.388559937477111816e+00
-7.645130157470703125e-02,-3.622288227081298828e+00,-9.090354919433593750e+00,-7.136121392250061035e-02,-2.978315830230712891e+00,-9.602441787719726562e-01,-6.673943996429443359e-01,-1.458654642105102539e+00
-5.214798450469970703e-02,-3.616786003112792969e+00,-9.049044609069824219e+00,-6.715515255928039551e-02,-2.967086076736450195e+00,-1.037607669830322266e+00,-6.751585602760314941e-01,-1.434855341911315918e+00
-1.442791223526000977e-01,-3.670753717422485352e+00,-9.209533691406250000e+00,-9.555324912071228027e-02,-2.960578203201293945e+00,-1.017274141311645508e+00,-6.804048418998718262e-01,-1.487074494361877441e+00
-1.998185515403747559e-01,-3.668690204620361328e+00,-9.298183441162109375e+00,-7.553586363792419434e-02,-2.940785646438598633e+00,-9.046595096588134766e-01,-5.824546217918395996e-01,-1.507386445999145508e+00
-9.118661284446716309e-02,-3.599789381027221680e+00,-9.118759155273437500e+00,-4.967930912971496582e-02,-2.958439826965332031e+00,-9.706008434295654297e-01,-6.122061014175415039e-01,-1.531572580337524414e+00
-1.985222101211547852e-03,-3.603024959564208984e+00,-8.956031799316406250e+00,-7.051977515220642090e-02,-2.958976268768310547e+00,-1.121574878692626953e+00,-7.368070483207702637e-01,-1.496333241462707520e+00
3.273218870162963867e-03,-3.571843624114990234e+00,-8.896599769592285156e+00,-4.396167397499084473e-02,-2.924945116043090820e+00,-9.785623550415039062e-01,-6.622061729431152344e-01,-1.416163921356201172e+00
-2.742517888545989990e-01,-3.608992576599121094e+00,-9.333357810974121094e+00,-2.501514554023742676e-02,-2.906990051269531250e+00,-4.851706922054290771e-01,-3.624173402786254883e-01,-1.249981880187988281e+00
-1.616595983505249023e-01,-3.503215789794921875e+00,-9.159823417663574219e+00,2.318757772445678711e-02,-2.932293891906738281e+00,-5.287570953369140625e-01,-3.495944142341613770e-01,-1.343228340148925781e+00
-2.125662863254547119e-01,-3.494577884674072266e+00,-9.257513999938964844e+00,4.185217618942260742e-02,-2.936690807342529297e+00,-4.364021420478820801e-01,-2.560336589813232422e-01,-1.326254367828369141e+00
-1.641704738140106201e-01,-3.467858552932739258e+00,-9.183823585510253906e+00,6.035208702087402344e-02,-2.914966344833374023e+00,-5.567826032638549805e-01,-2.626433968544006348e-01,-1.423024892807006836e+00
-1.922151446342468262e-01,-3.536153793334960938e+00,-9.213615417480468750e+00,1.231566071510314941e-02,-2.902804613113403320e+00,-6.494521498680114746e-01,-3.512538075447082520e-01,-1.310540914535522461e+00
-5.326097011566162109e-01,-3.785577774047851562e+00,-1.000311088562011719e+01,-5.626770853996276855e-02,-3.028633832931518555e+00,-4.436930119991302490e-01,-2.079994082450866699e-01,-1.420691728591918945e+00
-1.644726395606994629e-01,-3.739264488220214844e+00,-9.411021232604980469e+00,-8.957347273826599121e-02,-3.040744304656982422e+00,-1.193308472633361816e+00,-6.207389831542968750e-01,-1.521846055984497070e+00
-1.895138323307037354e-01,-3.763234853744506836e+00,-9.463628768920898438e+00,-1.027599871158599854e-01,-3.038441419601440430e+00,-1.292327761650085449e+00,-6.275373697280883789e-01,-1.435484051704406738e+00
-1.141312420368194580e-01,-3.765807390213012695e+00,-9.360320091247558594e+00,-1.256673634052276611e-01,-3.061741352081298828e+00,-1.430184721946716309e+00,-7.727756500244140625e-01,-1.632756471633911133e+00
-1.439018249511718750e-01,-3.782686471939086914e+00,-9.408658027648925781e+00,-1.285948455333709717e-01,-3.062427520751953125e+00,-1.407575845718383789e+00,-7.384522557258605957e-01,-1.504961729049682617e+00
-1.417635381221771240e-01,-3.780831336975097656e+00,-9.446033477783203125e+00,-1.067011058330535889e-01,-3.062134504318237305e+00,-1.403439998626708984e+00,-6.950587630271911621e-01,-1.691132426261901855e+00
-2.343462407588958740e-01,-3.746269702911376953e+00,-9.558385848999023438e+00,-8.107641339302062988e-02,-3.059807300567626953e+00,-1.117096662521362305e+00,-5.391692519187927246e-01,-1.520873069763183594e+00
-6.156814098358154297e-02,-3.712702512741088867e+00,-9.295597076416015625e+00,-9.084621071815490723e-02,-3.086904764175415039e+00,-1.386573791503906250e+00,-7.283936738967895508e-01,-1.687919259071350098e+00
-1.187678277492523193e-01,-3.702906847000122070e+00,-9.344296455383300781e+00,-7.999709248542785645e-02,-3.054243087768554688e+00,-1.249687790870666504e+00,-6.479758620262145996e-01,-1.593155145645141602e+00
-1.362669169902801514e-01,-3.703555107116699219e+00,-9.382598876953125000e+00,-7.867881655693054199e-02,-3.059253692626953125e+00,-1.245460033416748047e+00,-6.316890716552734375e-01,-1.598274827003479004e+00
1.778817176818847656e-02,-3.660163879394531250e+00,-9.098201751708984375e+00,-6.805846095085144043e-02,-3.026878118515014648e+00,-1.467215895652770996e+00,-7.393049001693725586e-01,-1.629489183425903320e+00
-1.252836287021636963e-01,-3.652162075042724609e+00,-9.373853683471679688e+00,-4.863545298576354980e-02,-3.080417394638061523e+00,-1.175820231437683105e+00,-5.638395547866821289e-01,-1.579772949218750000e+00
-9.418103098869323730e-02,-3.645324707031250000e+00,-9.284681320190429688e+00,-3.632250428199768066e-02,-3.041790008544921875e+00,-1.155752182006835938e+00,-5.477322340011596680e-01,-1.527161359786987305e+00
-9.243375062942504883e-02,-3.622928857803344727e+00,-9.231127738952636719e+00,-3.880432248115539551e-02,-3.025933980941772461e+00,-1.097019433975219727e+00,-5.565576553344726562e-01,-1.445890188217163086e+00
4.246616363525390625e-02,-3.589009761810302734e+00,-9.031275749206542969e+00,-3.545573353767395020e-02,-3.029228210449218750e+00,-1.437370896339416504e+00,-6.677483320236206055e-01,-1.455168485641479492e+00
-5.328083038330078125e-01,-3.812224388122558594e+00,-1.000741481781005859e+01,-9.061238169670104980e-02,-2.965759038925170898e+00,-9.855480194091796875e-01,-3.240985274314880371e-01,-1.381217956542968750e+00
-4.574353396892547607e-01,-3.811508655548095703e+00,-9.871384620666503906e+00,-1.059398949146270752e-01,-2.980205059051513672e+00,-1.066755294799804688e+00,-4.142193198204040527e-01,-1.293962001800537109e+00
-4.040845930576324463e-01,-3.682037591934204102e+00,-9.696461677551269531e+00,-8.730974793434143066e-02,-3.014595746994018555e+00,-8.608953356742858887e-01,-4.240501821041107178e-01,-1.151308298110961914e+00
-3.950798511505126953e-02,-3.621946573257446289e+00,-9.103817939758300781e+00,-1.498621404170989990e-01,-3.153845071792602539e+00,-1.210909247398376465e+00,-8.849668502807617188e-01,-1.114476680755615234e+00
4.813581705093383789e-03,-3.482233285903930664e+00,-9.005973815917968750e+00,-5.821493268013000488e-02,-3.091395139694213867e+00,-1.262093067169189453e+00,-7.187357544898986816e-01,-1.214153766632080078e+00
6.972634792327880859e-02,-3.530609130859375000e+00,-8.947249412536621094e+00,-9.658458828926086426e-02,-3.179482698440551758e+00,-1.240043163299560547e+00,-8.421774506568908691e-01,-1.162090420722961426e+00
-6.645888090133666992e-03,-3.542220115661621094e+00,-9.072435379028320312e+00,-1.302472054958343506e-01,-3.219410657882690430e+00,-1.165470600128173828e+00,-8.781243562698364258e-01,-1.141977906227111816e+00
4.888147115707397461e-02,-3.648365020751953125e+00,-8.962027549743652344e+00,-2.263416349887847900e-01,-3.229034900665283203e+00,-1.381279945373535156e+00,-1.164691209793090820e+00,-1.111297965049743652e+00
4.241164028644561768e-02,-3.613069057464599609e+00,-9.012242317199707031e+00,-2.048297226428985596e-01,-3.289200782775878906e+00,-1.253899335861206055e+00,-1.098012447357177734e+00,-1.097829461097717285e+00
6.659591197967529297e-02,-3.606638669967651367e+00,-8.990582466125488281e+00,-1.933424174785614014e-01,-3.275089025497436523e+00,-1.351783514022827148e+00,-1.099011421203613281e+00,-1.197262167930603027e+00
2.200976461172103882e-01,-3.684784173965454102e+00,-8.812696456909179688e+00,-2.780731022357940674e-01,-3.408438920974731445e+00,-1.584550857543945312e+00,-1.407992243766784668e+00,-1.074206829071044922e+00
3.100828826427459717e-02,-3.597991704940795898e+00,-9.011707305908203125e+00,-1.696629226207733154e-01,-3.218780755996704102e+00,-1.297421693801879883e+00,-1.002336502075195312e+00,-1.127922773361206055e+00
-6.223785877227783203e-02,-3.559327125549316406e+00,-9.151100158691406250e+00,-1.608481109142303467e-01,-3.261233568191528320e+00,-9.980143904685974121e-01,-9.089819192886352539e-01,-1.090986490249633789e+00
-3.422275185585021973e-02,-3.693437337875366211e+00,-9.171117782592773438e+00,-2.455717027187347412e-01,-3.355023622512817383e+00,-1.069766283035278320e+00,-1.102427244186401367e+00,-9.450449943542480469e-01
-1.069333553314208984e-01,-3.467427015304565430e+00,-9.143925666809082031e+00,-9.987935423851013184e-02,-3.177235841751098633e+00,-8.602858781814575195e-01,-7.353498935699462891e-01,-1.073287844657897949e+00
-4.045289754867553711e-02,-3.384112834930419922e+00,-8.951514244079589844e+00,5.323001742362976074e-02,-2.963230371475219727e+00,-6.957911849021911621e-01,-3.896579742431640625e-01,-1.271869897842407227e+00
6.440283358097076416e-02,-3.438255548477172852e+00,-8.785001754760742188e+00,2.231091260910034180e-03,-2.966053485870361328e+00,-1.047187566757202148e+00,-5.906622409820556641e-01,-1.139618277549743652e+00
-4.108548164367675781e-04,-3.366634845733642578e+00,-8.876449584960937500e+00,6.182429194450378418e-02,-2.966806411743164062e+00,-7.603899240493774414e-01,-3.767396211624145508e-01,-1.058553576469421387e+00
1.224896311759948730e-01,-3.296329736709594727e+00,-8.612480163574218750e+00,6.885251402854919434e-02,-2.943751096725463867e+00,-8.467679023742675781e-01,-4.826217889785766602e-01,-1.114949822425842285e+00
1.160312145948410034e-01,-3.140490293502807617e+00,-8.496210098266601562e+00,1.122485995292663574e-01,-2.946542978286743164e+00,-4.238481223583221436e-01,-3.881447911262512207e-01,-1.020138144493103027e+00
2.214939892292022705e-01,-3.132471084594726562e+00,-8.381718635559082031e+00,1.351225078105926514e-01,-2.936074256896972656e+00,-6.790133714675903320e-01,-4.300462603569030762e-01,-1.239859461784362793e+00
2.373830229043960571e-01,-3.182279348373413086e+00,-8.411679267883300781e+00,1.366488933563232422e-01,-2.935179471969604492e+00,-7.731744050979614258e-01,-4.277673065662384033e-01,-1.328616261482238770e+00
2.352099567651748657e-01,-3.246262550354003906e+00,-8.430313110351562500e+00,8.972200751304626465e-02,-2.941351413726806641e+00,-9.491013884544372559e-01,-5.414820909500122070e-01,-1.281976819038391113e+00
1.116188019514083862e-01,-3.248598575592041016e+00,-8.616600036621093750e+00,1.052353382110595703e-01,-2.915677070617675781e+00,-7.522284388542175293e-01,-4.029185771942138672e-01,-1.273305654525756836e+00
1.628518551588058472e-01,-3.206990957260131836e+00,-8.557689666748046875e+00,1.427981853485107422e-01,-2.930337905883789062e+00,-7.208864092826843262e-01,-3.453588485717773438e-01,-1.325571298599243164e+00
4.590629339218139648e-01,-3.178986787796020508e+00,-8.067620277404785156e+00,7.816204428672790527e-02,-3.054679393768310547e+00,-9.635517001152038574e-01,-7.380734086036682129e-01,-1.192813992500305176e+00
5.373053550720214844e-01,-3.187214612960815430e+00,-7.943853378295898438e+00,6.126981973648071289e-02,-3.086817026138305664e+00,-1.008961558341979980e+00,-8.315746784210205078e-01,-1.140183091163635254e+00
4.756587445735931396e-01,-3.091302633285522461e+00,-7.997170925140380859e+00,1.257438659667968750e-01,-3.046817302703857422e+00,-7.890512943267822266e-01,-6.301021575927734375e-01,-1.124959349632263184e+00
4.297237098217010498e-01,-3.101033926010131836e+00,-8.055768013000488281e+00,1.487678289413452148e-01,-2.995034456253051758e+00,-7.248805165290832520e-01,-5.256175994873046875e-01,-1.111651420593261719e+00
4.109610319137573242e-01,-3.147918939590454102e+00,-8.113517761230468750e+00,1.327840387821197510e-01,-2.957535266876220703e+00,-8.742994070053100586e-01,-5.829236507415771484e-01,-1.401081085205078125e+00
-1.131299734115600586e-01,-3.709077358245849609e+00,-9.233039855957031250e+00,-9.020331501960754395e-02,-2.963137149810791016e+00,-1.364916801452636719e+00,-6.580229997634887695e-01,-1.275676012039184570e+00
-7.503253221511840820e-02,-3.585580348968505859e+00,-9.053200721740722656e+00,-1.043311655521392822e-01,-3.012585163116455078e+00,-1.137743830680847168e+00,-7.463634610176086426e-01,-1.082794904708862305e+00
2.434544265270233154e-02,-3.515734434127807617e+00,-8.828908920288085938e+00,-1.010940968990325928e-01,-2.987946033477783203e+00,-1.270360469818115234e+00,-8.428011536598205566e-01,-1.078904867172241211e+00
-1.077624857425689697e-01,-3.468932390213012695e+00,-8.918166160583496094e+00,-9.168985486030578613e-02,-2.935190439224243164e+00,-8.628695011138916016e-01,-7.216299772262573242e-01,-9.670259356498718262e-01
-1.091348528861999512e-01,-3.592416286468505859e+00,-8.986970901489257812e+00,-1.948745548725128174e-01,-3.068972587585449219e+00,-8.405535221099853516e-01,-9.561785459518432617e-01,-8.918353915214538574e-01
1.376621276140213013e-01,-3.448806524276733398e+00,-8.615633010864257812e+00,-8.231142163276672363e-02,-3.037962675094604492e+00,-1.090969324111938477e+00,-8.750718235969543457e-01,-1.031224012374877930e+00
1.778085380792617798e-01,-3.374225854873657227e+00,-8.607413291931152344e+00,2.973461151123046875e-02,-2.969744682312011719e+00,-1.140805959701538086e+00,-6.384861469268798828e-01,-1.336448788642883301e+00
8.364254236221313477e-02,-3.416050910949707031e+00,-8.693763732910156250e+00,-3.843972086906433105e-02,-2.971474409103393555e+00,-1.080884456634521484e+00,-7.405704855918884277e-01,-1.160733819007873535e+00
8.250266313552856445e-03,-3.341554880142211914e+00,-8.824123382568359375e+00,5.577665567398071289e-02,-2.937849998474121094e+00,-7.853473424911499023e-01,-4.334442317485809326e-01,-1.211315155029296875e+00
2.939265966415405273e-02,-3.329105377197265625e+00,-8.794358253479003906e+00,3.998348116874694824e-02,-2.977897644042968750e+00,-7.853383421897888184e-01,-4.969464838504791260e-01,-1.207330226898193359e+00
3.000213205814361572e-01,-3.444437265396118164e+00,-8.378166198730468750e+00,-8.879128098487854004e-02,-3.059790849685668945e+00,-1.313169479370117188e+00,-1.025931239128112793e+00,-1.138125300407409668e+00
3.354809284210205078e-01,-3.252633333206176758e+00,-8.269280433654785156e+00,2.149978280067443848e-02,-3.014299631118774414e+00,-1.139845848083496094e+00,-8.195729255676269531e-01,-1.326173424720764160e+00
3.321445286273956299e-01,-3.224533319473266602e+00,-8.237127304077148438e+00,8.900165557861328125e-02,-2.914320230484008789e+00,-1.029523491859436035e+00,-6.396219730377197266e-01,-1.409087061882019043e+00
2.381478101015090942e-01,-3.200094461441040039e+00,-8.386559486389160156e+00,1.122875809669494629e-01,-2.921972513198852539e+00,-7.869157791137695312e-01,-5.056719779968261719e-01,-1.412060379981994629e+00
4.475251436233520508e-01,-3.288645982742309570e+00,-8.090894699096679688e+00,1.844090223312377930e-02,-3.009276390075683594e+00,-1.220684409141540527e+00,-8.844552040100097656e-01,-1.253881812095642090e+00
-7.372534275054931641e-02,-3.640358209609985352e+00,-9.187924385070800781e+00,-6.103596091270446777e-02,-2.996497631072998047e+00,-1.342596530914306641e+00,-6.325297355651855469e-01,-1.362662434577941895e+00
1.025386899709701538e-01,-3.436379194259643555e+00,-8.811787605285644531e+00,-7.643547654151916504e-02,-3.116412878036499023e+00,-1.306340932846069336e+00,-8.700453639030456543e-01,-1.299514293670654297e+00
5.184096097946166992e-02,-3.475008010864257812e+00,-8.912276268005371094e+00,-4.564175009727478027e-02,-3.061030149459838867e+00,-1.269991636276245117e+00,-7.297066450119018555e-01,-1.308267116546630859e+00
7.621341943740844727e-02,-3.353148937225341797e+00,-8.802736282348632812e+00,-1.568993926048278809e-02,-3.065397024154663086e+00,-1.124815702438354492e+00,-7.032002210617065430e-01,-1.304845690727233887e+00
2.638197541236877441e-01,-3.236131668090820312e+00,-8.436692237854003906e+00,4.482766985893249512e-02,-3.039835929870605469e+00,-1.132444381713867188e+00,-6.973899602890014648e-01,-1.263343691825866699e+00
2.139968872070312500e-01,-3.281780481338500977e+00,-8.562237739562988281e+00,8.107960224151611328e-02,-2.994083881378173828e+00,-1.050016880035400391e+00,-5.544682145118713379e-01,-1.443854451179504395e+00
2.059053182601928711e-01,-3.362271785736083984e+00,-8.546021461486816406e+00,1.439434289932250977e-02,-2.984198093414306641e+00,-1.183782458305358887e+00,-7.050737142562866211e-01,-1.293949484825134277e+00
1.150662302970886230e-01,-3.327963829040527344e+00,-8.659367561340332031e+00,-9.762048721313476562e-04,-3.005995035171508789e+00,-1.059446096420288086e+00,-6.891955137252807617e-01,-1.213676214218139648e+00
2.037970423698425293e-01,-3.244449138641357422e+00,-8.579018592834472656e+00,9.609037637710571289e-02,-3.012737989425659180e+00,-9.765982627868652344e-01,-5.124429464340209961e-01,-1.431755185127258301e+00
2.892258167266845703e-01,-3.343315362930297852e+00,-8.419024467468261719e+00,-3.843638300895690918e-02,-3.084359645843505859e+00,-1.242798686027526855e+00,-9.242568612098693848e-01,-1.303637504577636719e+00
3.895200490951538086e-01,-3.430438041687011719e+00,-8.289710998535156250e+00,-1.139463484287261963e-01,-3.143851280212402344e+00,-1.515743017196655273e+00,-1.170464277267456055e+00,-1.148749232292175293e+00
2.886785268783569336e-01,-3.264904499053955078e+00,-8.379581451416015625e+00,3.167459368705749512e-02,-2.998397111892700195e+00,-1.204119920730590820e+00,-7.667109966278076172e-01,-1.425259947776794434e+00
3.502956032752990723e-01,-3.284029722213745117e+00,-8.252770423889160156e+00,2.774500846862792969e-02,-2.999433279037475586e+00,-1.111369371414184570e+00,-7.963278889656066895e-01,-1.321106791496276855e+00
2.388072609901428223e-01,-3.240841627120971680e+00,-8.436985015869140625e+00,7.058727741241455078e-02,-2.982423305511474609e+00,-9.082900285720825195e-01,-6.133830547332763672e-01,-1.411402583122253418e+00
3.472394049167633057e-01,-3.284180641174316406e+00,-8.249045372009277344e+00,1.919758319854736328e-02,-2.993637084960937500e+00,-1.185283422470092773e+00,-8.159827589988708496e-01,-1.252400040626525879e+00
-1.263650357723236084e-01,-3.895273923873901367e+00,-9.575287818908691406e+00,-4.949141442775726318e-01,-3.343698263168334961e+00,-3.016015291213989258e+00,-1.933608412742614746e+00,-2.241308689117431641e+00
-1.132919788360595703e-01,-3.932404994964599609e+00,-9.631258964538574219e+00,-4.949147999286651611e-01,-3.377613067626953125e+00,-3.136874437332153320e+00,-1.928270936012268066e+00,-2.249856710433959961e+00
-2.374856472015380859e-01,-3.855160474777221680e+00,-9.781097412109375000e+00,-4.160624444484710693e-01,-3.368902206420898438e+00,-2.667729377746582031e+00,-1.568240284919738770e+00,-1.785441517829895020e+00
-3.224624097347259521e-01,-3.889217853546142578e+00,-9.855313301086425781e+00,-4.353657662868499756e-01,-3.322278976440429688e+00,-2.512500524520874023e+00,-1.543898105621337891e+00,-1.710969090461730957e+00
-1.348182260990142822e-01,-3.726089954376220703e+00,-9.429850578308105469e+00,-3.946525156497955322e-01,-3.296815156936645508e+00,-2.526104927062988281e+00,-1.615547657012939453e+00,-1.636599302291870117e+00
-1.000981330871582031e-01,-3.851355791091918945e+00,-9.502120018005371094e+00,-4.314127862453460693e-01,-3.305244207382202148e+00,-2.900318622589111328e+00,-1.744446754455566406e+00,-1.950683951377868652e+00
2.088248729705810547e-02,-3.745540142059326172e+00,-9.217164039611816406e+00,-3.904326856136322021e-01,-3.289118528366088867e+00,-2.744203567504882812e+00,-1.737557053565979004e+00,-1.886033177375793457e+00
-7.908955216407775879e-02,-3.715984344482421875e+00,-9.321273803710937500e+00,-3.832674920558929443e-01,-3.279448270797729492e+00,-2.473474740982055664e+00,-1.637240648269653320e+00,-1.763088464736938477e+00
-7.638436555862426758e-02,-3.655712127685546875e+00,-9.228150367736816406e+00,-3.532299697399139404e-01,-3.217041492462158203e+00,-2.292408943176269531e+00,-1.580349206924438477e+00,-1.821513772010803223e+00
7.315263152122497559e-02,-3.575234174728393555e+00,-8.881518363952636719e+00,-3.700834810733795166e-01,-3.182155609130859375e+00,-2.508356332778930664e+00,-1.777677536010742188e+00,-1.787042498588562012e+00
7.534816861152648926e-02,-3.598891258239746094e+00,-8.942639350891113281e+00,-3.652749359607696533e-01,-3.191684722900390625e+00,-2.663457155227661133e+00,-1.768470168113708496e+00,-1.868739366531372070e+00
-2.365005016326904297e-02,-3.547000408172607422e+00,-9.003551483154296875e+00,-3.105441629886627197e-01,-3.140648365020751953e+00,-2.108994483947753906e+00,-1.526640176773071289e+00,-1.743510603904724121e+00
3.983746469020843506e-02,-3.632426023483276367e+00,-8.968385696411132812e+00,-3.906640112400054932e-01,-3.167374849319458008e+00,-2.603358745574951172e+00,-1.814834594726562500e+00,-1.942547202110290527e+00
1.066590398550033569e-01,-3.466435194015502930e+00,-8.779072761535644531e+00,-2.999114096164703369e-01,-3.158514976501464844e+00,-2.268769025802612305e+00,-1.634835720062255859e+00,-1.842205166816711426e+00
1.087857931852340698e-01,-3.549743652343750000e+00,-8.808075904846191406e+00,-3.623254597187042236e-01,-3.185488462448120117e+00,-2.501117706298828125e+00,-1.783828258514404297e+00,-1.740221977233886719e+00
-4.369315207004547119e-01,-4.125787258148193359e+00,-9.750353813171386719e+00,-4.145540893077850342e-01,-3.021740674972534180e+00,-1.516160368919372559e+00,-1.226223945617675781e+00,-1.176808714866638184e+00
-4.985711872577667236e-01,-4.158912658691406250e+00,-9.870692253112792969e+00,-4.343383014202117920e-01,-3.052646636962890625e+00,-1.420695781707763672e+00,-1.221684813499450684e+00,-1.168176889419555664e+00
-6.259459257125854492e-01,-4.131102561950683594e+00,-1.004586315155029297e+01,-4.081483185291290283e-01,-3.027938127517700195e+00,-1.178344964981079102e+00,-1.053324699401855469e+00,-1.103222370147705078e+00
-7.992449998855590820e-01,-4.073675155639648438e+00,-1.026193046569824219e+01,-3.827270567417144775e-01,-3.037952423095703125e+00,-6.622354984283447266e-01,-8.456153273582458496e-01,-9.566628932952880859e-01
-5.242314338684082031e-01,-3.952496051788330078e+00,-9.874854087829589844e+00,-3.185456097126007080e-01,-3.072639942169189453e+00,-9.968103170394897461e-01,-9.270000457763671875e-01,-1.179922223091125488e+00
-1.877641677856445312e-02,-3.752439260482788086e+00,-8.922334671020507812e+00,-2.409575283527374268e-01,-2.969857692718505859e+00,-1.517418980598449707e+00,-1.162036895751953125e+00,-1.235698938369750977e+00
-1.468006372451782227e-01,-3.694202423095703125e+00,-9.173734664916992188e+00,-1.746155917644500732e-01,-3.015913724899291992e+00,-1.153741717338562012e+00,-8.674085736274719238e-01,-1.123087525367736816e+00
-2.328293323516845703e-01,-3.745412588119506836e+00,-9.286718368530273438e+00,-2.073031961917877197e-01,-2.996347904205322266e+00,-1.112977623939514160e+00,-8.729568719863891602e-01,-1.010535359382629395e+00
-8.943074941635131836e-02,-3.699666023254394531e+00,-9.012585639953613281e+00,-2.076063454151153564e-01,-2.982776880264282227e+00,-1.274597883224487305e+00,-1.002647161483764648e+00,-1.036136984825134277e+00
-1.031894385814666748e-01,-3.825064182281494141e+00,-9.151202201843261719e+00,-2.540908157825469971e-01,-3.003603935241699219e+00,-1.582265138626098633e+00,-1.111371159553527832e+00,-1.236860871315002441e+00
-4.845854640007019043e-02,-3.704853057861328125e+00,-9.016632080078125000e+00,-1.710793673992156982e-01,-2.976536989212036133e+00,-1.443378925323486328e+00,-9.286513328552246094e-01,-1.072466492652893066e+00
-3.835603594779968262e-02,-3.591022253036499023e+00,-8.940624237060546875e+00,-1.084025800228118896e-01,-2.964639186859130859e+00,-1.165626287460327148e+00,-7.819502949714660645e-01,-1.036599755287170410e+00
1.491209864616394043e-01,-3.481206178665161133e+00,-8.593035697937011719e+00,-6.499281525611877441e-02,-2.955075502395629883e+00,-1.294613361358642578e+00,-8.274499177932739258e-01,-9.890133142471313477e-01
-2.289584279060363770e-02,-3.593924999237060547e+00,-8.914637565612792969e+00,-7.429817318916320801e-02,-2.909718513488769531e+00,-1.230507016181945801e+00,-6.898336410522460938e-01,-9.855853319168090820e-01
3.119416534900665283e-02,-3.523056745529174805e+00,-8.752891540527343750e+00,-9.773871302604675293e-02,-2.927043199539184570e+00,-1.169295549392700195e+00,-8.398790359497070312e-01,-1.113252878189086914e+00
-4.286192357540130615e-01,-4.203502655029296875e+00,-1.010158824920654297e+01,-3.204093277454376221e-01,-3.065996885299682617e+00,-2.099310398101806641e+00,-9.941893815994262695e-01,-1.746326208114624023e+00
3.672093152999877930e-03,-3.881686687469482422e+00,-9.290792465209960938e+00,-2.048657834529876709e-01,-3.094654083251953125e+00,-2.209623575210571289e+00,-1.072399139404296875e+00,-1.655488371849060059e+00
-4.080837965011596680e-02,-3.892005443572998047e+00,-9.315776824951171875e+00,-1.803173124790191650e-01,-3.053105115890502930e+00,-1.973222255706787109e+00,-9.368766546249389648e-01,-1.472766876220703125e+00
-6.589919328689575195e-03,-3.929346084594726562e+00,-9.314847946166992188e+00,-2.093349397182464600e-01,-3.086944818496704102e+00,-2.164456844329833984e+00,-1.047704219818115234e+00,-1.576994061470031738e+00
-5.892902612686157227e-03,-3.798277378082275391e+00,-9.185034751892089844e+00,-1.461469233036041260e-01,-3.058995723724365234e+00,-1.737612247467041016e+00,-8.697822690010070801e-01,-1.305651903152465820e+00
6.917020678520202637e-02,-3.757502555847167969e+00,-9.032603263854980469e+00,-1.500330269336700439e-01,-3.071801424026489258e+00,-1.809301137924194336e+00,-9.407002329826354980e-01,-1.201000571250915527e+00
1.449382603168487549e-01,-3.706019163131713867e+00,-8.904715538024902344e+00,-1.158558428287506104e-01,-3.074137926101684570e+00,-1.810483932495117188e+00,-9.066753983497619629e-01,-1.161023855209350586e+00
-1.021345257759094238e-01,-3.786065340042114258e+00,-9.319437980651855469e+00,-9.577944874763488770e-02,-3.005342483520507812e+00,-1.488839149475097656e+00,-6.470239162445068359e-01,-1.261172533035278320e+00
6.196786463260650635e-02,-3.668310165405273438e+00,-9.128541946411132812e+00,-2.406719326972961426e-02,-3.085995435714721680e+00,-1.608050823211669922e+00,-5.816026926040649414e-01,-1.186282515525817871e+00
5.756072700023651123e-02,-3.722095251083374023e+00,-9.146704673767089844e+00,-8.950635790824890137e-02,-3.120927333831787109e+00,-1.728424072265625000e+00,-7.628413438796997070e-01,-1.257492065429687500e+00
2.122827917337417603e-01,-3.663880586624145508e+00,-8.817100524902343750e+00,-6.284019351005554199e-02,-3.079484462738037109e+00,-1.782362222671508789e+00,-7.980041503906250000e-01,-1.068284749984741211e+00
2.846751809120178223e-01,-3.674979686737060547e+00,-8.670820236206054688e+00,-1.000124514102935791e-01,-3.104896068572998047e+00,-1.875072956085205078e+00,-9.359909296035766602e-01,-8.872671127319335938e-01
3.405037522315979004e-01,-3.489357471466064453e+00,-8.463347434997558594e+00,3.172516822814941406e-03,-3.053606033325195312e+00,-1.471298217773437500e+00,-7.377379536628723145e-01,-9.351344108581542969e-01
3.467657566070556641e-01,-3.504398345947265625e+00,-8.438910484313964844e+00,-8.555650711059570312e-03,-3.016279458999633789e+00,-1.595963716506958008e+00,-7.884718179702758789e-01,-1.012856721878051758e+00
1.441195607185363770e-01,-3.579914093017578125e+00,-8.789763450622558594e+00,3.099322319030761719e-03,-2.963738918304443359e+00,-1.431638717651367188e+00,-5.738178491592407227e-01,-9.575431346893310547e-01
-1.057249605655670166e-01,-3.901452541351318359e+00,-9.197449684143066406e+00,-5.166589021682739258e-01,-3.401582956314086914e+00,-1.358334779739379883e+00,-1.818203687667846680e+00,-1.179443240165710449e+00
5.934655666351318359e-03,-3.943841695785522461e+00,-9.079207420349121094e+00,-5.507190227508544922e-01,-3.473678112030029297e+00,-1.546514630317687988e+00,-1.976243376731872559e+00,-1.155191063880920410e+00
1.136628836393356323e-01,-3.999069213867187500e+00,-8.999361038208007812e+00,-5.512529611587524414e-01,-3.523673534393310547e+00,-1.653235197067260742e+00,-2.042168617248535156e+00,-1.302098989486694336e+00
1.947183907032012939e-02,-3.652249574661254883e+00,-8.950016021728515625e+00,-2.700097262859344482e-01,-3.207746505737304688e+00,-1.349662899971008301e+00,-1.299449920654296875e+00,-1.313586592674255371e+00
4.771856963634490967e-02,-3.617514133453369141e+00,-8.909354209899902344e+00,-2.473978102207183838e-01,-3.203003883361816406e+00,-1.423045039176940918e+00,-1.263333201408386230e+00,-1.264076471328735352e+00
1.016054749488830566e-01,-3.585725784301757812e+00,-8.806132316589355469e+00,-2.081019580364227295e-01,-3.167032241821289062e+00,-1.455524921417236328e+00,-1.189248442649841309e+00,-1.171859264373779297e+00
6.698560714721679688e-02,-3.625055551528930664e+00,-8.952279090881347656e+00,-1.886625587940216064e-01,-3.176669836044311523e+00,-1.584773302078247070e+00,-1.091827750205993652e+00,-1.159548759460449219e+00
3.008332848548889160e-02,-3.622414112091064453e+00,-8.964067459106445312e+00,-2.198329865932464600e-01,-3.194115638732910156e+00,-1.476351261138916016e+00,-1.142550706863403320e+00,-1.035363793373107910e+00
1.033230274915695190e-01,-3.688285112380981445e+00,-8.967988967895507812e+00,-1.987375915050506592e-01,-3.177924871444702148e+00,-1.834057569503784180e+00,-1.138519287109375000e+00,-1.246250748634338379e+00
2.158186882734298706e-01,-3.632147550582885742e+00,-8.789925575256347656e+00,-2.185250222682952881e-01,-3.265228748321533203e+00,-1.839506626129150391e+00,-1.300285577774047852e+00,-1.321573734283447266e+00
1.230735629796981812e-01,-3.671769857406616211e+00,-8.948696136474609375e+00,-2.096376121044158936e-01,-3.208827495574951172e+00,-1.813880205154418945e+00,-1.212035655975341797e+00,-1.453949809074401855e+00
3.047500252723693848e-01,-3.311619997024536133e+00,-8.357146263122558594e+00,3.122270107269287109e-03,-3.096003293991088867e+00,-8.961691260337829590e-01,-7.816286087036132812e-01,-1.074718356132507324e+00
3.894198536872863770e-01,-3.149023294448852539e+00,-8.222351074218750000e+00,1.153756976127624512e-01,-3.049664735794067383e+00,-1.031626820564270020e+00,-5.841591358184814453e-01,-1.103019952774047852e+00
3.267080485820770264e-01,-3.385401964187622070e+00,-8.433119773864746094e+00,-8.275708556175231934e-02,-3.164408922195434570e+00,-1.502197980880737305e+00,-1.053634762763977051e+00,-1.176074504852294922e+00
4.132805764675140381e-01,-3.285439014434814453e+00,-8.189501762390136719e+00,1.159638166427612305e-02,-3.055497646331787109e+00,-1.348550319671630859e+00,-8.571856021881103516e-01,-1.016827821731567383e+00
1.248993426561355591e-01,-3.690679788589477539e+00,-8.856333732604980469e+00,-4.491194784641265869e-01,-3.606201171875000000e+00,-1.306726217269897461e+00,-1.761911153793334961e+00,-4.746056497097015381e-01
2.420289665460586548e-01,-3.709485530853271484e+00,-8.690386772155761719e+00,-4.532935917377471924e-01,-3.593655586242675781e+00,-1.549537420272827148e+00,-1.868863224983215332e+00,-5.811030268669128418e-01
5.238900184631347656e-01,-3.728128194808959961e+00,-8.409429550170898438e+00,-4.241235554218292236e-01,-3.675199747085571289e+00,-2.030629396438598633e+00,-1.997642159461975098e+00,-7.851431369781494141e-01
5.562235713005065918e-01,-3.788318634033203125e+00,-8.339026451110839844e+00,-4.881813824176788330e-01,-3.682671785354614258e+00,-2.138613462448120117e+00,-2.199135780334472656e+00,-8.572835326194763184e-01
4.515990614891052246e-01,-3.708984136581420898e+00,-8.514601707458496094e+00,-3.831894695758819580e-01,-3.635085344314575195e+00,-1.876699686050415039e+00,-1.828206777572631836e+00,-7.652631402015686035e-01
4.020393490791320801e-01,-3.444179296493530273e+00,-8.357105255126953125e+00,-1.499552428722381592e-01,-3.239037990570068359e+00,-1.836316108703613281e+00,-1.258978009223937988e+00,-9.122614860534667969e-01
3.257321715354919434e-01,-3.571750640869140625e+00,-8.465830802917480469e+00,-2.670141160488128662e-01,-3.357594251632690430e+00,-1.566321372985839844e+00,-1.441979646682739258e+00,-5.494001507759094238e-01
3.449743688106536865e-01,-3.407784938812255859e+00,-8.356240272521972656e+00,-1.266791522502899170e-01,-3.157143115997314453e+00,-1.682149648666381836e+00,-1.160759687423706055e+00,-8.503048419952392578e-01
3.447363674640655518e-01,-3.402773141860961914e+00,-8.375632286071777344e+00,-1.037984788417816162e-01,-3.157703399658203125e+00,-1.621008038520812988e+00,-1.093943715095520020e+00,-8.785995841026306152e-01
3.215472102165222168e-01,-3.344760894775390625e+00,-8.356286048889160156e+00,-7.385656237602233887e-02,-3.119652509689331055e+00,-1.436017751693725586e+00,-1.020340800285339355e+00,-9.743313789367675781e-01
4.762382507324218750e-01,-3.424586296081542969e+00,-8.113319396972656250e+00,-1.802957355976104736e-01,-3.255995512008666992e+00,-1.465983390808105469e+00,-1.382668733596801758e+00,-8.139547705650329590e-01
6.016989946365356445e-01,-3.320319652557373047e+00,-7.894897937774658203e+00,-1.441437900066375732e-01,-3.304168939590454102e+00,-1.424214363098144531e+00,-1.388987064361572266e+00,-7.317485809326171875e-01
5.162039995193481445e-01,-3.308237552642822266e+00,-8.003608703613281250e+00,-1.427396237850189209e-01,-3.267552852630615234e+00,-1.352503061294555664e+00,-1.344325065612792969e+00,-8.335772156715393066e-01
4.932399392127990723e-01,-3.189497232437133789e+00,-7.890856742858886719e+00,-9.051528573036193848e-02,-3.241747617721557617e+00,-7.209153175354003906e-01,-1.189714908599853516e+00,-7.400236725807189941e-01
5.223869681358337402e-01,-3.294958829879760742e+00,-8.049213409423828125e+00,-1.014923155307769775e-01,-3.304431200027465820e+00,-1.181920051574707031e+00,-1.226767063140869141e+00,-9.070518016815185547e-01
6.074275970458984375e-01,-3.644450902938842773e+00,-8.029664039611816406e+00,-5.728982686996459961e-01,-3.744366884231567383e+00,-2.115319967269897461e+00,-2.461292266845703125e+00,-8.114568144083023071e-02
4.228154718875885010e-01,-3.814268589019775391e+00,-8.374506950378417969e+00,-5.396471023559570312e-01,-3.595922946929931641e+00,-1.929959058761596680e+00,-2.200952291488647461e+00,-3.911955356597900391e-01
2.654218375682830811e-01,-3.849377632141113281e+00,-8.664670944213867188e+00,-4.885217249393463135e-01,-3.546443700790405273e+00,-1.661706686019897461e+00,-1.927803158760070801e+00,-4.876290261745452881e-01
2.739919722080230713e-01,-3.874512434005737305e+00,-8.683900833129882812e+00,-5.032181739807128906e-01,-3.579309940338134766e+00,-1.678762435913085938e+00,-1.968107342720031738e+00,-5.202862024307250977e-01
2.212357968091964722e-01,-3.921840429306030273e+00,-8.801836013793945312e+00,-4.827541410923004150e-01,-3.524265527725219727e+00,-1.753400087356567383e+00,-1.860919117927551270e+00,-5.519894957542419434e-01
2.596568763256072998e-01,-3.537886142730712891e+00,-8.550327301025390625e+00,-2.112773358821868896e-01,-3.247300386428833008e+00,-1.642848730087280273e+00,-1.266390919685363770e+00,-6.327152848243713379e-01
2.447872161865234375e-01,-3.593939065933227539e+00,-8.565583229064941406e+00,-2.393124401569366455e-01,-3.182008266448974609e+00,-1.888823747634887695e+00,-1.342354655265808105e+00,-7.166443467140197754e-01
3.932743668556213379e-01,-3.502586126327514648e+00,-8.364939689636230469e+00,-1.351599991321563721e-01,-3.175287485122680664e+00,-1.878589630126953125e+00,-1.169381618499755859e+00,-7.303167581558227539e-01
2.302662283182144165e-01,-3.626466035842895508e+00,-8.653917312622070312e+00,-2.530366480350494385e-01,-3.226631641387939453e+00,-1.911134243011474609e+00,-1.372477173805236816e+00,-8.622133731842041016e-01
2.791404128074645996e-01,-3.542326211929321289e+00,-8.592689514160156250e+00,-1.467036306858062744e-01,-3.185729265213012695e+00,-1.847146034240722656e+00,-1.113603711128234863e+00,-7.908668518066406250e-01
1.818449497222900391e-01,-3.402563810348510742e+00,-8.656551361083984375e+00,-8.202841877937316895e-02,-3.200957536697387695e+00,-1.302732825279235840e+00,-8.587813973426818848e-01,-5.142252445220947266e-01
4.067300260066986084e-01,-3.369450330734252930e+00,-8.275571823120117188e+00,-1.322561800479888916e-01,-3.260717153549194336e+00,-1.615731716156005859e+00,-1.191041707992553711e+00,-5.603039264678955078e-01
2.505965232849121094e-01,-3.544721364974975586e+00,-8.596711158752441406e+00,-1.631921827793121338e-01,-3.187791824340820312e+00,-1.721084356307983398e+00,-1.127149820327758789e+00,-6.951343417167663574e-01
3.747645616531372070e-01,-3.423674106597900391e+00,-8.368617057800292969e+00,-8.555826544761657715e-02,-3.177122592926025391e+00,-1.699728727340698242e+00,-1.016772270202636719e+00,-5.778970122337341309e-01
1.430883109569549561e-01,-3.578569889068603516e+00,-8.914115905761718750e+00,-6.965616345405578613e-02,-3.173340797424316406e+00,-1.668318748474121094e+00,-7.520124912261962891e-01,-6.792035698890686035e-01
-5.079352855682373047e-02,-4.013577461242675781e+00,-9.158213615417480469e+00,-2.230639159679412842e-01,-3.008912563323974609e+00,-1.149890422821044922e+00,-9.518905282020568848e-01,-1.253551602363586426e+00
-3.846949338912963867e-02,-3.827607393264770508e+00,-9.161643028259277344e+00,-1.052553355693817139e-01,-3.156509637832641602e+00,-5.063865184783935547e-01,-5.990172028541564941e-01,-8.492460250854492188e-01
-2.474555373191833496e-02,-3.825886011123657227e+00,-9.059500694274902344e+00,-1.383978426456451416e-01,-3.082442760467529297e+00,-7.127581238746643066e-01,-7.294872403144836426e-01,-8.830003142356872559e-01
-1.958250999450683594e-03,-3.736618280410766602e+00,-8.923964500427246094e+00,-1.105253398418426514e-01,-2.996623277664184570e+00,-7.437980175018310547e-01,-7.199311852455139160e-01,-9.694263339042663574e-01
1.785798370838165283e-02,-3.762983560562133789e+00,-8.943922042846679688e+00,-8.858874440193176270e-02,-3.047461032867431641e+00,-5.939912796020507812e-01,-6.236075758934020996e-01,-7.915595173835754395e-01
6.374593079090118408e-02,-3.732926845550537109e+00,-8.898039817810058594e+00,-7.355687022209167480e-02,-3.067816257476806641e+00,-6.458101868629455566e-01,-6.362696886062622070e-01,-9.123551845550537109e-01
1.104069799184799194e-01,-3.648919105529785156e+00,-8.844681739807128906e+00,-6.082513928413391113e-02,-3.172855138778686523e+00,-4.949975311756134033e-01,-6.471441984176635742e-01,-8.842171430587768555e-01
2.260926812887191772e-01,-3.627568483352661133e+00,-8.656085968017578125e+00,-5.180171132087707520e-02,-3.158321619033813477e+00,-6.670542955398559570e-01,-7.270087003707885742e-01,-9.788339138031005859e-01
3.233056366443634033e-01,-3.661674976348876953e+00,-8.526997566223144531e+00,-4.303392767906188965e-02,-3.134072542190551758e+00,-8.877360224723815918e-01,-7.574138045310974121e-01,-9.341670274734497070e-01
2.762647271156311035e-01,-3.672540187835693359e+00,-8.513735771179199219e+00,-8.943864703178405762e-02,-3.134176492691040039e+00,-7.125044465065002441e-01,-8.343114256858825684e-01,-7.547762393951416016e-01
3.047736287117004395e-01,-3.662957191467285156e+00,-8.526303291320800781e+00,-4.003158211708068848e-02,-3.131642341613769531e+00,-7.337164282798767090e-01,-7.147127389907836914e-01,-8.065020442008972168e-01
4.054422378540039062e-01,-3.602679729461669922e+00,-8.417492866516113281e+00,2.667742967605590820e-02,-3.183387994766235352e+00,-6.044631600379943848e-01,-5.961227416992187500e-01,-7.994655966758728027e-01
3.268203139305114746e-01,-3.607502460479736328e+00,-8.545720100402832031e+00,3.432863950729370117e-02,-3.199010372161865234e+00,-3.970189690589904785e-01,-4.981877505779266357e-01,-7.187072634696960449e-01
4.812554121017456055e-01,-3.573055505752563477e+00,-8.214175224304199219e+00,3.627142310142517090e-02,-3.132622241973876953e+00,-6.695925593376159668e-01,-6.086361408233642578e-01,-5.262140035629272461e-01
4.825203716754913330e-01,-3.541654109954833984e+00,-8.159038543701171875e+00,-1.136466860771179199e-02,-3.186239004135131836e+00,-5.419117212295532227e-01,-7.619324326515197754e-01,-5.620564222335815430e-01
5.336890816688537598e-01,-4.270275592803955078e+00,-9.034405708312988281e+00,-5.731818675994873047e-01,-4.558451175689697266e+00,-3.944063186645507812e-02,-2.001320600509643555e+00,-3.989932835102081299e-01
7.699508666992187500e-01,-4.224501609802246094e+00,-8.898997306823730469e+00,-4.233217537403106689e-01,-4.715605258941650391e+00,9.005987644195556641e-02,-1.701964020729064941e+00,-3.656924068927764893e-01
7.108051776885986328e-01,-4.128658294677734375e+00,-8.885405540466308594e+00,-4.156558811664581299e-01,-4.714093208312988281e+00,4.195819497108459473e-01,-1.659483432769775391e+00,-2.875263988971710205e-01
7.208071947097778320e-01,-4.190543651580810547e+00,-8.700757980346679688e+00,-4.672242105007171631e-01,-4.527730941772460938e+00,2.082705497741699219e-01,-1.823330283164978027e+00,-2.942605614662170410e-01
5.957713127136230469e-01,-4.182440757751464844e+00,-8.774250030517578125e+00,-4.596431553363800049e-01,-4.374744892120361328e+00,3.205623030662536621e-01,-1.742138385772705078e+00,-4.036751389503479004e-01
7.336409091949462891e-01,-4.011894226074218750e+00,-8.554578781127929688e+00,-4.041817486286163330e-01,-4.488020420074462891e+00,4.473742842674255371e-01,-1.708928585052490234e+00,-2.416138350963592529e-01
7.427067756652832031e-01,-4.063006401062011719e+00,-8.295944213867187500e+00,-5.216935873031616211e-01,-4.270116329193115234e+00,1.915472745895385742e-02,-2.106000423431396484e+00,-3.951276838779449463e-01
6.996178627014160156e-01,-4.078149318695068359e+00,-8.397169113159179688e+00,-5.249195098876953125e-01,-4.351778030395507812e+00,3.002229332923889160e-01,-2.042787551879882812e+00,-2.412982881069183350e-01
8.784317970275878906e-01,-4.010034561157226562e+00,-8.176028251647949219e+00,-5.011206865310668945e-01,-4.461492061614990234e+00,2.150518894195556641e-01,-2.112054347991943359e+00,-2.158243954181671143e-01
9.128005504608154297e-01,-4.040744304656982422e+00,-8.372920989990234375e+00,-4.198478162288665771e-01,-4.655529022216796875e+00,5.080046057701110840e-01,-1.837210893630981445e+00,-1.630995422601699829e-01
8.524336814880371094e-01,-3.895100593566894531e+00,-8.217183113098144531e+00,-3.359976708889007568e-01,-4.426594734191894531e+00,7.670843005180358887e-01,-1.601698637008666992e+00,-8.731679990887641907e-03
1.000531196594238281e+00,-3.938518762588500977e+00,-8.090624809265136719e+00,-3.740678727626800537e-01,-4.528880596160888672e+00,4.403857588768005371e-01,-1.812206506729125977e+00,-1.031955108046531677e-01
1.123165130615234375e+00,-3.945511102676391602e+00,-7.622818470001220703e+00,-4.810483157634735107e-01,-4.429632663726806641e+00,4.095671772956848145e-01,-2.200541973114013672e+00,1.479260325431823730e-01
1.181088566780090332e+00,-3.908044338226318359e+00,-7.624818325042724609e+00,-4.717999994754791260e-01,-4.564040184020996094e+00,4.586057066917419434e-01,-2.213682174682617188e+00,1.428885012865066528e-01
1.017601609230041504e+00,-3.862245082855224609e+00,-7.736447811126708984e+00,-4.431067407131195068e-01,-4.456493854522705078e+00,8.970802426338195801e-01,-2.012163162231445312e+00,2.917388379573822021e-01
-3.617620766162872314e-01,-4.510503292083740234e+00,-1.026223564147949219e+01,-6.874094009399414062e-01,-3.972950935363769531e+00,-7.593029141426086426e-01,-1.761040687561035156e+00,-7.601879239082336426e-01
1.216163933277130127e-01,-4.634177207946777344e+00,-9.758336067199707031e+00,-7.623227834701538086e-01,-4.204227924346923828e+00,-1.626827359199523926e+00,-2.292288541793823242e+00,-9.254264235496520996e-01
6.231944262981414795e-02,-4.615354061126708984e+00,-9.794860839843750000e+00,-7.635887861251831055e-01,-4.153734207153320312e+00,-1.549977540969848633e+00,-2.274191379547119141e+00,-9.956666827201843262e-01
-1.661625504493713379e-02,-4.550793170928955078e+00,-9.956538200378417969e+00,-6.536688804626464844e-01,-4.196325302124023438e+00,-9.602440595626831055e-01,-1.857627868652343750e+00,-7.339883446693420410e-01
7.129356265068054199e-02,-4.541635990142822266e+00,-9.656287193298339844e+00,-7.103542089462280273e-01,-4.055524349212646484e+00,-1.314115524291992188e+00,-2.141305923461914062e+00,-9.023534059524536133e-01
1.184934526681900024e-01,-4.540975570678710938e+00,-9.660722732543945312e+00,-7.223335504531860352e-01,-4.203453540802001953e+00,-1.179768443107604980e+00,-2.172666549682617188e+00,-7.506072521209716797e-01
2.792910635471343994e-01,-4.465810775756835938e+00,-9.443716049194335938e+00,-7.201614379882812500e-01,-4.338069915771484375e+00,-1.183044433593750000e+00,-2.286250114440917969e+00,-6.671473383903503418e-01
1.839800775051116943e-01,-4.470376014709472656e+00,-9.334178924560546875e+00,-8.009448051452636719e-01,-4.227731227874755859e+00,-9.426879882812500000e-01,-2.421733379364013672e+00,-2.714122533798217773e-01
2.207739949226379395e-01,-4.511873722076416016e+00,-9.343674659729003906e+00,-8.079941272735595703e-01,-4.241683483123779297e+00,-1.126998066902160645e+00,-2.472206592559814453e+00,-4.184914231300354004e-01
2.628985345363616943e-01,-4.488064289093017578e+00,-9.343461036682128906e+00,-7.627122402191162109e-01,-4.286661624908447266e+00,-1.045156955718994141e+00,-2.371297836303710938e+00,-4.653358757495880127e-01
3.733813166618347168e-01,-4.447969913482666016e+00,-9.270143508911132812e+00,-6.628677845001220703e-01,-4.321744441986083984e+00,-1.003634572029113770e+00,-2.149221897125244141e+00,-4.090385138988494873e-01
3.730499148368835449e-01,-4.466884136199951172e+00,-9.274415969848632812e+00,-6.969563961029052734e-01,-4.377985000610351562e+00,-9.003005027770996094e-01,-2.234402656555175781e+00,-4.096905887126922607e-01
4.141966402530670166e-01,-4.474665164947509766e+00,-9.096550941467285156e+00,-7.589724063873291016e-01,-4.353821277618408203e+00,-9.522323012351989746e-01,-2.433737754821777344e+00,-2.483206391334533691e-01
1.467666625976562500e-01,-4.358273983001708984e+00,-9.496169090270996094e+00,-6.537328958511352539e-01,-4.268968582153320312e+00,-5.201289057731628418e-01,-1.993670105934143066e+00,-4.108339548110961914e-01
5.130065679550170898e-01,-4.440685272216796875e+00,-9.273509979248046875e+00,-6.128895282745361328e-01,-4.601770877838134766e+00,-6.502432227134704590e-01,-2.036616325378417969e+00,-2.641026675701141357e-01
-3.666051924228668213e-01,-4.594479084014892578e+00,-1.032942104339599609e+01,-6.720936298370361328e-01,-3.940076112747192383e+00,-8.305162787437438965e-01,-1.678869962692260742e+00,-7.531151771545410156e-01
8.906129002571105957e-02,-4.685456275939941406e+00,-9.870442390441894531e+00,-7.319144010543823242e-01,-4.188543796539306641e+00,-1.596281409263610840e+00,-2.152128458023071289e+00,-8.997425436973571777e-01
-5.880749225616455078e-02,-4.730555057525634766e+00,-1.013167762756347656e+01,-6.727259159088134766e-01,-4.149428844451904297e+00,-1.233940601348876953e+00,-1.818636417388916016e+00,-7.042905092239379883e-01
2.002813071012496948e-01,-4.612099647521972656e+00,-9.620182037353515625e+00,-7.667814493179321289e-01,-4.341436862945556641e+00,-1.246151208877563477e+00,-2.282652378082275391e+00,-4.173923134803771973e-01
1.520732641220092773e-01,-4.659734249114990234e+00,-9.690562248229980469e+00,-8.055206537246704102e-01,-4.367537498474121094e+00,-1.191147565841674805e+00,-2.321693897247314453e+00,-2.424357086420059204e-01
3.850173056125640869e-01,-4.600760459899902344e+00,-9.384623527526855469e+00,-7.190994024276733398e-01,-4.414858818054199219e+00,-1.183399677276611328e+00,-2.235323667526245117e+00,-2.132532745599746704e-01
2.335456609725952148e-01,-4.583868503570556641e+00,-9.657355308532714844e+00,-7.097067832946777344e-01,-4.431911945343017578e+00,-9.950722455978393555e-01,-2.122834205627441406e+00,-3.969240784645080566e-01
3.535530269145965576e-01,-4.436484813690185547e+00,-9.535394668579101562e+00,-5.778875350952148438e-01,-4.516668319702148438e+00,-6.992976665496826172e-01,-1.838196039199829102e+00,-2.990193665027618408e-01
5.928348302841186523e-01,-4.260612487792968750e+00,-9.126540184020996094e+00,-5.974982976913452148e-01,-4.723181724548339844e+00,-5.636298060417175293e-01,-2.109036922454833984e+00,-2.627300918102264404e-01
4.012610912322998047e-01,-4.313227176666259766e+00,-8.966556549072265625e+00,-7.641489505767822266e-01,-4.343024730682373047e+00,-8.278990983963012695e-01,-2.503951549530029297e+00,-2.017750442028045654e-01
5.067671537399291992e-01,-4.556816101074218750e+00,-9.043535232543945312e+00,-7.985173463821411133e-01,-4.385720729827880859e+00,-1.378655076026916504e+00,-2.602288246154785156e+00,-3.213043510913848877e-01
1.023139953613281250e+00,-4.330225467681884766e+00,-8.627540588378906250e+00,-6.554310321807861328e-01,-4.981788635253906250e+00,-9.657828807830810547e-01,-2.524024963378906250e+00,-1.511377543210983276e-01
1.050674080848693848e+00,-4.039403915405273438e+00,-8.275197029113769531e+00,-5.042580366134643555e-01,-4.773849010467529297e+00,-4.523971676826477051e-01,-2.192316293716430664e+00,3.863701969385147095e-02
8.459751605987548828e-01,-4.143482208251953125e+00,-8.507607460021972656e+00,-5.954527854919433594e-01,-4.668648719787597656e+00,-4.928330183029174805e-01,-2.302926063537597656e+00,-2.277551777660846710e-02
8.695157766342163086e-01,-4.282309055328369141e+00,-8.418788909912109375e+00,-7.710396051406860352e-01,-4.651310443878173828e+00,-9.961891174316406250e-01,-2.841354846954345703e+00,-2.774151563644409180e-01
1.076737642288208008e+00,-4.012322902679443359e+00,-8.663517951965332031e+00,-2.904686033725738525e-01,-4.988024234771728516e+00,-1.216394305229187012e-01,-1.571779847145080566e+00,-2.671389579772949219e-01
1.069133281707763672e+00,-3.995143651962280273e+00,-8.420142173767089844e+00,-3.455829918384552002e-01,-4.805129528045654297e+00,-2.254116535186767578e-01,-1.741859316825866699e+00,-6.690967082977294922e-02
1.272259712219238281e+00,-3.928998947143554688e+00,-8.200875282287597656e+00,-3.240972459316253662e-01,-4.956137657165527344e+00,-3.655462265014648438e-01,-1.829763174057006836e+00,-2.278478071093559265e-02
1.305065989494323730e+00,-3.958927869796752930e+00,-8.124407768249511719e+00,-3.434289991855621338e-01,-4.943737506866455078e+00,-4.433884620666503906e-01,-1.881848573684692383e+00,1.538068950176239014e-01
1.229719519615173340e+00,-3.919217586517333984e+00,-8.034677505493164062e+00,-3.533088862895965576e-01,-4.783637046813964844e+00,-3.017637729644775391e-01,-1.877235889434814453e+00,2.568330764770507812e-01
1.327180862426757812e+00,-4.025588512420654297e+00,-7.947183132171630859e+00,-4.366969168186187744e-01,-4.840323448181152344e+00,-6.889274120330810547e-01,-2.165915966033935547e+00,1.976169645786285400e-01
1.477687716484069824e+00,-3.935860157012939453e+00,-7.840676784515380859e+00,-2.927612960338592529e-01,-4.913376331329345703e+00,-5.198939442634582520e-01,-1.851508378982543945e+00,2.430614233016967773e-01
1.399732947349548340e+00,-3.852081537246704102e+00,-7.680835247039794922e+00,-3.208172619342803955e-01,-4.705312252044677734e+00,-4.586571753025054932e-01,-1.944710850715637207e+00,2.002533525228500366e-01
1.368924498558044434e+00,-3.851870059967041016e+00,-7.862798213958740234e+00,-2.426688969135284424e-01,-4.758788585662841797e+00,-3.305462896823883057e-01,-1.667112112045288086e+00,2.762808203697204590e-01
1.447854757308959961e+00,-3.782291650772094727e+00,-7.765934467315673828e+00,-2.467013299465179443e-01,-4.858956813812255859e+00,-3.269275426864624023e-01,-1.759834051132202148e+00,2.248974442481994629e-01
1.395172834396362305e+00,-3.771295785903930664e+00,-7.661170482635498047e+00,-2.790537774562835693e-01,-4.680795192718505859e+00,-4.117034077644348145e-01,-1.857102155685424805e+00,1.502375751733779907e-01
1.681022644042968750e+00,-3.731134891510009766e+00,-7.472109317779541016e+00,-2.278955280780792236e-01,-4.976763248443603516e+00,-5.244365334510803223e-01,-1.867681026458740234e+00,3.358442783355712891e-01
1.599058628082275391e+00,-3.616191625595092773e+00,-7.287421226501464844e+00,-2.325764000415802002e-01,-4.758884906768798828e+00,-2.974312603473663330e-01,-1.890408754348754883e+00,3.368429243564605713e-01
1.851568102836608887e+00,-3.702899217605590820e+00,-7.277328491210937500e+00,-1.836882531642913818e-01,-5.093456745147705078e+00,-4.036357700824737549e-01,-1.822264313697814941e+00,5.391001701354980469e-01
1.673261761665344238e+00,-3.669008731842041016e+00,-7.482906818389892578e+00,-1.281072795391082764e-01,-4.978483676910400391e+00,-5.760490894317626953e-02,-1.548846840858459473e+00,5.038976669311523438e-01
1.074685931205749512e+00,-3.505041360855102539e+00,-7.717319011688232422e+00,-4.159322381019592285e-02,-4.159218311309814453e+00,5.915719866752624512e-01,-1.074465274810791016e+00,-7.835499942302703857e-02
1.252017259597778320e+00,-3.643163442611694336e+00,-7.584128379821777344e+00,-8.922550082206726074e-02,-4.404109477996826172e+00,6.006582379341125488e-01,-1.141859531402587891e+00,9.041126370429992676e-01
1.265468835830688477e+00,-3.626116275787353516e+00,-7.566909790039062500e+00,-7.530686259269714355e-02,-4.403018951416015625e+00,6.221155524253845215e-01,-1.123069167137145996e+00,8.377465009689331055e-01
1.281379938125610352e+00,-3.583211421966552734e+00,-7.503581047058105469e+00,-4.404494166374206543e-02,-4.347010612487792969e+00,6.941800713539123535e-01,-1.089185595512390137e+00,5.864285826683044434e-01
1.421333312988281250e+00,-3.601247072219848633e+00,-7.416792392730712891e+00,-5.298796296119689941e-02,-4.546608924865722656e+00,6.394280791282653809e-01,-1.135748505592346191e+00,1.027305364608764648e+00
1.295776605606079102e+00,-3.567032098770141602e+00,-7.544358253479003906e+00,-2.737697958946228027e-02,-4.453155994415283203e+00,7.965517640113830566e-01,-1.000572562217712402e+00,9.421033263206481934e-01
1.314309000968933105e+00,-3.432798862457275391e+00,-7.468198299407958984e+00,8.987772464752197266e-02,-4.323634147644042969e+00,9.855210185050964355e-01,-7.961031198501586914e-01,2.883967757225036621e-01
1.510087370872497559e+00,-3.611934423446655273e+00,-7.287266254425048828e+00,-4.382321238517761230e-02,-4.548661231994628906e+00,5.667336583137512207e-01,-1.161722898483276367e+00,1.066322922706604004e+00
1.529856801033020020e+00,-3.518990039825439453e+00,-7.194036960601806641e+00,-7.807314395904541016e-03,-4.499589920043945312e+00,5.982418656349182129e-01,-1.127093195915222168e+00,9.240393638610839844e-01
1.594520926475524902e+00,-3.493216991424560547e+00,-7.095446109771728516e+00,1.086202263832092285e-02,-4.529467582702636719e+00,6.487008929252624512e-01,-1.108664512634277344e+00,1.031443119049072266e+00
1.726937770843505859e+00,-3.480363607406616211e+00,-6.928427696228027344e+00,3.131577372550964355e-02,-4.551963329315185547e+00,5.117347836494445801e-01,-1.158490896224975586e+00,9.164527058601379395e-01
1.770801067352294922e+00,-3.517875194549560547e+00,-6.936745643615722656e+00,5.184069275856018066e-02,-4.561143398284912109e+00,3.874637484550476074e-01,-1.119407176971435547e+00,8.610910177230834961e-01
1.711247086524963379e+00,-3.403114557266235352e+00,-6.929022312164306641e+00,7.489272952079772949e-02,-4.539249897003173828e+00,6.395977139472961426e-01,-1.048990607261657715e+00,8.909479975700378418e-01
1.784485340118408203e+00,-3.414572477340698242e+00,-6.909604549407958984e+00,1.164994239807128906e-01,-4.596380710601806641e+00,6.338747143745422363e-01,-9.536675214767456055e-01,9.611561894416809082e-01
1.835264682769775391e+00,-3.454301357269287109e+00,-6.902892589569091797e+00,9.114846587181091309e-02,-4.709998607635498047e+00,5.715278983116149902e-01,-9.979974031448364258e-01,1.319995164871215820e+00
9.535589218139648438e-01,-4.130886554718017578e+00,-8.796551704406738281e+00,-3.858645260334014893e-01,-4.989813804626464844e+00,2.592888474464416504e-01,-1.737683773040771484e+00,-5.180976390838623047e-01
1.737568736076354980e+00,-3.842303276062011719e+00,-7.914316177368164062e+00,-2.645180523395538330e-01,-5.585143089294433594e+00,4.615986347198486328e-02,-1.933327317237854004e+00,-1.064555719494819641e-01
1.569186806678771973e+00,-3.908245563507080078e+00,-8.028644561767578125e+00,-3.119011819362640381e-01,-5.417497158050537109e+00,1.530186533927917480e-01,-1.954452395439147949e+00,-1.821534335613250732e-01
1.374673604965209961e+00,-3.909789085388183594e+00,-8.107640266418457031e+00,-3.508962690830230713e-01,-5.205978393554687500e+00,2.769380807876586914e-01,-1.958340048789978027e+00,-1.994199454784393311e-01
1.526913404464721680e+00,-3.805060386657714844e+00,-7.829757690429687500e+00,-2.884099781513214111e-01,-5.242865562438964844e+00,4.162585139274597168e-01,-1.874398231506347656e+00,1.110565960407257080e-01
1.387111783027648926e+00,-3.872673749923706055e+00,-8.014127731323242188e+00,-3.011892735958099365e-01,-5.151437759399414062e+00,5.005636811256408691e-01,-1.799364924430847168e+00,6.074177101254463196e-02
1.269156932830810547e+00,-3.957687616348266602e+00,-7.920846462249755859e+00,-3.919663131237030029e-01,-4.841742992401123047e+00,2.098824381828308105e-01,-2.000607490539550781e+00,5.479510128498077393e-02
1.367930650711059570e+00,-3.851842164993286133e+00,-7.965756893157958984e+00,-2.867969572544097900e-01,-5.092677116394042969e+00,5.664848685264587402e-01,-1.725925683975219727e+00,3.195514976978302002e-01
1.448634028434753418e+00,-3.911156415939331055e+00,-7.864230632781982422e+00,-3.022044003009796143e-01,-5.062680244445800781e+00,3.409053683280944824e-01,-1.832720279693603516e+00,1.460648030042648315e-01
1.494474530220031738e+00,-3.815901517868041992e+00,-7.776896476745605469e+00,-2.981911003589630127e-01,-5.145847320556640625e+00,3.933936953544616699e-01,-1.862833380699157715e+00,3.329905271530151367e-01
1.789886832237243652e+00,-3.845220804214477539e+00,-7.496162891387939453e+00,-2.573368251323699951e-01,-5.293223857879638672e+00,1.530307531356811523e-01,-1.916506528854370117e+00,3.737173974514007568e-01
1.698379993438720703e+00,-3.757282257080078125e+00,-7.739655017852783203e+00,-2.121939957141876221e-01,-5.471610546112060547e+00,6.555020213127136230e-01,-1.711864113807678223e+00,4.306732416152954102e-01
1.987184762954711914e+00,-3.824376106262207031e+00,-7.381083011627197266e+00,-2.434492409229278564e-01,-5.560216426849365234e+00,2.091201543807983398e-01,-1.977661013603210449e+00,4.707108139991760254e-01
2.412420272827148438e+00,-3.752878904342651367e+00,-7.329284667968750000e+00,-6.347230076789855957e-02,-6.169812202453613281e+00,4.203749299049377441e-01,-1.656461477279663086e+00,6.940796375274658203e-01
1.892242789268493652e+00,-3.676620721817016602e+00,-7.365829944610595703e+00,-1.402802765369415283e-01,-5.371721744537353516e+00,5.020834803581237793e-01,-1.685898542404174805e+00,3.553006649017333984e-01
3.484722077846527100e-01,-3.945262193679809570e+00,-8.815798759460449219e+00,-3.386555612087249756e-01,-3.498659133911132812e+00,-1.798190832138061523e+00,-1.581153035163879395e+00,-1.242977738380432129e+00
5.301952362060546875e-01,-3.982340097427368164e+00,-8.629583358764648438e+00,-2.627702653408050537e-01,-3.557855129241943359e+00,-1.668285131454467773e+00,-1.420897483825683594e+00,-1.020184993743896484e+00
4.438854157924652100e-01,-3.741737604141235352e+00,-8.654301643371582031e+00,-1.642524302005767822e-01,-3.560235738754272461e+00,-1.081943631172180176e+00,-1.151397705078125000e+00,-1.061384320259094238e+00
5.929098129272460938e-01,-3.758900403976440430e+00,-8.464708328247070312e+00,-2.162700593471527100e-01,-3.661264657974243164e+00,-1.373368978500366211e+00,-1.390085577964782715e+00,-9.314703345298767090e-01
8.063994646072387695e-01,-3.675321340560913086e+00,-8.166288375854492188e+00,-2.454685866832733154e-01,-3.856678724288940430e+00,-1.399545311927795410e+00,-1.632240533828735352e+00,-8.372502326965332031e-01
9.184972047805786133e-01,-3.601188182830810547e+00,-8.209389686584472656e+00,-1.195013225078582764e-01,-4.059042930603027344e+00,-1.109670758247375488e+00,-1.307953238487243652e+00,-6.719637513160705566e-01
1.049709796905517578e+00,-3.698572158813476562e+00,-8.135998725891113281e+00,-2.095855772495269775e-01,-4.224146366119384766e+00,-1.412844181060791016e+00,-1.631445050239562988e+00,-7.468490004539489746e-01
8.185443878173828125e-01,-3.588060379028320312e+00,-8.244434356689453125e+00,-1.171940267086029053e-01,-3.914969205856323242e+00,-1.078586459159851074e+00,-1.256847977638244629e+00,-7.137641906738281250e-01
1.087229251861572266e+00,-3.710470438003540039e+00,-8.131324768066406250e+00,-2.220382988452911377e-01,-4.378108024597167969e+00,-1.082350254058837891e+00,-1.634424209594726562e+00,-5.148059725761413574e-01
1.003374218940734863e+00,-3.789643526077270508e+00,-8.137463569641113281e+00,-2.687803804874420166e-01,-4.234855175018310547e+00,-1.107110500335693359e+00,-1.691447377204895020e+00,-4.442089498043060303e-01
7.396975755691528320e-01,-3.797879457473754883e+00,-8.241168975830078125e+00,-3.691659867763519287e-01,-3.993442058563232422e+00,-9.432586431503295898e-01,-1.850451469421386719e+00,-6.125697493553161621e-01
9.579987525939941406e-01,-3.725129842758178711e+00,-8.086430549621582031e+00,-3.011004030704498291e-01,-4.199710845947265625e+00,-9.641611576080322266e-01,-1.803645968437194824e+00,-6.040242910385131836e-01
1.150679945945739746e+00,-3.689495801925659180e+00,-7.830953598022460938e+00,-2.377612888813018799e-01,-4.215582370758056641e+00,-1.174963235855102539e+00,-1.738706231117248535e+00,-3.719933927059173584e-01
8.934416770935058594e-01,-3.740382671356201172e+00,-8.030961990356445312e+00,-3.219750821590423584e-01,-4.069515705108642578e+00,-8.616501092910766602e-01,-1.806728124618530273e+00,-4.392600655555725098e-01
1.244687438011169434e+00,-3.672732830047607422e+00,-7.713854312896728516e+00,-2.879009544849395752e-01,-4.381750106811523438e+00,-9.938800334930419922e-01,-1.943786978721618652e+00,-4.183409512042999268e-01
9.406043291091918945e-01,-4.148611545562744141e+00,-9.092000961303710938e+00,-2.279773652553558350e-01,-5.214663028717041016e+00,9.629239439964294434e-01,-1.129444479942321777e+00,1.635920070111751556e-02
1.052120327949523926e+00,-4.140820503234863281e+00,-8.561701774597167969e+00,-3.501268923282623291e-01,-4.934385776519775391e+00,3.626013398170471191e-01,-1.635390758514404297e+00,-8.692668750882148743e-03
1.087152004241943359e+00,-4.175455093383789062e+00,-8.526865005493164062e+00,-3.505212962627410889e-01,-4.930678844451904297e+00,3.108434081077575684e-01,-1.647022485733032227e+00,-6.108113098889589310e-03
1.191196441650390625e+00,-3.986850023269653320e+00,-8.350824356079101562e+00,-2.770858705043792725e-01,-4.999975204467773438e+00,4.528737664222717285e-01,-1.570839881896972656e+00,-4.550490900874137878e-02
1.118987083435058594e+00,-4.063955307006835938e+00,-8.473894119262695312e+00,-3.112152516841888428e-01,-4.994113445281982422e+00,5.337864756584167480e-01,-1.594488620758056641e+00,-1.007155478000640869e-01
1.279442310333251953e+00,-4.062355518341064453e+00,-8.264843940734863281e+00,-3.390670120716094971e-01,-5.084102153778076172e+00,2.816844582557678223e-01,-1.774697780609130859e+00,3.548067435622215271e-02
1.359228730201721191e+00,-4.080750465393066406e+00,-8.321724891662597656e+00,-3.167995512485504150e-01,-5.306547641754150391e+00,5.559418797492980957e-01,-1.711187601089477539e+00,1.092013940215110779e-01
1.198591589927673340e+00,-4.020109653472900391e+00,-8.426864624023437500e+00,-2.461813986301422119e-01,-5.100975036621093750e+00,8.056612610816955566e-01,-1.428799986839294434e+00,7.629104703664779663e-02
1.299785852432250977e+00,-4.016131877899169922e+00,-8.257743835449218750e+00,-2.077170312404632568e-01,-5.056790351867675781e+00,6.739403605461120605e-01,-1.370537638664245605e+00,2.677256166934967041e-01
1.275834918022155762e+00,-4.047879695892333984e+00,-8.258646011352539062e+00,-2.088776528835296631e-01,-4.997876167297363281e+00,6.805557608604431152e-01,-1.341571331024169922e+00,3.352026045322418213e-01
1.384303450584411621e+00,-3.988543510437011719e+00,-8.022844314575195312e+00,-2.272987067699432373e-01,-5.044875144958496094e+00,7.372912764549255371e-01,-1.477267026901245117e+00,4.559859633445739746e-01
1.594605565071105957e+00,-4.010940551757812500e+00,-7.978972911834716797e+00,-1.831854283809661865e-01,-5.257885932922363281e+00,5.109180808067321777e-01,-1.492495775222778320e+00,2.014256417751312256e-01
1.690038323402404785e+00,-3.985519409179687500e+00,-7.789899826049804688e+00,-1.755044758319854736e-01,-5.320893764495849609e+00,6.272423863410949707e-01,-1.463305592536926270e+00,8.305674791336059570e-01
1.572023391723632812e+00,-3.926111459732055664e+00,-7.775686740875244141e+00,-1.504491269588470459e-01,-5.105476856231689453e+00,8.079143166542053223e-01,-1.372848629951477051e+00,6.099613308906555176e-01
1.721901178359985352e+00,-3.931735515594482422e+00,-7.626949787139892578e+00,-1.414329111576080322e-01,-5.208490371704101562e+00,6.509334444999694824e-01,-1.413054585456848145e+00,8.551983833312988281e-01
1.300181746482849121e+00,-3.739334344863891602e+00,-7.469585895538330078e+00,-1.681059896945953369e-01,-4.236209392547607422e+00,1.336575746536254883e-01,-1.537523508071899414e+00,-2.513058483600616455e-01
1.234546899795532227e+00,-3.705579757690429688e+00,-7.499703407287597656e+00,-1.458329856395721436e-01,-4.198685169219970703e+00,3.533052802085876465e-01,-1.405054926872253418e+00,1.592692360281944275e-02
1.266799449920654297e+00,-3.724381923675537109e+00,-7.446276664733886719e+00,-1.554733216762542725e-01,-4.201951026916503906e+00,2.738879919052124023e-01,-1.433107972145080566e+00,1.719171106815338135e-01
1.399136185646057129e+00,-3.790992498397827148e+00,-7.391306400299072266e+00,-1.589621603488922119e-01,-4.282057285308837891e+00,-6.938004493713378906e-02,-1.519736289978027344e+00,8.195916563272476196e-02
1.390664935111999512e+00,-3.780273675918579102e+00,-7.393817424774169922e+00,-2.246824800968170166e-01,-4.345959663391113281e+00,-1.664732098579406738e-01,-1.721373796463012695e+00,3.549451753497123718e-02
1.340721607208251953e+00,-3.753737688064575195e+00,-7.402221679687500000e+00,-2.148251831531524658e-01,-4.359719753265380859e+00,1.800528764724731445e-01,-1.611093401908874512e+00,4.152062833309173584e-01
1.489760756492614746e+00,-3.824261665344238281e+00,-7.306716442108154297e+00,-2.891524732112884521e-01,-4.493577480316162109e+00,-2.955450117588043213e-01,-1.931941986083984375e+00,2.430425137281417847e-01
1.460362792015075684e+00,-3.773440361022949219e+00,-7.350854873657226562e+00,-2.706972658634185791e-01,-4.517493247985839844e+00,-1.748532652854919434e-01,-1.870781183242797852e+00,2.483349442481994629e-01
1.560094594955444336e+00,-3.664079904556274414e+00,-7.147733688354492188e+00,-1.907392442226409912e-01,-4.501752853393554688e+00,-1.071602106094360352e-02,-1.725267291069030762e+00,3.740353584289550781e-01
1.480072379112243652e+00,-3.789231061935424805e+00,-7.339664936065673828e+00,-2.331150472164154053e-01,-4.542241096496582031e+00,1.139484643936157227e-01,-1.734818458557128906e+00,3.708063364028930664e-01
1.459161520004272461e+00,-3.807880401611328125e+00,-7.171427726745605469e+00,-3.973634541034698486e-01,-4.521654605865478516e+00,-2.337849140167236328e-02,-2.211167335510253906e+00,4.425718784332275391e-01
1.419654607772827148e+00,-3.741247653961181641e+00,-7.305502414703369141e+00,-2.555601298809051514e-01,-4.519541263580322266e+00,3.426645398139953613e-01,-1.748664259910583496e+00,6.179561614990234375e-01
1.496986746788024902e+00,-3.666908264160156250e+00,-7.101372241973876953e+00,-2.013203203678131104e-01,-4.394664287567138672e+00,1.991603374481201172e-01,-1.701636075973510742e+00,4.973144233226776123e-01
1.654292345046997070e+00,-3.673902988433837891e+00,-6.980736732482910156e+00,-2.202960550785064697e-01,-4.628922939300537109e+00,3.223724961280822754e-01,-1.808318138122558594e+00,7.297534346580505371e-01
1.500915408134460449e+00,-3.711958646774291992e+00,-7.130100250244140625e+00,-2.411178648471832275e-01,-4.510259628295898438e+00,3.985149264335632324e-01,-1.759065866470336914e+00,7.306289076805114746e-01
1.148473143577575684e+00,-4.127832412719726562e+00,-8.128886222839355469e+00,-5.015947818756103516e-01,-4.669451713562011719e+00,-7.662374973297119141e-01,-2.250782966613769531e+00,-1.085144579410552979e-01
1.226092219352722168e+00,-4.069546222686767578e+00,-8.009534835815429688e+00,-4.296680986881256104e-01,-4.672016620635986328e+00,-6.062384247779846191e-01,-2.091632366180419922e+00,3.318031085655093193e-03
1.174372911453247070e+00,-4.020652294158935547e+00,-7.895366668701171875e+00,-4.995336830615997314e-01,-4.621834754943847656e+00,-4.635895490646362305e-01,-2.277346372604370117e+00,1.166080087423324585e-01
1.261159420013427734e+00,-3.979388236999511719e+00,-7.769119739532470703e+00,-4.604309499263763428e-01,-4.639125347137451172e+00,-4.352795183658599854e-01,-2.226913452148437500e+00,1.710698455572128296e-01
1.328624963760375977e+00,-4.000039577484130859e+00,-7.695196151733398438e+00,-4.840383827686309814e-01,-4.702660560607910156e+00,-5.043435096740722656e-01,-2.320781946182250977e+00,2.675492763519287109e-01
1.388031125068664551e+00,-3.973022460937500000e+00,-7.744722366333007812e+00,-4.189540445804595947e-01,-4.821026802062988281e+00,-4.041762053966522217e-01,-2.150322198867797852e+00,3.482630252838134766e-01
1.311642169952392578e+00,-3.935414314270019531e+00,-7.736285209655761719e+00,-4.085553586483001709e-01,-4.724278450012207031e+00,-1.222679615020751953e-01,-2.092042446136474609e+00,2.593414783477783203e-01
1.316718816757202148e+00,-3.993325948715209961e+00,-7.802659511566162109e+00,-3.958260118961334229e-01,-4.737840175628662109e+00,-1.824267506599426270e-01,-2.025307416915893555e+00,3.173799216747283936e-01
1.178381204605102539e+00,-3.973605155944824219e+00,-7.809648990631103516e+00,-4.344762265682220459e-01,-4.562294960021972656e+00,-2.190047502517700195e-02,-2.093610763549804688e+00,9.789960086345672607e-02
1.348720908164978027e+00,-3.957826614379882812e+00,-7.673367977142333984e+00,-4.117751419544219971e-01,-4.719587802886962891e+00,-8.463609218597412109e-02,-2.121788978576660156e+00,2.073728740215301514e-01
1.462746500968933105e+00,-3.941194534301757812e+00,-7.598478317260742188e+00,-3.834836184978485107e-01,-4.797003746032714844e+00,-2.381129264831542969e-01,-2.125935077667236328e+00,1.472450792789459229e-01
1.485880017280578613e+00,-3.903250694274902344e+00,-7.481153488159179688e+00,-3.640677034854888916e-01,-4.724682331085205078e+00,-3.033094406127929688e-01,-2.084455966949462891e+00,3.694393336772918701e-01
1.457665801048278809e+00,-3.867421865463256836e+00,-7.486149311065673828e+00,-3.351416885852813721e-01,-4.682526111602783203e+00,-1.845601797103881836e-01,-1.994606018066406250e+00,3.538639843463897705e-01
1.461194038391113281e+00,-3.825889587402343750e+00,-7.483553886413574219e+00,-2.902935445308685303e-01,-4.666020393371582031e+00,-1.184082627296447754e-01,-1.878592252731323242e+00,3.509610593318939209e-01
1.480463504791259766e+00,-3.856030702590942383e+00,-7.501591205596923828e+00,-2.899347245693206787e-01,-4.703362941741943359e+00,-9.100365638732910156e-02,-1.873351573944091797e+00,3.408209085464477539e-01
1.392145752906799316e+00,-3.389755964279174805e+00,-7.325614929199218750e+00,6.276795268058776855e-02,-4.350850582122802734e+00,7.221890091896057129e-01,-9.469346404075622559e-01,3.922002017498016357e-01
1.200870513916015625e+00,-3.386028051376342773e+00,-7.489363193511962891e+00,3.382536768913269043e-02,-4.237909317016601562e+00,9.255033135414123535e-01,-9.124805331230163574e-01,3.680972754955291748e-01
1.232338428497314453e+00,-3.425241947174072266e+00,-7.463427543640136719e+00,2.588146924972534180e-02,-4.251174926757812500e+00,8.650849461555480957e-01,-9.290408492088317871e-01,4.786413311958312988e-01
1.276306390762329102e+00,-3.347006320953369141e+00,-7.407373905181884766e+00,9.673970937728881836e-02,-4.244925975799560547e+00,9.421312212944030762e-01,-7.801613807678222656e-01,4.426577687263488770e-01
1.329146623611450195e+00,-3.289434909820556641e+00,-7.226525306701660156e+00,9.391537308692932129e-02,-4.197914123535156250e+00,9.055567383766174316e-01,-8.518099188804626465e-01,4.859484136104583740e-01
1.323659658432006836e+00,-3.304734706878662109e+00,-7.251659870147705078e+00,1.014290750026702881e-01,-4.192399501800537109e+00,9.307957291603088379e-01,-8.242752552032470703e-01,4.295182824134826660e-01
1.323707818984985352e+00,-3.355273008346557617e+00,-7.287375450134277344e+00,8.859148621559143066e-02,-4.216856956481933594e+00,9.589907526969909668e-01,-8.364818096160888672e-01,4.346368014812469482e-01
1.410972952842712402e+00,-3.296082019805908203e+00,-7.155760288238525391e+00,1.202210485935211182e-01,-4.241075038909912109e+00,8.960378766059875488e-01,-8.132141828536987305e-01,5.504016280174255371e-01
1.252335429191589355e+00,-3.266901016235351562e+00,-7.404685497283935547e+00,1.362850666046142578e-01,-4.262683868408203125e+00,1.246213912963867188e+00,-6.547513008117675781e-01,5.378893613815307617e-01
1.537363529205322266e+00,-3.280567407608032227e+00,-6.924236297607421875e+00,9.563353657722473145e-02,-4.259782791137695312e+00,7.579917311668395996e-01,-9.823165535926818848e-01,5.699888467788696289e-01
1.479468345642089844e+00,-3.331698656082153320e+00,-7.038413524627685547e+00,5.274876952171325684e-02,-4.287553787231445312e+00,7.379053235054016113e-01,-1.049956083297729492e+00,5.565693378448486328e-01
1.564852833747863770e+00,-3.234623908996582031e+00,-6.893587112426757812e+00,1.514173150062561035e-01,-4.231265068054199219e+00,7.648105025291442871e-01,-8.621603846549987793e-01,5.029764175415039062e-01
1.525940775871276855e+00,-3.253530263900756836e+00,-6.978558540344238281e+00,1.398425400257110596e-01,-4.259819030761718750e+00,8.250873684883117676e-01,-8.572731614112854004e-01,5.016227364540100098e-01
1.447715282440185547e+00,-3.273675203323364258e+00,-7.146510601043701172e+00,1.621618270874023438e-01,-4.289357662200927734e+00,1.064530849456787109e+00,-7.094299197196960449e-01,5.470465421676635742e-01
1.614576816558837891e+00,-3.263935327529907227e+00,-6.866262912750244141e+00,1.445003151893615723e-01,-4.299505233764648438e+00,7.885394692420959473e-01,-8.823562860488891602e-01,6.238549351692199707e-01
8.441691398620605469e-01,-4.346228599548339844e+00,-8.632082939147949219e+00,-6.421779394149780273e-01,-4.911338806152343750e+00,2.830303311347961426e-01,-2.220005989074707031e+00,6.590123176574707031e-01
1.139356732368469238e+00,-4.113313674926757812e+00,-8.344479560852050781e+00,-4.416148364543914795e-01,-5.077247142791748047e+00,4.174560904502868652e-01,-1.901589870452880859e+00,5.848063826560974121e-01
1.697390437126159668e+00,-4.001799583435058594e+00,-7.687829017639160156e+00,-3.876503407955169678e-01,-5.376014709472656250e+00,-1.731091737747192383e-02,-2.149967670440673828e+00,6.234080791473388672e-01
1.562115788459777832e+00,-4.083615303039550781e+00,-8.016497611999511719e+00,-3.672363460063934326e-01,-5.462525844573974609e+00,3.228927254676818848e-01,-1.903765916824340820e+00,9.158753752708435059e-01
1.696671009063720703e+00,-4.100482940673828125e+00,-7.747093677520751953e+00,-3.979792296886444092e-01,-5.391654491424560547e+00,-3.529930114746093750e-02,-2.115098953247070312e+00,8.061902523040771484e-01
1.591994881629943848e+00,-4.148595809936523438e+00,-7.867910861968994141e+00,-4.129396378993988037e-01,-5.360582351684570312e+00,2.503830790519714355e-01,-2.055922269821166992e+00,8.372634053230285645e-01
1.630419373512268066e+00,-4.006681919097900391e+00,-7.523849964141845703e+00,-3.628328144550323486e-01,-5.133212566375732422e+00,3.372270464897155762e-01,-1.996824502944946289e+00,9.779112935066223145e-01
1.798127532005310059e+00,-4.067663192749023438e+00,-7.464967727661132812e+00,-3.982308208942413330e-01,-5.392210006713867188e+00,2.002857327461242676e-01,-2.138969898223876953e+00,1.257620334625244141e+00
1.712749242782592773e+00,-4.097819805145263672e+00,-7.428549766540527344e+00,-4.355849325656890869e-01,-5.252915859222412109e+00,1.705746054649353027e-01,-2.146670818328857422e+00,1.696038603782653809e+00
1.752753973007202148e+00,-4.026458263397216797e+00,-7.293931007385253906e+00,-4.063746035099029541e-01,-5.206751346588134766e+00,2.836609482765197754e-01,-2.134385108947753906e+00,1.543333292007446289e+00
1.776701569557189941e+00,-4.033810615539550781e+00,-7.336606979370117188e+00,-4.172876775264739990e-01,-5.347719669342041016e+00,3.690626025199890137e-01,-2.127530097961425781e+00,1.856690764427185059e+00
1.689054489135742188e+00,-3.960231304168701172e+00,-7.224924087524414062e+00,-3.757529556751251221e-01,-5.090168952941894531e+00,6.041150689125061035e-01,-2.008921861648559570e+00,1.698728919029235840e+00
1.646235227584838867e+00,-3.833992958068847656e+00,-7.286818981170654297e+00,-2.480343282222747803e-01,-4.984996318817138672e+00,6.994423270225524902e-01,-1.682576894760131836e+00,1.453319787979125977e+00
2.060918807983398438e+00,-3.978219270706176758e+00,-7.061799526214599609e+00,-3.242684304714202881e-01,-5.551518917083740234e+00,7.172452807426452637e-01,-2.057559013366699219e+00,1.597060561180114746e+00
1.738913178443908691e+00,-3.867314815521240234e+00,-7.063628196716308594e+00,-3.609773814678192139e-01,-5.101850032806396484e+00,7.567495703697204590e-01,-2.015734910964965820e+00,1.844836950302124023e+00
1.175996899604797363e+00,-3.764059066772460938e+00,-7.821687698364257812e+00,-3.856810927391052246e-02,-4.254817962646484375e+00,3.087692856788635254e-01,-9.691073298454284668e-01,3.693611025810241699e-01
1.231247186660766602e+00,-3.722257852554321289e+00,-7.936292171478271484e+00,1.035791039466857910e-01,-4.328226089477539062e+00,4.440969824790954590e-01,-5.925883650779724121e-01,2.610500156879425049e-01
1.075237870216369629e+00,-3.542570590972900391e+00,-7.961401939392089844e+00,1.321032345294952393e-01,-4.244344711303710938e+00,9.137750267982482910e-01,-4.561223983764648438e-01,3.833417296409606934e-01
1.314733624458312988e+00,-3.531829595565795898e+00,-7.606844902038574219e+00,1.369508802890777588e-01,-4.283058166503906250e+00,5.859641432762145996e-01,-5.975793004035949707e-01,5.669269561767578125e-01
1.529785275459289551e+00,-3.403465986251831055e+00,-7.158442974090576172e+00,1.269178092479705811e-01,-4.319489002227783203e+00,4.689505696296691895e-01,-8.141111135482788086e-01,7.333701848983764648e-01
1.478659272193908691e+00,-3.490213394165039062e+00,-7.263750076293945312e+00,9.342235326766967773e-02,-4.309237957000732422e+00,4.152070879936218262e-01,-8.425673246383666992e-01,7.591614723205566406e-01
1.327834606170654297e+00,-3.394721031188964844e+00,-7.437268733978271484e+00,1.002592742443084717e-01,-4.365145683288574219e+00,9.143241047859191895e-01,-7.228007912635803223e-01,8.791468739509582520e-01
1.625690460205078125e+00,-3.526464462280273438e+00,-7.196785449981689453e+00,1.081416308879852295e-01,-4.458749771118164062e+00,2.791647315025329590e-01,-8.546993136405944824e-01,9.117330312728881836e-01
1.617755413055419922e+00,-3.540787696838378906e+00,-7.162054538726806641e+00,5.280452966690063477e-02,-4.480821132659912109e+00,2.985057234764099121e-01,-1.003247261047363281e+00,9.550252556800842285e-01
1.699430465698242188e+00,-3.509045600891113281e+00,-7.126282215118408203e+00,1.160745620727539062e-01,-4.552185058593750000e+00,3.865812420845031738e-01,-8.657670617103576660e-01,9.914933443069458008e-01
1.706635713577270508e+00,-3.513433694839477539e+00,-7.145526885986328125e+00,1.207315027713775635e-01,-4.602741241455078125e+00,4.945688843727111816e-01,-8.357864022254943848e-01,1.073847651481628418e+00
1.708833694458007812e+00,-3.482180356979370117e+00,-7.094104766845703125e+00,1.170108616352081299e-01,-4.578167438507080078e+00,4.785975813865661621e-01,-8.652527928352355957e-01,1.078125953674316406e+00
1.775283217430114746e+00,-3.415692806243896484e+00,-6.873557090759277344e+00,6.604188680648803711e-02,-4.619588375091552734e+00,5.542541146278381348e-01,-1.068391919136047363e+00,1.251799225807189941e+00
1.757729768753051758e+00,-3.479019165039062500e+00,-6.990126609802246094e+00,5.913171172142028809e-02,-4.684023857116699219e+00,5.988554358482360840e-01,-1.035883069038391113e+00,1.295089364051818848e+00
1.973109602928161621e+00,-3.404813051223754883e+00,-6.641715526580810547e+00,9.109172224998474121e-02,-4.698511123657226562e+00,3.878251910209655762e-01,-1.124546408653259277e+00,1.303083896636962891e+00
-7.421704530715942383e-01,-4.055833816528320312e+00,-1.033458995819091797e+01,-2.340491116046905518e-01,-2.934748172760009766e+00,-8.402057290077209473e-01,-5.432440042495727539e-01,-1.712231755256652832e+00
-8.882436752319335938e-01,-4.269546031951904297e+00,-1.066353797912597656e+01,-3.138931095600128174e-01,-2.897671461105346680e+00,-1.141901731491088867e+00,-6.160968542098999023e-01,-1.794978260993957520e+00
-7.245789766311645508e-01,-4.234503746032714844e+00,-1.033896160125732422e+01,-3.188284337520599365e-01,-2.898137331008911133e+00,-1.338179349899291992e+00,-7.189652919769287109e-01,-1.379111409187316895e+00
-7.912166118621826172e-01,-4.207876205444335938e+00,-1.043835353851318359e+01,-2.982287108898162842e-01,-2.893395900726318359e+00,-1.239470958709716797e+00,-6.072615385055541992e-01,-1.270904779434204102e+00
-9.694824218750000000e-01,-4.277712345123291016e+00,-1.071856689453125000e+01,-3.171777427196502686e-01,-2.866153717041015625e+00,-1.029933691024780273e+00,-5.027124285697937012e-01,-1.235983490943908691e+00
-5.912770032882690430e-01,-4.146114826202392578e+00,-1.007338809967041016e+01,-2.721427977085113525e-01,-2.862241744995117188e+00,-1.448696494102478027e+00,-7.002885341644287109e-01,-1.245805025100708008e+00
-4.775346815586090088e-01,-4.022193908691406250e+00,-9.851550102233886719e+00,-2.162062227725982666e-01,-2.880665779113769531e+00,-1.350086927413940430e+00,-6.494619846343994141e-01,-1.176537394523620605e+00
-5.845682621002197266e-01,-4.004837512969970703e+00,-9.833289146423339844e+00,-2.138417065143585205e-01,-2.860243320465087891e+00,-7.541024088859558105e-01,-4.396110177040100098e-01,-1.524378210306167603e-01
-5.472271442413330078e-01,-3.942600011825561523e+00,-9.724461555480957031e+00,-1.841134130954742432e-01,-2.875190258026123047e+00,-5.644719600677490234e-01,-3.656380772590637207e-01,9.300851821899414062e-02
-3.452890217304229736e-01,-3.873650074005126953e+00,-9.325669288635253906e+00,-1.519446671009063721e-01,-2.853236913681030273e+00,-6.004663705825805664e-01,-4.194844961166381836e-01,2.716419100761413574e-01
-3.063307702541351318e-01,-3.855615139007568359e+00,-9.253498077392578125e+00,-1.441389620304107666e-01,-2.843720674514770508e+00,-6.079689264297485352e-01,-4.433927536010742188e-01,1.670499294996261597e-01
-2.427195608615875244e-01,-3.856859922409057617e+00,-9.274287223815917969e+00,-1.208535730838775635e-01,-2.840917825698852539e+00,-7.851195931434631348e-01,-5.327869653701782227e-01,-8.075624704360961914e-01
-1.928272545337677002e-01,-3.779786109924316406e+00,-9.033746719360351562e+00,-1.055602729320526123e-01,-2.836303710937500000e+00,-4.263117313385009766e-01,-4.673207104206085205e-01,-1.575325429439544678e-01
-2.275637984275817871e-01,-3.939962387084960938e+00,-9.178992271423339844e+00,-2.169457972049713135e-01,-2.884303808212280273e+00,-7.702714204788208008e-01,-7.399909496307373047e-01,-3.382226526737213135e-01
-2.115253508090972900e-01,-3.897964000701904297e+00,-9.078625679016113281e+00,-1.724893748760223389e-01,-2.831853389739990234e+00,-5.229215621948242188e-01,-6.179684400558471680e-01,-2.331509292125701904e-01
-1.158148527145385742e+00,-4.440830230712890625e+00,-1.125609779357910156e+01,-3.478341400623321533e-01,-2.943150520324707031e+00,-7.558708190917968750e-01,-5.186905860900878906e-01,-2.502043485641479492e+00
-1.007866978645324707e+00,-4.384159564971923828e+00,-1.103837203979492188e+01,-3.201591074466705322e-01,-2.967536211013793945e+00,-9.426349401473999023e-01,-5.681732892990112305e-01,-2.510636091232299805e+00
-7.921750545501708984e-01,-4.289849758148193359e+00,-1.070149707794189453e+01,-2.752090394496917725e-01,-2.985626935958862305e+00,-1.237624645233154297e+00,-6.160942316055297852e-01,-2.383002996444702148e+00
-9.950648546218872070e-01,-4.291634082794189453e+00,-1.097955226898193359e+01,-2.609980404376983643e-01,-2.974517345428466797e+00,-7.482537031173706055e-01,-3.962838649749755859e-01,-2.212505578994750977e+00
-7.686543464660644531e-01,-4.208323955535888672e+00,-1.059886837005615234e+01,-2.449167072772979736e-01,-3.003152132034301758e+00,-9.604071378707885742e-01,-5.452543497085571289e-01,-2.220618724822998047e+00
-6.932163238525390625e-01,-4.216492652893066406e+00,-1.048636913299560547e+01,-2.697651684284210205e-01,-2.996588468551635742e+00,-1.272835850715637207e+00,-6.863129138946533203e-01,-2.261489629745483398e+00
-5.671311616897583008e-01,-4.120862483978271484e+00,-1.025517845153808594e+01,-2.183170020580291748e-01,-2.989667415618896484e+00,-1.308429002761840820e+00,-6.532973647117614746e-01,-2.196675300598144531e+00
-3.878297507762908936e-01,-4.044180393218994141e+00,-9.979859352111816406e+00,-1.752400100231170654e-01,-3.009648561477661133e+00,-1.463441848754882812e+00,-6.809164881706237793e-01,-2.179645538330078125e+00
-4.416511356830596924e-01,-4.093524932861328125e+00,-1.005025672912597656e+01,-2.219608128070831299e-01,-3.032826185226440430e+00,-1.425334930419921875e+00,-7.393319606781005859e-01,-1.993272304534912109e+00
-3.434915244579315186e-01,-4.053446769714355469e+00,-9.874339103698730469e+00,-2.096040546894073486e-01,-3.029885292053222656e+00,-1.518220305442810059e+00,-7.897907495498657227e-01,-1.986954092979431152e+00
-1.908270716667175293e-01,-3.987353086471557617e+00,-9.563823699951171875e+00,-1.842050850391387939e-01,-3.027808427810668945e+00,-1.523415565490722656e+00,-8.153523206710815430e-01,-1.712164640426635742e+00
-3.297972381114959717e-01,-4.072994232177734375e+00,-9.753112792968750000e+00,-2.341825067996978760e-01,-2.978830814361572266e+00,-1.477668762207031250e+00,-8.374284505844116211e-01,-1.711459040641784668e+00
-4.972563087940216064e-01,-4.109665393829345703e+00,-1.005840015411376953e+01,-2.210136353969573975e-01,-2.967168807983398438e+00,-1.250399351119995117e+00,-6.741134524345397949e-01,-1.844251871109008789e+00
-2.414160072803497314e-01,-3.912077426910400391e+00,-9.650938987731933594e+00,-1.195804774761199951e-01,-3.040844678878784180e+00,-1.277897119522094727e+00,-5.954567193984985352e-01,-1.609712004661560059e+00
2.995868027210235596e-02,-3.821803092956542969e+00,-9.128600120544433594e+00,-1.072567403316497803e-01,-3.067695140838623047e+00,-1.370925664901733398e+00,-7.441976070404052734e-01,-1.257499456405639648e+00
8.232734203338623047e-01,-4.384437084197998047e+00,-8.943638801574707031e+00,-6.146731376647949219e-01,-4.868170261383056641e+00,-5.976185202598571777e-01,-2.288431167602539062e+00,-6.111271977424621582e-01
9.104155302047729492e-01,-4.315222263336181641e+00,-8.664968490600585938e+00,-6.007212400436401367e-01,-4.792269229888916016e+00,-5.792708992958068848e-01,-2.319737911224365234e+00,-4.036049246788024902e-01
9.225074052810668945e-01,-4.288947105407714844e+00,-8.613155364990234375e+00,-5.674711465835571289e-01,-4.759633541107177734e+00,-4.501342177391052246e-01,-2.233442544937133789e+00,-3.747075200080871582e-01
1.001100182533264160e+00,-4.272384643554687500e+00,-8.580783843994140625e+00,-5.077825784683227539e-01,-4.833784580230712891e+00,-3.594029843807220459e-01,-2.082980632781982422e+00,-2.091977894306182861e-01
1.044108748435974121e+00,-4.290376663208007812e+00,-8.502752304077148438e+00,-5.092782974243164062e-01,-4.822951793670654297e+00,-3.692164123058319092e-01,-2.107324361801147461e+00,-1.840518116950988770e-01
1.136583805084228516e+00,-4.234770298004150391e+00,-8.535230636596679688e+00,-4.516729414463043213e-01,-5.033437252044677734e+00,-1.723757982254028320e-01,-1.983375787734985352e+00,-1.177618578076362610e-01
1.016554832458496094e+00,-4.228783130645751953e+00,-8.492572784423828125e+00,-5.407503843307495117e-01,-4.807387828826904297e+00,-5.281380414962768555e-01,-2.236153364181518555e+00,-3.276747465133666992e-01
9.528661966323852539e-01,-4.264305114746093750e+00,-8.529605865478515625e+00,-5.339938402175903320e-01,-4.725748062133789062e+00,-3.904059827327728271e-01,-2.145153999328613281e+00,-2.049196064472198486e-01
1.074592709541320801e+00,-4.210813045501708984e+00,-8.342651367187500000e+00,-5.038330554962158203e-01,-4.752027511596679688e+00,-4.394698739051818848e-01,-2.154378890991210938e+00,-1.594166159629821777e-01
9.195713996887207031e-01,-4.253101348876953125e+00,-8.524023056030273438e+00,-5.164862871170043945e-01,-4.678175449371337891e+00,-2.021545171737670898e-01,-2.067016839981079102e+00,-1.652957051992416382e-01
1.099162220954895020e+00,-4.214138507843017578e+00,-8.407157897949218750e+00,-4.351749718189239502e-01,-4.824807167053222656e+00,-1.817557215690612793e-01,-1.930121183395385742e+00,-4.461275413632392883e-02
9.303860664367675781e-01,-4.123069763183593750e+00,-8.477470397949218750e+00,-4.202643334865570068e-01,-4.685202121734619141e+00,1.510545015335083008e-01,-1.810263872146606445e+00,-3.330391272902488708e-02
9.825125932693481445e-01,-4.018411636352539062e+00,-8.415201187133789062e+00,-3.796209394931793213e-01,-4.771671295166015625e+00,3.025776743888854980e-01,-1.745411872863769531e+00,4.510639607906341553e-02
1.039688348770141602e+00,-4.038321495056152344e+00,-8.091797828674316406e+00,-4.927020370960235596e-01,-4.599061012268066406e+00,-1.101993918418884277e-01,-2.166563510894775391e+00,-7.324872165918350220e-02
1.120664954185485840e+00,-4.053037643432617188e+00,-8.118492126464843750e+00,-4.781520068645477295e-01,-4.761880397796630859e+00,-3.939461708068847656e-02,-2.152311325073242188e+00,-8.022402971982955933e-02
9.208759069442749023e-01,-3.998763322830200195e+00,-8.204061508178710938e+00,-3.989033401012420654e-01,-4.355430126190185547e+00,-9.870994091033935547e-02,-1.893196463584899902e+00,-5.230550765991210938e-01
1.022213935852050781e+00,-3.990389108657836914e+00,-8.094091415405273438e+00,-3.389678299427032471e-01,-4.380893707275390625e+00,-1.025360226631164551e-01,-1.744631409645080566e+00,-1.995316892862319946e-01
9.833447933197021484e-01,-3.888799428939819336e+00,-8.056844711303710938e+00,-2.425030171871185303e-01,-4.343348026275634766e+00,4.374558329582214355e-01,-1.400821685791015625e+00,2.575231194496154785e-01
9.142518043518066406e-01,-3.933425188064575195e+00,-8.160063743591308594e+00,-2.846431434154510498e-01,-4.362534523010253906e+00,4.591420292854309082e-01,-1.442932486534118652e+00,4.012459516525268555e-01
1.000982522964477539e+00,-3.958848714828491211e+00,-8.072337150573730469e+00,-3.053424060344696045e-01,-4.381128311157226562e+00,2.209782600402832031e-01,-1.589995384216308594e+00,1.459390670061111450e-01
1.145558476448059082e+00,-3.828802585601806641e+00,-7.889616966247558594e+00,-1.426891386508941650e-01,-4.360475540161132812e+00,4.609976410865783691e-01,-1.265167474746704102e+00,-3.774759173393249512e-02
9.078657627105712891e-01,-3.740253686904907227e+00,-8.050787925720214844e+00,-1.270897090435028076e-01,-4.252174377441406250e+00,9.922376275062561035e-01,-1.037962198257446289e+00,3.818996548652648926e-01
1.061653971672058105e+00,-3.929551362991333008e+00,-8.114889144897460938e+00,-2.444668114185333252e-01,-4.491099834442138672e+00,3.869817852973937988e-01,-1.464148998260498047e+00,-5.444819852709770203e-02
1.235250115394592285e+00,-3.820436239242553711e+00,-7.779569149017333984e+00,-2.138396799564361572e-01,-4.547358036041259766e+00,4.754598736763000488e-01,-1.492291450500488281e+00,2.682295739650726318e-01
1.217337489128112793e+00,-3.972490549087524414e+00,-7.689879894256591797e+00,-3.210842907428741455e-01,-4.502587318420410156e+00,3.364909291267395020e-01,-1.652549147605895996e+00,1.113930702209472656e+00
1.126752018928527832e+00,-3.925096511840820312e+00,-7.769725322723388672e+00,-2.740428149700164795e-01,-4.391240596771240234e+00,4.584146142005920410e-01,-1.495545148849487305e+00,9.363682866096496582e-01
1.173503756523132324e+00,-3.858625650405883789e+00,-7.715006828308105469e+00,-2.510663568973541260e-01,-4.451517581939697266e+00,5.586048960685729980e-01,-1.484354734420776367e+00,8.728653192520141602e-01
1.352693557739257812e+00,-3.876079797744750977e+00,-7.600644588470458984e+00,-2.660134136676788330e-01,-4.565693855285644531e+00,2.070903182029724121e-01,-1.715042829513549805e+00,2.658212184906005859e-01
1.237352848052978516e+00,-3.788012266159057617e+00,-7.575348854064941406e+00,-2.472425401210784912e-01,-4.379476070404052734e+00,3.919807076454162598e-01,-1.647464752197265625e+00,1.143338829278945923e-01
1.282436490058898926e+00,-3.733592033386230469e+00,-7.509075641632080078e+00,-2.086558043956756592e-01,-4.408178329467773438e+00,4.633830189704895020e-01,-1.560022115707397461e+00,2.861619591712951660e-01
1.135558366775512695e+00,-3.452607393264770508e+00,-7.587283134460449219e+00,-3.002777695655822754e-02,-4.149024009704589844e+00,6.038960814476013184e-01,-1.123115539550781250e+00,-2.411640286445617676e-01
1.165659785270690918e+00,-3.398599863052368164e+00,-7.514433860778808594e+00,-2.076748013496398926e-02,-4.189485073089599609e+00,7.550808787345886230e-01,-1.120948791503906250e+00,-1.656463295221328735e-01
1.025455951690673828e+00,-3.290118455886840820e+00,-7.706073284149169922e+00,1.176336407661437988e-01,-4.097402095794677734e+00,1.227212905883789062e+00,-6.428408622741699219e-01,-1.579801589250564575e-01
1.300938367843627930e+00,-3.391528606414794922e+00,-7.400112628936767578e+00,3.979986906051635742e-02,-4.227674484252929688e+00,6.556847691535949707e-01,-1.033942103385925293e+00,-1.822137236595153809e-01
1.214232921600341797e+00,-3.357935667037963867e+00,-7.499870777130126953e+00,5.041909217834472656e-02,-4.186667919158935547e+00,7.616364359855651855e-01,-9.714516401290893555e-01,-3.044241070747375488e-01
1.296123862266540527e+00,-3.356099843978881836e+00,-7.379756927490234375e+00,4.488095641136169434e-02,-4.205279827117919922e+00,6.614158749580383301e-01,-1.048999547958374023e+00,-3.226074278354644775e-01
1.330101847648620605e+00,-3.302724838256835938e+00,-7.268449783325195312e+00,5.782014131546020508e-02,-4.169710159301757812e+00,6.449999213218688965e-01,-1.062171936035156250e+00,-3.335030972957611084e-01
1.275879383087158203e+00,-3.321910619735717773e+00,-7.310802459716796875e+00,5.153933167457580566e-02,-4.129139900207519531e+00,7.417640089988708496e-01,-1.028720140457153320e+00,-2.692740559577941895e-01
1.270542502403259277e+00,-3.281250476837158203e+00,-7.306714057922363281e+00,8.411511778831481934e-02,-4.121001720428466797e+00,8.473069071769714355e-01,-9.367966651916503906e-01,-2.334348857402801514e-01
1.407760620117187500e+00,-3.289450883865356445e+00,-7.170946121215820312e+00,9.221142530441284180e-02,-4.226304054260253906e+00,7.937654852867126465e-01,-9.733327627182006836e-01,-5.640610679984092712e-02
1.383440375328063965e+00,-3.318065166473388672e+00,-7.178253173828125000e+00,1.191026568412780762e-01,-4.115837097167968750e+00,7.449728846549987793e-01,-8.826550841331481934e-01,-1.218040063977241516e-01
1.343032002449035645e+00,-3.219526529312133789e+00,-7.262266159057617188e+00,1.959803700447082520e-01,-4.129824638366699219e+00,9.811405539512634277e-01,-6.613035202026367188e-01,-1.801134794950485229e-01
1.425816535949707031e+00,-3.278410911560058594e+00,-7.223818302154541016e+00,1.247313618659973145e-01,-4.277001857757568359e+00,8.112015128135681152e-01,-8.926111459732055664e-01,-1.160053461790084839e-01
1.388606905937194824e+00,-3.251169681549072266e+00,-7.173678398132324219e+00,1.463333368301391602e-01,-4.144019126892089844e+00,8.369173407554626465e-01,-8.322830796241760254e-01,-1.699408441781997681e-01
1.405659198760986328e+00,-3.210503816604614258e+00,-7.188557624816894531e+00,1.666683256626129150e-01,-4.196760654449462891e+00,8.825984597206115723e-01,-7.993740439414978027e-01,-2.250644266605377197e-01
8.912372589111328125e-01,-4.123856544494628906e+00,-9.007446289062500000e+00,-4.388599097728729248e-01,-5.141078948974609375e+00,9.268707036972045898e-02,-1.850610852241516113e+00,-5.131923556327819824e-01
7.719331979751586914e-01,-4.023000240325927734e+00,-8.955594062805175781e+00,-4.052288234233856201e-01,-4.983891963958740234e+00,5.663138031959533691e-01,-1.694281816482543945e+00,-3.811678290367126465e-01
1.042976617813110352e+00,-4.125116825103759766e+00,-8.517063140869140625e+00,-5.374614000320434570e-01,-5.027123451232910156e+00,-1.406352519989013672e-01,-2.248016119003295898e+00,-2.844778597354888916e-01
1.070697903633117676e+00,-4.141478061676025391e+00,-8.503682136535644531e+00,-5.434002876281738281e-01,-5.070712089538574219e+00,-1.011950373649597168e-01,-2.269568443298339844e+00,-2.665459811687469482e-01
1.029593229293823242e+00,-4.166641712188720703e+00,-8.247635841369628906e+00,-6.156995296478271484e-01,-4.790446281433105469e+00,-2.234635055065155029e-01,-2.475435733795166016e+00,-1.971249133348464966e-01
1.039420962333679199e+00,-4.151562690734863281e+00,-8.359685897827148438e+00,-5.528172254562377930e-01,-4.894418239593505859e+00,3.649115562438964844e-03,-2.273827075958251953e+00,-1.597053557634353638e-01
1.181260824203491211e+00,-4.093145370483398438e+00,-8.221676826477050781e+00,-4.885073006153106689e-01,-4.983413219451904297e+00,4.206091165542602539e-02,-2.183501243591308594e+00,-9.863904863595962524e-02
1.210448980331420898e+00,-4.066214084625244141e+00,-8.169632911682128906e+00,-4.660873115062713623e-01,-5.028718948364257812e+00,2.403771877288818359e-01,-2.106880664825439453e+00,1.475148051977157593e-01
1.403618216514587402e+00,-3.977588891983032227e+00,-7.936557292938232422e+00,-4.233925044536590576e-01,-5.097328662872314453e+00,-2.235007286071777344e-02,-2.165606260299682617e+00,2.562567591667175293e-02
9.795701503753662109e-01,-4.097782135009765625e+00,-8.199394226074218750e+00,-5.645250082015991211e-01,-4.697523593902587891e+00,1.466341018676757812e-01,-2.302441596984863281e+00,-1.202701777219772339e-01
1.294977068901062012e+00,-4.085335731506347656e+00,-8.023441314697265625e+00,-5.261898040771484375e-01,-5.054427146911621094e+00,5.851078033447265625e-02,-2.367835521697998047e+00,-7.009373605251312256e-02
1.401603937149047852e+00,-4.024682998657226562e+00,-7.838733673095703125e+00,-5.020753145217895508e-01,-5.094181060791015625e+00,1.115421056747436523e-01,-2.372413158416748047e+00,6.840714812278747559e-02
1.562743306159973145e+00,-3.969788789749145508e+00,-8.002805709838867188e+00,-3.253682553768157959e-01,-5.443844318389892578e+00,5.463506579399108887e-01,-1.917767047882080078e+00,5.760812386870384216e-02
1.588898658752441406e+00,-3.866691589355468750e+00,-7.768926143646240234e+00,-3.069505393505096436e-01,-5.301558017730712891e+00,5.472878813743591309e-01,-1.934348583221435547e+00,1.082926541566848755e-01
3.790961503982543945e+00,-3.952470064163208008e+00,-7.591313838958740234e+00,1.184957921504974365e-01,-8.527847290039062500e+00,-1.105466485023498535e-01,-1.781579256057739258e+00,2.808835208415985107e-01
1.725564897060394287e-01,-4.611268043518066406e+00,-9.860696792602539062e+00,-8.122731447219848633e-01,-4.496634483337402344e+00,-1.971379756927490234e+00,-2.382481098175048828e+00,-1.185574382543563843e-01
-5.531021952629089355e-02,-4.454746246337890625e+00,-9.997203826904296875e+00,-7.444758415222167969e-01,-4.345879077911376953e+00,-1.329291820526123047e+00,-2.077781438827514648e+00,-9.064718335866928101e-02
-4.176753759384155273e-02,-4.534111976623535156e+00,-9.942667007446289062e+00,-7.473924160003662109e-01,-4.280765056610107422e+00,-1.310162544250488281e+00,-2.044034004211425781e+00,1.038020029664039612e-01
7.119196653366088867e-02,-4.589034557342529297e+00,-9.956454277038574219e+00,-7.493009567260742188e-01,-4.437275886535644531e+00,-1.451053619384765625e+00,-2.104743003845214844e+00,-9.752461686730384827e-03
1.469171047210693359e-02,-4.563355922698974609e+00,-9.874051094055175781e+00,-7.813640832901000977e-01,-4.325784206390380859e+00,-1.391301631927490234e+00,-2.173180103302001953e+00,8.738396316766738892e-02
6.611528992652893066e-02,-4.655973911285400391e+00,-9.903977394104003906e+00,-8.038516044616699219e-01,-4.424571037292480469e+00,-1.372534751892089844e+00,-2.221270322799682617e+00,1.137026920914649963e-01
4.198503494262695312e-02,-4.558730602264404297e+00,-9.737768173217773438e+00,-8.182439804077148438e-01,-4.297896385192871094e+00,-1.356806039810180664e+00,-2.304113388061523438e+00,1.160193458199501038e-01
8.106856048107147217e-02,-4.607712268829345703e+00,-9.775717735290527344e+00,-8.620504140853881836e-01,-4.453243255615234375e+00,-1.281708240509033203e+00,-2.419795989990234375e+00,1.465179026126861572e-01
1.268628537654876709e-01,-4.566098213195800781e+00,-9.673241615295410156e+00,-8.581284284591674805e-01,-4.463129997253417969e+00,-1.237562656402587891e+00,-2.457807540893554688e+00,1.206911355257034302e-01
8.969882130622863770e-02,-4.567948818206787109e+00,-9.745022773742675781e+00,-8.553582429885864258e-01,-4.461322784423828125e+00,-1.228006839752197266e+00,-2.427432537078857422e+00,8.229283243417739868e-02
4.824459254741668701e-01,-4.684843063354492188e+00,-9.303929328918457031e+00,-9.499567747116088867e-01,-4.696013450622558594e+00,-1.787798404693603516e+00,-2.918021678924560547e+00,1.754325181245803833e-01
3.208602070808410645e-01,-4.599747657775878906e+00,-9.377641677856445312e+00,-9.247034788131713867e-01,-4.527062416076660156e+00,-1.586130380630493164e+00,-2.782721042633056641e+00,1.376078873872756958e-01
4.732246100902557373e-01,-4.571351528167724609e+00,-9.432125091552734375e+00,-8.661199808120727539e-01,-4.867847919464111328e+00,-1.338965177536010742e+00,-2.661342382431030273e+00,2.730761766433715820e-01
5.339604616165161133e-01,-4.628097057342529297e+00,-9.457550048828125000e+00,-8.904341459274291992e-01,-4.992469310760498047e+00,-1.364198088645935059e+00,-2.746847391128540039e+00,2.086767107248306274e-01
1.846169233322143555e-01,-4.623311042785644531e+00,-9.490645408630371094e+00,-9.748874902725219727e-01,-4.498521327972412109e+00,-1.254648923873901367e+00,-2.824105262756347656e+00,1.155764535069465637e-01
1.054687380790710449e+00,-3.055874109268188477e+00,-7.312326908111572266e+00,5.768370628356933594e-02,-3.887008666992187500e+00,6.129211783409118652e-01,-9.869919419288635254e-01,-7.728378474712371826e-02
1.177376031875610352e+00,-3.038152933120727539e+00,-7.127177715301513672e+00,7.445675134658813477e-02,-3.911342382431030273e+00,5.675382018089294434e-01,-1.020396709442138672e+00,-2.140811830759048462e-02
1.166530132293701172e+00,-2.990746498107910156e+00,-7.112353324890136719e+00,1.057751774787902832e-01,-3.908818244934082031e+00,7.685329318046569824e-01,-9.225850105285644531e-01,5.491911247372627258e-02
1.059407830238342285e+00,-2.925123214721679688e+00,-7.259426593780517578e+00,1.511321365833282471e-01,-3.865752220153808594e+00,9.185392260551452637e-01,-7.476435899734497070e-01,-1.633049175143241882e-02
1.286260128021240234e+00,-2.952518224716186523e+00,-6.968598365783691406e+00,1.165896952152252197e-01,-3.932563543319702148e+00,4.764733910560607910e-01,-1.014019727706909180e+00,-9.004609286785125732e-02
1.190258383750915527e+00,-2.910910606384277344e+00,-7.104139804840087891e+00,1.632236838340759277e-01,-3.920749187469482422e+00,8.146943449974060059e-01,-8.114832639694213867e-01,-7.506701350212097168e-02
1.253997921943664551e+00,-2.964126348495483398e+00,-6.995242595672607422e+00,1.214011907577514648e-01,-3.904894828796386719e+00,5.821508765220642090e-01,-9.689552187919616699e-01,-7.404082268476486206e-02
1.319443464279174805e+00,-2.933806657791137695e+00,-6.921790599822998047e+00,1.503200232982635498e-01,-3.943580865859985352e+00,6.333932280540466309e-01,-9.323431253433227539e-01,-6.691145151853561401e-02
1.372737765312194824e+00,-2.951404094696044922e+00,-6.788876533508300781e+00,1.232961416244506836e-01,-3.917284727096557617e+00,5.237346291542053223e-01,-1.040127992630004883e+00,1.964294165372848511e-02
1.242688298225402832e+00,-2.901966810226440430e+00,-6.972606658935546875e+00,1.477844119071960449e-01,-3.897672891616821289e+00,7.629486918449401855e-01,-9.067750573158264160e-01,-1.130753606557846069e-01
1.336562991142272949e+00,-2.918907403945922852e+00,-6.839432716369628906e+00,1.403372883796691895e-01,-3.919871807098388672e+00,6.655886769294738770e-01,-9.825807213783264160e-01,-7.118350267410278320e-02
1.535151004791259766e+00,-2.916342258453369141e+00,-6.576261520385742188e+00,1.518372893333435059e-01,-3.973010540008544922e+00,4.204903244972229004e-01,-1.072688460350036621e+00,6.689390540122985840e-02
1.391439199447631836e+00,-2.933904409408569336e+00,-6.759769916534423828e+00,1.368949115276336670e-01,-3.892783403396606445e+00,4.544532895088195801e-01,-1.039237618446350098e+00,-1.098989844322204590e-01
1.456124782562255859e+00,-2.946810960769653320e+00,-6.670815467834472656e+00,1.117215752601623535e-01,-3.939664602279663086e+00,3.868833184242248535e-01,-1.146152734756469727e+00,-5.844239145517349243e-02
1.320905208587646484e+00,-2.906785249710083008e+00,-6.861492633819580078e+00,1.650676727294921875e-01,-3.896539449691772461e+00,7.096166014671325684e-01,-9.016931653022766113e-01,-6.182136759161949158e-02
-5.050024986267089844e-01,-3.835986137390136719e+00,-9.746364593505859375e+00,-7.839527726173400879e-02,-2.793166637420654297e+00,-1.659830212593078613e-01,-3.724232316017150879e-01,-2.204898357391357422e+00
-3.936475813388824463e-01,-3.751360177993774414e+00,-9.525911331176757812e+00,-6.378659605979919434e-02,-2.829163074493408203e+00,1.121222972869873047e-03,-4.522890746593475342e-01,-2.390831708908081055e+00
-4.132013022899627686e-01,-3.806565761566162109e+00,-9.538081169128417969e+00,-9.090402722358703613e-02,-2.791533231735229492e+00,-9.428125619888305664e-02,-4.958016872406005859e-01,-2.315479516983032227e+00
-3.761259019374847412e-01,-3.811875581741333008e+00,-9.506735801696777344e+00,-9.035256505012512207e-02,-2.807453155517578125e+00,-2.105254530906677246e-01,-5.141209363937377930e-01,-2.263110399246215820e+00
-2.271004617214202881e-01,-3.760803222656250000e+00,-9.229349136352539062e+00,-8.539411425590515137e-02,-2.804790735244750977e+00,-3.506934940814971924e-01,-6.276154518127441406e-01,-2.249325752258300781e+00
2.459716796875000000e-02,-3.678199291229248047e+00,-8.891396522521972656e+00,-6.107184290885925293e-02,-2.951546907424926758e+00,-4.628283679485321045e-01,-7.258535623550415039e-01,-2.021675348281860352e+00
-9.996485710144042969e-02,-3.672111749649047852e+00,-9.017236709594726562e+00,-4.492136836051940918e-02,-2.857312202453613281e+00,-3.310591876506805420e-01,-5.935522317886352539e-01,-1.973674535751342773e+00
-1.332656443119049072e-01,-3.669756889343261719e+00,-9.060878753662109375e+00,-4.958572983741760254e-02,-2.846536397933959961e+00,-2.937966287136077881e-01,-5.972758531570434570e-01,-2.075820446014404297e+00
4.762279987335205078e-02,-3.624914646148681641e+00,-8.795254707336425781e+00,-5.348691344261169434e-02,-2.960425138473510742e+00,-3.397787511348724365e-01,-7.148027420043945312e-01,-1.829688906669616699e+00
-2.856224775314331055e-03,-3.601525306701660156e+00,-8.870405197143554688e+00,-3.207913041114807129e-02,-2.927514791488647461e+00,-3.281544446945190430e-01,-6.360129117965698242e-01,-1.894053816795349121e+00
2.298915386199951172e-02,-3.584996223449707031e+00,-8.859413146972656250e+00,-2.807602286338806152e-02,-3.004425764083862305e+00,-1.637562513351440430e-01,-6.300092339515686035e-01,-1.854745388031005859e+00
2.965737879276275635e-02,-3.595912456512451172e+00,-8.844134330749511719e+00,-1.343604922294616699e-02,-2.959517240524291992e+00,-2.360588014125823975e-01,-5.928953886032104492e-01,-1.857699394226074219e+00
1.126803159713745117e-01,-3.595059871673583984e+00,-8.729143142700195312e+00,-1.403638720512390137e-02,-2.972389936447143555e+00,-3.751159608364105225e-01,-6.559973955154418945e-01,-1.859007358551025391e+00
1.983735561370849609e-01,-3.522591829299926758e+00,-8.626150131225585938e+00,2.060216665267944336e-02,-3.072169780731201172e+00,-2.170200347900390625e-01,-6.078465580940246582e-01,-1.706974744796752930e+00
7.679964601993560791e-02,-3.573048353195190430e+00,-8.807979583740234375e+00,2.478748559951782227e-03,-3.040037870407104492e+00,-8.968377113342285156e-02,-5.616433620452880859e-01,-1.758972764015197754e+00
1.227623105049133301e+00,-3.945676326751708984e+00,-8.140113830566406250e+00,-3.492558300495147705e-01,-4.836143970489501953e+00,-4.220470786094665527e-01,-1.861314773559570312e+00,1.672705709934234619e-01
1.399552822113037109e+00,-4.045868396759033203e+00,-7.953233718872070312e+00,-3.982031047344207764e-01,-4.926742076873779297e+00,-6.374161839485168457e-01,-2.075942516326904297e+00,2.174521535634994507e-01
1.305454611778259277e+00,-3.892796993255615234e+00,-7.841871738433837891e+00,-3.713369071483612061e-01,-4.738656044006347656e+00,-4.203729927539825439e-01,-2.017135620117187500e+00,1.466597020626068115e-01
1.473601341247558594e+00,-3.847694396972656250e+00,-7.682559967041015625e+00,-2.893119752407073975e-01,-4.831160068511962891e+00,-3.593201935291290283e-01,-1.875280976295471191e+00,2.811797559261322021e-01
1.667971968650817871e+00,-3.751504659652709961e+00,-7.469435214996337891e+00,-2.819660604000091553e-01,-5.009394645690917969e+00,-4.380337297916412354e-01,-2.029263019561767578e+00,1.414460837841033936e-01
1.580635070800781250e+00,-3.715008497238159180e+00,-7.435813903808593750e+00,-2.708580195903778076e-01,-4.840408325195312500e+00,-3.656256794929504395e-01,-1.956181168556213379e+00,2.334283888339996338e-01
1.539723277091979980e+00,-3.718285799026489258e+00,-7.557097911834716797e+00,-2.540814578533172607e-01,-4.898344516754150391e+00,-1.835808753967285156e-01,-1.861422538757324219e+00,2.448834925889968872e-01
1.674942016601562500e+00,-3.623636960983276367e+00,-7.281831741333007812e+00,-1.994182765483856201e-01,-4.867413520812988281e+00,-1.982663869857788086e-01,-1.817421436309814453e+00,3.853414952754974365e-01
1.761871099472045898e+00,-3.614971399307250977e+00,-7.297608375549316406e+00,-1.392759382724761963e-01,-4.955079555511474609e+00,-2.832427322864532471e-01,-1.693301677703857422e+00,3.750644028186798096e-01
1.782567143440246582e+00,-3.648113965988159180e+00,-7.136748790740966797e+00,-2.056045234203338623e-01,-4.883263587951660156e+00,-3.747438788414001465e-01,-1.896903276443481445e+00,4.474902451038360596e-01
1.753822803497314453e+00,-3.660474777221679688e+00,-7.181830406188964844e+00,-2.129700481891632080e-01,-4.874429702758789062e+00,-3.869797885417938232e-01,-1.896538972854614258e+00,4.391699731349945068e-01
1.942672491073608398e+00,-3.614653587341308594e+00,-7.019904613494873047e+00,-1.385368406772613525e-01,-4.986887931823730469e+00,-4.272423982620239258e-01,-1.806835889816284180e+00,4.622702300548553467e-01
2.015956401824951172e+00,-3.639355659484863281e+00,-6.895879745483398438e+00,-1.839239299297332764e-01,-5.050684928894042969e+00,-4.421981275081634521e-01,-1.960549116134643555e+00,6.145327091217041016e-01
1.643535375595092773e+00,-3.514898300170898438e+00,-7.084128379821777344e+00,-1.429062783718109131e-01,-4.666478157043457031e+00,7.335680723190307617e-02,-1.660039186477661133e+00,5.820985436439514160e-01
2.046557426452636719e+00,-3.505561590194702148e+00,-6.838567733764648438e+00,-9.442189335823059082e-02,-5.071697235107421875e+00,-1.508598923683166504e-01,-1.758403897285461426e+00,5.876516699790954590e-01
-6.413861513137817383e-01,-3.964365959167480469e+00,-9.680805206298828125e+00,-3.690496385097503662e-01,-2.827440738677978516e+00,-3.928655087947845459e-01,-9.844114780426025391e-01,-1.078719019889831543e+00
-7.325907945632934570e-01,-3.958100318908691406e+00,-9.784105300903320312e+00,-3.214899003505706787e-01,-2.767336130142211914e+00,-1.211653351783752441e-01,-7.529956698417663574e-01,-8.778048753738403320e-01
-5.883283615112304688e-01,-3.939584255218505859e+00,-9.600419044494628906e+00,-3.292273581027984619e-01,-2.825161933898925781e+00,-2.671439945697784424e-01,-9.113788008689880371e-01,-1.129421353340148926e+00
-5.938915014266967773e-01,-3.901287078857421875e+00,-9.566173553466796875e+00,-3.305424749851226807e-01,-2.847812891006469727e+00,-9.118819236755371094e-02,-9.088605046272277832e-01,-1.036131858825683594e+00
-4.637889564037322998e-01,-3.916314601898193359e+00,-9.355401992797851562e+00,-3.812350928783416748e-01,-2.877008438110351562e+00,-4.363580048084259033e-01,-1.146215081214904785e+00,-9.523028731346130371e-01
-4.612078368663787842e-01,-3.863910913467407227e+00,-9.364223480224609375e+00,-3.181789815425872803e-01,-2.860501289367675781e+00,-3.288254737854003906e-01,-9.777848720550537109e-01,-9.586019515991210938e-01
-6.377719640731811523e-01,-3.892761230468750000e+00,-9.529331207275390625e+00,-3.412825763225555420e-01,-2.757955551147460938e+00,-1.359406709671020508e-01,-9.002086520195007324e-01,-8.045841455459594727e-01
-5.402147769927978516e-01,-3.965818405151367188e+00,-9.381707191467285156e+00,-3.948256075382232666e-01,-2.841402292251586914e+00,-3.200054168701171875e-02,-1.066426753997802734e+00,-6.496387124061584473e-01
-5.306289196014404297e-01,-3.864309072494506836e+00,-9.322843551635742188e+00,-3.463853299617767334e-01,-2.800537586212158203e+00,-3.305840492248535156e-02,-9.796591997146606445e-01,-6.876611709594726562e-01
-4.544869959354400635e-01,-3.889869928359985352e+00,-9.216912269592285156e+00,-3.589753210544586182e-01,-2.827388286590576172e+00,-1.013568043708801270e-01,-1.048699975013732910e+00,-6.029111742973327637e-01
-4.551041424274444580e-01,-3.903137922286987305e+00,-9.257600784301757812e+00,-3.608480989933013916e-01,-2.848713159561157227e+00,-1.414541602134704590e-01,-1.055574774742126465e+00,-6.744132637977600098e-01
-4.900110661983489990e-01,-3.913359403610229492e+00,-9.299168586730957031e+00,-3.769026696681976318e-01,-2.815904378890991211e+00,-2.413708269596099854e-01,-1.092996835708618164e+00,-7.592237591743469238e-01
-4.772321879863739014e-01,-3.920725345611572266e+00,-9.284667968750000000e+00,-3.791734874248504639e-01,-2.820443630218505859e+00,-2.563501298427581787e-01,-1.104877829551696777e+00,-7.543491721153259277e-01
-5.028389692306518555e-01,-3.933948516845703125e+00,-9.265904426574707031e+00,-3.596472442150115967e-01,-2.774990081787109375e+00,3.168165683746337891e-03,-9.996664524078369141e-01,-6.075823903083801270e-01
-2.608689367771148682e-01,-3.988476514816284180e+00,-9.010113716125488281e+00,-4.092375338077545166e-01,-2.878011465072631836e+00,-5.706174373626708984e-01,-1.320480346679687500e+00,-7.601031064987182617e-01
4.939091801643371582e-01,-3.546543598175048828e+00,-8.220038414001464844e+00,-1.124174892902374268e-01,-3.352777957916259766e+00,-8.724120855331420898e-01,-1.064733982086181641e+00,-5.033165812492370605e-01
1.704859137535095215e-01,-3.354718446731567383e+00,-8.558588981628417969e+00,3.718936443328857422e-02,-3.164839267730712891e+00,-1.001713871955871582e-01,-4.653967618942260742e-01,-5.172641277313232422e-01
1.713264286518096924e-01,-3.411589145660400391e+00,-8.487709999084472656e+00,2.201774716377258301e-02,-3.031100034713745117e+00,-2.890082895755767822e-01,-5.171871781349182129e-01,-6.017544865608215332e-01
1.683362126350402832e-01,-3.470068693161010742e+00,-8.462334632873535156e+00,-2.330896258354187012e-02,-3.014652013778686523e+00,-3.679032027721405029e-01,-6.185910701751708984e-01,-4.868574142456054688e-01
1.328247636556625366e-01,-3.541064977645874023e+00,-8.509447097778320312e+00,-5.955395102500915527e-02,-3.000479936599731445e+00,-3.803840279579162598e-01,-6.652258634567260742e-01,-4.027375876903533936e-01
1.665146499872207642e-01,-3.520693302154541016e+00,-8.433979034423828125e+00,-6.866851449012756348e-02,-2.984929323196411133e+00,-5.137888193130493164e-01,-7.365744113922119141e-01,-4.438276886940002441e-01
5.436953902244567871e-02,-3.426455974578857422e+00,-8.559468269348144531e+00,1.873004436492919922e-02,-2.964338541030883789e+00,4.298394918441772461e-02,-3.993589878082275391e-01,-2.922495007514953613e-01
-1.352654397487640381e-01,-3.446019887924194336e+00,-8.809511184692382812e+00,3.882452845573425293e-02,-2.853691101074218750e+00,2.087080478668212891e-01,-2.071495056152343750e-01,-3.110167682170867920e-01
5.100753903388977051e-02,-3.439715385437011719e+00,-8.519904136657714844e+00,4.005402326583862305e-03,-2.880529880523681641e+00,-1.593863368034362793e-01,-4.664181470870971680e-01,-4.155011177062988281e-01
-1.190348565578460693e-01,-3.508218526840209961e+00,-8.786308288574218750e+00,2.634167671203613281e-03,-2.805466651916503906e+00,-3.917437791824340820e-02,-3.358597755432128906e-01,-4.942090213298797607e-01
1.040379256010055542e-01,-3.493233919143676758e+00,-8.457207679748535156e+00,-1.154062151908874512e-02,-2.866112232208251953e+00,-3.231022357940673828e-01,-5.371634364128112793e-01,-4.455506503582000732e-01
-1.657485961914062500e-03,-3.493538618087768555e+00,-8.605909347534179688e+00,2.202498912811279297e-02,-2.815438985824584961e+00,-9.415507316589355469e-02,-3.605321645736694336e-01,-4.593156576156616211e-01
1.016539782285690308e-01,-3.491408824920654297e+00,-8.442772865295410156e+00,6.492733955383300781e-03,-2.841500759124755859e+00,-2.497177124023437500e-01,-4.736694693565368652e-01,-3.803292512893676758e-01
1.273680776357650757e-01,-3.486253976821899414e+00,-8.398149490356445312e+00,-4.539430141448974609e-03,-2.834701061248779297e+00,-3.762217462062835693e-01,-5.393718481063842773e-01,-4.385164082050323486e-01
3.924037516117095947e-02,-3.499024391174316406e+00,-8.537364959716796875e+00,-1.093462109565734863e-02,-2.829769134521484375e+00,-2.761045396327972412e-01,-4.919578731060028076e-01,-4.589814245700836182e-01
-3.832474648952484131e-01,-3.678141117095947266e+00,-9.698779106140136719e+00,-1.017600595951080322e-01,-3.008554935455322266e+00,-8.859040141105651855e-01,-5.770844221115112305e-01,-1.961999773979187012e+00
-5.566194057464599609e-01,-3.993341922760009766e+00,-1.003882503509521484e+01,-2.473596632480621338e-01,-2.957469463348388672e+00,-1.281532287597656250e+00,-7.563377618789672852e-01,-1.738099694252014160e+00
-5.945217609405517578e-01,-4.069118022918701172e+00,-1.012938594818115234e+01,-2.688282430171966553e-01,-2.941470623016357422e+00,-1.299596309661865234e+00,-7.793544530868530273e-01,-1.872407913208007812e+00
-6.789025068283081055e-01,-4.193013191223144531e+00,-1.022595024108886719e+01,-2.972719371318817139e-01,-2.857028722763061523e+00,-1.285335779190063477e+00,-7.312445640563964844e-01,-1.610784173011779785e+00
-7.608278989791870117e-01,-4.310042858123779297e+00,-1.016399765014648438e+01,-3.834066689014434814e-01,-2.803128242492675781e+00,-1.202134966850280762e+00,-7.269355058670043945e-01,-1.937138885259628296e-01
-8.402751684188842773e-01,-4.378875255584716797e+00,-1.028096771240234375e+01,-4.259384572505950928e-01,-2.790822029113769531e+00,-1.188749790191650391e+00,-7.667638063430786133e-01,-1.467453688383102417e-01
-8.016219139099121094e-01,-4.329349994659423828e+00,-1.023278236389160156e+01,-3.930881321430206299e-01,-2.806964397430419922e+00,-1.128812789916992188e+00,-7.218788862228393555e-01,-2.401404231786727905e-01
-7.924584150314331055e-01,-4.319265842437744141e+00,-1.017368316650390625e+01,-3.908604681491851807e-01,-2.801497459411621094e+00,-1.035617351531982422e+00,-6.978839039802551270e-01,-2.096102572977542877e-02
-7.369633913040161133e-01,-4.320127964019775391e+00,-1.015392875671386719e+01,-3.975541293621063232e-01,-2.815680742263793945e+00,-1.298462390899658203e+00,-8.076647520065307617e-01,-4.007868766784667969e-01
-5.430272817611694336e-01,-4.163709640502929688e+00,-9.854361534118652344e+00,-3.361716568470001221e-01,-2.861459016799926758e+00,-1.384356975555419922e+00,-8.491667509078979492e-01,-6.422236561775207520e-01
-7.244048118591308594e-01,-4.242032051086425781e+00,-1.015882587432861328e+01,-3.533964455127716064e-01,-2.836629629135131836e+00,-1.234401702880859375e+00,-7.324817776679992676e-01,-5.795311331748962402e-01
-9.206067323684692383e-01,-4.343730449676513672e+00,-1.039885044097900391e+01,-4.047066867351531982e-01,-2.796107292175292969e+00,-1.016801357269287109e+00,-6.464282274246215820e-01,-6.280628591775894165e-02
-9.414536952972412109e-01,-4.378611564636230469e+00,-1.049529552459716797e+01,-3.939549624919891357e-01,-2.787357807159423828e+00,-1.082636594772338867e+00,-6.126774549484252930e-01,-2.861182093620300293e-01
-9.770534038543701172e-01,-4.464704513549804688e+00,-1.055407428741455078e+01,-4.397870004177093506e-01,-2.763334035873413086e+00,-1.195210933685302734e+00,-6.950954794883728027e-01,-2.766512334346771240e-01
-7.854458093643188477e-01,-4.300130844116210938e+00,-1.028091239929199219e+01,-3.768328726291656494e-01,-2.828476905822753906e+00,-1.296261668205261230e+00,-7.391870021820068359e-01,-5.767210125923156738e-01
8.843586444854736328e-01,-4.510252475738525391e+00,-8.446224212646484375e+00,-8.154667615890502930e-01,-4.773102760314941406e+00,-6.322664618492126465e-01,-2.717393398284912109e+00,9.608902931213378906e-01
1.543328166007995605e+00,-4.306914806365966797e+00,-8.016284942626953125e+00,-4.286828339099884033e-01,-5.213654518127441406e+00,-3.733647763729095459e-01,-2.045771598815917969e+00,7.829478979110717773e-01
1.687295079231262207e+00,-4.210953712463378906e+00,-7.777956485748291016e+00,-3.479776680469512939e-01,-5.299334049224853516e+00,-7.717978954315185547e-02,-1.849585533142089844e+00,1.412554264068603516e+00
1.793112158775329590e+00,-3.868306398391723633e+00,-7.472993850708007812e+00,-2.462079226970672607e-01,-5.271515369415283203e+00,1.735188961029052734e-01,-1.841643095016479492e+00,6.765643954277038574e-01
1.722360730171203613e+00,-3.889298439025878906e+00,-7.428998947143554688e+00,-2.466692626476287842e-01,-5.096841335296630859e+00,1.589508652687072754e-01,-1.772653698921203613e+00,9.512774944305419922e-01
1.548315286636352539e+00,-3.794826269149780273e+00,-7.435464859008789062e+00,-2.669736444950103760e-01,-4.893602371215820312e+00,4.042002558708190918e-01,-1.798399209976196289e+00,6.912609934806823730e-01
1.452891707420349121e+00,-3.763882160186767578e+00,-7.468782424926757812e+00,-2.112372219562530518e-01,-4.725653171539306641e+00,5.977360606193542480e-01,-1.590348958969116211e+00,6.617943048477172852e-01
1.727656006813049316e+00,-3.847250223159790039e+00,-7.213296890258789062e+00,-2.454397380352020264e-01,-4.892981529235839844e+00,1.868698596954345703e-01,-1.840876579284667969e+00,6.844822764396667480e-01
1.641468882560729980e+00,-3.832578897476196289e+00,-7.288637161254882812e+00,-2.421454489231109619e-01,-4.870230197906494141e+00,3.706867098808288574e-01,-1.743119001388549805e+00,9.555035829544067383e-01
1.872236490249633789e+00,-3.846284151077270508e+00,-7.169685840606689453e+00,-2.221539318561553955e-01,-5.127933979034423828e+00,3.369671702384948730e-01,-1.823718309402465820e+00,8.204956650733947754e-01
1.764079570770263672e+00,-3.824110031127929688e+00,-7.030664443969726562e+00,-2.889371216297149658e-01,-4.874386310577392578e+00,2.761784195899963379e-01,-1.992171287536621094e+00,8.116141557693481445e-01
1.663987517356872559e+00,-3.733030557632446289e+00,-7.087648391723632812e+00,-2.094558775424957275e-01,-4.740094184875488281e+00,4.575802683830261230e-01,-1.719582080841064453e+00,8.996235728263854980e-01
1.837275624275207520e+00,-3.616859912872314453e+00,-6.745735168457031250e+00,-1.478010714054107666e-01,-4.711158275604248047e+00,4.752121567726135254e-01,-1.704961776733398438e+00,8.929664492607116699e-01
1.878275990486145020e+00,-3.687279224395751953e+00,-6.928440570831298828e+00,-1.285165846347808838e-01,-4.903474330902099609e+00,4.578377604484558105e-01,-1.618378996849060059e+00,9.423622488975524902e-01
1.872719883918762207e+00,-3.518317222595214844e+00,-6.675265789031982422e+00,-9.818455576896667480e-02,-4.773489952087402344e+00,8.021902441978454590e-01,-1.592811346054077148e+00,9.825872182846069336e-01
