4.489542484283447266e+00,4.792567253112792969e+00,-2.247724771499633789e+00,6.823710441589355469e+00,4.273395538330078125e+00,6.977032661437988281e+00,7.398785591125488281e+00,5.332006454467773438e+00,1.112949180603027344e+01,5.134759902954101562e+00
4.503094673156738281e+00,4.854100227355957031e+00,-2.153678417205810547e+00,6.802631855010986328e+00,4.397769927978515625e+00,7.077082633972167969e+00,7.329385280609130859e+00,5.391379833221435547e+00,1.125417518615722656e+01,5.209882736206054688e+00
4.379374027252197266e+00,4.855830192565917969e+00,-2.411332130432128906e+00,6.926514625549316406e+00,4.207250118255615234e+00,6.975930690765380859e+00,7.573391914367675781e+00,5.189948081970214844e+00,1.095825386047363281e+01,5.126419067382812500e+00
4.432953834533691406e+00,4.798834800720214844e+00,-2.269299507141113281e+00,6.893469810485839844e+00,4.293398857116699219e+00,6.945717811584472656e+00,7.505119800567626953e+00,5.281331062316894531e+00,1.101711463928222656e+01,5.155369281768798828e+00
4.471511363983154297e+00,4.788057327270507812e+00,-2.190271854400634766e+00,6.823978900909423828e+00,4.363078117370605469e+00,7.027108192443847656e+00,7.402702331542968750e+00,5.345178127288818359e+00,1.115085029602050781e+01,5.170554637908935547e+00
4.545278549194335938e+00,4.837716102600097656e+00,-1.939013957977294922e+00,6.771760463714599609e+00,4.458077430725097656e+00,7.120215415954589844e+00,7.196597576141357422e+00,5.487643241882324219e+00,1.139576339721679688e+01,5.249809265136718750e+00
4.458211898803710938e+00,4.796586990356445312e+00,-2.284959554672241211e+00,6.858320713043212891e+00,4.355132102966308594e+00,7.029713153839111328e+00,7.493754386901855469e+00,5.308652877807617188e+00,1.108496093750000000e+01,5.152312755584716797e+00
4.432165145874023438e+00,4.846558570861816406e+00,-2.268609285354614258e+00,6.892587184906005859e+00,4.293291091918945312e+00,6.873524188995361328e+00,7.481547832489013672e+00,5.286721229553222656e+00,1.105635452270507812e+01,5.159614562988281250e+00
4.379942893981933594e+00,4.886200904846191406e+00,-2.514839649200439453e+00,7.050706386566162109e+00,4.243858814239501953e+00,6.937784671783447266e+00,7.740378856658935547e+00,5.110574722290039062e+00,1.083866882324218750e+01,5.170441150665283203e+00
4.454719543457031250e+00,4.809199333190917969e+00,-2.128448724746704102e+00,6.800584316253662109e+00,4.383710861206054688e+00,7.042357921600341797e+00,7.339071750640869141e+00,5.361399173736572266e+00,1.114685058593750000e+01,5.180101394653320312e+00
4.504780292510986328e+00,4.742836952209472656e+00,-1.706326961517333984e+00,6.677995681762695312e+00,4.241758823394775391e+00,7.128921031951904297e+00,7.104013919830322266e+00,5.570762157440185547e+00,1.127259254455566406e+01,5.219840049743652344e+00
4.490729808807373047e+00,4.741035461425781250e+00,-1.649086713790893555e+00,6.649091243743896484e+00,4.107758522033691406e+00,7.349093437194824219e+00,7.203977584838867188e+00,5.616500377655029297e+00,1.125844764709472656e+01,5.178651332855224609e+00
4.499816894531250000e+00,4.856104850769042969e+00,-1.556834936141967773e+00,6.638568878173828125e+00,4.094002723693847656e+00,6.996349334716796875e+00,7.030124664306640625e+00,5.573703289031982422e+00,1.120858955383300781e+01,5.166978836059570312e+00
4.527371883392333984e+00,4.827052116394042969e+00,-1.714110374450683594e+00,6.706110477447509766e+00,4.254542350769042969e+00,7.128654479980468750e+00,7.134829521179199219e+00,5.514638900756835938e+00,1.119311141967773438e+01,5.195154190063476562e+00
4.473308086395263672e+00,4.757884502410888672e+00,-1.747769594192504883e+00,6.709166049957275391e+00,4.244198322296142578e+00,7.044953823089599609e+00,7.127961158752441406e+00,5.501389980316162109e+00,1.111845970153808594e+01,5.196451663970947266e+00
4.419531345367431641e+00,4.853734970092773438e+00,-1.699252843856811523e+00,6.687326431274414062e+00,4.045734405517578125e+00,7.028279304504394531e+00,7.166585445404052734e+00,5.457684993743896484e+00,1.102607154846191406e+01,5.125360488891601562e+00
4.463525295257568359e+00,4.825566291809082031e+00,-1.660164117813110352e+00,6.666914463043212891e+00,4.075986862182617188e+00,7.145385742187500000e+00,7.148263454437255859e+00,5.533412456512451172e+00,1.115101432800292969e+01,5.157123088836669922e+00
4.481773853302001953e+00,4.861535072326660156e+00,-1.453654766082763672e+00,6.571527004241943359e+00,4.027924537658691406e+00,6.985994338989257812e+00,6.939897060394287109e+00,5.638327598571777344e+00,1.125092315673828125e+01,5.178802013397216797e+00
4.491169929504394531e+00,4.871984481811523438e+00,-1.469534158706665039e+00,6.607537269592285156e+00,4.031193733215332031e+00,7.040993690490722656e+00,6.971662521362304688e+00,5.640048980712890625e+00,1.129161643981933594e+01,5.190370082855224609e+00
4.464673995971679688e+00,4.868799209594726562e+00,-1.423116207122802734e+00,6.561119556427001953e+00,3.943136215209960938e+00,6.997901439666748047e+00,6.939032077789306641e+00,5.619465351104736328e+00,1.124567794799804688e+01,5.173822879791259766e+00
4.484719276428222656e+00,4.400384902954101562e+00,-1.884741306304931641e+00,6.907924652099609375e+00,4.380169868469238281e+00,7.127266883850097656e+00,7.361943244934082031e+00,5.517109870910644531e+00,1.085344314575195312e+01,5.237991809844970703e+00
4.412679672241210938e+00,4.523159980773925781e+00,-2.096771955490112305e+00,6.914465427398681641e+00,4.360419273376464844e+00,7.049840927124023438e+00,7.433032989501953125e+00,5.327341079711914062e+00,1.068103599548339844e+01,5.176153182983398438e+00
4.355105400085449219e+00,4.783756256103515625e+00,-2.519958496093750000e+00,7.110020637512207031e+00,4.277381896972656250e+00,7.015594005584716797e+00,7.842573642730712891e+00,5.094369888305664062e+00,1.057457160949707031e+01,5.186126708984375000e+00
4.481986045837402344e+00,4.458251953125000000e+00,-1.912742614746093750e+00,6.854213714599609375e+00,4.426314353942871094e+00,7.102303981781005859e+00,7.302502632141113281e+00,5.506250858306884766e+00,1.082043075561523438e+01,5.205020427703857422e+00
4.569221973419189453e+00,4.448333740234375000e+00,-1.693462848663330078e+00,6.892592430114746094e+00,4.409913063049316406e+00,7.343175888061523438e+00,7.305937290191650391e+00,5.691071987152099609e+00,1.103277015686035156e+01,5.264829635620117188e+00
4.514634132385253906e+00,4.359738349914550781e+00,-1.871180534362792969e+00,6.877045631408691406e+00,4.418108940124511719e+00,7.190413951873779297e+00,7.287330627441406250e+00,5.546343803405761719e+00,1.078332138061523438e+01,5.232503414154052734e+00
4.290519237518310547e+00,4.650941371917724609e+00,-2.505291223526000977e+00,6.944684505462646484e+00,4.290460586547851562e+00,6.707800865173339844e+00,7.503287315368652344e+00,5.080920219421386719e+00,1.050179100036621094e+01,5.057881355285644531e+00
4.294332981109619141e+00,4.732147216796875000e+00,-2.665189743041992188e+00,7.149388790130615234e+00,4.153797149658203125e+00,6.872794151306152344e+00,7.897049427032470703e+00,4.840959548950195312e+00,1.027426338195800781e+01,5.091882228851318359e+00
4.458083629608154297e+00,4.397893905639648438e+00,-2.057014465332031250e+00,6.964935302734375000e+00,4.343682289123535156e+00,7.225085258483886719e+00,7.510044097900390625e+00,5.394706726074218750e+00,1.058609771728515625e+01,5.209837436676025391e+00
4.380647659301757812e+00,4.458106517791748047e+00,-2.141364097595214844e+00,6.988920211791992188e+00,4.317806243896484375e+00,6.979478359222412109e+00,7.600103855133056641e+00,5.303120613098144531e+00,1.042684936523437500e+01,5.132659912109375000e+00
4.401501655578613281e+00,4.854427337646484375e+00,-2.501082181930541992e+00,6.975370407104492188e+00,4.382434844970703125e+00,6.920667648315429688e+00,7.744478225708007812e+00,5.281150341033935547e+00,1.096583366394042969e+01,5.194279193878173828e+00
4.498421192169189453e+00,4.879898071289062500e+00,-2.133983135223388672e+00,6.881834983825683594e+00,4.439704895019531250e+00,6.754101753234863281e+00,7.428657531738281250e+00,5.540915489196777344e+00,1.135032463073730469e+01,5.273845195770263672e+00
4.606231689453125000e+00,4.872672080993652344e+00,-1.929984807968139648e+00,6.848226070404052734e+00,4.583827972412109375e+00,6.761475086212158203e+00,7.264795303344726562e+00,5.708842754364013672e+00,1.161169433593750000e+01,5.289380550384521484e+00
4.517256259918212891e+00,4.857173919677734375e+00,-2.050683975219726562e+00,6.862698554992675781e+00,4.435695648193359375e+00,6.875589370727539062e+00,7.389376640319824219e+00,5.591516494750976562e+00,1.136596870422363281e+01,5.264433383941650391e+00
4.522269725799560547e+00,4.842210769653320312e+00,-2.041431188583374023e+00,6.835937500000000000e+00,4.556749343872070312e+00,6.698836326599121094e+00,7.289038181304931641e+00,5.556559562683105469e+00,1.145508003234863281e+01,5.259931564331054688e+00
4.460407733917236328e+00,4.814061164855957031e+00,-2.275091409683227539e+00,6.975297927856445312e+00,4.362118721008300781e+00,6.909296989440917969e+00,7.629168033599853516e+00,5.391590118408203125e+00,1.103320503234863281e+01,5.235716819763183594e+00
4.504752635955810547e+00,4.851100921630859375e+00,-2.124329805374145508e+00,6.906515598297119141e+00,4.466577529907226562e+00,6.883625984191894531e+00,7.500957965850830078e+00,5.564196109771728516e+00,1.128674316406250000e+01,5.259109020233154297e+00
4.565045833587646484e+00,4.835823059082031250e+00,-1.961699247360229492e+00,6.903257846832275391e+00,4.489887237548828125e+00,6.712962150573730469e+00,7.352679252624511719e+00,5.680104255676269531e+00,1.144950675964355469e+01,5.273912906646728516e+00
4.646468162536621094e+00,4.737121582031250000e+00,-1.803343534469604492e+00,6.829432487487792969e+00,4.589711189270019531e+00,6.779672622680664062e+00,7.229614734649658203e+00,5.799223899841308594e+00,1.160810089111328125e+01,5.269621372222900391e+00
4.545722961425781250e+00,4.834590911865234375e+00,-1.914900779724121094e+00,6.804765224456787109e+00,4.467725753784179688e+00,6.806861400604248047e+00,7.302167892456054688e+00,5.694680690765380859e+00,1.147065162658691406e+01,5.258689403533935547e+00
4.446255683898925781e+00,4.837295532226562500e+00,-2.375641584396362305e+00,6.771914005279541016e+00,4.179257869720458984e+00,6.771736145019531250e+00,7.287988185882568359e+00,5.320605754852294922e+00,1.110610008239746094e+01,5.078808307647705078e+00
4.494946002960205078e+00,4.846492767333984375e+00,-2.295635938644409180e+00,6.724939346313476562e+00,4.291226387023925781e+00,6.796372890472412109e+00,7.148503780364990234e+00,5.392660140991210938e+00,1.125083160400390625e+01,5.119781970977783203e+00
4.490711212158203125e+00,4.840190887451171875e+00,-2.292794227600097656e+00,6.704994678497314453e+00,4.412010192871093750e+00,6.692471504211425781e+00,7.049755096435546875e+00,5.406399250030517578e+00,1.134492492675781250e+01,5.165704727172851562e+00
4.476034641265869141e+00,4.817748069763183594e+00,-2.361218929290771484e+00,6.734995841979980469e+00,4.307408332824707031e+00,6.738822460174560547e+00,7.156617641448974609e+00,5.352991104125976562e+00,1.122107505798339844e+01,5.105611324310302734e+00
4.507265090942382812e+00,4.846575736999511719e+00,-2.217242002487182617e+00,6.716801643371582031e+00,4.349989891052246094e+00,6.785089492797851562e+00,7.112271308898925781e+00,5.435143470764160156e+00,1.132909202575683594e+01,5.153490543365478516e+00
4.516917705535888672e+00,4.841737747192382812e+00,-2.254318952560424805e+00,6.729839324951171875e+00,4.222692012786865234e+00,6.761762619018554688e+00,7.168313026428222656e+00,5.391094207763671875e+00,1.123817062377929688e+01,5.099174499511718750e+00
4.376887321472167969e+00,4.760078430175781250e+00,-2.423414707183837891e+00,6.656932353973388672e+00,4.537364006042480469e+00,6.326766967773437500e+00,6.940038681030273438e+00,5.333497524261474609e+00,1.119048690795898438e+01,5.154189586639404297e+00
4.420553207397460938e+00,4.814395904541015625e+00,-2.266420125961303711e+00,6.706392288208007812e+00,4.491144180297851562e+00,6.517963409423828125e+00,7.072342872619628906e+00,5.382512092590332031e+00,1.132421302795410156e+01,5.176741123199462891e+00
4.456119537353515625e+00,4.871830940246582031e+00,-2.233695745468139648e+00,6.731502532958984375e+00,4.508979797363281250e+00,6.670864105224609375e+00,7.157327651977539062e+00,5.434648513793945312e+00,1.140248107910156250e+01,5.193149089813232422e+00
4.424014568328857422e+00,4.838198661804199219e+00,-2.379943609237670898e+00,6.797022342681884766e+00,4.340601921081542969e+00,6.710756301879882812e+00,7.357402324676513672e+00,5.302876949310302734e+00,1.116703033447265625e+01,5.110863208770751953e+00
4.231513023376464844e+00,4.753581047058105469e+00,-2.912469387054443359e+00,7.136342525482177734e+00,4.163681030273437500e+00,6.906967639923095703e+00,7.746149539947509766e+00,4.731959342956542969e+00,1.026371479034423828e+01,5.105545043945312500e+00
4.276339054107666016e+00,4.761226654052734375e+00,-2.653096914291381836e+00,6.960329055786132812e+00,4.246505737304687500e+00,6.963493347167968750e+00,7.554757118225097656e+00,4.970740795135498047e+00,1.051294708251953125e+01,5.083033084869384766e+00
4.365795612335205078e+00,4.761206626892089844e+00,-2.184226751327514648e+00,6.873206138610839844e+00,4.256436347961425781e+00,6.986237525939941406e+00,7.472697257995605469e+00,5.219874858856201172e+00,1.079279136657714844e+01,5.089179039001464844e+00
4.398052692413330078e+00,4.593813896179199219e+00,-2.067892074584960938e+00,6.903579235076904297e+00,4.321052551269531250e+00,7.049996852874755859e+00,7.402149200439453125e+00,5.281310081481933594e+00,1.068607139587402344e+01,5.159741401672363281e+00
4.441414833068847656e+00,4.744279861450195312e+00,-1.995883703231811523e+00,6.855433464050292969e+00,4.327651023864746094e+00,7.134470462799072266e+00,7.370514869689941406e+00,5.376307964324951172e+00,1.094889450073242188e+01,5.165518760681152344e+00
4.315191268920898438e+00,4.717430591583251953e+00,-2.410322666168212891e+00,6.916800022125244141e+00,4.268490314483642578e+00,7.025198459625244141e+00,7.505334377288818359e+00,5.073487281799316406e+00,1.057327461242675781e+01,5.066678524017333984e+00
4.451113224029541016e+00,4.718402862548828125e+00,-2.052816629409790039e+00,6.901756763458251953e+00,4.328304290771484375e+00,7.273476123809814453e+00,7.463085174560546875e+00,5.318943500518798828e+00,1.083963775634765625e+01,5.162172794342041016e+00
4.394214630126953125e+00,4.799377441406250000e+00,-2.423912048339843750e+00,7.036115646362304688e+00,4.246329307556152344e+00,7.122572898864746094e+00,7.811863422393798828e+00,5.133458614349365234e+00,1.070046424865722656e+01,5.153096199035644531e+00
4.460508346557617188e+00,4.686379909515380859e+00,-1.984432220458984375e+00,6.885236740112304688e+00,4.361760139465332031e+00,7.229314327239990234e+00,7.366411685943603516e+00,5.379438400268554688e+00,1.088936996459960938e+01,5.192724227905273438e+00
4.396256446838378906e+00,4.678627967834472656e+00,-2.181072235107421875e+00,6.880202293395996094e+00,4.358026504516601562e+00,7.104562759399414062e+00,7.362394809722900391e+00,5.194481372833251953e+00,1.069730186462402344e+01,5.122519969940185547e+00
4.340044021606445312e+00,4.874858856201171875e+00,-2.559245109558105469e+00,7.099658966064453125e+00,4.136031150817871094e+00,6.928655147552490234e+00,7.863365650177001953e+00,4.999488830566406250e+00,1.066620063781738281e+01,5.134581565856933594e+00
4.294159412384033203e+00,4.900607109069824219e+00,-2.774162292480468750e+00,7.204662799835205078e+00,4.139714241027832031e+00,6.827989101409912109e+00,7.924652099609375000e+00,4.806371212005615234e+00,1.045909881591796875e+01,5.107198715209960938e+00
4.311204433441162109e+00,4.910261154174804688e+00,-2.640575408935546875e+00,7.078617095947265625e+00,4.192619800567626953e+00,6.789568901062011719e+00,7.769097805023193359e+00,4.923757076263427734e+00,1.059292221069335938e+01,5.096137523651123047e+00
4.310714721679687500e+00,4.805033683776855469e+00,-2.382674217224121094e+00,6.924834251403808594e+00,4.236863136291503906e+00,6.623242378234863281e+00,7.464776039123535156e+00,5.114794254302978516e+00,1.071510887145996094e+01,5.077444076538085938e+00
4.394941329956054688e+00,4.861108779907226562e+00,-2.273876667022705078e+00,6.922689914703369141e+00,4.295638084411621094e+00,6.792506694793701172e+00,7.478751659393310547e+00,5.240119457244873047e+00,1.096332550048828125e+01,5.155243396759033203e+00
4.345540046691894531e+00,4.854326248168945312e+00,-2.390194177627563477e+00,6.896785736083984375e+00,4.305308341979980469e+00,6.701698780059814453e+00,7.477420330047607422e+00,5.170741558074951172e+00,1.082496833801269531e+01,5.090638637542724609e+00
4.356718063354492188e+00,4.806234359741210938e+00,-2.217619895935058594e+00,6.923353195190429688e+00,4.306894302368164062e+00,6.639477729797363281e+00,7.400294780731201172e+00,5.218044281005859375e+00,1.087974548339843750e+01,5.127518177032470703e+00
4.371588706970214844e+00,4.850323677062988281e+00,-2.357839345932006836e+00,6.925258159637451172e+00,4.352407455444335938e+00,6.723470687866210938e+00,7.467988491058349609e+00,5.219016075134277344e+00,1.093582344055175781e+01,5.151275157928466797e+00
4.393444538116455078e+00,4.845158576965332031e+00,-2.022827386856079102e+00,6.821766376495361328e+00,4.287018775939941406e+00,6.718247890472412109e+00,7.283029556274414062e+00,5.316432952880859375e+00,1.102627944946289062e+01,5.116930007934570312e+00
4.335795402526855469e+00,4.964859962463378906e+00,-2.602045536041259766e+00,7.186363220214843750e+00,4.228141784667968750e+00,6.880651473999023438e+00,7.885705471038818359e+00,4.986232280731201172e+00,1.070419692993164062e+01,5.169729709625244141e+00
4.250868797302246094e+00,4.813434600830078125e+00,-2.714216232299804688e+00,6.953299999237060547e+00,4.239454269409179688e+00,6.643182277679443359e+00,7.533539772033691406e+00,5.001566410064697266e+00,1.063643264770507812e+01,5.073672771453857422e+00
4.263785362243652344e+00,4.821930885314941406e+00,-2.632278442382812500e+00,6.898529052734375000e+00,4.263453960418701172e+00,6.614983081817626953e+00,7.484187126159667969e+00,5.089454174041748047e+00,1.076110267639160156e+01,5.068752765655517578e+00
4.265406608581542969e+00,4.842837333679199219e+00,-2.577557563781738281e+00,6.900861263275146484e+00,4.221294403076171875e+00,6.688548564910888672e+00,7.516275405883789062e+00,5.055006027221679688e+00,1.074645233154296875e+01,5.057019233703613281e+00
4.301427364349365234e+00,4.720043182373046875e+00,-2.315143346786499023e+00,6.617408275604248047e+00,4.442398071289062500e+00,6.273581027984619141e+00,6.842697620391845703e+00,5.309963703155517578e+00,1.089430618286132812e+01,5.063654899597167969e+00
4.328478813171386719e+00,4.844219207763671875e+00,-2.531051397323608398e+00,6.923943996429443359e+00,4.253591537475585938e+00,6.712296962738037109e+00,7.570076465606689453e+00,5.150028228759765625e+00,1.085169792175292969e+01,5.114130973815917969e+00
4.285090923309326172e+00,4.847448348999023438e+00,-2.330506801605224609e+00,6.782415390014648438e+00,4.223456382751464844e+00,6.580499172210693359e+00,7.339620590209960938e+00,5.221991539001464844e+00,1.092430877685546875e+01,5.058173179626464844e+00
4.294383525848388672e+00,4.846673965454101562e+00,-2.273229122161865234e+00,6.717050075531005859e+00,4.266960144042968750e+00,6.517988204956054688e+00,7.190272808074951172e+00,5.288155078887939453e+00,1.098388671875000000e+01,5.057599067687988281e+00
4.300480365753173828e+00,4.862645149230957031e+00,-2.132617950439453125e+00,6.663250923156738281e+00,4.211951732635498047e+00,6.599794864654541016e+00,7.137338161468505859e+00,5.361882209777832031e+00,1.105060005187988281e+01,5.057462692260742188e+00
4.266005992889404297e+00,4.790472030639648438e+00,-2.496387243270874023e+00,6.897613048553466797e+00,4.211753368377685547e+00,6.715504646301269531e+00,7.562181472778320312e+00,5.061501502990722656e+00,1.068602943420410156e+01,5.057201385498046875e+00
4.296613693237304688e+00,4.734305381774902344e+00,-2.100329875946044922e+00,6.552875518798828125e+00,4.347887992858886719e+00,6.411211967468261719e+00,6.839211463928222656e+00,5.353165149688720703e+00,1.091025543212890625e+01,5.071420192718505859e+00
4.250864505767822266e+00,4.749016284942626953e+00,-2.622187137603759766e+00,6.960837841033935547e+00,4.303721427917480469e+00,6.562533855438232422e+00,7.401813983917236328e+00,4.987869262695312500e+00,1.042636299133300781e+01,5.037611961364746094e+00
4.286019802093505859e+00,4.656972885131835938e+00,-2.409551382064819336e+00,6.704138278961181641e+00,4.457179069519042969e+00,6.341774940490722656e+00,6.943368911743164062e+00,5.244036674499511719e+00,1.068180847167968750e+01,5.083116531372070312e+00
4.313003063201904297e+00,4.661776542663574219e+00,-2.344074487686157227e+00,6.645994663238525391e+00,4.485655784606933594e+00,6.270165443420410156e+00,6.854832172393798828e+00,5.276252746582031250e+00,1.077060317993164062e+01,5.058384895324707031e+00
4.321831703186035156e+00,4.628201484680175781e+00,-2.235393047332763672e+00,6.733578681945800781e+00,4.558848381042480469e+00,6.360209941864013672e+00,6.965757369995117188e+00,5.276076793670654297e+00,1.072045898437500000e+01,5.059058666229248047e+00
4.292194843292236328e+00,4.655497550964355469e+00,-2.367816925048828125e+00,6.832408905029296875e+00,4.421401023864746094e+00,6.486761093139648438e+00,7.193226814270019531e+00,5.190552234649658203e+00,1.053928756713867188e+01,5.086408138275146484e+00
4.274327278137207031e+00,4.702521324157714844e+00,-2.608119249343872070e+00,7.050203800201416016e+00,4.273387908935546875e+00,6.512026786804199219e+00,7.529036045074462891e+00,4.937326431274414062e+00,1.031651687622070312e+01,5.057763099670410156e+00
4.299167633056640625e+00,4.661369323730468750e+00,-2.498196601867675781e+00,6.920110225677490234e+00,4.370084762573242188e+00,6.461282730102539062e+00,7.328424453735351562e+00,5.088170528411865234e+00,1.043022537231445312e+01,5.070772647857666016e+00
4.273186206817626953e+00,4.722013473510742188e+00,-2.655441284179687500e+00,7.248513221740722656e+00,4.094783306121826172e+00,6.836467266082763672e+00,7.953891277313232422e+00,4.755255699157714844e+00,1.021145439147949219e+01,5.041401386260986328e+00
4.325728893280029297e+00,4.569996833801269531e+00,-2.494417428970336914e+00,6.904412746429443359e+00,4.405617713928222656e+00,6.480556011199951172e+00,7.269300937652587891e+00,5.114624977111816406e+00,1.039460563659667969e+01,5.101138114929199219e+00
4.319086074829101562e+00,4.540019989013671875e+00,-2.514067888259887695e+00,6.796213626861572266e+00,4.430899620056152344e+00,6.470401763916015625e+00,7.107295989990234375e+00,5.164197921752929688e+00,1.052531433105468750e+01,5.119243144989013672e+00
4.504042148590087891e+00,4.135874748229980469e+00,-1.637007951736450195e+00,6.630846023559570312e+00,4.262822151184082031e+00,6.979301929473876953e+00,7.435568809509277344e+00,6.237281799316406250e+00,1.119567871093750000e+01,5.112421512603759766e+00
4.383879184722900391e+00,4.040844917297363281e+00,-1.760496377944946289e+00,6.099898815155029297e+00,3.548945665359497070e+00,6.908086776733398438e+00,7.099426746368408203e+00,6.742653369903564453e+00,1.125546264648437500e+01,4.816585063934326172e+00
4.507791996002197266e+00,4.016459465026855469e+00,-1.629564523696899414e+00,6.589269161224365234e+00,4.181623458862304688e+00,6.929637908935546875e+00,7.417625427246093750e+00,6.357031345367431641e+00,1.115822792053222656e+01,5.123492717742919922e+00
4.435815811157226562e+00,3.830475568771362305e+00,-1.754029989242553711e+00,6.565148353576660156e+00,3.929719448089599609e+00,7.218703269958496094e+00,7.522609233856201172e+00,5.993919372558593750e+00,1.103655624389648438e+01,5.032022476196289062e+00
4.701409816741943359e+00,3.776127576828002930e+00,-1.575884342193603516e+00,6.827357769012451172e+00,4.235931396484375000e+00,6.830844879150390625e+00,7.721951961517333984e+00,6.201242923736572266e+00,1.071265029907226562e+01,5.096578598022460938e+00
4.483831405639648438e+00,3.783782005310058594e+00,-1.692542552947998047e+00,6.590990066528320312e+00,4.119621276855468750e+00,7.014210224151611328e+00,7.486299037933349609e+00,6.235109329223632812e+00,1.102259254455566406e+01,5.163878440856933594e+00
4.361031532287597656e+00,3.801194429397583008e+00,-1.644601821899414062e+00,5.931727886199951172e+00,3.272029876708984375e+00,6.804140567779541016e+00,6.887120723724365234e+00,6.375154972076416016e+00,1.118664550781250000e+01,4.726726531982421875e+00
4.569783210754394531e+00,3.821373939514160156e+00,-1.534088134765625000e+00,6.650948524475097656e+00,4.106332302093505859e+00,6.780800819396972656e+00,7.471566200256347656e+00,6.455486297607421875e+00,1.104848098754882812e+01,5.112011909484863281e+00
4.456611633300781250e+00,3.927915334701538086e+00,-1.693138122558593750e+00,6.290776729583740234e+00,3.814992666244506836e+00,6.794366359710693359e+00,7.268124580383300781e+00,6.699616909027099609e+00,1.117946434020996094e+01,4.901274204254150391e+00
4.516837120056152344e+00,3.803843975067138672e+00,-1.781076669692993164e+00,6.610993862152099609e+00,4.148361682891845703e+00,7.078934669494628906e+00,7.473132610321044922e+00,6.245139122009277344e+00,1.094900131225585938e+01,5.060447216033935547e+00
4.487153530120849609e+00,4.093962669372558594e+00,-2.007551908493041992e+00,6.349729537963867188e+00,3.714478254318237305e+00,6.838731288909912109e+00,7.100658893585205078e+00,6.456915378570556641e+00,1.114999771118164062e+01,5.038804531097412109e+00
4.542409420013427734e+00,3.928926706314086914e+00,-2.337769746780395508e+00,6.405671596527099609e+00,3.756021022796630859e+00,6.764383792877197266e+00,7.282901287078857422e+00,6.081624984741210938e+00,1.076838684082031250e+01,5.057312011718750000e+00
4.518003463745117188e+00,3.809744596481323242e+00,-2.175384759902954102e+00,6.559729576110839844e+00,3.908802747726440430e+00,6.870265483856201172e+00,7.417352199554443359e+00,6.109914779663085938e+00,1.078010749816894531e+01,5.107238292694091797e+00
4.467967987060546875e+00,3.875213861465454102e+00,-2.417544841766357422e+00,6.528623104095458984e+00,3.742705345153808594e+00,6.964284896850585938e+00,7.648161411285400391e+00,5.907935619354248047e+00,1.067470550537109375e+01,4.953811168670654297e+00
4.491492271423339844e+00,3.605085372924804688e+00,-2.036767959594726562e+00,6.624799251556396484e+00,3.916573762893676758e+00,6.741245746612548828e+00,7.555631637573242188e+00,6.016306400299072266e+00,1.069371032714843750e+01,5.008710861206054688e+00
4.783923625946044922e+00,3.677418947219848633e+00,-1.712798833847045898e+00,6.701299190521240234e+00,4.140515327453613281e+00,6.739591121673583984e+00,7.438049793243408203e+00,6.214645862579345703e+00,1.068755722045898438e+01,4.885769367218017578e+00
4.610892295837402344e+00,3.767071247100830078e+00,-2.144509792327880859e+00,6.024966239929199219e+00,3.430171012878417969e+00,6.393066883087158203e+00,6.709428787231445312e+00,6.273077964782714844e+00,1.071575736999511719e+01,4.858965873718261719e+00
4.599555969238281250e+00,3.648499250411987305e+00,-2.226633071899414062e+00,6.576583385467529297e+00,3.830548286437988281e+00,6.726158618927001953e+00,7.200140476226806641e+00,5.996462345123291016e+00,1.067816352844238281e+01,5.158663272857666016e+00
4.770379066467285156e+00,3.373758316040039062e+00,-1.685695171356201172e+00,6.643986701965332031e+00,3.891523361206054688e+00,6.199382305145263672e+00,6.941976070404052734e+00,6.013913154602050781e+00,1.078808784484863281e+01,5.277792930603027344e+00
4.551125049591064453e+00,4.057477474212646484e+00,-2.037866353988647461e+00,6.764209270477294922e+00,3.935729503631591797e+00,6.825346469879150391e+00,7.530202388763427734e+00,5.771033763885498047e+00,1.093627166748046875e+01,5.264894008636474609e+00
5.089375972747802734e+00,4.933546066284179688e+00,-9.219890832901000977e-01,6.627729415893554688e+00,4.569424629211425781e+00,6.488667011260986328e+00,7.717633724212646484e+00,6.552352428436279297e+00,1.254870605468750000e+01,5.738587379455566406e+00
5.026912212371826172e+00,4.918364524841308594e+00,-1.198735237121582031e+00,6.644909858703613281e+00,4.489544868469238281e+00,6.530914783477783203e+00,7.601217746734619141e+00,6.384479999542236328e+00,1.259756278991699219e+01,5.758952140808105469e+00
5.039038658142089844e+00,4.925848960876464844e+00,-9.686312675476074219e-01,6.637618541717529297e+00,4.560407638549804688e+00,6.606771945953369141e+00,7.696177959442138672e+00,6.524005889892578125e+00,1.252266120910644531e+01,5.706400394439697266e+00
5.020627021789550781e+00,4.967016220092773438e+00,-1.007221817970275879e+00,6.593427658081054688e+00,4.465063095092773438e+00,6.798127651214599609e+00,7.738685131072998047e+00,6.545035839080810547e+00,1.252204895019531250e+01,5.677848815917968750e+00
5.033684253692626953e+00,4.907083511352539062e+00,-1.004056811332702637e+00,6.557306766510009766e+00,4.458189010620117188e+00,6.616435527801513672e+00,7.597141265869140625e+00,6.557892322540283203e+00,1.252369499206542969e+01,5.681268215179443359e+00
5.031290054321289062e+00,4.981807708740234375e+00,-1.064225912094116211e+00,6.608362197875976562e+00,4.461332321166992188e+00,6.560037136077880859e+00,7.608115673065185547e+00,6.389471054077148438e+00,1.261923980712890625e+01,5.805888175964355469e+00
5.059723854064941406e+00,4.933854103088378906e+00,-9.463568329811096191e-01,6.642633438110351562e+00,4.571873664855957031e+00,6.457228660583496094e+00,7.623918533325195312e+00,6.479638099670410156e+00,1.257070732116699219e+01,5.775467395782470703e+00
5.033723354339599609e+00,4.932483673095703125e+00,-1.046501159667968750e+00,6.562062263488769531e+00,4.454875946044921875e+00,6.529771327972412109e+00,7.497450351715087891e+00,6.479278087615966797e+00,1.258282279968261719e+01,5.746680259704589844e+00
5.004079818725585938e+00,4.869445800781250000e+00,-1.018017768859863281e+00,6.554283618927001953e+00,4.384004592895507812e+00,6.681100368499755859e+00,7.576300144195556641e+00,6.554319858551025391e+00,1.248952484130859375e+01,5.676025867462158203e+00
4.999104022979736328e+00,4.917976379394531250e+00,-1.190435647964477539e+00,6.611343383789062500e+00,4.427069664001464844e+00,6.563923835754394531e+00,7.563224315643310547e+00,6.383203029632568359e+00,1.258894538879394531e+01,5.806074142456054688e+00
4.466948509216308594e+00,5.030548095703125000e+00,-1.456488609313964844e+00,6.549630641937255859e+00,4.034494876861572266e+00,6.993495464324951172e+00,6.852367401123046875e+00,5.683749675750732422e+00,1.149092674255371094e+01,5.200804233551025391e+00
4.355093955993652344e+00,5.014253616333007812e+00,-1.668883085250854492e+00,6.579264640808105469e+00,3.937585592269897461e+00,6.968140125274658203e+00,7.007704734802246094e+00,5.537513732910156250e+00,1.130616950988769531e+01,5.151543617248535156e+00
4.420045852661132812e+00,4.968193054199218750e+00,-2.012411594390869141e+00,6.783395767211914062e+00,4.161208629608154297e+00,7.002139568328857422e+00,7.371697902679443359e+00,5.569236278533935547e+00,1.127406692504882812e+01,5.216030120849609375e+00
4.517523765563964844e+00,5.055242538452148438e+00,-1.577997207641601562e+00,6.657056808471679688e+00,4.184824466705322266e+00,7.055899620056152344e+00,7.034336090087890625e+00,5.651628971099853516e+00,1.150908470153808594e+01,5.193435192108154297e+00
4.403470993041992188e+00,5.003682136535644531e+00,-2.000377178192138672e+00,6.776450634002685547e+00,4.127452373504638672e+00,6.984562873840332031e+00,7.392593383789062500e+00,5.548695087432861328e+00,1.128523826599121094e+01,5.191638469696044922e+00
4.426729202270507812e+00,5.107956886291503906e+00,-1.569951772689819336e+00,6.584865093231201172e+00,3.969138383865356445e+00,7.041382312774658203e+00,7.006491184234619141e+00,5.625346183776855469e+00,1.144213867187500000e+01,5.163739681243896484e+00
4.455845355987548828e+00,5.086254119873046875e+00,-1.546566724777221680e+00,6.600879669189453125e+00,4.068370342254638672e+00,7.032324790954589844e+00,6.993297100067138672e+00,5.641649246215820312e+00,1.146249961853027344e+01,5.167054176330566406e+00
4.422692298889160156e+00,5.033075332641601562e+00,-1.945206403732299805e+00,6.759889602661132812e+00,4.117546081542968750e+00,6.995110034942626953e+00,7.362028121948242188e+00,5.585953235626220703e+00,1.131179237365722656e+01,5.194248676300048828e+00
4.453695297241210938e+00,4.966928482055664062e+00,-1.757732391357421875e+00,6.734237194061279297e+00,4.154567718505859375e+00,7.022374153137207031e+00,7.191998004913330078e+00,5.563599586486816406e+00,1.129502868652343750e+01,5.170421123504638672e+00
4.476879596710205078e+00,5.112744331359863281e+00,-1.712920665740966797e+00,6.711770534515380859e+00,4.102609634399414062e+00,7.082702159881591797e+00,7.214743614196777344e+00,5.616638183593750000e+00,1.142341423034667969e+01,5.160531520843505859e+00
4.464848518371582031e+00,4.931653022766113281e+00,-2.191837549209594727e+00,7.055914878845214844e+00,4.269991874694824219e+00,6.787495136260986328e+00,7.425142765045166016e+00,5.463734149932861328e+00,1.123688888549804688e+01,5.242302894592285156e+00
4.542802333831787109e+00,4.940961837768554688e+00,-1.909045934677124023e+00,6.984370231628417969e+00,4.433688163757324219e+00,6.529623031616210938e+00,7.156008720397949219e+00,5.509442806243896484e+00,1.155203628540039062e+01,5.275221824645996094e+00
4.520808219909667969e+00,4.940774917602539062e+00,-1.939069747924804688e+00,6.993128776550292969e+00,4.496147155761718750e+00,6.468708515167236328e+00,7.182282924652099609e+00,5.451797008514404297e+00,1.150497627258300781e+01,5.264731884002685547e+00
4.440029144287109375e+00,4.855346679687500000e+00,-2.161095619201660156e+00,7.047583103179931641e+00,4.484275817871093750e+00,6.402816772460937500e+00,7.405528545379638672e+00,5.249521255493164062e+00,1.107087516784667969e+01,5.178549766540527344e+00
4.399898052215576172e+00,4.854730606079101562e+00,-2.264009237289428711e+00,7.042499065399169922e+00,4.471632003784179688e+00,6.509759426116943359e+00,7.540721893310546875e+00,5.325235366821289062e+00,1.084595870971679688e+01,5.192521572113037109e+00
4.521536350250244141e+00,4.950126647949218750e+00,-1.917344570159912109e+00,6.994685649871826172e+00,4.448573112487792969e+00,6.495654582977294922e+00,7.213769912719726562e+00,5.606691360473632812e+00,1.140548324584960938e+01,5.297838211059570312e+00
4.440678119659423828e+00,4.987674713134765625e+00,-2.239613533020019531e+00,7.254122257232666016e+00,4.271731376647949219e+00,6.866837501525878906e+00,7.691328048706054688e+00,5.294443130493164062e+00,1.099048423767089844e+01,5.297978878021240234e+00
4.518865108489990234e+00,4.800854682922363281e+00,-1.875259637832641602e+00,7.040898799896240234e+00,4.304837226867675781e+00,6.742284297943115234e+00,7.410292625427246094e+00,5.636063575744628906e+00,1.117052650451660156e+01,5.324513435363769531e+00
4.464629173278808594e+00,4.801603317260742188e+00,-2.183345317840576172e+00,7.254394054412841797e+00,4.258522987365722656e+00,7.064990520477294922e+00,7.659459114074707031e+00,5.366267681121826172e+00,1.089553451538085938e+01,5.327200889587402344e+00
4.508500576019287109e+00,4.787448883056640625e+00,-1.889962434768676758e+00,7.077212333679199219e+00,4.319101333618164062e+00,6.758544445037841797e+00,7.415429115295410156e+00,5.603689193725585938e+00,1.112027549743652344e+01,5.324690341949462891e+00
4.205134868621826172e+00,4.827616691589355469e+00,-2.705036640167236328e+00,6.963819503784179688e+00,4.200533866882324219e+00,7.003259658813476562e+00,7.690160274505615234e+00,4.931755542755126953e+00,1.062928771972656250e+01,5.068569660186767578e+00
4.363752365112304688e+00,4.884034156799316406e+00,-2.228378057479858398e+00,6.795928955078125000e+00,4.262280464172363281e+00,6.871297836303710938e+00,7.355490207672119141e+00,5.265798568725585938e+00,1.094412803649902344e+01,5.087300300598144531e+00
4.277623176574707031e+00,4.844577789306640625e+00,-2.633666038513183594e+00,7.003525733947753906e+00,4.172229766845703125e+00,7.036856174468994141e+00,7.778675079345703125e+00,4.941312789916992188e+00,1.064887046813964844e+01,5.082035541534423828e+00
4.363917827606201172e+00,4.819128036499023438e+00,-2.198606252670288086e+00,6.763692855834960938e+00,4.311701774597167969e+00,6.788095951080322266e+00,7.259229660034179688e+00,5.303729534149169922e+00,1.098545837402343750e+01,5.114117622375488281e+00
4.388348102569580078e+00,4.816754341125488281e+00,-2.139936208724975586e+00,6.766122341156005859e+00,4.244338512420654297e+00,6.932590484619140625e+00,7.347251415252685547e+00,5.340554237365722656e+00,1.101977157592773438e+01,5.108961582183837891e+00
4.310624599456787109e+00,4.835601806640625000e+00,-2.363817453384399414e+00,6.790610790252685547e+00,4.287988662719726562e+00,6.752902984619140625e+00,7.319043159484863281e+00,5.199562072753906250e+00,1.082038879394531250e+01,5.058887958526611328e+00
4.287316799163818359e+00,4.819645881652832031e+00,-2.519739151000976562e+00,6.935906887054443359e+00,4.219153404235839844e+00,6.776288509368896484e+00,7.556618213653564453e+00,5.026401042938232422e+00,1.059347724914550781e+01,5.041843414306640625e+00
4.327315807342529297e+00,4.861150741577148438e+00,-2.184513807296752930e+00,6.798309803009033203e+00,4.211392402648925781e+00,6.693830013275146484e+00,7.263009548187255859e+00,5.213189125061035156e+00,1.081974029541015625e+01,5.057193756103515625e+00
4.351753234863281250e+00,4.811224937438964844e+00,-2.072085142135620117e+00,6.712826251983642578e+00,4.324088096618652344e+00,6.708770275115966797e+00,7.077045440673828125e+00,5.375863075256347656e+00,1.100212097167968750e+01,5.139037132263183594e+00
4.372231960296630859e+00,4.774575233459472656e+00,-2.074542522430419922e+00,6.792248725891113281e+00,4.281971931457519531e+00,6.874428272247314453e+00,7.236908912658691406e+00,5.293764591217041016e+00,1.089344787597656250e+01,5.132586479187011719e+00
4.391507625579833984e+00,4.390326499938964844e+00,-2.206929922103881836e+00,7.081759929656982422e+00,3.957378387451171875e+00,6.965971469879150391e+00,7.870131015777587891e+00,5.393760681152343750e+00,1.043656539916992188e+01,5.058886051177978516e+00
4.388010501861572266e+00,4.461680889129638672e+00,-2.084989070892333984e+00,7.149800300598144531e+00,4.051304817199707031e+00,7.110808372497558594e+00,7.727164268493652344e+00,5.228434562683105469e+00,1.039310264587402344e+01,5.179786205291748047e+00
4.412730693817138672e+00,4.375341415405273438e+00,-1.941296339035034180e+00,7.207266330718994141e+00,4.063379287719726562e+00,7.100841045379638672e+00,7.767946243286132812e+00,5.142261981964111328e+00,1.029017066955566406e+01,5.148957252502441406e+00
4.469718933105468750e+00,4.262189865112304688e+00,-1.759025573730468750e+00,7.133160591125488281e+00,4.123980522155761719e+00,7.263136386871337891e+00,7.575565338134765625e+00,5.356612205505371094e+00,1.044528770446777344e+01,5.247303962707519531e+00
4.517024040222167969e+00,4.064654827117919922e+00,-1.757086515426635742e+00,7.149787425994873047e+00,4.046271800994873047e+00,7.116911411285400391e+00,7.623566150665283203e+00,5.447326660156250000e+00,1.042208671569824219e+01,5.202872276306152344e+00
4.362218379974365234e+00,4.282950401306152344e+00,-1.869473218917846680e+00,7.154108047485351562e+00,4.063135147094726562e+00,7.341014385223388672e+00,7.680561065673828125e+00,5.149140834808349609e+00,1.031769180297851562e+01,5.218785762786865234e+00
4.415529251098632812e+00,4.407340049743652344e+00,-1.875770092010498047e+00,7.119689941406250000e+00,4.090706348419189453e+00,7.320061683654785156e+00,7.636177539825439453e+00,5.183567523956298828e+00,1.036977577209472656e+01,5.223966598510742188e+00
4.479057788848876953e+00,4.275992393493652344e+00,-1.772014379501342773e+00,7.144343852996826172e+00,4.120021820068359375e+00,7.331079959869384766e+00,7.662599086761474609e+00,5.304368019104003906e+00,1.032948875427246094e+01,5.201173782348632812e+00
4.383550643920898438e+00,4.549408912658691406e+00,-2.248379707336425781e+00,7.228752613067626953e+00,4.056614398956298828e+00,7.291200160980224609e+00,7.820946693420410156e+00,5.158595561981201172e+00,1.034074497222900391e+01,5.231005191802978516e+00
4.458570480346679688e+00,4.370338439941406250e+00,-2.011753797531127930e+00,7.159111499786376953e+00,4.096211433410644531e+00,7.414044380187988281e+00,7.715942859649658203e+00,5.360064983367919922e+00,1.044367027282714844e+01,5.209940433502197266e+00
4.636315822601318359e+00,4.276584148406982422e+00,-1.719000339508056641e+00,6.159227848052978516e+00,3.544468164443969727e+00,6.659541130065917969e+00,6.769063949584960938e+00,6.818081855773925781e+00,1.114045143127441406e+01,4.861756801605224609e+00
4.533912181854248047e+00,4.236078739166259766e+00,-1.775825977325439453e+00,6.073103904724121094e+00,3.418027400970458984e+00,6.721754550933837891e+00,6.565856456756591797e+00,6.620083808898925781e+00,1.111908149719238281e+01,4.747624874114990234e+00
4.602431774139404297e+00,4.206320762634277344e+00,-1.833649158477783203e+00,6.238963603973388672e+00,3.615478992462158203e+00,6.603889942169189453e+00,6.687437534332275391e+00,6.345245838165283203e+00,1.104877662658691406e+01,4.751376152038574219e+00
4.468595504760742188e+00,4.215435028076171875e+00,-1.915680170059204102e+00,6.455008029937744141e+00,3.876202583312988281e+00,6.699779987335205078e+00,7.059351921081542969e+00,6.233631610870361328e+00,1.099007225036621094e+01,4.922521591186523438e+00
4.405071735382080078e+00,4.445803165435791016e+00,-1.614598989486694336e+00,6.549553871154785156e+00,4.062028884887695312e+00,6.751091480255126953e+00,7.031836509704589844e+00,5.926572322845458984e+00,1.104479026794433594e+01,4.983370780944824219e+00
4.378700733184814453e+00,4.106228828430175781e+00,-1.899508237838745117e+00,6.424919605255126953e+00,3.777446031570434570e+00,6.803064346313476562e+00,7.099645614624023438e+00,6.256675243377685547e+00,1.100957489013671875e+01,4.980040073394775391e+00
4.506911754608154297e+00,4.008690357208251953e+00,-1.789453506469726562e+00,6.838551044464111328e+00,4.075089454650878906e+00,6.850188732147216797e+00,7.560547351837158203e+00,5.972133636474609375e+00,1.073825645446777344e+01,4.989357471466064453e+00
4.422416210174560547e+00,4.005238056182861328e+00,-2.078235149383544922e+00,6.939329624176025391e+00,4.117289543151855469e+00,6.924245357513427734e+00,7.637862205505371094e+00,5.718156814575195312e+00,1.057193565368652344e+01,5.092084407806396484e+00
4.660206794738769531e+00,3.860486507415771484e+00,-1.508069276809692383e+00,6.739423274993896484e+00,4.137337207794189453e+00,6.830842971801757812e+00,7.354130268096923828e+00,6.129745006561279297e+00,1.085308837890625000e+01,4.924712181091308594e+00
4.574325561523437500e+00,3.821774005889892578e+00,-1.860629796981811523e+00,6.962313652038574219e+00,4.173658847808837891e+00,6.948914527893066406e+00,7.699679851531982422e+00,5.867674827575683594e+00,1.050797080993652344e+01,5.032311439514160156e+00
5.180396080017089844e+00,4.253434658050537109e+00,-1.225439786911010742e+00,6.003862380981445312e+00,3.830979347229003906e+00,6.005061149597167969e+00,5.577928066253662109e+00,6.205101490020751953e+00,1.123077583312988281e+01,4.693480014801025391e+00
5.236250400543212891e+00,4.289161682128906250e+00,-1.528851509094238281e+00,6.013202667236328125e+00,3.945907115936279297e+00,5.545973300933837891e+00,5.767634391784667969e+00,5.877430915832519531e+00,1.104587745666503906e+01,4.463509082794189453e+00
5.174243450164794922e+00,4.323324203491210938e+00,-1.425284385681152344e+00,6.176617145538330078e+00,4.088181018829345703e+00,5.673822879791259766e+00,5.925606250762939453e+00,5.920950412750244141e+00,1.111868858337402344e+01,4.492609977722167969e+00
4.427579402923583984e+00,4.503400802612304688e+00,-1.810304880142211914e+00,6.514918804168701172e+00,4.007821083068847656e+00,6.456948757171630859e+00,6.980277061462402344e+00,6.005670070648193359e+00,1.095270729064941406e+01,4.884468078613281250e+00
4.759698390960693359e+00,4.326260566711425781e+00,-1.275624990463256836e+00,6.542594909667968750e+00,4.106130599975585938e+00,6.510628223419189453e+00,6.621021747589111328e+00,6.053808689117431641e+00,1.120595169067382812e+01,4.958870410919189453e+00
4.381876468658447266e+00,4.514286041259765625e+00,-1.697513818740844727e+00,6.783180236816406250e+00,4.097595691680908203e+00,6.564636707305908203e+00,7.231627464294433594e+00,5.714296817779541016e+00,1.086291885375976562e+01,5.078397750854492188e+00
4.755326747894287109e+00,4.073547363281250000e+00,-1.450222015380859375e+00,6.952020645141601562e+00,4.193441390991210938e+00,6.532106876373291016e+00,7.244843959808349609e+00,6.095582008361816406e+00,1.101692962646484375e+01,5.136844158172607422e+00
4.809453487396240234e+00,3.874898672103881836e+00,-1.541834831237792969e+00,7.126331806182861328e+00,4.214415550231933594e+00,6.634956836700439453e+00,7.526930332183837891e+00,6.010596752166748047e+00,1.071298599243164062e+01,5.098264217376708984e+00
4.441190242767333984e+00,4.258391380310058594e+00,-2.046678304672241211e+00,6.877707481384277344e+00,3.911307811737060547e+00,6.677607059478759766e+00,7.596471786499023438e+00,5.841025352478027344e+00,1.056081390380859375e+01,5.105459213256835938e+00
4.559846401214599609e+00,4.145737648010253906e+00,-1.890365123748779297e+00,6.984232425689697266e+00,4.041486740112304688e+00,6.502096176147460938e+00,7.474269866943359375e+00,5.898400306701660156e+00,1.067375564575195312e+01,5.197985649108886719e+00
4.416244983673095703e+00,4.864700317382812500e+00,-2.389353990554809570e+00,6.924155235290527344e+00,4.269857406616210938e+00,7.021169185638427734e+00,7.646123409271240234e+00,5.243885040283203125e+00,1.095525550842285156e+01,5.125969886779785156e+00
4.367928981781005859e+00,4.818313598632812500e+00,-2.309288501739501953e+00,6.868994712829589844e+00,4.276199340820312500e+00,6.852217674255371094e+00,7.504162311553955078e+00,5.252022743225097656e+00,1.091446495056152344e+01,5.114220619201660156e+00
4.342779159545898438e+00,4.759830474853515625e+00,-2.601325750350952148e+00,6.984181404113769531e+00,4.266087532043457031e+00,6.905608654022216797e+00,7.660397529602050781e+00,5.082817077636718750e+00,1.065730476379394531e+01,5.119107723236083984e+00
4.422882080078125000e+00,4.869736671447753906e+00,-2.091692686080932617e+00,6.788645744323730469e+00,4.361557006835937500e+00,6.943897724151611328e+00,7.343114852905273438e+00,5.382678985595703125e+00,1.108852005004882812e+01,5.110603332519531250e+00
4.406157970428466797e+00,4.820510864257812500e+00,-2.205369234085083008e+00,6.849562644958496094e+00,4.305804252624511719e+00,6.951533317565917969e+00,7.469506263732910156e+00,5.339555263519287109e+00,1.099969673156738281e+01,5.137099266052246094e+00
4.464905261993408203e+00,4.864172935485839844e+00,-2.007212162017822266e+00,6.779468536376953125e+00,4.385026931762695312e+00,7.029921054840087891e+00,7.328104019165039062e+00,5.507268905639648438e+00,1.125393104553222656e+01,5.171926498413085938e+00
4.498566627502441406e+00,4.968016624450683594e+00,-1.843931913375854492e+00,6.764124393463134766e+00,4.352681159973144531e+00,7.019316673278808594e+00,7.291518688201904297e+00,5.614920616149902344e+00,1.142147827148437500e+01,5.179267883300781250e+00
4.480051994323730469e+00,4.897044181823730469e+00,-2.054062128067016602e+00,6.835541725158691406e+00,4.351682662963867188e+00,7.153240203857421875e+00,7.436431407928466797e+00,5.510461807250976562e+00,1.122317695617675781e+01,5.179959297180175781e+00
4.415114879608154297e+00,4.848590850830078125e+00,-2.208408117294311523e+00,6.862030029296875000e+00,4.343701362609863281e+00,6.927257537841796875e+00,7.471014976501464844e+00,5.373807430267333984e+00,1.106733512878417969e+01,5.143358707427978516e+00
4.361293792724609375e+00,4.824557304382324219e+00,-2.305936098098754883e+00,6.840837955474853516e+00,4.347435951232910156e+00,6.746458530426025391e+00,7.436092853546142578e+00,5.290988445281982422e+00,1.094757270812988281e+01,5.100480079650878906e+00
4.137860298156738281e+00,4.770853042602539062e+00,-2.303362369537353516e+00,6.856652259826660156e+00,4.208103179931640625e+00,7.372376441955566406e+00,7.667316436767578125e+00,4.991599082946777344e+00,1.074092292785644531e+01,5.076867103576660156e+00
4.367716312408447266e+00,4.891240119934082031e+00,-1.800451278686523438e+00,6.765349864959716797e+00,4.350168228149414062e+00,7.400094509124755859e+00,7.232257843017578125e+00,5.370045185089111328e+00,1.131285285949707031e+01,5.216727256774902344e+00
4.225733757019042969e+00,4.801644325256347656e+00,-2.278706789016723633e+00,6.867705821990966797e+00,4.210624217987060547e+00,7.383071422576904297e+00,7.688514709472656250e+00,5.082077026367187500e+00,1.081311035156250000e+01,5.098945617675781250e+00
4.488415241241455078e+00,4.915318489074707031e+00,-1.794178962707519531e+00,6.777128696441650391e+00,4.390749931335449219e+00,7.503269672393798828e+00,7.265750885009765625e+00,5.489926338195800781e+00,1.136974906921386719e+01,5.233358383178710938e+00
4.386623859405517578e+00,4.807214736938476562e+00,-1.879863262176513672e+00,6.791681766510009766e+00,4.282528877258300781e+00,7.545220375061035156e+00,7.409539222717285156e+00,5.388765335083007812e+00,1.109153747558593750e+01,5.201537609100341797e+00
4.479654788970947266e+00,4.768241882324218750e+00,-1.760142326354980469e+00,6.811791419982910156e+00,4.369325637817382812e+00,7.547372341156005859e+00,7.296735286712646484e+00,5.473774909973144531e+00,1.126520729064941406e+01,5.242402553558349609e+00
4.497620105743408203e+00,4.917295455932617188e+00,-1.870182514190673828e+00,6.816858768463134766e+00,4.332798004150390625e+00,7.526093959808349609e+00,7.421047210693359375e+00,5.520176410675048828e+00,1.128227043151855469e+01,5.205832004547119141e+00
4.531338691711425781e+00,4.860395431518554688e+00,-1.826210260391235352e+00,6.803812026977539062e+00,4.352321624755859375e+00,7.563510417938232422e+00,7.387671470642089844e+00,5.563708782196044922e+00,1.129495239257812500e+01,5.221281051635742188e+00
4.689598560333251953e+00,4.955275535583496094e+00,-1.685279846191406250e+00,6.795374870300292969e+00,4.456459045410156250e+00,7.508493900299072266e+00,7.172634124755859375e+00,5.747512817382812500e+00,1.161142349243164062e+01,5.294119358062744141e+00
4.724866390228271484e+00,4.831276893615722656e+00,-1.591021060943603516e+00,6.825218677520751953e+00,4.459251403808593750e+00,7.550802707672119141e+00,7.149883270263671875e+00,5.764799594879150391e+00,1.158186149597167969e+01,5.322606563568115234e+00
4.625504493713378906e+00,4.928109169006347656e+00,-1.920863628387451172e+00,6.845731735229492188e+00,4.458075523376464844e+00,7.171809196472167969e+00,7.304876327514648438e+00,5.600157737731933594e+00,1.150890350341796875e+01,5.232405662536621094e+00
4.587401866912841797e+00,4.935264587402343750e+00,-1.998778343200683594e+00,6.870173931121826172e+00,4.406995773315429688e+00,7.105553627014160156e+00,7.369718074798583984e+00,5.617475986480712891e+00,1.143632125854492188e+01,5.236372947692871094e+00
4.584101676940917969e+00,4.888493537902832031e+00,-1.889876604080200195e+00,6.841709613800048828e+00,4.367623329162597656e+00,7.070162773132324219e+00,7.337915420532226562e+00,5.654139995574951172e+00,1.145304107666015625e+01,5.253887653350830078e+00
4.587287425994873047e+00,4.897635459899902344e+00,-1.795655727386474609e+00,6.826129436492919922e+00,4.387825012207031250e+00,7.057262420654296875e+00,7.260346889495849609e+00,5.651836395263671875e+00,1.150804328918457031e+01,5.263571262359619141e+00
4.596062183380126953e+00,4.785452365875244141e+00,-1.808768510818481445e+00,6.839890480041503906e+00,4.390933036804199219e+00,7.126834869384765625e+00,7.288993358612060547e+00,5.630711078643798828e+00,1.143122100830078125e+01,5.278027534484863281e+00
4.553587913513183594e+00,4.878946304321289062e+00,-1.911293745040893555e+00,6.856237411499023438e+00,4.334958076477050781e+00,7.046619892120361328e+00,7.387450695037841797e+00,5.607308387756347656e+00,1.139238548278808594e+01,5.242160797119140625e+00
4.633330345153808594e+00,4.971119880676269531e+00,-1.779059171676635742e+00,6.886424541473388672e+00,4.408967018127441406e+00,7.155179977416992188e+00,7.282344341278076172e+00,5.706680774688720703e+00,1.157805824279785156e+01,5.264960289001464844e+00
4.554413795471191406e+00,4.795300483703613281e+00,-1.942023277282714844e+00,6.888468265533447266e+00,4.348539352416992188e+00,7.110326766967773438e+00,7.437932491302490234e+00,5.605064392089843750e+00,1.132839012145996094e+01,5.269816398620605469e+00
4.548409461975097656e+00,4.888557434082031250e+00,-1.880416393280029297e+00,6.884228706359863281e+00,4.271478652954101562e+00,6.903962135314941406e+00,7.379513263702392578e+00,5.642778873443603516e+00,1.137149429321289062e+01,5.277626037597656250e+00
4.540525913238525391e+00,4.838790893554687500e+00,-2.085650682449340820e+00,6.980870723724365234e+00,4.307046890258789062e+00,7.115321636199951172e+00,7.565461158752441406e+00,5.514968872070312500e+00,1.118784904479980469e+01,5.263954162597656250e+00
4.282009601593017578e+00,3.281816959381103516e+00,-1.419964790344238281e+00,5.059336662292480469e+00,3.847440958023071289e+00,4.733188152313232422e+00,4.695995807647705078e+00,6.842052936553955078e+00,1.137867546081542969e+01,4.091466426849365234e+00
4.348308563232421875e+00,3.179803848266601562e+00,-1.348146200180053711e+00,5.295031070709228516e+00,3.839966773986816406e+00,4.688122749328613281e+00,4.950394630432128906e+00,7.164886474609375000e+00,1.152219772338867188e+01,4.258806705474853516e+00
4.455575466156005859e+00,3.348390579223632812e+00,-1.317076683044433594e+00,5.559867858886718750e+00,3.822096586227416992e+00,5.076601028442382812e+00,5.386695861816406250e+00,7.242445945739746094e+00,1.167851257324218750e+01,4.561239242553710938e+00
4.317272663116455078e+00,3.264037132263183594e+00,-1.320257544517517090e+00,5.387922763824462891e+00,3.729799270629882812e+00,4.972909927368164062e+00,5.271427631378173828e+00,6.994206905364990234e+00,1.152054595947265625e+01,4.341446399688720703e+00
4.682760238647460938e+00,3.603049039840698242e+00,-1.391759395599365234e+00,5.476549148559570312e+00,3.735519886016845703e+00,5.287094116210937500e+00,5.103894710540771484e+00,7.091008663177490234e+00,1.180085945129394531e+01,4.613552570343017578e+00
4.463970661163330078e+00,3.300447463989257812e+00,-1.382580757141113281e+00,5.488356113433837891e+00,3.743540525436401367e+00,5.094548702239990234e+00,5.207634449005126953e+00,7.098770618438720703e+00,1.159062004089355469e+01,4.529592514038085938e+00
4.425938606262207031e+00,3.174327373504638672e+00,-1.413165807723999023e+00,5.552045345306396484e+00,3.800051450729370117e+00,4.909359931945800781e+00,5.327368736267089844e+00,7.043334960937500000e+00,1.145347595214843750e+01,4.439158916473388672e+00
4.292264461517333984e+00,3.241419553756713867e+00,-1.372029542922973633e+00,5.419434547424316406e+00,3.725115776062011719e+00,4.967455863952636719e+00,5.394797325134277344e+00,6.894685268402099609e+00,1.143538475036621094e+01,4.358828067779541016e+00
4.425911903381347656e+00,3.156909704208374023e+00,-1.377368927001953125e+00,5.647312641143798828e+00,3.758998155593872070e+00,5.126061439514160156e+00,5.410094738006591797e+00,6.997965812683105469e+00,1.146276283264160156e+01,4.621275901794433594e+00
4.297844886779785156e+00,3.294404268264770508e+00,-1.339951276779174805e+00,5.423787117004394531e+00,3.755481719970703125e+00,5.091767787933349609e+00,5.369886875152587891e+00,6.814804077148437500e+00,1.142415046691894531e+01,4.375245571136474609e+00
4.382325649261474609e+00,4.834733009338378906e+00,-1.337240457534790039e+00,6.537257671356201172e+00,4.193280220031738281e+00,7.588641166687011719e+00,7.036030769348144531e+00,8.848340034484863281e+00,1.158774757385253906e+01,5.516650199890136719e+00
4.199749946594238281e+00,4.775372505187988281e+00,-1.839570283889770508e+00,6.484262466430664062e+00,4.108417987823486328e+00,7.684348106384277344e+00,7.073223590850830078e+00,8.767262458801269531e+00,1.152162933349609375e+01,5.436593055725097656e+00
4.296794891357421875e+00,4.892292976379394531e+00,-2.302497625350952148e+00,6.942901134490966797e+00,4.122604846954345703e+00,6.496543884277343750e+00,7.354973316192626953e+00,5.261085987091064453e+00,1.088698959350585938e+01,5.117452621459960938e+00
4.394356727600097656e+00,4.752182006835937500e+00,-1.396895647048950195e+00,6.548155307769775391e+00,4.148287773132324219e+00,7.532643318176269531e+00,7.062894821166992188e+00,8.890763282775878906e+00,1.157830429077148438e+01,5.545930862426757812e+00
4.353340148925781250e+00,4.768669128417968750e+00,-1.589509010314941406e+00,6.586561679840087891e+00,4.170159816741943359e+00,7.465037345886230469e+00,7.222894668579101562e+00,8.372116088867187500e+00,1.150135421752929688e+01,5.474259853363037109e+00
4.373836517333984375e+00,4.930714607238769531e+00,-2.115732669830322266e+00,6.872464656829833984e+00,4.259083271026611328e+00,6.554031848907470703e+00,7.321999073028564453e+00,5.414164066314697266e+00,1.115942192077636719e+01,5.151992321014404297e+00
4.348069667816162109e+00,4.674203395843505859e+00,-1.826697826385498047e+00,6.660241603851318359e+00,4.205772876739501953e+00,6.938260555267333984e+00,7.271560192108154297e+00,7.650778770446777344e+00,1.139756584167480469e+01,5.417024612426757812e+00
4.012346267700195312e+00,4.739996910095214844e+00,-2.394956111907958984e+00,6.467266559600830078e+00,4.054050445556640625e+00,7.584214687347412109e+00,7.352404594421386719e+00,8.475119590759277344e+00,1.142303848266601562e+01,5.323650836944580078e+00
4.269706249237060547e+00,4.710670471191406250e+00,-2.027458190917968750e+00,6.589059829711914062e+00,4.176754951477050781e+00,7.296757698059082031e+00,7.284386634826660156e+00,8.003940582275390625e+00,1.144176483154296875e+01,5.426262378692626953e+00
4.309250831604003906e+00,4.806756019592285156e+00,-2.511317014694213867e+00,6.929487705230712891e+00,4.348060607910156250e+00,6.382064819335937500e+00,7.355668067932128906e+00,5.123997688293457031e+00,1.067961311340332031e+01,5.056101322174072266e+00
4.493122100830078125e+00,4.695337772369384766e+00,-1.976375341415405273e+00,6.859458923339843750e+00,4.404026031494140625e+00,7.092412948608398438e+00,7.423120021820068359e+00,5.603248119354248047e+00,1.109946060180664062e+01,5.203475475311279297e+00
4.409653186798095703e+00,4.547445297241210938e+00,-2.372390508651733398e+00,7.137033462524414062e+00,4.206413269042968750e+00,7.158207893371582031e+00,7.891587734222412109e+00,5.090435504913330078e+00,1.030528450012207031e+01,5.164223670959472656e+00
4.482074737548828125e+00,4.258374214172363281e+00,-1.981806755065917969e+00,7.047351360321044922e+00,4.315745353698730469e+00,7.370563507080078125e+00,7.600302219390869141e+00,5.340258121490478516e+00,1.037347793579101562e+01,5.227471351623535156e+00
4.566083431243896484e+00,4.191028594970703125e+00,-1.755002737045288086e+00,6.969175338745117188e+00,4.431236267089843750e+00,7.345057487487792969e+00,7.483554363250732422e+00,5.604207515716552734e+00,1.058194923400878906e+01,5.227192401885986328e+00
4.564470291137695312e+00,4.192007541656494141e+00,-1.801119565963745117e+00,7.050725936889648438e+00,4.329410552978515625e+00,7.219561100006103516e+00,7.669958114624023438e+00,5.445697784423828125e+00,1.028592491149902344e+01,5.127947807312011719e+00
4.494801998138427734e+00,4.235286712646484375e+00,-1.980041503906250000e+00,7.061209678649902344e+00,4.298718452453613281e+00,7.257232189178466797e+00,7.694386482238769531e+00,5.387659549713134766e+00,1.032860279083251953e+01,5.187340736389160156e+00
4.542214393615722656e+00,4.200304031372070312e+00,-1.923650026321411133e+00,7.068373203277587891e+00,4.279529571533203125e+00,7.070613861083984375e+00,7.825376033782958984e+00,5.403154850006103516e+00,1.021273422241210938e+01,5.018115043640136719e+00
4.694315433502197266e+00,3.872022390365600586e+00,-1.470075368881225586e+00,7.049968719482421875e+00,4.351940155029296875e+00,7.238860130310058594e+00,7.671807289123535156e+00,5.780794620513916016e+00,1.029376792907714844e+01,5.080191135406494141e+00
4.680412292480468750e+00,3.909149885177612305e+00,-1.543374776840209961e+00,7.065034389495849609e+00,4.387209892272949219e+00,7.284718036651611328e+00,7.616358757019042969e+00,5.741514205932617188e+00,1.030298233032226562e+01,5.133305072784423828e+00
4.518974781036376953e+00,4.264064311981201172e+00,-1.967119455337524414e+00,7.027675628662109375e+00,4.392447471618652344e+00,7.398505687713623047e+00,7.676366806030273438e+00,5.454342365264892578e+00,1.041963386535644531e+01,5.158833503723144531e+00
4.744014263153076172e+00,4.929729461669921875e+00,-1.797819137573242188e+00,6.840983867645263672e+00,4.518040657043457031e+00,7.173013210296630859e+00,7.268098354339599609e+00,5.789494514465332031e+00,1.164836692810058594e+01,5.294661998748779297e+00
4.513180732727050781e+00,4.815477371215820312e+00,-2.243179798126220703e+00,6.932400226593017578e+00,4.349123001098632812e+00,7.124440670013427734e+00,7.589730739593505859e+00,5.425858020782470703e+00,1.109774208068847656e+01,5.215369224548339844e+00
4.609283447265625000e+00,4.981576919555664062e+00,-1.873794794082641602e+00,6.806276321411132812e+00,4.396113395690917969e+00,7.169978141784667969e+00,7.347834110260009766e+00,5.692873477935791016e+00,1.151229476928710938e+01,5.240717887878417969e+00
4.484533786773681641e+00,4.778430938720703125e+00,-2.103298187255859375e+00,6.903280258178710938e+00,4.322889328002929688e+00,7.063407897949218750e+00,7.503979206085205078e+00,5.426330566406250000e+00,1.108622550964355469e+01,5.214405536651611328e+00
4.524983406066894531e+00,4.844985961914062500e+00,-2.013737440109252930e+00,6.869090080261230469e+00,4.412415504455566406e+00,7.084803104400634766e+00,7.441815853118896484e+00,5.535585880279541016e+00,1.132096290588378906e+01,5.251666069030761719e+00
4.442699909210205078e+00,4.852934837341308594e+00,-2.374078273773193359e+00,7.070914745330810547e+00,4.307402610778808594e+00,7.084646224975585938e+00,7.735792160034179688e+00,5.238600254058837891e+00,1.089606666564941406e+01,5.222314357757568359e+00
4.606421470642089844e+00,4.756740570068359375e+00,-1.731055259704589844e+00,6.845048904418945312e+00,4.404345512390136719e+00,7.242957592010498047e+00,7.334833145141601562e+00,5.688407897949218750e+00,1.139237213134765625e+01,5.267583847045898438e+00
4.442277431488037109e+00,4.799937248229980469e+00,-2.344202280044555664e+00,7.029347419738769531e+00,4.310265541076660156e+00,7.175488471984863281e+00,7.743180274963378906e+00,5.273711204528808594e+00,1.085668373107910156e+01,5.220599174499511719e+00
4.647202968597412109e+00,4.664319515228271484e+00,-1.621307134628295898e+00,6.849321842193603516e+00,4.423243522644042969e+00,7.358111858367919922e+00,7.230190277099609375e+00,5.792614936828613281e+00,1.139328002929687500e+01,5.289745807647705078e+00
4.531162261962890625e+00,4.762608051300048828e+00,-2.009561061859130859e+00,6.962665557861328125e+00,4.367829322814941406e+00,7.297955513000488281e+00,7.545809745788574219e+00,5.535624980926513672e+00,1.111493301391601562e+01,5.252728939056396484e+00
4.445817947387695312e+00,5.123098373413085938e+00,-2.504483699798583984e+00,7.589445114135742188e+00,4.299595832824707031e+00,7.032182216644287109e+00,8.319722175598144531e+00,4.932965755462646484e+00,1.059977912902832031e+01,5.321289539337158203e+00
4.506774902343750000e+00,5.013426780700683594e+00,-2.321173429489135742e+00,7.497313976287841797e+00,4.308015823364257812e+00,7.016137599945068359e+00,8.085173606872558594e+00,5.115390300750732422e+00,1.079123115539550781e+01,5.359881401062011719e+00
4.442734241485595703e+00,4.949702262878417969e+00,-2.400941848754882812e+00,7.491076469421386719e+00,4.258286476135253906e+00,7.032500267028808594e+00,8.051259994506835938e+00,5.040095806121826172e+00,1.077700614929199219e+01,5.329691886901855469e+00
4.355051994323730469e+00,4.976603507995605469e+00,-2.333705902099609375e+00,7.248189449310302734e+00,4.201539993286132812e+00,6.802315711975097656e+00,7.584143161773681641e+00,5.065113544464111328e+00,1.107280349731445312e+01,5.188136577606201172e+00
4.538374423980712891e+00,4.917300224304199219e+00,-2.228293895721435547e+00,7.481716156005859375e+00,4.289075851440429688e+00,6.775784015655517578e+00,7.869261264801025391e+00,5.222540855407714844e+00,1.093170356750488281e+01,5.380221843719482422e+00
4.350964546203613281e+00,4.799444198608398438e+00,-2.324477195739746094e+00,7.316763401031494141e+00,4.179261207580566406e+00,7.139492034912109375e+00,7.667701244354248047e+00,4.996257781982421875e+00,1.088082885742187500e+01,5.235528469085693359e+00
4.353628158569335938e+00,5.039738655090332031e+00,-2.547824859619140625e+00,7.535734653472900391e+00,4.210540771484375000e+00,6.907324790954589844e+00,8.042276382446289062e+00,4.863557338714599609e+00,1.068706703186035156e+01,5.249920368194580078e+00
4.327350139617919922e+00,5.103507995605468750e+00,-2.578521966934204102e+00,7.565408229827880859e+00,4.199501991271972656e+00,7.049883365631103516e+00,8.155750274658203125e+00,4.831924915313720703e+00,1.064542007446289062e+01,5.260251522064208984e+00
4.467131137847900391e+00,4.791090011596679688e+00,-2.010536193847656250e+00,7.092875957489013672e+00,4.140495300292968750e+00,6.742074966430664062e+00,7.179481029510498047e+00,5.336668491363525391e+00,1.139802932739257812e+01,5.284938335418701172e+00
4.359623432159423828e+00,5.018334388732910156e+00,-2.340498685836791992e+00,7.285123825073242188e+00,4.188560962677001953e+00,6.825688362121582031e+00,7.654716014862060547e+00,5.045950889587402344e+00,1.106043624877929688e+01,5.174101352691650391e+00
4.668397903442382812e+00,3.950261354446411133e+00,-2.005485296249389648e+00,6.801617145538330078e+00,4.493199348449707031e+00,7.227438926696777344e+00,7.571000099182128906e+00,5.887443542480468750e+00,1.088191604614257812e+01,5.222711563110351562e+00
4.614038944244384766e+00,3.740381002426147461e+00,-2.034097433090209961e+00,6.677978992462158203e+00,4.195319175720214844e+00,6.961512088775634766e+00,7.543295860290527344e+00,6.039765357971191406e+00,1.064600563049316406e+01,5.222225666046142578e+00
4.620572566986083984e+00,3.708930730819702148e+00,-2.011411905288696289e+00,6.598159313201904297e+00,4.176822662353515625e+00,7.002336502075195312e+00,7.470742702484130859e+00,5.957689762115478516e+00,1.059534263610839844e+01,5.229047298431396484e+00
4.659475803375244141e+00,3.873207092285156250e+00,-2.255333900451660156e+00,6.706120491027832031e+00,4.122164726257324219e+00,6.924914360046386719e+00,7.726804733276367188e+00,5.780195236206054688e+00,1.063405609130859375e+01,5.256907463073730469e+00
4.649815082550048828e+00,3.649672985076904297e+00,-1.985965967178344727e+00,6.654880046844482422e+00,4.144888877868652344e+00,6.853953838348388672e+00,7.510318756103515625e+00,5.997837543487548828e+00,1.051718330383300781e+01,5.200868129730224609e+00
4.691606521606445312e+00,3.695760250091552734e+00,-2.270441532135009766e+00,6.731989860534667969e+00,4.218795299530029297e+00,7.080585002899169922e+00,7.635827541351318359e+00,5.949442863464355469e+00,1.062251472473144531e+01,5.346651077270507812e+00
4.676467418670654297e+00,3.640891551971435547e+00,-2.102104663848876953e+00,6.669803142547607422e+00,4.222047805786132812e+00,7.196341037750244141e+00,7.549442768096923828e+00,5.977185249328613281e+00,1.063622474670410156e+01,5.332668781280517578e+00
4.698274135589599609e+00,3.566108942031860352e+00,-2.007044553756713867e+00,6.471635818481445312e+00,3.928733110427856445e+00,6.808176040649414062e+00,7.300593376159667969e+00,5.887214660644531250e+00,1.049561882019042969e+01,5.238799095153808594e+00
4.667466163635253906e+00,3.741846084594726562e+00,-2.288808107376098633e+00,7.022847175598144531e+00,4.230195999145507812e+00,7.773780345916748047e+00,7.541585922241210938e+00,5.732831001281738281e+00,1.057385635375976562e+01,5.477610588073730469e+00
4.719235897064208984e+00,3.906673192977905273e+00,-2.074200630187988281e+00,6.525876522064208984e+00,4.186498165130615234e+00,7.116213321685791016e+00,7.437837600708007812e+00,6.283879280090332031e+00,1.106630516052246094e+01,5.303190708160400391e+00
4.235393047332763672e+00,4.795890808105468750e+00,-2.579758167266845703e+00,6.916829586029052734e+00,4.190585136413574219e+00,6.704032421112060547e+00,7.416868209838867188e+00,4.938783645629882812e+00,1.051540184020996094e+01,5.055626392364501953e+00
4.226570129394531250e+00,4.789433479309082031e+00,-2.615275144577026367e+00,7.048791885375976562e+00,4.129813194274902344e+00,6.752264022827148438e+00,7.602935791015625000e+00,4.822019577026367188e+00,1.038857650756835938e+01,5.072229385375976562e+00
4.249225616455078125e+00,4.819912910461425781e+00,-2.496924161911010742e+00,6.960377216339111328e+00,4.192397117614746094e+00,6.898204326629638672e+00,7.541795730590820312e+00,4.941626071929931641e+00,1.051845932006835938e+01,5.054300308227539062e+00
4.248493671417236328e+00,5.017012596130371094e+00,-2.604237556457519531e+00,7.259480476379394531e+00,4.073627471923828125e+00,7.468389034271240234e+00,8.171162605285644531e+00,4.759028911590576172e+00,1.061272048950195312e+01,5.163208007812500000e+00
4.307670116424560547e+00,4.735266685485839844e+00,-2.210722684860229492e+00,6.781752109527587891e+00,4.255787849426269531e+00,6.693280696868896484e+00,7.229210376739501953e+00,5.164801120758056641e+00,1.067976379394531250e+01,5.060531139373779297e+00
4.352088451385498047e+00,4.903847694396972656e+00,-2.024401426315307617e+00,6.869799137115478516e+00,4.142349243164062500e+00,7.005309581756591797e+00,7.542849063873291016e+00,5.283005714416503906e+00,1.098560714721679688e+01,5.130550384521484375e+00
4.314994812011718750e+00,4.837754249572753906e+00,-2.295728921890258789e+00,6.909718990325927734e+00,4.310053825378417969e+00,6.906498432159423828e+00,7.549023628234863281e+00,5.194312095642089844e+00,1.076477050781250000e+01,5.115115642547607422e+00
4.281734943389892578e+00,4.735816955566406250e+00,-2.452016830444335938e+00,6.927693843841552734e+00,4.274572372436523438e+00,6.740482330322265625e+00,7.403458595275878906e+00,5.049804210662841797e+00,1.051061058044433594e+01,5.077695846557617188e+00
4.494889259338378906e+00,4.915223121643066406e+00,-1.943032264709472656e+00,6.842403888702392578e+00,4.383893966674804688e+00,7.004996776580810547e+00,7.464591503143310547e+00,5.601087570190429688e+00,1.129761123657226562e+01,5.219374179840087891e+00
4.455318450927734375e+00,4.835944175720214844e+00,-2.043855667114257812e+00,6.827589511871337891e+00,4.411826133728027344e+00,6.876872539520263672e+00,7.392994880676269531e+00,5.565748214721679688e+00,1.117100524902343750e+01,5.208299636840820312e+00
4.692012310028076172e+00,4.452208518981933594e+00,-1.705386877059936523e+00,6.344944477081298828e+00,4.261097908020019531e+00,6.395580768585205078e+00,6.951584815979003906e+00,5.498175144195556641e+00,1.118571853637695312e+01,5.194126605987548828e+00
4.841965198516845703e+00,4.504629135131835938e+00,-1.281497955322265625e+00,6.290471076965332031e+00,4.132079124450683594e+00,6.682938575744628906e+00,6.799589157104492188e+00,5.678597927093505859e+00,1.143907546997070312e+01,5.344418048858642578e+00
4.777331352233886719e+00,4.445048809051513672e+00,-1.480236887931823730e+00,6.539216518402099609e+00,4.190733909606933594e+00,6.750602245330810547e+00,7.368182182312011719e+00,6.190906524658203125e+00,1.146673965454101562e+01,5.462620258331298828e+00
4.846443176269531250e+00,4.590610504150390625e+00,-1.199599981307983398e+00,6.318527698516845703e+00,4.114988327026367188e+00,6.772166728973388672e+00,6.928035736083984375e+00,5.983913898468017578e+00,1.147116279602050781e+01,5.306295394897460938e+00
4.797583103179931641e+00,4.547085285186767578e+00,-1.343517541885375977e+00,6.471130371093750000e+00,4.112984180450439453e+00,6.848271846771240234e+00,7.374361515045166016e+00,6.507321357727050781e+00,1.160450935363769531e+01,5.365992546081542969e+00
4.704995155334472656e+00,4.120325565338134766e+00,-1.765649318695068359e+00,6.587173461914062500e+00,4.127802848815917969e+00,7.117845058441162109e+00,7.649565219879150391e+00,6.777624607086181641e+00,1.144444847106933594e+01,5.299601078033447266e+00
4.835358619689941406e+00,4.600421905517578125e+00,-1.566002130508422852e+00,6.532566070556640625e+00,4.119546890258789062e+00,6.804024219512939453e+00,7.523840904235839844e+00,6.538458347320556641e+00,1.129918098449707031e+01,5.226451873779296875e+00
4.798955440521240234e+00,4.304061889648437500e+00,-1.685938835144042969e+00,6.646089553833007812e+00,4.234249114990234375e+00,7.245891571044921875e+00,7.744977951049804688e+00,6.942737102508544922e+00,1.159585189819335938e+01,5.298560142517089844e+00
4.780435085296630859e+00,4.087496280670166016e+00,-1.979512929916381836e+00,6.655865192413330078e+00,4.198991775512695312e+00,7.453530311584472656e+00,7.761265277862548828e+00,6.990461826324462891e+00,1.162043190002441406e+01,5.286366462707519531e+00
4.788832664489746094e+00,4.172005653381347656e+00,-1.837686300277709961e+00,6.618616104125976562e+00,4.202381610870361328e+00,7.417178630828857422e+00,7.691490173339843750e+00,7.127084732055664062e+00,1.185038375854492188e+01,5.285949230194091797e+00
4.835052967071533203e+00,4.548530578613281250e+00,-1.700967073440551758e+00,6.718600749969482422e+00,4.262203216552734375e+00,7.452211856842041016e+00,7.409365653991699219e+00,6.957408428192138672e+00,1.191592216491699219e+01,5.189530372619628906e+00
4.840684413909912109e+00,4.487024784088134766e+00,-1.720731258392333984e+00,6.812939167022705078e+00,4.242184638977050781e+00,7.530377388000488281e+00,7.400944709777832031e+00,6.979722976684570312e+00,1.181372451782226562e+01,5.209385871887207031e+00
4.374372959136962891e+00,4.333435535430908203e+00,-1.723383188247680664e+00,6.291363239288330078e+00,3.645628213882446289e+00,7.162014961242675781e+00,7.356803894042968750e+00,6.747467517852783203e+00,1.127215957641601562e+01,4.954319477081298828e+00
4.824774265289306641e+00,4.366472244262695312e+00,-1.741773605346679688e+00,6.911772251129150391e+00,4.177118301391601562e+00,7.609534740447998047e+00,7.356399536132812500e+00,7.028572082519531250e+00,1.171913337707519531e+01,5.210862636566162109e+00
4.438437938690185547e+00,4.178672790527343750e+00,-2.295948982238769531e+00,6.913262844085693359e+00,4.134358406066894531e+00,7.273921966552734375e+00,7.886393070220947266e+00,5.682505607604980469e+00,1.072014236450195312e+01,5.207822799682617188e+00
4.499132633209228516e+00,4.674987316131591797e+00,-1.937049150466918945e+00,6.716432094573974609e+00,4.030733108520507812e+00,7.279150485992431641e+00,7.506000041961669922e+00,5.762288093566894531e+00,1.126994323730468750e+01,5.178665161132812500e+00
4.591693878173828125e+00,4.493264198303222656e+00,-1.819873094558715820e+00,6.667644500732421875e+00,4.132762432098388672e+00,7.237927913665771484e+00,7.338526248931884766e+00,6.133034229278564453e+00,1.134969902038574219e+01,5.201248645782470703e+00
4.809311389923095703e+00,4.380659103393554688e+00,-1.766995191574096680e+00,6.915092468261718750e+00,4.200551033020019531e+00,7.642888069152832031e+00,7.450125217437744141e+00,6.997459888458251953e+00,1.172381591796875000e+01,5.227303981781005859e+00
4.633094787597656250e+00,4.537118911743164062e+00,-1.829517126083374023e+00,6.670430183410644531e+00,4.164784431457519531e+00,7.267230033874511719e+00,7.258571624755859375e+00,6.245302677154541016e+00,1.151028823852539062e+01,5.196154117584228516e+00
4.786371231079101562e+00,4.143152236938476562e+00,-1.996867418289184570e+00,6.966638565063476562e+00,4.272933006286621094e+00,7.712951183319091797e+00,7.492469787597656250e+00,6.651791095733642578e+00,1.145834541320800781e+01,5.317992687225341797e+00
4.577911853790283203e+00,4.327914237976074219e+00,-2.075208902359008789e+00,7.152740001678466797e+00,4.261651039123535156e+00,7.736825942993164062e+00,7.263226032257080078e+00,5.362822055816650391e+00,1.066400909423828125e+01,5.343312263488769531e+00
4.734110355377197266e+00,4.299294471740722656e+00,-1.705261230468750000e+00,7.102089405059814453e+00,4.341088294982910156e+00,7.644011020660400391e+00,7.152665615081787109e+00,5.783454418182373047e+00,1.105862998962402344e+01,5.396816730499267578e+00
4.707706928253173828e+00,4.231539726257324219e+00,-1.924757480621337891e+00,7.248106002807617188e+00,4.346250534057617188e+00,7.894719123840332031e+00,7.330414295196533203e+00,5.846491336822509766e+00,1.108735847473144531e+01,5.494976043701171875e+00
4.395354747772216797e+00,4.714226722717285156e+00,-2.529483079910278320e+00,7.462246417999267578e+00,4.131341934204101562e+00,7.905004024505615234e+00,7.876756191253662109e+00,4.936322689056396484e+00,1.040261650085449219e+01,5.255661487579345703e+00
4.470272064208984375e+00,4.661458969116210938e+00,-2.554184675216674805e+00,7.618246555328369141e+00,4.240617752075195312e+00,7.871209144592285156e+00,8.030134201049804688e+00,5.119594573974609375e+00,1.045332717895507812e+01,5.459012031555175781e+00
4.685481548309326172e+00,4.135225296020507812e+00,-1.858531951904296875e+00,7.260310173034667969e+00,4.355650901794433594e+00,7.828180313110351562e+00,7.328883171081542969e+00,5.858957290649414062e+00,1.100882720947265625e+01,5.536832332611083984e+00
4.611557483673095703e+00,4.099587440490722656e+00,-1.709306001663208008e+00,7.104291439056396484e+00,4.275122642517089844e+00,7.658042907714843750e+00,7.182034969329833984e+00,5.717673778533935547e+00,1.088615036010742188e+01,5.454909801483154297e+00
4.549883842468261719e+00,4.336812973022460938e+00,-2.284922599792480469e+00,7.390165328979492188e+00,4.269550323486328125e+00,7.924118995666503906e+00,7.639298439025878906e+00,5.364403724670410156e+00,1.062108802795410156e+01,5.484706878662109375e+00
4.597942352294921875e+00,4.018601894378662109e+00,-1.897582769393920898e+00,7.238749027252197266e+00,4.271678924560546875e+00,7.889924049377441406e+00,7.280524730682373047e+00,5.588438034057617188e+00,1.061881828308105469e+01,5.522229194641113281e+00
4.627125263214111328e+00,4.097220897674560547e+00,-2.183389425277709961e+00,7.434476852416992188e+00,4.354067802429199219e+00,8.099026679992675781e+00,7.498705863952636719e+00,5.529085636138916016e+00,1.059790039062500000e+01,5.602246284484863281e+00
4.806925296783447266e+00,4.676109313964843750e+00,-1.480720520019531250e+00,6.965397357940673828e+00,4.265942573547363281e+00,6.787693023681640625e+00,7.281889438629150391e+00,6.395228862762451172e+00,1.169750213623046875e+01,5.442002296447753906e+00
4.752182483673095703e+00,4.704518318176269531e+00,-1.578895330429077148e+00,7.108016490936279297e+00,4.183693885803222656e+00,7.316586017608642578e+00,7.407091617584228516e+00,6.412826538085937500e+00,1.158995628356933594e+01,5.425458908081054688e+00
4.710186481475830078e+00,4.403302669525146484e+00,-1.505897641181945801e+00,7.023464679718017578e+00,4.142340660095214844e+00,7.013627529144287109e+00,7.175070285797119141e+00,6.014650344848632812e+00,1.135257339477539062e+01,5.389060974121093750e+00
4.738751411437988281e+00,4.421768188476562500e+00,-1.705615282058715820e+00,7.238547325134277344e+00,4.253059387207031250e+00,7.255458354949951172e+00,7.504928112030029297e+00,5.959519863128662109e+00,1.128905105590820312e+01,5.553245544433593750e+00
4.526068687438964844e+00,4.734146595001220703e+00,-2.237636089324951172e+00,7.541243076324462891e+00,4.255972385406494141e+00,7.369624137878417969e+00,7.962203025817871094e+00,5.267143726348876953e+00,1.073938751220703125e+01,5.478291034698486328e+00
4.608300685882568359e+00,4.633840560913085938e+00,-2.032703638076782227e+00,7.348407745361328125e+00,4.205377578735351562e+00,7.222986698150634766e+00,7.626308917999267578e+00,5.339150428771972656e+00,1.088912963867187500e+01,5.409097671508789062e+00
4.521694660186767578e+00,4.830468177795410156e+00,-2.217494964599609375e+00,7.561824321746826172e+00,4.238545417785644531e+00,7.076239585876464844e+00,8.037311553955078125e+00,5.106518268585205078e+00,1.061167716979980469e+01,5.416945457458496094e+00
4.724709033966064453e+00,4.247305870056152344e+00,-1.683448553085327148e+00,7.181381702423095703e+00,4.244747161865234375e+00,7.229273796081542969e+00,7.396913051605224609e+00,5.856390953063964844e+00,1.112197875976562500e+01,5.591406822204589844e+00
4.552735805511474609e+00,4.401042938232421875e+00,-2.213812828063964844e+00,7.475215911865234375e+00,4.289772987365722656e+00,7.308696746826171875e+00,7.925869464874267578e+00,5.257172107696533203e+00,1.047526931762695312e+01,5.529791831970214844e+00
4.571444034576416016e+00,4.723278045654296875e+00,-2.086624383926391602e+00,7.498066902160644531e+00,4.179167270660400391e+00,7.011663436889648438e+00,7.860033035278320312e+00,5.195205211639404297e+00,1.072778892517089844e+01,5.384145259857177734e+00
4.481094360351562500e+00,4.847373962402343750e+00,-1.749566793441772461e+00,6.683691978454589844e+00,4.148338317871093750e+00,6.981353282928466797e+00,7.204680919647216797e+00,5.600771427154541016e+00,1.130532073974609375e+01,5.154078006744384766e+00
4.552072525024414062e+00,4.937400817871093750e+00,-1.838972091674804688e+00,6.796269893646240234e+00,4.315254211425781250e+00,7.086553096771240234e+00,7.372908592224121094e+00,5.719389915466308594e+00,1.143132019042968750e+01,5.208038806915283203e+00
4.404232978820800781e+00,4.995381355285644531e+00,-2.377175092697143555e+00,7.273712635040283203e+00,4.227774143218994141e+00,7.525321006774902344e+00,8.102843284606933594e+00,5.146555900573730469e+00,1.088923835754394531e+01,5.310960292816162109e+00
4.390214443206787109e+00,5.171654701232910156e+00,-2.243600368499755859e+00,7.184596538543701172e+00,4.175956726074218750e+00,7.532694339752197266e+00,7.907359123229980469e+00,5.276671409606933594e+00,1.123558425903320312e+01,5.239407539367675781e+00
4.433318614959716797e+00,4.978260993957519531e+00,-2.429520368576049805e+00,7.315905570983886719e+00,4.219310760498046875e+00,7.756661415100097656e+00,8.007451057434082031e+00,5.205355644226074219e+00,1.095797348022460938e+01,5.323472976684570312e+00
4.640811443328857422e+00,5.139343261718750000e+00,-1.742232322692871094e+00,7.011984348297119141e+00,4.259508609771728516e+00,7.368576526641845703e+00,7.673286914825439453e+00,5.920210361480712891e+00,1.159848594665527344e+01,5.280565261840820312e+00
4.691679954528808594e+00,5.019971847534179688e+00,-1.688960313796997070e+00,6.927910804748535156e+00,4.272331237792968750e+00,7.268594741821289062e+00,7.590610504150390625e+00,5.948485374450683594e+00,1.166012763977050781e+01,5.254897594451904297e+00
4.380685806274414062e+00,5.008965492248535156e+00,-2.179111242294311523e+00,7.193216800689697266e+00,4.200817108154296875e+00,7.498310565948486328e+00,7.745134353637695312e+00,5.236895561218261719e+00,1.101768302917480469e+01,5.256571769714355469e+00
4.540899276733398438e+00,5.035659790039062500e+00,-1.937213420867919922e+00,7.065991401672363281e+00,4.248090267181396484e+00,7.473958492279052734e+00,7.610936641693115234e+00,5.603171825408935547e+00,1.133663940429687500e+01,5.292570590972900391e+00
4.649984359741210938e+00,5.125036239624023438e+00,-1.709443569183349609e+00,6.941941261291503906e+00,4.239640712738037109e+00,7.374987125396728516e+00,7.552775859832763672e+00,6.036835193634033203e+00,1.168531608581542969e+01,5.246972560882568359e+00
4.646454811096191406e+00,4.539600372314453125e+00,-2.220309972763061523e+00,7.071636199951171875e+00,4.386964797973632812e+00,7.451856136322021484e+00,7.868310451507568359e+00,5.789708137512207031e+00,1.110549163818359375e+01,5.380137920379638672e+00
4.737525939941406250e+00,4.360701560974121094e+00,-1.973752498626708984e+00,6.881989955902099609e+00,4.359721183776855469e+00,7.357584476470947266e+00,7.551935672760009766e+00,6.218370914459228516e+00,1.143701362609863281e+01,5.311854839324951172e+00
4.671573162078857422e+00,4.173157691955566406e+00,-2.127901792526245117e+00,7.006220817565917969e+00,4.397948265075683594e+00,7.467957973480224609e+00,7.658283233642578125e+00,5.966466426849365234e+00,1.103486251831054688e+01,5.363444328308105469e+00
4.438659667968750000e+00,4.716909408569335938e+00,-2.622908353805541992e+00,7.440877437591552734e+00,4.196901321411132812e+00,7.527290821075439453e+00,8.313945770263671875e+00,5.054392814636230469e+00,1.050739479064941406e+01,5.369066238403320312e+00
4.612651348114013672e+00,4.114983558654785156e+00,-2.190563678741455078e+00,7.086279869079589844e+00,4.349584579467773438e+00,7.342368602752685547e+00,7.750333786010742188e+00,5.729269981384277344e+00,1.076322937011718750e+01,5.342343807220458984e+00
4.569245338439941406e+00,4.463244438171386719e+00,-2.377927303314208984e+00,7.223388671875000000e+00,4.309075355529785156e+00,7.493818759918212891e+00,7.901210308074951172e+00,5.473923683166503906e+00,1.076867485046386719e+01,5.381550312042236328e+00
4.417059898376464844e+00,4.730113983154296875e+00,-2.698233127593994141e+00,7.577266216278076172e+00,4.191426277160644531e+00,7.741687774658203125e+00,8.278160095214843750e+00,4.980713367462158203e+00,1.048861122131347656e+01,5.405505180358886719e+00
4.648855209350585938e+00,3.855149507522583008e+00,-2.225224971771240234e+00,7.075651168823242188e+00,4.383862495422363281e+00,7.348016262054443359e+00,7.736963748931884766e+00,5.883041381835937500e+00,1.077206039428710938e+01,5.376161575317382812e+00
4.583978652954101562e+00,4.028781890869140625e+00,-2.363360881805419922e+00,7.274148941040039062e+00,4.250376701354980469e+00,7.415080547332763672e+00,7.907296657562255859e+00,5.528146743774414062e+00,1.044704437255859375e+01,5.321728229522705078e+00
4.492973327636718750e+00,4.475517272949218750e+00,-2.555717229843139648e+00,7.440385341644287109e+00,4.256656646728515625e+00,7.459383964538574219e+00,8.119958877563476562e+00,5.237937927246093750e+00,1.045284652709960938e+01,5.373186111450195312e+00
4.532628059387207031e+00,4.201849937438964844e+00,-2.435422182083129883e+00,6.933819770812988281e+00,4.421952247619628906e+00,6.936890602111816406e+00,7.659205436706542969e+00,5.474020481109619141e+00,1.055524635314941406e+01,5.263405323028564453e+00
4.414859294891357422e+00,4.625024795532226562e+00,-2.654235124588012695e+00,7.221943855285644531e+00,4.272344589233398438e+00,7.042540073394775391e+00,8.234682083129882812e+00,4.961198806762695312e+00,1.043460845947265625e+01,5.214931964874267578e+00
4.501595020294189453e+00,4.585467815399169922e+00,-2.412168979644775391e+00,7.173277854919433594e+00,4.307757377624511719e+00,7.134191513061523438e+00,8.058246612548828125e+00,5.292538642883300781e+00,1.060577011108398438e+01,5.341291427612304688e+00
4.376833438873291016e+00,4.806296348571777344e+00,-2.687845468521118164e+00,7.434938907623291016e+00,4.184050559997558594e+00,7.406831741333007812e+00,8.343571662902832031e+00,4.858277797698974609e+00,1.044684982299804688e+01,5.334700107574462891e+00
4.614622116088867188e+00,4.460968971252441406e+00,-2.339647531509399414e+00,6.949970722198486328e+00,4.467071533203125000e+00,7.191337585449218750e+00,7.751182079315185547e+00,5.594147205352783203e+00,1.083886146545410156e+01,5.328698635101318359e+00
4.736238479614257812e+00,4.305286407470703125e+00,-2.072921752929687500e+00,6.854672431945800781e+00,4.475085258483886719e+00,7.300906181335449219e+00,7.575036048889160156e+00,6.086817741394042969e+00,1.128432464599609375e+01,5.346282958984375000e+00
4.613684654235839844e+00,4.557425022125244141e+00,-2.251765727996826172e+00,6.976861000061035156e+00,4.405550003051757812e+00,7.171916961669921875e+00,7.737924098968505859e+00,5.628272533416748047e+00,1.094198989868164062e+01,5.337986946105957031e+00
4.540578842163085938e+00,4.698801994323730469e+00,-2.466019392013549805e+00,7.306497573852539062e+00,4.351133346557617188e+00,7.415626525878906250e+00,8.203457832336425781e+00,5.316203594207763672e+00,1.073426818847656250e+01,5.418801307678222656e+00
4.640462875366210938e+00,4.369301795959472656e+00,-2.323377132415771484e+00,7.073071002960205078e+00,4.421548843383789062e+00,7.272550582885742188e+00,7.872178554534912109e+00,5.648663043975830078e+00,1.085610961914062500e+01,5.407994747161865234e+00
4.612628459930419922e+00,4.007563591003417969e+00,-2.502476930618286133e+00,7.169021606445312500e+00,4.323273658752441406e+00,7.387849807739257812e+00,7.993143558502197266e+00,5.594362258911132812e+00,1.054385375976562500e+01,5.342852115631103516e+00
4.135294437408447266e+00,4.859260559082031250e+00,-2.269773721694946289e+00,6.995013713836669922e+00,3.895657777786254883e+00,7.540242671966552734e+00,7.302855968475341797e+00,4.549426078796386719e+00,1.068006896972656250e+01,4.995707511901855469e+00
4.381236076354980469e+00,4.300444602966308594e+00,-2.348193168640136719e+00,6.678319931030273438e+00,3.684027433395385742e+00,7.233159065246582031e+00,6.915401935577392578e+00,4.779206275939941406e+00,1.053420066833496094e+01,4.852580070495605469e+00
4.366643905639648438e+00,4.340626239776611328e+00,-2.397613048553466797e+00,6.722039222717285156e+00,3.726688623428344727e+00,7.295503616333007812e+00,6.936895847320556641e+00,4.811585903167724609e+00,1.059330368041992188e+01,4.883203029632568359e+00
4.419291019439697266e+00,4.519526481628417969e+00,-1.996822834014892578e+00,7.054114341735839844e+00,4.022678375244140625e+00,7.462877750396728516e+00,7.397018909454345703e+00,5.188868522644042969e+00,1.081703376770019531e+01,5.257783889770507812e+00
4.405434131622314453e+00,4.439823150634765625e+00,-2.124512195587158203e+00,6.552157878875732422e+00,3.653900384902954102e+00,6.983042716979980469e+00,6.652082443237304688e+00,4.859849452972412109e+00,1.084593009948730469e+01,4.764846801757812500e+00
4.537584304809570312e+00,4.254794120788574219e+00,-2.141766786575317383e+00,7.180556774139404297e+00,4.148147583007812500e+00,7.712530612945556641e+00,7.440187454223632812e+00,5.329216003417968750e+00,1.055860710144042969e+01,5.385730743408203125e+00
4.102992534637451172e+00,5.080039024353027344e+00,-1.841942548751831055e+00,6.658837795257568359e+00,3.717719554901123047e+00,7.090702533721923828e+00,6.692272186279296875e+00,4.531456470489501953e+00,1.115146827697753906e+01,4.841988086700439453e+00
4.318304061889648438e+00,4.528213500976562500e+00,-2.088513135910034180e+00,6.678083896636962891e+00,3.742238044738769531e+00,7.178069114685058594e+00,6.791730880737304688e+00,4.839772224426269531e+00,1.082601928710937500e+01,4.823654651641845703e+00
4.543616771697998047e+00,4.166550159454345703e+00,-2.181811571121215820e+00,6.746960639953613281e+00,3.816739797592163086e+00,7.193438529968261719e+00,6.925634860992431641e+00,5.110707283020019531e+00,1.073675537109375000e+01,5.066924571990966797e+00
4.358053684234619141e+00,4.623007774353027344e+00,-2.132859945297241211e+00,6.925124645233154297e+00,3.902371644973754883e+00,7.268638134002685547e+00,7.226960182189941406e+00,4.831481933593750000e+00,1.074684906005859375e+01,5.066357135772705078e+00
4.699700832366943359e+00,5.091234207153320312e+00,-1.736993789672851562e+00,7.065508365631103516e+00,4.232757568359375000e+00,7.321393966674804688e+00,7.678906440734863281e+00,5.956159114837646484e+00,1.160516548156738281e+01,5.297040462493896484e+00
4.607606410980224609e+00,4.915498733520507812e+00,-1.982480049133300781e+00,7.037556648254394531e+00,4.272520065307617188e+00,7.200005531311035156e+00,7.626000404357910156e+00,5.783067703247070312e+00,1.139501571655273438e+01,5.326687812805175781e+00
4.588423728942871094e+00,4.876714706420898438e+00,-2.034116983413696289e+00,7.237555027008056641e+00,4.247393131256103516e+00,7.446787834167480469e+00,7.799219608306884766e+00,5.637155055999755859e+00,1.118531990051269531e+01,5.360803127288818359e+00
4.511736869812011719e+00,4.679540157318115234e+00,-2.308914422988891602e+00,7.268240451812744141e+00,4.294624328613281250e+00,7.510055065155029297e+00,7.936745643615722656e+00,5.452725410461425781e+00,1.083794403076171875e+01,5.382003784179687500e+00
4.593391895294189453e+00,4.760437965393066406e+00,-2.167881965637207031e+00,7.317140579223632812e+00,4.266128063201904297e+00,7.710664272308349609e+00,7.827921867370605469e+00,5.507647037506103516e+00,1.100749206542968750e+01,5.405826568603515625e+00
4.615236282348632812e+00,4.644965171813964844e+00,-2.150502920150756836e+00,7.270934581756591797e+00,4.283541679382324219e+00,7.651447772979736328e+00,7.711782932281494141e+00,5.587651729583740234e+00,1.102737617492675781e+01,5.418476104736328125e+00
4.787306308746337891e+00,4.695515632629394531e+00,-1.635476350784301758e+00,6.921567440032958984e+00,4.252844333648681641e+00,7.265256881713867188e+00,7.439653873443603516e+00,6.285598754882812500e+00,1.165715026855468750e+01,5.313308238983154297e+00
4.635912895202636719e+00,4.616643905639648438e+00,-2.073823451995849609e+00,7.157115459442138672e+00,4.286192893981933594e+00,7.501796245574951172e+00,7.698081016540527344e+00,5.756661891937255859e+00,1.115224456787109375e+01,5.360294818878173828e+00
4.578607082366943359e+00,4.644403457641601562e+00,-2.100373744964599609e+00,7.322742938995361328e+00,4.271544456481933594e+00,7.617146492004394531e+00,7.715731143951416016e+00,5.449966430664062500e+00,1.087366485595703125e+01,5.449041366577148438e+00
4.578699588775634766e+00,4.282371044158935547e+00,-2.102092742919921875e+00,7.218326091766357422e+00,4.286209106445312500e+00,7.638225078582763672e+00,7.701499462127685547e+00,5.618913173675537109e+00,1.082304000854492188e+01,5.391824722290039062e+00
4.480411529541015625e+00,3.839058637619018555e+00,-2.322602510452270508e+00,6.790740013122558594e+00,4.103165626525878906e+00,6.815022945404052734e+00,7.732664108276367188e+00,6.095020294189453125e+00,1.076628494262695312e+01,5.162153244018554688e+00
4.403322696685791016e+00,4.761742591857910156e+00,-2.757094860076904297e+00,7.437275886535644531e+00,4.150457859039306641e+00,7.695515155792236328e+00,8.288850784301757812e+00,5.014767646789550781e+00,1.056332015991210938e+01,5.357776165008544922e+00
4.582059860229492188e+00,4.469468593597412109e+00,-2.070653915405273438e+00,7.038728237152099609e+00,4.110967636108398438e+00,7.256966590881347656e+00,7.549389839172363281e+00,5.858510017395019531e+00,1.123144340515136719e+01,5.436030387878417969e+00
4.547597408294677734e+00,4.237514019012451172e+00,-2.562624216079711914e+00,7.181533336639404297e+00,4.152094841003417969e+00,7.195098400115966797e+00,8.128055572509765625e+00,5.506166458129882812e+00,1.054957008361816406e+01,5.331585884094238281e+00
4.650004386901855469e+00,3.987651348114013672e+00,-2.380935668945312500e+00,7.098351955413818359e+00,4.217933654785156250e+00,7.444769382476806641e+00,7.781215667724609375e+00,5.647653579711914062e+00,1.059795379638671875e+01,5.520669937133789062e+00
4.710657596588134766e+00,3.672084808349609375e+00,-2.033906936645507812e+00,6.992047309875488281e+00,4.094709873199462891e+00,7.283236026763916016e+00,7.617558956146240234e+00,5.609044075012207031e+00,1.038497352600097656e+01,5.306750774383544922e+00
4.404568672180175781e+00,4.592497825622558594e+00,-2.547228574752807617e+00,7.293043613433837891e+00,4.120755195617675781e+00,7.398172378540039062e+00,8.155946731567382812e+00,5.068221092224121094e+00,1.043828582763671875e+01,5.259688377380371094e+00
4.352697372436523438e+00,4.892343521118164062e+00,-2.867782115936279297e+00,7.707132339477539062e+00,4.149461746215820312e+00,8.052752494812011719e+00,8.268160820007324219e+00,4.850003242492675781e+00,1.054127311706542969e+01,5.423958778381347656e+00
4.584268569946289062e+00,4.126732826232910156e+00,-2.392484664916992188e+00,7.176054477691650391e+00,4.153912544250488281e+00,7.453625202178955078e+00,7.928703308105468750e+00,5.536886215209960938e+00,1.057459831237792969e+01,5.443933010101318359e+00
4.346774101257324219e+00,4.966833114624023438e+00,-2.662597179412841797e+00,7.661994457244873047e+00,4.129556179046630859e+00,7.855988502502441406e+00,8.285327911376953125e+00,4.837202548980712891e+00,1.046897125244140625e+01,5.362212657928466797e+00
4.525602340698242188e+00,4.761211872100830078e+00,-1.861217260360717773e+00,6.739943504333496094e+00,4.432290077209472656e+00,7.270485877990722656e+00,7.307316303253173828e+00,5.747065067291259766e+00,1.131381797790527344e+01,5.128839015960693359e+00
4.613475322723388672e+00,4.446405410766601562e+00,-2.453347444534301758e+00,6.970949649810791016e+00,4.377946853637695312e+00,7.308459281921386719e+00,7.798092842102050781e+00,5.610348224639892578e+00,1.092267799377441406e+01,5.387748241424560547e+00
4.399156570434570312e+00,5.032130241394042969e+00,-2.829304456710815430e+00,7.535549640655517578e+00,4.239171028137207031e+00,7.511624813079833984e+00,8.543445587158203125e+00,4.842047691345214844e+00,1.055582427978515625e+01,5.417494773864746094e+00
4.327166080474853516e+00,5.238404273986816406e+00,-2.945593118667602539e+00,7.803625106811523438e+00,4.204110145568847656e+00,7.733520030975341797e+00,8.792339324951171875e+00,4.662134647369384766e+00,1.059172821044921875e+01,5.449222087860107422e+00
4.344699382781982422e+00,5.410126686096191406e+00,-2.645923137664794922e+00,7.918549060821533203e+00,4.221170425415039062e+00,7.786423206329345703e+00,8.998242378234863281e+00,4.557673454284667969e+00,1.067410469055175781e+01,5.481038570404052734e+00
4.628459453582763672e+00,3.825608730316162109e+00,-2.244731903076171875e+00,6.929969787597656250e+00,4.177776813507080078e+00,6.878920078277587891e+00,7.874778270721435547e+00,5.844218730926513672e+00,1.059980964660644531e+01,5.252393722534179688e+00
4.496453762054443359e+00,4.920443534851074219e+00,-2.505433559417724609e+00,7.288771152496337891e+00,4.293479919433593750e+00,7.412472248077392578e+00,8.206160545349121094e+00,5.255583286285400391e+00,1.088125801086425781e+01,5.454687595367431641e+00
4.815272331237792969e+00,4.292269706726074219e+00,-1.983885526657104492e+00,6.866962432861328125e+00,4.030902385711669922e+00,6.953597545623779297e+00,7.644011020660400391e+00,5.723419189453125000e+00,1.110297966003417969e+01,5.661384105682373047e+00
4.290651798248291016e+00,5.389902114868164062e+00,-2.591732740402221680e+00,7.898074626922607422e+00,4.194891929626464844e+00,7.857372283935546875e+00,9.100373268127441406e+00,4.425345897674560547e+00,1.070824813842773438e+01,5.444739818572998047e+00
4.610760211944580078e+00,4.441390991210937500e+00,-2.413795232772827148e+00,7.086882114410400391e+00,4.368411064147949219e+00,7.127799987792968750e+00,7.891094207763671875e+00,5.492431640625000000e+00,1.085375785827636719e+01,5.553611278533935547e+00
4.893116950988769531e+00,3.253984928131103516e+00,-1.272362947463989258e+00,6.794226169586181641e+00,4.132962226867675781e+00,6.866420269012451172e+00,7.292352676391601562e+00,6.017491817474365234e+00,1.050814819335937500e+01,5.199226379394531250e+00
4.835150241851806641e+00,3.137563467025756836e+00,-1.205380439758300781e+00,6.770117282867431641e+00,4.164384841918945312e+00,7.200488090515136719e+00,7.026009082794189453e+00,5.883075714111328125e+00,1.054200172424316406e+01,5.384397506713867188e+00
4.823626041412353516e+00,3.124505043029785156e+00,-1.605503559112548828e+00,6.816289901733398438e+00,4.151751518249511719e+00,7.018071174621582031e+00,6.945843696594238281e+00,5.767450809478759766e+00,1.074681282043457031e+01,5.584470748901367188e+00
4.867079734802246094e+00,3.276077270507812500e+00,-1.361133217811584473e+00,6.923910140991210938e+00,4.219403743743896484e+00,7.148404121398925781e+00,7.214500904083251953e+00,5.949697971343994141e+00,1.048692131042480469e+01,5.377500534057617188e+00
4.974423408508300781e+00,3.204539060592651367e+00,-1.113217711448669434e+00,6.827150344848632812e+00,4.192252159118652344e+00,6.876746177673339844e+00,7.519502639770507812e+00,6.022962093353271484e+00,1.039519119262695312e+01,4.978878021240234375e+00
4.933045387268066406e+00,3.169289112091064453e+00,-1.296491622924804688e+00,6.820469856262207031e+00,4.121397972106933594e+00,6.941618442535400391e+00,6.979972362518310547e+00,5.910144329071044922e+00,1.072880935668945312e+01,5.452625751495361328e+00
4.913742542266845703e+00,3.090480089187622070e+00,-1.389066219329833984e+00,6.825858592987060547e+00,4.159074783325195312e+00,7.127373218536376953e+00,6.890322685241699219e+00,5.755774497985839844e+00,1.075889396667480469e+01,5.586312770843505859e+00
4.884521007537841797e+00,3.107730865478515625e+00,-1.458420038223266602e+00,6.898619174957275391e+00,4.159305095672607422e+00,7.077132701873779297e+00,6.821742534637451172e+00,5.745566844940185547e+00,1.076276206970214844e+01,5.619688034057617188e+00
4.869541168212890625e+00,3.052761793136596680e+00,-1.580902099609375000e+00,6.757534503936767578e+00,3.961799383163452148e+00,6.691625118255615234e+00,6.512403011322021484e+00,5.750030517578125000e+00,1.093510055541992188e+01,5.798723697662353516e+00
4.916701316833496094e+00,3.148978471755981445e+00,-1.348844885826110840e+00,6.871901512145996094e+00,4.140571117401123047e+00,7.067153453826904297e+00,7.043846607208251953e+00,5.876830577850341797e+00,1.063359069824218750e+01,5.478534698486328125e+00
4.631940364837646484e+00,3.764282464981079102e+00,-2.215035676956176758e+00,6.885398864746093750e+00,3.963104248046875000e+00,7.363645076751708984e+00,7.292965412139892578e+00,5.545692920684814453e+00,1.052233695983886719e+01,5.383227825164794922e+00
4.582349777221679688e+00,4.053522109985351562e+00,-2.221709489822387695e+00,7.139485359191894531e+00,4.161848545074462891e+00,7.685443878173828125e+00,7.434099674224853516e+00,5.420304775238037109e+00,1.051545143127441406e+01,5.465214729309082031e+00
4.658889770507812500e+00,3.958653450012207031e+00,-2.264207363128662109e+00,7.176848888397216797e+00,4.269359588623046875e+00,7.704259395599365234e+00,7.664370536804199219e+00,5.579786777496337891e+00,1.059084129333496094e+01,5.620362758636474609e+00
4.727392196655273438e+00,3.472043991088867188e+00,-1.995461225509643555e+00,6.978743553161621094e+00,4.196691513061523438e+00,7.485929489135742188e+00,7.246772289276123047e+00,5.762600898742675781e+00,1.051367759704589844e+01,5.643461227416992188e+00
4.601797103881835938e+00,4.158472061157226562e+00,-2.413386344909667969e+00,7.444116115570068359e+00,4.335075378417968750e+00,8.061012268066406250e+00,7.694375514984130859e+00,5.426323413848876953e+00,1.057610893249511719e+01,5.604882240295410156e+00
4.635332107543945312e+00,3.810508251190185547e+00,-2.114322423934936523e+00,7.036386966705322266e+00,4.124041557312011719e+00,7.563950061798095703e+00,7.301800251007080078e+00,5.464528560638427734e+00,1.045106315612792969e+01,5.508969306945800781e+00
4.533014774322509766e+00,4.137156486511230469e+00,-2.231050252914428711e+00,7.268191337585449219e+00,4.142819881439208984e+00,7.858738422393798828e+00,7.590769290924072266e+00,5.352127075195312500e+00,1.043324089050292969e+01,5.442690849304199219e+00
4.691815853118896484e+00,3.648082733154296875e+00,-2.125884056091308594e+00,7.239584445953369141e+00,4.298284530639648438e+00,7.631179332733154297e+00,7.472493171691894531e+00,5.612956047058105469e+00,1.051231575012207031e+01,5.742978572845458984e+00
4.770149707794189453e+00,3.294348478317260742e+00,-2.098375797271728516e+00,7.148079872131347656e+00,4.334387779235839844e+00,7.871176242828369141e+00,7.148409366607666016e+00,5.804823875427246094e+00,1.051167488098144531e+01,5.711780071258544922e+00
4.791153430938720703e+00,3.342428445816040039e+00,-1.980174303054809570e+00,6.913125991821289062e+00,4.222126960754394531e+00,7.311922073364257812e+00,7.313400745391845703e+00,5.810297489166259766e+00,1.044528388977050781e+01,5.492871761322021484e+00
4.499231338500976562e+00,3.355126857757568359e+00,-2.110515594482421875e+00,5.828002929687500000e+00,3.338573694229125977e+00,6.679616451263427734e+00,6.136918544769287109e+00,5.970876216888427734e+00,1.078522682189941406e+01,5.364062786102294922e+00
4.744774341583251953e+00,3.551878452301025391e+00,-2.105923175811767578e+00,6.262503623962402344e+00,3.900445699691772461e+00,6.873530387878417969e+00,6.764213085174560547e+00,5.697044849395751953e+00,1.083936309814453125e+01,5.521275997161865234e+00
4.659696102142333984e+00,3.483203172683715820e+00,-2.258018732070922852e+00,6.113433361053466797e+00,3.629806280136108398e+00,6.604085445404052734e+00,6.742994308471679688e+00,5.468607902526855469e+00,1.057051277160644531e+01,5.170660495758056641e+00
4.773625850677490234e+00,3.271604061126708984e+00,-1.806715011596679688e+00,6.575253963470458984e+00,3.999434947967529297e+00,6.761144161224365234e+00,7.175787925720214844e+00,5.870682239532470703e+00,1.057504272460937500e+01,5.338242053985595703e+00
4.710277557373046875e+00,3.343553066253662109e+00,-1.999900102615356445e+00,6.537376880645751953e+00,3.947987556457519531e+00,6.704663276672363281e+00,7.146334648132324219e+00,5.801460742950439453e+00,1.043405151367187500e+01,5.410695552825927734e+00
4.705629825592041016e+00,3.236123323440551758e+00,-1.865371704101562500e+00,6.515328407287597656e+00,3.921091794967651367e+00,6.619921684265136719e+00,6.927034378051757812e+00,5.825188159942626953e+00,1.066889190673828125e+01,5.391438484191894531e+00
4.696701049804687500e+00,3.168075799942016602e+00,-2.071254491806030273e+00,6.408517837524414062e+00,3.976001024246215820e+00,6.727588176727294922e+00,6.456931591033935547e+00,5.808702468872070312e+00,1.096875000000000000e+01,5.552155971527099609e+00
4.766336441040039062e+00,3.290591001510620117e+00,-2.018412113189697266e+00,6.452535152435302734e+00,3.901914596557617188e+00,6.806166172027587891e+00,6.646385192871093750e+00,5.764411926269531250e+00,1.094363021850585938e+01,5.596139907836914062e+00
4.736865997314453125e+00,3.122884988784790039e+00,-1.775259971618652344e+00,6.551635742187500000e+00,3.955725908279418945e+00,6.595150470733642578e+00,6.893292903900146484e+00,5.695502758026123047e+00,1.062522506713867188e+01,5.322877883911132812e+00
4.785552978515625000e+00,3.240139007568359375e+00,-1.667793035507202148e+00,6.566179275512695312e+00,3.920761108398437500e+00,6.451778411865234375e+00,6.595100402832031250e+00,5.907757282257080078e+00,1.088318443298339844e+01,5.650644779205322266e+00
5.044191360473632812e+00,4.283076286315917969e+00,-9.797081947326660156e-01,6.088717937469482422e+00,3.719138860702514648e+00,6.239091396331787109e+00,6.681474685668945312e+00,6.580023288726806641e+00,1.189944076538085938e+01,5.494276523590087891e+00
5.367738246917724609e+00,4.552519321441650391e+00,-5.840230584144592285e-01,6.393971443176269531e+00,4.375919342041015625e+00,5.739691734313964844e+00,7.015699863433837891e+00,6.492409706115722656e+00,1.229741859436035156e+01,5.756319522857666016e+00
5.236492633819580078e+00,4.671382904052734375e+00,-9.094812273979187012e-01,6.473220825195312500e+00,4.488829612731933594e+00,5.792047977447509766e+00,6.911894798278808594e+00,6.429123878479003906e+00,1.251572990417480469e+01,5.856592655181884766e+00
5.207623958587646484e+00,4.591235160827636719e+00,-7.457854747772216797e-01,6.414617061614990234e+00,4.206165313720703125e+00,6.159171581268310547e+00,7.093121528625488281e+00,6.681825637817382812e+00,1.215356826782226562e+01,5.741213798522949219e+00
4.781746387481689453e+00,4.180087089538574219e+00,-1.267059087753295898e+00,5.539149761199951172e+00,3.661427259445190430e+00,6.115404605865478516e+00,6.020098686218261719e+00,6.354779720306396484e+00,1.141934967041015625e+01,5.032449245452880859e+00
5.134985446929931641e+00,4.602838039398193359e+00,-7.451856732368469238e-01,6.271674156188964844e+00,4.174249172210693359e+00,6.189871788024902344e+00,6.988335609436035156e+00,6.673302650451660156e+00,1.219366264343261719e+01,5.625404357910156250e+00
4.807092189788818359e+00,4.424342155456542969e+00,-1.321943759918212891e+00,5.909276485443115234e+00,3.875439405441284180e+00,6.488837718963623047e+00,6.520634174346923828e+00,6.655984401702880859e+00,1.157683372497558594e+01,5.383763790130615234e+00
4.784919261932373047e+00,4.312018394470214844e+00,-1.140588402748107910e+00,5.759988307952880859e+00,3.900482416152954102e+00,6.420588016510009766e+00,6.186857223510742188e+00,6.698500633239746094e+00,1.158656501770019531e+01,5.257026672363281250e+00
4.956397533416748047e+00,4.383990287780761719e+00,-1.073277711868286133e+00,6.261850833892822266e+00,3.803460121154785156e+00,6.870659828186035156e+00,6.938683509826660156e+00,6.876461505889892578e+00,1.171043205261230469e+01,5.475152492523193359e+00
4.628301143646240234e+00,4.164060592651367188e+00,-1.276358246803283691e+00,5.363543987274169922e+00,3.727440118789672852e+00,6.074931621551513672e+00,5.611787319183349609e+00,6.394365310668945312e+00,1.141812896728515625e+01,4.973881721496582031e+00
4.634348869323730469e+00,3.520278453826904297e+00,-2.119358062744140625e+00,5.993716239929199219e+00,3.638685464859008789e+00,6.435887336730957031e+00,6.513324737548828125e+00,5.819608688354492188e+00,1.075917053222656250e+01,5.101333618164062500e+00
4.655765533447265625e+00,3.609144687652587891e+00,-2.080719947814941406e+00,5.835169315338134766e+00,3.435408592224121094e+00,6.461047649383544922e+00,6.336687088012695312e+00,5.405280113220214844e+00,1.074707603454589844e+01,5.291988849639892578e+00
4.674177169799804688e+00,3.486486911773681641e+00,-2.320203304290771484e+00,6.487606048583984375e+00,3.995326519012451172e+00,6.762798309326171875e+00,7.279437065124511719e+00,5.675337314605712891e+00,1.062759780883789062e+01,5.281260013580322266e+00
4.779223442077636719e+00,3.680376052856445312e+00,-2.173120021820068359e+00,6.118844032287597656e+00,3.436079025268554688e+00,6.597712516784667969e+00,6.788374900817871094e+00,5.541502475738525391e+00,1.067525100708007812e+01,5.322322845458984375e+00
4.500055313110351562e+00,3.652228832244873047e+00,-2.058562517166137695e+00,5.267373561859130859e+00,3.292616367340087891e+00,5.716683864593505859e+00,5.251534461975097656e+00,5.904023170471191406e+00,1.095467758178710938e+01,4.686460971832275391e+00
4.728688716888427734e+00,3.479166984558105469e+00,-2.218172073364257812e+00,6.414455413818359375e+00,3.811388492584228516e+00,6.673628807067871094e+00,7.157259941101074219e+00,5.794030189514160156e+00,1.053105163574218750e+01,5.330608367919921875e+00
4.667997837066650391e+00,3.406540393829345703e+00,-2.208186388015747070e+00,6.499846458435058594e+00,3.959116458892822266e+00,6.781226158142089844e+00,7.131268024444580078e+00,5.811619281768798828e+00,1.057363510131835938e+01,5.335662841796875000e+00
4.904144763946533203e+00,3.897380113601684570e+00,-2.134926319122314453e+00,6.255722999572753906e+00,2.816314697265625000e+00,6.355360031127929688e+00,6.828953742980957031e+00,5.788569927215576172e+00,1.077275276184082031e+01,5.192094326019287109e+00
4.653732776641845703e+00,3.589338302612304688e+00,-2.312904357910156250e+00,5.829973697662353516e+00,3.410314083099365234e+00,6.618880271911621094e+00,6.315187931060791016e+00,5.285655975341796875e+00,1.069220733642578125e+01,5.330456733703613281e+00
4.709619522094726562e+00,3.577073812484741211e+00,-2.343228340148925781e+00,6.834434509277343750e+00,4.214027881622314453e+00,6.960518360137939453e+00,7.643784046173095703e+00,5.769051074981689453e+00,1.058522033691406250e+01,5.369401931762695312e+00
4.258011341094970703e+00,3.457201004028320312e+00,-1.779828786849975586e+00,5.214399337768554688e+00,3.878164529800415039e+00,5.043180465698242188e+00,4.924190521240234375e+00,6.228195190429687500e+00,1.142026519775390625e+01,4.358004093170166016e+00
4.282567024230957031e+00,3.589705228805541992e+00,-1.896996021270751953e+00,4.796103477478027344e+00,3.399585485458374023e+00,4.679948329925537109e+00,4.691033363342285156e+00,5.992936611175537109e+00,1.134571075439453125e+01,4.089268684387207031e+00
4.208462715148925781e+00,3.415344238281250000e+00,-1.705605745315551758e+00,5.093150615692138672e+00,3.650368452072143555e+00,4.818669795989990234e+00,4.924864768981933594e+00,6.448082923889160156e+00,1.150326538085937500e+01,4.203790187835693359e+00
4.105561256408691406e+00,3.267974615097045898e+00,-1.732868432998657227e+00,4.729106426239013672e+00,3.643263816833496094e+00,4.408715248107910156e+00,4.184422492980957031e+00,6.354918956756591797e+00,1.137970542907714844e+01,3.896938800811767578e+00
4.326097011566162109e+00,3.400079965591430664e+00,-2.009163379669189453e+00,5.121834754943847656e+00,3.390638828277587891e+00,5.039138793945312500e+00,5.030040740966796875e+00,5.824069976806640625e+00,1.116116714477539062e+01,4.282495975494384766e+00
4.029464721679687500e+00,2.960178136825561523e+00,-1.545811891555786133e+00,4.618470668792724609e+00,3.681431770324707031e+00,4.015837192535400391e+00,3.949081897735595703e+00,6.490935325622558594e+00,1.124986267089843750e+01,3.696604490280151367e+00
4.255425930023193359e+00,3.146632432937622070e+00,-1.848723411560058594e+00,4.826531887054443359e+00,3.334705829620361328e+00,4.989140033721923828e+00,4.177947044372558594e+00,5.932838916778564453e+00,1.114993476867675781e+01,4.326802730560302734e+00
4.319032669067382812e+00,3.249966621398925781e+00,-1.842257022857666016e+00,5.087966918945312500e+00,3.265461921691894531e+00,4.999201774597167969e+00,4.961171627044677734e+00,6.145897388458251953e+00,1.121231842041015625e+01,4.343842506408691406e+00
4.115659236907958984e+00,3.195737123489379883e+00,-1.800872564315795898e+00,4.630062103271484375e+00,3.346080064773559570e+00,4.592741966247558594e+00,3.800656557083129883e+00,6.046761989593505859e+00,1.126658439636230469e+01,4.108567714691162109e+00
4.176311016082763672e+00,3.520239591598510742e+00,-1.884598970413208008e+00,4.769452095031738281e+00,3.377315521240234375e+00,4.587329864501953125e+00,4.267121791839599609e+00,5.913784503936767578e+00,1.128791999816894531e+01,4.049769878387451172e+00
4.611986160278320312e+00,5.093099594116210938e+00,-2.001409530639648438e+00,7.226423263549804688e+00,4.215902328491210938e+00,7.706205368041992188e+00,7.882436752319335938e+00,5.580219745635986328e+00,1.136865425109863281e+01,5.315739154815673828e+00
4.787441253662109375e+00,4.974743843078613281e+00,-1.540260076522827148e+00,6.902164936065673828e+00,4.218264102935791016e+00,7.264699459075927734e+00,7.502513408660888672e+00,6.236075878143310547e+00,1.175312423706054688e+01,5.296256542205810547e+00
4.631307125091552734e+00,4.883882522583007812e+00,-1.995693922042846680e+00,7.181690692901611328e+00,4.257535934448242188e+00,7.667032241821289062e+00,7.794882774353027344e+00,5.747891902923583984e+00,1.141326522827148438e+01,5.347690105438232422e+00
4.524995803833007812e+00,4.830092430114746094e+00,-2.371984481811523438e+00,7.408299446105957031e+00,4.239995956420898438e+00,7.908343315124511719e+00,7.986187934875488281e+00,5.315436363220214844e+00,1.091683769226074219e+01,5.412639617919921875e+00
4.691307067871093750e+00,4.975482940673828125e+00,-1.660407066345214844e+00,7.050616741180419922e+00,4.140676498413085938e+00,7.503854751586914062e+00,7.520550727844238281e+00,6.233304023742675781e+00,1.158759689331054688e+01,5.277296543121337891e+00
4.455636978149414062e+00,4.742321014404296875e+00,-2.606156587600708008e+00,7.539075374603271484e+00,4.209642410278320312e+00,7.920964241027832031e+00,8.148871421813964844e+00,5.118833541870117188e+00,1.064421463012695312e+01,5.438762187957763672e+00
4.737964630126953125e+00,4.848743438720703125e+00,-1.783127069473266602e+00,7.048616409301757812e+00,4.268989086151123047e+00,7.362990856170654297e+00,7.618483543395996094e+00,5.883954524993896484e+00,1.146780204772949219e+01,5.345020771026611328e+00
4.685276985168457031e+00,4.978188514709472656e+00,-1.823958635330200195e+00,7.196948528289794922e+00,4.239130020141601562e+00,7.389751434326171875e+00,7.812500953674316406e+00,5.598173618316650391e+00,1.129486846923828125e+01,5.376692771911621094e+00
4.721864223480224609e+00,4.802348136901855469e+00,-1.727473497390747070e+00,7.167953014373779297e+00,4.257243156433105469e+00,7.410017013549804688e+00,7.675462245941162109e+00,5.750701427459716797e+00,1.132785034179687500e+01,5.389056205749511719e+00
4.774284839630126953e+00,4.806994438171386719e+00,-1.658113241195678711e+00,6.972681999206542969e+00,4.217016696929931641e+00,7.585303306579589844e+00,7.507003784179687500e+00,6.657238960266113281e+00,1.179607772827148438e+01,5.297312259674072266e+00
4.661258697509765625e+00,3.907801389694213867e+00,-2.296259403228759766e+00,7.265999317169189453e+00,4.372977256774902344e+00,8.005215644836425781e+00,7.482782840728759766e+00,5.784156799316406250e+00,1.082340621948242188e+01,5.582462310791015625e+00
4.742059707641601562e+00,4.228184223175048828e+00,-1.765370368957519531e+00,6.962340831756591797e+00,4.227669715881347656e+00,7.600050449371337891e+00,7.311778545379638672e+00,6.280794620513916016e+00,1.140754699707031250e+01,5.348043918609619141e+00
4.726746082305908203e+00,4.036755561828613281e+00,-2.078769445419311523e+00,7.129461765289306641e+00,4.340354919433593750e+00,7.787766933441162109e+00,7.447955131530761719e+00,5.971479415893554688e+00,1.105913352966308594e+01,5.515247344970703125e+00
4.838266372680664062e+00,4.278174400329589844e+00,-1.861020326614379883e+00,6.853081226348876953e+00,4.290711402893066406e+00,7.658264636993408203e+00,7.475707054138183594e+00,7.011872768402099609e+00,1.169751167297363281e+01,5.258930683135986328e+00
4.817913532257080078e+00,4.205421924591064453e+00,-1.758518457412719727e+00,6.902559757232666016e+00,4.310860633850097656e+00,7.601291656494140625e+00,7.344738006591796875e+00,6.587095737457275391e+00,1.153000450134277344e+01,5.389439582824707031e+00
4.834601879119873047e+00,4.374736309051513672e+00,-1.794422388076782227e+00,6.825904369354248047e+00,4.277349472045898438e+00,7.605032444000244141e+00,7.420110225677490234e+00,7.091992855072021484e+00,1.180417060852050781e+01,5.245622158050537109e+00
4.505373477935791016e+00,4.542398929595947266e+00,-2.536380529403686523e+00,7.488627433776855469e+00,4.221757888793945312e+00,7.886386871337890625e+00,8.066489219665527344e+00,5.283571243286132812e+00,1.065235137939453125e+01,5.482803344726562500e+00
4.765249252319335938e+00,4.323925971984863281e+00,-1.888561010360717773e+00,6.995497703552246094e+00,4.308998107910156250e+00,7.606674671173095703e+00,7.461882114410400391e+00,6.311383724212646484e+00,1.145273017883300781e+01,5.374070167541503906e+00
4.595136165618896484e+00,4.169726371765136719e+00,-2.452800512313842773e+00,7.505092144012451172e+00,4.317214012145996094e+00,7.968904972076416016e+00,7.787435054779052734e+00,5.466821670532226562e+00,1.059640121459960938e+01,5.606502532958984375e+00
4.471500396728515625e+00,4.526055335998535156e+00,-2.646102905273437500e+00,7.545093536376953125e+00,4.220230102539062500e+00,7.943036556243896484e+00,8.083024024963378906e+00,5.226552963256835938e+00,1.060801696777343750e+01,5.483788490295410156e+00
4.724113464355468750e+00,3.541275501251220703e+00,-2.224102735519409180e+00,7.147836208343505859e+00,4.309175491333007812e+00,7.290134906768798828e+00,7.775379657745361328e+00,5.829627037048339844e+00,1.044212722778320312e+01,5.330304622650146484e+00
4.678241252899169922e+00,3.573704957962036133e+00,-2.373192548751831055e+00,7.162217617034912109e+00,4.281068801879882812e+00,7.314283370971679688e+00,7.729305267333984375e+00,5.714094161987304688e+00,1.042511177062988281e+01,5.369279384613037109e+00
4.449583053588867188e+00,4.445078372955322266e+00,-2.713360071182250977e+00,7.421504020690917969e+00,4.159130096435546875e+00,7.496055126190185547e+00,8.287461280822753906e+00,5.159338951110839844e+00,1.051875495910644531e+01,5.354758739471435547e+00
4.706313133239746094e+00,3.532468080520629883e+00,-2.144891023635864258e+00,6.960249423980712891e+00,4.252756118774414062e+00,7.091512680053710938e+00,7.690484046936035156e+00,5.959176540374755859e+00,1.044188117980957031e+01,5.248677253723144531e+00
4.667393684387207031e+00,3.758089065551757812e+00,-2.527363300323486328e+00,7.019248962402343750e+00,4.133795738220214844e+00,7.010812759399414062e+00,7.980228424072265625e+00,5.747752666473388672e+00,1.051894569396972656e+01,5.238068580627441406e+00
4.795701503753662109e+00,3.395136594772338867e+00,-2.203637599945068359e+00,7.088563919067382812e+00,4.191617012023925781e+00,6.982740402221679688e+00,7.870628833770751953e+00,5.867874622344970703e+00,1.037346076965332031e+01,5.105327606201171875e+00
4.712885856628417969e+00,3.497890233993530273e+00,-2.390816926956176758e+00,7.053715229034423828e+00,4.223118782043457031e+00,7.152617454528808594e+00,7.685571193695068359e+00,5.794334888458251953e+00,1.040421867370605469e+01,5.348778724670410156e+00
4.751278400421142578e+00,3.541212797164916992e+00,-2.332086563110351562e+00,7.056054115295410156e+00,4.170214653015136719e+00,6.969933986663818359e+00,7.960545539855957031e+00,5.877160549163818359e+00,1.044589233398437500e+01,5.145064830780029297e+00
4.648655891418457031e+00,3.645798683166503906e+00,-2.364757299423217773e+00,7.262261867523193359e+00,4.263087749481201172e+00,7.386036872863769531e+00,7.843294620513916016e+00,5.671708106994628906e+00,1.040950965881347656e+01,5.397578716278076172e+00
4.480321884155273438e+00,4.569494247436523438e+00,-2.579315185546875000e+00,7.419076919555664062e+00,4.244284152984619141e+00,7.788125038146972656e+00,8.090083122253417969e+00,5.255698204040527344e+00,1.062785339355468750e+01,5.473854064941406250e+00
4.771197795867919922e+00,4.855268478393554688e+00,-1.708090066909790039e+00,6.983913421630859375e+00,4.195008277893066406e+00,7.463179111480712891e+00,7.571192741394042969e+00,6.530841827392578125e+00,1.174732589721679688e+01,5.298335552215576172e+00
4.790121078491210938e+00,4.518388748168945312e+00,-1.790209770202636719e+00,6.921684741973876953e+00,4.250756263732910156e+00,7.520617008209228516e+00,7.499816894531250000e+00,6.624282836914062500e+00,1.167487907409667969e+01,5.265356540679931641e+00
4.717810630798339844e+00,4.497338294982910156e+00,-1.998060703277587891e+00,7.294129371643066406e+00,4.344435691833496094e+00,7.722036361694335938e+00,7.672116756439208984e+00,5.814739704132080078e+00,1.118505859375000000e+01,5.542525291442871094e+00
4.808478355407714844e+00,4.589644432067871094e+00,-1.730818510055541992e+00,6.958374977111816406e+00,4.286971092224121094e+00,7.340251922607421875e+00,7.538089752197265625e+00,6.456459522247314453e+00,1.169589233398437500e+01,5.397973060607910156e+00
4.750783920288085938e+00,4.851817131042480469e+00,-1.633394956588745117e+00,7.011685371398925781e+00,4.226351737976074219e+00,7.269725799560546875e+00,7.511042118072509766e+00,6.230102062225341797e+00,1.161794471740722656e+01,5.331039428710937500e+00
4.693890094757080078e+00,4.544016838073730469e+00,-1.843594789505004883e+00,7.197506904602050781e+00,4.224834918975830078e+00,7.396998405456542969e+00,7.608048915863037109e+00,5.755943298339843750e+00,1.117519187927246094e+01,5.475090503692626953e+00
4.655614852905273438e+00,4.835095405578613281e+00,-2.022708177566528320e+00,7.363317012786865234e+00,4.252175331115722656e+00,7.620533466339111328e+00,7.824294567108154297e+00,5.620141029357910156e+00,1.123364639282226562e+01,5.440126895904541016e+00
4.716716289520263672e+00,4.757539749145507812e+00,-1.917138814926147461e+00,7.253354072570800781e+00,4.262761592864990234e+00,7.433609962463378906e+00,7.798868179321289062e+00,5.759428501129150391e+00,1.132955360412597656e+01,5.477712631225585938e+00
4.662654876708984375e+00,4.584082126617431641e+00,-1.867247581481933594e+00,7.241144180297851562e+00,4.219997406005859375e+00,7.646092414855957031e+00,7.538076877593994141e+00,5.727987766265869141e+00,1.119251632690429688e+01,5.410598278045654297e+00
4.615885734558105469e+00,4.266549110412597656e+00,-2.328012943267822266e+00,7.477709293365478516e+00,4.325885772705078125e+00,7.946354866027832031e+00,7.805551052093505859e+00,5.510323524475097656e+00,1.071011352539062500e+01,5.605229377746582031e+00
4.497432708740234375e+00,4.428327560424804688e+00,-2.209754705429077148e+00,6.865931510925292969e+00,4.391569137573242188e+00,7.477803707122802734e+00,7.648785114288330078e+00,5.480447292327880859e+00,1.070691108703613281e+01,5.194072246551513672e+00
4.565708160400390625e+00,4.398869514465332031e+00,-2.153795003890991211e+00,6.772884845733642578e+00,4.490424156188964844e+00,7.418231010437011719e+00,7.532064914703369141e+00,5.630676269531250000e+00,1.093806266784667969e+01,5.213562488555908203e+00
4.430762767791748047e+00,4.604222297668457031e+00,-2.289540767669677734e+00,6.756011486053466797e+00,4.382681846618652344e+00,7.113477230072021484e+00,7.385572433471679688e+00,5.356835365295410156e+00,1.079972267150878906e+01,5.116900444030761719e+00
4.736907005310058594e+00,3.996912240982055664e+00,-1.706948041915893555e+00,6.798399448394775391e+00,4.376844406127929688e+00,7.634125709533691406e+00,7.489048957824707031e+00,6.257393360137939453e+00,1.122685432434082031e+01,5.269143581390380859e+00
4.451088428497314453e+00,4.515058040618896484e+00,-2.462023019790649414e+00,7.045628070831298828e+00,4.326196670532226562e+00,7.401802062988281250e+00,7.948320865631103516e+00,5.283906936645507812e+00,1.048699569702148438e+01,5.196236610412597656e+00
4.528610229492187500e+00,4.419105529785156250e+00,-2.102212667465209961e+00,6.774837970733642578e+00,4.384517669677734375e+00,7.412328720092773438e+00,7.557740211486816406e+00,5.580183982849121094e+00,1.086837577819824219e+01,5.158155441284179688e+00
4.565729618072509766e+00,4.234077453613281250e+00,-2.222052335739135742e+00,6.937978267669677734e+00,4.416548728942871094e+00,7.580105304718017578e+00,7.788293361663818359e+00,5.604677677154541016e+00,1.065985870361328125e+01,5.253466606140136719e+00
4.609982013702392578e+00,4.328338623046875000e+00,-2.245450019836425781e+00,6.890183448791503906e+00,4.440991401672363281e+00,7.551662445068359375e+00,7.788101196289062500e+00,5.688166618347167969e+00,1.086223793029785156e+01,5.283518791198730469e+00
4.501277923583984375e+00,4.356524467468261719e+00,-2.215375661849975586e+00,6.883380413055419922e+00,4.353266716003417969e+00,7.349717617034912109e+00,7.648653984069824219e+00,5.435329437255859375e+00,1.058557128906250000e+01,5.166109561920166016e+00
4.616184234619140625e+00,3.750675201416015625e+00,-1.987831830978393555e+00,6.887862205505371094e+00,4.395214080810546875e+00,7.625080108642578125e+00,7.621663093566894531e+00,5.829374313354492188e+00,1.065595817565917969e+01,5.313089847564697266e+00
4.368520736694335938e+00,4.454768657684326172e+00,-2.243678331375122070e+00,6.954558372497558594e+00,4.003910064697265625e+00,7.600141048431396484e+00,7.269912719726562500e+00,5.298437118530273438e+00,1.094953536987304688e+01,5.094511508941650391e+00
4.664815425872802734e+00,4.824904441833496094e+00,-1.644246578216552734e+00,6.930266857147216797e+00,4.115134239196777344e+00,7.623249053955078125e+00,7.486175060272216797e+00,6.553627490997314453e+00,1.168987655639648438e+01,5.214528560638427734e+00
4.705718994140625000e+00,4.659466743469238281e+00,-1.799185991287231445e+00,7.022534847259521484e+00,4.197600364685058594e+00,7.688872814178466797e+00,7.590064048767089844e+00,6.366014957427978516e+00,1.156271743774414062e+01,5.272269725799560547e+00
4.183334827423095703e+00,4.737747192382812500e+00,-1.930668354034423828e+00,6.664795875549316406e+00,3.831317663192749023e+00,7.244708538055419922e+00,6.694262504577636719e+00,4.996704578399658203e+00,1.125482559204101562e+01,4.921422004699707031e+00
4.530897617340087891e+00,4.543097496032714844e+00,-1.906294822692871094e+00,6.980921268463134766e+00,4.149724960327148438e+00,7.704242229461669922e+00,7.463235378265380859e+00,5.992815017700195312e+00,1.139382934570312500e+01,5.214091300964355469e+00
4.552318572998046875e+00,4.977668762207031250e+00,-1.744028091430664062e+00,7.016578674316406250e+00,4.144800662994384766e+00,7.545093536376953125e+00,7.563833713531494141e+00,5.922849655151367188e+00,1.147496414184570312e+01,5.233813762664794922e+00
4.305256366729736328e+00,4.747582912445068359e+00,-1.798461675643920898e+00,6.912318706512451172e+00,4.063126564025878906e+00,7.517150402069091797e+00,7.281251430511474609e+00,5.554544448852539062e+00,1.129355430603027344e+01,5.127587795257568359e+00
4.628725528717041016e+00,4.651113510131835938e+00,-1.709177255630493164e+00,6.905663490295410156e+00,4.097025871276855469e+00,7.577704906463623047e+00,7.439654827117919922e+00,6.463977813720703125e+00,1.158153724670410156e+01,5.214587211608886719e+00
4.536077976226806641e+00,4.385453224182128906e+00,-2.393253803253173828e+00,7.243303775787353516e+00,4.238161563873291016e+00,7.995847702026367188e+00,7.682737350463867188e+00,5.686598777770996094e+00,1.104597282409667969e+01,5.343813896179199219e+00
4.474807739257812500e+00,4.715431690216064453e+00,-2.002264022827148438e+00,7.050325393676757812e+00,4.125185966491699219e+00,7.704446792602539062e+00,7.594945430755615234e+00,5.610056400299072266e+00,1.126407051086425781e+01,5.214015483856201172e+00
4.351860523223876953e+00,4.710782051086425781e+00,-2.649687051773071289e+00,7.258877277374267578e+00,4.093532562255859375e+00,7.328381538391113281e+00,8.151110649108886719e+00,4.875202655792236328e+00,1.037038230895996094e+01,5.232177257537841797e+00
4.438446998596191406e+00,4.474067211151123047e+00,-2.509192705154418945e+00,7.105275154113769531e+00,4.188488960266113281e+00,7.293334960937500000e+00,7.881371021270751953e+00,5.211521148681640625e+00,1.051030349731445312e+01,5.281225681304931641e+00
4.542634487152099609e+00,4.382791519165039062e+00,-2.330976009368896484e+00,7.194562435150146484e+00,4.232854843139648438e+00,7.613713741302490234e+00,7.890383720397949219e+00,5.393269062042236328e+00,1.060056877136230469e+01,5.351901531219482422e+00
4.648921966552734375e+00,4.663425445556640625e+00,-2.145810127258300781e+00,7.126282215118408203e+00,4.230331420898437500e+00,7.655059337615966797e+00,7.765484333038330078e+00,5.779899120330810547e+00,1.129662513732910156e+01,5.344967365264892578e+00
4.495796203613281250e+00,4.511767387390136719e+00,-2.467100620269775391e+00,7.215663909912109375e+00,4.163731575012207031e+00,7.653871536254882812e+00,8.147553443908691406e+00,5.304057598114013672e+00,1.062234115600585938e+01,5.326396465301513672e+00
4.617574214935302734e+00,4.769747734069824219e+00,-2.231081724166870117e+00,7.331088066101074219e+00,4.277417182922363281e+00,7.864486217498779297e+00,7.881356716156005859e+00,5.539638042449951172e+00,1.110260581970214844e+01,5.418648242950439453e+00
4.769722461700439453e+00,4.194075107574462891e+00,-1.981039762496948242e+00,6.919961929321289062e+00,4.360808372497558594e+00,7.600194454193115234e+00,7.620345592498779297e+00,6.163086414337158203e+00,1.125682067871093750e+01,5.302977085113525391e+00
4.740308761596679688e+00,4.675846576690673828e+00,-2.043369054794311523e+00,7.124806880950927734e+00,4.324805259704589844e+00,7.727286815643310547e+00,7.712751388549804688e+00,5.988429546356201172e+00,1.145368003845214844e+01,5.362574100494384766e+00
4.527465343475341797e+00,4.600198745727539062e+00,-2.459634065628051758e+00,7.314808845520019531e+00,4.220298767089843750e+00,7.830090522766113281e+00,7.979188442230224609e+00,5.317727565765380859e+00,1.073321533203125000e+01,5.398328781127929688e+00
4.493692398071289062e+00,4.498845100402832031e+00,-2.605969905853271484e+00,7.434705257415771484e+00,4.245015144348144531e+00,7.910466670989990234e+00,8.161254882812500000e+00,5.290750503540039062e+00,1.065384864807128906e+01,5.436579704284667969e+00
4.790494441986083984e+00,4.486393928527832031e+00,-2.045882463455200195e+00,7.107716083526611328e+00,4.378185272216796875e+00,7.427030086517333984e+00,7.752616405487060547e+00,5.936858177185058594e+00,1.130754280090332031e+01,5.534719467163085938e+00
4.446806430816650391e+00,4.718429565429687500e+00,-2.670818090438842773e+00,7.573753833770751953e+00,4.235170364379882812e+00,7.819921016693115234e+00,8.255777359008789062e+00,5.095119953155517578e+00,1.058156013488769531e+01,5.458689212799072266e+00
4.480090618133544922e+00,4.736809730529785156e+00,-2.621283531188964844e+00,7.457425594329833984e+00,4.270210266113281250e+00,7.644164085388183594e+00,8.352099418640136719e+00,5.161660671234130859e+00,1.069380187988281250e+01,5.473745822906494141e+00
4.363818168640136719e+00,4.948296546936035156e+00,-2.803104639053344727e+00,7.602271080017089844e+00,4.219233512878417969e+00,7.793259620666503906e+00,8.448983192443847656e+00,4.928204059600830078e+00,1.061915779113769531e+01,5.410351753234863281e+00
4.562644004821777344e+00,4.441569328308105469e+00,-2.495470046997070312e+00,7.488613605499267578e+00,4.288143157958984375e+00,7.586941242218017578e+00,8.193764686584472656e+00,5.270606994628906250e+00,1.060857391357421875e+01,5.540477275848388672e+00
4.574635505676269531e+00,4.444213390350341797e+00,-2.539787769317626953e+00,7.411539554595947266e+00,4.303705215454101562e+00,7.615858078002929688e+00,8.193763732910156250e+00,5.302677631378173828e+00,1.060188674926757812e+01,5.492205142974853516e+00
4.500457286834716797e+00,4.640197753906250000e+00,-2.644596338272094727e+00,7.532718658447265625e+00,4.278865814208984375e+00,7.654015064239501953e+00,8.282371520996093750e+00,5.138498306274414062e+00,1.058330726623535156e+01,5.491613388061523438e+00
4.491777896881103516e+00,4.435261726379394531e+00,-2.626951694488525391e+00,7.437481403350830078e+00,4.228456020355224609e+00,7.486381530761718750e+00,8.272568702697753906e+00,5.193559646606445312e+00,1.047171020507812500e+01,5.372036457061767578e+00
4.358723640441894531e+00,4.938887596130371094e+00,-2.769570350646972656e+00,7.632775783538818359e+00,4.207089424133300781e+00,7.610505580902099609e+00,8.539830207824707031e+00,4.856458187103271484e+00,1.057048034667968750e+01,5.404948234558105469e+00
4.526418209075927734e+00,4.111690521240234375e+00,-2.564011096954345703e+00,7.289402008056640625e+00,4.232216835021972656e+00,7.434803485870361328e+00,8.080707550048828125e+00,5.346310138702392578e+00,1.045110511779785156e+01,5.357141971588134766e+00
4.460343837738037109e+00,3.198519468307495117e+00,-1.794658899307250977e+00,6.059056282043457031e+00,3.903590679168701172e+00,6.134772300720214844e+00,6.204553127288818359e+00,6.567788600921630859e+00,1.101985168457031250e+01,5.028067588806152344e+00
4.513629436492919922e+00,3.400240421295166016e+00,-1.751762628555297852e+00,5.892051219940185547e+00,3.999106168746948242e+00,6.160084724426269531e+00,5.991468906402587891e+00,6.610923767089843750e+00,1.117871475219726562e+01,4.935206413269042969e+00
4.542481422424316406e+00,3.211217641830444336e+00,-1.573209047317504883e+00,5.899711608886718750e+00,3.915044546127319336e+00,5.928576946258544922e+00,5.575824260711669922e+00,6.761098384857177734e+00,1.115899848937988281e+01,4.905916690826416016e+00
4.244264125823974609e+00,3.000426292419433594e+00,-1.648673295974731445e+00,5.290565967559814453e+00,3.163169384002685547e+00,5.189370155334472656e+00,4.571242332458496094e+00,6.602098464965820312e+00,1.102943229675292969e+01,4.882660388946533203e+00
4.254186630249023438e+00,3.029026269912719727e+00,-1.727874040603637695e+00,5.030298233032226562e+00,3.419885158538818359e+00,5.201673507690429688e+00,4.000060558319091797e+00,6.597989559173583984e+00,1.103946685791015625e+01,4.614144802093505859e+00
4.075449466705322266e+00,2.940616130828857422e+00,-1.631605386734008789e+00,4.467320442199707031e+00,3.456515550613403320e+00,4.438243389129638672e+00,3.399178504943847656e+00,6.561747074127197266e+00,1.117079353332519531e+01,4.062759399414062500e+00
4.258682727813720703e+00,3.188378334045410156e+00,-1.642021417617797852e+00,5.384363174438476562e+00,3.438203334808349609e+00,5.215862274169921875e+00,5.339989662170410156e+00,6.186974525451660156e+00,1.124845695495605469e+01,4.510381698608398438e+00
4.264691352844238281e+00,3.119576692581176758e+00,-1.927116870880126953e+00,5.012232780456542969e+00,3.411747932434082031e+00,6.063124179840087891e+00,4.419626712799072266e+00,6.334007740020751953e+00,1.090901947021484375e+01,4.608119487762451172e+00
4.346251964569091797e+00,3.174309253692626953e+00,-1.995839357376098633e+00,5.826343059539794922e+00,3.711794376373291016e+00,6.297885417938232422e+00,5.814697265625000000e+00,6.460722446441650391e+00,1.089176940917968750e+01,5.026868820190429688e+00
4.362711429595947266e+00,3.056797981262207031e+00,-1.897908687591552734e+00,4.498505592346191406e+00,3.354065895080566406e+00,5.158191204071044922e+00,3.676821947097778320e+00,6.233447074890136719e+00,1.094258689880371094e+01,4.169171810150146484e+00
4.511455535888671875e+00,3.659844636917114258e+00,-1.721100091934204102e+00,6.382199764251708984e+00,3.780581712722778320e+00,6.132357120513916016e+00,7.098570346832275391e+00,6.392502784729003906e+00,1.106697463989257812e+01,5.115306854248046875e+00
4.617079257965087891e+00,3.389491319656372070e+00,-1.426352739334106445e+00,5.745491027832031250e+00,3.283062219619750977e+00,5.499732494354248047e+00,5.880293369293212891e+00,6.659605503082275391e+00,1.130713844299316406e+01,4.688200950622558594e+00
4.405706882476806641e+00,3.263962745666503906e+00,-1.779793977737426758e+00,5.717364788055419922e+00,3.348993778228759766e+00,5.788199424743652344e+00,5.743766307830810547e+00,6.330332279205322266e+00,1.109109115600585938e+01,4.968021392822265625e+00
4.426910877227783203e+00,3.343507528305053711e+00,-1.601301193237304688e+00,5.587267398834228516e+00,3.113307714462280273e+00,5.427377700805664062e+00,5.559195518493652344e+00,6.247386455535888672e+00,1.126515579223632812e+01,4.776923179626464844e+00
4.459354400634765625e+00,3.300809144973754883e+00,-1.611057758331298828e+00,5.847074031829833984e+00,3.381356477737426758e+00,5.750015258789062500e+00,5.809861660003662109e+00,6.516902446746826172e+00,1.116943931579589844e+01,4.930618762969970703e+00
4.547699451446533203e+00,3.476476430892944336e+00,-1.598784685134887695e+00,6.098762512207031250e+00,3.611937522888183594e+00,5.912552833557128906e+00,6.632448196411132812e+00,6.515739440917968750e+00,1.115057563781738281e+01,4.963461875915527344e+00
4.454768657684326172e+00,3.354216575622558594e+00,-1.513909578323364258e+00,5.620788574218750000e+00,3.225030422210693359e+00,5.167459964752197266e+00,5.697842121124267578e+00,6.378666877746582031e+00,1.111885452270507812e+01,4.554232120513916016e+00
4.475577831268310547e+00,3.294568538665771484e+00,-1.911062717437744141e+00,6.069729804992675781e+00,3.618701219558715820e+00,6.295343399047851562e+00,6.241892814636230469e+00,6.521634101867675781e+00,1.094101905822753906e+01,5.221245765686035156e+00
4.667942523956298828e+00,3.478311300277709961e+00,-1.426282525062561035e+00,6.413437843322753906e+00,4.019534587860107422e+00,6.496955394744873047e+00,6.981958866119384766e+00,6.273575305938720703e+00,1.093252754211425781e+01,5.134017467498779297e+00
4.603985786437988281e+00,3.492835521697998047e+00,-1.783100605010986328e+00,6.414079189300537109e+00,3.928911209106445312e+00,6.508256912231445312e+00,7.066870689392089844e+00,6.197428703308105469e+00,1.088215637207031250e+01,5.266235828399658203e+00
4.569675922393798828e+00,3.348420858383178711e+00,-1.914920330047607422e+00,6.366030693054199219e+00,3.903376102447509766e+00,7.202905654907226562e+00,7.159655094146728516e+00,6.260932922363281250e+00,1.064242172241210938e+01,5.047124862670898438e+00
4.543399810791015625e+00,3.476337194442749023e+00,-1.788498163223266602e+00,6.425309658050537109e+00,3.668406963348388672e+00,7.024806022644042969e+00,7.106056213378906250e+00,6.456451892852783203e+00,1.071266555786132812e+01,4.854740142822265625e+00
4.946057319641113281e+00,3.116935014724731445e+00,-1.339384675025939941e+00,7.104604721069335938e+00,4.069350242614746094e+00,6.871209144592285156e+00,7.828760623931884766e+00,6.040383338928222656e+00,1.003357505798339844e+01,4.795064926147460938e+00
4.680261135101318359e+00,3.214078903198242188e+00,-2.000676870346069336e+00,6.759852886199951172e+00,3.877213001251220703e+00,6.956904888153076172e+00,7.441112518310546875e+00,5.895433425903320312e+00,1.028627395629882812e+01,4.924535274505615234e+00
4.448300361633300781e+00,3.512030124664306641e+00,-1.987541198730468750e+00,5.934469223022460938e+00,3.416716575622558594e+00,6.738966941833496094e+00,6.507740974426269531e+00,6.683434486389160156e+00,1.092045974731445312e+01,4.923743247985839844e+00
4.594938755035400391e+00,3.467297077178955078e+00,-2.423819780349731445e+00,6.859786033630371094e+00,4.046445369720458984e+00,7.183479785919189453e+00,7.242806434631347656e+00,5.729696273803710938e+00,1.059321022033691406e+01,5.565282344818115234e+00
4.725310325622558594e+00,3.267555475234985352e+00,-2.153089761734008789e+00,6.908291339874267578e+00,4.076798439025878906e+00,7.115583419799804688e+00,7.391339302062988281e+00,5.743586063385009766e+00,1.037304115295410156e+01,5.277617454528808594e+00
4.624019622802734375e+00,3.400604009628295898e+00,-2.304694414138793945e+00,6.687107086181640625e+00,3.950729131698608398e+00,7.005633354187011719e+00,7.285423755645751953e+00,5.820879936218261719e+00,1.063059043884277344e+01,5.469071865081787109e+00
4.701175212860107422e+00,3.410995960235595703e+00,-2.202095031738281250e+00,6.936444282531738281e+00,4.159723758697509766e+00,7.235764980316162109e+00,7.309051990509033203e+00,5.690451622009277344e+00,1.046244621276855469e+01,5.512707710266113281e+00
4.669403076171875000e+00,3.322556495666503906e+00,-2.306206941604614258e+00,6.927614688873291016e+00,4.085131168365478516e+00,7.182072639465332031e+00,7.348188877105712891e+00,5.751339435577392578e+00,1.045077705383300781e+01,5.455626964569091797e+00
4.848883628845214844e+00,4.302299976348876953e+00,-2.448322534561157227e+00,6.450938224792480469e+00,3.930374383926391602e+00,6.262732982635498047e+00,7.044549942016601562e+00,5.045467853546142578e+00,1.048846817016601562e+01,4.810541629791259766e+00
4.924242973327636719e+00,4.300430297851562500e+00,-2.308982610702514648e+00,6.137421131134033203e+00,3.539031267166137695e+00,6.018398284912109375e+00,6.648413181304931641e+00,4.439439296722412109e+00,1.042019653320312500e+01,4.640013694763183594e+00
4.872683048248291016e+00,4.269225120544433594e+00,-2.345940828323364258e+00,6.421444892883300781e+00,3.719999551773071289e+00,6.418002605438232422e+00,6.970527648925781250e+00,4.804852962493896484e+00,1.047263336181640625e+01,4.821951866149902344e+00
4.865200042724609375e+00,3.987951993942260742e+00,-2.115276575088500977e+00,6.601477622985839844e+00,3.927146673202514648e+00,6.716909885406494141e+00,7.283693790435791016e+00,5.464356422424316406e+00,1.053021430969238281e+01,5.019670963287353516e+00
4.775435924530029297e+00,3.907493352890014648e+00,-2.060060024261474609e+00,6.357487678527832031e+00,3.741466283798217773e+00,6.424601554870605469e+00,6.919408798217773438e+00,4.977992534637451172e+00,1.041608428955078125e+01,4.718159198760986328e+00
4.836448192596435547e+00,3.926539182662963867e+00,-2.114626884460449219e+00,6.585223674774169922e+00,3.793173789978027344e+00,6.704834461212158203e+00,7.267085552215576172e+00,5.463835239410400391e+00,1.051044654846191406e+01,4.988465309143066406e+00
4.955968856811523438e+00,4.267777442932128906e+00,-2.605171918869018555e+00,5.986203670501708984e+00,3.520845174789428711e+00,5.763755798339843750e+00,6.534416675567626953e+00,4.351232051849365234e+00,1.047983932495117188e+01,4.541068077087402344e+00
4.685903072357177734e+00,3.830680370330810547e+00,-2.240184068679809570e+00,6.720314502716064453e+00,3.857892751693725586e+00,6.818405628204345703e+00,7.542935371398925781e+00,5.642802715301513672e+00,1.050132560729980469e+01,5.062297821044921875e+00
4.834520339965820312e+00,3.899192810058593750e+00,-2.151515960693359375e+00,6.559466361999511719e+00,3.716384887695312500e+00,6.706917285919189453e+00,7.188763141632080078e+00,5.306464672088623047e+00,1.045668601989746094e+01,4.934449195861816406e+00
4.730888843536376953e+00,3.796018600463867188e+00,-2.182038068771362305e+00,6.674551486968994141e+00,3.847780466079711914e+00,6.785460948944091797e+00,7.459099769592285156e+00,5.650766849517822266e+00,1.048126411437988281e+01,5.061625957489013672e+00
5.048389434814453125e+00,4.258257865905761719e+00,-8.683631420135498047e-01,6.486705780029296875e+00,4.120497226715087891e+00,6.621818542480468750e+00,6.523814201354980469e+00,5.795908927917480469e+00,1.118134307861328125e+01,5.101230144500732422e+00
4.987402915954589844e+00,4.371028900146484375e+00,-1.072744369506835938e+00,6.486330509185791016e+00,4.119633674621582031e+00,6.632515430450439453e+00,6.583207607269287109e+00,5.843380451202392578e+00,1.112716674804687500e+01,5.117014884948730469e+00
4.953647136688232422e+00,4.421357631683349609e+00,-1.111974835395812988e+00,6.505533695220947266e+00,4.213594913482666016e+00,6.694719314575195312e+00,6.728633403778076172e+00,5.925509929656982422e+00,1.123779296875000000e+01,5.139835357666015625e+00
4.610142230987548828e+00,4.364716529846191406e+00,-1.830807924270629883e+00,6.604288101196289062e+00,4.392322540283203125e+00,6.749305725097656250e+00,7.113304615020751953e+00,5.500511169433593750e+00,1.097765350341796875e+01,5.141495227813720703e+00
4.364861965179443359e+00,4.115220069885253906e+00,-1.519374847412109375e+00,6.173882961273193359e+00,3.721624851226806641e+00,6.843361377716064453e+00,6.860744476318359375e+00,7.018419742584228516e+00,1.128110122680664062e+01,5.037414550781250000e+00
4.357549667358398438e+00,3.955623626708984375e+00,-1.561487674713134766e+00,6.133925914764404297e+00,3.668461084365844727e+00,6.820393085479736328e+00,6.902901649475097656e+00,7.578074932098388672e+00,1.126720619201660156e+01,5.070811271667480469e+00
4.422628879547119141e+00,3.991670370101928711e+00,-1.544007778167724609e+00,6.112718105316162109e+00,3.738340139389038086e+00,6.791200160980224609e+00,6.944316387176513672e+00,7.718336105346679688e+00,1.136719131469726562e+01,5.059919357299804688e+00
4.413459777832031250e+00,4.004217624664306641e+00,-1.551385641098022461e+00,6.095220088958740234e+00,3.765001058578491211e+00,6.764863491058349609e+00,6.893643379211425781e+00,7.716358661651611328e+00,1.139662551879882812e+01,5.066285610198974609e+00
4.404470920562744141e+00,4.091914653778076172e+00,-1.812731981277465820e+00,6.731907367706298828e+00,4.080151557922363281e+00,6.774764060974121094e+00,7.575633049011230469e+00,6.053916454315185547e+00,1.089109420776367188e+01,5.238198757171630859e+00
4.536464214324951172e+00,3.813274860382080078e+00,-1.525904417037963867e+00,6.375428199768066406e+00,3.824021339416503906e+00,6.782260417938232422e+00,7.230745792388916016e+00,7.505581855773925781e+00,1.115858078002929688e+01,5.035991668701171875e+00
4.517918109893798828e+00,4.888586997985839844e+00,-2.418823480606079102e+00,7.443331241607666016e+00,4.275557518005371094e+00,7.808430671691894531e+00,8.222939491271972656e+00,5.224945545196533203e+00,1.084132575988769531e+01,5.448325157165527344e+00
4.842249870300292969e+00,4.537423610687255859e+00,-1.869684934616088867e+00,6.888290405273437500e+00,4.373959541320800781e+00,7.459111213684082031e+00,7.733178138732910156e+00,6.511595249176025391e+00,1.162064743041992188e+01,5.359603881835937500e+00
4.723228454589843750e+00,4.662418365478515625e+00,-1.960213899612426758e+00,6.984792232513427734e+00,4.304546356201171875e+00,7.305154800415039062e+00,7.600567340850830078e+00,5.892135620117187500e+00,1.136199760437011719e+01,5.374584674835205078e+00
4.703893184661865234e+00,4.771480083465576172e+00,-2.071831703186035156e+00,7.110850811004638672e+00,4.310045242309570312e+00,7.299784183502197266e+00,7.837848186492919922e+00,5.707816123962402344e+00,1.122734832763671875e+01,5.426807880401611328e+00
4.422341346740722656e+00,4.885136604309082031e+00,-2.620811223983764648e+00,7.587315559387207031e+00,4.225454330444335938e+00,7.780397891998291016e+00,8.318081855773925781e+00,5.050919055938720703e+00,1.065048789978027344e+01,5.465215206146240234e+00
4.712697029113769531e+00,4.818856239318847656e+00,-2.105516672134399414e+00,7.156517028808593750e+00,4.311533927917480469e+00,7.395549774169921875e+00,7.886760711669921875e+00,5.730812549591064453e+00,1.132650756835937500e+01,5.476019859313964844e+00
4.606844425201416016e+00,4.521633148193359375e+00,-2.268004179000854492e+00,7.200007915496826172e+00,4.339027404785156250e+00,7.342059135437011719e+00,7.867331027984619141e+00,5.499894142150878906e+00,1.088342094421386719e+01,5.440553188323974609e+00
4.856840133666992188e+00,4.858857154846191406e+00,-1.496511220932006836e+00,7.070780754089355469e+00,4.250177383422851562e+00,7.139093875885009766e+00,7.537620067596435547e+00,6.271967887878417969e+00,1.170097351074218750e+01,5.548041820526123047e+00
4.633210659027099609e+00,4.536720275878906250e+00,-2.165734767913818359e+00,7.079663753509521484e+00,4.294284820556640625e+00,7.311604022979736328e+00,7.763759613037109375e+00,5.615609645843505859e+00,1.097899055480957031e+01,5.352336406707763672e+00
4.622026443481445312e+00,4.819767951965332031e+00,-2.250306367874145508e+00,7.296725749969482422e+00,4.308170318603515625e+00,7.479969978332519531e+00,7.926639556884765625e+00,5.525039672851562500e+00,1.112107276916503906e+01,5.488754749298095703e+00
4.799098968505859375e+00,3.841450929641723633e+00,-7.960722446441650391e-01,6.550714969635009766e+00,4.362217903137207031e+00,4.847006320953369141e+00,6.387308597564697266e+00,5.307646274566650391e+00,1.138436508178710938e+01,4.979195594787597656e+00
4.890585899353027344e+00,3.935319423675537109e+00,-8.852435350418090820e-01,6.563490867614746094e+00,4.168595314025878906e+00,5.015592575073242188e+00,6.294909954071044922e+00,5.308058261871337891e+00,1.136848258972167969e+01,5.041559696197509766e+00
4.888291358947753906e+00,4.208692550659179688e+00,-9.892078638076782227e-01,6.438657760620117188e+00,3.839643239974975586e+00,5.446309089660644531e+00,6.162095069885253906e+00,5.302566528320312500e+00,1.127685928344726562e+01,4.837045192718505859e+00
4.788467407226562500e+00,4.086261749267578125e+00,-1.038953304290771484e+00,6.450754165649414062e+00,3.921657800674438477e+00,5.444345951080322266e+00,6.264899253845214844e+00,5.337666034698486328e+00,1.128987121582031250e+01,4.774309635162353516e+00
4.597484588623046875e+00,3.865657567977905273e+00,-9.579331874847412109e-01,6.115133285522460938e+00,3.558476686477661133e+00,5.481070041656494141e+00,5.975480556488037109e+00,5.235046386718750000e+00,1.102676200866699219e+01,4.427066326141357422e+00
4.687123298645019531e+00,3.533097743988037109e+00,-1.137640714645385742e+00,6.307583808898925781e+00,3.749382495880126953e+00,5.093986034393310547e+00,5.948945999145507812e+00,5.239012241363525391e+00,1.122914314270019531e+01,4.815021514892578125e+00
4.632655143737792969e+00,4.160730361938476562e+00,-1.152900457382202148e+00,6.171520709991455078e+00,3.567597627639770508e+00,5.673809051513671875e+00,6.050787448883056641e+00,5.098790645599365234e+00,1.097774505615234375e+01,4.490842342376708984e+00
4.687300205230712891e+00,4.143849849700927734e+00,-1.307775974273681641e+00,6.453113555908203125e+00,3.813386678695678711e+00,5.498786926269531250e+00,6.187057495117187500e+00,5.125790596008300781e+00,1.116849708557128906e+01,4.752519130706787109e+00
4.414647102355957031e+00,3.601193904876708984e+00,-1.300385117530822754e+00,6.208065032958984375e+00,3.810435533523559570e+00,4.760730743408203125e+00,5.905071258544921875e+00,4.952452182769775391e+00,1.108231544494628906e+01,4.651431560516357422e+00
4.452389240264892578e+00,4.396703720092773438e+00,-1.550051212310791016e+00,6.496892929077148438e+00,3.747532367706298828e+00,5.637587070465087891e+00,6.249636650085449219e+00,4.709091186523437500e+00,1.111625099182128906e+01,4.812435626983642578e+00
4.802059650421142578e+00,3.447098970413208008e+00,-2.101506471633911133e+00,7.206372261047363281e+00,4.446170806884765625e+00,8.075512886047363281e+00,7.151832103729248047e+00,5.884945869445800781e+00,1.070051956176757812e+01,5.772356510162353516e+00
4.762054920196533203e+00,3.326445341110229492e+00,-1.875539302825927734e+00,7.130420207977294922e+00,4.356988906860351562e+00,7.916091442108154297e+00,7.047987461090087891e+00,5.766782760620117188e+00,1.055116271972656250e+01,5.787741661071777344e+00
4.749494075775146484e+00,3.305010080337524414e+00,-1.958250284194946289e+00,7.128679275512695312e+00,4.317565917968750000e+00,7.828222274780273438e+00,7.080477714538574219e+00,5.729325771331787109e+00,1.049914550781250000e+01,5.807538032531738281e+00
4.757307052612304688e+00,3.264201879501342773e+00,-1.942608118057250977e+00,7.251128673553466797e+00,4.446659088134765625e+00,8.012347221374511719e+00,7.025370597839355469e+00,5.732476234436035156e+00,1.049429321289062500e+01,5.864313125610351562e+00
4.694615840911865234e+00,3.344357013702392578e+00,-2.067519187927246094e+00,7.046727180480957031e+00,4.207931995391845703e+00,7.515228271484375000e+00,7.064719200134277344e+00,5.767354488372802734e+00,1.058460617065429688e+01,5.748914241790771484e+00
4.743014335632324219e+00,3.254655122756958008e+00,-1.971704006195068359e+00,7.175935268402099609e+00,4.337097167968750000e+00,7.845133304595947266e+00,7.010569095611572266e+00,5.800743579864501953e+00,1.048952865600585938e+01,5.848213672637939453e+00
4.766264438629150391e+00,3.306647062301635742e+00,-2.123125553131103516e+00,7.216002941131591797e+00,4.321477890014648438e+00,7.853692054748535156e+00,7.111492633819580078e+00,5.773521900177001953e+00,1.051971817016601562e+01,5.852982997894287109e+00
4.736702919006347656e+00,3.473201990127563477e+00,-2.402204275131225586e+00,7.278859615325927734e+00,4.348782539367675781e+00,8.005211830139160156e+00,7.308100700378417969e+00,5.699457645416259766e+00,1.055239868164062500e+01,5.836313724517822266e+00
4.791585922241210938e+00,3.101658821105957031e+00,-1.699721336364746094e+00,7.162393569946289062e+00,4.271877288818359375e+00,7.460470199584960938e+00,7.326628684997558594e+00,5.872989177703857422e+00,1.028625297546386719e+01,5.454728126525878906e+00
4.663463592529296875e+00,3.830754518508911133e+00,-2.318687677383422852e+00,7.449571609497070312e+00,4.241644859313964844e+00,7.880719184875488281e+00,7.531964778900146484e+00,5.496552944183349609e+00,1.042317008972167969e+01,5.606141090393066406e+00
4.723562240600585938e+00,3.420309782028198242e+00,-1.644493103027343750e+00,7.181691169738769531e+00,4.258128166198730469e+00,8.029390335083007812e+00,7.258784770965576172e+00,5.963881969451904297e+00,1.066306495666503906e+01,5.632326126098632812e+00
4.770063877105712891e+00,3.352166175842285156e+00,-1.496486186981201172e+00,7.218280315399169922e+00,4.217182159423828125e+00,8.050563812255859375e+00,7.298396587371826172e+00,5.863494396209716797e+00,1.048038101196289062e+01,5.679870605468750000e+00
4.162305355072021484e+00,4.124090194702148438e+00,-2.281051874160766602e+00,7.002659320831298828e+00,3.860059738159179688e+00,7.623551845550537109e+00,7.815153121948242188e+00,5.633627414703369141e+00,1.028789806365966797e+01,5.151102066040039062e+00
4.556855201721191406e+00,3.564762830734252930e+00,-1.574003696441650391e+00,7.105300903320312500e+00,4.118868827819824219e+00,7.891120910644531250e+00,7.501341819763183594e+00,5.987971782684326172e+00,1.033045482635498047e+01,5.435477256774902344e+00
4.751845836639404297e+00,3.474072217941284180e+00,-1.699844360351562500e+00,7.147943973541259766e+00,4.166272163391113281e+00,7.922442436218261719e+00,7.450918674468994141e+00,6.050824165344238281e+00,1.038420295715332031e+01,5.512386798858642578e+00
4.414370059967041016e+00,4.042954921722412109e+00,-2.119665861129760742e+00,7.243046283721923828e+00,4.054589271545410156e+00,7.647217750549316406e+00,7.787337303161621094e+00,5.509603500366210938e+00,1.019687652587890625e+01,5.289524078369140625e+00
4.710023880004882812e+00,3.327047348022460938e+00,-2.079414844512939453e+00,7.244063854217529297e+00,4.170475006103515625e+00,8.031637191772460938e+00,7.259279251098632812e+00,6.158368110656738281e+00,1.043741607666015625e+01,5.587986946105957031e+00
4.628068447113037109e+00,3.742493391036987305e+00,-1.940376281738281250e+00,7.235664367675781250e+00,4.227285385131835938e+00,7.858916759490966797e+00,7.551637649536132812e+00,5.738331317901611328e+00,1.037865257263183594e+01,5.497955799102783203e+00
4.703109741210937500e+00,3.682389497756958008e+00,-1.732604265213012695e+00,7.200519561767578125e+00,4.174395561218261719e+00,7.744210720062255859e+00,7.616785049438476562e+00,5.750555992126464844e+00,1.026032638549804688e+01,5.422796249389648438e+00
4.573087692260742188e+00,3.836032390594482422e+00,-1.937428236007690430e+00,7.194119453430175781e+00,4.090577602386474609e+00,7.661836624145507812e+00,7.711466789245605469e+00,5.630617141723632812e+00,1.025997734069824219e+01,5.365749835968017578e+00
3.967279434204101562e+00,3.500474691390991211e+00,-1.445250034332275391e+00,5.428028106689453125e+00,1.979514360427856445e+00,7.710321426391601562e+00,6.160822391510009766e+00,6.913949012756347656e+00,1.097770881652832031e+01,4.542412757873535156e+00
3.914730548858642578e+00,3.522058010101318359e+00,-2.101944684982299805e+00,6.013966560363769531e+00,2.575179576873779297e+00,7.667344570159912109e+00,6.925595760345458984e+00,6.053024291992187500e+00,1.071935653686523438e+01,4.787294387817382812e+00
3.999548435211181641e+00,3.302160263061523438e+00,-1.549128532409667969e+00,5.352751255035400391e+00,1.826971530914306641e+00,7.449364662170410156e+00,5.864225864410400391e+00,6.771251201629638672e+00,1.097641372680664062e+01,4.690452575683593750e+00
4.129541397094726562e+00,3.598991155624389648e+00,-1.549046993255615234e+00,5.742685317993164062e+00,1.989168643951416016e+00,7.707301139831542969e+00,6.265078544616699219e+00,7.274950981140136719e+00,1.147863960266113281e+01,4.979914665222167969e+00
4.120715618133544922e+00,2.900395870208740234e+00,-1.768137931823730469e+00,5.117739677429199219e+00,1.293538808822631836e+00,7.578914165496826172e+00,5.246760845184326172e+00,6.347811222076416016e+00,1.056109428405761719e+01,4.449646472930908203e+00
4.199058532714843750e+00,3.424618959426879883e+00,-1.779628276824951172e+00,5.532982826232910156e+00,1.659831047058105469e+00,7.574797630310058594e+00,5.506118297576904297e+00,7.148823261260986328e+00,1.119003105163574219e+01,4.799101352691650391e+00
3.938268661499023438e+00,3.356844425201416016e+00,-2.091769695281982422e+00,6.017954349517822266e+00,2.577001810073852539e+00,7.839458942413330078e+00,6.506971359252929688e+00,6.391780853271484375e+00,1.104024124145507812e+01,5.014138698577880859e+00
4.058300971984863281e+00,3.159910202026367188e+00,-2.593777418136596680e+00,6.148013114929199219e+00,2.234871864318847656e+00,7.392700195312500000e+00,6.518544197082519531e+00,5.503629684448242188e+00,1.037074470520019531e+01,4.730562210083007812e+00
4.012609481811523438e+00,3.133168220520019531e+00,-2.276354312896728516e+00,5.702784538269042969e+00,1.913310050964355469e+00,7.353574275970458984e+00,5.997745513916015625e+00,6.184808254241943359e+00,1.063345909118652344e+01,4.701484203338623047e+00
3.927499771118164062e+00,3.060905218124389648e+00,-2.133812427520751953e+00,5.687394618988037109e+00,1.841434717178344727e+00,7.638296127319335938e+00,5.930694580078125000e+00,5.970795154571533203e+00,1.058863258361816406e+01,4.643052101135253906e+00
4.691595554351806641e+00,3.827568769454956055e+00,-1.231295585632324219e+00,5.759675025939941406e+00,1.781409621238708496e+00,7.037297248840332031e+00,6.181069850921630859e+00,7.029759407043457031e+00,1.106804847717285156e+01,4.884374141693115234e+00
4.766949653625488281e+00,3.654184341430664062e+00,-1.470995903015136719e+00,5.959571361541748047e+00,2.097237825393676758e+00,7.147752285003662109e+00,6.473612308502197266e+00,6.520460605621337891e+00,1.061540222167968750e+01,5.210678577423095703e+00
4.854727268218994141e+00,3.654752731323242188e+00,-1.235118150711059570e+00,5.829475879669189453e+00,1.814482569694519043e+00,7.046648502349853516e+00,6.139545917510986328e+00,6.857366561889648438e+00,1.077709770202636719e+01,5.125570774078369141e+00
4.822427272796630859e+00,3.301099061965942383e+00,-1.104081630706787109e+00,5.845942974090576172e+00,2.634630918502807617e+00,7.493781089782714844e+00,6.138311862945556641e+00,6.889109611511230469e+00,1.074759292602539062e+01,5.414554119110107422e+00
4.764376640319824219e+00,3.255686044692993164e+00,-1.210035800933837891e+00,5.855661869049072266e+00,1.970865726470947266e+00,7.205233097076416016e+00,6.445801734924316406e+00,6.449200153350830078e+00,1.068364143371582031e+01,5.295496463775634766e+00
4.613522529602050781e+00,3.552309036254882812e+00,-1.455639123916625977e+00,5.796118736267089844e+00,2.300383567810058594e+00,7.310460567474365234e+00,6.264307975769042969e+00,6.969331264495849609e+00,1.079699897766113281e+01,5.100589752197265625e+00
4.536983013153076172e+00,3.780594587326049805e+00,-1.695290565490722656e+00,5.922865390777587891e+00,2.152620553970336914e+00,7.214349746704101562e+00,6.479961872100830078e+00,6.402268409729003906e+00,1.043888854980468750e+01,4.979445934295654297e+00
4.676433086395263672e+00,3.514730691909790039e+00,-1.481591701507568359e+00,5.904743671417236328e+00,2.566440820693969727e+00,7.347583770751953125e+00,6.314513206481933594e+00,6.963913440704345703e+00,1.073580360412597656e+01,5.289425373077392578e+00
4.637294769287109375e+00,3.696412324905395508e+00,-1.282924175262451172e+00,5.635498046875000000e+00,1.955786824226379395e+00,7.582572937011718750e+00,6.076512336730957031e+00,7.139371395111083984e+00,1.094671630859375000e+01,4.937693119049072266e+00
4.701560497283935547e+00,3.283166646957397461e+00,-1.555747032165527344e+00,6.018022537231445312e+00,2.962205886840820312e+00,7.507174015045166016e+00,6.324416637420654297e+00,7.077238082885742188e+00,1.089398574829101562e+01,5.614512920379638672e+00
4.821970462799072266e+00,3.459093809127807617e+00,-1.718198299407958984e+00,7.074526786804199219e+00,3.995612382888793945e+00,6.999824523925781250e+00,7.752130508422851562e+00,5.475064277648925781e+00,9.828756332397460938e+00,5.183875083923339844e+00
4.667536735534667969e+00,3.672599792480468750e+00,-2.170998096466064453e+00,7.029346466064453125e+00,4.078702926635742188e+00,7.345404148101806641e+00,7.715744018554687500e+00,5.431980609893798828e+00,1.000138854980468750e+01,5.412409305572509766e+00
4.674410820007324219e+00,3.630939245223999023e+00,-2.032325029373168945e+00,6.965414524078369141e+00,4.182844161987304688e+00,7.272060871124267578e+00,7.589133739471435547e+00,5.831082344055175781e+00,1.038674736022949219e+01,5.084803581237792969e+00
4.669685840606689453e+00,3.576829195022583008e+00,-2.008034944534301758e+00,6.884969234466552734e+00,4.199958324432373047e+00,7.565134525299072266e+00,7.573534965515136719e+00,5.660346031188964844e+00,1.016651058197021484e+01,5.512823581695556641e+00
4.672612667083740234e+00,3.147249937057495117e+00,-1.766558885574340820e+00,6.582314014434814453e+00,3.985700607299804688e+00,7.492102622985839844e+00,7.085196018218994141e+00,5.790127277374267578e+00,1.007759284973144531e+01,5.842808246612548828e+00
4.734024047851562500e+00,3.252334833145141602e+00,-1.730159759521484375e+00,6.977309703826904297e+00,4.107880115509033203e+00,7.213096618652343750e+00,7.567837238311767578e+00,5.755460262298583984e+00,9.989278793334960938e+00,5.401192665100097656e+00
4.754072666168212891e+00,2.791385412216186523e+00,-1.528468370437622070e+00,6.480790138244628906e+00,3.846375942230224609e+00,7.149909973144531250e+00,6.863483428955078125e+00,5.928040981292724609e+00,1.002619361877441406e+01,5.518780708312988281e+00
4.898455619812011719e+00,2.975039958953857422e+00,-1.502840995788574219e+00,7.016199111938476562e+00,3.959534168243408203e+00,6.884605884552001953e+00,7.575058937072753906e+00,5.844955444335937500e+00,9.754039764404296875e+00,5.194370269775390625e+00
4.897946834564208984e+00,2.772499322891235352e+00,-1.433055639266967773e+00,6.788144588470458984e+00,4.010281562805175781e+00,7.036056041717529297e+00,7.161845684051513672e+00,5.878170967102050781e+00,9.894991874694824219e+00,5.463212013244628906e+00
4.642879962921142578e+00,2.403336286544799805e+00,-1.450203061103820801e+00,6.359248161315917969e+00,3.635411739349365234e+00,7.113703727722167969e+00,6.564790725708007812e+00,5.772601604461669922e+00,9.729753494262695312e+00,5.783029079437255859e+00
4.008098125457763672e+00,3.122016668319702148e+00,-2.076625585556030273e+00,5.139815330505371094e+00,2.107633590698242188e+00,8.224548339843750000e+00,5.555938720703125000e+00,6.231879234313964844e+00,1.086107063293457031e+01,4.313524246215820312e+00
3.803956985473632812e+00,3.074657678604125977e+00,-1.765355825424194336e+00,5.639775753021240234e+00,3.057157039642333984e+00,8.680482864379882812e+00,5.636685848236083984e+00,6.524713993072509766e+00,1.072857856750488281e+01,5.140139579772949219e+00
4.245672225952148438e+00,2.890330553054809570e+00,-2.630668640136718750e+00,4.280331611633300781e+00,1.248329162597656250e+00,7.299221515655517578e+00,4.300121784210205078e+00,4.949958324432373047e+00,9.997667312622070312e+00,3.391309022903442383e+00
3.837480068206787109e+00,2.552718877792358398e+00,-1.918604373931884766e+00,5.181456089019775391e+00,2.334041833877563477e+00,8.382052421569824219e+00,4.820242404937744141e+00,6.079277038574218750e+00,1.040571594238281250e+01,4.799719810485839844e+00
3.902972698211669922e+00,2.404470920562744141e+00,-2.602004289627075195e+00,4.525535583496093750e+00,1.853169202804565430e+00,7.610952854156494141e+00,4.093279838562011719e+00,5.280948638916015625e+00,1.020796966552734375e+01,4.216299533843994141e+00
3.863847255706787109e+00,2.444386959075927734e+00,-2.656924724578857422e+00,4.480846881866455078e+00,1.893627524375915527e+00,8.078722000122070312e+00,3.953499555587768555e+00,5.390340805053710938e+00,1.012082576751708984e+01,4.283859729766845703e+00
3.740294456481933594e+00,2.406332015991210938e+00,-2.633105039596557617e+00,4.349074363708496094e+00,1.664462089538574219e+00,7.810561180114746094e+00,3.767346858978271484e+00,5.434546947479248047e+00,9.884842872619628906e+00,4.174042224884033203e+00
4.392173767089843750e+00,3.034500360488891602e+00,-2.926776170730590820e+00,4.024753570556640625e+00,1.077426552772521973e+00,5.594225406646728516e+00,3.814974069595336914e+00,4.807272434234619141e+00,1.025855541229248047e+01,2.773053884506225586e+00
4.070768356323242188e+00,2.245346069335937500e+00,-2.142805576324462891e+00,4.653483390808105469e+00,1.611391663551330566e+00,7.354174137115478516e+00,4.040624618530273438e+00,5.227759361267089844e+00,9.865359306335449219e+00,4.278569698333740234e+00
4.334649085998535156e+00,3.076475143432617188e+00,-2.885263442993164062e+00,4.068271160125732422e+00,1.109254121780395508e+00,5.729458808898925781e+00,3.795047521591186523e+00,4.600304603576660156e+00,1.028524780273437500e+01,2.793283939361572266e+00
5.150293827056884766e+00,3.503397464752197266e+00,-9.794167280197143555e-01,7.053866386413574219e+00,4.176664352416992188e+00,7.120607376098632812e+00,7.830919265747070312e+00,6.088946819305419922e+00,1.022832489013671875e+01,4.791450500488281250e+00
5.099446773529052734e+00,3.564086437225341797e+00,-9.109931588172912598e-01,7.229245662689208984e+00,4.118240356445312500e+00,6.833022594451904297e+00,8.119589805603027344e+00,6.108043193817138672e+00,9.989469528198242188e+00,4.670590877532958984e+00
4.957787990570068359e+00,3.744416952133178711e+00,-1.310742616653442383e+00,7.238296985626220703e+00,4.197650432586669922e+00,6.749470710754394531e+00,8.020087242126464844e+00,6.003396987915039062e+00,1.005653476715087891e+01,4.752163887023925781e+00
4.925113201141357422e+00,3.706659555435180664e+00,-1.299836516380310059e+00,7.273557186126708984e+00,4.082027912139892578e+00,6.730988979339599609e+00,8.076818466186523438e+00,5.959937572479248047e+00,9.962001800537109375e+00,4.725292205810546875e+00
5.067598342895507812e+00,3.389941215515136719e+00,-1.075335383415222168e+00,7.246750354766845703e+00,4.085569858551025391e+00,6.703226566314697266e+00,8.048179626464843750e+00,6.080523014068603516e+00,9.964385032653808594e+00,4.734913825988769531e+00
4.934046745300292969e+00,3.565119743347167969e+00,-1.274918794631958008e+00,7.242874622344970703e+00,4.063789844512939453e+00,6.727205753326416016e+00,8.087592124938964844e+00,5.952602863311767578e+00,9.942969322204589844e+00,4.712829589843750000e+00
5.109941005706787109e+00,3.348767518997192383e+00,-9.899318814277648926e-01,7.221316814422607422e+00,4.153139591217041016e+00,6.698657512664794922e+00,8.057694435119628906e+00,6.235701560974121094e+00,9.989870071411132812e+00,4.760798454284667969e+00
4.906997203826904297e+00,3.522498369216918945e+00,-1.237634897232055664e+00,7.128512382507324219e+00,3.973144769668579102e+00,6.802306175231933594e+00,8.091506004333496094e+00,5.924575805664062500e+00,9.883041381835937500e+00,4.694112300872802734e+00
5.071607112884521484e+00,3.359923124313354492e+00,-9.541836977005004883e-01,7.224594593048095703e+00,4.010808944702148438e+00,6.764322757720947266e+00,8.093281745910644531e+00,6.107628345489501953e+00,9.903163909912109375e+00,4.629221439361572266e+00
5.090486526489257812e+00,3.325248479843139648e+00,-8.920477628707885742e-01,7.249166965484619141e+00,4.027035713195800781e+00,6.715917587280273438e+00,8.161760330200195312e+00,6.166718482971191406e+00,9.860584259033203125e+00,4.631514072418212891e+00
4.200283527374267578e+00,4.744583129882812500e+00,-2.402760505676269531e+00,6.801976680755615234e+00,4.368951797485351562e+00,6.854337215423583984e+00,7.294349670410156250e+00,5.051933288574218750e+00,1.093232727050781250e+01,5.094645023345947266e+00
4.395809173583984375e+00,4.827682495117187500e+00,-2.206183195114135742e+00,6.824732780456542969e+00,4.327181816101074219e+00,6.986530303955078125e+00,7.352448463439941406e+00,5.327250003814697266e+00,1.101752853393554688e+01,5.141662120819091797e+00
4.415258884429931641e+00,4.885622024536132812e+00,-2.195602893829345703e+00,6.794723033905029297e+00,4.395002365112304688e+00,7.100810050964355469e+00,7.306885242462158203e+00,5.366620540618896484e+00,1.123554611206054688e+01,5.191802501678466797e+00
4.480275630950927734e+00,4.907981872558593750e+00,-2.103277921676635742e+00,6.791264057159423828e+00,4.421470642089843750e+00,7.124402523040771484e+00,7.251776218414306641e+00,5.440655231475830078e+00,1.135240173339843750e+01,5.224467277526855469e+00
4.404662609100341797e+00,4.820862770080566406e+00,-2.175915956497192383e+00,6.811835289001464844e+00,4.368443489074707031e+00,7.115911960601806641e+00,7.337420463562011719e+00,5.322857379913330078e+00,1.112152099609375000e+01,5.172716140747070312e+00
4.319397449493408203e+00,4.841881752014160156e+00,-2.460822582244873047e+00,6.828131198883056641e+00,4.266283035278320312e+00,6.999804496765136719e+00,7.489217758178710938e+00,5.174715518951416016e+00,1.099544715881347656e+01,5.079304218292236328e+00
4.619667530059814453e+00,4.975439071655273438e+00,-1.862540960311889648e+00,6.777166843414306641e+00,4.454983711242675781e+00,7.182281970977783203e+00,7.151189804077148438e+00,5.615553379058837891e+00,1.156036186218261719e+01,5.266788482666015625e+00
4.416863918304443359e+00,4.856686592102050781e+00,-2.214897394180297852e+00,6.818450450897216797e+00,4.272635459899902344e+00,6.937979221343994141e+00,7.388965129852294922e+00,5.419198513031005859e+00,1.112052917480468750e+01,5.149105548858642578e+00
4.454589843750000000e+00,4.796957969665527344e+00,-2.169464349746704102e+00,6.801544666290283203e+00,4.281606674194335938e+00,6.961661815643310547e+00,7.361368179321289062e+00,5.467774391174316406e+00,1.115818977355957031e+01,5.172676563262939453e+00
4.639670848846435547e+00,5.015374183654785156e+00,-1.967026948928833008e+00,6.817914485931396484e+00,4.425949096679687500e+00,7.168721199035644531e+00,7.295163154602050781e+00,5.720380306243896484e+00,1.153734970092773438e+01,5.245491981506347656e+00
4.444560527801513672e+00,4.952508926391601562e+00,-1.990805864334106445e+00,6.635057449340820312e+00,4.254706382751464844e+00,6.988219261169433594e+00,6.830715179443359375e+00,5.347208023071289062e+00,1.142936515808105469e+01,5.108775615692138672e+00
4.592606544494628906e+00,4.979905128479003906e+00,-1.848236799240112305e+00,6.666556358337402344e+00,4.445876121520996094e+00,7.049864292144775391e+00,6.816504478454589844e+00,5.517879962921142578e+00,1.167187309265136719e+01,5.234578132629394531e+00
4.399538040161132812e+00,4.946444511413574219e+00,-2.013948678970336914e+00,6.629608631134033203e+00,4.034117698669433594e+00,6.942607879638671875e+00,6.855707168579101562e+00,5.329790592193603516e+00,1.130426406860351562e+01,5.001709461212158203e+00
4.516085624694824219e+00,5.003913879394531250e+00,-1.862177371978759766e+00,6.657676219940185547e+00,4.209346294403076172e+00,7.051979064941406250e+00,6.856377124786376953e+00,5.479547977447509766e+00,1.151074981689453125e+01,5.126800060272216797e+00
4.469846248626708984e+00,4.987030982971191406e+00,-1.923798084259033203e+00,6.635387897491455078e+00,4.233404159545898438e+00,7.016183853149414062e+00,6.763580322265625000e+00,5.358159065246582031e+00,1.150565719604492188e+01,5.095050811767578125e+00
4.548714637756347656e+00,4.970649719238281250e+00,-1.936756849288940430e+00,6.695644378662109375e+00,4.399996757507324219e+00,7.074030876159667969e+00,6.884517669677734375e+00,5.431735515594482422e+00,1.157110214233398438e+01,5.198836803436279297e+00
4.453310012817382812e+00,4.858967781066894531e+00,-2.084291934967041016e+00,6.692171573638916016e+00,4.167880058288574219e+00,6.974271297454833984e+00,6.942098140716552734e+00,5.275918960571289062e+00,1.129412078857421875e+01,5.077380180358886719e+00
4.538425445556640625e+00,4.890936851501464844e+00,-2.014974594116210938e+00,6.723755359649658203e+00,4.367815971374511719e+00,7.035616397857666016e+00,6.973927974700927734e+00,5.406156539916992188e+00,1.146205711364746094e+01,5.184161186218261719e+00
4.303110599517822266e+00,4.841835021972656250e+00,-2.270980119705200195e+00,6.714779853820800781e+00,3.937709569931030273e+00,6.948656082153320312e+00,7.089029312133789062e+00,5.159543037414550781e+00,1.100034713745117188e+01,4.982891082763671875e+00
4.317103862762451172e+00,4.894061088562011719e+00,-2.126015663146972656e+00,6.704378128051757812e+00,3.925360918045043945e+00,6.971278667449951172e+00,6.936181545257568359e+00,5.249729633331298828e+00,1.113277053833007812e+01,4.996741294860839844e+00
4.748633384704589844e+00,3.999190807342529297e+00,-1.302485227584838867e+00,5.446080684661865234e+00,1.550263404846191406e+00,6.582598209381103516e+00,5.582486152648925781e+00,7.123900413513183594e+00,1.157680130004882812e+01,4.645456314086914062e+00
4.130669593811035156e+00,3.605838060379028320e+00,-1.622351646423339844e+00,5.437935352325439453e+00,1.812343597412109375e+00,7.035371780395507812e+00,6.098586559295654297e+00,7.126513481140136719e+00,1.114840126037597656e+01,4.783262252807617188e+00
4.193389415740966797e+00,2.866989850997924805e+00,-1.725045204162597656e+00,4.667085647583007812e+00,1.402890205383300781e+00,6.897408008575439453e+00,4.754519462585449219e+00,6.499647140502929688e+00,1.074088478088378906e+01,4.482451438903808594e+00
4.432614326477050781e+00,3.622184991836547852e+00,-1.401109814643859863e+00,5.294265747070312500e+00,1.186861038208007812e+00,6.698751449584960938e+00,5.528764724731445312e+00,6.932064056396484375e+00,1.118553161621093750e+01,4.414663314819335938e+00
4.412974834442138672e+00,3.526089429855346680e+00,-1.870762109756469727e+00,5.569698333740234375e+00,1.928070425987243652e+00,6.870784759521484375e+00,5.963715553283691406e+00,6.860955715179443359e+00,1.126744270324707031e+01,4.511573791503906250e+00
4.189637660980224609e+00,3.689128637313842773e+00,-1.452428460121154785e+00,5.364913940429687500e+00,1.564920306205749512e+00,6.958332538604736328e+00,5.811823368072509766e+00,7.261475563049316406e+00,1.126485824584960938e+01,4.676821708679199219e+00
4.303093433380126953e+00,2.953066349029541016e+00,-1.783183574676513672e+00,5.254994869232177734e+00,1.080657482147216797e+00,7.058206081390380859e+00,5.618988513946533203e+00,6.119332790374755859e+00,1.032411575317382812e+01,4.225716590881347656e+00
4.210501670837402344e+00,3.051740884780883789e+00,-1.653326511383056641e+00,4.936524391174316406e+00,1.644916653633117676e+00,7.319036483764648438e+00,5.159372806549072266e+00,6.635917186737060547e+00,1.096432495117187500e+01,4.588813304901123047e+00
4.293007850646972656e+00,2.937286138534545898e+00,-1.815218925476074219e+00,4.950200080871582031e+00,1.521449446678161621e+00,7.187026500701904297e+00,5.203028678894042969e+00,6.240867614746093750e+00,1.081576347351074219e+01,4.389555931091308594e+00
4.350413799285888672e+00,3.147405862808227539e+00,-1.741622924804687500e+00,5.333233833312988281e+00,1.011668205261230469e+00,6.932092189788818359e+00,5.635001659393310547e+00,6.386760711669921875e+00,1.061374664306640625e+01,4.267406940460205078e+00
4.536562919616699219e+00,4.529332160949707031e+00,-2.057857036590576172e+00,7.014200210571289062e+00,4.039871215820312500e+00,7.476770877838134766e+00,7.942532539367675781e+00,5.068882465362548828e+00,1.018370056152343750e+01,4.766517162322998047e+00
4.584372520446777344e+00,3.935411930084228516e+00,-2.091406583786010742e+00,7.033308029174804688e+00,3.878608942031860352e+00,7.430707931518554688e+00,7.839747428894042969e+00,5.362302780151367188e+00,1.005484771728515625e+01,4.895809650421142578e+00
4.823567867279052734e+00,2.963555097579956055e+00,-1.511869907379150391e+00,6.810729980468750000e+00,4.026147842407226562e+00,7.333085060119628906e+00,7.440987110137939453e+00,5.950077533721923828e+00,1.008605575561523438e+01,5.108295917510986328e+00
4.749930381774902344e+00,3.492691755294799805e+00,-1.753201007843017578e+00,6.914989948272705078e+00,4.044671058654785156e+00,7.414713382720947266e+00,7.656328678131103516e+00,5.536915302276611328e+00,1.003768157958984375e+01,4.943269729614257812e+00
4.650047779083251953e+00,3.191750764846801758e+00,-1.920885086059570312e+00,6.764190196990966797e+00,3.883864879608154297e+00,7.560953617095947266e+00,7.243553638458251953e+00,5.961411476135253906e+00,1.013990116119384766e+01,5.443736553192138672e+00
4.977174282073974609e+00,3.125695228576660156e+00,-1.445547580718994141e+00,6.643028736114501953e+00,4.007538795471191406e+00,7.141919136047363281e+00,7.488859653472900391e+00,6.007372856140136719e+00,1.018219566345214844e+01,4.801088809967041016e+00
4.908679962158203125e+00,3.508492469787597656e+00,-1.502749443054199219e+00,6.635988712310791016e+00,3.903489351272583008e+00,7.272515296936035156e+00,7.494478225708007812e+00,6.102447509765625000e+00,1.030769348144531250e+01,4.783961296081542969e+00
4.482558250427246094e+00,3.118060111999511719e+00,-1.865002870559692383e+00,6.042738437652587891e+00,3.409244537353515625e+00,7.375975131988525391e+00,6.692880630493164062e+00,6.532443046569824219e+00,1.065534782409667969e+01,4.965055942535400391e+00
4.825454711914062500e+00,3.598474025726318359e+00,-1.710937976837158203e+00,6.885537624359130859e+00,3.987994670867919922e+00,7.487558364868164062e+00,7.654372692108154297e+00,5.489228248596191406e+00,1.005661201477050781e+01,4.743221759796142578e+00
4.672960758209228516e+00,3.566003799438476562e+00,-1.968998908996582031e+00,6.222849845886230469e+00,3.458116292953491211e+00,7.319434165954589844e+00,6.989724636077880859e+00,5.203094482421875000e+00,1.011317729949951172e+01,4.330692768096923828e+00
4.543872833251953125e+00,3.897290706634521484e+00,-2.018602132797241211e+00,6.821870326995849609e+00,3.904991865158081055e+00,7.538584709167480469e+00,7.782952308654785156e+00,4.914475440979003906e+00,1.008640766143798828e+01,4.699801921844482422e+00
4.437267780303955078e+00,4.058488845825195312e+00,-2.022380352020263672e+00,6.934696197509765625e+00,3.965652465820312500e+00,7.415484428405761719e+00,7.948662757873535156e+00,4.951673030853271484e+00,1.003834342956542969e+01,4.675322532653808594e+00
4.492285728454589844e+00,4.119903564453125000e+00,-2.090059995651245117e+00,7.069127082824707031e+00,4.006512641906738281e+00,7.383979797363281250e+00,8.019680023193359375e+00,4.964677333831787109e+00,1.000214958190917969e+01,4.795326232910156250e+00
4.680603027343750000e+00,3.582642793655395508e+00,-1.915619611740112305e+00,6.740026950836181641e+00,3.839937925338745117e+00,7.541024208068847656e+00,7.626590251922607422e+00,5.119821548461914062e+00,1.007692909240722656e+01,4.759942054748535156e+00
4.546584129333496094e+00,4.110010147094726562e+00,-2.255433082580566406e+00,6.817955017089843750e+00,3.989796400070190430e+00,7.633694648742675781e+00,7.752209186553955078e+00,4.934427261352539062e+00,1.016893577575683594e+01,4.839300155639648438e+00
4.767998695373535156e+00,3.482461690902709961e+00,-1.795534849166870117e+00,6.856634616851806641e+00,4.087690830230712891e+00,7.410485744476318359e+00,7.750402927398681641e+00,5.520405292510986328e+00,1.004395866394042969e+01,4.687924385070800781e+00
4.259655475616455078e+00,4.231002807617187500e+00,-2.348262548446655273e+00,7.003183364868164062e+00,3.935930728912353516e+00,7.450306892395019531e+00,7.964143753051757812e+00,4.715971946716308594e+00,9.993494987487792969e+00,4.835397243499755859e+00
4.293527603149414062e+00,4.373870849609375000e+00,-2.409422397613525391e+00,7.035761356353759766e+00,3.989755392074584961e+00,7.550082683563232422e+00,8.018036842346191406e+00,4.711672306060791016e+00,1.007276725769042969e+01,4.846809387207031250e+00
4.548069000244140625e+00,3.960192441940307617e+00,-2.067959070205688477e+00,7.056534767150878906e+00,4.064633846282958984e+00,7.477180480957031250e+00,7.933233737945556641e+00,5.081849098205566406e+00,1.002381420135498047e+01,4.857044219970703125e+00
4.342835903167724609e+00,4.099211692810058594e+00,-2.528293609619140625e+00,7.147588253021240234e+00,3.854265689849853516e+00,7.447585105895996094e+00,7.905276775360107422e+00,4.870970249176025391e+00,9.941215515136718750e+00,5.025464534759521484e+00
4.140796661376953125e+00,3.285643339157104492e+00,-2.517188310623168945e+00,5.901047229766845703e+00,1.728863954544067383e+00,7.346470832824707031e+00,6.485776901245117188e+00,5.541785240173339844e+00,1.036785316467285156e+01,4.581973075866699219e+00
4.094322204589843750e+00,3.514248371124267578e+00,-2.299411773681640625e+00,5.826681137084960938e+00,1.720473051071166992e+00,7.359580993652343750e+00,6.359758853912353516e+00,6.099970817565917969e+00,1.068468284606933594e+01,4.581913471221923828e+00
4.012584209442138672e+00,3.095637559890747070e+00,-2.412830352783203125e+00,5.723736286163330078e+00,1.778172612190246582e+00,7.347887039184570312e+00,6.240019798278808594e+00,5.796632289886474609e+00,1.042712783813476562e+01,4.524187564849853516e+00
4.358463287353515625e+00,3.565542697906494141e+00,-1.730386972427368164e+00,6.037628173828125000e+00,2.393121242523193359e+00,8.003944396972656250e+00,5.944690704345703125e+00,7.054140567779541016e+00,1.140908241271972656e+01,5.156489372253417969e+00
4.378386974334716797e+00,3.449710845947265625e+00,-1.527463912963867188e+00,5.796548366546630859e+00,2.267918825149536133e+00,8.065171241760253906e+00,5.488815307617187500e+00,7.113719940185546875e+00,1.139194107055664062e+01,5.053675651550292969e+00
4.190144538879394531e+00,3.134142875671386719e+00,-2.223348855972290039e+00,5.331764698028564453e+00,1.004403591156005859e+00,7.186090946197509766e+00,5.433424949645996094e+00,6.120058059692382812e+00,1.049469375610351562e+01,4.314711570739746094e+00
4.000421047210693359e+00,2.527476310729980469e+00,-2.181596040725708008e+00,4.890584945678710938e+00,1.448368549346923828e+00,7.569641113281250000e+00,4.695666790008544922e+00,5.403174877166748047e+00,1.009485244750976562e+01,4.446297645568847656e+00
4.146110057830810547e+00,2.506469011306762695e+00,-1.950901269912719727e+00,5.608597278594970703e+00,2.393249511718750000e+00,8.031767845153808594e+00,5.164199352264404297e+00,5.903004169464111328e+00,1.052171897888183594e+01,5.142210483551025391e+00
4.188626766204833984e+00,2.950111150741577148e+00,-2.429483175277709961e+00,5.010753631591796875e+00,8.815754652023315430e-01,7.131676197052001953e+00,4.869328975677490234e+00,5.756206989288330078e+00,1.025206947326660156e+01,4.097973823547363281e+00
4.477524280548095703e+00,2.788464307785034180e+00,-1.922197818756103516e+00,4.787303447723388672e+00,1.469934225082397461e+00,7.477187156677246094e+00,3.873699426651000977e+00,6.157185077667236328e+00,1.073806571960449219e+01,4.367906570434570312e+00
4.274336814880371094e+00,3.987600326538085938e+00,-1.416003227233886719e+00,5.317264556884765625e+00,2.358683824539184570e+00,6.990410804748535156e+00,6.304822444915771484e+00,7.082297801971435547e+00,1.163427543640136719e+01,4.549945354461669922e+00
4.164410591125488281e+00,3.303657531738281250e+00,-1.776617765426635742e+00,5.447510719299316406e+00,2.622781038284301758e+00,6.796346664428710938e+00,6.215359687805175781e+00,6.629004955291748047e+00,1.159215736389160156e+01,4.506756782531738281e+00
4.245969772338867188e+00,3.660177469253540039e+00,-1.662743806838989258e+00,5.443052768707275391e+00,2.488341808319091797e+00,6.963904380798339844e+00,6.341081619262695312e+00,6.915913581848144531e+00,1.162556457519531250e+01,4.534827232360839844e+00
4.212496757507324219e+00,4.177060127258300781e+00,-1.698351383209228516e+00,5.400526046752929688e+00,2.341458797454833984e+00,7.115043163299560547e+00,6.382268905639648438e+00,7.220273971557617188e+00,1.172356986999511719e+01,4.579556941986083984e+00
3.956974983215332031e+00,3.635356187820434570e+00,-2.114443540573120117e+00,5.846104621887207031e+00,2.776011228561401367e+00,6.918551445007324219e+00,6.335902214050292969e+00,5.993975162506103516e+00,1.164176750183105469e+01,4.726603031158447266e+00
4.151953697204589844e+00,3.735857725143432617e+00,-1.926947116851806641e+00,5.690086841583251953e+00,2.585953950881958008e+00,7.102331161499023438e+00,6.355765819549560547e+00,6.671171188354492188e+00,1.162912750244140625e+01,4.678705692291259766e+00
4.145101070404052734e+00,3.577220916748046875e+00,-1.828350543975830078e+00,5.698524951934814453e+00,2.625359296798706055e+00,7.142343521118164062e+00,6.316467761993408203e+00,6.772189140319824219e+00,1.149105453491210938e+01,4.694782257080078125e+00
4.097537517547607422e+00,3.391477346420288086e+00,-1.916918992996215820e+00,5.586401939392089844e+00,2.598019838333129883e+00,6.802599906921386719e+00,6.243854999542236328e+00,6.440361976623535156e+00,1.152968025207519531e+01,4.561028003692626953e+00
4.206937313079833984e+00,4.299412727355957031e+00,-1.702482461929321289e+00,5.475348949432373047e+00,2.238089561462402344e+00,7.021898746490478516e+00,6.440740585327148438e+00,7.310894012451171875e+00,1.171635627746582031e+01,4.618055820465087891e+00
4.421607494354248047e+00,4.262404441833496094e+00,-1.596103429794311523e+00,5.483607292175292969e+00,2.202976703643798828e+00,6.965173244476318359e+00,6.302916526794433594e+00,7.183040618896484375e+00,1.178291130065917969e+01,4.576718330383300781e+00
3.920340061187744141e+00,3.552267313003540039e+00,-1.654165029525756836e+00,5.580838680267333984e+00,2.204022645950317383e+00,7.153846263885498047e+00,6.303627967834472656e+00,7.100991249084472656e+00,1.150715446472167969e+01,4.839597225189208984e+00
4.050767421722412109e+00,3.485340833663940430e+00,-1.190102577209472656e+00,5.892470359802246094e+00,2.625728845596313477e+00,6.929858207702636719e+00,6.225626945495605469e+00,6.621273040771484375e+00,1.175782012939453125e+01,5.053018093109130859e+00
3.987388134002685547e+00,3.417516708374023438e+00,-1.601982355117797852e+00,5.418727397918701172e+00,2.133562088012695312e+00,6.892049789428710938e+00,6.213428497314453125e+00,7.248882770538330078e+00,1.142527770996093750e+01,4.641884326934814453e+00
4.178616523742675781e+00,3.448522090911865234e+00,-1.374734640121459961e+00,5.443805217742919922e+00,2.238497257232666016e+00,7.102260112762451172e+00,6.196061611175537109e+00,7.466411590576171875e+00,1.156103134155273438e+01,4.611603736877441406e+00
4.192573547363281250e+00,3.119569301605224609e+00,-1.529188871383666992e+00,5.294624328613281250e+00,2.186659336090087891e+00,6.565237045288085938e+00,6.045914649963378906e+00,7.296989440917968750e+00,1.145683479309082031e+01,4.523013591766357422e+00
4.185110092163085938e+00,3.510899543762207031e+00,-1.343244552612304688e+00,5.433295726776123047e+00,2.220021009445190430e+00,7.106282234191894531e+00,6.220948219299316406e+00,7.479390144348144531e+00,1.157975769042968750e+01,4.625435352325439453e+00
4.325736522674560547e+00,2.873421430587768555e+00,-1.516892790794372559e+00,5.224949836730957031e+00,2.386925935745239258e+00,6.292990207672119141e+00,5.795718669891357422e+00,6.909865379333496094e+00,1.149693107604980469e+01,4.406989574432373047e+00
4.351389884948730469e+00,3.180074453353881836e+00,-1.411515235900878906e+00,5.562947750091552734e+00,2.513209342956542969e+00,6.537961483001708984e+00,5.943935871124267578e+00,7.079080581665039062e+00,1.176791191101074219e+01,4.753849983215332031e+00
4.201361179351806641e+00,3.421810626983642578e+00,-1.360298037528991699e+00,5.357921600341796875e+00,2.259137153625488281e+00,6.787166595458984375e+00,6.117136955261230469e+00,7.461960315704345703e+00,1.160434150695800781e+01,4.531309127807617188e+00
4.437921524047851562e+00,2.998707056045532227e+00,-1.454584836959838867e+00,5.272043704986572266e+00,2.300727128982543945e+00,6.661233901977539062e+00,5.736201763153076172e+00,7.000483036041259766e+00,1.166223716735839844e+01,4.521390438079833984e+00
4.458190441131591797e+00,4.387003421783447266e+00,-2.195187807083129883e+00,6.964931011199951172e+00,4.031817913055419922e+00,7.212312698364257812e+00,7.777377605438232422e+00,5.174180984497070312e+00,1.014508628845214844e+01,5.002948760986328125e+00
4.498848438262939453e+00,4.299700736999511719e+00,-2.131580352783203125e+00,7.220614910125732422e+00,4.003673553466796875e+00,7.224897861480712891e+00,8.011027336120605469e+00,5.010902881622314453e+00,9.984766006469726562e+00,5.050791740417480469e+00
4.466810226440429688e+00,4.273300170898437500e+00,-2.039391040802001953e+00,7.257970809936523438e+00,3.988312482833862305e+00,7.200839519500732422e+00,8.061787605285644531e+00,5.032434463500976562e+00,9.981692314147949219e+00,5.033788681030273438e+00
4.511795520782470703e+00,4.274656772613525391e+00,-2.106474399566650391e+00,7.161594867706298828e+00,4.006261348724365234e+00,7.219222068786621094e+00,7.925899028778076172e+00,5.061869621276855469e+00,1.000113296508789062e+01,5.051177978515625000e+00
4.491067409515380859e+00,4.254168510437011719e+00,-2.051123380661010742e+00,7.202671527862548828e+00,4.028314113616943359e+00,7.181139469146728516e+00,7.989526748657226562e+00,5.064906120300292969e+00,9.974175453186035156e+00,4.955304622650146484e+00
4.416291713714599609e+00,4.281153678894042969e+00,-2.189985752105712891e+00,7.361263275146484375e+00,3.942722797393798828e+00,7.094786167144775391e+00,8.197546958923339844e+00,5.050246715545654297e+00,9.922319412231445312e+00,5.099565029144287109e+00
4.459082603454589844e+00,4.455448150634765625e+00,-2.212908506393432617e+00,7.384407520294189453e+00,4.018804073333740234e+00,7.244292259216308594e+00,8.187566757202148438e+00,4.955246448516845703e+00,1.001336669921875000e+01,5.163017749786376953e+00
4.384003639221191406e+00,4.302240848541259766e+00,-2.144701242446899414e+00,7.283267498016357422e+00,3.917536020278930664e+00,7.236766338348388672e+00,8.142841339111328125e+00,5.141908645629882812e+00,9.999809265136718750e+00,5.119674682617187500e+00
4.470236301422119141e+00,4.484164237976074219e+00,-2.332806825637817383e+00,7.390645027160644531e+00,4.061635971069335938e+00,7.319021224975585938e+00,8.184882164001464844e+00,4.969589710235595703e+00,1.005167484283447266e+01,5.285663127899169922e+00
4.558306694030761719e+00,3.979745388031005859e+00,-1.780382633209228516e+00,7.283808708190917969e+00,3.897022008895874023e+00,7.047855377197265625e+00,8.011997222900390625e+00,5.265088081359863281e+00,9.876347541809082031e+00,5.031558990478515625e+00
4.307922363281250000e+00,4.675529479980468750e+00,-2.093352556228637695e+00,6.784206867218017578e+00,4.272888183593750000e+00,7.454529762268066406e+00,7.433038234710693359e+00,5.313504695892333984e+00,1.104448509216308594e+01,5.178001403808593750e+00
4.397267818450927734e+00,4.800704002380371094e+00,-2.000538110733032227e+00,6.776098728179931641e+00,4.289875030517578125e+00,7.528707027435302734e+00,7.492979526519775391e+00,5.415597438812255859e+00,1.118745613098144531e+01,5.172962188720703125e+00
4.431438446044921875e+00,4.667773723602294922e+00,-1.916472434997558594e+00,6.773869037628173828e+00,4.306983947753906250e+00,7.604107379913330078e+00,7.421136379241943359e+00,5.446512699127197266e+00,1.114671707153320312e+01,5.220973968505859375e+00
4.422228336334228516e+00,4.621704101562500000e+00,-1.936533689498901367e+00,6.789997577667236328e+00,4.262294769287109375e+00,7.658153533935546875e+00,7.475670814514160156e+00,5.426462173461914062e+00,1.105322837829589844e+01,5.203692913055419922e+00
4.323887348175048828e+00,4.504862308502197266e+00,-1.887453317642211914e+00,6.844991683959960938e+00,4.227130889892578125e+00,7.683437347412109375e+00,7.440049648284912109e+00,5.307700634002685547e+00,1.088212203979492188e+01,5.223127365112304688e+00
4.481034755706787109e+00,4.496096611022949219e+00,-1.763670682907104492e+00,6.828590393066406250e+00,4.245985031127929688e+00,7.858914375305175781e+00,7.441870212554931641e+00,5.486539840698242188e+00,1.103622436523437500e+01,5.257175922393798828e+00
4.430208683013916016e+00,4.664456367492675781e+00,-1.862510919570922852e+00,6.790023803710937500e+00,4.261151313781738281e+00,7.717670440673828125e+00,7.461836338043212891e+00,5.444555282592773438e+00,1.112504768371582031e+01,5.205949783325195312e+00
4.347954750061035156e+00,4.513956069946289062e+00,-1.927325487136840820e+00,6.849958896636962891e+00,4.222750663757324219e+00,7.701059341430664062e+00,7.489138603210449219e+00,5.330771446228027344e+00,1.086179351806640625e+01,5.198209285736083984e+00
4.562196731567382812e+00,4.524528026580810547e+00,-1.742816925048828125e+00,6.843738555908203125e+00,4.248038768768310547e+00,7.836142539978027344e+00,7.477118492126464844e+00,5.574210166931152344e+00,1.106248474121093750e+01,5.243176460266113281e+00
4.575460910797119141e+00,4.432906150817871094e+00,-1.618193387985229492e+00,6.865415573120117188e+00,4.287657737731933594e+00,7.868865013122558594e+00,7.345431327819824219e+00,5.605814933776855469e+00,1.113780593872070312e+01,5.340752124786376953e+00
4.192148208618164062e+00,2.416130065917968750e+00,-2.099420070648193359e+00,5.500623703002929688e+00,2.659359693527221680e+00,6.874292373657226562e+00,5.358647823333740234e+00,5.562945365905761719e+00,1.013647460937500000e+01,4.733390808105468750e+00
4.214180946350097656e+00,2.455644130706787109e+00,-2.111366271972656250e+00,4.968399524688720703e+00,2.128715515136718750e+00,6.915870189666748047e+00,4.740494251251220703e+00,5.452509403228759766e+00,9.976825714111328125e+00,4.460333824157714844e+00
4.435362339019775391e+00,2.293150424957275391e+00,-2.154322862625122070e+00,5.073065280914306641e+00,1.929127216339111328e+00,6.701443672180175781e+00,4.831833839416503906e+00,5.305479526519775391e+00,9.734500885009765625e+00,4.582987308502197266e+00
4.218306064605712891e+00,2.417093992233276367e+00,-2.067098379135131836e+00,5.469381809234619141e+00,2.611423730850219727e+00,6.899826049804687500e+00,5.330158710479736328e+00,5.562875747680664062e+00,1.011703109741210938e+01,4.716852664947509766e+00
4.217299938201904297e+00,2.532018661499023438e+00,-2.457597017288208008e+00,5.017134189605712891e+00,1.138020515441894531e+00,6.629205703735351562e+00,5.066965103149414062e+00,4.963101863861083984e+00,9.573253631591796875e+00,3.920718431472778320e+00
4.288402557373046875e+00,2.291104793548583984e+00,-2.008363246917724609e+00,5.410592555999755859e+00,2.361586570739746094e+00,6.816211223602294922e+00,5.420996665954589844e+00,5.456885814666748047e+00,9.740821838378906250e+00,4.697083950042724609e+00
4.130425930023193359e+00,2.356397867202758789e+00,-1.983295440673828125e+00,4.702642440795898438e+00,2.088315010070800781e+00,7.000129699707031250e+00,3.968477249145507812e+00,5.489009857177734375e+00,1.000407028198242188e+01,4.488029003143310547e+00
4.281696796417236328e+00,2.192482471466064453e+00,-1.875478267669677734e+00,5.492079257965087891e+00,2.877350568771362305e+00,6.902406215667724609e+00,5.309215068817138672e+00,5.538458347320556641e+00,9.981390953063964844e+00,4.929466247558593750e+00
4.193717956542968750e+00,2.672025680541992188e+00,-2.521439313888549805e+00,4.624002456665039062e+00,1.302837729454040527e+00,6.653970241546630859e+00,4.274415016174316406e+00,5.463299274444580078e+00,9.913038253784179688e+00,3.997401952743530273e+00
4.197366237640380859e+00,2.454091072082519531e+00,-2.093324661254882812e+00,4.991780281066894531e+00,2.340572118759155273e+00,6.806915760040283203e+00,4.708314418792724609e+00,5.496853828430175781e+00,9.886602401733398438e+00,4.453401565551757812e+00
4.670356273651123047e+00,4.201635360717773438e+00,-1.528386831283569336e+00,7.105381488800048828e+00,4.291274070739746094e+00,7.600430965423583984e+00,7.489745616912841797e+00,5.553161621093750000e+00,1.064184951782226562e+01,5.273364543914794922e+00
4.602652549743652344e+00,4.136913299560546875e+00,-1.526302099227905273e+00,7.104893684387207031e+00,4.262730598449707031e+00,7.698770523071289062e+00,7.510398387908935547e+00,5.495595455169677734e+00,1.058236122131347656e+01,5.308107376098632812e+00
4.760807991027832031e+00,4.040106296539306641e+00,-1.378391504287719727e+00,7.118153095245361328e+00,4.306104660034179688e+00,7.739094257354736328e+00,7.425234317779541016e+00,5.695358276367187500e+00,1.071284103393554688e+01,5.364499568939208984e+00
4.729900360107421875e+00,3.945359706878662109e+00,-1.444895386695861816e+00,7.175603866577148438e+00,4.216644287109375000e+00,7.894093990325927734e+00,7.523549079895019531e+00,5.626062870025634766e+00,1.055615997314453125e+01,5.439346790313720703e+00
4.747296810150146484e+00,4.065535545349121094e+00,-1.448283195495605469e+00,7.119744777679443359e+00,4.297671318054199219e+00,7.881458282470703125e+00,7.481118679046630859e+00,5.630425930023193359e+00,1.066170883178710938e+01,5.380666255950927734e+00
4.689757823944091797e+00,4.057402610778808594e+00,-1.572650671005249023e+00,7.177135467529296875e+00,4.200575828552246094e+00,7.747642993927001953e+00,7.629343509674072266e+00,5.586635112762451172e+00,1.050878524780273438e+01,5.388646602630615234e+00
4.727275371551513672e+00,4.056059837341308594e+00,-1.443854093551635742e+00,7.083042621612548828e+00,4.303297042846679688e+00,7.831406593322753906e+00,7.412549495697021484e+00,5.690762042999267578e+00,1.072143363952636719e+01,5.401262283325195312e+00
4.774446964263916016e+00,3.950918436050415039e+00,-1.284848213195800781e+00,7.110636711120605469e+00,4.359285354614257812e+00,7.951436996459960938e+00,7.302889347076416016e+00,5.755049705505371094e+00,1.074420166015625000e+01,5.465924739837646484e+00
4.716758728027343750e+00,4.164115428924560547e+00,-1.414635181427001953e+00,7.177874565124511719e+00,4.290100097656250000e+00,7.734215736389160156e+00,7.593804359436035156e+00,5.532986640930175781e+00,1.046298408508300781e+01,5.322805404663085938e+00
4.777841567993164062e+00,3.916246175765991211e+00,-1.446210861206054688e+00,7.175955772399902344e+00,4.215692520141601562e+00,7.855587005615234375e+00,7.510344028472900391e+00,5.661799430847167969e+00,1.053127479553222656e+01,5.481071949005126953e+00
4.474995136260986328e+00,4.576545715332031250e+00,-1.710580348968505859e+00,6.877934455871582031e+00,4.528921127319335938e+00,6.769845962524414062e+00,7.357705593109130859e+00,5.450955867767333984e+00,1.074822998046875000e+01,4.840194225311279297e+00
4.568032741546630859e+00,4.372743606567382812e+00,-1.804718494415283203e+00,7.182593822479248047e+00,4.237588882446289062e+00,6.895047187805175781e+00,7.945131778717041016e+00,5.302831649780273438e+00,1.017554855346679688e+01,4.776516437530517578e+00
4.545498847961425781e+00,4.397910594940185547e+00,-1.809973478317260742e+00,7.158570766448974609e+00,4.280744552612304688e+00,6.987281322479248047e+00,7.876338958740234375e+00,5.299705028533935547e+00,1.021145820617675781e+01,4.822462558746337891e+00
4.435059070587158203e+00,4.617500305175781250e+00,-2.031203269958496094e+00,7.358044147491455078e+00,4.068199157714843750e+00,7.020928859710693359e+00,8.257674217224121094e+00,4.935975551605224609e+00,1.001251125335693359e+01,4.870169639587402344e+00
4.853205204010009766e+00,4.067933082580566406e+00,-1.063573837280273438e+00,7.259243011474609375e+00,4.217969894409179688e+00,6.881814002990722656e+00,8.009994506835937500e+00,5.685960292816162109e+00,1.004227828979492188e+01,4.827819824218750000e+00
4.439942836761474609e+00,4.552888870239257812e+00,-2.043892860412597656e+00,7.136137008666992188e+00,4.260048389434814453e+00,6.998239994049072266e+00,7.826145648956298828e+00,5.093597412109375000e+00,1.023353672027587891e+01,4.919455528259277344e+00
4.455709457397460938e+00,4.573313713073730469e+00,-2.037100553512573242e+00,7.136359691619873047e+00,4.241222381591796875e+00,7.268678188323974609e+00,7.897195339202880859e+00,5.151228904724121094e+00,1.029311943054199219e+01,4.990710735321044922e+00
4.462314128875732422e+00,4.583721160888671875e+00,-2.153239965438842773e+00,7.298289299011230469e+00,4.108205795288085938e+00,6.970173358917236328e+00,8.217447280883789062e+00,5.100624084472656250e+00,1.008773040771484375e+01,4.898176670074462891e+00
4.448883056640625000e+00,4.547636032104492188e+00,-2.085395812988281250e+00,7.237602710723876953e+00,4.193536758422851562e+00,7.024271965026855469e+00,7.969638347625732422e+00,5.012783527374267578e+00,1.010630416870117188e+01,4.917906284332275391e+00
4.589368820190429688e+00,4.382065773010253906e+00,-1.824027299880981445e+00,7.378114223480224609e+00,4.117603302001953125e+00,6.719398021697998047e+00,8.219105720520019531e+00,5.185592174530029297e+00,9.939994812011718750e+00,4.808326244354248047e+00
3.766108512878417969e+00,4.719264030456542969e+00,-2.798632621765136719e+00,7.001532077789306641e+00,4.142904281616210938e+00,6.641919612884521484e+00,7.542917251586914062e+00,4.394954681396484375e+00,1.017130756378173828e+01,4.969217300415039062e+00
3.821869850158691406e+00,4.728829383850097656e+00,-2.701711416244506836e+00,6.952951431274414062e+00,4.173810005187988281e+00,6.673219203948974609e+00,7.548112392425537109e+00,4.516470432281494141e+00,1.027384662628173828e+01,4.964626312255859375e+00
4.306510925292968750e+00,4.736063003540039062e+00,-2.355904817581176758e+00,6.947743892669677734e+00,4.261367797851562500e+00,6.749897956848144531e+00,7.552103996276855469e+00,5.171037197113037109e+00,1.073764991760253906e+01,5.067286968231201172e+00
4.357934474945068359e+00,4.774983406066894531e+00,-2.341199159622192383e+00,6.851628780364990234e+00,4.368792533874511719e+00,6.875270843505859375e+00,7.392443656921386719e+00,5.210103511810302734e+00,1.085768318176269531e+01,5.081006050109863281e+00
4.121792316436767578e+00,4.707856178283691406e+00,-2.585616827011108398e+00,6.919407844543457031e+00,4.276611328125000000e+00,6.729987621307373047e+00,7.432049274444580078e+00,4.853181362152099609e+00,1.046662139892578125e+01,5.038286209106445312e+00
4.200419425964355469e+00,4.762926101684570312e+00,-2.513731718063354492e+00,6.890707492828369141e+00,4.279650688171386719e+00,7.016377449035644531e+00,7.588701248168945312e+00,5.010629653930664062e+00,1.078236007690429688e+01,5.072349071502685547e+00
4.399204254150390625e+00,4.689092159271240234e+00,-2.378149509429931641e+00,6.977268695831298828e+00,4.255183219909667969e+00,7.000559806823730469e+00,7.623998165130615234e+00,5.203613281250000000e+00,1.073213577270507812e+01,5.130714416503906250e+00
4.104479312896728516e+00,4.743930816650390625e+00,-2.529226779937744141e+00,6.863160610198974609e+00,4.287606239318847656e+00,6.995597362518310547e+00,7.551879405975341797e+00,4.892725944519042969e+00,1.067259407043457031e+01,5.044012546539306641e+00
4.438999176025390625e+00,4.878027915954589844e+00,-2.022779703140258789e+00,6.794064044952392578e+00,4.324722290039062500e+00,6.856103897094726562e+00,7.262482166290283203e+00,5.582712650299072266e+00,1.131045341491699219e+01,5.210290431976318359e+00
4.541708469390869141e+00,4.752525329589843750e+00,-1.983747005462646484e+00,6.827429294586181641e+00,4.338643074035644531e+00,7.154133319854736328e+00,7.313795089721679688e+00,5.536396026611328125e+00,1.123405075073242188e+01,5.247318267822265625e+00
4.703257560729980469e+00,3.224931716918945312e+00,-1.226051568984985352e+00,5.819273948669433594e+00,1.511178731918334961e+00,9.111014366149902344e+00,4.496508121490478516e+00,7.291317462921142578e+00,1.080017089843750000e+01,5.232586860656738281e+00
4.675316333770751953e+00,2.895596742630004883e+00,-1.724648475646972656e+00,4.901919364929199219e+00,1.236692190170288086e+00,8.723143577575683594e+00,3.143661737442016602e+00,6.575077533721923828e+00,9.747462272644042969e+00,4.192317485809326172e+00
4.997119903564453125e+00,3.162949085235595703e+00,-1.379194259643554688e+00,5.808394908905029297e+00,1.206427812576293945e+00,9.721260070800781250e+00,4.337257862091064453e+00,7.665093421936035156e+00,1.089398193359375000e+01,4.947048664093017578e+00
4.855035781860351562e+00,3.014113903045654297e+00,-1.411400556564331055e+00,5.650038242340087891e+00,1.181563854217529297e+00,8.643609046936035156e+00,3.838288784027099609e+00,6.395520210266113281e+00,1.061966514587402344e+01,4.984215736389160156e+00
5.120056152343750000e+00,3.262491464614868164e+00,-1.269353032112121582e+00,5.390692234039306641e+00,8.573452234268188477e-01,9.199295997619628906e+00,3.885085821151733398e+00,7.475750446319580078e+00,1.037963294982910156e+01,4.324598312377929688e+00
5.219144344329833984e+00,3.108711004257202148e+00,-1.105580687522888184e+00,5.627412319183349609e+00,7.560831308364868164e-01,9.659807205200195312e+00,4.213282108306884766e+00,7.650888919830322266e+00,1.063288307189941406e+01,4.435627937316894531e+00
4.914725780487060547e+00,2.988768815994262695e+00,-1.402332067489624023e+00,5.760827541351318359e+00,1.081231355667114258e+00,8.824992179870605469e+00,3.898124694824218750e+00,6.892825126647949219e+00,1.096806716918945312e+01,4.788717269897460938e+00
5.101925373077392578e+00,3.060126304626464844e+00,-1.222738623619079590e+00,5.691353321075439453e+00,7.586470842361450195e-01,9.622437477111816406e+00,4.105304718017578125e+00,7.594391822814941406e+00,1.066803359985351562e+01,4.515445709228515625e+00
5.105745315551757812e+00,2.692115783691406250e+00,-1.568753480911254883e+00,5.507099151611328125e+00,5.027598142623901367e-01,9.280674934387207031e+00,3.879137516021728516e+00,7.307433605194091797e+00,1.050351524353027344e+01,4.365751266479492188e+00
4.764551639556884766e+00,3.015402793884277344e+00,-1.378436326980590820e+00,5.245296478271484375e+00,9.186842441558837891e-01,9.381840705871582031e+00,3.849646568298339844e+00,7.115993976593017578e+00,1.010649776458740234e+01,4.145138263702392578e+00
4.160871505737304688e+00,3.361216545104980469e+00,-2.459780216217041016e+00,5.849527835845947266e+00,1.494587421417236328e+00,6.974606037139892578e+00,6.123498916625976562e+00,5.859666347503662109e+00,1.056171226501464844e+01,4.617369174957275391e+00
4.460821628570556641e+00,3.846513271331787109e+00,-1.568296909332275391e+00,5.764215469360351562e+00,2.182572364807128906e+00,7.683898925781250000e+00,5.825043201446533203e+00,6.992321491241455078e+00,1.158677291870117188e+01,4.785133361816406250e+00
3.990909576416015625e+00,2.865434408187866211e+00,-2.003605365753173828e+00,5.537390232086181641e+00,2.021030426025390625e+00,7.361830711364746094e+00,5.754521846771240234e+00,5.960159301757812500e+00,1.042332458496093750e+01,4.623013019561767578e+00
3.896157264709472656e+00,2.831804752349853516e+00,-2.463098526000976562e+00,5.363311767578125000e+00,1.780902624130249023e+00,7.317934989929199219e+00,5.800927162170410156e+00,5.551739215850830078e+00,1.017559242248535156e+01,4.355655670166015625e+00
4.148998737335205078e+00,2.794994115829467773e+00,-2.724629640579223633e+00,5.384935379028320312e+00,1.102275609970092773e+00,7.017488956451416016e+00,5.667149543762207031e+00,5.104573249816894531e+00,9.946437835693359375e+00,4.140987396240234375e+00
4.687301635742187500e+00,2.552453517913818359e+00,-1.997601747512817383e+00,5.409925460815429688e+00,1.906062245368957520e+00,6.791652202606201172e+00,5.314699172973632812e+00,5.520380496978759766e+00,1.035838985443115234e+01,4.628877639770507812e+00
4.031065464019775391e+00,3.052283525466918945e+00,-2.904881238937377930e+00,5.818914890289306641e+00,1.754124283790588379e+00,7.113356113433837891e+00,6.250217437744140625e+00,5.019246578216552734e+00,9.922710418701171875e+00,4.289185047149658203e+00
3.861201763153076172e+00,2.826175451278686523e+00,-2.306748390197753906e+00,5.452171325683593750e+00,2.160482406616210938e+00,7.264700412750244141e+00,5.881737709045410156e+00,5.487102508544921875e+00,1.017274951934814453e+01,4.424071311950683594e+00
4.087638378143310547e+00,2.569201231002807617e+00,-1.705821275711059570e+00,4.467406272888183594e+00,1.760754942893981934e+00,6.656276226043701172e+00,3.943390130996704102e+00,5.744359016418457031e+00,9.899016380310058594e+00,4.600542545318603516e+00
3.927541732788085938e+00,2.816136360168457031e+00,-2.389767646789550781e+00,5.510240077972412109e+00,1.912272810935974121e+00,7.145896911621093750e+00,5.815097808837890625e+00,5.470587730407714844e+00,1.016421508789062500e+01,4.408449649810791016e+00
4.635653972625732422e+00,3.675186872482299805e+00,-2.166473150253295898e+00,6.785036087036132812e+00,3.965203762054443359e+00,7.652425289154052734e+00,7.521830558776855469e+00,5.702976226806640625e+00,1.026716613769531250e+01,5.206965446472167969e+00
4.645025730133056641e+00,2.685612201690673828e+00,-1.397468090057373047e+00,6.039109230041503906e+00,3.547260999679565430e+00,7.085428714752197266e+00,6.306742191314697266e+00,6.602886676788330078e+00,1.037836074829101562e+01,5.322116374969482422e+00
4.690142154693603516e+00,3.608151674270629883e+00,-2.131086826324462891e+00,6.945947647094726562e+00,3.997047424316406250e+00,7.503324508666992188e+00,7.688044071197509766e+00,5.208174705505371094e+00,1.001395797729492188e+01,4.857911586761474609e+00
4.736195564270019531e+00,2.848536968231201172e+00,-1.682566165924072266e+00,6.616140365600585938e+00,3.998210668563842773e+00,7.237410068511962891e+00,6.881803989410400391e+00,6.198577880859375000e+00,1.027775382995605469e+01,5.491529941558837891e+00
4.646506309509277344e+00,3.254891633987426758e+00,-2.193329811096191406e+00,6.594594955444335938e+00,3.614741802215576172e+00,7.446741104125976562e+00,7.280642986297607422e+00,5.309736728668212891e+00,9.958393096923828125e+00,4.749501705169677734e+00
4.557895660400390625e+00,3.216015815734863281e+00,-1.435717821121215820e+00,5.968342304229736328e+00,3.663537502288818359e+00,7.028666973114013672e+00,6.364528179168701172e+00,7.274034976959228516e+00,1.071202659606933594e+01,5.273177623748779297e+00
4.602774143218994141e+00,3.087157011032104492e+00,-2.470804452896118164e+00,5.974097728729248047e+00,2.516417026519775391e+00,7.175656795501708984e+00,6.495398998260498047e+00,5.069645404815673828e+00,9.793472290039062500e+00,4.605728149414062500e+00
4.498584747314453125e+00,3.528079509735107422e+00,-1.471570968627929688e+00,5.542131900787353516e+00,3.196256875991821289e+00,7.108524322509765625e+00,6.204930782318115234e+00,7.979326248168945312e+00,1.086197090148925781e+01,4.883016586303710938e+00
4.483312129974365234e+00,3.508241891860961914e+00,-2.493400096893310547e+00,6.641616821289062500e+00,3.422520399093627930e+00,7.428477287292480469e+00,7.239984989166259766e+00,5.036866188049316406e+00,9.957773208618164062e+00,4.984539985656738281e+00
4.775773525238037109e+00,2.570204257965087891e+00,-1.669787883758544922e+00,5.983564376831054688e+00,3.295339107513427734e+00,7.277151107788085938e+00,6.625024795532226562e+00,5.744467258453369141e+00,9.915463447570800781e+00,5.200759410858154297e+00
4.340073585510253906e+00,2.831331491470336914e+00,-2.132834196090698242e+00,5.561664104461669922e+00,1.769287347793579102e+00,7.377249717712402344e+00,5.261281490325927734e+00,5.871325492858886719e+00,1.043911933898925781e+01,4.761212825775146484e+00
4.478554248809814453e+00,3.252173662185668945e+00,-2.619834661483764648e+00,5.552198410034179688e+00,8.956680297851562500e-01,6.604451179504394531e+00,5.326425075531005859e+00,5.481195449829101562e+00,1.020971488952636719e+01,4.210390567779541016e+00
4.818689823150634766e+00,2.883290052413940430e+00,-2.526633024215698242e+00,5.297842502593994141e+00,6.423565149307250977e-01,6.437431335449218750e+00,5.237929344177246094e+00,5.100684165954589844e+00,9.725262641906738281e+00,4.038412570953369141e+00
4.623364925384521484e+00,3.344071388244628906e+00,-2.139966964721679688e+00,5.152317523956298828e+00,7.946589589118957520e-01,6.708265781402587891e+00,4.885942935943603516e+00,6.202957153320312500e+00,1.070824432373046875e+01,4.069372653961181641e+00
4.788014888763427734e+00,2.871478557586669922e+00,-2.569424867630004883e+00,5.239080905914306641e+00,5.788176059722900391e-01,6.566881179809570312e+00,5.341623306274414062e+00,5.007138252258300781e+00,9.630649566650390625e+00,4.052354812622070312e+00
4.113055229187011719e+00,2.501190662384033203e+00,-2.631810188293457031e+00,4.640896797180175781e+00,9.549630284309387207e-01,7.224203109741210938e+00,4.500103473663330078e+00,4.810063838958740234e+00,9.456480026245117188e+00,4.020870685577392578e+00
4.705702781677246094e+00,2.778988838195800781e+00,-2.620438575744628906e+00,5.208704948425292969e+00,6.916874647140502930e-01,6.534388542175292969e+00,5.191082000732421875e+00,4.840377807617187500e+00,9.622301101684570312e+00,4.016331672668457031e+00
4.972129344940185547e+00,3.594367265701293945e+00,-2.165471076965332031e+00,5.384704113006591797e+00,5.826376676559448242e-01,6.272692680358886719e+00,4.682124137878417969e+00,6.128911018371582031e+00,1.092820739746093750e+01,4.117597103118896484e+00
4.158738613128662109e+00,2.474036693572998047e+00,-2.659609079360961914e+00,4.413875579833984375e+00,9.095677137374877930e-01,7.162159442901611328e+00,3.936661958694458008e+00,4.767391681671142578e+00,9.653640747070312500e+00,3.893641471862792969e+00
4.114137172698974609e+00,2.195405483245849609e+00,-2.352115154266357422e+00,4.401010513305664062e+00,1.526887059211730957e+00,7.623012065887451172e+00,3.265343666076660156e+00,4.888250350952148438e+00,9.921789169311523438e+00,4.319874763488769531e+00
4.284604072570800781e+00,4.547938823699951172e+00,-1.935708522796630859e+00,7.029808998107910156e+00,4.004536628723144531e+00,6.945807933807373047e+00,7.654173851013183594e+00,5.150273323059082031e+00,1.041139602661132812e+01,5.109070777893066406e+00
4.581218242645263672e+00,4.041193485260009766e+00,-1.823727369308471680e+00,7.378522872924804688e+00,4.111085891723632812e+00,6.803448200225830078e+00,7.655591011047363281e+00,5.358200550079345703e+00,1.058665275573730469e+01,5.637413501739501953e+00
4.640313625335693359e+00,3.671660184860229492e+00,-1.568299055099487305e+00,7.292218685150146484e+00,4.204033851623535156e+00,7.185069561004638672e+00,7.606525421142578125e+00,5.493394851684570312e+00,1.038305854797363281e+01,5.488836765289306641e+00
4.278946399688720703e+00,5.008829116821289062e+00,-2.572148799896240234e+00,7.755485534667968750e+00,4.097374916076660156e+00,7.173360824584960938e+00,8.398290634155273438e+00,4.523119926452636719e+00,1.009245109558105469e+01,5.227910518646240234e+00
4.353574752807617188e+00,4.766980648040771484e+00,-2.420977354049682617e+00,7.691377639770507812e+00,3.985045909881591797e+00,6.715417861938476562e+00,8.134665489196777344e+00,4.721163272857666016e+00,1.010512733459472656e+01,5.302137374877929688e+00
4.947099208831787109e+00,4.182307243347167969e+00,-1.495261073112487793e+00,7.326090812683105469e+00,3.913114070892333984e+00,6.656285285949707031e+00,7.191761970520019531e+00,5.745613574981689453e+00,1.131945037841796875e+01,6.018058300018310547e+00
4.490879535675048828e+00,4.421424865722656250e+00,-2.285754919052124023e+00,7.687177181243896484e+00,4.161954879760742188e+00,6.962090015411376953e+00,8.032925605773925781e+00,4.950630187988281250e+00,1.016592121124267578e+01,5.490382671356201172e+00
4.825104236602783203e+00,4.275552749633789062e+00,-1.582181215286254883e+00,7.183457851409912109e+00,4.258904933929443359e+00,6.569903850555419922e+00,7.118772506713867188e+00,5.699937343597412109e+00,1.173586082458496094e+01,6.098659038543701172e+00
5.499159336090087891e+00,3.707953214645385742e+00,-7.426857352256774902e-01,6.557583808898925781e+00,3.224874734878540039e+00,5.899978160858154297e+00,5.666464805603027344e+00,5.710456848144531250e+00,1.170089912414550781e+01,6.308236598968505859e+00
4.465829372406005859e+00,3.575142860412597656e+00,-2.066941261291503906e+00,7.335988998413085938e+00,4.072695732116699219e+00,6.970286369323730469e+00,7.507173061370849609e+00,5.415120601654052734e+00,1.047145462036132812e+01,5.699927806854248047e+00
4.538051605224609375e+00,3.513103246688842773e+00,-1.779884576797485352e+00,5.531456470489501953e+00,1.475527644157409668e+00,7.115284442901611328e+00,5.335877418518066406e+00,6.884600639343261719e+00,1.116020774841308594e+01,4.603670120239257812e+00
4.162918567657470703e+00,3.247593164443969727e+00,-2.000966310501098633e+00,5.922825813293457031e+00,2.236305236816406250e+00,7.472306728363037109e+00,6.063651084899902344e+00,6.019240379333496094e+00,1.068093872070312500e+01,4.884175777435302734e+00
4.549521923065185547e+00,3.258728027343750000e+00,-1.996504545211791992e+00,5.218040466308593750e+00,1.423689365386962891e+00,7.199584007263183594e+00,4.531461715698242188e+00,6.427457809448242188e+00,1.095345497131347656e+01,4.224741458892822266e+00
4.284570693969726562e+00,2.536803007125854492e+00,-2.015794038772583008e+00,5.649556636810302734e+00,2.661900758743286133e+00,7.457343101501464844e+00,5.257539272308349609e+00,6.034777641296386719e+00,1.048683357238769531e+01,5.030477523803710938e+00
3.885770797729492188e+00,2.839162826538085938e+00,-2.250120878219604492e+00,5.377348423004150391e+00,1.577810168266296387e+00,7.486996650695800781e+00,5.784675121307373047e+00,5.525874614715576172e+00,1.020292854309082031e+01,4.340100288391113281e+00
3.966249465942382812e+00,2.882113695144653320e+00,-2.369922399520874023e+00,5.534837722778320312e+00,1.814609408378601074e+00,7.408609867095947266e+00,5.999783992767333984e+00,5.367174148559570312e+00,1.011230754852294922e+01,4.454540252685546875e+00
4.427860260009765625e+00,3.229738950729370117e+00,-2.449649095535278320e+00,5.211833953857421875e+00,7.243151664733886719e-01,6.683476448059082031e+00,4.918176174163818359e+00,6.069587230682373047e+00,1.059780120849609375e+01,4.090525627136230469e+00
4.107094287872314453e+00,2.611487865447998047e+00,-2.409998655319213867e+00,4.698493480682373047e+00,1.020835757255554199e+00,7.151632785797119141e+00,4.241116046905517578e+00,5.350203990936279297e+00,1.010366249084472656e+01,4.017498016357421875e+00
4.221045970916748047e+00,2.646985530853271484e+00,-2.226332664489746094e+00,5.400348186492919922e+00,1.939486861228942871e+00,7.158640861511230469e+00,5.085300445556640625e+00,5.863058090209960938e+00,1.036506462097167969e+01,4.641062259674072266e+00
4.542458057403564453e+00,2.825917959213256836e+00,-2.215912818908691406e+00,5.112560272216796875e+00,1.564390420913696289e+00,7.717327594757080078e+00,4.442943096160888672e+00,5.568868160247802734e+00,1.056875801086425781e+01,4.199601173400878906e+00
5.007974147796630859e+00,2.678531885147094727e+00,-1.525968551635742188e+00,6.716276645660400391e+00,3.924969911575317383e+00,7.775496482849121094e+00,6.821772575378417969e+00,5.471745491027832031e+00,1.016621875762939453e+01,5.630650997161865234e+00
4.597018241882324219e+00,2.894285202026367188e+00,-1.705898523330688477e+00,6.460528373718261719e+00,3.989964962005615234e+00,8.044672966003417969e+00,6.694836139678955078e+00,5.992025375366210938e+00,1.072759246826171875e+01,5.461777687072753906e+00
4.796643257141113281e+00,2.686864852905273438e+00,-1.674361467361450195e+00,6.371533870697021484e+00,3.448872566223144531e+00,7.733439445495605469e+00,6.618753433227539062e+00,5.493533134460449219e+00,1.012312507629394531e+01,5.529150009155273438e+00
5.067790031433105469e+00,2.543213844299316406e+00,-1.686650514602661133e+00,6.615363121032714844e+00,3.879405260086059570e+00,7.963985919952392578e+00,6.669322490692138672e+00,5.588050842285156250e+00,1.010281562805175781e+01,6.111596107482910156e+00
4.966255187988281250e+00,2.450878381729125977e+00,-1.627049922943115234e+00,6.503609180450439453e+00,3.770207405090332031e+00,7.849187850952148438e+00,6.545414447784423828e+00,5.568541049957275391e+00,1.006875038146972656e+01,6.094986438751220703e+00
4.949451923370361328e+00,2.526805162429809570e+00,-1.745839834213256836e+00,6.621654987335205078e+00,3.775146722793579102e+00,7.906773567199707031e+00,6.581494808197021484e+00,5.520010471343994141e+00,1.005184173583984375e+01,5.914623260498046875e+00
5.068758487701416016e+00,2.576248645782470703e+00,-1.836933374404907227e+00,6.734061241149902344e+00,3.978770017623901367e+00,8.072546958923339844e+00,6.875020980834960938e+00,5.541361808776855469e+00,1.011994743347167969e+01,6.098462104797363281e+00
4.843019962310791016e+00,2.418770790100097656e+00,-1.926516771316528320e+00,6.488018989562988281e+00,3.624607563018798828e+00,7.824196338653564453e+00,6.364362716674804688e+00,5.745546340942382812e+00,1.024646282196044922e+01,5.745158672332763672e+00
4.766149520874023438e+00,2.355344295501708984e+00,-1.385345697402954102e+00,6.226106166839599609e+00,3.782214164733886719e+00,7.753939628601074219e+00,6.142946720123291016e+00,5.937273025512695312e+00,1.012744235992431641e+01,6.188898086547851562e+00
4.825567245483398438e+00,2.365685224533081055e+00,-1.500412464141845703e+00,6.231240272521972656e+00,3.641879558563232422e+00,7.731427192687988281e+00,6.197183609008789062e+00,5.765697956085205078e+00,1.006592369079589844e+01,6.102477550506591797e+00
4.339591026306152344e+00,4.038082599639892578e+00,-1.441602468490600586e+00,6.856691360473632812e+00,4.101903915405273438e+00,7.705344200134277344e+00,7.415164947509765625e+00,5.668598175048828125e+00,1.086136245727539062e+01,5.195584774017333984e+00
4.293307781219482422e+00,3.715945482254028320e+00,-1.462286949157714844e+00,6.974774360656738281e+00,4.007364749908447266e+00,7.680422306060791016e+00,7.461938858032226562e+00,5.756140232086181641e+00,1.077746391296386719e+01,5.219109535217285156e+00
4.142812728881835938e+00,4.419308662414550781e+00,-1.817602396011352539e+00,6.742862701416015625e+00,3.904939651489257812e+00,7.463661193847656250e+00,7.598788738250732422e+00,5.362243175506591797e+00,1.078427124023437500e+01,5.026035785675048828e+00
4.223568439483642578e+00,3.825236797332763672e+00,-1.700292825698852539e+00,6.972446441650390625e+00,4.016797542572021484e+00,7.839917659759521484e+00,7.632047176361083984e+00,5.355096340179443359e+00,1.054910659790039062e+01,5.212475776672363281e+00
3.841664314270019531e+00,4.132961273193359375e+00,-1.970572233200073242e+00,6.884456157684326172e+00,3.787127256393432617e+00,7.697765350341796875e+00,7.738190650939941406e+00,4.733507633209228516e+00,1.033451843261718750e+01,4.956032752990722656e+00
3.893846035003662109e+00,4.014045715332031250e+00,-1.814297676086425781e+00,6.909798145294189453e+00,3.808159828186035156e+00,7.748175144195556641e+00,7.704319477081298828e+00,4.842973232269287109e+00,1.035403442382812500e+01,5.002009391784667969e+00
3.999291419982910156e+00,3.838515043258666992e+00,-1.759851932525634766e+00,6.900025367736816406e+00,3.785223007202148438e+00,7.902343750000000000e+00,7.510050296783447266e+00,4.820140838623046875e+00,1.031676864624023438e+01,5.113937854766845703e+00
4.022137641906738281e+00,3.861473321914672852e+00,-1.676183938980102539e+00,6.950184822082519531e+00,3.893373727798461914e+00,7.834871768951416016e+00,7.599902629852294922e+00,4.998663425445556641e+00,1.034909057617187500e+01,5.100728511810302734e+00
3.959743976593017578e+00,3.894472360610961914e+00,-1.673878431320190430e+00,6.890136718750000000e+00,3.852035045623779297e+00,7.788416862487792969e+00,7.605255126953125000e+00,4.958360671997070312e+00,1.036501121520996094e+01,5.018797874450683594e+00
4.115309238433837891e+00,3.864408969879150391e+00,-1.603902578353881836e+00,6.957098007202148438e+00,3.899338722229003906e+00,7.880069732666015625e+00,7.548939704895019531e+00,4.981997489929199219e+00,1.027695369720458984e+01,5.099904537200927734e+00
3.953115463256835938e+00,4.498675346374511719e+00,-1.889668703079223633e+00,6.876153469085693359e+00,4.190791130065917969e+00,6.881463050842285156e+00,7.389262199401855469e+00,5.037896633148193359e+00,1.085252761840820312e+01,5.102121353149414062e+00
4.007965564727783203e+00,4.505729198455810547e+00,-1.887437820434570312e+00,6.946659088134765625e+00,4.199836730957031250e+00,6.805119514465332031e+00,7.469836711883544922e+00,5.010453701019287109e+00,1.072103691101074219e+01,5.105746269226074219e+00
4.113042831420898438e+00,4.397589683532714844e+00,-1.817724704742431641e+00,6.933464050292968750e+00,4.249032020568847656e+00,6.882232189178466797e+00,7.330481529235839844e+00,5.290912151336669922e+00,1.088270378112792969e+01,5.192518711090087891e+00
3.866133213043212891e+00,4.497057914733886719e+00,-2.082216024398803711e+00,6.902686119079589844e+00,4.067469596862792969e+00,7.037580966949462891e+00,7.581190586090087891e+00,4.783669471740722656e+00,1.059741592407226562e+01,5.047559261322021484e+00
3.945010185241699219e+00,4.294075489044189453e+00,-1.907560110092163086e+00,6.934639930725097656e+00,4.072249412536621094e+00,7.196991920471191406e+00,7.482759952545166016e+00,4.987754821777343750e+00,1.065676689147949219e+01,5.127943992614746094e+00
3.957441329956054688e+00,3.982362508773803711e+00,-1.808363437652587891e+00,6.913595676422119141e+00,4.077625274658203125e+00,7.499431610107421875e+00,7.272748947143554688e+00,5.249928474426269531e+00,1.086399078369140625e+01,5.218698024749755859e+00
3.907051563262939453e+00,4.251052856445312500e+00,-1.735916137695312500e+00,6.884638309478759766e+00,3.910492420196533203e+00,7.351626396179199219e+00,7.449616909027099609e+00,4.719602584838867188e+00,1.058847808837890625e+01,5.075952529907226562e+00
4.111299037933349609e+00,4.151264667510986328e+00,-1.785968542098999023e+00,6.993422985076904297e+00,4.131318569183349609e+00,7.444401264190673828e+00,7.367094993591308594e+00,5.189603328704833984e+00,1.074125862121582031e+01,5.220093727111816406e+00
3.822769165039062500e+00,4.013741016387939453e+00,-2.078263759613037109e+00,6.987995624542236328e+00,3.871374368667602539e+00,7.563322067260742188e+00,7.589956760406494141e+00,4.687353610992431641e+00,1.029719924926757812e+01,5.190162181854248047e+00
3.998824119567871094e+00,4.032023906707763672e+00,-1.919326543807983398e+00,7.036426067352294922e+00,4.012019157409667969e+00,7.527362823486328125e+00,7.512406826019287109e+00,4.965093612670898438e+00,1.052860832214355469e+01,5.264332771301269531e+00
3.690327167510986328e+00,4.725557327270507812e+00,-2.120201110839843750e+00,6.782811164855957031e+00,3.796471357345581055e+00,7.324170112609863281e+00,7.566923141479492188e+00,4.383117675781250000e+00,1.058575820922851562e+01,4.815191745758056641e+00
4.063318729400634766e+00,4.652290344238281250e+00,-1.588175296783447266e+00,6.818822383880615234e+00,4.060020923614501953e+00,7.350790977478027344e+00,7.456152439117431641e+00,4.972378730773925781e+00,1.073913764953613281e+01,4.955593109130859375e+00
3.971812248229980469e+00,4.572733402252197266e+00,-1.769344568252563477e+00,6.884379863739013672e+00,4.002299785614013672e+00,7.360832214355468750e+00,7.597322463989257812e+00,4.759924888610839844e+00,1.052945899963378906e+01,4.936748504638671875e+00
4.043107509613037109e+00,4.583345413208007812e+00,-1.517908096313476562e+00,6.789347648620605469e+00,4.052285194396972656e+00,7.386252880096435547e+00,7.360753059387207031e+00,5.080260753631591797e+00,1.081157302856445312e+01,4.963183879852294922e+00
3.760423660278320312e+00,4.703858375549316406e+00,-2.162456035614013672e+00,6.858553409576416016e+00,3.838424444198608398e+00,7.371646404266357422e+00,7.672210216522216797e+00,4.364778041839599609e+00,1.041091537475585938e+01,4.824830055236816406e+00
4.318219661712646484e+00,4.549644470214843750e+00,-1.476980209350585938e+00,6.805527210235595703e+00,4.132138729095458984e+00,7.489988803863525391e+00,7.314257621765136719e+00,5.531504631042480469e+00,1.103453826904296875e+01,5.063455104827880859e+00
4.131776332855224609e+00,4.797437667846679688e+00,-1.766335964202880859e+00,6.794389724731445312e+00,3.990130901336669922e+00,7.349383354187011719e+00,7.445203781127929688e+00,5.196503162384033203e+00,1.089959144592285156e+01,4.935753822326660156e+00
4.119557857513427734e+00,4.636015415191650391e+00,-1.610086441040039062e+00,6.807722091674804688e+00,4.040613174438476562e+00,7.436765193939208984e+00,7.469645023345947266e+00,5.066920757293701172e+00,1.078744506835937500e+01,4.955463886260986328e+00
3.876567840576171875e+00,4.588014602661132812e+00,-2.029388427734375000e+00,6.872726440429687500e+00,3.864412069320678711e+00,7.404215812683105469e+00,7.690178394317626953e+00,4.658931255340576172e+00,1.043956756591796875e+01,4.882737159729003906e+00
3.571701526641845703e+00,4.633920669555664062e+00,-2.303930044174194336e+00,6.884498596191406250e+00,3.708064079284667969e+00,7.411930561065673828e+00,7.749998092651367188e+00,4.092987537384033203e+00,1.018410205841064453e+01,4.782096385955810547e+00
4.915268421173095703e+00,2.936920642852783203e+00,-1.423025131225585938e+00,4.710740089416503906e+00,2.065328121185302734e+00,6.398399353027343750e+00,4.581395626068115234e+00,6.478057861328125000e+00,1.136735343933105469e+01,4.342529296875000000e+00
4.116676807403564453e+00,3.050624608993530273e+00,-2.181214570999145508e+00,4.841858863830566406e+00,1.553671121597290039e+00,6.420863151550292969e+00,4.606273174285888672e+00,5.944389343261718750e+00,1.036533164978027344e+01,4.353285312652587891e+00
4.354330062866210938e+00,3.074299573898315430e+00,-2.522521495819091797e+00,5.232186794281005859e+00,1.381798505783081055e+00,6.369097709655761719e+00,5.177571296691894531e+00,5.478216171264648438e+00,1.023287391662597656e+01,4.098379611968994141e+00
4.023964405059814453e+00,2.597580909729003906e+00,-2.521798610687255859e+00,5.066277027130126953e+00,2.015799999237060547e+00,6.804493904113769531e+00,5.115335464477539062e+00,5.333404064178466797e+00,1.005202674865722656e+01,4.106720447540283203e+00
5.150874137878417969e+00,3.108197927474975586e+00,-1.578705310821533203e+00,5.528125286102294922e+00,2.085554599761962891e+00,7.199964523315429688e+00,4.923120975494384766e+00,6.525446891784667969e+00,1.170510864257812500e+01,4.742924690246582031e+00
4.245962142944335938e+00,2.473846673965454102e+00,-1.845838308334350586e+00,4.902317047119140625e+00,2.489742994308471680e+00,6.930977344512939453e+00,4.513092517852783203e+00,5.684556007385253906e+00,1.020585632324218750e+01,4.640684127807617188e+00
4.187508106231689453e+00,2.475238800048828125e+00,-2.188175916671752930e+00,5.095229625701904297e+00,2.501259326934814453e+00,7.000736236572265625e+00,4.977335453033447266e+00,5.449849605560302734e+00,1.011906433105468750e+01,4.400092601776123047e+00
4.301016330718994141e+00,2.523792028427124023e+00,-1.992756366729736328e+00,5.085150718688964844e+00,2.643528699874877930e+00,6.972702980041503906e+00,4.896322250366210938e+00,5.660994052886962891e+00,1.032396125793457031e+01,4.503387928009033203e+00
4.304382801055908203e+00,2.663670539855957031e+00,-2.333831310272216797e+00,5.112072467803955078e+00,2.118587970733642578e+00,6.703068733215332031e+00,5.077286720275878906e+00,5.599670886993408203e+00,1.029345607757568359e+01,4.362325668334960938e+00
4.327930450439453125e+00,2.114496946334838867e+00,-1.994024753570556641e+00,5.056591510772705078e+00,2.750253677368164062e+00,6.647430896759033203e+00,4.654265403747558594e+00,5.540462017059326172e+00,1.022891235351562500e+01,4.697885513305664062e+00
4.293516635894775391e+00,3.058758497238159180e+00,-2.132518291473388672e+00,4.777263641357421875e+00,1.460019350051879883e+00,7.026409626007080078e+00,4.652356624603271484e+00,6.264495849609375000e+00,1.068170928955078125e+01,4.088013172149658203e+00
3.925840377807617188e+00,2.353177070617675781e+00,-2.385871171951293945e+00,4.489888668060302734e+00,1.947918891906738281e+00,7.288942813873291016e+00,4.103855609893798828e+00,5.165372848510742188e+00,1.037442207336425781e+01,3.890232563018798828e+00
4.439855098724365234e+00,2.443955421447753906e+00,-2.312675952911376953e+00,4.244123935699462891e+00,1.263220310211181641e+00,7.090763568878173828e+00,3.362057447433471680e+00,5.177626609802246094e+00,1.056555557250976562e+01,3.683972358703613281e+00
4.182506084442138672e+00,2.565072536468505859e+00,-2.532154560089111328e+00,4.653189182281494141e+00,1.520389080047607422e+00,7.315490722656250000e+00,4.365584850311279297e+00,5.274593353271484375e+00,1.040382957458496094e+01,3.891578197479248047e+00
4.155546665191650391e+00,2.602967262268066406e+00,-2.528575420379638672e+00,4.659277915954589844e+00,1.825316429138183594e+00,7.364640712738037109e+00,4.545333385467529297e+00,4.939190387725830078e+00,1.026153755187988281e+01,3.923828125000000000e+00
4.158391952514648438e+00,2.229692459106445312e+00,-2.597962379455566406e+00,4.253312110900878906e+00,1.639688134193420410e+00,7.481684207916259766e+00,3.173526525497436523e+00,4.615714550018310547e+00,1.032213687896728516e+01,3.942150354385375977e+00
4.172787189483642578e+00,2.402865648269653320e+00,-2.429493427276611328e+00,4.384340286254882812e+00,1.405391812324523926e+00,7.473895072937011719e+00,3.720434665679931641e+00,5.193372726440429688e+00,1.029436588287353516e+01,3.899716138839721680e+00
4.183166980743408203e+00,2.143610477447509766e+00,-2.703102350234985352e+00,4.069780349731445312e+00,1.279420733451843262e+00,7.604354858398437500e+00,2.738964319229125977e+00,4.465991020202636719e+00,1.018618774414062500e+01,3.888970136642456055e+00
4.217112064361572266e+00,2.172201633453369141e+00,-2.729788064956665039e+00,4.082662105560302734e+00,1.477369070053100586e+00,7.539912700653076172e+00,2.738657951354980469e+00,4.408224582672119141e+00,1.028952026367187500e+01,3.857014894485473633e+00
4.322804450988769531e+00,2.611398935317993164e+00,-2.563818216323852539e+00,4.518627643585205078e+00,1.978704690933227539e+00,7.791975975036621094e+00,4.250905990600585938e+00,4.746013641357421875e+00,1.064390373229980469e+01,3.826650857925415039e+00
4.471924781799316406e+00,3.221343755722045898e+00,-2.097046375274658203e+00,5.127481460571289062e+00,3.228161334991455078e+00,7.862329483032226562e+00,5.246118545532226562e+00,5.310317039489746094e+00,1.142123413085937500e+01,4.027846336364746094e+00
4.678065776824951172e+00,3.330886363983154297e+00,-1.835420131683349609e+00,5.114433765411376953e+00,3.126491546630859375e+00,7.941502094268798828e+00,5.097791671752929688e+00,5.501904010772705078e+00,1.147006607055664062e+01,4.068888187408447266e+00
4.273763656616210938e+00,2.448479652404785156e+00,-2.319240808486938477e+00,4.879079818725585938e+00,2.711454153060913086e+00,7.990818023681640625e+00,4.760980606079101562e+00,5.202341079711914062e+00,1.068017387390136719e+01,4.191714763641357422e+00
4.061460494995117188e+00,2.478734731674194336e+00,-2.291195631027221680e+00,4.890906333923339844e+00,2.624284744262695312e+00,7.836148738861083984e+00,4.541637420654296875e+00,5.137289047241210938e+00,1.053543472290039062e+01,4.292427539825439453e+00
4.238325119018554688e+00,2.531942844390869141e+00,-2.020697593688964844e+00,5.236017704010009766e+00,2.526914834976196289e+00,7.203949928283691406e+00,5.047257423400878906e+00,5.558859348297119141e+00,1.027110671997070312e+01,4.688347339630126953e+00
4.212547302246093750e+00,2.402756690979003906e+00,-2.416302680969238281e+00,4.772469043731689453e+00,2.269498825073242188e+00,7.818181037902832031e+00,4.355882167816162109e+00,5.011222839355468750e+00,1.052733039855957031e+01,4.319270610809326172e+00
4.371988296508789062e+00,2.363260269165039062e+00,-1.916830301284790039e+00,5.058625698089599609e+00,2.290787696838378906e+00,6.947737693786621094e+00,4.859142303466796875e+00,5.705914974212646484e+00,1.028177642822265625e+01,4.499320507049560547e+00
4.297843933105468750e+00,2.415540218353271484e+00,-2.409657001495361328e+00,4.536315917968750000e+00,2.039569854736328125e+00,7.864069461822509766e+00,3.765223503112792969e+00,5.164484500885009766e+00,1.056619262695312500e+01,4.244535923004150391e+00
4.250493049621582031e+00,2.351971149444580078e+00,-2.449536800384521484e+00,4.759714603424072266e+00,2.235387802124023438e+00,7.528410911560058594e+00,4.377156257629394531e+00,4.875849723815917969e+00,1.038123512268066406e+01,4.282301902770996094e+00
3.945896148681640625e+00,2.298017978668212891e+00,-2.272183179855346680e+00,4.616150856018066406e+00,2.550893783569335938e+00,7.547397613525390625e+00,4.387606620788574219e+00,5.323437690734863281e+00,1.045787239074707031e+01,3.951792240142822266e+00
5.033416748046875000e+00,3.596230983734130859e+00,-1.582483053207397461e+00,5.919102668762207031e+00,3.137122154235839844e+00,7.199586868286132812e+00,6.261174678802490234e+00,5.782927036285400391e+00,1.064334297180175781e+01,4.087049961090087891e+00
4.959081649780273438e+00,3.594551563262939453e+00,-9.873674511909484863e-01,5.846152305603027344e+00,3.108335018157958984e+00,6.775418281555175781e+00,6.258470058441162109e+00,5.789331436157226562e+00,1.042260169982910156e+01,3.821980476379394531e+00
5.183695316314697266e+00,3.406399726867675781e+00,-1.049130320549011230e+00,5.829510688781738281e+00,3.119549036026000977e+00,6.918957710266113281e+00,6.206412792205810547e+00,5.754406929016113281e+00,1.042227554321289062e+01,3.864465951919555664e+00
4.980521678924560547e+00,3.673570156097412109e+00,-1.896786928176879883e+00,5.971067428588867188e+00,2.959796905517578125e+00,7.064492225646972656e+00,6.407275199890136719e+00,5.661300659179687500e+00,1.022595691680908203e+01,4.062735080718994141e+00
5.021262168884277344e+00,3.484486341476440430e+00,-1.568796157836914062e+00,6.081487655639648438e+00,3.550757408142089844e+00,7.340134143829345703e+00,6.713412761688232422e+00,5.650477886199951172e+00,1.048598670959472656e+01,4.304225444793701172e+00
4.948030948638916016e+00,3.242836236953735352e+00,-1.374985694885253906e+00,6.386816978454589844e+00,3.744695425033569336e+00,7.080710887908935547e+00,7.155946731567382812e+00,5.384074211120605469e+00,1.009425926208496094e+01,4.233464241027832031e+00
5.158072471618652344e+00,3.136164426803588867e+00,-1.326022267341613770e+00,5.659791469573974609e+00,3.020816802978515625e+00,7.100762844085693359e+00,6.064480304718017578e+00,5.467002391815185547e+00,1.035525226593017578e+01,3.816030979156494141e+00
5.086041927337646484e+00,3.366386413574218750e+00,-1.779303789138793945e+00,5.297350883483886719e+00,2.472826480865478516e+00,7.040514945983886719e+00,5.389410972595214844e+00,5.762708663940429688e+00,1.055755805969238281e+01,3.809360265731811523e+00
5.040383815765380859e+00,3.190147161483764648e+00,-1.965619087219238281e+00,5.242084980010986328e+00,2.235546588897705078e+00,7.288981914520263672e+00,5.469099998474121094e+00,5.623370170593261719e+00,1.040569877624511719e+01,3.872785806655883789e+00
5.020255565643310547e+00,3.162406682968139648e+00,-1.847614765167236328e+00,5.180482864379882812e+00,2.274194240570068359e+00,7.395835399627685547e+00,5.240054130554199219e+00,5.696469306945800781e+00,1.057369422912597656e+01,3.675927162170410156e+00
5.093309402465820312e+00,3.416747331619262695e+00,-1.454208612442016602e+00,6.309245109558105469e+00,3.740002870559692383e+00,7.356451034545898438e+00,7.066617965698242188e+00,5.775836467742919922e+00,1.027774620056152344e+01,4.726371765136718750e+00
5.180166244506835938e+00,3.017068386077880859e+00,-1.440475106239318848e+00,6.239504337310791016e+00,3.517292261123657227e+00,7.250598907470703125e+00,6.945302963256835938e+00,5.562340736389160156e+00,1.018701553344726562e+01,4.509541034698486328e+00
5.318127155303955078e+00,3.038017511367797852e+00,-1.394709587097167969e+00,5.659503936767578125e+00,2.803266525268554688e+00,7.208173751831054688e+00,6.176025867462158203e+00,5.726754665374755859e+00,1.026704025268554688e+01,4.278362751007080078e+00
5.077496051788330078e+00,3.304611921310424805e+00,-1.623761415481567383e+00,6.355706214904785156e+00,3.619563102722167969e+00,7.367017269134521484e+00,7.097299575805664062e+00,5.793547630310058594e+00,1.021855545043945312e+01,4.497366905212402344e+00
4.868547916412353516e+00,3.125215053558349609e+00,-1.648585796356201172e+00,6.628233432769775391e+00,3.679443359375000000e+00,7.276951313018798828e+00,7.292093753814697266e+00,6.290481090545654297e+00,1.007161712646484375e+01,4.875127792358398438e+00
4.948860645294189453e+00,3.008436918258666992e+00,-1.666042089462280273e+00,6.472716331481933594e+00,3.597918272018432617e+00,7.336152076721191406e+00,7.008796691894531250e+00,5.944358825683593750e+00,1.002371215820312500e+01,4.958152294158935547e+00
5.084212779998779297e+00,3.196398735046386719e+00,-1.740497350692749023e+00,5.770488739013671875e+00,3.174436092376708984e+00,7.477741718292236328e+00,6.331268787384033203e+00,5.608539581298828125e+00,1.031469058990478516e+01,4.292500495910644531e+00
5.151726245880126953e+00,2.972014427185058594e+00,-1.530578136444091797e+00,5.874296665191650391e+00,3.261034011840820312e+00,7.248166084289550781e+00,6.545310497283935547e+00,5.621978282928466797e+00,1.020207023620605469e+01,4.424565792083740234e+00
5.318892002105712891e+00,2.721508026123046875e+00,-8.946745395660400391e-01,5.624646663665771484e+00,2.822785139083862305e+00,6.965687751770019531e+00,5.861800193786621094e+00,5.892135143280029297e+00,1.007697010040283203e+01,4.769671440124511719e+00
4.765284061431884766e+00,2.431179523468017578e+00,-1.486898660659790039e+00,5.953766822814941406e+00,3.247908830642700195e+00,7.613094329833984375e+00,6.248797416687011719e+00,5.873756408691406250e+00,9.986321449279785156e+00,5.364610671997070312e+00
5.030250072479248047e+00,3.391323089599609375e+00,-1.727345943450927734e+00,6.312078475952148438e+00,3.163462638854980469e+00,7.209344387054443359e+00,7.024100780487060547e+00,5.352245807647705078e+00,1.006508922576904297e+01,4.584683418273925781e+00
5.114442825317382812e+00,3.164001941680908203e+00,-1.638444185256958008e+00,6.201549053192138672e+00,3.644002437591552734e+00,7.406754493713378906e+00,6.769648075103759766e+00,5.333683013916015625e+00,1.025930976867675781e+01,4.372032165527343750e+00
4.929797649383544922e+00,3.178397893905639648e+00,-1.618309259414672852e+00,6.713312149047851562e+00,4.009329795837402344e+00,7.356613159179687500e+00,7.359771251678466797e+00,5.476242065429687500e+00,1.023408508300781250e+01,4.476247787475585938e+00
4.991114616394042969e+00,3.250825643539428711e+00,-1.472240567207336426e+00,6.891356945037841797e+00,4.067168235778808594e+00,7.234281063079833984e+00,7.552215576171875000e+00,5.685951709747314453e+00,1.015116310119628906e+01,4.644612312316894531e+00
4.878934383392333984e+00,3.222203254699707031e+00,-1.810658216476440430e+00,6.540191650390625000e+00,3.875622987747192383e+00,7.232340812683105469e+00,7.150978565216064453e+00,5.389122009277343750e+00,1.016365242004394531e+01,4.317809104919433594e+00
4.699206829071044922e+00,3.006481170654296875e+00,-2.415978670120239258e+00,5.485060214996337891e+00,1.477208375930786133e+00,6.934417247772216797e+00,5.883415699005126953e+00,4.997695922851562500e+00,9.673032760620117188e+00,4.231968402862548828e+00
4.912738323211669922e+00,3.198229312896728516e+00,-1.648410797119140625e+00,6.648777961730957031e+00,3.565964937210083008e+00,7.152579307556152344e+00,7.387404918670654297e+00,5.648154735565185547e+00,9.934595108032226562e+00,4.881574153900146484e+00
4.820292949676513672e+00,2.569858074188232422e+00,-2.321368932723999023e+00,5.541986465454101562e+00,1.506259560585021973e+00,6.817460536956787109e+00,5.649436473846435547e+00,4.965048789978027344e+00,9.663038253784179688e+00,4.062128067016601562e+00
4.828897476196289062e+00,2.611843347549438477e+00,-2.389288187026977539e+00,5.341437816619873047e+00,1.247118234634399414e+00,6.815065860748291016e+00,5.446429729461669922e+00,4.972640991210937500e+00,9.707304000854492188e+00,4.011990070343017578e+00
4.826925277709960938e+00,2.719880580902099609e+00,-2.204573869705200195e+00,5.961280822753906250e+00,2.998093605041503906e+00,7.409303188323974609e+00,6.100281238555908203e+00,5.090312957763671875e+00,9.999308586120605469e+00,4.680833816528320312e+00
4.610593318939208984e+00,2.961481809616088867e+00,-2.575884819030761719e+00,3.998812913894653320e+00,1.034016609191894531e+00,4.066732406616210938e+00,3.256361246109008789e+00,5.231335639953613281e+00,1.057879447937011719e+01,2.862443447113037109e+00
4.407802104949951172e+00,3.478516817092895508e+00,-1.580632448196411133e+00,5.246292114257812500e+00,1.330329418182373047e+00,6.344371795654296875e+00,5.692131996154785156e+00,6.334595680236816406e+00,1.092822265625000000e+01,4.203766822814941406e+00
4.444088935852050781e+00,3.289013624191284180e+00,-1.890130758285522461e+00,5.034376144409179688e+00,1.104820251464843750e+00,5.845258712768554688e+00,5.278658866882324219e+00,5.923615932464599609e+00,1.079237365722656250e+01,3.991019248962402344e+00
4.016970634460449219e+00,3.099501132965087891e+00,-2.340565919876098633e+00,4.796848297119140625e+00,1.107116699218750000e+00,6.971215724945068359e+00,4.843161106109619141e+00,5.586344242095947266e+00,1.024942016601562500e+01,3.790366172790527344e+00
4.525499820709228516e+00,3.269907236099243164e+00,-1.865873336791992188e+00,4.887443542480468750e+00,9.569455981254577637e-01,6.097236156463623047e+00,5.193221092224121094e+00,6.118050575256347656e+00,1.060046768188476562e+01,3.859756469726562500e+00
4.146334171295166016e+00,2.704820632934570312e+00,-2.213703870773315430e+00,5.084108829498291016e+00,2.274099826812744141e+00,8.100498199462890625e+00,5.176178932189941406e+00,5.428285598754882812e+00,1.034494590759277344e+01,4.320335865020751953e+00
4.434428215026855469e+00,2.655922651290893555e+00,-2.795790195465087891e+00,4.263320922851562500e+00,1.602460861206054688e+00,7.076561927795410156e+00,4.058281898498535156e+00,5.068117141723632812e+00,1.017400455474853516e+01,3.486951351165771484e+00
4.391766071319580078e+00,2.746969699859619141e+00,-2.187653541564941406e+00,4.881102561950683594e+00,2.213048934936523438e+00,7.835850238800048828e+00,5.101403236389160156e+00,5.181010246276855469e+00,1.051259040832519531e+01,4.022482872009277344e+00
4.656006336212158203e+00,2.789608240127563477e+00,-1.812771558761596680e+00,4.939360141754150391e+00,1.131918430328369141e+00,6.736567020416259766e+00,5.262365818023681641e+00,6.002024173736572266e+00,1.038003730773925781e+01,4.135313510894775391e+00
4.399509906768798828e+00,2.615656852722167969e+00,-2.301408767700195312e+00,5.110306739807128906e+00,8.675590157508850098e-01,6.548939704895019531e+00,5.085176467895507812e+00,5.282013893127441406e+00,9.804250717163085938e+00,3.896731615066528320e+00
4.187373161315917969e+00,3.442788362503051758e+00,-2.673985958099365234e+00,4.761771678924560547e+00,1.748502969741821289e+00,7.929368972778320312e+00,5.240488529205322266e+00,6.210948467254638672e+00,9.821918487548828125e+00,3.960108757019042969e+00
4.420606613159179688e+00,3.119993686676025391e+00,-2.777906179428100586e+00,4.927445888519287109e+00,1.092584371566772461e+00,7.528330326080322266e+00,5.221148014068603516e+00,5.492123126983642578e+00,9.671432495117187500e+00,3.906052350997924805e+00
4.186243057250976562e+00,3.245817661285400391e+00,-2.769924402236938477e+00,4.505397319793701172e+00,1.814715862274169922e+00,7.530396461486816406e+00,5.193204879760742188e+00,6.103653907775878906e+00,9.310373306274414062e+00,3.781579017639160156e+00
4.203393459320068359e+00,3.019713163375854492e+00,-2.743101119995117188e+00,4.733016490936279297e+00,1.268427610397338867e+00,7.665273666381835938e+00,5.098732471466064453e+00,5.639198303222656250e+00,9.714881896972656250e+00,3.810976028442382812e+00
4.047639369964599609e+00,3.620917797088623047e+00,-3.154689550399780273e+00,4.388493537902832031e+00,1.840068101882934570e+00,7.455707550048828125e+00,4.862269401550292969e+00,5.644085407257080078e+00,9.866073608398437500e+00,3.545892715454101562e+00
4.243244647979736328e+00,3.048628807067871094e+00,-3.048810482025146484e+00,4.853700637817382812e+00,1.093936681747436523e+00,7.370841026306152344e+00,5.050595283508300781e+00,5.277275562286376953e+00,9.611249923706054688e+00,3.759443044662475586e+00
4.150353431701660156e+00,3.281728267669677734e+00,-2.888473749160766602e+00,4.580666542053222656e+00,1.527510285377502441e+00,7.767127037048339844e+00,5.042579174041748047e+00,5.891918182373046875e+00,9.720335006713867188e+00,3.766452074050903320e+00
4.163290977478027344e+00,3.254451274871826172e+00,-3.045960187911987305e+00,4.782500267028808594e+00,1.419215440750122070e+00,7.610286235809326172e+00,5.094074726104736328e+00,5.410492897033691406e+00,9.606518745422363281e+00,3.777377843856811523e+00
4.115865707397460938e+00,3.304833650588989258e+00,-3.206498384475708008e+00,4.649083614349365234e+00,1.463942527770996094e+00,7.386014461517333984e+00,4.956531047821044922e+00,5.410961151123046875e+00,9.869386672973632812e+00,3.646367073059082031e+00
4.059164524078369141e+00,3.128056287765502930e+00,-2.801927328109741211e+00,4.264515876770019531e+00,1.177919387817382812e+00,7.433943748474121094e+00,4.128833293914794922e+00,5.143615722656250000e+00,9.678208351135253906e+00,3.539338827133178711e+00
4.481943607330322266e+00,2.616884708404541016e+00,-2.137257814407348633e+00,4.876720428466796875e+00,2.165674209594726562e+00,6.719523429870605469e+00,4.770103931427001953e+00,5.147912025451660156e+00,1.027075958251953125e+01,4.097588539123535156e+00
4.775770664215087891e+00,2.750608444213867188e+00,-2.349164962768554688e+00,4.912895679473876953e+00,1.740495085716247559e+00,6.864721298217773438e+00,4.766196250915527344e+00,4.677906513214111328e+00,1.038864898681640625e+01,3.608342170715332031e+00
4.482368469238281250e+00,2.507847309112548828e+00,-2.217859745025634766e+00,5.182839870452880859e+00,2.128966808319091797e+00,6.988702297210693359e+00,5.141464233398437500e+00,5.194370746612548828e+00,1.006363773345947266e+01,4.283656597137451172e+00
4.435400009155273438e+00,2.511485338211059570e+00,-2.260251522064208984e+00,5.199979782104492188e+00,2.206487178802490234e+00,7.134983062744140625e+00,5.132993221282958984e+00,5.159829139709472656e+00,1.008239555358886719e+01,4.364591598510742188e+00
4.889863491058349609e+00,2.937365770339965820e+00,-2.169458866119384766e+00,4.707804679870605469e+00,2.472624778747558594e+00,7.451651096343994141e+00,4.433817863464355469e+00,4.669044971466064453e+00,1.081394004821777344e+01,3.644507646560668945e+00
4.648164272308349609e+00,2.133898735046386719e+00,-1.925145387649536133e+00,5.007375717163085938e+00,1.849021315574645996e+00,6.817200183868408203e+00,4.771301269531250000e+00,5.148916244506835938e+00,9.559301376342773438e+00,4.646549224853515625e+00
4.375071048736572266e+00,2.882437229156494141e+00,-2.302422285079956055e+00,4.863042831420898438e+00,9.911198616027832031e-01,6.627694129943847656e+00,4.515732288360595703e+00,5.213857650756835938e+00,1.004684448242187500e+01,3.912466764450073242e+00
4.394469261169433594e+00,2.429326534271240234e+00,-2.641337156295776367e+00,4.690618515014648438e+00,9.749210476875305176e-01,6.606131553649902344e+00,4.353556156158447266e+00,4.757864952087402344e+00,9.663709640502929688e+00,3.901654481887817383e+00
4.690692901611328125e+00,2.176739215850830078e+00,-2.110193252563476562e+00,4.870603561401367188e+00,2.256190299987792969e+00,7.000330448150634766e+00,4.608137607574462891e+00,5.038310527801513672e+00,9.891201972961425781e+00,4.408421516418457031e+00
4.486416339874267578e+00,2.222407341003417969e+00,-2.246990203857421875e+00,4.732936382293701172e+00,1.909541487693786621e+00,6.939003944396972656e+00,4.323367595672607422e+00,4.893126010894775391e+00,9.910297393798828125e+00,4.284523487091064453e+00
4.648237228393554688e+00,3.389906883239746094e+00,-1.518899440765380859e+00,6.159072875976562500e+00,2.396389007568359375e+00,9.071861267089843750e+00,5.376284122467041016e+00,7.094483852386474609e+00,1.136651611328125000e+01,5.294704914093017578e+00
4.676101684570312500e+00,2.595038175582885742e+00,-1.468162059783935547e+00,5.665020942687988281e+00,1.435419082641601562e+00,4.557547092437744141e+00,3.043970108032226562e+00,4.684669017791748047e+00,1.070654487609863281e+01,4.808637142181396484e+00
4.947168827056884766e+00,3.586512804031372070e+00,-1.546964645385742188e+00,6.117588520050048828e+00,2.373644113540649414e+00,7.941174030303955078e+00,5.672588825225830078e+00,6.829699516296386719e+00,1.158830833435058594e+01,4.939338684082031250e+00
4.682134628295898438e+00,2.503549575805664062e+00,-1.810400962829589844e+00,5.709218025207519531e+00,1.500942587852478027e+00,5.140324592590332031e+00,3.550229310989379883e+00,5.087643623352050781e+00,1.084844207763671875e+01,4.752156734466552734e+00
4.851231575012207031e+00,2.851488351821899414e+00,-1.667443752288818359e+00,5.991206645965576172e+00,1.478802323341369629e+00,5.737553596496582031e+00,4.491581916809082031e+00,5.640995025634765625e+00,1.108667564392089844e+01,4.520520210266113281e+00
4.939137458801269531e+00,2.977835893630981445e+00,-1.523358345031738281e+00,6.113038539886474609e+00,1.733112573623657227e+00,6.232871532440185547e+00,4.760650634765625000e+00,5.996689796447753906e+00,1.116790390014648438e+01,4.638798236846923828e+00
4.989135742187500000e+00,3.192962884902954102e+00,-1.374875545501708984e+00,5.947039127349853516e+00,1.138590097427368164e+00,9.619863510131835938e+00,4.349407672882080078e+00,7.599503993988037109e+00,1.102478790283203125e+01,4.829124927520751953e+00
4.831386566162109375e+00,2.855191707611083984e+00,-1.589673757553100586e+00,5.878680706024169922e+00,1.285331130027770996e+00,8.556095123291015625e+00,3.916689634323120117e+00,6.457119464874267578e+00,1.096540641784667969e+01,4.960569858551025391e+00
5.141556739807128906e+00,2.971605777740478516e+00,-1.362715482711791992e+00,5.693556785583496094e+00,7.688014507293701172e-01,9.959145545959472656e+00,4.173676013946533203e+00,7.788975238800048828e+00,1.071988868713378906e+01,4.490589618682861328e+00
5.141204833984375000e+00,2.967981100082397461e+00,-1.201157093048095703e+00,5.673504352569580078e+00,7.212204337120056152e-01,9.916385650634765625e+00,4.252271652221679688e+00,7.855198383331298828e+00,1.069608879089355469e+01,4.463967800140380859e+00
5.116912364959716797e+00,3.483345270156860352e+00,-1.686465978622436523e+00,5.214067459106445312e+00,2.954289197921752930e+00,7.303284645080566406e+00,5.530969619750976562e+00,5.452012538909912109e+00,1.069067764282226562e+01,3.682438850402832031e+00
4.916897773742675781e+00,2.966134309768676758e+00,-1.959828615188598633e+00,5.038339138031005859e+00,2.611213922500610352e+00,7.582898616790771484e+00,5.411466121673583984e+00,5.247010231018066406e+00,1.033360767364501953e+01,4.028338432312011719e+00
4.800492286682128906e+00,2.605002403259277344e+00,-2.083870887756347656e+00,5.206153869628906250e+00,2.365938186645507812e+00,7.375726222991943359e+00,5.563494682312011719e+00,5.135572433471679688e+00,9.911884307861328125e+00,4.279126644134521484e+00
4.808019638061523438e+00,2.967861890792846680e+00,-2.115747690200805664e+00,5.092511177062988281e+00,2.787820816040039062e+00,7.630456447601318359e+00,5.431105613708496094e+00,5.174681663513183594e+00,1.035325145721435547e+01,4.076231956481933594e+00
4.860836982727050781e+00,3.003389596939086914e+00,-2.063695192337036133e+00,4.831058979034423828e+00,2.292906761169433594e+00,7.362453460693359375e+00,5.170265197753906250e+00,5.475252151489257812e+00,1.030330657958984375e+01,3.749112606048583984e+00
4.946189403533935547e+00,2.764722347259521484e+00,-2.188569545745849609e+00,4.837822914123535156e+00,1.644278883934020996e+00,7.099273204803466797e+00,5.031609058380126953e+00,5.002299785614013672e+00,1.006869602203369141e+01,3.652163028717041016e+00
4.919224739074707031e+00,2.996365547180175781e+00,-1.686683654785156250e+00,5.331921100616455078e+00,3.088778018951416016e+00,7.655633449554443359e+00,5.659410953521728516e+00,5.446263790130615234e+00,1.031450462341308594e+01,4.407069206237792969e+00
5.111196041107177734e+00,3.532478570938110352e+00,-1.712814807891845703e+00,4.633564949035644531e+00,2.749389648437500000e+00,7.458044528961181641e+00,4.650563240051269531e+00,5.280594348907470703e+00,1.107559776306152344e+01,3.523629665374755859e+00
4.786979198455810547e+00,2.671396732330322266e+00,-2.315486431121826172e+00,5.046519279479980469e+00,1.701825380325317383e+00,7.048069000244140625e+00,5.199826240539550781e+00,5.104382038116455078e+00,9.758212089538574219e+00,3.857081890106201172e+00
4.673475265502929688e+00,2.515961170196533203e+00,-2.324185371398925781e+00,5.114982128143310547e+00,2.114943027496337891e+00,7.149274349212646484e+00,5.226597309112548828e+00,5.004445075988769531e+00,9.771080017089843750e+00,4.198391914367675781e+00
4.989282608032226562e+00,2.713743686676025391e+00,-2.127382755279541016e+00,5.232757091522216797e+00,1.068033337593078613e+00,6.836400508880615234e+00,5.322711944580078125e+00,5.132728576660156250e+00,9.854431152343750000e+00,4.015887737274169922e+00
5.176309108734130859e+00,2.900510549545288086e+00,-1.679819345474243164e+00,5.616301059722900391e+00,3.118726015090942383e+00,7.788891315460205078e+00,5.763577938079833984e+00,5.065568447113037109e+00,1.050696182250976562e+01,4.664717197418212891e+00
5.133579730987548828e+00,2.608052730560302734e+00,-1.642482757568359375e+00,5.355955123901367188e+00,2.284451007843017578e+00,7.420037269592285156e+00,5.510187625885009766e+00,5.061295032501220703e+00,1.008756828308105469e+01,4.459359645843505859e+00
4.940816402435302734e+00,2.505787134170532227e+00,-1.932848691940307617e+00,5.401996612548828125e+00,2.565371751785278320e+00,7.523561477661132812e+00,5.577390193939208984e+00,5.142961978912353516e+00,1.003703880310058594e+01,4.712304592132568359e+00
4.974828243255615234e+00,2.705245494842529297e+00,-2.171447992324829102e+00,5.132927417755126953e+00,9.742569923400878906e-01,6.895156383514404297e+00,5.210492134094238281e+00,4.848641395568847656e+00,9.759387016296386719e+00,4.110645294189453125e+00
4.875711441040039062e+00,2.528419017791748047e+00,-2.175179719924926758e+00,5.393535137176513672e+00,2.557655096054077148e+00,7.531762123107910156e+00,5.579029560089111328e+00,5.199330806732177734e+00,9.952068328857421875e+00,4.697211742401123047e+00
4.760979175567626953e+00,2.360411882400512695e+00,-1.554033041000366211e+00,5.596376895904541016e+00,3.254238128662109375e+00,7.653019428253173828e+00,5.813235759735107422e+00,5.590216636657714844e+00,1.000193405151367188e+01,5.291554450988769531e+00
5.129426479339599609e+00,2.970546245574951172e+00,-1.325843572616577148e+00,5.570076465606689453e+00,3.248031854629516602e+00,7.630051136016845703e+00,5.789554119110107422e+00,5.246647834777832031e+00,1.043687057495117188e+01,4.694061756134033203e+00
4.923208236694335938e+00,2.324713945388793945e+00,-1.843884706497192383e+00,5.347473144531250000e+00,1.651829481124877930e+00,6.956128120422363281e+00,5.229994773864746094e+00,5.109755992889404297e+00,9.680522918701171875e+00,4.712964534759521484e+00
4.925793647766113281e+00,2.551631450653076172e+00,-2.132821083068847656e+00,5.147893428802490234e+00,1.358424305915832520e+00,6.908422946929931641e+00,5.225489139556884766e+00,4.954609870910644531e+00,9.729720115661621094e+00,4.187838554382324219e+00
4.276426792144775391e+00,5.158789634704589844e+00,-2.064372062683105469e+00,7.159471988677978516e+00,4.212073802947998047e+00,7.202919960021972656e+00,7.748953342437744141e+00,5.190397262573242188e+00,1.111208343505859375e+01,5.230279922485351562e+00
4.241653442382812500e+00,5.149821281433105469e+00,-2.201844215393066406e+00,7.120322704315185547e+00,4.177035331726074219e+00,7.360742092132568359e+00,7.639780521392822266e+00,5.080060482025146484e+00,1.113391685485839844e+01,5.149974822998046875e+00
4.217163562774658203e+00,5.110317230224609375e+00,-2.245027542114257812e+00,7.123723506927490234e+00,4.191695213317871094e+00,7.220826148986816406e+00,7.580841541290283203e+00,4.965159416198730469e+00,1.104714393615722656e+01,5.101900577545166016e+00
4.249400615692138672e+00,5.024032592773437500e+00,-2.354823589324951172e+00,7.262712478637695312e+00,4.220830440521240234e+00,7.243464946746826172e+00,7.768004417419433594e+00,4.949175357818603516e+00,1.081800079345703125e+01,5.198464870452880859e+00
4.219141006469726562e+00,5.092778205871582031e+00,-2.200888156890869141e+00,7.175606250762939453e+00,4.207563400268554688e+00,6.976879119873046875e+00,7.599527359008789062e+00,4.965726375579833984e+00,1.105090713500976562e+01,5.154504776000976562e+00
4.130760669708251953e+00,5.205448150634765625e+00,-2.048567771911621094e+00,7.018630981445312500e+00,4.102372646331787109e+00,7.070034980773925781e+00,7.403967380523681641e+00,4.892262458801269531e+00,1.118497848510742188e+01,5.074695587158203125e+00
4.253781795501708984e+00,5.168197631835937500e+00,-2.439422607421875000e+00,7.311592102050781250e+00,4.130990028381347656e+00,7.422563552856445312e+00,7.920418262481689453e+00,5.104390621185302734e+00,1.109868240356445312e+01,5.222245693206787109e+00
4.218612194061279297e+00,5.087125778198242188e+00,-2.663196325302124023e+00,7.425049304962158203e+00,4.178073883056640625e+00,7.449214935302734375e+00,8.045968055725097656e+00,4.814381122589111328e+00,1.065924835205078125e+01,5.205909252166748047e+00
4.201244354248046875e+00,5.135690689086914062e+00,-2.300466537475585938e+00,7.214883327484130859e+00,4.201552391052246094e+00,7.132750511169433594e+00,7.660360336303710938e+00,4.871517181396484375e+00,1.090929603576660156e+01,5.124109268188476562e+00
4.185178756713867188e+00,5.153520584106445312e+00,-2.652968168258666992e+00,7.423639774322509766e+00,4.138281822204589844e+00,7.478871822357177734e+00,8.090997695922851562e+00,4.817611217498779297e+00,1.073080253601074219e+01,5.186297416687011719e+00
4.408240318298339844e+00,5.120761871337890625e+00,-2.656237363815307617e+00,7.712283611297607422e+00,4.270709037780761719e+00,6.901122093200683594e+00,8.281750679016113281e+00,4.789913654327392578e+00,1.039921760559082031e+01,5.270490646362304688e+00
4.427642822265625000e+00,4.854331970214843750e+00,-2.382421255111694336e+00,7.424274444580078125e+00,4.293365478515625000e+00,6.762534618377685547e+00,7.768229961395263672e+00,4.885346412658691406e+00,1.056767272949218750e+01,5.266386508941650391e+00
4.378625392913818359e+00,5.004755973815917969e+00,-2.185775995254516602e+00,7.472317695617675781e+00,4.221202850341796875e+00,6.887229442596435547e+00,7.871681690216064453e+00,4.833603382110595703e+00,1.067512321472167969e+01,5.248463153839111328e+00
4.446421146392822266e+00,4.627816200256347656e+00,-2.152022361755371094e+00,7.382591724395751953e+00,4.288497924804687500e+00,6.640059947967529297e+00,7.671167373657226562e+00,4.919149875640869141e+00,1.061174964904785156e+01,5.304802894592285156e+00
4.364965438842773438e+00,4.776924133300781250e+00,-2.716463327407836914e+00,7.415270805358886719e+00,4.179308891296386719e+00,6.488115787506103516e+00,7.643419265747070312e+00,4.569469451904296875e+00,1.018555450439453125e+01,4.956835746765136719e+00
4.187910556793212891e+00,4.836788177490234375e+00,-2.225135803222656250e+00,6.979605674743652344e+00,3.943682670593261719e+00,6.791971683502197266e+00,7.238574504852294922e+00,4.445326805114746094e+00,1.069570350646972656e+01,4.947280406951904297e+00
4.274201393127441406e+00,5.051894187927246094e+00,-2.652410268783569336e+00,7.595554828643798828e+00,4.121287822723388672e+00,7.155008316040039062e+00,8.036431312561035156e+00,4.674688816070556641e+00,1.021675491333007812e+01,5.169518947601318359e+00
4.324728012084960938e+00,4.366861343383789062e+00,-2.899539947509765625e+00,6.678001403808593750e+00,3.892898797988891602e+00,5.827113151550292969e+00,6.732364654541015625e+00,4.324056625366210938e+00,1.020578575134277344e+01,4.313762664794921875e+00
4.295975685119628906e+00,5.222545623779296875e+00,-2.716670513153076172e+00,7.764811992645263672e+00,4.098837375640869141e+00,6.942781925201416016e+00,8.263314247131347656e+00,4.566926002502441406e+00,1.011510276794433594e+01,5.142665386199951172e+00
4.327215671539306641e+00,5.127657890319824219e+00,-2.666437625885009766e+00,7.650586605072021484e+00,4.083972454071044922e+00,6.495055198669433594e+00,7.963333606719970703e+00,4.522586345672607422e+00,1.003052520751953125e+01,5.020556926727294922e+00
4.243547916412353516e+00,4.779383659362792969e+00,-1.774663925170898438e+00,6.628135681152343750e+00,3.916259527206420898e+00,7.134936809539794922e+00,6.491232395172119141e+00,5.029362201690673828e+00,1.141745185852050781e+01,4.932889461517333984e+00
4.589723110198974609e+00,4.829544067382812500e+00,-1.744809865951538086e+00,6.966874122619628906e+00,4.214828491210937500e+00,7.386947154998779297e+00,7.127792835235595703e+00,5.656665325164794922e+00,1.134558486938476562e+01,5.227596282958984375e+00
4.323173999786376953e+00,4.674809455871582031e+00,-2.235280752182006836e+00,7.024422168731689453e+00,4.061738014221191406e+00,7.525923252105712891e+00,7.176518917083740234e+00,5.211992263793945312e+00,1.095619010925292969e+01,5.048353672027587891e+00
4.618758678436279297e+00,4.683256626129150391e+00,-1.658993721008300781e+00,6.942516803741455078e+00,4.243544578552246094e+00,7.376710414886474609e+00,7.119620800018310547e+00,5.931017875671386719e+00,1.142322731018066406e+01,5.244869232177734375e+00
4.382700920104980469e+00,4.984877586364746094e+00,-1.982016086578369141e+00,7.064703464508056641e+00,4.121668815612792969e+00,7.489389419555664062e+00,7.387861728668212891e+00,5.262085914611816406e+00,1.109732055664062500e+01,5.150647640228271484e+00
4.396659851074218750e+00,4.802840232849121094e+00,-2.065347194671630859e+00,7.124815940856933594e+00,4.122438430786132812e+00,7.543215274810791016e+00,7.451145648956298828e+00,5.227161884307861328e+00,1.089385032653808594e+01,5.192126274108886719e+00
4.448066711425781250e+00,4.696638584136962891e+00,-2.405266761779785156e+00,7.456058502197265625e+00,4.158353805541992188e+00,7.803845405578613281e+00,7.876478672027587891e+00,5.079796314239501953e+00,1.057442474365234375e+01,5.340661048889160156e+00
4.401384830474853516e+00,4.625704765319824219e+00,-2.218157291412353516e+00,7.219634056091308594e+00,4.139982223510742188e+00,7.700185298919677734e+00,7.522915840148925781e+00,5.188903331756591797e+00,1.066115570068359375e+01,5.233473777770996094e+00
4.326699256896972656e+00,4.708860874176025391e+00,-2.197095155715942383e+00,7.048028469085693359e+00,3.982807159423828125e+00,7.447380065917968750e+00,7.320955753326416016e+00,4.961331844329833984e+00,1.075035667419433594e+01,5.111709117889404297e+00
4.497095108032226562e+00,4.814841270446777344e+00,-2.085092782974243164e+00,7.277334690093994141e+00,4.178821563720703125e+00,7.641472339630126953e+00,7.660340785980224609e+00,5.337392807006835938e+00,1.087912559509277344e+01,5.307085514068603516e+00
4.548845767974853516e+00,5.045907974243164062e+00,-2.022217273712158203e+00,7.187910079956054688e+00,4.225498199462890625e+00,7.618227958679199219e+00,7.810875892639160156e+00,5.486517429351806641e+00,1.123155212402343750e+01,5.297233581542968750e+00
4.650852680206298828e+00,4.847140312194824219e+00,-1.845560312271118164e+00,7.158225059509277344e+00,4.253191947937011719e+00,7.633028984069824219e+00,7.702664375305175781e+00,5.734990596771240234e+00,1.135527420043945312e+01,5.325631618499755859e+00
4.681865692138671875e+00,4.870580673217773438e+00,-1.558068037033081055e+00,6.978887081146240234e+00,4.207898139953613281e+00,7.362499713897705078e+00,7.627872467041015625e+00,5.744711399078369141e+00,1.145195388793945312e+01,5.258850574493408203e+00
4.766332149505615234e+00,4.738331794738769531e+00,-1.621051311492919922e+00,7.029103755950927734e+00,4.206585407257080078e+00,7.561070919036865234e+00,7.558685779571533203e+00,6.380379199981689453e+00,1.161145401000976562e+01,5.321164131164550781e+00
4.751971244812011719e+00,4.880442619323730469e+00,-1.516582012176513672e+00,6.948817253112792969e+00,4.189033508300781250e+00,7.374893665313720703e+00,7.521193027496337891e+00,6.129976272583007812e+00,1.161983108520507812e+01,5.295503139495849609e+00
4.569497108459472656e+00,5.101286888122558594e+00,-1.930962324142456055e+00,7.219360828399658203e+00,4.190193653106689453e+00,7.660733222961425781e+00,7.805247783660888672e+00,5.501511573791503906e+00,1.130043983459472656e+01,5.277908802032470703e+00
4.588812828063964844e+00,4.898940086364746094e+00,-1.638985633850097656e+00,7.003752708435058594e+00,4.188791275024414062e+00,7.440201282501220703e+00,7.393000125885009766e+00,5.687893390655517578e+00,1.136228179931640625e+01,5.234642028808593750e+00
4.404109001159667969e+00,5.101712226867675781e+00,-2.096459865570068359e+00,7.248178482055664062e+00,4.162117004394531250e+00,7.633745193481445312e+00,7.810070514678955078e+00,5.167583942413330078e+00,1.102068328857421875e+01,5.230924129486083984e+00
4.753854274749755859e+00,4.831170082092285156e+00,-1.587294578552246094e+00,6.987343311309814453e+00,4.162650108337402344e+00,7.580471038818359375e+00,7.492757797241210938e+00,6.599906921386718750e+00,1.174991226196289062e+01,5.322368144989013672e+00
4.490492820739746094e+00,4.815108299255371094e+00,-2.385350704193115234e+00,7.412985801696777344e+00,4.162236213684082031e+00,7.905364513397216797e+00,7.919050693511962891e+00,5.246075153350830078e+00,1.086895942687988281e+01,5.324114799499511719e+00
4.249571323394775391e+00,4.424426078796386719e+00,-2.353716611862182617e+00,6.823702812194824219e+00,4.132508277893066406e+00,7.286308765411376953e+00,7.713419914245605469e+00,5.175460815429687500e+00,1.066912078857421875e+01,5.121731281280517578e+00
3.675309658050537109e+00,4.500254154205322266e+00,-3.194130420684814453e+00,6.849960327148437500e+00,3.615603446960449219e+00,7.393650531768798828e+00,8.080919265747070312e+00,4.111551761627197266e+00,1.022701549530029297e+01,4.752418041229248047e+00
4.145729541778564453e+00,4.555403709411621094e+00,-2.648553609848022461e+00,7.236262321472167969e+00,4.092936038970947266e+00,7.390594959259033203e+00,8.202184677124023438e+00,4.821835517883300781e+00,1.028243637084960938e+01,5.098318576812744141e+00
4.272881984710693359e+00,4.722160339355468750e+00,-2.682210206985473633e+00,7.197272300720214844e+00,4.002736091613769531e+00,7.487080097198486328e+00,8.320829391479492188e+00,4.895697116851806641e+00,1.036766624450683594e+01,5.064708709716796875e+00
4.327652454376220703e+00,4.649555683135986328e+00,-2.599898338317871094e+00,7.493377208709716797e+00,4.093265533447265625e+00,7.836991786956787109e+00,7.987302780151367188e+00,4.921755313873291016e+00,1.022377586364746094e+01,5.305629730224609375e+00
4.058173656463623047e+00,5.075538635253906250e+00,-2.917262315750122070e+00,7.651639938354492188e+00,4.054119110107421875e+00,7.499432086944580078e+00,8.448380470275878906e+00,4.422654628753662109e+00,1.013234901428222656e+01,5.142985820770263672e+00
4.329359531402587891e+00,4.967034339904785156e+00,-2.929198026657104492e+00,7.600405693054199219e+00,4.059621810913085938e+00,7.789661884307861328e+00,8.309943199157714844e+00,4.684134960174560547e+00,1.039159202575683594e+01,5.255635261535644531e+00
4.742213249206542969e+00,3.529938936233520508e+00,-2.236500263214111328e+00,7.461417198181152344e+00,4.420376777648925781e+00,8.353433609008789062e+00,7.355909347534179688e+00,5.682343482971191406e+00,1.041327667236328125e+01,5.699564933776855469e+00
4.568521022796630859e+00,3.670331716537475586e+00,-1.693192243576049805e+00,7.142254352569580078e+00,4.111957550048828125e+00,7.650268077850341797e+00,7.663995742797851562e+00,5.654095172882080078e+00,1.016864776611328125e+01,5.109245777130126953e+00
4.636647701263427734e+00,3.951210260391235352e+00,-2.422073125839233398e+00,7.487771034240722656e+00,4.410658836364746094e+00,8.300880432128906250e+00,7.561143875122070312e+00,5.491744041442871094e+00,1.056022644042968750e+01,5.662667751312255859e+00
4.673959732055664062e+00,2.789609432220458984e+00,-2.239875793457031250e+00,5.028849601745605469e+00,7.257381677627563477e-01,6.588149070739746094e+00,4.689484119415283203e+00,5.422010898590087891e+00,1.006555366516113281e+01,4.215499401092529297e+00
4.833399772644042969e+00,3.069904565811157227e+00,-2.418444156646728516e+00,5.228748321533203125e+00,6.257228851318359375e-01,6.488311767578125000e+00,4.985696792602539062e+00,5.431610107421875000e+00,1.011736488342285156e+01,4.093927860260009766e+00
4.694733142852783203e+00,2.543283939361572266e+00,-1.977080106735229492e+00,5.585873126983642578e+00,1.621926903724670410e+00,7.094883441925048828e+00,5.565836429595947266e+00,5.037524223327636719e+00,9.987430572509765625e+00,4.799704551696777344e+00
4.705517768859863281e+00,2.609901189804077148e+00,-2.054183483123779297e+00,5.490311145782470703e+00,7.005897760391235352e-01,6.750230312347412109e+00,5.471079349517822266e+00,5.258779048919677734e+00,9.675792694091796875e+00,4.278484821319580078e+00
4.814954757690429688e+00,2.812290430068969727e+00,-2.445869445800781250e+00,5.234334945678710938e+00,6.133031249046325684e-01,6.564575195312500000e+00,5.205008029937744141e+00,4.952325344085693359e+00,9.667120933532714844e+00,4.094642162322998047e+00
4.659266948699951172e+00,2.807367324829101562e+00,-2.712467432022094727e+00,5.187916278839111328e+00,6.337092518806457520e-01,6.481010437011718750e+00,5.121178627014160156e+00,5.041572093963623047e+00,9.686569213867187500e+00,4.161307811737060547e+00
4.894035339355468750e+00,2.984950780868530273e+00,-2.531544685363769531e+00,5.366182804107666016e+00,6.456279158592224121e-01,6.403278827667236328e+00,5.122191905975341797e+00,5.174312114715576172e+00,9.833117485046386719e+00,4.098725795745849609e+00
4.886098861694335938e+00,3.093974590301513672e+00,-2.483766078948974609e+00,5.135561466217041016e+00,6.150498390197753906e-01,6.515183925628662109e+00,4.764785289764404297e+00,5.434200286865234375e+00,1.020062065124511719e+01,4.045550823211669922e+00
5.287762641906738281e+00,3.738206863403320312e+00,-1.832946777343750000e+00,5.627702713012695312e+00,6.049870252609252930e-01,6.295490741729736328e+00,4.838494300842285156e+00,5.946345329284667969e+00,1.081223487854003906e+01,4.276657581329345703e+00
5.167078018188476562e+00,3.411271333694458008e+00,-1.985544443130493164e+00,5.233168125152587891e+00,8.287685513496398926e-01,6.356135845184326172e+00,4.109550476074218750e+00,5.879758358001708984e+00,1.103329849243164062e+01,4.297850131988525391e+00
5.234260559082031250e+00,2.754786968231201172e+00,-1.305623292922973633e+00,5.612628936767578125e+00,8.022773861885070801e-01,9.920481681823730469e+00,4.037600517272949219e+00,7.770641803741455078e+00,1.076612854003906250e+01,4.427829742431640625e+00
5.754870414733886719e+00,2.300594329833984375e+00,-1.251952886581420898e+00,4.617432594299316406e+00,4.542711973190307617e-01,7.036183357238769531e+00,3.786411046981811523e+00,7.237341880798339844e+00,1.068274688720703125e+01,3.379270553588867188e+00
5.408198833465576172e+00,2.629604339599609375e+00,-1.276809453964233398e+00,5.238760471343994141e+00,8.552737236022949219e-01,8.696968078613281250e+00,3.969917774200439453e+00,7.443576335906982422e+00,1.082967567443847656e+01,4.001761436462402344e+00
5.790044784545898438e+00,2.487921237945556641e+00,-1.188259601593017578e+00,4.675656795501708984e+00,6.582821607589721680e-01,7.560144901275634766e+00,3.991300106048583984e+00,7.264069557189941406e+00,1.087808609008789062e+01,3.584368944168090820e+00
5.097207069396972656e+00,2.940076351165771484e+00,-1.398165225982666016e+00,5.536747455596923828e+00,7.059142589569091797e-01,9.909981727600097656e+00,3.843940258026123047e+00,7.754862308502197266e+00,1.068293571472167969e+01,4.392452239990234375e+00
5.126114368438720703e+00,2.927546977996826172e+00,-1.444178819656372070e+00,5.550174713134765625e+00,8.289109468460083008e-01,9.986542701721191406e+00,4.019945144653320312e+00,7.749870777130126953e+00,1.074748992919921875e+01,4.412046432495117188e+00
5.131223201751708984e+00,2.583717107772827148e+00,-1.607616662979125977e+00,5.168299198150634766e+00,5.132318735122680664e-01,9.147144317626953125e+00,3.796725988388061523e+00,7.275737762451171875e+00,1.046596336364746094e+01,4.104967117309570312e+00
4.960800170898437500e+00,3.232349634170532227e+00,-1.492534637451171875e+00,5.365729808807373047e+00,1.135858297348022461e+00,9.782345771789550781e+00,4.211358547210693359e+00,8.076793670654296875e+00,1.082813262939453125e+01,4.615025043487548828e+00
5.163368701934814453e+00,3.028475284576416016e+00,-1.355807185173034668e+00,4.601454257965087891e+00,1.430807590484619141e+00,4.462709426879882812e+00,3.589740991592407227e+00,6.143983364105224609e+00,1.097980117797851562e+01,3.048840999603271484e+00
5.811785697937011719e+00,2.500457286834716797e+00,-1.126802682876586914e+00,4.633434772491455078e+00,6.982090473175048828e-01,7.322865009307861328e+00,3.962518930435180664e+00,7.236986160278320312e+00,1.090549468994140625e+01,3.549275159835815430e+00
4.729190349578857422e+00,3.417813539505004883e+00,-1.521771669387817383e+00,5.522138595581054688e+00,1.809485435485839844e+00,4.898558139801025391e+00,4.502430438995361328e+00,4.927515506744384766e+00,1.122143554687500000e+01,4.211484909057617188e+00
5.048996448516845703e+00,3.787670373916625977e+00,-1.322039127349853516e+00,5.862808227539062500e+00,1.438610672950744629e+00,5.867542266845703125e+00,5.105751037597656250e+00,5.510548591613769531e+00,1.110284233093261719e+01,4.290158271789550781e+00
4.796849727630615234e+00,2.995803117752075195e+00,-2.056488037109375000e+00,5.649171829223632812e+00,1.441476106643676758e+00,7.088817119598388672e+00,5.826774120330810547e+00,5.666739940643310547e+00,1.041650009155273438e+01,4.304316043853759766e+00
4.757348060607910156e+00,2.800617933273315430e+00,-1.856402397155761719e+00,5.540659904479980469e+00,6.132135391235351562e-01,6.716518402099609375e+00,5.535298347473144531e+00,5.222446441650390625e+00,9.819557189941406250e+00,4.321695327758789062e+00
5.569224357604980469e+00,4.439380645751953125e+00,-1.027251482009887695e+00,5.841832637786865234e+00,8.180648684501647949e-01,5.086608409881591797e+00,4.694426536560058594e+00,6.626228332519531250e+00,1.187766075134277344e+01,4.339091777801513672e+00
4.848661899566650391e+00,2.656056880950927734e+00,-1.786408185958862305e+00,5.376860141754150391e+00,5.004201531410217285e-01,6.571570873260498047e+00,5.433198451995849609e+00,5.062124252319335938e+00,9.697505950927734375e+00,4.088519096374511719e+00
4.851636409759521484e+00,3.245549201965332031e+00,-1.864268302917480469e+00,5.692272663116455078e+00,8.245078921318054199e-01,6.362867355346679688e+00,5.591676712036132812e+00,5.408779621124267578e+00,1.026390647888183594e+01,4.275893211364746094e+00
5.649908542633056641e+00,4.305635452270507812e+00,-9.611852765083312988e-01,6.030433177947998047e+00,1.185980916023254395e+00,5.013644695281982422e+00,4.542980670928955078e+00,6.446043491363525391e+00,1.155462265014648438e+01,4.416036128997802734e+00
5.666497230529785156e+00,4.300167083740234375e+00,-1.010793924331665039e+00,5.689339637756347656e+00,9.478455185890197754e-01,5.627790927886962891e+00,4.421718597412109375e+00,6.367471218109130859e+00,1.148762130737304688e+01,4.164637565612792969e+00
5.800081253051757812e+00,4.468706130981445312e+00,-8.672984838485717773e-01,5.879876136779785156e+00,7.694537639617919922e-01,4.688739776611328125e+00,4.319129467010498047e+00,6.804920673370361328e+00,1.200066566467285156e+01,4.463828563690185547e+00
5.166212081909179688e+00,3.494538068771362305e+00,-1.684258460998535156e+00,6.421354293823242188e+00,3.952597856521606445e+00,7.238632202148437500e+00,7.260398387908935547e+00,4.877218246459960938e+00,1.023344802856445312e+01,4.408379077911376953e+00
5.311983585357666016e+00,2.879198312759399414e+00,-1.527848720550537109e+00,6.259435653686523438e+00,4.151837348937988281e+00,7.467708587646484375e+00,6.703320503234863281e+00,4.933340549468994141e+00,1.060595130920410156e+01,4.234563827514648438e+00
5.321348667144775391e+00,2.879657506942749023e+00,-1.611707210540771484e+00,6.106484889984130859e+00,4.092169761657714844e+00,7.352602481842041016e+00,6.369647979736328125e+00,4.789403438568115234e+00,1.072066307067871094e+01,4.188817501068115234e+00
5.174149513244628906e+00,3.170262575149536133e+00,-1.552977561950683594e+00,6.457861423492431641e+00,4.133359909057617188e+00,7.323301792144775391e+00,7.130864143371582031e+00,5.188446044921875000e+00,1.034785079956054688e+01,4.294780254364013672e+00
5.293644905090332031e+00,2.796570062637329102e+00,-1.670888662338256836e+00,6.041585922241210938e+00,3.976659774780273438e+00,7.277712821960449219e+00,6.218606948852539062e+00,4.735458850860595703e+00,1.071859359741210938e+01,4.149983406066894531e+00
5.198453903198242188e+00,3.546183109283447266e+00,-1.534072399139404297e+00,6.325922966003417969e+00,3.937780857086181641e+00,7.346282482147216797e+00,7.072100639343261719e+00,5.060842990875244141e+00,1.041252517700195312e+01,4.295027256011962891e+00
5.372679233551025391e+00,3.150200128555297852e+00,-1.396556615829467773e+00,6.258276939392089844e+00,4.116746425628662109e+00,7.200697422027587891e+00,6.886441230773925781e+00,5.254897594451904297e+00,1.047282791137695312e+01,4.245318889617919922e+00
5.393120288848876953e+00,3.296812534332275391e+00,-1.256109237670898438e+00,6.292428016662597656e+00,4.164147853851318359e+00,7.291405200958251953e+00,6.789223670959472656e+00,5.355846881866455078e+00,1.060893821716308594e+01,4.262230873107910156e+00
5.404791355133056641e+00,2.952040195465087891e+00,-1.453165769577026367e+00,6.154082775115966797e+00,4.227389812469482422e+00,7.308951377868652344e+00,6.468268871307373047e+00,4.989943504333496094e+00,1.073104286193847656e+01,4.185040473937988281e+00
5.265273094177246094e+00,3.509224414825439453e+00,-1.598243951797485352e+00,6.359659194946289062e+00,4.008796691894531250e+00,7.201228141784667969e+00,6.916277408599853516e+00,5.157097816467285156e+00,1.041654777526855469e+01,4.390710353851318359e+00
5.136409759521484375e+00,2.846731424331665039e+00,-1.772897720336914062e+00,4.977359771728515625e+00,2.263928174972534180e+00,7.340586185455322266e+00,5.709144115447998047e+00,4.563467025756835938e+00,1.009840583801269531e+01,3.713133573532104492e+00
5.098906517028808594e+00,2.630193233489990234e+00,-2.006318807601928711e+00,5.156939983367919922e+00,1.523955345153808594e+00,7.589776992797851562e+00,5.362851142883300781e+00,5.318691253662109375e+00,1.009847831726074219e+01,3.878377914428710938e+00
5.364215850830078125e+00,3.089142799377441406e+00,-1.111420869827270508e+00,5.329092502593994141e+00,3.374019622802734375e+00,7.271204471588134766e+00,6.129642009735107422e+00,4.862433433532714844e+00,1.068600654602050781e+01,3.648912668228149414e+00
5.262603759765625000e+00,3.064918994903564453e+00,-1.800865888595581055e+00,4.963860034942626953e+00,2.322126865386962891e+00,7.750292778015136719e+00,5.228572368621826172e+00,5.113609313964843750e+00,1.083308982849121094e+01,3.518575191497802734e+00
5.185951232910156250e+00,2.756179809570312500e+00,-1.522021532058715820e+00,5.206840038299560547e+00,2.705440521240234375e+00,7.537513256072998047e+00,5.745808601379394531e+00,4.799826145172119141e+00,1.063015556335449219e+01,3.630346059799194336e+00
5.163052082061767578e+00,2.929011583328247070e+00,-1.642920255661010742e+00,4.968948364257812500e+00,2.543070793151855469e+00,7.234515666961669922e+00,5.674489021301269531e+00,4.632171154022216797e+00,1.029850196838378906e+01,3.631098985671997070e+00
4.988723754882812500e+00,2.762103080749511719e+00,-2.281205892562866211e+00,5.328258991241455078e+00,9.270549416542053223e-01,6.910560131072998047e+00,5.341752529144287109e+00,5.149376392364501953e+00,9.766628265380859375e+00,4.135957717895507812e+00
5.345651626586914062e+00,3.446390151977539062e+00,-1.155891537666320801e+00,5.084787368774414062e+00,3.211309194564819336e+00,7.112486362457275391e+00,5.743506431579589844e+00,5.419496059417724609e+00,1.069302368164062500e+01,3.378284692764282227e+00
5.270271778106689453e+00,3.265711545944213867e+00,-1.422950744628906250e+00,4.986470699310302734e+00,2.784778356552124023e+00,7.297172546386718750e+00,5.500984668731689453e+00,4.943433761596679688e+00,1.054461860656738281e+01,3.521015405654907227e+00
5.052801132202148438e+00,2.733472824096679688e+00,-2.113692283630371094e+00,4.959602355957031250e+00,1.147358655929565430e+00,7.106806278228759766e+00,5.073318958282470703e+00,5.071385383605957031e+00,9.894420623779296875e+00,3.780382871627807617e+00
4.946632862091064453e+00,2.816918611526489258e+00,-1.849638223648071289e+00,6.089787483215332031e+00,3.330332517623901367e+00,6.841596126556396484e+00,6.530039310455322266e+00,4.997109889984130859e+00,1.047355270385742188e+01,4.140875339508056641e+00
4.932480335235595703e+00,2.851458311080932617e+00,-1.944555282592773438e+00,5.945516586303710938e+00,2.518124341964721680e+00,6.780203819274902344e+00,6.030188560485839844e+00,5.003441333770751953e+00,1.027685165405273438e+01,4.265810966491699219e+00
5.112026214599609375e+00,2.904788255691528320e+00,-1.725934982299804688e+00,6.212847709655761719e+00,3.640552520751953125e+00,7.208144187927246094e+00,6.259021759033203125e+00,5.000406742095947266e+00,1.045497512817382812e+01,4.393291473388671875e+00
4.927246093750000000e+00,3.055655717849731445e+00,-1.759922981262207031e+00,6.003902912139892578e+00,2.722695827484130859e+00,6.690973758697509766e+00,6.193562984466552734e+00,5.001837730407714844e+00,1.040432548522949219e+01,4.161973476409912109e+00
4.919496059417724609e+00,3.168429851531982422e+00,-1.650129795074462891e+00,5.721025466918945312e+00,1.894405841827392578e+00,6.527869224548339844e+00,5.672367095947265625e+00,5.213110923767089844e+00,1.030734252929687500e+01,4.248847961425781250e+00
5.220973968505859375e+00,2.761036396026611328e+00,-1.718852281570434570e+00,6.138644218444824219e+00,3.898809432983398438e+00,7.298295497894287109e+00,6.331650733947753906e+00,4.949653148651123047e+00,1.054776191711425781e+01,4.240706920623779297e+00
5.013708591461181641e+00,3.007416963577270508e+00,-1.598654747009277344e+00,6.017573356628417969e+00,3.182760000228881836e+00,6.780025482177734375e+00,6.259551525115966797e+00,5.113093376159667969e+00,1.053935241699218750e+01,4.234198093414306641e+00
5.066020488739013672e+00,2.983846664428710938e+00,-1.635005235671997070e+00,6.094215393066406250e+00,3.638123750686645508e+00,6.995550155639648438e+00,6.246551513671875000e+00,4.953937530517578125e+00,1.066852378845214844e+01,4.293753623962402344e+00
4.826662540435791016e+00,2.794056177139282227e+00,-2.153066396713256836e+00,5.954591274261474609e+00,2.537196636199951172e+00,6.834920883178710938e+00,6.345909595489501953e+00,5.037899494171142578e+00,1.007934474945068359e+01,4.225021839141845703e+00
4.814867019653320312e+00,2.766394615173339844e+00,-2.285399913787841797e+00,5.615538597106933594e+00,1.495767712593078613e+00,6.555251121520996094e+00,5.619583606719970703e+00,5.024818897247314453e+00,9.822443008422851562e+00,4.121073722839355469e+00
5.148883819580078125e+00,2.659115314483642578e+00,-1.706376314163208008e+00,6.024938583374023438e+00,3.621228933334350586e+00,7.331194400787353516e+00,6.536233901977539062e+00,4.870974063873291016e+00,1.053925895690917969e+01,4.054542541503906250e+00
5.286851882934570312e+00,2.776307106018066406e+00,-1.468180656433105469e+00,6.160464286804199219e+00,4.011793136596679688e+00,7.410532951354980469e+00,6.641473770141601562e+00,4.981996536254882812e+00,1.059206199645996094e+01,4.171069622039794922e+00
5.205138206481933594e+00,2.769123315811157227e+00,-1.779116153717041016e+00,5.898953437805175781e+00,3.569623470306396484e+00,7.342725276947021484e+00,6.447735309600830078e+00,4.806316375732421875e+00,1.051043319702148438e+01,4.045564651489257812e+00
5.393460273742675781e+00,2.993519067764282227e+00,-1.122452378273010254e+00,6.325454711914062500e+00,4.211583137512207031e+00,7.327540397644042969e+00,7.012864589691162109e+00,5.188981533050537109e+00,1.058387184143066406e+01,4.238038539886474609e+00
4.990362644195556641e+00,2.680003643035888672e+00,-2.080127239227294922e+00,5.647070407867431641e+00,2.655067920684814453e+00,7.157431125640869141e+00,6.220284938812255859e+00,4.853945255279541016e+00,1.014854049682617188e+01,3.947950363159179688e+00
4.867635250091552734e+00,2.422413349151611328e+00,-2.181892871856689453e+00,5.504944801330566406e+00,1.567553281784057617e+00,6.892886638641357422e+00,5.695410251617431641e+00,5.034624576568603516e+00,9.729186058044433594e+00,4.158510208129882812e+00
4.851409912109375000e+00,2.614208221435546875e+00,-2.107460737228393555e+00,5.354960441589355469e+00,8.009729981422424316e-01,6.531019687652587891e+00,5.390919685363769531e+00,5.018254280090332031e+00,9.632276535034179688e+00,4.046012401580810547e+00
4.904832363128662109e+00,2.841377735137939453e+00,-2.075189113616943359e+00,5.416864395141601562e+00,2.027076721191406250e+00,6.763432979583740234e+00,5.794256687164306641e+00,4.880004405975341797e+00,9.893405914306640625e+00,3.829804420471191406e+00
4.839726448059082031e+00,2.751801252365112305e+00,-2.099913597106933594e+00,5.353384494781494141e+00,6.171325445175170898e-01,6.528965950012207031e+00,5.404674053192138672e+00,4.988518238067626953e+00,9.609327316284179688e+00,4.099726676940917969e+00
4.833458423614501953e+00,2.655526161193847656e+00,-2.208596467971801758e+00,5.576748371124267578e+00,1.804032564163208008e+00,6.922938823699951172e+00,5.894131183624267578e+00,4.989197254180908203e+00,9.769943237304687500e+00,4.036948204040527344e+00
5.148191452026367188e+00,3.175355672836303711e+00,-1.754702568054199219e+00,4.762098312377929688e+00,8.640975356101989746e-01,7.087827682495117188e+00,4.654625415802001953e+00,5.198664188385009766e+00,9.944161415100097656e+00,3.787039279937744141e+00
5.065917015075683594e+00,2.922698497772216797e+00,-2.264538288116455078e+00,4.876861095428466797e+00,6.239205598831176758e-01,6.922396659851074219e+00,4.504832744598388672e+00,5.055200099945068359e+00,9.806390762329101562e+00,3.888818740844726562e+00
4.875651359558105469e+00,3.078446149826049805e+00,-2.553236484527587891e+00,5.238357067108154297e+00,6.082656383514404297e-01,6.310544967651367188e+00,5.133321285247802734e+00,4.903394222259521484e+00,9.721632003784179688e+00,3.926989555358886719e+00
4.845017910003662109e+00,2.837368249893188477e+00,-2.221985578536987305e+00,5.219836711883544922e+00,5.647548437118530273e-01,6.577503204345703125e+00,5.358743667602539062e+00,4.955292224884033203e+00,9.617303848266601562e+00,4.087622642517089844e+00
4.857018470764160156e+00,2.850004434585571289e+00,-2.382023096084594727e+00,5.254825592041015625e+00,6.225858926773071289e-01,6.636943817138671875e+00,5.274706363677978516e+00,4.917275428771972656e+00,9.650201797485351562e+00,4.146024703979492188e+00
4.837972640991210938e+00,2.794494628906250000e+00,-2.321947336196899414e+00,5.173671245574951172e+00,5.611201524734497070e-01,6.668807506561279297e+00,5.267066955566406250e+00,4.961205482482910156e+00,9.617858886718750000e+00,4.108969688415527344e+00
4.876854419708251953e+00,2.923583984375000000e+00,-2.364042520523071289e+00,5.193282604217529297e+00,6.560864448547363281e-01,6.499593734741210938e+00,5.249475479125976562e+00,4.952186584472656250e+00,9.612441062927246094e+00,4.101324081420898438e+00
4.841612339019775391e+00,2.945005416870117188e+00,-2.400650024414062500e+00,5.025699615478515625e+00,6.015470027923583984e-01,6.439351081848144531e+00,4.986935615539550781e+00,4.935305118560791016e+00,9.612236976623535156e+00,3.898627758026123047e+00
4.875723361968994141e+00,3.003085613250732422e+00,-2.170049667358398438e+00,4.286427974700927734e+00,7.778393626213073730e-01,7.102714538574218750e+00,4.320084095001220703e+00,5.247440338134765625e+00,9.997507095336914062e+00,3.406986713409423828e+00
4.836127758026123047e+00,2.895657300949096680e+00,-2.399838209152221680e+00,4.896688461303710938e+00,6.063566207885742188e-01,6.496499538421630859e+00,4.968205928802490234e+00,4.943458080291748047e+00,9.549837112426757812e+00,3.813817262649536133e+00
5.724944591522216797e+00,4.683859825134277344e+00,-8.919530510902404785e-01,5.807353973388671875e+00,8.663658499717712402e-01,5.325367927551269531e+00,4.481163978576660156e+00,6.971745014190673828e+00,1.204114723205566406e+01,4.371202468872070312e+00
5.728189945220947266e+00,4.674144268035888672e+00,-1.035426259040832520e+00,5.814270496368408203e+00,7.417498826980590820e-01,5.196241855621337891e+00,4.494334697723388672e+00,6.880344867706298828e+00,1.203910255432128906e+01,4.374026775360107422e+00
5.364579677581787109e+00,3.901080369949340820e+00,-1.621020317077636719e+00,5.554352283477783203e+00,7.410284280776977539e-01,6.856496810913085938e+00,4.772574901580810547e+00,6.230723857879638672e+00,1.099041557312011719e+01,4.178423881530761719e+00
4.749062538146972656e+00,3.236792325973510742e+00,-2.383502006530761719e+00,5.539089679718017578e+00,7.873754501342773438e-01,6.517356395721435547e+00,5.360689640045166016e+00,5.162131786346435547e+00,9.944015502929687500e+00,4.149204254150390625e+00
5.429468631744384766e+00,4.247358798980712891e+00,-1.468420505523681641e+00,5.716286659240722656e+00,7.619999647140502930e-01,6.784974098205566406e+00,4.767565727233886719e+00,6.522460460662841797e+00,1.136776351928710938e+01,4.318100452423095703e+00
5.607451915740966797e+00,4.550057411193847656e+00,-1.178301811218261719e+00,5.847153186798095703e+00,8.683369755744934082e-01,6.035403728485107422e+00,4.540814399719238281e+00,6.839164733886718750e+00,1.191861343383789062e+01,4.464744567871093750e+00
5.789017677307128906e+00,4.543895721435546875e+00,-1.031743526458740234e+00,5.863492012023925781e+00,7.128751277923583984e-01,4.402132987976074219e+00,4.280207157135009766e+00,6.896720886230468750e+00,1.213926696777343750e+01,4.342046260833740234e+00
5.717769622802734375e+00,4.682801246643066406e+00,-1.054352283477783203e+00,5.860015869140625000e+00,7.934837341308593750e-01,5.036557674407958984e+00,4.450073242187500000e+00,6.890508174896240234e+00,1.206607055664062500e+01,4.366225719451904297e+00
5.668100833892822266e+00,4.630796432495117188e+00,-1.267947435379028320e+00,5.841310024261474609e+00,6.515297889709472656e-01,5.339091300964355469e+00,4.520976543426513672e+00,6.825366020202636719e+00,1.193319892883300781e+01,4.378088951110839844e+00
5.281371593475341797e+00,3.850018501281738281e+00,-1.766512393951416016e+00,5.818351745605468750e+00,7.742290496826171875e-01,6.813925266265869141e+00,4.978443622589111328e+00,6.006703376770019531e+00,1.080722618103027344e+01,4.338867187500000000e+00
4.874790668487548828e+00,2.819884300231933594e+00,-2.013985395431518555e+00,5.317080497741699219e+00,6.653571128845214844e-01,6.582343578338623047e+00,5.409472942352294922e+00,5.056266784667968750e+00,9.716296195983886719e+00,4.128894329071044922e+00
4.847208023071289062e+00,2.777697324752807617e+00,-2.196141719818115234e+00,5.308615207672119141e+00,5.712941288948059082e-01,6.689456462860107422e+00,5.445846080780029297e+00,5.015767097473144531e+00,9.626403808593750000e+00,4.133752822875976562e+00
4.866316318511962891e+00,2.753079891204833984e+00,-1.953626632690429688e+00,5.353326320648193359e+00,5.858258008956909180e-01,6.732717990875244141e+00,5.457576274871826172e+00,5.088681697845458984e+00,9.666527748107910156e+00,4.168719768524169922e+00
4.876334190368652344e+00,2.779871463775634766e+00,-1.967043876647949219e+00,5.311924457550048828e+00,6.100490093231201172e-01,6.621961116790771484e+00,5.427081584930419922e+00,5.039600372314453125e+00,9.654048919677734375e+00,4.150984287261962891e+00
4.933475971221923828e+00,2.992840051651000977e+00,-2.009382247924804688e+00,5.201995849609375000e+00,6.317685842514038086e-01,6.733144283294677734e+00,5.284756183624267578e+00,5.384509563446044922e+00,1.007888603210449219e+01,4.141417026519775391e+00
4.835776805877685547e+00,2.822252750396728516e+00,-2.280550003051757812e+00,5.306565284729003906e+00,5.712885260581970215e-01,6.647044658660888672e+00,5.409546852111816406e+00,4.989103794097900391e+00,9.608333587646484375e+00,4.124631404876708984e+00
4.904866218566894531e+00,2.885832309722900391e+00,-2.317286014556884766e+00,5.344597816467285156e+00,5.800617933273315430e-01,6.460428237915039062e+00,5.271739006042480469e+00,5.080883026123046875e+00,9.743026733398437500e+00,4.100782871246337891e+00
4.892052173614501953e+00,2.856571912765502930e+00,-2.081959009170532227e+00,5.300858020782470703e+00,6.393048763275146484e-01,6.530961036682128906e+00,5.379242420196533203e+00,5.073176383972167969e+00,9.665752410888671875e+00,4.108026504516601562e+00
4.866514682769775391e+00,2.782594203948974609e+00,-2.073020458221435547e+00,5.315833091735839844e+00,6.108529567718505859e-01,6.620776653289794922e+00,5.441814899444580078e+00,5.046516418457031250e+00,9.638443946838378906e+00,4.157552242279052734e+00
4.851546764373779297e+00,2.757715702056884766e+00,-1.952826738357543945e+00,5.290634155273437500e+00,5.347609519958496094e-01,6.610661029815673828e+00,5.473942756652832031e+00,5.060225486755371094e+00,9.587729454040527344e+00,4.109014034271240234e+00
4.938510894775390625e+00,2.841731071472167969e+00,-2.040162324905395508e+00,4.584566116333007812e+00,1.395534276962280273e+00,7.796503067016601562e+00,4.021017551422119141e+00,4.499209880828857422e+00,1.065832519531250000e+01,3.762775897979736328e+00
4.735491275787353516e+00,3.040344715118408203e+00,-2.204255819320678711e+00,4.618813514709472656e+00,1.219759106636047363e+00,6.530732631683349609e+00,4.739538669586181641e+00,4.651958942413330078e+00,1.013335990905761719e+01,3.376094818115234375e+00
4.376059055328369141e+00,2.156344652175903320e+00,-2.414621353149414062e+00,4.018580436706542969e+00,1.234745383262634277e+00,7.344847679138183594e+00,2.553225517272949219e+00,4.475521087646484375e+00,1.031042098999023438e+01,3.766726255416870117e+00
4.838160037994384766e+00,2.932564735412597656e+00,-2.168846607208251953e+00,4.484114646911621094e+00,1.212464809417724609e+00,7.348517417907714844e+00,4.433132648468017578e+00,5.064591407775878906e+00,1.035075187683105469e+01,3.443933248519897461e+00
4.498052597045898438e+00,2.536016464233398438e+00,-2.344030380249023438e+00,4.336915016174316406e+00,1.216913342475891113e+00,7.223852157592773438e+00,3.355425119400024414e+00,5.166708469390869141e+00,1.043823814392089844e+01,3.820459842681884766e+00
4.534474849700927734e+00,2.379590034484863281e+00,-2.374604225158691406e+00,4.149401664733886719e+00,1.238766431808471680e+00,7.403836727142333984e+00,3.198138475418090820e+00,4.464115619659423828e+00,1.032486534118652344e+01,3.638818740844726562e+00
4.710327625274658203e+00,2.660420894622802734e+00,-2.239923954010009766e+00,4.588706493377685547e+00,8.377153277397155762e-01,7.198596000671386719e+00,3.803859949111938477e+00,4.871646881103515625e+00,1.032664108276367188e+01,3.898480176925659180e+00
4.237366199493408203e+00,2.340308427810668945e+00,-2.577784299850463867e+00,4.149495601654052734e+00,9.924612641334533691e-01,6.877941608428955078e+00,3.438773155212402344e+00,4.598373889923095703e+00,9.718364715576171875e+00,3.694661855697631836e+00
4.695163726806640625e+00,2.373327732086181641e+00,-2.070836544036865234e+00,4.010049343109130859e+00,1.007067203521728516e+00,7.407306194305419922e+00,3.085453748703002930e+00,4.302456855773925781e+00,1.009914493560791016e+01,3.769289016723632812e+00
4.563045501708984375e+00,2.566214323043823242e+00,-1.969064950942993164e+00,3.793025016784667969e+00,1.230103373527526855e+00,7.256992816925048828e+00,2.479201316833496094e+00,4.227981567382812500e+00,1.031105232238769531e+01,3.619393110275268555e+00
4.964594364166259766e+00,2.625383853912353516e+00,-1.818948030471801758e+00,5.428582668304443359e+00,1.253982543945312500e+00,7.156906604766845703e+00,5.911547660827636719e+00,5.256179332733154297e+00,1.010530757904052734e+01,4.351212024688720703e+00
4.996435642242431641e+00,2.917934179306030273e+00,-1.815903902053833008e+00,5.174549102783203125e+00,1.124035835266113281e+00,7.612561225891113281e+00,5.494042396545410156e+00,5.422306060791015625e+00,1.028773307800292969e+01,4.320498943328857422e+00
4.957225322723388672e+00,2.660210371017456055e+00,-1.990998983383178711e+00,5.316739082336425781e+00,7.504220604896545410e-01,6.827694892883300781e+00,5.349433422088623047e+00,5.104552745819091797e+00,9.767926216125488281e+00,4.268294334411621094e+00
4.856607913970947266e+00,2.736090660095214844e+00,-1.933470487594604492e+00,5.378352642059326172e+00,7.055717706680297852e-01,6.750016689300537109e+00,5.479908943176269531e+00,5.180929660797119141e+00,9.799706459045410156e+00,4.213835239410400391e+00
5.282768726348876953e+00,2.723581314086914062e+00,-1.850930213928222656e+00,4.991936683654785156e+00,1.457358479499816895e+00,7.264206409454345703e+00,4.835759162902832031e+00,4.809005260467529297e+00,1.008618927001953125e+01,4.176618576049804688e+00
4.826018810272216797e+00,2.606729030609130859e+00,-2.127831220626831055e+00,5.499584674835205078e+00,1.444843292236328125e+00,6.906197547912597656e+00,6.003053665161132812e+00,5.265420913696289062e+00,1.005550956726074219e+01,4.312952995300292969e+00
4.875857830047607422e+00,2.782895326614379883e+00,-2.030001163482666016e+00,5.349215030670166016e+00,7.370020151138305664e-01,6.690727710723876953e+00,5.442595481872558594e+00,5.075521945953369141e+00,9.767565727233886719e+00,4.173919200897216797e+00
5.004990100860595703e+00,2.713344573974609375e+00,-1.815435171127319336e+00,5.297823429107666016e+00,1.127110362052917480e+00,7.166986465454101562e+00,5.736166000366210938e+00,4.931630611419677734e+00,9.896005630493164062e+00,4.356792926788330078e+00
5.035771369934082031e+00,2.726055145263671875e+00,-1.954237222671508789e+00,5.091285705566406250e+00,8.678516745567321777e-01,7.103030681610107422e+00,5.202703475952148438e+00,4.988093376159667969e+00,9.754331588745117188e+00,4.109399795532226562e+00
4.890322685241699219e+00,2.711583614349365234e+00,-1.938299894332885742e+00,5.346934795379638672e+00,5.780034661293029785e-01,6.702343940734863281e+00,5.423481941223144531e+00,5.135952472686767578e+00,9.657415390014648438e+00,4.185749530792236328e+00
5.171124935150146484e+00,3.388965129852294922e+00,-1.866122722625732422e+00,4.898392677307128906e+00,2.585870981216430664e+00,7.749450683593750000e+00,4.745633602142333984e+00,5.485090732574462891e+00,1.069806289672851562e+01,4.146844387054443359e+00
4.939785003662109375e+00,2.774577140808105469e+00,-2.222879171371459961e+00,5.242420196533203125e+00,1.893460273742675781e+00,7.664130210876464844e+00,5.548915386199951172e+00,5.233433246612548828e+00,1.015539932250976562e+01,4.465839862823486328e+00
4.857824325561523438e+00,2.742920637130737305e+00,-2.012756824493408203e+00,5.360396862030029297e+00,6.842821836471557617e-01,6.694381713867187500e+00,5.423110485076904297e+00,5.104039192199707031e+00,9.741160392761230469e+00,4.141148567199707031e+00
4.817097663879394531e+00,2.591332912445068359e+00,-2.012683153152465820e+00,5.310373306274414062e+00,9.044315814971923828e-01,6.844828605651855469e+00,5.434018135070800781e+00,5.055037021636962891e+00,9.763147354125976562e+00,4.222847461700439453e+00
4.834165096282958984e+00,2.684829473495483398e+00,-1.959465026855468750e+00,5.341653823852539062e+00,9.859136939048767090e-01,6.910355091094970703e+00,5.572493076324462891e+00,5.153215885162353516e+00,9.858450889587402344e+00,4.299512863159179688e+00
4.836094379425048828e+00,2.555315971374511719e+00,-2.024770736694335938e+00,5.215225219726562500e+00,8.075999617576599121e-01,6.891726493835449219e+00,5.378540039062500000e+00,5.044667720794677734e+00,9.759460449218750000e+00,4.096411228179931641e+00
4.535530567169189453e+00,2.836304187774658203e+00,-2.061296701431274414e+00,5.350223541259765625e+00,9.530845284461975098e-01,6.858165740966796875e+00,5.560691833496093750e+00,5.179236888885498047e+00,9.715426445007324219e+00,4.294607639312744141e+00
4.818296909332275391e+00,2.429288864135742188e+00,-1.900417327880859375e+00,5.556849479675292969e+00,2.407413959503173828e+00,7.372668266296386719e+00,5.691731929779052734e+00,5.407940387725830078e+00,9.908303260803222656e+00,5.307454586029052734e+00
4.673443317413330078e+00,2.770226716995239258e+00,-2.022371292114257812e+00,5.425705432891845703e+00,2.011797428131103516e+00,7.364539623260498047e+00,5.745688438415527344e+00,5.603555202484130859e+00,1.011301898956298828e+01,4.741076469421386719e+00
4.530158042907714844e+00,2.746249437332153320e+00,-2.056097984313964844e+00,5.344385147094726562e+00,1.223165392875671387e+00,7.035473346710205078e+00,5.690279483795166016e+00,5.119122028350830078e+00,9.794218063354492188e+00,4.220696926116943359e+00
4.553713798522949219e+00,3.732700109481811523e+00,-1.793687343597412109e+00,5.885868072509765625e+00,2.478929042816162109e+00,7.863972187042236328e+00,6.808593273162841797e+00,6.206140995025634766e+00,1.129386520385742188e+01,4.487253665924072266e+00
4.375273704528808594e+00,3.728321075439453125e+00,-2.018931388854980469e+00,6.201588153839111328e+00,3.247583866119384766e+00,7.772609710693359375e+00,7.329052448272705078e+00,5.164455890655517578e+00,1.080465507507324219e+01,4.693912982940673828e+00
4.406354427337646484e+00,3.885244369506835938e+00,-1.902889013290405273e+00,6.027390480041503906e+00,2.744196653366088867e+00,7.350066661834716797e+00,6.938766956329345703e+00,6.089204788208007812e+00,1.108738327026367188e+01,4.491868019104003906e+00
4.311142444610595703e+00,3.649286985397338867e+00,-2.003381013870239258e+00,6.044107437133789062e+00,2.650772571563720703e+00,7.354879856109619141e+00,7.132667541503906250e+00,5.930026054382324219e+00,1.074818420410156250e+01,4.574284076690673828e+00
4.603447914123535156e+00,2.880720853805541992e+00,-2.038690090179443359e+00,5.789630413055419922e+00,1.976999640464782715e+00,7.215181827545166016e+00,6.560677528381347656e+00,5.834353923797607422e+00,1.022597312927246094e+01,4.420555591583251953e+00
4.599462032318115234e+00,3.866661787033081055e+00,-1.998079299926757812e+00,5.370613574981689453e+00,2.802990913391113281e+00,7.590992927551269531e+00,6.083991527557373047e+00,5.370526313781738281e+00,1.115733528137207031e+01,3.834832429885864258e+00
4.767953395843505859e+00,3.282917976379394531e+00,-1.744709253311157227e+00,5.812355518341064453e+00,2.343121051788330078e+00,7.377830028533935547e+00,6.626206874847412109e+00,6.291487693786621094e+00,1.089763450622558594e+01,4.534900188446044922e+00
4.363024711608886719e+00,3.589241027832031250e+00,-2.032509803771972656e+00,5.849247455596923828e+00,2.551902532577514648e+00,7.427265644073486328e+00,6.805838584899902344e+00,6.455453872680664062e+00,1.104748153686523438e+01,4.612073421478271484e+00
4.788156986236572266e+00,2.939813137054443359e+00,-1.952881813049316406e+00,5.717746734619140625e+00,1.916154384613037109e+00,7.320058345794677734e+00,6.328760147094726562e+00,5.868339061737060547e+00,1.042906379699707031e+01,4.379968166351318359e+00
4.719278812408447266e+00,2.902985334396362305e+00,-2.064247369766235352e+00,5.471431255340576172e+00,1.692793250083923340e+00,7.017508029937744141e+00,5.906017303466796875e+00,5.766913414001464844e+00,1.052968215942382812e+01,4.122908115386962891e+00
5.065092563629150391e+00,4.298239707946777344e+00,-1.292974710464477539e+00,5.536074638366699219e+00,1.532904028892517090e+00,6.343826770782470703e+00,5.667229652404785156e+00,6.899751663208007812e+00,1.116030883789062500e+01,4.722380161285400391e+00
4.378471851348876953e+00,2.597293376922607422e+00,-1.751986265182495117e+00,4.769188880920410156e+00,2.024429559707641602e+00,6.726922512054443359e+00,4.365807533264160156e+00,5.616597652435302734e+00,1.091142845153808594e+01,5.584405422210693359e+00
4.673748493194580078e+00,3.291045427322387695e+00,-1.872261285781860352e+00,5.236253738403320312e+00,2.172657012939453125e+00,6.925110340118408203e+00,5.189025402069091797e+00,5.638294696807861328e+00,1.072359848022460938e+01,5.483134269714355469e+00
4.549668312072753906e+00,2.464502334594726562e+00,-1.465100526809692383e+00,4.856347084045410156e+00,1.661628961563110352e+00,6.443401813507080078e+00,4.414257049560546875e+00,5.829589843750000000e+00,1.048267555236816406e+01,5.432069301605224609e+00
4.705038547515869141e+00,2.827342987060546875e+00,-1.691436052322387695e+00,5.290226936340332031e+00,1.176405429840087891e+00,6.810746669769287109e+00,5.689446449279785156e+00,5.797376155853271484e+00,1.042596244812011719e+01,4.431241989135742188e+00
4.602119922637939453e+00,3.136714696884155273e+00,-2.299267768859863281e+00,5.282248020172119141e+00,2.383964061737060547e+00,6.436165332794189453e+00,5.454764842987060547e+00,5.238393783569335938e+00,1.043061447143554688e+01,5.345814704895019531e+00
4.332912445068359375e+00,2.556987762451171875e+00,-2.039311170578002930e+00,5.000621318817138672e+00,2.276926279067993164e+00,7.183892250061035156e+00,4.901141643524169922e+00,5.652341842651367188e+00,1.042244911193847656e+01,5.072937011718750000e+00
4.545341014862060547e+00,2.753275156021118164e+00,-2.346162557601928711e+00,5.576488018035888672e+00,1.641419887542724609e+00,7.108043193817138672e+00,5.952796459197998047e+00,5.006003856658935547e+00,1.008923530578613281e+01,4.786092281341552734e+00
4.686639308929443359e+00,2.850805759429931641e+00,-1.717696428298950195e+00,5.252557754516601562e+00,2.330719470977783203e+00,6.761183261871337891e+00,5.440237045288085938e+00,5.546235561370849609e+00,1.025846195220947266e+01,4.985435009002685547e+00
4.638464927673339844e+00,2.718392372131347656e+00,-1.200785279273986816e+00,4.928242683410644531e+00,1.804473876953125000e+00,6.983665466308593750e+00,5.067502021789550781e+00,5.928728580474853516e+00,1.059187126159667969e+01,4.763888835906982422e+00
4.840092658996582031e+00,2.699378967285156250e+00,-1.497007608413696289e+00,5.562027454376220703e+00,1.460150122642517090e+00,5.739470005035400391e+00,4.140797615051269531e+00,5.977074623107910156e+00,1.115576553344726562e+01,4.149372100830078125e+00
4.819315910339355469e+00,3.160935163497924805e+00,-1.333456516265869141e+00,5.624009609222412109e+00,1.732232213020324707e+00,4.758445739746093750e+00,4.062279224395751953e+00,6.323665142059326172e+00,1.132648277282714844e+01,4.759206295013427734e+00
5.707543373107910156e+00,4.131145477294921875e+00,-9.639004468917846680e-01,5.960591793060302734e+00,9.432796239852905273e-01,4.225801467895507812e+00,3.962209224700927734e+00,6.912919521331787109e+00,1.192296218872070312e+01,4.523839473724365234e+00
5.280204772949218750e+00,2.286328077316284180e+00,-1.491912961006164551e+00,6.010751724243164062e+00,1.520876646041870117e+00,6.794752597808837891e+00,3.728776454925537109e+00,4.881131649017333984e+00,1.120348548889160156e+01,4.897300720214843750e+00
5.658685207366943359e+00,4.113160133361816406e+00,-9.826045036315917969e-01,5.934306621551513672e+00,7.926630377769470215e-01,4.290569305419921875e+00,4.059832572937011719e+00,6.901483058929443359e+00,1.197692871093750000e+01,4.494415760040283203e+00
4.588805198669433594e+00,3.290747404098510742e+00,-1.282185316085815430e+00,6.010446548461914062e+00,2.079405784606933594e+00,4.467830657958984375e+00,4.277353286743164062e+00,6.779029846191406250e+00,1.144574546813964844e+01,4.659331321716308594e+00
5.600523948669433594e+00,3.685535192489624023e+00,-1.102035045623779297e+00,5.838791370391845703e+00,9.253566861152648926e-01,4.365783214569091797e+00,4.040670394897460938e+00,6.961679458618164062e+00,1.185096740722656250e+01,4.399995803833007812e+00
5.449939250946044922e+00,4.119897842407226562e+00,-1.430806994438171387e+00,5.957124233245849609e+00,8.358603715896606445e-01,4.302031993865966797e+00,4.114095687866210938e+00,7.020943641662597656e+00,1.178861618041992188e+01,4.414772510528564453e+00
5.090751171112060547e+00,2.756739139556884766e+00,-1.593881130218505859e+00,5.735823631286621094e+00,1.526231884956359863e+00,5.238609313964843750e+00,4.569364547729492188e+00,6.503856658935546875e+00,1.124740982055664062e+01,4.354663372039794922e+00
4.479839801788330078e+00,2.824829816818237305e+00,-1.774067640304565430e+00,5.806000232696533203e+00,2.184637308120727539e+00,5.490287303924560547e+00,4.635352134704589844e+00,5.975731849670410156e+00,1.060845947265625000e+01,4.611368179321289062e+00
5.597765922546386719e+00,3.402656316757202148e+00,-8.146398067474365234e-01,5.364531040191650391e+00,1.484952092170715332e+00,5.595257759094238281e+00,5.424289226531982422e+00,6.767840862274169922e+00,1.185927772521972656e+01,4.310688018798828125e+00
5.587109088897705078e+00,3.411935091018676758e+00,-9.698840379714965820e-01,5.430549621582031250e+00,1.828387975692749023e+00,5.655339717864990234e+00,5.306797504425048828e+00,6.524041652679443359e+00,1.179197692871093750e+01,4.736760139465332031e+00
5.316825866699218750e+00,3.957875490188598633e+00,-1.073034167289733887e+00,5.922626018524169922e+00,1.138818979263305664e+00,5.050392627716064453e+00,5.263019084930419922e+00,6.382092475891113281e+00,1.192285728454589844e+01,4.664626598358154297e+00
5.021270751953125000e+00,3.891279458999633789e+00,-1.612259387969970703e+00,6.003499507904052734e+00,1.927345991134643555e+00,5.605307579040527344e+00,6.069065570831298828e+00,5.952699661254882812e+00,1.154906845092773438e+01,4.633771896362304688e+00
5.312110900878906250e+00,4.578815460205078125e+00,-1.202323436737060547e+00,5.953193187713623047e+00,1.153368234634399414e+00,4.735855102539062500e+00,4.841914176940917969e+00,6.411428451538085938e+00,1.197025680541992188e+01,4.525297164916992188e+00
4.974673748016357422e+00,5.208353042602539062e+00,-1.584633588790893555e+00,6.748900413513183594e+00,2.430983304977416992e+00,6.174411773681640625e+00,6.797353267669677734e+00,5.696947097778320312e+00,1.144949531555175781e+01,4.999047279357910156e+00
5.288382530212402344e+00,4.673986434936523438e+00,-1.231496334075927734e+00,6.001008987426757812e+00,1.201963186264038086e+00,4.779803752899169922e+00,4.887454509735107422e+00,6.487622261047363281e+00,1.195137214660644531e+01,4.569818019866943359e+00
5.666665077209472656e+00,4.317521095275878906e+00,-9.420204162597656250e-01,5.921539306640625000e+00,8.173831701278686523e-01,4.512950897216796875e+00,4.382636547088623047e+00,6.680060863494873047e+00,1.201153182983398438e+01,4.527343750000000000e+00
5.336026668548583984e+00,4.698122978210449219e+00,-1.171865224838256836e+00,6.083596229553222656e+00,1.115436315536499023e+00,4.813046455383300781e+00,5.077168464660644531e+00,6.368726730346679688e+00,1.199765014648437500e+01,4.623310565948486328e+00
5.763242721557617188e+00,4.434218406677246094e+00,-9.529082775115966797e-01,5.950511455535888672e+00,1.349833726882934570e+00,4.565217494964599609e+00,4.411876201629638672e+00,6.962624549865722656e+00,1.210930252075195312e+01,4.526046276092529297e+00
5.821999073028564453e+00,4.920192718505859375e+00,-9.406270980834960938e-01,6.086432456970214844e+00,1.097671508789062500e+00,4.568247318267822266e+00,4.643927574157714844e+00,6.790576457977294922e+00,1.214813995361328125e+01,4.560705661773681641e+00
5.792115211486816406e+00,4.770933151245117188e+00,-1.098250389099121094e+00,6.056468486785888672e+00,7.883424162864685059e-01,4.429037094116210938e+00,4.365226745605468750e+00,6.899454593658447266e+00,1.219895362854003906e+01,4.436820507049560547e+00
5.762021064758300781e+00,4.925282478332519531e+00,-1.036663651466369629e+00,6.128741264343261719e+00,8.701529502868652344e-01,4.409133911132812500e+00,4.392722129821777344e+00,6.893309116363525391e+00,1.220693778991699219e+01,4.481293678283691406e+00
5.544104576110839844e+00,5.410357475280761719e+00,-1.437365293502807617e+00,6.638791084289550781e+00,2.164147377014160156e+00,5.957329750061035156e+00,5.803986549377441406e+00,6.488639354705810547e+00,1.208445549011230469e+01,4.623207569122314453e+00
5.607377529144287109e+00,5.275501251220703125e+00,-1.323779344558715820e+00,6.460309028625488281e+00,1.501958608627319336e+00,5.584966182708740234e+00,5.428423404693603516e+00,6.603493213653564453e+00,1.201206779479980469e+01,4.606958389282226562e+00
4.965785026550292969e+00,2.795164823532104492e+00,-2.091916561126708984e+00,5.309210300445556641e+00,1.526763319969177246e+00,5.909175872802734375e+00,5.974162101745605469e+00,5.547517299652099609e+00,1.007249450683593750e+01,3.894228696823120117e+00
5.777308940887451172e+00,4.697108268737792969e+00,-1.114106178283691406e+00,6.036156177520751953e+00,7.155219912528991699e-01,4.303112983703613281e+00,4.304273128509521484e+00,6.909427165985107422e+00,1.224437332153320312e+01,4.450371742248535156e+00
5.789875030517578125e+00,4.844479560852050781e+00,-1.036598205566406250e+00,6.043368816375732422e+00,8.340415954589843750e-01,4.401361465454101562e+00,4.331236839294433594e+00,6.816282272338867188e+00,1.212316322326660156e+01,4.438321590423583984e+00
5.690690517425537109e+00,5.015604019165039062e+00,-1.239057421684265137e+00,6.273586750030517578e+00,1.282830715179443359e+00,4.871208190917968750e+00,4.799760818481445312e+00,6.734778404235839844e+00,1.206655311584472656e+01,4.448249816894531250e+00
5.235210418701171875e+00,4.455665588378906250e+00,-1.942901372909545898e+00,6.187350273132324219e+00,1.019512653350830078e+00,6.089987754821777344e+00,5.312098503112792969e+00,6.266451358795166016e+00,1.109597015380859375e+01,4.544113159179687500e+00
4.784957408905029297e+00,2.819392919540405273e+00,-2.405789136886596680e+00,5.470211029052734375e+00,9.104672670364379883e-01,6.478415966033935547e+00,5.345430850982666016e+00,4.890561580657958984e+00,9.614915847778320312e+00,4.161102294921875000e+00
4.926107883453369141e+00,3.318899154663085938e+00,-2.101700305938720703e+00,6.090286731719970703e+00,2.506231784820556641e+00,6.820983886718750000e+00,6.023623466491699219e+00,4.813125610351562500e+00,1.011754608154296875e+01,4.292695045471191406e+00
4.955460071563720703e+00,3.148692369461059570e+00,-2.187697172164916992e+00,5.774768829345703125e+00,2.051769733428955078e+00,6.679065227508544922e+00,5.732686042785644531e+00,4.752125740051269531e+00,1.000324058532714844e+01,4.221612930297851562e+00
5.032785892486572266e+00,3.344243288040161133e+00,-1.666392803192138672e+00,6.014767169952392578e+00,2.757557630538940430e+00,6.729599475860595703e+00,5.834111690521240234e+00,4.996379852294921875e+00,1.039683151245117188e+01,4.434874057769775391e+00
4.852760314941406250e+00,2.978302717208862305e+00,-2.389126300811767578e+00,5.533563613891601562e+00,1.312964677810668945e+00,6.500716209411621094e+00,5.404745101928710938e+00,4.813173770904541016e+00,9.730813980102539062e+00,4.211274623870849609e+00
4.763181686401367188e+00,2.752585887908935547e+00,-2.421269178390502930e+00,5.474582195281982422e+00,8.763899207115173340e-01,6.473493099212646484e+00,5.302591800689697266e+00,4.919848918914794922e+00,9.610012054443359375e+00,4.102383613586425781e+00
5.007463455200195312e+00,3.299710988998413086e+00,-1.732432365417480469e+00,5.889335632324218750e+00,2.389189958572387695e+00,6.598732471466064453e+00,5.809011936187744141e+00,5.030847072601318359e+00,1.023681354522705078e+01,4.290535926818847656e+00
4.999466419219970703e+00,3.090251922607421875e+00,-1.809340238571166992e+00,6.106457710266113281e+00,2.834194660186767578e+00,6.873229503631591797e+00,5.872465133666992188e+00,4.728793144226074219e+00,1.033759975433349609e+01,4.266681671142578125e+00
4.973151683807373047e+00,3.233399629592895508e+00,-1.504067659378051758e+00,6.001010417938232422e+00,3.292489767074584961e+00,6.892831802368164062e+00,5.948202610015869141e+00,5.057373046875000000e+00,1.067018508911132812e+01,4.335313320159912109e+00
4.874555110931396484e+00,2.961432695388793945e+00,-1.830372095108032227e+00,5.751286983489990234e+00,1.707084178924560547e+00,6.575176239013671875e+00,5.564263820648193359e+00,5.111660957336425781e+00,1.005436611175537109e+01,4.340922355651855469e+00
4.739081859588623047e+00,3.518523216247558594e+00,-2.110747575759887695e+00,6.033370971679687500e+00,2.762874364852905273e+00,7.010235786437988281e+00,6.424467086791992188e+00,4.943924903869628906e+00,1.008899879455566406e+01,4.072772502899169922e+00
4.671002864837646484e+00,3.498818874359130859e+00,-1.997400522232055664e+00,6.457469463348388672e+00,3.638455867767333984e+00,7.210783481597900391e+00,7.076094627380371094e+00,4.786261558532714844e+00,1.018881607055664062e+01,4.280708789825439453e+00
4.644938468933105469e+00,3.269661426544189453e+00,-2.520080804824829102e+00,5.857707023620605469e+00,2.129034519195556641e+00,6.955676555633544922e+00,6.078203678131103516e+00,5.310323238372802734e+00,9.842594146728515625e+00,4.142684936523437500e+00
4.641693592071533203e+00,3.360438823699951172e+00,-2.572276830673217773e+00,5.774380207061767578e+00,1.728039979934692383e+00,6.720165252685546875e+00,6.049354553222656250e+00,5.139354228973388672e+00,9.642745018005371094e+00,4.084921360015869141e+00
4.847515106201171875e+00,2.921220064163208008e+00,-2.157373189926147461e+00,5.857714176177978516e+00,2.499632358551025391e+00,7.228435993194580078e+00,6.075377464294433594e+00,5.256601333618164062e+00,1.008703041076660156e+01,4.060888767242431641e+00
5.176134109497070312e+00,3.586215734481811523e+00,-1.190973877906799316e+00,5.565807342529296875e+00,2.429008960723876953e+00,6.690087795257568359e+00,5.495081424713134766e+00,5.809445381164550781e+00,1.060857772827148438e+01,3.623330116271972656e+00
4.884349346160888672e+00,2.552019357681274414e+00,-2.133538007736206055e+00,5.504421710968017578e+00,1.141234874725341797e+00,6.699422836303710938e+00,5.521322727203369141e+00,5.183376312255859375e+00,9.680349349975585938e+00,4.045475006103515625e+00
5.000173091888427734e+00,2.894587516784667969e+00,-2.255270719528198242e+00,5.407007217407226562e+00,1.835638046264648438e+00,6.960871219635009766e+00,5.559702396392822266e+00,4.937361240386962891e+00,1.009795284271240234e+01,3.773573875427246094e+00
4.764932632446289062e+00,2.963911533355712891e+00,-2.457218408584594727e+00,5.398389339447021484e+00,7.985311150550842285e-01,6.569589138031005859e+00,5.417752265930175781e+00,5.063897609710693359e+00,9.598749160766601562e+00,4.052457809448242188e+00
4.790680885314941406e+00,2.864628314971923828e+00,-2.457383394241333008e+00,5.516006946563720703e+00,1.156575679779052734e+00,6.634569168090820312e+00,5.501892566680908203e+00,5.020723342895507812e+00,9.604567527770996094e+00,3.994500637054443359e+00
4.407314300537109375e+00,3.842848777770996094e+00,-2.557009935379028320e+00,6.104060649871826172e+00,2.633548736572265625e+00,7.001052379608154297e+00,6.258210659027099609e+00,4.776607513427734375e+00,1.010986614227294922e+01,4.479176998138427734e+00
4.490261554718017578e+00,3.745089530944824219e+00,-2.595112323760986328e+00,6.013123989105224609e+00,2.314692974090576172e+00,7.103012561798095703e+00,6.343944549560546875e+00,4.853859901428222656e+00,9.984081268310546875e+00,4.525729656219482422e+00
4.341713905334472656e+00,3.937008619308471680e+00,-2.580524444580078125e+00,6.330234050750732422e+00,2.562747001647949219e+00,7.186292648315429688e+00,6.576797485351562500e+00,4.867087364196777344e+00,1.006870555877685547e+01,4.618761062622070312e+00
4.497958183288574219e+00,3.657011985778808594e+00,-2.451094627380371094e+00,6.189631938934326172e+00,2.304313659667968750e+00,7.045873641967773438e+00,6.436829566955566406e+00,5.059790134429931641e+00,9.992486953735351562e+00,4.620624065399169922e+00
4.524978160858154297e+00,3.696176052093505859e+00,-2.378809928894042969e+00,5.937705993652343750e+00,2.105697154998779297e+00,6.989537239074707031e+00,6.063417434692382812e+00,4.789569377899169922e+00,9.981451034545898438e+00,4.529389858245849609e+00
4.563035011291503906e+00,3.642621278762817383e+00,-2.004619836807250977e+00,5.977890968322753906e+00,2.089848041534423828e+00,6.956912994384765625e+00,6.078194618225097656e+00,4.883036613464355469e+00,9.938501358032226562e+00,4.582479000091552734e+00
4.507986068725585938e+00,3.340465068817138672e+00,-2.647528409957885742e+00,5.911201000213623047e+00,1.645421624183654785e+00,6.932516098022460938e+00,6.072210788726806641e+00,4.982959747314453125e+00,9.739119529724121094e+00,4.424152374267578125e+00
4.394629478454589844e+00,3.727258920669555664e+00,-2.232520818710327148e+00,6.384988307952880859e+00,2.301787853240966797e+00,7.023671627044677734e+00,6.586733341217041016e+00,4.995572566986083984e+00,9.892448425292968750e+00,4.598224163055419922e+00
4.369885444641113281e+00,3.635204792022705078e+00,-2.804420709609985352e+00,6.099747657775878906e+00,2.186071872711181641e+00,7.052450180053710938e+00,6.307504177093505859e+00,4.941441059112548828e+00,9.881525993347167969e+00,4.505331039428710938e+00
4.411838054656982422e+00,3.849533796310424805e+00,-2.400665521621704102e+00,6.198780536651611328e+00,2.319718360900878906e+00,7.061313152313232422e+00,6.249185562133789062e+00,5.145029544830322266e+00,1.010519599914550781e+01,4.602694511413574219e+00
4.619403839111328125e+00,3.329571247100830078e+00,-1.590852737426757812e+00,6.148183345794677734e+00,3.183421611785888672e+00,4.980933189392089844e+00,5.503240585327148438e+00,4.295204639434814453e+00,1.093474006652832031e+01,5.102125167846679688e+00
4.691264629364013672e+00,3.209174633026123047e+00,-1.502995014190673828e+00,6.036399364471435547e+00,2.978250741958618164e+00,4.808172225952148438e+00,5.253633022308349609e+00,4.201293468475341797e+00,1.089971160888671875e+01,5.044208526611328125e+00
4.571996212005615234e+00,3.431956529617309570e+00,-1.498488187789916992e+00,6.199521064758300781e+00,3.456552743911743164e+00,4.987455844879150391e+00,5.659238815307617188e+00,4.463613033294677734e+00,1.097682380676269531e+01,5.118822574615478516e+00
4.606789588928222656e+00,3.253665685653686523e+00,-1.510465860366821289e+00,6.058131217956542969e+00,3.252676248550415039e+00,4.600786685943603516e+00,5.395404815673828125e+00,4.285936832427978516e+00,1.091706848144531250e+01,5.041752338409423828e+00
4.544689178466796875e+00,3.366764068603515625e+00,-1.472139239311218262e+00,6.089064598083496094e+00,3.354979753494262695e+00,4.827823162078857422e+00,5.560881137847900391e+00,4.450722217559814453e+00,1.093012428283691406e+01,4.989676475524902344e+00
4.700009346008300781e+00,2.906822204589843750e+00,-1.395931482315063477e+00,5.690597057342529297e+00,2.415738105773925781e+00,4.023353099822998047e+00,4.577979564666748047e+00,4.081785202026367188e+00,1.069952583312988281e+01,4.744249820709228516e+00
4.526152610778808594e+00,3.671227693557739258e+00,-1.760429620742797852e+00,6.062088489532470703e+00,3.096575498580932617e+00,5.633265972137451172e+00,5.644328594207763672e+00,4.379108428955078125e+00,1.100293350219726562e+01,4.723686695098876953e+00
4.565310001373291016e+00,3.281954526901245117e+00,-1.631552934646606445e+00,6.042832374572753906e+00,3.086689233779907227e+00,4.773523807525634766e+00,5.381709575653076172e+00,4.237115859985351562e+00,1.087516784667968750e+01,4.922129631042480469e+00
4.407068729400634766e+00,3.363113164901733398e+00,-1.887432098388671875e+00,5.954168796539306641e+00,2.981397628784179688e+00,5.217258930206298828e+00,5.440062046051025391e+00,4.159677028656005859e+00,1.085970306396484375e+01,4.693670272827148438e+00
4.505211830139160156e+00,3.422273159027099609e+00,-1.590345144271850586e+00,6.045997619628906250e+00,3.295956611633300781e+00,5.021293163299560547e+00,5.542689800262451172e+00,4.471498012542724609e+00,1.092531585693359375e+01,4.858603954315185547e+00
4.413306713104248047e+00,4.655037879943847656e+00,-2.305286407470703125e+00,7.017740249633789062e+00,4.147937297821044922e+00,7.640043258666992188e+00,7.401485443115234375e+00,5.750961780548095703e+00,1.131232833862304688e+01,5.156176090240478516e+00
4.597903728485107422e+00,4.599396228790283203e+00,-2.183158159255981445e+00,7.073989868164062500e+00,4.184852600097656250e+00,7.713158607482910156e+00,7.501788139343261719e+00,5.833286762237548828e+00,1.129059410095214844e+01,5.238343715667724609e+00
4.431687355041503906e+00,4.559926509857177734e+00,-2.388410091400146484e+00,7.141569614410400391e+00,4.184290885925292969e+00,7.751100540161132812e+00,7.519891738891601562e+00,5.584864139556884766e+00,1.112055206298828125e+01,5.226746559143066406e+00
4.675375938415527344e+00,4.584782600402832031e+00,-1.990308761596679688e+00,7.068824291229248047e+00,4.161738395690917969e+00,7.705231666564941406e+00,7.469693660736083984e+00,6.293059825897216797e+00,1.146489906311035156e+01,5.244417667388916016e+00
4.376413345336914062e+00,4.471845626831054688e+00,-2.553413867950439453e+00,7.256428718566894531e+00,4.131542205810546875e+00,7.915304183959960938e+00,7.668591499328613281e+00,5.380919933319091797e+00,1.083464431762695312e+01,5.269392490386962891e+00
4.461682319641113281e+00,4.437704086303710938e+00,-2.420771360397338867e+00,7.271538257598876953e+00,4.183869361877441406e+00,7.936241149902343750e+00,7.647548198699951172e+00,5.415359497070312500e+00,1.079278182983398438e+01,5.327685356140136719e+00
4.248343467712402344e+00,4.673302650451660156e+00,-2.669814586639404297e+00,7.240198135375976562e+00,4.065519332885742188e+00,7.847028255462646484e+00,7.738472938537597656e+00,5.041338443756103516e+00,1.064777183532714844e+01,5.152051448822021484e+00
4.279072284698486328e+00,4.734845161437988281e+00,-2.004706859588623047e+00,7.061201572418212891e+00,4.174134254455566406e+00,7.627252578735351562e+00,7.332313060760498047e+00,5.210267066955566406e+00,1.091482734680175781e+01,5.147943019866943359e+00
4.367445945739746094e+00,4.596800804138183594e+00,-2.575902700424194336e+00,7.314887523651123047e+00,4.132276535034179688e+00,7.890264034271240234e+00,7.782608509063720703e+00,5.144753456115722656e+00,1.064925765991210938e+01,5.258202075958251953e+00
4.540295600891113281e+00,4.851079940795898438e+00,-1.776091337203979492e+00,7.061092376708984375e+00,4.246528625488281250e+00,7.558746337890625000e+00,7.357792854309082031e+00,5.720474243164062500e+00,1.132854080200195312e+01,5.241570949554443359e+00
4.414801120758056641e+00,5.097120285034179688e+00,-1.857694625854492188e+00,7.117879867553710938e+00,4.190788745880126953e+00,7.540939807891845703e+00,7.536712646484375000e+00,5.425940990447998047e+00,1.122289276123046875e+01,5.240322113037109375e+00
4.541634082794189453e+00,4.848421096801757812e+00,-2.084964275360107422e+00,7.241734981536865234e+00,4.220099925994873047e+00,7.716959953308105469e+00,7.661657810211181641e+00,5.516762256622314453e+00,1.114270401000976562e+01,5.304100990295410156e+00
4.486595630645751953e+00,4.610416412353515625e+00,-2.225233793258666992e+00,7.268157005310058594e+00,4.206346511840820312e+00,7.789300441741943359e+00,7.609929561614990234e+00,5.471208572387695312e+00,1.093324851989746094e+01,5.338923454284667969e+00
4.586068630218505859e+00,4.932543754577636719e+00,-1.564789295196533203e+00,7.013211250305175781e+00,4.227746009826660156e+00,7.478814601898193359e+00,7.365462303161621094e+00,5.647131443023681641e+00,1.137042045593261719e+01,5.249359607696533203e+00
4.469246864318847656e+00,4.663372516632080078e+00,-2.294836997985839844e+00,7.353556156158447266e+00,4.221924304962158203e+00,7.814041614532470703e+00,7.716953754425048828e+00,5.279326438903808594e+00,1.074447059631347656e+01,5.369997501373291016e+00
4.515161991119384766e+00,4.443674564361572266e+00,-2.404951572418212891e+00,7.391490936279296875e+00,4.211187362670898438e+00,7.973977088928222656e+00,7.735044956207275391e+00,5.322693824768066406e+00,1.063990592956542969e+01,5.395004272460937500e+00
4.265845298767089844e+00,4.903631210327148438e+00,-2.130661725997924805e+00,7.021189212799072266e+00,4.021982192993164062e+00,7.393642425537109375e+00,7.331996917724609375e+00,4.991239070892333984e+00,1.091406059265136719e+01,5.091613769531250000e+00
4.309479236602783203e+00,4.915516853332519531e+00,-2.527803897857666016e+00,7.444117069244384766e+00,4.137490272521972656e+00,7.759642124176025391e+00,7.968931198120117188e+00,4.978239536285400391e+00,1.065602302551269531e+01,5.264274597167968750e+00
4.349063396453857422e+00,4.731566905975341797e+00,-2.552638530731201172e+00,7.432591915130615234e+00,4.142534255981445312e+00,7.706512928009033203e+00,7.889533996582031250e+00,4.939387798309326172e+00,1.040095138549804688e+01,5.253131866455078125e+00
4.538019180297851562e+00,4.924272537231445312e+00,-1.825810670852661133e+00,7.173408508300781250e+00,4.231762886047363281e+00,7.500673294067382812e+00,7.495139598846435547e+00,5.532191276550292969e+00,1.114211654663085938e+01,5.289001464843750000e+00
5.100839138031005859e+00,3.110438108444213867e+00,-1.322581291198730469e+00,5.893494606018066406e+00,1.189379453659057617e+00,9.757807731628417969e+00,4.364171504974365234e+00,7.415720462799072266e+00,1.104282379150390625e+01,4.911252975463867188e+00
4.873233318328857422e+00,2.896570205688476562e+00,-1.512860894203186035e+00,5.840756893157958984e+00,1.095944166183471680e+00,8.961441993713378906e+00,3.949444770812988281e+00,6.671416282653808594e+00,1.079515647888183594e+01,4.919687747955322266e+00
5.101324558258056641e+00,2.918742895126342773e+00,-1.369052052497863770e+00,5.559401988983154297e+00,5.906149148941040039e-01,9.669466972351074219e+00,4.168086051940917969e+00,7.808889865875244141e+00,1.067930221557617188e+01,4.411464691162109375e+00
5.098773956298828125e+00,3.066367149353027344e+00,-1.240394592285156250e+00,5.611344337463378906e+00,6.401003599166870117e-01,9.705574989318847656e+00,4.272908210754394531e+00,7.813488960266113281e+00,1.056287956237792969e+01,4.372486114501953125e+00
5.146707057952880859e+00,2.915773630142211914e+00,-1.194954872131347656e+00,5.712037086486816406e+00,7.347010374069213867e-01,1.004071712493896484e+01,4.239403724670410156e+00,7.855318069458007812e+00,1.072453689575195312e+01,4.493032455444335938e+00
5.088080406188964844e+00,2.971155405044555664e+00,-1.378014564514160156e+00,5.614447593688964844e+00,6.197013258934020996e-01,9.797903060913085938e+00,4.158469676971435547e+00,7.793124198913574219e+00,1.068558120727539062e+01,4.408521652221679688e+00
5.089406013488769531e+00,2.927388906478881836e+00,-1.291542530059814453e+00,5.568465232849121094e+00,6.252583861351013184e-01,9.794057846069335938e+00,4.106225490570068359e+00,7.778949260711669922e+00,1.068083953857421875e+01,4.394041538238525391e+00
5.043422222137451172e+00,2.993592739105224609e+00,-1.422641396522521973e+00,5.549216270446777344e+00,6.123445034027099609e-01,9.660429000854492188e+00,4.212297916412353516e+00,7.740924358367919922e+00,1.071274948120117188e+01,4.399309158325195312e+00
4.127543449401855469e+00,1.841145873069763184e+00,-2.013114452362060547e+00,4.384724140167236328e+00,1.998263299465179443e-01,7.676847934722900391e+00,2.824192762374877930e+00,6.107428550720214844e+00,9.578081130981445312e+00,3.387203216552734375e+00
5.133847713470458984e+00,3.022349834442138672e+00,-1.229396700859069824e+00,5.640071392059326172e+00,6.653416156768798828e-01,9.830099105834960938e+00,4.228016853332519531e+00,7.822537899017333984e+00,1.070408248901367188e+01,4.432955265045166016e+00
5.275422573089599609e+00,3.431413173675537109e+00,-1.732259511947631836e+00,4.769120216369628906e+00,2.475646495819091797e+00,7.632408142089843750e+00,4.569849967956542969e+00,4.959739208221435547e+00,1.147417449951171875e+01,3.443402051925659180e+00
5.107255935668945312e+00,3.020871162414550781e+00,-1.708244800567626953e+00,4.593605041503906250e+00,1.476099371910095215e+00,7.398738861083984375e+00,3.805065870285034180e+00,4.597811222076416016e+00,1.068728065490722656e+01,3.912870407104492188e+00
5.155711650848388672e+00,3.344101667404174805e+00,-1.617910623550415039e+00,5.082396984100341797e+00,5.672246813774108887e-01,6.507083415985107422e+00,4.425053596496582031e+00,5.439464092254638672e+00,1.023545837402343750e+01,3.912739276885986328e+00
5.313966751098632812e+00,3.105752468109130859e+00,-1.853865623474121094e+00,4.955112457275390625e+00,4.488565325736999512e-01,6.444937705993652344e+00,4.189677715301513672e+00,4.951397418975830078e+00,1.035310554504394531e+01,4.063493728637695312e+00
4.939048290252685547e+00,2.926995515823364258e+00,-1.955760717391967773e+00,4.713657379150390625e+00,1.604566097259521484e+00,7.590109348297119141e+00,4.019655704498291016e+00,4.664158821105957031e+00,1.073704719543457031e+01,3.845245838165283203e+00
4.204170227050781250e+00,2.367885112762451172e+00,-2.300677537918090820e+00,4.312582969665527344e+00,1.871392130851745605e+00,7.386813163757324219e+00,3.556838750839233398e+00,4.598987579345703125e+00,1.051425933837890625e+01,3.614119291305541992e+00
4.534086704254150391e+00,2.214418411254882812e+00,-2.362532377243041992e+00,4.113033771514892578e+00,1.549351692199707031e+00,7.407341480255126953e+00,2.797962665557861328e+00,4.046229362487792969e+00,1.050452232360839844e+01,3.787966489791870117e+00
4.240469932556152344e+00,2.015050649642944336e+00,-2.676061391830444336e+00,3.942636966705322266e+00,1.279221177101135254e+00,7.437760353088378906e+00,2.262241125106811523e+00,4.212735652923583984e+00,1.027902317047119141e+01,3.900256156921386719e+00
4.662357330322265625e+00,2.550350666046142578e+00,-2.552442550659179688e+00,4.253582954406738281e+00,7.122363448143005371e-01,6.885212898254394531e+00,3.121961355209350586e+00,4.753547668457031250e+00,1.035229301452636719e+01,3.776846647262573242e+00
4.441089153289794922e+00,2.288405895233154297e+00,-2.615889310836791992e+00,4.191048622131347656e+00,1.440350532531738281e+00,7.526532173156738281e+00,3.080657720565795898e+00,4.197494983673095703e+00,1.046311759948730469e+01,3.794034957885742188e+00
4.614166736602783203e+00,3.616049051284790039e+00,-1.601989507675170898e+00,5.584585189819335938e+00,2.255608081817626953e+00,4.864369869232177734e+00,5.590084075927734375e+00,5.007030487060546875e+00,1.132066535949707031e+01,4.263476371765136719e+00
4.359711647033691406e+00,3.986222505569458008e+00,-1.942234516143798828e+00,6.024322032928466797e+00,2.550092220306396484e+00,6.125169754028320312e+00,6.557030677795410156e+00,4.928873062133789062e+00,1.114730644226074219e+01,4.315355777740478516e+00
4.133896350860595703e+00,4.162480831146240234e+00,-2.435367107391357422e+00,6.317797660827636719e+00,3.257245302200317383e+00,6.642654895782470703e+00,7.155078411102294922e+00,4.528047084808349609e+00,1.057493972778320312e+01,4.458021640777587891e+00
4.630198955535888672e+00,3.848688602447509766e+00,-1.698250532150268555e+00,5.955757141113281250e+00,2.709016799926757812e+00,6.595060825347900391e+00,6.946426868438720703e+00,4.651177406311035156e+00,1.062011528015136719e+01,4.509810447692871094e+00
4.898943424224853516e+00,4.080679893493652344e+00,-1.708540201187133789e+00,6.163537025451660156e+00,2.509268522262573242e+00,5.415612220764160156e+00,6.380066871643066406e+00,5.887879371643066406e+00,1.148267173767089844e+01,4.844131946563720703e+00
5.187071800231933594e+00,4.246304035186767578e+00,-1.548678874969482422e+00,6.219701766967773438e+00,2.545510053634643555e+00,5.913134098052978516e+00,6.459366321563720703e+00,6.260650157928466797e+00,1.151552200317382812e+01,4.599127769470214844e+00
5.491127014160156250e+00,4.622842788696289062e+00,-1.131248712539672852e+00,6.061358451843261719e+00,2.062877655029296875e+00,5.476108074188232422e+00,5.898483753204345703e+00,6.892663002014160156e+00,1.212738418579101562e+01,4.686290740966796875e+00
4.948543548583984375e+00,3.735344409942626953e+00,-1.232190012931823730e+00,5.800423145294189453e+00,2.979841470718383789e+00,6.889601707458496094e+00,6.445304393768310547e+00,5.400103569030761719e+00,1.062068367004394531e+01,4.304773807525634766e+00
5.220954418182373047e+00,4.094758987426757812e+00,-1.280553340911865234e+00,5.975359916687011719e+00,1.997822761535644531e+00,5.498272895812988281e+00,5.798151493072509766e+00,5.946259021759033203e+00,1.163524436950683594e+01,4.349011421203613281e+00
5.180019378662109375e+00,3.231977462768554688e+00,-1.179791331291198730e+00,5.832279682159423828e+00,3.101652860641479492e+00,7.273492813110351562e+00,6.777651309967041016e+00,4.933353424072265625e+00,1.057026672363281250e+01,4.244474887847900391e+00
4.461946010589599609e+00,4.197129249572753906e+00,-1.766663074493408203e+00,6.086753368377685547e+00,2.559569835662841797e+00,7.043388366699218750e+00,7.476086139678955078e+00,6.585412979125976562e+00,1.124639320373535156e+01,4.900581359863281250e+00
4.278344631195068359e+00,5.349802017211914062e+00,-2.293521404266357422e+00,7.384474754333496094e+00,3.783474206924438477e+00,7.618693828582763672e+00,8.503003120422363281e+00,4.892950534820556641e+00,1.102042388916015625e+01,5.332502841949462891e+00
4.226716995239257812e+00,5.552619934082031250e+00,-2.640977859497070312e+00,8.092582702636718750e+00,4.103151321411132812e+00,7.958250522613525391e+00,9.158041954040527344e+00,4.362170219421386719e+00,1.059640502929687500e+01,5.455416202545166016e+00
4.579139709472656250e+00,4.007296562194824219e+00,-1.684798955917358398e+00,6.087745666503906250e+00,2.335678100585937500e+00,6.337248325347900391e+00,7.338192939758300781e+00,6.097073554992675781e+00,1.121452903747558594e+01,4.837734699249267578e+00
4.297636032104492188e+00,4.896334648132324219e+00,-2.004965543746948242e+00,6.446991443634033203e+00,3.063409090042114258e+00,7.301547050476074219e+00,7.401916980743408203e+00,6.422095775604248047e+00,1.141350364685058594e+01,5.053614139556884766e+00
4.847856044769287109e+00,3.644997119903564453e+00,-8.824263811111450195e-01,5.935831546783447266e+00,1.730645537376403809e+00,5.750297069549560547e+00,7.385228633880615234e+00,6.073671340942382812e+00,1.146914100646972656e+01,4.792854785919189453e+00
4.774366378784179688e+00,4.054286956787109375e+00,-1.029498696327209473e+00,6.030221939086914062e+00,1.959950566291809082e+00,6.230526447296142578e+00,7.335688114166259766e+00,6.325360298156738281e+00,1.154261016845703125e+01,4.822303771972656250e+00
4.319468498229980469e+00,4.699074745178222656e+00,-2.371341943740844727e+00,7.093356609344482422e+00,3.661547422409057617e+00,7.353321552276611328e+00,8.456455230712890625e+00,5.366321086883544922e+00,1.068564605712890625e+01,5.163924694061279297e+00
4.226430416107177734e+00,5.498762130737304688e+00,-2.711759328842163086e+00,8.035778045654296875e+00,4.114315032958984375e+00,7.984779357910156250e+00,9.061009407043457031e+00,4.471200466156005859e+00,1.061270713806152344e+01,5.449059009552001953e+00
4.792026996612548828e+00,3.797055959701538086e+00,-1.342146515846252441e+00,6.032732486724853516e+00,2.141303062438964844e+00,6.106088638305664062e+00,7.482083320617675781e+00,6.021749019622802734e+00,1.126830673217773438e+01,4.791590213775634766e+00
4.803700923919677734e+00,2.678209781646728516e+00,-2.052949905395507812e+00,5.449976921081542969e+00,7.719357013702392578e-01,6.539813518524169922e+00,5.310930728912353516e+00,4.981067657470703125e+00,9.538980484008789062e+00,4.217780590057373047e+00
4.771555900573730469e+00,2.887045145034790039e+00,-2.405217409133911133e+00,5.264088630676269531e+00,6.539545059204101562e-01,6.542259693145751953e+00,5.435280799865722656e+00,4.960318088531494141e+00,9.555601119995117188e+00,4.106118202209472656e+00
4.740716934204101562e+00,2.978047847747802734e+00,-2.657208204269409180e+00,5.355700016021728516e+00,7.563811540603637695e-01,6.457952499389648438e+00,5.333267688751220703e+00,4.911942958831787109e+00,9.514308929443359375e+00,4.086457729339599609e+00
4.772323608398437500e+00,2.761471271514892578e+00,-2.196912765502929688e+00,5.569153308868408203e+00,1.082476377487182617e+00,6.531595706939697266e+00,5.267854213714599609e+00,4.774034500122070312e+00,9.626647949218750000e+00,4.356305599212646484e+00
4.876191139221191406e+00,3.394741535186767578e+00,-1.446147203445434570e+00,5.655907630920410156e+00,1.836148977279663086e+00,6.397592067718505859e+00,5.206380367279052734e+00,5.256861209869384766e+00,1.048825073242187500e+01,4.391807556152343750e+00
4.843051433563232422e+00,3.435775518417358398e+00,-1.366751194000244141e+00,5.661645889282226562e+00,1.808874845504760742e+00,6.422062397003173828e+00,5.229253768920898438e+00,5.318878650665283203e+00,1.055638694763183594e+01,4.415040493011474609e+00
4.902268886566162109e+00,3.454498052597045898e+00,-1.285041451454162598e+00,5.716271400451660156e+00,1.956452965736389160e+00,6.401168823242187500e+00,5.216878890991210938e+00,5.379580020904541016e+00,1.063204765319824219e+01,4.475114345550537109e+00
4.850099563598632812e+00,3.105370521545410156e+00,-1.640235424041748047e+00,5.674309730529785156e+00,1.516475200653076172e+00,6.478396415710449219e+00,5.435736656188964844e+00,5.094003200531005859e+00,1.014910507202148438e+01,4.296844482421875000e+00
4.636219978332519531e+00,2.807780265808105469e+00,-1.950501203536987305e+00,5.966960906982421875e+00,3.217961788177490234e+00,6.655965805053710938e+00,6.004960060119628906e+00,4.594596385955810547e+00,1.005935859680175781e+01,4.045234203338623047e+00
4.931621551513671875e+00,3.582137107849121094e+00,-1.061530113220214844e+00,5.855125904083251953e+00,2.562941074371337891e+00,6.456662654876708984e+00,5.310412406921386719e+00,5.396840572357177734e+00,1.092538070678710938e+01,4.563616275787353516e+00
5.186458110809326172e+00,3.144644498825073242e+00,-1.985007762908935547e+00,5.603000164031982422e+00,3.096636056900024414e+00,7.280288696289062500e+00,6.153600215911865234e+00,4.650223731994628906e+00,1.038303184509277344e+01,4.006073951721191406e+00
5.259264469146728516e+00,3.002290010452270508e+00,-1.864686727523803711e+00,5.578428268432617188e+00,2.684632062911987305e+00,7.247203826904296875e+00,6.020891189575195312e+00,4.649878978729248047e+00,1.024732589721679688e+01,4.078535079956054688e+00
4.797869682312011719e+00,2.824786186218261719e+00,-2.280072212219238281e+00,5.750662326812744141e+00,1.774465799331665039e+00,6.722084522247314453e+00,6.375447273254394531e+00,4.974892616271972656e+00,9.724246978759765625e+00,4.162649631500244141e+00
5.016460418701171875e+00,2.688724517822265625e+00,-1.995841026306152344e+00,5.587423801422119141e+00,1.820009946823120117e+00,6.791028976440429688e+00,6.124670982360839844e+00,4.763542175292968750e+00,9.984148025512695312e+00,4.009210109710693359e+00
4.890148639678955078e+00,2.537752628326416016e+00,-1.814396381378173828e+00,5.373509883880615234e+00,6.839498281478881836e-01,6.582859039306640625e+00,5.504113197326660156e+00,5.129436969757080078e+00,9.693042755126953125e+00,4.013884544372558594e+00
4.917008876800537109e+00,2.464226722717285156e+00,-1.958499193191528320e+00,5.661393642425537109e+00,2.101362228393554688e+00,6.993920326232910156e+00,6.250978946685791016e+00,5.053804874420166016e+00,9.892816543579101562e+00,4.186479091644287109e+00
4.820134639739990234e+00,2.541548728942871094e+00,-2.078597545623779297e+00,5.499173641204833984e+00,1.303866147994995117e+00,6.667304515838623047e+00,5.733935356140136719e+00,5.092664241790771484e+00,9.664093017578125000e+00,4.235729694366455078e+00
4.696325302124023438e+00,3.136515855789184570e+00,-2.311915636062622070e+00,5.827561378479003906e+00,1.240698814392089844e+00,6.788232803344726562e+00,5.970381736755371094e+00,4.850318908691406250e+00,9.610589981079101562e+00,4.203088283538818359e+00
4.864550590515136719e+00,3.344330310821533203e+00,-2.350825309753417969e+00,5.802302837371826172e+00,1.874364972114562988e+00,6.699387550354003906e+00,6.044635295867919922e+00,4.811605453491210938e+00,9.931034088134765625e+00,4.007299900054931641e+00
4.647449970245361328e+00,2.918465852737426758e+00,-2.193450927734375000e+00,5.983942031860351562e+00,2.062033176422119141e+00,6.912799835205078125e+00,6.653663158416748047e+00,5.199849605560302734e+00,9.793109893798828125e+00,4.415443897247314453e+00
4.949023246765136719e+00,3.400826454162597656e+00,-9.152258634567260742e-01,5.954622268676757812e+00,1.621821284294128418e+00,5.473023414611816406e+00,7.379761695861816406e+00,5.669005393981933594e+00,1.092566108703613281e+01,4.640341281890869141e+00
4.684733390808105469e+00,2.877143859863281250e+00,-1.804359912872314453e+00,5.833498954772949219e+00,2.054978370666503906e+00,6.466442584991455078e+00,6.843494415283203125e+00,5.259354591369628906e+00,1.012082767486572266e+01,4.396482944488525391e+00
4.887161254882812500e+00,3.254647254943847656e+00,-1.384766817092895508e+00,5.873655319213867188e+00,1.837885022163391113e+00,5.827705383300781250e+00,7.214559078216552734e+00,5.373048305511474609e+00,1.048587036132812500e+01,4.488969326019287109e+00
4.736482143402099609e+00,2.976572036743164062e+00,-2.540512084960937500e+00,5.371661186218261719e+00,6.514508724212646484e-01,6.512457847595214844e+00,5.373836994171142578e+00,4.912381649017333984e+00,9.564491271972656250e+00,3.969029426574707031e+00
4.361730575561523438e+00,4.016286849975585938e+00,-2.108645677566528320e+00,6.663111686706542969e+00,3.070019006729125977e+00,7.012022495269775391e+00,7.568534374237060547e+00,5.208014488220214844e+00,1.015686035156250000e+01,4.646126270294189453e+00
4.758819580078125000e+00,2.409772872924804688e+00,-1.986224651336669922e+00,5.614859104156494141e+00,2.286969423294067383e+00,6.701958656311035156e+00,6.496530532836914062e+00,5.148634433746337891e+00,9.997991561889648438e+00,4.128695487976074219e+00
4.794284343719482422e+00,2.959994316101074219e+00,-1.613995313644409180e+00,5.781867980957031250e+00,1.634407401084899902e+00,6.498894691467285156e+00,7.230815887451171875e+00,5.037893772125244141e+00,1.011362457275390625e+01,4.532721996307373047e+00
4.834872722625732422e+00,2.612443447113037109e+00,-1.851581811904907227e+00,5.314648151397705078e+00,7.055487632751464844e-01,6.555760383605957031e+00,5.589563846588134766e+00,5.015327453613281250e+00,9.649284362792968750e+00,4.068647861480712891e+00
4.628324508666992188e+00,2.981793165206909180e+00,-2.587364673614501953e+00,5.710889816284179688e+00,1.430086970329284668e+00,6.656345844268798828e+00,6.541201114654541016e+00,5.037899971008300781e+00,9.849426269531250000e+00,4.279948234558105469e+00
4.869514942169189453e+00,3.155402898788452148e+00,-1.582407951354980469e+00,5.713417053222656250e+00,1.625650048255920410e+00,5.779504776000976562e+00,6.469017028808593750e+00,5.500584602355957031e+00,1.040065383911132812e+01,4.261438369750976562e+00
5.725360393524169922e+00,4.708408832550048828e+00,-9.454191327095031738e-01,5.939321041107177734e+00,1.068673849105834961e+00,4.859914302825927734e+00,4.978896617889404297e+00,6.912469387054443359e+00,1.213220596313476562e+01,4.508471488952636719e+00
5.745154380798339844e+00,4.591989040374755859e+00,-9.153312444686889648e-01,5.900772094726562500e+00,7.675515413284301758e-01,4.387821674346923828e+00,4.301716327667236328e+00,6.899967670440673828e+00,1.218226051330566406e+01,4.394496440887451172e+00
4.851472377777099609e+00,3.557247400283813477e+00,-1.093944787979125977e+00,6.131312847137451172e+00,1.219800949096679688e+00,5.477696418762207031e+00,6.848501682281494141e+00,5.746794223785400391e+00,1.121504402160644531e+01,4.851953506469726562e+00
4.901536941528320312e+00,3.379063367843627930e+00,-1.643809080123901367e+00,5.754309654235839844e+00,7.091453075408935547e-01,5.815577507019042969e+00,5.209627628326416016e+00,5.938244342803955078e+00,1.062192535400390625e+01,4.419077873229980469e+00
5.174904346466064453e+00,4.147735595703125000e+00,-1.163516044616699219e+00,5.993207931518554688e+00,1.635089755058288574e+00,5.263075351715087891e+00,5.950426101684570312e+00,6.191473484039306641e+00,1.141844367980957031e+01,4.785913944244384766e+00
4.857799053192138672e+00,2.673016309738159180e+00,-1.765874862670898438e+00,5.421124935150146484e+00,5.126547813415527344e-01,6.648476123809814453e+00,5.506733417510986328e+00,5.158228397369384766e+00,9.742399215698242188e+00,4.222996234893798828e+00
4.815670967102050781e+00,2.664744853973388672e+00,-1.839382886886596680e+00,5.540019035339355469e+00,8.261978030204772949e-01,6.519233226776123047e+00,5.955828666687011719e+00,5.267161846160888672e+00,9.897146224975585938e+00,4.325952529907226562e+00
4.757342338562011719e+00,2.864486932754516602e+00,-2.174474000930786133e+00,5.563490867614746094e+00,5.828946828842163086e-01,6.603965282440185547e+00,5.467734336853027344e+00,5.140082836151123047e+00,9.802192687988281250e+00,4.204849243164062500e+00
4.873011112213134766e+00,2.671337604522705078e+00,-1.927538871765136719e+00,5.471449375152587891e+00,1.154713273048400879e+00,6.554205417633056641e+00,6.073944568634033203e+00,5.207531452178955078e+00,1.001953506469726562e+01,4.289687633514404297e+00
4.783723831176757812e+00,3.089945077896118164e+00,-1.903754234313964844e+00,5.619550704956054688e+00,6.509539484977722168e-01,6.396787643432617188e+00,5.321798801422119141e+00,5.545520305633544922e+00,1.013633155822753906e+01,4.305195331573486328e+00
4.878815174102783203e+00,2.742661476135253906e+00,-1.968253135681152344e+00,5.384944915771484375e+00,6.512870192527770996e-01,6.738389968872070312e+00,5.573396682739257812e+00,5.144342899322509766e+00,9.777015686035156250e+00,4.182104110717773438e+00
4.591822624206542969e+00,2.880198717117309570e+00,-2.556490421295166016e+00,5.525137424468994141e+00,1.169363737106323242e+00,6.782853126525878906e+00,5.975767612457275391e+00,5.187959194183349609e+00,9.773363113403320312e+00,4.250056743621826172e+00
4.817872524261474609e+00,2.731746673583984375e+00,-2.011606693267822266e+00,5.418766498565673828e+00,5.714143514633178711e-01,6.743443012237548828e+00,5.577709197998046875e+00,5.146486282348632812e+00,9.714761734008789062e+00,4.132535934448242188e+00
4.864029407501220703e+00,2.737852096557617188e+00,-1.788801193237304688e+00,5.388695240020751953e+00,5.548800230026245117e-01,6.698938846588134766e+00,5.552542686462402344e+00,5.129244804382324219e+00,9.745684623718261719e+00,4.184636592864990234e+00
4.883158683776855469e+00,2.765766382217407227e+00,-2.049768209457397461e+00,5.406438827514648438e+00,7.086986303329467773e-01,6.726051807403564453e+00,5.568616390228271484e+00,5.128767967224121094e+00,9.765901565551757812e+00,4.198458671569824219e+00
4.848009586334228516e+00,2.759029388427734375e+00,-2.009729146957397461e+00,5.398263454437255859e+00,6.166499853134155273e-01,6.767380714416503906e+00,5.544475555419921875e+00,5.114842891693115234e+00,9.718851089477539062e+00,4.167215824127197266e+00
4.900107860565185547e+00,2.774243354797363281e+00,-1.960507869720458984e+00,5.373456954956054688e+00,5.800148248672485352e-01,6.726646423339843750e+00,5.545603275299072266e+00,5.069705486297607422e+00,9.703073501586914062e+00,4.153244495391845703e+00
4.894986629486083984e+00,2.766074657440185547e+00,-1.959075212478637695e+00,5.362764358520507812e+00,6.056843996047973633e-01,6.714201927185058594e+00,5.536585807800292969e+00,5.063392639160156250e+00,9.733751296997070312e+00,4.157549858093261719e+00
4.840865135192871094e+00,2.729622125625610352e+00,-2.166459083557128906e+00,5.370947360992431641e+00,6.322979331016540527e-01,6.741857528686523438e+00,5.518511772155761719e+00,5.146424770355224609e+00,9.713477134704589844e+00,4.132759094238281250e+00
4.873415470123291016e+00,2.779779434204101562e+00,-2.137140989303588867e+00,5.376207828521728516e+00,6.568354368209838867e-01,6.735816001892089844e+00,5.525677204132080078e+00,5.139308452606201172e+00,9.724450111389160156e+00,4.171484470367431641e+00
4.637746810913085938e+00,2.981389760971069336e+00,-2.977750539779663086e+00,5.573133468627929688e+00,9.007052779197692871e-01,6.766975879669189453e+00,5.594592571258544922e+00,4.999177932739257812e+00,9.650959968566894531e+00,4.163634300231933594e+00
4.424596309661865234e+00,2.995264530181884766e+00,-3.047462701797485352e+00,5.447565555572509766e+00,1.137920856475830078e+00,6.895012378692626953e+00,5.681771755218505859e+00,5.092110633850097656e+00,9.648182868957519531e+00,4.115176200866699219e+00
4.669306278228759766e+00,2.902320861816406250e+00,-2.936147212982177734e+00,5.536565303802490234e+00,9.420046806335449219e-01,6.848961353302001953e+00,5.600634574890136719e+00,5.081033229827880859e+00,9.724159240722656250e+00,4.269184589385986328e+00
4.648910999298095703e+00,2.844842433929443359e+00,-2.942395448684692383e+00,5.508383750915527344e+00,9.269022941589355469e-01,6.821832656860351562e+00,5.602428436279296875e+00,5.106728553771972656e+00,9.722162246704101562e+00,4.205422878265380859e+00
4.691627502441406250e+00,2.854974746704101562e+00,-2.916925907135009766e+00,5.489993572235107422e+00,8.385370969772338867e-01,6.782252788543701172e+00,5.495378494262695312e+00,5.080757617950439453e+00,9.683742523193359375e+00,4.209948539733886719e+00
4.826734542846679688e+00,2.849246978759765625e+00,-2.411135911941528320e+00,5.419103622436523438e+00,6.419502496719360352e-01,6.761548042297363281e+00,5.536692619323730469e+00,5.071855545043945312e+00,9.617918014526367188e+00,4.201508998870849609e+00
4.804179191589355469e+00,2.803315877914428711e+00,-2.509948492050170898e+00,5.403029441833496094e+00,6.774652004241943359e-01,6.714912891387939453e+00,5.479521751403808594e+00,5.079900741577148438e+00,9.675270080566406250e+00,4.148964881896972656e+00
4.801873207092285156e+00,2.825378656387329102e+00,-2.478641986846923828e+00,5.453766822814941406e+00,7.048109173774719238e-01,6.781940937042236328e+00,5.529542446136474609e+00,5.111693382263183594e+00,9.665418624877929688e+00,4.205847740173339844e+00
4.698923587799072266e+00,2.792377948760986328e+00,-2.654055595397949219e+00,5.437448978424072266e+00,6.654944419860839844e-01,6.727291107177734375e+00,5.411779880523681641e+00,5.047073364257812500e+00,9.620944023132324219e+00,4.127486228942871094e+00
4.649021625518798828e+00,2.830529212951660156e+00,-2.709391832351684570e+00,5.439858436584472656e+00,7.930483818054199219e-01,6.778429985046386719e+00,5.483407974243164062e+00,5.055611133575439453e+00,9.669984817504882812e+00,4.161477088928222656e+00
4.879472255706787109e+00,2.913735866546630859e+00,-2.066807746887207031e+00,5.879044532775878906e+00,2.810815095901489258e+00,7.216025829315185547e+00,6.454772949218750000e+00,4.855167865753173828e+00,1.006556510925292969e+01,4.202448368072509766e+00
5.000409126281738281e+00,3.214011907577514648e+00,-1.923508405685424805e+00,6.096127033233642578e+00,3.126890897750854492e+00,7.084508419036865234e+00,6.372832298278808594e+00,4.736115932464599609e+00,1.028993415832519531e+01,4.067709922790527344e+00
5.083417415618896484e+00,2.706271648406982422e+00,-1.781756877899169922e+00,5.941022396087646484e+00,3.043243408203125000e+00,7.199114799499511719e+00,6.139439582824707031e+00,4.771854877471923828e+00,1.040801239013671875e+01,4.177164077758789062e+00
4.750118732452392578e+00,3.382287263870239258e+00,-2.107198953628540039e+00,5.948289871215820312e+00,2.610031843185424805e+00,6.858226776123046875e+00,6.386847496032714844e+00,4.454129219055175781e+00,1.020915412902832031e+01,4.090785980224609375e+00
5.068562507629394531e+00,2.975358724594116211e+00,-1.683947563171386719e+00,6.070670604705810547e+00,3.203934907913208008e+00,7.054339408874511719e+00,6.132839679718017578e+00,4.790536880493164062e+00,1.057535171508789062e+01,4.308977603912353516e+00
4.963224887847900391e+00,3.242537021636962891e+00,-1.561073780059814453e+00,6.096406936645507812e+00,3.548139572143554688e+00,7.190763950347900391e+00,6.289478302001953125e+00,4.766092777252197266e+00,1.073776054382324219e+01,4.115544319152832031e+00
5.035309791564941406e+00,2.674664974212646484e+00,-2.021058797836303711e+00,5.768767833709716797e+00,2.618020534515380859e+00,7.068099021911621094e+00,5.981715679168701172e+00,4.793911933898925781e+00,1.020303535461425781e+01,4.048039436340332031e+00
5.182567119598388672e+00,2.731708049774169922e+00,-1.569984436035156250e+00,6.014556884765625000e+00,3.842464685440063477e+00,7.496832847595214844e+00,6.301643848419189453e+00,4.901785373687744141e+00,1.046146774291992188e+01,4.392953395843505859e+00
4.771008491516113281e+00,3.319008111953735352e+00,-1.979131460189819336e+00,6.069471836090087891e+00,2.249609231948852539e+00,6.736294746398925781e+00,6.092053413391113281e+00,4.940885543823242188e+00,1.028063583374023438e+01,4.287880420684814453e+00
4.782907485961914062e+00,2.760172367095947266e+00,-2.406052827835083008e+00,5.529486656188964844e+00,1.072068452835083008e+00,6.501673698425292969e+00,5.442792892456054688e+00,4.982578754425048828e+00,9.668395996093750000e+00,4.133184432983398438e+00
5.099994182586669922e+00,2.520898342132568359e+00,-1.882415771484375000e+00,5.301091194152832031e+00,2.792489528656005859e+00,7.533181190490722656e+00,6.044954299926757812e+00,4.821165084838867188e+00,1.048508644104003906e+01,3.990614414215087891e+00
4.868740558624267578e+00,2.713099956512451172e+00,-2.316220045089721680e+00,5.438919544219970703e+00,9.546411633491516113e-01,6.636692523956298828e+00,5.439877510070800781e+00,5.108285903930664062e+00,9.826168060302734375e+00,4.257892608642578125e+00
4.889459609985351562e+00,2.742098808288574219e+00,-2.162939786911010742e+00,5.333637237548828125e+00,9.294251799583435059e-01,6.616693496704101562e+00,5.467698097229003906e+00,5.002282142639160156e+00,9.811935424804687500e+00,4.172439575195312500e+00
4.968212604522705078e+00,2.711023330688476562e+00,-2.134494066238403320e+00,5.339128494262695312e+00,9.878103137016296387e-01,6.776033401489257812e+00,5.419667243957519531e+00,5.001204490661621094e+00,9.877927780151367188e+00,4.227894783020019531e+00
4.931967735290527344e+00,2.732428073883056641e+00,-2.103647232055664062e+00,5.343033313751220703e+00,9.163241982460021973e-01,6.638174533843994141e+00,5.484473705291748047e+00,5.038290500640869141e+00,9.880393981933593750e+00,4.157674312591552734e+00
4.919103145599365234e+00,2.721176624298095703e+00,-2.045610666275024414e+00,5.369013309478759766e+00,9.504157900810241699e-01,6.611620903015136719e+00,5.491969585418701172e+00,4.957011699676513672e+00,9.878599166870117188e+00,4.157042503356933594e+00
5.013142108917236328e+00,2.733244895935058594e+00,-2.150923967361450195e+00,5.338290214538574219e+00,1.132593631744384766e+00,6.844955444335937500e+00,5.443969249725341797e+00,4.987996101379394531e+00,9.944080352783203125e+00,4.229409694671630859e+00
5.116247177124023438e+00,2.743376731872558594e+00,-2.000342845916748047e+00,5.382234096527099609e+00,1.573794841766357422e+00,6.906628131866455078e+00,5.462340831756591797e+00,4.951876163482666016e+00,1.012064361572265625e+01,4.188737392425537109e+00
4.891701221466064453e+00,2.759716033935546875e+00,-2.186268568038940430e+00,5.405544281005859375e+00,8.929909467697143555e-01,6.598471641540527344e+00,5.414827823638916016e+00,5.008501529693603516e+00,9.798678398132324219e+00,4.250453948974609375e+00
4.918276786804199219e+00,2.756382942199707031e+00,-2.070949554443359375e+00,5.330021381378173828e+00,8.328149318695068359e-01,6.615765094757080078e+00,5.415871143341064453e+00,4.933667182922363281e+00,9.819629669189453125e+00,4.156329631805419922e+00
4.866178512573242188e+00,2.695407867431640625e+00,-1.935724735260009766e+00,5.346269607543945312e+00,5.232074260711669922e-01,6.699776172637939453e+00,5.412742614746093750e+00,5.048790454864501953e+00,9.641912460327148438e+00,4.144239902496337891e+00
4.716982841491699219e+00,2.539902210235595703e+00,-1.936815738677978516e+00,5.204748153686523438e+00,6.111238002777099609e-01,6.679201602935791016e+00,5.370651721954345703e+00,5.036378383636474609e+00,9.619091033935546875e+00,4.150156974792480469e+00
4.828634262084960938e+00,2.672435283660888672e+00,-1.925221204757690430e+00,5.283654689788818359e+00,5.318038463592529297e-01,6.712244510650634766e+00,5.389441967010498047e+00,5.057058334350585938e+00,9.652052879333496094e+00,4.133032798767089844e+00
4.780506610870361328e+00,2.672298431396484375e+00,-2.218551635742187500e+00,5.305801868438720703e+00,5.516244173049926758e-01,6.662828922271728516e+00,5.387989997863769531e+00,5.046155929565429688e+00,9.584372520446777344e+00,4.142821788787841797e+00
4.749005317687988281e+00,3.085607528686523438e+00,-2.001471519470214844e+00,5.522144317626953125e+00,5.670572519302368164e-01,6.361159801483154297e+00,5.320443153381347656e+00,5.247804164886474609e+00,9.974897384643554688e+00,4.165596485137939453e+00
4.904366970062255859e+00,2.719301462173461914e+00,-1.933127403259277344e+00,5.355866909027099609e+00,5.492887496948242188e-01,6.757133483886718750e+00,5.461837291717529297e+00,5.098256111145019531e+00,9.694049835205078125e+00,4.146157741546630859e+00
4.872481822967529297e+00,2.698995590209960938e+00,-1.817862749099731445e+00,5.343856811523437500e+00,4.991323351860046387e-01,6.638291358947753906e+00,5.423856735229492188e+00,5.030197143554687500e+00,9.663121223449707031e+00,4.126458168029785156e+00
4.809870243072509766e+00,2.718514442443847656e+00,-2.127470493316650391e+00,5.285110950469970703e+00,5.458290576934814453e-01,6.643950939178466797e+00,5.355784893035888672e+00,5.044621467590332031e+00,9.598651885986328125e+00,4.106624603271484375e+00
4.637912750244140625e+00,2.591208934783935547e+00,-2.232589006423950195e+00,5.088627338409423828e+00,5.516143441200256348e-01,6.530991554260253906e+00,5.107328891754150391e+00,4.890363693237304688e+00,9.518060684204101562e+00,3.926690101623535156e+00
4.825572013854980469e+00,2.636933326721191406e+00,-1.938822269439697266e+00,5.431236743927001953e+00,5.855799913406372070e-01,6.695816993713378906e+00,5.377130508422851562e+00,5.084236621856689453e+00,9.738494873046875000e+00,4.227739810943603516e+00
5.055243968963623047e+00,4.161410331726074219e+00,-1.712726831436157227e+00,5.876647472381591797e+00,2.189807653427124023e+00,7.816442966461181641e+00,5.824765682220458984e+00,5.848089694976806641e+00,1.127832031250000000e+01,4.356246471405029297e+00
5.113834381103515625e+00,3.622374773025512695e+00,-1.559056997299194336e+00,5.486142635345458984e+00,9.640265703201293945e-01,7.043291568756103516e+00,5.071082592010498047e+00,5.948581695556640625e+00,1.089143943786621094e+01,4.118781089782714844e+00
5.034629821777343750e+00,3.312420129776000977e+00,-1.691754102706909180e+00,5.281962871551513672e+00,8.146769404411315918e-01,6.761073112487792969e+00,5.097756385803222656e+00,5.602054595947265625e+00,1.044012832641601562e+01,3.892361164093017578e+00
4.939556598663330078e+00,3.296135663986206055e+00,-1.866089820861816406e+00,5.063086986541748047e+00,1.302221894264221191e+00,6.908049106597900391e+00,5.163070201873779297e+00,5.327556133270263672e+00,1.031530952453613281e+01,3.654809951782226562e+00
5.233244419097900391e+00,3.721488237380981445e+00,-1.808140754699707031e+00,5.573651790618896484e+00,6.411455869674682617e-01,6.777929306030273438e+00,4.973486423492431641e+00,5.948524951934814453e+00,1.068395614624023438e+01,4.202169895172119141e+00
5.334471702575683594e+00,3.960749864578247070e+00,-1.370096564292907715e+00,5.527279853820800781e+00,7.833606004714965820e-01,6.795563697814941406e+00,4.690550327301025391e+00,6.184116840362548828e+00,1.110013580322265625e+01,4.172220706939697266e+00
5.378134727478027344e+00,4.066740036010742188e+00,-1.316656708717346191e+00,5.654731273651123047e+00,8.443877100944519043e-01,6.832469940185546875e+00,4.767626762390136719e+00,6.377698898315429688e+00,1.126845741271972656e+01,4.303201198577880859e+00
5.080104351043701172e+00,3.478834867477416992e+00,-1.866953134536743164e+00,5.353288173675537109e+00,6.140229701995849609e-01,6.687910079956054688e+00,4.887952804565429688e+00,5.754870414733886719e+00,1.061380195617675781e+01,4.056620121002197266e+00
4.953738689422607422e+00,3.454235315322875977e+00,-2.262110233306884766e+00,5.615247726440429688e+00,6.328654289245605469e-01,6.333099365234375000e+00,5.225231647491455078e+00,5.627010345458984375e+00,1.026321792602539062e+01,4.241595268249511719e+00
5.271008491516113281e+00,3.924691438674926758e+00,-1.443193793296813965e+00,5.678112030029296875e+00,8.662581443786621094e-01,6.333944320678710938e+00,4.842702388763427734e+00,6.207378864288330078e+00,1.111896324157714844e+01,4.265563488006591797e+00
4.945129871368408203e+00,2.638250350952148438e+00,-1.651591777801513672e+00,5.567377090454101562e+00,2.140621185302734375e+00,5.642131805419921875e+00,6.646733760833740234e+00,5.753826618194580078e+00,1.024844169616699219e+01,4.447247505187988281e+00
4.937980175018310547e+00,3.576447248458862305e+00,-1.108483672142028809e+00,6.090521812438964844e+00,1.346035838127136230e+00,5.433907032012939453e+00,6.834204196929931641e+00,5.680236816406250000e+00,1.087360382080078125e+01,4.671428680419921875e+00
4.823821544647216797e+00,3.697132587432861328e+00,-1.118979930877685547e+00,5.743267536163330078e+00,1.637602925300598145e+00,5.587898254394531250e+00,6.186202526092529297e+00,5.802194118499755859e+00,1.112814140319824219e+01,4.478558540344238281e+00
4.801793098449707031e+00,3.532351493835449219e+00,-1.628427743911743164e+00,5.981681346893310547e+00,1.468642115592956543e+00,5.661407470703125000e+00,6.588333606719970703e+00,5.409215450286865234e+00,1.056153488159179688e+01,4.510325431823730469e+00
5.256317615509033203e+00,3.171263456344604492e+00,-1.101894378662109375e+00,5.779886245727539062e+00,1.293575286865234375e+00,5.907246589660644531e+00,5.979449748992919922e+00,5.662749767303466797e+00,1.056693458557128906e+01,4.298653602600097656e+00
4.791195869445800781e+00,2.741282463073730469e+00,-1.950555801391601562e+00,5.389087200164794922e+00,6.862483620643615723e-01,6.520521163940429688e+00,5.367367267608642578e+00,5.082420349121093750e+00,9.754486083984375000e+00,4.107198715209960938e+00
4.759351253509521484e+00,2.781089782714843750e+00,-2.204246282577514648e+00,5.326885223388671875e+00,5.202140808105468750e-01,6.610628128051757812e+00,5.315216541290283203e+00,4.924858093261718750e+00,9.643695831298828125e+00,4.011489868164062500e+00
4.724395275115966797e+00,2.724275112152099609e+00,-1.948991298675537109e+00,5.495228767395019531e+00,7.321157455444335938e-01,6.443902015686035156e+00,5.676059246063232422e+00,5.131555557250976562e+00,9.805788040161132812e+00,4.158411979675292969e+00
4.657863140106201172e+00,2.697791814804077148e+00,-2.421803951263427734e+00,5.232896804809570312e+00,5.984293222427368164e-01,6.464857578277587891e+00,5.173726081848144531e+00,4.925222873687744141e+00,9.564239501953125000e+00,3.922002792358398438e+00
4.870378017425537109e+00,2.720370054244995117e+00,-1.746090412139892578e+00,5.373142242431640625e+00,5.211879611015319824e-01,6.510155677795410156e+00,5.417508125305175781e+00,4.977978229522705078e+00,9.665141105651855469e+00,4.082916736602783203e+00
4.872777462005615234e+00,2.696999311447143555e+00,-1.827721357345581055e+00,5.333812713623046875e+00,4.903499186038970947e-01,6.696737289428710938e+00,5.492137432098388672e+00,5.032483100891113281e+00,9.652549743652343750e+00,4.089095592498779297e+00
4.988539218902587891e+00,3.051070213317871094e+00,-1.921022653579711914e+00,5.564651966094970703e+00,1.860786914825439453e+00,7.311397552490234375e+00,5.976286411285400391e+00,4.821280002593994141e+00,1.011053085327148438e+01,4.532600879669189453e+00
4.892418384552001953e+00,2.749712944030761719e+00,-1.944449663162231445e+00,5.368784427642822266e+00,6.041486263275146484e-01,6.607293128967285156e+00,5.423267841339111328e+00,5.081885337829589844e+00,9.651861190795898438e+00,4.137986183166503906e+00
4.885293960571289062e+00,2.675610303878784180e+00,-1.923348903656005859e+00,5.347235679626464844e+00,5.611516237258911133e-01,6.665317058563232422e+00,5.397303581237792969e+00,5.030858039855957031e+00,9.641870498657226562e+00,4.146553516387939453e+00
4.865518093109130859e+00,2.714448451995849609e+00,-1.833880901336669922e+00,5.317551136016845703e+00,4.801081418991088867e-01,6.673024177551269531e+00,5.497217178344726562e+00,5.031331539154052734e+00,9.623163223266601562e+00,4.074874877929687500e+00
4.842075347900390625e+00,2.749569892883300781e+00,-1.997842550277709961e+00,5.274029254913330078e+00,5.280766487121582031e-01,6.625934123992919922e+00,5.454885959625244141e+00,5.056889533996582031e+00,9.572424888610839844e+00,4.077590465545654297e+00
4.919943332672119141e+00,2.737497329711914062e+00,-1.910903930664062500e+00,5.290247440338134766e+00,5.663243532180786133e-01,6.622478008270263672e+00,5.448143482208251953e+00,5.133066654205322266e+00,9.660608291625976562e+00,4.063753128051757812e+00
4.911279678344726562e+00,2.789777994155883789e+00,-2.080126047134399414e+00,5.315102577209472656e+00,6.225761771202087402e-01,6.578742980957031250e+00,5.369497776031494141e+00,5.009493350982666016e+00,9.637657165527343750e+00,4.140119075775146484e+00
4.918797016143798828e+00,2.748085975646972656e+00,-1.899066448211669922e+00,5.372175216674804688e+00,5.695655345916748047e-01,6.599606037139892578e+00,5.445115089416503906e+00,5.094506740570068359e+00,9.641928672790527344e+00,4.121551513671875000e+00
4.891197681427001953e+00,2.740708351135253906e+00,-1.969681978225708008e+00,5.347319126129150391e+00,5.752589702606201172e-01,6.615554332733154297e+00,5.417686462402343750e+00,5.103621482849121094e+00,9.610226631164550781e+00,4.169396400451660156e+00
4.664111614227294922e+00,3.961197853088378906e+00,-2.327205181121826172e+00,7.191262722015380859e+00,4.218101501464843750e+00,7.815927505493164062e+00,7.884517192840576172e+00,5.349801063537597656e+00,1.035552787780761719e+01,5.134862899780273438e+00
4.220382213592529297e+00,4.080590248107910156e+00,-2.122488975524902344e+00,7.057490348815917969e+00,3.976466655731201172e+00,7.810733795166015625e+00,7.724158763885498047e+00,4.908674240112304688e+00,1.025524902343750000e+01,5.099550247192382812e+00
4.040712356567382812e+00,4.137104988098144531e+00,-2.245683431625366211e+00,7.018221378326416016e+00,3.887786865234375000e+00,7.612114429473876953e+00,7.841931343078613281e+00,4.654500007629394531e+00,1.016402053833007812e+01,4.970934391021728516e+00
4.524747848510742188e+00,4.354765415191650391e+00,-2.724444389343261719e+00,7.114863395690917969e+00,4.044493675231933594e+00,7.870316505432128906e+00,7.991432666778564453e+00,5.081947803497314453e+00,1.047403717041015625e+01,5.186032295227050781e+00
4.255401611328125000e+00,4.551499366760253906e+00,-2.739144563674926758e+00,7.032870769500732422e+00,3.883854150772094727e+00,7.778904438018798828e+00,8.019001007080078125e+00,4.625353813171386719e+00,1.041485023498535156e+01,5.041787147521972656e+00
4.098024845123291016e+00,4.480571746826171875e+00,-2.189909219741821289e+00,6.961287975311279297e+00,3.833116054534912109e+00,7.625541687011718750e+00,7.809889316558837891e+00,4.825580120086669922e+00,1.036585235595703125e+01,4.958025455474853516e+00
4.623007774353027344e+00,4.103343009948730469e+00,-2.640163421630859375e+00,7.336490154266357422e+00,4.247222900390625000e+00,8.134636878967285156e+00,7.786604404449462891e+00,5.300386905670166016e+00,1.047013664245605469e+01,5.384824752807617188e+00
4.017948627471923828e+00,4.062543869018554688e+00,-2.177481651306152344e+00,7.036148071289062500e+00,3.854034662246704102e+00,7.783216476440429688e+00,7.750511169433593750e+00,4.606885910034179688e+00,1.013279151916503906e+01,4.991371631622314453e+00
4.596582889556884766e+00,3.887482166290283203e+00,-2.191233873367309570e+00,7.256024360656738281e+00,4.224453926086425781e+00,8.068973541259765625e+00,7.637548446655273438e+00,5.246773242950439453e+00,1.033090686798095703e+01,5.291106700897216797e+00
4.202486991882324219e+00,4.635643005371093750e+00,-2.830000400543212891e+00,7.342462539672851562e+00,3.968060731887817383e+00,7.754158496856689453e+00,8.144886016845703125e+00,4.572750568389892578e+00,1.023638153076171875e+01,5.061581134796142578e+00
4.797593593597412109e+00,3.475809097290039062e+00,-1.460062503814697266e+00,4.891445159912109375e+00,1.890426635742187500e+00,6.627714157104492188e+00,5.345905780792236328e+00,4.398129940032958984e+00,1.066444206237792969e+01,4.160217285156250000e+00
4.865360260009765625e+00,3.377749919891357422e+00,-1.514265537261962891e+00,5.055442333221435547e+00,1.751134634017944336e+00,6.619689941406250000e+00,5.472859382629394531e+00,4.656429290771484375e+00,1.053802490234375000e+01,4.433143615722656250e+00
4.996008396148681641e+00,3.317507982254028320e+00,-2.234229326248168945e+00,4.988929271697998047e+00,1.714478969573974609e+00,6.561324596405029297e+00,4.941112041473388672e+00,4.611301898956298828e+00,1.068111610412597656e+01,4.373076438903808594e+00
4.953708171844482422e+00,3.089371204376220703e+00,-1.612596988677978516e+00,5.367477416992187500e+00,1.040716409683227539e+00,6.626602649688720703e+00,5.600973129272460938e+00,5.256449222564697266e+00,1.029684448242187500e+01,4.342461585998535156e+00
4.719706058502197266e+00,3.426993370056152344e+00,-1.286274552345275879e+00,5.769058704376220703e+00,1.111722826957702637e+00,6.560804843902587891e+00,6.275750637054443359e+00,5.467283248901367188e+00,1.028556346893310547e+01,4.729319095611572266e+00
4.717702388763427734e+00,3.318244457244873047e+00,-1.646312475204467773e+00,5.801837921142578125e+00,9.990175962448120117e-01,6.711317539215087891e+00,6.256690025329589844e+00,5.253435134887695312e+00,1.003746795654296875e+01,4.564424037933349609e+00
4.821110725402832031e+00,2.845735073089599609e+00,-1.873348712921142578e+00,5.469306468963623047e+00,1.114920020103454590e+00,6.662333011627197266e+00,6.061268329620361328e+00,5.387763023376464844e+00,9.960068702697753906e+00,4.390246868133544922e+00
5.345947265625000000e+00,4.527648925781250000e+00,-1.184056639671325684e+00,6.605598449707031250e+00,2.809273719787597656e+00,6.669152736663818359e+00,6.318781852722167969e+00,6.654731750488281250e+00,1.159803771972656250e+01,5.097620964050292969e+00
4.834263324737548828e+00,2.794247865676879883e+00,-1.918122529983520508e+00,5.376256465911865234e+00,8.974947929382324219e-01,6.691452503204345703e+00,5.760442256927490234e+00,5.291198730468750000e+00,9.908411979675292969e+00,4.362320423126220703e+00
4.925030708312988281e+00,4.011815547943115234e+00,-2.118227481842041016e+00,6.188686847686767578e+00,1.244755744934082031e+00,6.575047969818115234e+00,5.780923366546630859e+00,5.856714248657226562e+00,1.077541160583496094e+01,4.514056205749511719e+00
5.106230258941650391e+00,3.610863447189331055e+00,-1.127031326293945312e+00,3.938732385635375977e+00,8.082157373428344727e-01,7.075823783874511719e+00,4.209113597869873047e+00,5.422367572784423828e+00,9.646759986877441406e+00,3.372828960418701172e+00
4.922025203704833984e+00,2.703127384185791016e+00,-1.923084497451782227e+00,4.971628189086914062e+00,5.613878965377807617e-01,6.764605522155761719e+00,5.276935577392578125e+00,5.160214424133300781e+00,9.547231674194335938e+00,3.926656484603881836e+00
4.894689559936523438e+00,2.784460783004760742e+00,-1.619385957717895508e+00,3.881979465484619141e+00,5.659826993942260742e-01,7.496099948883056641e+00,4.108198165893554688e+00,5.068025588989257812e+00,9.226568222045898438e+00,3.421810150146484375e+00
4.917146205902099609e+00,2.609768152236938477e+00,-1.765704870223999023e+00,4.772515296936035156e+00,5.387220978736877441e-01,6.830832004547119141e+00,5.054706096649169922e+00,4.960694313049316406e+00,9.396908760070800781e+00,3.919150590896606445e+00
4.951889991760253906e+00,2.765615463256835938e+00,-1.896406412124633789e+00,4.825882911682128906e+00,5.551245212554931641e-01,6.879306793212890625e+00,5.112568378448486328e+00,5.167729377746582031e+00,9.457785606384277344e+00,3.851156711578369141e+00
5.215070247650146484e+00,2.761230707168579102e+00,-1.583899736404418945e+00,4.366071701049804688e+00,5.530583858489990234e-01,7.543862342834472656e+00,4.527422428131103516e+00,5.234510898590087891e+00,9.387894630432128906e+00,3.766467332839965820e+00
5.017873764038085938e+00,3.249474287033081055e+00,-1.640992641448974609e+00,4.396831989288330078e+00,7.277529835700988770e-01,7.116494178771972656e+00,4.893810272216796875e+00,5.482239723205566406e+00,9.364383697509765625e+00,3.452968835830688477e+00
4.755223274230957031e+00,2.748723506927490234e+00,-2.145178794860839844e+00,4.949605941772460938e+00,5.380964279174804688e-01,6.422532558441162109e+00,5.144475936889648438e+00,4.991744041442871094e+00,9.427484512329101562e+00,3.801362037658691406e+00
4.792469978332519531e+00,2.719887256622314453e+00,-2.157119035720825195e+00,4.683284759521484375e+00,6.113796234130859375e-01,7.004919052124023438e+00,4.854429721832275391e+00,5.146065711975097656e+00,9.313541412353515625e+00,3.779223918914794922e+00
5.026536464691162109e+00,2.742465496063232422e+00,-1.830799579620361328e+00,3.963608503341674805e+00,5.875216722488403320e-01,7.515605926513671875e+00,4.112355709075927734e+00,5.066634178161621094e+00,9.292739868164062500e+00,3.501360177993774414e+00
5.368556022644042969e+00,4.081439018249511719e+00,-1.478435277938842773e+00,5.600968837738037109e+00,7.410984039306640625e-01,6.874248027801513672e+00,4.716332912445068359e+00,6.340135097503662109e+00,1.131195640563964844e+01,4.266975402832031250e+00
5.338833808898925781e+00,4.012919425964355469e+00,-1.615493774414062500e+00,5.650274276733398438e+00,6.025165319442749023e-01,6.364757537841796875e+00,4.802621841430664062e+00,6.249507904052734375e+00,1.117642593383789062e+01,4.237358093261718750e+00
5.465834140777587891e+00,4.239745140075683594e+00,-1.231299400329589844e+00,5.675369262695312500e+00,8.721083998680114746e-01,6.597329139709472656e+00,4.558836936950683594e+00,6.580170154571533203e+00,1.158975028991699219e+01,4.364320755004882812e+00
5.051745891571044922e+00,3.456014633178710938e+00,-1.787545680999755859e+00,5.232301712036132812e+00,1.031921625137329102e+00,6.973266601562500000e+00,4.668471813201904297e+00,5.651567459106445312e+00,1.053127288818359375e+01,3.785099506378173828e+00
5.612301349639892578e+00,4.410066604614257812e+00,-1.061245918273925781e+00,5.708470821380615234e+00,8.802431821823120117e-01,5.999770164489746094e+00,4.416076660156250000e+00,6.759278297424316406e+00,1.187665176391601562e+01,4.350317478179931641e+00
5.572784900665283203e+00,4.282132148742675781e+00,-1.233695268630981445e+00,5.661672115325927734e+00,6.552141308784484863e-01,5.726756095886230469e+00,4.418545246124267578e+00,6.682831764221191406e+00,1.168919944763183594e+01,4.339045524597167969e+00
5.396832466125488281e+00,3.909069776535034180e+00,-1.337789297103881836e+00,5.252377986907958984e+00,1.304479837417602539e+00,6.817026138305664062e+00,4.506598949432373047e+00,5.947671413421630859e+00,1.141695594787597656e+01,3.812292337417602539e+00
5.051886081695556641e+00,3.419334888458251953e+00,-2.067369222640991211e+00,5.322620391845703125e+00,5.884044170379638672e-01,6.735862255096435547e+00,4.824783802032470703e+00,5.479489326477050781e+00,1.051674842834472656e+01,3.944695949554443359e+00
5.014173984527587891e+00,3.156705379486083984e+00,-1.948531150817871094e+00,4.893217086791992188e+00,9.713909029960632324e-01,6.987024307250976562e+00,3.924528360366821289e+00,5.163545131683349609e+00,1.057465553283691406e+01,4.022823333740234375e+00
4.983804702758789062e+00,3.320773601531982422e+00,-2.172318696975708008e+00,5.132638931274414062e+00,4.611201286315917969e-01,6.557117938995361328e+00,4.472618103027343750e+00,5.397748470306396484e+00,1.038445281982421875e+01,3.826913833618164062e+00
5.007367134094238281e+00,2.843961715698242188e+00,-2.199454784393310547e+00,5.638164520263671875e+00,2.750383853912353516e+00,5.093982696533203125e+00,6.858794212341308594e+00,5.841940879821777344e+00,1.057626342773437500e+01,4.477194309234619141e+00
5.042257308959960938e+00,3.121791601181030273e+00,-7.308971881866455078e-01,5.872714996337890625e+00,1.820929408073425293e+00,5.589488029479980469e+00,7.385793685913085938e+00,5.867656230926513672e+00,1.100343704223632812e+01,4.678381919860839844e+00
4.956569671630859375e+00,2.970756769180297852e+00,-1.568071365356445312e+00,5.875976085662841797e+00,2.481032133102416992e+00,5.241232395172119141e+00,7.222440242767333984e+00,6.223156929016113281e+00,1.078732490539550781e+01,4.707685947418212891e+00
5.098889827728271484e+00,3.104252815246582031e+00,-9.933073520660400391e-01,5.820482730865478516e+00,2.162670373916625977e+00,5.387053966522216797e+00,7.270594120025634766e+00,5.811699867248535156e+00,1.073450851440429688e+01,4.507257938385009766e+00
5.005323410034179688e+00,3.123852252960205078e+00,-1.596127271652221680e+00,5.642107009887695312e+00,2.078605890274047852e+00,5.252927303314208984e+00,6.838221073150634766e+00,5.533594131469726562e+00,1.069331169128417969e+01,4.365553855895996094e+00
4.890799522399902344e+00,2.465451240539550781e+00,-1.937862873077392578e+00,5.571917533874511719e+00,2.499779939651489258e+00,5.790208339691162109e+00,6.956607818603515625e+00,5.985915660858154297e+00,1.029122352600097656e+01,4.516601085662841797e+00
4.911913871765136719e+00,2.660468101501464844e+00,-1.601326227188110352e+00,5.675642490386962891e+00,2.033913850784301758e+00,5.939918041229248047e+00,7.025955677032470703e+00,5.802262306213378906e+00,1.040816688537597656e+01,4.560427188873291016e+00
4.934414386749267578e+00,2.744014739990234375e+00,-2.129591464996337891e+00,5.693270683288574219e+00,2.566392898559570312e+00,5.407037258148193359e+00,6.998203277587890625e+00,5.942879199981689453e+00,1.030407810211181641e+01,4.662153720855712891e+00
5.001937866210937500e+00,2.797386884689331055e+00,-1.523423194885253906e+00,5.735658168792724609e+00,2.387652397155761719e+00,5.427091598510742188e+00,7.380860805511474609e+00,6.014935493469238281e+00,1.045098876953125000e+01,4.540961742401123047e+00
4.960175514221191406e+00,3.319878578186035156e+00,-1.154435396194458008e+00,5.879870414733886719e+00,1.610473394393920898e+00,5.383212566375732422e+00,6.940821647644042969e+00,5.737731933593750000e+00,1.104575157165527344e+01,4.715854167938232422e+00
5.142812728881835938e+00,3.177194356918334961e+00,-1.539217472076416016e+00,5.906516551971435547e+00,3.688679695129394531e+00,7.207942485809326172e+00,6.081949234008789062e+00,5.586275100708007812e+00,1.065290260314941406e+01,4.655816555023193359e+00
4.877244472503662109e+00,3.403746604919433594e+00,-1.574918746948242188e+00,4.854797363281250000e+00,2.821531772613525391e+00,6.721741199493408203e+00,5.481145381927490234e+00,6.184012889862060547e+00,1.029421997070312500e+01,3.961351871490478516e+00
5.142886161804199219e+00,2.870303153991699219e+00,-1.642791509628295898e+00,5.244634151458740234e+00,2.418288469314575195e+00,7.168005466461181641e+00,5.434926986694335938e+00,5.213079452514648438e+00,1.020128250122070312e+01,4.238656044006347656e+00
4.813998699188232422e+00,2.775330543518066406e+00,-1.562781095504760742e+00,5.414505004882812500e+00,3.546488761901855469e+00,7.043885231018066406e+00,5.649040222167968750e+00,5.622533321380615234e+00,1.021373748779296875e+01,4.742810249328613281e+00
4.971516609191894531e+00,3.056561231613159180e+00,-1.917715549468994141e+00,5.042826175689697266e+00,2.233401060104370117e+00,7.129796028137207031e+00,5.509327411651611328e+00,5.145839214324951172e+00,1.018462944030761719e+01,3.817561388015747070e+00
4.936167716979980469e+00,2.735389709472656250e+00,-1.492330789566040039e+00,5.231454849243164062e+00,2.895633697509765625e+00,7.295097351074218750e+00,5.422484874725341797e+00,5.221280097961425781e+00,1.026792049407958984e+01,4.434185504913330078e+00
4.866167068481445312e+00,2.864903926849365234e+00,-2.124932765960693359e+00,5.130479335784912109e+00,2.419941186904907227e+00,7.178463459014892578e+00,5.410076618194580078e+00,4.900023460388183594e+00,1.024982070922851562e+01,3.875542640686035156e+00
5.024201869964599609e+00,3.001895189285278320e+00,-1.610069751739501953e+00,5.619033336639404297e+00,3.451067686080932617e+00,7.459892272949218750e+00,5.951184749603271484e+00,5.209994316101074219e+00,1.051565170288085938e+01,4.534700393676757812e+00
4.840885639190673828e+00,2.454496383666992188e+00,-1.987540245056152344e+00,5.267826080322265625e+00,1.565478444099426270e+00,6.851135253906250000e+00,5.487906932830810547e+00,5.039789199829101562e+00,9.718862533569335938e+00,4.279672145843505859e+00
4.881865501403808594e+00,2.726634502410888672e+00,-2.074989557266235352e+00,5.221342086791992188e+00,2.336402177810668945e+00,7.091872692108154297e+00,5.449621200561523438e+00,4.979808807373046875e+00,1.017387580871582031e+01,3.985062360763549805e+00
4.958421230316162109e+00,3.706828355789184570e+00,-2.159564971923828125e+00,5.458928585052490234e+00,2.475846529006958008e+00,7.246032714843750000e+00,6.260346889495849609e+00,5.643432140350341797e+00,1.036331558227539062e+01,4.329828262329101562e+00
4.980846881866455078e+00,3.044157743453979492e+00,-1.797822713851928711e+00,5.304501056671142578e+00,2.658526659011840820e+00,7.389234066009521484e+00,5.728976726531982422e+00,5.352788448333740234e+00,1.047012710571289062e+01,4.309197902679443359e+00
4.928689002990722656e+00,2.687968254089355469e+00,-2.237664461135864258e+00,5.182340145111083984e+00,1.229233264923095703e+00,6.904778003692626953e+00,5.510543823242187500e+00,5.190902709960937500e+00,9.800771713256835938e+00,4.118849277496337891e+00
4.820708274841308594e+00,2.930803298950195312e+00,-2.365743637084960938e+00,5.203169345855712891e+00,1.236669063568115234e+00,6.827427387237548828e+00,5.676372528076171875e+00,5.108477115631103516e+00,9.732513427734375000e+00,4.056793212890625000e+00
4.817910671234130859e+00,2.774156570434570312e+00,-2.203414916992187500e+00,5.310436725616455078e+00,7.496446371078491211e-01,6.569400310516357422e+00,5.420996189117431641e+00,5.084679603576660156e+00,9.640020370483398438e+00,4.087247848510742188e+00
4.934635162353515625e+00,2.546556472778320312e+00,-2.060862064361572266e+00,5.247909545898437500e+00,1.367548346519470215e+00,6.946680545806884766e+00,5.420623302459716797e+00,4.926548480987548828e+00,9.759099960327148438e+00,4.190045356750488281e+00
4.836485385894775391e+00,2.800254821777343750e+00,-2.455319643020629883e+00,5.276789665222167969e+00,8.756052851676940918e-01,6.645846843719482422e+00,5.405035018920898438e+00,5.140003204345703125e+00,9.709745407104492188e+00,4.128469944000244141e+00
4.965673923492431641e+00,2.590007781982421875e+00,-2.203644275665283203e+00,5.184388160705566406e+00,1.167282342910766602e+00,6.923465251922607422e+00,5.302789211273193359e+00,4.889190196990966797e+00,9.726077079772949219e+00,4.166851520538330078e+00
4.841914653778076172e+00,2.702292442321777344e+00,-2.252463817596435547e+00,5.235688686370849609e+00,8.853503465652465820e-01,6.664018154144287109e+00,5.366509437561035156e+00,4.954582691192626953e+00,9.638309478759765625e+00,4.142232894897460938e+00
4.830801010131835938e+00,2.690688610076904297e+00,-2.082225561141967773e+00,5.334218025207519531e+00,6.908480525016784668e-01,6.530069828033447266e+00,5.416747093200683594e+00,5.031857013702392578e+00,9.562244415283203125e+00,4.085892677307128906e+00
5.389214515686035156e+00,3.321380853652954102e+00,-1.208457350730895996e+00,4.812951087951660156e+00,1.956538319587707520e+00,7.035998821258544922e+00,5.234353542327880859e+00,5.922949790954589844e+00,1.019108772277832031e+01,3.817517757415771484e+00
5.078187942504882812e+00,3.384387969970703125e+00,-1.468188405036926270e+00,4.921984672546386719e+00,2.052572250366210938e+00,6.732209682464599609e+00,4.875094890594482422e+00,6.193583011627197266e+00,1.021481227874755859e+01,4.002116203308105469e+00
4.957131862640380859e+00,3.323937177658081055e+00,-1.260443210601806641e+00,4.777184963226318359e+00,1.735166430473327637e+00,6.996085643768310547e+00,4.644661903381347656e+00,6.633824825286865234e+00,1.028454399108886719e+01,3.979475259780883789e+00
4.810468673706054688e+00,3.141348838806152344e+00,-1.622210025787353516e+00,4.944931030273437500e+00,1.247073411941528320e+00,6.990206241607666016e+00,5.194029331207275391e+00,6.377333164215087891e+00,1.000982284545898438e+01,4.060925483703613281e+00
5.736558914184570312e+00,2.631378412246704102e+00,-2.904607057571411133e-01,5.078815937042236328e+00,1.116520285606384277e+00,7.139173507690429688e+00,4.932528972625732422e+00,5.901266574859619141e+00,1.008175373077392578e+01,3.885021686553955078e+00
5.556812763214111328e+00,2.700056076049804688e+00,-5.685659050941467285e-01,5.119480609893798828e+00,1.462241649627685547e+00,7.409029960632324219e+00,4.809528827667236328e+00,5.801929950714111328e+00,9.959894180297851562e+00,4.292243957519531250e+00
5.226202487945556641e+00,2.806894779205322266e+00,-1.345183849334716797e+00,5.212345123291015625e+00,2.004507541656494141e+00,7.217076301574707031e+00,4.967879772186279297e+00,6.115806102752685547e+00,1.027232551574707031e+01,4.538950920104980469e+00
5.132371425628662109e+00,2.684001922607421875e+00,-1.743862628936767578e+00,5.139152050018310547e+00,2.375211477279663086e+00,7.364417552947998047e+00,5.137379169464111328e+00,5.122592449188232422e+00,1.049899673461914062e+01,4.141126632690429688e+00
5.017219543457031250e+00,2.367938518524169922e+00,-1.689512252807617188e+00,5.205181598663330078e+00,1.904205918312072754e+00,7.136007785797119141e+00,5.274416923522949219e+00,5.114402294158935547e+00,9.865526199340820312e+00,4.418570041656494141e+00
4.869407176971435547e+00,2.988846063613891602e+00,-2.331747770309448242e+00,5.023878097534179688e+00,1.397547483444213867e+00,7.004615783691406250e+00,5.055160999298095703e+00,5.226802349090576172e+00,1.040750312805175781e+01,3.711957931518554688e+00
4.830811977386474609e+00,2.717092275619506836e+00,-1.948204278945922852e+00,5.324393749237060547e+00,5.159943699836730957e-01,6.640234947204589844e+00,5.430285930633544922e+00,5.012866020202636719e+00,9.582136154174804688e+00,4.101386070251464844e+00
4.759272098541259766e+00,2.745038986206054688e+00,-2.266651630401611328e+00,5.321686267852783203e+00,5.425010919570922852e-01,6.631548881530761719e+00,5.411426544189453125e+00,4.988999843597412109e+00,9.558515548706054688e+00,4.074179649353027344e+00
4.774867057800292969e+00,2.712426662445068359e+00,-2.136106729507446289e+00,5.312913417816162109e+00,5.395157337188720703e-01,6.643562316894531250e+00,5.415193557739257812e+00,4.990769863128662109e+00,9.567609786987304688e+00,4.072234630584716797e+00
4.831391811370849609e+00,2.782337665557861328e+00,-2.065690994262695312e+00,5.281985759735107422e+00,5.914096832275390625e-01,6.584953308105468750e+00,5.372976779937744141e+00,4.989451408386230469e+00,9.639423370361328125e+00,4.078419685363769531e+00
4.815255641937255859e+00,2.733871221542358398e+00,-1.979295969009399414e+00,5.279517173767089844e+00,5.297610759735107422e-01,6.647581100463867188e+00,5.448213100433349609e+00,5.014952659606933594e+00,9.583530426025390625e+00,4.068082332611083984e+00
4.808577060699462891e+00,2.752885580062866211e+00,-2.144451379776000977e+00,5.301465511322021484e+00,5.462248325347900391e-01,6.632975578308105469e+00,5.413259029388427734e+00,5.024812221527099609e+00,9.578198432922363281e+00,4.114816665649414062e+00
4.745235919952392578e+00,2.714335918426513672e+00,-2.016037702560424805e+00,5.258824825286865234e+00,5.198529958724975586e-01,6.621307373046875000e+00,5.390318870544433594e+00,4.979347705841064453e+00,9.555839538574218750e+00,4.014295101165771484e+00
4.855004310607910156e+00,2.759726762771606445e+00,-2.035361528396606445e+00,5.293447494506835938e+00,5.371657609939575195e-01,6.630930900573730469e+00,5.453213691711425781e+00,5.007355690002441406e+00,9.598875999450683594e+00,4.122865676879882812e+00
4.861759185791015625e+00,2.738020658493041992e+00,-1.968475103378295898e+00,5.301797866821289062e+00,5.266094207763671875e-01,6.614691734313964844e+00,5.449103355407714844e+00,5.057207584381103516e+00,9.577447891235351562e+00,4.108098030090332031e+00
4.846760749816894531e+00,2.755592346191406250e+00,-1.993409156799316406e+00,5.288856029510498047e+00,5.442987680435180664e-01,6.677611351013183594e+00,5.508296966552734375e+00,5.043579578399658203e+00,9.606300354003906250e+00,4.099866867065429688e+00
4.769982814788818359e+00,2.679282188415527344e+00,-1.876395702362060547e+00,5.481945514678955078e+00,5.055344104766845703e-01,6.600921630859375000e+00,5.427221298217773438e+00,5.093737125396728516e+00,9.722695350646972656e+00,4.140575885772705078e+00
4.866659641265869141e+00,2.749193191528320312e+00,-1.945454597473144531e+00,5.344867229461669922e+00,5.370092391967773438e-01,6.707175731658935547e+00,5.526456832885742188e+00,5.024191856384277344e+00,9.616970062255859375e+00,4.130534172058105469e+00
4.782197952270507812e+00,2.709869384765625000e+00,-2.003605127334594727e+00,5.292840957641601562e+00,5.158324241638183594e-01,6.635509967803955078e+00,5.393004894256591797e+00,4.997819900512695312e+00,9.581314086914062500e+00,4.056205272674560547e+00
4.806728839874267578e+00,2.738992452621459961e+00,-2.167057514190673828e+00,5.337838172912597656e+00,5.641244649887084961e-01,6.617715835571289062e+00,5.405651092529296875e+00,5.079396247863769531e+00,9.586853027343750000e+00,4.123178005218505859e+00
4.842747688293457031e+00,2.685673236846923828e+00,-1.861223697662353516e+00,5.274791240692138672e+00,4.751281738281250000e-01,6.597114562988281250e+00,5.424362659454345703e+00,4.985522270202636719e+00,9.613666534423828125e+00,4.027798175811767578e+00
4.790438175201416016e+00,2.880991220474243164e+00,-2.317912817001342773e+00,5.292119026184082031e+00,6.353048086166381836e-01,6.621245384216308594e+00,5.423488140106201172e+00,5.018105506896972656e+00,9.607354164123535156e+00,4.085681915283203125e+00
4.731448650360107422e+00,2.666933059692382812e+00,-2.028774023056030273e+00,5.240226745605468750e+00,5.015597939491271973e-01,6.619981288909912109e+00,5.288364410400390625e+00,5.004979610443115234e+00,9.554612159729003906e+00,4.023294925689697266e+00
4.869292736053466797e+00,2.720252513885498047e+00,-1.831699609756469727e+00,5.328195571899414062e+00,4.884271621704101562e-01,6.640819072723388672e+00,5.460460662841796875e+00,5.022599697113037109e+00,9.604331970214843750e+00,4.116497516632080078e+00
4.773994445800781250e+00,2.725990056991577148e+00,-2.115063667297363281e+00,5.313266277313232422e+00,5.329825878143310547e-01,6.591530799865722656e+00,5.381454467773437500e+00,5.037580013275146484e+00,9.607425689697265625e+00,4.044474601745605469e+00
4.535652637481689453e+00,2.628721714019775391e+00,-2.353917837142944336e+00,4.906710624694824219e+00,5.457649230957031250e-01,6.471641063690185547e+00,5.059119224548339844e+00,4.834504604339599609e+00,9.392961502075195312e+00,3.718038320541381836e+00
4.262890815734863281e+00,2.858095645904541016e+00,-2.956308603286743164e+00,5.351686000823974609e+00,1.140506744384765625e+00,6.936786174774169922e+00,5.451066970825195312e+00,4.838562965393066406e+00,9.454010009765625000e+00,4.101168155670166016e+00
4.293276309967041016e+00,2.870937347412109375e+00,-2.813420295715332031e+00,5.847595214843750000e+00,1.831675410270690918e+00,7.068446636199951172e+00,6.100309848785400391e+00,5.193739891052246094e+00,9.688888549804687500e+00,4.521714210510253906e+00
4.544277667999267578e+00,2.677096605300903320e+00,-2.652235269546508789e+00,5.418962001800537109e+00,7.571414709091186523e-01,6.714618206024169922e+00,5.304238319396972656e+00,5.194012165069580078e+00,9.615444183349609375e+00,4.216143131256103516e+00
4.502011299133300781e+00,2.704644680023193359e+00,-2.892417192459106445e+00,5.278838157653808594e+00,6.982364058494567871e-01,6.623382568359375000e+00,5.192275047302246094e+00,4.852417945861816406e+00,9.448936462402343750e+00,4.012174129486083984e+00
4.337183475494384766e+00,2.518018245697021484e+00,-2.529178380966186523e+00,5.011322021484375000e+00,1.312276244163513184e+00,6.645488262176513672e+00,4.929081439971923828e+00,5.199268341064453125e+00,9.452887535095214844e+00,4.447626590728759766e+00
4.431456089019775391e+00,2.572470664978027344e+00,-2.771392345428466797e+00,5.169247627258300781e+00,8.201586604118347168e-01,6.601915359497070312e+00,5.131941795349121094e+00,4.873042106628417969e+00,9.393415451049804688e+00,4.050295352935791016e+00
4.529431343078613281e+00,2.644880056381225586e+00,-2.876569271087646484e+00,5.216010093688964844e+00,6.392500400543212891e-01,6.593614101409912109e+00,5.170717239379882812e+00,5.015901565551757812e+00,9.433067321777343750e+00,4.006131649017333984e+00
4.469723701477050781e+00,2.989797353744506836e+00,-2.928041458129882812e+00,5.250661373138427734e+00,7.148032188415527344e-01,6.488561153411865234e+00,5.012212753295898438e+00,5.375996589660644531e+00,9.785065650939941406e+00,3.987743139266967773e+00
4.549291610717773438e+00,2.699585199356079102e+00,-2.716320276260375977e+00,5.462582588195800781e+00,7.682588100433349609e-01,6.624984741210937500e+00,5.314385414123535156e+00,5.122850418090820312e+00,9.563160896301269531e+00,4.135495185852050781e+00
4.297834396362304688e+00,2.665373802185058594e+00,-2.890522480010986328e+00,5.396192073822021484e+00,1.286184549331665039e+00,6.798074722290039062e+00,5.351850032806396484e+00,5.299845218658447266e+00,9.525658607482910156e+00,4.196445941925048828e+00
4.648165225982666016e+00,3.852671384811401367e+00,-1.702991485595703125e+00,6.907211303710937500e+00,4.426249504089355469e+00,7.111326694488525391e+00,7.608199119567871094e+00,5.865330219268798828e+00,1.055768775939941406e+01,5.195146083831787109e+00
4.596334457397460938e+00,3.959241867065429688e+00,-1.767610549926757812e+00,6.806510448455810547e+00,4.400269508361816406e+00,7.244134902954101562e+00,7.477552413940429688e+00,5.903448581695556641e+00,1.082530021667480469e+01,5.257477760314941406e+00
4.725079536437988281e+00,4.103340148925781250e+00,-1.054456949234008789e+00,6.844006061553955078e+00,4.396582603454589844e+00,6.965236186981201172e+00,7.432934284210205078e+00,6.071472644805908203e+00,1.084844017028808594e+01,4.989942073822021484e+00
4.681413650512695312e+00,4.045605659484863281e+00,-1.412197589874267578e+00,6.944825649261474609e+00,4.475906372070312500e+00,7.529372215270996094e+00,7.351856708526611328e+00,5.794276714324951172e+00,1.074350166320800781e+01,5.348136901855468750e+00
4.778282642364501953e+00,3.828938484191894531e+00,-1.084746360778808594e+00,7.010803222656250000e+00,4.341353416442871094e+00,7.019061565399169922e+00,7.611608982086181641e+00,6.088454246520996094e+00,1.057476043701171875e+01,5.060692310333251953e+00
4.642480850219726562e+00,3.783051252365112305e+00,-1.268050432205200195e+00,6.912920951843261719e+00,4.380547523498535156e+00,7.417988777160644531e+00,7.411971569061279297e+00,6.152528762817382812e+00,1.087981796264648438e+01,5.289625644683837891e+00
4.786063671112060547e+00,3.729171037673950195e+00,-1.049247503280639648e+00,7.126992702484130859e+00,4.343073844909667969e+00,7.268191337585449219e+00,7.706226348876953125e+00,5.982429504394531250e+00,1.038445854187011719e+01,5.157997608184814453e+00
4.673042774200439453e+00,3.778570413589477539e+00,-1.222096681594848633e+00,7.057549953460693359e+00,4.343008995056152344e+00,7.427291393280029297e+00,7.437024593353271484e+00,5.981306076049804688e+00,1.062556076049804688e+01,5.281651020050048828e+00
4.868865966796875000e+00,3.673343181610107422e+00,-9.970610141754150391e-01,7.205760478973388672e+00,4.292423248291015625e+00,6.875049114227294922e+00,7.838984966278076172e+00,5.996562957763671875e+00,1.029287624359130859e+01,5.096283435821533203e+00
4.787317276000976562e+00,3.640908002853393555e+00,-1.075921535491943359e+00,7.061432361602783203e+00,4.272616386413574219e+00,7.036689281463623047e+00,7.602569580078125000e+00,6.232141017913818359e+00,1.059495353698730469e+01,5.148650169372558594e+00
4.514672756195068359e+00,4.573364734649658203e+00,-1.976994514465332031e+00,6.723521232604980469e+00,4.773624420166015625e+00,6.241715908050537109e+00,6.794574260711669922e+00,5.386224269866943359e+00,1.113573646545410156e+01,5.087763309478759766e+00
4.494465827941894531e+00,4.642583370208740234e+00,-2.047025442123413086e+00,6.705190181732177734e+00,4.811920166015625000e+00,6.180239200592041016e+00,6.741305351257324219e+00,5.338979244232177734e+00,1.113383674621582031e+01,5.077025413513183594e+00
4.413346767425537109e+00,4.667433261871337891e+00,-2.187055349349975586e+00,6.792533874511718750e+00,4.679450988769531250e+00,6.289773941040039062e+00,6.938727855682373047e+00,5.323370933532714844e+00,1.087814140319824219e+01,5.079100608825683594e+00
4.469359397888183594e+00,4.686930179595947266e+00,-1.995319128036499023e+00,6.767114162445068359e+00,4.744496345520019531e+00,6.342586994171142578e+00,6.914561271667480469e+00,5.397108554840087891e+00,1.105665779113769531e+01,5.094540119171142578e+00
4.423676967620849609e+00,4.608073234558105469e+00,-2.113344430923461914e+00,6.763731479644775391e+00,4.685914993286132812e+00,6.410902500152587891e+00,6.961170673370361328e+00,5.395715236663818359e+00,1.096378707885742188e+01,5.113636970520019531e+00
4.430775165557861328e+00,4.442200183868408203e+00,-2.148582935333251953e+00,6.831397056579589844e+00,4.607810974121093750e+00,6.534449100494384766e+00,7.166311264038085938e+00,5.490389823913574219e+00,1.080530738830566406e+01,5.153131484985351562e+00
4.438343048095703125e+00,4.268216133117675781e+00,-1.977641344070434570e+00,6.894987106323242188e+00,4.471534729003906250e+00,6.762826919555664062e+00,7.381091117858886719e+00,5.612469673156738281e+00,1.069527626037597656e+01,5.196217536926269531e+00
4.427940845489501953e+00,4.303350448608398438e+00,-2.066870689392089844e+00,7.140839099884033203e+00,4.317312240600585938e+00,6.802172660827636719e+00,7.694278717041015625e+00,5.467294216156005859e+00,1.037642288208007812e+01,5.137558460235595703e+00
4.475604057312011719e+00,4.237236022949218750e+00,-1.950112342834472656e+00,7.062602043151855469e+00,4.408364295959472656e+00,6.798724174499511719e+00,7.575967788696289062e+00,5.563896656036376953e+00,1.042747116088867188e+01,5.157193183898925781e+00
4.511145114898681641e+00,4.224246025085449219e+00,-1.820632219314575195e+00,7.019519329071044922e+00,4.414270401000976562e+00,6.950725078582763672e+00,7.604524135589599609e+00,5.613415241241455078e+00,1.045670509338378906e+01,5.151647567749023438e+00
4.819495201110839844e+00,3.625855684280395508e+00,-1.056400537490844727e+00,7.104149341583251953e+00,4.366635322570800781e+00,7.248663902282714844e+00,7.633328437805175781e+00,5.893672466278076172e+00,1.034287261962890625e+01,5.188948631286621094e+00
4.758718967437744141e+00,3.686331033706665039e+00,-1.197361946105957031e+00,7.108387470245361328e+00,4.418976783752441406e+00,7.977489948272705078e+00,7.290436744689941406e+00,5.782962322235107422e+00,1.059469032287597656e+01,5.503993988037109375e+00
4.665121555328369141e+00,3.433795690536499023e+00,-1.552325487136840820e+00,7.025028705596923828e+00,4.340553283691406250e+00,7.502983093261718750e+00,7.368311882019042969e+00,5.652425289154052734e+00,1.032351398468017578e+01,5.400341510772705078e+00
4.625466346740722656e+00,3.578657388687133789e+00,-1.795654773712158203e+00,6.976825714111328125e+00,4.326586723327636719e+00,7.267467975616455078e+00,7.612948894500732422e+00,5.714679241180419922e+00,1.031898307800292969e+01,5.256595134735107422e+00
4.741673946380615234e+00,3.499102115631103516e+00,-1.220728635787963867e+00,7.150556087493896484e+00,4.439647674560546875e+00,8.106320381164550781e+00,7.128304481506347656e+00,5.772412300109863281e+00,1.056599998474121094e+01,5.581173419952392578e+00
4.651639461517333984e+00,3.440703153610229492e+00,-1.462083339691162109e+00,7.069800376892089844e+00,4.321975708007812500e+00,7.476558208465576172e+00,7.448542594909667969e+00,5.691997528076171875e+00,1.033580970764160156e+01,5.369467258453369141e+00
4.540256023406982422e+00,3.424160957336425781e+00,-2.010261058807373047e+00,7.136173725128173828e+00,4.139661788940429688e+00,7.051839828491210938e+00,7.573980331420898438e+00,5.507209300994873047e+00,1.013646125793457031e+01,5.290977001190185547e+00
4.797454357147216797e+00,3.521367073059082031e+00,-1.183237314224243164e+00,7.080164909362792969e+00,4.430466651916503906e+00,7.774423122406005859e+00,7.354092121124267578e+00,5.844934940338134766e+00,1.043214797973632812e+01,5.381324291229248047e+00
4.876114368438720703e+00,3.634968757629394531e+00,-9.302839040756225586e-01,7.187529563903808594e+00,4.508972167968750000e+00,7.899656772613525391e+00,7.406800746917724609e+00,5.918943405151367188e+00,1.039593315124511719e+01,5.445881843566894531e+00
4.768058776855468750e+00,3.414928436279296875e+00,-1.212740182876586914e+00,7.259472370147705078e+00,4.468753814697265625e+00,8.167949676513671875e+00,7.087914943695068359e+00,5.788911819458007812e+00,1.050383377075195312e+01,5.665570735931396484e+00
4.584284782409667969e+00,4.902956008911132812e+00,-1.711831569671630859e+00,6.761250972747802734e+00,4.480173110961914062e+00,7.127761840820312500e+00,7.091868400573730469e+00,5.641926288604736328e+00,1.146201705932617188e+01,5.257486820220947266e+00
4.617118358612060547e+00,4.726408004760742188e+00,-1.667446136474609375e+00,6.788636684417724609e+00,4.431532859802246094e+00,7.255716800689697266e+00,7.166004180908203125e+00,5.757010936737060547e+00,1.142557525634765625e+01,5.295049667358398438e+00
4.549424171447753906e+00,4.814894676208496094e+00,-1.671084880828857422e+00,6.738090515136718750e+00,4.347441673278808594e+00,7.195858955383300781e+00,7.128969192504882812e+00,5.659909725189208984e+00,1.134317398071289062e+01,5.251037597656250000e+00
4.581367969512939453e+00,4.687848567962646484e+00,-1.646328687667846680e+00,6.772056102752685547e+00,4.428678512573242188e+00,7.263821601867675781e+00,7.087831974029541016e+00,5.725662708282470703e+00,1.132904434204101562e+01,5.292630672454833984e+00
4.597813606262207031e+00,4.473748683929443359e+00,-1.674404621124267578e+00,6.831811904907226562e+00,4.395009040832519531e+00,7.337282180786132812e+00,7.194726467132568359e+00,5.744736671447753906e+00,1.119019508361816406e+01,5.326292037963867188e+00
4.650628089904785156e+00,4.569715023040771484e+00,-1.550205945968627930e+00,6.830158233642578125e+00,4.472578048706054688e+00,7.365642547607421875e+00,7.050609588623046875e+00,5.802503108978271484e+00,1.134325027465820312e+01,5.323493480682373047e+00
4.549821853637695312e+00,4.504360198974609375e+00,-1.743844270706176758e+00,6.831107139587402344e+00,4.404417991638183594e+00,7.307069301605224609e+00,7.184966564178466797e+00,5.644150257110595703e+00,1.102455711364746094e+01,5.293124675750732422e+00
4.712009906768798828e+00,4.692459106445312500e+00,-1.527401924133300781e+00,6.845615386962890625e+00,4.423891067504882812e+00,7.447570800781250000e+00,7.151928424835205078e+00,5.903824329376220703e+00,1.146059036254882812e+01,5.313892364501953125e+00
4.580911636352539062e+00,4.580438137054443359e+00,-1.633531332015991211e+00,6.796963214874267578e+00,4.424345016479492188e+00,7.305152416229248047e+00,7.089211940765380859e+00,5.743734836578369141e+00,1.122538757324218750e+01,5.310881137847900391e+00
4.527160167694091797e+00,4.645961761474609375e+00,-1.744099855422973633e+00,6.801941871643066406e+00,4.426380157470703125e+00,7.285699367523193359e+00,7.175567150115966797e+00,5.626147747039794922e+00,1.109349060058593750e+01,5.273654460906982422e+00
4.499169826507568359e+00,4.526378631591796875e+00,-1.916421413421630859e+00,6.778344631195068359e+00,4.586062431335449219e+00,6.864024162292480469e+00,7.230000019073486328e+00,5.567402839660644531e+00,1.101847457885742188e+01,5.201952934265136719e+00
4.513215065002441406e+00,4.355243682861328125e+00,-1.548010349273681641e+00,6.915298461914062500e+00,4.459898948669433594e+00,7.571588993072509766e+00,7.365595817565917969e+00,5.507199287414550781e+00,1.068406677246093750e+01,5.273236751556396484e+00
4.465518474578857422e+00,4.151812553405761719e+00,-1.501967072486877441e+00,7.047807693481445312e+00,4.402414321899414062e+00,7.677833557128906250e+00,7.529469966888427734e+00,5.423888206481933594e+00,1.043024635314941406e+01,5.345161437988281250e+00
4.640976905822753906e+00,4.248558044433593750e+00,-1.447784900665283203e+00,6.930918216705322266e+00,4.534049034118652344e+00,7.611429691314697266e+00,7.304496765136718750e+00,5.663422107696533203e+00,1.069866943359375000e+01,5.333060741424560547e+00
4.686605930328369141e+00,4.206778049468994141e+00,-1.350042581558227539e+00,6.915142059326171875e+00,4.532976150512695312e+00,7.739688396453857422e+00,7.215545177459716797e+00,5.705435276031494141e+00,1.081365013122558594e+01,5.330670356750488281e+00
4.403605937957763672e+00,4.377822399139404297e+00,-1.674307584762573242e+00,6.974484443664550781e+00,4.395548820495605469e+00,7.758090972900390625e+00,7.536303997039794922e+00,5.270610332489013672e+00,1.044844627380371094e+01,5.187404155731201172e+00
4.660474777221679688e+00,3.975065708160400391e+00,-1.295417666435241699e+00,7.052695274353027344e+00,4.479042053222656250e+00,7.906303405761718750e+00,7.311349391937255859e+00,5.641296863555908203e+00,1.059344100952148438e+01,5.461543560028076172e+00
4.681282520294189453e+00,3.922294378280639648e+00,-1.443837404251098633e+00,6.999360084533691406e+00,4.427854537963867188e+00,7.881248950958251953e+00,7.322714805603027344e+00,5.726584911346435547e+00,1.068234252929687500e+01,5.461530208587646484e+00
4.616550445556640625e+00,3.980813264846801758e+00,-1.393156766891479492e+00,7.068022251129150391e+00,4.387933731079101562e+00,7.922031402587890625e+00,7.361585140228271484e+00,5.551423549652099609e+00,1.048389244079589844e+01,5.427891254425048828e+00
4.710582256317138672e+00,3.456696033477783203e+00,-1.453134775161743164e+00,7.215691089630126953e+00,4.436819076538085938e+00,8.107225418090820312e+00,7.227394580841064453e+00,5.693902015686035156e+00,1.047464561462402344e+01,5.657083034515380859e+00
4.755136013031005859e+00,4.040427207946777344e+00,-1.738731384277343750e+00,6.852695465087890625e+00,4.439848899841308594e+00,7.637122154235839844e+00,7.499297142028808594e+00,6.246564865112304688e+00,1.121013450622558594e+01,5.283146858215332031e+00
4.697458267211914062e+00,3.742020130157470703e+00,-1.612153291702270508e+00,7.045571804046630859e+00,4.439517021179199219e+00,7.800061702728271484e+00,7.455251693725585938e+00,5.799676418304443359e+00,1.057662582397460938e+01,5.454171180725097656e+00
4.695847511291503906e+00,3.772774219512939453e+00,-1.647600173950195312e+00,7.026724338531494141e+00,4.440177917480468750e+00,7.813418388366699219e+00,7.452733516693115234e+00,5.807962894439697266e+00,1.066422653198242188e+01,5.456833362579345703e+00
4.629941463470458984e+00,3.962755441665649414e+00,-1.955387592315673828e+00,7.034809589385986328e+00,4.426166534423828125e+00,7.530197620391845703e+00,7.620829582214355469e+00,5.579254627227783203e+00,1.039111328125000000e+01,5.319024085998535156e+00
4.711887836456298828e+00,3.902555942535400391e+00,-1.740696191787719727e+00,6.967950820922851562e+00,4.435701370239257812e+00,7.839128971099853516e+00,7.480764865875244141e+00,5.963343143463134766e+00,1.087418556213378906e+01,5.412447452545166016e+00
4.655518531799316406e+00,3.646596670150756836e+00,-1.647143363952636719e+00,7.007973194122314453e+00,4.420348167419433594e+00,7.699733257293701172e+00,7.499791622161865234e+00,5.869405269622802734e+00,1.061434364318847656e+01,5.403938770294189453e+00
4.675683021545410156e+00,3.760772943496704102e+00,-1.701420068740844727e+00,6.985566139221191406e+00,4.423034667968750000e+00,7.753517627716064453e+00,7.463627815246582031e+00,5.860302448272705078e+00,1.072278785705566406e+01,5.414935588836669922e+00
4.658595085144042969e+00,3.706258535385131836e+00,-1.676808834075927734e+00,7.008069038391113281e+00,4.401925086975097656e+00,7.772822856903076172e+00,7.461273670196533203e+00,5.856069564819335938e+00,1.069617652893066406e+01,5.424883842468261719e+00
4.659667968750000000e+00,3.612425327301025391e+00,-1.867547035217285156e+00,7.040940284729003906e+00,4.416857719421386719e+00,7.533069133758544922e+00,7.594581127166748047e+00,5.777619361877441406e+00,1.046043014526367188e+01,5.377867698669433594e+00
4.661674499511718750e+00,3.700754880905151367e+00,-1.785702466964721680e+00,6.972454071044921875e+00,4.423265457153320312e+00,7.620358467102050781e+00,7.495846748352050781e+00,5.806910037994384766e+00,1.055726432800292969e+01,5.376143455505371094e+00
4.633074760437011719e+00,5.020002365112304688e+00,-1.596528768539428711e+00,6.669052600860595703e+00,4.571357727050781250e+00,7.213369846343994141e+00,7.227741241455078125e+00,5.843466281890869141e+00,1.160455703735351562e+01,5.119657516479492188e+00
4.695248126983642578e+00,4.760688781738281250e+00,-1.384285211563110352e+00,6.536807537078857422e+00,4.608880043029785156e+00,7.095129966735839844e+00,6.972050189971923828e+00,6.093820095062255859e+00,1.163650894165039062e+01,5.090886592864990234e+00
4.634524822235107422e+00,4.803333282470703125e+00,-1.523987293243408203e+00,6.562490463256835938e+00,4.596565246582031250e+00,7.098590850830078125e+00,7.100831508636474609e+00,6.074372291564941406e+00,1.156763648986816406e+01,5.105769157409667969e+00
4.745494365692138672e+00,4.260041236877441406e+00,-1.180129528045654297e+00,6.682361125946044922e+00,4.499554634094238281e+00,7.326494693756103516e+00,7.065752983093261719e+00,6.344450950622558594e+00,1.139015197753906250e+01,5.074200630187988281e+00
4.741527557373046875e+00,4.352572441101074219e+00,-1.403729677200317383e+00,6.821822643280029297e+00,4.527917861938476562e+00,7.699678897857666016e+00,7.404432296752929688e+00,5.939369678497314453e+00,1.110000801086425781e+01,5.250797271728515625e+00
4.663982868194580078e+00,4.380194664001464844e+00,-1.594347715377807617e+00,6.882137298583984375e+00,4.454133033752441406e+00,7.797549247741699219e+00,7.607598304748535156e+00,6.005643844604492188e+00,1.100149536132812500e+01,5.275994777679443359e+00
4.689181327819824219e+00,4.335128784179687500e+00,-1.426719427108764648e+00,6.770950317382812500e+00,4.593229293823242188e+00,7.473512649536132812e+00,7.395427703857421875e+00,5.955356121063232422e+00,1.111554336547851562e+01,5.101158618927001953e+00
4.656944274902343750e+00,4.501997947692871094e+00,-1.679542303085327148e+00,6.825904846191406250e+00,4.502809524536132812e+00,7.701871871948242188e+00,7.593347072601318359e+00,5.926000118255615234e+00,1.112278175354003906e+01,5.225080490112304688e+00
4.619621753692626953e+00,4.517534732818603516e+00,-1.617708921432495117e+00,6.740612030029296875e+00,4.662515640258789062e+00,7.401188850402832031e+00,7.396406650543212891e+00,6.064420700073242188e+00,1.133052825927734375e+01,5.138131618499755859e+00
4.683740139007568359e+00,4.315917015075683594e+00,-1.507887005805969238e+00,6.821714401245117188e+00,4.548484802246093750e+00,7.657391071319580078e+00,7.513902664184570312e+00,6.069623470306396484e+00,1.108990097045898438e+01,5.178688049316406250e+00
4.757907867431640625e+00,4.734376907348632812e+00,-1.691041469573974609e+00,6.847258090972900391e+00,4.648609161376953125e+00,7.766587734222412109e+00,7.431633472442626953e+00,5.702757835388183594e+00,1.138258361816406250e+01,5.225582599639892578e+00
4.850300312042236328e+00,4.595245838165283203e+00,-1.561234712600708008e+00,6.795749664306640625e+00,4.739158630371093750e+00,7.569094657897949219e+00,7.308710098266601562e+00,5.962088584899902344e+00,1.147236251831054688e+01,5.301910400390625000e+00
4.681118965148925781e+00,4.194621086120605469e+00,-1.869632959365844727e+00,6.933411598205566406e+00,4.615495681762695312e+00,7.762224197387695312e+00,7.638227462768554688e+00,5.636017799377441406e+00,1.088143730163574219e+01,5.225470542907714844e+00
4.820191860198974609e+00,3.762093782424926758e+00,-1.224041223526000977e+00,6.980542659759521484e+00,4.591613769531250000e+00,7.848186492919921875e+00,7.340393066406250000e+00,5.922781467437744141e+00,1.075313568115234375e+01,5.284345626831054688e+00
4.773739814758300781e+00,3.663374423980712891e+00,-1.261271476745605469e+00,7.065374374389648438e+00,4.495623588562011719e+00,7.858135223388671875e+00,7.382028102874755859e+00,5.899733543395996094e+00,1.061994934082031250e+01,5.372017383575439453e+00
4.766352176666259766e+00,3.543443441390991211e+00,-1.341746568679809570e+00,7.064682960510253906e+00,4.470541000366210938e+00,7.748831748962402344e+00,7.540937900543212891e+00,5.877878189086914062e+00,1.045103073120117188e+01,5.256018161773681641e+00
4.803032875061035156e+00,3.637961387634277344e+00,-1.122991681098937988e+00,7.010373115539550781e+00,4.507918357849121094e+00,7.837766170501708984e+00,7.257331848144531250e+00,5.996033668518066406e+00,1.068049049377441406e+01,5.301738739013671875e+00
4.801295280456542969e+00,3.533102512359619141e+00,-1.312847256660461426e+00,7.098509788513183594e+00,4.533687591552734375e+00,7.925482273101806641e+00,7.342923164367675781e+00,5.878299713134765625e+00,1.054664230346679688e+01,5.411165237426757812e+00
4.838569164276123047e+00,3.703277587890625000e+00,-1.196389675140380859e+00,6.943279743194580078e+00,4.608986854553222656e+00,7.760146141052246094e+00,7.263840675354003906e+00,5.935265541076660156e+00,1.080462646484375000e+01,5.282909870147705078e+00
4.813987731933593750e+00,3.586216449737548828e+00,-1.344089508056640625e+00,7.100920677185058594e+00,4.479366302490234375e+00,7.939618110656738281e+00,7.394360065460205078e+00,5.946080684661865234e+00,1.045543479919433594e+01,5.339857101440429688e+00
4.776657581329345703e+00,3.599126577377319336e+00,-1.083997845649719238e+00,7.195524692535400391e+00,4.436329841613769531e+00,7.931710720062255859e+00,7.329022884368896484e+00,5.809744834899902344e+00,1.042078018188476562e+01,5.478630542755126953e+00
4.812530517578125000e+00,3.611140489578247070e+00,-1.107807874679565430e+00,7.234914779663085938e+00,4.452068328857421875e+00,8.109297752380371094e+00,7.305742740631103516e+00,5.789976119995117188e+00,1.044819068908691406e+01,5.570972919464111328e+00
4.835484027862548828e+00,3.733967781066894531e+00,-1.120321512222290039e+00,7.090319156646728516e+00,4.479456901550292969e+00,7.763955116271972656e+00,7.326620101928710938e+00,5.919437885284423828e+00,1.056536293029785156e+01,5.319128990173339844e+00
4.812849521636962891e+00,3.622326135635375977e+00,-1.132600784301757812e+00,7.221722602844238281e+00,4.424333572387695312e+00,8.057207107543945312e+00,7.393321037292480469e+00,5.759012699127197266e+00,1.038329505920410156e+01,5.532864093780517578e+00
4.845096111297607422e+00,3.725128412246704102e+00,-1.152578592300415039e+00,7.158182144165039062e+00,4.470460891723632812e+00,7.803500652313232422e+00,7.465634346008300781e+00,5.866630077362060547e+00,1.038671112060546875e+01,5.334033489227294922e+00
4.858930587768554688e+00,3.602518081665039062e+00,-1.040707349777221680e+00,7.205099105834960938e+00,4.440682411193847656e+00,7.806665897369384766e+00,7.439384937286376953e+00,5.903663635253906250e+00,1.037129974365234375e+01,5.383649349212646484e+00
4.799053192138671875e+00,3.736232757568359375e+00,-1.256308674812316895e+00,7.153193473815917969e+00,4.447368621826171875e+00,7.864162921905517578e+00,7.463729858398437500e+00,5.774188041687011719e+00,1.035651969909667969e+01,5.374894618988037109e+00
4.760799407958984375e+00,3.440306425094604492e+00,-1.133313179016113281e+00,7.229531288146972656e+00,4.442189216613769531e+00,8.045047760009765625e+00,7.164039134979248047e+00,5.818766117095947266e+00,1.046187400817871094e+01,5.575848102569580078e+00
4.908916950225830078e+00,3.520371675491333008e+00,-9.518771171569824219e-01,7.175078868865966797e+00,4.414860725402832031e+00,7.653442382812500000e+00,7.514021396636962891e+00,6.017761707305908203e+00,1.032753753662109375e+01,5.253726005554199219e+00
4.836303234100341797e+00,3.654590845108032227e+00,-1.180617570877075195e+00,7.147810935974121094e+00,4.459736824035644531e+00,7.854444503784179688e+00,7.444098949432373047e+00,5.894513130187988281e+00,1.036176490783691406e+01,5.358682155609130859e+00
4.679256916046142578e+00,4.901661872863769531e+00,-1.497844338417053223e+00,6.781717300415039062e+00,4.392492294311523438e+00,7.284010887145996094e+00,7.069339275360107422e+00,5.811738967895507812e+00,1.154579544067382812e+01,5.285732746124267578e+00
4.751126289367675781e+00,4.519543647766113281e+00,-1.412292003631591797e+00,6.855558872222900391e+00,4.370619773864746094e+00,7.586023807525634766e+00,7.096496582031250000e+00,5.907065391540527344e+00,1.136543083190917969e+01,5.352212905883789062e+00
4.800865173339843750e+00,4.695425987243652344e+00,-1.484256029129028320e+00,6.857291221618652344e+00,4.371788978576660156e+00,7.603591918945312500e+00,7.165370464324951172e+00,5.897199630737304688e+00,1.143341636657714844e+01,5.312647819519042969e+00
4.738035202026367188e+00,4.884561538696289062e+00,-1.504320383071899414e+00,6.813642501831054688e+00,4.410663604736328125e+00,7.400307655334472656e+00,7.112559795379638672e+00,5.871557712554931641e+00,1.156636238098144531e+01,5.289996147155761719e+00
4.832393646240234375e+00,4.622467041015625000e+00,-1.373235702514648438e+00,6.847522735595703125e+00,4.416760444641113281e+00,7.466310024261474609e+00,6.973796844482421875e+00,6.025511264801025391e+00,1.163555145263671875e+01,5.365442276000976562e+00
4.852971076965332031e+00,4.757527351379394531e+00,-1.446776986122131348e+00,6.846034526824951172e+00,4.556488037109375000e+00,7.337954521179199219e+00,6.928500652313232422e+00,5.997933864593505859e+00,1.181308937072753906e+01,5.372661113739013672e+00
4.672813415527343750e+00,4.699132919311523438e+00,-1.509275078773498535e+00,6.830802917480468750e+00,4.525328636169433594e+00,7.260203838348388672e+00,6.982095718383789062e+00,5.749106884002685547e+00,1.148026466369628906e+01,5.273962497711181641e+00
4.630070209503173828e+00,4.611013412475585938e+00,-1.625483512878417969e+00,6.826549053192138672e+00,4.415107727050781250e+00,7.436324119567871094e+00,7.156276226043701172e+00,5.765920639038085938e+00,1.128059387207031250e+01,5.324266433715820312e+00
4.647621154785156250e+00,4.647352695465087891e+00,-1.633784055709838867e+00,6.871119976043701172e+00,4.418265342712402344e+00,7.495175361633300781e+00,7.208559989929199219e+00,5.709858417510986328e+00,1.120871162414550781e+01,5.322009563446044922e+00
4.720462322235107422e+00,4.766939163208007812e+00,-1.626912593841552734e+00,6.845104694366455078e+00,4.430925369262695312e+00,7.487948417663574219e+00,7.198565006256103516e+00,5.831511497497558594e+00,1.140123176574707031e+01,5.320914268493652344e+00
4.508687019348144531e+00,4.326981544494628906e+00,-1.781882047653198242e+00,6.854830265045166016e+00,4.450502395629882812e+00,7.280029773712158203e+00,7.147999286651611328e+00,5.538582801818847656e+00,1.086318778991699219e+01,5.303304195404052734e+00
4.532677650451660156e+00,4.380580902099609375e+00,-1.665562868118286133e+00,6.874388217926025391e+00,4.383935928344726562e+00,7.458873271942138672e+00,7.222397804260253906e+00,5.572059154510498047e+00,1.086173057556152344e+01,5.301461696624755859e+00
4.463046073913574219e+00,4.321228981018066406e+00,-1.993595838546752930e+00,6.806467533111572266e+00,4.478944778442382812e+00,7.065146446228027344e+00,7.172844886779785156e+00,5.469588756561279297e+00,1.069214820861816406e+01,5.244801044464111328e+00
4.519012451171875000e+00,4.231636047363281250e+00,-1.976317644119262695e+00,6.772933483123779297e+00,4.442936897277832031e+00,7.250617027282714844e+00,7.303975582122802734e+00,5.630255222320556641e+00,1.079906082153320312e+01,5.253602027893066406e+00
4.545843601226806641e+00,4.087743282318115234e+00,-1.868373632431030273e+00,6.800082206726074219e+00,4.374207496643066406e+00,7.335987567901611328e+00,7.364291667938232422e+00,5.702821731567382812e+00,1.075654220581054688e+01,5.281059265136718750e+00
4.532905101776123047e+00,4.057076454162597656e+00,-2.072680234909057617e+00,6.802916049957275391e+00,4.413123130798339844e+00,7.333699703216552734e+00,7.499462127685546875e+00,5.738548755645751953e+00,1.070326042175292969e+01,5.239663124084472656e+00
4.515788078308105469e+00,4.346932411193847656e+00,-1.996637105941772461e+00,6.925975322723388672e+00,4.399333953857421875e+00,7.460200309753417969e+00,7.440627098083496094e+00,5.476667404174804688e+00,1.064148521423339844e+01,5.271921634674072266e+00
4.468037605285644531e+00,4.271817207336425781e+00,-2.034293174743652344e+00,6.901760101318359375e+00,4.375091552734375000e+00,7.242881298065185547e+00,7.385751724243164062e+00,5.438981056213378906e+00,1.052561759948730469e+01,5.218152046203613281e+00
4.534091472625732422e+00,4.162104606628417969e+00,-2.005871295928955078e+00,6.808831691741943359e+00,4.369581222534179688e+00,7.410235404968261719e+00,7.554783344268798828e+00,5.696386814117431641e+00,1.076615524291992188e+01,5.233709812164306641e+00
4.578908920288085938e+00,4.049953460693359375e+00,-1.848554134368896484e+00,6.851865768432617188e+00,4.423417091369628906e+00,7.326979637145996094e+00,7.307073116302490234e+00,5.657405376434326172e+00,1.067467880249023438e+01,5.279170513153076172e+00
4.614706516265869141e+00,4.207745075225830078e+00,-1.860106706619262695e+00,6.815538883209228516e+00,4.478180885314941406e+00,7.401998043060302734e+00,7.398668766021728516e+00,5.889743804931640625e+00,1.101866149902343750e+01,5.342329502105712891e+00
4.807335376739501953e+00,4.277807712554931641e+00,-1.716071367263793945e+00,6.744021415710449219e+00,4.364476203918457031e+00,7.507664680480957031e+00,7.508758544921875000e+00,6.882541656494140625e+00,1.174838638305664062e+01,5.254395008087158203e+00
4.722527027130126953e+00,4.244474887847900391e+00,-1.791736841201782227e+00,6.770789146423339844e+00,4.466833114624023438e+00,7.491475105285644531e+00,7.397830009460449219e+00,6.193466663360595703e+00,1.135601806640625000e+01,5.284781455993652344e+00
4.703965187072753906e+00,4.155929565429687500e+00,-1.809602975845336914e+00,6.744030952453613281e+00,4.436058998107910156e+00,7.403016567230224609e+00,7.492608547210693359e+00,6.407927036285400391e+00,1.140386962890625000e+01,5.289480686187744141e+00
4.609611988067626953e+00,4.150722503662109375e+00,-2.064523696899414062e+00,6.811810970306396484e+00,4.478028297424316406e+00,7.403670310974121094e+00,7.560137271881103516e+00,6.027774810791015625e+00,1.101024246215820312e+01,5.298063278198242188e+00
4.636625289916992188e+00,3.971476793289184570e+00,-1.929464817047119141e+00,6.751604557037353516e+00,4.472976684570312500e+00,7.374469757080078125e+00,7.464860916137695312e+00,6.053523063659667969e+00,1.100368881225585938e+01,5.281890392303466797e+00
4.617392539978027344e+00,3.958528518676757812e+00,-1.974833726882934570e+00,6.731994628906250000e+00,4.465146064758300781e+00,7.405802726745605469e+00,7.474018573760986328e+00,6.045854091644287109e+00,1.098227500915527344e+01,5.285762310028076172e+00
4.775020599365234375e+00,4.119657516479492188e+00,-1.670057296752929688e+00,6.789315223693847656e+00,4.381744384765625000e+00,7.556019306182861328e+00,7.511956691741943359e+00,6.679741859436035156e+00,1.153772163391113281e+01,5.265048980712890625e+00
4.711828708648681641e+00,4.103416442871093750e+00,-1.786855697631835938e+00,6.771636962890625000e+00,4.425686836242675781e+00,7.534601688385009766e+00,7.565944671630859375e+00,6.419383525848388672e+00,1.142034912109375000e+01,5.286139011383056641e+00
4.784228801727294922e+00,4.109816551208496094e+00,-1.622487783432006836e+00,6.765990734100341797e+00,4.313885688781738281e+00,7.452332973480224609e+00,7.550807952880859375e+00,6.787441253662109375e+00,1.157134056091308594e+01,5.249153137207031250e+00
4.678495883941650391e+00,3.951504707336425781e+00,-1.304845571517944336e+00,6.980162143707275391e+00,4.429897308349609375e+00,7.768988132476806641e+00,7.308079719543457031e+00,5.954014301300048828e+00,1.094190597534179688e+01,5.415138244628906250e+00
4.670337677001953125e+00,3.905246734619140625e+00,-1.408230781555175781e+00,6.932260036468505859e+00,4.456462860107421875e+00,7.701210498809814453e+00,7.372107982635498047e+00,6.013295173645019531e+00,1.094180488586425781e+01,5.369734287261962891e+00
4.701415061950683594e+00,3.916876316070556641e+00,-1.304772138595581055e+00,6.983182907104492188e+00,4.425073623657226562e+00,7.860109329223632812e+00,7.343795299530029297e+00,5.830564498901367188e+00,1.076816749572753906e+01,5.413496017456054688e+00
4.731258392333984375e+00,3.879498720169067383e+00,-1.172763824462890625e+00,6.988027572631835938e+00,4.443117141723632812e+00,7.692719936370849609e+00,7.435164451599121094e+00,5.953828334808349609e+00,1.069953727722167969e+01,5.336771965026855469e+00
4.748780250549316406e+00,3.870959997177124023e+00,-1.050752758979797363e+00,7.069085597991943359e+00,4.442096710205078125e+00,7.861393928527832031e+00,7.389601230621337891e+00,5.901900768280029297e+00,1.066599655151367188e+01,5.410395622253417969e+00
4.684418678283691406e+00,3.802126884460449219e+00,-1.123586297035217285e+00,7.039783477783203125e+00,4.427556991577148438e+00,7.760366439819335938e+00,7.342429637908935547e+00,5.957288265228271484e+00,1.077788162231445312e+01,5.417050838470458984e+00
4.662247180938720703e+00,3.708573818206787109e+00,-1.389191627502441406e+00,6.957551956176757812e+00,4.462755203247070312e+00,7.723879814147949219e+00,7.360389232635498047e+00,5.899148941040039062e+00,1.071022605895996094e+01,5.386577129364013672e+00
4.739260673522949219e+00,3.877210378646850586e+00,-9.813374876976013184e-01,7.068197727203369141e+00,4.422242164611816406e+00,7.821840286254882812e+00,7.309173107147216797e+00,5.965130805969238281e+00,1.079975700378417969e+01,5.425823688507080078e+00
4.728182792663574219e+00,3.717667579650878906e+00,-1.106387615203857422e+00,7.042739868164062500e+00,4.439455032348632812e+00,7.668781280517578125e+00,7.418593883514404297e+00,5.944319248199462891e+00,1.064428138732910156e+01,5.364325046539306641e+00
4.736252784729003906e+00,3.672098398208618164e+00,-1.053405165672302246e+00,7.141389846801757812e+00,4.431407928466796875e+00,8.182588577270507812e+00,7.144305229187011719e+00,5.779533863067626953e+00,1.076868629455566406e+01,5.586268424987792969e+00
4.713509082794189453e+00,3.453207254409790039e+00,-1.479445219039916992e+00,7.153400897979736328e+00,4.468581199645996094e+00,8.050956726074218750e+00,7.173011779785156250e+00,5.745096206665039062e+00,1.055566406250000000e+01,5.648952960968017578e+00
4.704309463500976562e+00,3.430712461471557617e+00,-1.456776022911071777e+00,7.114375114440917969e+00,4.472166061401367188e+00,8.004547119140625000e+00,7.152701377868652344e+00,5.752150058746337891e+00,1.054268455505371094e+01,5.602856159210205078e+00
4.753159999847412109e+00,3.420424222946166992e+00,-1.355143189430236816e+00,7.209806919097900391e+00,4.464730262756347656e+00,8.142068862915039062e+00,7.078938961029052734e+00,5.759042263031005859e+00,1.055048751831054688e+01,5.688444614410400391e+00
4.690998077392578125e+00,3.410715579986572266e+00,-1.497157335281372070e+00,7.133572578430175781e+00,4.462363243103027344e+00,7.948479175567626953e+00,7.159059047698974609e+00,5.722819805145263672e+00,1.052550888061523438e+01,5.654967784881591797e+00
4.686491966247558594e+00,3.350951910018920898e+00,-1.511384487152099609e+00,7.103442192077636719e+00,4.455665588378906250e+00,7.856295585632324219e+00,7.169435977935791016e+00,5.741095066070556641e+00,1.050059890747070312e+01,5.606917381286621094e+00
4.757450580596923828e+00,3.441182136535644531e+00,-1.276355981826782227e+00,7.233372688293457031e+00,4.439375877380371094e+00,8.181087493896484375e+00,7.121546745300292969e+00,5.763381481170654297e+00,1.048369407653808594e+01,5.664781093597412109e+00
4.704270839691162109e+00,3.315020799636840820e+00,-1.393273830413818359e+00,7.209025859832763672e+00,4.458957672119140625e+00,8.133259773254394531e+00,7.010715007781982422e+00,5.736614704132080078e+00,1.047496795654296875e+01,5.676424026489257812e+00
4.725316524505615234e+00,3.406753063201904297e+00,-1.388140678405761719e+00,7.178426742553710938e+00,4.453077316284179688e+00,8.148547172546386719e+00,7.092854022979736328e+00,5.760357856750488281e+00,1.052449798583984375e+01,5.656748294830322266e+00
4.674225807189941406e+00,3.404115200042724609e+00,-1.514864325523376465e+00,7.111395359039306641e+00,4.425690650939941406e+00,7.932377815246582031e+00,7.168879508972167969e+00,5.695715904235839844e+00,1.048935699462890625e+01,5.628158569335937500e+00
4.766179084777832031e+00,3.414353847503662109e+00,-1.441723227500915527e+00,7.280034065246582031e+00,4.434072494506835938e+00,8.213064193725585938e+00,7.174735069274902344e+00,5.819954395294189453e+00,1.045307159423828125e+01,5.668452739715576172e+00
4.750005245208740234e+00,3.565691232681274414e+00,-1.624100685119628906e+00,7.168805122375488281e+00,4.518929481506347656e+00,8.059378623962402344e+00,7.157510757446289062e+00,5.917381286621093750e+00,1.068480682373046875e+01,5.636113166809082031e+00
4.737813472747802734e+00,3.670142889022827148e+00,-1.635311603546142578e+00,7.086031913757324219e+00,4.501493453979492188e+00,7.932815551757812500e+00,7.223883628845214844e+00,6.005792617797851562e+00,1.083754158020019531e+01,5.537878990173339844e+00
4.677711963653564453e+00,3.521497726440429688e+00,-1.646462202072143555e+00,7.141196727752685547e+00,4.489031791687011719e+00,7.945868015289306641e+00,7.131885051727294922e+00,5.921332836151123047e+00,1.068454742431640625e+01,5.595365524291992188e+00
4.699671745300292969e+00,3.413038253784179688e+00,-1.365574836730957031e+00,7.258361816406250000e+00,4.461168289184570312e+00,8.144797325134277344e+00,7.060380458831787109e+00,5.797609806060791016e+00,1.049212837219238281e+01,5.693579196929931641e+00
4.636254310607910156e+00,3.377611875534057617e+00,-1.561336040496826172e+00,7.095949649810791016e+00,4.397058486938476562e+00,7.693360805511474609e+00,7.213404178619384766e+00,5.792893409729003906e+00,1.048097991943359375e+01,5.535943031311035156e+00
4.692913532257080078e+00,3.390317916870117188e+00,-1.622303009033203125e+00,7.220717430114746094e+00,4.450294494628906250e+00,7.993363380432128906e+00,7.130673408508300781e+00,5.795594215393066406e+00,1.050537872314453125e+01,5.670781135559082031e+00
4.683523178100585938e+00,3.306926250457763672e+00,-1.441379070281982422e+00,7.299214363098144531e+00,4.486692428588867188e+00,8.030523300170898438e+00,7.004909992218017578e+00,5.741580963134765625e+00,1.049443054199218750e+01,5.738612651824951172e+00
4.674577713012695312e+00,3.363490819931030273e+00,-1.483917832374572754e+00,7.233997821807861328e+00,4.454932212829589844e+00,7.995718955993652344e+00,7.098062038421630859e+00,5.757804393768310547e+00,1.047763252258300781e+01,5.680982112884521484e+00
4.710640430450439453e+00,3.518980503082275391e+00,-1.700068950653076172e+00,7.164270401000976562e+00,4.487088203430175781e+00,8.032651901245117188e+00,7.172475814819335938e+00,5.962790012359619141e+00,1.064649772644042969e+01,5.599708080291748047e+00
4.736727714538574219e+00,3.556556940078735352e+00,-1.690642356872558594e+00,7.179901599884033203e+00,4.545583724975585938e+00,8.060050964355468750e+00,7.175274372100830078e+00,5.988311767578125000e+00,1.078433609008789062e+01,5.642197132110595703e+00
4.549715518951416016e+00,4.904435157775878906e+00,-1.893996000289916992e+00,6.707931995391845703e+00,4.475977897644042969e+00,6.939178466796875000e+00,7.035387992858886719e+00,5.643532276153564453e+00,1.154599571228027344e+01,5.271721363067626953e+00
4.404846191406250000e+00,4.844980239868164062e+00,-2.181102991104125977e+00,6.707033634185791016e+00,4.444487571716308594e+00,6.728636264801025391e+00,7.034895420074462891e+00,5.456380844116210938e+00,1.124951934814453125e+01,5.196639060974121094e+00
4.426667690277099609e+00,4.835860252380371094e+00,-2.281710147857666016e+00,6.741607666015625000e+00,4.441127777099609375e+00,6.777097225189208984e+00,7.178953170776367188e+00,5.479025840759277344e+00,1.122864723205566406e+01,5.207737445831298828e+00
4.423278808593750000e+00,4.681420326232910156e+00,-2.257703542709350586e+00,6.720328330993652344e+00,4.539541244506835938e+00,6.596720218658447266e+00,6.979618072509765625e+00,5.440535545349121094e+00,1.118701171875000000e+01,5.205145835876464844e+00
4.470534801483154297e+00,4.809753417968750000e+00,-2.129680871963500977e+00,6.744159698486328125e+00,4.453998565673828125e+00,6.852439403533935547e+00,7.187471866607666016e+00,5.562149047851562500e+00,1.132264900207519531e+01,5.237546920776367188e+00
4.493408203125000000e+00,4.739203453063964844e+00,-2.349066019058227539e+00,6.791749000549316406e+00,4.411613464355468750e+00,7.070371627807617188e+00,7.453181266784667969e+00,5.521547794342041016e+00,1.116290855407714844e+01,5.224891185760498047e+00
4.529932498931884766e+00,4.660228729248046875e+00,-2.086945056915283203e+00,6.767020702362060547e+00,4.515009880065917969e+00,6.989479064941406250e+00,7.229337215423583984e+00,5.634801387786865234e+00,1.128730964660644531e+01,5.267996311187744141e+00
4.367166996002197266e+00,4.690356731414794922e+00,-2.496574640274047852e+00,6.777238368988037109e+00,4.458130836486816406e+00,6.780891418457031250e+00,7.300190448760986328e+00,5.349157810211181641e+00,1.090015602111816406e+01,5.139204502105712891e+00
4.518134117126464844e+00,4.632425308227539062e+00,-2.058680534362792969e+00,6.773234367370605469e+00,4.521437644958496094e+00,6.988206863403320312e+00,7.210507392883300781e+00,5.618750572204589844e+00,1.122786903381347656e+01,5.263734340667724609e+00
4.556831836700439453e+00,4.687842369079589844e+00,-2.072646379470825195e+00,6.776288032531738281e+00,4.506009101867675781e+00,7.216772079467773438e+00,7.396749973297119141e+00,5.666203975677490234e+00,1.129575157165527344e+01,5.260077953338623047e+00
4.398848533630371094e+00,4.781994819641113281e+00,-2.176507234573364258e+00,6.738386631011962891e+00,4.671514511108398438e+00,6.255410194396972656e+00,6.786337852478027344e+00,5.283513069152832031e+00,1.113514900207519531e+01,5.059628486633300781e+00
4.364963531494140625e+00,4.820652961730957031e+00,-2.232577323913574219e+00,6.754634380340576172e+00,4.606251716613769531e+00,6.353678703308105469e+00,6.897914886474609375e+00,5.277656078338623047e+00,1.107147216796875000e+01,5.063996791839599609e+00
4.339215278625488281e+00,4.733441352844238281e+00,-2.356233596801757812e+00,6.758959293365478516e+00,4.630067825317382812e+00,6.296981334686279297e+00,6.841967105865478516e+00,5.237894058227539062e+00,1.089458084106445312e+01,5.037388324737548828e+00
4.369157791137695312e+00,4.678326606750488281e+00,-2.377742052078247070e+00,6.668141365051269531e+00,4.711056709289550781e+00,6.213923454284667969e+00,6.692358016967773438e+00,5.207591056823730469e+00,1.093447875976562500e+01,5.054680824279785156e+00
4.258430004119873047e+00,4.817816734313964844e+00,-2.465978622436523438e+00,6.932730674743652344e+00,4.300160408020019531e+00,6.769625663757324219e+00,7.417912483215332031e+00,5.079780101776123047e+00,1.060447883605957031e+01,5.022799015045166016e+00
4.303877353668212891e+00,4.712308883666992188e+00,-2.423157453536987305e+00,6.796399593353271484e+00,4.442192077636718750e+00,6.519227504730224609e+00,7.111215591430664062e+00,5.240992546081542969e+00,1.073254203796386719e+01,5.085554122924804688e+00
4.367179393768310547e+00,4.728821754455566406e+00,-2.273164033889770508e+00,6.763838768005371094e+00,4.503211975097656250e+00,6.594892024993896484e+00,7.039390563964843750e+00,5.323971271514892578e+00,1.093233299255371094e+01,5.113622188568115234e+00
4.362060070037841797e+00,4.847175598144531250e+00,-2.288862943649291992e+00,6.786937713623046875e+00,4.426877021789550781e+00,6.796473026275634766e+00,7.178994655609130859e+00,5.301652431488037109e+00,1.096046638488769531e+01,5.125401020050048828e+00
4.363554000854492188e+00,4.655771255493164062e+00,-2.421108961105346680e+00,6.710893154144287109e+00,4.576481819152832031e+00,6.435010433197021484e+00,6.928333282470703125e+00,5.275954246520996094e+00,1.084643173217773438e+01,5.103922843933105469e+00
4.363559246063232422e+00,4.648136138916015625e+00,-2.286768198013305664e+00,6.758425235748291016e+00,4.521900177001953125e+00,6.507532596588134766e+00,7.001503467559814453e+00,5.314198493957519531e+00,1.080389976501464844e+01,5.116830825805664062e+00
5.034128665924072266e+00,3.299742221832275391e+00,-9.905292987823486328e-01,6.951732635498046875e+00,4.612390518188476562e+00,7.446500778198242188e+00,7.369054794311523438e+00,5.924216747283935547e+00,1.056125640869140625e+01,5.086058139801025391e+00
5.024115562438964844e+00,3.348611593246459961e+00,-9.745014905929565430e-01,6.949182033538818359e+00,4.547234535217285156e+00,7.279813289642333984e+00,7.469762802124023438e+00,5.917740821838378906e+00,1.047635078430175781e+01,5.001752376556396484e+00
5.011986732482910156e+00,3.308671236038208008e+00,-9.618712663650512695e-01,7.009698390960693359e+00,4.533734321594238281e+00,7.550669670104980469e+00,7.422696113586425781e+00,6.036558628082275391e+00,1.047642135620117188e+01,5.132661819458007812e+00
4.993046760559082031e+00,3.253476619720458984e+00,-1.039025068283081055e+00,6.954718589782714844e+00,4.593850135803222656e+00,7.505023479461669922e+00,7.305934906005859375e+00,5.929388046264648438e+00,1.056764984130859375e+01,5.142473697662353516e+00
4.951511383056640625e+00,3.328783512115478516e+00,-1.007794737815856934e+00,6.974566459655761719e+00,4.550161361694335938e+00,7.564979553222656250e+00,7.340700626373291016e+00,5.934845447540283203e+00,1.050981712341308594e+01,5.165721893310546875e+00
5.031305313110351562e+00,3.244242191314697266e+00,-1.041709423065185547e+00,6.902573585510253906e+00,4.630695343017578125e+00,7.435298442840576172e+00,7.285524368286132812e+00,5.915687561035156250e+00,1.057605361938476562e+01,5.087088108062744141e+00
4.997251987457275391e+00,3.232241630554199219e+00,-1.071430921554565430e+00,6.934627056121826172e+00,4.598670005798339844e+00,7.480890274047851562e+00,7.273378849029541016e+00,5.930095672607421875e+00,1.058242416381835938e+01,5.137770175933837891e+00
5.036738395690917969e+00,3.307578325271606445e+00,-9.784100651741027832e-01,6.928014755249023438e+00,4.562553405761718750e+00,7.354207038879394531e+00,7.449282169342041016e+00,5.918373584747314453e+00,1.051947021484375000e+01,4.965923309326171875e+00
4.978995323181152344e+00,3.274372339248657227e+00,-1.032715320587158203e+00,6.945950031280517578e+00,4.526368141174316406e+00,7.479790687561035156e+00,7.355816841125488281e+00,5.990887641906738281e+00,1.048568916320800781e+01,5.099103927612304688e+00
5.067061901092529297e+00,3.205984592437744141e+00,-9.840174913406372070e-01,6.996710300445556641e+00,4.526679039001464844e+00,7.238698005676269531e+00,7.494220256805419922e+00,6.013171672821044922e+00,1.041364669799804688e+01,5.029787063598632812e+00
5.153903484344482422e+00,3.299211502075195312e+00,-7.408524751663208008e-01,7.114054679870605469e+00,4.306852340698242188e+00,6.982130050659179688e+00,7.900367259979248047e+00,6.227395057678222656e+00,1.010820388793945312e+01,4.777226448059082031e+00
5.218789100646972656e+00,3.275120019912719727e+00,-6.952564120292663574e-01,7.130082607269287109e+00,4.363710403442382812e+00,6.754179477691650391e+00,7.922841548919677734e+00,6.143855571746826172e+00,1.015453052520751953e+01,4.741349220275878906e+00
5.039597034454345703e+00,3.290734529495239258e+00,-8.735509514808654785e-01,7.065261363983154297e+00,4.364497184753417969e+00,7.230383872985839844e+00,7.655168056488037109e+00,6.144709587097167969e+00,1.026662254333496094e+01,4.939845561981201172e+00
5.116550445556640625e+00,3.254213809967041016e+00,-7.455523610115051270e-01,7.105094432830810547e+00,4.263309478759765625e+00,7.023363590240478516e+00,7.821144104003906250e+00,6.230607509613037109e+00,1.012072181701660156e+01,4.824906826019287109e+00
4.787648200988769531e+00,3.345884799957275391e+00,-1.024857521057128906e+00,7.266897201538085938e+00,4.509857177734375000e+00,8.056928634643554688e+00,7.084582328796386719e+00,5.916367053985595703e+00,1.049210929870605469e+01,5.662517547607421875e+00
4.886708259582519531e+00,3.303673982620239258e+00,-9.611840248107910156e-01,7.070596694946289062e+00,4.343646049499511719e+00,7.554936885833740234e+00,7.512235641479492188e+00,6.185916423797607422e+00,1.030272674560546875e+01,5.126057147979736328e+00
5.205195426940917969e+00,3.239453315734863281e+00,-6.566570997238159180e-01,7.203089714050292969e+00,4.218042850494384766e+00,6.693094730377197266e+00,8.122422218322753906e+00,6.278292655944824219e+00,9.934747695922851562e+00,4.664510726928710938e+00
5.105898857116699219e+00,3.288606643676757812e+00,-7.930108308792114258e-01,7.102306842803955078e+00,4.347822189331054688e+00,6.937347412109375000e+00,7.845485687255859375e+00,6.250458240509033203e+00,1.016905784606933594e+01,4.837194919586181641e+00
4.959521770477294922e+00,3.325306892395019531e+00,-9.052861928939819336e-01,7.044148921966552734e+00,4.349779129028320312e+00,7.332434177398681641e+00,7.589271545410156250e+00,6.233656406402587891e+00,1.028856754302978516e+01,5.033742427825927734e+00
4.999306678771972656e+00,3.228291273117065430e+00,-9.765028953552246094e-01,7.036175727844238281e+00,4.300293922424316406e+00,7.204430103302001953e+00,7.660346031188964844e+00,6.137343883514404297e+00,1.020946502685546875e+01,4.918225765228271484e+00
4.342572212219238281e+00,4.500046730041503906e+00,-2.560576200485229492e+00,7.048474788665771484e+00,4.254741668701171875e+00,7.128964900970458984e+00,7.721223354339599609e+00,5.077443599700927734e+00,1.024887275695800781e+01,5.111850738525390625e+00
4.504861354827880859e+00,4.314893722534179688e+00,-1.795857429504394531e+00,6.891876220703125000e+00,4.317858695983886719e+00,7.527449131011962891e+00,7.384499073028564453e+00,5.525880813598632812e+00,1.064419364929199219e+01,5.234146118164062500e+00
4.872564792633056641e+00,3.542580127716064453e+00,-1.452672243118286133e+00,6.956059455871582031e+00,4.345464706420898438e+00,6.841919422149658203e+00,7.567793846130371094e+00,5.788921833038330078e+00,1.032305526733398438e+01,5.034610748291015625e+00
4.397114753723144531e+00,4.388566970825195312e+00,-2.685809850692749023e+00,7.332777500152587891e+00,4.167693138122558594e+00,6.873557090759277344e+00,8.071843147277832031e+00,4.920095443725585938e+00,1.010969352722167969e+01,5.074822902679443359e+00
4.605405330657958984e+00,3.797201633453369141e+00,-2.055654287338256836e+00,6.970134258270263672e+00,4.414524078369140625e+00,7.206900596618652344e+00,7.642800807952880859e+00,5.679863452911376953e+00,1.034941673278808594e+01,5.229942798614501953e+00
4.743261814117431641e+00,3.600192546844482422e+00,-1.748870134353637695e+00,7.070812225341796875e+00,4.356508255004882812e+00,7.058358192443847656e+00,7.760418415069580078e+00,5.837941169738769531e+00,1.025327301025390625e+01,5.097289562225341797e+00
4.673293113708496094e+00,3.695408582687377930e+00,-1.878564119338989258e+00,6.993984699249267578e+00,4.379527091979980469e+00,7.145638942718505859e+00,7.653351306915283203e+00,5.745979309082031250e+00,1.029753208160400391e+01,5.154110908508300781e+00
4.600236415863037109e+00,3.853399753570556641e+00,-1.916559457778930664e+00,6.945487976074218750e+00,4.406796455383300781e+00,7.538015842437744141e+00,7.454754829406738281e+00,5.685094833374023438e+00,1.051823234558105469e+01,5.350048542022705078e+00
4.676046371459960938e+00,3.658822774887084961e+00,-1.735061883926391602e+00,7.083484172821044922e+00,4.350735664367675781e+00,7.268416404724121094e+00,7.684219837188720703e+00,5.656913280487060547e+00,1.023971748352050781e+01,5.196165084838867188e+00
4.676727294921875000e+00,3.674379825592041016e+00,-1.801498174667358398e+00,7.199975013732910156e+00,4.287219047546386719e+00,7.177646636962890625e+00,7.881670475006103516e+00,5.593103885650634766e+00,1.018841552734375000e+01,5.134884357452392578e+00
4.900832176208496094e+00,4.460940361022949219e+00,-1.574026107788085938e+00,6.844946861267089844e+00,4.256931304931640625e+00,7.832909107208251953e+00,7.180693626403808594e+00,6.453186511993408203e+00,1.140746307373046875e+01,5.336218833923339844e+00
4.903862953186035156e+00,4.563225746154785156e+00,-1.428256750106811523e+00,6.878341197967529297e+00,4.344439506530761719e+00,7.700952529907226562e+00,7.106664657592773438e+00,6.137447357177734375e+00,1.158275985717773438e+01,5.368907451629638672e+00
4.896625041961669922e+00,4.305456161499023438e+00,-1.583556175231933594e+00,6.803914070129394531e+00,4.201803684234619141e+00,7.876414299011230469e+00,7.085081577301025391e+00,6.769403457641601562e+00,1.142597007751464844e+01,5.323630809783935547e+00
4.776569366455078125e+00,4.190520763397216797e+00,-1.610187530517578125e+00,6.933457374572753906e+00,4.317157745361328125e+00,7.856283664703369141e+00,7.384050846099853516e+00,5.872957229614257812e+00,1.108838081359863281e+01,5.373566150665283203e+00
4.893735408782958984e+00,4.544014930725097656e+00,-1.532558202743530273e+00,6.897248268127441406e+00,4.382336616516113281e+00,7.818531990051269531e+00,7.229752540588378906e+00,6.082498073577880859e+00,1.143633651733398438e+01,5.359179496765136719e+00
4.552267551422119141e+00,4.671971797943115234e+00,-1.764174461364746094e+00,6.852735519409179688e+00,4.360762596130371094e+00,7.366365909576416016e+00,7.351659774780273438e+00,5.632481098175048828e+00,1.105455970764160156e+01,5.238062858581542969e+00
4.836943149566650391e+00,4.021323204040527344e+00,-1.533184528350830078e+00,6.983974933624267578e+00,4.382254600524902344e+00,8.103252410888671875e+00,7.267714977264404297e+00,5.995507717132568359e+00,1.102732658386230469e+01,5.430857658386230469e+00
4.572614192962646484e+00,4.150392532348632812e+00,-1.708498239517211914e+00,6.965652942657470703e+00,4.353203773498535156e+00,7.644829273223876953e+00,7.394373893737792969e+00,5.558039665222167969e+00,1.062163734436035156e+01,5.336817741394042969e+00
4.766370296478271484e+00,3.831629514694213867e+00,-1.597032785415649414e+00,7.095745563507080078e+00,4.348584175109863281e+00,8.075204849243164062e+00,7.391256332397460938e+00,5.774839878082275391e+00,1.069716835021972656e+01,5.516247272491455078e+00
4.703593254089355469e+00,3.855564594268798828e+00,-1.603123664855957031e+00,7.108631134033203125e+00,4.364726066589355469e+00,8.024631500244140625e+00,7.429738998413085938e+00,5.648424148559570312e+00,1.052937889099121094e+01,5.494580745697021484e+00
4.725372314453125000e+00,3.546202898025512695e+00,-1.264565587043762207e+00,6.835420131683349609e+00,4.493138313293457031e+00,7.437600135803222656e+00,7.279315471649169922e+00,6.153335571289062500e+00,1.065166664123535156e+01,5.212840080261230469e+00
4.814106464385986328e+00,3.370540380477905273e+00,-1.195819258689880371e+00,6.979536056518554688e+00,4.521334648132324219e+00,7.613208293914794922e+00,7.293663024902343750e+00,5.955029964447021484e+00,1.054217338562011719e+01,5.307894706726074219e+00
4.781723499298095703e+00,3.375327348709106445e+00,-1.286605119705200195e+00,6.906610965728759766e+00,4.587922096252441406e+00,7.612445354461669922e+00,7.180847167968750000e+00,5.923900604248046875e+00,1.064443778991699219e+01,5.305412769317626953e+00
4.814980506896972656e+00,3.401348590850830078e+00,-1.131897211074829102e+00,6.904587268829345703e+00,4.579442977905273438e+00,7.690590858459472656e+00,7.165360450744628906e+00,5.959108829498291016e+00,1.065163040161132812e+01,5.256803035736083984e+00
4.801577091217041016e+00,3.299799203872680664e+00,-1.236055612564086914e+00,7.158650398254394531e+00,4.543764114379882812e+00,7.755019664764404297e+00,7.284449577331542969e+00,5.883237838745117188e+00,1.049354934692382812e+01,5.481911182403564453e+00
4.838856220245361328e+00,3.303983449935913086e+00,-1.125817775726318359e+00,6.999916553497314453e+00,4.531333923339843750e+00,7.671351909637451172e+00,7.244674682617187500e+00,5.983407974243164062e+00,1.054410362243652344e+01,5.282014369964599609e+00
4.813545703887939453e+00,3.220530986785888672e+00,-1.118093132972717285e+00,7.058019161224365234e+00,4.540246963500976562e+00,7.794767856597900391e+00,7.116252422332763672e+00,5.901221752166748047e+00,1.057813644409179688e+01,5.431165218353271484e+00
4.813433647155761719e+00,3.233025550842285156e+00,-1.212892651557922363e+00,7.061789989471435547e+00,4.445982933044433594e+00,7.594087123870849609e+00,7.258107185363769531e+00,5.880667686462402344e+00,1.043567848205566406e+01,5.380573749542236328e+00
4.856348991394042969e+00,3.254024505615234375e+00,-1.052098512649536133e+00,7.102174282073974609e+00,4.530932426452636719e+00,7.874775409698486328e+00,7.094249725341796875e+00,5.912891387939453125e+00,1.057865333557128906e+01,5.449967861175537109e+00
4.847062587738037109e+00,3.201540708541870117e+00,-1.200162649154663086e+00,6.973872661590576172e+00,4.529376029968261719e+00,7.654942035675048828e+00,7.139280319213867188e+00,5.909543037414550781e+00,1.055344009399414062e+01,5.308513641357421875e+00
4.690501689910888672e+00,4.123773574829101562e+00,-1.400442600250244141e+00,7.064875125885009766e+00,4.443811416625976562e+00,7.156555652618408203e+00,7.644184589385986328e+00,5.672655582427978516e+00,1.033848381042480469e+01,5.070224761962890625e+00
4.599487304687500000e+00,4.113457679748535156e+00,-1.647722005844116211e+00,7.139534473419189453e+00,4.358817100524902344e+00,7.371479511260986328e+00,7.690170288085937500e+00,5.408827781677246094e+00,1.020954799652099609e+01,5.209274291992187500e+00
4.644495964050292969e+00,4.167554855346679688e+00,-1.561489820480346680e+00,7.111661911010742188e+00,4.328593254089355469e+00,7.273910522460937500e+00,7.780403137207031250e+00,5.457874774932861328e+00,1.018402481079101562e+01,5.039838790893554688e+00
4.672645568847656250e+00,3.841878414154052734e+00,-1.473482131958007812e+00,7.096180915832519531e+00,4.373204231262207031e+00,7.363708972930908203e+00,7.582630634307861328e+00,5.638876914978027344e+00,1.026619911193847656e+01,5.233087062835693359e+00
4.636857509613037109e+00,3.857633113861083984e+00,-1.698849678039550781e+00,7.143916606903076172e+00,4.351099967956542969e+00,7.450886249542236328e+00,7.652256011962890625e+00,5.500044822692871094e+00,1.024167633056640625e+01,5.287800788879394531e+00
4.671150207519531250e+00,3.803485870361328125e+00,-1.477775812149047852e+00,7.096124172210693359e+00,4.376329421997070312e+00,7.442375659942626953e+00,7.578927040100097656e+00,5.651336193084716797e+00,1.029132080078125000e+01,5.272651672363281250e+00
4.633316040039062500e+00,3.844564199447631836e+00,-1.652776956558227539e+00,7.098783969879150391e+00,4.371443748474121094e+00,7.790233135223388672e+00,7.446025848388671875e+00,5.586440086364746094e+00,1.037359809875488281e+01,5.406679153442382812e+00
4.757745742797851562e+00,3.707599878311157227e+00,-1.228782534599304199e+00,7.064362525939941406e+00,4.332008361816406250e+00,7.198525905609130859e+00,7.716410636901855469e+00,5.912906169891357422e+00,1.026904487609863281e+01,5.033908367156982422e+00
4.629604816436767578e+00,3.813191413879394531e+00,-1.797066450119018555e+00,7.170427799224853516e+00,4.360058784484863281e+00,7.840108394622802734e+00,7.499129772186279297e+00,5.521931648254394531e+00,1.032116508483886719e+01,5.457914829254150391e+00
4.797719478607177734e+00,3.516201019287109375e+00,-1.273234248161315918e+00,7.202831268310546875e+00,4.285492897033691406e+00,7.255369663238525391e+00,7.758244991302490234e+00,5.737456798553466797e+00,1.014964294433593750e+01,5.105843544006347656e+00
4.671020984649658203e+00,3.173087120056152344e+00,-1.425029039382934570e+00,7.100328922271728516e+00,4.376906394958496094e+00,7.754913330078125000e+00,6.923322677612304688e+00,5.549109458923339844e+00,1.043804168701171875e+01,5.660888671875000000e+00
4.725779533386230469e+00,3.190117835998535156e+00,-1.246023178100585938e+00,7.192477703094482422e+00,4.422245979309082031e+00,7.915852546691894531e+00,6.925982952117919922e+00,5.621820926666259766e+00,1.048450469970703125e+01,5.707866668701171875e+00
4.686370849609375000e+00,3.027152061462402344e+00,-1.523832321166992188e+00,7.107790470123291016e+00,4.282563209533691406e+00,7.756743907928466797e+00,6.823893070220947266e+00,5.510846614837646484e+00,1.033738708496093750e+01,5.701122283935546875e+00
4.674612045288085938e+00,3.124053239822387695e+00,-1.471834659576416016e+00,7.206954956054687500e+00,4.401203155517578125e+00,7.923818588256835938e+00,6.825135707855224609e+00,5.584115028381347656e+00,1.041146278381347656e+01,5.748329162597656250e+00
4.665595531463623047e+00,3.134403228759765625e+00,-1.441609859466552734e+00,7.173641204833984375e+00,4.354129791259765625e+00,7.865498065948486328e+00,6.778777599334716797e+00,5.536276817321777344e+00,1.038916015625000000e+01,5.730433464050292969e+00
4.752080917358398438e+00,3.139791011810302734e+00,-1.205138444900512695e+00,7.216194152832031250e+00,4.414161682128906250e+00,7.962049961090087891e+00,6.882471084594726562e+00,5.715515136718750000e+00,1.046074104309082031e+01,5.701289653778076172e+00
4.746066093444824219e+00,3.071934223175048828e+00,-1.292057275772094727e+00,7.166204452514648438e+00,4.373448371887207031e+00,7.945862770080566406e+00,6.840022563934326172e+00,5.672433853149414062e+00,1.044814109802246094e+01,5.686579704284667969e+00
4.756091594696044922e+00,3.076508522033691406e+00,-1.229967594146728516e+00,7.167216300964355469e+00,4.414177894592285156e+00,7.815191745758056641e+00,6.938333511352539062e+00,5.727863311767578125e+00,1.043322944641113281e+01,5.612838745117187500e+00
4.738983631134033203e+00,3.226671695709228516e+00,-1.325347423553466797e+00,7.319922447204589844e+00,4.400194168090820312e+00,7.996548175811767578e+00,6.911682605743408203e+00,5.715647697448730469e+00,1.042578697204589844e+01,5.728319644927978516e+00
4.694792270660400391e+00,3.219182014465332031e+00,-1.473072528839111328e+00,7.345813274383544922e+00,4.415880203247070312e+00,7.995541572570800781e+00,6.869326114654541016e+00,5.646923542022705078e+00,1.040385246276855469e+01,5.783264160156250000e+00
4.694202899932861328e+00,4.330987453460693359e+00,-1.951153516769409180e+00,6.782505512237548828e+00,4.519450187683105469e+00,7.252282142639160156e+00,7.342823028564453125e+00,6.027408599853515625e+00,1.133130836486816406e+01,5.358072757720947266e+00
4.707265853881835938e+00,4.247990608215332031e+00,-1.863662004470825195e+00,6.784504413604736328e+00,4.473948478698730469e+00,7.409317016601562500e+00,7.468202590942382812e+00,6.182511329650878906e+00,1.127581977844238281e+01,5.314096927642822266e+00
4.713254928588867188e+00,4.276284217834472656e+00,-1.873277664184570312e+00,6.799319267272949219e+00,4.493694305419921875e+00,7.359615325927734375e+00,7.410132408142089844e+00,6.114608764648437500e+00,1.131671333312988281e+01,5.342961788177490234e+00
4.701991081237792969e+00,4.177148818969726562e+00,-1.805794000625610352e+00,6.836793422698974609e+00,4.479070663452148438e+00,7.396458625793457031e+00,7.348964691162109375e+00,6.046274185180664062e+00,1.127146148681640625e+01,5.383076190948486328e+00
4.704515457153320312e+00,4.186023235321044922e+00,-1.822926759719848633e+00,6.813787460327148438e+00,4.490898132324218750e+00,7.444193363189697266e+00,7.438585758209228516e+00,6.089837074279785156e+00,1.118593597412109375e+01,5.328929901123046875e+00
4.647965908050537109e+00,4.157395362854003906e+00,-1.842151880264282227e+00,6.860446453094482422e+00,4.477797508239746094e+00,7.506886959075927734e+00,7.387170314788818359e+00,5.814193725585937500e+00,1.085057067871093750e+01,5.338906288146972656e+00
4.674562931060791016e+00,4.060962677001953125e+00,-1.806140184402465820e+00,6.821928977966308594e+00,4.456512451171875000e+00,7.391109943389892578e+00,7.437057971954345703e+00,6.092076301574707031e+00,1.116990089416503906e+01,5.333934307098388672e+00
4.661213874816894531e+00,4.008920669555664062e+00,-1.809992790222167969e+00,6.897092342376708984e+00,4.487287521362304688e+00,7.465023994445800781e+00,7.421789169311523438e+00,5.772136211395263672e+00,1.067975997924804688e+01,5.334136486053466797e+00
4.666191101074218750e+00,3.872265100479125977e+00,-1.678313255310058594e+00,6.940939426422119141e+00,4.444573402404785156e+00,7.598285675048828125e+00,7.466228008270263672e+00,5.840514183044433594e+00,1.066264724731445312e+01,5.365542888641357422e+00
4.696616172790527344e+00,4.071021080017089844e+00,-1.845366716384887695e+00,6.861075878143310547e+00,4.488548278808593750e+00,7.567615032196044922e+00,7.515140056610107422e+00,6.025927066802978516e+00,1.097283744812011719e+01,5.327299594879150391e+00
4.593491554260253906e+00,4.021270751953125000e+00,-1.768321037292480469e+00,6.949874877929687500e+00,4.407495498657226562e+00,7.428736686706542969e+00,7.373548030853271484e+00,5.650766372680664062e+00,1.057019233703613281e+01,5.333872318267822266e+00
4.592803478240966797e+00,3.959484815597534180e+00,-1.823085546493530273e+00,6.976200103759765625e+00,4.395841598510742188e+00,7.510217666625976562e+00,7.440351009368896484e+00,5.631015300750732422e+00,1.048460388183593750e+01,5.338387489318847656e+00
4.581959247589111328e+00,4.057836532592773438e+00,-1.833628892898559570e+00,6.964669227600097656e+00,4.377915382385253906e+00,7.558834552764892578e+00,7.388276576995849609e+00,5.598442077636718750e+00,1.050696372985839844e+01,5.321321010589599609e+00
4.663783550262451172e+00,3.971276760101318359e+00,-1.810014009475708008e+00,7.007390975952148438e+00,4.426248550415039062e+00,7.851386070251464844e+00,7.466951370239257812e+00,5.708556175231933594e+00,1.064946746826171875e+01,5.409585475921630859e+00
4.665482997894287109e+00,3.797771215438842773e+00,-1.559655189514160156e+00,6.984934329986572266e+00,4.381747245788574219e+00,7.799793720245361328e+00,7.353878021240234375e+00,5.782431125640869141e+00,1.064021873474121094e+01,5.404933452606201172e+00
4.663456916809082031e+00,3.751372098922729492e+00,-1.593252420425415039e+00,6.994233608245849609e+00,4.390933990478515625e+00,7.874077320098876953e+00,7.360251426696777344e+00,5.769846916198730469e+00,1.064161300659179688e+01,5.444125652313232422e+00
4.685842514038085938e+00,3.670716285705566406e+00,-1.628224611282348633e+00,7.035188198089599609e+00,4.467324256896972656e+00,7.897689342498779297e+00,7.348282814025878906e+00,5.849132537841796875e+00,1.071730995178222656e+01,5.490747928619384766e+00
4.656095981597900391e+00,3.689572095870971680e+00,-1.694094896316528320e+00,6.985653877258300781e+00,4.370140075683593750e+00,7.697832107543945312e+00,7.423520565032958984e+00,5.746519088745117188e+00,1.048909187316894531e+01,5.374927043914794922e+00
4.713698863983154297e+00,3.594882965087890625e+00,-1.493164300918579102e+00,7.106523990631103516e+00,4.438097000122070312e+00,7.925725460052490234e+00,7.337359428405761719e+00,5.735731601715087891e+00,1.046306610107421875e+01,5.519221782684326172e+00
4.666968345642089844e+00,3.630239486694335938e+00,-1.711311340332031250e+00,7.078858852386474609e+00,4.417440414428710938e+00,7.867557525634765625e+00,7.388245582580566406e+00,5.677363395690917969e+00,1.046150207519531250e+01,5.515116691589355469e+00
4.486490726470947266e+00,4.470600605010986328e+00,-2.032045602798461914e+00,6.856975555419921875e+00,4.555274963378906250e+00,6.713037014007568359e+00,7.265976428985595703e+00,5.600287437438964844e+00,1.090750122070312500e+01,5.224152565002441406e+00
4.496849060058593750e+00,4.383517265319824219e+00,-2.039312601089477539e+00,6.824801445007324219e+00,4.578349113464355469e+00,6.822110176086425781e+00,7.308214187622070312e+00,5.644552230834960938e+00,1.094724655151367188e+01,5.245774269104003906e+00
4.536149978637695312e+00,4.516450405120849609e+00,-2.002050399780273438e+00,6.793114185333251953e+00,4.632854461669921875e+00,6.836379528045654297e+00,7.220539093017578125e+00,5.606452465057373047e+00,1.105801582336425781e+01,5.223677158355712891e+00
4.508714675903320312e+00,4.177537918090820312e+00,-1.959466695785522461e+00,6.904101371765136719e+00,4.485825538635253906e+00,6.868653297424316406e+00,7.515699386596679688e+00,5.813001632690429688e+00,1.075306129455566406e+01,5.277247905731201172e+00
4.473730564117431641e+00,4.337926864624023438e+00,-2.050818443298339844e+00,6.903616428375244141e+00,4.525263786315917969e+00,6.852687358856201172e+00,7.426076889038085938e+00,5.642800331115722656e+00,1.073044967651367188e+01,5.230939388275146484e+00
4.505916118621826172e+00,4.357498168945312500e+00,-2.056682825088500977e+00,6.862334728240966797e+00,4.503190994262695312e+00,6.995599269866943359e+00,7.412752628326416016e+00,5.602302074432373047e+00,1.071570777893066406e+01,5.244354724884033203e+00
4.580859661102294922e+00,4.343759536743164062e+00,-1.868788242340087891e+00,6.828576564788818359e+00,4.502721786499023438e+00,7.351757526397705078e+00,7.399420738220214844e+00,5.681064128875732422e+00,1.082397460937500000e+01,5.292974948883056641e+00
4.616528987884521484e+00,4.057736873626708984e+00,-1.729301452636718750e+00,6.865559101104736328e+00,4.482381820678710938e+00,7.489605903625488281e+00,7.548807621002197266e+00,5.874311923980712891e+00,1.083012199401855469e+01,5.332702159881591797e+00
4.634228706359863281e+00,4.064270973205566406e+00,-1.684717893600463867e+00,6.798099517822265625e+00,4.478439331054687500e+00,7.387388706207275391e+00,7.565583705902099609e+00,6.070847988128662109e+00,1.102634048461914062e+01,5.302633285522460938e+00
4.638648986816406250e+00,3.933072090148925781e+00,-1.783306837081909180e+00,6.826672077178955078e+00,4.474347114562988281e+00,7.367470264434814453e+00,7.544053077697753906e+00,6.076616764068603516e+00,1.092199325561523438e+01,5.312369823455810547e+00
4.434089660644531250e+00,4.491548538208007812e+00,-1.926144599914550781e+00,6.849182128906250000e+00,4.480254173278808594e+00,6.680700302124023438e+00,7.412048339843750000e+00,5.602216243743896484e+00,1.090823364257812500e+01,5.212090969085693359e+00
4.539048671722412109e+00,4.345191955566406250e+00,-1.860700368881225586e+00,6.832969188690185547e+00,4.519775390625000000e+00,6.775979042053222656e+00,7.390607357025146484e+00,5.800034046173095703e+00,1.095771217346191406e+01,5.250501155853271484e+00
4.166407108306884766e+00,4.397106170654296875e+00,-1.998020172119140625e+00,6.698805809020996094e+00,4.580592155456542969e+00,7.061201095581054688e+00,7.453141689300537109e+00,5.401105403900146484e+00,1.082658576965332031e+01,5.001986980438232422e+00
4.363646507263183594e+00,4.036458015441894531e+00,-1.735812664031982422e+00,6.920262336730957031e+00,4.272688865661621094e+00,7.196993350982666016e+00,7.835990428924560547e+00,5.525514125823974609e+00,1.031579303741455078e+01,5.017290592193603516e+00
4.846489906311035156e+00,3.855655908584594727e+00,-1.394449472427368164e+00,6.905523777008056641e+00,4.342497825622558594e+00,7.047144889831542969e+00,7.733862400054931641e+00,6.180388450622558594e+00,1.069688415527343750e+01,5.193709373474121094e+00
4.713394165039062500e+00,3.744561672210693359e+00,-1.450427889823913574e+00,6.855539798736572266e+00,4.469838142395019531e+00,7.306370258331298828e+00,7.475322723388671875e+00,6.137340068817138672e+00,1.081147766113281250e+01,5.186990737915039062e+00
4.743060111999511719e+00,3.837989568710327148e+00,-1.474498987197875977e+00,6.923757553100585938e+00,4.375062942504882812e+00,7.048902988433837891e+00,7.620791435241699219e+00,6.293670654296875000e+00,1.072834777832031250e+01,5.160981178283691406e+00
4.801695346832275391e+00,3.671184539794921875e+00,-1.298735141754150391e+00,6.864980220794677734e+00,4.585306167602539062e+00,7.499625205993652344e+00,7.404385089874267578e+00,5.973325252532958984e+00,1.079854965209960938e+01,5.173799037933349609e+00
4.761168956756591797e+00,3.678578138351440430e+00,-1.425726652145385742e+00,6.879802227020263672e+00,4.645240783691406250e+00,7.680583477020263672e+00,7.299374103546142578e+00,5.933573246002197266e+00,1.089290618896484375e+01,5.329339027404785156e+00
4.797938346862792969e+00,3.617458581924438477e+00,-1.252083659172058105e+00,6.911468029022216797e+00,4.578533172607421875e+00,7.623088359832763672e+00,7.350272178649902344e+00,6.059702396392822266e+00,1.078347206115722656e+01,5.215669631958007812e+00
4.780823707580566406e+00,3.531546592712402344e+00,-1.260493278503417969e+00,7.204123497009277344e+00,4.457937240600585938e+00,8.251815795898437500e+00,7.124832630157470703e+00,5.812824249267578125e+00,1.053832054138183594e+01,5.585221290588378906e+00
4.749123096466064453e+00,3.391695022583007812e+00,-1.318429350852966309e+00,7.226830005645751953e+00,4.388717651367187500e+00,8.267410278320312500e+00,7.060692310333251953e+00,5.844159126281738281e+00,1.043844985961914062e+01,5.611642837524414062e+00
4.793837070465087891e+00,3.406843185424804688e+00,-1.230454206466674805e+00,7.252953052520751953e+00,4.456863403320312500e+00,8.189593315124511719e+00,7.158012866973876953e+00,5.905051231384277344e+00,1.043950843811035156e+01,5.571698188781738281e+00
4.777938365936279297e+00,3.343707799911499023e+00,-1.123808622360229492e+00,7.252542018890380859e+00,4.457979202270507812e+00,8.203211784362792969e+00,7.031887054443359375e+00,5.875672817230224609e+00,1.050988578796386719e+01,5.641297340393066406e+00
4.815232276916503906e+00,3.297128915786743164e+00,-1.227871417999267578e+00,7.376404762268066406e+00,4.436280250549316406e+00,8.279955863952636719e+00,7.035052299499511719e+00,5.892337799072265625e+00,1.046036529541015625e+01,5.759521007537841797e+00
4.835817337036132812e+00,3.321313858032226562e+00,-9.856426715850830078e-01,7.360748767852783203e+00,4.445221900939941406e+00,8.255908012390136719e+00,7.035810470581054688e+00,5.907152175903320312e+00,1.048961067199707031e+01,5.746009826660156250e+00
4.768802165985107422e+00,3.264424562454223633e+00,-1.150901794433593750e+00,7.348050117492675781e+00,4.453387260437011719e+00,8.246164321899414062e+00,6.993709564208984375e+00,5.855569362640380859e+00,1.046982192993164062e+01,5.760990619659423828e+00
4.846688270568847656e+00,3.327714204788208008e+00,-1.037680506706237793e+00,7.429584026336669922e+00,4.446342468261718750e+00,8.241813659667968750e+00,7.057896614074707031e+00,5.874244689941406250e+00,1.048216629028320312e+01,5.762615680694580078e+00
4.801895618438720703e+00,3.265475034713745117e+00,-1.054767966270446777e+00,7.354546546936035156e+00,4.449247360229492188e+00,8.221625328063964844e+00,7.020616531372070312e+00,5.857899188995361328e+00,1.049463081359863281e+01,5.729211330413818359e+00
4.814765930175781250e+00,3.284057617187500000e+00,-1.149576067924499512e+00,7.384235382080078125e+00,4.446368217468261719e+00,8.264922142028808594e+00,7.048118591308593750e+00,5.896275520324707031e+00,1.045496940612792969e+01,5.756240367889404297e+00
4.623940944671630859e+00,3.550971269607543945e+00,-1.151989698410034180e+00,7.122679233551025391e+00,4.351713180541992188e+00,8.041611671447753906e+00,7.001206398010253906e+00,5.542833328247070312e+00,1.056388282775878906e+01,5.556013107299804688e+00
4.712090015411376953e+00,3.502926826477050781e+00,-1.093844175338745117e+00,7.175285816192626953e+00,4.384302139282226562e+00,8.137606620788574219e+00,6.944444656372070312e+00,5.590904712677001953e+00,1.066580581665039062e+01,5.590095043182373047e+00
4.797914028167724609e+00,3.369862556457519531e+00,-1.188464641571044922e+00,7.324931144714355469e+00,4.416690826416015625e+00,8.304776191711425781e+00,6.987891674041748047e+00,5.786849498748779297e+00,1.056887817382812500e+01,5.749147891998291016e+00
4.728610038757324219e+00,3.411281824111938477e+00,-1.131042003631591797e+00,7.179129600524902344e+00,4.378949165344238281e+00,8.066362380981445312e+00,6.905136108398437500e+00,5.619454860687255859e+00,1.056364631652832031e+01,5.586652755737304688e+00
4.839549541473388672e+00,3.394604682922363281e+00,-1.046916723251342773e+00,7.398434638977050781e+00,4.442456245422363281e+00,8.312984466552734375e+00,7.027576923370361328e+00,5.831444263458251953e+00,1.056377983093261719e+01,5.795507431030273438e+00
4.806392669677734375e+00,3.412945270538330078e+00,-9.923682808876037598e-01,7.359108448028564453e+00,4.427126884460449219e+00,8.217005729675292969e+00,6.944430828094482422e+00,5.757829666137695312e+00,1.059519958496093750e+01,5.749639034271240234e+00
4.753759860992431641e+00,3.425052165985107422e+00,-1.224160313606262207e+00,7.217259407043457031e+00,4.373031616210937500e+00,8.281675338745117188e+00,6.996388435363769531e+00,5.787868499755859375e+00,1.051508522033691406e+01,5.678091526031494141e+00
4.802571773529052734e+00,3.372111797332763672e+00,-1.125499963760375977e+00,7.315379142761230469e+00,4.402008056640625000e+00,8.260438919067382812e+00,6.972333431243896484e+00,5.814260482788085938e+00,1.057040596008300781e+01,5.721058845520019531e+00
4.744327545166015625e+00,3.398678541183471680e+00,-1.189443826675415039e+00,7.219998836517333984e+00,4.397422790527343750e+00,8.239979743957519531e+00,6.982690811157226562e+00,5.778820514678955078e+00,1.051930999755859375e+01,5.662206649780273438e+00
4.820757389068603516e+00,3.400223493576049805e+00,-1.060589790344238281e+00,7.270094871520996094e+00,4.443494796752929688e+00,8.258755683898925781e+00,6.946639537811279297e+00,5.802128791809082031e+00,1.061369705200195312e+01,5.698603630065917969e+00
4.488720893859863281e+00,4.539742469787597656e+00,-2.072944641113281250e+00,6.769724845886230469e+00,4.587027549743652344e+00,6.760412693023681641e+00,7.339346408843994141e+00,5.664028167724609375e+00,1.107506942749023438e+01,5.256104946136474609e+00
4.490740299224853516e+00,4.432439804077148438e+00,-2.045539379119873047e+00,6.782565593719482422e+00,4.503343582153320312e+00,6.757972240447998047e+00,7.338864326477050781e+00,5.643373012542724609e+00,1.090923500061035156e+01,5.231248378753662109e+00
4.415862560272216797e+00,4.420170307159423828e+00,-1.822787046432495117e+00,6.746632099151611328e+00,4.494503974914550781e+00,6.963719844818115234e+00,7.224328517913818359e+00,5.477460384368896484e+00,1.097035980224609375e+01,5.198703765869140625e+00
4.538559436798095703e+00,4.318619728088378906e+00,-1.616513967514038086e+00,6.775363445281982422e+00,4.502194404602050781e+00,7.313669204711914062e+00,7.271428585052490234e+00,5.614776611328125000e+00,1.098192214965820312e+01,5.267942905426025391e+00
4.440874576568603516e+00,4.489602088928222656e+00,-1.883119821548461914e+00,6.815111160278320312e+00,4.482974052429199219e+00,7.122107028961181641e+00,7.441937923431396484e+00,5.477855205535888672e+00,1.077354812622070312e+01,5.175527572631835938e+00
4.712442398071289062e+00,4.349650859832763672e+00,-1.498585820198059082e+00,6.781622409820556641e+00,4.579529762268066406e+00,7.447280406951904297e+00,7.271017074584960938e+00,5.854413509368896484e+00,1.121309852600097656e+01,5.314700603485107422e+00
4.510376930236816406e+00,4.237326622009277344e+00,-1.958866357803344727e+00,6.817557811737060547e+00,4.497352600097656250e+00,7.015367984771728516e+00,7.356543064117431641e+00,5.799305915832519531e+00,1.087664031982421875e+01,5.244244098663330078e+00
4.548456192016601562e+00,4.141606330871582031e+00,-1.649685144424438477e+00,6.816508769989013672e+00,4.486034393310546875e+00,7.379179477691650391e+00,7.427178382873535156e+00,5.664220333099365234e+00,1.078742408752441406e+01,5.259807586669921875e+00
4.660230159759521484e+00,3.969213008880615234e+00,-1.491078138351440430e+00,6.909671306610107422e+00,4.429240226745605469e+00,7.602728843688964844e+00,7.389772891998291016e+00,5.767795562744140625e+00,1.071605110168457031e+01,5.376223087310791016e+00
4.701609134674072266e+00,4.109418869018554688e+00,-1.487840056419372559e+00,6.902293682098388672e+00,4.523108482360839844e+00,7.722549915313720703e+00,7.348571777343750000e+00,5.746213912963867188e+00,1.078807449340820312e+01,5.332171440124511719e+00
4.273794174194335938e+00,4.265396118164062500e+00,-1.796655178070068359e+00,6.682009220123291016e+00,4.533925056457519531e+00,7.203031063079833984e+00,7.327041625976562500e+00,5.476824283599853516e+00,1.097346878051757812e+01,5.163592815399169922e+00
4.078614234924316406e+00,4.235191345214843750e+00,-1.969346523284912109e+00,6.608894348144531250e+00,4.437946319580078125e+00,7.063317775726318359e+00,7.408690929412841797e+00,5.409273624420166016e+00,1.080153083801269531e+01,5.098588943481445312e+00
4.005519390106201172e+00,4.280111312866210938e+00,-1.934245347976684570e+00,6.699409961700439453e+00,4.291015625000000000e+00,7.274491786956787109e+00,7.613633155822753906e+00,5.150628089904785156e+00,1.048906898498535156e+01,5.044010639190673828e+00
4.011593818664550781e+00,4.572392463684082031e+00,-2.077800750732421875e+00,6.528530597686767578e+00,4.456119537353515625e+00,7.232812404632568359e+00,7.477146625518798828e+00,4.998396396636962891e+00,1.083585166931152344e+01,4.904778957366943359e+00
4.287400245666503906e+00,4.381525516510009766e+00,-1.691577672958374023e+00,6.792799472808837891e+00,4.404287338256835938e+00,7.629714012145996094e+00,7.595306873321533203e+00,5.120452880859375000e+00,1.065146446228027344e+01,5.058361053466796875e+00
4.297006130218505859e+00,4.315865516662597656e+00,-1.616049051284790039e+00,6.621581077575683594e+00,4.430159568786621094e+00,7.497992992401123047e+00,7.473322391510009766e+00,5.247483730316162109e+00,1.068790817260742188e+01,4.944864273071289062e+00
4.356281757354736328e+00,4.165217399597167969e+00,-1.466695070266723633e+00,6.737612724304199219e+00,4.460320472717285156e+00,7.503501415252685547e+00,7.494506835937500000e+00,5.382512569427490234e+00,1.063719367980957031e+01,4.989855289459228516e+00
4.457095623016357422e+00,4.162554740905761719e+00,-1.454412460327148438e+00,6.744435310363769531e+00,4.421273231506347656e+00,7.583162784576416016e+00,7.291749477386474609e+00,5.472962379455566406e+00,1.080143928527832031e+01,5.101363182067871094e+00
4.418126106262207031e+00,4.160274982452392578e+00,-1.601525783538818359e+00,6.785674095153808594e+00,4.452675819396972656e+00,7.566960334777832031e+00,7.625679016113281250e+00,5.387956619262695312e+00,1.062138557434082031e+01,4.984261989593505859e+00
4.580821037292480469e+00,3.885854005813598633e+00,-1.402309417724609375e+00,6.784967422485351562e+00,4.532849311828613281e+00,7.622710227966308594e+00,7.434076786041259766e+00,5.680976390838623047e+00,1.078094863891601562e+01,5.103780746459960938e+00
4.743328571319580078e+00,4.000236511230468750e+00,-1.096130371093750000e+00,7.060071945190429688e+00,4.406072616577148438e+00,7.784090518951416016e+00,7.329604148864746094e+00,5.668488025665283203e+00,1.054007720947265625e+01,5.208406925201416016e+00
4.909855842590332031e+00,4.075685501098632812e+00,-1.054459810256958008e+00,6.953820705413818359e+00,4.528418540954589844e+00,7.728513240814208984e+00,7.174612522125244141e+00,5.872720718383789062e+00,1.079473495483398438e+01,5.133009910583496094e+00
4.855849266052246094e+00,3.744063615798950195e+00,-1.023697614669799805e+00,7.060277462005615234e+00,4.474358558654785156e+00,7.850794792175292969e+00,7.230835437774658203e+00,5.804673194885253906e+00,1.057521438598632812e+01,5.298917293548583984e+00
4.848612308502197266e+00,3.735002994537353516e+00,-1.001278162002563477e+00,7.126101493835449219e+00,4.454866409301757812e+00,7.940553665161132812e+00,7.291597843170166016e+00,5.854531288146972656e+00,1.044324493408203125e+01,5.364693164825439453e+00
4.886180877685546875e+00,3.697298288345336914e+00,-9.813115596771240234e-01,7.176892757415771484e+00,4.510797500610351562e+00,8.055998802185058594e+00,7.106112957000732422e+00,5.892988204956054688e+00,1.064558029174804688e+01,5.543983459472656250e+00
4.845032691955566406e+00,3.666605472564697266e+00,-1.028985500335693359e+00,7.189066886901855469e+00,4.539581298828125000e+00,7.947338104248046875e+00,7.253625392913818359e+00,5.931057929992675781e+00,1.052121925354003906e+01,5.454250335693359375e+00
4.806166648864746094e+00,3.571694850921630859e+00,-9.308485388755798340e-01,7.205144405364990234e+00,4.431916236877441406e+00,7.849167346954345703e+00,7.332828044891357422e+00,5.897709369659423828e+00,1.036984062194824219e+01,5.412473201751708984e+00
4.912423610687255859e+00,3.634405612945556641e+00,-9.406040906906127930e-01,7.219973564147949219e+00,4.476574897766113281e+00,7.922061920166015625e+00,7.363599777221679688e+00,5.948933124542236328e+00,1.041048240661621094e+01,5.412618160247802734e+00
4.815630435943603516e+00,3.394353628158569336e+00,-1.185976862907409668e+00,7.333410739898681641e+00,4.449727058410644531e+00,8.309553146362304688e+00,7.053306579589843750e+00,5.851126670837402344e+00,1.051836013793945312e+01,5.735971450805664062e+00
4.834892272949218750e+00,3.569199562072753906e+00,-1.027614355087280273e+00,7.225285530090332031e+00,4.538932800292968750e+00,8.103713035583496094e+00,7.156095027923583984e+00,5.914974689483642578e+00,1.054318618774414062e+01,5.556418418884277344e+00
4.734591960906982422e+00,3.769611835479736328e+00,-1.492843389511108398e+00,7.027753353118896484e+00,4.493470191955566406e+00,8.049302101135253906e+00,7.277631282806396484e+00,5.883069515228271484e+00,1.074820137023925781e+01,5.531160831451416016e+00
4.720308303833007812e+00,3.746820926666259766e+00,-1.682218074798583984e+00,7.016419887542724609e+00,4.490456581115722656e+00,7.955015659332275391e+00,7.353821754455566406e+00,5.905085086822509766e+00,1.072563362121582031e+01,5.503109455108642578e+00
4.764806747436523438e+00,3.662140130996704102e+00,-1.530288457870483398e+00,7.089478969573974609e+00,4.505572319030761719e+00,8.077294349670410156e+00,7.279186725616455078e+00,5.860786914825439453e+00,1.064869117736816406e+01,5.583074569702148438e+00
4.755430221557617188e+00,3.549602508544921875e+00,-1.389341592788696289e+00,7.165788650512695312e+00,4.520224571228027344e+00,8.066711425781250000e+00,7.179005622863769531e+00,5.838394165039062500e+00,1.059950447082519531e+01,5.634579658508300781e+00
4.738681793212890625e+00,3.719501495361328125e+00,-1.628640413284301758e+00,7.036859512329101562e+00,4.496944427490234375e+00,7.963823318481445312e+00,7.365087985992431641e+00,5.851519584655761719e+00,1.065051460266113281e+01,5.515242576599121094e+00
4.747873306274414062e+00,3.581930398941040039e+00,-1.535104036331176758e+00,7.121927261352539062e+00,4.467945098876953125e+00,8.092704772949218750e+00,7.237458229064941406e+00,5.867667198181152344e+00,1.061377143859863281e+01,5.600322246551513672e+00
4.722061634063720703e+00,3.566341161727905273e+00,-1.393919944763183594e+00,7.132557868957519531e+00,4.507328033447265625e+00,7.979921817779541016e+00,7.248337268829345703e+00,5.816539764404296875e+00,1.054923629760742188e+01,5.584774017333984375e+00
4.724547863006591797e+00,3.583887815475463867e+00,-1.348435878753662109e+00,7.136492252349853516e+00,4.531335830688476562e+00,7.897721290588378906e+00,7.236902236938476562e+00,5.823458194732666016e+00,1.055628967285156250e+01,5.576043605804443359e+00
4.796981811523437500e+00,3.487710475921630859e+00,-1.142116189002990723e+00,7.179769992828369141e+00,4.528741836547851562e+00,8.011744499206542969e+00,7.265818595886230469e+00,5.988910198211669922e+00,1.042948913574218750e+01,5.518470287322998047e+00
4.756499290466308594e+00,3.542617797851562500e+00,-1.347920894622802734e+00,7.160840034484863281e+00,4.521329879760742188e+00,7.983590126037597656e+00,7.255069732666015625e+00,5.836850166320800781e+00,1.052458381652832031e+01,5.612600803375244141e+00
4.314617633819580078e+00,4.630111694335937500e+00,-2.136759996414184570e+00,6.649608612060546875e+00,4.681007385253906250e+00,6.730884552001953125e+00,7.277465820312500000e+00,5.387851715087890625e+00,1.115156745910644531e+01,5.169759750366210938e+00
4.287267684936523438e+00,4.622351169586181641e+00,-2.016223907470703125e+00,6.676474094390869141e+00,4.504129409790039062e+00,6.905822753906250000e+00,7.377782821655273438e+00,5.459985256195068359e+00,1.111190795898437500e+01,5.173640251159667969e+00
4.139266014099121094e+00,4.538599967956542969e+00,-2.102314710617065430e+00,6.842166900634765625e+00,4.341117858886718750e+00,6.845105648040771484e+00,7.583871841430664062e+00,5.212841510772705078e+00,1.067125320434570312e+01,5.109825611114501953e+00
4.385257244110107422e+00,4.321856975555419922e+00,-1.784282207489013672e+00,6.829036712646484375e+00,4.424136161804199219e+00,6.972722530364990234e+00,7.429104804992675781e+00,5.713726043701171875e+00,1.092758941650390625e+01,5.220144271850585938e+00
4.385363578796386719e+00,4.111173629760742188e+00,-1.721659660339355469e+00,6.714495182037353516e+00,4.300282478332519531e+00,6.950102806091308594e+00,7.450250148773193359e+00,6.164521694183349609e+00,1.108535575866699219e+01,5.200804233551025391e+00
4.343758106231689453e+00,4.075529098510742188e+00,-1.581446170806884766e+00,6.891824245452880859e+00,4.151239395141601562e+00,7.723423004150390625e+00,7.552802562713623047e+00,5.107393741607666016e+00,1.044889259338378906e+01,5.116464614868164062e+00
4.490524291992187500e+00,3.713124990463256836e+00,-1.382451891899108887e+00,6.877542495727539062e+00,4.260518550872802734e+00,7.834505081176757812e+00,7.289731025695800781e+00,5.436378479003906250e+00,1.058657836914062500e+01,5.388739585876464844e+00
4.694466114044189453e+00,3.869053602218627930e+00,-1.308374166488647461e+00,6.979871749877929688e+00,4.512251853942871094e+00,7.931541442871093750e+00,7.305679321289062500e+00,5.683808803558349609e+00,1.080257797241210938e+01,5.411974430084228516e+00
4.698122978210449219e+00,3.659959554672241211e+00,-1.203211188316345215e+00,7.093854427337646484e+00,4.450416564941406250e+00,8.118365287780761719e+00,7.258546352386474609e+00,5.755854606628417969e+00,1.065666389465332031e+01,5.526475429534912109e+00
4.748020172119140625e+00,3.743314743041992188e+00,-1.256109356880187988e+00,7.034038066864013672e+00,4.515974998474121094e+00,8.032444953918457031e+00,7.215710163116455078e+00,5.778467655181884766e+00,1.078500175476074219e+01,5.466596603393554688e+00
4.437808036804199219e+00,3.932501792907714844e+00,-1.860334396362304688e+00,6.662799835205078125e+00,4.453119277954101562e+00,6.913305759429931641e+00,7.349514007568359375e+00,5.861287117004394531e+00,1.083132171630859375e+01,5.147909641265869141e+00
4.797276973724365234e+00,3.653658628463745117e+00,-1.617136001586914062e+00,6.728622436523437500e+00,4.312180519104003906e+00,6.907901763916015625e+00,7.330351829528808594e+00,5.466196060180664062e+00,1.047325325012207031e+01,4.894392967224121094e+00
4.737583160400390625e+00,3.706912994384765625e+00,-1.632688522338867188e+00,6.844998836517333984e+00,4.359980583190917969e+00,6.986238956451416016e+00,7.524151802062988281e+00,5.841126441955566406e+00,1.062024688720703125e+01,5.118320941925048828e+00
4.756102085113525391e+00,3.650688886642456055e+00,-1.616524219512939453e+00,6.809998512268066406e+00,4.367090225219726562e+00,7.075387954711914062e+00,7.535368919372558594e+00,5.993631839752197266e+00,1.055313491821289062e+01,5.098021030426025391e+00
4.557536602020263672e+00,3.769828319549560547e+00,-1.613336801528930664e+00,6.741474628448486328e+00,4.444038391113281250e+00,7.277240276336669922e+00,7.383894920349121094e+00,5.997714042663574219e+00,1.076078605651855469e+01,5.115392208099365234e+00
4.947163105010986328e+00,3.493425607681274414e+00,-1.242730259895324707e+00,6.847596168518066406e+00,4.445466995239257812e+00,7.131908893585205078e+00,7.606266975402832031e+00,5.899574756622314453e+00,1.032476425170898438e+01,4.865601062774658203e+00
4.878791809082031250e+00,3.484273672103881836e+00,-1.322861909866333008e+00,6.888959884643554688e+00,4.341892242431640625e+00,6.999299526214599609e+00,7.618888378143310547e+00,6.010406017303466797e+00,1.027290534973144531e+01,4.950578689575195312e+00
4.538835525512695312e+00,3.640948295593261719e+00,-1.552772045135498047e+00,6.716506004333496094e+00,4.277421951293945312e+00,6.975093364715576172e+00,7.358139514923095703e+00,5.980813980102539062e+00,1.048189544677734375e+01,5.018075466156005859e+00
4.597374439239501953e+00,3.521810054779052734e+00,-1.480484724044799805e+00,6.877003192901611328e+00,4.338215827941894531e+00,7.370305538177490234e+00,7.471028804779052734e+00,5.994292259216308594e+00,1.051156997680664062e+01,5.148870944976806641e+00
4.952250003814697266e+00,3.434770822525024414e+00,-1.263329267501831055e+00,6.873373031616210938e+00,4.409680366516113281e+00,7.037402153015136719e+00,7.610655784606933594e+00,6.032738685607910156e+00,1.032429313659667969e+01,4.930200576782226562e+00
4.392445564270019531e+00,3.849145650863647461e+00,-1.638489484786987305e+00,6.484149932861328125e+00,4.454922676086425781e+00,6.840669155120849609e+00,7.155957698822021484e+00,6.132753849029541016e+00,1.109015846252441406e+01,4.954051971435546875e+00
4.748846530914306641e+00,3.837351560592651367e+00,-1.409778475761413574e+00,6.666805744171142578e+00,4.559246063232421875e+00,7.306436538696289062e+00,7.351984977722167969e+00,6.089617729187011719e+00,1.116468429565429688e+01,5.139712810516357422e+00
4.611843109130859375e+00,3.669999837875366211e+00,-1.402463316917419434e+00,6.575314044952392578e+00,4.461187362670898438e+00,7.388337135314941406e+00,7.131100177764892578e+00,6.077125072479248047e+00,1.085308074951171875e+01,5.051252365112304688e+00
4.675358295440673828e+00,3.610022068023681641e+00,-1.351119518280029297e+00,6.663730621337890625e+00,4.562623977661132812e+00,7.552567481994628906e+00,7.133617877960205078e+00,6.074514865875244141e+00,1.092980384826660156e+01,5.142373561859130859e+00
4.373960494995117188e+00,3.611516952514648438e+00,-1.519477605819702148e+00,6.488837718963623047e+00,4.502406120300292969e+00,7.263019561767578125e+00,7.043672561645507812e+00,5.946596622467041016e+00,1.073675346374511719e+01,4.875639915466308594e+00
4.635067462921142578e+00,3.772248506546020508e+00,-1.340941190719604492e+00,6.534148216247558594e+00,4.563712120056152344e+00,7.448276996612548828e+00,6.996928691864013672e+00,6.170225620269775391e+00,1.112168884277343750e+01,5.046292781829833984e+00
4.774755954742431641e+00,3.620609521865844727e+00,-1.256772279739379883e+00,6.647936820983886719e+00,4.596726417541503906e+00,7.613916397094726562e+00,7.065670967102050781e+00,6.013543605804443359e+00,1.099708938598632812e+01,5.136610507965087891e+00
4.705373764038085938e+00,3.450224637985229492e+00,-1.236686944961547852e+00,6.608691215515136719e+00,4.498246192932128906e+00,7.644909858703613281e+00,6.958999156951904297e+00,5.918137073516845703e+00,1.085167694091796875e+01,5.125275611877441406e+00
4.672959327697753906e+00,3.580523014068603516e+00,-1.361651897430419922e+00,6.581276893615722656e+00,4.555262565612792969e+00,7.438317775726318359e+00,7.088168621063232422e+00,6.150104522705078125e+00,1.083381080627441406e+01,5.011544227600097656e+00
4.894817352294921875e+00,3.316980600357055664e+00,-1.316035747528076172e+00,7.050683021545410156e+00,4.635011672973632812e+00,8.031879425048828125e+00,7.185372829437255859e+00,5.789089202880859375e+00,1.070315933227539062e+01,5.494398593902587891e+00
5.668101310729980469e+00,4.458398818969726562e+00,-1.097319602966308594e+00,5.921202182769775391e+00,8.350862264633178711e-01,4.082649230957031250e+00,4.054769039154052734e+00,6.919293403625488281e+00,1.206898689270019531e+01,4.397033214569091797e+00
4.414395332336425781e+00,3.053044795989990234e+00,-1.574370384216308594e+00,5.677935600280761719e+00,1.727038264274597168e+00,4.802437782287597656e+00,4.098281383514404297e+00,6.985222339630126953e+00,1.086009216308593750e+01,4.470846176147460938e+00
3.674837589263916016e+00,3.120882272720336914e+00,-2.740926504135131836e+00,3.978212356567382812e+00,3.362137317657470703e+00,5.730513095855712891e+00,3.348371744155883789e+00,6.394145011901855469e+00,7.949539661407470703e+00,3.502868652343750000e+00
3.867576122283935547e+00,3.030759334564208984e+00,-2.557161808013916016e+00,3.929315090179443359e+00,2.825020074844360352e+00,6.746046066284179688e+00,3.397624731063842773e+00,6.056395530700683594e+00,8.796895027160644531e+00,3.891128540039062500e+00
5.101599693298339844e+00,3.151109933853149414e+00,-1.263373136520385742e+00,5.822021484375000000e+00,1.572364687919616699e+00,7.222181797027587891e+00,5.043682575225830078e+00,6.618104457855224609e+00,1.145894241333007812e+01,4.465054035186767578e+00
4.866142272949218750e+00,3.084150075912475586e+00,-1.775105476379394531e+00,4.902330398559570312e+00,1.227414369583129883e+00,6.356520652770996094e+00,3.528933525085449219e+00,5.998374938964843750e+00,1.040279388427734375e+01,4.410107612609863281e+00
4.899209022521972656e+00,3.511181831359863281e+00,-1.969163656234741211e+00,5.390243053436279297e+00,8.498929738998413086e-01,4.790032863616943359e+00,3.999242305755615234e+00,6.303910732269287109e+00,1.044459533691406250e+01,4.079333782196044922e+00
4.302827358245849609e+00,3.015822172164916992e+00,-2.205113410949707031e+00,5.365773677825927734e+00,1.460928916931152344e+00,5.960414409637451172e+00,4.807620048522949219e+00,5.982656478881835938e+00,9.513548851013183594e+00,3.970786094665527344e+00
4.346452713012695312e+00,3.058518886566162109e+00,-1.914981365203857422e+00,5.028148651123046875e+00,1.851311922073364258e+00,7.683121204376220703e+00,4.386432170867919922e+00,7.136790275573730469e+00,1.038209152221679688e+01,4.130023956298828125e+00
3.640357494354248047e+00,3.289974451065063477e+00,-2.813515186309814453e+00,3.111019849777221680e+00,3.186975717544555664e+00,6.710113525390625000e+00,2.668861389160156250e+00,6.319987773895263672e+00,6.917417526245117188e+00,3.251411676406860352e+00
4.607118129730224609e+00,3.671053409576416016e+00,-1.284817814826965332e+00,6.736031055450439453e+00,4.415743827819824219e+00,7.679106712341308594e+00,7.132578372955322266e+00,5.878374576568603516e+00,1.091914176940917969e+01,5.294616222381591797e+00
4.764641761779785156e+00,3.494302988052368164e+00,-1.334785223007202148e+00,6.809923648834228516e+00,4.579848289489746094e+00,7.675503253936767578e+00,7.198561191558837891e+00,6.064911842346191406e+00,1.076208496093750000e+01,5.232747554779052734e+00
4.722096920013427734e+00,3.666563034057617188e+00,-1.313951253890991211e+00,6.584586143493652344e+00,4.605392456054687500e+00,7.585656166076660156e+00,6.984548091888427734e+00,6.083381652832031250e+00,1.102626609802246094e+01,5.135241508483886719e+00
4.845758914947509766e+00,3.500324964523315430e+00,-1.257075309753417969e+00,6.726249217987060547e+00,4.617445945739746094e+00,7.565655708312988281e+00,7.164526939392089844e+00,5.981542587280273438e+00,1.081528282165527344e+01,5.068336486816406250e+00
4.881957530975341797e+00,3.427258968353271484e+00,-1.087040305137634277e+00,6.742346286773681641e+00,4.554295539855957031e+00,7.385195255279541016e+00,7.237590789794921875e+00,5.926487922668457031e+00,1.064910888671875000e+01,4.920659542083740234e+00
4.856607913970947266e+00,3.362818479537963867e+00,-1.233846187591552734e+00,6.931327819824218750e+00,4.592765808105468750e+00,7.687336921691894531e+00,7.198863029479980469e+00,6.012251377105712891e+00,1.064031600952148438e+01,5.285106658935546875e+00
4.717901706695556641e+00,3.420753717422485352e+00,-1.235275030136108398e+00,6.911893844604492188e+00,4.470943450927734375e+00,7.803841590881347656e+00,7.011935234069824219e+00,5.850921630859375000e+00,1.072579002380371094e+01,5.282742023468017578e+00
4.782979488372802734e+00,3.332714796066284180e+00,-1.226656198501586914e+00,6.871385097503662109e+00,4.491978645324707031e+00,7.744067668914794922e+00,7.145723342895507812e+00,5.948740005493164062e+00,1.058495140075683594e+01,5.124952316284179688e+00
4.759843826293945312e+00,3.347796916961669922e+00,-1.284290075302124023e+00,6.976889610290527344e+00,4.507426261901855469e+00,7.915248394012451172e+00,7.123373031616210938e+00,5.872937202453613281e+00,1.060990715026855469e+01,5.351455688476562500e+00
4.970590114593505859e+00,3.416525602340698242e+00,-1.023880958557128906e+00,6.964838981628417969e+00,4.517687797546386719e+00,7.728972434997558594e+00,7.492795944213867188e+00,5.944894790649414062e+00,1.043976020812988281e+01,5.108577251434326172e+00
4.543548583984375000e+00,3.635213136672973633e+00,-1.317765355110168457e+00,7.167330265045166016e+00,4.318786621093750000e+00,8.115626335144042969e+00,7.280025482177734375e+00,5.452706336975097656e+00,1.048775291442871094e+01,5.599577903747558594e+00
4.716400146484375000e+00,3.473398447036743164e+00,-1.174965620040893555e+00,7.271753787994384766e+00,4.450085639953613281e+00,8.216809272766113281e+00,7.030998706817626953e+00,5.628183841705322266e+00,1.065332603454589844e+01,5.703352451324462891e+00
4.740394115447998047e+00,3.484562158584594727e+00,-1.158035874366760254e+00,7.182981014251708984e+00,4.446711540222167969e+00,8.157314300537109375e+00,6.958692073822021484e+00,5.647726058959960938e+00,1.068928909301757812e+01,5.620697975158691406e+00
4.668413639068603516e+00,3.376753568649291992e+00,-1.193930864334106445e+00,7.262855529785156250e+00,4.402627944946289062e+00,8.139470100402832031e+00,6.995911121368408203e+00,5.582149505615234375e+00,1.052984619140625000e+01,5.691303730010986328e+00
4.843935966491699219e+00,3.286807775497436523e+00,-1.641374826431274414e+00,7.410668849945068359e+00,4.459129333496093750e+00,8.338929176330566406e+00,7.033803939819335938e+00,5.848527908325195312e+00,1.053943443298339844e+01,5.848309040069580078e+00
4.694643020629882812e+00,3.277472257614135742e+00,-1.361923098564147949e+00,7.318574428558349609e+00,4.412080764770507812e+00,8.193317413330078125e+00,6.998710155487060547e+00,5.698161125183105469e+00,1.047741699218750000e+01,5.761463165283203125e+00
4.753791332244873047e+00,3.305199146270751953e+00,-1.242286920547485352e+00,7.358737468719482422e+00,4.433115005493164062e+00,8.299571990966796875e+00,7.026932239532470703e+00,5.776758670806884766e+00,1.051109123229980469e+01,5.819725990295410156e+00
4.720784664154052734e+00,3.275482892990112305e+00,-1.419780611991882324e+00,7.328114986419677734e+00,4.414167404174804688e+00,8.262457847595214844e+00,6.982107639312744141e+00,5.730807304382324219e+00,1.047854232788085938e+01,5.770885467529296875e+00
4.748499870300292969e+00,3.293758869171142578e+00,-1.199692368507385254e+00,7.404775619506835938e+00,4.439868927001953125e+00,8.300478935241699219e+00,7.001149177551269531e+00,5.763087272644042969e+00,1.049127197265625000e+01,5.829855918884277344e+00
4.821104049682617188e+00,3.323412895202636719e+00,-1.333719611167907715e+00,7.422448635101318359e+00,4.441649436950683594e+00,8.264812469482421875e+00,7.039381504058837891e+00,5.822711944580078125e+00,1.050650787353515625e+01,5.814009666442871094e+00
4.739033699035644531e+00,3.458513498306274414e+00,-1.247786760330200195e+00,6.739070892333984375e+00,4.345185279846191406e+00,7.017587661743164062e+00,7.534435272216796875e+00,5.857835769653320312e+00,1.027427577972412109e+01,4.756725311279296875e+00
4.550763607025146484e+00,3.636434793472290039e+00,-1.397896409034729004e+00,6.722641944885253906e+00,4.331573486328125000e+00,7.273842334747314453e+00,7.380995273590087891e+00,5.892874717712402344e+00,1.051132774353027344e+01,4.928250312805175781e+00
4.588793754577636719e+00,3.638898611068725586e+00,-1.411362409591674805e+00,6.885344982147216797e+00,4.353339195251464844e+00,7.258106708526611328e+00,7.596520900726318359e+00,5.950814247131347656e+00,1.024830913543701172e+01,5.003382682800292969e+00
4.661415100097656250e+00,3.597342967987060547e+00,-1.340280294418334961e+00,6.786244869232177734e+00,4.336596488952636719e+00,7.138671398162841797e+00,7.522483825683593750e+00,6.020940303802490234e+00,1.034540653228759766e+01,4.885782718658447266e+00
4.677538394927978516e+00,3.606076002120971680e+00,-1.312100410461425781e+00,6.691661357879638672e+00,4.397789955139160156e+00,7.307936191558837891e+00,7.265758037567138672e+00,5.925538063049316406e+00,1.064421463012695312e+01,4.921888351440429688e+00
4.581970214843750000e+00,3.517598390579223633e+00,-1.166765570640563965e+00,6.656725883483886719e+00,4.360999107360839844e+00,7.031515598297119141e+00,7.337979793548583984e+00,5.830609321594238281e+00,1.033674621582031250e+01,4.638959884643554688e+00
4.585549831390380859e+00,3.634245634078979492e+00,-1.285599231719970703e+00,6.809331893920898438e+00,4.315347671508789062e+00,7.356861591339111328e+00,7.367617130279541016e+00,5.956778049468994141e+00,1.048080444335937500e+01,4.959951400756835938e+00
4.953167915344238281e+00,3.476980924606323242e+00,-1.026253938674926758e+00,6.805895805358886719e+00,4.420520782470703125e+00,7.113037109375000000e+00,7.561337947845458984e+00,6.009187221527099609e+00,1.035330200195312500e+01,4.723255634307861328e+00
4.649286746978759766e+00,3.572334051132202148e+00,-1.286530971527099609e+00,6.815559387207031250e+00,4.339152336120605469e+00,7.407020568847656250e+00,7.307953357696533203e+00,5.993709564208984375e+00,1.049843215942382812e+01,4.968115329742431641e+00
4.692929267883300781e+00,3.535135984420776367e+00,-1.313084125518798828e+00,6.811830043792724609e+00,4.367938995361328125e+00,7.426787376403808594e+00,7.342391014099121094e+00,6.057364940643310547e+00,1.051507759094238281e+01,4.974659919738769531e+00
4.682700634002685547e+00,4.143206596374511719e+00,-1.428185820579528809e+00,6.434425354003906250e+00,4.794767379760742188e+00,7.460694789886474609e+00,6.999072551727294922e+00,5.677344322204589844e+00,1.130169486999511719e+01,5.117454528808593750e+00
4.702536582946777344e+00,3.764485597610473633e+00,-1.272472977638244629e+00,6.412787914276123047e+00,4.502612113952636719e+00,7.459055423736572266e+00,6.871210575103759766e+00,5.703408718109130859e+00,1.101832389831542969e+01,5.011371612548828125e+00
4.795520305633544922e+00,3.481834411621093750e+00,-1.164125680923461914e+00,6.681224822998046875e+00,4.550278663635253906e+00,7.669530391693115234e+00,6.965967178344726562e+00,5.828517436981201172e+00,1.100335502624511719e+01,5.227417945861816406e+00
4.777655124664306641e+00,3.355556964874267578e+00,-1.312018871307373047e+00,7.022301197052001953e+00,4.600062370300292969e+00,7.934686660766601562e+00,7.049489498138427734e+00,5.729326248168945312e+00,1.068607139587402344e+01,5.586172103881835938e+00
4.755089759826660156e+00,3.161779880523681641e+00,-1.298133611679077148e+00,7.061220169067382812e+00,4.504009246826171875e+00,7.911629199981689453e+00,7.015747070312500000e+00,5.693827152252197266e+00,1.052534294128417969e+01,5.667134284973144531e+00
4.819631576538085938e+00,3.311794281005859375e+00,-1.572462081909179688e+00,7.091989040374755859e+00,4.611680984497070312e+00,8.012190818786621094e+00,7.208268165588378906e+00,5.758594989776611328e+00,1.065729522705078125e+01,5.604885578155517578e+00
4.861314773559570312e+00,3.310564279556274414e+00,-1.361968994140625000e+00,7.368860721588134766e+00,4.502049446105957031e+00,8.208685874938964844e+00,7.142492771148681641e+00,5.861976146697998047e+00,1.051896476745605469e+01,5.782596588134765625e+00
4.773365497589111328e+00,3.432077646255493164e+00,-1.608670234680175781e+00,7.004276275634765625e+00,4.562166213989257812e+00,7.898491859436035156e+00,7.295910835266113281e+00,5.789842128753662109e+00,1.069058609008789062e+01,5.538148880004882812e+00
4.771177291870117188e+00,3.269948720932006836e+00,-1.206806302070617676e+00,7.238011360168457031e+00,4.517433166503906250e+00,8.062547683715820312e+00,7.049971580505371094e+00,5.800252437591552734e+00,1.051118659973144531e+01,5.722391605377197266e+00
4.780446052551269531e+00,3.329646348953247070e+00,-1.254732847213745117e+00,6.958559513092041016e+00,4.529203414916992188e+00,7.950419902801513672e+00,7.092743873596191406e+00,5.831667423248291016e+00,1.060884284973144531e+01,5.404493331909179688e+00
4.610120773315429688e+00,4.137147903442382812e+00,-1.755149602890014648e+00,6.922408580780029297e+00,4.332724571228027344e+00,6.962494373321533203e+00,7.578501701354980469e+00,6.134685516357421875e+00,1.103897666931152344e+01,5.368088245391845703e+00
4.514880180358886719e+00,4.170384407043457031e+00,-2.028400421142578125e+00,6.831760406494140625e+00,4.431411743164062500e+00,7.093014240264892578e+00,7.496120929718017578e+00,5.923817157745361328e+00,1.093085289001464844e+01,5.276155471801757812e+00
4.582273483276367188e+00,4.002090454101562500e+00,-1.722093343734741211e+00,6.825335025787353516e+00,4.301502227783203125e+00,7.172076702117919922e+00,7.518156528472900391e+00,6.135556697845458984e+00,1.107808685302734375e+01,5.318686962127685547e+00
4.642190933227539062e+00,4.045551300048828125e+00,-1.781183719635009766e+00,6.735874652862548828e+00,4.396898269653320312e+00,7.157749652862548828e+00,7.564358711242675781e+00,6.158980369567871094e+00,1.106513786315917969e+01,5.302631855010986328e+00
4.647877693176269531e+00,3.894320011138916016e+00,-1.617606639862060547e+00,6.840005874633789062e+00,4.404276847839355469e+00,7.218492031097412109e+00,7.578355312347412109e+00,6.094854354858398438e+00,1.092575263977050781e+01,5.237104415893554688e+00
4.719137191772460938e+00,4.150084495544433594e+00,-1.676551342010498047e+00,6.617368221282958984e+00,4.382521629333496094e+00,7.326858043670654297e+00,7.486638069152832031e+00,6.745777130126953125e+00,1.152766609191894531e+01,5.187814235687255859e+00
4.667894363403320312e+00,3.712699651718139648e+00,-1.638378143310546875e+00,6.770857334136962891e+00,4.412397384643554688e+00,7.460495948791503906e+00,7.266682147979736328e+00,6.103190898895263672e+00,1.106246566772460938e+01,5.343822479248046875e+00
4.672390460968017578e+00,3.830837249755859375e+00,-1.738465547561645508e+00,6.845734596252441406e+00,4.334063529968261719e+00,7.129591464996337891e+00,7.494638919830322266e+00,6.144784450531005859e+00,1.097611045837402344e+01,5.276090621948242188e+00
4.637817382812500000e+00,3.841157674789428711e+00,-1.838972330093383789e+00,6.818624973297119141e+00,4.418754577636718750e+00,7.219022750854492188e+00,7.572907447814941406e+00,6.076680183410644531e+00,1.086485099792480469e+01,5.296724796295166016e+00
4.687364101409912109e+00,3.610006332397460938e+00,-1.699390649795532227e+00,6.785981655120849609e+00,4.449796676635742188e+00,7.550463199615478516e+00,7.317098140716552734e+00,5.922851085662841797e+00,1.079395294189453125e+01,5.353780269622802734e+00
4.708393096923828125e+00,3.601951837539672852e+00,-1.877861499786376953e+00,6.489698886871337891e+00,4.468829154968261719e+00,7.549564361572265625e+00,7.371926307678222656e+00,5.830850124359130859e+00,1.090999603271484375e+01,5.274568080902099609e+00
4.651020526885986328e+00,3.383887767791748047e+00,-1.810088396072387695e+00,6.804024696350097656e+00,4.350839614868164062e+00,7.431395530700683594e+00,7.290055751800537109e+00,5.759737014770507812e+00,1.059188079833984375e+01,5.387131214141845703e+00
4.640897274017333984e+00,3.551955699920654297e+00,-2.031690835952758789e+00,6.576214313507080078e+00,4.420986175537109375e+00,7.463936328887939453e+00,7.346292972564697266e+00,5.759901523590087891e+00,1.073738288879394531e+01,5.330760002136230469e+00
4.684880733489990234e+00,3.070260047912597656e+00,-1.835110425949096680e+00,6.733567237854003906e+00,4.305250167846679688e+00,7.417779922485351562e+00,6.932409286499023438e+00,5.665871143341064453e+00,1.042847824096679688e+01,5.393445968627929688e+00
4.662113189697265625e+00,3.324841022491455078e+00,-1.829442024230957031e+00,6.807490348815917969e+00,4.348503112792968750e+00,7.468245029449462891e+00,7.208901882171630859e+00,5.699460029602050781e+00,1.050977325439453125e+01,5.453647136688232422e+00
4.697981357574462891e+00,3.378803730010986328e+00,-1.903938531875610352e+00,6.679296970367431641e+00,4.394878387451171875e+00,7.537212371826171875e+00,7.280416488647460938e+00,5.661481380462646484e+00,1.060083389282226562e+01,5.374598026275634766e+00
4.681890487670898438e+00,3.550423383712768555e+00,-2.021606922149658203e+00,6.570031642913818359e+00,4.433088302612304688e+00,7.493577003479003906e+00,7.373823165893554688e+00,5.734691143035888672e+00,1.074925422668457031e+01,5.301930427551269531e+00
4.670245647430419922e+00,3.318071603775024414e+00,-1.871512174606323242e+00,6.788465499877929688e+00,4.414278984069824219e+00,7.506067276000976562e+00,7.228260993957519531e+00,5.741520404815673828e+00,1.052486228942871094e+01,5.438115119934082031e+00
4.698495864868164062e+00,3.402774095535278320e+00,-2.005079030990600586e+00,6.611672401428222656e+00,4.434219360351562500e+00,7.571842670440673828e+00,7.173646450042724609e+00,5.630089759826660156e+00,1.065045928955078125e+01,5.366153240203857422e+00
4.685717582702636719e+00,3.300076961517333984e+00,-1.843376874923706055e+00,6.791066169738769531e+00,4.412353515625000000e+00,7.496873855590820312e+00,7.232832431793212891e+00,5.704737663269042969e+00,1.054488182067871094e+01,5.436697006225585938e+00
4.806591987609863281e+00,3.450192451477050781e+00,-1.148959398269653320e+00,7.191614151000976562e+00,4.520733833312988281e+00,8.139535903930664062e+00,7.023109912872314453e+00,5.711048126220703125e+00,1.066051673889160156e+01,5.695777893066406250e+00
4.718383312225341797e+00,3.526336908340454102e+00,-1.274994373321533203e+00,6.906009674072265625e+00,4.501373291015625000e+00,7.851845741271972656e+00,7.116508483886718750e+00,5.820933818817138672e+00,1.082259750366210938e+01,5.448939323425292969e+00
4.727318763732910156e+00,3.306245565414428711e+00,-1.239619016647338867e+00,6.898887634277343750e+00,4.445903778076171875e+00,7.797918319702148438e+00,6.965065956115722656e+00,5.724737644195556641e+00,1.064804840087890625e+01,5.429608345031738281e+00
4.718242645263671875e+00,3.521332263946533203e+00,-1.242613315582275391e+00,6.997041225433349609e+00,4.427285194396972656e+00,7.933650016784667969e+00,7.045668125152587891e+00,5.706963062286376953e+00,1.068082427978515625e+01,5.466668605804443359e+00
4.766731262207031250e+00,3.336189508438110352e+00,-1.259001255035400391e+00,7.141212940216064453e+00,4.531334877014160156e+00,7.981779098510742188e+00,6.943890571594238281e+00,5.619593143463134766e+00,1.063937568664550781e+01,5.646225452423095703e+00
4.765213489532470703e+00,3.386878013610839844e+00,-1.158165454864501953e+00,7.101956844329833984e+00,4.503401756286621094e+00,7.920644760131835938e+00,6.961012840270996094e+00,5.721393108367919922e+00,1.061796379089355469e+01,5.570161342620849609e+00
4.761863708496093750e+00,3.270011186599731445e+00,-1.363553404808044434e+00,6.901513576507568359e+00,4.571096420288085938e+00,7.879759788513183594e+00,7.026035785675048828e+00,5.663930892944335938e+00,1.066688346862792969e+01,5.550028800964355469e+00
4.728305816650390625e+00,3.323105096817016602e+00,-1.208206534385681152e+00,6.763316154479980469e+00,4.483426094055175781e+00,7.769847869873046875e+00,6.869037628173828125e+00,5.798113346099853516e+00,1.078846549987792969e+01,5.293446540832519531e+00
4.733534336090087891e+00,3.148828983306884766e+00,-1.281414031982421875e+00,7.039651393890380859e+00,4.489153861999511719e+00,7.886057376861572266e+00,6.938736438751220703e+00,5.617082118988037109e+00,1.054662322998046875e+01,5.616561889648437500e+00
4.746643543243408203e+00,3.293979644775390625e+00,-1.168013572692871094e+00,7.250808238983154297e+00,4.522306442260742188e+00,7.970942497253417969e+00,6.979627609252929688e+00,5.695639133453369141e+00,1.056909942626953125e+01,5.736891269683837891e+00
4.612704277038574219e+00,3.935276031494140625e+00,-1.196429967880249023e+00,6.995683670043945312e+00,4.410593032836914062e+00,7.337020397186279297e+00,7.470311641693115234e+00,5.633342742919921875e+00,1.043391418457031250e+01,5.183302879333496094e+00
4.756405830383300781e+00,4.028052806854248047e+00,-1.152948021888732910e+00,6.995970249176025391e+00,4.422114372253417969e+00,7.385120868682861328e+00,7.557090282440185547e+00,5.768899440765380859e+00,1.045539283752441406e+01,5.074628353118896484e+00
4.859500885009765625e+00,3.845743894577026367e+00,-9.854924678802490234e-01,7.057312488555908203e+00,4.355556488037109375e+00,7.263915061950683594e+00,7.669495582580566406e+00,5.923274993896484375e+00,1.036566162109375000e+01,5.012441635131835938e+00
4.795268535614013672e+00,3.715444087982177734e+00,-1.121372699737548828e+00,7.053706645965576172e+00,4.387919425964355469e+00,7.533892154693603516e+00,7.491337299346923828e+00,5.880850315093994141e+00,1.047695159912109375e+01,5.242809772491455078e+00
4.834457874298095703e+00,3.606205701828002930e+00,-1.142590999603271484e+00,7.094464302062988281e+00,4.386948585510253906e+00,7.370703697204589844e+00,7.666109085083007812e+00,5.910223484039306641e+00,1.027320861816406250e+01,5.176779270172119141e+00
4.941385746002197266e+00,3.829708337783813477e+00,-8.546422719955444336e-01,7.198239803314208984e+00,4.297163009643554688e+00,7.024659156799316406e+00,8.056682586669921875e+00,5.963815689086914062e+00,1.004525375366210938e+01,4.790429115295410156e+00
4.889860153198242188e+00,3.643648862838745117e+00,-9.442176818847656250e-01,7.104425907135009766e+00,4.363203048706054688e+00,7.401579856872558594e+00,7.645789146423339844e+00,6.013151645660400391e+00,1.030887222290039062e+01,5.125981807708740234e+00
4.890029430389404297e+00,3.540425539016723633e+00,-9.964836835861206055e-01,7.132909297943115234e+00,4.378089904785156250e+00,7.518849849700927734e+00,7.571431636810302734e+00,5.925636768341064453e+00,1.028521728515625000e+01,5.228632926940917969e+00
4.975900173187255859e+00,3.521027088165283203e+00,-8.131791353225708008e-01,7.127609729766845703e+00,4.311204910278320312e+00,7.285431861877441406e+00,7.737984180450439453e+00,6.086101055145263672e+00,1.021733856201171875e+01,5.011316299438476562e+00
4.656739711761474609e+00,3.586039543151855469e+00,-1.036580801010131836e+00,7.246896743774414062e+00,4.368367195129394531e+00,7.894785881042480469e+00,7.428098201751708984e+00,5.575676441192626953e+00,1.030740165710449219e+01,5.487428188323974609e+00
4.693971633911132812e+00,3.709049224853515625e+00,-1.199478864669799805e+00,7.112533569335937500e+00,4.418498992919921875e+00,8.053351402282714844e+00,7.279065608978271484e+00,5.669269561767578125e+00,1.051277923583984375e+01,5.499044895172119141e+00
4.751317501068115234e+00,3.692701578140258789e+00,-1.263002157211303711e+00,7.108143806457519531e+00,4.419915199279785156e+00,8.012761116027832031e+00,7.297691822052001953e+00,5.695227622985839844e+00,1.048238754272460938e+01,5.506877899169921875e+00
4.763132095336914062e+00,3.625957489013671875e+00,-1.250350236892700195e+00,7.105171203613281250e+00,4.437417030334472656e+00,7.910192489624023438e+00,7.316050529479980469e+00,5.766869068145751953e+00,1.052633857727050781e+01,5.499317169189453125e+00
4.793707847595214844e+00,3.695596694946289062e+00,-1.273523926734924316e+00,7.023128986358642578e+00,4.447118759155273438e+00,7.815309047698974609e+00,7.405615806579589844e+00,5.801921367645263672e+00,1.049853515625000000e+01,5.372583866119384766e+00
4.835069656372070312e+00,3.528910636901855469e+00,-1.144239664077758789e+00,7.102634906768798828e+00,4.455426216125488281e+00,7.847750186920166016e+00,7.313456058502197266e+00,5.819295883178710938e+00,1.043254852294921875e+01,5.407020568847656250e+00
4.842151641845703125e+00,3.615597248077392578e+00,-1.118994712829589844e+00,7.072530269622802734e+00,4.468335151672363281e+00,7.836545467376708984e+00,7.336355209350585938e+00,5.877013683319091797e+00,1.050168418884277344e+01,5.345081806182861328e+00
4.785682678222656250e+00,3.505138397216796875e+00,-1.260690689086914062e+00,7.128656387329101562e+00,4.493948936462402344e+00,7.934389114379882812e+00,7.238173007965087891e+00,5.776680469512939453e+00,1.047454261779785156e+01,5.530063152313232422e+00
4.825457572937011719e+00,3.627587556838989258e+00,-1.207272768020629883e+00,7.090072631835937500e+00,4.481032371520996094e+00,7.864431858062744141e+00,7.370695590972900391e+00,5.828037738800048828e+00,1.045918464660644531e+01,5.424575805664062500e+00
4.765752792358398438e+00,3.456737041473388672e+00,-1.190827131271362305e+00,7.149575710296630859e+00,4.454111099243164062e+00,7.911614894866943359e+00,7.306695938110351562e+00,5.815640449523925781e+00,1.041432571411132812e+01,5.417663097381591797e+00
4.786931514739990234e+00,3.670281410217285156e+00,-1.265012383460998535e+00,7.033133029937744141e+00,4.424877166748046875e+00,7.808254241943359375e+00,7.373416423797607422e+00,5.805675983428955078e+00,1.048541069030761719e+01,5.346113681793212891e+00
4.192080020904541016e+00,4.534269332885742188e+00,-2.221324920654296875e+00,7.084334850311279297e+00,4.107247829437255859e+00,7.660711765289306641e+00,7.770009517669677734e+00,4.879991054534912109e+00,1.026535701751708984e+01,5.110742092132568359e+00
4.517870426177978516e+00,4.311211585998535156e+00,-1.732111692428588867e+00,7.003668785095214844e+00,4.318305969238281250e+00,7.843912601470947266e+00,7.465123176574707031e+00,5.407929897308349609e+00,1.058326911926269531e+01,5.301839828491210938e+00
4.556550979614257812e+00,4.321862697601318359e+00,-1.665872573852539062e+00,6.908040046691894531e+00,4.413906097412109375e+00,7.582027435302734375e+00,7.263326644897460938e+00,5.534408092498779297e+00,1.076072120666503906e+01,5.300225257873535156e+00
4.606779098510742188e+00,4.209201335906982422e+00,-1.549699783325195312e+00,6.988862037658691406e+00,4.372981071472167969e+00,7.752063751220703125e+00,7.302350521087646484e+00,5.566653728485107422e+00,1.070326042175292969e+01,5.319557189941406250e+00
4.581082820892333984e+00,3.953617095947265625e+00,-1.606811285018920898e+00,7.128170013427734375e+00,4.325366020202636719e+00,7.984452724456787109e+00,7.411410808563232422e+00,5.483548641204833984e+00,1.039412498474121094e+01,5.419790267944335938e+00
4.528054714202880859e+00,4.141697883605957031e+00,-1.804352998733520508e+00,6.966180324554443359e+00,4.325518608093261719e+00,7.711779117584228516e+00,7.407388687133789062e+00,5.474312305450439453e+00,1.048468971252441406e+01,5.297302722930908203e+00
4.661409378051757812e+00,3.763290405273437500e+00,-1.405133605003356934e+00,7.121881008148193359e+00,4.343536376953125000e+00,7.884725093841552734e+00,7.385412216186523438e+00,5.595273971557617188e+00,1.037661170959472656e+01,5.374781131744384766e+00
4.575434207916259766e+00,4.129428863525390625e+00,-1.900936603546142578e+00,7.093421936035156250e+00,4.308027267456054688e+00,7.874168395996093750e+00,7.533690929412841797e+00,5.434463024139404297e+00,1.043683815002441406e+01,5.344408035278320312e+00
4.657524585723876953e+00,3.744086265563964844e+00,-1.474271535873413086e+00,7.140223026275634766e+00,4.366592407226562500e+00,8.048649787902832031e+00,7.318237304687500000e+00,5.601149559020996094e+00,1.042754554748535156e+01,5.492036819458007812e+00
4.660927772521972656e+00,3.746402740478515625e+00,-1.488355278968811035e+00,7.142925739288330078e+00,4.373594284057617188e+00,7.992295265197753906e+00,7.346236228942871094e+00,5.634994029998779297e+00,1.042427062988281250e+01,5.447716236114501953e+00
4.820899486541748047e+00,4.144509792327880859e+00,-1.652624845504760742e+00,6.895509719848632812e+00,4.533460617065429688e+00,7.641779422760009766e+00,7.445970535278320312e+00,6.168945789337158203e+00,1.130151176452636719e+01,5.363962173461914062e+00
4.838998794555664062e+00,4.028847217559814453e+00,-1.595845937728881836e+00,6.910992145538330078e+00,4.554896354675292969e+00,7.778262138366699219e+00,7.352896690368652344e+00,6.065258026123046875e+00,1.118966484069824219e+01,5.397700309753417969e+00
4.744723796844482422e+00,3.715943098068237305e+00,-1.513012409210205078e+00,7.092156887054443359e+00,4.506045341491699219e+00,8.061126708984375000e+00,7.281116485595703125e+00,5.844659805297851562e+00,1.077030944824218750e+01,5.575319766998291016e+00
4.742045402526855469e+00,3.915922880172729492e+00,-1.583665370941162109e+00,6.963349819183349609e+00,4.528615951538085938e+00,7.792519092559814453e+00,7.445185184478759766e+00,5.875111103057861328e+00,1.088376808166503906e+01,5.417858123779296875e+00
4.740019798278808594e+00,3.854431629180908203e+00,-1.583868741989135742e+00,6.963378906250000000e+00,4.504689216613769531e+00,7.820653915405273438e+00,7.425090789794921875e+00,5.919926166534423828e+00,1.092133140563964844e+01,5.441171646118164062e+00
4.766825675964355469e+00,3.883663415908813477e+00,-1.737127780914306641e+00,6.886974811553955078e+00,4.431724548339843750e+00,7.711622714996337891e+00,7.429450511932373047e+00,6.465569019317626953e+00,1.121914482116699219e+01,5.337018966674804688e+00
4.737153053283691406e+00,3.736086368560791016e+00,-1.698072195053100586e+00,7.019794464111328125e+00,4.516197204589843750e+00,7.855645179748535156e+00,7.416203022003173828e+00,5.918660640716552734e+00,1.085041618347167969e+01,5.509453296661376953e+00
4.720144271850585938e+00,3.801522016525268555e+00,-1.763435363769531250e+00,6.923357963562011719e+00,4.456676483154296875e+00,7.681140422821044922e+00,7.478586196899414062e+00,6.161541461944580078e+00,1.100234222412109375e+01,5.360183238983154297e+00
4.762783050537109375e+00,3.775439739227294922e+00,-1.518214225769042969e+00,7.013330936431884766e+00,4.521165847778320312e+00,7.961926460266113281e+00,7.331046104431152344e+00,5.870579242706298828e+00,1.083794784545898438e+01,5.502652168273925781e+00
4.729451656341552734e+00,3.679492235183715820e+00,-1.623564720153808594e+00,7.100075721740722656e+00,4.475314140319824219e+00,8.050770759582519531e+00,7.311049938201904297e+00,5.815970420837402344e+00,1.071745491027832031e+01,5.599610328674316406e+00
4.595582962036132812e+00,4.189959049224853516e+00,-1.769992828369140625e+00,6.948953151702880859e+00,4.383906364440917969e+00,7.810779571533203125e+00,7.463571548461914062e+00,5.601343631744384766e+00,1.063365364074707031e+01,5.315646171569824219e+00
4.601104736328125000e+00,4.128630638122558594e+00,-1.727955341339111328e+00,6.936546802520751953e+00,4.395678520202636719e+00,7.785939693450927734e+00,7.445212364196777344e+00,5.670351028442382812e+00,1.065296554565429688e+01,5.326925277709960938e+00
4.726824283599853516e+00,3.947573184967041016e+00,-1.630443096160888672e+00,7.044889926910400391e+00,4.440820693969726562e+00,8.034251213073730469e+00,7.406392097473144531e+00,5.876086711883544922e+00,1.080540084838867188e+01,5.459050178527832031e+00
4.494695663452148438e+00,4.297491073608398438e+00,-1.959035396575927734e+00,6.911885738372802734e+00,4.362194061279296875e+00,7.481690406799316406e+00,7.374814510345458984e+00,5.476284503936767578e+00,1.052680778503417969e+01,5.245346546173095703e+00
4.602456569671630859e+00,4.137135505676269531e+00,-1.739847183227539062e+00,6.968278408050537109e+00,4.374878883361816406e+00,7.835253715515136719e+00,7.468602180480957031e+00,5.621944904327392578e+00,1.059973144531250000e+01,5.320944309234619141e+00
4.642199993133544922e+00,3.821003913879394531e+00,-1.613005638122558594e+00,7.036358833312988281e+00,4.398832321166992188e+00,7.787007808685302734e+00,7.445271492004394531e+00,5.663790225982666016e+00,1.045761489868164062e+01,5.429176330566406250e+00
4.595268249511718750e+00,4.076128959655761719e+00,-1.770203113555908203e+00,7.020467758178710938e+00,4.382905960083007812e+00,7.818907260894775391e+00,7.475535392761230469e+00,5.537946701049804688e+00,1.044433212280273438e+01,5.353605270385742188e+00
4.639339923858642578e+00,3.823536157608032227e+00,-1.640436172485351562e+00,7.072834491729736328e+00,4.385682106018066406e+00,7.991595745086669922e+00,7.453662872314453125e+00,5.677246570587158203e+00,1.050858116149902344e+01,5.443143367767333984e+00
4.673854827880859375e+00,3.742460727691650391e+00,-1.560966014862060547e+00,7.075560092926025391e+00,4.416268348693847656e+00,8.017143249511718750e+00,7.381365299224853516e+00,5.733292102813720703e+00,1.055011749267578125e+01,5.490033149719238281e+00
4.649430274963378906e+00,3.936956882476806641e+00,-1.643340349197387695e+00,6.991510868072509766e+00,4.411942481994628906e+00,7.917788982391357422e+00,7.433544635772705078e+00,5.746594905853271484e+00,1.064377403259277344e+01,5.397674083709716797e+00
4.492033481597900391e+00,4.652525901794433594e+00,-2.002272129058837891e+00,6.737747192382812500e+00,4.640976905822753906e+00,6.805757999420166016e+00,7.051661491394042969e+00,5.505424976348876953e+00,1.127980995178222656e+01,5.174301624298095703e+00
4.410788059234619141e+00,4.636342048645019531e+00,-1.948537588119506836e+00,6.848224639892578125e+00,4.536379814147949219e+00,6.736968517303466797e+00,7.188766002655029297e+00,5.400121212005615234e+00,1.077666091918945312e+01,5.094708442687988281e+00
4.483878135681152344e+00,4.562382221221923828e+00,-1.914285182952880859e+00,6.876356124877929688e+00,4.532569885253906250e+00,7.154223442077636719e+00,7.382425308227539062e+00,5.463844299316406250e+00,1.079278564453125000e+01,5.134157180786132812e+00
4.533005237579345703e+00,4.399984836578369141e+00,-1.835086345672607422e+00,6.864369869232177734e+00,4.567650794982910156e+00,7.129565715789794922e+00,7.313251972198486328e+00,5.568696022033691406e+00,1.079815864562988281e+01,5.190050125122070312e+00
4.507755756378173828e+00,4.500476837158203125e+00,-1.565330505371093750e+00,6.977768898010253906e+00,4.398572921752929688e+00,7.039396286010742188e+00,7.547430515289306641e+00,5.486431121826171875e+00,1.050432395935058594e+01,5.117822647094726562e+00
4.511304855346679688e+00,4.390957832336425781e+00,-1.533566951751708984e+00,6.980901241302490234e+00,4.353049278259277344e+00,7.213581085205078125e+00,7.754137992858886719e+00,5.583804130554199219e+00,1.047751045227050781e+01,5.031139850616455078e+00
4.579444885253906250e+00,3.984718561172485352e+00,-1.438635945320129395e+00,6.960800170898437500e+00,4.457678794860839844e+00,7.295811653137207031e+00,7.565554618835449219e+00,5.760690212249755859e+00,1.054704093933105469e+01,5.093888282775878906e+00
4.741405963897705078e+00,3.779424905776977539e+00,-1.453382611274719238e+00,6.955082893371582031e+00,4.471837997436523438e+00,7.295778274536132812e+00,7.659357547760009766e+00,6.029604911804199219e+00,1.061681365966796875e+01,5.159791469573974609e+00
4.757539749145507812e+00,3.750750541687011719e+00,-1.182141304016113281e+00,7.035490036010742188e+00,4.414482116699218750e+00,7.469927787780761719e+00,7.588500022888183594e+00,5.978181838989257812e+00,1.049003791809082031e+01,5.242155075073242188e+00
4.704147815704345703e+00,3.816042423248291016e+00,-1.534937620162963867e+00,6.904441833496093750e+00,4.495624542236328125e+00,7.498871803283691406e+00,7.544126987457275391e+00,5.932928562164306641e+00,1.069663619995117188e+01,5.230137825012207031e+00
