4.594585418701171875e+00,4.218422412872314453e+00,-1.329041242599487305e+00,6.378684043884277344e+00,3.808304786682128906e+00,7.031407356262207031e+00,7.611727714538574219e+00,6.694872379302978516e+00,1.183775901794433594e+01,5.130649566650390625e+00
4.607511043548583984e+00,4.211759567260742188e+00,-1.337392807006835938e+00,6.381746768951416016e+00,3.822228193283081055e+00,7.027543544769287109e+00,7.586235523223876953e+00,6.712911605834960938e+00,1.182293891906738281e+01,5.130095481872558594e+00
4.585189819335937500e+00,4.111312866210937500e+00,-1.451938390731811523e+00,6.381605625152587891e+00,3.830543518066406250e+00,7.094696044921875000e+00,7.448043346405029297e+00,6.935177326202392578e+00,1.177285385131835938e+01,5.106356620788574219e+00
4.592206478118896484e+00,4.116084098815917969e+00,-1.443023800849914551e+00,6.382094860076904297e+00,3.834592819213867188e+00,7.066940307617187500e+00,7.463852405548095703e+00,6.902804374694824219e+00,1.176325893402099609e+01,5.110026359558105469e+00
4.610253810882568359e+00,4.178795337677001953e+00,-1.374958872795104980e+00,6.382414340972900391e+00,3.829859972000122070e+00,7.025657176971435547e+00,7.554351329803466797e+00,6.770816802978515625e+00,1.180072784423828125e+01,5.123752593994140625e+00
4.612642288208007812e+00,4.106234550476074219e+00,-1.497750043869018555e+00,6.406049728393554688e+00,3.897540330886840820e+00,7.146423339843750000e+00,7.415939807891845703e+00,7.003485679626464844e+00,1.176436233520507812e+01,5.093400955200195312e+00
4.602420806884765625e+00,4.119426727294921875e+00,-1.446409821510314941e+00,6.390976428985595703e+00,3.850182533264160156e+00,7.076112747192382812e+00,7.473954200744628906e+00,6.920415401458740234e+00,1.176733112335205078e+01,5.114493370056152344e+00
4.595113277435302734e+00,4.184350013732910156e+00,-1.368635773658752441e+00,6.374330520629882812e+00,3.812620162963867188e+00,7.020737648010253906e+00,7.554054260253906250e+00,6.743683815002441406e+00,1.180439758300781250e+01,5.123567581176757812e+00
4.578615665435791016e+00,4.054590702056884766e+00,-1.503306269645690918e+00,6.365092277526855469e+00,3.830232620239257812e+00,7.100300788879394531e+00,7.362070560455322266e+00,6.969892024993896484e+00,1.173498535156250000e+01,5.079387664794921875e+00
4.611722469329833984e+00,4.106162548065185547e+00,-1.496598362922668457e+00,6.395538330078125000e+00,3.888754844665527344e+00,7.141185760498046875e+00,7.416102886199951172e+00,6.996340751647949219e+00,1.176612854003906250e+01,5.097448348999023438e+00
4.676813602447509766e+00,4.052338123321533203e+00,-1.622393965721130371e+00,6.447859287261962891e+00,3.996133089065551758e+00,7.248471260070800781e+00,7.419831275939941406e+00,7.138482093811035156e+00,1.179253292083740234e+01,5.078069686889648438e+00
4.676386833190917969e+00,4.059615135192871094e+00,-1.623957276344299316e+00,6.455432891845703125e+00,3.998969793319702148e+00,7.267052650451660156e+00,7.414021015167236328e+00,7.134169578552246094e+00,1.179394054412841797e+01,5.073472976684570312e+00
4.692927837371826172e+00,4.042778015136718750e+00,-1.602613449096679688e+00,6.433908939361572266e+00,3.988467693328857422e+00,7.182566642761230469e+00,7.405901432037353516e+00,7.093899250030517578e+00,1.176212406158447266e+01,5.065885543823242188e+00
4.686343193054199219e+00,4.031561851501464844e+00,-1.616170167922973633e+00,6.436788558959960938e+00,3.985478162765502930e+00,7.201521873474121094e+00,7.392745018005371094e+00,7.105050086975097656e+00,1.175965309143066406e+01,5.054155349731445312e+00
4.681069374084472656e+00,4.027371406555175781e+00,-1.632305502891540527e+00,6.427130699157714844e+00,3.986467599868774414e+00,7.202474594116210938e+00,7.411942481994628906e+00,7.125708580017089844e+00,1.177065467834472656e+01,5.065196514129638672e+00
4.697347640991210938e+00,4.069622039794921875e+00,-1.580708622932434082e+00,6.433220863342285156e+00,3.987844228744506836e+00,7.164080619812011719e+00,7.444593429565429688e+00,7.082869052886962891e+00,1.177458763122558594e+01,5.086500167846679688e+00
4.687347412109375000e+00,4.039885997772216797e+00,-1.597958683967590332e+00,6.441525459289550781e+00,3.987658977508544922e+00,7.204423904418945312e+00,7.399811267852783203e+00,7.102289199829101562e+00,1.176570796966552734e+01,5.058141708374023438e+00
4.665750503540039062e+00,4.050470352172851562e+00,-1.614516258239746094e+00,6.409836769104003906e+00,3.953041076660156250e+00,7.152310371398925781e+00,7.278325080871582031e+00,6.977580070495605469e+00,1.168024826049804688e+01,5.107645034790039062e+00
4.656009197235107422e+00,4.044664382934570312e+00,-1.576945781707763672e+00,6.404440402984619141e+00,3.930491209030151367e+00,7.083457946777343750e+00,7.305728912353515625e+00,6.930555343627929688e+00,1.166774463653564453e+01,5.082004547119140625e+00
4.634463310241699219e+00,4.121387481689453125e+00,-1.463932275772094727e+00,6.414155960083007812e+00,3.886214733123779297e+00,7.092402458190917969e+00,7.484004497528076172e+00,6.895780086517333984e+00,1.178850555419921875e+01,5.122293472290039062e+00
4.555891036987304688e+00,3.892889022827148438e+00,-1.598593711853027344e+00,6.302528381347656250e+00,3.815371990203857422e+00,6.880314350128173828e+00,7.205585002899169922e+00,6.913509368896484375e+00,1.150357818603515625e+01,5.029240131378173828e+00
4.587620258331298828e+00,3.949797868728637695e+00,-1.659121632575988770e+00,6.330079078674316406e+00,3.900718450546264648e+00,7.108921051025390625e+00,7.220345497131347656e+00,7.016132354736328125e+00,1.160688304901123047e+01,5.042921066284179688e+00
4.594439983367919922e+00,3.980553627014160156e+00,-1.630254030227661133e+00,6.381067276000976562e+00,3.916206121444702148e+00,7.175199508666992188e+00,7.271566390991210938e+00,7.077607154846191406e+00,1.168258476257324219e+01,5.058293342590332031e+00
4.609784126281738281e+00,4.002431869506835938e+00,-1.629387617111206055e+00,6.331521034240722656e+00,3.913380146026611328e+00,7.144390106201171875e+00,7.265229701995849609e+00,7.042841911315917969e+00,1.166987991333007812e+01,5.058222293853759766e+00
4.604388236999511719e+00,4.006626129150390625e+00,-1.612942576408386230e+00,6.329281806945800781e+00,3.893474817276000977e+00,7.132240295410156250e+00,7.287899971008300781e+00,7.049464225769042969e+00,1.168912315368652344e+01,5.061592578887939453e+00
4.559203147888183594e+00,3.886519908905029297e+00,-1.587794303894042969e+00,6.313512802124023438e+00,3.821937561035156250e+00,6.852747917175292969e+00,7.216996192932128906e+00,6.881508827209472656e+00,1.147902297973632812e+01,5.032473564147949219e+00
4.590430259704589844e+00,3.938915967941284180e+00,-1.673276901245117188e+00,6.347161293029785156e+00,3.914340019226074219e+00,7.109639167785644531e+00,7.212466716766357422e+00,7.000266075134277344e+00,1.159905052185058594e+01,5.029841899871826172e+00
4.552918434143066406e+00,3.825023412704467773e+00,-1.747975945472717285e+00,6.362790107727050781e+00,3.907416343688964844e+00,6.597645759582519531e+00,7.262670993804931641e+00,6.718191146850585938e+00,1.122167778015136719e+01,5.021963119506835938e+00
4.609578132629394531e+00,3.932125091552734375e+00,-1.750000596046447754e+00,6.350875377655029297e+00,3.934950828552246094e+00,7.122961044311523438e+00,7.201968193054199219e+00,6.986404418945312500e+00,1.158924770355224609e+01,4.994447708129882812e+00
4.572168827056884766e+00,3.895781278610229492e+00,-1.684331536293029785e+00,6.311956405639648438e+00,3.881321668624877930e+00,6.950903892517089844e+00,7.197852611541748047e+00,6.913849830627441406e+00,1.149221897125244141e+01,5.017265796661376953e+00
4.581016063690185547e+00,4.141212463378906250e+00,-1.474869132041931152e+00,6.389624118804931641e+00,3.861770868301391602e+00,7.150512695312500000e+00,7.451201915740966797e+00,6.997025489807128906e+00,1.178863811492919922e+01,5.126306533813476562e+00
4.581234455108642578e+00,4.157670497894287109e+00,-1.473287463188171387e+00,6.391615390777587891e+00,3.868483781814575195e+00,7.205085754394531250e+00,7.441806316375732422e+00,7.016557693481445312e+00,1.181716728210449219e+01,5.124747276306152344e+00
4.607445716857910156e+00,4.198449134826660156e+00,-1.393846273422241211e+00,6.357398986816406250e+00,3.845000505447387695e+00,7.161370277404785156e+00,7.436475753784179688e+00,6.874594211578369141e+00,1.181741809844970703e+01,5.124924659729003906e+00
4.588088989257812500e+00,4.076220512390136719e+00,-1.546652197837829590e+00,6.384361267089843750e+00,3.885191202163696289e+00,7.176832199096679688e+00,7.344934463500976562e+00,7.072375297546386719e+00,1.174909019470214844e+01,5.083717346191406250e+00
4.598987579345703125e+00,4.172621250152587891e+00,-1.440929889678955078e+00,6.378976345062255859e+00,3.865278482437133789e+00,7.169735908508300781e+00,7.427184104919433594e+00,6.930230617523193359e+00,1.180328845977783203e+01,5.124776840209960938e+00
4.575589179992675781e+00,4.040919303894042969e+00,-1.571524143218994141e+00,6.374587535858154297e+00,3.872341871261596680e+00,7.160672187805175781e+00,7.312806129455566406e+00,7.082291603088378906e+00,1.172743415832519531e+01,5.079206466674804688e+00
4.579702377319335938e+00,4.144451141357421875e+00,-1.459710478782653809e+00,6.376851558685302734e+00,3.847684860229492188e+00,7.154032707214355469e+00,7.419256210327148438e+00,6.967269897460937500e+00,1.178422546386718750e+01,5.124574184417724609e+00
4.582524776458740234e+00,4.125192165374755859e+00,-1.500276803970336914e+00,6.383829593658447266e+00,3.868570804595947266e+00,7.192259788513183594e+00,7.374347209930419922e+00,7.018123149871826172e+00,1.177818298339843750e+01,5.101002693176269531e+00
4.617681980133056641e+00,4.123262405395507812e+00,-1.511448264122009277e+00,6.421577930450439453e+00,3.927019596099853516e+00,7.212968826293945312e+00,7.396950244903564453e+00,7.065952301025390625e+00,1.177406692504882812e+01,5.086179733276367188e+00
4.589168548583984375e+00,4.125026226043701172e+00,-1.502980828285217285e+00,6.390558242797851562e+00,3.883554935455322266e+00,7.209101676940917969e+00,7.377250671386718750e+00,7.038169860839843750e+00,1.178159618377685547e+01,5.099357128143310547e+00
4.578982353210449219e+00,4.296326637268066406e+00,-1.323783278465270996e+00,6.405102729797363281e+00,3.838753461837768555e+00,7.188802719116210938e+00,7.660263538360595703e+00,6.790920734405517578e+00,1.193093872070312500e+01,5.182009220123291016e+00
4.587543487548828125e+00,4.375514030456542969e+00,-1.246866822242736816e+00,6.388744354248046875e+00,3.824303150177001953e+00,7.215771675109863281e+00,7.700224399566650391e+00,6.689802169799804688e+00,1.199902534484863281e+01,5.198705196380615234e+00
4.646861076354980469e+00,4.583999633789062500e+00,-1.075447440147399902e+00,6.328191757202148438e+00,3.808421850204467773e+00,7.216316223144531250e+00,7.756092071533203125e+00,6.434867858886718750e+00,1.215257263183593750e+01,5.251807689666748047e+00
4.607348918914794922e+00,4.450235366821289062e+00,-1.178442716598510742e+00,6.358614921569824219e+00,3.804433107376098633e+00,7.217549324035644531e+00,7.688309669494628906e+00,6.589793205261230469e+00,1.205439376831054688e+01,5.212893486022949219e+00
4.593201637268066406e+00,4.396497726440429688e+00,-1.222113013267517090e+00,6.375690460205078125e+00,3.813818693161010742e+00,7.216035842895507812e+00,7.695399284362792969e+00,6.655791282653808594e+00,1.201591682434082031e+01,5.198456764221191406e+00
4.614870071411132812e+00,4.516119003295898438e+00,-1.122954487800598145e+00,6.341000556945800781e+00,3.794035434722900391e+00,7.199375152587890625e+00,7.723517894744873047e+00,6.482082843780517578e+00,1.210075378417968750e+01,5.229461669921875000e+00
4.668924808502197266e+00,4.509704589843750000e+00,-1.150250196456909180e+00,6.324899196624755859e+00,3.836113452911376953e+00,7.236749649047851562e+00,7.733224868774414062e+00,6.557813644409179688e+00,1.211734485626220703e+01,5.219270706176757812e+00
4.644622325897216797e+00,4.422034263610839844e+00,-1.216539144515991211e+00,6.338578224182128906e+00,3.838839769363403320e+00,7.242660522460937500e+00,7.697082996368408203e+00,6.636183261871337891e+00,1.205948638916015625e+01,5.189626693725585938e+00
4.608207225799560547e+00,4.248373985290527344e+00,-1.373846173286437988e+00,6.392722606658935547e+00,3.873739004135131836e+00,7.227755546569824219e+00,7.555226802825927734e+00,6.898761749267578125e+00,1.189272403717041016e+01,5.155337333679199219e+00
4.585252761840820312e+00,4.240400314331054688e+00,-1.388039827346801758e+00,6.399886131286621094e+00,3.858577966690063477e+00,7.204561233520507812e+00,7.580111980438232422e+00,6.896708488464355469e+00,1.189060211181640625e+01,5.163239479064941406e+00
4.646053314208984375e+00,4.012022972106933594e+00,-1.688930273056030273e+00,6.402009963989257812e+00,3.995348691940307617e+00,7.188750267028808594e+00,7.333928585052490234e+00,7.048715591430664062e+00,1.168914508819580078e+01,5.062592506408691406e+00
4.622949600219726562e+00,4.007315635681152344e+00,-1.602721929550170898e+00,6.367214202880859375e+00,3.915956974029541016e+00,7.119921684265136719e+00,7.343186378479003906e+00,7.030488014221191406e+00,1.169503593444824219e+01,5.072345256805419922e+00
4.565781593322753906e+00,3.917333602905273438e+00,-1.647364020347595215e+00,6.333294868469238281e+00,3.860290765762329102e+00,6.961559772491455078e+00,7.231364727020263672e+00,6.956878185272216797e+00,1.154807090759277344e+01,5.058683395385742188e+00
4.575105190277099609e+00,3.895459175109863281e+00,-1.685183763504028320e+00,6.335515499114990234e+00,3.894170999526977539e+00,7.005737304687500000e+00,7.216001033782958984e+00,6.945056915283203125e+00,1.152761459350585938e+01,5.027054786682128906e+00
4.596036911010742188e+00,3.975897073745727539e+00,-1.603929162025451660e+00,6.336786270141601562e+00,3.872714757919311523e+00,7.080058097839355469e+00,7.280293464660644531e+00,7.007927417755126953e+00,1.165587615966796875e+01,5.062953948974609375e+00
4.561532020568847656e+00,3.897715806961059570e+00,-1.636998772621154785e+00,6.338495254516601562e+00,3.847623586654663086e+00,6.860355854034423828e+00,7.255603790283203125e+00,6.876295089721679688e+00,1.148249721527099609e+01,5.060656547546386719e+00
4.584879398345947266e+00,3.935353040695190430e+00,-1.649011611938476562e+00,6.344537734985351562e+00,3.896059036254882812e+00,7.055109024047851562e+00,7.250366687774658203e+00,6.987796783447265625e+00,1.158560466766357422e+01,5.053072452545166016e+00
4.571295738220214844e+00,3.894851207733154297e+00,-1.695655822753906250e+00,6.388017654418945312e+00,3.891637325286865234e+00,6.856263637542724609e+00,7.227866172790527344e+00,6.890879631042480469e+00,1.144292640686035156e+01,5.074641227722167969e+00
4.596670150756835938e+00,3.956144332885742188e+00,-1.626654624938964844e+00,6.333881855010986328e+00,3.887941598892211914e+00,7.062155723571777344e+00,7.267856597900390625e+00,6.994803905487060547e+00,1.162030982971191406e+01,5.055354118347167969e+00
4.523920059204101562e+00,3.822132349014282227e+00,-1.618343710899353027e+00,6.314267635345458984e+00,3.819470405578613281e+00,6.662461280822753906e+00,7.234743595123291016e+00,6.802143573760986328e+00,1.132682037353515625e+01,5.030697345733642578e+00
4.586000919342041016e+00,4.013679027557373047e+00,-1.611655592918395996e+00,6.366181850433349609e+00,3.870434284210205078e+00,7.093235969543457031e+00,7.281579017639160156e+00,6.983613014221191406e+00,1.167823314666748047e+01,5.102533340454101562e+00
4.544607162475585938e+00,3.964480876922607422e+00,-1.582899451255798340e+00,6.327856063842773438e+00,3.791681051254272461e+00,6.948089599609375000e+00,7.243178844451904297e+00,6.909092903137207031e+00,1.159814453125000000e+01,5.078196048736572266e+00
4.567037582397460938e+00,4.016117095947265625e+00,-1.514605522155761719e+00,6.338995933532714844e+00,3.804129600524902344e+00,7.020271301269531250e+00,7.328265190124511719e+00,6.888089179992675781e+00,1.166721534729003906e+01,5.082087516784667969e+00
4.509621143341064453e+00,3.935580730438232422e+00,-1.681767344474792480e+00,6.274012565612792969e+00,3.744318008422851562e+00,6.769289016723632812e+00,7.085909843444824219e+00,7.059337615966796875e+00,1.146165657043457031e+01,5.067482948303222656e+00
4.587819099426269531e+00,4.074822902679443359e+00,-1.493318557739257812e+00,6.373839378356933594e+00,3.837684154510498047e+00,7.065465927124023438e+00,7.397347927093505859e+00,6.927275657653808594e+00,1.173159408569335938e+01,5.101287841796875000e+00
4.575026035308837891e+00,3.998689651489257812e+00,-1.547954559326171875e+00,6.329374313354492188e+00,3.821288585662841797e+00,6.993762969970703125e+00,7.256237030029296875e+00,6.905502796173095703e+00,1.161751365661621094e+01,5.082145214080810547e+00
4.561028003692626953e+00,3.975414037704467773e+00,-1.589267373085021973e+00,6.315651893615722656e+00,3.813904285430908203e+00,6.909410476684570312e+00,7.200928211212158203e+00,6.885764122009277344e+00,1.155497550964355469e+01,5.084038257598876953e+00
4.589445590972900391e+00,4.036443710327148438e+00,-1.541266441345214844e+00,6.351677894592285156e+00,3.851970672607421875e+00,7.106083869934082031e+00,7.297555923461914062e+00,6.989823341369628906e+00,1.169687843322753906e+01,5.077340126037597656e+00
4.518502235412597656e+00,3.884944915771484375e+00,-1.599738240242004395e+00,6.309823989868164062e+00,3.802356004714965820e+00,6.692128658294677734e+00,7.179419040679931641e+00,6.784190654754638672e+00,1.138271903991699219e+01,5.063066005706787109e+00
4.557281970977783203e+00,4.033845424652099609e+00,-1.522341370582580566e+00,6.350715637207031250e+00,3.795733690261840820e+00,6.997648239135742188e+00,7.395353794097900391e+00,6.864760398864746094e+00,1.169745635986328125e+01,5.095568656921386719e+00
4.614121437072753906e+00,4.017391204833984375e+00,-1.625589847564697266e+00,6.381626605987548828e+00,3.942418575286865234e+00,7.181426048278808594e+00,7.311617374420166016e+00,7.085350990295410156e+00,1.170629310607910156e+01,5.066846370697021484e+00
4.617595672607421875e+00,4.064527511596679688e+00,-1.603657960891723633e+00,6.382894992828369141e+00,3.946242094039916992e+00,7.241855621337890625e+00,7.335728168487548828e+00,7.125555038452148438e+00,1.176201248168945312e+01,5.089151859283447266e+00
4.570239067077636719e+00,3.945052385330200195e+00,-1.638825893402099609e+00,6.384037017822265625e+00,3.906062126159667969e+00,7.085826873779296875e+00,7.265189647674560547e+00,6.974886417388916016e+00,1.159949493408203125e+01,5.047113418579101562e+00
4.459651947021484375e+00,3.774958372116088867e+00,-1.543541550636291504e+00,6.396220207214355469e+00,3.866239786148071289e+00,6.317008495330810547e+00,7.340847969055175781e+00,6.510018348693847656e+00,1.106766891479492188e+01,5.066893100738525391e+00
4.599928855895996094e+00,4.031443595886230469e+00,-1.599315166473388672e+00,6.381695747375488281e+00,3.914853096008300781e+00,7.213404655456542969e+00,7.314725875854492188e+00,7.112018585205078125e+00,1.174219322204589844e+01,5.073448181152343750e+00
4.533422946929931641e+00,3.961368083953857422e+00,-1.614249706268310547e+00,6.369740486145019531e+00,3.867114305496215820e+00,7.011348247528076172e+00,7.251247406005859375e+00,6.931875705718994141e+00,1.155499458312988281e+01,5.069684505462646484e+00
4.498100280761718750e+00,3.840518236160278320e+00,-1.610314488410949707e+00,6.312891960144042969e+00,3.766206026077270508e+00,6.671783447265625000e+00,7.202508449554443359e+00,6.771951675415039062e+00,1.136867904663085938e+01,5.043352127075195312e+00
4.509997367858886719e+00,3.866540908813476562e+00,-1.600214600563049316e+00,6.353799819946289062e+00,3.809759378433227539e+00,6.808347702026367188e+00,7.227020740509033203e+00,6.832099914550781250e+00,1.142729473114013672e+01,5.043806076049804688e+00
4.568285942077636719e+00,3.895111560821533203e+00,-1.634540438652038574e+00,6.395901679992675781e+00,3.891580343246459961e+00,6.952512741088867188e+00,7.271068572998046875e+00,6.835150241851806641e+00,1.151039314270019531e+01,5.028059005737304688e+00
4.361366748809814453e+00,4.165369510650634766e+00,-2.283864974975585938e+00,6.565438747406005859e+00,4.107748031616210938e+00,6.288632392883300781e+00,7.111152648925781250e+00,5.462700843811035156e+00,1.062472343444824219e+01,5.121979713439941406e+00
4.696709632873535156e+00,4.033266067504882812e+00,-1.769316434860229492e+00,6.445962429046630859e+00,4.054435729980468750e+00,7.193866729736328125e+00,7.380601882934570312e+00,7.013033866882324219e+00,1.172168540954589844e+01,4.986390113830566406e+00
4.444344520568847656e+00,3.650708198547363281e+00,-1.752764701843261719e+00,6.406186103820800781e+00,3.980293035507202148e+00,6.337592601776123047e+00,7.291586399078369141e+00,6.481085777282714844e+00,1.093422794342041016e+01,4.976011276245117188e+00
4.422252655029296875e+00,3.622879028320312500e+00,-1.632375836372375488e+00,6.479070663452148438e+00,3.979993581771850586e+00,6.184379577636718750e+00,7.322131633758544922e+00,6.324147701263427734e+00,1.068549537658691406e+01,4.974571704864501953e+00
4.274560928344726562e+00,4.372196197509765625e+00,-2.351191759109497070e+00,6.991619110107421875e+00,4.091892242431640625e+00,6.362817764282226562e+00,7.326205730438232422e+00,5.006833553314208984e+00,1.009283065795898438e+01,5.162207603454589844e+00
4.364418983459472656e+00,4.077687263488769531e+00,-2.141525268554687500e+00,6.567233085632324219e+00,4.059148311614990234e+00,6.694689273834228516e+00,7.303077697753906250e+00,6.012434482574462891e+00,1.104001808166503906e+01,5.050825119018554688e+00
4.262081146240234375e+00,3.890295505523681641e+00,-2.249687194824218750e+00,6.582767963409423828e+00,4.092409133911132812e+00,6.415263175964355469e+00,7.298523902893066406e+00,5.836592674255371094e+00,1.070580863952636719e+01,5.007500171661376953e+00
4.461585044860839844e+00,3.693768739700317383e+00,-1.826718568801879883e+00,6.416782379150390625e+00,3.981557607650756836e+00,6.373744487762451172e+00,7.320783138275146484e+00,6.432901382446289062e+00,1.096013641357421875e+01,4.963259220123291016e+00
4.574866294860839844e+00,4.112749099731445312e+00,-1.776761054992675781e+00,6.487549304962158203e+00,4.098713397979736328e+00,7.120939254760742188e+00,7.385457992553710938e+00,6.765345573425292969e+00,1.151652622222900391e+01,5.087492465972900391e+00
4.600310325622558594e+00,3.791508913040161133e+00,-1.764966845512390137e+00,6.373440742492675781e+00,3.983045816421508789e+00,6.733481884002685547e+00,7.307153701782226562e+00,6.794297218322753906e+00,1.134679222106933594e+01,4.953107833862304688e+00
4.624793052673339844e+00,3.828462123870849609e+00,-1.784698367118835449e+00,6.361045837402343750e+00,3.979321002960205078e+00,6.863729476928710938e+00,7.279417991638183594e+00,6.902756214141845703e+00,1.144235038757324219e+01,4.949300765991210938e+00
4.538369178771972656e+00,4.726963996887207031e+00,-1.640973329544067383e+00,6.652378559112548828e+00,4.057277679443359375e+00,6.741289138793945312e+00,7.077661037445068359e+00,5.712542057037353516e+00,1.121608924865722656e+01,5.200794219970703125e+00
4.643363475799560547e+00,4.114295482635498047e+00,-1.376954436302185059e+00,6.603694438934326172e+00,3.898810148239135742e+00,6.387103557586669922e+00,7.322461605072021484e+00,5.626338005065917969e+00,1.065955257415771484e+01,5.081892967224121094e+00
4.518541812896728516e+00,4.646965026855468750e+00,-1.599277496337890625e+00,6.752099037170410156e+00,4.080169200897216797e+00,6.767518997192382812e+00,7.141824722290039062e+00,5.689132690429687500e+00,1.104402542114257812e+01,5.238839149475097656e+00
4.609509944915771484e+00,4.152425289154052734e+00,-1.417891025543212891e+00,6.543862819671630859e+00,3.948481082916259766e+00,6.507640361785888672e+00,7.333909034729003906e+00,6.007233142852783203e+00,1.103046035766601562e+01,5.091386795043945312e+00
4.553882122039794922e+00,4.297881603240966797e+00,-1.364627718925476074e+00,6.477725982666015625e+00,3.897935628890991211e+00,6.380907058715820312e+00,7.252306461334228516e+00,6.154274940490722656e+00,1.122098350524902344e+01,5.087334632873535156e+00
4.595302104949951172e+00,3.930943012237548828e+00,-1.393323779106140137e+00,6.509360313415527344e+00,3.848145723342895508e+00,6.410035133361816406e+00,7.299102306365966797e+00,6.062355041503906250e+00,1.085603713989257812e+01,5.083081245422363281e+00
4.673638343811035156e+00,3.899676322937011719e+00,-1.410465717315673828e+00,6.548616409301757812e+00,3.846052408218383789e+00,6.420386314392089844e+00,7.386133193969726562e+00,5.851061344146728516e+00,1.069819927215576172e+01,5.043920516967773438e+00
4.621315002441406250e+00,3.927987575531005859e+00,-1.329427123069763184e+00,6.545490264892578125e+00,3.873812198638916016e+00,6.360831737518310547e+00,7.282970428466796875e+00,6.249143600463867188e+00,1.088513183593750000e+01,5.111210346221923828e+00
4.597465991973876953e+00,4.259177207946777344e+00,-1.409318208694458008e+00,6.624675273895263672e+00,3.993584394454956055e+00,6.439890861511230469e+00,7.340738296508789062e+00,5.748770713806152344e+00,1.084937286376953125e+01,5.143929481506347656e+00
4.620195388793945312e+00,4.084217071533203125e+00,-1.371637225151062012e+00,6.522778511047363281e+00,3.907462596893310547e+00,6.415694236755371094e+00,7.324854850769042969e+00,5.976337432861328125e+00,1.093039703369140625e+01,5.079421997070312500e+00
4.437365531921386719e+00,3.829199075698852539e+00,-1.321464538574218750e+00,5.860334396362304688e+00,2.718116521835327148e+00,5.954666137695312500e+00,5.774065017700195312e+00,6.318976402282714844e+00,1.076316642761230469e+01,4.416903495788574219e+00
4.615380287170410156e+00,3.698796510696411133e+00,-2.798200130462646484e+00,5.977935791015625000e+00,3.427182674407958984e+00,5.816882133483886719e+00,6.434274196624755859e+00,5.329016685485839844e+00,1.042750072479248047e+01,4.814329147338867188e+00
4.463208198547363281e+00,3.630421400070190430e+00,-1.936803340911865234e+00,6.284567832946777344e+00,3.819325685501098633e+00,6.068559646606445312e+00,6.846097946166992188e+00,5.612312793731689453e+00,1.046520137786865234e+01,4.860628128051757812e+00
4.548611640930175781e+00,3.838071107864379883e+00,-1.179873585700988770e+00,5.526902675628662109e+00,2.070351123809814453e+00,5.735907554626464844e+00,5.606790542602539062e+00,6.637606143951416016e+00,1.087360954284667969e+01,3.992062568664550781e+00
4.791133880615234375e+00,3.797950983047485352e+00,-9.372907280921936035e-01,6.920233726501464844e+00,4.211472511291503906e+00,6.686705589294433594e+00,7.691902160644531250e+00,6.580173492431640625e+00,1.070982360839843750e+01,5.058856487274169922e+00
4.802460193634033203e+00,3.582093954086303711e+00,-1.140879631042480469e+00,6.844695091247558594e+00,4.023789882659912109e+00,6.216320991516113281e+00,7.381069183349609375e+00,6.019387245178222656e+00,1.011860466003417969e+01,4.896882534027099609e+00
4.531165599822998047e+00,3.822552919387817383e+00,-3.014448165893554688e+00,5.864436149597167969e+00,3.033482551574707031e+00,5.701310157775878906e+00,6.303323268890380859e+00,4.518041610717773438e+00,1.023714351654052734e+01,4.481038093566894531e+00
3.876452445983886719e+00,2.872421026229858398e+00,-2.297036170959472656e+00,6.008559703826904297e+00,3.408792734146118164e+00,5.907575607299804688e+00,6.733817577362060547e+00,5.256914615631103516e+00,1.064492034912109375e+01,4.832505226135253906e+00
4.536660671234130859e+00,3.707956314086914062e+00,-1.340733528137207031e+00,6.293672561645507812e+00,3.941862106323242188e+00,6.089136123657226562e+00,7.253485202789306641e+00,6.400263786315917969e+00,1.081879711151123047e+01,4.852936267852783203e+00
4.402834892272949219e+00,3.869098186492919922e+00,-1.605389595031738281e+00,6.515678405761718750e+00,4.012779712677001953e+00,6.526216506958007812e+00,7.588621139526367188e+00,6.806865692138671875e+00,1.121399784088134766e+01,5.083010196685791016e+00
4.705486774444580078e+00,4.647624015808105469e+00,-1.170673727989196777e+00,6.235408782958984375e+00,3.605954408645629883e+00,7.108516693115234375e+00,8.232394218444824219e+00,6.267211437225341797e+00,1.231991481781005859e+01,5.352171897888183594e+00
4.683845043182373047e+00,4.519102096557617188e+00,-1.212086558341979980e+00,6.239336013793945312e+00,3.715251922607421875e+00,7.089048385620117188e+00,8.068586349487304688e+00,6.341061592102050781e+00,1.223359870910644531e+01,5.234481811523437500e+00
4.717729568481445312e+00,4.718214988708496094e+00,-1.067288279533386230e+00,6.203482627868652344e+00,3.701920032501220703e+00,7.140600204467773438e+00,8.104729652404785156e+00,6.190269470214843750e+00,1.234634113311767578e+01,5.316480636596679688e+00
4.673824787139892578e+00,4.503589630126953125e+00,-1.262799620628356934e+00,6.278191566467285156e+00,3.730910301208496094e+00,7.071248054504394531e+00,8.080443382263183594e+00,6.372198104858398438e+00,1.223976707458496094e+01,5.230030536651611328e+00
4.656384944915771484e+00,4.464399814605712891e+00,-1.308898448944091797e+00,6.284291267395019531e+00,3.693030834197998047e+00,7.080248832702636719e+00,8.111731529235839844e+00,6.416868209838867188e+00,1.221366596221923828e+01,5.239715576171875000e+00
4.662314414978027344e+00,4.504243850708007812e+00,-1.246775746345520020e+00,6.250986576080322266e+00,3.664657115936279297e+00,7.107379913330078125e+00,8.136158943176269531e+00,6.392005443572998047e+00,1.221424579620361328e+01,5.276441097259521484e+00
4.718095779418945312e+00,4.699659824371337891e+00,-1.128446936607360840e+00,6.196906089782714844e+00,3.695698499679565430e+00,7.159633636474609375e+00,8.093051910400390625e+00,6.239689826965332031e+00,1.233490753173828125e+01,5.330929756164550781e+00
4.647990226745605469e+00,4.466790199279785156e+00,-1.291712403297424316e+00,6.264331817626953125e+00,3.657466411590576172e+00,7.075084686279296875e+00,8.139430999755859375e+00,6.405811309814453125e+00,1.220023918151855469e+01,5.247714042663574219e+00
4.650273323059082031e+00,4.407942771911621094e+00,-1.383113265037536621e+00,6.300923347473144531e+00,3.640690088272094727e+00,7.002205848693847656e+00,8.089693069458007812e+00,6.493902206420898438e+00,1.213594245910644531e+01,5.253886222839355469e+00
4.627165794372558594e+00,4.341328620910644531e+00,-1.290618181228637695e+00,6.249350547790527344e+00,3.590911388397216797e+00,6.992448806762695312e+00,8.131065368652343750e+00,6.406195640563964844e+00,1.209207344055175781e+01,5.203668117523193359e+00
4.426377296447753906e+00,3.968083858489990234e+00,-1.572813987731933594e+00,6.350694656372070312e+00,3.670360565185546875e+00,6.454547882080078125e+00,7.299923419952392578e+00,6.324770927429199219e+00,1.119772720336914062e+01,5.130125045776367188e+00
4.541696071624755859e+00,3.978892087936401367e+00,-1.627116322517395020e+00,6.358103275299072266e+00,3.808622121810913086e+00,6.864693641662597656e+00,7.377419948577880859e+00,6.746500492095947266e+00,1.160248184204101562e+01,5.085055351257324219e+00
4.571703910827636719e+00,4.004255771636962891e+00,-1.704381465911865234e+00,6.342255592346191406e+00,3.821190834045410156e+00,6.959598541259765625e+00,7.162387371063232422e+00,7.134799957275390625e+00,1.159262084960937500e+01,5.089695930480957031e+00
4.437697410583496094e+00,3.788768053054809570e+00,-1.620439291000366211e+00,6.276777744293212891e+00,3.698058128356933594e+00,6.430294036865234375e+00,7.252057075500488281e+00,6.522941589355468750e+00,1.119175815582275391e+01,5.010930061340332031e+00
4.535588264465332031e+00,4.060844898223876953e+00,-1.711158633232116699e+00,6.330261230468750000e+00,3.768254280090332031e+00,6.919825553894042969e+00,7.197029590606689453e+00,7.112329483032226562e+00,1.163027000427246094e+01,5.125378608703613281e+00
4.464316368103027344e+00,4.011465072631835938e+00,-1.640070080757141113e+00,6.300104141235351562e+00,3.612598419189453125e+00,6.821579933166503906e+00,7.422361373901367188e+00,6.798707962036132812e+00,1.165043354034423828e+01,5.111272811889648438e+00
4.429509162902832031e+00,3.908726692199707031e+00,-1.656819105148315430e+00,6.261235237121582031e+00,3.608989715576171875e+00,6.665567398071289062e+00,7.308298110961914062e+00,6.692363739013671875e+00,1.144430351257324219e+01,5.058898925781250000e+00
4.493372440338134766e+00,4.140772819519042969e+00,-1.764501452445983887e+00,6.088327407836914062e+00,3.728005170822143555e+00,7.285185813903808594e+00,6.688832759857177734e+00,7.514567375183105469e+00,1.166331195831298828e+01,5.120745658874511719e+00
4.549382686614990234e+00,3.952307224273681641e+00,-1.678518295288085938e+00,6.368284225463867188e+00,3.869047641754150391e+00,6.754274368286132812e+00,7.307246208190917969e+00,6.744216442108154297e+00,1.147391319274902344e+01,5.080833435058593750e+00
4.548512458801269531e+00,4.020875930786132812e+00,-1.676207423210144043e+00,6.387319564819335938e+00,3.887129545211791992e+00,6.896447658538818359e+00,7.358286857604980469e+00,6.755786895751953125e+00,1.157242393493652344e+01,5.135242462158203125e+00
4.560896396636962891e+00,4.190537929534912109e+00,-1.429844737052917480e+00,6.425493717193603516e+00,3.823164701461791992e+00,7.152413368225097656e+00,7.573031902313232422e+00,6.880619049072265625e+00,1.187453842163085938e+01,5.160520553588867188e+00
4.603754520416259766e+00,4.392382621765136719e+00,-1.254122257232666016e+00,6.375586509704589844e+00,3.794303894042968750e+00,7.159455299377441406e+00,7.848650932312011719e+00,6.610751152038574219e+00,1.207491874694824219e+01,5.177458763122558594e+00
4.571286201477050781e+00,4.323406219482421875e+00,-1.348945379257202148e+00,6.424427986145019531e+00,3.818621158599853516e+00,7.172593116760253906e+00,7.793701648712158203e+00,6.742381095886230469e+00,1.201026535034179688e+01,5.188769340515136719e+00
4.580492973327636719e+00,4.156968593597412109e+00,-1.459782600402832031e+00,6.391037940979003906e+00,3.846723556518554688e+00,7.066349029541015625e+00,7.499712944030761719e+00,6.835203170776367188e+00,1.178606796264648438e+01,5.140943527221679688e+00
4.593885421752929688e+00,4.141873359680175781e+00,-1.493932127952575684e+00,6.381317615509033203e+00,3.875999927520751953e+00,7.106651306152343750e+00,7.444158077239990234e+00,6.907404422760009766e+00,1.176358032226562500e+01,5.137898445129394531e+00
4.566250324249267578e+00,4.271597862243652344e+00,-1.385082483291625977e+00,6.442101478576660156e+00,3.822339534759521484e+00,7.167059898376464844e+00,7.768874645233154297e+00,6.825672149658203125e+00,1.196606636047363281e+01,5.187751770019531250e+00
4.514260292053222656e+00,4.218661308288574219e+00,-1.394901275634765625e+00,6.367060661315917969e+00,3.752101898193359375e+00,7.235664367675781250e+00,7.640837192535400391e+00,6.871515750885009766e+00,1.193307113647460938e+01,5.165599822998046875e+00
4.419913768768310547e+00,4.117210865020751953e+00,-1.523255825042724609e+00,6.249136447906494141e+00,3.588964939117431641e+00,7.023621559143066406e+00,7.362198829650878906e+00,7.173146247863769531e+00,1.174774551391601562e+01,5.109289169311523438e+00
4.463232040405273438e+00,4.164540290832519531e+00,-1.483631134033203125e+00,6.276822090148925781e+00,3.765942096710205078e+00,7.482535362243652344e+00,7.342256069183349609e+00,7.241391181945800781e+00,1.188126659393310547e+01,5.137613296508789062e+00
4.388112545013427734e+00,4.115110397338867188e+00,-1.530785918235778809e+00,6.198488235473632812e+00,3.597959518432617188e+00,7.223270416259765625e+00,7.263117790222167969e+00,7.273056030273437500e+00,1.176488018035888672e+01,5.112770080566406250e+00
4.614843368530273438e+00,4.099657058715820312e+00,-1.567894458770751953e+00,6.422741413116455078e+00,3.973429441452026367e+00,7.360909461975097656e+00,7.362666606903076172e+00,7.166958808898925781e+00,1.181123161315917969e+01,5.088523387908935547e+00
4.620451450347900391e+00,4.094800949096679688e+00,-1.546052932739257812e+00,6.402738571166992188e+00,3.928763866424560547e+00,7.212876319885253906e+00,7.369406700134277344e+00,7.078728199005126953e+00,1.176632976531982422e+01,5.088310241699218750e+00
4.616731643676757812e+00,4.079045772552490234e+00,-1.564830303192138672e+00,6.407413482666015625e+00,3.936021566390991211e+00,7.249654769897460938e+00,7.350872993469238281e+00,7.120855331420898438e+00,1.177790260314941406e+01,5.080735683441162109e+00
4.628963470458984375e+00,4.095489978790283203e+00,-1.566988468170166016e+00,6.409259796142578125e+00,3.951765298843383789e+00,7.236402511596679688e+00,7.358810901641845703e+00,7.102048873901367188e+00,1.176813793182373047e+01,5.084931850433349609e+00
4.617109775543212891e+00,4.105408668518066406e+00,-1.525491118431091309e+00,6.417353630065917969e+00,3.925432205200195312e+00,7.210878372192382812e+00,7.411611080169677734e+00,7.067010879516601562e+00,1.178554916381835938e+01,5.096541404724121094e+00
4.629818439483642578e+00,4.095478057861328125e+00,-1.576402783393859863e+00,6.411703586578369141e+00,3.957876920700073242e+00,7.250751495361328125e+00,7.364272594451904297e+00,7.119846820831298828e+00,1.177687358856201172e+01,5.090415000915527344e+00
4.619849681854248047e+00,4.000557899475097656e+00,-1.626748681068420410e+00,6.393074035644531250e+00,3.943099260330200195e+00,7.210063934326171875e+00,7.282012939453125000e+00,7.070412635803222656e+00,1.170792388916015625e+01,5.039170265197753906e+00
4.510493278503417969e+00,3.843330144882202148e+00,-1.568285942077636719e+00,6.318047523498535156e+00,3.821708917617797852e+00,6.648663520812988281e+00,7.225414276123046875e+00,6.789170265197753906e+00,1.134482765197753906e+01,5.040800571441650391e+00
4.564908981323242188e+00,3.912529706954956055e+00,-1.607908964157104492e+00,6.340013027191162109e+00,3.842219114303588867e+00,6.886416912078857422e+00,7.224770545959472656e+00,6.917020797729492188e+00,1.149555206298828125e+01,5.062784671783447266e+00
4.591178417205810547e+00,4.014741420745849609e+00,-1.538419365882873535e+00,6.349733352661132812e+00,3.850120782852172852e+00,7.055457115173339844e+00,7.307090282440185547e+00,6.940355300903320312e+00,1.165331077575683594e+01,5.083703994750976562e+00
4.486896038055419922e+00,4.234941005706787109e+00,-1.645650267601013184e+00,6.374773979187011719e+00,4.017031669616699219e+00,7.650651931762695312e+00,7.162594318389892578e+00,7.609717369079589844e+00,1.177276420593261719e+01,5.187736034393310547e+00
4.650835037231445312e+00,3.266205549240112305e+00,-1.453462839126586914e+00,6.977183341979980469e+00,4.157461166381835938e+00,8.084565162658691406e+00,6.890566825866699219e+00,6.557025909423828125e+00,1.092444992065429688e+01,5.587251663208007812e+00
4.783950805664062500e+00,3.186216831207275391e+00,-1.080980420112609863e+00,6.969881057739257812e+00,4.066224575042724609e+00,7.533038139343261719e+00,7.156000137329101562e+00,6.755137443542480469e+00,1.076503753662109375e+01,5.442029953002929688e+00
4.684630393981933594e+00,3.525951862335205078e+00,-1.232201099395751953e+00,6.821783065795898438e+00,4.016034126281738281e+00,7.054321289062500000e+00,7.252050399780273438e+00,6.740336418151855469e+00,1.104412841796875000e+01,5.273605346679687500e+00
4.656356334686279297e+00,3.564007520675659180e+00,-1.364995718002319336e+00,6.638613224029541016e+00,3.972498655319213867e+00,6.958816528320312500e+00,7.319909572601318359e+00,6.831748008728027344e+00,1.117959785461425781e+01,5.171131134033203125e+00
4.700071811676025391e+00,3.356703281402587891e+00,-1.275057911872863770e+00,6.744217872619628906e+00,3.962404727935791016e+00,7.142724037170410156e+00,7.261956214904785156e+00,6.856953620910644531e+00,1.101233386993408203e+01,5.219947814941406250e+00
4.609098434448242188e+00,3.475403785705566406e+00,-1.235242128372192383e+00,6.694342613220214844e+00,4.000770092010498047e+00,6.308996677398681641e+00,7.353020191192626953e+00,6.295683860778808594e+00,1.040780639648437500e+01,5.000001430511474609e+00
4.735279083251953125e+00,3.475457191467285156e+00,-1.168394923210144043e+00,6.977731704711914062e+00,4.101076602935791016e+00,7.363295555114746094e+00,7.103578090667724609e+00,6.617358207702636719e+00,1.086601257324218750e+01,5.376182556152343750e+00
4.470472335815429688e+00,3.189510822296142578e+00,-1.757715940475463867e+00,6.870253562927246094e+00,4.084701061248779297e+00,8.325040817260742188e+00,6.787415981292724609e+00,6.452103137969970703e+00,1.088728046417236328e+01,5.639801979064941406e+00
4.753398895263671875e+00,3.045098781585693359e+00,-1.483903408050537109e+00,7.079431533813476562e+00,4.210538864135742188e+00,8.341047286987304688e+00,6.764324665069580078e+00,6.349930286407470703e+00,1.059252929687500000e+01,5.715988159179687500e+00
4.639811992645263672e+00,3.834619998931884766e+00,-1.017198801040649414e+00,7.083000183105468750e+00,3.500316619873046875e+00,6.569522380828857422e+00,7.783815383911132812e+00,5.410005569458007812e+00,9.878923416137695312e+00,4.876606464385986328e+00
4.501641273498535156e+00,4.290786743164062500e+00,-1.673548698425292969e+00,7.244857788085937500e+00,3.599581241607666016e+00,6.351968765258789062e+00,7.841186046600341797e+00,4.809604167938232422e+00,9.823987960815429688e+00,5.022439956665039062e+00
4.372854709625244141e+00,4.529050350189208984e+00,-2.061600685119628906e+00,7.405537605285644531e+00,3.696374654769897461e+00,6.289173126220703125e+00,7.800459384918212891e+00,4.611865520477294922e+00,9.658471107482910156e+00,5.046731948852539062e+00
4.321557044982910156e+00,4.775074958801269531e+00,-2.169212341308593750e+00,7.614216804504394531e+00,3.798946619033813477e+00,6.130775451660156250e+00,7.853882312774658203e+00,4.682358264923095703e+00,9.677413940429687500e+00,5.073565959930419922e+00
4.566390037536621094e+00,3.886750221252441406e+00,-1.751808643341064453e+00,5.678013324737548828e+00,2.739447593688964844e+00,6.708887100219726562e+00,5.116559505462646484e+00,6.729333877563476562e+00,1.073243904113769531e+01,4.614920616149902344e+00
4.561045646667480469e+00,4.005448341369628906e+00,-1.281595230102539062e+00,7.178428649902343750e+00,3.608936071395874023e+00,6.448752403259277344e+00,7.832662582397460938e+00,5.271453857421875000e+00,9.865568161010742188e+00,5.061320304870605469e+00
4.474886894226074219e+00,3.971731185913085938e+00,-1.486149430274963379e+00,7.149190902709960938e+00,4.093186378479003906e+00,6.614625930786132812e+00,7.738328456878662109e+00,5.450605392456054688e+00,1.004104709625244141e+01,5.056671142578125000e+00
4.361585617065429688e+00,4.350777626037597656e+00,-2.150043964385986328e+00,7.357049942016601562e+00,3.805088996887207031e+00,6.262698173522949219e+00,7.749364852905273438e+00,4.854340553283691406e+00,9.687215805053710938e+00,5.153014183044433594e+00
4.713169097900390625e+00,3.847498655319213867e+00,-1.684485554695129395e+00,6.421328544616699219e+00,3.589649438858032227e+00,6.692414283752441406e+00,6.518365859985351562e+00,5.809281349182128906e+00,1.038347625732421875e+01,4.703050613403320312e+00
4.445533752441406250e+00,3.948764324188232422e+00,-1.519675016403198242e+00,7.166998863220214844e+00,4.057711124420166016e+00,6.308311939239501953e+00,7.698836803436279297e+00,5.495690345764160156e+00,9.928922653198242188e+00,5.133069515228271484e+00
5.526687622070312500e+00,4.315920829772949219e+00,-1.259923934936523438e+00,5.463584899902343750e+00,3.713826179504394531e+00,5.308124065399169922e+00,4.990896224975585938e+00,5.905249595642089844e+00,1.136413574218750000e+01,4.289997100830078125e+00
4.469896793365478516e+00,4.484595298767089844e+00,-1.594849586486816406e+00,6.654968261718750000e+00,4.029537677764892578e+00,6.748113155364990234e+00,6.953612327575683594e+00,5.208343982696533203e+00,1.043747711181640625e+01,5.041162490844726562e+00
4.839178085327148438e+00,4.206636428833007812e+00,-1.957659482955932617e+00,6.038899898529052734e+00,3.881669998168945312e+00,6.055961132049560547e+00,5.956783771514892578e+00,6.244079589843750000e+00,1.103582000732421875e+01,4.766647338867187500e+00
4.404989242553710938e+00,4.311982154846191406e+00,-1.799728155136108398e+00,7.347694396972656250e+00,3.793592691421508789e+00,6.206480503082275391e+00,7.774553775787353516e+00,4.803425312042236328e+00,9.671115875244140625e+00,5.059295177459716797e+00
4.787998199462890625e+00,3.712009429931640625e+00,-1.762842893600463867e+00,5.288290023803710938e+00,2.231487274169921875e+00,6.026234149932861328e+00,4.067518234252929688e+00,6.922712326049804688e+00,1.079889202117919922e+01,4.041567802429199219e+00
4.709041595458984375e+00,3.827659606933593750e+00,-1.374049663543701172e+00,6.469056606292724609e+00,3.867345809936523438e+00,6.482455253601074219e+00,6.792129039764404297e+00,6.329900264739990234e+00,1.071848869323730469e+01,5.039387702941894531e+00
4.576172828674316406e+00,3.966152906417846680e+00,-1.361438393592834473e+00,6.876288414001464844e+00,4.146160125732421875e+00,6.484732627868652344e+00,7.407501220703125000e+00,5.911938667297363281e+00,1.043264198303222656e+01,5.021732330322265625e+00
4.545749664306640625e+00,3.989127635955810547e+00,-1.388510227203369141e+00,7.274713516235351562e+00,4.186631679534912109e+00,6.380442619323730469e+00,7.899345874786376953e+00,5.440230846405029297e+00,9.860548019409179688e+00,5.084153652191162109e+00
4.728002071380615234e+00,3.621639013290405273e+00,-1.030614018440246582e+00,6.991086959838867188e+00,4.136156082153320312e+00,6.351037502288818359e+00,7.645230770111083984e+00,6.704076290130615234e+00,1.058956336975097656e+01,5.096941947937011719e+00
4.607825756072998047e+00,3.826296806335449219e+00,-1.279743790626525879e+00,6.574190616607666016e+00,3.917591810226440430e+00,6.283296585083007812e+00,7.111696720123291016e+00,6.550208568572998047e+00,1.060937118530273438e+01,4.853122711181640625e+00
4.594638824462890625e+00,3.995896577835083008e+00,-1.605980157852172852e+00,6.409608840942382812e+00,3.923656463623046875e+00,7.204355239868164062e+00,7.295792579650878906e+00,7.097352027893066406e+00,1.170848464965820312e+01,5.057971954345703125e+00
4.588150501251220703e+00,3.967338323593139648e+00,-1.610807895660400391e+00,6.382412910461425781e+00,3.901887893676757812e+00,7.161028861999511719e+00,7.258064746856689453e+00,7.061524391174316406e+00,1.166401100158691406e+01,5.054017066955566406e+00
4.561759471893310547e+00,3.902601242065429688e+00,-1.656518936157226562e+00,6.373610496520996094e+00,3.886762380599975586e+00,7.035534858703613281e+00,7.217347621917724609e+00,6.976522445678710938e+00,1.155168533325195312e+01,5.034935951232910156e+00
4.577200412750244141e+00,3.937081336975097656e+00,-1.617809057235717773e+00,6.333160400390625000e+00,3.863645792007446289e+00,6.993172168731689453e+00,7.208212375640869141e+00,6.996165275573730469e+00,1.155746936798095703e+01,5.060980796813964844e+00
4.585048675537109375e+00,3.951640844345092773e+00,-1.617342233657836914e+00,6.373486518859863281e+00,3.895801067352294922e+00,7.145279884338378906e+00,7.240246772766113281e+00,7.048496246337890625e+00,1.164306449890136719e+01,5.050070762634277344e+00
4.595723152160644531e+00,3.999959945678710938e+00,-1.615471005439758301e+00,6.372052669525146484e+00,3.911720752716064453e+00,7.184373855590820312e+00,7.275712013244628906e+00,7.079593658447265625e+00,1.169794750213623047e+01,5.061440944671630859e+00
4.573125839233398438e+00,3.947320938110351562e+00,-1.615096569061279297e+00,6.352713108062744141e+00,3.872581481933593750e+00,7.043568611145019531e+00,7.220575332641601562e+00,7.025048255920410156e+00,1.158893489837646484e+01,5.070401668548583984e+00
4.577276229858398438e+00,3.949480295181274414e+00,-1.610410451889038086e+00,6.381330490112304688e+00,3.890829801559448242e+00,7.134973526000976562e+00,7.244036674499511719e+00,7.040663719177246094e+00,1.163438224792480469e+01,5.055352210998535156e+00
4.573582649230957031e+00,3.944756031036376953e+00,-1.615269899368286133e+00,6.367363929748535156e+00,3.881486415863037109e+00,7.066181182861328125e+00,7.229573726654052734e+00,7.024006843566894531e+00,1.159430789947509766e+01,5.067588806152343750e+00
4.580927848815917969e+00,3.950535297393798828e+00,-1.624970316886901855e+00,6.359876155853271484e+00,3.893062829971313477e+00,7.139435768127441406e+00,7.229673385620117188e+00,7.040938377380371094e+00,1.163311576843261719e+01,5.048827171325683594e+00
4.630501747131347656e+00,4.007499217987060547e+00,-1.630577325820922852e+00,6.429604530334472656e+00,3.954693078994750977e+00,7.220176696777343750e+00,7.300570011138916016e+00,7.074055671691894531e+00,1.171937084197998047e+01,5.025525093078613281e+00
4.658681392669677734e+00,3.999899864196777344e+00,-1.618367195129394531e+00,6.416544437408447266e+00,3.945135831832885742e+00,7.120868682861328125e+00,7.288055896759033203e+00,6.996448040008544922e+00,1.166356945037841797e+01,5.031457901000976562e+00
4.620841026306152344e+00,4.017707824707031250e+00,-1.617758989334106445e+00,6.421659469604492188e+00,3.950783014297485352e+00,7.228272438049316406e+00,7.309106349945068359e+00,7.101520538330078125e+00,1.173756217956542969e+01,5.049565315246582031e+00
4.630994796752929688e+00,4.001268863677978516e+00,-1.618151187896728516e+00,6.406667232513427734e+00,3.937322139739990234e+00,7.159685134887695312e+00,7.270998477935791016e+00,7.050780296325683594e+00,1.168821144104003906e+01,5.037108421325683594e+00
4.623777866363525391e+00,3.980431079864501953e+00,-1.627426743507385254e+00,6.398088455200195312e+00,3.928712606430053711e+00,7.138402938842773438e+00,7.271498680114746094e+00,7.034900665283203125e+00,1.167189788818359375e+01,5.029374122619628906e+00
4.638131141662597656e+00,3.991813659667968750e+00,-1.633392333984375000e+00,6.409602165222167969e+00,3.942655086517333984e+00,7.160204887390136719e+00,7.276140689849853516e+00,7.041347026824951172e+00,1.168051242828369141e+01,5.021214008331298828e+00
4.612040519714355469e+00,3.999245405197143555e+00,-1.621414899826049805e+00,6.437193870544433594e+00,3.952980041503906250e+00,7.218764305114746094e+00,7.323741436004638672e+00,7.098039627075195312e+00,1.172772979736328125e+01,5.052778244018554688e+00
4.618864536285400391e+00,4.020474433898925781e+00,-1.618597030639648438e+00,6.439238071441650391e+00,3.959477186203002930e+00,7.237717628479003906e+00,7.326140403747558594e+00,7.104069709777832031e+00,1.173761367797851562e+01,5.046084880828857422e+00
4.631513595581054688e+00,4.027864456176757812e+00,-1.596782565116882324e+00,6.443878173828125000e+00,3.961264133453369141e+00,7.220685005187988281e+00,7.333103179931640625e+00,7.093694686889648438e+00,1.174105644226074219e+01,5.052711486816406250e+00
4.643842220306396484e+00,4.023077011108398438e+00,-1.592969894409179688e+00,6.432632446289062500e+00,3.955015182495117188e+00,7.173973083496093750e+00,7.326819896697998047e+00,7.061583518981933594e+00,1.172047424316406250e+01,5.048112869262695312e+00
4.581495761871337891e+00,4.030939102172851562e+00,-1.563657402992248535e+00,6.365061759948730469e+00,3.864946126937866211e+00,7.141380310058593750e+00,7.293481349945068359e+00,7.048513412475585938e+00,1.171430969238281250e+01,5.067049980163574219e+00
4.578498363494873047e+00,4.024311065673828125e+00,-1.570753812789916992e+00,6.367097854614257812e+00,3.863086462020874023e+00,7.143939018249511719e+00,7.291739940643310547e+00,7.067053794860839844e+00,1.171703147888183594e+01,5.068990230560302734e+00
4.590845108032226562e+00,4.041224479675292969e+00,-1.552837014198303223e+00,6.370769023895263672e+00,3.868177890777587891e+00,7.143107414245605469e+00,7.304473400115966797e+00,7.044930934906005859e+00,1.172545242309570312e+01,5.067476272583007812e+00
4.586415290832519531e+00,4.082822799682617188e+00,-1.508052587509155273e+00,6.372998237609863281e+00,3.855774402618408203e+00,7.136193275451660156e+00,7.361217021942138672e+00,6.998785495758056641e+00,1.174883079528808594e+01,5.085482597351074219e+00
4.582966804504394531e+00,4.078542709350585938e+00,-1.514862775802612305e+00,6.375597000122070312e+00,3.856145381927490234e+00,7.122546195983886719e+00,7.366498470306396484e+00,6.997104167938232422e+00,1.174114036560058594e+01,5.087463378906250000e+00
4.588596343994140625e+00,4.040957450866699219e+00,-1.556500792503356934e+00,6.372193336486816406e+00,3.870830774307250977e+00,7.151224136352539062e+00,7.306772232055664062e+00,7.049262046813964844e+00,1.172826480865478516e+01,5.065219402313232422e+00
4.581373691558837891e+00,4.068344116210937500e+00,-1.514048218727111816e+00,6.372504234313964844e+00,3.843987941741943359e+00,7.109707832336425781e+00,7.361477375030517578e+00,6.989651203155517578e+00,1.174205207824707031e+01,5.080843925476074219e+00
4.599592208862304688e+00,4.065496444702148438e+00,-1.566827535629272461e+00,6.389783859252929688e+00,3.905945777893066406e+00,7.202644348144531250e+00,7.327260971069335938e+00,7.091275691986083984e+00,1.175544261932373047e+01,5.071344375610351562e+00
4.588902950286865234e+00,4.061985015869140625e+00,-1.542740464210510254e+00,6.391000747680664062e+00,3.895021438598632812e+00,7.253210067749023438e+00,7.334437370300292969e+00,7.081096172332763672e+00,1.177045536041259766e+01,5.069287300109863281e+00
4.601981163024902344e+00,4.020418167114257812e+00,-1.577553510665893555e+00,6.388921260833740234e+00,3.897170066833496094e+00,7.182623863220214844e+00,7.287378311157226562e+00,7.087249755859375000e+00,1.173210144042968750e+01,5.050878524780273438e+00
4.214871406555175781e+00,2.651640415191650391e+00,-9.216736555099487305e-01,4.600399017333984375e+00,3.644326448440551758e+00,3.786340236663818359e+00,3.601214647293090820e+00,6.768004417419433594e+00,1.099408054351806641e+01,3.571091651916503906e+00
4.229307174682617188e+00,2.634051799774169922e+00,-8.873475790023803711e-01,4.584841251373291016e+00,3.599867820739746094e+00,3.779917716979980469e+00,3.584759473800659180e+00,6.742597579956054688e+00,1.097107315063476562e+01,3.550891399383544922e+00
4.217345714569091797e+00,2.599033355712890625e+00,-9.457651376724243164e-01,4.558245658874511719e+00,3.545444488525390625e+00,3.796206235885620117e+00,3.514266014099121094e+00,6.692767620086669922e+00,1.091791343688964844e+01,3.565784454345703125e+00
4.208387374877929688e+00,2.614080905914306641e+00,-9.467895030975341797e-01,4.554698944091796875e+00,3.602752208709716797e+00,3.778450489044189453e+00,3.549000263214111328e+00,6.710779190063476562e+00,1.094402885437011719e+01,3.551670789718627930e+00
4.326393127441406250e+00,2.713746547698974609e+00,-1.221276998519897461e+00,4.900743484497070312e+00,3.896721839904785156e+00,3.801685094833374023e+00,4.194417476654052734e+00,6.397177219390869141e+00,1.100740814208984375e+01,3.839402914047241211e+00
4.222572326660156250e+00,2.613961458206176758e+00,-9.424580335617065430e-01,4.553771972656250000e+00,3.582708597183227539e+00,3.782251834869384766e+00,3.546442270278930664e+00,6.715053558349609375e+00,1.093413734436035156e+01,3.526700258255004883e+00
4.179841041564941406e+00,2.609903573989868164e+00,-8.960776329040527344e-01,4.548523426055908203e+00,3.634003877639770508e+00,3.744972229003906250e+00,3.547533750534057617e+00,6.746278285980224609e+00,1.095204925537109375e+01,3.507071495056152344e+00
4.200409889221191406e+00,2.609428405761718750e+00,-9.018123149871826172e-01,4.543820381164550781e+00,3.615440607070922852e+00,3.753245830535888672e+00,3.555894374847412109e+00,6.744668006896972656e+00,1.094432067871093750e+01,3.502787351608276367e+00
4.229733467102050781e+00,2.590567350387573242e+00,-9.103122949600219727e-01,4.538182258605957031e+00,3.580285310745239258e+00,3.780665159225463867e+00,3.532697916030883789e+00,6.726338386535644531e+00,1.092160224914550781e+01,3.501898050308227539e+00
4.168509483337402344e+00,2.591875076293945312e+00,-1.032984137535095215e+00,4.583481311798095703e+00,3.638895988464355469e+00,3.810647964477539062e+00,3.518354892730712891e+00,6.678810119628906250e+00,1.094736003875732422e+01,3.591866016387939453e+00
3.658585071563720703e+00,4.804630756378173828e+00,-2.276949405670166016e+00,5.846199035644531250e+00,4.155980110168457031e+00,9.552289962768554688e+00,6.603753566741943359e+00,1.020471954345703125e+01,1.128260421752929688e+01,5.137457847595214844e+00
3.622136354446411133e+00,4.891039371490478516e+00,-2.218824386596679688e+00,5.884620666503906250e+00,4.208485603332519531e+00,9.700656890869140625e+00,6.618857383728027344e+00,1.055552768707275391e+01,1.126967620849609375e+01,5.128718852996826172e+00
4.548328399658203125e+00,4.005829811096191406e+00,-1.599746346473693848e+00,6.335790634155273438e+00,3.820387363433837891e+00,6.933372974395751953e+00,7.254950046539306641e+00,6.884735107421875000e+00,1.158960723876953125e+01,5.102394104003906250e+00
3.653928279876708984e+00,4.764232635498046875e+00,-2.235215902328491211e+00,5.862855911254882812e+00,4.119253158569335938e+00,9.515701293945312500e+00,6.518033027648925781e+00,1.025001525878906250e+01,1.127310180664062500e+01,5.137265682220458984e+00
3.743628501892089844e+00,4.605662345886230469e+00,-2.188013076782226562e+00,5.812871932983398438e+00,3.974170923233032227e+00,9.148133277893066406e+00,6.443705081939697266e+00,9.892818450927734375e+00,1.124487876892089844e+01,5.021409034729003906e+00
4.556661128997802734e+00,4.030072689056396484e+00,-1.567594766616821289e+00,6.337145805358886719e+00,3.817189693450927734e+00,6.944338798522949219e+00,7.277300357818603516e+00,6.838624954223632812e+00,1.160996437072753906e+01,5.103669643402099609e+00
4.345107078552246094e+00,4.085021018981933594e+00,-1.496783852577209473e+00,5.873244285583496094e+00,3.419889688491821289e+00,6.378334999084472656e+00,6.487044334411621094e+00,7.322079658508300781e+00,1.154020881652832031e+01,5.075680732727050781e+00
3.766410827636718750e+00,4.589291572570800781e+00,-2.319545745849609375e+00,5.786046981811523438e+00,3.931934356689453125e+00,8.929492950439453125e+00,6.803029537200927734e+00,9.317925453186035156e+00,1.142456436157226562e+01,5.103247642517089844e+00
4.361217498779296875e+00,3.890293836593627930e+00,-1.679507732391357422e+00,5.966605663299560547e+00,3.426088333129882812e+00,6.524235725402832031e+00,6.599174976348876953e+00,7.540796279907226562e+00,1.141507720947265625e+01,5.041532039642333984e+00
4.531585216522216797e+00,3.950791120529174805e+00,-1.606470584869384766e+00,6.325716972351074219e+00,3.842040300369262695e+00,6.762831687927246094e+00,7.207140922546386719e+00,6.824535369873046875e+00,1.144018363952636719e+01,5.099486351013183594e+00
4.611903190612792969e+00,4.017333984375000000e+00,-1.644474267959594727e+00,6.373637199401855469e+00,3.944104909896850586e+00,7.219395637512207031e+00,7.289619445800781250e+00,7.103418827056884766e+00,1.171321296691894531e+01,5.077818870544433594e+00
4.521471500396728516e+00,3.773122310638427734e+00,-1.784958243370056152e+00,6.389926433563232422e+00,3.987838268280029297e+00,6.689291477203369141e+00,7.390966415405273438e+00,6.764101028442382812e+00,1.126716995239257812e+01,4.993296146392822266e+00
4.565941810607910156e+00,3.865306854248046875e+00,-1.714129805564880371e+00,6.369719505310058594e+00,3.927579879760742188e+00,6.767498016357421875e+00,7.302335262298583984e+00,6.735052585601806641e+00,1.136116790771484375e+01,4.994368553161621094e+00
4.586596488952636719e+00,3.919704198837280273e+00,-1.756534814834594727e+00,6.358786106109619141e+00,3.975972414016723633e+00,6.859084129333496094e+00,7.250691413879394531e+00,6.764797210693359375e+00,1.140317916870117188e+01,4.955805778503417969e+00
4.696220397949218750e+00,4.154457092285156250e+00,-1.641233325004577637e+00,6.474923133850097656e+00,4.033148288726806641e+00,7.075691223144531250e+00,7.277586936950683594e+00,6.688733577728271484e+00,1.159488582611083984e+01,5.030218124389648438e+00
4.583986282348632812e+00,3.917435646057128906e+00,-1.690523266792297363e+00,6.403015613555908203e+00,3.942418813705444336e+00,6.875552177429199219e+00,7.315798759460449219e+00,6.784064292907714844e+00,1.145201110839843750e+01,5.019800186157226562e+00
4.701496601104736328e+00,4.350078582763671875e+00,-1.613820195198059082e+00,6.489904403686523438e+00,4.067929744720458984e+00,7.283877372741699219e+00,7.156587123870849609e+00,6.751818656921386719e+00,1.167275619506835938e+01,5.076906681060791016e+00
4.726193428039550781e+00,4.292093276977539062e+00,-1.598695397377014160e+00,6.453327178955078125e+00,4.020792961120605469e+00,7.086022377014160156e+00,7.301430225372314453e+00,6.558324813842773438e+00,1.161424541473388672e+01,5.069995880126953125e+00
4.639350414276123047e+00,4.002358913421630859e+00,-1.757865905761718750e+00,6.389606952667236328e+00,4.033282279968261719e+00,6.932155609130859375e+00,7.269258975982666016e+00,6.757321357727050781e+00,1.144974136352539062e+01,4.938882827758789062e+00
4.638223171234130859e+00,3.994810342788696289e+00,-1.716772675514221191e+00,6.431329727172851562e+00,4.006399631500244141e+00,6.991334915161132812e+00,7.363838672637939453e+00,6.802746772766113281e+00,1.153800010681152344e+01,5.014436721801757812e+00
4.604875564575195312e+00,4.092247009277343750e+00,-1.529356241226196289e+00,6.422842979431152344e+00,3.920155763626098633e+00,7.223344802856445312e+00,7.368852138519287109e+00,7.085733890533447266e+00,1.178111457824707031e+01,5.075567245483398438e+00
4.594309329986572266e+00,4.015271186828613281e+00,-1.584090709686279297e+00,6.404226779937744141e+00,3.910278320312500000e+00,7.191269874572753906e+00,7.314898490905761719e+00,7.093493461608886719e+00,1.172672843933105469e+01,5.062445640563964844e+00
4.595842361450195312e+00,4.033734321594238281e+00,-1.574873685836791992e+00,6.389288902282714844e+00,3.901191949844360352e+00,7.187881469726562500e+00,7.298598766326904297e+00,7.081233501434326172e+00,1.172753429412841797e+01,5.059916496276855469e+00
4.592183113098144531e+00,4.002978324890136719e+00,-1.601005673408508301e+00,6.371767520904541016e+00,3.891836404800415039e+00,7.162876129150390625e+00,7.277234554290771484e+00,7.073296546936035156e+00,1.170697402954101562e+01,5.058047771453857422e+00
4.588507652282714844e+00,4.076104164123535156e+00,-1.531123042106628418e+00,6.382730007171630859e+00,3.876100540161132812e+00,7.151725769042968750e+00,7.357267379760742188e+00,7.030489921569824219e+00,1.174362373352050781e+01,5.083239555358886719e+00
4.590334892272949219e+00,3.998702526092529297e+00,-1.575221538543701172e+00,6.364566326141357422e+00,3.866390466690063477e+00,7.136451721191406250e+00,7.263171195983886719e+00,7.041251182556152344e+00,1.170252990722656250e+01,5.046429634094238281e+00
4.607815742492675781e+00,4.054250717163085938e+00,-1.576081395149230957e+00,6.382580757141113281e+00,3.909559726715087891e+00,7.185538291931152344e+00,7.308273792266845703e+00,7.070064067840576172e+00,1.173321342468261719e+01,5.066803932189941406e+00
4.604123592376708984e+00,4.004118442535400391e+00,-1.606114745140075684e+00,6.400442123413085938e+00,3.922861337661743164e+00,7.202896118164062500e+00,7.302432537078857422e+00,7.102726936340332031e+00,1.172509479522705078e+01,5.056242942810058594e+00
4.614433288574218750e+00,4.023329257965087891e+00,-1.614554047584533691e+00,6.364642143249511719e+00,3.917665719985961914e+00,7.171483993530273438e+00,7.294578075408935547e+00,7.073749542236328125e+00,1.171703147888183594e+01,5.066294670104980469e+00
4.603404045104980469e+00,4.018937110900878906e+00,-1.597208976745605469e+00,6.376549720764160156e+00,3.905880689620971680e+00,7.180383682250976562e+00,7.290888309478759766e+00,7.081415653228759766e+00,1.172459793090820312e+01,5.059001445770263672e+00
4.582585811614990234e+00,4.232028961181640625e+00,-1.425048708915710449e+00,6.426596641540527344e+00,3.871951103210449219e+00,7.244791984558105469e+00,7.691855907440185547e+00,6.951953887939453125e+00,1.195153427124023438e+01,5.186814308166503906e+00
4.637884616851806641e+00,4.425451278686523438e+00,-1.246451973915100098e+00,6.376406669616699219e+00,3.826667547225952148e+00,7.187056541442871094e+00,7.868666648864746094e+00,6.627370834350585938e+00,1.210138130187988281e+01,5.210789680480957031e+00
4.660288333892822266e+00,4.450139045715332031e+00,-1.246164321899414062e+00,6.338132858276367188e+00,3.805455446243286133e+00,7.150516510009765625e+00,7.972481250762939453e+00,6.557894229888916016e+00,1.214122772216796875e+01,5.210278511047363281e+00
4.710239887237548828e+00,4.709473609924316406e+00,-9.552968740463256836e-01,6.237944602966308594e+00,3.825878858566284180e+00,7.227210044860839844e+00,7.917441368103027344e+00,6.202765941619873047e+00,1.224966049194335938e+01,5.349815845489501953e+00
4.683992385864257812e+00,4.624073028564453125e+00,-1.053588390350341797e+00,6.297391891479492188e+00,3.783220291137695312e+00,7.241184234619140625e+00,8.019038200378417969e+00,6.386976242065429688e+00,1.223897743225097656e+01,5.368707656860351562e+00
4.662046432495117188e+00,4.409388542175292969e+00,-1.202681064605712891e+00,6.306211948394775391e+00,3.786893606185913086e+00,7.097118377685546875e+00,7.907829761505126953e+00,6.471208095550537109e+00,1.209543323516845703e+01,5.166367053985595703e+00
4.656218528747558594e+00,4.508630752563476562e+00,-1.189399242401123047e+00,6.305569648742675781e+00,3.742448091506958008e+00,7.140727996826171875e+00,8.001710891723632812e+00,6.451781272888183594e+00,1.217666339874267578e+01,5.275868892669677734e+00
4.647800445556640625e+00,4.426486015319824219e+00,-1.225897908210754395e+00,6.334777832031250000e+00,3.735785007476806641e+00,7.100264549255371094e+00,7.950282573699951172e+00,6.571589469909667969e+00,1.210581016540527344e+01,5.206758499145507812e+00
4.766740322113037109e+00,4.785163879394531250e+00,-8.726855516433715820e-01,6.244970321655273438e+00,3.942788600921630859e+00,7.209756851196289062e+00,7.779768466949462891e+00,6.120884895324707031e+00,1.227407360076904297e+01,5.324279308319091797e+00
4.687240600585937500e+00,4.642978668212890625e+00,-1.035437583923339844e+00,6.268977165222167969e+00,3.854681015014648438e+00,7.254363059997558594e+00,7.863151550292968750e+00,6.247050762176513672e+00,1.219544792175292969e+01,5.335596084594726562e+00
4.615198135375976562e+00,3.932759046554565430e+00,-1.551208853721618652e+00,6.392594337463378906e+00,3.934918642044067383e+00,6.916666984558105469e+00,7.426863193511962891e+00,6.851983547210693359e+00,1.158450222015380859e+01,5.029941558837890625e+00
4.480414390563964844e+00,3.617469072341918945e+00,-1.804119229316711426e+00,6.297211647033691406e+00,3.812911033630371094e+00,6.487447738647460938e+00,7.113199710845947266e+00,6.242600917816162109e+00,1.083994770050048828e+01,4.954759597778320312e+00
4.530272483825683594e+00,3.556225538253784180e+00,-1.721934795379638672e+00,6.323008060455322266e+00,3.755556583404541016e+00,6.351308822631835938e+00,7.013435363769531250e+00,5.973151206970214844e+00,1.050739669799804688e+01,4.958871841430664062e+00
4.693056583404541016e+00,3.961781263351440430e+00,-1.566782474517822266e+00,6.412080764770507812e+00,3.978543519973754883e+00,7.026439666748046875e+00,7.446418285369873047e+00,6.987762451171875000e+00,1.166527462005615234e+01,5.039748191833496094e+00
4.512966632843017578e+00,3.553942203521728516e+00,-1.795085072517395020e+00,6.325987815856933594e+00,3.769454002380371094e+00,6.341653347015380859e+00,7.039399147033691406e+00,6.026568412780761719e+00,1.055157661437988281e+01,4.958374023437500000e+00
4.648602008819580078e+00,3.938891172409057617e+00,-1.702374577522277832e+00,6.398356914520263672e+00,3.971246004104614258e+00,6.990794181823730469e+00,7.359611034393310547e+00,6.891757965087890625e+00,1.157166194915771484e+01,5.000069618225097656e+00
4.551017761230468750e+00,3.820292472839355469e+00,-1.622413635253906250e+00,6.337288856506347656e+00,3.857596397399902344e+00,6.703599929809570312e+00,7.325698852539062500e+00,6.529946804046630859e+00,1.129820442199707031e+01,4.988316535949707031e+00
4.577194690704345703e+00,3.493760347366333008e+00,-1.684278726577758789e+00,6.319541931152343750e+00,3.663491249084472656e+00,6.389507293701171875e+00,6.936015605926513672e+00,5.904694557189941406e+00,1.045614337921142578e+01,4.969079494476318359e+00
4.693929672241210938e+00,3.490548849105834961e+00,-1.367579460144042969e+00,6.455375671386718750e+00,4.070648670196533203e+00,7.210904121398925781e+00,7.593999385833740234e+00,7.083746910095214844e+00,1.150241470336914062e+01,5.045969009399414062e+00
4.585414886474609375e+00,3.552502155303955078e+00,-1.840174555778503418e+00,6.411960601806640625e+00,3.812993288040161133e+00,6.580501079559326172e+00,7.255091190338134766e+00,6.210235118865966797e+00,1.078354454040527344e+01,4.997395515441894531e+00
4.251753807067871094e+00,3.760465621948242188e+00,-1.989752292633056641e+00,6.638179302215576172e+00,4.016205787658691406e+00,6.231107711791992188e+00,7.422062397003173828e+00,5.663966655731201172e+00,1.042193508148193359e+01,5.065366744995117188e+00
4.234382152557373047e+00,4.157434463500976562e+00,-2.784968376159667969e+00,7.068655014038085938e+00,3.831589937210083008e+00,6.122929096221923828e+00,7.449226379394531250e+00,4.578365325927734375e+00,9.767642974853515625e+00,4.952676773071289062e+00
4.428121566772460938e+00,3.767392158508300781e+00,-1.582275748252868652e+00,6.417727470397949219e+00,3.798041105270385742e+00,6.519664287567138672e+00,7.394585609436035156e+00,6.557855129241943359e+00,1.115486907958984375e+01,5.085659027099609375e+00
4.593810558319091797e+00,4.038992881774902344e+00,-1.544391393661499023e+00,6.380704402923583984e+00,3.830329895019531250e+00,6.976431846618652344e+00,7.420093536376953125e+00,6.802065849304199219e+00,1.171586322784423828e+01,5.118687152862548828e+00
4.477410316467285156e+00,3.864009857177734375e+00,-1.559261798858642578e+00,6.382390499114990234e+00,3.887254476547241211e+00,6.687460899353027344e+00,7.393330097198486328e+00,6.698620319366455078e+00,1.136622238159179688e+01,5.091082096099853516e+00
4.593645095825195312e+00,4.104884147644042969e+00,-1.565985441207885742e+00,6.402028083801269531e+00,3.873214244842529297e+00,7.059390068054199219e+00,7.471743106842041016e+00,6.868136405944824219e+00,1.176216125488281250e+01,5.161883354187011719e+00
4.618297576904296875e+00,4.150764465332031250e+00,-1.557181000709533691e+00,6.417276382446289062e+00,3.924427270889282227e+00,7.155398368835449219e+00,7.498515605926513672e+00,6.988239288330078125e+00,1.181106281280517578e+01,5.170936584472656250e+00
4.449702262878417969e+00,3.704931497573852539e+00,-1.626300334930419922e+00,6.345985412597656250e+00,3.854080677032470703e+00,6.447587966918945312e+00,7.317391395568847656e+00,6.639872074127197266e+00,1.113155269622802734e+01,5.007951736450195312e+00
4.592257499694824219e+00,4.274854660034179688e+00,-1.410840630531311035e+00,6.401648521423339844e+00,3.856021642684936523e+00,7.102759361267089844e+00,7.666512012481689453e+00,6.747020721435546875e+00,1.192904281616210938e+01,5.180792808532714844e+00
4.613683223724365234e+00,4.169850349426269531e+00,-1.526811242103576660e+00,6.431019306182861328e+00,3.931999683380126953e+00,7.157942771911621094e+00,7.519644737243652344e+00,6.963233470916748047e+00,1.180307197570800781e+01,5.175529479980468750e+00
4.269536018371582031e+00,4.276922225952148438e+00,-2.623576641082763672e+00,6.334892272949218750e+00,4.382083892822265625e+00,7.071637153625488281e+00,6.976300716400146484e+00,5.629596710205078125e+00,1.098389434814453125e+01,5.194152832031250000e+00
4.420431613922119141e+00,3.772374868392944336e+00,-1.912596225738525391e+00,6.283995628356933594e+00,4.250019550323486328e+00,7.384401321411132812e+00,7.149937629699707031e+00,6.551740646362304688e+00,1.130403995513916016e+01,5.088854312896728516e+00
4.473554611206054688e+00,3.698066711425781250e+00,-2.001429080963134766e+00,6.283133506774902344e+00,4.225090026855468750e+00,7.416861534118652344e+00,7.102313518524169922e+00,6.545610427856445312e+00,1.132255935668945312e+01,5.155850887298583984e+00
4.345335483551025391e+00,4.257956504821777344e+00,-2.412574768066406250e+00,6.342660903930664062e+00,4.488739490509033203e+00,6.909527301788330078e+00,6.748472690582275391e+00,5.669946670532226562e+00,1.091419219970703125e+01,5.143325805664062500e+00
4.351710319519042969e+00,3.901748895645141602e+00,-2.095304012298583984e+00,6.208436965942382812e+00,4.345500946044921875e+00,7.431077003479003906e+00,6.950630187988281250e+00,6.403120517730712891e+00,1.111693382263183594e+01,5.100188255310058594e+00
4.511075019836425781e+00,3.845252037048339844e+00,-1.929949760437011719e+00,6.306424140930175781e+00,4.195709705352783203e+00,6.901242733001708984e+00,7.147480964660644531e+00,6.633782863616943359e+00,1.113594055175781250e+01,4.962842941284179688e+00
4.380520820617675781e+00,4.399495601654052734e+00,-2.588577747344970703e+00,6.234554767608642578e+00,4.711280345916748047e+00,6.187387943267822266e+00,6.272332668304443359e+00,5.194686412811279297e+00,1.085615158081054688e+01,4.987229824066162109e+00
4.528088092803955078e+00,3.645167589187622070e+00,-2.017158508300781250e+00,6.304631233215332031e+00,4.165170192718505859e+00,7.254284858703613281e+00,7.147140026092529297e+00,6.676158428192138672e+00,1.125514984130859375e+01,5.056417942047119141e+00
4.737767696380615234e+00,4.058701992034912109e+00,-1.709781289100646973e+00,6.457214355468750000e+00,4.070044040679931641e+00,7.315310478210449219e+00,7.425961494445800781e+00,7.103400230407714844e+00,1.180070972442626953e+01,5.063034057617187500e+00
4.732135295867919922e+00,4.055201530456542969e+00,-1.751981735229492188e+00,6.460832595825195312e+00,4.078823566436767578e+00,7.307131767272949219e+00,7.434166431427001953e+00,7.099041461944580078e+00,1.179112815856933594e+01,5.066202640533447266e+00
4.663333892822265625e+00,4.093433380126953125e+00,-1.607982397079467773e+00,6.457736968994140625e+00,4.011404037475585938e+00,7.317480087280273438e+00,7.401924610137939453e+00,7.147931098937988281e+00,1.181691646575927734e+01,5.082736015319824219e+00
4.656116962432861328e+00,4.083788871765136719e+00,-1.569117188453674316e+00,6.437916755676269531e+00,3.991463184356689453e+00,7.293637275695800781e+00,7.387028217315673828e+00,7.142912387847900391e+00,1.180631637573242188e+01,5.093642234802246094e+00
3.769197702407836914e+00,4.502747535705566406e+00,-2.294479370117187500e+00,5.842157363891601562e+00,4.057244777679443359e+00,9.119028091430664062e+00,6.311569213867187500e+00,9.337965011596679688e+00,1.124642944335937500e+01,4.986946105957031250e+00
4.621907711029052734e+00,4.090342521667480469e+00,-1.542261719703674316e+00,6.411091804504394531e+00,3.965973854064941406e+00,7.355415344238281250e+00,7.355558395385742188e+00,7.142804622650146484e+00,1.179333114624023438e+01,5.088526725769042969e+00
4.718480110168457031e+00,4.021390914916992188e+00,-1.691810131072998047e+00,6.499845504760742188e+00,4.065886497497558594e+00,7.206412315368652344e+00,7.527674674987792969e+00,7.070747852325439453e+00,1.176160526275634766e+01,5.021659851074218750e+00
4.067595481872558594e+00,4.467474937438964844e+00,-2.105174541473388672e+00,6.056095123291015625e+00,3.994249820709228516e+00,8.649313926696777344e+00,6.398627758026123047e+00,8.687314033508300781e+00,1.153137493133544922e+01,5.067794799804687500e+00
4.707133769989013672e+00,4.025335311889648438e+00,-1.712864160537719727e+00,6.462598800659179688e+00,4.048382282257080078e+00,7.184553146362304688e+00,7.443707942962646484e+00,7.061711311340332031e+00,1.174032783508300781e+01,5.053096771240234375e+00
4.654349803924560547e+00,4.077912330627441406e+00,-1.563639163970947266e+00,6.433064460754394531e+00,3.987836122512817383e+00,7.292052268981933594e+00,7.375249862670898438e+00,7.139545440673828125e+00,1.179655742645263672e+01,5.090322494506835938e+00
4.743288516998291016e+00,4.062747001647949219e+00,-1.804194092750549316e+00,6.481329917907714844e+00,4.078144550323486328e+00,7.327031135559082031e+00,7.411981582641601562e+00,7.068397521972656250e+00,1.179510879516601562e+01,4.998177051544189453e+00
4.675920009613037109e+00,4.053950309753417969e+00,-1.570124506950378418e+00,6.407175064086914062e+00,3.987570285797119141e+00,7.245779037475585938e+00,7.363334178924560547e+00,7.099056243896484375e+00,1.175763130187988281e+01,5.081008911132812500e+00
4.654008865356445312e+00,3.267480850219726562e+00,-1.748507142066955566e+00,7.137830734252929688e+00,4.266697406768798828e+00,7.697394371032714844e+00,7.079652309417724609e+00,5.827667236328125000e+00,1.035100555419921875e+01,5.522773742675781250e+00
4.651059627532958984e+00,3.680206537246704102e+00,-1.557697892189025879e+00,6.729531288146972656e+00,4.112099170684814453e+00,6.606612205505371094e+00,7.335852622985839844e+00,5.971628189086914062e+00,1.042372322082519531e+01,5.141490936279296875e+00
4.750927925109863281e+00,3.211374044418334961e+00,-1.851418733596801758e+00,7.239512443542480469e+00,4.319034576416015625e+00,8.111740112304687500e+00,6.710691452026367188e+00,5.781371116638183594e+00,1.035421180725097656e+01,5.655763626098632812e+00
4.490550994873046875e+00,3.841539621353149414e+00,-2.117935657501220703e+00,7.254286766052246094e+00,4.133490562438964844e+00,7.132403373718261719e+00,7.582414627075195312e+00,5.364874839782714844e+00,1.005533027648925781e+01,5.331240653991699219e+00
4.366328239440917969e+00,3.850891351699829102e+00,-2.072786808013916016e+00,7.055016517639160156e+00,4.283686637878417969e+00,7.685995101928710938e+00,7.238485336303710938e+00,6.165889739990234375e+00,1.036715984344482422e+01,5.473551750183105469e+00
4.702953338623046875e+00,3.138081312179565430e+00,-1.712812900543212891e+00,7.068007469177246094e+00,4.269138336181640625e+00,7.841161727905273438e+00,6.872068881988525391e+00,5.811658859252929688e+00,1.025097751617431641e+01,5.682921409606933594e+00
4.654417991638183594e+00,3.589708566665649414e+00,-1.541709184646606445e+00,6.785290718078613281e+00,3.995139122009277344e+00,6.831754684448242188e+00,7.268198490142822266e+00,5.906489372253417969e+00,1.037739181518554688e+01,5.189900398254394531e+00
4.428508281707763672e+00,3.427978515625000000e+00,-1.935536146163940430e+00,6.996891975402832031e+00,4.196246147155761719e+00,7.320370674133300781e+00,7.216785907745361328e+00,5.647689819335937500e+00,1.017783164978027344e+01,5.288149356842041016e+00
4.690176963806152344e+00,3.166743993759155273e+00,-1.880953073501586914e+00,7.153549194335937500e+00,4.270580291748046875e+00,8.038290023803710938e+00,6.624374389648437500e+00,5.784334182739257812e+00,1.030365753173828125e+01,5.592624664306640625e+00
4.775992393493652344e+00,3.154856204986572266e+00,-1.926571130752563477e+00,7.209059715270996094e+00,4.285892486572265625e+00,8.111302375793457031e+00,6.765096664428710938e+00,5.880143642425537109e+00,1.030607318878173828e+01,5.622155666351318359e+00
4.646756172180175781e+00,4.387638568878173828e+00,-1.212325096130371094e+00,6.393383026123046875e+00,3.818166494369506836e+00,7.070164680480957031e+00,7.813869953155517578e+00,6.545343399047851562e+00,1.202527618408203125e+01,5.193068981170654297e+00
4.627180576324462891e+00,4.369462966918945312e+00,-1.259684205055236816e+00,6.394694328308105469e+00,3.816038370132446289e+00,7.086967468261718750e+00,7.797032356262207031e+00,6.581493854522705078e+00,1.202655029296875000e+01,5.184974670410156250e+00
4.592373371124267578e+00,4.201183319091796875e+00,-1.473241806030273438e+00,6.407989501953125000e+00,3.873084068298339844e+00,7.095031738281250000e+00,7.586803913116455078e+00,6.809660434722900391e+00,1.182484054565429688e+01,5.165472030639648438e+00
4.611744880676269531e+00,4.092484474182128906e+00,-1.567473173141479492e+00,6.436409950256347656e+00,3.946616888046264648e+00,7.197345733642578125e+00,7.439746379852294922e+00,7.032670974731445312e+00,1.176686286926269531e+01,5.103994369506835938e+00
4.576517105102539062e+00,4.144194602966308594e+00,-1.532833576202392578e+00,6.398299694061279297e+00,3.901960849761962891e+00,7.212038040161132812e+00,7.485436439514160156e+00,7.021070480346679688e+00,1.180930137634277344e+01,5.133497714996337891e+00
4.614332675933837891e+00,4.111202239990234375e+00,-1.524663209915161133e+00,6.412257194519042969e+00,3.960036516189575195e+00,7.134788513183593750e+00,7.443523883819580078e+00,6.929618835449218750e+00,1.171816539764404297e+01,5.119255065917968750e+00
4.530087947845458984e+00,4.038333892822265625e+00,-1.591302394866943359e+00,6.392004489898681641e+00,3.938080310821533203e+00,6.971783638000488281e+00,7.439934730529785156e+00,6.937570571899414062e+00,1.155424308776855469e+01,5.137039661407470703e+00
4.614000320434570312e+00,4.072063446044921875e+00,-1.582801103591918945e+00,6.439390659332275391e+00,3.955994606018066406e+00,7.194732666015625000e+00,7.417920112609863281e+00,7.028168678283691406e+00,1.173493480682373047e+01,5.095750808715820312e+00
4.581390380859375000e+00,3.941037178039550781e+00,-1.638076066970825195e+00,6.343249797821044922e+00,3.899809360504150391e+00,6.874346733093261719e+00,7.284809112548828125e+00,6.835667610168457031e+00,1.146230602264404297e+01,5.076202392578125000e+00
4.470715045928955078e+00,4.151128768920898438e+00,-1.324698686599731445e+00,6.283123970031738281e+00,3.990825414657592773e+00,7.376617431640625000e+00,7.509646892547607422e+00,6.959085464477539062e+00,1.172684097290039062e+01,5.182298660278320312e+00
4.625924110412597656e+00,4.206067085266113281e+00,-1.485372185707092285e+00,6.417597293853759766e+00,3.885334730148315430e+00,7.045967102050781250e+00,7.572313785552978516e+00,6.801521301269531250e+00,1.184808158874511719e+01,5.168465614318847656e+00
4.578173637390136719e+00,4.255564689636230469e+00,-1.395622491836547852e+00,6.418131828308105469e+00,3.845530271530151367e+00,7.078710556030273438e+00,7.671146392822265625e+00,6.722524642944335938e+00,1.190840339660644531e+01,5.178010940551757812e+00
4.615755558013916016e+00,4.179292201995849609e+00,-1.458066582679748535e+00,6.459910392761230469e+00,3.905502796173095703e+00,7.113614082336425781e+00,7.597610473632812500e+00,6.893985748291015625e+00,1.184261512756347656e+01,5.166334152221679688e+00
4.624570846557617188e+00,4.419816970825195312e+00,-1.187271356582641602e+00,6.313961505889892578e+00,3.775150537490844727e+00,7.037037849426269531e+00,7.798546314239501953e+00,6.391373634338378906e+00,1.204248428344726562e+01,5.178830146789550781e+00
4.600467681884765625e+00,4.384272575378417969e+00,-1.212887883186340332e+00,6.356060028076171875e+00,3.786575794219970703e+00,7.083846092224121094e+00,7.771147727966308594e+00,6.490314960479736328e+00,1.202366256713867188e+01,5.176193714141845703e+00
4.616395473480224609e+00,4.432164192199707031e+00,-1.183881402015686035e+00,6.331717014312744141e+00,3.777720928192138672e+00,7.049550056457519531e+00,7.780774593353271484e+00,6.424660682678222656e+00,1.203989219665527344e+01,5.189484119415283203e+00
4.596212863922119141e+00,4.185635566711425781e+00,-1.403369188308715820e+00,6.408180236816406250e+00,3.840136051177978516e+00,6.984582901000976562e+00,7.623131752014160156e+00,6.711715698242187500e+00,1.181983470916748047e+01,5.134243011474609375e+00
4.623075962066650391e+00,4.461161613464355469e+00,-1.170603275299072266e+00,6.348395824432373047e+00,3.789833068847656250e+00,7.060048103332519531e+00,7.837506294250488281e+00,6.404685020446777344e+00,1.208124923706054688e+01,5.204485893249511719e+00
4.619500160217285156e+00,4.354516029357910156e+00,-1.248200654983520508e+00,6.369868755340576172e+00,3.809689998626708984e+00,7.037914276123046875e+00,7.801231861114501953e+00,6.506000041961669922e+00,1.199391746520996094e+01,5.167741775512695312e+00
4.615902423858642578e+00,4.299079895019531250e+00,-1.265358209609985352e+00,6.341656684875488281e+00,3.787066459655761719e+00,6.988454341888427734e+00,7.768931388854980469e+00,6.485495567321777344e+00,1.194199562072753906e+01,5.127048969268798828e+00
4.661889553070068359e+00,4.048409461975097656e+00,-1.628823995590209961e+00,6.402717113494873047e+00,3.991590976715087891e+00,7.216629981994628906e+00,7.394327163696289062e+00,7.121079444885253906e+00,1.176484203338623047e+01,5.092821121215820312e+00
4.675054073333740234e+00,4.063556194305419922e+00,-1.618165135383605957e+00,6.408176422119140625e+00,3.998659610748291016e+00,7.235472679138183594e+00,7.398606777191162109e+00,7.126717090606689453e+00,1.178642272949218750e+01,5.095521450042724609e+00
4.644628524780273438e+00,3.995728492736816406e+00,-1.730940341949462891e+00,6.382540702819824219e+00,3.988146066665649414e+00,7.178119659423828125e+00,7.324754238128662109e+00,7.072826862335205078e+00,1.168259429931640625e+01,5.050867080688476562e+00
4.603067874908447266e+00,3.938596010208129883e+00,-1.678346037864685059e+00,6.383050918579101562e+00,3.938115119934082031e+00,7.091514587402343750e+00,7.312588691711425781e+00,7.025575637817382812e+00,1.162395572662353516e+01,5.043783187866210938e+00
4.570946693420410156e+00,3.891417980194091797e+00,-1.705137014389038086e+00,6.339047908782958984e+00,3.898009777069091797e+00,6.943831443786621094e+00,7.251810550689697266e+00,6.914847850799560547e+00,1.148311424255371094e+01,5.038599014282226562e+00
4.619386672973632812e+00,3.963596582412719727e+00,-1.679814577102661133e+00,6.381164550781250000e+00,3.956147909164428711e+00,7.091902732849121094e+00,7.349606513977050781e+00,7.027888774871826172e+00,1.164030361175537109e+01,5.064616203308105469e+00
4.622183322906494141e+00,3.593162298202514648e+00,-1.603606224060058594e+00,6.647301673889160156e+00,4.059524536132812500e+00,6.421363353729248047e+00,7.382537841796875000e+00,6.336697578430175781e+00,1.070335006713867188e+01,5.062301635742187500e+00
4.529321193695068359e+00,3.706657171249389648e+00,-1.750043869018554688e+00,6.299081802368164062e+00,3.891062498092651367e+00,6.510460376739501953e+00,7.182232379913330078e+00,6.712086200714111328e+00,1.114673042297363281e+01,4.963317871093750000e+00
4.457719802856445312e+00,3.544808864593505859e+00,-1.791926741600036621e+00,6.357252120971679688e+00,3.928227186203002930e+00,6.210596561431884766e+00,7.229596614837646484e+00,6.489722251892089844e+00,1.089784908294677734e+01,4.937781810760498047e+00
4.536630630493164062e+00,3.586585044860839844e+00,-1.794115662574768066e+00,6.447351455688476562e+00,3.934562683105468750e+00,6.272038459777832031e+00,7.300525188446044922e+00,6.388763904571533203e+00,1.079782676696777344e+01,4.982126235961914062e+00
4.373840332031250000e+00,4.314706802368164062e+00,-2.642699718475341797e+00,6.396850585937500000e+00,4.309308528900146484e+00,6.413092613220214844e+00,6.617610931396484375e+00,5.268934249877929688e+00,1.069748878479003906e+01,5.093398094177246094e+00
4.462894439697265625e+00,3.623878955841064453e+00,-1.989867448806762695e+00,6.339834690093994141e+00,4.024229049682617188e+00,6.483355045318603516e+00,7.247518062591552734e+00,6.442073822021484375e+00,1.097377777099609375e+01,4.932670593261718750e+00
4.541164875030517578e+00,3.796216964721679688e+00,-1.896668910980224609e+00,6.300570487976074219e+00,3.956205368041992188e+00,6.521687507629394531e+00,7.216329097747802734e+00,6.533720970153808594e+00,1.107842254638671875e+01,5.062205314636230469e+00
4.486808300018310547e+00,3.462014675140380859e+00,-1.764246582984924316e+00,6.416477203369140625e+00,3.971996068954467773e+00,6.424432754516601562e+00,7.330609321594238281e+00,6.602054595947265625e+00,1.100445175170898438e+01,4.907229423522949219e+00
4.685186386108398438e+00,4.030782699584960938e+00,-1.663982272148132324e+00,6.456574440002441406e+00,4.034506797790527344e+00,7.218356132507324219e+00,7.477312088012695312e+00,7.126657962799072266e+00,1.177857208251953125e+01,5.073393821716308594e+00
4.697929859161376953e+00,4.039531707763671875e+00,-1.714085459709167480e+00,6.438983917236328125e+00,4.047075748443603516e+00,7.267706871032714844e+00,7.408274650573730469e+00,7.119910240173339844e+00,1.177300071716308594e+01,5.064655303955078125e+00
4.638025760650634766e+00,4.023646354675292969e+00,-1.632275104522705078e+00,6.432830810546875000e+00,3.975630044937133789e+00,7.132798194885253906e+00,7.436358928680419922e+00,7.047462463378906250e+00,1.171522331237792969e+01,5.086487293243408203e+00
4.673905372619628906e+00,4.057433128356933594e+00,-1.618827104568481445e+00,6.443679332733154297e+00,4.009562492370605469e+00,7.211250305175781250e+00,7.446674346923828125e+00,7.109106063842773438e+00,1.177726745605468750e+01,5.107143402099609375e+00
4.634544372558593750e+00,3.990534067153930664e+00,-1.672917962074279785e+00,6.404249191284179688e+00,3.978459119796752930e+00,7.161250114440917969e+00,7.356535911560058594e+00,7.074970722198486328e+00,1.168772125244140625e+01,5.064681053161621094e+00
4.608010768890380859e+00,3.758221864700317383e+00,-1.770271539688110352e+00,6.386940002441406250e+00,4.004053115844726562e+00,6.927842140197753906e+00,7.334587097167968750e+00,6.941427230834960938e+00,1.146410369873046875e+01,4.937924385070800781e+00
4.653149127960205078e+00,3.292074918746948242e+00,-1.768368721008300781e+00,7.101336479187011719e+00,4.185921192169189453e+00,7.724528312683105469e+00,6.978074550628662109e+00,5.626805305480957031e+00,1.026532173156738281e+01,5.553028106689453125e+00
4.523269653320312500e+00,3.534252166748046875e+00,-1.736607670783996582e+00,6.995522499084472656e+00,4.051641941070556641e+00,7.289881706237792969e+00,7.114168167114257812e+00,5.555692672729492188e+00,1.028328514099121094e+01,5.357012748718261719e+00
4.635262966156005859e+00,3.614075660705566406e+00,-1.580505728721618652e+00,6.894628524780273438e+00,3.963833093643188477e+00,7.049630165100097656e+00,7.235628604888916016e+00,5.758212566375732422e+00,1.041909313201904297e+01,5.254853248596191406e+00
4.547702789306640625e+00,3.543979883193969727e+00,-1.696148633956909180e+00,7.016234397888183594e+00,4.075016021728515625e+00,7.256242752075195312e+00,7.159556388854980469e+00,5.633403778076171875e+00,1.026142311096191406e+01,5.370113372802734375e+00
4.727276802062988281e+00,3.847292423248291016e+00,-1.333091735839843750e+00,6.796364784240722656e+00,4.023523330688476562e+00,7.279463768005371094e+00,7.490171909332275391e+00,6.083498001098632812e+00,1.093826007843017578e+01,5.260148525238037109e+00
4.626250267028808594e+00,3.499267101287841797e+00,-1.632349371910095215e+00,6.965519905090332031e+00,4.116580486297607422e+00,7.166563034057617188e+00,7.257464408874511719e+00,5.894832134246826172e+00,1.042822837829589844e+01,5.288774490356445312e+00
4.765857696533203125e+00,3.642153024673461914e+00,-1.197343587875366211e+00,6.708089828491210938e+00,3.805420637130737305e+00,6.712906837463378906e+00,7.388436794281005859e+00,5.944963932037353516e+00,1.057805442810058594e+01,5.126522064208984375e+00
4.795184135437011719e+00,3.594835281372070312e+00,-1.298312902450561523e+00,7.070123672485351562e+00,3.933641195297241211e+00,7.223614692687988281e+00,7.349260330200195312e+00,5.819673061370849609e+00,1.043187999725341797e+01,5.391227722167968750e+00
4.643831253051757812e+00,3.641125679016113281e+00,-1.540569424629211426e+00,6.950905799865722656e+00,3.936085939407348633e+00,7.174617767333984375e+00,7.202598094940185547e+00,5.716359615325927734e+00,1.046601200103759766e+01,5.339944839477539062e+00
4.576744556427001953e+00,3.568645715713500977e+00,-1.645585417747497559e+00,7.034800529479980469e+00,4.181219577789306641e+00,7.429130554199218750e+00,7.008892059326171875e+00,5.542757987976074219e+00,1.023127555847167969e+01,5.451464653015136719e+00
4.623928070068359375e+00,4.179872512817382812e+00,-1.451928257942199707e+00,6.463088512420654297e+00,3.916655063629150391e+00,7.102948188781738281e+00,7.624608993530273438e+00,6.903070449829101562e+00,1.184003353118896484e+01,5.159770965576171875e+00
4.631698608398437500e+00,4.132167816162109375e+00,-1.551387786865234375e+00,6.438604354858398438e+00,3.948365926742553711e+00,7.153113365173339844e+00,7.498470306396484375e+00,6.997445583343505859e+00,1.179367256164550781e+01,5.159292221069335938e+00
4.612732887268066406e+00,4.074554443359375000e+00,-1.585352778434753418e+00,6.400308609008789062e+00,3.941146135330200195e+00,7.189742088317871094e+00,7.405879020690917969e+00,7.089959144592285156e+00,1.174703598022460938e+01,5.105321884155273438e+00
4.604194164276123047e+00,4.015832901000976562e+00,-1.629439949989318848e+00,6.353600025177001953e+00,3.922240495681762695e+00,7.139172554016113281e+00,7.321468830108642578e+00,7.063091278076171875e+00,1.168235015869140625e+01,5.081728935241699219e+00
4.656119346618652344e+00,4.069266319274902344e+00,-1.624948382377624512e+00,6.419396400451660156e+00,3.988241672515869141e+00,7.255481719970703125e+00,7.371740341186523438e+00,7.123584747314453125e+00,1.177795791625976562e+01,5.089153289794921875e+00
4.655684471130371094e+00,4.035638809204101562e+00,-1.644128918647766113e+00,6.398849964141845703e+00,3.981133460998535156e+00,7.184649467468261719e+00,7.367458820343017578e+00,7.074452877044677734e+00,1.172329902648925781e+01,5.087708473205566406e+00
4.668828010559082031e+00,4.076288223266601562e+00,-1.630978703498840332e+00,6.419137001037597656e+00,3.994250059127807617e+00,7.258096694946289062e+00,7.371408939361572266e+00,7.114875793457031250e+00,1.177778816223144531e+01,5.078466415405273438e+00
4.641986846923828125e+00,4.043690681457519531e+00,-1.631404280662536621e+00,6.382905006408691406e+00,3.959060192108154297e+00,7.184889793395996094e+00,7.342373371124267578e+00,7.077718734741210938e+00,1.172472190856933594e+01,5.084270477294921875e+00
4.647341728210449219e+00,4.024633884429931641e+00,-1.644289374351501465e+00,6.393240928649902344e+00,3.969741106033325195e+00,7.190109252929687500e+00,7.348420143127441406e+00,7.062376976013183594e+00,1.171131134033203125e+01,5.067587852478027344e+00
4.610233783721923828e+00,3.972634077072143555e+00,-1.651784420013427734e+00,6.373511314392089844e+00,3.932289600372314453e+00,7.083505630493164062e+00,7.338415622711181641e+00,7.030653953552246094e+00,1.164406013488769531e+01,5.066307067871093750e+00
4.468651294708251953e+00,3.615139722824096680e+00,-1.670778870582580566e+00,6.262404441833496094e+00,3.726904630661010742e+00,6.184041976928710938e+00,6.979585170745849609e+00,6.070489883422851562e+00,1.060276794433593750e+01,4.929465293884277344e+00
4.714415550231933594e+00,3.479376077651977539e+00,-1.560662031173706055e+00,6.689112663269042969e+00,3.992580175399780273e+00,6.529302597045898438e+00,7.330829143524169922e+00,6.078185081481933594e+00,1.034999084472656250e+01,5.085452556610107422e+00
4.554638862609863281e+00,3.580558776855468750e+00,-1.535225629806518555e+00,6.305750846862792969e+00,3.721702575683593750e+00,6.255517959594726562e+00,6.929954051971435547e+00,6.010151863098144531e+00,1.051715469360351562e+01,4.929018020629882812e+00
4.546740055084228516e+00,3.509535312652587891e+00,-1.776724934577941895e+00,6.346095085144042969e+00,3.767016410827636719e+00,6.232905864715576172e+00,7.002742290496826172e+00,6.051926136016845703e+00,1.044830322265625000e+01,4.958489418029785156e+00
4.581110954284667969e+00,3.542537212371826172e+00,-1.718013405799865723e+00,6.334496021270751953e+00,3.709301471710205078e+00,6.259305477142333984e+00,6.950930118560791016e+00,6.007780075073242188e+00,1.048710250854492188e+01,4.975637435913085938e+00
4.662518501281738281e+00,3.634142637252807617e+00,-1.665230751037597656e+00,6.423511505126953125e+00,3.762390375137329102e+00,6.344323158264160156e+00,7.076835155487060547e+00,6.013303756713867188e+00,1.056220436096191406e+01,5.042125701904296875e+00
4.718587398529052734e+00,3.497986078262329102e+00,-1.670271635055541992e+00,6.775177955627441406e+00,3.938235998153686523e+00,6.718565940856933594e+00,7.174088001251220703e+00,5.774261474609375000e+00,1.019940376281738281e+01,5.200693130493164062e+00
4.746262550354003906e+00,3.192568302154541016e+00,-1.817264437675476074e+00,7.077103614807128906e+00,4.299363136291503906e+00,8.344449043273925781e+00,6.852805614471435547e+00,6.274937629699707031e+00,1.056972694396972656e+01,5.667229652404785156e+00
4.606015682220458984e+00,3.557462453842163086e+00,-1.625904321670532227e+00,6.392350196838378906e+00,3.738374710083007812e+00,6.310668945312500000e+00,6.999862670898437500e+00,6.030698776245117188e+00,1.050349426269531250e+01,5.000396728515625000e+00
4.819139957427978516e+00,3.558919906616210938e+00,-1.853054285049438477e+00,7.293697357177734375e+00,4.212550163269042969e+00,7.497032165527343750e+00,7.412931919097900391e+00,5.663178920745849609e+00,1.016743278503417969e+01,5.486824989318847656e+00
4.566523551940917969e+00,3.585597753524780273e+00,-1.741659522056579590e+00,6.413592338562011719e+00,3.855932474136352539e+00,6.391270160675048828e+00,7.183098316192626953e+00,6.186728477478027344e+00,1.068407249450683594e+01,4.959713935852050781e+00
4.516201496124267578e+00,3.493628978729248047e+00,-1.826164841651916504e+00,6.310242652893066406e+00,3.771979331970214844e+00,6.224472045898437500e+00,6.968415737152099609e+00,6.025633811950683594e+00,1.044701385498046875e+01,4.941751480102539062e+00
4.666273593902587891e+00,3.413581132888793945e+00,-1.779209017753601074e+00,6.579349994659423828e+00,3.821782350540161133e+00,6.785480499267578125e+00,6.893683910369873047e+00,5.854355812072753906e+00,1.031735324859619141e+01,5.164068222045898438e+00
4.139485359191894531e+00,5.048595428466796875e+00,-2.524339675903320312e+00,7.601033210754394531e+00,3.829123258590698242e+00,7.499549865722656250e+00,8.198524475097656250e+00,4.399909019470214844e+00,1.017784500122070312e+01,5.140757560729980469e+00
4.169074535369873047e+00,5.291749954223632812e+00,-2.368785858154296875e+00,7.814884185791015625e+00,3.898408412933349609e+00,7.790191650390625000e+00,8.504756927490234375e+00,4.456412792205810547e+00,1.036028289794921875e+01,5.265896320343017578e+00
4.425486087799072266e+00,3.399214982986450195e+00,-1.398180723190307617e+00,6.125992774963378906e+00,3.520188093185424805e+00,6.332710266113281250e+00,6.795212745666503906e+00,5.547765731811523438e+00,1.036221408843994141e+01,4.735096454620361328e+00
4.561140060424804688e+00,3.558282375335693359e+00,-1.945121765136718750e+00,6.374605178833007812e+00,3.761527538299560547e+00,6.383391857147216797e+00,7.067085266113281250e+00,6.097023963928222656e+00,1.062529754638671875e+01,5.074922561645507812e+00
4.552581787109375000e+00,3.438392400741577148e+00,-1.679021716117858887e+00,6.266933917999267578e+00,3.626447677612304688e+00,6.530575752258300781e+00,6.905548095703125000e+00,5.773828506469726562e+00,1.043297863006591797e+01,4.933854103088378906e+00
4.095480918884277344e+00,5.215629100799560547e+00,-1.955010890960693359e+00,7.664961814880371094e+00,3.835760593414306641e+00,7.755058288574218750e+00,8.335880279541015625e+00,4.401973724365234375e+00,1.032606315612792969e+01,5.214818000793457031e+00
4.491390228271484375e+00,3.521378755569458008e+00,-1.827977180480957031e+00,6.275025367736816406e+00,3.680034875869750977e+00,6.256799697875976562e+00,6.888471126556396484e+00,5.977700233459472656e+00,1.047565078735351562e+01,4.941427230834960938e+00
4.539075374603271484e+00,3.515267848968505859e+00,-1.534191131591796875e+00,6.287930011749267578e+00,3.701704978942871094e+00,6.350437164306640625e+00,6.950230598449707031e+00,5.933788299560546875e+00,1.048733997344970703e+01,4.924287319183349609e+00
4.556488037109375000e+00,3.498610258102416992e+00,-1.437300920486450195e+00,6.282303810119628906e+00,3.690379142761230469e+00,6.347839832305908203e+00,6.917891979217529297e+00,5.914437294006347656e+00,1.046225166320800781e+01,4.907678604125976562e+00
4.555428028106689453e+00,3.527051448822021484e+00,-1.634931445121765137e+00,6.309872627258300781e+00,3.703062534332275391e+00,6.367285728454589844e+00,6.940971851348876953e+00,5.928408622741699219e+00,1.046978187561035156e+01,4.947075843811035156e+00
4.548859119415283203e+00,3.549961090087890625e+00,-1.457754492759704590e+00,6.293102264404296875e+00,3.708671569824218750e+00,6.308986186981201172e+00,6.947192668914794922e+00,5.970942974090576172e+00,1.050369071960449219e+01,4.923409461975097656e+00
4.561782836914062500e+00,3.511353731155395508e+00,-1.565331459045410156e+00,6.285716056823730469e+00,3.689447402954101562e+00,6.333223342895507812e+00,6.921185493469238281e+00,5.917647838592529297e+00,1.046445941925048828e+01,4.927595138549804688e+00
4.518749237060546875e+00,3.549025535583496094e+00,-1.596620202064514160e+00,6.301583290100097656e+00,3.725138664245605469e+00,6.327309608459472656e+00,6.948658943176269531e+00,5.982517242431640625e+00,1.050633144378662109e+01,4.936887741088867188e+00
4.561106681823730469e+00,3.530559539794921875e+00,-1.595727443695068359e+00,6.309699058532714844e+00,3.702038288116455078e+00,6.356597423553466797e+00,6.935237884521484375e+00,5.937322616577148438e+00,1.048517322540283203e+01,4.940557479858398438e+00
4.527190208435058594e+00,3.540800571441650391e+00,-1.602826237678527832e+00,6.358565330505371094e+00,3.709742784500122070e+00,6.374383926391601562e+00,6.918519496917724609e+00,6.009606838226318359e+00,1.051942634582519531e+01,4.983133792877197266e+00
4.564690113067626953e+00,3.525825977325439453e+00,-1.590772032737731934e+00,6.316868782043457031e+00,3.681058883666992188e+00,6.316191196441650391e+00,6.903285026550292969e+00,5.966456890106201172e+00,1.048946285247802734e+01,4.945815563201904297e+00
4.552735328674316406e+00,3.520222425460815430e+00,-1.499012231826782227e+00,6.294362068176269531e+00,3.688495397567749023e+00,6.334006309509277344e+00,6.924879074096679688e+00,5.945125579833984375e+00,1.047996616363525391e+01,4.927353858947753906e+00
4.722107887268066406e+00,3.612296819686889648e+00,-1.424445629119873047e+00,6.593564987182617188e+00,3.985495567321777344e+00,6.321794509887695312e+00,7.370194911956787109e+00,6.337740898132324219e+00,1.081467437744140625e+01,5.021444320678710938e+00
4.748916625976562500e+00,3.588604450225830078e+00,-1.378969788551330566e+00,6.770771026611328125e+00,4.075755596160888672e+00,6.711194992065429688e+00,7.377468585968017578e+00,6.215844154357910156e+00,1.063319873809814453e+01,5.106056213378906250e+00
4.711744785308837891e+00,3.151158332824707031e+00,-1.494471788406372070e+00,7.086413383483886719e+00,4.170753955841064453e+00,7.303343772888183594e+00,7.352198123931884766e+00,6.201258659362792969e+00,1.023347091674804688e+01,5.322994232177734375e+00
4.664012908935546875e+00,3.667327404022216797e+00,-1.648154020309448242e+00,6.496384620666503906e+00,3.846613883972167969e+00,6.378011703491210938e+00,7.179913997650146484e+00,6.048804283142089844e+00,1.057930088043212891e+01,5.076511383056640625e+00
4.802244186401367188e+00,3.198624849319458008e+00,-1.895305633544921875e+00,7.227051734924316406e+00,4.300131320953369141e+00,8.106440544128417969e+00,6.897568225860595703e+00,5.901974678039550781e+00,1.029476547241210938e+01,5.618918418884277344e+00
4.766883850097656250e+00,3.586086273193359375e+00,-1.389406681060791016e+00,6.776261329650878906e+00,4.092989444732666016e+00,6.733265876770019531e+00,7.393199443817138672e+00,6.184678554534912109e+00,1.056758117675781250e+01,5.106136798858642578e+00
4.649986267089843750e+00,3.158766269683837891e+00,-1.701768875122070312e+00,7.054044723510742188e+00,4.272039413452148438e+00,7.841210365295410156e+00,6.818893909454345703e+00,5.722753047943115234e+00,1.024656009674072266e+01,5.622843742370605469e+00
4.535893440246582031e+00,3.753360271453857422e+00,-1.860831260681152344e+00,6.808853149414062500e+00,4.093151092529296875e+00,6.773546695709228516e+00,7.252373218536376953e+00,5.578818321228027344e+00,1.029581069946289062e+01,5.259050369262695312e+00
4.645149707794189453e+00,3.220756053924560547e+00,-1.679968833923339844e+00,7.094729423522949219e+00,4.236453056335449219e+00,7.431252479553222656e+00,7.255376338958740234e+00,5.986707687377929688e+00,1.024509620666503906e+01,5.376103401184082031e+00
4.593091011047363281e+00,3.729132890701293945e+00,-1.730440855026245117e+00,6.755481243133544922e+00,4.026892662048339844e+00,6.774464130401611328e+00,7.323228836059570312e+00,5.719724655151367188e+00,1.041538810729980469e+01,5.194878101348876953e+00
4.577088356018066406e+00,3.490492820739746094e+00,-2.015997886657714844e+00,6.252980232238769531e+00,3.654863834381103516e+00,6.302474975585937500e+00,6.945439815521240234e+00,5.919375419616699219e+00,1.045961570739746094e+01,4.933401107788085938e+00
4.560731410980224609e+00,3.473389863967895508e+00,-1.877855539321899414e+00,6.226474761962890625e+00,3.608612060546875000e+00,6.330250263214111328e+00,6.909524440765380859e+00,5.880537986755371094e+00,1.045375442504882812e+01,4.912419795989990234e+00
4.611092567443847656e+00,3.477983474731445312e+00,-1.612741947174072266e+00,6.236801147460937500e+00,3.682595491409301758e+00,6.338068008422851562e+00,6.982072353363037109e+00,5.899639129638671875e+00,1.046595287322998047e+01,4.858548164367675781e+00
4.584742546081542969e+00,3.513697147369384766e+00,-1.569982528686523438e+00,6.282812595367431641e+00,3.692941665649414062e+00,6.345189094543457031e+00,6.929733753204345703e+00,5.913954734802246094e+00,1.047037124633789062e+01,4.920158863067626953e+00
4.508785247802734375e+00,3.430538177490234375e+00,-1.772639989852905273e+00,6.212294578552246094e+00,3.623249530792236328e+00,6.308852195739746094e+00,6.902727127075195312e+00,5.805313587188720703e+00,1.041826248168945312e+01,4.869531631469726562e+00
4.511830329895019531e+00,3.441975116729736328e+00,-1.718801379203796387e+00,6.232438087463378906e+00,3.655451059341430664e+00,6.327187538146972656e+00,6.929997920989990234e+00,5.785976409912109375e+00,1.041818237304687500e+01,4.858033657073974609e+00
4.541341781616210938e+00,3.454945087432861328e+00,-1.898111343383789062e+00,6.218418121337890625e+00,3.610249519348144531e+00,6.312592506408691406e+00,6.878996372222900391e+00,5.841941833496093750e+00,1.042572212219238281e+01,4.885597705841064453e+00
4.590407371520996094e+00,3.498859405517578125e+00,-1.871505498886108398e+00,6.236011505126953125e+00,3.608605861663818359e+00,6.307885169982910156e+00,6.897268772125244141e+00,5.881295204162597656e+00,1.046428108215332031e+01,4.955979824066162109e+00
4.535361289978027344e+00,3.394605636596679688e+00,-1.535187840461730957e+00,6.242927551269531250e+00,3.705514430999755859e+00,6.303447723388671875e+00,6.967125415802001953e+00,5.802403450012207031e+00,1.041747474670410156e+01,4.792044639587402344e+00
4.522449493408203125e+00,3.470802783966064453e+00,-1.490726470947265625e+00,6.266936302185058594e+00,3.701372623443603516e+00,6.358950614929199219e+00,6.930295467376708984e+00,5.863033294677734375e+00,1.046351242065429688e+01,4.871231079101562500e+00
4.730359077453613281e+00,4.602764606475830078e+00,-1.822273731231689453e+00,6.222223281860351562e+00,3.936211109161376953e+00,7.226738929748535156e+00,7.725926876068115234e+00,6.233992576599121094e+00,1.203860473632812500e+01,5.363919258117675781e+00
4.411588668823242188e+00,5.154834270477294922e+00,-1.519620180130004883e+00,5.807619094848632812e+00,4.280077457427978516e+00,8.398384094238281250e+00,7.396826744079589844e+00,7.034377098083496094e+00,1.222390747070312500e+01,5.306245326995849609e+00
4.641351699829101562e+00,4.487035274505615234e+00,-1.276553034782409668e+00,6.270678043365478516e+00,3.786684513092041016e+00,7.207538604736328125e+00,7.937931537628173828e+00,6.398575782775878906e+00,1.217120838165283203e+01,5.306378364562988281e+00
4.669521808624267578e+00,4.819205284118652344e+00,-1.249713420867919922e+00,6.353137969970703125e+00,3.942858457565307617e+00,7.463743209838867188e+00,7.777312755584716797e+00,6.370010375976562500e+00,1.231289863586425781e+01,5.413866043090820312e+00
4.663040637969970703e+00,4.190208911895751953e+00,-1.483875751495361328e+00,6.413408279418945312e+00,3.883563995361328125e+00,6.951942443847656250e+00,7.799014091491699219e+00,6.786492347717285156e+00,1.191089439392089844e+01,5.141026496887207031e+00
4.583682060241699219e+00,4.657894134521484375e+00,-1.195575475692749023e+00,6.173023223876953125e+00,3.938014030456542969e+00,7.563532829284667969e+00,7.734291553497314453e+00,6.688718795776367188e+00,1.219019889831542969e+01,5.328623771667480469e+00
4.669616222381591797e+00,4.196764469146728516e+00,-1.452270030975341797e+00,6.461272239685058594e+00,3.915447950363159180e+00,7.120194435119628906e+00,7.867981910705566406e+00,6.867276191711425781e+00,1.201105594635009766e+01,5.172359466552734375e+00
4.733609199523925781e+00,4.646395683288574219e+00,-1.507961034774780273e+00,6.283587455749511719e+00,3.885220527648925781e+00,7.428260803222656250e+00,7.981128692626953125e+00,6.614253044128417969e+00,1.235202884674072266e+01,5.443002700805664062e+00
4.796955585479736328e+00,5.024106979370117188e+00,-1.483416318893432617e+00,6.088904380798339844e+00,3.848886013031005859e+00,7.306648254394531250e+00,7.730224609375000000e+00,6.782616138458251953e+00,1.250974178314208984e+01,5.567758560180664062e+00
4.702911853790283203e+00,4.505010604858398438e+00,-1.522864460945129395e+00,6.283496379852294922e+00,3.779548645019531250e+00,7.179490089416503906e+00,7.964189052581787109e+00,6.318885803222656250e+00,1.222472381591796875e+01,5.390347480773925781e+00
4.577398300170898438e+00,3.489281892776489258e+00,-1.779480695724487305e+00,6.177895545959472656e+00,3.568062305450439453e+00,6.283810615539550781e+00,6.814405918121337891e+00,5.863360404968261719e+00,1.044280624389648438e+01,4.928015708923339844e+00
4.601133823394775391e+00,3.517074346542358398e+00,-1.851754188537597656e+00,6.217207431793212891e+00,3.611507177352905273e+00,6.342200279235839844e+00,6.893911361694335938e+00,5.875988960266113281e+00,1.047047615051269531e+01,4.977005958557128906e+00
4.630528450012207031e+00,3.541181325912475586e+00,-1.787998557090759277e+00,6.409390449523925781e+00,3.843665599822998047e+00,6.294449806213378906e+00,7.074199199676513672e+00,6.009383201599121094e+00,1.046129035949707031e+01,4.978471279144287109e+00
4.573844909667968750e+00,3.524504899978637695e+00,-1.945171594619750977e+00,6.250156402587890625e+00,3.641993045806884766e+00,6.334133625030517578e+00,6.957578659057617188e+00,5.900936126708984375e+00,1.050370216369628906e+01,4.992791175842285156e+00
4.566686630249023438e+00,3.512974500656127930e+00,-1.952831268310546875e+00,6.234436035156250000e+00,3.618324995040893555e+00,6.313863754272460938e+00,6.942779541015625000e+00,5.888674736022949219e+00,1.048262405395507812e+01,4.967087745666503906e+00
4.564737796783447266e+00,3.473937988281250000e+00,-1.995639324188232422e+00,6.211157798767089844e+00,3.592067003250122070e+00,6.332809448242187500e+00,6.872060298919677734e+00,5.841613769531250000e+00,1.043420410156250000e+01,4.961133480072021484e+00
4.556231498718261719e+00,3.522804260253906250e+00,-1.749897122383117676e+00,6.267405509948730469e+00,3.701631546020507812e+00,6.332199573516845703e+00,6.955445289611816406e+00,5.910815238952636719e+00,1.047073173522949219e+01,4.921043395996093750e+00
4.745170593261718750e+00,4.115224838256835938e+00,-2.598009824752807617e+00,5.871271133422851562e+00,2.895260810852050781e+00,5.974169731140136719e+00,6.516113281250000000e+00,4.362742424011230469e+00,1.031892776489257812e+01,4.526767253875732422e+00
4.667693138122558594e+00,3.576900243759155273e+00,-1.776052236557006836e+00,6.297471046447753906e+00,3.759485721588134766e+00,6.297499179840087891e+00,7.189779758453369141e+00,6.033702850341796875e+00,1.061198425292968750e+01,4.935321807861328125e+00
4.578847885131835938e+00,3.568373203277587891e+00,-1.599192380905151367e+00,6.480950355529785156e+00,3.888783931732177734e+00,6.412400245666503906e+00,7.337071895599365234e+00,6.221669673919677734e+00,1.071399974822998047e+01,4.984761238098144531e+00
4.503593921661376953e+00,4.003520011901855469e+00,-2.441418409347534180e+00,6.109811782836914062e+00,3.822784423828125000e+00,7.083026885986328125e+00,7.279135227203369141e+00,6.313929557800292969e+00,1.153686141967773438e+01,5.155479907989501953e+00
4.379944801330566406e+00,3.832784414291381836e+00,-2.468444824218750000e+00,6.007779121398925781e+00,3.706932783126831055e+00,6.561442852020263672e+00,7.219110012054443359e+00,6.113036155700683594e+00,1.122297096252441406e+01,5.030496597290039062e+00
4.255913257598876953e+00,3.794229030609130859e+00,-2.334988117218017578e+00,6.071781158447265625e+00,4.048238277435302734e+00,6.737195014953613281e+00,7.237860679626464844e+00,6.406769752502441406e+00,1.117509460449218750e+01,4.915415287017822266e+00
4.268428802490234375e+00,3.943850994110107422e+00,-2.443440198898315430e+00,6.033309936523437500e+00,3.986774444580078125e+00,6.683746337890625000e+00,7.194185733795166016e+00,5.982156753540039062e+00,1.116624832153320312e+01,5.028893470764160156e+00
4.539474010467529297e+00,3.434226989746093750e+00,-2.233803510665893555e+00,6.126129627227783203e+00,3.566110610961914062e+00,6.139883041381835938e+00,7.032899379730224609e+00,6.065526008605957031e+00,1.050001525878906250e+01,4.824533462524414062e+00
4.172999382019042969e+00,2.682496070861816406e+00,-9.066796898841857910e-01,4.563036918640136719e+00,3.778342723846435547e+00,3.823192596435546875e+00,3.500788927078247070e+00,6.671511650085449219e+00,1.100673103332519531e+01,3.622441768646240234e+00
4.208752155303955078e+00,3.327445983886718750e+00,-2.108591079711914062e+00,6.045813560485839844e+00,3.874783754348754883e+00,6.049078941345214844e+00,7.018861770629882812e+00,5.853898525238037109e+00,1.042717266082763672e+01,4.806774139404296875e+00
4.530844688415527344e+00,3.411995410919189453e+00,-2.118471145629882812e+00,6.196718215942382812e+00,3.646785259246826172e+00,6.183595657348632812e+00,7.014839172363281250e+00,5.963240146636962891e+00,1.043655395507812500e+01,4.865101814270019531e+00
3.993901968002319336e+00,3.310071468353271484e+00,-1.950784206390380859e+00,5.906210899353027344e+00,4.214907169342041016e+00,6.572521209716796875e+00,6.515639305114746094e+00,6.063828468322753906e+00,1.053882312774658203e+01,4.648333549499511719e+00
4.564125061035156250e+00,3.418538570404052734e+00,-2.110383272171020508e+00,6.220473289489746094e+00,3.572044134140014648e+00,6.232528686523437500e+00,6.905627727508544922e+00,5.919463157653808594e+00,1.039729690551757812e+01,4.888237953186035156e+00
4.608923912048339844e+00,4.245335578918457031e+00,-1.357957720756530762e+00,6.408109188079833984e+00,3.848079442977905273e+00,7.055547714233398438e+00,7.674945831298828125e+00,6.685332298278808594e+00,1.189808082580566406e+01,5.152637481689453125e+00
4.604950904846191406e+00,4.238441467285156250e+00,-1.384137630462646484e+00,6.412656784057617188e+00,3.852327823638916016e+00,7.020812034606933594e+00,7.679560184478759766e+00,6.691174983978271484e+00,1.188096618652343750e+01,5.151426315307617188e+00
4.633526325225830078e+00,4.115812301635742188e+00,-1.495775818824768066e+00,6.471458435058593750e+00,3.937895298004150391e+00,7.095479965209960938e+00,7.521217823028564453e+00,6.938837528228759766e+00,1.176350975036621094e+01,5.130493164062500000e+00
4.665434360504150391e+00,4.065577030181884766e+00,-1.584311366081237793e+00,6.446742057800292969e+00,3.988112926483154297e+00,7.256583213806152344e+00,7.375771045684814453e+00,7.109174251556396484e+00,1.177795410156250000e+01,5.067561149597167969e+00
4.621598243713378906e+00,4.211413383483886719e+00,-1.400450825691223145e+00,6.434353828430175781e+00,3.895519018173217773e+00,7.143658638000488281e+00,7.602287769317626953e+00,6.849674224853515625e+00,1.187124633789062500e+01,5.158700942993164062e+00
4.615442276000976562e+00,4.027982234954833984e+00,-1.590549468994140625e+00,6.429923057556152344e+00,3.968044281005859375e+00,7.261735916137695312e+00,7.299482822418212891e+00,7.036852359771728516e+00,1.167767143249511719e+01,5.076340675354003906e+00
4.648690223693847656e+00,4.112174510955810547e+00,-1.523990511894226074e+00,6.443659782409667969e+00,3.960782051086425781e+00,7.154018402099609375e+00,7.452983379364013672e+00,6.958394050598144531e+00,1.176289176940917969e+01,5.116782188415527344e+00
4.609091281890869141e+00,4.196864128112792969e+00,-1.454097867012023926e+00,6.393748283386230469e+00,3.856436967849731445e+00,7.024268627166748047e+00,7.558840751647949219e+00,6.738509178161621094e+00,1.183129310607910156e+01,5.138598918914794922e+00
4.644164085388183594e+00,4.083657741546630859e+00,-1.527590036392211914e+00,6.428184509277343750e+00,3.926999568939208984e+00,7.049520492553710938e+00,7.443174839019775391e+00,6.878912448883056641e+00,1.171358203887939453e+01,5.110390186309814453e+00
4.629474163055419922e+00,4.105478286743164062e+00,-1.516383290290832520e+00,6.465252876281738281e+00,3.955972194671630859e+00,7.125431060791015625e+00,7.517965793609619141e+00,6.953653335571289062e+00,1.175510597229003906e+01,5.117775917053222656e+00
4.655647754669189453e+00,4.025416374206542969e+00,-1.646297454833984375e+00,6.411090850830078125e+00,3.976660490036010742e+00,7.243288993835449219e+00,7.335289478302001953e+00,7.085433006286621094e+00,1.173442077636718750e+01,5.047565460205078125e+00
4.648620605468750000e+00,4.041062355041503906e+00,-1.680972933769226074e+00,6.423748493194580078e+00,3.989120006561279297e+00,7.263194084167480469e+00,7.337733745574951172e+00,7.088424682617187500e+00,1.174054718017578125e+01,5.053853988647460938e+00
4.653699874877929688e+00,4.024341106414794922e+00,-1.689814329147338867e+00,6.419575691223144531e+00,3.984808921813964844e+00,7.246006011962890625e+00,7.327373981475830078e+00,7.070233821868896484e+00,1.172005748748779297e+01,5.040672302246093750e+00
4.671879768371582031e+00,4.030936717987060547e+00,-1.685549855232238770e+00,6.430994987487792969e+00,3.997311830520629883e+00,7.251766204833984375e+00,7.341845035552978516e+00,7.072307586669921875e+00,1.173345947265625000e+01,5.041543483734130859e+00
4.649448394775390625e+00,4.052267074584960938e+00,-1.667556524276733398e+00,6.436876773834228516e+00,3.993690490722656250e+00,7.278317451477050781e+00,7.352323055267333984e+00,7.103713035583496094e+00,1.175757122039794922e+01,5.062067985534667969e+00
4.671046257019042969e+00,4.067417144775390625e+00,-1.645426034927368164e+00,6.453434467315673828e+00,4.011180400848388672e+00,7.295152664184570312e+00,7.385430812835693359e+00,7.119198799133300781e+00,1.178953266143798828e+01,5.075046539306640625e+00
4.633889198303222656e+00,4.048876762390136719e+00,-1.609179377555847168e+00,6.424877166748046875e+00,3.973619461059570312e+00,7.276196479797363281e+00,7.339338779449462891e+00,7.131326198577880859e+00,1.176415157318115234e+01,5.075294494628906250e+00
4.664617538452148438e+00,4.051301956176757812e+00,-1.660556316375732422e+00,6.416473865509033203e+00,3.994696617126464844e+00,7.256651878356933594e+00,7.354086399078369141e+00,7.096831798553466797e+00,1.175832176208496094e+01,5.068823814392089844e+00
4.647231578826904297e+00,4.002612113952636719e+00,-1.574625849723815918e+00,6.397328376770019531e+00,3.952788829803466797e+00,7.147322654724121094e+00,7.363506317138671875e+00,7.038125991821289062e+00,1.167735385894775391e+01,5.066529273986816406e+00
4.639550209045410156e+00,3.994817256927490234e+00,-1.583427906036376953e+00,6.399484634399414062e+00,3.945119142532348633e+00,7.164333343505859375e+00,7.332225799560546875e+00,7.052937507629394531e+00,1.168565273284912109e+01,5.061919689178466797e+00
4.531857967376708984e+00,3.515341043472290039e+00,-1.779982089996337891e+00,6.331277847290039062e+00,3.736870527267456055e+00,6.296190261840820312e+00,6.962831497192382812e+00,5.991804122924804688e+00,1.044734668731689453e+01,4.957956314086914062e+00
4.547237873077392578e+00,3.543311119079589844e+00,-1.794942736625671387e+00,6.450261116027832031e+00,3.880534887313842773e+00,6.377154350280761719e+00,7.207139492034912109e+00,6.164721488952636719e+00,1.064296817779541016e+01,5.006158351898193359e+00
4.633930206298828125e+00,3.319823741912841797e+00,-1.732586741447448730e+00,7.045854568481445312e+00,4.146730422973632812e+00,7.328926086425781250e+00,7.167500019073486328e+00,5.873810291290283203e+00,1.030449581146240234e+01,5.364557266235351562e+00
4.530777931213378906e+00,3.542157649993896484e+00,-1.782858014106750488e+00,6.305355072021484375e+00,3.742694616317749023e+00,6.260809898376464844e+00,6.968803405761718750e+00,5.998800277709960938e+00,1.046849441528320312e+01,4.944875717163085938e+00
4.640947818756103516e+00,3.652392148971557617e+00,-1.509479761123657227e+00,6.516859054565429688e+00,4.035632133483886719e+00,6.636621475219726562e+00,7.479967117309570312e+00,6.626856803894042969e+00,1.118443298339843750e+01,4.965356826782226562e+00
4.583543777465820312e+00,3.769380569458007812e+00,-1.679973363876342773e+00,6.413401603698730469e+00,3.916054010391235352e+00,6.659152030944824219e+00,7.298975944519042969e+00,6.434978961944580078e+00,1.113841819763183594e+01,4.979031562805175781e+00
4.566150188446044922e+00,3.430901527404785156e+00,-1.789039492607116699e+00,6.427893638610839844e+00,3.917023181915283203e+00,6.464771270751953125e+00,7.197389125823974609e+00,6.263257026672363281e+00,1.072830295562744141e+01,4.971519470214843750e+00
4.610747337341308594e+00,3.734580516815185547e+00,-1.658234119415283203e+00,6.459239006042480469e+00,3.947709798812866211e+00,6.637438774108886719e+00,7.348990440368652344e+00,6.460646629333496094e+00,1.111675548553466797e+01,4.963795185089111328e+00
4.611834526062011719e+00,3.773291110992431641e+00,-1.743676185607910156e+00,6.423101902008056641e+00,3.982968568801879883e+00,6.727242469787597656e+00,7.326961994171142578e+00,6.609633445739746094e+00,1.126457786560058594e+01,4.953878879547119141e+00
4.653737545013427734e+00,3.546530961990356445e+00,-1.504274010658264160e+00,6.597641468048095703e+00,4.055020332336425781e+00,6.508147716522216797e+00,7.493560791015625000e+00,6.493278980255126953e+00,1.087952804565429688e+01,5.001566410064697266e+00
4.659408569335937500e+00,4.087018013000488281e+00,-1.606281638145446777e+00,6.432213783264160156e+00,3.998346328735351562e+00,7.280514717102050781e+00,7.399561405181884766e+00,7.147730827331542969e+00,1.180924701690673828e+01,5.094117164611816406e+00
4.657247066497802734e+00,4.064683437347412109e+00,-1.606894016265869141e+00,6.404767990112304688e+00,3.985002279281616211e+00,7.252825736999511719e+00,7.361558437347412109e+00,7.121731758117675781e+00,1.177372550964355469e+01,5.089439392089843750e+00
4.644879341125488281e+00,4.048213481903076172e+00,-1.623081922531127930e+00,6.404936313629150391e+00,3.978311061859130859e+00,7.238312721252441406e+00,7.353085041046142578e+00,7.105225563049316406e+00,1.174994468688964844e+01,5.080700874328613281e+00
4.657889366149902344e+00,4.089177131652832031e+00,-1.595291495323181152e+00,6.420314788818359375e+00,3.987727403640747070e+00,7.255399703979492188e+00,7.402876377105712891e+00,7.136844635009765625e+00,1.179878234863281250e+01,5.100145339965820312e+00
4.641738891601562500e+00,4.059820175170898438e+00,-1.606886386871337891e+00,6.411485671997070312e+00,3.967296123504638672e+00,7.227375030517578125e+00,7.383039951324462891e+00,7.124712944030761719e+00,1.176852035522460938e+01,5.080516815185546875e+00
4.636924743652343750e+00,4.053658962249755859e+00,-1.606664419174194336e+00,6.389262199401855469e+00,3.954643487930297852e+00,7.201510429382324219e+00,7.381698608398437500e+00,7.102937698364257812e+00,1.175449180603027344e+01,5.084578514099121094e+00
4.630285739898681641e+00,4.069152832031250000e+00,-1.557497739791870117e+00,6.423204421997070312e+00,3.955498695373535156e+00,7.192331314086914062e+00,7.481081008911132812e+00,7.043804168701171875e+00,1.175399875640869141e+01,5.102611541748046875e+00
4.650242805480957031e+00,4.094360351562500000e+00,-1.587969541549682617e+00,6.423584461212158203e+00,3.982318401336669922e+00,7.253482818603515625e+00,7.400143623352050781e+00,7.127324104309082031e+00,1.179411029815673828e+01,5.098905086517333984e+00
4.614846706390380859e+00,4.032619476318359375e+00,-1.550436496734619141e+00,6.416017532348632812e+00,3.947860717773437500e+00,7.204018592834472656e+00,7.449413776397705078e+00,7.032867431640625000e+00,1.169991970062255859e+01,5.093671798706054688e+00
4.656595230102539062e+00,4.034064769744873047e+00,-1.539568543434143066e+00,6.429401874542236328e+00,3.968875169754028320e+00,7.169598579406738281e+00,7.459135055541992188e+00,7.045083045959472656e+00,1.170754241943359375e+01,5.089602470397949219e+00
4.700105190277099609e+00,4.024430274963378906e+00,-1.670511603355407715e+00,6.443330764770507812e+00,4.024440288543701172e+00,7.220263481140136719e+00,7.402711391448974609e+00,7.058093070983886719e+00,1.173979854583740234e+01,5.063475131988525391e+00
4.700075626373291016e+00,4.038963794708251953e+00,-1.707070231437683105e+00,6.436372280120849609e+00,4.032840728759765625e+00,7.253907203674316406e+00,7.401431560516357422e+00,7.090227603912353516e+00,1.176004409790039062e+01,5.065099716186523438e+00
4.705690860748291016e+00,4.025446414947509766e+00,-1.648858308792114258e+00,6.459182739257812500e+00,4.035359859466552734e+00,7.210547447204589844e+00,7.480582237243652344e+00,7.084890365600585938e+00,1.178419780731201172e+01,5.060558795928955078e+00
4.689361095428466797e+00,4.042143821716308594e+00,-1.733236312866210938e+00,6.415282249450683594e+00,4.025614261627197266e+00,7.225909233093261719e+00,7.395657062530517578e+00,7.092375755310058594e+00,1.174934005737304688e+01,5.077915191650390625e+00
4.700513839721679688e+00,4.044151306152343750e+00,-1.690189480781555176e+00,6.451197624206542969e+00,4.040073394775390625e+00,7.273414611816406250e+00,7.406370639801025391e+00,7.091039657592773438e+00,1.177425003051757812e+01,5.061619758605957031e+00
4.700997352600097656e+00,4.035869598388671875e+00,-1.675496935844421387e+00,6.443018436431884766e+00,4.029264926910400391e+00,7.220306396484375000e+00,7.422823429107666016e+00,7.076388359069824219e+00,1.175699424743652344e+01,5.075770378112792969e+00
4.695115089416503906e+00,4.037017822265625000e+00,-1.695767164230346680e+00,6.437006950378417969e+00,4.024690151214599609e+00,7.262035369873046875e+00,7.384107589721679688e+00,7.083446502685546875e+00,1.175714015960693359e+01,5.051303863525390625e+00
4.698954582214355469e+00,4.042386054992675781e+00,-1.707431554794311523e+00,6.439394474029541016e+00,4.030604839324951172e+00,7.261861801147460938e+00,7.389399528503417969e+00,7.081962108612060547e+00,1.175793075561523438e+01,5.058576583862304688e+00
4.693614006042480469e+00,4.008888244628906250e+00,-1.645671844482421875e+00,6.444374084472656250e+00,4.014736175537109375e+00,7.153565406799316406e+00,7.464377403259277344e+00,7.045542716979980469e+00,1.174668693542480469e+01,5.062428951263427734e+00
4.687210083007812500e+00,4.027871608734130859e+00,-1.705646157264709473e+00,6.422506332397460938e+00,4.028209686279296875e+00,7.200976371765136719e+00,7.409669876098632812e+00,7.067298889160156250e+00,1.172549057006835938e+01,5.081271171569824219e+00
4.615143299102783203e+00,4.180756568908691406e+00,-1.389488458633422852e+00,6.398355484008789062e+00,3.878531932830810547e+00,7.169772148132324219e+00,7.518250465393066406e+00,6.867166996002197266e+00,1.183321571350097656e+01,5.107488155364990234e+00
4.614112854003906250e+00,4.241185188293457031e+00,-1.351094365119934082e+00,6.429632186889648438e+00,3.872755289077758789e+00,7.116706848144531250e+00,7.668974399566650391e+00,6.761899471282958984e+00,1.189303970336914062e+01,5.160423278808593750e+00
4.630192279815673828e+00,4.190294265747070312e+00,-1.440482139587402344e+00,6.433357238769531250e+00,3.924255847930908203e+00,7.206206321716308594e+00,7.533757686614990234e+00,6.937709808349609375e+00,1.185586738586425781e+01,5.143299102783203125e+00
4.683534622192382812e+00,4.642384052276611328e+00,-9.624315500259399414e-01,6.232416152954101562e+00,3.745299577713012695e+00,7.128377914428710938e+00,7.891434669494628906e+00,6.127585411071777344e+00,1.224044322967529297e+01,5.276535987854003906e+00
4.631306171417236328e+00,4.217996597290039062e+00,-1.405695557594299316e+00,6.421014308929443359e+00,3.903260946273803711e+00,7.198464393615722656e+00,7.559101581573486328e+00,6.898167610168457031e+00,1.188096332550048828e+01,5.151040554046630859e+00
4.604008674621582031e+00,4.279147148132324219e+00,-1.317871212959289551e+00,6.421069145202636719e+00,3.851165294647216797e+00,7.087594985961914062e+00,7.761046409606933594e+00,6.665499687194824219e+00,1.193870735168457031e+01,5.164979934692382812e+00
4.605113029479980469e+00,4.245388507843017578e+00,-1.327080249786376953e+00,6.415285110473632812e+00,3.847984313964843750e+00,7.093311309814453125e+00,7.696400642395019531e+00,6.699462890625000000e+00,1.190077781677246094e+01,5.148484230041503906e+00
4.595413684844970703e+00,4.284243583679199219e+00,-1.302202701568603516e+00,6.409851074218750000e+00,3.840554952621459961e+00,7.135328292846679688e+00,7.716862678527832031e+00,6.687537193298339844e+00,1.193934822082519531e+01,5.163896083831787109e+00
4.653915882110595703e+00,4.089795112609863281e+00,-1.620642662048339844e+00,6.470973968505859375e+00,4.002532482147216797e+00,7.322999000549316406e+00,7.372860431671142578e+00,7.121806144714355469e+00,1.179193782806396484e+01,5.069091320037841797e+00
4.606873989105224609e+00,4.260355949401855469e+00,-1.327769756317138672e+00,6.423873424530029297e+00,3.856208562850952148e+00,7.111696243286132812e+00,7.717306613922119141e+00,6.712134361267089844e+00,1.192047595977783203e+01,5.161487579345703125e+00
4.431097984313964844e+00,3.942190885543823242e+00,-1.889185547828674316e+00,6.709268569946289062e+00,4.223499774932861328e+00,7.120951652526855469e+00,7.430188179016113281e+00,6.303958892822265625e+00,1.104891204833984375e+01,5.082557678222656250e+00
4.752395153045654297e+00,4.226464271545410156e+00,-1.700510621070861816e+00,6.525262832641601562e+00,4.098982334136962891e+00,7.340097427368164062e+00,7.387369632720947266e+00,6.932827472686767578e+00,1.177187633514404297e+01,5.039225578308105469e+00
4.517987728118896484e+00,3.537408828735351562e+00,-1.682763814926147461e+00,6.399662017822265625e+00,3.986678361892700195e+00,6.601189136505126953e+00,7.389309883117675781e+00,6.647512435913085938e+00,1.121691703796386719e+01,4.887559890747070312e+00
4.646284580230712891e+00,4.030921936035156250e+00,-1.554912209510803223e+00,6.440878868103027344e+00,3.960104227066040039e+00,7.094361305236816406e+00,7.431236743927001953e+00,6.985725402832031250e+00,1.168825531005859375e+01,5.107801437377929688e+00
4.644110202789306641e+00,3.875570058822631836e+00,-1.614194154739379883e+00,6.512151718139648438e+00,4.075070381164550781e+00,7.008137702941894531e+00,7.495985507965087891e+00,6.885610580444335938e+00,1.149765396118164062e+01,5.063480377197265625e+00
4.693547248840332031e+00,4.067270755767822266e+00,-1.610840559005737305e+00,6.451457023620605469e+00,4.008267402648925781e+00,7.288761138916015625e+00,7.374485015869140625e+00,7.109241962432861328e+00,1.178779220581054688e+01,5.061990737915039062e+00
4.690779685974121094e+00,4.031893730163574219e+00,-1.697225928306579590e+00,6.424451828002929688e+00,4.027104854583740234e+00,7.256614685058593750e+00,7.367655277252197266e+00,7.084456443786621094e+00,1.174908256530761719e+01,5.068241119384765625e+00
4.694974899291992188e+00,4.071827411651611328e+00,-1.581484913825988770e+00,6.452609539031982422e+00,4.010719299316406250e+00,7.285361289978027344e+00,7.361446857452392578e+00,7.098444938659667969e+00,1.178454399108886719e+01,5.064734935760498047e+00
4.562493324279785156e+00,3.668371438980102539e+00,-1.554743647575378418e+00,6.401858329772949219e+00,3.960093975067138672e+00,6.647745609283447266e+00,7.442987918853759766e+00,6.715068817138671875e+00,1.124229145050048828e+01,4.944296836853027344e+00
4.617589473724365234e+00,3.849890947341918945e+00,-1.563846826553344727e+00,6.479181289672851562e+00,4.000518321990966797e+00,6.887445449829101562e+00,7.445553779602050781e+00,6.839802742004394531e+00,1.145008277893066406e+01,5.056697845458984375e+00
4.686100482940673828e+00,4.082245826721191406e+00,-1.617158055305480957e+00,6.444918632507324219e+00,4.021121501922607422e+00,7.292984008789062500e+00,7.399424076080322266e+00,7.138634681701660156e+00,1.180659675598144531e+01,5.086926460266113281e+00
4.666921138763427734e+00,4.031661033630371094e+00,-1.641923904418945312e+00,6.444872379302978516e+00,4.010785579681396484e+00,7.239934921264648438e+00,7.377486705780029297e+00,7.101154804229736328e+00,1.175622081756591797e+01,5.082746505737304688e+00
4.704323291778564453e+00,4.098999977111816406e+00,-1.580124497413635254e+00,6.480089664459228516e+00,4.037914752960205078e+00,7.253776550292968750e+00,7.419679164886474609e+00,7.066076278686523438e+00,1.180091094970703125e+01,5.110424995422363281e+00
4.698436737060546875e+00,4.079966545104980469e+00,-1.585087299346923828e+00,6.465748310089111328e+00,4.025277137756347656e+00,7.266489028930664062e+00,7.400424480438232422e+00,7.100427150726318359e+00,1.179032993316650391e+01,5.095673084259033203e+00
4.699213981628417969e+00,4.117587089538574219e+00,-1.576108813285827637e+00,6.489600658416748047e+00,4.029698848724365234e+00,7.181295394897460938e+00,7.473178386688232422e+00,7.016541004180908203e+00,1.179462242126464844e+01,5.150174617767333984e+00
4.698369503021240234e+00,4.094414234161376953e+00,-1.599189400672912598e+00,6.474240303039550781e+00,4.035365104675292969e+00,7.248823165893554688e+00,7.441543102264404297e+00,7.090540885925292969e+00,1.180155181884765625e+01,5.111680984497070312e+00
4.698677062988281250e+00,4.073998451232910156e+00,-1.564735412597656250e+00,6.458198547363281250e+00,4.011380195617675781e+00,7.145434379577636719e+00,7.388071537017822266e+00,6.941817283630371094e+00,1.172516059875488281e+01,5.123001575469970703e+00
4.676601409912109375e+00,4.043508529663085938e+00,-1.613917112350463867e+00,6.462580204010009766e+00,4.011795043945312500e+00,7.195868492126464844e+00,7.447376728057861328e+00,7.068204879760742188e+00,1.176678657531738281e+01,5.091485500335693359e+00
4.684820652008056641e+00,4.126187801361083984e+00,-1.606701970100402832e+00,6.477126121520996094e+00,4.034057617187500000e+00,7.218708992004394531e+00,7.388323307037353516e+00,6.996851921081542969e+00,1.177854537963867188e+01,5.157555580139160156e+00
4.705003261566162109e+00,4.054343223571777344e+00,-1.634024500846862793e+00,6.460292816162109375e+00,4.039947032928466797e+00,7.246060371398925781e+00,7.451998710632324219e+00,7.116997241973876953e+00,1.180215263366699219e+01,5.094525337219238281e+00
4.544214725494384766e+00,3.824074268341064453e+00,-1.185693144798278809e+00,6.331778526306152344e+00,4.172979831695556641e+00,7.030816078186035156e+00,7.410758018493652344e+00,5.712762832641601562e+00,1.040919113159179688e+01,5.084387302398681641e+00
4.354753971099853516e+00,4.695769309997558594e+00,-1.601912975311279297e+00,5.442875385284423828e+00,4.616448402404785156e+00,7.215854644775390625e+00,6.429669857025146484e+00,5.375466823577880859e+00,1.174432182312011719e+01,4.708370208740234375e+00
4.612222671508789062e+00,3.712874174118041992e+00,-1.505620837211608887e+00,6.469109058380126953e+00,3.854516744613647461e+00,6.377629280090332031e+00,7.287080287933349609e+00,5.970026969909667969e+00,1.053602504730224609e+01,5.000709533691406250e+00
4.248117446899414062e+00,2.779487609863281250e+00,-1.038743853569030762e+00,4.734411239624023438e+00,3.868123292922973633e+00,3.865375518798828125e+00,3.824707746505737305e+00,6.394497394561767578e+00,1.101862907409667969e+01,3.706758022308349609e+00
4.643078327178955078e+00,5.086617469787597656e+00,-1.269585251808166504e+00,4.920480251312255859e+00,5.217066764831542969e+00,7.266640663146972656e+00,5.323351383209228516e+00,5.298968791961669922e+00,1.235406494140625000e+01,4.661108970642089844e+00
4.469104290008544922e+00,3.957410097122192383e+00,-1.122358918190002441e+00,4.473391056060791016e+00,4.294378280639648438e+00,6.016762733459472656e+00,3.611321210861206055e+00,5.403873443603515625e+00,1.165252113342285156e+01,3.962074041366577148e+00
4.589175701141357422e+00,4.022022247314453125e+00,-9.079704880714416504e-01,5.344820976257324219e+00,4.235734462738037109e+00,6.299221515655517578e+00,5.555890560150146484e+00,5.190055847167968750e+00,1.144722843170166016e+01,4.245699882507324219e+00
4.532810211181640625e+00,4.195546627044677734e+00,-9.810909032821655273e-01,5.166835784912109375e+00,4.516625881195068359e+00,6.380811691284179688e+00,5.094738483428955078e+00,5.214950561523437500e+00,1.177949523925781250e+01,4.187261581420898438e+00
4.487762451171875000e+00,4.763071060180664062e+00,-1.400915980339050293e+00,5.148386955261230469e+00,4.574871063232421875e+00,7.508797645568847656e+00,6.167139530181884766e+00,5.614714622497558594e+00,1.191869735717773438e+01,4.727232933044433594e+00
4.426861286163330078e+00,3.630622625350952148e+00,-1.752446889877319336e+00,6.054615020751953125e+00,3.458873987197875977e+00,6.494105339050292969e+00,6.721003055572509766e+00,5.030865192413330078e+00,1.008621788024902344e+01,4.568153381347656250e+00
4.454388618469238281e+00,3.383850097656250000e+00,-2.558055400848388672e+00,5.719857692718505859e+00,3.538183450698852539e+00,5.641520500183105469e+00,5.732906818389892578e+00,5.298230171203613281e+00,1.068439292907714844e+01,4.885853767395019531e+00
4.543020248413085938e+00,3.536102056503295898e+00,-1.606134891510009766e+00,5.234485149383544922e+00,3.254308223724365234e+00,4.638639926910400391e+00,4.638877868652343750e+00,5.571752548217773438e+00,1.108718872070312500e+01,4.389780521392822266e+00
4.497355937957763672e+00,3.279019832611083984e+00,-1.148556232452392578e+00,4.749894618988037109e+00,4.119661331176757812e+00,5.274115562438964844e+00,4.146210670471191406e+00,5.012725830078125000e+00,1.116562271118164062e+01,4.499942779541015625e+00
4.421037197113037109e+00,3.027198314666748047e+00,-1.431906223297119141e+00,4.844445228576660156e+00,4.129282474517822266e+00,4.712558746337890625e+00,4.331696510314941406e+00,4.869813919067382812e+00,1.112747955322265625e+01,4.598875045776367188e+00
4.328654289245605469e+00,2.838459253311157227e+00,-2.482644081115722656e+00,5.545634269714355469e+00,3.674811124801635742e+00,5.577835083007812500e+00,5.959646224975585938e+00,5.075524330139160156e+00,1.041625976562500000e+01,4.810356140136718750e+00
4.954517841339111328e+00,3.056098937988281250e+00,-1.981788635253906250e+00,4.715801239013671875e+00,1.749300241470336914e+00,5.201768875122070312e+00,3.030077934265136719e+00,5.228850841522216797e+00,1.106925964355468750e+01,4.550434112548828125e+00
4.607496261596679688e+00,3.407532215118408203e+00,-1.952252149581909180e+00,5.827671051025390625e+00,3.460494756698608398e+00,6.029580593109130859e+00,6.925782680511474609e+00,5.811224937438964844e+00,1.055568122863769531e+01,4.748757362365722656e+00
4.538418769836425781e+00,3.339973449707031250e+00,-1.787349939346313477e+00,6.121072292327880859e+00,3.562826156616210938e+00,6.304080009460449219e+00,6.930900096893310547e+00,5.826789855957031250e+00,1.039030742645263672e+01,4.817464828491210938e+00
4.354995727539062500e+00,3.533258914947509766e+00,-1.369567394256591797e+00,6.149923801422119141e+00,3.990975379943847656e+00,7.057514190673828125e+00,6.897172927856445312e+00,5.704455375671386719e+00,1.033196067810058594e+01,4.894732475280761719e+00
4.418318271636962891e+00,3.554838418960571289e+00,-1.518914699554443359e+00,6.109235763549804688e+00,3.723363637924194336e+00,6.742202758789062500e+00,6.886049270629882812e+00,5.570942401885986328e+00,1.049186897277832031e+01,4.946039199829101562e+00
3.750065565109252930e+00,4.628073692321777344e+00,-2.852734804153442383e+00,6.583223819732666016e+00,3.305518150329589844e+00,7.012212276458740234e+00,7.469398975372314453e+00,3.761938095092773438e+00,9.722740173339843750e+00,4.528962135314941406e+00
4.597496986389160156e+00,3.520024776458740234e+00,-1.592939496040344238e+00,6.960442543029785156e+00,3.918771266937255859e+00,7.241493225097656250e+00,7.301909446716308594e+00,5.505746364593505859e+00,1.030475425720214844e+01,5.295220375061035156e+00
4.665504932403564453e+00,3.301875352859497070e+00,-1.131070852279663086e+00,7.122228622436523438e+00,4.233023166656494141e+00,7.894124984741210938e+00,6.700379371643066406e+00,5.716949462890625000e+00,1.037789344787597656e+01,5.613829135894775391e+00
4.887724876403808594e+00,3.373437881469726562e+00,-1.157748579978942871e+00,6.941173553466796875e+00,4.004297256469726562e+00,6.912069797515869141e+00,7.284863471984863281e+00,6.349442481994628906e+00,1.052078628540039062e+01,5.214945793151855469e+00
4.570725917816162109e+00,3.145911693572998047e+00,-1.958466649055480957e+00,5.972167968750000000e+00,3.585607051849365234e+00,6.288258552551269531e+00,6.648487567901611328e+00,6.454263687133789062e+00,1.066844463348388672e+01,4.625536918640136719e+00
4.628804206848144531e+00,3.431027650833129883e+00,-1.692870140075683594e+00,6.489809513092041016e+00,3.764742374420166016e+00,6.379438877105712891e+00,7.106506824493408203e+00,6.102936744689941406e+00,1.045717811584472656e+01,4.995131015777587891e+00
4.551461696624755859e+00,3.547565937042236328e+00,-1.945012807846069336e+00,6.328462600708007812e+00,3.693164348602294922e+00,6.372751712799072266e+00,6.984157085418701172e+00,5.958309173583984375e+00,1.049390220642089844e+01,5.006983757019042969e+00
4.579630851745605469e+00,3.479159355163574219e+00,-2.074288845062255859e+00,6.275288581848144531e+00,3.667540311813354492e+00,6.344574928283691406e+00,7.099924087524414062e+00,5.974773883819580078e+00,1.053191757202148438e+01,4.927159309387207031e+00
4.829424381256103516e+00,3.325276851654052734e+00,-1.428267598152160645e+00,7.084786415100097656e+00,4.134046077728271484e+00,7.444654464721679688e+00,7.044261455535888672e+00,6.188379764556884766e+00,1.057097625732421875e+01,5.460681915283203125e+00
4.605157852172851562e+00,3.467318534851074219e+00,-1.981040000915527344e+00,6.428215980529785156e+00,3.788096904754638672e+00,6.495369911193847656e+00,7.276000022888183594e+00,6.114488601684570312e+00,1.063418388366699219e+01,4.990790367126464844e+00
4.607456684112548828e+00,3.337758064270019531e+00,-1.577643156051635742e+00,6.412193298339843750e+00,3.963404178619384766e+00,6.462013721466064453e+00,7.458615303039550781e+00,6.616101264953613281e+00,1.084766197204589844e+01,4.807468414306640625e+00
4.606401920318603516e+00,3.627256631851196289e+00,-1.394818782806396484e+00,6.564321517944335938e+00,4.031718730926513672e+00,6.572444915771484375e+00,7.606520175933837891e+00,6.236985683441162109e+00,1.068328666687011719e+01,5.023151397705078125e+00
4.633316993713378906e+00,3.796021699905395508e+00,-1.658159732818603516e+00,6.372922897338867188e+00,4.001845359802246094e+00,6.668934822082519531e+00,7.279283523559570312e+00,6.654154777526855469e+00,1.128068542480468750e+01,5.008719921112060547e+00
4.630892753601074219e+00,3.854993581771850586e+00,-1.702443003654479980e+00,6.346224784851074219e+00,4.007035732269287109e+00,6.859673500061035156e+00,7.238028526306152344e+00,6.760978221893310547e+00,1.139634132385253906e+01,5.029700279235839844e+00
4.580321311950683594e+00,3.714473009109497070e+00,-1.637518525123596191e+00,6.342721462249755859e+00,4.013652324676513672e+00,6.547547340393066406e+00,7.240427494049072266e+00,6.592379570007324219e+00,1.115452480316162109e+01,4.981790065765380859e+00
4.620180606842041016e+00,3.706017017364501953e+00,-1.664681196212768555e+00,6.385277748107910156e+00,3.934014081954956055e+00,6.514987945556640625e+00,7.172924518585205078e+00,6.437565326690673828e+00,1.103692626953125000e+01,5.004882812500000000e+00
4.680700302124023438e+00,3.605577945709228516e+00,-1.365212798118591309e+00,6.479395866394042969e+00,3.947350502014160156e+00,6.276937961578369141e+00,7.449406623840332031e+00,6.069074630737304688e+00,1.051983833312988281e+01,4.928960800170898438e+00
4.609036922454833984e+00,3.700170516967773438e+00,-1.653177976608276367e+00,6.382109165191650391e+00,3.936049461364746094e+00,6.460677146911621094e+00,7.211420059204101562e+00,6.463304519653320312e+00,1.103053283691406250e+01,5.007036209106445312e+00
4.640780925750732422e+00,3.628592491149902344e+00,-1.574090480804443359e+00,6.427607059478759766e+00,3.863282918930053711e+00,6.342085838317871094e+00,7.120070457458496094e+00,6.170851707458496094e+00,1.071637725830078125e+01,5.002233505249023438e+00
4.602998733520507812e+00,3.718882560729980469e+00,-1.685783505439758301e+00,6.359045982360839844e+00,3.932232856750488281e+00,6.505112171173095703e+00,7.165983200073242188e+00,6.425433158874511719e+00,1.103878974914550781e+01,5.004957199096679688e+00
4.413231849670410156e+00,4.560363292694091797e+00,-2.234151840209960938e+00,6.338315010070800781e+00,4.723660469055175781e+00,6.012863159179687500e+00,6.195077896118164062e+00,5.139667510986328125e+00,1.087758064270019531e+01,5.003142356872558594e+00
4.369331359863281250e+00,4.529723167419433594e+00,-2.347045183181762695e+00,6.339270591735839844e+00,4.637794017791748047e+00,6.021185874938964844e+00,6.164396286010742188e+00,5.084720611572265625e+00,1.079431343078613281e+01,4.978737831115722656e+00
4.496541976928710938e+00,4.098503112792968750e+00,-1.894119739532470703e+00,6.413791179656982422e+00,4.257131576538085938e+00,7.444598197937011719e+00,7.197876453399658203e+00,6.589180946350097656e+00,1.151270294189453125e+01,5.202725410461425781e+00
4.446372985839843750e+00,3.835281848907470703e+00,-1.904108762741088867e+00,6.355017662048339844e+00,4.145853996276855469e+00,7.190875053405761719e+00,7.126574516296386719e+00,6.404385566711425781e+00,1.114594078063964844e+01,5.133797168731689453e+00
4.399322509765625000e+00,3.893837690353393555e+00,-1.674784421920776367e+00,5.919673442840576172e+00,3.327710866928100586e+00,6.308352947235107422e+00,6.420251846313476562e+00,7.280426979064941406e+00,1.145509052276611328e+01,5.093852043151855469e+00
4.393382549285888672e+00,3.695357084274291992e+00,-1.588830709457397461e+00,5.917475700378417969e+00,3.362503528594970703e+00,6.339575767517089844e+00,6.504181861877441406e+00,7.403210639953613281e+00,1.115231037139892578e+01,4.960428714752197266e+00
4.438005924224853516e+00,3.784068346023559570e+00,-1.735731005668640137e+00,5.960879325866699219e+00,3.404874086380004883e+00,6.426602363586425781e+00,6.321961879730224609e+00,7.569345474243164062e+00,1.125560569763183594e+01,5.045480728149414062e+00
4.362410545349121094e+00,3.995352506637573242e+00,-1.838239789009094238e+00,5.824201107025146484e+00,3.534541845321655273e+00,6.256379127502441406e+00,5.870567798614501953e+00,7.439998626708984375e+00,1.164060020446777344e+01,5.146618843078613281e+00
4.303600788116455078e+00,4.462479591369628906e+00,-2.030379772186279297e+00,6.390491485595703125e+00,3.569326162338256836e+00,6.595637321472167969e+00,7.060439109802246094e+00,5.619086742401123047e+00,1.115605640411376953e+01,5.169919490814208984e+00
4.492115020751953125e+00,3.848279237747192383e+00,-1.504644751548767090e+00,6.200817108154296875e+00,3.603979110717773438e+00,6.284477233886718750e+00,6.854525089263916016e+00,6.921176910400390625e+00,1.111439704895019531e+01,5.067823410034179688e+00
4.678849220275878906e+00,4.048997879028320312e+00,-1.578878879547119141e+00,6.454612731933593750e+00,4.005921363830566406e+00,7.232235908508300781e+00,7.441797733306884766e+00,7.116786956787109375e+00,1.177020835876464844e+01,5.085366249084472656e+00
4.708187103271484375e+00,4.049344062805175781e+00,-1.690279483795166016e+00,6.444014549255371094e+00,4.040134906768798828e+00,7.291424751281738281e+00,7.409154415130615234e+00,7.121685981750488281e+00,1.179519462585449219e+01,5.068217277526855469e+00
4.668232917785644531e+00,4.052033901214599609e+00,-1.627874255180358887e+00,6.415301799774169922e+00,3.965939760208129883e+00,7.082449913024902344e+00,7.410135269165039062e+00,6.995557308197021484e+00,1.174569034576416016e+01,5.111725807189941406e+00
4.686847686767578125e+00,4.075134754180908203e+00,-1.637365341186523438e+00,6.449056148529052734e+00,4.040604114532470703e+00,7.261799812316894531e+00,7.429091930389404297e+00,7.096759796142578125e+00,1.179327774047851562e+01,5.089740753173828125e+00
4.573491096496582031e+00,3.496059179306030273e+00,-1.688252687454223633e+00,6.949190139770507812e+00,4.216477870941162109e+00,7.713150978088378906e+00,6.922406673431396484e+00,6.283407211303710938e+00,1.088985443115234375e+01,5.424571990966796875e+00
4.700848579406738281e+00,4.103118896484375000e+00,-1.601569652557373047e+00,6.457176208496093750e+00,4.042876720428466797e+00,7.286784172058105469e+00,7.448874950408935547e+00,7.125421524047851562e+00,1.182323551177978516e+01,5.110499382019042969e+00
4.622344017028808594e+00,3.814749956130981445e+00,-1.863561153411865234e+00,6.354901313781738281e+00,3.920495271682739258e+00,6.601027488708496094e+00,7.307728290557861328e+00,6.701667308807373047e+00,1.126702499389648438e+01,5.032163619995117188e+00
4.677831649780273438e+00,4.158113479614257812e+00,-1.517251968383789062e+00,6.490959167480468750e+00,4.008987903594970703e+00,7.134048461914062500e+00,7.580977439880371094e+00,6.969094276428222656e+00,1.182242202758789062e+01,5.123999595642089844e+00
4.642109870910644531e+00,3.959293603897094727e+00,-1.678260803222656250e+00,6.425789833068847656e+00,3.970701694488525391e+00,7.028968811035156250e+00,7.402978420257568359e+00,6.942254066467285156e+00,1.164435768127441406e+01,5.065217971801757812e+00
4.703015804290771484e+00,4.043108463287353516e+00,-1.624847173690795898e+00,6.464616775512695312e+00,4.039927482604980469e+00,7.219539642333984375e+00,7.484619140625000000e+00,7.095390319824218750e+00,1.179417896270751953e+01,5.079074859619140625e+00
5.412127494812011719e+00,4.061780929565429688e+00,-5.419430136680603027e-01,6.735974311828613281e+00,5.011652946472167969e+00,4.276103973388671875e+00,6.652598381042480469e+00,5.793495178222656250e+00,1.205099487304687500e+01,5.194250583648681641e+00
5.450390338897705078e+00,4.023757457733154297e+00,-5.051965713500976562e-01,6.715998172760009766e+00,5.080844879150390625e+00,4.249788284301757812e+00,6.621848583221435547e+00,5.831386089324951172e+00,1.206712150573730469e+01,5.181236267089843750e+00
5.350850105285644531e+00,4.088551521301269531e+00,-6.108235120773315430e-01,6.686410903930664062e+00,4.964271068572998047e+00,4.329888820648193359e+00,6.681662559509277344e+00,5.797225952148437500e+00,1.205845260620117188e+01,5.184949398040771484e+00
5.405284404754638672e+00,4.054972171783447266e+00,-5.125488042831420898e-01,6.736221313476562500e+00,5.033530235290527344e+00,4.277873039245605469e+00,6.679984569549560547e+00,5.794250488281250000e+00,1.208320236206054688e+01,5.244311809539794922e+00
5.322374343872070312e+00,4.125548362731933594e+00,-6.389467716217041016e-01,6.667875289916992188e+00,4.936359882354736328e+00,4.342617988586425781e+00,6.706456184387207031e+00,5.759227752685546875e+00,1.201962471008300781e+01,5.191644668579101562e+00
5.411341667175292969e+00,4.143918991088867188e+00,-5.380631089210510254e-01,6.730141639709472656e+00,5.056642055511474609e+00,4.367359161376953125e+00,6.757671356201171875e+00,5.826615810394287109e+00,1.210096168518066406e+01,5.180515289306640625e+00
5.191797733306884766e+00,4.130336761474609375e+00,-8.659762144088745117e-01,6.559881210327148438e+00,4.804536342620849609e+00,4.345834732055664062e+00,6.672230243682861328e+00,5.663058280944824219e+00,1.193354415893554688e+01,5.084861755371093750e+00
5.390025615692138672e+00,4.132328510284423828e+00,-5.890669822692871094e-01,6.657943725585937500e+00,5.000326633453369141e+00,4.445594787597656250e+00,6.732147693634033203e+00,5.868968963623046875e+00,1.208745193481445312e+01,5.196033477783203125e+00
5.497250080108642578e+00,4.019507408142089844e+00,-4.109193682670593262e-01,6.800011634826660156e+00,5.031286716461181641e+00,4.204328060150146484e+00,6.671524047851562500e+00,5.782710075378417969e+00,1.207646751403808594e+01,5.297777175903320312e+00
5.293796539306640625e+00,4.057675361633300781e+00,-6.996945142745971680e-01,6.639321327209472656e+00,4.945193290710449219e+00,4.372231006622314453e+00,6.772317409515380859e+00,5.823734283447265625e+00,1.206045055389404297e+01,5.219561576843261719e+00
4.570090770721435547e+00,3.782947301864624023e+00,-1.629306435585021973e+00,6.424401760101318359e+00,3.977498054504394531e+00,6.750837326049804688e+00,7.402741909027099609e+00,6.674362659454345703e+00,1.130685710906982422e+01,5.027723789215087891e+00
4.636073589324951172e+00,3.577200412750244141e+00,-1.537892460823059082e+00,6.560601711273193359e+00,4.076521873474121094e+00,6.867109298706054688e+00,7.368441104888916016e+00,6.694395065307617188e+00,1.106237411499023438e+01,5.105634689331054688e+00
4.628773212432861328e+00,3.588477611541748047e+00,-1.555582404136657715e+00,6.552153110504150391e+00,4.002679347991943359e+00,6.575623512268066406e+00,7.389804363250732422e+00,6.506040573120117188e+00,1.090607833862304688e+01,5.046446323394775391e+00
4.650136470794677734e+00,3.538054227828979492e+00,-1.601212263107299805e+00,6.564003944396972656e+00,3.953201770782470703e+00,6.498750686645507812e+00,7.334724426269531250e+00,6.271878719329833984e+00,1.071394157409667969e+01,5.029479503631591797e+00
4.455028057098388672e+00,3.661441326141357422e+00,-1.705216884613037109e+00,6.301227569580078125e+00,3.828149557113647461e+00,6.383722305297851562e+00,7.188918590545654297e+00,6.627125740051269531e+00,1.100202751159667969e+01,4.996912956237792969e+00
4.517775535583496094e+00,3.580662488937377930e+00,-1.500097751617431641e+00,6.467120170593261719e+00,3.987672805786132812e+00,7.025667190551757812e+00,7.299187660217285156e+00,6.682402610778808594e+00,1.110569953918457031e+01,5.091578960418701172e+00
4.686444759368896484e+00,3.271581649780273438e+00,-1.490812182426452637e+00,6.824391365051269531e+00,4.145309925079345703e+00,7.385980606079101562e+00,7.291909694671630859e+00,6.784574508666992188e+00,1.094285202026367188e+01,5.275235652923583984e+00
4.734424114227294922e+00,3.139353275299072266e+00,-1.895754098892211914e+00,7.079571723937988281e+00,4.226266384124755859e+00,8.293815612792968750e+00,6.695255279541015625e+00,6.176628112792968750e+00,1.049320411682128906e+01,5.642029762268066406e+00
4.468995571136474609e+00,3.732389688491821289e+00,-1.577309489250183105e+00,6.371361732482910156e+00,3.880131244659423828e+00,6.307200431823730469e+00,7.307869434356689453e+00,6.541391372680664062e+00,1.100674152374267578e+01,5.001239776611328125e+00
4.730091094970703125e+00,3.140193462371826172e+00,-1.792524814605712891e+00,7.091248512268066406e+00,4.306466579437255859e+00,8.359693527221679688e+00,6.739068984985351562e+00,6.141405582427978516e+00,1.046082687377929688e+01,5.633520126342773438e+00
4.417968750000000000e+00,3.097580194473266602e+00,-1.581171751022338867e+00,6.264100074768066406e+00,3.753126382827758789e+00,9.260381698608398438e+00,6.074867725372314453e+00,7.870164871215820312e+00,1.115174484252929688e+01,5.717567443847656250e+00
4.641037464141845703e+00,3.066056251525878906e+00,-1.642654538154602051e+00,6.963389396667480469e+00,4.239579200744628906e+00,8.512397766113281250e+00,6.701071739196777344e+00,6.308243751525878906e+00,1.056039619445800781e+01,5.696394920349121094e+00
4.238636493682861328e+00,4.648509979248046875e+00,-2.696941375732421875e+00,7.391751289367675781e+00,3.910772800445556641e+00,6.251565933227539062e+00,7.588044643402099609e+00,5.305031776428222656e+00,1.011770915985107422e+01,5.145028591156005859e+00
4.678830146789550781e+00,3.102483749389648438e+00,-1.964671850204467773e+00,7.071062088012695312e+00,4.230439186096191406e+00,8.281868934631347656e+00,6.647269725799560547e+00,6.025558948516845703e+00,1.035252952575683594e+01,5.598827838897705078e+00
4.697989940643310547e+00,3.062794446945190430e+00,-1.856043696403503418e+00,7.014947891235351562e+00,4.189556121826171875e+00,8.460955619812011719e+00,6.592963218688964844e+00,6.170805931091308594e+00,1.043512439727783203e+01,5.643875122070312500e+00
4.396821498870849609e+00,4.077585697174072266e+00,-2.107868671417236328e+00,7.264108657836914062e+00,4.237230300903320312e+00,6.485567092895507812e+00,7.547792434692382812e+00,5.693907737731933594e+00,1.006613731384277344e+01,5.150451660156250000e+00
4.677811622619628906e+00,3.121806144714355469e+00,-1.980079650878906250e+00,7.093210220336914062e+00,4.256587505340576172e+00,8.200772285461425781e+00,6.648501396179199219e+00,5.959708213806152344e+00,1.031044197082519531e+01,5.567001342773437500e+00
4.565865993499755859e+00,3.313436031341552734e+00,-1.875560641288757324e+00,6.934438705444335938e+00,4.258772373199462891e+00,8.430989265441894531e+00,6.743930816650390625e+00,6.093811035156250000e+00,1.046083259582519531e+01,5.643854141235351562e+00
4.693901062011718750e+00,3.022459030151367188e+00,-1.697468519210815430e+00,7.030201911926269531e+00,4.200603961944580078e+00,8.457056045532226562e+00,6.618394851684570312e+00,6.210163116455078125e+00,1.042696189880371094e+01,5.681615829467773438e+00
4.311349391937255859e+00,3.725382804870605469e+00,-1.668942451477050781e+00,6.606682777404785156e+00,4.134189128875732422e+00,8.040368080139160156e+00,6.876438617706298828e+00,7.251913070678710938e+00,1.085212707519531250e+01,5.288759708404541016e+00
4.077829360961914062e+00,3.631675481796264648e+00,-1.221216917037963867e+00,5.135946273803710938e+00,2.156021118164062500e+00,6.970060825347900391e+00,6.130017280578613281e+00,7.482967376708984375e+00,1.138676261901855469e+01,4.461354255676269531e+00
4.122834205627441406e+00,4.263903617858886719e+00,-2.682293415069580078e+00,6.943554878234863281e+00,4.187317848205566406e+00,7.258883476257324219e+00,7.430120944976806641e+00,4.919087409973144531e+00,1.049766159057617188e+01,5.133953094482421875e+00
4.100924015045166016e+00,3.763411521911621094e+00,-1.207964301109313965e+00,5.172996044158935547e+00,2.232847690582275391e+00,7.078109741210937500e+00,6.211693286895751953e+00,7.518441200256347656e+00,1.144763088226318359e+01,4.493712425231933594e+00
4.129811286926269531e+00,3.691196203231811523e+00,-1.213432312011718750e+00,5.178840637207031250e+00,2.188782453536987305e+00,7.000009536743164062e+00,6.170690536499023438e+00,7.432023048400878906e+00,1.138129043579101562e+01,4.449820995330810547e+00
4.097861289978027344e+00,3.812863588333129883e+00,-1.229981899261474609e+00,5.163844585418701172e+00,2.257598638534545898e+00,7.092852592468261719e+00,6.155156135559082031e+00,7.477993011474609375e+00,1.144236564636230469e+01,4.482003211975097656e+00
4.106313705444335938e+00,3.720151662826538086e+00,-1.265915393829345703e+00,5.182704925537109375e+00,2.222328186035156250e+00,7.015241146087646484e+00,6.178401470184326172e+00,7.456985473632812500e+00,1.140744018554687500e+01,4.473287582397460938e+00
4.113056659698486328e+00,4.907829284667968750e+00,-2.650908946990966797e+00,7.438220977783203125e+00,3.811303138732910156e+00,7.648121833801269531e+00,8.114498138427734375e+00,4.507518768310546875e+00,1.032385730743408203e+01,5.129509925842285156e+00
4.213903427124023438e+00,5.052267074584960938e+00,-2.730975627899169922e+00,7.700470924377441406e+00,3.842557907104492188e+00,7.636527061462402344e+00,8.357192993164062500e+00,4.484144687652587891e+00,1.031995964050292969e+01,5.198593139648437500e+00
4.247543334960937500e+00,4.201576232910156250e+00,-2.534362792968750000e+00,6.790461540222167969e+00,4.193794727325439453e+00,7.107152938842773438e+00,7.236855983734130859e+00,5.094956398010253906e+00,1.062302589416503906e+01,5.170970916748046875e+00
4.201305389404296875e+00,4.462188720703125000e+00,-2.407345771789550781e+00,6.763278961181640625e+00,4.091610908508300781e+00,7.318506240844726562e+00,7.488206386566162109e+00,5.189749717712402344e+00,1.086516284942626953e+01,5.231339931488037109e+00
4.320655822753906250e+00,3.551975250244140625e+00,-9.579964876174926758e-01,5.325088500976562500e+00,2.127075195312500000e+00,6.910264015197753906e+00,5.970387935638427734e+00,7.620216369628906250e+00,1.100059986114501953e+01,4.309526443481445312e+00
4.741373062133789062e+00,2.669081211090087891e+00,-7.511392235755920410e-01,5.799827575683593750e+00,2.941923618316650391e+00,7.889919281005859375e+00,5.555093288421630859e+00,7.856239318847656250e+00,1.085414695739746094e+01,5.035644054412841797e+00
4.237386703491210938e+00,3.540564060211181641e+00,-9.748818874359130859e-01,5.256437301635742188e+00,2.228757858276367188e+00,7.012937545776367188e+00,6.045506954193115234e+00,7.668500900268554688e+00,1.113879585266113281e+01,4.449964523315429688e+00
4.892232894897460938e+00,2.541560649871826172e+00,-5.798893570899963379e-01,6.175459384918212891e+00,3.697593688964843750e+00,7.881486892700195312e+00,6.103406429290771484e+00,6.812700271606445312e+00,1.041521930694580078e+01,5.703430652618408203e+00
4.801904678344726562e+00,1.947821617126464844e+00,-5.663638710975646973e-01,5.974112987518310547e+00,3.461581230163574219e+00,7.402225494384765625e+00,5.498758316040039062e+00,5.924361705780029297e+00,9.654515266418457031e+00,6.147094726562500000e+00
4.802606105804443359e+00,2.800536155700683594e+00,-6.658340096473693848e-01,6.048196792602539062e+00,3.290482997894287109e+00,7.677578926086425781e+00,5.884426116943359375e+00,7.362730026245117188e+00,1.073653125762939453e+01,5.138478279113769531e+00
4.536093711853027344e+00,2.863063812255859375e+00,-9.983026981353759766e-01,5.674735069274902344e+00,2.834019899368286133e+00,7.657671928405761719e+00,5.791187763214111328e+00,7.928693771362304688e+00,1.095199298858642578e+01,4.785682678222656250e+00
4.823569297790527344e+00,2.746058464050292969e+00,-6.278995275497436523e-01,5.829483985900878906e+00,3.109336137771606445e+00,7.896076202392578125e+00,5.474980831146240234e+00,7.608612060546875000e+00,1.074501609802246094e+01,5.141714572906494141e+00
4.524832725524902344e+00,3.156303644180297852e+00,-6.367663741111755371e-01,5.651043891906738281e+00,2.838954210281372070e+00,7.648409843444824219e+00,5.742204666137695312e+00,7.772033691406250000e+00,1.090568351745605469e+01,4.898271560668945312e+00
4.556648254394531250e+00,2.480417728424072266e+00,-9.574221372604370117e-01,5.820268630981445312e+00,2.812898397445678711e+00,8.248812675476074219e+00,5.107317924499511719e+00,7.968626976013183594e+00,1.093910789489746094e+01,5.189285278320312500e+00
3.640104770660400391e+00,4.618416786193847656e+00,-2.712728023529052734e+00,6.774095535278320312e+00,3.466434478759765625e+00,7.306978225708007812e+00,7.786594390869140625e+00,3.761511087417602539e+00,9.736206054687500000e+00,4.595824241638183594e+00
3.544709205627441406e+00,4.677974224090576172e+00,-3.021133422851562500e+00,6.700728416442871094e+00,3.379738569259643555e+00,7.281421661376953125e+00,7.659682750701904297e+00,3.703356266021728516e+00,9.801691055297851562e+00,4.545067787170410156e+00
3.562258720397949219e+00,4.643291473388671875e+00,-2.781018257141113281e+00,6.652550697326660156e+00,3.359344005584716797e+00,7.302867889404296875e+00,7.580330371856689453e+00,3.702785968780517578e+00,9.787042617797851562e+00,4.527106285095214844e+00
4.131568431854248047e+00,3.105241298675537109e+00,-2.140106201171875000e+00,6.313212394714355469e+00,3.799105405807495117e+00,6.063887596130371094e+00,7.224205017089843750e+00,5.193607330322265625e+00,1.017566299438476562e+01,4.686071395874023438e+00
4.431144714355468750e+00,3.629564762115478516e+00,-1.340271711349487305e+00,5.978244781494140625e+00,3.418479919433593750e+00,6.942032337188720703e+00,6.852607727050781250e+00,7.120236396789550781e+00,1.120206832885742188e+01,4.819152832031250000e+00
4.685465335845947266e+00,2.645903348922729492e+00,-1.189598560333251953e+00,6.641427040100097656e+00,3.738492012023925781e+00,6.498613357543945312e+00,7.281882762908935547e+00,6.365667819976806641e+00,9.904653549194335938e+00,4.836192131042480469e+00
4.097733020782470703e+00,2.894145250320434570e+00,-1.976750135421752930e+00,6.481363296508789062e+00,3.798690080642700195e+00,6.239440917968750000e+00,7.318814754486083984e+00,5.351590633392333984e+00,9.751983642578125000e+00,4.598913192749023438e+00
4.834041595458984375e+00,2.797457218170166016e+00,-1.403372287750244141e+00,6.978313446044921875e+00,3.802760124206542969e+00,6.211223602294921875e+00,7.665691375732421875e+00,6.108159065246582031e+00,9.462799072265625000e+00,4.513928413391113281e+00
3.587545156478881836e+00,4.692399024963378906e+00,-2.735131025314331055e+00,6.764556884765625000e+00,3.449835300445556641e+00,7.306572914123535156e+00,7.772344112396240234e+00,3.737227201461791992e+00,9.727373123168945312e+00,4.582068443298339844e+00
4.706501483917236328e+00,2.736683368682861328e+00,-1.112402915954589844e+00,6.655905723571777344e+00,3.798138141632080078e+00,6.887207508087158203e+00,7.277045726776123047e+00,6.536051750183105469e+00,1.014640808105468750e+01,5.019268989562988281e+00
4.044425010681152344e+00,3.671290874481201172e+00,-1.409548997879028320e+00,5.151114940643310547e+00,2.248040676116943359e+00,7.012311935424804688e+00,6.107268810272216797e+00,7.670433998107910156e+00,1.144188308715820312e+01,4.458524703979492188e+00
3.996001005172729492e+00,3.048291206359863281e+00,-1.466642737388610840e+00,5.860473632812500000e+00,3.627108812332153320e+00,9.362608909606933594e+00,5.756676197052001953e+00,6.816508769989013672e+00,1.150485420227050781e+01,5.386235713958740234e+00
4.368056297302246094e+00,3.237808227539062500e+00,-1.444892406463623047e+00,5.652599334716796875e+00,3.031649827957153320e+00,7.939440727233886719e+00,5.965669155120849609e+00,7.369260787963867188e+00,1.148089981079101562e+01,5.103879928588867188e+00
4.209057331085205078e+00,3.874875545501708984e+00,-1.457218050956726074e+00,5.325468063354492188e+00,2.487449884414672852e+00,6.833800315856933594e+00,6.205046176910400391e+00,7.181405067443847656e+00,1.149432182312011719e+01,4.585044860839843750e+00
4.114380836486816406e+00,3.979963541030883789e+00,-1.696351766586303711e+00,5.304305553436279297e+00,2.505708217620849609e+00,6.889206886291503906e+00,6.379089355468750000e+00,7.390647888183593750e+00,1.160837173461914062e+01,4.588376998901367188e+00
4.097656250000000000e+00,3.166031837463378906e+00,-8.322882056236267090e-01,5.553652763366699219e+00,3.170421600341796875e+00,9.431283950805664062e+00,4.372664451599121094e+00,6.579725742340087891e+00,1.120594406127929688e+01,4.907249450683593750e+00
4.500767230987548828e+00,3.403347492218017578e+00,-1.530680418014526367e+00,5.086242675781250000e+00,2.233928203582763672e+00,7.800404548645019531e+00,6.664912700653076172e+00,7.025066375732421875e+00,1.158851814270019531e+01,4.502326011657714844e+00
4.573793411254882812e+00,3.287210464477539062e+00,-2.106743812561035156e+00,4.411636352539062500e+00,9.251433014869689941e-01,4.590582370758056641e+00,4.154490470886230469e+00,5.133867740631103516e+00,1.001663017272949219e+01,3.223159313201904297e+00
4.194099426269531250e+00,3.213663816452026367e+00,-1.733339309692382812e+00,5.137775421142578125e+00,2.620490074157714844e+00,6.616970062255859375e+00,4.764518737792968750e+00,6.342664718627929688e+00,1.148343086242675781e+01,4.378559589385986328e+00
4.501284599304199219e+00,3.668409109115600586e+00,-1.878669977188110352e+00,4.603298187255859375e+00,1.343367099761962891e+00,5.651881217956542969e+00,4.625231266021728516e+00,5.305010795593261719e+00,1.029897117614746094e+01,3.255434989929199219e+00
3.643346071243286133e+00,4.733135223388671875e+00,-2.816483497619628906e+00,6.841307640075683594e+00,3.483790636062622070e+00,7.346073150634765625e+00,7.863735675811767578e+00,3.750334501266479492e+00,9.797369003295898438e+00,4.614807128906250000e+00
3.542966842651367188e+00,4.779294967651367188e+00,-2.911354541778564453e+00,6.821266174316406250e+00,3.445071697235107422e+00,7.325907707214355469e+00,7.837602138519287109e+00,3.709208965301513672e+00,9.757907867431640625e+00,4.582801818847656250e+00
4.860671043395996094e+00,3.314991235733032227e+00,-7.504867911338806152e-01,7.211800575256347656e+00,3.967782974243164062e+00,6.550648689270019531e+00,7.813703060150146484e+00,6.164514541625976562e+00,9.732746124267578125e+00,4.795752048492431641e+00
4.747981548309326172e+00,2.785618305206298828e+00,-1.316796779632568359e+00,6.974832534790039062e+00,3.804677248001098633e+00,6.275516986846923828e+00,7.716773509979248047e+00,6.078169822692871094e+00,9.476770401000976562e+00,4.503485202789306641e+00
5.054733276367187500e+00,2.787723541259765625e+00,-1.027982592582702637e+00,7.016407012939453125e+00,3.706377267837524414e+00,6.317265987396240234e+00,7.758843421936035156e+00,6.153517246246337891e+00,9.488811492919921875e+00,4.298102378845214844e+00
4.976708889007568359e+00,2.698307991027832031e+00,-1.131783962249755859e+00,6.913173675537109375e+00,3.558170318603515625e+00,6.180682182312011719e+00,7.549008846282958984e+00,6.044527053833007812e+00,9.401367187500000000e+00,4.307242870330810547e+00
4.886751174926757812e+00,3.006876945495605469e+00,-1.024031758308410645e+00,7.078117370605468750e+00,3.857128858566284180e+00,6.487218856811523438e+00,7.795045852661132812e+00,6.143661499023437500e+00,9.603917121887207031e+00,4.556693553924560547e+00
4.895954132080078125e+00,2.905344486236572266e+00,-1.000516891479492188e+00,6.920962333679199219e+00,3.613855838775634766e+00,6.158493518829345703e+00,7.496321201324462891e+00,6.041843414306640625e+00,9.551548004150390625e+00,4.591531276702880859e+00
4.267576217651367188e+00,3.471640586853027344e+00,-2.219331502914428711e+00,6.917394638061523438e+00,3.749578952789306641e+00,6.089672088623046875e+00,7.935819625854492188e+00,4.743066787719726562e+00,9.489418029785156250e+00,4.621877193450927734e+00
3.520837783813476562e+00,4.810462951660156250e+00,-3.005960941314697266e+00,6.825337409973144531e+00,3.436259746551513672e+00,7.318763732910156250e+00,7.835491180419921875e+00,3.701010942459106445e+00,9.751122474670410156e+00,4.566826343536376953e+00
4.651079177856445312e+00,4.078001976013183594e+00,-1.603110313415527344e+00,6.427495002746582031e+00,3.977969169616699219e+00,7.245266914367675781e+00,7.384243965148925781e+00,7.123873710632324219e+00,1.178213500976562500e+01,5.074008941650390625e+00
4.548501968383789062e+00,3.831614255905151367e+00,-1.629523515701293945e+00,6.313913822174072266e+00,3.832165002822875977e+00,6.640931129455566406e+00,7.211009502410888672e+00,6.835477828979492188e+00,1.132415103912353516e+01,5.025029182434082031e+00
4.622110843658447266e+00,4.076678276062011719e+00,-1.579296827316284180e+00,6.408388137817382812e+00,3.945732831954956055e+00,7.237289428710937500e+00,7.346098899841308594e+00,7.130604267120361328e+00,1.176997852325439453e+01,5.073694229125976562e+00
4.616401672363281250e+00,4.071644306182861328e+00,-1.579233169555664062e+00,6.409867286682128906e+00,3.940922021865844727e+00,7.233751296997070312e+00,7.350954532623291016e+00,7.131625175476074219e+00,1.177111816406250000e+01,5.075450897216796875e+00
4.591969013214111328e+00,3.953529834747314453e+00,-1.608847022056579590e+00,6.332640171051025391e+00,3.865516424179077148e+00,7.040385246276855469e+00,7.226604461669921875e+00,6.989302635192871094e+00,1.160549736022949219e+01,5.056247711181640625e+00
4.598764419555664062e+00,4.074087142944335938e+00,-1.577400922775268555e+00,6.419034957885742188e+00,3.958652019500732422e+00,7.332724571228027344e+00,7.360679149627685547e+00,7.166414260864257812e+00,1.179068088531494141e+01,5.089900493621826172e+00
4.593014240264892578e+00,4.032414436340332031e+00,-1.562396287918090820e+00,6.372965812683105469e+00,3.879063367843627930e+00,7.140590667724609375e+00,7.303976535797119141e+00,7.043400764465332031e+00,1.171068382263183594e+01,5.064760684967041016e+00
4.544920444488525391e+00,3.934264183044433594e+00,-1.617698669433593750e+00,6.329557895660400391e+00,3.834285259246826172e+00,6.957450866699218750e+00,7.191528797149658203e+00,7.032219886779785156e+00,1.154337310791015625e+01,5.060475349426269531e+00
4.584174633026123047e+00,3.979568243026733398e+00,-1.617509126663208008e+00,6.365381240844726562e+00,3.902065038681030273e+00,7.164758682250976562e+00,7.255724906921386719e+00,7.068428993225097656e+00,1.166064453125000000e+01,5.060443878173828125e+00
4.565658569335937500e+00,3.968357324600219727e+00,-1.601017594337463379e+00,6.389378547668457031e+00,3.868508100509643555e+00,7.127066612243652344e+00,7.283319473266601562e+00,7.055824279785156250e+00,1.166758537292480469e+01,5.070713043212890625e+00
4.588129997253417969e+00,4.470479965209960938e+00,-1.125818610191345215e+00,6.369125366210937500e+00,3.791426658630371094e+00,7.200031280517578125e+00,7.824382781982421875e+00,6.472958564758300781e+00,1.209782123565673828e+01,5.215683460235595703e+00
4.582303047180175781e+00,4.509205818176269531e+00,-1.122537612915039062e+00,6.374407768249511719e+00,3.794867515563964844e+00,7.212888717651367188e+00,7.851142883300781250e+00,6.464687824249267578e+00,1.213274288177490234e+01,5.235290050506591797e+00
4.584531784057617188e+00,4.512933731079101562e+00,-1.084429740905761719e+00,6.307593345642089844e+00,3.748611688613891602e+00,7.150279998779296875e+00,7.824865341186523438e+00,6.303500175476074219e+00,1.212964057922363281e+01,5.216112136840820312e+00
4.588600635528564453e+00,4.496262550354003906e+00,-1.098455071449279785e+00,6.318914890289306641e+00,3.758017539978027344e+00,7.151191711425781250e+00,7.800008773803710938e+00,6.349163055419921875e+00,1.210824775695800781e+01,5.211886882781982422e+00
4.585127353668212891e+00,4.502066612243652344e+00,-1.112882971763610840e+00,6.351314544677734375e+00,3.783836841583251953e+00,7.196751594543457031e+00,7.814819812774658203e+00,6.429518699645996094e+00,1.211581134796142578e+01,5.223785400390625000e+00
4.587987899780273438e+00,4.423462390899658203e+00,-1.160439014434814453e+00,6.367687225341796875e+00,3.787352085113525391e+00,7.152847290039062500e+00,7.780086040496826172e+00,6.499497413635253906e+00,1.204599380493164062e+01,5.195015430450439453e+00
4.583153724670410156e+00,4.391021728515625000e+00,-1.177332758903503418e+00,6.353574752807617188e+00,3.773123264312744141e+00,7.125698089599609375e+00,7.739208698272705078e+00,6.498386383056640625e+00,1.201193904876708984e+01,5.178421974182128906e+00
4.601087093353271484e+00,4.524364471435546875e+00,-1.090437531471252441e+00,6.325693130493164062e+00,3.768821477890014648e+00,7.174390792846679688e+00,7.736219882965087891e+00,6.408398628234863281e+00,1.210206031799316406e+01,5.221872329711914062e+00
4.573832511901855469e+00,4.407855033874511719e+00,-1.144348144531250000e+00,6.322377204895019531e+00,3.744028091430664062e+00,7.141785621643066406e+00,7.748071193695068359e+00,6.427803993225097656e+00,1.203977012634277344e+01,5.179256439208984375e+00
4.573379039764404297e+00,4.519656658172607422e+00,-1.089461922645568848e+00,6.303253173828125000e+00,3.738458156585693359e+00,7.144782066345214844e+00,7.790475368499755859e+00,6.295996665954589844e+00,1.212082672119140625e+01,5.223464965820312500e+00
4.179718971252441406e+00,3.650161504745483398e+00,-1.392880678176879883e+00,5.189703941345214844e+00,2.116252899169921875e+00,6.951838493347167969e+00,6.386198997497558594e+00,7.253977775573730469e+00,1.133898735046386719e+01,4.500619888305664062e+00
4.068573951721191406e+00,3.659627199172973633e+00,-1.338137865066528320e+00,5.269018173217773438e+00,2.256942749023437500e+00,7.186498641967773438e+00,6.364087104797363281e+00,7.461942672729492188e+00,1.133452606201171875e+01,4.545018196105957031e+00
4.048222541809082031e+00,3.598915338516235352e+00,-1.362920045852661133e+00,5.091454505920410156e+00,2.100878477096557617e+00,6.921315193176269531e+00,6.103193283081054688e+00,7.534356117248535156e+00,1.134653854370117188e+01,4.411050319671630859e+00
4.353145599365234375e+00,3.592725753784179688e+00,-1.335569143295288086e+00,5.254838466644287109e+00,2.171905040740966797e+00,6.593502044677734375e+00,6.482347011566162109e+00,6.969636440277099609e+00,1.141502571105957031e+01,4.525952339172363281e+00
4.564696788787841797e+00,4.223239898681640625e+00,-2.478860378265380859e+00,6.341340065002441406e+00,3.050779581069946289e+00,6.740806102752685547e+00,7.259541034698486328e+00,5.691714763641357422e+00,1.118479824066162109e+01,4.931043624877929688e+00
4.056371212005615234e+00,3.630547285079956055e+00,-1.295309066772460938e+00,5.132358551025390625e+00,2.137196779251098633e+00,6.937800407409667969e+00,6.092738628387451172e+00,7.545053482055664062e+00,1.138688468933105469e+01,4.450984001159667969e+00
4.079019546508789062e+00,3.570939779281616211e+00,-1.232334017753601074e+00,5.094350814819335938e+00,1.975680351257324219e+00,6.955688476562500000e+00,6.113337993621826172e+00,7.440854072570800781e+00,1.123867416381835938e+01,4.392157077789306641e+00
4.047653198242187500e+00,3.595669269561767578e+00,-1.349736928939819336e+00,5.104063987731933594e+00,2.121006488800048828e+00,6.913291454315185547e+00,6.118689060211181641e+00,7.531822204589843750e+00,1.134801292419433594e+01,4.426445960998535156e+00
4.235688209533691406e+00,3.564864635467529297e+00,-1.284934520721435547e+00,5.169733047485351562e+00,1.953711986541748047e+00,6.835666179656982422e+00,6.371089458465576172e+00,7.171034812927246094e+00,1.131229305267333984e+01,4.412397861480712891e+00
4.672231674194335938e+00,3.756994485855102539e+00,-1.648627638816833496e+00,5.538966655731201172e+00,2.170846700668334961e+00,6.351408004760742188e+00,6.564904212951660156e+00,6.595297813415527344e+00,1.133805274963378906e+01,4.738584995269775391e+00
3.491223335266113281e+00,4.778765201568603516e+00,-2.786941289901733398e+00,6.807550430297851562e+00,3.408810377120971680e+00,7.338325500488281250e+00,7.795689105987548828e+00,3.686889648437500000e+00,9.727804183959960938e+00,4.567026615142822266e+00
3.651501893997192383e+00,4.686586856842041016e+00,-2.745582580566406250e+00,6.796654701232910156e+00,3.443467140197753906e+00,7.239143371582031250e+00,7.598732471466064453e+00,3.809296131134033203e+00,9.853101730346679688e+00,4.632496833801269531e+00
3.988055706024169922e+00,4.318199634552001953e+00,-2.210872650146484375e+00,7.091847419738769531e+00,3.734325885772705078e+00,6.874931335449218750e+00,7.635038375854492188e+00,4.390487194061279297e+00,9.644546508789062500e+00,4.859796524047851562e+00
3.500021934509277344e+00,4.855173110961914062e+00,-2.799855232238769531e+00,6.855514526367187500e+00,3.454167366027832031e+00,7.379642486572265625e+00,7.871045589447021484e+00,3.698113441467285156e+00,9.732591629028320312e+00,4.547877311706542969e+00
4.176580905914306641e+00,3.157333850860595703e+00,-2.262875556945800781e+00,6.511745929718017578e+00,3.991186618804931641e+00,6.418531417846679688e+00,7.440855503082275391e+00,5.602413177490234375e+00,1.010629081726074219e+01,4.797624111175537109e+00
3.549353122711181641e+00,4.833826065063476562e+00,-2.703680992126464844e+00,6.854444503784179688e+00,3.466601848602294922e+00,7.324087142944335938e+00,7.812339305877685547e+00,3.755409240722656250e+00,9.782468795776367188e+00,4.610687255859375000e+00
4.070871353149414062e+00,3.277482986450195312e+00,-2.573117256164550781e+00,6.736515522003173828e+00,3.900910377502441406e+00,6.392351150512695312e+00,7.705452442169189453e+00,5.076782703399658203e+00,9.873867034912109375e+00,4.652338027954101562e+00
4.299437046051025391e+00,3.393781661987304688e+00,-1.809302449226379395e+00,6.922733306884765625e+00,4.003177165985107422e+00,6.727712631225585938e+00,7.550003051757812500e+00,5.782319068908691406e+00,1.012652969360351562e+01,5.010903835296630859e+00
3.565393924713134766e+00,4.735563755035400391e+00,-2.959772586822509766e+00,6.837274551391601562e+00,3.397066831588745117e+00,7.387544631958007812e+00,7.730701446533203125e+00,3.742413520812988281e+00,9.878475189208984375e+00,4.624844551086425781e+00
3.926064014434814453e+00,5.055371284484863281e+00,-2.569208621978759766e+00,7.419777870178222656e+00,3.664912223815917969e+00,7.649599075317382812e+00,8.091244697570800781e+00,4.199013710021972656e+00,1.023939800262451172e+01,5.036403656005859375e+00
3.531030178070068359e+00,4.775254249572753906e+00,-2.806095838546752930e+00,6.823234558105468750e+00,3.431774377822875977e+00,7.380171775817871094e+00,7.825145721435546875e+00,3.712803840637207031e+00,9.774969100952148438e+00,4.590625762939453125e+00
3.566754341125488281e+00,4.727276325225830078e+00,-2.944161891937255859e+00,6.783081054687500000e+00,3.432438135147094727e+00,7.353915214538574219e+00,7.833160400390625000e+00,3.698302984237670898e+00,9.788911819458007812e+00,4.590299129486083984e+00
3.627697944641113281e+00,4.665080070495605469e+00,-3.031251192092895508e+00,6.771002769470214844e+00,3.464100360870361328e+00,7.317398071289062500e+00,7.845486164093017578e+00,3.725421190261840820e+00,9.808519363403320312e+00,4.581535339355468750e+00
3.533916950225830078e+00,4.775470733642578125e+00,-2.812408924102783203e+00,6.831357002258300781e+00,3.433311223983764648e+00,7.384189605712890625e+00,7.832087516784667969e+00,3.715026378631591797e+00,9.781458854675292969e+00,4.596926689147949219e+00
3.521774291992187500e+00,4.769641399383544922e+00,-2.746407985687255859e+00,6.819410324096679688e+00,3.403446674346923828e+00,7.361948013305664062e+00,7.789238452911376953e+00,3.710104465484619141e+00,9.771673202514648438e+00,4.595811843872070312e+00
3.540937423706054688e+00,4.736277103424072266e+00,-2.945156097412109375e+00,6.795719146728515625e+00,3.425388097763061523e+00,7.367424011230468750e+00,7.813435554504394531e+00,3.702239513397216797e+00,9.787595748901367188e+00,4.585185050964355469e+00
3.514306545257568359e+00,4.803997039794921875e+00,-2.933741569519042969e+00,6.854943275451660156e+00,3.431465625762939453e+00,7.394231796264648438e+00,7.858674049377441406e+00,3.696909904479980469e+00,9.759019851684570312e+00,4.577115058898925781e+00
3.529510736465454102e+00,4.728452682495117188e+00,-2.882374048233032227e+00,6.824604034423828125e+00,3.377611637115478516e+00,7.396385192871093750e+00,7.807511806488037109e+00,3.696442842483520508e+00,9.788429260253906250e+00,4.611208915710449219e+00
3.520784854888916016e+00,4.790799140930175781e+00,-2.917190551757812500e+00,6.858153343200683594e+00,3.430954217910766602e+00,7.401173591613769531e+00,7.862411499023437500e+00,3.700732231140136719e+00,9.779526710510253906e+00,4.593439579010009766e+00
3.597946882247924805e+00,4.666604995727539062e+00,-3.574517250061035156e+00,6.810237884521484375e+00,3.354945898056030273e+00,7.313371658325195312e+00,7.816029548645019531e+00,3.703157901763916016e+00,9.898010253906250000e+00,4.560700416564941406e+00
4.424175262451171875e+00,3.342953681945800781e+00,-1.700764060020446777e+00,6.139471054077148438e+00,3.494236230850219727e+00,8.546597480773925781e+00,6.656188964843750000e+00,6.260917186737060547e+00,1.141218948364257812e+01,5.440632820129394531e+00
4.314128398895263672e+00,4.052135467529296875e+00,-2.144061088562011719e+00,6.238582611083984375e+00,3.497693777084350586e+00,6.718066215515136719e+00,7.001555919647216797e+00,5.590183258056640625e+00,1.123430442810058594e+01,5.087796211242675781e+00
4.188472747802734375e+00,3.810630559921264648e+00,-1.606936454772949219e+00,5.711219787597656250e+00,3.106901645660400391e+00,7.298169136047363281e+00,6.558325767517089844e+00,6.554455757141113281e+00,1.162567520141601562e+01,4.898765563964843750e+00
4.096225261688232422e+00,4.878605842590332031e+00,-2.910776615142822266e+00,7.360858917236328125e+00,3.828508853912353516e+00,7.616333007812500000e+00,7.957045555114746094e+00,4.481454372406005859e+00,1.045428371429443359e+01,5.102830886840820312e+00
4.048630714416503906e+00,4.934789657592773438e+00,-2.745946645736694336e+00,7.166740417480468750e+00,4.005647182464599609e+00,8.004215240478515625e+00,7.788452625274658203e+00,4.595858573913574219e+00,1.080620861053466797e+01,5.127253055572509766e+00
4.120089054107666016e+00,3.830922603607177734e+00,-1.244869709014892578e+00,5.188073158264160156e+00,2.283646106719970703e+00,7.118483543395996094e+00,6.216534137725830078e+00,7.522067070007324219e+00,1.145715141296386719e+01,4.495177268981933594e+00
4.265990257263183594e+00,3.765436887741088867e+00,-1.272513747215270996e+00,5.220546722412109375e+00,2.283853054046630859e+00,7.126728057861328125e+00,6.062630176544189453e+00,7.075746536254882812e+00,1.140012741088867188e+01,4.469482898712158203e+00
3.999603748321533203e+00,2.677839994430541992e+00,-1.202277660369873047e+00,5.866149425506591797e+00,3.449592828750610352e+00,8.446577072143554688e+00,5.706374168395996094e+00,5.753457069396972656e+00,1.093794536590576172e+01,5.396869659423828125e+00
4.161655902862548828e+00,3.667357921600341797e+00,-1.153325438499450684e+00,5.392863750457763672e+00,2.707384586334228516e+00,7.619639396667480469e+00,6.135777950286865234e+00,7.397374153137207031e+00,1.147088146209716797e+01,4.727725028991699219e+00
4.293432235717773438e+00,2.439882755279541016e+00,-1.215660095214843750e+00,4.845365524291992188e+00,1.967172145843505859e+00,5.812252521514892578e+00,3.710952758789062500e+00,5.881504058837890625e+00,1.048579597473144531e+01,5.236205101013183594e+00
4.049876689910888672e+00,3.698646783828735352e+00,-1.352535128593444824e+00,5.180822372436523438e+00,2.203208446502685547e+00,6.926527976989746094e+00,6.114814758300781250e+00,7.577474594116210938e+00,1.144011306762695312e+01,4.471260070800781250e+00
4.056718826293945312e+00,3.620911598205566406e+00,-1.352205991744995117e+00,5.187073707580566406e+00,2.288859367370605469e+00,6.898905754089355469e+00,6.130254268646240234e+00,7.393427848815917969e+00,1.140080642700195312e+01,4.440128326416015625e+00
4.066811084747314453e+00,3.631228446960449219e+00,-1.374104380607604980e+00,5.215825557708740234e+00,2.336603403091430664e+00,6.882128715515136719e+00,6.141431808471679688e+00,7.383750915527343750e+00,1.141258239746093750e+01,4.439149856567382812e+00
4.068146705627441406e+00,3.625938653945922852e+00,-1.369881033897399902e+00,5.208342552185058594e+00,2.338622808456420898e+00,6.873361110687255859e+00,6.143286228179931641e+00,7.358482360839843750e+00,1.140712738037109375e+01,4.437318801879882812e+00
3.892349243164062500e+00,2.689044237136840820e+00,-1.342748165130615234e+00,5.682882308959960938e+00,3.024251937866210938e+00,6.375552177429199219e+00,6.080504894256591797e+00,6.034320354461669922e+00,1.098746681213378906e+01,4.533584594726562500e+00
4.148009777069091797e+00,2.102874755859375000e+00,-1.666755199432373047e+00,5.451693058013916016e+00,2.920575618743896484e+00,5.618006706237792969e+00,5.552050590515136719e+00,6.016409397125244141e+00,1.118079948425292969e+01,4.451535224914550781e+00
4.254792213439941406e+00,3.776380538940429688e+00,-1.484606504440307617e+00,5.741914749145507812e+00,2.983078479766845703e+00,6.539767742156982422e+00,6.564761161804199219e+00,6.627212524414062500e+00,1.134239101409912109e+01,4.819513320922851562e+00
4.267284393310546875e+00,1.897564053535461426e+00,-1.733297944068908691e+00,5.308706283569335938e+00,2.790963411331176758e+00,5.493811130523681641e+00,5.240895271301269531e+00,5.789127349853515625e+00,1.108629131317138672e+01,4.335955619812011719e+00
4.031593322753906250e+00,3.621196269989013672e+00,-1.394397258758544922e+00,5.238679885864257812e+00,2.354976415634155273e+00,6.891931056976318359e+00,6.085206031799316406e+00,7.309282302856445312e+00,1.138847541809082031e+01,4.498974323272705078e+00
4.086926937103271484e+00,3.623328208923339844e+00,-1.379788279533386230e+00,5.280918121337890625e+00,2.441178560256958008e+00,6.845982551574707031e+00,6.186647891998291016e+00,7.220458030700683594e+00,1.141497039794921875e+01,4.486049652099609375e+00
4.395546913146972656e+00,3.680239915847778320e+00,-1.712246417999267578e+00,6.004059314727783203e+00,3.470943927764892578e+00,6.335669517517089844e+00,6.647600650787353516e+00,7.281482696533203125e+00,1.107517623901367188e+01,4.962721347808837891e+00
4.397109031677246094e+00,3.682770490646362305e+00,-1.717259168624877930e+00,6.078814506530761719e+00,3.567249298095703125e+00,6.380332946777343750e+00,6.708069324493408203e+00,7.281725883483886719e+00,1.107701873779296875e+01,5.026156425476074219e+00
4.302975654602050781e+00,3.687267065048217773e+00,-1.693097472190856934e+00,5.732526779174804688e+00,3.138823509216308594e+00,6.368819236755371094e+00,6.553431510925292969e+00,7.244910240173339844e+00,1.124782276153564453e+01,4.830433845520019531e+00
4.358220100402832031e+00,3.681281566619873047e+00,-1.719279050827026367e+00,5.888331413269042969e+00,3.381773948669433594e+00,6.336007118225097656e+00,6.644322872161865234e+00,7.351449012756347656e+00,1.115655708312988281e+01,4.889782905578613281e+00
4.090694427490234375e+00,3.619835376739501953e+00,-1.264641046524047852e+00,5.198274135589599609e+00,2.230222702026367188e+00,6.994010925292968750e+00,6.112164974212646484e+00,7.556031227111816406e+00,1.140525245666503906e+01,4.483525753021240234e+00
4.080667972564697266e+00,3.659007549285888672e+00,-1.584809899330139160e+00,5.514915466308593750e+00,2.772183656692504883e+00,6.969797611236572266e+00,6.327022075653076172e+00,7.451465606689453125e+00,1.150711059570312500e+01,4.663118362426757812e+00
4.084726333618164062e+00,3.662010669708251953e+00,-1.279379487037658691e+00,5.213469505310058594e+00,2.239012479782104492e+00,6.986506938934326172e+00,6.122363567352294922e+00,7.548556327819824219e+00,1.143981552124023438e+01,4.489627838134765625e+00
4.189039230346679688e+00,3.707023143768310547e+00,-1.528195142745971680e+00,5.598339557647705078e+00,2.962510585784912109e+00,6.786947727203369141e+00,6.483942031860351562e+00,7.189984321594238281e+00,1.150843143463134766e+01,4.738973617553710938e+00
4.071634769439697266e+00,3.635427951812744141e+00,-1.395150661468505859e+00,5.252780914306640625e+00,2.376972436904907227e+00,6.942174911499023438e+00,6.095223426818847656e+00,7.447829246520996094e+00,1.142723941802978516e+01,4.501811981201171875e+00
4.097633361816406250e+00,3.618160009384155273e+00,-1.291333556175231934e+00,5.209899902343750000e+00,2.274450778961181641e+00,6.997895240783691406e+00,6.129485607147216797e+00,7.511758804321289062e+00,1.139523506164550781e+01,4.501278877258300781e+00
3.542635202407836914e+00,4.699538230895996094e+00,-2.780926227569580078e+00,6.769042015075683594e+00,3.386769294738769531e+00,7.341392517089843750e+00,7.679575920104980469e+00,3.730005741119384766e+00,9.806987762451171875e+00,4.623413085937500000e+00
3.518097400665283203e+00,4.733541965484619141e+00,-2.744689941406250000e+00,6.787630081176757812e+00,3.379780054092407227e+00,7.342361450195312500e+00,7.687907218933105469e+00,3.715100288391113281e+00,9.761120796203613281e+00,4.595424652099609375e+00
3.533221721649169922e+00,4.741455078125000000e+00,-2.853332519531250000e+00,6.829668998718261719e+00,3.386903762817382812e+00,7.362369537353515625e+00,7.769231796264648438e+00,3.713627338409423828e+00,9.785024642944335938e+00,4.615827083587646484e+00
3.515244960784912109e+00,4.749639511108398438e+00,-2.855615615844726562e+00,6.785002708435058594e+00,3.394120454788208008e+00,7.336318969726562500e+00,7.732981204986572266e+00,3.705405712127685547e+00,9.759737014770507812e+00,4.585068702697753906e+00
3.556762456893920898e+00,4.735532760620117188e+00,-2.994790554046630859e+00,6.827731132507324219e+00,3.401603698730468750e+00,7.356830596923828125e+00,7.797329902648925781e+00,3.729348659515380859e+00,9.808663368225097656e+00,4.606417655944824219e+00
3.505524158477783203e+00,4.815443992614746094e+00,-2.904184341430664062e+00,6.846652984619140625e+00,3.416909456253051758e+00,7.365322113037109375e+00,7.817593574523925781e+00,3.699677467346191406e+00,9.755936622619628906e+00,4.576797008514404297e+00
3.501958370208740234e+00,4.806938171386718750e+00,-2.975654125213623047e+00,6.849232673645019531e+00,3.417292118072509766e+00,7.367672920227050781e+00,7.860695362091064453e+00,3.687221527099609375e+00,9.755345344543457031e+00,4.579109191894531250e+00
3.506225585937500000e+00,4.793431758880615234e+00,-2.951192855834960938e+00,6.843352317810058594e+00,3.411505699157714844e+00,7.361069679260253906e+00,7.839870452880859375e+00,3.691048622131347656e+00,9.756620407104492188e+00,4.585283279418945312e+00
3.502208948135375977e+00,4.806180000305175781e+00,-3.081990242004394531e+00,6.843300819396972656e+00,3.413351774215698242e+00,7.361778259277343750e+00,7.859184265136718750e+00,3.681214094161987305e+00,9.758428573608398438e+00,4.565349578857421875e+00
3.533496856689453125e+00,4.766407966613769531e+00,-2.855883121490478516e+00,6.841697692871093750e+00,3.393418550491333008e+00,7.387210845947265625e+00,7.778699874877929688e+00,3.716100454330444336e+00,9.794837951660156250e+00,4.607916831970214844e+00
4.658047676086425781e+00,4.026225566864013672e+00,-1.661262035369873047e+00,6.444193840026855469e+00,3.981860399246215820e+00,7.246202468872070312e+00,7.354655265808105469e+00,7.092634201049804688e+00,1.174637413024902344e+01,5.043069839477539062e+00
4.649344444274902344e+00,4.044218063354492188e+00,-1.646814823150634766e+00,6.457603454589843750e+00,3.987266778945922852e+00,7.281700134277343750e+00,7.349011421203613281e+00,7.103851795196533203e+00,1.175908184051513672e+01,5.042075157165527344e+00
4.653290748596191406e+00,4.019493103027343750e+00,-1.675493478775024414e+00,6.442528247833251953e+00,3.978191375732421875e+00,7.241215705871582031e+00,7.332285881042480469e+00,7.076189994812011719e+00,1.172772502899169922e+01,5.033249855041503906e+00
4.653499603271484375e+00,4.020772933959960938e+00,-1.673577070236206055e+00,6.441925048828125000e+00,3.978577375411987305e+00,7.244867324829101562e+00,7.327262878417968750e+00,7.075212955474853516e+00,1.172671127319335938e+01,5.031009674072265625e+00
4.664781570434570312e+00,4.024451732635498047e+00,-1.684106111526489258e+00,6.424015998840332031e+00,3.983627557754516602e+00,7.226664543151855469e+00,7.343852519989013672e+00,7.084357261657714844e+00,1.173828125000000000e+01,5.045874118804931641e+00
4.665823936462402344e+00,4.014909744262695312e+00,-1.696773052215576172e+00,6.426774501800537109e+00,3.977951049804687500e+00,7.225900650024414062e+00,7.297433853149414062e+00,7.043099403381347656e+00,1.170061492919921875e+01,5.024435997009277344e+00
4.661008358001708984e+00,4.030739784240722656e+00,-1.688327789306640625e+00,6.445832252502441406e+00,3.990993261337280273e+00,7.259360313415527344e+00,7.347444534301757812e+00,7.088078498840332031e+00,1.174229335784912109e+01,5.042144775390625000e+00
4.665965557098388672e+00,4.030599117279052734e+00,-1.674706935882568359e+00,6.426045417785644531e+00,3.989680767059326172e+00,7.228803634643554688e+00,7.369806289672851562e+00,7.101298332214355469e+00,1.175412750244140625e+01,5.063676834106445312e+00
4.668392658233642578e+00,4.024619579315185547e+00,-1.684342622756958008e+00,6.426156044006347656e+00,3.985756158828735352e+00,7.224731445312500000e+00,7.348223209381103516e+00,7.081116676330566406e+00,1.173714923858642578e+01,5.047679424285888672e+00
4.663647174835205078e+00,4.017346858978271484e+00,-1.674651384353637695e+00,6.418789863586425781e+00,3.974803447723388672e+00,7.207332611083984375e+00,7.328431129455566406e+00,7.070056915283203125e+00,1.172581863403320312e+01,5.040314674377441406e+00
3.990613460540771484e+00,2.626986742019653320e+00,-2.164269685745239258e+00,5.553565979003906250e+00,2.641376495361328125e+00,6.601127624511718750e+00,5.100610733032226562e+00,5.776795387268066406e+00,1.008268260955810547e+01,4.957930564880371094e+00
4.282968044281005859e+00,2.219825983047485352e+00,-2.068666458129882812e+00,5.502468109130859375e+00,2.886285543441772461e+00,5.975102424621582031e+00,5.159276962280273438e+00,5.662056922912597656e+00,1.058852577209472656e+01,4.441857814788818359e+00
5.694862365722656250e+00,4.386932373046875000e+00,-8.902767896652221680e-01,5.787879943847656250e+00,1.027021169662475586e+00,4.507241725921630859e+00,4.251088619232177734e+00,6.892461776733398438e+00,1.206292343139648438e+01,4.568171501159667969e+00
3.596686601638793945e+00,2.427949428558349609e+00,-2.330650806427001953e+00,5.351508140563964844e+00,2.237132549285888672e+00,6.054608345031738281e+00,4.451757431030273438e+00,6.209669589996337891e+00,9.948575973510742188e+00,5.491834640502929688e+00
4.646955966949462891e+00,4.058802127838134766e+00,-2.032599210739135742e+00,6.519031047821044922e+00,3.459164857864379883e+00,6.637389183044433594e+00,7.305975914001464844e+00,6.391369819641113281e+00,1.155045318603515625e+01,5.209072113037109375e+00
4.189302444458007812e+00,2.818017482757568359e+00,-2.099241018295288086e+00,6.037256240844726562e+00,3.222308397293090820e+00,6.961758613586425781e+00,6.021143436431884766e+00,5.301887512207031250e+00,1.028280258178710938e+01,4.818279743194580078e+00
3.945143222808837891e+00,2.309191942214965820e+00,-1.472848415374755859e+00,5.327316284179687500e+00,3.064774990081787109e+00,6.986012458801269531e+00,4.830830574035644531e+00,5.409206390380859375e+00,1.047342681884765625e+01,5.353855133056640625e+00
4.197035312652587891e+00,2.570607662200927734e+00,-2.051418781280517578e+00,5.845942497253417969e+00,2.986403942108154297e+00,6.777882099151611328e+00,5.551998615264892578e+00,5.508581161499023438e+00,1.013447189331054688e+01,4.727180004119873047e+00
4.066242694854736328e+00,2.505109548568725586e+00,-1.639476299285888672e+00,5.962278366088867188e+00,3.277567625045776367e+00,7.294521331787109375e+00,5.302920818328857422e+00,5.579813957214355469e+00,1.029334068298339844e+01,5.297873497009277344e+00
4.151890754699707031e+00,2.450032711029052734e+00,-1.967873215675354004e+00,5.837082386016845703e+00,3.195560932159423828e+00,6.956488609313964844e+00,5.374383926391601562e+00,5.609660148620605469e+00,1.010713195800781250e+01,5.350185394287109375e+00
4.608033180236816406e+00,4.152463912963867188e+00,-1.422978878021240234e+00,6.600219249725341797e+00,4.085183620452880859e+00,8.211889266967773438e+00,6.803177356719970703e+00,6.763043403625488281e+00,1.162245750427246094e+01,5.328461647033691406e+00
4.608334064483642578e+00,4.011942863464355469e+00,-1.359464883804321289e+00,6.571593284606933594e+00,4.050580024719238281e+00,8.209560394287109375e+00,6.707278728485107422e+00,6.742943763732910156e+00,1.154024696350097656e+01,5.361507415771484375e+00
4.607593536376953125e+00,3.982785701751708984e+00,-1.259796023368835449e+00,6.564546585083007812e+00,4.031091690063476562e+00,8.148096084594726562e+00,6.681942939758300781e+00,6.766484260559082031e+00,1.149762725830078125e+01,5.373208045959472656e+00
4.533030509948730469e+00,4.094698905944824219e+00,-1.609301805496215820e+00,6.624570369720458984e+00,4.085216045379638672e+00,8.322222709655761719e+00,6.773349285125732422e+00,6.697963714599609375e+00,1.157514858245849609e+01,5.405711174011230469e+00
4.509751319885253906e+00,3.386389017105102539e+00,-1.844432711601257324e+00,6.847043037414550781e+00,4.221322536468505859e+00,8.884475708007812500e+00,6.525780200958251953e+00,6.266772270202636719e+00,1.104943275451660156e+01,5.568316459655761719e+00
4.259610176086425781e+00,3.742702245712280273e+00,-1.988738536834716797e+00,6.696356296539306641e+00,4.262403964996337891e+00,8.944680213928222656e+00,6.522198200225830078e+00,6.578063011169433594e+00,1.135526275634765625e+01,5.554474830627441406e+00
4.652063846588134766e+00,3.241759777069091797e+00,-1.705794215202331543e+00,6.964587211608886719e+00,4.192948818206787109e+00,8.696193695068359375e+00,6.560339450836181641e+00,6.173618316650390625e+00,1.077220344543457031e+01,5.585404396057128906e+00
4.616171836853027344e+00,3.924500465393066406e+00,-1.216599941253662109e+00,6.579935073852539062e+00,3.992905855178833008e+00,8.017320632934570312e+00,6.670262813568115234e+00,6.708465576171875000e+00,1.141107559204101562e+01,5.376700401306152344e+00
4.618117332458496094e+00,3.949106216430664062e+00,-1.191029548645019531e+00,6.578605175018310547e+00,4.002624988555908203e+00,8.014130592346191406e+00,6.683902263641357422e+00,6.727108955383300781e+00,1.143718910217285156e+01,5.370135307312011719e+00
4.611747264862060547e+00,3.991809129714965820e+00,-1.307098865509033203e+00,6.563303947448730469e+00,4.032446384429931641e+00,8.126588821411132812e+00,6.706172466278076172e+00,6.758143901824951172e+00,1.150997924804687500e+01,5.371490478515625000e+00
4.249051094055175781e+00,4.909784317016601562e+00,-2.667494773864746094e+00,7.426585197448730469e+00,3.907543659210205078e+00,6.576335906982421875e+00,7.780480384826660156e+00,4.914461612701416016e+00,1.031472969055175781e+01,5.115440845489501953e+00
4.256769657135009766e+00,4.723854064941406250e+00,-2.471863746643066406e+00,6.786763191223144531e+00,4.266407966613769531e+00,7.850312232971191406e+00,7.257600307464599609e+00,5.858265876770019531e+00,1.161751937866210938e+01,5.303639411926269531e+00
4.487986087799072266e+00,4.588009834289550781e+00,-1.882105112075805664e+00,6.608367443084716797e+00,4.176882266998291016e+00,7.798114776611328125e+00,7.194306373596191406e+00,6.687973022460937500e+00,1.182718086242675781e+01,5.250052928924560547e+00
4.201695442199707031e+00,4.646310806274414062e+00,-2.100948810577392578e+00,6.033121585845947266e+00,4.368805885314941406e+00,8.923058509826660156e+00,7.019021034240722656e+00,8.599005699157714844e+00,1.164199161529541016e+01,5.139526367187500000e+00
4.301355361938476562e+00,4.705764293670654297e+00,-2.775454044342041016e+00,7.403431892395019531e+00,3.766042709350585938e+00,6.164038658142089844e+00,7.833057403564453125e+00,4.584169864654541016e+00,9.913911819458007812e+00,5.002914428710937500e+00
4.324955463409423828e+00,4.282584190368652344e+00,-2.020127773284912109e+00,6.613969802856445312e+00,4.205721378326416016e+00,8.340481758117675781e+00,6.948411941528320312e+00,6.764750480651855469e+00,1.163507080078125000e+01,5.338130950927734375e+00
4.097363948822021484e+00,4.203520774841308594e+00,-2.149427413940429688e+00,6.184100627899169922e+00,4.189936637878417969e+00,9.252789497375488281e+00,6.480760574340820312e+00,7.835340499877929688e+00,1.160568618774414062e+01,5.396198272705078125e+00
3.892706871032714844e+00,4.534428596496582031e+00,-2.271500349044799805e+00,6.015677452087402344e+00,4.273498535156250000e+00,8.925758361816406250e+00,6.737637996673583984e+00,8.924874305725097656e+00,1.139481735229492188e+01,5.024330139160156250e+00
4.053284168243408203e+00,4.224552154541015625e+00,-2.196483612060546875e+00,6.318755149841308594e+00,4.174057960510253906e+00,8.638638496398925781e+00,6.585094451904296875e+00,7.309572219848632812e+00,1.147088813781738281e+01,5.221928119659423828e+00
3.950511932373046875e+00,4.449013710021972656e+00,-2.749405860900878906e+00,6.818201065063476562e+00,4.387442588806152344e+00,7.746487617492675781e+00,7.027441978454589844e+00,5.711725234985351562e+00,1.122336483001708984e+01,5.224435806274414062e+00
4.211212158203125000e+00,4.108977317810058594e+00,-2.394272327423095703e+00,6.851204872131347656e+00,4.249715805053710938e+00,6.550730705261230469e+00,7.329981327056884766e+00,5.436089515686035156e+00,1.043470764160156250e+01,5.140563011169433594e+00
4.521841049194335938e+00,3.657109498977661133e+00,-1.731329917907714844e+00,6.419419765472412109e+00,4.031934738159179688e+00,6.451562881469726562e+00,7.283435821533203125e+00,6.608800888061523438e+00,1.107329750061035156e+01,4.977310657501220703e+00
4.300172328948974609e+00,4.535379409790039062e+00,-2.524711608886718750e+00,7.122437477111816406e+00,4.155721187591552734e+00,6.362987518310546875e+00,7.426513671875000000e+00,4.991621971130371094e+00,1.022201538085937500e+01,5.138305664062500000e+00
4.517586708068847656e+00,3.740368366241455078e+00,-1.628715872764587402e+00,6.329264163970947266e+00,3.876397132873535156e+00,6.466549396514892578e+00,7.224960327148437500e+00,6.701112747192382812e+00,1.116279029846191406e+01,4.980248451232910156e+00
4.496731758117675781e+00,3.698589563369750977e+00,-1.650319099426269531e+00,6.314210891723632812e+00,3.860254764556884766e+00,6.405337810516357422e+00,7.234582424163818359e+00,6.649958610534667969e+00,1.110953330993652344e+01,4.977908134460449219e+00
4.642039775848388672e+00,4.041728973388671875e+00,-1.647283315658569336e+00,6.420057296752929688e+00,3.991744041442871094e+00,7.258318901062011719e+00,7.334527492523193359e+00,7.108881950378417969e+00,1.175085926055908203e+01,5.061109066009521484e+00
4.597396373748779297e+00,3.983415842056274414e+00,-1.720770597457885742e+00,6.413907051086425781e+00,3.973802328109741211e+00,7.052428245544433594e+00,7.417766094207763672e+00,6.955349922180175781e+00,1.160026264190673828e+01,5.038853645324707031e+00
4.626543521881103516e+00,4.009138584136962891e+00,-1.606708049774169922e+00,6.384600162506103516e+00,3.939755201339721680e+00,7.153275489807128906e+00,7.333761215209960938e+00,7.040511131286621094e+00,1.169098281860351562e+01,5.066685199737548828e+00
4.598860263824462891e+00,4.005156517028808594e+00,-1.659803628921508789e+00,6.372419357299804688e+00,3.938591480255126953e+00,6.968384742736816406e+00,7.241063594818115234e+00,6.885583400726318359e+00,1.153914833068847656e+01,5.060452461242675781e+00
4.577890396118164062e+00,3.944731235504150391e+00,-1.636168956756591797e+00,6.344334602355957031e+00,3.887359857559204102e+00,7.107251167297363281e+00,7.230168819427490234e+00,7.028237342834472656e+00,1.160658454895019531e+01,5.046557426452636719e+00
4.056624889373779297e+00,1.938982725143432617e+00,-1.751234650611877441e+00,4.086320400238037109e+00,1.564265489578247070e+00,5.057929992675781250e+00,2.287170886993408203e+00,4.381525516510009766e+00,1.007560729980468750e+01,4.133508205413818359e+00
4.883755207061767578e+00,3.050492763519287109e+00,-1.321832537651062012e+00,5.460318565368652344e+00,9.531949758529663086e-01,9.332825660705566406e+00,3.678092479705810547e+00,7.097854137420654297e+00,1.053931045532226562e+01,4.289168357849121094e+00
4.048127174377441406e+00,1.829354763031005859e+00,-1.922049641609191895e+00,4.999328613281250000e+00,1.292001605033874512e+00,3.643333673477172852e+00,2.258038520812988281e+00,3.655790805816650391e+00,9.951899528503417969e+00,4.808397769927978516e+00
3.954532623291015625e+00,1.865588068962097168e+00,-1.912358760833740234e+00,4.838361740112304688e+00,1.105583906173706055e+00,3.477484941482543945e+00,2.060978174209594727e+00,3.556630134582519531e+00,9.868059158325195312e+00,4.930776596069335938e+00
3.560095310211181641e+00,3.274660348892211914e+00,-3.169226408004760742e+00,2.170298337936401367e+00,3.576671600341796875e+00,5.465552330017089844e+00,2.151876688003540039e+00,6.174353599548339844e+00,5.683605670928955078e+00,2.497119903564453125e+00
3.522610902786254883e+00,3.153059482574462891e+00,-3.119935035705566406e+00,2.249449253082275391e+00,3.327052831649780273e+00,5.674837589263916016e+00,2.182914972305297852e+00,5.998882293701171875e+00,5.881236076354980469e+00,2.502063989639282227e+00
3.982268095016479492e+00,1.726829886436462402e+00,-1.875024080276489258e+00,4.718354225158691406e+00,1.050179362297058105e+00,3.518298387527465820e+00,1.900058269500732422e+00,3.571675300598144531e+00,9.819096565246582031e+00,4.771909713745117188e+00
3.932136058807373047e+00,1.852597355842590332e+00,-1.940592050552368164e+00,4.756443500518798828e+00,1.172844767570495605e+00,3.762650012969970703e+00,2.096128463745117188e+00,3.678379058837890625e+00,1.000801086425781250e+01,4.728504180908203125e+00
4.933670997619628906e+00,2.958184242248535156e+00,-1.318525075912475586e+00,5.444115638732910156e+00,8.648611307144165039e-01,9.385702133178710938e+00,3.635329723358154297e+00,7.229318618774414062e+00,1.051403999328613281e+01,4.307645320892333984e+00
4.564975738525390625e+00,2.659356594085693359e+00,-1.183750033378601074e+00,5.219450473785400391e+00,1.539012193679809570e+00,7.962062835693359375e+00,3.665193557739257812e+00,7.371123313903808594e+00,1.037790107727050781e+01,4.248646736145019531e+00
4.349063873291015625e+00,3.553034067153930664e+00,-1.668251633644104004e+00,6.064206600189208984e+00,3.209585189819335938e+00,7.524381637573242188e+00,6.859148502349853516e+00,6.291713237762451172e+00,1.146895980834960938e+01,5.085434913635253906e+00
3.858217954635620117e+00,2.768569946289062500e+00,-2.258747577667236328e+00,5.582967758178710938e+00,2.681197643280029297e+00,6.456091880798339844e+00,5.441119670867919922e+00,6.396743297576904297e+00,1.047478961944580078e+01,4.836264610290527344e+00
4.141577720642089844e+00,3.166822433471679688e+00,-1.341434836387634277e+00,5.202280044555664062e+00,2.433446645736694336e+00,7.204001426696777344e+00,5.577995777130126953e+00,7.092201232910156250e+00,1.121960258483886719e+01,4.665992736816406250e+00
4.108719825744628906e+00,3.657318353652954102e+00,-1.375746965408325195e+00,5.231815338134765625e+00,2.452567338943481445e+00,6.801201343536376953e+00,5.828331470489501953e+00,7.182011604309082031e+00,1.141887474060058594e+01,4.559683799743652344e+00
4.086505889892578125e+00,3.710718393325805664e+00,-1.238265633583068848e+00,5.156102180480957031e+00,2.203626155853271484e+00,7.008645057678222656e+00,6.152698993682861328e+00,7.484947204589843750e+00,1.142973232269287109e+01,4.476346015930175781e+00
4.643694877624511719e+00,2.382822513580322266e+00,-1.469063043594360352e+00,5.636936187744140625e+00,2.581468582153320312e+00,6.299743652343750000e+00,5.200697898864746094e+00,6.260661125183105469e+00,1.007771492004394531e+01,5.212564468383789062e+00
4.155070304870605469e+00,5.139052391052246094e+00,-2.659970998764038086e+00,7.653037071228027344e+00,3.848669767379760742e+00,7.849618911743164062e+00,8.451433181762695312e+00,4.448875427246093750e+00,1.042750358581542969e+01,5.204015254974365234e+00
4.443192958831787109e+00,3.289744853973388672e+00,-1.718662500381469727e+00,6.184197425842285156e+00,3.693168401718139648e+00,8.724735260009765625e+00,6.627387523651123047e+00,7.064742088317871094e+00,1.161437416076660156e+01,5.473969459533691406e+00
4.369072914123535156e+00,2.574159145355224609e+00,-1.930371284484863281e+00,5.307519912719726562e+00,2.717638731002807617e+00,5.377539634704589844e+00,5.586106300354003906e+00,6.215184211730957031e+00,1.092849349975585938e+01,4.517440795898437500e+00
4.184229373931884766e+00,3.512326955795288086e+00,-2.326080083847045898e+00,6.301377773284912109e+00,3.720674991607666016e+00,6.895436286926269531e+00,6.652182102203369141e+00,5.315570354461669922e+00,1.079111480712890625e+01,5.112504005432128906e+00
3.530480384826660156e+00,4.696697235107421875e+00,-3.092532634735107422e+00,6.733240127563476562e+00,3.367760658264160156e+00,7.317705154418945312e+00,7.704381942749023438e+00,3.686470985412597656e+00,9.799046516418457031e+00,4.540018081665039062e+00
4.809571743011474609e+00,2.797266960144042969e+00,-9.631593823432922363e-01,6.599618911743164062e+00,3.625370502471923828e+00,6.844620704650878906e+00,6.956142425537109375e+00,6.672129631042480469e+00,1.019112396240234375e+01,4.881520748138427734e+00
3.844017982482910156e+00,4.922464370727539062e+00,-2.746280908584594727e+00,7.255581855773925781e+00,3.560323953628540039e+00,7.558480262756347656e+00,7.964375495910644531e+00,4.069412231445312500e+00,1.012429428100585938e+01,4.939125061035156250e+00
4.896815776824951172e+00,2.482540130615234375e+00,-1.152656555175781250e+00,6.688571929931640625e+00,3.422508716583251953e+00,6.275537490844726562e+00,6.990175247192382812e+00,6.134474754333496094e+00,9.675834655761718750e+00,4.570369720458984375e+00
4.096890449523925781e+00,5.202840805053710938e+00,-2.371353149414062500e+00,7.653978347778320312e+00,3.775744199752807617e+00,7.706785202026367188e+00,8.299643516540527344e+00,4.373864650726318359e+00,1.024784088134765625e+01,5.161733627319335938e+00
4.191558837890625000e+00,3.582212448120117188e+00,-1.125504493713378906e+00,5.192120552062988281e+00,2.251864910125732422e+00,7.186336517333984375e+00,6.330281734466552734e+00,7.637886047363281250e+00,1.134356880187988281e+01,4.481783866882324219e+00
4.120178222656250000e+00,5.224230766296386719e+00,-2.466676235198974609e+00,7.715485572814941406e+00,3.773994922637939453e+00,7.722163200378417969e+00,8.375255584716796875e+00,4.385075569152832031e+00,1.026530742645263672e+01,5.178766250610351562e+00
4.145281314849853516e+00,3.690887928009033203e+00,-1.155993938446044922e+00,4.672239303588867188e+00,1.585500478744506836e+00,8.279795646667480469e+00,6.718492984771728516e+00,8.545776367187500000e+00,1.104970932006835938e+01,4.291785240173339844e+00
4.119123458862304688e+00,5.207808494567871094e+00,-2.438554286956787109e+00,7.697547912597656250e+00,3.778784990310668945e+00,7.717328071594238281e+00,8.348085403442382812e+00,4.394241809844970703e+00,1.028494548797607422e+01,5.182544708251953125e+00
4.514997005462646484e+00,2.551712274551391602e+00,-1.580856561660766602e+00,6.351284027099609375e+00,3.735730648040771484e+00,7.185036659240722656e+00,6.434725284576416016e+00,5.723140239715576172e+00,9.771507263183593750e+00,5.662884235382080078e+00
4.193737506866455078e+00,4.992199420928955078e+00,-2.689568519592285156e+00,7.632087707519531250e+00,3.881622791290283203e+00,7.758554458618164062e+00,8.343346595764160156e+00,4.523105621337890625e+00,1.040383243560791016e+01,5.214974403381347656e+00
4.213034629821777344e+00,5.081706047058105469e+00,-2.761024475097656250e+00,7.693014144897460938e+00,3.793245553970336914e+00,7.679212570190429688e+00,8.410840988159179688e+00,4.457569122314453125e+00,1.034094238281250000e+01,5.191065788269042969e+00
4.759748458862304688e+00,2.884855985641479492e+00,-2.334341526031494141e+00,5.285024166107177734e+00,7.495785355567932129e-01,6.531587600708007812e+00,5.306594848632812500e+00,5.038371086120605469e+00,9.660856246948242188e+00,4.129903316497802734e+00
4.181225776672363281e+00,3.403197288513183594e+00,-9.703339338302612305e-01,5.520001888275146484e+00,2.643538475036621094e+00,7.996454238891601562e+00,5.892775058746337891e+00,8.061161041259765625e+00,1.107746124267578125e+01,4.822286605834960938e+00
4.773332595825195312e+00,2.910603523254394531e+00,-2.301387310028076172e+00,5.313979148864746094e+00,7.892111539840698242e-01,6.524363517761230469e+00,5.323401927947998047e+00,5.066331386566162109e+00,9.639343261718750000e+00,4.174996852874755859e+00
4.052250385284423828e+00,3.233192920684814453e+00,-1.392924904823303223e+00,5.817038536071777344e+00,3.690702199935913086e+00,8.676978111267089844e+00,6.162897586822509766e+00,6.301360130310058594e+00,1.130125427246093750e+01,5.264493942260742188e+00
4.689049720764160156e+00,3.008717060089111328e+00,-2.632326126098632812e+00,5.288492679595947266e+00,8.117140531539916992e-01,6.482927322387695312e+00,5.291376113891601562e+00,5.079240322113037109e+00,9.630700111389160156e+00,4.050358772277832031e+00
4.800904273986816406e+00,4.462348937988281250e+00,-1.606951475143432617e+00,5.964077949523925781e+00,2.829870939254760742e+00,8.005234718322753906e+00,6.728391647338867188e+00,5.963819503784179688e+00,1.146423149108886719e+01,4.581450462341308594e+00
4.168475151062011719e+00,3.120717525482177734e+00,-1.082074165344238281e+00,5.666554450988769531e+00,3.277317523956298828e+00,9.015342712402343750e+00,5.452483177185058594e+00,6.405190467834472656e+00,1.138681316375732422e+01,5.245924949645996094e+00
4.032454490661621094e+00,2.600438594818115234e+00,-1.144315242767333984e+00,5.078655242919921875e+00,2.733744621276855469e+00,8.197695732116699219e+00,3.951311111450195312e+00,5.959477901458740234e+00,1.090542030334472656e+01,4.719242095947265625e+00
4.376485347747802734e+00,3.615269899368286133e+00,-1.283563613891601562e+00,6.155486106872558594e+00,3.607931852340698242e+00,6.180731296539306641e+00,6.892026424407958984e+00,6.297749996185302734e+00,1.085969161987304688e+01,4.850657463073730469e+00
4.388063430786132812e+00,3.537209510803222656e+00,-1.638225317001342773e+00,6.506444931030273438e+00,3.715933561325073242e+00,6.782477855682373047e+00,6.935174465179443359e+00,6.295409202575683594e+00,1.080335617065429688e+01,5.077646732330322266e+00
4.441694259643554688e+00,3.676870584487915039e+00,-1.616522908210754395e+00,6.300171852111816406e+00,3.735855102539062500e+00,6.267648696899414062e+00,7.110740184783935547e+00,6.288144588470458984e+00,1.083684158325195312e+01,4.990863800048828125e+00
4.210408687591552734e+00,5.205031394958496094e+00,-2.547039031982421875e+00,7.833577156066894531e+00,3.919842958450317383e+00,7.597094535827636719e+00,8.365558624267578125e+00,4.534812927246093750e+00,1.027529716491699219e+01,5.212884426116943359e+00
4.727459907531738281e+00,2.973377704620361328e+00,-1.300527930259704590e+00,7.057504653930664062e+00,3.965077638626098633e+00,7.039178371429443359e+00,7.264881610870361328e+00,6.155935287475585938e+00,9.959718704223632812e+00,5.238185405731201172e+00
4.914996147155761719e+00,4.033877372741699219e+00,-1.540537714958190918e+00,6.349743843078613281e+00,4.240109920501708984e+00,5.709298133850097656e+00,6.048447132110595703e+00,6.499499320983886719e+00,1.223133087158203125e+01,5.677374362945556641e+00
4.437614917755126953e+00,3.163505315780639648e+00,-1.661913871765136719e+00,6.885107040405273438e+00,3.993013858795166016e+00,7.645568847656250000e+00,6.955122947692871094e+00,6.016232490539550781e+00,1.031555557250976562e+01,5.435647964477539062e+00
4.246577262878417969e+00,5.199745178222656250e+00,-2.772624969482421875e+00,7.859835624694824219e+00,3.944627046585083008e+00,7.685935020446777344e+00,8.566963195800781250e+00,4.570792198181152344e+00,1.040048599243164062e+01,5.255346298217773438e+00
4.696270942687988281e+00,3.955207824707031250e+00,-1.377900958061218262e+00,6.277482032775878906e+00,3.338782787322998047e+00,5.766678333282470703e+00,6.302334785461425781e+00,5.927795410156250000e+00,1.176185894012451172e+01,5.351560115814208984e+00
4.588441371917724609e+00,3.955709218978881836e+00,-1.809447288513183594e+00,7.330127716064453125e+00,4.175788402557373047e+00,7.192625999450683594e+00,7.769809722900390625e+00,5.819813728332519531e+00,1.026198577880859375e+01,5.257699012756347656e+00
4.183753967285156250e+00,5.060809612274169922e+00,-2.684998750686645508e+00,7.603217124938964844e+00,3.817989826202392578e+00,7.610965728759765625e+00,8.256319046020507812e+00,4.508168220520019531e+00,1.036788177490234375e+01,5.159553527832031250e+00
4.213570594787597656e+00,5.161204814910888672e+00,-2.607979774475097656e+00,7.763247489929199219e+00,3.859221220016479492e+00,7.730044364929199219e+00,8.437381744384765625e+00,4.479161262512207031e+00,1.036282539367675781e+01,5.237564086914062500e+00
5.455285072326660156e+00,3.839033365249633789e+00,-8.659268617630004883e-01,5.473353862762451172e+00,1.109417319297790527e+00,5.226334095001220703e+00,4.266995429992675781e+00,6.237238883972167969e+00,1.147708892822265625e+01,4.501509666442871094e+00
4.113868236541748047e+00,4.999009132385253906e+00,-2.484529018402099609e+00,7.556247711181640625e+00,3.858568429946899414e+00,7.878614425659179688e+00,8.253643035888671875e+00,4.445069313049316406e+00,1.042548751831054688e+01,5.207508087158203125e+00
4.161839485168457031e+00,3.811105966567993164e+00,-1.327264547348022461e+00,5.314770698547363281e+00,2.428618192672729492e+00,7.109840393066406250e+00,6.322886466979980469e+00,7.369777679443359375e+00,1.155397129058837891e+01,4.577214717864990234e+00
4.204205513000488281e+00,3.224918127059936523e+00,-1.879044771194458008e+00,6.425994873046875000e+00,3.956073045730590820e+00,8.223882675170898438e+00,7.080434322357177734e+00,6.332661628723144531e+00,1.108901214599609375e+01,5.304030418395996094e+00
4.223451614379882812e+00,3.536226511001586914e+00,-2.110130310058593750e+00,6.350938320159912109e+00,4.006589889526367188e+00,8.911423683166503906e+00,6.958247661590576172e+00,6.342328071594238281e+00,1.144961166381835938e+01,5.469484329223632812e+00
4.071315765380859375e+00,3.606743097305297852e+00,-1.292938351631164551e+00,5.123891353607177734e+00,2.083252191543579102e+00,6.950077056884765625e+00,6.112946033477783203e+00,7.514446258544921875e+00,1.134475135803222656e+01,4.443711757659912109e+00
4.139966487884521484e+00,4.825872421264648438e+00,-2.640239238739013672e+00,7.333167076110839844e+00,3.800553083419799805e+00,7.636047363281250000e+00,7.994042396545410156e+00,4.522397994995117188e+00,1.048653411865234375e+01,5.124907970428466797e+00
4.143160343170166016e+00,5.083889007568359375e+00,-2.691989660263061523e+00,7.693009376525878906e+00,3.781805276870727539e+00,7.777956962585449219e+00,8.373947143554687500e+00,4.357195854187011719e+00,1.031381034851074219e+01,5.178731918334960938e+00
3.879860877990722656e+00,4.696467399597167969e+00,-2.394934415817260742e+00,6.850857734680175781e+00,3.473321437835693359e+00,7.183671951293945312e+00,7.539450168609619141e+00,3.956508398056030273e+00,9.816217422485351562e+00,4.656863212585449219e+00
5.140947818756103516e+00,2.679244279861450195e+00,-1.687809467315673828e+00,6.557155609130859375e+00,3.984055995941162109e+00,7.978814125061035156e+00,6.704152584075927734e+00,5.502676963806152344e+00,1.014883422851562500e+01,5.711028099060058594e+00
5.154324531555175781e+00,2.619028329849243164e+00,-2.088562488555908203e+00,6.568638801574707031e+00,4.186959743499755859e+00,8.094533920288085938e+00,6.845838546752929688e+00,5.532795906066894531e+00,1.029297637939453125e+01,5.841065406799316406e+00
5.237320899963378906e+00,2.624758958816528320e+00,-1.889529824256896973e+00,6.616580963134765625e+00,4.138190746307373047e+00,8.050914764404296875e+00,6.762386798858642578e+00,5.508411884307861328e+00,1.018225479125976562e+01,5.850155353546142578e+00
4.836828708648681641e+00,2.669686794281005859e+00,-1.738610386848449707e+00,6.600303173065185547e+00,4.136950492858886719e+00,7.636983871459960938e+00,6.769048213958740234e+00,5.810539245605468750e+00,9.986102104187011719e+00,5.915190696716308594e+00
4.526126861572265625e+00,3.998039484024047852e+00,-2.077481269836425781e+00,7.166081428527832031e+00,3.975249767303466797e+00,7.136672019958496094e+00,7.454919338226318359e+00,4.750739574432373047e+00,1.003243637084960938e+01,5.135177135467529297e+00
4.583294868469238281e+00,4.337903976440429688e+00,-2.495159149169921875e+00,7.469567298889160156e+00,4.156474590301513672e+00,7.398411750793457031e+00,7.770873546600341797e+00,4.817327022552490234e+00,1.022953891754150391e+01,5.290677547454833984e+00
4.749213695526123047e+00,1.909556269645690918e+00,-1.135210037231445312e+00,5.972905158996582031e+00,3.446550130844116211e+00,7.226541519165039062e+00,5.427364826202392578e+00,5.835370063781738281e+00,9.571647644042968750e+00,6.169214248657226562e+00
4.735827922821044922e+00,1.907344222068786621e+00,-8.822854757308959961e-01,5.926505088806152344e+00,3.453737735748291016e+00,7.402396202087402344e+00,5.327548027038574219e+00,5.911597251892089844e+00,9.650150299072265625e+00,6.149905681610107422e+00
5.014887809753417969e+00,2.253890514373779297e+00,-1.373073935508728027e+00,6.093900680541992188e+00,3.751490592956542969e+00,7.701760292053222656e+00,6.075882911682128906e+00,5.611281394958496094e+00,9.914834976196289062e+00,6.184839248657226562e+00
4.587244987487792969e+00,4.029399394989013672e+00,-1.331332921981811523e+00,6.793599128723144531e+00,4.076238155364990234e+00,6.928725242614746094e+00,7.195020198822021484e+00,6.161679744720458984e+00,1.093801975250244141e+01,5.162590980529785156e+00
4.467084884643554688e+00,3.732659339904785156e+00,-1.375005006790161133e+00,6.904105186462402344e+00,4.114528656005859375e+00,7.272725105285644531e+00,7.151568412780761719e+00,5.807249069213867188e+00,1.053445434570312500e+01,5.226345062255859375e+00
4.779742717742919922e+00,3.856164455413818359e+00,-1.362642526626586914e+00,6.771218299865722656e+00,4.070588588714599609e+00,7.263734817504882812e+00,7.265678882598876953e+00,6.468127250671386719e+00,1.129274559020996094e+01,5.161530494689941406e+00
4.671309471130371094e+00,3.975658416748046875e+00,-1.306711196899414062e+00,6.814930915832519531e+00,4.060258388519287109e+00,7.326456069946289062e+00,7.145018100738525391e+00,6.338772773742675781e+00,1.116520500183105469e+01,5.235198020935058594e+00
4.549532890319824219e+00,4.208244800567626953e+00,-1.929790258407592773e+00,6.710729598999023438e+00,4.143486976623535156e+00,8.215069770812988281e+00,6.999126434326171875e+00,6.392660140991210938e+00,1.169108772277832031e+01,5.322722434997558594e+00
4.651775360107421875e+00,3.742694854736328125e+00,-1.520783185958862305e+00,7.000765800476074219e+00,4.123717784881591797e+00,7.551675796508789062e+00,7.067331314086914062e+00,6.004190444946289062e+00,1.079677963256835938e+01,5.352850914001464844e+00
4.659745216369628906e+00,3.465502500534057617e+00,-1.353609323501586914e+00,7.019893646240234375e+00,4.184179782867431641e+00,7.839539527893066406e+00,6.784684658050537109e+00,5.997159957885742188e+00,1.064933395385742188e+01,5.470520019531250000e+00
4.640820503234863281e+00,3.691631317138671875e+00,-1.412987232208251953e+00,6.977971076965332031e+00,4.068199157714843750e+00,7.555371284484863281e+00,6.961143970489501953e+00,6.107134819030761719e+00,1.084958457946777344e+01,5.359398841857910156e+00
4.713425636291503906e+00,3.598553180694580078e+00,-1.593486070632934570e+00,7.035017967224121094e+00,4.187659740447998047e+00,7.980166435241699219e+00,6.832448959350585938e+00,6.087624549865722656e+00,1.084394741058349609e+01,5.447643280029296875e+00
4.659011363983154297e+00,3.512636661529541016e+00,-1.484627246856689453e+00,7.057773590087890625e+00,4.215236663818359375e+00,7.898120880126953125e+00,6.809944629669189453e+00,5.972744464874267578e+00,1.066342639923095703e+01,5.471342563629150391e+00
4.567481517791748047e+00,5.134434700012207031e+00,-2.151895284652709961e+00,6.704995632171630859e+00,4.289734363555908203e+00,7.707490921020507812e+00,6.987143516540527344e+00,5.866416931152343750e+00,1.193511009216308594e+01,5.176453590393066406e+00
4.646489143371582031e+00,5.256576061248779297e+00,-2.012166023254394531e+00,6.755598068237304688e+00,4.534164905548095703e+00,7.247094154357910156e+00,6.785091400146484375e+00,5.790622234344482422e+00,1.201053619384765625e+01,5.118854045867919922e+00
4.585022926330566406e+00,5.132935523986816406e+00,-1.895559787750244141e+00,6.738343238830566406e+00,4.390960693359375000e+00,7.135781288146972656e+00,6.846433639526367188e+00,5.769299507141113281e+00,1.177451324462890625e+01,5.128568172454833984e+00
4.516724586486816406e+00,5.067140579223632812e+00,-2.118202686309814453e+00,6.737183570861816406e+00,4.299057960510253906e+00,7.611962318420410156e+00,7.112047195434570312e+00,5.894837379455566406e+00,1.184866333007812500e+01,5.190735816955566406e+00
4.424110412597656250e+00,4.158420562744140625e+00,-1.463802933692932129e+00,6.758594512939453125e+00,4.155122280120849609e+00,7.529150009155273438e+00,7.102737426757812500e+00,6.267075061798095703e+00,1.127513408660888672e+01,5.248991489410400391e+00
4.655397415161132812e+00,3.872538566589355469e+00,-1.052731513977050781e+00,6.747091293334960938e+00,3.915534257888793945e+00,7.038534164428710938e+00,6.929498195648193359e+00,6.414149284362792969e+00,1.095261383056640625e+01,5.239456653594970703e+00
4.664287567138671875e+00,3.601937294006347656e+00,-1.250667572021484375e+00,6.926070213317871094e+00,4.111594676971435547e+00,7.883505821228027344e+00,6.798747539520263672e+00,6.392282485961914062e+00,1.092820549011230469e+01,5.468442916870117188e+00
4.670854568481445312e+00,3.826923370361328125e+00,-9.719352722167968750e-01,6.806273460388183594e+00,3.925870180130004883e+00,7.328717231750488281e+00,6.832275390625000000e+00,6.455563068389892578e+00,1.095878505706787109e+01,5.354572772979736328e+00
4.680266857147216797e+00,3.199659824371337891e+00,-1.436914205551147461e+00,7.105249404907226562e+00,4.275544166564941406e+00,8.166220664978027344e+00,6.641361713409423828e+00,5.913979530334472656e+00,1.047153663635253906e+01,5.650519371032714844e+00
4.683268070220947266e+00,3.650707244873046875e+00,-1.027070164680480957e+00,6.855295181274414062e+00,3.939250707626342773e+00,7.488223075866699219e+00,6.810709476470947266e+00,6.395798683166503906e+00,1.084706306457519531e+01,5.421505928039550781e+00
4.175126552581787109e+00,3.538836956024169922e+00,-2.232661962509155273e+00,6.467592239379882812e+00,4.028587341308593750e+00,9.565728187561035156e+00,6.464059352874755859e+00,6.757988929748535156e+00,1.178426933288574219e+01,5.505573272705078125e+00
4.438184738159179688e+00,3.461382389068603516e+00,-1.930598735809326172e+00,6.570506095886230469e+00,3.953704595565795898e+00,9.544570922851562500e+00,6.454291820526123047e+00,6.379323482513427734e+00,1.180399417877197266e+01,5.374935150146484375e+00
4.465854167938232422e+00,3.549379110336303711e+00,-1.908181905746459961e+00,6.564640045166015625e+00,3.990203857421875000e+00,9.408325195312500000e+00,6.486060619354248047e+00,6.412639617919921875e+00,1.178902912139892578e+01,5.376577377319335938e+00
4.417024135589599609e+00,3.318236351013183594e+00,-1.856028676033020020e+00,6.539724349975585938e+00,3.888661623001098633e+00,9.603082656860351562e+00,6.314231395721435547e+00,6.327990055084228516e+00,1.179066848754882812e+01,5.355910301208496094e+00
4.131222724914550781e+00,3.448728561401367188e+00,-2.286291122436523438e+00,6.518245220184326172e+00,4.057566165924072266e+00,8.973043441772460938e+00,6.657761573791503906e+00,6.043231964111328125e+00,1.162306594848632812e+01,5.449841499328613281e+00
4.382597446441650391e+00,3.301675319671630859e+00,-1.942424297332763672e+00,6.542608261108398438e+00,3.865451335906982422e+00,9.752439498901367188e+00,6.313406944274902344e+00,6.315345287322998047e+00,1.181761264801025391e+01,5.333041191101074219e+00
4.241159439086914062e+00,3.521245718002319336e+00,-2.184527158737182617e+00,6.553785324096679688e+00,4.053235530853271484e+00,9.560412406921386719e+00,6.513401508331298828e+00,6.568938255310058594e+00,1.179347419738769531e+01,5.510270118713378906e+00
4.366971015930175781e+00,3.349430084228515625e+00,-2.028654336929321289e+00,6.579173088073730469e+00,3.909353733062744141e+00,9.729964256286621094e+00,6.408212661743164062e+00,6.304677963256835938e+00,1.183453083038330078e+01,5.340864181518554688e+00
4.287682533264160156e+00,3.459636211395263672e+00,-2.110264062881469727e+00,6.612665176391601562e+00,4.011059284210205078e+00,9.486906051635742188e+00,6.534596920013427734e+00,6.253503799438476562e+00,1.176565742492675781e+01,5.439992904663085938e+00
3.951383829116821289e+00,4.687663078308105469e+00,-2.625605106353759766e+00,7.062528610229492188e+00,3.607757329940795898e+00,7.207884788513183594e+00,7.643726825714111328e+00,4.080368518829345703e+00,1.004369926452636719e+01,4.796082496643066406e+00
4.686592102050781250e+00,2.197231531143188477e+00,-1.330508708953857422e+00,5.324191570281982422e+00,2.900904655456542969e+00,5.241250991821289062e+00,5.468842983245849609e+00,5.936317443847656250e+00,1.085022735595703125e+01,4.534150123596191406e+00
4.214556217193603516e+00,1.963193058967590332e+00,-1.697517275810241699e+00,5.282469749450683594e+00,2.766698837280273438e+00,5.371582031250000000e+00,5.263146400451660156e+00,5.813526153564453125e+00,1.090116691589355469e+01,4.294378757476806641e+00
5.240032672882080078e+00,3.403170585632324219e+00,-1.615698933601379395e+00,5.904620170593261719e+00,1.953693151473999023e+00,4.809971332550048828e+00,4.786872863769531250e+00,6.723639011383056641e+00,1.158309364318847656e+01,4.897817611694335938e+00
4.205560207366943359e+00,2.166589498519897461e+00,-2.068170070648193359e+00,5.570642948150634766e+00,2.934709072113037109e+00,6.097017765045166016e+00,5.311914443969726562e+00,5.796415328979492188e+00,1.080858898162841797e+01,4.563785552978515625e+00
5.953486442565917969e+00,2.641288518905639648e+00,-8.906860947608947754e-01,5.446284294128417969e+00,1.893380880355834961e+00,4.621344566345214844e+00,4.368547439575195312e+00,7.195816040039062500e+00,1.114484596252441406e+01,4.102334022521972656e+00
4.315699577331542969e+00,2.067698240280151367e+00,-1.765558600425720215e+00,5.507799148559570312e+00,2.974223852157592773e+00,5.399693489074707031e+00,5.667862892150878906e+00,5.963902473449707031e+00,1.110513114929199219e+01,4.332612514495849609e+00
4.087268829345703125e+00,2.031854629516601562e+00,-2.053980827331542969e+00,5.382897853851318359e+00,2.801111221313476562e+00,5.858139514923095703e+00,5.326366424560546875e+00,5.837032318115234375e+00,1.108077526092529297e+01,4.415205955505371094e+00
4.280529022216796875e+00,2.194133043289184570e+00,-1.793146133422851562e+00,5.574638366699218750e+00,3.017408609390258789e+00,5.643630981445312500e+00,5.755399703979492188e+00,6.229378700256347656e+00,1.118728446960449219e+01,4.448380470275878906e+00
4.289528846740722656e+00,2.442745208740234375e+00,-2.119897127151489258e+00,5.836515426635742188e+00,3.043881654739379883e+00,6.372655868530273438e+00,5.423577785491943359e+00,5.897487640380859375e+00,1.025480651855468750e+01,4.798401832580566406e+00
4.314296722412109375e+00,2.684197425842285156e+00,-1.201393842697143555e+00,6.136087894439697266e+00,3.514039278030395508e+00,8.796682357788085938e+00,5.931100368499755859e+00,6.201708316802978516e+00,1.097797775268554688e+01,5.685349464416503906e+00
4.130564689636230469e+00,2.212271690368652344e+00,-1.736418962478637695e+00,5.460255622863769531e+00,2.787159204483032227e+00,6.139921665191650391e+00,5.444823265075683594e+00,5.651922225952148438e+00,1.096045589447021484e+01,4.493557929992675781e+00
4.240466117858886719e+00,1.921440482139587402e+00,-1.942762613296508789e+00,5.232830524444580078e+00,2.706243038177490234e+00,5.494760990142822266e+00,5.172011375427246094e+00,5.777369499206542969e+00,1.108946800231933594e+01,4.271991729736328125e+00
4.482332229614257812e+00,3.128143072128295898e+00,-7.701074481010437012e-01,5.215009212493896484e+00,2.236388921737670898e+00,7.598888397216796875e+00,4.480037689208984375e+00,6.129309654235839844e+00,1.079673385620117188e+01,4.957872390747070312e+00
4.135734558105468750e+00,2.043003320693969727e+00,-1.830590248107910156e+00,5.224916458129882812e+00,2.707702875137329102e+00,5.932925224304199219e+00,5.082107543945312500e+00,5.551550865173339844e+00,1.107203292846679688e+01,4.408104896545410156e+00
4.669184684753417969e+00,3.613064289093017578e+00,-1.563307166099548340e+00,5.461276054382324219e+00,2.827320098876953125e+00,6.975413322448730469e+00,6.146573066711425781e+00,6.565792083740234375e+00,1.152725124359130859e+01,4.554789543151855469e+00
4.185614585876464844e+00,2.237916469573974609e+00,-1.140101671218872070e+00,4.238231182098388672e+00,1.734344244003295898e+00,5.561206340789794922e+00,2.807356834411621094e+00,5.872529983520507812e+00,1.019463157653808594e+01,4.935762405395507812e+00
4.469695091247558594e+00,3.447042226791381836e+00,-1.733644366264343262e+00,5.835478782653808594e+00,3.829387664794921875e+00,9.386705398559570312e+00,6.747520446777343750e+00,6.059615135192871094e+00,1.184297657012939453e+01,5.284587383270263672e+00
4.389914512634277344e+00,3.638496160507202148e+00,-1.212809562683105469e+00,5.438936233520507812e+00,2.942187070846557617e+00,7.289604187011718750e+00,6.131021022796630859e+00,6.284405708312988281e+00,1.127296257019042969e+01,4.887811660766601562e+00
4.193699359893798828e+00,2.262124776840209961e+00,-1.129910707473754883e+00,4.261356353759765625e+00,1.710550785064697266e+00,5.460457801818847656e+00,2.792624473571777344e+00,5.817975997924804688e+00,1.018382930755615234e+01,4.868710041046142578e+00
4.371560096740722656e+00,3.021470546722412109e+00,-1.491588115692138672e+00,5.218194484710693359e+00,2.673577308654785156e+00,7.076657295227050781e+00,5.622796535491943359e+00,5.877565860748291016e+00,1.100477981567382812e+01,4.636291503906250000e+00
4.585656166076660156e+00,3.183012485504150391e+00,-1.945354223251342773e+00,6.167742729187011719e+00,3.480221748352050781e+00,8.429183006286621094e+00,6.481519222259521484e+00,6.141007900238037109e+00,1.136082649230957031e+01,4.938563346862792969e+00
4.383415222167968750e+00,3.173248291015625000e+00,-1.683890104293823242e+00,5.492411613464355469e+00,2.777324914932250977e+00,7.629626274108886719e+00,6.265677928924560547e+00,5.870826721191406250e+00,1.117774772644042969e+01,4.613199234008789062e+00
4.382656097412109375e+00,3.211480617523193359e+00,-1.814280033111572266e+00,6.249382972717285156e+00,3.769381284713745117e+00,9.922359466552734375e+00,6.452216625213623047e+00,6.092270851135253906e+00,1.189171409606933594e+01,5.349819183349609375e+00
4.220335960388183594e+00,2.434533596038818359e+00,-2.102868556976318359e+00,5.639655113220214844e+00,3.259374856948852539e+00,7.938653945922851562e+00,5.472477912902832031e+00,5.930418014526367188e+00,1.094215202331542969e+01,4.951973438262939453e+00
4.347036838531494141e+00,3.260709762573242188e+00,-1.444851517677307129e+00,5.963093280792236328e+00,3.486858606338500977e+00,8.456424713134765625e+00,6.351953029632568359e+00,6.438462257385253906e+00,1.129343891143798828e+01,5.346206665039062500e+00
4.161983966827392578e+00,2.939174175262451172e+00,-1.861488699913024902e+00,6.302493095397949219e+00,3.855426549911499023e+00,1.006679058074951172e+01,5.958080291748046875e+00,6.461665153503417969e+00,1.156534099578857422e+01,5.379930973052978516e+00
4.498316287994384766e+00,3.006783246994018555e+00,-1.383940815925598145e+00,6.265862464904785156e+00,3.848744392395019531e+00,9.661185264587402344e+00,6.335995674133300781e+00,9.175131797790527344e+00,1.140245246887207031e+01,5.715559005737304688e+00
4.405264377593994141e+00,3.323960781097412109e+00,-1.393133401870727539e+00,6.143019676208496094e+00,3.665263891220092773e+00,9.947223663330078125e+00,5.877662658691406250e+00,9.212978363037109375e+00,1.150408267974853516e+01,5.747668266296386719e+00
4.049103736877441406e+00,2.883627891540527344e+00,-1.306486010551452637e+00,6.153540611267089844e+00,3.590154170989990234e+00,9.730046272277832031e+00,6.065804958343505859e+00,6.207652568817138672e+00,1.148880767822265625e+01,5.329524040222167969e+00
4.500976085662841797e+00,3.340548038482666016e+00,-1.235307931900024414e+00,6.174262046813964844e+00,3.735700845718383789e+00,9.884538650512695312e+00,6.002653121948242188e+00,9.258524894714355469e+00,1.148137664794921875e+01,5.779215812683105469e+00
3.783939599990844727e+00,4.909852981567382812e+00,-2.634619474411010742e+00,7.141065597534179688e+00,3.541670322418212891e+00,7.310249328613281250e+00,7.970045089721679688e+00,3.958525657653808594e+00,9.882207870483398438e+00,4.817637920379638672e+00
3.672456979751586914e+00,4.822360992431640625e+00,-2.935912609100341797e+00,6.970560073852539062e+00,3.528268575668334961e+00,7.309706687927246094e+00,8.005277633666992188e+00,3.816159248352050781e+00,9.838245391845703125e+00,4.688584327697753906e+00
3.914457559585571289e+00,4.999717712402343750e+00,-2.824891567230224609e+00,7.358143806457519531e+00,3.640055656433105469e+00,7.399783134460449219e+00,8.118566513061523438e+00,4.083161354064941406e+00,9.990789413452148438e+00,4.912528038024902344e+00
4.025335311889648438e+00,5.051783084869384766e+00,-2.922410488128662109e+00,7.545695304870605469e+00,3.649239063262939453e+00,7.508521080017089844e+00,8.264930725097656250e+00,4.184576034545898438e+00,1.006903457641601562e+01,5.016747951507568359e+00
3.543417930603027344e+00,4.791851043701171875e+00,-2.847989559173583984e+00,6.862003326416015625e+00,3.444961786270141602e+00,7.397708892822265625e+00,7.868375778198242188e+00,3.719804525375366211e+00,9.789825439453125000e+00,4.606725215911865234e+00
4.083640098571777344e+00,5.055461883544921875e+00,-2.746828556060791016e+00,7.571709632873535156e+00,3.729521751403808594e+00,7.443595886230468750e+00,8.163442611694335938e+00,4.300356388092041016e+00,1.008771514892578125e+01,5.051823139190673828e+00
4.069338798522949219e+00,5.101251602172851562e+00,-2.632137537002563477e+00,7.582551956176757812e+00,3.750835895538330078e+00,7.462401390075683594e+00,8.186578750610351562e+00,4.305966377258300781e+00,1.009649276733398438e+01,5.074987888336181641e+00
4.018173217773437500e+00,5.124053955078125000e+00,-2.619231700897216797e+00,7.525111198425292969e+00,3.659072399139404297e+00,7.539132118225097656e+00,8.239498138427734375e+00,4.231277942657470703e+00,1.011025810241699219e+01,5.044152259826660156e+00
4.131114482879638672e+00,5.193743228912353516e+00,-2.770673513412475586e+00,7.749727249145507812e+00,3.772012472152709961e+00,7.679657936096191406e+00,8.418981552124023438e+00,4.349570274353027344e+00,1.022871017456054688e+01,5.149696826934814453e+00
4.141785144805908203e+00,5.210443496704101562e+00,-2.692644834518432617e+00,7.758945465087890625e+00,3.775152683258056641e+00,7.699011802673339844e+00,8.431219100952148438e+00,4.363361358642578125e+00,1.024101638793945312e+01,5.165555953979492188e+00
3.685938119888305664e+00,4.673450469970703125e+00,-2.744179725646972656e+00,6.739030838012695312e+00,3.454187154769897461e+00,7.237036705017089844e+00,7.695086479187011719e+00,3.769381999969482422e+00,9.769355773925781250e+00,4.581623077392578125e+00
4.735611915588378906e+00,2.983494758605957031e+00,-1.236577630043029785e+00,7.106564521789550781e+00,3.874002456665039062e+00,6.433996677398681641e+00,7.569497108459472656e+00,6.005391120910644531e+00,9.443342208862304688e+00,4.655976295471191406e+00
4.485031127929687500e+00,3.628921270370483398e+00,-1.672916889190673828e+00,7.258157730102539062e+00,4.007918357849121094e+00,6.610988616943359375e+00,7.433846950531005859e+00,5.497095108032226562e+00,9.718168258666992188e+00,5.163214683532714844e+00
5.068554878234863281e+00,2.882036685943603516e+00,-9.526426792144775391e-01,7.036717414855957031e+00,3.765933036804199219e+00,6.340367317199707031e+00,7.773266792297363281e+00,6.166437149047851562e+00,9.523603439331054688e+00,4.303049564361572266e+00
4.305146217346191406e+00,3.723500490188598633e+00,-2.628320693969726562e+00,7.010630607604980469e+00,3.797499895095825195e+00,6.144255161285400391e+00,7.920472145080566406e+00,4.625287532806396484e+00,9.480157852172851562e+00,4.678012371063232422e+00
4.497878074645996094e+00,3.407204627990722656e+00,-1.404873251914978027e+00,7.227638244628906250e+00,4.076419830322265625e+00,6.543793678283691406e+00,7.724800109863281250e+00,5.721754074096679688e+00,9.616101264953613281e+00,4.938508510589599609e+00
4.251228332519531250e+00,4.704216480255126953e+00,-2.565929889678955078e+00,7.638647079467773438e+00,3.742239713668823242e+00,6.149922370910644531e+00,8.017782211303710938e+00,4.485294342041015625e+00,9.589040756225585938e+00,5.010386466979980469e+00
4.879496574401855469e+00,3.064845085144042969e+00,-1.240410208702087402e+00,7.156256675720214844e+00,3.846266746520996094e+00,6.305508613586425781e+00,7.614045143127441406e+00,6.014662742614746094e+00,9.486872673034667969e+00,4.694348335266113281e+00
4.354415416717529297e+00,4.533262729644775391e+00,-2.166193008422851562e+00,7.513474464416503906e+00,3.785428524017333984e+00,6.158150196075439453e+00,7.698172569274902344e+00,4.680661678314208984e+00,9.667208671569824219e+00,5.114278793334960938e+00
4.159127235412597656e+00,4.881685256958007812e+00,-2.361938953399658203e+00,7.513482093811035156e+00,3.781621694564819336e+00,7.184064865112304688e+00,7.930538654327392578e+00,4.436295509338378906e+00,1.003328132629394531e+01,5.102088928222656250e+00
3.924661636352539062e+00,4.824542045593261719e+00,-2.837271690368652344e+00,7.324583053588867188e+00,3.655387401580810547e+00,7.106986999511718750e+00,8.120748519897460938e+00,4.092535495758056641e+00,9.730493545532226562e+00,4.861158370971679688e+00
4.098686218261718750e+00,4.705118656158447266e+00,-2.191211223602294922e+00,7.427495956420898438e+00,3.782681941986083984e+00,6.786386966705322266e+00,8.075533866882324219e+00,4.326697826385498047e+00,9.656208038330078125e+00,4.920490264892578125e+00
4.049100399017333984e+00,5.188147068023681641e+00,-2.373481988906860352e+00,7.591135978698730469e+00,3.767848014831542969e+00,7.566956520080566406e+00,8.245362281799316406e+00,4.309085845947265625e+00,1.015041160583496094e+01,5.109100341796875000e+00
3.989985466003417969e+00,5.068243980407714844e+00,-2.675913333892822266e+00,7.477729797363281250e+00,3.720254421234130859e+00,7.352682113647460938e+00,8.185981750488281250e+00,4.182514667510986328e+00,9.965501785278320312e+00,4.971951961517333984e+00
4.147851943969726562e+00,4.978467941284179688e+00,-2.295392990112304688e+00,7.642152786254882812e+00,3.853572130203247070e+00,7.162933349609375000e+00,8.155539512634277344e+00,4.467075347900390625e+00,9.960147857666015625e+00,5.131786823272705078e+00
4.156215667724609375e+00,5.204270362854003906e+00,-2.607488155364990234e+00,7.744709014892578125e+00,3.773798704147338867e+00,7.720128059387207031e+00,8.370759010314941406e+00,4.413998126983642578e+00,1.031842803955078125e+01,5.187819480895996094e+00
4.155246734619140625e+00,4.932661533355712891e+00,-2.570892572402954102e+00,7.662787437438964844e+00,3.712100982666015625e+00,6.660263061523437500e+00,8.200741767883300781e+00,4.361770153045654297e+00,9.742988586425781250e+00,5.029467582702636719e+00
4.097692012786865234e+00,5.228878021240234375e+00,-2.191721677780151367e+00,7.671047210693359375e+00,3.807455062866210938e+00,7.621242523193359375e+00,8.305962562561035156e+00,4.390279293060302734e+00,1.017846584320068359e+01,5.125041007995605469e+00
4.050405025482177734e+00,5.201876640319824219e+00,-2.183382749557495117e+00,7.631100654602050781e+00,3.768949508666992188e+00,7.701252937316894531e+00,8.308970451354980469e+00,4.346788406372070312e+00,1.022076797485351562e+01,5.152013778686523438e+00
4.060284137725830078e+00,5.195873260498046875e+00,-2.154497385025024414e+00,7.611490249633789062e+00,3.770484924316406250e+00,7.676802635192871094e+00,8.281892776489257812e+00,4.342905998229980469e+00,1.019752120971679688e+01,5.139186859130859375e+00
4.084797859191894531e+00,3.526430130004882812e+00,-1.289214968681335449e+00,5.055970191955566406e+00,2.074187040328979492e+00,6.911567687988281250e+00,6.017138481140136719e+00,7.415618896484375000e+00,1.126454353332519531e+01,4.386546611785888672e+00
4.074874877929687500e+00,3.511597394943237305e+00,-1.225110888481140137e+00,5.057174682617187500e+00,2.035495281219482422e+00,6.882384300231933594e+00,6.026662826538085938e+00,7.457511901855468750e+00,1.121435642242431641e+01,4.393017292022705078e+00
4.064493179321289062e+00,3.526111364364624023e+00,-1.214515924453735352e+00,5.052812576293945312e+00,2.039108514785766602e+00,6.958522319793701172e+00,6.037118911743164062e+00,7.521768569946289062e+00,1.127235794067382812e+01,4.421673774719238281e+00
4.076031684875488281e+00,3.600882053375244141e+00,-1.314599156379699707e+00,5.132794380187988281e+00,2.200681447982788086e+00,6.949330806732177734e+00,6.080836296081542969e+00,7.553309440612792969e+00,1.138395690917968750e+01,4.430067062377929688e+00
4.070382595062255859e+00,3.538727283477783203e+00,-1.227083444595336914e+00,5.074364662170410156e+00,2.079153776168823242e+00,6.967108726501464844e+00,6.043317317962646484e+00,7.527395248413085938e+00,1.130903339385986328e+01,4.424685001373291016e+00
4.053121089935302734e+00,2.695977210998535156e+00,-1.294173359870910645e+00,5.998628139495849609e+00,3.358963012695312500e+00,9.355896949768066406e+00,5.533156394958496094e+00,6.373574733734130859e+00,1.126667976379394531e+01,5.331346988677978516e+00
4.163560390472412109e+00,2.611261844635009766e+00,-1.180718302726745605e+00,5.980715751647949219e+00,3.427650928497314453e+00,9.453001976013183594e+00,5.845830917358398438e+00,6.394845008850097656e+00,1.140450954437255859e+01,5.645708560943603516e+00
4.048575401306152344e+00,2.822559356689453125e+00,-1.214751958847045898e+00,5.707649230957031250e+00,3.215761661529541016e+00,9.147606849670410156e+00,4.862582206726074219e+00,6.424198150634765625e+00,1.127429485321044922e+01,5.000027656555175781e+00
4.266970634460449219e+00,3.164301872253417969e+00,-7.713343501091003418e-01,5.444998264312744141e+00,2.742317914962768555e+00,7.947114944458007812e+00,5.589617729187011719e+00,7.659771919250488281e+00,1.115867233276367188e+01,4.989455223083496094e+00
4.637904167175292969e+00,3.508954763412475586e+00,-1.538052201271057129e+00,5.705716133117675781e+00,2.097434282302856445e+00,5.753245353698730469e+00,5.947649955749511719e+00,6.540358066558837891e+00,1.122986888885498047e+01,4.775982856750488281e+00
4.038824081420898438e+00,3.645803451538085938e+00,-1.360035777091979980e+00,5.163053512573242188e+00,2.204991579055786133e+00,6.945552825927734375e+00,6.113579750061035156e+00,7.583916664123535156e+00,1.143560791015625000e+01,4.466407775878906250e+00
4.037130355834960938e+00,3.641900062561035156e+00,-1.421129226684570312e+00,5.392019271850585938e+00,2.459223508834838867e+00,7.445613861083984375e+00,6.206947326660156250e+00,7.626352310180664062e+00,1.133691406250000000e+01,4.636616230010986328e+00
4.089942932128906250e+00,3.772383689880371094e+00,-1.229927301406860352e+00,5.163969516754150391e+00,2.206055879592895508e+00,7.047245025634765625e+00,6.164777278900146484e+00,7.511811256408691406e+00,1.145102882385253906e+01,4.485355854034423828e+00
4.050935745239257812e+00,3.700288057327270508e+00,-1.384882926940917969e+00,5.192943572998046875e+00,2.251995086669921875e+00,6.963946342468261719e+00,6.143746852874755859e+00,7.590319633483886719e+00,1.148087882995605469e+01,4.478816032409667969e+00
4.054560184478759766e+00,3.598151206970214844e+00,-1.283489584922790527e+00,5.107947349548339844e+00,2.124724864959716797e+00,6.946407794952392578e+00,6.086252689361572266e+00,7.567144393920898438e+00,1.137413406372070312e+01,4.432859420776367188e+00
4.105784416198730469e+00,3.357181072235107422e+00,-1.858479738235473633e+00,5.871541023254394531e+00,3.203320026397705078e+00,7.431894302368164062e+00,6.386571884155273438e+00,6.514358043670654297e+00,1.103242874145507812e+01,4.977449417114257812e+00
4.061788082122802734e+00,3.690788507461547852e+00,-1.302437424659729004e+00,5.156695365905761719e+00,2.207277536392211914e+00,6.981131553649902344e+00,6.124737262725830078e+00,7.544415473937988281e+00,1.146256637573242188e+01,4.468408584594726562e+00
4.120207309722900391e+00,3.692460298538208008e+00,-1.238287091255187988e+00,5.195439338684082031e+00,2.261973619461059570e+00,7.173409461975097656e+00,6.204939365386962891e+00,7.722001075744628906e+00,1.143115806579589844e+01,4.475082874298095703e+00
4.067709922790527344e+00,3.579817771911621094e+00,-1.242025136947631836e+00,5.086814880371093750e+00,2.066690206527709961e+00,6.952745437622070312e+00,6.074261665344238281e+00,7.577721595764160156e+00,1.133697319030761719e+01,4.414336204528808594e+00
4.046257972717285156e+00,3.563812255859375000e+00,-1.383386850357055664e+00,5.061569690704345703e+00,2.050646543502807617e+00,6.822926044464111328e+00,6.089058876037597656e+00,7.254057884216308594e+00,1.131479835510253906e+01,4.403028964996337891e+00
4.868519306182861328e+00,3.522249221801757812e+00,-1.785034418106079102e+00,5.537893295288085938e+00,2.752853155136108398e+00,7.664437294006347656e+00,5.777718544006347656e+00,5.303742408752441406e+00,1.058679580688476562e+01,4.221929550170898438e+00
5.519729614257812500e+00,4.263205528259277344e+00,-1.119540691375732422e+00,5.664472579956054688e+00,9.409845471382141113e-01,4.642896652221679688e+00,4.197153568267822266e+00,6.665807247161865234e+00,1.189820480346679688e+01,4.340876579284667969e+00
4.352721691131591797e+00,4.603723049163818359e+00,-2.407055854797363281e+00,7.296987533569335938e+00,3.895806074142456055e+00,7.679128646850585938e+00,7.894649505615234375e+00,4.573729038238525391e+00,1.050901508331298828e+01,5.212598800659179688e+00
5.135660171508789062e+00,2.674653530120849609e+00,-1.992766380310058594e+00,6.620003700256347656e+00,4.242981910705566406e+00,8.184774398803710938e+00,6.925454616546630859e+00,5.520507812500000000e+00,1.041377067565917969e+01,5.852158546447753906e+00
5.547879695892333984e+00,4.619895935058593750e+00,-1.218705892562866211e+00,5.569060325622558594e+00,1.770132780075073242e+00,4.764856815338134766e+00,4.605801582336425781e+00,6.086582183837890625e+00,1.207584762573242188e+01,4.339877128601074219e+00
4.995041847229003906e+00,2.351011514663696289e+00,-1.848191499710083008e+00,6.168787479400634766e+00,3.843777179718017578e+00,7.869434356689453125e+00,6.316816329956054688e+00,5.399673461914062500e+00,1.004122352600097656e+01,5.844495773315429688e+00
4.470085620880126953e+00,3.660999059677124023e+00,-2.069388628005981445e+00,6.339408874511718750e+00,4.089743614196777344e+00,9.330112457275390625e+00,7.339312076568603516e+00,6.168565750122070312e+00,1.176065731048583984e+01,5.525040626525878906e+00
4.422414302825927734e+00,4.211089134216308594e+00,-2.302769422531127930e+00,6.967994689941406250e+00,3.410932302474975586e+00,7.289710998535156250e+00,7.335215568542480469e+00,4.478801727294921875e+00,1.037502288818359375e+01,4.924602031707763672e+00
5.651265144348144531e+00,4.481963157653808594e+00,-1.074086070060729980e+00,5.578373908996582031e+00,1.135886073112487793e+00,4.482288360595703125e+00,4.301115989685058594e+00,6.455893516540527344e+00,1.201159286499023438e+01,4.418659210205078125e+00
4.725351810455322266e+00,1.932476997375488281e+00,-1.213152050971984863e+00,5.966346740722656250e+00,3.502130508422851562e+00,7.347112655639648438e+00,5.407002449035644531e+00,5.852936744689941406e+00,9.677623748779296875e+00,6.104269981384277344e+00
5.377686500549316406e+00,2.489179849624633789e+00,-1.296923160552978516e+00,5.276790142059326172e+00,1.464632749557495117e+00,6.719300270080566406e+00,3.882782936096191406e+00,5.115163326263427734e+00,1.114202117919921875e+01,4.362670421600341797e+00
4.624054908752441406e+00,2.028431653976440430e+00,-1.597933530807495117e+00,5.433256149291992188e+00,1.869690418243408203e+00,4.802873134613037109e+00,3.085894823074340820e+00,4.589917182922363281e+00,1.061467075347900391e+01,5.172811508178710938e+00
4.442358493804931641e+00,1.976935029029846191e+00,-1.691650390625000000e+00,5.245203971862792969e+00,1.841106891632080078e+00,4.523916244506835938e+00,2.948802709579467773e+00,4.314647674560546875e+00,1.043340682983398438e+01,4.997846603393554688e+00
4.013827323913574219e+00,1.858344435691833496e+00,-1.924647212028503418e+00,5.203680038452148438e+00,1.545685768127441406e+00,3.502784729003906250e+00,2.314843416213989258e+00,3.606884479522705078e+00,1.009118175506591797e+01,5.182929992675781250e+00
3.947978258132934570e+00,1.871041774749755859e+00,-1.954291582107543945e+00,5.151887416839599609e+00,1.374449849128723145e+00,3.472352743148803711e+00,2.313544511795043945e+00,3.579195022583007812e+00,9.923845291137695312e+00,5.098116397857666016e+00
3.969803333282470703e+00,1.935820341110229492e+00,-1.913353204727172852e+00,5.076272964477539062e+00,1.436037063598632812e+00,3.366166114807128906e+00,2.376286029815673828e+00,3.572203159332275391e+00,1.002794647216796875e+01,5.021960258483886719e+00
5.128433227539062500e+00,2.315925121307373047e+00,-1.628705024719238281e+00,4.865233421325683594e+00,1.681323289871215820e+00,8.071305274963378906e+00,3.712571859359741211e+00,5.599787712097167969e+00,1.101959991455078125e+01,3.751910686492919922e+00
3.960348129272460938e+00,1.692998647689819336e+00,-1.906534194946289062e+00,4.840061187744140625e+00,1.093462705612182617e+00,3.621783733367919922e+00,2.011904716491699219e+00,3.575747489929199219e+00,9.849362373352050781e+00,4.866569995880126953e+00
4.915659904479980469e+00,2.971359252929687500e+00,-1.344452261924743652e+00,5.413355827331542969e+00,8.601291179656982422e-01,9.369070053100585938e+00,3.642232894897460938e+00,7.229223251342773438e+00,1.049760532379150391e+01,4.277968883514404297e+00
5.041959762573242188e+00,2.988718986511230469e+00,-1.313052058219909668e+00,5.520048141479492188e+00,9.402318596839904785e-01,9.607333183288574219e+00,3.792355537414550781e+00,7.460009574890136719e+00,1.061217689514160156e+01,4.309534072875976562e+00
4.052975654602050781e+00,4.838538169860839844e+00,-3.080075263977050781e+00,7.458750724792480469e+00,3.676743507385253906e+00,7.334958076477050781e+00,8.122566223144531250e+00,4.203859329223632812e+00,1.002767753601074219e+01,5.003168106079101562e+00
4.250272274017333984e+00,4.393315315246582031e+00,-2.342658519744873047e+00,7.225891113281250000e+00,3.928279876708984375e+00,7.018381595611572266e+00,7.625629425048828125e+00,4.552009105682373047e+00,9.935010910034179688e+00,4.954411029815673828e+00
4.198812484741210938e+00,4.883105278015136719e+00,-2.652072429656982422e+00,7.625486373901367188e+00,3.880434751510620117e+00,7.399034500122070312e+00,8.159796714782714844e+00,4.490171909332275391e+00,1.017290687561035156e+01,5.161573886871337891e+00
4.188110351562500000e+00,5.120900154113769531e+00,-2.708283901214599609e+00,7.761139869689941406e+00,3.862615823745727539e+00,7.543750762939453125e+00,8.358560562133789062e+00,4.451421260833740234e+00,1.018708419799804688e+01,5.161096572875976562e+00
4.180499076843261719e+00,5.200646400451660156e+00,-2.651035785675048828e+00,7.799576759338378906e+00,3.824845790863037109e+00,7.757003784179687500e+00,8.472346305847167969e+00,4.418102264404296875e+00,1.029944229125976562e+01,5.206719398498535156e+00
4.221684932708740234e+00,5.141975879669189453e+00,-2.675061225891113281e+00,7.803665161132812500e+00,3.872162342071533203e+00,7.645998001098632812e+00,8.390281677246093750e+00,4.498840808868408203e+00,1.029551982879638672e+01,5.218575477600097656e+00
4.053732872009277344e+00,4.842190265655517578e+00,-2.067217826843261719e+00,7.521353721618652344e+00,3.771724700927734375e+00,6.814857006072998047e+00,7.945271015167236328e+00,4.405309677124023438e+00,9.774399757385253906e+00,5.018824100494384766e+00
4.255055904388427734e+00,4.717236042022705078e+00,-2.286764621734619141e+00,7.126573562622070312e+00,3.563581705093383789e+00,7.447834014892578125e+00,7.717888832092285156e+00,4.305813789367675781e+00,1.028451538085937500e+01,5.022365570068359375e+00
4.213468551635742188e+00,5.135596275329589844e+00,-2.808534145355224609e+00,7.797356605529785156e+00,3.851862668991088867e+00,7.701071739196777344e+00,8.480072975158691406e+00,4.454236507415771484e+00,1.032815361022949219e+01,5.219405651092529297e+00
4.207122802734375000e+00,5.167937278747558594e+00,-2.756558895111083984e+00,7.812179565429687500e+00,3.849945783615112305e+00,7.740762710571289062e+00,8.495804786682128906e+00,4.449717998504638672e+00,1.034310150146484375e+01,5.229696750640869141e+00
4.875834941864013672e+00,2.371191263198852539e+00,-1.766660213470458984e+00,6.246701240539550781e+00,3.888368606567382812e+00,7.857206344604492188e+00,6.205055713653564453e+00,5.631301879882812500e+00,9.966135978698730469e+00,6.039587020874023438e+00
4.848689079284667969e+00,2.462294816970825195e+00,-1.264960646629333496e+00,6.214128494262695312e+00,3.801140546798706055e+00,7.641593933105468750e+00,6.366945266723632812e+00,5.601264953613281250e+00,1.000710964202880859e+01,5.918141365051269531e+00
4.668014049530029297e+00,1.919076442718505859e+00,-1.121654629707336426e+00,6.001155376434326172e+00,3.607227087020874023e+00,7.377305030822753906e+00,5.529321670532226562e+00,5.880326271057128906e+00,9.675769805908203125e+00,6.261301517486572266e+00
4.667860031127929688e+00,1.920703053474426270e+00,-1.176463603973388672e+00,5.990707397460937500e+00,3.601686954498291016e+00,7.306632995605468750e+00,5.533024787902832031e+00,5.851322174072265625e+00,9.657829284667968750e+00,6.214241027832031250e+00
4.798451423645019531e+00,2.806313991546630859e+00,-2.386765003204345703e+00,5.591127872467041016e+00,2.081654071807861328e+00,7.280367851257324219e+00,5.788564205169677734e+00,5.440373420715332031e+00,1.017051219940185547e+01,4.280311584472656250e+00
4.664244651794433594e+00,3.310025215148925781e+00,-1.737759947776794434e+00,6.975504875183105469e+00,4.076473712921142578e+00,7.332990646362304688e+00,7.589509487152099609e+00,5.618366718292236328e+00,1.023269844055175781e+01,5.066875934600830078e+00
4.756966114044189453e+00,2.244414091110229492e+00,-1.292313694953918457e+00,5.981145858764648438e+00,3.685557365417480469e+00,7.444075584411621094e+00,5.899759769439697266e+00,5.645409584045410156e+00,9.860581398010253906e+00,6.101034164428710938e+00
4.618888854980468750e+00,2.302597761154174805e+00,-1.176879525184631348e+00,6.202309608459472656e+00,3.728236436843872070e+00,7.068391799926757812e+00,6.038592338562011719e+00,5.922069549560546875e+00,9.617074012756347656e+00,5.712384223937988281e+00
4.897492885589599609e+00,2.458196163177490234e+00,-1.826412916183471680e+00,6.018705368041992188e+00,3.364594697952270508e+00,7.940291404724121094e+00,6.213051795959472656e+00,5.093330860137939453e+00,1.016769409179687500e+01,5.034504890441894531e+00
4.489427566528320312e+00,4.140210151672363281e+00,-2.480294704437255859e+00,7.341642379760742188e+00,4.144664287567138672e+00,7.644710540771484375e+00,7.656886577606201172e+00,4.837341308593750000e+00,1.033961200714111328e+01,5.360014438629150391e+00
4.627468585968017578e+00,4.356520652770996094e+00,-1.250831842422485352e+00,6.350414752960205078e+00,3.799867868423461914e+00,7.009963035583496094e+00,7.751815795898437500e+00,6.496160507202148438e+00,1.197843837738037109e+01,5.164973258972167969e+00
4.618807315826416016e+00,4.493575096130371094e+00,-1.142590522766113281e+00,6.301983356475830078e+00,3.767961263656616211e+00,7.093620300292968750e+00,7.830457210540771484e+00,6.330072879791259766e+00,1.211619186401367188e+01,5.210092544555664062e+00
4.645652770996093750e+00,4.597930908203125000e+00,-1.086505532264709473e+00,6.275270938873291016e+00,3.747836828231811523e+00,7.102654457092285156e+00,7.879873275756835938e+00,6.263229370117187500e+00,1.219958400726318359e+01,5.263279914855957031e+00
4.623809337615966797e+00,4.497054100036621094e+00,-1.149992108345031738e+00,6.310640335083007812e+00,3.764217853546142578e+00,7.078395843505859375e+00,7.767648220062255859e+00,6.362091064453125000e+00,1.209974098205566406e+01,5.217181205749511719e+00
4.641216278076171875e+00,4.636566162109375000e+00,-1.050565004348754883e+00,6.276403427124023438e+00,3.697862148284912109e+00,7.064640045166015625e+00,7.935436248779296875e+00,6.243592262268066406e+00,1.221577167510986328e+01,5.291551589965820312e+00
4.632351875305175781e+00,4.604677677154541016e+00,-1.127577304840087891e+00,6.264964103698730469e+00,3.666950225830078125e+00,7.018789291381835938e+00,7.855774879455566406e+00,6.245578765869140625e+00,1.218044662475585938e+01,5.283974647521972656e+00
4.625572681427001953e+00,4.238194465637207031e+00,-1.412792444229125977e+00,6.421792507171630859e+00,3.864367961883544922e+00,7.103818893432617188e+00,7.619129180908203125e+00,6.740392684936523438e+00,1.193369293212890625e+01,5.136839866638183594e+00
4.565918922424316406e+00,4.321920394897460938e+00,-1.297378659248352051e+00,6.395864486694335938e+00,3.800565242767333984e+00,7.155713081359863281e+00,7.762676715850830078e+00,6.632042884826660156e+00,1.200547599792480469e+01,5.179943561553955078e+00
4.630089759826660156e+00,4.524792194366455078e+00,-1.174748182296752930e+00,6.290400505065917969e+00,3.706648826599121094e+00,7.014379501342773438e+00,7.798069000244140625e+00,6.295540809631347656e+00,1.212261199951171875e+01,5.249316692352294922e+00
4.577568531036376953e+00,4.174304962158203125e+00,-1.403809309005737305e+00,6.455019950866699219e+00,3.908185243606567383e+00,7.350368499755859375e+00,7.462881088256835938e+00,6.893553733825683594e+00,1.186157989501953125e+01,5.155844688415527344e+00
4.475339889526367188e+00,4.213843822479248047e+00,-1.374526858329772949e+00,6.284428119659423828e+00,3.741455078125000000e+00,7.508513450622558594e+00,7.592444419860839844e+00,7.331899642944335938e+00,1.198982238769531250e+01,5.155001163482666016e+00
4.489846229553222656e+00,4.128517150878906250e+00,-1.372741103172302246e+00,6.367361068725585938e+00,4.078844547271728516e+00,7.369539260864257812e+00,7.467916011810302734e+00,6.989518165588378906e+00,1.167072677612304688e+01,5.248394012451171875e+00
4.170488357543945312e+00,4.967166423797607422e+00,-2.230998992919921875e+00,7.625812530517578125e+00,3.800015449523925781e+00,6.977627754211425781e+00,8.038195610046386719e+00,4.483971118927001953e+00,9.935009002685546875e+00,5.096064567565917969e+00
4.567657470703125000e+00,3.530516862869262695e+00,-1.359803318977355957e+00,6.838347434997558594e+00,4.197926521301269531e+00,7.317328453063964844e+00,7.388127326965332031e+00,6.258034706115722656e+00,1.077397918701171875e+01,5.328000068664550781e+00
4.451724052429199219e+00,4.543258190155029297e+00,-2.023910522460937500e+00,7.607172966003417969e+00,3.930730581283569336e+00,6.590013504028320312e+00,7.849146842956542969e+00,4.769671916961669922e+00,9.860788345336914062e+00,5.223073959350585938e+00
4.547261238098144531e+00,3.385935783386230469e+00,-1.617060065269470215e+00,7.083618164062500000e+00,4.155341148376464844e+00,7.617217063903808594e+00,7.010807991027832031e+00,5.557802677154541016e+00,1.028297805786132812e+01,5.491773605346679688e+00
4.271326065063476562e+00,4.092747688293457031e+00,-1.762885808944702148e+00,7.183477401733398438e+00,4.192054271697998047e+00,7.254836082458496094e+00,7.716995716094970703e+00,5.331609249114990234e+00,1.031598854064941406e+01,5.270835876464843750e+00
4.705447673797607422e+00,3.900505304336547852e+00,-1.451931357383728027e+00,7.356656074523925781e+00,4.170300960540771484e+00,6.925841331481933594e+00,7.767988681793212891e+00,5.550923347473144531e+00,9.998975753784179688e+00,5.271121501922607422e+00
4.330012798309326172e+00,4.774836540222167969e+00,-2.261250495910644531e+00,7.749797821044921875e+00,3.816473245620727539e+00,6.069777488708496094e+00,7.986638545989990234e+00,4.625612258911132812e+00,9.629513740539550781e+00,5.063108921051025391e+00
4.333787441253662109e+00,4.870518207550048828e+00,-2.287630796432495117e+00,7.764672279357910156e+00,3.802252292633056641e+00,6.083726406097412109e+00,8.041747093200683594e+00,4.599646568298339844e+00,9.677801132202148438e+00,5.050652980804443359e+00
4.671809196472167969e+00,4.581016540527343750e+00,-1.015046358108520508e+00,6.233730316162109375e+00,3.685412645339965820e+00,7.039142131805419922e+00,7.887478351593017578e+00,6.124068737030029297e+00,1.220687484741210938e+01,5.257557868957519531e+00
4.617255687713623047e+00,4.619548797607421875e+00,-1.070007801055908203e+00,6.293841361999511719e+00,3.756389379501342773e+00,7.125759124755859375e+00,7.930915355682373047e+00,6.250453948974609375e+00,1.221739959716796875e+01,5.267972469329833984e+00
4.592469215393066406e+00,4.325579166412353516e+00,-1.198620080947875977e+00,6.307024002075195312e+00,3.720539569854736328e+00,7.024478912353515625e+00,7.706412315368652344e+00,6.394798278808593750e+00,1.197422027587890625e+01,5.142180919647216797e+00
4.615424156188964844e+00,4.609132766723632812e+00,-1.067730903625488281e+00,6.279096126556396484e+00,3.732274770736694336e+00,7.099786758422851562e+00,7.906042098999023438e+00,6.232339859008789062e+00,1.220146369934082031e+01,5.259889125823974609e+00
4.631657600402832031e+00,4.301356792449951172e+00,-1.313720107078552246e+00,6.349531173706054688e+00,3.766193151473999023e+00,6.936267852783203125e+00,7.712302684783935547e+00,6.456452369689941406e+00,1.197043991088867188e+01,5.154094696044921875e+00
4.636099815368652344e+00,4.071326255798339844e+00,-1.566777110099792480e+00,6.397907257080078125e+00,3.933278322219848633e+00,7.141261100769042969e+00,7.394451618194580078e+00,6.930698394775390625e+00,1.170695495605468750e+01,5.117769718170166016e+00
4.620534896850585938e+00,4.019958496093750000e+00,-1.602229595184326172e+00,6.412205696105957031e+00,3.950906753540039062e+00,7.208275794982910156e+00,7.338204860687255859e+00,7.095955848693847656e+00,1.172245883941650391e+01,5.051750183105468750e+00
4.627257347106933594e+00,4.012236595153808594e+00,-1.632861375808715820e+00,6.398484230041503906e+00,3.949084520339965820e+00,7.142960548400878906e+00,7.341307640075683594e+00,7.029189109802246094e+00,1.168356513977050781e+01,5.073504447937011719e+00
4.539539337158203125e+00,3.882152080535888672e+00,-1.508804082870483398e+00,6.431733608245849609e+00,3.999257564544677734e+00,7.160390853881835938e+00,7.306665897369384766e+00,6.768078327178955078e+00,1.144149780273437500e+01,5.121553897857666016e+00
4.629542827606201172e+00,4.112930297851562500e+00,-1.513042092323303223e+00,6.405843257904052734e+00,3.913489341735839844e+00,7.139814376831054688e+00,7.446903705596923828e+00,6.922072887420654297e+00,1.176045417785644531e+01,5.130950927734375000e+00
4.649358749389648438e+00,4.141885757446289062e+00,-1.495471358299255371e+00,6.445657730102539062e+00,3.957382917404174805e+00,7.185176849365234375e+00,7.517008781433105469e+00,6.952068328857421875e+00,1.182051086425781250e+01,5.128679275512695312e+00
4.693793773651123047e+00,4.042737960815429688e+00,-1.663295149803161621e+00,6.450491905212402344e+00,4.010374069213867188e+00,7.254989624023437500e+00,7.374683856964111328e+00,7.081972599029541016e+00,1.175534248352050781e+01,5.050006389617919922e+00
4.694246292114257812e+00,4.061522483825683594e+00,-1.594593167304992676e+00,6.442321300506591797e+00,3.997779607772827148e+00,7.128874778747558594e+00,7.413227081298828125e+00,6.969967842102050781e+00,1.172829246520996094e+01,5.078337192535400391e+00
4.686127662658691406e+00,4.036193847656250000e+00,-1.706917166709899902e+00,6.447660446166992188e+00,4.015344619750976562e+00,7.251991271972656250e+00,7.378035068511962891e+00,7.081347465515136719e+00,1.174527645111083984e+01,5.044531822204589844e+00
4.705304145812988281e+00,4.038533210754394531e+00,-1.683958172798156738e+00,6.437810897827148438e+00,4.015488147735595703e+00,7.225408554077148438e+00,7.368179321289062500e+00,7.056283950805664062e+00,1.174399185180664062e+01,5.033410072326660156e+00
4.643659591674804688e+00,4.149113655090332031e+00,-1.474439382553100586e+00,6.438644409179687500e+00,3.934818267822265625e+00,7.137905120849609375e+00,7.519389152526855469e+00,6.885944366455078125e+00,1.181227779388427734e+01,5.129647254943847656e+00
4.671972751617431641e+00,4.063600540161132812e+00,-1.611709356307983398e+00,6.445518970489501953e+00,3.999516725540161133e+00,7.201085090637207031e+00,7.392965793609619141e+00,7.015980720520019531e+00,1.173201942443847656e+01,5.060132026672363281e+00
4.684232234954833984e+00,4.043304443359375000e+00,-1.576041221618652344e+00,6.424298286437988281e+00,3.976345539093017578e+00,7.162829399108886719e+00,7.395023822784423828e+00,7.029544830322265625e+00,1.172997760772705078e+01,5.065377235412597656e+00
4.688222408294677734e+00,4.072214126586914062e+00,-1.678458094596862793e+00,6.463695526123046875e+00,4.028170585632324219e+00,7.301342010498046875e+00,7.386507987976074219e+00,7.095650672912597656e+00,1.177258682250976562e+01,5.052709579467773438e+00
4.683315753936767578e+00,3.967379570007324219e+00,-1.639693617820739746e+00,6.408427238464355469e+00,3.971250057220458984e+00,7.106273651123046875e+00,7.333896636962890625e+00,6.988247871398925781e+00,1.163379096984863281e+01,5.026840686798095703e+00
4.629963397979736328e+00,3.966912984848022461e+00,-1.683461666107177734e+00,6.383828639984130859e+00,3.957836389541625977e+00,6.938922405242919922e+00,7.326828002929687500e+00,6.821259498596191406e+00,1.153907585144042969e+01,5.050640106201171875e+00
4.714399337768554688e+00,3.542683601379394531e+00,-1.447500586509704590e+00,6.623030185699462891e+00,3.978351354598999023e+00,6.515378952026367188e+00,7.324460029602050781e+00,6.124764919281005859e+00,1.052411174774169922e+01,5.060214042663574219e+00
4.556581974029541016e+00,3.444673061370849609e+00,-1.749488115310668945e+00,6.443819046020507812e+00,4.026818275451660156e+00,6.809124946594238281e+00,7.317481517791748047e+00,6.775337696075439453e+00,1.114473342895507812e+01,4.952948570251464844e+00
4.510007858276367188e+00,3.699229001998901367e+00,-1.586310625076293945e+00,6.458153247833251953e+00,4.000475406646728516e+00,6.608275413513183594e+00,7.326669216156005859e+00,6.523655891418457031e+00,1.103048324584960938e+01,5.061324119567871094e+00
4.768174648284912109e+00,3.401805400848388672e+00,-1.669421553611755371e+00,7.102967262268066406e+00,4.238287448883056641e+00,7.870888710021972656e+00,7.378958702087402344e+00,6.391578674316406250e+00,1.043936729431152344e+01,5.519870758056640625e+00
4.741344928741455078e+00,3.122050285339355469e+00,-1.602281928062438965e+00,7.043245315551757812e+00,4.005185127258300781e+00,6.839115142822265625e+00,7.508118152618408203e+00,6.077253818511962891e+00,9.941207885742187500e+00,5.142576694488525391e+00
4.711414813995361328e+00,3.156064987182617188e+00,-1.835488438606262207e+00,7.124292373657226562e+00,4.322427272796630859e+00,7.966027259826660156e+00,6.838377952575683594e+00,5.889835357666015625e+00,1.033838462829589844e+01,5.611365318298339844e+00
4.686071395874023438e+00,3.157016277313232422e+00,-1.871559381484985352e+00,7.071657180786132812e+00,4.309571266174316406e+00,7.974422454833984375e+00,6.838943481445312500e+00,5.794939994812011719e+00,1.029793739318847656e+01,5.607218742370605469e+00
4.540243625640869141e+00,3.617723226547241211e+00,-1.413156867027282715e+00,6.361331939697265625e+00,3.826611757278442383e+00,6.190104484558105469e+00,7.049796581268310547e+00,6.154463291168212891e+00,1.056858825683593750e+01,4.925568580627441406e+00
4.701612949371337891e+00,3.244245529174804688e+00,-1.996287584304809570e+00,7.148093223571777344e+00,4.290402889251708984e+00,8.068392753601074219e+00,6.982914924621582031e+00,5.748658657073974609e+00,1.026641082763671875e+01,5.585833549499511719e+00
4.727217197418212891e+00,2.990455150604248047e+00,-2.488410949707031250e+00,5.318236827850341797e+00,8.340438604354858398e-01,6.497109413146972656e+00,5.334394931793212891e+00,5.103910923004150391e+00,9.629127502441406250e+00,4.144103527069091797e+00
4.714199542999267578e+00,3.046894550323486328e+00,-2.743472337722778320e+00,5.273181915283203125e+00,8.003346920013427734e-01,6.472311019897460938e+00,5.297431945800781250e+00,5.059744358062744141e+00,9.583261489868164062e+00,4.105324745178222656e+00
4.820132255554199219e+00,2.777385711669921875e+00,-1.764845132827758789e+00,5.303131580352783203e+00,8.961280584335327148e-01,6.486278533935546875e+00,5.275542259216308594e+00,5.160147666931152344e+00,9.806205749511718750e+00,4.223824501037597656e+00
5.041851520538330078e+00,2.574866771697998047e+00,-1.494305014610290527e+00,6.447559356689453125e+00,3.771625995635986328e+00,7.998563766479492188e+00,6.598153591156005859e+00,5.159921646118164062e+00,1.006477451324462891e+01,5.485059261322021484e+00
4.757863521575927734e+00,2.948007345199584961e+00,-2.370444059371948242e+00,5.320334911346435547e+00,8.165871500968933105e-01,6.505122184753417969e+00,5.321660995483398438e+00,5.077229499816894531e+00,9.642158508300781250e+00,4.175993919372558594e+00
4.771749973297119141e+00,2.836112499237060547e+00,-2.135744571685791016e+00,5.269658088684082031e+00,7.121802568435668945e-01,6.536196708679199219e+00,5.306861877441406250e+00,5.056521892547607422e+00,9.679409027099609375e+00,4.122525215148925781e+00
4.741204738616943359e+00,2.896711349487304688e+00,-2.307493925094604492e+00,5.303966522216796875e+00,7.934936285018920898e-01,6.510195732116699219e+00,5.307344913482666016e+00,5.066649913787841797e+00,9.652254104614257812e+00,4.160709857940673828e+00
4.700845718383789062e+00,3.012870073318481445e+00,-2.693824768066406250e+00,5.291945457458496094e+00,8.270015716552734375e-01,6.479313850402832031e+00,5.303375720977783203e+00,5.066072463989257812e+00,9.602567672729492188e+00,4.101621627807617188e+00
5.254661083221435547e+00,3.978638410568237305e+00,-1.259761810302734375e+00,5.675363540649414062e+00,9.164304733276367188e-01,5.103198051452636719e+00,4.458565711975097656e+00,6.641529083251953125e+00,1.162584304809570312e+01,4.285914897918701172e+00
5.614753723144531250e+00,4.203248023986816406e+00,-1.105142951011657715e+00,5.702943325042724609e+00,7.457544803619384766e-01,4.578821659088134766e+00,4.074497222900390625e+00,6.759346961975097656e+00,1.201962852478027344e+01,4.510458946228027344e+00
5.012422084808349609e+00,2.959492206573486328e+00,-1.364733934402465820e+00,5.493620872497558594e+00,9.587625861167907715e-01,9.500535964965820312e+00,3.793671131134033203e+00,7.437025070190429688e+00,1.058607959747314453e+01,4.311626911163330078e+00
5.110279083251953125e+00,2.973953723907470703e+00,-9.548867940902709961e-01,5.407339096069335938e+00,1.322201251983642578e+00,9.111788749694824219e+00,3.471569776535034180e+00,7.109483718872070312e+00,1.084084510803222656e+01,4.391744136810302734e+00
5.077506065368652344e+00,2.853420257568359375e+00,-1.326797127723693848e+00,5.526391029357910156e+00,1.140970706939697266e+00,9.372215270996093750e+00,3.830733060836791992e+00,7.738676071166992188e+00,1.065365791320800781e+01,4.374217033386230469e+00
4.955944538116455078e+00,3.143010377883911133e+00,-1.264154911041259766e+00,5.510174751281738281e+00,1.027030706405639648e+00,9.405410766601562500e+00,3.748024463653564453e+00,7.303044319152832031e+00,1.061503982543945312e+01,4.365852355957031250e+00
4.918235778808593750e+00,2.964036464691162109e+00,-1.339054226875305176e+00,5.411375999450683594e+00,8.282817602157592773e-01,9.392349243164062500e+00,3.618059873580932617e+00,7.243150711059570312e+00,1.047791481018066406e+01,4.279533386230468750e+00
4.966038703918457031e+00,2.980191230773925781e+00,-1.336427688598632812e+00,5.444983959197998047e+00,8.865902423858642578e-01,9.456937789916992188e+00,3.697186946868896484e+00,7.348400115966796875e+00,1.053189849853515625e+01,4.292147636413574219e+00
4.916089057922363281e+00,2.969922780990600586e+00,-1.299684762954711914e+00,5.423899650573730469e+00,8.284635543823242188e-01,9.413263320922851562e+00,3.601863622665405273e+00,7.200768470764160156e+00,1.048836708068847656e+01,4.285972595214843750e+00
4.909234046936035156e+00,2.937110662460327148e+00,-1.109754443168640137e+00,5.421239376068115234e+00,9.337275624275207520e-01,9.333822250366210938e+00,3.589546918869018555e+00,7.447424888610839844e+00,1.057067871093750000e+01,4.450338840484619141e+00
4.666077613830566406e+00,2.544058322906494141e+00,-1.212899088859558105e+00,4.559646606445312500e+00,3.199962139129638672e+00,6.765978813171386719e+00,2.733451366424560547e+00,7.098565101623535156e+00,1.069679260253906250e+01,3.984176874160766602e+00
4.962798118591308594e+00,3.085184097290039062e+00,-1.273797392845153809e+00,5.498716354370117188e+00,9.668316245079040527e-01,9.442608833312988281e+00,3.723290443420410156e+00,7.250603675842285156e+00,1.060994434356689453e+01,4.349971771240234375e+00
5.396132469177246094e+00,2.650982856750488281e+00,-1.185390949249267578e+00,5.869456768035888672e+00,3.946467876434326172e+00,7.477684974670410156e+00,6.446568965911865234e+00,4.569368362426757812e+00,1.083209419250488281e+01,4.199386119842529297e+00
5.424554347991943359e+00,2.697658538818359375e+00,-1.129380583763122559e+00,5.883511066436767578e+00,4.057540416717529297e+00,7.451989173889160156e+00,6.436063766479492188e+00,4.595607757568359375e+00,1.082586669921875000e+01,4.158736705780029297e+00
5.208429813385009766e+00,2.896584987640380859e+00,-1.186993002891540527e+00,6.031794548034667969e+00,3.476960182189941406e+00,7.513039588928222656e+00,7.241121292114257812e+00,4.602867126464843750e+00,1.081710147857666016e+01,4.504094123840332031e+00
4.790050029754638672e+00,2.778135061264038086e+00,-1.844073176383972168e+00,5.243263244628906250e+00,6.718878149986267090e-01,6.516983032226562500e+00,5.295949459075927734e+00,5.087966442108154297e+00,9.694704055786132812e+00,4.141951560974121094e+00
4.743693828582763672e+00,2.905288219451904297e+00,-2.297649145126342773e+00,5.295977592468261719e+00,7.708829045295715332e-01,6.503193855285644531e+00,5.288519382476806641e+00,5.073669910430908203e+00,9.653642654418945312e+00,4.145082950592041016e+00
4.795232772827148438e+00,2.835386753082275391e+00,-2.038480043411254883e+00,5.263692378997802734e+00,6.988888978958129883e-01,6.508869171142578125e+00,5.282925128936767578e+00,5.073960304260253906e+00,9.656923294067382812e+00,4.139938831329345703e+00
4.786768913269042969e+00,2.826127290725708008e+00,-1.995128870010375977e+00,5.255624771118164062e+00,6.946147680282592773e-01,6.505514144897460938e+00,5.271052837371826172e+00,5.071322917938232422e+00,9.679729461669921875e+00,4.116546630859375000e+00
5.125492095947265625e+00,2.863398075103759766e+00,-1.264629483222961426e+00,5.826831340789794922e+00,2.847586870193481445e+00,7.018766880035400391e+00,6.551515102386474609e+00,4.477556705474853516e+00,1.054427909851074219e+01,4.196872234344482422e+00
5.085752964019775391e+00,2.957176208496093750e+00,-9.440208077430725098e-01,5.330464363098144531e+00,2.114408493041992188e+00,7.547684669494628906e+00,5.624483108520507812e+00,4.823038101196289062e+00,1.092036437988281250e+01,4.128463745117187500e+00
5.646911144256591797e+00,4.351942062377929688e+00,-4.506464600563049316e-01,5.879887580871582031e+00,8.875430822372436523e-01,4.992330074310302734e+00,4.370467662811279297e+00,6.846598148345947266e+00,1.194666290283203125e+01,4.412682056427001953e+00
4.267319679260253906e+00,3.625272035598754883e+00,-2.660248517990112305e+00,6.865663528442382812e+00,3.878319263458251953e+00,6.156724929809570312e+00,7.835456848144531250e+00,4.704732894897460938e+00,9.535431861877441406e+00,4.603942394256591797e+00
4.712034225463867188e+00,3.086227893829345703e+00,-1.286549806594848633e+00,6.556130409240722656e+00,4.104400634765625000e+00,7.500390052795410156e+00,6.944111347198486328e+00,5.441812515258789062e+00,1.038174629211425781e+01,4.861375331878662109e+00
5.036963939666748047e+00,2.972679138183593750e+00,-1.146495103836059570e+00,6.278392314910888672e+00,4.041124343872070312e+00,7.378735542297363281e+00,6.701710700988769531e+00,5.097670078277587891e+00,1.050779151916503906e+01,4.554996013641357422e+00
4.147603034973144531e+00,4.739983558654785156e+00,-2.534374713897705078e+00,7.449917793273925781e+00,3.742408037185668945e+00,6.384259223937988281e+00,7.947676658630371094e+00,4.406478404998779297e+00,9.751193046569824219e+00,4.979775428771972656e+00
5.139710426330566406e+00,2.827852249145507812e+00,-1.102585077285766602e+00,6.180994510650634766e+00,3.993501424789428711e+00,7.472935676574707031e+00,6.827834129333496094e+00,4.880799770355224609e+00,1.055627250671386719e+01,4.402640819549560547e+00
4.330525398254394531e+00,4.043189048767089844e+00,-2.251314401626586914e+00,7.341453552246093750e+00,4.048520565032958984e+00,6.838622093200683594e+00,8.022118568420410156e+00,4.865877151489257812e+00,9.931758880615234375e+00,4.986288070678710938e+00
4.059636592864990234e+00,4.551814556121826172e+00,-2.579532623291015625e+00,6.988366127014160156e+00,3.628418922424316406e+00,6.881034851074218750e+00,7.788807392120361328e+00,4.154708862304687500e+00,9.666196823120117188e+00,4.713914394378662109e+00
3.866081476211547852e+00,4.754705429077148438e+00,-2.585407972335815430e+00,7.037441253662109375e+00,3.609260559082031250e+00,7.177564620971679688e+00,7.909777164459228516e+00,4.014893531799316406e+00,9.735898971557617188e+00,4.684997558593750000e+00
5.202095031738281250e+00,2.819172859191894531e+00,-1.035068392753601074e+00,6.082950592041015625e+00,4.042945861816406250e+00,7.302676200866699219e+00,6.501822948455810547e+00,4.961369514465332031e+00,1.063914680480957031e+01,4.365380287170410156e+00
4.256071090698242188e+00,3.111430168151855469e+00,-1.930232763290405273e+00,6.857592582702636719e+00,4.135560512542724609e+00,6.499762058258056641e+00,7.728347778320312500e+00,5.728335380554199219e+00,9.647436141967773438e+00,4.729089736938476562e+00
5.265747070312500000e+00,2.944168090820312500e+00,-1.155938744544982910e+00,6.084077835083007812e+00,3.232462167739868164e+00,7.558525085449218750e+00,7.086865425109863281e+00,4.614885330200195312e+00,1.089718532562255859e+01,4.527377128601074219e+00
4.902700424194335938e+00,2.767294406890869141e+00,-1.669712066650390625e+00,5.347571372985839844e+00,1.027297735214233398e+00,6.788108825683593750e+00,5.473518371582031250e+00,5.013879776000976562e+00,1.015762138366699219e+01,4.147909164428710938e+00
5.432301521301269531e+00,2.788320064544677734e+00,-9.391483068466186523e-01,5.911275863647460938e+00,4.123230934143066406e+00,7.419273376464843750e+00,6.566117763519287109e+00,4.646773338317871094e+00,1.086297607421875000e+01,4.217885017395019531e+00
5.154083728790283203e+00,3.230695009231567383e+00,-1.198319077491760254e+00,6.600761413574218750e+00,3.875955343246459961e+00,7.597640037536621094e+00,7.469311237335205078e+00,4.943852901458740234e+00,1.065734481811523438e+01,4.779170036315917969e+00
5.403018951416015625e+00,2.724737167358398438e+00,-9.921288490295410156e-01,5.891604423522949219e+00,4.141544818878173828e+00,7.687813758850097656e+00,6.510647296905517578e+00,4.646986484527587891e+00,1.088365364074707031e+01,4.259925842285156250e+00
5.001850128173828125e+00,3.359794139862060547e+00,-1.276446819305419922e+00,6.214726448059082031e+00,3.338571310043334961e+00,7.440546035766601562e+00,7.830536842346191406e+00,4.906843185424804688e+00,1.085484886169433594e+01,4.820195674896240234e+00
4.893613815307617188e+00,2.737182378768920898e+00,-1.644409418106079102e+00,5.343667030334472656e+00,9.757794141769409180e-01,6.812349319458007812e+00,5.468612670898437500e+00,4.995236396789550781e+00,1.016194343566894531e+01,4.150280475616455078e+00
5.369827747344970703e+00,2.739706277847290039e+00,-1.086590051651000977e+00,5.871242523193359375e+00,4.168951511383056641e+00,7.334025382995605469e+00,6.269981384277343750e+00,4.814010143280029297e+00,1.087527561187744141e+01,4.120302200317382812e+00
5.417096138000488281e+00,2.822930335998535156e+00,-9.444764852523803711e-01,5.989331722259521484e+00,4.285842418670654297e+00,7.392958641052246094e+00,6.566009521484375000e+00,4.713826179504394531e+00,1.090114784240722656e+01,4.267882823944091797e+00
4.891847133636474609e+00,2.818477153778076172e+00,-1.905182003974914551e+00,5.178216457366943359e+00,6.738809943199157715e-01,6.529306411743164062e+00,5.331651687622070312e+00,5.014676094055175781e+00,9.827114105224609375e+00,4.025544643402099609e+00
5.025064468383789062e+00,2.869094371795654297e+00,-1.500990152359008789e+00,5.812768936157226562e+00,3.078806161880493164e+00,6.899264335632324219e+00,6.483744621276855469e+00,4.476378440856933594e+00,1.042725372314453125e+01,4.071796894073486328e+00
4.724997520446777344e+00,3.036304950714111328e+00,-2.523736000061035156e+00,5.265079498291015625e+00,8.039474487304687500e-01,6.424315452575683594e+00,5.262118339538574219e+00,5.111501693725585938e+00,9.603776931762695312e+00,4.044336318969726562e+00
4.288474082946777344e+00,4.729724884033203125e+00,-1.885826826095581055e+00,7.041929244995117188e+00,3.535945177078247070e+00,7.621041297912597656e+00,7.825332164764404297e+00,4.166064262390136719e+00,1.028301620483398438e+01,4.975764274597167969e+00
4.954730033874511719e+00,2.963380575180053711e+00,-1.711943268775939941e+00,5.206232070922851562e+00,1.645806312561035156e+00,6.600787639617919922e+00,5.320217132568359375e+00,5.044157505035400391e+00,1.031931686401367188e+01,3.814848899841308594e+00
4.861650466918945312e+00,3.036060810089111328e+00,-1.753107428550720215e+00,5.285508155822753906e+00,1.818672418594360352e+00,6.568175792694091797e+00,5.313756465911865234e+00,5.092087745666503906e+00,1.036027526855468750e+01,3.812684059143066406e+00
5.116007804870605469e+00,2.768703460693359375e+00,-1.083447694778442383e+00,6.186093330383300781e+00,3.956083059310913086e+00,7.479304313659667969e+00,6.999749660491943359e+00,4.879555702209472656e+00,1.047099113464355469e+01,4.426487922668457031e+00
5.095152854919433594e+00,2.893997669219970703e+00,-1.326409220695495605e+00,5.900294303894042969e+00,3.396697521209716797e+00,7.033573150634765625e+00,6.614897251129150391e+00,4.538572311401367188e+00,1.049430465698242188e+01,4.152265548706054688e+00
5.255160331726074219e+00,2.655151844024658203e+00,-1.197149395942687988e+00,5.893442153930664062e+00,3.973083496093750000e+00,7.565645217895507812e+00,6.533497810363769531e+00,4.601399898529052734e+00,1.071118545532226562e+01,4.227096557617187500e+00
5.158261299133300781e+00,3.074964523315429688e+00,-1.234912514686584473e+00,6.234230041503906250e+00,3.644800424575805664e+00,7.352871894836425781e+00,7.440525531768798828e+00,4.801285743713378906e+00,1.058553314208984375e+01,4.578284263610839844e+00
5.091805458068847656e+00,2.849243640899658203e+00,-1.361087560653686523e+00,5.372385501861572266e+00,2.058697223663330078e+00,7.040349006652832031e+00,5.783179283142089844e+00,4.929686546325683594e+00,1.056259918212890625e+01,4.039949893951416016e+00
4.284680843353271484e+00,4.569758892059326172e+00,-2.339624166488647461e+00,6.890845298767089844e+00,3.480669498443603516e+00,7.066313743591308594e+00,7.476809978485107422e+00,4.198555469512939453e+00,1.004117584228515625e+01,4.865456581115722656e+00
4.896666526794433594e+00,3.048028469085693359e+00,-1.424161791801452637e+00,6.381996154785156250e+00,3.943762302398681641e+00,7.202656745910644531e+00,6.913547515869140625e+00,5.181864261627197266e+00,1.037606811523437500e+01,4.613616943359375000e+00
5.214628219604492188e+00,2.773997783660888672e+00,-1.127572417259216309e+00,6.060137271881103516e+00,3.716699838638305664e+00,7.420105934143066406e+00,7.023426532745361328e+00,4.606783390045166016e+00,1.062399673461914062e+01,4.365205764770507812e+00
4.097290992736816406e+00,4.490880966186523438e+00,-2.744614601135253906e+00,6.567623138427734375e+00,3.281588792800903320e+00,6.923768043518066406e+00,7.248419284820556641e+00,3.949577093124389648e+00,9.983102798461914062e+00,4.627898693084716797e+00
4.064180374145507812e+00,5.121054649353027344e+00,-2.316649436950683594e+00,7.553159713745117188e+00,3.754229068756103516e+00,7.445750236511230469e+00,8.136032104492187500e+00,4.342244148254394531e+00,1.011156082153320312e+01,5.095450401306152344e+00
4.101476669311523438e+00,5.097619056701660156e+00,-2.265118360519409180e+00,7.550743103027343750e+00,3.767138481140136719e+00,7.458140373229980469e+00,8.116935729980468750e+00,4.383332729339599609e+00,1.014582443237304688e+01,5.108942985534667969e+00
4.814852237701416016e+00,2.777889728546142578e+00,-1.938962936401367188e+00,5.211519241333007812e+00,6.138968467712402344e-01,6.522682666778564453e+00,5.257260799407958984e+00,5.024207115173339844e+00,9.680248260498046875e+00,4.061655998229980469e+00
5.045676231384277344e+00,3.033589839935302734e+00,-1.295108795166015625e+00,5.303851127624511719e+00,1.789995193481445312e+00,6.830728530883789062e+00,5.723836421966552734e+00,5.024015426635742188e+00,1.064872360229492188e+01,4.112940788269042969e+00
4.797141551971435547e+00,2.916015148162841797e+00,-2.236925125122070312e+00,5.278404235839843750e+00,7.624118328094482422e-01,6.480352401733398438e+00,5.274098396301269531e+00,5.056941986083984375e+00,9.649991035461425781e+00,4.144580841064453125e+00
4.053655624389648438e+00,5.204894065856933594e+00,-2.123931884765625000e+00,7.606568336486816406e+00,3.752298116683959961e+00,7.653841972351074219e+00,8.264748573303222656e+00,4.343909263610839844e+00,1.019247341156005859e+01,5.133079528808593750e+00
4.840757846832275391e+00,2.783690452575683594e+00,-1.858944177627563477e+00,5.206111907958984375e+00,6.060956120491027832e-01,6.545864105224609375e+00,5.313347339630126953e+00,5.048254013061523438e+00,9.727430343627929688e+00,4.069463729858398438e+00
4.672079086303710938e+00,3.044305562973022461e+00,-2.730843067169189453e+00,5.255490303039550781e+00,8.387215137481689453e-01,6.398116111755371094e+00,5.220985889434814453e+00,5.064462661743164062e+00,9.600551605224609375e+00,4.040509223937988281e+00
4.742866516113281250e+00,2.897691249847412109e+00,-2.326108455657958984e+00,5.229481220245361328e+00,7.798466682434082031e-01,6.488275527954101562e+00,5.264560699462890625e+00,4.990235328674316406e+00,9.815747261047363281e+00,4.053219318389892578e+00
4.734028816223144531e+00,3.033255100250244141e+00,-2.705934047698974609e+00,5.285336494445800781e+00,8.057856559753417969e-01,6.494984149932861328e+00,5.319826602935791016e+00,5.066421985626220703e+00,9.589523315429687500e+00,4.106859207153320312e+00
4.729901313781738281e+00,3.034127712249755859e+00,-2.737045049667358398e+00,5.275722026824951172e+00,7.917777299880981445e-01,6.494273185729980469e+00,5.303151130676269531e+00,5.050951004028320312e+00,9.585810661315917969e+00,4.097467422485351562e+00
4.715045452117919922e+00,3.045204877853393555e+00,-2.686239719390869141e+00,5.294650077819824219e+00,8.415130972862243652e-01,6.483974456787109375e+00,5.344732761383056641e+00,5.076684474945068359e+00,9.627820968627929688e+00,4.115884304046630859e+00
4.709595203399658203e+00,3.046846866607666016e+00,-2.731185913085937500e+00,5.267652034759521484e+00,8.199472427368164062e-01,6.439223289489746094e+00,5.261273384094238281e+00,5.067257881164550781e+00,9.596876144409179688e+00,4.064373016357421875e+00
4.941905021667480469e+00,2.853507757186889648e+00,-1.471226096153259277e+00,5.260511398315429688e+00,1.126104354858398438e+00,6.643595695495605469e+00,5.456158161163330078e+00,5.039029598236083984e+00,1.026727294921875000e+01,4.020498275756835938e+00
5.236534118652343750e+00,3.750497579574584961e+00,-1.407634854316711426e+00,4.488752841949462891e+00,2.095131874084472656e+00,7.611163139343261719e+00,4.747791290283203125e+00,5.484914779663085938e+00,1.114924716949462891e+01,3.349812984466552734e+00
4.904412269592285156e+00,2.748499393463134766e+00,-1.752690672874450684e+00,5.115920066833496094e+00,8.074860572814941406e-01,6.503272056579589844e+00,5.304481506347656250e+00,4.969692230224609375e+00,9.992035865783691406e+00,3.933103561401367188e+00
4.854056358337402344e+00,3.661538124084472656e+00,-2.106611251831054688e+00,6.509183883666992188e+00,3.062870740890502930e+00,6.893810749053955078e+00,7.728001594543457031e+00,4.525125503540039062e+00,1.054312229156494141e+01,4.839188098907470703e+00
5.105609416961669922e+00,3.112256526947021484e+00,-1.353658199310302734e+00,5.971628189086914062e+00,2.858523130416870117e+00,7.082241058349609375e+00,7.200901508331298828e+00,4.684118270874023438e+00,1.070182895660400391e+01,4.690829277038574219e+00
4.802826404571533203e+00,2.812497138977050781e+00,-1.966172218322753906e+00,5.240365028381347656e+00,5.890532135963439941e-01,6.614572525024414062e+00,5.373097896575927734e+00,5.019715309143066406e+00,9.708728790283203125e+00,4.069822311401367188e+00
4.110426902770996094e+00,5.076952934265136719e+00,-2.371403455734252930e+00,7.552842140197753906e+00,3.773629903793334961e+00,7.663199424743652344e+00,8.236179351806640625e+00,4.380815505981445312e+00,1.025660037994384766e+01,5.139308929443359375e+00
5.008942604064941406e+00,3.450354099273681641e+00,-1.978143930435180664e+00,6.404681682586669922e+00,3.269436836242675781e+00,7.136538505554199219e+00,7.480930805206298828e+00,4.761053562164306641e+00,1.054326915740966797e+01,4.876533508300781250e+00
4.882069587707519531e+00,4.109584808349609375e+00,-1.854489326477050781e+00,6.557742118835449219e+00,3.401268005371093750e+00,7.566645622253417969e+00,7.444414138793945312e+00,5.253656387329101562e+00,1.107142829895019531e+01,5.020028114318847656e+00
4.942519187927246094e+00,3.485801458358764648e+00,-1.861640810966491699e+00,6.631727218627929688e+00,3.317881345748901367e+00,7.313795089721679688e+00,7.450049400329589844e+00,4.656724929809570312e+00,1.055261993408203125e+01,4.920119762420654297e+00
4.467100143432617188e+00,4.287081718444824219e+00,-2.263319969177246094e+00,6.513404369354248047e+00,3.439794063568115234e+00,7.530867576599121094e+00,7.517738342285156250e+00,5.243034362792968750e+00,1.157277679443359375e+01,5.166486740112304688e+00
4.262404441833496094e+00,4.764829635620117188e+00,-2.393649816513061523e+00,7.334457397460937500e+00,3.762623786926269531e+00,7.532271385192871094e+00,7.839503288269042969e+00,4.521029949188232422e+00,1.037876892089843750e+01,5.124688148498535156e+00
4.913368225097656250e+00,3.531899452209472656e+00,-1.911251306533813477e+00,6.346945762634277344e+00,3.180746316909790039e+00,7.141204833984375000e+00,7.515751838684082031e+00,4.844429969787597656e+00,1.068057823181152344e+01,4.907312393188476562e+00
4.872853279113769531e+00,2.806308269500732422e+00,-2.698385715484619141e+00,5.142540931701660156e+00,1.702430486679077148e+00,5.878971099853515625e+00,5.580620288848876953e+00,5.604892730712890625e+00,9.959842681884765625e+00,4.173556327819824219e+00
4.810118675231933594e+00,2.913574934005737305e+00,-2.192238092422485352e+00,5.286950111389160156e+00,7.519078254699707031e-01,6.499079704284667969e+00,5.306659221649169922e+00,5.074227809906005859e+00,9.635801315307617188e+00,4.158072471618652344e+00
4.802892684936523438e+00,2.801700115203857422e+00,-1.867999315261840820e+00,5.261929035186767578e+00,6.383967399597167969e-01,6.548205852508544922e+00,5.312894821166992188e+00,5.092832088470458984e+00,9.670961380004882812e+00,4.158656597137451172e+00
4.771882057189941406e+00,2.946043968200683594e+00,-2.442860841751098633e+00,5.296148300170898438e+00,7.933691143989562988e-01,6.534144878387451172e+00,5.348428726196289062e+00,5.054686069488525391e+00,9.636972427368164062e+00,4.156565189361572266e+00
4.784517288208007812e+00,2.824053287506103516e+00,-1.932444810867309570e+00,5.265680789947509766e+00,7.055402994155883789e-01,6.499475479125976562e+00,5.319156646728515625e+00,5.104504585266113281e+00,9.678500175476074219e+00,4.156841754913330078e+00
4.734549522399902344e+00,3.001780986785888672e+00,-2.571003913879394531e+00,5.284760951995849609e+00,8.071221113204956055e-01,6.499466896057128906e+00,5.325448513031005859e+00,5.082724094390869141e+00,9.625886917114257812e+00,4.104758262634277344e+00
4.723921775817871094e+00,3.013116598129272461e+00,-2.630383491516113281e+00,5.302518844604492188e+00,8.247488737106323242e-01,6.483501434326171875e+00,5.304298400878906250e+00,5.074328899383544922e+00,9.609918594360351562e+00,4.116762161254882812e+00
4.770662784576416016e+00,2.889933109283447266e+00,-2.268698215484619141e+00,5.281471252441406250e+00,7.563229203224182129e-01,6.516546249389648438e+00,5.300371170043945312e+00,5.045959472656250000e+00,9.660085678100585938e+00,4.132555961608886719e+00
4.787074089050292969e+00,2.967278480529785156e+00,-2.417539596557617188e+00,5.315484046936035156e+00,8.162261247634887695e-01,6.517820358276367188e+00,5.352035522460937500e+00,5.063651084899902344e+00,9.625148773193359375e+00,4.188988685607910156e+00
4.817592620849609375e+00,2.896474599838256836e+00,-2.152097225189208984e+00,5.281650543212890625e+00,7.472884654998779297e-01,6.499864578247070312e+00,5.303669452667236328e+00,5.070606231689453125e+00,9.645839691162109375e+00,4.154725074768066406e+00
5.011837959289550781e+00,3.762371778488159180e+00,-1.768127083778381348e+00,5.385620594024658203e+00,3.878340482711791992e+00,7.691141128540039062e+00,5.349712371826171875e+00,5.062307357788085938e+00,1.210758972167968750e+01,3.821721553802490234e+00
4.671626091003417969e+00,3.072937965393066406e+00,-1.608384609222412109e+00,5.191078186035156250e+00,1.161173343658447266e+00,6.171501159667968750e+00,5.098981857299804688e+00,5.268152713775634766e+00,1.017710685729980469e+01,3.992478370666503906e+00
4.944048881530761719e+00,3.635718107223510742e+00,-1.499584436416625977e+00,5.080153465270996094e+00,2.783790111541748047e+00,6.848009109497070312e+00,4.684388637542724609e+00,5.110929489135742188e+00,1.161839199066162109e+01,4.090527057647705078e+00
5.552882671356201172e+00,4.290534496307373047e+00,-8.723757863044738770e-01,5.862776279449462891e+00,9.857748150825500488e-01,4.740942001342773438e+00,4.051450729370117188e+00,6.922942161560058594e+00,1.190304470062255859e+01,4.552096843719482422e+00
5.718461513519287109e+00,4.397569656372070312e+00,-8.953996896743774414e-01,5.773868560791015625e+00,9.603711366653442383e-01,4.472320079803466797e+00,4.150835990905761719e+00,6.858566284179687500e+00,1.206543350219726562e+01,4.603631019592285156e+00
5.163079261779785156e+00,3.063726663589477539e+00,-1.404615640640258789e+00,5.665985107421875000e+00,2.792973756790161133e+00,8.471541404724121094e+00,4.491377830505371094e+00,4.931386470794677734e+00,1.166743469238281250e+01,4.444627761840820312e+00
4.799830436706542969e+00,3.460172891616821289e+00,-1.948845863342285156e+00,5.172175407409667969e+00,3.806810617446899414e+00,8.035116195678710938e+00,5.139210700988769531e+00,4.992081642150878906e+00,1.192880821228027344e+01,3.858232498168945312e+00
4.988626003265380859e+00,3.585093021392822266e+00,-9.956826567649841309e-01,5.004481315612792969e+00,1.997968435287475586e+00,7.116125106811523438e+00,5.385732650756835938e+00,5.387136936187744141e+00,1.114486122131347656e+01,3.938781023025512695e+00
5.109252929687500000e+00,4.056435585021972656e+00,-7.197687625885009766e-01,4.005424022674560547e+00,1.714947223663330078e+00,6.773369789123535156e+00,4.425543785095214844e+00,5.766934394836425781e+00,1.051606845855712891e+01,3.169545888900756836e+00
5.213591575622558594e+00,3.563661336898803711e+00,-1.113408684730529785e+00,5.007108688354492188e+00,3.133164644241333008e+00,7.012410163879394531e+00,4.931730270385742188e+00,5.446044921875000000e+00,1.170659446716308594e+01,3.727756977081298828e+00
4.897498130798339844e+00,2.834731817245483398e+00,-1.800526857376098633e+00,5.334988117218017578e+00,1.141703128814697266e+00,6.715762138366699219e+00,5.569444656372070312e+00,5.021909236907958984e+00,1.014450645446777344e+01,4.188252925872802734e+00
4.801058292388916016e+00,2.835963249206542969e+00,-2.064512252807617188e+00,5.277487277984619141e+00,7.067601680755615234e-01,6.545708179473876953e+00,5.312896251678466797e+00,5.048787117004394531e+00,9.688522338867187500e+00,4.137513160705566406e+00
4.809700965881347656e+00,2.829364299774169922e+00,-2.026943922042846680e+00,5.267885208129882812e+00,6.871294975280761719e-01,6.538111686706542969e+00,5.311370372772216797e+00,5.062438488006591797e+00,9.665037155151367188e+00,4.145381927490234375e+00
4.837512969970703125e+00,2.794713973999023438e+00,-1.688060879707336426e+00,5.204483032226562500e+00,5.807712078094482422e-01,6.534108161926269531e+00,5.325626373291015625e+00,5.065671920776367188e+00,9.781458854675292969e+00,4.108721733093261719e+00
5.165924072265625000e+00,2.690274715423583984e+00,-1.155740380287170410e+00,5.468606948852539062e+00,2.514277458190917969e+00,7.899643898010253906e+00,5.807730197906494141e+00,4.799087524414062500e+00,1.094897651672363281e+01,4.263649463653564453e+00
5.241095066070556641e+00,2.770093441009521484e+00,-1.230559110641479492e+00,5.843285560607910156e+00,3.679858446121215820e+00,7.166718482971191406e+00,6.680301666259765625e+00,4.559108257293701172e+00,1.067246913909912109e+01,4.173318862915039062e+00
4.818232059478759766e+00,2.787973403930664062e+00,-1.817821860313415527e+00,5.240619659423828125e+00,6.021703481674194336e-01,6.545411109924316406e+00,5.303202629089355469e+00,5.073625564575195312e+00,9.700321197509765625e+00,4.133196353912353516e+00
4.836118698120117188e+00,2.780828237533569336e+00,-1.733833193778991699e+00,5.217646598815917969e+00,7.234987020492553711e-01,6.567667007446289062e+00,5.381341934204101562e+00,5.032067775726318359e+00,9.859743118286132812e+00,4.108718395233154297e+00
4.799988269805908203e+00,2.830764293670654297e+00,-1.951982378959655762e+00,5.260936737060546875e+00,6.860759854316711426e-01,6.509281635284423828e+00,5.272741794586181641e+00,5.074467658996582031e+00,9.669569015502929688e+00,4.139768600463867188e+00
4.791804790496826172e+00,2.810791969299316406e+00,-1.917469620704650879e+00,5.260597229003906250e+00,6.605050563812255859e-01,6.534858703613281250e+00,5.313192367553710938e+00,5.087478160858154297e+00,9.669158935546875000e+00,4.143840789794921875e+00
4.014156341552734375e+00,3.153584241867065430e+00,-1.499252557754516602e+00,5.411762714385986328e+00,2.675035238265991211e+00,7.538759231567382812e+00,6.169714450836181641e+00,7.413651466369628906e+00,1.102098560333251953e+01,4.744504451751708984e+00
4.788715362548828125e+00,2.495858192443847656e+00,-1.859204888343811035e+00,5.902665138244628906e+00,2.978715419769287109e+00,6.651087760925292969e+00,6.543124675750732422e+00,5.652719497680664062e+00,1.008045959472656250e+01,4.612772941589355469e+00
4.195755004882812500e+00,2.296944379806518555e+00,-1.427839875221252441e+00,5.838186264038085938e+00,2.959824085235595703e+00,8.853815078735351562e+00,5.953975677490234375e+00,5.582662582397460938e+00,1.068439674377441406e+01,5.365275859832763672e+00
4.614384651184082031e+00,2.716325521469116211e+00,-2.008339166641235352e+00,6.297373294830322266e+00,3.530895233154296875e+00,7.258786201477050781e+00,6.922219276428222656e+00,5.536579608917236328e+00,9.984208106994628906e+00,5.070657253265380859e+00
4.398353576660156250e+00,2.524396896362304688e+00,-1.092745542526245117e+00,5.568548679351806641e+00,3.052805185317993164e+00,8.513884544372558594e+00,5.731139183044433594e+00,6.413789749145507812e+00,1.044965076446533203e+01,5.045824050903320312e+00
5.151564121246337891e+00,2.749664783477783203e+00,-7.996906638145446777e-01,5.507199287414550781e+00,2.556748151779174805e+00,8.025497436523437500e+00,5.949700832366943359e+00,4.696362495422363281e+00,1.087625598907470703e+01,4.497201442718505859e+00
5.032608032226562500e+00,2.620369911193847656e+00,-1.527275323867797852e+00,6.529832363128662109e+00,3.966190338134765625e+00,8.193800926208496094e+00,6.761170387268066406e+00,5.344677925109863281e+00,1.030375766754150391e+01,5.647775173187255859e+00
5.129860877990722656e+00,2.635778427124023438e+00,-1.885010004043579102e+00,6.234043598175048828e+00,3.406467914581298828e+00,7.575180053710937500e+00,6.727487087249755859e+00,4.977375984191894531e+00,1.028849506378173828e+01,4.736776351928710938e+00
4.636997222900390625e+00,2.730265855789184570e+00,-1.882890343666076660e+00,6.169770240783691406e+00,3.338890552520751953e+00,6.785863876342773438e+00,7.074201583862304688e+00,5.687107086181640625e+00,1.022686958312988281e+01,4.940975189208984375e+00
4.846468448638916016e+00,3.011774063110351562e+00,-1.541246652603149414e+00,5.976091384887695312e+00,3.116539955139160156e+00,7.643338203430175781e+00,6.756777763366699219e+00,5.464026451110839844e+00,1.067741203308105469e+01,4.615461826324462891e+00
4.214601516723632812e+00,5.116864681243896484e+00,-2.750760555267333984e+00,7.771579742431640625e+00,3.857046604156494141e+00,7.679583549499511719e+00,8.422777175903320312e+00,4.493861198425292969e+00,1.036955165863037109e+01,5.224269866943359375e+00
3.649115324020385742e+00,4.667091846466064453e+00,-2.609561443328857422e+00,6.849109649658203125e+00,3.416270971298217773e+00,7.462954521179199219e+00,7.590062618255615234e+00,3.862046957015991211e+00,9.997727394104003906e+00,4.739533424377441406e+00
4.154041290283203125e+00,5.257954597473144531e+00,-2.540824413299560547e+00,7.769602775573730469e+00,3.789020538330078125e+00,7.766822814941406250e+00,8.436128616333007812e+00,4.403917789459228516e+00,1.030916786193847656e+01,5.201090812683105469e+00
4.097804069519042969e+00,5.220662117004394531e+00,-2.505259513854980469e+00,7.661363601684570312e+00,3.720259904861450195e+00,7.687457084655761719e+00,8.338995933532714844e+00,4.354358673095703125e+00,1.023509979248046875e+01,5.134002208709716797e+00
4.118481636047363281e+00,5.156370162963867188e+00,-2.622001647949218750e+00,7.580703735351562500e+00,3.717081785202026367e+00,7.642743110656738281e+00,8.332338333129882812e+00,4.445548057556152344e+00,1.033994483947753906e+01,5.128202438354492188e+00
3.993806362152099609e+00,4.676405906677246094e+00,-2.617836952209472656e+00,6.998536109924316406e+00,3.521807670593261719e+00,7.223634719848632812e+00,7.633278369903564453e+00,4.100071430206298828e+00,9.999641418457031250e+00,4.805953502655029297e+00
4.168015480041503906e+00,4.824737548828125000e+00,-2.857294082641601562e+00,7.536444664001464844e+00,3.818465232849121094e+00,7.435308456420898438e+00,8.064932823181152344e+00,4.440161705017089844e+00,1.017485809326171875e+01,5.115985870361328125e+00
4.108233451843261719e+00,5.228343009948730469e+00,-2.472622632980346680e+00,7.682813644409179688e+00,3.743292331695556641e+00,7.727326393127441406e+00,8.366514205932617188e+00,4.367207527160644531e+00,1.026126480102539062e+01,5.158338069915771484e+00
4.173644065856933594e+00,5.078340530395507812e+00,-2.678726911544799805e+00,7.693277359008789062e+00,3.840982437133789062e+00,7.586782455444335938e+00,8.239332199096679688e+00,4.459592819213867188e+00,1.031120300292968750e+01,5.188154697418212891e+00
4.164033889770507812e+00,5.174231529235839844e+00,-2.646313667297363281e+00,7.733556747436523438e+00,3.817557334899902344e+00,7.665219306945800781e+00,8.390794754028320312e+00,4.429492950439453125e+00,1.029428672790527344e+01,5.184437274932861328e+00
4.083878517150878906e+00,3.088230133056640625e+00,-1.018418908119201660e+00,5.538772106170654297e+00,2.816548585891723633e+00,8.279124259948730469e+00,5.946436405181884766e+00,6.388896942138671875e+00,1.082891273498535156e+01,5.097602367401123047e+00
4.324819564819335938e+00,2.728752613067626953e+00,-1.113871693611145020e+00,5.532470703125000000e+00,3.014068365097045898e+00,8.598661422729492188e+00,5.604371070861816406e+00,5.916087150573730469e+00,1.080250930786132812e+01,4.835235595703125000e+00
4.104092121124267578e+00,2.680707931518554688e+00,-1.233363509178161621e+00,5.557228088378906250e+00,2.956546068191528320e+00,8.379578590393066406e+00,5.851421833038330078e+00,6.255846023559570312e+00,1.063669013977050781e+01,5.114209175109863281e+00
5.067934989929199219e+00,2.493777036666870117e+00,-1.453075170516967773e+00,6.351559162139892578e+00,3.651753425598144531e+00,7.975820541381835938e+00,6.494264125823974609e+00,5.114166259765625000e+00,1.006102752685546875e+01,5.375795841217041016e+00
4.810302257537841797e+00,2.770108699798583984e+00,-1.846326351165771484e+00,5.242761611938476562e+00,5.926376581192016602e-01,6.572606563568115234e+00,5.325892925262451172e+00,5.074098587036132812e+00,9.672317504882812500e+00,4.133019447326660156e+00
4.427593231201171875e+00,4.001740455627441406e+00,-2.148534774780273438e+00,6.963849067687988281e+00,3.751820802688598633e+00,7.705949783325195312e+00,7.474556446075439453e+00,4.605839729309082031e+00,1.036110496520996094e+01,5.233438491821289062e+00
5.069359302520751953e+00,2.895998239517211914e+00,-9.923130273818969727e-01,5.441286087036132812e+00,2.196040868759155273e+00,7.388561248779296875e+00,6.075448513031005859e+00,4.827689170837402344e+00,1.091740417480468750e+01,4.396574974060058594e+00
4.727519989013671875e+00,2.875333786010742188e+00,-2.424269914627075195e+00,5.300619125366210938e+00,7.573533654212951660e-01,6.568523406982421875e+00,5.328742504119873047e+00,5.039821624755859375e+00,9.704265594482421875e+00,4.115009784698486328e+00
5.185511112213134766e+00,2.803214788436889648e+00,-7.661886811256408691e-01,5.339707374572753906e+00,2.479777097702026367e+00,7.930462837219238281e+00,5.902452468872070312e+00,4.682826042175292969e+00,1.114578247070312500e+01,4.337290763854980469e+00
5.188430786132812500e+00,2.415769100189208984e+00,-1.384807705879211426e+00,6.092350959777832031e+00,3.660217761993408203e+00,7.685330390930175781e+00,6.708815097808837891e+00,4.991384506225585938e+00,1.040894508361816406e+01,4.340691089630126953e+00
4.808989524841308594e+00,1.900336742401123047e+00,-1.480030775070190430e+00,5.134066581726074219e+00,1.243818759918212891e+00,6.496703147888183594e+00,2.349534034729003906e+00,4.442703247070312500e+00,1.094566726684570312e+01,4.735078811645507812e+00
4.023463249206542969e+00,2.001834154129028320e+00,-1.874930620193481445e+00,5.116640090942382812e+00,1.687929868698120117e+00,3.452292442321777344e+00,2.369875907897949219e+00,3.645196914672851562e+00,1.025012016296386719e+01,4.935988903045654297e+00
4.426980018615722656e+00,1.860705852508544922e+00,-1.612987518310546875e+00,5.678086280822753906e+00,1.856318473815917969e+00,4.699855804443359375e+00,2.881817340850830078e+00,4.251869678497314453e+00,1.058082008361816406e+01,5.389030456542968750e+00
5.350596427917480469e+00,1.851039648056030273e+00,-1.641374826431274414e+00,5.239751815795898438e+00,1.637406349182128906e+00,7.277429580688476562e+00,2.959272861480712891e+00,4.494268417358398438e+00,1.098912811279296875e+01,4.777697563171386719e+00
4.918431282043457031e+00,2.047407627105712891e+00,-9.218750000000000000e-01,5.350718498229980469e+00,1.549916744232177734e+00,5.566256046295166016e+00,4.640121459960937500e+00,6.042990684509277344e+00,1.102519035339355469e+01,4.412172317504882812e+00
4.005336284637451172e+00,2.003789424896240234e+00,-1.891689062118530273e+00,5.077319145202636719e+00,1.475225687026977539e+00,3.339960098266601562e+00,2.402989625930786133e+00,3.576821565628051758e+00,1.012039661407470703e+01,5.005567550659179688e+00
4.516461372375488281e+00,2.096215963363647461e+00,-1.192986369132995605e+00,5.921824455261230469e+00,1.731844663619995117e+00,5.243828773498535156e+00,4.611489295959472656e+00,5.914504051208496094e+00,1.120791530609130859e+01,4.592188835144042969e+00
4.013928890228271484e+00,2.379027128219604492e+00,-1.650324583053588867e+00,5.953192710876464844e+00,2.247882366180419922e+00,5.318018913269042969e+00,5.127395153045654297e+00,6.246491432189941406e+00,1.113972949981689453e+01,3.915051937103271484e+00
5.359394550323486328e+00,2.103271245956420898e+00,-4.168251752853393555e-01,5.670136928558349609e+00,1.382139444351196289e+00,5.429138183593750000e+00,4.335475921630859375e+00,6.855023384094238281e+00,1.102914428710937500e+01,3.766874074935913086e+00
4.066208839416503906e+00,1.940640449523925781e+00,-1.873607873916625977e+00,5.155678749084472656e+00,1.689801692962646484e+00,3.503834724426269531e+00,2.325831890106201172e+00,3.647761344909667969e+00,1.020758056640625000e+01,5.018158912658691406e+00
5.496238708496093750e+00,2.371933698654174805e+00,-4.332748651504516602e-01,5.197182655334472656e+00,1.604084014892578125e+00,5.610323905944824219e+00,5.153949737548828125e+00,6.685544967651367188e+00,1.116534042358398438e+01,4.164376258850097656e+00
5.384068012237548828e+00,2.456140995025634766e+00,-2.036230564117431641e-01,5.095525741577148438e+00,2.785521030426025391e+00,5.032286167144775391e+00,5.326622962951660156e+00,5.564586639404296875e+00,1.082708930969238281e+01,4.853794574737548828e+00
4.800710678100585938e+00,3.589132308959960938e+00,-1.103790283203125000e+00,6.084867477416992188e+00,2.490665912628173828e+00,6.020621299743652344e+00,6.436268329620361328e+00,6.160129547119140625e+00,1.176149654388427734e+01,5.062153339385986328e+00
4.216480255126953125e+00,4.369597434997558594e+00,-1.888371467590332031e+00,5.835010528564453125e+00,3.311069011688232422e+00,7.423530578613281250e+00,7.123879432678222656e+00,7.448342323303222656e+00,1.168854236602783203e+01,5.231771469116210938e+00
4.674382209777832031e+00,2.740963935852050781e+00,-1.912176609039306641e+00,6.027862071990966797e+00,3.342394351959228516e+00,5.188396453857421875e+00,5.992247104644775391e+00,5.732374191284179688e+00,1.121742820739746094e+01,5.112951755523681641e+00
4.277912139892578125e+00,5.047262191772460938e+00,-3.021900653839111328e+00,7.769682884216308594e+00,3.880378246307373047e+00,7.708339691162109375e+00,8.596620559692382812e+00,4.535906314849853516e+00,1.043752670288085938e+01,5.232174396514892578e+00
3.908843040466308594e+00,2.588547229766845703e+00,-2.597621202468872070e+00,5.759254932403564453e+00,3.006174802780151367e+00,6.743096828460693359e+00,5.381646156311035156e+00,6.498881340026855469e+00,1.073860073089599609e+01,4.805895328521728516e+00
4.425555229187011719e+00,2.976812839508056641e+00,-2.029235124588012695e+00,5.623877048492431641e+00,3.260949134826660156e+00,5.073204040527343750e+00,5.582004547119140625e+00,5.277246475219726562e+00,1.103995513916015625e+01,4.860189914703369141e+00
4.578623771667480469e+00,4.386250495910644531e+00,-2.523564815521240234e+00,6.832691192626953125e+00,3.118896961212158203e+00,7.188313484191894531e+00,8.190317153930664062e+00,5.514962196350097656e+00,1.145471000671386719e+01,5.008394241333007812e+00
5.063879013061523438e+00,2.811803817749023438e+00,-1.665232658386230469e+00,6.425640583038330078e+00,3.799346446990966797e+00,5.825495243072509766e+00,5.465880870819091797e+00,5.815753936767578125e+00,1.138060092926025391e+01,5.899765014648437500e+00
4.129774093627929688e+00,4.878009319305419922e+00,-2.294442415237426758e+00,7.251415252685546875e+00,3.960619926452636719e+00,7.777181625366210938e+00,7.873241424560546875e+00,4.634028434753417969e+00,1.057835578918457031e+01,5.154766082763671875e+00
4.264118194580078125e+00,4.964939117431640625e+00,-2.984842777252197266e+00,7.559652328491210938e+00,4.043103218078613281e+00,7.854668617248535156e+00,8.324963569641113281e+00,4.768205642700195312e+00,1.067142868041992188e+01,5.218255043029785156e+00
4.153218746185302734e+00,5.179424762725830078e+00,-2.873299121856689453e+00,7.430218696594238281e+00,4.015078067779541016e+00,8.130487442016601562e+00,8.212162017822265625e+00,4.900823116302490234e+00,1.100016784667968750e+01,5.227336883544921875e+00
4.232575893402099609e+00,5.123188495635986328e+00,-2.736382246017456055e+00,7.760017395019531250e+00,3.875618696212768555e+00,7.673451423645019531e+00,8.524454116821289062e+00,4.490825653076171875e+00,1.034992218017578125e+01,5.220707893371582031e+00
4.204292297363281250e+00,5.183026313781738281e+00,-2.619552135467529297e+00,7.758168220520019531e+00,3.880038976669311523e+00,7.694282531738281250e+00,8.512186050415039062e+00,4.493665218353271484e+00,1.034554862976074219e+01,5.225131034851074219e+00
4.861918449401855469e+00,2.939494132995605469e+00,-2.138082742691040039e+00,5.436205387115478516e+00,2.911066532135009766e+00,5.251348495483398438e+00,6.438237190246582031e+00,6.063406944274902344e+00,1.030946922302246094e+01,4.263414859771728516e+00
4.922538757324218750e+00,4.737891197204589844e+00,-1.283367753028869629e+00,6.490670680999755859e+00,3.520579338073730469e+00,5.768629074096679688e+00,7.098841190338134766e+00,6.404277801513671875e+00,1.223199272155761719e+01,4.868454933166503906e+00
4.194135189056396484e+00,5.171891212463378906e+00,-2.454457998275756836e+00,7.629498481750488281e+00,3.917438983917236328e+00,7.855551719665527344e+00,8.166666984558105469e+00,4.653202056884765625e+00,1.057345771789550781e+01,5.211022377014160156e+00
4.276226997375488281e+00,5.018948554992675781e+00,-3.083719730377197266e+00,7.697842597961425781e+00,3.933387756347656250e+00,7.702635765075683594e+00,8.536752700805664062e+00,4.585074424743652344e+00,1.048493576049804688e+01,5.212305068969726562e+00
4.268280029296875000e+00,5.002359867095947266e+00,-2.948726415634155273e+00,7.735895156860351562e+00,3.830800294876098633e+00,7.563088417053222656e+00,8.420755386352539062e+00,4.502511978149414062e+00,1.032583236694335938e+01,5.199763298034667969e+00
4.739093303680419922e+00,2.792519092559814453e+00,-2.090993881225585938e+00,5.279667854309082031e+00,7.918639779090881348e-01,6.604139328002929688e+00,5.323546886444091797e+00,4.984198570251464844e+00,9.794021606445312500e+00,4.022883415222167969e+00
4.033624172210693359e+00,5.186259746551513672e+00,-1.991660594940185547e+00,7.572818756103515625e+00,3.769711494445800781e+00,7.703978538513183594e+00,8.271032333374023438e+00,4.340006828308105469e+00,1.025143814086914062e+01,5.143909454345703125e+00
4.299863815307617188e+00,4.659550189971923828e+00,-2.091378688812255859e+00,6.858268737792968750e+00,3.387043952941894531e+00,7.422984123229980469e+00,7.631347656250000000e+00,4.151461124420166016e+00,1.026069068908691406e+01,4.844238281250000000e+00
4.167742729187011719e+00,4.855328559875488281e+00,-2.169082403182983398e+00,7.093334197998046875e+00,3.507077693939208984e+00,7.386661529541015625e+00,7.772693157196044922e+00,4.210145950317382812e+00,1.014151000976562500e+01,4.896224498748779297e+00
4.062709331512451172e+00,5.171345710754394531e+00,-2.142326116561889648e+00,7.608667373657226562e+00,3.787973642349243164e+00,7.636908531188964844e+00,8.253715515136718750e+00,4.370685577392578125e+00,1.024162673950195312e+01,5.154034614562988281e+00
4.811855316162109375e+00,3.403290987014770508e+00,-1.978259801864624023e+00,6.513835906982421875e+00,3.166230201721191406e+00,6.610762596130371094e+00,7.270603179931640625e+00,4.453055381774902344e+00,1.020895481109619141e+01,4.554663658142089844e+00
4.163281440734863281e+00,4.873846054077148438e+00,-2.213708400726318359e+00,6.954176902770996094e+00,3.404606580734252930e+00,7.386646270751953125e+00,7.693900585174560547e+00,4.146787166595458984e+00,1.018553161621093750e+01,4.826815605163574219e+00
5.188850402832031250e+00,2.665237903594970703e+00,-1.249179601669311523e+00,6.095474243164062500e+00,3.522549390792846680e+00,7.379487037658691406e+00,6.903461933135986328e+00,4.544419288635253906e+00,1.056452751159667969e+01,4.367826461791992188e+00
5.196500778198242188e+00,2.601950645446777344e+00,-1.258079290390014648e+00,6.079300880432128906e+00,3.573116779327392578e+00,7.538595199584960938e+00,6.798126697540283203e+00,4.546125411987304688e+00,1.060461997985839844e+01,4.390714168548583984e+00
4.892076969146728516e+00,2.995373725891113281e+00,-1.718387365341186523e+00,6.169916629791259766e+00,2.716183900833129883e+00,7.053124427795410156e+00,6.838599681854248047e+00,4.524730205535888672e+00,1.032156562805175781e+01,4.328466415405273438e+00
4.053462982177734375e+00,5.196571350097656250e+00,-2.148371934890747070e+00,7.623826026916503906e+00,3.767284154891967773e+00,7.690635681152343750e+00,8.280944824218750000e+00,4.355927944183349609e+00,1.021790981292724609e+01,5.153354644775390625e+00
4.050763130187988281e+00,5.185409545898437500e+00,-2.149980306625366211e+00,7.596016883850097656e+00,3.764396667480468750e+00,7.671334266662597656e+00,8.274702072143554688e+00,4.333725929260253906e+00,1.019061470031738281e+01,5.131924629211425781e+00
4.086822986602783203e+00,5.224850654602050781e+00,-2.253927230834960938e+00,7.658920288085937500e+00,3.772424459457397461e+00,7.708025932312011719e+00,8.333304405212402344e+00,4.376199245452880859e+00,1.025309944152832031e+01,5.169752120971679688e+00
4.065307140350341797e+00,5.208520889282226562e+00,-2.144075632095336914e+00,7.644812583923339844e+00,3.782043218612670898e+00,7.698511123657226562e+00,8.312139511108398438e+00,4.366932392120361328e+00,1.023549938201904297e+01,5.167337417602539062e+00
4.093691349029541016e+00,5.235992431640625000e+00,-2.240780353546142578e+00,7.666154861450195312e+00,3.780775308609008789e+00,7.659387588500976562e+00,8.278533935546875000e+00,4.380547523498535156e+00,1.022803497314453125e+01,5.165558815002441406e+00
4.066402435302734375e+00,5.218544483184814453e+00,-2.221505641937255859e+00,7.632848739624023438e+00,3.767469882965087891e+00,7.666293144226074219e+00,8.271268844604492188e+00,4.357378005981445312e+00,1.021006011962890625e+01,5.145825386047363281e+00
4.059849262237548828e+00,5.225368022918701172e+00,-2.213522672653198242e+00,7.646926879882812500e+00,3.771456241607666016e+00,7.682744026184082031e+00,8.308708190917968750e+00,4.355200767517089844e+00,1.022555541992187500e+01,5.155497550964355469e+00
4.035878658294677734e+00,5.187443733215332031e+00,-2.125779628753662109e+00,7.603175163269042969e+00,3.756914854049682617e+00,7.688505172729492188e+00,8.281950950622558594e+00,4.335303306579589844e+00,1.020188140869140625e+01,5.137191295623779297e+00
4.088535308837890625e+00,5.218651771545410156e+00,-2.301152467727661133e+00,7.680233001708984375e+00,3.790567874908447266e+00,7.720937728881835938e+00,8.342971801757812500e+00,4.380071640014648438e+00,1.025252532958984375e+01,5.180624008178710938e+00
4.020884513854980469e+00,5.180930137634277344e+00,-2.048850059509277344e+00,7.581661224365234375e+00,3.747576713562011719e+00,7.678667068481445312e+00,8.274334907531738281e+00,4.327069759368896484e+00,1.019430446624755859e+01,5.129200458526611328e+00
4.127539634704589844e+00,5.055098533630371094e+00,-2.607027292251586914e+00,7.587888717651367188e+00,3.737496376037597656e+00,7.460974693298339844e+00,8.192661285400390625e+00,4.411242008209228516e+00,1.017091178894042969e+01,5.096767902374267578e+00
4.182923316955566406e+00,5.188361644744873047e+00,-2.675149917602539062e+00,7.787980079650878906e+00,3.817119359970092773e+00,7.685351371765136719e+00,8.491804122924804688e+00,4.430244445800781250e+00,1.031127452850341797e+01,5.210521221160888672e+00
4.206900119781494141e+00,4.930727005004882812e+00,-2.754821777343750000e+00,7.626503944396972656e+00,3.822944164276123047e+00,7.285612106323242188e+00,8.117204666137695312e+00,4.496374130249023438e+00,1.016553783416748047e+01,5.116302013397216797e+00
4.318498134613037109e+00,4.288580894470214844e+00,-2.732297897338867188e+00,7.170377731323242188e+00,3.738384246826171875e+00,6.974587917327880859e+00,7.620551586151123047e+00,4.589128017425537109e+00,1.001877117156982422e+01,5.028097152709960938e+00
4.566550254821777344e+00,3.461723566055297852e+00,-2.371085166931152344e+00,6.962830543518066406e+00,3.798468351364135742e+00,7.376252174377441406e+00,7.480642318725585938e+00,4.898244380950927734e+00,1.011098480224609375e+01,5.326189041137695312e+00
4.937586784362792969e+00,2.628727436065673828e+00,-2.049218654632568359e+00,6.319277286529541016e+00,3.440578460693359375e+00,7.441669464111328125e+00,6.735298633575439453e+00,5.327751159667968750e+00,1.001590538024902344e+01,4.946152687072753906e+00
4.251486301422119141e+00,5.104335784912109375e+00,-2.719540596008300781e+00,7.849833488464355469e+00,3.939015150070190430e+00,7.627439498901367188e+00,8.460491180419921875e+00,4.507987976074218750e+00,1.030391788482666016e+01,5.261544704437255859e+00
4.185350894927978516e+00,5.085754394531250000e+00,-2.077089071273803711e+00,7.701400756835937500e+00,3.885784149169921875e+00,7.547286033630371094e+00,8.346637725830078125e+00,4.458337783813476562e+00,1.024590682983398438e+01,5.205748558044433594e+00
4.107591629028320312e+00,5.182076454162597656e+00,-2.617448806762695312e+00,7.684868812561035156e+00,3.742218255996704102e+00,7.671687126159667969e+00,8.383501052856445312e+00,4.335112571716308594e+00,1.022822666168212891e+01,5.139683723449707031e+00
4.235038280487060547e+00,4.687590599060058594e+00,-2.498153924942016602e+00,7.446467399597167969e+00,3.783901214599609375e+00,7.142946243286132812e+00,7.806471347808837891e+00,4.526005744934082031e+00,1.004314517974853516e+01,5.069102287292480469e+00
4.730073451995849609e+00,3.805727005004882812e+00,-1.114630103111267090e+00,6.451886177062988281e+00,3.802058696746826172e+00,6.110181808471679688e+00,7.682500362396240234e+00,6.213078498840332031e+00,1.112176418304443359e+01,4.948364257812500000e+00
4.756676673889160156e+00,3.792101144790649414e+00,-1.131731271743774414e+00,6.503415107727050781e+00,3.846976280212402344e+00,6.007143974304199219e+00,7.594498634338378906e+00,6.178212165832519531e+00,1.110451316833496094e+01,4.956360340118408203e+00
4.655731201171875000e+00,3.653417110443115234e+00,-1.173232555389404297e+00,6.896798133850097656e+00,3.837360858917236328e+00,6.047543525695800781e+00,7.723973751068115234e+00,5.979102134704589844e+00,1.067496490478515625e+01,5.121272087097167969e+00
4.721998214721679688e+00,3.683453798294067383e+00,-1.095014333724975586e+00,6.825284004211425781e+00,3.753255367279052734e+00,5.970140933990478516e+00,7.679967880249023438e+00,6.020010948181152344e+00,1.077640724182128906e+01,5.110139369964599609e+00
4.708146572113037109e+00,3.689896821975708008e+00,-1.283967852592468262e+00,6.873074531555175781e+00,3.931446552276611328e+00,5.987816810607910156e+00,7.520955085754394531e+00,6.041044712066650391e+00,1.076843261718750000e+01,5.081521034240722656e+00
4.531239509582519531e+00,3.628701448440551758e+00,-1.488035440444946289e+00,7.018675804138183594e+00,4.147686958312988281e+00,6.210071563720703125e+00,7.490577220916748047e+00,5.904859542846679688e+00,1.041538810729980469e+01,5.109506130218505859e+00
4.639432907104492188e+00,3.712891817092895508e+00,-1.280403852462768555e+00,6.411493301391601562e+00,3.881149053573608398e+00,6.134956359863281250e+00,7.544744014739990234e+00,6.301850318908691406e+00,1.091794586181640625e+01,4.919527053833007812e+00
4.740911483764648438e+00,3.788381814956665039e+00,-1.096450209617614746e+00,6.558616638183593750e+00,3.767139434814453125e+00,6.019768714904785156e+00,7.660213947296142578e+00,6.120822906494140625e+00,1.108576774597167969e+01,5.025639057159423828e+00
4.781808376312255859e+00,3.748068332672119141e+00,-1.095498085021972656e+00,6.552628517150878906e+00,3.689282417297363281e+00,6.290689468383789062e+00,7.819921493530273438e+00,6.259737491607666016e+00,1.097846508026123047e+01,5.017968177795410156e+00
4.788752555847167969e+00,3.819894552230834961e+00,-1.234950184822082520e+00,6.635493278503417969e+00,3.926690101623535156e+00,6.111852645874023438e+00,7.610110282897949219e+00,6.310700416564941406e+00,1.084083175659179688e+01,4.939184665679931641e+00
4.651433944702148438e+00,4.061141967773437500e+00,-1.544185638427734375e+00,6.472476005554199219e+00,3.968387365341186523e+00,7.183272361755371094e+00,7.379478454589843750e+00,7.043743133544921875e+00,1.175007724761962891e+01,5.075237274169921875e+00
4.650376796722412109e+00,4.039206981658935547e+00,-1.556247591972351074e+00,6.451982021331787109e+00,3.953824043273925781e+00,7.181303977966308594e+00,7.328104972839355469e+00,7.046852588653564453e+00,1.173323154449462891e+01,5.052026748657226562e+00
4.653087615966796875e+00,4.046736717224121094e+00,-1.567827820777893066e+00,6.465084075927734375e+00,3.970783472061157227e+00,7.210407257080078125e+00,7.354338645935058594e+00,7.070015907287597656e+00,1.175368690490722656e+01,5.057763576507568359e+00
4.686229705810546875e+00,4.036312103271484375e+00,-1.628116607666015625e+00,6.455144882202148438e+00,3.990277290344238281e+00,7.178163528442382812e+00,7.325438022613525391e+00,7.017776489257812500e+00,1.170400428771972656e+01,5.050659179687500000e+00
4.658516407012939453e+00,3.989141225814819336e+00,-1.605510234832763672e+00,6.406908035278320312e+00,3.951338768005371094e+00,7.176542282104492188e+00,7.316240310668945312e+00,7.052080154418945312e+00,1.168441009521484375e+01,5.040623664855957031e+00
4.637805461883544922e+00,4.028685569763183594e+00,-1.618890762329101562e+00,6.426588058471679688e+00,3.966701507568359375e+00,7.243003845214843750e+00,7.339522361755371094e+00,7.104263305664062500e+00,1.174293708801269531e+01,5.052076816558837891e+00
4.671396732330322266e+00,3.947528362274169922e+00,-1.622933030128479004e+00,6.396470546722412109e+00,3.950727462768554688e+00,7.143867492675781250e+00,7.289275646209716797e+00,6.988378524780273438e+00,1.162032222747802734e+01,5.030354976654052734e+00
4.659554004669189453e+00,4.019030570983886719e+00,-1.633341789245605469e+00,6.412020683288574219e+00,3.967450857162475586e+00,7.177885055541992188e+00,7.309461116790771484e+00,7.037405014038085938e+00,1.170043468475341797e+01,5.053092956542968750e+00
4.652620315551757812e+00,3.993029594421386719e+00,-1.624212741851806641e+00,6.404865264892578125e+00,3.950582265853881836e+00,7.169833183288574219e+00,7.293733119964599609e+00,7.039599895477294922e+00,1.167556571960449219e+01,5.028846263885498047e+00
4.630162239074707031e+00,4.339143753051757812e+00,-1.266897916793823242e+00,6.351602554321289062e+00,3.796501159667968750e+00,6.997534275054931641e+00,7.808208942413330078e+00,6.453704357147216797e+00,1.199792861938476562e+01,5.155033588409423828e+00
4.667050361633300781e+00,4.008806228637695312e+00,-1.636705398559570312e+00,6.412395000457763672e+00,3.968146562576293945e+00,7.185490608215332031e+00,7.330201148986816406e+00,7.051417827606201172e+00,1.170229625701904297e+01,5.036495208740234375e+00
4.671869277954101562e+00,4.016847610473632812e+00,-1.637379288673400879e+00,6.419667243957519531e+00,3.976856708526611328e+00,7.198844909667968750e+00,7.348774433135986328e+00,7.070613861083984375e+00,1.172132682800292969e+01,5.044322967529296875e+00
4.644293785095214844e+00,4.015647888183593750e+00,-1.617998480796813965e+00,6.407719612121582031e+00,3.958750486373901367e+00,7.206426620483398438e+00,7.331796646118164062e+00,7.081654548645019531e+00,1.172430992126464844e+01,5.046009063720703125e+00
4.681632518768310547e+00,4.062143325805664062e+00,-1.585601925849914551e+00,6.429465770721435547e+00,3.974399805068969727e+00,7.123529434204101562e+00,7.393257141113281250e+00,6.933773040771484375e+00,1.171192359924316406e+01,5.068324089050292969e+00
4.646959304809570312e+00,4.002105712890625000e+00,-1.592340707778930664e+00,6.387680053710937500e+00,3.948239564895629883e+00,7.132154464721679688e+00,7.339896678924560547e+00,7.024106979370117188e+00,1.168091583251953125e+01,5.055175781250000000e+00
4.652522087097167969e+00,3.975134372711181641e+00,-1.581029891967773438e+00,6.396944999694824219e+00,3.958113193511962891e+00,7.162246704101562500e+00,7.341326713562011719e+00,7.053025722503662109e+00,1.165886878967285156e+01,5.053311347961425781e+00
4.609802722930908203e+00,4.041907787322998047e+00,-1.496446609497070312e+00,6.378047943115234375e+00,3.926893949508666992e+00,7.091457366943359375e+00,7.391030311584472656e+00,6.885384559631347656e+00,1.167418479919433594e+01,5.085970878601074219e+00
4.765372753143310547e+00,3.634868144989013672e+00,-1.484087347984313965e+00,6.744533538818359375e+00,4.081871986389160156e+00,7.044159889221191406e+00,7.327453613281250000e+00,6.639605998992919922e+00,1.116757488250732422e+01,5.153641700744628906e+00
4.613782882690429688e+00,3.794150590896606445e+00,-1.556628942489624023e+00,6.467246055603027344e+00,3.966964960098266602e+00,6.860098838806152344e+00,7.332321643829345703e+00,6.729616165161132812e+00,1.132790946960449219e+01,5.041765213012695312e+00
4.637749671936035156e+00,4.068116188049316406e+00,-1.610005140304565430e+00,6.437396049499511719e+00,3.988996505737304688e+00,7.226879119873046875e+00,7.453630924224853516e+00,7.094859600067138672e+00,1.174492168426513672e+01,5.108357429504394531e+00
4.899085521697998047e+00,2.821411132812500000e+00,-1.376495599746704102e+00,5.393992900848388672e+00,1.193595409393310547e+00,9.335971832275390625e+00,3.852323532104492188e+00,7.072181701660156250e+00,1.071570777893066406e+01,4.069430828094482422e+00
3.935016632080078125e+00,1.770371079444885254e+00,-1.889767289161682129e+00,4.765335559844970703e+00,1.030876755714416504e+00,3.472006559371948242e+00,1.942658901214599609e+00,3.541867256164550781e+00,9.823169708251953125e+00,4.879829406738281250e+00
5.059583187103271484e+00,2.879489898681640625e+00,-1.295278191566467285e+00,5.478690624237060547e+00,9.248054027557373047e-01,9.233159065246582031e+00,3.628388404846191406e+00,7.318645477294921875e+00,1.063689422607421875e+01,4.357394218444824219e+00
3.979948282241821289e+00,1.832002639770507812e+00,-1.913475751876831055e+00,4.877334594726562500e+00,1.179694175720214844e+00,3.578121662139892578e+00,2.170984506607055664e+00,3.619488000869750977e+00,9.938231468200683594e+00,4.858578681945800781e+00
4.918628692626953125e+00,2.962129592895507812e+00,-1.373110413551330566e+00,5.414671897888183594e+00,8.630460500717163086e-01,9.402929306030273438e+00,3.667861700057983398e+00,7.270915985107421875e+00,1.048441028594970703e+01,4.266406059265136719e+00
4.905851364135742188e+00,2.961187839508056641e+00,-1.349994540214538574e+00,5.424486160278320312e+00,8.716881275177001953e-01,9.342404365539550781e+00,3.637401580810546875e+00,7.200653076171875000e+00,1.048503684997558594e+01,4.285305500030517578e+00
4.908415317535400391e+00,2.949905872344970703e+00,-1.347110390663146973e+00,5.411330223083496094e+00,8.316876888275146484e-01,9.356336593627929688e+00,3.611309528350830078e+00,7.204733848571777344e+00,1.046797180175781250e+01,4.271418094635009766e+00
5.130963325500488281e+00,2.718108892440795898e+00,-1.724506378173828125e+00,5.127846717834472656e+00,1.245390295982360840e+00,8.754145622253417969e+00,3.562704563140869141e+00,6.592057228088378906e+00,1.088109016418457031e+01,3.801946401596069336e+00
-1.368012666702270508e+00,-4.456002712249755859e-01,-2.959740638732910156e+00,-4.046320915222167969e-02,-8.055493235588073730e-01,4.943134784698486328e-01,-4.317269325256347656e-01,1.418828964233398438e-01,4.537049770355224609e+00,-1.320818901062011719e+00
4.932434082031250000e+00,2.959128856658935547e+00,-1.320719122886657715e+00,5.435143470764160156e+00,8.334949612617492676e-01,9.405112266540527344e+00,3.619641304016113281e+00,7.219610214233398438e+00,1.049282073974609375e+01,4.286798477172851562e+00
5.243894577026367188e+00,3.767456054687500000e+00,-1.228611588478088379e+00,5.327710151672363281e+00,3.639455080032348633e+00,7.523533821105957031e+00,5.325480937957763672e+00,5.472754001617431641e+00,1.199195861816406250e+01,3.923943042755126953e+00
5.820844173431396484e+00,4.806588172912597656e+00,3.646832704544067383e-01,5.261283874511718750e+00,1.396822214126586914e+00,5.077116966247558594e+00,4.558837413787841797e+00,6.734157562255859375e+00,1.179685974121093750e+01,3.797513484954833984e+00
5.328531265258789062e+00,2.799632549285888672e+00,-9.070903658866882324e-01,5.912628173828125000e+00,4.091960430145263672e+00,7.614112854003906250e+00,6.504559516906738281e+00,4.665217876434326172e+00,1.087835502624511719e+01,4.264989852905273438e+00
5.288984298706054688e+00,3.403806447982788086e+00,-1.128883600234985352e+00,6.111164093017578125e+00,3.930550575256347656e+00,7.372776985168457031e+00,6.886636734008789062e+00,4.976391792297363281e+00,1.105941486358642578e+01,4.362611770629882812e+00
5.120488166809082031e+00,3.771147251129150391e+00,-1.578399777412414551e+00,5.086496353149414062e+00,3.681172847747802734e+00,7.776891708374023438e+00,5.271068572998046875e+00,5.277113437652587891e+00,1.193322753906250000e+01,3.933261632919311523e+00
4.241560935974121094e+00,2.396766185760498047e+00,-1.760854721069335938e+00,4.989562034606933594e+00,1.740999937057495117e+00,3.657166481018066406e+00,2.829221963882446289e+00,4.055940151214599609e+00,1.014687347412109375e+01,4.221468925476074219e+00
5.085834503173828125e+00,3.580473423004150391e+00,-1.904987335205078125e+00,4.778039455413818359e+00,3.248732089996337891e+00,7.525934219360351562e+00,4.661957263946533203e+00,5.120495796203613281e+00,1.183708000183105469e+01,3.397294521331787109e+00
4.409946441650390625e+00,2.223642349243164062e+00,-1.209450840950012207e+00,4.363150596618652344e+00,1.983268737792968750e+00,6.124151229858398438e+00,3.039258718490600586e+00,5.880628585815429688e+00,1.021441459655761719e+01,4.962002754211425781e+00
4.163380622863769531e+00,2.725156307220458984e+00,-1.680929899215698242e+00,4.432116031646728516e+00,1.936494350433349609e+00,5.484677314758300781e+00,3.662629365921020508e+00,4.594152927398681641e+00,1.006147766113281250e+01,3.570767402648925781e+00
5.629272460937500000e+00,4.373952388763427734e+00,-1.032407999038696289e+00,5.702666282653808594e+00,1.067344188690185547e+00,4.324949741363525391e+00,4.319676876068115234e+00,6.621950149536132812e+00,1.202112770080566406e+01,4.546398162841796875e+00
4.809933662414550781e+00,3.242298126220703125e+00,-1.423275470733642578e+00,6.376232147216796875e+00,3.408844947814941406e+00,6.361856460571289062e+00,7.179073810577392578e+00,5.856927871704101562e+00,1.025700855255126953e+01,4.686304092407226562e+00
4.972354888916015625e+00,2.969529151916503906e+00,-9.220893383026123047e-01,6.635961532592773438e+00,3.592281103134155273e+00,7.037958145141601562e+00,7.483644962310791016e+00,5.245832443237304688e+00,1.005781841278076172e+01,4.761877059936523438e+00
5.031403541564941406e+00,2.834059000015258789e+00,-1.331860780715942383e+00,6.649596214294433594e+00,3.749111890792846680e+00,7.607192993164062500e+00,7.457060337066650391e+00,5.361099243164062500e+00,1.038287353515625000e+01,4.957417011260986328e+00
4.864158153533935547e+00,3.282711029052734375e+00,-9.229508638381958008e-01,6.633953094482421875e+00,3.842553138732910156e+00,6.328513145446777344e+00,7.395077228546142578e+00,6.103607177734375000e+00,1.010464668273925781e+01,4.638382911682128906e+00
4.673282623291015625e+00,3.442501068115234375e+00,-1.901303410530090332e+00,6.377361774444580078e+00,3.723760604858398438e+00,6.641029834747314453e+00,6.974107265472412109e+00,5.872225761413574219e+00,1.042863082885742188e+01,5.080615043640136719e+00
4.946551322937011719e+00,3.063456535339355469e+00,-1.409051179885864258e+00,6.342393398284912109e+00,3.402378320693969727e+00,6.764685630798339844e+00,7.323825359344482422e+00,5.287331581115722656e+00,1.025774574279785156e+01,4.788850784301757812e+00
4.645481109619140625e+00,3.618921041488647461e+00,-2.188499212265014648e+00,6.554371833801269531e+00,3.071931600570678711e+00,6.426257133483886719e+00,7.345033168792724609e+00,4.431747436523437500e+00,1.013031864166259766e+01,4.709932327270507812e+00
4.996975421905517578e+00,3.311583995819091797e+00,-7.449494004249572754e-01,6.640944480895996094e+00,3.891774654388427734e+00,6.798520088195800781e+00,7.788472652435302734e+00,6.066436767578125000e+00,1.037788677215576172e+01,4.607082843780517578e+00
5.136059761047363281e+00,2.622148513793945312e+00,-1.240554690361022949e+00,6.077930450439453125e+00,3.392790079116821289e+00,7.176994323730468750e+00,6.940616130828857422e+00,4.970720767974853516e+00,1.043164920806884766e+01,4.360366821289062500e+00
5.024280548095703125e+00,2.800513267517089844e+00,-9.015864729881286621e-01,6.465429306030273438e+00,3.701399803161621094e+00,7.309466361999511719e+00,7.397913932800292969e+00,5.122698307037353516e+00,1.027626895904541016e+01,4.532732963562011719e+00
4.410656929016113281e+00,3.541594028472900391e+00,-1.429063439369201660e+00,5.622470855712890625e+00,2.619489669799804688e+00,6.313581466674804688e+00,7.000098705291748047e+00,7.289140701293945312e+00,1.154955959320068359e+01,4.720162391662597656e+00
4.187092781066894531e+00,5.180392742156982422e+00,-2.484529972076416016e+00,7.749670982360839844e+00,3.844558000564575195e+00,7.697743415832519531e+00,8.390853881835937500e+00,4.463261604309082031e+00,1.033097362518310547e+01,5.233067035675048828e+00
4.220327854156494141e+00,5.115284442901611328e+00,-2.621303081512451172e+00,7.750269889831542969e+00,3.824352502822875977e+00,7.649903297424316406e+00,8.382826805114746094e+00,4.477401733398437500e+00,1.033158111572265625e+01,5.219550132751464844e+00
4.642191886901855469e+00,2.734912395477294922e+00,-2.234905004501342773e+00,5.590688705444335938e+00,2.428125858306884766e+00,5.191724777221679688e+00,6.994864940643310547e+00,5.959352970123291016e+00,1.043986511230468750e+01,4.426577568054199219e+00
4.196754932403564453e+00,5.132744312286376953e+00,-2.648305892944335938e+00,7.693784713745117188e+00,3.853897571563720703e+00,7.776158332824707031e+00,8.425017356872558594e+00,4.482269763946533203e+00,1.040964031219482422e+01,5.227168083190917969e+00
4.774905204772949219e+00,3.558426856994628906e+00,-1.143478274345397949e+00,5.953766822814941406e+00,1.933974981307983398e+00,5.988131523132324219e+00,7.686431407928466797e+00,5.742469787597656250e+00,1.094687461853027344e+01,4.622240066528320312e+00
4.738210678100585938e+00,3.038799762725830078e+00,-1.431050181388854980e+00,5.814404487609863281e+00,1.970178127288818359e+00,5.593996047973632812e+00,7.281866550445556641e+00,5.806343555450439453e+00,1.070853233337402344e+01,4.532537460327148438e+00
4.146744728088378906e+00,5.191246986389160156e+00,-2.531358718872070312e+00,7.680621147155761719e+00,3.780177831649780273e+00,7.661113739013671875e+00,8.350864410400390625e+00,4.390059471130371094e+00,1.027049636840820312e+01,5.160827636718750000e+00
4.168514251708984375e+00,5.163480758666992188e+00,-2.564720630645751953e+00,7.695794105529785156e+00,3.770547866821289062e+00,7.687451362609863281e+00,8.343215942382812500e+00,4.425168037414550781e+00,1.032569694519042969e+01,5.183922767639160156e+00
4.896598339080810547e+00,3.274005889892578125e+00,-7.625417709350585938e-01,6.738768577575683594e+00,3.627266883850097656e+00,7.185044288635253906e+00,7.988821506500244141e+00,6.199833869934082031e+00,1.095788097381591797e+01,5.169557571411132812e+00
4.706603527069091797e+00,2.992858409881591797e+00,-2.538181781768798828e+00,5.263250827789306641e+00,7.825013399124145508e-01,6.487838745117187500e+00,5.308114528656005859e+00,5.087255477905273438e+00,9.625837326049804688e+00,4.052391052246093750e+00
4.735277175903320312e+00,3.053439855575561523e+00,-2.615398645401000977e+00,5.288266181945800781e+00,8.298941850662231445e-01,6.436038017272949219e+00,5.276900291442871094e+00,5.090475082397460938e+00,9.609512329101562500e+00,4.095756053924560547e+00
4.733222007751464844e+00,2.878454446792602539e+00,-2.320411682128906250e+00,5.195647239685058594e+00,6.990612745285034180e-01,6.497633934020996094e+00,5.269596099853515625e+00,5.017117500305175781e+00,9.692010879516601562e+00,3.981799364089965820e+00
3.986903190612792969e+00,5.185927391052246094e+00,-1.917626857757568359e+00,7.625226974487304688e+00,3.802870273590087891e+00,7.712486267089843750e+00,8.428934097290039062e+00,4.290709972381591797e+00,1.021550369262695312e+01,5.142882347106933594e+00
4.922143459320068359e+00,2.825048923492431641e+00,-2.028516769409179688e+00,5.061096191406250000e+00,8.835591077804565430e-01,6.346816062927246094e+00,5.160355567932128906e+00,5.044584274291992188e+00,1.002081203460693359e+01,3.846848487854003906e+00
5.023114204406738281e+00,2.755830049514770508e+00,-1.781343579292297363e+00,5.077967643737792969e+00,1.342614769935607910e+00,6.775782585144042969e+00,5.164594650268554688e+00,4.942502975463867188e+00,1.029579162597656250e+01,3.731220722198486328e+00
4.980354309082031250e+00,2.759635448455810547e+00,-1.782389163970947266e+00,5.118103981018066406e+00,1.200543999671936035e+00,6.821407794952392578e+00,5.187674522399902344e+00,4.958873271942138672e+00,1.024353790283203125e+01,3.752287387847900391e+00
4.717450141906738281e+00,2.961468219757080078e+00,-2.469810485839843750e+00,5.130139350891113281e+00,7.774208784103393555e-01,6.288671493530273438e+00,5.131829261779785156e+00,5.087272644042968750e+00,9.756124496459960938e+00,3.903540849685668945e+00
5.168424606323242188e+00,2.595538616180419922e+00,-1.241261124610900879e+00,5.916079044342041016e+00,3.657407999038696289e+00,7.413444519042968750e+00,6.710466384887695312e+00,4.671021461486816406e+00,1.052830791473388672e+01,4.259766101837158203e+00
4.909791469573974609e+00,2.839666843414306641e+00,-1.985308527946472168e+00,5.048061370849609375e+00,1.282991647720336914e+00,6.431097984313964844e+00,5.036621570587158203e+00,5.000040054321289062e+00,1.018288803100585938e+01,3.702442169189453125e+00
3.822663068771362305e+00,4.759203910827636719e+00,-2.340774536132812500e+00,6.714931488037109375e+00,3.392834663391113281e+00,7.212851524353027344e+00,7.499127864837646484e+00,3.843163728713989258e+00,9.845010757446289062e+00,4.581555366516113281e+00
3.871883153915405273e+00,4.695431232452392578e+00,-2.383031129837036133e+00,6.601405143737792969e+00,3.333851575851440430e+00,7.098627090454101562e+00,7.328658580780029297e+00,3.837765693664550781e+00,9.823154449462890625e+00,4.532378196716308594e+00
4.114964485168457031e+00,5.261218070983886719e+00,-2.153105974197387695e+00,7.724133491516113281e+00,3.792805194854736328e+00,7.532446861267089844e+00,8.334085464477539062e+00,4.401545524597167969e+00,1.011108207702636719e+01,5.144929885864257812e+00
4.159762382507324219e+00,5.152729988098144531e+00,-2.135320186614990234e+00,7.712304115295410156e+00,3.869857549667358398e+00,7.672769546508789062e+00,8.332879066467285156e+00,4.442700862884521484e+00,1.029545402526855469e+01,5.224536895751953125e+00
4.794385433197021484e+00,2.745899915695190430e+00,-1.912952780723571777e+00,5.246425151824951172e+00,6.339145302772521973e-01,6.612793922424316406e+00,5.338139057159423828e+00,5.005486965179443359e+00,9.685212135314941406e+00,4.068518638610839844e+00
4.144109725952148438e+00,5.125329017639160156e+00,-2.291541576385498047e+00,7.716219902038574219e+00,3.875536918640136719e+00,7.563769340515136719e+00,8.352472305297851562e+00,4.418920516967773438e+00,1.024080848693847656e+01,5.205338478088378906e+00
4.181838035583496094e+00,5.045557498931884766e+00,-2.275693893432617188e+00,7.672376632690429688e+00,3.854819297790527344e+00,7.487493515014648438e+00,8.303499221801757812e+00,4.456046104431152344e+00,1.022671318054199219e+01,5.195466041564941406e+00
4.656216621398925781e+00,3.070908308029174805e+00,-2.673582077026367188e+00,5.294972419738769531e+00,8.365886807441711426e-01,6.532162189483642578e+00,5.426319599151611328e+00,5.112034797668457031e+00,9.662534713745117188e+00,4.046475410461425781e+00
4.154171943664550781e+00,5.220623016357421875e+00,-2.495056152343750000e+00,7.805706977844238281e+00,3.862580537796020508e+00,7.723288536071777344e+00,8.548126220703125000e+00,4.386308193206787109e+00,1.025833415985107422e+01,5.225627899169921875e+00
4.078730106353759766e+00,5.228259086608886719e+00,-1.976482987403869629e+00,7.691909790039062500e+00,3.824045896530151367e+00,7.712102890014648438e+00,8.437052726745605469e+00,4.362676620483398438e+00,1.023848152160644531e+01,5.186000823974609375e+00
4.995157718658447266e+00,3.436700344085693359e+00,-8.947142958641052246e-01,6.280566692352294922e+00,2.838159561157226562e+00,6.759145736694335938e+00,7.826260089874267578e+00,5.265228748321533203e+00,1.089906501770019531e+01,4.794848918914794922e+00
4.935973167419433594e+00,3.476716041564941406e+00,-1.220099091529846191e+00,6.274978637695312500e+00,2.849694967269897461e+00,6.715944766998291016e+00,7.883116722106933594e+00,5.316729545593261719e+00,1.081693935394287109e+01,4.838046073913574219e+00
4.978084087371826172e+00,3.299298286437988281e+00,-9.857379198074340820e-01,6.086146354675292969e+00,2.649813652038574219e+00,6.838474273681640625e+00,7.627790927886962891e+00,5.064880847930908203e+00,1.086334896087646484e+01,4.756526947021484375e+00
4.337226390838623047e+00,4.674823760986328125e+00,-1.988724589347839355e+00,7.115111351013183594e+00,3.620827198028564453e+00,7.875413894653320312e+00,7.987408161163330078e+00,4.283648014068603516e+00,1.058280563354492188e+01,5.114120483398437500e+00
5.052506446838378906e+00,3.271314620971679688e+00,-1.190343618392944336e+00,6.755941390991210938e+00,3.494319200515747070e+00,7.006425857543945312e+00,8.058139801025390625e+00,5.562011718750000000e+00,1.063172626495361328e+01,4.884325027465820312e+00
5.120183944702148438e+00,3.391530513763427734e+00,-1.271642446517944336e+00,6.332926273345947266e+00,3.014966011047363281e+00,6.988433837890625000e+00,7.843952655792236328e+00,5.116007328033447266e+00,1.078929138183593750e+01,4.786355018615722656e+00
4.866055488586425781e+00,3.610777139663696289e+00,-1.198966979980468750e+00,6.065240383148193359e+00,2.293272733688354492e+00,6.468065261840820312e+00,7.647327423095703125e+00,5.443108558654785156e+00,1.098281383514404297e+01,4.799642086029052734e+00
4.244401454925537109e+00,4.822760581970214844e+00,-2.379293918609619141e+00,6.962359428405761719e+00,3.444323062896728516e+00,7.079102516174316406e+00,7.869292259216308594e+00,4.264827251434326172e+00,1.014539527893066406e+01,4.914833068847656250e+00
4.916593551635742188e+00,3.471318244934082031e+00,-1.321000337600708008e+00,6.175169944763183594e+00,2.884673833847045898e+00,6.318517208099365234e+00,7.545652389526367188e+00,5.242076873779296875e+00,1.047642898559570312e+01,4.645350456237792969e+00
5.049206733703613281e+00,3.202093601226806641e+00,-1.002372264862060547e+00,6.138094902038574219e+00,2.952070474624633789e+00,6.917915344238281250e+00,7.438644886016845703e+00,4.998179435729980469e+00,1.080398941040039062e+01,4.647870063781738281e+00
5.167582035064697266e+00,3.146321296691894531e+00,-1.246911287307739258e+00,6.002331256866455078e+00,2.850859880447387695e+00,7.076389312744140625e+00,7.178517818450927734e+00,4.713109493255615234e+00,1.064887619018554688e+01,4.651911735534667969e+00
5.217108726501464844e+00,2.917869567871093750e+00,-1.177541017532348633e+00,5.671056747436523438e+00,2.422201395034790039e+00,7.100220680236816406e+00,6.383603572845458984e+00,4.650024414062500000e+00,1.069725036621093750e+01,4.433668136596679688e+00
4.860172271728515625e+00,3.285307407379150391e+00,-7.328382134437561035e-01,5.859586238861083984e+00,1.224027991294860840e+00,5.715459823608398438e+00,6.897094726562500000e+00,5.430203914642333984e+00,1.110496044158935547e+01,4.729088783264160156e+00
4.757748126983642578e+00,2.950805187225341797e+00,-2.402638912200927734e+00,5.303303241729736328e+00,7.939778566360473633e-01,6.518831253051757812e+00,5.328437805175781250e+00,5.065422534942626953e+00,9.650554656982421875e+00,4.154865741729736328e+00
4.857778072357177734e+00,3.335280656814575195e+00,-1.341984748840332031e+00,6.045160293579101562e+00,2.755316972732543945e+00,6.315321922302246094e+00,7.569684505462646484e+00,5.503121852874755859e+00,1.070153045654296875e+01,4.722724914550781250e+00
4.795975685119628906e+00,2.799158573150634766e+00,-1.923448801040649414e+00,5.231359481811523438e+00,6.450365781784057617e-01,6.511813163757324219e+00,5.295802116394042969e+00,5.065589427947998047e+00,9.696660995483398438e+00,4.101670265197753906e+00
4.870597839355468750e+00,2.875891208648681641e+00,-1.626511812210083008e+00,5.328174591064453125e+00,1.233064174652099609e+00,6.707720756530761719e+00,5.740249633789062500e+00,5.090156555175781250e+00,1.024037933349609375e+01,4.174757957458496094e+00
5.102001667022705078e+00,2.985541343688964844e+00,-1.179621934890747070e+00,5.550784111022949219e+00,2.148694038391113281e+00,7.150137901306152344e+00,6.196039199829101562e+00,4.927343368530273438e+00,1.076746749877929688e+01,4.457028865814208984e+00
4.912413597106933594e+00,3.496667623519897461e+00,-3.385711669921875000e+00,5.283631324768066406e+00,2.807055950164794922e+00,5.239089012145996094e+00,5.931310176849365234e+00,3.901325702667236328e+00,1.023909187316894531e+01,4.154174804687500000e+00
4.984321594238281250e+00,3.857621669769287109e+00,-1.072414994239807129e+00,5.735323905944824219e+00,1.147125720977783203e+00,5.834441184997558594e+00,4.913459777832031250e+00,6.663344383239746094e+00,1.121604537963867188e+01,4.173511028289794922e+00
4.829478263854980469e+00,2.486075878143310547e+00,-1.617918372154235840e+00,5.588843345642089844e+00,2.697926998138427734e+00,7.019855022430419922e+00,6.065574645996093750e+00,5.351028919219970703e+00,9.954201698303222656e+00,4.843795776367187500e+00
4.161830902099609375e+00,5.191416740417480469e+00,-2.553461551666259766e+00,7.708539962768554688e+00,3.836946487426757812e+00,7.726561546325683594e+00,8.459859848022460938e+00,4.436960697174072266e+00,1.031674480438232422e+01,5.201599121093750000e+00
4.593104362487792969e+00,3.850115060806274414e+00,-1.860646247863769531e+00,6.860033988952636719e+00,3.693417072296142578e+00,7.385914802551269531e+00,7.273110389709472656e+00,4.667405605316162109e+00,1.026073551177978516e+01,5.180631637573242188e+00
4.760194778442382812e+00,2.616711616516113281e+00,-1.362994074821472168e+00,5.745682716369628906e+00,2.787944793701171875e+00,6.782569408416748047e+00,6.167672634124755859e+00,5.839971542358398438e+00,1.021754360198974609e+01,4.663662910461425781e+00
4.653037548065185547e+00,2.692193984985351562e+00,-1.881203889846801758e+00,5.373387336730957031e+00,1.180252075195312500e+00,6.687738418579101562e+00,5.378501415252685547e+00,5.201078414916992188e+00,9.821931838989257812e+00,4.186642646789550781e+00
4.686358451843261719e+00,2.451312065124511719e+00,-1.257999658584594727e+00,6.244854927062988281e+00,3.646311521530151367e+00,7.594711303710937500e+00,6.457673549652099609e+00,5.734942436218261719e+00,1.001381492614746094e+01,5.645662307739257812e+00
4.706179141998291016e+00,2.738977909088134766e+00,-1.729867458343505859e+00,5.286991119384765625e+00,8.280231952667236328e-01,6.512260437011718750e+00,5.281358718872070312e+00,5.147173881530761719e+00,9.713739395141601562e+00,4.175321102142333984e+00
4.726357460021972656e+00,2.658683061599731445e+00,-1.516564249992370605e+00,5.198818206787109375e+00,9.389686584472656250e-01,6.407438278198242188e+00,5.423897266387939453e+00,5.251741886138916016e+00,9.790712356567382812e+00,4.094274520874023438e+00
4.572108268737792969e+00,2.624168395996093750e+00,-2.070812702178955078e+00,5.300437927246093750e+00,1.927248954772949219e+00,6.723551750183105469e+00,5.627820014953613281e+00,5.661907196044921875e+00,9.808374404907226562e+00,4.732525825500488281e+00
4.640675544738769531e+00,3.322624921798706055e+00,-1.799614787101745605e+00,6.928849220275878906e+00,3.902087450027465820e+00,7.745176315307617188e+00,7.317270755767822266e+00,4.935054779052734375e+00,1.030268859863281250e+01,5.423609733581542969e+00
4.205977439880371094e+00,5.122302055358886719e+00,-2.643631935119628906e+00,7.741279602050781250e+00,3.887354373931884766e+00,7.685967445373535156e+00,8.389449119567871094e+00,4.492067337036132812e+00,1.033396148681640625e+01,5.225944995880126953e+00
4.242565631866455078e+00,4.611244201660156250e+00,-2.773291587829589844e+00,7.393437385559082031e+00,3.958704710006713867e+00,7.551471710205078125e+00,7.809328079223632812e+00,4.708998203277587891e+00,1.044359016418457031e+01,5.183883666992187500e+00
5.140111923217773438e+00,2.694034576416015625e+00,-1.892230868339538574e+00,6.694843769073486328e+00,4.166790008544921875e+00,8.413018226623535156e+00,6.966444492340087891e+00,5.567382812500000000e+00,1.032152748107910156e+01,5.788922309875488281e+00
4.584327697753906250e+00,3.233943223953247070e+00,-2.058567523956298828e+00,6.667474269866943359e+00,3.824642419815063477e+00,7.589580535888671875e+00,7.320331096649169922e+00,6.006819248199462891e+00,1.068714809417724609e+01,5.300900459289550781e+00
5.014491081237792969e+00,2.747530460357666016e+00,-1.928290128707885742e+00,6.717678546905517578e+00,4.241751670837402344e+00,8.536386489868164062e+00,6.980251789093017578e+00,5.613277435302734375e+00,1.045823574066162109e+01,5.890779495239257812e+00
4.731830120086669922e+00,2.837498664855957031e+00,-1.643215537071228027e+00,5.338321685791015625e+00,1.014272451400756836e+00,6.551644325256347656e+00,5.296328067779541016e+00,5.117593288421630859e+00,9.898561477661132812e+00,4.214535236358642578e+00
4.784670829772949219e+00,2.845676422119140625e+00,-2.090875148773193359e+00,5.289250373840332031e+00,7.281210422515869141e-01,6.526287078857421875e+00,5.332459449768066406e+00,5.088060379028320312e+00,9.662072181701660156e+00,4.173837661743164062e+00
4.787579536437988281e+00,2.946647644042968750e+00,-1.885883927345275879e+00,6.735283851623535156e+00,4.008470535278320312e+00,8.047094345092773438e+00,7.111880779266357422e+00,5.148277282714843750e+00,1.028765487670898438e+01,5.657737255096435547e+00
4.215020179748535156e+00,4.929044723510742188e+00,-2.598374366760253906e+00,7.647568702697753906e+00,3.964626312255859375e+00,7.589484214782714844e+00,8.168977737426757812e+00,4.588291645050048828e+00,1.034876632690429688e+01,5.246543407440185547e+00
5.020043849945068359e+00,2.717540264129638672e+00,-2.088189125061035156e+00,6.674096107482910156e+00,4.293612003326416016e+00,8.456720352172851562e+00,6.972497463226318359e+00,5.610767364501953125e+00,1.047212982177734375e+01,5.900964736938476562e+00
4.202046871185302734e+00,5.005693435668945312e+00,-2.360088825225830078e+00,7.287365913391113281e+00,3.620903491973876953e+00,7.399946212768554688e+00,8.103458404541015625e+00,4.309820175170898438e+00,1.018412971496582031e+01,5.000658988952636719e+00
4.416140556335449219e+00,4.374779701232910156e+00,-1.856342792510986328e+00,7.030929565429687500e+00,3.657874345779418945e+00,7.656961441040039062e+00,7.742129325866699219e+00,4.319406509399414062e+00,1.038387870788574219e+01,5.114522933959960938e+00
5.267197608947753906e+00,2.607755661010742188e+00,-1.176922321319580078e+00,5.997030735015869141e+00,3.809548854827880859e+00,7.575145721435546875e+00,6.772982120513916016e+00,4.574242591857910156e+00,1.066627788543701172e+01,4.345124721527099609e+00
4.609553337097167969e+00,3.984905719757080078e+00,-1.814245343208312988e+00,6.961109161376953125e+00,3.789115667343139648e+00,7.275815963745117188e+00,7.857514381408691406e+00,5.052342414855957031e+00,1.039942646026611328e+01,5.193099975585937500e+00
5.216857910156250000e+00,2.595400094985961914e+00,-1.245545387268066406e+00,6.094868659973144531e+00,3.597810983657836914e+00,7.592797279357910156e+00,6.807783126831054688e+00,4.554147720336914062e+00,1.061840057373046875e+01,4.416396617889404297e+00
5.231173992156982422e+00,2.834115266799926758e+00,-1.238068342208862305e+00,6.100414276123046875e+00,3.069222211837768555e+00,7.458440780639648438e+00,6.993103504180908203e+00,4.562296867370605469e+00,1.063071537017822266e+01,4.562549591064453125e+00
4.815804004669189453e+00,3.656770944595336914e+00,-1.825656294822692871e+00,6.923934936523437500e+00,3.607775926589965820e+00,7.242391586303710938e+00,7.804753780364990234e+00,4.605811119079589844e+00,1.035532093048095703e+01,4.949832916259765625e+00
5.123085975646972656e+00,2.640734434127807617e+00,-1.177795529365539551e+00,6.210957050323486328e+00,3.816372394561767578e+00,7.603735923767089844e+00,7.047166824340820312e+00,4.875321865081787109e+00,1.047150611877441406e+01,4.459836959838867188e+00
4.953755378723144531e+00,3.023743152618408203e+00,-1.898667335510253906e+00,5.383353710174560547e+00,1.599561214447021484e+00,6.673378944396972656e+00,5.568867683410644531e+00,5.106800556182861328e+00,1.031278610229492188e+01,4.065514087677001953e+00
4.178221702575683594e+00,5.015698432922363281e+00,-2.196799755096435547e+00,7.430959701538085938e+00,3.713894605636596680e+00,7.321789741516113281e+00,8.004877090454101562e+00,4.359241485595703125e+00,1.011754798889160156e+01,5.044847488403320312e+00
5.187632560729980469e+00,2.807496070861816406e+00,-7.687692046165466309e-01,5.352967739105224609e+00,2.561531543731689453e+00,7.937639236450195312e+00,5.849208831787109375e+00,4.746476173400878906e+00,1.118783760070800781e+01,4.386641025543212891e+00
4.873022079467773438e+00,2.755454778671264648e+00,-1.805146932601928711e+00,5.235508918762207031e+00,6.821471452713012695e-01,6.618558883666992188e+00,5.358746051788330078e+00,5.026185035705566406e+00,9.833423614501953125e+00,4.094586372375488281e+00
4.798063755035400391e+00,2.814937591552734375e+00,-1.940049886703491211e+00,5.259019374847412109e+00,6.762336492538452148e-01,6.519150733947753906e+00,5.265119552612304688e+00,5.068055629730224609e+00,9.672462463378906250e+00,4.130993843078613281e+00
4.831690788269042969e+00,2.779689788818359375e+00,-1.915444731712341309e+00,5.246036052703857422e+00,6.119633316993713379e-01,6.585168838500976562e+00,5.341258525848388672e+00,5.048418045043945312e+00,9.682924270629882812e+00,4.134517669677734375e+00
4.813165664672851562e+00,2.784792900085449219e+00,-1.941792011260986328e+00,5.251075744628906250e+00,6.412882804870605469e-01,6.562920570373535156e+00,5.326789379119873047e+00,5.054812431335449219e+00,9.671134948730468750e+00,4.125717639923095703e+00
4.819677352905273438e+00,2.789126396179199219e+00,-1.978582739830017090e+00,5.259903907775878906e+00,6.811776161193847656e-01,6.541575908660888672e+00,5.330035686492919922e+00,5.061295509338378906e+00,9.679126739501953125e+00,4.144320964813232422e+00
4.894890785217285156e+00,2.694150686264038086e+00,-1.415006637573242188e+00,5.375710964202880859e+00,1.438533306121826172e+00,7.094055175781250000e+00,5.638865947723388672e+00,4.927160263061523438e+00,1.034774684906005859e+01,4.242002487182617188e+00
4.853162288665771484e+00,2.760707139968872070e+00,-1.764732122421264648e+00,5.255062103271484375e+00,7.450002431869506836e-01,6.615742683410644531e+00,5.369074344635009766e+00,5.032299041748046875e+00,9.867351531982421875e+00,4.122029304504394531e+00
4.828286170959472656e+00,2.830727577209472656e+00,-2.061334133148193359e+00,5.263238906860351562e+00,6.916111111640930176e-01,6.541180610656738281e+00,5.315113544464111328e+00,5.048514366149902344e+00,9.681907653808593750e+00,4.144543170928955078e+00
4.799884319305419922e+00,2.796342372894287109e+00,-1.944964408874511719e+00,5.260865688323974609e+00,6.579217910766601562e-01,6.551421165466308594e+00,5.308352947235107422e+00,5.063270568847656250e+00,9.667327880859375000e+00,4.132295608520507812e+00
4.789643287658691406e+00,2.802849292755126953e+00,-1.938600778579711914e+00,5.258744239807128906e+00,6.554088592529296875e-01,6.545221805572509766e+00,5.310791015625000000e+00,5.075350761413574219e+00,9.668899536132812500e+00,4.129415512084960938e+00
4.803491115570068359e+00,2.767590045928955078e+00,-1.838596582412719727e+00,5.240860939025878906e+00,5.944560170173645020e-01,6.562350749969482422e+00,5.306352138519287109e+00,5.075251579284667969e+00,9.665273666381835938e+00,4.125448226928710938e+00
4.802350521087646484e+00,2.780903816223144531e+00,-1.827505588531494141e+00,5.245676040649414062e+00,6.060295104980468750e-01,6.549427032470703125e+00,5.302075386047363281e+00,5.089794158935546875e+00,9.669353485107421875e+00,4.135255336761474609e+00
4.801541328430175781e+00,2.827110767364501953e+00,-2.037560939788818359e+00,5.277310371398925781e+00,6.908817291259765625e-01,6.553141117095947266e+00,5.314795494079589844e+00,5.052972316741943359e+00,9.690758705139160156e+00,4.145730972290039062e+00
4.685750961303710938e+00,3.115399837493896484e+00,-1.601098060607910156e+00,5.349268436431884766e+00,8.583318591117858887e-01,6.386013031005859375e+00,5.344871997833251953e+00,5.288137435913085938e+00,1.009545516967773438e+01,4.011954307556152344e+00
4.828391551971435547e+00,2.788928031921386719e+00,-1.718855500221252441e+00,5.209107398986816406e+00,6.751328706741333008e-01,6.568872928619384766e+00,5.379772186279296875e+00,5.024593830108642578e+00,9.855567932128906250e+00,4.100747108459472656e+00
4.796873569488525391e+00,2.779977560043334961e+00,-1.845675945281982422e+00,5.245314121246337891e+00,6.264817714691162109e-01,6.538224697113037109e+00,5.286579132080078125e+00,5.082889080047607422e+00,9.669908523559570312e+00,4.129518508911132812e+00
4.755355358123779297e+00,2.881812572479248047e+00,-2.287624835968017578e+00,5.313035964965820312e+00,7.796354293823242188e-01,6.540043830871582031e+00,5.332020759582519531e+00,5.065137386322021484e+00,9.657562255859375000e+00,4.175059795379638672e+00
4.789071559906005859e+00,2.853993892669677734e+00,-1.961910009384155273e+00,5.247958183288574219e+00,6.949262619018554688e-01,6.465277671813964844e+00,5.270726680755615234e+00,5.121294021606445312e+00,9.722850799560546875e+00,4.095940589904785156e+00
4.806373596191406250e+00,2.801518440246582031e+00,-1.863572359085083008e+00,5.256463527679443359e+00,6.293852329254150391e-01,6.547638893127441406e+00,5.307267189025878906e+00,5.089421749114990234e+00,9.666577339172363281e+00,4.148132324218750000e+00
4.820745468139648438e+00,3.550941467285156250e+00,-1.645086646080017090e+00,6.360395908355712891e+00,3.133419990539550781e+00,7.025886058807373047e+00,7.674328804016113281e+00,4.941044807434082031e+00,1.063412857055664062e+01,4.911787033081054688e+00
5.215604305267333984e+00,2.889057636260986328e+00,-1.253500342369079590e+00,6.127778053283691406e+00,3.157125949859619141e+00,7.308950424194335938e+00,7.182509899139404297e+00,4.561010360717773438e+00,1.066133213043212891e+01,4.541308403015136719e+00
4.796710968017578125e+00,2.801144123077392578e+00,-2.007014989852905273e+00,5.254536628723144531e+00,6.365656852722167969e-01,6.564738750457763672e+00,5.306645870208740234e+00,5.042520523071289062e+00,9.673975944519042969e+00,4.106618881225585938e+00
5.190772533416748047e+00,2.984313488006591797e+00,-1.208221912384033203e+00,5.629626274108886719e+00,2.233166217803955078e+00,7.171736717224121094e+00,6.038318634033203125e+00,4.854411602020263672e+00,1.075629425048828125e+01,4.307762145996093750e+00
4.846146583557128906e+00,2.725065708160400391e+00,-1.891740798950195312e+00,5.216681003570556641e+00,5.777364373207092285e-01,6.689998149871826172e+00,5.423875331878662109e+00,4.963114738464355469e+00,9.745145797729492188e+00,4.042797088623046875e+00
5.098059654235839844e+00,3.013383865356445312e+00,-1.082407355308532715e+00,5.423577308654785156e+00,1.911832094192504883e+00,7.132674217224121094e+00,5.823040962219238281e+00,4.977866172790527344e+00,1.085930061340332031e+01,4.279270172119140625e+00
5.287560462951660156e+00,2.795280456542968750e+00,-1.104375362396240234e+00,5.763158798217773438e+00,2.702341079711914062e+00,7.441040039062500000e+00,6.594227790832519531e+00,4.490679740905761719e+00,1.084963321685791016e+01,4.456234455108642578e+00
4.929167747497558594e+00,2.998254776000976562e+00,-1.346723079681396484e+00,5.383690357208251953e+00,1.306019306182861328e+00,6.735092163085937500e+00,5.594502925872802734e+00,5.095550537109375000e+00,1.042352104187011719e+01,4.154477119445800781e+00
4.932110786437988281e+00,3.274325132369995117e+00,-1.725687742233276367e+00,6.323671340942382812e+00,3.100234985351562500e+00,6.993585109710693359e+00,7.199912548065185547e+00,4.468928337097167969e+00,1.052198696136474609e+01,4.539234161376953125e+00
5.230654716491699219e+00,2.706687450408935547e+00,-9.475578665733337402e-01,5.568680286407470703e+00,2.591243505477905273e+00,7.772872924804687500e+00,6.226499557495117188e+00,4.483285427093505859e+00,1.100462913513183594e+01,4.375956535339355469e+00
4.894046783447265625e+00,3.654231309890747070e+00,-3.186481952667236328e+00,5.417698860168457031e+00,2.896879434585571289e+00,5.318670272827148438e+00,6.057446956634521484e+00,4.432556152343750000e+00,1.011954593658447266e+01,4.201847076416015625e+00
4.810664176940917969e+00,3.288008213043212891e+00,-8.268470764160156250e-01,5.894168853759765625e+00,1.645438909530639648e+00,5.773353576660156250e+00,6.953750610351562500e+00,5.471030712127685547e+00,1.108489799499511719e+01,4.755601882934570312e+00
4.778237342834472656e+00,3.387668132781982422e+00,-7.529546022415161133e-01,5.987317562103271484e+00,1.616400957107543945e+00,5.865618705749511719e+00,7.318233966827392578e+00,5.528193473815917969e+00,1.115715503692626953e+01,4.797384262084960938e+00
4.529162883758544922e+00,3.583966255187988281e+00,-1.646558523178100586e+00,5.837194442749023438e+00,2.644833326339721680e+00,5.986928462982177734e+00,7.439773082733154297e+00,5.755435943603515625e+00,1.114741897583007812e+01,4.753118038177490234e+00
4.783657073974609375e+00,3.562704801559448242e+00,-1.934561967849731445e+00,5.580731868743896484e+00,2.727784395217895508e+00,6.129424571990966797e+00,6.504562854766845703e+00,5.395762443542480469e+00,1.067435455322265625e+01,4.505601406097412109e+00
4.888342380523681641e+00,3.332311153411865234e+00,-1.107269525527954102e+00,5.675624847412109375e+00,2.047842264175415039e+00,6.540776729583740234e+00,6.388554573059082031e+00,5.268776893615722656e+00,1.071581840515136719e+01,4.515239715576171875e+00
5.103268623352050781e+00,3.307290077209472656e+00,-1.054152846336364746e+00,5.896987438201904297e+00,2.637985706329345703e+00,6.922688484191894531e+00,6.970690250396728516e+00,5.090604782104492188e+00,1.101446247100830078e+01,4.667946815490722656e+00
5.054780960083007812e+00,4.065624237060546875e+00,-8.958021402359008789e-01,5.637034416198730469e+00,1.488407611846923828e+00,6.110899925231933594e+00,5.752418041229248047e+00,6.363805770874023438e+00,1.119919395446777344e+01,4.239497661590576172e+00
4.975409030914306641e+00,4.047295570373535156e+00,-1.129004716873168945e+00,5.723487854003906250e+00,2.390834331512451172e+00,6.601032257080078125e+00,6.861051559448242188e+00,6.014123916625976562e+00,1.161143493652343750e+01,4.846796989440917969e+00
5.170776367187500000e+00,2.994554281234741211e+00,-1.220163702964782715e+00,5.711699485778808594e+00,2.346792221069335938e+00,6.967692375183105469e+00,6.288033485412597656e+00,4.729339599609375000e+00,1.066951942443847656e+01,4.415067672729492188e+00
4.806909561157226562e+00,2.774679660797119141e+00,-1.866016387939453125e+00,5.235440731048583984e+00,6.098867654800415039e-01,6.550085067749023438e+00,5.310034275054931641e+00,5.071199417114257812e+00,9.676671981811523438e+00,4.114424705505371094e+00
4.800291061401367188e+00,2.869951725006103516e+00,-2.201224088668823242e+00,5.234162330627441406e+00,7.004364728927612305e-01,6.521083354949951172e+00,5.320862770080566406e+00,5.040369033813476562e+00,9.669050216674804688e+00,4.091714382171630859e+00
4.805187225341796875e+00,2.788759231567382812e+00,-1.853289127349853516e+00,5.243577957153320312e+00,6.184993982315063477e-01,6.542784690856933594e+00,5.293095588684082031e+00,5.080761909484863281e+00,9.668004989624023438e+00,4.128064632415771484e+00
4.796936035156250000e+00,2.806232929229736328e+00,-1.903170466423034668e+00,5.260377883911132812e+00,6.447584629058837891e-01,6.544701576232910156e+00,5.313452720642089844e+00,5.086023807525634766e+00,9.663666725158691406e+00,4.145892143249511719e+00
4.796302795410156250e+00,2.778833150863647461e+00,-1.834882736206054688e+00,5.250290393829345703e+00,6.193292737007141113e-01,6.544540405273437500e+00,5.282757759094238281e+00,5.083318710327148438e+00,9.666335105895996094e+00,4.137159347534179688e+00
4.761625289916992188e+00,2.824676036834716797e+00,-2.106094360351562500e+00,5.257743835449218750e+00,6.964426040649414062e-01,6.530739784240722656e+00,5.272772789001464844e+00,5.026392936706542969e+00,9.692592620849609375e+00,4.099347114562988281e+00
4.807038784027099609e+00,2.784913301467895508e+00,-1.836106300354003906e+00,5.250099182128906250e+00,6.087346673011779785e-01,6.554284572601318359e+00,5.311997890472412109e+00,5.089616775512695312e+00,9.670417785644531250e+00,4.150660037994384766e+00
4.795822143554687500e+00,2.804810762405395508e+00,-1.885269641876220703e+00,5.255593299865722656e+00,6.502972841262817383e-01,6.530026435852050781e+00,5.275873184204101562e+00,5.079099655151367188e+00,9.667560577392578125e+00,4.136075496673583984e+00
4.804307937622070312e+00,2.795079469680786133e+00,-1.856263637542724609e+00,5.256444931030273438e+00,6.321878433227539062e-01,6.544768810272216797e+00,5.301443576812744141e+00,5.088267326354980469e+00,9.670160293579101562e+00,4.154888153076171875e+00
4.802667140960693359e+00,2.838240861892700195e+00,-2.016381263732910156e+00,5.261483669281005859e+00,6.979829668998718262e-01,6.509393692016601562e+00,5.295506954193115234e+00,5.072496891021728516e+00,9.663804054260253906e+00,4.143555164337158203e+00
4.699227333068847656e+00,3.554800510406494141e+00,-1.366372823715209961e+00,6.671141624450683594e+00,3.909604310989379883e+00,6.688900947570800781e+00,7.191057682037353516e+00,6.212297439575195312e+00,1.065818786621093750e+01,5.087248802185058594e+00
4.829831123352050781e+00,3.599573612213134766e+00,-1.256803393363952637e+00,6.814713478088378906e+00,3.980368852615356445e+00,7.132131576538085938e+00,7.229452610015869141e+00,6.677988052368164062e+00,1.118581199645996094e+01,5.201287269592285156e+00
4.832089900970458984e+00,3.605098485946655273e+00,-1.257073760032653809e+00,6.817024230957031250e+00,4.007098197937011719e+00,7.300825119018554688e+00,7.214858055114746094e+00,6.721208572387695312e+00,1.121944427490234375e+01,5.239296436309814453e+00
4.735481262207031250e+00,3.891279458999633789e+00,-1.533595085144042969e+00,6.462363243103027344e+00,4.089956760406494141e+00,7.259596824645996094e+00,7.520374298095703125e+00,7.141353130340576172e+00,1.175207328796386719e+01,5.090945720672607422e+00
4.870365142822265625e+00,2.991324901580810547e+00,-1.179608821868896484e+00,6.981288909912109375e+00,4.103232860565185547e+00,7.622195243835449219e+00,7.664947509765625000e+00,6.903697967529296875e+00,1.061755371093750000e+01,5.131481170654296875e+00
4.524600982666015625e+00,3.367871761322021484e+00,-1.863126754760742188e+00,6.877433776855468750e+00,4.264477252960205078e+00,8.461079597473144531e+00,6.971877574920654297e+00,6.480247497558593750e+00,1.104208755493164062e+01,5.593421936035156250e+00
4.828097343444824219e+00,3.334261417388916016e+00,-1.210836172103881836e+00,7.127860069274902344e+00,4.196765422821044922e+00,7.553137779235839844e+00,7.226649284362792969e+00,6.398781299591064453e+00,1.071951675415039062e+01,5.413695812225341797e+00
4.802967071533203125e+00,3.295168876647949219e+00,-1.039885401725769043e+00,7.010715484619140625e+00,4.075590133666992188e+00,7.616356849670410156e+00,6.775722503662109375e+00,6.202923774719238281e+00,1.050481414794921875e+01,5.525466918945312500e+00
4.242907047271728516e+00,3.757265329360961914e+00,-1.429703116416931152e+00,6.966034889221191406e+00,4.167232513427734375e+00,7.452867507934570312e+00,7.202876567840576172e+00,5.327917098999023438e+00,1.036841964721679688e+01,5.285457611083984375e+00
4.638783931732177734e+00,3.321306228637695312e+00,-1.911038637161254883e+00,7.157449722290039062e+00,4.245840549468994141e+00,8.048780441284179688e+00,7.256245613098144531e+00,5.785383224487304688e+00,1.037223243713378906e+01,5.481862068176269531e+00
4.671196460723876953e+00,3.485418081283569336e+00,-2.742237091064453125e+00,5.293709278106689453e+00,2.754586935043334961e+00,5.051919460296630859e+00,5.626852035522460938e+00,3.520730018615722656e+00,1.044314956665039062e+01,4.219001770019531250e+00
4.697996139526367188e+00,3.401144742965698242e+00,-3.124249935150146484e+00,5.275830745697021484e+00,2.767917871475219727e+00,4.996459007263183594e+00,5.625011920928955078e+00,3.536023139953613281e+00,1.045038032531738281e+01,4.195354461669921875e+00
4.708077430725097656e+00,3.265597343444824219e+00,-3.541977882385253906e+00,5.296986579895019531e+00,2.811800956726074219e+00,4.993891716003417969e+00,5.709740638732910156e+00,3.531433105468750000e+00,1.047331523895263672e+01,4.192055702209472656e+00
4.638554573059082031e+00,3.753565549850463867e+00,-2.754853725433349609e+00,5.742556571960449219e+00,2.808248519897460938e+00,5.827822685241699219e+00,6.045601844787597656e+00,4.179854869842529297e+00,1.004908180236816406e+01,4.410219669342041016e+00
4.788112640380859375e+00,2.801995992660522461e+00,-1.872104644775390625e+00,5.242787361145019531e+00,6.642433404922485352e-01,6.496602535247802734e+00,5.263843059539794922e+00,5.084309577941894531e+00,9.683998107910156250e+00,4.117241859436035156e+00
4.809809207916259766e+00,2.783790111541748047e+00,-1.848988652229309082e+00,5.235191345214843750e+00,6.390342116355895996e-01,6.547231674194335938e+00,5.307533264160156250e+00,5.058619499206542969e+00,9.716165542602539062e+00,4.092187404632568359e+00
4.836021423339843750e+00,2.779686927795410156e+00,-1.903099417686462402e+00,5.243220329284667969e+00,6.619089841842651367e-01,6.601576805114746094e+00,5.375279426574707031e+00,5.024904251098632812e+00,9.740263938903808594e+00,4.098964691162109375e+00
4.215035438537597656e+00,5.248382091522216797e+00,-2.690328598022460938e+00,7.843545913696289062e+00,3.833012819290161133e+00,7.727610588073730469e+00,8.593536376953125000e+00,4.439586639404296875e+00,1.035604476928710938e+01,5.240497112274169922e+00
4.797435283660888672e+00,2.795168638229370117e+00,-1.945121049880981445e+00,5.245812892913818359e+00,6.728326082229614258e-01,6.522809982299804688e+00,5.287226676940917969e+00,5.053726196289062500e+00,9.682864189147949219e+00,4.111676216125488281e+00
4.580467224121093750e+00,4.419640541076660156e+00,-2.386666297912597656e+00,6.594223499298095703e+00,3.090223073959350586e+00,7.476301193237304688e+00,7.920871257781982422e+00,5.434967041015625000e+00,1.135495185852050781e+01,5.057597160339355469e+00
5.395409584045410156e+00,3.893055438995361328e+00,-1.029997825622558594e+00,4.086531639099121094e+00,2.526056528091430664e+00,7.547007560729980469e+00,3.892653942108154297e+00,5.710649013519287109e+00,1.088506698608398438e+01,3.291683197021484375e+00
5.079412460327148438e+00,2.630664825439453125e+00,-1.429141640663146973e+00,6.213835716247558594e+00,3.519985914230346680e+00,7.989218711853027344e+00,6.463616371154785156e+00,4.710917949676513672e+00,1.039841079711914062e+01,4.813221454620361328e+00
5.485006332397460938e+00,2.449886322021484375e+00,-1.447247028350830078e+00,5.384587287902832031e+00,2.567623853683471680e+00,8.832275390625000000e+00,2.218331575393676758e+00,4.298214912414550781e+00,1.148181247711181641e+01,4.322973251342773438e+00
4.374681472778320312e+00,2.772405624389648438e+00,-1.878110289573669434e+00,4.008889198303222656e+00,2.537926197052001953e+00,7.623405456542968750e+00,2.557240009307861328e+00,4.593762874603271484e+00,1.072472953796386719e+01,3.401588916778564453e+00
5.342906951904296875e+00,3.297770738601684570e+00,-9.245003461837768555e-01,4.599215507507324219e+00,2.354215621948242188e+00,8.412742614746093750e+00,4.655381202697753906e+00,5.082633018493652344e+00,1.085839843750000000e+01,3.776506900787353516e+00
5.516655921936035156e+00,2.548667430877685547e+00,-1.427034854888916016e+00,5.381335258483886719e+00,2.604120492935180664e+00,8.778518676757812500e+00,2.274714231491088867e+00,4.328212738037109375e+00,1.148936653137207031e+01,4.289680480957031250e+00
5.488447666168212891e+00,2.786675930023193359e+00,-1.318870186805725098e+00,5.362541198730468750e+00,2.630565166473388672e+00,8.666461944580078125e+00,2.474623203277587891e+00,4.414703369140625000e+00,1.145236015319824219e+01,4.258270263671875000e+00
5.114932537078857422e+00,2.785892009735107422e+00,-1.439673781394958496e+00,5.974590301513671875e+00,3.906162023544311523e+00,7.689280509948730469e+00,6.637131214141845703e+00,4.725066184997558594e+00,1.066064071655273438e+01,4.415296554565429688e+00
5.174033164978027344e+00,3.342729091644287109e+00,-1.089483499526977539e+00,4.531539440155029297e+00,2.498696804046630859e+00,8.105158805847167969e+00,4.244862556457519531e+00,5.160959243774414062e+00,1.089902687072753906e+01,3.620189189910888672e+00
5.513430595397949219e+00,2.503434658050537109e+00,-1.431257367134094238e+00,5.369390487670898438e+00,2.606936216354370117e+00,8.771204948425292969e+00,2.218477964401245117e+00,4.314667224884033203e+00,1.148901748657226562e+01,4.310738563537597656e+00
5.123144149780273438e+00,2.993730306625366211e+00,-1.254696607589721680e+00,5.899596214294433594e+00,2.770753383636474609e+00,7.147634506225585938e+00,6.883705615997314453e+00,4.550826072692871094e+00,1.073463344573974609e+01,4.647117614746093750e+00
5.091326713562011719e+00,3.089410781860351562e+00,-1.533952713012695312e+00,5.924300193786621094e+00,2.832833290100097656e+00,6.912937641143798828e+00,6.939766407012939453e+00,4.684994220733642578e+00,1.065195083618164062e+01,4.636921882629394531e+00
5.207451820373535156e+00,2.838452339172363281e+00,-1.140506863594055176e+00,5.796659946441650391e+00,2.635344743728637695e+00,7.232669830322265625e+00,6.735764503479003906e+00,4.457161903381347656e+00,1.078230476379394531e+01,4.549266815185546875e+00
5.218294620513916016e+00,2.923779010772705078e+00,-1.169942140579223633e+00,5.882795333862304688e+00,2.750068902969360352e+00,7.251948356628417969e+00,6.957814693450927734e+00,4.521047115325927734e+00,1.080272293090820312e+01,4.631656169891357422e+00
5.067840576171875000e+00,2.973692893981933594e+00,-8.472021818161010742e-01,5.418742656707763672e+00,2.064484119415283203e+00,7.245706558227539062e+00,6.193446636199951172e+00,4.882371902465820312e+00,1.099563789367675781e+01,4.432475090026855469e+00
5.197581291198730469e+00,2.914544343948364258e+00,-1.343626260757446289e+00,5.917419433593750000e+00,2.828554391860961914e+00,7.060570716857910156e+00,6.653937816619873047e+00,4.536828041076660156e+00,1.067408084869384766e+01,4.489313602447509766e+00
4.967217445373535156e+00,2.974925518035888672e+00,-1.209129691123962402e+00,5.457387924194335938e+00,2.034833431243896484e+00,7.442521095275878906e+00,5.595091819763183594e+00,4.985302925109863281e+00,1.082655334472656250e+01,4.114017486572265625e+00
4.212538719177246094e+00,4.994749069213867188e+00,-2.176023483276367188e+00,7.158822059631347656e+00,3.570136547088623047e+00,7.904315948486328125e+00,7.985825538635253906e+00,4.315035343170166016e+00,1.057903480529785156e+01,5.103206157684326172e+00
4.735211849212646484e+00,3.001689434051513672e+00,-2.314578294754028320e+00,5.307630538940429688e+00,8.104721903800964355e-01,6.409679412841796875e+00,5.263885498046875000e+00,5.222325801849365234e+00,9.793087005615234375e+00,4.076118469238281250e+00
4.537412166595458984e+00,3.720205307006835938e+00,-2.006493568420410156e+00,5.963370323181152344e+00,3.858544111251831055e+00,7.911390304565429688e+00,6.451324939727783203e+00,4.923851013183593750e+00,1.157690143585205078e+01,4.483331680297851562e+00
4.872285842895507812e+00,2.842780590057373047e+00,-2.853088378906250000e+00,5.541240692138671875e+00,3.067178010940551758e+00,5.249720096588134766e+00,6.785439014434814453e+00,5.923885822296142578e+00,1.034104633331298828e+01,4.531073570251464844e+00
4.808650016784667969e+00,2.856670856475830078e+00,-2.297855854034423828e+00,5.716715812683105469e+00,2.707593202590942383e+00,5.317383289337158203e+00,7.196278095245361328e+00,5.932001113891601562e+00,1.044046878814697266e+01,4.487340927124023438e+00
4.805151939392089844e+00,2.816325187683105469e+00,-2.809953451156616211e+00,5.555783271789550781e+00,2.982934951782226562e+00,5.263504028320312500e+00,6.855680465698242188e+00,5.986130714416503906e+00,1.036758422851562500e+01,4.536040306091308594e+00
4.986658096313476562e+00,2.820103883743286133e+00,-1.908946752548217773e+00,5.523260116577148438e+00,2.601666927337646484e+00,5.288319587707519531e+00,6.712707996368408203e+00,5.661190032958984375e+00,1.038214111328125000e+01,4.446070671081542969e+00
5.064472198486328125e+00,3.774780988693237305e+00,-2.393903732299804688e+00,5.274406909942626953e+00,2.695747375488281250e+00,5.365629196166992188e+00,5.929007053375244141e+00,4.474497318267822266e+00,1.024647140502929688e+01,4.249936103820800781e+00
4.955876350402832031e+00,2.748579740524291992e+00,-2.565682172775268555e+00,5.663632392883300781e+00,3.074230194091796875e+00,5.282717704772949219e+00,6.824374198913574219e+00,5.882868766784667969e+00,1.037343978881835938e+01,4.567421913146972656e+00
4.868244171142578125e+00,2.947213411331176758e+00,-1.846206068992614746e+00,5.831960678100585938e+00,2.587761640548706055e+00,5.529741764068603516e+00,7.150760173797607422e+00,5.726891994476318359e+00,1.052973556518554688e+01,4.541256904602050781e+00
4.848787307739257812e+00,2.919859409332275391e+00,-2.365081787109375000e+00,5.492179870605468750e+00,2.929368734359741211e+00,5.200099945068359375e+00,6.442629814147949219e+00,5.896309375762939453e+00,1.030811023712158203e+01,4.499649047851562500e+00
4.903528690338134766e+00,2.796727180480957031e+00,-2.326223850250244141e+00,5.691595077514648438e+00,2.834819078445434570e+00,5.346322059631347656e+00,7.040915489196777344e+00,5.785797119140625000e+00,1.043782043457031250e+01,4.522912979125976562e+00
4.908584594726562500e+00,2.882713794708251953e+00,-2.122419118881225586e+00,5.635982513427734375e+00,2.653676748275756836e+00,5.334319114685058594e+00,6.959768295288085938e+00,5.806205749511718750e+00,1.045492649078369141e+01,4.487630844116210938e+00
4.991000175476074219e+00,2.849581003189086914e+00,-1.144067525863647461e+00,6.978747367858886719e+00,3.847062349319458008e+00,6.273884773254394531e+00,7.658882141113281250e+00,6.221975326538085938e+00,9.521380424499511719e+00,4.361192226409912109e+00
4.924246311187744141e+00,3.411327838897705078e+00,-2.783872842788696289e+00,5.584899902343750000e+00,2.532868862152099609e+00,5.794560432434082031e+00,6.057088375091552734e+00,4.953431129455566406e+00,1.021151542663574219e+01,4.149383068084716797e+00
4.624285697937011719e+00,2.041920185089111328e+00,-1.194913983345031738e+00,6.003087043762207031e+00,3.663572311401367188e+00,7.298739433288574219e+00,5.672642230987548828e+00,5.877459049224853516e+00,9.584005355834960938e+00,6.011056900024414062e+00
4.905770778656005859e+00,2.791486263275146484e+00,-1.645648002624511719e+00,6.516484737396240234e+00,3.675925970077514648e+00,6.196375846862792969e+00,6.896498203277587891e+00,6.074313640594482422e+00,9.781023025512695312e+00,4.332715511322021484e+00
4.288248062133789062e+00,3.615132331848144531e+00,-2.156788587570190430e+00,7.180853843688964844e+00,3.912492036819458008e+00,6.645979881286621094e+00,7.882929801940917969e+00,5.462816238403320312e+00,9.827641487121582031e+00,5.108116149902343750e+00
4.669106483459472656e+00,2.042291641235351562e+00,-1.243211388587951660e+00,6.032404899597167969e+00,3.698903799057006836e+00,7.258393287658691406e+00,5.686056137084960938e+00,5.888185501098632812e+00,9.668426513671875000e+00,6.124583721160888672e+00
4.188333511352539062e+00,5.195504188537597656e+00,-2.661644935607910156e+00,7.802201271057128906e+00,3.842060089111328125e+00,7.714964866638183594e+00,8.423954010009765625e+00,4.450651168823242188e+00,1.030579853057861328e+01,5.216593742370605469e+00
4.735096931457519531e+00,2.615568637847900391e+00,-1.425781607627868652e+00,6.660834312438964844e+00,3.812030315399169922e+00,6.893209457397460938e+00,6.932826519012451172e+00,6.138422012329101562e+00,9.711471557617187500e+00,4.987331867218017578e+00
4.185729026794433594e+00,5.064714908599853516e+00,-2.635867595672607422e+00,7.741509437561035156e+00,3.899619102478027344e+00,7.563452720642089844e+00,8.278756141662597656e+00,4.468555450439453125e+00,1.022253131866455078e+01,5.199260711669921875e+00
4.184376716613769531e+00,4.803439140319824219e+00,-2.282114505767822266e+00,7.579154968261718750e+00,3.780496597290039062e+00,6.721708297729492188e+00,7.994310379028320312e+00,4.504828929901123047e+00,9.813924789428710938e+00,5.099599838256835938e+00
4.942429542541503906e+00,3.251380681991577148e+00,-2.056919813156127930e+00,5.291835784912109375e+00,1.784258127212524414e+00,6.229244232177734375e+00,5.751189708709716797e+00,5.392384052276611328e+00,1.038989830017089844e+01,4.136444568634033203e+00
5.051558494567871094e+00,2.665961265563964844e+00,-1.595854759216308594e+00,6.469751358032226562e+00,3.734270334243774414e+00,7.702807426452636719e+00,6.910579681396484375e+00,5.146583557128906250e+00,1.026976871490478516e+01,5.059239864349365234e+00
4.770623683929443359e+00,2.832575321197509766e+00,-2.293142795562744141e+00,5.168827533721923828e+00,8.494659662246704102e-01,6.469980716705322266e+00,5.344335556030273438e+00,5.014422416687011719e+00,9.790340423583984375e+00,3.940273761749267578e+00
4.819554805755615234e+00,3.084132194519042969e+00,-2.114008188247680664e+00,5.567345619201660156e+00,1.868515014648437500e+00,6.633028030395507812e+00,5.754816055297851562e+00,5.127866744995117188e+00,1.008780288696289062e+01,4.293843746185302734e+00
4.820466995239257812e+00,2.907433986663818359e+00,-2.081153154373168945e+00,5.392148971557617188e+00,1.200197935104370117e+00,6.741645812988281250e+00,5.663220882415771484e+00,5.040787220001220703e+00,1.006933689117431641e+01,4.175963401794433594e+00
4.260041713714599609e+00,4.170336246490478516e+00,-2.828748226165771484e+00,7.008637428283691406e+00,3.596959352493286133e+00,6.823563575744628906e+00,7.581398963928222656e+00,4.496181488037109375e+00,9.940790176391601562e+00,4.943930149078369141e+00
4.175034046173095703e+00,4.175616264343261719e+00,-2.931600570678710938e+00,6.859054565429687500e+00,3.411451101303100586e+00,6.507430076599121094e+00,7.444247722625732422e+00,4.343287467956542969e+00,9.829110145568847656e+00,4.811780452728271484e+00
4.667915344238281250e+00,2.883032321929931641e+00,-2.520305395126342773e+00,5.313233375549316406e+00,8.892967700958251953e-01,6.575657844543457031e+00,5.416049003601074219e+00,5.034200191497802734e+00,9.743190765380859375e+00,4.117376804351806641e+00
4.183566093444824219e+00,5.181361198425292969e+00,-2.666292428970336914e+00,7.817804336547851562e+00,3.846407175064086914e+00,7.695527076721191406e+00,8.444040298461914062e+00,4.433808326721191406e+00,1.027895832061767578e+01,5.216861248016357422e+00
4.116150856018066406e+00,4.988257408142089844e+00,-2.234977245330810547e+00,7.443109512329101562e+00,3.714615583419799805e+00,7.525424003601074219e+00,8.053277015686035156e+00,4.347275257110595703e+00,1.019467735290527344e+01,5.106822967529296875e+00
4.606467247009277344e+00,2.436782360076904297e+00,-2.510313987731933594e-01,6.079887390136718750e+00,3.523375988006591797e+00,8.278730392456054688e+00,6.205543994903564453e+00,6.431220531463623047e+00,1.049113655090332031e+01,5.505633354187011719e+00
4.801632881164550781e+00,2.963402748107910156e+00,-1.460998654365539551e+00,5.705583095550537109e+00,2.443403005599975586e+00,6.255640506744384766e+00,6.361027240753173828e+00,5.202231407165527344e+00,1.005281448364257812e+01,4.264695644378662109e+00
4.317454338073730469e+00,3.414288520812988281e+00,-1.314087033271789551e+00,4.767981529235839844e+00,1.824869394302368164e+00,6.901144027709960938e+00,5.723019599914550781e+00,6.369865417480468750e+00,1.082340049743652344e+01,4.027156352996826172e+00
4.535724639892578125e+00,3.361431598663330078e+00,-1.124564170837402344e+00,5.028807640075683594e+00,2.137207508087158203e+00,7.221284866333007812e+00,6.206741809844970703e+00,6.529844284057617188e+00,1.087361526489257812e+01,4.289310455322265625e+00
4.750709533691406250e+00,1.988759279251098633e+00,-1.090200662612915039e+00,6.045834541320800781e+00,3.651712179183959961e+00,7.426495552062988281e+00,5.627107620239257812e+00,5.936406135559082031e+00,9.669204711914062500e+00,6.125109672546386719e+00
4.653743743896484375e+00,1.947262644767761230e+00,-1.048443675041198730e+00,5.923224449157714844e+00,3.391548156738281250e+00,7.137763977050781250e+00,5.367874622344970703e+00,5.807374000549316406e+00,9.586015701293945312e+00,6.016396522521972656e+00
4.694017887115478516e+00,2.929534435272216797e+00,-1.671779036521911621e+00,5.958592414855957031e+00,3.026691675186157227e+00,7.737162590026855469e+00,5.938591003417968750e+00,5.363352775573730469e+00,1.029896163940429688e+01,4.464756965637207031e+00
4.676071643829345703e+00,1.904587984085083008e+00,-1.095407366752624512e+00,5.939715385437011719e+00,3.496211767196655273e+00,7.253120422363281250e+00,5.378166198730468750e+00,5.830143928527832031e+00,9.613524436950683594e+00,6.168023109436035156e+00
4.684810161590576172e+00,1.912271976470947266e+00,-1.115280985832214355e+00,5.961934089660644531e+00,3.510746479034423828e+00,7.278536796569824219e+00,5.407024383544921875e+00,5.848089218139648438e+00,9.619619369506835938e+00,6.162398338317871094e+00
4.249395370483398438e+00,4.538172721862792969e+00,-2.463132143020629883e+00,7.067515373229980469e+00,3.677016496658325195e+00,6.998768806457519531e+00,7.280277729034423828e+00,4.650856971740722656e+00,1.030424308776855469e+01,5.017681121826171875e+00
4.793672561645507812e+00,2.796028614044189453e+00,-1.938020586967468262e+00,5.252200126647949219e+00,6.505137681961059570e-01,6.540227890014648438e+00,5.314276695251464844e+00,5.076427936553955078e+00,9.666652679443359375e+00,4.131699562072753906e+00
4.504650592803955078e+00,2.982827186584472656e+00,-2.762864589691162109e+00,5.307847976684570312e+00,1.021673917770385742e+00,6.504679203033447266e+00,5.409647941589355469e+00,5.064396381378173828e+00,9.748113632202148438e+00,4.189805030822753906e+00
4.072946548461914062e+00,4.035517692565917969e+00,-2.680173397064208984e+00,6.448964595794677734e+00,3.060445070266723633e+00,7.010112762451171875e+00,6.854171752929687500e+00,4.506288528442382812e+00,1.007326221466064453e+01,4.992274284362792969e+00
4.812354564666748047e+00,3.110087394714355469e+00,-2.203205108642578125e+00,5.557235717773437500e+00,1.632854938507080078e+00,6.722993850708007812e+00,5.737086772918701172e+00,5.139227390289306641e+00,1.022078037261962891e+01,4.392883300781250000e+00
4.696289539337158203e+00,2.854667901992797852e+00,-2.296934604644775391e+00,5.273247241973876953e+00,7.419788837432861328e-01,6.562425136566162109e+00,5.353982448577880859e+00,5.003381729125976562e+00,9.693252563476562500e+00,4.081338405609130859e+00
4.786026000976562500e+00,2.803274154663085938e+00,-1.957971096038818359e+00,5.262060165405273438e+00,6.696642637252807617e-01,6.537222862243652344e+00,5.312137126922607422e+00,5.078786849975585938e+00,9.665130615234375000e+00,4.142183303833007812e+00
4.641359806060791016e+00,2.878975868225097656e+00,-2.322322845458984375e+00,5.292834281921386719e+00,8.064799308776855469e-01,6.574720382690429688e+00,5.395856857299804688e+00,4.999045848846435547e+00,9.699209213256835938e+00,4.089213371276855469e+00
4.808123588562011719e+00,2.846712112426757812e+00,-2.022888660430908203e+00,5.264844894409179688e+00,6.958123445510864258e-01,6.514513969421386719e+00,5.299987316131591797e+00,5.075117111206054688e+00,9.657394409179687500e+00,4.146393775939941406e+00
4.795870780944824219e+00,2.817416191101074219e+00,-1.966322183609008789e+00,5.253784179687500000e+00,6.767798662185668945e-01,6.518967628479003906e+00,5.293736457824707031e+00,5.071213722229003906e+00,9.665931701660156250e+00,4.127566337585449219e+00
4.795474052429199219e+00,2.803920269012451172e+00,-1.921485543251037598e+00,5.251967906951904297e+00,6.562653779983520508e-01,6.527987480163574219e+00,5.289940834045410156e+00,5.074370384216308594e+00,9.665676116943359375e+00,4.126974105834960938e+00
4.636964797973632812e+00,2.896047115325927734e+00,-2.285720348358154297e+00,5.291577339172363281e+00,8.759709596633911133e-01,6.531131744384765625e+00,5.425502777099609375e+00,5.045779228210449219e+00,9.745510101318359375e+00,4.140852928161621094e+00
4.801428794860839844e+00,2.784232616424560547e+00,-1.853969693183898926e+00,5.259521484375000000e+00,6.223633289337158203e-01,6.560483932495117188e+00,5.308624744415283203e+00,5.087381362915039062e+00,9.662208557128906250e+00,4.150459289550781250e+00
4.664115905761718750e+00,2.982087135314941406e+00,-1.332399845123291016e+00,5.197394371032714844e+00,9.642251133918762207e-01,6.223850727081298828e+00,5.663056850433349609e+00,5.436191558837890625e+00,1.004979705810546875e+01,3.959849357604980469e+00
4.118898868560791016e+00,4.465864658355712891e+00,-2.697597980499267578e+00,6.914094924926757812e+00,3.427848339080810547e+00,6.942732334136962891e+00,7.274705886840820312e+00,4.402259826660156250e+00,1.010047435760498047e+01,4.917613029479980469e+00
4.794744014739990234e+00,2.770942926406860352e+00,-1.874283671379089355e+00,5.242059230804443359e+00,6.189487576484680176e-01,6.554743289947509766e+00,5.306216716766357422e+00,5.069190979003906250e+00,9.662384033203125000e+00,4.117285251617431641e+00
4.582331657409667969e+00,2.986144304275512695e+00,-2.613281965255737305e+00,5.311116218566894531e+00,9.189765453338623047e-01,6.565926551818847656e+00,5.418284416198730469e+00,4.994563102722167969e+00,9.752854347229003906e+00,4.117793083190917969e+00
4.717646598815917969e+00,3.520175457000732422e+00,-8.939464092254638672e-01,5.531085968017578125e+00,1.213842034339904785e+00,6.113133430480957031e+00,6.060466289520263672e+00,6.397242546081542969e+00,1.108601760864257812e+01,4.499066352844238281e+00
4.792243957519531250e+00,2.799936294555664062e+00,-1.876003980636596680e+00,5.254930973052978516e+00,6.509111523628234863e-01,6.527904510498046875e+00,5.289630889892578125e+00,5.085655689239501953e+00,9.675555229187011719e+00,4.139143943786621094e+00
4.768473148345947266e+00,2.840687990188598633e+00,-2.160594463348388672e+00,5.261546134948730469e+00,7.121300697326660156e-01,6.529250144958496094e+00,5.293198108673095703e+00,5.031994342803955078e+00,9.678340911865234375e+00,4.112357616424560547e+00
5.465763568878173828e+00,4.126608848571777344e+00,-4.041541218757629395e-01,5.843884468078613281e+00,8.956952095031738281e-01,5.228917598724365234e+00,4.429157257080078125e+00,6.837839126586914062e+00,1.180064392089843750e+01,4.504120826721191406e+00
4.040879726409912109e+00,4.728867530822753906e+00,-2.666000843048095703e+00,6.940576553344726562e+00,4.600063800811767578e+00,7.833242416381835938e+00,7.380502700805664062e+00,5.499974250793457031e+00,1.130891132354736328e+01,5.348482131958007812e+00
4.112945556640625000e+00,4.570199966430664062e+00,-2.767494678497314453e+00,6.776564598083496094e+00,4.149319648742675781e+00,7.396465301513671875e+00,7.117722988128662109e+00,5.257461547851562500e+00,1.115365982055664062e+01,5.224714279174804688e+00
4.926352500915527344e+00,4.175212383270263672e+00,-1.269951581954956055e+00,5.838683605194091797e+00,2.137647390365600586e+00,6.828757286071777344e+00,5.639973163604736328e+00,6.975222587585449219e+00,1.145559978485107422e+01,4.363493919372558594e+00
4.283873558044433594e+00,3.614436149597167969e+00,-1.370710849761962891e+00,5.964900493621826172e+00,3.415876865386962891e+00,8.760649681091308594e+00,5.915061473846435547e+00,6.960739135742187500e+00,1.135880184173583984e+01,5.328661918640136719e+00
4.266538143157958984e+00,3.306080818176269531e+00,-8.356676697731018066e-01,5.817562103271484375e+00,2.897627115249633789e+00,9.722961425781250000e+00,5.074259757995605469e+00,7.166063308715820312e+00,1.099166679382324219e+01,4.984211921691894531e+00
4.881674289703369141e+00,4.110823631286621094e+00,-9.618137478828430176e-01,5.694643974304199219e+00,2.161112308502197266e+00,7.789174079895019531e+00,5.248564720153808594e+00,6.846447944641113281e+00,1.122908020019531250e+01,4.430810451507568359e+00
4.482695579528808594e+00,3.650085210800170898e+00,-1.090564370155334473e+00,5.915870666503906250e+00,2.759882688522338867e+00,8.499452590942382812e+00,5.402896881103515625e+00,6.954405307769775391e+00,1.118164443969726562e+01,4.961422920227050781e+00
5.539521217346191406e+00,4.122482299804687500e+00,-1.057292222976684570e+00,5.686784744262695312e+00,8.697427511215209961e-01,4.593075752258300781e+00,4.007904052734375000e+00,6.669353485107421875e+00,1.180118370056152344e+01,4.551679611206054688e+00
5.378427982330322266e+00,4.058905601501464844e+00,-1.121840596199035645e+00,5.708233833312988281e+00,9.883764386177062988e-01,5.090868949890136719e+00,4.305276393890380859e+00,6.759299278259277344e+00,1.170509338378906250e+01,4.423343181610107422e+00
4.070595741271972656e+00,3.957688093185424805e+00,-2.552712917327880859e+00,6.699450969696044922e+00,3.853169679641723633e+00,7.441532135009765625e+00,7.082319736480712891e+00,4.681018352508544922e+00,1.031616783142089844e+01,5.049901008605957031e+00
4.698797702789306641e+00,4.952134132385253906e+00,-1.488561272621154785e+00,6.556622505187988281e+00,4.158638000488281250e+00,7.061599731445312500e+00,7.127160072326660156e+00,6.003946781158447266e+00,1.193405342102050781e+01,5.136360168457031250e+00
4.600618362426757812e+00,5.222229003906250000e+00,-1.897205710411071777e+00,6.705787658691406250e+00,4.418337345123291016e+00,7.236232757568359375e+00,6.822102546691894531e+00,5.712706565856933594e+00,1.187080955505371094e+01,5.145200729370117188e+00
4.738254547119140625e+00,5.284044265747070312e+00,-1.788809895515441895e+00,6.678601264953613281e+00,4.535881996154785156e+00,7.103095054626464844e+00,6.656971454620361328e+00,5.775728225708007812e+00,1.204011440277099609e+01,5.106783866882324219e+00
4.688260078430175781e+00,4.445547103881835938e+00,-1.407722711563110352e+00,6.399409770965576172e+00,3.904357910156250000e+00,6.941699028015136719e+00,7.270118713378906250e+00,6.428195953369140625e+00,1.165605735778808594e+01,5.005164146423339844e+00
4.652356147766113281e+00,5.237977504730224609e+00,-1.822993874549865723e+00,6.736996650695800781e+00,4.459664821624755859e+00,7.098407745361328125e+00,6.776626586914062500e+00,5.720464706420898438e+00,1.188005065917968750e+01,5.129598617553710938e+00
4.557774543762207031e+00,4.383418083190917969e+00,-1.349213004112243652e+00,6.492819309234619141e+00,3.971565961837768555e+00,6.607810020446777344e+00,7.300898075103759766e+00,6.195029258728027344e+00,1.137248039245605469e+01,5.061453819274902344e+00
4.537398815155029297e+00,4.343976974487304688e+00,-1.318848967552185059e+00,6.645035743713378906e+00,4.106124401092529297e+00,6.769621372222900391e+00,7.268257617950439453e+00,6.168109893798828125e+00,1.119648265838623047e+01,5.106945991516113281e+00
4.606128692626953125e+00,4.179605007171630859e+00,-1.224224567413330078e+00,6.538695335388183594e+00,3.896383285522460938e+00,6.772638797760009766e+00,7.098781108856201172e+00,6.275366783142089844e+00,1.120420074462890625e+01,5.109968185424804688e+00
4.501050472259521484e+00,4.683753013610839844e+00,-1.815354585647583008e+00,6.941576004028320312e+00,4.285865306854248047e+00,6.611592292785644531e+00,7.281182289123535156e+00,5.774230480194091797e+00,1.098306083679199219e+01,5.081444740295410156e+00
4.621931076049804688e+00,5.038039207458496094e+00,-1.752608299255371094e+00,6.648223400115966797e+00,4.202013015747070312e+00,7.008300781250000000e+00,6.902430057525634766e+00,5.760020256042480469e+00,1.170761108398437500e+01,5.184588432312011719e+00
4.296052455902099609e+00,4.864925384521484375e+00,-2.328444004058837891e+00,7.215492248535156250e+00,3.947684049606323242e+00,6.212322235107421875e+00,7.427618980407714844e+00,5.043819904327392578e+00,1.018913459777832031e+01,5.088071823120117188e+00
4.490572452545166016e+00,5.018600940704345703e+00,-2.323431491851806641e+00,6.924109458923339844e+00,4.332216739654541016e+00,6.171998023986816406e+00,7.006443023681640625e+00,5.299142837524414062e+00,1.086446189880371094e+01,5.056034088134765625e+00
4.652557849884033203e+00,5.308387756347656250e+00,-1.847837924957275391e+00,6.716966629028320312e+00,4.486568927764892578e+00,7.145098686218261719e+00,6.753529071807861328e+00,5.712896347045898438e+00,1.198130226135253906e+01,5.141284942626953125e+00
4.788567543029785156e+00,5.351901054382324219e+00,-1.848948717117309570e+00,6.722483158111572266e+00,4.588597774505615234e+00,7.112811088562011719e+00,6.738582134246826172e+00,5.786608695983886719e+00,1.211246681213378906e+01,5.127099037170410156e+00
4.648267269134521484e+00,5.273752212524414062e+00,-1.806615591049194336e+00,6.707221031188964844e+00,4.422483921051025391e+00,7.111574172973632812e+00,6.846736431121826172e+00,5.734500885009765625e+00,1.196397972106933594e+01,5.166577339172363281e+00
4.452579021453857422e+00,5.129101753234863281e+00,-1.987152218818664551e+00,6.776016235351562500e+00,4.237924575805664062e+00,6.899613380432128906e+00,7.071181774139404297e+00,5.603793621063232422e+00,1.161706161499023438e+01,5.166643619537353516e+00
4.440351486206054688e+00,4.559553146362304688e+00,-1.591541171073913574e+00,6.590767860412597656e+00,4.031940460205078125e+00,6.822666168212890625e+00,7.376622676849365234e+00,5.991455554962158203e+00,1.149612998962402344e+01,5.137599945068359375e+00
4.818011283874511719e+00,4.974959373474121094e+00,-1.468938469886779785e+00,6.500064849853515625e+00,4.264402389526367188e+00,6.974181652069091797e+00,7.119998931884765625e+00,6.192223548889160156e+00,1.206757164001464844e+01,5.116827487945556641e+00
4.823076248168945312e+00,4.999315261840820312e+00,-1.466992855072021484e+00,6.478900432586669922e+00,4.245223999023437500e+00,6.957284927368164062e+00,7.091275215148925781e+00,6.143805503845214844e+00,1.207523918151855469e+01,5.128594398498535156e+00
4.786277294158935547e+00,4.877226352691650391e+00,-1.461429357528686523e+00,6.455412864685058594e+00,4.201231002807617188e+00,6.959737777709960938e+00,7.133731842041015625e+00,6.251958847045898438e+00,1.201923370361328125e+01,5.117962837219238281e+00
4.661099433898925781e+00,4.568638801574707031e+00,-1.291699767112731934e+00,6.438170433044433594e+00,3.952174186706542969e+00,7.007613182067871094e+00,7.257843017578125000e+00,6.297349929809570312e+00,1.165879631042480469e+01,5.084333896636962891e+00
4.611423492431640625e+00,4.196349143981933594e+00,-1.148313283920288086e+00,6.527236938476562500e+00,3.916840553283691406e+00,7.512234687805175781e+00,6.884050369262695312e+00,6.605506896972656250e+00,1.147769451141357422e+01,5.201093196868896484e+00
4.588647842407226562e+00,3.962774515151977539e+00,-1.097344636917114258e+00,6.849474906921386719e+00,4.154480934143066406e+00,7.990128517150878906e+00,6.801127910614013672e+00,6.523986816406250000e+00,1.128241920471191406e+01,5.381584644317626953e+00
4.752721786499023438e+00,5.244987010955810547e+00,-1.721612334251403809e+00,6.621469497680664062e+00,4.401672363281250000e+00,7.242791175842285156e+00,6.819288730621337891e+00,5.846386909484863281e+00,1.214033889770507812e+01,5.136899471282958984e+00
4.637234210968017578e+00,4.196954727172851562e+00,-1.267952084541320801e+00,6.437875747680664062e+00,3.877266168594360352e+00,7.177119255065917969e+00,7.079885005950927734e+00,6.499618530273437500e+00,1.150173377990722656e+01,5.084341049194335938e+00
4.616414070129394531e+00,4.386120796203613281e+00,-1.245783448219299316e+00,6.520472049713134766e+00,4.016163825988769531e+00,7.492223739624023438e+00,7.060605525970458984e+00,6.578960418701171875e+00,1.162697982788085938e+01,5.142708778381347656e+00
4.352271556854248047e+00,5.050175666809082031e+00,-2.041475057601928711e+00,6.878646850585937500e+00,4.474176883697509766e+00,7.173834800720214844e+00,7.008148670196533203e+00,5.578483581542968750e+00,1.137275981903076172e+01,5.194614410400390625e+00
4.604603290557861328e+00,4.180357933044433594e+00,-1.149411678314208984e+00,6.518873214721679688e+00,3.860481739044189453e+00,7.367685317993164062e+00,6.902730941772460938e+00,6.522838592529296875e+00,1.142138481140136719e+01,5.176001071929931641e+00
4.651643276214599609e+00,4.324461936950683594e+00,-1.275708556175231934e+00,6.513004779815673828e+00,3.983683586120605469e+00,7.400640487670898438e+00,7.015950679779052734e+00,6.637505531311035156e+00,1.159321212768554688e+01,5.118238449096679688e+00
4.660259246826171875e+00,4.269405364990234375e+00,-1.364286065101623535e+00,6.499163627624511719e+00,3.988157510757446289e+00,7.341732978820800781e+00,7.128416061401367188e+00,6.599392414093017578e+00,1.161937427520751953e+01,5.100756645202636719e+00
4.609211444854736328e+00,4.012742042541503906e+00,-1.608819484710693359e+00,6.362824440002441406e+00,3.909663677215576172e+00,7.172309875488281250e+00,7.263276576995849609e+00,7.062261104583740234e+00,1.169770240783691406e+01,5.060065269470214844e+00
4.614147663116455078e+00,4.031647682189941406e+00,-1.610499262809753418e+00,6.379717826843261719e+00,3.924864292144775391e+00,7.190151214599609375e+00,7.301966667175292969e+00,7.085742950439453125e+00,1.172724533081054688e+01,5.063915729522705078e+00
4.593012332916259766e+00,3.967638969421386719e+00,-1.617549896240234375e+00,6.365985870361328125e+00,3.895272731781005859e+00,7.122139930725097656e+00,7.240104675292968750e+00,7.028020858764648438e+00,1.164163112640380859e+01,5.055626392364501953e+00
4.599644184112548828e+00,3.977571487426757812e+00,-1.625619411468505859e+00,6.359807014465332031e+00,3.909076690673828125e+00,7.141517639160156250e+00,7.252699851989746094e+00,7.033263206481933594e+00,1.165591812133789062e+01,5.052102565765380859e+00
4.602721691131591797e+00,3.993827104568481445e+00,-1.622285604476928711e+00,6.360324859619140625e+00,3.905084609985351562e+00,7.138813018798828125e+00,7.274214267730712891e+00,7.047660827636718750e+00,1.167878341674804688e+01,5.060662269592285156e+00
4.590329647064208984e+00,3.940442800521850586e+00,-1.633021593093872070e+00,6.328250408172607422e+00,3.888628244400024414e+00,7.065661430358886719e+00,7.222413539886474609e+00,6.971860885620117188e+00,1.158307647705078125e+01,5.043970108032226562e+00
4.610063076019287109e+00,3.995371818542480469e+00,-1.638062477111816406e+00,6.351248741149902344e+00,3.926835060119628906e+00,7.179770469665527344e+00,7.261364936828613281e+00,7.057332038879394531e+00,1.168041419982910156e+01,5.048655509948730469e+00
4.595011711120605469e+00,3.970263481140136719e+00,-1.626436948776245117e+00,6.365717887878417969e+00,3.899026632308959961e+00,7.120166778564453125e+00,7.257638454437255859e+00,7.037305831909179688e+00,1.165336227416992188e+01,5.056210517883300781e+00
4.598281860351562500e+00,3.974292278289794922e+00,-1.625346660614013672e+00,6.350224494934082031e+00,3.904306888580322266e+00,7.128232002258300781e+00,7.241839885711669922e+00,7.019536018371582031e+00,1.164091491699218750e+01,5.053030490875244141e+00
4.597931385040283203e+00,3.959126472473144531e+00,-1.639155626296997070e+00,6.348004341125488281e+00,3.910663604736328125e+00,7.131340026855468750e+00,7.231772899627685547e+00,7.006583690643310547e+00,1.162570190429687500e+01,5.036694526672363281e+00
4.819032669067382812e+00,4.900648117065429688e+00,-1.329422116279602051e+00,6.417049407958984375e+00,4.166339397430419922e+00,6.904371738433837891e+00,7.082945346832275391e+00,6.238850593566894531e+00,1.201394271850585938e+01,5.096483230590820312e+00
4.827495098114013672e+00,4.990710258483886719e+00,-1.340852141380310059e+00,6.466805458068847656e+00,4.243753433227539062e+00,6.974936485290527344e+00,7.021371841430664062e+00,6.195899963378906250e+00,1.204462337493896484e+01,5.071785449981689453e+00
4.836471557617187500e+00,5.004072189331054688e+00,-1.432071208953857422e+00,6.495248794555664062e+00,4.269125938415527344e+00,6.958737373352050781e+00,7.084671020507812500e+00,6.142722129821777344e+00,1.208890151977539062e+01,5.104611396789550781e+00
4.796360015869140625e+00,4.849815368652343750e+00,-1.302172422409057617e+00,6.403101921081542969e+00,4.134105682373046875e+00,6.931258678436279297e+00,7.071903705596923828e+00,6.256968498229980469e+00,1.195650863647460938e+01,5.064394474029541016e+00
4.772883892059326172e+00,4.829717636108398438e+00,-1.323714733123779297e+00,6.405989646911621094e+00,4.103180408477783203e+00,6.989745140075683594e+00,7.032883167266845703e+00,6.275247573852539062e+00,1.190263748168945312e+01,5.082277297973632812e+00
4.826531410217285156e+00,5.108996391296386719e+00,-1.580127596855163574e+00,6.542572975158691406e+00,4.349042892456054688e+00,7.063795089721679688e+00,6.930304527282714844e+00,6.092454433441162109e+00,1.212425231933593750e+01,5.145009040832519531e+00
4.745669364929199219e+00,4.751266479492187500e+00,-1.326967835426330566e+00,6.377710342407226562e+00,4.041765689849853516e+00,7.168699264526367188e+00,7.033539295196533203e+00,6.410241127014160156e+00,1.183609676361083984e+01,5.074113368988037109e+00
4.736566543579101562e+00,4.201003551483154297e+00,-1.741601228713989258e+00,6.462497234344482422e+00,4.098545074462890625e+00,7.292174339294433594e+00,7.364697933197021484e+00,6.949931144714355469e+00,1.177377510070800781e+01,4.971658706665039062e+00
4.809358596801757812e+00,4.894030570983886719e+00,-1.424387216567993164e+00,6.452482700347900391e+00,4.217137336730957031e+00,7.057515144348144531e+00,7.087885856628417969e+00,6.333873271942138672e+00,1.203149795532226562e+01,5.149348258972167969e+00
4.762352943420410156e+00,4.127025127410888672e+00,-1.659611105918884277e+00,6.450907707214355469e+00,4.083182811737060547e+00,7.255621910095214844e+00,7.412057876586914062e+00,7.026337146759033203e+00,1.178277969360351562e+01,5.041271209716796875e+00
4.696837425231933594e+00,4.014217376708984375e+00,-1.753081917762756348e+00,6.448718070983886719e+00,4.031205177307128906e+00,7.265442848205566406e+00,7.380246162414550781e+00,7.079131126403808594e+00,1.174865722656250000e+01,5.026672363281250000e+00
4.695611000061035156e+00,4.019173145294189453e+00,-1.764178037643432617e+00,6.429640769958496094e+00,4.024471759796142578e+00,7.258658409118652344e+00,7.346294879913330078e+00,7.066676139831542969e+00,1.172470664978027344e+01,5.009963512420654297e+00
4.703686714172363281e+00,4.026873588562011719e+00,-1.809491634368896484e+00,6.443352222442626953e+00,4.047986030578613281e+00,7.278765678405761719e+00,7.360455513000488281e+00,7.058497905731201172e+00,1.173435783386230469e+01,4.996809005737304688e+00
4.699567794799804688e+00,4.012233734130859375e+00,-1.747324943542480469e+00,6.454957008361816406e+00,4.036361694335937500e+00,7.276046752929687500e+00,7.389329433441162109e+00,7.079568386077880859e+00,1.174455547332763672e+01,5.013724327087402344e+00
4.694042205810546875e+00,4.025308609008789062e+00,-1.763566493988037109e+00,6.431023597717285156e+00,4.026146411895751953e+00,7.268633842468261719e+00,7.353168964385986328e+00,7.073411464691162109e+00,1.173930835723876953e+01,5.021471977233886719e+00
4.677871704101562500e+00,4.027467727661132812e+00,-1.717145204544067383e+00,6.399989128112792969e+00,4.011559486389160156e+00,7.220387458801269531e+00,7.352070808410644531e+00,7.073716640472412109e+00,1.171195411682128906e+01,5.046397209167480469e+00
4.689951896667480469e+00,4.017577171325683594e+00,-1.749754309654235840e+00,6.423186302185058594e+00,4.022562026977539062e+00,7.236041069030761719e+00,7.359403133392333984e+00,7.073032855987548828e+00,1.172462177276611328e+01,5.034660339355468750e+00
4.693131923675537109e+00,4.026277542114257812e+00,-1.778002500534057617e+00,6.416015148162841797e+00,4.021610736846923828e+00,7.243685722351074219e+00,7.334622383117675781e+00,7.056048870086669922e+00,1.171731662750244141e+01,5.010416030883789062e+00
4.705518722534179688e+00,4.023056030273437500e+00,-1.776788949966430664e+00,6.454738616943359375e+00,4.053565025329589844e+00,7.267928123474121094e+00,7.392130851745605469e+00,7.062857627868652344e+00,1.173394107818603516e+01,5.007261276245117188e+00
4.689881801605224609e+00,4.012531757354736328e+00,-1.771852970123291016e+00,6.429657936096191406e+00,4.030817985534667969e+00,7.239076614379882812e+00,7.362162113189697266e+00,7.067444801330566406e+00,1.171752643585205078e+01,5.028214454650878906e+00
4.638298988342285156e+00,4.986948490142822266e+00,-2.075715065002441406e+00,6.573293685913085938e+00,4.282989501953125000e+00,7.938349723815917969e+00,7.123335361480712891e+00,6.398283958435058594e+00,1.203304481506347656e+01,5.190399169921875000e+00
4.782879829406738281e+00,5.416905879974365234e+00,-1.997684478759765625e+00,6.705286026000976562e+00,4.715977191925048828e+00,7.273672103881835938e+00,6.743664264678955078e+00,5.903843879699707031e+00,1.228260421752929688e+01,5.121033668518066406e+00
4.749461650848388672e+00,5.380926132202148438e+00,-1.976044416427612305e+00,6.722707271575927734e+00,4.632697105407714844e+00,7.308459281921386719e+00,6.809172153472900391e+00,5.886802196502685547e+00,1.221745777130126953e+01,5.133842468261718750e+00
4.541862010955810547e+00,4.261460304260253906e+00,-1.883515596389770508e+00,6.586268424987792969e+00,4.275513172149658203e+00,8.683938026428222656e+00,6.978707313537597656e+00,6.597310543060302734e+00,1.183177280426025391e+01,5.291618824005126953e+00
4.636678695678710938e+00,4.158712863922119141e+00,-1.532807350158691406e+00,6.552347183227539062e+00,4.136327266693115234e+00,8.435687065124511719e+00,6.883831024169921875e+00,6.760601043701171875e+00,1.170435333251953125e+01,5.335371971130371094e+00
4.432460784912109375e+00,4.605920791625976562e+00,-1.853010416030883789e+00,6.625013828277587891e+00,4.213104248046875000e+00,8.175387382507324219e+00,7.096923828125000000e+00,6.788195610046386719e+00,1.186414527893066406e+01,5.265434265136718750e+00
4.553976058959960938e+00,4.048205375671386719e+00,-1.649471044540405273e+00,6.600234031677246094e+00,4.159639835357666016e+00,8.479630470275878906e+00,6.896943092346191406e+00,6.743388175964355469e+00,1.164407730102539062e+01,5.367473125457763672e+00
4.416254043579101562e+00,4.435298919677734375e+00,-1.924297094345092773e+00,6.651590347290039062e+00,4.198155403137207031e+00,8.385220527648925781e+00,6.988586425781250000e+00,6.728716850280761719e+00,1.178598403930664062e+01,5.331836700439453125e+00
4.225448131561279297e+00,4.155683517456054688e+00,-2.185947179794311523e+00,6.293895721435546875e+00,4.164425849914550781e+00,9.057589530944824219e+00,6.639420986175537109e+00,7.403415679931640625e+00,1.164614868164062500e+01,5.403994083404541016e+00
4.462472438812255859e+00,4.093924999237060547e+00,-1.852322578430175781e+00,6.575067520141601562e+00,4.191718578338623047e+00,8.668648719787597656e+00,6.922536849975585938e+00,6.707154273986816406e+00,1.164875316619873047e+01,5.453221321105957031e+00
4.784644126892089844e+00,4.616379737854003906e+00,-1.644863128662109375e+00,6.580203056335449219e+00,4.161149501800537109e+00,7.712267875671386719e+00,7.255741119384765625e+00,6.870812416076660156e+00,1.194181823730468750e+01,5.190327167510986328e+00
4.816486358642578125e+00,5.024472236633300781e+00,-1.583043813705444336e+00,6.551176071166992188e+00,4.274240016937255859e+00,7.168294906616210938e+00,7.096644401550292969e+00,6.155509948730468750e+00,1.211087322235107422e+01,5.172020912170410156e+00
4.800226211547851562e+00,4.649188995361328125e+00,-1.607305049896240234e+00,6.580957412719726562e+00,4.167362213134765625e+00,7.643799781799316406e+00,7.302229881286621094e+00,6.807280540466308594e+00,1.196225547790527344e+01,5.176498413085937500e+00
4.562493324279785156e+00,4.442719459533691406e+00,-1.306305170059204102e+00,6.601518154144287109e+00,4.026303291320800781e+00,7.757591247558593750e+00,6.987214088439941406e+00,6.488516807556152344e+00,1.170445823669433594e+01,5.189534664154052734e+00
4.610018730163574219e+00,4.078596591949462891e+00,-1.162066936492919922e+00,6.638705253601074219e+00,3.958360910415649414e+00,7.633986473083496094e+00,6.895487308502197266e+00,6.634977340698242188e+00,1.145679092407226562e+01,5.288933753967285156e+00
4.695158481597900391e+00,4.932032585144042969e+00,-1.745392799377441406e+00,6.592880249023437500e+00,4.201675891876220703e+00,7.325292587280273438e+00,7.028367519378662109e+00,6.100346565246582031e+00,1.190854930877685547e+01,5.170269489288330078e+00
4.593294143676757812e+00,4.079358100891113281e+00,-1.124304890632629395e+00,6.581909179687500000e+00,3.920545816421508789e+00,7.585196495056152344e+00,6.858477592468261719e+00,6.622763633728027344e+00,1.142411994934082031e+01,5.270708084106445312e+00
4.603069305419921875e+00,4.315958976745605469e+00,-1.221041202545166016e+00,6.578712463378906250e+00,3.978456258773803711e+00,7.587725639343261719e+00,6.988616943359375000e+00,6.594179153442382812e+00,1.160934066772460938e+01,5.197680950164794922e+00
4.601271152496337891e+00,4.368775367736816406e+00,-1.256083250045776367e+00,6.604782104492187500e+00,4.043349742889404297e+00,7.859835624694824219e+00,6.911814689636230469e+00,6.585788726806640625e+00,1.168307876586914062e+01,5.225535392761230469e+00
4.611398696899414062e+00,4.031990528106689453e+00,-1.454157233238220215e+00,6.610660076141357422e+00,4.063408851623535156e+00,8.083210945129394531e+00,6.780004024505615234e+00,6.706470966339111328e+00,1.160879802703857422e+01,5.283885478973388672e+00
4.603401184082031250e+00,4.023813247680664062e+00,-1.150262594223022461e+00,6.549111366271972656e+00,3.870251178741455078e+00,7.373364448547363281e+00,6.918591499328613281e+00,6.541439056396484375e+00,1.135425758361816406e+01,5.216414451599121094e+00
4.620566368103027344e+00,3.987387895584106445e+00,-1.226843953132629395e+00,6.573668956756591797e+00,4.038665294647216797e+00,7.913973808288574219e+00,6.790378093719482422e+00,6.773404121398925781e+00,1.150647258758544922e+01,5.320457458496093750e+00
4.615555763244628906e+00,3.946693897247314453e+00,-1.101022720336914062e+00,6.583540916442871094e+00,3.919444561004638672e+00,7.689834594726562500e+00,6.789113521575927734e+00,6.647389411926269531e+00,1.136191749572753906e+01,5.325195312500000000e+00
4.565270900726318359e+00,4.311278343200683594e+00,-1.572233796119689941e+00,6.530385971069335938e+00,4.085568904876708984e+00,7.953830718994140625e+00,6.952238082885742188e+00,6.676460742950439453e+00,1.170371437072753906e+01,5.214111328125000000e+00
4.601810455322265625e+00,4.008783340454101562e+00,-1.285023689270019531e+00,6.574484825134277344e+00,4.057808399200439453e+00,8.106472969055175781e+00,6.728939056396484375e+00,6.786489486694335938e+00,1.154578971862792969e+01,5.341840267181396484e+00
4.621661186218261719e+00,3.964984178543090820e+00,-1.127347230911254883e+00,6.573663711547851562e+00,3.941446304321289062e+00,7.713790893554687500e+00,6.803040027618408203e+00,6.687373161315917969e+00,1.141197967529296875e+01,5.314037322998046875e+00
4.570436477661132812e+00,4.031594276428222656e+00,-1.647679686546325684e+00,6.536425590515136719e+00,4.094893455505371094e+00,8.475957870483398438e+00,6.762180805206298828e+00,6.714631080627441406e+00,1.164776229858398438e+01,5.348597526550292969e+00
4.672653675079345703e+00,3.788927316665649414e+00,-1.026268720626831055e+00,6.651088714599609375e+00,3.895945072174072266e+00,7.475113868713378906e+00,6.826712131500244141e+00,6.542642593383789062e+00,1.115864181518554688e+01,5.324840545654296875e+00
4.622292995452880859e+00,3.996663331985473633e+00,-1.175650477409362793e+00,6.572814941406250000e+00,3.968128919601440430e+00,7.652486801147460938e+00,6.853761196136474609e+00,6.682579040527343750e+00,1.143543243408203125e+01,5.281071662902832031e+00
4.548835277557373047e+00,4.057813644409179688e+00,-1.590160012245178223e+00,6.562557697296142578e+00,4.108767509460449219e+00,8.135114669799804688e+00,6.878362178802490234e+00,6.812573432922363281e+00,1.161580753326416016e+01,5.280462265014648438e+00
4.637942314147949219e+00,3.996741056442260742e+00,-1.676542878150939941e+00,6.391141414642333984e+00,3.961375236511230469e+00,7.211042404174804688e+00,7.279359340667724609e+00,7.057585239410400391e+00,1.169619083404541016e+01,5.033601284027099609e+00
4.666453361511230469e+00,4.002220153808593750e+00,-1.784911394119262695e+00,6.398370742797851562e+00,3.994977951049804688e+00,7.237451553344726562e+00,7.266680717468261719e+00,7.036621570587158203e+00,1.168768405914306641e+01,4.998168945312500000e+00
4.677530765533447266e+00,4.051356315612792969e+00,-1.812863588333129883e+00,6.475012302398681641e+00,4.102841854095458984e+00,6.950610160827636719e+00,7.178835868835449219e+00,6.754365921020507812e+00,1.134904098510742188e+01,5.072019577026367188e+00
4.636684894561767578e+00,3.997126579284667969e+00,-1.699600934982299805e+00,6.400784969329833984e+00,3.962998867034912109e+00,7.232249259948730469e+00,7.263732910156250000e+00,7.050529956817626953e+00,1.169315910339355469e+01,5.021533966064453125e+00
4.643609523773193359e+00,4.018177032470703125e+00,-1.708345413208007812e+00,6.381060123443603516e+00,3.975526809692382812e+00,7.224779129028320312e+00,7.280835628509521484e+00,7.069069385528564453e+00,1.170673561096191406e+01,5.046192169189453125e+00
4.645932197570800781e+00,4.029317378997802734e+00,-1.659608602523803711e+00,6.400221824645996094e+00,3.970420598983764648e+00,7.234450340270996094e+00,7.320445060729980469e+00,7.085960865020751953e+00,1.173322772979736328e+01,5.046155929565429688e+00
4.667973995208740234e+00,4.030664443969726562e+00,-1.698840379714965820e+00,6.400323867797851562e+00,3.996448278427124023e+00,7.245086669921875000e+00,7.315729618072509766e+00,7.067479133605957031e+00,1.172496128082275391e+01,5.034389495849609375e+00
4.635097503662109375e+00,4.037169933319091797e+00,-1.654749751091003418e+00,6.399440765380859375e+00,3.970176219940185547e+00,7.277119636535644531e+00,7.304911613464355469e+00,7.103588104248046875e+00,1.175301456451416016e+01,5.049610137939453125e+00
4.659079551696777344e+00,4.023987293243408203e+00,-1.688343286514282227e+00,6.414767742156982422e+00,3.984713077545166016e+00,7.269495964050292969e+00,7.296846866607666016e+00,7.070145606994628906e+00,1.173633003234863281e+01,5.027068138122558594e+00
4.637004852294921875e+00,4.032977581024169922e+00,-1.659531354904174805e+00,6.430710792541503906e+00,3.976145744323730469e+00,7.281520843505859375e+00,7.310706138610839844e+00,7.092285156250000000e+00,1.174490737915039062e+01,5.037811756134033203e+00
4.715954303741455078e+00,4.057565212249755859e+00,-1.801223754882812500e+00,6.454400062561035156e+00,4.081153392791748047e+00,7.258407592773437500e+00,7.405229091644287109e+00,7.052725791931152344e+00,1.174969100952148438e+01,4.990365505218505859e+00
4.676827430725097656e+00,4.030935287475585938e+00,-1.747709989547729492e+00,6.413955211639404297e+00,4.036787033081054688e+00,7.193625450134277344e+00,7.360485076904296875e+00,7.041195869445800781e+00,1.168809413909912109e+01,5.039546966552734375e+00
4.738190650939941406e+00,4.079338073730468750e+00,-1.802014946937561035e+00,6.473582267761230469e+00,4.099695682525634766e+00,7.296814918518066406e+00,7.430735111236572266e+00,7.066556930541992188e+00,1.178461551666259766e+01,4.983925819396972656e+00
4.735316276550292969e+00,4.064647197723388672e+00,-1.804564714431762695e+00,6.463686943054199219e+00,4.088983058929443359e+00,7.301497459411621094e+00,7.423440456390380859e+00,7.079920768737792969e+00,1.178261375427246094e+01,5.006546497344970703e+00
4.718239784240722656e+00,4.059932708740234375e+00,-1.755677938461303711e+00,6.443755149841308594e+00,4.074668407440185547e+00,7.258841514587402344e+00,7.419723033905029297e+00,7.073485374450683594e+00,1.176056861877441406e+01,5.031589508056640625e+00
4.733486175537109375e+00,4.049862861633300781e+00,-1.768707275390625000e+00,6.462449550628662109e+00,4.076579093933105469e+00,7.291850090026855469e+00,7.426982879638671875e+00,7.085948944091796875e+00,1.177943229675292969e+01,5.026552200317382812e+00
4.737395286560058594e+00,4.049505233764648438e+00,-1.820329785346984863e+00,6.482875823974609375e+00,4.082046031951904297e+00,7.295100212097167969e+00,7.407134056091308594e+00,7.054671764373779297e+00,1.176501846313476562e+01,4.976811408996582031e+00
4.737410545349121094e+00,4.066992759704589844e+00,-1.775049686431884766e+00,6.474258899688720703e+00,4.088628292083740234e+00,7.299295425415039062e+00,7.433858394622802734e+00,7.077288150787353516e+00,1.178346443176269531e+01,5.017092227935791016e+00
4.731246948242187500e+00,4.034090995788574219e+00,-1.776770591735839844e+00,6.462595939636230469e+00,4.067689418792724609e+00,7.287638664245605469e+00,7.414877414703369141e+00,7.082551002502441406e+00,1.177466201782226562e+01,5.023774147033691406e+00
4.723951339721679688e+00,4.070505142211914062e+00,-1.820368766784667969e+00,6.457858085632324219e+00,4.089056015014648438e+00,7.291966438293457031e+00,7.409603118896484375e+00,7.063274860382080078e+00,1.176989364624023438e+01,4.990536689758300781e+00
4.716270923614501953e+00,4.036629676818847656e+00,-1.841928958892822266e+00,6.461728096008300781e+00,4.070300102233886719e+00,7.307487487792968750e+00,7.393613815307617188e+00,7.074484348297119141e+00,1.176094436645507812e+01,4.985777854919433594e+00
4.681829452514648438e+00,4.028031349182128906e+00,-1.696568250656127930e+00,6.446349143981933594e+00,4.018247127532958984e+00,7.265971183776855469e+00,7.396067619323730469e+00,7.107337951660156250e+00,1.176263809204101562e+01,5.056995391845703125e+00
4.724175930023193359e+00,4.024230480194091797e+00,-1.841578245162963867e+00,6.465846061706542969e+00,4.069330215454101562e+00,7.299077987670898438e+00,7.400458335876464844e+00,7.071278572082519531e+00,1.175701999664306641e+01,4.993640422821044922e+00
4.691802024841308594e+00,4.024679183959960938e+00,-1.727982759475708008e+00,6.421221733093261719e+00,4.024944305419921875e+00,7.251824378967285156e+00,7.385859966278076172e+00,7.100098609924316406e+00,1.175158405303955078e+01,5.049435615539550781e+00
4.704872608184814453e+00,4.008666992187500000e+00,-1.747392535209655762e+00,6.450939178466796875e+00,4.031846523284912109e+00,7.269733428955078125e+00,7.392945289611816406e+00,7.082881927490234375e+00,1.175135803222656250e+01,5.017879009246826172e+00
4.702361106872558594e+00,4.011245250701904297e+00,-1.780829906463623047e+00,6.438057422637939453e+00,4.041325092315673828e+00,7.260039329528808594e+00,7.387676715850830078e+00,7.082485675811767578e+00,1.174149608612060547e+01,5.019908905029296875e+00
4.705924510955810547e+00,4.019050121307373047e+00,-1.742904663085937500e+00,6.433647155761718750e+00,4.035786151885986328e+00,7.250529289245605469e+00,7.391791343688964844e+00,7.085460186004638672e+00,1.174897003173828125e+01,5.037511825561523438e+00
4.675121307373046875e+00,4.020678520202636719e+00,-1.733754515647888184e+00,6.408868789672851562e+00,4.008185863494873047e+00,7.228671073913574219e+00,7.360111236572265625e+00,7.081599235534667969e+00,1.172285079956054688e+01,5.051849842071533203e+00
4.682756423950195312e+00,4.026545524597167969e+00,-1.711179256439208984e+00,6.411468505859375000e+00,4.011631965637207031e+00,7.228707313537597656e+00,7.384888172149658203e+00,7.096956253051757812e+00,1.174126434326171875e+01,5.060882568359375000e+00
4.669187068939208984e+00,4.013481140136718750e+00,-1.743344545364379883e+00,6.403062820434570312e+00,4.002277851104736328e+00,7.233032226562500000e+00,7.348659038543701172e+00,7.081527709960937500e+00,1.172293472290039062e+01,5.039484977722167969e+00
4.626687049865722656e+00,4.186487197875976562e+00,-1.248822093009948730e+00,6.601284503936767578e+00,4.072498798370361328e+00,7.977233886718750000e+00,6.834958553314208984e+00,6.694857120513916016e+00,1.159429168701171875e+01,5.250549793243408203e+00
4.598038673400878906e+00,4.663403511047363281e+00,-1.396394371986389160e+00,6.547832965850830078e+00,4.070757865905761719e+00,7.705035209655761719e+00,7.090442657470703125e+00,6.444997310638427734e+00,1.180425930023193359e+01,5.098311424255371094e+00
4.611086368560791016e+00,4.214651107788085938e+00,-1.265923023223876953e+00,6.627958774566650391e+00,4.108729839324951172e+00,8.050342559814453125e+00,6.829103469848632812e+00,6.706696987152099609e+00,1.165050125122070312e+01,5.264928817749023438e+00
4.573417663574218750e+00,4.279745101928710938e+00,-1.454209089279174805e+00,6.638294219970703125e+00,4.153481960296630859e+00,8.287157058715820312e+00,6.860042095184326172e+00,6.579925537109375000e+00,1.170687007904052734e+01,5.261049270629882812e+00
4.622505187988281250e+00,4.001610755920410156e+00,-1.155124306678771973e+00,6.664161682128906250e+00,4.082556724548339844e+00,8.056692123413085938e+00,6.763853549957275391e+00,6.671229839324951172e+00,1.142792892456054688e+01,5.333713531494140625e+00
4.621582031250000000e+00,4.086079597473144531e+00,-1.212167501449584961e+00,6.680676460266113281e+00,4.093430042266845703e+00,7.959289550781250000e+00,6.858232975006103516e+00,6.649717807769775391e+00,1.148177719116210938e+01,5.282522201538085938e+00
4.603910923004150391e+00,4.405337333679199219e+00,-1.408953666687011719e+00,6.653952121734619141e+00,4.132060050964355469e+00,7.997825622558593750e+00,6.965241432189941406e+00,6.590878486633300781e+00,1.176093196868896484e+01,5.164562225341796875e+00
4.656393051147460938e+00,3.503000736236572266e+00,-1.022133827209472656e+00,6.750358581542968750e+00,4.151696681976318359e+00,8.830851554870605469e+00,6.513887405395507812e+00,6.667118072509765625e+00,1.127450180053710938e+01,5.556303977966308594e+00
4.609967708587646484e+00,4.000317573547363281e+00,-1.232606530189514160e+00,6.789339065551757812e+00,4.174862861633300781e+00,8.147531509399414062e+00,6.816375732421875000e+00,6.576446533203125000e+00,1.144922256469726562e+01,5.322384834289550781e+00
4.683549880981445312e+00,3.825931072235107422e+00,-9.897298812866210938e-01,6.771554946899414062e+00,4.046707630157470703e+00,7.970722198486328125e+00,6.691963195800781250e+00,6.614905834197998047e+00,1.115636444091796875e+01,5.461821079254150391e+00
4.752808094024658203e+00,4.135227203369140625e+00,-1.609328508377075195e+00,6.457962036132812500e+00,4.055201053619384766e+00,7.189116477966308594e+00,7.416883468627929688e+00,6.936050415039062500e+00,1.175346088409423828e+01,5.033472061157226562e+00
4.732539176940917969e+00,4.074637889862060547e+00,-1.640488386154174805e+00,6.438659667968750000e+00,4.051174163818359375e+00,7.158242225646972656e+00,7.403038024902343750e+00,6.987784385681152344e+00,1.172375488281250000e+01,5.031343460083007812e+00
4.728095054626464844e+00,4.553431034088134766e+00,-1.508500695228576660e+00,6.443309783935546875e+00,4.062972068786621094e+00,7.456977844238281250e+00,7.292243957519531250e+00,6.640179634094238281e+00,1.191074371337890625e+01,5.108425140380859375e+00
4.747085094451904297e+00,4.167989730834960938e+00,-1.635643720626831055e+00,6.461089134216308594e+00,4.071534156799316406e+00,7.216769218444824219e+00,7.415270328521728516e+00,6.931170463562011719e+00,1.175899887084960938e+01,5.027338504791259766e+00
4.710298538208007812e+00,4.061715126037597656e+00,-1.683881521224975586e+00,6.436969757080078125e+00,4.052960872650146484e+00,7.171155929565429688e+00,7.394001960754394531e+00,6.997428894042968750e+00,1.170207881927490234e+01,5.032504081726074219e+00
4.645222663879394531e+00,4.150927066802978516e+00,-1.344774365425109863e+00,6.534835815429687500e+00,4.000847816467285156e+00,7.492710113525390625e+00,7.065442562103271484e+00,6.652598381042480469e+00,1.159101390838623047e+01,5.146838188171386719e+00
4.556532382965087891e+00,3.919220924377441406e+00,-1.261753201484680176e+00,6.520963191986083984e+00,3.889344215393066406e+00,7.181314468383789062e+00,7.185114860534667969e+00,6.600120544433593750e+00,1.155955696105957031e+01,5.115276336669921875e+00
4.709828376770019531e+00,4.155332565307617188e+00,-1.472418427467346191e+00,6.429321289062500000e+00,3.994268178939819336e+00,7.177835464477539062e+00,7.306846141815185547e+00,6.753742218017578125e+00,1.167956733703613281e+01,5.051867485046386719e+00
4.736633300781250000e+00,4.101218223571777344e+00,-1.731797695159912109e+00,6.446954250335693359e+00,4.073856830596923828e+00,7.222668647766113281e+00,7.380958080291748047e+00,7.004327774047851562e+00,1.173920631408691406e+01,4.998456954956054688e+00
4.662033081054687500e+00,4.437577247619628906e+00,-1.534296989440917969e+00,6.449127674102783203e+00,4.056207656860351562e+00,7.464178085327148438e+00,7.108212471008300781e+00,6.709773540496826172e+00,1.171470355987548828e+01,5.123121261596679688e+00
4.694030761718750000e+00,4.020111083984375000e+00,-1.813637018203735352e+00,6.396326541900634766e+00,4.014200210571289062e+00,7.229107856750488281e+00,7.286244392395019531e+00,7.011322975158691406e+00,1.168574810028076172e+01,4.960668563842773438e+00
4.689872264862060547e+00,4.020698547363281250e+00,-1.802573204040527344e+00,6.392325401306152344e+00,4.009593009948730469e+00,7.230561256408691406e+00,7.288476943969726562e+00,7.022516250610351562e+00,1.168828010559082031e+01,4.970694065093994141e+00
4.681962490081787109e+00,4.022970199584960938e+00,-1.778943657875061035e+00,6.358438014984130859e+00,3.984266281127929688e+00,7.192393302917480469e+00,7.247458934783935547e+00,6.996840953826904297e+00,1.165714645385742188e+01,4.968502521514892578e+00
4.556242942810058594e+00,3.857494592666625977e+00,-1.596551060676574707e+00,6.339610576629638672e+00,3.966950654983520508e+00,6.565232276916503906e+00,7.318942546844482422e+00,6.652241230010986328e+00,1.121662902832031250e+01,4.974678516387939453e+00
4.611649513244628906e+00,3.929397821426391602e+00,-1.795142650604248047e+00,6.316752433776855469e+00,3.974346160888671875e+00,7.026157379150390625e+00,7.220014095306396484e+00,6.892144680023193359e+00,1.149333953857421875e+01,4.929295539855957031e+00
4.672035694122314453e+00,4.012129783630371094e+00,-1.756742119789123535e+00,6.402584552764892578e+00,4.017130374908447266e+00,7.194595336914062500e+00,7.317618370056152344e+00,7.024280548095703125e+00,1.166822528839111328e+01,5.004074096679687500e+00
4.530228137969970703e+00,3.831413269042968750e+00,-1.578863620758056641e+00,6.375523567199707031e+00,3.929100513458251953e+00,6.575047492980957031e+00,7.352454185485839844e+00,6.622201919555664062e+00,1.123601341247558594e+01,4.999334335327148438e+00
4.584245681762695312e+00,3.884649991989135742e+00,-1.772603511810302734e+00,6.319430351257324219e+00,3.994615316390991211e+00,6.856336593627929688e+00,7.230861663818359375e+00,6.815963745117187500e+00,1.137552642822265625e+01,4.932884693145751953e+00
4.649924278259277344e+00,4.025944709777832031e+00,-1.720675468444824219e+00,6.379211902618408203e+00,3.974658966064453125e+00,7.219991683959960938e+00,7.270942211151123047e+00,7.043274879455566406e+00,1.168122482299804688e+01,5.022369384765625000e+00
4.576089382171630859e+00,3.866498470306396484e+00,-1.726270437240600586e+00,6.314118385314941406e+00,3.923196792602539062e+00,6.868580818176269531e+00,7.244397163391113281e+00,6.806590080261230469e+00,1.140044498443603516e+01,4.949712276458740234e+00
4.620120048522949219e+00,4.099011898040771484e+00,-1.578795075416564941e+00,6.433073997497558594e+00,3.977177143096923828e+00,7.328651428222656250e+00,7.387605667114257812e+00,7.177051544189453125e+00,1.182317829132080078e+01,5.104496002197265625e+00
4.635822296142578125e+00,4.085130691528320312e+00,-1.602264404296875000e+00,6.429077148437500000e+00,3.979311227798461914e+00,7.295772552490234375e+00,7.350719928741455078e+00,7.141443252563476562e+00,1.179425621032714844e+01,5.065498828887939453e+00
4.633751869201660156e+00,4.075201988220214844e+00,-1.612754106521606445e+00,6.437491416931152344e+00,3.984204292297363281e+00,7.295860290527343750e+00,7.350375652313232422e+00,7.130386829376220703e+00,1.178489780426025391e+01,5.069874763488769531e+00
4.647960662841796875e+00,4.083113670349121094e+00,-1.606293797492980957e+00,6.418019294738769531e+00,3.980609178543090820e+00,7.284988403320312500e+00,7.356458663940429688e+00,7.137446403503417969e+00,1.179386711120605469e+01,5.064005851745605469e+00
4.630890846252441406e+00,4.080760002136230469e+00,-1.606717586517333984e+00,6.439575195312500000e+00,3.984182357788085938e+00,7.301034927368164062e+00,7.358053684234619141e+00,7.141813755035400391e+00,1.179160785675048828e+01,5.076115608215332031e+00
4.628667354583740234e+00,4.070531845092773438e+00,-1.627335786819458008e+00,6.438758850097656250e+00,3.986350297927856445e+00,7.284612655639648438e+00,7.337655067443847656e+00,7.112538814544677734e+00,1.176617813110351562e+01,5.067909240722656250e+00
4.627844810485839844e+00,4.072094440460205078e+00,-1.610610723495483398e+00,6.430309772491455078e+00,3.978786706924438477e+00,7.282819747924804688e+00,7.356463432312011719e+00,7.139715194702148438e+00,1.178329467773437500e+01,5.076867103576660156e+00
4.630341053009033203e+00,4.059545516967773438e+00,-1.615475654602050781e+00,6.417088508605957031e+00,3.968333959579467773e+00,7.265373229980468750e+00,7.334002971649169922e+00,7.122340202331542969e+00,1.176529121398925781e+01,5.057942390441894531e+00
4.620045185089111328e+00,4.063057899475097656e+00,-1.606966495513916016e+00,6.414201259613037109e+00,3.973088264465332031e+00,7.287364006042480469e+00,7.347553253173828125e+00,7.145705223083496094e+00,1.177442359924316406e+01,5.078430652618408203e+00
4.609572410583496094e+00,4.054053306579589844e+00,-1.594767928123474121e+00,6.428785324096679688e+00,3.964457511901855469e+00,7.263691902160644531e+00,7.354212760925292969e+00,7.139958858489990234e+00,1.176142883300781250e+01,5.078074455261230469e+00
4.301354408264160156e+00,4.773304939270019531e+00,-2.509153366088867188e+00,7.528947830200195312e+00,3.768547296524047852e+00,6.147954463958740234e+00,7.790913105010986328e+00,4.682965755462646484e+00,9.761308670043945312e+00,4.991401672363281250e+00
4.315779685974121094e+00,4.768149375915527344e+00,-2.586892127990722656e+00,7.552124977111816406e+00,3.752740621566772461e+00,6.117009162902832031e+00,7.806999206542968750e+00,4.666234970092773438e+00,9.727075576782226562e+00,4.968479156494140625e+00
4.321041107177734375e+00,4.843158245086669922e+00,-2.351312637329101562e+00,6.943012237548828125e+00,4.421809673309326172e+00,6.681423664093017578e+00,7.145478725433349609e+00,5.288065910339355469e+00,1.083965873718261719e+01,5.157993793487548828e+00
4.335204601287841797e+00,4.132689476013183594e+00,-1.734555959701538086e+00,6.600419998168945312e+00,4.192737102508544922e+00,7.139136314392089844e+00,7.403951168060302734e+00,6.405913829803466797e+00,1.139443588256835938e+01,5.125388622283935547e+00
4.730404376983642578e+00,4.101813316345214844e+00,-1.707665443420410156e+00,6.509829998016357422e+00,4.083372116088867188e+00,7.353511810302734375e+00,7.451642990112304688e+00,7.115808486938476562e+00,1.184228610992431641e+01,5.040860176086425781e+00
4.706221103668212891e+00,4.046048641204833984e+00,-1.704797625541687012e+00,6.456298351287841797e+00,4.035238265991210938e+00,7.297130584716796875e+00,7.392877101898193359e+00,7.103449821472167969e+00,1.178872394561767578e+01,5.033290386199951172e+00
4.702591419219970703e+00,4.043131828308105469e+00,-1.709072589874267578e+00,6.450948715209960938e+00,4.031847000122070312e+00,7.292668342590332031e+00,7.384603023529052734e+00,7.098279953002929688e+00,1.178170013427734375e+01,5.032609939575195312e+00
4.679968833923339844e+00,4.036502838134765625e+00,-1.682129859924316406e+00,6.453502655029296875e+00,4.016376495361328125e+00,7.289072990417480469e+00,7.378572463989257812e+00,7.108392715454101562e+00,1.178277587890625000e+01,5.043413162231445312e+00
4.701020240783691406e+00,4.044544219970703125e+00,-1.691814661026000977e+00,6.445496559143066406e+00,4.027611732482910156e+00,7.288492202758789062e+00,7.388796806335449219e+00,7.103981018066406250e+00,1.178540420532226562e+01,5.038082599639892578e+00
4.704069137573242188e+00,4.046088218688964844e+00,-1.694076418876647949e+00,6.439422130584716797e+00,4.030577182769775391e+00,7.286548614501953125e+00,7.386866569519042969e+00,7.099478244781494141e+00,1.178234863281250000e+01,5.039870738983154297e+00
4.644041538238525391e+00,4.297348976135253906e+00,-1.368060469627380371e+00,6.391113281250000000e+00,3.899650335311889648e+00,6.890704154968261719e+00,7.223116874694824219e+00,6.391258239746093750e+00,1.150388526916503906e+01,5.015158653259277344e+00
4.626768112182617188e+00,4.346303462982177734e+00,-1.328628659248352051e+00,6.430591583251953125e+00,3.908421754837036133e+00,6.948642730712890625e+00,7.210120201110839844e+00,6.336610794067382812e+00,1.148957252502441406e+01,5.029915809631347656e+00
4.650144577026367188e+00,4.013889312744140625e+00,-1.229656338691711426e+00,6.540626525878906250e+00,3.951865911483764648e+00,6.727173805236816406e+00,7.193756580352783203e+00,6.397275924682617188e+00,1.113264465332031250e+01,5.039278507232666016e+00
4.651469707489013672e+00,3.956511259078979492e+00,-1.204422235488891602e+00,6.623086929321289062e+00,3.965248107910156250e+00,6.847313404083251953e+00,7.182885646820068359e+00,6.378956794738769531e+00,1.108151340484619141e+01,5.073803901672363281e+00
4.573713302612304688e+00,4.306249618530273438e+00,-1.228394985198974609e+00,6.506568908691406250e+00,3.902731418609619141e+00,7.326242446899414062e+00,7.098379611968994141e+00,6.469337940216064453e+00,1.153688240051269531e+01,5.109474182128906250e+00
4.678643703460693359e+00,3.963501930236816406e+00,-1.206519961357116699e+00,6.649190425872802734e+00,3.993143081665039062e+00,6.812105178833007812e+00,7.211852550506591797e+00,6.358777046203613281e+00,1.104647159576416016e+01,5.077647209167480469e+00
4.670284271240234375e+00,3.880933523178100586e+00,-1.174110651016235352e+00,6.628650188446044922e+00,3.963990926742553711e+00,6.759643554687500000e+00,7.187790870666503906e+00,6.369861602783203125e+00,1.100870132446289062e+01,5.059581756591796875e+00
4.691538810729980469e+00,3.966540575027465820e+00,-1.339811801910400391e+00,6.586785316467285156e+00,3.907036781311035156e+00,6.765942573547363281e+00,7.166182041168212891e+00,6.276587486267089844e+00,1.106192779541015625e+01,5.072016716003417969e+00
4.611032962799072266e+00,4.073760509490966797e+00,-1.167835950851440430e+00,6.579589366912841797e+00,3.921909332275390625e+00,7.054369926452636719e+00,7.112433433532714844e+00,6.430271148681640625e+00,1.123279953002929688e+01,5.099517822265625000e+00
4.655122756958007812e+00,4.278872489929199219e+00,-1.269780755043029785e+00,6.371442317962646484e+00,3.918324232101440430e+00,6.768404960632324219e+00,7.274415016174316406e+00,6.437345027923583984e+00,1.147541618347167969e+01,5.001038074493408203e+00
4.692027091979980469e+00,4.436755180358886719e+00,-1.312513351440429688e+00,6.402359485626220703e+00,3.932666063308715820e+00,6.954305648803710938e+00,7.294241428375244141e+00,6.450903892517089844e+00,1.164625358581542969e+01,5.021532535552978516e+00
4.731293678283691406e+00,4.636462211608886719e+00,-1.303491234779357910e+00,6.467827796936035156e+00,4.015629291534423828e+00,7.064024925231933594e+00,7.265274524688720703e+00,6.437397956848144531e+00,1.174885940551757812e+01,5.062781810760498047e+00
4.691170215606689453e+00,4.380544662475585938e+00,-1.362108588218688965e+00,6.414899826049804688e+00,3.940520763397216797e+00,6.949244499206542969e+00,7.324800968170166016e+00,6.460837364196777344e+00,1.163838768005371094e+01,5.019024848937988281e+00
4.690743446350097656e+00,4.457413673400878906e+00,-1.214361190795898438e+00,6.338819503784179688e+00,3.871715307235717773e+00,6.890963077545166016e+00,7.174919605255126953e+00,6.401870250701904297e+00,1.156302356719970703e+01,5.047579765319824219e+00
4.644173622131347656e+00,3.921993970870971680e+00,-1.187768816947937012e+00,6.475265502929687500e+00,3.878507137298583984e+00,6.464618682861328125e+00,7.064918518066406250e+00,6.552088737487792969e+00,1.106078910827636719e+01,5.080463409423828125e+00
4.630029678344726562e+00,4.157130241394042969e+00,-1.046335339546203613e+00,6.612737655639648438e+00,3.868160963058471680e+00,7.251877784729003906e+00,6.837882995605468750e+00,6.463059902191162109e+00,1.125775623321533203e+01,5.262446403503417969e+00
4.695345878601074219e+00,4.521153926849365234e+00,-1.280988931655883789e+00,6.356299877166748047e+00,3.883705139160156250e+00,6.974553108215332031e+00,7.162105560302734375e+00,6.407567977905273438e+00,1.164505481719970703e+01,5.052390575408935547e+00
4.691758155822753906e+00,4.349382877349853516e+00,-1.324596524238586426e+00,6.358921051025390625e+00,3.927719831466674805e+00,6.794443130493164062e+00,7.298909187316894531e+00,6.469785690307617188e+00,1.159739494323730469e+01,5.008457183837890625e+00
4.669745922088623047e+00,4.286460399627685547e+00,-1.184409141540527344e+00,6.403794288635253906e+00,3.850494623184204102e+00,6.836873054504394531e+00,7.061134815216064453e+00,6.417349338531494141e+00,1.138000106811523438e+01,5.093227386474609375e+00
4.638355731964111328e+00,4.281094551086425781e+00,-1.263617992401123047e+00,6.369716167449951172e+00,3.868708372116088867e+00,6.808448314666748047e+00,7.282533645629882812e+00,6.394755840301513672e+00,1.149132442474365234e+01,5.017098426818847656e+00
4.688862800598144531e+00,4.024443626403808594e+00,-1.701268672943115234e+00,6.450456619262695312e+00,4.019297599792480469e+00,7.275942802429199219e+00,7.376648902893066406e+00,7.092690467834472656e+00,1.176299476623535156e+01,5.038261890411376953e+00
4.636313915252685547e+00,4.010157585144042969e+00,-1.647560715675354004e+00,6.376256942749023438e+00,3.963427066802978516e+00,7.151951789855957031e+00,7.327489852905273438e+00,7.027184963226318359e+00,1.167729187011718750e+01,5.064883232116699219e+00
4.558578491210937500e+00,3.906858444213867188e+00,-1.623129606246948242e+00,6.367897033691406250e+00,4.029096603393554688e+00,6.882270812988281250e+00,7.360777378082275391e+00,6.788142204284667969e+00,1.137137794494628906e+01,5.046944618225097656e+00
4.706873416900634766e+00,4.049955368041992188e+00,-1.704959273338317871e+00,6.471294403076171875e+00,4.052238941192626953e+00,7.304621696472167969e+00,7.414544582366943359e+00,7.107075214385986328e+00,1.178670406341552734e+01,5.048822879791259766e+00
4.677679538726806641e+00,4.046404838562011719e+00,-1.673690080642700195e+00,6.413651466369628906e+00,4.021701812744140625e+00,7.228360176086425781e+00,7.404004096984863281e+00,7.082179069519042969e+00,1.174020385742187500e+01,5.071746826171875000e+00
4.700932025909423828e+00,4.044795036315917969e+00,-1.700821638107299805e+00,6.439012527465820312e+00,4.045206069946289062e+00,7.262388229370117188e+00,7.400400161743164062e+00,7.083215713500976562e+00,1.175127410888671875e+01,5.045831203460693359e+00
4.676613807678222656e+00,4.005187034606933594e+00,-1.654711484909057617e+00,6.402793884277343750e+00,4.026706695556640625e+00,7.128693580627441406e+00,7.439386367797851562e+00,7.041158199310302734e+00,1.169450187683105469e+01,5.065848350524902344e+00
4.664656162261962891e+00,4.037710666656494141e+00,-1.656706213951110840e+00,6.389335632324218750e+00,3.988604545593261719e+00,7.165062904357910156e+00,7.372022628784179688e+00,7.043509006500244141e+00,1.170532798767089844e+01,5.083201408386230469e+00
4.705544948577880859e+00,4.047261238098144531e+00,-1.733223199844360352e+00,6.455378532409667969e+00,4.064663410186767578e+00,7.278101921081542969e+00,7.420592308044433594e+00,7.093800067901611328e+00,1.176354217529296875e+01,5.046652793884277344e+00
4.706657409667968750e+00,4.037926197052001953e+00,-1.714688420295715332e+00,6.460742950439453125e+00,4.053560256958007812e+00,7.286055564880371094e+00,7.422224044799804688e+00,7.104060173034667969e+00,1.177561187744140625e+01,5.044648647308349609e+00
4.625159263610839844e+00,3.979250431060791016e+00,-1.615038871765136719e+00,6.429753303527832031e+00,3.938968896865844727e+00,7.188179016113281250e+00,7.276823997497558594e+00,7.055614471435546875e+00,1.170185852050781250e+01,5.041312694549560547e+00
4.619206428527832031e+00,3.934762954711914062e+00,-1.658465504646301270e+00,6.407085418701171875e+00,3.932317018508911133e+00,7.122475624084472656e+00,7.269001483917236328e+00,7.029061794281005859e+00,1.165365982055664062e+01,5.030154228210449219e+00
4.626418113708496094e+00,3.953425407409667969e+00,-1.628944158554077148e+00,6.424859523773193359e+00,3.933480739593505859e+00,7.149628639221191406e+00,7.244546890258789062e+00,7.010575771331787109e+00,1.165708160400390625e+01,5.037506103515625000e+00
4.607072830200195312e+00,3.921595096588134766e+00,-1.681708693504333496e+00,6.378001689910888672e+00,3.924581050872802734e+00,7.093116760253906250e+00,7.231119155883789062e+00,6.997398376464843750e+00,1.160575389862060547e+01,5.027529716491699219e+00
4.624236106872558594e+00,3.957283020019531250e+00,-1.654052972793579102e+00,6.413358688354492188e+00,3.939476013183593750e+00,7.162299156188964844e+00,7.271775245666503906e+00,7.046109199523925781e+00,1.168063354492187500e+01,5.027731418609619141e+00
4.596707820892333984e+00,3.917159080505371094e+00,-1.652450442314147949e+00,6.378031730651855469e+00,3.910068035125732422e+00,7.094473838806152344e+00,7.228723526000976562e+00,6.989467620849609375e+00,1.159889602661132812e+01,5.033667564392089844e+00
4.621295928955078125e+00,3.961913108825683594e+00,-1.708671689033508301e+00,6.390521049499511719e+00,3.947864532470703125e+00,7.163473129272460938e+00,7.249820709228515625e+00,7.028624057769775391e+00,1.164228630065917969e+01,5.024709701538085938e+00
4.581151962280273438e+00,3.872877359390258789e+00,-1.671556830406188965e+00,6.368669509887695312e+00,3.949211835861206055e+00,6.731961727142333984e+00,7.283002853393554688e+00,6.700489997863769531e+00,1.129468250274658203e+01,4.999653816223144531e+00
4.659810543060302734e+00,3.182290315628051758e+00,-1.823072910308837891e+00,7.085865974426269531e+00,4.285780429840087891e+00,7.852713584899902344e+00,6.807812690734863281e+00,5.870191574096679688e+00,1.034678077697753906e+01,5.492952823638916016e+00
4.710223674774169922e+00,3.169016838073730469e+00,-1.802011013031005859e+00,7.123233795166015625e+00,4.277556896209716797e+00,7.983315467834472656e+00,6.716386318206787109e+00,5.851161956787109375e+00,1.033473205566406250e+01,5.545112133026123047e+00
4.640447616577148438e+00,3.937005043029785156e+00,-1.207207679748535156e+00,6.536192417144775391e+00,3.876643896102905273e+00,6.416584014892578125e+00,7.242844104766845703e+00,6.333085060119628906e+00,1.098785972595214844e+01,5.043568611145019531e+00
4.694167613983154297e+00,4.518445968627929688e+00,-1.295567154884338379e+00,6.415109634399414062e+00,3.929581403732299805e+00,7.050233840942382812e+00,7.272884845733642578e+00,6.421348571777343750e+00,1.169317436218261719e+01,5.051045417785644531e+00
4.645328044891357422e+00,4.278397560119628906e+00,-1.232581019401550293e+00,6.399876594543457031e+00,3.894775629043579102e+00,6.907192230224609375e+00,7.257759094238281250e+00,6.450996398925781250e+00,1.151774215698242188e+01,5.024500846862792969e+00
4.680008888244628906e+00,4.513229370117187500e+00,-1.235148191452026367e+00,6.386153697967529297e+00,3.896289348602294922e+00,6.944374561309814453e+00,7.228346347808837891e+00,6.339435577392578125e+00,1.162231731414794922e+01,5.062788009643554688e+00
4.711820125579833984e+00,4.688213825225830078e+00,-1.322677373886108398e+00,6.434394836425781250e+00,3.955952644348144531e+00,7.212846755981445312e+00,7.156508445739746094e+00,6.403490543365478516e+00,1.178782272338867188e+01,5.105450630187988281e+00
4.626963615417480469e+00,4.263231277465820312e+00,-1.207435250282287598e+00,6.450104713439941406e+00,3.888195991516113281e+00,7.055329322814941406e+00,7.182106018066406250e+00,6.489545822143554688e+00,1.150138664245605469e+01,5.052865982055664062e+00
4.640027046203613281e+00,4.156399250030517578e+00,-1.117674231529235840e+00,6.571991443634033203e+00,3.901573896408081055e+00,7.122859954833984375e+00,6.975760459899902344e+00,6.479798316955566406e+00,1.128270339965820312e+01,5.157716751098632812e+00
4.651183128356933594e+00,4.358357906341552734e+00,-1.265297412872314453e+00,6.418085098266601562e+00,3.921111583709716797e+00,7.103018760681152344e+00,7.192336559295654297e+00,6.523751258850097656e+00,1.160478973388671875e+01,5.031932830810546875e+00
4.607321739196777344e+00,4.200578212738037109e+00,-1.201750159263610840e+00,6.503222465515136719e+00,3.892957925796508789e+00,7.275694847106933594e+00,7.034478187561035156e+00,6.544624328613281250e+00,1.145931243896484375e+01,5.094931602478027344e+00
4.631683826446533203e+00,4.337316036224365234e+00,-1.209034919738769531e+00,6.471495628356933594e+00,3.914016485214233398e+00,7.195381164550781250e+00,7.137205123901367188e+00,6.526555061340332031e+00,1.155687904357910156e+01,5.076999664306640625e+00
4.771703720092773438e+00,4.965942382812500000e+00,-1.454295039176940918e+00,6.503615379333496094e+00,4.213871955871582031e+00,7.051935195922851562e+00,7.001698017120361328e+00,6.158423900604248047e+00,1.195062065124511719e+01,5.141932487487792969e+00
4.778307437896728516e+00,4.831650733947753906e+00,-1.533746838569641113e+00,6.477262496948242188e+00,4.220405578613281250e+00,7.051211357116699219e+00,7.124605178833007812e+00,6.374833106994628906e+00,1.199157142639160156e+01,5.136126041412353516e+00
4.609490394592285156e+00,4.853600025177001953e+00,-1.825421810150146484e+00,6.623869895935058594e+00,4.280941009521484375e+00,7.276708602905273438e+00,6.957873821258544922e+00,6.185606956481933594e+00,1.177552604675292969e+01,5.181659698486328125e+00
4.732376098632812500e+00,4.505833625793457031e+00,-1.552103281021118164e+00,6.457514762878417969e+00,4.055917739868164062e+00,7.333151817321777344e+00,7.373679637908935547e+00,6.560189723968505859e+00,1.184220409393310547e+01,5.125491142272949219e+00
4.757469177246093750e+00,4.127965927124023438e+00,-1.750689268112182617e+00,6.465557098388671875e+00,4.100780487060546875e+00,7.244261741638183594e+00,7.411020278930664062e+00,6.992033004760742188e+00,1.176164627075195312e+01,4.990436553955078125e+00
4.729990005493164062e+00,4.484919071197509766e+00,-1.573700428009033203e+00,6.456438064575195312e+00,4.050064086914062500e+00,7.266318321228027344e+00,7.351400375366210938e+00,6.555051803588867188e+00,1.180066871643066406e+01,5.108471870422363281e+00
4.681544303894042969e+00,4.023812294006347656e+00,-1.779955387115478516e+00,6.416526794433593750e+00,4.036439418792724609e+00,7.210067749023437500e+00,7.339571475982666016e+00,7.022480964660644531e+00,1.168532752990722656e+01,4.997655391693115234e+00
4.776133537292480469e+00,4.714811801910400391e+00,-1.476882696151733398e+00,6.436347484588623047e+00,4.123820304870605469e+00,7.063599586486816406e+00,7.178356647491455078e+00,6.314807891845703125e+00,1.192194747924804688e+01,5.094870567321777344e+00
4.714645385742187500e+00,4.048152446746826172e+00,-1.759104490280151367e+00,6.459783554077148438e+00,4.064875602722167969e+00,7.273485183715820312e+00,7.397779941558837891e+00,7.067120075225830078e+00,1.174977874755859375e+01,5.021291732788085938e+00
4.717883586883544922e+00,4.436587333679199219e+00,-1.472038507461547852e+00,6.489498615264892578e+00,4.060345172882080078e+00,7.268140792846679688e+00,7.209465026855468750e+00,6.565750122070312500e+00,1.170817756652832031e+01,5.092185974121093750e+00
4.793066024780273438e+00,3.664632320404052734e+00,-8.583865165710449219e-01,6.919268608093261719e+00,4.043851375579833984e+00,7.745074272155761719e+00,6.745363712310791016e+00,6.385348320007324219e+00,1.081068992614746094e+01,5.521944522857666016e+00
4.779015064239501953e+00,3.464164257049560547e+00,-8.463959097862243652e-01,6.990614891052246094e+00,4.149269104003906250e+00,7.972091674804687500e+00,6.600866794586181641e+00,6.241715908050537109e+00,1.061719131469726562e+01,5.633483409881591797e+00
4.683071136474609375e+00,3.408010005950927734e+00,-1.058545112609863281e+00,7.096137046813964844e+00,4.182179450988769531e+00,7.856667518615722656e+00,6.711832523345947266e+00,5.762307167053222656e+00,1.046749114990234375e+01,5.624777793884277344e+00
4.730366706848144531e+00,3.370203495025634766e+00,-1.008880853652954102e+00,7.088961601257324219e+00,4.193984508514404297e+00,7.953150749206542969e+00,6.631421089172363281e+00,5.947441101074218750e+00,1.049865055084228516e+01,5.646423816680908203e+00
4.704628467559814453e+00,3.155666351318359375e+00,-1.048021793365478516e+00,7.169718742370605469e+00,4.257510662078857422e+00,8.013604164123535156e+00,6.623823165893554688e+00,5.843261241912841797e+00,1.035661029815673828e+01,5.646878242492675781e+00
4.713547229766845703e+00,3.259249687194824219e+00,-1.093153715133666992e+00,7.124765396118164062e+00,4.212205410003662109e+00,7.942379951477050781e+00,6.612788677215576172e+00,5.867184638977050781e+00,1.041043281555175781e+01,5.641371250152587891e+00
4.727202415466308594e+00,3.307548046112060547e+00,-9.825137257575988770e-01,7.098839759826660156e+00,4.221286296844482422e+00,7.968620300292968750e+00,6.620076179504394531e+00,5.940042972564697266e+00,1.044501876831054688e+01,5.653082370758056641e+00
4.767757415771484375e+00,3.635382175445556641e+00,-9.202272891998291016e-01,6.873364448547363281e+00,3.934598684310913086e+00,7.552246093750000000e+00,6.704451084136962891e+00,6.328137397766113281e+00,1.076202487945556641e+01,5.503558158874511719e+00
4.736559391021728516e+00,3.396524190902709961e+00,-1.069334626197814941e+00,7.033536911010742188e+00,4.125935077667236328e+00,7.870589256286621094e+00,6.628440856933593750e+00,5.989838600158691406e+00,1.055471611022949219e+01,5.622720718383789062e+00
4.709808349609375000e+00,3.226303100585937500e+00,-1.239020705223083496e+00,7.243188858032226562e+00,4.261617183685302734e+00,7.960986137390136719e+00,6.695654869079589844e+00,5.749144554138183594e+00,1.038176536560058594e+01,5.649712562561035156e+00
4.661691188812255859e+00,4.054281234741210938e+00,-1.664025068283081055e+00,6.434185504913330078e+00,4.003158569335937500e+00,7.284507751464843750e+00,7.376785278320312500e+00,7.123275756835937500e+00,1.177917289733886719e+01,5.053682327270507812e+00
4.665824413299560547e+00,4.049196720123291016e+00,-1.679484367370605469e+00,6.443944454193115234e+00,4.011277198791503906e+00,7.292145729064941406e+00,7.374073982238769531e+00,7.115649223327636719e+00,1.177399444580078125e+01,5.053512573242187500e+00
4.657894134521484375e+00,4.050888538360595703e+00,-1.666335225105285645e+00,6.438529968261718750e+00,4.001642704010009766e+00,7.288028717041015625e+00,7.373978614807128906e+00,7.124122619628906250e+00,1.177844047546386719e+01,5.050072669982910156e+00
4.674011230468750000e+00,4.042194366455078125e+00,-1.697015404701232910e+00,6.431195735931396484e+00,4.014094352722167969e+00,7.271475791931152344e+00,7.371403217315673828e+00,7.104413986206054688e+00,1.176431274414062500e+01,5.052814006805419922e+00
4.669543266296386719e+00,4.033512592315673828e+00,-1.715702652931213379e+00,6.441912174224853516e+00,4.014682769775390625e+00,7.278918266296386719e+00,7.367254734039306641e+00,7.100717544555664062e+00,1.175937080383300781e+01,5.046510696411132812e+00
4.690764427185058594e+00,4.012589931488037109e+00,-1.789008736610412598e+00,6.449445724487304688e+00,4.033071994781494141e+00,7.273403167724609375e+00,7.367946147918701172e+00,7.072349548339843750e+00,1.174103832244873047e+01,5.013031482696533203e+00
4.669411659240722656e+00,4.035096168518066406e+00,-1.698323011398315430e+00,6.419647693634033203e+00,4.007387638092041016e+00,7.257589340209960938e+00,7.365987300872802734e+00,7.104363441467285156e+00,1.175699996948242188e+01,5.050725936889648438e+00
4.697566032409667969e+00,4.002307415008544922e+00,-1.821141600608825684e+00,6.453101158142089844e+00,4.040102005004882812e+00,7.264612197875976562e+00,7.376719474792480469e+00,7.062995910644531250e+00,1.172925949096679688e+01,4.989579200744628906e+00
4.696760177612304688e+00,4.013877868652343750e+00,-1.822138190269470215e+00,6.443449020385742188e+00,4.041559219360351562e+00,7.275786399841308594e+00,7.362484455108642578e+00,7.062592506408691406e+00,1.173008155822753906e+01,4.989726543426513672e+00
4.666510581970214844e+00,4.033351898193359375e+00,-1.692899107933044434e+00,6.434630393981933594e+00,4.007102012634277344e+00,7.276294708251953125e+00,7.361032962799072266e+00,7.102311134338378906e+00,1.175800895690917969e+01,5.046989440917968750e+00
4.690599441528320312e+00,4.023927688598632812e+00,-1.805538892745971680e+00,6.424854278564453125e+00,4.035862922668457031e+00,7.257618904113769531e+00,7.332030296325683594e+00,7.038706302642822266e+00,1.171413993835449219e+01,4.982795715332031250e+00
4.703154563903808594e+00,4.020276546478271484e+00,-1.808505773544311523e+00,6.451613426208496094e+00,4.048275947570800781e+00,7.282730102539062500e+00,7.366950511932373047e+00,7.056683540344238281e+00,1.173753070831298828e+01,4.988108634948730469e+00
4.686381340026855469e+00,4.012494564056396484e+00,-1.751313209533691406e+00,6.435794353485107422e+00,4.020998001098632812e+00,7.264667510986328125e+00,7.350615501403808594e+00,7.067308902740478516e+00,1.173412322998046875e+01,5.020889282226562500e+00
4.699526786804199219e+00,4.004816532135009766e+00,-1.784570217132568359e+00,6.453369140625000000e+00,4.038208484649658203e+00,7.262802124023437500e+00,7.380545616149902344e+00,7.069509506225585938e+00,1.173815059661865234e+01,5.016575813293457031e+00
4.674195766448974609e+00,4.014896392822265625e+00,-1.759586095809936523e+00,6.397855281829833984e+00,4.001092910766601562e+00,7.222095489501953125e+00,7.310048103332519531e+00,7.051106452941894531e+00,1.169964313507080078e+01,5.023104667663574219e+00
4.678481101989746094e+00,4.013828754425048828e+00,-1.765989780426025391e+00,6.407882690429687500e+00,4.009161949157714844e+00,7.221954345703125000e+00,7.322407722473144531e+00,7.048847198486328125e+00,1.170325756072998047e+01,5.024659633636474609e+00
4.661583900451660156e+00,4.026400566101074219e+00,-1.714489221572875977e+00,6.395330905914306641e+00,3.995566844940185547e+00,7.219002723693847656e+00,7.333241939544677734e+00,7.074984550476074219e+00,1.171200370788574219e+01,5.051122665405273438e+00
4.671285629272460938e+00,4.014169692993164062e+00,-1.757507562637329102e+00,6.395270824432373047e+00,3.999784231185913086e+00,7.220619201660156250e+00,7.305286407470703125e+00,7.049093246459960938e+00,1.169566822052001953e+01,5.025527477264404297e+00
4.680697441101074219e+00,4.000380516052246094e+00,-1.804989933967590332e+00,6.419176578521728516e+00,4.024186611175537109e+00,7.216813087463378906e+00,7.334391593933105469e+00,7.036254882812500000e+00,1.169041252136230469e+01,5.000358581542968750e+00
4.691784858703613281e+00,4.001560211181640625e+00,-1.748992085456848145e+00,6.447031021118164062e+00,4.027659416198730469e+00,7.252743721008300781e+00,7.377110004425048828e+00,7.072968482971191406e+00,1.173538589477539062e+01,5.029269218444824219e+00
4.727668285369873047e+00,4.659340858459472656e+00,-1.493026137351989746e+00,6.329257965087890625e+00,4.093087196350097656e+00,6.995901107788085938e+00,7.181091785430908203e+00,6.448292255401611328e+00,1.197979354858398438e+01,5.088007450103759766e+00
4.623809337615966797e+00,4.233317375183105469e+00,-1.728653550148010254e+00,6.398869037628173828e+00,4.026256084442138672e+00,7.183026313781738281e+00,7.324422359466552734e+00,6.846614837646484375e+00,1.173656463623046875e+01,5.040251731872558594e+00
4.660851001739501953e+00,4.547783374786376953e+00,-1.574650645256042480e+00,6.388433456420898438e+00,4.078243732452392578e+00,7.170032501220703125e+00,7.295298576354980469e+00,6.533641815185546875e+00,1.195079231262207031e+01,5.098833084106445312e+00
4.671247005462646484e+00,4.509409427642822266e+00,-1.507825255393981934e+00,6.330728530883789062e+00,3.983202934265136719e+00,7.177241325378417969e+00,7.326221942901611328e+00,6.526835441589355469e+00,1.187052917480468750e+01,5.103061676025390625e+00
4.692465305328369141e+00,4.552461624145507812e+00,-1.479336977005004883e+00,6.378353595733642578e+00,3.999360084533691406e+00,7.216617584228515625e+00,7.356189250946044922e+00,6.518272399902343750e+00,1.189767456054687500e+01,5.128458023071289062e+00
4.691357135772705078e+00,4.061622619628906250e+00,-1.854638695716857910e+00,6.424923896789550781e+00,4.046716213226318359e+00,7.233734130859375000e+00,7.291594028472900391e+00,6.993057727813720703e+00,1.170949554443359375e+01,4.950583457946777344e+00
4.700438499450683594e+00,4.037637710571289062e+00,-1.891227006912231445e+00,6.463881492614746094e+00,4.070259094238281250e+00,7.283555030822753906e+00,7.367863178253173828e+00,7.041590690612792969e+00,1.174263381958007812e+01,4.964426994323730469e+00
4.693981170654296875e+00,4.071743488311767578e+00,-1.874071836471557617e+00,6.442857265472412109e+00,4.067082881927490234e+00,7.264470100402832031e+00,7.314978122711181641e+00,7.010079860687255859e+00,1.172877120971679688e+01,4.950365066528320312e+00
4.692723274230957031e+00,4.082599639892578125e+00,-1.896993637084960938e+00,6.446541309356689453e+00,4.073493480682373047e+00,7.275985717773437500e+00,7.317096710205078125e+00,7.015231132507324219e+00,1.173737144470214844e+01,4.945665836334228516e+00
4.700105190277099609e+00,4.045307159423828125e+00,-1.836209774017333984e+00,6.448789596557617188e+00,4.055575370788574219e+00,7.278794288635253906e+00,7.363350391387939453e+00,7.059244155883789062e+00,1.175253486633300781e+01,4.983938217163085938e+00
4.880419731140136719e+00,5.093224525451660156e+00,-1.665754318237304688e+00,6.579627037048339844e+00,4.361001968383789062e+00,6.919239997863769531e+00,6.945028305053710938e+00,6.081061363220214844e+00,1.195429039001464844e+01,5.102440357208251953e+00
4.832179069519042969e+00,5.059334754943847656e+00,-1.672148823738098145e+00,6.571472167968750000e+00,4.291069984436035156e+00,6.838918209075927734e+00,7.008752346038818359e+00,6.028239250183105469e+00,1.190030479431152344e+01,5.096174240112304688e+00
4.825150489807128906e+00,5.094433784484863281e+00,-1.591578125953674316e+00,6.579661369323730469e+00,4.330893039703369141e+00,7.044362545013427734e+00,7.032925128936767578e+00,5.991137981414794922e+00,1.209686470031738281e+01,5.148974418640136719e+00
4.768210887908935547e+00,4.709432125091552734e+00,-1.471697568893432617e+00,6.435203075408935547e+00,4.162963867187500000e+00,6.962277412414550781e+00,7.217462062835693359e+00,6.427786827087402344e+00,1.194938468933105469e+01,5.124871253967285156e+00
4.556049346923828125e+00,4.108751773834228516e+00,-1.315745472908020020e+00,6.442004203796386719e+00,3.911101341247558594e+00,6.337320804595947266e+00,7.348587512969970703e+00,6.480241775512695312e+00,1.129786491394042969e+01,5.033520698547363281e+00
4.591771602630615234e+00,4.030970573425292969e+00,-1.389995574951171875e+00,6.374648094177246094e+00,3.861242771148681641e+00,6.560696125030517578e+00,7.236649036407470703e+00,6.428946495056152344e+00,1.129355430603027344e+01,4.968524932861328125e+00
4.629536628723144531e+00,3.980627059936523438e+00,-1.254133105278015137e+00,6.478404998779296875e+00,3.850260019302368164e+00,6.279442310333251953e+00,7.256242752075195312e+00,6.368583679199218750e+00,1.106863689422607422e+01,5.006052017211914062e+00
4.661188602447509766e+00,4.360929489135742188e+00,-1.343977689743041992e+00,6.401961326599121094e+00,3.881656169891357422e+00,6.984740257263183594e+00,7.242237567901611328e+00,6.410723686218261719e+00,1.161565876007080078e+01,5.006232261657714844e+00
4.656883716583251953e+00,4.461771965026855469e+00,-1.308000087738037109e+00,6.456524848937988281e+00,3.935258150100708008e+00,7.235161781311035156e+00,7.232670307159423828e+00,6.421319961547851562e+00,1.169801902770996094e+01,5.052942276000976562e+00
4.618787765502929688e+00,4.258955955505371094e+00,-1.319184899330139160e+00,6.369753837585449219e+00,3.860797643661499023e+00,6.807064533233642578e+00,7.209903240203857422e+00,6.390542984008789062e+00,1.144926261901855469e+01,4.993728637695312500e+00
4.585152626037597656e+00,3.953684329986572266e+00,-1.420931220054626465e+00,6.524610519409179688e+00,4.075207710266113281e+00,8.263101577758789062e+00,6.768819808959960938e+00,6.794286727905273438e+00,1.158349990844726562e+01,5.383450984954833984e+00
4.599791049957275391e+00,3.947221279144287109e+00,-1.518216013908386230e+00,6.545526504516601562e+00,4.088134288787841797e+00,8.113162040710449219e+00,6.848837852478027344e+00,6.770747184753417969e+00,1.159397315979003906e+01,5.301396369934082031e+00
4.756488800048828125e+00,3.335190534591674805e+00,-1.286668896675109863e+00,7.001498222351074219e+00,4.188738822937011719e+00,8.137149810791015625e+00,6.634283065795898438e+00,6.233968734741210938e+00,1.067570304870605469e+01,5.585579395294189453e+00
4.717061996459960938e+00,3.664440155029296875e+00,-9.485117197036743164e-01,6.804480552673339844e+00,3.913674592971801758e+00,7.612060546875000000e+00,6.696413040161132812e+00,6.424190521240234375e+00,1.091065120697021484e+01,5.451568603515625000e+00
4.791503906250000000e+00,3.383145570755004883e+00,-1.209172844886779785e+00,6.924367904663085938e+00,4.085443019866943359e+00,7.922546386718750000e+00,6.695225238800048828e+00,6.390354156494140625e+00,1.071366024017333984e+01,5.533638954162597656e+00
4.762108802795410156e+00,3.577019214630126953e+00,-9.401421546936035156e-01,6.834940910339355469e+00,3.953296899795532227e+00,7.711375236511230469e+00,6.654876708984375000e+00,6.409115314483642578e+00,1.078228569030761719e+01,5.512762069702148438e+00
4.737647056579589844e+00,3.291738033294677734e+00,-1.046998977661132812e+00,7.137262344360351562e+00,4.199321746826171875e+00,7.993257522583007812e+00,6.651378631591796875e+00,5.939254760742187500e+00,1.046212196350097656e+01,5.668764114379882812e+00
4.788005828857421875e+00,3.512329101562500000e+00,-1.033030748367309570e+00,6.876939773559570312e+00,4.021413326263427734e+00,7.689966201782226562e+00,6.786200046539306641e+00,6.494408607482910156e+00,1.084351921081542969e+01,5.459743976593017578e+00
4.746140480041503906e+00,3.620759963989257812e+00,-1.020427584648132324e+00,6.839792251586914062e+00,3.995156526565551758e+00,7.708548545837402344e+00,6.752032279968261719e+00,6.507090568542480469e+00,1.095914459228515625e+01,5.442177295684814453e+00
4.696547508239746094e+00,3.248979806900024414e+00,-1.370339155197143555e+00,7.108839988708496094e+00,4.210961818695068359e+00,7.961860656738281250e+00,6.642988681793212891e+00,5.843344688415527344e+00,1.048213958740234375e+01,5.613824844360351562e+00
4.699697494506835938e+00,3.792051315307617188e+00,-9.953881502151489258e-01,6.710689544677734375e+00,3.884574651718139648e+00,7.509238243103027344e+00,6.758816719055175781e+00,6.488754749298095703e+00,1.104995155334472656e+01,5.378379821777343750e+00
4.808517932891845703e+00,3.587616205215454102e+00,-8.495737910270690918e-01,6.877592086791992188e+00,4.005156040191650391e+00,7.804354667663574219e+00,6.661385536193847656e+00,6.410032272338867188e+00,1.075270462036132812e+01,5.553093433380126953e+00
4.631164073944091797e+00,3.896088600158691406e+00,-1.260232925415039062e+00,6.566393375396728516e+00,4.018168926239013672e+00,8.080490112304687500e+00,6.700898647308349609e+00,6.751935958862304688e+00,1.146219062805175781e+01,5.390579223632812500e+00
4.741188526153564453e+00,3.716653347015380859e+00,-9.231901168823242188e-01,6.788237571716308594e+00,3.919043540954589844e+00,7.629030227661132812e+00,6.693110942840576172e+00,6.485071182250976562e+00,1.096258163452148438e+01,5.448433876037597656e+00
4.792182922363281250e+00,3.473318338394165039e+00,-9.204173088073730469e-01,6.874623298645019531e+00,4.022773742675781250e+00,7.850040435791015625e+00,6.640035152435302734e+00,6.415727615356445312e+00,1.069090652465820312e+01,5.568515300750732422e+00
4.777603149414062500e+00,3.387570381164550781e+00,-9.121878743171691895e-01,7.057763099670410156e+00,4.148274421691894531e+00,7.994985580444335938e+00,6.633300781250000000e+00,6.136650085449218750e+00,1.056066131591796875e+01,5.651909828186035156e+00
4.652543067932128906e+00,3.486244440078735352e+00,-1.282263517379760742e+00,6.755021095275878906e+00,4.099876880645751953e+00,8.473510742187500000e+00,6.552292823791503906e+00,6.592701911926269531e+00,1.111320209503173828e+01,5.585893154144287109e+00
4.809852123260498047e+00,3.459731817245483398e+00,-8.849148154258728027e-01,6.871585845947265625e+00,4.029315948486328125e+00,7.852328300476074219e+00,6.651573181152343750e+00,6.432354927062988281e+00,1.068470478057861328e+01,5.578203201293945312e+00
4.786262512207031250e+00,3.495378732681274414e+00,-9.559514522552490234e-01,6.845058441162109375e+00,4.014675140380859375e+00,7.853741645812988281e+00,6.653151988983154297e+00,6.454804420471191406e+00,1.072999382019042969e+01,5.553671836853027344e+00
4.794128417968750000e+00,3.514384984970092773e+00,-8.876596093177795410e-01,6.907318115234375000e+00,4.014090538024902344e+00,7.852458953857421875e+00,6.634634494781494141e+00,6.376267433166503906e+00,1.070079231262207031e+01,5.575016021728515625e+00
4.841406822204589844e+00,5.142807960510253906e+00,-1.585086464881896973e+00,6.535918235778808594e+00,4.362769126892089844e+00,7.004506111145019531e+00,6.930510044097900391e+00,5.986764907836914062e+00,1.212803840637207031e+01,5.216611862182617188e+00
4.720278739929199219e+00,4.605618476867675781e+00,-1.466297388076782227e+00,6.358151435852050781e+00,4.069638729095458984e+00,6.979611873626708984e+00,7.235278606414794922e+00,6.491690635681152344e+00,1.190034675598144531e+01,5.129944324493408203e+00
4.722287178039550781e+00,4.604083538055419922e+00,-1.410219788551330566e+00,6.343933105468750000e+00,4.030365467071533203e+00,6.933733940124511719e+00,7.193990230560302734e+00,6.442790031433105469e+00,1.184176445007324219e+01,5.099395275115966797e+00
4.708007812500000000e+00,4.430833339691162109e+00,-1.459525585174560547e+00,6.405734062194824219e+00,4.014246940612792969e+00,7.107344627380371094e+00,7.354380607604980469e+00,6.565782546997070312e+00,1.176635551452636719e+01,5.047743797302246094e+00
4.753465652465820312e+00,4.652495384216308594e+00,-1.478740692138671875e+00,6.388485908508300781e+00,4.116152286529541016e+00,6.989261627197265625e+00,7.188752651214599609e+00,6.437173843383789062e+00,1.191942024230957031e+01,5.117396354675292969e+00
4.709859371185302734e+00,4.551600456237792969e+00,-1.480998396873474121e+00,6.445230484008789062e+00,4.030002117156982422e+00,7.300528526306152344e+00,7.368728160858154297e+00,6.505411148071289062e+00,1.189023590087890625e+01,5.068627834320068359e+00
4.687764167785644531e+00,4.214525699615478516e+00,-1.745339393615722656e+00,6.425501346588134766e+00,4.076260566711425781e+00,7.228997230529785156e+00,7.311344623565673828e+00,6.890097618103027344e+00,1.172486495971679688e+01,4.998795509338378906e+00
4.706196308135986328e+00,4.332653522491455078e+00,-1.494688987731933594e+00,6.419014930725097656e+00,4.007204055786132812e+00,7.059141159057617188e+00,7.371800422668457031e+00,6.595287322998046875e+00,1.172283363342285156e+01,5.057977676391601562e+00
4.646368980407714844e+00,4.154176712036132812e+00,-1.468682646751403809e+00,6.404723644256591797e+00,3.927094221115112305e+00,6.828675270080566406e+00,7.326680183410644531e+00,6.503592014312744141e+00,1.153848838806152344e+01,4.997409820556640625e+00
4.728415966033935547e+00,4.517565727233886719e+00,-1.505290269851684570e+00,6.450432777404785156e+00,4.054052829742431641e+00,7.266792297363281250e+00,7.397534847259521484e+00,6.594112396240234375e+00,1.187781906127929688e+01,5.120932102203369141e+00
4.663077354431152344e+00,4.317403793334960938e+00,-1.291489481925964355e+00,6.461318016052246094e+00,3.989909887313842773e+00,6.622030735015869141e+00,7.349897861480712891e+00,6.508111000061035156e+00,1.142450714111328125e+01,5.037112236022949219e+00
4.660580158233642578e+00,4.180119514465332031e+00,-1.297266244888305664e+00,6.428335189819335938e+00,3.887227535247802734e+00,6.373225688934326172e+00,7.300374507904052734e+00,6.444509029388427734e+00,1.132618141174316406e+01,5.004234313964843750e+00
4.702333450317382812e+00,4.482411384582519531e+00,-1.397344350814819336e+00,6.484909534454345703e+00,3.974478244781494141e+00,6.894171714782714844e+00,7.334250450134277344e+00,6.516341209411621094e+00,1.166309070587158203e+01,5.090478897094726562e+00
4.800173759460449219e+00,4.488441467285156250e+00,-1.645932078361511230e+00,6.579646110534667969e+00,4.144343376159667969e+00,7.436232566833496094e+00,7.378244876861572266e+00,6.863264083862304688e+00,1.185345649719238281e+01,5.143715381622314453e+00
4.709929943084716797e+00,4.558382034301757812e+00,-1.526298284530639648e+00,6.557255744934082031e+00,4.055701732635498047e+00,7.272765159606933594e+00,7.366350173950195312e+00,6.462959766387939453e+00,1.184487724304199219e+01,5.142310619354248047e+00
4.725788116455078125e+00,4.409810066223144531e+00,-1.544167876243591309e+00,6.531318664550781250e+00,4.024191379547119141e+00,7.122304916381835938e+00,7.376519680023193359e+00,6.521883010864257812e+00,1.172617149353027344e+01,5.105803966522216797e+00
4.601593971252441406e+00,4.319936752319335938e+00,-1.389957308769226074e+00,6.497494220733642578e+00,3.956120729446411133e+00,6.906530380249023438e+00,7.307773590087890625e+00,6.395984649658203125e+00,1.150331878662109375e+01,5.081197261810302734e+00
4.616986274719238281e+00,4.253224372863769531e+00,-1.354484796524047852e+00,6.536991119384765625e+00,3.970020532608032227e+00,6.937480449676513672e+00,7.279943943023681641e+00,6.407091140747070312e+00,1.142168521881103516e+01,5.099993705749511719e+00
4.731163978576660156e+00,4.267885208129882812e+00,-1.486875772476196289e+00,6.509783267974853516e+00,4.003298759460449219e+00,6.998446941375732422e+00,7.418684482574462891e+00,6.604721069335937500e+00,1.170763874053955078e+01,5.056495666503906250e+00
4.677825927734375000e+00,4.273830413818359375e+00,-1.408410668373107910e+00,6.483249187469482422e+00,3.914928436279296875e+00,6.941126346588134766e+00,7.358836650848388672e+00,6.482357978820800781e+00,1.164262390136718750e+01,5.036281108856201172e+00
4.613873958587646484e+00,3.950852394104003906e+00,-1.058384895324707031e+00,6.638042449951171875e+00,3.897984504699707031e+00,7.558987617492675781e+00,6.818806171417236328e+00,6.577759742736816406e+00,1.128087615966796875e+01,5.317246437072753906e+00
4.702400207519531250e+00,3.715483188629150391e+00,-9.787433147430419922e-01,6.757975578308105469e+00,3.978720188140869141e+00,7.897580146789550781e+00,6.609979629516601562e+00,6.539861202239990234e+00,1.098655128479003906e+01,5.486635208129882812e+00
4.646316528320312500e+00,3.853310585021972656e+00,-1.011599183082580566e+00,6.667467117309570312e+00,3.903411626815795898e+00,7.703371047973632812e+00,6.713499069213867188e+00,6.558457374572753906e+00,1.116583251953125000e+01,5.400259971618652344e+00
4.621680259704589844e+00,3.956614732742309570e+00,-1.053434133529663086e+00,6.645658493041992188e+00,3.905155897140502930e+00,7.518021583557128906e+00,6.837807178497314453e+00,6.571327209472656250e+00,1.125820350646972656e+01,5.307840347290039062e+00
4.796972751617431641e+00,3.475838661193847656e+00,-8.618865609169006348e-01,6.950941085815429688e+00,4.055823326110839844e+00,7.962643623352050781e+00,6.617866516113281250e+00,6.368279457092285156e+00,1.066478919982910156e+01,5.617262840270996094e+00
4.674309253692626953e+00,3.774889707565307617e+00,-9.796564579010009766e-01,6.729010581970214844e+00,3.894311189651489258e+00,7.663913726806640625e+00,6.698019027709960938e+00,6.520064353942871094e+00,1.104502773284912109e+01,5.445787429809570312e+00
4.662010192871093750e+00,3.811043024063110352e+00,-9.809862971305847168e-01,6.744090080261230469e+00,3.895143508911132812e+00,7.457657814025878906e+00,6.783745288848876953e+00,6.510429382324218750e+00,1.102892017364501953e+01,5.380916595458984375e+00
4.764067649841308594e+00,3.592193841934204102e+00,-9.507049322128295898e-01,6.825416564941406250e+00,3.971550464630126953e+00,7.830316543579101562e+00,6.636093616485595703e+00,6.458416461944580078e+00,1.078723049163818359e+01,5.533504486083984375e+00
4.698931694030761719e+00,3.239009380340576172e+00,-1.323753595352172852e+00,7.102952957153320312e+00,4.228590965270996094e+00,8.027212142944335938e+00,6.622610569000244141e+00,5.899633407592773438e+00,1.048784351348876953e+01,5.628106117248535156e+00
4.761790275573730469e+00,3.406538009643554688e+00,-9.407144188880920410e-01,6.964194297790527344e+00,4.080994129180908203e+00,7.981638908386230469e+00,6.600318908691406250e+00,6.253284931182861328e+00,1.061924934387207031e+01,5.629090309143066406e+00
4.719453811645507812e+00,4.032241821289062500e+00,-1.903735399246215820e+00,6.479142189025878906e+00,4.073786735534667969e+00,7.281511306762695312e+00,7.364052295684814453e+00,7.022217750549316406e+00,1.173639297485351562e+01,4.943898677825927734e+00
4.716305255889892578e+00,4.026525020599365234e+00,-1.930113434791564941e+00,6.483777523040771484e+00,4.079648971557617188e+00,7.294441223144531250e+00,7.371125698089599609e+00,7.026436805725097656e+00,1.173148727416992188e+01,4.957237720489501953e+00
4.768662452697753906e+00,4.138950347900390625e+00,-1.810891985893249512e+00,6.494666576385498047e+00,4.122487545013427734e+00,7.339920997619628906e+00,7.390419483184814453e+00,7.022494316101074219e+00,1.179869461059570312e+01,4.962428569793701172e+00
4.730801582336425781e+00,4.336323738098144531e+00,-1.590103507041931152e+00,6.455719947814941406e+00,4.092014789581298828e+00,7.342570304870605469e+00,7.405588626861572266e+00,6.885775089263916016e+00,1.184089660644531250e+01,5.069673061370849609e+00
4.744472980499267578e+00,4.071741580963134766e+00,-1.863160133361816406e+00,6.487204551696777344e+00,4.095011234283447266e+00,7.304451942443847656e+00,7.380859851837158203e+00,7.027719497680664062e+00,1.177384185791015625e+01,4.941740989685058594e+00
4.664206504821777344e+00,4.008383274078369141e+00,-1.831738829612731934e+00,6.388060569763183594e+00,4.008130550384521484e+00,7.176437377929687500e+00,7.279868602752685547e+00,6.975069999694824219e+00,1.164335346221923828e+01,4.953881263732910156e+00
4.703293800354003906e+00,4.207368850708007812e+00,-1.461278676986694336e+00,6.436213493347167969e+00,3.992705583572387695e+00,6.903061866760253906e+00,7.375067234039306641e+00,6.562223911285400391e+00,1.159042930603027344e+01,5.049416542053222656e+00
4.655501365661621094e+00,4.056487083435058594e+00,-1.601619839668273926e+00,6.423671245574951172e+00,4.021730899810791016e+00,6.972129821777343750e+00,7.359297752380371094e+00,6.764320850372314453e+00,1.155043220520019531e+01,5.000180721282958984e+00
4.648844718933105469e+00,4.013082027435302734e+00,-1.329808354377746582e+00,6.461921691894531250e+00,3.945368051528930664e+00,6.769772529602050781e+00,7.202517509460449219e+00,6.474234580993652344e+00,1.127912902832031250e+01,5.008460044860839844e+00
4.743760108947753906e+00,4.630462646484375000e+00,-1.498178958892822266e+00,6.417922973632812500e+00,4.138625144958496094e+00,7.106353759765625000e+00,7.201344013214111328e+00,6.550638198852539062e+00,1.189092445373535156e+01,5.152771949768066406e+00
4.343422412872314453e+00,5.050872802734375000e+00,-2.197494506835937500e+00,6.842192649841308594e+00,4.231311798095703125e+00,6.887623310089111328e+00,7.237659454345703125e+00,5.563776016235351562e+00,1.140384197235107422e+01,5.187867641448974609e+00
4.751795768737792969e+00,4.900023460388183594e+00,-1.463256359100341797e+00,6.514341831207275391e+00,4.232914924621582031e+00,7.096862792968750000e+00,7.138179779052734375e+00,6.399357795715332031e+00,1.195517730712890625e+01,5.087916374206542969e+00
4.684494495391845703e+00,4.628504753112792969e+00,-1.412981390953063965e+00,6.513111114501953125e+00,4.117065429687500000e+00,7.135344505310058594e+00,7.313329696655273438e+00,6.483471870422363281e+00,1.171914672851562500e+01,5.085529327392578125e+00
4.659536838531494141e+00,4.327755451202392578e+00,-1.230280518531799316e+00,6.443359375000000000e+00,3.876304864883422852e+00,6.361446380615234375e+00,7.311579227447509766e+00,6.435577392578125000e+00,1.138444519042968750e+01,5.027114868164062500e+00
4.604160308837890625e+00,3.960606098175048828e+00,-1.304954767227172852e+00,6.433600425720214844e+00,3.848370313644409180e+00,6.161765098571777344e+00,7.314898014068603516e+00,6.426206588745117188e+00,1.106788825988769531e+01,4.992570400238037109e+00
4.637383460998535156e+00,3.993584632873535156e+00,-1.470814347267150879e+00,6.390891551971435547e+00,3.830374717712402344e+00,6.787820816040039062e+00,7.299018383026123047e+00,6.433931350708007812e+00,1.143025398254394531e+01,5.017477989196777344e+00
4.624205112457275391e+00,3.849188089370727539e+00,-1.378630638122558594e+00,6.509139060974121094e+00,3.855312347412109375e+00,6.677378654479980469e+00,7.189501762390136719e+00,6.323344230651855469e+00,1.107023811340332031e+01,5.046618461608886719e+00
4.709917545318603516e+00,4.317096233367919922e+00,-1.416900157928466797e+00,6.530222892761230469e+00,3.988532781600952148e+00,7.155623435974121094e+00,7.385647773742675781e+00,6.595518589019775391e+00,1.176424598693847656e+01,5.038222312927246094e+00
4.594218254089355469e+00,4.089173793792724609e+00,-1.174983501434326172e+00,6.603232860565185547e+00,3.880113363265991211e+00,7.164189338684082031e+00,7.037979602813720703e+00,6.472818374633789062e+00,1.128102302551269531e+01,5.142771720886230469e+00
4.643108367919921875e+00,4.210370540618896484e+00,-1.347678303718566895e+00,6.534458160400390625e+00,3.926498651504516602e+00,7.199903488159179688e+00,7.284215450286865234e+00,6.523929595947265625e+00,1.165283679962158203e+01,5.059154510498046875e+00
4.604016304016113281e+00,3.862558126449584961e+00,-1.242256522178649902e+00,6.561086654663085938e+00,3.936174631118774414e+00,6.393980979919433594e+00,7.332598209381103516e+00,6.098019599914550781e+00,1.083623313903808594e+01,5.033537864685058594e+00
4.294303894042968750e+00,4.440134525299072266e+00,-2.250128746032714844e+00,7.024273872375488281e+00,4.101130485534667969e+00,6.348667144775390625e+00,7.406943798065185547e+00,5.139347076416015625e+00,1.022913360595703125e+01,5.152242660522460938e+00
4.310822963714599609e+00,4.571167945861816406e+00,-2.357884883880615234e+00,7.339499473571777344e+00,3.746564149856567383e+00,6.097390651702880859e+00,7.659243583679199219e+00,4.666067123413085938e+00,9.792488098144531250e+00,4.986034393310546875e+00
4.618050098419189453e+00,3.785418987274169922e+00,-1.216665029525756836e+00,6.665665626525878906e+00,3.991662740707397461e+00,6.514908790588378906e+00,7.426701545715332031e+00,6.159734725952148438e+00,1.075014114379882812e+01,5.051053047180175781e+00
4.695439338684082031e+00,3.919541120529174805e+00,-1.248517155647277832e+00,6.579344749450683594e+00,3.978527307510375977e+00,6.687390327453613281e+00,7.241217136383056641e+00,6.460477828979492188e+00,1.112246799468994141e+01,5.025084495544433594e+00
4.658457756042480469e+00,3.805639982223510742e+00,-1.252087831497192383e+00,6.695642471313476562e+00,3.990610837936401367e+00,6.878745079040527344e+00,7.184393882751464844e+00,6.414705276489257812e+00,1.105426406860351562e+01,5.075489044189453125e+00
4.692116737365722656e+00,3.727562189102172852e+00,-1.178101658821105957e+00,6.608071327209472656e+00,3.913069725036621094e+00,6.467824935913085938e+00,7.344865798950195312e+00,6.284255504608154297e+00,1.079309940338134766e+01,5.023668289184570312e+00
4.663687705993652344e+00,3.708750009536743164e+00,-1.169254302978515625e+00,6.566205978393554688e+00,3.937497138977050781e+00,6.333855152130126953e+00,7.228654384613037109e+00,6.314234733581542969e+00,1.078459453582763672e+01,5.025329589843750000e+00
4.585351943969726562e+00,3.842970609664916992e+00,-1.359221816062927246e+00,6.449210643768310547e+00,3.849370956420898438e+00,6.443907737731933594e+00,7.205615520477294922e+00,6.253199577331542969e+00,1.093339633941650391e+01,5.001128196716308594e+00
4.605869293212890625e+00,3.660634279251098633e+00,-1.352218866348266602e+00,6.467959403991699219e+00,3.825555562973022461e+00,6.508333206176757812e+00,7.119836807250976562e+00,6.085468292236328125e+00,1.067342758178710938e+01,5.013914108276367188e+00
4.823055744171142578e+00,4.862219333648681641e+00,-1.424893617630004883e+00,6.471909523010253906e+00,4.128856182098388672e+00,6.445584297180175781e+00,6.964114665985107422e+00,6.027958869934082031e+00,1.171196842193603516e+01,5.154767036437988281e+00
4.556970596313476562e+00,3.683653593063354492e+00,-1.450638890266418457e+00,6.367023468017578125e+00,3.795566797256469727e+00,6.348390579223632812e+00,7.096891403198242188e+00,5.991796493530273438e+00,1.064315414428710938e+01,4.928049564361572266e+00
4.526125907897949219e+00,3.622739076614379883e+00,-1.551983714103698730e+00,6.338896751403808594e+00,3.760231971740722656e+00,6.376666069030761719e+00,7.022507190704345703e+00,5.891026496887207031e+00,1.056440830230712891e+01,4.933218955993652344e+00
4.540886878967285156e+00,3.620486497879028320e+00,-1.564586758613586426e+00,6.356100082397460938e+00,3.751503229141235352e+00,6.368268013000488281e+00,7.043723106384277344e+00,5.912365913391113281e+00,1.055609703063964844e+01,4.938748359680175781e+00
4.588587760925292969e+00,3.692516803741455078e+00,-1.332677125930786133e+00,6.423236846923828125e+00,3.831556558609008789e+00,6.357967376708984375e+00,7.131722450256347656e+00,6.162316322326660156e+00,1.073108100891113281e+01,4.959318161010742188e+00
4.656646728515625000e+00,3.861761569976806641e+00,-1.248782634735107422e+00,6.530671596527099609e+00,3.870184898376464844e+00,6.329134941101074219e+00,7.251154899597167969e+00,6.280722141265869141e+00,1.092424392700195312e+01,5.049084186553955078e+00
4.631409168243408203e+00,3.746062994003295898e+00,-1.379697680473327637e+00,6.491760253906250000e+00,3.833682775497436523e+00,6.525252819061279297e+00,7.089546680450439453e+00,6.105622291564941406e+00,1.076014328002929688e+01,5.047413825988769531e+00
4.591675758361816406e+00,3.632424592971801758e+00,-1.453277587890625000e+00,6.444224357604980469e+00,3.786452293395996094e+00,6.513443946838378906e+00,7.051791191101074219e+00,5.980417251586914062e+00,1.059104824066162109e+01,5.018537521362304688e+00
4.613707542419433594e+00,3.708782911300659180e+00,-1.297453999519348145e+00,6.433129310607910156e+00,3.818144321441650391e+00,6.343967437744140625e+00,7.176323890686035156e+00,6.180171489715576172e+00,1.073127937316894531e+01,4.971747875213623047e+00
4.738288402557373047e+00,4.009898662567138672e+00,-1.527487516403198242e+00,6.560209274291992188e+00,3.983013391494750977e+00,7.287835121154785156e+00,7.242085456848144531e+00,6.677816867828369141e+00,1.168229103088378906e+01,5.092462539672851562e+00
5.685269355773925781e+00,4.293790817260742188e+00,-9.505710601806640625e-01,5.563699245452880859e+00,9.054598808288574219e-01,4.498722076416015625e+00,4.085537433624267578e+00,6.503526687622070312e+00,1.185563564300537109e+01,4.612672805786132812e+00
3.702292919158935547e+00,2.835238695144653320e+00,-2.053161621093750000e+00,4.909952163696289062e+00,1.647815465927124023e+00,3.914086818695068359e+00,1.710640788078308105e+00,4.623693943023681641e+00,1.087744903564453125e+01,4.483753204345703125e+00
3.706102132797241211e+00,2.657718658447265625e+00,-1.846568107604980469e+00,2.931143045425415039e+00,2.542057991027832031e+00,4.897801876068115234e+00,1.842372655868530273e+00,4.998009204864501953e+00,7.396852493286132812e+00,3.155703067779541016e+00
5.643367767333984375e+00,1.783861041069030762e+00,-1.440042614936828613e+00,5.715587615966796875e+00,1.359288573265075684e+00,8.288489341735839844e+00,2.999826669692993164e+00,4.124293804168701172e+00,1.097929859161376953e+01,5.036815643310546875e+00
5.684740066528320312e+00,1.813074946403503418e+00,-1.689616799354553223e+00,5.779615402221679688e+00,1.428641796112060547e+00,8.497529029846191406e+00,3.069581508636474609e+00,4.100069999694824219e+00,1.104325866699218750e+01,5.135712146759033203e+00
5.656580448150634766e+00,1.791545391082763672e+00,-1.611278772354125977e+00,5.799861907958984375e+00,1.385452508926391602e+00,8.488029479980468750e+00,3.040202617645263672e+00,4.105558872222900391e+00,1.103213691711425781e+01,5.103340148925781250e+00
5.707793235778808594e+00,1.917619347572326660e+00,-2.147302627563476562e+00,5.741676330566406250e+00,1.485682487487792969e+00,8.506521224975585938e+00,3.155870914459228516e+00,4.175691604614257812e+00,1.106904697418212891e+01,5.126428604125976562e+00
5.524469375610351562e+00,2.035792350769042969e+00,-1.839627742767333984e+00,5.542397499084472656e+00,1.581149101257324219e+00,7.451016426086425781e+00,3.295180559158325195e+00,4.519648551940917969e+00,1.105840015411376953e+01,4.712327480316162109e+00
3.580957412719726562e+00,3.241945743560791016e+00,-2.968163967132568359e+00,2.332015037536621094e+00,3.364475965499877930e+00,5.781542778015136719e+00,2.339391708374023438e+00,6.098850250244140625e+00,5.941095829010009766e+00,2.548285484313964844e+00
3.580832481384277344e+00,3.342977046966552734e+00,-3.180946350097656250e+00,2.180246591567993164e+00,3.665369033813476562e+00,5.511867523193359375e+00,2.190758466720581055e+00,6.190510749816894531e+00,5.748930454254150391e+00,2.482495784759521484e+00
4.535768032073974609e+00,3.660887956619262695e+00,-1.545819878578186035e+00,6.365394592285156250e+00,3.740566730499267578e+00,6.422005653381347656e+00,7.061271190643310547e+00,5.942327499389648438e+00,1.061768722534179688e+01,4.993565559387207031e+00
4.605280876159667969e+00,3.746488094329833984e+00,-1.390543580055236816e+00,6.470369338989257812e+00,3.817262172698974609e+00,6.494271278381347656e+00,7.103989124298095703e+00,6.096446037292480469e+00,1.074977207183837891e+01,5.023738861083984375e+00
4.655392646789550781e+00,3.776281595230102539e+00,-1.311453819274902344e+00,6.521555900573730469e+00,3.872479438781738281e+00,6.454940795898437500e+00,7.156746864318847656e+00,6.194681644439697266e+00,1.080898475646972656e+01,5.040622234344482422e+00
4.695051670074462891e+00,3.878890037536621094e+00,-1.308640122413635254e+00,6.577796459197998047e+00,3.912702322006225586e+00,6.518793106079101562e+00,7.189317703247070312e+00,6.250951766967773438e+00,1.090408420562744141e+01,5.089922904968261719e+00
4.706765174865722656e+00,3.886383771896362305e+00,-1.278890490531921387e+00,6.633981227874755859e+00,3.947662353515625000e+00,6.590735435485839844e+00,7.188204765319824219e+00,6.291101455688476562e+00,1.090665721893310547e+01,5.105463027954101562e+00
4.648821353912353516e+00,3.712340354919433594e+00,-1.306342840194702148e+00,6.533049583435058594e+00,3.830146312713623047e+00,6.588750839233398438e+00,7.034392833709716797e+00,6.139680862426757812e+00,1.074593734741210938e+01,5.084962368011474609e+00
4.729099750518798828e+00,3.921627283096313477e+00,-1.333287954330444336e+00,6.642662048339843750e+00,3.929831981658935547e+00,7.129071235656738281e+00,7.204302310943603516e+00,6.468259811401367188e+00,1.132969188690185547e+01,5.151866912841796875e+00
4.665633678436279297e+00,3.810274362564086914e+00,-1.247266888618469238e+00,6.787737846374511719e+00,3.917387008666992188e+00,7.124340057373046875e+00,6.996296405792236328e+00,6.223497390747070312e+00,1.093448257446289062e+01,5.213609695434570312e+00
4.760097503662109375e+00,3.798864841461181641e+00,-1.313407659530639648e+00,6.727132797241210938e+00,3.935211420059204102e+00,7.185585975646972656e+00,7.144282341003417969e+00,6.446225166320800781e+00,1.122238922119140625e+01,5.182058334350585938e+00
4.735956192016601562e+00,3.848393201828002930e+00,-1.592042088508605957e+00,6.824615478515625000e+00,4.114075660705566406e+00,7.403273582458496094e+00,7.153559207916259766e+00,6.340358734130859375e+00,1.115070724487304688e+01,5.225372314453125000e+00
4.712360382080078125e+00,4.460279464721679688e+00,-1.452405810356140137e+00,6.443021297454833984e+00,4.022867202758789062e+00,7.297239303588867188e+00,7.255309104919433594e+00,6.643379211425781250e+00,1.180105400085449219e+01,5.092240333557128906e+00
4.599668502807617188e+00,4.092648506164550781e+00,-1.149705171585083008e+00,6.561295509338378906e+00,3.912949323654174805e+00,7.495528221130371094e+00,6.891893863677978516e+00,6.607498168945312500e+00,1.143725585937500000e+01,5.237180709838867188e+00
4.628431320190429688e+00,4.010750770568847656e+00,-1.100950241088867188e+00,6.607608795166015625e+00,3.908364295959472656e+00,7.552960395812988281e+00,6.860847473144531250e+00,6.583923816680908203e+00,1.135479450225830078e+01,5.289972305297851562e+00
4.710539817810058594e+00,3.253578186035156250e+00,-1.062737345695495605e+00,7.101864814758300781e+00,4.203288078308105469e+00,7.949952125549316406e+00,6.625490188598632812e+00,5.876296997070312500e+00,1.042103099822998047e+01,5.639834880828857422e+00
4.754960536956787109e+00,3.308931589126586914e+00,-1.661801695823669434e+00,7.101655960083007812e+00,4.281046390533447266e+00,8.413840293884277344e+00,6.739393711090087891e+00,6.160998344421386719e+00,1.072219276428222656e+01,5.632897377014160156e+00
4.742108821868896484e+00,3.328866481781005859e+00,-1.124250054359436035e+00,7.072817802429199219e+00,4.156572818756103516e+00,7.971342086791992188e+00,6.667434215545654297e+00,5.976756095886230469e+00,1.053363990783691406e+01,5.654984474182128906e+00
4.699787139892578125e+00,3.228386878967285156e+00,-1.170726537704467773e+00,7.131725311279296875e+00,4.211590290069580078e+00,7.902791976928710938e+00,6.642891883850097656e+00,5.768114089965820312e+00,1.039158630371093750e+01,5.625595092773437500e+00
4.720842361450195312e+00,3.277909755706787109e+00,-1.296942710876464844e+00,7.183757781982421875e+00,4.278231143951416016e+00,8.022017478942871094e+00,6.698909759521484375e+00,5.781749725341796875e+00,1.046231460571289062e+01,5.662195205688476562e+00
4.695290088653564453e+00,3.180285930633544922e+00,-1.158568024635314941e+00,7.189608573913574219e+00,4.253703594207763672e+00,7.962084770202636719e+00,6.663280487060546875e+00,5.759274959564208984e+00,1.036558914184570312e+01,5.637189865112304688e+00
4.705686569213867188e+00,3.195333003997802734e+00,-1.479945778846740723e+00,7.236641883850097656e+00,4.290319442749023438e+00,8.006699562072753906e+00,6.684720516204833984e+00,5.699661254882812500e+00,1.038116455078125000e+01,5.645378112792968750e+00
4.630306243896484375e+00,3.718739271163940430e+00,-1.277401685714721680e+00,6.516779899597167969e+00,3.914646625518798828e+00,6.381467819213867188e+00,7.200774192810058594e+00,6.267807960510253906e+00,1.080807876586914062e+01,4.978015899658203125e+00
4.658874034881591797e+00,3.825162887573242188e+00,-1.261426687240600586e+00,6.525716781616210938e+00,3.899097919464111328e+00,6.416682243347167969e+00,7.209493637084960938e+00,6.301285743713378906e+00,1.091127014160156250e+01,5.012107849121093750e+00
4.675807952880859375e+00,4.218714237213134766e+00,-1.240519285202026367e+00,6.476658821105957031e+00,3.953346252441406250e+00,6.341008186340332031e+00,7.337123394012451172e+00,6.520251274108886719e+00,1.129858016967773438e+01,4.993922710418701172e+00
4.706992626190185547e+00,3.810607433319091797e+00,-1.133272647857666016e+00,6.610575675964355469e+00,3.979533672332763672e+00,6.468920707702636719e+00,7.256397247314453125e+00,6.379435539245605469e+00,1.091498565673828125e+01,5.027092933654785156e+00
4.647149085998535156e+00,3.811143398284912109e+00,-1.296840906143188477e+00,6.517769813537597656e+00,3.867936134338378906e+00,6.458704948425292969e+00,7.172163963317871094e+00,6.255723476409912109e+00,1.088658905029296875e+01,5.035345077514648438e+00
4.711931228637695312e+00,3.954770088195800781e+00,-1.244632005691528320e+00,6.577094078063964844e+00,3.964200019836425781e+00,6.378932952880859375e+00,7.284979343414306641e+00,6.415410041809082031e+00,1.103257560729980469e+01,5.031551361083984375e+00
4.613101959228515625e+00,4.048504352569580078e+00,-1.253193736076354980e+00,6.449511528015136719e+00,3.926594495773315430e+00,6.597351074218750000e+00,7.220639705657958984e+00,6.421247005462646484e+00,1.118078899383544922e+01,4.992845535278320312e+00
4.680951118469238281e+00,3.764589548110961914e+00,-1.278907418251037598e+00,6.606847763061523438e+00,3.906711339950561523e+00,6.579277038574218750e+00,7.168178081512451172e+00,6.301368713378906250e+00,1.089492607116699219e+01,5.051207065582275391e+00
4.617452144622802734e+00,4.117768287658691406e+00,-1.197447061538696289e+00,6.451339244842529297e+00,3.899214029312133789e+00,6.848277568817138672e+00,7.177052974700927734e+00,6.427281379699707031e+00,1.130393505096435547e+01,5.037929534912109375e+00
4.678556442260742188e+00,3.848371028900146484e+00,-1.123737931251525879e+00,6.604382991790771484e+00,3.923571586608886719e+00,6.684569835662841797e+00,7.173171043395996094e+00,6.351312637329101562e+00,1.097462558746337891e+01,5.081553459167480469e+00
4.572320461273193359e+00,3.886371135711669922e+00,-1.443472743034362793e+00,6.448621273040771484e+00,3.881432533264160156e+00,6.634491920471191406e+00,7.202907562255859375e+00,6.394787788391113281e+00,1.114554405212402344e+01,5.000179290771484375e+00
4.620888710021972656e+00,3.681786775588989258e+00,-1.433965682983398438e+00,6.515046119689941406e+00,3.825177907943725586e+00,6.531888484954833984e+00,7.043790817260742188e+00,6.144334793090820312e+00,1.073817825317382812e+01,5.024183750152587891e+00
4.697931289672851562e+00,3.662070035934448242e+00,-1.279024243354797363e+00,6.707005500793457031e+00,3.861412763595581055e+00,6.950838088989257812e+00,7.080196380615234375e+00,6.298234462738037109e+00,1.092388916015625000e+01,5.152293205261230469e+00
4.692724227905273438e+00,3.911372184753417969e+00,-1.334205627441406250e+00,6.594369888305664062e+00,3.933635950088500977e+00,7.123239517211914062e+00,7.297236919403076172e+00,6.549457550048828125e+00,1.145488739013671875e+01,5.107691287994384766e+00
4.762856960296630859e+00,3.645716428756713867e+00,-1.215872645378112793e+00,6.735720634460449219e+00,3.919511318206787109e+00,6.998444557189941406e+00,7.284740447998046875e+00,6.477332115173339844e+00,1.112904167175292969e+01,5.176735877990722656e+00
4.733439445495605469e+00,4.236209392547607422e+00,-1.459805607795715332e+00,6.536982536315917969e+00,3.990562200546264648e+00,7.345243453979492188e+00,7.311213016510009766e+00,6.583230495452880859e+00,1.176975059509277344e+01,5.097702980041503906e+00
4.712875366210937500e+00,4.081400871276855469e+00,-1.487570166587829590e+00,6.537175178527832031e+00,4.004585266113281250e+00,7.535106658935546875e+00,7.102818012237548828e+00,6.748387813568115234e+00,1.171307849884033203e+01,5.155717849731445312e+00
4.708360671997070312e+00,4.120471954345703125e+00,-1.388926506042480469e+00,6.513588428497314453e+00,3.957171916961669922e+00,7.140186309814453125e+00,7.351291179656982422e+00,6.654065132141113281e+00,1.170226287841796875e+01,5.078918933868408203e+00
4.772331237792968750e+00,3.770905017852783203e+00,-1.179866790771484375e+00,6.795584678649902344e+00,3.954673290252685547e+00,7.226627349853515625e+00,7.126038074493408203e+00,6.489089012145996094e+00,1.117834663391113281e+01,5.237777709960937500e+00
4.653911113739013672e+00,3.961890697479248047e+00,-1.347197294235229492e+00,6.549134254455566406e+00,3.901124238967895508e+00,7.202917098999023438e+00,7.273513793945312500e+00,6.591630935668945312e+00,1.161265087127685547e+01,5.112711906433105469e+00
4.337402820587158203e+00,4.539040565490722656e+00,-1.662209630012512207e+00,6.678180694580078125e+00,4.108770847320556641e+00,6.932225227355957031e+00,7.429512023925781250e+00,5.950616359710693359e+00,1.139125823974609375e+01,5.137383460998535156e+00
4.579824924468994141e+00,4.796391010284423828e+00,-1.546335458755493164e+00,6.601953983306884766e+00,4.146041870117187500e+00,7.305408477783203125e+00,7.278874397277832031e+00,6.121195793151855469e+00,1.185713005065917969e+01,5.133150100708007812e+00
4.673061847686767578e+00,4.523555755615234375e+00,-1.332359671592712402e+00,6.475312232971191406e+00,3.965843677520751953e+00,7.081395149230957031e+00,7.319213390350341797e+00,6.410913944244384766e+00,1.172241973876953125e+01,5.091984748840332031e+00
4.637812137603759766e+00,5.095719337463378906e+00,-1.829543113708496094e+00,6.619035720825195312e+00,4.274188995361328125e+00,7.209115982055664062e+00,7.023404121398925781e+00,5.856026649475097656e+00,1.194740295410156250e+01,5.179718017578125000e+00
4.706003665924072266e+00,4.022964477539062500e+00,-1.167708039283752441e+00,6.709905624389648438e+00,4.155248165130615234e+00,6.595177173614501953e+00,7.366454124450683594e+00,6.346611499786376953e+00,1.091817378997802734e+01,5.057573318481445312e+00
4.387559890747070312e+00,3.903965950012207031e+00,-1.997851610183715820e+00,7.108758926391601562e+00,4.318134784698486328e+00,7.529366493225097656e+00,7.345845699310302734e+00,5.571010589599609375e+00,1.061401176452636719e+01,5.301002502441406250e+00
4.062167644500732422e+00,3.669788837432861328e+00,-1.988909482955932617e+00,7.163597106933593750e+00,4.123116016387939453e+00,7.528837203979492188e+00,7.593080520629882812e+00,5.170392990112304688e+00,1.042868423461914062e+01,5.212219238281250000e+00
4.300345420837402344e+00,4.246805191040039062e+00,-2.231821060180664062e+00,7.192008972167968750e+00,4.097760200500488281e+00,6.863959789276123047e+00,7.458918571472167969e+00,4.856783866882324219e+00,1.009929275512695312e+01,5.001739978790283203e+00
4.661716461181640625e+00,3.594335794448852539e+00,-1.196694374084472656e+00,6.895899772644042969e+00,4.052525997161865234e+00,7.351312637329101562e+00,7.142005443572998047e+00,6.253795623779296875e+00,1.083302307128906250e+01,5.284317016601562500e+00
4.223177909851074219e+00,3.805582761764526367e+00,-1.718443512916564941e+00,7.049469947814941406e+00,4.252159118652343750e+00,7.442994117736816406e+00,7.373530387878417969e+00,5.430288791656494141e+00,1.040369796752929688e+01,5.234242439270019531e+00
4.745979309082031250e+00,3.603420019149780273e+00,-1.314396381378173828e+00,6.681899070739746094e+00,3.963549375534057617e+00,7.132078170776367188e+00,7.434976100921630859e+00,6.058928489685058594e+00,1.094588470458984375e+01,5.183331489562988281e+00
4.631837368011474609e+00,3.742795467376708984e+00,-1.197560429573059082e+00,6.827799797058105469e+00,4.045742034912109375e+00,7.364448547363281250e+00,7.219252586364746094e+00,6.166279792785644531e+00,1.095227622985839844e+01,5.290881156921386719e+00
4.670792579650878906e+00,3.797735929489135742e+00,-1.496733427047729492e+00,6.683980941772460938e+00,3.982594490051269531e+00,6.951006889343261719e+00,7.257245063781738281e+00,5.839377880096435547e+00,1.072202301025390625e+01,5.187971115112304688e+00
4.660851478576660156e+00,3.614210367202758789e+00,-1.526050090789794922e+00,6.469638824462890625e+00,3.793195247650146484e+00,6.458220958709716797e+00,7.046128749847412109e+00,5.983078002929687500e+00,1.054587364196777344e+01,5.015054702758789062e+00
4.373977661132812500e+00,3.678200244903564453e+00,-1.310212016105651855e+00,6.954413414001464844e+00,4.266133785247802734e+00,7.604079246520996094e+00,7.134955406188964844e+00,5.673375129699707031e+00,1.049308967590332031e+01,5.327490329742431641e+00
4.687393188476562500e+00,3.752931356430053711e+00,-1.301181793212890625e+00,6.741804599761962891e+00,3.979523181915283203e+00,6.986251831054687500e+00,7.072446346282958984e+00,5.999154090881347656e+00,1.074957084655761719e+01,5.231750011444091797e+00
4.746536254882812500e+00,3.670209169387817383e+00,-1.315696477890014648e+00,6.701235771179199219e+00,3.993776321411132812e+00,7.195405006408691406e+00,7.266675949096679688e+00,5.979770660400390625e+00,1.084140968322753906e+01,5.225696563720703125e+00
4.672659873962402344e+00,3.642289638519287109e+00,-1.471822261810302734e+00,6.509070396423339844e+00,3.810856342315673828e+00,6.536500930786132812e+00,6.985773086547851562e+00,5.979323863983154297e+00,1.056318569183349609e+01,5.074007511138916016e+00
4.711105346679687500e+00,3.900073766708374023e+00,-1.355753183364868164e+00,6.757643699645996094e+00,4.039103507995605469e+00,7.348772048950195312e+00,7.169077873229980469e+00,5.981604576110839844e+00,1.096966552734375000e+01,5.315651893615722656e+00
4.718807697296142578e+00,3.698186635971069336e+00,-1.407563686370849609e+00,6.597779273986816406e+00,3.884878396987915039e+00,6.571507453918457031e+00,7.091761589050292969e+00,6.040947914123535156e+00,1.065926456451416016e+01,5.114236831665039062e+00
4.646421909332275391e+00,4.017474174499511719e+00,-1.080046772956848145e+00,6.697806835174560547e+00,3.922273874282836914e+00,7.295785903930664062e+00,6.967968463897705078e+00,6.465587139129638672e+00,1.118171787261962891e+01,5.226775169372558594e+00
4.726454734802246094e+00,3.764845609664916992e+00,-1.269634008407592773e+00,6.701621055603027344e+00,3.920696020126342773e+00,7.113736152648925781e+00,7.206119060516357422e+00,6.438818931579589844e+00,1.120346832275390625e+01,5.176337718963623047e+00
4.769865989685058594e+00,3.653836965560913086e+00,-1.112200617790222168e+00,6.798357009887695312e+00,3.914839029312133789e+00,7.078453063964843750e+00,7.139285087585449219e+00,6.406121253967285156e+00,1.102125549316406250e+01,5.248631954193115234e+00
4.722033977508544922e+00,3.867782354354858398e+00,-1.156033635139465332e+00,6.727045059204101562e+00,3.956218719482421875e+00,7.291162490844726562e+00,7.088622093200683594e+00,6.565188884735107422e+00,1.129137992858886719e+01,5.233774185180664062e+00
4.758002758026123047e+00,3.885521411895751953e+00,-1.254903554916381836e+00,6.742940902709960938e+00,3.993428230285644531e+00,7.297059059143066406e+00,7.160811901092529297e+00,6.513391017913818359e+00,1.132647705078125000e+01,5.216164588928222656e+00
4.729889869689941406e+00,3.881964445114135742e+00,-9.654536247253417969e-01,6.807978630065917969e+00,3.953423261642456055e+00,7.147850036621093750e+00,6.974907398223876953e+00,6.414478302001953125e+00,1.099265480041503906e+01,5.269274711608886719e+00
4.739763736724853516e+00,3.873485326766967773e+00,-1.307775974273681641e+00,6.696354389190673828e+00,3.974730730056762695e+00,7.251931190490722656e+00,7.200802803039550781e+00,6.509256362915039062e+00,1.135690689086914062e+01,5.195928573608398438e+00
4.775771617889404297e+00,3.609519958496093750e+00,-1.135033011436462402e+00,6.815691947937011719e+00,3.906457424163818359e+00,7.087132453918457031e+00,7.126083850860595703e+00,6.434966564178466797e+00,1.102217864990234375e+01,5.250104427337646484e+00
4.759932518005371094e+00,3.817028522491455078e+00,-1.244980573654174805e+00,6.715312957763671875e+00,3.962829113006591797e+00,7.214577674865722656e+00,7.175117015838623047e+00,6.454082489013671875e+00,1.125810241699218750e+01,5.209974288940429688e+00
4.760215282440185547e+00,3.801163196563720703e+00,-1.251327991485595703e+00,6.721147537231445312e+00,3.958480834960937500e+00,7.166240692138671875e+00,7.191811561584472656e+00,6.451688766479492188e+00,1.122207832336425781e+01,5.195240974426269531e+00
4.679429531097412109e+00,4.476876735687255859e+00,-1.227653861045837402e+00,6.355040073394775391e+00,3.860112190246582031e+00,6.795752048492431641e+00,7.231408119201660156e+00,6.309099197387695312e+00,1.156856918334960938e+01,5.046590805053710938e+00
4.681994438171386719e+00,4.519046306610107422e+00,-1.270498394966125488e+00,6.371531963348388672e+00,3.894452571868896484e+00,6.908370494842529297e+00,7.242885112762451172e+00,6.403588771820068359e+00,1.166037178039550781e+01,5.015261650085449219e+00
4.667117118835449219e+00,4.416556835174560547e+00,-1.199162483215332031e+00,6.380518436431884766e+00,3.872853517532348633e+00,6.814167022705078125e+00,7.217447280883789062e+00,6.341866970062255859e+00,1.148852443695068359e+01,5.060954093933105469e+00
4.664969921112060547e+00,4.234667778015136719e+00,-1.220520973205566406e+00,6.374006271362304688e+00,3.904450654983520508e+00,6.676321029663085938e+00,7.287449836730957031e+00,6.419617652893066406e+00,1.140864086151123047e+01,5.004158496856689453e+00
4.667639255523681641e+00,4.489977836608886719e+00,-1.317831397056579590e+00,6.462843418121337891e+00,3.990339517593383789e+00,7.086997032165527344e+00,7.295847892761230469e+00,6.466222763061523438e+00,1.168271446228027344e+01,5.047749519348144531e+00
4.834286689758300781e+00,5.120995998382568359e+00,-1.668564319610595703e+00,6.572020530700683594e+00,4.364970207214355469e+00,7.067798614501953125e+00,6.926432609558105469e+00,5.983763694763183594e+00,1.213513755798339844e+01,5.128817558288574219e+00
4.695394992828369141e+00,4.455466270446777344e+00,-1.395588040351867676e+00,6.401650905609130859e+00,3.936534643173217773e+00,7.020386695861816406e+00,7.289648532867431641e+00,6.449774265289306641e+00,1.168898296356201172e+01,5.002506256103515625e+00
4.615329742431640625e+00,4.283014774322509766e+00,-1.232161641120910645e+00,6.498324871063232422e+00,3.914786338806152344e+00,7.268730163574218750e+00,7.076721191406250000e+00,6.564058780670166016e+00,1.154518890380859375e+01,5.086769104003906250e+00
4.685379981994628906e+00,4.561092853546142578e+00,-1.205442547798156738e+00,6.374727249145507812e+00,3.911402225494384766e+00,7.017948150634765625e+00,7.167961120605468750e+00,6.368798255920410156e+00,1.163891029357910156e+01,5.091898918151855469e+00
4.728918075561523438e+00,4.511432170867919922e+00,-1.545331597328186035e+00,6.471289157867431641e+00,4.062811374664306641e+00,7.345975875854492188e+00,7.285746574401855469e+00,6.602190971374511719e+00,1.179732513427734375e+01,5.126656532287597656e+00
4.683970451354980469e+00,4.591202735900878906e+00,-1.321712493896484375e+00,6.412944793701171875e+00,3.985161304473876953e+00,7.343467712402343750e+00,7.080197811126708984e+00,6.510680198669433594e+00,1.174839687347412109e+01,5.098751068115234375e+00
4.800333976745605469e+00,4.847169876098632812e+00,-1.369685292243957520e+00,6.424581527709960938e+00,4.166374683380126953e+00,7.073390960693359375e+00,7.049015998840332031e+00,6.359202861785888672e+00,1.196679496765136719e+01,5.137090682983398438e+00
4.635529518127441406e+00,4.365144252777099609e+00,-1.219539403915405273e+00,6.476007461547851562e+00,3.934665918350219727e+00,7.461850166320800781e+00,6.954926013946533203e+00,6.572258472442626953e+00,1.160014152526855469e+01,5.124596595764160156e+00
4.725241184234619141e+00,4.685332775115966797e+00,-1.334637045860290527e+00,6.410473346710205078e+00,3.993896722793579102e+00,7.259074211120605469e+00,7.170778274536132812e+00,6.451243877410888672e+00,1.182671928405761719e+01,5.121127128601074219e+00
4.634947299957275391e+00,4.363579750061035156e+00,-1.245007038116455078e+00,6.481754302978515625e+00,3.950099945068359375e+00,7.488332748413085938e+00,6.968110561370849609e+00,6.582406997680664062e+00,1.161180686950683594e+01,5.097035884857177734e+00
4.623552322387695312e+00,4.289794445037841797e+00,-1.180068969726562500e+00,6.508275985717773438e+00,3.931662082672119141e+00,7.515581130981445312e+00,6.906125545501708984e+00,6.596134662628173828e+00,1.152400207519531250e+01,5.158903598785400391e+00
4.678757667541503906e+00,4.544729232788085938e+00,-1.310301065444946289e+00,6.425733089447021484e+00,3.971029758453369141e+00,7.333534240722656250e+00,7.085869312286376953e+00,6.510701179504394531e+00,1.173397254943847656e+01,5.098995208740234375e+00
4.656270980834960938e+00,4.499103546142578125e+00,-1.261315822601318359e+00,6.459783554077148438e+00,3.960443258285522461e+00,7.483411788940429688e+00,6.989511013031005859e+00,6.541292190551757812e+00,1.168954372406005859e+01,5.138434886932373047e+00
4.745465278625488281e+00,4.799368381500244141e+00,-1.405168175697326660e+00,6.453217029571533203e+00,4.074959754943847656e+00,7.226199150085449219e+00,7.095220565795898438e+00,6.320290565490722656e+00,1.188858032226562500e+01,5.146542549133300781e+00
4.717827796936035156e+00,4.578740119934082031e+00,-1.360722064971923828e+00,6.411993503570556641e+00,4.004996776580810547e+00,7.359189033508300781e+00,7.184761047363281250e+00,6.505745410919189453e+00,1.180994701385498047e+01,5.122773170471191406e+00
4.440657138824462891e+00,4.665267467498779297e+00,-1.987061142921447754e+00,6.516720771789550781e+00,4.272884368896484375e+00,8.097636222839355469e+00,7.174979209899902344e+00,6.906049251556396484e+00,1.179183578491210938e+01,5.278475761413574219e+00
4.738544464111328125e+00,3.219691991806030273e+00,-1.724223971366882324e+00,7.167727470397949219e+00,4.297472476959228516e+00,8.046871185302734375e+00,6.715181827545166016e+00,5.915124893188476562e+00,1.043513298034667969e+01,5.596049308776855469e+00
4.597296714782714844e+00,3.902313470840454102e+00,-1.536790847778320312e+00,6.515522480010986328e+00,3.995035409927368164e+00,6.860443115234375000e+00,7.386216640472412109e+00,6.512941360473632812e+00,1.132924079895019531e+01,5.050895690917968750e+00
4.800274848937988281e+00,3.547304153442382812e+00,-1.357471942901611328e+00,7.001180648803710938e+00,4.066201210021972656e+00,7.456041336059570312e+00,7.111073970794677734e+00,6.319493293762207031e+00,1.088142967224121094e+01,5.389423370361328125e+00
4.755387306213378906e+00,3.142016172409057617e+00,-1.730098247528076172e+00,7.095148086547851562e+00,4.234402179718017578e+00,8.451828002929687500e+00,6.653825283050537109e+00,6.050207138061523438e+00,1.048435115814208984e+01,5.619870185852050781e+00
4.624635696411132812e+00,3.980521678924560547e+00,-1.648094534873962402e+00,6.391495704650878906e+00,3.967900037765502930e+00,7.054097175598144531e+00,7.372521877288818359e+00,6.938702583312988281e+00,1.159611988067626953e+01,5.090087890625000000e+00
4.814434051513671875e+00,3.496262788772583008e+00,-9.608793854713439941e-01,6.903787612915039062e+00,4.072958469390869141e+00,7.749926567077636719e+00,6.846910476684570312e+00,6.527770996093750000e+00,1.084436988830566406e+01,5.492153167724609375e+00
4.725195407867431641e+00,3.251848220825195312e+00,-1.691858053207397461e+00,7.103425025939941406e+00,4.271452903747558594e+00,7.860823631286621094e+00,6.811296939849853516e+00,5.968987464904785156e+00,1.048818969726562500e+01,5.524482727050781250e+00
4.713973522186279297e+00,3.657821416854858398e+00,-1.320033311843872070e+00,6.851538658142089844e+00,4.096853733062744141e+00,8.001615524291992188e+00,6.721418380737304688e+00,6.503934860229492188e+00,1.111293029785156250e+01,5.451831817626953125e+00
4.745758533477783203e+00,3.713000297546386719e+00,-1.273397803306579590e+00,6.796253204345703125e+00,4.047723770141601562e+00,7.696990013122558594e+00,6.872524738311767578e+00,6.567214012145996094e+00,1.116230773925781250e+01,5.352329254150390625e+00
4.708214759826660156e+00,4.027779579162597656e+00,-1.847501516342163086e+00,6.456462383270263672e+00,4.063887119293212891e+00,7.294147491455078125e+00,7.380447864532470703e+00,7.062242507934570312e+00,1.174479484558105469e+01,4.989924430847167969e+00
4.712691307067871094e+00,4.061046600341796875e+00,-1.906923770904541016e+00,6.476577281951904297e+00,4.089107513427734375e+00,7.298531532287597656e+00,7.375974655151367188e+00,7.020135879516601562e+00,1.175256156921386719e+01,4.950212001800537109e+00
4.706031799316406250e+00,4.026510238647460938e+00,-1.857568502426147461e+00,6.461118221282958984e+00,4.067377090454101562e+00,7.281199455261230469e+00,7.372900962829589844e+00,7.042311668395996094e+00,1.173243904113769531e+01,4.968980789184570312e+00
4.692365169525146484e+00,4.044094085693359375e+00,-1.868730306625366211e+00,6.441515922546386719e+00,4.065551280975341797e+00,7.261947631835937500e+00,7.343624591827392578e+00,7.017182826995849609e+00,1.171599292755126953e+01,4.961065292358398438e+00
4.708930969238281250e+00,4.037402153015136719e+00,-1.870932579040527344e+00,6.464968681335449219e+00,4.075152397155761719e+00,7.297499656677246094e+00,7.375695705413818359e+00,7.044368267059326172e+00,1.174142646789550781e+01,4.969759941101074219e+00
4.736855506896972656e+00,4.069066047668457031e+00,-1.876084804534912109e+00,6.482344150543212891e+00,4.104204654693603516e+00,7.336486816406250000e+00,7.403510570526123047e+00,7.055174827575683594e+00,1.177724838256835938e+01,4.965350151062011719e+00
4.715297698974609375e+00,4.054965019226074219e+00,-1.848570227622985840e+00,6.468780517578125000e+00,4.081004619598388672e+00,7.281340599060058594e+00,7.379018783569335938e+00,7.025435447692871094e+00,1.174999809265136719e+01,4.969317436218261719e+00
4.724081039428710938e+00,4.059024810791015625e+00,-1.876697301864624023e+00,6.477594375610351562e+00,4.091844558715820312e+00,7.321061134338378906e+00,7.384503841400146484e+00,7.042747497558593750e+00,1.176400947570800781e+01,4.957939147949218750e+00
4.710307121276855469e+00,4.049531936645507812e+00,-1.767070770263671875e+00,6.450547218322753906e+00,4.058640003204345703e+00,7.170911788940429688e+00,7.397017955780029297e+00,6.969855308532714844e+00,1.170887374877929688e+01,4.977062225341796875e+00
4.738308429718017578e+00,4.061354637145996094e+00,-1.844774246215820312e+00,6.484464168548583984e+00,4.095063686370849609e+00,7.299734115600585938e+00,7.398542404174804688e+00,7.039043426513671875e+00,1.177296161651611328e+01,4.971189498901367188e+00
4.661476135253906250e+00,4.019429206848144531e+00,-1.689672112464904785e+00,6.392877578735351562e+00,3.971652507781982422e+00,7.202363967895507812e+00,7.290497303009033203e+00,7.036387443542480469e+00,1.168375778198242188e+01,5.030726432800292969e+00
4.660774230957031250e+00,4.029881477355957031e+00,-1.684547424316406250e+00,6.394969463348388672e+00,3.981912374496459961e+00,7.227811813354492188e+00,7.312067031860351562e+00,7.064596176147460938e+00,1.171178627014160156e+01,5.039071083068847656e+00
4.658981323242187500e+00,4.029882907867431641e+00,-1.691637516021728516e+00,6.417936325073242188e+00,3.989690065383911133e+00,7.267271995544433594e+00,7.315685749053955078e+00,7.076949119567871094e+00,1.172920036315917969e+01,5.027325153350830078e+00
4.654293537139892578e+00,4.021249771118164062e+00,-1.651458501815795898e+00,6.392303466796875000e+00,3.966416597366333008e+00,7.170168876647949219e+00,7.320775508880615234e+00,7.027087211608886719e+00,1.168681335449218750e+01,5.048477172851562500e+00
4.659101009368896484e+00,4.030350685119628906e+00,-1.683157920837402344e+00,6.393845558166503906e+00,3.978633165359497070e+00,7.228726387023925781e+00,7.302839756011962891e+00,7.057640075683593750e+00,1.170556163787841797e+01,5.035707473754882812e+00
4.677892208099365234e+00,4.014442920684814453e+00,-1.749526739120483398e+00,6.415497303009033203e+00,4.028534412384033203e+00,7.208103179931640625e+00,7.360443592071533203e+00,7.061620712280273438e+00,1.170269203186035156e+01,5.049927711486816406e+00
4.658528327941894531e+00,4.027289390563964844e+00,-1.681324839591979980e+00,6.389579772949218750e+00,3.977497577667236328e+00,7.221571922302246094e+00,7.299215316772460938e+00,7.051467895507812500e+00,1.169607543945312500e+01,5.033988952636718750e+00
4.655836105346679688e+00,4.020958900451660156e+00,-1.674344182014465332e+00,6.375729560852050781e+00,3.966015815734863281e+00,7.187682151794433594e+00,7.289347171783447266e+00,7.031826019287109375e+00,1.167340278625488281e+01,5.031700134277343750e+00
4.656438827514648438e+00,4.027724266052246094e+00,-1.694168806076049805e+00,6.379411697387695312e+00,3.978686571121215820e+00,7.215532302856445312e+00,7.300143241882324219e+00,7.057240486145019531e+00,1.169381237030029297e+01,5.034938335418701172e+00
4.655615806579589844e+00,4.017554283142089844e+00,-1.680014133453369141e+00,6.377094268798828125e+00,3.963956117630004883e+00,7.167634963989257812e+00,7.291306495666503906e+00,7.024289131164550781e+00,1.166758728027343750e+01,5.040907859802246094e+00
4.708234310150146484e+00,4.235777854919433594e+00,-1.683351278305053711e+00,6.440314292907714844e+00,4.098488330841064453e+00,7.267384529113769531e+00,7.354785442352294922e+00,6.958558082580566406e+00,1.176602649688720703e+01,5.005529403686523438e+00
4.835584640502929688e+00,5.117974281311035156e+00,-1.569411993026733398e+00,6.551331520080566406e+00,4.348862171173095703e+00,7.022605895996093750e+00,6.959286689758300781e+00,6.016728401184082031e+00,1.213483810424804688e+01,5.140648841857910156e+00
4.837208747863769531e+00,5.012386322021484375e+00,-1.566340684890747070e+00,6.519234657287597656e+00,4.300064563751220703e+00,7.014991760253906250e+00,7.072134971618652344e+00,6.240612983703613281e+00,1.208661174774169922e+01,5.128066062927246094e+00
4.828326225280761719e+00,4.991562843322753906e+00,-1.438126087188720703e+00,6.500663757324218750e+00,4.260991096496582031e+00,6.983933448791503906e+00,7.114582061767578125e+00,6.194387435913085938e+00,1.209808540344238281e+01,5.127888202667236328e+00
4.736617088317871094e+00,4.880103588104248047e+00,-1.470885276794433594e+00,6.517843246459960938e+00,4.164626598358154297e+00,6.899052619934082031e+00,7.077410697937011719e+00,6.066445350646972656e+00,1.187629604339599609e+01,5.079127311706542969e+00
4.822415351867675781e+00,5.091360092163085938e+00,-1.705768942832946777e+00,6.593760490417480469e+00,4.328931331634521484e+00,7.050740242004394531e+00,7.015549659729003906e+00,5.951877593994140625e+00,1.206462478637695312e+01,5.160712242126464844e+00
4.751492023468017578e+00,4.597224235534667969e+00,-1.498576998710632324e+00,6.511797904968261719e+00,4.103187561035156250e+00,7.274434089660644531e+00,7.373045444488525391e+00,6.564075469970703125e+00,1.190583038330078125e+01,5.111086368560791016e+00
4.726647853851318359e+00,4.290554046630859375e+00,-1.509498119354248047e+00,6.441529273986816406e+00,4.005374431610107422e+00,7.057600021362304688e+00,7.406702041625976562e+00,6.629380226135253906e+00,1.174258995056152344e+01,5.075374603271484375e+00
4.649159908294677734e+00,4.155048847198486328e+00,-1.400592684745788574e+00,6.402738571166992188e+00,3.906457901000976562e+00,6.626073837280273438e+00,7.292391300201416016e+00,6.456937789916992188e+00,1.141654205322265625e+01,4.997380256652832031e+00
4.715214729309082031e+00,4.198692321777343750e+00,-1.470203518867492676e+00,6.468159198760986328e+00,3.975225210189819336e+00,6.960044384002685547e+00,7.435088157653808594e+00,6.612041473388671875e+00,1.169595718383789062e+01,5.059815883636474609e+00
