9.116886138916015625e+00,9.219608306884765625e+00,2.308508872985839844e+00,8.989464759826660156e+00,5.983687400817871094e+00,7.878973960876464844e+00,8.638797760009765625e+00,8.005521774291992188e+00,1.302658748626708984e+01,9.802113533020019531e+00,1.103328323364257812e+01,1.314585113525390625e+01
9.142793655395507812e+00,9.245341300964355469e+00,2.384481906890869141e+00,9.041136741638183594e+00,6.017461776733398438e+00,7.944194793701171875e+00,8.729234695434570312e+00,8.048891067504882812e+00,1.298683166503906250e+01,9.809372901916503906e+00,1.102881526947021484e+01,1.312469577789306641e+01
9.102091789245605469e+00,9.186005592346191406e+00,2.197954654693603516e+00,8.760423660278320312e+00,5.973318099975585938e+00,7.782138824462890625e+00,8.306879043579101562e+00,7.818997383117675781e+00,1.301282119750976562e+01,9.666744232177734375e+00,1.110671043395996094e+01,1.301624202728271484e+01
9.177387237548828125e+00,9.235709190368652344e+00,2.463307142257690430e+00,8.994084358215332031e+00,6.026734352111816406e+00,7.977525711059570312e+00,8.620962142944335938e+00,8.096876144409179688e+00,1.314291191101074219e+01,9.854811668395996094e+00,1.114589500427246094e+01,1.325149154663085938e+01
9.120259284973144531e+00,9.274377822875976562e+00,2.459676027297973633e+00,9.066115379333496094e+00,5.952455520629882812e+00,8.330009460449218750e+00,8.836648941040039062e+00,8.029135704040527344e+00,1.306254386901855469e+01,9.797495841979980469e+00,1.100868701934814453e+01,1.311196613311767578e+01
9.130184173583984375e+00,9.315979003906250000e+00,2.488286972045898438e+00,8.985939979553222656e+00,6.027870178222656250e+00,8.459319114685058594e+00,8.804191589355468750e+00,8.096978187561035156e+00,1.314699649810791016e+01,9.777658462524414062e+00,1.107518005371093750e+01,1.318872261047363281e+01
9.130807876586914062e+00,9.143308639526367188e+00,2.328112840652465820e+00,8.957328796386718750e+00,6.049458503723144531e+00,7.951139450073242188e+00,8.653341293334960938e+00,7.994875431060791016e+00,1.294900226593017578e+01,9.781714439392089844e+00,1.101189422607421875e+01,1.310935211181640625e+01
9.138437271118164062e+00,9.169953346252441406e+00,2.361074447631835938e+00,8.938715934753417969e+00,6.015478134155273438e+00,7.894281387329101562e+00,8.603692054748535156e+00,8.004942893981933594e+00,1.292883396148681641e+01,9.796585083007812500e+00,1.105546379089355469e+01,1.309759330749511719e+01
9.107737541198730469e+00,9.102023124694824219e+00,2.084929227828979492e+00,8.725045204162597656e+00,5.935257911682128906e+00,7.750241279602050781e+00,8.258054733276367188e+00,7.726943016052246094e+00,1.287383937835693359e+01,9.633232116699218750e+00,1.104537010192871094e+01,1.292855739593505859e+01
9.152984619140625000e+00,9.131657600402832031e+00,2.394256114959716797e+00,8.932064056396484375e+00,6.080948829650878906e+00,8.101830482482910156e+00,8.678359985351562500e+00,8.005570411682128906e+00,1.295942020416259766e+01,9.736676216125488281e+00,1.104708766937255859e+01,1.313799476623535156e+01
9.102623939514160156e+00,8.894235610961914062e+00,2.789331912994384766e+00,9.180013656616210938e+00,5.991263389587402344e+00,8.718955039978027344e+00,9.278286933898925781e+00,8.095568656921386719e+00,1.269055461883544922e+01,9.649929046630859375e+00,1.065633201599121094e+01,1.258245086669921875e+01
9.140276908874511719e+00,8.889464378356933594e+00,2.770804643630981445e+00,9.064352035522460938e+00,5.993533134460449219e+00,8.670335769653320312e+00,9.064872741699218750e+00,8.144093513488769531e+00,1.273389720916748047e+01,9.618208885192871094e+00,1.073083019256591797e+01,1.272510147094726562e+01
9.286846160888671875e+00,8.906121253967285156e+00,2.507697820663452148e+00,8.901161193847656250e+00,5.957995414733886719e+00,7.990255355834960938e+00,8.854906082153320312e+00,7.977985382080078125e+00,1.276962566375732422e+01,9.589608192443847656e+00,1.086268234252929688e+01,1.290803718566894531e+01
9.225103378295898438e+00,8.932749748229980469e+00,2.880246877670288086e+00,9.206175804138183594e+00,6.110160827636718750e+00,8.498333930969238281e+00,9.426855087280273438e+00,8.240060806274414062e+00,1.275954437255859375e+01,9.650847434997558594e+00,1.060969448089599609e+01,1.253363132476806641e+01
9.256881713867187500e+00,8.735793113708496094e+00,2.923115015029907227e+00,9.144162178039550781e+00,6.042715072631835938e+00,8.733916282653808594e+00,9.163717269897460938e+00,8.279315948486328125e+00,1.264329624176025391e+01,9.663732528686523438e+00,1.058696460723876953e+01,1.254058170318603516e+01
9.432608604431152344e+00,8.695911407470703125e+00,3.248676300048828125e+00,9.319116592407226562e+00,6.088716506958007812e+00,8.437492370605468750e+00,9.624261856079101562e+00,8.384996414184570312e+00,1.248889541625976562e+01,9.580178260803222656e+00,1.017154502868652344e+01,1.214336013793945312e+01
9.401714324951171875e+00,8.738687515258789062e+00,2.908177614212036133e+00,9.067033767700195312e+00,6.006578445434570312e+00,8.286377906799316406e+00,9.015502929687500000e+00,8.251693725585937500e+00,1.261773872375488281e+01,9.627979278564453125e+00,1.066397953033447266e+01,1.265748977661132812e+01
9.239967346191406250e+00,8.912139892578125000e+00,2.527021169662475586e+00,8.997293472290039062e+00,5.916672706604003906e+00,8.118396759033203125e+00,8.942925453186035156e+00,7.928957462310791016e+00,1.246619796752929688e+01,9.568712234497070312e+00,1.078565025329589844e+01,1.274301528930664062e+01
9.252921104431152344e+00,8.729223251342773438e+00,2.870535612106323242e+00,9.083780288696289062e+00,6.022387504577636719e+00,8.684584617614746094e+00,8.996597290039062500e+00,8.244356155395507812e+00,1.268556118011474609e+01,9.659089088439941406e+00,1.072175216674804688e+01,1.270468616485595703e+01
9.382403373718261719e+00,8.387109756469726562e+00,2.935839176177978516e+00,9.295485496520996094e+00,6.028152465820312500e+00,8.703613281250000000e+00,9.103401184082031250e+00,8.298549652099609375e+00,1.240761184692382812e+01,9.779101371765136719e+00,1.051647186279296875e+01,1.235101604461669922e+01
9.207063674926757812e+00,9.020291328430175781e+00,2.233411788940429688e+00,8.622470855712890625e+00,5.824995040893554688e+00,7.563747406005859375e+00,8.367130279541015625e+00,7.887835025787353516e+00,1.283092880249023438e+01,9.459437370300292969e+00,1.088869857788085938e+01,1.262894344329833984e+01
9.292442321777343750e+00,9.001736640930175781e+00,2.506516933441162109e+00,8.778863906860351562e+00,5.950413703918457031e+00,7.818407058715820312e+00,8.600655555725097656e+00,8.089524269104003906e+00,1.304637908935546875e+01,9.592095375061035156e+00,1.089924430847167969e+01,1.277014160156250000e+01
9.270288467407226562e+00,9.205301284790039062e+00,2.615430831909179688e+00,8.929567337036132812e+00,6.089549064636230469e+00,8.003432273864746094e+00,8.896476745605468750e+00,8.225376129150390625e+00,1.323939990997314453e+01,9.679525375366210938e+00,1.093097114562988281e+01,1.282948780059814453e+01
9.295241355895996094e+00,9.028266906738281250e+00,2.570704221725463867e+00,8.805678367614746094e+00,6.037537574768066406e+00,7.917551994323730469e+00,8.628083229064941406e+00,8.123229980468750000e+00,1.299682331085205078e+01,9.608078956604003906e+00,1.097221279144287109e+01,1.293240261077880859e+01
9.263163566589355469e+00,9.082394599914550781e+00,2.724183082580566406e+00,9.107911109924316406e+00,6.043338775634765625e+00,8.086846351623535156e+00,9.239075660705566406e+00,8.211988449096679688e+00,1.297433376312255859e+01,9.675250053405761719e+00,1.076712894439697266e+01,1.277239608764648438e+01
9.267846107482910156e+00,9.028212547302246094e+00,2.430154800415039062e+00,8.683014869689941406e+00,5.871152877807617188e+00,7.821736335754394531e+00,8.447449684143066406e+00,7.962591648101806641e+00,1.296698760986328125e+01,9.539683341979980469e+00,1.095658302307128906e+01,1.287806224822998047e+01
9.315436363220214844e+00,8.936902999877929688e+00,2.575376510620117188e+00,8.914640426635742188e+00,6.079696655273437500e+00,7.732955932617187500e+00,8.809290885925292969e+00,8.144392967224121094e+00,1.289215946197509766e+01,9.633879661560058594e+00,1.082815265655517578e+01,1.273141956329345703e+01
9.392382621765136719e+00,8.914628028869628906e+00,2.724340915679931641e+00,8.927794456481933594e+00,6.071226119995117188e+00,7.893982887268066406e+00,8.865392684936523438e+00,8.265889167785644531e+00,1.304199123382568359e+01,9.701428413391113281e+00,1.080475521087646484e+01,1.273833942413330078e+01
9.407346725463867188e+00,9.123668670654296875e+00,3.052709102630615234e+00,9.143917083740234375e+00,6.091538429260253906e+00,8.041651725769042969e+00,9.475938796997070312e+00,8.345246315002441406e+00,1.310101604461669922e+01,9.714131355285644531e+00,1.059454250335693359e+01,1.265582847595214844e+01
9.393198966979980469e+00,8.942328453063964844e+00,2.708887577056884766e+00,8.875730514526367188e+00,6.017779350280761719e+00,7.913454055786132812e+00,8.812936782836914062e+00,8.263668060302734375e+00,1.298379421234130859e+01,9.618625640869140625e+00,1.087986755371093750e+01,1.281466865539550781e+01
9.058733940124511719e+00,9.340621948242187500e+00,2.246288776397705078e+00,8.714786529541015625e+00,5.877421379089355469e+00,7.799864768981933594e+00,8.389705657958984375e+00,7.921763896942138672e+00,1.324495410919189453e+01,9.688169479370117188e+00,1.111904430389404297e+01,1.305853748321533203e+01
9.080494880676269531e+00,9.329213142395019531e+00,2.233748197555541992e+00,8.724169731140136719e+00,5.940958976745605469e+00,7.798522949218750000e+00,8.428293228149414062e+00,7.926394939422607422e+00,1.322668647766113281e+01,9.688456535339355469e+00,1.112812709808349609e+01,1.308809947967529297e+01
9.074522018432617188e+00,9.352852821350097656e+00,2.267106294631958008e+00,8.727616310119628906e+00,5.879034996032714844e+00,7.842082023620605469e+00,8.398319244384765625e+00,7.955423355102539062e+00,1.322203731536865234e+01,9.691152572631835938e+00,1.106905174255371094e+01,1.308965778350830078e+01
9.099393844604492188e+00,9.326958656311035156e+00,2.244645833969116211e+00,8.816853523254394531e+00,6.036320686340332031e+00,7.767971992492675781e+00,8.570438385009765625e+00,7.960324764251708984e+00,1.319811248779296875e+01,9.746091842651367188e+00,1.114358901977539062e+01,1.317612361907958984e+01
9.131353378295898438e+00,9.369616508483886719e+00,2.481405496597290039e+00,8.732323646545410156e+00,5.842761993408203125e+00,7.966974258422851562e+00,8.458027839660644531e+00,8.028560638427734375e+00,1.328381061553955078e+01,9.705246925354003906e+00,1.107093811035156250e+01,1.311817455291748047e+01
9.068062782287597656e+00,9.338160514831542969e+00,2.256199121475219727e+00,8.711487770080566406e+00,5.832578659057617188e+00,7.790328979492187500e+00,8.408553123474121094e+00,7.934144973754882812e+00,1.319679164886474609e+01,9.655662536621093750e+00,1.106468200683593750e+01,1.303084373474121094e+01
9.183225631713867188e+00,9.535455703735351562e+00,2.573101043701171875e+00,8.964317321777343750e+00,5.946294784545898438e+00,8.356430053710937500e+00,9.018474578857421875e+00,8.199217796325683594e+00,1.333654880523681641e+01,9.735280990600585938e+00,1.110184574127197266e+01,1.320167160034179688e+01
9.201279640197753906e+00,9.616281509399414062e+00,2.633652687072753906e+00,8.947852134704589844e+00,5.906418800354003906e+00,8.465872764587402344e+00,8.997192382812500000e+00,8.227128982543945312e+00,1.345450878143310547e+01,9.774750709533691406e+00,1.112743186950683594e+01,1.329010868072509766e+01
9.151883125305175781e+00,9.564680099487304688e+00,2.531074762344360352e+00,8.934962272644042969e+00,6.168895721435546875e+00,8.416535377502441406e+00,8.853578567504882812e+00,8.270411491394042969e+00,1.353830337524414062e+01,9.840422630310058594e+00,1.132909297943115234e+01,1.334523010253906250e+01
9.112617492675781250e+00,9.379756927490234375e+00,2.304022789001464844e+00,8.858027458190917969e+00,6.008242607116699219e+00,7.845382690429687500e+00,8.682958602905273438e+00,8.014314651489257812e+00,1.319370555877685547e+01,9.733950614929199219e+00,1.115568256378173828e+01,1.319709682464599609e+01
9.228136062622070312e+00,8.967301368713378906e+00,2.559844493865966797e+00,8.899202346801757812e+00,5.887776374816894531e+00,8.031936645507812500e+00,9.100573539733886719e+00,7.732051849365234375e+00,1.247651386260986328e+01,9.442858695983886719e+00,1.064381217956542969e+01,1.255121040344238281e+01
9.228827476501464844e+00,8.903934478759765625e+00,2.706989526748657227e+00,8.958423614501953125e+00,5.864617347717285156e+00,8.596652984619140625e+00,9.089537620544433594e+00,7.920482158660888672e+00,1.262596321105957031e+01,9.571898460388183594e+00,1.062286758422851562e+01,1.260717296600341797e+01
9.066656112670898438e+00,9.160335540771484375e+00,2.695667028427124023e+00,8.993536949157714844e+00,5.869876861572265625e+00,8.839188575744628906e+00,9.057725906372070312e+00,7.958711624145507812e+00,1.293312740325927734e+01,9.634322166442871094e+00,1.082336616516113281e+01,1.295042133331298828e+01
9.061128616333007812e+00,8.971280097961425781e+00,2.724243402481079102e+00,9.070511817932128906e+00,5.991879463195800781e+00,8.951855659484863281e+00,9.035233497619628906e+00,8.144577980041503906e+00,1.280966949462890625e+01,9.670521736145019531e+00,1.080383205413818359e+01,1.286411666870117188e+01
9.082423210144042969e+00,9.068291664123535156e+00,2.693936109542846680e+00,9.045484542846679688e+00,5.980640411376953125e+00,8.876741409301757812e+00,9.131061553955078125e+00,8.077963829040527344e+00,1.280237007141113281e+01,9.633665084838867188e+00,1.074732971191406250e+01,1.279663467407226562e+01
9.085309982299804688e+00,8.988521575927734375e+00,2.712256193161010742e+00,8.976463317871093750e+00,5.931859016418457031e+00,8.765291213989257812e+00,9.139101982116699219e+00,7.863625049591064453e+00,1.260285568237304688e+01,9.569082260131835938e+00,1.059867477416992188e+01,1.263745689392089844e+01
9.056486129760742188e+00,9.062899589538574219e+00,2.705256223678588867e+00,9.004858970642089844e+00,5.949925422668457031e+00,8.867189407348632812e+00,9.087289810180664062e+00,7.999014854431152344e+00,1.272839546203613281e+01,9.596172332763671875e+00,1.073718070983886719e+01,1.275246524810791016e+01
9.153772354125976562e+00,9.211436271667480469e+00,2.634255409240722656e+00,8.851461410522460938e+00,5.716790199279785156e+00,8.144525527954101562e+00,8.877176284790039062e+00,7.725104808807373047e+00,1.291650581359863281e+01,9.508440017700195312e+00,1.087472152709960938e+01,1.299044036865234375e+01
9.091032981872558594e+00,9.015107154846191406e+00,2.718513250350952148e+00,9.030665397644042969e+00,5.998785018920898438e+00,8.867229461669921875e+00,9.170531272888183594e+00,8.066963195800781250e+00,1.271630573272705078e+01,9.597311019897460938e+00,1.067294406890869141e+01,1.266535949707031250e+01
9.080783843994140625e+00,9.007388114929199219e+00,2.662122011184692383e+00,9.074588775634765625e+00,5.983369827270507812e+00,8.780642509460449219e+00,9.314342498779296875e+00,7.905778408050537109e+00,1.252732944488525391e+01,9.533627510070800781e+00,1.047467041015625000e+01,1.248778629302978516e+01
9.068783760070800781e+00,9.171576499938964844e+00,2.200153589248657227e+00,8.933467864990234375e+00,5.936627388000488281e+00,7.859016418457031250e+00,8.685054779052734375e+00,7.756065845489501953e+00,1.280743980407714844e+01,9.653611183166503906e+00,1.101466560363769531e+01,1.301905727386474609e+01
9.066605567932128906e+00,9.121188163757324219e+00,2.069175004959106445e+00,8.952757835388183594e+00,5.952248573303222656e+00,7.742389678955078125e+00,8.690712928771972656e+00,7.676402568817138672e+00,1.268191623687744141e+01,9.638149261474609375e+00,1.099172878265380859e+01,1.294871616363525391e+01
9.063187599182128906e+00,9.002261161804199219e+00,2.249110221862792969e+00,8.969565391540527344e+00,5.986134529113769531e+00,7.988402366638183594e+00,8.845964431762695312e+00,7.664276123046875000e+00,1.249390697479248047e+01,9.632001876831054688e+00,1.080686378479003906e+01,1.276165294647216797e+01
9.121411323547363281e+00,9.143489837646484375e+00,2.251883268356323242e+00,8.953672409057617188e+00,6.079178810119628906e+00,7.982303619384765625e+00,8.592463493347167969e+00,7.993578433990478516e+00,1.298987865447998047e+01,9.742121696472167969e+00,1.111823463439941406e+01,1.310280132293701172e+01
9.127813339233398438e+00,8.991661071777343750e+00,2.152950525283813477e+00,8.996678352355957031e+00,6.076319694519042969e+00,8.059494018554687500e+00,8.715162277221679688e+00,7.923051357269287109e+00,1.275065326690673828e+01,9.759676933288574219e+00,1.097370433807373047e+01,1.294498825073242188e+01
9.112846374511718750e+00,9.018979072570800781e+00,2.272842884063720703e+00,8.982357978820800781e+00,6.035167694091796875e+00,8.052173614501953125e+00,8.757387161254882812e+00,7.870337963104248047e+00,1.272157192230224609e+01,9.699160575866699219e+00,1.092353057861328125e+01,1.291352748870849609e+01
9.078090667724609375e+00,8.920418739318847656e+00,2.356991529464721680e+00,9.079802513122558594e+00,6.017649650573730469e+00,8.058646202087402344e+00,8.877195358276367188e+00,7.826817512512207031e+00,1.260619068145751953e+01,9.719870567321777344e+00,1.079551029205322266e+01,1.275999641418457031e+01
9.168767929077148438e+00,8.994446754455566406e+00,2.210732698440551758e+00,8.909922599792480469e+00,6.109015464782714844e+00,8.050259590148925781e+00,8.544102668762207031e+00,8.003438949584960938e+00,1.284585475921630859e+01,9.754005432128906250e+00,1.103815555572509766e+01,1.298901844024658203e+01
9.099646568298339844e+00,9.131286621093750000e+00,2.451848030090332031e+00,8.984400749206542969e+00,5.978781700134277344e+00,8.397936820983886719e+00,8.811787605285644531e+00,7.979156017303466797e+00,1.294709682464599609e+01,9.734617233276367188e+00,1.095010089874267578e+01,1.301845836639404297e+01
9.072362899780273438e+00,8.999433517456054688e+00,2.133478641510009766e+00,8.998967170715332031e+00,6.065228462219238281e+00,7.937608718872070312e+00,8.756747245788574219e+00,7.764664173126220703e+00,1.260979175567626953e+01,9.715432167053222656e+00,1.087867450714111328e+01,1.284172534942626953e+01
8.950334548950195312e+00,9.081266403198242188e+00,2.413292884826660156e+00,9.087247848510742188e+00,5.826053619384765625e+00,8.314130783081054688e+00,9.049871444702148438e+00,7.702187538146972656e+00,1.249197578430175781e+01,9.472110748291015625e+00,1.079633331298828125e+01,1.267870044708251953e+01
9.043970108032226562e+00,9.086399078369140625e+00,2.662387847900390625e+00,9.125473976135253906e+00,5.989139556884765625e+00,8.758921623229980469e+00,9.158802986145019531e+00,7.995903968811035156e+00,1.259158992767333984e+01,9.589515686035156250e+00,1.071218872070312500e+01,1.263193702697753906e+01
9.081883430480957031e+00,9.317088127136230469e+00,2.795503139495849609e+00,9.132704734802246094e+00,6.089895248413085938e+00,8.634099960327148438e+00,9.214954376220703125e+00,8.129846572875976562e+00,1.275410461425781250e+01,9.611528396606445312e+00,1.070483970642089844e+01,1.275387763977050781e+01
9.051575660705566406e+00,9.029726028442382812e+00,2.837595462799072266e+00,9.224049568176269531e+00,6.039928436279296875e+00,9.187723159790039062e+00,9.238876342773437500e+00,8.056770324707031250e+00,1.248200511932373047e+01,9.585875511169433594e+00,1.058379268646240234e+01,1.244640445709228516e+01
8.996817588806152344e+00,8.914563179016113281e+00,2.662456512451171875e+00,9.135064125061035156e+00,5.985763549804687500e+00,8.933897018432617188e+00,9.037385940551757812e+00,7.921995639801025391e+00,1.238968181610107422e+01,9.604484558105468750e+00,1.067694854736328125e+01,1.255290985107421875e+01
9.088601112365722656e+00,8.896737098693847656e+00,2.607197999954223633e+00,9.093812942504882812e+00,6.002699851989746094e+00,8.321176528930664062e+00,9.033730506896972656e+00,7.897598266601562500e+00,1.236676216125488281e+01,9.567836761474609375e+00,1.068629646301269531e+01,1.258368396759033203e+01
9.037868499755859375e+00,8.926753044128417969e+00,2.657377958297729492e+00,9.104548454284667969e+00,5.999660491943359375e+00,8.495985031127929688e+00,9.094626426696777344e+00,7.883018493652343750e+00,1.232546806335449219e+01,9.538079261779785156e+00,1.063173961639404297e+01,1.254183959960937500e+01
9.057140350341796875e+00,9.033962249755859375e+00,2.566794395446777344e+00,8.978504180908203125e+00,5.779988288879394531e+00,8.208436012268066406e+00,9.128496170043945312e+00,7.616079330444335938e+00,1.225056171417236328e+01,9.359731674194335938e+00,1.060991764068603516e+01,1.258061218261718750e+01
9.184671401977539062e+00,8.799187660217285156e+00,2.803647756576538086e+00,9.131996154785156250e+00,6.039206504821777344e+00,8.460783004760742188e+00,9.133381843566894531e+00,8.023435592651367188e+00,1.229253864288330078e+01,9.523464202880859375e+00,1.052349376678466797e+01,1.242814350128173828e+01
9.264334678649902344e+00,9.000942230224609375e+00,2.923063278198242188e+00,9.125897407531738281e+00,6.169463157653808594e+00,8.649537086486816406e+00,9.155781745910644531e+00,8.229563713073730469e+00,1.252668476104736328e+01,9.562828063964843750e+00,1.054936122894287109e+01,1.250117397308349609e+01
9.003923416137695312e+00,9.274849891662597656e+00,2.292164802551269531e+00,8.900859832763671875e+00,5.701044082641601562e+00,7.828135490417480469e+00,8.855102539062500000e+00,7.523841857910156250e+00,1.288327026367187500e+01,9.502796173095703125e+00,1.101175880432128906e+01,1.294299793243408203e+01
9.064045906066894531e+00,9.357269287109375000e+00,2.309516668319702148e+00,8.907273292541503906e+00,5.787288665771484375e+00,7.805163383483886719e+00,8.804867744445800781e+00,7.718587875366210938e+00,1.300503540039062500e+01,9.548004150390625000e+00,1.110828399658203125e+01,1.305490970611572266e+01
9.073423385620117188e+00,9.347545623779296875e+00,2.405071020126342773e+00,8.877279281616210938e+00,5.686998367309570312e+00,7.888360977172851562e+00,8.830995559692382812e+00,7.602435588836669922e+00,1.301160621643066406e+01,9.511494636535644531e+00,1.105178642272949219e+01,1.302364349365234375e+01
9.042441368103027344e+00,9.239821434020996094e+00,2.773040056228637695e+00,9.080935478210449219e+00,5.832820892333984375e+00,8.758394241333007812e+00,9.116239547729492188e+00,7.937617301940917969e+00,1.299755668640136719e+01,9.654105186462402344e+00,1.085191631317138672e+01,1.298581314086914062e+01
9.130571365356445312e+00,9.299556732177734375e+00,2.390254974365234375e+00,8.890035629272460938e+00,5.857551574707031250e+00,7.746536254882812500e+00,8.747042655944824219e+00,7.807932853698730469e+00,1.301809501647949219e+01,9.605020523071289062e+00,1.109493160247802734e+01,1.311931228637695312e+01
9.081155776977539062e+00,9.507251739501953125e+00,2.686857938766479492e+00,8.908577919006347656e+00,5.639129638671875000e+00,8.464892387390136719e+00,9.037133216857910156e+00,7.811303138732910156e+00,1.329593658447265625e+01,9.597119331359863281e+00,1.109308624267578125e+01,1.313314819335937500e+01
9.045912742614746094e+00,9.308905601501464844e+00,2.568067789077758789e+00,8.952321052551269531e+00,5.629376411437988281e+00,8.382094383239746094e+00,9.057319641113281250e+00,7.713199138641357422e+00,1.304302692413330078e+01,9.572040557861328125e+00,1.094603538513183594e+01,1.295042896270751953e+01
9.115906715393066406e+00,9.409756660461425781e+00,2.825794696807861328e+00,9.017770767211914062e+00,5.904956817626953125e+00,8.634501457214355469e+00,9.024949073791503906e+00,8.107316970825195312e+00,1.326488113403320312e+01,9.650149345397949219e+00,1.101112937927246094e+01,1.316797828674316406e+01
9.045016288757324219e+00,9.301029205322265625e+00,2.452967405319213867e+00,8.877067565917968750e+00,5.517311096191406250e+00,7.949469566345214844e+00,8.994095802307128906e+00,7.454562664031982422e+00,1.290530204772949219e+01,9.472354888916015625e+00,1.095050525665283203e+01,1.287115192413330078e+01
9.013831138610839844e+00,9.347567558288574219e+00,2.569544553756713867e+00,8.939207077026367188e+00,5.642562866210937500e+00,8.286929130554199219e+00,8.984987258911132812e+00,7.585404396057128906e+00,1.291371059417724609e+01,9.539434432983398438e+00,1.093537139892578125e+01,1.289696121215820312e+01
9.208498001098632812e+00,8.800942420959472656e+00,3.081983089447021484e+00,8.370711326599121094e+00,5.501455307006835938e+00,9.369060516357421875e+00,8.426187515258789062e+00,8.829347610473632812e+00,1.348830032348632812e+01,9.449350357055664062e+00,1.065294551849365234e+01,1.257079315185546875e+01
8.962853431701660156e+00,7.991299629211425781e+00,3.078661918640136719e+00,8.132082939147949219e+00,5.142513275146484375e+00,8.995394706726074219e+00,8.060224533081054688e+00,8.675055503845214844e+00,1.323108863830566406e+01,9.350194931030273438e+00,1.046466922760009766e+01,1.230256462097167969e+01
9.200106620788574219e+00,8.883155822753906250e+00,3.089655160903930664e+00,8.461525917053222656e+00,5.571796417236328125e+00,9.419836044311523438e+00,8.532388687133789062e+00,8.788225173950195312e+00,1.347456741333007812e+01,9.482369422912597656e+00,1.066963863372802734e+01,1.262012100219726562e+01
8.848344802856445312e+00,7.345436096191406250e+00,3.048927068710327148e+00,8.074981689453125000e+00,5.130887985229492188e+00,8.543456077575683594e+00,7.740792274475097656e+00,8.336097717285156250e+00,1.305336666107177734e+01,9.273601531982421875e+00,1.033283042907714844e+01,1.214276504516601562e+01
9.084705352783203125e+00,8.243509292602539062e+00,3.074286937713623047e+00,8.468667984008789062e+00,5.709808349609375000e+00,9.421368598937988281e+00,8.410788536071777344e+00,8.565021514892578125e+00,1.306040763854980469e+01,9.517437934875488281e+00,1.038193511962890625e+01,1.229513168334960938e+01
9.049221992492675781e+00,8.258674621582031250e+00,3.153280019760131836e+00,8.237328529357910156e+00,5.357174873352050781e+00,9.232782363891601562e+00,8.231839179992675781e+00,8.675388336181640625e+00,1.334340763092041016e+01,9.383468627929687500e+00,1.045676612854003906e+01,1.234599399566650391e+01
8.818483352661132812e+00,7.502405643463134766e+00,2.893272161483764648e+00,8.138319015502929688e+00,5.318617820739746094e+00,8.817950248718261719e+00,7.876766204833984375e+00,8.570405960083007812e+00,1.292300319671630859e+01,9.311943054199218750e+00,1.029275894165039062e+01,1.214033126831054688e+01
9.006900787353515625e+00,7.896014213562011719e+00,3.108320713043212891e+00,7.960189819335937500e+00,4.936558723449707031e+00,8.663260459899902344e+00,7.822838306427001953e+00,8.891429901123046875e+00,1.327976322174072266e+01,9.338320732116699219e+00,1.052397346496582031e+01,1.228624248504638672e+01
9.117433547973632812e+00,8.391950607299804688e+00,3.093601465225219727e+00,8.222130775451660156e+00,5.418387413024902344e+00,9.286568641662597656e+00,8.131069183349609375e+00,8.791413307189941406e+00,1.334820747375488281e+01,9.385907173156738281e+00,1.050046730041503906e+01,1.238883686065673828e+01
9.240742683410644531e+00,8.779973030090332031e+00,3.154814720153808594e+00,8.442145347595214844e+00,5.622836112976074219e+00,9.371163368225097656e+00,8.343848228454589844e+00,8.805996894836425781e+00,1.343020534515380859e+01,9.465274810791015625e+00,1.062801170349121094e+01,1.264211273193359375e+01
8.960653305053710938e+00,8.385679244995117188e+00,2.738390207290649414e+00,8.180448532104492188e+00,4.603837966918945312e+00,8.401923179626464844e+00,8.103947639465332031e+00,8.632426261901855469e+00,1.285787677764892578e+01,9.317737579345703125e+00,1.045658111572265625e+01,1.215361213684082031e+01
9.230072975158691406e+00,8.478252410888671875e+00,2.966575384140014648e+00,8.061907768249511719e+00,3.839725971221923828e+00,7.938709259033203125e+00,7.976209163665771484e+00,8.698874473571777344e+00,1.294818878173828125e+01,9.284724235534667969e+00,1.029658603668212891e+01,1.188835906982421875e+01
8.841660499572753906e+00,7.985164165496826172e+00,2.738078594207763672e+00,8.288148880004882812e+00,4.650042533874511719e+00,8.153332710266113281e+00,8.067935943603515625e+00,8.533442497253417969e+00,1.273028182983398438e+01,9.373068809509277344e+00,1.027519035339355469e+01,1.206486415863037109e+01
8.710879325866699219e+00,7.639836311340332031e+00,2.588711738586425781e+00,8.312433242797851562e+00,4.548084259033203125e+00,7.545438766479492188e+00,7.878924846649169922e+00,7.875147342681884766e+00,1.227579212188720703e+01,9.417895317077636719e+00,1.014655494689941406e+01,1.198338794708251953e+01
8.804210662841796875e+00,7.546441078186035156e+00,2.583603858947753906e+00,8.472896575927734375e+00,5.254673957824707031e+00,7.646995544433593750e+00,7.855508804321289062e+00,7.935111522674560547e+00,1.248881244659423828e+01,9.482087135314941406e+00,1.031157207489013672e+01,1.230264186859130859e+01
9.110196113586425781e+00,7.984751701354980469e+00,2.977989673614501953e+00,8.890764236450195312e+00,5.175218582153320312e+00,8.760552406311035156e+00,8.822002410888671875e+00,8.050952911376953125e+00,1.220450115203857422e+01,9.740233421325683594e+00,9.979684829711914062e+00,1.164688014984130859e+01
8.861219406127929688e+00,8.244183540344238281e+00,2.611461400985717773e+00,8.524076461791992188e+00,4.975654602050781250e+00,8.804302215576171875e+00,8.150581359863281250e+00,8.351162910461425781e+00,1.224668598175048828e+01,9.703397750854492188e+00,1.016165637969970703e+01,1.182543659210205078e+01
9.198328971862792969e+00,8.357342720031738281e+00,2.875245571136474609e+00,8.463669776916503906e+00,4.538290977478027344e+00,8.059454917907714844e+00,8.047243118286132812e+00,8.590487480163574219e+00,1.266968917846679688e+01,9.526502609252929688e+00,1.030058002471923828e+01,1.176919937133789062e+01
9.079732894897460938e+00,7.336205482482910156e+00,2.829010009765625000e+00,8.490557670593261719e+00,4.303726196289062500e+00,7.474292755126953125e+00,7.476931571960449219e+00,8.445341110229492188e+00,1.237173271179199219e+01,9.611234664916992188e+00,9.863236427307128906e+00,1.150385761260986328e+01
8.558227539062500000e+00,7.726462364196777344e+00,2.569714069366455078e+00,8.019078254699707031e+00,4.526228904724121094e+00,7.447690963745117188e+00,7.228598594665527344e+00,8.397161483764648438e+00,1.207617378234863281e+01,9.249023437500000000e+00,1.019277572631835938e+01,1.200766944885253906e+01
8.989647865295410156e+00,9.368540763854980469e+00,3.280508756637573242e+00,8.089053153991699219e+00,5.415615081787109375e+00,8.841552734375000000e+00,8.723246574401855469e+00,9.376253128051757812e+00,1.370401573181152344e+01,9.802341461181640625e+00,1.116187667846679688e+01,1.267406082153320312e+01
9.094408035278320312e+00,9.429180145263671875e+00,3.409537315368652344e+00,8.246396064758300781e+00,5.610299110412597656e+00,8.972632408142089844e+00,8.769612312316894531e+00,9.181724548339843750e+00,1.378469848632812500e+01,9.829372406005859375e+00,1.106874179840087891e+01,1.259453582763671875e+01
9.306206703186035156e+00,9.609422683715820312e+00,3.721645593643188477e+00,8.408704757690429688e+00,5.687073707580566406e+00,8.962926864624023438e+00,9.240124702453613281e+00,9.123674392700195312e+00,1.402832698822021484e+01,9.981266021728515625e+00,1.115026760101318359e+01,1.270244026184082031e+01
9.093741416931152344e+00,9.143404006958007812e+00,3.260218620300292969e+00,8.146132469177246094e+00,5.501933097839355469e+00,8.800610542297363281e+00,8.640505790710449219e+00,9.359908103942871094e+00,1.372866153717041016e+01,9.838338851928710938e+00,1.101892089843750000e+01,1.251850032806396484e+01
9.103055000305175781e+00,9.204251289367675781e+00,3.235337495803833008e+00,8.125707626342773438e+00,5.558419227600097656e+00,8.717224121093750000e+00,8.622293472290039062e+00,9.380855560302734375e+00,1.374314403533935547e+01,9.871337890625000000e+00,1.110200977325439453e+01,1.257360935211181641e+01
9.063438415527343750e+00,9.271690368652343750e+00,3.356088876724243164e+00,8.176293373107910156e+00,5.556809425354003906e+00,8.764800071716308594e+00,8.717794418334960938e+00,9.328665733337402344e+00,1.375620937347412109e+01,9.842009544372558594e+00,1.108166122436523438e+01,1.256769180297851562e+01
9.090361595153808594e+00,9.360015869140625000e+00,3.401831150054931641e+00,8.109457015991210938e+00,5.572131156921386719e+00,8.876759529113769531e+00,8.787060737609863281e+00,9.331139564514160156e+00,1.374635410308837891e+01,9.893055915832519531e+00,1.114441299438476562e+01,1.265782737731933594e+01
9.100453376770019531e+00,9.149740219116210938e+00,3.280318975448608398e+00,8.127609252929687500e+00,5.501285552978515625e+00,8.685190200805664062e+00,8.670154571533203125e+00,9.367836952209472656e+00,1.376077365875244141e+01,9.867665290832519531e+00,1.105488204956054688e+01,1.252925968170166016e+01
9.042129516601562500e+00,8.832767486572265625e+00,3.166513919830322266e+00,8.020214080810546875e+00,5.235817909240722656e+00,8.434906005859375000e+00,8.487573623657226562e+00,9.286638259887695312e+00,1.362742710113525391e+01,9.758148193359375000e+00,1.084556198120117188e+01,1.239693355560302734e+01
9.059241294860839844e+00,9.013719558715820312e+00,3.282519340515136719e+00,8.050025939941406250e+00,5.362598419189453125e+00,8.522507667541503906e+00,8.503747940063476562e+00,9.238924980163574219e+00,1.359364604949951172e+01,9.743298530578613281e+00,1.091746902465820312e+01,1.240357494354248047e+01
9.264177322387695312e+00,9.630381584167480469e+00,2.985794782638549805e+00,8.853674888610839844e+00,5.997385978698730469e+00,8.800190925598144531e+00,8.642896652221679688e+00,8.388063430786132812e+00,1.388840389251708984e+01,9.887262344360351562e+00,1.155847835540771484e+01,1.370514869689941406e+01
9.168599128723144531e+00,9.626137733459472656e+00,2.777652025222778320e+00,8.864027023315429688e+00,5.974106788635253906e+00,8.594848632812500000e+00,8.656792640686035156e+00,8.176507949829101562e+00,1.379708099365234375e+01,9.838427543640136719e+00,1.151611804962158203e+01,1.359177494049072266e+01
9.160721778869628906e+00,9.654417991638183594e+00,2.551047325134277344e+00,8.891461372375488281e+00,6.105789184570312500e+00,8.426226615905761719e+00,8.511925697326660156e+00,8.211325645446777344e+00,1.383889293670654297e+01,9.818856239318847656e+00,1.163155174255371094e+01,1.361564254760742188e+01
9.181056976318359375e+00,9.599842071533203125e+00,2.929534673690795898e+00,8.833158493041992188e+00,5.947992324829101562e+00,8.755937576293945312e+00,8.639038085937500000e+00,8.288384437561035156e+00,1.384579563140869141e+01,9.853705406188964844e+00,1.153738784790039062e+01,1.366015338897705078e+01
9.139273643493652344e+00,9.600255966186523438e+00,2.657944917678833008e+00,8.801642417907714844e+00,5.962204933166503906e+00,8.450665473937988281e+00,8.603394508361816406e+00,8.184232711791992188e+00,1.375439929962158203e+01,9.809564590454101562e+00,1.147947120666503906e+01,1.351317501068115234e+01
9.189742088317871094e+00,9.623981475830078125e+00,2.836688756942749023e+00,8.841688156127929688e+00,5.957077980041503906e+00,8.642364501953125000e+00,8.629076004028320312e+00,8.204064369201660156e+00,1.379923057556152344e+01,9.842147827148437500e+00,1.147558021545410156e+01,1.359241199493408203e+01
9.177295684814453125e+00,9.552359580993652344e+00,2.950414180755615234e+00,8.824779510498046875e+00,5.911417007446289062e+00,8.714512825012207031e+00,8.657313346862792969e+00,8.309343338012695312e+00,1.374000453948974609e+01,9.838778495788574219e+00,1.140897846221923828e+01,1.358153533935546875e+01
9.171788215637207031e+00,9.604053497314453125e+00,2.611947536468505859e+00,8.835451126098632812e+00,5.992402076721191406e+00,8.467011451721191406e+00,8.557239532470703125e+00,8.221582412719726562e+00,1.378426456451416016e+01,9.824316024780273438e+00,1.153432083129882812e+01,1.355913925170898438e+01
9.244407653808593750e+00,9.667547225952148438e+00,2.849954366683959961e+00,8.913549423217773438e+00,6.071285247802734375e+00,8.664731025695800781e+00,8.550932884216308594e+00,8.240431785583496094e+00,1.390324497222900391e+01,9.863980293273925781e+00,1.163931369781494141e+01,1.367576599121093750e+01
9.129002571105957031e+00,9.568833351135253906e+00,2.628913164138793945e+00,8.810355186462402344e+00,5.939481735229492188e+00,8.482469558715820312e+00,8.640028953552246094e+00,8.171981811523437500e+00,1.367890930175781250e+01,9.789947509765625000e+00,1.138966751098632812e+01,1.345041561126708984e+01
9.239138603210449219e+00,9.299242019653320312e+00,1.872565865516662598e+00,8.842810630798339844e+00,6.118906021118164062e+00,7.691780090332031250e+00,8.220409393310546875e+00,7.945431232452392578e+00,1.329463291168212891e+01,9.828059196472167969e+00,1.130440235137939453e+01,1.320433044433593750e+01
9.157693862915039062e+00,9.295227050781250000e+00,2.035198450088500977e+00,9.066758155822753906e+00,6.163910865783691406e+00,8.097327232360839844e+00,8.606127738952636719e+00,8.145196914672851562e+00,1.335542678833007812e+01,9.996833801269531250e+00,1.121992015838623047e+01,1.327742385864257812e+01
9.198514938354492188e+00,9.333852767944335938e+00,2.268354654312133789e+00,8.967397689819335938e+00,6.008463859558105469e+00,8.138050079345703125e+00,8.737254142761230469e+00,8.130304336547851562e+00,1.333027744293212891e+01,9.937519073486328125e+00,1.120876026153564453e+01,1.328650760650634766e+01
9.208871841430664062e+00,8.669150352478027344e+00,2.430267572402954102e+00,9.193329811096191406e+00,6.047191619873046875e+00,7.769441604614257812e+00,8.998562812805175781e+00,7.913889884948730469e+00,1.223535346984863281e+01,9.863352775573730469e+00,1.025811672210693359e+01,1.222481250762939453e+01
9.333237648010253906e+00,8.576999664306640625e+00,2.417408227920532227e+00,9.194051742553710938e+00,6.197684288024902344e+00,7.873333930969238281e+00,8.910720825195312500e+00,8.023693084716796875e+00,1.234422016143798828e+01,9.925683021545410156e+00,1.052001667022705078e+01,1.242572498321533203e+01
9.221529960632324219e+00,9.135338783264160156e+00,2.086044788360595703e+00,9.101006507873535156e+00,6.198580741882324219e+00,8.042955398559570312e+00,8.658033370971679688e+00,8.140216827392578125e+00,1.309741878509521484e+01,1.002466678619384766e+01,1.115198612213134766e+01,1.309637451171875000e+01
9.215096473693847656e+00,8.948393821716308594e+00,1.919966936111450195e+00,9.037754058837890625e+00,6.137726783752441406e+00,7.720912933349609375e+00,8.440478324890136719e+00,8.091948509216308594e+00,1.285477638244628906e+01,1.001933479309082031e+01,1.089988136291503906e+01,1.276697826385498047e+01
9.177084922790527344e+00,8.965734481811523438e+00,1.958640098571777344e+00,9.118851661682128906e+00,6.183344841003417969e+00,8.124727249145507812e+00,8.606043815612792969e+00,8.147135734558105469e+00,1.295967006683349609e+01,1.002608013153076172e+01,1.098385334014892578e+01,1.288655853271484375e+01
9.183156013488769531e+00,8.833650588989257812e+00,1.966809511184692383e+00,9.091563224792480469e+00,6.184180259704589844e+00,7.919656753540039062e+00,8.445577621459960938e+00,8.239523887634277344e+00,1.279829883575439453e+01,1.010524368286132812e+01,1.085633087158203125e+01,1.272896766662597656e+01
9.211130142211914062e+00,8.918515205383300781e+00,2.033022403717041016e+00,9.122214317321777344e+00,6.200696945190429688e+00,8.243208885192871094e+00,8.623445510864257812e+00,8.192737579345703125e+00,1.289330196380615234e+01,1.001820373535156250e+01,1.097061252593994141e+01,1.284134387969970703e+01
9.160202980041503906e+00,9.434283256530761719e+00,2.636643886566162109e+00,9.049938201904296875e+00,5.917243003845214844e+00,8.869923591613769531e+00,9.165398597717285156e+00,8.031682014465332031e+00,1.295328235626220703e+01,9.742911338806152344e+00,1.096646499633789062e+01,1.300117206573486328e+01
9.178985595703125000e+00,9.330719947814941406e+00,2.585925579071044922e+00,8.998373031616210938e+00,5.911551475524902344e+00,8.860275268554687500e+00,9.141529083251953125e+00,8.021081924438476562e+00,1.284797000885009766e+01,9.759132385253906250e+00,1.086394023895263672e+01,1.289870738983154297e+01
9.190331459045410156e+00,9.471740722656250000e+00,2.807953596115112305e+00,9.055844306945800781e+00,5.839536666870117188e+00,8.828573226928710938e+00,9.140694618225097656e+00,8.094006538391113281e+00,1.309155464172363281e+01,9.774124145507812500e+00,1.097434425354003906e+01,1.307127761840820312e+01
9.185380935668945312e+00,9.498383522033691406e+00,2.758654832839965820e+00,9.073463439941406250e+00,5.890601158142089844e+00,8.825432777404785156e+00,9.137528419494628906e+00,8.077380180358886719e+00,1.307949638366699219e+01,9.756746292114257812e+00,1.104754734039306641e+01,1.308839416503906250e+01
9.171677589416503906e+00,9.354007720947265625e+00,2.716248512268066406e+00,9.119741439819335938e+00,5.897754669189453125e+00,8.854533195495605469e+00,9.312948226928710938e+00,8.025140762329101562e+00,1.278598308563232422e+01,9.721309661865234375e+00,1.081937789916992188e+01,1.284944915771484375e+01
9.086983680725097656e+00,9.363100051879882812e+00,2.640506744384765625e+00,9.083157539367675781e+00,5.866241455078125000e+00,8.817134857177734375e+00,9.199740409851074219e+00,7.998846530914306641e+00,1.270009613037109375e+01,9.679884910583496094e+00,1.079226303100585938e+01,1.280542755126953125e+01
9.135373115539550781e+00,9.385200500488281250e+00,2.568257331848144531e+00,8.989517211914062500e+00,5.920238494873046875e+00,8.733891487121582031e+00,9.064832687377929688e+00,8.042490959167480469e+00,1.287393283843994141e+01,9.679125785827636719e+00,1.092519664764404297e+01,1.294972705841064453e+01
9.247590065002441406e+00,9.580731391906738281e+00,2.921429157257080078e+00,9.033780097961425781e+00,5.855626106262207031e+00,8.859988212585449219e+00,9.103693962097167969e+00,8.172690391540527344e+00,1.328465843200683594e+01,9.821563720703125000e+00,1.109919452667236328e+01,1.324167823791503906e+01
9.225961685180664062e+00,9.559309959411621094e+00,2.893138408660888672e+00,8.998420715332031250e+00,5.864459037780761719e+00,8.853056907653808594e+00,9.001091003417968750e+00,8.174890518188476562e+00,1.339828491210937500e+01,9.843084335327148438e+00,1.117898464202880859e+01,1.334909439086914062e+01
9.185564994812011719e+00,9.512195587158203125e+00,2.795512914657592773e+00,9.013958930969238281e+00,5.837336540222167969e+00,8.779854774475097656e+00,9.098673820495605469e+00,8.191228866577148438e+00,1.309899806976318359e+01,9.783936500549316406e+00,1.097091770172119141e+01,1.310190105438232422e+01
8.929244995117187500e+00,8.662065505981445312e+00,2.496860980987548828e+00,8.602584838867187500e+00,5.623917579650878906e+00,8.422170639038085938e+00,8.194113731384277344e+00,7.967920780181884766e+00,1.315017795562744141e+01,9.453132629394531250e+00,1.095085811614990234e+01,1.302690124511718750e+01
9.104351997375488281e+00,9.107713699340820312e+00,2.627213001251220703e+00,8.759016990661621094e+00,5.833382606506347656e+00,8.693607330322265625e+00,8.170399665832519531e+00,8.247467994689941406e+00,1.348673152923583984e+01,9.638838768005371094e+00,1.127806758880615234e+01,1.331356430053710938e+01
8.898851394653320312e+00,7.910671710968017578e+00,2.883387804031372070e+00,8.770136833190917969e+00,5.714567184448242188e+00,8.464673042297363281e+00,8.050383567810058594e+00,8.009821891784667969e+00,1.302294063568115234e+01,9.674100875854492188e+00,1.074438571929931641e+01,1.269973373413085938e+01
8.911295890808105469e+00,8.498730659484863281e+00,2.737751960754394531e+00,8.512825965881347656e+00,5.411513328552246094e+00,8.581352233886718750e+00,7.985401153564453125e+00,8.357459068298339844e+00,1.317285728454589844e+01,9.543283462524414062e+00,1.094366741180419922e+01,1.292701435089111328e+01
9.032324790954589844e+00,8.629090309143066406e+00,2.927094697952270508e+00,8.760523796081542969e+00,5.727046012878417969e+00,8.779945373535156250e+00,8.173077583312988281e+00,8.255856513977050781e+00,1.322404956817626953e+01,9.667760848999023438e+00,1.103244304656982422e+01,1.302904415130615234e+01
8.860633850097656250e+00,7.930626392364501953e+00,2.922106981277465820e+00,8.630893707275390625e+00,5.378791809082031250e+00,8.657856941223144531e+00,7.973805427551269531e+00,8.139570236206054688e+00,1.304582500457763672e+01,9.685024261474609375e+00,1.072406864166259766e+01,1.266077136993408203e+01
8.950477600097656250e+00,8.767927169799804688e+00,2.775308847427368164e+00,8.858995437622070312e+00,5.693485260009765625e+00,8.894538879394531250e+00,8.390140533447265625e+00,8.041764259338378906e+00,1.310333347320556641e+01,9.696304321289062500e+00,1.089755725860595703e+01,1.294773197174072266e+01
9.026295661926269531e+00,8.574782371520996094e+00,2.867227792739868164e+00,8.846236228942871094e+00,5.787964820861816406e+00,8.843058586120605469e+00,8.224366188049316406e+00,8.208311080932617188e+00,1.313627338409423828e+01,9.715929031372070312e+00,1.101870727539062500e+01,1.298613166809082031e+01
8.846660614013671875e+00,8.729880332946777344e+00,2.568735837936401367e+00,8.424139022827148438e+00,5.218691825866699219e+00,8.558696746826171875e+00,8.019731521606445312e+00,8.277792930603027344e+00,1.316840934753417969e+01,9.495958328247070312e+00,1.089411067962646484e+01,1.288686752319335938e+01
9.073662757873535156e+00,9.101677894592285156e+00,2.940579891204833984e+00,8.560922622680664062e+00,5.452277183532714844e+00,8.729148864746093750e+00,8.259762763977050781e+00,8.500873565673828125e+00,1.335072040557861328e+01,9.481878280639648438e+00,1.098899745941162109e+01,1.295113468170166016e+01
8.981374740600585938e+00,8.399540901184082031e+00,2.784008979797363281e+00,8.725522041320800781e+00,5.669252395629882812e+00,8.222650527954101562e+00,8.292111396789550781e+00,8.001216888427734375e+00,1.278506851196289062e+01,9.692344665527343750e+00,1.078085708618164062e+01,1.286917400360107422e+01
9.055343627929687500e+00,9.006201744079589844e+00,2.491572380065917969e+00,8.481443405151367188e+00,5.684492111206054688e+00,8.106354713439941406e+00,8.485982894897460938e+00,7.885368347167968750e+00,1.299626255035400391e+01,9.366061210632324219e+00,1.077154636383056641e+01,1.297909164428710938e+01
9.070119857788085938e+00,8.927273750305175781e+00,2.799008131027221680e+00,8.707228660583496094e+00,5.859936714172363281e+00,8.230163574218750000e+00,8.410412788391113281e+00,7.892356872558593750e+00,1.285166835784912109e+01,9.575984001159667969e+00,1.077894210815429688e+01,1.291901302337646484e+01
8.908097267150878906e+00,8.519546508789062500e+00,2.729175567626953125e+00,8.765068054199218750e+00,5.708101272583007812e+00,8.487029075622558594e+00,8.442276954650878906e+00,8.042520523071289062e+00,1.272476387023925781e+01,9.619222640991210938e+00,1.071323871612548828e+01,1.276869010925292969e+01
8.836795806884765625e+00,8.553022384643554688e+00,2.967006206512451172e+00,8.798511505126953125e+00,5.538241386413574219e+00,8.980744361877441406e+00,8.635954856872558594e+00,8.478343009948730469e+00,1.270400905609130859e+01,9.628996849060058594e+00,1.046141910552978516e+01,1.251424407958984375e+01
8.982114791870117188e+00,8.515798568725585938e+00,2.852841615676879883e+00,8.852515220642089844e+00,5.692736625671386719e+00,8.354196548461914062e+00,8.476766586303710938e+00,8.005556106567382812e+00,1.270155811309814453e+01,9.662242889404296875e+00,1.063523197174072266e+01,1.273027133941650391e+01
9.004030227661132812e+00,8.134166717529296875e+00,3.121768474578857422e+00,8.562030792236328125e+00,5.516536712646484375e+00,8.628722190856933594e+00,8.168711662292480469e+00,8.376420974731445312e+00,1.294787406921386719e+01,9.537309646606445312e+00,1.066528034210205078e+01,1.265908050537109375e+01
8.917065620422363281e+00,8.253500938415527344e+00,2.903336524963378906e+00,8.924560546875000000e+00,5.709880828857421875e+00,8.734745025634765625e+00,8.485876083374023438e+00,7.951766014099121094e+00,1.260150814056396484e+01,9.739428520202636719e+00,1.059990406036376953e+01,1.252739334106445312e+01
8.929965019226074219e+00,8.435531616210937500e+00,2.949024200439453125e+00,9.117772102355957031e+00,5.884970664978027344e+00,9.191378593444824219e+00,8.776629447937011719e+00,8.023840904235839844e+00,1.241669654846191406e+01,9.877371788024902344e+00,1.054915809631347656e+01,1.237955760955810547e+01
8.898893356323242188e+00,8.348408699035644531e+00,2.893975496292114258e+00,9.060056686401367188e+00,5.800626754760742188e+00,8.879126548767089844e+00,8.639264106750488281e+00,7.960494041442871094e+00,1.251200199127197266e+01,9.804513931274414062e+00,1.055291271209716797e+01,1.242703342437744141e+01
1.012536144256591797e+01,9.292638778686523438e+00,2.888423442840576172e+00,8.481531143188476562e+00,6.172448158264160156e+00,7.883021354675292969e+00,7.893551826477050781e+00,8.630324363708496094e+00,1.297801303863525391e+01,9.541538238525390625e+00,1.051864910125732422e+01,1.272686386108398438e+01
9.918910026550292969e+00,9.303697586059570312e+00,3.004539728164672852e+00,8.568634986877441406e+00,6.291763305664062500e+00,7.626091957092285156e+00,7.862939834594726562e+00,8.382034301757812500e+00,1.297923851013183594e+01,9.524891853332519531e+00,1.069957637786865234e+01,1.302367210388183594e+01
9.724281311035156250e+00,9.193873405456542969e+00,3.160647869110107422e+00,8.521276473999023438e+00,6.295571327209472656e+00,8.560811996459960938e+00,7.964418411254882812e+00,8.743932723999023438e+00,1.286421680450439453e+01,9.366079330444335938e+00,1.033403396606445312e+01,1.265411949157714844e+01
8.917567253112792969e+00,8.524491310119628906e+00,3.054238319396972656e+00,8.854167938232421875e+00,5.726315498352050781e+00,9.193504333496093750e+00,8.692033767700195312e+00,8.800317764282226562e+00,1.275309658050537109e+01,9.636694908142089844e+00,1.040684604644775391e+01,1.252934551239013672e+01
9.297845840454101562e+00,9.228393554687500000e+00,3.161410331726074219e+00,8.772444725036621094e+00,6.002816200256347656e+00,8.984910964965820312e+00,8.617216110229492188e+00,8.717009544372558594e+00,1.275167369842529297e+01,9.554195404052734375e+00,1.030210304260253906e+01,1.261934947967529297e+01
8.727456092834472656e+00,8.096862792968750000e+00,3.099137783050537109e+00,8.600559234619140625e+00,5.346641540527343750e+00,9.079446792602539062e+00,8.415472030639648438e+00,9.003221511840820312e+00,1.291562271118164062e+01,9.525452613830566406e+00,1.042740917205810547e+01,1.249398231506347656e+01
9.000267982482910156e+00,8.147684097290039062e+00,2.995618104934692383e+00,9.187311172485351562e+00,5.928567886352539062e+00,9.533060073852539062e+00,8.579838752746582031e+00,8.443562507629394531e+00,1.254238224029541016e+01,9.920880317687988281e+00,1.055757331848144531e+01,1.241869449615478516e+01
9.066607475280761719e+00,8.028372764587402344e+00,2.917757034301757812e+00,9.107801437377929688e+00,5.983078002929687500e+00,9.234288215637207031e+00,8.357509613037109375e+00,8.266768455505371094e+00,1.254116821289062500e+01,9.880783081054687500e+00,1.054806613922119141e+01,1.248547840118408203e+01
8.764427185058593750e+00,7.893987178802490234e+00,2.758682727813720703e+00,8.712521553039550781e+00,5.445689201354980469e+00,9.030244827270507812e+00,8.358593940734863281e+00,8.266718864440917969e+00,1.278569316864013672e+01,9.569935798645019531e+00,1.047192859649658203e+01,1.249270915985107422e+01
8.743045806884765625e+00,7.403194904327392578e+00,2.989510536193847656e+00,8.645019531250000000e+00,5.309470176696777344e+00,8.744627952575683594e+00,8.073308944702148438e+00,8.607820510864257812e+00,1.288287258148193359e+01,9.617485046386718750e+00,1.037275218963623047e+01,1.240466022491455078e+01
9.134048461914062500e+00,9.047402381896972656e+00,2.148746252059936523e+00,8.844826698303222656e+00,6.010267257690429688e+00,7.880756378173828125e+00,8.718344688415527344e+00,7.832827568054199219e+00,1.263684844970703125e+01,9.558408737182617188e+00,1.095869445800781250e+01,1.287633514404296875e+01
9.123778343200683594e+00,9.128384590148925781e+00,2.394490718841552734e+00,8.964988708496093750e+00,5.934602737426757812e+00,8.086931228637695312e+00,8.886479377746582031e+00,7.929435253143310547e+00,1.274444866180419922e+01,9.622285842895507812e+00,1.087263488769531250e+01,1.294709777832031250e+01
9.141162872314453125e+00,9.069563865661621094e+00,2.349997043609619141e+00,8.920739173889160156e+00,5.940252304077148438e+00,7.984039306640625000e+00,8.816310882568359375e+00,7.848409175872802734e+00,1.264823341369628906e+01,9.584692001342773438e+00,1.088583183288574219e+01,1.287644672393798828e+01
9.146737098693847656e+00,9.094875335693359375e+00,2.347693443298339844e+00,9.006471633911132812e+00,5.975398063659667969e+00,8.267168998718261719e+00,8.972106933593750000e+00,7.963249683380126953e+00,1.269223308563232422e+01,9.618229866027832031e+00,1.084702682495117188e+01,1.280782699584960938e+01
9.173770904541015625e+00,9.102234840393066406e+00,2.531224489212036133e+00,8.966256141662597656e+00,5.943076133728027344e+00,8.527252197265625000e+00,9.042040824890136719e+00,8.050326347351074219e+00,1.279999160766601562e+01,9.631684303283691406e+00,1.079014968872070312e+01,1.281284618377685547e+01
9.227481842041015625e+00,8.960763931274414062e+00,2.466848373413085938e+00,8.964794158935546875e+00,6.022455215454101562e+00,8.233201980590820312e+00,8.876189231872558594e+00,8.045473098754882812e+00,1.263300704956054688e+01,9.635191917419433594e+00,1.085202217102050781e+01,1.282615184783935547e+01
9.163956642150878906e+00,9.014704704284667969e+00,2.535203695297241211e+00,8.943325996398925781e+00,5.908598899841308594e+00,8.126355171203613281e+00,8.791533470153808594e+00,7.957924365997314453e+00,1.269472694396972656e+01,9.619153976440429688e+00,1.088317584991455078e+01,1.290417385101318359e+01
9.066282272338867188e+00,9.108777046203613281e+00,2.550530672073364258e+00,9.023674011230468750e+00,5.967219352722167969e+00,8.591047286987304688e+00,9.067452430725097656e+00,7.915409564971923828e+00,1.262806797027587891e+01,9.641550064086914062e+00,1.073347759246826172e+01,1.274699878692626953e+01
9.084967613220214844e+00,9.322413444519042969e+00,2.831775665283203125e+00,9.120072364807128906e+00,5.927320480346679688e+00,8.614831924438476562e+00,9.253127098083496094e+00,8.135305404663085938e+00,1.277055835723876953e+01,9.651804924011230469e+00,1.063900375366210938e+01,1.275241279602050781e+01
9.061850547790527344e+00,9.163764953613281250e+00,2.597138881683349609e+00,9.104369163513183594e+00,5.939225196838378906e+00,8.710792541503906250e+00,9.247016906738281250e+00,7.907591342926025391e+00,1.266318130493164062e+01,9.647834777832031250e+00,1.065345573425292969e+01,1.263450050354003906e+01
9.118197441101074219e+00,9.296234130859375000e+00,2.550051689147949219e+00,8.893532752990722656e+00,5.783764839172363281e+00,7.838492393493652344e+00,8.867341041564941406e+00,7.819396495819091797e+00,1.294000339508056641e+01,9.571846961975097656e+00,1.095203590393066406e+01,1.308844661712646484e+01
9.108733177185058594e+00,9.220785140991210938e+00,2.684246301651000977e+00,8.902898788452148438e+00,5.798441886901855469e+00,8.312305450439453125e+00,8.872390747070312500e+00,7.999477863311767578e+00,1.299622440338134766e+01,9.620326995849609375e+00,1.086707496643066406e+01,1.312640094757080078e+01
9.137677192687988281e+00,9.172171592712402344e+00,2.610846042633056641e+00,8.830007553100585938e+00,5.838633537292480469e+00,7.782919883728027344e+00,8.736828804016113281e+00,7.869218826293945312e+00,1.292690181732177734e+01,9.555862426757812500e+00,1.093970966339111328e+01,1.310471630096435547e+01
9.113418579101562500e+00,9.360201835632324219e+00,2.839251995086669922e+00,9.001816749572753906e+00,5.783329963684082031e+00,8.583874702453613281e+00,9.171615600585937500e+00,8.096104621887207031e+00,1.301489162445068359e+01,9.609685897827148438e+00,1.072555541992187500e+01,1.296634864807128906e+01
9.134860992431640625e+00,9.178811073303222656e+00,2.706404209136962891e+00,8.913781166076660156e+00,5.846107482910156250e+00,8.368209838867187500e+00,8.916945457458496094e+00,8.035765647888183594e+00,1.296491432189941406e+01,9.605937004089355469e+00,1.085934352874755859e+01,1.308139419555664062e+01
9.175210952758789062e+00,9.231043815612792969e+00,2.765573978424072266e+00,8.956642150878906250e+00,5.892861366271972656e+00,8.574085235595703125e+00,9.061678886413574219e+00,8.167503356933593750e+00,1.303484439849853516e+01,9.604942321777343750e+00,1.085249614715576172e+01,1.301947212219238281e+01
9.222402572631835938e+00,9.432813644409179688e+00,2.878129720687866211e+00,8.939925193786621094e+00,5.878875732421875000e+00,8.502357482910156250e+00,9.033429145812988281e+00,8.223628044128417969e+00,1.328240108489990234e+01,9.666475296020507812e+00,1.096539020538330078e+01,1.320322513580322266e+01
9.136156082153320312e+00,9.271844863891601562e+00,2.680766582489013672e+00,8.884124755859375000e+00,5.884051322937011719e+00,8.274316787719726562e+00,8.918650627136230469e+00,8.045396804809570312e+00,1.299570655822753906e+01,9.612689971923828125e+00,1.086818504333496094e+01,1.309262275695800781e+01
9.150092124938964844e+00,9.264022827148437500e+00,2.666756629943847656e+00,8.921923637390136719e+00,5.912056922912597656e+00,8.218532562255859375e+00,8.921513557434082031e+00,8.053614616394042969e+00,1.300039672851562500e+01,9.613099098205566406e+00,1.091605377197265625e+01,1.308036327362060547e+01
9.168658256530761719e+00,9.166341781616210938e+00,2.662927865982055664e+00,8.923946380615234375e+00,5.912760734558105469e+00,7.964797019958496094e+00,8.822141647338867188e+00,8.030224800109863281e+00,1.291748619079589844e+01,9.608720779418945312e+00,1.089035606384277344e+01,1.308390998840332031e+01
9.104006767272949219e+00,9.307971954345703125e+00,2.832100868225097656e+00,8.756587982177734375e+00,5.648009300231933594e+00,8.018375396728515625e+00,8.839713096618652344e+00,7.835914611816406250e+00,1.306577205657958984e+01,9.628748893737792969e+00,1.085402202606201172e+01,1.312116336822509766e+01
9.122879028320312500e+00,9.529971122741699219e+00,2.835057258605957031e+00,8.940178871154785156e+00,5.561183929443359375e+00,8.690530776977539062e+00,9.235634803771972656e+00,8.034632682800292969e+00,1.317400646209716797e+01,9.649318695068359375e+00,1.074081993103027344e+01,1.298791217803955078e+01
9.095456123352050781e+00,9.336256980895996094e+00,2.798497438430786133e+00,8.795256614685058594e+00,5.642085075378417969e+00,8.101172447204589844e+00,8.900673866271972656e+00,7.813980102539062500e+00,1.306086254119873047e+01,9.631728172302246094e+00,1.087348747253417969e+01,1.310255336761474609e+01
9.128454208374023438e+00,9.491595268249511719e+00,2.890402078628540039e+00,8.856991767883300781e+00,5.630416870117187500e+00,8.624205589294433594e+00,9.078007698059082031e+00,8.087159156799316406e+00,1.321916675567626953e+01,9.679738044738769531e+00,1.077650451660156250e+01,1.307356262207031250e+01
9.115933418273925781e+00,9.454919815063476562e+00,2.842774152755737305e+00,8.880924224853515625e+00,5.674524307250976562e+00,8.562877655029296875e+00,9.080160140991210938e+00,8.039524078369140625e+00,1.316498088836669922e+01,9.665053367614746094e+00,1.084098243713378906e+01,1.311992835998535156e+01
9.111797332763671875e+00,9.390678405761718750e+00,2.760149002075195312e+00,8.973694801330566406e+00,5.718210220336914062e+00,8.586760520935058594e+00,9.168582916259765625e+00,7.940468788146972656e+00,1.306920814514160156e+01,9.633825302124023438e+00,1.081018066406250000e+01,1.300953292846679688e+01
9.084771156311035156e+00,9.266740798950195312e+00,2.642573118209838867e+00,8.821517944335937500e+00,5.864802360534667969e+00,8.228051185607910156e+00,8.818642616271972656e+00,7.939771175384521484e+00,1.305716419219970703e+01,9.646224975585937500e+00,1.094576072692871094e+01,1.311395645141601562e+01
9.104682922363281250e+00,9.267968177795410156e+00,2.730654716491699219e+00,8.873293876647949219e+00,5.854133605957031250e+00,8.446021080017089844e+00,8.985698699951171875e+00,8.019311904907226562e+00,1.304115962982177734e+01,9.623458862304687500e+00,1.085960006713867188e+01,1.299324989318847656e+01
9.163697242736816406e+00,9.481312751770019531e+00,2.844888925552368164e+00,8.918405532836914062e+00,5.702066421508789062e+00,8.594818115234375000e+00,9.142928123474121094e+00,8.085488319396972656e+00,1.323068904876708984e+01,9.702582359313964844e+00,1.084337520599365234e+01,1.313733196258544922e+01
9.147123336791992188e+00,9.547898292541503906e+00,2.846846580505371094e+00,8.936588287353515625e+00,5.585432052612304688e+00,8.655621528625488281e+00,9.294922828674316406e+00,8.050820350646972656e+00,1.314558887481689453e+01,9.666910171508789062e+00,1.068122196197509766e+01,1.296672630310058594e+01
9.147933959960937500e+00,9.415712356567382812e+00,2.836911678314208984e+00,8.885827064514160156e+00,5.726430892944335938e+00,8.508465766906738281e+00,9.004886627197265625e+00,8.008786201477050781e+00,1.320329761505126953e+01,9.665414810180664062e+00,1.087547302246093750e+01,1.318206119537353516e+01
9.155268669128417969e+00,9.385882377624511719e+00,2.693779468536376953e+00,8.868300437927246094e+00,5.839964866638183594e+00,8.414237022399902344e+00,8.852084159851074219e+00,8.061625480651855469e+00,1.325733375549316406e+01,9.730440139770507812e+00,1.101703453063964844e+01,1.327858924865722656e+01
9.175207138061523438e+00,9.456080436706542969e+00,2.722822904586791992e+00,8.895898818969726562e+00,5.943984985351562500e+00,8.466356277465820312e+00,8.811469078063964844e+00,8.163361549377441406e+00,1.344266223907470703e+01,9.748913764953613281e+00,1.119975566864013672e+01,1.339206218719482422e+01
9.184922218322753906e+00,9.464904785156250000e+00,2.754508972167968750e+00,8.964269638061523438e+00,5.784285545349121094e+00,8.536840438842773438e+00,9.040637016296386719e+00,8.106225013732910156e+00,1.325249958038330078e+01,9.712512016296386719e+00,1.090319919586181641e+01,1.319093704223632812e+01
9.146505355834960938e+00,9.376381874084472656e+00,2.676476240158081055e+00,8.977699279785156250e+00,5.804972648620605469e+00,8.569305419921875000e+00,9.005555152893066406e+00,8.052507400512695312e+00,1.317198562622070312e+01,9.721575736999511719e+00,1.089481163024902344e+01,1.314867687225341797e+01
9.178311347961425781e+00,9.382818222045898438e+00,2.712342739105224609e+00,8.905088424682617188e+00,5.865093231201171875e+00,8.515872001647949219e+00,8.888859748840332031e+00,8.128367424011230469e+00,1.330151844024658203e+01,9.737421035766601562e+00,1.103789520263671875e+01,1.327301025390625000e+01
9.168460845947265625e+00,9.281489372253417969e+00,2.722797393798828125e+00,8.952240943908691406e+00,5.865710258483886719e+00,8.543982505798339844e+00,8.954375267028808594e+00,8.096897125244140625e+00,1.316415882110595703e+01,9.718114852905273438e+00,1.088305854797363281e+01,1.312405300140380859e+01
9.177496910095214844e+00,9.190421104431152344e+00,2.844476461410522461e+00,8.958068847656250000e+00,5.861150741577148438e+00,8.674535751342773438e+00,8.922637939453125000e+00,8.133025169372558594e+00,1.324425315856933594e+01,9.726853370666503906e+00,1.091131210327148438e+01,1.313223266601562500e+01
9.227390289306640625e+00,9.265321731567382812e+00,2.717503786087036133e+00,8.914642333984375000e+00,5.908080101013183594e+00,8.483086585998535156e+00,8.811698913574218750e+00,8.204650878906250000e+00,1.331506538391113281e+01,9.729612350463867188e+00,1.107136344909667969e+01,1.327329063415527344e+01
9.194460868835449219e+00,9.194094657897949219e+00,2.509303569793701172e+00,8.741114616394042969e+00,5.846923828125000000e+00,8.088443756103515625e+00,8.478500366210937500e+00,8.015268325805664062e+00,1.317391204833984375e+01,9.633558273315429688e+00,1.103595638275146484e+01,1.313722801208496094e+01
8.646311759948730469e+00,7.247056007385253906e+00,2.759419441223144531e+00,6.639216899871826172e+00,4.874567985534667969e+00,6.620264053344726562e+00,5.476880550384521484e+00,8.409993171691894531e+00,1.284494686126708984e+01,8.651906967163085938e+00,1.041233253479003906e+01,1.196591472625732422e+01
8.691457748413085938e+00,7.581256866455078125e+00,2.670793056488037109e+00,6.506498336791992188e+00,4.965400695800781250e+00,6.389362335205078125e+00,5.415617942810058594e+00,8.342530250549316406e+00,1.283669662475585938e+01,8.482539176940917969e+00,1.034390068054199219e+01,1.185869789123535156e+01
8.513004302978515625e+00,7.391014099121093750e+00,2.691642522811889648e+00,6.430367469787597656e+00,4.578958511352539062e+00,6.200875282287597656e+00,5.207335948944091797e+00,8.293363571166992188e+00,1.278027534484863281e+01,8.474904060363769531e+00,1.039889335632324219e+01,1.186579799652099609e+01
8.711544036865234375e+00,6.801616191864013672e+00,2.567976713180541992e+00,6.847294807434082031e+00,4.746295928955078125e+00,6.742834091186523438e+00,5.992916107177734375e+00,8.245783805847167969e+00,1.262581920623779297e+01,8.897538185119628906e+00,1.026138496398925781e+01,1.196799564361572266e+01
8.670622825622558594e+00,7.407809257507324219e+00,2.856449365615844727e+00,6.305513381958007812e+00,3.918626308441162109e+00,6.332928657531738281e+00,5.218124389648437500e+00,8.512323379516601562e+00,1.263758563995361328e+01,8.603764533996582031e+00,1.042187881469726562e+01,1.193373298645019531e+01
8.627048492431640625e+00,7.457251548767089844e+00,2.723177671432495117e+00,6.336123466491699219e+00,4.399737358093261719e+00,6.283673286437988281e+00,5.286414146423339844e+00,8.258970260620117188e+00,1.284439468383789062e+01,8.420294761657714844e+00,1.028358554840087891e+01,1.177748203277587891e+01
8.810257911682128906e+00,7.546644687652587891e+00,2.716887474060058594e+00,6.512878894805908203e+00,5.023105621337890625e+00,6.429101943969726562e+00,5.309346675872802734e+00,8.443837165832519531e+00,1.282894802093505859e+01,8.465345382690429688e+00,1.031873893737792969e+01,1.178735065460205078e+01
8.583466529846191406e+00,7.443261146545410156e+00,2.745668649673461914e+00,6.218743801116943359e+00,4.266925334930419922e+00,6.070598602294921875e+00,5.074801445007324219e+00,8.254239082336425781e+00,1.265013217926025391e+01,8.362408638000488281e+00,1.021664810180664062e+01,1.172202491760253906e+01
8.792454719543457031e+00,7.381572723388671875e+00,2.753494739532470703e+00,6.587675094604492188e+00,4.777543067932128906e+00,6.763787269592285156e+00,5.522747039794921875e+00,8.455503463745117188e+00,1.286994266510009766e+01,8.535801887512207031e+00,1.037807273864746094e+01,1.182621288299560547e+01
8.720498085021972656e+00,6.925794124603271484e+00,2.652053594589233398e+00,6.533081531524658203e+00,4.648413658142089844e+00,6.475413322448730469e+00,5.444209098815917969e+00,8.273523330688476562e+00,1.258230018615722656e+01,8.684378623962402344e+00,1.019333076477050781e+01,1.182873725891113281e+01
9.380412101745605469e+00,9.395771980285644531e+00,2.950346946716308594e+00,8.688787460327148438e+00,5.728423118591308594e+00,8.147763252258300781e+00,8.305014610290527344e+00,1.035900878906250000e+01,1.333783721923828125e+01,9.788228988647460938e+00,1.119840145111083984e+01,1.314591979980468750e+01
9.230875968933105469e+00,9.465741157531738281e+00,2.946001768112182617e+00,8.686141014099121094e+00,5.821800231933593750e+00,8.301064491271972656e+00,8.555007934570312500e+00,9.965245246887207031e+00,1.338983726501464844e+01,9.727296829223632812e+00,1.127682399749755859e+01,1.320930862426757812e+01
9.224079132080078125e+00,9.359613418579101562e+00,2.283118009567260742e+00,8.879624366760253906e+00,6.270938873291015625e+00,7.718062400817871094e+00,8.490645408630371094e+00,8.018646240234375000e+00,1.310972309112548828e+01,9.841525077819824219e+00,1.137836074829101562e+01,1.322280025482177734e+01
9.258661270141601562e+00,9.351909637451171875e+00,2.946355104446411133e+00,8.588372230529785156e+00,5.650705337524414062e+00,8.146697998046875000e+00,8.326511383056640625e+00,1.044131946563720703e+01,1.326693248748779297e+01,9.748164176940917969e+00,1.116585159301757812e+01,1.310175514221191406e+01
9.296020507812500000e+00,9.462306976318359375e+00,3.056115627288818359e+00,8.643066406250000000e+00,5.800498962402343750e+00,7.922227859497070312e+00,8.569974899291992188e+00,9.978162765502929688e+00,1.326165962219238281e+01,9.710453033447265625e+00,1.104363727569580078e+01,1.317608642578125000e+01
9.312129974365234375e+00,9.477750778198242188e+00,2.392083644866943359e+00,8.915340423583984375e+00,6.276459693908691406e+00,7.833988189697265625e+00,8.435199737548828125e+00,8.203964233398437500e+00,1.334547519683837891e+01,9.880454063415527344e+00,1.153139591217041016e+01,1.335564136505126953e+01
9.347585678100585938e+00,9.460869789123535156e+00,3.117566823959350586e+00,8.682201385498046875e+00,5.756897926330566406e+00,7.798340797424316406e+00,8.571617126464843750e+00,9.844766616821289062e+00,1.317142200469970703e+01,9.734667778015136719e+00,1.093069458007812500e+01,1.308988285064697266e+01
9.133713722229003906e+00,9.508742332458496094e+00,2.987100124359130859e+00,8.712021827697753906e+00,5.836875915527343750e+00,8.283090591430664062e+00,8.803343772888183594e+00,9.447034835815429688e+00,1.334075355529785156e+01,9.700730323791503906e+00,1.116392803192138672e+01,1.314015769958496094e+01
9.205574989318847656e+00,9.387320518493652344e+00,2.998575210571289062e+00,8.680634498596191406e+00,5.727804183959960938e+00,7.835794448852539062e+00,8.680480957031250000e+00,9.673500061035156250e+00,1.309999847412109375e+01,9.704092979431152344e+00,1.100744056701660156e+01,1.308959865570068359e+01
9.200263977050781250e+00,9.059719085693359375e+00,2.266150236129760742e+00,8.999652862548828125e+00,6.251873970031738281e+00,7.828076362609863281e+00,8.591907501220703125e+00,8.000257492065429688e+00,1.278887367248535156e+01,9.893414497375488281e+00,1.108405780792236328e+01,1.299998188018798828e+01
9.253798484802246094e+00,9.142183303833007812e+00,2.765176773071289062e+00,8.972225189208984375e+00,6.075196266174316406e+00,8.506524085998535156e+00,8.886857032775878906e+00,8.318714141845703125e+00,1.309718036651611328e+01,9.641547203063964844e+00,1.104963588714599609e+01,1.305301570892333984e+01
9.159940719604492188e+00,8.871921539306640625e+00,2.630352973937988281e+00,9.025006294250488281e+00,5.973216056823730469e+00,8.200397491455078125e+00,8.964540481567382812e+00,7.978631973266601562e+00,1.256663799285888672e+01,9.571526527404785156e+00,1.079492664337158203e+01,1.276662731170654297e+01
9.203952789306640625e+00,8.656934738159179688e+00,2.844431161880493164e+00,9.141373634338378906e+00,6.057938575744628906e+00,8.610927581787109375e+00,9.028613090515136719e+00,8.122705459594726562e+00,1.250362682342529297e+01,9.678652763366699219e+00,1.067331981658935547e+01,1.259291934967041016e+01
9.191580772399902344e+00,8.776766777038574219e+00,2.990530252456665039e+00,9.205262184143066406e+00,6.219491958618164062e+00,8.693134307861328125e+00,9.100123405456542969e+00,8.232334136962890625e+00,1.254835796356201172e+01,9.721876144409179688e+00,1.065058803558349609e+01,1.254487323760986328e+01
9.142879486083984375e+00,8.623124122619628906e+00,2.820946216583251953e+00,9.251818656921386719e+00,6.142770767211914062e+00,8.717789649963378906e+00,9.070270538330078125e+00,8.117707252502441406e+00,1.238057327270507812e+01,9.782970428466796875e+00,1.064165878295898438e+01,1.242335510253906250e+01
9.245744705200195312e+00,8.466576576232910156e+00,2.886530637741088867e+00,9.200430870056152344e+00,6.081140518188476562e+00,8.649248123168945312e+00,9.013617515563964844e+00,8.125583648681640625e+00,1.231252574920654297e+01,9.746893882751464844e+00,1.057541370391845703e+01,1.244378471374511719e+01
9.185724258422851562e+00,8.567143440246582031e+00,2.883591413497924805e+00,9.251438140869140625e+00,6.124110221862792969e+00,8.803669929504394531e+00,9.083680152893066406e+00,8.092938423156738281e+00,1.224554920196533203e+01,9.758106231689453125e+00,1.054557323455810547e+01,1.235883712768554688e+01
9.286810874938964844e+00,8.385457992553710938e+00,3.002238512039184570e+00,9.319683074951171875e+00,6.125882148742675781e+00,8.722710609436035156e+00,9.119488716125488281e+00,8.271965980529785156e+00,1.213636779785156250e+01,9.790357589721679688e+00,1.039874935150146484e+01,1.215715217590332031e+01
9.314634323120117188e+00,8.275060653686523438e+00,2.988713502883911133e+00,9.338594436645507812e+00,6.126295089721679688e+00,8.761249542236328125e+00,9.105712890625000000e+00,8.273142814636230469e+00,1.203995895385742188e+01,9.798827171325683594e+00,1.035621166229248047e+01,1.208756542205810547e+01
9.345243453979492188e+00,8.324583053588867188e+00,2.993414640426635742e+00,9.314830780029296875e+00,6.171955108642578125e+00,8.634619712829589844e+00,9.074896812438964844e+00,8.325680732727050781e+00,1.209792518615722656e+01,9.783203125000000000e+00,1.036219215393066406e+01,1.212755393981933594e+01
9.159405708312988281e+00,9.117009162902832031e+00,2.556733131408691406e+00,8.808160781860351562e+00,5.872050285339355469e+00,8.552632331848144531e+00,8.685787200927734375e+00,8.129501342773437500e+00,1.311184692382812500e+01,9.634482383728027344e+00,1.089288330078125000e+01,1.275237274169921875e+01
9.109702110290527344e+00,9.188368797302246094e+00,2.262913942337036133e+00,8.678736686706542969e+00,5.714786529541015625e+00,7.892930030822753906e+00,8.388774871826171875e+00,7.876206398010253906e+00,1.297685623168945312e+01,9.533916473388671875e+00,1.094770240783691406e+01,1.285827350616455078e+01
9.191003799438476562e+00,9.274678230285644531e+00,2.477198600769042969e+00,8.794821739196777344e+00,6.001035690307617188e+00,8.286254882812500000e+00,8.604381561279296875e+00,8.123264312744140625e+00,1.315838336944580078e+01,9.647912979125976562e+00,1.110289955139160156e+01,1.304363441467285156e+01
9.179948806762695312e+00,9.075433731079101562e+00,2.477871656417846680e+00,8.942946434020996094e+00,5.989500045776367188e+00,8.451748847961425781e+00,8.814248085021972656e+00,8.105942726135253906e+00,1.303136444091796875e+01,9.688188552856445312e+00,1.099507236480712891e+01,1.305235481262207031e+01
9.228449821472167969e+00,9.002980232238769531e+00,2.551488399505615234e+00,8.943598747253417969e+00,5.996034622192382812e+00,8.453160285949707031e+00,8.913583755493164062e+00,8.142987251281738281e+00,1.293311786651611328e+01,9.689221382141113281e+00,1.089705562591552734e+01,1.281443309783935547e+01
9.100480079650878906e+00,9.044409751892089844e+00,2.095310926437377930e+00,8.716784477233886719e+00,5.828164100646972656e+00,7.907234191894531250e+00,8.444676399230957031e+00,7.736340522766113281e+00,1.272211360931396484e+01,9.532234191894531250e+00,1.089090919494628906e+01,1.277776813507080078e+01
9.173980712890625000e+00,9.022513389587402344e+00,2.577241897583007812e+00,9.149205207824707031e+00,5.982695579528808594e+00,8.742751121520996094e+00,9.264841079711914062e+00,8.128893852233886719e+00,1.289043617248535156e+01,9.738563537597656250e+00,1.078731346130371094e+01,1.271759414672851562e+01
9.333682060241699219e+00,8.917789459228515625e+00,2.582717895507812500e+00,8.862114906311035156e+00,5.987294197082519531e+00,8.498014450073242188e+00,8.612917900085449219e+00,8.244324684143066406e+00,1.293958663940429688e+01,9.666770935058593750e+00,1.097675609588623047e+01,1.285077285766601562e+01
9.158100128173828125e+00,9.097197532653808594e+00,2.604994773864746094e+00,9.170390129089355469e+00,6.031164169311523438e+00,8.731499671936035156e+00,9.262536048889160156e+00,8.182281494140625000e+00,1.293120956420898438e+01,9.735233306884765625e+00,1.085152435302734375e+01,1.279322242736816406e+01
9.311808586120605469e+00,8.894207000732421875e+00,2.546140670776367188e+00,8.918750762939453125e+00,6.037234306335449219e+00,8.548129081726074219e+00,8.711811065673828125e+00,8.206070899963378906e+00,1.289845466613769531e+01,9.721517562866210938e+00,1.096173858642578125e+01,1.283451652526855469e+01
9.506668090820312500e+00,9.123654365539550781e+00,2.681229114532470703e+00,9.065998077392578125e+00,5.918032646179199219e+00,7.300026893615722656e+00,9.162631034851074219e+00,7.967483043670654297e+00,1.285224151611328125e+01,9.962663650512695312e+00,1.064291763305664062e+01,1.244031524658203125e+01
9.578949928283691406e+00,8.960349082946777344e+00,2.736375331878662109e+00,8.963934898376464844e+00,5.927263259887695312e+00,7.231213569641113281e+00,9.135375976562500000e+00,7.897938728332519531e+00,1.273135566711425781e+01,9.753508567810058594e+00,1.053538322448730469e+01,1.234890365600585938e+01
9.658804893493652344e+00,9.100398063659667969e+00,3.329747915267944336e+00,9.220830917358398438e+00,5.904553413391113281e+00,7.769017219543457031e+00,9.457807540893554688e+00,8.370593070983886719e+00,1.325803375244140625e+01,1.001233673095703125e+01,1.059720802307128906e+01,1.237993812561035156e+01
9.545269012451171875e+00,9.143822669982910156e+00,2.878737449645996094e+00,9.272933959960937500e+00,5.841167449951171875e+00,7.693847656250000000e+00,9.280247688293457031e+00,8.216663360595703125e+00,1.306119441986083984e+01,9.943383216857910156e+00,1.061612701416015625e+01,1.243566322326660156e+01
9.577511787414550781e+00,8.845275878906250000e+00,3.331156969070434570e+00,9.243606567382812500e+00,5.626946449279785156e+00,8.064412117004394531e+00,9.575573921203613281e+00,8.305313110351562500e+00,1.290727806091308594e+01,1.000319290161132812e+01,1.032266521453857422e+01,1.218161296844482422e+01
9.589242935180664062e+00,9.063311576843261719e+00,3.040507555007934570e+00,9.229826927185058594e+00,6.016507148742675781e+00,7.574023246765136719e+00,9.251669883728027344e+00,8.085020065307617188e+00,1.308693981170654297e+01,9.909776687622070312e+00,1.072554588317871094e+01,1.244924545288085938e+01
9.563724517822265625e+00,9.130866050720214844e+00,3.023223876953125000e+00,9.279979705810546875e+00,5.907387733459472656e+00,8.067963600158691406e+00,9.428215026855468750e+00,8.165638923645019531e+00,1.306750106811523438e+01,1.003998565673828125e+01,1.068159389495849609e+01,1.242964172363281250e+01
9.611390113830566406e+00,8.994610786437988281e+00,3.118774414062500000e+00,9.208195686340332031e+00,5.831191062927246094e+00,7.758132934570312500e+00,9.394910812377929688e+00,8.089373588562011719e+00,1.304123306274414062e+01,9.917404174804687500e+00,1.057600784301757812e+01,1.234997653961181641e+01
9.588483810424804688e+00,9.114217758178710938e+00,3.550083398818969727e+00,9.103135108947753906e+00,5.619614601135253906e+00,7.943153381347656250e+00,9.423971176147460938e+00,8.445191383361816406e+00,1.328813743591308594e+01,1.000469684600830078e+01,1.049960231781005859e+01,1.233321285247802734e+01
9.441525459289550781e+00,9.026049613952636719e+00,3.182223081588745117e+00,9.170832633972167969e+00,5.849564552307128906e+00,8.043965339660644531e+00,9.260100364685058594e+00,8.224106788635253906e+00,1.310022354125976562e+01,9.945655822753906250e+00,1.058089351654052734e+01,1.240810298919677734e+01
9.664873123168945312e+00,7.971459388732910156e+00,3.670378923416137695e+00,9.357707977294921875e+00,6.085410118103027344e+00,8.991650581359863281e+00,9.522603034973144531e+00,8.297903060913085938e+00,1.195387363433837891e+01,9.677296638488769531e+00,9.690992355346679688e+00,1.141016387939453125e+01
9.615887641906738281e+00,7.982460975646972656e+00,3.894932508468627930e+00,9.267053604125976562e+00,5.891538619995117188e+00,9.118555068969726562e+00,9.414155006408691406e+00,8.370099067687988281e+00,1.214783954620361328e+01,9.789786338806152344e+00,9.861455917358398438e+00,1.158382320404052734e+01
9.595637321472167969e+00,7.799780368804931641e+00,3.674642324447631836e+00,9.247983932495117188e+00,5.827771186828613281e+00,9.113355636596679688e+00,9.404366493225097656e+00,8.309606552124023438e+00,1.197633266448974609e+01,9.709851264953613281e+00,9.701456069946289062e+00,1.141688156127929688e+01
9.664326667785644531e+00,7.853650093078613281e+00,3.558875083923339844e+00,9.337345123291015625e+00,5.850688934326171875e+00,9.213687896728515625e+00,9.458521842956542969e+00,8.349870681762695312e+00,1.199654579162597656e+01,9.803710937500000000e+00,9.673418998718261719e+00,1.143607616424560547e+01
9.712149620056152344e+00,7.909980773925781250e+00,3.520349502563476562e+00,9.356754302978515625e+00,5.933018684387207031e+00,9.155283927917480469e+00,9.416110038757324219e+00,8.403874397277832031e+00,1.196542358398437500e+01,9.846047401428222656e+00,9.713171958923339844e+00,1.145762062072753906e+01
9.490260124206542969e+00,7.744884967803955078e+00,3.678159713745117188e+00,9.445348739624023438e+00,5.995409965515136719e+00,9.471616744995117188e+00,9.035602569580078125e+00,8.240530967712402344e+00,1.213469696044921875e+01,1.004470539093017578e+01,1.011721992492675781e+01,1.177103805541992188e+01
9.584910392761230469e+00,7.740148544311523438e+00,3.465363264083862305e+00,9.422296524047851562e+00,5.847759246826171875e+00,9.376326560974121094e+00,9.167699813842773438e+00,8.229574203491210938e+00,1.208965110778808594e+01,9.999567031860351562e+00,9.998726844787597656e+00,1.167804336547851562e+01
9.470869064331054688e+00,7.663637638092041016e+00,3.591524124145507812e+00,9.265918731689453125e+00,5.761426925659179688e+00,9.169335365295410156e+00,9.044360160827636719e+00,8.105360031127929688e+00,1.201912879943847656e+01,9.922089576721191406e+00,9.948348999023437500e+00,1.148607158660888672e+01
9.374230384826660156e+00,7.738451004028320312e+00,3.359146356582641602e+00,9.444344520568847656e+00,5.837213516235351562e+00,9.473959922790527344e+00,8.952459335327148438e+00,8.168202400207519531e+00,1.220535755157470703e+01,1.015198612213134766e+01,1.033462429046630859e+01,1.198630428314208984e+01
9.434975624084472656e+00,7.752977848052978516e+00,3.190142393112182617e+00,9.492143630981445312e+00,5.804309844970703125e+00,9.447820663452148438e+00,8.912117958068847656e+00,8.131396293640136719e+00,1.218013191223144531e+01,1.019559192657470703e+01,1.037612247467041016e+01,1.198897838592529297e+01
9.237108230590820312e+00,9.186158180236816406e+00,2.815587997436523438e+00,8.976138114929199219e+00,5.616970062255859375e+00,8.759146690368652344e+00,9.259131431579589844e+00,7.921944618225097656e+00,1.283082103729248047e+01,9.604534149169921875e+00,1.050502395629882812e+01,1.269202709197998047e+01
9.212467193603515625e+00,9.133571624755859375e+00,2.812258005142211914e+00,8.966887474060058594e+00,5.624473571777343750e+00,8.862618446350097656e+00,9.252349853515625000e+00,7.811439514160156250e+00,1.259960746765136719e+01,9.544693946838378906e+00,1.030576610565185547e+01,1.259325408935546875e+01
9.226758956909179688e+00,9.012614250183105469e+00,2.786627292633056641e+00,9.035871505737304688e+00,5.727212905883789062e+00,8.985609054565429688e+00,9.191910743713378906e+00,7.905973911285400391e+00,1.271539115905761719e+01,9.710437774658203125e+00,1.043032932281494141e+01,1.263784122467041016e+01
9.146955490112304688e+00,9.036809921264648438e+00,2.552612543106079102e+00,8.919765472412109375e+00,5.458558082580566406e+00,8.718570709228515625e+00,9.317327499389648438e+00,7.444175720214843750e+00,1.246728706359863281e+01,9.595932006835937500e+00,1.046260738372802734e+01,1.242967700958251953e+01
9.509372711181640625e+00,8.892008781433105469e+00,3.374026775360107422e+00,9.081426620483398438e+00,5.749895095825195312e+00,8.720764160156250000e+00,9.303681373596191406e+00,8.345245361328125000e+00,1.274655342102050781e+01,9.720561027526855469e+00,1.010761642456054688e+01,1.248855304718017578e+01
9.344971656799316406e+00,8.940264701843261719e+00,3.055680274963378906e+00,9.036618232727050781e+00,5.680472373962402344e+00,9.014240264892578125e+00,9.248644828796386719e+00,8.008761405944824219e+00,1.283014678955078125e+01,9.772973060607910156e+00,1.040174388885498047e+01,1.263085460662841797e+01
9.570417404174804688e+00,8.638748168945312500e+00,3.264524221420288086e+00,9.154104232788085938e+00,5.903781890869140625e+00,9.112313270568847656e+00,9.257971763610839844e+00,8.419240951538085938e+00,1.274759483337402344e+01,9.883769989013671875e+00,1.036889076232910156e+01,1.243503665924072266e+01
9.598222732543945312e+00,8.591506004333496094e+00,3.361504077911376953e+00,9.157542228698730469e+00,5.884521484375000000e+00,8.919365882873535156e+00,9.358547210693359375e+00,8.446398735046386719e+00,1.252310752868652344e+01,9.692994117736816406e+00,1.005916786193847656e+01,1.220532417297363281e+01
9.684139251708984375e+00,8.541457176208496094e+00,3.526899337768554688e+00,9.146479606628417969e+00,5.891810417175292969e+00,8.841693878173828125e+00,9.427802085876464844e+00,8.555592536926269531e+00,1.277669906616210938e+01,9.808169364929199219e+00,1.019666290283203125e+01,1.222408962249755859e+01
9.768950462341308594e+00,8.531692504882812500e+00,3.651428222656250000e+00,9.168800354003906250e+00,5.904899597167968750e+00,8.649505615234375000e+00,9.525051116943359375e+00,8.676754951477050781e+00,1.272085666656494141e+01,9.745529174804687500e+00,1.001521015167236328e+01,1.210974502563476562e+01
9.564556121826171875e+00,7.803691864013671875e+00,3.030546665191650391e+00,8.622413635253906250e+00,5.356410980224609375e+00,8.806578636169433594e+00,8.905163764953613281e+00,8.315222740173339844e+00,1.214811134338378906e+01,9.642280578613281250e+00,9.208856582641601562e+00,1.074766349792480469e+01
9.582578659057617188e+00,7.847059249877929688e+00,3.111481189727783203e+00,8.573800086975097656e+00,5.353569984436035156e+00,8.589271545410156250e+00,8.858454704284667969e+00,8.325168609619140625e+00,1.219160175323486328e+01,9.687578201293945312e+00,9.273589134216308594e+00,1.082742977142333984e+01
9.551074981689453125e+00,7.817430019378662109e+00,3.057132959365844727e+00,8.621662139892578125e+00,5.348978042602539062e+00,8.748695373535156250e+00,8.836094856262207031e+00,8.271530151367187500e+00,1.221437454223632812e+01,9.757182121276855469e+00,9.352597236633300781e+00,1.089832973480224609e+01
9.678216934204101562e+00,7.676183700561523438e+00,3.203052282333374023e+00,8.656176567077636719e+00,5.309287071228027344e+00,8.804022789001464844e+00,8.795305252075195312e+00,8.139213562011718750e+00,1.204913139343261719e+01,9.755847930908203125e+00,9.341190338134765625e+00,1.087278175354003906e+01
9.544841766357421875e+00,7.747203350067138672e+00,3.048468112945556641e+00,8.625448226928710938e+00,5.340220451354980469e+00,8.685319900512695312e+00,8.769567489624023438e+00,8.172508239746093750e+00,1.211667633056640625e+01,9.793291091918945312e+00,9.371915817260742188e+00,1.083103942871093750e+01
9.583100318908691406e+00,7.634102821350097656e+00,3.052831172943115234e+00,8.697268486022949219e+00,5.313899040222167969e+00,8.905158042907714844e+00,8.785580635070800781e+00,8.093551635742187500e+00,1.201933002471923828e+01,9.782924652099609375e+00,9.365855216979980469e+00,1.081289291381835938e+01
9.566018104553222656e+00,7.693219184875488281e+00,3.122381687164306641e+00,8.900885581970214844e+00,5.307535171508789062e+00,9.034955024719238281e+00,8.778755187988281250e+00,8.022169113159179688e+00,1.205482387542724609e+01,9.980501174926757812e+00,9.768651962280273438e+00,1.128304862976074219e+01
9.574413299560546875e+00,7.688963890075683594e+00,3.120095491409301758e+00,8.876208305358886719e+00,5.245879173278808594e+00,9.077486038208007812e+00,8.792761802673339844e+00,8.083252906799316406e+00,1.205650615692138672e+01,9.912335395812988281e+00,9.754415512084960938e+00,1.126181316375732422e+01
9.567902565002441406e+00,7.685715198516845703e+00,3.029102325439453125e+00,8.950290679931640625e+00,5.436021804809570312e+00,9.320960998535156250e+00,8.792220115661621094e+00,8.057867050170898438e+00,1.203479480743408203e+01,1.008572864532470703e+01,9.772525787353515625e+00,1.129177951812744141e+01
9.388562202453613281e+00,7.691673278808593750e+00,3.166577577590942383e+00,9.087416648864746094e+00,5.629332542419433594e+00,9.211319923400878906e+00,8.745615959167480469e+00,8.114709854125976562e+00,1.217503070831298828e+01,1.016506576538085938e+01,1.003058528900146484e+01,1.150057411193847656e+01
9.443740844726562500e+00,8.947081565856933594e+00,2.874492645263671875e+00,9.152444839477539062e+00,5.853324890136718750e+00,9.032198905944824219e+00,9.292695999145507812e+00,8.091475486755371094e+00,1.278686332702636719e+01,9.990898132324218750e+00,1.073056030273437500e+01,1.249722194671630859e+01
9.342206001281738281e+00,8.850290298461914062e+00,2.321453809738159180e+00,9.296929359436035156e+00,5.918560981750488281e+00,9.271409034729003906e+00,9.149742126464843750e+00,8.091240882873535156e+00,1.258459949493408203e+01,1.012450122833251953e+01,1.079092884063720703e+01,1.256824779510498047e+01
9.092919349670410156e+00,9.477832794189453125e+00,2.572770357131958008e+00,8.886468887329101562e+00,5.886710166931152344e+00,8.781974792480468750e+00,8.963169097900390625e+00,8.880848884582519531e+00,1.322216224670410156e+01,9.659946441650390625e+00,1.107217788696289062e+01,1.300454807281494141e+01
9.250412940979003906e+00,8.987054824829101562e+00,2.051444530487060547e+00,9.316158294677734375e+00,6.013805389404296875e+00,9.212418556213378906e+00,9.060351371765136719e+00,8.210397720336914062e+00,1.274563217163085938e+01,1.010020923614501953e+01,1.087508773803710938e+01,1.273721599578857422e+01
9.201905250549316406e+00,8.635711669921875000e+00,2.671730518341064453e+00,9.456191062927246094e+00,5.981885910034179688e+00,9.403015136718750000e+00,9.096687316894531250e+00,8.082625389099121094e+00,1.235421752929687500e+01,1.004432964324951172e+01,1.063664340972900391e+01,1.236053276062011719e+01
9.117649078369140625e+00,9.476811408996582031e+00,2.539244651794433594e+00,8.818462371826171875e+00,5.848731040954589844e+00,8.755253791809082031e+00,8.786071777343750000e+00,9.144278526306152344e+00,1.339219093322753906e+01,9.729051589965820312e+00,1.115500354766845703e+01,1.311867427825927734e+01
9.329996109008789062e+00,8.705683708190917969e+00,2.779639244079589844e+00,9.125867843627929688e+00,5.663306236267089844e+00,8.905903816223144531e+00,9.149712562561035156e+00,8.021226882934570312e+00,1.255378150939941406e+01,9.996098518371582031e+00,1.056751155853271484e+01,1.233695316314697266e+01
9.327373504638671875e+00,8.670073509216308594e+00,2.430908918380737305e+00,9.365943908691406250e+00,5.902593612670898438e+00,9.390731811523437500e+00,9.166683197021484375e+00,8.128308296203613281e+00,1.240885734558105469e+01,1.022997760772705078e+01,1.069989013671875000e+01,1.246272659301757812e+01
9.305596351623535156e+00,8.513270378112792969e+00,2.557988643646240234e+00,9.386981010437011719e+00,5.653761863708496094e+00,9.623146057128906250e+00,9.203175544738769531e+00,8.009946823120117188e+00,1.234004116058349609e+01,1.025603294372558594e+01,1.066447353363037109e+01,1.243771076202392578e+01
9.392623901367187500e+00,8.594488143920898438e+00,2.933242559432983398e+00,9.230024337768554688e+00,5.980604171752929688e+00,8.817975044250488281e+00,9.005921363830566406e+00,8.470932960510253906e+00,1.253724670410156250e+01,9.945203781127929688e+00,1.061658191680908203e+01,1.229890060424804688e+01
9.266928672790527344e+00,8.295172691345214844e+00,2.201995372772216797e+00,9.224582672119140625e+00,5.924632072448730469e+00,8.979246139526367188e+00,8.629469871520996094e+00,7.767683982849121094e+00,1.217162418365478516e+01,1.003849124908447266e+01,1.045860195159912109e+01,1.222231864929199219e+01
9.123503684997558594e+00,8.470560073852539062e+00,2.295875310897827148e+00,9.242584228515625000e+00,5.876762390136718750e+00,9.069924354553222656e+00,8.723278999328613281e+00,7.863235950469970703e+00,1.225593376159667969e+01,1.000390529632568359e+01,1.055801296234130859e+01,1.232736396789550781e+01
9.163762092590332031e+00,8.337437629699707031e+00,2.322370767593383789e+00,9.332793235778808594e+00,5.657730102539062500e+00,9.189218521118164062e+00,8.703916549682617188e+00,7.809819698333740234e+00,1.215673446655273438e+01,1.018905258178710938e+01,1.056117153167724609e+01,1.229297161102294922e+01
9.292205810546875000e+00,8.182342529296875000e+00,2.663999319076538086e+00,9.499665260314941406e+00,5.934139251708984375e+00,9.328506469726562500e+00,9.009864807128906250e+00,7.817551612854003906e+00,1.214882755279541016e+01,1.024078845977783203e+01,1.040101528167724609e+01,1.217233085632324219e+01
9.272924423217773438e+00,8.906208992004394531e+00,2.227926254272460938e+00,9.549989700317382812e+00,5.875114440917968750e+00,9.159448623657226562e+00,9.142955780029296875e+00,7.670680046081542969e+00,1.244467258453369141e+01,1.008331966400146484e+01,1.085528659820556641e+01,1.267677402496337891e+01
9.156503677368164062e+00,8.055027961730957031e+00,2.399056196212768555e+00,9.440465927124023438e+00,5.835312843322753906e+00,9.309633255004882812e+00,8.766654968261718750e+00,7.958047389984130859e+00,1.206327533721923828e+01,1.023939895629882812e+01,1.050792026519775391e+01,1.220123672485351562e+01
9.308500289916992188e+00,8.038036346435546875e+00,2.462754487991333008e+00,9.216012001037597656e+00,5.722233772277832031e+00,9.033620834350585938e+00,8.595520973205566406e+00,7.731407642364501953e+00,1.201614189147949219e+01,1.012110042572021484e+01,1.034514141082763672e+01,1.207305049896240234e+01
9.430009841918945312e+00,7.798791408538818359e+00,3.011082172393798828e+00,9.514012336730957031e+00,5.950960159301757812e+00,9.527443885803222656e+00,8.667698860168457031e+00,8.171846389770507812e+00,1.203345966339111328e+01,1.032363605499267578e+01,1.048596668243408203e+01,1.211587810516357422e+01
9.305821418762207031e+00,8.017492294311523438e+00,2.761945247650146484e+00,9.307718276977539062e+00,5.847105979919433594e+00,9.137228012084960938e+00,8.788227081298828125e+00,7.837825775146484375e+00,1.211026763916015625e+01,1.014514636993408203e+01,1.039974975585937500e+01,1.204696941375732422e+01
9.305865287780761719e+00,8.027237892150878906e+00,2.532879829406738281e+00,9.473691940307617188e+00,5.918375015258789062e+00,9.439355850219726562e+00,8.748754501342773438e+00,8.067670822143554688e+00,1.209990024566650391e+01,1.036548709869384766e+01,1.052315616607666016e+01,1.221063041687011719e+01
9.235527992248535156e+00,8.625595092773437500e+00,2.699509382247924805e+00,9.177529335021972656e+00,5.532433509826660156e+00,8.852356910705566406e+00,9.090850830078125000e+00,7.878282546997070312e+00,1.235004138946533203e+01,1.003978443145751953e+01,1.040652656555175781e+01,1.207202720642089844e+01
9.237051963806152344e+00,8.555629730224609375e+00,2.505338191986083984e+00,9.257970809936523438e+00,5.712715148925781250e+00,8.947731018066406250e+00,9.045033454895019531e+00,7.951422214508056641e+00,1.228907585144042969e+01,1.015748119354248047e+01,1.055418395996093750e+01,1.223305225372314453e+01
9.232447624206542969e+00,8.460083007812500000e+00,2.783697366714477539e+00,9.202171325683593750e+00,5.497063636779785156e+00,8.878212928771972656e+00,9.076237678527832031e+00,7.837360858917236328e+00,1.225271320343017578e+01,1.002478122711181641e+01,1.031938838958740234e+01,1.197131919860839844e+01
9.204243659973144531e+00,8.190571784973144531e+00,2.496663331985473633e+00,9.380489349365234375e+00,5.826218605041503906e+00,9.316102981567382812e+00,8.870883941650390625e+00,8.061482429504394531e+00,1.216861534118652344e+01,1.027720928192138672e+01,1.049551486968994141e+01,1.215197849273681641e+01
9.289985656738281250e+00,8.771570205688476562e+00,2.400133132934570312e+00,9.366075515747070312e+00,5.832519531250000000e+00,8.577445983886718750e+00,9.336461067199707031e+00,7.812153339385986328e+00,1.229928684234619141e+01,1.002712917327880859e+01,1.068990421295166016e+01,1.231701374053955078e+01
9.237522125244140625e+00,8.693264007568359375e+00,2.507602930068969727e+00,9.207171440124511719e+00,5.481652259826660156e+00,8.884487152099609375e+00,9.236235618591308594e+00,7.732014179229736328e+00,1.225187206268310547e+01,1.004134178161621094e+01,1.050816726684570312e+01,1.217800140380859375e+01
9.300275802612304688e+00,8.218825340270996094e+00,2.693863391876220703e+00,9.279274940490722656e+00,5.617948532104492188e+00,9.080310821533203125e+00,9.017148017883300781e+00,7.913003444671630859e+00,1.212353038787841797e+01,1.010271167755126953e+01,1.034269714355468750e+01,1.199359226226806641e+01
9.232571601867675781e+00,8.226499557495117188e+00,2.586313009262084961e+00,9.249328613281250000e+00,5.569242477416992188e+00,9.076482772827148438e+00,9.021924972534179688e+00,7.871340751647949219e+00,1.213612174987792969e+01,1.003329277038574219e+01,1.031827259063720703e+01,1.200921726226806641e+01
9.434121131896972656e+00,8.353308677673339844e+00,2.594971895217895508e+00,9.304104804992675781e+00,5.997161865234375000e+00,8.646058082580566406e+00,8.994248390197753906e+00,8.057621955871582031e+00,1.221305084228515625e+01,9.977641105651855469e+00,1.057293128967285156e+01,1.223590850830078125e+01
9.171245574951171875e+00,8.439202308654785156e+00,2.440993547439575195e+00,9.135056495666503906e+00,5.295818328857421875e+00,8.948046684265136719e+00,9.008141517639160156e+00,7.851184368133544922e+00,1.222438240051269531e+01,1.001488113403320312e+01,1.027443122863769531e+01,1.200210952758789062e+01
9.314462661743164062e+00,8.801508903503417969e+00,2.509994268417358398e+00,9.246693611145019531e+00,5.951514244079589844e+00,8.863224029541015625e+00,9.036084175109863281e+00,8.032010078430175781e+00,1.246402168273925781e+01,1.005786800384521484e+01,1.063001918792724609e+01,1.246605777740478516e+01
9.391858100891113281e+00,8.835957527160644531e+00,2.591760635375976562e+00,9.258850097656250000e+00,5.997948646545410156e+00,8.959395408630371094e+00,9.091926574707031250e+00,8.146209716796875000e+00,1.259328079223632812e+01,1.010278606414794922e+01,1.073513698577880859e+01,1.252311611175537109e+01
9.263684272766113281e+00,9.009092330932617188e+00,2.253551959991455078e+00,9.155146598815917969e+00,6.032084465026855469e+00,8.698900222778320312e+00,8.876111030578613281e+00,8.191293716430664062e+00,1.268397331237792969e+01,1.000928688049316406e+01,1.076927852630615234e+01,1.265972328186035156e+01
9.129003524780273438e+00,8.928065299987792969e+00,2.066768169403076172e+00,8.956251144409179688e+00,5.707877159118652344e+00,8.615193367004394531e+00,8.651309013366699219e+00,7.643332481384277344e+00,1.239623832702636719e+01,9.871010780334472656e+00,1.059123420715332031e+01,1.226475143432617188e+01
9.211895942687988281e+00,9.050321578979492188e+00,1.967785716056823730e+00,8.870305061340332031e+00,5.822722434997558594e+00,8.149719238281250000e+00,8.565772056579589844e+00,7.523431777954101562e+00,1.252864646911621094e+01,9.667119026184082031e+00,1.074726772308349609e+01,1.246859931945800781e+01
9.346595764160156250e+00,8.726799964904785156e+00,2.445657014846801758e+00,9.298416137695312500e+00,6.034209251403808594e+00,8.958789825439453125e+00,8.979386329650878906e+00,8.133824348449707031e+00,1.245002746582031250e+01,1.019585800170898438e+01,1.068827915191650391e+01,1.243602085113525391e+01
9.131412506103515625e+00,8.929881095886230469e+00,2.097721338272094727e+00,9.068632125854492188e+00,5.723372459411621094e+00,8.691626548767089844e+00,8.906838417053222656e+00,7.768496513366699219e+00,1.236434841156005859e+01,9.898809432983398438e+00,1.047011470794677734e+01,1.227169418334960938e+01
9.194750785827636719e+00,8.779397964477539062e+00,2.008796930313110352e+00,9.046182632446289062e+00,5.773929595947265625e+00,8.500278472900390625e+00,8.810677528381347656e+00,7.644290447235107422e+00,1.235179519653320312e+01,9.765202522277832031e+00,1.048987960815429688e+01,1.232905960083007812e+01
9.116142272949218750e+00,8.918401718139648438e+00,2.052740335464477539e+00,9.069217681884765625e+00,5.702391624450683594e+00,8.673920631408691406e+00,8.872946739196777344e+00,7.782792568206787109e+00,1.233771800994873047e+01,9.883004188537597656e+00,1.045135307312011719e+01,1.223979663848876953e+01
9.266036987304687500e+00,8.848758697509765625e+00,2.417611837387084961e+00,9.046903610229492188e+00,5.711659431457519531e+00,8.625031471252441406e+00,8.912417411804199219e+00,7.849762439727783203e+00,1.238506698608398438e+01,9.883026123046875000e+00,1.035471057891845703e+01,1.228919315338134766e+01
9.389672279357910156e+00,8.289863586425781250e+00,2.646522760391235352e+00,9.402261734008789062e+00,5.900207519531250000e+00,9.420944213867187500e+00,9.024634361267089844e+00,8.140470504760742188e+00,1.222709083557128906e+01,1.030987834930419922e+01,1.064011573791503906e+01,1.233210277557373047e+01
9.382924079895019531e+00,7.872478008270263672e+00,2.810322761535644531e+00,9.406022071838378906e+00,5.913434028625488281e+00,9.462478637695312500e+00,8.709385871887207031e+00,8.199863433837890625e+00,1.213581657409667969e+01,1.036826801300048828e+01,1.051054382324218750e+01,1.212241077423095703e+01
9.421991348266601562e+00,7.921051025390625000e+00,2.781328916549682617e+00,9.427465438842773438e+00,5.884532928466796875e+00,9.492774963378906250e+00,8.789048194885253906e+00,8.197546005249023438e+00,1.211023139953613281e+01,1.033389472961425781e+01,1.051980686187744141e+01,1.214847469329833984e+01
9.446689605712890625e+00,8.255794525146484375e+00,2.769097328186035156e+00,9.406249046325683594e+00,5.883978843688964844e+00,9.367136955261230469e+00,9.054520606994628906e+00,8.171387672424316406e+00,1.218126773834228516e+01,1.017954826354980469e+01,1.049099445343017578e+01,1.220281219482421875e+01
9.431142807006835938e+00,7.899042129516601562e+00,2.816225290298461914e+00,9.365152359008789062e+00,5.868585586547851562e+00,9.317203521728515625e+00,8.755572319030761719e+00,8.213778495788574219e+00,1.207129001617431641e+01,1.021433544158935547e+01,1.036763095855712891e+01,1.201973342895507812e+01
9.483612060546875000e+00,8.052059173583984375e+00,2.795270442962646484e+00,9.433329582214355469e+00,5.955557823181152344e+00,9.436326026916503906e+00,8.939490318298339844e+00,8.270790100097656250e+00,1.214262008666992188e+01,1.023682308197021484e+01,1.051860141754150391e+01,1.218852043151855469e+01
9.440583229064941406e+00,7.738994121551513672e+00,2.952989339828491211e+00,9.321970939636230469e+00,5.771247863769531250e+00,9.378653526306152344e+00,8.622105598449707031e+00,8.129145622253417969e+00,1.202212524414062500e+01,1.023620033264160156e+01,1.035493946075439453e+01,1.197388935089111328e+01
9.469368934631347656e+00,7.836211681365966797e+00,2.852651596069335938e+00,9.401855468750000000e+00,5.861386299133300781e+00,9.456293106079101562e+00,8.751943588256835938e+00,8.227901458740234375e+00,1.204849338531494141e+01,1.026970577239990234e+01,1.043798446655273438e+01,1.206791973114013672e+01
9.467939376831054688e+00,7.847396850585937500e+00,2.851139545440673828e+00,9.405080795288085938e+00,5.915135383605957031e+00,9.451151847839355469e+00,8.754117012023925781e+00,8.261904716491699219e+00,1.204518127441406250e+01,1.022081851959228516e+01,1.038023185729980469e+01,1.200720787048339844e+01
9.471199989318847656e+00,7.839800357818603516e+00,2.912780523300170898e+00,9.361091613769531250e+00,5.828163146972656250e+00,9.364305496215820312e+00,8.805154800415039062e+00,8.137251853942871094e+00,1.202783966064453125e+01,1.021779060363769531e+01,1.038576507568359375e+01,1.201439571380615234e+01
9.604571342468261719e+00,8.034442901611328125e+00,3.256547927856445312e+00,9.378985404968261719e+00,5.952114105224609375e+00,9.284362792968750000e+00,9.074015617370605469e+00,8.377164840698242188e+00,1.219735431671142578e+01,1.017504692077636719e+01,1.025905323028564453e+01,1.189557266235351562e+01
9.550004005432128906e+00,8.571681022644042969e+00,2.954149961471557617e+00,9.399602890014648438e+00,5.900956153869628906e+00,9.179080009460449219e+00,9.550028800964355469e+00,8.146916389465332031e+00,1.214272975921630859e+01,9.942863464355468750e+00,1.024512767791748047e+01,1.193170166015625000e+01
9.564945220947265625e+00,7.949310779571533203e+00,3.061680078506469727e+00,9.442246437072753906e+00,5.969511032104492188e+00,9.388590812683105469e+00,8.969012260437011719e+00,8.280806541442871094e+00,1.211143398284912109e+01,1.028865337371826172e+01,1.030156707763671875e+01,1.205122280120849609e+01
9.539813041687011719e+00,8.530736923217773438e+00,2.933117151260375977e+00,9.453756332397460938e+00,5.962860107421875000e+00,9.263586044311523438e+00,9.430677413940429688e+00,8.165157318115234375e+00,1.218308544158935547e+01,9.983915328979492188e+00,1.036672592163085938e+01,1.210151958465576172e+01
9.539251327514648438e+00,7.929556369781494141e+00,3.151134014129638672e+00,9.369001388549804688e+00,5.897885322570800781e+00,9.295615196228027344e+00,8.900326728820800781e+00,8.312665939331054688e+00,1.219872474670410156e+01,1.022404098510742188e+01,1.035138511657714844e+01,1.203107643127441406e+01
9.524402618408203125e+00,7.859147071838378906e+00,3.262529611587524414e+00,9.412508010864257812e+00,5.935327529907226562e+00,9.329016685485839844e+00,8.766580581665039062e+00,8.300150871276855469e+00,1.221219635009765625e+01,1.025591182708740234e+01,1.041746520996093750e+01,1.207160186767578125e+01
9.548680305480957031e+00,7.835792064666748047e+00,3.271538019180297852e+00,9.343302726745605469e+00,5.882429122924804688e+00,9.204967498779296875e+00,8.758926391601562500e+00,8.281571388244628906e+00,1.210806083679199219e+01,1.013546276092529297e+01,1.024752616882324219e+01,1.191435146331787109e+01
9.416870117187500000e+00,7.846474647521972656e+00,3.020004272460937500e+00,9.317744255065917969e+00,5.820542335510253906e+00,9.331352233886718750e+00,8.763495445251464844e+00,8.186039924621582031e+00,1.214122962951660156e+01,1.031239604949951172e+01,1.044264411926269531e+01,1.203815650939941406e+01
9.544466972351074219e+00,7.839375019073486328e+00,3.119123220443725586e+00,9.358042716979980469e+00,5.842961311340332031e+00,9.248429298400878906e+00,8.823596000671386719e+00,8.216382980346679688e+00,1.204470348358154297e+01,1.017312240600585938e+01,1.025802707672119141e+01,1.196409034729003906e+01
9.423923492431640625e+00,7.820868492126464844e+00,3.177947282791137695e+00,9.355264663696289062e+00,5.852442741394042969e+00,9.307641983032226562e+00,8.733596801757812500e+00,8.240805625915527344e+00,1.213541698455810547e+01,1.023789596557617188e+01,1.038953113555908203e+01,1.196105480194091797e+01
9.235536575317382812e+00,8.410692214965820312e+00,3.036387443542480469e+00,8.829362869262695312e+00,5.209189414978027344e+00,8.229352951049804688e+00,8.577341079711914062e+00,7.415998935699462891e+00,1.263129520416259766e+01,9.888412475585937500e+00,9.953428268432617188e+00,1.195624542236328125e+01
9.363141059875488281e+00,8.177709579467773438e+00,2.998459815979003906e+00,8.796161651611328125e+00,5.230965614318847656e+00,8.826052665710449219e+00,8.728176116943359375e+00,7.270856380462646484e+00,1.225307655334472656e+01,9.860303878784179688e+00,1.022138977050781250e+01,1.197865581512451172e+01
9.317824363708496094e+00,8.089660644531250000e+00,2.872563123703002930e+00,9.120398521423339844e+00,5.714163780212402344e+00,9.006805419921875000e+00,8.832656860351562500e+00,7.708313465118408203e+00,1.222507095336914062e+01,1.001346111297607422e+01,1.032067489624023438e+01,1.205965709686279297e+01
9.321037292480468750e+00,7.988162040710449219e+00,3.077099084854125977e+00,8.971219062805175781e+00,5.305715560913085938e+00,9.003340721130371094e+00,8.829270362854003906e+00,7.571094989776611328e+00,1.220684909820556641e+01,9.976264953613281250e+00,1.033977985382080078e+01,1.201425266265869141e+01
9.390365600585937500e+00,7.808481216430664062e+00,3.120896100997924805e+00,8.903582572937011719e+00,5.141308784484863281e+00,8.714451789855957031e+00,8.696795463562011719e+00,7.393804073333740234e+00,1.208940696716308594e+01,9.932095527648925781e+00,1.016862297058105469e+01,1.185626125335693359e+01
9.340724945068359375e+00,8.061436653137207031e+00,2.920652389526367188e+00,9.274928092956542969e+00,5.704874038696289062e+00,9.214342117309570312e+00,8.951073646545410156e+00,7.969889640808105469e+00,1.220060348510742188e+01,1.018167591094970703e+01,1.034172439575195312e+01,1.212153148651123047e+01
9.484142303466796875e+00,7.995023727416992188e+00,3.416353940963745117e+00,8.415690422058105469e+00,4.164835929870605469e+00,8.545635223388671875e+00,8.514472007751464844e+00,7.072610378265380859e+00,1.220172691345214844e+01,9.690851211547851562e+00,1.000730895996093750e+01,1.161968421936035156e+01
9.391935348510742188e+00,7.970810413360595703e+00,2.990204572677612305e+00,8.768084526062011719e+00,5.054471015930175781e+00,8.817687034606933594e+00,8.704533576965332031e+00,7.222736835479736328e+00,1.208395767211914062e+01,9.823779106140136719e+00,1.021401786804199219e+01,1.191135406494140625e+01
9.369717597961425781e+00,7.822206497192382812e+00,3.161592721939086914e+00,8.892120361328125000e+00,5.021871566772460938e+00,8.865699768066406250e+00,8.823043823242187500e+00,7.389696598052978516e+00,1.207402896881103516e+01,9.905441284179687500e+00,1.027489376068115234e+01,1.188527488708496094e+01
9.452380180358886719e+00,7.535416603088378906e+00,3.209287166595458984e+00,8.683180809020996094e+00,4.729205131530761719e+00,8.444554328918457031e+00,8.555721282958984375e+00,7.173705101013183594e+00,1.185970401763916016e+01,9.714170455932617188e+00,9.956749916076660156e+00,1.161487865447998047e+01
9.305741310119628906e+00,8.612743377685546875e+00,2.988260507583618164e+00,9.185241699218750000e+00,5.467114448547363281e+00,8.743317604064941406e+00,9.042421340942382812e+00,8.009692192077636719e+00,1.249581909179687500e+01,1.000209045410156250e+01,1.017060661315917969e+01,1.223817920684814453e+01
9.353775024414062500e+00,8.111850738525390625e+00,2.822161197662353516e+00,9.409754753112792969e+00,5.771782875061035156e+00,9.181482315063476562e+00,8.970202445983886719e+00,8.117132186889648438e+00,1.221009731292724609e+01,1.017166423797607422e+01,1.032332515716552734e+01,1.216869735717773438e+01
9.368223190307617188e+00,8.007096290588378906e+00,2.943538427352905273e+00,9.440989494323730469e+00,5.729705810546875000e+00,9.188924789428710938e+00,9.018732070922851562e+00,8.163953781127929688e+00,1.225576496124267578e+01,1.019008255004882812e+01,1.026997184753417969e+01,1.209519958496093750e+01
9.466685295104980469e+00,8.595030784606933594e+00,2.739084959030151367e+00,9.313252449035644531e+00,5.891432762145996094e+00,9.021333694458007812e+00,9.113385200500488281e+00,8.064353942871093750e+00,1.237357711791992188e+01,1.001385307312011719e+01,1.055224227905273438e+01,1.242237663269042969e+01
9.464246749877929688e+00,8.084588050842285156e+00,2.882024765014648438e+00,9.398029327392578125e+00,5.871869087219238281e+00,9.386227607727050781e+00,9.043610572814941406e+00,8.162860870361328125e+00,1.221050262451171875e+01,1.023790359497070312e+01,1.044333267211914062e+01,1.220981216430664062e+01
9.411514282226562500e+00,7.825199127197265625e+00,2.906218767166137695e+00,9.470087051391601562e+00,5.914631843566894531e+00,9.459866523742675781e+00,8.798561096191406250e+00,8.162093162536621094e+00,1.208117580413818359e+01,1.031962871551513672e+01,1.042840671539306641e+01,1.213065719604492188e+01
9.534886360168457031e+00,7.889572143554687500e+00,3.301835536956787109e+00,9.319409370422363281e+00,5.742895126342773438e+00,9.058076858520507812e+00,9.045330047607421875e+00,8.133099555969238281e+00,1.218437480926513672e+01,1.009985256195068359e+01,1.012307262420654297e+01,1.195077133178710938e+01
9.482361793518066406e+00,7.850625038146972656e+00,3.000425815582275391e+00,9.415065765380859375e+00,5.818324089050292969e+00,9.350041389465332031e+00,8.890267372131347656e+00,8.150639533996582031e+00,1.208766078948974609e+01,1.021764278411865234e+01,1.033829212188720703e+01,1.207080650329589844e+01
9.416315078735351562e+00,7.827144145965576172e+00,2.884500741958618164e+00,9.441611289978027344e+00,5.858532905578613281e+00,9.437167167663574219e+00,8.805900573730468750e+00,8.156660079956054688e+00,1.207689380645751953e+01,1.030271625518798828e+01,1.043642616271972656e+01,1.210782337188720703e+01
9.415179252624511719e+00,7.803684234619140625e+00,3.071496725082397461e+00,9.358623504638671875e+00,5.812776565551757812e+00,9.247503280639648438e+00,8.911470413208007812e+00,8.114291191101074219e+00,1.211933231353759766e+01,1.018920040130615234e+01,1.032036590576171875e+01,1.205294322967529297e+01
9.579269409179687500e+00,8.112407684326171875e+00,3.844267129898071289e+00,8.832324981689453125e+00,4.530467987060546875e+00,7.977809906005859375e+00,9.079689979553222656e+00,8.536298751831054688e+00,1.229041385650634766e+01,9.562208175659179688e+00,9.368463516235351562e+00,1.132738685607910156e+01
9.417889595031738281e+00,7.826435565948486328e+00,3.442479848861694336e+00,9.115254402160644531e+00,4.861815452575683594e+00,8.801260948181152344e+00,9.078408241271972656e+00,7.982588768005371094e+00,1.210678195953369141e+01,9.936315536499023438e+00,1.000452232360839844e+01,1.170406436920166016e+01
9.410473823547363281e+00,7.893654346466064453e+00,3.192179203033447266e+00,8.995669364929199219e+00,4.495454788208007812e+00,8.749612808227539062e+00,9.046201705932617188e+00,7.973817348480224609e+00,1.215178298950195312e+01,9.895207405090332031e+00,9.947275161743164062e+00,1.175378799438476562e+01
9.539435386657714844e+00,7.930285453796386719e+00,3.259072542190551758e+00,9.254730224609375000e+00,5.288713455200195312e+00,9.074944496154785156e+00,9.342399597167968750e+00,8.212745666503906250e+00,1.207185268402099609e+01,9.895135879516601562e+00,9.759194374084472656e+00,1.152539634704589844e+01
9.686779975891113281e+00,7.889417171478271484e+00,3.524807214736938477e+00,9.258012771606445312e+00,5.615452766418457031e+00,8.906911849975585938e+00,9.445244789123535156e+00,8.289609909057617188e+00,1.194734573364257812e+01,9.704087257385253906e+00,9.441810607910156250e+00,1.114198207855224609e+01
9.483379364013671875e+00,7.839467525482177734e+00,3.259297847747802734e+00,9.544981956481933594e+00,5.816010475158691406e+00,9.362946510314941406e+00,9.041156768798828125e+00,8.233445167541503906e+00,1.208075237274169922e+01,1.023038196563720703e+01,1.024145221710205078e+01,1.192589378356933594e+01
9.579410552978515625e+00,7.828922748565673828e+00,3.508423566818237305e+00,8.653622627258300781e+00,4.662665367126464844e+00,8.013145446777343750e+00,9.199726104736328125e+00,8.200076103210449219e+00,1.193157196044921875e+01,9.259850502014160156e+00,9.210263252258300781e+00,1.110877513885498047e+01
9.396338462829589844e+00,8.013822555541992188e+00,3.137620449066162109e+00,8.991490364074707031e+00,4.578960418701171875e+00,8.808540344238281250e+00,8.989905357360839844e+00,8.020311355590820312e+00,1.215459728240966797e+01,9.792917251586914062e+00,9.872547149658203125e+00,1.169109725952148438e+01
9.575104713439941406e+00,7.798244953155517578e+00,3.447790384292602539e+00,9.196024894714355469e+00,5.286951065063476562e+00,8.946918487548828125e+00,9.142858505249023438e+00,8.074919700622558594e+00,1.193564987182617188e+01,9.813060760498046875e+00,9.776782035827636719e+00,1.136358165740966797e+01
9.508793830871582031e+00,7.925172805786132812e+00,3.111516475677490234e+00,9.319921493530273438e+00,5.582782745361328125e+00,9.168667793273925781e+00,9.343668937683105469e+00,8.161081314086914062e+00,1.203039836883544922e+01,1.007736873626708984e+01,9.901776313781738281e+00,1.161718368530273438e+01
9.208953857421875000e+00,9.518751144409179688e+00,2.763953685760498047e+00,9.060279846191406250e+00,6.171546936035156250e+00,9.410143852233886719e+00,8.950883865356445312e+00,8.078754425048828125e+00,1.331126880645751953e+01,9.671698570251464844e+00,1.112687492370605469e+01,1.297343063354492188e+01
9.092422485351562500e+00,8.765851974487304688e+00,2.498622179031372070e+00,9.527516365051269531e+00,5.608290672302246094e+00,9.415342330932617188e+00,9.117710113525390625e+00,7.749327182769775391e+00,1.229357337951660156e+01,1.009818267822265625e+01,1.070756816864013672e+01,1.252623653411865234e+01
9.102777481079101562e+00,8.619200706481933594e+00,2.597131967544555664e+00,8.846404075622558594e+00,4.085409164428710938e+00,8.506195068359375000e+00,8.889944076538085938e+00,7.777955532073974609e+00,1.212634944915771484e+01,9.637606620788574219e+00,1.026753997802734375e+01,1.200273799896240234e+01
9.164566040039062500e+00,8.819986343383789062e+00,2.662724733352661133e+00,8.784805297851562500e+00,3.826181173324584961e+00,8.231420516967773438e+00,8.816864013671875000e+00,7.743137836456298828e+00,1.224554347991943359e+01,9.555953979492187500e+00,1.034835147857666016e+01,1.198617267608642578e+01
9.605551719665527344e+00,8.628878593444824219e+00,3.191286325454711914e+00,8.227827072143554688e+00,2.940592527389526367e+00,7.480855941772460938e+00,7.773455142974853516e+00,8.465472221374511719e+00,1.294901371002197266e+01,9.193105697631835938e+00,1.009875488281250000e+01,1.147448825836181641e+01
9.163702011108398438e+00,7.874734401702880859e+00,2.892179727554321289e+00,8.688715934753417969e+00,3.790602684020996094e+00,8.405834197998046875e+00,8.556302070617675781e+00,7.745586395263671875e+00,1.189115905761718750e+01,9.530338287353515625e+00,1.003765869140625000e+01,1.159170150756835938e+01
9.410694122314453125e+00,8.589247703552246094e+00,2.727407455444335938e+00,8.178904533386230469e+00,3.073136091232299805e+00,7.604877471923828125e+00,7.719987869262695312e+00,8.309234619140625000e+00,1.257976245880126953e+01,9.231835365295410156e+00,1.024435234069824219e+01,1.153105545043945312e+01
9.545328140258789062e+00,8.403971672058105469e+00,3.019159555435180664e+00,8.317883491516113281e+00,2.827338695526123047e+00,7.195290565490722656e+00,7.508713722229003906e+00,8.311500549316406250e+00,1.268680381774902344e+01,9.290396690368652344e+00,1.001091766357421875e+01,1.137596607208251953e+01
9.174750328063964844e+00,8.057298660278320312e+00,2.597458600997924805e+00,8.916198730468750000e+00,4.077116966247558594e+00,8.695697784423828125e+00,8.605310440063476562e+00,7.933886528015136719e+00,1.198152828216552734e+01,9.763304710388183594e+00,1.030653858184814453e+01,1.188858985900878906e+01
9.218751907348632812e+00,8.348489761352539062e+00,2.528559446334838867e+00,8.447898864746093750e+00,3.225850343704223633e+00,7.984605789184570312e+00,7.927864074707031250e+00,7.885107517242431641e+00,1.212602233886718750e+01,9.399257659912109375e+00,1.015392398834228516e+01,1.162826061248779297e+01
9.441565513610839844e+00,7.779134273529052734e+00,3.212419986724853516e+00,9.470877647399902344e+00,6.006802558898925781e+00,9.512447357177734375e+00,8.743446350097656250e+00,8.153086662292480469e+00,1.194659328460693359e+01,1.017849254608154297e+01,1.026149654388427734e+01,1.191774368286132812e+01
9.288098335266113281e+00,7.781577110290527344e+00,3.236776351928710938e+00,9.441287040710449219e+00,6.005023002624511719e+00,9.496655464172363281e+00,8.581943511962890625e+00,8.112809181213378906e+00,1.201512336730957031e+01,1.026665306091308594e+01,1.041283893585205078e+01,1.202719879150390625e+01
9.397212028503417969e+00,7.745689392089843750e+00,3.076252937316894531e+00,9.472693443298339844e+00,6.020587921142578125e+00,9.593977928161621094e+00,8.618939399719238281e+00,8.135188102722167969e+00,1.197891235351562500e+01,1.028502845764160156e+01,1.041068840026855469e+01,1.205186748504638672e+01
9.461648941040039062e+00,7.753599166870117188e+00,2.959792137145996094e+00,9.513880729675292969e+00,6.052251815795898438e+00,9.580007553100585938e+00,8.655891418457031250e+00,8.189502716064453125e+00,1.196941184997558594e+01,1.027207946777343750e+01,1.035287952423095703e+01,1.203820228576660156e+01
9.399315834045410156e+00,7.754254817962646484e+00,3.103411674499511719e+00,9.311922073364257812e+00,5.950245857238769531e+00,9.307694435119628906e+00,8.750660896301269531e+00,8.158722877502441406e+00,1.185235214233398438e+01,9.995751380920410156e+00,1.009225845336914062e+01,1.183400058746337891e+01
9.485059738159179688e+00,7.611794948577880859e+00,3.152141571044921875e+00,9.156465530395507812e+00,6.082963943481445312e+00,9.078957557678222656e+00,8.600496292114257812e+00,8.351197242736816406e+00,1.171997547149658203e+01,9.787937164306640625e+00,9.863632202148437500e+00,1.171746540069580078e+01
9.459030151367187500e+00,7.529520034790039062e+00,3.012902736663818359e+00,9.105767250061035156e+00,6.053128242492675781e+00,9.179191589355468750e+00,8.448562622070312500e+00,8.303419113159179688e+00,1.176992130279541016e+01,9.885553359985351562e+00,9.925039291381835938e+00,1.174201965332031250e+01
9.480923652648925781e+00,7.646961212158203125e+00,3.117241144180297852e+00,9.340074539184570312e+00,5.847213745117187500e+00,9.378467559814453125e+00,8.746364593505859375e+00,8.170856475830078125e+00,1.182646274566650391e+01,1.005803680419921875e+01,1.007993984222412109e+01,1.181326961517333984e+01
9.443113327026367188e+00,7.645581245422363281e+00,3.032152175903320312e+00,9.313812255859375000e+00,6.009714126586914062e+00,9.395461082458496094e+00,8.542321205139160156e+00,8.261053085327148438e+00,1.184051227569580078e+01,1.010405826568603516e+01,1.010070419311523438e+01,1.190047073364257812e+01
9.456284523010253906e+00,7.715898513793945312e+00,3.032399892807006836e+00,9.406023979187011719e+00,6.008378028869628906e+00,9.441457748413085938e+00,8.649290084838867188e+00,8.219660758972167969e+00,1.187198734283447266e+01,1.012285614013671875e+01,1.018650531768798828e+01,1.193329429626464844e+01
9.339347839355468750e+00,7.906681060791015625e+00,2.873502969741821289e+00,9.309057235717773438e+00,5.676199913024902344e+00,9.341616630554199219e+00,8.850330352783203125e+00,8.063836097717285156e+00,1.208129596710205078e+01,1.014957523345947266e+01,1.049116802215576172e+01,1.202979564666748047e+01
9.310889244079589844e+00,7.918929100036621094e+00,2.799456119537353516e+00,9.293886184692382812e+00,5.675437927246093750e+00,9.364883422851562500e+00,8.815788269042968750e+00,8.030263900756835938e+00,1.205537128448486328e+01,1.017559623718261719e+01,1.046443080902099609e+01,1.206523799896240234e+01
9.409214019775390625e+00,7.835317611694335938e+00,2.739278316497802734e+00,9.371504783630371094e+00,5.737457275390625000e+00,9.415470123291015625e+00,8.847874641418457031e+00,8.143625259399414062e+00,1.203940391540527344e+01,1.023839282989501953e+01,1.032669734954833984e+01,1.196385574340820312e+01
9.311848640441894531e+00,7.712403774261474609e+00,2.817151546478271484e+00,9.389525413513183594e+00,5.781374931335449219e+00,9.426708221435546875e+00,8.570236206054687500e+00,8.128371238708496094e+00,1.201209449768066406e+01,1.028865337371826172e+01,1.049115753173828125e+01,1.207093524932861328e+01
9.290818214416503906e+00,7.718840599060058594e+00,2.841446161270141602e+00,9.441240310668945312e+00,5.841808319091796875e+00,9.387629508972167969e+00,8.559768676757812500e+00,8.191601753234863281e+00,1.204144859313964844e+01,1.031716251373291016e+01,1.046839046478271484e+01,1.207192611694335938e+01
9.316839218139648438e+00,7.833304405212402344e+00,2.564516544342041016e+00,9.317009925842285156e+00,5.666943550109863281e+00,9.409687995910644531e+00,8.747879981994628906e+00,8.159867286682128906e+00,1.196691322326660156e+01,1.014342403411865234e+01,1.033085536956787109e+01,1.198859310150146484e+01
9.301290512084960938e+00,7.682379722595214844e+00,2.841360330581665039e+00,9.402951240539550781e+00,5.784238815307617188e+00,9.374777793884277344e+00,8.587022781372070312e+00,8.175427436828613281e+00,1.201019001007080078e+01,1.027935695648193359e+01,1.040835571289062500e+01,1.201182651519775391e+01
9.391418457031250000e+00,7.696155548095703125e+00,3.106431484222412109e+00,9.418209075927734375e+00,5.783603668212890625e+00,9.434223175048828125e+00,8.657185554504394531e+00,8.145663261413574219e+00,1.200386047363281250e+01,1.021697711944580078e+01,1.039113521575927734e+01,1.198966503143310547e+01
9.314414978027343750e+00,7.756786346435546875e+00,2.697576045989990234e+00,9.317406654357910156e+00,5.682789802551269531e+00,9.412634849548339844e+00,8.646631240844726562e+00,8.191842079162597656e+00,1.197420215606689453e+01,1.017281055450439453e+01,1.037482547760009766e+01,1.198198318481445312e+01
9.335367202758789062e+00,7.653832912445068359e+00,2.967388868331909180e+00,9.374094009399414062e+00,5.717467308044433594e+00,9.419663429260253906e+00,8.587924957275390625e+00,8.111734390258789062e+00,1.200495433807373047e+01,1.024906253814697266e+01,1.035206127166748047e+01,1.194637775421142578e+01
9.044069290161132812e+00,7.814008712768554688e+00,2.468789815902709961e+00,7.912875175476074219e+00,3.380637407302856445e+00,7.929550170898437500e+00,7.432206153869628906e+00,8.367096900939941406e+00,1.243169975280761719e+01,9.372179031372070312e+00,1.023082828521728516e+01,1.166030502319335938e+01
9.006831169128417969e+00,7.449524402618408203e+00,2.470293760299682617e+00,8.388573646545410156e+00,4.225497245788574219e+00,8.714591026306152344e+00,7.879605293273925781e+00,7.768975257873535156e+00,1.217150402069091797e+01,9.789523124694824219e+00,1.028765583038330078e+01,1.182276725769042969e+01
8.895044326782226562e+00,7.861969947814941406e+00,2.350096464157104492e+00,8.140381813049316406e+00,3.823494672775268555e+00,8.292565345764160156e+00,7.810582637786865234e+00,7.762632846832275391e+00,1.199609947204589844e+01,9.587006568908691406e+00,1.026259708404541016e+01,1.179319858551025391e+01
8.930714607238769531e+00,7.296636104583740234e+00,2.352258920669555664e+00,8.291209220886230469e+00,4.464633941650390625e+00,8.691631317138671875e+00,7.592044830322265625e+00,7.580615997314453125e+00,1.210417270660400391e+01,9.797834396362304688e+00,1.046678256988525391e+01,1.200033569335937500e+01
9.190144538879394531e+00,7.488508701324462891e+00,2.774282455444335938e+00,8.831384658813476562e+00,4.883694648742675781e+00,9.214629173278808594e+00,8.118373870849609375e+00,7.764095306396484375e+00,1.203714275360107422e+01,1.016266536712646484e+01,1.045224761962890625e+01,1.190783023834228516e+01
9.011302947998046875e+00,7.297715663909912109e+00,2.592382669448852539e+00,8.410223960876464844e+00,4.464488029479980469e+00,8.714994430541992188e+00,7.644737720489501953e+00,7.854565143585205078e+00,1.223946285247802734e+01,9.923237800598144531e+00,1.035176849365234375e+01,1.185054111480712891e+01
9.029423713684082031e+00,7.554791450500488281e+00,2.597105264663696289e+00,8.576313972473144531e+00,4.594064712524414062e+00,8.847201347351074219e+00,7.798168182373046875e+00,8.007535934448242188e+00,1.209054565429687500e+01,9.975695610046386719e+00,1.042366695404052734e+01,1.205676746368408203e+01
9.085137367248535156e+00,7.630695343017578125e+00,2.508353233337402344e+00,7.754807949066162109e+00,3.197308540344238281e+00,7.179290771484375000e+00,6.792935371398925781e+00,8.126162528991699219e+00,1.224443149566650391e+01,9.331110000610351562e+00,9.986077308654785156e+00,1.150196838378906250e+01
9.288682937622070312e+00,7.603179454803466797e+00,2.809254884719848633e+00,9.210079193115234375e+00,5.719766616821289062e+00,9.561773300170898438e+00,8.596675872802734375e+00,8.181103706359863281e+00,1.215822792053222656e+01,1.036752223968505859e+01,1.046838951110839844e+01,1.206352138519287109e+01
9.197971343994140625e+00,7.494330883026123047e+00,2.942070484161376953e+00,8.923495292663574219e+00,4.856087684631347656e+00,8.626404762268066406e+00,7.952736377716064453e+00,7.866158962249755859e+00,1.215623569488525391e+01,1.017739963531494141e+01,1.058887577056884766e+01,1.200774383544921875e+01
9.043622016906738281e+00,8.330531120300292969e+00,3.091308355331420898e+00,7.699027061462402344e+00,4.584888458251953125e+00,8.590445518493652344e+00,8.618412971496582031e+00,9.122704505920410156e+00,1.279700851440429688e+01,9.754280090332031250e+00,1.062709045410156250e+01,1.211362266540527344e+01
9.252388954162597656e+00,9.195067405700683594e+00,3.337776184082031250e+00,8.193027496337890625e+00,5.341516494750976562e+00,9.068371772766113281e+00,8.956406593322753906e+00,9.213615417480468750e+00,1.345574283599853516e+01,1.014329910278320312e+01,1.114368057250976562e+01,1.252821159362792969e+01
9.277813911437988281e+00,9.064517021179199219e+00,3.393444538116455078e+00,8.249572753906250000e+00,5.375534057617187500e+00,8.734594345092773438e+00,8.818695068359375000e+00,9.454202651977539062e+00,1.357267189025878906e+01,1.004975795745849609e+01,1.100862789154052734e+01,1.239421176910400391e+01
9.312005043029785156e+00,9.199651718139648438e+00,3.354715347290039062e+00,8.242911338806152344e+00,5.424140930175781250e+00,9.150479316711425781e+00,9.004230499267578125e+00,9.196860313415527344e+00,1.349630069732666016e+01,1.014233684539794922e+01,1.108537197113037109e+01,1.251753711700439453e+01
9.138312339782714844e+00,8.502118110656738281e+00,3.021845579147338867e+00,7.742410182952880859e+00,4.945012092590332031e+00,9.684495925903320312e+00,8.407586097717285156e+00,9.600501060485839844e+00,1.275988674163818359e+01,9.711303710937500000e+00,1.056324195861816406e+01,1.224600982666015625e+01
9.197685241699218750e+00,8.276717185974121094e+00,3.291961669921875000e+00,7.592063903808593750e+00,4.540910720825195312e+00,8.832245826721191406e+00,8.426866531372070312e+00,9.222284317016601562e+00,1.223725986480712891e+01,9.791604042053222656e+00,1.055735397338867188e+01,1.209823226928710938e+01
9.127744674682617188e+00,8.131310462951660156e+00,2.956587314605712891e+00,7.765265941619873047e+00,4.325706481933593750e+00,9.238179206848144531e+00,8.625064849853515625e+00,9.127786636352539062e+00,1.239746189117431641e+01,9.756950378417968750e+00,1.050245094299316406e+01,1.193628787994384766e+01
9.020547866821289062e+00,8.329953193664550781e+00,2.873715400695800781e+00,7.441201686859130859e+00,4.959336280822753906e+00,8.933088302612304688e+00,7.959588050842285156e+00,9.572710037231445312e+00,1.214479541778564453e+01,9.572585105895996094e+00,1.039773273468017578e+01,1.220486831665039062e+01
9.376402854919433594e+00,8.027864456176757812e+00,3.258312463760375977e+00,7.875820636749267578e+00,3.797599554061889648e+00,8.841631889343261719e+00,8.837518692016601562e+00,8.853054046630859375e+00,1.263720798492431641e+01,9.699800491333007812e+00,1.048306560516357422e+01,1.178302860260009766e+01
9.037226676940917969e+00,7.824863433837890625e+00,2.949122190475463867e+00,7.376947879791259766e+00,4.342356681823730469e+00,8.986924171447753906e+00,7.987102985382080078e+00,9.064870834350585938e+00,1.182949542999267578e+01,9.671643257141113281e+00,1.028895664215087891e+01,1.191205406188964844e+01
9.228411674499511719e+00,7.562146186828613281e+00,2.805673837661743164e+00,8.772752761840820312e+00,5.225644111633300781e+00,9.257488250732421875e+00,8.559333801269531250e+00,7.929084300994873047e+00,1.182246971130371094e+01,9.903394699096679688e+00,1.011384296417236328e+01,1.169668865203857422e+01
9.197135925292968750e+00,7.742356777191162109e+00,2.744294404983520508e+00,8.932125091552734375e+00,5.339097023010253906e+00,9.509322166442871094e+00,8.432250022888183594e+00,7.869736194610595703e+00,1.180993652343750000e+01,1.016065692901611328e+01,1.035045051574707031e+01,1.195624923706054688e+01
9.446774482727050781e+00,7.805513381958007812e+00,2.763520002365112305e+00,8.713647842407226562e+00,5.658879280090332031e+00,8.908214569091796875e+00,8.582505226135253906e+00,8.286006927490234375e+00,1.193867874145507812e+01,9.734786987304687500e+00,9.991485595703125000e+00,1.187940025329589844e+01
9.299637794494628906e+00,7.781281948089599609e+00,2.677615642547607422e+00,9.123617172241210938e+00,5.476146697998046875e+00,9.365810394287109375e+00,8.663676261901855469e+00,7.903760910034179688e+00,1.190872669219970703e+01,1.020217037200927734e+01,1.029787540435791016e+01,1.197566318511962891e+01
9.380943298339843750e+00,7.507927894592285156e+00,2.687674760818481445e+00,7.593240261077880859e+00,2.474318027496337891e+00,8.431138038635253906e+00,7.673315525054931641e+00,7.638132095336914062e+00,1.154284477233886719e+01,8.891276359558105469e+00,9.652637481689453125e+00,1.117046928405761719e+01
9.312541961669921875e+00,7.740578174591064453e+00,2.787899732589721680e+00,9.040859222412109375e+00,5.253422737121582031e+00,9.365761756896972656e+00,8.581607818603515625e+00,7.905481338500976562e+00,1.184929561614990234e+01,1.013532924652099609e+01,1.022655487060546875e+01,1.186533927917480469e+01
9.253996849060058594e+00,7.609967708587646484e+00,2.833564043045043945e+00,9.072843551635742188e+00,5.396544456481933594e+00,9.282200813293457031e+00,8.407526016235351562e+00,7.908547401428222656e+00,1.189869785308837891e+01,1.022314167022705078e+01,1.025935363769531250e+01,1.175424003601074219e+01
9.321182250976562500e+00,7.851778507232666016e+00,2.732871770858764648e+00,8.485050201416015625e+00,4.011445045471191406e+00,9.090299606323242188e+00,8.130237579345703125e+00,7.664313316345214844e+00,1.168431091308593750e+01,9.618420600891113281e+00,1.032406616210937500e+01,1.178699493408203125e+01
9.343358993530273438e+00,7.762074947357177734e+00,2.758640527725219727e+00,9.048371315002441406e+00,5.313364028930664062e+00,9.434911727905273438e+00,8.535846710205078125e+00,7.898458957672119141e+00,1.183467578887939453e+01,1.017722511291503906e+01,1.022597122192382812e+01,1.189547824859619141e+01
9.440514564514160156e+00,7.793591976165771484e+00,2.618757724761962891e+00,8.687298774719238281e+00,4.956447601318359375e+00,9.161993980407714844e+00,8.531874656677246094e+00,7.864792346954345703e+00,1.166353702545166016e+01,9.680800437927246094e+00,9.991918563842773438e+00,1.177868366241455078e+01
8.596996307373046875e+00,7.400493621826171875e+00,2.109823226928710938e+00,6.632525920867919922e+00,4.745868682861328125e+00,6.367547035217285156e+00,6.102903366088867188e+00,8.320067405700683594e+00,1.234199428558349609e+01,8.985651969909667969e+00,1.031690025329589844e+01,1.194650173187255859e+01
8.755410194396972656e+00,7.380534172058105469e+00,1.976243495941162109e+00,6.480895042419433594e+00,4.359792709350585938e+00,6.333310127258300781e+00,6.672731876373291016e+00,8.215889930725097656e+00,1.224529933929443359e+01,8.774770736694335938e+00,9.669480323791503906e+00,1.165664005279541016e+01
8.562473297119140625e+00,7.404434680938720703e+00,1.929703950881958008e+00,6.217376232147216797e+00,4.153813362121582031e+00,5.957515716552734375e+00,6.022518634796142578e+00,8.077660560607910156e+00,1.182456016540527344e+01,8.217138290405273438e+00,9.275094985961914062e+00,1.132190799713134766e+01
8.372014045715332031e+00,7.151464939117431641e+00,2.038367033004760742e+00,6.389399051666259766e+00,3.929121971130371094e+00,5.760500907897949219e+00,5.339143753051757812e+00,7.927242279052734375e+00,1.158371162414550781e+01,8.393805503845214844e+00,9.424994468688964844e+00,1.116442108154296875e+01
8.587499618530273438e+00,7.238377094268798828e+00,2.194426059722900391e+00,6.650621414184570312e+00,3.891508817672729492e+00,5.842811584472656250e+00,6.127532005310058594e+00,7.799035072326660156e+00,1.171212005615234375e+01,8.575471878051757812e+00,9.336997032165527344e+00,1.125805473327636719e+01
8.328076362609863281e+00,7.441724300384521484e+00,2.244045972824096680e+00,5.766437530517578125e+00,4.147141456604003906e+00,5.275645256042480469e+00,4.563802719116210938e+00,8.087550163269042969e+00,1.162226867675781250e+01,7.529639720916748047e+00,9.021081924438476562e+00,1.072293853759765625e+01
8.364478111267089844e+00,7.310270309448242188e+00,2.026932477951049805e+00,6.481589317321777344e+00,3.958871841430664062e+00,6.091421127319335938e+00,5.612803936004638672e+00,7.408152580261230469e+00,1.128584098815917969e+01,8.447544097900390625e+00,9.335847854614257812e+00,1.116242408752441406e+01
8.406329154968261719e+00,7.246845245361328125e+00,2.017194271087646484e+00,6.096883296966552734e+00,3.673800468444824219e+00,5.821921348571777344e+00,5.340248584747314453e+00,7.674346446990966797e+00,1.122909927368164062e+01,8.148064613342285156e+00,9.200704574584960938e+00,1.108540248870849609e+01
8.369847297668457031e+00,6.489214897155761719e+00,2.311223745346069336e+00,5.439253807067871094e+00,3.218282461166381836e+00,5.460462570190429688e+00,4.203082084655761719e+00,7.395531177520751953e+00,1.080846405029296875e+01,7.763004779815673828e+00,8.673886299133300781e+00,1.043582439422607422e+01
8.577610969543457031e+00,7.188832759857177734e+00,1.990875840187072754e+00,5.755584239959716797e+00,3.395301580429077148e+00,5.651654243469238281e+00,5.026155471801757812e+00,7.580454349517822266e+00,1.128348255157470703e+01,7.713257312774658203e+00,8.861134529113769531e+00,1.069837665557861328e+01
9.222895622253417969e+00,8.907069206237792969e+00,2.284982681274414062e+00,9.180512428283691406e+00,5.626170158386230469e+00,8.907065391540527344e+00,9.106172561645507812e+00,7.924833774566650391e+00,1.241936302185058594e+01,9.984443664550781250e+00,1.054437446594238281e+01,1.232310962677001953e+01
9.299919128417968750e+00,8.703533172607421875e+00,2.495419502258300781e+00,9.148502349853515625e+00,5.613345146179199219e+00,8.859424591064453125e+00,8.996152877807617188e+00,7.731270313262939453e+00,1.224516963958740234e+01,9.991131782531738281e+00,1.048713397979736328e+01,1.222373199462890625e+01
9.264344215393066406e+00,8.998273849487304688e+00,2.468646287918090820e+00,9.156095504760742188e+00,5.762784957885742188e+00,8.801855087280273438e+00,9.104564666748046875e+00,8.041150093078613281e+00,1.254987239837646484e+01,1.002145862579345703e+01,1.053132438659667969e+01,1.235510730743408203e+01
9.266882896423339844e+00,8.710673332214355469e+00,2.299195289611816406e+00,9.242548942565917969e+00,5.787865638732910156e+00,9.060304641723632812e+00,8.981510162353515625e+00,8.006336212158203125e+00,1.233031082153320312e+01,1.006985092163085938e+01,1.060000896453857422e+01,1.237980365753173828e+01
9.275931358337402344e+00,8.727219581604003906e+00,2.241598844528198242e+00,9.265302658081054688e+00,5.759130477905273438e+00,9.113821983337402344e+00,9.031558036804199219e+00,7.981645107269287109e+00,1.233192539215087891e+01,1.008909416198730469e+01,1.065200233459472656e+01,1.241272544860839844e+01
9.211145401000976562e+00,8.455787658691406250e+00,2.418150424957275391e+00,9.243528366088867188e+00,5.609837532043457031e+00,9.066177368164062500e+00,8.890622138977050781e+00,7.882209777832031250e+00,1.221115684509277344e+01,1.015380573272705078e+01,1.047225379943847656e+01,1.215956592559814453e+01
9.270194053649902344e+00,8.604074478149414062e+00,2.365468740463256836e+00,9.245458602905273438e+00,5.673407554626464844e+00,9.157850265502929688e+00,9.024161338806152344e+00,7.846064567565917969e+00,1.219545078277587891e+01,1.006511306762695312e+01,1.057853889465332031e+01,1.227563858032226562e+01
9.246845245361328125e+00,8.499228477478027344e+00,2.504390239715576172e+00,9.171073913574218750e+00,5.540022850036621094e+00,9.003905296325683594e+00,8.912111282348632812e+00,7.756756782531738281e+00,1.217350578308105469e+01,1.006654357910156250e+01,1.042325782775878906e+01,1.213726615905761719e+01
9.234223365783691406e+00,8.692057609558105469e+00,2.532261610031127930e+00,9.146119117736816406e+00,5.542303085327148438e+00,8.838850975036621094e+00,9.017563819885253906e+00,7.689709186553955078e+00,1.219133090972900391e+01,1.002529525756835938e+01,1.041518020629882812e+01,1.212275409698486328e+01
9.280301094055175781e+00,8.427368164062500000e+00,2.607580184936523438e+00,9.170289039611816406e+00,5.563328742980957031e+00,9.036911010742187500e+00,8.915551185607910156e+00,7.767784118652343750e+00,1.216018295288085938e+01,1.003947830200195312e+01,1.038835811614990234e+01,1.211942005157470703e+01
9.390248298645019531e+00,8.333045005798339844e+00,2.683519363403320312e+00,9.364283561706542969e+00,5.900709152221679688e+00,9.392769813537597656e+00,9.097310066223144531e+00,8.106874465942382812e+00,1.224819850921630859e+01,1.015393161773681641e+01,1.053052997589111328e+01,1.223743438720703125e+01
9.389647483825683594e+00,8.254923820495605469e+00,2.698809146881103516e+00,9.311485290527343750e+00,5.831821441650390625e+00,9.314337730407714844e+00,9.022932052612304688e+00,8.084185600280761719e+00,1.222967147827148438e+01,1.013583278656005859e+01,1.049509716033935547e+01,1.220537567138671875e+01
9.388755798339843750e+00,8.035676002502441406e+00,2.800660133361816406e+00,9.409089088439941406e+00,5.940562248229980469e+00,9.489949226379394531e+00,8.909773826599121094e+00,8.227087974548339844e+00,1.216669082641601562e+01,1.026235771179199219e+01,1.053852558135986328e+01,1.215781497955322266e+01
9.446646690368652344e+00,7.932056427001953125e+00,2.871520042419433594e+00,9.442242622375488281e+00,5.937688827514648438e+00,9.447326660156250000e+00,8.859823226928710938e+00,8.220730781555175781e+00,1.221329689025878906e+01,1.032239627838134766e+01,1.052721881866455078e+01,1.219715690612792969e+01
9.404583930969238281e+00,7.917225360870361328e+00,2.864912033081054688e+00,9.413183212280273438e+00,5.975219726562500000e+00,9.431870460510253906e+00,8.783308982849121094e+00,8.290184974670410156e+00,1.225191402435302734e+01,1.033857345581054688e+01,1.056386375427246094e+01,1.216392421722412109e+01
9.374339103698730469e+00,8.285779953002929688e+00,2.860147237777709961e+00,9.269109725952148438e+00,5.790100097656250000e+00,9.299372673034667969e+00,9.052703857421875000e+00,8.033101081848144531e+00,1.227552318572998047e+01,1.015109539031982422e+01,1.045974063873291016e+01,1.213371753692626953e+01
9.341058731079101562e+00,7.989171981811523438e+00,2.587266445159912109e+00,9.410315513610839844e+00,5.903765678405761719e+00,9.508203506469726562e+00,8.782963752746582031e+00,8.221022605895996094e+00,1.214709472656250000e+01,1.033712100982666016e+01,1.052335548400878906e+01,1.217603492736816406e+01
9.314425468444824219e+00,7.832343578338623047e+00,2.862506151199340820e+00,9.329129219055175781e+00,5.810541152954101562e+00,9.404925346374511719e+00,8.776485443115234375e+00,8.131851196289062500e+00,1.208651161193847656e+01,1.026092433929443359e+01,1.046013069152832031e+01,1.205285930633544922e+01
9.435071945190429688e+00,8.190355300903320312e+00,2.736578941345214844e+00,9.286945343017578125e+00,5.693946838378906250e+00,9.374529838562011719e+00,9.157601356506347656e+00,8.085909843444824219e+00,1.215447521209716797e+01,1.012525844573974609e+01,1.043648624420166016e+01,1.208988761901855469e+01
9.389205932617187500e+00,8.310449600219726562e+00,2.411741971969604492e+00,9.484677314758300781e+00,6.019338607788085938e+00,9.487061500549316406e+00,8.929473876953125000e+00,8.270479202270507812e+00,1.222667407989501953e+01,1.024072742462158203e+01,1.064456939697265625e+01,1.236720943450927734e+01
9.479631423950195312e+00,7.787116050720214844e+00,3.214983940124511719e+00,9.413240432739257812e+00,5.857535362243652344e+00,9.391403198242187500e+00,8.743231773376464844e+00,8.181689262390136719e+00,1.206622314453125000e+01,1.021185016632080078e+01,1.033922672271728516e+01,1.195748710632324219e+01
9.484116554260253906e+00,7.717928886413574219e+00,2.948822259902954102e+00,9.496046066284179688e+00,5.868741035461425781e+00,9.555616378784179688e+00,8.778784751892089844e+00,8.138034820556640625e+00,1.205713367462158203e+01,1.038224792480468750e+01,1.040444564819335938e+01,1.207377815246582031e+01
9.517584800720214844e+00,8.052171707153320312e+00,2.922129392623901367e+00,9.486531257629394531e+00,5.834051132202148438e+00,9.569341659545898438e+00,9.145355224609375000e+00,8.160575866699218750e+00,1.209157466888427734e+01,1.021423721313476562e+01,1.030615711212158203e+01,1.201081085205078125e+01
9.480237960815429688e+00,7.721144199371337891e+00,3.102520942687988281e+00,9.339252471923828125e+00,5.781195640563964844e+00,9.400578498840332031e+00,8.712216377258300781e+00,8.140209197998046875e+00,1.205547618865966797e+01,1.020911788940429688e+01,1.029148483276367188e+01,1.190817165374755859e+01
9.565070152282714844e+00,7.803063869476318359e+00,3.097517728805541992e+00,9.343039512634277344e+00,5.840737342834472656e+00,9.323773384094238281e+00,8.962963104248046875e+00,8.272510528564453125e+00,1.203110122680664062e+01,1.008132457733154297e+01,1.015566539764404297e+01,1.176505470275878906e+01
9.436316490173339844e+00,7.741152286529541016e+00,3.005632400512695312e+00,9.323927879333496094e+00,5.818392753601074219e+00,9.385684967041015625e+00,8.639223098754882812e+00,8.137470245361328125e+00,1.205494213104248047e+01,1.021151733398437500e+01,1.033483600616455078e+01,1.193621826171875000e+01
9.580709457397460938e+00,7.766987800598144531e+00,3.053950786590576172e+00,9.289934158325195312e+00,5.751274108886718750e+00,9.309344291687011719e+00,9.071553230285644531e+00,8.260500907897949219e+00,1.204549694061279297e+01,1.008408641815185547e+01,9.966542243957519531e+00,1.156947231292724609e+01
9.478078842163085938e+00,7.733310222625732422e+00,2.954771041870117188e+00,9.344247817993164062e+00,5.860150337219238281e+00,9.428869247436523438e+00,8.648344039916992188e+00,8.191553115844726562e+00,1.201828670501708984e+01,1.020808029174804688e+01,1.035228729248046875e+01,1.196394538879394531e+01
9.421430587768554688e+00,7.710968017578125000e+00,2.860019207000732422e+00,9.317414283752441406e+00,5.862507820129394531e+00,9.425634384155273438e+00,8.541172027587890625e+00,8.153715133666992188e+00,1.200452423095703125e+01,1.024639987945556641e+01,1.039938449859619141e+01,1.200041007995605469e+01
9.406550407409667969e+00,7.729568958282470703e+00,2.782748937606811523e+00,9.392531394958496094e+00,5.839618682861328125e+00,9.517317771911621094e+00,8.597277641296386719e+00,8.197070121765136719e+00,1.202060890197753906e+01,1.028873729705810547e+01,1.043201637268066406e+01,1.206100559234619141e+01
9.419565200805664062e+00,8.303394317626953125e+00,3.132027864456176758e+00,9.316593170166015625e+00,5.749696731567382812e+00,9.291851997375488281e+00,9.182697296142578125e+00,8.069488525390625000e+00,1.244180870056152344e+01,1.029647254943847656e+01,1.047958183288574219e+01,1.223765277862548828e+01
9.457483291625976562e+00,8.068498611450195312e+00,3.111135482788085938e+00,9.425498962402343750e+00,5.884090423583984375e+00,9.381073951721191406e+00,9.074787139892578125e+00,8.297079086303710938e+00,1.235494422912597656e+01,1.033338356018066406e+01,1.048553466796875000e+01,1.217764663696289062e+01
9.456045150756835938e+00,8.024352073669433594e+00,3.279589414596557617e+00,9.362838745117187500e+00,5.925589561462402344e+00,9.221314430236816406e+00,9.023797035217285156e+00,8.342597007751464844e+00,1.238486003875732422e+01,1.028515911102294922e+01,1.041907787322998047e+01,1.200091171264648438e+01
9.515042304992675781e+00,8.010190963745117188e+00,3.355706930160522461e+00,9.377644538879394531e+00,5.932296752929687500e+00,9.238604545593261719e+00,9.029911041259765625e+00,8.397123336791992188e+00,1.240297603607177734e+01,1.026930046081542969e+01,1.039728546142578125e+01,1.199799442291259766e+01
9.470649719238281250e+00,8.252769470214843750e+00,3.390360593795776367e+00,9.236339569091796875e+00,5.619931221008300781e+00,8.953305244445800781e+00,9.275359153747558594e+00,8.053323745727539062e+00,1.242029762268066406e+01,1.010119724273681641e+01,1.019771099090576172e+01,1.196982479095458984e+01
9.453970909118652344e+00,8.179432868957519531e+00,3.229469537734985352e+00,9.209984779357910156e+00,5.693641662597656250e+00,9.068427085876464844e+00,9.273938179016113281e+00,8.256645202636718750e+00,1.236796569824218750e+01,1.014375305175781250e+01,1.024715423583984375e+01,1.191211700439453125e+01
9.373336791992187500e+00,8.099336624145507812e+00,3.093739509582519531e+00,9.382572174072265625e+00,5.861851692199707031e+00,9.401274681091308594e+00,9.083380699157714844e+00,8.213534355163574219e+00,1.232123374938964844e+01,1.031433200836181641e+01,1.048812389373779297e+01,1.218127727508544922e+01
9.481235504150390625e+00,7.943717479705810547e+00,3.296152591705322266e+00,9.277877807617187500e+00,5.775009155273437500e+00,9.078352928161621094e+00,9.081911087036132812e+00,8.326250076293945312e+00,1.229180812835693359e+01,1.016465282440185547e+01,1.024290847778320312e+01,1.184601402282714844e+01
9.405878067016601562e+00,8.104171752929687500e+00,3.201627254486083984e+00,9.295037269592285156e+00,5.723520278930664062e+00,9.193408012390136719e+00,9.182806968688964844e+00,8.125827789306640625e+00,1.227192974090576172e+01,1.018487644195556641e+01,1.035148715972900391e+01,1.202584075927734375e+01
9.433068275451660156e+00,8.256790161132812500e+00,2.900389194488525391e+00,9.391337394714355469e+00,5.880207061767578125e+00,9.346511840820312500e+00,9.338748931884765625e+00,8.184776306152343750e+00,1.224706840515136719e+01,1.024051761627197266e+01,1.040994739532470703e+01,1.208694934844970703e+01
9.343008041381835938e+00,8.405207633972167969e+00,2.821119546890258789e+00,9.327902793884277344e+00,5.893856048583984375e+00,9.403494834899902344e+00,8.909514427185058594e+00,8.238440513610839844e+00,1.233501815795898438e+01,1.007172107696533203e+01,1.072608852386474609e+01,1.237740612030029297e+01
9.447124481201171875e+00,8.368381500244140625e+00,3.031163215637207031e+00,9.294908523559570312e+00,5.893378257751464844e+00,9.345461845397949219e+00,8.966538429260253906e+00,8.335348129272460938e+00,1.242020034790039062e+01,9.990283012390136719e+00,1.063815307617187500e+01,1.226788997650146484e+01
9.439135551452636719e+00,8.464509010314941406e+00,2.973469257354736328e+00,9.236122131347656250e+00,5.910735130310058594e+00,9.218512535095214844e+00,9.014958381652832031e+00,8.284903526306152344e+00,1.237679290771484375e+01,9.969748497009277344e+00,1.060264682769775391e+01,1.229004383087158203e+01
9.444023132324218750e+00,8.100252151489257812e+00,3.084871292114257812e+00,9.374545097351074219e+00,5.914610862731933594e+00,9.320113182067871094e+00,8.889217376708984375e+00,8.246285438537597656e+00,1.232551670074462891e+01,1.016325855255126953e+01,1.057714939117431641e+01,1.218976593017578125e+01
9.424953460693359375e+00,8.304993629455566406e+00,2.872101068496704102e+00,9.286230087280273438e+00,5.784163475036621094e+00,9.306678771972656250e+00,8.886715888977050781e+00,8.210262298583984375e+00,1.227832031250000000e+01,1.008454513549804688e+01,1.066683197021484375e+01,1.227652359008789062e+01
9.366124153137207031e+00,8.444565773010253906e+00,2.840575933456420898e+00,9.272356033325195312e+00,5.807536125183105469e+00,9.301197052001953125e+00,8.955005645751953125e+00,8.224090576171875000e+00,1.230669307708740234e+01,9.995458602905273438e+00,1.068661022186279297e+01,1.232726001739501953e+01
9.425472259521484375e+00,8.259163856506347656e+00,2.889942407608032227e+00,9.302219390869140625e+00,5.807470321655273438e+00,9.314521789550781250e+00,8.889297485351562500e+00,8.253848075866699219e+00,1.227777004241943359e+01,1.007538986206054688e+01,1.064255046844482422e+01,1.223491668701171875e+01
9.505295753479003906e+00,8.334828376770019531e+00,2.981348037719726562e+00,9.301700592041015625e+00,5.827933311462402344e+00,9.286142349243164062e+00,9.047139167785644531e+00,8.297746658325195312e+00,1.229460430145263672e+01,9.979264259338378906e+00,1.062727451324462891e+01,1.223776435852050781e+01
9.411477088928222656e+00,8.182978630065917969e+00,2.872382640838623047e+00,9.274775505065917969e+00,5.756232261657714844e+00,9.250612258911132812e+00,8.829998016357421875e+00,8.201439857482910156e+00,1.222640991210937500e+01,1.012441825866699219e+01,1.054996204376220703e+01,1.218694877624511719e+01
9.388913154602050781e+00,8.241311073303222656e+00,2.906738996505737305e+00,9.284055709838867188e+00,5.819732666015625000e+00,9.379605293273925781e+00,8.844002723693847656e+00,8.253156661987304688e+00,1.227760505676269531e+01,1.008924770355224609e+01,1.065898799896240234e+01,1.226253700256347656e+01
9.325093269348144531e+00,8.737700462341308594e+00,2.676298856735229492e+00,9.027702331542968750e+00,5.727749824523925781e+00,9.048947334289550781e+00,9.073647499084472656e+00,7.897102832794189453e+00,1.252277088165283203e+01,9.895724296569824219e+00,1.052111721038818359e+01,1.235730838775634766e+01
9.268582344055175781e+00,8.811126708984375000e+00,2.616999864578247070e+00,9.021466255187988281e+00,5.694336891174316406e+00,9.088508605957031250e+00,9.030432701110839844e+00,8.033141136169433594e+00,1.256752204895019531e+01,9.867639541625976562e+00,1.049001789093017578e+01,1.231962108612060547e+01
9.373852729797363281e+00,8.790874481201171875e+00,2.834420442581176758e+00,9.007717132568359375e+00,5.722055435180664062e+00,9.082193374633789062e+00,9.089132308959960938e+00,7.803193569183349609e+00,1.249608325958251953e+01,9.792165756225585938e+00,1.043115806579589844e+01,1.229390335083007812e+01
9.250958442687988281e+00,8.765541076660156250e+00,2.603253126144409180e+00,8.970898628234863281e+00,5.707855224609375000e+00,8.947502136230468750e+00,8.980569839477539062e+00,7.908695220947265625e+00,1.248985767364501953e+01,9.817770004272460938e+00,1.046594429016113281e+01,1.228310585021972656e+01
9.374921798706054688e+00,8.665096282958984375e+00,2.758737325668334961e+00,8.976146697998046875e+00,5.727529525756835938e+00,8.870468139648437500e+00,9.039617538452148438e+00,7.873148918151855469e+00,1.248084545135498047e+01,9.751158714294433594e+00,1.042906188964843750e+01,1.232758140563964844e+01
9.320759773254394531e+00,8.777850151062011719e+00,2.710232496261596680e+00,9.062129020690917969e+00,5.671121597290039062e+00,9.077507019042968750e+00,9.130783081054687500e+00,7.922884464263916016e+00,1.250424480438232422e+01,9.853345870971679688e+00,1.043915748596191406e+01,1.227872753143310547e+01
9.344739913940429688e+00,8.740121841430664062e+00,2.768364667892456055e+00,9.095525741577148438e+00,5.682231903076171875e+00,9.069767951965332031e+00,9.130715370178222656e+00,7.865368843078613281e+00,1.246782779693603516e+01,9.892784118652343750e+00,1.044039154052734375e+01,1.229421043395996094e+01
9.271664619445800781e+00,8.850375175476074219e+00,2.734881401062011719e+00,8.896828651428222656e+00,5.664122581481933594e+00,9.085872650146484375e+00,9.021730422973632812e+00,7.936882495880126953e+00,1.255713081359863281e+01,9.709794044494628906e+00,1.048115444183349609e+01,1.229074859619140625e+01
9.233607292175292969e+00,8.885632514953613281e+00,2.461086750030517578e+00,8.956784248352050781e+00,5.638484954833984375e+00,9.018670082092285156e+00,8.776225090026855469e+00,7.907658100128173828e+00,1.254060268402099609e+01,9.849127769470214844e+00,1.058841419219970703e+01,1.233371067047119141e+01
9.277422904968261719e+00,8.728961944580078125e+00,2.900239944458007812e+00,8.901016235351562500e+00,5.526790618896484375e+00,9.048041343688964844e+00,9.079543113708496094e+00,7.855012416839599609e+00,1.257791137695312500e+01,9.722124099731445312e+00,1.037076091766357422e+01,1.221828937530517578e+01
8.771902084350585938e+00,9.235188484191894531e+00,2.524302005767822266e+00,9.089679718017578125e+00,5.369283676147460938e+00,9.184967994689941406e+00,9.502157211303710938e+00,6.971866607666015625e+00,1.222965431213378906e+01,9.454510688781738281e+00,1.053021240234375000e+01,1.243662738800048828e+01
8.986228942871093750e+00,9.064163208007812500e+00,2.551082372665405273e+00,9.365783691406250000e+00,5.654982566833496094e+00,9.461879730224609375e+00,9.494758605957031250e+00,7.370854377746582031e+00,1.222133541107177734e+01,9.731518745422363281e+00,1.065948295593261719e+01,1.241247653961181641e+01
9.311133384704589844e+00,8.063572883605957031e+00,3.037444114685058594e+00,9.493477821350097656e+00,5.837858200073242188e+00,9.566378593444824219e+00,9.005113601684570312e+00,8.154593467712402344e+00,1.213661289215087891e+01,1.020146179199218750e+01,1.045193386077880859e+01,1.215317821502685547e+01
9.205848693847656250e+00,8.508783340454101562e+00,2.376993894577026367e+00,9.475811958312988281e+00,5.731788635253906250e+00,9.585007667541503906e+00,9.059388160705566406e+00,7.987084865570068359e+00,1.226743698120117188e+01,1.027982330322265625e+01,1.067404460906982422e+01,1.243366050720214844e+01
9.276570320129394531e+00,8.251255035400390625e+00,2.756589412689208984e+00,9.530724525451660156e+00,5.821717262268066406e+00,9.640948295593261719e+00,9.082806587219238281e+00,8.045804977416992188e+00,1.216296863555908203e+01,1.024037551879882812e+01,1.055787467956542969e+01,1.224843502044677734e+01
9.275760650634765625e+00,8.585020065307617188e+00,2.467111110687255859e+00,9.378510475158691406e+00,5.760107040405273438e+00,9.428400039672851562e+00,9.115770339965820312e+00,7.886484622955322266e+00,1.231439781188964844e+01,1.023325157165527344e+01,1.067265987396240234e+01,1.241681957244873047e+01
9.378610610961914062e+00,7.900288105010986328e+00,2.804093122482299805e+00,9.468815803527832031e+00,5.975960731506347656e+00,9.475702285766601562e+00,8.646187782287597656e+00,8.200589179992675781e+00,1.216571617126464844e+01,1.040221405029296875e+01,1.062769699096679688e+01,1.224896049499511719e+01
9.219859123229980469e+00,8.502112388610839844e+00,2.448473691940307617e+00,9.414947509765625000e+00,5.737003326416015625e+00,9.546176910400390625e+00,9.016906738281250000e+00,7.973658084869384766e+00,1.230143737792968750e+01,1.028422355651855469e+01,1.067842960357666016e+01,1.243263626098632812e+01
9.276020050048828125e+00,8.151899337768554688e+00,2.595543622970581055e+00,9.456887245178222656e+00,5.800296783447265625e+00,9.493501663208007812e+00,8.829269409179687500e+00,8.060287475585937500e+00,1.212180805206298828e+01,1.029157638549804688e+01,1.056366825103759766e+01,1.226169776916503906e+01
9.295171737670898438e+00,8.251698493957519531e+00,2.534222364425659180e+00,9.455012321472167969e+00,5.793915748596191406e+00,9.556998252868652344e+00,8.973433494567871094e+00,8.004805564880371094e+00,1.215637207031250000e+01,1.032935142517089844e+01,1.064408302307128906e+01,1.237565422058105469e+01
9.195345878601074219e+00,8.015526771545410156e+00,2.269539356231689453e+00,9.293372154235839844e+00,5.847426414489746094e+00,9.267925262451171875e+00,8.470547676086425781e+00,8.037082672119140625e+00,1.207237911224365234e+01,1.027041339874267578e+01,1.053066253662109375e+01,1.220111846923828125e+01
9.286928176879882812e+00,8.095115661621093750e+00,2.255439043045043945e+00,9.352835655212402344e+00,5.996423721313476562e+00,9.245951652526855469e+00,8.540757179260253906e+00,8.316430091857910156e+00,1.216290950775146484e+01,1.025875949859619141e+01,1.057113265991210938e+01,1.228548717498779297e+01
9.180974006652832031e+00,8.334829330444335938e+00,2.246237516403198242e+00,9.192264556884765625e+00,5.835165977478027344e+00,8.882751464843750000e+00,8.586598396301269531e+00,7.909375667572021484e+00,1.222410011291503906e+01,1.017113399505615234e+01,1.055820083618164062e+01,1.230493927001953125e+01
9.222838401794433594e+00,7.971255302429199219e+00,2.374702692031860352e+00,9.172883987426757812e+00,5.560494422912597656e+00,9.256416320800781250e+00,8.531313896179199219e+00,7.979001045227050781e+00,1.202531719207763672e+01,1.015596866607666016e+01,1.036271762847900391e+01,1.209374237060546875e+01
9.176850318908691406e+00,8.018982887268066406e+00,2.222258806228637695e+00,9.269309043884277344e+00,5.787837028503417969e+00,9.323954582214355469e+00,8.442288398742675781e+00,8.046056747436523438e+00,1.205498695373535156e+01,1.024763965606689453e+01,1.051835060119628906e+01,1.219028568267822266e+01
9.198400497436523438e+00,7.867924690246582031e+00,2.312751770019531250e+00,9.254071235656738281e+00,5.794973373413085938e+00,9.341044425964355469e+00,8.351772308349609375e+00,8.026918411254882812e+00,1.198189640045166016e+01,1.026744556427001953e+01,1.050386905670166016e+01,1.211199951171875000e+01
9.214208602905273438e+00,7.875923156738281250e+00,2.344154596328735352e+00,9.231657028198242188e+00,5.810385704040527344e+00,9.326313972473144531e+00,8.328513145446777344e+00,8.039185523986816406e+00,1.196115112304687500e+01,1.024314594268798828e+01,1.049722003936767578e+01,1.210786342620849609e+01
9.187165260314941406e+00,8.186536788940429688e+00,2.164789676666259766e+00,9.276774406433105469e+00,5.934782981872558594e+00,9.038664817810058594e+00,8.530889511108398438e+00,8.022370338439941406e+00,1.217168235778808594e+01,1.024314308166503906e+01,1.059822368621826172e+01,1.234698104858398438e+01
9.262904167175292969e+00,8.026368141174316406e+00,2.393806695938110352e+00,9.149231910705566406e+00,6.028462409973144531e+00,9.253299713134765625e+00,8.370082855224609375e+00,8.364336013793945312e+00,1.208169364929199219e+01,1.016275691986083984e+01,1.039705371856689453e+01,1.223790359497070312e+01
9.196731567382812500e+00,7.903076171875000000e+00,2.386761188507080078e+00,9.154202461242675781e+00,5.662138938903808594e+00,9.285776138305664062e+00,8.309254646301269531e+00,7.909577369689941406e+00,1.195665454864501953e+01,1.021112918853759766e+01,1.043356609344482422e+01,1.210289001464843750e+01
9.190455436706542969e+00,8.390397071838378906e+00,2.912522792816162109e+00,7.777885913848876953e+00,5.576301574707031250e+00,8.776695251464843750e+00,7.922584056854248047e+00,8.283906936645507812e+00,1.270563220977783203e+01,8.973913192749023438e+00,9.916024208068847656e+00,1.144261837005615234e+01
9.099466323852539062e+00,8.051679611206054688e+00,3.176250457763671875e+00,7.536248683929443359e+00,5.570830345153808594e+00,7.953022003173828125e+00,7.555850028991699219e+00,8.179400444030761719e+00,1.251702117919921875e+01,8.860085487365722656e+00,9.679811477661132812e+00,1.132526111602783203e+01
9.093385696411132812e+00,7.791572570800781250e+00,3.270107507705688477e+00,7.510774612426757812e+00,5.806810379028320312e+00,8.115737915039062500e+00,7.324620246887207031e+00,8.299327850341796875e+00,1.224506092071533203e+01,8.928606986999511719e+00,9.659053802490234375e+00,1.142868137359619141e+01
8.902750968933105469e+00,7.450664043426513672e+00,3.145284414291381836e+00,6.723824501037597656e+00,4.062179565429687500e+00,6.296066284179687500e+00,6.335554122924804688e+00,7.707666873931884766e+00,1.201272106170654297e+01,8.329702377319335938e+00,9.323634147644042969e+00,1.094736957550048828e+01
8.857366561889648438e+00,7.723750114440917969e+00,3.181430578231811523e+00,5.816249847412109375e+00,4.228103637695312500e+00,7.184061050415039062e+00,5.531051158905029297e+00,8.074464797973632812e+00,1.203382301330566406e+01,7.787672996520996094e+00,9.110247611999511719e+00,1.077903652191162109e+01
8.778890609741210938e+00,7.017843246459960938e+00,3.067301511764526367e+00,5.734599590301513672e+00,4.581758499145507812e+00,6.176580429077148438e+00,4.801796436309814453e+00,7.572289466857910156e+00,1.132203674316406250e+01,7.664391994476318359e+00,8.642874717712402344e+00,1.024699115753173828e+01
8.924131393432617188e+00,7.844933986663818359e+00,2.578152179718017578e+00,6.613778114318847656e+00,4.800862312316894531e+00,6.987007141113281250e+00,5.800273418426513672e+00,8.208633422851562500e+00,1.227341270446777344e+01,8.113181114196777344e+00,9.654302597045898438e+00,1.145568752288818359e+01
9.049941062927246094e+00,8.113358497619628906e+00,3.023889303207397461e+00,6.719393730163574219e+00,5.370239257812500000e+00,8.677310943603515625e+00,6.683197975158691406e+00,8.304827690124511719e+00,1.226704692840576172e+01,8.415461540222167969e+00,9.471471786499023438e+00,1.115906238555908203e+01
9.110195159912109375e+00,7.793685913085937500e+00,2.997911453247070312e+00,6.985373020172119141e+00,4.241642475128173828e+00,7.173148155212402344e+00,6.084952831268310547e+00,8.183691978454589844e+00,1.236674976348876953e+01,8.499461174011230469e+00,9.637377738952636719e+00,1.108247375488281250e+01
9.102448463439941406e+00,8.018682479858398438e+00,3.150481700897216797e+00,6.511988162994384766e+00,4.230821609497070312e+00,8.117244720458984375e+00,6.589249134063720703e+00,8.254681587219238281e+00,1.218423748016357422e+01,8.151074409484863281e+00,9.337344169616699219e+00,1.094907951354980469e+01
9.222991943359375000e+00,7.357666492462158203e+00,3.275480031967163086e+00,7.131785392761230469e+00,2.701025485992431641e+00,6.097730636596679688e+00,6.725761413574218750e+00,7.904376029968261719e+00,1.233656978607177734e+01,8.806186676025390625e+00,9.673738479614257812e+00,1.120591926574707031e+01
8.982827186584472656e+00,7.326055049896240234e+00,3.123063325881958008e+00,6.435163497924804688e+00,2.763216018676757812e+00,5.668502807617187500e+00,6.135577201843261719e+00,7.859197139739990234e+00,1.169067573547363281e+01,8.233384132385253906e+00,9.298177719116210938e+00,1.094576549530029297e+01
9.017604827880859375e+00,7.233975410461425781e+00,3.085887432098388672e+00,6.400688171386718750e+00,2.518654108047485352e+00,5.889410018920898438e+00,5.982497692108154297e+00,7.960371971130371094e+00,1.161186313629150391e+01,8.258260726928710938e+00,9.212453842163085938e+00,1.079570770263671875e+01
9.566866874694824219e+00,8.233798027038574219e+00,3.206965923309326172e+00,7.025959491729736328e+00,2.443157434463500977e+00,6.044189453125000000e+00,6.327975749969482422e+00,8.366578102111816406e+00,1.241106796264648438e+01,8.453252792358398438e+00,9.659414291381835938e+00,1.101321220397949219e+01
8.998695373535156250e+00,7.207342624664306641e+00,3.106385707855224609e+00,6.424820899963378906e+00,2.634555578231811523e+00,5.706732749938964844e+00,5.824781894683837891e+00,7.911993503570556641e+00,1.140857887268066406e+01,8.271769523620605469e+00,9.168102264404296875e+00,1.085310745239257812e+01
9.534558296203613281e+00,7.952065467834472656e+00,3.389188289642333984e+00,7.231654644012451172e+00,2.549288034439086914e+00,5.949510574340820312e+00,6.651932716369628906e+00,8.181967735290527344e+00,1.281766033172607422e+01,8.620233535766601562e+00,9.781662940979003906e+00,1.112893486022949219e+01
9.507753372192382812e+00,8.062924385070800781e+00,3.424798727035522461e+00,7.177565097808837891e+00,2.590992927551269531e+00,5.924808502197265625e+00,6.594020843505859375e+00,8.155645370483398438e+00,1.286853313446044922e+01,8.472970962524414062e+00,9.787276268005371094e+00,1.113247966766357422e+01
9.025775909423828125e+00,7.629333496093750000e+00,2.873945474624633789e+00,7.066758155822753906e+00,4.042749881744384766e+00,7.577947616577148438e+00,7.071732521057128906e+00,7.749054908752441406e+00,1.228420639038085938e+01,8.460642814636230469e+00,9.577779769897460938e+00,1.108737564086914062e+01
8.953847885131835938e+00,7.272967338562011719e+00,2.813699960708618164e+00,6.641005992889404297e+00,3.217411041259765625e+00,6.464381217956542969e+00,6.350770950317382812e+00,7.646264076232910156e+00,1.197995376586914062e+01,8.226282119750976562e+00,9.408892631530761719e+00,1.093349170684814453e+01
9.120018005371093750e+00,6.975039482116699219e+00,3.022337436676025391e+00,7.016825199127197266e+00,2.779503822326660156e+00,6.276298522949218750e+00,6.368986606597900391e+00,7.361949920654296875e+00,1.180671310424804688e+01,8.552053451538085938e+00,9.312224388122558594e+00,1.089511966705322266e+01
9.289905548095703125e+00,7.936805248260498047e+00,3.132567882537841797e+00,8.929455757141113281e+00,5.907321929931640625e+00,9.536329269409179688e+00,8.685251235961914062e+00,8.140386581420898438e+00,1.224956226348876953e+01,9.847259521484375000e+00,1.020309925079345703e+01,1.196737289428710938e+01
9.377695083618164062e+00,8.009129524230957031e+00,3.348478555679321289e+00,9.072800636291503906e+00,5.657149314880371094e+00,9.102332115173339844e+00,9.077823638916015625e+00,8.099510192871093750e+00,1.208089351654052734e+01,9.812172889709472656e+00,1.013715744018554688e+01,1.180927753448486328e+01
9.329690933227539062e+00,7.882512092590332031e+00,3.054704189300537109e+00,9.151355743408203125e+00,5.772870063781738281e+00,9.304521560668945312e+00,8.775264739990234375e+00,8.114983558654785156e+00,1.201298522949218750e+01,9.969686508178710938e+00,1.021112346649169922e+01,1.187898445129394531e+01
9.418052673339843750e+00,7.653894901275634766e+00,2.865392446517944336e+00,9.344654083251953125e+00,6.023845672607421875e+00,9.377004623413085938e+00,8.572551727294921875e+00,8.161121368408203125e+00,1.194975948333740234e+01,1.012776947021484375e+01,1.019290351867675781e+01,1.192679595947265625e+01
9.349986076354980469e+00,8.099418640136718750e+00,2.832749366760253906e+00,9.019737243652343750e+00,5.805998802185058594e+00,9.190999984741210938e+00,8.698832511901855469e+00,8.289492607116699219e+00,1.210168552398681641e+01,9.884256362915039062e+00,1.030175781250000000e+01,1.193182086944580078e+01
9.525648117065429688e+00,8.495582580566406250e+00,2.738102674484252930e+00,8.932797431945800781e+00,4.966454505920410156e+00,8.968251228332519531e+00,8.346701622009277344e+00,8.615422248840332031e+00,1.239927387237548828e+01,9.786195755004882812e+00,1.053072643280029297e+01,1.181603527069091797e+01
9.315464973449707031e+00,7.799184799194335938e+00,2.641632795333862305e+00,9.277794837951660156e+00,5.812400817871093750e+00,9.434171676635742188e+00,8.593066215515136719e+00,8.240194320678710938e+00,1.201393222808837891e+01,1.010358333587646484e+01,1.040298175811767578e+01,1.195233440399169922e+01
9.313040733337402344e+00,7.629475116729736328e+00,2.794964075088500977e+00,9.257536888122558594e+00,5.763422966003417969e+00,9.332734107971191406e+00,8.606505393981933594e+00,8.087026596069335938e+00,1.190718078613281250e+01,1.013081645965576172e+01,1.027421474456787109e+01,1.191209697723388672e+01
9.290959358215332031e+00,8.042928695678710938e+00,2.366080284118652344e+00,9.168793678283691406e+00,5.579458236694335938e+00,9.518090248107910156e+00,8.273337364196777344e+00,8.298443794250488281e+00,1.201567745208740234e+01,1.012415122985839844e+01,1.049113178253173828e+01,1.214958477020263672e+01
9.394085884094238281e+00,7.892613887786865234e+00,2.541127443313598633e+00,9.229886054992675781e+00,5.828909873962402344e+00,9.393571853637695312e+00,8.505044937133789062e+00,8.337355613708496094e+00,1.212864971160888672e+01,1.005650901794433594e+01,1.039057922363281250e+01,1.199115180969238281e+01
9.735614776611328125e+00,8.396437644958496094e+00,3.629292249679565430e+00,9.150352478027343750e+00,5.705759048461914062e+00,8.548567771911621094e+00,9.750765800476074219e+00,8.117906570434570312e+00,1.216414546966552734e+01,9.276274681091308594e+00,9.834705352783203125e+00,1.142903423309326172e+01
9.746331214904785156e+00,7.997337341308593750e+00,3.744910240173339844e+00,8.982688903808593750e+00,5.459658622741699219e+00,8.546364784240722656e+00,9.637537956237792969e+00,7.923386096954345703e+00,1.205060958862304688e+01,9.187162399291992188e+00,9.740824699401855469e+00,1.131362819671630859e+01
9.691561698913574219e+00,8.142013549804687500e+00,3.660607576370239258e+00,9.071289062500000000e+00,5.600778579711914062e+00,8.676861763000488281e+00,9.708558082580566406e+00,8.171155929565429688e+00,1.205626773834228516e+01,9.272564888000488281e+00,9.785847663879394531e+00,1.139476394653320312e+01
9.713314056396484375e+00,8.022009849548339844e+00,3.617053985595703125e+00,9.137784957885742188e+00,5.507471084594726562e+00,8.889234542846679688e+00,9.680788993835449219e+00,8.140827178955078125e+00,1.206310367584228516e+01,9.532326698303222656e+00,9.758197784423828125e+00,1.134851264953613281e+01
9.708331108093261719e+00,7.975158691406250000e+00,3.643537521362304688e+00,9.096304893493652344e+00,5.641134262084960938e+00,8.559166908264160156e+00,9.660670280456542969e+00,8.201115608215332031e+00,1.192326164245605469e+01,9.261722564697265625e+00,9.686100959777832031e+00,1.121895885467529297e+01
9.689803123474121094e+00,8.019825935363769531e+00,3.645629882812500000e+00,9.154362678527832031e+00,5.529390335083007812e+00,8.848320007324218750e+00,9.753388404846191406e+00,8.179674148559570312e+00,1.198414897918701172e+01,9.445674896240234375e+00,9.677053451538085938e+00,1.136422920227050781e+01
9.739213943481445312e+00,7.786984920501708984e+00,3.696598529815673828e+00,9.035799980163574219e+00,5.387101173400878906e+00,8.217682838439941406e+00,9.541023254394531250e+00,8.315473556518554688e+00,1.189170455932617188e+01,9.053570747375488281e+00,9.322563171386718750e+00,1.101397609710693359e+01
9.679842948913574219e+00,8.007384300231933594e+00,3.583483457565307617e+00,9.167769432067871094e+00,5.411051750183105469e+00,8.911924362182617188e+00,9.685767173767089844e+00,8.059297561645507812e+00,1.197770690917968750e+01,9.538725852966308594e+00,9.732088088989257812e+00,1.142455768585205078e+01
9.548967361450195312e+00,8.120878219604492188e+00,3.239566564559936523e+00,9.188823699951171875e+00,5.478400230407714844e+00,8.970194816589355469e+00,9.593916893005371094e+00,8.011152267456054688e+00,1.207829761505126953e+01,9.715168952941894531e+00,1.008371257781982422e+01,1.159444332122802734e+01
9.532743453979492188e+00,8.041192054748535156e+00,3.172521591186523438e+00,9.085443496704101562e+00,5.211750030517578125e+00,9.050694465637207031e+00,9.375984191894531250e+00,7.680215358734130859e+00,1.196114730834960938e+01,9.711823463439941406e+00,1.014882850646972656e+01,1.167031097412109375e+01
9.975867271423339844e+00,8.668997764587402344e+00,4.048902511596679688e+00,9.096976280212402344e+00,5.978941917419433594e+00,7.993715286254882812e+00,9.296751976013183594e+00,8.711802482604980469e+00,1.258273410797119141e+01,9.554713249206542969e+00,1.006301593780517578e+01,1.171273708343505859e+01
9.906407356262207031e+00,8.534183502197265625e+00,4.085155487060546875e+00,9.152075767517089844e+00,5.933266639709472656e+00,8.175477027893066406e+00,9.343791961669921875e+00,8.634812355041503906e+00,1.247278118133544922e+01,9.591048240661621094e+00,9.849877357482910156e+00,1.163781452178955078e+01
9.941545486450195312e+00,8.790661811828613281e+00,3.966691255569458008e+00,9.044664382934570312e+00,5.960888862609863281e+00,8.137441635131835938e+00,9.358810424804687500e+00,8.808889389038085938e+00,1.288628864288330078e+01,9.743390083312988281e+00,1.015278339385986328e+01,1.181948852539062500e+01
9.812987327575683594e+00,8.322411537170410156e+00,4.040099620819091797e+00,9.108823776245117188e+00,5.784335136413574219e+00,8.442224502563476562e+00,9.357549667358398438e+00,8.372853279113769531e+00,1.248615741729736328e+01,9.798538208007812500e+00,9.857519149780273438e+00,1.172325801849365234e+01
9.360845565795898438e+00,9.291878700256347656e+00,3.171661615371704102e+00,8.465466499328613281e+00,5.578071594238281250e+00,8.223924636840820312e+00,8.896706581115722656e+00,9.578583717346191406e+00,1.250821018218994141e+01,9.730593681335449219e+00,1.044942665100097656e+01,1.250562477111816406e+01
9.396530151367187500e+00,8.879871368408203125e+00,3.412299871444702148e+00,8.364816665649414062e+00,5.478930473327636719e+00,8.256157875061035156e+00,8.806527137756347656e+00,1.007217788696289062e+01,1.241225147247314453e+01,9.509058952331542969e+00,1.014611816406250000e+01,1.221677780151367188e+01
9.520923614501953125e+00,8.912160873413085938e+00,3.172245740890502930e+00,8.685902595520019531e+00,5.778543472290039062e+00,7.982403755187988281e+00,9.133506774902343750e+00,9.129183769226074219e+00,1.211541461944580078e+01,9.747235298156738281e+00,1.017859268188476562e+01,1.215431880950927734e+01
9.533237457275390625e+00,8.814438819885253906e+00,3.380799770355224609e+00,8.501535415649414062e+00,5.650263786315917969e+00,8.151983261108398438e+00,8.953501701354980469e+00,9.800562858581542969e+00,1.227239322662353516e+01,9.588779449462890625e+00,1.013451957702636719e+01,1.212328815460205078e+01
9.483461380004882812e+00,8.352826118469238281e+00,3.386505603790283203e+00,8.703488349914550781e+00,5.678094863891601562e+00,8.120834350585937500e+00,8.849765777587890625e+00,9.278513908386230469e+00,1.204434585571289062e+01,9.601745605468750000e+00,9.983562469482421875e+00,1.201673698425292969e+01
9.726539611816406250e+00,8.012740135192871094e+00,3.346685886383056641e+00,9.239862442016601562e+00,5.820326805114746094e+00,8.673369407653808594e+00,9.270551681518554688e+00,8.346234321594238281e+00,1.191702365875244141e+01,9.759406089782714844e+00,9.718000411987304688e+00,1.150262260437011719e+01
9.267661094665527344e+00,8.382485389709472656e+00,2.573075294494628906e+00,9.439737319946289062e+00,5.843522071838378906e+00,9.482703208923339844e+00,9.167362213134765625e+00,7.832513332366943359e+00,1.223173427581787109e+01,1.025130653381347656e+01,1.064514541625976562e+01,1.237496852874755859e+01
9.323841094970703125e+00,7.827220916748046875e+00,2.812678098678588867e+00,9.410059928894042969e+00,5.846486091613769531e+00,9.449029922485351562e+00,8.687335014343261719e+00,8.054229736328125000e+00,1.204955101013183594e+01,1.036869716644287109e+01,1.049791049957275391e+01,1.216091728210449219e+01
9.225787162780761719e+00,8.014883995056152344e+00,2.369309425354003906e+00,9.430687904357910156e+00,5.853274345397949219e+00,9.446539878845214844e+00,8.665601730346679688e+00,8.074697494506835938e+00,1.210947132110595703e+01,1.034242439270019531e+01,1.058773994445800781e+01,1.225853919982910156e+01
9.253170013427734375e+00,7.917332649230957031e+00,2.610856533050537109e+00,9.321604728698730469e+00,5.695096015930175781e+00,9.374063491821289062e+00,8.580909729003906250e+00,8.016436576843261719e+00,1.202281665802001953e+01,1.026023864746093750e+01,1.047739887237548828e+01,1.215585803985595703e+01
9.209897041320800781e+00,8.020323753356933594e+00,2.386623382568359375e+00,9.392626762390136719e+00,5.687533378601074219e+00,9.462518692016601562e+00,8.743449211120605469e+00,8.019732475280761719e+00,1.208160686492919922e+01,1.029335212707519531e+01,1.050498294830322266e+01,1.221937370300292969e+01
9.275766372680664062e+00,8.308074951171875000e+00,2.487929582595825195e+00,9.536794662475585938e+00,5.919476509094238281e+00,9.576040267944335938e+00,9.088208198547363281e+00,7.961737632751464844e+00,1.220681285858154297e+01,1.033391571044921875e+01,1.064650440216064453e+01,1.238497734069824219e+01
9.364407539367675781e+00,7.730484485626220703e+00,2.909866333007812500e+00,9.332064628601074219e+00,5.835103988647460938e+00,9.375059127807617188e+00,8.488057136535644531e+00,8.099023818969726562e+00,1.199176979064941406e+01,1.028119659423828125e+01,1.041015148162841797e+01,1.205329322814941406e+01
9.262489318847656250e+00,7.960817337036132812e+00,2.862467050552368164e+00,9.142780303955078125e+00,5.252491950988769531e+00,8.947533607482910156e+00,8.797883987426757812e+00,7.685777187347412109e+00,1.203490352630615234e+01,1.006548786163330078e+01,1.014698028564453125e+01,1.185131931304931641e+01
9.268061637878417969e+00,7.752779483795166016e+00,2.651570081710815430e+00,9.292993545532226562e+00,5.734414100646972656e+00,9.374238014221191406e+00,8.451344490051269531e+00,8.032422065734863281e+00,1.198056793212890625e+01,1.027846813201904297e+01,1.043199062347412109e+01,1.208278083801269531e+01
9.246368408203125000e+00,7.794515132904052734e+00,2.484200239181518555e+00,9.345232009887695312e+00,5.812217712402343750e+00,9.463106155395507812e+00,8.413432121276855469e+00,8.084132194519042969e+00,1.197708320617675781e+01,1.031859874725341797e+01,1.054216861724853516e+01,1.216274356842041016e+01
9.836201667785644531e+00,8.796555519104003906e+00,3.591624021530151367e+00,9.131382942199707031e+00,6.266160964965820312e+00,7.458436965942382812e+00,9.048872947692871094e+00,8.060702323913574219e+00,1.332087135314941406e+01,1.020205211639404297e+01,1.068255615234375000e+01,1.221958160400390625e+01
9.778675079345703125e+00,8.656104087829589844e+00,3.491433143615722656e+00,9.073783874511718750e+00,6.166672706604003906e+00,7.504042625427246094e+00,8.902449607849121094e+00,7.981181144714355469e+00,1.319272136688232422e+01,1.019745540618896484e+01,1.065242958068847656e+01,1.216181659698486328e+01
9.794750213623046875e+00,8.558165550231933594e+00,3.350862503051757812e+00,9.060315132141113281e+00,6.225846290588378906e+00,7.445370674133300781e+00,8.677961349487304688e+00,8.041656494140625000e+00,1.322531604766845703e+01,1.015167045593261719e+01,1.067520999908447266e+01,1.222510433197021484e+01
9.915257453918457031e+00,8.779295921325683594e+00,3.571671962738037109e+00,9.112076759338378906e+00,6.076151847839355469e+00,7.761605262756347656e+00,9.013580322265625000e+00,8.018429756164550781e+00,1.327219772338867188e+01,1.017281150817871094e+01,1.062273406982421875e+01,1.220305252075195312e+01
9.843424797058105469e+00,8.444976806640625000e+00,3.215895652770996094e+00,8.892683029174804688e+00,5.754365921020507812e+00,7.461082458496093750e+00,8.176141738891601562e+00,7.697638034820556641e+00,1.316263771057128906e+01,1.012210941314697266e+01,1.060183334350585938e+01,1.214692115783691406e+01
9.823040008544921875e+00,8.518231391906738281e+00,3.285606622695922852e+00,8.894462585449218750e+00,5.771779060363769531e+00,7.489507675170898438e+00,8.287286758422851562e+00,7.722485542297363281e+00,1.315401363372802734e+01,1.008055686950683594e+01,1.054117202758789062e+01,1.212204360961914062e+01
9.628538131713867188e+00,8.463000297546386719e+00,3.126823186874389648e+00,8.980117797851562500e+00,5.923170089721679688e+00,7.496001243591308594e+00,8.493748664855957031e+00,7.817754268646240234e+00,1.288715744018554688e+01,1.002769660949707031e+01,1.057203102111816406e+01,1.216195201873779297e+01
9.686756134033203125e+00,8.473616600036621094e+00,2.996263742446899414e+00,8.981204032897949219e+00,5.685097694396972656e+00,7.829027175903320312e+00,8.584027290344238281e+00,7.585583209991455078e+00,1.284026432037353516e+01,1.003667736053466797e+01,1.065532112121582031e+01,1.225264835357666016e+01
9.809461593627929688e+00,8.644445419311523438e+00,3.509946346282958984e+00,9.066474914550781250e+00,6.146196365356445312e+00,7.834464073181152344e+00,8.989335060119628906e+00,8.218100547790527344e+00,1.331790924072265625e+01,1.016052627563476562e+01,1.060994720458984375e+01,1.215341663360595703e+01
9.739558219909667969e+00,8.550725936889648438e+00,3.148082256317138672e+00,8.995619773864746094e+00,5.633815765380859375e+00,7.912314414978027344e+00,8.714281082153320312e+00,7.777435302734375000e+00,1.286276340484619141e+01,9.949884414672851562e+00,1.050702762603759766e+01,1.215315628051757812e+01
9.144115447998046875e+00,8.115502357482910156e+00,2.428508281707763672e+00,9.490868568420410156e+00,5.841969490051269531e+00,9.660270690917968750e+00,8.735160827636718750e+00,8.282791137695312500e+00,1.229191207885742188e+01,1.031584453582763672e+01,1.070761394500732422e+01,1.237977313995361328e+01
9.139520645141601562e+00,8.163829803466796875e+00,2.599130392074584961e+00,9.357734680175781250e+00,5.747541427612304688e+00,9.383857727050781250e+00,8.868410110473632812e+00,8.427688598632812500e+00,1.245482730865478516e+01,1.011581897735595703e+01,1.061609840393066406e+01,1.227938652038574219e+01
9.268181800842285156e+00,7.800910472869873047e+00,2.945217609405517578e+00,9.523951530456542969e+00,5.959891319274902344e+00,9.419529914855957031e+00,8.691273689270019531e+00,8.190014839172363281e+00,1.206549072265625000e+01,1.026475524902343750e+01,1.047691631317138672e+01,1.211327648162841797e+01
9.242492675781250000e+00,7.887757778167724609e+00,2.509590625762939453e+00,9.536178588867187500e+00,5.931231498718261719e+00,9.534170150756835938e+00,8.607676506042480469e+00,8.246403694152832031e+00,1.213089370727539062e+01,1.035839557647705078e+01,1.061638259887695312e+01,1.226710510253906250e+01
9.248728752136230469e+00,7.756728649139404297e+00,2.980973720550537109e+00,9.440539360046386719e+00,5.880463600158691406e+00,9.301403999328613281e+00,8.658736228942871094e+00,8.148955345153808594e+00,1.204447174072265625e+01,1.024412822723388672e+01,1.041186046600341797e+01,1.202257537841796875e+01
9.269209861755371094e+00,7.804407596588134766e+00,2.708457708358764648e+00,9.538634300231933594e+00,5.994310379028320312e+00,9.546503067016601562e+00,8.570421218872070312e+00,8.204411506652832031e+00,1.208533382415771484e+01,1.032968997955322266e+01,1.056977653503417969e+01,1.217780399322509766e+01
9.146714210510253906e+00,7.972801685333251953e+00,2.450614929199218750e+00,9.428284645080566406e+00,5.765030860900878906e+00,9.386944770812988281e+00,8.750690460205078125e+00,8.248198509216308594e+00,1.219432449340820312e+01,1.013701152801513672e+01,1.050226879119873047e+01,1.213940906524658203e+01
9.273527145385742188e+00,8.452765464782714844e+00,2.529564619064331055e+00,8.923876762390136719e+00,5.084774017333984375e+00,9.246470451354980469e+00,8.549899101257324219e+00,8.563209533691406250e+00,1.244114017486572266e+01,9.885941505432128906e+00,1.052863502502441406e+01,1.210782623291015625e+01
9.152097702026367188e+00,7.993062019348144531e+00,2.530871868133544922e+00,9.288601875305175781e+00,5.443391799926757812e+00,9.433489799499511719e+00,8.445310592651367188e+00,8.107944488525390625e+00,1.203463649749755859e+01,1.016402339935302734e+01,1.048200416564941406e+01,1.209017562866210938e+01
9.318701744079589844e+00,7.877870559692382812e+00,2.808191776275634766e+00,9.517705917358398438e+00,6.097944259643554688e+00,9.562801361083984375e+00,8.675792694091796875e+00,8.274637222290039062e+00,1.214901542663574219e+01,1.022926616668701172e+01,1.052682876586914062e+01,1.210652542114257812e+01
8.782635688781738281e+00,9.299793243408203125e+00,2.043119907379150391e+00,9.220241546630859375e+00,5.791660308837890625e+00,8.793704032897949219e+00,9.064981460571289062e+00,8.153771400451660156e+00,1.268933105468750000e+01,9.761381149291992188e+00,1.100866508483886719e+01,1.264659118652343750e+01
8.771173477172851562e+00,9.400620460510253906e+00,2.108255863189697266e+00,9.203259468078613281e+00,5.852635383605957031e+00,9.003737449645996094e+00,8.978732109069824219e+00,7.952059268951416016e+00,1.272832775115966797e+01,9.717808723449707031e+00,1.105203914642333984e+01,1.268295860290527344e+01
8.743042945861816406e+00,9.484337806701660156e+00,2.085241794586181641e+00,9.001765251159667969e+00,5.538119316101074219e+00,8.796669960021972656e+00,8.967822074890136719e+00,8.052466392517089844e+00,1.273215961456298828e+01,9.396298408508300781e+00,1.107278633117675781e+01,1.269440555572509766e+01
9.045622825622558594e+00,9.624735832214355469e+00,2.393905878067016602e+00,9.045606613159179688e+00,5.914042472839355469e+00,8.765494346618652344e+00,8.682006835937500000e+00,8.145806312561035156e+00,1.327848339080810547e+01,9.607966423034667969e+00,1.142057418823242188e+01,1.306055641174316406e+01
8.833689689636230469e+00,9.568317413330078125e+00,1.882534027099609375e+00,9.229303359985351562e+00,5.837576866149902344e+00,8.854586601257324219e+00,8.965035438537597656e+00,7.841675281524658203e+00,1.270859241485595703e+01,9.665840148925781250e+00,1.111959171295166016e+01,1.277764320373535156e+01
8.837970733642578125e+00,9.533916473388671875e+00,2.005928754806518555e+00,9.150532722473144531e+00,5.748671531677246094e+00,8.879176139831542969e+00,8.989598274230957031e+00,7.974583625793457031e+00,1.272909545898437500e+01,9.581329345703125000e+00,1.112382030487060547e+01,1.269307041168212891e+01
8.813404083251953125e+00,9.465724945068359375e+00,1.843926429748535156e+00,9.196134567260742188e+00,5.889576911926269531e+00,8.846571922302246094e+00,8.944109916687011719e+00,7.694321632385253906e+00,1.265574359893798828e+01,9.610808372497558594e+00,1.107450103759765625e+01,1.273428916931152344e+01
8.821797370910644531e+00,9.384643554687500000e+00,1.882192134857177734e+00,9.292976379394531250e+00,5.824037551879882812e+00,8.796444892883300781e+00,9.187268257141113281e+00,7.864265441894531250e+00,1.248132228851318359e+01,9.733044624328613281e+00,1.093313980102539062e+01,1.249295139312744141e+01
8.711472511291503906e+00,9.333767890930175781e+00,1.868887066841125488e+00,9.082845687866210938e+00,5.641749382019042969e+00,8.859058380126953125e+00,8.995499610900878906e+00,8.335023880004882812e+00,1.256061935424804688e+01,9.603746414184570312e+00,1.099073219299316406e+01,1.256603908538818359e+01
8.647997856140136719e+00,9.233591079711914062e+00,1.897669315338134766e+00,9.004199028015136719e+00,5.429257392883300781e+00,8.809743881225585938e+00,8.850472450256347656e+00,8.442835807800292969e+00,1.254913711547851562e+01,9.539880752563476562e+00,1.096596622467041016e+01,1.254683494567871094e+01
8.805524826049804688e+00,7.423407077789306641e+00,2.514941453933715820e+00,8.226887702941894531e+00,4.556785583496093750e+00,1.019128036499023438e+01,7.951068878173828125e+00,8.479250907897949219e+00,1.203949069976806641e+01,1.043248558044433594e+01,1.050399875640869141e+01,1.180179786682128906e+01
8.793924331665039062e+00,7.387633800506591797e+00,2.602606773376464844e+00,8.305569648742675781e+00,4.611857414245605469e+00,1.021381568908691406e+01,7.871872425079345703e+00,8.480979919433593750e+00,1.192043685913085938e+01,1.046618175506591797e+01,1.055414295196533203e+01,1.189201736450195312e+01
8.796831130981445312e+00,7.386747837066650391e+00,2.510125160217285156e+00,8.242722511291503906e+00,4.666454315185546875e+00,1.020793342590332031e+01,7.991082191467285156e+00,8.365957260131835938e+00,1.191081523895263672e+01,1.051915359497070312e+01,1.056060791015625000e+01,1.189817905426025391e+01
8.841545104980468750e+00,7.887670993804931641e+00,2.809830427169799805e+00,8.599493026733398438e+00,4.880575180053710938e+00,1.017618942260742188e+01,8.470460891723632812e+00,8.342231750488281250e+00,1.190274238586425781e+01,1.044923114776611328e+01,1.090446949005126953e+01,1.220538139343261719e+01
8.727336883544921875e+00,7.985032081604003906e+00,2.674695968627929688e+00,8.696173667907714844e+00,4.740774154663085938e+00,1.002279090881347656e+01,8.608084678649902344e+00,8.193610191345214844e+00,1.206819152832031250e+01,1.039316082000732422e+01,1.086330509185791016e+01,1.215943336486816406e+01
8.746788024902343750e+00,7.635016918182373047e+00,2.701203346252441406e+00,8.329339981079101562e+00,4.510204315185546875e+00,1.010173702239990234e+01,8.051314353942871094e+00,8.618936538696289062e+00,1.191862583160400391e+01,1.039270305633544922e+01,1.074863052368164062e+01,1.199605083465576172e+01
8.580348968505859375e+00,7.873428821563720703e+00,2.574690818786621094e+00,8.468822479248046875e+00,4.805079460144042969e+00,1.033734893798828125e+01,8.044864654541015625e+00,8.662531852722167969e+00,1.213077259063720703e+01,1.035404205322265625e+01,1.083403396606445312e+01,1.212088394165039062e+01
8.561641693115234375e+00,7.696560859680175781e+00,2.574913501739501953e+00,8.568632125854492188e+00,5.094445228576660156e+00,1.022976970672607422e+01,8.246894836425781250e+00,8.800727844238281250e+00,1.206753635406494141e+01,1.050761413574218750e+01,1.104482460021972656e+01,1.221007633209228516e+01
8.728746414184570312e+00,7.999359607696533203e+00,2.499394893646240234e+00,8.945537567138671875e+00,5.168907165527343750e+00,1.021835231781005859e+01,8.567983627319335938e+00,8.228490829467773438e+00,1.203008174896240234e+01,1.047747707366943359e+01,1.088679409027099609e+01,1.224609375000000000e+01
8.446576118469238281e+00,7.883117198944091797e+00,2.411012172698974609e+00,8.565698623657226562e+00,5.265349388122558594e+00,1.054439830780029297e+01,8.251019477844238281e+00,9.252280235290527344e+00,1.237217044830322266e+01,1.042335987091064453e+01,1.103517818450927734e+01,1.208744621276855469e+01
9.263748168945312500e+00,8.358695030212402344e+00,3.373666524887084961e+00,9.032704353332519531e+00,5.635137557983398438e+00,9.524532318115234375e+00,8.963642120361328125e+00,7.915274620056152344e+00,1.190274810791015625e+01,1.000955295562744141e+01,1.096527290344238281e+01,1.240403175354003906e+01
9.188675880432128906e+00,8.348234176635742188e+00,3.038444995880126953e+00,9.202984809875488281e+00,5.733249664306640625e+00,9.278362274169921875e+00,9.150004386901855469e+00,7.605639457702636719e+00,1.177352237701416016e+01,9.995433807373046875e+00,1.092633628845214844e+01,1.229029273986816406e+01
9.135829925537109375e+00,8.541549682617187500e+00,2.794612169265747070e+00,9.200522422790527344e+00,5.887003898620605469e+00,9.743862152099609375e+00,9.153084754943847656e+00,7.942350387573242188e+00,1.202615833282470703e+01,9.931060791015625000e+00,1.099066448211669922e+01,1.226962280273437500e+01
9.011460304260253906e+00,8.879009246826171875e+00,2.626458406448364258e+00,9.258401870727539062e+00,5.746246337890625000e+00,9.433915138244628906e+00,9.351160049438476562e+00,7.528940200805664062e+00,1.190429306030273438e+01,9.739430427551269531e+00,1.087877178192138672e+01,1.228081226348876953e+01
9.362624168395996094e+00,8.331474304199218750e+00,3.704343318939208984e+00,8.747621536254882812e+00,5.432544708251953125e+00,9.143205642700195312e+00,8.552684783935546875e+00,8.155475616455078125e+00,1.189759063720703125e+01,1.004564189910888672e+01,1.127627372741699219e+01,1.263443851470947266e+01
9.392163276672363281e+00,8.161965370178222656e+00,3.555162429809570312e+00,9.083010673522949219e+00,5.654069900512695312e+00,9.179231643676757812e+00,8.803496360778808594e+00,7.935128688812255859e+00,1.180003356933593750e+01,1.015565967559814453e+01,1.101450729370117188e+01,1.250725936889648438e+01
9.100619316101074219e+00,8.698451995849609375e+00,3.181284427642822266e+00,9.088572502136230469e+00,5.666124343872070312e+00,9.442282676696777344e+00,9.088550567626953125e+00,7.553765296936035156e+00,1.190309906005859375e+01,9.834978103637695312e+00,1.098682498931884766e+01,1.239043617248535156e+01
9.271821022033691406e+00,8.313086509704589844e+00,3.178312301635742188e+00,9.156879425048828125e+00,5.822132110595703125e+00,9.451633453369140625e+00,8.953240394592285156e+00,7.901912689208984375e+00,1.196637439727783203e+01,1.006394577026367188e+01,1.086985111236572266e+01,1.243311977386474609e+01
9.412223815917968750e+00,7.958430767059326172e+00,3.482110738754272461e+00,9.039045333862304688e+00,5.604845046997070312e+00,8.818299293518066406e+00,8.614813804626464844e+00,7.988330841064453125e+00,1.178892707824707031e+01,1.024617576599121094e+01,1.101032161712646484e+01,1.254296398162841797e+01
9.370317459106445312e+00,8.089847564697265625e+00,3.713523149490356445e+00,9.040061950683593750e+00,5.628174781799316406e+00,9.247703552246093750e+00,8.773794174194335938e+00,7.971521854400634766e+00,1.172522735595703125e+01,1.010653591156005859e+01,1.094744968414306641e+01,1.247217369079589844e+01
8.481238365173339844e+00,8.232953071594238281e+00,3.229287862777709961e+00,8.107729911804199219e+00,4.632081031799316406e+00,9.856104850769042969e+00,7.768863677978515625e+00,9.913529396057128906e+00,1.242104530334472656e+01,9.538901329040527344e+00,1.111309146881103516e+01,1.185105895996093750e+01
8.232558250427246094e+00,7.655520915985107422e+00,2.335266113281250000e+00,8.442147254943847656e+00,5.429901123046875000e+00,1.101088142395019531e+01,8.001733779907226562e+00,1.113810443878173828e+01,1.276056003570556641e+01,1.012843704223632812e+01,1.155913734436035156e+01,1.185100841522216797e+01
8.294423103332519531e+00,8.278197288513183594e+00,2.380239009857177734e+00,8.307576179504394531e+00,4.817500114440917969e+00,9.688153266906738281e+00,8.020800590515136719e+00,8.725771903991699219e+00,1.186143398284912109e+01,9.877663612365722656e+00,1.102375221252441406e+01,1.185918998718261719e+01
8.267545700073242188e+00,7.600644588470458984e+00,2.930605888366699219e+00,6.964358806610107422e+00,4.099584102630615234e+00,9.281018257141113281e+00,6.236664772033691406e+00,8.613193511962890625e+00,1.129857444763183594e+01,8.935649871826171875e+00,9.915572166442871094e+00,1.096309375762939453e+01
8.576434135437011719e+00,7.510061264038085938e+00,2.905442237854003906e+00,7.984337329864501953e+00,4.317319869995117188e+00,9.045742988586425781e+00,7.319108486175537109e+00,8.319580078125000000e+00,1.142302894592285156e+01,1.000456047058105469e+01,1.057490634918212891e+01,1.182266044616699219e+01
1.013274765014648438e+01,8.530500411987304688e+00,4.757493972778320312e+00,6.109365463256835938e+00,2.642188072204589844e+00,8.242637634277343750e+00,6.120635032653808594e+00,7.920808315277099609e+00,1.196545791625976562e+01,7.476922035217285156e+00,9.376187324523925781e+00,1.005624675750732422e+01
8.263902664184570312e+00,7.684869766235351562e+00,2.813858985900878906e+00,7.135075569152832031e+00,4.010585308074951172e+00,9.570268630981445312e+00,6.569714069366455078e+00,8.119234085083007812e+00,1.111005401611328125e+01,9.249506950378417969e+00,9.895088195800781250e+00,1.119765758514404297e+01
8.201340675354003906e+00,7.725693702697753906e+00,2.669497966766357422e+00,8.023563385009765625e+00,5.010736465454101562e+00,1.001140213012695312e+01,7.358211040496826172e+00,9.243009567260742188e+00,1.186946010589599609e+01,9.765209197998046875e+00,1.073772048950195312e+01,1.149755382537841797e+01
8.311815261840820312e+00,8.136668205261230469e+00,2.295968055725097656e+00,8.444327354431152344e+00,4.962775230407714844e+00,9.574704170227050781e+00,8.096843719482421875e+00,8.965456962585449219e+00,1.188801765441894531e+01,9.893216133117675781e+00,1.100126171112060547e+01,1.211514568328857422e+01
9.383029937744140625e+00,8.067039489746093750e+00,3.225508928298950195e+00,6.517539978027343750e+00,2.526845216751098633e+00,6.631675720214843750e+00,5.575037956237792969e+00,7.232158660888671875e+00,1.187434196472167969e+01,7.756430149078369141e+00,9.584090232849121094e+00,1.096519565582275391e+01
9.534639358520507812e+00,8.221639633178710938e+00,3.283735752105712891e+00,8.896191596984863281e+00,5.916489601135253906e+00,9.759296417236328125e+00,9.190016746520996094e+00,8.323573112487792969e+00,1.201223754882812500e+01,9.659354209899902344e+00,1.033696842193603516e+01,1.198839664459228516e+01
9.091322898864746094e+00,8.867422103881835938e+00,2.911095619201660156e+00,9.132583618164062500e+00,5.965087890625000000e+00,9.381370544433593750e+00,9.481245994567871094e+00,7.908813476562500000e+00,1.192032241821289062e+01,9.365333557128906250e+00,1.027521514892578125e+01,1.188080024719238281e+01
9.269756317138671875e+00,8.388779640197753906e+00,3.225163459777832031e+00,9.134260177612304688e+00,5.830929756164550781e+00,9.660288810729980469e+00,9.369455337524414062e+00,8.056344032287597656e+00,1.194387817382812500e+01,9.673445701599121094e+00,1.042921638488769531e+01,1.205887317657470703e+01
9.234125137329101562e+00,8.475789070129394531e+00,3.204286098480224609e+00,9.161308288574218750e+00,5.780811309814453125e+00,9.533254623413085938e+00,9.430975914001464844e+00,7.945369720458984375e+00,1.191662311553955078e+01,9.618920326232910156e+00,1.042081832885742188e+01,1.203010272979736328e+01
9.379380226135253906e+00,8.309444427490234375e+00,3.314058542251586914e+00,9.073725700378417969e+00,5.853157997131347656e+00,9.619016647338867188e+00,9.321740150451660156e+00,8.138241767883300781e+00,1.195933055877685547e+01,9.715655326843261719e+00,1.047394371032714844e+01,1.206606101989746094e+01
9.327480316162109375e+00,8.508017539978027344e+00,3.279390096664428711e+00,9.210755348205566406e+00,5.850652694702148438e+00,9.496714591979980469e+00,9.431611061096191406e+00,8.084502220153808594e+00,1.190757846832275391e+01,9.672846794128417969e+00,1.051788806915283203e+01,1.207325077056884766e+01
9.293631553649902344e+00,8.613780975341796875e+00,3.192760705947875977e+00,9.119215965270996094e+00,5.929944038391113281e+00,9.578158378601074219e+00,9.396574974060058594e+00,8.099162101745605469e+00,1.200794315338134766e+01,9.649081230163574219e+00,1.054175949096679688e+01,1.207484912872314453e+01
9.217119216918945312e+00,8.514134407043457031e+00,3.143471956253051758e+00,9.149423599243164062e+00,5.954210281372070312e+00,9.452783584594726562e+00,9.407695770263671875e+00,8.103273391723632812e+00,1.194140911102294922e+01,9.544482231140136719e+00,1.031910705566406250e+01,1.197466373443603516e+01
9.479766845703125000e+00,8.505442619323730469e+00,3.383738517761230469e+00,8.977643966674804688e+00,5.892649650573730469e+00,9.612389564514160156e+00,9.251684188842773438e+00,8.352210044860839844e+00,1.200534343719482422e+01,9.650582313537597656e+00,1.050257301330566406e+01,1.209503746032714844e+01
9.356742858886718750e+00,8.538131713867187500e+00,3.294444799423217773e+00,9.100838661193847656e+00,5.875170707702636719e+00,9.518331527709960938e+00,9.379030227661132812e+00,8.213109016418457031e+00,1.197804069519042969e+01,9.661676406860351562e+00,1.051955223083496094e+01,1.205568695068359375e+01
8.507268905639648438e+00,9.395523071289062500e+00,2.094499349594116211e+00,9.442948341369628906e+00,5.639081954956054688e+00,8.774126052856445312e+00,9.645562171936035156e+00,7.236804485321044922e+00,1.216452503204345703e+01,9.532168388366699219e+00,1.079181861877441406e+01,1.220655155181884766e+01
8.461677551269531250e+00,9.543999671936035156e+00,2.091466665267944336e+00,9.430136680603027344e+00,5.703551292419433594e+00,8.970105171203613281e+00,9.648679733276367188e+00,7.231697082519531250e+00,1.229141521453857422e+01,9.491373062133789062e+00,1.084363842010498047e+01,1.232700824737548828e+01
8.490027427673339844e+00,9.475193023681640625e+00,1.830536127090454102e+00,9.401066780090332031e+00,5.707158088684082031e+00,8.813890457153320312e+00,9.578296661376953125e+00,7.320095062255859375e+00,1.226242542266845703e+01,9.573236465454101562e+00,1.082785415649414062e+01,1.229980087280273438e+01
8.508608818054199219e+00,9.449545860290527344e+00,1.741968154907226562e+00,9.341531753540039062e+00,5.714393615722656250e+00,8.785005569458007812e+00,9.445761680603027344e+00,7.388365268707275391e+00,1.228237915039062500e+01,9.573063850402832031e+00,1.084321784973144531e+01,1.230905628204345703e+01
8.440242767333984375e+00,9.476195335388183594e+00,1.984661698341369629e+00,9.401805877685546875e+00,5.669275283813476562e+00,8.926294326782226562e+00,9.641653060913085938e+00,7.217213630676269531e+00,1.223466014862060547e+01,9.502519607543945312e+00,1.081480979919433594e+01,1.227580261230468750e+01
8.383269309997558594e+00,9.333566665649414062e+00,1.217715620994567871e+00,9.328142166137695312e+00,5.530982017517089844e+00,8.704476356506347656e+00,9.487305641174316406e+00,7.034993648529052734e+00,1.201508617401123047e+01,9.560537338256835938e+00,1.073493194580078125e+01,1.205565929412841797e+01
8.618344306945800781e+00,9.494695663452148438e+00,1.912813186645507812e+00,9.239970207214355469e+00,5.840367317199707031e+00,8.774867057800292969e+00,9.307353973388671875e+00,7.652212142944335938e+00,1.262781429290771484e+01,9.613080978393554688e+00,1.095440483093261719e+01,1.249500942230224609e+01
8.468880653381347656e+00,9.540007591247558594e+00,1.666122317314147949e+00,9.395706176757812500e+00,5.718334197998046875e+00,8.822885513305664062e+00,9.571485519409179688e+00,7.397246837615966797e+00,1.219941234588623047e+01,9.511860847473144531e+00,1.079847908020019531e+01,1.223491001129150391e+01
8.510901451110839844e+00,9.518008232116699219e+00,1.616456031799316406e+00,9.383571624755859375e+00,5.767832756042480469e+00,8.779600143432617188e+00,9.496241569519042969e+00,7.568540573120117188e+00,1.228124904632568359e+01,9.568261146545410156e+00,1.086842632293701172e+01,1.229905223846435547e+01
8.608026504516601562e+00,9.498787879943847656e+00,1.451411247253417969e+00,9.199481964111328125e+00,5.818215370178222656e+00,8.660250663757324219e+00,9.086228370666503906e+00,7.697669029235839844e+00,1.260121059417724609e+01,9.666322708129882812e+00,1.097567176818847656e+01,1.251876068115234375e+01
8.702977180480957031e+00,9.254222869873046875e+00,1.885158181190490723e+00,9.228062629699707031e+00,5.456131935119628906e+00,8.264739036560058594e+00,9.034595489501953125e+00,7.316786766052246094e+00,1.230272388458251953e+01,9.641287803649902344e+00,1.085091781616210938e+01,1.230451965332031250e+01
8.783875465393066406e+00,9.412639617919921875e+00,2.176578760147094727e+00,9.097645759582519531e+00,5.673046112060546875e+00,8.511924743652343750e+00,8.714649200439453125e+00,7.701197624206542969e+00,1.292697906494140625e+01,9.736424446105957031e+00,1.104544258117675781e+01,1.268398571014404297e+01
8.745301246643066406e+00,9.338337898254394531e+00,1.684708476066589355e+00,9.086342811584472656e+00,5.467534065246582031e+00,8.266368865966796875e+00,8.810888290405273438e+00,7.545859813690185547e+00,1.274178600311279297e+01,9.674107551574707031e+00,1.092850875854492188e+01,1.247810173034667969e+01
8.655516624450683594e+00,9.340769767761230469e+00,1.653408885002136230e+00,9.065080642700195312e+00,5.459269523620605469e+00,8.454668998718261719e+00,8.854170799255371094e+00,7.459133148193359375e+00,1.258374595642089844e+01,9.650181770324707031e+00,1.090940189361572266e+01,1.237929439544677734e+01
8.746754646301269531e+00,9.299035072326660156e+00,1.953289270401000977e+00,9.099555969238281250e+00,5.471735000610351562e+00,8.360740661621093750e+00,8.780229568481445312e+00,7.446635723114013672e+00,1.264719009399414062e+01,9.663741111755371094e+00,1.092088127136230469e+01,1.242458820343017578e+01
8.692253112792968750e+00,9.308602333068847656e+00,2.014049291610717773e+00,9.132563591003417969e+00,5.471106529235839844e+00,8.443924903869628906e+00,8.900864601135253906e+00,7.427655220031738281e+00,1.252097702026367188e+01,9.634344100952148438e+00,1.088006973266601562e+01,1.233033084869384766e+01
8.636495590209960938e+00,9.282929420471191406e+00,1.806554794311523438e+00,9.130667686462402344e+00,5.384435653686523438e+00,8.381102561950683594e+00,8.934410095214843750e+00,7.314713001251220703e+00,1.234114074707031250e+01,9.597821235656738281e+00,1.082533264160156250e+01,1.223218441009521484e+01
8.702097892761230469e+00,9.322906494140625000e+00,2.087393999099731445e+00,9.154500007629394531e+00,5.483927726745605469e+00,8.468861579895019531e+00,8.999453544616699219e+00,7.437161445617675781e+00,1.246255207061767578e+01,9.609843254089355469e+00,1.088634681701660156e+01,1.233297729492187500e+01
8.658885955810546875e+00,9.295604705810546875e+00,1.502590179443359375e+00,9.168159484863281250e+00,5.358098030090332031e+00,8.288193702697753906e+00,8.949980735778808594e+00,7.300465106964111328e+00,1.235581779479980469e+01,9.618456840515136719e+00,1.080420684814453125e+01,1.222256755828857422e+01
8.636226654052734375e+00,9.255331993103027344e+00,1.556006789207458496e+00,9.183783531188964844e+00,5.321123123168945312e+00,8.259895324707031250e+00,9.084442138671875000e+00,7.221068382263183594e+00,1.219089412689208984e+01,9.589228630065917969e+00,1.080788803100585938e+01,1.216891670227050781e+01
9.148693084716796875e+00,7.999592781066894531e+00,4.757003307342529297e+00,7.557359695434570312e+00,3.864109754562377930e+00,8.578898429870605469e+00,7.021120071411132812e+00,8.777076721191406250e+00,1.282764720916748047e+01,8.873572349548339844e+00,1.082452869415283203e+01,1.163179969787597656e+01
8.788028717041015625e+00,7.689240455627441406e+00,2.898319721221923828e+00,7.349244594573974609e+00,3.251240253448486328e+00,7.696799278259277344e+00,6.220233440399169922e+00,8.614331245422363281e+00,1.210853099822998047e+01,8.890557289123535156e+00,1.077010440826416016e+01,1.146177005767822266e+01
9.091682434082031250e+00,7.615252494812011719e+00,3.618628501892089844e+00,6.738583087921142578e+00,3.001735210418701172e+00,8.466060638427734375e+00,6.147849082946777344e+00,8.502495765686035156e+00,1.190655231475830078e+01,8.601934432983398438e+00,1.024109077453613281e+01,1.103680324554443359e+01
8.926494598388671875e+00,8.183944702148437500e+00,3.769738435745239258e+00,7.945428848266601562e+00,3.627214908599853516e+00,8.727678298950195312e+00,7.513363361358642578e+00,8.339105606079101562e+00,1.218460750579833984e+01,9.335155487060546875e+00,1.075895023345947266e+01,1.185526657104492188e+01
8.934909820556640625e+00,7.854511260986328125e+00,3.470697641372680664e+00,6.880531311035156250e+00,3.396409749984741211e+00,8.763726234436035156e+00,6.539794921875000000e+00,8.792076110839843750e+00,1.196886348724365234e+01,8.261701583862304688e+00,1.012084674835205078e+01,1.064827346801757812e+01
9.310011863708496094e+00,8.213973999023437500e+00,3.922637462615966797e+00,7.579025745391845703e+00,3.422583818435668945e+00,8.190367698669433594e+00,7.117654323577880859e+00,8.792904853820800781e+00,1.229934692382812500e+01,8.999614715576171875e+00,1.057953929901123047e+01,1.150361919403076172e+01
8.574394226074218750e+00,8.536221504211425781e+00,2.673045635223388672e+00,8.328597068786621094e+00,4.016719818115234375e+00,9.664295196533203125e+00,8.380116462707519531e+00,8.430224418640136719e+00,1.207274246215820312e+01,9.380528450012207031e+00,1.082482719421386719e+01,1.192281055450439453e+01
8.828395843505859375e+00,8.061596870422363281e+00,3.476011276245117188e+00,7.627772331237792969e+00,3.671559810638427734e+00,8.882633209228515625e+00,7.118522167205810547e+00,8.354255676269531250e+00,1.179976463317871094e+01,9.247065544128417969e+00,1.057451343536376953e+01,1.154217052459716797e+01
8.932423591613769531e+00,7.978617668151855469e+00,3.468622446060180664e+00,7.524854660034179688e+00,3.317416667938232422e+00,8.323279380798339844e+00,7.258049488067626953e+00,7.909979343414306641e+00,1.162172412872314453e+01,9.065589904785156250e+00,1.036111927032470703e+01,1.141490077972412109e+01
8.736901283264160156e+00,9.212926864624023438e+00,2.761886835098266602e+00,9.212718009948730469e+00,4.982773780822753906e+00,9.787006378173828125e+00,9.077401161193847656e+00,8.133686065673828125e+00,1.226109886169433594e+01,9.924351692199707031e+00,1.119237136840820312e+01,1.244687938690185547e+01
9.165819168090820312e+00,8.886938095092773438e+00,2.906976222991943359e+00,9.015295982360839844e+00,5.971573829650878906e+00,9.498990058898925781e+00,9.318095207214355469e+00,7.649297714233398438e+00,1.213642978668212891e+01,9.449519157409667969e+00,1.062930011749267578e+01,1.206696319580078125e+01
8.963241577148437500e+00,8.960297584533691406e+00,2.798553943634033203e+00,9.053219795227050781e+00,5.819179534912109375e+00,9.630273818969726562e+00,9.352730751037597656e+00,7.696661472320556641e+00,1.219261932373046875e+01,9.588563919067382812e+00,1.079636287689208984e+01,1.223314571380615234e+01
9.109693527221679688e+00,8.238751411437988281e+00,3.110303401947021484e+00,8.897638320922851562e+00,5.767832756042480469e+00,9.789877891540527344e+00,8.877198219299316406e+00,8.167923927307128906e+00,1.206144523620605469e+01,9.945440292358398438e+00,1.078415012359619141e+01,1.225167655944824219e+01
9.367127418518066406e+00,8.491181373596191406e+00,3.301576375961303711e+00,9.058474540710449219e+00,5.909727096557617188e+00,9.527398109436035156e+00,9.138944625854492188e+00,7.925357341766357422e+00,1.215896701812744141e+01,9.815391540527343750e+00,1.081156349182128906e+01,1.227853298187255859e+01
9.138828277587890625e+00,8.531063079833984375e+00,2.909419059753417969e+00,9.126776695251464844e+00,5.932786941528320312e+00,9.742106437683105469e+00,9.197139739990234375e+00,8.062728881835937500e+00,1.214390277862548828e+01,9.777854919433593750e+00,1.085829544067382812e+01,1.222343158721923828e+01
9.435057640075683594e+00,8.463561058044433594e+00,3.161346435546875000e+00,8.978114128112792969e+00,5.926933288574218750e+00,9.507755279541015625e+00,9.119418144226074219e+00,8.075000762939453125e+00,1.220015907287597656e+01,9.745147705078125000e+00,1.061690235137939453e+01,1.213682174682617188e+01
8.970876693725585938e+00,8.750590324401855469e+00,2.772182226181030273e+00,8.818544387817382812e+00,5.887958526611328125e+00,9.618239402770996094e+00,9.148086547851562500e+00,8.387229919433593750e+00,1.220726490020751953e+01,9.432780265808105469e+00,1.052565383911132812e+01,1.199219989776611328e+01
9.145483016967773438e+00,8.697080612182617188e+00,2.824230909347534180e+00,9.138793945312500000e+00,5.911830902099609375e+00,9.505328178405761719e+00,9.314946174621582031e+00,7.753271579742431641e+00,1.205287265777587891e+01,9.599287033081054688e+00,1.058775424957275391e+01,1.204239940643310547e+01
9.183821678161621094e+00,8.339701652526855469e+00,3.149043560028076172e+00,8.724795341491699219e+00,5.872339248657226562e+00,9.636213302612304688e+00,8.813427925109863281e+00,8.286999702453613281e+00,1.213230800628662109e+01,9.615348815917968750e+00,1.065608596801757812e+01,1.212454128265380859e+01
9.031473159790039062e+00,8.791228294372558594e+00,2.957264661788940430e+00,9.154035568237304688e+00,5.725503921508789062e+00,9.414416313171386719e+00,9.395616531372070312e+00,7.263617038726806641e+00,1.192261028289794922e+01,9.588604927062988281e+00,1.061583137512207031e+01,1.209148788452148438e+01
9.332262039184570312e+00,8.270917892456054688e+00,3.301286458969116211e+00,9.066510200500488281e+00,5.699834823608398438e+00,9.339468955993652344e+00,9.012270927429199219e+00,7.662189960479736328e+00,1.195813369750976562e+01,9.864843368530273438e+00,1.076904201507568359e+01,1.230549621582031250e+01
9.359231948852539062e+00,8.228960037231445312e+00,3.385414838790893555e+00,9.041954040527343750e+00,5.724001884460449219e+00,9.424381256103515625e+00,9.004679679870605469e+00,7.713464260101318359e+00,1.201878833770751953e+01,9.837170600891113281e+00,1.074258041381835938e+01,1.229597091674804688e+01
9.438021659851074219e+00,8.249899864196777344e+00,3.477980613708496094e+00,9.101839065551757812e+00,5.768904685974121094e+00,9.280711174011230469e+00,9.035568237304687500e+00,7.822537899017333984e+00,1.198440647125244141e+01,9.874407768249511719e+00,1.077686786651611328e+01,1.234459972381591797e+01
9.347784996032714844e+00,8.228960037231445312e+00,3.348127126693725586e+00,9.144906997680664062e+00,5.693120956420898438e+00,9.297314643859863281e+00,8.997364997863769531e+00,7.734889030456542969e+00,1.198457527160644531e+01,9.951027870178222656e+00,1.079046821594238281e+01,1.234780597686767578e+01
9.319108009338378906e+00,8.055678367614746094e+00,3.279366970062255859e+00,9.095789909362792969e+00,5.747219085693359375e+00,9.341652870178222656e+00,8.936200141906738281e+00,7.722644805908203125e+00,1.189334201812744141e+01,9.876300811767578125e+00,1.066569900512695312e+01,1.225548839569091797e+01
9.218209266662597656e+00,8.131107330322265625e+00,3.136296510696411133e+00,9.077835083007812500e+00,5.614184379577636719e+00,9.145225524902343750e+00,8.845304489135742188e+00,7.606310367584228516e+00,1.186567115783691406e+01,9.931455612182617188e+00,1.081243801116943359e+01,1.238230800628662109e+01
9.207865715026855469e+00,8.336259841918945312e+00,3.046054124832153320e+00,9.146045684814453125e+00,5.714950561523437500e+00,9.325176239013671875e+00,9.087963104248046875e+00,7.540241241455078125e+00,1.192002296447753906e+01,9.852229118347167969e+00,1.075215148925781250e+01,1.228622436523437500e+01
9.063419342041015625e+00,8.356817245483398438e+00,2.933184623718261719e+00,9.027493476867675781e+00,5.573264122009277344e+00,9.244069099426269531e+00,9.056698799133300781e+00,7.357566356658935547e+00,1.176526546478271484e+01,9.673298835754394531e+00,1.063176918029785156e+01,1.216704559326171875e+01
9.267999649047851562e+00,7.925275325775146484e+00,3.109915256500244141e+00,9.226764678955078125e+00,5.741552352905273438e+00,9.258439064025878906e+00,8.852194786071777344e+00,7.771545886993408203e+00,1.194779014587402344e+01,1.013391208648681641e+01,1.068699359893798828e+01,1.229886627197265625e+01
9.193716049194335938e+00,8.395945549011230469e+00,3.044955492019653320e+00,9.174132347106933594e+00,5.678211212158203125e+00,9.151548385620117188e+00,9.135976791381835938e+00,7.534117698669433594e+00,1.189298439025878906e+01,9.866124153137207031e+00,1.077923393249511719e+01,1.236792469024658203e+01
8.938074111938476562e+00,7.874342918395996094e+00,2.905579805374145508e+00,7.393419742584228516e+00,3.256097316741943359e+00,7.619912147521972656e+00,6.431595802307128906e+00,9.132334709167480469e+00,1.259684658050537109e+01,9.111951828002929688e+00,1.051046371459960938e+01,1.147784042358398438e+01
8.543233871459960938e+00,7.966166019439697266e+00,3.014994859695434570e+00,7.509852409362792969e+00,3.683955907821655273e+00,8.872984886169433594e+00,6.879691600799560547e+00,9.426797866821289062e+00,1.253938770294189453e+01,9.338371276855468750e+00,1.060494899749755859e+01,1.173455715179443359e+01
8.758666992187500000e+00,7.898303985595703125e+00,2.632859230041503906e+00,7.122947692871093750e+00,3.308780193328857422e+00,7.413848876953125000e+00,6.388656139373779297e+00,8.977806091308593750e+00,1.217170524597167969e+01,8.904035568237304688e+00,1.020274734497070312e+01,1.152640819549560547e+01
8.436054229736328125e+00,8.144115447998046875e+00,2.833526849746704102e+00,7.729558467864990234e+00,3.677675247192382812e+00,8.578981399536132812e+00,6.996400833129882812e+00,9.013452529907226562e+00,1.229933738708496094e+01,9.356061935424804688e+00,1.047728729248046875e+01,1.182393741607666016e+01
8.543462753295898438e+00,8.099049568176269531e+00,2.800940036773681641e+00,7.749706268310546875e+00,3.549726486206054688e+00,8.237044334411621094e+00,6.859615802764892578e+00,8.930628776550292969e+00,1.219627094268798828e+01,9.320805549621582031e+00,1.036576366424560547e+01,1.170625114440917969e+01
8.729573249816894531e+00,7.338129997253417969e+00,2.826325416564941406e+00,7.187878131866455078e+00,3.090782642364501953e+00,8.296865463256835938e+00,6.379605770111083984e+00,8.821911811828613281e+00,1.170769786834716797e+01,9.322385787963867188e+00,1.015097904205322266e+01,1.137771320343017578e+01
8.417933464050292969e+00,7.801547527313232422e+00,2.722929239273071289e+00,7.779832839965820312e+00,3.672689437866210938e+00,9.043533325195312500e+00,6.873845100402832031e+00,8.595906257629394531e+00,1.167937850952148438e+01,9.603496551513671875e+00,1.037076568603515625e+01,1.170931434631347656e+01
8.416373252868652344e+00,7.824132442474365234e+00,2.429538488388061523e+00,7.250105857849121094e+00,3.679082632064819336e+00,8.499674797058105469e+00,6.726701736450195312e+00,8.765582084655761719e+00,1.152434921264648438e+01,9.210012435913085938e+00,1.040846824645996094e+01,1.166326999664306641e+01
8.450751304626464844e+00,7.581720352172851562e+00,2.820622920989990234e+00,7.733668327331542969e+00,3.457637071609497070e+00,9.416553497314453125e+00,6.667544841766357422e+00,8.745118141174316406e+00,1.167722320556640625e+01,9.417107582092285156e+00,1.017286396026611328e+01,1.136258697509765625e+01
8.784031867980957031e+00,7.332240104675292969e+00,2.641567230224609375e+00,7.010906696319580078e+00,2.656895160675048828e+00,8.239823341369628906e+00,5.994422435760498047e+00,8.111413955688476562e+00,1.127235031127929688e+01,9.025801658630371094e+00,9.798997879028320312e+00,1.101071453094482422e+01
8.680406570434570312e+00,7.986843585968017578e+00,3.197454214096069336e+00,7.412129402160644531e+00,3.814571619033813477e+00,8.781015396118164062e+00,7.351919174194335938e+00,9.578703880310058594e+00,1.275569725036621094e+01,9.155420303344726562e+00,1.033486270904541016e+01,1.192721843719482422e+01
8.363956451416015625e+00,8.375226020812988281e+00,2.864443063735961914e+00,7.971201896667480469e+00,4.410058975219726562e+00,9.855499267578125000e+00,7.844021797180175781e+00,9.510841369628906250e+00,1.253438186645507812e+01,9.588825225830078125e+00,1.058026027679443359e+01,1.211760807037353516e+01
8.444399833679199219e+00,7.761850357055664062e+00,2.938628673553466797e+00,7.482242584228515625e+00,3.465838909149169922e+00,8.817127227783203125e+00,7.301622867584228516e+00,9.166512489318847656e+00,1.210028553009033203e+01,9.440279006958007812e+00,1.024890136718750000e+01,1.172743129730224609e+01
8.497333526611328125e+00,7.640097618103027344e+00,3.133109807968139648e+00,7.490588188171386719e+00,3.459092617034912109e+00,8.750319480895996094e+00,7.010237216949462891e+00,9.177928924560546875e+00,1.210072898864746094e+01,9.482944488525390625e+00,1.016545963287353516e+01,1.160166168212890625e+01
8.806753158569335938e+00,7.228270053863525391e+00,3.090940713882446289e+00,7.007568359375000000e+00,2.964409828186035156e+00,7.814283370971679688e+00,6.282536029815673828e+00,8.694046020507812500e+00,1.156281852722167969e+01,9.167028427124023438e+00,9.752797126770019531e+00,1.125391960144042969e+01
8.807082176208496094e+00,7.580595016479492188e+00,2.995259761810302734e+00,7.244536876678466797e+00,3.330613613128662109e+00,8.384657859802246094e+00,6.874064922332763672e+00,9.164078712463378906e+00,1.216374874114990234e+01,9.221131324768066406e+00,1.016051864624023438e+01,1.159922313690185547e+01
8.355639457702636719e+00,7.627318382263183594e+00,2.916644096374511719e+00,7.819869041442871094e+00,3.716850757598876953e+00,8.684267997741699219e+00,7.289619445800781250e+00,8.447732925415039062e+00,1.170147705078125000e+01,9.557494163513183594e+00,9.971403121948242188e+00,1.172559928894042969e+01
8.782492637634277344e+00,8.108300209045410156e+00,2.517500162124633789e+00,8.016304969787597656e+00,3.576642751693725586e+00,8.693956375122070312e+00,7.511815547943115234e+00,8.351149559020996094e+00,1.201773357391357422e+01,9.380990982055664062e+00,1.018419265747070312e+01,1.170726871490478516e+01
8.426160812377929688e+00,7.653532028198242188e+00,2.633669614791870117e+00,7.469159603118896484e+00,3.530166149139404297e+00,9.166770935058593750e+00,7.121975421905517578e+00,8.409280776977539062e+00,1.143209552764892578e+01,9.408090591430664062e+00,9.986742973327636719e+00,1.156087684631347656e+01
8.471248626708984375e+00,8.060694694519042969e+00,2.541880369186401367e+00,7.860976219177246094e+00,4.172655105590820312e+00,9.586684226989746094e+00,7.741895675659179688e+00,8.557040214538574219e+00,1.179084968566894531e+01,9.565854072570800781e+00,1.020066356658935547e+01,1.185894489288330078e+01
8.700605392456054688e+00,7.911483287811279297e+00,3.247982263565063477e+00,7.889666557312011719e+00,4.448142051696777344e+00,7.249903678894042969e+00,7.584795951843261719e+00,8.722522735595703125e+00,1.312722969055175781e+01,9.505627632141113281e+00,1.119134807586669922e+01,1.240402889251708984e+01
9.195091247558593750e+00,8.226391792297363281e+00,4.269416809082031250e+00,7.871444702148437500e+00,4.130074501037597656e+00,7.107328414916992188e+00,7.378898143768310547e+00,8.837803840637207031e+00,1.317844963073730469e+01,9.408432960510253906e+00,1.116388130187988281e+01,1.233705711364746094e+01
8.785572052001953125e+00,7.935302257537841797e+00,3.555107831954956055e+00,7.841710090637207031e+00,4.343688011169433594e+00,7.313212394714355469e+00,7.460636138916015625e+00,8.699861526489257812e+00,1.309630012512207031e+01,9.473819732666015625e+00,1.118089199066162109e+01,1.238662338256835938e+01
8.835102081298828125e+00,7.958654880523681641e+00,3.742200613021850586e+00,7.724248409271240234e+00,4.310249328613281250e+00,7.451300621032714844e+00,7.466132164001464844e+00,8.919420242309570312e+00,1.308885574340820312e+01,9.315672874450683594e+00,1.105503559112548828e+01,1.236244201660156250e+01
8.992708206176757812e+00,8.127555847167968750e+00,4.085760116577148438e+00,7.815655231475830078e+00,4.308489799499511719e+00,7.279629707336425781e+00,7.292340278625488281e+00,8.787352561950683594e+00,1.318260765075683594e+01,9.464449882507324219e+00,1.126939296722412109e+01,1.248505115509033203e+01
9.123723983764648438e+00,8.253037452697753906e+00,4.291512966156005859e+00,7.721535205841064453e+00,4.125102996826171875e+00,7.555601119995117188e+00,7.508086681365966797e+00,9.138467788696289062e+00,1.315252971649169922e+01,9.270567893981933594e+00,1.104553604125976562e+01,1.233142662048339844e+01
8.813266754150390625e+00,7.855588436126708984e+00,3.004442691802978516e+00,7.717741966247558594e+00,4.491236686706542969e+00,7.941271781921386719e+00,7.420531272888183594e+00,9.689366340637207031e+00,1.318919372558593750e+01,9.500360488891601562e+00,1.106691169738769531e+01,1.246210289001464844e+01
8.844320297241210938e+00,7.886149406433105469e+00,3.743293762207031250e+00,7.894207477569580078e+00,4.436686515808105469e+00,7.309698104858398438e+00,7.418807506561279297e+00,8.807378768920898438e+00,1.318571090698242188e+01,9.617876052856445312e+00,1.119482898712158203e+01,1.243782711029052734e+01
8.891224861145019531e+00,8.118298530578613281e+00,3.811542272567749023e+00,7.601080894470214844e+00,4.127365112304687500e+00,7.837840080261230469e+00,7.471868038177490234e+00,9.732709884643554688e+00,1.319117641448974609e+01,9.266006469726562500e+00,1.085519123077392578e+01,1.227162933349609375e+01
8.888683319091796875e+00,7.585093498229980469e+00,3.381552934646606445e+00,7.950693607330322266e+00,4.515282630920410156e+00,7.553771972656250000e+00,7.463883876800537109e+00,9.121203422546386719e+00,1.315502262115478516e+01,9.829791069030761719e+00,1.112203598022460938e+01,1.243963241577148438e+01
8.716207504272460938e+00,9.323314666748046875e+00,2.074558019638061523e+00,9.589341163635253906e+00,5.325936317443847656e+00,8.370494842529296875e+00,9.473332405090332031e+00,7.160639762878417969e+00,1.152924346923828125e+01,9.687398910522460938e+00,1.078098773956298828e+01,1.215147209167480469e+01
8.701653480529785156e+00,9.276058197021484375e+00,2.092954158782958984e+00,9.518742561340332031e+00,5.311010360717773438e+00,8.455191612243652344e+00,9.398549079895019531e+00,7.031932830810546875e+00,1.150076961517333984e+01,9.666413307189941406e+00,1.077420043945312500e+01,1.214633560180664062e+01
8.747951507568359375e+00,9.348214149475097656e+00,2.100710630416870117e+00,9.665676116943359375e+00,5.341225624084472656e+00,8.265626907348632812e+00,9.523028373718261719e+00,7.143816947937011719e+00,1.151221466064453125e+01,9.673457145690917969e+00,1.078931045532226562e+01,1.214407730102539062e+01
8.715120315551757812e+00,9.261194229125976562e+00,2.024336576461791992e+00,9.565322875976562500e+00,5.318904876708984375e+00,8.325018882751464844e+00,9.400292396545410156e+00,7.029129505157470703e+00,1.147201347351074219e+01,9.669183731079101562e+00,1.077700233459472656e+01,1.216296863555908203e+01
8.758044242858886719e+00,9.302936553955078125e+00,2.183238744735717773e+00,9.637928962707519531e+00,5.337680816650390625e+00,8.273283004760742188e+00,9.490200042724609375e+00,7.195780754089355469e+00,1.153620052337646484e+01,9.650435447692871094e+00,1.078694725036621094e+01,1.212368583679199219e+01
8.751001358032226562e+00,9.333975791931152344e+00,2.004149198532104492e+00,9.666438102722167969e+00,5.327135086059570312e+00,8.121121406555175781e+00,9.463640213012695312e+00,7.071908473968505859e+00,1.145778846740722656e+01,9.669006347656250000e+00,1.079495048522949219e+01,1.218823432922363281e+01
8.688981056213378906e+00,9.182259559631347656e+00,2.005305767059326172e+00,9.427397727966308594e+00,5.318124771118164062e+00,8.489835739135742188e+00,9.299654960632324219e+00,6.931984424591064453e+00,1.141437435150146484e+01,9.738228797912597656e+00,1.079720020294189453e+01,1.216117477416992188e+01
8.750588417053222656e+00,9.344157218933105469e+00,2.080492973327636719e+00,9.592366218566894531e+00,5.342549324035644531e+00,8.519160270690917969e+00,9.366204261779785156e+00,7.096577167510986328e+00,1.152419948577880859e+01,9.780979156494140625e+00,1.086041641235351562e+01,1.228357505798339844e+01
8.703183174133300781e+00,9.283406257629394531e+00,1.908783555030822754e+00,9.584185600280761719e+00,5.328028678894042969e+00,8.210924148559570312e+00,9.406276702880859375e+00,6.984247207641601562e+00,1.141548156738281250e+01,9.716547012329101562e+00,1.080675220489501953e+01,1.216800308227539062e+01
8.772936820983886719e+00,9.352936744689941406e+00,2.302713394165039062e+00,9.688930511474609375e+00,5.305563926696777344e+00,7.879731178283691406e+00,9.434805870056152344e+00,7.131728172302246094e+00,1.146579551696777344e+01,9.660424232482910156e+00,1.078879928588867188e+01,1.223099803924560547e+01
8.746111869812011719e+00,9.141726493835449219e+00,2.135269403457641602e+00,9.350682258605957031e+00,5.698261260986328125e+00,8.862705230712890625e+00,9.522175788879394531e+00,7.583858966827392578e+00,1.236459159851074219e+01,9.642338752746582031e+00,1.067594051361083984e+01,1.212911891937255859e+01
8.652227401733398438e+00,9.159300804138183594e+00,1.863876461982727051e+00,9.292250633239746094e+00,5.627348899841308594e+00,8.838056564331054688e+00,9.498896598815917969e+00,7.314229011535644531e+00,1.225078105926513672e+01,9.613261222839355469e+00,1.066903877258300781e+01,1.209742355346679688e+01
8.883923530578613281e+00,9.128928184509277344e+00,2.377343177795410156e+00,9.396751403808593750e+00,5.749570846557617188e+00,8.807126998901367188e+00,9.521919250488281250e+00,7.788462162017822266e+00,1.246271705627441406e+01,9.678009986877441406e+00,1.071389007568359375e+01,1.222105312347412109e+01
8.850583076477050781e+00,9.170621871948242188e+00,2.264737606048583984e+00,9.365107536315917969e+00,5.783770561218261719e+00,8.877629280090332031e+00,9.482996940612792969e+00,7.868606090545654297e+00,1.253815174102783203e+01,9.680810928344726562e+00,1.071964263916015625e+01,1.228097534179687500e+01
9.016976356506347656e+00,9.077343940734863281e+00,2.578321456909179688e+00,9.361653327941894531e+00,5.863245964050292969e+00,8.935918807983398438e+00,9.500686645507812500e+00,8.284706115722656250e+00,1.271129894256591797e+01,9.704773902893066406e+00,1.064421176910400391e+01,1.221615505218505859e+01
8.851778030395507812e+00,9.204433441162109375e+00,2.387018203735351562e+00,9.352189064025878906e+00,5.793219566345214844e+00,9.028219223022460938e+00,9.563078880310058594e+00,7.922363281250000000e+00,1.255520820617675781e+01,9.662302970886230469e+00,1.066604804992675781e+01,1.223551750183105469e+01
8.807844161987304688e+00,9.099015235900878906e+00,2.152069330215454102e+00,9.325688362121582031e+00,5.741376876831054688e+00,8.945586204528808594e+00,9.496672630310058594e+00,7.699136734008789062e+00,1.238673305511474609e+01,9.648123741149902344e+00,1.060797214508056641e+01,1.208769512176513672e+01
9.064168930053710938e+00,8.992156028747558594e+00,2.640150070190429688e+00,9.382571220397949219e+00,5.841706275939941406e+00,8.866437911987304688e+00,9.512996673583984375e+00,8.101131439208984375e+00,1.262440681457519531e+01,9.720385551452636719e+00,1.060468292236328125e+01,1.214813327789306641e+01
9.027039527893066406e+00,9.124480247497558594e+00,2.581479787826538086e+00,9.344762802124023438e+00,5.889024734497070312e+00,9.083272933959960938e+00,9.582344055175781250e+00,8.354572296142578125e+00,1.278999805450439453e+01,9.729954719543457031e+00,1.063762950897216797e+01,1.223070049285888672e+01
8.980300903320312500e+00,9.153591156005859375e+00,2.591368436813354492e+00,9.406502723693847656e+00,5.853411674499511719e+00,8.986007690429687500e+00,9.553188323974609375e+00,8.097296714782714844e+00,1.262444972991943359e+01,9.730633735656738281e+00,1.070450878143310547e+01,1.228971958160400391e+01
8.902789115905761719e+00,7.432055950164794922e+00,2.702823638916015625e+00,7.388862609863281250e+00,3.250304460525512695e+00,7.733739852905273438e+00,6.395206451416015625e+00,7.416270256042480469e+00,1.128768920898437500e+01,9.110132217407226562e+00,9.996524810791015625e+00,1.106954860687255859e+01
8.525732040405273438e+00,7.607899188995361328e+00,2.467481851577758789e+00,8.210192680358886719e+00,4.219850540161132812e+00,8.435958862304687500e+00,7.472198486328125000e+00,7.513040065765380859e+00,1.139183616638183594e+01,9.699152946472167969e+00,1.033857536315917969e+01,1.183289432525634766e+01
8.467579841613769531e+00,7.571427345275878906e+00,2.579480648040771484e+00,8.268368721008300781e+00,4.144372940063476562e+00,8.422520637512207031e+00,7.437811851501464844e+00,7.562671184539794922e+00,1.147826576232910156e+01,9.708992004394531250e+00,1.036802005767822266e+01,1.185837173461914062e+01
8.478425979614257812e+00,7.366773605346679688e+00,2.320679187774658203e+00,7.564082622528076172e+00,3.883680820465087891e+00,8.268889427185058594e+00,6.682793617248535156e+00,7.651076793670654297e+00,1.090176486968994141e+01,9.397158622741699219e+00,1.005223655700683594e+01,1.154505729675292969e+01
8.661594390869140625e+00,7.265887737274169922e+00,2.494920969009399414e+00,7.434373855590820312e+00,3.358303070068359375e+00,7.685853004455566406e+00,6.435332298278808594e+00,7.519061088562011719e+00,1.103517055511474609e+01,9.101891517639160156e+00,9.773143768310546875e+00,1.126217651367187500e+01
8.437246322631835938e+00,7.493375301361083984e+00,2.317494869232177734e+00,7.576791763305664062e+00,3.941237688064575195e+00,8.204742431640625000e+00,7.045176506042480469e+00,7.511914253234863281e+00,1.092781543731689453e+01,9.377926826477050781e+00,9.974820137023925781e+00,1.162786579132080078e+01
8.753787040710449219e+00,7.723878860473632812e+00,2.335520744323730469e+00,7.235977649688720703e+00,3.355447292327880859e+00,8.301808357238769531e+00,6.633926391601562500e+00,6.799775123596191406e+00,1.096936225891113281e+01,8.701958656311035156e+00,9.762577056884765625e+00,1.124251842498779297e+01
8.471280097961425781e+00,7.870075702667236328e+00,1.970958828926086426e+00,7.300711154937744141e+00,3.540233373641967773e+00,8.028614997863769531e+00,6.504682064056396484e+00,7.592030048370361328e+00,1.080688095092773438e+01,8.876668930053710938e+00,9.922877311706542969e+00,1.153285694122314453e+01
8.600575447082519531e+00,7.370926856994628906e+00,2.600495100021362305e+00,7.402454853057861328e+00,3.424717187881469727e+00,7.727903366088867188e+00,6.171759605407714844e+00,8.050914764404296875e+00,1.107441616058349609e+01,9.349724769592285156e+00,9.956414222717285156e+00,1.131473922729492188e+01
8.573899269104003906e+00,7.608229637145996094e+00,2.156604766845703125e+00,6.906432151794433594e+00,3.348271608352661133e+00,7.392260551452636719e+00,5.705653190612792969e+00,7.470986366271972656e+00,1.065186691284179688e+01,8.588801383972167969e+00,9.569235801696777344e+00,1.119350051879882812e+01
9.396593093872070312e+00,9.645550727844238281e+00,2.903414487838745117e+00,8.990179061889648438e+00,6.268551826477050781e+00,8.682552337646484375e+00,8.444059371948242188e+00,8.350972175598144531e+00,1.396086406707763672e+01,9.759844779968261719e+00,1.166579532623291016e+01,1.358896541595458984e+01
9.395247459411621094e+00,9.645888328552246094e+00,2.893185853958129883e+00,8.993736267089843750e+00,6.265218734741210938e+00,8.704491615295410156e+00,8.441789627075195312e+00,8.356271743774414062e+00,1.394666576385498047e+01,9.761173248291015625e+00,1.165031147003173828e+01,1.357511615753173828e+01
9.393940925598144531e+00,9.625235557556152344e+00,2.914293766021728516e+00,8.989257812500000000e+00,6.265460968017578125e+00,8.688907623291015625e+00,8.443111419677734375e+00,8.352540969848632812e+00,1.394814968109130859e+01,9.760788917541503906e+00,1.164442443847656250e+01,1.356181621551513672e+01
9.254473686218261719e+00,9.641802787780761719e+00,2.649902820587158203e+00,9.002572059631347656e+00,6.276728630065917969e+00,8.611659049987792969e+00,8.431006431579589844e+00,8.173741340637207031e+00,1.381128311157226562e+01,9.738929748535156250e+00,1.154620647430419922e+01,1.353451538085937500e+01
9.344389915466308594e+00,9.642948150634765625e+00,2.780840158462524414e+00,8.997272491455078125e+00,6.277711868286132812e+00,8.649235725402832031e+00,8.445243835449218750e+00,8.298872947692871094e+00,1.387999534606933594e+01,9.774396896362304688e+00,1.161297512054443359e+01,1.358093166351318359e+01
9.263933181762695312e+00,9.685475349426269531e+00,2.635284662246704102e+00,8.998531341552734375e+00,6.269131660461425781e+00,8.574927330017089844e+00,8.433774948120117188e+00,8.213959693908691406e+00,1.385376548767089844e+01,9.771102905273437500e+00,1.162645149230957031e+01,1.361051082611083984e+01
9.396402359008789062e+00,9.658823966979980469e+00,2.843449592590332031e+00,9.016896247863769531e+00,6.282984733581542969e+00,8.735339164733886719e+00,8.412142753601074219e+00,8.351042747497558594e+00,1.393883514404296875e+01,9.820946693420410156e+00,1.169347381591796875e+01,1.362387371063232422e+01
9.422916412353515625e+00,9.599761962890625000e+00,2.860419511795043945e+00,9.046465873718261719e+00,6.289371490478515625e+00,8.816937446594238281e+00,8.399060249328613281e+00,8.403009414672851562e+00,1.390907001495361328e+01,9.815639495849609375e+00,1.164927387237548828e+01,1.356418991088867188e+01
9.379582405090332031e+00,9.489959716796875000e+00,2.861842632293701172e+00,8.989450454711914062e+00,6.205702781677246094e+00,8.911497116088867188e+00,8.501221656799316406e+00,8.290794372558593750e+00,1.365182018280029297e+01,9.725824356079101562e+00,1.139331340789794922e+01,1.332681179046630859e+01
9.247281074523925781e+00,9.605729103088378906e+00,2.587990283966064453e+00,8.981748580932617188e+00,6.218008995056152344e+00,8.737584114074707031e+00,8.448052406311035156e+00,8.173144340515136719e+00,1.367851257324218750e+01,9.703337669372558594e+00,1.145963954925537109e+01,1.344287967681884766e+01
9.378685951232910156e+00,9.648447990417480469e+00,3.008736610412597656e+00,8.910201072692871094e+00,6.188412666320800781e+00,9.177261352539062500e+00,8.873137474060058594e+00,8.412030220031738281e+00,1.331733608245849609e+01,9.651520729064941406e+00,1.096484565734863281e+01,1.304325962066650391e+01
9.034728050231933594e+00,9.477582931518554688e+00,2.742913961410522461e+00,8.945465087890625000e+00,6.063383102416992188e+00,9.161224365234375000e+00,9.014551162719726562e+00,7.879523754119873047e+00,1.275966644287109375e+01,9.471056938171386719e+00,1.068222713470458984e+01,1.267950153350830078e+01
8.877820968627929688e+00,9.254225730895996094e+00,2.711349248886108398e+00,8.928070068359375000e+00,5.974354743957519531e+00,8.923444747924804688e+00,9.124789237976074219e+00,7.610847473144531250e+00,1.243849945068359375e+01,9.344907760620117188e+00,1.055603694915771484e+01,1.255720329284667969e+01
8.968791961669921875e+00,9.246979713439941406e+00,2.673521518707275391e+00,9.040865898132324219e+00,6.077384948730468750e+00,9.004022598266601562e+00,9.152681350708007812e+00,7.716198921203613281e+00,1.238708305358886719e+01,9.518918037414550781e+00,1.057354450225830078e+01,1.250363922119140625e+01
9.246570587158203125e+00,8.958361625671386719e+00,3.102813959121704102e+00,9.243518829345703125e+00,5.956165313720703125e+00,9.188462257385253906e+00,9.559035301208496094e+00,7.773991584777832031e+00,1.194433784484863281e+01,9.373136520385742188e+00,1.011925506591796875e+01,1.197663879394531250e+01
9.060969352722167969e+00,9.276535987854003906e+00,2.719987869262695312e+00,8.968707084655761719e+00,6.175429344177246094e+00,8.829471588134765625e+00,8.955933570861816406e+00,7.948895931243896484e+00,1.265245914459228516e+01,9.644865989685058594e+00,1.072479629516601562e+01,1.273602294921875000e+01
9.147937774658203125e+00,9.530265808105468750e+00,2.799245595932006836e+00,8.915688514709472656e+00,6.121990203857421875e+00,8.816433906555175781e+00,8.817014694213867188e+00,8.049572944641113281e+00,1.311973476409912109e+01,9.613336563110351562e+00,1.100333786010742188e+01,1.303499126434326172e+01
8.891321182250976562e+00,9.238773345947265625e+00,2.433023214340209961e+00,8.930074691772460938e+00,6.028285026550292969e+00,8.629266738891601562e+00,8.962148666381835938e+00,7.719192504882812500e+00,1.255973911285400391e+01,9.448040962219238281e+00,1.075310993194580078e+01,1.270668697357177734e+01
8.929936408996582031e+00,9.203210830688476562e+00,2.536762237548828125e+00,9.008602142333984375e+00,6.076178550720214844e+00,8.770460128784179688e+00,9.104436874389648438e+00,7.660209178924560547e+00,1.233298015594482422e+01,9.506417274475097656e+00,1.060022258758544922e+01,1.254088973999023438e+01
9.045183181762695312e+00,8.848264694213867188e+00,2.821941614151000977e+00,9.140931129455566406e+00,6.112566947937011719e+00,8.948959350585937500e+00,9.237381935119628906e+00,7.785804748535156250e+00,1.215705108642578125e+01,9.598847389221191406e+00,1.046011543273925781e+01,1.233183574676513672e+01
8.340635299682617188e+00,9.191176414489746094e+00,1.947966814041137695e+00,9.124655723571777344e+00,5.163694381713867188e+00,8.868997573852539062e+00,9.557615280151367188e+00,6.281546115875244141e+00,1.179399490356445312e+01,9.355071067810058594e+00,1.068799400329589844e+01,1.216598606109619141e+01
8.411294937133789062e+00,9.221140861511230469e+00,2.054169654846191406e+00,9.158449172973632812e+00,5.317199707031250000e+00,8.841461181640625000e+00,9.552470207214355469e+00,6.571025371551513672e+00,1.195536708831787109e+01,9.379932403564453125e+00,1.071832370758056641e+01,1.230829620361328125e+01
8.574213981628417969e+00,9.526080131530761719e+00,2.311032295227050781e+00,9.304084777832031250e+00,5.610943794250488281e+00,9.011281967163085938e+00,9.566088676452636719e+00,7.172227382659912109e+00,1.242432022094726562e+01,9.444147109985351562e+00,1.083806896209716797e+01,1.246068191528320312e+01
8.658630371093750000e+00,9.501644134521484375e+00,2.367276430130004883e+00,9.303851127624511719e+00,5.781351089477539062e+00,8.972545623779296875e+00,9.479813575744628906e+00,7.473127365112304688e+00,1.267167854309082031e+01,9.549545288085937500e+00,1.097831344604492188e+01,1.268988895416259766e+01
8.514828681945800781e+00,9.244813919067382812e+00,2.189304113388061523e+00,9.263464927673339844e+00,5.492048263549804688e+00,8.848933219909667969e+00,9.622805595397949219e+00,6.915468692779541016e+00,1.209643650054931641e+01,9.462273597717285156e+00,1.076261997222900391e+01,1.236378383636474609e+01
8.399963378906250000e+00,9.340019226074218750e+00,1.770211815834045410e+00,9.169486045837402344e+00,5.331392288208007812e+00,8.854420661926269531e+00,9.428166389465332031e+00,6.780674457550048828e+00,1.220882225036621094e+01,9.470095634460449219e+00,1.085768604278564453e+01,1.233939075469970703e+01
8.502583503723144531e+00,9.412449836730957031e+00,2.134262323379516602e+00,9.219116210937500000e+00,5.475105285644531250e+00,8.923417091369628906e+00,9.480658531188964844e+00,7.026567459106445312e+00,1.239670848846435547e+01,9.481952667236328125e+00,1.085462570190429688e+01,1.240184783935546875e+01
8.439616203308105469e+00,9.316041946411132812e+00,1.788390994071960449e+00,9.201112747192382812e+00,5.424253463745117188e+00,8.814915657043457031e+00,9.486607551574707031e+00,6.781000614166259766e+00,1.209902477264404297e+01,9.441702842712402344e+00,1.081346035003662109e+01,1.234061145782470703e+01
9.151695251464843750e+00,9.635729789733886719e+00,2.614663124084472656e+00,9.014960289001464844e+00,5.948433876037597656e+00,8.841362953186035156e+00,8.855128288269042969e+00,8.953757286071777344e+00,1.359854602813720703e+01,9.788649559020996094e+00,1.126531410217285156e+01,1.314507389068603516e+01
8.990258216857910156e+00,9.547270774841308594e+00,2.511826038360595703e+00,9.139391899108886719e+00,6.051018714904785156e+00,8.856718063354492188e+00,9.078046798706054688e+00,8.171137809753417969e+00,1.337226009368896484e+01,9.748501777648925781e+00,1.120857524871826172e+01,1.313423442840576172e+01
8.930905342102050781e+00,8.474043846130371094e+00,3.022949934005737305e+00,7.938076019287109375e+00,4.562210083007812500e+00,8.252112388610839844e+00,7.183346271514892578e+00,8.850327491760253906e+00,1.310040760040283203e+01,9.322480201721191406e+00,1.118856811523437500e+01,1.257405662536621094e+01
8.982762336730957031e+00,7.805572032928466797e+00,3.244785547256469727e+00,7.642964839935302734e+00,4.146974563598632812e+00,7.376622200012207031e+00,6.615290164947509766e+00,8.313736915588378906e+00,1.280252456665039062e+01,9.300971031188964844e+00,1.084780025482177734e+01,1.224516105651855469e+01
8.980864524841308594e+00,8.319348335266113281e+00,3.185167312622070312e+00,7.765859127044677734e+00,4.288975715637207031e+00,8.039635658264160156e+00,7.155567646026611328e+00,8.853602409362792969e+00,1.297538566589355469e+01,9.222913742065429688e+00,1.093562412261962891e+01,1.239821815490722656e+01
9.099179267883300781e+00,7.840079784393310547e+00,3.635716438293457031e+00,7.595359325408935547e+00,4.093636512756347656e+00,7.553495407104492188e+00,6.758337020874023438e+00,8.553154945373535156e+00,1.284824371337890625e+01,9.265500068664550781e+00,1.069143390655517578e+01,1.213887786865234375e+01
9.197443008422851562e+00,8.114971160888671875e+00,3.482022047042846680e+00,7.771079540252685547e+00,4.302081584930419922e+00,7.971345901489257812e+00,6.988632678985595703e+00,8.820656776428222656e+00,1.303947257995605469e+01,9.269119262695312500e+00,1.073637580871582031e+01,1.222904872894287109e+01
9.008359909057617188e+00,7.959270954132080078e+00,3.402620553970336914e+00,7.608027458190917969e+00,4.179153442382812500e+00,8.148403167724609375e+00,6.931005954742431641e+00,8.979202270507812500e+00,1.296826457977294922e+01,9.252692222595214844e+00,1.070865631103515625e+01,1.218855953216552734e+01
8.830684661865234375e+00,7.488908290863037109e+00,3.086783409118652344e+00,7.635883808135986328e+00,4.129697799682617188e+00,7.319040298461914062e+00,6.643764495849609375e+00,7.954952716827392578e+00,1.273375129699707031e+01,9.314204216003417969e+00,1.066070747375488281e+01,1.220941352844238281e+01
9.032665252685546875e+00,7.518092155456542969e+00,3.325502634048461914e+00,7.400600433349609375e+00,3.908464193344116211e+00,7.236859321594238281e+00,6.281082153320312500e+00,8.619243621826171875e+00,1.273997020721435547e+01,9.246435165405273438e+00,1.064603519439697266e+01,1.208926868438720703e+01
9.263829231262207031e+00,8.014216423034667969e+00,3.988854169845581055e+00,7.704480171203613281e+00,4.254105091094970703e+00,7.881345748901367188e+00,7.061685085296630859e+00,8.915565490722656250e+00,1.301373958587646484e+01,9.204162597656250000e+00,1.070272064208984375e+01,1.210013580322265625e+01
9.160563468933105469e+00,7.782606124877929688e+00,3.838824510574340820e+00,7.551886081695556641e+00,4.063100814819335938e+00,7.579372406005859375e+00,6.860735893249511719e+00,8.740668296813964844e+00,1.291479873657226562e+01,9.234662055969238281e+00,1.063981342315673828e+01,1.204980087280273438e+01
8.473833084106445312e+00,7.688991069793701172e+00,2.759168863296508789e+00,6.085735321044921875e+00,4.700801849365234375e+00,8.444436073303222656e+00,5.079638957977294922e+00,9.306106567382812500e+00,9.473516464233398438e+00,8.214967727661132812e+00,9.829718589782714844e+00,1.203276348114013672e+01
8.713971138000488281e+00,7.781476497650146484e+00,3.150341272354125977e+00,6.126392364501953125e+00,4.313009262084960938e+00,9.422138214111328125e+00,4.913660526275634766e+00,9.469855308532714844e+00,9.639737129211425781e+00,8.264167785644531250e+00,9.749257087707519531e+00,1.194207096099853516e+01
8.882371902465820312e+00,7.786624908447265625e+00,2.974414110183715820e+00,6.613172054290771484e+00,3.927996635437011719e+00,9.883837699890136719e+00,5.331606388092041016e+00,9.842198371887207031e+00,1.019445800781250000e+01,8.510644912719726562e+00,9.896173477172851562e+00,1.198868179321289062e+01
8.351884841918945312e+00,7.913421630859375000e+00,2.095636844635009766e+00,4.942649841308593750e+00,5.098312377929687500e+00,7.820353507995605469e+00,3.989754676818847656e+00,8.844941139221191406e+00,8.300171852111816406e+00,7.351651668548583984e+00,9.326655387878417969e+00,1.159448242187500000e+01
8.689630508422851562e+00,7.588572978973388672e+00,2.883199453353881836e+00,6.046556472778320312e+00,4.123215198516845703e+00,8.333535194396972656e+00,4.886804580688476562e+00,9.185780525207519531e+00,9.507201194763183594e+00,8.027176856994628906e+00,9.619124412536621094e+00,1.186107349395751953e+01
8.549768447875976562e+00,7.707040309906005859e+00,2.895025968551635742e+00,6.217412471771240234e+00,4.363544464111328125e+00,9.566329956054687500e+00,5.192151546478271484e+00,9.346461296081542969e+00,9.790892601013183594e+00,8.452891349792480469e+00,9.759331703186035156e+00,1.188166999816894531e+01
8.547432899475097656e+00,7.487318038940429688e+00,2.196175813674926758e+00,6.301866531372070312e+00,4.776879310607910156e+00,7.771135330200195312e+00,4.989706993103027344e+00,9.343836784362792969e+00,9.733585357666015625e+00,8.344802856445312500e+00,9.851332664489746094e+00,1.194773674011230469e+01
8.656661033630371094e+00,7.583845615386962891e+00,2.749257087707519531e+00,6.941652774810791016e+00,4.276862144470214844e+00,8.970521926879882812e+00,5.611630439758300781e+00,9.349439620971679688e+00,1.044803714752197266e+01,8.774360656738281250e+00,1.019716548919677734e+01,1.224118137359619141e+01
8.661231040954589844e+00,7.556394100189208984e+00,2.620435237884521484e+00,5.230914115905761719e+00,4.398052215576171875e+00,7.635087013244628906e+00,3.998065233230590820e+00,8.801757812500000000e+00,8.857425689697265625e+00,7.457070350646972656e+00,9.216401100158691406e+00,1.151668262481689453e+01
8.746155738830566406e+00,7.746859073638916016e+00,2.965901136398315430e+00,5.629130363464355469e+00,4.269100189208984375e+00,8.772805213928222656e+00,4.202215671539306641e+00,9.249116897583007812e+00,9.214027404785156250e+00,7.829018592834472656e+00,9.346873283386230469e+00,1.160663795471191406e+01
8.519947052001953125e+00,7.315863132476806641e+00,3.014648437500000000e+00,7.671972274780273438e+00,3.234368801116943359e+00,7.936793327331542969e+00,6.922227382659912109e+00,8.446890830993652344e+00,1.173113727569580078e+01,9.515104293823242188e+00,1.014176845550537109e+01,1.156307792663574219e+01
8.704006195068359375e+00,8.089986801147460938e+00,2.772551059722900391e+00,7.785709381103515625e+00,3.345733404159545898e+00,7.601422309875488281e+00,6.970283031463623047e+00,8.631498336791992188e+00,1.218839263916015625e+01,9.290543556213378906e+00,1.030851364135742188e+01,1.179973983764648438e+01
8.481060981750488281e+00,7.529285430908203125e+00,2.778323650360107422e+00,7.918877601623535156e+00,3.684014558792114258e+00,8.713215827941894531e+00,7.230436801910400391e+00,8.090061187744140625e+00,1.156972217559814453e+01,9.515666961669921875e+00,1.016465377807617188e+01,1.171322631835937500e+01
8.501135826110839844e+00,7.251346588134765625e+00,2.916209697723388672e+00,7.510701179504394531e+00,3.312118291854858398e+00,8.136781692504882812e+00,6.859682083129882812e+00,8.235669136047363281e+00,1.147639274597167969e+01,9.497605323791503906e+00,1.012686347961425781e+01,1.160525703430175781e+01
8.584615707397460938e+00,7.565520763397216797e+00,2.701280593872070312e+00,7.799149513244628906e+00,3.098119735717773438e+00,8.053892135620117188e+00,7.298645973205566406e+00,7.818818092346191406e+00,1.161121749877929688e+01,9.344954490661621094e+00,1.002825260162353516e+01,1.149193000793457031e+01
8.728234291076660156e+00,7.218625545501708984e+00,2.812536239624023438e+00,7.357523441314697266e+00,2.871176242828369141e+00,7.031805992126464844e+00,6.411215782165527344e+00,7.782672882080078125e+00,1.124171733856201172e+01,9.198053359985351562e+00,9.796883583068847656e+00,1.119293975830078125e+01
8.802875518798828125e+00,7.865348339080810547e+00,2.298651456832885742e+00,7.306043624877929688e+00,3.237757921218872070e+00,6.976411819458007812e+00,6.635109901428222656e+00,7.938154697418212891e+00,1.137043857574462891e+01,8.870006561279296875e+00,1.000707435607910156e+01,1.148604869842529297e+01
8.530471801757812500e+00,7.334163665771484375e+00,2.865014553070068359e+00,7.388285160064697266e+00,3.419730901718139648e+00,7.857198715209960938e+00,6.899814605712890625e+00,8.353224754333496094e+00,1.141017532348632812e+01,9.381142616271972656e+00,1.010230541229248047e+01,1.164099693298339844e+01
8.449436187744140625e+00,8.058283805847167969e+00,1.998624920845031738e+00,7.660993099212646484e+00,4.084201812744140625e+00,8.471714973449707031e+00,7.118187427520751953e+00,7.985423564910888672e+00,1.123295402526855469e+01,9.266070365905761719e+00,1.035189151763916016e+01,1.195861721038818359e+01
8.870039939880371094e+00,7.914898872375488281e+00,2.449069499969482422e+00,7.927208900451660156e+00,3.389946222305297852e+00,8.108585357666015625e+00,7.080314159393310547e+00,7.979586601257324219e+00,1.159318351745605469e+01,9.301101684570312500e+00,1.007018661499023438e+01,1.167319393157958984e+01
9.257252693176269531e+00,8.423498153686523438e+00,3.025150060653686523e+00,9.214955329895019531e+00,5.944508552551269531e+00,9.450654029846191406e+00,9.217228889465332031e+00,7.857129096984863281e+00,1.200338649749755859e+01,9.812366485595703125e+00,1.073198986053466797e+01,1.221467113494873047e+01
9.665575027465820312e+00,7.640179634094238281e+00,4.343133926391601562e+00,8.722353935241699219e+00,5.528018951416015625e+00,8.959015846252441406e+00,8.360420227050781250e+00,8.424981117248535156e+00,1.183056926727294922e+01,1.016216850280761719e+01,1.108587074279785156e+01,1.269669055938720703e+01
9.488149642944335938e+00,7.489550590515136719e+00,3.394170761108398438e+00,9.093728065490722656e+00,5.701411247253417969e+00,9.161192893981933594e+00,8.681435585021972656e+00,7.926741123199462891e+00,1.178229522705078125e+01,1.014482975006103516e+01,1.044638824462890625e+01,1.209543037414550781e+01
9.466669082641601562e+00,7.977413654327392578e+00,3.650362491607666016e+00,8.990654945373535156e+00,5.829502105712890625e+00,9.345292091369628906e+00,8.735779762268066406e+00,8.231249809265136719e+00,1.209406089782714844e+01,1.010499286651611328e+01,1.093827819824218750e+01,1.248862361907958984e+01
9.582118034362792969e+00,7.536671638488769531e+00,3.541723966598510742e+00,9.107563018798828125e+00,5.728794097900390625e+00,8.834349632263183594e+00,8.619447708129882812e+00,8.089294433593750000e+00,1.188613891601562500e+01,1.029011440277099609e+01,1.072937870025634766e+01,1.233393096923828125e+01
9.200838088989257812e+00,8.037582397460937500e+00,3.449231147766113281e+00,8.693068504333496094e+00,5.895950317382812500e+00,9.740256309509277344e+00,8.500609397888183594e+00,8.631500244140625000e+00,1.195862388610839844e+01,9.950183868408203125e+00,1.100818538665771484e+01,1.245713424682617188e+01
9.162504196166992188e+00,8.353777885437011719e+00,4.023042201995849609e+00,7.618211269378662109e+00,5.270088195800781250e+00,9.537749290466308594e+00,7.371493816375732422e+00,1.006054878234863281e+01,1.214309787750244141e+01,9.264331817626953125e+00,1.043697357177734375e+01,1.236258602142333984e+01
9.342131614685058594e+00,7.531170368194580078e+00,3.490705966949462891e+00,9.114758491516113281e+00,5.561646461486816406e+00,9.221746444702148438e+00,8.768697738647460938e+00,7.742211341857910156e+00,1.178882026672363281e+01,1.010250473022460938e+01,1.050034999847412109e+01,1.212271118164062500e+01
9.420104026794433594e+00,7.220141410827636719e+00,3.613920450210571289e+00,8.880559921264648438e+00,5.314849853515625000e+00,8.825513839721679688e+00,8.190255165100097656e+00,7.915084838867187500e+00,1.163574123382568359e+01,1.036269187927246094e+01,1.092969989776611328e+01,1.248894119262695312e+01
9.214351654052734375e+00,8.062775611877441406e+00,3.805760145187377930e+00,8.081377029418945312e+00,5.638238906860351562e+00,9.164511680603027344e+00,7.678135871887207031e+00,9.536723136901855469e+00,1.189914989471435547e+01,9.556867599487304688e+00,1.047646331787109375e+01,1.241071224212646484e+01
8.441731452941894531e+00,8.199134826660156250e+00,2.260254859924316406e+00,7.902627944946289062e+00,3.782801628112792969e+00,9.346385955810546875e+00,7.478361606597900391e+00,7.949140071868896484e+00,1.156848907470703125e+01,9.328680038452148438e+00,1.025769233703613281e+01,1.162510776519775391e+01
8.610929489135742188e+00,7.522049427032470703e+00,2.572947740554809570e+00,7.508001327514648438e+00,3.698617458343505859e+00,9.435195922851562500e+00,6.899098873138427734e+00,7.805790424346923828e+00,1.105892276763916016e+01,9.210850715637207031e+00,9.818326950073242188e+00,1.130963134765625000e+01
9.074522972106933594e+00,7.931138992309570312e+00,2.485995054244995117e+00,7.517897129058837891e+00,2.780596971511840820e+00,8.491361618041992188e+00,6.634933948516845703e+00,7.355395317077636719e+00,1.130499458312988281e+01,8.858915328979492188e+00,9.778125762939453125e+00,1.123924827575683594e+01
8.833011627197265625e+00,8.020474433898925781e+00,2.422998428344726562e+00,6.930101871490478516e+00,2.292797565460205078e+00,7.663191795349121094e+00,6.021982669830322266e+00,7.163330078125000000e+00,1.138938903808593750e+01,8.305767059326171875e+00,9.552314758300781250e+00,1.076257228851318359e+01
9.064897537231445312e+00,7.763473510742187500e+00,2.344383239746093750e+00,7.341264724731445312e+00,2.644321680068969727e+00,8.290591239929199219e+00,6.746510028839111328e+00,6.972619056701660156e+00,1.107723140716552734e+01,8.633440971374511719e+00,9.504755020141601562e+00,1.103844547271728516e+01
9.301211357116699219e+00,8.140995979309082031e+00,2.670542955398559570e+00,7.654373168945312500e+00,2.475630521774291992e+00,7.888841629028320312e+00,6.793478965759277344e+00,7.322571754455566406e+00,1.172871971130371094e+01,8.779847145080566406e+00,9.839088439941406250e+00,1.115800571441650391e+01
8.621335983276367188e+00,7.643996238708496094e+00,2.347746849060058594e+00,7.382535457611083984e+00,3.265689373016357422e+00,9.307900428771972656e+00,6.792636871337890625e+00,7.308954238891601562e+00,1.073817634582519531e+01,8.991745948791503906e+00,9.611227035522460938e+00,1.121805572509765625e+01
9.221007347106933594e+00,7.901282310485839844e+00,2.571945905685424805e+00,7.410652637481689453e+00,2.248545885086059570e+00,8.333107948303222656e+00,6.998489379882812500e+00,7.077425479888916016e+00,1.111921977996826172e+01,8.659742355346679688e+00,9.449773788452148438e+00,1.095761871337890625e+01
8.491802215576171875e+00,7.453490734100341797e+00,2.446571588516235352e+00,6.328054904937744141e+00,2.959529161453247070e+00,8.378919601440429688e+00,5.601645946502685547e+00,6.939121246337890625e+00,1.035794639587402344e+01,8.409547805786132812e+00,9.341483116149902344e+00,1.077337360382080078e+01
8.298246383666992188e+00,7.451863765716552734e+00,2.509239912033081055e+00,6.520252227783203125e+00,3.684807300567626953e+00,9.601892471313476562e+00,5.805823326110839844e+00,7.582283496856689453e+00,1.046626377105712891e+01,8.827833175659179688e+00,9.550960540771484375e+00,1.097630214691162109e+01
8.270937919616699219e+00,9.454925537109375000e+00,1.971908926963806152e+00,9.322368621826171875e+00,5.571914672851562500e+00,9.102641105651855469e+00,9.702403068542480469e+00,6.606455802917480469e+00,1.182556152343750000e+01,9.554125785827636719e+00,1.057681083679199219e+01,1.219607734680175781e+01
8.749148368835449219e+00,9.026113510131835938e+00,2.101955413818359375e+00,9.457133293151855469e+00,5.610379219055175781e+00,8.952600479125976562e+00,9.494457244873046875e+00,7.492364406585693359e+00,1.232682323455810547e+01,1.017494010925292969e+01,1.065556335449218750e+01,1.219680500030517578e+01
8.687871932983398438e+00,9.236624717712402344e+00,2.042915821075439453e+00,9.483242034912109375e+00,5.887268066406250000e+00,9.306783676147460938e+00,9.587223052978515625e+00,7.903595447540283203e+00,1.225836086273193359e+01,9.934385299682617188e+00,1.072765445709228516e+01,1.210060596466064453e+01
8.573621749877929688e+00,9.416996002197265625e+00,1.805528998374938965e+00,9.635523796081542969e+00,5.670090675354003906e+00,9.210037231445312500e+00,9.802464485168457031e+00,7.158061981201171875e+00,1.198324775695800781e+01,9.858194351196289062e+00,1.069788742065429688e+01,1.233771800994873047e+01
8.691961288452148438e+00,9.034676551818847656e+00,2.017743110656738281e+00,9.753854751586914062e+00,5.489735603332519531e+00,8.496358871459960938e+00,9.409822463989257812e+00,7.139280319213867188e+00,1.206159400939941406e+01,1.021721363067626953e+01,1.074448204040527344e+01,1.252144432067871094e+01
8.676826477050781250e+00,9.161759376525878906e+00,1.908075690269470215e+00,9.651254653930664062e+00,5.614443778991699219e+00,9.148243904113769531e+00,9.587575912475585938e+00,7.247815132141113281e+00,1.209896469116210938e+01,1.012316036224365234e+01,1.069127750396728516e+01,1.240266990661621094e+01
8.998937606811523438e+00,7.858795166015625000e+00,2.486815690994262695e+00,9.160222053527832031e+00,5.200390815734863281e+00,8.783177375793457031e+00,8.557305335998535156e+00,7.974122524261474609e+00,1.229452896118164062e+01,1.077985477447509766e+01,1.052911186218261719e+01,1.197200870513916016e+01
8.743311882019042969e+00,8.932496070861816406e+00,2.012273788452148438e+00,9.673734664916992188e+00,5.799037933349609375e+00,9.367334365844726562e+00,9.563879966735839844e+00,7.553471565246582031e+00,1.221168136596679688e+01,1.029329299926757812e+01,1.076034164428710938e+01,1.240737533569335938e+01
8.924407958984375000e+00,9.288486480712890625e+00,2.061887979507446289e+00,9.707216262817382812e+00,5.650143623352050781e+00,9.105566978454589844e+00,9.674422264099121094e+00,7.284231185913085938e+00,1.212246227264404297e+01,1.022246265411376953e+01,1.078848075866699219e+01,1.260008239746093750e+01
8.957103729248046875e+00,8.851862907409667969e+00,2.083048582077026367e+00,9.425232887268066406e+00,5.558655738830566406e+00,9.280677795410156250e+00,9.409914970397949219e+00,7.396836280822753906e+00,1.194436550140380859e+01,1.011642646789550781e+01,1.041710567474365234e+01,1.222332191467285156e+01
8.637532234191894531e+00,8.254844665527343750e+00,2.671147346496582031e+00,8.583858489990234375e+00,4.489148139953613281e+00,9.568275451660156250e+00,8.183651924133300781e+00,8.149256706237792969e+00,1.183515071868896484e+01,9.828831672668457031e+00,1.071972942352294922e+01,1.211064147949218750e+01
8.767743110656738281e+00,8.788653373718261719e+00,2.349106311798095703e+00,9.189210891723632812e+00,5.379355430603027344e+00,9.762733459472656250e+00,9.109915733337402344e+00,7.979212284088134766e+00,1.210159492492675781e+01,9.919977188110351562e+00,1.098119354248046875e+01,1.232944583892822266e+01
8.712433815002441406e+00,7.690020561218261719e+00,2.946099996566772461e+00,8.073611259460449219e+00,4.348213195800781250e+00,9.399571418762207031e+00,7.548860073089599609e+00,8.364765167236328125e+00,1.152613544464111328e+01,9.670297622680664062e+00,1.048254680633544922e+01,1.174445819854736328e+01
8.764349937438964844e+00,8.215759277343750000e+00,2.447915077209472656e+00,8.951648712158203125e+00,5.172580718994140625e+00,9.645356178283691406e+00,8.599021911621093750e+00,8.255963325500488281e+00,1.198526573181152344e+01,1.003693675994873047e+01,1.080635738372802734e+01,1.210665798187255859e+01
8.526844024658203125e+00,8.898982048034667969e+00,2.195893526077270508e+00,9.172624588012695312e+00,4.990815162658691406e+00,1.000572681427001953e+01,8.995009422302246094e+00,7.545305728912353516e+00,1.197699451446533203e+01,1.000480079650878906e+01,1.084478664398193359e+01,1.233315086364746094e+01
8.537316322326660156e+00,7.766450405120849609e+00,2.532119035720825195e+00,8.327145576477050781e+00,4.627763748168945312e+00,1.004711341857910156e+01,7.721120834350585938e+00,8.306017875671386719e+00,1.163364791870117188e+01,1.000609493255615234e+01,1.021493911743164062e+01,1.174890327453613281e+01
8.295265197753906250e+00,8.110832214355468750e+00,2.417568683624267578e+00,7.753683567047119141e+00,4.337369918823242188e+00,1.015763854980468750e+01,7.401178836822509766e+00,8.692134857177734375e+00,1.163711071014404297e+01,9.379697799682617188e+00,1.031623935699462891e+01,1.139623546600341797e+01
8.725974082946777344e+00,8.128293991088867188e+00,2.450317859649658203e+00,8.764364242553710938e+00,4.557165145874023438e+00,9.607101440429687500e+00,8.288147926330566406e+00,7.549116611480712891e+00,1.157427501678466797e+01,9.792399406433105469e+00,1.032783794403076172e+01,1.191164779663085938e+01
8.638676643371582031e+00,8.363980293273925781e+00,2.379919767379760742e+00,8.911626815795898438e+00,5.033112525939941406e+00,9.818346977233886719e+00,8.610915184020996094e+00,7.912389278411865234e+00,1.181499958038330078e+01,9.873614311218261719e+00,1.067610549926757812e+01,1.208907890319824219e+01
8.870072364807128906e+00,8.266827583312988281e+00,2.758618116378784180e+00,8.387382507324218750e+00,4.395770072937011719e+00,9.258523941040039062e+00,7.902910232543945312e+00,8.268972396850585938e+00,1.176257801055908203e+01,9.630731582641601562e+00,1.070522499084472656e+01,1.181496620178222656e+01
9.647124290466308594e+00,7.429487705230712891e+00,3.264029502868652344e+00,8.948633193969726562e+00,5.477391242980957031e+00,9.438458442687988281e+00,8.836748123168945312e+00,8.004292488098144531e+00,1.176319503784179688e+01,1.010600757598876953e+01,9.840638160705566406e+00,1.147402954101562500e+01
9.577919960021972656e+00,7.363455772399902344e+00,3.203847169876098633e+00,8.837776184082031250e+00,5.389560699462890625e+00,9.423925399780273438e+00,8.650918960571289062e+00,8.001319885253906250e+00,1.173059558868408203e+01,1.011942958831787109e+01,9.810914039611816406e+00,1.141300868988037109e+01
9.479557037353515625e+00,7.178141593933105469e+00,2.683182954788208008e+00,8.880423545837402344e+00,5.202297210693359375e+00,9.700091361999511719e+00,8.272870063781738281e+00,8.062781333923339844e+00,1.170640277862548828e+01,1.031400012969970703e+01,9.660994529724121094e+00,1.138074779510498047e+01
9.691604614257812500e+00,7.126420497894287109e+00,3.259428024291992188e+00,8.796273231506347656e+00,5.429155349731445312e+00,9.283533096313476562e+00,8.460388183593750000e+00,7.967191219329833984e+00,1.161883068084716797e+01,1.026769828796386719e+01,9.817556381225585938e+00,1.148785877227783203e+01
9.635424613952636719e+00,7.156707286834716797e+00,2.976333379745483398e+00,8.868503570556640625e+00,5.328017234802246094e+00,9.306406974792480469e+00,8.450967788696289062e+00,7.894038200378417969e+00,1.157169914245605469e+01,1.029372501373291016e+01,9.790154457092285156e+00,1.142948055267333984e+01
9.748875617980957031e+00,7.194143295288085938e+00,3.047976732254028320e+00,8.807086944580078125e+00,5.295387268066406250e+00,9.527390480041503906e+00,8.489496231079101562e+00,7.960104942321777344e+00,1.171517944335937500e+01,1.026777172088623047e+01,9.576585769653320312e+00,1.121477699279785156e+01
9.750348091125488281e+00,7.046950817108154297e+00,3.133074760437011719e+00,8.772801399230957031e+00,5.305763244628906250e+00,9.315411567687988281e+00,8.374994277954101562e+00,7.959119796752929688e+00,1.158549976348876953e+01,1.039545536041259766e+01,9.776918411254882812e+00,1.139867973327636719e+01
9.892910003662109375e+00,6.967990875244140625e+00,3.111561059951782227e+00,8.662583351135253906e+00,5.138579368591308594e+00,9.382624626159667969e+00,8.263269424438476562e+00,7.893576145172119141e+00,1.158478355407714844e+01,1.036103343963623047e+01,9.543195724487304688e+00,1.121253204345703125e+01
9.472691535949707031e+00,7.109633922576904297e+00,2.802418947219848633e+00,8.661703109741210938e+00,5.103037834167480469e+00,9.459267616271972656e+00,8.114177703857421875e+00,7.981311321258544922e+00,1.159827709197998047e+01,1.024581432342529297e+01,9.606702804565429688e+00,1.129771614074707031e+01
9.646730422973632812e+00,7.261852741241455078e+00,3.120936870574951172e+00,8.725396156311035156e+00,5.177120208740234375e+00,9.333509445190429688e+00,8.335186958312988281e+00,7.885694980621337891e+00,1.167307853698730469e+01,1.015957355499267578e+01,9.602670669555664062e+00,1.118397045135498047e+01
9.001864433288574219e+00,9.580870628356933594e+00,2.612427234649658203e+00,8.855134963989257812e+00,6.054559707641601562e+00,9.427626609802246094e+00,9.084624290466308594e+00,8.126127243041992188e+00,1.321838378906250000e+01,9.377454757690429688e+00,1.097059059143066406e+01,1.270713710784912109e+01
8.813555717468261719e+00,9.449789047241210938e+00,2.354965686798095703e+00,8.850638389587402344e+00,5.997334480285644531e+00,9.522621154785156250e+00,9.267827987670898438e+00,7.882181644439697266e+00,1.280180454254150391e+01,9.376945495605468750e+00,1.070552825927734375e+01,1.247195911407470703e+01
8.866623878479003906e+00,9.563632965087890625e+00,2.489438772201538086e+00,8.860743522644042969e+00,5.973457336425781250e+00,9.331066131591796875e+00,9.140497207641601562e+00,7.863296985626220703e+00,1.301629543304443359e+01,9.386982917785644531e+00,1.094730758666992188e+01,1.265668392181396484e+01
8.593138694763183594e+00,9.455866813659667969e+00,2.325676918029785156e+00,8.970758438110351562e+00,5.857284545898437500e+00,9.328377723693847656e+00,9.154467582702636719e+00,7.325609207153320312e+00,1.256086444854736328e+01,9.453111648559570312e+00,1.088684177398681641e+01,1.254901313781738281e+01
8.810228347778320312e+00,9.489086151123046875e+00,2.418363571166992188e+00,8.862288475036621094e+00,6.016495704650878906e+00,9.435922622680664062e+00,9.169640541076660156e+00,7.856822967529296875e+00,1.282555675506591797e+01,9.408560752868652344e+00,1.087262821197509766e+01,1.251940155029296875e+01
8.811626434326171875e+00,9.473423957824707031e+00,2.427685260772705078e+00,8.857007026672363281e+00,5.950787544250488281e+00,9.459161758422851562e+00,9.144536018371582031e+00,7.861286640167236328e+00,1.281878185272216797e+01,9.384254455566406250e+00,1.086323070526123047e+01,1.250393772125244141e+01
8.794775009155273438e+00,9.448704719543457031e+00,2.408505678176879883e+00,8.914606094360351562e+00,5.978277206420898438e+00,9.427614212036132812e+00,9.204083442687988281e+00,7.640928268432617188e+00,1.270950984954833984e+01,9.344667434692382812e+00,1.078807926177978516e+01,1.243082523345947266e+01
8.820663452148437500e+00,9.496236801147460938e+00,2.440289258956909180e+00,8.871434211730957031e+00,5.868947029113769531e+00,9.384541511535644531e+00,9.107956886291503906e+00,7.820421218872070312e+00,1.287092208862304688e+01,9.378908157348632812e+00,1.093122768402099609e+01,1.258959865570068359e+01
8.948557853698730469e+00,9.433815956115722656e+00,2.511847734451293945e+00,8.807025909423828125e+00,5.981942176818847656e+00,9.513790130615234375e+00,9.069977760314941406e+00,8.173800468444824219e+00,1.289934158325195312e+01,9.319488525390625000e+00,1.083930397033691406e+01,1.246926498413085938e+01
8.831392288208007812e+00,9.402184486389160156e+00,2.444681406021118164e+00,8.896341323852539062e+00,6.047885894775390625e+00,9.461636543273925781e+00,9.236529350280761719e+00,7.773519515991210938e+00,1.267250347137451172e+01,9.344728469848632812e+00,1.072845363616943359e+01,1.234890079498291016e+01
8.589875221252441406e+00,9.437278747558593750e+00,2.302231311798095703e+00,9.205162048339843750e+00,5.652758598327636719e+00,9.302536964416503906e+00,9.275654792785644531e+00,6.941382884979248047e+00,1.250855159759521484e+01,9.405943870544433594e+00,1.096453094482421875e+01,1.247880172729492188e+01
8.726130485534667969e+00,9.409597396850585938e+00,2.452673673629760742e+00,9.168454170227050781e+00,5.719310760498046875e+00,9.354947090148925781e+00,9.257198333740234375e+00,7.148246765136718750e+00,1.267802238464355469e+01,9.420776367187500000e+00,1.097116470336914062e+01,1.251364135742187500e+01
8.746772766113281250e+00,9.326510429382324219e+00,2.406355381011962891e+00,9.188952445983886719e+00,5.773370742797851562e+00,9.374432563781738281e+00,9.140644073486328125e+00,7.402383327484130859e+00,1.280042648315429688e+01,9.481017112731933594e+00,1.103253269195556641e+01,1.263549613952636719e+01
8.339144706726074219e+00,9.486432075500488281e+00,2.108136415481567383e+00,9.169645309448242188e+00,5.550056457519531250e+00,9.251019477844238281e+00,9.399645805358886719e+00,6.730697631835937500e+00,1.224938869476318359e+01,9.347413063049316406e+00,1.076227378845214844e+01,1.234270191192626953e+01
8.450616836547851562e+00,9.440384864807128906e+00,2.190053224563598633e+00,9.147699356079101562e+00,5.640345573425292969e+00,9.320150375366210938e+00,9.368307113647460938e+00,6.883666515350341797e+00,1.233872509002685547e+01,9.365827560424804688e+00,1.080203056335449219e+01,1.238113117218017578e+01
8.812788963317871094e+00,9.290365219116210938e+00,2.518015384674072266e+00,9.062026977539062500e+00,5.782931327819824219e+00,9.387072563171386719e+00,9.154652595520019531e+00,7.458423137664794922e+00,1.279672718048095703e+01,9.408475875854492188e+00,1.093557453155517578e+01,1.260598850250244141e+01
8.598423004150390625e+00,9.364945411682128906e+00,2.239787578582763672e+00,9.180400848388671875e+00,5.708592414855957031e+00,9.353199005126953125e+00,9.289541244506835938e+00,7.099978923797607422e+00,1.241493892669677734e+01,9.408235549926757812e+00,1.088898658752441406e+01,1.237093925476074219e+01
8.740383148193359375e+00,9.275094985961914062e+00,2.389503002166748047e+00,9.195685386657714844e+00,5.849982261657714844e+00,9.409549713134765625e+00,9.243544578552246094e+00,7.436913013458251953e+00,1.257546520233154297e+01,9.470582962036132812e+00,1.087573146820068359e+01,1.245477581024169922e+01
8.189557075500488281e+00,9.344291687011718750e+00,1.912726879119873047e+00,9.118225097656250000e+00,5.409413337707519531e+00,9.198561668395996094e+00,9.478928565979003906e+00,6.391933441162109375e+00,1.182788276672363281e+01,9.323746681213378906e+00,1.063874816894531250e+01,1.214064121246337891e+01
8.213240623474121094e+00,9.356633186340332031e+00,1.873339891433715820e+00,9.145296096801757812e+00,5.400697708129882812e+00,9.207740783691406250e+00,9.580943107604980469e+00,6.337016582489013672e+00,1.177574443817138672e+01,9.354784965515136719e+00,1.058972454071044922e+01,1.209462738037109375e+01
8.921453475952148438e+00,9.256449699401855469e+00,2.580917835235595703e+00,9.031214714050292969e+00,5.784624099731445312e+00,9.491481781005859375e+00,8.723458290100097656e+00,8.084753990173339844e+00,1.284206581115722656e+01,9.571595191955566406e+00,1.115174865722656250e+01,1.249940967559814453e+01
8.922902107238769531e+00,9.346284866333007812e+00,2.577271461486816406e+00,9.106698036193847656e+00,5.878376007080078125e+00,9.497017860412597656e+00,8.925151824951171875e+00,7.850710391998291016e+00,1.277392101287841797e+01,9.534483909606933594e+00,1.104265308380126953e+01,1.245853805541992188e+01
8.847532272338867188e+00,9.317728042602539062e+00,2.501778364181518555e+00,9.141371726989746094e+00,5.827793121337890625e+00,9.501428604125976562e+00,9.101972579956054688e+00,7.726560115814208984e+00,1.259020709991455078e+01,9.490426063537597656e+00,1.091107463836669922e+01,1.230927658081054688e+01
8.937570571899414062e+00,9.338812828063964844e+00,2.597798109054565430e+00,9.082289695739746094e+00,5.868297576904296875e+00,9.541330337524414062e+00,8.900129318237304688e+00,7.906975269317626953e+00,1.280575084686279297e+01,9.545220375061035156e+00,1.106408500671386719e+01,1.246446800231933594e+01
8.799689292907714844e+00,9.249462127685546875e+00,2.470006227493286133e+00,9.063652038574218750e+00,5.734546661376953125e+00,9.453587532043457031e+00,8.939052581787109375e+00,7.790386199951171875e+00,1.254976463317871094e+01,9.462877273559570312e+00,1.098789119720458984e+01,1.231758785247802734e+01
8.920272827148437500e+00,9.340094566345214844e+00,2.547045707702636719e+00,9.058484077453613281e+00,5.860114097595214844e+00,9.606601715087890625e+00,8.937901496887207031e+00,8.068757057189941406e+00,1.280025196075439453e+01,9.536648750305175781e+00,1.106436443328857422e+01,1.244141864776611328e+01
8.868996620178222656e+00,9.341662406921386719e+00,2.508587360382080078e+00,9.024063110351562500e+00,5.838480949401855469e+00,9.599911689758300781e+00,8.958989143371582031e+00,7.972732067108154297e+00,1.274610137939453125e+01,9.525444984436035156e+00,1.106504058837890625e+01,1.241404819488525391e+01
8.989212036132812500e+00,9.427576065063476562e+00,2.624311208724975586e+00,9.047877311706542969e+00,5.924038887023925781e+00,9.534172058105468750e+00,8.884581565856933594e+00,8.044142723083496094e+00,1.292739200592041016e+01,9.553530693054199219e+00,1.111730384826660156e+01,1.254539585113525391e+01
8.744413375854492188e+00,9.189329147338867188e+00,2.426341056823730469e+00,9.030362129211425781e+00,5.697712898254394531e+00,9.584389686584472656e+00,9.024270057678222656e+00,7.870896816253662109e+00,1.246831321716308594e+01,9.470102310180664062e+00,1.095104312896728516e+01,1.224101352691650391e+01
8.746712684631347656e+00,9.274593353271484375e+00,2.372336626052856445e+00,9.077628135681152344e+00,5.658783912658691406e+00,9.565669059753417969e+00,9.100061416625976562e+00,7.761183738708496094e+00,1.243099498748779297e+01,9.480175018310546875e+00,1.095528507232666016e+01,1.220851325988769531e+01
8.800861358642578125e+00,8.330815315246582031e+00,3.201816558837890625e+00,8.571990013122558594e+00,4.134085178375244141e+00,8.184450149536132812e+00,7.299458026885986328e+00,7.995990753173828125e+00,1.203175735473632812e+01,9.920192718505859375e+00,1.103320026397705078e+01,1.214166069030761719e+01
8.816046714782714844e+00,8.893634796142578125e+00,3.141711473464965820e+00,8.676316261291503906e+00,3.766377925872802734e+00,8.119300842285156250e+00,7.428646087646484375e+00,7.751069068908691406e+00,1.194992923736572266e+01,9.531489372253417969e+00,1.082204914093017578e+01,1.191594886779785156e+01
8.652406692504882812e+00,8.913421630859375000e+00,2.775828361511230469e+00,9.040560722351074219e+00,4.751508712768554688e+00,8.944482803344726562e+00,8.431497573852539062e+00,7.399603366851806641e+00,1.190466213226318359e+01,9.964499473571777344e+00,1.100382614135742188e+01,1.232662773132324219e+01
8.654504776000976562e+00,8.787673950195312500e+00,2.715723752975463867e+00,9.054855346679687500e+00,4.932019233703613281e+00,9.421342849731445312e+00,8.558542251586914062e+00,8.382537841796875000e+00,1.206263542175292969e+01,1.009555530548095703e+01,1.116128635406494141e+01,1.226856613159179688e+01
8.913823127746582031e+00,8.501937866210937500e+00,3.471827745437622070e+00,8.475882530212402344e+00,4.069808006286621094e+00,8.234827995300292969e+00,7.474416732788085938e+00,8.092550277709960938e+00,1.198455142974853516e+01,9.679818153381347656e+00,1.069449520111083984e+01,1.163013458251953125e+01
8.715467453002929688e+00,9.129729270935058594e+00,2.933197498321533203e+00,9.231010437011718750e+00,5.003528594970703125e+00,9.197467803955078125e+00,8.814732551574707031e+00,7.630028247833251953e+00,1.198723030090332031e+01,1.006473350524902344e+01,1.115247154235839844e+01,1.241830062866210938e+01
8.710185050964355469e+00,8.040360450744628906e+00,2.823031187057495117e+00,8.736944198608398438e+00,4.704998970031738281e+00,8.690960884094238281e+00,7.989135265350341797e+00,8.060717582702636719e+00,1.184821510314941406e+01,1.018294239044189453e+01,1.099008369445800781e+01,1.209280776977539062e+01
8.893288612365722656e+00,8.013039588928222656e+00,3.027693986892700195e+00,8.575115203857421875e+00,4.607481002807617188e+00,8.377852439880371094e+00,7.663790225982666016e+00,7.891933441162109375e+00,1.191047000885009766e+01,1.015519046783447266e+01,1.086287117004394531e+01,1.184003353118896484e+01
8.637720108032226562e+00,8.252275466918945312e+00,2.770236968994140625e+00,8.725964546203613281e+00,5.022219657897949219e+00,9.320870399475097656e+00,8.353650093078613281e+00,9.277109146118164062e+00,1.225177574157714844e+01,9.896104812622070312e+00,1.106806945800781250e+01,1.157661914825439453e+01
8.847908020019531250e+00,9.141856193542480469e+00,2.835776329040527344e+00,9.319047927856445312e+00,4.874121665954589844e+00,9.769263267517089844e+00,8.696112632751464844e+00,8.455986022949218750e+00,1.231315994262695312e+01,1.001959991455078125e+01,1.121955680847167969e+01,1.236747932434082031e+01
9.137719154357910156e+00,7.904337882995605469e+00,3.765051364898681641e+00,7.954954147338867188e+00,4.479484558105468750e+00,9.332100868225097656e+00,7.448635101318359375e+00,9.130424499511718750e+00,1.215931987762451172e+01,9.126294136047363281e+00,1.063888835906982422e+01,1.088657474517822266e+01
9.717935562133789062e+00,7.954159259796142578e+00,4.588602542877197266e+00,7.381664752960205078e+00,3.236642837524414062e+00,7.387650489807128906e+00,5.992002487182617188e+00,9.114141464233398438e+00,1.235332393646240234e+01,8.413857460021972656e+00,1.002649402618408203e+01,1.026778316497802734e+01
9.478768348693847656e+00,8.395427703857421875e+00,4.459501266479492188e+00,8.148292541503906250e+00,4.555256843566894531e+00,8.702774047851562500e+00,7.687595367431640625e+00,8.798775672912597656e+00,1.223064231872558594e+01,9.437678337097167969e+00,1.072522640228271484e+01,1.121986389160156250e+01
9.113512039184570312e+00,8.023544311523437500e+00,4.092209339141845703e+00,7.874791622161865234e+00,3.895881175994873047e+00,8.251533508300781250e+00,7.258893013000488281e+00,8.392094612121582031e+00,1.182101345062255859e+01,9.177134513854980469e+00,1.065708637237548828e+01,1.127599048614501953e+01
8.785058021545410156e+00,7.811666488647460938e+00,3.505654573440551758e+00,7.219695568084716797e+00,3.959426641464233398e+00,8.678170204162597656e+00,6.483372211456298828e+00,8.625300407409667969e+00,1.167353534698486328e+01,8.912869453430175781e+00,1.016774845123291016e+01,1.081798267364501953e+01
9.118869781494140625e+00,7.877518177032470703e+00,3.489526033401489258e+00,7.296416759490966797e+00,3.506093502044677734e+00,7.966534614562988281e+00,6.660147666931152344e+00,8.148604393005371094e+00,1.169799900054931641e+01,8.720338821411132812e+00,1.023706817626953125e+01,1.075389480590820312e+01
9.820949554443359375e+00,7.516712188720703125e+00,5.760871410369873047e+00,6.954742908477783203e+00,3.081226348876953125e+00,8.460133552551269531e+00,6.613174438476562500e+00,7.983787536621093750e+00,1.137353038787841797e+01,8.896000862121582031e+00,9.956888198852539062e+00,1.079583072662353516e+01
9.896560668945312500e+00,7.981797218322753906e+00,5.742075920104980469e+00,7.087744235992431641e+00,3.501472949981689453e+00,8.703992843627929688e+00,6.947157382965087891e+00,8.306563377380371094e+00,1.158096981048583984e+01,8.811631202697753906e+00,9.939072608947753906e+00,1.071208763122558594e+01
8.570271492004394531e+00,8.172224998474121094e+00,2.373261928558349609e+00,8.691916465759277344e+00,5.560050010681152344e+00,9.617371559143066406e+00,8.699152946472167969e+00,9.711259841918945312e+00,1.230776882171630859e+01,9.918782234191894531e+00,1.122040176391601562e+01,1.170920372009277344e+01
9.438298225402832031e+00,7.506173610687255859e+00,4.555576324462890625e+00,6.946814060211181641e+00,2.833238840103149414e+00,6.986038208007812500e+00,5.807415485382080078e+00,8.865421295166015625e+00,1.179487419128417969e+01,8.141398429870605469e+00,9.557807922363281250e+00,1.001230144500732422e+01
9.070470809936523438e+00,8.296454429626464844e+00,3.532352209091186523e+00,7.570314407348632812e+00,4.604434967041015625e+00,9.752181053161621094e+00,7.188562870025634766e+00,9.258374214172363281e+00,1.253938961029052734e+01,8.917881011962890625e+00,1.090769672393798828e+01,1.118304634094238281e+01
9.339915275573730469e+00,8.299304962158203125e+00,3.953235864639282227e+00,7.170974254608154297e+00,3.746932744979858398e+00,8.712389945983886719e+00,6.528763294219970703e+00,9.126111030578613281e+00,1.256803798675537109e+01,8.328926086425781250e+00,1.025060749053955078e+01,1.037315177917480469e+01
9.321002006530761719e+00,8.459019660949707031e+00,4.076315879821777344e+00,7.801447868347167969e+00,4.778215408325195312e+00,9.264495849609375000e+00,7.708252906799316406e+00,9.259667396545410156e+00,1.221035099029541016e+01,9.194190025329589844e+00,1.071796417236328125e+01,1.105426025390625000e+01
8.588989257812500000e+00,7.517899990081787109e+00,2.960014820098876953e+00,8.420862197875976562e+00,4.974559783935546875e+00,9.819356918334960938e+00,7.521946907043457031e+00,9.482836723327636719e+00,1.203273677825927734e+01,1.009146118164062500e+01,1.098758316040039062e+01,1.158770275115966797e+01
8.940690040588378906e+00,7.526910305023193359e+00,3.330683469772338867e+00,8.075084686279296875e+00,5.213319778442382812e+00,9.907959938049316406e+00,7.742575645446777344e+00,1.047731781005859375e+01,1.237562942504882812e+01,9.495473861694335938e+00,1.106357765197753906e+01,1.101034736633300781e+01
8.741500854492187500e+00,7.277159690856933594e+00,3.109740972518920898e+00,7.721740245819091797e+00,5.073735237121582031e+00,9.724277496337890625e+00,7.067858695983886719e+00,9.961201667785644531e+00,1.207581901550292969e+01,9.403505325317382812e+00,1.073270034790039062e+01,1.102757644653320312e+01
8.654880523681640625e+00,7.920527935028076172e+00,3.225050926208496094e+00,8.335190773010253906e+00,4.971704483032226562e+00,8.979086875915527344e+00,7.792302131652832031e+00,9.240615844726562500e+00,1.183939838409423828e+01,9.593421936035156250e+00,1.091209411621093750e+01,1.149879741668701172e+01
8.524840354919433594e+00,7.439511775970458984e+00,2.525637149810791016e+00,8.332734107971191406e+00,5.345763206481933594e+00,9.855756759643554688e+00,7.911980152130126953e+00,1.033740806579589844e+01,1.225284576416015625e+01,9.954377174377441406e+00,1.116663646697998047e+01,1.132061862945556641e+01
9.342281341552734375e+00,7.912221431732177734e+00,4.223436832427978516e+00,7.733039855957031250e+00,4.649577140808105469e+00,9.022757530212402344e+00,7.146209239959716797e+00,9.493069648742675781e+00,1.206073951721191406e+01,9.184042930603027344e+00,1.060091781616210938e+01,1.082129955291748047e+01
8.681423187255859375e+00,7.652087211608886719e+00,2.691904306411743164e+00,8.362697601318359375e+00,5.278497695922851562e+00,9.448922157287597656e+00,7.967551708221435547e+00,9.942034721374511719e+00,1.213821792602539062e+01,9.876224517822265625e+00,1.104215431213378906e+01,1.130556392669677734e+01
8.837370872497558594e+00,9.285287857055664062e+00,2.594552278518676758e+00,8.795895576477050781e+00,5.620162010192871094e+00,9.174468994140625000e+00,9.212007522583007812e+00,7.603340148925781250e+00,1.199578189849853516e+01,9.328484535217285156e+00,1.083096313476562500e+01,1.181707286834716797e+01
9.203498840332031250e+00,9.348737716674804688e+00,3.421045303344726562e+00,8.583377838134765625e+00,5.336142539978027344e+00,8.661046981811523438e+00,8.637102127075195312e+00,7.860397815704345703e+00,1.220277118682861328e+01,9.108461380004882812e+00,1.064497661590576172e+01,1.161664962768554688e+01
8.991190910339355469e+00,9.339740753173828125e+00,2.945860385894775391e+00,8.904831886291503906e+00,5.525089263916015625e+00,8.760582923889160156e+00,9.135615348815917969e+00,7.900347232818603516e+00,1.202600288391113281e+01,9.357659339904785156e+00,1.079849433898925781e+01,1.183824157714843750e+01
8.905991554260253906e+00,9.240903854370117188e+00,2.659613370895385742e+00,8.874752998352050781e+00,5.693819999694824219e+00,8.873137474060058594e+00,9.309412956237792969e+00,7.731794834136962891e+00,1.187528896331787109e+01,9.314969062805175781e+00,1.070656490325927734e+01,1.178990268707275391e+01
8.986008644104003906e+00,9.215071678161621094e+00,2.746211051940917969e+00,8.960695266723632812e+00,5.623332023620605469e+00,9.119249343872070312e+00,9.329485893249511719e+00,7.932812690734863281e+00,1.191600513458251953e+01,9.438881874084472656e+00,1.076812648773193359e+01,1.181177425384521484e+01
9.225723266601562500e+00,9.155947685241699219e+00,3.030573606491088867e+00,8.820571899414062500e+00,5.624194145202636719e+00,8.972683906555175781e+00,9.182697296142578125e+00,8.243865013122558594e+00,1.201157855987548828e+01,9.307100296020507812e+00,1.066864490509033203e+01,1.165735149383544922e+01
9.263149261474609375e+00,9.214861869812011719e+00,3.285702705383300781e+00,8.850345611572265625e+00,5.467331886291503906e+00,9.002286911010742188e+00,9.049699783325195312e+00,8.188102722167968750e+00,1.210027122497558594e+01,9.407853126525878906e+00,1.076981353759765625e+01,1.177753639221191406e+01
9.238494873046875000e+00,9.252383232116699219e+00,3.329972028732299805e+00,8.598811149597167969e+00,5.465718269348144531e+00,8.868937492370605469e+00,8.841883659362792969e+00,8.338388442993164062e+00,1.203662300109863281e+01,9.159228324890136719e+00,1.051432800292968750e+01,1.137008190155029297e+01
9.078705787658691406e+00,8.990172386169433594e+00,2.713804960250854492e+00,8.629959106445312500e+00,5.321915626525878906e+00,9.135667800903320312e+00,9.025885581970214844e+00,7.794624328613281250e+00,1.182059288024902344e+01,9.161443710327148438e+00,1.055246829986572266e+01,1.143610477447509766e+01
9.101763725280761719e+00,9.023364067077636719e+00,2.516425371170043945e+00,9.064084053039550781e+00,5.683575630187988281e+00,9.072346687316894531e+00,9.260782241821289062e+00,8.016399383544921875e+00,1.175103378295898438e+01,9.397143363952636719e+00,1.070861434936523438e+01,1.189989185333251953e+01
9.453225135803222656e+00,8.807648658752441406e+00,3.106411695480346680e+00,8.866070747375488281e+00,5.880273818969726562e+00,9.517144203186035156e+00,9.289079666137695312e+00,8.213330268859863281e+00,1.217624950408935547e+01,9.463201522827148438e+00,1.064824295043945312e+01,1.193710803985595703e+01
9.786263465881347656e+00,8.808343887329101562e+00,3.921370267868041992e+00,8.518908500671386719e+00,5.556159973144531250e+00,9.550321578979492188e+00,8.794947624206542969e+00,8.299921035766601562e+00,1.228847217559814453e+01,9.377160072326660156e+00,1.066465663909912109e+01,1.200800132751464844e+01
9.814384460449218750e+00,8.781046867370605469e+00,4.130936145782470703e+00,8.536199569702148438e+00,5.406880378723144531e+00,9.464038848876953125e+00,8.728307723999023438e+00,8.336246490478515625e+00,1.226009559631347656e+01,9.467628479003906250e+00,1.073638153076171875e+01,1.208525180816650391e+01
9.287315368652343750e+00,9.002333641052246094e+00,2.969985008239746094e+00,8.948201179504394531e+00,5.837897300720214844e+00,9.506461143493652344e+00,9.293120384216308594e+00,8.145634651184082031e+00,1.221424961090087891e+01,9.455778121948242188e+00,1.068052768707275391e+01,1.195060729980468750e+01
9.381140708923339844e+00,8.663875579833984375e+00,3.301695346832275391e+00,8.934965133666992188e+00,5.749923706054687500e+00,9.438383102416992188e+00,9.182978630065917969e+00,8.221056938171386719e+00,1.218022155761718750e+01,9.769813537597656250e+00,1.087083053588867188e+01,1.210907936096191406e+01
9.565101623535156250e+00,8.656454086303710938e+00,3.196664810180664062e+00,8.917334556579589844e+00,5.926924705505371094e+00,9.520065307617187500e+00,9.138418197631835938e+00,8.317883491516113281e+00,1.220161247253417969e+01,9.504927635192871094e+00,1.060633277893066406e+01,1.191502475738525391e+01
9.553664207458496094e+00,8.683754920959472656e+00,3.621191263198852539e+00,8.852543830871582031e+00,5.696389198303222656e+00,9.384954452514648438e+00,9.163363456726074219e+00,8.249627113342285156e+00,1.208280467987060547e+01,9.628358840942382812e+00,1.075810909271240234e+01,1.200993156433105469e+01
9.607518196105957031e+00,8.003639221191406250e+00,3.631431341171264648e+00,8.891947746276855469e+00,5.772095680236816406e+00,9.272208213806152344e+00,8.799130439758300781e+00,8.084308624267578125e+00,1.194143676757812500e+01,9.997895240783691406e+00,1.080441761016845703e+01,1.220440483093261719e+01
9.829660415649414062e+00,8.909559249877929688e+00,4.333469867706298828e+00,8.553627967834472656e+00,5.321570396423339844e+00,9.314105987548828125e+00,8.589890480041503906e+00,8.399833679199218750e+00,1.226397705078125000e+01,9.390156745910644531e+00,1.069616031646728516e+01,1.190803909301757812e+01
9.970353126525878906e+00,8.851631164550781250e+00,5.008401870727539062e+00,8.273622512817382812e+00,4.962186813354492188e+00,9.332403182983398438e+00,8.169763565063476562e+00,8.417559623718261719e+00,1.236485671997070312e+01,9.357326507568359375e+00,1.070441055297851562e+01,1.191793823242187500e+01
9.464072227478027344e+00,8.725945472717285156e+00,3.190019845962524414e+00,8.780528068542480469e+00,5.622542381286621094e+00,9.497486114501953125e+00,9.329811096191406250e+00,8.140496253967285156e+00,1.211910438537597656e+01,9.289142608642578125e+00,1.048574447631835938e+01,1.143554401397705078e+01
9.525280952453613281e+00,8.517230033874511719e+00,3.280047178268432617e+00,8.648756980895996094e+00,5.472993850708007812e+00,9.469738006591796875e+00,9.138451576232910156e+00,7.920325756072998047e+00,1.188581466674804688e+01,9.327671051025390625e+00,1.025130176544189453e+01,1.156832408905029297e+01
9.427894592285156250e+00,8.564846992492675781e+00,3.059109449386596680e+00,8.916083335876464844e+00,5.648192405700683594e+00,9.493270874023437500e+00,9.369489669799804688e+00,8.050966262817382812e+00,1.198839664459228516e+01,9.459446907043457031e+00,1.034265518188476562e+01,1.160043239593505859e+01
9.486609458923339844e+00,8.458040237426757812e+00,3.137001276016235352e+00,9.011524200439453125e+00,5.643500328063964844e+00,9.424088478088378906e+00,9.411174774169921875e+00,8.063376426696777344e+00,1.197983741760253906e+01,9.578505516052246094e+00,1.041435909271240234e+01,1.159626102447509766e+01
9.421183586120605469e+00,8.513843536376953125e+00,3.199976444244384766e+00,8.857055664062500000e+00,5.560563087463378906e+00,9.469827651977539062e+00,9.269321441650390625e+00,7.854348659515380859e+00,1.186960411071777344e+01,9.465754508972167969e+00,1.028481101989746094e+01,1.171007061004638672e+01
9.353797912597656250e+00,8.860914230346679688e+00,3.089649677276611328e+00,9.116501808166503906e+00,5.699797630310058594e+00,9.391569137573242188e+00,9.534907341003417969e+00,8.118298530578613281e+00,1.204827976226806641e+01,9.507964134216308594e+00,1.059942817687988281e+01,1.173315525054931641e+01
9.118762969970703125e+00,8.942793846130371094e+00,2.965714931488037109e+00,9.003421783447265625e+00,5.451815605163574219e+00,9.337825775146484375e+00,9.398146629333496094e+00,7.612265110015869141e+00,1.186526870727539062e+01,9.452048301696777344e+00,1.057857894897460938e+01,1.182523632049560547e+01
9.391109466552734375e+00,8.582424163818359375e+00,3.150871992111206055e+00,8.893916130065917969e+00,5.496788024902343750e+00,9.421916007995605469e+00,9.329984664916992188e+00,7.834932804107666016e+00,1.183069419860839844e+01,9.457973480224609375e+00,1.036809158325195312e+01,1.163785266876220703e+01
9.511947631835937500e+00,8.048482894897460938e+00,3.562507629394531250e+00,8.810091018676757812e+00,5.366230010986328125e+00,9.434884071350097656e+00,9.085161209106445312e+00,7.740279197692871094e+00,1.160455131530761719e+01,9.664957046508789062e+00,1.024990463256835938e+01,1.160381889343261719e+01
9.316027641296386719e+00,8.513337135314941406e+00,3.386595964431762695e+00,8.962299346923828125e+00,5.339456558227539062e+00,9.374015808105468750e+00,9.265364646911621094e+00,7.711879253387451172e+00,1.173593139648437500e+01,9.736997604370117188e+00,1.056962203979492188e+01,1.190706443786621094e+01
9.041804313659667969e+00,9.275807380676269531e+00,3.446019887924194336e+00,9.199024200439453125e+00,4.965767860412597656e+00,8.998206138610839844e+00,9.373813629150390625e+00,7.738432407379150391e+00,1.242869472503662109e+01,1.009483051300048828e+01,1.112550163269042969e+01,1.252938365936279297e+01
9.215097427368164062e+00,8.376629829406738281e+00,4.569232463836669922e+00,8.302047729492187500e+00,4.357770919799804688e+00,8.282978057861328125e+00,8.014283180236816406e+00,8.959078788757324219e+00,1.211145877838134766e+01,9.984749794006347656e+00,1.103529739379882812e+01,1.210246658325195312e+01
8.868823051452636719e+00,8.791478157043457031e+00,3.557107925415039062e+00,8.774769783020019531e+00,4.917823791503906250e+00,9.310066223144531250e+00,8.667314529418945312e+00,8.357299804687500000e+00,1.202040386199951172e+01,1.002828788757324219e+01,1.101739978790283203e+01,1.215005970001220703e+01
8.658944129943847656e+00,8.006357192993164062e+00,3.020575046539306641e+00,8.459146499633789062e+00,4.289724349975585938e+00,8.936203002929687500e+00,8.315956115722656250e+00,8.164070129394531250e+00,1.192923831939697266e+01,1.019329357147216797e+01,1.087252044677734375e+01,1.209080028533935547e+01
8.676343917846679688e+00,9.183905601501464844e+00,2.448593139648437500e+00,9.314778327941894531e+00,5.490633010864257812e+00,9.744453430175781250e+00,9.353841781616210938e+00,8.542245864868164062e+00,1.233949947357177734e+01,1.009687328338623047e+01,1.130002403259277344e+01,1.228931617736816406e+01
8.637570381164550781e+00,8.116346359252929688e+00,3.531548500061035156e+00,8.017969131469726562e+00,4.797878265380859375e+00,9.595738410949707031e+00,7.463802337646484375e+00,9.031535148620605469e+00,1.194340324401855469e+01,9.728633880615234375e+00,1.095657634735107422e+01,1.157996368408203125e+01
8.478402137756347656e+00,8.317630767822265625e+00,2.672727346420288086e+00,8.297142982482910156e+00,5.245306968688964844e+00,9.535553932189941406e+00,8.126486778259277344e+00,9.386144638061523438e+00,1.216095256805419922e+01,9.922269821166992188e+00,1.127809524536132812e+01,1.182508087158203125e+01
9.154613494873046875e+00,8.666765213012695312e+00,3.648188829421997070e+00,8.425236701965332031e+00,4.688407897949218750e+00,9.180147171020507812e+00,8.151653289794921875e+00,8.523507118225097656e+00,1.201141071319580078e+01,9.742055892944335938e+00,1.080026245117187500e+01,1.154180812835693359e+01
8.786329269409179688e+00,8.302790641784667969e+00,2.895038366317749023e+00,8.690001487731933594e+00,5.350352287292480469e+00,8.957834243774414062e+00,8.392572402954101562e+00,8.697578430175781250e+00,1.196176624298095703e+01,1.017313480377197266e+01,1.113470363616943359e+01,1.217055225372314453e+01
9.121337890625000000e+00,8.362010955810546875e+00,4.198720932006835938e+00,8.336786270141601562e+00,4.426009178161621094e+00,8.246910095214843750e+00,7.894912242889404297e+00,8.522954940795898438e+00,1.187300968170166016e+01,1.004248905181884766e+01,1.089902114868164062e+01,1.200772666931152344e+01
9.037796974182128906e+00,8.274518966674804688e+00,2.660495996475219727e+00,7.980303764343261719e+00,4.526187896728515625e+00,9.251683235168457031e+00,8.023217201232910156e+00,1.007653713226318359e+01,1.260442829132080078e+01,9.608648300170898438e+00,1.148122119903564453e+01,1.170025444030761719e+01
9.176247596740722656e+00,8.326873779296875000e+00,2.834570646286010742e+00,8.048942565917968750e+00,4.630254745483398438e+00,9.176570892333984375e+00,8.159096717834472656e+00,9.853548049926757812e+00,1.262724113464355469e+01,9.652123451232910156e+00,1.144746685028076172e+01,1.169006252288818359e+01
8.875062942504882812e+00,8.277044296264648438e+00,2.723920345306396484e+00,7.947350025177001953e+00,4.505808830261230469e+00,9.455344200134277344e+00,7.695436954498291016e+00,1.018743515014648438e+01,1.263474464416503906e+01,9.636848449707031250e+00,1.156727790832519531e+01,1.177006721496582031e+01
8.760221481323242188e+00,8.267525672912597656e+00,2.707125663757324219e+00,7.929571151733398438e+00,4.576505661010742188e+00,9.256478309631347656e+00,7.698495864868164062e+00,1.014764881134033203e+01,1.248911476135253906e+01,9.649832725524902344e+00,1.160783100128173828e+01,1.168316745758056641e+01
8.947727203369140625e+00,8.195178985595703125e+00,2.793457746505737305e+00,8.006974220275878906e+00,4.648210525512695312e+00,9.385149002075195312e+00,8.023667335510253906e+00,1.025687885284423828e+01,1.251511955261230469e+01,9.656061172485351562e+00,1.156738758087158203e+01,1.164962387084960938e+01
9.070074081420898438e+00,8.297888755798339844e+00,2.863423109054565430e+00,8.013732910156250000e+00,4.585949897766113281e+00,9.469936370849609375e+00,7.986631870269775391e+00,1.004840469360351562e+01,1.266804122924804688e+01,9.672683715820312500e+00,1.148691654205322266e+01,1.174135494232177734e+01
8.754468917846679688e+00,8.242402076721191406e+00,2.680727958679199219e+00,7.979677677154541016e+00,4.594148635864257812e+00,9.582884788513183594e+00,7.824811935424804688e+00,1.028642559051513672e+01,1.248598861694335938e+01,9.673326492309570312e+00,1.160213470458984375e+01,1.168971157073974609e+01
9.071728706359863281e+00,8.276409149169921875e+00,2.894492387771606445e+00,8.080571174621582031e+00,4.652085304260253906e+00,9.485965728759765625e+00,8.107583045959472656e+00,1.005352783203125000e+01,1.259428501129150391e+01,9.732270240783691406e+00,1.153215408325195312e+01,1.168864154815673828e+01
9.014276504516601562e+00,8.246783256530761719e+00,2.741831064224243164e+00,8.003797531127929688e+00,4.671924591064453125e+00,9.096442222595214844e+00,8.133438110351562500e+00,9.934947967529296875e+00,1.237899684906005859e+01,9.624263763427734375e+00,1.148553276062011719e+01,1.161087322235107422e+01
8.928777694702148438e+00,8.242294311523437500e+00,2.817982673645019531e+00,8.026508331298828125e+00,4.631237983703613281e+00,9.371308326721191406e+00,8.103159904479980469e+00,1.023515224456787109e+01,1.246057796478271484e+01,9.666293144226074219e+00,1.154037475585937500e+01,1.161560249328613281e+01
8.794194221496582031e+00,8.458603858947753906e+00,2.514042139053344727e+00,8.614971160888671875e+00,5.523787498474121094e+00,9.494313240051269531e+00,8.895153045654296875e+00,9.714716911315917969e+00,1.262583065032958984e+01,9.844403266906738281e+00,1.128518009185791016e+01,1.140342903137207031e+01
8.992690086364746094e+00,8.862880706787109375e+00,3.086555957794189453e+00,8.540354728698730469e+00,5.193025588989257812e+00,9.117375373840332031e+00,8.840793609619140625e+00,9.267251968383789062e+00,1.243623161315917969e+01,9.726889610290527344e+00,1.105787658691406250e+01,1.150740051269531250e+01
9.000933647155761719e+00,9.157520294189453125e+00,3.293221950531005859e+00,8.905604362487792969e+00,5.219111442565917969e+00,9.258508682250976562e+00,8.788331031799316406e+00,8.816964149475097656e+00,1.242181587219238281e+01,9.859642982482910156e+00,1.112021923065185547e+01,1.186015415191650391e+01
9.078873634338378906e+00,8.911578178405761719e+00,3.231956481933593750e+00,8.328940391540527344e+00,4.922792434692382812e+00,8.968873023986816406e+00,8.465632438659667969e+00,9.218196868896484375e+00,1.239481639862060547e+01,9.528353691101074219e+00,1.085601997375488281e+01,1.125249576568603516e+01
8.756542205810546875e+00,8.701638221740722656e+00,2.479192256927490234e+00,8.811071395874023438e+00,5.412260055541992188e+00,9.424456596374511719e+00,8.885299682617187500e+00,9.035815238952636719e+00,1.233649158477783203e+01,9.950157165527343750e+00,1.112158775329589844e+01,1.165430736541748047e+01
8.740428924560546875e+00,8.747049331665039062e+00,2.352989912033081055e+00,8.973864555358886719e+00,5.465459823608398438e+00,9.484094619750976562e+00,9.200885772705078125e+00,8.849745750427246094e+00,1.230539608001708984e+01,9.950965881347656250e+00,1.126526832580566406e+01,1.183725261688232422e+01
8.908351898193359375e+00,8.833633422851562500e+00,2.764023780822753906e+00,8.785934448242187500e+00,5.441534042358398438e+00,9.460977554321289062e+00,9.089592933654785156e+00,9.329286575317382812e+00,1.255073833465576172e+01,9.864267349243164062e+00,1.121314048767089844e+01,1.161682987213134766e+01
8.682747840881347656e+00,8.796669006347656250e+00,2.337999105453491211e+00,8.980921745300292969e+00,5.398613929748535156e+00,9.354913711547851562e+00,9.027485847473144531e+00,8.297885894775390625e+00,1.207535934448242188e+01,9.908086776733398438e+00,1.103858566284179688e+01,1.182599353790283203e+01
9.310158729553222656e+00,9.118573188781738281e+00,3.982208490371704102e+00,8.450458526611328125e+00,4.634367942810058594e+00,8.683439254760742188e+00,8.128035545349121094e+00,8.914566993713378906e+00,1.235968589782714844e+01,9.429128646850585938e+00,1.071270179748535156e+01,1.126798534393310547e+01
8.971839904785156250e+00,8.766820907592773438e+00,2.916340112686157227e+00,8.728511810302734375e+00,5.364068031311035156e+00,9.213017463684082031e+00,8.978197097778320312e+00,9.199195861816406250e+00,1.251291465759277344e+01,9.805246353149414062e+00,1.118709278106689453e+01,1.163024139404296875e+01
8.972260475158691406e+00,7.064576148986816406e+00,2.648604154586791992e+00,7.862135887145996094e+00,3.990031003952026367e+00,6.582618713378906250e+00,5.683997154235839844e+00,6.465921878814697266e+00,1.226267147064208984e+01,9.840913772583007812e+00,1.081210613250732422e+01,1.166649723052978516e+01
9.185689926147460938e+00,7.473473072052001953e+00,2.655272722244262695e+00,8.138951301574707031e+00,4.438084602355957031e+00,6.723509788513183594e+00,6.500825405120849609e+00,6.266007423400878906e+00,1.213552761077880859e+01,9.874297142028808594e+00,1.067301177978515625e+01,1.178362083435058594e+01
9.143626213073730469e+00,7.003987789154052734e+00,3.127825736999511719e+00,7.149785995483398438e+00,2.970569133758544922e+00,6.889115333557128906e+00,5.981082916259765625e+00,7.575353622436523438e+00,1.163751697540283203e+01,9.138669967651367188e+00,1.011025714874267578e+01,1.131794166564941406e+01
9.250926971435546875e+00,6.821644306182861328e+00,3.081860065460205078e+00,7.472200393676757812e+00,3.363557100296020508e+00,6.938540458679199219e+00,5.650189876556396484e+00,6.706028938293457031e+00,1.171706390380859375e+01,9.452921867370605469e+00,1.022013378143310547e+01,1.139477443695068359e+01
9.016257286071777344e+00,7.092510700225830078e+00,2.883824348449707031e+00,7.679480075836181641e+00,3.890115261077880859e+00,7.151101112365722656e+00,6.204713821411132812e+00,6.767783641815185547e+00,1.171213340759277344e+01,9.638776779174804688e+00,1.025556468963623047e+01,1.153277397155761719e+01
9.299512863159179688e+00,7.164715290069580078e+00,2.881852388381958008e+00,7.810882091522216797e+00,3.983644247055053711e+00,6.377600669860839844e+00,5.803368568420410156e+00,6.289118766784667969e+00,1.193612957000732422e+01,9.646745681762695312e+00,1.035619544982910156e+01,1.164934539794921875e+01
9.004589080810546875e+00,7.512503623962402344e+00,2.819056272506713867e+00,7.715771675109863281e+00,3.880353450775146484e+00,8.499116897583007812e+00,6.275834560394287109e+00,8.216868400573730469e+00,1.157374095916748047e+01,9.445096015930175781e+00,1.038147068023681641e+01,1.157857513427734375e+01
8.823159217834472656e+00,7.073632717132568359e+00,2.873747825622558594e+00,7.667391300201416016e+00,3.960501909255981445e+00,7.309413909912109375e+00,6.163331031799316406e+00,7.901412487030029297e+00,1.121192836761474609e+01,9.287752151489257812e+00,1.021790790557861328e+01,1.144193458557128906e+01
8.525944709777832031e+00,8.009064674377441406e+00,2.514649868011474609e+00,7.697475910186767578e+00,4.522133827209472656e+00,8.868795394897460938e+00,6.491942405700683594e+00,9.256978034973144531e+00,1.123328208923339844e+01,9.661030769348144531e+00,1.083424854278564453e+01,1.216075515747070312e+01
8.570518493652343750e+00,7.556934833526611328e+00,2.133215904235839844e+00,7.752552032470703125e+00,4.680058479309082031e+00,6.749590873718261719e+00,5.790856838226318359e+00,7.921629428863525391e+00,1.185519695281982422e+01,9.563237190246582031e+00,1.092811393737792969e+01,1.201504230499267578e+01
9.665343284606933594e+00,8.466041564941406250e+00,3.649121522903442383e+00,8.674292564392089844e+00,5.670709609985351562e+00,9.488439559936523438e+00,9.062083244323730469e+00,8.289539337158203125e+00,1.202553367614746094e+01,9.515702247619628906e+00,1.055925559997558594e+01,1.178847503662109375e+01
9.561927795410156250e+00,8.081128120422363281e+00,3.819096565246582031e+00,8.399654388427734375e+00,5.359684944152832031e+00,9.469818115234375000e+00,8.686297416687011719e+00,7.858272075653076172e+00,1.168160152435302734e+01,9.552688598632812500e+00,1.041825866699218750e+01,1.163869857788085938e+01
9.542010307312011719e+00,8.277039527893066406e+00,3.527273416519165039e+00,8.968626022338867188e+00,5.784955978393554688e+00,9.384305953979492188e+00,9.020257949829101562e+00,8.248345375061035156e+00,1.211633586883544922e+01,1.002782440185546875e+01,1.087647819519042969e+01,1.206566619873046875e+01
9.599179267883300781e+00,8.075538635253906250e+00,3.852230787277221680e+00,8.725849151611328125e+00,5.579823493957519531e+00,9.402548789978027344e+00,8.870646476745605469e+00,8.062938690185546875e+00,1.179789829254150391e+01,9.813998222351074219e+00,1.056772327423095703e+01,1.191656875610351562e+01
9.577496528625488281e+00,8.135807991027832031e+00,3.372092008590698242e+00,8.964080810546875000e+00,5.772612571716308594e+00,9.526659965515136719e+00,9.078847885131835938e+00,8.125303268432617188e+00,1.189340305328369141e+01,9.634885787963867188e+00,1.054167461395263672e+01,1.160865402221679688e+01
9.864231109619140625e+00,7.959716320037841797e+00,4.540348052978515625e+00,8.463129043579101562e+00,5.360667228698730469e+00,9.357399940490722656e+00,8.569217681884765625e+00,8.242133140563964844e+00,1.179048919677734375e+01,9.762353897094726562e+00,1.057058238983154297e+01,1.196529293060302734e+01
1.009208202362060547e+01,7.962845325469970703e+00,5.090920448303222656e+00,7.884655952453613281e+00,4.624452590942382812e+00,8.938794136047363281e+00,7.876829147338867188e+00,7.981339454650878906e+00,1.159399223327636719e+01,9.479477882385253906e+00,1.053506469726562500e+01,1.168902015686035156e+01
9.475323677062988281e+00,8.405158996582031250e+00,3.522342443466186523e+00,8.884993553161621094e+00,5.844138145446777344e+00,9.480697631835937500e+00,9.031438827514648438e+00,8.145829200744628906e+00,1.199629783630371094e+01,9.645435333251953125e+00,1.069073867797851562e+01,1.173259830474853516e+01
9.605213165283203125e+00,7.913339614868164062e+00,4.113511085510253906e+00,8.594696998596191406e+00,5.332635879516601562e+00,9.321786880493164062e+00,8.705916404724121094e+00,7.901456356048583984e+00,1.166552543640136719e+01,9.766842842102050781e+00,1.050601673126220703e+01,1.183875274658203125e+01
9.192213058471679688e+00,8.488752365112304688e+00,3.603735685348510742e+00,8.476648330688476562e+00,4.440374374389648438e+00,9.399361610412597656e+00,8.307257652282714844e+00,7.805073261260986328e+00,1.162864208221435547e+01,9.467191696166992188e+00,1.059325504302978516e+01,1.170009422302246094e+01
9.465296745300292969e+00,8.933983802795410156e+00,3.684043407440185547e+00,7.937325000762939453e+00,4.881114959716796875e+00,9.224246025085449219e+00,8.061338424682617188e+00,8.562432289123535156e+00,1.218533134460449219e+01,8.996820449829101562e+00,1.047582626342773438e+01,1.107123851776123047e+01
9.349523544311523438e+00,8.360340118408203125e+00,3.063292741775512695e+00,8.371495246887207031e+00,5.360544204711914062e+00,9.535203933715820312e+00,8.762657165527343750e+00,8.443223953247070312e+00,1.214893436431884766e+01,9.553763389587402344e+00,1.056726741790771484e+01,1.147167015075683594e+01
9.674997329711914062e+00,8.152503013610839844e+00,4.073675155639648438e+00,8.227600097656250000e+00,5.178105354309082031e+00,9.484395027160644531e+00,8.605346679687500000e+00,8.276565551757812500e+00,1.181639862060546875e+01,9.627783775329589844e+00,1.055010128021240234e+01,1.174012374877929688e+01
9.620759963989257812e+00,8.196069717407226562e+00,3.626615047454833984e+00,8.343839645385742188e+00,5.376600265502929688e+00,9.566779136657714844e+00,8.861806869506835938e+00,8.221944808959960938e+00,1.184872245788574219e+01,9.553977966308593750e+00,1.050896167755126953e+01,1.145233440399169922e+01
9.712714195251464844e+00,7.981474399566650391e+00,3.965384006500244141e+00,8.060523033142089844e+00,5.107424736022949219e+00,9.571182250976562500e+00,8.460589408874511719e+00,7.929061889648437500e+00,1.167652416229248047e+01,9.482771873474121094e+00,1.023585224151611328e+01,1.142933845520019531e+01
9.800312042236328125e+00,8.041029930114746094e+00,4.394586086273193359e+00,7.851154327392578125e+00,4.961719512939453125e+00,9.615809440612792969e+00,8.251790046691894531e+00,8.119373321533203125e+00,1.164188861846923828e+01,9.396534919738769531e+00,1.033572387695312500e+01,1.139056491851806641e+01
9.732123374938964844e+00,7.982545375823974609e+00,3.587231159210205078e+00,8.581874847412109375e+00,5.662418365478515625e+00,9.588496208190917969e+00,8.866883277893066406e+00,8.194029808044433594e+00,1.192822837829589844e+01,9.716297149658203125e+00,1.044043827056884766e+01,1.141603279113769531e+01
9.528529167175292969e+00,8.333632469177246094e+00,3.420747518539428711e+00,8.868555068969726562e+00,5.735399246215820312e+00,9.470496177673339844e+00,9.061965942382812500e+00,8.303706169128417969e+00,1.209426403045654297e+01,9.942866325378417969e+00,1.083567905426025391e+01,1.188101959228515625e+01
9.557670593261718750e+00,7.811041831970214844e+00,3.861637353897094727e+00,8.581218719482421875e+00,5.398531913757324219e+00,9.784514427185058594e+00,8.668857574462890625e+00,8.115903854370117188e+00,1.154366207122802734e+01,9.942513465881347656e+00,1.045415306091308594e+01,1.180498790740966797e+01
9.494889259338378906e+00,7.625072002410888672e+00,3.614634990692138672e+00,8.496800422668457031e+00,5.053536415100097656e+00,9.387729644775390625e+00,8.571871757507324219e+00,7.660648822784423828e+00,1.144515228271484375e+01,9.775411605834960938e+00,1.013864612579345703e+01,1.160124778747558594e+01
8.999350547790527344e+00,9.092686653137207031e+00,2.548107385635375977e+00,9.108201026916503906e+00,5.310583114624023438e+00,8.596899032592773438e+00,9.001066207885742188e+00,7.376945018768310547e+00,1.227063751220703125e+01,9.646036148071289062e+00,1.055273437500000000e+01,1.168675041198730469e+01
8.901743888854980469e+00,9.240398406982421875e+00,2.139190196990966797e+00,9.144542694091796875e+00,5.392187118530273438e+00,8.267752647399902344e+00,8.826365470886230469e+00,7.378867149353027344e+00,1.229485702514648438e+01,9.636590957641601562e+00,1.064816474914550781e+01,1.177042007446289062e+01
8.970148086547851562e+00,9.309131622314453125e+00,2.275848865509033203e+00,9.142143249511718750e+00,5.497053146362304688e+00,8.455810546875000000e+00,8.885897636413574219e+00,7.627650260925292969e+00,1.252161121368408203e+01,9.723875045776367188e+00,1.069190597534179688e+01,1.181009674072265625e+01
8.946495056152343750e+00,9.231138229370117188e+00,2.224022626876831055e+00,9.119483947753906250e+00,5.327992439270019531e+00,8.307694435119628906e+00,9.022792816162109375e+00,7.264286041259765625e+00,1.215450572967529297e+01,9.635330200195312500e+00,1.060658359527587891e+01,1.172526168823242188e+01
8.990693092346191406e+00,9.189330101013183594e+00,2.435112953186035156e+00,9.106018066406250000e+00,5.310285568237304688e+00,8.378978729248046875e+00,8.957685470581054688e+00,7.298810958862304688e+00,1.227298831939697266e+01,9.691017150878906250e+00,1.060461997985839844e+01,1.169756412506103516e+01
9.023369789123535156e+00,9.147779464721679688e+00,2.617478132247924805e+00,9.077698707580566406e+00,5.287556648254394531e+00,8.534750938415527344e+00,8.955122947692871094e+00,7.350881576538085938e+00,1.236365795135498047e+01,9.742512702941894531e+00,1.059214687347412109e+01,1.168214035034179688e+01
8.895970344543457031e+00,9.363006591796875000e+00,2.222052812576293945e+00,9.210994720458984375e+00,5.582479476928710938e+00,8.868517875671386719e+00,8.989679336547851562e+00,7.818706512451171875e+00,1.248077774047851562e+01,9.849236488342285156e+00,1.074939155578613281e+01,1.188256931304931641e+01
8.972831726074218750e+00,9.401824951171875000e+00,2.024418592453002930e+00,9.241660118103027344e+00,5.391591072082519531e+00,8.144164085388183594e+00,8.981917381286621094e+00,7.254404067993164062e+00,1.225269126892089844e+01,9.617108345031738281e+00,1.075570106506347656e+01,1.194730758666992188e+01
8.966687202453613281e+00,9.266766548156738281e+00,2.339821577072143555e+00,9.147513389587402344e+00,5.329551696777343750e+00,8.347064018249511719e+00,8.979802131652832031e+00,7.310855388641357422e+00,1.222568607330322266e+01,9.657605171203613281e+00,1.065850448608398438e+01,1.175652885437011719e+01
8.922858238220214844e+00,9.358034133911132812e+00,2.125161409378051758e+00,9.265383720397949219e+00,5.434632301330566406e+00,8.557978630065917969e+00,9.068474769592285156e+00,7.400640487670898438e+00,1.222201251983642578e+01,9.722059249877929688e+00,1.070602512359619141e+01,1.184835147857666016e+01
9.039615631103515625e+00,9.461714744567871094e+00,1.905412316322326660e+00,9.476943969726562500e+00,5.434256553649902344e+00,7.953243255615234375e+00,9.249374389648437500e+00,7.131618976593017578e+00,1.195658493041992188e+01,9.631093978881835938e+00,1.076523303985595703e+01,1.206230354309082031e+01
9.066848754882812500e+00,9.205829620361328125e+00,2.515098810195922852e+00,9.489821434020996094e+00,5.581068992614746094e+00,8.222458839416503906e+00,9.330048561096191406e+00,7.462597370147705078e+00,1.198558712005615234e+01,9.791701316833496094e+00,1.060387992858886719e+01,1.188694572448730469e+01
8.997182846069335938e+00,9.119218826293945312e+00,2.699767112731933594e+00,9.151953697204589844e+00,5.276805877685546875e+00,8.262630462646484375e+00,8.908468246459960938e+00,7.164764881134033203e+00,1.201276206970214844e+01,9.693932533264160156e+00,1.053223037719726562e+01,1.172464656829833984e+01
9.141263961791992188e+00,8.843562126159667969e+00,3.004481792449951172e+00,9.456016540527343750e+00,5.594793319702148438e+00,8.604572296142578125e+00,9.327648162841796875e+00,7.697109222412109375e+00,1.203720474243164062e+01,9.912497520446777344e+00,1.050944614410400391e+01,1.181619358062744141e+01
9.542928695678710938e+00,8.290930747985839844e+00,3.427231788635253906e+00,9.512789726257324219e+00,5.747693061828613281e+00,8.547275543212890625e+00,9.446635246276855469e+00,7.950491905212402344e+00,1.195524883270263672e+01,9.781009674072265625e+00,1.000958347320556641e+01,1.130202102661132812e+01
8.933172225952148438e+00,9.271903991699218750e+00,2.231063842773437500e+00,8.953792572021484375e+00,5.141260147094726562e+00,8.343936920166015625e+00,8.844606399536132812e+00,6.966958045959472656e+00,1.214059066772460938e+01,9.592155456542968750e+00,1.071444606781005859e+01,1.185742759704589844e+01
9.255456924438476562e+00,8.896395683288574219e+00,2.817557811737060547e+00,9.563219070434570312e+00,5.658240318298339844e+00,8.392544746398925781e+00,9.483523368835449219e+00,7.673890113830566406e+00,1.193244647979736328e+01,9.803101539611816406e+00,1.054366111755371094e+01,1.178156948089599609e+01
9.327479362487792969e+00,8.863323211669921875e+00,3.004311561584472656e+00,9.685321807861328125e+00,5.701183319091796875e+00,8.415664672851562500e+00,9.649012565612792969e+00,7.763440132141113281e+00,1.187297916412353516e+01,9.831865310668945312e+00,1.043049621582031250e+01,1.177010250091552734e+01
9.118763923645019531e+00,9.492080688476562500e+00,2.490819454193115234e+00,9.891763687133789062e+00,5.492779731750488281e+00,7.774606704711914062e+00,9.753666877746582031e+00,7.196962356567382812e+00,1.163717651367187500e+01,9.721178054809570312e+00,1.088395214080810547e+01,1.224339389801025391e+01
9.155605316162109375e+00,9.223889350891113281e+00,2.675092697143554688e+00,9.771313667297363281e+00,5.620365142822265625e+00,8.228646278381347656e+00,9.618800163269042969e+00,7.391975879669189453e+00,1.180212688446044922e+01,9.812961578369140625e+00,1.076963615417480469e+01,1.209104251861572266e+01
9.064855575561523438e+00,9.276371002197265625e+00,2.858039140701293945e+00,8.617946624755859375e+00,5.312968254089355469e+00,8.801040649414062500e+00,8.478231430053710938e+00,7.454312324523925781e+00,1.294730663299560547e+01,9.663922309875488281e+00,1.073969936370849609e+01,1.197935771942138672e+01
9.033201217651367188e+00,9.125351905822753906e+00,2.328863143920898438e+00,8.909255981445312500e+00,5.322079658508300781e+00,8.634310722351074219e+00,8.778388977050781250e+00,7.508403778076171875e+00,1.244676208496093750e+01,9.656271934509277344e+00,1.061580467224121094e+01,1.182340431213378906e+01
9.034358024597167969e+00,9.262964248657226562e+00,1.981936693191528320e+00,8.843383789062500000e+00,5.354168891906738281e+00,8.287942886352539062e+00,8.486140251159667969e+00,7.432936668395996094e+00,1.256541252136230469e+01,9.561450958251953125e+00,1.071478366851806641e+01,1.194695949554443359e+01
9.064553260803222656e+00,9.168933868408203125e+00,2.454166173934936523e+00,8.878848075866699219e+00,5.309036254882812500e+00,8.533646583557128906e+00,8.819560050964355469e+00,7.496483325958251953e+00,1.251113224029541016e+01,9.628596305847167969e+00,1.060538005828857422e+01,1.185171413421630859e+01
9.016592979431152344e+00,9.154787063598632812e+00,2.284825325012207031e+00,8.906707763671875000e+00,5.282193183898925781e+00,8.731147766113281250e+00,8.771233558654785156e+00,7.507956504821777344e+00,1.244405460357666016e+01,9.665210723876953125e+00,1.066261577606201172e+01,1.178599643707275391e+01
9.023860931396484375e+00,9.139394760131835938e+00,2.228116273880004883e+00,8.861884117126464844e+00,5.207438468933105469e+00,8.703525543212890625e+00,8.753914833068847656e+00,7.417558670043945312e+00,1.240209865570068359e+01,9.622153282165527344e+00,1.066904544830322266e+01,1.175064754486083984e+01
9.035601615905761719e+00,9.194363594055175781e+00,2.117288589477539062e+00,8.936654090881347656e+00,5.144899368286132812e+00,8.556134223937988281e+00,8.925204277038574219e+00,7.085101127624511719e+00,1.217019557952880859e+01,9.633059501647949219e+00,1.068607139587402344e+01,1.188030624389648438e+01
9.012220382690429688e+00,9.084859848022460938e+00,2.240116596221923828e+00,8.775796890258789062e+00,5.151418685913085938e+00,8.614006042480468750e+00,8.784886360168457031e+00,7.137699127197265625e+00,1.223822307586669922e+01,9.582382202148437500e+00,1.060027503967285156e+01,1.179597663879394531e+01
9.042187690734863281e+00,9.077635765075683594e+00,2.227025032043457031e+00,8.908118247985839844e+00,5.127332687377929688e+00,8.667699813842773438e+00,8.901613235473632812e+00,7.147954463958740234e+00,1.212017917633056641e+01,9.645676612854003906e+00,1.062458229064941406e+01,1.177294445037841797e+01
9.007310867309570312e+00,9.112363815307617188e+00,2.311897993087768555e+00,8.811405181884765625e+00,5.121291160583496094e+00,8.608573913574218750e+00,8.820364952087402344e+00,7.147963523864746094e+00,1.223586940765380859e+01,9.583061218261718750e+00,1.059309005737304688e+01,1.175387191772460938e+01
9.082151412963867188e+00,8.939974784851074219e+00,2.354534387588500977e+00,8.863024711608886719e+00,5.260352134704589844e+00,8.878875732421875000e+00,8.809467315673828125e+00,7.449155807495117188e+00,1.229555225372314453e+01,9.696424484252929688e+00,1.061006355285644531e+01,1.185534095764160156e+01
9.093608856201171875e+00,9.029679298400878906e+00,2.446141242980957031e+00,9.014430999755859375e+00,5.321508407592773438e+00,8.742629051208496094e+00,8.985827445983886719e+00,7.492640495300292969e+00,1.223915100097656250e+01,9.734121322631835938e+00,1.059984302520751953e+01,1.189542293548583984e+01
9.155964851379394531e+00,8.936829566955566406e+00,2.793215751647949219e+00,9.179046630859375000e+00,5.543309211730957031e+00,8.935092926025390625e+00,9.288605690002441406e+00,7.686900138854980469e+00,1.234347724914550781e+01,9.851390838623046875e+00,1.066091251373291016e+01,1.204429531097412109e+01
9.117215156555175781e+00,8.990612030029296875e+00,2.512456893920898438e+00,9.020236015319824219e+00,5.428620338439941406e+00,8.772656440734863281e+00,9.070948600769042969e+00,7.536844730377197266e+00,1.228568553924560547e+01,9.774446487426757812e+00,1.060322952270507812e+01,1.196432399749755859e+01
9.193066596984863281e+00,8.936145782470703125e+00,2.760392427444458008e+00,9.224499702453613281e+00,5.601012229919433594e+00,8.832283020019531250e+00,9.409602165222167969e+00,7.770531654357910156e+00,1.230833816528320312e+01,9.921776771545410156e+00,1.064369010925292969e+01,1.208076286315917969e+01
9.093214988708496094e+00,9.016339302062988281e+00,2.542359113693237305e+00,8.898190498352050781e+00,5.243379592895507812e+00,8.772634506225585938e+00,8.900235176086425781e+00,7.418668270111083984e+00,1.229120540618896484e+01,9.699430465698242188e+00,1.059077358245849609e+01,1.187803268432617188e+01
9.019145011901855469e+00,9.017304420471191406e+00,2.379454851150512695e+00,8.739048004150390625e+00,5.142493247985839844e+00,8.849030494689941406e+00,8.740444183349609375e+00,7.196591854095458984e+00,1.227633190155029297e+01,9.601788520812988281e+00,1.057937526702880859e+01,1.178701496124267578e+01
9.118037223815917969e+00,8.997945785522460938e+00,2.644152879714965820e+00,8.918848037719726562e+00,5.227451324462890625e+00,8.778727531433105469e+00,8.945200920104980469e+00,7.416577816009521484e+00,1.228818321228027344e+01,9.729988098144531250e+00,1.057811355590820312e+01,1.186172676086425781e+01
9.086009025573730469e+00,9.032109260559082031e+00,2.319817066192626953e+00,8.932289123535156250e+00,5.341444015502929688e+00,8.809395790100097656e+00,8.862884521484375000e+00,7.490828990936279297e+00,1.228952312469482422e+01,9.758557319641113281e+00,1.065110206604003906e+01,1.192209625244140625e+01
9.093168258666992188e+00,9.087629318237304688e+00,2.185984849929809570e+00,8.892070770263671875e+00,5.260713577270507812e+00,8.816547393798828125e+00,8.877164840698242188e+00,7.432016372680664062e+00,1.229624176025390625e+01,9.723393440246582031e+00,1.065671253204345703e+01,1.192662811279296875e+01
8.196995735168457031e+00,9.395433425903320312e+00,1.481108427047729492e+00,9.087083816528320312e+00,5.158374786376953125e+00,9.056825637817382812e+00,9.572157859802246094e+00,6.156236648559570312e+00,1.154654121398925781e+01,9.374902725219726562e+00,1.054523563385009766e+01,1.190794372558593750e+01
8.098634719848632812e+00,9.406459808349609375e+00,1.318318247795104980e+00,9.081681251525878906e+00,5.058096885681152344e+00,9.122085571289062500e+00,9.674358367919921875e+00,6.004954814910888672e+00,1.152480983734130859e+01,9.286384582519531250e+00,1.050290393829345703e+01,1.172023487091064453e+01
8.244624137878417969e+00,9.394531250000000000e+00,1.343577623367309570e+00,9.206648826599121094e+00,5.149591445922851562e+00,9.086553573608398438e+00,9.583320617675781250e+00,6.212113857269287109e+00,1.154689216613769531e+01,9.417581558227539062e+00,1.056437110900878906e+01,1.186884307861328125e+01
8.348288536071777344e+00,9.637402534484863281e+00,1.411689043045043945e+00,9.359436988830566406e+00,5.289160728454589844e+00,9.173168182373046875e+00,9.750327110290527344e+00,6.321084976196289062e+00,1.169304370880126953e+01,9.512132644653320312e+00,1.070203781127929688e+01,1.212169265747070312e+01
8.396368026733398438e+00,9.630981445312500000e+00,1.737626791000366211e+00,9.466761589050292969e+00,5.357896804809570312e+00,9.262460708618164062e+00,9.724095344543457031e+00,6.422945022583007812e+00,1.176249694824218750e+01,9.565433502197265625e+00,1.072354698181152344e+01,1.221349525451660156e+01
8.531219482421875000e+00,9.699368476867675781e+00,1.670109748840332031e+00,9.606294631958007812e+00,5.454200744628906250e+00,9.194593429565429688e+00,9.849871635437011719e+00,6.665727615356445312e+00,1.180724143981933594e+01,9.659095764160156250e+00,1.075270271301269531e+01,1.221309852600097656e+01
8.615315437316894531e+00,9.655405998229980469e+00,1.652477025985717773e+00,9.553186416625976562e+00,5.401639938354492188e+00,9.171044349670410156e+00,9.805977821350097656e+00,6.653686046600341797e+00,1.181016159057617188e+01,9.654877662658691406e+00,1.080335426330566406e+01,1.226499843597412109e+01
8.551965713500976562e+00,9.504267692565917969e+00,1.695399403572082520e+00,9.445298194885253906e+00,5.453459739685058594e+00,9.208537101745605469e+00,9.624159812927246094e+00,6.771499156951904297e+00,1.180154895782470703e+01,9.649153709411621094e+00,1.073571205139160156e+01,1.214830303192138672e+01
8.754289627075195312e+00,9.406498908996582031e+00,2.235810279846191406e+00,9.541840553283691406e+00,5.696928024291992188e+00,9.084791183471679688e+00,9.721626281738281250e+00,7.250358104705810547e+00,1.202484512329101562e+01,9.811033248901367188e+00,1.075104141235351562e+01,1.227750968933105469e+01
8.903714179992675781e+00,9.251013755798339844e+00,2.215760469436645508e+00,9.531775474548339844e+00,5.711913108825683594e+00,9.345664978027343750e+00,9.587736129760742188e+00,7.421088695526123047e+00,1.209428119659423828e+01,1.002643299102783203e+01,1.075050449371337891e+01,1.228968143463134766e+01
9.036068916320800781e+00,8.704146385192871094e+00,3.365756511688232422e+00,8.171233177185058594e+00,4.623021125793457031e+00,8.418777465820312500e+00,7.167397499084472656e+00,8.970273971557617188e+00,1.281321620941162109e+01,9.686161994934082031e+00,1.134196758270263672e+01,1.190886306762695312e+01
9.085302352905273438e+00,8.620192527770996094e+00,3.428926944732666016e+00,8.178657531738281250e+00,4.579636573791503906e+00,8.361067771911621094e+00,7.446586132049560547e+00,9.061750411987304688e+00,1.270147705078125000e+01,9.583028793334960938e+00,1.128449916839599609e+01,1.173084354400634766e+01
8.583497047424316406e+00,8.284858703613281250e+00,2.588649034500122070e+00,8.427026748657226562e+00,4.423214912414550781e+00,9.430871963500976562e+00,7.595641613006591797e+00,8.877114295959472656e+00,1.228841590881347656e+01,9.880858421325683594e+00,1.129655361175537109e+01,1.199336242675781250e+01
8.734956741333007812e+00,8.115673065185546875e+00,2.258430957794189453e+00,8.425128936767578125e+00,4.437850952148437500e+00,9.402276992797851562e+00,8.240536689758300781e+00,8.271659851074218750e+00,1.191799545288085938e+01,9.884153366088867188e+00,1.117452621459960938e+01,1.188045883178710938e+01
8.789908409118652344e+00,8.840849876403808594e+00,2.935132265090942383e+00,8.677884101867675781e+00,4.813276290893554688e+00,9.000765800476074219e+00,8.029231071472167969e+00,8.348151206970214844e+00,1.230353641510009766e+01,1.000234317779541016e+01,1.127323913574218750e+01,1.202452468872070312e+01
8.914948463439941406e+00,8.781003952026367188e+00,2.618865013122558594e+00,8.789563179016113281e+00,4.955697059631347656e+00,9.191724777221679688e+00,8.544009208679199219e+00,8.962388992309570312e+00,1.248074436187744141e+01,9.913887977600097656e+00,1.138507175445556641e+01,1.211357116699218750e+01
8.854271888732910156e+00,8.950474739074707031e+00,2.587503910064697266e+00,8.898323059082031250e+00,4.984071731567382812e+00,9.168686866760253906e+00,8.494886398315429688e+00,8.384428024291992188e+00,1.246899318695068359e+01,9.953207015991210938e+00,1.133577537536621094e+01,1.227157020568847656e+01
8.832709312438964844e+00,8.998337745666503906e+00,2.822245359420776367e+00,8.842488288879394531e+00,4.708988189697265625e+00,9.174632072448730469e+00,8.217376708984375000e+00,8.077596664428710938e+00,1.233943939208984375e+01,9.827273368835449219e+00,1.120847606658935547e+01,1.220229530334472656e+01
9.295567512512207031e+00,9.023655891418457031e+00,3.721261501312255859e+00,8.364189147949218750e+00,4.675129890441894531e+00,8.512287139892578125e+00,7.456944465637207031e+00,8.861932754516601562e+00,1.287257385253906250e+01,9.591238975524902344e+00,1.105515766143798828e+01,1.167531681060791016e+01
8.848771095275878906e+00,8.871563911437988281e+00,2.576417207717895508e+00,8.675481796264648438e+00,5.030653953552246094e+00,8.966371536254882812e+00,8.174870491027832031e+00,8.681347846984863281e+00,1.245448398590087891e+01,9.897332191467285156e+00,1.129800701141357422e+01,1.209036064147949219e+01
8.966353416442871094e+00,6.903107643127441406e+00,2.360607385635375977e+00,6.130161285400390625e+00,3.129405975341796875e+00,6.515996932983398438e+00,4.736959457397460938e+00,9.034080505371093750e+00,1.071189785003662109e+01,7.475319385528564453e+00,9.090415954589843750e+00,1.019465065002441406e+01
8.828786849975585938e+00,7.674202442169189453e+00,2.536487817764282227e+00,6.853059291839599609e+00,4.581607818603515625e+00,9.007139205932617188e+00,5.784633159637451172e+00,9.671828269958496094e+00,1.123507881164550781e+01,8.196071624755859375e+00,1.007558536529541016e+01,1.122451591491699219e+01
8.927678108215332031e+00,7.362009525299072266e+00,2.414878129959106445e+00,5.820002555847167969e+00,4.149274826049804688e+00,7.259505271911621094e+00,4.787370681762695312e+00,1.009076690673828125e+01,1.048932361602783203e+01,7.404752731323242188e+00,9.128742218017578125e+00,1.051935863494873047e+01
9.545329093933105469e+00,6.867227554321289062e+00,3.541833877563476562e+00,5.532955646514892578e+00,2.245973348617553711e+00,5.827911376953125000e+00,4.061343193054199219e+00,8.568499565124511719e+00,1.057041168212890625e+01,7.141138076782226562e+00,8.573285102844238281e+00,9.799142837524414062e+00
9.463363647460937500e+00,6.913902282714843750e+00,4.050656318664550781e+00,5.369616508483886719e+00,2.156475543975830078e+00,6.182991981506347656e+00,3.776798725128173828e+00,8.833310127258300781e+00,1.024594020843505859e+01,7.087478160858154297e+00,8.605361938476562500e+00,9.653702735900878906e+00
9.016701698303222656e+00,7.380434989929199219e+00,3.252321958541870117e+00,6.780909538269042969e+00,3.751662731170654297e+00,8.222460746765136719e+00,5.840689659118652344e+00,9.315822601318359375e+00,1.065785408020019531e+01,8.460040092468261719e+00,9.793541908264160156e+00,1.102510356903076172e+01
9.678144454956054688e+00,7.470374584197998047e+00,4.445327281951904297e+00,5.438045501708984375e+00,2.475803852081298828e+00,6.756870269775390625e+00,3.931948423385620117e+00,9.735068321228027344e+00,1.026469993591308594e+01,7.171530246734619141e+00,8.674999237060546875e+00,9.898240089416503906e+00
9.867527961730957031e+00,7.310732841491699219e+00,3.813523769378662109e+00,5.955080032348632812e+00,2.502708911895751953e+00,6.609018325805664062e+00,4.683882713317871094e+00,9.461401939392089844e+00,1.088702583312988281e+01,7.569961547851562500e+00,9.004822731018066406e+00,1.019637966156005859e+01
9.068669319152832031e+00,7.447630405426025391e+00,2.432800769805908203e+00,6.634225845336914062e+00,3.891513347625732422e+00,7.419000625610351562e+00,5.397290229797363281e+00,9.365425109863281250e+00,1.106482410430908203e+01,7.762681484222412109e+00,9.584914207458496094e+00,1.074668216705322266e+01
8.973963737487792969e+00,8.526169776916503906e+00,3.039072751998901367e+00,7.828142166137695312e+00,4.123187065124511719e+00,1.134151744842529297e+01,7.223509788513183594e+00,1.097480678558349609e+01,1.218058204650878906e+01,9.499400138854980469e+00,1.096613216400146484e+01,1.189992141723632812e+01
9.306331634521484375e+00,7.576756954193115234e+00,2.518281936645507812e+00,7.723110675811767578e+00,3.932101488113403320e+00,6.692351341247558594e+00,5.803516864776611328e+00,8.402685165405273438e+00,1.256098747253417969e+01,9.136233329772949219e+00,1.123089313507080078e+01,1.158553409576416016e+01
9.397698402404785156e+00,8.400413513183593750e+00,3.395978450775146484e+00,7.976399898529052734e+00,4.819868087768554688e+00,8.064815521240234375e+00,6.960868835449218750e+00,8.926626205444335938e+00,1.295431709289550781e+01,9.401405334472656250e+00,1.116231918334960938e+01,1.149926757812500000e+01
9.583268165588378906e+00,8.558456420898437500e+00,3.347215414047241211e+00,7.835328102111816406e+00,4.644906044006347656e+00,7.546125411987304688e+00,7.216234207153320312e+00,8.740493774414062500e+00,1.276450920104980469e+01,9.122594833374023438e+00,1.108417797088623047e+01,1.133875274658203125e+01
9.363569259643554688e+00,7.734442234039306641e+00,2.758119583129882812e+00,7.747552871704101562e+00,2.658917903900146484e+00,8.952914237976074219e+00,7.384460449218750000e+00,7.536476612091064453e+00,1.136486244201660156e+01,9.000411987304687500e+00,9.770863533020019531e+00,1.117762374877929688e+01
8.862510681152343750e+00,8.685855865478515625e+00,3.087263822555541992e+00,8.510089874267578125e+00,4.718021392822265625e+00,8.995269775390625000e+00,7.955517768859863281e+00,7.471663475036621094e+00,1.219924259185791016e+01,9.601857185363769531e+00,1.075188541412353516e+01,1.149879074096679688e+01
9.041630744934082031e+00,8.514499664306640625e+00,2.916224002838134766e+00,8.467426300048828125e+00,4.242589950561523438e+00,8.836910247802734375e+00,8.255249977111816406e+00,7.314094066619873047e+00,1.176863288879394531e+01,9.412833213806152344e+00,1.028344058990478516e+01,1.154539203643798828e+01
9.330167770385742188e+00,7.925937652587890625e+00,2.911994934082031250e+00,8.097504615783691406e+00,2.956927776336669922e+00,8.642443656921386719e+00,7.998960971832275391e+00,7.279243469238281250e+00,1.145426845550537109e+01,9.021123886108398438e+00,9.764101028442382812e+00,1.128607654571533203e+01
8.998567581176757812e+00,8.728642463684082031e+00,2.909971714019775391e+00,8.379023551940917969e+00,4.783321380615234375e+00,8.456494331359863281e+00,7.777312278747558594e+00,8.113555908203125000e+00,1.240477275848388672e+01,9.547895431518554688e+00,1.107673835754394531e+01,1.176106548309326172e+01
8.998002052307128906e+00,8.874242782592773438e+00,3.072886943817138672e+00,8.617626190185546875e+00,4.738917350769042969e+00,9.151266098022460938e+00,8.184867858886718750e+00,7.796140193939208984e+00,1.227712535858154297e+01,9.688492774963378906e+00,1.083863353729248047e+01,1.177248287200927734e+01
9.150474548339843750e+00,7.919354915618896484e+00,2.944320201873779297e+00,7.978149414062500000e+00,3.830130338668823242e+00,8.881001472473144531e+00,7.487302780151367188e+00,6.992851734161376953e+00,1.147003936767578125e+01,9.039545059204101562e+00,9.749382972717285156e+00,1.091577053070068359e+01
9.545667648315429688e+00,8.144989967346191406e+00,3.184993982315063477e+00,8.915581703186035156e+00,5.433345794677734375e+00,9.149032592773437500e+00,9.432101249694824219e+00,7.641559123992919922e+00,1.176425170898437500e+01,9.311104774475097656e+00,9.821474075317382812e+00,1.117037105560302734e+01
9.798572540283203125e+00,7.380628108978271484e+00,3.378003120422363281e+00,8.389912605285644531e+00,5.355491638183593750e+00,9.044960021972656250e+00,8.702455520629882812e+00,7.358624935150146484e+00,1.185141277313232422e+01,8.992604255676269531e+00,9.503386497497558594e+00,1.046768379211425781e+01
9.791656494140625000e+00,7.662139415740966797e+00,3.316131591796875000e+00,8.350728034973144531e+00,5.256848335266113281e+00,8.967149734497070312e+00,8.658731460571289062e+00,7.167914867401123047e+00,1.196563911437988281e+01,8.849715232849121094e+00,9.588719367980957031e+00,1.043381404876708984e+01
9.800383567810058594e+00,7.475080013275146484e+00,3.449847459793090820e+00,8.412186622619628906e+00,5.275427818298339844e+00,9.043552398681640625e+00,8.757736206054687500e+00,7.338105201721191406e+00,1.185289764404296875e+01,8.983308792114257812e+00,9.479106903076171875e+00,1.042171096801757812e+01
9.661776542663574219e+00,7.854490280151367188e+00,3.230705261230468750e+00,8.580407142639160156e+00,5.245728492736816406e+00,9.100747108459472656e+00,8.974514007568359375e+00,7.196647644042968750e+00,1.185137844085693359e+01,8.974001884460449219e+00,9.669444084167480469e+00,1.070595073699951172e+01
9.643580436706542969e+00,8.194989204406738281e+00,3.378106355667114258e+00,8.837264060974121094e+00,5.555253982543945312e+00,9.228935241699218750e+00,9.364881515502929688e+00,7.787506580352783203e+00,1.193193435668945312e+01,9.134632110595703125e+00,9.775520324707031250e+00,1.099776363372802734e+01
9.766972541809082031e+00,8.197878837585449219e+00,3.457253456115722656e+00,8.447359085083007812e+00,5.428613662719726562e+00,9.274203300476074219e+00,8.995450019836425781e+00,7.867118358612060547e+00,1.194645977020263672e+01,9.092402458190917969e+00,9.917830467224121094e+00,1.117829799652099609e+01
9.837865829467773438e+00,7.583107948303222656e+00,3.392444610595703125e+00,8.384549140930175781e+00,5.385884284973144531e+00,9.123723983764648438e+00,8.714629173278808594e+00,7.500641822814941406e+00,1.213650035858154297e+01,8.936701774597167969e+00,9.445399284362792969e+00,1.016090774536132812e+01
9.630263328552246094e+00,8.230797767639160156e+00,3.334221839904785156e+00,8.816495895385742188e+00,5.538784027099609375e+00,9.212329864501953125e+00,9.352469444274902344e+00,7.824079990386962891e+00,1.191289710998535156e+01,9.285719871520996094e+00,9.989349365234375000e+00,1.138143444061279297e+01
9.822555541992187500e+00,7.688199043273925781e+00,3.506095647811889648e+00,8.563923835754394531e+00,5.448037147521972656e+00,9.074955940246582031e+00,9.048945426940917969e+00,7.791287422180175781e+00,1.189560794830322266e+01,9.048933029174804688e+00,9.484672546386718750e+00,1.051102161407470703e+01
9.859707832336425781e+00,7.841727256774902344e+00,3.680498600006103516e+00,7.616875171661376953e+00,4.484881401062011719e+00,9.269541740417480469e+00,7.889802455902099609e+00,7.777580738067626953e+00,1.181062602996826172e+01,8.532755851745605469e+00,9.220307350158691406e+00,1.009163475036621094e+01
9.843861579895019531e+00,7.819337844848632812e+00,3.574144363403320312e+00,7.401660442352294922e+00,4.041345596313476562e+00,9.113681793212890625e+00,7.566732883453369141e+00,7.439785480499267578e+00,1.165419864654541016e+01,8.373120307922363281e+00,9.266013145446777344e+00,1.015192317962646484e+01
9.921340942382812500e+00,7.903407573699951172e+00,3.784891366958618164e+00,7.465083599090576172e+00,4.266521930694580078e+00,9.106255531311035156e+00,7.686151981353759766e+00,7.741188526153564453e+00,1.179634094238281250e+01,8.397817611694335938e+00,9.115087509155273438e+00,9.976964950561523438e+00
9.707249641418457031e+00,7.854803085327148438e+00,3.445877552032470703e+00,8.044796943664550781e+00,4.837607383728027344e+00,9.385551452636718750e+00,8.416283607482910156e+00,7.586092472076416016e+00,1.179589843750000000e+01,8.837498664855957031e+00,9.788636207580566406e+00,1.087092685699462891e+01
9.783247947692871094e+00,7.500200271606445312e+00,3.606607675552368164e+00,8.065916061401367188e+00,5.005256652832031250e+00,9.264889717102050781e+00,8.213963508605957031e+00,7.428252220153808594e+00,1.188403797149658203e+01,8.786634445190429688e+00,9.413255691528320312e+00,1.033577442169189453e+01
9.802552223205566406e+00,7.655791282653808594e+00,3.686562776565551758e+00,7.723134994506835938e+00,4.372993469238281250e+00,9.193446159362792969e+00,7.864858627319335938e+00,7.188585281372070312e+00,1.164200782775878906e+01,8.640106201171875000e+00,9.444002151489257812e+00,1.041301059722900391e+01
9.798655509948730469e+00,7.286378383636474609e+00,3.692693948745727539e+00,7.654284000396728516e+00,4.356176376342773438e+00,9.241693496704101562e+00,7.667983531951904297e+00,7.052619934082031250e+00,1.150727558135986328e+01,8.720334053039550781e+00,9.365970611572265625e+00,1.039850902557373047e+01
9.672943115234375000e+00,7.511658191680908203e+00,3.540055274963378906e+00,8.250616073608398438e+00,4.967756271362304688e+00,9.450565338134765625e+00,8.524158477783203125e+00,7.736053466796875000e+00,1.165781497955322266e+01,9.202208518981933594e+00,9.685704231262207031e+00,1.101581192016601562e+01
9.724396705627441406e+00,7.755637168884277344e+00,3.654181718826293945e+00,7.522756576538085938e+00,4.259361743927001953e+00,9.231881141662597656e+00,7.528882503509521484e+00,7.612879276275634766e+00,1.163612556457519531e+01,8.607662200927734375e+00,9.133574485778808594e+00,1.019071483612060547e+01
9.572912216186523438e+00,7.267135143280029297e+00,3.615507364273071289e+00,7.598688602447509766e+00,4.059103012084960938e+00,9.317285537719726562e+00,7.697835922241210938e+00,7.092720985412597656e+00,1.116443347930908203e+01,8.817369461059570312e+00,9.293201446533203125e+00,1.053656482696533203e+01
9.611524581909179688e+00,7.346360683441162109e+00,3.309719085693359375e+00,8.363432884216308594e+00,4.933840751647949219e+00,8.724846839904785156e+00,8.476323127746582031e+00,6.951921463012695312e+00,1.175549507141113281e+01,9.142764091491699219e+00,9.597399711608886719e+00,1.060552024841308594e+01
9.726819992065429688e+00,7.258545875549316406e+00,3.364475250244140625e+00,8.087930679321289062e+00,4.874921798706054688e+00,8.885734558105468750e+00,8.086409568786621094e+00,6.958395957946777344e+00,1.165854930877685547e+01,9.001627922058105469e+00,9.362981796264648438e+00,1.027982997894287109e+01
9.828197479248046875e+00,7.254563808441162109e+00,3.607620239257812500e+00,8.435298919677734375e+00,5.352296829223632812e+00,9.103573799133300781e+00,8.575356483459472656e+00,7.502309322357177734e+00,1.174524879455566406e+01,9.233969688415527344e+00,9.354875564575195312e+00,1.039066219329833984e+01
9.685254096984863281e+00,7.089808940887451172e+00,3.431664943695068359e+00,8.158365249633789062e+00,4.706422805786132812e+00,8.799532890319824219e+00,8.247895240783691406e+00,7.017165184020996094e+00,1.168815803527832031e+01,9.053240776062011719e+00,9.377671241760253906e+00,1.039914894104003906e+01
9.689912796020507812e+00,7.311248779296875000e+00,3.430119991302490234e+00,8.125309944152832031e+00,4.779557228088378906e+00,8.784249305725097656e+00,7.946703910827636719e+00,7.041069507598876953e+00,1.162647533416748047e+01,9.009302139282226562e+00,9.224952697753906250e+00,1.026276397705078125e+01
9.879111289978027344e+00,7.091468811035156250e+00,3.621601343154907227e+00,8.389290809631347656e+00,5.180912971496582031e+00,9.114124298095703125e+00,8.532030105590820312e+00,7.335709571838378906e+00,1.170489978790283203e+01,9.176393508911132812e+00,9.356631278991699219e+00,1.037438201904296875e+01
9.848036766052246094e+00,7.288751602172851562e+00,3.539902687072753906e+00,8.503494262695312500e+00,5.086775779724121094e+00,9.031436920166015625e+00,8.499135017395019531e+00,7.598991394042968750e+00,1.187065982818603516e+01,9.317752838134765625e+00,9.344791412353515625e+00,1.038120365142822266e+01
9.885055541992187500e+00,7.186903953552246094e+00,3.471484661102294922e+00,8.478384017944335938e+00,5.233871459960937500e+00,9.089662551879882812e+00,8.578927993774414062e+00,7.466422080993652344e+00,1.187144565582275391e+01,9.268422126770019531e+00,9.424921989440917969e+00,1.041124629974365234e+01
9.680467605590820312e+00,7.423083782196044922e+00,3.328246116638183594e+00,8.554813385009765625e+00,4.600403785705566406e+00,8.937572479248046875e+00,8.606935501098632812e+00,7.725062847137451172e+00,1.170753669738769531e+01,9.320507049560546875e+00,9.451880455017089844e+00,1.066484165191650391e+01
9.857135772705078125e+00,7.767233848571777344e+00,3.455795526504516602e+00,8.717481613159179688e+00,5.234809875488281250e+00,9.119503974914550781e+00,9.061822891235351562e+00,8.069566726684570312e+00,1.198467254638671875e+01,9.303331375122070312e+00,9.615236282348632812e+00,1.055103111267089844e+01
9.510217666625976562e+00,7.620291709899902344e+00,3.278102159500122070e+00,8.338606834411621094e+00,4.948547363281250000e+00,9.127908706665039062e+00,8.721992492675781250e+00,6.880537033081054688e+00,1.157342338562011719e+01,9.055032730102539062e+00,9.764882087707519531e+00,1.091378688812255859e+01
9.642379760742187500e+00,7.597223758697509766e+00,3.447411298751831055e+00,8.301691055297851562e+00,5.204040527343750000e+00,9.411593437194824219e+00,8.579046249389648438e+00,7.423235893249511719e+00,1.160588169097900391e+01,9.177237510681152344e+00,9.859922409057617188e+00,1.105080604553222656e+01
9.708281517028808594e+00,7.508062839508056641e+00,3.472997903823852539e+00,8.318242073059082031e+00,5.052889823913574219e+00,9.185470581054687500e+00,8.600932121276855469e+00,7.303089618682861328e+00,1.175082015991210938e+01,9.098596572875976562e+00,9.549859046936035156e+00,1.061727428436279297e+01
9.649768829345703125e+00,7.873609066009521484e+00,3.379127025604248047e+00,8.901826858520507812e+00,5.520243644714355469e+00,9.300520896911621094e+00,9.270963668823242188e+00,7.810454845428466797e+00,1.185192298889160156e+01,9.376785278320312500e+00,9.859672546386718750e+00,1.112517356872558594e+01
9.143469810485839844e+00,8.067614555358886719e+00,3.022898674011230469e+00,8.230749130249023438e+00,4.467187881469726562e+00,8.800564765930175781e+00,8.612768173217773438e+00,6.708475112915039062e+00,1.144946670532226562e+01,8.926857948303222656e+00,1.004672241210937500e+01,1.133111381530761719e+01
9.596035957336425781e+00,7.486342906951904297e+00,3.442369222640991211e+00,8.868481636047363281e+00,5.353139877319335938e+00,9.320459365844726562e+00,8.938042640686035156e+00,7.630375385284423828e+00,1.163487339019775391e+01,9.693545341491699219e+00,9.964873313903808594e+00,1.140237331390380859e+01
9.613652229309082031e+00,7.512268543243408203e+00,3.409476757049560547e+00,8.653881072998046875e+00,4.979918479919433594e+00,9.184678077697753906e+00,8.958081245422363281e+00,7.450203895568847656e+00,1.161292362213134766e+01,9.374608993530273438e+00,9.666626930236816406e+00,1.099491119384765625e+01
9.270626068115234375e+00,8.151312828063964844e+00,3.054890155792236328e+00,7.859958648681640625e+00,3.693941116333007812e+00,8.696623802185058594e+00,7.719379901885986328e+00,6.874542236328125000e+00,1.145935440063476562e+01,8.723229408264160156e+00,9.515785217285156250e+00,1.077518272399902344e+01
9.504842758178710938e+00,7.927500247955322266e+00,3.211200714111328125e+00,8.668609619140625000e+00,4.697194099426269531e+00,9.092416763305664062e+00,8.957868576049804688e+00,7.547480583190917969e+00,1.166771697998046875e+01,9.388738632202148438e+00,9.816858291625976562e+00,1.114522552490234375e+01
9.516077041625976562e+00,7.488306045532226562e+00,3.356192827224731445e+00,8.880424499511718750e+00,5.271821022033691406e+00,9.269301414489746094e+00,8.900490760803222656e+00,7.546965599060058594e+00,1.157940673828125000e+01,9.743994712829589844e+00,1.002587795257568359e+01,1.146417713165283203e+01
9.406693458557128906e+00,8.083373069763183594e+00,3.091304779052734375e+00,7.879786491394042969e+00,2.938800334930419922e+00,8.743507385253906250e+00,7.533973693847656250e+00,7.598097801208496094e+00,1.154386425018310547e+01,8.795697212219238281e+00,9.652504920959472656e+00,1.112413501739501953e+01
9.175059318542480469e+00,8.631603240966796875e+00,3.167640686035156250e+00,8.339207649230957031e+00,3.251604080200195312e+00,8.893996238708496094e+00,7.997579574584960938e+00,7.185335159301757812e+00,1.161947059631347656e+01,8.953516960144042969e+00,9.863138198852539062e+00,1.144458389282226562e+01
9.209239006042480469e+00,9.201465606689453125e+00,3.632787704467773438e+00,8.400951385498046875e+00,3.853790760040283203e+00,7.311347007751464844e+00,7.154679775238037109e+00,7.873135566711425781e+00,1.207344341278076172e+01,8.970327377319335938e+00,1.034137916564941406e+01,1.129987621307373047e+01
9.262186050415039062e+00,8.222645759582519531e+00,3.068515062332153320e+00,8.245137214660644531e+00,3.178828716278076172e+00,8.869117736816406250e+00,7.636882781982421875e+00,7.453415870666503906e+00,1.158048439025878906e+01,9.083177566528320312e+00,9.916959762573242188e+00,1.133759593963623047e+01
9.373734474182128906e+00,8.009862899780273438e+00,2.857055664062500000e+00,7.462785243988037109e+00,2.156342029571533203e+00,8.303006172180175781e+00,7.082443714141845703e+00,7.287125587463378906e+00,1.127107048034667969e+01,8.522030830383300781e+00,9.629341125488281250e+00,1.094738483428955078e+01
9.284149169921875000e+00,8.127159118652343750e+00,2.951247215270996094e+00,7.931128501892089844e+00,2.816591501235961914e+00,8.676014900207519531e+00,7.555761814117431641e+00,7.200372219085693359e+00,1.136334705352783203e+01,8.832300186157226562e+00,9.651708602905273438e+00,1.114891719818115234e+01
9.314258575439453125e+00,8.004500389099121094e+00,2.585411548614501953e+00,7.660766124725341797e+00,2.401225566864013672e+00,8.293874740600585938e+00,7.241997718811035156e+00,7.423209190368652344e+00,1.130851459503173828e+01,8.736726760864257812e+00,9.476306915283203125e+00,1.092642593383789062e+01
9.169624328613281250e+00,8.799316406250000000e+00,3.088278532028198242e+00,8.536220550537109375e+00,3.548163414001464844e+00,8.850338935852050781e+00,8.266440391540527344e+00,7.141427040100097656e+00,1.166510772705078125e+01,9.085702896118164062e+00,1.008397960662841797e+01,1.167878532409667969e+01
9.304568290710449219e+00,8.086736679077148438e+00,2.902270793914794922e+00,7.827278137207031250e+00,2.694483041763305664e+00,8.434776306152343750e+00,7.390510082244873047e+00,7.103871345520019531e+00,1.134959125518798828e+01,8.688156127929687500e+00,9.590065002441406250e+00,1.105069923400878906e+01
9.227730751037597656e+00,8.310278892517089844e+00,2.752711296081542969e+00,8.029172897338867188e+00,2.716877222061157227e+00,8.329569816589355469e+00,7.501313209533691406e+00,7.066112995147705078e+00,1.148078441619873047e+01,8.716316223144531250e+00,9.743351936340332031e+00,1.120036411285400391e+01
9.269427299499511719e+00,9.300475120544433594e+00,3.223334789276123047e+00,8.479567527770996094e+00,4.860666275024414062e+00,8.075323104858398438e+00,8.367741584777832031e+00,8.701102256774902344e+00,1.249829959869384766e+01,9.649117469787597656e+00,1.112232303619384766e+01,1.184371852874755859e+01
9.316311836242675781e+00,8.922709465026855469e+00,2.860723018646240234e+00,8.198722839355468750e+00,4.601123809814453125e+00,8.035755157470703125e+00,7.944809436798095703e+00,8.898194313049316406e+00,1.256491851806640625e+01,9.538944244384765625e+00,1.122898006439208984e+01,1.192486190795898438e+01
9.515319824218750000e+00,9.126222610473632812e+00,3.988304138183593750e+00,8.075943946838378906e+00,4.686726570129394531e+00,7.794550895690917969e+00,7.605138778686523438e+00,8.965733528137207031e+00,1.281226825714111328e+01,9.398432731628417969e+00,1.096319389343261719e+01,1.140321826934814453e+01
9.573762893676757812e+00,8.867893218994140625e+00,3.693328857421875000e+00,8.290951728820800781e+00,4.774322509765625000e+00,8.291693687438964844e+00,8.284491539001464844e+00,9.364973068237304688e+00,1.273652648925781250e+01,9.535085678100585938e+00,1.106608772277832031e+01,1.148216342926025391e+01
9.247000694274902344e+00,9.304953575134277344e+00,3.815387964248657227e+00,8.137494087219238281e+00,4.644459724426269531e+00,7.749408721923828125e+00,7.619039058685302734e+00,8.466856956481933594e+00,1.248361110687255859e+01,9.317100524902343750e+00,1.077653884887695312e+01,1.128352832794189453e+01
9.341644287109375000e+00,9.134821891784667969e+00,3.466085672378540039e+00,8.355962753295898438e+00,4.738307952880859375e+00,8.258170127868652344e+00,8.264352798461914062e+00,9.019685745239257812e+00,1.249058628082275391e+01,9.521176338195800781e+00,1.096897983551025391e+01,1.152425384521484375e+01
8.998521804809570312e+00,8.775835990905761719e+00,2.488511085510253906e+00,8.433416366577148438e+00,4.807698249816894531e+00,8.775617599487304688e+00,8.030200958251953125e+00,9.034134864807128906e+00,1.235290813446044922e+01,9.744191169738769531e+00,1.136225986480712891e+01,1.201923179626464844e+01
8.832286834716796875e+00,8.742441177368164062e+00,2.457317590713500977e+00,8.081755638122558594e+00,4.250261306762695312e+00,7.701037406921386719e+00,7.156153678894042969e+00,8.113900184631347656e+00,1.215863132476806641e+01,9.456256866455078125e+00,1.118930912017822266e+01,1.193747615814208984e+01
9.095488548278808594e+00,8.941275596618652344e+00,2.434317111968994141e+00,8.491960525512695312e+00,4.760687828063964844e+00,8.661587715148925781e+00,8.477297782897949219e+00,8.964098930358886719e+00,1.226898670196533203e+01,9.740089416503906250e+00,1.122546863555908203e+01,1.189086055755615234e+01
9.097551345825195312e+00,8.736940383911132812e+00,2.392067193984985352e+00,8.290772438049316406e+00,4.707216262817382812e+00,8.321784019470214844e+00,8.059070587158203125e+00,8.791060447692871094e+00,1.227353954315185547e+01,9.566518783569335938e+00,1.120133495330810547e+01,1.188835144042968750e+01
9.397392272949218750e+00,8.261723518371582031e+00,2.827359676361083984e+00,8.050193786621093750e+00,3.024484395980834961e+00,8.660836219787597656e+00,7.642074108123779297e+00,7.716434955596923828e+00,1.150334644317626953e+01,8.962894439697265625e+00,1.007922554016113281e+01,1.125329589843750000e+01
9.351014137268066406e+00,8.187172889709472656e+00,2.891337871551513672e+00,8.128993034362792969e+00,2.984128952026367188e+00,8.566634178161621094e+00,7.735555648803710938e+00,7.531403541564941406e+00,1.150314044952392578e+01,8.938591003417968750e+00,1.012250137329101562e+01,1.137985801696777344e+01
9.121229171752929688e+00,8.516938209533691406e+00,2.635523319244384766e+00,8.391174316406250000e+00,3.482838869094848633e+00,8.812598228454589844e+00,8.102702140808105469e+00,7.279757022857666016e+00,1.149066829681396484e+01,9.220543861389160156e+00,1.038592529296875000e+01,1.164197349548339844e+01
9.514021873474121094e+00,7.878278255462646484e+00,2.936335086822509766e+00,7.513855457305908203e+00,2.620903253555297852e+00,8.755420684814453125e+00,7.229476451873779297e+00,7.467773437500000000e+00,1.138501167297363281e+01,8.841206550598144531e+00,9.887265205383300781e+00,1.110208034515380859e+01
9.775086402893066406e+00,8.280787467956542969e+00,3.602135658264160156e+00,7.568248271942138672e+00,2.727811336517333984e+00,8.687376976013183594e+00,7.256102085113525391e+00,7.843852043151855469e+00,1.142864322662353516e+01,8.572914123535156250e+00,9.931865692138671875e+00,1.082509040832519531e+01
9.164276123046875000e+00,8.577424049377441406e+00,2.831444501876831055e+00,8.493573188781738281e+00,3.598900079727172852e+00,8.759559631347656250e+00,8.278160095214843750e+00,7.325869560241699219e+00,1.152976131439208984e+01,9.189145088195800781e+00,1.041642570495605469e+01,1.168759441375732422e+01
8.988026618957519531e+00,9.422107696533203125e+00,3.186842441558837891e+00,9.263995170593261719e+00,4.609863281250000000e+00,8.974229812622070312e+00,8.928962707519531250e+00,7.057673931121826172e+00,1.200746440887451172e+01,9.526799201965332031e+00,1.086447525024414062e+01,1.236570167541503906e+01
9.503314018249511719e+00,8.081242561340332031e+00,2.791527748107910156e+00,7.691245079040527344e+00,2.512397050857543945e+00,8.462166786193847656e+00,7.239740848541259766e+00,7.497815132141113281e+00,1.133458423614501953e+01,8.723519325256347656e+00,9.849983215332031250e+00,1.107225322723388672e+01
9.275142669677734375e+00,8.370386123657226562e+00,2.891038179397583008e+00,8.271233558654785156e+00,2.991650342941284180e+00,8.714188575744628906e+00,7.879085063934326172e+00,7.300869464874267578e+00,1.154796600341796875e+01,9.002169609069824219e+00,1.002086257934570312e+01,1.142706680297851562e+01
9.419611930847167969e+00,8.213547706604003906e+00,2.994910478591918945e+00,8.185488700866699219e+00,2.828684568405151367e+00,8.635588645935058594e+00,7.711054801940917969e+00,7.501414775848388672e+00,1.155834579467773438e+01,8.973208427429199219e+00,9.921098709106445312e+00,1.130488872528076172e+01
9.526466369628906250e+00,8.342111587524414062e+00,3.674616336822509766e+00,6.627343177795410156e+00,2.775844335556030273e+00,7.735140800476074219e+00,5.876368522644042969e+00,7.830727577209472656e+00,1.170878505706787109e+01,8.031258583068847656e+00,9.311699867248535156e+00,1.012952423095703125e+01
9.507677078247070312e+00,8.806469917297363281e+00,3.045275449752807617e+00,8.036715507507324219e+00,3.656863212585449219e+00,7.927262306213378906e+00,6.892277717590332031e+00,7.813800811767578125e+00,1.245379543304443359e+01,8.987402915954589844e+00,1.034337520599365234e+01,1.118740272521972656e+01
9.365980148315429688e+00,7.798456192016601562e+00,3.085760831832885742e+00,7.190373897552490234e+00,2.366643667221069336e+00,6.361502647399902344e+00,5.200251102447509766e+00,7.494654655456542969e+00,1.169547462463378906e+01,8.535816192626953125e+00,9.646845817565917969e+00,1.042889118194580078e+01
9.284334182739257812e+00,8.673164367675781250e+00,3.128959417343139648e+00,8.071321487426757812e+00,3.809230804443359375e+00,8.423861503601074219e+00,6.947316169738769531e+00,7.881440162658691406e+00,1.216854000091552734e+01,9.230207443237304688e+00,1.041873264312744141e+01,1.135946273803710938e+01
9.304311752319335938e+00,7.994393348693847656e+00,2.916913032531738281e+00,7.302983760833740234e+00,2.239296436309814453e+00,7.022863388061523438e+00,5.894385337829589844e+00,7.098885536193847656e+00,1.159099483489990234e+01,8.605856895446777344e+00,9.679844856262207031e+00,1.069272899627685547e+01
9.348411560058593750e+00,7.951312541961669922e+00,2.985184431076049805e+00,7.397372722625732422e+00,2.273639678955078125e+00,6.160282135009765625e+00,5.535034179687500000e+00,7.171638965606689453e+00,1.166364002227783203e+01,8.614967346191406250e+00,9.681913375854492188e+00,1.065559959411621094e+01
9.306693077087402344e+00,8.322841644287109375e+00,2.854617357254028320e+00,7.327501296997070312e+00,2.604123830795288086e+00,7.020979881286621094e+00,5.966213226318359375e+00,7.458166122436523438e+00,1.183756160736083984e+01,8.547973632812500000e+00,9.846883773803710938e+00,1.073036384582519531e+01
9.106307983398437500e+00,8.120698928833007812e+00,2.789456605911254883e+00,7.554872512817382812e+00,2.892033576965332031e+00,8.189224243164062500e+00,6.577675342559814453e+00,7.307874679565429688e+00,1.142703056335449219e+01,8.901268959045410156e+00,9.894041061401367188e+00,1.097438430786132812e+01
9.259969711303710938e+00,8.312721252441406250e+00,2.903280019760131836e+00,7.561295032501220703e+00,2.989603996276855469e+00,7.361290931701660156e+00,6.286987304687500000e+00,7.432100772857666016e+00,1.184625244140625000e+01,8.814435958862304688e+00,9.931894302368164062e+00,1.093845748901367188e+01
9.318960189819335938e+00,8.266762733459472656e+00,2.687789916992187500e+00,7.550836086273193359e+00,2.407022953033447266e+00,6.524834632873535156e+00,5.703946113586425781e+00,7.250611305236816406e+00,1.201249790191650391e+01,8.635946273803710938e+00,9.888548851013183594e+00,1.080575752258300781e+01
9.361929893493652344e+00,7.703035354614257812e+00,2.879645586013793945e+00,7.805779457092285156e+00,2.681826114654541016e+00,8.370173454284667969e+00,7.413316726684570312e+00,7.823995590209960938e+00,1.163053989410400391e+01,8.864036560058593750e+00,9.901758193969726562e+00,1.116063117980957031e+01
9.500944137573242188e+00,7.570684909820556641e+00,2.777909517288208008e+00,7.738703727722167969e+00,2.555151462554931641e+00,8.379574775695800781e+00,7.369987487792968750e+00,7.861394405364990234e+00,1.158590984344482422e+01,8.794843673706054688e+00,9.786558151245117188e+00,1.102547550201416016e+01
9.353855133056640625e+00,7.807390213012695312e+00,2.825274467468261719e+00,8.041542053222656250e+00,2.966984033584594727e+00,8.400535583496093750e+00,7.557888984680175781e+00,7.914579391479492188e+00,1.172102165222167969e+01,8.930366516113281250e+00,1.011761760711669922e+01,1.124854946136474609e+01
9.432998657226562500e+00,7.672729015350341797e+00,2.848387718200683594e+00,7.873530387878417969e+00,2.716176271438598633e+00,8.495166778564453125e+00,7.532437324523925781e+00,7.663079261779785156e+00,1.155162715911865234e+01,8.944400787353515625e+00,1.001432991027832031e+01,1.126526832580566406e+01
9.503456115722656250e+00,7.434315204620361328e+00,2.777274847030639648e+00,7.802158355712890625e+00,2.464294433593750000e+00,8.233173370361328125e+00,7.347031116485595703e+00,7.558786392211914062e+00,1.137313365936279297e+01,8.867022514343261719e+00,9.741717338562011719e+00,1.101800155639648438e+01
9.376730918884277344e+00,7.817830562591552734e+00,2.995437860488891602e+00,8.123154640197753906e+00,3.232412099838256836e+00,8.578034400939941406e+00,7.828927040100097656e+00,7.470037460327148438e+00,1.167755889892578125e+01,9.062394142150878906e+00,9.933287620544433594e+00,1.129021453857421875e+01
9.454162597656250000e+00,7.545487403869628906e+00,2.843193292617797852e+00,7.812555313110351562e+00,2.499297618865966797e+00,8.250818252563476562e+00,7.320377349853515625e+00,7.570816993713378906e+00,1.141362571716308594e+01,8.834134101867675781e+00,9.752001762390136719e+00,1.102466297149658203e+01
9.482652664184570312e+00,7.591203689575195312e+00,2.755865335464477539e+00,7.821167469024658203e+00,2.460654258728027344e+00,8.350847244262695312e+00,7.339041709899902344e+00,7.534465789794921875e+00,1.140038871765136719e+01,8.859604835510253906e+00,9.722080230712890625e+00,1.103880405426025391e+01
9.376597404479980469e+00,7.837487697601318359e+00,2.844712972640991211e+00,7.913237094879150391e+00,2.624240159988403320e+00,8.574720382690429688e+00,7.532531261444091797e+00,7.480592250823974609e+00,1.156977939605712891e+01,8.924664497375488281e+00,9.939949035644531250e+00,1.123391532897949219e+01
9.381096839904785156e+00,7.996900081634521484e+00,2.727463722229003906e+00,7.908292770385742188e+00,2.673404932022094727e+00,8.519533157348632812e+00,7.471018314361572266e+00,7.315751552581787109e+00,1.144096660614013672e+01,8.913894653320312500e+00,9.895501136779785156e+00,1.128603267669677734e+01
8.944291114807128906e+00,8.459351539611816406e+00,2.392106056213378906e+00,8.380480766296386719e+00,5.269551277160644531e+00,9.701528549194335938e+00,8.771365165710449219e+00,8.612755775451660156e+00,1.192555618286132812e+01,9.723712921142578125e+00,1.109901237487792969e+01,1.155285263061523438e+01
8.871486663818359375e+00,8.425888061523437500e+00,2.456397771835327148e+00,8.184531211853027344e+00,5.136415481567382812e+00,9.725179672241210938e+00,8.498840332031250000e+00,8.710163116455078125e+00,1.202273273468017578e+01,9.737376213073730469e+00,1.121656990051269531e+01,1.151911449432373047e+01
8.677231788635253906e+00,8.432419776916503906e+00,2.395439624786376953e+00,8.539904594421386719e+00,4.956880569458007812e+00,9.921144485473632812e+00,8.668209075927734375e+00,8.991778373718261719e+00,1.221505069732666016e+01,1.011227416992187500e+01,1.143467426300048828e+01,1.196130371093750000e+01
8.792844772338867188e+00,8.579734802246093750e+00,2.523324728012084961e+00,8.977557182312011719e+00,5.402026176452636719e+00,9.802215576171875000e+00,9.133046150207519531e+00,8.494460105895996094e+00,1.203033638000488281e+01,1.014146614074707031e+01,1.127884864807128906e+01,1.207017612457275391e+01
8.651087760925292969e+00,8.895679473876953125e+00,2.712910652160644531e+00,9.059744834899902344e+00,5.069067001342773438e+00,9.949352264404296875e+00,8.967462539672851562e+00,8.287695884704589844e+00,1.209815311431884766e+01,1.016343021392822266e+01,1.123603725433349609e+01,1.225520706176757812e+01
8.695958137512207031e+00,8.252068519592285156e+00,2.415214776992797852e+00,8.742427825927734375e+00,5.059726715087890625e+00,9.940070152282714844e+00,8.732779502868652344e+00,8.407335281372070312e+00,1.192395782470703125e+01,1.002351093292236328e+01,1.101762294769287109e+01,1.187816524505615234e+01
8.727145195007324219e+00,8.776947975158691406e+00,2.526415586471557617e+00,9.082663536071777344e+00,5.138505935668945312e+00,9.824991226196289062e+00,8.982196807861328125e+00,8.128751754760742188e+00,1.205044937133789062e+01,1.020164585113525391e+01,1.114386081695556641e+01,1.227777481079101562e+01
8.620972633361816406e+00,8.378000259399414062e+00,2.399166345596313477e+00,8.868280410766601562e+00,5.567463874816894531e+00,9.781665802001953125e+00,8.813830375671386719e+00,8.719899177551269531e+00,1.193537712097167969e+01,1.024374961853027344e+01,1.119077301025390625e+01,1.188542747497558594e+01
8.783067703247070312e+00,8.496609687805175781e+00,2.307366847991943359e+00,8.922121047973632812e+00,5.477797508239746094e+00,1.000937843322753906e+01,8.986729621887207031e+00,9.047842979431152344e+00,1.221442222595214844e+01,1.013659381866455078e+01,1.136814689636230469e+01,1.196169090270996094e+01
8.743591308593750000e+00,8.738118171691894531e+00,2.686558961868286133e+00,9.116517066955566406e+00,5.198575973510742188e+00,9.720958709716796875e+00,8.816182136535644531e+00,8.017890930175781250e+00,1.203206634521484375e+01,1.008372116088867188e+01,1.102498340606689453e+01,1.215564346313476562e+01
9.624347686767578125e+00,8.120731353759765625e+00,3.199810266494750977e+00,7.956074237823486328e+00,4.528007507324218750e+00,8.845320701599121094e+00,8.391928672790527344e+00,8.398079872131347656e+00,1.299816322326660156e+01,9.027897834777832031e+00,1.046016120910644531e+01,1.183382225036621094e+01
8.927242279052734375e+00,8.711385726928710938e+00,2.490780591964721680e+00,8.691935539245605469e+00,5.527185440063476562e+00,9.782258987426757812e+00,8.908627510070800781e+00,8.160337448120117188e+00,1.262597084045410156e+01,9.470396041870117188e+00,1.071917152404785156e+01,1.217845344543457031e+01
9.225259780883789062e+00,8.694991111755371094e+00,2.998882293701171875e+00,8.227214813232421875e+00,5.091543197631835938e+00,9.321804046630859375e+00,8.563232421875000000e+00,8.402223587036132812e+00,1.303907680511474609e+01,9.067076683044433594e+00,1.055982398986816406e+01,1.198668098449707031e+01
9.018176078796386719e+00,8.768361091613769531e+00,2.722528457641601562e+00,8.313352584838867188e+00,4.574588775634765625e+00,8.944914817810058594e+00,8.916954040527343750e+00,7.472683906555175781e+00,1.241751384735107422e+01,9.014107704162597656e+00,1.047227096557617188e+01,1.179112625122070312e+01
9.040347099304199219e+00,8.634459495544433594e+00,2.754581928253173828e+00,8.354258537292480469e+00,4.656693458557128906e+00,9.259243011474609375e+00,8.880465507507324219e+00,7.668953418731689453e+00,1.249257659912109375e+01,9.071660041809082031e+00,1.046410179138183594e+01,1.176432609558105469e+01
9.273705482482910156e+00,8.914048194885253906e+00,3.079979181289672852e+00,7.948493480682373047e+00,5.116737365722656250e+00,9.399658203125000000e+00,8.544917106628417969e+00,8.700231552124023438e+00,1.328558731079101562e+01,8.898241996765136719e+00,1.050732040405273438e+01,1.177901172637939453e+01
8.874789237976074219e+00,8.841074943542480469e+00,3.035084247589111328e+00,8.390628814697265625e+00,4.754829406738281250e+00,9.455781936645507812e+00,9.082301139831542969e+00,7.905756473541259766e+00,1.252715396881103516e+01,9.089482307434082031e+00,1.043705463409423828e+01,1.183071327209472656e+01
8.853439331054687500e+00,8.733076095581054688e+00,2.984885931015014648e+00,8.227807998657226562e+00,4.702438354492187500e+00,9.315788269042968750e+00,9.006628036499023438e+00,8.174488067626953125e+00,1.262080669403076172e+01,9.046955108642578125e+00,1.039295196533203125e+01,1.176892471313476562e+01
9.046680450439453125e+00,8.458847045898437500e+00,2.881621599197387695e+00,8.398511886596679688e+00,4.602982521057128906e+00,9.131986618041992188e+00,9.044123649597167969e+00,7.871293544769287109e+00,1.238184356689453125e+01,9.114691734313964844e+00,1.028211879730224609e+01,1.165324020385742188e+01
9.334850311279296875e+00,8.386154174804687500e+00,3.484313249588012695e+00,7.844050407409667969e+00,2.958958625793457031e+00,7.836628913879394531e+00,8.174853324890136719e+00,8.042379379272460938e+00,1.270150661468505859e+01,8.760209083557128906e+00,9.934748649597167969e+00,1.126036548614501953e+01
8.957196235656738281e+00,7.483380317687988281e+00,1.885223388671875000e+00,7.581685066223144531e+00,4.469997406005859375e+00,7.976631164550781250e+00,7.531622409820556641e+00,9.166755676269531250e+00,1.217576980590820312e+01,9.526171684265136719e+00,1.154741477966308594e+01,1.164970397949218750e+01
8.687371253967285156e+00,7.852711200714111328e+00,2.673082351684570312e+00,7.927058696746826172e+00,4.543246269226074219e+00,9.108878135681152344e+00,7.590514183044433594e+00,9.038725852966308594e+00,1.233023452758789062e+01,9.964024543762207031e+00,1.116215610504150391e+01,1.155149173736572266e+01
8.462501525878906250e+00,7.684767723083496094e+00,1.787971615791320801e+00,8.022525787353515625e+00,4.794391632080078125e+00,9.623474121093750000e+00,8.065413475036621094e+00,8.923498153686523438e+00,1.212496376037597656e+01,9.927277565002441406e+00,1.119251823425292969e+01,1.151198577880859375e+01
8.873867988586425781e+00,8.319296836853027344e+00,3.009593963623046875e+00,8.258881568908691406e+00,4.780253410339355469e+00,9.461882591247558594e+00,7.836520195007324219e+00,9.372490882873535156e+00,1.262801361083984375e+01,9.956888198852539062e+00,1.136037254333496094e+01,1.175274276733398438e+01
9.264592170715332031e+00,8.585938453674316406e+00,3.452698230743408203e+00,8.192295074462890625e+00,4.736164093017578125e+00,8.378012657165527344e+00,7.692071914672851562e+00,8.970193862915039062e+00,1.256496906280517578e+01,9.788503646850585938e+00,1.133577156066894531e+01,1.179524993896484375e+01
8.811858177185058594e+00,8.080260276794433594e+00,1.887647747993469238e+00,8.155053138732910156e+00,4.729940414428710938e+00,9.168097496032714844e+00,8.167788505554199219e+00,9.162100791931152344e+00,1.225399017333984375e+01,9.835328102111816406e+00,1.150097560882568359e+01,1.183059215545654297e+01
8.988675117492675781e+00,8.874094963073730469e+00,2.643328428268432617e+00,8.777222633361816406e+00,5.182055473327636719e+00,9.402804374694824219e+00,8.842405319213867188e+00,9.149962425231933594e+00,1.251162242889404297e+01,9.977537155151367188e+00,1.127804470062255859e+01,1.196206569671630859e+01
9.043630599975585938e+00,8.800036430358886719e+00,2.602397918701171875e+00,8.765610694885253906e+00,5.153111457824707031e+00,9.348427772521972656e+00,8.708766937255859375e+00,9.114193916320800781e+00,1.251198959350585938e+01,9.975121498107910156e+00,1.141106224060058594e+01,1.206522750854492188e+01
9.155309677124023438e+00,8.532060623168945312e+00,3.725880622863769531e+00,7.896346569061279297e+00,4.478795051574707031e+00,8.711010932922363281e+00,7.059792995452880859e+00,8.739326477050781250e+00,1.255533504486083984e+01,9.659816741943359375e+00,1.090605163574218750e+01,1.139275169372558594e+01
9.000820159912109375e+00,8.831318855285644531e+00,3.529967546463012695e+00,8.582736968994140625e+00,4.898484230041503906e+00,9.088200569152832031e+00,7.872312545776367188e+00,8.554591178894042969e+00,1.251033401489257812e+01,1.001517200469970703e+01,1.114743423461914062e+01,1.190668678283691406e+01
9.092185020446777344e+00,7.208970546722412109e+00,2.540863752365112305e+00,8.021283149719238281e+00,3.825748205184936523e+00,6.444997787475585938e+00,5.341179847717285156e+00,7.322963714599609375e+00,1.247868347167968750e+01,9.598575592041015625e+00,1.063610363006591797e+01,1.143639564514160156e+01
8.612646102905273438e+00,7.209185600280761719e+00,2.850675821304321289e+00,7.480588912963867188e+00,3.011715412139892578e+00,5.452638626098632812e+00,4.097331523895263672e+00,7.257381916046142578e+00,1.227786445617675781e+01,9.347193717956542969e+00,1.076892280578613281e+01,1.140734672546386719e+01
8.598786354064941406e+00,7.098394870758056641e+00,2.724203348159790039e+00,7.420511245727539062e+00,3.115331888198852539e+00,5.362185478210449219e+00,3.970464229583740234e+00,6.950410366058349609e+00,1.232886409759521484e+01,9.341171264648437500e+00,1.084340858459472656e+01,1.144807147979736328e+01
8.941630363464355469e+00,7.772859573364257812e+00,2.808928012847900391e+00,7.920430660247802734e+00,3.391086816787719727e+00,5.631125450134277344e+00,5.085330009460449219e+00,6.836673259735107422e+00,1.218843078613281250e+01,9.241582870483398438e+00,1.070123386383056641e+01,1.155774402618408203e+01
8.649807929992675781e+00,7.236865043640136719e+00,2.783190488815307617e+00,7.671739101409912109e+00,2.773481607437133789e+00,5.205070495605468750e+00,4.616851806640625000e+00,6.827705383300781250e+00,1.187433242797851562e+01,9.167907714843750000e+00,1.025657939910888672e+01,1.122075843811035156e+01
8.380651473999023438e+00,6.594732761383056641e+00,2.451346158981323242e+00,7.291889190673828125e+00,3.013370752334594727e+00,5.230514526367187500e+00,3.836334228515625000e+00,6.269783973693847656e+00,1.191871261596679688e+01,9.306475639343261719e+00,1.056271839141845703e+01,1.105784320831298828e+01
8.726078987121582031e+00,7.496611118316650391e+00,2.662697076797485352e+00,7.703260421752929688e+00,2.645933151245117188e+00,5.329683303833007812e+00,5.282874107360839844e+00,6.611626625061035156e+00,1.152176856994628906e+01,8.847995758056640625e+00,9.999217033386230469e+00,1.088440990447998047e+01
8.535185813903808594e+00,6.900576591491699219e+00,2.587216615676879883e+00,7.566052436828613281e+00,2.800130605697631836e+00,5.107213020324707031e+00,4.334671497344970703e+00,6.363446235656738281e+00,1.184630489349365234e+01,9.277749061584472656e+00,1.026160335540771484e+01,1.101972293853759766e+01
8.743685722351074219e+00,7.271782875061035156e+00,3.098164796829223633e+00,7.760985851287841797e+00,2.845890045166015625e+00,5.574453353881835938e+00,4.683113574981689453e+00,7.489220142364501953e+00,1.215623283386230469e+01,9.512488365173339844e+00,1.052556705474853516e+01,1.140057563781738281e+01
8.618041038513183594e+00,7.810039997100830078e+00,2.721693992614746094e+00,8.234273910522460938e+00,3.482995033264160156e+00,7.176793098449707031e+00,6.167988300323486328e+00,7.334272384643554688e+00,1.197952842712402344e+01,9.499514579772949219e+00,1.065727806091308594e+01,1.174840927124023438e+01
9.237851142883300781e+00,6.746235847473144531e+00,3.828834295272827148e+00,7.603988170623779297e+00,2.528174400329589844e+00,6.557271957397460938e+00,6.828384399414062500e+00,8.489949226379394531e+00,1.214390468597412109e+01,9.364295005798339844e+00,9.725648880004882812e+00,1.106698226928710938e+01
9.178589820861816406e+00,7.758551120758056641e+00,3.442747116088867188e+00,8.363637924194335938e+00,3.569309949874877930e+00,7.105488777160644531e+00,7.841400623321533203e+00,7.820633411407470703e+00,1.209589576721191406e+01,9.558260917663574219e+00,1.028915691375732422e+01,1.158536338806152344e+01
9.073469161987304688e+00,7.804536819458007812e+00,3.430725574493408203e+00,8.320476531982421875e+00,3.557144880294799805e+00,7.273160934448242188e+00,7.702957153320312500e+00,7.874431610107421875e+00,1.197761249542236328e+01,9.566962242126464844e+00,1.025300788879394531e+01,1.152777481079101562e+01
8.828966140747070312e+00,7.440610408782958984e+00,2.782476186752319336e+00,7.844605922698974609e+00,3.072965860366821289e+00,6.777064323425292969e+00,7.096262454986572266e+00,7.795291900634765625e+00,1.168002796173095703e+01,9.008373260498046875e+00,9.861299514770507812e+00,1.138069534301757812e+01
8.852403640747070312e+00,8.291064262390136719e+00,2.701281785964965820e+00,8.238506317138671875e+00,2.924408674240112305e+00,6.462653160095214844e+00,6.652024745941162109e+00,7.316894531250000000e+00,1.165690803527832031e+01,8.826131820678710938e+00,1.009837627410888672e+01,1.160015678405761719e+01
8.898942947387695312e+00,9.374215126037597656e+00,2.845348358154296875e+00,9.488100051879882812e+00,4.825418472290039062e+00,8.678869247436523438e+00,9.269908905029296875e+00,6.848503112792968750e+00,1.204320240020751953e+01,9.713184356689453125e+00,1.089834880828857422e+01,1.248536109924316406e+01
9.454623222351074219e+00,8.748254776000976562e+00,3.822569847106933594e+00,8.608016967773437500e+00,3.902425050735473633e+00,7.487746238708496094e+00,7.444827079772949219e+00,7.814074039459228516e+00,1.241196441650390625e+01,9.387530326843261719e+00,1.081120777130126953e+01,1.188410186767578125e+01
9.410065650939941406e+00,8.689014434814453125e+00,3.609665632247924805e+00,8.540166854858398438e+00,3.505886316299438477e+00,6.872693061828613281e+00,7.045335292816162109e+00,7.947611331939697266e+00,1.235907173156738281e+01,9.139096260070800781e+00,1.051940345764160156e+01,1.163892078399658203e+01
8.979658126831054688e+00,8.366504669189453125e+00,3.411112308502197266e+00,8.641016960144042969e+00,3.618431091308593750e+00,7.327122688293457031e+00,8.004438400268554688e+00,7.523674488067626953e+00,1.193113231658935547e+01,9.408055305480957031e+00,1.032162284851074219e+01,1.177625179290771484e+01
8.840137481689453125e+00,9.660036087036132812e+00,2.571124553680419922e+00,9.784343719482421875e+00,5.311297416687011719e+00,9.263231277465820312e+00,9.687794685363769531e+00,6.855260848999023438e+00,1.210696792602539062e+01,9.875396728515625000e+00,1.110024929046630859e+01,1.276941776275634766e+01
8.883361816406250000e+00,9.538782119750976562e+00,2.556844711303710938e+00,9.621618270874023438e+00,5.235225677490234375e+00,9.029230117797851562e+00,9.418523788452148438e+00,6.942134857177734375e+00,1.208309173583984375e+01,9.742417335510253906e+00,1.110055351257324219e+01,1.253099250793457031e+01
9.241953849792480469e+00,9.217123031616210938e+00,3.358053684234619141e+00,8.992762565612792969e+00,4.558039665222167969e+00,8.196919441223144531e+00,8.047566413879394531e+00,7.700577259063720703e+00,1.256540870666503906e+01,9.555711746215820312e+00,1.111580848693847656e+01,1.221579360961914062e+01
9.060044288635253906e+00,9.163596153259277344e+00,2.413451433181762695e+00,9.074117660522460938e+00,4.760096549987792969e+00,8.280629158020019531e+00,8.952507972717285156e+00,7.074161052703857422e+00,1.204833030700683594e+01,9.424027442932128906e+00,1.112579250335693359e+01,1.238266658782958984e+01
9.034199714660644531e+00,9.486760139465332031e+00,2.744724512100219727e+00,9.339729309082031250e+00,4.933315277099609375e+00,8.833694458007812500e+00,8.961200714111328125e+00,7.006736755371093750e+00,1.221327114105224609e+01,9.722943305969238281e+00,1.115170192718505859e+01,1.246411705017089844e+01
9.170913696289062500e+00,9.157466888427734375e+00,3.172766447067260742e+00,8.752181053161621094e+00,3.940746545791625977e+00,7.598549842834472656e+00,7.597524166107177734e+00,7.803597450256347656e+00,1.229438591003417969e+01,9.294243812561035156e+00,1.092442607879638672e+01,1.183432769775390625e+01
9.141037940979003906e+00,9.463882446289062500e+00,2.828882455825805664e+00,9.347063064575195312e+00,4.822394371032714844e+00,8.764733314514160156e+00,8.850818634033203125e+00,7.150335788726806641e+00,1.230461978912353516e+01,9.713239669799804688e+00,1.116558456420898438e+01,1.248357295989990234e+01
1.038363075256347656e+01,9.201753616333007812e+00,5.415637493133544922e+00,7.166155338287353516e+00,3.571505069732666016e+00,6.979795455932617188e+00,6.452980041503906250e+00,8.840692520141601562e+00,1.250067234039306641e+01,7.997693061828613281e+00,9.856606483459472656e+00,9.961937904357910156e+00
9.011198043823242188e+00,9.290424346923828125e+00,3.225249767303466797e+00,9.246042251586914062e+00,4.620428085327148438e+00,8.710316658020019531e+00,8.444046974182128906e+00,7.409175872802734375e+00,1.218562507629394531e+01,9.669281959533691406e+00,1.102850341796875000e+01,1.234908294677734375e+01
8.876811981201171875e+00,9.527906417846679688e+00,2.774395704269409180e+00,9.551702499389648438e+00,4.910066604614257812e+00,8.929075241088867188e+00,9.224367141723632812e+00,6.879882335662841797e+00,1.197504043579101562e+01,9.596869468688964844e+00,1.101466274261474609e+01,1.245958328247070312e+01
8.912752151489257812e+00,9.761711120605468750e+00,2.699345111846923828e+00,9.835198402404785156e+00,5.453389167785644531e+00,9.409516334533691406e+00,9.940854072570800781e+00,6.775928974151611328e+00,1.212521934509277344e+01,9.892132759094238281e+00,1.113974666595458984e+01,1.280111217498779297e+01
9.625244140625000000e+00,7.652102947235107422e+00,3.307378053665161133e+00,8.838956832885742188e+00,5.051750183105468750e+00,9.078351974487304688e+00,8.911653518676757812e+00,7.468586444854736328e+00,1.170504379272460938e+01,9.557682991027832031e+00,9.662343025207519531e+00,1.096207714080810547e+01
9.635178565979003906e+00,8.019246101379394531e+00,3.273037195205688477e+00,8.933297157287597656e+00,5.211954116821289062e+00,9.098003387451171875e+00,9.203864097595214844e+00,7.503449440002441406e+00,1.176739978790283203e+01,9.561841011047363281e+00,9.915893554687500000e+00,1.112726593017578125e+01
9.704448699951171875e+00,7.755496501922607422e+00,3.464646339416503906e+00,8.877924919128417969e+00,5.417011260986328125e+00,9.085336685180664062e+00,8.965053558349609375e+00,7.566117286682128906e+00,1.179200744628906250e+01,9.518856048583984375e+00,9.665041923522949219e+00,1.082910633087158203e+01
9.711766242980957031e+00,7.628976345062255859e+00,3.368671655654907227e+00,8.804605484008789062e+00,5.248084068298339844e+00,9.110712051391601562e+00,8.984815597534179688e+00,7.718779563903808594e+00,1.176017665863037109e+01,9.480993270874023438e+00,9.622798919677734375e+00,1.079171371459960938e+01
9.657374382019042969e+00,7.278136730194091797e+00,3.178703308105468750e+00,8.601460456848144531e+00,4.771093368530273438e+00,8.832283020019531250e+00,8.645348548889160156e+00,7.456796169281005859e+00,1.154125499725341797e+01,9.316742897033691406e+00,9.467727661132812500e+00,1.073639869689941406e+01
9.639976501464843750e+00,7.992326259613037109e+00,3.321280717849731445e+00,8.710396766662597656e+00,4.899285316467285156e+00,9.228407859802246094e+00,8.709616661071777344e+00,7.610892772674560547e+00,1.167949581146240234e+01,9.551929473876953125e+00,9.755178451538085938e+00,1.097449588775634766e+01
9.660608291625976562e+00,7.893094539642333984e+00,3.268344402313232422e+00,8.772883415222167969e+00,5.025665283203125000e+00,9.056776046752929688e+00,8.844712257385253906e+00,7.474422931671142578e+00,1.172729015350341797e+01,9.443442344665527344e+00,9.733337402343750000e+00,1.091215705871582031e+01
9.601211547851562500e+00,7.459585189819335938e+00,3.131133317947387695e+00,8.224795341491699219e+00,4.503015518188476562e+00,8.838552474975585938e+00,8.274651527404785156e+00,7.247856140136718750e+00,1.149578571319580078e+01,9.002857208251953125e+00,9.367841720581054688e+00,1.047686004638671875e+01
9.726446151733398438e+00,7.335681915283203125e+00,3.202580213546752930e+00,8.668247222900390625e+00,4.853915214538574219e+00,8.949945449829101562e+00,8.681802749633789062e+00,7.663435459136962891e+00,1.160556507110595703e+01,9.453412055969238281e+00,9.425061225891113281e+00,1.073827552795410156e+01
9.661163330078125000e+00,7.286186218261718750e+00,3.158780574798583984e+00,8.590351104736328125e+00,4.836359024047851562e+00,8.932116508483886719e+00,8.596437454223632812e+00,7.590265750885009766e+00,1.155530071258544922e+01,9.311229705810546875e+00,9.432758331298828125e+00,1.068232822418212891e+01
8.968476295471191406e+00,8.828577995300292969e+00,2.778302192687988281e+00,8.961674690246582031e+00,5.334500312805175781e+00,8.994814872741699219e+00,9.366436958312988281e+00,6.803970336914062500e+00,1.159098625183105469e+01,9.345605850219726562e+00,1.042636585235595703e+01,1.185027503967285156e+01
9.360247611999511719e+00,8.149798393249511719e+00,3.228315353393554688e+00,9.071235656738281250e+00,5.619093894958496094e+00,9.332919120788574219e+00,9.300928115844726562e+00,7.564370155334472656e+00,1.176651954650878906e+01,9.674364089965820312e+00,1.028051662445068359e+01,1.175403118133544922e+01
8.809007644653320312e+00,8.773373603820800781e+00,2.519913673400878906e+00,8.523871421813964844e+00,4.665558815002441406e+00,8.628281593322753906e+00,8.784402847290039062e+00,6.661904335021972656e+00,1.146025466918945312e+01,9.022588729858398438e+00,1.040181159973144531e+01,1.169519996643066406e+01
9.215505599975585938e+00,8.801672935485839844e+00,2.871237039566040039e+00,9.226295471191406250e+00,5.622985839843750000e+00,9.210397720336914062e+00,9.562846183776855469e+00,7.610910892486572266e+00,1.179349613189697266e+01,9.429113388061523438e+00,1.048129081726074219e+01,1.180491447448730469e+01
9.053805351257324219e+00,8.569002151489257812e+00,3.078261852264404297e+00,8.513159751892089844e+00,4.846287727355957031e+00,8.762632369995117188e+00,8.853206634521484375e+00,6.695779800415039062e+00,1.156285953521728516e+01,9.104189872741699219e+00,1.032866287231445312e+01,1.142412376403808594e+01
9.051615715026855469e+00,8.427699089050292969e+00,2.937108278274536133e+00,8.395428657531738281e+00,4.907014846801757812e+00,8.952641487121582031e+00,8.683036804199218750e+00,6.807463169097900391e+00,1.143825626373291016e+01,9.188010215759277344e+00,1.033176994323730469e+01,1.145980548858642578e+01
9.105907440185546875e+00,8.391683578491210938e+00,3.052056789398193359e+00,8.456433296203613281e+00,4.922761917114257812e+00,8.929030418395996094e+00,8.819451332092285156e+00,6.722373962402343750e+00,1.151005172729492188e+01,9.174954414367675781e+00,1.032279205322265625e+01,1.148094844818115234e+01
8.896396636962890625e+00,9.212428092956542969e+00,2.697659015655517578e+00,9.338062286376953125e+00,5.255917549133300781e+00,8.831008911132812500e+00,9.476103782653808594e+00,7.112004756927490234e+00,1.165558338165283203e+01,9.665240287780761719e+00,1.075484466552734375e+01,1.216958999633789062e+01
8.902426719665527344e+00,9.169235229492187500e+00,2.764329433441162109e+00,9.143050193786621094e+00,5.191262245178222656e+00,8.783721923828125000e+00,9.365986824035644531e+00,7.025858879089355469e+00,1.166132640838623047e+01,9.500543594360351562e+00,1.070124435424804688e+01,1.209471607208251953e+01
8.917001724243164062e+00,8.753258705139160156e+00,2.948183298110961914e+00,8.737364768981933594e+00,5.013571739196777344e+00,8.736475944519042969e+00,9.109191894531250000e+00,6.788312911987304688e+00,1.143476676940917969e+01,9.309305191040039062e+00,1.040972900390625000e+01,1.181074714660644531e+01
9.311653137207031250e+00,8.407659530639648438e+00,2.072031497955322266e+00,8.599153518676757812e+00,4.933035850524902344e+00,7.405039787292480469e+00,8.997977256774902344e+00,8.354825973510742188e+00,1.182535076141357422e+01,9.446928024291992188e+00,1.131051349639892578e+01,1.191217708587646484e+01
9.182786941528320312e+00,8.487576484680175781e+00,2.153156042098999023e+00,8.620183944702148438e+00,4.894589424133300781e+00,7.685336112976074219e+00,8.953049659729003906e+00,8.395572662353515625e+00,1.178519725799560547e+01,9.505175590515136719e+00,1.124095249176025391e+01,1.184597206115722656e+01
9.230616569519042969e+00,8.564023971557617188e+00,2.133097648620605469e+00,8.678106307983398438e+00,4.827466964721679688e+00,7.426448822021484375e+00,8.906332015991210938e+00,8.218611717224121094e+00,1.170816516876220703e+01,9.448673248291015625e+00,1.118449115753173828e+01,1.186372852325439453e+01
9.170237541198730469e+00,8.587140083312988281e+00,2.247331857681274414e+00,8.797847747802734375e+00,4.947315216064453125e+00,7.544158935546875000e+00,9.051697731018066406e+00,8.223277091979980469e+00,1.171022510528564453e+01,9.513324737548828125e+00,1.120134449005126953e+01,1.188798904418945312e+01
9.045557975769042969e+00,8.732951164245605469e+00,2.341948747634887695e+00,8.890099525451660156e+00,4.952139854431152344e+00,7.715480804443359375e+00,9.037365913391113281e+00,8.114859580993652344e+00,1.170131206512451172e+01,9.567790031433105469e+00,1.113918209075927734e+01,1.186188316345214844e+01
9.055081367492675781e+00,8.489476203918457031e+00,2.275550842285156250e+00,8.649727821350097656e+00,4.695765495300292969e+00,7.344230651855468750e+00,8.753920555114746094e+00,8.072738647460937500e+00,1.157538509368896484e+01,9.379266738891601562e+00,1.109680938720703125e+01,1.172809314727783203e+01
9.120194435119628906e+00,8.464037895202636719e+00,2.243869543075561523e+00,8.703322410583496094e+00,4.760499000549316406e+00,7.384005546569824219e+00,8.933993339538574219e+00,8.219653129577636719e+00,1.160241031646728516e+01,9.425189971923828125e+00,1.110531616210937500e+01,1.180870056152343750e+01
9.038174629211425781e+00,8.820624351501464844e+00,2.526690483093261719e+00,8.982064247131347656e+00,4.882212638854980469e+00,7.751260757446289062e+00,9.019130706787109375e+00,8.054828643798828125e+00,1.175094890594482422e+01,9.609616279602050781e+00,1.108508682250976562e+01,1.188465404510498047e+01
9.175144195556640625e+00,8.674316406250000000e+00,2.149734497070312500e+00,8.703371047973632812e+00,4.910867691040039062e+00,7.405282020568847656e+00,8.907881736755371094e+00,8.049015998840332031e+00,1.164814090728759766e+01,9.488827705383300781e+00,1.117089748382568359e+01,1.186002731323242188e+01
9.203879356384277344e+00,8.576315879821777344e+00,2.208226680755615234e+00,8.805047988891601562e+00,4.934884071350097656e+00,7.398941040039062500e+00,9.052692413330078125e+00,8.180246353149414062e+00,1.167465496063232422e+01,9.497578620910644531e+00,1.119145679473876953e+01,1.190713882446289062e+01
9.534595489501953125e+00,8.232076644897460938e+00,2.966540813446044922e+00,8.664021492004394531e+00,5.357976913452148438e+00,6.372886657714843750e+00,7.727614402770996094e+00,6.570927143096923828e+00,1.272544765472412109e+01,1.003705501556396484e+01,1.074137115478515625e+01,1.232164287567138672e+01
9.637405395507812500e+00,8.390909194946289062e+00,3.061790466308593750e+00,8.852332115173339844e+00,5.655727386474609375e+00,6.652544975280761719e+00,8.027326583862304688e+00,6.958547115325927734e+00,1.284823703765869141e+01,1.018363952636718750e+01,1.076762008666992188e+01,1.236210250854492188e+01
9.542844772338867188e+00,8.543624877929687500e+00,3.080004453659057617e+00,8.770107269287109375e+00,5.565957069396972656e+00,6.317267417907714844e+00,8.205719947814941406e+00,6.703860759735107422e+00,1.288846492767333984e+01,1.009087181091308594e+01,1.069341182708740234e+01,1.235817432403564453e+01
9.643086433410644531e+00,8.518652915954589844e+00,3.167289495468139648e+00,8.754964828491210938e+00,5.521371841430664062e+00,6.436957359313964844e+00,8.178976058959960938e+00,6.817304134368896484e+00,1.280607891082763672e+01,1.016235065460205078e+01,1.071009063720703125e+01,1.225880146026611328e+01
9.655629158020019531e+00,8.476882934570312500e+00,3.208876609802246094e+00,8.769705772399902344e+00,5.453210830688476562e+00,6.577988624572753906e+00,8.238306999206542969e+00,6.803092479705810547e+00,1.270323467254638672e+01,1.019178771972656250e+01,1.073443222045898438e+01,1.226298904418945312e+01
9.628413200378417969e+00,8.348221778869628906e+00,3.033971548080444336e+00,8.862840652465820312e+00,5.680150985717773438e+00,6.952001571655273438e+00,8.073076248168945312e+00,7.017618179321289062e+00,1.281042289733886719e+01,1.020525264739990234e+01,1.072513580322265625e+01,1.229892921447753906e+01
9.580962181091308594e+00,8.564264297485351562e+00,3.113147974014282227e+00,8.853949546813964844e+00,5.697483062744140625e+00,6.328327178955078125e+00,8.287250518798828125e+00,6.857335567474365234e+00,1.290597057342529297e+01,1.014793300628662109e+01,1.071914768218994141e+01,1.237677192687988281e+01
9.510683059692382812e+00,8.550685882568359375e+00,3.142254352569580078e+00,8.690889358520507812e+00,5.382682800292968750e+00,6.557359695434570312e+00,8.281279563903808594e+00,6.696219444274902344e+00,1.275376796722412109e+01,1.006298351287841797e+01,1.063354587554931641e+01,1.224270057678222656e+01
9.705426216125488281e+00,8.504369735717773438e+00,3.267902374267578125e+00,8.926192283630371094e+00,5.854977607727050781e+00,6.823837280273437500e+00,8.308515548706054688e+00,7.214720726013183594e+00,1.297236347198486328e+01,1.028438282012939453e+01,1.070678043365478516e+01,1.225822162628173828e+01
9.605387687683105469e+00,8.591609954833984375e+00,3.072446823120117188e+00,8.788062095642089844e+00,5.453881263732910156e+00,6.960312843322753906e+00,8.436944961547851562e+00,6.888018131256103516e+00,1.267710304260253906e+01,1.013574409484863281e+01,1.072190093994140625e+01,1.225139236450195312e+01
8.777765274047851562e+00,9.385556221008300781e+00,1.643727183341979980e+00,9.065449714660644531e+00,5.471270561218261719e+00,8.671636581420898438e+00,8.833049774169921875e+00,7.568173408508300781e+00,1.255141067504882812e+01,9.606941223144531250e+00,1.077774333953857422e+01,1.195849323272705078e+01
8.725342750549316406e+00,9.365625381469726562e+00,1.553607463836669922e+00,9.088993072509765625e+00,5.437905311584472656e+00,8.586809158325195312e+00,8.879690170288085938e+00,7.387546539306640625e+00,1.230625915527343750e+01,9.577676773071289062e+00,1.070686817169189453e+01,1.198126888275146484e+01
8.798295021057128906e+00,9.334509849548339844e+00,1.520125627517700195e+00,9.015579223632812500e+00,5.328411102294921875e+00,8.424838066101074219e+00,8.776015281677246094e+00,7.230205535888671875e+00,1.229495906829833984e+01,9.544548988342285156e+00,1.074954891204833984e+01,1.200670051574707031e+01
8.814798355102539062e+00,9.236075401306152344e+00,1.931308150291442871e+00,9.017140388488769531e+00,5.528297424316406250e+00,9.231990814208984375e+00,8.901064872741699219e+00,7.848190307617187500e+00,1.249696731567382812e+01,9.763935089111328125e+00,1.070552062988281250e+01,1.190680885314941406e+01
8.777757644653320312e+00,9.285883903503417969e+00,1.503520131111145020e+00,8.959527015686035156e+00,5.291123390197753906e+00,8.584551811218261719e+00,8.806064605712890625e+00,7.024845123291015625e+00,1.213035202026367188e+01,9.560220718383789062e+00,1.072208881378173828e+01,1.190906333923339844e+01
8.811393737792968750e+00,9.189208030700683594e+00,1.664100050926208496e+00,8.952441215515136719e+00,5.292555809020996094e+00,8.488696098327636719e+00,8.774823188781738281e+00,7.016686916351318359e+00,1.198058605194091797e+01,9.552206993103027344e+00,1.064053630828857422e+01,1.180314350128173828e+01
8.867749214172363281e+00,9.222978591918945312e+00,2.006458282470703125e+00,8.842299461364746094e+00,5.185841560363769531e+00,8.865629196166992188e+00,8.653774261474609375e+00,7.055810928344726562e+00,1.242209148406982422e+01,9.614750862121582031e+00,1.069564914703369141e+01,1.178705120086669922e+01
8.955163002014160156e+00,9.084787368774414062e+00,2.275286197662353516e+00,8.816505432128906250e+00,5.297926902770996094e+00,9.037325859069824219e+00,8.680377006530761719e+00,7.459703922271728516e+00,1.247011661529541016e+01,9.677414894104003906e+00,1.060715389251708984e+01,1.171442031860351562e+01
8.881105422973632812e+00,9.189736366271972656e+00,1.860831975936889648e+00,9.039152145385742188e+00,5.308226585388183594e+00,8.516309738159179688e+00,8.818522453308105469e+00,7.156380176544189453e+00,1.205322074890136719e+01,9.621937751770019531e+00,1.065302753448486328e+01,1.177993679046630859e+01
8.961349487304687500e+00,9.201537132263183594e+00,2.147052288055419922e+00,8.899614334106445312e+00,5.415481567382812500e+00,9.088845252990722656e+00,8.729345321655273438e+00,7.857483386993408203e+00,1.258751010894775391e+01,9.721276283264160156e+00,1.069565010070800781e+01,1.180708980560302734e+01
8.915767669677734375e+00,9.213992118835449219e+00,2.021488428115844727e+00,9.074283599853515625e+00,5.368655204772949219e+00,8.735917091369628906e+00,9.077865600585937500e+00,7.312163352966308594e+00,1.217463874816894531e+01,9.698288917541503906e+00,1.070320129394531250e+01,1.196965026855468750e+01
8.860125541687011719e+00,9.231494903564453125e+00,1.891862630844116211e+00,9.005541801452636719e+00,5.219326019287109375e+00,8.600845336914062500e+00,8.903331756591796875e+00,7.123070240020751953e+00,1.207411193847656250e+01,9.600663185119628906e+00,1.067818069458007812e+01,1.188120269775390625e+01
8.796207427978515625e+00,9.263459205627441406e+00,1.601450920104980469e+00,9.048605918884277344e+00,5.353566169738769531e+00,8.506541252136230469e+00,8.925568580627441406e+00,7.084949016571044922e+00,1.200576591491699219e+01,9.601451873779296875e+00,1.069654750823974609e+01,1.195896244049072266e+01
9.063978195190429688e+00,9.087818145751953125e+00,2.508419752120971680e+00,9.238904953002929688e+00,5.541788101196289062e+00,8.825028419494628906e+00,9.383319854736328125e+00,7.601443290710449219e+00,1.228562736511230469e+01,9.842228889465332031e+00,1.063422298431396484e+01,1.202491188049316406e+01
8.911564826965332031e+00,9.225701332092285156e+00,1.758750557899475098e+00,8.970673561096191406e+00,5.223449707031250000e+00,8.471767425537109375e+00,8.841617584228515625e+00,7.048705577850341797e+00,1.205725765228271484e+01,9.608121871948242188e+00,1.068526840209960938e+01,1.192547607421875000e+01
8.952499389648437500e+00,9.333433151245117188e+00,1.688061833381652832e+00,8.997775077819824219e+00,5.308819770812988281e+00,8.575892448425292969e+00,8.903215408325195312e+00,7.106360912322998047e+00,1.217847537994384766e+01,9.631896972656250000e+00,1.076879978179931641e+01,1.201629447937011719e+01
9.002600669860839844e+00,9.120711326599121094e+00,2.307295560836791992e+00,8.897529602050781250e+00,5.197573661804199219e+00,8.775638580322265625e+00,8.864872932434082031e+00,7.361455440521240234e+00,1.232573795318603516e+01,9.641831398010253906e+00,1.065540027618408203e+01,1.182811260223388672e+01
8.928544044494628906e+00,9.220096588134765625e+00,1.705941200256347656e+00,8.893235206604003906e+00,5.124940872192382812e+00,8.534027099609375000e+00,8.826958656311035156e+00,6.786337375640869141e+00,1.196017742156982422e+01,9.574452400207519531e+00,1.073285388946533203e+01,1.194231605529785156e+01
8.944285392761230469e+00,9.377579689025878906e+00,1.853163003921508789e+00,9.171892166137695312e+00,5.286389350891113281e+00,8.472518920898437500e+00,9.152801513671875000e+00,6.974740028381347656e+00,1.195230960845947266e+01,9.658130645751953125e+00,1.073423671722412109e+01,1.201991462707519531e+01
8.951730728149414062e+00,9.239765167236328125e+00,2.087553977966308594e+00,9.102729797363281250e+00,5.291871070861816406e+00,8.618153572082519531e+00,9.036567687988281250e+00,7.205017089843750000e+00,1.208798885345458984e+01,9.698953628540039062e+00,1.065595912933349609e+01,1.194318771362304688e+01
8.349595069885253906e+00,6.795430660247802734e+00,2.201203823089599609e+00,7.351798057556152344e+00,3.839452981948852539e+00,6.013409614562988281e+00,4.811465740203857422e+00,6.871522903442382812e+00,1.140642738342285156e+01,9.464841842651367188e+00,1.044561100006103516e+01,1.147255420684814453e+01
8.476345062255859375e+00,7.015987396240234375e+00,2.233753681182861328e+00,7.589849472045898438e+00,3.850440979003906250e+00,6.927520751953125000e+00,5.290977954864501953e+00,7.697328567504882812e+00,1.143217182159423828e+01,9.529139518737792969e+00,1.044841480255126953e+01,1.167708206176757812e+01
8.216888427734375000e+00,6.736388683319091797e+00,2.236292839050292969e+00,7.155587673187255859e+00,3.476938486099243164e+00,6.182269096374511719e+00,4.647073268890380859e+00,7.198188781738281250e+00,1.091668128967285156e+01,9.049748420715332031e+00,9.968768119812011719e+00,1.127094268798828125e+01
8.434258460998535156e+00,6.387914657592773438e+00,2.576808929443359375e+00,7.020018577575683594e+00,3.027285099029541016e+00,6.051351547241210938e+00,4.669619083404541016e+00,6.958635807037353516e+00,1.098823261260986328e+01,8.742138862609863281e+00,9.672919273376464844e+00,1.086438846588134766e+01
8.874738693237304688e+00,6.437729358673095703e+00,3.657605886459350586e+00,6.764267444610595703e+00,2.860066652297973633e+00,5.811103820800781250e+00,4.479438781738281250e+00,6.712082862854003906e+00,1.091705131530761719e+01,8.694510459899902344e+00,9.779006958007812500e+00,1.102522850036621094e+01
8.779306411743164062e+00,7.003349304199218750e+00,2.452181816101074219e+00,7.249245166778564453e+00,3.529333114624023438e+00,6.616615295410156250e+00,4.887818336486816406e+00,7.253238677978515625e+00,1.112233543395996094e+01,8.843659400939941406e+00,9.814237594604492188e+00,1.124809169769287109e+01
8.767794609069824219e+00,7.361178874969482422e+00,2.572283506393432617e+00,7.388915061950683594e+00,4.305899620056152344e+00,7.773324012756347656e+00,5.538867950439453125e+00,8.351531028747558594e+00,1.087198066711425781e+01,8.795875549316406250e+00,1.004050636291503906e+01,1.160795116424560547e+01
8.694386482238769531e+00,6.218263149261474609e+00,3.908741712570190430e+00,6.848346710205078125e+00,2.724299907684326172e+00,5.141984939575195312e+00,3.683715105056762695e+00,6.407848358154296875e+00,1.068775653839111328e+01,8.874958992004394531e+00,9.861205101013183594e+00,1.108094596862792969e+01
8.503238677978515625e+00,7.097658634185791016e+00,2.612697124481201172e+00,6.810918331146240234e+00,4.203040122985839844e+00,7.567393302917480469e+00,5.163439273834228516e+00,8.055039405822753906e+00,1.035595798492431641e+01,8.821548461914062500e+00,9.916467666625976562e+00,1.152795314788818359e+01
8.697278022766113281e+00,6.672393321990966797e+00,2.673510789871215820e+00,6.763581275939941406e+00,3.399549245834350586e+00,6.497826576232910156e+00,4.505681514739990234e+00,6.415355682373046875e+00,1.102900791168212891e+01,8.738105773925781250e+00,9.754290580749511719e+00,1.111747741699218750e+01
9.655410766601562500e+00,9.252226829528808594e+00,4.538190841674804688e+00,7.903222084045410156e+00,4.445869445800781250e+00,7.960720062255859375e+00,7.305643081665039062e+00,9.170794486999511719e+00,1.279889965057373047e+01,8.966448783874511719e+00,1.045286273956298828e+01,1.062274551391601562e+01
9.458879470825195312e+00,8.955128669738769531e+00,4.514879703521728516e+00,7.475690364837646484e+00,3.740744829177856445e+00,8.166296958923339844e+00,6.351178169250488281e+00,7.940778255462646484e+00,1.220149421691894531e+01,8.583197593688964844e+00,9.844932556152343750e+00,1.045041179656982422e+01
9.079854011535644531e+00,8.424053192138671875e+00,3.390287399291992188e+00,7.730300426483154297e+00,3.426318883895874023e+00,8.413833618164062500e+00,6.755902767181396484e+00,7.462944507598876953e+00,1.177775382995605469e+01,8.751144409179687500e+00,9.900738716125488281e+00,1.077558517456054688e+01
9.377344131469726562e+00,8.902586936950683594e+00,4.055994033813476562e+00,7.933974742889404297e+00,4.403096199035644531e+00,8.510348320007324219e+00,7.288082122802734375e+00,8.680639266967773438e+00,1.243341827392578125e+01,8.946310997009277344e+00,1.019159030914306641e+01,1.043321418762207031e+01
9.676809310913085938e+00,9.063754081726074219e+00,4.470762729644775391e+00,7.980498313903808594e+00,4.376672744750976562e+00,7.891854286193847656e+00,7.419467926025390625e+00,9.298137664794921875e+00,1.250692462921142578e+01,8.930103302001953125e+00,1.034618854522705078e+01,1.053486633300781250e+01
9.665719985961914062e+00,9.218592643737792969e+00,4.612749576568603516e+00,7.611254692077636719e+00,3.897629499435424805e+00,7.599945068359375000e+00,6.471024990081787109e+00,8.663738250732421875e+00,1.246575355529785156e+01,8.427906990051269531e+00,9.907867431640625000e+00,1.014198684692382812e+01
1.011147594451904297e+01,9.358410835266113281e+00,5.274977684020996094e+00,7.541634082794189453e+00,4.119033813476562500e+00,7.187598228454589844e+00,6.704554080963134766e+00,8.994158744812011719e+00,1.270312023162841797e+01,8.417772293090820312e+00,9.981918334960937500e+00,1.016527748107910156e+01
9.359195709228515625e+00,8.783715248107910156e+00,4.069100379943847656e+00,8.349184036254882812e+00,4.289407253265380859e+00,8.920546531677246094e+00,7.640532493591308594e+00,8.061833381652832031e+00,1.222444629669189453e+01,9.214411735534667969e+00,1.016238880157470703e+01,1.106975078582763672e+01
9.524955749511718750e+00,8.684335708618164062e+00,4.405659675598144531e+00,8.106669425964355469e+00,4.647070884704589844e+00,8.487777709960937500e+00,7.593452453613281250e+00,9.256495475769042969e+00,1.233369064331054688e+01,9.320671081542968750e+00,1.067315483093261719e+01,1.087552165985107422e+01
9.505747795104980469e+00,9.069927215576171875e+00,4.330572128295898438e+00,7.727426528930664062e+00,4.197455406188964844e+00,8.427396774291992188e+00,7.322794914245605469e+00,8.842483520507812500e+00,1.241409778594970703e+01,8.747193336486816406e+00,1.023451328277587891e+01,1.030484867095947266e+01
9.094402313232421875e+00,7.572365760803222656e+00,2.837876319885253906e+00,7.785433292388916016e+00,3.924049615859985352e+00,6.095507621765136719e+00,6.727203369140625000e+00,7.650498867034912109e+00,1.225769424438476562e+01,8.874699592590332031e+00,1.092382144927978516e+01,1.162757110595703125e+01
9.340244293212890625e+00,8.071931838989257812e+00,2.122016906738281250e+00,8.262870788574218750e+00,4.912113189697265625e+00,7.015931129455566406e+00,7.971102237701416016e+00,8.016861915588378906e+00,1.233445453643798828e+01,9.295103073120117188e+00,1.140594482421875000e+01,1.186373710632324219e+01
8.995936393737792969e+00,8.666030883789062500e+00,2.021441698074340820e+00,8.628006935119628906e+00,5.035546302795410156e+00,7.437512397766113281e+00,8.999386787414550781e+00,7.710160732269287109e+00,1.203394317626953125e+01,9.449909210205078125e+00,1.125043678283691406e+01,1.214401149749755859e+01
8.970517158508300781e+00,9.317056655883789062e+00,2.458249092102050781e+00,9.199774742126464844e+00,5.306474685668945312e+00,8.538926124572753906e+00,9.476810455322265625e+00,6.646590232849121094e+00,1.213395500183105469e+01,9.771095275878906250e+00,1.112762451171875000e+01,1.247342300415039062e+01
9.192474365234375000e+00,8.802131652832031250e+00,2.204836368560791016e+00,8.740531921386718750e+00,4.693181037902832031e+00,7.399777412414550781e+00,8.532480239868164062e+00,7.268594264984130859e+00,1.212083148956298828e+01,9.423166275024414062e+00,1.115950393676757812e+01,1.233382129669189453e+01
9.414287567138671875e+00,8.670356750488281250e+00,3.174660444259643555e+00,8.588204383850097656e+00,4.386013984680175781e+00,7.166779518127441406e+00,7.914987564086914062e+00,7.602074146270751953e+00,1.246659088134765625e+01,9.314416885375976562e+00,1.114761161804199219e+01,1.206473827362060547e+01
9.414653778076171875e+00,8.749526977539062500e+00,2.641415357589721680e+00,8.782907485961914062e+00,5.142688751220703125e+00,7.674835205078125000e+00,8.968237876892089844e+00,7.763548374176025391e+00,1.230459499359130859e+01,9.525297164916992188e+00,1.138148117065429688e+01,1.230346775054931641e+01
8.926654815673828125e+00,9.584891319274902344e+00,2.871414899826049805e+00,9.418834686279296875e+00,5.486013412475585938e+00,8.930809974670410156e+00,9.593159675598144531e+00,6.992885589599609375e+00,1.227443885803222656e+01,9.884040832519531250e+00,1.111849212646484375e+01,1.259074020385742188e+01
9.328117370605468750e+00,8.812092781066894531e+00,2.756990194320678711e+00,8.634522438049316406e+00,5.124863624572753906e+00,7.686729431152343750e+00,8.507480621337890625e+00,8.034898757934570312e+00,1.247203350067138672e+01,9.610817909240722656e+00,1.140545654296875000e+01,1.227221965789794922e+01
9.310104370117187500e+00,8.859753608703613281e+00,2.870006799697875977e+00,8.602792739868164062e+00,4.380465507507324219e+00,7.170315742492675781e+00,8.097968101501464844e+00,7.611616611480712891e+00,1.239303398132324219e+01,9.334629058837890625e+00,1.104449272155761719e+01,1.203677272796630859e+01
9.111120223999023438e+00,9.132663726806640625e+00,2.126515150070190430e+00,8.867198944091796875e+00,5.227603912353515625e+00,8.286729812622070312e+00,9.342669486999511719e+00,7.986604213714599609e+00,1.246369266510009766e+01,9.816029548645019531e+00,1.126249599456787109e+01,1.215959644317626953e+01
9.443939208984375000e+00,8.759125709533691406e+00,2.607012748718261719e+00,8.470689773559570312e+00,4.849264144897460938e+00,8.567851066589355469e+00,8.074160575866699219e+00,9.180352210998535156e+00,1.293173027038574219e+01,9.842025756835937500e+00,1.152845001220703125e+01,1.217543697357177734e+01
9.373831748962402344e+00,8.920841217041015625e+00,2.293721437454223633e+00,8.832016944885253906e+00,5.136054039001464844e+00,8.803070068359375000e+00,8.648556709289550781e+00,9.119464874267578125e+00,1.276704597473144531e+01,9.930240631103515625e+00,1.154083728790283203e+01,1.231302356719970703e+01
9.457131385803222656e+00,9.017620086669921875e+00,2.454092264175415039e+00,8.719218254089355469e+00,5.077685356140136719e+00,7.871255874633789062e+00,9.292867660522460938e+00,8.377494812011718750e+00,1.261285209655761719e+01,9.738366127014160156e+00,1.143349266052246094e+01,1.224498653411865234e+01
9.335285186767578125e+00,8.988490104675292969e+00,2.661189317703247070e+00,8.633563041687011719e+00,4.809878349304199219e+00,7.900438308715820312e+00,8.551313400268554688e+00,8.348549842834472656e+00,1.259362983703613281e+01,9.792849540710449219e+00,1.136069393157958984e+01,1.209824943542480469e+01
9.379609107971191406e+00,9.209266662597656250e+00,2.639369487762451172e+00,8.655180931091308594e+00,5.126886367797851562e+00,7.712018966674804688e+00,9.217220306396484375e+00,7.847130298614501953e+00,1.268115425109863281e+01,9.680586814880371094e+00,1.127725028991699219e+01,1.231394100189208984e+01
9.275211334228515625e+00,9.398277282714843750e+00,2.733281612396240234e+00,9.055675506591796875e+00,5.421876907348632812e+00,8.156326293945312500e+00,9.297283172607421875e+00,7.994578838348388672e+00,1.275488090515136719e+01,9.927395820617675781e+00,1.121932029724121094e+01,1.235610198974609375e+01
9.320494651794433594e+00,8.839389801025390625e+00,2.063639640808105469e+00,8.728046417236328125e+00,5.092768669128417969e+00,7.948654174804687500e+00,9.312276840209960938e+00,8.607262611389160156e+00,1.239626216888427734e+01,9.715911865234375000e+00,1.136936473846435547e+01,1.205720710754394531e+01
9.231468200683593750e+00,9.034987449645996094e+00,2.488439321517944336e+00,8.749703407287597656e+00,5.007761001586914062e+00,8.831323623657226562e+00,8.330411911010742188e+00,9.010751724243164062e+00,1.271811008453369141e+01,9.919324874877929688e+00,1.154773044586181641e+01,1.230841445922851562e+01
9.166052818298339844e+00,9.442440986633300781e+00,2.343099117279052734e+00,9.034654617309570312e+00,5.316170692443847656e+00,8.466313362121582031e+00,9.716170310974121094e+00,7.921370029449462891e+00,1.247186565399169922e+01,9.651840209960937500e+00,1.121727085113525391e+01,1.216350269317626953e+01
9.371591567993164062e+00,8.505320549011230469e+00,3.150619268417358398e+00,8.965065956115722656e+00,5.308380126953125000e+00,9.106540679931640625e+00,9.231524467468261719e+00,7.606905937194824219e+00,1.179132080078125000e+01,9.633017539978027344e+00,1.045523929595947266e+01,1.150462532043457031e+01
9.168395042419433594e+00,9.342733383178710938e+00,3.000149488449096680e+00,9.167912483215332031e+00,4.627643585205078125e+00,9.095209121704101562e+00,9.132935523986816406e+00,7.322670459747314453e+00,1.181958103179931641e+01,9.689248085021972656e+00,1.080288505554199219e+01,1.206709957122802734e+01
9.459236145019531250e+00,8.879799842834472656e+00,3.218420028686523438e+00,9.135601043701171875e+00,5.086292266845703125e+00,9.413079261779785156e+00,9.176240921020507812e+00,7.635763645172119141e+00,1.185415458679199219e+01,9.801088333129882812e+00,1.046472454071044922e+01,1.173638916015625000e+01
9.295986175537109375e+00,8.744364738464355469e+00,2.991845607757568359e+00,8.992289543151855469e+00,4.739661216735839844e+00,9.244820594787597656e+00,8.697543144226074219e+00,7.550100803375244141e+00,1.157229423522949219e+01,9.798367500305175781e+00,1.038146877288818359e+01,1.160684490203857422e+01
9.652535438537597656e+00,8.244354248046875000e+00,3.248471021652221680e+00,8.955424308776855469e+00,4.936696052551269531e+00,9.080067634582519531e+00,8.794569969177246094e+00,7.673503875732421875e+00,1.182242488861083984e+01,9.704887390136718750e+00,1.002816581726074219e+01,1.126898193359375000e+01
9.458077430725097656e+00,8.368869781494140625e+00,2.971452236175537109e+00,8.678984642028808594e+00,4.150336265563964844e+00,8.842037200927734375e+00,8.092118263244628906e+00,7.335557460784912109e+00,1.152224731445312500e+01,9.493098258972167969e+00,1.003426551818847656e+01,1.121808624267578125e+01
9.517175674438476562e+00,7.951157569885253906e+00,3.133695363998413086e+00,8.304126739501953125e+00,3.288451433181762695e+00,8.869115829467773438e+00,7.824058055877685547e+00,7.391274929046630859e+00,1.140391254425048828e+01,9.257972717285156250e+00,9.810894012451171875e+00,1.108865547180175781e+01
9.569968223571777344e+00,8.065363883972167969e+00,3.033466815948486328e+00,8.367304801940917969e+00,3.689596176147460938e+00,8.370778083801269531e+00,8.139331817626953125e+00,7.075055599212646484e+00,1.149187183380126953e+01,9.191971778869628906e+00,9.791090011596679688e+00,1.106732749938964844e+01
9.705314636230468750e+00,7.717866897583007812e+00,3.279957532882690430e+00,8.649103164672851562e+00,4.298213005065917969e+00,9.097522735595703125e+00,8.184265136718750000e+00,7.825001239776611328e+00,1.163950729370117188e+01,9.651588439941406250e+00,9.555983543395996094e+00,1.088319587707519531e+01
9.716448783874511719e+00,7.518640518188476562e+00,3.285644292831420898e+00,8.356837272644042969e+00,4.603087425231933594e+00,8.975380897521972656e+00,8.010741233825683594e+00,7.366995811462402344e+00,1.175493717193603516e+01,9.323039054870605469e+00,9.499127388000488281e+00,1.056547641754150391e+01
9.140236854553222656e+00,8.969757080078125000e+00,2.294225454330444336e+00,8.415162086486816406e+00,5.456761360168457031e+00,8.461310386657714844e+00,8.503610610961914062e+00,7.459780693054199219e+00,1.218382263183593750e+01,9.113514900207519531e+00,1.113855266571044922e+01,1.208736515045166016e+01
9.116817474365234375e+00,8.968070030212402344e+00,2.469495773315429688e+00,8.430695533752441406e+00,5.364447593688964844e+00,8.556734085083007812e+00,8.560886383056640625e+00,7.416492938995361328e+00,1.214003372192382812e+01,9.137248039245605469e+00,1.111922836303710938e+01,1.208577919006347656e+01
9.023030281066894531e+00,9.252354621887207031e+00,2.469886302947998047e+00,8.796483039855957031e+00,5.424894332885742188e+00,8.502364158630371094e+00,8.991902351379394531e+00,7.570724964141845703e+00,1.225621700286865234e+01,9.455796241760253906e+00,1.131392955780029297e+01,1.236663436889648438e+01
9.368591308593750000e+00,9.009126663208007812e+00,3.188636064529418945e+00,8.577574729919433594e+00,4.868982315063476562e+00,8.320800781250000000e+00,8.685846328735351562e+00,8.176469802856445312e+00,1.241369628906250000e+01,9.220274925231933594e+00,1.103277301788330078e+01,1.195776176452636719e+01
9.280117988586425781e+00,8.759934425354003906e+00,3.152606010437011719e+00,8.520600318908691406e+00,4.256765365600585938e+00,8.149675369262695312e+00,8.422446250915527344e+00,8.002108573913574219e+00,1.199129772186279297e+01,9.467951774597167969e+00,1.109579086303710938e+01,1.188878250122070312e+01
8.945397377014160156e+00,9.121727943420410156e+00,2.696811676025390625e+00,9.065361976623535156e+00,5.156706809997558594e+00,8.552440643310546875e+00,9.225242614746093750e+00,7.186715126037597656e+00,1.189489269256591797e+01,9.683742523193359375e+00,1.123020839691162109e+01,1.244989776611328125e+01
8.936873435974121094e+00,9.317765235900878906e+00,2.348288297653198242e+00,9.167796134948730469e+00,5.551858901977539062e+00,8.813228607177734375e+00,9.302057266235351562e+00,7.295264244079589844e+00,1.208989048004150391e+01,9.683814048767089844e+00,1.128719234466552734e+01,1.264729404449462891e+01
8.855496406555175781e+00,9.157517433166503906e+00,2.421331644058227539e+00,8.972981452941894531e+00,4.730282783508300781e+00,8.375899314880371094e+00,8.894116401672363281e+00,7.507169723510742188e+00,1.195424938201904297e+01,9.481554985046386719e+00,1.106446838378906250e+01,1.211711597442626953e+01
8.949548721313476562e+00,9.393932342529296875e+00,2.488391637802124023e+00,9.238607406616210938e+00,5.350938796997070312e+00,8.720084190368652344e+00,9.283637046813964844e+00,7.063494205474853516e+00,1.207263374328613281e+01,9.703979492187500000e+00,1.127828502655029297e+01,1.258428192138671875e+01
8.916892051696777344e+00,9.491803169250488281e+00,2.793772459030151367e+00,9.414829254150390625e+00,5.389031410217285156e+00,8.908388137817382812e+00,9.652337074279785156e+00,7.168606758117675781e+00,1.206037425994873047e+01,9.733151435852050781e+00,1.118583202362060547e+01,1.254072475433349609e+01
9.675960540771484375e+00,8.144021987915039062e+00,3.610847711563110352e+00,8.214871406555175781e+00,2.815110921859741211e+00,7.436663627624511719e+00,8.748087882995605469e+00,7.406274795532226562e+00,1.231385421752929688e+01,9.152182579040527344e+00,9.836818695068359375e+00,1.130057239532470703e+01
9.315818786621093750e+00,8.478524208068847656e+00,2.956772089004516602e+00,8.260669708251953125e+00,3.103984832763671875e+00,7.436699867248535156e+00,8.167338371276855469e+00,6.947608470916748047e+00,1.179716873168945312e+01,8.933978080749511719e+00,1.015849685668945312e+01,1.144401168823242188e+01
9.427412033081054688e+00,9.002728462219238281e+00,3.120972156524658203e+00,8.727160453796386719e+00,3.678616285324096680e+00,8.347167015075683594e+00,8.879152297973632812e+00,7.045139789581298828e+00,1.208822727203369141e+01,9.307400703430175781e+00,1.049433422088623047e+01,1.188695240020751953e+01
9.232328414916992188e+00,8.715402603149414062e+00,2.925272226333618164e+00,8.715167999267578125e+00,4.094048500061035156e+00,8.808419227600097656e+00,8.956784248352050781e+00,6.987084388732910156e+00,1.172804832458496094e+01,9.319800376892089844e+00,1.034006309509277344e+01,1.168955421447753906e+01
9.211311340332031250e+00,9.502666473388671875e+00,2.920801877975463867e+00,9.216938018798828125e+00,4.554365158081054688e+00,8.761936187744140625e+00,9.398748397827148438e+00,7.085663795471191406e+00,1.203948402404785156e+01,9.659005165100097656e+00,1.087483978271484375e+01,1.227122402191162109e+01
9.898801803588867188e+00,7.542135238647460938e+00,3.632758140563964844e+00,7.772755146026611328e+00,4.869172096252441406e+00,9.003608703613281250e+00,8.097802162170410156e+00,7.451406478881835938e+00,1.180874919891357422e+01,8.621041297912597656e+00,9.318191528320312500e+00,1.001806259155273438e+01
9.557758331298828125e+00,8.440703392028808594e+00,3.026396274566650391e+00,8.757656097412109375e+00,4.255963325500488281e+00,9.036317825317382812e+00,8.713760375976562500e+00,7.985043048858642578e+00,1.196501064300537109e+01,9.451529502868652344e+00,1.019181823730468750e+01,1.143826866149902344e+01
9.575816154479980469e+00,8.035952568054199219e+00,3.259353399276733398e+00,8.282520294189453125e+00,3.213795900344848633e+00,8.203832626342773438e+00,8.387667655944824219e+00,7.758089542388916016e+00,1.197353744506835938e+01,9.229706764221191406e+00,9.999383926391601562e+00,1.135786724090576172e+01
9.436592102050781250e+00,8.034845352172851562e+00,2.741107225418090820e+00,7.836439132690429688e+00,2.315688848495483398e+00,8.153062820434570312e+00,7.682074546813964844e+00,7.269151210784912109e+00,1.158650112152099609e+01,8.773680686950683594e+00,9.663166999816894531e+00,1.102187156677246094e+01
9.671576499938964844e+00,8.213051795959472656e+00,3.324580907821655273e+00,8.644556999206542969e+00,4.680387496948242188e+00,9.264303207397460938e+00,8.734168052673339844e+00,7.879040241241455078e+00,1.191585254669189453e+01,9.381731033325195312e+00,9.898810386657714844e+00,1.094427204132080078e+01
9.598126411437988281e+00,8.724309921264648438e+00,3.301033020019531250e+00,8.537417411804199219e+00,4.494323730468750000e+00,7.318845748901367188e+00,8.485389709472656250e+00,7.983161926269531250e+00,1.239761829376220703e+01,9.206164360046386719e+00,1.100802898406982422e+01,1.196359348297119141e+01
9.418051719665527344e+00,8.390944480895996094e+00,3.100256204605102539e+00,8.346877098083496094e+00,3.819331884384155273e+00,6.781600952148437500e+00,7.745112895965576172e+00,7.544357299804687500e+00,1.221737957000732422e+01,9.025283813476562500e+00,1.072415637969970703e+01,1.179796123504638672e+01
9.096726417541503906e+00,8.146875381469726562e+00,2.661186695098876953e+00,7.909693241119384766e+00,3.123326778411865234e+00,8.677435874938964844e+00,7.771145343780517578e+00,7.320043563842773438e+00,1.161969089508056641e+01,9.085624694824218750e+00,9.965413093566894531e+00,1.143430995941162109e+01
9.084916114807128906e+00,8.867139816284179688e+00,2.886937856674194336e+00,8.545845031738281250e+00,4.125995635986328125e+00,8.338399887084960938e+00,8.418660163879394531e+00,7.304979801177978516e+00,1.178295993804931641e+01,9.343924522399902344e+00,1.076285839080810547e+01,1.204087734222412109e+01
9.411397933959960938e+00,8.939489364624023438e+00,3.433733224868774414e+00,8.192911148071289062e+00,2.873028755187988281e+00,6.679128646850585938e+00,6.582686901092529297e+00,7.120172023773193359e+00,1.199377536773681641e+01,8.700286865234375000e+00,1.024308967590332031e+01,1.149254608154296875e+01
9.406142234802246094e+00,7.837107658386230469e+00,2.668718576431274414e+00,7.643140792846679688e+00,2.641519546508789062e+00,8.390363693237304688e+00,7.321979045867919922e+00,7.562493801116943359e+00,1.146136474609375000e+01,8.866541862487792969e+00,9.998586654663085938e+00,1.123544311523437500e+01
8.929427146911621094e+00,9.208513259887695312e+00,2.432681083679199219e+00,8.957310676574707031e+00,4.388060569763183594e+00,8.407892227172851562e+00,8.950262069702148438e+00,6.901452064514160156e+00,1.180900096893310547e+01,9.317405700683593750e+00,1.078719520568847656e+01,1.230504894256591797e+01
9.187455177307128906e+00,8.200790405273437500e+00,2.605712652206420898e+00,7.961549282073974609e+00,2.626228809356689453e+00,8.525169372558593750e+00,7.587567806243896484e+00,7.015198707580566406e+00,1.141848373413085938e+01,8.957671165466308594e+00,9.821079254150390625e+00,1.134417438507080078e+01
9.608114242553710938e+00,7.946918010711669922e+00,2.764930963516235352e+00,7.697622299194335938e+00,2.999475002288818359e+00,7.556975364685058594e+00,7.286246299743652344e+00,8.207460403442382812e+00,1.163023567199707031e+01,8.764597892761230469e+00,1.060103797912597656e+01,1.118178749084472656e+01
9.415186882019042969e+00,8.435758590698242188e+00,3.100112676620483398e+00,8.070777893066406250e+00,2.910340547561645508e+00,8.106570243835449219e+00,7.462075233459472656e+00,7.434286594390869141e+00,1.150407600402832031e+01,8.961081504821777344e+00,1.032726860046386719e+01,1.141742229461669922e+01
9.135568618774414062e+00,7.983808040618896484e+00,2.148260116577148438e+00,8.036971092224121094e+00,4.535812377929687500e+00,8.253744125366210938e+00,8.140660285949707031e+00,8.824737548828125000e+00,1.210636711120605469e+01,9.567423820495605469e+00,1.149918079376220703e+01,1.194813156127929688e+01
9.150195121765136719e+00,8.043968200683593750e+00,2.205466985702514648e+00,8.034306526184082031e+00,4.518062591552734375e+00,8.819332122802734375e+00,8.173544883728027344e+00,9.279825210571289062e+00,1.225139808654785156e+01,9.614061355590820312e+00,1.147985649108886719e+01,1.186372661590576172e+01
9.285341262817382812e+00,8.078215599060058594e+00,2.219478607177734375e+00,8.060803413391113281e+00,4.550690650939941406e+00,8.425017356872558594e+00,8.233512878417968750e+00,9.050010681152343750e+00,1.228889942169189453e+01,9.573431015014648438e+00,1.146261024475097656e+01,1.190918540954589844e+01
8.922057151794433594e+00,8.254702568054199219e+00,2.350694656372070312e+00,8.117592811584472656e+00,4.290510177612304688e+00,7.930163383483886719e+00,8.139990806579589844e+00,8.089493751525878906e+00,1.181065082550048828e+01,9.670627593994140625e+00,1.118997097015380859e+01,1.189896869659423828e+01
9.004638671875000000e+00,8.158839225769042969e+00,2.413058519363403320e+00,8.062883377075195312e+00,4.302180767059326172e+00,8.395797729492187500e+00,8.034781455993652344e+00,8.597735404968261719e+00,1.189574909210205078e+01,9.637261390686035156e+00,1.130597019195556641e+01,1.183213901519775391e+01
8.973278045654296875e+00,8.220952987670898438e+00,2.198828697204589844e+00,8.120162010192871094e+00,4.522066116333007812e+00,8.674397468566894531e+00,8.095494270324707031e+00,8.697055816650390625e+00,1.199787807464599609e+01,9.746952056884765625e+00,1.142969608306884766e+01,1.193608760833740234e+01
8.857268333435058594e+00,8.436442375183105469e+00,2.476990938186645508e+00,8.358418464660644531e+00,4.429192543029785156e+00,8.975997924804687500e+00,8.294945716857910156e+00,8.308965682983398438e+00,1.184796428680419922e+01,9.812880516052246094e+00,1.128440475463867188e+01,1.196681976318359375e+01
8.909659385681152344e+00,8.214310646057128906e+00,2.318563222885131836e+00,8.093132972717285156e+00,4.430475234985351562e+00,8.764268875122070312e+00,8.067964553833007812e+00,8.736330986022949219e+00,1.195644187927246094e+01,9.746688842773437500e+00,1.137186431884765625e+01,1.187943840026855469e+01
8.918299674987792969e+00,8.229166984558105469e+00,2.273170709609985352e+00,8.062893867492675781e+00,4.424076080322265625e+00,9.077364921569824219e+00,7.916888713836669922e+00,8.839279174804687500e+00,1.199625873565673828e+01,9.731014251708984375e+00,1.142833232879638672e+01,1.192983913421630859e+01
8.994159698486328125e+00,8.238233566284179688e+00,2.314867973327636719e+00,8.168656349182128906e+00,4.506954193115234375e+00,9.226472854614257812e+00,8.078969955444335938e+00,8.916941642761230469e+00,1.202972126007080078e+01,9.741820335388183594e+00,1.142682838439941406e+01,1.195732212066650391e+01
9.173896789550781250e+00,8.264479637145996094e+00,2.445503711700439453e+00,8.110383987426757812e+00,4.805563926696777344e+00,8.322489738464355469e+00,8.356039047241210938e+00,9.284054756164550781e+00,1.232334518432617188e+01,9.594563484191894531e+00,1.148995590209960938e+01,1.172185325622558594e+01
9.229104042053222656e+00,8.228713989257812500e+00,2.712872266769409180e+00,8.131625175476074219e+00,4.888109207153320312e+00,8.925849914550781250e+00,8.376691818237304688e+00,9.551302909851074219e+00,1.253152847290039062e+01,9.685729026794433594e+00,1.149767398834228516e+01,1.167305850982666016e+01
9.068729400634765625e+00,8.541473388671875000e+00,2.614157438278198242e+00,8.141999244689941406e+00,4.792091369628906250e+00,8.579873085021972656e+00,8.162061691284179688e+00,9.120596885681152344e+00,1.241088390350341797e+01,9.673337936401367188e+00,1.141106986999511719e+01,1.175026035308837891e+01
9.171290397644042969e+00,8.295680046081542969e+00,2.440179586410522461e+00,8.178503990173339844e+00,4.867578506469726562e+00,8.619389533996582031e+00,8.570326805114746094e+00,9.344480514526367188e+00,1.234239292144775391e+01,9.640313148498535156e+00,1.142813205718994141e+01,1.167564868927001953e+01
9.221587181091308594e+00,8.399653434753417969e+00,2.751358509063720703e+00,8.024154663085937500e+00,4.684448242187500000e+00,8.079463005065917969e+00,7.900578498840332031e+00,8.909530639648437500e+00,1.242417526245117188e+01,9.527146339416503906e+00,1.143651771545410156e+01,1.172929382324218750e+01
9.269228935241699219e+00,8.487070083618164062e+00,2.935666561126708984e+00,8.172985076904296875e+00,4.852587699890136719e+00,8.247801780700683594e+00,8.054538726806640625e+00,9.173869132995605469e+00,1.255092620849609375e+01,9.597908973693847656e+00,1.136843204498291016e+01,1.170664882659912109e+01
9.114198684692382812e+00,8.373378753662109375e+00,2.574773788452148438e+00,8.126035690307617188e+00,4.742879867553710938e+00,8.924799919128417969e+00,8.404905319213867188e+00,9.502545356750488281e+00,1.234043979644775391e+01,9.703495025634765625e+00,1.146144008636474609e+01,1.168180274963378906e+01
9.037153244018554688e+00,8.539279937744140625e+00,2.716481447219848633e+00,8.069499015808105469e+00,4.732539176940917969e+00,8.384205818176269531e+00,7.927062988281250000e+00,8.858999252319335938e+00,1.238527584075927734e+01,9.609603881835937500e+00,1.143557834625244141e+01,1.174604988098144531e+01
9.251893997192382812e+00,8.343217849731445312e+00,2.896685838699340820e+00,8.140571594238281250e+00,4.872909545898437500e+00,8.796174049377441406e+00,8.233095169067382812e+00,9.406680107116699219e+00,1.248874092102050781e+01,9.715083122253417969e+00,1.150267696380615234e+01,1.167038917541503906e+01
9.231961250305175781e+00,8.486967086791992188e+00,2.746488571166992188e+00,8.254918098449707031e+00,4.862062454223632812e+00,8.128719329833984375e+00,8.213846206665039062e+00,8.893661499023437500e+00,1.241002559661865234e+01,9.610679626464843750e+00,1.139440250396728516e+01,1.178391361236572266e+01
9.506549835205078125e+00,8.324553489685058594e+00,3.027969598770141602e+00,8.927639007568359375e+00,5.209849357604980469e+00,9.237549781799316406e+00,9.305445671081542969e+00,7.640077590942382812e+00,1.189736747741699219e+01,9.438295364379882812e+00,1.022965526580810547e+01,1.143689632415771484e+01
9.666986465454101562e+00,7.712022304534912109e+00,3.491203546524047852e+00,8.977214813232421875e+00,5.364577293395996094e+00,9.173190116882324219e+00,9.271641731262207031e+00,7.625494956970214844e+00,1.180404758453369141e+01,9.479263305664062500e+00,9.795978546142578125e+00,1.106810188293457031e+01
9.447109222412109375e+00,7.810815811157226562e+00,3.226487636566162109e+00,8.955623626708984375e+00,5.582309722900390625e+00,9.219333648681640625e+00,9.148616790771484375e+00,7.626559257507324219e+00,1.177087593078613281e+01,9.455473899841308594e+00,9.984941482543945312e+00,1.129421424865722656e+01
9.385332107543945312e+00,8.170804977416992188e+00,2.883446455001831055e+00,8.743520736694335938e+00,4.900006294250488281e+00,8.650906562805175781e+00,9.011946678161621094e+00,7.199969768524169922e+00,1.161207008361816406e+01,9.328218460083007812e+00,1.021134376525878906e+01,1.147528362274169922e+01
9.642978668212890625e+00,7.237452030181884766e+00,3.352905511856079102e+00,8.644909858703613281e+00,5.041744232177734375e+00,9.024079322814941406e+00,8.820724487304687500e+00,7.353887081146240234e+00,1.161213874816894531e+01,9.311913490295410156e+00,9.562183380126953125e+00,1.084376716613769531e+01
9.504041671752929688e+00,7.348908901214599609e+00,3.295552968978881836e+00,8.615515708923339844e+00,5.299669265747070312e+00,9.221293449401855469e+00,8.706818580627441406e+00,7.484513282775878906e+00,1.159962558746337891e+01,9.360836982727050781e+00,9.818351745605468750e+00,1.110853767395019531e+01
9.622970581054687500e+00,7.242858886718750000e+00,3.349079132080078125e+00,8.541388511657714844e+00,5.353532791137695312e+00,9.190070152282714844e+00,8.535338401794433594e+00,7.499005317687988281e+00,1.157732295989990234e+01,9.311960220336914062e+00,9.597629547119140625e+00,1.081177234649658203e+01
9.276044845581054688e+00,8.843651771545410156e+00,2.844182491302490234e+00,9.377621650695800781e+00,5.610073089599609375e+00,8.939612388610839844e+00,9.404256820678710938e+00,7.780968666076660156e+00,1.181415939331054688e+01,9.718667030334472656e+00,1.068399429321289062e+01,1.202296447753906250e+01
9.556849479675292969e+00,7.826116561889648438e+00,2.962576627731323242e+00,8.900600433349609375e+00,5.134312629699707031e+00,8.786760330200195312e+00,8.988288879394531250e+00,7.544296741485595703e+00,1.170696735382080078e+01,9.451576232910156250e+00,9.960314750671386719e+00,1.122111415863037109e+01
9.458707809448242188e+00,7.707708835601806641e+00,3.230562448501586914e+00,9.134445190429687500e+00,5.352571487426757812e+00,9.273855209350585938e+00,8.975036621093750000e+00,7.771550178527832031e+00,1.167955684661865234e+01,9.817358016967773438e+00,1.009914779663085938e+01,1.152124309539794922e+01
9.529840469360351562e+00,7.972370147705078125e+00,2.926940679550170898e+00,7.726317405700683594e+00,4.378508567810058594e+00,8.123038291931152344e+00,8.000199317932128906e+00,9.066382408142089844e+00,1.234576511383056641e+01,9.247712135314941406e+00,1.103275299072265625e+01,1.129413414001464844e+01
9.310463905334472656e+00,8.158389091491699219e+00,2.847065210342407227e+00,8.044693946838378906e+00,4.556582450866699219e+00,8.569276809692382812e+00,8.273263931274414062e+00,9.013943672180175781e+00,1.234834289550781250e+01,9.497898101806640625e+00,1.113843536376953125e+01,1.141598510742187500e+01
9.604490280151367188e+00,7.918302536010742188e+00,2.720468521118164062e+00,7.760282516479492188e+00,4.346208572387695312e+00,7.911796569824218750e+00,8.015001296997070312e+00,9.121903419494628906e+00,1.225699806213378906e+01,9.305573463439941406e+00,1.123400402069091797e+01,1.141415596008300781e+01
9.376994132995605469e+00,8.116203308105468750e+00,2.803483963012695312e+00,7.962429046630859375e+00,4.572437286376953125e+00,8.358429908752441406e+00,8.228139877319335938e+00,9.167815208435058594e+00,1.228967094421386719e+01,9.435523986816406250e+00,1.118870449066162109e+01,1.138818836212158203e+01
9.075068473815917969e+00,8.304772377014160156e+00,2.710992097854614258e+00,8.072806358337402344e+00,4.730304718017578125e+00,8.929489135742187500e+00,8.202209472656250000e+00,9.073289871215820312e+00,1.224623870849609375e+01,9.567404747009277344e+00,1.121157836914062500e+01,1.143300914764404297e+01
9.115972518920898438e+00,8.258982658386230469e+00,2.606571912765502930e+00,8.062629699707031250e+00,4.464097023010253906e+00,8.841481208801269531e+00,8.153783798217773438e+00,8.742341041564941406e+00,1.214585304260253906e+01,9.477421760559082031e+00,1.099531459808349609e+01,1.131441879272460938e+01
8.998835563659667969e+00,8.394481658935546875e+00,2.469945907592773438e+00,8.255418777465820312e+00,4.976131439208984375e+00,9.002317428588867188e+00,8.436685562133789062e+00,8.885593414306640625e+00,1.216118526458740234e+01,9.577849388122558594e+00,1.119245910644531250e+01,1.152060794830322266e+01
9.195134162902832031e+00,8.416651725769042969e+00,2.916935443878173828e+00,8.031370162963867188e+00,4.638921737670898438e+00,8.862417221069335938e+00,8.073156356811523438e+00,9.081342697143554688e+00,1.225950050354003906e+01,9.552174568176269531e+00,1.116113948822021484e+01,1.143182277679443359e+01
9.055126190185546875e+00,8.318863868713378906e+00,2.499547958374023438e+00,8.225472450256347656e+00,4.757468223571777344e+00,8.914681434631347656e+00,8.363115310668945312e+00,8.758551597595214844e+00,1.214495372772216797e+01,9.607511520385742188e+00,1.112633132934570312e+01,1.148941898345947266e+01
9.106483459472656250e+00,8.393345832824707031e+00,2.858236789703369141e+00,8.095104217529296875e+00,4.734148979187011719e+00,9.049454689025878906e+00,8.175973892211914062e+00,8.961337089538574219e+00,1.222336292266845703e+01,9.607837677001953125e+00,1.114790153503417969e+01,1.142186069488525391e+01
9.267565727233886719e+00,7.903011322021484375e+00,2.745453357696533203e+00,7.913369178771972656e+00,2.487986564636230469e+00,8.464832305908203125e+00,7.437911987304687500e+00,7.519389629364013672e+00,1.159349822998046875e+01,8.836107254028320312e+00,9.848533630371093750e+00,1.115264511108398438e+01
9.147648811340332031e+00,8.008261680603027344e+00,2.752538681030273438e+00,7.725258350372314453e+00,2.759388685226440430e+00,8.532349586486816406e+00,7.461405277252197266e+00,7.180224418640136719e+00,1.141541004180908203e+01,9.023427963256835938e+00,9.988802909851074219e+00,1.132472991943359375e+01
9.127805709838867188e+00,8.383308410644531250e+00,2.800172567367553711e+00,8.432048797607421875e+00,3.244712114334106445e+00,8.731871604919433594e+00,8.035926818847656250e+00,7.315189838409423828e+00,1.170671653747558594e+01,9.086595535278320312e+00,1.019925403594970703e+01,1.156140995025634766e+01
9.201787948608398438e+00,8.067352294921875000e+00,2.820863485336303711e+00,8.037365913391113281e+00,2.837647914886474609e+00,8.682623863220214844e+00,7.674373626708984375e+00,7.395632266998291016e+00,1.160244369506835938e+01,9.003943443298339844e+00,9.997066497802734375e+00,1.131023502349853516e+01
9.112501144409179688e+00,8.047522544860839844e+00,2.509950160980224609e+00,7.972417831420898438e+00,2.885892391204833984e+00,8.803948402404785156e+00,7.740721225738525391e+00,7.164845943450927734e+00,1.136162853240966797e+01,9.007855415344238281e+00,1.002792930603027344e+01,1.141431236267089844e+01
9.359352111816406250e+00,7.926976203918457031e+00,2.692539215087890625e+00,7.808511734008789062e+00,2.433145523071289062e+00,8.028833389282226562e+00,7.059182643890380859e+00,7.878811359405517578e+00,1.188564586639404297e+01,8.778459548950195312e+00,9.925994873046875000e+00,1.107856369018554688e+01
9.260320663452148438e+00,8.358165740966796875e+00,2.715532779693603516e+00,8.172637939453125000e+00,2.927156686782836914e+00,8.015707969665527344e+00,6.967946052551269531e+00,7.835733890533447266e+00,1.207523918151855469e+01,9.056374549865722656e+00,1.030483913421630859e+01,1.133808326721191406e+01
9.323863983154296875e+00,7.837033271789550781e+00,2.829938173294067383e+00,7.930567264556884766e+00,2.509112596511840820e+00,8.392740249633789062e+00,7.367354869842529297e+00,7.399308681488037109e+00,1.157444763183593750e+01,8.885802268981933594e+00,9.834400177001953125e+00,1.112018489837646484e+01
9.203340530395507812e+00,8.061058044433593750e+00,2.565737009048461914e+00,7.890584468841552734e+00,2.597138404846191406e+00,8.506546974182128906e+00,7.554793357849121094e+00,7.094750404357910156e+00,1.147265625000000000e+01,8.807926177978515625e+00,9.851676940917968750e+00,1.120752620697021484e+01
9.347628593444824219e+00,7.892649173736572266e+00,2.471621990203857422e+00,7.664904594421386719e+00,2.401088237762451172e+00,8.367519378662109375e+00,7.224525928497314453e+00,7.593388557434082031e+00,1.163299751281738281e+01,8.720479965209960938e+00,9.760351181030273438e+00,1.101127338409423828e+01
9.322061538696289062e+00,9.227688789367675781e+00,3.321763038635253906e+00,8.695398330688476562e+00,4.718236923217773438e+00,8.329771041870117188e+00,8.286560058593750000e+00,8.025764465332031250e+00,1.238641834259033203e+01,9.242566108703613281e+00,1.079259490966796875e+01,1.178277778625488281e+01
9.339636802673339844e+00,8.901886940002441406e+00,3.370828151702880859e+00,8.220390319824218750e+00,3.521948814392089844e+00,7.504604339599609375e+00,7.162687301635742188e+00,7.746363639831542969e+00,1.209108924865722656e+01,8.953649520874023438e+00,1.040676689147949219e+01,1.141223144531250000e+01
9.162708282470703125e+00,9.282217025756835938e+00,3.434047698974609375e+00,8.471898078918457031e+00,4.070859909057617188e+00,8.374971389770507812e+00,8.008054733276367188e+00,7.985453605651855469e+00,1.215367126464843750e+01,9.103122711181640625e+00,1.045264434814453125e+01,1.165821647644042969e+01
9.128947257995605469e+00,9.065981864929199219e+00,3.103788852691650391e+00,8.524137496948242188e+00,4.212941646575927734e+00,8.541254997253417969e+00,8.055115699768066406e+00,7.494303226470947266e+00,1.200547885894775391e+01,9.275328636169433594e+00,1.051743888854980469e+01,1.169999027252197266e+01
9.019862174987792969e+00,8.878219604492187500e+00,2.997555494308471680e+00,8.735690116882324219e+00,4.500698089599609375e+00,8.749155998229980469e+00,8.687767982482910156e+00,7.483361721038818359e+00,1.187554073333740234e+01,9.524138450622558594e+00,1.076306629180908203e+01,1.190702438354492188e+01
9.274327278137207031e+00,9.188487052917480469e+00,3.430014371871948242e+00,8.419816017150878906e+00,3.707616329193115234e+00,7.630915641784667969e+00,7.414662361145019531e+00,7.802728652954101562e+00,1.216051864624023438e+01,9.012201309204101562e+00,1.045341968536376953e+01,1.152273464202880859e+01
9.041130065917968750e+00,8.774417877197265625e+00,2.901340723037719727e+00,8.402365684509277344e+00,3.856525897979736328e+00,8.401959419250488281e+00,7.728141784667968750e+00,7.220768928527832031e+00,1.187527370452880859e+01,9.343750000000000000e+00,1.057863140106201172e+01,1.172502899169921875e+01
9.146700859069824219e+00,8.826020240783691406e+00,3.070861339569091797e+00,8.300451278686523438e+00,3.222960710525512695e+00,7.688674926757812500e+00,6.885840415954589844e+00,6.983170032501220703e+00,1.189263725280761719e+01,9.006606101989746094e+00,1.027657890319824219e+01,1.151545333862304688e+01
9.091157913208007812e+00,8.812096595764160156e+00,2.933756351470947266e+00,8.329095840454101562e+00,3.389242887496948242e+00,8.200798034667968750e+00,7.566072463989257812e+00,7.161519527435302734e+00,1.176771831512451172e+01,9.029962539672851562e+00,1.029924678802490234e+01,1.160182762145996094e+01
8.829054832458496094e+00,8.410327911376953125e+00,2.223159313201904297e+00,8.359122276306152344e+00,4.026958942413330078e+00,8.701304435729980469e+00,8.313714027404785156e+00,7.268007278442382812e+00,1.161420822143554688e+01,9.393259048461914062e+00,1.052012157440185547e+01,1.169564533233642578e+01
9.415363311767578125e+00,8.430830955505371094e+00,2.801401138305664062e+00,7.939530849456787109e+00,4.302180767059326172e+00,6.722984313964843750e+00,7.734369754791259766e+00,8.448793411254882812e+00,1.213829040527343750e+01,9.157073974609375000e+00,1.103133106231689453e+01,1.156334877014160156e+01
9.281422615051269531e+00,8.526453971862792969e+00,2.931506633758544922e+00,7.631582736968994141e+00,3.430033445358276367e+00,6.299009323120117188e+00,6.966827392578125000e+00,7.005661964416503906e+00,1.194145202636718750e+01,9.018692970275878906e+00,1.072368526458740234e+01,1.164039802551269531e+01
9.609279632568359375e+00,7.884220123291015625e+00,2.470861673355102539e+00,7.555494308471679688e+00,3.661417245864868164e+00,6.556757926940917969e+00,7.385567188262939453e+00,8.142022132873535156e+00,1.205435943603515625e+01,8.800296783447265625e+00,1.100689220428466797e+01,1.144370651245117188e+01
9.207771301269531250e+00,8.856637954711914062e+00,2.892707109451293945e+00,8.263164520263671875e+00,4.019313812255859375e+00,7.105226516723632812e+00,8.010785102844238281e+00,6.685066699981689453e+00,1.202795886993408203e+01,9.256299018859863281e+00,1.082628154754638672e+01,1.206072902679443359e+01
8.965722084045410156e+00,8.858622550964355469e+00,2.675340890884399414e+00,8.275065422058105469e+00,4.231012344360351562e+00,7.306825637817382812e+00,8.005846023559570312e+00,7.136419296264648438e+00,1.182416820526123047e+01,9.465898513793945312e+00,1.092101860046386719e+01,1.194785976409912109e+01
9.369903564453125000e+00,8.318627357482910156e+00,2.533986330032348633e+00,8.051384925842285156e+00,4.063119888305664062e+00,7.309298515319824219e+00,8.081010818481445312e+00,8.362050056457519531e+00,1.208138847351074219e+01,9.155632972717285156e+00,1.097096157073974609e+01,1.152308559417724609e+01
8.785387992858886719e+00,8.972125053405761719e+00,2.420527458190917969e+00,8.649268150329589844e+00,4.892545700073242188e+00,8.467462539672851562e+00,8.694454193115234375e+00,7.600618362426757812e+00,1.191780567169189453e+01,9.790175437927246094e+00,1.111052513122558594e+01,1.209268569946289062e+01
8.792625427246093750e+00,8.552171707153320312e+00,2.600617647171020508e+00,7.902707576751708984e+00,3.918602228164672852e+00,7.617844581604003906e+00,7.585397243499755859e+00,7.277323246002197266e+00,1.169698238372802734e+01,9.409531593322753906e+00,1.081134033203125000e+01,1.156967639923095703e+01
8.912147521972656250e+00,9.322678565979003906e+00,2.754402399063110352e+00,8.740600585937500000e+00,4.267994880676269531e+00,8.591573715209960938e+00,8.658906936645507812e+00,6.749241352081298828e+00,1.188062572479248047e+01,9.557978630065917969e+00,1.090841579437255859e+01,1.218676185607910156e+01
8.937443733215332031e+00,9.002628326416015625e+00,2.735016584396362305e+00,8.480743408203125000e+00,4.214046478271484375e+00,8.276916503906250000e+00,8.388191223144531250e+00,7.231860160827636719e+00,1.186278247833251953e+01,9.522852897644042969e+00,1.096307277679443359e+01,1.193830490112304688e+01
8.916836738586425781e+00,8.341497421264648438e+00,2.777824163436889648e+00,8.249012947082519531e+00,3.736474037170410156e+00,8.901011466979980469e+00,7.863246917724609375e+00,7.685824394226074219e+00,1.161692714691162109e+01,9.507118225097656250e+00,1.067599105834960938e+01,1.171957683563232422e+01
8.777890205383300781e+00,8.318339347839355469e+00,2.698659420013427734e+00,8.404561042785644531e+00,4.422254562377929688e+00,9.294406890869140625e+00,8.203073501586914062e+00,8.094567298889160156e+00,1.190437793731689453e+01,9.805354118347167969e+00,1.085967063903808594e+01,1.176077747344970703e+01
8.954529762268066406e+00,8.545407295227050781e+00,2.785117864608764648e+00,8.998003959655761719e+00,4.902990341186523438e+00,9.498696327209472656e+00,9.110207557678222656e+00,7.615222454071044922e+00,1.194434833526611328e+01,9.848120689392089844e+00,1.098129081726074219e+01,1.216100120544433594e+01
9.095234870910644531e+00,8.358940124511718750e+00,2.861452102661132812e+00,8.201705932617187500e+00,3.912360429763793945e+00,8.965666770935058594e+00,8.134811401367187500e+00,8.063185691833496094e+00,1.177480030059814453e+01,9.267292976379394531e+00,1.049930191040039062e+01,1.143943405151367188e+01
8.952797889709472656e+00,8.519734382629394531e+00,2.922806739807128906e+00,8.542365074157714844e+00,4.111146926879882812e+00,8.979402542114257812e+00,8.113990783691406250e+00,7.625519752502441406e+00,1.171878337860107422e+01,9.740736961364746094e+00,1.077950477600097656e+01,1.182194137573242188e+01
8.998278617858886719e+00,8.723186492919921875e+00,2.766159772872924805e+00,8.894000053405761719e+00,4.675021171569824219e+00,9.413299560546875000e+00,8.795822143554687500e+00,7.740018844604492188e+00,1.179690647125244141e+01,9.854783058166503906e+00,1.097037029266357422e+01,1.199723625183105469e+01
9.208004951477050781e+00,8.143664360046386719e+00,2.846735000610351562e+00,8.140754699707031250e+00,3.605214118957519531e+00,8.932907104492187500e+00,7.970658779144287109e+00,7.834699630737304688e+00,1.169188594818115234e+01,9.161198616027832031e+00,1.030652236938476562e+01,1.131605148315429688e+01
8.993970870971679688e+00,8.651082038879394531e+00,2.773000001907348633e+00,8.836488723754882812e+00,4.682058334350585938e+00,9.426519393920898438e+00,8.826457977294921875e+00,7.893669128417968750e+00,1.187744235992431641e+01,9.784675598144531250e+00,1.095263385772705078e+01,1.195113182067871094e+01
9.226199150085449219e+00,8.475371360778808594e+00,2.953777551651000977e+00,8.627838134765625000e+00,3.960440158843994141e+00,9.002295494079589844e+00,8.498358726501464844e+00,7.501918792724609375e+00,1.179535007476806641e+01,9.345952033996582031e+00,1.048152637481689453e+01,1.176958084106445312e+01
8.843650817871093750e+00,8.686140060424804688e+00,2.718616008758544922e+00,8.585253715515136719e+00,4.318393707275390625e+00,9.583346366882324219e+00,8.164336204528808594e+00,7.670286178588867188e+00,1.161759281158447266e+01,9.729999542236328125e+00,1.070145797729492188e+01,1.169164848327636719e+01
8.710741996765136719e+00,9.314669609069824219e+00,2.203384876251220703e+00,9.157933235168457031e+00,5.485970497131347656e+00,9.286472320556640625e+00,9.710145950317382812e+00,7.212891101837158203e+00,1.190081787109375000e+01,9.304161071777343750e+00,1.040255355834960938e+01,1.165187454223632812e+01
8.517448425292968750e+00,9.298122406005859375e+00,2.081904649734497070e+00,9.046131134033203125e+00,5.496222496032714844e+00,9.200366973876953125e+00,9.521870613098144531e+00,7.109280586242675781e+00,1.184087944030761719e+01,9.316306114196777344e+00,1.047078132629394531e+01,1.176164627075195312e+01
8.421850204467773438e+00,9.235806465148925781e+00,1.936836242675781250e+00,9.018848419189453125e+00,5.411814689636230469e+00,9.160840988159179688e+00,9.476112365722656250e+00,6.924558639526367188e+00,1.175170421600341797e+01,9.250832557678222656e+00,1.049189853668212891e+01,1.176604938507080078e+01
8.594588279724121094e+00,9.357715606689453125e+00,2.091951131820678711e+00,9.154608726501464844e+00,5.462628364562988281e+00,9.258369445800781250e+00,9.655454635620117188e+00,6.984554290771484375e+00,1.184224033355712891e+01,9.337317466735839844e+00,1.050697612762451172e+01,1.176110267639160156e+01
8.471138000488281250e+00,9.207080841064453125e+00,1.801371455192565918e+00,9.031942367553710938e+00,5.279749870300292969e+00,9.031165122985839844e+00,9.387993812561035156e+00,6.760238647460937500e+00,1.171318626403808594e+01,9.367671966552734375e+00,1.070042991638183594e+01,1.188340950012207031e+01
8.605346679687500000e+00,9.444044113159179688e+00,2.111433982849121094e+00,9.227737426757812500e+00,5.532506942749023438e+00,9.288607597351074219e+00,9.587896347045898438e+00,7.121532440185546875e+00,1.193297195434570312e+01,9.516724586486816406e+00,1.067539119720458984e+01,1.193338394165039062e+01
8.646418571472167969e+00,9.416592597961425781e+00,2.116647720336914062e+00,9.228809356689453125e+00,5.546580314636230469e+00,9.241768836975097656e+00,9.632433891296386719e+00,7.169965267181396484e+00,1.190583038330078125e+01,9.493110656738281250e+00,1.059191036224365234e+01,1.188459873199462891e+01
8.941303253173828125e+00,9.375099182128906250e+00,2.547126531600952148e+00,9.291321754455566406e+00,5.682316780090332031e+00,9.284834861755371094e+00,9.733243942260742188e+00,7.599915504455566406e+00,1.202093601226806641e+01,9.480835914611816406e+00,1.049510002136230469e+01,1.184500217437744141e+01
8.670118331909179688e+00,9.373604774475097656e+00,2.276378154754638672e+00,9.150846481323242188e+00,5.596095085144042969e+00,9.239567756652832031e+00,9.645388603210449219e+00,7.223586082458496094e+00,1.192283535003662109e+01,9.379302024841308594e+00,1.048954105377197266e+01,1.185070228576660156e+01
8.522212982177734375e+00,9.458651542663574219e+00,1.940630793571472168e+00,9.277312278747558594e+00,5.478704452514648438e+00,9.289649009704589844e+00,9.684781074523925781e+00,6.880444526672363281e+00,1.181311511993408203e+01,9.438719749450683594e+00,1.056831455230712891e+01,1.185618591308593750e+01
9.467655181884765625e+00,7.754661560058593750e+00,2.747332096099853516e+00,7.249884605407714844e+00,3.102021694183349609e+00,8.774696350097656250e+00,6.711668968200683594e+00,7.264389991760253906e+00,1.142401790618896484e+01,9.005021095275878906e+00,1.009595489501953125e+01,1.078325939178466797e+01
9.573248863220214844e+00,7.672068119049072266e+00,3.086981296539306641e+00,7.154168605804443359e+00,2.803051710128784180e+00,8.787413597106933594e+00,6.702032566070556641e+00,7.010500431060791016e+00,1.130778694152832031e+01,8.913299560546875000e+00,9.969332695007324219e+00,1.085239505767822266e+01
9.458298683166503906e+00,8.252374649047851562e+00,3.380836009979248047e+00,7.355179786682128906e+00,3.183824062347412109e+00,8.559956550598144531e+00,6.425251483917236328e+00,6.928345203399658203e+00,1.122975349426269531e+01,9.115853309631347656e+00,9.886474609375000000e+00,1.085479259490966797e+01
9.650341987609863281e+00,7.908664226531982422e+00,3.424892425537109375e+00,7.194429874420166016e+00,2.713056325912475586e+00,8.710864067077636719e+00,6.859045028686523438e+00,7.276605129241943359e+00,1.121436882019042969e+01,8.794551849365234375e+00,9.991783142089843750e+00,1.082890033721923828e+01
9.433922767639160156e+00,7.652629375457763672e+00,4.119155883789062500e+00,7.747038841247558594e+00,3.787269592285156250e+00,9.360445022583007812e+00,7.743155956268310547e+00,7.045119762420654297e+00,1.128124237060546875e+01,9.499580383300781250e+00,1.002896213531494141e+01,1.101742744445800781e+01
9.241495132446289062e+00,8.292735099792480469e+00,3.316625118255615234e+00,8.356640815734863281e+00,4.441126823425292969e+00,8.666414260864257812e+00,8.075528144836425781e+00,7.269742012023925781e+00,1.182785034179687500e+01,9.497645378112792969e+00,1.017110633850097656e+01,1.106515407562255859e+01
9.339109420776367188e+00,8.341068267822265625e+00,3.334690332412719727e+00,8.432314872741699219e+00,4.524797439575195312e+00,8.662601470947265625e+00,8.315263748168945312e+00,7.332203388214111328e+00,1.187224483489990234e+01,9.532504081726074219e+00,1.015544795989990234e+01,1.112010002136230469e+01
9.449954986572265625e+00,8.060595512390136719e+00,3.722445726394653320e+00,8.755878448486328125e+00,4.770780563354492188e+00,8.864019393920898438e+00,8.713361740112304688e+00,7.528556346893310547e+00,1.175379848480224609e+01,9.849640846252441406e+00,1.025750732421875000e+01,1.143440532684326172e+01
8.953995704650878906e+00,9.161962509155273438e+00,2.668429613113403320e+00,9.464983940124511719e+00,5.169534683227539062e+00,9.120912551879882812e+00,9.393526077270507812e+00,7.106656551361083984e+00,1.187498474121093750e+01,9.966866493225097656e+00,1.083281803131103516e+01,1.230326271057128906e+01
9.254899024963378906e+00,8.117395401000976562e+00,3.029131412506103516e+00,8.503776550292968750e+00,3.742264747619628906e+00,8.770076751708984375e+00,8.197991371154785156e+00,7.440025806427001953e+00,1.159880733489990234e+01,9.257752418518066406e+00,1.008225917816162109e+01,1.126230335235595703e+01
9.048935890197753906e+00,8.140561103820800781e+00,2.658609628677368164e+00,7.938491821289062500e+00,3.359578371047973633e+00,9.137635231018066406e+00,7.629862785339355469e+00,7.715851783752441406e+00,1.151957988739013672e+01,9.229936599731445312e+00,1.030420684814453125e+01,1.143580150604248047e+01
9.371751785278320312e+00,7.998043537139892578e+00,3.655541658401489258e+00,7.650750160217285156e+00,2.627857446670532227e+00,8.488401412963867188e+00,7.041894912719726562e+00,7.465004920959472656e+00,1.132769775390625000e+01,9.161023139953613281e+00,1.030551433563232422e+01,1.128617668151855469e+01
8.676986694335937500e+00,8.043208122253417969e+00,2.854799747467041016e+00,7.313879489898681641e+00,2.980814933776855469e+00,9.342344284057617188e+00,6.357033729553222656e+00,7.600245475769042969e+00,1.127232265472412109e+01,8.905001640319824219e+00,1.004080581665039062e+01,1.087576770782470703e+01
9.243723869323730469e+00,7.876225471496582031e+00,2.734109878540039062e+00,7.503346920013427734e+00,2.439749240875244141e+00,8.468510627746582031e+00,7.138522624969482422e+00,7.420566558837890625e+00,1.126294708251953125e+01,8.894154548645019531e+00,1.004729366302490234e+01,1.120922088623046875e+01
9.115608215332031250e+00,8.054806709289550781e+00,2.636293172836303711e+00,7.839326858520507812e+00,3.023511409759521484e+00,9.048596382141113281e+00,7.388462543487548828e+00,7.474355220794677734e+00,1.134302520751953125e+01,9.076732635498046875e+00,1.016464710235595703e+01,1.128462314605712891e+01
9.252647399902343750e+00,7.967642784118652344e+00,2.491837024688720703e+00,7.760508060455322266e+00,2.604358673095703125e+00,8.481753349304199219e+00,7.303660392761230469e+00,7.247663021087646484e+00,1.132592678070068359e+01,8.901397705078125000e+00,9.858476638793945312e+00,1.111980819702148438e+01
9.205298423767089844e+00,8.057791709899902344e+00,2.378228902816772461e+00,7.807036399841308594e+00,2.690190315246582031e+00,8.420599937438964844e+00,7.387284755706787109e+00,7.086059093475341797e+00,1.130280399322509766e+01,8.893901824951171875e+00,9.948289871215820312e+00,1.116473579406738281e+01
9.131317138671875000e+00,8.092647552490234375e+00,2.602160930633544922e+00,7.855046272277832031e+00,2.949356794357299805e+00,8.889432907104492188e+00,7.462999820709228516e+00,7.382686614990234375e+00,1.133235073089599609e+01,9.102576255798339844e+00,1.020401287078857422e+01,1.130518722534179688e+01
8.734979629516601562e+00,8.130416870117187500e+00,2.515088081359863281e+00,7.374838352203369141e+00,3.207962989807128906e+00,9.534132957458496094e+00,6.852017402648925781e+00,7.474993228912353516e+00,1.107415103912353516e+01,8.989621162414550781e+00,1.014505481719970703e+01,1.115563488006591797e+01
8.912371635437011719e+00,8.403223037719726562e+00,2.658457279205322266e+00,7.854564189910888672e+00,3.527405261993408203e+00,9.490878105163574219e+00,7.307362079620361328e+00,7.410848617553710938e+00,1.128173065185546875e+01,9.121610641479492188e+00,1.020658302307128906e+01,1.126129245758056641e+01
8.891483306884765625e+00,8.769008636474609375e+00,2.779392480850219727e+00,8.324069976806640625e+00,4.013348579406738281e+00,8.124636650085449219e+00,7.677050590515136719e+00,7.639638900756835938e+00,1.184140777587890625e+01,9.132501602172851562e+00,1.041941928863525391e+01,1.134811401367187500e+01
8.800924301147460938e+00,8.581657409667968750e+00,2.404201030731201172e+00,8.494197845458984375e+00,4.018725395202636719e+00,8.871518135070800781e+00,8.143324851989746094e+00,6.924771308898925781e+00,1.159969615936279297e+01,9.382122039794921875e+00,1.025881576538085938e+01,1.152430534362792969e+01
8.880455017089843750e+00,8.587770462036132812e+00,2.884185314178466797e+00,8.166207313537597656e+00,3.828087806701660156e+00,8.125894546508789062e+00,7.325409889221191406e+00,7.657455444335937500e+00,1.171192550659179688e+01,8.950305938720703125e+00,1.005686092376708984e+01,1.097257900238037109e+01
9.039228439331054688e+00,8.767030715942382812e+00,3.061339139938354492e+00,8.088091850280761719e+00,3.871360063552856445e+00,7.405967712402343750e+00,7.086578845977783203e+00,8.575201034545898438e+00,1.199481201171875000e+01,8.836968421936035156e+00,1.024174785614013672e+01,1.085973548889160156e+01
8.920461654663085938e+00,8.737655639648437500e+00,2.821973085403442383e+00,8.490235328674316406e+00,4.331306457519531250e+00,8.835526466369628906e+00,8.299799919128417969e+00,7.376958370208740234e+00,1.166072177886962891e+01,9.237823486328125000e+00,1.026377677917480469e+01,1.140469169616699219e+01
8.987344741821289062e+00,8.285179138183593750e+00,2.767098426818847656e+00,8.336812973022460938e+00,4.052359580993652344e+00,8.949112892150878906e+00,7.950617790222167969e+00,7.272132873535156250e+00,1.164506149291992188e+01,9.236041069030761719e+00,1.012913990020751953e+01,1.124482822418212891e+01
9.122395515441894531e+00,8.707375526428222656e+00,3.486558198928833008e+00,8.394370079040527344e+00,4.406988143920898438e+00,8.103055000305175781e+00,7.426775455474853516e+00,8.179576873779296875e+00,1.221751785278320312e+01,9.241163253784179688e+00,1.048738574981689453e+01,1.118034744262695312e+01
8.801947593688964844e+00,8.075319290161132812e+00,2.517697811126708984e+00,7.956411361694335938e+00,3.447417974472045898e+00,8.641795158386230469e+00,7.075472831726074219e+00,6.876046657562255859e+00,1.143543815612792969e+01,9.046417236328125000e+00,9.865105628967285156e+00,1.107698440551757812e+01
8.936586380004882812e+00,8.405115127563476562e+00,2.801393270492553711e+00,8.358613967895507812e+00,3.955057859420776367e+00,9.138594627380371094e+00,7.892845153808593750e+00,7.107313156127929688e+00,1.157649612426757812e+01,9.285801887512207031e+00,1.000213813781738281e+01,1.126113605499267578e+01
8.825926780700683594e+00,8.417528152465820312e+00,2.765549898147583008e+00,8.394555091857910156e+00,4.089551448822021484e+00,8.476916313171386719e+00,7.601823806762695312e+00,7.613865852355957031e+00,1.177012252807617188e+01,9.297377586364746094e+00,1.024052906036376953e+01,1.124338626861572266e+01
1.002849102020263672e+01,8.491729736328125000e+00,1.869135379791259766e+00,6.826908111572265625e+00,3.184595346450805664e+00,9.025834083557128906e+00,6.906528949737548828e+00,8.537502288818359375e+00,1.284611225128173828e+01,8.033800125122070312e+00,9.867495536804199219e+00,1.032769680023193359e+01
9.761342048645019531e+00,7.953145980834960938e+00,2.637098789215087891e+00,6.978748321533203125e+00,3.011363267898559570e+00,8.735960006713867188e+00,7.276937007904052734e+00,8.148739814758300781e+00,1.261907482147216797e+01,8.172538757324218750e+00,9.547535896301269531e+00,1.027438545227050781e+01
9.609829902648925781e+00,8.354617118835449219e+00,2.549754619598388672e+00,7.250026702880859375e+00,3.230489969253540039e+00,8.947272300720214844e+00,7.167840003967285156e+00,7.858469963073730469e+00,1.266233253479003906e+01,8.218523025512695312e+00,9.752363204956054688e+00,1.052583408355712891e+01
9.722048759460449219e+00,8.065920829772949219e+00,3.062430620193481445e+00,7.150393009185791016e+00,3.362909793853759766e+00,9.196788787841796875e+00,7.493506431579589844e+00,8.093628883361816406e+00,1.247332096099853516e+01,8.056852340698242188e+00,9.369239807128906250e+00,1.027439212799072266e+01
9.589549064636230469e+00,7.971837043762207031e+00,3.388029336929321289e+00,7.192585468292236328e+00,3.177136421203613281e+00,8.316663742065429688e+00,7.098353385925292969e+00,7.590919494628906250e+00,1.233348083496093750e+01,8.123791694641113281e+00,9.455531120300292969e+00,1.036488819122314453e+01
1.005750560760498047e+01,8.107435226440429688e+00,2.270099878311157227e+00,6.670109272003173828e+00,2.810390949249267578e+00,9.223688125610351562e+00,7.143764495849609375e+00,8.256078720092773438e+00,1.244060134887695312e+01,7.823684215545654297e+00,9.458213806152343750e+00,1.008859348297119141e+01
9.738404273986816406e+00,7.985810756683349609e+00,2.541358947753906250e+00,6.954650878906250000e+00,2.783438920974731445e+00,9.402171134948730469e+00,7.105891704559326172e+00,7.672922134399414062e+00,1.222183990478515625e+01,8.245434761047363281e+00,9.355978965759277344e+00,1.023505592346191406e+01
1.000547695159912109e+01,8.120475769042968750e+00,2.958173274993896484e+00,7.145950317382812500e+00,2.947553396224975586e+00,8.277435302734375000e+00,7.212695598602294922e+00,8.183242797851562500e+00,1.215293884277343750e+01,8.069934844970703125e+00,9.729753494262695312e+00,1.035035419464111328e+01
9.302827835083007812e+00,7.919525623321533203e+00,3.035348653793334961e+00,7.785761833190917969e+00,3.620611429214477539e+00,8.688985824584960938e+00,8.005525588989257812e+00,7.560961246490478516e+00,1.190906524658203125e+01,8.771219253540039062e+00,9.724818229675292969e+00,1.085834312438964844e+01
1.042773723602294922e+01,7.835521221160888672e+00,2.830216407775878906e+00,6.573274612426757812e+00,2.295590877532958984e+00,7.947904586791992188e+00,6.438932418823242188e+00,8.370297431945800781e+00,1.247213077545166016e+01,7.703526496887207031e+00,9.453731536865234375e+00,9.968045234680175781e+00
9.705406188964843750e+00,7.963250637054443359e+00,3.589786052703857422e+00,8.465347290039062500e+00,5.404647827148437500e+00,9.319261550903320312e+00,8.830214500427246094e+00,8.131161689758300781e+00,1.183065032958984375e+01,9.661191940307617188e+00,1.036970615386962891e+01,1.161959362030029297e+01
9.752964019775390625e+00,7.874837875366210938e+00,3.479157686233520508e+00,8.513070106506347656e+00,5.459494590759277344e+00,9.332394599914550781e+00,8.799818038940429688e+00,8.036157608032226562e+00,1.198646736145019531e+01,9.500399589538574219e+00,1.027691078186035156e+01,1.130097961425781250e+01
9.781190872192382812e+00,7.863784790039062500e+00,4.055874347686767578e+00,8.330419540405273438e+00,5.115212440490722656e+00,8.822379112243652344e+00,8.574267387390136719e+00,8.136982917785644531e+00,1.165997791290283203e+01,9.742193222045898438e+00,1.063550949096679688e+01,1.184980773925781250e+01
9.760799407958984375e+00,7.870049476623535156e+00,3.465651512145996094e+00,8.801576614379882812e+00,5.622805595397949219e+00,9.283694267272949219e+00,9.061459541320800781e+00,8.003036499023437500e+00,1.193622112274169922e+01,9.498982429504394531e+00,1.008378410339355469e+01,1.112485027313232422e+01
9.810348510742187500e+00,7.759342670440673828e+00,4.054410457611083984e+00,8.440600395202636719e+00,5.350069046020507812e+00,8.871577262878417969e+00,8.507846832275390625e+00,8.111153602600097656e+00,1.166565704345703125e+01,9.740971565246582031e+00,1.055632209777832031e+01,1.186744976043701172e+01
9.645250320434570312e+00,7.837597846984863281e+00,4.086749076843261719e+00,8.155249595642089844e+00,5.114670753479003906e+00,9.583499908447265625e+00,8.340630531311035156e+00,7.438598155975341797e+00,1.147443866729736328e+01,9.324685096740722656e+00,9.986365318298339844e+00,1.117555713653564453e+01
9.722027778625488281e+00,7.912792682647705078e+00,4.078808307647705078e+00,8.346178054809570312e+00,5.455726623535156250e+00,9.460825920104980469e+00,8.676894187927246094e+00,8.125284194946289062e+00,1.157246971130371094e+01,9.619962692260742188e+00,1.042082500457763672e+01,1.168691253662109375e+01
9.791646957397460938e+00,7.816237926483154297e+00,4.120386123657226562e+00,8.370442390441894531e+00,5.358861923217773438e+00,9.418711662292480469e+00,8.617236137390136719e+00,8.085341453552246094e+00,1.165627479553222656e+01,9.740502357482910156e+00,1.032278633117675781e+01,1.170710372924804688e+01
9.598466873168945312e+00,8.101307868957519531e+00,3.547312974929809570e+00,8.944541931152343750e+00,5.544598579406738281e+00,8.763059616088867188e+00,9.099987030029296875e+00,7.862983226776123047e+00,1.168428039550781250e+01,9.808284759521484375e+00,1.049208927154541016e+01,1.185553455352783203e+01
9.570358276367187500e+00,8.389770507812500000e+00,4.129136085510253906e+00,8.393010139465332031e+00,5.137296676635742188e+00,9.293178558349609375e+00,8.592892646789550781e+00,7.630129337310791016e+00,1.168626117706298828e+01,9.518633842468261719e+00,1.048308372497558594e+01,1.167011833190917969e+01
9.512001037597656250e+00,8.132043838500976562e+00,3.142467260360717773e+00,8.609144210815429688e+00,5.493621826171875000e+00,9.614933967590332031e+00,9.105632781982421875e+00,8.205587387084960938e+00,1.197122097015380859e+01,9.379623413085937500e+00,1.044458675384521484e+01,1.134030818939208984e+01
9.570536613464355469e+00,7.913717269897460938e+00,3.644772052764892578e+00,8.192642211914062500e+00,5.162993431091308594e+00,9.619624137878417969e+00,8.628243446350097656e+00,8.109926223754882812e+00,1.159643363952636719e+01,9.462808609008789062e+00,1.034136390686035156e+01,1.142371082305908203e+01
9.512578964233398438e+00,8.227565765380859375e+00,3.205449581146240234e+00,7.812213897705078125e+00,4.733773231506347656e+00,9.515365600585937500e+00,8.516349792480468750e+00,8.221797943115234375e+00,1.170659637451171875e+01,8.987549781799316406e+00,1.010803413391113281e+01,1.088868713378906250e+01
9.577960014343261719e+00,8.313151359558105469e+00,3.297232866287231445e+00,9.049705505371093750e+00,5.544342041015625000e+00,9.421338081359863281e+00,9.404108047485351562e+00,7.944199085235595703e+00,1.190347576141357422e+01,9.681264877319335938e+00,1.049494457244873047e+01,1.165592384338378906e+01
9.409470558166503906e+00,7.952991485595703125e+00,3.352534294128417969e+00,8.455217361450195312e+00,4.944603919982910156e+00,9.337504386901855469e+00,8.836791992187500000e+00,7.160809516906738281e+00,1.143889999389648438e+01,9.349850654602050781e+00,1.007166290283203125e+01,1.128220844268798828e+01
9.584787368774414062e+00,8.006624221801757812e+00,3.406751632690429688e+00,8.607975006103515625e+00,5.227229118347167969e+00,9.461104393005371094e+00,8.955319404602050781e+00,7.842679500579833984e+00,1.168405246734619141e+01,9.566776275634765625e+00,1.024208450317382812e+01,1.143842315673828125e+01
9.606553077697753906e+00,8.082645416259765625e+00,3.173527479171752930e+00,8.183320999145507812e+00,5.071987152099609375e+00,9.550075531005859375e+00,8.401958465576171875e+00,7.732559680938720703e+00,1.177594566345214844e+01,9.133271217346191406e+00,1.020013904571533203e+01,1.088407897949218750e+01
9.648547172546386719e+00,7.828691482543945312e+00,3.429918766021728516e+00,8.730654716491699219e+00,5.327541351318359375e+00,9.461127281188964844e+00,8.959270477294921875e+00,7.807359695434570312e+00,1.165413188934326172e+01,9.610122680664062500e+00,9.947159767150878906e+00,1.129399013519287109e+01
9.466489791870117188e+00,7.830304145812988281e+00,3.389870166778564453e+00,8.545475959777832031e+00,4.991888046264648438e+00,9.370853424072265625e+00,8.842770576477050781e+00,7.527627944946289062e+00,1.147134971618652344e+01,9.574732780456542969e+00,1.000834941864013672e+01,1.142787170410156250e+01
9.521079063415527344e+00,7.679524898529052734e+00,3.560547828674316406e+00,8.706181526184082031e+00,5.194490432739257812e+00,9.369237899780273438e+00,8.814281463623046875e+00,7.618494987487792969e+00,1.148898887634277344e+01,9.711881637573242188e+00,1.003347015380859375e+01,1.150040531158447266e+01
9.742929458618164062e+00,8.497362136840820312e+00,3.159353256225585938e+00,7.937165260314941406e+00,5.087524414062500000e+00,9.234814643859863281e+00,8.475197792053222656e+00,8.386642456054687500e+00,1.236326026916503906e+01,8.785602569580078125e+00,1.051442241668701172e+01,1.085446929931640625e+01
9.709881782531738281e+00,8.488043785095214844e+00,3.440093755722045898e+00,7.933157920837402344e+00,4.834985733032226562e+00,9.148774147033691406e+00,8.635557174682617188e+00,8.607342720031738281e+00,1.226168346405029297e+01,8.960711479187011719e+00,1.050967597961425781e+01,1.071194267272949219e+01
9.752956390380859375e+00,8.889379501342773438e+00,3.988423824310302734e+00,7.893691062927246094e+00,4.693031311035156250e+00,9.010765075683593750e+00,8.172272682189941406e+00,8.945852279663085938e+00,1.234294319152832031e+01,8.941100120544433594e+00,1.052907276153564453e+01,1.067404270172119141e+01
9.918132781982421875e+00,8.954615592956542969e+00,4.354758262634277344e+00,7.891706943511962891e+00,4.644986152648925781e+00,8.632399559020996094e+00,7.973654747009277344e+00,9.062523841857910156e+00,1.248608779907226562e+01,8.988867759704589844e+00,1.053925895690917969e+01,1.064082241058349609e+01
9.905370712280273438e+00,9.138955116271972656e+00,4.756634235382080078e+00,7.532068252563476562e+00,4.568315505981445312e+00,8.482694625854492188e+00,7.083839893341064453e+00,8.829137802124023438e+00,1.284730052947998047e+01,8.823713302612304688e+00,1.044538211822509766e+01,1.048450183868408203e+01
9.990564346313476562e+00,9.307126045227050781e+00,5.164187431335449219e+00,7.378143787384033203e+00,4.439998626708984375e+00,8.173991203308105469e+00,6.950970649719238281e+00,8.854518890380859375e+00,1.273926639556884766e+01,8.688931465148925781e+00,1.025376224517822266e+01,1.015850543975830078e+01
9.918419837951660156e+00,9.223763465881347656e+00,5.095636367797851562e+00,7.459719657897949219e+00,4.372690200805664062e+00,8.044499397277832031e+00,6.969131469726562500e+00,8.953892707824707031e+00,1.269640731811523438e+01,8.600084304809570312e+00,1.011709117889404297e+01,9.978776931762695312e+00
9.710463523864746094e+00,9.145520210266113281e+00,4.493826389312744141e+00,7.640770912170410156e+00,4.914844512939453125e+00,8.506643295288085938e+00,7.596199989318847656e+00,9.000102996826171875e+00,1.268954277038574219e+01,8.906085968017578125e+00,1.053418540954589844e+01,1.035380935668945312e+01
9.843200683593750000e+00,9.323884963989257812e+00,4.821684360504150391e+00,7.475470542907714844e+00,4.704953193664550781e+00,8.346765518188476562e+00,7.199050903320312500e+00,8.830051422119140625e+00,1.266496372222900391e+01,8.678671836853027344e+00,1.028699779510498047e+01,1.008898448944091797e+01
9.739865303039550781e+00,9.131940841674804688e+00,4.522011280059814453e+00,7.939736366271972656e+00,4.869352340698242188e+00,8.129899024963378906e+00,7.893016338348388672e+00,9.160211563110351562e+00,1.269696617126464844e+01,9.111455917358398438e+00,1.072521305084228516e+01,1.076210117340087891e+01
8.907309532165527344e+00,8.864262580871582031e+00,2.740866661071777344e+00,8.942409515380859375e+00,4.120168685913085938e+00,8.930312156677246094e+00,8.727744102478027344e+00,7.152049541473388672e+00,1.177890777587890625e+01,9.398016929626464844e+00,1.067496490478515625e+01,1.206954479217529297e+01
8.979380607604980469e+00,8.847636222839355469e+00,2.625703096389770508e+00,8.875611305236816406e+00,4.063275814056396484e+00,9.036954879760742188e+00,8.699277877807617188e+00,7.082544803619384766e+00,1.173770713806152344e+01,9.468315124511718750e+00,1.066267299652099609e+01,1.203444290161132812e+01
9.055257797241210938e+00,8.687330245971679688e+00,2.588548421859741211e+00,8.532148361206054688e+00,3.422984600067138672e+00,8.734770774841308594e+00,8.130783081054687500e+00,7.103452205657958984e+00,1.163759803771972656e+01,9.213731765747070312e+00,1.035081386566162109e+01,1.174920177459716797e+01
9.248632431030273438e+00,8.124341964721679688e+00,2.667943000793457031e+00,8.101572036743164062e+00,2.833204984664916992e+00,8.577281951904296875e+00,7.672776699066162109e+00,7.212451457977294922e+00,1.146380996704101562e+01,8.987483024597167969e+00,1.006474971771240234e+01,1.138184356689453125e+01
9.190899848937988281e+00,8.271387100219726562e+00,2.625968933105468750e+00,8.199234008789062500e+00,2.950031518936157227e+00,8.544438362121582031e+00,7.797945499420166016e+00,7.136551380157470703e+00,1.150034618377685547e+01,9.000834465026855469e+00,1.010059165954589844e+01,1.147379970550537109e+01
9.091160774230957031e+00,8.250494003295898438e+00,2.607365369796752930e+00,8.140307426452636719e+00,2.942609071731567383e+00,8.323532104492187500e+00,7.699896812438964844e+00,7.057344913482666016e+00,1.148903751373291016e+01,8.982956886291503906e+00,1.011955833435058594e+01,1.145723628997802734e+01
8.968101501464843750e+00,8.828520774841308594e+00,2.611073970794677734e+00,8.827184677124023438e+00,4.212605476379394531e+00,9.012246131896972656e+00,8.622147560119628906e+00,7.071848392486572266e+00,1.160440731048583984e+01,9.464503288269042969e+00,1.063481330871582031e+01,1.204276466369628906e+01
9.358309745788574219e+00,7.966410160064697266e+00,2.690879106521606445e+00,8.028940200805664062e+00,2.811592578887939453e+00,8.490860939025878906e+00,7.615734100341796875e+00,7.199048519134521484e+00,1.135991764068603516e+01,8.977241516113281250e+00,1.001252651214599609e+01,1.128675842285156250e+01
9.336260795593261719e+00,7.945820808410644531e+00,2.794791221618652344e+00,7.939065933227539062e+00,2.572279453277587891e+00,8.420585632324218750e+00,7.489643573760986328e+00,7.317768096923828125e+00,1.140972518920898438e+01,8.889409065246582031e+00,9.853722572326660156e+00,1.119775104522705078e+01
9.347380638122558594e+00,7.913243293762207031e+00,2.705815792083740234e+00,7.898014068603515625e+00,2.611541509628295898e+00,8.431561470031738281e+00,7.491663932800292969e+00,7.308669090270996094e+00,1.137783336639404297e+01,8.950846672058105469e+00,9.918483734130859375e+00,1.123015594482421875e+01
9.015556335449218750e+00,8.383439064025878906e+00,2.566958189010620117e+00,8.217907905578613281e+00,2.947555780410766602e+00,8.508639335632324219e+00,7.924370288848876953e+00,7.049658775329589844e+00,1.152842426300048828e+01,8.932805061340332031e+00,9.971675872802734375e+00,1.147577857971191406e+01
9.177014350891113281e+00,8.173332214355468750e+00,2.682223558425903320e+00,8.193954467773437500e+00,2.991130113601684570e+00,8.698091506958007812e+00,7.879013538360595703e+00,7.226689815521240234e+00,1.138729000091552734e+01,9.066729545593261719e+00,1.016250610351562500e+01,1.151387500762939453e+01
8.961696624755859375e+00,8.611727714538574219e+00,2.438474893569946289e+00,8.489628791809082031e+00,3.565579175949096680e+00,8.883972167968750000e+00,8.257639884948730469e+00,7.086984157562255859e+00,1.148777484893798828e+01,9.233383178710937500e+00,1.037353706359863281e+01,1.173414516448974609e+01
9.279983520507812500e+00,7.955626964569091797e+00,2.731451749801635742e+00,7.981123924255371094e+00,2.627427339553833008e+00,8.536630630493164062e+00,7.582391262054443359e+00,7.255201816558837891e+00,1.146121883392333984e+01,8.926104545593261719e+00,9.899081230163574219e+00,1.125915718078613281e+01
9.123523712158203125e+00,8.187559127807617188e+00,2.718226909637451172e+00,7.931990623474121094e+00,2.838849544525146484e+00,8.562783241271972656e+00,7.636405467987060547e+00,7.032236099243164062e+00,1.133200550079345703e+01,8.911645889282226562e+00,9.989661216735839844e+00,1.133982753753662109e+01
8.949366569519042969e+00,8.699491500854492188e+00,2.542032957077026367e+00,8.358658790588378906e+00,3.224069118499755859e+00,8.504344940185546875e+00,8.015957832336425781e+00,6.961663722991943359e+00,1.143351650238037109e+01,9.046562194824218750e+00,1.030265426635742188e+01,1.163229274749755859e+01
9.210446357727050781e+00,8.584976196289062500e+00,2.765406131744384766e+00,8.468121528625488281e+00,3.258823394775390625e+00,8.705218315124511719e+00,8.089875221252441406e+00,7.169783592224121094e+00,1.153537368774414062e+01,9.054597854614257812e+00,1.011637115478515625e+01,1.162262821197509766e+01
9.173445701599121094e+00,8.349765777587890625e+00,2.724832296371459961e+00,8.429800987243652344e+00,3.317989826202392578e+00,8.769095420837402344e+00,8.239931106567382812e+00,7.143942356109619141e+00,1.147554969787597656e+01,9.136788368225097656e+00,1.012019252777099609e+01,1.159826946258544922e+01
8.929072380065917969e+00,8.876666069030761719e+00,2.715216159820556641e+00,8.804327011108398438e+00,3.981742858886718750e+00,8.788853645324707031e+00,8.680647850036621094e+00,6.903292179107666016e+00,1.166600227355957031e+01,9.354144096374511719e+00,1.053663158416748047e+01,1.197018527984619141e+01
9.080023765563964844e+00,8.343664169311523438e+00,2.710528135299682617e+00,8.206657409667968750e+00,2.956578254699707031e+00,8.505368232727050781e+00,7.808718204498291016e+00,6.967832565307617188e+00,1.142116451263427734e+01,8.949481964111328125e+00,1.004694175720214844e+01,1.147860145568847656e+01
8.464645385742187500e+00,8.595105171203613281e+00,2.129310846328735352e+00,8.356899261474609375e+00,4.854868888854980469e+00,9.605912208557128906e+00,8.168351173400878906e+00,8.669114112854003906e+00,1.190715789794921875e+01,9.895623207092285156e+00,1.138154888153076172e+01,1.206789112091064453e+01
8.617427825927734375e+00,8.652491569519042969e+00,2.182786464691162109e+00,8.587783813476562500e+00,5.229906082153320312e+00,1.051933956146240234e+01,8.474538803100585938e+00,9.839048385620117188e+00,1.243793582916259766e+01,9.983332633972167969e+00,1.147743511199951172e+01,1.208481884002685547e+01
8.540947914123535156e+00,8.473793983459472656e+00,2.358095407485961914e+00,8.330186843872070312e+00,4.010211944580078125e+00,9.163100242614746094e+00,7.481947422027587891e+00,7.414865016937255859e+00,1.170212078094482422e+01,9.753281593322753906e+00,1.087221431732177734e+01,1.191102504730224609e+01
8.384239196777343750e+00,8.612833023071289062e+00,1.970340967178344727e+00,8.345825195312500000e+00,4.743885993957519531e+00,9.831933975219726562e+00,7.942420482635498047e+00,8.623282432556152344e+00,1.195391082763671875e+01,1.000454998016357422e+01,1.127873897552490234e+01,1.212536334991455078e+01
8.495059967041015625e+00,8.591923713684082031e+00,2.200937747955322266e+00,8.480502128601074219e+00,4.794155120849609375e+00,9.538095474243164062e+00,8.132617950439453125e+00,8.321512222290039062e+00,1.191431140899658203e+01,1.003219127655029297e+01,1.119526767730712891e+01,1.202758407592773438e+01
8.447356224060058594e+00,8.273248672485351562e+00,2.272808074951171875e+00,8.253153800964355469e+00,4.361941337585449219e+00,9.902185440063476562e+00,7.627011299133300781e+00,8.272468566894531250e+00,1.169263935089111328e+01,9.927220344543457031e+00,1.101278495788574219e+01,1.189394092559814453e+01
8.536567687988281250e+00,8.493605613708496094e+00,2.044380426406860352e+00,8.214720726013183594e+00,4.620878219604492188e+00,9.730223655700683594e+00,7.825708389282226562e+00,8.710980415344238281e+00,1.178406620025634766e+01,9.896881103515625000e+00,1.115603160858154297e+01,1.188895893096923828e+01
8.804283142089843750e+00,8.741164207458496094e+00,1.987326622009277344e+00,8.478698730468750000e+00,4.986939430236816406e+00,9.298430442810058594e+00,8.464501380920410156e+00,8.715332984924316406e+00,1.189773845672607422e+01,9.792484283447265625e+00,1.121242332458496094e+01,1.196975421905517578e+01
8.384540557861328125e+00,8.179755210876464844e+00,1.982818961143493652e+00,8.005799293518066406e+00,4.218104839324951172e+00,9.231172561645507812e+00,7.368651866912841797e+00,8.166719436645507812e+00,1.154263591766357422e+01,9.787616729736328125e+00,1.099702739715576172e+01,1.183358001708984375e+01
8.355304718017578125e+00,8.377588272094726562e+00,2.197948694229125977e+00,8.108784675598144531e+00,4.659773826599121094e+00,1.008414936065673828e+01,7.584996700286865234e+00,8.746484756469726562e+00,1.159660434722900391e+01,9.904741287231445312e+00,1.108548450469970703e+01,1.179038429260253906e+01
9.206124305725097656e+00,8.752526283264160156e+00,2.918687820434570312e+00,9.230389595031738281e+00,5.910837173461914062e+00,8.990347862243652344e+00,9.527601242065429688e+00,8.456004142761230469e+00,1.244966220855712891e+01,9.694740295410156250e+00,1.037568283081054688e+01,1.192674160003662109e+01
9.086614608764648438e+00,8.863812446594238281e+00,2.565439462661743164e+00,9.204327583312988281e+00,6.011719703674316406e+00,8.955895423889160156e+00,9.476678848266601562e+00,8.220954895019531250e+00,1.226157951354980469e+01,9.815842628479003906e+00,1.046640396118164062e+01,1.209696006774902344e+01
9.199727058410644531e+00,9.012019157409667969e+00,2.951267719268798828e+00,9.138480186462402344e+00,6.192372322082519531e+00,8.959753990173339844e+00,9.338826179504394531e+00,8.512728691101074219e+00,1.276424026489257812e+01,9.662151336669921875e+00,1.058071041107177734e+01,1.235972785949707031e+01
9.209926605224609375e+00,8.852991104125976562e+00,2.968904495239257812e+00,9.246829986572265625e+00,6.085876464843750000e+00,8.988987922668457031e+00,9.458697319030761719e+00,8.477489471435546875e+00,1.257567214965820312e+01,9.706045150756835938e+00,1.052842903137207031e+01,1.218957805633544922e+01
9.015095710754394531e+00,8.953416824340820312e+00,2.571130752563476562e+00,9.149241447448730469e+00,6.076354980468750000e+00,9.085889816284179688e+00,9.441803932189941406e+00,8.413462638854980469e+00,1.236873912811279297e+01,9.718847274780273438e+00,1.045945167541503906e+01,1.217282962799072266e+01
9.200360298156738281e+00,8.741244316101074219e+00,2.863439083099365234e+00,9.237649917602539062e+00,6.011360168457031250e+00,9.012456893920898438e+00,9.470446586608886719e+00,8.439430236816406250e+00,1.238600444793701172e+01,9.751523971557617188e+00,1.043428611755371094e+01,1.204458904266357422e+01
9.172190666198730469e+00,8.617509841918945312e+00,2.834780693054199219e+00,9.264632225036621094e+00,5.927382469177246094e+00,8.953443527221679688e+00,9.493142127990722656e+00,8.275026321411132812e+00,1.222757720947265625e+01,9.783318519592285156e+00,1.034691429138183594e+01,1.189712524414062500e+01
9.159962654113769531e+00,8.737942695617675781e+00,2.816738843917846680e+00,9.307949066162109375e+00,6.032148361206054688e+00,9.066548347473144531e+00,9.444334030151367188e+00,8.311800003051757812e+00,1.234594058990478516e+01,9.804063796997070312e+00,1.051408863067626953e+01,1.213968658447265625e+01
9.152726173400878906e+00,8.717168807983398438e+00,2.588469505310058594e+00,9.234852790832519531e+00,5.952002525329589844e+00,8.935111045837402344e+00,9.466259956359863281e+00,8.118507385253906250e+00,1.204605484008789062e+01,9.823193550109863281e+00,1.029289817810058594e+01,1.191652584075927734e+01
9.150706291198730469e+00,8.636066436767578125e+00,2.766505718231201172e+00,9.267289161682128906e+00,5.989760398864746094e+00,8.994876861572265625e+00,9.461927413940429688e+00,8.216878890991210938e+00,1.218436622619628906e+01,9.810664176940917969e+00,1.035877704620361328e+01,1.195680141448974609e+01
9.509082794189453125e+00,9.270686149597167969e+00,3.094829320907592773e+00,9.048696517944335938e+00,6.229257583618164062e+00,8.954393386840820312e+00,9.109693527221679688e+00,9.041490554809570312e+00,1.346588993072509766e+01,9.630950927734375000e+00,1.094948196411132812e+01,1.267212486267089844e+01
9.530236244201660156e+00,9.285206794738769531e+00,3.147766590118408203e+00,9.009254455566406250e+00,6.285299301147460938e+00,8.966775894165039062e+00,9.132089614868164062e+00,9.025361061096191406e+00,1.355120468139648438e+01,9.648698806762695312e+00,1.099762535095214844e+01,1.273461246490478516e+01
9.269251823425292969e+00,9.094239234924316406e+00,2.914484739303588867e+00,9.195602416992187500e+00,5.977705001831054688e+00,9.306835174560546875e+00,9.370111465454101562e+00,8.507101058959960938e+00,1.293249320983886719e+01,9.538231849670410156e+00,1.070641708374023438e+01,1.243388938903808594e+01
9.424889564514160156e+00,9.213135719299316406e+00,3.079375505447387695e+00,9.056137084960937500e+00,6.139910697937011719e+00,9.274281501770019531e+00,9.206117630004882812e+00,8.871743202209472656e+00,1.332385063171386719e+01,9.599924087524414062e+00,1.088004779815673828e+01,1.263212680816650391e+01
9.433703422546386719e+00,9.052862167358398438e+00,3.128548383712768555e+00,9.159192085266113281e+00,6.121905326843261719e+00,9.127206802368164062e+00,9.331550598144531250e+00,8.905192375183105469e+00,1.321118640899658203e+01,9.609741210937500000e+00,1.078129863739013672e+01,1.253018760681152344e+01
9.445727348327636719e+00,8.989195823669433594e+00,3.123754024505615234e+00,9.178708076477050781e+00,6.081778526306152344e+00,9.126890182495117188e+00,9.389612197875976562e+00,8.846662521362304688e+00,1.308005237579345703e+01,9.577044486999511719e+00,1.069453334808349609e+01,1.243021106719970703e+01
9.355340003967285156e+00,8.807861328125000000e+00,3.074947357177734375e+00,9.267718315124511719e+00,6.023542404174804688e+00,9.088440895080566406e+00,9.434358596801757812e+00,8.572663307189941406e+00,1.276680088043212891e+01,9.576248168945312500e+00,1.049942016601562500e+01,1.217653274536132812e+01
9.088452339172363281e+00,8.925385475158691406e+00,2.630100250244140625e+00,9.159803390502929688e+00,5.834356307983398438e+00,9.334090232849121094e+00,9.271859169006347656e+00,8.311674118041992188e+00,1.265186882019042969e+01,9.586920738220214844e+00,1.056318759918212891e+01,1.222483539581298828e+01
9.151129722595214844e+00,8.902638435363769531e+00,2.780571460723876953e+00,9.162553787231445312e+00,5.911936759948730469e+00,9.265779495239257812e+00,9.285208702087402344e+00,8.492280006408691406e+00,1.270903015136718750e+01,9.615741729736328125e+00,1.052301979064941406e+01,1.220878124237060547e+01
9.163487434387207031e+00,8.835884094238281250e+00,2.866368055343627930e+00,9.217665672302246094e+00,5.897768020629882812e+00,9.219385147094726562e+00,9.380599021911621094e+00,8.545287132263183594e+00,1.265896034240722656e+01,9.588023185729980469e+00,1.045198631286621094e+01,1.213212776184082031e+01
9.518631935119628906e+00,8.289964675903320312e+00,3.171657562255859375e+00,9.145860671997070312e+00,5.981509208679199219e+00,8.724394798278808594e+00,9.290500640869140625e+00,8.815316200256347656e+00,1.239910316467285156e+01,9.767280578613281250e+00,1.006905651092529297e+01,1.166638565063476562e+01
9.329751014709472656e+00,8.018231391906738281e+00,3.459773063659667969e+00,9.430406570434570312e+00,6.186509132385253906e+00,9.381982803344726562e+00,9.108939170837402344e+00,8.559214591979980469e+00,1.266274452209472656e+01,9.956758499145507812e+00,1.031340885162353516e+01,1.212079906463623047e+01
9.650545120239257812e+00,7.797235965728759766e+00,3.416043281555175781e+00,9.070884704589843750e+00,6.012681961059570312e+00,9.195432662963867188e+00,9.004313468933105469e+00,8.857160568237304688e+00,1.236942577362060547e+01,9.852557182312011719e+00,9.799946784973144531e+00,1.149312591552734375e+01
9.404494285583496094e+00,7.954290390014648438e+00,3.509807825088500977e+00,9.444027900695800781e+00,6.156744003295898438e+00,9.373895645141601562e+00,9.133637428283691406e+00,8.540126800537109375e+00,1.257898426055908203e+01,9.933256149291992188e+00,1.025313377380371094e+01,1.203021049499511719e+01
9.527500152587890625e+00,8.011540412902832031e+00,3.252539396286010742e+00,9.168684959411621094e+00,5.991866111755371094e+00,9.003046035766601562e+00,9.076889038085937500e+00,8.737478256225585938e+00,1.245941352844238281e+01,9.895540237426757812e+00,9.911642074584960938e+00,1.156781578063964844e+01
9.589830398559570312e+00,7.874794960021972656e+00,3.220000743865966797e+00,9.119979858398437500e+00,5.972986221313476562e+00,9.158576011657714844e+00,9.038131713867187500e+00,8.709959030151367188e+00,1.223604488372802734e+01,9.891098022460937500e+00,9.739523887634277344e+00,1.146472644805908203e+01
9.611879348754882812e+00,8.058500289916992188e+00,3.398705482482910156e+00,9.279129981994628906e+00,6.088985443115234375e+00,9.162514686584472656e+00,9.088291168212890625e+00,8.885329246520996094e+00,1.248499393463134766e+01,9.906950950622558594e+00,1.001068687438964844e+01,1.173369216918945312e+01
9.644268989562988281e+00,7.770705699920654297e+00,3.061203002929687500e+00,8.864419937133789062e+00,5.663363456726074219e+00,9.145045280456542969e+00,8.802451133728027344e+00,8.431219100952148438e+00,1.215490913391113281e+01,9.845963478088378906e+00,9.357147216796875000e+00,1.094459056854248047e+01
9.292643547058105469e+00,7.931982517242431641e+00,3.284843444824218750e+00,9.436648368835449219e+00,6.048548698425292969e+00,9.336168289184570312e+00,9.131159782409667969e+00,8.421418190002441406e+00,1.234624195098876953e+01,9.964626312255859375e+00,1.019932651519775391e+01,1.193702793121337891e+01
9.333434104919433594e+00,8.107249259948730469e+00,3.257202863693237305e+00,9.387094497680664062e+00,6.073939323425292969e+00,9.462901115417480469e+00,9.072702407836914062e+00,8.509418487548828125e+00,1.235485363006591797e+01,9.881260871887207031e+00,1.022363758087158203e+01,1.206461334228515625e+01
9.298857688903808594e+00,9.615240097045898438e+00,2.676487922668457031e+00,9.012328147888183594e+00,6.276374816894531250e+00,8.748384475708007812e+00,8.574940681457519531e+00,8.299761772155761719e+00,1.364355182647705078e+01,9.913191795349121094e+00,1.158024311065673828e+01,1.352492713928222656e+01
9.281625747680664062e+00,9.560179710388183594e+00,2.424057960510253906e+00,9.030570983886718750e+00,6.289427757263183594e+00,8.668614387512207031e+00,8.524098396301269531e+00,8.293643951416015625e+00,1.355628776550292969e+01,9.913544654846191406e+00,1.156363487243652344e+01,1.347948455810546875e+01
9.269232749938964844e+00,9.522964477539062500e+00,2.594288587570190430e+00,9.006617546081542969e+00,6.296291351318359375e+00,8.633185386657714844e+00,8.537157058715820312e+00,8.295292854309082031e+00,1.352111434936523438e+01,9.901791572570800781e+00,1.150794315338134766e+01,1.340981769561767578e+01
9.285487174987792969e+00,9.628965377807617188e+00,2.587570190429687500e+00,9.050204277038574219e+00,6.249441146850585938e+00,8.746106147766113281e+00,8.626947402954101562e+00,8.300465583801269531e+00,1.360266780853271484e+01,9.944954872131347656e+00,1.159802246093750000e+01,1.354458045959472656e+01
9.268096923828125000e+00,9.586090087890625000e+00,2.366017341613769531e+00,9.051155090332031250e+00,6.227475166320800781e+00,8.602823257446289062e+00,8.561028480529785156e+00,8.284255981445312500e+00,1.352950668334960938e+01,9.943361282348632812e+00,1.154747962951660156e+01,1.345222091674804688e+01
9.306891441345214844e+00,9.599867820739746094e+00,2.734928131103515625e+00,9.087077140808105469e+00,6.310573577880859375e+00,8.812082290649414062e+00,8.667508125305175781e+00,8.354751586914062500e+00,1.358915805816650391e+01,9.914888381958007812e+00,1.159225273132324219e+01,1.353836631774902344e+01
9.208717346191406250e+00,9.255297660827636719e+00,2.420661449432373047e+00,9.071367263793945312e+00,6.271444320678710938e+00,8.687565803527832031e+00,8.783886909484863281e+00,8.298732757568359375e+00,1.304728984832763672e+01,9.898795127868652344e+00,1.128147220611572266e+01,1.309177875518798828e+01
9.303556442260742188e+00,9.489593505859375000e+00,2.654426097869873047e+00,9.032287597656250000e+00,6.175202369689941406e+00,8.751396179199218750e+00,8.712555885314941406e+00,8.266690254211425781e+00,1.345956134796142578e+01,9.930104255676269531e+00,1.141706085205078125e+01,1.339996147155761719e+01
9.296306610107421875e+00,9.488763809204101562e+00,2.458334684371948242e+00,9.056938171386718750e+00,6.254572868347167969e+00,8.751097679138183594e+00,8.669707298278808594e+00,8.319667816162109375e+00,1.341840171813964844e+01,9.938339233398437500e+00,1.145797252655029297e+01,1.337317180633544922e+01
9.232154846191406250e+00,9.307245254516601562e+00,2.544014453887939453e+00,9.067461967468261719e+00,6.269499778747558594e+00,8.587181091308593750e+00,8.802154541015625000e+00,8.274009704589843750e+00,1.307581043243408203e+01,9.879756927490234375e+00,1.125284862518310547e+01,1.311664390563964844e+01
9.347130775451660156e+00,9.168885231018066406e+00,3.042944431304931641e+00,8.967582702636718750e+00,6.007567405700683594e+00,9.471744537353515625e+00,8.973676681518554688e+00,8.584888458251953125e+00,1.341326999664306641e+01,9.620388031005859375e+00,1.106990623474121094e+01,1.274718761444091797e+01
9.230604171752929688e+00,8.930658340454101562e+00,2.970924854278564453e+00,9.086068153381347656e+00,5.961273193359375000e+00,9.450346946716308594e+00,8.892849922180175781e+00,8.417772293090820312e+00,1.308618545532226562e+01,9.652618408203125000e+00,1.098666286468505859e+01,1.271543979644775391e+01
9.115739822387695312e+00,8.823289871215820312e+00,2.779542207717895508e+00,9.130866050720214844e+00,5.920210838317871094e+00,9.457587242126464844e+00,8.941616058349609375e+00,8.256330490112304688e+00,1.279694271087646484e+01,9.711528778076171875e+00,1.083538341522216797e+01,1.257185649871826172e+01
9.206349372863769531e+00,8.799245834350585938e+00,3.051895618438720703e+00,9.247213363647460938e+00,6.100525856018066406e+00,9.177969932556152344e+00,8.990824699401855469e+00,8.360108375549316406e+00,1.288396453857421875e+01,9.721879959106445312e+00,1.093608283996582031e+01,1.268768501281738281e+01
9.157101631164550781e+00,8.650167465209960938e+00,2.975002050399780273e+00,9.299994468688964844e+00,6.073748588562011719e+00,9.396750450134277344e+00,9.019605636596679688e+00,8.357030868530273438e+00,1.274939060211181641e+01,9.831279754638671875e+00,1.085236644744873047e+01,1.261161041259765625e+01
9.041728973388671875e+00,9.000085830688476562e+00,2.588593959808349609e+00,9.141387939453125000e+00,6.070551872253417969e+00,9.446299552917480469e+00,8.973089218139648438e+00,8.224834442138671875e+00,1.271402454376220703e+01,9.675414085388183594e+00,1.086874675750732422e+01,1.264205265045166016e+01
9.149267196655273438e+00,8.358368873596191406e+00,3.054697990417480469e+00,9.373216629028320312e+00,6.041960716247558594e+00,9.372286796569824219e+00,8.991456031799316406e+00,8.289214134216308594e+00,1.254276084899902344e+01,9.951469421386718750e+00,1.070635223388671875e+01,1.242083740234375000e+01
9.228405952453613281e+00,8.312798500061035156e+00,3.079939126968383789e+00,9.412452697753906250e+00,6.061056137084960938e+00,9.344460487365722656e+00,9.065979957580566406e+00,8.423803329467773438e+00,1.249848937988281250e+01,9.989317893981933594e+00,1.057075881958007812e+01,1.229225730895996094e+01
9.127242088317871094e+00,8.456940650939941406e+00,2.768519401550292969e+00,9.358420372009277344e+00,6.066298484802246094e+00,9.432275772094726562e+00,9.050281524658203125e+00,8.359951019287109375e+00,1.238063049316406250e+01,9.921667098999023438e+00,1.061417865753173828e+01,1.230566596984863281e+01
9.217733383178710938e+00,8.236227035522460938e+00,2.964261054992675781e+00,9.433966636657714844e+00,6.083003997802734375e+00,9.363215446472167969e+00,9.029257774353027344e+00,8.452633857727050781e+00,1.252897453308105469e+01,1.000936031341552734e+01,1.052980327606201172e+01,1.224407863616943359e+01
9.423881530761718750e+00,8.408002853393554688e+00,3.038888931274414062e+00,9.319600105285644531e+00,5.951935768127441406e+00,9.279327392578125000e+00,9.194359779357910156e+00,8.692108154296875000e+00,1.260308933258056641e+01,9.871615409851074219e+00,1.046153545379638672e+01,1.211489677429199219e+01
9.382563591003417969e+00,8.244051933288574219e+00,3.038161277770996094e+00,9.388960838317871094e+00,6.024417877197265625e+00,9.243795394897460938e+00,9.167683601379394531e+00,8.611664772033691406e+00,1.253543949127197266e+01,9.930022239685058594e+00,1.040114307403564453e+01,1.211260604858398438e+01
9.380926132202148438e+00,8.313768386840820312e+00,2.966301441192626953e+00,9.374976158142089844e+00,6.004031181335449219e+00,9.398924827575683594e+00,9.065813064575195312e+00,8.604435920715332031e+00,1.250874423980712891e+01,9.935503005981445312e+00,1.051474380493164062e+01,1.222099399566650391e+01
9.439340591430664062e+00,8.396435737609863281e+00,2.941169261932373047e+00,9.284351348876953125e+00,5.933286666870117188e+00,9.327481269836425781e+00,9.153371810913085938e+00,8.645421028137207031e+00,1.250503921508789062e+01,9.804574012756347656e+00,1.046733283996582031e+01,1.218031883239746094e+01
9.403038024902343750e+00,8.189703941345214844e+00,3.034564971923828125e+00,9.431487083435058594e+00,6.058935165405273438e+00,9.300435066223144531e+00,9.075474739074707031e+00,8.598249435424804688e+00,1.246448802947998047e+01,1.005617618560791016e+01,1.047511863708496094e+01,1.213498497009277344e+01
9.441148757934570312e+00,8.083705902099609375e+00,3.301902532577514648e+00,9.417626380920410156e+00,5.992113113403320312e+00,9.211603164672851562e+00,9.130438804626464844e+00,8.523793220520019531e+00,1.243062591552734375e+01,9.963078498840332031e+00,1.026101875305175781e+01,1.195661354064941406e+01
9.433987617492675781e+00,8.048001289367675781e+00,3.237317085266113281e+00,9.465795516967773438e+00,6.047452926635742188e+00,9.291109085083007812e+00,9.049819946289062500e+00,8.517997741699218750e+00,1.238327407836914062e+01,1.004994583129882812e+01,1.034628200531005859e+01,1.205339717864990234e+01
9.422795295715332031e+00,8.134386062622070312e+00,3.103839397430419922e+00,9.402628898620605469e+00,5.951505661010742188e+00,9.261332511901855469e+00,9.131305694580078125e+00,8.535079956054687500e+00,1.236042213439941406e+01,9.954575538635253906e+00,1.033059120178222656e+01,1.201485729217529297e+01
9.452749252319335938e+00,8.037410736083984375e+00,3.183723688125610352e+00,9.410743713378906250e+00,5.954052925109863281e+00,9.326939582824707031e+00,9.023315429687500000e+00,8.574069976806640625e+00,1.238581657409667969e+01,9.999168395996093750e+00,1.032587814331054688e+01,1.201372051239013672e+01
9.409255981445312500e+00,8.076606750488281250e+00,3.099703788757324219e+00,9.416639328002929688e+00,5.943230628967285156e+00,9.305343627929687500e+00,9.078386306762695312e+00,8.514630317687988281e+00,1.229296875000000000e+01,9.984090805053710938e+00,1.032023811340332031e+01,1.200055217742919922e+01
9.552069664001464844e+00,9.608894348144531250e+00,3.046104192733764648e+00,8.868720054626464844e+00,6.290467262268066406e+00,9.071019172668457031e+00,8.511650085449218750e+00,8.675843238830566406e+00,1.393747234344482422e+01,9.712882995605468750e+00,1.149299144744873047e+01,1.340968322753906250e+01
9.584961891174316406e+00,9.672244071960449219e+00,2.972978353500366211e+00,8.928966522216796875e+00,6.397439002990722656e+00,8.907575607299804688e+00,8.479691505432128906e+00,8.613280296325683594e+00,1.401382255554199219e+01,9.777811050415039062e+00,1.168478870391845703e+01,1.361009216308593750e+01
9.539139747619628906e+00,9.732608795166015625e+00,2.965392827987670898e+00,8.912490844726562500e+00,6.380791664123535156e+00,8.922749519348144531e+00,8.531616210937500000e+00,8.686572074890136719e+00,1.397503757476806641e+01,9.746910095214843750e+00,1.159837722778320312e+01,1.357199382781982422e+01
9.600021362304687500e+00,9.444185256958007812e+00,2.980580091476440430e+00,8.707250595092773438e+00,6.352282524108886719e+00,9.115106582641601562e+00,8.471595764160156250e+00,9.010962486267089844e+00,1.377852439880371094e+01,9.561942100524902344e+00,1.118149948120117188e+01,1.311980724334716797e+01
9.500935554504394531e+00,9.694997787475585938e+00,2.967229366302490234e+00,8.911788940429687500e+00,6.345265388488769531e+00,8.856493949890136719e+00,8.521904945373535156e+00,8.612225532531738281e+00,1.390468692779541016e+01,9.728021621704101562e+00,1.154846668243408203e+01,1.351761150360107422e+01
9.430768013000488281e+00,9.644426345825195312e+00,2.992981433868408203e+00,8.914402961730957031e+00,6.274635314941406250e+00,8.905669212341308594e+00,8.518119812011718750e+00,8.544319152832031250e+00,1.375370788574218750e+01,9.659601211547851562e+00,1.140623664855957031e+01,1.335566139221191406e+01
9.476562500000000000e+00,9.787084579467773438e+00,2.938285350799560547e+00,8.950082778930664062e+00,6.386377334594726562e+00,8.830714225769042969e+00,8.595444679260253906e+00,8.567424774169921875e+00,1.390163326263427734e+01,9.748360633850097656e+00,1.159802341461181641e+01,1.356101512908935547e+01
9.508923530578613281e+00,9.703629493713378906e+00,2.978524446487426758e+00,8.911982536315917969e+00,6.363476753234863281e+00,8.836794853210449219e+00,8.460776329040527344e+00,8.670806884765625000e+00,1.391125965118408203e+01,9.712765693664550781e+00,1.152358436584472656e+01,1.351000881195068359e+01
9.477819442749023438e+00,9.737148284912109375e+00,2.926116228103637695e+00,8.969804763793945312e+00,6.406860351562500000e+00,8.743804931640625000e+00,8.483963966369628906e+00,8.573174476623535156e+00,1.388267135620117188e+01,9.745009422302246094e+00,1.159297466278076172e+01,1.354300022125244141e+01
9.507537841796875000e+00,9.689977645874023438e+00,2.968270540237426758e+00,8.891828536987304688e+00,6.367985725402832031e+00,8.851610183715820312e+00,8.490812301635742188e+00,8.713055610656738281e+00,1.387273979187011719e+01,9.698223114013671875e+00,1.149630928039550781e+01,1.346761512756347656e+01
9.264674186706542969e+00,9.583310127258300781e+00,2.872713565826416016e+00,8.920018196105957031e+00,6.137454986572265625e+00,9.341543197631835938e+00,8.856101989746093750e+00,8.216876983642578125e+00,1.339189338684082031e+01,9.433819770812988281e+00,1.103209018707275391e+01,1.286399745941162109e+01
9.329579353332519531e+00,9.541941642761230469e+00,2.793710708618164062e+00,8.971185684204101562e+00,6.268039703369140625e+00,9.313048362731933594e+00,8.849281311035156250e+00,8.366414070129394531e+00,1.352691268920898438e+01,9.630047798156738281e+00,1.119536495208740234e+01,1.308571815490722656e+01
9.289190292358398438e+00,9.212500572204589844e+00,2.939756155014038086e+00,9.033782958984375000e+00,6.160986900329589844e+00,9.687032699584960938e+00,9.035585403442382812e+00,8.310750007629394531e+00,1.297879123687744141e+01,9.525107383728027344e+00,1.079860305786132812e+01,1.260903167724609375e+01
9.369141578674316406e+00,9.146879196166992188e+00,2.985192537307739258e+00,8.951314926147460938e+00,6.278097152709960938e+00,9.841426849365234375e+00,9.024018287658691406e+00,8.475913047790527344e+00,1.304021453857421875e+01,9.519069671630859375e+00,1.072700786590576172e+01,1.253180217742919922e+01
9.369323730468750000e+00,9.050668716430664062e+00,3.026731491088867188e+00,8.991719245910644531e+00,6.277021408081054688e+00,9.817560195922851562e+00,9.015580177307128906e+00,8.528682708740234375e+00,1.299596405029296875e+01,9.590952873229980469e+00,1.071859264373779297e+01,1.252519798278808594e+01
9.326051712036132812e+00,8.586607933044433594e+00,3.087021827697753906e+00,9.160882949829101562e+00,6.120531082153320312e+00,9.854103088378906250e+00,9.050414085388183594e+00,8.245063781738281250e+00,1.254621124267578125e+01,9.732206344604492188e+00,1.051068496704101562e+01,1.233490180969238281e+01
9.229368209838867188e+00,8.726737022399902344e+00,2.973701477050781250e+00,9.268067359924316406e+00,6.280059814453125000e+00,9.684657096862792969e+00,9.069900512695312500e+00,8.336367607116699219e+00,1.265416908264160156e+01,9.774275779724121094e+00,1.060669422149658203e+01,1.241875743865966797e+01
9.404869079589843750e+00,8.597622871398925781e+00,3.152402877807617188e+00,9.195498466491699219e+00,6.393765449523925781e+00,9.499065399169921875e+00,9.076588630676269531e+00,8.548215866088867188e+00,1.274803447723388672e+01,9.744858741760253906e+00,1.046385288238525391e+01,1.235213661193847656e+01
9.293484687805175781e+00,8.490967750549316406e+00,3.095562219619750977e+00,9.270515441894531250e+00,6.241650581359863281e+00,9.698276519775390625e+00,9.080654144287109375e+00,8.223247528076171875e+00,1.245807361602783203e+01,9.793542861938476562e+00,1.044107437133789062e+01,1.227864360809326172e+01
9.329899787902832031e+00,8.206672668457031250e+00,3.228232860565185547e+00,9.437476158142089844e+00,6.310227394104003906e+00,9.709833145141601562e+00,8.937820434570312500e+00,8.265334129333496094e+00,1.243963813781738281e+01,1.007699489593505859e+01,1.052863502502441406e+01,1.233077716827392578e+01
9.162502288818359375e+00,8.374825477600097656e+00,2.999684333801269531e+00,9.382208824157714844e+00,6.050883293151855469e+00,9.381228446960449219e+00,9.188071250915527344e+00,8.150529861450195312e+00,1.228228569030761719e+01,9.878188133239746094e+00,1.051056575775146484e+01,1.221087837219238281e+01
9.099820137023925781e+00,8.644519805908203125e+00,2.840381860733032227e+00,9.373623847961425781e+00,6.195315361022949219e+00,9.452252388000488281e+00,9.161402702331542969e+00,8.125476837158203125e+00,1.240868091583251953e+01,9.859853744506835938e+00,1.069409942626953125e+01,1.241415214538574219e+01
9.155572891235351562e+00,8.613266944885253906e+00,2.928776025772094727e+00,9.388395309448242188e+00,6.183317184448242188e+00,9.542984008789062500e+00,9.197597503662109375e+00,8.101839065551757812e+00,1.240835666656494141e+01,9.834916114807128906e+00,1.058650112152099609e+01,1.233439826965332031e+01
9.152582168579101562e+00,8.738723754882812500e+00,2.779602289199829102e+00,9.344650268554687500e+00,6.214051246643066406e+00,9.360576629638671875e+00,9.193267822265625000e+00,8.210129737854003906e+00,1.248924350738525391e+01,9.829308509826660156e+00,1.073064041137695312e+01,1.243123531341552734e+01
9.123885154724121094e+00,8.700986862182617188e+00,2.815992355346679688e+00,9.349343299865722656e+00,6.280303955078125000e+00,9.319787025451660156e+00,9.193082809448242188e+00,8.154776573181152344e+00,1.237204742431640625e+01,9.849551200866699219e+00,1.061396789550781250e+01,1.235896110534667969e+01
9.125344276428222656e+00,8.278825759887695312e+00,2.886024713516235352e+00,9.409276962280273438e+00,6.056549072265625000e+00,9.252869606018066406e+00,9.219486236572265625e+00,8.098935127258300781e+00,1.209615325927734375e+01,9.924431800842285156e+00,1.045086956024169922e+01,1.209123802185058594e+01
9.206451416015625000e+00,8.384765625000000000e+00,2.881071329116821289e+00,9.448032379150390625e+00,6.171107292175292969e+00,9.363279342651367188e+00,9.245678901672363281e+00,8.172708511352539062e+00,1.218325233459472656e+01,9.971689224243164062e+00,1.049994373321533203e+01,1.217051124572753906e+01
9.210893630981445312e+00,8.125083923339843750e+00,3.003378629684448242e+00,9.467258453369140625e+00,6.088880538940429688e+00,9.337950706481933594e+00,9.197504043579101562e+00,8.170188903808593750e+00,1.210485267639160156e+01,1.000566101074218750e+01,1.040037250518798828e+01,1.207313537597656250e+01
9.302164077758789062e+00,8.077798843383789062e+00,3.115697622299194336e+00,9.521529197692871094e+00,6.066968917846679688e+00,9.386903762817382812e+00,9.203072547912597656e+00,8.207147598266601562e+00,1.207321643829345703e+01,9.987194061279296875e+00,1.028982734680175781e+01,1.199394416809082031e+01
9.053107261657714844e+00,8.628532409667968750e+00,2.770852088928222656e+00,9.298688888549804688e+00,6.186855316162109375e+00,9.217583656311035156e+00,9.197697639465332031e+00,8.013364791870117188e+00,1.215633678436279297e+01,9.742050170898437500e+00,1.042022418975830078e+01,1.220582485198974609e+01
9.375640869140625000e+00,9.722298622131347656e+00,2.827970981597900391e+00,9.054061889648437500e+00,6.302016258239746094e+00,8.795448303222656250e+00,8.616150856018066406e+00,8.354837417602539062e+00,1.387820720672607422e+01,9.894743919372558594e+00,1.171880435943603516e+01,1.367555427551269531e+01
9.394278526306152344e+00,9.727223396301269531e+00,2.818890094757080078e+00,9.046606063842773438e+00,6.327504158020019531e+00,8.736268043518066406e+00,8.525776863098144531e+00,8.347710609436035156e+00,1.396441173553466797e+01,9.884311676025390625e+00,1.181986522674560547e+01,1.374566936492919922e+01
9.307073593139648438e+00,9.679659843444824219e+00,2.719679355621337891e+00,8.990853309631347656e+00,6.229130744934082031e+00,8.637784957885742188e+00,8.482408523559570312e+00,8.305590629577636719e+00,1.389517688751220703e+01,9.859603881835937500e+00,1.167089366912841797e+01,1.363706874847412109e+01
9.388103485107421875e+00,9.726045608520507812e+00,2.809206247329711914e+00,9.047639846801757812e+00,6.333492279052734375e+00,8.724358558654785156e+00,8.538235664367675781e+00,8.321327209472656250e+00,1.392180538177490234e+01,9.892935752868652344e+00,1.176268291473388672e+01,1.369906616210937500e+01
9.350227355957031250e+00,9.792904853820800781e+00,2.701051235198974609e+00,9.074268341064453125e+00,6.290977478027343750e+00,8.709510803222656250e+00,8.515435218811035156e+00,8.277805328369140625e+00,1.400608825683593750e+01,9.900594711303710938e+00,1.184261035919189453e+01,1.383026409149169922e+01
9.398089408874511719e+00,9.762900352478027344e+00,2.753259181976318359e+00,9.079638481140136719e+00,6.344717979431152344e+00,8.766552925109863281e+00,8.548335075378417969e+00,8.352967262268066406e+00,1.393837261199951172e+01,9.903162002563476562e+00,1.180508232116699219e+01,1.376968765258789062e+01
9.373372077941894531e+00,9.831015586853027344e+00,2.740930080413818359e+00,9.098126411437988281e+00,6.387059211730957031e+00,8.695062637329101562e+00,8.525506973266601562e+00,8.323730468750000000e+00,1.402500152587890625e+01,9.923558235168457031e+00,1.187682437896728516e+01,1.384899425506591797e+01
9.205331802368164062e+00,9.378993034362792969e+00,2.656448841094970703e+00,9.134827613830566406e+00,6.270004272460937500e+00,9.054993629455566406e+00,8.864901542663574219e+00,8.192140579223632812e+00,1.318045520782470703e+01,9.841280937194824219e+00,1.132369899749755859e+01,1.312426090240478516e+01
9.266912460327148438e+00,9.464259147644042969e+00,2.498083114624023438e+00,9.037218093872070312e+00,6.288184165954589844e+00,8.848669052124023438e+00,8.577231407165527344e+00,8.365694999694824219e+00,1.344892883300781250e+01,9.851888656616210938e+00,1.142941284179687500e+01,1.331236171722412109e+01
9.309440612792968750e+00,9.638037681579589844e+00,2.596282005310058594e+00,8.999815940856933594e+00,6.291750907897949219e+00,8.740790367126464844e+00,8.470073699951171875e+00,8.317358970642089844e+00,1.374601364135742188e+01,9.867047309875488281e+00,1.160354804992675781e+01,1.353951549530029297e+01
9.169954299926757812e+00,9.033063888549804688e+00,2.595273256301879883e+00,9.310401916503906250e+00,6.232955932617187500e+00,9.088273048400878906e+00,9.150393486022949219e+00,8.236283302307128906e+00,1.277011203765869141e+01,9.843259811401367188e+00,1.100936031341552734e+01,1.270227432250976562e+01
9.109133720397949219e+00,9.158594131469726562e+00,2.485843181610107422e+00,9.290121078491210938e+00,6.215624809265136719e+00,9.127580642700195312e+00,9.097545623779296875e+00,8.159527778625488281e+00,1.284478855133056641e+01,9.838535308837890625e+00,1.111753368377685547e+01,1.281715202331542969e+01
9.189306259155273438e+00,8.835540771484375000e+00,2.603750228881835938e+00,9.351052284240722656e+00,6.092833518981933594e+00,9.130309104919433594e+00,9.265721321105957031e+00,8.266174316406250000e+00,1.251404476165771484e+01,9.866139411926269531e+00,1.076739406585693359e+01,1.241529750823974609e+01
9.289579391479492188e+00,8.602332115173339844e+00,2.696481227874755859e+00,9.378300666809082031e+00,6.052642822265625000e+00,9.162383079528808594e+00,9.243783950805664062e+00,8.391249656677246094e+00,1.243279075622558594e+01,9.996033668518066406e+00,1.066059684753417969e+01,1.230395984649658203e+01
9.263569831848144531e+00,8.546974182128906250e+00,2.700427770614624023e+00,9.378380775451660156e+00,6.041133880615234375e+00,9.057750701904296875e+00,9.243063926696777344e+00,8.297783851623535156e+00,1.234809684753417969e+01,1.001659011840820312e+01,1.061651325225830078e+01,1.228350448608398438e+01
9.340558052062988281e+00,8.590669631958007812e+00,2.755047321319580078e+00,9.314699172973632812e+00,5.981895446777343750e+00,9.302450180053710938e+00,9.116886138916015625e+00,8.483850479125976562e+00,1.244777297973632812e+01,9.976652145385742188e+00,1.065919971466064453e+01,1.231302547454833984e+01
9.216414451599121094e+00,8.432958602905273438e+00,2.672362089157104492e+00,9.388007164001464844e+00,5.996611595153808594e+00,9.493662834167480469e+00,9.048369407653808594e+00,8.403728485107421875e+00,1.230718231201171875e+01,1.004267406463623047e+01,1.062498092651367188e+01,1.227554130554199219e+01
9.167637825012207031e+00,8.593335151672363281e+00,2.521096467971801758e+00,9.407422065734863281e+00,6.179677963256835938e+00,9.363627433776855469e+00,8.963642120361328125e+00,8.268624305725097656e+00,1.240142917633056641e+01,1.007366561889648438e+01,1.086125469207763672e+01,1.251667118072509766e+01
9.305408477783203125e+00,8.559074401855468750e+00,2.622501373291015625e+00,9.402603149414062500e+00,6.039091110229492188e+00,9.237472534179687500e+00,9.131208419799804688e+00,8.351996421813964844e+00,1.247556781768798828e+01,1.013625144958496094e+01,1.073460578918457031e+01,1.240085124969482422e+01
9.292374610900878906e+00,8.504446983337402344e+00,2.773154020309448242e+00,9.362231254577636719e+00,6.040910720825195312e+00,9.197339057922363281e+00,9.172973632812500000e+00,8.326460838317871094e+00,1.232358169555664062e+01,9.984196662902832031e+00,1.058983421325683594e+01,1.224964809417724609e+01
9.316707611083984375e+00,8.622636795043945312e+00,3.007102012634277344e+00,9.290160179138183594e+00,6.017083168029785156e+00,9.173218727111816406e+00,9.276236534118652344e+00,8.589897155761718750e+00,1.275481700897216797e+01,9.769529342651367188e+00,1.061166286468505859e+01,1.232923507690429688e+01
9.484145164489746094e+00,8.491569519042968750e+00,3.051851987838745117e+00,9.299201965332031250e+00,6.053082466125488281e+00,9.268063545227050781e+00,9.132184982299804688e+00,8.774869918823242188e+00,1.297223949432373047e+01,9.950001716613769531e+00,1.064005470275878906e+01,1.232112693786621094e+01
9.326336860656738281e+00,8.710556030273437500e+00,2.860965251922607422e+00,9.247395515441894531e+00,5.969150543212890625e+00,9.324137687683105469e+00,9.153402328491210938e+00,8.692079544067382812e+00,1.280082893371582031e+01,9.800350189208984375e+00,1.066694641113281250e+01,1.237642574310302734e+01
9.432989120483398438e+00,8.398488998413085938e+00,3.126600742340087891e+00,9.283782005310058594e+00,5.994615554809570312e+00,9.234182357788085938e+00,9.128890991210937500e+00,8.766437530517578125e+00,1.281407642364501953e+01,9.902065277099609375e+00,1.052757644653320312e+01,1.217731571197509766e+01
9.471167564392089844e+00,8.539691925048828125e+00,3.019684314727783203e+00,9.231218338012695312e+00,5.956048011779785156e+00,9.366189956665039062e+00,9.070272445678710938e+00,8.796319007873535156e+00,1.278520107269287109e+01,9.854665756225585938e+00,1.060683917999267578e+01,1.229772472381591797e+01
9.435981750488281250e+00,8.224158287048339844e+00,3.374750614166259766e+00,9.295446395874023438e+00,5.964308738708496094e+00,9.267685890197753906e+00,9.072244644165039062e+00,8.716415405273437500e+00,1.284962272644042969e+01,9.874972343444824219e+00,1.043863201141357422e+01,1.214338588714599609e+01
9.484184265136718750e+00,8.283534049987792969e+00,3.268676042556762695e+00,9.315034866333007812e+00,5.973150253295898438e+00,9.196773529052734375e+00,9.180671691894531250e+00,8.667789459228515625e+00,1.260964202880859375e+01,9.817207336425781250e+00,1.035373115539550781e+01,1.207785987854003906e+01
9.474069595336914062e+00,8.231328010559082031e+00,3.284211158752441406e+00,9.376342773437500000e+00,6.039077758789062500e+00,9.316663742065429688e+00,9.042061805725097656e+00,8.690698623657226562e+00,1.274609947204589844e+01,1.000683593750000000e+01,1.054110050201416016e+01,1.224203300476074219e+01
9.476132392883300781e+00,8.198079109191894531e+00,3.243367671966552734e+00,9.300728797912597656e+00,5.945796012878417969e+00,9.356441497802734375e+00,8.980525016784667969e+00,8.676214218139648438e+00,1.270330142974853516e+01,1.000450038909912109e+01,1.050953292846679688e+01,1.217002582550048828e+01
9.397126197814941406e+00,7.981000900268554688e+00,3.434729814529418945e+00,9.388420104980468750e+00,6.000935554504394531e+00,9.287639617919921875e+00,8.959324836730957031e+00,8.495371818542480469e+00,1.269154548645019531e+01,1.013641262054443359e+01,1.043064594268798828e+01,1.200468730926513672e+01
9.240403175354003906e+00,8.699024200439453125e+00,2.974232196807861328e+00,9.272760391235351562e+00,5.972120285034179688e+00,9.342095375061035156e+00,9.411768913269042969e+00,8.615418434143066406e+00,1.270308399200439453e+01,9.735474586486816406e+00,1.054902076721191406e+01,1.213587379455566406e+01
9.273738861083984375e+00,8.722844123840332031e+00,3.020248413085937500e+00,9.238137245178222656e+00,5.948207855224609375e+00,9.305183410644531250e+00,9.419578552246093750e+00,8.646053314208984375e+00,1.273649978637695312e+01,9.686480522155761719e+00,1.052479076385498047e+01,1.211936283111572266e+01
9.220745086669921875e+00,8.757011413574218750e+00,2.952900648117065430e+00,9.245147705078125000e+00,6.018813133239746094e+00,9.438272476196289062e+00,9.382776260375976562e+00,8.572911262512207031e+00,1.269879341125488281e+01,9.672746658325195312e+00,1.053991222381591797e+01,1.219133281707763672e+01
9.221526145935058594e+00,8.650448799133300781e+00,2.913900613784790039e+00,9.291526794433593750e+00,5.992926597595214844e+00,9.384774208068847656e+00,9.446972846984863281e+00,8.512187957763671875e+00,1.252427577972412109e+01,9.787866592407226562e+00,1.046024036407470703e+01,1.206799030303955078e+01
9.252423286437988281e+00,8.639671325683593750e+00,2.992511987686157227e+00,9.245741844177246094e+00,5.957378387451171875e+00,9.302515029907226562e+00,9.407130241394042969e+00,8.536136627197265625e+00,1.258814620971679688e+01,9.718596458435058594e+00,1.046165275573730469e+01,1.205919837951660156e+01
9.254203796386718750e+00,8.520277976989746094e+00,2.963613748550415039e+00,9.279935836791992188e+00,5.981417655944824219e+00,9.353325843811035156e+00,9.368198394775390625e+00,8.512608528137207031e+00,1.249198246002197266e+01,9.811567306518554688e+00,1.041896343231201172e+01,1.203516387939453125e+01
9.283148765563964844e+00,8.566316604614257812e+00,2.981623411178588867e+00,9.235012054443359375e+00,5.931189537048339844e+00,9.271347999572753906e+00,9.401043891906738281e+00,8.579582214355468750e+00,1.252884101867675781e+01,9.786981582641601562e+00,1.038401126861572266e+01,1.196050357818603516e+01
9.261094093322753906e+00,8.465732574462890625e+00,2.946212768554687500e+00,9.329000473022460938e+00,5.960575103759765625e+00,9.243748664855957031e+00,9.446172714233398438e+00,8.402989387512207031e+00,1.236247539520263672e+01,9.876315116882324219e+00,1.038675689697265625e+01,1.198651504516601562e+01
9.241508483886718750e+00,8.473093986511230469e+00,2.883319377899169922e+00,9.311975479125976562e+00,5.953356742858886719e+00,9.236568450927734375e+00,9.426027297973632812e+00,8.375174522399902344e+00,1.229538631439208984e+01,9.874337196350097656e+00,1.034686565399169922e+01,1.193933010101318359e+01
9.211348533630371094e+00,8.508750915527343750e+00,2.897533416748046875e+00,9.283274650573730469e+00,6.016037940979003906e+00,9.458096504211425781e+00,9.272977828979492188e+00,8.489815711975097656e+00,1.240886402130126953e+01,9.880409240722656250e+00,1.042873287200927734e+01,1.204088783264160156e+01
9.333557128906250000e+00,7.820557117462158203e+00,3.454744338989257812e+00,9.455333709716796875e+00,6.177047729492187500e+00,9.398894309997558594e+00,8.973871231079101562e+00,8.349322319030761719e+00,1.235152912139892578e+01,1.003051376342773438e+01,1.027181911468505859e+01,1.204228401184082031e+01
9.306216239929199219e+00,7.885834217071533203e+00,3.610167741775512695e+00,9.422350883483886719e+00,6.161171913146972656e+00,9.305711746215820312e+00,9.006245613098144531e+00,8.324660301208496094e+00,1.244221401214599609e+01,9.986212730407714844e+00,1.022165775299072266e+01,1.195704078674316406e+01
9.304707527160644531e+00,7.755857467651367188e+00,3.475052356719970703e+00,9.457489967346191406e+00,6.152345657348632812e+00,9.426589012145996094e+00,8.906407356262207031e+00,8.367302894592285156e+00,1.238924121856689453e+01,1.007025527954101562e+01,1.031743812561035156e+01,1.208354854583740234e+01
9.472640991210937500e+00,7.904182910919189453e+00,3.450219154357910156e+00,9.413637161254882812e+00,6.202623367309570312e+00,9.285661697387695312e+00,9.049848556518554688e+00,8.425193786621093750e+00,1.234407234191894531e+01,9.938423156738281250e+00,1.017108535766601562e+01,1.204110050201416016e+01
9.323184013366699219e+00,7.746069908142089844e+00,3.572211980819702148e+00,9.437130928039550781e+00,6.160229682922363281e+00,9.302238464355468750e+00,8.922489166259765625e+00,8.338879585266113281e+00,1.236755657196044922e+01,1.003643798828125000e+01,1.023736667633056641e+01,1.198827934265136719e+01
9.368846893310546875e+00,7.822084903717041016e+00,3.548819541931152344e+00,9.466788291931152344e+00,6.211338996887207031e+00,9.357904434204101562e+00,8.963348388671875000e+00,8.361311912536621094e+00,1.225450325012207031e+01,1.001512145996093750e+01,1.023331356048583984e+01,1.205714988708496094e+01
9.385132789611816406e+00,7.880596160888671875e+00,3.412277221679687500e+00,9.430820465087890625e+00,6.233356475830078125e+00,9.344737052917480469e+00,9.043356895446777344e+00,8.400979995727539062e+00,1.230088233947753906e+01,9.966372489929199219e+00,1.022301673889160156e+01,1.206298351287841797e+01
9.387326240539550781e+00,7.845571517944335938e+00,3.430118799209594727e+00,9.472146987915039062e+00,6.167963981628417969e+00,9.430299758911132812e+00,8.939931869506835938e+00,8.435770034790039062e+00,1.228554058074951172e+01,1.003475856781005859e+01,1.028179931640625000e+01,1.209280395507812500e+01
9.437610626220703125e+00,7.813083171844482422e+00,3.687367916107177734e+00,9.412905693054199219e+00,6.177481651306152344e+00,9.281932830810546875e+00,9.011668205261230469e+00,8.409437179565429688e+00,1.230908870697021484e+01,9.920687675476074219e+00,1.009416866302490234e+01,1.191920661926269531e+01
9.421516418457031250e+00,7.875515937805175781e+00,3.502736806869506836e+00,9.466518402099609375e+00,6.215660095214843750e+00,9.360876083374023438e+00,9.020708084106445312e+00,8.465562820434570312e+00,1.231418704986572266e+01,9.986194610595703125e+00,1.020873832702636719e+01,1.201066112518310547e+01
9.406070709228515625e+00,8.167314529418945312e+00,3.263453006744384766e+00,9.365667343139648438e+00,6.010578155517578125e+00,9.045513153076171875e+00,9.198089599609375000e+00,8.694852828979492188e+00,1.257964611053466797e+01,9.981180191040039062e+00,1.027349376678466797e+01,1.184420680999755859e+01
9.426012039184570312e+00,8.184700965881347656e+00,3.306607007980346680e+00,9.251847267150878906e+00,5.940744400024414062e+00,8.805526733398437500e+00,9.309187889099121094e+00,8.748588562011718750e+00,1.253592014312744141e+01,9.830702781677246094e+00,1.010785579681396484e+01,1.160326671600341797e+01
9.461126327514648438e+00,8.202821731567382812e+00,3.189647674560546875e+00,9.369284629821777344e+00,5.995133399963378906e+00,9.047162055969238281e+00,9.218057632446289062e+00,8.729171752929687500e+00,1.251753425598144531e+01,1.004196357727050781e+01,1.029738426208496094e+01,1.183108329772949219e+01
9.397664070129394531e+00,8.130523681640625000e+00,3.274166107177734375e+00,9.287127494812011719e+00,5.930500030517578125e+00,8.751715660095214844e+00,9.311248779296875000e+00,8.534328460693359375e+00,1.228177738189697266e+01,9.854578018188476562e+00,1.011123466491699219e+01,1.162788963317871094e+01
9.437983512878417969e+00,8.103863716125488281e+00,3.122479438781738281e+00,9.355958938598632812e+00,5.995745658874511719e+00,9.164559364318847656e+00,9.104116439819335938e+00,8.735625267028808594e+00,1.249966144561767578e+01,1.003090000152587891e+01,1.023870944976806641e+01,1.178768253326416016e+01
9.363432884216308594e+00,8.022341728210449219e+00,3.261592864990234375e+00,9.355067253112792969e+00,5.944290161132812500e+00,9.114665985107421875e+00,9.038069725036621094e+00,8.489181518554687500e+00,1.229459953308105469e+01,1.002866363525390625e+01,1.019472694396972656e+01,1.175244712829589844e+01
9.410923004150390625e+00,8.032251358032226562e+00,3.142162322998046875e+00,9.470522880554199219e+00,6.016982078552246094e+00,9.345576286315917969e+00,8.971358299255371094e+00,8.562151908874511719e+00,1.239679050445556641e+01,1.018997764587402344e+01,1.039361953735351562e+01,1.198342609405517578e+01
9.475053787231445312e+00,8.093849182128906250e+00,3.182057857513427734e+00,9.312219619750976562e+00,5.922572135925292969e+00,9.090192794799804688e+00,9.122704505920410156e+00,8.724785804748535156e+00,1.242182254791259766e+01,9.973364830017089844e+00,1.014297962188720703e+01,1.169083404541015625e+01
9.449048042297363281e+00,8.117691040039062500e+00,3.195402383804321289e+00,9.358515739440917969e+00,5.950779914855957031e+00,9.050036430358886719e+00,9.145501136779785156e+00,8.640796661376953125e+00,1.242857170104980469e+01,1.006625366210937500e+01,1.025183868408203125e+01,1.177134323120117188e+01
9.429496765136718750e+00,8.066144943237304688e+00,3.094187736511230469e+00,9.246423721313476562e+00,5.874062538146972656e+00,8.875173568725585938e+00,9.180111885070800781e+00,8.630076408386230469e+00,1.226374244689941406e+01,9.913185119628906250e+00,1.005514717102050781e+01,1.156886482238769531e+01
9.164808273315429688e+00,9.540530204772949219e+00,2.772936344146728516e+00,8.973636627197265625e+00,6.154262542724609375e+00,8.684125900268554688e+00,8.720320701599121094e+00,8.353302001953125000e+00,1.369566726684570312e+01,9.847563743591308594e+00,1.141734313964843750e+01,1.338391494750976562e+01
9.033041954040527344e+00,9.362546920776367188e+00,2.423274278640747070e+00,8.868283271789550781e+00,5.949419975280761719e+00,8.522926330566406250e+00,8.721262931823730469e+00,8.148237228393554688e+00,1.318864822387695312e+01,9.632442474365234375e+00,1.103710556030273438e+01,1.295114231109619141e+01
9.016703605651855469e+00,9.253362655639648438e+00,2.463041543960571289e+00,8.731183052062988281e+00,5.803604125976562500e+00,8.464842796325683594e+00,8.404144287109375000e+00,8.203504562377929688e+00,1.320272922515869141e+01,9.548092842102050781e+00,1.099256420135498047e+01,1.282343673706054688e+01
9.222718238830566406e+00,9.170578002929687500e+00,2.817053318023681641e+00,8.985795974731445312e+00,5.984879493713378906e+00,8.677266120910644531e+00,8.916827201843261719e+00,8.526185989379882812e+00,1.325579071044921875e+01,9.648704528808593750e+00,1.094309902191162109e+01,1.274694252014160156e+01
9.109950065612792969e+00,9.184902191162109375e+00,2.546490430831909180e+00,8.795013427734375000e+00,5.748235702514648438e+00,8.623756408691406250e+00,8.530782699584960938e+00,8.336410522460937500e+00,1.317345905303955078e+01,9.542257308959960938e+00,1.092465400695800781e+01,1.272485446929931641e+01
9.117808341979980469e+00,9.048253059387207031e+00,2.338980913162231445e+00,8.698278427124023438e+00,5.711478233337402344e+00,8.079909324645996094e+00,8.368387222290039062e+00,8.111466407775878906e+00,1.290119838714599609e+01,9.426568984985351562e+00,1.081838798522949219e+01,1.254795455932617188e+01
9.249336242675781250e+00,8.984626770019531250e+00,2.709606647491455078e+00,8.851009368896484375e+00,5.707108497619628906e+00,8.755510330200195312e+00,8.717343330383300781e+00,8.543239593505859375e+00,1.311909770965576172e+01,9.583454132080078125e+00,1.072927379608154297e+01,1.244794368743896484e+01
9.251277923583984375e+00,8.918514251708984375e+00,2.622025966644287109e+00,8.843939781188964844e+00,5.719145774841308594e+00,8.537684440612792969e+00,8.655168533325195312e+00,8.328529357910156250e+00,1.286681079864501953e+01,9.517263412475585938e+00,1.073837757110595703e+01,1.253146648406982422e+01
9.262563705444335938e+00,9.010132789611816406e+00,2.643272399902343750e+00,8.921751022338867188e+00,5.876246452331542969e+00,8.595460891723632812e+00,8.858282089233398438e+00,8.379569053649902344e+00,1.304477119445800781e+01,9.585329055786132812e+00,1.082293033599853516e+01,1.257594203948974609e+01
9.173127174377441406e+00,8.991786956787109375e+00,2.509027004241943359e+00,8.774688720703125000e+00,5.726383209228515625e+00,8.576124191284179688e+00,8.502855300903320312e+00,8.253368377685546875e+00,1.295184421539306641e+01,9.577628135681152344e+00,1.079099845886230469e+01,1.251785469055175781e+01
9.136805534362792969e+00,9.677196502685546875e+00,2.817900896072387695e+00,9.139893531799316406e+00,6.206353187561035156e+00,8.945981979370117188e+00,9.084302902221679688e+00,7.979015350341796875e+00,1.333554744720458984e+01,9.600666999816894531e+00,1.122672748565673828e+01,1.312352561950683594e+01
8.927516937255859375e+00,9.592291831970214844e+00,2.696416616439819336e+00,9.203303337097167969e+00,6.139858245849609375e+00,8.901206970214843750e+00,9.123370170593261719e+00,7.714588165283203125e+00,1.299301815032958984e+01,9.560636520385742188e+00,1.107420539855957031e+01,1.294580078125000000e+01
8.905696868896484375e+00,9.371799468994140625e+00,2.660824775695800781e+00,9.232917785644531250e+00,6.017576217651367188e+00,9.058924674987792969e+00,9.173770904541015625e+00,7.737716674804687500e+00,1.272147750854492188e+01,9.551464080810546875e+00,1.092630577087402344e+01,1.273589515686035156e+01
9.093435287475585938e+00,9.388143539428710938e+00,2.753734827041625977e+00,9.193071365356445312e+00,6.143879890441894531e+00,8.913823127746582031e+00,9.077470779418945312e+00,8.101786613464355469e+00,1.303895759582519531e+01,9.626860618591308594e+00,1.103343486785888672e+01,1.289822769165039062e+01
8.847929000854492188e+00,9.310299873352050781e+00,2.401037693023681641e+00,9.180662155151367188e+00,5.931033134460449219e+00,8.787443161010742188e+00,9.077342987060546875e+00,7.741520404815673828e+00,1.261557388305664062e+01,9.580663681030273438e+00,1.092525863647460938e+01,1.273862266540527344e+01
9.039345741271972656e+00,9.184275627136230469e+00,2.545157670974731445e+00,9.175745010375976562e+00,6.003640174865722656e+00,8.962801933288574219e+00,8.986898422241210938e+00,8.184963226318359375e+00,1.288146495819091797e+01,9.655175209045410156e+00,1.099305534362792969e+01,1.279348373413085938e+01
9.102107048034667969e+00,9.307596206665039062e+00,2.690062284469604492e+00,9.149716377258300781e+00,6.150413513183593750e+00,8.901602745056152344e+00,8.924775123596191406e+00,8.222953796386718750e+00,1.310374832153320312e+01,9.717591285705566406e+00,1.109180068969726562e+01,1.297486495971679688e+01
9.030375480651855469e+00,9.345408439636230469e+00,2.500529527664184570e+00,9.075635910034179688e+00,6.145322799682617188e+00,8.807259559631347656e+00,8.826844215393066406e+00,8.093318939208984375e+00,1.306443023681640625e+01,9.710032463073730469e+00,1.108805465698242188e+01,1.297507572174072266e+01
9.058938026428222656e+00,9.183506011962890625e+00,2.609340906143188477e+00,9.185378074645996094e+00,6.050768852233886719e+00,9.003485679626464844e+00,9.079902648925781250e+00,8.161578178405761719e+00,1.281172657012939453e+01,9.641661643981933594e+00,1.093434619903564453e+01,1.273707485198974609e+01
9.070629119873046875e+00,9.202334403991699219e+00,2.668528556823730469e+00,9.208836555480957031e+00,6.088768959045410156e+00,9.046203613281250000e+00,9.104526519775390625e+00,8.182056427001953125e+00,1.285459136962890625e+01,9.663305282592773438e+00,1.096326065063476562e+01,1.276326084136962891e+01
9.423542976379394531e+00,7.581593036651611328e+00,3.426570653915405273e+00,9.380538940429687500e+00,5.963505744934082031e+00,9.641823768615722656e+00,8.855100631713867188e+00,8.317592620849609375e+00,1.222050762176513672e+01,1.010870552062988281e+01,1.020408916473388672e+01,1.189069175720214844e+01
9.430411338806152344e+00,7.604407310485839844e+00,3.456574440002441406e+00,9.428490638732910156e+00,6.033514022827148438e+00,9.626516342163085938e+00,8.785922050476074219e+00,8.297411918640136719e+00,1.216603565216064453e+01,1.015988349914550781e+01,1.025825977325439453e+01,1.195756053924560547e+01
9.528633117675781250e+00,7.649106979370117188e+00,3.434235334396362305e+00,9.344570159912109375e+00,6.054265022277832031e+00,9.731916427612304688e+00,8.836386680603027344e+00,8.290453910827636719e+00,1.217072105407714844e+01,1.008579063415527344e+01,1.017505073547363281e+01,1.187541484832763672e+01
9.479550361633300781e+00,7.529011726379394531e+00,3.434526681900024414e+00,9.339585304260253906e+00,5.949371337890625000e+00,9.648744583129882812e+00,8.758496284484863281e+00,8.314814567565917969e+00,1.212845420837402344e+01,1.014764881134033203e+01,1.015145492553710938e+01,1.182836723327636719e+01
9.407207489013671875e+00,7.615844726562500000e+00,3.330398559570312500e+00,9.431886672973632812e+00,5.993302345275878906e+00,9.639808654785156250e+00,8.758127212524414062e+00,8.254574775695800781e+00,1.214506530761718750e+01,1.020649337768554688e+01,1.026758289337158203e+01,1.197848033905029297e+01
9.356979370117187500e+00,7.619118690490722656e+00,3.400634050369262695e+00,9.402761459350585938e+00,6.015605926513671875e+00,9.668167114257812500e+00,8.652535438537597656e+00,8.305586814880371094e+00,1.229798030853271484e+01,1.025401020050048828e+01,1.038445186614990234e+01,1.210239982604980469e+01
9.550319671630859375e+00,7.499525070190429688e+00,3.382581472396850586e+00,9.304348945617675781e+00,6.016592979431152344e+00,9.720368385314941406e+00,8.697835922241210938e+00,8.341727256774902344e+00,1.202958297729492188e+01,1.011767387390136719e+01,1.009280300140380859e+01,1.183196640014648438e+01
9.379325866699218750e+00,7.614400386810302734e+00,3.370244503021240234e+00,9.417275428771972656e+00,5.968838691711425781e+00,9.603352546691894531e+00,8.765790939331054688e+00,8.238229751586914062e+00,1.219609451293945312e+01,1.018998146057128906e+01,1.027730178833007812e+01,1.198850440979003906e+01
9.397296905517578125e+00,7.614195346832275391e+00,3.399189233779907227e+00,9.450659751892089844e+00,6.040318489074707031e+00,9.654475212097167969e+00,8.727819442749023438e+00,8.278996467590332031e+00,1.217399692535400391e+01,1.018836498260498047e+01,1.029223632812500000e+01,1.203783702850341797e+01
9.494631767272949219e+00,7.437666893005371094e+00,3.488908052444458008e+00,9.267507553100585938e+00,5.886208534240722656e+00,9.520468711853027344e+00,8.753411293029785156e+00,8.193404197692871094e+00,1.195242691040039062e+01,9.996790885925292969e+00,9.915870666503906250e+00,1.167245864868164062e+01
9.561079978942871094e+00,7.512380123138427734e+00,3.708293914794921875e+00,9.360113143920898438e+00,5.912399291992187500e+00,9.517436027526855469e+00,8.990746498107910156e+00,8.304720878601074219e+00,1.201493453979492188e+01,9.944204330444335938e+00,9.923304557800292969e+00,1.160845565795898438e+01
9.702146530151367188e+00,7.575863838195800781e+00,3.550977468490600586e+00,9.286341667175292969e+00,5.913970947265625000e+00,9.413042068481445312e+00,9.066143989562988281e+00,8.340721130371093750e+00,1.188865661621093750e+01,9.865102767944335938e+00,9.709332466125488281e+00,1.143994903564453125e+01
9.378902435302734375e+00,7.550353050231933594e+00,3.551375865936279297e+00,9.436147689819335938e+00,5.960986137390136719e+00,9.486099243164062500e+00,8.846212387084960938e+00,8.315187454223632812e+00,1.215607643127441406e+01,1.010429763793945312e+01,1.014918994903564453e+01,1.181228923797607422e+01
9.360857963562011719e+00,7.553489208221435547e+00,3.461613655090332031e+00,9.441672325134277344e+00,5.950372695922851562e+00,9.425393104553222656e+00,8.767289161682128906e+00,8.217806816101074219e+00,1.209827136993408203e+01,1.018121623992919922e+01,1.016370582580566406e+01,1.184850883483886719e+01
9.403433799743652344e+00,7.711249828338623047e+00,3.311123371124267578e+00,9.445101737976074219e+00,6.031539916992187500e+00,9.391590118408203125e+00,8.713658332824707031e+00,8.267672538757324219e+00,1.204245185852050781e+01,1.024197292327880859e+01,1.022642135620117188e+01,1.194096851348876953e+01
9.381090164184570312e+00,7.769827365875244141e+00,3.247128963470458984e+00,9.349538803100585938e+00,6.157634735107421875e+00,9.329793930053710938e+00,8.625026702880859375e+00,8.274518013000488281e+00,1.205980587005615234e+01,1.022076320648193359e+01,1.023767089843750000e+01,1.199415588378906250e+01
9.607715606689453125e+00,7.636283874511718750e+00,3.337473392486572266e+00,9.359662055969238281e+00,5.928434371948242188e+00,9.420216560363769531e+00,8.853329658508300781e+00,8.313562393188476562e+00,1.192590713500976562e+01,1.005988216400146484e+01,9.958277702331542969e+00,1.170488071441650391e+01
9.521035194396972656e+00,7.562139511108398438e+00,3.583299875259399414e+00,9.403847694396972656e+00,5.915616035461425781e+00,9.400762557983398438e+00,8.950411796569824219e+00,8.208364486694335938e+00,1.192486953735351562e+01,9.962559700012207031e+00,9.909996032714843750e+00,1.167311477661132812e+01
9.414523124694824219e+00,7.704702377319335938e+00,3.199109554290771484e+00,9.417814254760742188e+00,5.953337669372558594e+00,9.384679794311523438e+00,8.758647918701171875e+00,8.221558570861816406e+00,1.199953842163085938e+01,1.016061305999755859e+01,1.015459156036376953e+01,1.185518646240234375e+01
9.580204010009765625e+00,7.355206966400146484e+00,3.881999731063842773e+00,9.152823448181152344e+00,5.879609107971191406e+00,9.364788055419921875e+00,8.939542770385742188e+00,8.131597518920898438e+00,1.191039657592773438e+01,9.712111473083496094e+00,9.710278511047363281e+00,1.133337783813476562e+01
9.298638343811035156e+00,8.605440139770507812e+00,2.450233697891235352e+00,9.294436454772949219e+00,6.048621177673339844e+00,9.296943664550781250e+00,9.023878097534179688e+00,8.267688751220703125e+00,1.228461837768554688e+01,9.924062728881835938e+00,1.077805042266845703e+01,1.244618320465087891e+01
9.106533050537109375e+00,8.783900260925292969e+00,2.157850980758666992e+00,9.363975524902343750e+00,6.029650688171386719e+00,9.006061553955078125e+00,9.060614585876464844e+00,8.097917556762695312e+00,1.232873821258544922e+01,9.987956047058105469e+00,1.086786460876464844e+01,1.249248027801513672e+01
9.507636070251464844e+00,8.034457206726074219e+00,3.711302280426025391e+00,9.416083335876464844e+00,5.759577751159667969e+00,8.933963775634765625e+00,9.530514717102050781e+00,8.246430397033691406e+00,1.208740711212158203e+01,9.515474319458007812e+00,9.845191001892089844e+00,1.152805900573730469e+01
9.397969245910644531e+00,8.501017570495605469e+00,2.758763790130615234e+00,9.362976074218750000e+00,5.916167259216308594e+00,9.262058258056640625e+00,9.377856254577636719e+00,8.279820442199707031e+00,1.214240455627441406e+01,9.826128959655761719e+00,1.048108291625976562e+01,1.207696247100830078e+01
9.424566268920898438e+00,8.059001922607421875e+00,2.982623100280761719e+00,9.365735054016113281e+00,5.867304801940917969e+00,9.253090858459472656e+00,9.025403022766113281e+00,8.295234680175781250e+00,1.210989856719970703e+01,1.002361774444580078e+01,1.042722797393798828e+01,1.204551601409912109e+01
9.387888908386230469e+00,8.230552673339843750e+00,2.909389972686767578e+00,9.352543830871582031e+00,5.882814407348632812e+00,9.140038490295410156e+00,9.097551345825195312e+00,8.242466926574707031e+00,1.208876705169677734e+01,9.928956985473632812e+00,1.045936107635498047e+01,1.208974647521972656e+01
9.489284515380859375e+00,7.926978111267089844e+00,3.292381763458251953e+00,9.400137901306152344e+00,5.876905441284179688e+00,9.174376487731933594e+00,9.135867118835449219e+00,8.360766410827636719e+00,1.207918071746826172e+01,9.932929039001464844e+00,1.014572620391845703e+01,1.180954837799072266e+01
9.515819549560546875e+00,8.144908905029296875e+00,3.187011241912841797e+00,9.332633972167968750e+00,5.821556091308593750e+00,9.102005958557128906e+00,9.204442024230957031e+00,8.339209556579589844e+00,1.216226863861083984e+01,9.844422340393066406e+00,1.032848358154296875e+01,1.196171188354492188e+01
9.374389648437500000e+00,7.997859477996826172e+00,2.879781484603881836e+00,9.414926528930664062e+00,5.912760734558105469e+00,9.333968162536621094e+00,8.949556350708007812e+00,8.285256385803222656e+00,1.206292438507080078e+01,1.007243156433105469e+01,1.041306972503662109e+01,1.204173946380615234e+01
9.456739425659179688e+00,8.002358436584472656e+00,3.023792743682861328e+00,9.383666038513183594e+00,5.887591361999511719e+00,9.257909774780273438e+00,9.065983772277832031e+00,8.343643188476562500e+00,1.206609725952148438e+01,9.966666221618652344e+00,1.030219459533691406e+01,1.194642448425292969e+01
9.180623054504394531e+00,9.545080184936523438e+00,2.287580013275146484e+00,8.803632736206054688e+00,6.002316474914550781e+00,8.619284629821777344e+00,8.196260452270507812e+00,8.181204795837402344e+00,1.356204223632812500e+01,9.717902183532714844e+00,1.143406200408935547e+01,1.333429718017578125e+01
9.229804039001464844e+00,9.662784576416015625e+00,2.354707002639770508e+00,9.076460838317871094e+00,6.255966186523437500e+00,8.797855377197265625e+00,8.535783767700195312e+00,8.349814414978027344e+00,1.372022438049316406e+01,9.896533012390136719e+00,1.161099720001220703e+01,1.358827114105224609e+01
9.167263031005859375e+00,9.608210563659667969e+00,2.238122701644897461e+00,8.861951828002929688e+00,6.082088470458984375e+00,8.678130149841308594e+00,8.286778450012207031e+00,8.218303680419921875e+00,1.363758850097656250e+01,9.762760162353515625e+00,1.150742530822753906e+01,1.342306804656982422e+01
9.192098617553710938e+00,9.407233238220214844e+00,2.294378757476806641e+00,8.873075485229492188e+00,6.089262962341308594e+00,8.743101119995117188e+00,8.364798545837402344e+00,8.319229125976562500e+00,1.331168651580810547e+01,9.746919631958007812e+00,1.132258510589599609e+01,1.309983444213867188e+01
9.225646972656250000e+00,9.348266601562500000e+00,2.356470108032226562e+00,8.816741943359375000e+00,5.980749130249023438e+00,8.737315177917480469e+00,8.308269500732421875e+00,8.220914840698242188e+00,1.321549129486083984e+01,9.647616386413574219e+00,1.121609973907470703e+01,1.300345325469970703e+01
9.220027923583984375e+00,9.186170578002929688e+00,2.201728343963623047e+00,8.953662872314453125e+00,6.136582374572753906e+00,8.507402420043945312e+00,8.499414443969726562e+00,8.325317382812500000e+00,1.301683998107910156e+01,9.778533935546875000e+00,1.115589237213134766e+01,1.291690635681152344e+01
9.248692512512207031e+00,8.749843597412109375e+00,2.400013923645019531e+00,9.328251838684082031e+00,6.190582275390625000e+00,9.166905403137207031e+00,9.007259368896484375e+00,8.449893951416015625e+00,1.256210041046142578e+01,9.991619110107421875e+00,1.091908645629882812e+01,1.260966491699218750e+01
9.111851692199707031e+00,8.894501686096191406e+00,2.391373157501220703e+00,9.288663864135742188e+00,6.158997535705566406e+00,8.806003570556640625e+00,9.117617607116699219e+00,8.199786186218261719e+00,1.248396778106689453e+01,9.885070800781250000e+00,1.092464923858642578e+01,1.258451175689697266e+01
9.137078285217285156e+00,8.944337844848632812e+00,2.165800094604492188e+00,9.215074539184570312e+00,6.242974281311035156e+00,8.900785446166992188e+00,8.886098861694335938e+00,8.325834274291992188e+00,1.262825870513916016e+01,9.850661277770996094e+00,1.099050903320312500e+01,1.274653530120849609e+01
9.167290687561035156e+00,8.892967224121093750e+00,2.619779586791992188e+00,9.287759780883789062e+00,6.222461700439453125e+00,8.905858993530273438e+00,9.135899543762207031e+00,8.324047088623046875e+00,1.262063217163085938e+01,9.901489257812500000e+00,1.092365646362304688e+01,1.265437221527099609e+01
9.310295104980468750e+00,8.083545684814453125e+00,3.109617233276367188e+00,9.176287651062011719e+00,5.987288475036621094e+00,8.939999580383300781e+00,9.056806564331054688e+00,8.353557586669921875e+00,1.213523292541503906e+01,9.921849250793457031e+00,1.012937259674072266e+01,1.170558738708496094e+01
9.361995697021484375e+00,7.838078975677490234e+00,3.043960094451904297e+00,9.402620315551757812e+00,6.091437339782714844e+00,9.521883010864257812e+00,8.796510696411132812e+00,8.298750877380371094e+00,1.220206260681152344e+01,1.022608852386474609e+01,1.037449073791503906e+01,1.199337291717529297e+01
9.285192489624023438e+00,7.734783649444580078e+00,3.150624275207519531e+00,9.446173667907714844e+00,6.049531936645507812e+00,9.467026710510253906e+00,8.665552139282226562e+00,8.243198394775390625e+00,1.217068099975585938e+01,1.028835201263427734e+01,1.040037918090820312e+01,1.204751777648925781e+01
9.285718917846679688e+00,7.839515686035156250e+00,3.227904319763183594e+00,9.275148391723632812e+00,6.245380401611328125e+00,9.384626388549804688e+00,8.620053291320800781e+00,8.314883232116699219e+00,1.221331691741943359e+01,1.012017345428466797e+01,1.029212188720703125e+01,1.199582672119140625e+01
9.344815254211425781e+00,7.807680130004882812e+00,3.057823419570922852e+00,9.399538040161132812e+00,6.079296112060546875e+00,9.453251838684082031e+00,8.730931282043457031e+00,8.206405639648437500e+00,1.213372135162353516e+01,1.024467182159423828e+01,1.036875247955322266e+01,1.199444866180419922e+01
9.320502281188964844e+00,7.779416561126708984e+00,3.091001033782958984e+00,9.461914062500000000e+00,6.072859764099121094e+00,9.485062599182128906e+00,8.653488159179687500e+00,8.231787681579589844e+00,1.214208984375000000e+01,1.026968193054199219e+01,1.039417362213134766e+01,1.205823898315429688e+01
9.197922706604003906e+00,7.656473159790039062e+00,3.240205764770507812e+00,9.374043464660644531e+00,6.002437591552734375e+00,9.369287490844726562e+00,8.502305984497070312e+00,8.190078735351562500e+00,1.212189960479736328e+01,1.024919033050537109e+01,1.037160682678222656e+01,1.201223659515380859e+01
9.287272453308105469e+00,7.671782016754150391e+00,3.209052801132202148e+00,9.450140953063964844e+00,5.970820426940917969e+00,9.459306716918945312e+00,8.657704353332519531e+00,8.242341995239257812e+00,1.213563442230224609e+01,1.024081897735595703e+01,1.032272624969482422e+01,1.198302364349365234e+01
9.262326240539550781e+00,7.675446033477783203e+00,3.137918472290039062e+00,9.488243103027343750e+00,5.992953300476074219e+00,9.499071121215820312e+00,8.616710662841796875e+00,8.233373641967773438e+00,1.213631153106689453e+01,1.025886058807373047e+01,1.040744304656982422e+01,1.209023475646972656e+01
9.316397666931152344e+00,7.651244640350341797e+00,3.143823623657226562e+00,9.390109062194824219e+00,6.011913299560546875e+00,9.441820144653320312e+00,8.546691894531250000e+00,8.204704284667968750e+00,1.209889316558837891e+01,1.022524261474609375e+01,1.032813167572021484e+01,1.203069496154785156e+01
9.221653938293457031e+00,8.609054565429687500e+00,2.873510360717773438e+00,9.328939437866210938e+00,6.186635971069335938e+00,9.204871177673339844e+00,9.198311805725097656e+00,8.284927368164062500e+00,1.229041290283203125e+01,9.771887779235839844e+00,1.039847660064697266e+01,1.219407844543457031e+01
9.141057014465332031e+00,8.445873260498046875e+00,2.747249603271484375e+00,9.382421493530273438e+00,6.030941009521484375e+00,9.401309967041015625e+00,9.089734077453613281e+00,8.323414802551269531e+00,1.221130847930908203e+01,9.942368507385253906e+00,1.054335021972656250e+01,1.220321464538574219e+01
9.006906509399414062e+00,8.596484184265136719e+00,2.639208316802978516e+00,9.334258079528808594e+00,6.020866394042968750e+00,9.323309898376464844e+00,9.184353828430175781e+00,8.034200668334960938e+00,1.212331295013427734e+01,9.820638656616210938e+00,1.057425498962402344e+01,1.223270893096923828e+01
9.317733764648437500e+00,8.145814895629882812e+00,3.006895542144775391e+00,9.422016143798828125e+00,6.036720275878906250e+00,9.190765380859375000e+00,9.120269775390625000e+00,8.366177558898925781e+00,1.209404373168945312e+01,9.983983993530273438e+00,1.026098442077636719e+01,1.194877338409423828e+01
9.396280288696289062e+00,8.256444931030273438e+00,2.884806871414184570e+00,9.385385513305664062e+00,5.968377113342285156e+00,9.417044639587402344e+00,9.169894218444824219e+00,8.445954322814941406e+00,1.225594711303710938e+01,9.944730758666992188e+00,1.037096977233886719e+01,1.205154800415039062e+01
9.425400733947753906e+00,8.134737968444824219e+00,3.185195922851562500e+00,9.384235382080078125e+00,6.015739440917968750e+00,9.068218231201171875e+00,9.169548034667968750e+00,8.482589721679687500e+00,1.215475463867187500e+01,9.922415733337402344e+00,1.016881179809570312e+01,1.185761737823486328e+01
9.266369819641113281e+00,8.412114143371582031e+00,2.582324981689453125e+00,9.433088302612304688e+00,6.042437553405761719e+00,9.318919181823730469e+00,9.197370529174804688e+00,8.251273155212402344e+00,1.216527080535888672e+01,9.970949172973632812e+00,1.054600524902343750e+01,1.215133285522460938e+01
9.254061698913574219e+00,8.316609382629394531e+00,2.835490703582763672e+00,9.432706832885742188e+00,6.083386421203613281e+00,9.359664916992187500e+00,9.070717811584472656e+00,8.341466903686523438e+00,1.214183712005615234e+01,1.001230621337890625e+01,1.043540477752685547e+01,1.208361530303955078e+01
9.453385353088378906e+00,8.025979042053222656e+00,3.253468513488769531e+00,9.414768218994140625e+00,5.941737174987792969e+00,9.233407974243164062e+00,9.142180442810058594e+00,8.519945144653320312e+00,1.226171875000000000e+01,9.928434371948242188e+00,1.018142700195312500e+01,1.188562393188476562e+01
9.326039314270019531e+00,8.007086753845214844e+00,2.854622602462768555e+00,9.474020004272460938e+00,6.050278663635253906e+00,9.520355224609375000e+00,8.872635841369628906e+00,8.324788093566894531e+00,1.212643241882324219e+01,1.018962860107421875e+01,1.045588111877441406e+01,1.211486625671386719e+01
9.364822387695312500e+00,7.641283512115478516e+00,3.179660320281982422e+00,9.395223617553710938e+00,5.952615737915039062e+00,9.450535774230957031e+00,8.643670082092285156e+00,8.329202651977539062e+00,1.217821216583251953e+01,1.033361816406250000e+01,1.032947444915771484e+01,1.192827129364013672e+01
9.261211395263671875e+00,7.671391487121582031e+00,3.144243478775024414e+00,9.402049064636230469e+00,5.939955711364746094e+00,9.409528732299804688e+00,8.580634117126464844e+00,8.229871749877929688e+00,1.212197589874267578e+01,1.037992858886718750e+01,1.042692852020263672e+01,1.203390884399414062e+01
9.609210968017578125e+00,7.546942234039306641e+00,3.259809017181396484e+00,9.208636283874511719e+00,5.885426521301269531e+00,9.418997764587402344e+00,8.704214096069335938e+00,8.335896492004394531e+00,1.212858963012695312e+01,1.027535915374755859e+01,9.969922065734863281e+00,1.151426124572753906e+01
9.289331436157226562e+00,7.691195964813232422e+00,3.198360681533813477e+00,9.484381675720214844e+00,6.010018348693847656e+00,9.469386100769042969e+00,8.438292503356933594e+00,8.196910858154296875e+00,1.213815021514892578e+01,1.039343452453613281e+01,1.054791450500488281e+01,1.213965511322021484e+01
9.346784591674804688e+00,7.556513309478759766e+00,3.293429374694824219e+00,9.269018173217773438e+00,5.908175468444824219e+00,9.359896659851074219e+00,8.424781799316406250e+00,8.263215065002441406e+00,1.215574073791503906e+01,1.034751319885253906e+01,1.026418972015380859e+01,1.179895305633544922e+01
9.451017379760742188e+00,7.729566574096679688e+00,3.249335289001464844e+00,9.319761276245117188e+00,6.001808166503906250e+00,9.436723709106445312e+00,8.787579536437988281e+00,8.419086456298828125e+00,1.224914646148681641e+01,1.023024272918701172e+01,1.016016674041748047e+01,1.164936065673828125e+01
9.318936347961425781e+00,7.566635131835937500e+00,3.410643815994262695e+00,9.415178298950195312e+00,5.957921028137207031e+00,9.510710716247558594e+00,8.635787010192871094e+00,8.197719573974609375e+00,1.213437366485595703e+01,1.023809146881103516e+01,1.026903820037841797e+01,1.190468502044677734e+01
9.327726364135742188e+00,7.670357227325439453e+00,3.260699987411499023e+00,9.415453910827636719e+00,5.950249671936035156e+00,9.478694915771484375e+00,8.568993568420410156e+00,8.211580276489257812e+00,1.211206722259521484e+01,1.029737567901611328e+01,1.037393283843994141e+01,1.196291160583496094e+01
9.285695075988769531e+00,7.715906620025634766e+00,3.074539184570312500e+00,9.431849479675292969e+00,6.022105216979980469e+00,9.454585075378417969e+00,8.419601440429687500e+00,8.158404350280761719e+00,1.206449127197265625e+01,1.038896656036376953e+01,1.050812911987304688e+01,1.209086322784423828e+01
9.356083869934082031e+00,7.704648017883300781e+00,3.281112670898437500e+00,9.311633110046386719e+00,6.020229339599609375e+00,9.390760421752929688e+00,8.565357208251953125e+00,8.350175857543945312e+00,1.226928997039794922e+01,1.032489299774169922e+01,1.024065494537353516e+01,1.171876144409179688e+01
9.493062973022460938e+00,8.831019401550292969e+00,3.211252212524414062e+00,9.142589569091796875e+00,5.984974861145019531e+00,8.844345092773437500e+00,9.437607765197753906e+00,9.305112838745117188e+00,1.333756637573242188e+01,9.691241264343261719e+00,1.054278945922851562e+01,1.217775249481201172e+01
9.440256118774414062e+00,8.839113235473632812e+00,3.012163400650024414e+00,9.162999153137207031e+00,5.984252929687500000e+00,8.998742103576660156e+00,9.412213325500488281e+00,9.121612548828125000e+00,1.318360233306884766e+01,9.690319061279296875e+00,1.054560089111328125e+01,1.221569633483886719e+01
9.504060745239257812e+00,8.808472633361816406e+00,3.179544448852539062e+00,9.134676933288574219e+00,5.996281623840332031e+00,8.937237739562988281e+00,9.428705215454101562e+00,9.285517692565917969e+00,1.330638599395751953e+01,9.689218521118164062e+00,1.050671958923339844e+01,1.212122726440429688e+01
9.548186302185058594e+00,8.708445549011230469e+00,3.376799583435058594e+00,9.204069137573242188e+00,6.003521919250488281e+00,8.762742996215820312e+00,9.493304252624511719e+00,9.175369262695312500e+00,1.319855690002441406e+01,9.673009872436523438e+00,1.044555091857910156e+01,1.208686828613281250e+01
9.526683807373046875e+00,8.722767829895019531e+00,3.210906505584716797e+00,9.193463325500488281e+00,5.993193626403808594e+00,8.993166923522949219e+00,9.405102729797363281e+00,9.138703346252441406e+00,1.317693519592285156e+01,9.674356460571289062e+00,1.048312854766845703e+01,1.213572502136230469e+01
9.499872207641601562e+00,8.771364212036132812e+00,3.189035415649414062e+00,9.207143783569335938e+00,5.974472045898437500e+00,8.846809387207031250e+00,9.462793350219726562e+00,9.115522384643554688e+00,1.307468605041503906e+01,9.650305747985839844e+00,1.042941665649414062e+01,1.208585357666015625e+01
9.588492393493652344e+00,8.561247825622558594e+00,3.497643947601318359e+00,9.236818313598632812e+00,5.973184585571289062e+00,8.721587181091308594e+00,9.456804275512695312e+00,9.075519561767578125e+00,1.305839538574218750e+01,9.653741836547851562e+00,1.034234428405761719e+01,1.194166564941406250e+01
9.530887603759765625e+00,8.668901443481445312e+00,3.179179191589355469e+00,9.215229988098144531e+00,5.930295944213867188e+00,9.095583915710449219e+00,9.371518135070800781e+00,8.976163864135742188e+00,1.289302730560302734e+01,9.596735000610351562e+00,1.042378234863281250e+01,1.209490203857421875e+01
9.492538452148437500e+00,8.466536521911621094e+00,3.145095586776733398e+00,9.280460357666015625e+00,5.983692169189453125e+00,9.086046218872070312e+00,9.370787620544433594e+00,8.873281478881835938e+00,1.268452548980712891e+01,9.699798583984375000e+00,1.029062080383300781e+01,1.196308708190917969e+01
9.592020988464355469e+00,8.534618377685546875e+00,3.253340959548950195e+00,9.221159934997558594e+00,5.977270126342773438e+00,8.977079391479492188e+00,9.391036033630371094e+00,9.099544525146484375e+00,1.294030666351318359e+01,9.695821762084960938e+00,1.033323287963867188e+01,1.195046997070312500e+01
9.423057556152343750e+00,8.608119964599609375e+00,3.133893966674804688e+00,9.326618194580078125e+00,5.976808547973632812e+00,8.812489509582519531e+00,9.487641334533691406e+00,8.613031387329101562e+00,1.249968147277832031e+01,9.719764709472656250e+00,1.033810520172119141e+01,1.197859382629394531e+01
9.433038711547851562e+00,8.564138412475585938e+00,2.984159708023071289e+00,9.304016113281250000e+00,5.940878868103027344e+00,8.975315093994140625e+00,9.377866744995117188e+00,8.694522857666015625e+00,1.245891666412353516e+01,9.753758430480957031e+00,1.036570835113525391e+01,1.196113109588623047e+01
9.479083061218261719e+00,8.501369476318359375e+00,2.958311080932617188e+00,9.323813438415527344e+00,5.996154785156250000e+00,9.014267921447753906e+00,9.300718307495117188e+00,8.622875213623046875e+00,1.242506694793701172e+01,9.812021255493164062e+00,1.044312000274658203e+01,1.206217098236083984e+01
9.397199630737304688e+00,8.468553543090820312e+00,2.832174301147460938e+00,9.334084510803222656e+00,5.973082542419433594e+00,9.273967742919921875e+00,9.207201004028320312e+00,8.674434661865234375e+00,1.248876190185546875e+01,9.904490470886230469e+00,1.048930549621582031e+01,1.210351562500000000e+01
9.591902732849121094e+00,8.282475471496582031e+00,3.428417205810546875e+00,9.344731330871582031e+00,5.972605705261230469e+00,8.815938949584960938e+00,9.428473472595214844e+00,8.632889747619628906e+00,1.244354915618896484e+01,9.759028434753417969e+00,1.016114425659179688e+01,1.179268074035644531e+01
9.432848930358886719e+00,8.167583465576171875e+00,3.080997467041015625e+00,9.403024673461914062e+00,5.988684654235839844e+00,9.133557319641113281e+00,9.154559135437011719e+00,8.478224754333496094e+00,1.226719379425048828e+01,9.958861351013183594e+00,1.033420848846435547e+01,1.200029373168945312e+01
9.483206748962402344e+00,8.092035293579101562e+00,3.377846956253051758e+00,9.389592170715332031e+00,6.001631736755371094e+00,9.063205718994140625e+00,9.186482429504394531e+00,8.585416793823242188e+00,1.245422458648681641e+01,9.937871932983398438e+00,1.020589447021484375e+01,1.182230091094970703e+01
9.541217803955078125e+00,8.198670387268066406e+00,3.256274938583374023e+00,9.348668098449707031e+00,5.943000793457031250e+00,8.900694847106933594e+00,9.301992416381835938e+00,8.577938079833984375e+00,1.230140876770019531e+01,9.839941024780273438e+00,1.015483093261718750e+01,1.177066040039062500e+01
9.411129951477050781e+00,8.035863876342773438e+00,3.096723556518554688e+00,9.448914527893066406e+00,5.984265327453613281e+00,9.284922599792480469e+00,9.062372207641601562e+00,8.508117675781250000e+00,1.225599575042724609e+01,1.002678585052490234e+01,1.034380817413330078e+01,1.201796340942382812e+01
9.404195785522460938e+00,8.041420936584472656e+00,3.029027700424194336e+00,9.438596725463867188e+00,6.007527351379394531e+00,9.388551712036132812e+00,8.967624664306640625e+00,8.548347473144531250e+00,1.232721328735351562e+01,1.005993938446044922e+01,1.042147159576416016e+01,1.210945034027099609e+01
9.384583473205566406e+00,9.006468772888183594e+00,3.108618497848510742e+00,9.071288108825683594e+00,6.000952720642089844e+00,8.921698570251464844e+00,9.177523612976074219e+00,9.046735763549804688e+00,1.329130840301513672e+01,9.591904640197753906e+00,1.083482551574707031e+01,1.234002399444580078e+01
9.451421737670898438e+00,9.029757499694824219e+00,3.158144235610961914e+00,9.151070594787597656e+00,6.011896133422851562e+00,8.830030441284179688e+00,9.307127952575683594e+00,9.011146545410156250e+00,1.327743148803710938e+01,9.618948936462402344e+00,1.081003189086914062e+01,1.240415477752685547e+01
9.464577674865722656e+00,8.982682228088378906e+00,3.121338844299316406e+00,9.154203414916992188e+00,6.029494285583496094e+00,9.170035362243652344e+00,9.355796813964843750e+00,8.949642181396484375e+00,1.321692657470703125e+01,9.597276687622070312e+00,1.073193931579589844e+01,1.245873451232910156e+01
9.405667304992675781e+00,8.959509849548339844e+00,3.177366256713867188e+00,9.240045547485351562e+00,5.915095329284667969e+00,8.831205368041992188e+00,9.365966796875000000e+00,8.804882049560546875e+00,1.304368591308593750e+01,9.617089271545410156e+00,1.067887115478515625e+01,1.226212978363037109e+01
9.328099250793457031e+00,8.861526489257812500e+00,3.071664810180664062e+00,9.255399703979492188e+00,5.987978935241699219e+00,9.129036903381347656e+00,9.465096473693847656e+00,8.656201362609863281e+00,1.287963867187500000e+01,9.576327323913574219e+00,1.057019805908203125e+01,1.223660659790039062e+01
9.289785385131835938e+00,8.864938735961914062e+00,2.958021640777587891e+00,9.218039512634277344e+00,5.901417732238769531e+00,9.078439712524414062e+00,9.373366355895996094e+00,8.683872222900390625e+00,1.293009471893310547e+01,9.632676124572753906e+00,1.060562419891357422e+01,1.228818988800048828e+01
9.320986747741699219e+00,8.861539840698242188e+00,2.971564292907714844e+00,9.223341941833496094e+00,5.909462928771972656e+00,9.088764190673828125e+00,9.365838050842285156e+00,8.742676734924316406e+00,1.299352359771728516e+01,9.659061431884765625e+00,1.063464832305908203e+01,1.229474163055419922e+01
9.413421630859375000e+00,8.713345527648925781e+00,3.232794046401977539e+00,9.218410491943359375e+00,5.951501846313476562e+00,9.037477493286132812e+00,9.405868530273437500e+00,8.836023330688476562e+00,1.310060691833496094e+01,9.682214736938476562e+00,1.055226993560791016e+01,1.221300983428955078e+01
9.467848777770996094e+00,8.742691993713378906e+00,3.190669298171997070e+00,9.204773902893066406e+00,5.932851791381835938e+00,8.976369857788085938e+00,9.423562049865722656e+00,8.894914627075195312e+00,1.313220787048339844e+01,9.630236625671386719e+00,1.057392787933349609e+01,1.216686916351318359e+01
9.458567619323730469e+00,8.717927932739257812e+00,3.168834447860717773e+00,9.141615867614746094e+00,5.903241157531738281e+00,8.950153350830078125e+00,9.381962776184082031e+00,8.974631309509277344e+00,1.306141853332519531e+01,9.630581855773925781e+00,1.044444656372070312e+01,1.199507999420166016e+01
9.300412178039550781e+00,9.217265129089355469e+00,3.048508882522583008e+00,8.856096267700195312e+00,5.949457168579101562e+00,9.369069099426269531e+00,8.912993431091308594e+00,8.652772903442382812e+00,1.341114330291748047e+01,9.521059989929199219e+00,1.101714324951171875e+01,1.258298110961914062e+01
9.194202423095703125e+00,9.141706466674804688e+00,2.939773797988891602e+00,8.994865417480468750e+00,6.009315490722656250e+00,9.189240455627441406e+00,9.160243034362792969e+00,8.514516830444335938e+00,1.302321338653564453e+01,9.535518646240234375e+00,1.084954166412353516e+01,1.241022586822509766e+01
8.740657806396484375e+00,9.310685157775878906e+00,2.460976600646972656e+00,8.967839241027832031e+00,5.864423751831054688e+00,9.216670989990234375e+00,9.098875999450683594e+00,7.544160366058349609e+00,1.253595352172851562e+01,9.260731697082519531e+00,1.066328811645507812e+01,1.221491241455078125e+01
8.548943519592285156e+00,9.203649520874023438e+00,2.331362247467041016e+00,9.027908325195312500e+00,5.634141921997070312e+00,9.285156250000000000e+00,9.338012695312500000e+00,7.121381282806396484e+00,1.213709163665771484e+01,9.294603347778320312e+00,1.050650024414062500e+01,1.203942108154296875e+01
9.041627883911132812e+00,8.849784851074218750e+00,2.807718276977539062e+00,9.004299163818359375e+00,5.827293395996093750e+00,9.051401138305664062e+00,9.367086410522460938e+00,8.063325881958007812e+00,1.240373992919921875e+01,9.536128997802734375e+00,1.050330448150634766e+01,1.197151756286621094e+01
9.105324745178222656e+00,8.790812492370605469e+00,2.857941865921020508e+00,9.065466880798339844e+00,5.870347023010253906e+00,8.952293395996093750e+00,9.468585968017578125e+00,8.096151351928710938e+00,1.239897346496582031e+01,9.553642272949218750e+00,1.038558292388916016e+01,1.194767093658447266e+01
9.160242080688476562e+00,8.711472511291503906e+00,2.976486682891845703e+00,9.094588279724121094e+00,5.901587486267089844e+00,8.991580009460449219e+00,9.410477638244628906e+00,8.210144042968750000e+00,1.241809749603271484e+01,9.624772071838378906e+00,1.042511367797851562e+01,1.196615028381347656e+01
9.379949569702148438e+00,8.460770606994628906e+00,3.107507228851318359e+00,9.209743499755859375e+00,6.057114601135253906e+00,9.240335464477539062e+00,9.247293472290039062e+00,8.472109794616699219e+00,1.257726764678955078e+01,9.704844474792480469e+00,1.038956546783447266e+01,1.201134014129638672e+01
9.300554275512695312e+00,8.536811828613281250e+00,3.042927026748657227e+00,9.226847648620605469e+00,6.131851196289062500e+00,9.411051750183105469e+00,9.183262825012207031e+00,8.522970199584960938e+00,1.259418869018554688e+01,9.728769302368164062e+00,1.046378898620605469e+01,1.208154773712158203e+01
9.313884735107421875e+00,8.658678054809570312e+00,2.986171007156372070e+00,9.098488807678222656e+00,6.051861763000488281e+00,9.196412086486816406e+00,9.290593147277832031e+00,8.386675834655761719e+00,1.253902244567871094e+01,9.609046936035156250e+00,1.040258407592773438e+01,1.201749229431152344e+01
9.174404144287109375e+00,8.071193695068359375e+00,3.034936904907226562e+00,9.503862380981445312e+00,6.147121429443359375e+00,9.452853202819824219e+00,8.998682022094726562e+00,8.172932624816894531e+00,1.211130905151367188e+01,1.008678531646728516e+01,1.037401390075683594e+01,1.206853675842285156e+01
9.145332336425781250e+00,7.991853713989257812e+00,3.029947042465209961e+00,9.481389045715332031e+00,6.118110656738281250e+00,9.490009307861328125e+00,8.903941154479980469e+00,8.104928016662597656e+00,1.211499595642089844e+01,1.002221107482910156e+01,1.031362342834472656e+01,1.203608703613281250e+01
9.159933090209960938e+00,8.051078796386718750e+00,2.948655605316162109e+00,9.500018119812011719e+00,6.106069564819335938e+00,9.530075073242187500e+00,8.955223083496093750e+00,8.121723175048828125e+00,1.204885482788085938e+01,1.006483364105224609e+01,1.041430854797363281e+01,1.210841464996337891e+01
9.182971000671386719e+00,7.830635070800781250e+00,3.097315788269042969e+00,9.522129058837890625e+00,6.131124496459960938e+00,9.556678771972656250e+00,8.776046752929687500e+00,8.181399345397949219e+00,1.209012413024902344e+01,1.021184444427490234e+01,1.039591217041015625e+01,1.209714794158935547e+01
9.073678970336914062e+00,8.235040664672851562e+00,2.752837181091308594e+00,9.366667747497558594e+00,6.055824279785156250e+00,9.395747184753417969e+00,9.062819480895996094e+00,7.992288589477539062e+00,1.194799137115478516e+01,9.795680046081542969e+00,1.029810047149658203e+01,1.203414249420166016e+01
9.204018592834472656e+00,7.770685672760009766e+00,3.154121160507202148e+00,9.511104583740234375e+00,6.076957702636718750e+00,9.541007041931152344e+00,8.738652229309082031e+00,8.174304962158203125e+00,1.209883117675781250e+01,1.024241542816162109e+01,1.041311550140380859e+01,1.211467647552490234e+01
9.256477355957031250e+00,7.767408370971679688e+00,3.055207967758178711e+00,9.555240631103515625e+00,6.124500274658203125e+00,9.670104980468750000e+00,8.717996597290039062e+00,8.229145050048828125e+00,1.209839439392089844e+01,1.027718639373779297e+01,1.048614692687988281e+01,1.218956947326660156e+01
9.376921653747558594e+00,7.874620914459228516e+00,2.988211870193481445e+00,9.495927810668945312e+00,6.080243110656738281e+00,9.664416313171386719e+00,8.959048271179199219e+00,8.369881629943847656e+00,1.206007385253906250e+01,1.008514595031738281e+01,1.029717922210693359e+01,1.206095218658447266e+01
9.218705177307128906e+00,7.775265216827392578e+00,3.075047254562377930e+00,9.533047676086425781e+00,6.093928337097167969e+00,9.627360343933105469e+00,8.714791297912597656e+00,8.181299209594726562e+00,1.208548259735107422e+01,1.024381637573242188e+01,1.043795204162597656e+01,1.213018417358398438e+01
9.259196281433105469e+00,7.879733085632324219e+00,2.971432209014892578e+00,9.491391181945800781e+00,6.096204757690429688e+00,9.622952461242675781e+00,8.812205314636230469e+00,8.246940612792968750e+00,1.206540107727050781e+01,1.011474800109863281e+01,1.036710262298583984e+01,1.210604095458984375e+01
8.972613334655761719e+00,8.400573730468750000e+00,3.151526927947998047e+00,9.248128890991210938e+00,6.027045249938964844e+00,9.669431686401367188e+00,8.682018280029296875e+00,8.034892082214355469e+00,1.270187759399414062e+01,9.877718925476074219e+00,1.059947776794433594e+01,1.239749431610107422e+01
9.059698104858398438e+00,8.024649620056152344e+00,3.371749877929687500e+00,9.392088890075683594e+00,6.148450851440429688e+00,9.552296638488769531e+00,8.790134429931640625e+00,8.125892639160156250e+00,1.255894756317138672e+01,1.007208538055419922e+01,1.047041034698486328e+01,1.221477699279785156e+01
8.938231468200683594e+00,8.410344123840332031e+00,2.883344411849975586e+00,9.305593490600585938e+00,5.958443641662597656e+00,9.497918128967285156e+00,9.039237976074218750e+00,7.786392688751220703e+00,1.217527866363525391e+01,9.688262939453125000e+00,1.032857990264892578e+01,1.203106880187988281e+01
8.932823181152343750e+00,8.022111892700195312e+00,3.316204547882080078e+00,9.254248619079589844e+00,5.960310935974121094e+00,9.667860031127929688e+00,8.674665451049804688e+00,7.923682212829589844e+00,1.256721591949462891e+01,9.962292671203613281e+00,1.034505748748779297e+01,1.204896163940429688e+01
8.956864356994628906e+00,8.168782234191894531e+00,3.046539306640625000e+00,9.304121971130371094e+00,6.031065940856933594e+00,9.772226333618164062e+00,8.737224578857421875e+00,8.027933120727539062e+00,1.243644428253173828e+01,9.928314208984375000e+00,1.050684738159179688e+01,1.226259231567382812e+01
8.963375091552734375e+00,7.817325592041015625e+00,3.311966419219970703e+00,9.323465347290039062e+00,6.036950111389160156e+00,9.682051658630371094e+00,8.627976417541503906e+00,8.067947387695312500e+00,1.254365539550781250e+01,1.012730789184570312e+01,1.045268726348876953e+01,1.218247890472412109e+01
9.037916183471679688e+00,8.383325576782226562e+00,3.017384529113769531e+00,9.359791755676269531e+00,6.028093338012695312e+00,9.370551109313964844e+00,9.149478912353515625e+00,7.866259574890136719e+00,1.211428737640380859e+01,9.679918289184570312e+00,1.026685428619384766e+01,1.198540401458740234e+01
8.948352813720703125e+00,8.523730278015136719e+00,2.993559360504150391e+00,9.352633476257324219e+00,5.837417602539062500e+00,9.444843292236328125e+00,9.068649291992187500e+00,7.748580932617187500e+00,1.224541282653808594e+01,9.628919601440429688e+00,1.033007526397705078e+01,1.201618576049804688e+01
9.006442070007324219e+00,8.263589859008789062e+00,3.110329151153564453e+00,9.318504333496093750e+00,5.983490943908691406e+00,9.625653266906738281e+00,8.981728553771972656e+00,7.851023197174072266e+00,1.225867271423339844e+01,9.776622772216796875e+00,1.028250694274902344e+01,1.201529598236083984e+01
9.074384689331054688e+00,8.015831947326660156e+00,3.288936376571655273e+00,9.350765228271484375e+00,6.066473960876464844e+00,9.682805061340332031e+00,8.791306495666503906e+00,8.070984840393066406e+00,1.244999027252197266e+01,1.005451393127441406e+01,1.045170783996582031e+01,1.219334697723388672e+01
9.436259269714355469e+00,9.324082374572753906e+00,3.188539981842041016e+00,8.835758209228515625e+00,6.023952484130859375e+00,9.271331787109375000e+00,9.026583671569824219e+00,8.865234375000000000e+00,1.366399669647216797e+01,9.695777893066406250e+00,1.115750217437744141e+01,1.286100196838378906e+01
9.329264640808105469e+00,9.278153419494628906e+00,3.136982917785644531e+00,8.968945503234863281e+00,5.967462539672851562e+00,9.102984428405761719e+00,9.124429702758789062e+00,8.630034446716308594e+00,1.345412349700927734e+01,9.629754066467285156e+00,1.107310104370117188e+01,1.279798221588134766e+01
9.402433395385742188e+00,9.217273712158203125e+00,3.134233474731445312e+00,8.979432106018066406e+00,6.053091049194335938e+00,9.099736213684082031e+00,9.034898757934570312e+00,8.767067909240722656e+00,1.352241325378417969e+01,9.623998641967773438e+00,1.109439468383789062e+01,1.277043151855468750e+01
9.382953643798828125e+00,9.073287963867187500e+00,3.156329870223999023e+00,9.075972557067871094e+00,6.022470474243164062e+00,9.212033271789550781e+00,9.092670440673828125e+00,8.690658569335937500e+00,1.337352371215820312e+01,9.665719032287597656e+00,1.101821708679199219e+01,1.271662902832031250e+01
9.268664360046386719e+00,9.175582885742187500e+00,3.102044105529785156e+00,9.057188034057617188e+00,5.946970939636230469e+00,9.269521713256835938e+00,9.156867980957031250e+00,8.534673690795898438e+00,1.326108074188232422e+01,9.571317672729492188e+00,1.094170856475830078e+01,1.267146301269531250e+01
9.380474090576171875e+00,9.142346382141113281e+00,3.081266403198242188e+00,9.104553222656250000e+00,6.125148773193359375e+00,9.191078186035156250e+00,9.183351516723632812e+00,8.688949584960937500e+00,1.334956073760986328e+01,9.649044990539550781e+00,1.098891448974609375e+01,1.272513866424560547e+01
9.375063896179199219e+00,8.922921180725097656e+00,3.089152336120605469e+00,9.160050392150878906e+00,5.936650276184082031e+00,9.101479530334472656e+00,9.386501312255859375e+00,8.913306236267089844e+00,1.314267158508300781e+01,9.623380661010742188e+00,1.064675235748291016e+01,1.230391407012939453e+01
9.267167091369628906e+00,8.976161956787109375e+00,3.023961544036865234e+00,9.102716445922851562e+00,6.024699211120605469e+00,9.314216613769531250e+00,9.243655204772949219e+00,8.542999267578125000e+00,1.297027683258056641e+01,9.574041366577148438e+00,1.072615909576416016e+01,1.248740577697753906e+01
9.293084144592285156e+00,8.865573883056640625e+00,3.141385555267333984e+00,9.196506500244140625e+00,6.054880142211914062e+00,9.191816329956054688e+00,9.347440719604492188e+00,8.556007385253906250e+00,1.293116474151611328e+01,9.660792350769042969e+00,1.068804836273193359e+01,1.244135379791259766e+01
9.302548408508300781e+00,8.730412483215332031e+00,3.083870172500610352e+00,9.248094558715820312e+00,6.037234306335449219e+00,9.196425437927246094e+00,9.339325904846191406e+00,8.628327369689941406e+00,1.279629325866699219e+01,9.646878242492675781e+00,1.050138378143310547e+01,1.230059337615966797e+01
9.450347900390625000e+00,9.283522605895996094e+00,3.151428699493408203e+00,8.600681304931640625e+00,6.104542732238769531e+00,9.672492980957031250e+00,8.675503730773925781e+00,8.789746284484863281e+00,1.366383934020996094e+01,9.462910652160644531e+00,1.100118923187255859e+01,1.262262439727783203e+01
9.342770576477050781e+00,9.290093421936035156e+00,3.093028068542480469e+00,8.588460922241210938e+00,6.043696403503417969e+00,9.563226699829101562e+00,8.731617927551269531e+00,8.610033035278320312e+00,1.358640098571777344e+01,9.442842483520507812e+00,1.098830604553222656e+01,1.259263515472412109e+01
9.159067153930664062e+00,9.255815505981445312e+00,2.943669557571411133e+00,8.760292053222656250e+00,5.856307029724121094e+00,9.578678131103515625e+00,8.934271812438964844e+00,8.159811019897460938e+00,1.319719123840332031e+01,9.355599403381347656e+00,1.088400459289550781e+01,1.244110584259033203e+01
8.984428405761718750e+00,9.328298568725585938e+00,2.779778242111206055e+00,8.800659179687500000e+00,5.787014961242675781e+00,9.445837020874023438e+00,9.051746368408203125e+00,7.901688098907470703e+00,1.292263317108154297e+01,9.228472709655761719e+00,1.074128532409667969e+01,1.229783821105957031e+01
9.100083351135253906e+00,9.384301185607910156e+00,2.843624591827392578e+00,8.769311904907226562e+00,5.934569358825683594e+00,9.430469512939453125e+00,8.905339241027832031e+00,8.157879829406738281e+00,1.309222602844238281e+01,9.244572639465332031e+00,1.079215049743652344e+01,1.242458534240722656e+01
9.026374816894531250e+00,9.355599403381347656e+00,2.746665239334106445e+00,8.728893280029296875e+00,5.879249572753906250e+00,9.342985153198242188e+00,8.938088417053222656e+00,8.074287414550781250e+00,1.298291110992431641e+01,9.215443611145019531e+00,1.073577880859375000e+01,1.233332920074462891e+01
9.249102592468261719e+00,9.354112625122070312e+00,2.873450279235839844e+00,8.711515426635742188e+00,6.004606246948242188e+00,9.560910224914550781e+00,8.900559425354003906e+00,8.379504203796386719e+00,1.318817520141601562e+01,9.251759529113769531e+00,1.072465419769287109e+01,1.237068843841552734e+01
9.289114952087402344e+00,9.391585350036621094e+00,2.890188932418823242e+00,8.804572105407714844e+00,6.127060890197753906e+00,9.440452575683593750e+00,8.779858589172363281e+00,8.311367034912109375e+00,1.329940032958984375e+01,9.366650581359863281e+00,1.089384746551513672e+01,1.260272312164306641e+01
9.014891624450683594e+00,9.314315795898437500e+00,2.707621097564697266e+00,8.828186988830566406e+00,5.814661979675292969e+00,9.518465995788574219e+00,9.074401855468750000e+00,7.923137664794921875e+00,1.277610015869140625e+01,9.197279930114746094e+00,1.056522274017333984e+01,1.223624420166015625e+01
9.195854187011718750e+00,9.092901229858398438e+00,2.857671022415161133e+00,8.916730880737304688e+00,5.986145019531250000e+00,9.645918846130371094e+00,9.069890022277832031e+00,8.173624992370605469e+00,1.270632362365722656e+01,9.320516586303710938e+00,1.043067932128906250e+01,1.219048404693603516e+01
9.001370429992675781e+00,8.887009620666503906e+00,2.928490877151489258e+00,9.322060585021972656e+00,6.164123535156250000e+00,9.325315475463867188e+00,9.274577140808105469e+00,7.645334243774414062e+00,1.213403511047363281e+01,9.556327819824218750e+00,1.021809005737304688e+01,1.199821662902832031e+01
9.041416168212890625e+00,9.013846397399902344e+00,2.924368143081665039e+00,9.395620346069335938e+00,6.229024887084960938e+00,9.204697608947753906e+00,9.380366325378417969e+00,7.751029014587402344e+00,1.216535186767578125e+01,9.579389572143554688e+00,1.023621845245361328e+01,1.204598045349121094e+01
9.160291671752929688e+00,8.502616882324218750e+00,3.063380718231201172e+00,9.358750343322753906e+00,6.222849845886230469e+00,9.454737663269042969e+00,9.261342048645019531e+00,7.872421264648437500e+00,1.218073654174804688e+01,9.721724510192871094e+00,1.018047332763671875e+01,1.195896720886230469e+01
8.957508087158203125e+00,8.716849327087402344e+00,2.879379272460937500e+00,9.303808212280273438e+00,5.965691566467285156e+00,9.229852676391601562e+00,9.346879005432128906e+00,7.481357574462890625e+00,1.187363815307617188e+01,9.468442916870117188e+00,1.007330799102783203e+01,1.184205341339111328e+01
9.133177757263183594e+00,8.216804504394531250e+00,3.000091791152954102e+00,9.416610717773437500e+00,6.129150390625000000e+00,9.459031105041503906e+00,9.117865562438964844e+00,8.068449020385742188e+00,1.221094608306884766e+01,9.981743812561035156e+00,1.036456012725830078e+01,1.211999225616455078e+01
8.998363494873046875e+00,8.789816856384277344e+00,2.895270347595214844e+00,9.317915916442871094e+00,6.262193679809570312e+00,9.420475006103515625e+00,9.212724685668945312e+00,7.717977523803710938e+00,1.220682811737060547e+01,9.650712966918945312e+00,1.031420707702636719e+01,1.211010742187500000e+01
9.089066505432128906e+00,8.493016242980957031e+00,3.030717849731445312e+00,9.333580017089843750e+00,5.924416542053222656e+00,9.282182693481445312e+00,9.314517974853515625e+00,7.627641677856445312e+00,1.186227226257324219e+01,9.525559425354003906e+00,1.001409530639648438e+01,1.179714107513427734e+01
9.187926292419433594e+00,8.104939460754394531e+00,3.011757135391235352e+00,9.327430725097656250e+00,6.188605308532714844e+00,9.537326812744140625e+00,9.062453269958496094e+00,7.995013713836669922e+00,1.203886508941650391e+01,9.939402580261230469e+00,1.020743846893310547e+01,1.201262378692626953e+01
9.073802947998046875e+00,8.086144447326660156e+00,2.929908037185668945e+00,9.396256446838378906e+00,6.142442703247070312e+00,9.564515113830566406e+00,9.015633583068847656e+00,7.995018959045410156e+00,1.205817127227783203e+01,9.988260269165039062e+00,1.033569526672363281e+01,1.202507686614990234e+01
9.058454513549804688e+00,8.241732597351074219e+00,2.874825716018676758e+00,9.300797462463378906e+00,6.243160247802734375e+00,9.549781799316406250e+00,8.969389915466308594e+00,7.976973533630371094e+00,1.214118289947509766e+01,9.916716575622558594e+00,1.032097339630126953e+01,1.209677410125732422e+01
9.377083778381347656e+00,8.612993240356445312e+00,2.874891757965087891e+00,9.231205940246582031e+00,5.890895843505859375e+00,9.090529441833496094e+00,9.401631355285644531e+00,8.812468528747558594e+00,1.264404773712158203e+01,9.761888504028320312e+00,1.036412620544433594e+01,1.195012092590332031e+01
9.337851524353027344e+00,8.644702911376953125e+00,2.853696584701538086e+00,9.203693389892578125e+00,5.897583961486816406e+00,8.921217918395996094e+00,9.378816604614257812e+00,8.727999687194824219e+00,1.259643650054931641e+01,9.739635467529296875e+00,1.038705539703369141e+01,1.197717189788818359e+01
9.372128486633300781e+00,8.694878578186035156e+00,2.848896503448486328e+00,9.200120925903320312e+00,5.872184753417968750e+00,9.234637260437011719e+00,9.336132049560546875e+00,8.856892585754394531e+00,1.272099208831787109e+01,9.737573623657226562e+00,1.046063995361328125e+01,1.205669212341308594e+01
9.315376281738281250e+00,8.512205123901367188e+00,2.997519493103027344e+00,9.263830184936523438e+00,5.910800933837890625e+00,9.051715850830078125e+00,9.367085456848144531e+00,8.561546325683593750e+00,1.247896194458007812e+01,9.771426200866699219e+00,1.038701057434082031e+01,1.199833583831787109e+01
9.354691505432128906e+00,8.500097274780273438e+00,2.826090097427368164e+00,9.241765022277832031e+00,5.847842216491699219e+00,8.896636962890625000e+00,9.375142097473144531e+00,8.640460968017578125e+00,1.240223789215087891e+01,9.781471252441406250e+00,1.029763889312744141e+01,1.183768749237060547e+01
9.242625236511230469e+00,8.422474861145019531e+00,2.906432390213012695e+00,9.337543487548828125e+00,5.936920166015625000e+00,9.030299186706542969e+00,9.323229789733886719e+00,8.367175102233886719e+00,1.231008338928222656e+01,9.894573211669921875e+00,1.042124271392822266e+01,1.203362274169921875e+01
9.310294151306152344e+00,8.337345123291015625e+00,2.969653844833374023e+00,9.247214317321777344e+00,5.809080123901367188e+00,8.633359909057617188e+00,9.427027702331542969e+00,8.408888816833496094e+00,1.215365409851074219e+01,9.770828247070312500e+00,1.013927745819091797e+01,1.167446136474609375e+01
9.301243782043457031e+00,8.368313789367675781e+00,3.012004375457763672e+00,9.328884124755859375e+00,5.882065773010253906e+00,8.964835166931152344e+00,9.398949623107910156e+00,8.342285156250000000e+00,1.222972106933593750e+01,9.816269874572753906e+00,1.030465126037597656e+01,1.187504959106445312e+01
9.205190658569335938e+00,8.400442123413085938e+00,2.845977544784545898e+00,9.349757194519042969e+00,5.896937370300292969e+00,9.228507041931152344e+00,9.262835502624511719e+00,8.357947349548339844e+00,1.219902038574218750e+01,9.812755584716796875e+00,1.038880348205566406e+01,1.197344970703125000e+01
9.324802398681640625e+00,8.270416259765625000e+00,2.909626007080078125e+00,9.306529045104980469e+00,5.845091819763183594e+00,8.977733612060546875e+00,9.300521850585937500e+00,8.457202911376953125e+00,1.219576263427734375e+01,9.836874008178710938e+00,1.025321197509765625e+01,1.180520629882812500e+01
9.306631088256835938e+00,9.420477867126464844e+00,3.026505470275878906e+00,8.840194702148437500e+00,6.152238845825195312e+00,9.302094459533691406e+00,8.876184463500976562e+00,8.360619544982910156e+00,1.345169734954833984e+01,9.443407058715820312e+00,1.110192012786865234e+01,1.272159194946289062e+01
9.261462211608886719e+00,9.437763214111328125e+00,2.987475872039794922e+00,8.862578392028808594e+00,6.110298156738281250e+00,9.165988922119140625e+00,8.815095901489257812e+00,8.219099044799804688e+00,1.353091239929199219e+01,9.521304130554199219e+00,1.119503498077392578e+01,1.288155841827392578e+01
9.051450729370117188e+00,9.331420898437500000e+00,2.891149282455444336e+00,8.961092948913574219e+00,5.928247451782226562e+00,9.402442932128906250e+00,9.005918502807617188e+00,7.986100196838378906e+00,1.319748592376708984e+01,9.476632118225097656e+00,1.099900245666503906e+01,1.264943695068359375e+01
9.372816085815429688e+00,9.298553466796875000e+00,3.095856666564941406e+00,8.788915634155273438e+00,6.081836700439453125e+00,9.374688148498535156e+00,8.825522422790527344e+00,8.547736167907714844e+00,1.360211753845214844e+01,9.568900108337402344e+00,1.114375877380371094e+01,1.285654926300048828e+01
9.170276641845703125e+00,9.277899742126464844e+00,2.938688278198242188e+00,8.770194053649902344e+00,5.954773902893066406e+00,9.148128509521484375e+00,9.067976951599121094e+00,8.151500701904296875e+00,1.315700817108154297e+01,9.427044868469238281e+00,1.087202072143554688e+01,1.248940467834472656e+01
8.887414932250976562e+00,9.260236740112304688e+00,2.574902296066284180e+00,8.858851432800292969e+00,6.018277168273925781e+00,9.358466148376464844e+00,9.123633384704589844e+00,7.828936576843261719e+00,1.262233448028564453e+01,9.283354759216308594e+00,1.054670619964599609e+01,1.220105075836181641e+01
9.317414283752441406e+00,9.117967605590820312e+00,3.051770448684692383e+00,8.778310775756835938e+00,5.965520858764648438e+00,9.949821472167968750e+00,8.944098472595214844e+00,8.206447601318359375e+00,1.315305709838867188e+01,9.474944114685058594e+00,1.059865951538085938e+01,1.244092369079589844e+01
8.864221572875976562e+00,9.251005172729492188e+00,2.549015998840332031e+00,9.045901298522949219e+00,6.137103080749511719e+00,9.121818542480468750e+00,9.169417381286621094e+00,7.788370609283447266e+00,1.261837482452392578e+01,9.386640548706054688e+00,1.066557884216308594e+01,1.234004974365234375e+01
9.207228660583496094e+00,9.184172630310058594e+00,2.722740650177001953e+00,8.947698593139648438e+00,6.236463546752929688e+00,9.503295898437500000e+00,9.000864982604980469e+00,8.353623390197753906e+00,1.301081371307373047e+01,9.457983016967773438e+00,1.080173683166503906e+01,1.250692939758300781e+01
9.068219184875488281e+00,9.188719749450683594e+00,2.722636461257934570e+00,8.992669105529785156e+00,6.237372398376464844e+00,9.291866302490234375e+00,8.986276626586914062e+00,8.093446731567382812e+00,1.293857192993164062e+01,9.492039680480957031e+00,1.074450492858886719e+01,1.253817272186279297e+01
9.477901458740234375e+00,8.946727752685546875e+00,2.901369333267211914e+00,8.915884971618652344e+00,5.949386596679687500e+00,9.625973701477050781e+00,9.209887504577636719e+00,8.528446197509765625e+00,1.299472236633300781e+01,9.408131599426269531e+00,1.051534652709960938e+01,1.227452468872070312e+01
9.669469833374023438e+00,8.573734283447265625e+00,3.071087837219238281e+00,8.922375679016113281e+00,6.156786918640136719e+00,9.000404357910156250e+00,9.027904510498046875e+00,8.158077239990234375e+00,1.256921291351318359e+01,9.387223243713378906e+00,9.982903480529785156e+00,1.143220806121826172e+01
9.665385246276855469e+00,8.740617752075195312e+00,2.922310829162597656e+00,8.896010398864746094e+00,5.942147254943847656e+00,9.623247146606445312e+00,9.129600524902343750e+00,8.547146797180175781e+00,1.277340507507324219e+01,9.266225814819335938e+00,1.012244701385498047e+01,1.196608734130859375e+01
9.609199523925781250e+00,8.242319107055664062e+00,3.116595506668090820e+00,9.111800193786621094e+00,5.925436019897460938e+00,9.245590209960937500e+00,9.356637001037597656e+00,8.299284934997558594e+00,1.244249248504638672e+01,9.471434593200683594e+00,9.929876327514648438e+00,1.159476470947265625e+01
9.454318046569824219e+00,8.803408622741699219e+00,2.999729633331298828e+00,8.968459129333496094e+00,5.942415237426757812e+00,9.751043319702148438e+00,9.214745521545410156e+00,8.447752952575683594e+00,1.279138851165771484e+01,9.375839233398437500e+00,1.036736583709716797e+01,1.213578319549560547e+01
9.515272140502929688e+00,8.189011573791503906e+00,3.299143075942993164e+00,9.093463897705078125e+00,5.878880500793457031e+00,9.443405151367187500e+00,9.358545303344726562e+00,8.100484848022460938e+00,1.225739383697509766e+01,9.409047126770019531e+00,9.830497741699218750e+00,1.156679725646972656e+01
9.579023361206054688e+00,7.941341876983642578e+00,3.262740135192871094e+00,9.190594673156738281e+00,5.872070312500000000e+00,9.096428871154785156e+00,9.460181236267089844e+00,8.098399162292480469e+00,1.212380313873291016e+01,9.476320266723632812e+00,9.699943542480468750e+00,1.130096054077148438e+01
9.565000534057617188e+00,7.921881675720214844e+00,3.337377071380615234e+00,9.445091247558593750e+00,5.779229164123535156e+00,8.934257507324218750e+00,9.595077514648437500e+00,8.019316673278808594e+00,1.194950294494628906e+01,9.592214584350585938e+00,9.728364944458007812e+00,1.145020389556884766e+01
9.289699554443359375e+00,8.012157440185546875e+00,3.250661611557006836e+00,9.366533279418945312e+00,5.834864616394042969e+00,9.019888877868652344e+00,9.374461174011230469e+00,8.052994728088378906e+00,1.209430980682373047e+01,9.798850059509277344e+00,1.004927921295166016e+01,1.170169544219970703e+01
9.480882644653320312e+00,7.903607845306396484e+00,3.407720327377319336e+00,9.198194503784179688e+00,5.990753173828125000e+00,9.258176803588867188e+00,9.317162513732910156e+00,8.104092597961425781e+00,1.224147891998291016e+01,9.545508384704589844e+00,9.861658096313476562e+00,1.151375007629394531e+01
9.517235755920410156e+00,9.144702911376953125e+00,3.093118190765380859e+00,8.493801116943359375e+00,6.036825180053710938e+00,9.406527519226074219e+00,8.769708633422851562e+00,8.778673171997070312e+00,1.342419433593750000e+01,9.334063529968261719e+00,1.075411415100097656e+01,1.233187770843505859e+01
9.406003952026367188e+00,9.073373794555664062e+00,2.991022825241088867e+00,8.588128089904785156e+00,6.007825851440429688e+00,9.602989196777343750e+00,8.948369979858398438e+00,8.507287979125976562e+00,1.310452938079833984e+01,9.295382499694824219e+00,1.055897140502929688e+01,1.221855068206787109e+01
9.250422477722167969e+00,9.014449119567871094e+00,2.862725019454956055e+00,8.673288345336914062e+00,5.768683433532714844e+00,9.582940101623535156e+00,9.061101913452148438e+00,8.249427795410156250e+00,1.271149921417236328e+01,9.243016242980957031e+00,1.042425441741943359e+01,1.199904823303222656e+01
9.235970497131347656e+00,9.058384895324707031e+00,2.830805063247680664e+00,8.699345588684082031e+00,5.937952041625976562e+00,9.578694343566894531e+00,8.962856292724609375e+00,8.242586135864257812e+00,1.280302429199218750e+01,9.263308525085449219e+00,1.050993156433105469e+01,1.212126064300537109e+01
9.313558578491210938e+00,9.043169975280761719e+00,2.949320793151855469e+00,8.666891098022460938e+00,5.921042442321777344e+00,9.616066932678222656e+00,8.979536056518554688e+00,8.352859497070312500e+00,1.285807704925537109e+01,9.265979766845703125e+00,1.047700500488281250e+01,1.208090400695800781e+01
9.413407325744628906e+00,9.087176322937011719e+00,3.095816850662231445e+00,8.592899322509765625e+00,6.193408012390136719e+00,9.661236763000488281e+00,8.845918655395507812e+00,8.671960830688476562e+00,1.325081062316894531e+01,9.394071578979492188e+00,1.060253524780273438e+01,1.243060970306396484e+01
9.392040252685546875e+00,8.670147895812988281e+00,3.133150100708007812e+00,8.928811073303222656e+00,6.116686820983886719e+00,9.569668769836425781e+00,8.994559288024902344e+00,8.365607261657714844e+00,1.277761268615722656e+01,9.507535934448242188e+00,1.043067550659179688e+01,1.212003421783447266e+01
9.352716445922851562e+00,8.749754905700683594e+00,3.026385068893432617e+00,8.836386680603027344e+00,6.038305282592773438e+00,9.797173500061035156e+00,8.856408119201660156e+00,8.211021423339843750e+00,1.276129245758056641e+01,9.443290710449218750e+00,1.041727447509765625e+01,1.217539787292480469e+01
9.451196670532226562e+00,8.831026077270507812e+00,2.979052305221557617e+00,8.719364166259765625e+00,6.042938232421875000e+00,9.615424156188964844e+00,8.881847381591796875e+00,8.433368682861328125e+00,1.292340660095214844e+01,9.398319244384765625e+00,1.049308681488037109e+01,1.209069347381591797e+01
9.324062347412109375e+00,8.087827682495117188e+00,3.089440107345581055e+00,9.159914970397949219e+00,5.932416915893554688e+00,9.712571144104003906e+00,8.925281524658203125e+00,8.119909286499023438e+00,1.211336421966552734e+01,9.725885391235351562e+00,1.014218997955322266e+01,1.186968803405761719e+01
9.839571952819824219e+00,8.553932189941406250e+00,3.045435905456542969e+00,7.223101139068603516e+00,2.475434303283691406e+00,5.922659873962402344e+00,5.787344932556152344e+00,8.350641250610351562e+00,1.233090877532958984e+01,8.509439468383789062e+00,1.007449245452880859e+01,1.105644321441650391e+01
8.779836654663085938e+00,6.988379001617431641e+00,2.693250179290771484e+00,6.232500076293945312e+00,2.552670240402221680e+00,6.493872642517089844e+00,4.853737831115722656e+00,7.882076740264892578e+00,1.024025535583496094e+01,7.883557796478271484e+00,9.029918670654296875e+00,1.059518718719482422e+01
8.695258140563964844e+00,6.934391975402832031e+00,2.799266338348388672e+00,6.812749385833740234e+00,2.307809352874755859e+00,6.166383743286132812e+00,5.103234767913818359e+00,8.053521156311035156e+00,1.070180320739746094e+01,8.227173805236816406e+00,9.002729415893554688e+00,1.062155437469482422e+01
8.999972343444824219e+00,7.158510208129882812e+00,3.206586599349975586e+00,6.511689662933349609e+00,2.235489368438720703e+00,6.790222167968750000e+00,6.151416778564453125e+00,7.895968437194824219e+00,1.071463108062744141e+01,8.129646301269531250e+00,9.007256507873535156e+00,1.064936637878417969e+01
8.792230606079101562e+00,7.686398029327392578e+00,2.350353717803955078e+00,5.626099586486816406e+00,3.194387435913085938e+00,6.841994285583496094e+00,5.411820411682128906e+00,8.058666229248046875e+00,9.792104721069335938e+00,7.739005088806152344e+00,9.165637969970703125e+00,1.098725223541259766e+01
8.689884185791015625e+00,6.780424118041992188e+00,3.540719032287597656e+00,5.975056171417236328e+00,2.070673942565917969e+00,5.828865051269531250e+00,4.589760780334472656e+00,7.518129825592041016e+00,9.903431892395019531e+00,7.792751789093017578e+00,8.805378913879394531e+00,1.044867420196533203e+01
8.364125251770019531e+00,7.637872695922851562e+00,2.055288076400756836e+00,4.685700416564941406e+00,4.185845375061035156e+00,7.149820327758789062e+00,3.910490989685058594e+00,8.239217758178710938e+00,8.416396141052246094e+00,7.133656501770019531e+00,8.837077140808105469e+00,1.092029380798339844e+01
9.295351028442382812e+00,7.276831626892089844e+00,2.734477996826171875e+00,6.768332481384277344e+00,3.405465602874755859e+00,7.701369285583496094e+00,6.128575801849365234e+00,8.855300903320312500e+00,1.084316158294677734e+01,8.308967590332031250e+00,9.643739700317382812e+00,1.118843269348144531e+01
8.530791282653808594e+00,7.462564945220947266e+00,2.474752426147460938e+00,4.944322586059570312e+00,3.628839969635009766e+00,6.554422378540039062e+00,4.215714931488037109e+00,8.105586051940917969e+00,8.872465133666992188e+00,7.182237625122070312e+00,8.656467437744140625e+00,1.081770706176757812e+01
8.762350082397460938e+00,7.139752864837646484e+00,2.542320013046264648e+00,6.043528556823730469e+00,2.414574623107910156e+00,6.455779075622558594e+00,5.116567134857177734e+00,7.779665946960449219e+00,1.004475784301757812e+01,7.773017883300781250e+00,8.842620849609375000e+00,1.049623203277587891e+01
9.326911926269531250e+00,8.916702270507812500e+00,3.187725782394409180e+00,8.739639282226562500e+00,6.107354164123535156e+00,9.835702896118164062e+00,8.867267608642578125e+00,8.419687271118164062e+00,1.325427341461181641e+01,9.595580101013183594e+00,1.075919532775878906e+01,1.255206871032714844e+01
9.363548278808593750e+00,8.765135765075683594e+00,3.055281400680541992e+00,8.903162956237792969e+00,6.070450782775878906e+00,9.876284599304199219e+00,8.914066314697265625e+00,8.295523643493652344e+00,1.289573097229003906e+01,9.557744979858398438e+00,1.046769809722900391e+01,1.220760536193847656e+01
9.438268661499023438e+00,8.916582107543945312e+00,3.056392192840576172e+00,8.703124046325683594e+00,6.083465576171875000e+00,9.906058311462402344e+00,8.890498161315917969e+00,8.451911926269531250e+00,1.317330074310302734e+01,9.510181427001953125e+00,1.060842227935791016e+01,1.233814048767089844e+01
9.414396286010742188e+00,8.780080795288085938e+00,3.133952140808105469e+00,8.859502792358398438e+00,6.179769515991210938e+00,9.840057373046875000e+00,8.915287971496582031e+00,8.342647552490234375e+00,1.294386005401611328e+01,9.563302993774414062e+00,1.047188377380371094e+01,1.229580879211425781e+01
9.470756530761718750e+00,8.598095893859863281e+00,3.185219049453735352e+00,8.980458259582519531e+00,6.166728019714355469e+00,9.774250984191894531e+00,9.004816055297851562e+00,8.285133361816406250e+00,1.273384380340576172e+01,9.588851928710937500e+00,1.033061504364013672e+01,1.217316150665283203e+01
9.290273666381835938e+00,8.446987152099609375e+00,2.978402137756347656e+00,8.903029441833496094e+00,6.014961242675781250e+00,9.866773605346679688e+00,8.888071060180664062e+00,8.146231651306152344e+00,1.251460647583007812e+01,9.591876983642578125e+00,1.032423305511474609e+01,1.206724548339843750e+01
9.326384544372558594e+00,7.935156345367431641e+00,3.504996299743652344e+00,9.344935417175292969e+00,6.284197807312011719e+00,9.562099456787109375e+00,8.883679389953613281e+00,8.042236328125000000e+00,1.227097988128662109e+01,9.961094856262207031e+00,1.022524261474609375e+01,1.206416320800781250e+01
9.364235877990722656e+00,8.190587043762207031e+00,3.366066217422485352e+00,9.133662223815917969e+00,6.380432128906250000e+00,9.442873001098632812e+00,8.983057022094726562e+00,7.945099353790283203e+00,1.223301982879638672e+01,9.647580146789550781e+00,9.979500770568847656e+00,1.200366878509521484e+01
9.306265830993652344e+00,8.218895912170410156e+00,3.282234668731689453e+00,9.219244956970214844e+00,6.312346458435058594e+00,9.687664031982421875e+00,8.880308151245117188e+00,8.015679359436035156e+00,1.233520412445068359e+01,9.829205513000488281e+00,1.020872116088867188e+01,1.217906951904296875e+01
9.421285629272460938e+00,8.069659233093261719e+00,3.259180307388305664e+00,9.331744194030761719e+00,6.121593475341796875e+00,9.832670211791992188e+00,8.816733360290527344e+00,8.251554489135742188e+00,1.243582248687744141e+01,1.009626293182373047e+01,1.044364643096923828e+01,1.215506458282470703e+01
8.910274505615234375e+00,9.056457519531250000e+00,2.646982192993164062e+00,9.122473716735839844e+00,5.903823852539062500e+00,9.308432579040527344e+00,9.248876571655273438e+00,7.736646175384521484e+00,1.251373481750488281e+01,9.489147186279296875e+00,1.072971534729003906e+01,1.238949871063232422e+01
9.072443962097167969e+00,8.692898750305175781e+00,2.878221273422241211e+00,9.282659530639648438e+00,6.066115379333496094e+00,9.378858566284179688e+00,9.131898880004882812e+00,8.169658660888671875e+00,1.257184505462646484e+01,9.772664070129394531e+00,1.073414039611816406e+01,1.242682266235351562e+01
9.140399932861328125e+00,8.575284004211425781e+00,3.065501213073730469e+00,9.339507102966308594e+00,6.079353332519531250e+00,9.341085433959960938e+00,9.200759887695312500e+00,8.199101448059082031e+00,1.258498382568359375e+01,9.838979721069335938e+00,1.069048690795898438e+01,1.237485790252685547e+01
9.054825782775878906e+00,8.340730667114257812e+00,3.143032073974609375e+00,9.335806846618652344e+00,6.112708091735839844e+00,9.535778045654296875e+00,9.015421867370605469e+00,8.077702522277832031e+00,1.246735191345214844e+01,9.983893394470214844e+00,1.059924030303955078e+01,1.225524711608886719e+01
8.830834388732910156e+00,8.733344078063964844e+00,2.525843381881713867e+00,9.249722480773925781e+00,5.758659362792968750e+00,9.312675476074218750e+00,9.301008224487304688e+00,7.282636642456054688e+00,1.182951450347900391e+01,9.566322326660156250e+00,1.034807491302490234e+01,1.200606822967529297e+01
9.052770614624023438e+00,8.280776023864746094e+00,2.950510740280151367e+00,9.330895423889160156e+00,5.975625038146972656e+00,9.544953346252441406e+00,9.108684539794921875e+00,7.839955329895019531e+00,1.207622051239013672e+01,9.790535926818847656e+00,1.029963111877441406e+01,1.196653938293457031e+01
8.913848876953125000e+00,8.840198516845703125e+00,2.793233871459960938e+00,9.193554878234863281e+00,6.035932540893554688e+00,9.520329475402832031e+00,9.106875419616699219e+00,7.751268863677978516e+00,1.234546947479248047e+01,9.653950691223144531e+00,1.063473606109619141e+01,1.231371784210205078e+01
9.153077125549316406e+00,7.855767250061035156e+00,3.157294273376464844e+00,9.490515708923339844e+00,6.082685470581054688e+00,9.529904365539550781e+00,8.831176757812500000e+00,8.105241775512695312e+00,1.215623188018798828e+01,1.010596656799316406e+01,1.038247966766357422e+01,1.206517219543457031e+01
9.009487152099609375e+00,8.100698471069335938e+00,2.864577054977416992e+00,9.356634140014648438e+00,6.083459854125976562e+00,9.643362998962402344e+00,8.860041618347167969e+00,7.947270870208740234e+00,1.216962909698486328e+01,1.001801204681396484e+01,1.045760250091552734e+01,1.211607551574707031e+01
9.094373703002929688e+00,8.149294853210449219e+00,2.916778564453125000e+00,9.408828735351562500e+00,6.077537536621093750e+00,9.573866844177246094e+00,8.900779724121093750e+00,8.047274589538574219e+00,1.212392711639404297e+01,1.005079460144042969e+01,1.052003288269042969e+01,1.217707824707031250e+01
9.315488815307617188e+00,8.405035972595214844e+00,3.168754100799560547e+00,9.115568161010742188e+00,5.599573135375976562e+00,9.149109840393066406e+00,9.533441543579101562e+00,7.712615966796875000e+00,1.195001983642578125e+01,9.239974021911621094e+00,9.659618377685546875e+00,1.147965908050537109e+01
9.450951576232910156e+00,8.846850395202636719e+00,3.175913810729980469e+00,8.948554992675781250e+00,5.772565841674804688e+00,9.680854797363281250e+00,9.293537139892578125e+00,8.158432960510253906e+00,1.240159797668457031e+01,9.175743103027343750e+00,1.011328983306884766e+01,1.189376735687255859e+01
9.147830963134765625e+00,9.070993423461914062e+00,2.903728961944580078e+00,8.955446243286132812e+00,5.711756706237792969e+00,9.632505416870117188e+00,9.323642730712890625e+00,7.878554344177246094e+00,1.243284320831298828e+01,9.259958267211914062e+00,1.035188198089599609e+01,1.200658512115478516e+01
9.372009277343750000e+00,8.719388008117675781e+00,3.156614303588867188e+00,9.051216125488281250e+00,5.710493087768554688e+00,9.633212089538574219e+00,9.386021614074707031e+00,8.124122619628906250e+00,1.236974716186523438e+01,9.247380256652832031e+00,1.014211654663085938e+01,1.187796497344970703e+01
9.580020904541015625e+00,8.415518760681152344e+00,3.380148410797119141e+00,9.025091171264648438e+00,5.910228729248046875e+00,9.217099189758300781e+00,9.312152862548828125e+00,8.187279701232910156e+00,1.216776371002197266e+01,9.165864944458007812e+00,9.728763580322265625e+00,1.158012771606445312e+01
9.414763450622558594e+00,8.808182716369628906e+00,3.191393375396728516e+00,9.064881324768066406e+00,5.869747161865234375e+00,9.661137580871582031e+00,9.341987609863281250e+00,8.156750679016113281e+00,1.239399051666259766e+01,9.259088516235351562e+00,1.012366771697998047e+01,1.190392017364501953e+01
9.372467041015625000e+00,8.713419914245605469e+00,3.174457311630249023e+00,9.062838554382324219e+00,5.795990943908691406e+00,9.732561111450195312e+00,9.291825294494628906e+00,8.099081039428710938e+00,1.244298171997070312e+01,9.307275772094726562e+00,1.020039939880371094e+01,1.193584156036376953e+01
9.441560745239257812e+00,8.178912162780761719e+00,3.306652545928955078e+00,9.210897445678710938e+00,5.793522834777832031e+00,9.305214881896972656e+00,9.413732528686523438e+00,7.948637485504150391e+00,1.207871246337890625e+01,9.367678642272949219e+00,9.806375503540039062e+00,1.159805107116699219e+01
9.426542282104492188e+00,8.360365867614746094e+00,3.282090187072753906e+00,9.265061378479003906e+00,5.841255187988281250e+00,9.367165565490722656e+00,9.457502365112304688e+00,8.107070922851562500e+00,1.223735046386718750e+01,9.411520957946777344e+00,9.951259613037109375e+00,1.172530460357666016e+01
9.418736457824707031e+00,8.475401878356933594e+00,3.258709430694580078e+00,9.173523902893066406e+00,5.963398933410644531e+00,9.631584167480468750e+00,9.280118942260742188e+00,8.269309043884277344e+00,1.247505283355712891e+01,9.510930061340332031e+00,1.017418479919433594e+01,1.196767330169677734e+01
9.160630226135253906e+00,8.930824279785156250e+00,2.873258352279663086e+00,8.656011581420898438e+00,6.131407737731933594e+00,9.273473739624023438e+00,8.705537796020507812e+00,8.309073448181152344e+00,1.284774303436279297e+01,9.306364059448242188e+00,1.054496574401855469e+01,1.217290592193603516e+01
9.112281799316406250e+00,8.756161689758300781e+00,2.931002855300903320e+00,8.688881874084472656e+00,5.982947349548339844e+00,9.474956512451171875e+00,8.674019813537597656e+00,7.985533714294433594e+00,1.263302230834960938e+01,9.336520195007324219e+00,1.036833190917968750e+01,1.205365943908691406e+01
9.143044471740722656e+00,8.111464500427246094e+00,3.302298307418823242e+00,9.146366119384765625e+00,6.188852310180664062e+00,9.378453254699707031e+00,8.868650436401367188e+00,8.060181617736816406e+00,1.241328334808349609e+01,9.786019325256347656e+00,1.035933017730712891e+01,1.200374698638916016e+01
9.265599250793457031e+00,8.082575798034667969e+00,3.188345909118652344e+00,9.343598365783691406e+00,6.188773155212402344e+00,9.452684402465820312e+00,8.957190513610839844e+00,8.193658828735351562e+00,1.240056133270263672e+01,9.967347145080566406e+00,1.038169002532958984e+01,1.206815528869628906e+01
9.161258697509765625e+00,7.751815795898437500e+00,3.312862873077392578e+00,9.444564819335937500e+00,6.099923133850097656e+00,9.365678787231445312e+00,8.782074928283691406e+00,8.106781959533691406e+00,1.226194667816162109e+01,1.015378475189208984e+01,1.042348861694335938e+01,1.203020381927490234e+01
9.328151702880859375e+00,8.123918533325195312e+00,3.026205539703369141e+00,9.354707717895507812e+00,6.110919952392578125e+00,9.500550270080566406e+00,8.988296508789062500e+00,8.139472007751464844e+00,1.226640033721923828e+01,9.960116386413574219e+00,1.035238933563232422e+01,1.201309204101562500e+01
9.369623184204101562e+00,7.961079120635986328e+00,3.130794525146484375e+00,9.440990447998046875e+00,6.062976837158203125e+00,9.586579322814941406e+00,8.937984466552734375e+00,8.265378952026367188e+00,1.232770919799804688e+01,1.010819435119628906e+01,1.041167354583740234e+01,1.203044509887695312e+01
9.266312599182128906e+00,7.757441520690917969e+00,3.247000217437744141e+00,9.457014083862304688e+00,6.075724601745605469e+00,9.470376968383789062e+00,8.893556594848632812e+00,8.123171806335449219e+00,1.226467323303222656e+01,1.006495285034179688e+01,1.032092285156250000e+01,1.199764347076416016e+01
9.360942840576171875e+00,8.033658981323242188e+00,3.234746694564819336e+00,9.432837486267089844e+00,6.140009880065917969e+00,9.517058372497558594e+00,8.992489814758300781e+00,8.239997863769531250e+00,1.233437156677246094e+01,1.005125331878662109e+01,1.041218185424804688e+01,1.205228805541992188e+01
9.256288528442382812e+00,7.788792610168457031e+00,3.247428894042968750e+00,9.390825271606445312e+00,6.062272071838378906e+00,9.521437644958496094e+00,8.899557113647460938e+00,8.073149681091308594e+00,1.230500221252441406e+01,9.995925903320312500e+00,1.028330707550048828e+01,1.200402641296386719e+01
9.290757179260253906e+00,8.944693565368652344e+00,2.830787897109985352e+00,9.139944076538085938e+00,5.931439399719238281e+00,9.261505126953125000e+00,9.291745185852050781e+00,8.672788619995117188e+00,1.297427749633789062e+01,9.698841094970703125e+00,1.078419971466064453e+01,1.238253116607666016e+01
9.041495323181152344e+00,9.034850120544433594e+00,2.724210262298583984e+00,9.081768035888671875e+00,5.818608283996582031e+00,9.210229873657226562e+00,9.306478500366210938e+00,8.637706756591796875e+00,1.280802059173583984e+01,9.614480018615722656e+00,1.066396141052246094e+01,1.214404010772705078e+01
9.089509963989257812e+00,8.958913803100585938e+00,2.799547672271728516e+00,9.086773872375488281e+00,5.844663619995117188e+00,9.185688018798828125e+00,9.314277648925781250e+00,8.731242179870605469e+00,1.284367084503173828e+01,9.671102523803710938e+00,1.063462638854980469e+01,1.211486911773681641e+01
9.312458038330078125e+00,8.882789611816406250e+00,3.030993700027465820e+00,8.982423782348632812e+00,5.933613777160644531e+00,9.138388633728027344e+00,9.327459335327148438e+00,8.751686096191406250e+00,1.290245437622070312e+01,9.527919769287109375e+00,1.055116748809814453e+01,1.206266307830810547e+01
9.111682891845703125e+00,8.956569671630859375e+00,2.871452331542968750e+00,8.944967269897460938e+00,5.911221504211425781e+00,8.999704360961914062e+00,9.437319755554199219e+00,8.445523262023925781e+00,1.256605625152587891e+01,9.545546531677246094e+00,1.043226528167724609e+01,1.196096515655517578e+01
9.441743850708007812e+00,8.377432823181152344e+00,3.267918348312377930e+00,9.107198715209960938e+00,5.967432022094726562e+00,9.246761322021484375e+00,9.210049629211425781e+00,8.804260253906250000e+00,1.301018524169921875e+01,9.623840332031250000e+00,1.042935085296630859e+01,1.203822994232177734e+01
9.350694656372070312e+00,8.187007904052734375e+00,3.117501974105834961e+00,9.174332618713378906e+00,5.909064292907714844e+00,9.250180244445800781e+00,9.106030464172363281e+00,8.663522720336914062e+00,1.254123878479003906e+01,9.939091682434082031e+00,1.029503440856933594e+01,1.185907554626464844e+01
9.377542495727539062e+00,8.398364067077636719e+00,2.898786544799804688e+00,9.002611160278320312e+00,5.645098686218261719e+00,8.844757080078125000e+00,9.399955749511718750e+00,8.540741920471191406e+00,1.240719223022460938e+01,9.714650154113769531e+00,1.005250644683837891e+01,1.146586227416992188e+01
9.315332412719726562e+00,8.546457290649414062e+00,3.003174781799316406e+00,9.121775627136230469e+00,5.823065757751464844e+00,8.938922882080078125e+00,9.445172309875488281e+00,8.571707725524902344e+00,1.248996925354003906e+01,9.697425842285156250e+00,1.026430511474609375e+01,1.173975753784179688e+01
9.377712249755859375e+00,8.260354995727539062e+00,3.217004537582397461e+00,9.152042388916015625e+00,5.964281082153320312e+00,9.525919914245605469e+00,8.975389480590820312e+00,8.781174659729003906e+00,1.260590744018554688e+01,9.895986557006835938e+00,1.038443088531494141e+01,1.187873649597167969e+01
9.273517608642578125e+00,7.770309925079345703e+00,3.301239967346191406e+00,9.300435066223144531e+00,5.950905799865722656e+00,9.445393562316894531e+00,8.803442001342773438e+00,8.227276802062988281e+00,1.243709659576416016e+01,1.011485481262207031e+01,1.037670421600341797e+01,1.193602657318115234e+01
9.220706939697265625e+00,7.609675884246826172e+00,3.273856401443481445e+00,9.252808570861816406e+00,5.830962181091308594e+00,9.403261184692382812e+00,8.663604736328125000e+00,8.216492652893066406e+00,1.231527900695800781e+01,1.025659847259521484e+01,1.034990978240966797e+01,1.187854576110839844e+01
9.323294639587402344e+00,7.617784500122070312e+00,3.244354486465454102e+00,9.176632881164550781e+00,5.805969238281250000e+00,9.488363265991210938e+00,8.721193313598632812e+00,8.236636161804199219e+00,1.225590229034423828e+01,1.013614940643310547e+01,1.017513942718505859e+01,1.172807216644287109e+01
9.371141433715820312e+00,7.561738967895507812e+00,3.176471471786499023e+00,9.117786407470703125e+00,5.804084777832031250e+00,9.483247756958007812e+00,8.674949645996093750e+00,8.280587196350097656e+00,1.223769378662109375e+01,1.014691638946533203e+01,1.009989833831787109e+01,1.169389057159423828e+01
9.378857612609863281e+00,7.618239402770996094e+00,3.119313716888427734e+00,9.112997055053710938e+00,5.794668197631835938e+00,9.391991615295410156e+00,8.704344749450683594e+00,8.295281410217285156e+00,1.220140838623046875e+01,1.015754699707031250e+01,1.006650257110595703e+01,1.163846778869628906e+01
9.363430023193359375e+00,7.561480998992919922e+00,3.273311138153076172e+00,9.184731483459472656e+00,5.779026985168457031e+00,9.458212852478027344e+00,8.701096534729003906e+00,8.161645889282226562e+00,1.217033958435058594e+01,1.019721317291259766e+01,1.016741180419921875e+01,1.173320102691650391e+01
9.310182571411132812e+00,7.609702110290527344e+00,3.358680009841918945e+00,9.297052383422851562e+00,5.903645515441894531e+00,9.466908454895019531e+00,8.752500534057617188e+00,8.192894935607910156e+00,1.232398891448974609e+01,1.013210964202880859e+01,1.031679630279541016e+01,1.190790843963623047e+01
9.339778900146484375e+00,7.662575244903564453e+00,3.231683254241943359e+00,9.212401390075683594e+00,5.840761184692382812e+00,9.492314338684082031e+00,8.742596626281738281e+00,8.190176010131835938e+00,1.224411392211914062e+01,1.015276145935058594e+01,1.021555900573730469e+01,1.177639579772949219e+01
9.309643745422363281e+00,7.654283046722412109e+00,3.299921512603759766e+00,9.231363296508789062e+00,5.937426567077636719e+00,9.467359542846679688e+00,8.683028221130371094e+00,8.240843772888183594e+00,1.233583259582519531e+01,1.016982650756835938e+01,1.033084487915039062e+01,1.194015121459960938e+01
9.372161865234375000e+00,7.591599941253662109e+00,3.196613788604736328e+00,9.176240921020507812e+00,5.754903793334960938e+00,9.440737724304199219e+00,8.707404136657714844e+00,8.149126052856445312e+00,1.216229057312011719e+01,1.017513465881347656e+01,1.011362552642822266e+01,1.169825839996337891e+01
9.278600692749023438e+00,8.897199630737304688e+00,2.969825744628906250e+00,9.011445045471191406e+00,6.126827239990234375e+00,9.854680061340332031e+00,8.891343116760253906e+00,8.361860275268554688e+00,1.296882247924804688e+01,9.617674827575683594e+00,1.077508926391601562e+01,1.249433517456054688e+01
9.278837203979492188e+00,8.374599456787109375e+00,3.332277059555053711e+00,9.207006454467773438e+00,6.142467498779296875e+00,9.578487396240234375e+00,9.043234825134277344e+00,8.251665115356445312e+00,1.265054416656494141e+01,9.839579582214355469e+00,1.046490287780761719e+01,1.217404747009277344e+01
9.133649826049804688e+00,7.795058727264404297e+00,3.423430919647216797e+00,9.341650009155273438e+00,6.105851173400878906e+00,9.379670143127441406e+00,8.928153038024902344e+00,8.084260940551757812e+00,1.247478961944580078e+01,1.004125881195068359e+01,1.032191753387451172e+01,1.195242023468017578e+01
9.211859703063964844e+00,7.927259922027587891e+00,3.347144842147827148e+00,9.396808624267578125e+00,6.195273399353027344e+00,9.481388092041015625e+00,8.968642234802246094e+00,8.129317283630371094e+00,1.238170719146728516e+01,9.980306625366210938e+00,1.034170532226562500e+01,1.209101772308349609e+01
9.200700759887695312e+00,8.186171531677246094e+00,3.285783052444458008e+00,9.300860404968261719e+00,6.130395889282226562e+00,9.602308273315429688e+00,8.978626251220703125e+00,8.219335556030273438e+00,1.259329223632812500e+01,9.931035995483398438e+00,1.046562767028808594e+01,1.220917415618896484e+01
9.158988952636718750e+00,7.873845577239990234e+00,3.358761548995971680e+00,9.367369651794433594e+00,6.132133483886718750e+00,9.522465705871582031e+00,8.867040634155273438e+00,8.160191535949707031e+00,1.249224758148193359e+01,1.005386924743652344e+01,1.040402889251708984e+01,1.210998153686523438e+01
9.263895034790039062e+00,7.807254791259765625e+00,3.381834268569946289e+00,9.412535667419433594e+00,6.137339591979980469e+00,9.531786918640136719e+00,8.903016090393066406e+00,8.092986106872558594e+00,1.241185760498046875e+01,1.007857131958007812e+01,1.036071872711181641e+01,1.203977775573730469e+01
9.222434997558593750e+00,7.779013633728027344e+00,3.402014255523681641e+00,9.341689109802246094e+00,6.117068290710449219e+00,9.450345993041992188e+00,8.886065483093261719e+00,7.968491554260253906e+00,1.236809635162353516e+01,9.958441734313964844e+00,1.025299263000488281e+01,1.194226837158203125e+01
9.141974449157714844e+00,7.593727111816406250e+00,3.446293115615844727e+00,9.421947479248046875e+00,6.007937431335449219e+00,9.388487815856933594e+00,8.757455825805664062e+00,8.107558250427246094e+00,1.235486984252929688e+01,1.019494915008544922e+01,1.035027217864990234e+01,1.191627597808837891e+01
9.225751876831054688e+00,7.851402282714843750e+00,3.240529298782348633e+00,9.466338157653808594e+00,6.172306060791015625e+00,9.653565406799316406e+00,8.779218673706054688e+00,8.182990074157714844e+00,1.243577480316162109e+01,1.019885349273681641e+01,1.051059913635253906e+01,1.223027133941650391e+01
9.158248901367187500e+00,8.420288085937500000e+00,3.152522325515747070e+00,9.234271049499511719e+00,6.083014488220214844e+00,9.522098541259765625e+00,8.864818572998046875e+00,8.231445312500000000e+00,1.256603145599365234e+01,9.912827491760253906e+00,1.060269260406494141e+01,1.240448284149169922e+01
9.238561630249023438e+00,8.686837196350097656e+00,3.058379411697387695e+00,9.234761238098144531e+00,6.076982498168945312e+00,9.589403152465820312e+00,9.137934684753417969e+00,8.322499275207519531e+00,1.256327056884765625e+01,9.724774360656738281e+00,1.051375770568847656e+01,1.232133769989013672e+01
9.318316459655761719e+00,8.482581138610839844e+00,3.134498119354248047e+00,9.226289749145507812e+00,6.138360023498535156e+00,9.635446548461914062e+00,9.103889465332031250e+00,8.266644477844238281e+00,1.241779899597167969e+01,9.778494834899902344e+00,1.032572650909423828e+01,1.218880939483642578e+01
9.281368255615234375e+00,8.035314559936523438e+00,3.277211427688598633e+00,9.424179077148437500e+00,6.134508132934570312e+00,9.288067817687988281e+00,9.120723724365234375e+00,8.295729637145996094e+00,1.228508186340332031e+01,1.004411888122558594e+01,1.035098266601562500e+01,1.215030765533447266e+01
9.317027091979980469e+00,8.048588752746582031e+00,3.193357467651367188e+00,9.438889503479003906e+00,6.061787605285644531e+00,9.243963241577148438e+00,9.228300094604492188e+00,8.281124114990234375e+00,1.219579410552978516e+01,9.956435203552246094e+00,1.022191143035888672e+01,1.199258804321289062e+01
9.143880844116210938e+00,8.861670494079589844e+00,2.858141660690307617e+00,9.140240669250488281e+00,6.028678894042968750e+00,9.456340789794921875e+00,9.169845581054687500e+00,8.041502952575683594e+00,1.236588382720947266e+01,9.532057762145996094e+00,1.037352275848388672e+01,1.217160034179687500e+01
9.294996261596679688e+00,8.056219100952148438e+00,3.126900672912597656e+00,9.436738967895507812e+00,6.121624946594238281e+00,9.320702552795410156e+00,9.108551025390625000e+00,8.288123130798339844e+00,1.213639545440673828e+01,9.992992401123046875e+00,1.022231388092041016e+01,1.201867485046386719e+01
9.298998832702636719e+00,7.834066390991210938e+00,3.219931125640869141e+00,9.466231346130371094e+00,6.068230628967285156e+00,9.424160957336425781e+00,9.046098709106445312e+00,8.223591804504394531e+00,1.215870380401611328e+01,1.007186317443847656e+01,1.026410770416259766e+01,1.204618358612060547e+01
9.368958473205566406e+00,7.878224849700927734e+00,3.284278631210327148e+00,9.429212570190429688e+00,6.078135490417480469e+00,9.271056175231933594e+00,9.100024223327636719e+00,8.260053634643554688e+00,1.208236217498779297e+01,1.004923534393310547e+01,1.017665386199951172e+01,1.197065162658691406e+01
9.197884559631347656e+00,8.083943367004394531e+00,2.997541666030883789e+00,9.470306396484375000e+00,6.080946922302246094e+00,9.524333000183105469e+00,9.022809982299804688e+00,8.296012878417968750e+00,1.221285438537597656e+01,1.002712821960449219e+01,1.041062068939208984e+01,1.216247653961181641e+01
9.202446937561035156e+00,8.138902664184570312e+00,2.962906360626220703e+00,9.484611511230468750e+00,6.151788711547851562e+00,9.571023941040039062e+00,8.995603561401367188e+00,8.247152328491210938e+00,1.223160362243652344e+01,1.004130172729492188e+01,1.048828125000000000e+01,1.219601917266845703e+01
9.246129989624023438e+00,8.039210319519042969e+00,2.924668788909912109e+00,9.519291877746582031e+00,6.112748146057128906e+00,9.638956069946289062e+00,8.903344154357910156e+00,8.347211837768554688e+00,1.219788837432861328e+01,1.014795017242431641e+01,1.053585720062255859e+01,1.221948623657226562e+01
9.274116516113281250e+00,7.902478694915771484e+00,3.117454528808593750e+00,9.520373344421386719e+00,6.126473426818847656e+00,9.460823059082031250e+00,8.948863029479980469e+00,8.313581466674804688e+00,1.219083690643310547e+01,1.016810131072998047e+01,1.041619777679443359e+01,1.212265682220458984e+01
9.306125640869140625e+00,7.993838787078857422e+00,3.074903488159179688e+00,9.501988410949707031e+00,6.115318298339843750e+00,9.584431648254394531e+00,8.917850494384765625e+00,8.317790031433105469e+00,1.218557548522949219e+01,1.013921451568603516e+01,1.047549438476562500e+01,1.217526435852050781e+01
9.293618202209472656e+00,7.993437290191650391e+00,3.102984428405761719e+00,9.498192787170410156e+00,6.120551109313964844e+00,9.352674484252929688e+00,9.072491645812988281e+00,8.278321266174316406e+00,1.213836288452148438e+01,1.008616924285888672e+01,1.034967327117919922e+01,1.202543354034423828e+01
9.294571876525878906e+00,7.841798305511474609e+00,3.093891859054565430e+00,9.528432846069335938e+00,6.108270645141601562e+00,9.476773262023925781e+00,8.932422637939453125e+00,8.252166748046875000e+00,1.211932945251464844e+01,1.015390491485595703e+01,1.037629699707031250e+01,1.206651210784912109e+01
9.314584732055664062e+00,7.885069370269775391e+00,3.194962024688720703e+00,9.524708747863769531e+00,6.134143829345703125e+00,9.474458694458007812e+00,8.992438316345214844e+00,8.261382102966308594e+00,1.219511508941650391e+01,1.011765670776367188e+01,1.035021781921386719e+01,1.209321689605712891e+01
9.307047843933105469e+00,7.878674030303955078e+00,3.036632061004638672e+00,9.530334472656250000e+00,6.096901893615722656e+00,9.644751548767089844e+00,8.802525520324707031e+00,8.350209236145019531e+00,1.218948078155517578e+01,1.022106742858886719e+01,1.049448013305664062e+01,1.218093872070312500e+01
9.332243919372558594e+00,7.807236671447753906e+00,3.129372596740722656e+00,9.533745765686035156e+00,6.120889663696289062e+00,9.627616882324218750e+00,8.803971290588378906e+00,8.315691947937011719e+00,1.216382789611816406e+01,1.022295761108398438e+01,1.044318103790283203e+01,1.216194248199462891e+01
9.333941459655761719e+00,7.955904960632324219e+00,3.095349311828613281e+00,9.524897575378417969e+00,6.162240982055664062e+00,9.460634231567382812e+00,8.959518432617187500e+00,8.294467926025390625e+00,1.216963958740234375e+01,1.015575790405273438e+01,1.041063499450683594e+01,1.208123302459716797e+01
8.998560905456542969e+00,9.144927978515625000e+00,1.971553444862365723e+00,8.988601684570312500e+00,6.118599891662597656e+00,8.592533111572265625e+00,8.712415695190429688e+00,7.784911155700683594e+00,1.263024997711181641e+01,9.631835937500000000e+00,1.100191593170166016e+01,1.283594608306884766e+01
9.230521202087402344e+00,8.965892791748046875e+00,2.588524818420410156e+00,9.149572372436523438e+00,6.315289497375488281e+00,8.927440643310546875e+00,8.762062072753906250e+00,8.253163337707519531e+00,1.280921649932861328e+01,9.901806831359863281e+00,1.110753536224365234e+01,1.288403034210205078e+01
9.256722450256347656e+00,9.030698776245117188e+00,2.688792705535888672e+00,9.169917106628417969e+00,6.366761207580566406e+00,8.937495231628417969e+00,8.854592323303222656e+00,8.255294799804687500e+00,1.282840442657470703e+01,9.948560714721679688e+00,1.112834167480468750e+01,1.292390727996826172e+01
9.179132461547851562e+00,9.196959495544433594e+00,2.620870828628540039e+00,9.197651863098144531e+00,6.339248657226562500e+00,9.060139656066894531e+00,8.983798980712890625e+00,8.086558341979980469e+00,1.282629680633544922e+01,9.858546257019042969e+00,1.108879852294921875e+01,1.287915611267089844e+01
9.253147125244140625e+00,8.532088279724121094e+00,2.429184198379516602e+00,9.263175010681152344e+00,6.338869094848632812e+00,9.057030677795410156e+00,8.732704162597656250e+00,8.388238906860351562e+00,1.250666618347167969e+01,1.005357646942138672e+01,1.094258689880371094e+01,1.263879299163818359e+01
9.179207801818847656e+00,8.417463302612304688e+00,2.555601358413696289e+00,9.298357963562011719e+00,6.239160537719726562e+00,9.042574882507324219e+00,8.877842903137207031e+00,8.103055953979492188e+00,1.225013351440429688e+01,1.005345535278320312e+01,1.076581096649169922e+01,1.248597335815429688e+01
9.311772346496582031e+00,8.096208572387695312e+00,2.903521060943603516e+00,9.470255851745605469e+00,6.219615936279296875e+00,9.391808509826660156e+00,8.965752601623535156e+00,8.206417083740234375e+00,1.212040138244628906e+01,1.015278816223144531e+01,1.049882793426513672e+01,1.221772861480712891e+01
9.287741661071777344e+00,8.392682075500488281e+00,2.450431346893310547e+00,9.316110610961914062e+00,6.344877243041992188e+00,9.062728881835937500e+00,8.674296379089355469e+00,8.510825157165527344e+00,1.241366481781005859e+01,1.010289192199707031e+01,1.090922260284423828e+01,1.260346698760986328e+01
9.281529426574707031e+00,7.977455615997314453e+00,2.670218706130981445e+00,9.422831535339355469e+00,6.211342811584472656e+00,9.364732742309570312e+00,8.656465530395507812e+00,8.337347030639648438e+00,1.213055896759033203e+01,1.026539707183837891e+01,1.070467472076416016e+01,1.233975887298583984e+01
9.297183036804199219e+00,8.133238792419433594e+00,2.876077890396118164e+00,9.471904754638671875e+00,6.262162208557128906e+00,9.408365249633789062e+00,8.939824104309082031e+00,8.237976074218750000e+00,1.213865852355957031e+01,1.014080429077148438e+01,1.055238819122314453e+01,1.227023315429687500e+01
9.377272605895996094e+00,8.197095870971679688e+00,3.322312116622924805e+00,9.431789398193359375e+00,6.154619216918945312e+00,9.245394706726074219e+00,9.146476745605468750e+00,8.503507614135742188e+00,1.263101387023925781e+01,1.000255489349365234e+01,1.049670600891113281e+01,1.222178268432617188e+01
9.349910736083984375e+00,8.299484252929687500e+00,3.243335723876953125e+00,9.386425971984863281e+00,6.125909805297851562e+00,9.169077873229980469e+00,9.174628257751464844e+00,8.458050727844238281e+00,1.256565666198730469e+01,9.957297325134277344e+00,1.051986026763916016e+01,1.222974109649658203e+01
9.310698509216308594e+00,8.090090751647949219e+00,3.338329315185546875e+00,9.452044486999511719e+00,6.167107582092285156e+00,9.224026679992675781e+00,9.089498519897460938e+00,8.419008255004882812e+00,1.251224613189697266e+01,1.005545711517333984e+01,1.044218826293945312e+01,1.216154956817626953e+01
9.327456474304199219e+00,8.163441658020019531e+00,3.185410499572753906e+00,9.465832710266113281e+00,6.154924392700195312e+00,9.318037986755371094e+00,9.134859085083007812e+00,8.412558555603027344e+00,1.241883754730224609e+01,1.003079128265380859e+01,1.045827293395996094e+01,1.219270229339599609e+01
9.372537612915039062e+00,8.049338340759277344e+00,3.309912919998168945e+00,9.468167304992675781e+00,6.090571403503417969e+00,9.270317077636718750e+00,9.111664772033691406e+00,8.483488082885742188e+00,1.249317455291748047e+01,1.004481697082519531e+01,1.039542198181152344e+01,1.209211921691894531e+01
9.401814460754394531e+00,8.080310821533203125e+00,3.345965147018432617e+00,9.388066291809082031e+00,6.005525588989257812e+00,9.215137481689453125e+00,9.040739059448242188e+00,8.578576087951660156e+00,1.255476474761962891e+01,1.006148433685302734e+01,1.037602329254150391e+01,1.195514488220214844e+01
9.319772720336914062e+00,7.995763778686523438e+00,3.207579135894775391e+00,9.521249771118164062e+00,6.112112045288085938e+00,9.460955619812011719e+00,8.982992172241210938e+00,8.441876411437988281e+00,1.245937919616699219e+01,1.015187644958496094e+01,1.052609062194824219e+01,1.222423839569091797e+01
9.317865371704101562e+00,8.230065345764160156e+00,3.036443471908569336e+00,9.428751945495605469e+00,6.018729209899902344e+00,9.259368896484375000e+00,9.186779975891113281e+00,8.439968109130859375e+00,1.233304405212402344e+01,1.004462337493896484e+01,1.043554210662841797e+01,1.205386352539062500e+01
9.396545410156250000e+00,8.074302673339843750e+00,3.285411596298217773e+00,9.484042167663574219e+00,6.156153678894042969e+00,9.281282424926757812e+00,9.119297981262207031e+00,8.436085700988769531e+00,1.240950775146484375e+01,1.007158565521240234e+01,1.043217563629150391e+01,1.213384628295898438e+01
9.337514877319335938e+00,8.011192321777343750e+00,3.128361701965332031e+00,9.516674995422363281e+00,6.086678504943847656e+00,9.402682304382324219e+00,8.987400054931640625e+00,8.419116973876953125e+00,1.231667423248291016e+01,1.015998744964599609e+01,1.047781181335449219e+01,1.216100215911865234e+01
9.296347618103027344e+00,8.667119979858398438e+00,2.432308673858642578e+00,9.325320243835449219e+00,6.048144340515136719e+00,9.095330238342285156e+00,9.200337409973144531e+00,8.259433746337890625e+00,1.233916950225830078e+01,9.904199600219726562e+00,1.072007369995117188e+01,1.235436916351318359e+01
9.345245361328125000e+00,8.432273864746093750e+00,2.647924423217773438e+00,9.392005920410156250e+00,6.060051918029785156e+00,9.207974433898925781e+00,9.183092117309570312e+00,8.295195579528808594e+00,1.231348609924316406e+01,9.996166229248046875e+00,1.059684467315673828e+01,1.224650287628173828e+01
9.342950820922851562e+00,8.503169059753417969e+00,2.502583742141723633e+00,9.349993705749511719e+00,6.175628662109375000e+00,9.142543792724609375e+00,9.001388549804687500e+00,8.329765319824218750e+00,1.238328361511230469e+01,1.003822708129882812e+01,1.080415821075439453e+01,1.248304462432861328e+01
9.299479484558105469e+00,8.514874458312988281e+00,2.409659624099731445e+00,9.353092193603515625e+00,6.066143989562988281e+00,9.195862770080566406e+00,9.082073211669921875e+00,8.293711662292480469e+00,1.227094841003417969e+01,1.000282573699951172e+01,1.073593044281005859e+01,1.237458133697509766e+01
9.276263236999511719e+00,8.572029113769531250e+00,2.476754426956176758e+00,9.378190994262695312e+00,6.073864936828613281e+00,9.209330558776855469e+00,9.179814338684082031e+00,8.247440338134765625e+00,1.230354118347167969e+01,9.980030059814453125e+00,1.069560718536376953e+01,1.233350753784179688e+01
9.312860488891601562e+00,8.148289680480957031e+00,2.815636873245239258e+00,9.429038047790527344e+00,6.029233932495117188e+00,9.378561973571777344e+00,9.068269729614257812e+00,8.308316230773925781e+00,1.214291191101074219e+01,1.008116722106933594e+01,1.051538753509521484e+01,1.217233180999755859e+01
9.379789352416992188e+00,8.388462066650390625e+00,2.756787300109863281e+00,9.396435737609863281e+00,6.066632270812988281e+00,9.154194831848144531e+00,9.227993965148925781e+00,8.331316947937011719e+00,1.225948905944824219e+01,9.933432579040527344e+00,1.051119804382324219e+01,1.216903305053710938e+01
9.329344749450683594e+00,8.250140190124511719e+00,2.493941307067871094e+00,9.405465126037597656e+00,6.171586036682128906e+00,9.099642753601074219e+00,8.995063781738281250e+00,8.258295059204101562e+00,1.215935897827148438e+01,1.010558891296386719e+01,1.064723777770996094e+01,1.227949810028076172e+01
9.356945037841796875e+00,8.322298049926757812e+00,2.720193624496459961e+00,9.448936462402343750e+00,6.078277587890625000e+00,9.114921569824218750e+00,9.242661476135253906e+00,8.250203132629394531e+00,1.220542907714843750e+01,1.001092815399169922e+01,1.044105339050292969e+01,1.206107234954833984e+01
9.351555824279785156e+00,8.310558319091796875e+00,2.668181419372558594e+00,9.443578720092773438e+00,6.049565315246582031e+00,9.079283714294433594e+00,9.250810623168945312e+00,8.319036483764648438e+00,1.222737503051757812e+01,1.000040054321289062e+01,1.042826747894287109e+01,1.201182460784912109e+01
9.233761787414550781e+00,9.313646316528320312e+00,2.905078649520874023e+00,9.123386383056640625e+00,6.137235641479492188e+00,9.113331794738769531e+00,8.994235038757324219e+00,8.338668823242187500e+00,1.328551769256591797e+01,9.601205825805664062e+00,1.103055191040039062e+01,1.278775501251220703e+01
9.099790573120117188e+00,9.209896087646484375e+00,2.695094108581542969e+00,9.194342613220214844e+00,6.071852684020996094e+00,9.264277458190917969e+00,9.106475830078125000e+00,8.170196533203125000e+00,1.291415309906005859e+01,9.580260276794433594e+00,1.090122699737548828e+01,1.262581348419189453e+01
8.955376625061035156e+00,9.282628059387207031e+00,2.540429115295410156e+00,9.126458168029785156e+00,6.054262161254882812e+00,9.231036186218261719e+00,9.060575485229492188e+00,7.937472820281982422e+00,1.285252952575683594e+01,9.520690917968750000e+00,1.092131423950195312e+01,1.266306972503662109e+01
9.063770294189453125e+00,9.009629249572753906e+00,2.532783746719360352e+00,9.200567245483398438e+00,6.087555885314941406e+00,9.337989807128906250e+00,9.063624382019042969e+00,8.318604469299316406e+00,1.277703952789306641e+01,9.677743911743164062e+00,1.087252712249755859e+01,1.256690120697021484e+01
9.120261192321777344e+00,9.115316390991210938e+00,2.802759408950805664e+00,9.195772171020507812e+00,6.092038154602050781e+00,9.283600807189941406e+00,9.227313041687011719e+00,8.257638931274414062e+00,1.281234169006347656e+01,9.573491096496582031e+00,1.076542377471923828e+01,1.247451782226562500e+01
8.950270652770996094e+00,9.279792785644531250e+00,2.617162704467773438e+00,9.069764137268066406e+00,6.007170677185058594e+00,9.282983779907226562e+00,9.157630920410156250e+00,7.876943111419677734e+00,1.275328731536865234e+01,9.461838722229003906e+00,1.081225395202636719e+01,1.251955795288085938e+01
9.126176834106445312e+00,8.691172599792480469e+00,2.847402334213256836e+00,9.227516174316406250e+00,5.997333526611328125e+00,9.425228118896484375e+00,9.220872879028320312e+00,8.218048095703125000e+00,1.242192935943603516e+01,9.651239395141601562e+00,1.044511127471923828e+01,1.222362995147705078e+01
9.164660453796386719e+00,8.499040603637695312e+00,2.934246063232421875e+00,9.279877662658691406e+00,5.968492507934570312e+00,9.334232330322265625e+00,9.265855789184570312e+00,8.228240013122558594e+00,1.234901809692382812e+01,9.715430259704589844e+00,1.036122989654541016e+01,1.210103321075439453e+01
9.183789253234863281e+00,8.791041374206542969e+00,2.911763191223144531e+00,9.171836853027343750e+00,6.041871070861816406e+00,9.441976547241210938e+00,9.240581512451171875e+00,8.292975425720214844e+00,1.260404872894287109e+01,9.663561820983886719e+00,1.055821418762207031e+01,1.226438808441162109e+01
9.249258041381835938e+00,8.328737258911132812e+00,3.067394256591796875e+00,9.387553215026855469e+00,6.112983703613281250e+00,9.417961120605468750e+00,9.194858551025390625e+00,8.246064186096191406e+00,1.237331676483154297e+01,9.880889892578125000e+00,1.040949153900146484e+01,1.215992927551269531e+01
