Na_a,Mg_a,Al_a,S_a,K_a,Ti_a,V_a,Cr_a,Mn_a,Fe_a,Co_a,Cu_a,Zn_a,Sr_a,Cd_a,Sn_a,Ba_a,Hg_a,Pb_a,name_a,Na_i,Mg_i,Al_i,S_i,K_i,Ti_i,V_i,Cr_i,Mn_i,Fe_i,Co_i,Cu_i,Zn_i,Sr_i,Cd_i,Sn_i,Ba_i,Hg_i,Pb_i,name_i
114591.32222,7298.0,21644.22222,6160.45556,238193.08889,51.55556,5.11111,5.44444,2081.02222,187877.22222,89.55556,1252.88889,2891.0,587.33333,198.36667,40.62222,52.44444,599.77778,834.88889,102vA.a_0,4632.37778,331.3,695.0,178.77778,6358.13333,10.88889,1.0,1.0,69.31111,9336.3,4.44444,127.55556,277.66667,7.0,11.92593,4.88889,1.0,24.21852,33.55556,102vA.i_0
102675.43333,7124.66667,15953.33333,6766.45556,248239.42222,63.88889,4.11111,7.66667,2126.8,178843.44444,87.88889,1237.44444,2495.11111,550.88889,219.14444,50.42963,39.66667,504.44444,829.77778,102vA.a_1,4441.71111,375.85556,708.66667,158.2963,6603.46667,10.88889,1.0,1.0,70.2,9026.52222,4.44444,132.0,321.11111,7.44444,10.72593,3.55556,1.0,35.53704,32.22222,102vA.i_1
103476.76667,7052.44444,18599.0,5225.56667,199796.08889,23.11111,4.77778,13.33333,2014.35556,167346.0,80.88889,1169.22222,2218.0,484.77778,236.58889,33.73333,30.77778,412.88889,686.22222,102vA.a_2,4704.15556,422.41111,775.88889,106.55556,6634.35556,4.77778,1.0,1.0,76.53333,8706.41111,4.44444,118.11111,254.22222,6.0,12.82963,5.77778,1.0,26.48889,33.33333,102vA.i_2
102761.54444,7233.22222,15962.22222,5895.45556,205310.53333,57.55556,3.66667,16.66667,2034.46667,163188.55556,74.55556,1195.66667,2028.77778,434.55556,230.47778,56.17778,34.77778,441.33333,749.44444,102vA.a_3,4721.93333,288.96667,697.66667,116.96296,6856.35556,5.0,1.0,1.0,64.64444,8034.41111,7.88889,124.0,185.55556,4.88889,13.60741,2.11111,1.0,3.98148,32.55556,102vA.i_3
97071.76667,6653.55556,16507.66667,5777.45556,235162.75556,86.22222,6.0,8.77778,2012.57778,159342.44444,68.88889,1124.55556,2490.11111,432.33333,201.81111,54.84444,23.33333,434.11111,751.66667,102vA.a_4,4590.37778,354.74444,667.77778,111.77778,6181.35556,4.77778,1.0,1.0,65.42222,7525.85556,5.0,120.44444,210.66667,6.33333,17.61481,2.55556,1.0,13.66296,29.44444,102vA.i_4
93500.98889,6613.22222,16024.22222,4265.23333,190553.75556,39.44444,3.77778,13.33333,1982.68889,155143.44444,73.22222,1106.66667,2315.66667,463.11111,203.58889,57.62222,41.77778,463.88889,791.44444,102vA.a_5,4764.15556,333.52222,647.88889,75.77778,6313.57778,11.0,1.0,1.0,61.97778,7027.18889,2.88889,117.55556,152.88889,4.88889,14.15556,2.44444,1.0,4.44074,33.22222,102vA.i_5
89820.43333,6510.66667,14633.22222,3681.01111,172906.2,37.33333,4.11111,12.22222,1968.68889,151560.22222,68.55556,1087.88889,2270.11111,468.11111,209.7,41.51111,33.0,418.77778,714.22222,102vA.a_6,4501.15556,309.18889,543.77778,166.11111,5919.8,29.55556,1.0,1.0,53.08889,6628.63333,4.0,107.88889,162.44444,5.22222,8.80741,1.0,1.0,4.3,27.22222,102vA.i_6
91151.65556,6966.22222,14165.55556,4190.78889,182591.2,27.22222,6.11111,9.88889,2058.91111,148987.55556,77.22222,1086.11111,2116.11111,433.0,211.47778,39.17778,21.0,448.66667,682.77778,102vA.a_7,4750.82222,282.85556,560.55556,173.59259,5937.35556,19.0,1.0,1.0,51.97778,6392.52222,4.55556,102.33333,173.22222,5.0,10.14815,1.33333,2.77778,14.44074,33.55556,102vA.i_7
97323.1,7016.77778,16250.88889,6821.9,205231.31111,29.11111,6.33333,7.66667,2026.02222,147191.77778,75.0,1071.66667,2127.66667,546.44444,195.81111,28.17778,42.55556,702.88889,845.22222,102vA.a_8,4353.37778,297.96667,543.55556,158.03704,5749.91111,1.0,1.0,1.0,53.64444,6198.3,6.22222,113.66667,155.33333,6.0,10.47407,1.66667,1.0,22.66296,36.44444,102vA.i_8
90485.98889,6502.66667,15857.55556,5093.9,221860.31111,78.0,6.55556,1.0,2019.57778,143821.11111,63.88889,1231.11111,2162.44444,501.22222,209.7,40.51111,45.77778,529.11111,974.11111,102vA.a_9,4717.04444,359.74444,586.33333,171.07407,6275.24444,13.22222,1.0,1.0,65.08889,5936.07778,4.33333,111.33333,182.55556,5.11111,11.48889,1.77778,1.0,7.61481,37.0,102vA.i_9
105134.17778,7896.77778,13971.15556,1624.04444,121033.23333,31.11111,3.33333,5.2,2300.26667,172952.07778,115.55556,866.55556,4790.73333,374.22222,242.86667,32.22222,34.66667,289.58889,5208.55556,102vB.a_0,2144.61111,405.46667,439.66667,171.4963,2265.46667,2.88889,1.0,3.22222,96.62222,5027.06667,4.66667,67.44444,189.77778,6.33333,15.64444,1.77778,1.0,7.33333,44.95556,102vB.i_0
109298.28889,8769.77778,14993.71111,1962.15556,126201.45556,31.11111,2.33333,3.14074,2326.71111,166408.3,126.0,938.55556,6414.62222,420.88889,282.08889,17.66667,24.0,234.03333,4879.22222,102vB.a_1,2266.27778,333.91111,390.66667,154.37778,2281.57778,1.0,1.0,3.22222,82.51111,4507.84444,3.44444,62.22222,180.88889,5.33333,19.86667,1.66667,1.0,7.71111,32.62222,102vB.i_1
122463.84444,9652.44444,14993.82222,1670.6,124450.67778,29.22222,3.44444,5.2,2515.6,161224.85556,133.77778,959.55556,5951.62222,322.33333,314.08889,26.55556,36.77778,285.7,4597.11111,102vB.a_2,2568.38889,214.91111,330.66667,180.15556,2429.8,5.0,1.0,1.0,64.28889,4177.51111,2.22222,81.77778,87.66667,3.55556,11.17778,3.22222,1.0,6.8,26.84444,102vB.i_2
103070.73333,6898.66667,15741.6,1312.04444,115724.45556,8.77778,2.33333,2.02963,1956.82222,158341.41111,105.11111,755.11111,3136.51111,311.33333,208.08889,29.33333,28.0,166.03333,5178.44444,102vB.a_3,2707.72222,152.24444,324.55556,170.39259,2723.02222,4.77778,1.0,3.22222,48.84444,3978.17778,1.77778,84.33333,50.22222,3.0,6.37778,3.11111,1.88889,5.06667,17.17778,102vB.i_3
106102.73333,8608.11111,14336.48889,1980.6,124792.01111,21.11111,4.22222,5.2,2287.71111,156018.74444,114.55556,786.44444,5355.51111,369.11111,223.86667,28.55556,28.77778,277.7,6252.33333,102vB.a_4,2423.83333,258.24444,332.0,151.93333,2513.02222,2.88889,1.0,2.11111,67.95556,3810.51111,1.88889,72.33333,99.66667,4.0,5.64444,2.33333,1.88889,7.71111,19.87407,102vB.i_4
107233.06667,6843.11111,16149.71111,1167.48889,110169.12222,6.88889,2.88889,4.17037,1971.48889,154487.07778,128.88889,871.0,3127.84444,351.66667,204.75556,27.55556,31.88889,264.25556,5798.88889,102vB.a_5,2641.94444,116.8,301.0,176.60741,2477.46667,1.0,1.0,4.33333,43.73333,3668.51111,1.44444,68.44444,83.66667,3.0,11.17778,1.33333,1.0,3.46667,17.95556,102vB.i_5
101475.84444,7341.11111,14192.6,1910.82222,121437.01111,12.88889,2.44444,7.34074,2002.71111,152620.74444,111.22222,746.44444,4141.84444,358.0,183.97778,27.22222,31.88889,246.92222,5627.77778,102vB.a_6,2679.72222,79.68889,310.11111,206.28148,2731.46667,1.0,1.0,1.0,36.84444,3558.84444,2.55556,74.33333,51.33333,2.66667,3.68889,1.77778,1.0,3.97778,14.06667,102vB.i_6
103907.62222,7639.33333,14334.15556,1327.37778,114731.01111,27.33333,2.88889,5.2,2092.71111,150499.41111,103.66667,826.11111,4307.73333,334.11111,197.86667,43.11111,43.55556,297.25556,6221.11111,102vB.a_7,2918.94444,83.46667,324.77778,236.28889,2839.68889,1.0,1.0,2.11111,39.17778,3427.51111,2.44444,79.88889,54.33333,2.77778,6.95556,1.66667,1.0,5.82222,17.17778,102vB.i_7
103388.62222,7099.44444,16107.71111,1028.04444,118025.01111,30.77778,3.0,8.45185,1964.48889,148850.63333,115.66667,709.11111,4203.28889,395.33333,206.42222,31.22222,47.88889,222.7,5280.0,102vB.a_8,2790.16667,104.8,317.44444,145.71852,2857.57778,6.88889,1.0,3.22222,33.4,3333.28889,1.44444,60.88889,47.0,2.55556,11.48889,2.11111,1.0,5.62222,12.28889,102vB.i_8
97930.51111,6095.11111,15500.93333,1236.16296,95934.34444,17.22222,2.22222,3.14074,1820.6,147975.74444,103.11111,718.66667,2919.28889,347.88889,175.86667,28.66667,20.22222,161.92222,7308.88889,102vB.a_9,2533.27778,118.91111,273.33333,147.28148,2531.24444,7.0,1.0,3.22222,38.73333,3265.06667,1.55556,70.11111,49.44444,2.88889,11.48889,1.0,1.0,3.53333,10.95556,102vB.i_9
96698.82222,7663.31111,18519.77778,10383.26667,287822.57778,19.0,5.0,4.33333,2845.61111,190109.43333,92.22222,1633.55556,2747.0,926.44444,283.57778,45.11111,38.77778,214.37778,391.0,102vC.a_0,7085.46667,382.96667,547.75556,116.05185,8213.74444,15.0,1.0,1.0,73.34444,7007.86667,6.55556,54.22222,130.33333,7.66667,5.5037,2.44444,2.88889,16.62222,20.11111,102vC.i_0
97970.26667,7563.31111,16824.77778,5757.71111,252571.46667,84.44444,5.44444,3.22222,2494.05556,178163.32222,81.11111,1544.11111,2465.0,907.66667,258.13333,65.66667,53.55556,1959.15556,379.77778,102vC.a_1,7213.8,386.74444,574.64444,226.82963,8542.74444,11.0,1.0,2.11111,71.23333,6708.75556,7.11111,58.0,133.11111,8.0,12.34074,2.88889,2.88889,18.62222,18.11111,102vC.i_1
94782.15556,7337.86667,18695.77778,5690.04444,289720.24444,102.77778,4.22222,7.66667,2601.05556,171955.76667,75.66667,1746.33333,2773.55556,860.66667,286.02222,61.55556,54.33333,305.26667,357.88889,102vC.a_2,6649.46667,353.74444,551.53333,270.60741,8180.18889,68.44444,1.11111,1.0,77.34444,6435.97778,7.33333,73.88889,131.44444,10.66667,11.21481,1.33333,2.88889,30.17778,17.0,102vC.i_2
89790.93333,7286.08889,17178.88889,6702.82222,286567.8,74.11111,7.11111,4.33333,2573.94444,168588.1,82.11111,1511.88889,2287.77778,912.0,258.24444,67.55556,77.11111,394.93333,622.66667,102vC.a_3,6862.46667,338.41111,527.75556,275.82963,8106.96667,68.44444,1.0,1.0,74.12222,6262.97778,7.33333,63.33333,124.33333,8.22222,1.91852,2.88889,1.88889,22.84444,15.88889,102vC.i_3
85396.37778,7248.75556,14863.77778,7593.26667,285944.8,51.44444,7.66667,11.0,2506.16667,165139.43333,76.88889,1524.11111,2472.77778,854.44444,255.8,86.77778,56.33333,315.6,351.22222,102vC.a_4,6782.02222,374.85556,523.2,288.94074,7951.52222,14.88889,1.0,4.33333,71.9,6089.97778,7.22222,58.33333,116.77778,6.77778,12.31111,4.88889,1.0,19.51111,12.55556,102vC.i_4
91772.71111,6679.31111,15909.55556,4828.26667,268675.24444,71.88889,6.33333,4.33333,2437.16667,163461.98889,80.22222,1466.11111,2515.88889,793.11111,248.8,66.55556,65.22222,334.6,441.66667,102vC.a_5,6078.57778,343.41111,516.2,261.21111,7461.3,129.77778,1.0,1.0,81.23333,5968.97778,6.0,63.55556,112.66667,6.77778,7.51852,7.22222,1.0,24.73333,13.66667,102vC.i_5
86053.6,7000.42222,15163.77778,5493.82222,218562.02222,55.55556,4.66667,7.66667,2403.38889,161931.32222,79.0,1433.22222,2711.33333,932.22222,227.24444,62.88889,64.22222,3621.6,364.77778,102vC.a_6,6608.35556,333.3,549.97778,256.89259,7790.3,21.33333,1.0,2.11111,74.67778,5837.75556,7.44444,68.77778,117.11111,7.11111,11.07407,1.33333,2.88889,36.51111,13.55556,102vC.i_6
91499.6,7278.97778,15860.66667,7731.37778,332289.02222,51.66667,5.77778,3.22222,2737.38889,161061.54444,70.77778,1520.22222,2575.88889,957.22222,274.68889,77.0,58.44444,373.37778,464.66667,102vC.a_7,6625.46667,439.52222,534.08889,361.05185,8024.96667,31.0,1.11111,1.0,75.9,5727.75556,7.0,66.88889,108.44444,8.0,6.85185,3.55556,2.88889,36.84444,10.88889,102vC.i_7
85379.6,6674.2,14810.44444,6216.15556,248332.02222,37.0,3.77778,4.33333,2636.16667,158729.21111,69.11111,1536.11111,2482.22222,814.55556,266.02222,57.77778,49.66667,311.6,426.22222,102vC.a_8,6330.8,327.52222,506.31111,312.05185,7392.85556,80.33333,1.11111,1.0,74.01111,5591.42222,6.55556,54.22222,119.0,7.11111,11.42222,8.22222,1.0,31.73333,10.11111,102vC.i_8
89959.04444,7551.31111,16119.77778,6128.6,268642.91111,57.44444,5.0,3.22222,2518.27778,157498.32222,76.66667,1436.0,2483.0,758.55556,255.8,55.11111,48.66667,309.71111,393.66667,102vC.a_9,5210.91111,272.96667,502.97778,196.87778,6349.07778,21.11111,1.0,3.22222,74.78889,5533.53333,5.22222,75.0,108.88889,12.11111,10.75556,3.88889,1.88889,36.84444,11.66667,102vC.i_9
107945.38889,8240.93333,15529.77778,4006.91111,220521.73333,129.44444,7.0,5.44444,2504.65556,206792.97778,98.55556,872.77778,1850.44444,781.33333,234.51111,32.73333,59.33333,11336.46667,448.22222,102vD.a_0,4232.57778,463.43333,1108.04444,81.8,6153.8,68.0,1.0,1.0,142.93333,9829.11111,6.22222,73.11111,138.22222,28.11111,12.56296,3.22222,1.0,1.0,18.11111,102vD.i_0
100535.05556,7523.48889,13301.77778,4122.46667,159189.62222,39.33333,4.77778,9.88889,2251.21111,198551.08889,98.44444,848.88889,1812.88889,761.44444,226.73333,43.51111,49.66667,10678.8,411.44444,102vD.a_1,4265.02222,492.54444,994.82222,107.57778,5487.91111,27.0,1.0,2.11111,144.37778,9267.33333,5.0,68.66667,137.0,25.77778,15.11852,5.11111,1.0,1.0,26.44444,102vD.i_1
95406.94444,7082.71111,12455.55556,3688.24444,161172.95556,37.22222,4.77778,8.77778,2094.87778,194316.2,92.66667,826.33333,1807.44444,820.22222,248.28889,33.62222,33.88889,9506.35556,371.88889,102vD.a_2,4015.8,449.32222,981.37778,226.72963,5840.8,37.44444,1.0,4.33333,124.71111,8984.0,5.11111,69.11111,128.22222,25.66667,11.24444,2.11111,1.0,1.0,20.0,102vD.i_2
100968.83333,7533.15556,13581.33333,3797.13333,151048.84444,49.44444,5.66667,3.22222,2272.76667,189905.08889,108.0,764.66667,2448.0,756.88889,277.95556,50.17778,51.55556,9011.68889,378.11111,102vD.a_3,4393.13333,485.65556,1004.6,75.38519,6539.35556,21.22222,1.11111,1.0,129.82222,8658.66667,6.44444,63.33333,133.55556,25.55556,13.75556,2.88889,1.0,1.0,19.88889,102vD.i_3
90287.27778,6563.04444,11806.33333,2772.24444,127079.17778,37.0,5.11111,2.11111,2014.98889,188209.53333,92.44444,767.66667,2003.22222,682.22222,238.06667,31.51111,27.0,8452.46667,366.33333,102vD.a_4,4431.24444,450.32222,913.15556,194.36667,5808.68889,29.22222,1.0,1.0,119.6,8417.11111,3.0,70.22222,112.77778,22.11111,16.8963,4.11111,1.0,1.0,22.77778,102vD.i_4
93587.72222,6721.04444,11436.55556,3799.35556,174369.84444,27.11111,4.44444,5.44444,2082.98889,186087.31111,83.0,776.33333,1839.33333,710.55556,239.73333,27.73333,32.88889,9084.57778,400.11111,102vD.a_5,4335.02222,456.32222,942.26667,104.91111,6556.46667,53.55556,1.11111,1.0,113.37778,8217.88889,5.22222,64.88889,125.55556,24.77778,16.32593,2.11111,1.88889,1.0,23.55556,102vD.i_5
90000.16667,6686.82222,11843.88889,2583.57778,137428.06667,30.77778,5.33333,4.33333,1955.32222,182961.42222,87.88889,743.33333,1980.66667,606.77778,248.4,35.31852,29.0,5787.02222,362.88889,102vD.a_6,4375.68889,492.65556,809.15556,173.21481,5534.68889,35.22222,1.0,3.22222,119.48889,8097.11111,5.11111,68.66667,134.44444,18.44444,10.54815,1.66667,1.88889,1.0,24.55556,102vD.i_6
88752.05556,6726.48889,10960.44444,3451.13333,132311.95556,59.77778,6.44444,11.11111,1976.21111,180930.53333,76.0,783.55556,1755.44444,602.77778,191.17778,24.65185,32.88889,9445.68889,390.33333,102vD.a_7,3875.02222,421.1,983.6,91.42593,5532.91111,39.11111,1.0,3.22222,103.6,7955.44444,4.88889,60.77778,121.0,20.55556,14.57778,1.77778,1.88889,1.0,15.88889,102vD.i_7
90185.5,6997.26667,13745.33333,2284.24444,134374.51111,80.33333,7.0,4.33333,2242.32222,178082.64444,83.66667,713.88889,1855.66667,696.77778,247.62222,31.4,48.77778,8398.57778,369.44444,102vD.a_8,4335.91111,459.65556,850.6,94.09259,5369.46667,29.22222,1.0,1.0,113.71111,7761.33333,4.55556,66.44444,137.77778,19.11111,10.8963,1.66667,1.88889,1.0,17.33333,102vD.i_8
92178.72222,6990.37778,12260.11111,3963.02222,194731.06667,43.22222,5.33333,6.55556,2078.76667,174677.31111,85.44444,694.66667,1805.33333,719.22222,238.17778,26.87407,44.55556,6271.13333,324.77778,102vD.a_9,3769.46667,386.76667,813.93333,106.98148,5615.8,27.11111,1.0,1.0,106.04444,7425.44444,3.66667,52.77778,102.44444,22.66667,8.81481,2.33333,1.0,1.0,16.11111,102vD.i_9
112296.63333,51482.77778,21564.98889,1352.24444,371784.26667,1481.22222,60.33333,63.01111,7608.21111,555123.36667,345.04444,117574.11111,5435.52222,1874.0,12.66667,17256.53333,2834.77778,2344.25556,114852.42222,108.a_0,3422.61111,520.17778,490.53333,87.3,8577.34444,235.02222,1.59259,11.0,60.72222,16667.48889,1.42963,3284.88889,24.66667,24.18889,1.0,395.6,62.11111,88.64444,2414.44444,108.i_0
107302.74444,49554.88889,19697.87778,1334.24444,333364.82222,1452.44444,61.55556,57.55185,7426.98889,506575.81111,317.26667,104891.88889,4958.07778,1864.11111,20.0,19358.08889,2949.88889,2329.25556,116657.42222,108.a_1,3407.83333,538.28889,359.08889,56.27037,8398.23333,130.48889,1.4,8.77778,66.05556,16079.15556,2.19259,3261.55556,29.33333,22.74444,2.55556,390.82222,62.11111,62.86667,2319.44444,108.i_1
101170.85556,52105.55556,16806.21111,1349.8,316527.26667,1475.11111,52.33333,52.45556,7319.98889,473226.36667,267.82222,96386.0,4908.85556,1815.22222,10.11111,14663.31111,2819.0,2338.7,114532.31111,108.a_2,3073.94444,456.62222,326.64444,45.93704,7547.45556,183.93333,1.4,4.33333,53.83333,15296.37778,2.17778,3210.33333,30.0,23.41111,1.77778,344.6,61.22222,60.64444,2314.66667,108.i_2
102545.52222,50299.88889,17831.87778,1421.91111,317496.93333,1491.44444,56.33333,61.56667,7459.1,449288.03333,395.6,90805.55556,4076.74444,1780.11111,11.77778,18954.08889,2956.0,2496.92222,128639.08889,108.a_3,2743.05556,431.4,298.42222,64.07778,6883.67778,228.93333,1.0963,5.44444,53.72222,14771.15556,1.20741,3083.11111,26.77778,23.41111,1.0,293.71111,58.11111,60.42222,2522.77778,108.i_3
99935.85556,44998.22222,17282.65556,1200.13333,312924.93333,1557.33333,52.44444,86.12222,6689.76667,428743.47778,345.37778,87060.44444,4080.3,1647.22222,10.88889,17766.2,2723.88889,2425.47778,118467.97778,108.a_4,3154.16667,452.84444,326.42222,106.78519,7608.45556,155.51111,1.0,2.11111,52.05556,14209.04444,1.31852,2751.33333,17.11111,17.41111,1.77778,363.82222,54.33333,50.08889,1999.33333,108.i_4
95786.07778,46971.66667,18430.98889,1133.24444,310036.82222,1555.33333,53.66667,81.45556,7054.32222,418381.14444,289.93333,86278.77778,4742.52222,1691.66667,9.11111,17666.31111,3131.66667,2444.7,120473.97778,108.a_5,2589.5,371.73333,315.97778,71.63333,6477.78889,167.75556,1.0963,6.55556,46.61111,13804.71111,1.42963,2992.44444,16.33333,21.52222,1.0,294.37778,54.44444,67.31111,2200.77778,108.i_5
88935.85556,42877.77778,17735.21111,1174.57778,294623.26667,1540.88889,46.55556,73.34444,6211.76667,404523.25556,302.93333,86839.77778,4025.07778,1557.88889,6.77778,16378.97778,2840.88889,2246.47778,108191.2,108.a_6,3074.38889,415.17778,318.31111,88.56296,7502.78889,481.82222,1.51111,2.11111,53.05556,13505.26667,1.31111,2742.77778,20.33333,18.52222,1.77778,323.82222,53.44444,50.97778,1816.33333,108.i_6
88375.74444,39345.11111,14996.98889,1153.91111,302731.04444,1631.55556,42.11111,81.56667,5837.87778,396186.14444,240.71111,78780.0,3769.07778,1534.22222,9.22222,19156.64444,3010.55556,2298.58889,112792.31111,108.a_7,2815.61111,371.84444,316.64444,57.56296,6933.12222,210.6,1.0963,3.22222,51.72222,13074.6,1.31111,2690.77778,23.77778,17.85556,1.77778,289.48889,48.44444,60.97778,1952.0,108.i_7
88790.07778,37212.22222,13730.1,1187.35556,291066.04444,1323.11111,41.77778,64.28148,5711.76667,385462.25556,236.04444,74917.11111,4294.07778,1474.22222,15.77778,16418.97778,2660.88889,2352.47778,103877.86667,108.a_8,2675.05556,384.06667,312.75556,64.18889,6795.56667,191.91111,1.19259,4.33333,49.83333,12559.93333,1.41481,2674.77778,26.55556,18.74444,1.0,282.6,47.44444,65.97778,1814.77778,108.i_8
82118.63333,37281.66667,14293.43333,988.68889,265247.37778,1285.88889,36.77778,50.01111,5493.54444,370190.7,264.6,73810.88889,4770.07778,1450.22222,12.55556,12390.64444,2392.77778,2449.47778,92708.2,108.a_9,2675.5,435.51111,280.42222,43.38148,6505.78889,284.46667,1.0963,5.44444,50.38889,12118.93333,1.31852,2656.11111,17.88889,16.3,1.0,240.93333,31.88889,59.53333,1772.66667,108.i_9
108320.14444,43632.44444,8730.35556,914.07778,294059.94444,534.11111,33.88889,144.93333,7675.46667,657079.56667,321.23333,141396.66667,4682.55556,1604.44444,25.11111,21982.22222,1687.22222,7996.38889,15231.11111,109.a_0,1164.9,233.81111,79.44444,28.06667,2358.54444,8.77778,1.0,2.11111,26.74444,6135.56667,1.22222,1448.76667,13.76296,8.6,1.0,97.75556,8.44444,65.96667,70.02222,109.i_0
103862.14444,41441.88889,8087.13333,1078.96667,282702.72222,454.0,30.22222,139.15556,7206.46667,632098.78889,324.34444,134740.22222,4171.22222,1482.88889,31.11111,20737.77778,1823.0,8118.27778,15397.55556,109.a_1,974.01111,187.36667,74.33333,90.93333,2060.43333,55.77778,1.11111,4.33333,26.52222,5558.23333,1.22222,1257.98889,13.17778,8.82222,1.0,81.31111,6.77778,32.96667,97.91111,109.i_1
106299.58889,50130.77778,8541.8,1200.3,286636.05556,534.11111,29.77778,104.15556,8362.24444,616063.45556,319.34444,129195.66667,4599.77778,1540.0,22.77778,19827.66667,1618.77778,6796.05556,17758.33333,109.a_2,1042.45556,168.03333,80.44444,29.24444,2006.65556,17.0,1.0,2.11111,25.18889,5359.34444,1.22222,1321.87778,11.73333,5.04444,1.71852,90.75556,4.66667,47.85926,90.02222,109.i_2
107950.81111,45707.55556,8433.91111,1192.3,281778.16667,448.0,31.44444,105.37778,7942.13333,589926.45556,311.56667,126947.77778,4916.44444,1456.11111,15.0,19331.88889,1456.11111,6775.5,15466.44444,109.a_3,933.23333,174.25556,71.55556,35.77778,2053.21111,60.22222,1.0,4.33333,24.85556,5107.45556,1.11111,1154.87778,7.9037,5.71111,1.0,74.97778,12.44444,29.3,90.68889,109.i_3
112470.92222,39661.77778,7760.24444,1182.07778,293113.5,454.11111,25.88889,62.38519,7231.35556,568080.12222,267.78889,121801.55556,3419.66667,1430.33333,14.22222,19352.33333,1212.66667,5413.61111,12622.88889,109.a_4,876.9,135.81111,72.33333,44.75556,1824.32222,66.22222,1.0,6.55556,21.63333,5018.12222,1.11111,1073.98889,9.23704,6.04444,1.0,70.64444,3.77778,22.3037,98.68889,109.i_4
98644.47778,38360.22222,7797.02222,1086.63333,267037.5,392.55556,28.88889,120.6,6846.24444,553398.01111,257.34444,117451.88889,3970.66667,1383.22222,11.11111,19267.88889,1188.88889,6435.83333,13480.33333,109.a_5,846.23333,153.03333,100.55556,58.95556,1860.87778,45.66667,1.11111,4.33333,22.85556,4903.01111,1.33333,1152.32222,15.68148,7.15556,1.0,68.86667,6.66667,15.85926,114.68889,109.i_5
104862.81111,38540.0,7197.24444,926.74444,271266.61111,431.55556,28.11111,84.26667,6659.02222,539110.9,204.56667,118536.44444,3427.11111,1462.88889,9.22222,19567.0,1186.88889,5818.38889,11461.11111,109.a_6,889.34444,148.03333,70.33333,31.93333,1780.1,175.22222,1.11111,5.44444,20.3,4771.67778,1.0,1186.98889,14.17778,6.72593,1.0,81.42222,9.44444,31.96667,99.13333,109.i_6
100720.81111,35782.0,7044.91111,968.07778,251775.38889,429.44444,30.88889,108.93333,6164.13333,527188.67778,215.34444,116162.44444,3888.66667,1360.33333,16.0,18780.44444,1264.11111,6270.83333,11918.77778,109.a_7,893.34444,138.03333,69.66667,25.44444,1873.21111,66.44444,1.0,1.0,20.85556,4619.45556,1.11111,1142.54444,7.42963,4.6,1.0,68.86667,2.77778,31.52593,87.68889,109.i_7
93150.58889,35987.0,6846.13333,761.63333,251466.5,378.11111,23.0,83.27407,6348.8,514205.01111,213.9,108516.0,3302.44444,1250.11111,11.0,17277.66667,1126.22222,5863.5,11063.44444,109.a_8,888.45556,127.92222,70.0,42.15556,1785.32222,216.11111,1.0,3.22222,24.74444,4520.01111,1.11111,1086.43333,6.48889,5.48889,1.0,73.75556,8.44444,29.19259,94.24444,109.i_8
89579.7,33644.66667,6542.8,872.52222,245144.5,378.11111,25.0,101.93333,5403.24444,494404.34444,213.45556,106607.44444,3464.44444,1314.33333,14.33333,17569.88889,1108.77778,6146.38889,12301.33333,109.a_9,834.67778,128.92222,76.44444,38.33333,1743.65556,29.22222,1.0,6.55556,24.3,4362.56667,1.22222,1028.43333,12.54074,3.94815,1.0,71.64444,14.22222,21.63333,105.02222,109.i_9
24025.32222,18754.11111,5343.84444,421.42222,133654.73333,244.55556,10.66667,13.95556,4006.35556,196320.44444,91.66667,74140.91111,1654.55556,263.66667,1.0,191.26667,486.88889,938.62222,2374.22222,110.a_0,1110.48889,685.44444,181.48889,76.84444,3410.64444,698.44444,1.11111,1.0,129.78889,8490.36667,5.88889,2167.37778,45.28889,11.22222,1.0,102.33333,14.44444,64.32222,218.11111,110.i_0
24523.1,15863.55556,5152.06667,542.75556,127384.51111,68.0,10.11111,8.64444,4248.46667,190773.22222,98.77778,73130.57778,1526.22222,266.11111,1.0,187.6,380.88889,815.62222,2413.11111,110.a_1,750.93333,443.11111,148.48889,28.24444,2863.75556,708.66667,1.11111,1.0,122.45556,6475.58889,2.0,1877.6,41.62222,7.88889,1.0,66.66667,1.88889,54.43333,124.77778,110.i_1
23637.76667,18370.55556,5153.06667,454.97778,126440.06667,145.77778,12.88889,13.11852,4820.91111,185663.77778,97.44444,68852.68889,1548.22222,259.77778,4.22222,195.37778,457.33333,789.84444,2415.55556,110.a_2,729.48889,364.55556,149.37778,26.82222,2152.42222,275.33333,1.0,3.1037,88.34444,5478.58889,1.77778,1587.26667,32.06667,7.33333,1.0,47.44444,1.0,50.43333,158.55556,110.i_2
22319.43333,15579.33333,5160.06667,504.08889,123879.62222,121.22222,13.22222,7.61481,4077.24444,179368.44444,100.11111,64038.57778,1349.0,248.55556,2.55556,182.6,431.66667,823.06667,2365.77778,110.a_3,482.6,457.33333,133.71111,32.22222,1744.86667,193.22222,1.0,1.99259,84.34444,4755.03333,2.66667,1743.26667,28.54074,4.55556,1.0,9.11111,2.77778,24.65556,50.77778,110.i_3
20038.65556,16007.77778,4830.06667,473.08889,117104.4,135.66667,11.88889,12.00741,4362.24444,174047.66667,113.66667,61253.91111,1647.22222,241.0,1.77778,167.37778,352.33333,810.62222,2197.22222,110.a_4,503.26667,682.55556,135.15556,31.93333,1805.97778,297.88889,1.11111,4.0963,86.12222,4566.03333,4.11111,1685.15556,37.06667,5.55556,1.0,17.0,4.66667,19.57037,54.77778,110.i_4
20328.54444,15728.66667,5202.84444,501.53333,116900.4,111.0,10.55556,24.20741,3775.35556,171190.44444,89.0,59195.8,1481.55556,246.55556,5.0,189.48889,406.66667,808.62222,2346.44444,110.a_5,464.15556,382.55556,142.48889,53.51111,1573.64444,263.0,1.0,1.0,69.34444,4398.25556,2.55556,1464.71111,116.51111,3.77778,1.0,18.66667,11.33333,23.98889,45.66667,110.i_5
19994.21111,15422.33333,4829.4,519.31111,116524.73333,240.44444,11.66667,13.03704,3927.35556,168231.77778,94.11111,58573.46667,1420.33333,217.11111,5.88889,159.37778,317.66667,805.51111,2218.55556,110.a_6,471.37778,475.55556,145.26667,48.4,1664.64444,205.55556,1.0,5.08889,75.34444,4241.25556,1.55556,1585.04444,39.01481,3.77778,1.0,9.55556,6.44444,19.57037,42.33333,110.i_6
18589.1,13801.44444,5023.73333,514.31111,110185.4,219.66667,10.22222,12.84444,3213.35556,163583.0,78.11111,55518.68889,1322.55556,245.0,5.0,218.37778,555.11111,751.95556,2088.0,110.a_7,530.82222,381.66667,137.48889,29.66667,1713.08889,277.33333,1.0,7.19259,90.67778,4178.03333,1.0,1627.37778,55.76296,6.0,1.0,22.66667,4.66667,23.43333,50.44444,110.i_7
18706.65556,10644.33333,4524.51111,444.75556,107489.06667,197.22222,9.44444,15.17778,2969.57778,158932.55556,63.77778,59540.46667,1200.0,188.88889,5.0,168.48889,250.44444,725.84444,2027.0,110.a_8,471.04444,322.0,152.15556,40.84444,1668.86667,261.11111,1.11111,1.0,66.67778,4067.92222,2.0,1550.71111,28.28889,5.11111,1.0,19.44444,11.44444,15.45926,45.22222,110.i_8
16929.21111,12803.77778,4315.4,477.97778,98207.95556,269.11111,9.22222,9.48148,2990.24444,152815.77778,74.33333,49624.57778,1502.33333,209.88889,4.22222,177.6,420.66667,642.73333,1866.22222,110.a_9,453.15556,353.22222,103.04444,26.82222,1546.64444,228.11111,1.0,3.1037,75.12222,3962.7,3.33333,1430.15556,34.73333,4.77778,1.0,15.22222,8.66667,24.76667,47.0,110.i_9
78407.38889,24652.33333,8302.07778,2069.33333,468562.33333,743.44444,24.22222,14.95556,7521.18889,1086216.41111,261.22222,221550.53333,3376.0,1185.11111,11.0,29591.55556,1604.28889,367.35556,8082.15556,111.a_0,1178.64444,1093.24444,165.36667,38.6037,6807.31111,147.77778,1.0,5.44444,291.95556,17799.46667,21.48889,3984.16667,368.44444,28.44444,1.0,778.77778,43.66667,114.73333,382.04444,111.i_0
77081.27778,26868.33333,8796.18889,2056.33333,474228.77778,554.66667,23.0,33.16296,8234.07778,1002836.74444,247.0,210757.31111,4835.33333,1106.88889,10.11111,27064.11111,1603.4,461.35556,8391.71111,111.a_1,806.42222,892.24444,252.03333,25.31111,3859.64444,328.77778,1.1037,3.22222,212.62222,14384.57778,10.48889,2709.61111,181.66667,24.88889,1.0,379.33333,48.55556,96.84444,331.82222,111.i_1
81468.27778,24021.22222,8535.96667,2069.22222,479965.55556,530.0,26.88889,11.51852,8011.96667,927573.07778,327.22222,210840.2,4215.33333,1152.88889,14.22222,27483.33333,1477.51111,422.13333,8161.48889,111.a_2,636.08889,764.13333,155.03333,53.93704,3284.53333,1087.22222,1.0,2.11111,163.62222,12047.57778,6.26667,2311.83333,111.33333,18.55556,1.0,341.44444,21.22222,77.84444,224.6,111.i_2
76989.38889,22675.88889,8300.18889,2002.33333,456042.33333,546.33333,23.22222,8.18519,7304.74444,914225.41111,268.88889,207744.31111,3792.0,1125.33333,8.44444,27441.44444,1372.4,381.46667,7992.37778,111.a_3,471.31111,709.35556,129.25556,59.67407,2364.42222,735.55556,1.41481,1.0,157.73333,9569.91111,4.82222,2098.61111,118.0,17.77778,1.0,236.0,20.0,79.06667,232.04444,111.i_3
76868.72222,22120.44444,8340.63333,2020.55556,449663.66667,620.33333,25.77778,9.40741,7545.96667,901387.41111,253.55556,202685.2,3660.11111,1132.55556,8.44444,26740.33333,1346.06667,410.68889,8102.71111,111.a_4,444.42222,438.02222,111.03333,77.78519,1990.86667,1025.55556,1.1037,3.22222,128.06667,8168.57778,4.93333,1794.61111,96.77778,16.33333,1.0,201.22222,44.66667,55.84444,181.48889,111.i_4
76467.94444,23563.44444,8339.85556,1875.88889,445111.33333,554.66667,25.11111,13.73333,7372.3,888231.74444,239.0,215454.08889,4296.44444,1120.55556,16.55556,26395.55556,1327.84444,421.8,6274.37778,111.a_5,314.31111,456.02222,97.58889,54.15926,1411.53333,708.77778,1.1037,4.33333,109.51111,7130.02222,5.39259,1215.61111,71.33333,11.22222,1.77778,117.22222,17.33333,53.61481,270.37778,111.i_5
73528.5,23062.66667,8051.52222,1914.77778,448481.44444,474.55556,24.11111,17.94074,7697.52222,874166.63333,259.33333,208584.42222,4078.22222,1091.11111,20.88889,25319.0,1405.17778,415.68889,6675.37778,111.a_6,389.42222,286.46667,84.25556,67.67407,1253.86667,663.66667,1.0,6.55556,82.73333,5907.24444,3.84444,1069.16667,53.33333,9.55556,1.0,112.55556,18.11111,36.17778,203.6,111.i_6
71389.16667,22355.66667,7903.63333,1870.77778,440269.77778,700.33333,25.33333,9.2963,6801.63333,863098.18889,221.55556,200172.97778,4694.88889,1077.88889,6.77778,25757.66667,1537.84444,405.13333,7044.37778,111.a_7,320.97778,188.46667,84.7,54.15926,939.75556,602.22222,1.0,4.33333,44.17778,4900.35556,1.52593,881.61111,47.11111,4.44444,1.0,68.11111,15.22222,16.16296,92.26667,111.i_7
71318.83333,22781.77778,8153.41111,1894.11111,435259.44444,577.22222,24.55556,13.5037,7207.85556,851969.63333,201.11111,196651.53333,2917.77778,1087.33333,15.88889,24620.44444,1402.28889,395.57778,8052.71111,111.a_8,305.64444,293.46667,155.58889,53.42222,994.53333,333.0,1.1037,3.22222,51.62222,4402.02222,2.39259,831.83333,41.88889,4.11111,1.0,65.44444,5.66667,19.4963,130.37778,111.i_8
70598.16667,19620.44444,8066.18889,1713.44444,424595.66667,556.66667,24.44444,12.74074,6332.18889,840013.52222,157.11111,194040.97778,2185.66667,1033.88889,10.11111,25406.22222,1405.17778,373.46667,7703.15556,111.a_9,327.2,336.91111,108.92222,29.68519,988.86667,562.88889,1.0,3.22222,58.06667,4218.46667,4.4963,893.94444,47.88889,4.44444,1.0,60.77778,13.33333,15.04444,69.6,111.i_9
36469.36667,15668.22222,9422.46667,1975.83333,93237.64444,316.33333,12.55556,18.42963,6703.28889,474436.3,170.77778,1889.85556,767.28889,516.15556,1.77778,1940.95556,1034.84444,4122.28889,44130.92222,112.a_0,994.81111,543.11111,239.03333,73.78519,2683.72222,88.66667,1.0,1.0,166.64444,16050.8,4.11111,74.0,16.88889,21.77778,1.0,55.55556,9.33333,154.18889,1013.11111,112.i_0
35421.47778,15947.33333,9343.57778,2099.72222,94217.2,267.11111,12.66667,12.92593,6252.4,455427.52222,169.66667,1914.63333,715.17778,496.37778,2.66667,1712.73333,884.51111,4045.06667,37756.36667,112.a_1,1169.25556,368.44444,286.81111,72.63333,2272.83333,193.0,1.0,1.0,156.08889,13754.8,5.55556,58.33333,19.88889,17.22222,1.0,34.22222,10.33333,116.96667,990.0,112.i_1
36575.47778,16810.0,10234.57778,2288.16667,99215.64444,189.0,15.33333,27.37778,6861.95556,445083.85556,188.0,1962.3,744.28889,508.6,1.77778,1736.17778,902.28889,4153.95556,38089.58889,112.a_2,962.58889,394.77778,266.7,46.71481,2187.83333,43.77778,1.11111,5.2963,137.53333,12347.02222,4.44444,54.55556,12.88889,11.11111,1.0,31.33333,14.33333,86.85556,694.11111,112.i_2
34709.03333,16078.22222,9236.46667,2112.61111,89919.08889,320.55556,13.77778,17.12593,6471.17778,435168.85556,161.22222,1842.3,617.4,481.26667,2.55556,2038.62222,659.51111,4329.95556,43145.36667,112.a_3,856.47778,454.33333,288.14444,107.34074,2024.16667,57.77778,1.0,1.0,135.53333,11296.91111,3.55556,69.88889,15.55556,15.88889,1.0,46.44444,7.44444,71.3,517.88889,112.i_3
34235.25556,15959.44444,7687.46667,1841.83333,90348.53333,164.33333,12.88889,10.7037,5683.06667,421321.63333,163.11111,1679.07778,531.73333,436.04444,2.66667,1779.95556,703.17778,3781.95556,31112.25556,112.a_4,823.81111,310.77778,281.58889,59.6037,2091.94444,49.77778,1.0,1.0,143.42222,10372.91111,4.66667,41.44444,13.55556,9.0,1.0,28.66667,12.33333,75.3,456.11111,112.i_4
35255.92222,16577.33333,9529.68889,1790.38889,90328.75556,221.88889,11.77778,12.92593,6103.28889,409802.18889,162.55556,1859.74444,697.62222,492.6,2.55556,1935.4,525.73333,4268.84444,32711.14444,112.a_5,783.47778,308.77778,264.03333,100.96667,2034.16667,54.11111,1.11111,1.7963,121.08889,9328.35556,3.11111,50.44444,10.0,8.33333,1.0,36.77778,12.44444,85.18889,392.33333,112.i_5
35422.47778,15450.33333,7856.35556,1576.05556,89682.42222,180.77778,10.33333,8.45185,5297.06667,400010.18889,146.77778,1628.41111,490.06667,439.48889,2.55556,1950.62222,486.28889,3623.17778,39056.7,112.a_6,629.92222,246.22222,255.81111,64.6037,1720.5,23.0,1.0,3.38889,88.75556,8347.35556,2.44444,45.0,9.66667,10.33333,1.0,23.55556,1.88889,58.63333,602.66667,112.i_6
30256.36667,14404.66667,7296.8,1447.16667,82635.31111,139.66667,11.77778,6.22963,5061.28889,389727.07778,134.66667,1467.3,576.62222,451.15556,1.0,1779.62222,688.17778,3646.51111,35880.47778,112.a_7,685.47778,284.66667,248.7,53.08889,1752.38889,17.0,1.11111,1.7963,97.75556,7717.24444,3.0,34.0,9.11111,8.55556,1.0,11.77778,7.55556,48.52222,261.0,112.i_7
32144.25556,14660.33333,7323.24444,1447.16667,78548.53333,234.22222,10.66667,8.45185,5193.28889,380197.96667,138.66667,1624.41111,529.73333,456.71111,1.0,1667.4,619.95556,3540.95556,33254.58889,112.a_8,629.36667,265.33333,217.7,76.56296,1825.83333,63.88889,1.0,1.7963,102.2,7318.68889,2.44444,34.77778,7.88889,7.33333,1.0,19.55556,1.88889,61.18889,531.66667,112.i_8
29892.25556,14659.22222,7878.8,1576.16667,77293.2,230.22222,10.55556,13.11852,5078.51111,365348.63333,131.55556,1516.18889,552.62222,470.26667,1.0,1527.62222,607.06667,3616.73333,30564.03333,112.a_9,641.92222,237.11111,212.47778,62.15926,1768.05556,10.88889,1.0,1.0,107.2,6846.24444,2.33333,38.88889,9.88889,8.44444,1.0,21.22222,5.66667,47.96667,478.77778,112.i_9
101756.82222,25336.8,7910.42222,1436.18889,115813.44444,866.77778,29.75556,29.60741,3675.52222,687964.37778,56.44444,68233.44444,511.33333,5639.44444,2.55556,20102.77778,6440.06667,7317.37778,29651.24444,113.a_0,1793.8,460.33333,138.76667,11.75556,1698.04444,58.0,1.66667,1.0,88.52222,6158.2,1.33333,1290.11111,16.84444,53.22222,1.0,166.66667,47.66667,689.85556,357.0,113.i_0
97428.48889,23232.24444,6965.08889,1459.41111,108722.33333,865.0,32.08889,21.38519,3483.41111,663696.15556,57.77778,63964.44444,485.44444,5350.66667,2.66667,19633.88889,6364.51111,7283.82222,28044.24444,113.a_1,1394.35556,429.88889,187.32222,36.3,1305.04444,141.88889,1.11111,16.77778,74.07778,5035.64444,1.22222,1015.77778,20.31852,44.55556,1.0,137.0,34.88889,663.63333,214.33333,113.i_1
92500.04444,22385.02222,6775.86667,1322.52222,104147.22222,525.88889,31.2,15.83704,3385.74444,642182.6,54.11111,63735.77778,470.55556,5248.11111,3.33333,18931.88889,6194.4,6713.82222,27705.46667,113.a_2,1426.57778,418.88889,126.32222,67.3,1511.93333,104.66667,1.11111,5.44444,74.63333,4479.64444,1.44444,1011.11111,19.62222,46.66667,1.0,149.11111,34.77778,654.3,228.88889,113.i_2
85274.71111,21396.68889,6092.86667,1103.52222,95607.55556,487.0,30.31111,17.63704,3200.96667,607497.48889,45.77778,55067.88889,467.66667,4864.55556,5.0,16915.55556,5556.51111,6333.6,24899.13333,113.a_3,1289.13333,316.77778,93.65556,63.37778,1289.48889,217.88889,1.55556,6.55556,79.18889,4044.2,1.22222,778.44444,8.79259,26.88889,1.0,389.66667,30.88889,519.85556,162.33333,113.i_3
90471.15556,21952.57778,6184.31111,1193.63333,94851.77778,606.11111,25.31111,17.17778,3161.85556,582472.93333,51.66667,55971.11111,479.22222,5107.11111,1.0,16762.88889,5742.17778,6956.82222,26713.46667,113.a_4,1206.68889,302.66667,86.1,51.5,1095.15556,84.55556,1.0,9.88889,81.96667,3593.31111,1.22222,794.11111,15.62222,24.55556,1.0,250.11111,20.22222,509.74444,141.0,113.i_4
81757.04444,20956.57778,6404.75556,1201.52222,93185.44444,585.66667,25.53333,16.94815,2979.41111,562511.93333,45.0,51693.22222,467.11111,4677.22222,3.44444,16440.11111,5448.17778,6559.04444,24251.35556,113.a_5,1326.57778,312.88889,114.65556,21.97778,1155.48889,113.22222,1.0,3.22222,72.52222,3236.75556,1.22222,739.33333,14.98519,23.55556,1.0,123.77778,15.22222,485.3,142.77778,113.i_5
81100.37778,19453.8,6214.2,930.74444,93268.44444,1249.11111,24.97778,22.60741,3031.18889,539687.26667,53.11111,51242.44444,446.44444,4498.0,3.44444,16536.22222,5427.17778,6122.37778,24225.02222,113.a_6,926.57778,222.11111,85.98889,36.23333,828.82222,119.22222,1.0,2.11111,54.18889,2942.86667,1.22222,601.11111,7.45926,19.33333,1.71852,318.33333,25.0,436.18889,108.33333,113.i_6
72413.71111,19718.24444,5823.97778,982.3,83531.66667,388.33333,22.64444,19.74074,2933.85556,514206.48889,44.44444,50759.0,384.0,4357.33333,5.88889,14447.66667,4723.84444,6279.82222,21386.13333,113.a_7,1070.8,243.33333,85.1,25.72222,1048.37778,199.66667,1.0,6.66667,62.63333,2780.53333,1.0,641.22222,9.9037,21.66667,2.43704,139.88889,22.0,446.52222,133.77778,113.i_7
73876.71111,19382.24444,5604.75556,972.07778,84967.88889,682.11111,24.42222,17.28889,2811.96667,495433.48889,45.66667,46727.22222,400.11111,4113.88889,2.55556,14517.66667,5230.62222,5988.26667,22151.57778,113.a_8,1068.57778,259.22222,79.76667,29.82222,930.71111,82.44444,1.0,11.22222,56.41111,2617.97778,1.22222,616.0,8.98519,20.0,2.60741,300.22222,13.44444,399.07778,94.33333,113.i_8
71235.37778,17292.46667,5309.42222,850.74444,78384.44444,604.11111,19.53333,24.71111,2713.3,475957.6,43.88889,47210.0,379.66667,3807.0,1.0,13790.22222,4720.28889,5906.71111,20541.8,113.a_9,1275.68889,282.44444,91.98889,21.97778,1094.71111,115.33333,1.11111,1.0,58.41111,2492.2,1.22222,577.77778,21.17778,16.44444,1.71852,521.66667,14.33333,422.07778,107.55556,113.i_9
180032.12222,27075.77778,8110.95556,2416.46667,167431.52222,474.55556,21.66667,40.26667,4754.43333,718407.57778,160.08889,139586.55556,1415.66667,6030.55556,4.33333,29457.51111,3755.66667,7927.8,230429.35556,114.a_0,2603.94444,369.35556,103.23333,163.7037,3047.06667,144.0,1.11111,1.94815,97.88889,9094.45556,2.93333,2229.43333,56.36667,18.63333,1.0,53.85556,12.73333,1.0,107.06667,114.i_0
180244.78889,26340.66667,7706.84444,2715.8,167609.18889,452.0,23.22222,23.42222,4673.87778,697938.91111,169.86667,143123.77778,1221.11111,6146.22222,4.22222,29659.28889,3804.22222,6642.02222,126040.91111,114.a_1,1714.61111,239.24444,70.45556,64.33333,1912.28889,47.66667,1.0,3.05926,78.44444,6581.34444,1.74074,1448.65556,27.81111,10.18889,1.0,13.41852,16.83333,1.0,75.28889,114.i_1
181213.23333,25941.0,7780.73333,2375.13333,161446.3,480.88889,24.55556,11.35556,4461.65556,682475.68889,174.42222,138857.0,1293.88889,6052.77778,3.44444,29253.84444,3797.33333,6760.02222,137695.46667,114.a_2,1212.72222,187.68889,60.56667,127.0,1419.95556,11.0,1.0,1.0,46.22222,4209.9,1.62222,1035.98889,24.03333,6.8963,2.55556,10.42222,4.57778,1.0,35.28889,114.i_2
173105.12222,24814.33333,7715.95556,2506.68889,167159.96667,449.88889,20.88889,26.02222,4532.54444,675151.35556,166.97778,139606.22222,1246.0,6078.44444,1.0,30525.06667,3776.22222,6503.8,122718.35556,114.a_3,820.83333,95.8,27.34444,81.85185,891.28889,22.88889,1.0,1.0,29.11111,2683.67778,1.74074,636.32222,18.81111,1.29259,1.0,1.0,1.0,1.0,12.75556,114.i_3
173154.34444,24914.22222,7306.51111,2364.91111,158192.07778,450.0,23.33333,27.84444,4241.98889,666523.24444,160.64444,136763.0,1305.0,5831.55556,7.66667,28386.84444,3601.66667,6304.91111,163715.02222,114.a_4,514.94444,46.35556,18.34444,19.07407,584.95556,1.0,1.0,1.0,27.44444,1671.9,1.20741,454.21111,10.03333,2.07037,2.55556,4.1037,4.94444,1.0,11.93333,114.i_4
172274.45556,25433.88889,6863.84444,2083.57778,158851.74444,382.11111,24.44444,14.55556,4415.87778,653785.13333,162.86667,133631.88889,1337.55556,5773.0,3.33333,29871.84444,3795.11111,7176.24444,169998.68889,114.a_5,717.05556,92.8,19.56667,28.81481,525.4,9.0,1.0,1.0,34.44444,1346.78889,1.62222,366.43333,6.17407,7.86667,1.0,6.44074,2.78889,28.57778,17.26667,114.i_5
164134.67778,25197.11111,7492.17778,2204.91111,152592.41111,583.44444,26.11111,17.64444,4157.32222,643347.68889,160.75556,130378.66667,1129.88889,5707.66667,5.0,27100.51111,3708.77778,6234.91111,98582.57778,114.a_6,471.83333,58.35556,8.67778,44.96296,380.17778,8.88889,1.0,1.0,19.77778,937.45556,1.31111,304.54444,4.68889,3.08889,1.0,1.44074,1.78889,5.93333,139.8,114.i_6
160167.45556,23719.0,7528.95556,2393.13333,151562.41111,392.44444,22.0,13.33333,4155.43333,635194.02222,144.31111,128320.11111,1183.55556,5640.55556,5.0,26433.28889,3639.44444,6517.8,132754.46667,114.a_7,855.85185,95.04444,18.45556,54.0,473.17778,5.0,1.0,4.00741,37.55556,743.9,1.1037,311.76667,6.57778,4.11852,1.77778,6.76296,1.78889,8.48889,555.75556,114.i_7
160644.78889,24073.0,7454.28889,2011.46667,149080.96667,466.44444,29.0,19.37778,4107.54444,625264.02222,148.2,127145.0,1275.33333,5445.0,9.11111,27516.17778,3385.55556,7014.57778,204330.35556,114.a_8,922.94444,129.02222,23.01111,51.55556,542.28889,9.0,1.0,2.8963,44.77778,654.23333,1.42963,369.1,6.84074,6.6037,1.0,1.0,4.57778,12.62222,384.91111,114.i_8
160367.45556,24950.33333,7729.84444,2733.8,146183.96667,413.0,23.11111,22.71111,4187.21111,620130.57778,150.31111,131620.77778,1228.66667,5599.0,1.77778,27531.62222,3585.66667,6331.8,150719.68889,114.a_9,833.61111,98.4,25.01111,28.11111,525.4,16.88889,1.0,6.06667,38.0,581.01111,1.31111,294.87778,8.65926,6.57407,1.77778,4.0963,4.36667,19.02222,322.71111,114.i_9
200035.92222,27798.02222,3761.74444,1241.05556,83406.76667,213.66667,8.55556,15.31111,5662.37778,530589.82222,288.11111,135702.33333,2118.73333,3132.66667,5.88889,932.44444,2295.66667,4507.32222,205582.0,116.a_0,1445.92222,232.51111,97.02222,91.16296,1159.15556,939.68889,1.0,6.55556,42.27778,1981.77778,2.11852,532.77778,9.55556,12.22222,1.0,63.33333,5.66667,142.24444,558.57778,116.i_0
205901.03333,25714.91111,3512.41111,1313.27778,74684.54444,209.66667,7.44444,15.31111,5088.82222,503093.15556,281.55556,132598.66667,2246.95556,2947.0,3.44444,864.0,1859.55556,4257.43333,262506.33333,116.a_1,1331.81111,221.62222,84.35556,54.51111,1117.48889,687.13333,1.0,3.22222,35.16667,1735.22222,1.47778,413.55556,9.22222,6.77778,1.77778,59.66667,9.66667,122.8,360.46667,116.i_1
203309.58889,25927.8,3267.41111,1300.5,77389.54444,160.22222,6.22222,14.24074,4955.37778,490113.37778,276.44444,132851.11111,2220.06667,2911.0,8.33333,918.33333,1823.0,3811.98889,250329.33333,116.a_2,1219.25556,138.73333,88.46667,60.38519,1066.82222,734.24444,1.0,2.11111,30.05556,1535.77778,1.08519,370.11111,12.11111,5.44444,1.0,97.11111,2.88889,133.13333,255.35556,116.i_2
203883.36667,26749.46667,3338.74444,1465.61111,76243.32222,123.22222,9.0,10.94815,5188.71111,478887.48889,271.44444,135631.33333,2199.17778,3006.22222,10.11111,883.88889,2007.11111,4028.98889,234075.33333,116.a_3,1323.14444,197.06667,60.91111,28.08148,929.93333,600.8,1.0,1.0,33.27778,1446.33333,1.25556,385.44444,14.88889,5.66667,1.0,96.88889,2.77778,119.24444,248.35556,116.i_3
197202.03333,25138.35556,3256.96667,1127.72222,74507.1,111.0,8.33333,6.43333,4920.93333,468401.93333,273.11111,128828.88889,2040.06667,2745.66667,11.77778,866.66667,1654.22222,3944.1,237650.22222,116.a_4,1320.36667,159.95556,67.68889,28.08148,887.37778,744.8,1.0,4.33333,33.05556,1362.77778,1.47778,362.22222,11.11111,4.66667,1.0,94.22222,2.88889,114.91111,249.57778,116.i_4
204897.7,24982.57778,3156.74444,1101.83333,76230.43333,172.77778,7.0,14.24074,4861.26667,460372.15556,274.77778,131128.0,2124.28889,2786.0,9.22222,914.55556,1652.44444,3624.65556,242859.33333,116.a_5,1152.47778,193.06667,72.68889,38.17037,1037.48889,691.02222,1.0,1.0,29.83333,1305.33333,1.17037,371.0,9.77778,6.22222,1.0,87.66667,4.77778,113.91111,268.02222,116.i_5
189444.36667,23679.8,2997.96667,1153.5,73925.21111,213.77778,7.33333,10.75556,4730.26667,450892.71111,257.66667,127677.44444,2148.51111,2792.33333,5.11111,894.44444,1628.55556,3644.87778,242721.0,116.a_6,1206.47778,164.73333,70.8,31.4,925.6,987.02222,1.0,2.11111,30.83333,1215.66667,1.25556,371.66667,10.0,5.11111,1.0,60.66667,6.77778,105.46667,250.46667,116.i_6
188023.7,23131.02222,3147.96667,1034.83333,71407.43333,63.33333,6.66667,5.32222,4564.37778,439591.6,247.11111,127144.88889,1906.51111,2664.22222,14.22222,835.22222,1616.77778,3593.1,236363.66667,116.a_7,1369.7,189.06667,49.13333,34.71852,905.71111,268.4,1.0,2.11111,33.94444,1179.0,1.34074,438.55556,12.44444,5.0,1.0,72.11111,9.44444,138.02222,269.35556,116.i_7
194182.7,25026.24444,3212.96667,1132.72222,69422.1,123.11111,6.33333,4.25185,4582.6,426788.93333,257.22222,120413.44444,1938.17778,2677.88889,4.22222,880.66667,1681.0,4000.54444,193614.22222,116.a_8,1365.25556,148.84444,50.91111,53.61481,943.04444,699.48889,1.1037,3.22222,32.27778,1116.33333,1.42593,359.77778,8.0,6.44444,1.0,83.22222,8.44444,120.91111,189.91111,116.i_8
171940.47778,22830.8,3036.74444,1006.27778,66833.32222,119.22222,5.66667,7.5037,4297.48889,421730.37778,236.33333,116343.77778,1911.73333,2512.44444,6.0,819.55556,1521.77778,3386.43333,215204.66667,116.a_9,1399.58889,144.84444,50.02222,33.95556,854.6,612.91111,1.0,4.33333,32.38889,1100.66667,1.25556,375.55556,12.33333,4.66667,1.0,68.11111,9.66667,114.68889,191.8,116.i_9
95669.92222,40361.0,24002.15556,4138.95556,548913.82222,1189.77778,64.88889,37.07778,4532.2,1349995.6,148.33333,2462.55556,185.73333,1429.77778,1.0,460.11111,190.58889,325.05556,8507.02222,121.a_0,401.46667,229.0,201.91111,107.57778,1754.47778,254.88889,1.11111,1.0,46.8,4706.24444,1.74815,21.82222,15.0,27.66667,1.0,5.43704,3.51111,55.64444,132.08889,121.i_0
97156.14444,40809.55556,24092.48889,3666.95556,541204.93333,938.88889,57.66667,29.11852,4490.08889,1318198.93333,141.33333,2472.0,187.73333,1465.11111,1.0,450.88889,219.14444,301.38889,8659.24444,121.a_1,243.8,137.11111,151.91111,54.2,987.47778,170.77778,1.11111,3.05926,44.02222,4113.35556,1.85185,15.26667,6.44444,15.77778,1.0,5.04444,8.53333,25.31111,93.86667,121.i_1
93185.47778,39367.55556,22045.71111,3860.28889,535996.37778,1082.44444,57.44444,44.07778,4413.75556,1289450.71111,143.33333,2376.44444,201.62222,1410.66667,1.0,419.77778,246.14444,303.83333,8810.24444,121.a_2,309.13333,123.11111,167.13333,83.74815,1170.25556,326.55556,1.0,6.22963,43.02222,3846.02222,2.28148,22.48889,11.55556,17.77778,1.0,5.18519,22.53333,29.91852,104.2,121.i_2
91731.58889,38089.55556,22118.71111,3287.51111,507624.04444,727.33333,54.0,40.82593,4111.2,1270122.15556,132.33333,2348.55556,175.06667,1360.66667,1.0,400.11111,185.7,228.38889,8317.35556,121.a_3,243.57778,143.22222,129.57778,72.80741,1003.58889,74.0,1.22222,1.0,42.91111,3657.35556,1.51852,18.48889,6.77778,17.0,1.0,6.18519,6.02222,29.36296,101.2,121.i_3
92959.14444,39103.66667,22530.04444,3318.17778,520882.26667,1144.55556,59.55556,36.15926,4196.42222,1241156.71111,135.77778,2303.77778,171.28889,1374.77778,1.0,413.44444,200.58889,277.94444,8739.46667,121.a_4,212.8,94.66667,125.8,66.57778,859.47778,67.88889,1.0,5.28148,34.68889,3521.24444,1.42222,19.26667,7.44444,14.22222,1.0,5.79259,3.75556,26.25185,106.64444,121.i_4
88067.03333,38151.66667,20942.71111,3472.95556,498672.71111,1082.66667,54.22222,37.34074,4009.53333,1225493.93333,132.88889,2217.88889,173.17778,1251.77778,1.0,404.22222,232.25556,259.05556,8179.8,121.a_5,249.24444,142.44444,132.13333,81.91111,1016.14444,201.44444,1.0,2.02963,41.57778,3437.02222,1.1037,14.26667,6.11111,15.44444,2.66667,4.54815,5.26667,32.53333,125.53333,121.i_5
90310.14444,38252.22222,19214.82222,2974.95556,493351.26667,515.77778,54.77778,34.74444,4389.64444,1201138.6,137.88889,2282.0,181.4,1387.33333,1.0,393.11111,170.03333,280.05556,8311.8,121.a_6,251.8,120.11111,135.24444,81.8,982.36667,47.55556,1.0,5.28148,44.13333,3347.91111,1.1037,17.71111,8.66667,15.11111,1.0,5.18519,14.91111,28.2,117.42222,121.i_6
85044.03333,36455.44444,18985.26667,3057.51111,477591.82222,951.11111,53.66667,33.82593,3986.08889,1177998.6,129.88889,2203.44444,165.73333,1284.44444,1.0,353.22222,270.7,267.38889,8015.8,121.a_7,228.02222,97.77778,129.35556,68.41481,1027.47778,121.22222,1.0,2.02963,30.8,3263.91111,1.0,18.04444,5.33333,16.22222,1.0,5.43704,3.51111,22.80741,107.2,121.i_7
84871.03333,36079.22222,18965.93333,3346.73333,470941.15556,548.55556,45.22222,38.45185,4015.53333,1142717.37778,126.55556,2124.22222,156.73333,1315.88889,1.0,365.11111,190.58889,252.83333,7930.02222,121.a_8,264.02222,145.44444,146.02222,87.02222,1016.36667,55.77778,1.0,4.08889,39.91111,3190.24444,1.74815,16.2,6.11111,16.44444,1.0,3.35556,12.91111,31.08889,131.97778,121.i_8
81560.58889,35115.66667,19301.82222,3439.51111,461343.48889,1068.33333,55.0,36.27037,3883.86667,1076194.04444,121.88889,2095.77778,169.51111,1253.22222,1.0,416.11111,171.81111,238.38889,7680.57778,121.a_9,265.57778,130.22222,133.57778,36.80741,1062.03333,224.11111,1.0,2.02963,41.46667,3117.13333,1.31111,20.93333,8.55556,19.22222,1.0,3.1037,8.02222,11.91852,129.64444,121.i_9
149637.01111,19379.22222,4523.62222,888.76667,89551.75556,809.55556,8.11111,13.22222,2319.61111,471152.33333,105.44444,121217.81111,906.28889,3960.0,4.76296,12217.88889,1683.51111,4470.86667,67283.71111,125.a_0,784.28889,190.66667,57.44444,27.24074,457.76667,782.88889,1.0,3.22222,25.17778,3767.24444,1.33333,702.67778,7.55556,17.0,1.0,37.4,7.66667,132.52222,268.93333,125.i_0
134735.9,17097.44444,3623.4,886.1,80358.53333,663.77778,7.88889,3.22222,2199.72222,442317.44444,110.66667,112708.58889,742.28889,3710.22222,1.0,11285.22222,1681.51111,4271.2,77696.26667,125.a_1,808.95556,159.44444,107.77778,23.01481,496.65556,819.88889,1.0,6.55556,24.95556,3384.68889,1.33333,666.9,7.33333,39.66667,1.0,33.28889,8.55556,95.74444,255.6,125.i_1
138391.45556,16847.22222,3563.06667,1004.87778,79562.75556,1381.44444,9.44444,5.44444,2144.83333,427616.0,95.33333,111272.36667,772.51111,3559.66667,5.65185,10702.22222,1603.4,4171.75556,68829.71111,125.a_2,844.84444,138.22222,76.77778,42.57407,529.65556,608.33333,1.0,4.33333,22.62222,3185.02222,1.11111,679.9,11.88889,14.44444,1.0,31.51111,10.55556,104.52222,297.26667,125.i_2
134430.56667,16457.33333,3475.28889,831.98889,78308.31111,857.11111,11.22222,8.77778,2106.05556,417674.22222,89.0,107770.58889,759.4,3296.66667,4.21481,10267.0,1676.62222,4126.53333,69105.26667,125.a_3,774.62222,211.11111,67.11111,62.14444,541.43333,986.55556,1.0,5.44444,24.06667,3101.46667,1.77778,699.23333,7.33333,14.22222,1.0,52.62222,8.55556,100.74444,269.26667,125.i_3
120315.67778,15446.44444,2877.4,831.98889,68305.42222,367.88889,10.22222,11.0,1827.05556,406451.0,81.88889,94941.81111,681.62222,2862.66667,3.32593,8335.22222,1439.84444,3834.31111,51198.93333,125.a_4,864.28889,291.77778,77.0,6.8963,594.1,1220.44444,1.11111,11.0,22.62222,2980.46667,1.88889,739.34444,6.88889,14.44444,1.0,81.84444,15.33333,104.41111,305.93333,125.i_4
126323.23333,15595.0,3139.28889,816.65556,68245.08889,234.22222,8.22222,9.88889,1839.5,396771.0,82.33333,99374.92222,741.28889,3010.33333,1.71852,9467.88889,1368.51111,3744.53333,67765.6,125.a_5,855.4,214.88889,76.44444,22.12963,505.32222,1181.33333,1.0,7.66667,22.06667,2875.91111,1.77778,720.23333,13.55556,15.22222,1.0,53.51111,11.66667,107.96667,309.48889,125.i_5
117223.23333,15271.33333,3005.73333,901.65556,67160.31111,567.11111,8.66667,15.44444,1917.16667,388912.88889,88.77778,93987.03333,707.51111,2835.88889,1.71852,8202.22222,1298.28889,3837.08889,46627.15556,125.a_6,830.17778,247.33333,106.88889,18.78889,567.21111,947.11111,1.0,2.11111,24.51111,2723.68889,1.33333,686.34444,10.0,10.88889,1.0,53.51111,9.44444,140.07778,277.26667,125.i_6
122647.78889,15612.22222,3077.51111,857.87778,70472.31111,599.66667,7.55556,6.55556,1894.83333,381709.66667,85.22222,96780.03333,695.95556,2982.0,1.71852,8436.77778,1391.28889,3817.53333,50466.37778,125.a_7,815.06667,138.33333,85.11111,25.68148,522.76667,1198.0,1.0,5.44444,23.28889,2571.91111,1.44444,690.12222,10.44444,15.0,1.0,58.51111,12.44444,119.96667,314.71111,125.i_7
106845.78889,13978.0,2839.51111,661.76667,63639.97778,560.88889,8.33333,10.0,1770.94444,374971.55556,70.11111,88195.25556,660.4,2701.88889,4.93333,7646.55556,1220.73333,3281.75556,48763.71111,125.a_8,812.62222,148.11111,103.22222,17.9037,601.87778,1356.11111,1.0,5.44444,29.06667,2424.8,1.55556,665.01111,11.11111,15.33333,1.0,56.73333,20.22222,137.52222,343.82222,125.i_8
115025.23333,14076.55556,3055.17778,713.65556,66599.53333,464.44444,8.88889,4.33333,1745.38889,368213.44444,74.11111,89273.25556,619.73333,2788.44444,1.71852,7784.44444,1252.62222,3316.2,49512.6,125.a_9,654.06667,101.77778,72.11111,29.6963,476.43333,1012.77778,1.11111,3.22222,25.4,2299.46667,1.44444,593.56667,9.88889,14.66667,1.77778,51.28889,13.33333,142.3,252.26667,125.i_9
77826.05556,7692.11111,3749.64444,1809.73333,253838.94444,375.88889,8.0,11.62963,549.93333,187408.97778,775.37778,604.04444,58.88889,718.55556,1.0,719.11111,284.0,143.46667,8572.46667,132.a_0,1090.26667,182.55556,215.24444,104.25556,3659.11111,7916.02222,1.1037,4.21111,16.53333,7393.47778,8.04444,39.55556,6.6037,20.77778,1.0,26.57778,13.33333,14.0,176.24444,132.i_0
73176.72222,7384.33333,3648.75556,1595.73333,240119.27778,418.88889,9.66667,11.62963,534.6,181282.2,590.48889,590.26667,62.88889,737.33333,1.77778,737.33333,329.55556,126.35556,8085.8,132.a_1,1067.04444,246.22222,212.46667,89.84444,3548.77778,7654.46667,1.20741,5.47407,19.86667,6753.36667,7.82222,46.77778,10.00741,22.11111,1.0,34.8,6.66667,23.55556,208.46667,132.i_1
72880.27778,7124.88889,3530.08889,1672.95556,249100.16667,158.44444,5.22222,12.62222,549.37778,175810.2,727.48889,560.37778,49.88889,711.55556,1.0,710.88889,281.11111,109.46667,8171.35556,132.a_2,1087.93333,228.11111,191.13333,94.03333,3593.77778,6205.91111,1.1037,2.07037,18.08889,6422.92222,7.93333,44.55556,8.8963,18.44444,1.0,26.85926,12.22222,18.88889,185.13333,132.i_2
70037.5,7450.33333,3662.75556,1657.84444,232717.27778,223.77778,8.44444,12.39259,550.82222,169919.53333,452.37778,542.93333,52.66667,677.77778,1.0,719.77778,304.88889,116.68889,7454.91111,132.a_3,956.82222,240.22222,217.46667,92.62222,3163.0,5991.46667,1.0,2.07037,17.42222,6160.58889,8.15556,41.22222,8.27037,22.0,1.0,21.46667,10.33333,16.66667,176.35556,132.i_3
70266.27778,8108.0,3572.2,1621.4,232774.16667,390.33333,8.0,12.74074,528.93333,165894.64444,572.48889,544.6,56.44444,684.77778,1.77778,595.66667,234.55556,111.68889,7621.68889,132.a_4,965.6,193.77778,210.91111,109.58889,3282.44444,7440.24444,1.0,6.58519,12.86667,6040.36667,6.82222,31.44444,4.71481,18.77778,1.0,14.85926,6.55556,13.18519,155.24444,132.i_4
67417.94444,8105.66667,3666.97778,1379.17778,213255.38889,201.33333,8.44444,7.07407,496.26667,162854.08889,697.93333,490.48889,55.77778,658.66667,1.0,727.33333,207.77778,107.24444,7600.35556,132.a_5,1001.26667,207.88889,208.02222,102.95556,3301.0,8301.46667,1.0,6.58519,18.53333,5950.7,5.71111,45.33333,8.74444,25.0,1.0,19.68889,8.55556,20.22222,163.91111,132.i_5
67209.72222,8633.33333,3362.75556,1541.73333,224869.5,277.44444,6.0,3.97778,515.71111,158142.42222,445.82222,480.71111,58.11111,650.55556,1.0,566.88889,283.11111,126.68889,7225.91111,132.a_6,975.82222,187.55556,221.68889,112.03333,3268.0,7433.91111,1.0,7.5037,17.64444,5835.25556,8.15556,35.55556,7.34074,18.66667,1.0,18.08148,6.55556,12.40741,175.8,132.i_6
62540.83333,11272.55556,3344.64444,1415.4,201821.5,593.77778,8.55556,8.41481,511.82222,156180.42222,633.71111,450.71111,59.77778,704.55556,1.0,682.66667,252.33333,98.24444,7117.35556,132.a_7,984.48889,155.55556,204.13333,94.03333,3283.0,5688.8,1.0,1.0,12.42222,5735.58889,8.82222,35.66667,3.94815,18.66667,1.0,17.91111,8.33333,15.77778,141.02222,132.i_7
63490.38889,7410.44444,3305.31111,1492.62222,204470.72222,304.0,5.77778,5.31852,464.6,152389.97778,490.26667,485.15556,55.0,619.66667,1.0,585.66667,250.44444,101.35556,6792.35556,132.a_8,973.6,220.88889,187.24444,99.14444,3370.88889,7881.91111,1.0,2.07037,12.2,5615.14444,10.26667,34.44444,4.57407,16.66667,1.0,14.41481,7.55556,21.0,152.35556,132.i_8
62066.05556,11936.0,3204.42222,1528.73333,211169.5,361.55556,9.22222,8.53333,483.48889,149765.08889,308.93333,492.04444,70.44444,619.44444,2.66667,635.77778,257.33333,120.8,7086.13333,132.a_9,931.48889,205.77778,155.91111,82.28889,3175.11111,6168.57778,1.0,3.14074,12.08889,5421.25556,7.71111,31.88889,5.46296,19.33333,1.77778,17.19259,13.33333,15.44444,158.02222,132.i_9
137001.83333,11124.44444,6590.72222,1525.34444,219115.07778,1253.33333,7.0,14.14815,2411.25556,312322.87778,33.44444,1489.77778,156.33333,668.22222,1.0,501.17778,802.66667,311.27778,2231.26667,133.a_0,12541.01111,907.66667,747.53333,159.75556,26167.3,19.97778,1.11111,4.85556,223.11111,33758.51111,8.41111,243.44444,20.31852,57.11111,1.0,34.84444,35.88889,19.9,200.24444,133.i_0
134151.5,10379.88889,6191.5,1329.23333,212682.52222,1119.66667,7.66667,14.14815,2365.03333,308517.43333,34.55556,1379.22222,151.22222,623.44444,1.0,423.84444,684.0,212.5,2295.93333,133.a_1,9520.9,699.77778,557.2,115.86667,18024.07778,245.37778,1.0,4.85556,177.33333,25697.95556,5.63333,208.44444,21.73333,40.88889,1.0,25.17778,44.77778,31.56667,147.35556,133.i_1
132157.16667,10923.0,6329.38889,1488.9,215777.63333,729.33333,10.88889,17.78519,2380.14444,304730.54444,34.33333,1484.77778,149.11111,644.66667,1.0,471.4,703.77778,322.05556,2219.93333,133.a_2,7873.56667,579.33333,497.86667,164.97778,14263.07778,288.46667,1.22222,5.96667,167.88889,21185.51111,4.63704,174.22222,22.98519,35.66667,1.0,28.73333,32.77778,35.45556,144.02222,133.i_2
135276.61111,10641.11111,6556.72222,1440.01111,214511.18889,1210.11111,9.55556,20.76296,2437.92222,300888.43333,35.44444,1448.11111,170.66667,669.22222,1.0,435.51111,844.33333,320.38889,2268.26667,133.a_3,6451.9,537.0,447.31111,113.31111,12058.63333,456.91111,1.0,1.0,157.66667,18583.28889,4.42222,163.55556,17.95556,27.0,1.0,27.28889,25.0,40.78889,144.91111,133.i_3
133504.61111,10775.44444,6271.61111,1481.23333,214332.52222,967.77778,10.88889,23.28889,2363.36667,296000.43333,34.33333,1455.77778,155.0,651.88889,1.0,440.73333,800.88889,271.5,2203.04444,133.a_4,6392.56667,548.0,447.86667,141.75556,11933.18889,463.13333,1.0,3.02593,150.66667,17784.62222,4.08148,154.33333,19.28889,24.11111,1.0,36.4,31.88889,34.67778,163.35556,133.i_4
130325.83333,10896.0,6534.72222,1378.01111,205526.85556,1076.55556,11.44444,20.87407,2338.47778,290489.98889,32.66667,1494.66667,167.22222,633.55556,2.66667,414.51111,899.77778,414.83333,2114.37778,133.a_5,5318.23333,466.22222,406.31111,116.08889,10071.96667,321.48889,1.0,5.96667,138.44444,15877.28889,2.97407,149.33333,20.51111,20.55556,1.0,20.54074,23.11111,31.12222,129.91111,133.i_5
124215.72222,9634.11111,5889.5,1344.67778,194526.96667,408.77778,9.11111,12.00741,2136.25556,284205.1,34.88889,1392.44444,163.33333,588.33333,1.0,431.28889,899.77778,303.83333,2099.71111,133.a_6,5053.12222,477.33333,386.31111,79.97778,9407.96667,556.06667,1.0,1.91481,112.33333,15178.62222,3.64074,134.0,17.73333,24.33333,1.0,19.34815,19.11111,31.66296,102.57778,133.i_6
127804.5,9664.88889,6137.5,1507.23333,202748.52222,768.44444,9.33333,23.28889,2124.25556,279998.76667,34.55556,1442.0,157.22222,580.77778,1.77778,434.17778,845.22222,513.72222,2002.6,133.a_7,5048.45556,449.0,359.2,98.08889,9125.3,557.57778,1.0,1.91481,141.88889,14695.4,2.2,143.22222,17.4,23.22222,1.0,20.62222,15.22222,33.45556,113.35556,133.i_7
128891.83333,10257.88889,6467.83333,1455.45556,203305.96667,603.88889,7.55556,13.11852,2180.14444,276444.21111,35.44444,1429.11111,143.0,607.77778,1.0,449.73333,948.33333,312.94444,2097.37778,133.a_8,4934.01111,396.77778,350.2,82.31111,8878.07778,409.93333,1.0,1.91481,133.77778,14317.28889,2.64074,140.33333,16.54074,22.33333,1.0,24.06667,19.33333,29.83704,126.35556,133.i_8
121555.38889,9461.77778,5816.72222,1388.34444,194625.52222,534.11111,6.33333,10.7037,1972.47778,269777.65556,32.88889,1326.66667,154.33333,579.88889,1.0,480.51111,781.0,194.94444,1939.48889,133.a_9,5030.78889,385.66667,338.2,69.32593,9024.85556,662.71111,1.11111,3.02593,151.88889,13981.17778,1.98148,136.33333,16.98519,17.77778,1.0,23.06667,24.0,35.34444,141.57778,133.i_9
37272.16667,9876.54444,3939.62222,2077.26667,139566.16667,114.04444,8.78889,16.56296,4087.42222,342681.91111,59.22222,522.3,70.3,275.88889,1.0,113.22222,341.33333,90.98889,1261.87778,134.a_0,1460.95556,765.22222,204.07778,87.6,4442.28889,1.0,1.11111,3.22222,290.6,17817.11111,1.8963,18.66667,8.22222,8.0,1.0,13.66667,10.61111,2.16296,39.04444,134.i_0
36970.38889,10267.87778,3866.95556,2028.37778,136216.83333,109.93333,11.34444,7.53333,3905.2,334309.91111,61.22222,464.52222,59.63333,258.66667,1.0,126.88889,422.55556,84.43333,1553.54444,134.a_1,1265.51111,1017.77778,203.96667,135.39259,4426.17778,13.0,1.33333,5.44444,324.82222,17165.44444,1.71852,23.33333,8.11111,13.77778,1.0,18.55556,5.88889,3.65926,65.71111,134.i_1
35414.5,9227.76667,3934.84444,2177.82222,130060.5,171.46667,10.78889,7.42222,3411.75556,313283.68889,47.22222,428.96667,53.41111,258.33333,1.0,198.11111,577.88889,101.54444,1139.98889,134.a_2,1312.51111,866.11111,169.96667,162.95556,4037.06667,16.88889,1.11111,1.0,286.04444,16650.33333,1.81481,15.0,8.0,12.77778,1.0,11.33333,9.61111,3.68889,49.15556,134.i_2
33879.72222,9210.32222,3842.17778,2309.48889,127309.27778,152.8,11.12222,13.87407,3221.2,302545.13333,43.0,423.18889,51.52222,241.55556,1.77778,242.0,658.22222,120.1,1294.54444,134.a_3,1313.95556,960.11111,153.3,143.71852,3994.95556,14.88889,1.0,2.11111,303.6,16324.77778,2.21481,29.66667,6.33333,14.0,1.0,10.44444,8.61111,2.57778,56.6,134.i_3
33842.72222,7304.54444,3728.4,2165.15556,124283.27778,140.46667,10.01111,8.45185,3121.42222,295399.57778,41.44444,381.41111,46.3,234.22222,1.77778,180.77778,567.11111,108.1,1096.76667,134.a_4,1236.84444,899.55556,147.74444,103.62222,3970.4,19.0,1.11111,2.11111,284.26667,16177.77778,2.86667,28.33333,5.11111,8.77778,1.0,11.44444,3.44444,5.40741,49.71111,134.i_4
33191.38889,8215.65556,3757.4,2263.26667,123018.83333,290.71111,11.24444,11.81481,2909.97778,292650.46667,37.88889,415.18889,47.96667,236.77778,1.77778,202.22222,556.33333,111.21111,1055.1,134.a_5,1300.95556,881.33333,169.74444,122.5037,3961.28889,6.88889,1.0,1.0,279.71111,15904.44444,2.35556,36.0,5.11111,14.44444,1.77778,6.55556,15.05556,3.68889,53.82222,134.i_5
32221.27778,8631.65556,3576.62222,2193.6,121195.72222,146.68889,11.9,7.53333,3119.86667,289927.68889,40.0,343.63333,62.52222,219.44444,1.0,181.33333,536.55556,110.54444,1030.65556,134.a_6,1187.28889,935.77778,186.3,157.84444,3675.06667,39.66667,1.0,2.11111,343.15556,15699.88889,3.77037,23.44444,5.77778,10.33333,1.0,8.66667,6.88889,4.35556,52.82222,134.i_6
33032.83333,7853.65556,3608.62222,2361.04444,123683.72222,165.24444,11.45556,13.76296,3088.2,287454.57778,41.88889,362.74444,49.63333,266.88889,1.0,169.88889,589.77778,103.76667,1042.98889,134.a_7,1182.4,864.11111,162.63333,132.72593,3721.84444,14.77778,1.0,1.0,286.15556,15526.33333,2.00741,22.33333,9.77778,15.88889,1.77778,13.55556,16.77778,3.24444,57.26667,134.i_7
32555.61111,8249.43333,3579.84444,2069.82222,122425.16667,134.35556,9.67778,9.56296,3068.97778,285841.91111,41.66667,369.63333,51.07778,233.33333,1.0,177.0,570.33333,110.21111,981.76667,134.a_8,1267.95556,772.33333,147.41111,104.5037,3855.73333,54.11111,1.0,4.33333,279.37778,15347.66667,2.32593,27.77778,4.11111,12.66667,1.0,7.88889,5.16667,7.40741,44.82222,134.i_8
31912.27778,8493.54444,3412.73333,2064.37778,117598.83333,165.24444,11.9,14.87407,3218.42222,283339.35556,41.55556,371.74444,63.52222,201.66667,1.0,170.66667,345.44444,99.65556,965.43333,134.a_9,1168.73333,963.11111,175.41111,124.94815,3852.4,35.33333,1.11111,3.22222,305.15556,15189.88889,1.82963,25.33333,9.0,15.66667,1.0,12.77778,15.33333,6.32593,51.71111,134.i_9
21074.93333,12565.22222,8277.82222,2913.78889,79537.01111,834.0,21.11111,28.68148,2823.68889,515604.2,183.66667,101871.55556,360.95556,732.88889,3.44444,1664.71111,846.33333,185013.62222,9030.0,157.a_0,757.05556,308.77778,53.5,78.35185,2062.81111,960.37037,1.0,10.0,39.72222,1517.91111,1.20741,660.57778,12.77778,9.44444,1.0,3.1037,4.77778,1.0,110.73333,157.i_0
21811.82222,12832.88889,8790.82222,2684.01111,75709.9,1641.66667,26.11111,19.65185,2758.68889,469314.75556,173.0,104529.22222,325.62222,714.11111,1.77778,1731.48889,1030.55556,182940.28889,8695.55556,157.a_1,742.16667,290.55556,73.27778,84.37037,2072.7,1206.61111,1.0,4.84444,33.27778,1208.46667,1.1037,584.02222,11.33333,12.11111,1.0,5.2963,5.55556,1.0,60.4,157.i_1
24826.82222,13935.66667,6776.04444,2250.67778,90182.12222,1154.77778,12.22222,47.73333,3059.57778,402356.31111,130.55556,105953.0,405.62222,735.44444,2.55556,1574.93333,795.77778,133825.28889,7145.66667,157.a_2,816.27778,259.33333,83.5,72.38889,2000.25556,752.48148,1.0,1.91111,36.61111,1119.46667,1.1037,511.35556,13.77778,8.55556,1.0,5.74074,5.77778,1.0,132.51111,157.i_2
25372.93333,15142.66667,7500.04444,2031.45556,93504.12222,1438.11111,16.22222,63.79259,3257.46667,379945.64444,126.0,109375.66667,386.73333,801.66667,5.0,1555.6,813.66667,137778.95556,7009.33333,157.a_3,638.05556,301.77778,64.5,63.81481,1633.36667,402.83333,1.0,1.0,32.05556,1035.91111,1.1037,493.13333,11.77778,7.88889,1.0,6.93333,5.66667,1.0,86.84444,157.i_3
24680.48889,16214.66667,8425.6,2034.01111,86128.23333,1637.44444,17.88889,71.82222,3180.46667,348410.42222,147.77778,102006.44444,344.4,782.44444,1.0,1307.93333,947.33333,136582.4,7682.66667,157.a_4,658.61111,234.11111,50.16667,21.27778,1721.47778,1056.81481,1.0,1.91111,37.16667,999.13333,1.20741,452.35556,4.66667,5.22222,1.0,5.6,1.88889,1.0,52.62222,157.i_4
25134.15556,14859.66667,7196.26667,2015.9,88572.67778,1684.88889,15.66667,88.34815,3282.91111,322626.53333,131.22222,93567.11111,344.62222,721.11111,1.0,1133.37778,868.22222,114266.4,6057.11111,157.a_5,773.16667,275.55556,79.94444,57.11111,1887.7,653.61111,1.1037,7.17778,29.38889,930.46667,1.0,368.91111,9.22222,7.66667,1.0,7.48889,3.66667,1.0,207.73333,157.i_5
23244.82222,14008.55556,7492.82222,1837.9,78605.78889,1830.77778,15.44444,72.82222,3100.24444,289024.2,101.55556,76732.44444,316.62222,694.66667,1.77778,1103.48889,1135.44444,96710.62222,5713.0,157.a_6,646.83333,163.55556,56.5,76.48148,1582.92222,205.92593,1.0,3.93333,31.61111,846.91111,1.31111,430.68889,4.55556,5.11111,1.0,5.62963,3.66667,1.0,87.06667,157.i_6
20729.04444,14217.66667,7279.93333,1832.78889,77157.34444,1672.55556,15.44444,46.62222,2975.24444,262450.42222,87.11111,67567.11111,266.28889,659.11111,1.0,1036.93333,897.77778,109227.73333,6061.66667,157.a_7,592.27778,164.44444,49.05556,44.11111,1507.36667,400.72222,1.0,4.84444,38.27778,810.35556,1.0,316.8,11.22222,6.33333,1.0,4.2963,5.66667,1.0,85.28889,157.i_7
19693.48889,14559.77778,7015.71111,1672.78889,72812.9,1117.55556,9.44444,60.12593,2827.46667,242560.53333,85.55556,66335.77778,314.06667,695.66667,2.55556,1113.6,906.88889,97970.17778,5452.88889,157.a_8,792.5,235.22222,55.38889,87.72222,1703.03333,873.7037,1.0,9.6,25.5,742.46667,1.0,231.91111,7.55556,6.22222,1.0,7.18519,5.55556,1.0,251.06667,157.i_8
16871.6,11648.22222,6207.37778,1621.34444,54233.34444,1249.22222,12.88889,22.9037,2248.35556,220210.97778,76.22222,51674.22222,227.17778,576.33333,1.0,1007.93333,697.66667,94932.28889,4844.33333,157.a_9,576.16667,168.44444,57.5,70.7963,1430.58889,834.61111,1.0,5.95556,36.5,742.46667,1.31111,294.02222,6.44444,6.22222,1.77778,3.99259,3.77778,1.0,92.98519,157.i_9
30918.76667,13051.33333,7871.68889,1707.72222,169516.71111,324.55556,2.66667,4.33333,4393.48889,205647.11111,158.55556,6273.94444,2197.88889,214.88889,16.77778,528.0,144.55556,1399.41111,2754.22222,158.a_0,436.64444,108.68889,46.93333,69.36667,1216.03333,33.66667,1.0,1.0,69.54444,561.3,1.42963,26.48889,27.88889,1.77778,1.0,2.77778,1.88889,19.43333,53.88889,158.i_0
30359.1,12771.88889,7461.35556,1777.16667,159017.26667,316.44444,2.22222,9.88889,4335.82222,194232.66667,149.33333,6017.72222,1882.77778,172.22222,12.55556,542.33333,166.22222,1383.74444,2581.22222,158.a_1,472.97778,172.24444,46.71111,125.8,1274.14444,8.77778,1.0,2.82963,79.21111,498.63333,1.86667,29.82222,35.22222,2.11111,1.0,2.44444,2.77778,19.07778,45.55556,158.i_1
25573.32222,11906.77778,6787.57778,1421.16667,137471.71111,90.33333,4.11111,8.77778,3568.6,170962.22222,131.66667,5224.61111,1643.44444,174.11111,15.11111,435.33333,187.0,1230.52222,2279.44444,158.a_2,482.42222,154.13333,48.93333,71.81111,1344.14444,70.66667,1.0,3.02593,73.76667,467.3,1.64444,26.82222,42.66667,1.88889,1.77778,1.77778,1.0,12.18889,52.88889,158.i_2
19518.76667,8802.22222,5654.02222,1158.16667,114386.82222,133.44444,2.11111,12.33333,3126.93333,152986.66667,104.66667,4401.61111,1369.77778,162.88889,15.88889,386.22222,152.33333,883.63333,1879.33333,158.a_3,421.53333,143.13333,41.37778,125.67778,1196.14444,6.88889,1.0,2.82963,74.65556,467.3,1.75556,22.48889,37.11111,2.22222,1.0,2.88889,4.66667,11.4,38.11111,158.i_3
20713.1,9202.88889,5835.91111,1442.05556,114597.15556,189.0,2.55556,14.33333,3044.93333,146673.88889,98.11111,4361.38889,1281.55556,157.88889,10.88889,340.77778,136.66667,704.52222,1652.66667,158.a_4,415.2,168.35556,41.37778,79.46667,1108.14444,19.0,1.0,3.94074,58.76667,420.3,2.28889,27.48889,27.22222,1.77778,1.0,1.33333,1.0,7.05556,31.66667,158.i_4
16708.65556,8048.22222,5302.91111,1292.5,104039.37778,260.88889,2.88889,3.22222,2898.26667,138449.44444,88.0,4231.5,1253.0,128.88889,8.44444,400.0,223.66667,663.3,1719.66667,158.a_5,309.64444,89.82222,25.48889,72.15556,818.7,185.77778,1.0,5.05185,44.43333,372.3,1.64444,16.75556,18.66667,2.66667,1.0,1.33333,1.0,9.58889,22.85185,158.i_5
17510.21111,7696.11111,5592.46667,1269.27778,103465.37778,698.55556,2.44444,11.11111,2776.71111,130173.33333,81.22222,4130.05556,1173.22222,98.55556,10.88889,442.22222,217.77778,565.41111,2555.44444,158.a_6,371.31111,124.04444,37.71111,51.48889,1009.81111,2.88889,1.0,6.27407,59.21111,372.3,1.1037,16.26667,21.88889,1.66667,1.0,2.11111,1.0,11.51111,39.0,158.i_6
16340.54444,7948.44444,5090.02222,1207.27778,96470.04444,285.33333,2.11111,3.22222,2857.15556,127480.33333,85.22222,4147.38889,1237.22222,129.11111,10.88889,386.77778,180.11111,689.18889,1910.88889,158.a_7,300.2,137.02222,37.04444,86.9,981.7,50.0,1.0,2.82963,74.32222,372.3,1.41481,19.08889,31.22222,1.88889,1.0,3.66667,2.77778,2.14444,79.77778,158.i_7
17413.43333,6921.33333,5606.24444,1269.16667,101474.82222,316.22222,2.55556,8.77778,2720.37778,126001.88889,76.11111,4207.16667,1223.33333,102.0,13.33333,469.77778,228.55556,610.63333,2477.33333,158.a_8,392.97778,114.68889,41.48889,100.02222,1030.14444,66.11111,1.0,4.24815,65.21111,361.85556,1.65185,26.15556,21.0,2.88889,1.0,2.77778,2.77778,14.06667,57.77778,158.i_8
17250.54444,7457.33333,5723.91111,1426.5,104912.93333,441.77778,3.22222,8.88889,2737.82222,124676.11111,75.88889,4181.83333,1309.11111,115.33333,14.22222,460.44444,156.22222,645.3,2386.22222,158.a_9,391.75556,121.91111,41.37778,97.46667,1053.7,74.44444,1.0,3.94074,50.21111,325.3,1.31111,27.48889,22.0,1.55556,1.0,2.55556,4.77778,8.17778,29.44444,158.i_9
151261.83333,40773.77778,6978.53333,1575.0,459245.1,544.44444,8.22222,26.35185,8380.2,864493.3,267.71111,755.44444,1237.54444,481.48889,5.88889,207.77778,748.92222,279.04444,3648.35556,159.a_0,5032.2,1129.88889,471.61111,76.92222,14281.17778,1627.11111,1.0,7.42222,221.87778,34019.86667,4.22222,54.77778,43.0,20.66667,1.0,28.46667,27.0,14.15556,269.42222,159.i_0
142692.38889,35771.33333,6754.31111,1438.33333,442957.43333,277.11111,8.11111,21.78889,7108.08889,832261.74444,210.71111,696.55556,1823.76667,481.37778,3.44444,198.66667,683.7,246.82222,3368.91111,159.a_1,4909.97778,1068.33333,454.38889,118.25556,12633.17778,1144.44444,1.0,8.28889,199.87778,28869.31111,4.88889,55.33333,31.11111,21.22222,1.77778,37.3037,27.88889,10.48889,218.64444,159.i_1
136432.72222,37698.88889,6755.64444,1616.44444,453028.43333,133.77778,8.88889,19.65185,7109.2,806854.74444,203.26667,662.55556,1450.54444,471.48889,1.77778,218.77778,719.03333,271.93333,3516.68889,159.a_2,4799.2,1254.22222,432.83333,97.58889,11763.06667,1060.11111,1.11111,1.0,187.21111,25532.64444,3.0,63.66667,40.66667,15.88889,1.0,42.24444,27.0,8.68148,177.64444,159.i_2
140590.05556,42780.88889,6691.97778,1843.55556,466729.43333,187.0,7.55556,21.37778,7228.64444,794103.63333,203.15556,698.33333,1702.21111,480.6,5.11111,184.55556,768.58889,257.6,2955.24444,159.a_3,3857.97778,1052.11111,349.27778,89.81111,10014.51111,1491.33333,1.0,6.22963,127.98889,23486.75556,2.0,37.88889,158.66667,17.77778,3.44444,36.13333,21.11111,38.57037,142.42222,159.i_3
130571.27778,32364.33333,6414.97778,1451.44444,442657.32222,361.44444,8.66667,13.46296,7077.53333,773452.41111,174.93333,625.0,1342.43333,490.6,4.33333,184.77778,827.03333,250.37778,3233.02222,159.a_4,3546.08889,839.88889,344.38889,71.7,10282.06667,916.22222,1.0,8.45185,157.54444,22282.31111,3.55556,48.22222,24.88889,16.44444,1.77778,29.91111,12.33333,14.37778,164.31111,159.i_4
127503.94444,37417.22222,6064.97778,1391.88889,410336.1,328.77778,6.33333,16.20741,7303.31111,742921.18889,180.15556,619.44444,1602.98889,452.26667,2.55556,149.88889,625.25556,236.48889,3084.57778,159.a_5,3348.75556,920.88889,345.5,146.58889,8922.84444,1006.44444,1.0,7.34074,135.65556,20641.86667,3.77778,43.0,138.44444,11.44444,1.77778,28.35556,16.33333,47.0963,110.53333,159.i_5
116115.05556,37510.66667,6260.31111,1593.33333,383398.87778,172.44444,7.33333,24.62593,6082.53333,725622.18889,167.37778,582.0,1892.87778,434.48889,1.0,143.11111,682.58889,224.04444,2747.8,159.a_6,3417.42222,1063.22222,330.05556,104.77037,8807.28889,965.77778,1.11111,6.22963,106.65556,19001.97778,2.66667,37.33333,219.55556,11.55556,3.44444,25.68889,20.11111,55.82222,104.64444,159.i_6
122457.5,32866.66667,6099.2,1415.33333,403834.54444,207.55556,8.11111,18.34444,7532.64444,709476.85556,185.48889,605.77778,1407.54444,467.82222,1.0,148.11111,804.36667,270.04444,2867.46667,159.a_7,2696.64444,420.88889,259.72222,71.81111,7356.4,355.44444,1.0,7.34074,88.65556,17047.31111,3.0,28.55556,27.55556,15.55556,1.0,25.57778,21.11111,12.9037,133.75556,159.i_7
119419.94444,35019.22222,6044.64444,1258.0,378331.54444,246.55556,6.77778,11.54815,6538.08889,692486.3,184.93333,568.66667,1436.65556,422.71111,1.0,158.77778,791.47778,213.6,3281.35556,159.a_8,2407.97778,729.0,223.94444,120.7,6070.28889,680.0,1.11111,3.14074,97.98889,15565.08889,3.11111,25.0,165.33333,10.77778,1.77778,30.13333,20.11111,55.34815,96.53333,159.i_8
123244.94444,35268.0,6084.2,1368.88889,381350.21111,277.33333,7.22222,12.04444,5686.75556,671898.3,223.15556,557.11111,1464.43333,407.04444,2.55556,151.0,697.58889,250.15556,2962.91111,159.a_9,2509.97778,1382.44444,216.94444,159.47778,6082.4,622.44444,1.0,2.02963,107.87778,14892.86667,2.88889,26.22222,46.55556,7.66667,1.0,22.46667,14.44444,28.37778,80.97778,159.i_9
50790.53333,11591.77778,4471.93333,901.38889,281708.52222,468.44444,18.33333,18.86667,3322.74444,168013.05556,23.11111,322.33333,91.34444,1358.55556,1.0,3267.97778,637.33333,2850.2,2112.71111,160.a_0,1415.98889,218.88889,169.18889,84.44444,5707.74444,107.57407,1.11111,1.0,133.71111,3400.57778,1.11111,20.55556,5.88889,28.15556,1.0,63.33333,15.33333,64.0963,85.17778,160.i_0
49414.97778,11451.88889,4379.37778,849.83333,268851.07778,415.0,16.77778,7.04444,3456.41111,158658.16667,19.11111,341.11111,92.56667,1238.44444,1.0,3161.97778,673.0,2909.53333,1913.04444,160.a_1,1686.65556,210.77778,167.52222,65.88889,6094.74444,322.92593,1.11111,3.14074,154.93333,2708.02222,1.0,19.33333,7.44444,24.71111,1.0,73.88889,11.44444,60.78889,63.73333,160.i_1
45749.64444,11658.88889,3629.6,718.38889,263422.07778,285.44444,13.0,4.71111,3213.74444,150629.16667,14.55556,334.77778,79.78889,1096.11111,1.77778,3247.2,565.11111,2614.2,1841.15556,160.a_2,1236.1,174.55556,112.63333,59.61111,4309.74444,56.03704,1.0,1.0,105.15556,2357.24444,1.11111,14.88889,2.0,18.4963,1.0,62.11111,16.33333,49.87407,87.73333,160.i_2
50102.53333,10921.11111,4527.93333,1554.27778,247271.52222,351.22222,15.11111,12.97778,3000.85556,142085.27778,17.88889,379.66667,70.34444,1044.22222,1.77778,2677.97778,721.55556,2960.2,1664.82222,160.a_3,1142.98889,116.22222,85.74444,68.44444,3234.96667,145.62963,1.0,2.02963,77.04444,2094.8,1.0,9.0,4.0,10.28148,1.0,24.11111,6.55556,41.87407,42.28889,160.i_3
41684.31111,11641.33333,3532.71111,875.83333,219508.18889,209.55556,14.0,14.2,2540.96667,136827.27778,11.88889,329.0,79.78889,1006.11111,1.77778,2722.64444,539.44444,2689.53333,1866.93333,160.a_4,1106.54444,122.11111,66.96667,65.88889,4071.18889,138.88889,1.11111,2.02963,72.04444,1911.35556,1.0,12.22222,6.11111,14.71111,1.0,40.77778,4.77778,40.34444,52.73333,160.i_4
38398.08889,9599.22222,3281.93333,566.38889,180478.52222,345.22222,11.66667,4.95556,2279.96667,131664.27778,10.33333,302.88889,78.45556,908.11111,1.77778,2382.86667,490.88889,2809.97778,1590.93333,160.a_5,1291.65556,130.22222,70.07778,78.66667,4447.3,124.01852,1.0,4.17037,91.15556,1696.35556,1.22222,11.66667,4.77778,8.82963,1.0,25.33333,12.22222,29.67778,65.28889,160.i_5
38072.86667,9589.88889,3212.48889,573.94444,189230.52222,197.33333,10.55556,6.68889,2121.3,126471.61111,12.88889,274.11111,94.12222,960.11111,2.66667,2273.53333,509.77778,2472.97778,1388.71111,160.a_6,1327.1,152.22222,84.07778,95.27778,4022.52222,135.2963,1.33333,2.02963,81.26667,1465.46667,1.0,16.0,6.55556,11.48889,1.0,14.0,4.77778,43.98519,47.84444,160.i_6
38918.75556,8936.66667,3117.15556,607.38889,169263.74444,189.11111,9.11111,10.75556,2097.52222,122159.27778,9.55556,307.77778,88.78889,788.88889,4.22222,2347.86667,400.88889,2727.75556,1374.6,160.a_7,1094.87778,152.22222,58.3,43.11111,3864.63333,316.5,1.0,3.14074,74.93333,1345.02222,1.0,17.88889,6.11111,11.82222,1.0,22.0,7.55556,45.67778,71.62222,160.i_7
36364.08889,9875.55556,3233.37778,640.83333,184949.96667,137.55556,7.11111,3.84444,2788.85556,119269.16667,9.88889,311.55556,75.67778,1081.88889,1.77778,2658.08889,429.66667,2865.64444,1477.71111,160.a_8,1032.21111,182.77778,74.85556,52.88889,3744.41111,91.12963,1.0,1.0,99.82222,1256.13333,1.11111,11.77778,4.55556,14.82222,1.0,52.44444,14.44444,41.67778,75.17778,160.i_8
32410.53333,9126.11111,2912.37778,486.27778,156464.74444,117.22222,5.33333,5.82222,2102.74444,116649.5,9.22222,269.0,142.23333,975.11111,1.0,2509.08889,450.33333,2447.86667,1286.04444,160.a_9,1082.54444,149.44444,74.3,44.72222,4139.41111,173.14815,1.0,6.22963,91.26667,1203.02222,1.11111,20.22222,5.55556,14.71111,1.0,25.0,10.55556,42.23333,118.84444,160.i_9
64469.81111,4023.88889,6462.38889,1330.66667,307675.0,357.44444,7.88889,17.31852,826.26667,299239.83333,681.55556,1001.13333,54.44444,263.11111,1.0,618.88889,2146.66667,1366.93333,6345.24444,161.a_0,3625.9,300.77778,400.01111,82.64444,13631.42222,11.0,1.20741,8.77778,77.77778,7884.08889,33.88889,67.0,6.22222,14.66667,1.0,15.24444,12.52222,23.77778,175.73333,161.i_0
62318.58889,4033.11111,6183.5,1230.11111,317148.88889,567.22222,6.66667,20.48889,774.6,286174.83333,744.66667,960.68889,68.66667,275.11111,1.0,622.55556,1632.66667,1355.37778,6674.8,161.a_1,3381.34444,225.0,380.01111,97.97778,12564.97778,27.22222,1.0,5.44444,70.55556,6823.97778,31.11111,54.33333,3.11111,12.77778,1.0,10.25185,6.15556,21.11111,162.62222,161.i_1
60085.36667,3891.11111,6311.38889,1366.66667,311396.88889,201.33333,6.66667,15.17778,756.15556,278331.5,921.0,970.8,65.0,256.77778,1.0,609.44444,1466.33333,1311.48889,6176.24444,161.a_2,2925.9,196.66667,320.67778,67.08889,10897.31111,65.77778,1.0,4.33333,61.77778,6577.75556,27.44444,50.77778,11.0,6.55556,1.0,8.75556,7.15556,18.11111,156.17778,161.i_2
61964.47778,4448.44444,6290.83333,1320.33333,311193.0,488.88889,9.11111,8.64444,811.48889,273224.05556,965.88889,1031.35556,68.0,261.66667,1.0,624.55556,2020.22222,1152.82222,6334.46667,161.a_3,3004.78889,185.66667,333.12222,144.04444,11818.08889,47.55556,1.1037,2.11111,71.0,6430.64444,31.22222,50.33333,11.0,9.66667,1.77778,6.2,5.94444,23.33333,139.84444,161.i_3
65573.14444,4065.44444,6365.38889,1219.77778,322468.22222,281.55556,8.0,19.45926,908.04444,268405.61111,808.66667,847.02222,58.22222,251.11111,1.0,594.33333,1608.0,1357.26667,6770.02222,161.a_4,3225.01111,179.66667,334.9,105.75556,12010.53333,25.0,1.0,3.22222,66.88889,6289.08889,25.11111,59.22222,13.55556,9.11111,1.77778,5.42222,13.52222,35.66667,134.84444,161.i_4
59880.03333,3717.22222,5852.83333,1191.33333,270630.55556,462.22222,8.44444,9.67407,801.48889,262587.38889,703.77778,887.68889,60.11111,220.33333,1.0,613.44444,1724.0,1411.04444,6556.8,161.a_5,2977.9,188.66667,316.01111,154.26667,11753.75556,29.33333,1.0,1.0,64.33333,6053.08889,25.88889,58.0,7.0,8.77778,1.0,8.75556,11.73333,23.66667,137.51111,161.i_5
62229.47778,4122.11111,6331.83333,1219.88889,284347.88889,396.55556,8.44444,6.22963,834.04444,254692.61111,650.33333,924.91111,74.22222,250.88889,1.77778,617.22222,1812.11111,1306.71111,6228.02222,161.a_6,3116.9,192.66667,346.56667,89.93333,11809.2,156.33333,1.0,3.22222,69.55556,5884.97778,25.22222,58.66667,7.22222,5.22222,1.0,3.42963,10.73333,27.44444,140.73333,161.i_6
59925.03333,4657.77778,6312.72222,1139.66667,288420.33333,702.66667,7.66667,5.39259,828.6,246598.5,829.77778,951.24444,61.44444,250.77778,1.0,610.11111,1821.0,1212.37778,6134.57778,161.a_7,3080.01111,150.33333,312.45556,113.91111,11169.75556,80.33333,1.0,5.44444,66.11111,5748.64444,25.11111,66.44444,14.66667,7.66667,1.0,8.86667,3.57778,32.66667,126.17778,161.i_7
63605.03333,4084.77778,6158.27778,1423.55556,311198.44444,334.77778,6.88889,8.45185,804.93333,242848.83333,634.44444,920.68889,62.77778,270.44444,1.0,628.55556,1732.66667,1368.82222,6231.02222,161.a_8,2802.78889,195.77778,292.67778,90.68889,10273.75556,47.33333,1.0,3.22222,58.44444,5475.97778,21.88889,47.11111,9.0,9.0,1.0,5.87407,6.15556,23.0,112.51111,161.i_8
57888.36667,4254.77778,6293.94444,1224.88889,281701.88889,497.22222,6.88889,11.62222,800.26667,236449.72222,608.77778,808.68889,50.11111,257.88889,1.77778,613.55556,2425.44444,1427.26667,5991.57778,161.a_9,2757.78889,166.33333,315.23333,67.57778,10058.86667,71.88889,1.0,5.44444,60.33333,5187.53333,21.0,62.22222,10.44444,7.33333,1.0,5.31111,8.94444,24.88889,136.73333,161.i_9
45843.27778,9349.76667,18254.24444,5182.54444,462246.5,675.66667,10.0,16.88889,2817.17778,506129.91111,22.0,1198.11111,155.66667,646.66667,1.77778,184.33333,385.0,4400.44444,4541.46667,162.a_0,1751.27778,496.95556,874.57778,144.2,12659.01111,854.55556,1.0,6.55556,135.72222,18626.44444,1.22222,59.81111,13.77778,24.44444,1.0,9.0,29.77778,119.18889,171.06667,162.i_0
44536.5,9428.87778,18855.13333,5099.54444,454661.27778,720.88889,8.55556,11.0,2994.06667,469081.02222,21.44444,1233.55556,127.22222,529.55556,1.0,184.88889,435.44444,4700.66667,4291.46667,162.a_1,2155.05556,522.17778,865.35556,286.42222,14623.34444,607.77778,1.11111,8.77778,134.16667,17086.77778,1.33333,73.14444,11.11111,18.33333,1.0,27.33333,18.0,224.18889,140.4,162.i_1
40577.38889,8317.43333,16696.24444,4931.65556,419099.38889,515.66667,9.11111,13.33333,2512.84444,425220.8,20.22222,1029.33333,81.33333,634.0,1.77778,152.55556,426.55556,4570.33333,3919.24444,162.a_2,2055.61111,541.4,834.57778,175.31111,13395.01111,515.66667,1.11111,7.66667,140.05556,16225.22222,1.55556,57.25556,14.22222,21.88889,1.0,14.66667,14.22222,237.63333,145.73333,162.i_2
35769.83333,7650.32222,14267.68889,4988.76667,372746.5,507.44444,10.33333,14.33333,1991.95556,386111.35556,22.44444,852.33333,92.44444,547.44444,1.0,149.66667,493.77778,5206.0,3450.57778,162.a_3,1979.72222,521.17778,791.35556,175.42222,12531.45556,579.44444,1.11111,3.22222,107.16667,15442.44444,1.11111,44.47778,12.0,19.22222,1.0,8.44444,7.44444,176.07778,125.51111,162.i_3
35290.5,7909.21111,15767.68889,4185.87778,335933.38889,376.0,13.11111,23.77778,2255.17778,370727.91111,18.11111,905.55556,118.66667,529.33333,1.0,170.44444,513.66667,5325.33333,3997.24444,162.a_4,1740.83333,496.95556,766.13333,170.2,11479.9,692.44444,1.33333,11.11111,124.5,14906.55556,1.22222,39.58889,13.22222,22.55556,1.0,9.77778,8.55556,170.07778,156.28889,162.i_4
33642.83333,7158.98889,14189.91111,5668.21111,351436.5,540.33333,10.88889,15.55556,1933.4,356181.91111,20.88889,840.44444,94.22222,433.22222,1.0,183.11111,538.33333,5541.11111,3777.13333,162.a_5,2048.72222,420.17778,776.02222,208.86667,13112.23333,935.11111,1.0,3.22222,113.38889,14423.33333,1.22222,47.14444,11.0,16.0,1.0,14.55556,9.33333,235.74444,122.51111,162.i_5
31262.05556,6594.87778,13961.57778,4988.87778,333150.38889,542.44444,8.33333,19.0,1979.06667,338409.24444,18.88889,839.55556,91.66667,460.88889,2.55556,155.0,477.11111,4985.77778,3749.24444,162.a_6,1877.38889,441.51111,721.35556,195.86667,12496.01111,466.44444,1.0,7.77778,100.38889,14039.88889,1.33333,55.81111,11.88889,17.11111,1.0,22.88889,6.44444,213.3,133.95556,162.i_6
31189.83333,6921.65556,13313.68889,5156.21111,326962.27778,388.33333,8.77778,16.66667,1892.17778,320322.24444,16.44444,769.77778,90.33333,543.33333,1.0,191.44444,431.33333,4926.55556,3750.24444,162.a_7,1551.94444,360.73333,656.8,193.42222,11095.23333,587.44444,1.0,1.0,89.5,13567.33333,1.0,38.92222,11.11111,18.33333,1.0,3.22222,8.66667,117.96667,120.4,162.i_7
30696.27778,7024.98889,12622.57778,5329.32222,310267.05556,355.44444,8.22222,16.77778,1717.51111,300005.46667,16.88889,713.77778,92.33333,369.55556,1.0,176.55556,387.0,5496.22222,3268.02222,162.a_8,1688.61111,376.95556,659.91111,172.86667,11227.56667,634.88889,1.0,4.33333,89.27778,13136.88889,1.55556,35.92222,9.22222,15.77778,1.0,5.22222,4.66667,156.41111,110.51111,162.i_8
27725.72222,6492.65556,12103.24444,3924.98889,266069.38889,254.77778,8.66667,19.0,1657.4,288264.46667,16.0,689.22222,71.0,368.33333,1.0,144.0,489.0,5321.66667,3030.35556,162.a_9,1512.94444,400.17778,645.13333,162.53333,10760.23333,752.22222,1.0,1.0,99.61111,12769.0,1.0,36.36667,9.66667,17.33333,1.0,4.66667,14.44444,129.07778,130.62222,162.i_9
206434.36667,11332.33333,6934.52222,5652.18889,426777.46667,448.0,26.11111,19.65185,3469.26667,1511415.94444,242.37778,829.11111,539.33333,515.66667,1.0,5720.04444,774.0,2311.15556,6337.84444,188.a_0,4645.55556,141.62222,201.64444,98.5,5691.12222,211.33333,1.0,5.44444,30.74444,14855.04444,1.11111,13.02222,4.0,20.6,1.0,23.22222,7.55556,7.71111,84.88889,188.i_0
189584.58889,10614.22222,6253.63333,3919.74444,387854.02222,388.44444,23.55556,12.73333,3302.71111,1410744.05556,235.71111,787.11111,451.44444,518.44444,1.0,5222.26667,650.22222,2334.71111,6104.95556,188.a_1,4182.33333,187.06667,138.86667,165.5,5001.78889,103.82222,1.0,3.22222,39.74444,13342.37778,1.22222,12.91111,5.22222,14.37778,1.0,28.55556,7.44444,11.72593,68.44444,188.i_1
178048.81111,9226.11111,6637.52222,4128.85556,385657.24444,353.44444,26.11111,10.59259,3321.26667,1319763.61111,218.93333,767.11111,442.22222,471.44444,1.0,5551.48889,591.0,1169.26667,6831.28889,188.a_2,3908.55556,161.62222,161.64444,98.5,4715.67778,77.04444,1.11111,3.22222,36.07778,12581.04444,1.55556,14.6,7.66667,13.15556,1.0,34.44444,1.88889,8.38519,70.55556,188.i_2
168838.25556,8623.33333,5732.07778,4110.85556,352074.13333,295.77778,21.66667,13.11852,3085.93333,1238377.27778,195.37778,728.33333,446.66667,402.88889,1.77778,5014.93333,492.66667,1130.93333,6247.51111,188.a_3,3762.66667,198.4,154.75556,121.72222,4504.23333,116.4,1.11111,2.11111,41.52222,12202.82222,1.44444,13.35556,9.66667,15.26667,1.0,23.77778,1.88889,7.27407,87.66667,188.i_3
171721.81111,8931.33333,6028.85556,4007.52222,354943.57778,400.66667,23.44444,26.73333,2982.26667,1185408.16667,227.82222,800.44444,415.66667,476.77778,1.0,5439.71111,759.33333,827.6,7365.62222,188.a_4,3658.44444,179.17778,160.53333,144.94444,4562.45556,229.04444,1.0,2.11111,38.96667,11856.48889,1.33333,14.68889,10.22222,15.26667,1.0,25.44444,6.55556,5.7037,62.44444,188.i_4
160219.92222,10300.22222,6690.85556,3674.3,343024.24444,382.0,38.22222,12.73333,3136.15556,1050160.83333,193.71111,784.77778,499.77778,424.66667,1.77778,5242.48889,798.88889,1231.93333,7890.95556,188.a_5,3691.77778,156.84444,143.86667,143.77778,4630.67778,227.04444,1.22222,6.55556,49.96667,11578.26667,1.33333,13.35556,14.44444,14.04444,1.0,40.0,4.66667,6.04444,77.0,188.i_5
150375.14444,7489.88889,5165.07778,3158.41111,323567.91111,289.77778,17.33333,20.84444,2879.26667,913718.38889,194.6,676.66667,384.55556,332.0,1.0,4565.37778,377.11111,850.15556,6371.06667,188.a_6,3519.66667,203.28889,145.97778,155.05556,4445.12222,155.26667,1.11111,3.22222,46.74444,11384.04444,1.11111,14.68889,11.55556,17.04444,1.0,37.66667,2.88889,6.94074,77.66667,188.i_6
145366.58889,8191.88889,6038.63333,4196.07778,326749.68889,318.55556,37.33333,16.28889,2874.82222,855272.05556,171.93333,668.33333,452.55556,396.33333,1.77778,4501.82222,607.77778,1434.71111,6289.51111,188.a_7,3440.22222,164.73333,154.86667,129.27778,4505.67778,130.48889,1.0,1.0,39.07778,11195.26667,1.0,13.35556,7.66667,15.93333,1.0,29.11111,3.77778,5.81481,73.55556,188.i_7
144006.47778,9136.66667,6123.74444,2840.96667,303328.46667,336.88889,31.0,11.81481,2921.26667,817772.38889,162.93333,666.88889,463.44444,422.77778,1.77778,4554.04444,520.77778,957.26667,6101.95556,188.a_8,3222.44444,194.06667,152.97778,163.16667,4337.67778,165.24444,1.0,1.0,42.18889,10995.37778,1.44444,19.13333,11.66667,13.04444,1.77778,35.0,2.88889,6.47407,71.11111,188.i_8
151597.58889,9072.55556,6349.3,3202.3,320609.68889,384.11111,32.77778,16.12593,2781.37778,795450.38889,161.93333,719.77778,448.22222,450.77778,1.0,4766.04444,559.11111,1028.93333,7283.84444,188.a_9,3428.66667,201.28889,138.86667,178.61111,4343.34444,354.24444,1.0,6.55556,42.63333,10859.04444,1.11111,14.13333,12.77778,15.93333,1.0,38.66667,4.66667,2.91111,72.22222,188.i_9
132644.71111,35934.55556,4197.96667,1257.15556,242196.96667,236.33333,19.44444,25.6963,3084.67778,150273.22222,54.33333,2066.88889,646.11111,1224.0,3.44444,5431.57778,575.0,290.91111,8397.28889,189.a_0,2031.38889,267.15556,59.23333,37.31481,2854.16667,719.0,1.0,7.66667,55.27778,1425.0,1.60741,31.22222,19.00741,6.42963,1.0,26.84444,8.77778,6.93333,88.71111,189.i_0
136924.48889,33400.55556,4146.41111,1318.93333,254097.85556,359.55556,15.88889,23.85926,2842.9,144253.44444,50.77778,2021.77778,668.44444,1078.33333,1.77778,5439.02222,539.55556,294.57778,8380.06667,189.a_1,1814.94444,273.15556,58.56667,39.55556,2410.16667,712.77778,1.0,4.33333,58.16667,1231.0,1.3037,29.0,12.56296,8.84444,1.0,23.51111,6.02222,6.86667,63.26667,189.i_1
122795.04444,34001.88889,3955.74444,1218.37778,247217.41111,318.33333,14.77778,7.96296,3006.9,140646.44444,53.55556,2050.88889,561.77778,1199.88889,7.33333,5120.46667,613.66667,286.68889,8502.95556,189.a_2,1600.16667,232.71111,62.23333,31.24074,2205.05556,357.44444,1.11111,7.66667,71.27778,1141.88889,1.41481,34.33333,12.42222,4.76296,2.43704,18.20741,10.02222,10.73333,42.26667,189.i_2
125989.37778,32094.77778,3482.63333,1365.6,229232.52222,203.22222,14.55556,16.63704,2599.67778,136525.55556,54.55556,2008.55556,590.88889,1082.77778,7.55556,4895.24444,478.0,277.46667,7667.51111,189.a_3,2068.05556,262.82222,47.56667,56.7037,2894.5,191.44444,1.0,3.22222,62.83333,1100.11111,1.19259,29.44444,15.63333,5.95556,1.0,36.06667,4.26667,2.66667,70.6,189.i_3
121534.15556,32200.0,3852.07778,1159.15556,223478.41111,162.33333,15.66667,9.34815,2847.45556,132848.44444,56.0,1806.55556,600.11111,1171.88889,1.0,4937.57778,600.66667,284.57778,7611.84444,189.a_4,1770.83333,287.15556,61.12222,57.01852,2336.61111,187.33333,1.11111,4.33333,55.05556,979.88889,1.0,29.44444,12.67407,6.31852,1.71852,21.54074,1.75556,7.26667,53.6,189.i_4
124026.48889,32057.33333,3642.3,1171.93333,230451.85556,174.66667,10.66667,11.13333,2508.78889,129552.22222,46.11111,1901.22222,611.0,996.88889,5.11111,4612.91111,514.66667,297.02222,7916.73333,189.a_5,1883.61111,305.37778,77.23333,24.96296,2526.27778,343.22222,1.0,14.55556,62.83333,916.33333,1.0963,37.0,10.27037,6.28889,1.0,27.73333,3.51111,3.0,56.93333,189.i_5
133856.15556,32238.77778,3670.18889,1151.26667,239298.18889,170.44444,15.88889,8.12593,2725.56667,127990.77778,55.77778,1977.66667,634.88889,976.0,2.55556,5028.02222,586.0,280.8,7914.62222,189.a_6,1646.5,226.71111,48.23333,56.7037,2184.83333,187.44444,1.0,2.11111,58.5,843.22222,1.19259,32.66667,9.85556,5.45926,1.71852,22.51111,1.75556,7.4,48.6,189.i_6
117536.26667,29281.44444,3753.3,1177.15556,218278.3,152.22222,15.55556,15.8,2687.56667,126066.77778,56.88889,1976.22222,583.88889,1147.22222,1.0,4737.02222,496.88889,281.91111,8184.4,189.a_7,1308.38889,229.82222,64.67778,44.66667,1765.94444,107.11111,1.0,6.55556,40.72222,822.33333,1.0963,28.33333,10.11852,2.37778,1.0,24.73333,2.51111,4.08889,44.93333,189.i_7
118678.37778,32439.88889,3887.41111,1205.48889,228141.3,168.44444,14.66667,7.17778,2750.78889,123673.0,48.77778,1919.88889,601.66667,1119.33333,2.55556,4767.68889,522.55556,270.68889,7662.28889,189.a_8,1452.16667,298.26667,61.67778,77.7963,2050.61111,82.66667,1.0,11.11111,57.94444,796.22222,1.0963,26.22222,7.64444,7.4,1.0,23.62222,2.51111,2.46667,43.04444,189.i_8
117029.93333,31497.22222,3971.3,1164.15556,211703.41111,160.22222,16.44444,10.45926,2713.56667,121826.22222,54.33333,1883.44444,636.77778,1113.33333,4.22222,4683.57778,504.66667,281.57778,7196.73333,189.a_9,1824.27778,271.93333,77.67778,57.24074,2383.72222,367.77778,1.11111,4.33333,51.72222,749.22222,1.19259,35.88889,12.00741,6.73333,1.0,23.73333,5.26667,4.71111,60.48889,189.i_9
32887.57778,1884.88889,7373.13333,6148.23333,302860.78889,24.77778,5.44444,7.45185,546.27778,239667.87778,346.77778,42897.0,238.66667,206.88889,1.0,164.66667,142.55556,4880.47778,1597.15556,190.a_0,1791.91111,1785.33333,466.93333,1109.91111,43642.42222,15.0,1.11111,8.88889,213.68889,12931.66667,65.64444,2620.44444,122.33333,9.37778,1.0,10.17778,8.66667,48.23333,89.62222,190.i_0
31515.68889,1388.33333,7131.57778,6101.9,311486.9,14.88889,4.88889,8.12593,494.38889,235519.76667,456.77778,40381.44444,170.11111,202.44444,1.77778,140.88889,155.33333,4838.47778,1801.6,190.a_1,1747.68889,1692.44444,480.04444,1120.35556,43871.31111,9.0,1.0,5.44444,213.46667,12506.22222,67.64444,2643.22222,129.11111,9.04444,1.0,9.71111,10.44444,81.78889,90.51111,190.i_1
30903.13333,1506.66667,7123.02222,6706.45556,295588.12222,57.33333,3.88889,7.28889,509.94444,230250.65556,436.11111,43000.66667,183.11111,207.88889,1.0,213.44444,271.11111,4770.47778,1806.93333,190.a_2,1758.57778,1746.11111,469.26667,1272.35556,44278.97778,21.33333,1.0,2.11111,211.91111,12233.33333,69.64444,2450.77778,122.44444,9.15556,1.0,17.65185,1.88889,94.34444,87.4,190.i_2
32477.91111,1570.44444,7113.57778,6086.34444,290501.23333,43.55556,2.55556,7.01481,516.5,225691.76667,360.88889,41542.66667,183.0,232.55556,1.0,242.55556,165.0,4829.47778,1738.93333,190.a_3,1759.24444,1707.55556,458.82222,1210.46667,42330.86667,27.0,1.0,2.11111,199.68889,12054.77778,65.08889,2468.88889,121.66667,8.26667,1.0,10.12593,5.77778,88.01111,78.73333,190.i_3
29354.02222,1294.33333,6965.8,5931.67778,294288.9,55.33333,2.77778,4.79259,484.61111,222464.98889,405.55556,39694.22222,201.11111,210.66667,1.0,150.33333,158.33333,4713.92222,1650.6,190.a_4,1649.13333,1501.66667,452.82222,1027.35556,40460.86667,29.44444,1.0,5.44444,184.91111,11892.11111,65.86667,2319.44444,100.44444,7.6,1.0,5.04444,6.55556,80.78889,79.28889,190.i_4
32477.8,1531.77778,7095.46667,6544.45556,289273.12222,49.44444,3.44444,1.94815,501.94444,218385.43333,296.77778,42647.44444,196.33333,288.0,1.77778,157.33333,195.88889,4684.92222,1838.04444,190.a_5,1683.35556,1545.11111,465.04444,1058.24444,41760.2,9.0,1.0,3.22222,201.8,11661.0,63.86667,2354.44444,103.22222,9.04444,1.0,7.0963,5.66667,57.8,83.51111,190.i_5
29018.68889,1684.44444,6667.68889,6779.01111,329520.78889,41.0,2.22222,7.01481,501.94444,215399.98889,330.44444,40614.33333,201.66667,241.22222,1.0,182.44444,161.33333,4703.25556,1758.15556,190.a_6,1633.13333,1521.77778,425.37778,1040.02222,40706.2,41.44444,1.11111,1.0,184.35556,11530.0,65.08889,2215.66667,101.77778,7.71111,1.0,15.01481,5.55556,92.67778,61.84444,190.i_6
29239.35556,1159.11111,6537.13333,5040.78889,289883.12222,37.11111,3.22222,11.2963,475.83333,213495.76667,326.11111,39285.77778,190.33333,202.11111,1.0,102.33333,135.66667,4478.92222,1579.71111,190.a_7,1725.46667,1637.88889,434.93333,1140.8,42601.42222,9.11111,1.0,5.44444,192.35556,11430.22222,72.86667,2471.77778,110.0,7.71111,3.32593,3.54815,1.0,57.78889,86.28889,190.i_7
30746.57778,1524.0,6840.35556,5794.45556,332420.9,51.22222,4.0,7.01481,488.72222,211685.87778,317.55556,41630.66667,173.44444,239.0,1.0,109.55556,151.44444,4705.36667,1641.82222,190.a_8,1689.24444,1622.88889,470.15556,944.8,41199.2,12.77778,1.33333,3.22222,188.68889,11272.66667,58.97778,2458.88889,107.11111,8.71111,1.71852,3.99259,4.77778,74.34444,79.73333,190.i_8
30406.02222,1238.0,6754.46667,6230.78889,319400.78889,37.33333,3.55556,5.11852,472.83333,209714.98889,385.44444,41559.88889,183.0,275.33333,1.77778,205.33333,200.88889,4530.25556,1759.82222,190.a_9,1643.13333,1516.66667,402.71111,950.13333,39859.31111,26.88889,1.0,2.11111,182.68889,11120.55556,56.97778,2396.11111,103.55556,7.93333,1.0,3.85185,3.66667,56.01111,71.51111,190.i_9
71502.14444,5501.88889,10409.36667,1955.36667,271454.35556,152.11111,6.77778,3.22222,874.34444,320266.42222,348.0,2334.22222,105.77778,401.11111,1.0,472.28889,2249.11111,1408.86667,17260.55556,191.a_0,6687.17778,477.44444,957.34444,257.01111,21289.92222,170.77778,1.42222,5.44444,64.82222,20446.26667,26.37778,200.04444,8.3037,17.22222,1.0,18.52593,3.66667,109.71111,595.22222,191.i_0
69194.25556,5163.22222,9706.92222,1790.25556,272561.13333,156.11111,5.33333,4.33333,828.34444,307794.42222,339.33333,2224.55556,116.0,412.44444,1.0,491.06667,1935.88889,1309.97778,17353.11111,191.a_1,6678.17778,444.11111,976.45556,249.34444,20577.47778,131.77778,1.0,5.44444,62.37778,19652.71111,27.93333,189.15556,12.41481,18.33333,1.0,11.74815,5.55556,91.48889,592.77778,191.i_1
69023.92222,5503.0,10209.58889,2128.25556,282774.57778,149.88889,8.44444,7.66667,910.9,300035.75556,347.0,2403.77778,112.22222,410.66667,1.0,463.95556,2083.55556,1407.53333,16697.33333,191.a_2,6330.06667,526.11111,1007.12222,205.34444,21060.14444,33.0,1.53333,7.66667,55.82222,19026.93333,24.48889,196.48889,11.08148,19.22222,1.0,18.02222,8.44444,80.93333,551.33333,191.i_2
67214.14444,5121.66667,9316.47778,1890.92222,256863.02222,162.11111,7.33333,8.77778,858.12222,290510.08889,333.55556,2057.77778,99.77778,376.11111,1.0,443.4,1786.55556,1334.2,16828.33333,191.a_3,5788.62222,477.55556,904.12222,179.9,18056.58889,27.0,1.0,6.55556,53.04444,18270.04444,24.26667,185.26667,8.31111,17.22222,1.0,22.85926,3.77778,92.93333,540.11111,191.i_3
63879.36667,5148.0,9157.47778,2280.47778,248480.13333,162.33333,8.66667,12.11111,811.34444,283125.2,320.44444,1910.77778,114.22222,383.0,1.0,460.73333,2120.44444,1329.2,16400.88889,191.a_4,5795.17778,483.55556,888.34444,187.45556,18420.92222,228.22222,1.0,3.22222,56.6,17550.04444,20.93333,191.48889,9.6963,14.22222,1.0,20.97037,5.66667,77.93333,538.11111,191.i_4
59427.47778,4777.22222,8062.47778,1779.92222,231713.68889,92.55556,4.77778,14.33333,730.67778,277240.31111,319.22222,1726.44444,96.22222,369.55556,1.0,431.51111,1800.33333,1225.75556,16647.44444,191.a_5,5737.4,433.88889,826.45556,144.87407,17658.47778,115.22222,1.0,2.11111,50.48889,17040.37778,23.93333,158.6,6.75556,13.22222,1.0,14.74815,3.66667,76.48889,531.66667,191.i_5
64218.25556,5120.55556,9185.58889,2058.36667,239839.02222,135.66667,6.0,8.88889,792.01111,270777.86667,323.11111,2007.77778,83.77778,382.0,3.44444,534.06667,2755.88889,1538.53333,15564.88889,191.a_6,5371.51111,374.66667,776.78889,177.12222,16266.25556,37.22222,1.0,2.11111,48.04444,16573.04444,19.15556,152.93333,5.25185,11.55556,1.0,16.63704,7.55556,51.93333,522.11111,191.i_6
62397.58889,5043.77778,8971.81111,1717.81111,238834.35556,113.0,7.88889,2.11111,760.01111,264935.97778,336.11111,2081.33333,91.33333,395.0,1.0,518.28889,2008.11111,1523.08889,17650.22222,191.a_7,5360.95556,421.88889,802.45556,179.9,16181.47778,43.66667,1.0,2.11111,47.82222,16226.15556,22.48889,173.15556,5.87407,13.88889,1.0,11.02963,1.88889,64.71111,512.88889,191.i_7
60176.25556,4757.11111,8115.36667,1741.14444,238645.68889,73.77778,7.22222,5.44444,729.01111,260805.42222,285.88889,1833.66667,85.33333,356.77778,1.77778,453.95556,1479.22222,1192.2,15327.66667,191.a_8,5430.95556,412.77778,841.56667,184.9,16277.25556,10.77778,1.0,5.44444,50.04444,15869.04444,23.48889,173.04444,5.86667,18.33333,1.0,17.19259,8.55556,76.15556,529.22222,191.i_8
59334.03333,4713.55556,8369.14444,1797.92222,237638.91111,84.33333,8.33333,3.22222,705.9,256642.31111,289.33333,1840.33333,74.55556,365.77778,1.0,467.17778,1917.44444,1318.75556,15217.33333,191.a_9,5240.73333,364.44444,750.9,133.23333,16098.36667,45.55556,1.1037,3.22222,48.26667,15606.26667,21.82222,149.71111,8.47407,14.11111,1.0,11.24444,2.77778,50.82222,510.77778,191.i_9
13320.04444,9228.11111,1386.64444,3519.81111,40974.84444,166.44444,3.44444,7.8,1941.43333,266001.26667,40.93333,246.0,426.15556,317.33333,1.0,105.33333,413.66667,1305.77778,8041.24444,192.a_0,2184.14444,1609.66667,265.67778,560.86667,5956.52222,988.22222,1.0,2.8963,285.94444,28374.08889,3.11111,65.44444,76.95556,14.11111,1.0,3.11111,9.93333,36.52222,280.08889,192.i_0
14302.26667,10824.66667,1509.2,4152.14444,42586.4,378.11111,5.44444,14.6,2098.76667,250457.82222,37.93333,265.66667,512.26667,368.33333,1.0,139.77778,450.44444,1364.88889,10527.8,192.a_1,2072.81111,1511.55556,280.9,483.31111,5775.85556,1098.88889,1.0,3.05926,259.83333,27342.86667,3.0,49.66667,62.84444,17.11111,1.0,4.66667,5.28889,31.63333,244.97778,192.i_1
13032.93333,10093.33333,1456.86667,3524.92222,40962.73333,226.0,4.77778,3.6,2211.98889,239885.26667,40.48889,219.77778,534.93333,326.22222,1.0,120.66667,376.0,1440.33333,10562.8,192.a_2,2103.36667,1231.77778,248.56667,534.97778,5531.3,788.88889,1.0,1.94815,256.5,26295.64444,2.66667,109.88889,52.17778,16.77778,1.0,7.88889,13.57778,33.74444,357.75556,192.i_2
14138.93333,9584.77778,1381.42222,3349.58889,40631.73333,232.22222,6.11111,4.46667,2094.21111,233824.26667,36.48889,260.0,445.93333,323.33333,1.0,113.88889,352.33333,1350.33333,9179.57778,192.a_3,2027.36667,1347.11111,253.23333,483.31111,5503.96667,521.77778,1.11111,1.0,256.5,25448.53333,3.11111,56.44444,59.95556,16.22222,2.55556,5.66667,5.46667,34.3,337.53333,192.i_3
13462.26667,7794.22222,1628.75556,2841.14444,39322.62222,223.88889,5.88889,14.44444,1735.1,217603.37778,32.82222,251.66667,488.37778,269.44444,1.0,67.55556,257.22222,1174.88889,5869.8,192.a_4,1921.47778,1273.22222,240.9,434.42222,5170.63333,838.22222,1.22222,3.05926,250.16667,24769.64444,2.88889,50.44444,54.95556,14.55556,1.0,4.66667,16.64444,50.18889,324.64444,192.i_4
13658.15556,7948.88889,1275.31111,3222.92222,39945.95556,211.66667,5.55556,10.75556,1782.54444,212677.15556,33.37778,216.22222,488.26667,252.22222,1.0,62.44444,305.88889,1154.88889,5774.57778,192.a_5,1772.81111,1355.22222,241.9,470.31111,5072.74444,577.33333,1.11111,1.94815,244.94444,23481.2,3.0,30.55556,42.73333,11.55556,1.77778,4.0,16.75556,42.07778,297.53333,192.i_5
13733.71111,7180.22222,1392.08889,3223.25556,35929.28889,269.0,5.77778,4.95556,1500.32222,209455.37778,32.71111,239.0,475.26667,214.22222,1.0,55.55556,288.0,970.88889,4653.24444,192.a_6,1823.58889,1373.11111,235.34444,439.53333,5014.96667,963.55556,1.0,4.00741,254.72222,22140.42222,2.77778,48.22222,55.51111,14.11111,1.0,6.66667,20.57778,43.07778,339.86667,192.i_6
12267.26667,8800.44444,1434.42222,3057.92222,40373.17778,160.11111,6.0,5.06667,1802.98889,203602.93333,31.82222,272.88889,563.15556,299.22222,1.0,115.0,316.77778,1340.55556,10349.91111,192.a_7,1618.47778,1185.33333,211.12222,398.31111,4674.63333,717.0,1.11111,6.61481,221.61111,21167.53333,2.77778,39.11111,46.84444,11.11111,1.0,5.88889,11.17778,30.56296,286.64444,192.i_7
11819.82222,8520.55556,1296.75556,3258.92222,36770.73333,184.88889,6.22222,3.84444,1768.54444,195417.37778,31.04444,277.11111,382.04444,300.0,1.0,117.0,442.33333,1307.0,9330.68889,192.a_8,1731.58889,1587.55556,222.12222,388.08889,4782.07778,821.88889,1.11111,12.39259,255.72222,20452.75556,3.11111,28.66667,42.4,15.33333,1.0,5.66667,14.93333,52.85556,308.42222,192.i_8
11704.82222,7157.0,1370.53333,3163.58889,37133.62222,215.77778,5.33333,2.97778,1584.1,189421.26667,26.48889,277.0,398.71111,230.77778,3.33333,80.77778,332.66667,1039.66667,5718.46667,192.a_9,1606.25556,1197.33333,223.67778,377.64444,4476.52222,476.66667,1.11111,3.05926,247.94444,19784.97778,2.0,65.22222,53.62222,15.22222,1.77778,4.88889,8.11111,34.85556,500.31111,192.i_9
17942.31111,9911.0,2219.22222,8666.13333,53942.74444,252.66667,8.0,9.68519,2275.62222,304486.9,45.88889,3333.55556,836.55556,547.88889,1.0,101.95556,934.33333,4877.11111,6786.75556,193.a_0,3905.07778,1816.08889,473.22222,937.5,9492.65556,133.66667,1.38519,2.02963,373.77778,55931.74444,3.33333,226.11111,51.77778,40.0,1.0,4.59259,15.11111,16.84444,191.35556,193.i_0
17398.97778,10256.44444,2384.66667,9088.02222,57358.85556,230.11111,7.77778,15.11852,2630.4,297673.23333,53.88889,3368.66667,840.0,615.0,2.55556,119.95556,1028.55556,5004.44444,8508.2,193.a_1,3907.63333,1855.42222,471.22222,873.05556,9434.98889,226.33333,1.3037,1.0,390.0,54758.41111,2.88889,210.33333,65.0,38.0,1.0,3.87407,28.11111,22.84444,221.68889,193.i_1
16128.2,10721.77778,2263.22222,6073.13333,54685.74444,197.22222,9.66667,8.91852,2380.73333,291959.45556,44.22222,3133.22222,626.0,497.22222,1.0,121.17778,1314.66667,4766.77778,9218.86667,193.a_2,3855.96667,1767.42222,485.66667,1004.61111,9108.32222,133.44444,1.28889,7.34074,360.66667,53506.52222,4.0,222.22222,55.33333,36.55556,1.0,6.59259,25.0,21.8,233.13333,193.i_2
18282.75556,12162.88889,2523.55556,7212.57778,53628.3,186.88889,8.33333,9.68519,2608.95556,283151.12222,47.44444,3423.66667,1066.66667,578.88889,1.0,99.73333,1163.33333,4206.0,6761.97778,193.a_3,3856.85556,1755.42222,459.88889,978.83333,9186.43333,59.66667,1.91111,9.48148,352.0,52830.3,5.11111,227.77778,60.11111,39.44444,1.0,5.6963,18.22222,28.13333,219.91111,193.i_3
16671.08889,9945.0,2115.55556,8695.57778,54607.74444,160.33333,8.44444,15.31111,2372.51111,278122.23333,47.44444,3672.88889,807.88889,544.11111,2.66667,89.06667,1072.22222,4283.66667,5582.75556,193.a_4,3806.63333,1724.08889,470.88889,867.83333,9182.98889,139.77778,1.19259,6.31111,373.66667,52286.63333,3.66667,235.22222,55.33333,39.66667,1.0,8.74815,7.55556,23.37778,231.02222,193.i_4
15409.86667,8894.0,2287.77778,8489.02222,50287.96667,223.88889,7.88889,8.57407,2500.06667,270844.56667,49.88889,3180.88889,752.88889,505.22222,1.0,130.95556,1377.33333,4621.66667,8118.64444,193.a_5,3972.63333,1793.75556,482.22222,978.83333,9383.43333,300.11111,1.28889,9.67407,378.55556,51726.63333,2.77778,243.22222,59.11111,43.44444,1.0,6.75556,15.44444,43.62222,189.02222,193.i_5
15532.64444,9665.33333,2085.33333,6525.91111,54314.3,154.0,7.77778,10.90741,2296.17778,266455.9,40.44444,3335.77778,723.22222,480.0,1.77778,85.17778,799.88889,4411.0,7150.64444,193.a_6,3789.63333,1814.08889,468.66667,960.94444,9021.32222,123.66667,1.38519,3.05926,351.55556,51203.63333,4.33333,241.11111,57.22222,42.88889,1.0,6.47407,20.22222,44.04444,195.24444,193.i_6
16124.64444,9267.22222,2089.77778,8818.24444,51067.85556,184.88889,8.33333,9.83704,2095.51111,265246.12222,46.66667,3348.44444,787.11111,446.88889,1.0,99.95556,1393.0,4434.77778,7417.42222,193.a_7,3693.85556,1868.64444,444.0,852.5,8773.43333,474.44444,1.48148,4.17037,360.0,50754.52222,3.66667,219.55556,56.88889,37.88889,1.0,6.86667,5.66667,33.04444,191.24444,193.i_7
15978.97778,7886.0,2148.0,8008.13333,48861.07778,164.44444,7.0,12.17037,1972.84444,263293.78889,43.33333,3245.33333,591.33333,397.22222,1.77778,127.73333,1188.11111,4002.77778,9065.86667,193.a_8,3739.52222,1867.42222,451.55556,927.16667,8929.54444,386.11111,1.4,5.2,353.22222,50110.3,4.66667,218.44444,59.22222,41.33333,1.0,8.64444,20.22222,45.97778,183.13333,193.i_8
17885.31111,8952.22222,2435.77778,6337.91111,51769.18889,236.33333,6.88889,7.5037,2211.51111,260637.01111,43.77778,3394.55556,733.33333,480.22222,1.0,98.51111,1106.88889,4360.55556,6295.75556,193.a_9,3990.74444,1693.75556,472.33333,978.72222,9251.65556,119.22222,1.19259,2.02963,377.88889,49518.85556,4.55556,229.11111,60.11111,41.88889,1.0,6.03704,55.66667,40.84444,196.02222,193.i_9
9392.42222,1197.44444,3228.06667,2175.97778,78164.63333,53.33333,1.64444,3.22222,83.34444,1802.88889,225.44444,1157.44444,43.06667,225.88889,1.0,132.0,124.44444,127.1,4373.88889,194.a_0,335.16667,42.44444,17.56667,52.85926,1180.06667,199.33333,1.0,2.11111,2.82222,519.0,1.0,19.26667,3.77778,1.11111,1.0,3.35556,1.88889,4.96296,3.63704,194.i_0
11571.64444,1448.88889,3455.06667,2619.86667,101997.85556,30.88889,1.32593,7.66667,92.78889,1681.77778,262.55556,1281.66667,51.51111,232.55556,1.0,172.0,145.33333,184.65556,5476.22222,194.a_1,420.16667,31.22222,18.23333,81.08148,1806.4,240.33333,1.0,5.44444,2.48889,466.77778,1.0,7.51111,3.33333,1.0,1.0,3.1037,5.77778,3.6,6.8,194.i_1
10405.53333,1419.66667,3836.73333,2599.42222,94411.63333,67.66667,1.51852,3.22222,96.23333,1603.44444,242.44444,1309.77778,50.28889,264.33333,1.0,174.77778,154.44444,191.43333,5610.11111,194.a_2,499.5,34.22222,22.01111,74.64444,2326.95556,382.11111,1.0,3.22222,4.18889,398.33333,1.0,12.51111,4.0,1.11111,1.0,2.35556,1.0,3.02222,8.57778,194.i_2
10305.86667,1184.22222,3417.95556,2237.97778,125340.41111,35.11111,2.85185,3.22222,94.78889,1487.88889,236.77778,1173.66667,51.28889,237.88889,1.0,157.66667,141.44444,165.21111,5317.66667,194.a_3,428.61111,32.22222,29.78889,55.20741,1774.51111,408.77778,1.0,8.88889,3.82222,377.0,1.0,8.91111,3.11111,1.0,1.0,4.2963,5.55556,3.85185,10.85926,194.i_3
12601.75556,1061.11111,2901.84444,2878.08889,85091.3,31.11111,1.54074,1.0,85.67778,1404.0,230.0,1050.77778,47.84444,161.88889,1.77778,110.22222,87.11111,125.76667,4253.33333,194.a_4,435.05556,36.33333,17.45556,51.42222,2003.62222,398.66667,1.0,1.0,3.71111,377.0,1.0,15.51111,4.44444,1.11111,1.0,2.05185,1.0,4.99259,7.24444,194.i_4
9639.31111,1384.33333,3609.62222,2609.86667,77565.18889,43.11111,1.74074,4.33333,76.45556,1393.55556,205.44444,1093.44444,52.84444,186.55556,1.77778,172.33333,135.55556,178.98889,5615.88889,194.a_5,490.72222,43.44444,22.67778,85.63333,2377.84444,162.33333,1.0,1.0,3.96667,350.88889,1.11111,14.48889,5.0,1.22222,1.0,4.8,1.88889,3.02222,9.19259,194.i_5
11206.64444,1369.0,3838.62222,2227.86667,96174.74444,55.55556,2.40741,3.22222,90.78889,1315.22222,239.0,1295.66667,41.51111,195.66667,3.44444,171.88889,129.66667,184.54444,6029.77778,194.a_6,375.38889,14.44444,27.23333,66.86667,1481.17778,248.77778,1.0,6.55556,2.78889,330.0,1.0,13.08889,2.0,1.22222,1.0,2.35556,5.55556,4.13333,6.97037,194.i_6
8361.08889,1156.11111,3023.62222,2426.64444,68321.52222,16.88889,1.64444,5.44444,74.9,1294.22222,189.44444,980.11111,44.17778,170.33333,1.0,381.55556,91.11111,144.21111,3808.11111,194.a_7,432.27778,39.11111,25.78889,88.74815,1945.28889,300.0,1.0,8.88889,12.71111,324.77778,1.0,9.17778,2.66667,1.22222,1.0,6.18519,4.77778,3.54815,8.19259,194.i_7
8184.42222,1086.22222,2832.06667,1830.64444,59215.74444,51.55556,2.08148,3.22222,73.9,1215.0,172.66667,867.44444,31.62222,151.77778,1.0,121.44444,98.88889,122.98889,3559.44444,194.a_8,473.94444,36.55556,20.45556,51.42222,2224.84444,182.88889,1.0,1.0,2.97778,283.0,1.0,12.68889,2.33333,1.22222,1.0,2.4963,1.88889,1.08148,7.3037,194.i_8
8064.31111,1173.33333,3078.28889,1714.42222,63587.85556,41.22222,1.74074,5.44444,72.01111,1194.11111,160.88889,1004.0,36.28889,163.55556,1.0,111.88889,99.88889,148.98889,3912.22222,194.a_9,280.38889,21.44444,14.12222,58.41852,1108.51111,119.66667,1.0,4.33333,2.2,283.0,1.0,10.28889,2.0,1.11111,1.0,2.05185,3.77778,3.1037,5.80741,194.i_9
120073.86667,33955.33333,14730.18889,30813.55556,590222.17778,807.33333,28.77778,46.6037,6775.04444,2402336.12222,358.33333,11818.77778,45576.66667,450.88889,111.0,424.0,4002.11111,15621.8,8088.57778,195.a_0,5012.7,6015.55556,750.64444,2870.92222,36468.32222,543.24444,1.11111,8.28889,556.62222,64292.78889,33.78889,359.66667,4417.73333,15.37778,8.22222,31.66667,71.92222,496.86667,236.04444,195.i_0
98464.31111,30075.55556,14255.07778,26276.22222,540551.06667,509.55556,47.66667,52.45185,5623.48889,2162117.23333,398.77778,10478.44444,40675.11111,528.11111,78.0,395.11111,3376.33333,14157.35556,7699.24444,195.a_1,4925.14444,5845.22222,756.08889,2481.36667,36343.43333,569.8,1.33333,7.34074,517.06667,59947.67778,30.34444,330.22222,4385.28889,16.37778,8.44444,30.66667,66.28889,462.2,218.6,195.i_1
101945.86667,26624.44444,14448.18889,24957.88889,519889.4,747.77778,46.33333,93.07778,6113.6,2045492.67778,379.77778,10052.66667,37956.0,507.77778,97.22222,450.11111,5097.66667,14023.91111,7940.91111,195.a_2,4488.36667,5590.88889,623.08889,2664.36667,32605.21111,108.17778,1.44444,6.31111,493.51111,51910.67778,27.45556,282.33333,3804.28889,13.6,4.22222,21.66667,83.06667,377.2,159.04444,195.i_2
96763.53333,25859.22222,15007.96667,22753.22222,480759.06667,951.0,44.33333,72.07778,5647.26667,2008849.78889,376.77778,9417.33333,32971.88889,574.33333,85.88889,496.44444,6228.77778,13175.13333,8559.02222,195.a_3,4260.92222,5400.44444,630.86667,2571.7,29618.65556,339.8,1.33333,8.56296,465.06667,46926.56667,28.67778,277.88889,3723.95556,9.04444,4.22222,18.44444,54.25556,372.75556,140.48889,195.i_3
92999.08889,26110.66667,13721.63333,24546.88889,500054.06667,694.22222,34.11111,65.18889,5670.93333,1966163.9,325.33333,9204.44444,35706.11111,463.66667,79.88889,461.88889,4618.0,14250.13333,6480.02222,195.a_4,4235.36667,5765.33333,504.64444,2372.92222,30421.43333,389.35556,1.55556,6.31111,447.73333,44535.56667,23.9,191.44444,3763.51111,8.71111,1.77778,18.11111,22.05556,380.75556,111.93333,195.i_4
96121.42222,26188.88889,13235.07778,24492.0,523460.06667,577.22222,36.88889,62.78519,5310.82222,1924675.45556,348.77778,9245.0,36501.22222,464.0,85.77778,507.0,5063.33333,13580.91111,7485.57778,195.a_5,3954.36667,5425.66667,487.97778,2432.36667,28414.32222,257.68889,1.44444,5.2,453.62222,43158.78889,26.23333,203.33333,3813.62222,11.04444,1.0,16.44444,10.27778,306.64444,122.48889,195.i_5
93346.08889,26309.0,13420.18889,25027.11111,467894.28889,612.11111,71.33333,83.74444,5207.71111,1873604.45556,349.0,9057.44444,34943.22222,426.11111,66.66667,519.33333,4897.88889,13106.8,7540.24444,195.a_6,4000.36667,5263.66667,485.2,2422.14444,29139.54444,409.46667,1.33333,8.45185,442.17778,42145.56667,26.34444,206.44444,3814.51111,8.93333,1.0,18.88889,22.05556,326.2,116.26667,195.i_6
90708.31111,27469.77778,12882.96667,21940.11111,481435.06667,601.88889,79.33333,65.38148,5327.48889,1820028.9,328.55556,9094.33333,35735.66667,411.33333,85.88889,510.66667,5359.11111,13315.91111,7120.57778,195.a_7,3657.03333,4964.55556,466.31111,2218.03333,27512.43333,422.4,1.55556,6.22963,433.84444,40969.45556,28.45556,228.0,3586.84444,9.82222,1.0,14.88889,33.2,334.31111,124.71111,195.i_7
88206.75556,27480.22222,13161.63333,20342.11111,445020.73333,665.66667,53.11111,76.74444,4562.15556,1743422.45556,333.55556,8915.66667,33853.88889,486.44444,64.11111,519.33333,5612.55556,11851.68889,7188.35556,195.a_8,3508.47778,4883.88889,477.08889,2128.03333,23358.87778,467.13333,1.0,6.22963,398.84444,40000.23333,24.45556,195.77778,3398.17778,10.15556,1.77778,14.88889,22.16667,248.75556,95.04444,195.i_8
88608.42222,27973.55556,13413.3,22170.88889,457474.73333,800.88889,46.44444,95.78519,4820.71111,1692406.01111,310.33333,8074.44444,30816.33333,440.55556,51.11111,489.33333,5886.0,11247.8,7919.24444,195.a_9,3575.25556,5011.44444,514.97778,2174.36667,25127.65556,516.46667,1.11111,8.37037,434.06667,38982.23333,24.56667,203.0,3731.95556,8.16296,1.77778,20.0,8.42222,247.64444,98.48889,195.i_9
55624.86667,19212.44444,10512.23333,12704.1,223053.9,59.66667,5.77778,11.20741,3962.11111,1537065.08889,59.77778,4963.55556,27254.0,142.22222,29.36296,130.37778,187.0,2945.71111,2743.46667,196.a_0,4485.82222,7075.66667,1073.42222,2801.7,18299.01111,390.55556,1.0,1.0,646.91111,106591.68889,17.94444,431.68889,5169.12222,18.15556,2.55556,14.0,20.22222,391.68889,261.35556,196.i_0
49373.2,20243.22222,11113.01111,13777.21111,191648.56667,51.55556,5.22222,14.25926,3557.22222,1444396.86667,58.11111,4312.55556,24117.11111,163.66667,37.68889,133.48889,168.11111,3003.93333,2228.8,196.a_1,3886.37778,6839.11111,931.42222,2414.47778,17081.9,288.11111,1.0,4.08889,652.57778,98942.35556,12.83333,391.35556,4992.12222,11.48889,9.22222,8.11111,16.22222,403.68889,239.57778,196.i_1
62742.86667,20386.44444,10727.9,11207.98889,232514.45556,65.88889,6.55556,21.3037,4166.11111,1371111.53333,51.22222,4529.66667,24853.77778,168.88889,39.46667,177.15556,146.33333,2106.6,2888.91111,196.a_2,4154.71111,6996.44444,816.08889,2551.47778,17067.9,63.77778,1.0,5.28148,596.02222,93566.02222,11.16667,407.35556,5172.23333,19.82222,8.33333,8.44444,14.22222,382.68889,231.91111,196.i_2
72894.31111,17666.88889,11978.23333,11360.76667,254018.67778,45.33333,5.55556,5.71111,4054.66667,1327393.08889,47.66667,4346.11111,19517.22222,192.55556,47.91111,199.6,152.22222,1723.37778,3205.46667,196.a_3,4066.37778,6841.33333,764.75556,2324.03333,16892.34444,113.44444,1.0,4.08889,593.68889,88453.68889,12.72222,450.46667,5005.67778,21.26667,12.55556,8.55556,5.66667,362.24444,201.68889,196.i_3
56220.08889,18278.0,10368.67778,12757.87778,226598.23333,31.22222,4.77778,10.42222,3668.77778,1298195.97778,45.66667,4249.22222,22316.44444,166.11111,40.91111,177.93333,131.55556,2227.26667,2748.02222,196.a_4,3911.26667,6733.66667,717.42222,2525.58889,16870.45556,269.44444,1.22222,1.0,614.35556,86082.13333,12.61111,345.8,4826.9,11.71111,5.77778,7.66667,8.44444,334.68889,176.13333,196.i_4
67836.86667,17969.77778,11146.67778,12111.98889,243286.56667,51.55556,3.88889,6.54074,4024.22222,1259563.42222,59.22222,4714.88889,22842.22222,215.66667,54.91111,189.04444,147.33333,2053.26667,2820.46667,196.a_5,4017.6,6738.66667,762.97778,2440.47778,16639.9,59.77778,1.0,1.0,661.35556,82124.35556,11.61111,346.68889,5046.9,10.82222,9.88889,6.88889,7.66667,343.35556,191.46667,196.i_5
67546.08889,17139.88889,11011.9,10484.43333,229201.45556,29.0,5.77778,15.91852,3778.55556,1212747.08889,46.55556,4778.66667,21290.77778,251.33333,56.8,183.93333,119.77778,1953.04444,2813.68889,196.a_6,3476.48889,6589.0,695.64444,2458.25556,15958.01111,142.0,1.33333,5.11852,522.35556,79133.24444,10.05556,292.91111,4622.01111,11.93333,4.22222,8.55556,8.55556,309.13333,161.24444,196.i_6
62146.75556,16810.66667,10717.45556,10525.32222,220150.34444,25.0,5.77778,11.20741,3824.22222,1145089.86667,45.0,4301.44444,21994.0,168.11111,51.35556,178.15556,124.55556,1850.37778,2759.02222,196.a_7,3923.6,6354.55556,641.2,2337.25556,15368.45556,224.33333,1.11111,4.17037,509.02222,77003.46667,12.05556,245.02222,4137.9,11.93333,5.88889,4.66667,11.33333,348.24444,201.57778,196.i_7
55256.08889,16984.44444,9973.12222,11219.54444,206973.12222,80.44444,4.22222,6.1037,3645.33333,1066956.64444,57.55556,4004.33333,21943.0,231.44444,39.35556,156.48889,215.66667,2057.15556,2369.13333,196.a_8,4020.37778,6600.77778,691.2,2306.36667,17210.9,10.88889,1.11111,6.31111,600.35556,74746.68889,13.61111,305.8,4363.34444,10.93333,7.44444,6.22222,13.33333,331.02222,184.8,196.i_8
61144.75556,15797.33333,9937.23333,9542.21111,222970.56667,39.11111,4.88889,6.54074,3488.66667,965097.53333,43.0,4213.88889,21693.88889,162.0,38.57778,151.48889,160.22222,1760.6,2894.8,196.a_9,3530.71111,6067.77778,692.64444,2089.47778,14995.23333,84.55556,1.0,5.47407,494.24444,71959.8,10.61111,323.35556,4691.45556,11.26667,6.77778,6.0,7.66667,322.91111,224.35556,196.i_9
101321.03333,16633.22222,8702.97778,13033.65556,540486.15556,815.55556,4.4963,10.18519,6420.2,323550.83333,648.11111,2461.11111,3609.55556,304.88889,9.22222,136.22222,1920.4,981.96667,1978.0,197.a_0,4343.97778,2113.22222,746.78889,654.01111,29714.36667,1183.33333,1.11111,3.85926,610.87778,29416.12222,66.11111,162.88889,397.52222,14.11111,2.66667,7.2,45.0,56.04444,105.44444,197.i_0
88851.03333,16699.77778,8716.53333,11563.65556,476636.04444,269.22222,5.6,4.00741,5739.86667,303260.94444,582.22222,2112.44444,3432.33333,242.44444,6.66667,132.66667,1466.73333,909.63333,1806.88889,197.a_1,4356.42222,1914.88889,738.23333,782.9,30145.25556,402.55556,1.0,3.85926,644.76667,28505.45556,66.22222,183.22222,422.41111,19.88889,1.77778,8.02963,36.0,57.15556,95.55556,197.i_1
80461.92222,14788.44444,8546.08889,8604.54444,424300.93333,756.0,5.82222,6.06667,5862.31111,288445.72222,555.55556,2104.77778,3002.22222,190.0,6.77778,145.66667,1553.95556,739.52222,1721.11111,197.a_2,4654.2,1772.44444,645.12222,721.01111,33028.14444,505.33333,1.0,2.74815,586.87778,27116.01111,63.11111,173.77778,405.96667,11.88889,1.0,4.42963,21.11111,58.04444,96.44444,197.i_2
75817.36667,14641.0,8647.64444,8436.98889,379089.71111,1159.0,6.04444,4.95556,5830.86667,278766.61111,560.33333,1909.55556,2944.44444,199.66667,6.77778,156.55556,1404.17778,703.41111,1710.77778,197.a_3,4588.86667,1621.77778,662.34444,775.01111,31096.7,501.11111,1.0,1.87407,587.1,25774.23333,60.22222,163.22222,359.74444,15.66667,1.0,9.75556,28.88889,57.6,81.0,197.i_3
75793.81111,14797.88889,8650.86667,9985.87778,412271.04444,1339.77778,5.15556,8.23704,5926.75556,270540.61111,630.22222,2034.0,2991.22222,268.33333,5.88889,137.66667,1490.51111,783.63333,1716.66667,197.a_4,4360.42222,1696.55556,562.67778,728.67778,30679.03333,676.0,1.0,4.73333,538.43333,24112.01111,55.88889,145.0,339.85556,12.66667,2.55556,9.08889,20.11111,43.93333,89.22222,197.i_4
78843.92222,15273.44444,8154.97778,9947.87778,442959.71111,1395.44444,4.16296,7.01481,5864.86667,264704.5,631.22222,1982.55556,3007.22222,283.66667,11.0,149.33333,1434.95556,746.85556,1898.66667,197.a_5,4260.64444,1583.44444,643.67778,646.12222,27902.58889,538.33333,1.0,4.73333,523.76667,22786.67778,53.55556,143.66667,286.07778,14.11111,1.0,9.35556,22.11111,54.26667,80.55556,197.i_5
74281.47778,15248.22222,8564.75556,8741.76667,400237.6,1718.11111,5.72593,7.01481,5969.53333,258910.83333,576.0,1916.11111,3003.88889,235.66667,7.55556,163.55556,1765.17778,795.41111,1847.66667,197.a_6,4255.64444,1451.88889,563.23333,628.01111,28091.7,784.88889,1.11111,4.4963,515.32222,21529.9,49.66667,143.88889,310.41111,12.55556,1.0,5.48148,24.0,53.26667,78.88889,197.i_6
77214.58889,14795.0,8067.42222,9579.76667,433436.37778,1553.55556,5.6,13.34074,5483.08889,254411.83333,560.77778,1987.88889,3160.66667,287.88889,9.22222,135.0,1597.73333,799.63333,1836.0,197.a_7,4453.53333,1409.66667,550.67778,612.56667,30024.03333,1374.66667,1.0,4.73333,497.1,20956.67778,50.55556,149.88889,300.41111,13.22222,1.0,11.91852,22.11111,51.15556,107.11111,197.i_7
80835.7,13983.66667,7482.2,9912.1,499194.04444,807.44444,3.16296,10.2963,5551.42222,250227.5,594.33333,1968.0,2831.88889,414.33333,6.66667,134.77778,1433.17778,717.52222,1896.44444,197.a_8,3928.08889,1366.11111,535.45556,584.23333,24832.36667,1236.88889,1.0,4.97037,450.21111,20226.01111,49.33333,128.66667,284.18889,17.0,1.0,8.46667,22.11111,56.15556,100.66667,197.i_8
85262.25556,14471.77778,7090.42222,11223.98889,470001.93333,893.77778,3.93333,10.45926,5775.2,244291.72222,540.0,2052.0,2742.11111,416.55556,9.22222,157.77778,1633.17778,803.3,1981.55556,197.a_9,4453.64444,1385.44444,581.34444,687.56667,30214.81111,1027.55556,1.0,10.45185,512.65556,19547.9,53.88889,150.22222,322.96667,13.55556,1.0,12.25185,21.11111,53.6,84.88889,197.i_9
125534.8,4606.0,12288.4,4332.15556,231137.5,437.55556,9.66667,16.0963,839.22222,567826.21111,39.86667,2080.55556,136.73333,333.33333,1.0,716.66667,725.44444,2756.33333,9528.53333,198.a_0,7049.68889,981.22222,848.52222,481.65556,14601.04444,145.37778,1.0,5.44444,108.27778,37594.22222,7.66667,153.77778,50.88889,25.11111,1.0,30.62222,45.66667,124.63333,465.06667,198.i_0
121558.57778,4476.44444,12434.06667,4009.37778,227630.38889,439.55556,7.55556,7.42222,855.55556,555383.32222,41.53333,1906.22222,146.73333,342.33333,1.0,697.44444,464.11111,2845.0,9241.08889,198.a_1,7091.24444,718.66667,829.63333,352.65556,14426.71111,291.37778,1.0,1.0,98.27778,36260.66667,5.66667,163.33333,41.0,27.33333,1.0,29.62222,50.55556,152.18889,505.95556,198.i_1
125431.24444,4264.88889,12551.06667,4048.04444,232257.27778,748.0,7.77778,11.62222,872.22222,547796.32222,37.75556,1969.44444,158.95556,356.88889,1.0,752.66667,400.77778,2810.11111,9773.53333,198.a_2,6994.13333,764.22222,782.07778,326.76667,14562.26667,470.15556,1.33333,10.11111,107.38889,35012.0,7.55556,147.77778,44.77778,29.11111,1.0,24.31852,36.66667,153.63333,485.4,198.i_2
122071.24444,4569.55556,12590.51111,4174.71111,234591.94444,371.77778,8.44444,8.37037,845.77778,541508.32222,46.42222,1986.11111,159.51111,313.0,1.0,701.55556,472.11111,2645.0,8812.97778,198.a_3,6757.35556,809.55556,744.52222,350.1,13763.04444,150.24444,1.11111,10.0,103.61111,32936.88889,7.88889,149.55556,42.22222,24.55556,1.77778,21.87407,23.11111,136.41111,357.28889,198.i_3
116307.8,4738.77778,12106.95556,3722.71111,224373.94444,361.55556,7.88889,7.34074,810.33333,533869.54444,46.08889,1855.77778,137.4,343.44444,1.0,683.66667,410.88889,2541.88889,8878.53333,198.a_4,6509.91111,816.77778,741.41111,344.98889,13274.48889,129.68889,1.0,6.55556,96.94444,31478.11111,7.0,141.55556,59.77778,19.77778,1.0,20.51111,21.11111,142.96667,339.73333,198.i_4
118466.8,4589.88889,11896.06667,4399.26667,228722.72222,265.0,7.77778,7.72593,869.88889,526640.98889,41.75556,1832.44444,146.73333,348.88889,1.0,714.88889,540.44444,2715.55556,8680.86667,198.a_5,6904.8,765.44444,735.63333,380.98889,13806.15556,292.24444,1.22222,3.22222,86.94444,30356.55556,5.77778,151.33333,45.11111,16.33333,1.0,16.68148,23.11111,108.63333,322.73333,198.i_5
117339.91111,4294.33333,12478.51111,3955.37778,227091.16667,219.88889,8.0,10.7037,833.33333,523849.32222,42.08889,1968.77778,149.17778,382.77778,1.0,695.66667,597.55556,2712.33333,9483.2,198.a_6,6937.91111,601.55556,711.96667,329.65556,13382.71111,458.35556,1.11111,6.55556,79.5,29635.44444,6.33333,147.11111,38.77778,21.77778,1.0,17.98519,14.44444,87.3,288.17778,198.i_6
121502.8,4467.33333,12335.4,3733.26667,221249.38889,291.66667,6.44444,11.73333,816.66667,519923.87778,38.08889,1847.88889,153.28889,401.0,1.0,719.88889,585.11111,2601.11111,9804.53333,198.a_7,6626.02222,661.33333,683.63333,360.54444,13108.6,439.53333,1.0,3.22222,83.16667,28925.0,5.77778,136.77778,34.55556,19.88889,1.0,11.51111,1.88889,79.18889,282.06667,198.i_7
119470.46667,4194.0,11768.95556,3384.71111,215221.16667,306.22222,10.22222,15.06667,829.22222,516765.76667,32.75556,1904.22222,152.28889,340.88889,1.0,742.55556,482.88889,2839.0,9070.75556,198.a_8,6565.35556,472.44444,625.41111,337.21111,12392.6,322.26667,1.0,5.44444,65.94444,28414.0,5.0,111.66667,25.66667,13.11111,1.0,14.06667,4.66667,73.07778,262.06667,198.i_8
117894.13333,4312.55556,12278.4,4236.6,232722.72222,236.22222,10.0,16.59259,834.77778,513561.43333,41.53333,1933.88889,133.17778,333.55556,1.0,719.77778,686.88889,2708.55556,8931.53333,198.a_9,6924.91111,582.55556,658.85556,319.1,12893.37778,386.2,1.0,8.77778,74.05556,27956.33333,5.22222,124.77778,32.44444,17.11111,3.44444,17.73333,7.55556,83.74444,272.62222,198.i_9
74316.32222,8020.44444,23895.41111,5940.82222,717862.51111,770.44444,8.44444,19.10741,2966.01111,704559.71111,263.66667,1418.88889,1004.22222,234.55556,1.0,3416.22222,298.77778,428.16667,7452.13333,199.a_0,1691.18889,514.77778,618.63333,267.72222,12418.11111,653.22222,1.0,1.0,136.61111,15475.04444,17.0,41.57778,93.0,11.15556,1.0,31.84444,10.33333,24.47778,191.66667,199.i_0
80114.87778,8346.66667,26162.52222,6070.26667,743816.84444,1134.0,7.66667,22.66296,3097.56667,688837.04444,296.22222,1490.66667,1071.33333,227.44444,2.55556,3670.44444,262.22222,480.61111,7646.68889,199.a_1,1635.74444,506.66667,592.41111,216.05556,11931.33333,554.77778,1.0,2.8963,117.94444,14834.37778,14.11111,38.24444,89.55556,11.04444,1.0,31.4,6.66667,27.92222,188.55556,199.i_1
71293.1,7911.33333,22552.96667,5861.6,647278.62222,1191.55556,6.11111,28.17037,3000.67778,669594.48889,274.77778,1429.77778,955.44444,187.77778,2.55556,3144.22222,312.66667,455.83333,6645.24444,199.a_2,1607.41111,468.22222,593.63333,201.03704,11951.11111,240.44444,1.11111,4.00741,126.72222,14151.48889,13.55556,33.24444,68.0,9.6,1.0,26.84444,6.66667,22.17778,177.66667,199.i_2
75264.76667,8222.77778,25604.3,6475.6,692214.84444,1259.33333,6.44444,14.44074,2992.9,644047.04444,282.44444,1431.88889,1024.11111,211.0,6.77778,3250.11111,342.44444,495.16667,7330.35556,199.a_3,1633.3,393.66667,606.18889,167.16667,11353.55556,312.33333,1.0,1.94815,112.61111,13615.6,8.44444,38.57778,55.88889,8.71111,1.0,21.73333,11.44444,15.94444,198.66667,199.i_3
74934.1,7378.11111,23143.96667,5574.26667,641792.95556,982.22222,7.0,13.75926,2799.12222,620665.71111,261.22222,1487.88889,1015.77778,181.0,10.88889,3159.33333,261.22222,434.16667,7587.13333,199.a_4,1419.85556,356.33333,492.52222,154.16667,9791.77778,318.55556,1.0,6.34074,111.72222,12995.93333,9.22222,32.02222,53.88889,6.71111,1.0,18.06667,6.55556,15.46667,156.88889,199.i_4
73394.54444,7691.66667,22981.96667,5631.26667,682478.06667,1238.77778,7.88889,19.53704,2819.34444,605598.82222,275.33333,1376.33333,1074.44444,192.11111,6.77778,3190.77778,232.44444,403.72222,7721.24444,199.a_5,1419.3,584.55556,545.3,149.05556,10223.22222,887.44444,1.11111,1.94815,109.94444,12533.71111,14.88889,44.91111,70.88889,9.48889,1.0,22.84444,11.44444,23.47778,162.66667,199.i_5
68267.98889,7005.66667,20524.41111,4427.93333,580010.17778,805.22222,8.55556,12.37778,2678.67778,592114.93333,253.22222,1304.0,962.22222,144.88889,4.22222,2933.44444,312.77778,430.16667,6733.91111,199.a_6,1492.74444,438.11111,536.85556,141.27778,10332.77778,940.88889,1.11111,1.94815,105.5,12181.93333,12.0,36.8,71.88889,6.93333,1.0,22.42963,9.55556,22.95556,164.88889,199.i_6
64093.87778,6807.88889,19058.63333,4789.37778,586465.62222,1016.88889,4.88889,19.10741,2683.12222,574727.93333,264.44444,1237.66667,842.22222,165.55556,3.44444,3242.22222,202.77778,464.61111,7209.13333,199.a_7,1382.85556,284.55556,479.3,113.48148,8993.22222,696.44444,1.0,3.84444,101.16667,11935.26667,11.77778,32.8,51.44444,5.82222,1.0,15.87407,6.55556,13.98889,143.44444,199.i_7
65338.65556,7060.44444,19190.74444,4110.37778,568301.17778,1388.88889,7.77778,14.32963,2552.67778,565200.93333,252.22222,1288.22222,904.11111,142.55556,6.0,2877.44444,257.33333,513.94444,6261.8,199.a_8,1392.18889,307.88889,546.85556,138.83333,9887.0,630.55556,1.11111,7.28889,98.94444,11751.6,10.33333,40.24444,53.44444,6.04444,1.0,20.84444,2.77778,24.06667,152.11111,199.i_8
63100.21111,6917.33333,20024.96667,4970.37778,546948.62222,963.44444,6.0,17.61481,2542.12222,552905.37778,251.33333,1329.77778,794.33333,194.33333,1.0,2730.55556,274.22222,434.16667,6601.13333,199.a_9,1335.3,385.44444,479.07778,136.27778,9816.11111,918.44444,1.0,4.95556,96.38889,11551.93333,10.88889,38.24444,81.22222,7.48889,1.0,16.87407,11.33333,14.87778,142.44444,199.i_9
14247.94444,2235.22222,6698.78889,1846.38889,47963.37778,579.33333,18.55556,31.94074,573.98889,62217.53333,4.44444,763.22222,116.0,316.33333,1.0,869.33333,1808.11111,2100.22222,8343.55556,200.a_0,1618.75556,245.0,301.81111,89.54815,4754.4,28.44444,1.0,1.0,133.92222,4237.15556,1.33333,55.88889,21.16667,8.88889,1.0,26.51111,25.82222,51.78889,396.77778,200.i_0
15611.83333,2491.11111,6937.12222,1720.05556,48122.37778,521.77778,12.77778,22.83704,558.65556,60969.08889,7.11111,653.66667,133.66667,271.55556,1.0,785.66667,1234.77778,1786.11111,6522.88889,200.a_1,1634.97778,210.88889,329.92222,148.99259,4769.95556,69.55556,1.0,4.08889,128.14444,3880.6,1.0,50.66667,25.72222,9.55556,1.0,19.06667,17.42222,49.67778,406.77778,200.i_1
15920.16667,2477.77778,6571.56667,1245.5,52479.6,353.33333,16.0,43.37778,606.98889,59841.97778,7.77778,593.66667,126.0,247.22222,1.0,742.77778,862.11111,1816.77778,8511.88889,200.a_2,1595.64444,210.77778,292.7,87.1037,4631.4,18.71111,1.0,2.02963,139.47778,3660.37778,1.11111,63.33333,15.7037,8.0,1.0,23.73333,15.8,49.45556,402.11111,200.i_2
15135.05556,2295.77778,6836.01111,1781.94444,45683.48889,632.66667,10.0,36.60741,536.65556,58663.2,5.11111,615.55556,121.44444,257.88889,1.0,788.88889,1044.55556,1862.22222,7492.0,200.a_3,1447.97778,175.55556,270.47778,126.97778,4339.06667,57.22222,1.0963,6.31111,126.47778,3487.6,1.44444,59.33333,13.92593,7.77778,1.0,17.12593,22.31111,45.9,385.88889,200.i_3
14594.94444,2384.88889,6570.45556,1449.16667,53352.71111,411.0,18.55556,33.05185,591.32222,57807.08889,5.33333,676.55556,134.66667,278.33333,1.0,860.11111,614.66667,2063.88889,9422.55556,200.a_4,1589.53333,258.44444,271.25556,162.86667,4664.4,49.24444,1.19259,4.17037,120.92222,3371.93333,1.0,54.77778,18.59259,9.44444,1.0,20.4,5.26667,41.23333,333.77778,200.i_4
14816.94444,2473.11111,6483.9,1601.5,48391.93333,386.33333,12.88889,28.61481,564.65556,56902.64444,4.88889,601.88889,153.77778,226.77778,1.0,674.55556,924.55556,1742.0,8112.22222,200.a_5,1490.08889,211.77778,289.7,149.86667,4378.73333,98.22222,1.0,5.11852,139.81111,3293.37778,1.22222,61.11111,20.38889,9.0,1.0,22.28889,11.53333,47.12222,409.11111,200.i_5
14459.16667,2217.11111,6390.78889,1792.38889,45883.93333,819.66667,13.33333,37.82963,523.43333,55703.08889,5.66667,609.88889,113.22222,270.44444,1.77778,778.33333,1047.44444,1816.0,8266.55556,200.a_6,1367.97778,175.55556,257.36667,130.88148,4165.62222,18.46667,1.0,5.2,124.92222,3141.15556,1.0,59.11111,21.5,6.55556,1.0,20.06667,9.91111,42.45556,374.44444,200.i_6
13135.05556,2473.0,6067.23333,1784.61111,51015.93333,236.33333,13.55556,46.93333,569.76667,53938.97778,4.33333,706.88889,126.88889,261.44444,1.77778,815.55556,870.11111,2136.88889,8021.11111,200.a_7,1173.31111,215.0,232.7,113.97778,3675.73333,6.62222,1.0963,4.17037,114.47778,3047.04444,1.0,48.44444,16.72222,8.44444,1.0,19.28889,8.26667,38.01111,341.66667,200.i_7
12870.05556,2014.77778,6311.01111,1789.83333,44776.26667,480.77778,16.55556,37.71852,517.98889,53310.2,7.22222,663.44444,93.88889,251.11111,1.77778,842.11111,962.22222,2174.11111,8845.55556,200.a_8,1331.31111,168.44444,239.58889,126.75556,3913.17778,45.13333,1.0963,4.17037,122.47778,2957.37778,1.11111,42.44444,21.83333,6.55556,1.0,12.31852,6.02222,34.23333,311.44444,200.i_8
13127.16667,2250.44444,6407.34444,1962.61111,44901.26667,285.66667,14.0,33.04444,506.65556,52232.08889,3.77778,622.88889,93.66667,227.22222,1.0,671.77778,965.11111,1817.22222,8038.88889,200.a_9,1314.53333,200.66667,242.14444,113.97778,3788.17778,63.33333,1.0963,6.31111,107.36667,2858.15556,1.11111,45.66667,21.27778,5.66667,1.0,23.17778,5.26667,30.78889,318.44444,200.i_9
11945.83333,6050.11111,6651.08889,2774.24444,74001.61111,162.33333,4.77778,26.54074,1352.48889,56409.97778,14.11111,400.44444,188.47778,223.77778,1.0,1115.95556,275.0,638.31111,3163.55556,201.a_0,640.74444,297.77778,107.05556,81.04444,2292.37778,111.22222,1.1037,1.0,153.92222,1063.06667,1.66667,35.55556,33.28889,2.88889,1.0,2.17778,1.0,4.48889,56.0,201.i_0
11487.27778,5953.88889,6400.53333,2482.8,67371.83333,172.55556,5.44444,32.42963,1225.93333,52685.97778,14.55556,468.77778,163.03333,133.44444,1.0,1167.06667,218.77778,650.53333,3056.44444,201.a_1,687.41111,319.11111,137.5,96.48889,2638.37778,156.11111,1.0,4.02222,222.92222,989.84444,1.88889,11.88889,25.28889,3.44444,1.0,5.88889,2.88889,11.8,51.77778,201.i_1
11092.94444,5506.77778,6123.42222,2069.68889,65743.72222,215.77778,5.11111,30.0963,1180.37778,49876.2,15.0,447.77778,197.92222,139.55556,1.0,1006.62222,233.66667,585.31111,2838.11111,201.a_2,684.63333,334.0,143.94444,93.82222,2555.93333,201.44444,1.0,5.93333,209.92222,936.73333,1.66667,14.44444,22.84444,2.44444,1.0,6.77778,7.55556,12.91111,53.77778,201.i_2
11679.05556,5879.77778,6236.42222,2010.46667,66653.16667,160.33333,3.0,24.12593,1237.6,48095.2,16.0,426.44444,185.36667,173.11111,1.0,995.17778,246.44444,578.31111,2602.66667,201.a_3,607.85556,253.11111,108.5,60.37778,2220.15556,575.22222,1.0,5.24444,154.58889,863.62222,1.44444,21.66667,29.73333,2.55556,1.0,5.93333,5.66667,6.42222,55.66667,201.i_3
11101.83333,5251.55556,6082.2,2485.13333,63404.38889,254.77778,4.66667,40.15556,1180.71111,47124.42222,14.22222,407.11111,228.7,180.0,3.44444,956.06667,236.44444,594.53333,2697.0,201.a_4,709.52222,384.66667,149.61111,111.42222,2885.93333,215.77778,1.0,1.95556,224.03333,842.73333,2.11111,17.44444,28.51111,3.88889,1.0,4.0,4.77778,8.35556,57.44444,201.i_4
11584.05556,5734.88889,6417.64444,2394.8,67189.94444,182.88889,3.44444,23.17778,1224.82222,46501.31111,16.0,479.88889,229.03333,178.0,1.77778,1005.4,242.55556,603.53333,2729.88889,201.a_5,721.63333,323.88889,137.16667,114.48889,2486.37778,334.66667,1.0,4.02222,180.03333,816.62222,2.44444,20.44444,26.73333,3.33333,1.0,3.51111,1.0,9.93333,54.22222,201.i_5
11132.72222,5370.88889,6073.31111,2913.57778,65921.05556,234.33333,4.77778,40.26667,1216.82222,45947.2,16.77778,460.44444,224.36667,200.33333,1.0,1090.28889,241.55556,580.42222,2790.77778,201.a_6,641.41111,316.88889,127.38889,64.86667,2430.48889,242.55556,1.0,6.35556,189.7,748.73333,1.55556,20.0,33.17778,2.33333,1.0,3.8,4.77778,8.06667,61.66667,201.i_6
10909.5,5801.77778,6091.08889,2278.8,64914.27778,285.66667,3.88889,36.82222,1265.15556,45556.64444,16.22222,471.55556,218.92222,206.55556,1.77778,999.84444,295.88889,623.75556,3058.11111,201.a_7,663.18889,295.66667,134.83333,116.42222,2216.15556,143.77778,1.0,3.86667,176.14444,748.73333,1.55556,21.11111,31.28889,2.55556,1.0,4.6,4.88889,7.46667,44.66667,201.i_7
11246.27778,5794.77778,6483.75556,2443.91111,66028.61111,61.55556,5.11111,58.82222,1259.82222,45219.31111,15.22222,512.55556,267.03333,237.55556,1.0,989.73333,517.55556,582.86667,2844.77778,201.a_8,654.3,232.88889,129.5,114.37778,2343.37778,223.88889,1.0,1.95556,181.58889,717.4,1.44444,25.88889,23.28889,3.0,1.77778,5.2,1.88889,12.68889,57.55556,201.i_8
10855.61111,5689.0,6015.08889,2314.91111,65463.27778,445.55556,5.0,42.6,1224.82222,44686.2,15.55556,424.66667,201.7,181.66667,1.0,1003.84444,278.0,595.53333,2778.88889,201.a_9,681.63333,287.44444,157.5,111.31111,2537.26667,64.0,1.0,4.02222,188.03333,669.73333,1.55556,16.77778,22.31852,3.0,1.0,6.26667,2.88889,13.26667,43.66667,201.i_9
51711.01111,3235.84444,2337.03333,2052.33333,142104.06667,507.44444,3.11111,10.45185,686.78889,109957.62222,14.66667,256.44444,35.11111,213.22222,1.0,82.73333,98.88889,318.71111,804.0,220.a_0,1588.61111,89.88889,73.28889,83.57407,3551.46667,150.44444,1.0,5.2,80.43333,5560.08889,2.03704,15.13333,7.44444,14.22222,1.0,7.78519,7.44444,5.2963,26.08889,220.i_0
50788.01111,3113.51111,2256.47778,2029.22222,138917.95556,657.44444,2.55556,10.16296,661.9,104503.95556,14.66667,251.33333,41.44444,157.0,1.0,111.17778,134.66667,361.48889,755.11111,220.a_1,1512.27778,84.66667,83.28889,76.7037,3462.46667,66.22222,1.0,5.28148,90.32222,5423.86667,1.19259,13.91111,13.77778,13.66667,1.0,7.45185,4.66667,3.11111,22.75556,220.i_1
47927.78889,3172.06667,2134.03333,1962.22222,127095.17778,1212.66667,3.44444,8.46667,698.56667,100621.51111,13.88889,257.55556,63.44444,201.22222,1.0,82.28889,151.33333,281.93333,714.11111,220.a_2,1678.72222,84.77778,92.51111,105.03704,3864.13333,55.88889,1.11111,6.31111,82.87778,5255.75556,1.62222,15.57778,12.33333,18.66667,1.0,7.14815,6.55556,6.14815,29.86667,220.i_2
48532.34444,3014.28889,2346.7,2166.11111,136879.06667,947.33333,2.22222,14.59259,642.45556,98382.51111,15.44444,239.11111,57.88889,179.44444,1.0,94.28889,126.66667,307.26667,863.0,220.a_3,1530.16667,87.77778,87.95556,117.92593,3705.68889,31.22222,1.11111,1.0,82.65556,5087.97778,1.38519,16.8,11.44444,18.44444,1.0,7.54815,4.66667,3.92593,34.64444,220.i_3
46390.9,2779.62222,2085.81111,2204.66667,134493.84444,408.88889,4.44444,15.35556,604.34444,93553.4,15.0,278.77778,54.22222,166.33333,1.0,119.06667,111.77778,306.48889,743.0,220.a_4,1322.27778,66.55556,106.95556,65.46296,3152.02222,14.88889,1.0,4.17037,84.76667,4852.08889,1.0963,12.91111,13.0,16.11111,1.0,5.37037,5.77778,5.0,27.2,220.i_4
45285.12222,2663.17778,2205.14444,1918.22222,125076.84444,449.88889,4.0,12.14815,610.45556,90747.4,12.66667,209.22222,47.88889,162.0,1.0,81.28889,168.11111,288.26667,736.44444,220.a_5,1412.05556,75.66667,86.51111,96.46296,3511.8,14.88889,1.0,1.0,80.1,4642.08889,1.28889,12.02222,11.22222,18.11111,1.0,7.91111,7.55556,2.74074,34.21481,220.i_5
43313.01111,2910.06667,1956.92222,1642.33333,116815.95556,1628.33333,3.22222,15.7037,599.34444,86455.17778,10.11111,208.0,44.22222,147.33333,1.0,65.84444,135.55556,275.6,673.11111,220.a_6,1362.72222,71.66667,75.51111,99.92593,3179.02222,12.55556,1.11111,7.25926,82.87778,4505.97778,1.41481,16.24444,13.44444,18.77778,1.0,4.68889,4.77778,2.85185,19.97778,220.i_6
43207.67778,2706.84444,2006.47778,1686.0,119941.62222,750.44444,2.88889,5.84444,584.34444,84174.95556,11.0,190.66667,48.55556,147.66667,1.0,91.84444,126.66667,314.26667,787.55556,220.a_7,1167.94444,63.33333,63.4,51.88889,2786.35556,25.22222,1.0,8.45185,76.43333,4390.42222,1.19259,13.35556,12.88889,15.0,1.0,8.99259,16.22222,2.44444,15.64444,220.i_7
41172.67778,2622.95556,1886.47778,1644.77778,116691.06667,762.33333,2.11111,5.84444,550.45556,80917.28889,9.0,183.88889,47.11111,161.11111,1.0,84.28889,107.88889,310.71111,705.33333,220.a_8,1328.16667,70.66667,94.84444,76.7037,2921.35556,17.11111,1.0,4.17037,77.76667,4264.75556,1.28889,20.8,14.66667,15.66667,1.0,5.13333,2.77778,4.81481,18.64444,220.i_8
42324.78889,2417.62222,1733.03333,1711.88889,115162.4,183.0,2.11111,9.57778,551.01111,78213.28889,8.55556,190.33333,53.22222,187.11111,1.71852,131.84444,94.88889,303.15556,611.0,220.a_9,1329.38889,54.33333,65.51111,83.68519,2977.91111,13.0,1.0,5.2,68.76667,4170.31111,1.51111,18.02222,8.44444,14.55556,1.0,6.4963,8.55556,16.88889,30.2,220.i_9
18305.84444,24651.88889,3034.86667,1447.13333,62292.27778,252.77778,11.88889,7.34074,3701.16667,328641.52222,1834.0,1788.11111,251.22222,1397.0,1.71852,75.06667,370.11111,1934.58889,758.51111,221.a_0,1046.14444,329.4,239.61111,137.51111,2117.96667,10.88889,1.77778,7.61481,55.35556,15052.51111,26.66667,25.15556,23.0,42.33333,1.0,4.54815,13.44444,68.01111,47.84444,221.i_0
18421.17778,20500.33333,3193.64444,1627.57778,60069.27778,219.88889,11.88889,7.25926,2993.27778,303266.07778,1648.77778,1356.33333,279.33333,1519.11111,3.87407,72.62222,607.55556,1644.92222,904.4,221.a_1,929.25556,326.4,253.38889,139.84444,2068.41111,14.88889,1.33333,6.31111,61.8,14595.73333,25.55556,17.68889,28.88889,37.77778,1.0,6.18519,10.44444,64.78889,46.73333,221.i_1
15801.62222,21730.22222,3274.64444,1447.13333,52571.94444,256.88889,11.33333,11.62222,2849.5,285767.96667,1914.55556,1383.22222,180.11111,1644.55556,2.60741,85.4,543.55556,1997.58889,852.06667,221.a_2,879.14444,300.17778,209.61111,103.53333,2065.63333,10.88889,1.44444,3.05926,52.57778,14364.4,30.11111,20.57778,21.66667,31.33333,1.0,2.74815,3.77778,42.56667,38.06667,221.i_2
15995.17778,17932.55556,3126.31111,1467.8,49903.94444,230.11111,14.11111,4.17037,2410.94444,271975.18889,1762.33333,1257.77778,264.77778,1567.0,4.04444,78.62222,673.11111,1539.47778,907.62222,221.a_3,913.25556,325.4,210.72222,96.06667,1914.52222,5.0,1.11111,2.02963,55.8,14170.06667,27.44444,27.46667,26.55556,36.11111,1.0,5.48889,7.44444,57.67778,80.17778,221.i_3
15531.06667,16482.33333,3467.53333,1614.68889,48783.05556,277.33333,10.88889,10.7037,2169.05556,256189.96667,1367.33333,1032.33333,180.33333,1554.33333,1.71852,71.4,635.33333,1361.25556,867.62222,221.a_4,886.58889,312.28889,180.94444,95.64444,2055.18889,12.77778,1.0,1.0,59.91111,14017.73333,36.77778,24.46667,17.22222,35.44444,1.0,5.18519,7.66667,48.12222,34.28889,221.i_4
14511.17778,15566.0,3469.2,1769.57778,42574.16667,234.22222,8.66667,7.53333,2116.61111,244607.3,1035.66667,947.44444,153.88889,1538.55556,1.0,79.17778,718.55556,1408.92222,878.51111,221.a_5,910.81111,338.51111,211.5,124.08889,1910.41111,14.88889,1.0,2.02963,56.57778,13802.4,29.33333,20.04444,26.44444,36.44444,1.0,3.71111,14.44444,59.34444,84.84444,221.i_5
13715.84444,13521.0,3162.53333,1713.02222,41153.16667,226.11111,9.66667,8.45185,2065.5,237132.74444,957.0,932.11111,170.33333,1489.55556,1.71852,66.62222,554.22222,1185.03333,869.62222,221.a_6,892.25556,253.73333,208.5,68.77778,2100.52222,10.88889,1.11111,2.02963,52.35556,13586.95556,29.55556,16.02222,12.66667,28.88889,1.0,7.62963,3.77778,49.23333,90.06667,221.i_6
14047.06667,14285.33333,2992.08889,1617.57778,39830.61111,246.55556,10.0,11.62222,1963.38889,232008.18889,979.33333,1002.22222,197.22222,1574.88889,1.0,68.17778,665.22222,1093.7,995.4,221.a_7,901.81111,277.95556,171.38889,70.82222,2080.07778,15.0,1.11111,1.0,50.68889,13382.06667,32.0,18.46667,15.22222,31.11111,1.0,5.74074,4.66667,43.9,76.62222,221.i_7
14168.51111,15502.33333,3156.53333,1978.8,41750.38889,279.44444,13.11111,7.34074,1807.61111,227537.41111,881.44444,840.55556,218.22222,1570.77778,1.71852,51.95556,753.22222,1138.03333,926.17778,221.a_8,849.7,234.4,160.61111,72.95556,2038.41111,6.88889,1.11111,3.14074,53.46667,13213.84444,25.88889,16.04444,3.33333,32.11111,1.0,3.40741,6.55556,36.9,76.95556,221.i_8
13480.73333,14830.55556,2829.97778,1666.46667,42151.38889,232.22222,9.66667,11.62222,1998.83333,222971.52222,1219.33333,1018.33333,187.22222,1386.22222,1.0,62.17778,760.22222,1304.81111,870.62222,221.a_9,781.03333,273.84444,187.27778,90.64444,1889.07778,19.11111,1.0,4.17037,55.8,13098.84444,31.55556,21.71111,16.0,32.11111,1.0,5.85185,5.77778,46.9,40.28889,221.i_9
18948.66667,19149.0,2678.62222,536.56667,58549.4,232.22222,12.26667,17.20741,1675.76667,339863.66667,847.33333,2152.67778,161.22222,1963.22222,1.0,402.88889,498.88889,3071.03333,1303.53333,222.a_0,794.36667,552.11111,155.21111,41.38889,1746.93333,43.62222,1.0,2.11111,46.74444,13010.66667,32.11111,56.11111,12.55556,41.77778,1.0,11.88889,7.44444,97.91111,19.2,222.i_0
16102.77778,18552.11111,2466.4,632.01111,51937.28889,213.66667,6.04444,12.95556,1960.65556,317156.55556,1112.77778,1860.01111,169.22222,1933.77778,2.55556,327.11111,363.33333,1949.36667,1121.08889,222.a_1,771.03333,343.44444,133.87778,21.57778,1600.15556,10.48889,1.0,2.11111,37.74444,12112.66667,24.55556,49.88889,12.44444,33.33333,1.0,11.44444,6.55556,74.8,16.64444,222.i_1
15230.44444,22266.11111,2456.51111,557.23333,47372.73333,207.55556,7.48889,16.20741,1695.21111,300752.0,851.55556,1758.23333,178.66667,1786.0,1.77778,324.77778,307.77778,1975.14444,1002.64444,222.a_2,750.81111,293.77778,151.54444,50.43333,1663.71111,82.13333,1.11111,1.0,32.52222,11577.11111,25.44444,47.77778,12.77778,29.88889,1.0,7.33333,6.66667,68.02222,16.53333,222.i_2
14925.33333,22927.44444,2345.51111,567.45556,47144.95556,184.77778,5.82222,28.48889,1550.54444,288921.55556,894.88889,1825.45556,143.55556,1910.0,1.0,348.22222,352.33333,1819.7,986.64444,222.a_3,752.81111,184.66667,132.54444,23.16667,1565.71111,29.04444,1.0,3.22222,24.41111,10926.44444,20.44444,34.44444,11.55556,25.22222,1.0,5.22222,11.33333,75.46667,14.08889,222.i_3
15218.66667,16068.88889,2811.17778,485.01111,49565.17778,355.44444,11.93333,11.73333,1560.76667,279879.0,711.0,1567.34444,125.33333,1681.88889,5.0,407.44444,331.44444,2516.25556,900.42222,222.a_4,681.36667,148.33333,132.32222,18.91111,1487.82222,85.51111,1.0,1.0,17.74444,10411.66667,19.66667,34.55556,8.22222,22.66667,1.68889,4.11111,7.55556,61.8,9.75556,222.i_4
14524.66667,13983.66667,2413.17778,479.9,45528.95556,244.44444,8.71111,9.75556,1294.98889,268621.11111,637.33333,1490.78889,153.77778,1604.44444,2.66667,347.55556,310.66667,2214.25556,915.75556,222.a_5,680.36667,43.33333,102.32222,33.61111,1504.48889,8.97778,1.0,6.66667,12.07778,10049.66667,15.22222,36.77778,7.0,20.33333,1.0,6.22222,4.77778,61.57778,11.75556,222.i_5
13298.66667,22086.88889,2105.17778,521.23333,44049.62222,193.11111,4.05185,5.2,1512.98889,260167.22222,770.44444,1655.67778,144.88889,1762.44444,1.77778,276.0,279.11111,1823.81111,885.2,222.a_6,675.7,68.66667,112.65556,19.86667,1410.82222,22.22222,1.0,3.22222,11.26667,9776.55556,17.22222,36.55556,8.44444,21.66667,1.68889,4.88889,1.88889,50.24444,8.64444,222.i_6
12911.88889,16278.0,2127.28889,495.23333,40460.51111,248.66667,7.26667,8.45185,1459.87778,253166.33333,668.22222,1518.45556,194.88889,1671.88889,1.0,323.88889,300.88889,1775.14444,860.53333,222.a_7,674.58889,66.66667,117.87778,23.16667,1458.37778,8.73333,1.0,4.33333,13.3,9503.77778,17.44444,29.55556,8.88889,19.66667,1.0,6.55556,11.44444,63.68889,7.99259,222.i_7
13024.11111,13308.66667,2522.51111,479.67778,40761.73333,183.0,5.48889,21.14815,1060.1,240992.77778,598.66667,1319.56667,117.55556,1486.22222,1.77778,261.44444,305.88889,1774.03333,788.08889,222.a_8,630.47778,43.33333,111.1,59.28889,1313.82222,61.22222,1.0,6.55556,12.18889,9225.22222,14.88889,29.55556,10.88889,13.77778,1.0,4.0,3.77778,48.68889,9.08889,222.i_8
13137.33333,11247.66667,2226.51111,456.56667,41117.73333,246.55556,7.82222,12.92593,1322.43333,232124.55556,557.22222,1453.12222,98.33333,1480.88889,1.77778,245.11111,273.11111,1615.25556,958.08889,222.a_9,653.47778,89.88889,114.98889,31.68889,1321.6,40.88889,1.0,1.0,13.3,9068.11111,15.88889,33.88889,9.0,21.55556,1.0,4.0,7.55556,49.8,10.53333,222.i_9
10415.12222,15110.87778,2526.56667,1081.15556,35198.21111,164.33333,5.66667,5.11111,1571.94444,299381.66667,1222.71111,1450.11111,206.77778,2048.88889,1.0,531.22222,399.88889,1024.4,781.73333,223.a_0,629.84444,428.11111,130.35556,50.96296,994.37778,4552.88889,1.31852,3.14074,24.22222,7971.11111,19.93333,36.46667,8.0,32.22222,1.0,17.62222,7.94444,100.72222,13.66667,223.i_0
10675.23333,7624.65556,2511.56667,890.37778,34241.21111,152.11111,5.77778,16.22222,1043.61111,257130.77778,549.15556,806.66667,152.22222,1962.11111,1.77778,300.0,480.88889,964.62222,774.62222,223.a_1,470.06667,232.11111,137.02222,32.51852,904.6,5175.66667,1.1037,1.0,23.77778,7383.55556,16.26667,33.02222,8.22222,24.88889,1.0,11.51111,6.57778,67.83333,22.55556,223.i_1
9596.01111,7356.54444,2535.67778,923.93333,32012.21111,106.77778,8.88889,9.85185,878.05556,243487.0,537.37778,790.33333,134.66667,1741.66667,3.33333,277.44444,511.66667,895.51111,714.28889,223.a_2,503.4,287.77778,152.02222,45.85185,883.37778,4564.88889,1.0,3.14074,24.11111,7105.44444,16.26667,29.35556,8.33333,23.22222,1.0,12.76296,7.15556,54.38889,10.44444,223.i_2
10013.45556,6688.87778,2412.45556,799.82222,34493.65556,199.33333,6.44444,9.81481,714.72222,234724.22222,401.48889,772.66667,80.55556,1870.33333,4.22222,315.44444,439.44444,853.84444,741.06667,223.a_3,465.06667,217.11111,130.35556,64.14815,839.15556,1910.0,1.20741,3.05926,24.33333,6932.33333,16.15556,28.8,6.88889,23.44444,1.0,11.87407,12.15556,71.72222,22.44444,223.i_3
9703.23333,8426.43333,2541.45556,921.37778,31046.76667,158.11111,8.33333,2.88889,991.94444,228859.66667,607.82222,845.88889,118.66667,1955.77778,2.55556,314.22222,509.77778,1026.17778,821.17778,223.a_4,429.84444,199.77778,107.91111,64.14815,759.6,1607.88889,1.0,1.0,24.22222,6690.88889,19.26667,33.13333,14.77778,20.11111,1.0,10.68148,6.57778,60.61111,34.22222,223.i_4
9457.56667,9353.21111,2283.12222,895.6,26321.87778,139.55556,5.22222,6.22222,1470.5,224629.33333,678.48889,942.44444,187.11111,1690.66667,2.55556,321.55556,389.11111,905.17778,757.95556,223.a_5,429.62222,168.55556,104.91111,53.74074,765.93333,1853.44444,1.42222,3.05926,26.88889,6413.11111,18.48889,20.57778,9.33333,24.44444,1.0,7.23704,9.36667,64.72222,24.85185,223.i_5
9783.56667,7307.98889,2359.34444,877.26667,31604.54444,127.33333,8.0,5.22222,1057.83333,218786.22222,487.93333,764.55556,117.44444,2004.88889,3.44444,218.77778,481.0,1033.62222,741.62222,223.a_6,382.62222,194.66667,113.68889,66.77778,736.15556,2605.22222,1.20741,2.02963,25.22222,6208.11111,14.26667,23.24444,12.66667,17.33333,1.0,8.93333,17.83333,42.38889,53.55556,223.i_6
9082.9,7560.43333,2358.23333,983.26667,29269.54444,77.88889,8.22222,13.88889,990.27778,211596.44444,487.26667,824.66667,124.66667,1965.11111,1.77778,306.0,442.33333,831.84444,706.17778,223.a_7,378.4,158.22222,98.35556,50.96296,672.93333,2024.33333,1.0,1.0,29.44444,6103.66667,13.04444,23.57778,16.22222,18.66667,1.0,12.20741,14.15556,45.83333,52.66667,223.i_7
8737.01111,6316.87778,2269.9,849.04444,27596.87778,108.88889,6.77778,15.11111,723.5,206025.22222,313.82222,690.33333,102.22222,2026.33333,1.0,277.33333,512.55556,1031.06667,826.17778,223.a_8,377.51111,149.44444,91.35556,79.2963,680.04444,530.11111,1.0,1.0,30.44444,6003.77778,15.82222,23.8,13.33333,17.44444,1.71852,13.31852,11.94444,56.94444,44.11111,223.i_8
7967.78889,6678.65556,2233.67778,869.71111,26053.76667,92.55556,6.33333,26.66667,883.5,200333.33333,375.93333,735.11111,88.0,1925.88889,1.0,287.55556,432.44444,782.4,808.62222,223.a_9,391.28889,237.0,97.8,71.81481,699.15556,2097.88889,1.0,2.02963,29.11111,5893.66667,12.71111,34.02222,15.77778,17.11111,1.0,10.17778,12.73333,51.66667,55.33333,223.i_9
21471.81111,6769.55556,4428.33333,3149.15556,69907.84444,386.22222,19.22222,30.28889,1917.72222,521422.23333,1016.33333,2432.22222,146.42222,2966.0,6.0,56.46667,1211.66667,876.38889,2106.48889,224.a_0,3895.87778,1848.0,155.72222,129.48889,3928.63333,9012.0,1.0,3.05926,201.17778,32564.04444,240.0,149.88889,37.11111,78.77778,1.0,10.44444,31.0,28.3,54.33333,224.i_0
19969.81111,5708.77778,4761.88889,3533.6,73108.17778,316.44444,17.11111,17.20741,1697.27778,509078.23333,934.66667,2641.0,155.86667,2866.66667,2.55556,66.46667,1025.44444,808.61111,2061.37778,224.a_1,2689.32222,1214.77778,131.27778,147.37778,3489.74444,7770.44444,1.22222,2.02963,187.95556,30121.37778,244.66667,130.55556,36.33333,56.11111,1.0,10.22222,14.33333,30.96667,47.11111,224.i_1
20009.92222,6434.0,4123.44444,3337.37778,65999.84444,283.55556,17.44444,9.48148,1788.16667,492274.67778,945.88889,2440.66667,170.31111,2811.88889,5.11111,59.02222,1151.22222,496.27778,1866.6,224.a_2,1305.98889,811.88889,112.38889,142.26667,2537.52222,1512.33333,1.22222,1.0,201.28889,28626.15556,291.55556,56.77778,37.11111,35.66667,1.0,13.77778,1.0,24.63333,39.66667,224.i_2
18699.81111,5269.44444,3953.55556,3551.6,65709.4,271.11111,18.11111,16.28889,1628.72222,479123.67778,880.55556,2596.33333,149.53333,2655.11111,5.11111,65.46667,974.0,552.61111,1815.71111,224.a_3,1821.54444,1262.33333,146.38889,139.71111,2821.52222,5431.0,1.11111,4.08889,208.06667,27704.82222,277.88889,73.77778,54.22222,34.66667,1.0,14.77778,8.66667,20.85556,45.88889,224.i_3
18463.58889,5662.11111,3895.0,3063.93333,63672.73333,174.66667,15.22222,15.25926,1650.61111,467245.45556,930.88889,2428.55556,146.75556,2694.88889,5.0,47.91111,1224.55556,692.38889,1890.15556,224.a_4,1390.98889,784.44444,135.16667,132.57037,2532.74444,2131.33333,1.33333,1.0,199.4,27004.93333,280.0,61.88889,47.44444,37.55556,1.0,11.22222,7.44444,24.07778,44.66667,224.i_4
17178.03333,5798.0,3572.33333,2896.15556,58497.06667,334.88889,19.0,11.81481,1585.94444,453502.67778,935.66667,2145.22222,142.53333,2222.33333,2.55556,53.68889,1058.33333,552.72222,1528.93333,224.a_5,1658.76667,947.11111,129.61111,137.26667,2622.07778,3740.33333,1.66667,1.0,185.62222,26563.04444,249.0,69.11111,36.22222,37.66667,1.0,11.0,11.44444,29.52222,52.0,224.i_5
16915.03333,5389.55556,3558.22222,2620.04444,58446.62222,248.55556,17.55556,12.00741,1557.61111,438012.01111,906.88889,2006.33333,137.75556,2376.22222,5.88889,56.91111,1150.22222,626.27778,1704.82222,224.a_6,1280.1,631.0,136.83333,119.15556,2508.18889,1834.0,1.0,2.02963,189.51111,26115.71111,263.11111,46.66667,42.33333,23.22222,1.0,7.22222,3.77778,24.52222,34.0,224.i_6
17281.14444,6419.33333,3633.77778,2916.71111,59956.51111,503.44444,16.44444,16.0963,1741.72222,427899.12222,1025.33333,2041.11111,152.86667,2601.66667,6.66667,46.24444,1208.77778,607.05556,2077.71111,224.a_7,1347.76667,893.55556,116.94444,121.82222,2404.07778,2044.66667,1.22222,2.02963,182.95556,25810.37778,268.77778,52.22222,47.0,28.77778,1.0,8.22222,4.77778,28.63333,43.66667,224.i_7
17351.7,5538.88889,3394.11111,2878.37778,57507.73333,232.11111,16.55556,20.84444,1555.27778,420492.23333,896.33333,2092.88889,141.64444,2336.0,4.22222,54.8,929.55556,488.16667,1745.37778,224.a_8,1376.21111,733.88889,122.61111,178.6,2395.74444,2770.44444,1.11111,4.17037,179.06667,25484.26667,245.44444,56.11111,39.55556,40.88889,1.0,7.44444,31.22222,26.41111,60.22222,224.i_8
16564.81111,5932.66667,3366.88889,2542.6,57071.62222,162.44444,16.33333,14.98519,1715.72222,410561.56667,971.11111,1860.22222,140.64444,2389.11111,4.33333,49.13333,902.66667,725.27778,1768.6,224.a_9,1668.87778,1067.55556,131.16667,134.6,2620.52222,3809.11111,1.0,5.28148,180.28889,25221.26667,235.55556,57.22222,42.33333,44.44444,1.0,8.0,54.77778,20.07778,61.55556,224.i_9
139037.83333,4863.55556,10493.52222,1191.85556,153561.16667,227.88889,12.22222,9.75556,1510.61111,508102.55556,196.34444,1268.22222,351.77778,978.55556,2.55556,237.11111,488.0,548.14444,33216.28889,225.a_0,1718.87778,85.57778,268.37778,68.27778,1708.14444,39.55556,1.1037,6.31111,32.7,9908.93333,7.66667,46.0,13.0,37.33333,1.0,6.66667,10.15556,29.22222,310.28889,225.i_0
137228.05556,4612.22222,10467.3,1194.07778,158430.27778,250.66667,15.22222,13.76296,1493.38889,490067.55556,190.67778,1391.88889,337.0,942.77778,3.44444,249.88889,561.22222,572.25556,34175.95556,225.a_1,1710.87778,79.68889,270.71111,68.27778,1651.03333,65.88889,1.41481,5.2,37.25556,9515.15556,5.88889,40.77778,21.11111,29.88889,1.0,7.0,27.08889,31.77778,303.84444,225.i_1
131832.16667,4325.77778,10124.74444,1163.18889,155383.16667,267.22222,16.22222,16.28889,1444.16667,472282.0,196.45556,1302.55556,328.44444,950.44444,1.0,224.77778,556.11111,605.58889,30819.51111,225.a_2,1548.43333,86.68889,287.26667,42.16667,1580.47778,68.0,1.20741,4.17037,34.92222,9252.6,6.44444,38.55556,13.0,25.44444,1.0,7.88889,22.62222,27.0,259.28889,225.i_2
123633.94444,4077.55556,10041.96667,905.41111,145826.94444,211.66667,11.11111,16.28889,1286.05556,459990.11111,176.67778,1464.22222,311.22222,887.0,1.0,213.44444,383.0,529.14444,30240.73333,225.a_3,1624.65556,79.35556,319.15556,77.11111,1558.47778,86.77778,1.42963,5.28148,33.03333,9111.04444,6.44444,39.11111,7.77778,32.22222,1.0,6.11111,19.52222,24.0,249.4,225.i_3
120620.61111,3734.55556,9582.85556,1041.96667,137672.38889,191.0,10.0,18.42963,1392.05556,444602.11111,169.78889,1220.55556,277.44444,871.44444,1.77778,214.11111,432.44444,450.03333,29659.73333,225.a_4,1688.1,98.68889,290.71111,103.0,1674.03333,41.33333,1.42222,3.05926,36.58889,8948.15556,6.33333,30.11111,14.11111,25.0,1.77778,6.77778,21.52222,33.11111,274.62222,225.i_4
122280.94444,3950.77778,9728.3,1016.3,142734.05556,256.88889,12.77778,15.98519,1273.16667,437733.11111,171.56667,1169.22222,302.66667,863.77778,1.0,209.11111,620.66667,548.25556,26305.17778,225.a_5,1584.76667,67.57778,216.48889,41.11111,1417.58889,19.11111,1.0,4.17037,31.58889,8801.26667,6.22222,27.55556,13.33333,16.66667,1.77778,7.33333,7.94444,24.77778,272.28889,225.i_5
111144.38889,3624.0,9084.74444,951.85556,129268.83333,248.55556,11.88889,12.92593,1241.27778,428283.88889,165.67778,1158.66667,294.11111,832.22222,1.0,267.44444,520.55556,546.36667,24065.73333,225.a_6,1611.43333,72.24444,306.04444,70.83333,1565.58889,35.44444,1.0,7.34074,33.92222,8706.93333,7.66667,37.88889,13.55556,30.55556,1.77778,6.33333,18.62222,24.0,266.73333,225.i_6
108248.05556,4142.55556,9659.96667,1013.74444,131649.5,234.33333,13.22222,12.73333,1247.94444,410017.22222,155.56667,1035.22222,278.77778,911.88889,1.0,251.66667,491.88889,514.47778,22390.51111,225.a_7,1514.76667,71.24444,210.6,64.22222,1488.14444,25.22222,1.31852,3.05926,30.47778,8560.26667,6.33333,33.33333,11.0,16.33333,1.0,9.0,18.52222,22.88889,265.62222,225.i_7
110863.94444,3649.22222,9684.63333,1013.74444,128295.94444,275.33333,10.22222,20.57037,1184.83333,399751.66667,156.56667,1045.22222,272.77778,866.33333,1.0,244.55556,572.11111,547.58889,22107.51111,225.a_8,1600.32222,79.46667,321.04444,56.55556,1511.7,47.66667,1.42222,3.05926,31.36667,8470.93333,6.22222,31.66667,12.0,16.88889,1.0,5.77778,26.51111,24.77778,301.51111,225.i_8
101805.5,3554.11111,9378.85556,1054.96667,125238.05556,238.33333,16.11111,10.7037,1201.27778,391162.55556,157.78889,1124.0,270.11111,833.77778,1.0,210.44444,575.11111,571.14444,21634.28889,225.a_9,1552.54444,52.13333,178.37778,58.66667,1446.92222,10.88889,1.1037,3.05926,31.92222,8381.71111,5.11111,29.11111,11.55556,14.44444,1.0,10.22222,14.31111,20.77778,258.51111,225.i_9
174035.91111,17732.33333,13611.16667,22679.61111,1261387.57778,145.88889,16.77778,14.44444,8298.4,1528361.36667,616.55556,6568.55556,5675.77778,805.33333,8.93333,751.22222,1252.44444,1186.06667,4045.17778,226.a_0,3409.31111,655.0,209.05556,625.07778,20933.55556,476.66667,1.11111,9.48148,234.12222,22179.7,57.6,200.44444,228.5,5.22222,1.0,14.33333,17.33333,44.8,93.44444,226.i_0
182065.91111,18169.77778,13712.5,26327.27778,1267488.13333,139.66667,17.0,13.22222,8946.17778,1490629.7,666.77778,6830.0,5729.77778,789.88889,15.62222,717.22222,1214.44444,1342.17778,4404.51111,226.a_1,3239.31111,714.66667,225.94444,557.85556,18917.77778,513.44444,1.0,3.05926,194.67778,20839.25556,60.15556,199.77778,239.05556,4.11111,1.0,18.44444,29.88889,33.35556,81.33333,226.i_1
179641.02222,17337.77778,13487.5,23875.61111,1255299.02222,220.0,15.33333,14.55556,8858.95556,1456981.81111,635.33333,6306.77778,5952.22222,772.66667,7.40741,646.44444,1190.0,1298.17778,4191.73333,226.a_2,3290.31111,807.66667,197.83333,617.18889,19855.0,369.66667,1.0,6.31111,206.67778,20386.92222,53.26667,181.0,218.27778,4.66667,1.0,12.55556,20.22222,37.91111,72.44444,226.i_2
173185.57778,18360.77778,13588.27778,24506.38889,1186030.13333,184.88889,18.77778,27.11111,8591.95556,1423660.47778,646.33333,6123.44444,5578.88889,701.88889,9.96296,700.66667,1129.77778,1170.17778,4322.28889,226.a_3,3321.2,590.44444,179.83333,629.96667,21058.66667,458.0,1.22222,5.2,211.9,19808.81111,57.37778,205.33333,234.5,3.0,1.0,21.88889,37.77778,26.8,77.66667,226.i_3
170565.91111,17994.88889,13229.27778,23862.27778,1239879.24444,166.44444,15.66667,20.33333,8837.84444,1392625.7,621.33333,6331.22222,5559.22222,567.55556,14.18519,742.44444,1180.0,1327.62222,4212.06667,226.a_4,2943.42222,571.44444,184.27778,467.63333,18193.88889,566.77778,1.11111,3.14074,187.78889,19256.81111,52.82222,154.11111,220.83333,4.66667,1.77778,8.66667,21.33333,31.24444,64.0,226.i_4
167595.24444,18273.44444,13199.83333,24529.61111,1260071.68889,121.22222,15.55556,19.0,8659.17778,1359467.7,674.22222,6287.88889,5728.88889,683.66667,8.18519,737.77778,935.33333,1374.73333,3782.17778,226.a_5,2995.75556,548.11111,170.05556,570.74444,17655.44444,359.55556,1.0,9.86667,195.67778,18830.81111,60.6,188.22222,203.83333,4.11111,1.0,15.11111,10.33333,32.02222,68.44444,226.i_5
143956.02222,17992.11111,11935.72222,21224.94444,1169296.57778,94.55556,12.55556,8.77778,8560.06667,1323315.25556,630.55556,6026.77778,5418.44444,594.11111,19.23704,571.77778,1089.88889,1343.73333,3581.06667,226.a_6,3421.75556,647.0,143.27778,715.18889,19732.66667,334.77778,1.0,3.05926,196.9,18310.58889,55.48889,190.66667,210.05556,3.66667,1.0,10.22222,7.55556,37.57778,60.44444,226.i_6
155284.68889,18149.44444,12224.83333,22473.38889,1164011.13333,263.0,15.55556,14.55556,8032.4,1295874.14444,652.77778,6153.55556,5372.11111,573.88889,12.26667,595.0,1166.0,1337.4,4018.06667,226.a_7,3351.75556,618.77778,156.5,578.63333,19039.22222,770.44444,1.0,10.59259,190.45556,18011.36667,59.82222,192.88889,242.61111,3.11111,1.0,15.22222,17.11111,33.57778,65.55556,226.i_7
147037.68889,15762.44444,11405.38889,20521.16667,1103432.68889,80.0,12.22222,9.88889,7564.95556,1261195.81111,581.11111,5692.11111,4842.88889,625.33333,14.93333,648.33333,1119.55556,1132.4,4030.4,226.a_8,3116.64444,669.22222,157.16667,483.18889,17720.66667,402.66667,1.0,2.02963,196.67778,17748.25556,57.71111,207.66667,238.5,3.0,1.0,12.44444,10.55556,40.02222,68.11111,226.i_8
162737.02222,16948.0,12632.05556,20827.38889,1250665.68889,86.22222,15.22222,12.22222,7882.06667,1190941.81111,676.55556,5946.88889,5217.11111,630.66667,11.62963,632.22222,1378.11111,1070.28889,3283.06667,226.a_9,3087.75556,590.44444,157.16667,604.3,16973.33333,441.66667,1.11111,4.17037,206.01111,17537.92222,58.48889,201.77778,232.16667,2.33333,3.44444,11.55556,15.33333,40.13333,67.88889,226.i_9
63870.66667,18852.22222,10499.32222,4322.78889,134648.33333,170.44444,7.71111,13.95556,5964.53333,463557.14444,300.48889,4122.33333,6909.74444,341.0,39.88889,1518.0,989.88889,771.94444,25130.91111,61.a_0,6075.88889,1921.77778,443.81111,374.33333,4638.66667,150.0,1.11111,5.11852,303.5,14008.06667,9.0,43.66667,255.73333,6.55556,1.0,21.26667,10.55556,20.92222,284.28889,61.i_0
67689.33333,20056.55556,10981.54444,4878.12222,132238.88889,201.33333,10.37778,24.01481,5827.86667,431413.36667,258.48889,3756.88889,6360.74444,334.88889,35.33333,1453.66667,935.44444,774.38889,25436.13333,61.a_1,3586.55556,1942.11111,454.7,418.11111,4457.0,121.33333,1.0,4.95556,315.05556,12338.17778,8.0,64.0,301.06667,9.66667,1.0,19.31111,16.44444,19.81111,387.28889,61.i_1
67671.33333,19513.66667,10543.76667,4769.67778,132508.66667,205.55556,14.48889,4.17037,5359.75556,417410.47778,262.15556,3930.33333,6563.18889,338.11111,24.33333,1452.66667,867.11111,817.05556,24148.91111,61.a_2,5282.77778,1991.55556,504.92222,438.66667,4873.33333,137.77778,1.0,15.8,319.5,11371.4,8.55556,53.88889,328.06667,8.11111,1.0,36.37778,3.77778,18.25556,369.73333,61.i_2
67256.11111,19503.0,10523.1,5066.45556,143874.66667,209.55556,14.82222,11.62222,5525.86667,400373.03333,274.37778,3891.11111,6191.96667,318.55556,31.33333,1468.88889,1297.33333,720.61111,21532.8,61.a_3,3303.44444,2019.0,372.14444,477.33333,4464.66667,117.11111,1.22222,9.18519,301.83333,10620.84444,10.44444,78.33333,324.06667,5.33333,1.0,27.4,11.44444,17.03333,335.95556,61.i_3
64350.22222,19364.88889,9379.54444,4506.01111,120909.22222,166.33333,8.26667,18.42963,5535.86667,386439.92222,249.6,3442.0,5982.52222,311.55556,30.33333,1421.11111,826.44444,750.72222,21434.46667,61.a_4,3157.22222,2277.77778,379.81111,541.88889,4591.66667,76.22222,1.11111,3.84444,331.27778,9786.4,8.88889,77.22222,369.28889,7.0,1.0,16.4,20.33333,17.58889,290.28889,61.i_4
58764.11111,18657.11111,9209.87778,4519.01111,118434.11111,121.33333,6.93333,13.03704,5438.31111,375061.92222,225.82222,3477.33333,6052.85556,314.11111,17.66667,1238.11111,771.11111,851.83333,19984.46667,61.a_5,2682.22222,1728.0,315.47778,443.88889,3669.0,103.11111,1.0,5.9037,258.94444,9182.4,8.88889,52.55556,265.17778,6.66667,1.0,12.51111,10.33333,16.14444,259.51111,61.i_5
59577.44444,17996.88889,9249.76667,4606.78889,124376.88889,141.77778,7.15556,17.59259,5131.75556,367430.58889,227.93333,3382.44444,5946.3,311.22222,25.22222,1257.33333,853.22222,776.5,19000.68889,61.a_6,3587.44444,1818.77778,355.14444,420.66667,4065.55556,90.77778,1.11111,3.05926,279.38889,8836.4,6.33333,52.77778,234.62222,4.44444,1.77778,17.53333,10.55556,16.47778,284.95556,61.i_6
60301.88889,17397.0,9249.21111,4178.34444,116788.66667,88.33333,7.48889,20.76296,5133.2,349581.36667,217.04444,3268.11111,5751.96667,302.44444,23.44444,1191.66667,854.33333,914.5,18918.35556,61.a_7,2794.66667,1940.22222,339.14444,472.33333,3880.44444,152.55556,1.11111,5.9037,307.38889,8437.28889,8.55556,57.22222,268.28889,4.55556,1.0,11.28889,9.55556,17.92222,196.95556,61.i_7
54578.88889,17538.22222,9223.98889,4023.45556,108848.44444,131.55556,6.48889,25.42963,4837.08889,340194.36667,238.48889,3255.11111,5173.85556,299.44444,21.11111,1066.66667,580.88889,963.38889,16583.02222,61.a_8,3045.11111,2026.22222,373.7,456.66667,4641.77778,28.88889,1.0,8.12593,289.83333,8138.51111,8.22222,60.44444,329.95556,5.88889,3.44444,17.28889,19.33333,20.47778,321.28889,61.i_8
54246.55556,15540.11111,8652.54444,3760.12222,101230.55556,117.11111,5.26667,19.45926,4685.42222,330176.92222,212.48889,2996.55556,4748.41111,264.66667,23.55556,1189.0,643.33333,796.16667,17982.91111,61.a_9,2981.0,1998.88889,312.25556,441.44444,4227.66667,41.44444,1.0,6.06667,291.27778,7833.84444,11.11111,48.11111,302.73333,6.0,3.44444,9.02222,8.66667,11.58889,327.06667,61.i_9
210317.97778,20900.88889,10761.87778,10682.35556,454589.78889,73.77778,7.44444,12.11111,3435.93333,1250465.47778,281.88889,4356.02222,1539.88889,562.11111,2.66667,415.22222,350.33333,339.35556,53282.75556,62.a_0,5615.88889,1870.44444,77.61111,439.98889,3421.95556,290.71111,1.33333,1.0,159.58889,11065.2,13.97778,31.55556,94.77778,15.64444,1.0,4.11111,6.55556,3.48889,478.53333,62.i_0
210528.75556,24758.77778,10327.32222,11942.8,473984.56667,31.0,9.11111,7.66667,3462.04444,1199993.47778,273.55556,3692.13333,1590.66667,561.88889,3.44444,392.22222,299.77778,314.91111,63551.2,62.a_1,5496.0,1967.44444,102.05556,424.23704,3693.28889,337.68889,1.11111,7.66667,144.92222,10057.31111,15.08889,25.11111,106.0,11.97778,1.77778,4.55556,1.0,5.18148,278.42222,62.i_1
197387.53333,21007.88889,9931.1,10812.02222,424485.12222,129.55556,8.11111,14.44444,3241.6,1137933.25556,272.66667,3800.24444,1548.22222,519.66667,6.66667,374.33333,320.55556,316.24444,44615.97778,62.a_2,3260.66667,2599.33333,108.05556,560.87778,4317.4,105.82222,1.11111,2.11111,177.92222,9201.53333,21.08889,41.77778,142.55556,13.31111,1.0,4.77778,9.44444,7.6,310.42222,62.i_2
193917.75556,23666.55556,9811.65556,11153.46667,464121.9,108.88889,6.88889,8.77778,3261.15556,1073216.58889,268.66667,3189.24444,1648.33333,634.77778,4.22222,352.22222,253.33333,313.24444,39623.64444,62.a_3,2727.55556,2700.33333,121.61111,666.76667,4526.28889,440.95556,1.11111,3.22222,175.25556,8860.2,26.53333,43.77778,136.55556,11.53333,1.0,3.22222,3.77778,10.26667,262.2,62.i_3
181980.2,18403.44444,9257.21111,9051.02222,388743.45556,135.66667,6.77778,13.22222,3005.15556,951906.7,231.0,3265.91111,1437.22222,444.77778,7.66667,323.55556,249.44444,265.68889,36275.97778,62.a_4,2392.55556,2670.11111,95.16667,669.43333,4817.95556,134.48889,1.0,4.33333,171.25556,8534.97778,22.2,40.77778,156.11111,6.97778,1.0,2.33333,7.44444,6.95926,216.42222,62.i_4
174859.31111,18179.55556,9115.76667,8122.91111,400397.56667,43.44444,6.88889,16.55556,2949.48889,896647.03333,238.0,3323.35556,1319.33333,467.11111,5.88889,341.66667,298.0,298.13333,58164.86667,62.a_5,2061.88889,2723.77778,121.27778,607.32222,4750.95556,234.91111,1.0,2.11111,175.81111,8225.31111,23.86667,44.55556,128.88889,9.97778,1.0,2.55556,5.77778,5.62593,232.31111,62.i_5
162243.31111,17520.44444,8173.32222,7732.57778,395258.12222,80.11111,6.22222,5.44444,2841.71111,870662.58889,223.77778,2911.91111,1269.0,426.66667,5.88889,379.55556,237.44444,307.46667,49718.2,62.a_6,2186.11111,2807.66667,91.05556,599.65556,4478.17778,167.84444,1.11111,4.33333,181.81111,7884.42222,23.64444,57.88889,141.33333,10.64444,1.77778,2.88889,6.77778,9.01111,263.75556,62.i_6
158803.08889,16871.44444,8245.65556,8519.02222,347889.34444,37.0,6.88889,8.77778,2661.93333,823588.47778,215.0,3378.57778,1274.88889,416.11111,5.88889,299.33333,252.44444,240.8,31011.75556,62.a_7,2549.77778,2706.66667,104.83333,648.76667,4323.51111,253.71111,1.11111,3.22222,174.47778,7600.75556,21.75556,62.11111,127.44444,9.97778,1.0,3.11111,9.66667,6.62593,153.64444,62.i_7
150791.2,18283.22222,8295.1,8262.8,303153.9,35.11111,7.44444,8.77778,2573.26667,783382.14444,209.11111,3277.68889,1196.44444,351.33333,1.77778,326.0,237.44444,275.02222,34856.86667,62.a_8,1923.0,2930.11111,103.94444,774.98889,4767.73333,140.82222,1.0,2.11111,171.47778,7327.86667,21.53333,56.44444,136.22222,10.21481,1.77778,4.66667,6.66667,11.31852,179.97778,62.i_8
150256.42222,17163.66667,8125.76667,7239.24444,310210.9,55.66667,6.88889,5.44444,2428.93333,757066.81111,200.88889,3160.91111,1123.88889,354.44444,1.77778,348.55556,229.66667,254.8,30626.42222,62.a_9,1843.77778,3011.22222,82.38889,594.43333,4359.84444,198.37778,1.11111,2.11111,180.25556,7118.2,24.2,49.22222,152.77778,12.08889,1.0,2.11111,2.88889,7.23333,189.08889,62.i_9
54136.05556,22330.66667,4868.95556,18141.15556,360045.17778,175.46667,6.42222,17.97037,4861.63333,592564.96667,408.33333,131068.77778,6180.0,4820.77778,32.33333,10461.0,5374.17778,303.9,1083605.08889,63.a_0,678.2,1202.74444,102.2,344.24444,2283.27778,649.22222,1.0,1.0,174.33333,5762.9,26.88889,1395.76667,222.44444,30.55556,1.0,24.33333,2.77778,9.84444,1217.06667,63.i_0
50154.61111,21112.22222,4557.17778,18778.82222,376642.84444,366.46667,7.42222,15.8,4303.96667,561838.18889,506.66667,118410.22222,6420.11111,3999.44444,28.0,10296.0,4537.84444,291.56667,852219.75556,63.a_1,630.31111,1150.18889,96.97778,305.46667,2201.05556,1165.0,1.0,1.95185,148.11111,5458.78889,20.44444,1253.54444,244.77778,33.77778,1.0,28.11111,12.44444,18.42222,2043.73333,63.i_1
44976.61111,17653.11111,3909.4,11167.37778,264083.28889,159.02222,6.31111,10.45926,3948.52222,511222.18889,367.88889,97173.55556,5959.33333,2888.77778,24.55556,6451.66667,3413.62222,251.23333,502596.75556,63.a_2,640.97778,1123.07778,73.64444,285.02222,1875.94444,1117.55556,1.0,4.01481,155.44444,5191.34444,18.88889,1057.87778,220.55556,30.33333,1.0,19.77778,11.44444,11.4,1525.73333,63.i_2
40182.61111,17871.11111,3812.4,12982.93333,253714.17778,259.68889,5.42222,17.6963,3762.52222,475247.63333,333.0,99471.11111,5925.77778,3043.11111,18.44444,6682.22222,3428.51111,259.78889,526923.31111,63.a_3,550.75556,993.74444,77.86667,372.46667,1839.94444,1235.0,1.0,5.12593,139.33333,4971.12222,17.11111,1062.98889,185.77778,23.77778,1.0,16.88889,6.66667,18.75556,1191.51111,63.i_3
38467.5,18153.55556,3902.73333,14536.82222,311791.4,290.35556,5.2,6.06667,3758.3,445863.07778,323.22222,96650.33333,4418.77778,3555.11111,17.66667,9494.44444,3074.62222,204.56667,702812.42222,63.a_4,545.86667,1152.41111,66.97778,313.13333,1711.61111,384.22222,1.0,3.06296,148.0,4771.67778,16.88889,906.1,195.0,30.33333,3.44444,28.11111,5.66667,7.86667,1507.51111,63.i_4
38201.72222,18757.11111,3714.84444,16123.04444,336952.62222,214.57778,4.97778,4.00741,3918.41111,427690.18889,316.0,94810.0,4539.0,4137.11111,16.0,11562.33333,3284.73333,218.23333,950215.64444,63.a_5,515.53333,1067.52222,69.53333,222.91111,1601.38889,945.0,1.0,2.9037,143.33333,4640.23333,14.77778,934.65556,229.22222,12.0,1.0,23.55556,7.55556,16.42222,1342.4,63.i_5
34000.16667,19936.0,3488.06667,10985.93333,235761.28889,605.02222,5.21481,9.07407,3776.85556,404052.74444,334.55556,89485.66667,5388.44444,3115.33333,11.66667,10831.88889,2872.28889,213.67778,808077.86667,63.a_6,479.42222,832.18889,54.42222,297.57778,1562.61111,781.0,1.0,3.85556,120.33333,4441.23333,16.33333,875.21111,147.88889,36.22222,1.77778,28.44444,4.77778,9.75556,1051.51111,63.i_6
34463.38889,23353.88889,3706.95556,17215.6,269183.51111,251.6,6.53333,7.17778,4131.3,381195.3,374.55556,83508.0,5708.77778,3536.66667,10.88889,18209.0,3253.84444,261.78889,826535.75556,63.a_7,481.97778,854.41111,59.64444,230.68889,1688.05556,230.11111,1.0,4.01481,118.88889,4278.78889,17.77778,907.1,154.77778,30.44444,1.0,24.11111,6.66667,6.93333,1106.84444,63.i_7
30567.94444,21747.66667,3767.17778,11600.71111,215808.62222,658.13333,6.64444,7.17778,4057.52222,364749.52222,340.44444,86227.77778,5208.55556,3019.11111,9.33333,15989.55556,2628.4,233.67778,709644.64444,63.a_8,542.75556,1067.52222,68.31111,248.68889,1614.83333,781.0,1.0,6.07778,137.44444,4079.34444,12.0,923.65556,170.33333,8.33333,1.0,19.88889,5.55556,9.06667,1232.73333,63.i_8
30332.72222,19063.11111,3155.73333,11786.48889,189891.4,374.8,4.43704,4.00741,3623.63333,348984.52222,302.55556,72190.22222,4845.44444,2583.11111,15.88889,11069.44444,2277.28889,234.12222,562726.64444,63.a_9,451.42222,850.41111,74.97778,364.68889,1648.61111,669.66667,1.0,4.96667,113.22222,3921.78889,17.11111,875.54444,147.55556,20.0,1.0,33.11111,9.55556,8.4,1507.17778,63.i_9
74849.1,45008.91111,4373.98889,2940.57778,217487.18889,392.44444,9.33333,13.33333,8151.61111,617635.11111,699.33333,125330.88889,7136.28889,1998.75556,8.92593,10476.22222,692.66667,376.94444,20428.86667,64.a_0,898.04444,892.62222,60.24444,221.11111,1359.98889,290.71111,1.0,1.78889,87.52222,4321.78889,6.44444,731.88889,45.0,4.32593,1.0,28.4,1.0,6.61852,60.68889,64.i_0
73685.32222,34489.24444,4356.98889,3165.13333,225424.07778,236.33333,9.11111,16.66667,7091.05556,585600.33333,505.66667,129010.22222,6393.06667,1882.97778,10.53333,10365.88889,672.11111,317.05556,19974.42222,64.a_1,888.04444,685.73333,69.02222,113.11111,1443.1,95.84444,1.09259,7.48889,98.41111,4096.12222,8.11111,773.77778,38.66667,12.31111,1.77778,30.65185,10.44444,4.95185,95.02222,64.i_1
70315.1,37197.8,4367.87778,3201.24444,218244.18889,392.44444,8.44444,12.22222,7757.38889,564569.66667,598.0,124735.66667,4814.51111,1840.64444,8.20741,10206.22222,722.55556,322.5,20635.42222,64.a_2,892.04444,730.51111,78.46667,133.55556,1499.76667,69.06667,1.0,8.82222,105.18889,3986.01111,5.88889,1131.0,49.11111,3.22963,1.0,45.73333,2.37778,6.13333,113.13333,64.i_2
66791.32222,35715.13333,3929.65556,2708.02222,204615.85556,191.11111,5.88889,17.88889,7549.16667,550714.44444,531.77778,115180.55556,4500.62222,1757.97778,11.25185,10105.33333,561.22222,282.61111,18446.75556,64.a_3,803.6,777.84444,55.24444,144.40741,1329.65556,111.93333,1.2963,4.8,149.63333,3917.56667,6.88889,726.77778,46.55556,4.8963,1.0,28.73333,1.68889,5.13333,77.46667,64.i_3
68901.98889,30739.68889,4022.54444,3211.35556,207903.74444,236.44444,8.88889,7.66667,6308.72222,536100.77778,515.55556,111931.22222,3555.62222,1752.42222,1.71852,9999.66667,648.33333,276.72222,18261.2,64.a_4,719.6,655.73333,68.13333,113.40741,1276.87778,57.33333,1.09259,2.9,98.07778,3834.01111,7.0,754.22222,50.66667,7.75556,1.0,36.84444,6.75556,5.65926,99.57778,64.i_4
72349.43333,42744.91111,4133.87778,3141.68889,204271.85556,357.55556,7.22222,21.44444,6915.16667,519876.88889,656.88889,116544.77778,5914.4,1902.86667,9.87407,9822.77778,734.44444,368.61111,18432.08889,64.a_5,847.93333,935.4,54.57778,187.66667,1370.54444,165.48889,1.0,1.0,106.74444,3723.78889,7.55556,641.0,43.11111,4.32593,1.0,24.62222,2.68889,7.43704,68.24444,64.i_5
69031.65556,31119.68889,3909.76667,2811.57778,212221.74444,297.88889,8.11111,27.22222,7004.61111,505524.66667,512.0,115657.88889,4994.06667,1706.64444,13.08889,9246.88889,625.44444,308.72222,18343.64444,64.a_6,854.15556,963.62222,51.02222,156.77778,1649.65556,186.28889,1.0,3.68889,87.74444,3650.23333,10.55556,734.88889,43.55556,4.32593,1.0,38.42963,2.37778,4.88148,76.24444,64.i_6
61093.65556,29301.24444,4605.1,3281.13333,200476.3,289.66667,11.77778,21.22222,4993.94444,493135.88889,339.77778,107936.44444,3750.62222,1594.86667,9.81481,8749.0,721.44444,336.61111,16304.75556,64.a_7,693.93333,683.95556,46.8,141.85185,1233.65556,238.8,1.0,2.9,73.63333,3509.23333,5.11111,552.44444,38.66667,4.00741,1.0,35.17778,5.06667,8.77037,69.8,64.i_7
62659.32222,30398.35556,4129.98889,3183.13333,196032.52222,295.66667,10.0,16.55556,5470.05556,482782.77778,477.11111,107222.55556,3567.62222,1507.08889,12.14074,8633.66667,790.88889,332.16667,18120.42222,64.a_8,795.37778,1154.51111,60.8,182.55556,1313.87778,77.28889,1.0,1.78889,78.96667,3456.45556,5.66667,682.66667,53.11111,7.65926,1.0,33.84444,2.68889,4.24444,57.91111,64.i_8
57663.54444,26587.8,4050.76667,3089.91111,183678.3,221.88889,9.44444,19.0,5952.83333,466339.55556,439.0,98515.55556,3547.17778,1428.97778,8.20741,7743.77778,571.88889,267.38889,16202.42222,64.a_9,705.71111,823.28889,55.8,138.77778,1172.54444,91.86667,1.0,3.36667,74.3,3388.12222,5.66667,686.44444,51.77778,6.21481,1.0,24.62222,3.37778,8.54815,88.02222,64.i_9
76653.88889,34670.28889,5271.81111,9827.9,215383.86667,300.11111,10.11111,10.4,4934.94444,599546.98889,654.66667,171631.22222,6600.22222,1266.88889,18.85926,1907.11111,545.33333,1919.97778,14314.4,65.a_0,816.98889,2481.91111,159.9,467.18889,2159.52222,445.88889,1.0,1.91111,135.02222,6069.38889,33.55556,3519.03333,204.84444,15.44444,1.0,18.44444,7.55556,155.67778,336.75556,65.i_0
76114.88889,38234.95556,6075.36667,10021.34444,208857.08889,431.33333,8.66667,14.6,5011.38889,577056.98889,722.11111,156776.11111,7431.22222,1350.88889,22.08148,1846.33333,735.44444,1939.86667,19967.06667,65.a_1,744.1,2491.8,103.56667,449.07778,2150.3,236.44444,1.11111,1.91111,129.24444,5660.27778,26.66667,2945.03333,212.06667,10.66667,1.77778,13.55556,6.66667,108.9,245.2,65.i_1
75126.0,32765.4,5620.58889,8684.56667,196982.75556,226.0,8.44444,7.31111,4860.16667,563583.1,577.22222,155774.55556,5644.77778,1123.66667,19.46667,1891.88889,550.33333,1357.42222,15338.62222,65.a_2,746.32222,2523.46667,138.78889,474.85556,2237.41111,189.11111,1.0,1.0,132.68889,5450.5,28.33333,3422.47778,219.51111,13.88889,1.0,10.77778,4.77778,129.01111,241.97778,65.i_2
76527.44444,38350.06667,5662.14444,10176.67778,196527.86667,263.0,8.55556,3.84444,4631.94444,547695.98889,642.88889,152876.11111,5856.0,1319.77778,16.53333,1838.44444,540.44444,1875.53333,15918.62222,65.a_3,662.98889,2502.02222,139.78889,513.41111,2051.41111,164.66667,1.0,4.84444,134.13333,5193.38889,24.55556,2954.92222,252.73333,11.33333,2.66667,12.77778,6.77778,100.78889,176.86667,65.i_3
75417.0,34397.28889,5355.36667,8586.78889,182366.97778,254.88889,5.77778,5.82222,4642.27778,531640.98889,615.77778,147189.55556,5717.44444,1046.88889,11.36296,1663.22222,379.88889,1343.64444,11363.28889,65.a_4,664.98889,2496.91111,131.45556,487.96667,2159.85556,90.33333,1.0,6.66667,134.68889,4894.5,29.88889,3451.92222,271.51111,17.55556,1.0,10.66667,13.22222,100.23333,257.97778,65.i_4
71190.22222,31867.73333,4768.58889,8013.01111,178157.53333,335.0,6.77778,9.77778,4205.27778,522460.32222,578.66667,144508.22222,5437.22222,1011.44444,16.47407,1641.77778,446.33333,1486.64444,11620.4,65.a_5,626.43333,1988.46667,109.23333,366.63333,1910.3,78.44444,1.0,3.93333,116.68889,4710.83333,22.33333,3023.03333,186.84444,14.44444,1.77778,17.11111,7.55556,92.12222,267.86667,65.i_5
70914.55556,30892.73333,5004.58889,8491.12222,186103.08889,361.77778,7.33333,4.71111,4148.27778,504835.32222,593.22222,143045.11111,5378.33333,1022.44444,18.02963,1705.44444,424.66667,1502.2,12462.73333,65.a_6,668.32222,2298.91111,118.78889,495.41111,2162.96667,63.77778,1.0,2.82222,155.13333,4527.38889,29.66667,3492.58889,230.73333,17.77778,1.0,18.33333,13.33333,115.34444,277.08889,65.i_6
65766.66667,31728.84444,4902.47778,8470.23333,171195.86667,240.55556,6.0,9.53333,4389.38889,486369.98889,588.44444,134263.0,4950.66667,1123.33333,20.47407,1630.0,453.33333,1572.86667,12552.28889,65.a_7,696.32222,2552.57778,94.45556,428.3,2182.96667,39.33333,1.0,3.73333,137.46667,4427.38889,25.88889,3139.25556,257.73333,13.44444,1.0,5.22222,2.77778,112.01111,133.2,65.i_7
64641.44444,28915.06667,4421.14444,7014.78889,166051.97778,234.22222,5.33333,7.55556,4097.16667,462452.54444,558.55556,138111.66667,4935.22222,961.11111,18.68889,1484.33333,425.66667,658.75556,9266.51111,65.a_8,681.21111,2420.24444,96.01111,459.3,1980.85556,117.55556,1.0,2.82222,131.46667,4270.5,27.55556,3082.25556,239.51111,13.11111,1.0,6.66667,6.66667,107.23333,161.42222,65.i_8
62321.0,28818.73333,4482.58889,8426.9,163544.08889,353.33333,4.44444,11.24444,4142.27778,451568.43333,526.11111,131944.11111,4452.44444,1032.33333,12.37037,1397.66667,450.33333,1417.86667,10595.06667,65.a_9,700.65556,2400.8,102.78889,469.85556,2121.96667,84.66667,1.11111,1.0,129.35556,4118.16667,25.0,3090.92222,247.06667,16.44444,1.0,7.55556,4.77778,112.56667,125.08889,65.i_9
77013.12222,41254.43333,16903.53333,11863.75556,324676.52222,554.77778,27.0,22.78148,7844.02222,1889496.12222,602.33333,1280.91111,3536.07778,1018.0,6.66667,2756.22222,1470.8,6996.6,7973.35556,66.a_0,1529.63333,2363.66667,100.23333,326.77778,2472.65556,35.17778,1.0,4.08889,214.06667,6879.88889,22.93333,67.77778,153.37778,4.88889,1.0,10.26667,4.66667,24.71111,29.93333,66.i_0
75474.56667,43399.87778,17044.42222,11175.53333,316586.3,456.22222,25.66667,32.94074,7699.57778,1854269.12222,508.0,1317.91111,3410.07778,1016.11111,5.11111,2667.0,1497.8,6620.15556,7706.8,66.a_1,2205.3,1898.88889,108.45556,347.55556,2750.87778,86.44444,1.11111,3.05926,176.95556,6281.77778,13.15556,96.66667,120.6,6.0,1.0,12.57037,4.66667,27.71111,39.37778,66.i_1
75988.67778,37145.43333,16281.75556,11447.2,312530.41111,626.66667,17.88889,27.55926,7019.35556,1809405.01111,462.44444,1254.8,3455.96667,1021.66667,5.11111,2744.55556,1415.35556,6932.6,7616.24444,66.a_2,1538.63333,1989.66667,95.45556,378.44444,2476.76667,24.66667,1.0,1.0,164.95556,5919.88889,14.6,74.88889,146.71111,4.11111,1.0,8.62963,4.88889,25.37778,32.71111,66.i_2
75163.67778,39647.21111,16548.75556,10885.97778,307030.18889,474.44444,23.44444,24.4,7337.02222,1781691.67778,539.22222,1307.13333,3277.96667,1011.22222,8.33333,2583.33333,1418.35556,6663.71111,7494.68889,66.a_3,1827.18889,1749.33333,81.9,283.22222,2467.76667,123.33333,1.11111,3.14074,142.62222,5636.55556,12.15556,96.66667,107.6,5.22222,1.0,7.88148,2.88889,29.82222,31.93333,66.i_3
72693.45556,40767.98889,16036.53333,11121.42222,307884.74444,554.77778,24.22222,18.90741,6990.46667,1744286.78889,499.44444,1240.46667,3982.18889,980.88889,9.33333,2544.11111,1485.91111,6864.26667,7406.68889,66.a_4,1494.96667,1605.77778,86.34444,342.33333,2022.1,233.97778,1.22222,2.02963,150.62222,5332.44444,12.04444,74.88889,88.15556,4.11111,1.77778,6.2963,4.66667,26.71111,28.37778,66.i_4
69376.01111,39868.87778,16006.42222,10350.53333,299163.52222,439.66667,23.0,26.05185,6750.91111,1711455.45556,520.11111,1284.02222,3364.18889,953.11111,14.33333,2383.11111,1394.68889,6297.93333,7426.57778,66.a_5,1481.18889,1594.66667,80.67778,339.77778,2150.54444,141.77778,1.11111,1.0,157.84444,5175.33333,13.15556,63.33333,89.04444,4.44444,1.77778,6.48889,1.0,28.04444,28.37778,66.i_5
72417.12222,39659.43333,16714.53333,11299.64444,298955.63333,544.22222,26.44444,24.0037,7693.02222,1686083.45556,514.22222,1160.02222,4118.63333,947.55556,8.44444,2555.66667,1426.35556,6734.93333,7175.91111,66.a_6,1212.96667,1583.55556,79.78889,241.88889,2079.43333,37.11111,1.0,2.02963,157.51111,5043.88889,10.26667,41.44444,106.6,4.0,1.77778,1.91111,10.55556,22.26667,25.04444,66.i_6
69065.23333,41234.32222,15152.08889,10521.2,278502.18889,468.44444,21.44444,18.62222,6577.35556,1633869.01111,489.55556,1144.8,4294.85556,934.11111,10.88889,2660.22222,1487.68889,6630.37778,7036.57778,66.a_7,1319.07778,1917.88889,82.78889,293.33333,2570.21111,143.24444,1.0,2.02963,171.17778,4902.33333,14.82222,19.22222,123.82222,1.77778,1.0,6.07407,2.77778,18.05185,20.53333,66.i_7
65188.9,36192.76667,14612.75556,10081.53333,271370.74444,552.55556,25.11111,21.27407,7300.57778,1598043.01111,477.44444,1149.35556,3982.96667,875.22222,6.77778,2446.33333,1431.35556,6370.48889,6856.35556,66.a_8,942.41111,2143.44444,72.34444,396.55556,1854.21111,120.75556,1.0,3.05926,171.62222,4713.44444,11.26667,17.66667,108.82222,1.55556,1.0,3.54815,5.77778,19.26667,15.26667,66.i_8
63690.9,38719.21111,13948.08889,9934.31111,265671.3,400.77778,19.44444,23.71852,6671.35556,1560039.34444,441.44444,1092.68889,3188.3,894.22222,5.88889,2666.88889,1281.8,6649.93333,6536.57778,66.a_9,1007.3,1525.88889,78.56667,295.88889,1829.21111,122.97778,1.0,1.0,158.28889,4550.88889,13.04444,31.55556,102.93333,2.44444,1.77778,7.79259,7.55556,17.82963,25.15556,66.i_9
34854.38889,10035.44444,6005.12222,2990.68889,107468.36667,269.22222,17.66667,14.66667,2068.84444,614206.47778,211.77778,1397.02222,306.18889,372.44444,1.0,3552.33333,465.33333,1834.94444,81863.84444,67.a_0,491.43333,372.33333,107.85556,63.27037,1607.67778,552.77778,1.0,2.9037,61.65556,8425.27778,10.71111,97.48889,12.44444,3.77778,1.0,33.28889,6.77778,10.74444,386.48889,67.i_0
32110.61111,9847.22222,5756.23333,2998.46667,104210.03333,226.0,17.11111,30.66667,2088.28889,591581.92222,194.44444,1325.46667,337.63333,329.55556,1.77778,3488.22222,374.11111,1745.94444,75756.51111,67.a_1,411.1,321.88889,91.07778,42.6037,1180.56667,336.88889,1.0,4.17037,52.87778,7921.5,5.60741,28.6,11.44444,3.77778,1.0,24.51111,5.66667,30.52222,390.04444,67.i_1
35492.16667,9886.77778,6134.56667,2988.24444,102614.7,205.44444,14.88889,27.11111,2202.95556,567536.03333,190.55556,1337.91111,300.07778,307.77778,1.0,3595.0,328.55556,1797.5,75409.06667,67.a_2,421.32222,314.88889,110.07778,45.41111,1252.01111,380.11111,1.0,1.79259,59.1,7511.94444,9.04444,58.15556,11.44444,4.0,1.0,21.65185,5.77778,24.41111,380.48889,67.i_2
34823.83333,9991.44444,5949.45556,3070.46667,107993.14444,174.66667,20.77778,19.33333,2207.95556,551424.81111,217.77778,1314.57778,309.07778,367.0,1.0,3920.33333,342.44444,1877.38889,71706.73333,67.a_3,403.43333,290.55556,90.96667,28.08889,1234.34444,334.88889,1.11111,1.79259,51.87778,7208.05556,6.37778,49.15556,10.66667,3.22222,1.0,16.95556,5.66667,29.3,340.82222,67.i_3
34088.61111,10837.0,6231.45556,3055.02222,104413.7,174.66667,16.44444,13.33333,2255.95556,540624.58889,197.11111,1217.35556,362.07778,341.44444,2.55556,3999.55556,338.66667,2081.05556,70213.73333,67.a_4,443.1,307.88889,98.52222,17.39259,1167.12222,696.44444,1.0,1.79259,49.32222,7013.83333,6.60741,74.48889,8.11111,3.55556,1.0,19.65185,6.55556,17.63333,292.15556,67.i_4
33435.61111,10743.33333,6046.78889,3021.57778,111436.81111,121.11111,16.33333,15.77778,2269.95556,528951.36667,192.44444,1297.46667,323.63333,335.55556,1.0,3264.55556,323.66667,2129.05556,69361.28889,67.a_5,431.98889,271.55556,103.85556,51.2,1095.23333,402.66667,1.0,2.58519,47.87778,6851.05556,6.04444,33.26667,11.55556,2.88889,1.0,17.68148,2.77778,22.18889,298.93333,67.i_5
33642.94444,9975.22222,6308.56667,3011.46667,104249.36667,189.0,20.0,14.55556,2324.4,519034.25556,184.0,1215.57778,308.85556,315.88889,1.0,3746.33333,467.33333,1890.61111,68430.4,67.a_6,365.21111,292.66667,93.96667,20.31111,1347.78889,281.66667,1.0,1.0,47.32222,6599.16667,6.71111,20.71111,6.77778,2.88889,1.0,15.28889,7.55556,21.85556,291.93333,67.i_6
33871.72222,9752.88889,5746.01111,2972.57778,110381.7,197.22222,18.22222,19.0,2158.28889,512801.58889,186.0,1257.24444,396.52222,323.11111,1.0,3703.44444,367.22222,1898.5,73932.4,67.a_7,395.32222,298.66667,107.74444,35.75556,1107.45556,341.11111,1.0,1.79259,46.43333,6446.94444,6.37778,37.6,11.88889,4.0,1.0,19.28889,7.66667,19.85556,282.6,67.i_7
32867.61111,9643.77778,6114.34444,2794.57778,98707.58889,182.88889,19.66667,23.66667,2213.4,501509.81111,192.0,1176.13333,327.18889,283.22222,1.77778,3243.66667,343.33333,1830.05556,66413.4,67.a_8,390.76667,233.22222,98.74444,17.28148,1041.45556,71.88889,1.0,3.37778,47.76667,6305.61111,8.04444,26.48889,11.0,1.88889,1.0,22.84444,2.88889,24.41111,299.48889,67.i_8
32251.94444,8957.55556,5449.67778,2678.46667,99957.92222,166.33333,15.44444,26.11111,1773.73333,490465.25556,182.77778,1231.46667,288.3,284.22222,1.0,3182.0,327.66667,1660.5,70645.28889,67.a_9,384.1,240.11111,90.18889,25.42222,964.34444,386.22222,1.0,1.79259,38.98889,6168.94444,5.71111,40.26667,5.11111,3.44444,1.0,18.57037,12.55556,22.3,235.6,67.i_9
52708.5,17137.62222,8519.61111,25820.42222,251554.4,223.88889,7.66667,13.22222,34999.87778,101623.77778,280.0,2179.46667,23894.06667,1454.66667,2267.46667,152.33333,132.77778,383.33333,1225.33333,92vA.a_0,1251.83333,114.51111,118.44444,66.22222,1491.13333,6.88889,1.0,1.0,109.51111,1333.53333,2.0,38.44444,71.0,3.22222,8.0,2.11111,1.0,2.34444,14.33333,92vA.i_0
49201.61111,16164.17778,8461.61111,20956.75556,315578.4,141.66667,9.55556,14.44444,34887.1,97410.0,318.44444,2160.24444,23938.62222,1288.55556,2339.68889,178.88889,156.44444,344.33333,1249.77778,92vA.a_1,1442.05556,150.84444,116.44444,66.22222,1284.57778,5.0,1.0,2.11111,131.84444,1291.53333,1.33333,45.55556,89.22222,1.66667,5.53333,2.11111,2.88889,5.24444,19.0,92vA.i_1
55550.61111,16744.95556,8876.72222,23472.75556,265590.06667,334.77778,5.55556,7.77778,32202.76667,93404.0,298.11111,2339.35556,23857.17778,1596.55556,2265.8,145.77778,113.77778,405.44444,1279.66667,92vA.a_2,1421.05556,102.17778,102.33333,23.8,1497.8,2.88889,1.0,2.11111,123.4,1222.86667,1.55556,29.77778,66.22222,2.33333,11.33333,2.44444,2.88889,1.9,13.22222,92vA.i_2
48628.5,16387.95556,8629.61111,22456.31111,290537.4,162.22222,8.22222,9.88889,33181.21111,90964.77778,278.55556,2240.35556,24816.4,1555.55556,2123.91111,112.77778,142.55556,346.44444,1182.22222,92vA.a_3,1326.5,106.28889,120.55556,80.93333,1436.46667,11.0,1.0,2.11111,127.06667,1175.86667,2.22222,40.55556,77.77778,2.55556,3.95556,1.0,1.0,3.16296,16.88889,92vA.i_3
54174.61111,19057.17778,8802.27778,23962.53333,309097.4,271.11111,8.55556,7.77778,35865.87778,88429.11111,298.33333,2260.68889,26006.51111,1801.22222,2298.8,161.33333,167.11111,380.55556,1386.77778,92vA.a_4,1425.38889,148.62222,102.55556,63.66667,1522.24444,9.11111,1.0,1.0,138.4,1128.86667,2.0,36.0,74.44444,2.22222,14.57778,3.22222,1.0,4.23333,14.0,92vA.i_4
52768.27778,17730.17778,8427.94444,23132.08889,295545.73333,113.0,9.33333,6.55556,35100.32222,86881.0,264.77778,2234.91111,21953.84444,1565.55556,2197.68889,112.77778,140.44444,393.33333,1167.77778,92vA.a_5,1379.16667,129.4,119.55556,41.17778,1474.68889,4.77778,1.1037,1.0,134.4,1113.2,2.55556,33.66667,78.88889,3.0,8.86667,3.44444,1.0,2.94074,18.66667,92vA.i_5
49261.38889,16931.51111,7836.16667,20599.75556,306732.28889,104.77778,5.88889,6.55556,32036.54444,85506.55556,264.22222,2109.91111,24327.51111,1583.55556,2137.13333,108.22222,132.55556,335.66667,1180.11111,92vA.a_6,1453.38889,131.62222,123.11111,89.55556,1675.35556,13.0,1.0,4.33333,136.73333,1071.42222,2.33333,49.66667,76.22222,2.77778,7.31111,2.11111,1.88889,2.4963,18.0,92vA.i_6
47313.05556,17064.4,8151.27778,24530.08889,249884.4,174.55556,7.0,8.77778,30122.98889,84325.77778,264.88889,2470.35556,24367.17778,1653.55556,2168.35556,120.55556,138.55556,376.11111,1090.11111,92vA.a_7,1315.5,129.51111,98.0,66.64444,1375.13333,9.0,1.0,1.0,122.28889,1034.86667,1.55556,39.22222,82.77778,2.55556,15.26667,1.66667,1.0,2.34444,11.33333,92vA.i_7
52543.94444,16775.06667,8411.94444,21854.75556,287976.62222,109.0,6.44444,5.44444,34706.1,83561.55556,292.0,2223.57778,24030.4,1267.88889,2229.91111,102.77778,95.11111,386.55556,1208.11111,92vA.a_8,1340.72222,92.28889,113.33333,22.86667,1288.91111,5.0,1.0,1.0,128.73333,1024.42222,1.44444,32.55556,82.44444,2.11111,5.53333,1.77778,2.77778,4.17407,15.11111,92vA.i_8
51778.27778,18136.84444,8367.5,20371.86667,286389.06667,92.44444,6.55556,8.88889,37483.76667,82663.22222,293.66667,2220.24444,21963.84444,1475.11111,2215.35556,123.33333,135.33333,354.44444,1259.33333,92vA.a_9,1297.27778,134.4,105.44444,91.57778,1415.13333,68.44444,1.0,5.44444,133.51111,987.86667,2.11111,36.0,77.66667,1.44444,11.91111,1.33333,2.88889,4.98148,17.88889,92vA.i_9
47151.54444,13913.26667,7821.2,10472.26667,198902.97778,299.88889,4.55556,11.11111,23085.02222,96181.81111,212.11111,1903.33333,19347.66667,937.77778,1748.35556,69.77778,83.11111,253.57778,1188.33333,92vB.a_0,6936.7,2347.95556,2246.75556,852.9037,25097.11111,19.11111,1.55556,1.0,4522.73333,24253.93333,66.33333,518.22222,3462.22222,62.11111,479.28889,15.11111,33.77778,91.88889,344.0,92vB.i_0
49778.76667,14822.82222,7974.42222,13200.48889,192237.31111,183.0,5.0,6.66667,23461.35556,91147.36667,239.33333,1938.66667,18559.44444,902.66667,1913.46667,127.11111,93.88889,277.24444,1242.22222,92vB.a_1,7073.36667,3051.73333,2174.31111,1108.26667,30577.88889,10.66667,1.11111,5.44444,5002.84444,22423.04444,67.11111,424.33333,3434.11111,52.77778,443.84444,21.77778,18.22222,105.88889,321.22222,92vB.i_1
56802.87778,14545.6,8035.64444,15316.71111,178864.64444,201.44444,4.44444,3.22222,32191.57778,88847.81111,236.55556,2148.66667,18210.22222,1216.55556,1919.46667,66.55556,108.77778,283.46667,1014.88889,92vB.a_2,7212.14444,2805.06667,2101.2,457.87407,14635.44444,6.88889,1.11111,4.33333,4980.28889,20551.26667,65.33333,413.44444,3060.55556,48.77778,393.51111,23.88889,6.55556,80.0,317.0,92vB.i_2
51954.21111,14402.6,7931.2,10016.6,165629.97778,109.0,5.0,5.44444,25277.35556,87126.92222,264.88889,2049.66667,17650.88889,888.88889,1768.24444,71.88889,95.77778,273.91111,1118.11111,92vB.a_3,6935.14444,2449.06667,1937.53333,622.93333,13621.88889,1.0,1.0,2.11111,4424.17778,20062.48889,59.88889,418.22222,3025.77778,41.0,390.84444,18.0,18.33333,82.77778,308.66667,92vB.i_3
49073.76667,15240.15556,7777.2,14232.15556,203458.42222,115.0,5.44444,3.22222,28422.91111,84989.36667,266.0,2331.55556,19385.77778,1028.22222,1769.13333,63.88889,94.88889,278.35556,1046.11111,92vB.a_4,6563.92222,2531.95556,1991.64444,909.48889,17339.44444,18.77778,1.0,1.0,4441.62222,19699.93333,57.44444,400.55556,2896.55556,62.44444,356.06667,20.22222,8.55556,108.77778,290.11111,92vB.i_4
51233.43333,15188.48889,7714.53333,17432.82222,174197.97778,191.22222,5.0,8.88889,27156.24444,83651.36667,228.66667,2163.22222,21337.11111,1009.22222,1924.8,139.55556,70.22222,337.35556,1172.11111,92vB.a_5,7362.36667,2685.62222,1928.86667,290.34815,13671.88889,8.77778,1.0,3.22222,4618.4,19195.04444,54.22222,426.44444,2566.33333,41.0,415.06667,20.22222,10.44444,77.0,289.55556,92vB.i_5
53223.98889,14315.15556,7429.2,13596.37778,193221.86667,142.0,4.44444,3.22222,23971.57778,82768.47778,236.55556,2061.11111,16677.88889,1247.66667,1679.68889,78.44444,89.88889,330.46667,1099.88889,92vB.a_6,7491.47778,2658.51111,1960.97778,267.23704,16445.11111,10.66667,1.22222,2.11111,4541.51111,18711.48889,58.33333,375.55556,2614.66667,31.44444,388.95556,20.22222,13.44444,67.0,307.0,92vB.i_6
50932.32222,15432.15556,7420.08889,14077.48889,166467.64444,324.44444,4.77778,1.0,28353.46667,81555.03333,213.66667,2189.0,16387.77778,933.55556,1807.46667,67.0,86.88889,256.35556,1067.66667,92vB.a_7,6609.7,2469.17778,1727.75556,692.82222,16338.88889,8.77778,1.0,1.0,3916.51111,18537.93333,60.77778,344.55556,2171.55556,38.66667,342.95556,9.22222,11.55556,75.11111,275.0,92vB.i_7
50355.43333,15584.6,7031.97778,14704.48889,174921.2,82.22222,4.11111,8.88889,21789.02222,80426.03333,227.77778,2113.66667,21451.55556,1108.88889,1793.46667,77.55556,71.0,242.57778,1017.11111,92vB.a_8,7445.14444,2618.84444,1907.97778,200.12593,12924.88889,9.0,1.11111,2.11111,4321.4,18259.71111,56.77778,375.66667,2378.22222,36.66667,357.73333,23.11111,13.55556,73.0,308.0,92vB.i_8
52881.76667,14655.26667,6542.64444,13192.37778,167997.31111,88.44444,4.77778,11.0,29033.02222,78746.14444,237.0,2013.77778,17435.22222,922.33333,1862.35556,77.22222,105.88889,328.35556,1017.11111,92vB.a_9,6723.7,2196.17778,1721.53333,385.71111,11726.77778,6.88889,1.0,3.22222,3938.17778,17828.82222,48.0,350.33333,2279.22222,30.22222,318.84444,18.0,11.33333,55.44444,275.11111,92vB.i_9
65646.72222,21795.85556,7635.11111,26987.33333,604503.47778,57.44444,13.11111,11.92593,35151.81111,220119.04444,317.93333,15447.11111,40225.55556,993.55556,2374.64444,635.84444,101.0,598.66667,1021.11111,92vC.a_0,2093.92222,241.62222,181.37778,137.6,2855.06667,33.11111,1.0,2.02963,68.84444,1971.22222,3.44444,75.44444,114.77778,7.0,15.02222,10.0,5.66667,8.0,32.88889,92vC.i_0
74032.72222,22258.74444,7754.11111,19974.22222,510232.14444,65.88889,16.77778,3.48889,34937.58889,208625.6,313.37778,13868.88889,52157.0,1267.33333,2255.42222,624.73333,113.66667,590.55556,1112.88889,92vC.a_1,1977.36667,226.28889,167.6,89.10741,2609.06667,131.88889,1.0,2.02963,67.17778,1808.66667,2.33333,78.0,101.66667,5.55556,8.4,8.33333,2.88889,9.88889,24.55556,92vC.i_1
68255.05556,21386.74444,7533.88889,25504.11111,579253.58889,57.44444,12.22222,8.59259,33738.03333,196702.6,335.15556,14012.0,37839.33333,1204.11111,2353.64444,731.17778,115.77778,598.0,978.22222,92vC.a_2,1939.03333,171.84444,134.48889,122.15556,2484.62222,49.44444,1.0,2.02963,70.17778,1724.66667,2.11111,89.0,125.11111,2.22222,14.28889,2.11111,2.77778,18.0,22.55556,92vC.i_2
65815.61111,20389.3,6621.55556,21786.22222,512311.47778,82.22222,14.33333,5.71111,32612.03333,186985.04444,269.48889,12981.88889,39965.77778,1048.22222,2360.64444,685.17778,93.88889,591.33333,1023.44444,92vC.a_3,1894.58889,220.28889,147.71111,274.94815,2522.84444,55.88889,1.22222,2.02963,71.06667,1698.0,2.55556,78.55556,122.66667,5.0,12.73333,3.66667,2.88889,23.33333,22.44444,92vC.i_3
65506.38889,21594.85556,6948.22222,23651.66667,452663.58889,150.0,14.66667,7.37037,27985.7,180807.82222,291.82222,12913.44444,34911.0,1021.88889,2355.53333,695.84444,87.11111,620.33333,967.66667,92vC.a_4,1727.47778,132.51111,92.15556,73.94815,2443.51111,55.77778,1.0,1.0,63.62222,1635.33333,1.77778,85.33333,93.66667,4.0,8.91111,5.88889,2.88889,8.11111,17.77778,92vC.i_4
66913.5,20939.18889,6587.33333,21250.33333,539430.47778,113.11111,15.11111,13.97778,26201.36667,175798.93333,321.6,13066.11111,32315.66667,904.88889,2331.08889,523.73333,58.44444,534.0,956.66667,92vC.a_5,1899.36667,206.4,150.26667,64.87037,3024.95556,61.77778,1.0,1.0,59.95556,1604.0,2.11111,91.11111,99.33333,4.11111,11.06667,6.22222,1.88889,17.77778,26.77778,92vC.i_5
62165.94444,19681.74444,5973.0,19442.0,460527.36667,117.33333,9.66667,6.54074,24440.47778,171214.37778,306.6,11448.44444,35695.66667,1095.66667,2188.53333,462.95556,105.88889,574.44444,876.22222,92vC.a_6,1773.47778,183.95556,118.26667,168.88519,2837.4,51.77778,1.11111,1.0,61.84444,1604.0,1.33333,84.0,97.88889,4.22222,10.06667,3.88889,1.88889,15.55556,19.66667,92vC.i_6
61392.72222,17480.63333,5739.33333,20970.55556,488258.25556,84.44444,10.88889,19.25185,22162.7,166024.71111,306.15556,11655.88889,32302.55556,972.11111,2206.64444,514.51111,74.22222,517.0,816.55556,92vC.a_7,1660.7,142.51111,153.82222,26.6,2412.28889,70.22222,1.0,1.0,64.06667,1546.44444,1.33333,77.88889,82.55556,4.0,9.02222,3.55556,1.0,13.0,15.33333,92vC.i_7
79131.05556,23452.52222,7365.88889,20906.44444,493059.47778,94.44444,14.55556,28.02222,29901.81111,161911.15556,310.82222,12469.0,39161.55556,1187.66667,2361.42222,687.95556,94.11111,660.66667,883.66667,92vC.a_8,1575.58889,170.95556,194.37778,117.44074,2228.62222,62.0,1.0,3.05926,62.17778,1509.0,1.55556,78.77778,83.33333,3.55556,12.88889,6.33333,1.88889,7.0,18.44444,92vC.i_8
61329.05556,17688.96667,5536.11111,20497.44444,446453.92222,43.22222,9.22222,14.37037,22531.58889,158561.26667,273.82222,11944.0,34417.0,985.33333,2106.53333,516.84444,86.11111,519.33333,826.66667,92vC.a_9,1870.14444,181.95556,71.82222,132.9963,2749.51111,66.11111,1.22222,1.0,63.06667,1498.55556,1.33333,82.88889,95.33333,3.22222,13.0,2.11111,1.0,15.0,9.77778,92vC.i_9
41927.05556,11702.06667,3500.11111,9553.62222,184517.11111,10.88889,3.77778,8.77778,10616.88889,119147.51111,181.0,8108.55556,18183.55556,787.88889,2110.73333,260.55556,21.11111,126.0,420.53333,92vD.a_0,1932.45556,329.61111,340.88889,118.18148,2998.43333,5.0,1.0,1.0,395.45556,10581.75556,7.55556,561.55556,682.88889,14.11111,78.17778,38.37778,3.77778,29.71111,65.66667,92vD.i_0
40327.72222,10579.51111,3311.88889,12246.84444,117897.77778,6.88889,2.88889,4.33333,11296.44444,111868.73333,156.88889,9097.0,15186.22222,650.66667,1970.62222,245.66667,39.77778,131.33333,441.53333,92vD.a_1,2253.23333,313.5,308.44444,89.01852,3365.32222,9.0,1.11111,1.0,352.56667,9448.42222,6.66667,518.33333,736.22222,15.0,67.84444,36.08889,3.77778,27.71111,50.88889,92vD.i_1
40932.72222,10576.95556,3551.33333,10230.51111,104982.22222,41.44444,4.33333,1.0,9511.77778,108736.4,158.44444,7853.55556,16737.88889,746.66667,1783.84444,251.33333,49.55556,140.22222,454.64444,92vD.a_2,1894.56667,294.27778,303.44444,150.54074,2900.32222,2.88889,1.0,1.0,329.56667,8902.31111,6.66667,489.44444,696.77778,9.77778,68.73333,27.82222,2.88889,23.04444,49.33333,92vD.i_2
38643.83333,10133.17778,3697.55556,12126.28889,138756.88889,13.0,5.88889,9.0,10448.77778,106418.51111,177.0,8140.33333,15470.88889,786.0,1965.4,240.66667,52.44444,149.66667,474.42222,92vD.a_3,1583.34444,267.94444,324.33333,56.43704,2622.98889,13.11111,1.0,1.95185,274.56667,8618.75556,5.77778,489.0,458.22222,13.33333,48.51111,25.37778,8.44444,22.97778,63.0,92vD.i_3
38331.61111,11169.95556,3397.44444,11224.84444,190591.22222,23.0,4.0,6.55556,10788.22222,104250.17778,181.11111,8661.44444,17062.0,613.44444,1913.4,233.88889,41.66667,139.33333,392.86667,92vD.a_4,1823.45556,272.94444,317.0,64.21481,3051.1,1.0,1.0,3.06296,298.01111,8214.75556,7.77778,470.22222,418.77778,13.11111,49.51111,24.26667,5.66667,22.48889,54.77778,92vD.i_4
36576.5,10276.51111,3250.33333,9802.73333,134291.77778,29.22222,5.0,6.55556,10198.77778,101456.84444,152.77778,7766.11111,15361.77778,637.44444,1916.84444,232.88889,28.88889,174.88889,410.75556,92vD.a_5,1720.56667,227.61111,272.22222,152.34444,2531.32222,15.0,1.11111,1.95185,245.34444,8009.97778,7.22222,429.0,376.77778,9.88889,30.68889,16.42222,2.88889,14.04444,55.22222,92vD.i_5
40278.16667,11404.28889,3436.33333,14467.17778,147279.55556,16.66667,3.22222,4.33333,10207.33333,99368.95556,179.77778,8330.55556,15886.77778,867.66667,1948.06667,229.11111,40.66667,158.88889,415.31111,92vD.a_6,1895.34444,269.05556,271.88889,89.73704,2794.32222,6.88889,1.0,1.95185,255.01111,7779.2,7.11111,420.55556,444.55556,7.44444,44.4,29.26667,2.88889,16.93333,52.22222,92vD.i_6
38590.5,10955.28889,3341.0,11560.17778,110170.77778,47.44444,3.0,3.22222,10741.88889,98245.06667,166.44444,7771.55556,17606.66667,738.88889,1730.84444,255.11111,44.66667,144.11111,393.2,92vD.a_7,1719.67778,253.83333,284.22222,127.54074,2798.54444,6.88889,1.22222,1.0,248.45556,7312.08889,5.22222,437.33333,387.44444,9.44444,45.28889,21.82222,3.77778,20.48889,56.88889,92vD.i_7
39028.94444,10024.51111,3155.55556,12443.28889,205223.88889,78.33333,4.22222,5.44444,10712.0,97492.4,172.77778,8418.88889,16935.33333,730.77778,1963.84444,204.11111,35.88889,120.77778,364.2,92vD.a_8,1743.67778,245.83333,280.0,178.26667,2555.21111,27.22222,1.0,1.95185,245.12222,6813.64444,4.33333,407.55556,344.11111,6.66667,33.95556,21.48889,2.88889,19.08889,60.66667,92vD.i_8
40913.83333,9934.4,3294.55556,7548.17778,107956.77778,12.88889,4.88889,7.77778,9787.88889,96826.62222,158.11111,7466.33333,16061.33333,527.22222,1980.17778,267.44444,38.77778,141.77778,460.53333,92vD.a_9,1845.45556,251.83333,239.44444,132.7963,2727.98889,18.77778,1.0,1.95185,211.01111,6645.64444,4.22222,355.44444,400.66667,11.77778,34.84444,24.6,1.88889,18.04444,44.66667,92vD.i_9
31961.71111,3510.27778,5873.86667,4385.98889,206336.25556,834.11111,6.44444,5.44444,331.78889,6733.52222,541.8,6348.45556,148.11111,634.0,1.0,2940.64444,639.33333,2887.17778,186851.3,93.a_0,2026.65556,259.84444,61.83333,230.68889,9138.88889,1393.8,1.0,5.07778,14.62222,5367.95556,1.48148,17.88889,3.51852,4.22222,1.0,3.04444,7.26667,1.0,24.57778,93.i_0
37216.6,4245.16667,6466.2,5514.54444,255194.7,419.11111,7.44444,13.33333,354.01111,6492.18889,554.24444,6892.67778,170.33333,642.11111,1.0,3128.31111,670.11111,3061.73333,162220.85556,93.a_1,2094.98889,192.17778,62.38889,243.57778,9322.77778,1702.24444,1.0,5.07778,17.62222,4035.51111,1.09259,15.33333,2.24444,2.22222,1.0,5.11111,6.26667,1.60741,25.24444,93.i_1
31751.48889,3858.5,7053.75556,5261.54444,242883.92222,378.0,8.0,11.0,326.9,6250.85556,554.02222,6953.78889,158.88889,547.66667,1.0,3165.75556,682.0,3174.95556,169107.74444,93.a_2,2135.1,186.06667,68.16667,290.02222,10597.11111,672.46667,1.0,1.98889,14.28889,3663.62222,1.09259,14.55556,2.08148,3.66667,1.0,7.84444,1.75556,2.65926,38.57778,93.i_2
27507.82222,3247.5,5161.31111,4505.1,202579.14444,702.55556,5.66667,6.55556,288.9,6046.3,541.02222,4312.9,138.55556,399.22222,1.77778,2022.2,510.55556,2458.84444,94158.96667,93.a_3,2030.54444,159.84444,58.16667,197.35556,8887.66667,1188.35556,1.0,6.06667,9.17778,2986.95556,1.2963,22.88889,3.60741,3.33333,1.0,5.84444,2.51111,1.0,24.91111,93.i_3
35946.26667,4111.61111,4984.53333,5587.21111,226911.81111,326.66667,5.11111,10.0,327.56667,5752.3,572.68889,5639.01111,163.33333,466.11111,1.0,2417.31111,527.55556,2677.84444,103347.63333,93.a_4,1823.98889,111.28889,45.27778,241.02222,8220.11111,1106.13333,1.1037,11.61111,8.51111,2321.28889,1.0,17.55556,3.85185,2.66667,1.77778,3.33333,1.0,3.6,18.3037,93.i_4
33619.82222,3550.83333,5906.64444,5772.87778,230656.81111,714.77778,5.44444,7.66667,318.67778,5548.07778,561.02222,5211.9,140.22222,458.11111,1.0,2494.75556,522.55556,2585.17778,127897.63333,93.a_5,1584.65556,94.06667,43.83333,225.57778,7101.44444,859.68889,1.0,6.18889,8.06667,1969.95556,1.0,11.22222,3.32593,3.33333,2.66667,1.57778,2.75556,2.65926,18.74815,93.i_5
31676.93333,3924.5,5037.08889,4569.54444,212113.36667,883.44444,6.55556,8.77778,286.67778,5306.63333,519.91111,5433.34444,147.44444,418.11111,1.0,2030.2,481.0,2569.73333,84378.41111,93.a_6,1581.54444,104.4,50.38889,217.8,7399.11111,637.68889,1.0,6.65556,8.17778,1818.06667,1.0,15.33333,2.88148,2.88889,1.0,5.84444,2.75556,3.71111,33.68889,93.i_6
28565.82222,3450.61111,5892.31111,5021.65556,214770.03333,653.11111,6.55556,12.11111,311.67778,5207.18889,517.13333,5760.01111,128.0,523.0,1.0,2498.97778,597.77778,3032.51111,134047.85556,93.a_7,1555.87778,128.62222,63.83333,176.57778,7501.66667,826.57778,1.0,9.27778,9.17778,1581.73333,1.0,11.66667,6.01481,2.55556,1.0,2.46667,2.51111,7.48148,31.35556,93.i_7
28820.48889,3493.27778,5125.08889,5005.87778,204927.14444,552.77778,6.22222,4.33333,337.45556,5023.52222,486.24444,5638.56667,124.0,489.22222,2.66667,2545.86667,630.44444,2889.51111,127736.74444,93.a_8,1276.87778,75.06667,44.27778,155.8,5833.88889,471.48889,1.0,7.3,3.73333,1351.28889,1.0,11.0,3.51852,1.77778,1.0,3.04444,1.0,1.88148,13.3037,93.i_8
29327.26667,3186.5,5237.86667,4977.54444,235604.47778,394.44444,4.44444,8.77778,294.56667,4892.85556,511.24444,4412.34444,109.55556,375.11111,1.0,2088.86667,478.88889,2565.84444,90500.63333,93.a_9,1085.76667,68.95556,38.16667,131.1037,5158.66667,495.91111,1.0,6.06667,3.84444,1209.51111,1.0,8.88889,4.93333,1.88889,1.0,2.46667,1.0,1.0,7.75556,93.i_9
36927.9,12783.73333,14539.57778,36584.56667,317215.62222,404.88889,32.08889,24.4,6035.7,2264758.91111,2176.6,3637.13333,884.22222,1320.11111,3.44444,165.11111,569.11111,13.04444,8689.26667,A1.a_0,865.21111,4793.55556,275.14444,2295.5,5042.43333,82.33333,1.0,5.44444,456.18889,77413.14444,206.12222,248.15556,46.4,3.44444,1.0,4.06667,5.66667,3.90741,34.37778,A1.i_0
37402.78889,14347.51111,14060.13333,37595.67778,317157.17778,517.66667,29.2,19.54074,5999.03333,2225392.68889,2101.04444,3869.8,1020.0,1080.77778,4.22222,173.44444,526.44444,11.93333,9089.37778,A1.a_1,863.76667,4615.44444,255.92222,2117.5,4923.21111,76.22222,1.0,2.11111,469.63333,70627.58889,187.9,256.37778,38.84444,4.22222,1.0,6.84444,2.77778,5.67037,38.93333,A1.i_1
34819.01111,10794.28889,14089.8,35614.23333,304248.84444,435.44444,32.2,13.87407,5637.7,2182192.46667,2334.48889,3425.02222,965.0,1351.11111,1.0,165.0,635.44444,13.48889,8287.15556,A1.a_2,824.21111,4529.33333,225.03333,2207.94444,4790.21111,172.77778,1.0,2.11111,471.07778,62423.47778,193.56667,217.48889,40.95556,3.77778,1.0,4.66667,2.77778,4.35185,55.93333,A1.i_2
37083.01111,14240.28889,14651.8,40575.67778,299705.51111,677.77778,29.31111,19.45926,5904.92222,2151520.46667,2336.37778,3549.02222,918.88889,1359.88889,2.66667,181.55556,754.55556,11.37778,8378.6,A1.a_3,742.76667,4492.66667,271.03333,2019.5,3691.1,61.55556,1.11111,2.11111,468.63333,57834.58889,201.34444,251.15556,30.4,2.55556,1.71852,3.46667,2.77778,3.14444,52.04444,A1.i_3
35053.12222,16924.51111,13809.35556,36441.12222,288088.84444,673.77778,26.75556,24.01481,5774.14444,2098924.13333,2394.48889,3549.46667,1047.66667,1318.11111,1.77778,182.44444,960.77778,10.62222,8030.71111,A1.a_4,647.54444,3985.11111,230.14444,1710.16667,3807.32222,150.22222,1.0,2.11111,374.3,55144.92222,164.9,223.15556,30.20741,2.88889,1.0,1.28889,2.77778,4.63704,40.48889,A1.i_4
34218.01111,13166.73333,13124.13333,36099.12222,272112.51111,955.33333,29.2,27.57037,5493.25556,2053617.8,2025.71111,3345.24444,893.22222,1258.33333,1.77778,177.11111,585.11111,16.46667,7356.04444,A1.a_5,701.21111,4283.11111,241.03333,2138.5,3524.65556,76.0,1.11111,2.11111,418.96667,53154.92222,176.67778,211.04444,42.95556,3.11111,2.43704,7.13333,14.22222,4.24074,33.15556,A1.i_5
35404.34444,14362.95556,13389.13333,35049.12222,279090.62222,542.33333,27.2,26.34815,5374.7,2028345.46667,2265.37778,3476.8,862.44444,1349.55556,2.66667,158.0,468.11111,18.57778,7669.82222,A1.a_6,715.76667,4355.77778,176.14444,1841.38889,4227.76667,121.44444,1.0,1.0,390.96667,50907.81111,164.67778,193.6,28.51111,3.44444,1.0,3.48889,9.66667,5.4,29.26667,A1.i_6
35471.78889,15079.73333,13948.91111,34097.12222,283625.4,487.11111,31.86667,24.4,5224.92222,1994109.46667,1781.48889,3366.02222,825.44444,1168.66667,1.0,179.77778,508.77778,13.4,7881.26667,A1.a_7,795.21111,4720.66667,172.92222,2135.61111,4174.1,90.44444,1.0,3.22222,465.07778,48508.14444,182.56667,174.04444,34.4,3.55556,1.0,5.22222,2.77778,5.0037,33.93333,A1.i_7
34404.01111,16585.06667,13153.68889,34647.45556,266143.4,581.33333,24.31111,34.57037,5555.25556,1958793.46667,2041.26667,3217.57778,713.66667,1141.44444,3.44444,169.66667,570.0,11.48889,6680.15556,A1.a_8,703.54444,3961.55556,164.14444,1836.38889,3527.87778,207.44444,1.11111,1.0,348.18889,46622.47778,154.45556,187.15556,33.4,2.44444,1.0,12.28889,1.88889,3.19259,27.04444,A1.i_8
35966.01111,11646.28889,13639.46667,34577.23333,271845.84444,507.33333,30.86667,17.51111,5138.14444,1907601.46667,1909.71111,3274.35556,676.55556,1364.55556,5.11111,180.88889,548.11111,8.28889,7684.04444,A1.a_9,752.21111,4695.33333,187.58889,2323.94444,3552.54444,182.88889,1.22222,2.11111,428.74444,44819.92222,179.34444,153.04444,42.62222,2.55556,1.0,3.48889,1.88889,4.0037,19.93333,A1.i_9
66757.98889,13532.38889,5557.05556,2975.38889,155613.75556,1095.11111,12.55556,15.27037,2277.71111,333438.02222,87.48889,83258.02222,2492.44444,893.44444,16.77778,495.02222,2875.44444,1505.58889,18770.08889,A10.a_0,18110.84444,512.88889,656.11111,299.66667,29897.86667,33.44444,1.88889,13.22222,167.66667,64551.98889,1.42222,9656.22222,29.3,88.88889,1.0,80.06667,120.77778,154.93333,919.26667,A10.i_0
57306.54444,11037.61111,5233.94444,2056.94444,129387.97778,1095.0,14.33333,9.64444,1891.71111,274310.8,94.48889,64028.57778,2133.11111,731.55556,5.88889,420.02222,2529.44444,1317.58889,14050.31111,A10.a_1,16902.4,455.22222,644.33333,214.55556,28116.08889,29.33333,1.77778,4.33333,156.44444,62250.54444,1.1037,9064.33333,29.18889,92.22222,1.77778,71.95556,155.33333,136.04444,874.71111,A10.i_1
48177.32222,9668.72222,4294.16667,1953.83333,111613.53333,606.11111,12.33333,2.07037,1523.93333,230305.91111,57.82222,55091.57778,1935.55556,608.77778,10.77778,382.91111,2140.0,963.03333,13073.53333,A10.a_2,16523.17778,450.11111,602.0,217.22222,27652.97778,43.77778,2.55556,5.44444,146.22222,59157.1,1.31111,8586.22222,33.52222,84.55556,1.77778,74.84444,90.0,111.37778,863.04444,A10.i_2
43587.76667,10318.72222,4813.27778,1569.27778,93671.86667,577.22222,10.66667,66.45185,1535.04444,197109.57778,67.6,53782.68889,1904.44444,694.77778,5.88889,407.91111,2346.11111,917.81111,17265.08889,A10.a_3,15465.73333,469.33333,601.55556,191.22222,25802.42222,21.0,2.11111,6.55556,138.33333,53514.1,1.1037,8067.22222,35.52222,73.77778,1.0,61.28889,95.88889,108.48889,772.71111,A10.i_3
45646.32222,15709.72222,5385.61111,1917.5,90200.2,552.66667,14.44444,112.85556,1963.71111,184253.57778,106.71111,67818.57778,2562.0,993.55556,17.44444,533.8,2477.11111,1307.92222,29621.86667,A10.a_4,14345.73333,427.0,527.66667,182.33333,23676.75556,22.88889,1.11111,7.66667,132.55556,49546.54444,1.1037,7397.88889,23.74444,69.22222,1.0,53.84444,101.0,94.6,675.04444,A10.i_4
39422.43333,11858.61111,4475.16667,1600.05556,82500.97778,655.55556,11.44444,21.96667,1594.15556,174179.68889,73.15556,49025.24444,1906.22222,796.33333,13.44444,343.91111,2023.11111,874.7,22329.86667,A10.a_5,13394.51111,376.55556,523.55556,224.77778,22170.86667,29.0,1.0,7.66667,126.11111,46633.87778,1.1037,6795.55556,26.85556,59.66667,1.0,48.84444,77.11111,75.71111,638.6,A10.i_5
44346.76667,11248.38889,4727.72222,1793.61111,91864.42222,454.11111,13.66667,58.22963,1434.15556,160593.35556,78.48889,52748.46667,1911.33333,836.88889,11.77778,443.57778,2452.22222,978.36667,19207.64444,A10.a_6,12766.95556,396.77778,511.11111,193.77778,21629.97778,8.88889,1.66667,3.22222,110.88889,43704.98889,1.42963,6364.66667,29.22963,61.44444,1.0,62.17778,68.33333,86.82222,790.71111,A10.i_6
39848.87778,10395.16667,4153.27778,1628.61111,82829.31111,437.66667,10.77778,20.24074,1328.82222,152293.46667,54.37778,43874.35556,1522.55556,766.0,10.88889,355.68889,2063.55556,787.58889,19631.64444,A10.a_7,12618.06667,446.11111,561.66667,260.77778,22285.97778,24.66667,1.11111,3.22222,128.33333,41472.98889,1.1037,6012.66667,31.74444,57.88889,1.0,67.51111,69.22222,86.71111,719.71111,A10.i_7
44840.21111,8355.16667,4675.05556,1528.27778,91127.2,375.88889,13.33333,19.82593,1159.93333,147293.68889,50.37778,46181.91111,1324.66667,655.88889,9.22222,422.8,2214.33333,834.92222,12924.08889,A10.a_8,12464.62222,477.55556,553.88889,211.66667,22022.64444,8.77778,1.22222,4.33333,108.77778,40181.21111,1.54074,6018.77778,34.3,56.44444,1.0,50.73333,68.22222,77.82222,865.15556,A10.i_8
46899.32222,8160.72222,3739.5,1471.38889,88576.08889,700.22222,11.22222,9.68519,1037.82222,142198.13333,37.71111,46635.57778,1051.88889,586.77778,7.55556,434.68889,1920.0,887.81111,11339.42222,A10.a_9,12139.95556,583.33333,605.44444,291.77778,21585.86667,21.0,1.66667,3.22222,115.22222,38852.76667,2.2963,5544.55556,36.52222,56.66667,1.0,53.51111,62.44444,64.93333,871.15556,A10.i_9
34172.26667,788.44444,6929.64444,4709.25556,48457.55556,73.3037,4.54815,11.11111,612.57778,247181.05556,22.27778,200.92222,31.44444,171.0,1.0,499.62222,175.0,290.68889,1625.4,A11.a_0,792.44444,2042.81111,145.56667,554.21111,2266.68889,2.88889,1.0,2.11111,223.81111,19781.96667,16.67778,22.33333,25.66667,4.22222,1.0,7.42222,12.44444,20.16667,26.44444,A11.i_0
31640.93333,730.0,6606.53333,4040.47778,44721.22222,89.41111,4.65926,6.55556,540.8,226659.61111,20.38889,189.81111,33.77778,145.55556,1.0,761.28889,215.66667,279.13333,1400.51111,A11.a_1,841.77778,2223.92222,137.12222,636.65556,2235.8,9.11111,1.0,4.33333,222.7,17674.74444,15.9,14.33333,33.77778,3.66667,1.0,4.48889,14.22222,16.27778,24.44444,A11.i_1
28055.26667,664.11111,6100.64444,3828.81111,39892.88889,130.41111,7.21481,8.88889,510.91111,216920.38889,22.05556,233.7,31.66667,125.88889,1.0,580.51111,305.77778,242.35556,1556.06667,A11.a_2,842.77778,1820.7,150.34444,536.1,1850.35556,42.0,1.0,2.11111,195.47778,16823.41111,11.23333,17.88889,33.55556,3.88889,1.0,10.35556,20.11111,16.27778,22.22222,A11.i_2
26596.37778,613.77778,5526.86667,3594.03333,38108.88889,48.18889,3.88148,8.77778,510.68889,212024.38889,19.94444,183.03333,33.22222,112.11111,1.0,497.84444,214.66667,227.91111,1389.62222,A11.a_3,830.22222,2006.47778,151.78889,633.98889,1978.91111,13.0,1.0,5.44444,211.03333,16255.63333,13.01111,13.22222,28.77778,3.0,1.77778,8.28889,10.66667,18.83333,23.55556,A11.i_3
26761.04444,622.88889,5732.75556,3454.58889,38328.11111,78.31111,5.86667,8.88889,501.13333,204973.72222,21.5,207.58889,27.55556,122.0,1.71852,559.17778,264.22222,198.13333,1366.17778,A11.a_4,828.88889,2005.58889,147.56667,564.43333,1771.57778,1.0,1.0,1.0,192.81111,15499.3,14.67778,9.88889,38.22222,2.22222,1.0,4.22222,17.22222,19.18519,30.44444,A11.i_4
28220.82222,595.33333,5847.31111,3666.25556,40801.44444,126.41111,7.65926,5.44444,481.57778,198681.27778,20.5,191.47778,24.44444,138.77778,1.0,296.84444,154.22222,203.13333,1538.62222,A11.a_5,815.66667,1876.36667,156.12222,597.98889,1914.91111,99.33333,1.0,7.66667,190.14444,15063.07778,10.01111,11.11111,28.0,4.22222,1.77778,9.48889,15.44444,13.31481,18.88889,A11.i_5
26298.93333,644.88889,5529.31111,3632.7,38357.11111,56.97037,4.86667,11.11111,473.35556,194449.61111,21.5,200.47778,30.77778,139.11111,1.71852,301.17778,226.66667,183.02222,1335.62222,A11.a_6,756.55556,1704.36667,154.45556,554.32222,1849.35556,12.88889,1.11111,5.44444,208.14444,14717.07778,13.01111,12.66667,24.22222,4.88889,1.0,4.62222,6.66667,18.2963,23.44444,A11.i_6
26320.15556,680.33333,5632.86667,3831.47778,36383.33333,58.52222,6.2,8.77778,464.13333,189852.5,23.94444,235.92222,20.0,127.66667,1.0,407.4,280.0,198.35556,1412.62222,A11.a_7,845.11111,2137.03333,127.01111,639.32222,1856.68889,39.66667,1.0,5.44444,207.7,14406.63333,15.78889,10.88889,31.22222,3.66667,2.66667,3.77778,5.66667,15.27778,39.55556,A11.i_7
25635.04444,609.66667,5306.86667,4991.81111,37488.55556,59.41852,3.32593,4.33333,462.35556,184998.38889,21.16667,203.03333,27.22222,115.66667,1.0,342.51111,204.77778,181.13333,1407.51111,A11.a_8,762.11111,2291.47778,113.12222,572.21111,1667.35556,2.88889,1.0,2.11111,212.81111,14012.63333,12.9,9.0,29.44444,2.44444,1.0,10.22222,1.0,15.5,19.77778,A11.i_8
25435.82222,681.33333,5633.64444,3573.47778,39070.55556,40.41481,5.34074,12.11111,464.8,182260.27778,19.83333,211.58889,22.22222,126.22222,1.0,329.4,237.44444,219.13333,1244.62222,A11.a_9,778.11111,1776.03333,152.01111,481.87778,1732.35556,27.22222,1.0,1.0,160.92222,13587.3,14.9,11.55556,28.22222,3.11111,1.0,7.13333,6.55556,17.61111,22.88889,A11.i_9
27353.43333,2007.77778,6729.78889,6881.4,78410.16667,212.46667,4.91111,1.75185,835.5,411897.76667,32.37778,359.0,77.66667,85.33333,1.0,432.44444,315.66667,291.22222,956.68889,A12.a_0,349.3,375.33333,145.55556,164.41111,1588.5,1.0,1.1037,5.95556,65.9,10562.65556,3.6,13.04444,5.61481,1.55556,1.77778,5.34815,4.77778,5.0,19.8,A12.i_0
22895.21111,1944.11111,5898.78889,6132.4,78523.61111,136.35556,3.48889,6.98148,761.5,393583.76667,30.93333,339.33333,76.0,70.33333,1.0,476.22222,130.44444,245.11111,895.13333,A12.a_1,348.74444,444.33333,119.33333,226.18889,1119.72222,1.0,1.0,1.0,67.01111,8882.98889,3.4963,10.6,11.22963,1.44444,1.0,4.6,7.55556,10.77778,12.82222,A12.i_1
24809.32222,2008.88889,6676.78889,6987.4,73466.5,113.91111,5.78889,5.11852,780.16667,374941.32222,25.93333,368.33333,83.44444,66.11111,1.0,521.88889,440.55556,272.77778,892.13333,A12.a_2,387.07778,374.44444,119.77778,177.97037,1416.27778,2.48519,1.0,1.0,65.78889,8027.43333,2.62963,8.26667,9.15926,2.33333,1.0,3.24444,10.55556,3.92593,11.8,A12.i_2
28315.32222,1850.11111,7507.34444,6847.95556,70251.5,469.13333,4.12222,8.84444,814.05556,356836.43333,25.48889,285.55556,107.55556,77.44444,1.0,457.22222,2040.88889,253.44444,934.24444,A12.a_3,396.18889,370.33333,122.77778,228.96667,1154.05556,8.19259,1.0,1.91111,72.23333,7549.76667,2.4963,9.71111,13.18889,1.22222,1.77778,3.24444,17.33333,6.22222,10.02222,A12.i_3
19108.54444,1897.77778,5095.12222,6284.95556,67470.27778,206.24444,3.8,9.67407,712.83333,340104.98889,24.48889,325.66667,97.55556,55.88889,1.0,385.66667,186.88889,238.77778,765.02222,A12.a_4,401.3,338.11111,140.22222,219.08148,1007.61111,77.97037,1.0,3.02222,65.12222,7271.76667,2.2963,14.37778,11.96667,3.22222,1.0,7.18519,13.22222,3.88889,6.91111,A12.i_4
25166.43333,1832.22222,6274.45556,5954.17778,59810.27778,219.17778,3.9,12.64815,800.38889,329932.32222,24.26667,372.11111,68.22222,68.77778,1.0,619.33333,185.0,271.33333,931.46667,A12.a_5,440.07778,307.77778,144.44444,141.41111,933.38889,1.0,1.20741,1.0,63.34444,6867.76667,1.74074,14.35556,4.72593,1.33333,1.0,4.6,10.44444,5.2963,8.46667,A12.i_5
22751.21111,1819.0,5890.45556,6021.4,62511.5,89.62222,4.45556,11.64815,746.27778,323454.87778,22.26667,315.22222,63.44444,67.66667,1.77778,448.44444,99.88889,253.0,807.02222,A12.a_6,404.96667,274.55556,136.77778,161.96667,860.16667,43.08148,1.0,2.82222,61.67778,6642.21111,1.83704,11.26667,13.15926,1.11111,1.77778,5.57778,20.33333,4.18519,11.91111,A12.i_6
23481.87778,1710.88889,6122.34444,5732.4,60606.61111,122.13333,4.34444,15.84444,742.38889,314741.87778,24.26667,328.77778,76.11111,72.77778,1.77778,700.66667,139.55556,259.55556,1000.24444,A12.a_7,458.41111,266.44444,155.22222,110.63704,872.61111,33.37407,1.0,1.91111,62.45556,6385.21111,2.5037,10.8,13.93704,2.11111,1.0,7.18519,23.0,6.33333,10.02222,A12.i_7
26453.98889,1782.44444,6628.56667,5582.51111,56681.72222,553.46667,4.78889,12.64815,796.72222,304031.43333,26.04444,328.77778,86.0,75.88889,1.77778,525.11111,207.66667,245.33333,845.24444,A12.a_8,401.52222,259.33333,158.22222,205.85556,832.16667,152.48519,1.0,4.64444,52.9,6217.32222,1.74815,13.68889,8.08889,2.33333,1.0,4.24444,4.88889,3.14815,13.15556,A12.i_8
23828.1,1973.66667,6250.34444,6354.73333,55272.27778,518.68889,5.35556,22.26296,751.5,296180.87778,26.71111,262.0,133.44444,76.55556,1.77778,522.0,769.55556,206.44444,833.13333,A12.a_9,429.18889,261.44444,148.44444,115.74815,681.27778,2.48519,1.0,3.02222,56.9,5902.54444,2.07407,10.08889,5.5037,1.88889,1.0,8.93333,9.66667,6.74074,10.82222,A12.i_9
61335.86667,9980.22222,12238.21111,12097.81111,207694.91111,217.77778,14.5,3.06296,4158.51111,1212868.66667,181.55556,943.28889,455.11111,827.11111,1.77778,1013.77778,563.62222,419.68889,4901.75556,A13.a_0,1013.23333,455.73333,344.74444,234.11111,1949.66667,29.22222,1.0,6.5037,85.04444,16714.86667,2.06667,33.88889,9.22222,6.66667,1.0,8.44444,7.55556,38.91852,43.33333,A13.i_0
52550.53333,9223.44444,11223.98889,11075.58889,187050.68889,154.11111,9.72222,4.01481,3934.4,1099830.88889,128.55556,794.51111,393.88889,728.44444,1.77778,972.55556,355.73333,457.13333,4934.75556,A13.a_1,938.9,503.28889,312.52222,296.11111,1931.66667,19.11111,1.0,3.14074,97.71111,16000.2,3.16296,24.55556,12.33333,5.77778,1.0,12.33333,13.22222,17.3037,46.88889,A13.i_1
52391.08889,7830.22222,11346.54444,10747.14444,178938.68889,164.33333,11.27778,12.10741,3642.28889,1037043.66667,121.33333,754.06667,399.66667,695.55556,4.22222,979.77778,425.06667,432.24444,4792.97778,A13.a_2,849.01111,418.17778,245.07778,265.51852,1655.0,78.55556,1.18519,1.0,78.15556,15134.53333,2.28889,23.77778,7.66667,5.88889,1.0,14.77778,11.44444,12.41481,37.55556,A13.i_2
53586.42222,8608.22222,11602.21111,10628.25556,176735.8,193.0,10.83333,14.6,3632.62222,1007621.66667,133.11111,803.17778,397.66667,678.44444,4.11111,900.22222,459.73333,387.91111,4576.64444,A13.a_3,922.01111,606.28889,290.85556,285.66667,1758.11111,35.66667,1.09259,1.0,101.82222,14766.31111,2.05926,16.55556,8.22222,5.55556,1.0,11.44444,6.66667,13.19259,49.0,A13.i_3
47557.64444,7528.66667,9882.65556,9164.81111,158382.91111,108.88889,9.83333,14.44074,3351.06667,958331.33333,114.66667,743.51111,314.66667,636.33333,2.55556,877.11111,422.06667,422.68889,4173.75556,A13.a_4,960.56667,536.28889,297.3,272.88889,1807.22222,25.0,1.18519,2.02963,92.15556,14455.97778,2.18519,26.44444,13.33333,5.66667,1.0,6.44444,5.77778,14.86667,27.77778,A13.i_4
48236.31111,7352.0,10009.76667,9379.14444,159290.46667,182.88889,9.5,6.34815,3188.73333,930649.0,112.77778,730.06667,299.22222,629.33333,2.66667,811.88889,378.28889,383.13333,4081.75556,A13.a_5,934.56667,490.84444,268.74444,239.22222,1705.55556,41.77778,1.0,2.02963,91.6,14067.2,3.06667,15.33333,7.11111,5.33333,1.0,4.66667,5.77778,14.31111,37.0,A13.i_5
46419.31111,6742.11111,10061.87778,8743.7,146913.35556,125.33333,10.05556,9.52222,3047.28889,871173.11111,112.44444,693.95556,272.88889,596.11111,1.0,761.66667,332.95556,371.13333,4110.2,A13.a_6,1067.78889,537.4,293.74444,249.55556,1771.33333,6.88889,1.0,2.02963,89.82222,13878.42222,3.28889,26.88889,9.33333,6.44444,1.71852,7.11111,7.55556,14.97778,32.66667,A13.i_6
47470.42222,7004.66667,9871.21111,9007.03333,147243.57778,133.55556,8.61111,17.04444,3022.17778,833107.88889,99.44444,676.06667,241.44444,588.55556,1.77778,844.44444,326.95556,416.13333,4153.42222,A13.a_7,976.23333,616.17778,283.07778,290.77778,1683.0,19.0,1.0,3.05926,86.26667,13673.64444,3.60741,16.11111,6.55556,6.11111,1.0,7.66667,5.77778,20.42222,27.88889,A13.i_7
44751.2,6787.66667,9321.98889,8278.03333,141476.24444,145.88889,7.2963,19.37778,2970.95556,811472.11111,92.44444,639.62222,273.55556,577.22222,1.77778,776.0,367.73333,423.68889,3917.64444,A13.a_8,941.67778,566.73333,283.3,231.33333,1717.11111,8.77778,1.0,1.0,100.26667,13442.42222,2.39259,15.55556,7.11111,3.88889,1.0,9.77778,3.77778,8.25185,45.77778,A13.i_8
46780.97778,6081.77778,10011.87778,8347.92222,136988.91111,110.88889,6.5,23.77407,2794.84444,792780.66667,98.44444,619.95556,255.88889,574.66667,1.0,731.33333,387.4,377.46667,3967.2,A13.a_9,999.67778,485.84444,289.07778,254.66667,1690.33333,31.55556,1.0,3.05926,86.93333,13227.2,2.72593,21.55556,6.66667,5.66667,1.0,5.22222,1.0,12.91852,40.44444,A13.i_9
42378.32222,7545.67778,6977.13333,14850.93333,158328.52222,176.66667,5.77778,7.32593,2005.95556,1089889.85556,257.67778,933.77778,586.4,191.66667,1.0,1017.11111,831.44444,483.94444,4192.04444,A14.a_0,3245.44444,3721.06667,315.2,847.02222,6059.16667,1.0,1.0,1.79259,226.33333,32610.2,9.15556,15.37778,17.55556,33.44444,1.0,17.57778,10.33333,6.57778,78.48889,A14.i_0
49733.76667,6612.67778,7171.8,10611.48889,147453.41111,110.88889,5.66667,3.24444,1845.06667,868040.52222,204.34444,830.55556,469.06667,175.33333,1.0,759.88889,571.11111,368.38889,3047.26667,A14.a_1,3068.0,3307.84444,358.08889,901.24444,5213.72222,2.75556,1.0,3.6963,204.44444,30757.2,7.37778,21.68889,14.22222,26.33333,1.0,19.08148,4.77778,4.97778,57.48889,A14.i_1
43763.65556,4727.9,6636.68889,8010.26667,116557.96667,113.11111,8.22222,10.13333,1478.95556,725452.96667,135.56667,600.55556,379.06667,123.88889,1.0,596.55556,983.33333,361.05556,2234.26667,A14.a_2,2994.77778,3378.62222,338.86667,831.46667,4597.83333,94.57778,1.11111,2.58519,201.77778,29051.2,7.71111,25.24444,15.11111,12.44444,1.0,21.68889,3.77778,8.2,45.93333,A14.i_2
37706.87778,4073.78889,6607.91111,7455.15556,99406.18889,117.0,6.77778,4.35556,1162.51111,628402.85556,104.23333,427.0,295.84444,118.0,1.77778,458.33333,1782.77778,303.72222,1952.48889,A14.a_3,3155.44444,3045.06667,398.31111,681.91111,4502.83333,101.06667,1.44444,1.79259,200.44444,27898.42222,6.04444,19.91111,14.66667,11.0,1.0,27.57778,7.44444,10.08889,41.71111,A14.i_3
43066.54444,4556.23333,7642.35556,5868.6,86258.52222,80.11111,7.33333,10.2963,1139.17778,491428.41111,91.34444,425.11111,192.84444,94.66667,1.0,410.44444,1528.88889,291.5,1660.26667,A14.a_4,2669.44444,3358.4,251.97778,754.24444,4038.94444,4.86667,1.11111,6.39259,204.44444,27004.2,6.71111,23.8,19.22222,12.0,1.0,22.19259,1.0,7.42222,44.04444,A14.i_4
37773.65556,5440.67778,6647.13333,5610.6,76681.52222,80.11111,6.44444,12.37778,1060.28889,387722.63333,86.78889,340.33333,168.17778,77.44444,1.77778,359.22222,1048.33333,241.94444,1343.04444,A14.a_5,2785.66667,3117.62222,308.75556,720.8,4417.16667,109.28889,1.0,1.79259,200.0,26393.08889,7.71111,15.4,11.77778,16.0,1.0,16.36296,3.77778,5.06667,54.48889,A14.i_5
47403.1,5031.9,6881.13333,5830.48889,74456.18889,73.88889,5.44444,5.85185,1017.28889,314736.74444,45.01111,394.44444,67.4,89.0,1.0,326.55556,555.22222,171.5,925.6,A14.a_6,2832.11111,2786.95556,338.97778,630.24444,4097.5,8.62222,1.0,5.28148,179.22222,25903.97778,6.71111,23.35556,8.33333,13.0,1.0,25.3037,3.77778,9.53333,38.15556,A14.i_6
46488.21111,3868.23333,6144.24444,4107.82222,73964.18889,35.44444,4.55556,9.65926,880.28889,287060.07778,32.56667,351.22222,61.06667,99.22222,1.0,303.22222,276.0,161.38889,806.26667,A14.a_7,2897.55556,2690.84444,403.31111,681.91111,4346.83333,6.86667,1.0,2.9037,183.22222,25551.42222,7.37778,16.91111,10.88889,14.55556,1.0,11.3037,5.55556,8.8,45.04444,A14.i_7
48729.32222,3793.23333,5942.24444,4304.37778,73128.85556,53.44444,4.22222,7.91111,766.51111,264287.18889,22.78889,359.44444,27.73333,108.11111,1.0,271.88889,444.44444,144.38889,816.6,A14.a_8,2915.77778,3319.17778,351.31111,728.35556,4328.83333,27.95556,1.0,4.80741,199.22222,25178.08889,7.93333,17.93333,21.88889,10.44444,1.0,18.8,1.0,10.91111,37.71111,A14.i_8
47400.43333,4263.34444,6525.13333,4146.48889,69815.63333,32.77778,3.88889,13.48889,831.28889,253663.96667,25.67778,321.22222,47.17778,97.66667,1.0,223.77778,988.0,180.05556,815.82222,A14.a_9,2815.88889,3001.28889,322.97778,803.13333,4178.72222,57.22222,1.22222,1.79259,197.88889,24946.2,8.71111,21.82222,15.44444,11.77778,1.0,16.19259,4.55556,8.2,34.71111,A14.i_9
70384.47778,19157.76667,165112.07778,24813.48889,106935.1,19202.22222,361.72222,164340.8,3275.06667,156225.04444,17.62222,1615.14444,577.44444,3618.88889,1.0,1176.8,46459.55556,13201.31111,4251840.13333,A15.a_0,2128.9,244.13333,241.32222,134.62222,2430.08889,185.11111,1.55556,175.4,65.14444,961.81111,1.1037,35.8,32.55556,7.0,1.0,4.59259,5.28889,9.37778,16576.07778,A15.i_0
66578.92222,18497.54444,174391.41111,22185.37778,107847.21111,19328.88889,354.5,161574.02222,3131.62222,152130.93333,18.28889,1575.58889,598.66667,3590.33333,1.0,1141.46667,51151.77778,13613.64444,4053312.13333,A15.a_1,2207.9,280.35556,394.98889,137.17778,2294.64444,581.44444,1.44444,190.86667,73.7,888.03333,1.1037,38.35556,27.55556,5.0,1.0,11.2963,20.82222,12.37778,19578.74444,A15.i_1
69235.03333,18894.87778,163090.63333,28719.04444,107590.32222,18089.66667,361.72222,173535.02222,3386.4,148873.48889,16.51111,1583.14444,592.55556,3876.11111,1.0,1268.02222,52470.55556,13663.86667,4067575.35556,A15.a_2,2480.01111,253.13333,208.32222,108.84444,2788.64444,394.44444,1.22222,186.2,83.47778,830.58889,1.0,40.35556,17.33333,7.0,1.0,7.68519,54.91111,16.65926,16776.96667,A15.i_2
67422.47778,18364.87778,167814.07778,22340.48889,105070.21111,17647.11111,343.72222,160332.24444,3055.62222,145425.37778,18.51111,1561.81111,574.55556,3544.77778,1.0,1185.24444,53376.11111,13039.08889,3996552.8,A15.a_3,2163.9,203.57778,259.98889,132.17778,2354.64444,320.77778,1.0,190.97778,70.14444,794.03333,1.31111,40.02222,25.55556,7.77778,1.0,5.09259,9.46667,20.43704,16693.3,A15.i_3
65592.03333,18151.65556,169940.41111,24847.6,100462.1,15290.55556,359.61111,177022.68889,3101.4,143594.04444,18.51111,1495.81111,569.66667,3776.55556,2.54815,1160.68889,59425.22222,12465.97778,4124427.35556,A15.a_4,2258.9,217.57778,153.43333,120.76296,2394.97778,222.0,1.44444,172.73333,67.7,767.92222,1.0,37.57778,27.88889,6.44444,1.0,6.35185,12.17778,1.0,14644.18889,A15.i_4
64989.03333,18336.32222,161204.63333,23337.93333,99008.54444,17782.0,338.72222,161383.02222,3009.73333,141477.26667,14.84444,1459.25556,556.77778,3279.88889,3.86667,1155.13333,55375.66667,12641.53333,4005853.91111,A15.a_5,1788.23333,185.46667,228.21111,114.06667,2039.31111,242.55556,1.11111,215.64444,58.25556,705.25556,1.0,28.8,18.33333,8.0,1.65926,9.31481,155.66667,10.98519,15636.07778,A15.i_5
65067.36667,17923.54444,162347.18889,21700.04444,102502.98889,17305.11111,341.16667,169746.24444,3084.28889,140219.04444,18.17778,1528.47778,554.66667,3361.33333,2.54815,1138.35556,59831.11111,13008.86667,3886164.68889,A15.a_6,2088.34444,208.68889,265.54444,142.51111,2235.64444,213.66667,1.44444,174.64444,54.81111,700.03333,1.0,36.46667,21.55556,11.44444,1.0,7.11111,16.75556,3.82222,16390.74444,A15.i_6
63709.25556,17946.87778,171063.3,23372.6,101159.21111,19604.22222,337.94444,170783.57778,3089.4,138545.6,13.84444,1504.58889,604.0,3881.11111,4.75556,1265.24444,61260.44444,12967.2,3900805.35556,A15.a_7,1950.67778,228.68889,306.76667,114.34815,2208.2,263.0,1.22222,162.86667,62.47778,689.58889,1.0,37.13333,16.44444,6.44444,1.0,8.42593,8.46667,11.87407,19268.18889,A15.i_7
64378.14444,17488.87778,159023.74444,21611.15556,97671.32222,17758.88889,339.72222,163476.02222,3101.28889,137144.15556,18.4,1428.7,541.0,3473.55556,3.20741,1123.02222,53652.77778,12319.97778,3855725.24444,A15.a_8,2264.67778,244.02222,195.65556,93.9037,2433.75556,96.33333,1.0,131.42222,71.47778,653.03333,1.0,30.24444,22.22222,3.22222,1.65926,7.55556,7.28889,2.88148,13285.41111,A15.i_8
66358.03333,17334.21111,152476.52222,24851.15556,99634.43333,16871.66667,349.61111,176151.13333,3099.4,135792.6,15.17778,1445.03333,527.66667,3998.77778,4.87407,1067.46667,50481.44444,12445.64444,4119558.46667,A15.a_9,2250.9,186.46667,170.21111,82.0963,2465.53333,242.66667,1.44444,139.53333,69.7,615.7,1.0,36.91111,17.66667,6.0,1.65926,6.03704,11.75556,5.27407,11979.52222,A15.i_9
36158.9,24764.88889,156546.88889,6530.42222,146146.7,3943.02222,168.77778,43394.97778,2377.26667,117478.6,38.0,2070.55556,1281.84444,5953.0,5.11111,1371.51111,328301.33333,1853.21111,22184.94444,A16.a_0,2787.95556,890.64444,196.16667,180.28889,7137.77778,123.66667,1.64444,1078.38889,124.48889,1392.02222,1.4,108.15556,65.4,8.78889,1.0,11.01481,22.82222,20.05926,275.08889,A16.i_0
36006.56667,22024.66667,147133.33333,6530.08889,156809.25556,3803.24444,154.33333,39939.64444,2269.37778,114796.71111,33.77778,1873.55556,1184.28889,6346.55556,10.77778,1468.62222,295011.33333,1732.43333,21297.16667,A16.a_1,2460.73333,743.08889,195.16667,161.95556,6175.77778,17.22222,1.84444,1162.38889,110.71111,1298.02222,1.2,109.15556,53.51111,8.02222,1.0,10.87407,23.88889,10.84444,250.64444,A16.i_1
34948.45556,22218.44444,144837.0,6984.86667,160521.58889,4330.13333,156.33333,38516.64444,2151.6,112037.48889,33.33333,1848.77778,1130.84444,5695.66667,10.88889,1417.62222,315977.22222,1732.98889,21358.94444,A16.a_2,2318.06667,725.97778,189.16667,162.06667,6128.11111,43.44444,2.06667,1226.94444,106.6,1240.13333,1.42222,110.15556,43.51111,6.02222,2.66667,6.37778,26.82222,12.08148,278.31111,A16.i_2
37003.34444,23991.66667,152301.55556,6429.64444,151192.81111,4689.68889,164.44444,47184.2,2169.6,108164.6,33.0,1983.33333,1079.28889,4926.77778,5.11111,1603.95556,301280.0,1887.87778,20400.94444,A16.a_3,2397.84444,747.31111,191.5,167.17778,6283.22222,107.33333,1.94815,1171.94444,112.93333,1187.35556,1.31111,119.6,56.17778,7.78889,1.0,9.37778,33.24444,10.75556,248.53333,A16.i_3
34972.56667,22748.77778,149778.77778,6734.2,147917.58889,5301.68889,162.33333,42955.97778,1957.71111,105123.82222,35.0,1943.44444,986.51111,5333.44444,4.22222,1516.51111,304790.88889,1709.43333,20318.83333,A16.a_4,2695.06667,691.64444,203.94444,146.62222,6772.77778,99.11111,1.85185,1248.05556,106.26667,1119.46667,1.61111,101.93333,54.4,8.91111,1.77778,6.62963,29.28889,17.39259,252.53333,A16.i_4
37547.34444,22970.11111,146699.66667,6439.75556,155346.92222,4493.13333,151.88889,42943.64444,2071.26667,102894.82222,30.88889,1881.33333,1020.73333,4941.88889,4.11111,1254.62222,323950.88889,1779.98889,21403.83333,A16.a_5,2180.84444,698.64444,186.5,154.4,5633.44444,15.11111,1.53333,971.72222,99.15556,1093.35556,1.5,76.6,49.95556,8.67778,1.0,7.18519,28.53333,15.41481,216.75556,A16.i_5
37721.9,23355.11111,150151.66667,6496.64444,145009.14444,4410.57778,150.66667,40243.86667,2060.37778,100011.26667,28.88889,1917.77778,1175.51111,5242.77778,7.55556,1512.17778,325271.22222,1995.43333,20960.38889,A16.a_6,2424.06667,752.31111,168.16667,185.4,6163.11111,31.44444,2.06667,1010.27778,113.82222,1030.68889,1.63333,101.26667,53.95556,6.56667,1.0,12.65185,17.75556,13.07407,240.53333,A16.i_6
35592.45556,21858.0,147500.33333,6943.86667,147066.14444,5551.24444,142.44444,35620.53333,1961.15556,98015.15556,31.33333,1692.33333,1178.84444,5294.33333,4.22222,1231.51111,277967.0,1640.65556,19938.72222,A16.a_7,2493.28889,656.42222,168.38889,146.73333,6098.77778,191.66667,1.87407,1059.72222,118.15556,1025.46667,1.64444,96.93333,57.17778,6.13333,1.0,6.04444,23.46667,13.85185,227.08889,A16.i_7
37249.67778,21947.33333,153668.44444,7721.42222,150849.7,5326.24444,151.33333,36530.97778,2030.04444,96281.04444,24.77778,1736.88889,1050.28889,5551.55556,1.77778,1327.06667,283015.88889,1565.43333,19888.27778,A16.a_8,2124.06667,652.31111,169.61111,117.39259,5322.66667,66.44444,1.74074,885.16667,100.37778,973.13333,1.4,97.26667,45.76296,5.34444,1.77778,7.04444,26.77778,13.40741,233.53333,A16.i_8
35328.78889,22977.66667,164537.22222,6636.31111,148067.7,4392.02222,148.77778,35543.53333,1955.82222,94326.37778,27.44444,1579.33333,932.95556,5814.11111,4.22222,1467.62222,349067.66667,1703.1,19843.16667,A16.a_9,2058.62222,580.75556,196.16667,167.28889,5036.55556,33.66667,2.08148,764.72222,107.26667,930.46667,1.72222,83.6,62.28889,5.01111,2.55556,8.23704,15.82222,15.62963,205.97778,A16.i_9
87847.1,10978.13333,11142.57778,8102.28889,267281.35556,639.16667,26.0,84.11111,1886.48889,1040732.97778,695.82222,3777.33333,449.11111,455.33333,1.77778,594.73333,1543.66667,1152.58889,5804.8,A17.a_0,3892.4,645.88889,402.11111,172.95556,8317.76667,22.88889,1.64444,9.23704,54.75556,19287.1,25.97778,241.04444,14.88889,15.0,1.0,9.81481,5.64444,10.25926,131.81111,A17.i_0
82647.43333,9823.02222,10036.57778,9314.95556,255735.13333,1191.83333,22.88889,61.88889,1668.71111,933611.97778,625.93333,3435.0,374.55556,500.0,3.44444,490.51111,1809.22222,991.25556,4923.91111,A17.a_1,3825.17778,695.44444,383.66667,260.62222,8027.54444,41.33333,1.1037,8.91111,58.64444,18183.76667,28.53333,161.26667,15.22222,16.44444,1.0,5.2963,17.57778,9.51852,116.14444,A17.i_1
78396.21111,9515.13333,10876.8,6905.95556,234857.91111,1115.94444,19.33333,72.33333,1593.26667,888837.31111,603.6,3296.77778,406.44444,428.22222,3.33333,625.06667,1527.77778,1678.25556,5663.35556,A17.a_2,3779.84444,613.77778,384.33333,238.12593,8530.43333,96.77778,1.1037,5.11852,57.53333,17568.65556,24.08889,157.04444,20.33333,13.88889,1.0,5.07407,8.11111,7.40741,122.47778,A17.i_2
77516.32222,8741.57778,10349.68889,7130.84444,226408.68889,540.61111,17.11111,71.33333,1459.04444,833184.86667,557.93333,2945.55556,385.33333,423.66667,1.77778,539.73333,3791.77778,1428.7,5403.8,A17.a_3,3490.06667,551.11111,341.22222,227.28889,7923.98889,142.11111,1.20741,9.51111,54.08889,17121.65556,20.08889,116.04444,14.44444,22.33333,1.0,5.66667,13.11111,13.48148,131.36667,A17.i_3
71826.98889,8114.91111,9376.68889,6621.73333,203088.35556,645.16667,15.77778,55.0,1325.82222,762058.42222,618.26667,2656.88889,254.11111,317.22222,1.0,385.51111,3832.77778,700.7,4549.46667,A17.a_4,3630.51111,624.88889,371.55556,229.73333,8117.65556,92.77778,1.20741,8.4,66.42222,16622.76667,24.2,174.93333,21.66667,15.88889,1.0,5.2963,6.46667,15.37037,137.7,A17.i_4
67709.32222,7952.24444,8541.57778,6521.28889,201686.68889,758.16667,14.88889,44.66667,1255.04444,683637.2,499.82222,2459.0,265.77778,288.55556,1.0,356.62222,1248.33333,485.81111,3724.13333,A17.a_5,3810.28889,836.0,451.44444,278.73333,8011.32222,13.22222,1.20741,6.06667,71.64444,16081.98889,33.08889,128.04444,22.44444,12.55556,1.0,5.22222,13.11111,19.11111,134.92222,A17.i_5
68892.21111,9610.13333,7956.57778,6387.06667,196280.8,776.83333,12.88889,46.77778,1236.82222,656379.75556,481.82222,2255.33333,243.22222,302.55556,1.0,270.73333,1464.33333,288.58889,2969.8,A17.a_6,3515.73333,669.22222,408.22222,173.42963,7307.65556,18.88889,1.1037,1.0,73.2,15671.98889,27.2,141.48889,22.88889,18.11111,1.0,4.77778,10.93333,11.81481,128.25556,A17.i_6
74597.87778,9705.57778,8684.35556,6464.4,215808.02222,460.38889,9.55556,36.33333,1203.93333,642729.42222,540.6,2113.77778,228.0,304.77778,1.77778,270.28889,1250.11111,334.81111,2810.68889,A17.a_7,3635.84444,630.88889,392.33333,268.4,7777.43333,47.44444,1.20741,3.05926,65.2,15272.65556,25.42222,137.26667,17.11111,16.33333,1.0,9.62963,4.46667,9.77778,118.25556,A17.i_7
74268.21111,13259.24444,8042.68889,7529.06667,214433.02222,569.38889,9.55556,21.33333,1301.37778,622924.86667,594.71111,1997.88889,268.0,314.44444,5.11111,274.06667,1183.77778,222.92222,3451.8,A17.a_8,3466.28889,604.55556,346.22222,260.98519,7408.21111,39.55556,1.1037,6.06667,61.08889,15020.43333,23.08889,98.93333,18.11111,12.77778,1.0,6.81481,13.0,7.2963,109.14444,A17.i_8
72033.43333,11387.02222,8809.35556,6559.95556,205353.68889,655.5,10.88889,18.11111,1179.6,610319.53333,561.71111,2038.88889,261.33333,302.88889,3.44444,250.06667,1286.88889,375.7,2990.24444,A17.a_9,3608.51111,668.33333,417.55556,260.73333,7847.21111,28.88889,1.31111,6.06667,68.31111,14621.54444,25.42222,113.15556,21.11111,16.44444,1.0,8.62963,10.11111,8.33333,131.81111,A17.i_9
85715.64444,7706.4,33507.18889,15975.34444,163512.45556,306.11111,61.23333,144.64444,1507.57778,1426766.8,233.27778,639.0,383.88889,686.93333,1.77778,3501.95556,1482.11111,190.21111,5788.07778,A18.a_0,3371.35556,2051.44444,579.47778,545.9,6948.05556,43.33333,1.5,4.4963,150.1,18248.72222,18.9,39.55556,55.66667,42.68889,4.22222,74.55556,11.05556,14.73333,279.57778,A18.i_0
88589.75556,8158.28889,34165.07778,15550.45556,164151.45556,437.66667,61.45556,163.31111,1557.24444,1380110.8,229.27778,685.88889,409.22222,995.48889,1.77778,3574.06667,1743.77778,236.65556,6157.41111,A18.a_1,3083.68889,1984.66667,546.25556,522.56667,7054.16667,78.44444,1.23333,6.71852,160.21111,17817.94444,16.56667,42.0,53.33333,44.46667,1.77778,76.22222,10.61111,14.21111,312.68889,A18.i_1
85143.64444,7697.4,34018.74444,14270.67778,164308.9,382.11111,60.12222,149.08889,1447.57778,1346954.8,226.27778,660.77778,409.88889,1025.37778,1.77778,3435.06667,1598.11111,213.32222,5991.85556,A18.a_2,3102.46667,1913.88889,576.58889,468.34444,6682.16667,17.0,1.18889,5.84444,164.43333,17450.05556,18.78889,32.11111,64.44444,41.68889,1.77778,79.66667,19.5,16.76667,290.35556,A18.i_2
78056.08889,7313.84444,32660.18889,12961.12222,148093.01111,246.44444,62.67778,106.08889,1324.13333,1300082.57778,216.16667,613.55556,419.88889,846.37778,1.77778,3311.51111,1475.33333,179.54444,5551.07778,A18.a_3,3118.24444,2055.44444,547.03333,517.34444,6991.27778,158.55556,1.26667,5.84444,150.54444,17092.61111,16.56667,46.22222,69.66667,42.46667,1.77778,69.0,5.16667,16.43333,295.13333,A18.i_3
72373.86667,7169.95556,29756.52222,11807.23333,134772.34444,271.22222,59.01111,112.02963,1240.57778,1239925.8,209.94444,539.22222,340.33333,682.82222,3.44444,3013.4,1433.66667,151.21111,4897.07778,A18.a_4,3139.13333,2010.88889,617.25556,550.9,7152.16667,82.22222,1.42222,10.16296,171.65556,16792.94444,14.45556,46.22222,53.77778,42.8,1.77778,72.77778,13.05556,15.92222,289.8,A18.i_4
75219.53333,7575.95556,30509.63333,11788.67778,142073.23333,437.66667,45.23333,128.08889,1292.91111,1128469.68889,201.38889,550.0,418.88889,778.6,1.77778,3006.28889,1340.66667,174.21111,5229.41111,A18.a_5,2919.24444,1839.11111,556.92222,471.12222,6447.16667,43.22222,1.57778,5.08148,149.98889,16467.27778,16.34444,31.11111,56.11111,36.02222,1.0,61.66667,8.61111,19.06667,301.91111,A18.i_5
76712.2,7968.73333,30139.52222,13408.78889,147221.01111,258.88889,46.23333,76.86667,1163.13333,1097257.35556,205.16667,502.66667,377.66667,772.48889,1.0,2917.06667,1176.55556,141.98889,4891.85556,A18.a_6,3199.46667,1916.88889,629.58889,458.12222,6612.16667,23.11111,1.45556,4.73333,176.32222,16236.27778,15.12222,37.33333,67.66667,40.8,2.55556,69.0,9.61111,18.51111,330.57778,A18.i_6
73901.42222,7070.17778,29520.74444,11168.34444,128650.12222,297.88889,50.12222,121.08889,1168.57778,1063885.02222,197.38889,549.55556,409.22222,753.71111,1.77778,2887.95556,991.0,188.87778,5561.74444,A18.a_7,3015.68889,1672.44444,563.58889,393.45556,6304.27778,88.66667,1.38889,5.84444,150.21111,16004.83333,14.12222,35.33333,47.0,39.91111,1.0,66.88889,14.5,14.62222,283.68889,A18.i_7
77430.08889,7037.28889,31114.96667,12522.23333,132931.12222,805.33333,51.01111,112.97778,1306.91111,1032726.8,213.38889,613.77778,445.44444,766.26667,1.77778,2995.4,1133.33333,201.54444,5628.85556,A18.a_8,2781.13333,2024.11111,497.14444,507.23333,6559.72222,156.33333,1.23333,2.98519,148.1,15800.05556,15.34444,39.55556,61.0,33.8,1.77778,60.44444,11.88889,9.35556,295.02222,A18.i_8
80271.31111,8017.17778,33242.18889,12478.34444,149414.9,472.44444,41.78889,79.08889,1306.24444,1004862.8,200.5,569.33333,345.77778,636.48889,3.44444,3123.62222,1311.55556,192.87778,4761.52222,A18.a_9,3053.8,1782.55556,583.36667,424.67778,6337.05556,23.22222,1.98889,4.20741,166.21111,15574.5,15.67778,41.33333,53.77778,37.24444,1.77778,69.22222,16.94444,15.76667,293.02222,A18.i_9
30040.02222,18484.33333,9002.24444,14586.53333,543037.62222,285.66667,23.55556,22.33333,5729.11111,467420.37778,183.77778,4767.92222,4495.3,1639.88889,13.92593,842.08889,1384.0,4501.52222,3436.21111,A19.a_0,1122.81111,1840.4,232.23333,708.72222,14523.97778,53.33333,1.18519,4.25185,395.82222,17082.78889,17.44444,349.33333,528.58889,35.26667,1.0,17.6,10.55556,144.05556,101.27778,A19.i_0
29113.02222,17703.0,7884.57778,14926.2,495419.06667,306.11111,23.55556,23.77778,5616.33333,457905.93333,175.11111,4747.92222,4321.96667,1428.44444,16.36296,806.42222,1490.33333,4704.3,2559.43333,A19.a_1,1191.25556,1973.95556,226.45556,734.61111,15035.42222,265.22222,1.09259,9.64444,377.82222,16694.12222,15.88889,501.22222,479.81111,45.6,1.0,26.6,15.44444,134.16667,93.94444,A19.i_1
28573.13333,16989.33333,9026.46667,15625.53333,465267.28889,649.11111,28.0,27.0,5455.66667,453744.26667,163.77778,4618.92222,4249.18889,1592.88889,25.74815,994.08889,1413.77778,3363.52222,3477.21111,A19.a_2,1095.25556,1710.17778,197.45556,708.83333,13993.2,248.77778,1.0,5.36296,381.82222,16274.23333,16.77778,416.44444,468.81111,41.71111,2.55556,19.05185,13.55556,187.5,85.72222,A19.i_2
29130.68889,17700.88889,8598.02222,15233.97778,466603.51111,484.88889,26.33333,19.0,5368.77778,450009.15556,155.88889,5050.92222,4166.07778,1715.77778,25.63704,849.53333,1401.88889,4196.3,2925.54444,A19.a_3,1079.81111,1870.73333,200.34444,755.16667,14384.64444,277.33333,1.09259,5.32222,385.04444,15827.34444,19.0,422.55556,505.7,39.71111,1.0,23.04444,12.44444,121.94444,90.83333,A19.i_3
29148.46667,18057.77778,8970.24444,14864.42222,511431.17778,427.33333,30.0,15.55556,5549.11111,447770.71111,180.88889,5055.58889,4318.52222,1653.44444,21.58519,860.08889,1402.66667,6590.41111,3677.54444,A19.a_4,1097.14444,1818.17778,203.01111,711.38889,13704.2,186.77778,1.40741,7.5037,391.04444,15559.67778,19.66667,377.22222,483.47778,35.6,1.0,24.37778,5.66667,102.61111,86.72222,A19.i_4
28479.57778,17268.77778,8857.91111,13848.31111,454473.17778,392.55556,26.55556,37.55556,5397.55556,445264.15556,177.0,4496.14444,4261.3,1530.66667,21.58519,798.64444,1520.77778,4297.52222,3499.54444,A19.a_5,1055.92222,1851.4,209.45556,734.61111,13713.97778,178.77778,1.0,8.57407,381.93333,15291.45556,17.88889,432.88889,533.7,35.04444,4.22222,28.04444,15.11111,106.27778,80.72222,A19.i_5
27514.24444,16199.66667,8389.91111,12290.42222,454326.28889,355.55556,26.22222,35.11111,5329.11111,442292.26667,155.22222,4428.47778,4094.18889,1407.0,13.2,857.42222,1700.11111,3090.96667,3039.65556,A19.a_6,1149.36667,1737.4,185.45556,690.72222,13927.42222,252.77778,1.0,6.43333,380.04444,15034.01111,16.88889,510.33333,483.58889,40.37778,1.0,29.37778,14.33333,100.94444,77.05556,A19.i_6
28891.91111,16654.88889,8248.13333,14173.86667,487957.51111,411.11111,23.66667,29.33333,5393.77778,439691.71111,163.11111,4429.03333,4304.85556,1587.11111,19.86667,768.2,1421.55556,3183.63333,3215.98889,A19.a_7,1123.58889,1868.84444,180.78889,739.72222,13437.75556,339.0,1.09259,5.36296,377.48889,14787.34444,18.77778,534.44444,491.47778,39.93333,2.55556,35.71111,17.22222,92.5,76.72222,A19.i_7
28113.57778,16538.33333,7107.24444,12528.64444,427710.17778,304.11111,20.11111,35.11111,5304.77778,437705.37778,164.77778,4370.14444,3979.41111,1608.11111,16.53333,676.53333,1633.33333,3026.18889,2750.65556,A19.a_8,990.92222,1627.28889,176.34444,636.61111,12406.86667,184.88889,1.0,4.25185,348.15556,14629.9,15.66667,342.44444,438.14444,34.71111,1.0,23.4963,18.33333,75.27778,93.38889,A19.i_8
28544.57778,16908.66667,8605.68889,14558.42222,489868.73333,374.0,20.11111,36.44444,5351.77778,436089.26667,165.0,5472.58889,4187.85556,1435.22222,15.58519,827.42222,1241.55556,5198.96667,2910.32222,A19.a_9,1137.81111,1671.62222,184.01111,711.5,13300.97778,166.55556,1.0,6.43333,346.71111,14409.23333,13.55556,486.55556,451.58889,30.71111,2.66667,30.26667,22.22222,128.05556,64.83333,A19.i_9
62530.04444,4823.11111,11683.72222,26686.57778,238434.4,285.66667,21.82222,22.55185,3938.94444,1462201.98889,1254.78889,2734.82222,465.77778,712.55556,1.0,341.2,1039.88889,435.33333,4139.48889,A2.a_0,2862.7,923.35556,601.52222,668.86667,2513.68889,254.77778,1.0,4.33333,226.44444,24428.38889,38.04444,44.48889,6.55556,13.37778,1.0,4.0,1.0,1.68889,40.64444,A2.i_0
63149.04444,3208.22222,11475.94444,24406.91111,214713.73333,252.77778,21.93333,10.47407,3494.38889,1409119.76667,1231.45556,2688.15556,382.88889,676.11111,3.44444,336.53333,411.55556,408.88889,4154.82222,A2.a_1,2611.25556,827.68889,580.3,547.75556,3295.24444,176.66667,1.0,1.0,220.33333,22919.16667,37.71111,33.82222,7.55556,16.82222,1.0,8.77778,1.0,1.36296,35.75556,A2.i_1
58734.04444,2413.33333,11185.83333,22523.24444,202257.62222,195.11111,20.04444,20.48889,3218.83333,1354525.76667,1119.01111,2549.26667,433.0,530.88889,1.0,277.86667,440.33333,432.77778,3769.04444,A2.a_2,2827.7,911.46667,593.52222,552.86667,2711.68889,82.33333,1.0,6.66667,237.66667,22345.5,30.93333,35.6,4.88889,17.15556,1.0,3.88889,1.88889,1.01481,37.31111,A2.i_2
57982.48889,2455.33333,10901.72222,21646.8,187139.17778,150.0,21.6,25.9963,2955.94444,1300471.65556,1008.01111,2410.71111,409.22222,535.33333,1.77778,274.64444,496.66667,485.44444,3678.6,A2.a_3,2694.81111,927.57778,559.18889,594.2,2620.24444,452.0,1.11111,3.22222,240.44444,21882.72222,33.04444,35.37778,3.66667,12.6,1.0,5.66667,5.55556,2.01852,31.42222,A2.i_3
61088.04444,5280.44444,11781.5,25373.35556,225351.28889,254.88889,19.71111,14.71111,3250.16667,1259754.87778,878.12222,2559.04444,310.0,834.55556,1.77778,332.75556,908.0,423.77778,4382.37778,A2.a_4,2771.25556,904.24444,567.18889,604.53333,2599.68889,137.55556,1.11111,6.55556,228.77778,21493.5,31.26667,42.71111,5.22222,11.93333,1.0,3.33333,1.88889,2.01481,34.53333,A2.i_4
57963.48889,3607.22222,10932.94444,21056.91111,177669.06667,252.55556,17.48889,23.77407,3308.16667,1233078.98889,1200.78889,2437.82222,440.22222,551.22222,5.88889,282.86667,486.0,352.55556,3393.48889,A2.a_5,2757.7,776.02222,569.07778,607.08889,2555.46667,193.22222,1.0,4.33333,222.44444,20878.27778,29.37778,37.26667,7.22222,13.37778,1.0,4.11111,1.88889,1.67407,34.31111,A2.i_5
51700.6,2917.0,9426.16667,21210.35556,181763.51111,135.55556,15.93333,16.77407,2923.05556,1201164.76667,989.9,2196.6,328.22222,536.55556,4.33333,252.64444,382.11111,347.55556,3350.82222,A2.a_6,2719.36667,921.57778,559.3,607.08889,2616.35556,269.33333,1.0,1.0,233.44444,20415.72222,31.71111,35.26667,7.88889,14.71111,1.0,4.77778,1.0,2.46296,43.08889,A2.i_6
58812.37778,3659.22222,11349.83333,22202.91111,191024.4,176.66667,24.82222,25.83704,2963.5,1155858.76667,833.34444,2410.71111,296.88889,734.22222,3.33333,300.75556,546.22222,406.55556,3787.37778,A2.a_7,2739.7,798.13333,590.41111,457.53333,2649.46667,242.55556,1.44444,3.22222,213.11111,20194.94444,26.15556,38.15556,5.33333,16.37778,1.0,3.33333,2.77778,2.02222,29.64444,A2.i_7
58026.93333,2811.77778,10506.61111,23606.8,202197.06667,291.66667,19.04444,12.53704,2460.61111,1130802.65556,783.12222,2387.71111,232.66667,725.22222,1.77778,280.2,497.77778,299.11111,3805.6,A2.a_8,2628.92222,832.8,541.85556,555.42222,2456.8,127.44444,1.11111,2.11111,218.0,19700.94444,31.26667,35.93333,4.77778,11.37778,1.0,5.11111,2.88889,4.24815,28.31111,A2.i_8
57759.71111,3028.22222,10483.94444,24407.24444,191312.4,209.55556,16.82222,8.41111,2777.83333,1108176.54444,879.78889,2347.6,332.66667,720.11111,3.44444,275.42222,576.11111,346.22222,3640.26667,A2.a_9,2587.25556,780.13333,531.07778,555.53333,2350.8,100.77778,1.0,1.0,199.44444,19390.61111,26.26667,24.37778,4.66667,12.82222,1.0,8.88889,6.55556,1.68148,21.75556,A2.i_9
51055.48889,2360.55556,10183.07778,23650.61111,203814.48889,450.0,18.05556,13.22222,5367.74444,1498280.92222,1680.67778,1706.25556,594.44444,983.66667,2.55556,171.62222,334.95556,37.13333,2826.2,A3.a_0,560.58889,342.0,49.81111,233.86667,1308.14444,802.02222,1.0,6.31111,31.56667,1518.02222,4.05185,27.44444,1.27778,2.0,1.0,3.24444,1.0,1.97778,2.22222,A3.i_0
52604.26667,2369.77778,10374.52222,22215.61111,189209.82222,320.55556,18.27778,9.88889,5455.74444,1457780.47778,1836.12222,1853.7,701.88889,1048.77778,1.77778,167.95556,378.28889,25.13333,2750.31111,A3.a_1,467.81111,318.77778,46.36667,231.42222,1226.03333,1171.68889,1.0,3.14074,32.23333,1381.46667,4.16296,23.66667,3.11111,1.33333,1.0,2.35556,1.0,2.11111,2.55556,A3.i_1
49969.82222,2427.33333,10269.85556,21223.16667,183535.26667,530.0,16.5,24.66667,5965.85556,1419710.03333,1811.23333,1737.58889,555.44444,1014.44444,2.55556,178.06667,361.73333,33.35556,2662.86667,A3.a_2,729.36667,155.22222,76.03333,159.08889,1570.81111,1397.91111,1.0,5.2,15.56667,1161.57778,2.63704,16.11111,2.77778,1.88889,1.0,1.3037,1.0,2.15556,3.33333,A3.i_2
49785.48889,2223.11111,10208.85556,22631.61111,190435.71111,622.55556,16.83333,12.22222,5685.74444,1392602.03333,1804.45556,1790.81111,585.22222,1055.33333,1.77778,165.28889,313.06667,30.57778,2762.42222,A3.a_3,668.7,223.0,59.14444,202.97778,1423.58889,1011.68889,1.11111,4.36296,27.9,978.13333,3.62222,22.77778,1.61111,2.0,1.0,2.8,1.0,1.53333,2.44444,A3.i_3
50292.04444,2217.0,10435.41111,22488.38889,193669.93333,497.22222,12.5,21.22222,5045.74444,1356908.03333,1559.34444,1674.81111,514.77778,994.88889,1.0,192.73333,329.73333,32.68889,2810.64444,A3.a_4,868.03333,251.33333,87.03333,146.08889,1632.25556,884.24444,1.11111,1.0,10.56667,915.46667,1.42963,13.0,1.83333,2.11111,1.0,3.40741,1.0,1.97778,2.22222,A3.i_4
47469.6,2324.11111,10059.07778,19852.27778,174271.6,509.44444,19.05556,21.11111,5332.85556,1307119.92222,1658.56667,1779.25556,561.0,856.66667,4.33333,168.95556,361.73333,37.91111,2526.75556,A3.a_5,757.81111,85.55556,76.14444,140.97778,1520.47778,641.91111,1.0,4.17037,6.67778,820.57778,1.1037,14.66667,1.55556,2.0,1.0,1.91111,1.0,3.04444,1.88889,A3.i_5
45519.15556,2386.77778,9811.3,18583.83333,167289.04444,310.33333,15.38889,17.88889,5351.63333,1280011.58889,1771.01111,1753.7,587.55556,762.33333,3.33333,165.84444,371.4,40.8,2342.64444,A3.a_6,899.03333,73.66667,82.81111,63.3037,1764.36667,769.13333,1.0,5.28148,8.12222,731.68889,1.1037,10.55556,1.55556,2.11111,1.0,2.05185,1.0,1.17778,1.55556,A3.i_6
45925.26667,2162.55556,9859.3,19144.83333,169059.93333,437.55556,15.16667,17.88889,4795.3,1250209.36667,1437.23333,1626.36667,472.77778,837.22222,2.66667,161.73333,350.62222,40.35556,2532.2,A3.a_7,889.92222,72.44444,91.58889,110.08889,1643.25556,1447.91111,1.0,2.02963,7.04444,726.46667,1.1037,9.77778,1.61111,3.33333,1.77778,2.4963,1.0,1.53333,1.77778,A3.i_7
44856.6,1679.44444,9457.74444,20393.5,169433.26667,318.44444,11.38889,8.77778,3804.18889,1223440.36667,1095.9,1652.81111,360.66667,719.0,1.0,153.73333,261.62222,30.8,2540.64444,A3.a_8,842.7,38.44444,79.14444,63.3037,1507.58889,812.57778,1.11111,5.2,4.48889,684.68889,1.0,5.55556,1.0,2.77778,1.0,1.3037,1.88889,2.51111,2.22222,A3.i_8
47619.37778,1991.66667,9873.18889,22856.16667,189605.82222,415.11111,13.5,19.0,3645.74444,1201657.03333,1012.9,1484.25556,366.33333,827.55556,5.0,171.62222,370.4,26.02222,2684.31111,A3.a_9,877.03333,75.55556,89.47778,64.6963,1597.36667,816.46667,1.0,4.17037,7.78889,632.46667,1.0,8.55556,1.83333,1.88889,1.0,2.05185,1.88889,2.46667,2.66667,A3.i_9
116773.07778,26372.55556,6785.51111,5275.66667,244992.45556,390.44444,20.57778,9.2963,3610.08889,478364.58889,120.08889,231937.22222,3527.94444,2268.44444,21.77778,1180.13333,5267.33333,710.11111,80258.66667,A4.a_0,2000.06667,46.48889,70.74444,60.38889,3952.14444,1060.22222,1.0,1.91111,4.0037,2155.48889,1.0,16.48889,5.88889,6.77778,2.66667,2.46667,4.26667,2.43704,3.8,A4.i_0
105149.07778,25017.66667,6180.06667,5317.0,231008.23333,314.33333,21.02222,20.08148,3376.64444,454252.36667,105.64444,222413.88889,3278.5,2687.88889,20.33333,1349.46667,5577.0,744.11111,95499.33333,A4.a_1,1852.62222,93.71111,73.63333,61.22222,4956.47778,1702.0,1.0,5.95556,3.17778,1956.6,1.0,10.26667,7.0,6.22222,1.0,3.64444,2.51111,2.05185,2.91111,A4.i_1
105924.85556,26420.0,6064.95556,4824.0,235767.45556,345.11111,19.35556,21.60741,3346.75556,433767.7,98.97778,209817.66667,3669.72222,2101.44444,27.0,1133.24444,4998.66667,696.0,72763.66667,A4.a_2,1917.17778,42.02222,80.52222,88.35185,3926.25556,1259.55556,1.0,10.31111,3.28889,1882.82222,1.0,13.26667,3.33333,7.88889,1.0,3.64444,4.51111,3.40741,3.2,A4.i_2
97330.41111,22648.66667,5303.28889,5185.33333,219185.56667,226.11111,15.02222,1.0,3297.42222,419441.58889,107.97778,212495.55556,3807.94444,2629.22222,29.44444,1229.91111,5250.22222,655.77778,92977.66667,A4.a_3,1966.73333,57.24444,67.52222,115.59259,4058.81111,1319.0,1.07037,3.93333,1.85926,1799.26667,1.33333,13.8,3.77778,4.11111,1.0,3.2,6.02222,1.57778,3.86667,A4.i_3
90215.63333,21587.44444,4710.73333,5038.22222,209479.23333,207.44444,15.02222,5.43704,3100.64444,409451.47778,107.97778,214054.77778,3859.83333,2646.44444,16.11111,1038.46667,5346.55556,649.77778,90782.77778,A4.a_4,1860.95556,48.48889,64.74444,93.94444,4686.14444,1944.11111,1.0,1.91111,3.28889,1783.6,1.22222,16.91111,6.88889,6.11111,1.0,3.75556,1.0,1.77037,2.86667,A4.i_4
98106.85556,23940.55556,5059.06667,4924.55556,216785.34444,262.77778,17.24444,10.51852,3472.86667,392383.58889,104.53333,211553.66667,3425.16667,2248.88889,30.33333,1176.02222,5071.33333,610.66667,84180.77778,A4.a_5,1747.17778,112.68889,64.07778,105.48148,4162.81111,1535.22222,1.0,5.75556,3.82963,1720.37778,1.0,15.35556,2.77778,6.33333,1.0,3.93333,3.51111,1.57778,3.53333,A4.i_5
93912.85556,21227.44444,5370.17778,3979.66667,192995.34444,437.66667,15.57778,255.60741,2740.08889,371086.36667,90.08889,158502.55556,2606.83333,1690.11111,25.33333,864.13333,4245.0,537.33333,57113.0,A4.a_6,1992.95556,28.8,79.52222,119.72222,4896.47778,1428.0,1.0,10.31111,5.27407,1657.26667,1.0,18.57778,5.44444,6.0,1.77778,3.46667,8.77778,1.38519,3.44444,A4.i_6
91406.3,15946.55556,5014.06667,3700.88889,186014.12222,1841.55556,15.68889,1126.16296,2195.86667,350569.92222,75.08889,136728.66667,2011.83333,1521.55556,9.22222,1295.91111,3661.88889,437.44444,53126.55556,A4.a_7,1762.06667,40.91111,120.74444,84.81481,4209.14444,1376.66667,1.07037,9.8,2.78148,1599.82222,1.0,12.91111,1.66667,4.33333,1.0,4.93333,7.77778,1.38519,2.28889,A4.i_7
94436.63333,20376.88889,5396.84444,3701.0,190325.67778,2350.22222,17.46667,1202.38519,2484.53333,336244.7,65.53333,117978.33333,1796.5,1555.44444,13.44444,1153.57778,4121.33333,379.77778,52012.22222,A4.a_8,1773.4,47.02222,70.07778,74.37037,3974.58889,986.0,1.0,7.97778,3.76667,1563.26667,1.0,16.8,4.88889,5.66667,1.0,2.46667,6.02222,2.1037,2.51111,A4.i_8
72458.85556,19095.66667,4061.17778,3747.44444,165935.56667,705.22222,13.35556,215.71852,2561.31111,321272.92222,84.75556,156824.22222,2517.05556,2079.77778,17.77778,813.57778,4488.55556,466.77778,77163.55556,A4.a_9,1649.95556,38.02222,74.74444,101.61111,4318.7,1352.0,1.0,3.93333,3.44815,1489.15556,1.0,13.28889,2.0,5.55556,1.77778,7.13333,4.02222,2.24444,4.06667,A4.i_9
59883.02222,20378.66667,9234.31111,494.43333,128263.71111,848.66667,14.71111,23.28889,2932.33333,164137.13333,99.66667,416.04444,239.55556,198.33333,1.0,168.88889,307.88889,123.28889,1540.66667,A5.a_0,786.61111,259.55556,232.77778,31.4,1951.3,1952.11111,1.0,3.48889,62.46667,3645.75556,2.08519,30.88889,6.77778,2.77778,4.22222,10.86667,6.77778,5.33333,22.42222,A5.i_0
57416.57778,28195.0,8617.86667,417.1,118643.71111,1308.77778,13.6,36.71111,2809.0,158287.8,97.44444,474.15556,252.88889,190.66667,2.31852,130.66667,318.55556,203.17778,1757.66667,A5.a_1,694.38889,183.66667,210.0,31.4,2006.18889,5759.77778,1.11111,5.71111,42.13333,3430.75556,1.53704,47.77778,6.44444,3.44444,2.66667,6.37778,6.26667,1.77778,20.86667,A5.i_1
57527.02222,22647.55556,8643.53333,569.21111,116559.71111,548.44444,14.37778,25.42963,2978.11111,150183.35556,94.22222,396.6,207.0,185.11111,1.0,151.0,515.66667,150.62222,1679.77778,A5.a_2,741.72222,180.66667,196.77778,36.14815,1886.96667,957.44444,1.22222,4.6,51.13333,3310.31111,1.98519,47.33333,9.88889,3.22222,1.0,14.82222,6.77778,3.0,29.75556,A5.i_2
54529.35556,19584.55556,8917.53333,442.87778,114873.93333,908.33333,13.48889,32.31852,2905.44444,144644.02222,98.66667,405.93333,196.0,192.11111,1.65926,164.66667,310.66667,125.28889,1619.22222,A5.a_3,730.83333,221.0,206.0,49.65185,2007.41111,3684.88889,1.0,1.82963,38.8,3204.97778,2.31481,22.44444,6.77778,3.66667,1.0,17.46667,3.51111,1.77778,19.2,A5.i_3
52688.13333,17651.66667,7669.64444,540.76667,106550.15556,713.0,11.37778,16.37037,2881.0,141159.24444,83.77778,371.6,194.33333,185.33333,1.0,167.55556,333.33333,146.84444,1722.33333,A5.a_4,618.38889,232.11111,156.22222,49.65185,1718.74444,2280.11111,1.22222,4.6,33.8,3110.86667,2.41852,45.77778,6.33333,4.11111,1.0,13.37778,2.51111,4.0,24.86667,A5.i_4
50670.91111,20724.88889,8666.08889,548.54444,103121.71111,474.55556,10.05185,23.28889,2600.44444,136846.91111,82.88889,375.93333,215.11111,182.66667,2.31852,155.0,306.77778,225.51111,1901.66667,A5.a_5,790.94444,246.33333,186.44444,39.79259,2184.96667,2070.11111,1.0,4.16296,45.02222,3032.08889,2.31111,28.44444,4.77778,4.77778,1.0,13.97778,6.77778,4.66667,23.08889,A5.i_5
49660.91111,17652.88889,8228.2,514.98889,102842.15556,690.33333,12.37778,24.62222,2460.22222,133301.91111,78.44444,358.26667,171.22222,181.88889,2.54815,139.11111,343.22222,135.28889,1698.66667,A5.a_6,753.72222,175.44444,176.88889,34.20741,2094.63333,3721.11111,1.22222,1.0,28.35556,2974.08889,1.32222,30.88889,8.0,4.22222,1.0,6.68889,5.02222,3.55556,17.2,A5.i_6
47493.13333,20837.22222,8598.42222,548.65556,97768.82222,526.0,12.37778,26.54074,2672.55556,131661.8,85.0,392.82222,183.66667,191.66667,1.65926,217.0,520.66667,133.73333,1922.33333,A5.a_7,787.27778,219.11111,182.44444,44.54074,2172.18889,5002.11111,1.11111,3.77037,27.46667,2906.2,2.41481,31.22222,5.44444,4.88889,1.0,11.46667,8.77778,2.77778,16.64444,A5.i_7
46975.46667,22551.44444,8974.42222,520.21111,97337.04444,419.22222,9.37778,23.93333,2815.55556,130732.8,90.55556,354.48889,184.88889,200.0,1.0,168.66667,376.22222,127.51111,1921.33333,A5.a_8,684.05556,192.88889,183.88889,47.34815,1972.74444,3366.44444,1.11111,2.94074,32.24444,2838.31111,2.09259,33.11111,4.66667,4.66667,1.77778,11.62222,4.26667,2.55556,22.54815,A5.i_8
43833.35556,16512.22222,8166.42222,432.54444,92298.15556,429.44444,12.6,14.06667,2202.44444,128813.68889,64.44444,357.48889,160.88889,168.0,1.0,187.55556,532.33333,145.84444,1902.55556,A5.a_9,737.16667,194.77778,179.22222,57.42963,1871.07778,2232.22222,1.11111,2.94074,46.68889,2817.31111,2.09259,26.55556,7.22222,4.0,1.0,11.2,2.51111,3.0,16.31111,A5.i_9
22007.41111,1328.88889,4908.27778,9506.78889,68644.63333,142.74444,9.05556,15.55556,1114.23333,473868.71111,208.88889,886.44444,57.15556,510.55556,1.0,93.84444,544.53333,17.98889,1854.24444,A6.a_0,963.18889,3023.73333,769.67778,1262.11111,2342.83333,871.0,1.0,2.8963,297.27778,34987.26667,97.61111,115.35556,21.66667,4.24444,1.0,8.37778,3.77778,2.17037,29.22222,A6.i_0
20339.52222,1994.88889,3741.72222,9103.23333,58912.41111,114.07778,7.5,4.33333,1095.56667,422233.15556,208.88889,759.55556,41.04444,708.33333,1.0,87.84444,496.08889,15.1,1588.02222,A6.a_1,741.07778,2635.51111,626.78889,1104.77778,1686.38889,735.33333,1.0,3.84444,259.27778,32489.15556,96.61111,81.13333,17.55556,4.03333,1.0,4.68889,5.55556,2.24074,23.0,A6.i_1
20621.41111,1428.88889,4113.5,8679.34444,55749.3,208.52222,10.5,9.88889,1012.9,398229.48889,155.55556,792.22222,45.04444,612.55556,1.0,90.62222,277.08889,16.65556,1617.91111,A6.a_2,978.3,2773.73333,834.34444,1267.11111,2210.38889,731.22222,1.20741,5.9037,286.16667,30721.37778,92.38889,110.8,18.44444,5.02222,1.0,3.99259,2.77778,2.75556,22.66667,A6.i_2
20213.74444,1678.66667,4234.83333,9323.45556,50231.41111,208.52222,9.94444,13.22222,1047.12222,377544.15556,182.55556,765.33333,55.37778,536.77778,1.0,96.51111,315.86667,13.79259,1507.02222,A6.a_3,862.18889,3043.84444,813.9,1306.0,2283.5,636.77778,1.31111,1.94815,314.72222,28532.15556,111.38889,121.91111,17.88889,4.34444,1.77778,6.18519,9.33333,2.1,24.0,A6.i_3
17346.85556,1200.44444,3500.05556,8424.01111,48879.18889,112.07778,7.94444,5.44444,835.78889,367277.6,170.11111,740.44444,46.48889,535.11111,1.0,90.06667,261.42222,13.9037,1399.91111,A6.a_4,906.18889,2800.06667,822.12222,1156.22222,2268.05556,441.77778,1.52593,5.11852,302.16667,26643.37778,107.72222,92.68889,16.88889,5.57778,1.77778,7.34815,9.33333,6.00741,23.77778,A6.i_4
18335.63333,1331.0,3900.94444,8538.23333,45021.96667,185.85556,8.61111,9.88889,906.56667,354723.26667,199.33333,748.11111,45.15556,534.11111,1.0,82.51111,220.86667,13.65556,1361.24444,A6.a_5,974.41111,2932.51111,814.56667,1365.33333,2606.38889,671.88889,1.43704,1.94815,306.5,25326.6,114.83333,94.91111,19.22222,4.68889,1.77778,5.79259,19.11111,7.45185,29.55556,A6.i_5
18792.85556,1118.77778,3811.05556,9277.12222,44439.18889,165.41111,9.94444,8.77778,860.01111,342473.71111,160.77778,720.88889,35.48889,560.0,1.0,89.73333,278.31111,12.45926,1383.24444,A6.a_6,882.41111,2753.4,838.23333,1213.11111,2240.16667,515.55556,1.1037,7.01481,306.72222,22870.04444,97.5,75.46667,16.11111,4.34444,1.0,9.42963,13.44444,4.2,21.88889,A6.i_6
16708.07778,1140.0,3310.83333,8853.45556,47166.41111,153.07778,6.5,9.88889,810.01111,337276.04444,157.33333,702.88889,39.71111,557.0,1.0,81.51111,142.75556,15.57037,1359.46667,A6.a_7,924.74444,2606.62222,964.45556,1153.66667,1927.83333,458.33333,1.20741,2.8963,298.61111,21403.37778,100.5,53.02222,18.77778,4.8,1.0,8.79259,7.66667,3.90741,25.66667,A6.i_7
20738.18889,1568.33333,4472.83333,8912.67778,43214.41111,145.3037,8.5,13.33333,908.01111,328889.82222,137.55556,642.88889,32.37778,505.77778,1.0,79.73333,511.86667,20.76667,1351.46667,A6.a_8,1024.74444,1906.51111,708.45556,1053.22222,1775.16667,778.55556,1.1037,3.84444,219.72222,20306.15556,66.27778,51.35556,12.33333,5.36667,1.0,12.31852,12.33333,4.11852,29.77778,A6.i_8
21433.3,2157.66667,5452.5,8744.12222,44937.85556,319.41111,9.61111,11.11111,1004.9,323690.48889,133.44444,744.88889,43.45926,521.66667,1.77778,103.51111,643.75556,37.76667,1376.8,A6.a_9,1084.74444,2353.06667,830.78889,1040.11111,1782.16667,961.66667,1.0,4.95556,254.94444,19337.15556,74.16667,66.02222,11.44444,6.56667,1.0,17.4,7.66667,4.6037,27.11111,A6.i_9
19493.4,3601.64444,12025.85556,8362.34444,21602.02222,988.0,27.23333,23.28889,1023.15556,158291.1,37.55556,325.57778,21.66667,474.22222,1.0,273.33333,845.22222,518.0,948.31111,A7.a_0,768.34444,181.77778,281.96667,99.24444,1058.0,263.11111,1.0,5.44444,48.43333,4902.55556,4.0,17.66667,5.22222,4.0,1.0,7.48889,7.66667,1.5963,15.95556,A7.i_0
19635.51111,3779.08889,11260.3,8088.45556,20914.68889,811.22222,25.9,32.04444,945.26667,154392.65556,46.22222,269.57778,18.44444,492.44444,1.0,302.22222,804.66667,465.44444,746.42222,A7.a_1,869.67778,225.0,217.96667,130.78519,1146.66667,495.22222,1.0,3.22222,54.76667,4640.0,5.77778,14.55556,3.0,3.77778,1.0,6.32593,58.11111,2.45556,49.51111,A7.i_1
22243.62222,4990.86667,11889.96667,8522.56667,23109.57778,879.11111,26.12222,33.34815,1133.93333,152192.54444,56.11111,319.57778,47.44444,429.0,1.0,296.33333,867.0,463.22222,848.31111,A7.a_2,813.23333,296.77778,203.85556,122.35556,1202.22222,246.66667,1.0,6.55556,54.32222,4419.55556,4.22222,17.66667,4.77778,3.77778,1.0,6.32593,6.77778,4.34444,29.28889,A7.i_2
20099.62222,3389.08889,11940.3,8126.9,21357.02222,679.88889,29.01111,29.79259,931.04444,148468.43333,44.0,305.13333,20.33333,440.22222,1.0,264.0,854.22222,493.11111,859.97778,A7.a_3,919.9,184.44444,245.74444,185.00741,1160.11111,244.44444,1.0,5.44444,48.1,4262.55556,2.66667,17.22222,3.0,4.11111,1.71852,3.8,14.11111,1.26296,82.95556,A7.i_3
19217.17778,2502.42222,11496.41111,8016.78889,21124.35556,833.77778,22.45556,33.65185,827.48889,147006.43333,35.22222,280.24444,11.88889,473.88889,1.0,260.0,946.44444,460.22222,855.42222,A7.a_4,827.01111,272.44444,229.18889,169.45185,1110.88889,663.77778,1.0,6.55556,53.32222,4126.0,4.44444,20.0,4.44444,3.66667,2.43704,4.24444,11.44444,4.01111,49.8,A7.i_4
22921.17778,3609.31111,13885.74444,8798.9,24581.46667,710.66667,22.56667,44.82222,970.37778,145823.43333,42.33333,299.91111,18.44444,471.33333,1.0,301.77778,804.77778,466.88889,941.97778,A7.a_5,859.67778,245.11111,226.74444,100.21481,1107.55556,195.22222,1.0,3.22222,54.1,3989.55556,4.33333,14.88889,4.0,3.11111,1.71852,18.51111,13.55556,1.5963,22.24444,A7.i_5
22060.17778,4789.75556,12499.52222,7519.56667,22807.91111,737.55556,23.67778,35.6,1041.93333,143728.43333,45.33333,311.68889,20.0,439.33333,1.0,309.55556,1288.44444,412.11111,819.86667,A7.a_6,808.67778,262.55556,227.63333,197.02222,1127.77778,528.0,1.0,1.0,59.54444,3947.33333,4.0,9.77778,4.11111,4.55556,1.0,9.42963,6.66667,4.09259,19.68889,A7.i_6
18885.28889,3350.53333,10118.41111,7480.9,20916.8,992.55556,28.23333,22.06667,893.04444,141230.1,38.88889,290.24444,18.33333,516.66667,1.77778,295.11111,937.66667,442.88889,696.53333,A7.a_7,809.34444,254.33333,207.07778,99.46667,1090.22222,435.44444,1.0,6.66667,56.76667,3884.66667,5.44444,14.44444,4.44444,4.0,1.0,11.34815,4.77778,5.12222,25.28889,A7.i_7
19536.17778,2646.97778,12683.63333,8189.12222,21582.8,893.44444,23.23333,26.34815,787.37778,138727.54444,31.77778,273.02222,12.0,510.33333,1.0,224.77778,704.66667,423.77778,1064.64444,A7.a_8,772.01111,197.55556,224.96667,135.13333,1121.55556,647.22222,1.0,7.66667,51.1,3827.22222,4.22222,14.44444,2.66667,3.66667,2.60741,17.9037,12.44444,1.85926,25.4,A7.i_8
18698.73333,3034.08889,10519.07778,7772.67778,21597.24444,858.55556,29.56667,24.4,888.48889,136493.98889,37.55556,304.68889,14.22222,482.0,1.0,329.66667,813.66667,360.33333,813.08889,A7.a_9,822.12222,252.22222,200.41111,177.00741,1120.44444,433.77778,1.0,9.88889,53.1,3759.33333,4.77778,17.33333,3.44444,4.66667,1.71852,9.1037,9.66667,1.85926,25.51111,A7.i_9
16722.14444,2173.17778,5679.08889,4174.43333,28411.01111,74.0,3.64444,13.85185,502.15556,145731.82222,13.77778,175.68889,23.88889,163.0,1.0,587.44444,295.88889,280.44444,1467.35556,A8(1).a_0,4797.46667,325.0,965.67778,411.41111,11141.28889,1368.55556,1.0,2.8963,120.14444,22919.8,2.0,77.55556,13.33333,13.33333,1.77778,13.91111,6.66667,8.04074,57.02222,A8(1).i_0
16886.47778,1832.51111,5164.86667,3936.87778,27765.45556,77.88889,5.21481,8.76296,461.93333,142014.71111,19.11111,176.57778,23.22222,165.22222,1.0,576.33333,293.0,359.33333,1562.57778,A8(1).a_1,4598.57778,275.55556,906.67778,457.85556,11335.51111,1588.11111,1.33333,8.12593,119.14444,22015.13333,2.2037,90.0,14.33333,15.33333,1.77778,9.28889,5.66667,10.70741,70.91111,A8(1).i_1
17335.36667,1857.73333,5162.75556,4112.43333,28173.56667,88.33333,3.22963,10.40741,468.82222,139689.93333,15.66667,140.46667,22.33333,124.33333,1.0,537.88889,270.11111,353.44444,1341.46667,A8(1).a_2,4574.46667,297.77778,886.01111,416.63333,10612.4,1017.22222,1.11111,1.0,109.03333,21284.24444,2.0,73.44444,10.33333,12.66667,1.0,14.46667,11.33333,9.65556,45.46667,A8(1).i_2
16679.92222,1829.51111,5007.97778,4032.54444,27457.9,114.88889,3.22963,10.40741,481.48889,137101.48889,15.88889,165.46667,27.44444,157.22222,1.77778,576.22222,293.88889,389.0,1315.35556,A8(1).a_3,4432.35556,293.66667,846.23333,460.41111,10504.73333,1409.33333,1.0,7.17778,101.81111,20769.13333,2.0,72.66667,12.33333,11.0,1.77778,10.13333,9.33333,9.9037,65.8,A8(1).i_3
16854.36667,1626.17778,5082.86667,3861.98889,26860.23333,98.77778,3.13333,6.2,447.26667,135245.48889,16.77778,161.35556,21.77778,117.33333,1.0,569.33333,203.0,405.55556,1275.35556,A8(1).a_4,4498.24444,237.11111,821.9,419.18889,10826.06667,2198.88889,1.0,9.23704,103.25556,20369.24444,1.68519,77.44444,11.88889,15.33333,1.0,11.75556,8.55556,8.51111,55.13333,A8(1).i_4
17351.25556,2146.84444,5624.64444,4478.98889,28186.34444,73.88889,3.77037,6.42963,492.48889,134137.93333,17.0,169.57778,29.66667,161.55556,1.77778,527.22222,230.44444,353.33333,1303.13333,A8(1).a_5,4388.8,267.22222,809.23333,426.85556,10185.28889,1415.44444,1.22222,8.4,91.7,20091.02222,2.40741,68.88889,11.33333,12.33333,1.77778,8.44444,5.77778,10.48519,44.02222,A8(1).i_5
17993.03333,2337.84444,6148.31111,4461.1,28647.34444,121.33333,4.02222,12.74074,496.6,133321.71111,15.77778,168.02222,31.11111,171.77778,1.0,537.77778,307.66667,296.44444,1559.46667,A8(1).a_6,4205.8,276.44444,835.78889,385.74444,9877.84444,1635.44444,1.77778,4.95556,100.81111,19654.68889,1.57407,78.11111,11.11111,13.77778,1.0,11.17778,4.66667,12.95556,45.68889,A8(1).i_6
17750.14444,2116.51111,5766.42222,4218.21111,28813.45556,94.44444,3.43704,10.28889,505.48889,131519.71111,15.44444,163.68889,24.22222,161.33333,1.0,681.0,249.55556,655.44444,1574.13333,A8(1).a_7,4213.68889,267.44444,804.9,437.3,10187.51111,1483.33333,1.11111,1.94815,96.47778,19260.35556,1.61111,75.33333,10.22222,15.55556,1.0,10.82222,12.44444,9.01481,44.24444,A8(1).i_7
18156.81111,2338.84444,5704.97778,4419.54444,28061.12222,67.88889,2.56296,8.41481,511.26667,129441.37778,15.22222,167.13333,27.11111,133.66667,1.0,663.0,249.22222,801.33333,1445.57778,A8(1).a_8,4173.46667,225.88889,731.67778,403.63333,10326.28889,1923.11111,1.22222,7.17778,96.14444,18934.57778,1.7963,61.88889,12.77778,13.0,1.77778,8.08889,3.66667,6.81852,41.13333,A8(1).i_8
18416.58889,2683.51111,5826.64444,4608.1,29367.23333,94.55556,2.68889,15.94815,551.93333,127753.26667,13.0,153.68889,27.33333,149.0,1.0,503.22222,236.55556,382.0,1065.91111,A8(1).a_9,4217.13333,213.88889,702.12222,339.3,10330.62222,1908.77778,1.33333,12.24444,103.14444,18676.8,1.38889,63.33333,8.33333,13.11111,2.55556,9.42222,9.33333,4.87037,31.91111,A8(1).i_9
16722.14444,2173.17778,5679.08889,4174.43333,28411.01111,74.0,3.64444,13.85185,502.15556,145731.82222,13.77778,175.68889,23.88889,163.0,1.0,587.44444,295.88889,280.44444,1467.35556,A8(2).a_0,785.03333,44.11111,155.46667,224.14444,1604.82222,60.0,1.0,2.8963,38.01111,5773.52222,2.08519,8.26667,9.66667,2.33333,1.0,5.15556,3.51111,2.31852,34.48889,A8(2).i_0
16886.47778,1832.51111,5164.86667,3936.87778,27765.45556,77.88889,5.21481,8.76296,461.93333,142014.71111,19.11111,176.57778,23.22222,165.22222,1.0,576.33333,293.0,359.33333,1562.57778,A8(2).a_1,687.25556,60.55556,141.57778,208.58889,1443.93333,12.77778,1.0,2.8963,37.67778,5605.85556,1.98148,9.82222,6.77778,1.88889,1.0,5.43704,4.51111,4.98519,30.04444,A8(2).i_1
17335.36667,1857.73333,5162.75556,4112.43333,28173.56667,88.33333,3.22963,10.40741,468.82222,139689.93333,15.66667,140.46667,22.33333,124.33333,1.0,537.88889,270.11111,353.44444,1341.46667,A8(2).a_2,702.25556,51.33333,164.68889,231.92222,1463.82222,39.55556,1.0,6.06667,45.34444,5401.18889,2.86667,9.75556,16.66667,2.55556,1.0,12.04444,8.53333,4.2,40.71111,A8(2).i_2
16679.92222,1829.51111,5007.97778,4032.54444,27457.9,114.88889,3.22963,10.40741,481.48889,137101.48889,15.88889,165.46667,27.44444,157.22222,1.77778,576.22222,293.88889,389.0,1315.35556,A8(2).a_3,752.81111,39.33333,157.57778,213.81111,1568.37778,296.55556,1.0,4.95556,40.01111,5254.18889,1.98148,9.48889,6.77778,1.44444,1.0,7.68148,4.26667,6.0963,29.15556,A8(2).i_3
16854.36667,1626.17778,5082.86667,3861.98889,26860.23333,98.77778,3.13333,6.2,447.26667,135245.48889,16.77778,161.35556,21.77778,117.33333,1.0,569.33333,203.0,405.55556,1275.35556,A8(2).a_4,714.81111,54.33333,152.13333,224.03333,1514.26667,6.88889,1.0,1.0,39.23333,5165.3,2.08519,9.37778,11.33333,2.22222,1.0,6.88148,1.0,4.2037,40.71111,A8(2).i_4
17351.25556,2146.84444,5624.64444,4478.98889,28186.34444,73.88889,3.77037,6.42963,492.48889,134137.93333,17.0,169.57778,29.66667,161.55556,1.77778,527.22222,230.44444,353.33333,1303.13333,A8(2).a_5,699.7,40.11111,152.35556,211.03333,1455.6,53.66667,1.0,4.79259,37.01111,5080.85556,2.53333,13.02222,6.22222,2.0,1.0,5.74074,3.51111,6.41852,38.16296,A8(2).i_5
17993.03333,2337.84444,6148.31111,4461.1,28647.34444,121.33333,4.02222,12.74074,496.6,133321.71111,15.77778,168.02222,31.11111,171.77778,1.0,537.77778,307.66667,296.44444,1559.46667,A8(2).a_6,692.36667,44.22222,138.57778,211.36667,1479.93333,33.11111,1.0,3.05926,37.67778,5018.18889,2.41852,13.15556,7.0,1.88889,1.0,6.2963,1.0,6.08889,34.26667,A8(2).i_6
17750.14444,2116.51111,5766.42222,4218.21111,28813.45556,94.44444,3.43704,10.28889,505.48889,131519.71111,15.44444,163.68889,24.22222,161.33333,1.0,681.0,249.55556,655.44444,1574.13333,A8(2).a_7,691.81111,47.33333,130.46667,234.36667,1389.6,80.44444,1.0,2.8963,41.56667,4944.96667,1.98148,6.06667,8.88889,1.77778,1.0,9.37778,1.75556,1.32963,39.48889,A8(2).i_7
18156.81111,2338.84444,5704.97778,4419.54444,28061.12222,67.88889,2.56296,8.41481,511.26667,129441.37778,15.22222,167.13333,27.11111,133.66667,1.0,663.0,249.22222,801.33333,1445.57778,A8(2).a_8,690.7,51.44444,138.02222,157.03333,1484.93333,99.11111,1.0,4.00741,40.56667,4866.3,2.64074,10.04444,8.55556,2.44444,1.0,7.48889,1.75556,3.86667,39.6,A8(2).i_8
18416.58889,2683.51111,5826.64444,4608.1,29367.23333,94.55556,2.68889,15.94815,551.93333,127753.26667,13.0,153.68889,27.33333,149.0,1.0,503.22222,236.55556,382.0,1065.91111,A8(2).a_9,686.81111,44.44444,146.35556,164.92222,1435.26667,37.22222,1.0,8.51111,42.78889,4782.18889,2.42222,6.28889,7.44444,2.0,1.0,6.48889,1.0,3.54444,36.26667,A8(2).i_9
17745.34444,2021.22222,5315.6,2852.5,26211.64444,169.03704,2.25926,6.39259,529.4,118005.82222,11.22222,178.11111,16.55556,111.15556,2.55556,529.17778,186.8,213.78889,706.75556,A9(1).a_0,1160.88889,96.17778,246.85556,321.12222,2488.3,185.22222,1.0,4.71111,43.8,6064.02222,3.22963,18.33333,7.97778,3.16296,1.0,8.37778,1.0,3.74074,57.55556,A9(1).i_0
18288.78889,2437.66667,5629.48889,3131.16667,26921.86667,277.61111,3.00741,7.54444,566.51111,111951.71111,12.22222,236.0,23.66667,110.93333,2.66667,339.17778,235.46667,253.01111,696.31111,A9(1).a_1,1228.33333,147.73333,252.41111,254.12222,2657.74444,224.33333,1.0,4.95556,41.02222,5870.24444,3.53333,14.11111,9.96667,2.08148,1.0,27.12593,8.26667,8.55556,37.55556,A9(1).i_1
16638.12222,1885.55556,5343.6,2994.16667,25950.42222,616.81481,3.77037,9.64444,507.51111,108281.6,11.22222,159.33333,23.22222,123.82222,1.0,595.84444,186.91111,230.45556,705.86667,A9(1).a_2,1155.22222,117.4,257.63333,251.45556,2671.07778,269.11111,1.19259,2.73333,42.8,5801.35556,3.22963,19.22222,8.75556,5.04444,1.0,25.79259,4.26667,5.33333,34.44444,A9(1).i_2
18026.78889,2219.11111,6581.37778,3662.61111,30461.42222,191.16667,5.1037,7.5037,522.95556,105384.48889,11.88889,198.22222,25.55556,126.71111,1.0,312.95556,252.35556,284.23333,887.53333,A9(1).a_3,1213.22222,114.4,248.96667,300.45556,2787.96667,448.0,1.0963,2.73333,41.8,5696.91111,3.22963,13.22222,8.38148,4.05185,1.0,16.04444,1.0,4.07407,49.11111,A9(1).i_3
18507.78889,2278.77778,5893.82222,3270.5,28486.42222,487.16667,2.65926,9.72593,530.17778,102861.93333,11.44444,217.11111,25.88889,108.82222,1.77778,531.06667,227.35556,259.56667,801.64444,A9(1).a_4,1202.66667,128.62222,258.74444,357.34444,2667.18889,172.77778,1.0,2.97778,41.46667,5623.8,2.67407,12.77778,4.24074,4.05926,1.0,10.01481,4.51111,4.25926,57.55556,A9(1).i_4
17565.34444,2261.44444,6176.93333,3484.5,28952.08889,632.94444,3.35556,10.75556,523.73333,100675.15556,12.55556,221.33333,23.11111,124.15556,1.0,419.4,286.68889,285.34444,859.75556,A9(1).a_5,1146.0,133.51111,253.52222,292.67778,2579.96667,104.66667,1.0,1.0,39.46667,5518.35556,3.34074,12.55556,7.04815,3.06667,1.0,25.17778,2.75556,3.7037,47.88889,A9(1).i_5
18263.45556,2425.33333,6334.71111,3853.72222,32127.97778,863.48148,3.78519,11.86667,524.51111,99106.48889,12.11111,180.77778,23.55556,154.37778,1.0,501.06667,247.13333,246.9,950.97778,A9(1).a_6,1143.33333,118.28889,255.63333,282.45556,2522.18889,150.22222,1.0,2.73333,36.57778,5460.91111,4.22963,14.0,7.34074,3.62963,1.77778,27.31852,5.51111,4.85185,43.55556,A9(1).i_6
17709.67778,2233.44444,6129.48889,3822.72222,30491.75556,657.61111,3.53333,14.2,509.28889,97723.26667,12.66667,217.55556,25.22222,143.26667,1.0,426.73333,209.57778,267.67778,1120.42222,A9(1).a_7,1237.77778,113.51111,260.96667,375.34444,2826.74444,76.11111,1.0,3.6,37.91111,5382.57778,2.77037,9.11111,8.41111,4.94815,1.0,11.28889,2.51111,2.22222,60.0,A9(1).i_7
18665.01111,2202.0,6299.82222,4153.16667,32000.42222,695.03704,2.88148,4.21111,513.73333,97000.26667,11.22222,210.22222,22.44444,136.6,1.77778,479.06667,221.46667,293.23333,952.31111,A9(1).a_8,1239.22222,98.17778,259.96667,339.01111,2844.85556,283.55556,1.0,1.0,35.57778,5329.68889,3.43704,20.33333,7.97778,10.39259,1.77778,5.88148,5.51111,5.48148,67.11111,A9(1).i_8
18116.56667,2300.11111,6258.37778,3675.61111,29371.64444,636.94444,3.75556,10.7963,511.51111,95952.6,11.44444,215.22222,23.22222,130.26667,1.0,432.95556,207.46667,245.45556,901.08889,A9(1).a_9,1095.77778,104.4,241.74444,372.56667,2571.52222,150.0,1.0963,2.97778,41.02222,5261.46667,3.34074,8.33333,6.86667,16.82222,1.0,18.73333,2.75556,3.25926,55.11111,A9(1).i_9
57749.82222,2073.66667,7259.64444,3442.58889,84562.02222,544.33333,5.55556,21.05926,851.46667,272965.9,21.04444,276.11111,20.22222,159.37778,1.0,583.84444,539.73333,401.33333,1153.48889,A9(2).a_0,2282.23333,86.17778,239.26667,179.72222,4023.97778,419.22222,1.0,6.55556,47.48889,11057.85556,1.11111,20.46667,5.11111,2.94815,1.0,19.11111,9.44444,5.09259,20.91111,A9(2).i_0
57449.71111,1997.77778,7227.86667,3486.58889,79175.8,178.66667,8.22222,14.6,820.91111,260692.56667,19.15556,241.33333,23.11111,154.37778,1.0,540.17778,433.84444,439.77778,1122.71111,A9(2).a_1,2311.12222,52.62222,261.37778,141.16667,4021.42222,197.55556,1.09259,9.88889,48.15556,10737.63333,1.33333,21.48889,3.44444,3.48889,1.0,18.0,3.77778,4.95185,19.24444,A9(2).i_1
54748.48889,1898.55556,7023.86667,3486.47778,77473.91111,380.22222,8.77778,16.66296,799.02222,252381.34444,19.37778,239.11111,16.55556,151.82222,1.0,598.84444,314.06667,399.44444,1073.71111,A9(2).a_2,2297.67778,78.06667,267.82222,166.14815,3982.64444,330.77778,1.0,7.66667,43.93333,10422.74444,1.0,16.84444,4.0,2.17778,1.0,7.11111,12.33333,3.71852,17.00741,A9(2).i_2
52418.26667,1809.88889,6711.75556,3176.92222,72454.46667,369.77778,8.44444,15.55185,783.68889,243601.56667,16.26667,216.33333,18.11111,144.26667,1.0,586.62222,353.73333,392.33333,910.71111,A9(2).a_3,2397.23333,70.95556,262.82222,182.27778,4212.2,154.22222,1.0,9.88889,47.82222,10217.85556,1.22222,11.6,5.0,2.85185,1.0,9.55556,7.55556,2.38519,27.35556,A9(2).i_3
52557.37778,1854.22222,7247.86667,3086.47778,72749.13333,398.55556,9.22222,14.44074,763.8,236197.01111,13.71111,230.44444,16.33333,137.93333,1.0,541.17778,464.62222,397.77778,922.6,A9(2).a_4,2292.78889,65.95556,259.15556,135.83333,4072.86667,717.33333,1.09259,10.0,39.93333,10081.63333,1.11111,15.13333,4.77778,3.84444,1.0,21.88889,7.33333,2.64815,79.24444,A9(2).i_4
51789.71111,1903.66667,6544.31111,2967.81111,70739.68889,254.77778,5.88889,19.10741,728.57778,231799.9,16.48889,253.77778,20.0,147.26667,1.0,545.62222,416.95556,434.11111,871.93333,A9(2).a_5,2292.78889,85.28889,265.04444,143.72222,3985.31111,127.44444,1.0,7.77778,46.48889,9976.74444,1.22222,15.4,3.33333,4.4963,1.0,11.44444,5.66667,3.64815,52.34074,A9(2).i_5
50299.6,1723.77778,6653.97778,2929.03333,70283.13333,384.33333,7.0,12.53704,743.46667,226444.56667,12.93333,231.44444,20.33333,134.6,1.0,550.73333,422.95556,378.77778,958.71111,A9(2).a_6,2324.34444,71.95556,268.82222,146.05556,4022.2,94.55556,1.0,11.0,47.71111,9887.3,1.22222,13.82222,5.44444,3.28889,1.0,2.33333,9.55556,2.98148,18.35556,A9(2).i_6
52171.71111,1832.0,6748.42222,2787.14444,70874.68889,312.33333,6.33333,14.87037,746.02222,221683.23333,11.71111,191.33333,22.88889,117.93333,1.0,510.17778,386.4,394.0,930.26667,A9(2).a_7,2295.01111,81.17778,262.6,128.27778,4011.08889,259.0,1.09259,9.88889,44.37778,9734.96667,1.22222,18.13333,4.44444,2.95556,1.0,11.55556,6.55556,2.31481,33.24444,A9(2).i_7
51528.71111,1980.55556,6602.53333,2887.81111,67226.91111,334.88889,6.77778,13.48889,702.02222,218050.23333,12.04444,219.22222,17.33333,139.93333,1.0,559.62222,398.17778,419.66667,836.04444,A9(2).a_8,2200.12222,67.95556,250.71111,208.05556,3920.08889,223.88889,1.0,5.44444,42.48889,9572.52222,1.55556,11.2,4.44444,2.61481,1.0,7.0,9.44444,4.82963,18.35556,A9(2).i_8
49021.48889,1810.55556,6783.64444,2967.7,68738.91111,271.11111,6.44444,15.66296,724.8,214351.12222,12.93333,170.33333,20.44444,128.37778,1.0,480.4,404.28889,550.0,1006.26667,A9(2).a_9,2260.78889,76.84444,264.37778,125.03704,4067.86667,289.66667,1.0,1.0,47.6,9383.41111,1.66667,12.04444,4.0,2.4,1.0,5.11111,7.55556,4.31481,36.35556,A9(2).i_9
45892.87778,6129.33333,9328.35556,9974.86667,157898.0,419.27778,7.85556,4.98519,2880.05556,838626.56667,111.44444,610.88889,303.55556,498.33333,2.66667,648.33333,571.0,265.68889,4407.42222,A9(3).a_0,1082.18889,180.66667,114.15556,128.35556,2977.34444,199.22222,1.0,1.71852,54.01111,6775.32222,3.22222,20.88889,5.55556,2.0,1.0,2.88889,4.66667,5.77407,6.67407,A9(3).i_0
46404.98889,6474.88889,9403.13333,8837.2,148833.77778,308.27778,9.52222,9.03704,2890.94444,810592.9,116.33333,584.77778,324.88889,479.77778,3.44444,565.22222,571.0,277.02222,4326.42222,A9(3).a_1,901.52222,142.22222,102.37778,105.56296,2682.45556,119.11111,1.0,3.54815,50.01111,6387.54444,3.22222,13.77778,6.66667,1.55556,1.0,1.66667,1.88889,2.71111,13.31111,A9(3).i_1
44023.32222,5809.11111,8816.13333,9897.31111,156160.44444,448.16667,8.74444,8.42963,2733.83333,788508.78889,104.0,552.22222,306.0,473.11111,4.22222,579.0,482.88889,248.13333,3801.42222,A9(3).a_2,1013.41111,150.44444,105.71111,105.13333,2879.78889,195.33333,1.0,1.0,47.56667,6062.1,3.44444,15.44444,4.11111,3.11111,1.0,2.11111,5.66667,4.53704,8.00741,A9(3).i_2
45432.32222,5498.66667,8622.68889,9499.08889,154376.66667,129.5,7.74444,8.64444,2505.83333,768957.34444,89.55556,553.55556,267.33333,466.55556,1.77778,554.66667,406.66667,225.8,3739.08889,A9(3).a_3,934.74444,163.55556,88.26667,112.91111,2675.45556,174.55556,1.0,3.15556,59.45556,5810.21111,3.0,7.77778,7.0,1.0,1.0,3.66667,2.77778,6.28148,10.08889,A9(3).i_3
40275.76667,5746.88889,8301.91111,9036.2,138901.0,363.94444,6.85556,11.37037,2574.94444,750553.34444,95.66667,551.0,312.55556,451.44444,1.77778,581.77778,479.0,283.46667,3612.97778,A9(3).a_4,997.07778,151.44444,107.82222,167.45185,2833.23333,86.33333,1.0,2.82963,55.9,5757.32222,2.55556,11.33333,4.77778,2.22222,1.0,8.11111,1.0,4.2037,10.2,A9(3).i_4
43772.21111,5236.55556,8315.02222,9136.97778,142324.88889,423.27778,8.52222,8.42963,2526.5,724148.78889,90.88889,561.88889,259.33333,421.88889,1.0,513.77778,359.11111,209.24444,3716.31111,A9(3).a_5,1004.63333,193.66667,103.15556,147.32593,2809.34444,228.0,1.0,2.82963,55.67778,5668.54444,2.55556,6.44444,10.55556,2.0,1.0,5.11111,2.77778,2.80741,13.42222,A9(3).i_5
41926.1,5122.88889,7993.91111,8457.2,138069.77778,341.16667,6.74444,4.98519,2347.38889,694678.23333,89.77778,513.44444,262.55556,430.33333,1.0,503.77778,433.55556,208.35556,3452.75556,A9(3).a_6,998.96667,167.66667,103.37778,177.35556,2774.56667,330.88889,1.0,1.71852,50.23333,5537.43333,3.0,11.22222,6.88889,1.44444,1.0,2.44444,3.77778,4.66296,9.2,A9(3).i_6
41488.65556,5026.44444,7802.02222,8286.53333,130748.55556,390.5,4.85556,7.92593,2402.72222,672766.9,81.11111,489.0,253.33333,419.22222,1.0,495.77778,346.33333,208.68889,3335.2,A9(3).a_7,1069.41111,125.22222,108.6,146.57778,2991.23333,281.22222,1.0,6.6,48.45556,5442.98889,3.11111,10.11111,6.22222,1.66667,1.0,3.66667,3.77778,4.48889,7.42222,A9(3).i_7
37065.54444,4600.11111,7656.46667,8384.75556,129115.66667,497.38889,6.96667,6.6,2184.38889,653192.9,84.55556,526.33333,242.0,397.88889,1.0,496.77778,360.22222,217.24444,3278.64444,A9(3).a_8,1098.3,186.77778,105.26667,105.24444,3111.78889,178.88889,1.0,1.71852,45.23333,5375.1,3.55556,11.0,7.88889,1.55556,1.0,3.55556,2.88889,1.85556,14.21481,A9(3).i_8
37627.65556,4762.22222,7517.02222,7761.97778,122839.0,353.61111,5.52222,6.81481,2276.94444,631245.01111,76.44444,429.77778,241.33333,388.11111,1.0,473.0,345.33333,222.8,3257.64444,A9(3).a_9,975.74444,152.55556,98.6,99.91111,2789.12222,291.77778,1.0,2.43704,46.56667,5312.43333,2.55556,12.11111,7.0,1.22222,1.0,4.0,1.0,2.14074,16.2,A9(3).i_9
17485.46667,2438.33333,122726.25556,487.45556,28301.42222,1898.44444,42.55556,57534.97778,294.16667,49692.75556,3.13333,11792.35556,147.57778,280.11111,1.0,173.88889,2720.55556,192.32222,729.6,B1.a_0,739.52222,38.33333,99.8,58.1963,1766.05556,100.88889,1.38889,242.03704,14.17778,534.66667,1.66667,71.0,6.48889,2.77778,1.74815,4.40741,10.55556,3.71852,9.6,B1.i_0
16183.8,2282.66667,133719.81111,487.23333,25602.31111,1830.77778,37.11111,52128.2,285.27778,46609.97778,2.34444,11265.57778,137.13333,254.44444,4.04444,193.22222,3304.22222,181.21111,745.48889,B1.a_1,702.18889,52.22222,87.46667,37.64074,1744.94444,94.55556,1.18519,256.14815,8.97778,487.66667,1.0,76.33333,6.48889,2.11111,1.0,4.24444,5.66667,1.95556,6.12593,B1.i_1
14808.68889,2123.11111,117144.03333,482.34444,23746.64444,2209.11111,45.22222,47203.2,236.83333,41671.97778,2.13333,10183.68889,151.13333,232.33333,2.43704,179.88889,2802.88889,196.76667,699.37778,B1.a_2,716.07778,55.44444,85.13333,55.53333,1701.05556,119.0,1.0,205.38889,11.84444,440.66667,1.77778,67.0,6.34815,2.66667,1.0,2.8,9.55556,2.59259,11.01481,B1.i_2
13345.68889,1858.22222,111849.14444,446.01111,21657.42222,1981.22222,42.22222,44708.2,227.05556,39868.75556,2.9,10122.02222,152.46667,221.44444,1.0,171.11111,3408.55556,226.87778,761.48889,B1.a_3,689.3,43.11111,112.8,39.98148,1715.94444,240.33333,1.0,197.16667,14.17778,440.66667,1.11111,71.0,4.82222,2.11111,1.74815,6.2963,10.55556,2.28889,8.34815,B1.i_3
13170.35556,1883.66667,121062.58889,510.67778,22028.2,1204.11111,42.77778,42027.75556,236.38889,38418.75556,2.46667,9841.35556,110.13333,238.66667,1.0,183.44444,5702.66667,182.32222,724.93333,B1.a_4,726.18889,115.22222,123.91111,71.08148,1794.5,80.22222,1.40741,187.83333,16.62222,393.66667,2.22222,76.0,5.68148,3.0,1.74815,7.18519,4.77778,3.59259,11.45926,B1.i_4
12624.13333,1828.0,120877.58889,505.56667,20833.86667,1074.44444,38.33333,40470.42222,202.61111,37390.97778,2.57778,8936.8,113.35556,291.77778,1.71852,167.55556,7318.11111,164.76667,676.93333,B1.a_5,811.41111,57.44444,88.13333,8.98889,1936.38889,133.44444,1.09259,227.24074,13.28889,351.0,1.22222,70.55556,5.9037,2.44444,3.38519,7.65185,6.55556,2.94074,12.6,B1.i_5
12325.35556,1868.33333,115872.92222,487.45556,20116.97778,1390.88889,42.66667,39360.31111,220.05556,36463.64444,2.8,9020.13333,117.35556,240.77778,1.71852,130.88889,6098.44444,169.21111,692.04444,B1.a_6,681.07778,85.77778,95.24444,34.86667,1663.38889,92.44444,1.18519,212.5,11.51111,345.66667,1.77778,52.55556,3.68889,2.77778,1.0,6.62963,12.55556,4.22963,8.23704,B1.i_6
12362.02222,1812.66667,115421.25556,526.12222,20675.2,1467.0,40.33333,38772.42222,229.05556,35620.42222,2.7,8777.35556,119.91111,228.77778,1.0,156.44444,2182.88889,119.1,688.15556,B1.a_7,706.74444,45.22222,105.35556,22.2,1685.05556,236.11111,1.0,138.61111,12.73333,345.66667,1.33333,52.44444,5.1037,2.22222,1.0,11.01481,12.44444,3.59259,10.82222,B1.i_7
12458.57778,1888.55556,109630.81111,484.9,20264.53333,1506.11111,40.11111,38610.53333,219.5,35183.53333,1.95556,9147.8,129.8,266.88889,1.0,147.77778,3709.55556,143.87778,693.82222,B1.a_8,707.41111,37.11111,97.02222,65.97037,1717.94444,254.66667,1.0,196.16667,11.17778,345.66667,1.11111,73.88889,8.98519,2.0,1.74815,3.54815,12.44444,3.59259,12.15556,B1.i_8
12365.35556,1909.88889,116521.36667,534.01111,20067.42222,1148.22222,39.0,39838.86667,217.83333,34645.75556,3.15556,8840.24444,160.68889,252.66667,1.71852,138.88889,4915.55556,155.65556,667.15556,B1.a_9,648.63333,44.11111,79.68889,63.3037,1603.27778,71.88889,1.09259,107.90741,10.95556,345.66667,1.11111,52.0,3.02222,1.66667,1.0,3.99259,17.22222,2.62222,7.93333,B1.i_9
8326.92222,2484.58889,86890.23333,750.91111,25514.08889,3856.11111,109.61111,144.61111,310.03333,70342.07778,3.77778,605.02222,140.77778,257.33333,1.0,203.55556,4193.0,589.0,1183.46667,B10.a_0,353.65556,28.86667,178.53333,73.34074,648.27778,246.55556,1.17778,1.83333,22.81111,1535.25556,1.0,21.02222,8.44444,1.22222,1.0,3.42963,3.77778,1.5,18.22222,B10.i_0
7878.58889,2520.25556,92317.56667,663.13333,24744.31111,3189.66667,97.27778,162.38889,271.03333,68206.3,2.55556,471.13333,84.44444,336.66667,1.65926,211.44444,2450.88889,433.33333,1106.35556,B10.a_1,317.1,23.4,187.31111,47.34074,615.61111,150.0,1.08889,6.83333,20.81111,1440.58889,1.33333,40.57778,6.88889,1.55556,1.0,3.6,5.66667,3.26667,21.33333,B10.i_1
7794.14444,2284.47778,92094.34444,776.46667,26108.2,3825.11111,104.16667,113.16667,303.47778,67300.52222,3.11111,549.35556,90.77778,344.11111,2.31852,208.22222,2398.55556,546.66667,1198.35556,B10.a_2,326.76667,19.22222,192.86667,71.07778,671.5,92.77778,1.08889,2.94444,24.58889,1404.03333,1.11111,16.24444,8.44444,1.44444,1.0,2.71111,2.88889,2.4,17.88889,B10.i_2
7823.25556,2669.14444,94784.78889,758.68889,25942.08889,3981.44444,107.38889,156.38889,290.92222,66703.41111,5.22222,523.91111,93.88889,287.88889,1.0,185.44444,4018.77778,472.44444,1151.35556,B10.a_3,346.87778,23.75556,184.75556,60.63333,694.72222,213.66667,1.08889,4.88889,19.03333,1341.36667,1.22222,23.57778,6.0,2.33333,1.0,3.08889,2.77778,1.63333,16.88889,B10.i_3
7997.58889,2511.14444,91613.56667,867.02222,25149.97778,3823.11111,121.72222,156.27778,285.47778,66194.85556,3.55556,540.24444,104.33333,253.55556,1.0,228.0,1866.88889,625.22222,1121.02222,B10.a_4,322.87778,14.93333,168.53333,26.49259,631.5,146.0,1.57778,3.77778,17.81111,1310.03333,1.0,28.13333,6.77778,2.0,1.0,3.6,4.66667,2.16667,20.11111,B10.i_4
7991.92222,2160.25556,92244.45556,792.02222,22925.86667,3780.11111,101.38889,129.5,281.03333,65671.3,3.33333,507.68889,95.77778,311.0,1.0,222.0,2273.88889,497.0,1129.8,B10.a_5,339.43333,16.93333,178.53333,37.04815,635.27778,252.77778,1.08889,12.05556,22.14444,1294.36667,1.11111,20.24444,7.66667,1.88889,1.0,5.97037,5.66667,1.63333,17.11111,B10.i_5
8156.58889,2302.7,92742.9,719.91111,24441.97778,3706.0,109.94444,155.27778,267.58889,65109.63333,1.88889,540.02222,85.44444,229.77778,1.65926,206.33333,2096.66667,532.0,1128.68889,B10.a_6,302.21111,24.57778,160.42222,27.18889,563.5,310.33333,1.08889,3.77778,21.92222,1263.03333,1.11111,33.46667,8.11111,2.0,1.0,4.14815,4.77778,1.2,21.11111,B10.i_6
7897.03333,2449.47778,95766.67778,820.46667,26212.2,3576.66667,118.5,150.72222,293.03333,64496.85556,3.0,551.57778,95.33333,252.0,1.0,214.55556,2384.55556,539.0,1136.02222,B10.a_7,333.32222,25.86667,162.31111,47.85556,645.5,141.77778,1.08889,7.66667,19.92222,1220.36667,1.0,44.02222,5.33333,1.66667,1.0,5.59259,2.88889,2.5,16.44444,B10.i_7
7774.81111,2356.25556,87256.34444,761.35556,25772.97778,3177.44444,97.38889,130.61111,299.58889,64035.74444,2.88889,460.57778,78.11111,195.55556,2.54815,203.55556,1611.88889,345.77778,1135.02222,B10.a_8,355.1,40.8,163.42222,58.3,694.5,378.11111,1.17778,4.61111,21.58889,1215.03333,1.0,25.68889,8.0,2.11111,1.0,5.31111,1.88889,1.83333,15.88889,B10.i_8
7937.81111,2412.03333,86381.34444,732.8,25215.97778,3594.55556,98.27778,107.16667,307.03333,63576.18889,3.88889,514.02222,78.22222,244.11111,1.0,212.77778,1840.88889,407.22222,1220.91111,B10.a_9,321.54444,18.75556,172.97778,63.18889,583.83333,185.0,1.0,6.27778,18.7,1188.92222,1.0,18.8,6.22222,2.55556,1.0,2.43704,2.88889,2.93333,13.77778,B10.i_9
86482.48889,5140.0,18717.4,6027.56667,210569.97778,499.44444,19.66667,648.9,2291.15556,504432.77778,60.0,1176.33333,792.48889,652.88889,1.77778,2618.82222,2577.44444,213.68889,6683.44444,B11.a_0,977.82222,142.62222,124.6,85.14074,1924.82222,1500.0,1.1037,13.74074,57.05556,5264.22222,2.55556,38.24444,44.01111,12.75556,1.0,29.91111,6.55556,5.98889,123.2,B11.i_0
85318.37778,5126.88889,18459.28889,5456.45556,186850.08889,464.33333,21.22222,571.9,2165.37778,483528.0,53.55556,1133.44444,790.6,575.44444,5.88889,2777.93333,2640.88889,204.8,6785.77778,B11.a_1,928.48889,192.06667,119.15556,111.14074,1767.93333,1064.33333,1.0,11.68148,50.27778,4996.77778,1.88889,40.13333,37.9,10.86667,1.0,11.08148,7.66667,1.57778,93.75556,B11.i_1
78426.48889,4859.44444,19403.51111,5764.23333,178348.08889,388.33333,15.44444,556.56667,2221.93333,453338.44444,53.44444,1118.22222,824.48889,536.22222,5.0,2649.71111,1935.0,190.8,6535.88889,B11.a_2,1078.37778,153.73333,151.48889,160.25556,2010.04444,1088.77778,1.0,8.12593,52.61111,4781.88889,2.88889,52.02222,39.34444,11.1037,1.77778,56.02222,6.55556,4.94444,118.2,B11.i_2
77062.04444,4724.66667,18835.84444,5340.78889,172509.64444,226.0,18.44444,578.67778,2118.26667,440076.0,52.33333,1104.22222,761.6,568.88889,5.11111,2616.71111,2113.22222,202.24444,6401.0,B11.a_3,1098.37778,136.51111,164.37778,126.35926,1955.26667,704.55556,1.0,13.41481,50.27778,4488.0,1.55556,56.13333,31.23333,10.86667,2.66667,18.19259,26.44444,2.81111,130.08889,B11.i_3
80580.93333,5016.44444,18896.95556,5557.34444,174915.08889,349.22222,19.88889,530.78889,2088.6,419073.11111,53.22222,1189.44444,812.6,628.0,4.33333,2682.93333,2868.22222,198.35556,6707.55556,B11.a_4,1140.93333,118.62222,167.37778,116.47778,2055.37778,1265.66667,1.0,8.12593,59.94444,4294.0,1.77778,63.8,43.12222,12.53333,1.0,58.24444,4.66667,3.95556,125.86667,B11.i_4
72364.04444,4674.22222,19283.06667,5089.78889,164567.75556,221.88889,16.77778,571.67778,1886.82222,401969.11111,50.66667,1100.11111,859.26667,551.55556,3.44444,2467.71111,2426.33333,186.24444,6387.0,B11.a_5,1051.26667,148.73333,180.26667,93.02963,1911.04444,1364.55556,1.0,17.97037,52.16667,4105.11111,1.55556,62.13333,33.12222,10.64444,1.77778,69.35556,12.44444,3.17778,129.75556,B11.i_5
76113.82222,5155.33333,20629.84444,5270.9,160403.2,238.33333,16.44444,599.9,1953.71111,385471.88889,47.44444,1163.44444,1039.48889,555.33333,2.55556,2520.6,3241.33333,204.02222,6871.66667,B11.a_6,872.15556,173.84444,132.71111,98.25185,1771.6,1330.0,1.0,8.12593,48.27778,3958.33333,1.11111,50.13333,28.67778,10.86667,1.77778,62.68889,7.44444,1.7,105.31111,B11.i_6
67715.71111,4835.11111,24656.28889,5012.67778,139883.31111,326.66667,17.22222,560.12222,1787.6,363322.77778,43.88889,1197.77778,750.04444,484.55556,1.0,2384.82222,2660.88889,187.68889,6596.44444,B11.a_7,951.6,118.4,137.04444,75.02963,1786.93333,879.33333,1.0,9.34815,49.94444,3837.66667,1.66667,43.57778,28.01111,8.75556,1.77778,18.02222,5.66667,1.91111,99.97778,B11.i_7
67886.71111,4689.22222,19320.17778,4979.12222,134684.86667,657.77778,13.11111,568.34444,1806.82222,347606.55556,43.44444,1077.11111,786.82222,544.33333,3.44444,2359.15556,3161.77778,180.35556,6555.55556,B11.a_8,1113.82222,174.84444,154.04444,113.58519,1993.26667,1901.22222,1.0,15.52593,52.27778,3748.77778,1.66667,52.57778,28.34444,11.2,1.77778,103.13333,7.66667,4.51111,116.97778,B11.i_8
64895.93333,4555.66667,21365.28889,5004.9,141308.86667,254.88889,17.0,522.67778,1767.15556,340807.88889,41.77778,1157.33333,923.82222,482.22222,6.77778,2333.71111,5263.66667,207.91111,6333.33333,B11.a_9,857.15556,176.06667,141.04444,69.24444,1600.15556,1368.55556,1.0,13.74074,46.83333,3617.33333,2.0,47.68889,33.12222,8.64444,1.0,36.58519,7.66667,2.6,93.53333,B11.i_9
33032.75556,15694.47778,585.53333,49664.98889,181077.75556,88.33333,2.04444,33.26667,3357.61111,2986125.72222,142.64444,55.93333,62.4,427.26667,1.0,6.66667,442.84444,3.11111,121.66667,B12.a_0,545.65556,234.82222,9.61111,461.53333,1416.47778,34.88889,1.0,4.33333,26.51111,24610.27778,2.33333,4.33333,1.28889,2.55556,1.0,3.1037,1.78889,1.0,1.8,B12.i_0
31023.86667,14467.47778,594.08889,49420.65556,171254.86667,102.88889,2.95556,33.65185,3167.94444,2833034.72222,138.53333,53.71111,59.51111,385.15556,1.0,9.22222,457.51111,4.15556,114.66667,B12.a_1,476.76667,221.71111,15.16667,500.31111,1371.47778,69.88889,1.0,2.11111,28.17778,21870.61111,1.33333,6.55556,1.62222,2.55556,1.65926,3.26667,1.78889,1.0,2.55556,B12.i_1
31650.86667,13506.58889,633.64444,44088.65556,158252.53333,69.88889,1.55556,29.9037,3021.83333,2671304.05556,131.97778,56.82222,54.4,456.93333,1.71852,15.22222,529.84444,3.26667,133.88889,B12.a_2,495.87778,267.04444,18.38889,394.64444,1328.58889,94.77778,1.0,3.22222,22.28889,20177.27778,2.0,11.88889,1.0,2.88889,1.0,2.4963,1.78889,1.82222,1.26667,B12.i_2
32569.08889,12318.7,636.2,40448.1,149449.75556,100.66667,2.08889,35.79259,2927.5,2518591.5,118.75556,60.71111,62.28889,482.37778,2.43704,12.11111,442.84444,3.71111,126.66667,B12.a_3,472.98889,270.04444,19.05556,461.53333,1324.25556,351.44444,1.0,1.0,25.17778,18736.94444,2.11111,5.0,1.28889,3.88889,1.0,5.65185,1.0,1.82222,1.57778,B12.i_3
22027.53333,11983.92222,540.42222,40912.65556,154829.42222,37.22222,3.73333,33.45926,2919.38889,2444016.61111,118.42222,64.82222,63.51111,402.93333,1.0,8.44444,413.06667,3.44444,124.44444,B12.a_4,414.32222,214.6,10.5,355.75556,1147.92222,80.0,1.0,4.33333,18.73333,17733.5,1.22222,4.33333,2.2,3.77778,1.0,4.2963,1.78889,2.23333,2.15556,B12.i_4
26611.75556,11436.81111,613.97778,39346.98889,143866.97778,176.88889,1.86667,43.9037,2780.38889,2375436.5,124.97778,58.82222,53.95556,439.93333,2.60741,15.44444,422.17778,3.44444,128.44444,B12.a_5,389.87778,187.37778,10.5,337.86667,1122.58889,168.66667,1.0,4.33333,15.4,16987.16667,1.22222,2.55556,1.91111,2.88889,1.0,2.05185,1.0,1.41111,1.08889,B12.i_5
16006.42222,10402.03333,479.53333,37599.1,149663.53333,76.0,2.33333,30.82222,2741.83333,2314740.5,106.64444,69.82222,53.84444,375.48889,1.0,15.33333,573.4,5.08889,125.66667,B12.a_6,369.54444,150.93333,9.38889,311.97778,998.47778,37.0,1.0,2.11111,15.95556,16304.16667,1.0,4.55556,1.0,1.77778,1.0,3.40741,1.0,1.0,1.4,B12.i_6
18405.31111,10578.03333,496.86667,37382.65556,143614.53333,166.55556,1.17778,31.12593,2655.38889,2246915.83333,117.97778,61.37778,44.4,370.48889,1.0,15.0,480.62222,2.66667,111.66667,B12.a_7,360.76667,154.15556,11.94444,294.08889,1056.81111,84.22222,1.0,3.22222,17.73333,15684.05556,1.33333,4.11111,1.0,1.88889,1.65926,3.24444,3.57778,1.82222,1.08889,B12.i_7
16923.31111,10027.58889,499.53333,34923.21111,137518.08889,139.77778,1.8,24.12593,2494.16667,2156141.5,104.97778,59.37778,42.28889,377.15556,1.0,11.88889,363.62222,4.8,129.44444,B12.a_8,403.1,273.15556,10.72222,330.08889,1105.58889,100.88889,1.0,4.33333,21.95556,15048.38889,2.11111,6.11111,1.91111,3.77778,1.0,1.3037,5.36667,1.0,1.4,B12.i_8
19372.42222,9045.92222,441.42222,34769.43333,132383.2,160.22222,2.75556,25.23704,2411.38889,2072495.05556,98.2,70.15556,48.62222,367.71111,3.15556,14.0,298.28889,4.22222,101.11111,B12.a_9,398.87778,280.26667,10.05556,244.97778,1042.81111,98.55556,1.0,9.88889,22.28889,14570.72222,1.44444,7.77778,1.91111,3.88889,1.0,4.1037,2.57778,1.82222,1.57778,B12.i_9
16341.5,6624.84444,823.76667,20150.66667,44215.02222,226.27778,3.60741,32.88889,89.75556,5433.15556,55.08889,1220602.55556,14.11111,463.33333,1.0,8.68148,1027.44444,5.2037,631.24444,B13.a_0,576.2,555.03333,56.01111,295.93333,2195.86667,815.83333,1.0,1.83333,12.14444,875.63333,1.42963,9164.66667,6.66667,6.66667,1.0,4.11111,7.44444,1.3037,10.88889,B13.i_0
16945.05556,5555.28889,727.76667,22234.11111,53940.57778,298.05556,3.28148,36.33333,93.2,5060.71111,55.64444,1548521.66667,13.55556,376.66667,4.22222,5.79259,1345.33333,5.26667,838.68889,B13.a_1,593.31111,538.81111,45.56667,363.06667,2323.97778,585.83333,1.0,2.94444,11.81111,745.07778,2.85185,16670.55556,8.33333,7.22222,1.0,5.22222,7.66667,1.92963,7.88889,B13.i_1
16581.94444,6404.06667,746.54444,21287.66667,48742.13333,277.72222,2.4963,36.44444,87.31111,4693.48889,59.53333,1356734.66667,10.33333,457.88889,2.55556,15.73333,1047.22222,4.82222,692.13333,B13.a_2,437.86667,463.03333,35.45556,259.95556,1626.42222,2230.72222,1.0,1.0,9.98889,660.96667,1.65185,6224.33333,5.0,8.0,1.0,7.88889,5.66667,1.5963,11.0,B13.i_2
15965.27778,4615.73333,631.43333,22392.55556,54385.24444,216.14815,2.08889,23.66667,89.53333,4289.6,52.75556,1530170.33333,12.77778,341.22222,2.66667,9.28889,1507.88889,5.09259,852.35556,B13.a_3,566.42222,498.36667,36.9,419.82222,2128.75556,1109.83333,1.0,5.83333,9.62222,639.63333,1.97037,17642.11111,4.0,6.33333,1.77778,3.66667,1.88889,2.94074,9.44444,B13.i_3
16757.72222,5805.4,704.65556,21315.0,49833.46667,507.83333,2.82222,25.77778,74.08889,3870.15556,59.64444,1384095.0,8.77778,328.33333,1.77778,7.74074,997.77778,4.98148,688.13333,B13.a_4,763.64444,413.36667,59.56667,582.75556,2895.42222,990.5,1.0,5.72222,10.81111,618.74444,2.96296,29686.33333,5.11111,5.0,1.77778,2.55556,7.66667,1.9,8.33333,B13.i_4
13267.16667,5654.62222,741.43333,18830.55556,40240.68889,417.38889,3.60741,15.55556,76.97778,3602.71111,46.54815,1155513.44444,9.44444,391.55556,2.55556,12.01481,988.88889,3.53704,598.8,B13.a_5,676.42222,429.81111,44.12222,548.73333,2559.86667,799.27778,1.0,6.55556,8.92222,571.74444,1.53333,21724.0,7.0,6.66667,1.0,4.0,5.66667,1.0,7.22222,B13.i_5
17992.72222,5306.73333,689.87778,22144.22222,53981.8,178.94444,1.96296,21.33333,92.97778,3487.82222,54.75556,1547509.77778,8.77778,343.33333,1.0,5.6,1384.0,5.71111,849.13333,B13.a_6,748.2,641.7,54.56667,554.2,2996.97778,928.72222,1.0,1.83333,13.25556,545.63333,1.86667,30035.11111,4.33333,5.22222,1.77778,6.22222,7.55556,1.0,8.77778,B13.i_6
11505.05556,4979.51111,846.87778,14467.33333,34272.46667,185.48148,3.26667,12.11111,86.53333,3366.71111,32.8,946689.66667,6.22222,372.88889,1.0,11.76296,909.77778,3.87037,498.02222,B13.a_7,397.42222,382.25556,34.01111,242.31111,1522.75556,1006.94444,1.0,3.5,10.73333,545.63333,1.42963,5670.0,3.44444,6.11111,1.0,6.66667,8.55556,2.05185,7.22222,B13.i_7
15529.05556,5153.06667,750.43333,17818.33333,42288.68889,318.5,2.39259,26.11111,78.42222,3256.71111,48.54815,1164390.88889,8.22222,349.22222,2.66667,9.26667,947.33333,4.42593,587.57778,B13.a_8,606.75556,437.58889,41.23333,461.2,2359.08889,1148.61111,1.0,4.88889,9.36667,545.63333,2.2963,14149.88889,3.44444,6.0,1.0,4.11111,6.55556,1.0,5.77778,B13.i_8
15228.5,4927.51111,703.87778,18086.22222,44754.24444,174.83333,2.62963,26.0,84.53333,3125.48889,46.65926,1245216.55556,10.11111,319.88889,1.0,11.73333,979.11111,3.42593,664.91111,B13.a_9,561.64444,463.92222,43.01111,430.75556,2229.64444,1035.83333,1.1,2.66667,11.92222,509.07778,2.41481,17406.55556,5.88889,7.88889,1.0,3.33333,6.55556,1.9,7.55556,B13.i_9
16382.16667,2631.06667,685.7,18828.98889,62108.7,1958.22222,2.2,85.44444,498.07778,761196.83333,44.0,812796.28889,33.55556,233.63333,1.0,40.77778,297.77778,20.24444,369.28889,B14.a_0,526.68889,297.77778,42.0,926.28889,2632.12222,1393.22222,1.11111,8.38889,32.26667,21753.58889,4.78889,11896.66667,2.0,3.04444,1.0,1.68889,3.77778,4.33333,2.24444,B14.i_0
15646.16667,2898.95556,756.7,19536.87778,64391.47778,3910.11111,2.42222,35.11111,758.18889,748262.94444,44.33333,815749.84444,54.11111,204.52222,1.0,429.55556,712.88889,16.24444,2086.4,B14.a_1,541.91111,307.77778,35.0,849.06667,2711.67778,538.44444,1.0,8.38889,31.26667,20838.81111,3.24444,11855.33333,1.0,2.15556,1.0,2.62222,4.66667,1.44444,2.71852,B14.i_1
15699.61111,2918.28889,713.14444,18367.21111,61671.81111,3320.55556,3.37778,42.11111,481.18889,731301.83333,46.33333,801220.06667,32.77778,257.74444,1.0,60.66667,654.33333,19.02222,3767.06667,B14.a_2,519.13333,275.55556,27.55556,931.4,2558.78889,530.0,1.0,3.06667,27.15556,20134.58889,4.12222,11306.22222,2.33333,2.48889,1.0,2.66667,8.44444,2.77778,2.37037,B14.i_2
13990.5,2696.62222,657.92222,18414.1,58958.7,3533.33333,3.13333,56.0,511.74444,710175.27778,41.11111,760160.62222,34.33333,216.3,1.0,33.11111,311.0,21.46667,369.4,B14.a_3,503.24444,285.66667,30.66667,748.51111,2471.56667,388.44444,1.0,10.91111,23.04444,19267.14444,2.57778,10672.44444,1.33333,2.71111,1.0,1.73333,5.44444,3.22222,2.37037,B14.i_3
13591.38889,3055.73333,640.14444,16485.98889,57555.81111,2112.22222,3.73333,43.44444,538.41111,689888.72222,39.77778,738995.73333,29.55556,195.52222,1.0,39.44444,244.44444,16.34074,349.4,B14.a_4,517.24444,278.66667,30.77778,719.95556,2312.78889,419.11111,1.11111,13.71111,25.15556,17969.03333,2.58889,10655.88889,3.77778,2.61111,1.0,2.17778,5.66667,2.77778,1.82963,B14.i_4
12487.72222,3440.4,671.47778,16343.43333,57746.81111,4285.22222,3.06667,28.22222,573.52222,670585.38889,42.44444,704847.28889,37.88889,251.96667,1.0,33.22222,231.55556,14.02222,342.73333,B14.a_5,476.91111,239.11111,23.44444,609.06667,2183.23333,219.77778,1.0,5.21111,25.93333,17044.25556,3.57778,9767.0,2.66667,1.84444,1.0,2.37778,4.66667,2.11111,2.68889,B14.i_5
13542.27778,3309.84444,644.81111,16908.43333,53721.25556,2394.11111,1.86667,36.44444,500.41111,649287.16667,40.66667,672110.06667,32.77778,211.3,1.0,34.44444,224.55556,18.34074,327.28889,B14.a_6,444.35556,218.11111,24.77778,616.73333,2010.56667,142.0,1.22222,1.0,21.37778,15499.58889,2.82222,9209.55556,3.33333,1.84444,1.0,4.04444,2.77778,3.88889,2.24444,B14.i_6
12384.27778,3361.51111,647.03333,16035.1,52295.47778,1974.88889,2.46667,38.77778,504.85556,626035.05556,42.88889,646074.28889,25.0,212.74444,1.0,35.77778,226.55556,18.35556,285.84444,B14.a_7,428.68889,224.0,20.22222,616.73333,1874.45556,324.55556,1.11111,3.14444,20.71111,14144.36667,3.68889,8441.11111,3.33333,1.2,1.0,2.86667,5.66667,4.11111,1.60741,B14.i_7
11804.05556,3301.95556,615.14444,15599.76667,48764.47778,2248.0,2.13333,43.44444,451.18889,579573.83333,44.66667,614217.4,28.88889,251.85556,2.66667,18.66667,219.66667,24.8,282.84444,B14.a_8,347.68889,188.55556,19.0,547.17778,1655.23333,199.44444,1.0,7.27778,15.93333,12883.81111,2.35556,7611.44444,1.66667,1.6,1.0,1.24444,1.88889,2.55556,1.60741,B14.i_8
10349.83333,3207.84444,592.14444,14667.65556,47422.03333,1767.33333,1.31111,27.11111,475.85556,542922.5,42.0,587457.4,37.11111,209.41111,1.77778,13.33333,173.11111,22.8,260.95556,B14.a_9,343.91111,168.44444,21.11111,495.62222,1538.23333,261.0,1.0,6.51111,17.26667,12259.14444,2.25556,7476.11111,5.55556,1.53333,1.77778,1.93333,3.88889,2.77778,4.68889,B14.i_9
10456.53333,6290.0,762.0,25912.87778,70813.45556,779.46667,2.39259,51.45556,1247.47778,1455879.4,110.44444,723215.32222,141.22222,189.26667,4.22222,71.55556,350.33333,3.32593,240.44444,B15.a_0,770.24444,555.11111,27.32222,1474.73333,3818.84444,182.48889,1.0,7.66667,47.23333,39898.34444,5.45556,9086.0,4.11111,4.44444,1.0,1.0,3.77778,1.74074,2.11111,B15.i_0
9936.97778,7383.77778,791.44444,25533.54444,64144.01111,557.68889,2.72593,28.7,1159.81111,1416459.06667,112.0,673361.1,153.44444,256.26667,1.77778,69.22222,213.77778,3.01852,195.77778,B15.a_1,797.02222,627.0,22.21111,1327.73333,3450.51111,82.08889,1.0,5.44444,49.01111,36546.56667,4.12222,8677.33333,4.88889,3.66667,1.0,1.0,3.77778,3.14815,1.11111,B15.i_1
10530.75556,6688.88889,736.22222,24815.43333,66059.34444,695.24444,2.73333,37.56667,1139.36667,1365861.06667,109.22222,675833.43333,155.0,197.04444,3.44444,72.44444,185.0,5.51481,211.55556,B15.a_2,662.8,484.55556,21.54444,1126.73333,3093.06667,184.86667,1.0,3.22222,41.56667,33790.67778,4.9,7647.33333,6.22222,4.44444,1.0,2.8,1.0,3.14815,2.33333,B15.i_2
10630.08889,5219.55556,700.22222,21567.43333,62045.78889,576.02222,3.27407,46.78889,1032.7,1317369.06667,92.33333,634938.54444,109.22222,188.15556,5.88889,60.11111,129.66667,5.42963,211.66667,B15.a_3,653.57778,479.55556,20.87778,1056.95556,2784.17778,304.08889,1.0,3.22222,42.23333,32184.23333,5.23333,6992.55556,4.33333,3.66667,1.0,2.05185,1.88889,1.14815,2.0,B15.i_3
11212.75556,4992.77778,690.66667,20107.87778,54302.67778,424.02222,2.06667,34.01111,902.36667,1259102.4,78.44444,548743.21111,92.77778,234.6,1.0,48.22222,183.0,4.73704,169.66667,B15.a_4,723.57778,504.77778,22.98889,982.17778,2505.51111,538.31111,1.0,1.0,44.23333,30551.9,3.8,6478.33333,2.0,2.77778,1.0,6.04444,6.55556,1.51852,1.88889,B15.i_4
11018.97778,6189.77778,764.22222,21480.1,50634.34444,148.8,2.94074,34.24444,859.14444,1194572.06667,79.22222,501163.65556,100.77778,309.48889,1.0,49.55556,227.55556,6.20741,157.0,B15.a_5,656.24444,441.11111,21.1,902.06667,2557.06667,375.71111,1.0,3.22222,43.01111,29462.34444,4.02222,6398.22222,4.0,3.77778,1.0,3.8,4.66667,1.0,1.44444,B15.i_5
9771.08889,4815.66667,671.11111,18392.32222,51739.67778,818.57778,1.75556,25.5,845.03333,1132580.06667,73.33333,546665.98889,119.33333,209.82222,2.66667,59.77778,169.22222,3.48889,163.88889,B15.a_6,673.13333,448.0,25.65556,909.95556,2349.06667,389.82222,1.0,2.11111,43.56667,28556.9,2.94444,6000.22222,2.33333,3.88889,1.0,2.65926,2.77778,2.11111,1.44444,B15.i_6
10406.64444,5479.0,787.11111,18202.21111,46304.78889,719.68889,2.17037,35.82222,795.81111,1080847.28889,74.11111,495021.87778,108.44444,390.26667,1.77778,55.55556,287.88889,3.32593,166.88889,B15.a_7,670.8,461.44444,19.65556,886.62222,2104.06667,170.42222,1.1037,3.22222,38.34444,27788.56667,2.04444,5266.0,5.44444,2.55556,1.71852,3.99259,1.0,2.03704,1.66667,B15.i_7
8876.2,5250.77778,701.88889,17419.54444,44300.67778,419.91111,1.96296,41.01111,795.14444,1043425.17778,83.33333,498168.76667,108.66667,327.04444,1.0,60.55556,213.77778,4.4037,169.11111,B15.a_8,683.68889,484.44444,21.54444,881.62222,2167.4,246.53333,1.0,3.22222,38.67778,26909.56667,2.36667,5080.11111,4.66667,3.88889,1.0,2.8,3.77778,1.22222,1.0,B15.i_8
9371.2,5044.33333,682.55556,16805.32222,42379.78889,524.8,2.17778,30.68889,775.47778,991316.28889,73.33333,466171.98889,97.33333,333.93333,1.0,48.77778,215.66667,5.48889,171.88889,B15.a_9,657.8,513.66667,22.98889,928.06667,2167.17778,185.62222,1.0,4.33333,38.12222,26209.67778,2.36667,5012.44444,5.0,5.11111,1.0,3.85185,9.33333,1.51852,1.88889,B15.i_9
24243.02222,16000.28889,1330.4,27261.15556,41896.45556,320.55556,7.44444,120.82222,3471.2,1452617.43333,82.33333,533442.0,1251.08889,877.0,1.0,26.33333,445.73333,292.46667,513.95556,B16.a_0,523.08889,151.84444,45.87778,142.46667,1295.85556,889.88889,1.11111,3.6963,42.71111,6969.85556,1.11111,4916.62222,12.15556,6.94074,1.77778,6.55556,6.66667,3.20741,10.11852,B16.i_0
20821.68889,15607.4,1255.84444,28457.71111,38118.12222,367.55556,7.0,103.37778,3215.2,1340404.87778,69.44444,540924.88889,1207.64444,696.88889,1.0,26.77778,542.73333,218.8,460.28889,B16.a_1,617.97778,148.62222,47.76667,110.82222,1359.18889,1442.44444,1.0,1.79259,43.37778,5684.52222,1.33333,3238.73333,12.34815,6.04444,1.77778,7.77778,8.44444,2.21481,11.32593,B16.i_1
19470.8,13918.06667,1138.4,25322.15556,37705.9,193.11111,6.55556,66.93333,2959.42222,1250170.43333,55.22222,446127.66667,1097.08889,616.88889,1.0,22.22222,326.06667,157.24444,417.62222,B16.a_2,445.53333,174.84444,29.21111,61.71111,1026.3,593.88889,1.0,2.9037,31.15556,4730.18889,1.11111,1535.06667,5.21481,5.39259,1.0,4.44444,7.66667,1.77037,7.45185,B16.i_2
17272.68889,13415.06667,1087.84444,25386.26667,36155.12222,250.77778,6.77778,79.93333,2804.42222,1209670.1,60.88889,429084.55556,1063.31111,647.66667,1.0,30.0,343.62222,57.8,451.62222,B16.a_3,566.64444,152.73333,30.65556,64.37778,1275.18889,538.33333,1.11111,8.40741,37.37778,4047.96667,1.11111,1963.06667,5.82222,5.71852,1.0,8.0,7.55556,2.54074,15.32593,B16.i_3
17699.8,13138.73333,1000.4,27169.48889,35358.56667,363.55556,4.88889,72.93333,2764.42222,1171870.1,57.33333,426007.44444,943.64444,727.22222,1.0,22.22222,364.51111,80.24444,547.51111,B16.a_4,532.31111,132.51111,33.21111,59.86667,1277.52222,936.88889,1.0,5.28148,36.71111,3439.74444,1.22222,1235.06667,9.9037,4.94074,1.0,7.33333,7.44444,4.25185,7.45185,B16.i_4
16705.13333,13952.51111,864.51111,30081.6,33684.67778,334.88889,3.44444,84.48889,2788.31111,1133908.1,54.11111,471427.33333,918.53333,852.66667,1.77778,19.88889,410.95556,48.8,492.62222,B16.a_5,551.08889,206.28889,33.43333,86.51111,1318.3,998.77778,1.0,5.6,48.04444,3177.41111,1.22222,1483.51111,8.04444,6.26667,3.44444,13.11111,3.66667,4.03704,7.11852,B16.i_5
17424.46667,13562.95556,1019.06667,26298.48889,33340.56667,236.22222,4.11111,78.71111,2735.86667,1111984.1,58.11111,426698.44444,966.97778,813.33333,1.77778,20.77778,397.28889,86.24444,420.17778,B16.a_6,439.53333,140.62222,22.98889,73.02222,927.63333,817.77778,1.11111,4.80741,34.04444,2857.74444,1.11111,929.28889,6.15556,4.51111,1.0,7.55556,6.55556,4.03704,6.45185,B16.i_6
16239.02222,12648.95556,813.4,25689.04444,33842.23333,569.22222,2.22222,49.48889,2753.97778,1087629.76667,57.88889,408433.44444,931.31111,733.11111,1.0,14.44444,298.17778,50.13333,417.84444,B16.a_7,390.64444,158.84444,20.98889,85.91111,976.18889,1122.22222,1.0,5.6,33.26667,2652.96667,1.11111,747.84444,3.99259,3.62222,1.0,7.11111,1.0,3.42963,3.78519,B16.i_7
15607.35556,11812.28889,958.17778,20465.15556,30914.56667,260.88889,3.77778,56.68148,2447.2,1046967.1,59.33333,400576.22222,971.31111,545.77778,1.0,18.55556,346.84444,109.57778,359.95556,B16.a_8,535.97778,161.84444,32.21111,55.77778,1172.07778,1373.11111,1.0,1.0,43.93333,2464.41111,1.0,1027.51111,8.1037,3.94074,1.77778,10.44444,6.55556,3.04444,9.22963,B16.i_8
15445.35556,11742.17778,963.51111,21106.71111,30626.23333,378.0,3.55556,53.04444,2431.08889,1006524.32222,53.55556,323394.0,851.31111,731.44444,1.0,22.11111,317.06667,74.02222,422.73333,B16.a_9,481.53333,183.95556,37.1,68.73333,1078.63333,1348.55556,1.0,2.58519,38.37778,2296.85556,1.11111,832.62222,5.85185,6.48889,1.0,8.55556,4.77778,2.7037,6.34074,B16.i_9
34393.62222,19474.66667,1565.23333,37624.76667,41069.48889,217.77778,8.88889,102.04444,3473.47778,1499255.61111,73.11111,276419.22222,1043.66667,1407.44444,1.0,24.71111,616.55556,24.58889,252.24444,B17.a_0,533.1,320.0,23.95556,80.75556,1812.68889,698.66667,1.0963,4.17037,35.74444,5462.96667,2.22222,1828.55556,9.11111,3.0963,2.66667,3.64444,6.55556,2.76296,3.99259,B17.i_0
33056.17778,18418.22222,1438.9,43353.54444,41754.93333,244.44444,7.77778,98.6,3348.58889,1409507.16667,72.77778,264777.33333,1021.55556,1570.33333,1.0,28.82222,664.22222,25.36667,248.91111,B17.a_1,596.54444,302.77778,29.95556,125.91111,1834.57778,641.11111,1.0,3.05926,39.52222,4498.07778,1.22222,1270.0,11.11111,5.0963,1.0,2.91111,4.66667,3.31111,5.56296,B17.i_1
34330.51111,18998.33333,1469.12222,47838.43333,40913.15556,201.33333,6.88889,96.26667,3334.03333,1350269.16667,73.22222,302957.0,1018.44444,1557.0,1.0,30.15556,611.55556,18.25556,287.13333,B17.a_2,533.1,297.55556,24.95556,52.85185,1569.24444,413.0,1.0963,5.2,31.52222,3653.63333,1.55556,1360.33333,7.44444,3.34815,1.0,3.2,8.66667,2.97778,2.94074,B17.i_2
31698.62222,17696.88889,1597.23333,37486.76667,38098.6,160.22222,7.77778,86.82222,3208.14444,1303235.16667,65.77778,273741.11111,999.22222,1440.66667,1.0,20.82963,548.22222,25.03333,248.02222,B17.a_3,558.1,292.55556,19.4,146.46667,1653.13333,1017.44444,1.0,4.17037,36.63333,3354.85556,1.11111,979.77778,7.66667,4.73333,1.0,6.66667,3.77778,2.76296,5.21481,B17.i_3
31816.4,18304.44444,1795.67778,31154.98889,37523.37778,164.33333,9.0,74.04444,2991.25556,1271590.61111,63.22222,224224.0,1021.88889,1105.55556,1.0,18.82222,593.88889,28.58889,209.91111,B17.a_4,572.76667,402.77778,27.4,57.96296,1596.24444,357.55556,1.0,3.05926,37.41111,3139.63333,1.22222,831.66667,8.44444,4.06667,1.0,2.02222,4.77778,3.75926,6.11852,B17.i_4
30493.73333,17465.11111,1696.45556,32178.98889,35091.82222,232.22222,9.33333,91.6,2900.92222,1212136.16667,58.0,242945.88889,999.77778,1209.77778,1.0,19.4963,503.88889,26.14444,204.8,B17.a_5,559.65556,331.0,24.4,80.00741,1887.8,910.11111,1.19259,5.2,36.63333,3050.63333,1.33333,944.22222,5.44444,2.51111,2.55556,2.6,6.55556,2.97778,5.22963,B17.i_5
26145.4,14984.66667,1210.56667,41702.65556,32210.48889,156.22222,6.77778,90.68148,2604.81111,1171362.5,57.0,240033.0,833.11111,1531.11111,1.0,18.16296,506.0,19.88148,228.57778,B17.a_6,557.43333,386.44444,23.51111,154.24444,1586.13333,721.22222,1.0,3.14074,39.85556,2866.96667,1.33333,740.0,7.33333,5.28889,1.0,4.66667,5.77778,2.87037,3.45185,B17.i_6
26767.17778,15417.77778,1489.67778,32469.43333,33495.82222,168.55556,7.77778,65.82222,2554.7,1127734.05556,56.0,205477.55556,860.88889,1291.55556,1.0,21.93333,516.66667,21.36667,242.46667,B17.a_7,518.1,437.11111,30.17778,103.00741,1484.91111,690.33333,1.0,3.14074,38.41111,2735.96667,1.33333,711.66667,6.44444,6.31852,1.0,3.46667,5.66667,3.52963,3.03704,B17.i_7
24756.84444,14623.33333,1484.45556,37485.76667,30741.6,172.55556,8.66667,67.04444,2360.14444,1056561.16667,52.22222,195637.55556,747.66667,1490.0,1.77778,16.26667,456.22222,28.25556,242.68889,B17.a_8,503.43333,472.33333,27.62222,72.54815,1580.91111,961.55556,1.0,4.17037,31.96667,2667.52222,1.11111,740.88889,5.22222,5.54074,1.77778,4.2,8.44444,1.76667,3.45185,B17.i_8
24152.95556,13389.44444,1216.78889,45256.43333,31184.15556,125.33333,7.88889,77.48889,2362.92222,995973.16667,47.55556,206316.88889,731.11111,1517.77778,1.77778,22.04444,469.11111,22.36667,204.24444,B17.a_9,595.21111,385.55556,25.51111,102.68889,1615.57778,881.33333,1.0,7.25926,36.52222,2505.41111,1.11111,755.44444,5.88889,4.87407,1.0,3.64444,3.77778,4.18889,3.35556,B17.i_9
57184.55556,8520.66667,42821.35556,7118.17778,85082.9,709.95556,24.9,35.11111,2559.52222,449619.73333,27.56667,2292.88889,383.22222,142.77778,2.66667,340.17778,1425.88889,97.65556,1466.91111,B18.a_0,3764.88889,558.22222,4064.87778,615.94444,4951.57778,84.33333,1.0,3.05926,273.9,21052.31111,3.0,29.41111,35.88889,6.46667,4.33333,6.66667,19.33333,25.13333,36.64444,B18.i_0
55110.88889,5759.66667,42125.02222,8619.73333,79056.45556,662.95556,18.67778,14.55556,3632.63333,432948.73333,39.9,2006.33333,200.88889,137.44444,1.0,340.17778,895.0,57.21111,1306.46667,B18.a_1,4051.66667,463.22222,4096.76667,698.5,5148.24444,148.33333,1.10741,3.14074,266.56667,19816.64444,5.0,23.96667,24.66667,5.67778,1.0,3.04444,28.0,30.91111,45.75556,B18.i_1
52606.33333,6534.66667,41306.91111,6216.84444,75908.56667,718.4,21.56667,43.22222,2036.07778,409798.62222,33.45556,2032.66667,223.88889,154.55556,1.0,309.28889,1200.0,61.54444,1307.46667,B18.a_2,3953.44444,493.44444,3984.21111,628.83333,4884.46667,131.55556,1.10741,1.0,254.56667,19332.97778,4.11111,28.41111,26.88889,10.46667,1.0,4.8,20.22222,26.13333,37.53333,B18.i_2
45415.44444,5607.88889,33058.57778,6293.84444,66618.67778,720.51111,17.01111,29.22222,1698.74444,369309.28889,24.67778,1843.88889,162.11111,157.11111,3.44444,365.28889,1179.0,69.54444,1189.91111,B18.a_3,3929.33333,448.11111,3964.98889,711.38889,4939.8,277.33333,1.0,1.0,266.78889,18948.97778,5.33333,20.52222,28.66667,5.23333,1.77778,5.24444,20.44444,18.35556,39.2,B18.i_3
43037.44444,5698.22222,32904.57778,6260.51111,62810.23333,428.84444,17.12222,23.55556,2158.63333,341005.17778,23.34444,1428.0,318.44444,214.55556,1.0,326.4,780.0,48.54444,979.91111,B18.a_4,3740.22222,448.11111,3846.1,541.05556,4734.02222,94.77778,1.10741,5.2,261.34444,18423.64444,5.44444,23.3,27.55556,4.25556,3.44444,3.33333,23.33333,27.22963,29.2,B18.i_4
42392.55556,6067.22222,31772.46667,5279.17778,59797.12222,656.84444,16.23333,11.0,1739.18889,312758.06667,16.34444,1501.33333,266.22222,223.22222,2.66667,300.17778,938.55556,47.76667,920.68889,B18.a_5,3698.0,461.44444,3808.65556,695.72222,4673.13333,176.88889,1.0,3.14074,240.23333,18160.97778,3.66667,19.04444,24.0,7.57778,1.0,4.22222,15.33333,19.13333,34.31111,B18.i_5
43289.44444,5673.11111,40514.57778,6136.62222,59678.45556,1248.51111,25.45556,20.33333,1406.41111,289716.84444,15.23333,913.66667,116.33333,144.77778,2.66667,239.06667,815.44444,63.98889,1031.46667,B18.a_6,3669.88889,426.0,3753.87778,587.5,4509.8,240.55556,1.0,4.17037,249.12222,17913.97778,3.66667,18.96667,22.88889,4.8,2.55556,3.33333,4.66667,19.13333,36.97778,B18.i_6
39740.22222,6562.77778,36743.24444,5741.28889,56493.67778,1004.06667,23.23333,22.55556,1990.3,275157.51111,22.9,859.0,331.33333,163.11111,1.0,248.73333,1033.33333,50.65556,959.8,B18.a_7,3772.11111,472.33333,3773.32222,690.83333,4769.57778,105.0,1.10741,4.17037,251.9,17504.08889,3.0,13.85556,25.11111,6.56667,1.77778,3.17778,22.22222,18.34074,36.86667,B18.i_7
41025.33333,4976.55556,39898.8,5645.84444,57726.12222,822.95556,23.67778,24.88889,1471.18889,265559.84444,15.23333,814.66667,140.66667,154.55556,2.66667,259.84444,870.11111,54.87778,931.02222,B18.a_8,3397.55556,504.66667,3563.98889,667.61111,4378.57778,76.11111,1.10741,1.0,239.23333,17125.64444,2.44444,21.85556,22.22222,8.12222,1.0,2.46667,5.66667,13.56296,29.42222,B18.i_8
40091.11111,4549.0,38106.57778,5527.17778,53645.78889,1020.28889,20.12222,28.22222,1257.96667,255032.73333,15.24444,725.0,295.88889,145.44444,1.0,217.06667,788.0,57.21111,835.8,B18.a_9,3402.0,474.55556,3622.21111,587.27778,4214.35556,213.88889,1.0,6.22963,231.56667,16794.53333,1.88889,25.07778,27.11111,10.12222,1.77778,3.75556,22.22222,28.02222,37.64444,B18.i_9
28537.73333,2003.17778,129372.93333,965.74444,42611.1,2114.22222,74.22222,61010.2,336.37778,66826.64444,2.83704,431.02222,180.33333,253.78889,1.71852,375.84444,825.44444,292.86667,1466.42222,B2.a_0,521.23333,17.55556,98.36667,32.51111,1258.35556,88.88889,1.0,255.26667,13.8,687.18889,1.0,11.33333,6.55556,1.32593,1.0,6.0,3.77778,2.17778,12.98519,B2.i_0
23847.51111,2006.17778,109010.93333,929.52222,36362.54444,1401.44444,67.88889,49448.31111,282.48889,53622.31111,2.73333,376.8,120.77778,202.34444,1.0,300.28889,842.44444,258.31111,1233.42222,B2.a_1,461.23333,10.44444,89.47778,35.3,990.46667,60.0,1.0,297.26667,11.57778,550.85556,1.0,9.22222,5.0,1.63704,1.0,9.66667,3.77778,2.11852,13.95556,B2.i_1
20878.28889,1780.84444,131221.37778,989.07778,30530.54444,1481.22222,56.66667,41718.86667,272.71111,46720.75556,2.60741,346.46667,111.33333,198.12222,1.0,262.06667,774.11111,234.31111,1207.75556,B2.a_2,507.23333,22.55556,129.7,43.53333,1105.68889,172.55556,1.0,306.48889,12.46667,529.96667,1.0,10.22222,5.88889,1.43704,1.0,6.11111,4.77778,2.78519,13.84444,B2.i_2
16399.51111,1725.4,121883.93333,767.18889,29441.54444,1604.77778,59.55556,31544.97778,262.04444,39831.08889,3.05926,385.68889,129.44444,194.23333,1.0,260.73333,809.66667,268.2,1190.75556,B2.a_3,465.34444,31.33333,108.7,54.43333,1086.35556,84.44444,1.0,264.37778,10.91111,488.18889,1.0,12.44444,6.66667,1.54074,1.0,1.77778,3.77778,4.02222,18.95556,B2.i_3
13129.51111,1594.06667,117562.48889,736.18889,22603.1,2425.22222,70.22222,25762.75556,260.6,32891.53333,2.71852,375.02222,109.22222,175.56667,1.71852,252.28889,953.44444,252.75556,1115.97778,B2.a_4,523.78889,23.22222,141.7,35.41111,1139.57778,226.22222,1.1,421.15556,14.13333,451.63333,1.0,9.0,3.88889,1.20741,2.55556,6.33333,7.33333,2.17778,18.62222,B2.i_4
12034.17778,1422.28889,105502.48889,617.41111,22905.1,1888.55556,71.88889,24609.53333,232.15556,29715.97778,2.82963,335.13333,80.55556,143.23333,1.71852,232.28889,648.22222,210.97778,1034.2,B2.a_5,577.45556,36.22222,127.03333,38.42222,1274.35556,148.0,1.1,314.82222,14.8,451.63333,1.0,9.55556,6.22222,1.31111,2.66667,8.11111,15.33333,3.23704,16.84444,B2.i_5
9669.51111,1464.62222,108597.82222,475.52222,19200.21111,2482.88889,63.11111,18690.53333,249.93333,27621.31111,1.62963,355.8,103.33333,164.9,1.0,218.06667,1093.0,238.86667,1078.97778,B2.a_6,493.56667,17.55556,104.58889,25.64444,1066.24444,86.44444,1.1,379.15556,10.91111,451.63333,1.0,7.44444,7.0,1.20741,1.77778,4.66667,4.88889,5.02222,24.06667,B2.i_6
9492.06667,1385.84444,100441.15556,576.07778,19029.98889,1501.88889,65.44444,19996.08889,210.48889,26363.75556,1.96296,333.8,81.44444,162.34444,1.0,248.84444,605.66667,239.2,939.2,B2.a_7,453.01111,19.22222,77.03333,46.54444,1058.46667,19.11111,1.0,272.71111,13.8,446.41111,1.0,7.44444,5.22222,1.42963,3.33333,5.55556,1.88889,3.17778,12.51111,B2.i_7
10286.06667,1770.73333,129051.93333,663.96667,20009.21111,2957.44444,75.33333,19450.2,274.37778,25600.64444,2.82222,404.46667,132.33333,164.01111,1.0,316.73333,1035.33333,311.53333,1177.64444,B2.a_8,682.01111,24.22222,135.7,31.21111,1492.13333,121.22222,1.0,240.93333,14.13333,404.63333,1.0,5.88889,3.66667,1.63704,2.66667,5.22222,11.55556,4.74815,14.06667,B2.i_8
10865.95556,1648.62222,127595.82222,699.82222,20506.76667,2205.11111,70.55556,21352.53333,240.37778,24590.31111,2.39259,421.02222,114.0,185.01111,1.71852,572.17778,1000.66667,344.75556,1130.31111,B2.a_9,623.01111,29.0,109.47778,38.18889,1470.13333,92.55556,1.0,277.26667,13.91111,404.63333,1.0,7.55556,3.66667,1.20741,1.0,4.88889,5.55556,1.78519,8.84444,B2.i_9
17792.8,2726.44444,103946.82222,1538.23333,29664.3,819.66667,49.04444,179.05556,515.81111,82287.68889,2.66667,330.24444,84.33333,346.77778,1.0,269.86667,2946.66667,580.87778,1603.42222,B3.a_0,582.32222,89.28889,148.76667,87.44444,867.43333,1644.0,1.0,10.31481,23.48889,1534.71111,1.0,8.77778,4.66667,9.66667,1.0,2.77778,5.66667,2.55556,24.68889,B3.i_0
15069.91111,2654.77778,112815.15556,1507.34444,21829.07778,626.66667,50.26667,145.05556,492.92222,79081.13333,3.11111,301.91111,74.55556,455.44444,1.0,256.97778,2959.22222,424.54444,1446.75556,B3.a_1,571.98889,63.84444,119.54444,69.66667,818.76667,600.0,1.41481,4.96667,18.93333,1387.71111,1.0,6.11111,3.33333,5.11111,1.0,5.33333,5.66667,2.73333,20.24444,B3.i_1
16374.46667,2705.44444,119395.15556,1496.78889,28000.3,673.77778,45.48889,156.61111,460.7,74614.8,3.33333,333.46667,72.22222,393.55556,1.0,282.64444,2988.66667,538.21111,1587.75556,B3.a_2,514.43333,75.06667,131.98889,55.48148,720.21111,1206.66667,1.0,6.34815,22.93333,1293.71111,1.0,4.88889,3.44444,6.66667,1.0,2.11111,3.77778,2.31111,24.68889,B3.i_2
16707.02222,2532.44444,105922.04444,1455.56667,28923.74444,941.0,41.82222,173.38889,440.81111,70973.68889,3.66667,264.8,66.11111,350.55556,1.0,209.75556,2447.33333,428.1,1416.42222,B3.a_3,500.98889,67.95556,137.32222,47.18519,736.43333,174.77778,1.0963,5.12593,25.93333,1262.37778,1.0,8.11111,2.66667,6.77778,1.0,4.11111,8.44444,4.57778,22.24444,B3.i_3
14312.13333,2443.44444,126100.15556,1349.9,22421.18889,538.22222,51.82222,128.72222,434.7,68728.57778,4.11111,309.24444,72.33333,383.22222,1.0,266.31111,2866.22222,443.65556,1456.75556,B3.a_4,485.1,65.84444,121.1,33.0,703.54444,345.11111,1.0963,1.95185,16.71111,1194.04444,1.0,8.22222,4.0,5.11111,1.0,2.55556,2.77778,5.26667,14.91111,B3.i_4
14048.46667,2372.88889,113882.37778,1530.56667,23053.52222,920.44444,48.37778,115.18519,454.47778,66488.24444,5.0,340.91111,74.66667,311.77778,1.51111,275.86667,2457.77778,288.21111,1816.42222,B3.a_5,523.54444,55.84444,116.43333,33.0,732.65556,371.77778,1.19259,11.53704,20.93333,1172.6,1.0,10.88889,4.11111,5.33333,1.0,2.55556,5.55556,1.71111,15.57778,B3.i_5
14802.24444,2638.66667,120374.26667,1375.78889,23045.63333,503.44444,48.04444,145.16667,450.58889,63948.68889,4.33333,334.24444,68.55556,322.44444,1.51111,305.08889,1687.33333,268.1,1711.97778,B3.a_6,556.21111,71.17778,147.1,53.55556,771.43333,717.66667,1.20741,10.47407,24.82222,1125.6,1.0,8.44444,1.0,7.33333,1.0,4.33333,5.77778,1.84444,15.13333,B3.i_6
12684.13333,2409.22222,119211.26667,1385.9,16583.18889,318.44444,51.15556,133.38889,434.7,62351.57778,4.0,307.35556,66.33333,403.11111,1.0,281.97778,8083.22222,269.98889,1567.42222,B3.a_7,476.54444,81.06667,127.32222,47.7037,676.21111,643.11111,1.0,1.0,19.71111,1083.82222,1.0,7.0,3.66667,5.77778,1.0,2.44444,5.77778,3.44444,14.68889,B3.i_7
11856.91111,2516.33333,131078.93333,1406.56667,12941.74444,388.33333,58.48889,150.94444,455.25556,60684.68889,3.0,326.57778,73.44444,334.33333,1.0,252.86667,1794.77778,270.65556,1844.31111,B3.a_8,530.21111,56.84444,123.87778,73.59259,745.98889,369.77778,1.0963,2.9037,22.15556,1047.26667,1.0,5.55556,2.33333,5.66667,1.0,5.44444,1.88889,5.57778,17.35556,B3.i_8
13691.02222,2398.11111,126443.71111,1316.56667,24906.18889,573.33333,46.15556,134.61111,441.03333,59036.24444,3.0,421.68889,63.66667,365.55556,1.0,329.53333,2571.22222,255.1,1812.64444,B3.a_9,455.76667,77.95556,111.43333,85.85185,656.21111,645.22222,1.0,1.95185,15.04444,984.6,1.0,10.44444,3.66667,4.22222,1.0,4.33333,6.66667,3.31111,19.91111,B3.i_9
85292.02222,47776.21111,33538.86667,9694.04444,155192.02222,163.62222,18.86667,405.75556,2866.84444,954838.54444,191.44444,3015.22222,585.44444,230.04444,4.33333,423.33333,1190.98889,230.61111,2465.93333,B4.a_0,589.18889,137.22222,86.16667,94.58519,1066.38889,148.93333,1.0,4.33333,24.92222,3692.86667,3.33333,19.33333,8.77778,3.55556,1.0,2.4963,4.46667,4.33333,6.11111,B4.i_0
88511.8,43867.1,33688.2,9668.26667,157015.8,225.57778,18.53333,417.31111,2570.28889,922096.87778,168.66667,3013.22222,544.55556,212.48889,3.44444,409.11111,1218.76667,270.5,2490.71111,B4.a_1,552.74444,141.33333,89.94444,84.25185,1081.05556,108.17778,1.0,3.22222,24.58889,3441.31111,3.88889,28.11111,7.33333,2.77778,1.0,2.05185,4.46667,2.33333,10.77778,B4.i_1
77670.68889,41279.98889,29215.53333,8672.82222,139946.24444,188.51111,13.2,423.2,2353.62222,884694.43333,156.88889,2773.77778,496.44444,188.6,1.0,356.77778,1168.21111,220.38889,2207.93333,B4.a_2,550.52222,114.11111,88.38889,96.75556,1073.27778,34.66667,1.11111,5.44444,19.7,3289.2,3.55556,21.88889,6.88889,3.88889,1.0,2.05185,1.82222,3.0,10.22222,B4.i_2
75299.91111,54379.32222,30320.64444,7600.26667,123025.57778,430.73333,13.75556,349.64444,2290.51111,822418.21111,169.33333,2745.11111,426.77778,207.37778,3.44444,405.55556,1389.32222,244.72222,2238.6,B4.a_3,539.96667,125.0,94.72222,64.3037,1032.61111,42.4,1.0,1.0,22.47778,3131.75556,3.88889,17.88889,5.11111,2.66667,1.77778,3.54815,4.46667,2.33333,4.11111,B4.i_3
71229.8,44962.54444,26936.08889,7613.15556,121393.8,151.4,16.2,326.2,2032.4,771627.54444,138.33333,2321.77778,420.66667,185.26667,1.0,355.88889,1254.65556,211.38889,1860.93333,B4.a_4,526.85556,106.0,86.72222,77.08148,984.27778,114.28889,1.11111,6.55556,22.58889,3069.08889,2.55556,11.11111,6.55556,2.55556,1.0,1.3037,3.64444,2.66667,5.77778,B4.i_4
76495.13333,31456.76667,28668.31111,6944.04444,116279.46667,132.84444,14.86667,317.75556,1942.28889,731634.43333,139.66667,2240.44444,407.44444,161.04444,1.0,420.11111,785.98889,264.83333,1835.37778,B4.a_5,511.85556,94.88889,95.16667,89.36296,986.61111,74.68889,1.0,12.11111,19.14444,3000.53333,5.0,16.22222,7.22222,3.33333,1.0,2.35556,2.64444,2.0,7.44444,B4.i_5
73642.13333,41325.32222,29704.86667,6703.82222,119192.24444,128.84444,14.53333,285.2,2005.51111,685872.76667,130.33333,2614.11111,414.44444,165.6,3.44444,439.44444,1182.98889,268.61111,2011.82222,B4.a_6,525.52222,116.0,82.61111,97.25185,1079.05556,73.17778,1.22222,8.88889,21.47778,2953.2,5.22222,20.0,7.0,3.22222,1.77778,5.1037,4.64444,2.66667,9.55556,B4.i_6
70720.13333,36397.98889,27518.2,6262.04444,107494.8,215.06667,16.31111,247.75556,1957.4,666476.32222,139.0,2311.33333,402.22222,172.26667,1.0,415.11111,770.21111,258.72222,1763.04444,B4.a_7,505.41111,114.11111,98.38889,112.6963,986.16667,71.06667,1.0,3.22222,21.14444,2869.64444,3.33333,19.55556,6.11111,2.77778,1.77778,4.1037,2.64444,2.33333,9.33333,B4.i_7
73264.02222,42126.87778,34811.97778,5781.71111,113960.13333,264.57778,13.2,344.75556,1811.4,644199.32222,121.22222,2925.11111,353.44444,173.37778,1.77778,447.55556,939.54444,252.94444,2031.15556,B4.a_8,528.41111,116.0,89.27778,84.36296,1018.72222,79.04444,1.11111,13.44444,24.36667,2806.97778,3.22222,24.11111,9.11111,2.11111,2.66667,5.74074,1.0,2.33333,7.33333,B4.i_8
70311.46667,51930.98889,36111.42222,5903.04444,101581.8,291.28889,11.86667,329.64444,1821.06667,627275.43333,134.0,2922.88889,361.33333,194.37778,2.55556,421.55556,940.32222,255.27778,2043.82222,B4.a_9,499.3,94.77778,83.61111,91.53333,984.16667,101.46667,1.11111,4.33333,20.14444,2727.97778,5.88889,12.77778,6.44444,3.44444,1.0,4.24444,1.82222,4.33333,6.0,B4.i_9
41563.37778,24379.57778,109591.67778,7467.63333,53530.31111,5795.88889,107.6,293.34444,1318.3,310721.93333,16.88889,586.13333,432.84444,2284.88889,1.77778,305.31111,827612.88889,87.05556,4474.88889,B5.a_0,678.27778,1125.77778,213.88889,223.52222,2017.25556,2960.11111,1.2,5.20741,20.66667,4081.58889,1.44444,37.81111,9.22222,2.74074,1.77778,5.05185,9.73333,1.0,16.88889,B5.i_0
42331.04444,24610.13333,93241.23333,7966.3,52793.2,4841.44444,114.15556,213.67778,1303.3,292887.82222,16.0,583.02222,417.95556,2252.0,1.0,324.64444,846467.88889,87.27778,5029.33333,B5.a_1,702.16667,1009.44444,116.44444,226.97037,2008.36667,4134.33333,1.0,6.42963,20.33333,3662.14444,1.66667,43.14444,12.44444,1.64444,1.0,4.03704,13.11111,3.57778,11.81481,B5.i_1
41010.15556,24147.57778,108659.23333,7436.41111,52140.31111,4376.55556,128.93333,239.56667,1249.3,282568.93333,15.0,602.13333,483.4,2424.77778,1.0,332.31111,924726.33333,102.27778,4840.88889,B5.a_2,520.72222,941.88889,157.0,240.19259,1544.81111,3251.88889,1.0,11.4,21.33333,3289.7,1.22222,46.81111,15.11111,2.17778,1.0,6.45185,8.86667,5.02222,14.44444,B5.i_2
39283.26667,23271.91111,99494.67778,7193.74444,53303.53333,3736.77778,108.04444,277.12222,1242.18889,270536.15556,18.11111,567.24444,428.95556,2271.66667,1.0,341.64444,781858.33333,96.61111,4535.22222,B5.a_3,653.27778,993.33333,210.77778,233.85556,2015.25556,3556.55556,1.2,3.1037,19.66667,2995.92222,1.11111,38.92222,17.55556,2.07407,1.0,6.7037,5.86667,2.59259,13.77778,B5.i_3
36088.71111,22142.46667,97199.9,6483.18889,46243.42222,3469.44444,102.04444,278.23333,1134.41111,257132.93333,12.88889,560.91111,345.62222,2123.88889,4.33333,318.53333,838506.11111,95.94444,4040.88889,B5.a_4,573.72222,855.11111,161.22222,275.18889,1508.58889,3167.66667,1.1,6.2,17.66667,2607.92222,1.22222,41.36667,13.0,2.4,1.0,9.1037,9.48889,4.22963,15.0,B5.i_4
35752.82222,22252.57778,106390.23333,6782.74444,47091.53333,3775.66667,131.93333,279.45556,1138.18889,249968.37778,13.44444,553.35556,341.17778,2492.77778,1.77778,276.97778,774142.77778,95.16667,4565.11111,B5.a_5,592.27778,680.33333,117.33333,215.74444,1302.36667,2223.44444,1.1,4.0963,21.0,2450.7,1.0,42.03333,17.33333,2.5037,1.0,6.45185,2.62222,6.54815,14.77778,B5.i_5
35810.71111,21177.02222,100358.34444,6431.74444,47200.64444,5321.66667,107.93333,257.23333,1076.18889,244798.93333,11.55556,574.35556,324.73333,2184.0,1.77778,275.64444,853761.44444,81.05556,3921.55556,B5.a_6,703.05556,595.66667,174.88889,83.97407,1749.25556,2864.88889,1.32222,19.28148,22.33333,2319.7,1.0,44.47778,7.88889,1.97778,1.0,3.16296,17.24444,3.22963,17.22222,B5.i_6
33922.48889,21257.91111,104900.45556,6555.52222,45385.53333,4417.66667,117.37778,270.12222,1102.74444,240429.71111,11.0,545.35556,344.28889,2411.44444,1.0,299.75556,844029.0,83.83333,4125.22222,B5.a_7,597.72222,664.22222,179.11111,107.63333,1416.58889,3002.88889,1.2,12.85185,25.77778,2230.58889,1.11111,37.7,9.44444,1.31111,1.0,5.37037,16.35556,6.45185,17.77778,B5.i_7
33929.6,20435.02222,101159.01111,6108.63333,44414.2,5208.0,114.48889,210.34444,1083.07778,234459.48889,15.77778,542.8,331.28889,2033.77778,1.77778,287.08889,733160.77778,70.94444,4056.77778,B5.a_8,617.27778,765.33333,212.88889,148.74444,1851.81111,3326.22222,1.1,6.2,18.77778,2104.58889,1.0,38.7,11.0,1.75556,1.0,7.45185,9.73333,5.02222,15.66667,B5.i_8
33138.6,20474.24444,116568.9,6309.96667,41860.86667,4055.77778,109.37778,251.34444,1045.3,229946.15556,12.55556,596.68889,334.17778,2096.44444,1.0,268.64444,861817.11111,95.5,4214.33333,B5.a_9,580.27778,819.66667,174.0,128.18889,1627.03333,2112.55556,1.0,6.2,23.11111,2036.7,1.11111,31.25556,8.33333,1.74074,1.0,6.34074,6.11111,2.60741,17.66667,B5.i_9
74741.71111,1796.25556,51012.2,9288.67778,34121.04444,1117.66667,80.33333,437.57778,2033.46667,475147.41111,29.96667,348.55556,134.22222,188.01111,1.0,218.71111,1765.33333,48.0,1237.6,B6.a_0,749.28889,75.66667,109.75556,34.2,1978.18889,515.77778,1.0963,12.11111,50.06667,2279.25556,1.55556,19.68889,3.44444,6.26667,1.0,3.24444,8.11111,4.35185,32.84444,B6.i_0
68448.15556,1706.25556,47918.75556,10017.56667,32493.48889,778.55556,73.55556,387.35556,1984.35556,444971.07778,31.96667,369.55556,132.77778,153.9,1.71852,205.48889,1456.88889,43.22222,1098.6,B6.a_1,739.4,84.88889,118.31111,60.08889,1886.52222,435.44444,1.19259,9.88889,43.73333,1980.81111,2.22222,16.57778,6.0,6.82222,1.0,4.40741,9.73333,6.68519,36.73333,B6.i_1
66231.48889,1767.03333,53877.64444,9384.45556,30376.15556,1060.11111,70.55556,375.68889,2041.46667,422522.52222,22.18889,342.44444,102.0,181.12222,1.71852,199.15556,897.88889,50.55556,1156.37778,B6.a_2,775.95556,90.66667,111.97778,65.19259,2126.74444,521.88889,1.0,7.66667,52.84444,1844.14444,2.0,17.04444,10.77778,5.71852,1.0,3.24444,14.62222,4.55556,32.17778,B6.i_2
63907.82222,1738.7,53535.75556,8928.9,31019.26667,1084.88889,70.77778,345.13333,1821.24444,409706.52222,24.52222,429.11111,102.44444,213.9,2.43704,227.15556,2503.33333,45.88889,1151.15556,B6.a_3,803.73333,66.33333,104.86667,36.98148,2135.96667,562.88889,1.19259,6.55556,30.28889,1771.03333,1.22222,16.71111,4.44444,4.94074,1.77778,3.54815,9.73333,4.77778,31.17778,B6.i_3
63697.6,1838.7,58033.75556,8709.45556,29340.04444,717.11111,73.33333,322.02222,1873.57778,397514.07778,27.52222,678.33333,123.88889,164.01111,1.71852,197.6,3169.77778,78.77778,1299.48889,B6.a_4,706.84444,67.44444,100.86667,49.75185,1913.96667,550.55556,1.0963,4.33333,35.73333,1697.47778,1.33333,15.02222,7.0,5.17037,1.77778,9.37778,1.62222,4.0,30.62222,B6.i_4
62390.04444,1845.7,57276.08889,8714.56667,31702.37778,947.0,76.44444,307.8,1773.8,387563.41111,29.63333,436.33333,140.66667,167.56667,1.71852,212.82222,1587.88889,56.55556,1323.04444,B6.a_5,794.51111,70.55556,117.86667,72.97778,2184.52222,786.77778,1.0963,5.44444,36.51111,1649.92222,2.0,18.46667,5.33333,4.71111,1.0,6.23704,6.48889,2.98148,42.06667,B6.i_5
62293.04444,1987.36667,57843.08889,8683.56667,30147.26667,821.77778,76.22222,327.57778,1793.46667,379055.74444,27.52222,364.0,129.88889,173.9,1.0,209.15556,2928.66667,44.22222,1176.15556,B6.a_6,765.4,74.66667,111.86667,54.97407,2070.3,495.22222,1.0963,5.44444,45.73333,1571.58889,2.22222,17.48889,7.33333,5.28148,1.0,6.34815,7.11111,2.40741,28.84444,B6.i_6
60383.71111,1818.58889,63677.97778,8280.23333,30150.6,883.33333,71.77778,292.35556,1705.35556,370531.52222,25.85556,418.66667,116.77778,169.78889,1.71852,209.04444,3397.55556,56.88889,1167.37778,B6.a_7,700.51111,98.0,96.64444,55.08889,1963.41111,224.11111,1.0,5.44444,35.95556,1498.03333,1.77778,20.46667,7.66667,3.94074,1.0,3.85185,11.37778,3.62963,23.17778,B6.i_7
59388.6,1760.03333,55484.75556,7825.34444,28402.26667,825.66667,67.33333,319.68889,1660.46667,360896.3,26.52222,334.55556,114.66667,204.23333,1.0,203.26667,1172.66667,60.22222,1107.04444,B6.a_8,843.95556,63.55556,110.08889,80.63333,2214.3,528.0,1.20741,3.22222,30.17778,1471.36667,1.66667,19.71111,10.66667,5.05185,1.0,9.87407,12.73333,1.96296,23.62222,B6.i_8
56289.15556,1785.25556,54878.42222,7717.01111,26864.37778,698.55556,70.0,296.13333,1558.91111,345071.96667,23.85556,459.66667,120.33333,168.34444,2.43704,190.48889,1307.22222,62.11111,1190.93333,B6.a_9,675.73333,84.77778,97.31111,96.1963,1882.96667,441.66667,1.0963,6.55556,30.06667,1413.92222,1.22222,18.04444,9.33333,3.94815,1.0,8.79259,2.62222,3.55556,24.28889,B6.i_9
8981.61111,1603.66667,78093.08889,279.04444,23945.38889,1392.77778,60.67778,64259.15556,179.03333,10946.17778,1.41481,76.77778,9.55556,206.48889,1.6,61.84444,262.62222,7.82222,469.44444,B7.a_0,412.94444,32.22222,54.42222,15.15556,1158.37778,606.0,1.11111,59.77778,3.82222,471.96667,1.1037,7.66667,2.0,1.88889,1.0,2.88889,5.66667,2.16296,6.75556,B7.i_0
9121.05556,1627.77778,77599.08889,252.85556,23872.61111,1520.22222,50.56667,67518.71111,198.7,10447.51111,1.53333,77.77778,11.22222,234.82222,1.0,57.06667,313.17778,7.8,565.55556,B7.a_1,470.72222,38.11111,45.64444,30.6,1397.26667,530.11111,1.0,140.44444,4.74444,435.41111,1.0,9.77778,2.0,2.11111,1.0,4.0,1.0,2.27407,3.58519,B7.i_1
8294.16667,1364.11111,70948.31111,222.07778,22413.38889,1172.77778,48.23333,58316.37778,169.7,9990.95556,1.41481,64.33333,17.0,194.37778,2.2,46.51111,315.17778,5.93333,433.22222,B7.a_2,417.94444,64.66667,55.75556,15.84444,1293.93333,819.66667,1.0,103.0,3.53333,382.63333,1.20741,4.0,3.0,1.44444,1.0,1.33333,3.77778,2.17778,5.91852,B7.i_2
7727.5,1460.11111,78532.31111,214.3,21583.05556,1462.55556,57.67778,55228.48889,179.81111,9670.51111,1.21481,75.66667,9.66667,190.82222,1.6,48.06667,351.51111,6.53333,473.66667,B7.a_3,455.27778,40.0,54.75556,4.24444,1406.93333,595.77778,1.0,175.33333,6.3,361.3,1.0,8.44444,2.33333,1.66667,1.77778,2.11111,7.66667,2.17778,3.91852,B7.i_3
7808.38889,1588.44444,88591.86667,190.96667,21375.5,1413.33333,58.78889,54357.71111,164.36667,9444.95556,1.41481,68.11111,10.88889,188.82222,1.0,48.84444,443.84444,8.51111,431.33333,B7.a_4,503.61111,31.22222,59.31111,25.48889,1494.82222,994.44444,1.0,106.44444,5.52222,329.96667,1.1037,9.55556,1.0,1.11111,1.0,2.55556,5.77778,1.0963,4.53333,B7.i_4
7292.16667,1346.88889,79091.86667,206.52222,18732.83333,1214.0,48.56667,47832.26667,159.36667,9124.73333,1.53333,52.44444,17.22222,174.93333,1.0,34.62222,319.95556,5.08889,399.55556,B7.a_5,372.72222,36.11111,45.75556,20.26667,1070.04444,747.66667,1.0,59.88889,3.01111,288.18889,1.0,7.55556,2.0,1.22222,1.0,4.22222,1.88889,2.7037,4.25926,B7.i_5
7239.38889,1340.0,72916.2,198.74444,19345.83333,1479.11111,49.9,50550.04444,160.36667,8899.06667,1.52593,62.22222,12.77778,180.04444,1.0,49.73333,388.17778,8.17778,453.55556,B7.a_6,334.38889,33.33333,44.53333,13.53333,1001.26667,371.77778,1.11111,54.0,4.37778,267.3,1.0,12.11111,3.22222,1.77778,1.77778,2.11111,3.77778,3.4963,3.91852,B7.i_6
7327.83333,1353.88889,73864.42222,258.18889,19345.5,1281.77778,50.12222,51194.71111,167.03333,8689.17778,1.31111,75.22222,8.44444,195.04444,1.0,39.62222,316.95556,7.06667,466.88889,B7.a_7,454.38889,50.33333,56.86667,29.66667,1257.48889,852.66667,1.0,131.22222,4.74444,267.3,1.1037,17.66667,3.33333,1.88889,1.77778,3.88889,3.77778,1.19259,1.87407,B7.i_7
7480.38889,1354.88889,72166.86667,206.52222,18612.05556,1267.33333,49.45556,47863.15556,153.25556,8384.84444,1.41481,61.55556,7.55556,177.82222,1.0,47.84444,322.17778,10.82222,431.44444,B7.a_8,376.27778,35.33333,40.75556,4.24444,1108.37778,228.22222,1.0,76.0,3.93333,267.3,1.0,6.77778,3.77778,2.0,1.0,4.33333,2.88889,1.19259,4.63704,B7.i_8
6853.94444,1392.44444,78666.64444,237.41111,18149.38889,1193.44444,52.34444,44875.37778,159.81111,8075.28889,1.41481,57.77778,12.88889,168.48889,1.0,40.06667,388.4,5.88889,430.33333,B7.a_9,405.5,36.11111,43.08889,4.24444,1212.37778,585.55556,1.0,66.66667,2.75556,267.3,1.0,7.22222,1.0,1.55556,2.66667,8.88889,1.88889,2.27407,4.31111,B7.i_9
12148.42222,5937.55556,120313.33333,983.33333,30122.15556,1269.88889,85.37778,43896.01111,987.11111,48198.48889,3.05926,693.33333,362.77778,447.33333,1.0,665.13333,1597.33333,165.26667,2948.86667,B8.a_0,496.18889,55.22222,372.25556,32.90741,1214.71111,199.77778,1.44444,201.27778,62.78889,528.92222,1.0,13.6,18.98519,2.84444,1.0,6.42222,5.28889,4.22222,66.55556,B8.i_0
11780.08889,6019.88889,111780.55556,1071.11111,29243.6,1010.66667,85.48889,46418.67778,976.88889,43641.04444,4.71852,674.11111,380.0,513.66667,2.55556,648.8,2818.11111,184.04444,3042.75556,B8.a_1,385.52222,58.44444,331.47778,40.57407,978.15556,51.77778,1.33333,307.83333,53.78889,461.03333,1.0,15.8,16.95556,2.84444,1.0,6.57778,2.82222,2.55556,74.66667,B8.i_1
12624.64444,6244.77778,116140.33333,885.22222,30311.71111,805.22222,88.82222,51181.67778,1018.88889,42099.6,3.83704,673.77778,361.0,621.22222,1.0,652.35556,2446.0,188.26667,2917.08889,B8.a_2,371.74444,30.22222,306.14444,40.57407,911.93333,166.55556,2.0,223.61111,48.23333,445.36667,1.0,16.57778,14.65185,2.18519,1.0,4.04444,9.11111,2.64444,65.55556,B8.i_2
12245.86667,5652.44444,113949.88889,1001.44444,29256.26667,1207.88889,81.6,46899.12222,966.55556,40616.37778,3.82222,717.33333,370.88889,448.88889,1.77778,664.8,2832.66667,180.93333,2863.08889,B8.a_3,388.63333,53.44444,302.58889,48.7037,971.6,279.55556,2.0,203.83333,51.34444,445.36667,1.0,16.91111,16.65185,2.62963,1.0,13.44444,2.82222,2.88889,33.0,B8.i_3
11865.2,5450.0,111463.11111,986.0,29282.26667,1705.77778,84.71111,45899.9,992.0,39445.93333,3.82222,679.22222,374.88889,521.44444,5.0,723.57778,2639.22222,179.82222,2999.64444,B8.a_4,404.85556,53.66667,336.14444,48.81481,983.48889,252.77778,1.44444,222.38889,57.01111,398.36667,1.0,13.82222,16.4,2.62963,1.0,5.4,1.82222,4.95556,52.55556,B8.i_4
12206.75556,5679.0,124188.66667,851.77778,28862.6,1060.0,80.93333,47098.45556,998.44444,38560.71111,5.82963,671.66667,374.0,525.55556,3.44444,622.91111,2593.0,179.6,2989.97778,B8.a_5,505.41111,76.77778,419.81111,59.14815,1180.04444,365.55556,2.88889,217.72222,64.9,382.36667,1.0,21.57778,21.95556,1.97778,2.55556,11.68889,12.11111,4.91111,85.11111,B8.i_5
11461.86667,5854.33333,127675.55556,944.77778,29305.04444,1198.11111,86.26667,42946.01111,981.55556,37879.93333,5.15556,672.22222,352.55556,468.55556,1.0,712.02222,2066.66667,212.04444,4377.08889,B8.a_6,448.63333,60.66667,366.81111,61.92593,1029.26667,306.0,1.22222,296.16667,59.23333,350.36667,1.1037,15.02222,17.06667,2.18519,1.0,7.55556,2.82222,3.62222,83.33333,B8.i_6
12074.08889,5517.88889,111880.0,887.88889,28939.04444,1929.77778,83.82222,45854.34444,939.33333,37358.15556,3.05926,665.77778,347.66667,523.33333,1.0,687.35556,2278.33333,164.93333,2724.75556,B8.a_7,366.3,43.11111,292.92222,37.55556,837.6,109.11111,1.33333,160.38889,48.67778,350.36667,1.0,16.91111,16.65185,1.1037,1.0,6.4,1.82222,6.82222,55.55556,B8.i_7
10494.42222,5570.55556,113648.66667,1094.33333,28213.93333,901.55556,98.15556,38866.23333,976.0,36995.15556,4.82222,666.88889,370.11111,645.88889,2.66667,749.24444,3222.11111,186.15556,5754.64444,B8.a_8,370.74444,48.33333,309.58889,22.0,913.48889,117.11111,1.66667,218.94444,53.45556,350.36667,1.0,20.51111,14.0963,1.42963,1.0,9.62222,4.64444,5.37778,71.22222,B8.i_8
11327.75556,5249.33333,108813.66667,939.55556,27936.6,2296.22222,82.82222,44792.56667,966.22222,36504.48889,3.82963,657.0,348.33333,442.11111,1.77778,677.24444,1825.0,176.48889,3593.31111,B8.a_9,414.3,66.55556,362.03333,87.94444,960.6,218.0,1.66667,219.2963,56.01111,350.36667,1.1037,19.02222,16.54074,2.51852,1.0,8.55556,3.46667,3.62222,38.25926,B8.i_9
11718.81111,3216.32222,71875.75556,245.42222,23972.9,672.43333,44.11111,18233.15556,397.87778,44564.4,3.77778,1159.13333,92.85556,446.0,1.0,187.57778,716.77778,78.16667,1373.95556,B9.a_0,754.88889,81.55556,134.97778,24.8037,1591.97778,400.44444,1.0,413.53333,25.98889,1773.67778,1.0,50.68889,5.88889,6.11111,1.0,4.22222,1.88889,1.77778,15.62222,B9.i_0
11397.47778,3189.1,80848.08889,245.53333,23726.56667,941.32222,53.33333,17563.26667,408.21111,43778.17778,2.77778,1075.46667,88.18889,433.33333,2.66667,175.68889,854.33333,80.16667,1406.06667,B9.a_1,795.0,96.88889,134.97778,19.57778,1635.31111,369.66667,1.0,490.64444,28.76667,1663.23333,1.0,59.24444,5.0,7.88889,1.71852,3.44444,1.88889,2.28889,17.06667,B9.i_1
11428.47778,2884.65556,74043.64444,232.86667,23089.56667,633.32222,46.44444,17440.71111,363.65556,42338.4,4.44444,927.13333,87.18889,409.22222,1.0,140.68889,870.22222,54.16667,1260.51111,B9.a_2,775.88889,80.77778,134.31111,45.47407,1582.31111,334.88889,1.11111,468.42222,27.21111,1563.78889,1.0,43.35556,5.22222,6.0,1.71852,2.88889,3.77778,2.6,15.51111,B9.i_2
9968.14444,2774.21111,72586.53333,230.2,22395.67778,717.76667,47.55556,17013.6,387.76667,41209.95556,3.11111,1043.91111,83.07778,407.66667,3.33333,150.68889,1180.33333,83.61111,1229.95556,B9.a_3,816.33333,50.44444,110.86667,35.02222,1678.42222,260.77778,1.0,434.75556,25.1,1495.67778,1.11111,41.35556,6.44444,6.44444,1.0,5.77778,3.77778,1.8,13.98519,B9.i_3
10445.92222,2879.32222,77280.42222,266.31111,22834.9,592.54444,55.66667,16423.26667,356.98889,40360.73333,3.22222,893.91111,87.74444,427.55556,1.0,138.57778,735.33333,51.27778,1170.95556,B9.a_4,745.44444,63.55556,129.86667,9.35556,1496.97778,400.66667,1.0,355.97778,26.65556,1463.56667,1.0,42.91111,6.0,7.33333,1.0,3.0,3.88889,1.77778,16.84444,B9.i_4
10140.03333,2850.1,78391.2,240.42222,22209.01111,797.65556,47.0,16369.15556,368.1,39359.17778,3.11111,1007.13333,84.18889,447.22222,1.0,155.91111,1866.44444,71.61111,1235.4,B9.a_5,739.55556,77.55556,114.2,40.02222,1567.53333,215.88889,1.11111,432.08889,24.1,1395.67778,1.0,43.68889,7.33333,4.44444,1.71852,4.77778,7.55556,1.46667,13.95556,B9.i_5
10486.58889,2844.98889,76024.31111,250.75556,21997.56667,600.54444,47.88889,15818.04444,368.32222,38552.73333,2.77778,1035.35556,89.3,408.55556,1.0,169.68889,990.0,77.16667,1329.28889,B9.a_6,721.44444,66.55556,112.31111,24.57037,1535.97778,351.33333,1.0,351.53333,23.87778,1359.12222,1.0,32.93333,8.33333,5.55556,1.0,6.0,8.55556,1.46667,14.73333,B9.i_6
10678.92222,2611.65556,63038.64444,258.53333,21578.78889,553.54444,38.88889,15999.48889,361.76667,38115.06667,2.11111,1029.24444,72.52222,399.11111,1.0,140.57778,887.0,76.94444,1215.73333,B9.a_7,701.33333,80.66667,128.97778,24.68889,1460.31111,277.33333,1.0,346.75556,25.65556,1291.23333,1.0,48.68889,4.77778,5.88889,1.0,1.77778,3.77778,2.44444,12.51111,B9.i_7
10406.25556,2554.87778,69909.86667,214.75556,21327.78889,586.32222,42.0,15714.48889,354.65556,37667.06667,2.22222,996.8,93.96667,406.33333,1.0,152.24444,1869.88889,76.72222,1264.28889,B9.a_8,748.11111,73.66667,121.31111,34.90741,1558.64444,330.77778,1.22222,374.86667,24.1,1265.12222,1.0,53.02222,7.77778,4.11111,1.71852,4.77778,11.55556,1.46667,14.95556,B9.i_8
9894.81111,2827.87778,71593.08889,299.86667,21049.9,682.54444,41.44444,15116.48889,363.87778,37019.06667,2.66667,959.8,89.18889,411.22222,1.0,163.35556,716.66667,68.61111,1270.28889,B9.a_9,711.33333,84.77778,109.97778,14.12222,1582.86667,297.88889,1.0,323.53333,21.1,1212.23333,1.0,46.46667,2.66667,3.88889,1.71852,4.44444,3.77778,1.46667,14.51111,B9.i_9
25478.34444,13297.77778,38349.58889,8334.57778,60233.25556,1029.11111,60.71111,68.15556,2663.01111,215570.47778,35.77778,591.37778,205.88889,1012.55556,1.0,578.44444,2379.88889,215.35556,4830.8,C1.a_0,1472.22222,507.57778,1154.95556,571.28889,3728.25556,55.66667,1.33333,7.97778,195.92222,11853.81111,12.6,17.44444,64.28889,40.55556,2.55556,18.66667,34.77778,18.53333,215.91111,C1.i_0
25090.78889,13525.22222,38969.14444,7871.91111,64846.92222,1082.33333,69.15556,45.01481,2518.45556,205209.81111,34.55556,552.48889,164.22222,967.77778,1.0,597.77778,2745.66667,230.24444,5319.91111,C1.a_1,1335.22222,533.8,1080.4,610.06667,3470.47778,70.11111,1.33333,11.22222,197.36667,11433.92222,9.93333,24.88889,57.06667,39.77778,1.0,13.88889,44.77778,15.31111,248.13333,C1.i_1
24367.78889,13522.44444,38993.81111,8458.57778,59511.25556,848.11111,58.37778,27.76296,2580.01111,197731.36667,27.66667,515.93333,167.88889,1026.22222,1.0,672.11111,3076.22222,226.57778,5496.57778,C1.a_2,1336.44444,487.35556,1095.95556,692.4,3483.14444,154.44444,1.66667,5.04444,209.92222,10914.14444,10.15556,16.33333,75.51111,48.33333,1.0,12.88889,70.66667,12.78519,311.68889,C1.i_2
24432.67778,12639.0,36862.58889,8065.68889,61391.25556,949.11111,60.71111,41.37778,2369.12222,192541.25556,30.77778,509.93333,191.22222,1085.22222,1.0,622.11111,2929.66667,181.46667,5849.13333,C1.a_3,1268.44444,486.24444,1003.4,581.73333,3337.7,64.0,1.44444,14.04444,203.14444,10426.03333,10.71111,14.44444,67.06667,42.44444,1.0,13.44444,33.0,17.42222,302.91111,C1.i_3
23157.56667,13467.66667,37050.14444,8564.57778,58057.58889,1014.66667,60.82222,40.15556,2498.45556,186812.03333,27.44444,561.15556,175.22222,962.33333,1.0,550.0,2604.0,345.35556,5393.13333,C1.a_4,1360.88889,447.02222,1083.06667,617.84444,3398.47778,123.44444,1.66667,8.68889,181.14444,9990.36667,8.15556,20.22222,69.06667,49.77778,1.77778,9.77778,54.66667,14.75556,280.91111,C1.i_4
22943.12222,13525.44444,34847.92222,8494.91111,58377.03333,1448.44444,55.26667,42.48889,2539.67778,181622.92222,29.66667,600.48889,175.22222,963.11111,1.0,416.55556,2728.0,583.68889,3858.91111,C1.a_5,1312.55556,575.13333,1101.17778,566.06667,3675.36667,86.44444,1.77778,7.17778,188.58889,9638.58889,6.82222,20.11111,60.84444,61.55556,1.0,7.88889,39.11111,13.1037,259.46667,C1.i_5
21175.78889,13960.33333,37950.58889,7871.8,60903.47778,1255.11111,72.15556,34.57037,2486.12222,178397.58889,27.33333,601.82222,159.22222,1000.11111,1.0,547.33333,3092.0,425.57778,4866.8,C1.a_6,1220.0,393.24444,1026.06667,602.06667,3180.14444,14.66667,1.22222,3.02222,190.25556,9307.92222,8.04444,13.33333,58.84444,52.11111,1.0,7.66667,19.22222,11.42222,232.24444,C1.i_6
20310.34444,12162.0,38185.25556,7324.02222,55314.36667,1360.11111,53.71111,24.4,2322.45556,171706.14444,25.66667,520.48889,182.0,956.66667,1.0,599.44444,3081.44444,226.13333,6121.24444,C1.a_7,1229.0,454.24444,992.73333,633.17778,3500.03333,90.44444,2.55556,4.84444,195.81111,9077.14444,6.15556,14.55556,55.51111,74.44444,1.0,7.44444,38.66667,10.2,317.91111,C1.i_7
19245.34444,11392.77778,34306.25556,7145.91111,56248.92222,1076.22222,61.26667,29.9037,2223.01111,163681.81111,25.0,479.48889,155.66667,1041.88889,1.0,593.22222,2878.0,284.57778,6081.68889,C1.a_8,1131.66667,436.8,1074.17778,462.84444,3342.14444,168.44444,2.55556,7.97778,180.47778,8898.58889,6.6,17.66667,44.84444,79.33333,1.77778,14.11111,52.55556,10.65926,316.35556,C1.i_8
17895.56667,12837.77778,39093.03333,8038.13333,57952.81111,1211.77778,61.26667,49.98519,2264.9,157734.92222,20.22222,632.26667,144.88889,961.55556,1.77778,637.33333,3328.11111,375.8,6066.57778,C1.a_9,1226.55556,458.91111,1010.17778,545.51111,3428.03333,33.11111,1.33333,1.91111,197.36667,8714.92222,5.4963,14.88889,51.95556,65.44444,1.0,16.66667,28.22222,11.21481,334.8,C1.i_9
32942.05556,14312.17778,22053.6,19532.94444,293987.52222,651.0,50.72222,35.14074,8334.92222,1523918.13333,763.15556,283.77778,4458.77778,1564.56667,11.55556,1604.88889,2190.44444,856.05556,11671.77778,C13.a_0,606.32222,454.33333,206.13333,242.92222,1041.91111,19.98889,1.52593,4.01481,163.73333,10287.27778,4.82222,7.36667,19.77778,7.97778,2.66667,9.88889,13.35556,8.18889,16.13333,C13.i_0
27804.83333,11975.84444,19586.93333,13854.16667,215388.18889,858.66667,49.16667,49.14074,6775.58889,1221786.8,686.26667,278.0,3873.77778,1223.45556,1.77778,1256.55556,2063.66667,779.72222,8018.22222,C13.a_1,491.54444,572.33333,169.57778,122.95185,1067.24444,24.94444,1.31111,1.95185,138.73333,9615.38889,9.6,5.5,23.66667,7.64444,1.0,7.11111,10.28889,4.6037,27.35556,C13.i_1
21801.27778,12080.84444,16180.93333,12253.72222,190113.07778,793.0,33.5,28.41481,6149.81111,1090530.91111,670.26667,236.88889,3993.77778,1011.9,5.0,1115.44444,1825.88889,662.72222,6900.33333,C13.a_2,515.43333,552.22222,169.24444,148.21481,1142.35556,21.46667,1.1037,6.18889,179.28889,8933.16667,5.93333,11.95556,35.88889,5.75556,1.0,8.44444,12.28889,7.00741,19.57778,C13.i_2
22605.27778,13702.62222,13356.37778,10975.27778,178572.18889,359.44444,28.05556,34.75556,6476.36667,1031306.46667,521.93333,225.33333,2882.11111,1015.78889,5.0,887.11111,1166.11111,374.27778,4961.33333,C13.a_3,489.54444,619.88889,148.46667,93.88148,1061.8,33.27778,1.0,8.25185,161.4,8350.72222,8.04444,9.21111,35.22222,7.64444,1.0,8.22222,14.0,7.53333,18.8,C13.i_3
20357.61111,9643.73333,12738.82222,11068.72222,171389.18889,404.77778,20.94444,31.85926,5565.7,999270.57778,560.37778,170.44444,3034.22222,901.45556,4.22222,1187.22222,1288.88889,352.83333,5362.44444,C13.a_4,495.21111,545.22222,152.57778,161.3963,1025.02222,21.46667,1.0,6.34815,166.4,7788.94444,7.05185,6.65556,16.55556,6.86667,1.77778,9.11111,15.64444,8.6037,21.24444,C13.i_4
21028.38889,13145.62222,14243.04444,10815.27778,168567.18889,398.55556,35.38889,24.58519,6034.36667,973501.46667,542.93333,218.11111,3063.88889,961.67778,7.66667,914.22222,1430.55556,474.05556,4756.44444,C13.a_5,483.1,579.55556,133.35556,186.65926,1121.91111,10.7,1.1037,1.0,177.62222,7448.05556,6.48889,8.81111,29.33333,5.00741,1.0,7.77778,21.75556,8.93704,23.57778,C13.i_5
19202.94444,11368.28889,14809.37778,10778.94444,164485.63333,497.33333,42.61111,23.74815,4987.58889,927794.02222,459.93333,210.0,2911.0,838.67778,5.0,865.11111,1449.55556,360.05556,4697.77778,C13.a_6,457.87778,465.44444,157.24444,194.54815,934.13333,82.61111,1.1037,4.01481,139.28889,7096.61111,6.6,5.24444,24.55556,7.43704,1.0,7.66667,14.11111,8.56296,22.91111,C13.i_6
19184.83333,10731.84444,12867.15556,10083.16667,158602.85556,515.77778,37.16667,39.53333,4901.47778,893502.68889,518.93333,209.55556,2734.66667,837.67778,3.44444,968.0,1547.44444,382.16667,4368.66667,C13.a_7,475.1,527.0,162.02222,176.54815,870.57778,86.72222,1.1037,10.47407,133.95556,6750.38889,6.71111,2.48889,21.22222,6.97778,1.0,10.66667,11.75556,14.11852,23.35556,C13.i_7
18506.61111,10598.06667,13293.6,9299.94444,146973.41111,599.77778,28.83333,35.97778,5075.58889,849983.13333,482.71111,269.0,2871.33333,867.78889,7.55556,832.55556,1398.88889,480.38889,5090.22222,C13.a_8,422.76667,441.0,126.24444,99.72963,904.57778,115.38889,1.1037,2.9037,150.17778,6225.72222,5.82222,8.62222,26.88889,5.86667,1.0,6.44444,16.75556,7.86667,17.57778,C13.i_8
16740.05556,10403.06667,12728.37778,8896.72222,130585.74444,575.33333,25.83333,24.85926,4921.03333,800410.57778,528.04444,312.0,3063.22222,764.34444,5.11111,807.33333,1403.77778,484.94444,5560.66667,C13.a_9,476.65556,562.33333,143.02222,199.03333,952.46667,152.93333,1.0,7.02963,172.95556,5926.61111,7.27407,7.32222,23.22222,4.67407,2.66667,7.55556,36.13333,5.38148,19.8,C13.i_9
131587.77778,28582.51111,35700.02222,7082.04444,514616.15556,1105.0,77.37778,42.11111,6988.28889,951053.11111,355.86667,761.68889,1337.22222,1552.0,5.0,522.17778,1609.57778,227.74444,7406.95556,C14.a_0,1979.21111,356.43333,371.75556,71.13333,4986.3,12.2,1.0,3.14074,62.0,11948.92222,2.4,27.22222,4.66667,26.66667,1.0,5.04444,12.33333,2.56296,101.02222,C14.i_0
132638.44444,27795.17778,36508.46667,6882.93333,521973.04444,1195.77778,83.37778,53.88889,6799.4,929716.55556,364.75556,797.24444,1149.88889,1433.55556,3.44444,526.51111,1884.13333,227.52222,7479.95556,C14.a_1,2001.87778,244.32222,360.42222,59.62222,5052.63333,53.31111,1.1,1.0,63.11111,11108.92222,5.17778,27.22222,6.77778,28.11111,3.44444,3.68889,12.33333,3.98148,66.91111,C14.i_1
133866.77778,29137.4,40206.35556,7684.04444,480083.93333,1121.55556,87.71111,35.11111,6509.73333,907038.11111,341.64444,766.68889,1204.77778,1448.44444,3.44444,480.06667,1715.8,230.07778,7762.17778,C14.a_2,1742.76667,285.76667,343.31111,14.86667,4547.07778,146.62222,1.1,2.02963,56.66667,9817.47778,3.62222,18.44444,6.0,25.0,1.0,3.54815,3.77778,3.7,101.57778,C14.i_2
136879.0,28882.17778,34208.24444,6175.15556,457384.04444,741.44444,81.04444,45.66667,5915.95556,888087.77778,312.2,744.68889,936.77778,1341.44444,1.77778,441.17778,1509.8,251.52222,7126.73333,C14.a_3,1630.76667,239.21111,339.64444,19.66667,4307.07778,91.17778,1.0,3.14074,65.0,8563.14444,5.26667,17.22222,7.77778,21.33333,3.44444,3.1037,5.66667,4.95556,78.46667,C14.i_3
123688.33333,25626.62222,36497.13333,8061.71111,489604.48889,1226.22222,82.82222,59.66667,6263.73333,864024.11111,345.42222,746.35556,934.77778,1571.33333,3.44444,531.51111,2007.13333,234.74444,7474.17778,C14.a_4,1499.87778,256.43333,321.53333,36.4,3777.52222,86.68889,1.0,2.02963,67.0,8242.92222,4.35556,18.77778,3.44444,20.0,1.0,3.71111,8.44444,4.17778,42.57778,C14.i_4
122532.44444,36373.62222,36732.68889,6976.04444,458170.82222,1413.44444,90.48889,71.33333,7021.4,836663.22222,352.42222,743.91111,1032.11111,1550.44444,5.11111,502.06667,1485.02222,286.74444,7152.06667,C14.a_5,1414.43333,164.54444,262.86667,53.13333,3615.07778,99.66667,1.0,2.02963,37.55556,7949.03333,2.82222,19.0,5.77778,15.55556,1.0,2.8,8.33333,4.17778,26.8,C14.i_5
120844.66667,37468.06667,40514.35556,6738.48889,449740.04444,1592.11111,89.37778,51.44444,7243.62222,804948.11111,370.08889,712.8,973.33333,1570.33333,2.55556,523.62222,1828.68889,282.3,7336.84444,C14.a_6,1361.98889,161.32222,288.53333,24.02222,3645.74444,84.95556,1.0,2.02963,43.55556,7692.25556,3.08889,13.88889,3.11111,15.77778,2.66667,5.2963,9.33333,3.03333,45.91111,C14.i_6
105408.0,27714.17778,33350.91111,5537.37778,409883.15556,809.33333,78.15556,40.0,5889.62222,754764.55556,334.08889,709.57778,1216.66667,1519.0,1.0,445.62222,1686.13333,225.96667,6448.28889,C14.a_7,1425.21111,164.43333,297.42222,33.84444,3407.63333,22.42222,1.0,2.02963,44.11111,7277.58889,3.11111,13.0,3.11111,14.77778,1.0,3.54815,8.55556,2.87037,29.91111,C14.i_7
104037.33333,28475.73333,38862.02222,6154.71111,392703.26667,1355.88889,83.82222,55.0,5830.51111,721152.0,308.42222,766.8,1158.55556,1371.33333,1.0,454.28889,2403.13333,335.63333,7278.4,C14.a_8,1299.54444,170.76667,311.64444,10.82222,3697.07778,65.26667,1.1,1.0,47.33333,6873.58889,3.06667,15.33333,4.55556,15.33333,3.44444,2.8,9.33333,6.5963,59.13333,C14.i_8
110143.55556,26969.06667,43580.57778,5434.04444,397831.6,1590.22222,103.93333,59.77778,4898.06667,686027.22222,251.75556,908.35556,812.0,1353.44444,1.0,532.4,2148.8,578.18889,7835.95556,C14.a_9,1249.98889,161.54444,344.53333,50.57778,3453.3,126.71111,1.2,8.45185,65.33333,6579.7,3.4,14.0,6.88889,23.11111,1.0,9.87407,9.44444,3.2037,72.35556,C14.i_9
18294.1,11744.21111,22722.42222,12980.92222,183863.15556,1449.35556,55.77778,45.18889,6796.17778,1143967.8,758.43333,397.36667,3675.22222,1286.33333,9.63704,881.44444,2283.66667,290.36667,5502.86667,C15.a_0,1231.66667,1083.44444,216.9,305.94444,4667.77778,164.55556,1.22222,6.07778,194.61111,25468.78889,12.45556,8.88889,41.88889,37.11111,1.0,12.45926,14.75556,1.42222,51.37778,C15.i_0
18436.43333,10585.43333,21933.08889,12572.03333,178357.93333,1391.91111,65.22222,46.41111,6623.62222,1117291.57778,716.98889,393.14444,3646.88889,1303.66667,3.86667,848.55556,2093.44444,262.58889,5519.97778,C15.a_1,1166.88889,920.77778,207.23333,246.83333,4434.22222,131.55556,1.33333,10.47407,178.16667,23148.9,10.78889,8.33333,32.88889,38.77778,2.43704,12.87407,10.11111,2.31852,57.48889,C15.i_1
20218.98889,12330.43333,21288.08889,11247.81111,153915.15556,1270.24444,64.55556,39.41111,6870.17778,1091857.46667,757.43333,378.81111,3555.55556,1297.33333,11.72593,895.77778,2227.11111,287.36667,5270.64444,C15.a_2,1158.55556,1141.11111,179.67778,241.61111,4669.0,240.22222,1.0,8.25185,185.05556,21749.78889,11.45556,7.66667,38.22222,27.55556,1.0,8.12593,23.46667,2.31852,42.04444,C15.i_2
16408.76667,11706.65556,19361.31111,12160.7,162914.6,1023.68889,60.11111,45.3,6650.06667,1058808.8,756.32222,381.47778,3902.88889,1148.22222,2.97778,830.11111,1946.55556,268.92222,4718.64444,C15.a_3,1170.88889,1016.66667,184.01111,225.37037,4901.44444,187.22222,1.0,8.09259,169.83333,21266.01111,10.67778,10.0,32.77778,28.44444,1.71852,11.87407,20.4,2.37037,40.15556,C15.i_3
19964.32222,11727.76667,21594.86667,11428.7,159332.82222,1675.35556,61.66667,52.3,6952.73333,1035102.8,736.87778,386.47778,3549.55556,1339.33333,6.07407,780.88889,2289.55556,245.7,5584.53333,C15.a_4,983.44444,904.55556,173.45556,182.16667,3512.22222,472.44444,1.11111,3.06296,164.83333,20467.01111,8.78889,7.88889,22.88889,29.22222,1.71852,14.51111,15.93333,2.22963,36.82222,C15.i_4
16639.43333,10287.65556,20197.31111,12240.92222,168339.71111,1245.68889,61.0,45.34074,5798.06667,1018086.02222,648.65556,354.7,3273.66667,1190.44444,4.52593,680.11111,1872.44444,217.36667,4720.86667,C15.a_5,1093.0,902.66667,158.45556,228.61111,4325.77778,207.44444,1.11111,5.12593,153.94444,19867.56667,7.56667,9.44444,28.0,25.11111,1.71852,11.95556,17.64444,3.8963,39.04444,C15.i_5
18292.54444,12295.21111,19652.64444,10691.7,144718.48889,1241.68889,60.66667,42.96667,6907.95556,999349.91111,743.1,383.25556,3591.77778,1222.66667,6.42222,816.0,2049.88889,256.7,4914.75556,C15.a_6,1114.33333,866.33333,157.67778,197.83333,5061.33333,191.22222,1.11111,2.9037,145.16667,19231.45556,8.45556,9.22222,22.22222,28.44444,1.71852,13.20741,7.28889,1.42222,44.15556,C15.i_6
15879.65556,12579.1,18557.31111,12021.25556,151054.26667,1079.24444,59.0,37.27037,6484.4,964712.57778,696.98889,377.14444,3382.11111,1094.66667,7.85185,732.44444,2026.0,272.36667,4447.97778,C15.a_7,1270.66667,960.11111,161.56667,190.05556,7505.66667,109.0,1.0,4.01481,149.5,18779.34444,10.9,13.22222,35.11111,21.44444,1.0,14.4,7.28889,5.06667,31.93333,C15.i_7
17405.21111,12933.87778,19969.53333,11172.47778,142994.82222,988.8,65.11111,72.22963,6606.28889,933906.68889,761.65556,364.92222,3755.0,1065.22222,7.85185,821.11111,2125.0,300.7,4588.42222,C15.a_8,1193.22222,1097.44444,192.01111,202.83333,6477.22222,102.88889,1.11111,5.23704,166.61111,18511.23333,12.34444,11.0,32.66667,18.44444,1.71852,10.68148,9.93333,4.2,30.6,C15.i_8
18140.87778,11088.43333,19663.42222,10322.03333,140313.93333,1202.46667,67.66667,54.67407,5810.62222,911705.46667,666.43333,351.81111,3178.22222,1136.44444,8.85926,743.33333,1823.0,240.03333,4542.31111,C15.a_9,1161.55556,977.33333,152.78889,184.83333,5521.33333,221.88889,1.0,1.95185,151.16667,18017.45556,9.45556,8.11111,30.11111,18.55556,1.0,11.73333,13.93333,3.67407,30.37778,C15.i_9
31654.21111,7828.4,26495.54444,8027.97778,193212.68889,1941.77778,99.88889,65.14444,4867.28889,993615.84444,898.88889,380.91111,3706.33333,973.66667,11.66667,623.55556,2427.33333,442.2,8272.31111,C16.a_0,1469.65556,2661.0,282.13333,666.51111,7138.07778,333.93333,1.18889,1.94815,315.55556,33887.83333,33.11111,14.66667,103.22222,9.6,1.0,4.0,2.88889,4.74444,19.6,C16.i_0
30471.54444,8737.28889,22096.1,7645.08889,180122.13333,2184.33333,81.55556,40.14074,5269.95556,964161.28889,919.55556,388.8,3952.55556,972.22222,7.55556,593.22222,1904.0,367.53333,8054.2,C16.a_1,1391.43333,2396.11111,230.91111,627.73333,7124.74444,183.57778,1.0,8.12593,313.77778,32412.83333,35.0,15.11111,106.44444,7.4963,1.0,8.88889,6.44444,7.52963,17.48889,C16.i_1
33403.65556,8285.17778,23794.54444,7640.31111,199437.68889,1859.44444,79.77778,55.92222,4855.73333,938484.95556,807.33333,363.91111,3390.66667,948.22222,9.11111,602.88889,2143.88889,407.53333,8072.64444,C16.a_2,1294.76667,2580.0,237.02222,601.95556,6526.3,239.13333,1.0,1.94815,326.22222,30870.27778,32.22222,7.44444,93.66667,12.15556,1.0,7.77778,13.44444,7.41111,28.82222,C16.i_2
26469.1,6984.84444,25042.65556,8464.53333,165363.02222,2424.88889,76.44444,42.03333,4661.06667,924054.95556,951.77778,372.46667,3840.22222,939.88889,4.22222,717.77778,1957.55556,321.31111,6574.53333,C16.a_3,1314.1,2531.44444,218.35556,467.62222,6345.41111,126.73333,1.0,4.00741,273.44444,29853.94444,27.33333,17.44444,90.44444,6.6,1.0,7.0,4.66667,3.97778,23.15556,C16.i_3
28023.32222,7804.4,23467.98889,7128.53333,170371.35556,2430.88889,81.33333,48.36296,4563.51111,902596.73333,837.66667,368.91111,3685.0,959.44444,10.0,796.33333,2076.66667,353.64444,7930.08889,C16.a_4,1218.76667,2500.22222,231.02222,534.73333,6298.74444,191.8,1.07778,5.11852,275.44444,28880.16667,30.0,11.33333,91.44444,8.37778,1.0,7.55556,7.55556,6.53333,26.15556,C16.i_4
30900.1,6832.95556,23007.65556,7536.75556,188009.8,1715.44444,86.0,34.91481,4514.62222,877919.17778,788.33333,355.24444,3392.66667,961.11111,7.44444,937.44444,1905.22222,388.86667,8613.2,C16.a_5,1222.54444,2209.0,243.13333,514.4,5647.85556,142.57778,1.0,5.11852,269.22222,27690.72222,27.11111,15.44444,78.66667,9.82222,1.0,8.88889,10.44444,5.63333,21.71111,C16.i_5
28943.54444,7381.17778,25333.43333,7780.08889,177760.57778,1966.22222,81.77778,59.25556,4271.17778,858122.17778,702.33333,312.57778,3192.33333,783.33333,10.88889,1077.55556,1850.77778,387.08889,4043.53333,C16.a_6,1243.87778,2315.0,241.13333,570.84444,5810.07778,161.37778,1.0,4.00741,278.55556,26843.61111,28.33333,13.44444,77.33333,8.37778,1.0,10.44444,8.44444,6.63704,22.04444,C16.i_6
30151.21111,7469.73333,20219.1,6198.31111,176196.02222,2069.22222,75.33333,41.36296,4022.4,836899.4,675.0,309.57778,2786.33333,873.77778,10.11111,803.33333,1861.66667,361.97778,8017.53333,C16.a_7,1194.43333,2234.33333,239.24444,565.95556,5706.18889,115.91111,1.23333,4.95556,270.88889,26233.05556,25.22222,12.66667,77.66667,7.71852,1.0,8.11111,11.44444,7.74444,20.71111,C16.i_7
26382.76667,9016.95556,18906.54444,6208.64444,148216.57778,1744.33333,72.11111,31.36667,5092.84444,811924.73333,725.11111,335.13333,2956.88889,935.88889,7.55556,551.11111,1745.66667,359.08889,12445.97778,C16.a_8,1152.32222,2183.55556,218.13333,465.4,5522.52222,259.68889,1.07778,4.00741,273.0,25538.83333,26.77778,12.55556,71.33333,7.93333,3.44444,9.88889,8.66667,7.74815,25.26667,C16.i_8
21164.43333,6787.4,18048.76667,5805.64444,133598.8,1473.0,72.0,48.81111,4568.51111,780527.28889,745.55556,299.68889,3135.22222,780.88889,8.33333,459.66667,1726.88889,334.75556,7752.2,C16.a_9,1176.76667,2077.44444,248.46667,491.06667,5419.3,249.46667,1.0,4.00741,269.44444,24644.27778,23.66667,11.55556,63.0,10.26667,1.77778,8.44444,8.55556,6.86296,28.48889,C16.i_9
79506.46667,14480.22222,14764.91111,4781.8,228700.93333,623.24444,40.44444,39.97778,4647.83333,782366.7,537.77778,371.88889,1680.33333,1311.55556,5.11111,864.46667,1681.22222,425.1,5723.51111,C17.a_0,2614.25556,254.22222,549.34444,69.92593,12848.65556,141.17407,1.0,6.55556,78.02222,30545.81111,5.91111,24.82222,25.55556,16.66667,1.0,27.4,44.77778,3.15556,91.64444,C17.i_0
75568.68889,13547.77778,14069.02222,4270.57778,219251.48889,715.68889,42.0,36.42222,4357.05556,729050.25556,455.66667,376.77778,1827.77778,1221.0,5.88889,843.02222,1672.22222,325.54444,5562.06667,C17.a_1,2606.7,401.77778,339.34444,79.85185,11701.1,403.03333,1.33333,6.55556,64.8,29350.92222,4.62222,17.37778,17.0,17.66667,1.0,15.65185,37.0,3.54074,57.2,C17.i_1
74676.46667,13591.66667,13411.46667,3947.68889,207753.6,783.57778,43.33333,20.37037,4421.38889,700897.81111,502.22222,387.22222,2055.11111,1198.0,8.33333,777.8,1503.66667,338.76667,5313.06667,C17.a_2,2425.14444,219.88889,311.67778,90.7037,11509.1,584.03333,3.44444,2.11111,63.02222,28561.25556,3.28889,17.71111,15.44444,13.33333,1.77778,21.87407,20.22222,5.47407,64.53333,C17.i_2
70575.8,12528.33333,13375.24444,4218.91111,198619.15556,725.8,43.22222,19.32593,4149.83333,669295.36667,432.22222,373.33333,1456.22222,1146.0,4.22222,807.24444,1797.11111,329.87778,5074.73333,C17.a_3,2342.03333,217.88889,291.12222,110.74074,11033.65556,212.54815,2.55556,5.44444,67.02222,27877.25556,5.02222,17.04444,20.88889,12.88889,1.0,16.31852,15.33333,4.31852,60.53333,C17.i_3
68603.13333,11395.55556,11620.91111,3896.13333,186840.82222,623.24444,33.33333,29.88148,4198.38889,634346.36667,403.0,363.77778,1523.22222,1130.0,6.77778,686.35556,1541.55556,281.98889,5047.28889,C17.a_4,2488.92222,220.88889,330.01111,82.51852,11275.43333,300.36667,1.33333,4.33333,64.68889,27235.03333,5.35556,19.48889,25.33333,11.77778,1.0,17.31852,36.88889,2.54074,73.31111,C17.i_4
65445.91111,12360.55556,12370.8,3697.46667,180719.71111,664.46667,41.77778,36.53333,3890.38889,599832.36667,376.33333,355.77778,1456.0,1053.88889,4.22222,757.57778,1347.33333,323.87778,4862.17778,C17.a_5,2495.7,211.88889,300.78889,85.18519,11301.21111,507.92222,1.0,1.0,55.8,26651.14444,3.62222,15.86667,19.11111,13.77778,1.0,15.4,28.11111,5.08148,60.75556,C17.i_5
60880.24444,13988.66667,12991.8,3547.8,177056.93333,754.68889,42.77778,27.2,3928.83333,579692.25556,347.11111,373.22222,1272.66667,1060.44444,3.44444,717.24444,1465.11111,271.32222,4457.4,C17.a_6,2394.03333,230.0,316.9,72.48148,10878.87778,204.32593,1.11111,6.55556,58.91111,26335.14444,6.35556,24.2,21.44444,13.33333,1.0,27.0963,19.11111,5.80741,72.08889,C17.i_6
60475.13333,13019.88889,12183.46667,3723.24444,176706.15556,575.91111,36.0,28.65926,3849.05556,571298.03333,359.77778,346.44444,1479.11111,1021.55556,3.44444,689.68889,1670.33333,316.32222,4596.95556,C17.a_7,2386.36667,303.77778,363.9,84.66667,10777.76667,388.81111,1.44444,1.0,70.24444,25719.47778,6.04444,17.26667,16.55556,11.66667,1.0,18.68148,32.77778,9.37037,77.08889,C17.i_7
59707.24444,12408.66667,12936.91111,3408.24444,171989.93333,649.8,40.44444,26.21481,3423.61111,552711.03333,393.44444,375.22222,1182.22222,1008.55556,1.0,744.68889,1366.11111,289.65556,4614.84444,C17.a_8,2339.25556,191.77778,230.01111,74.11111,10681.32222,194.1037,1.0,5.44444,49.13333,25161.92222,4.8,12.31111,15.55556,11.11111,1.0,14.51111,11.33333,4.97778,42.97778,C17.i_8
57028.24444,10471.22222,11839.68889,3294.8,160149.04444,621.13333,40.11111,35.24444,3200.16667,529678.58889,355.44444,346.22222,1021.33333,985.0,6.0,705.13333,1439.44444,252.32222,4277.4,C17.a_9,2276.03333,353.11111,329.01111,105.33333,9922.54444,335.88148,1.22222,1.0,72.57778,24940.81111,6.13333,14.75556,14.77778,11.0,1.0,21.73333,35.88889,5.41481,70.42222,C17.i_9
32014.41111,28122.88889,37499.05556,7008.13333,162490.05556,2587.27778,108.88889,88.15556,11770.78889,1304624.73333,1479.08889,360.68889,7987.11111,1508.77778,9.66667,983.46667,2151.28889,595.26667,4442.68889,C18.a_0,1011.68889,3582.57778,197.28889,694.13333,4492.43333,10.08889,1.0,4.33333,219.48889,19623.73333,32.44444,7.83333,92.44444,4.65926,1.0,7.33333,4.75556,3.85926,15.4,C18.i_0
34010.41111,30574.0,40008.83333,7233.02222,165788.16667,2737.5,103.77778,99.6,10947.9,1210826.06667,1279.64444,383.57778,7388.11111,1513.88889,9.66667,945.46667,2143.4,639.15556,4358.02222,C18.a_1,1057.24444,3660.24444,191.17778,885.02222,4634.43333,144.13333,1.1037,7.66667,237.71111,18908.73333,35.33333,6.38889,104.77778,5.99259,1.0,9.66667,6.75556,2.47778,12.62222,C18.i_1
34653.3,26488.11111,36177.27778,7067.68889,153215.72222,2548.38889,102.11111,82.15556,11064.01111,1173836.06667,1234.75556,362.68889,6668.0,1447.44444,4.73333,838.91111,1922.28889,632.71111,4101.02222,C18.a_2,998.46667,3551.8,180.84444,735.46667,4480.87778,14.2,1.1037,8.77778,228.71111,18409.28889,38.55556,4.28889,104.0,9.08889,1.0,5.0,17.13333,3.90741,11.06667,C18.i_2
31806.07778,24681.44444,33287.61111,7251.35556,142500.27778,2071.38889,95.88889,74.15556,10807.9,1119944.06667,1107.42222,310.13333,6034.22222,1335.11111,6.51111,795.24444,1830.4,551.48889,3968.57778,C18.a_3,1049.68889,3317.24444,186.06667,691.46667,4119.76667,38.0,1.0,6.55556,216.37778,17768.51111,29.33333,5.23333,102.77778,5.75556,1.0,9.22222,5.37778,2.3037,11.73333,C18.i_3
33121.52222,24171.33333,32770.27778,6382.91111,150423.61111,2081.72222,93.88889,79.93333,10043.56667,1076257.62222,978.75556,288.24444,5152.11111,1366.77778,4.84444,733.68889,1810.28889,630.26667,4064.91111,C18.a_4,924.46667,3124.02222,178.06667,640.02222,4015.87778,105.51111,1.0,2.11111,217.37778,17395.17778,29.22222,7.6,96.88889,4.64444,1.0,9.66667,2.68889,7.22593,10.76296,C18.i_4
29534.96667,23605.33333,30887.94444,6848.35556,133700.38889,1855.5,93.55556,55.26667,9906.45556,1039833.06667,1058.42222,271.02222,5283.0,1300.66667,8.66667,729.24444,1883.84444,415.04444,3745.46667,C18.a_5,901.46667,3049.02222,215.51111,624.35556,3827.32222,74.73333,1.1037,7.66667,187.48889,16995.84444,24.55556,4.6,95.66667,7.97778,1.0,6.55556,2.68889,3.41481,15.17778,C18.i_5
28462.52222,22474.11111,32610.61111,6274.68889,129697.72222,2328.5,96.55556,72.93333,9683.34444,1004254.17778,1076.2,316.57778,6026.22222,1322.66667,9.55556,862.91111,2023.4,554.15556,3898.24444,C18.a_6,862.46667,2909.46667,192.17778,578.13333,3683.65556,4.73333,1.1037,5.44444,210.6,16733.06667,25.44444,4.16667,91.55556,7.00741,1.0,7.44444,8.75556,4.4,13.84444,C18.i_6
27688.63333,20340.33333,30802.72222,6171.35556,122580.5,1684.94444,87.88889,68.37778,9361.9,964141.28889,993.53333,308.24444,4947.33333,1299.22222,7.88889,749.8,1849.17778,498.48889,3597.46667,C18.a_7,925.24444,2894.24444,195.4,503.35556,3770.98889,76.35556,1.20741,4.33333,201.04444,16207.84444,25.0,2.57778,90.88889,9.64444,1.0,6.33333,10.64444,6.33704,14.28889,C18.i_7
25768.3,19691.11111,30440.94444,5172.02222,117191.94444,1625.16667,79.88889,73.01481,9401.67778,936347.06667,990.08889,281.35556,5002.88889,1228.44444,6.51111,760.91111,1737.06667,501.6,3581.68889,C18.a_8,843.91111,2521.35556,186.28889,559.91111,3368.32222,189.84444,1.42963,12.22222,204.37778,15635.51111,25.11111,3.64444,97.22222,9.86667,1.0,9.0,11.75556,6.78148,16.17778,C18.i_8
25421.63333,19624.77778,31654.94444,5990.57778,117602.94444,1993.38889,91.0,95.04444,8500.78889,896934.28889,965.31111,319.57778,4761.55556,1198.0,7.11111,680.46667,1886.62222,450.93333,3366.57778,C18.a_9,794.35556,2354.24444,171.51111,518.68889,2980.98889,112.48889,1.1037,3.22222,154.6,15020.51111,23.44444,3.97778,66.66667,8.64444,1.0,7.66667,10.13333,8.67037,16.4,C18.i_9
26745.25556,7712.77778,22630.54444,5589.07778,61073.31111,1535.46667,38.0,26.45926,2279.2,303253.88889,110.45556,281.48889,326.55556,699.66667,2.66667,591.44444,2471.33333,446.96667,29678.75556,C19.a_0,2144.41111,2085.16667,2054.21111,836.15556,4861.21111,109.11111,2.13333,1.0,576.72222,21390.62222,29.04444,11.11111,121.77778,55.77778,1.77778,4.33333,30.0,3.51852,283.88889,C19.i_0
27187.7,7760.77778,24631.32222,5870.63333,61036.53333,1105.91111,54.33333,35.87407,2360.31111,295730.22222,101.45556,306.37778,345.55556,686.88889,1.0,593.66667,2214.33333,605.3,29309.2,C19.a_1,2097.74444,2068.16667,2163.1,934.15556,5116.21111,232.0,1.8,3.27778,575.5,20649.28889,29.37778,10.22222,119.44444,50.11111,3.44444,7.11111,24.44444,7.56296,295.0,C19.i_1
26278.47778,7395.77778,22864.1,5521.96667,57699.86667,1395.91111,39.55556,28.6,2156.75556,284602.11111,114.78889,273.26667,325.77778,662.33333,1.77778,524.0,2163.0,529.41111,26549.2,C19.a_2,2148.07778,2004.27778,2095.98889,913.71111,4871.98889,269.33333,1.97778,4.03704,534.83333,19944.95556,26.48889,15.55556,104.44444,47.0,1.77778,7.66667,12.33333,9.21481,295.0,C19.i_2
24661.03333,9524.33333,29829.54444,6480.3,67684.64444,711.35556,50.88889,21.68148,2568.2,275460.55556,73.34444,457.93333,289.55556,713.77778,1.0,690.0,2041.11111,104.07778,38306.42222,C19.a_3,2080.85556,1966.83333,1990.1,795.04444,4843.54444,269.0,2.02222,8.12963,540.83333,19282.28889,32.15556,14.11111,123.44444,45.77778,1.0,7.88889,6.55556,51.00741,275.11111,C19.i_3
23705.14444,8964.44444,26754.76667,6390.18889,60136.53333,1124.57778,50.0,25.42963,2488.86667,269611.22222,81.23333,425.26667,284.0,772.66667,1.0,664.88889,1934.88889,110.41111,38702.75556,C19.a_4,1931.07778,1804.38889,1902.87778,712.37778,4499.87778,626.66667,2.08889,6.25926,513.83333,18793.51111,26.15556,15.88889,94.77778,37.66667,1.77778,7.11111,18.33333,40.8963,264.0,C19.i_4
23804.25556,9715.88889,28877.54444,7359.41111,72439.42222,660.46667,60.0,28.87407,2475.53333,264242.77778,72.34444,459.04444,280.55556,788.77778,1.0,594.66667,2007.22222,145.3,32993.97778,C19.a_5,1938.52222,1896.16667,2017.32222,751.04444,4439.98889,219.77778,1.77778,5.61111,525.94444,18341.84444,24.37778,16.55556,94.0,39.88889,2.66667,5.55556,15.22222,10.74074,256.88889,C19.i_5
23432.92222,9372.44444,28623.43333,7390.63333,57755.75556,910.91111,53.0,20.76296,2598.86667,258115.33333,77.45556,475.6,273.66667,714.55556,1.77778,582.22222,1867.44444,217.74444,37720.2,C19.a_6,1981.96667,1821.27778,1850.98889,707.26667,4511.21111,593.88889,2.15556,4.74074,486.38889,18015.95556,28.48889,16.77778,100.33333,37.44444,1.77778,6.44444,9.44444,25.42222,193.55556,C19.i_6
23568.58889,9998.11111,33671.21111,7646.07778,70151.53333,845.13333,58.66667,28.48889,2637.42222,254222.33333,58.34444,517.48889,235.88889,783.11111,1.0,688.44444,2468.33333,131.85556,41673.42222,C19.a_7,1889.41111,1826.38889,1955.76667,836.26667,4530.98889,332.88889,2.4,2.87037,518.72222,17679.51111,27.04444,17.11111,102.88889,38.44444,1.0,6.55556,28.0,34.34074,291.0,C19.i_7
22103.81111,9911.44444,28751.65556,7190.85556,64369.31111,797.8,53.0,29.9037,2645.42222,249622.33333,61.01111,533.93333,240.33333,692.77778,1.77778,661.33333,2040.88889,90.63333,44848.31111,C19.a_8,1873.3,1882.27778,1911.65556,874.82222,4539.43333,421.11111,1.17778,3.27778,527.05556,17269.62222,24.6,12.77778,92.44444,41.0,1.0,7.11111,23.11111,62.1037,306.22222,C19.i_8
22756.14444,8981.33333,26109.1,6511.3,56903.42222,797.68889,53.0,27.37778,2414.53333,245030.88889,76.23333,453.04444,283.33333,717.88889,1.77778,503.33333,2011.22222,260.85556,37773.86667,C19.a_9,1862.3,1880.16667,1908.54444,857.04444,4513.65556,275.22222,1.62222,5.5,466.94444,16991.17778,24.15556,12.33333,107.66667,47.55556,1.77778,7.11111,23.22222,32.8963,226.77778,C19.i_9
16556.36667,8100.22222,14784.33333,10778.97778,62406.64444,1263.33333,36.24444,46.13333,4311.95556,508303.4,35.77778,3710.77778,1688.55556,1424.22222,3.32593,1651.06667,3437.11111,201.86667,18637.71111,C2.a_0,621.63333,303.77778,348.42222,232.07778,2108.12222,61.88889,1.33333,13.22222,71.42222,4419.16667,3.33333,54.13333,84.33333,16.13333,1.0,26.11111,62.33333,16.2963,65.64444,C2.i_0
13668.92222,7897.33333,15218.88889,10424.75556,54712.97778,1777.11111,38.91111,44.02222,3968.28889,457765.06667,31.22222,3457.22222,1596.88889,1288.0,13.97778,1495.62222,3579.88889,164.42222,17549.82222,C2.a_1,610.74444,365.55556,343.2,182.96667,2183.67778,121.22222,1.11111,22.66667,80.53333,4146.61111,3.77778,53.68889,102.66667,10.46667,1.0,23.0,49.66667,15.96296,62.2,C2.i_1
12223.81111,7616.22222,16187.22222,11412.64444,49055.86667,1590.22222,35.24444,19.8963,3292.84444,399983.84444,26.55556,2652.55556,1573.22222,1130.44444,3.32593,1316.17778,3091.11111,143.75556,16241.82222,C2.a_2,553.96667,344.22222,331.86667,146.19259,1821.67778,59.88889,1.11111,7.66667,60.86667,3989.05556,2.88889,57.68889,78.0,10.02222,1.77778,17.55556,63.33333,17.07407,58.97778,C2.i_2
12905.58889,7808.77778,14229.11111,11150.08889,46349.08889,1943.88889,39.13333,32.24444,2974.17778,380504.17778,34.55556,2525.55556,1568.0,1053.44444,1.71852,1367.95556,2926.77778,176.2,15086.6,C2.a_3,583.3,288.55556,305.31111,146.96667,1953.01111,64.0,1.22222,21.33333,57.53333,3868.61111,2.44444,48.46667,65.0,13.57778,1.77778,20.66667,56.33333,11.31481,54.86667,C2.i_3
13027.81111,8697.44444,14338.77778,10362.97778,48710.31111,1592.33333,48.46667,45.13333,2838.17778,366271.51111,32.33333,2483.11111,1542.55556,1208.33333,3.32593,1319.17778,3342.44444,163.75556,14742.6,C2.a_4,524.63333,237.11111,354.75556,188.07778,1652.12222,43.44444,1.11111,13.55556,49.42222,3773.94444,1.88889,31.8,27.33333,10.13333,1.0,14.33333,128.66667,7.33333,46.53333,C2.i_4
11532.81111,7341.33333,12939.66667,9925.31111,46505.64444,1148.33333,48.57778,40.78519,2709.51111,354568.4,22.44444,2461.0,1260.44444,1099.77778,3.15556,1230.84444,2993.22222,149.2,15212.6,C2.a_5,550.74444,319.0,317.53333,208.96667,1808.23333,216.0,1.33333,5.44444,66.75556,3700.83333,2.55556,53.02222,58.11111,18.68889,1.77778,14.33333,42.55556,10.53704,60.42222,C2.i_5
11166.7,9322.66667,15200.22222,12381.31111,48335.97778,1249.0,60.91111,42.8,2541.06667,339960.4,32.22222,2279.22222,1375.88889,1329.77778,1.71852,1398.4,3899.11111,200.75556,13411.93333,C2.a_6,548.07778,282.44444,333.64444,92.19259,1760.56667,31.11111,1.11111,8.77778,57.75556,3638.16667,2.11111,52.91111,51.44444,22.02222,1.0,17.22222,67.44444,14.51852,47.42222,C2.i_6
10623.36667,7513.22222,13538.66667,10811.08889,44092.53333,1170.88889,47.68889,36.11852,2671.06667,325800.28889,28.66667,2047.88889,1254.55556,1322.11111,5.82222,1148.06667,3286.55556,191.64444,13053.82222,C2.a_7,607.52222,273.44444,357.42222,138.52593,1919.56667,82.55556,1.0,3.22222,65.31111,3564.27778,4.11111,49.46667,73.22222,12.8,1.0,12.66667,61.55556,8.64815,50.08889,C2.i_7
10358.92222,7704.55556,13173.22222,10836.97778,42801.86667,961.44444,55.24444,25.67407,2615.17778,319319.62222,25.88889,2116.44444,1304.44444,1214.77778,5.65185,1182.28889,3066.66667,174.08889,13061.48889,C2.a_8,607.3,384.55556,350.42222,172.08148,1960.9,78.11111,1.0,8.88889,78.2,3485.72222,3.22222,57.46667,92.44444,12.13333,1.77778,19.44444,26.11111,16.96296,61.75556,C2.i_8
10399.92222,8252.44444,12935.44444,11386.2,42773.75556,988.0,40.91111,26.78519,2485.28889,314285.17778,29.11111,2036.88889,1377.0,1266.88889,2.60741,1205.06667,3448.0,210.31111,12165.37778,C2.a_9,524.18889,329.0,369.31111,147.07778,1834.45556,29.0,1.11111,5.44444,70.08889,3402.16667,3.77778,45.91111,63.22222,10.57778,2.55556,12.22222,82.22222,14.96296,38.42222,C2.i_9
50363.07778,27588.46667,20254.82222,8934.05556,220960.63333,889.33333,48.55556,32.83704,12897.53333,1139342.6,1297.55556,306.57778,5379.33333,1295.0,12.66667,721.88889,1316.55556,2536.27778,4830.68889,C20.a_0,1583.2,95.88889,119.45556,37.77407,7131.5,481.57778,1.0,4.17037,51.36667,18743.67778,1.85185,6.33333,7.22222,10.11111,1.0,6.13333,5.44444,1.0,15.0,C20.i_0
48730.41111,25601.68889,20723.04444,8422.16667,207252.74444,965.33333,53.11111,41.78889,12870.53333,1104134.37778,1400.44444,299.24444,5515.77778,1184.88889,10.0,764.22222,1103.66667,2744.83333,4645.24444,C20.a_1,1590.31111,135.11111,101.12222,62.2037,7045.38889,610.91111,1.0,2.02963,45.47778,17850.23333,1.63704,7.22222,7.22222,12.66667,1.77778,7.42222,7.55556,1.0,11.22222,C20.i_1
48660.74444,26863.91111,19354.93333,8569.38889,205577.63333,667.55556,47.33333,29.55185,12385.64444,1074380.04444,1276.44444,284.91111,4900.55556,1212.33333,9.22222,729.88889,1184.88889,2674.72222,4399.24444,C20.a_2,1447.86667,158.33333,112.9,73.28148,6939.38889,348.02222,1.22222,6.22963,41.14444,17177.56667,2.71111,7.11111,4.88889,9.11111,1.0,6.37037,2.77778,1.14815,14.33333,C20.i_2
48108.85556,23024.91111,20004.93333,8093.94444,202082.18889,879.11111,57.77778,34.05926,10889.53333,1023089.37778,1167.11111,313.02222,4581.11111,1252.44444,4.22222,726.66667,1351.33333,2776.61111,4546.68889,C20.a_3,1506.31111,129.11111,104.67778,68.05926,6463.83333,368.68889,1.0,2.02963,47.81111,16505.23333,1.96296,5.88889,4.0,13.55556,1.77778,7.91111,3.77778,1.0,11.44444,C20.i_3
45853.74444,22029.91111,19508.48889,8463.61111,200717.96667,1156.66667,55.11111,35.32963,10440.75556,967930.48889,993.33333,319.68889,4371.22222,1317.11111,3.44444,655.55556,1330.44444,2766.05556,4465.57778,C20.a_4,1430.31111,146.33333,127.78889,56.48889,6406.83333,288.57778,1.11111,11.81481,43.36667,15690.78889,2.39259,4.44444,5.33333,10.0,1.0,8.65926,3.77778,1.0,16.33333,C20.i_4
44009.3,19989.13333,21120.04444,8303.16667,185849.85556,959.22222,52.33333,39.72593,10069.08889,936937.48889,975.11111,315.68889,4096.22222,1243.22222,8.44444,701.77778,1520.66667,2663.94444,4575.91111,C20.a_5,1422.2,118.11111,108.12222,71.32963,5675.72222,358.24444,1.0,6.31111,48.25556,14571.78889,1.54074,4.88889,6.22222,12.77778,1.0,12.00741,1.88889,1.0,14.33333,C20.i_5
45512.52222,21748.8,19621.6,7706.27778,175740.07778,827.66667,49.66667,47.67778,10437.53333,894756.82222,1011.44444,273.8,4232.11111,1102.0,5.0,597.33333,1379.0,2447.27778,4464.91111,C20.a_6,1309.31111,139.22222,113.12222,31.31481,5459.72222,284.35556,1.0,3.05926,49.7,13952.34444,2.07407,3.66667,9.66667,13.55556,1.0,3.60741,6.55556,1.0,12.66667,C20.i_6
42666.96667,20059.57778,18915.6,7329.05556,170700.18889,883.11111,48.0,42.01111,9821.64444,849324.26667,898.11111,308.8,4007.22222,1082.44444,11.66667,638.88889,1490.77778,2549.16667,4408.24444,C20.a_7,1346.42222,135.22222,127.9,76.44074,5411.83333,286.46667,1.0,2.02963,53.81111,13468.78889,1.84444,5.22222,8.77778,13.66667,1.77778,9.1037,3.77778,1.0,15.66667,C20.i_7
38709.96667,19096.35556,19984.6,7280.05556,160041.85556,846.33333,57.22222,51.23333,8815.2,801256.15556,842.77778,279.35556,3301.55556,1064.0,5.88889,594.66667,1472.11111,2749.72222,4190.02222,C20.a_8,1282.64444,133.0,128.78889,59.87037,5065.5,269.91111,1.11111,2.02963,61.36667,13085.45556,1.96296,10.0,12.77778,14.88889,1.77778,3.60741,5.55556,1.0,18.33333,C20.i_8
37062.18889,17603.02222,20338.26667,7595.27778,154919.18889,1029.11111,54.44444,46.45556,8199.08889,754689.93333,790.22222,311.8,3238.0,1131.0,5.0,652.44444,1529.55556,2923.05556,4118.02222,C20.a_9,1253.97778,156.33333,140.23333,78.39259,4875.94444,311.13333,1.11111,2.02963,68.25556,12549.9,2.2963,7.44444,10.44444,14.66667,1.0,7.25926,9.44444,1.0,19.0,C20.i_9
29765.83333,17088.66667,17522.64444,9697.97778,173634.7,983.77778,54.37778,30.63704,7913.21111,741949.17778,483.22222,250.8,2301.55556,1349.0,3.33333,444.44444,2582.21111,2518.74444,3185.28889,C21.a_0,1022.08889,404.88889,320.62222,111.35556,3452.94444,211.34444,1.11111,3.85556,103.25556,18251.84444,6.66667,8.91111,18.44444,16.75556,5.76296,7.74074,9.77778,2.97778,38.24444,C21.i_0
29565.27778,9618.22222,15455.42222,6576.53333,138896.14444,965.44444,47.71111,46.42222,5786.76667,587353.73333,387.44444,316.24444,1592.0,1138.88889,3.44444,376.55556,1939.87778,1188.07778,3588.06667,C21.a_1,981.31111,312.88889,289.84444,116.95556,3288.61111,211.61481,1.22222,8.14074,92.25556,16764.84444,4.33333,7.93333,18.22222,14.75556,2.54815,6.98519,14.28889,2.57778,35.13333,C21.i_1
24043.05556,11672.22222,15363.75556,8802.2,129894.47778,879.11111,51.48889,77.14074,5706.32222,525655.06667,336.22222,264.57778,1580.44444,1356.55556,7.55556,341.88889,2288.76667,1802.96667,2857.06667,C21.a_2,918.97778,204.88889,277.73333,114.51111,2894.38889,402.34444,1.11111,6.07778,83.81111,14978.62222,3.22222,10.62222,9.44444,13.31111,1.0,7.93333,19.28889,1.6,78.46667,C21.i_2
22571.05556,9242.33333,15013.2,9505.2,116682.92222,803.33333,53.37778,46.6963,4584.76667,484499.4,284.33333,273.02222,1396.33333,1259.88889,1.0,363.22222,2477.54444,1522.52222,2820.73333,C21.a_3,896.31111,220.11111,294.84444,109.4,2730.5,194.67778,1.11111,1.95185,85.03333,14206.62222,3.55556,12.93333,14.0,14.53333,1.0,6.74074,29.57778,3.06667,86.02222,C21.i_3
19682.05556,9701.11111,13535.53333,9090.64444,99943.36667,786.88889,43.37778,36.36296,4948.54444,434238.4,282.11111,265.13333,1290.77778,1077.33333,1.0,281.22222,2454.76667,1716.52222,2368.62222,C21.a_4,862.42222,193.66667,248.51111,75.84444,2744.05556,326.23333,1.33333,6.07778,85.03333,13812.4,3.77778,10.17778,10.77778,11.64444,1.0,6.04444,24.17778,2.73333,118.02222,C21.i_4
16023.72222,9246.55556,13365.86667,8960.42222,93365.7,913.88889,38.04444,31.31111,4724.87778,398744.62222,270.0,252.46667,1115.33333,1207.66667,2.55556,265.66667,2597.32222,1283.85556,2457.95556,C21.a_5,826.42222,187.66667,254.51111,63.06667,2755.83333,151.67778,1.11111,2.9037,90.03333,13471.28889,3.66667,12.48889,13.22222,12.2,1.0,4.15556,47.71111,4.11111,55.57778,C21.i_5
16475.61111,8148.66667,14865.75556,10417.31111,90532.92222,942.77778,54.04444,51.2,3942.1,359842.84444,215.44444,302.91111,896.0,1341.11111,6.0,304.55556,2796.65556,787.3,2675.84444,C21.a_6,808.53333,171.66667,301.73333,101.51111,2670.27778,152.32963,1.33333,4.01481,91.25556,12809.4,5.22222,11.24444,15.77778,11.2,1.0,5.34815,15.53333,6.64444,48.91111,C21.i_6
13366.27778,7922.33333,16497.2,9689.64444,79125.92222,1138.11111,49.82222,47.64444,4033.98889,322115.84444,201.77778,247.46667,899.55556,1384.77778,1.77778,293.11111,3052.76667,1297.52222,2261.4,C21.a_7,820.08889,145.22222,275.4,132.51111,2655.61111,170.23333,1.55556,4.01481,83.36667,12483.95556,3.22222,11.73333,14.0,8.08889,1.65926,4.54815,16.42222,4.37778,37.13333,C21.i_7
14287.61111,8593.44444,17211.97778,11202.86667,89407.25556,1448.33333,67.26667,51.2,3542.87778,288882.95556,155.44444,294.68889,751.55556,1530.44444,1.0,377.22222,3111.98889,724.63333,2655.28889,C21.a_8,765.08889,179.44444,276.73333,160.73333,2553.38889,125.17037,1.33333,1.0,96.14444,12116.51111,3.11111,6.31111,14.0,11.2,1.65926,8.79259,11.53333,4.77778,18.57778,C21.i_8
13350.61111,7690.0,16730.53333,8882.42222,83750.25556,1730.11111,62.6,39.97037,3358.1,256546.06667,140.77778,259.57778,551.55556,1712.55556,2.55556,315.11111,2728.1,800.07778,2499.51111,C21.a_9,764.97778,153.33333,366.62222,101.51111,2575.27778,330.45556,1.11111,2.9037,94.14444,11675.4,4.55556,7.84444,10.88889,11.75556,1.0,8.57037,14.28889,4.35556,66.13333,C21.i_9
34585.3,12413.77778,20403.02222,8908.16667,113585.41111,737.33333,49.66667,17.88519,4738.04444,534640.21111,378.45556,943.81111,1370.66667,662.6,1.0,577.77778,3174.33333,234.82222,5338.8,C22.a_0,2971.57778,5495.62222,1477.81111,662.62222,12061.55556,7856.77778,1.66667,9.88889,636.32222,24448.44444,55.0,41.66667,176.77778,44.33333,1.0,16.0963,103.46667,18.51111,93.04444,C22.i_0
34670.96667,11814.44444,20295.91111,8505.16667,106211.18889,1059.77778,48.55556,37.34444,4937.04444,523421.76667,451.12222,887.92222,1505.66667,745.37778,4.93333,603.33333,3141.88889,247.93333,5376.57778,C22.a_1,2722.8,4286.73333,1074.03333,727.06667,10744.44444,7370.44444,1.88889,8.88889,613.76667,23002.44444,55.66667,49.66667,183.55556,41.22222,1.0,9.68148,90.51111,10.95556,93.15556,C22.i_1
34128.52222,11617.33333,22436.02222,9177.27778,104492.07778,963.44444,55.33333,39.83704,4941.48889,511472.32222,397.01111,902.14444,1272.77778,738.6,3.32593,602.0,3240.66667,231.6,5242.13333,C22.a_2,2569.02222,4836.51111,1081.14444,825.06667,10784.88889,5492.44444,1.66667,6.55556,578.1,21924.44444,53.11111,48.88889,172.55556,52.44444,1.77778,16.31852,63.62222,16.62222,92.48889,C22.i_2
34904.3,14480.44444,25549.91111,9893.38889,95855.41111,965.44444,66.33333,30.93333,4534.93333,498101.87778,359.12222,961.14444,1145.44444,1068.15556,2.60741,622.55556,5048.88889,193.71111,5087.35556,C22.a_3,2839.68889,4420.62222,1821.03333,693.4,11590.77778,6888.55556,2.77778,14.55556,563.21111,21361.77778,48.55556,55.44444,137.44444,38.77778,1.77778,16.28889,71.51111,10.05926,92.26667,C22.i_3
33635.96667,12999.66667,25051.91111,9456.61111,115368.52222,1325.0,58.88889,60.56667,4499.82222,486053.76667,301.45556,910.25556,1111.0,951.15556,1.71852,611.44444,4032.77778,200.37778,4991.46667,C22.a_4,2453.8,3202.28889,1124.03333,665.17778,9676.66667,3192.11111,2.22222,12.33333,453.87778,20967.33333,42.66667,57.66667,117.22222,38.55556,1.77778,18.95556,87.51111,9.95556,90.6,C22.i_4
31914.41111,12099.66667,23681.02222,9265.05556,86866.74444,998.22222,60.55556,36.01111,4417.71111,472069.87778,318.34444,894.81111,1107.66667,930.6,2.60741,560.22222,4558.0,168.48889,4635.24444,C22.a_5,2297.35556,4258.95556,1203.47778,652.17778,10585.66667,4614.44444,2.0,8.77778,467.32222,20436.44444,41.44444,45.33333,140.77778,53.66667,1.0,19.06667,41.95556,11.06667,99.37778,C22.i_5
32944.74444,12116.88889,21753.91111,8244.05556,83274.07778,885.11111,54.44444,32.56667,4262.04444,461977.43333,351.01111,881.92222,1105.0,856.15556,4.21481,539.55556,4424.33333,158.93333,5194.68889,C22.a_6,2020.91111,3732.95556,1244.92222,613.51111,9092.0,5719.22222,1.33333,6.55556,477.76667,20016.22222,44.11111,42.11111,143.11111,54.22222,1.0,20.4,50.95556,12.83704,131.71111,C22.i_6
32578.74444,12568.33333,24592.35556,9696.61111,116776.63333,928.44444,62.11111,44.39259,4457.71111,454168.65556,295.12222,890.14444,1025.22222,972.26667,5.65185,552.0,4753.55556,148.93333,5154.46667,C22.a_7,2041.57778,2476.4,1233.14444,626.51111,7122.55556,4090.66667,1.66667,8.77778,445.65556,19605.88889,42.44444,39.11111,113.22222,42.33333,1.0,16.42963,48.06667,10.06667,117.26667,C22.i_7
30278.18889,11720.66667,21890.91111,8269.83333,94257.07778,760.11111,51.0,44.23333,4305.48889,445990.1,397.9,818.92222,1083.66667,717.37778,4.21481,512.55556,3686.11111,144.6,4754.35556,C22.a_8,1978.13333,2111.4,1046.14444,639.62222,7611.33333,2684.77778,1.22222,6.55556,432.98889,19363.88889,36.11111,34.11111,111.88889,58.66667,1.77778,16.87407,49.06667,10.84444,109.82222,C22.i_8
29841.85556,11947.33333,22444.91111,9068.27778,86240.85556,905.88889,49.33333,51.61481,4241.71111,437562.43333,353.01111,870.58889,1109.55556,803.37778,3.32593,523.0,3468.22222,136.04444,4469.02222,C22.a_9,1977.57778,2421.95556,1083.47778,791.73333,7658.33333,4766.11111,2.77778,7.66667,436.43333,19143.33333,41.11111,34.77778,135.77778,44.33333,1.77778,23.4,39.95556,11.4,122.82222,C22.i_9
39623.75556,7538.77778,22367.55556,2825.68889,135891.77778,959.22222,61.48889,62.86667,1659.24444,159678.4,18.0,235.17778,79.88889,697.33333,1.0,608.17778,1857.55556,56.91111,4627.26667,C23.a_0,4411.01111,2954.22222,1083.51111,429.51111,17700.91111,74.0,1.72222,7.75926,380.57778,34921.73333,20.12222,8.35556,51.77778,28.22222,1.0,35.88889,24.0,39.68889,159.17778,C23.i_0
40300.42222,9284.33333,25043.77778,5009.91111,128223.0,1218.11111,65.93333,63.97778,2156.46667,143958.84444,13.66667,284.17778,177.66667,869.44444,1.0,805.62222,2273.77778,63.02222,6031.37778,C23.a_1,4583.01111,2741.77778,979.62222,395.95556,17856.57778,154.33333,1.2,3.92593,383.46667,34263.4,17.01111,8.8,53.22222,33.0,1.77778,30.22222,14.55556,44.84444,146.06667,C23.i_1
36209.86667,8889.22222,25655.77778,3997.46667,148650.0,1029.0,61.71111,59.31111,1846.02222,131626.17778,13.33333,325.06667,60.55556,797.0,1.0,1014.73333,1884.22222,65.91111,8479.15556,C23.a_2,4508.67778,2568.88889,1000.17778,455.17778,17085.35556,41.0,1.94444,6.85185,367.35556,33725.95556,20.78889,12.82222,56.22222,23.88889,1.0,20.22222,25.0,39.62222,165.4,C23.i_2
33772.08889,9750.66667,24118.77778,4506.68889,136042.77778,1101.11111,63.93333,52.42222,1758.35556,123620.4,16.0,292.73333,84.33333,690.44444,1.0,1167.17778,2071.55556,66.13333,8906.15556,C23.a_3,4579.45556,2625.44444,936.62222,375.4,18004.57778,62.0,1.4,7.05556,404.57778,33141.28889,21.56667,17.93333,52.55556,33.77778,1.0,42.88889,26.88889,55.51111,144.28889,C23.i_3
33761.53333,9124.0,23242.22222,3948.68889,126814.66667,1314.77778,64.04444,54.64444,1693.02222,118166.51111,18.0,260.06667,114.0,592.88889,1.0,807.95556,1847.66667,59.24444,6220.71111,C23.a_4,4589.01111,2495.11111,968.4,475.84444,18179.46667,66.0,1.72222,6.25926,371.46667,32593.62222,19.12222,10.93333,59.11111,34.88889,1.0,24.0,19.0,34.46667,164.06667,C23.i_4
31434.31111,7463.22222,25024.0,5673.68889,142039.88889,1481.55556,72.93333,31.58519,1804.57778,113630.84444,21.0,304.28889,82.88889,718.0,1.77778,1107.73333,1805.88889,65.02222,10356.6,C23.a_5,4599.23333,2403.0,951.51111,478.4,17504.02222,70.11111,2.38889,5.94444,369.02222,32014.4,20.34444,12.37778,61.11111,29.11111,1.77778,10.0,31.0,8.08889,146.95556,C23.i_5
31157.2,6487.33333,21839.44444,4853.91111,147302.11111,1191.44444,57.15556,58.2,1883.35556,109365.4,17.22222,280.17778,77.55556,620.0,1.77778,521.84444,1723.77778,62.13333,6105.37778,C23.a_6,4316.56667,2188.88889,1022.51111,416.73333,16107.91111,39.44444,2.15556,10.40741,372.46667,31340.06667,20.78889,14.42222,55.66667,26.33333,1.77778,22.33333,10.44444,35.06667,120.28889,C23.i_6
29658.42222,11350.0,23184.44444,5392.13333,155387.55556,1103.11111,67.37778,41.08148,2221.46667,105178.28889,12.0,310.73333,64.11111,712.55556,1.77778,704.06667,1845.77778,76.57778,8717.93333,C23.a_7,4368.9,2505.11111,946.84444,463.06667,17016.68889,57.88889,1.82222,6.25926,370.8,30655.84444,20.12222,16.04444,61.0,32.88889,1.0,15.44444,23.0,31.06667,136.51111,C23.i_7
29344.75556,9284.0,25049.0,5743.24444,147123.0,1082.44444,69.04444,45.42222,2401.91111,101256.95556,16.22222,337.17778,67.77778,811.77778,2.55556,950.28889,1929.0,76.02222,8031.48889,C23.a_8,4064.23333,2404.0,929.84444,406.4,15757.13333,131.88889,2.05556,2.81481,355.91111,29945.28889,19.67778,14.6,48.88889,26.77778,1.0,11.88889,39.88889,20.8,136.28889,C23.i_8
28091.75556,11192.55556,21702.66667,4545.68889,143602.55556,772.55556,61.93333,27.75556,1768.57778,97274.17778,12.66667,275.84444,75.44444,640.66667,1.0,800.62222,1600.11111,64.68889,6339.26667,C23.a_9,4147.01111,2234.22222,910.17778,416.73333,15898.35556,51.88889,1.73333,3.01852,344.91111,29508.62222,15.67778,16.37778,45.22222,31.11111,1.0,15.88889,12.55556,28.46667,157.51111,C23.i_9
51573.11111,5571.11111,23196.24444,8557.17778,143883.21111,622.33333,50.33333,25.34815,4601.63333,811808.56667,737.55556,771.66667,2746.22222,1082.33333,10.88889,810.77778,1694.22222,548.9,4932.37778,C24.a_0,1477.07778,1886.88889,930.25556,669.84444,3828.53333,67.2,1.55556,12.22222,442.33333,17178.83333,32.48889,11.66667,115.77778,19.11111,1.71852,2.55556,16.22222,4.93333,50.53333,C24.i_0
48679.44444,6491.11111,23690.91111,7652.84444,145138.21111,946.88889,59.33333,40.15556,4304.74444,786746.12222,722.22222,845.66667,2791.33333,999.66667,4.22222,712.66667,1504.77778,529.9,4835.6,C24.a_1,1397.18889,1518.66667,955.81111,546.17778,3890.08889,32.31111,1.22222,7.66667,368.55556,16847.72222,23.04444,8.11111,84.11111,33.0,1.0,4.88889,16.22222,4.26667,80.64444,C24.i_1
49167.44444,7092.33333,24580.35556,8273.17778,142019.54444,704.55556,50.77778,51.82222,4226.74444,746318.56667,652.88889,751.44444,2252.77778,1072.0,7.55556,749.11111,2276.88889,493.67778,4870.71111,C24.a_2,1412.18889,1905.88889,929.36667,651.84444,3702.97778,26.33333,1.11111,6.55556,438.11111,16369.61111,30.48889,12.77778,117.11111,30.33333,1.0,10.0,15.22222,9.51481,55.08889,C24.i_2
45031.33333,5484.22222,21823.35556,7151.51111,128586.65556,1004.44444,44.44444,29.9037,3908.52222,697685.01111,609.33333,691.88889,2157.22222,920.55556,10.88889,680.33333,1453.33333,476.56667,4638.93333,C24.a_3,1423.85556,1359.44444,829.25556,528.06667,3765.97778,38.28889,1.0,5.44444,320.33333,16012.16667,26.48889,10.11111,89.66667,17.0,1.71852,5.33333,9.44444,6.12963,54.08889,C24.i_3
42713.0,6084.77778,23003.57778,7355.73333,117411.43333,823.66667,49.44444,23.0963,3978.18889,651840.78889,676.0,642.11111,2206.88889,930.33333,4.33333,628.22222,2419.0,572.23333,4664.26667,C24.a_4,1388.3,2088.88889,845.47778,558.95556,3551.97778,64.95556,1.66667,11.11111,456.0,15802.27778,35.04444,8.11111,134.66667,15.11111,1.71852,4.22222,7.66667,6.87407,36.2,C24.i_4
43215.22222,6647.11111,23591.13333,6971.06667,123386.98889,817.33333,46.77778,40.65185,3976.3,619964.56667,578.66667,727.11111,1948.88889,978.0,5.0,625.77778,2144.11111,477.23333,4655.15556,C24.a_5,1406.85556,2036.22222,935.36667,685.28889,3764.53333,124.13333,1.33333,8.88889,446.77778,15613.05556,34.37778,11.11111,128.22222,32.66667,1.0,7.77778,19.33333,7.95926,77.42222,C24.i_5
39249.11111,4745.88889,20916.13333,6518.95556,111629.21111,887.44444,46.33333,22.9037,3281.18889,593046.45556,566.44444,539.33333,1936.44444,916.55556,5.11111,555.88889,1512.77778,548.23333,4328.82222,C24.a_6,1305.52222,1891.77778,909.47778,613.17778,3384.86667,109.93333,1.55556,4.33333,412.44444,15466.05556,30.26667,14.88889,136.66667,17.44444,1.0,6.33333,14.22222,8.6,58.75556,C24.i_6
38237.55556,5278.0,20951.35556,6368.84444,110716.1,920.22222,42.22222,38.12593,3202.3,559663.78889,459.77778,541.44444,1723.88889,866.22222,1.77778,514.66667,1317.77778,407.56667,4042.04444,C24.a_7,1345.52222,1792.77778,886.14444,628.51111,3454.75556,122.75556,1.66667,4.33333,419.77778,15224.5,27.82222,11.0,117.0,32.11111,1.0,4.33333,22.11111,6.71111,46.64444,C24.i_7
36002.88889,3892.33333,18399.35556,5666.17778,99231.32222,749.88889,44.0,31.12593,2785.52222,534138.45556,489.33333,507.0,1748.11111,787.11111,9.22222,473.33333,1464.22222,414.56667,3920.04444,C24.a_8,1340.96667,2078.55556,930.14444,716.28889,3575.2,101.95556,1.44444,2.11111,470.11111,15056.27778,31.71111,13.11111,116.0,27.44444,2.43704,5.55556,15.22222,6.0963,61.08889,C24.i_8
38712.22222,7553.77778,23829.02222,6252.51111,96217.1,1210.22222,57.55556,43.79259,3710.41111,507677.23333,454.55556,690.44444,1700.77778,966.55556,4.33333,521.55556,2583.44444,463.56667,4099.6,C24.a_9,1327.18889,1953.33333,876.81111,680.17778,3253.42222,173.48889,1.22222,3.22222,449.66667,14867.27778,28.48889,10.33333,113.88889,20.88889,1.71852,5.55556,16.44444,5.56667,52.75556,C24.i_9
9924.56667,8230.4,11598.92222,4390.64444,74458.5,967.55556,39.33333,32.23704,5179.77778,805907.72222,866.2,214.55556,4100.11111,907.78889,3.44444,406.33333,1413.77778,349.55556,2667.33333,C25.a_0,1186.56667,2789.82222,239.7,675.68889,5211.38889,701.35556,1.0,4.33333,269.52222,27823.84444,23.56667,11.11111,52.66667,11.34444,1.0,11.26667,8.55556,7.35185,27.62222,C25.i_0
9790.12222,8055.62222,11836.58889,4364.86667,75782.72222,1057.88889,43.55556,28.48889,5025.66667,767900.16667,830.86667,193.66667,3949.0,932.56667,9.22222,391.77778,1377.0,320.55556,2700.88889,C25.a_1,1178.01111,2844.6,445.25556,611.24444,5118.27778,775.35556,1.08148,3.22222,261.85556,27081.95556,18.9,11.33333,50.44444,12.56667,1.0,11.42963,9.66667,6.24074,21.95556,C25.i_1
9120.78889,7361.28889,11347.7,4909.53333,73542.27778,967.33333,40.66667,25.73333,4792.0,730811.5,752.31111,213.66667,3626.66667,895.9,6.77778,387.22222,1374.22222,295.88889,2565.11111,C25.a_2,1173.34444,2688.82222,206.81111,626.8,5187.61111,543.46667,1.08148,5.44444,245.74444,26292.51111,22.01111,7.88889,52.44444,13.78889,1.0,10.57037,14.44444,5.87037,26.95556,C25.i_2
9319.01111,7381.73333,11853.81111,5216.75556,70707.16667,1076.33333,37.55556,25.34815,4600.33333,708333.5,666.64444,219.88889,3237.0,890.34444,5.11111,331.11111,1425.66667,220.66667,2409.44444,C25.a_3,1123.56667,2747.48889,226.14444,580.35556,4877.16667,346.02222,1.16296,6.55556,243.96667,25855.73333,17.67778,9.66667,48.0,14.45556,1.0,12.45926,11.66667,4.81481,25.95556,C25.i_3
9210.23333,7107.73333,10791.7,5304.97778,66910.5,836.0,42.44444,16.28889,4415.77778,671184.94444,682.64444,182.77778,3219.77778,860.56667,3.33333,321.55556,1288.88889,267.22222,2522.33333,C25.a_4,1144.23333,2444.04444,370.92222,533.8,4976.61111,471.13333,1.08148,6.55556,226.18889,25240.51111,16.67778,6.44444,38.22222,15.67778,1.0,17.68148,15.44444,6.7963,23.95556,C25.i_4
8739.67778,6467.62222,10491.7,4563.64444,61957.05556,782.66667,34.11111,20.45926,4155.55556,631153.83333,653.08889,181.66667,3041.0,825.45556,4.22222,296.33333,1375.22222,260.55556,2187.0,C25.a_5,1117.45556,2430.93333,223.14444,521.13333,5026.05556,705.24444,1.0,6.55556,221.18889,24535.17778,19.56667,11.66667,49.0,15.67778,1.77778,10.82222,6.55556,9.05556,23.73333,C25.i_5
8556.01111,6756.84444,9681.03333,5278.97778,59928.16667,1154.66667,34.88889,39.04444,3992.66667,607640.16667,565.64444,177.77778,2683.0,828.67778,3.44444,322.44444,1164.11111,184.55556,2015.88889,C25.a_6,1093.12222,2394.6,212.36667,415.35556,4762.05556,471.35556,1.16296,5.44444,212.52222,23830.73333,18.78889,9.77778,46.33333,13.01111,2.66667,7.93333,5.66667,8.37037,25.06667,C25.i_6
8785.56667,6810.51111,9310.03333,4421.75556,58964.27778,725.11111,28.22222,25.23704,3839.44444,589081.94444,528.53333,139.0,2436.33333,811.01111,3.33333,291.88889,1089.77778,193.88889,1887.22222,C25.a_7,1041.23333,2413.82222,279.7,515.91111,4519.83333,383.02222,1.46667,3.22222,229.74444,23199.51111,16.67778,12.0,43.0,13.78889,2.66667,10.62222,9.44444,4.12963,23.06667,C25.i_7
7463.01111,5953.62222,10310.81111,5175.97778,58082.61111,1000.33333,32.88889,20.45926,3761.66667,539102.61111,544.86667,155.66667,2648.55556,876.34444,6.66667,299.0,1351.33333,213.11111,2003.11111,C25.a_8,1000.23333,2337.04444,194.03333,567.35556,4531.5,251.46667,1.0,4.33333,218.3,22515.95556,16.67778,11.0,41.44444,14.12222,1.0,4.15556,5.77778,4.51852,27.73333,C25.i_8
7292.12222,5850.4,9218.25556,5067.75556,52610.16667,1150.55556,31.66667,14.98519,3349.33333,502095.05556,480.75556,150.44444,2385.55556,785.56667,3.44444,298.11111,1227.77778,199.44444,1780.11111,C25.a_9,948.78889,2019.71111,182.58889,399.68889,4000.72222,419.91111,1.08148,3.22222,201.96667,21716.62222,14.78889,9.66667,38.88889,15.78889,1.0,11.06667,19.44444,5.81481,24.62222,C25.i_9
41064.98889,24717.65556,23358.6,10946.32222,206404.25556,1423.55556,50.56667,44.82963,9030.84444,1500522.11111,1329.44444,507.44444,6503.55556,2243.42222,19.44444,1096.11111,359756.44444,2613.75556,5557.26667,C3.a_0,3837.1,3080.15556,516.11111,604.05556,16444.46667,294.68889,1.31111,5.44444,228.95556,67090.48889,12.86667,55.91111,35.22222,51.44444,1.0,59.77778,6921.84444,6.52222,65.77778,C3.i_0
43988.1,23340.76667,24136.15556,10400.54444,194692.58889,1349.88889,66.45556,56.37778,8379.51111,1438637.33333,1181.55556,536.66667,6025.77778,2538.31111,9.22222,1169.66667,505788.77778,2421.97778,5236.48889,C3.a_1,3632.54444,3091.48889,518.0,583.5,14609.68889,765.13333,1.1037,6.55556,244.17778,62566.15556,14.64444,69.02222,37.88889,66.11111,1.0,64.66667,6578.06667,2.27778,101.11111,C3.i_1
39516.87778,21344.32222,21736.26667,10467.76667,189317.36667,1014.66667,54.9,36.60741,9174.17778,1405157.33333,1194.66667,414.55556,6642.33333,2253.64444,13.44444,982.55556,369236.11111,2411.53333,5323.71111,C3.a_2,3474.32222,2858.93333,479.33333,524.27778,13821.68889,880.35556,1.20741,3.22222,210.06667,59677.93333,13.64444,54.24444,37.11111,48.77778,1.0,44.88889,7675.06667,7.17778,79.66667,C3.i_2
40066.65556,19771.98889,22986.26667,9029.98889,180469.92222,1257.22222,52.34444,39.28148,8489.62222,1372055.33333,984.88889,559.22222,5076.33333,1913.31111,20.88889,1162.11111,175701.0,1848.53333,5546.37778,C3.a_3,3289.32222,2868.93333,505.11111,521.38889,12552.8,500.02222,1.1037,2.11111,223.17778,57214.04444,11.64444,50.24444,42.0,56.44444,1.0,52.55556,5189.62222,2.6,96.55556,C3.i_3
38049.21111,19471.54444,23020.37778,9087.1,178034.03333,1006.44444,53.45556,51.6,8217.84444,1327667.33333,1015.66667,531.22222,5204.77778,1939.2,15.0,1013.11111,246785.11111,2013.08889,5047.37778,C3.a_4,3171.54444,2789.04444,420.55556,462.27778,13188.02222,695.24444,1.0,6.55556,206.73333,55655.15556,14.2,66.13333,40.0,49.33333,1.0,36.33333,5332.17778,2.25556,68.66667,C3.i_4
38787.43333,20275.1,21646.6,9324.76667,170226.25556,1016.66667,49.9,44.48889,7803.62222,1303475.0,1058.33333,450.77778,5109.44444,2514.64444,15.88889,994.55556,555311.44444,2242.31111,4527.6,C3.a_5,3254.32222,2735.48889,423.66667,511.16667,13640.91111,779.35556,1.1037,1.0,213.4,53525.04444,14.42222,52.02222,47.0,47.66667,1.0,46.88889,6930.4,5.75556,74.11111,C3.i_5
39008.43333,21014.87778,22147.93333,9516.43333,173783.14444,1255.11111,62.12222,41.27407,7988.62222,1264162.66667,992.44444,504.44444,5359.88889,2175.42222,7.55556,1063.44444,385245.55556,1965.08889,4846.6,C3.a_6,2580.1,2828.48889,387.77778,413.27778,10296.91111,423.91111,1.0,6.55556,234.51111,52031.26667,11.53333,49.8,33.11111,55.66667,1.0,59.55556,1788.28889,4.2,113.55556,C3.i_6
37321.65556,17710.32222,21419.93333,8448.43333,165943.7,792.88889,51.23333,60.93333,7666.73333,1210864.44444,900.88889,432.66667,4633.11111,1909.86667,16.88889,1092.44444,285137.22222,1834.2,4598.26667,C3.a_7,2962.87778,2509.82222,405.44444,570.5,12205.68889,571.91111,1.0,3.22222,206.17778,50768.37778,13.2,40.24444,39.55556,47.0,1.0,42.77778,5650.4,6.27778,74.0,C3.i_7
37166.43333,16228.54444,19236.93333,7771.43333,155338.47778,897.55556,42.12222,29.37778,7300.73333,1152760.33333,824.11111,471.66667,4166.0,2080.64444,9.11111,1108.88889,335791.55556,1997.97778,4752.93333,C3.a_8,2850.98889,2544.26667,402.44444,377.05556,11362.02222,855.46667,1.0,2.11111,200.28889,49353.26667,11.42222,39.57778,39.66667,46.33333,1.0,52.11111,4491.95556,7.83333,82.33333,C3.i_8
32241.43333,15774.1,17398.26667,7595.76667,142437.7,893.66667,36.01111,24.94074,7094.17778,1100596.11111,803.0,345.55556,4102.11111,1684.42222,10.88889,931.77778,255681.0,1889.64444,4199.48889,C3.a_9,2730.76667,2516.82222,388.0,384.83333,10746.02222,481.68889,1.1037,11.11111,207.28889,47859.48889,13.31111,41.24444,32.11111,38.66667,1.0,50.0,1423.84444,3.38889,72.0,C3.i_9
23209.53333,11143.11111,15259.3,4499.8,70998.0,1124.57778,52.55556,70.11111,6340.9,481594.4,740.33333,387.11111,2595.66667,1052.16667,15.0,455.44444,2132.11111,366.54444,4185.77778,C4.a_0,461.16667,177.77778,234.13333,142.21111,1648.17778,72.22222,1.0963,4.17037,65.66667,7543.1,6.0,12.77778,19.87407,12.66667,1.0,8.0,19.0,4.44444,44.8,C4.i_0
21031.75556,10603.77778,15769.63333,5248.46667,72626.55556,1276.46667,55.44444,43.55556,6257.12222,459201.84444,743.77778,336.33333,2945.77778,969.94444,9.11111,385.22222,1896.22222,417.1,4077.77778,C4.a_1,459.5,124.22222,229.8,132.1,1510.95556,19.0,1.0,7.34074,61.77778,7196.76667,3.88889,16.11111,21.62222,8.55556,1.77778,8.33333,25.71111,7.25926,36.02222,C4.i_1
19992.42222,10785.11111,16755.41111,4812.13333,66946.66667,1206.68889,53.88889,56.22222,5762.12222,440443.51111,650.22222,364.44444,2627.44444,950.16667,4.22222,395.44444,2232.11111,379.87778,4220.88889,C4.a_2,496.16667,98.0,195.46667,128.18889,1538.84444,170.66667,1.0,2.02963,62.44444,6981.54444,6.55556,16.88889,25.4,12.0,1.0,7.77778,16.11111,5.37037,47.13333,C4.i_2
21197.42222,8860.44444,14674.18889,4959.24444,65210.33333,806.02222,51.44444,38.77778,4751.78889,424207.4,575.0,323.0,2549.11111,947.94444,1.77778,362.88889,2334.33333,317.32222,3954.22222,C4.a_3,498.38889,130.11111,195.57778,133.18889,1533.95556,12.88889,1.0963,3.05926,65.77778,6724.54444,5.88889,16.11111,16.84444,10.66667,1.0,7.11111,20.17778,4.2963,35.57778,C4.i_3
18679.64444,10183.0,17515.63333,5530.24444,67142.88889,1445.02222,54.44444,38.77778,5251.01111,413234.62222,536.33333,444.88889,2345.22222,891.05556,4.22222,417.11111,2464.11111,402.87778,3945.33333,C4.a_4,528.16667,154.44444,220.68889,204.75556,1772.4,144.0,1.20741,5.28148,73.55556,6541.1,6.22222,14.33333,24.51111,23.33333,1.77778,8.88889,11.17778,3.62963,58.24444,C4.i_4
19479.86667,8997.55556,16885.18889,5493.91111,65377.44444,1210.91111,50.22222,49.22222,4551.34444,406981.28889,562.22222,374.88889,1847.11111,849.61111,3.44444,394.44444,2198.44444,455.1,3867.44444,C4.a_5,496.27778,127.11111,236.91111,240.86667,1574.62222,17.0,1.19259,7.34074,71.44444,6425.54444,5.11111,18.11111,23.73333,19.55556,1.0,7.33333,20.0,3.59259,56.02222,C4.i_5
19468.75556,8090.11111,15749.52222,5416.46667,63636.55556,1336.13333,53.11111,45.77778,3772.45556,398251.62222,483.77778,472.77778,1595.11111,918.5,2.66667,399.66667,2037.0,475.98889,3642.88889,C4.a_6,470.27778,111.11111,171.13333,199.64444,1412.17778,30.88889,1.38519,4.36296,69.11111,6331.21111,3.77778,12.77778,23.73333,12.0,1.0,12.44444,25.82222,3.62963,37.46667,C4.i_6
20399.75556,8833.88889,15664.63333,5684.91111,63590.22222,1301.46667,46.66667,51.55556,3807.23333,389429.73333,444.11111,428.66667,1899.0,942.61111,1.77778,371.55556,2097.44444,395.54444,3851.55556,C4.a_7,496.38889,119.88889,188.02222,214.32222,1405.17778,66.0,1.0963,4.17037,57.33333,6215.32222,4.77778,12.77778,22.17778,8.44444,1.0,6.55556,17.82222,3.37037,30.35556,C4.i_7
17635.86667,7995.66667,15114.85556,5302.57778,63812.66667,1508.8,51.33333,44.66667,3914.12222,380127.06667,471.44444,421.11111,2002.33333,966.05556,4.33333,363.55556,2160.88889,396.65556,3655.77778,C4.a_8,433.72222,79.55556,147.68889,119.75556,1252.28889,97.0,1.0,10.59259,64.33333,6116.1,4.55556,8.88889,12.01481,8.22222,1.0,5.11111,26.0,2.7037,24.02222,C4.i_8
17485.97778,8227.77778,16752.96667,5821.91111,63712.33333,1225.13333,51.66667,46.88889,4178.9,369648.95556,514.33333,420.77778,1670.55556,904.38889,1.77778,373.55556,2340.22222,483.54444,3949.66667,C4.a_9,452.94444,103.0,167.91111,162.76667,1432.62222,26.88889,1.0963,5.11852,62.88889,6011.65556,3.77778,14.22222,16.98519,12.55556,2.66667,6.77778,27.71111,3.81481,37.6,C4.i_9
49989.1,6908.88889,32377.66667,9476.1,139555.62222,925.84444,65.55556,36.01111,2419.25556,545281.32222,178.66667,871.77778,799.44444,646.88889,1.77778,588.55556,2450.33333,1198.2,4741.46667,C5.a_0,1156.06667,589.44444,945.6,339.43333,2734.73333,1312.66667,1.68519,4.33333,240.16667,9486.73333,27.22222,28.55556,114.28889,64.55556,1.0,9.08889,82.0,22.27778,300.75556,C5.i_0
49093.43333,7180.0,28921.88889,9104.54444,125041.62222,835.4,62.33333,30.23333,2353.36667,513570.76667,197.11111,882.0,853.44444,596.66667,1.0,559.77778,2186.77778,1522.97778,4502.8,C5.a_1,1197.84444,631.88889,889.93333,426.98889,2921.95556,1228.66667,2.0,5.44444,280.27778,9072.17778,31.11111,29.33333,117.4,73.55556,1.0,14.13333,48.55556,27.16667,308.42222,C5.i_1
43964.76667,4799.77778,27214.11111,8466.21111,124157.73333,677.4,53.11111,16.77407,2522.92222,487862.32222,194.66667,845.44444,819.44444,552.0,1.77778,526.77778,1761.77778,1031.97778,4275.8,C5.a_2,1152.51111,784.55556,781.37778,378.1,2728.84444,1181.33333,1.27778,3.22222,253.83333,8741.62222,32.44444,28.33333,119.28889,60.0,1.71852,8.64444,67.33333,25.40741,250.86667,C5.i_2
43764.65556,5808.44444,28004.33333,8305.54444,117951.17778,663.06667,62.88889,24.61481,2044.36667,461980.32222,167.55556,776.55556,717.44444,540.0,2.66667,461.0,1688.33333,919.75556,4246.24444,C5.a_3,1198.84444,725.77778,853.48889,367.76667,2848.17778,961.55556,1.61111,6.55556,248.94444,8510.84444,30.0,27.33333,119.4,58.33333,2.60741,18.97037,57.44444,32.38889,239.2,C5.i_3
46228.87778,7752.44444,29235.55556,7460.43333,106618.51111,907.4,55.22222,37.77407,2215.58889,447099.21111,187.22222,873.77778,694.66667,473.0,1.77778,463.77778,2165.22222,644.86667,3512.46667,C5.a_4,1203.62222,737.0,910.26667,275.1,2668.73333,1557.55556,1.81481,3.22222,235.16667,8353.17778,31.33333,24.77778,120.95556,47.77778,1.71852,14.91111,61.44444,37.40741,269.53333,C5.i_4
44757.76667,6903.22222,28605.55556,7025.87778,100028.84444,810.73333,60.0,40.78889,2283.7,437274.98889,201.66667,885.33333,827.0,572.55556,1.77778,506.55556,1998.22222,815.31111,3960.46667,C5.a_5,1041.06667,552.22222,864.93333,372.98889,2593.06667,1101.22222,1.62963,2.11111,220.94444,8237.95556,23.33333,32.88889,102.06667,51.88889,5.71111,16.80741,64.33333,20.85185,251.86667,C5.i_5
41174.43333,5919.88889,30195.33333,7302.21111,103858.84444,759.06667,66.77778,26.94815,2078.7,427975.76667,151.33333,753.0,635.22222,587.88889,1.0,433.0,2031.33333,704.2,3822.91111,C5.a_6,1093.4,445.11111,787.93333,388.43333,2597.06667,1261.44444,1.59259,6.55556,227.27778,8132.62222,18.11111,31.22222,106.06667,51.33333,1.71852,10.35556,94.11111,29.85185,253.75556,C5.i_6
40881.32222,7376.0,28428.11111,7793.32222,100315.95556,783.73333,65.55556,42.05926,2196.36667,416571.87778,168.44444,793.44444,626.11111,577.0,1.77778,415.77778,2083.77778,845.2,3649.8,C5.a_7,969.62222,543.11111,752.82222,313.65556,2495.4,1078.66667,1.59259,7.77778,238.38889,7943.95556,24.0,26.22222,91.51111,57.44444,1.0,13.97037,60.33333,15.27778,273.31111,C5.i_7
39823.43333,6504.22222,27678.44444,7304.87778,94869.28889,775.73333,65.77778,17.15556,2202.81111,398935.32222,176.0,837.22222,754.11111,472.11111,1.0,399.11111,2397.77778,630.86667,3459.35556,C5.a_8,961.06667,477.44444,802.15556,254.1,2398.95556,1084.66667,1.61111,3.22222,213.94444,7781.4,12.66667,27.33333,83.84444,58.0,1.71852,15.13333,54.66667,21.18519,268.2,C5.i_8
37841.65556,5646.33333,27496.22222,7033.98889,90039.95556,804.51111,56.0,29.55185,1924.58889,379205.43333,135.0,766.44444,688.44444,565.77778,1.0,402.0,2281.55556,973.42222,3495.57778,C5.a_9,1038.73333,597.55556,724.71111,357.54444,2333.62222,850.55556,1.0,3.22222,227.94444,7650.17778,29.22222,28.44444,99.4,48.11111,1.0,7.3037,47.55556,17.18519,206.53333,C5.i_9
38878.46667,16037.33333,36933.61111,7547.8,120125.73333,1620.88889,81.77778,37.27778,8220.94444,980270.4,957.05556,654.22222,4372.28889,1127.77778,12.74815,1096.44444,2957.33333,815.0,6269.88889,C6.a_0,849.92222,1015.95556,629.01111,349.9,3113.38889,1629.66667,1.0,3.22222,241.88889,15631.75556,17.66667,41.11111,65.73333,57.0,1.0,6.04444,61.91111,10.31111,56.06667,C6.i_0
36681.13333,13408.77778,35563.83333,9184.8,114624.84444,1257.22222,88.88889,41.94444,7907.05556,954242.51111,830.61111,656.77778,3731.51111,1194.44444,10.59259,1028.55556,2470.11111,749.77778,6098.55556,C6.a_1,829.25556,1097.84444,486.23333,334.45556,2961.61111,191.22222,1.19259,1.0,237.66667,14775.42222,20.77778,16.66667,62.73333,8.0,1.0,8.54074,28.46667,3.72593,62.06667,C6.i_1
34893.8,11114.88889,30814.38889,6852.91111,113692.62222,1070.22222,71.33333,50.16667,7543.05556,907709.62222,905.83333,570.55556,4253.95556,879.88889,13.02963,839.88889,2161.22222,577.33333,5509.11111,C6.a_2,729.36667,1334.28889,415.23333,432.67778,2519.5,137.77778,1.19259,4.33333,287.0,14239.64444,27.0,10.66667,70.28889,8.77778,1.0,8.48889,22.53333,5.08889,40.95556,C6.i_2
35975.8,11889.55556,29959.16667,6480.46667,117576.51111,844.44444,65.44444,50.16667,7488.16667,881123.4,958.27778,495.55556,4354.62222,818.88889,16.3037,752.22222,1423.77778,405.44444,5434.33333,C6.a_3,755.81111,1234.06667,477.23333,285.56667,2675.94444,382.55556,1.0963,6.66667,289.0,13887.53333,19.44444,26.0,65.51111,21.77778,1.0,8.12593,60.8,4.05926,40.73333,C6.i_3
31932.24444,13378.44444,31214.27778,7359.46667,101659.51111,792.66667,65.55556,31.88889,6875.72222,835253.17778,790.05556,552.44444,3538.06667,898.44444,7.25926,756.33333,2597.11111,465.11111,4897.0,C6.a_4,782.7,1093.84444,552.12222,321.78889,2843.61111,1570.33333,1.0963,3.22222,252.22222,13514.97778,14.88889,38.33333,57.95556,33.55556,1.0,7.48889,44.31111,6.45185,48.73333,C6.i_4
30577.68889,12100.66667,29560.05556,7986.02222,92745.28889,784.77778,64.88889,42.33333,6409.27778,801660.28889,704.16667,542.88889,3179.95556,969.44444,4.04444,828.33333,2376.0,468.55556,5012.66667,C6.a_5,701.58889,1130.17778,459.12222,386.23333,2451.05556,614.77778,1.4,2.11111,280.0,13015.86667,22.77778,17.22222,61.95556,21.55556,2.66667,7.37778,54.26667,4.5037,39.4,C6.i_5
30272.13333,9531.22222,27854.38889,6039.24444,91478.28889,926.22222,54.22222,32.61111,6074.83333,781700.73333,788.38889,506.0,3298.62222,861.33333,8.86667,723.11111,1982.55556,432.66667,4677.88889,C6.a_6,720.14444,1208.06667,414.23333,375.9,2525.5,672.0,1.0963,3.22222,249.77778,12511.75556,16.33333,18.0,59.51111,20.66667,1.77778,5.43704,32.77778,6.35185,31.95556,C6.i_6
28872.68889,9690.22222,26816.83333,5649.02222,93132.84444,893.44444,62.44444,40.38889,5298.05556,755102.73333,690.16667,458.22222,3099.51111,750.0,5.48148,684.66667,2113.55556,483.77778,4922.22222,C6.a_7,676.81111,1180.62222,292.34444,468.78889,2530.27778,63.77778,1.0963,2.11111,254.33333,12049.64444,21.55556,6.0,69.06667,5.55556,1.0,8.87407,14.17778,3.72593,26.28889,C6.i_7
29069.8,10097.33333,27479.72222,7492.02222,91430.84444,922.44444,49.33333,29.55556,5616.94444,732487.4,688.05556,480.55556,3051.84444,863.33333,2.60741,715.22222,2162.88889,316.88889,4786.55556,C6.a_8,695.58889,991.95556,473.67778,381.01111,2340.38889,1114.11111,1.0963,1.0,242.44444,11729.42222,17.33333,22.55556,58.73333,40.11111,1.0,9.82222,25.71111,6.24074,34.73333,C6.i_8
27816.57778,10174.11111,24510.16667,5757.68889,91949.95556,762.33333,52.11111,28.33333,5210.94444,706539.4,670.5,432.0,3029.62222,691.88889,5.65185,637.77778,2079.0,334.66667,4324.88889,C6.a_9,675.81111,984.84444,426.9,386.23333,2318.05556,561.44444,1.0963,3.22222,232.11111,11372.53333,17.88889,20.88889,54.62222,17.11111,1.0,8.98519,42.6,8.63333,33.28889,C6.i_9
28466.14444,29670.1,61244.36667,1623.86667,129004.93333,566.88889,19.33333,20.38519,4949.85556,282212.12222,9.55556,292.66667,78.28889,1662.3,2.55556,671.91111,1213.17778,224.38889,19216.8,D1.a_0,1292.48889,216.0,396.66667,34.31481,3696.76667,12.77778,1.1037,1.0,140.51111,2257.97778,1.1037,12.43333,5.05926,7.02222,1.6037,5.88889,5.55556,5.92593,185.24444,D1.i_0
26944.25556,27575.87778,56694.7,1260.08889,121215.26667,563.0,20.88889,31.44815,4618.63333,261320.67778,11.33333,272.66667,72.62222,1499.74444,1.77778,626.68889,1005.95556,213.05556,18273.46667,D1.a_1,1767.48889,256.22222,391.88889,83.37037,5129.76667,37.77778,1.1037,4.17037,117.17778,2147.86667,1.0,17.28889,4.84444,6.9,3.0963,6.11111,3.77778,5.20741,189.13333,D1.i_1
25145.25556,26650.98889,55196.47778,1856.31111,116923.48889,417.11111,22.22222,36.51111,4458.96667,246776.12222,11.88889,280.88889,74.17778,1442.85556,37.11111,732.8,2115.28889,237.72222,17601.02222,D1.a_2,2127.93333,218.11111,354.88889,42.05556,5774.1,18.77778,1.53333,3.14074,115.17778,1974.97778,1.0,21.47778,6.18519,5.67778,2.20741,4.44444,3.77778,4.53333,195.57778,D1.i_2
24746.47778,25024.1,52078.58889,1580.31111,110334.82222,474.44444,18.11111,30.82963,4061.63333,230855.45556,11.22222,244.77778,84.62222,1511.07778,35.55556,668.46667,1678.95556,201.05556,17434.02222,D1.a_3,1624.71111,224.0,311.11111,83.16667,4922.76667,17.22222,1.0,1.0,112.06667,1822.64444,1.0,18.7,7.07407,3.9,1.0,8.11111,6.77778,4.51111,222.24444,D1.i_3
23360.03333,23838.65556,49075.36667,1384.2,101154.26667,439.55556,18.88889,20.28889,3714.96667,220170.9,11.0,233.66667,69.06667,1593.52222,20.55556,633.91111,1328.17778,211.61111,17725.57778,D1.a_4,1886.93333,218.0,317.88889,67.81481,5393.43333,29.0,1.20741,1.0,100.28889,1785.97778,1.0,17.02222,7.53333,6.34444,1.0,8.66667,1.0,5.31852,187.24444,D1.i_4
20651.03333,22601.98889,48288.58889,1510.31111,98675.15556,326.66667,25.0,39.87778,3684.52222,208304.67778,16.11111,235.55556,60.4,1499.41111,11.33333,588.57778,1387.28889,226.94444,16052.8,D1.a_5,1627.04444,212.0,290.66667,60.12963,4959.65556,146.33333,1.42963,5.28148,113.17778,1670.86667,1.0,16.81111,5.08889,6.56667,1.0,5.77778,5.88889,3.17778,184.46667,D1.i_5
19992.58889,21253.21111,46786.36667,1275.75556,95903.82222,454.0,21.33333,31.33704,3501.52222,200453.34444,12.55556,246.66667,52.06667,1641.96667,18.11111,641.46667,1267.62222,188.72222,16610.91111,D1.a_6,1456.93333,192.77778,252.44444,60.12963,4007.65556,33.33333,1.0,3.14074,95.84444,1534.31111,1.0,17.95556,7.85185,7.45556,1.0,7.33333,1.0,5.95556,190.13333,D1.i_6
21077.25556,22366.87778,47683.92222,1371.08889,95973.82222,524.0,17.33333,17.44815,3488.63333,191308.01111,8.66667,210.77778,65.06667,1567.3,10.33333,594.91111,1411.06667,204.83333,17259.13333,D1.a_7,945.37778,191.66667,268.33333,31.77778,3116.98889,15.0,1.20741,4.08889,103.17778,1476.75556,1.0,16.28889,2.52593,5.23333,1.6037,3.33333,1.88889,2.78519,220.13333,D1.i_7
18005.25556,20102.76667,43852.7,1350.42222,88513.37778,460.33333,15.88889,16.22593,3307.07778,181337.9,11.77778,203.77778,81.73333,1532.74444,1.0,532.57778,1285.4,212.83333,17167.46667,D1.a_8,1071.15556,178.66667,276.0,47.22222,3459.76667,35.55556,1.0,6.22963,93.62222,1413.2,1.0,16.17778,3.4,4.23333,1.0,7.88889,1.88889,2.75556,173.24444,D1.i_8
17609.14444,19665.87778,42294.14444,1162.31111,84632.6,423.33333,17.44444,22.0037,3131.18889,173074.01111,7.88889,205.55556,58.28889,1379.18889,23.33333,587.35556,1494.4,207.94444,15355.24444,D1.a_9,1033.15556,178.44444,221.0,70.35185,3208.76667,93.0,1.0,5.2,87.17778,1340.08889,1.0,10.51111,2.52593,5.68889,1.6037,4.77778,2.77778,3.45185,155.57778,D1.i_9
105124.6,67006.57778,14021.13333,812.13333,521306.85556,1890.01111,24.94444,33.38889,4673.01111,98088.58889,205.11111,9224.6,1622.33333,1785.93333,20.0,1769.44444,1090.66667,941.76667,4881.33333,D10.a_0,735.96667,195.27778,153.11111,104.61111,2008.24444,1093.11111,1.0,2.02963,61.33333,1202.72222,1.55556,112.04444,23.42963,3.94815,1.0,9.51111,10.28889,1.2037,49.4,D10.i_0
101142.48889,63323.91111,12159.24444,642.13333,488647.96667,1522.12222,22.61111,31.59259,4436.12222,94309.7,192.66667,8664.26667,1487.33333,1734.82222,23.55556,1762.22222,1008.55556,904.65556,4534.0,D10.a_1,911.85556,201.38889,188.44444,75.57407,2363.46667,684.0,1.55556,1.0,72.77778,1103.27778,1.44444,123.82222,26.95556,2.17778,1.77778,13.4,8.28889,2.07407,55.62222,D10.i_1
96066.6,58081.02222,12581.68889,688.46667,457847.85556,2025.78889,17.94444,28.03704,4361.01111,91418.25556,202.22222,8057.93333,1362.77778,1695.37778,25.11111,1631.11111,872.88889,901.54444,4527.11111,D10.a_2,704.96667,182.16667,159.55556,63.03704,2029.8,657.44444,1.0,2.02963,65.0,956.5,1.77778,131.15556,27.62222,1.53333,1.0,12.24444,51.37778,2.31481,45.4,D10.i_2
92653.93333,57086.13333,12329.02222,778.8,451547.3,1294.01111,20.05556,45.05556,4207.78889,87932.58889,193.77778,8056.93333,1389.0,1592.93333,11.77778,1642.66667,1033.44444,860.43333,4277.33333,D10.a_3,669.18889,163.05556,173.55556,47.48148,2005.46667,657.44444,1.11111,6.22963,87.11111,846.38889,1.55556,142.04444,17.73333,1.97037,1.77778,20.95556,7.46667,2.51852,44.51111,D10.i_3
90933.04444,57222.91111,14034.57778,655.02222,443771.63333,1887.78889,22.27778,59.05556,4133.12222,84309.92222,186.66667,8012.04444,1466.11111,1624.15556,15.11111,1712.11111,1059.22222,933.43333,4701.66667,D10.a_4,728.3,478.16667,180.33333,73.5,2077.46667,1023.33333,1.0,13.95556,68.11111,799.38889,1.66667,106.04444,22.65185,2.97037,1.0,22.51111,6.28889,1.53704,48.06667,D10.i_4
88307.37778,55351.35556,11608.68889,683.35556,443662.74444,987.78889,21.16667,34.83333,3838.23333,80389.47778,179.22222,7699.6,1326.77778,1492.48889,14.22222,1550.11111,1062.11111,833.54444,4050.44444,D10.a_5,649.3,188.16667,183.11111,34.12963,1946.57778,573.33333,1.55556,1.0,77.77778,736.72222,1.55556,135.15556,26.06667,2.07407,1.0,13.93333,7.28889,2.31481,52.95556,D10.i_5
86055.04444,53315.24444,10471.24444,626.57778,424978.52222,1238.56667,15.72222,39.7037,3848.12222,77955.58889,180.88889,7363.6,1385.0,1488.71111,16.0,1506.11111,793.77778,743.43333,3673.66667,D10.a_6,464.52222,144.72222,145.44444,65.12963,1404.8,622.55556,1.0,5.2,75.0,673.61111,1.55556,150.26667,20.51111,3.94815,1.0,12.48889,11.75556,1.87037,43.84444,D10.i_6
83381.26667,50936.35556,10705.35556,593.13333,409299.07778,878.9,20.16667,32.59259,3551.12222,76114.81111,170.88889,7009.93333,1318.0,1402.71111,13.44444,1362.11111,818.55556,758.54444,3703.22222,D10.a_7,591.18889,149.83333,141.66667,75.81481,1658.57778,772.55556,1.0,3.05926,75.88889,636.5,1.33333,120.04444,26.51111,3.40741,1.0,15.17778,33.13333,2.14815,38.51111,D10.i_7
81451.26667,49662.35556,11860.13333,701.35556,400663.18889,1176.78889,19.27778,19.55556,3530.23333,73899.36667,164.22222,7091.48889,1225.44444,1420.04444,11.66667,1438.11111,1160.44444,821.98889,4127.55556,D10.a_8,569.63333,175.05556,143.44444,46.90741,1888.68889,731.33333,1.22222,8.45185,65.11111,626.05556,1.33333,131.93333,26.17778,2.84444,1.0,10.6,6.28889,4.46296,45.84444,D10.i_8
80330.04444,48268.91111,10213.68889,608.57778,395637.18889,550.23333,15.61111,23.7963,3484.67778,72602.58889,175.77778,6753.93333,1195.77778,1304.37778,12.66667,1311.11111,746.44444,706.43333,3617.0,D10.a_9,539.74444,199.27778,138.66667,73.72222,1625.02222,1220.66667,1.22222,5.2,95.11111,579.05556,1.66667,161.15556,20.84444,3.74074,1.0,12.51111,11.93333,2.61111,63.62222,D10.i_9
18334.83333,5574.1,47798.48889,648.63333,38218.17778,110.77778,81.77778,19.22222,3405.16667,888665.11111,173.97778,2375.46667,3645.44444,803.88889,12.97778,224.22222,351.33333,8489.58889,56418.24444,D100.a_0,365.03333,47.33333,222.73333,37.62222,533.98889,56.0,1.11111,10.81481,12.61111,4892.42222,1.77778,36.88889,13.55556,2.55556,1.0,4.35556,5.77778,35.51111,298.44444,D100.i_0
15091.83333,4268.98889,46936.71111,517.07778,32370.95556,98.77778,83.44444,32.88889,2639.38889,726167.11111,138.75556,1962.57778,2954.0,637.77778,6.66667,194.55556,273.11111,5907.03333,57349.68889,D100.a_1,374.92222,45.22222,211.4,34.84444,553.1,68.0,1.22222,1.82963,11.61111,4315.64444,1.88889,31.66667,12.88889,2.66667,1.0,4.66667,5.55556,30.95556,289.22222,D100.i_1
13382.5,3800.21111,46140.37778,656.41111,29987.06667,137.66667,96.55556,39.88889,1996.38889,628263.0,99.42222,1599.46667,2454.88889,665.11111,4.75556,167.33333,312.88889,3748.03333,65024.02222,D100.a_2,344.25556,24.33333,183.95556,65.68889,480.43333,6.88889,1.0,4.6,9.83333,3895.97778,1.22222,20.11111,12.0,2.11111,3.32593,8.84444,7.66667,23.46667,254.0,D100.i_2
13519.38889,3810.65556,44071.37778,578.85556,28633.84444,150.11111,76.44444,20.33333,1800.38889,589866.77778,96.2,1499.91111,2166.88889,608.55556,7.44444,193.88889,330.44444,3289.03333,60619.24444,D100.a_3,393.7,33.22222,190.84444,32.16667,535.21111,91.0,1.0,7.76296,12.16667,3560.53333,1.33333,30.44444,10.44444,1.77778,1.71852,4.51111,1.88889,26.73333,243.66667,D100.i_3
12764.16667,3625.32222,44503.15556,542.96667,28664.06667,94.44444,73.11111,13.55556,1835.72222,563597.88889,102.97778,1525.68889,2121.66667,578.44444,3.08889,184.44444,303.88889,4027.36667,53592.46667,D100.a_4,444.58889,33.22222,215.51111,24.76667,639.1,70.11111,1.0,8.48148,11.27778,3313.86667,1.22222,23.66667,8.22222,1.44444,1.0,4.66667,1.88889,24.28889,201.88889,D100.i_4
11640.27778,3465.21111,47237.93333,442.41111,24490.17778,160.33333,73.77778,11.11111,1753.38889,531882.33333,101.42222,1388.13333,2117.66667,577.55556,1.6,171.11111,361.22222,3555.25556,51708.8,D100.a_5,472.47778,36.33333,175.4,37.58889,730.87778,117.77778,1.11111,7.65185,9.83333,3135.53333,1.55556,26.44444,9.22222,1.22222,1.0,6.37778,1.88889,24.73333,220.44444,D100.i_5
11748.16667,3256.76667,47107.48889,511.85556,26349.06667,215.77778,70.55556,11.0,1552.5,518830.55556,89.08889,1461.35556,2033.55556,551.77778,4.28889,167.0,638.55556,3233.81111,55834.91111,D100.a_6,381.14444,24.22222,185.84444,37.62222,630.1,16.88889,1.11111,8.04444,10.05556,2935.86667,1.0,21.55556,8.22222,1.44444,1.0,6.68889,2.88889,16.06667,180.44444,D100.i_6
11517.5,3153.76667,41557.15556,395.96667,25173.51111,90.33333,68.55556,10.11111,1615.94444,502395.22222,85.53333,1363.46667,1915.33333,546.55556,6.06667,169.22222,337.55556,3786.81111,46277.46667,D100.a_7,441.03333,17.22222,172.28889,27.02222,658.87778,134.0,1.0,5.42963,10.27778,2826.2,1.22222,25.55556,10.44444,1.11111,1.0,1.73333,1.88889,21.73333,176.66667,D100.i_7
9891.38889,2678.32222,40666.6,287.52222,23980.84444,65.88889,60.22222,16.88889,1362.94444,481792.33333,73.86667,1181.02222,1601.11111,487.0,4.57778,133.33333,341.44444,3269.25556,45935.35556,D100.a_8,488.25556,24.22222,193.17778,53.14444,744.65556,146.22222,1.11111,1.82963,10.5,2716.08889,1.33333,28.55556,8.44444,1.0,1.71852,6.08889,3.77778,15.31111,168.77778,D100.i_8
11368.61111,3126.32222,45894.48889,385.74444,23837.95556,176.66667,65.0,18.22222,1505.38889,464471.33333,77.64444,1331.91111,1635.22222,499.33333,10.28889,141.33333,278.88889,3253.03333,46263.68889,D100.a_9,373.36667,16.33333,187.06667,19.46667,563.54444,25.11111,1.11111,2.94074,6.05556,2558.86667,1.11111,30.55556,9.22222,2.11111,1.0,3.77778,4.66667,14.06667,182.77778,D100.i_9
12440.66667,14416.06667,30432.44444,785.15556,134950.88889,2203.0,80.66667,201.34444,988.92222,325330.02222,80.77778,747.33333,1047.77778,258.22222,6.66667,958.33333,370.22222,80.12222,4912.2,D11.a_0,434.56667,227.1,115.86667,28.33333,1763.77778,445.88889,1.43704,2.98889,21.91111,5569.87778,2.73333,21.15556,29.18889,3.17778,1.0,5.2963,3.77778,3.61111,55.04444,D11.i_0
11758.77778,13803.17778,28233.88889,1040.48889,125147.44444,1242.88889,83.77778,206.01111,952.25556,312976.46667,98.0,706.55556,960.44444,265.88889,3.44444,898.33333,389.0,75.56667,4869.53333,D11.a_1,428.34444,206.98889,134.42222,56.97778,1724.66667,429.33333,1.51852,3.86667,24.68889,5302.87778,2.2963,32.93333,32.52222,3.27407,1.0,4.2963,1.0,1.94444,50.71111,D11.i_1
10645.11111,12637.06667,24947.66667,1143.71111,113491.11111,957.11111,70.22222,162.67778,888.36667,294303.68889,78.0,602.0,912.11111,259.44444,4.22222,709.66667,276.22222,65.23333,4296.75556,D11.a_2,422.67778,191.76667,112.42222,18.31111,1749.44444,289.77778,1.24444,3.86667,25.46667,5003.65556,1.96296,20.08889,31.52222,4.94815,1.0,7.51852,6.55556,5.5,53.82222,D11.i_2
10232.88889,12374.06667,26572.44444,1004.37778,109779.88889,1253.0,71.11111,173.12222,869.81111,279164.57778,80.0,568.88889,895.55556,282.44444,3.44444,793.55556,323.66667,68.78889,4191.42222,D11.a_3,409.56667,231.43333,131.42222,41.31111,1606.55556,470.44444,1.65926,1.87778,26.57778,4646.98889,2.18519,17.82222,31.41111,3.82963,1.0,6.13333,10.33333,3.18889,48.04444,D11.i_3
11019.33333,12990.95556,29496.44444,937.48889,117479.0,1238.77778,83.11111,264.45556,861.25556,265683.91111,85.66667,730.0,902.0,239.77778,3.33333,1014.33333,374.11111,105.56667,4696.86667,D11.a_4,375.01111,170.43333,105.75556,50.46667,1433.33333,390.44444,1.32593,1.87778,29.02222,4368.98889,2.82963,18.08889,27.63333,3.05926,1.0,6.48889,7.55556,4.42222,44.71111,D11.i_4
10487.66667,12405.62222,28103.33333,939.82222,109583.44444,1290.0,83.11111,272.56667,811.7,256355.91111,76.66667,703.33333,935.88889,247.22222,3.44444,1105.22222,408.66667,105.78889,4816.75556,D11.a_5,370.9,190.65556,97.08889,55.6,1483.33333,413.0,1.16296,2.75556,25.24444,4237.98889,2.71852,21.82222,22.67407,3.3037,1.68889,5.2963,3.77778,3.18889,52.26667,D11.i_5
9920.55556,12321.95556,29882.66667,895.93333,104664.33333,1236.44444,89.77778,254.01111,810.58889,244374.13333,72.77778,654.66667,827.0,238.88889,3.44444,1067.55556,323.55556,98.34444,4369.53333,D11.a_6,368.34444,181.65556,94.53333,42.6,1503.88889,515.77778,1.24444,5.62222,20.46667,4080.32222,2.51111,18.71111,22.85556,1.85926,1.0,4.9037,1.88889,3.51111,42.04444,D11.i_6
8769.11111,10846.73333,28595.22222,805.82222,97049.77778,1090.88889,73.88889,224.56667,760.7,232186.91111,67.33333,593.66667,740.55556,266.22222,4.22222,957.11111,491.0,90.23333,4075.64444,D11.a_7,361.12222,123.21111,64.97778,43.97778,1288.11111,256.88889,1.4963,1.87778,16.57778,3949.43333,2.62963,19.48889,20.8963,2.95556,2.37778,4.45926,6.44444,3.4,36.82222,D11.i_7
9402.77778,11839.95556,30520.0,818.71111,99005.0,1592.22222,82.55556,271.34444,807.36667,226152.35556,72.0,613.11111,776.88889,253.44444,3.33333,1178.33333,367.22222,104.23333,4449.53333,D11.a_8,322.67778,168.54444,97.86667,50.26667,1257.66667,410.88889,1.32593,3.86667,24.8,3859.98889,2.82222,24.82222,23.3,1.86667,1.0,6.18519,2.88889,3.05556,52.71111,D11.i_8
9235.22222,11226.95556,28249.66667,810.93333,95535.55556,1086.55556,80.22222,218.78889,770.81111,221869.02222,66.55556,597.22222,725.0,196.0,3.44444,1090.11111,462.22222,92.12222,4108.31111,D11.a_9,354.56667,129.1,91.97778,32.37778,1354.55556,219.88889,2.01481,4.74444,24.57778,3755.54444,1.52593,22.2,23.3,1.31111,1.0,4.6,4.66667,5.42222,39.71111,D11.i_9
11496.77778,8542.22222,81177.01111,2143.37778,69385.3,1664.11111,18.01111,3102.15556,560.22222,31574.01111,10.82222,183.24444,71.22222,857.71111,1.0,1046.64444,448.22222,72.37778,3576.42222,D12.a_0,611.33333,194.77778,1374.75556,144.03333,2809.33333,217.77778,1.55556,35.78889,180.36667,1111.01111,1.31111,43.22222,6.0,14.77778,1.0,13.51111,1.0,4.2,218.77778,D12.i_0
9226.66667,7143.88889,61687.9,1730.71111,54920.85556,1423.66667,14.34444,2536.04444,476.55556,27857.12222,6.26667,176.91111,61.66667,659.6,1.0,834.86667,384.22222,51.6,3077.31111,D12.a_1,582.88889,262.22222,1479.64444,115.65556,3169.11111,316.33333,1.22222,43.9,181.92222,1011.78889,1.53333,27.22222,5.88889,12.44444,1.77778,12.20741,50.0,3.44444,177.66667,D12.i_1
9890.22222,7010.77778,67377.23333,1823.26667,56765.3,1386.55556,12.23333,2798.26667,497.33333,26383.67778,8.48889,187.57778,53.55556,710.26667,1.0,944.42222,449.22222,51.04444,3115.53333,D12.a_2,497.55556,207.88889,1159.86667,149.14444,2618.44444,115.0,1.22222,32.12222,152.81111,943.34444,1.42963,14.88889,8.66667,10.44444,1.0,5.48889,66.0,6.35556,153.77778,D12.i_2
9866.22222,7616.22222,74512.34444,1998.71111,59240.85556,1339.44444,11.01111,2653.04444,467.33333,24342.45556,8.26667,178.57778,65.77778,634.37778,1.0,817.42222,316.55556,50.93333,3166.2,D12.a_3,560.77778,219.88889,1093.2,134.84444,2860.33333,139.66667,1.11111,30.4037,190.92222,901.12222,1.20741,27.11111,7.44444,10.77778,1.0,12.31852,2.88889,3.44444,198.88889,D12.i_3
9379.22222,6995.55556,67925.56667,1758.82222,54517.07778,1191.33333,10.78889,2544.04444,466.55556,22244.56667,7.26667,175.24444,60.11111,611.48889,1.0,1030.53333,275.11111,40.82222,3138.53333,D12.a_4,478.33333,153.33333,866.08889,83.4,2359.33333,166.55556,1.22222,39.73704,176.36667,822.78889,1.65185,36.0,6.66667,7.55556,1.77778,14.76296,3.77778,5.2,173.0,D12.i_4
10651.11111,8369.44444,85009.34444,2052.93333,66537.41111,587.33333,6.56667,3089.04444,689.44444,19798.9,22.93333,208.13333,63.0,769.82222,1.0,1957.08889,378.0,66.26667,3007.75556,D12.a_5,580.66667,287.55556,1247.31111,112.98889,3024.77778,137.66667,1.0,46.23333,189.36667,817.56667,1.20741,25.22222,10.88889,10.33333,1.77778,7.62963,68.77778,7.51111,174.66667,D12.i_5
9628.88889,7274.11111,74814.34444,1910.93333,59248.3,901.66667,8.45556,2811.37778,635.66667,18138.34444,18.4963,213.91111,56.22222,670.15556,1.0,1452.53333,323.55556,56.93333,3135.08889,D12.a_6,524.22222,230.0,1125.75556,88.62222,2545.55556,215.88889,1.0,42.78889,187.14444,817.56667,1.1037,30.88889,8.11111,10.11111,1.0,9.23704,56.77778,8.28889,157.88889,D12.i_6
8522.0,5980.66667,65219.01111,1823.48889,51256.96667,833.77778,8.34444,2496.26667,581.33333,17103.12222,19.05926,163.46667,49.22222,647.48889,1.0,1156.64444,333.44444,53.26667,2799.64444,D12.a_7,496.33333,194.77778,1172.64444,120.76667,2551.11111,117.11111,1.11111,28.98519,157.03333,796.67778,1.42963,25.11111,9.55556,12.0,1.0,11.87407,45.11111,8.28889,150.44444,D12.i_7
8780.88889,6942.55556,64310.12222,1575.82222,51642.3,603.88889,8.57778,2726.93333,642.22222,16509.34444,25.71852,168.46667,39.77778,616.37778,1.77778,1429.86667,399.0,45.26667,3497.64444,D12.a_8,431.0,178.66667,875.97778,74.25556,2031.55556,166.44444,1.11111,27.87407,144.47778,770.56667,1.1037,25.0,8.33333,10.0,1.0,9.98519,27.33333,9.33333,140.88889,D12.i_8
7881.44444,5366.44444,60887.01111,1382.26667,48095.85556,677.77778,8.24444,2441.04444,659.44444,16047.01111,16.71852,167.35556,58.66667,554.71111,1.77778,1048.53333,338.55556,48.93333,2752.64444,D12.a_9,517.77778,177.44444,1056.08889,119.51111,2612.0,174.55556,1.0,32.42963,140.36667,723.56667,1.54074,20.22222,7.0,9.11111,1.0,9.12593,47.0,2.6,152.33333,D12.i_9
13972.13333,9251.0,213935.28889,541.9,34625.35556,341.11111,11.0,63615.48889,428.17778,52641.51111,12.71111,626.44444,131.44444,1151.77778,1.0,1290.11111,1151.73333,21.75556,850.62222,D13.a_0,1040.94444,135.62222,182.81111,20.0,1744.08889,237.86667,1.1,1200.2,16.46667,1314.62222,1.33333,16.0,6.14074,3.91111,1.0,10.42963,11.55556,1.94444,11.36296,D13.i_0
13982.35556,9315.88889,197979.84444,557.23333,42926.68889,254.88889,8.11111,62003.26667,375.28889,50787.51111,13.6,661.22222,120.22222,1220.55556,1.0,1295.0,914.06667,17.08889,818.17778,D13.a_1,1030.05556,127.51111,214.92222,33.22222,1638.75556,271.91111,1.0,1033.97778,18.24444,1130.95556,1.33333,13.0,8.14074,3.82222,1.0,6.48889,7.66667,1.47778,8.19259,D13.i_1
13483.13333,8586.55556,214685.17778,500.67778,37388.02222,186.88889,7.88889,58096.26667,331.95556,49256.95556,10.71111,703.0,127.11111,1064.88889,1.77778,1273.22222,707.06667,21.31111,731.4,D13.a_2,995.05556,106.46667,193.14444,45.0,1799.08889,95.97778,1.0,868.86667,14.35556,1031.73333,1.0,16.77778,5.47407,3.7,1.0,10.57037,74.88889,2.37778,8.47407,D13.i_2
13103.46667,8470.77778,223976.84444,560.01111,33449.13333,248.44444,5.88889,57484.26667,396.51111,47741.4,10.04444,702.55556,115.55556,978.44444,1.0,1436.77778,1170.28889,20.2,681.51111,D13.a_3,923.94444,117.51111,170.25556,46.77778,1568.53333,54.73333,1.1,839.86667,19.24444,995.17778,1.22222,20.55556,3.0963,3.92222,1.77778,6.79259,39.33333,2.72222,9.75556,D13.i_3
13168.24444,8123.11111,216991.17778,637.23333,36030.46667,462.0,7.33333,56212.26667,338.17778,46363.84444,11.37778,687.0,123.55556,1104.11111,1.0,1456.11111,600.06667,16.42222,702.4,D13.a_4,926.61111,113.4,183.47778,23.55556,1464.42222,28.31111,1.1,858.64444,18.13333,921.06667,1.0,15.66667,2.76296,3.36667,1.0,6.74074,6.55556,1.92222,4.80741,D13.i_4
12227.68889,8146.77778,198851.06667,570.23333,31979.13333,240.55556,7.55556,53577.71111,379.73333,45514.62222,10.48889,657.0,112.0,1101.11111,1.77778,1239.11111,809.4,15.75556,652.28889,D13.a_5,932.5,88.06667,194.36667,27.22222,1607.97778,110.04444,1.1,778.97778,16.13333,889.73333,1.11111,14.11111,5.2,3.25556,1.0,6.34815,97.55556,3.37778,11.08889,D13.i_5
11995.8,8118.22222,203318.06667,541.9,30944.13333,318.55556,6.55556,54048.48889,374.62222,44095.4,9.37778,596.11111,112.22222,792.33333,1.0,1125.0,780.4,22.08889,595.4,D13.a_6,1042.94444,136.73333,187.92222,34.55556,1774.31111,179.82222,1.0,818.64444,13.02222,832.28889,1.0,12.77778,5.54074,3.57778,1.0,7.28889,71.88889,1.47778,9.02963,D13.i_6
11675.46667,7961.77778,240361.06667,603.67778,29901.57778,226.0,10.0,51027.48889,406.62222,42470.95556,11.71111,750.77778,133.0,899.55556,1.0,1388.44444,793.4,24.53333,726.73333,D13.a_7,942.61111,108.28889,177.92222,41.33333,1690.31111,70.93333,1.2,859.53333,19.02222,827.06667,1.11111,12.22222,4.48148,5.12222,1.0,9.57037,34.33333,3.05556,12.08889,D13.i_7
10781.91111,7061.55556,196124.73333,565.12222,29697.57778,359.44444,9.11111,45638.82222,317.28889,40572.06667,9.48889,615.66667,110.44444,1102.22222,1.0,1179.44444,744.73333,28.97778,655.73333,D13.a_8,890.38889,147.51111,171.14444,28.77778,1392.86667,67.06667,1.0,929.75556,19.57778,806.17778,1.22222,16.11111,5.80741,2.12222,1.0,8.93333,1.0,2.4,6.91852,D13.i_8
10693.35556,7032.0,208582.84444,580.45556,27133.24444,226.11111,7.0,46169.26667,405.06667,38505.51111,7.71111,681.66667,115.44444,836.88889,1.0,1303.44444,673.4,18.2,707.62222,D13.a_9,763.16667,64.73333,157.47778,48.22222,1355.64444,184.17778,1.0,661.64444,16.13333,759.17778,1.44444,10.11111,2.15556,2.94444,1.0,7.23704,78.88889,2.13333,8.14074,D13.i_9
12037.85556,17734.22222,35893.83333,14128.64444,58463.06667,1954.0,117.52222,82.15556,5084.57778,416983.58889,163.26667,455.22222,124.4,1749.77778,1.0,579.66667,7181.0,64.45556,18787.73333,D14.a_0,593.87778,235.11111,252.4,25.42963,1928.36667,161.02222,1.38519,6.5037,295.35556,1420.74444,1.77778,15.06667,2.66667,7.77778,1.0,8.91111,28.0,1.81481,54.13333,D14.i_0
11839.07778,16619.66667,33751.5,12901.86667,58240.84444,1530.44444,104.41111,50.71111,4974.46667,398096.58889,154.15556,453.55556,126.62222,1669.44444,1.0,620.44444,6816.44444,46.12222,17868.06667,D14.a_1,601.54444,216.11111,249.51111,15.0963,1968.47778,578.13333,1.71852,1.0,281.24444,1337.18889,2.55556,18.73333,4.44444,6.55556,1.0,6.24444,8.44444,4.48148,51.8,D14.i_1
11542.07778,15835.11111,32313.05556,10996.42222,57661.4,1390.88889,106.3,74.04444,4997.68889,385273.92222,154.48889,425.44444,121.95556,1568.0,1.0,566.44444,6214.44444,31.56667,18768.95556,D14.a_2,614.98889,205.88889,249.06667,25.54074,1905.36667,180.31111,1.19259,7.34074,288.91111,1253.3,3.88889,20.28889,3.66667,8.11111,1.0,3.31111,8.44444,2.55556,92.35556,D14.i_2
11420.18889,16153.66667,33947.61111,11009.86667,56756.84444,1760.66667,105.74444,60.23704,4846.13333,373259.25556,142.93333,443.44444,107.28889,1531.88889,1.0,555.0,6679.33333,48.45556,16924.62222,D14.a_3,614.32222,235.0,281.28889,26.37778,1857.81111,136.46667,1.51111,8.45185,291.8,1205.63333,2.22222,19.06667,2.11111,5.66667,1.0,3.82222,11.44444,1.40741,57.02222,D14.i_3
11235.74444,16041.44444,34004.83333,10258.31111,54299.4,1567.55556,111.52222,74.04444,4939.35556,357400.92222,149.6,411.66667,99.06667,1490.44444,1.0,498.0,5899.33333,52.9,19884.95556,D14.a_4,606.21111,186.88889,291.4,31.2,1930.03333,409.82222,1.60741,3.05926,286.24444,1174.3,3.0,16.17778,2.33333,6.88889,1.0,5.2,7.55556,2.22222,60.13333,D14.i_4
10457.18889,15253.77778,28576.38889,9902.53333,49080.62222,1169.0,100.07778,61.15556,4733.8,349927.81111,138.04444,399.88889,94.95556,1416.0,1.0,473.77778,6014.77778,29.01111,20145.62222,D14.a_5,574.1,208.77778,265.28889,32.80741,1775.58889,304.91111,2.14815,5.28148,263.24444,1111.63333,3.0,12.84444,2.0,6.77778,1.0,1.93333,11.44444,1.81481,74.8,D14.i_5
10926.74444,16282.88889,32034.38889,9396.08889,53863.4,1460.55556,104.96667,61.26667,4736.68889,339936.14444,139.15556,399.66667,86.28889,1493.33333,1.77778,483.44444,5626.66667,53.9,19236.95556,D14.a_6,556.21111,198.88889,228.73333,66.36296,1858.03333,151.15556,1.63704,7.61481,285.91111,1090.74444,1.77778,10.57778,2.66667,6.0,1.0,7.26667,22.11111,2.22222,57.24444,D14.i_6
10547.85556,15861.55556,31070.94444,10911.31111,51787.06667,1368.0,111.74444,58.82222,4656.13333,330161.81111,132.37778,387.55556,91.73333,1488.11111,1.0,515.88889,5843.77778,39.9,19954.51111,D14.a_7,576.32222,181.66667,250.62222,69.97778,1987.92222,214.46667,1.41481,3.14074,287.8,1048.96667,2.77778,16.13333,2.66667,6.55556,1.0,5.68889,7.55556,2.88889,48.57778,D14.i_7
10337.18889,14249.88889,27688.38889,10104.53333,48382.28889,1403.0,92.07778,53.15556,4196.57778,323608.14444,128.26667,341.0,75.51111,1448.55556,1.0,460.77778,5329.77778,41.67778,17608.84444,D14.a_8,595.32222,185.77778,256.73333,17.76296,1943.14444,210.35556,1.0963,6.31111,304.68889,1017.63333,2.66667,11.68889,2.66667,6.11111,2.66667,10.8,15.11111,2.22222,48.02222,D14.i_8
10467.52222,15099.22222,31935.72222,9387.97778,51116.84444,1491.44444,94.07778,78.71111,4945.8,319275.47778,134.71111,419.22222,84.17778,1562.66667,1.77778,484.22222,7966.11111,68.78889,14966.4,D14.a_9,518.65556,211.0,256.4,32.80741,1657.92222,120.02222,1.82963,1.0,290.02222,1017.63333,2.44444,16.24444,1.66667,5.77778,1.0,6.64444,11.55556,2.96296,67.68889,D14.i_9
34242.8,17435.44444,10090.35556,1395.0,235209.31111,1634.13333,79.44444,77.65556,5688.51111,719516.7,410.5,14801.82222,184.06667,1066.22222,3.32593,4735.66667,1169.0,367.83333,4622.97778,D15.a_0,495.12222,158.73333,209.9,78.86667,1720.21111,180.94444,1.0,2.03333,116.02222,3973.48889,6.26667,192.68889,8.33333,5.88889,1.0,9.19259,57.33333,6.21481,34.46667,D15.i_0
32323.46667,16926.22222,9624.13333,1186.22222,220219.97778,1897.35556,76.44444,94.1,5575.06667,675857.14444,358.16667,14459.82222,151.28889,999.22222,2.60741,4633.33333,1200.77778,332.94444,4428.86667,D15.a_1,506.23333,155.84444,231.12222,81.42222,1719.54444,355.61111,1.63704,13.13333,107.24444,3637.82222,8.82222,218.13333,10.66667,7.44444,2.66667,36.3037,27.22222,5.46667,41.02222,D15.i_1
30645.68889,17119.55556,11599.35556,1374.55556,213780.64444,3647.35556,85.11111,149.21111,5282.84444,653944.36667,376.27778,14390.26667,179.28889,998.11111,1.71852,4390.55556,1248.44444,325.83333,5189.64444,D15.a_2,521.01111,164.95556,221.9,97.73333,1808.21111,462.27778,1.0,5.28889,111.8,3459.71111,8.04444,202.24444,7.33333,6.77778,1.0,20.13333,32.0,6.00741,38.91111,D15.i_2
30623.24444,16100.77778,8828.35556,1103.55556,191259.64444,1802.8,72.88889,61.32222,5237.4,628571.14444,356.38889,12592.6,120.95556,922.77778,1.71852,4278.77778,1094.0,288.16667,4138.08889,D15.a_3,517.56667,172.95556,249.12222,58.2,1828.21111,324.83333,1.1037,8.38889,109.57778,3317.93333,7.15556,204.91111,10.33333,5.0,1.0,18.25185,17.33333,5.91111,39.13333,D15.i_3
28469.68889,16986.66667,11270.8,1250.55556,187719.97778,2401.35556,71.66667,89.32222,5195.06667,598490.58889,371.83333,11997.04444,154.62222,903.22222,1.71852,3769.33333,1061.11111,291.94444,4447.53333,D15.a_4,491.9,151.73333,220.01111,78.86667,1879.32222,365.83333,1.42963,7.43333,93.02222,3202.82222,10.6,216.8,10.11111,5.88889,1.0,33.46667,12.44444,3.7037,42.02222,D15.i_4
28584.68889,15789.22222,9124.91111,1101.11111,184397.2,1878.8,57.66667,41.18889,5154.06667,567111.92222,298.05556,11760.26667,135.17778,874.33333,1.0,4151.44444,1531.33333,302.72222,3988.86667,D15.a_5,518.67778,188.06667,222.01111,67.48889,1820.43333,423.61111,1.41481,5.28889,114.68889,3155.48889,8.48889,191.35556,12.11111,5.22222,1.0,22.8,25.11111,3.38519,49.91111,D15.i_5
25906.46667,14785.55556,9660.91111,887.0,163684.08889,1407.91111,58.44444,42.65556,4732.95556,526640.92222,299.5,11099.71111,137.51111,841.66667,1.0,3658.55556,1458.88889,281.5,3502.86667,D15.a_6,482.01111,154.95556,261.01111,99.64444,1709.32222,325.14815,1.1037,12.86667,112.13333,3060.82222,4.94815,184.91111,11.22222,5.88889,1.0,19.68889,21.44444,3.92593,40.57778,D15.i_6
24207.91111,14052.55556,9944.02222,1016.0,155572.75556,1266.68889,62.55556,88.43333,4391.17778,500745.81111,315.83333,10651.37778,111.62222,804.11111,1.0,3186.88889,1241.33333,251.05556,3328.75556,D15.a_7,463.12222,141.51111,182.67778,102.84444,1630.76667,171.03704,1.52593,12.94444,92.91111,2987.71111,9.15556,220.35556,7.66667,4.0,1.77778,24.8,26.11111,4.03704,41.35556,D15.i_7
23327.46667,14436.77778,9819.57778,1070.11111,152323.2,2267.46667,62.44444,82.43333,4230.4,478830.58889,278.61111,9969.37778,131.17778,754.33333,1.0,3169.44444,1007.77778,261.38889,3692.31111,D15.a_8,476.78889,143.73333,209.9,47.91111,1660.54444,655.72222,1.21481,6.32222,103.57778,2909.15556,9.15556,210.13333,8.55556,5.55556,1.0,25.3037,33.11111,3.38519,43.68889,D15.i_8
23006.24444,13732.77778,9102.35556,1005.66667,152215.42222,1660.8,61.11111,71.98889,4178.28889,460461.25556,276.72222,9385.04444,120.17778,732.33333,1.0,3209.0,937.33333,256.72222,3443.08889,D15.a_9,472.45556,148.73333,233.78889,65.04444,1704.1,575.5,1.21481,9.68889,115.02222,2830.04444,7.26667,176.8,6.0,4.11111,1.0,14.25185,22.44444,4.37037,43.68889,D15.i_9
71777.22222,64077.22222,28644.25556,1750.97778,441214.01111,413.91111,41.12222,24.07407,14146.18889,667376.0,166.37778,775.57778,152.22222,1151.22222,1.0,280.62222,1757.95556,66.31111,2513.02222,D16.a_0,1033.18889,308.26667,367.92222,42.91852,4756.38889,671.77778,1.85556,2.6,121.13333,8041.76667,1.66667,36.0,6.0,9.22222,1.0,13.55556,14.33333,4.15185,22.88889,D16.i_0
71418.33333,67619.77778,29636.36667,1570.53333,417055.12222,350.13333,39.01111,45.72222,14372.74444,629992.77778,164.48889,794.91111,159.33333,1218.11111,1.0,293.4,1800.51111,84.31111,2686.8,D16.a_1,901.3,281.26667,354.58889,38.74815,3804.5,924.44444,1.31111,1.8,132.8,7207.32222,1.66667,31.0,11.22222,5.77778,2.55556,13.92593,26.0,2.87037,24.11111,D16.i_1
68844.33333,68675.66667,29178.92222,2150.86667,410210.78889,670.57778,42.78889,34.40741,15400.96667,599251.22222,171.82222,775.02222,176.0,1106.33333,1.77778,336.95556,1963.95556,113.86667,1681.8,D16.a_2,913.63333,323.6,328.25556,80.64444,4220.16667,875.22222,1.63333,1.8,149.02222,6777.1,1.77778,24.0,3.44444,6.55556,1.0,14.92593,15.11111,3.25556,26.77778,D16.i_2
65921.22222,66123.33333,26481.7,1689.31111,394406.01111,520.57778,41.9,50.38889,14914.85556,590107.11111,157.71111,775.8,183.22222,1105.77778,3.44444,391.84444,2272.62222,107.64444,1742.46667,D16.a_3,960.96667,319.48889,343.25556,71.36296,4122.27778,1025.22222,1.62222,2.6,152.91111,6572.43333,1.55556,28.33333,4.88889,6.77778,4.22222,14.18519,14.33333,2.87037,26.22222,D16.i_3
65830.44444,68098.88889,26560.81111,1516.08889,396799.56667,368.68889,46.9,33.2963,14697.52222,578199.77778,161.04444,761.8,188.77778,1072.44444,1.0,327.51111,2152.4,104.08889,1860.35556,D16.a_4,825.41111,243.71111,352.47778,78.31111,3484.05556,281.44444,1.42222,6.42222,136.24444,6315.43333,1.33333,24.66667,5.11111,10.55556,1.0,12.2963,23.88889,2.53704,24.0,D16.i_4
63992.11111,65659.66667,26192.36667,1632.42222,377338.56667,520.68889,40.9,30.72222,14197.63333,564206.22222,150.71111,775.68889,165.33333,1024.88889,1.77778,364.06667,1779.73333,104.64444,2049.91111,D16.a_5,854.63333,261.93333,299.7,52.31111,3883.5,293.77778,1.2,3.71111,138.02222,6116.1,1.11111,33.77778,8.11111,6.66667,1.0,13.2963,13.44444,1.30741,17.33333,D16.i_5
62692.66667,61975.88889,23112.14444,1147.64444,363367.12222,393.35556,30.23333,21.62963,12730.85556,542326.66667,138.37778,701.8,161.66667,950.0,1.0,305.62222,1583.62222,68.53333,2125.13333,D16.a_6,854.18889,246.93333,280.47778,66.97037,3556.94444,263.0,1.3,3.71111,123.46667,5890.65556,2.22222,29.66667,4.88889,6.77778,1.0,10.51852,9.55556,2.8963,21.44444,D16.i_6
56721.77778,59310.33333,23202.25556,1271.2,328843.45556,358.24444,33.34444,21.98148,13225.07778,528931.0,129.71111,675.35556,161.0,940.88889,1.77778,383.73333,1830.4,74.75556,1617.46667,D16.a_7,824.07778,210.6,285.36667,67.08148,3636.16667,519.77778,1.1,2.91111,133.02222,5774.65556,1.77778,34.0,5.0,6.0,3.44444,7.14815,19.22222,2.28148,20.88889,D16.i_7
53315.0,57877.44444,22793.7,1420.86667,333216.45556,454.91111,32.78889,31.72222,12888.85556,517961.77778,130.26667,642.91111,184.77778,946.77778,1.77778,315.62222,1946.28889,75.31111,2061.24444,D16.a_8,821.41111,342.6,279.25556,45.58519,3629.83333,618.22222,1.2,3.71111,126.24444,5586.21111,1.44444,27.77778,4.0,7.66667,1.0,9.25926,8.55556,1.94815,16.66667,D16.i_8
59344.11111,66836.66667,21963.36667,1539.53333,345939.12222,411.8,29.01111,35.51852,13865.3,507532.44444,149.6,758.68889,164.55556,1014.55556,1.0,360.73333,1763.84444,90.42222,1398.02222,D16.a_9,787.52222,292.37778,327.47778,48.97037,3361.27778,349.22222,1.3,4.82222,135.46667,5345.32222,2.11111,27.0,3.77778,7.33333,1.77778,7.92593,20.33333,4.51111,19.88889,D16.i_9
7937.45556,6227.4,18597.22222,5848.91111,85258.44444,745.55556,49.88889,154.22222,3020.8,755169.94444,230.71111,6099.7,319.17778,1267.66667,1.0,1048.33333,2679.0,1670.9,8840.66667,D17.a_0,484.07778,152.22222,244.65556,48.91111,1779.86667,273.22222,1.20741,14.48148,136.92222,5648.31111,6.33333,321.81111,19.44444,13.86667,1.65926,18.0,63.33333,7.98148,113.13333,D17.i_0
7568.01111,5927.84444,18683.33333,6360.35556,78026.88889,860.77778,48.22222,136.66667,2793.68889,687142.72222,211.48889,5924.47778,264.06667,1158.33333,1.0,959.66667,1564.44444,1603.23333,8810.55556,D17.a_1,415.85556,81.77778,217.87778,121.53333,1605.64444,184.88889,1.1037,6.19259,121.92222,5113.2,7.0,312.47778,11.0,6.99259,1.65926,12.11111,74.22222,1.57407,106.24444,D17.i_1
6929.45556,5513.62222,16366.77778,4717.91111,72796.11111,735.55556,42.44444,118.0,2530.24444,639953.94444,194.71111,5467.36667,239.73333,1035.88889,1.77778,893.88889,1826.0,1384.01111,7187.88889,D17.a_2,469.96667,130.33333,194.98889,90.64444,1756.86667,326.66667,1.0,10.92593,94.81111,4809.2,7.11111,436.14444,16.33333,7.1037,1.0,11.55556,35.66667,2.92593,102.46667,D17.i_2
6762.01111,6132.95556,18285.66667,5322.24444,69134.44444,708.77778,47.0,152.0,2506.13333,612229.94444,200.93333,5669.03333,228.4,1111.66667,2.66667,806.22222,2167.88889,1531.78889,7776.22222,D17.a_3,470.3,118.88889,246.32222,91.37778,1673.86667,248.66667,1.20741,11.62222,129.03333,4572.75556,6.22222,420.58889,12.55556,10.97778,3.86667,12.33333,59.66667,4.64815,98.35556,D17.i_3
6380.12222,5338.51111,14997.77778,4746.35556,67252.11111,667.66667,30.55556,87.66667,2184.68889,579102.94444,167.93333,4702.25556,217.17778,857.88889,1.77778,753.77778,1476.77778,1142.67778,7158.0,D17.a_4,495.52222,188.77778,224.87778,101.08889,1682.97778,406.88889,1.0,6.82963,100.81111,4389.42222,6.44444,429.47778,13.44444,6.77037,1.0,11.33333,38.77778,1.57407,114.8,D17.i_4
6672.9,5033.06667,14350.0,5670.91111,71314.22222,566.88889,34.55556,92.33333,2256.46667,566821.5,176.15556,4946.36667,241.4,977.22222,1.0,878.88889,1169.0,1144.9,6231.33333,D17.a_5,445.3,222.0,180.1,92.68889,1524.86667,265.11111,1.20741,8.94074,91.25556,4158.75556,6.77778,365.36667,9.22222,9.53333,2.54815,10.88889,89.22222,1.24074,74.57778,D17.i_5
6509.01111,5182.84444,16515.55556,5479.8,63581.77778,838.0,43.66667,126.33333,2296.13333,552564.16667,163.15556,5141.58889,215.73333,1044.0,3.33333,870.55556,2132.22222,1381.9,7742.33333,D17.a_6,477.18889,137.22222,192.65556,74.57778,1514.86667,521.88889,1.0,4.73333,89.81111,4043.31111,6.0,405.14444,9.0,10.08889,2.31852,11.88889,34.88889,1.0,86.35556,D17.i_6
6465.67778,5133.84444,13630.0,6873.46667,67415.22222,523.88889,32.66667,81.77778,2108.13333,538517.83333,161.26667,4129.36667,218.51111,796.0,1.77778,760.22222,1392.0,1018.9,5465.77778,D17.a_7,465.07778,136.22222,171.1,91.15556,1549.53333,312.22222,1.31111,4.4963,83.47778,3954.08889,5.88889,370.03333,10.66667,8.64444,1.0,11.55556,31.77778,1.81481,66.8,D17.i_7
6109.12222,4725.28889,16079.55556,4958.24444,60103.55556,443.77778,35.55556,86.44444,2226.57778,531329.61111,175.37778,4526.14444,222.4,1000.0,1.0,756.22222,1196.77778,1255.23333,6737.88889,D17.a_8,486.74444,130.0,200.32222,67.42222,1666.31111,275.55556,1.31111,8.17778,97.47778,3765.42222,4.22222,505.7,8.11111,8.08889,3.20741,14.11111,38.77778,1.81481,94.68889,D17.i_8
6073.01111,4443.51111,14126.55556,4989.24444,61614.44444,560.88889,38.22222,84.22222,2027.24444,524067.38889,150.6,4475.36667,217.17778,821.0,3.44444,704.88889,1000.66667,999.45556,6078.11111,D17.a_9,456.07778,125.11111,170.1,80.42222,1598.2,359.55556,1.53333,2.98519,80.81111,3618.31111,4.33333,447.81111,6.44444,8.08889,1.65926,14.0,20.0,2.35185,94.46667,D17.i_9
22492.84444,7362.55556,11972.05556,1138.63333,91054.85556,432.46667,29.28889,42.22222,2162.41111,313484.52222,9.66667,905.35556,27.11111,643.11111,1.0,2720.11111,1176.28889,207.33333,5591.31111,D18.a_0,1916.56667,536.0,480.2,106.0963,6582.11111,283.66667,1.20741,5.44444,127.42222,28019.33333,1.0963,113.24444,4.44444,36.26667,1.0,235.68889,37.66667,3.48889,387.48889,D18.i_0
21390.62222,7380.0,11729.05556,1197.96667,93203.63333,676.8,29.73333,39.88889,2124.41111,302351.41111,10.22222,854.91111,32.77778,636.44444,1.0,2814.66667,1018.17778,183.44444,5030.86667,D18.a_1,1654.67778,522.88889,453.42222,51.98519,5854.44444,318.66667,1.1037,6.55556,110.64444,25851.11111,1.28889,117.35556,3.77778,32.04444,1.0,210.91111,34.88889,5.48889,310.82222,D18.i_1
20497.4,7610.44444,11643.5,831.52222,88716.3,716.02222,20.51111,35.33333,2062.3,295998.52222,10.22222,823.8,26.0,583.22222,1.0,2541.55556,732.95556,146.66667,4837.2,D18.a_2,1718.45556,460.11111,419.08889,68.4037,5670.0,708.77778,1.0,20.33333,118.2,24535.77778,1.0,105.35556,3.33333,30.93333,2.55556,213.68889,30.0,6.6,318.04444,D18.i_2
21500.73333,7395.22222,12165.38889,1097.3,92871.3,839.02222,25.73333,26.0,2047.3,291133.96667,9.88889,889.13333,27.22222,617.66667,2.55556,2742.66667,1023.17778,162.22222,4782.53333,D18.a_3,1598.34444,440.22222,414.2,34.0963,5316.0,409.22222,1.0,12.11111,107.64444,22558.55556,1.0,115.68889,3.0,31.26667,1.0,215.02222,22.11111,7.26667,279.82222,D18.i_3
18757.17778,7295.77778,12320.38889,728.52222,84960.85556,489.91111,24.95556,27.33333,2151.74444,286652.3,9.77778,934.57778,25.55556,622.77778,3.44444,2743.33333,637.95556,181.88889,5764.97778,D18.a_4,1407.9,386.44444,388.97778,55.62593,4924.55556,133.66667,1.20741,5.44444,92.97778,20271.44444,1.0963,130.68889,4.0,27.93333,1.0,201.8,35.77778,8.35556,247.37778,D18.i_4
19496.95556,7471.44444,12134.27778,689.74444,84259.18889,588.35556,30.62222,39.88889,2142.07778,281207.74444,11.0,879.68889,29.55556,657.66667,2.66667,2590.33333,859.73333,190.55556,6523.31111,D18.a_5,1296.12222,299.77778,347.86667,46.87407,4545.0,376.33333,1.1037,2.11111,79.86667,18316.0,1.0963,91.02222,3.66667,20.48889,1.0,151.35556,23.22222,9.93333,221.48889,D18.i_5
19043.28889,7315.22222,12460.05556,944.96667,86035.52222,822.57778,25.06667,44.66667,2157.63333,273946.3,9.88889,850.13333,32.44444,699.44444,1.0,2573.66667,779.4,187.88889,5375.53333,D18.a_6,1173.78889,318.66667,379.08889,50.51481,4217.33333,176.88889,1.0,5.44444,71.53333,16461.0,1.28889,101.02222,2.33333,17.71111,1.0,137.35556,9.44444,12.08889,191.82222,D18.i_6
18170.17778,7453.11111,12434.16667,908.96667,80913.74444,717.8,24.06667,51.55556,2352.07778,268388.52222,6.22222,925.91111,38.22222,762.22222,1.0,2744.66667,801.06667,187.22222,6290.97778,D18.a_7,1165.67778,335.0,290.64444,48.93333,3805.88889,201.55556,1.1037,6.55556,72.75556,15179.11111,1.0,86.24444,3.77778,18.71111,1.0,123.8,23.11111,6.26667,174.48889,D18.i_7
19857.17778,7188.33333,12457.61111,1125.85556,82704.18889,495.91111,27.73333,47.88889,2092.3,264509.41111,7.66667,886.57778,26.88889,650.88889,1.77778,2682.11111,897.06667,189.0,6147.2,D18.a_8,1082.01111,304.77778,250.75556,14.99259,3462.0,127.66667,1.0,2.11111,61.2,13797.88889,1.0,70.91111,1.66667,17.6,1.0,109.46667,11.33333,7.06667,177.93333,D18.i_8
18119.4,6760.0,13168.38889,1066.63333,80567.41111,728.13333,24.06667,42.11111,2062.3,259281.3,7.11111,844.68889,33.0,695.44444,1.0,2345.66667,965.51111,191.33333,6652.42222,D18.a_9,919.56667,201.88889,248.64444,58.18148,3136.0,23.11111,1.0,7.66667,59.75556,12789.55556,1.0963,63.57778,1.0,17.48889,1.0,111.8,13.22222,8.73333,178.04444,D18.i_9
12930.72222,9324.73333,17182.66667,1084.96667,78699.9,616.33333,22.33333,22.26667,5401.0,615534.27778,35.73333,1192.44444,65.0,1537.48889,1.0,3747.88889,898.77778,41.58519,3397.53333,D19.a_0,728.26667,208.28889,277.85556,59.57778,2939.21111,2228.13333,1.11111,9.88889,338.07778,5729.84444,2.33333,57.25556,9.85926,5.82963,1.71852,28.87407,12.33333,4.95185,41.44444,D19.i_0
12422.5,9880.84444,16397.33333,1438.52222,75626.23333,805.22222,22.0,42.04444,5109.55556,580909.83333,30.62222,1133.77778,66.88889,1480.82222,1.0,3361.44444,844.22222,54.31111,3285.64444,D19.a_1,709.37778,172.84444,292.41111,44.13333,2909.43333,2115.8,1.22222,7.66667,324.41111,5562.17778,1.77778,54.03333,13.35556,5.05185,1.0,24.95556,13.44444,4.91111,51.22222,D19.i_1
11726.83333,9378.73333,16141.66667,1262.85556,73383.67778,706.66667,21.66667,50.26667,4874.11111,551151.72222,26.73333,1065.33333,82.44444,1424.71111,1.0,3342.33333,807.77778,51.64444,3137.2,D19.a_2,689.26667,161.95556,230.3,19.45926,2806.98889,1642.57778,1.0,11.0,314.52222,5405.06667,1.44444,46.14444,9.97778,8.82963,1.0,22.51111,20.22222,1.94074,41.33333,D19.i_2
12031.72222,9032.62222,16588.88889,1247.41111,73353.45556,1107.22222,18.33333,46.08889,5138.88889,534768.38889,31.28889,1060.77778,64.66667,1389.48889,2.55556,3377.33333,870.11111,48.97778,3549.75556,D19.a_3,698.93333,233.51111,263.96667,55.91852,2860.54444,2483.68889,1.0,10.0,320.74444,5210.84444,2.22222,51.14444,9.19259,8.71111,1.0,23.06667,10.44444,2.01111,61.77778,D19.i_3
11839.05556,8953.84444,15525.33333,961.18889,72121.01111,953.11111,16.88889,42.64444,4745.44444,526633.16667,25.84444,1099.77778,69.33333,1342.37778,1.0,3241.33333,828.66667,49.31111,3295.31111,D19.a_4,723.37778,223.51111,268.18889,45.6963,2752.87778,2405.68889,1.0,14.44444,302.52222,5037.73333,1.77778,45.92222,15.3037,6.48889,1.0,32.51111,10.44444,2.87037,59.33333,D19.i_4
11218.16667,9145.06667,15993.44444,930.18889,69439.23333,1023.0,16.22222,45.08889,4704.0,511912.72222,27.95556,1026.22222,67.0,1382.82222,1.0,2997.11111,997.88889,60.31111,3464.53333,D19.a_5,760.26667,250.51111,251.3,68.2,3013.1,1578.68889,1.11111,8.88889,344.41111,4901.51111,1.88889,51.92222,8.14815,6.93333,1.71852,29.62222,5.66667,3.31481,52.44444,D19.i_5
10491.94444,9014.73333,16314.11111,1056.52222,65058.67778,819.66667,18.55556,37.06667,4728.88889,502211.38889,27.84444,992.0,67.66667,1357.71111,1.0,3041.33333,905.66667,57.86667,3434.97778,D19.a_6,700.6,193.17778,288.3,87.41481,2897.1,1846.35556,1.0,6.55556,326.07778,4806.73333,2.0,50.36667,9.97778,5.37778,3.38519,21.84444,9.55556,2.98148,47.88889,D19.i_6
10361.38889,8581.17778,14754.66667,1590.85556,63913.78889,1327.66667,17.11111,41.53333,4698.77778,490951.05556,25.84444,971.88889,66.44444,1319.37778,1.0,2890.88889,1071.22222,58.86667,3318.42222,D19.a_7,705.6,197.28889,240.74444,71.47407,2843.43333,1893.68889,1.0,6.55556,325.52222,4686.4,1.55556,48.03333,9.6963,6.15556,1.71852,19.84444,8.44444,3.64815,69.11111,D19.i_7
10445.27778,8305.51111,15536.22222,1125.96667,63873.9,1321.33333,22.22222,34.42222,4576.88889,473659.83333,24.84444,950.11111,65.88889,1291.15556,1.0,2837.66667,864.22222,50.08889,3039.75556,D19.a_8,654.71111,207.28889,228.85556,99.2,2569.98889,2816.46667,1.11111,12.11111,279.18889,4565.51111,2.22222,41.81111,11.6963,7.04444,1.0,15.65185,5.77778,4.42593,55.11111,D19.i_8
10425.38889,8339.06667,13674.55556,1751.18889,63701.23333,694.44444,12.88889,38.17778,4101.11111,458674.38889,23.28889,946.0,69.66667,1237.04444,1.0,2863.11111,799.77778,51.64444,2967.53333,D19.a_9,660.26667,188.06667,283.63333,97.85926,2701.1,1574.91111,1.22222,7.77778,298.3,4508.06667,1.66667,43.25556,8.74815,6.48889,1.0,27.51111,4.66667,6.02222,43.33333,D19.i_9
9451.72222,2142.02222,18872.64444,7112.44444,122885.74444,2396.33333,132.33333,111.1,416.96667,252124.26667,50.77778,16503.13333,261.54444,1240.64444,1.0,1924.44444,2242.55556,5454.28889,18383.82222,D2.a_0,815.8,85.47778,331.14444,106.24815,2765.04444,947.33333,1.85556,7.19259,48.7,3284.81111,2.46667,739.98889,8.55556,17.55556,1.0,16.51111,48.77778,37.03704,311.61111,D2.i_0
9440.16667,2186.8,24513.64444,7947.0,132954.85556,2443.33333,150.22222,93.43333,417.41111,241243.37778,66.77778,17264.68889,253.43333,1391.08889,1.77778,1762.22222,2568.11111,5602.73333,18021.37778,D2.a_1,1599.02222,199.47778,516.92222,132.13704,4649.93333,283.33333,2.06667,6.2,48.58889,3190.14444,1.60741,707.54444,11.55556,22.0,1.0,14.20741,58.44444,51.33333,232.05556,D2.i_1
8188.16667,1937.91111,19380.64444,8929.22222,139968.41111,2245.88889,167.44444,88.65556,389.3,234301.15556,53.11111,16220.35556,61.98889,1193.08889,1.0,1729.77778,2276.33333,5382.17778,15005.37778,D2.a_2,925.24444,125.84444,354.14444,161.91852,3344.26667,369.88889,2.48889,3.1037,49.14444,3064.25556,2.8963,695.54444,7.66667,17.11111,1.77778,23.06667,51.66667,36.22222,265.83333,D2.i_2
8929.5,2072.46667,22376.86667,8324.33333,126155.74444,3157.33333,159.77778,96.76667,399.74444,228802.48889,71.44444,16795.35556,211.43333,1274.53333,1.0,1580.55556,3016.33333,5385.73333,17249.48889,D2.a_3,958.8,191.47778,369.47778,134.92222,3176.37778,926.88889,2.36667,5.08889,40.92222,2975.03333,2.77037,691.98889,6.55556,14.22222,1.0,19.62222,46.66667,37.37037,257.94444,D2.i_3
8939.38889,2024.8,18263.64444,7634.44444,132506.07778,3425.44444,164.44444,110.98889,448.74444,224188.26667,58.0,16212.13333,134.76667,1387.97778,1.0,1735.66667,2767.22222,5033.84444,16385.04444,D2.a_4,957.24444,79.28889,386.25556,158.25556,3126.04444,620.44444,2.27778,5.08889,42.47778,2922.25556,2.68889,649.76667,6.11111,14.55556,1.0,19.65185,76.33333,34.81481,284.72222,D2.i_4
8799.83333,2008.8,22322.42222,7132.77778,112891.52222,2669.33333,139.0,105.1,411.63333,220906.82222,72.0,15959.68889,182.43333,1191.86667,1.0,1915.88889,2182.0,4998.84444,14949.6,D2.a_5,1147.13333,218.92222,393.14444,134.69259,3716.82222,608.0,1.84444,1.99259,48.92222,2838.7,3.78519,656.98889,8.44444,19.33333,2.66667,12.45926,59.77778,35.77778,263.5,D2.i_5
8340.72222,2157.24444,18673.75556,7375.44444,113961.96667,3364.11111,161.88889,103.87778,389.96667,216477.04444,73.88889,14809.91111,105.76667,1338.64444,1.0,1780.88889,2492.88889,4906.17778,15242.82222,D2.a_6,997.02222,139.81111,350.7,118.02963,3408.26667,867.0,3.81111,3.1037,42.92222,2749.92222,2.56296,686.54444,10.33333,15.33333,1.0,16.28889,38.77778,42.77778,283.27778,D2.i_6
8650.94444,1976.24444,18062.42222,7510.11111,114601.96667,2087.55556,145.88889,92.21111,416.41111,213005.6,68.77778,15513.02222,104.32222,1074.2,1.77778,1860.66667,2049.88889,4915.51111,14619.82222,D2.a_7,714.46667,210.73333,285.7,123.14074,2816.93333,540.22222,2.18889,3.1037,49.7,2670.7,3.65926,621.65556,7.11111,13.55556,1.77778,20.06667,48.0,27.03704,281.61111,D2.i_7
8167.94444,2036.02222,17796.31111,7011.33333,122298.85556,2379.55556,157.44444,87.65556,405.07778,208757.71111,73.22222,14961.35556,59.76667,1248.42222,2.66667,1835.88889,2131.33333,4711.84444,15262.82222,D2.a_8,550.35556,168.14444,351.25556,89.6963,2085.26667,193.11111,2.05556,1.99259,40.03333,2592.25556,2.14815,602.21111,8.22222,13.11111,1.0,14.45926,28.88889,26.66667,286.83333,D2.i_8
7947.05556,1858.13333,16731.53333,7530.77778,115294.74444,2599.55556,143.55556,95.65556,356.18889,202271.15556,66.0,14435.8,220.76667,970.86667,2.66667,1759.55556,1783.33333,4799.84444,13291.26667,D2.a_9,636.8,145.03333,341.03333,105.02222,2437.6,554.66667,2.36667,1.99259,42.92222,2550.47778,2.48148,663.87778,4.22222,15.33333,1.77778,18.31852,63.66667,42.55556,314.05556,D2.i_9
19077.95556,6772.33333,9804.22222,796.38889,110439.85556,675.77778,24.48889,15.03333,2924.36667,252053.06667,22.3,1492.13333,35.0,1086.11111,1.0,368.0,1086.38889,30.03333,1518.62222,D20.a_0,234.05556,162.03333,256.63333,9.68889,1216.64444,3563.0,1.1037,4.33333,62.96667,4072.1,1.33333,45.66667,6.71481,7.55556,1.0,7.86667,8.55556,3.63333,17.97778,D20.i_0
17511.17778,6228.55556,9255.77778,850.61111,102929.96667,714.77778,17.04444,16.36667,2702.81111,237682.17778,22.63333,1435.02222,25.66667,1076.44444,1.0,348.11111,1089.27778,30.81111,1325.51111,D20.a_1,240.5,143.92222,268.07778,39.15556,1209.97778,3301.11111,1.1037,2.11111,69.52222,3747.1,1.33333,41.33333,6.42222,5.77778,1.0,5.75556,6.55556,1.46667,23.42222,D20.i_1
17114.73333,5771.11111,8659.88889,783.5,97718.52222,706.66667,18.04444,10.71111,2422.25556,223094.28889,24.07778,1222.68889,27.22222,908.0,1.0,330.66667,1218.05556,19.25556,1136.95556,D20.a_2,246.38889,117.7,238.18889,20.7037,1197.2,3097.44444,1.42222,3.22222,68.07778,3526.87778,1.22222,34.88889,5.35185,6.44444,1.0,9.36296,9.33333,3.48889,29.86667,D20.i_2
16306.4,5921.22222,8199.44444,873.94444,94012.52222,1019.11111,14.37778,8.72222,2379.92222,214781.84444,24.52222,1223.35556,20.33333,937.33333,1.0,353.22222,1035.83333,20.03333,1245.4,D20.a_3,236.05556,108.84444,209.3,20.93333,1137.08889,3122.33333,1.1037,2.11111,69.41111,3301.43333,1.22222,37.33333,8.49259,7.11111,1.0,5.97778,6.55556,2.72222,15.53333,D20.i_3
15842.51111,5520.0,7903.66667,819.61111,91599.52222,1224.44444,15.71111,4.74444,2289.25556,208141.17778,22.3,1121.35556,23.44444,878.44444,1.0,318.33333,1027.94444,17.47778,1151.06667,D20.a_4,227.16667,116.7,210.3,26.4963,1128.53333,2733.33333,1.0,4.33333,62.85556,3154.54444,1.0,41.33333,6.45185,6.33333,1.0,6.03704,9.22222,2.71111,23.75556,D20.i_4
14169.28889,5246.33333,7978.88889,675.5,86432.07778,476.55556,13.04444,13.27778,2129.7,205120.84444,21.41111,1120.46667,21.77778,846.22222,1.0,330.33333,991.38889,14.47778,1266.06667,D20.a_5,217.72222,116.7,216.63333,28.71111,1079.97778,2504.88889,1.0,8.77778,67.07778,2970.65556,1.0,34.33333,7.2,6.11111,1.0,19.41481,6.66667,1.5,17.53333,D20.i_5
15016.62222,5443.88889,7793.0,698.27778,87563.18889,715.0,14.48889,6.96667,2225.58889,202271.62222,18.41111,1063.13333,24.77778,845.22222,1.0,287.11111,911.27778,15.14444,1202.73333,D20.a_6,225.72222,173.25556,251.18889,18.03704,1025.75556,2433.22222,1.0,3.22222,96.85556,2892.1,1.11111,34.44444,7.49259,5.44444,1.0,10.53333,11.44444,2.36667,21.86667,D20.i_6
14518.73333,5460.0,7000.44444,781.05556,86547.52222,452.0,16.37778,5.96667,2166.47778,198440.51111,18.63333,1098.91111,25.11111,834.55556,1.0,305.55556,1004.05556,13.14444,1261.06667,D20.a_7,209.83333,105.7,186.63333,36.37778,987.53333,3068.88889,1.1037,1.0,65.85556,2792.87778,1.11111,26.11111,6.04815,5.55556,1.0,7.31111,4.77778,3.3,15.53333,D20.i_7
14152.17778,5275.88889,7184.77778,773.27778,85319.63333,542.33333,13.82222,21.26667,2201.58889,193441.51111,20.3,1053.35556,21.22222,829.88889,1.0,277.11111,991.5,16.58889,1201.73333,D20.a_8,195.83333,160.03333,197.3,18.03704,982.86667,1939.55556,1.1037,4.33333,81.18889,2729.65556,1.0,29.0,4.68519,6.77778,1.0,10.25185,6.55556,3.85556,14.86667,D20.i_8
15231.73333,5378.11111,8158.0,1180.72222,88614.41111,542.33333,13.15556,32.13333,2365.14444,187332.62222,20.41111,1140.02222,22.55556,807.22222,1.0,318.66667,855.61111,19.81111,1076.28889,D20.a_9,203.5,180.36667,292.52222,41.48889,1099.08889,3391.88889,1.0,4.44444,102.96667,2666.54444,1.0,32.88889,4.24074,3.55556,1.0,6.59259,13.44444,1.46667,26.31111,D20.i_9
15504.21111,9982.62222,10406.0,5437.3,358342.61111,250.66667,32.12222,43.71111,2795.41111,525181.66667,106.66667,3644.36667,76.22222,1200.22222,1.0,2740.44444,699.77778,144.47778,6523.53333,D21.a_0,419.1,107.88889,129.94444,47.35556,4457.0,72.37037,1.0,3.22222,43.17778,6531.76667,1.77778,127.0,3.0,9.04444,1.0,20.11111,13.93333,2.97778,40.35556,D21.i_0
15046.65556,9526.73333,9460.44444,5241.07778,338740.83333,267.11111,31.23333,27.57037,2642.18889,506433.66667,102.22222,3524.36667,71.66667,1113.22222,1.0,2562.55556,650.22222,127.81111,5996.75556,D21.a_1,397.76667,91.66667,139.27778,44.8,4296.44444,214.77778,1.2,3.22222,42.17778,6379.32222,2.44444,121.55556,4.88889,9.93333,1.0,16.66667,6.28889,2.26667,37.8,D21.i_1
15017.32222,10165.51111,9700.0,4835.74444,330288.72222,320.44444,37.23333,29.9037,2960.41111,482794.55556,100.11111,3518.03333,63.22222,1174.22222,1.0,2416.44444,625.44444,103.14444,8985.31111,D21.a_2,371.98889,124.11111,153.05556,22.42593,4809.33333,199.5,1.0,7.66667,34.51111,6290.54444,2.77778,94.22222,4.77778,7.71111,1.0,20.11111,1.82222,3.91111,30.91111,D21.i_2
14807.98889,10062.95556,9830.0,4861.85556,328939.61111,408.88889,32.78889,18.54074,2936.41111,468705.55556,96.55556,3436.58889,67.0,1183.55556,1.0,2242.11111,595.88889,116.47778,8380.64444,D21.a_3,386.43333,100.0,151.05556,51.61852,4393.22222,66.77778,1.1,1.0,32.73333,6216.76667,3.88889,113.77778,2.66667,10.37778,1.0,20.0,3.64444,3.42222,39.24444,D21.i_3
14718.43333,9745.84444,9721.88889,4998.52222,316902.27778,306.11111,29.78889,29.71111,2879.52222,457199.88889,102.77778,3316.03333,69.66667,1126.55556,1.0,2268.77778,558.33333,114.36667,9407.97778,D21.a_4,384.54444,104.88889,137.27778,59.3963,4248.66667,103.14815,1.0,3.22222,35.95556,6111.98889,2.22222,116.11111,2.66667,11.26667,1.0,22.88889,5.28889,1.67778,44.02222,D21.i_4
14532.54444,9896.62222,10182.22222,5842.85556,311750.27778,244.44444,31.56667,17.31852,2814.41111,444375.77778,91.33333,3259.14444,78.44444,1263.11111,1.0,2134.88889,633.33333,115.03333,10688.42222,D21.a_5,360.76667,76.66667,135.38889,37.77037,3766.33333,44.64815,1.0,7.66667,42.51111,5986.21111,2.55556,95.55556,4.33333,9.71111,1.0,24.33333,14.64444,3.24444,38.46667,D21.i_5
14197.65556,9920.51111,10415.0,5574.52222,298554.83333,328.77778,34.34444,21.68148,2846.85556,423556.55556,87.77778,3284.14444,65.44444,1333.44444,2.66667,2152.44444,691.77778,114.7,10173.31111,D21.a_6,374.65556,105.88889,146.5,26.67778,4287.33333,86.81481,1.0,3.22222,40.4,5902.1,2.11111,105.22222,1.66667,9.71111,1.0,23.88889,10.75556,1.75556,35.91111,D21.i_6
12817.87778,9056.95556,9213.22222,4459.07778,264856.72222,178.66667,31.01111,16.0963,2439.74444,401676.88889,78.33333,2987.7,65.33333,1106.77778,1.77778,2052.44444,589.88889,107.25556,5878.97778,D21.a_7,371.21111,99.88889,160.27778,13.78889,4356.88889,150.68519,1.0,3.22222,40.62222,5818.1,2.22222,93.0,3.0,9.71111,1.77778,22.55556,8.46667,4.43333,38.35556,D21.i_7
12640.98889,8913.06667,9134.66667,4015.07778,264156.27778,199.22222,26.34444,18.62222,2494.52222,383528.66667,83.22222,2991.81111,49.77778,1065.66667,1.0,1918.22222,539.33333,99.92222,6964.53333,D21.a_8,359.43333,105.0,132.38889,55.88148,4194.22222,158.5,1.0,4.33333,36.84444,5713.1,2.0,97.44444,2.66667,8.4963,1.0,26.22222,7.11111,2.04444,43.57778,D21.i_8
12793.65556,8712.28889,8406.33333,3668.96667,264663.5,131.44444,23.67778,18.42963,2374.85556,366520.11111,81.11111,2877.81111,53.77778,983.66667,1.0,1824.33333,503.66667,95.7,6225.86667,D21.a_9,351.87778,81.55556,127.27778,22.52593,3750.55556,90.5,1.1,3.22222,28.95556,5619.1,1.77778,103.22222,4.11111,9.93333,1.0,17.44444,5.46667,2.64444,40.46667,D21.i_9
38340.1,4638.22222,19485.37778,4804.12222,302463.23333,702.33333,85.23333,291.33333,3663.93333,475852.94444,48.77778,409.66667,445.11111,601.22222,1.0,1440.13333,441.43333,154.82222,39215.97778,D22.a_0,517.52222,75.95556,218.15556,115.68889,2813.12222,349.17037,1.11111,7.98148,26.13333,5596.73333,1.11111,31.66667,10.88889,5.55556,1.0,14.06667,9.55556,5.84444,264.17778,D22.i_0
38334.65556,4722.55556,19240.37778,4590.01111,295545.45556,774.44444,80.01111,319.33333,3655.15556,461067.16667,53.22222,442.0,415.22222,570.11111,1.0,1419.57778,386.1,146.15556,38135.42222,D22.a_1,445.74444,50.31111,187.15556,71.93333,2286.78889,234.28148,1.22222,6.07778,37.24444,5324.17778,1.11111,28.33333,5.88889,4.44444,1.0,18.4,42.0,3.75556,267.17778,D22.i_1
35292.32222,4576.66667,18589.82222,4533.12222,276397.34444,825.88889,80.45556,313.55556,3501.04444,440218.72222,49.0,433.66667,442.11111,582.88889,2.55556,1392.46667,331.65556,146.6,38233.75556,D22.a_2,476.52222,45.62222,183.04444,61.48889,2712.45556,344.56667,1.22222,4.96667,20.8,5056.62222,1.22222,20.66667,4.44444,7.0,1.0,14.73333,29.0,1.98519,246.4,D22.i_2
35208.32222,4256.66667,16854.15556,4569.23333,275267.45556,431.44444,73.34444,276.11111,3405.93333,420105.94444,43.44444,413.44444,410.0,679.0,2.66667,1260.57778,359.54444,139.82222,36442.75556,D22.a_3,431.07778,54.73333,172.26667,108.02222,2428.45556,170.23333,1.11111,6.07778,41.35556,4815.51111,1.0,18.44444,7.0,6.77778,1.0,16.34815,68.77778,1.32593,256.95556,D22.i_3
33381.98889,4231.44444,17479.82222,4125.23333,262450.78889,577.22222,75.34444,273.88889,3207.93333,407725.38889,44.11111,382.11111,396.88889,556.0,2.55556,1302.46667,368.43333,130.82222,36581.08889,D22.a_4,429.52222,36.4,175.26667,64.15556,2317.01111,205.01111,1.0,5.75926,32.8,4616.06667,1.11111,11.88889,9.0,5.66667,1.0,17.73333,43.0,2.31111,231.51111,D22.i_4
34127.32222,4425.77778,17201.48889,4848.23333,276485.78889,657.44444,75.78889,298.33333,3391.48889,392439.16667,43.88889,392.11111,385.66667,591.0,4.22222,1246.68889,303.98889,113.6,35730.2,D22.a_5,453.18889,64.95556,191.37778,79.48889,2314.01111,180.34444,1.22222,8.41111,33.24444,4416.51111,1.11111,16.77778,8.33333,6.0,1.0,17.42963,41.0,1.0,253.95556,D22.i_5
32242.76667,4233.55556,16488.15556,3983.45556,254277.9,515.66667,72.56667,252.66667,3167.15556,365976.05556,40.0,352.33333,374.0,601.11111,2.66667,1260.02222,394.98889,119.82222,36046.31111,D22.a_6,374.3,36.51111,152.04444,84.91111,1859.01111,209.61481,1.11111,10.9963,47.68889,4301.17778,1.0,15.77778,8.88889,5.66667,1.0,10.57037,125.77778,1.32593,249.06667,D22.i_6
29733.76667,4023.88889,15317.04444,4541.01111,240086.56667,425.33333,67.67778,290.11111,3081.6,346850.27778,40.55556,332.0,436.77778,561.22222,4.22222,1128.68889,287.1,105.26667,37200.53333,D22.a_7,423.63333,54.84444,172.82222,84.8,2216.56667,182.56667,1.22222,15.55185,34.91111,4233.28889,1.22222,16.55556,8.33333,6.66667,1.0,11.98519,37.11111,2.64444,239.84444,D22.i_7
28577.65556,3679.77778,14561.26667,4202.9,233360.9,673.77778,60.23333,258.77778,2841.71111,331302.61111,38.66667,320.0,365.77778,526.11111,1.77778,1103.46667,343.43333,109.26667,32777.08889,D22.a_8,360.85556,69.24444,151.37778,76.64444,1952.23333,242.01111,1.11111,6.34815,53.57778,4122.95556,1.11111,15.33333,8.44444,5.55556,1.0,8.37778,115.0,2.1037,261.95556,D22.i_8
29030.76667,3929.0,15272.82222,4034.9,216067.78889,914.22222,55.34444,209.55556,2877.15556,313742.72222,39.33333,283.77778,335.88889,506.55556,4.22222,1061.57778,376.1,113.6,34894.64444,D22.a_9,378.74444,71.24444,168.26667,77.24444,2074.56667,110.56667,1.0,7.02963,54.02222,3944.62222,1.11111,15.66667,8.88889,5.0,1.0,11.76296,89.33333,1.0,262.28889,D22.i_9
29319.88889,7247.11111,69146.9,2082.52222,136899.0,400.66667,32.08889,50.08889,3012.31111,456277.04444,29.6,10666.22222,492.22222,3221.55556,8.15556,706.77778,1221.77778,298.75556,5334.55556,D23.a_0,266.27778,44.51111,296.06667,54.59259,844.64444,70.0,1.0,5.2,31.33333,2744.05556,1.33333,189.93333,6.66667,2.88889,2.66667,9.68148,9.44444,5.15556,35.6,D23.i_0
27541.33333,7352.66667,65753.12222,2402.63333,127674.0,363.77778,29.86667,34.19259,2853.2,421536.82222,35.04444,9749.77778,460.55556,3069.11111,4.13333,765.66667,1152.44444,240.2,5433.11111,D23.a_1,271.83333,77.06667,254.28889,64.16667,859.42222,260.88889,1.0,1.0,36.33333,2571.5,1.22222,203.71111,8.66667,3.33333,1.77778,14.79259,5.66667,5.75556,45.26667,D23.i_1
24891.77778,7301.22222,62707.56667,1889.07778,118560.0,445.88889,35.97778,13.74074,2781.08889,397710.82222,31.93333,9497.88889,403.11111,2744.44444,1.0,696.88889,2047.66667,236.31111,5172.55556,D23.a_2,251.16667,74.06667,318.73333,67.48148,759.86667,59.77778,1.1,7.17778,35.11111,2440.05556,1.22222,175.82222,9.22222,6.0,1.77778,7.07407,6.55556,5.17778,32.93333,D23.i_2
22549.77778,6990.44444,56572.23333,2028.3,106859.33333,521.88889,33.86667,17.85926,2726.31111,367869.93333,30.37778,9199.11111,425.55556,2558.77778,1.0,705.33333,2377.66667,214.2,5065.66667,D23.a_3,243.83333,31.57778,231.51111,38.75926,726.75556,92.66667,1.0,6.18889,32.77778,2325.05556,1.22222,153.15556,9.88889,6.44444,1.0,12.4,1.88889,3.24444,41.37778,D23.i_3
21916.44444,6984.22222,55542.56667,2087.74444,103477.22222,443.77778,23.86667,35.86667,2637.08889,345761.6,28.04444,8700.66667,382.44444,2488.11111,1.74815,628.66667,2084.88889,195.53333,4877.33333,D23.a_4,257.83333,48.73333,293.62222,39.40741,783.86667,170.44444,1.1,11.37778,31.88889,2241.16667,1.11111,167.6,5.77778,6.33333,1.0,14.23704,7.66667,3.57778,54.6,D23.i_4
19317.66667,6794.77778,47525.9,2141.96667,96614.66667,497.33333,27.64444,31.31111,2518.08889,322644.93333,28.15556,8129.0,357.66667,2352.88889,4.88148,580.88889,2073.22222,165.86667,4798.77778,D23.a_5,210.5,50.62222,202.51111,82.27778,663.64444,41.44444,1.1,5.2,28.55556,2162.16667,1.11111,140.6,7.11111,2.33333,1.0,7.82222,4.77778,1.97778,27.04444,D23.i_5
19529.55556,6956.0,43514.23333,1832.3,92697.22222,458.22222,25.75556,26.08148,2547.64444,307897.37778,27.37778,8441.55556,413.88889,2102.77778,1.74815,723.66667,1720.22222,162.08889,4623.0,D23.a_6,241.05556,37.68889,236.28889,55.24074,728.53333,43.44444,1.2,3.1,32.0,2089.05556,1.0,140.48889,7.44444,2.33333,1.0,10.87407,1.88889,3.57778,37.82222,D23.i_6
18764.44444,6554.44444,41798.12222,2162.41111,92020.44444,365.77778,26.75556,24.85926,2447.2,295764.82222,27.48889,8184.0,378.44444,2108.22222,4.27407,710.33333,1901.44444,150.86667,4608.66667,D23.a_7,252.5,50.08889,252.95556,57.90741,771.86667,94.66667,1.0,5.07778,30.77778,2036.83333,1.11111,159.37778,8.33333,3.55556,1.77778,10.85185,4.66667,3.57778,24.6,D23.i_7
18168.55556,6368.77778,44115.01111,2327.85556,88765.44444,448.0,27.53333,23.63704,2453.42222,287590.37778,26.82222,8198.88889,338.66667,1985.44444,1.0,646.55556,3300.66667,165.08889,4671.0,D23.a_8,237.61111,30.8,215.4,75.14815,673.42222,119.55556,1.0,6.06667,30.33333,1942.27778,1.11111,140.15556,7.0,4.55556,1.0,9.26667,4.66667,4.33333,29.15556,D23.i_8
17565.44444,5876.0,40276.23333,1654.3,85344.55556,408.88889,22.75556,17.85926,2308.31111,275138.82222,23.6,7448.88889,338.33333,2012.66667,5.02222,661.33333,1537.33333,149.2,4207.33333,D23.a_9,204.83333,62.02222,190.62222,49.48148,629.86667,70.22222,1.1,5.07778,28.11111,1879.16667,1.11111,136.93333,9.22222,3.44444,2.55556,6.62963,16.33333,4.33333,34.48889,D23.i_9
42974.77778,29248.33333,29426.03333,16743.67778,346337.32222,95.6,4.11111,5.24444,3367.7,660326.53333,419.66667,2801.47778,4645.11111,1470.77778,22.88889,254.44444,686.0,547.64444,11225.57778,D24.a_0,791.18889,371.74444,600.17778,225.5,5797.27778,404.55556,1.11111,4.33333,62.03333,8298.51111,4.77778,62.7,103.33333,20.46667,1.77778,10.82222,19.33333,5.82222,221.2,D24.i_0
45548.66667,29712.44444,27135.25556,19795.9,377815.54444,122.02222,5.44444,6.82963,3565.36667,646233.42222,411.55556,2870.25556,4752.22222,1750.11111,24.33333,244.22222,971.11111,536.97778,10371.13333,D24.a_1,777.74444,356.63333,675.17778,230.72222,5989.5,343.11111,1.11111,2.11111,65.81111,7594.95556,6.0,51.47778,99.0,16.8,1.77778,10.87407,23.22222,4.71111,151.42222,D24.i_1
42780.44444,29470.77778,29797.7,12460.78889,333795.98889,82.8,4.22222,4.13333,3356.03333,635104.64444,385.44444,2809.58889,4523.44444,1360.44444,24.44444,286.66667,803.66667,514.31111,11775.46667,D24.a_2,720.3,360.63333,658.62222,436.94444,5604.38889,154.11111,1.11111,8.77778,60.81111,7395.4,6.88889,74.58889,110.22222,33.24444,1.0,10.42963,17.22222,7.94815,223.64444,D24.i_2
41924.44444,28266.88889,26924.25556,12665.9,342155.43333,157.02222,5.22222,7.02963,3263.81111,628264.53333,368.11111,2650.92222,4361.77778,1403.11111,22.88889,278.44444,738.33333,460.86667,10434.24444,D24.a_3,709.3,343.52222,620.95556,424.05556,5597.16667,369.77778,1.11111,4.33333,67.36667,7075.4,4.77778,57.47778,106.33333,14.46667,2.55556,9.87407,24.11111,8.82222,127.75556,D24.i_3
40907.33333,29027.88889,29360.36667,14617.12222,331437.76667,134.35556,4.11111,14.04444,3161.92222,618053.97778,379.33333,2761.25556,4283.22222,1308.66667,32.77778,255.44444,711.55556,502.75556,11549.68889,D24.a_4,741.18889,374.85556,558.17778,168.83333,5483.83333,240.44444,1.22222,8.77778,62.81111,6729.51111,5.0,72.36667,103.0,23.8,1.77778,10.71111,22.22222,7.26667,154.75556,D24.i_4
39921.55556,28464.55556,28611.92222,17545.56667,316829.87778,107.68889,4.11111,11.6963,3082.92222,609549.75556,387.55556,2604.03333,4143.66667,1244.77778,28.77778,284.0,621.55556,498.53333,11551.91111,D24.a_5,713.52222,349.41111,609.51111,235.94444,5641.27778,316.33333,1.0,12.11111,65.81111,6571.51111,5.44444,83.7,108.44444,20.24444,1.77778,8.23704,45.55556,7.93333,149.86667,D24.i_5
38429.66667,27579.55556,29090.03333,14743.67778,313834.21111,119.91111,4.11111,11.25926,2769.92222,601424.53333,363.22222,2572.36667,3905.44444,1075.88889,30.44444,284.0,560.11111,519.31111,12261.57778,D24.a_6,759.07778,337.41111,530.84444,174.05556,5575.72222,320.44444,1.0,5.44444,66.36667,6440.84444,5.22222,65.7,111.22222,14.57778,1.77778,10.98519,18.11111,3.75926,156.75556,D24.i_6
37204.11111,27666.88889,31355.58889,14904.23333,315596.32222,89.13333,5.11111,15.26667,2882.81111,594065.53333,356.11111,2719.03333,4020.77778,985.55556,31.33333,274.11111,532.55556,558.08889,12704.91111,D24.a_7,742.07778,361.52222,563.51111,156.05556,5817.83333,240.44444,1.0,3.22222,61.47778,6267.62222,6.22222,71.03333,109.77778,13.57778,1.0,8.26667,27.11111,17.01111,153.42222,D24.i_7
39566.0,28158.88889,29179.14444,15633.67778,313182.21111,89.24444,4.0,17.27407,3089.14444,586161.97778,362.77778,2665.92222,4253.22222,1336.88889,29.55556,256.88889,801.88889,550.08889,12120.13333,D24.a_8,699.96667,341.52222,536.51111,243.61111,5611.38889,328.88889,1.0,8.77778,67.47778,6042.17778,3.88889,63.81111,103.88889,10.24444,1.0,9.87407,22.22222,9.32963,140.42222,D24.i_8
37703.66667,27921.11111,31573.14444,16537.23333,311525.43333,83.26667,3.55556,13.4963,2996.47778,581825.08889,337.22222,2621.58889,4120.44444,1063.44444,25.22222,235.22222,622.44444,547.64444,12373.35556,D24.a_9,726.63333,289.85556,529.95556,287.5,5185.83333,594.0,1.0,2.11111,53.03333,5837.4,6.55556,77.92222,107.22222,8.24444,1.0,10.57037,28.0,32.17037,119.31111,D24.i_9
13260.42222,4111.1,8405.46667,544.73333,32062.37778,370.8,12.08889,42.26667,802.73333,81990.95556,26.23333,200.57778,142.66667,305.82222,1.0,182.11111,472.11111,143.46667,29002.24444,D25.a_0,538.54444,91.88889,135.3,79.15556,957.37778,352.24444,1.09259,7.06667,39.88889,4381.95556,1.77778,12.24444,9.22222,9.55556,1.0,4.44444,19.33333,3.80741,1569.57778,D25.i_0
12727.75556,3742.65556,8296.8,335.95556,29545.26667,294.57778,10.64444,53.82222,729.51111,73161.73333,23.9,206.8,101.11111,253.04444,1.0,179.66667,322.66667,96.57778,25316.35556,D25.a_1,487.32222,93.88889,157.63333,42.5037,921.26667,313.13333,1.09259,1.75556,38.22222,4135.51111,2.0,8.71111,6.33333,8.0,1.0,2.44444,11.44444,3.02222,1081.68889,D25.i_1
12435.75556,3803.21111,8053.91111,312.62222,28097.04444,220.68889,11.86667,48.04444,714.51111,70306.28889,21.01111,209.57778,100.88889,229.04444,1.0,186.55556,458.22222,106.46667,23899.91111,D25.a_2,558.1,75.66667,88.85556,28.17778,990.26667,253.57778,1.18519,1.0,39.55556,3967.62222,2.55556,15.26667,10.0,8.22222,1.0,5.44444,11.44444,3.91481,1454.57778,D25.i_2
11656.75556,3646.54444,7526.13333,320.51111,26055.26667,261.8,10.53333,22.94815,671.73333,67976.95556,23.12222,183.68889,110.33333,229.26667,1.0,165.0,677.33333,124.91111,24089.46667,D25.a_3,510.1,81.88889,156.07778,42.07407,930.48889,226.91111,1.40741,3.62222,36.44444,3815.73333,1.77778,8.75556,6.88889,7.44444,1.0,2.88889,24.11111,3.57037,1049.46667,D25.i_3
11181.86667,3113.21111,7408.57778,395.4,25181.04444,295.17778,9.64444,34.27407,620.62222,65992.95556,23.23333,169.46667,88.44444,231.6,1.0,157.77778,308.66667,64.57778,21854.68889,D25.a_4,485.32222,80.77778,124.96667,47.72593,922.48889,169.13333,1.18519,7.46667,32.55556,3763.4,1.66667,12.28889,5.44444,8.55556,1.74815,2.77778,11.33333,3.45556,729.68889,D25.i_4
11172.53333,3150.76667,7552.91111,271.51111,25166.04444,208.35556,13.97778,38.71111,648.17778,64230.28889,22.45556,178.91111,96.77778,228.93333,1.0,161.33333,587.11111,67.02222,24287.13333,D25.a_5,478.21111,83.88889,219.96667,17.95556,873.6,163.24444,1.2037,4.73333,30.0,3642.4,2.22222,6.53333,4.66667,8.33333,1.0,3.66667,14.44444,1.9037,622.02222,D25.i_5
10682.75556,2901.76667,7044.02222,279.17778,24229.04444,228.8,10.75556,32.93333,619.62222,62732.51111,20.12222,177.57778,76.55556,247.15556,1.77778,161.44444,382.11111,36.13333,22073.13333,D25.a_6,452.1,68.44444,116.07778,24.18519,915.15556,177.57778,1.18519,7.35556,34.44444,3564.06667,1.66667,15.57778,9.11111,5.77778,1.0,7.0,9.33333,2.23704,623.13333,D25.i_6
10646.42222,2982.65556,6562.13333,281.73333,23713.48889,122.26667,8.75556,36.83704,590.51111,61321.06667,21.23333,171.57778,82.88889,239.93333,1.0,161.0,363.22222,59.57778,21704.02222,D25.a_7,461.76667,65.66667,113.63333,22.63704,806.26667,142.68889,1.31481,8.57778,33.33333,3480.4,1.88889,11.91111,4.11111,8.55556,1.0,4.55556,19.11111,4.13333,601.68889,D25.i_7
10687.64444,2924.1,7024.24444,284.28889,23725.15556,212.46667,8.65926,28.15556,619.4,60008.17778,19.9,163.8,93.0,216.48889,1.77778,186.22222,609.88889,105.02222,24066.02222,D25.a_8,451.98889,69.55556,129.74444,38.62222,846.26667,319.35556,1.09259,4.73333,32.44444,3390.73333,1.55556,13.04444,4.44444,7.33333,1.0,2.44444,16.33333,2.34444,503.8,D25.i_8
10283.42222,2897.65556,6376.91111,297.17778,23062.82222,178.06667,9.2,30.48889,593.4,58449.4,18.45556,153.68889,85.22222,244.93333,1.0,155.0,392.88889,39.35556,20855.13333,D25.a_9,423.65556,73.66667,86.3,24.61481,800.82222,80.91111,1.09259,1.0,25.55556,3317.62222,2.0,10.4,6.66667,8.88889,1.0,6.66667,17.33333,2.9037,615.24444,D25.i_9
24211.41111,12093.4,8714.0,972.31111,75348.65556,647.16667,63.66667,49.25185,5202.85556,395803.61111,10.33333,851.22222,68.4,2115.0,1.0,2517.88889,2663.44444,33.82222,12052.42222,D26.a_0,913.83333,94.77778,50.65556,43.71111,2149.51111,34.17778,1.22222,3.92593,133.85556,823.93333,1.0,51.44444,3.33333,3.88889,1.71852,3.77778,6.66667,2.32222,17.8,D26.i_0
24157.63333,11934.4,7168.88889,1183.75556,75542.98889,542.61111,60.22222,25.91852,5046.96667,375531.27778,7.11111,825.11111,65.4,2195.55556,1.0,3024.66667,2920.33333,43.82222,12616.86667,D26.a_1,744.72222,105.88889,34.98889,47.57778,1767.28889,43.37778,1.11111,7.05556,125.85556,745.6,1.0,49.0,2.33333,3.55556,1.0,7.88889,3.66667,2.32222,12.24444,D26.i_1
22829.07778,11399.51111,8962.0,982.64444,72313.98889,620.38889,70.11111,50.36296,4881.74444,361672.27778,7.66667,866.88889,66.17778,1974.33333,1.0,2570.88889,2880.55556,50.48889,13832.97778,D26.a_2,763.27778,83.77778,36.1,37.35556,1831.4,52.73333,1.0,5.03704,107.3,703.82222,1.0,40.33333,2.33333,2.77778,1.0,6.66667,2.77778,2.98889,16.46667,D26.i_2
21706.63333,10645.73333,7375.33333,1013.42222,67725.21111,474.83333,62.77778,38.02593,4754.96667,352211.16667,6.88889,726.55556,56.95556,1896.55556,1.0,2469.11111,2602.88889,30.82222,12556.86667,D26.a_3,758.27778,64.44444,45.87778,38.17778,1664.4,24.57778,1.0,3.01852,104.41111,640.26667,1.11111,39.88889,1.66667,3.77778,1.0,4.55556,1.88889,1.44074,16.24444,D26.i_3
21900.07778,10990.73333,9570.0,1191.53333,71182.98889,528.16667,71.44444,48.02963,4648.63333,343890.16667,7.33333,818.22222,74.17778,1813.11111,2.60741,2477.77778,2748.55556,48.26667,14833.64444,D26.a_4,784.16667,75.55556,34.87778,34.8,1963.51111,30.55556,1.0,4.83333,123.3,629.71111,1.11111,40.66667,1.33333,2.0,1.0,7.44444,1.88889,2.76296,21.13333,D26.i_4
20327.85556,10242.95556,7972.77778,1021.31111,67893.65556,435.61111,60.33333,44.58519,4456.74444,334083.61111,7.55556,711.22222,61.84444,1865.44444,1.71852,2297.77778,2403.55556,43.48889,12092.31111,D26.a_5,842.83333,77.77778,45.65556,47.57778,2019.28889,28.2,1.11111,3.01852,106.96667,587.93333,1.0,37.66667,1.0,4.11111,1.0,1.66667,3.77778,1.44074,11.24444,D26.i_5
20123.52222,10538.84444,10440.77778,1088.42222,61794.98889,704.72222,65.55556,39.47778,4435.18889,321255.16667,9.33333,818.88889,76.95556,1695.0,1.0,2294.88889,2930.33333,256.48889,14637.42222,D26.a_6,607.72222,74.66667,48.76667,18.04444,1392.95556,30.55556,1.0,6.25926,106.74444,567.04444,1.0,36.22222,2.44444,2.0,1.0,3.55556,1.88889,1.0,19.68889,D26.i_6
18979.85556,9954.4,8929.77778,992.75556,59163.87778,663.83333,64.88889,30.47407,4197.41111,305308.83333,7.33333,666.55556,70.84444,1663.11111,1.71852,2219.55556,2713.0,115.26667,12125.42222,D26.a_7,885.38889,102.77778,48.54444,30.82222,2014.06667,28.8,1.0,2.81481,120.41111,540.93333,1.11111,44.88889,1.66667,1.88889,1.0,4.66667,1.88889,1.88148,17.35556,D26.i_7
18670.52222,10087.4,10239.33333,961.86667,59789.87778,565.16667,69.33333,37.47407,4528.85556,295242.16667,8.22222,673.0,56.4,1553.11111,1.0,2179.55556,2483.0,52.04444,12557.08889,D26.a_8,811.27778,79.66667,28.65556,48.82222,2101.51111,43.37778,1.11111,8.27778,130.18889,540.93333,1.0,39.88889,1.0,2.88889,1.71852,7.22222,2.88889,1.44074,19.02222,D26.i_8
17839.18889,9927.62222,10110.66667,1111.53333,60872.32222,649.38889,66.77778,36.92222,4213.41111,282277.5,7.44444,760.0,67.51111,1515.33333,1.0,2139.88889,2715.11111,191.26667,14281.97778,D26.a_9,892.38889,88.88889,51.1,91.57778,2096.95556,22.33333,1.77778,3.92593,107.07778,540.93333,1.11111,32.33333,2.11111,4.0,1.0,2.77778,2.88889,1.88148,16.46667,D26.i_9
41018.37778,6785.24444,25217.66667,10802.74444,222101.02222,1031.44444,38.0,45.88889,2883.13333,1196355.56667,116.6,28016.71111,296.98889,1223.66667,1.0,444.04444,953.0,809.11111,3290.55556,D27.a_0,798.92222,114.4,233.83333,135.13333,4067.98889,277.33333,1.33333,3.05926,110.75556,5569.82222,3.12593,565.31111,6.55556,21.31111,1.77778,8.3037,14.44444,10.74074,31.51111,D27.i_0
37220.82222,5945.13333,23557.0,10042.52222,191491.8,571.0,36.44444,29.33333,2594.24444,1100505.23333,100.26667,24873.26667,285.54444,1254.66667,1.0,432.26667,981.0,860.0,2907.77778,D27.a_1,755.58889,162.84444,285.5,176.24444,4434.54444,632.66667,1.11111,2.02963,115.42222,5071.26667,1.92222,537.75556,8.11111,23.31111,1.0,10.3037,9.33333,7.85185,33.4,D27.i_1
32854.04444,5358.91111,22529.55556,8842.96667,172883.24444,501.22222,31.33333,28.22222,2136.46667,1007188.56667,90.71111,20654.15556,285.32222,1058.66667,1.77778,400.48889,839.33333,866.55556,2822.33333,D27.a_2,693.81111,107.46667,218.83333,148.02222,3820.54444,310.22222,1.11111,6.31111,98.31111,4609.71111,2.28889,532.64444,7.66667,28.31111,1.77778,8.36296,20.33333,7.92593,37.51111,D27.i_2
31684.6,5337.46667,22075.77778,8553.63333,180758.13333,569.0,33.0,21.22222,2225.68889,969022.34444,91.04444,19902.71111,279.43333,1055.44444,1.77778,372.48889,829.44444,869.77778,2503.66667,D27.a_3,738.14444,70.95556,182.27778,118.22963,3728.1,240.44444,1.11111,4.17037,99.2,4300.26667,2.57037,412.75556,5.22222,13.08889,1.0,7.02963,8.33333,2.74074,25.17778,D27.i_3
29916.6,5112.46667,22120.0,7938.52222,163387.13333,421.33333,32.22222,24.77778,2085.24444,926079.45556,90.04444,18054.6,245.54444,898.88889,2.55556,377.93333,762.11111,861.33333,2350.44444,D27.a_4,728.92222,112.51111,214.16667,238.24444,3854.76667,460.11111,1.22222,3.05926,102.08889,4048.37778,2.64815,467.53333,5.22222,18.08889,1.0,6.58519,15.55556,7.74074,32.95556,D27.i_4
29489.15556,4899.13333,21606.22222,7578.96667,169077.8,509.44444,30.22222,15.55556,1970.13333,883370.67778,89.71111,16251.37778,242.43333,906.66667,2.55556,415.6,805.77778,868.0,2388.0,D27.a_5,618.7,102.4,236.72222,123.45185,3221.1,353.44444,1.0,4.17037,81.53333,3823.04444,2.21111,457.08889,7.33333,17.08889,1.0,6.86667,32.0,6.55556,42.62222,D27.i_5
27631.37778,4831.13333,20178.33333,8174.52222,160229.35556,431.33333,26.66667,18.88889,1948.8,826943.56667,85.15556,16674.15556,240.98889,918.55556,1.0,396.71111,816.66667,829.55556,2235.88889,D27.a_6,735.25556,103.28889,288.72222,127.46667,3657.1,230.22222,1.0,5.28148,100.53333,3597.6,1.84444,464.75556,6.88889,26.2,1.77778,6.03704,12.22222,9.37037,30.73333,D27.i_6
24602.6,4263.91111,19829.77778,7659.63333,152528.24444,540.22222,28.66667,20.11111,1926.91111,796296.12222,73.93333,14383.04444,212.87778,1067.44444,1.0,393.15556,737.44444,831.0,2146.88889,D27.a_7,769.36667,112.28889,221.5,153.24444,3768.87778,141.77778,1.0,4.17037,90.64444,3419.48889,2.98889,435.75556,6.66667,17.75556,1.0,4.42222,21.0,10.59259,30.95556,D27.i_7
25637.15556,5287.8,19697.66667,9178.85556,185619.68889,571.11111,33.44444,24.77778,2204.68889,770470.23333,92.15556,20416.6,264.43333,1045.44444,1.0,562.82222,941.44444,877.77778,2835.77778,D27.a_8,784.25556,104.4,169.72222,158.24444,4300.98889,328.66667,1.11111,2.02963,117.86667,3303.71111,2.92963,819.53333,6.0,15.31111,1.0,4.59259,8.44444,7.33333,31.95556,D27.i_8
24730.37778,4340.8,18476.11111,7552.96667,141865.68889,558.55556,28.33333,14.55556,1957.57778,756241.12222,71.04444,15930.71111,209.98889,864.22222,1.0,393.93333,828.55556,789.88889,2112.66667,D27.a_9,759.03333,120.4,242.83333,119.8,3776.98889,378.11111,1.11111,6.31111,106.42222,3172.71111,2.37407,427.97778,5.55556,14.86667,1.0,9.63704,13.22222,9.40741,32.62222,D27.i_9
27685.45556,18691.0,35464.55556,754.01111,287001.94444,345.22222,11.47778,6.07778,3546.23333,384119.41111,21.77778,33234.33333,126.33333,1296.33333,1.0,42.77778,286.0,1681.16667,829.97778,D28.a_0,243.73333,27.57778,102.11111,58.2037,325.93333,869.11111,1.0,2.82593,7.75556,1933.34444,1.31111,27.81111,19.63333,6.28148,1.0,9.97037,3.77778,3.39259,19.84444,D28.i_0
27582.9,18517.0,34184.0,697.34444,277972.38889,466.55556,9.7,7.98148,3416.23333,372078.63333,22.11111,32670.22222,117.55556,1268.0,1.0,47.88889,273.11111,1565.72222,793.53333,D28.a_1,209.62222,25.86667,78.0,40.7963,283.15556,587.66667,1.0,1.0,7.02963,1692.01111,1.0,24.47778,11.71481,3.4963,1.0,9.63704,8.44444,4.85185,12.28889,D28.i_1
27138.67778,17770.77778,35007.22222,472.9,269138.94444,67.88889,10.25556,11.42593,3389.9,365225.63333,24.77778,32149.55556,132.55556,1273.22222,1.0,39.0,361.11111,1556.72222,806.53333,D28.a_2,208.95556,57.73333,72.66667,18.16667,293.26667,349.22222,1.0,1.0,6.2,1576.67778,1.20741,22.92222,8.86667,1.97037,1.0,9.63704,12.55556,3.72593,8.54074,D28.i_2
24503.9,17488.33333,32566.33333,547.67778,252342.38889,61.55556,13.03333,16.09259,3360.12222,356481.18889,19.11111,31456.33333,123.33333,1313.88889,1.0,41.66667,333.44444,1703.16667,623.64444,D28.a_3,214.84444,55.84444,69.0,28.14815,290.48889,363.66667,1.0,1.71481,7.31111,1466.12222,1.0,21.4,10.78519,3.17037,1.0,12.08889,2.77778,3.40741,8.76296,D28.i_3
24871.01111,17810.77778,33325.88889,568.45556,250427.94444,47.44444,8.03333,25.9963,3435.78889,348561.74444,19.44444,30383.0,111.11111,1280.66667,1.77778,34.77778,297.11111,1152.94444,607.31111,D28.a_4,169.73333,47.91111,54.11111,1.0,250.6,86.66667,1.0,2.82593,6.86667,1387.67778,1.0,23.36667,8.97778,2.94815,1.0,10.47407,6.55556,3.39259,9.51111,D28.i_4
24267.34444,17039.22222,32256.66667,537.56667,244255.05556,489.0,7.58889,24.88519,3247.34444,342533.07778,18.33333,29776.33333,121.88889,1223.11111,1.77778,34.88889,277.11111,1179.27778,714.97778,D28.a_5,201.4,60.73333,63.33333,1.0,290.82222,76.22222,1.11111,1.71481,5.6963,1293.67778,1.0,28.28889,10.6037,1.74074,1.0,8.85926,3.77778,5.86667,9.17778,D28.i_5
22720.9,16873.88889,31749.55556,557.9,235857.83333,51.44444,9.58889,26.94815,3465.78889,335704.74444,18.88889,29506.66667,114.66667,1242.11111,1.77778,27.22222,294.88889,1076.83333,628.53333,D28.a_6,189.28889,37.8,71.0,18.51852,269.93333,318.66667,1.44444,3.54074,7.53333,1241.01111,1.20741,24.62222,11.82593,3.84444,1.0,10.63704,3.77778,2.37778,11.84444,D28.i_6
23731.23333,17224.55556,31964.88889,581.23333,241143.61111,133.55556,7.36667,22.55185,3314.23333,328911.3,20.0,29537.11111,119.88889,1201.88889,1.77778,28.55556,282.11111,1058.05556,649.31111,D28.a_7,180.95556,33.51111,58.55556,1.0,236.71111,51.77778,1.0,3.14444,6.25185,1172.56667,1.1037,22.25556,7.78519,3.5037,1.0,6.42222,3.66667,3.72593,7.51111,D28.i_7
22009.01111,16270.77778,30968.55556,571.12222,226607.61111,49.44444,8.7,6.07778,3342.56667,321519.96667,16.77778,28391.44444,99.44444,1156.66667,1.0,36.44444,304.66667,833.83333,637.53333,D28.a_8,155.4,24.75556,41.55556,23.62963,197.82222,39.44444,1.11111,2.82593,6.31111,1115.12222,1.1037,24.17778,6.93704,3.40741,1.0,3.42963,4.66667,1.34815,6.62222,D28.i_8
21928.67778,16019.55556,29957.55556,576.01111,223235.38889,218.11111,8.14444,20.21852,3139.45556,312794.18889,19.22222,28229.22222,103.44444,1209.11111,1.0,41.66667,330.55556,1239.61111,654.2,D28.a_9,151.28889,22.86667,47.88889,8.18519,198.48889,39.22222,1.0,4.97037,3.91111,1094.23333,1.1037,26.81111,5.97778,2.05926,1.0,12.59259,1.88889,3.05926,6.54074,D28.i_9
9590.44444,4739.57778,82285.68889,1594.78889,16142.2,809.44444,28.15556,43.55185,851.73333,980486.83333,25.0,2020.02222,726.88889,3798.22222,1.0,966.91111,3967.0,548.68889,18719.28889,D29.a_0,149.08889,106.4,141.0,61.25185,160.74444,1611.27778,1.11111,2.8963,8.63333,1749.54444,1.0,19.0,16.32593,2.11852,1.0,8.91111,9.44444,1.77037,28.13333,D29.i_0
9443.88889,4527.91111,75969.24444,1731.34444,14929.31111,756.0,22.71111,43.01111,831.4,969175.83333,31.55556,1963.8,740.66667,3986.66667,2.66667,920.13333,3928.11111,444.13333,18235.73333,D29.a_1,214.42222,170.95556,131.88889,40.80741,234.63333,1485.5,1.0,7.17778,11.3,1607.65556,1.0,20.66667,12.81111,3.11852,1.0,9.47407,15.33333,7.93333,24.35556,D29.i_1
9455.0,4517.68889,78275.8,1654.01111,15178.64444,437.55556,23.93333,31.34444,810.73333,950876.27778,28.55556,1855.35556,785.11111,3750.33333,2.66667,901.68889,3997.77778,495.8,17501.51111,D29.a_2,209.42222,226.4,127.22222,49.91481,243.96667,1105.27778,1.11111,3.05926,9.41111,1455.54444,1.0,21.44444,12.47778,5.21481,1.0,13.97037,8.55556,7.26667,25.13333,D29.i_2
9387.33333,4447.8,76312.8,1504.34444,14788.97778,497.11111,23.6,24.2037,768.73333,937285.16667,29.22222,1899.46667,747.66667,3719.77778,3.44444,885.91111,3850.77778,432.57778,16819.73333,D29.a_3,206.64444,80.06667,105.88889,37.35185,199.96667,1041.5,1.22222,5.11852,9.52222,1335.1,1.19259,17.77778,10.65926,2.59259,1.0,3.15556,6.55556,7.48889,15.57778,D29.i_3
8785.0,4168.35556,73465.46667,1669.56667,14077.97778,406.66667,26.71111,46.67778,778.84444,922089.94444,27.33333,1839.35556,731.66667,3499.88889,4.22222,782.35556,3501.44444,419.35556,16317.4,D29.a_4,209.42222,74.24444,144.66667,52.03333,255.18889,1058.16667,1.11111,17.2963,9.67407,1277.65556,1.0,20.11111,7.99259,3.21481,1.77778,8.91852,3.77778,2.57778,23.68889,D29.i_4
8888.66667,4231.13333,74290.57778,1460.56667,14552.2,585.44444,22.48889,47.83704,771.95556,908724.05556,29.55556,1875.13333,727.0,3750.88889,3.44444,904.91111,3837.88889,401.02222,17495.84444,D29.a_5,191.97778,73.31111,91.44444,34.14444,203.52222,579.5,1.0,4.00741,8.34074,1219.76667,1.0963,13.22222,7.91111,1.95556,1.0,12.80741,8.55556,8.12593,15.13333,D29.i_5
8757.55556,4062.13333,72816.68889,1671.9,14908.42222,415.0,23.93333,30.23333,752.51111,896217.72222,25.88889,1867.24444,721.44444,3568.22222,4.22222,969.24444,3724.88889,503.35556,16331.95556,D29.a_6,198.86667,63.31111,116.33333,11.35926,213.96667,1060.16667,1.11111,5.22963,7.22963,1135.65556,1.0963,15.88889,12.32593,3.91111,1.0,5.03704,8.66667,5.96296,19.24444,D29.i_6
8931.77778,4278.8,78340.57778,1726.34444,15652.64444,201.44444,25.71111,36.01111,795.73333,879686.27778,28.22222,1870.24444,715.66667,3481.55556,3.33333,972.57778,3648.33333,515.13333,16223.17778,D29.a_7,200.64444,48.51111,94.33333,33.02963,235.41111,745.94444,1.0,4.28148,7.96667,1083.43333,1.0,14.66667,7.95185,3.24444,1.0,4.59259,9.55556,6.76296,17.8,D29.i_7
8361.55556,4294.02222,74027.57778,1589.56667,13542.08889,273.22222,22.6,40.94815,745.95556,866042.27778,26.77778,1807.13333,685.77778,3329.33333,5.88889,858.68889,3500.33333,445.13333,15256.51111,D29.a_8,192.42222,56.84444,94.11111,72.13333,207.3,782.83333,1.0,5.11852,7.74444,1010.32222,1.0,12.33333,7.72963,4.27407,1.0,9.19259,11.44444,6.01481,16.13333,D29.i_8
8370.55556,4057.02222,73593.02222,1692.67778,15498.42222,269.11111,24.71111,45.34444,749.95556,854099.72222,25.11111,1819.68889,634.33333,3258.66667,4.22222,835.24444,3542.11111,425.35556,15438.73333,D29.a_9,199.42222,83.06667,119.66667,65.47037,236.3,754.38889,1.11111,4.00741,8.3,968.32222,1.0,14.0,8.43704,1.92593,2.66667,4.42963,10.44444,4.40741,16.46667,D29.i_9
5858.56667,2510.22222,7492.88889,1069.61111,34434.45556,346.74815,12.44444,23.07407,302.14444,100941.37778,12.55556,11607.77778,76.11111,517.77778,1.51111,411.44444,924.06667,172.64444,4913.15556,D3.a_0,220.58889,157.55556,588.87778,48.98148,882.93333,708.77778,1.0,7.77778,16.98889,5316.11111,1.44444,953.48889,4.77778,5.44444,1.77778,13.55556,8.55556,6.39259,169.64444,D3.i_0
5604.23333,2565.88889,8072.11111,1116.27778,33856.9,225.07778,8.11111,15.52593,305.14444,97151.26667,14.44444,11833.77778,70.77778,425.0,1.0,472.33333,1166.51111,210.31111,4677.48889,D3.a_1,191.25556,317.0,241.65556,79.94815,840.15556,721.11111,1.28889,6.55556,20.43333,4959.55556,1.88889,856.26667,5.77778,4.44444,1.77778,10.88889,5.66667,11.17037,205.31111,D3.i_1
5492.67778,2325.22222,7360.0,1103.27778,32004.12222,607.18889,9.55556,10.18519,273.47778,93422.48889,10.0,10840.88889,68.55556,386.66667,1.51111,416.11111,1500.06667,152.97778,5006.48889,D3.a_2,194.25556,192.77778,238.76667,58.44074,870.26667,1569.66667,1.19259,9.88889,18.98889,4797.0,1.22222,805.15556,11.44444,4.66667,1.77778,17.11111,8.55556,10.60741,172.2,D3.i_2
5195.9,2187.88889,7071.88889,1059.38889,30571.9,218.85556,13.0,6.06667,268.25556,89120.71111,11.11111,10345.55556,63.0,352.11111,1.0,389.55556,1179.4,173.53333,5169.26667,D3.a_3,187.58889,156.11111,254.98889,50.80741,833.15556,1113.44444,1.73333,4.33333,19.76667,4666.0,1.22222,709.82222,13.22222,4.11111,1.0,10.66667,9.44444,5.82963,211.64444,D3.i_3
5234.23333,2134.22222,6995.22222,1226.94444,29876.9,364.74444,8.33333,20.86667,254.7,87107.04444,10.0,10463.0,60.66667,366.11111,1.0,394.55556,1178.4,131.42222,4581.93333,D3.a_4,205.58889,127.11111,222.1,72.17037,825.26667,1339.55556,1.0,2.11111,18.76667,4498.11111,1.22222,881.82222,6.55556,5.11111,1.0,14.55556,11.44444,9.5037,158.2,D3.i_4
5012.23333,2068.44444,6980.77778,866.05556,30140.01111,239.41111,8.0,12.24444,255.03333,84826.48889,11.55556,9985.88889,60.88889,318.11111,1.51111,359.77778,1073.51111,149.64444,4687.48889,D3.a_5,187.7,145.22222,208.21111,48.14074,779.04444,729.22222,1.51111,5.44444,20.54444,4392.77778,1.66667,829.82222,5.55556,4.77778,1.0,17.55556,3.88889,5.18519,167.2,D3.i_5
5067.12222,2138.33333,6865.11111,943.38889,28757.78889,409.85556,10.0,15.8,265.92222,83104.48889,7.88889,10516.44444,74.55556,290.55556,1.0,387.22222,1334.84444,164.08889,4429.04444,D3.a_6,183.03333,132.0,253.1,39.6,730.6,901.77778,1.0963,10.0,23.21111,4314.33333,1.77778,761.48889,6.11111,3.0,1.77778,15.44444,4.66667,7.17037,163.08889,D3.i_6
4848.9,1795.66667,7372.44444,1010.38889,29466.9,276.3,14.22222,14.68889,236.36667,81656.26667,9.66667,10336.88889,53.11111,304.44444,2.4,334.33333,1271.4,128.97778,5187.93333,D3.a_7,194.47778,179.66667,254.43333,42.15556,840.6,1308.88889,1.31852,5.44444,22.87778,4256.88889,1.55556,781.37778,9.33333,2.77778,1.0,11.44444,5.55556,6.19259,158.42222,D3.i_7
4881.78889,1915.66667,7407.44444,1185.94444,28703.9,282.52222,9.66667,8.12593,259.36667,80563.82222,10.0,10747.77778,58.44444,321.88889,1.51111,351.0,1239.84444,155.75556,5124.6,D3.a_8,190.58889,121.0,215.21111,46.28148,781.71111,1251.33333,1.31852,4.44444,18.54444,4189.0,1.22222,732.15556,8.66667,2.33333,1.77778,15.55556,3.66667,7.74074,195.64444,D3.i_8
4486.23333,1775.33333,6750.11111,1069.83333,26684.67778,251.74444,11.33333,16.47407,227.25556,79158.37778,12.44444,9053.22222,69.22222,280.55556,1.0,329.33333,1106.28889,137.53333,4675.82222,D3.a_9,203.81111,143.22222,213.32222,55.15556,806.15556,1120.11111,1.52593,5.44444,21.21111,4094.0,1.66667,794.48889,10.33333,2.66667,1.0,14.77778,12.33333,6.18519,148.31111,D3.i_9
17208.23333,1325.98889,8027.9,727.77778,51470.9,115.11111,10.6,11.81481,164.84444,205272.75556,12.55556,659.13333,253.66667,363.04444,1.0,312.44444,136.55556,80.52222,2675.66667,D30.a_0,699.81111,46.33333,233.55556,64.17778,1592.93333,94.44444,1.20741,7.28889,5.25556,4260.86667,1.88889,75.88889,31.22222,4.55556,1.0,7.44444,2.77778,6.04074,57.75556,D30.i_0
16129.12222,1206.76667,8580.01111,799.77778,46948.23333,100.88889,7.93333,19.45926,149.62222,196645.2,12.77778,688.57778,243.22222,333.37778,1.77778,291.33333,169.11111,102.85556,2513.22222,D30.a_1,614.03333,34.44444,236.33333,100.17778,1425.15556,63.88889,1.0,2.8963,6.7,4103.42222,1.22222,63.66667,24.66667,4.55556,1.0,7.22222,3.66667,5.70741,43.64444,D30.i_1
15462.12222,1223.87778,8776.45556,694.0,45833.34444,94.77778,7.93333,18.23704,145.51111,191206.42222,10.33333,711.46667,231.44444,335.93333,1.0,376.11111,243.33333,75.3,2461.0,D30.a_2,701.7,37.11111,211.55556,40.84444,1545.37778,152.22222,1.31852,6.85185,5.25556,3909.42222,1.88889,80.33333,23.66667,3.66667,1.0,9.88889,1.0,5.70741,49.31111,D30.i_2
15038.23333,1195.54444,8201.56667,781.66667,43503.34444,112.88889,10.82222,12.84444,138.28889,185108.97778,11.44444,664.8,245.77778,319.82222,1.77778,296.77778,132.44444,71.85556,2481.22222,D30.a_3,621.7,39.33333,212.88889,40.95556,1361.26667,312.44444,1.0,5.22963,3.73333,3715.64444,1.77778,59.11111,29.11111,2.55556,1.0,10.33333,2.77778,9.01481,48.53333,D30.i_3
15066.56667,1158.1,8728.01111,776.77778,43962.9,125.22222,8.37778,25.42963,142.95556,181798.86667,15.55556,662.68889,221.33333,327.26667,1.0,377.22222,195.0,93.96667,2411.66667,D30.a_4,663.7,38.11111,204.11111,61.35556,1364.15556,299.77778,1.1037,1.0,4.43333,3610.31111,1.33333,69.11111,28.77778,4.33333,1.0,9.44444,3.77778,6.95556,41.64444,D30.i_4
14400.01111,1050.98889,8167.34444,805.11111,42806.12222,125.33333,9.6,9.67407,134.17778,177099.53333,12.11111,647.46667,232.55556,322.04444,1.0,290.0,153.22222,76.63333,2330.77778,D30.a_5,722.47778,55.77778,231.0,58.95556,1574.04444,78.55556,1.1037,6.06667,4.32222,3526.75556,1.33333,81.44444,31.88889,2.77778,1.0,6.88889,4.77778,6.45926,49.2,D30.i_5
13707.56667,1030.87778,8252.23333,802.33333,41447.23333,277.22222,9.04444,12.73333,139.28889,173261.97778,14.44444,719.02222,236.0,294.93333,1.0,289.88889,158.22222,98.3,2452.11111,D30.a_6,640.25556,34.22222,212.44444,93.86667,1419.6,84.33333,1.1037,4.95556,2.35556,3464.08889,1.33333,79.77778,30.11111,2.66667,2.55556,7.33333,6.66667,6.79259,40.42222,D30.i_6
13684.67778,1205.65556,8343.45556,652.66667,40322.78889,74.0,10.37778,15.17778,131.28889,169773.2,12.55556,653.68889,235.33333,280.82222,1.0,279.88889,117.77778,47.07778,2376.33333,D30.a_7,591.7,44.44444,176.33333,114.53333,1298.04444,55.77778,1.0,1.0,3.43333,3348.2,1.66667,62.0,28.0,1.66667,1.0,7.88889,1.0,5.17778,36.53333,D30.i_7
13220.01111,990.65556,8807.23333,856.55556,37886.12222,96.77778,7.6,15.17778,120.28889,166548.42222,13.77778,621.68889,241.44444,263.37778,1.0,219.55556,108.88889,152.96667,2381.88889,D30.a_8,659.7,33.11111,201.22222,104.2,1421.6,64.0,1.1037,8.12593,2.95556,3280.31111,1.55556,60.77778,29.22222,2.55556,1.0,9.0,2.88889,5.65556,45.86667,D30.i_8
13069.78889,1016.87778,8659.23333,755.88889,39159.45556,142.11111,8.15556,9.48148,118.84444,163883.86667,11.11111,631.57778,220.33333,299.93333,1.0,309.55556,184.88889,91.18889,2318.33333,D30.a_9,616.14444,35.22222,204.22222,64.06667,1326.26667,107.22222,1.1037,5.39259,3.83333,3238.53333,1.44444,66.55556,24.77778,1.55556,1.0,5.11111,1.0,6.21111,40.86667,D30.i_9
53211.85556,9304.28889,9527.7,3361.84444,267171.47778,280.35556,15.01111,28.33333,805.01111,393221.56667,113.08889,585.88889,162.66667,1377.11111,1.6,234.33333,300.77778,37.46667,2757.42222,D31.a_0,1665.08889,171.95556,187.46667,96.51852,6081.57778,15.0,1.0,1.0,26.93333,4680.0,4.54815,22.68889,9.88889,9.72222,1.0,6.88889,2.64444,3.71852,31.55556,D31.i_0
52529.74444,8916.17778,9040.47778,3207.17778,257525.36667,300.8,9.34444,12.33333,753.01111,383150.12222,109.97778,594.0,137.11111,1309.22222,1.0,247.22222,282.88889,29.91111,2674.2,D31.a_1,1878.42222,139.62222,153.57778,120.77778,6641.68889,18.88889,1.0,1.0,26.82222,4464.77778,5.21481,11.13333,5.88889,9.72222,1.0,3.77778,1.0,2.71852,27.33333,D31.i_1
52242.63333,8902.62222,8987.81111,3363.28889,257924.7,381.02222,11.45556,22.66667,744.9,375796.45556,112.86667,584.44444,113.88889,1301.22222,1.6,262.77778,451.11111,30.68889,2591.97778,D31.a_2,1580.42222,159.84444,198.35556,111.25926,5694.35556,6.88889,1.0,1.0,28.15556,4302.22222,4.43704,20.46667,7.88889,8.27778,1.0,5.77778,3.82222,3.28889,31.11111,D31.i_2
52389.63333,9557.17778,9735.7,4358.51111,249643.03333,282.48889,10.12222,35.11111,786.23333,366993.9,100.31111,615.66667,133.77778,1343.44444,1.6,296.33333,344.55556,38.57778,2805.08889,D31.a_3,1617.97778,185.17778,201.46667,133.55556,6019.02222,12.88889,1.0,4.6,27.71111,4197.66667,3.53333,23.8,11.66667,9.72222,1.0,3.55556,4.64444,3.38519,31.88889,D31.i_3
50033.07778,9005.62222,9309.92222,3548.17778,237342.36667,290.46667,11.78889,28.44444,756.78889,355157.78889,110.75556,560.88889,131.88889,1252.0,1.0,265.22222,365.22222,32.57778,2844.97778,D31.a_4,1676.2,168.84444,154.68889,149.81481,6109.91111,16.88889,1.0,9.31111,27.71111,4124.11111,3.86667,18.68889,6.44444,11.18519,1.0,5.66667,6.64444,2.19259,28.44444,D31.i_4
46864.18889,8653.84444,10792.36667,2458.62222,213417.47778,185.68889,10.67778,24.77778,719.45556,339180.78889,100.08889,526.66667,151.77778,1161.0,1.0,241.11111,262.44444,32.57778,2710.31111,D31.a_5,1689.86667,142.62222,152.46667,193.0,6070.8,23.11111,1.33333,2.94074,26.71111,4092.33333,4.86667,23.8,8.77778,16.83333,1.0,2.77778,1.0,3.81481,32.66667,D31.i_5
47373.63333,9160.06667,11171.36667,2899.84444,213988.36667,173.71111,11.23333,29.33333,787.67778,326830.56667,102.2,556.66667,158.88889,1300.66667,1.0,271.66667,302.0,23.57778,2994.42222,D31.a_6,1654.64444,147.62222,159.68889,162.0,5896.57778,8.77778,1.0,1.0,24.04444,4024.44444,4.53333,18.02222,5.11111,14.94444,1.0,8.33333,2.82222,1.85926,28.66667,D31.i_6
45154.07778,8052.51111,9667.03333,2512.73333,213713.14444,198.02222,9.67778,22.44444,689.12222,315254.45556,88.97778,470.44444,130.66667,1164.77778,1.6,207.88889,260.11111,23.68889,2232.53333,D31.a_7,1515.86667,153.73333,169.35556,151.77778,5693.91111,10.88889,1.0,5.71111,29.26667,3935.11111,3.54815,18.8,11.44444,9.27778,1.0,4.33333,4.46667,1.42963,30.88889,D31.i_7
44424.74444,8169.51111,9881.47778,2582.62222,201935.92222,362.35556,10.12222,19.11111,652.12222,305714.34444,83.86667,470.11111,139.0,1107.0,2.2,206.77778,274.0,25.13333,2455.31111,D31.a_8,1659.42222,179.84444,154.13333,113.92593,5778.8,16.77778,1.0,8.87407,26.93333,3903.33333,3.54815,22.93333,7.77778,9.94444,1.0,5.44444,3.64444,1.85926,35.55556,D31.i_8
41225.52222,7934.95556,10551.47778,2778.84444,188196.47778,189.8,8.23333,15.66667,614.01111,295792.56667,83.64444,489.0,126.55556,1065.11111,3.08889,203.88889,243.33333,24.35556,2354.86667,D31.a_9,1531.53333,134.51111,161.35556,93.25926,5466.57778,14.88889,1.11111,2.65926,25.82222,3799.0,4.88148,13.71111,8.11111,7.94444,1.0,4.77778,6.28889,3.81481,32.11111,D31.i_9
34081.02222,3300.33333,13671.02222,4063.85556,175652.46667,308.22222,5.04444,12.22222,1231.12222,438162.83333,46.11111,497.54444,239.61111,328.82222,1.77778,813.22222,323.06667,100.25556,3034.37778,D32.a_0,367.04444,35.33333,164.77778,75.28519,1018.96667,390.44444,1.0,1.0,7.57037,1430.3,1.21111,18.22222,16.11111,2.11111,1.0,2.71111,4.66667,3.31481,28.95556,D32.i_0
28889.35556,2669.0,12251.91111,3793.07778,145970.24444,55.55556,3.93333,13.22222,1028.23333,365889.38889,35.66667,429.98889,254.83333,269.15556,1.77778,566.0,254.51111,68.92222,2310.48889,D32.a_1,414.93333,41.22222,178.55556,110.77037,1157.74444,460.11111,1.0,2.98519,9.04444,1231.07778,1.2,25.55556,21.66667,1.55556,1.0,4.6963,1.88889,3.31852,42.06667,D32.i_1
25161.46667,2236.11111,11618.02222,3248.41111,123419.35556,82.11111,4.28889,16.88889,930.23333,317464.16667,30.66667,414.1,224.05556,248.6,1.0,653.44444,212.17778,60.03333,2239.82222,D32.a_2,431.93333,49.33333,195.77778,94.81111,1201.96667,347.33333,1.0,4.97037,10.26667,1178.41111,1.0,36.88889,28.22222,1.77778,1.0,5.31852,5.66667,5.3037,48.51111,D32.i_2
24070.24444,2241.11111,10755.13333,3145.3,118024.46667,86.33333,4.28889,9.88889,864.34444,290347.5,23.11111,397.87778,180.16667,269.71111,1.0,526.22222,177.62222,55.47778,2040.15556,D32.a_3,418.15556,62.33333,208.44444,79.77037,1041.18889,226.33333,1.0,6.08148,13.48889,1084.41111,1.1,42.0,35.77778,1.55556,1.0,2.71111,2.88889,4.31111,43.62222,D32.i_3
19710.57778,2003.77778,9626.68889,2285.85556,104062.68889,57.44444,5.04444,21.44444,796.12222,255008.05556,25.0,328.32222,165.61111,214.6,1.0,467.55556,192.28889,50.25556,1746.6,D32.a_4,574.48889,42.0,220.11111,72.1037,1193.3,291.66667,1.0,4.0963,8.71111,1011.3,1.1,40.44444,28.88889,1.77778,1.0,3.36296,5.66667,2.98519,47.84444,D32.i_4
16135.13333,1638.0,7764.24444,1829.3,85391.35556,14.88889,3.28148,3.22222,629.9,217360.72222,17.66667,261.65556,112.27778,191.82222,1.0,418.88889,168.73333,18.7,1571.04444,D32.a_5,486.82222,50.44444,247.0,120.81111,1260.41111,355.33333,1.0,2.98519,11.48889,932.3,1.2,38.77778,34.77778,1.88889,1.0,5.42222,1.88889,3.97778,53.51111,D32.i_5
14088.24444,1414.55556,9261.57778,1589.3,73460.02222,82.44444,3.94815,5.44444,547.56667,188505.5,15.22222,302.1,131.38889,174.93333,1.0,463.88889,163.62222,38.36667,1463.71111,D32.a_6,438.71111,57.55556,256.44444,85.21481,1219.07778,452.11111,1.0,1.0,9.26667,905.85556,1.2,46.44444,39.44444,1.88889,1.71852,7.58519,3.77778,3.64815,48.84444,D32.i_6
13797.13333,1424.77778,8683.46667,1718.52222,73045.46667,92.66667,3.94815,8.77778,493.67778,170260.5,14.55556,265.76667,132.38889,177.71111,1.0,310.88889,133.95556,34.36667,1183.71111,D32.a_7,703.48889,53.33333,240.11111,118.25556,1144.74444,435.33333,1.0,3.1037,13.71111,837.96667,1.2,50.44444,39.55556,2.44444,1.0,6.75556,4.66667,9.07778,53.28889,D32.i_7
13407.91111,1339.88889,8706.8,1638.41111,67634.24444,63.77778,3.17778,6.55556,476.78889,158754.27778,16.55556,261.98889,144.61111,162.04444,1.0,293.88889,163.73333,29.47778,1166.82222,D32.a_8,400.82222,62.33333,231.33333,116.1037,1103.85556,94.77778,1.1,4.0963,10.15556,822.3,1.3,46.0,28.22222,1.33333,1.71852,3.25926,1.88889,4.30741,46.28889,D32.i_8
12635.57778,1207.33333,10194.57778,1651.41111,58849.68889,57.44444,3.96296,5.55556,369.9,148232.5,11.44444,320.98889,144.83333,172.26667,3.44444,328.44444,175.51111,42.25556,1790.48889,D32.a_9,463.26667,73.77778,268.22222,103.61852,1179.41111,378.11111,1.2,1.99259,10.37778,801.41111,1.3,59.11111,40.44444,2.33333,1.0,5.14815,2.77778,5.42222,62.62222,D32.i_9
16528.45556,4091.68889,6938.56667,1618.04444,61698.52222,498.24444,63.11111,29.44444,1238.67778,435682.04444,257.23333,231.15556,301.22222,981.33333,2.55556,5459.57778,105.88889,22.06667,14271.55556,D33.a_0,553.01111,130.22222,342.48889,147.72222,1527.17778,896.57778,2.05926,5.2,23.46667,4891.47778,12.77778,43.66667,34.88889,2.83704,1.77778,11.55556,11.33333,2.60741,178.64444,D33.i_0
14888.78889,3494.46667,6243.9,1579.37778,56856.3,413.68889,56.33333,19.11111,1098.01111,414748.15556,236.23333,228.26667,279.66667,880.33333,1.0,3568.57778,113.55556,25.95556,13441.55556,D33.a_1,576.34444,138.11111,341.71111,127.05556,1550.06667,750.46667,1.65185,4.17037,21.68889,4550.47778,13.11111,46.77778,31.88889,3.17037,1.0,9.48148,22.11111,3.59259,152.2,D33.i_1
14558.78889,3702.91111,6563.9,1380.6,54259.52222,317.24444,54.77778,6.55556,1081.34444,392938.04444,222.01111,221.37778,286.22222,855.44444,1.0,4254.8,121.66667,27.84444,12848.88889,D33.a_2,538.78889,138.11111,333.48889,96.16667,1481.17778,623.13333,1.41481,5.2,17.24444,4298.7,8.77778,32.11111,29.55556,3.17037,1.77778,9.55556,8.55556,2.62222,128.75556,D33.i_2
14664.78889,3725.24444,7004.9,1597.37778,55360.41111,442.68889,61.44444,23.88889,1117.9,375903.37778,228.67778,223.15556,308.0,835.44444,3.33333,4140.02222,126.66667,29.51111,12097.88889,D33.a_3,557.67778,220.77778,349.82222,127.05556,1423.73333,693.02222,1.0,2.02963,27.68889,4151.92222,11.66667,40.33333,30.88889,2.17778,1.0,5.07407,18.22222,3.38519,196.42222,D33.i_3
14238.78889,3690.68889,7028.23333,1556.15556,52390.41111,465.13333,63.88889,37.77778,1151.12222,364031.04444,239.67778,207.15556,311.11111,775.44444,1.0,3881.24444,101.88889,26.06667,13682.11111,D33.a_4,557.78889,170.44444,308.6,144.94444,1425.28889,579.8,1.31111,7.34074,22.13333,4057.47778,11.11111,36.66667,28.0,3.61481,1.0,11.37037,20.0,4.56296,141.75556,D33.i_4
13574.34444,3477.13333,6773.78889,1398.82222,51543.41111,522.68889,49.22222,38.77778,1061.9,353047.15556,225.67778,221.82222,264.11111,783.77778,2.66667,3749.8,92.88889,31.17778,13020.88889,D33.a_5,543.34444,127.0,314.82222,152.72222,1466.51111,518.24444,1.20741,5.2,26.68889,3894.58889,13.77778,32.44444,29.11111,4.28148,1.0,8.92593,16.22222,5.34074,160.42222,D33.i_5
13240.01111,3481.24444,6800.12222,1561.26667,51000.41111,678.68889,54.22222,32.88889,1065.23333,341337.71111,222.78889,193.82222,261.66667,750.0,1.0,3475.24444,92.88889,23.95556,12744.22222,D33.a_6,568.12222,156.33333,346.6,114.14815,1512.17778,551.13333,1.0,9.59259,23.13333,3774.36667,9.44444,36.88889,24.33333,3.4963,1.0,12.25926,20.11111,2.92593,185.86667,D33.i_6
12470.23333,3365.91111,6617.78889,1465.71111,47256.74444,643.8,43.33333,39.88889,1029.56667,324867.04444,203.34444,193.6,228.77778,714.88889,1.77778,3448.13333,103.88889,21.06667,11910.22222,D33.a_7,500.9,167.55556,282.48889,93.72222,1303.28889,300.57778,1.20741,5.2,24.24444,3648.14444,11.33333,31.0,32.88889,3.60741,1.0,7.66667,33.11111,4.35556,135.64444,D33.i_7
12378.78889,3430.68889,6657.34444,1437.37778,45006.41111,549.24444,47.66667,39.77778,1022.9,315343.48889,201.67778,205.93333,251.33333,683.11111,1.0,3157.35556,113.77778,23.73333,11083.77778,D33.a_8,523.45556,97.77778,316.04444,139.94444,1305.28889,462.91111,1.42963,7.42222,22.57778,3501.92222,11.11111,37.22222,31.88889,2.94815,1.0,12.37037,26.11111,6.00741,191.53333,D33.i_8
11397.67778,2953.13333,6219.12222,1267.48889,41886.52222,432.35556,45.44444,31.88889,870.9,301917.82222,196.78889,189.6,216.22222,634.33333,1.77778,3547.91111,99.88889,22.95556,10433.0,D33.a_9,520.67778,89.77778,290.71111,127.05556,1356.28889,393.02222,1.1037,2.02963,21.02222,3423.03333,10.0,28.55556,27.88889,3.62222,1.0,11.25926,24.22222,4.91111,156.97778,D33.i_9
14784.71111,6888.88889,13217.3,1801.27778,58804.8,260.88889,17.0,18.83704,2356.93333,89408.05556,12.0,4287.22222,1448.28889,1315.77778,9.37778,332.11111,627.95556,169.82222,2135.46667,D34.a_0,1106.9,192.97778,229.02222,75.14074,2997.16667,807.44444,1.0,5.47407,31.57778,1227.78889,1.37037,117.57778,73.55556,8.77778,1.0,3.97778,5.77778,5.72222,11.44444,D34.i_0
14314.37778,6618.0,13722.52222,1966.27778,55661.02222,215.77778,17.66667,15.14074,2186.93333,87530.61111,10.55556,4032.11111,1407.4,1361.66667,7.11111,308.11111,575.51111,160.93333,2041.35556,D34.a_1,1028.9,110.08889,138.91111,69.63704,2776.94444,441.55556,1.0,5.2,35.8,1128.34444,1.09259,96.13333,41.66667,9.33333,1.0,7.14074,6.55556,4.94444,10.22222,D34.i_1
13928.6,7086.11111,12353.63333,1664.5,52844.24444,295.88889,20.44444,6.07778,2143.6,85468.38889,13.44444,4080.22222,1416.28889,1228.11111,11.04444,305.11111,573.4,155.26667,2034.91111,D34.a_2,994.12222,159.42222,184.91111,131.97778,2698.94444,677.88889,1.09259,2.02963,37.46667,1065.67778,1.09259,107.91111,53.33333,11.0,1.0,9.02963,4.66667,5.33333,10.77778,D34.i_2
13518.26667,6466.0,12811.07778,1728.94444,51415.46667,273.22222,14.33333,11.6963,2072.04444,83451.72222,11.55556,3788.44444,1283.28889,1178.22222,9.66667,293.44444,573.28889,176.71111,1821.13333,D34.a_3,907.9,131.2,162.57778,88.14074,2409.83333,252.66667,1.31481,3.14074,32.46667,982.01111,1.0,87.8,46.77778,8.44444,1.0,6.03704,5.55556,6.16667,10.66667,D34.i_3
13572.15556,6118.0,12168.63333,1558.72222,53085.91111,205.33333,14.33333,16.5037,1966.93333,81546.83333,9.0,3622.44444,1255.84444,1237.44444,9.66667,281.22222,502.17778,155.26667,1824.02222,D34.a_4,1001.34444,125.31111,189.57778,113.91852,2907.05556,384.22222,1.09259,10.7037,39.57778,928.9,1.18519,114.35556,67.22222,10.44444,1.0,4.86667,5.55556,5.5,13.88889,D34.i_4
13908.37778,6224.55556,12756.74444,1679.83333,53098.8,244.44444,12.22222,15.82222,1913.04444,80088.38889,9.22222,3746.11111,1252.17778,1345.88889,12.82222,277.77778,595.17778,158.6,1861.35556,D34.a_5,977.78889,152.53333,146.68889,61.97037,2548.61111,254.66667,1.0,1.0,26.57778,881.9,1.0,96.02222,53.0,6.55556,1.0,7.02963,11.33333,6.66667,11.0,D34.i_5
13073.82222,6245.88889,12543.07778,1981.72222,52638.13333,525.77778,16.0,13.21852,1929.82222,78360.5,9.55556,3706.11111,1285.17778,1289.77778,12.82222,289.88889,532.73333,148.26667,1949.13333,D34.a_6,668.56667,114.08889,104.13333,77.86667,1917.16667,232.33333,1.0,5.28148,22.02222,834.9,1.09259,70.68889,40.22222,4.22222,1.0,6.75556,7.66667,4.0,10.55556,D34.i_6
12989.15556,5978.11111,12145.07778,1999.83333,50654.68889,172.55556,16.55556,20.21852,1824.15556,77189.16667,10.22222,3521.0,1214.84444,1234.11111,6.22222,263.22222,759.4,151.04444,1976.8,D34.a_7,920.56667,102.08889,140.8,54.75556,2510.94444,330.88889,1.09259,4.36296,34.57778,834.9,1.18519,97.8,45.55556,6.44444,1.0,8.91852,7.55556,5.5,12.22222,D34.i_7
12550.48889,5863.55556,11933.07778,2348.16667,47011.24444,256.77778,14.22222,7.02963,1844.71111,76122.94444,12.0,3546.77778,1226.95556,1399.77778,7.11111,252.77778,566.28889,184.6,1743.35556,D34.a_8,974.01111,89.17778,152.8,90.97778,2666.16667,123.44444,1.0,1.0,36.57778,793.12222,1.0,94.13333,43.0,6.0,1.0,2.98519,9.44444,6.22222,13.22222,D34.i_8
12471.82222,6172.88889,11747.85556,2017.94444,47956.68889,380.22222,17.11111,6.07778,1936.48889,74580.83333,10.0,3464.66667,1198.17778,1314.11111,8.88889,247.11111,546.51111,167.37778,1848.57778,D34.a_9,919.23333,96.08889,137.68889,54.3037,2583.38889,226.11111,1.09259,4.17037,38.02222,756.56667,1.37037,89.57778,40.55556,8.0,1.0,5.41481,3.66667,5.94444,13.77778,D34.i_9
7621.96667,8969.11111,21907.33333,2685.52222,64587.05556,1286.0,101.33333,57.38889,17652.95556,97676.61111,322.26667,3397.44444,20018.33333,1079.04444,206.0,798.11111,1833.88889,944.31111,6538.26667,D35.a_0,518.67778,208.1,279.75556,76.16296,2871.78889,304.38889,1.51852,5.6,202.23333,1441.96667,10.52222,57.93333,384.72222,9.22222,3.86667,6.48889,33.11111,11.55556,35.2,D35.i_0
7605.96667,8143.0,19354.88889,2091.96667,64558.83333,1158.66667,64.44444,43.38889,15455.4,92643.38889,291.15556,3304.88889,18205.0,905.15556,207.55556,664.0,1203.77778,855.75556,6565.82222,D35.a_1,525.01111,192.87778,271.2,81.61481,2938.45556,478.94444,2.33333,6.39259,183.01111,1258.52222,8.07778,58.26667,406.5,8.66667,1.65926,12.9037,20.22222,11.51111,48.53333,D35.i_1
7348.96667,7608.55556,18549.44444,2788.63333,58981.61111,1183.22222,79.77778,63.51852,14891.95556,88214.83333,323.93333,3156.77778,18714.33333,1106.82222,208.33333,765.88889,1495.11111,930.42222,6102.15556,D35.a_2,551.56667,186.76667,321.86667,75.93333,2982.23333,328.94444,1.7037,1.0,220.9,1127.3,9.74444,65.48889,378.38889,6.77778,3.20741,11.57037,11.44444,20.15556,40.42222,D35.i_2
7244.41111,8835.44444,21958.66667,2550.96667,59866.61111,1425.55556,93.66667,68.2963,15964.62222,86019.72222,325.82222,3350.44444,18800.77778,1412.71111,219.66667,693.66667,1470.22222,961.75556,6350.37778,D35.a_3,519.34444,183.65556,152.2,99.61481,2649.12222,253.37037,1.09259,10.2,182.23333,1069.85556,7.19259,55.82222,355.38889,7.22222,3.86667,10.57037,24.88889,12.73333,44.53333,D35.i_3
7430.96667,7813.55556,15024.33333,1792.63333,62168.38889,920.22222,62.55556,42.27778,13759.06667,82163.16667,267.6,3476.77778,18301.22222,651.37778,168.33333,789.77778,1292.88889,833.53333,6686.15556,D35.a_4,495.12222,151.43333,207.97778,50.5037,2669.67778,435.83333,2.7037,7.61481,191.12222,996.74444,7.07778,45.71111,327.38889,6.55556,2.31852,13.65185,32.0,10.84444,30.42222,D35.i_4
6817.74444,8035.33333,16328.88889,1532.18889,57947.72222,1322.88889,65.77778,55.16667,13501.84444,79095.72222,247.71111,3233.55556,17401.44444,734.37778,189.11111,675.33333,1060.11111,904.08889,5964.04444,D35.a_5,527.9,162.54444,272.31111,83.48889,2716.34444,269.59259,1.37037,8.2963,216.12222,922.63333,6.74444,57.26667,374.83333,7.0,4.75556,14.0963,20.33333,17.24444,43.53333,D35.i_5
6978.85556,7945.0,17102.44444,2035.07778,59076.5,836.11111,59.77778,39.18519,13634.95556,75852.38889,238.04444,3110.44444,16097.11111,776.71111,152.77778,659.77778,960.22222,1068.42222,6008.26667,D35.a_6,490.01111,216.1,203.53333,60.60741,2501.01111,150.59259,1.62963,3.6963,163.12222,912.18889,6.85556,52.82222,339.27778,6.55556,1.0,11.45926,15.33333,10.6,33.75556,D35.i_6
6660.3,7254.33333,15907.66667,1508.85556,52741.72222,839.88889,59.88889,24.2037,13192.73333,73764.38889,240.6,3038.77778,16507.22222,603.82222,168.55556,649.22222,1114.55556,851.08889,5746.04444,D35.a_7,469.23333,167.65556,387.64444,96.48889,2639.34444,524.25926,1.18519,10.62963,195.9,870.41111,8.41111,61.04444,343.61111,6.88889,4.52593,9.82222,22.11111,6.13333,45.42222,D35.i_7
6923.74444,7330.33333,15796.66667,1390.18889,55146.05556,1070.33333,45.77778,33.2963,13090.62222,70739.61111,243.82222,3236.66667,16371.55556,635.15556,163.11111,691.33333,807.55556,915.53333,5741.71111,D35.a_8,482.12222,220.21111,250.75556,56.06667,2570.78889,300.16667,1.5,8.2963,181.23333,828.63333,7.96667,45.48889,322.16667,7.66667,3.86667,11.73333,33.88889,17.6,31.2,D35.i_8
5912.41111,7482.88889,17205.11111,2032.85556,49250.5,860.77778,60.33333,41.05556,12297.95556,68436.83333,251.6,2917.88889,15664.44444,760.6,167.66667,605.66667,1565.44444,991.75556,5217.82222,D35.a_9,542.23333,134.1,220.97778,81.27407,2677.45556,261.7963,1.5,9.04444,202.01111,797.3,6.41481,64.82222,359.83333,7.11111,2.31852,6.74074,15.44444,7.77778,48.53333,D35.i_9
26955.95556,13869.4,15755.25556,3944.16667,174469.92222,362.57778,34.66667,47.37778,2746.96667,345619.5,22.71111,4109.81111,116.44444,1414.77778,1.0,93191.62222,893.86667,326.37778,178727.88889,D36.a_0,1819.31111,326.0,179.12222,218.14444,8354.53333,205.55556,1.22222,12.4963,138.56667,5022.63333,1.1037,73.81111,7.51852,21.77778,1.0,993.38889,12.22222,4.74815,1629.52222,D36.i_0
26775.17778,13192.17778,16157.47778,3582.72222,161692.14444,514.57778,31.33333,33.15556,2514.74444,330335.5,22.04444,4072.47778,113.11111,1233.66667,1.0,81855.95556,740.64444,312.82222,156930.55556,D36.a_1,1629.97778,321.0,147.01111,153.7,7567.97778,226.0,1.0,6.71852,114.12222,4728.96667,1.1037,83.03333,14.20741,20.33333,1.0,1079.83333,6.44444,2.75926,1758.85556,D36.i_1
26535.73333,13148.62222,15874.81111,4080.94444,164804.58889,606.8,35.0,41.26667,2390.18889,313106.05556,23.37778,4110.58889,94.0,1291.88889,1.0,85001.17778,838.42222,301.71111,160286.33333,D36.a_2,1672.75556,315.88889,162.67778,210.36667,7759.2,398.55556,1.22222,1.0,141.34444,4429.74444,1.0,77.03333,5.21481,21.22222,1.77778,893.83333,10.44444,4.75556,1563.18889,D36.i_2
25191.62222,12266.17778,14297.36667,4284.72222,174265.92222,549.46667,41.22222,39.23704,2369.63333,303258.72222,22.37778,3807.36667,100.88889,1301.88889,1.0,83569.84444,823.53333,295.04444,176273.77778,D36.a_3,1689.86667,338.11111,179.01111,157.8037,8153.42222,277.33333,1.0,1.0,153.45556,4151.96667,1.20741,91.47778,16.62222,16.33333,1.77778,847.38889,12.11111,5.41481,1552.18889,D36.i_3
26177.62222,13016.62222,14629.03333,4850.5,171331.47778,541.37778,36.88889,29.79259,2467.07778,296948.16667,24.15556,3906.36667,99.44444,1260.33333,1.0,82233.73333,721.75556,272.71111,159108.55556,D36.a_4,1921.08889,427.77778,133.9,269.7,8823.2,521.88889,1.88889,4.97037,144.45556,3957.74444,1.20741,92.14444,12.84444,30.44444,1.0,927.83333,13.22222,6.63704,1458.85556,D36.i_4
25294.95556,12409.95556,14430.7,4186.83333,163589.36667,456.91111,32.66667,34.57037,2244.52222,289634.72222,24.48889,3679.58889,99.44444,1255.0,1.0,80503.84444,700.86667,290.04444,159232.55556,D36.a_5,1706.31111,303.77778,125.45556,205.14444,7954.31111,437.44444,1.11111,3.62222,119.56667,3784.85556,1.31111,107.81111,9.68148,16.88889,1.0,816.16667,4.77778,3.64444,1274.85556,D36.i_5
25514.17778,12091.51111,15996.14444,3959.72222,161153.7,424.02222,33.0,30.01481,2273.41111,280435.5,20.71111,3779.58889,101.88889,1156.66667,1.77778,76493.84444,695.08889,302.04444,145485.11111,D36.a_6,1656.08889,287.55556,142.56667,218.14444,8111.08889,369.77778,1.22222,4.73333,115.9,3669.52222,1.0,115.03333,9.37778,21.11111,1.0,754.61111,10.44444,4.08148,1257.52222,D36.i_6
24221.17778,12530.06667,13970.36667,4824.94444,158660.81111,391.24444,28.33333,28.68148,2206.07778,272175.38889,21.04444,3693.03333,101.55556,1075.55556,1.0,72992.06667,906.86667,266.04444,143084.44444,D36.a_7,1683.86667,321.88889,138.78889,162.36296,7903.75556,320.44444,1.44444,3.85926,128.78889,3569.74444,1.31111,97.7,6.93333,19.44444,1.0,821.05556,9.55556,4.21111,1299.63333,D36.i_7
24773.73333,13079.4,14578.58889,3365.83333,149761.58889,315.24444,29.44444,32.04444,2152.63333,267483.05556,21.15556,3456.7,93.55556,1002.88889,1.0,71180.73333,766.53333,256.37778,138525.44444,D36.a_8,1578.2,299.88889,118.67778,172.47407,7297.53333,583.44444,1.22222,7.06667,109.9,3402.18889,1.1037,89.25556,12.54074,16.55556,1.0,778.94444,5.77778,5.31481,1204.96667,D36.i_8
24250.84444,12838.06667,14754.14444,4003.5,155149.03333,356.24444,31.11111,27.57037,2224.74444,260816.05556,17.93333,3546.92222,84.55556,1059.77778,1.0,73759.95556,623.75556,278.71111,144279.33333,D36.a_9,1599.53333,331.0,121.34444,167.36296,7161.64444,902.11111,1.11111,9.05185,119.78889,3307.63333,1.20741,103.47778,9.93333,18.55556,1.0,703.72222,10.44444,5.0963,1264.96667,D36.i_9
29436.03333,9783.77778,8354.37778,809.51111,184285.01111,158.22222,20.56667,26.65185,2273.24444,441117.71111,115.11111,1482.68889,1459.62222,823.77778,21.28889,295.06667,1203.77778,2813.21111,3770.4,D37.a_0,610.51111,145.72222,134.61111,27.14815,2830.67778,622.44444,1.44444,7.67778,56.63333,7088.78889,2.77778,76.77778,57.41111,5.88889,1.77778,9.64444,10.77778,1.0,70.4,D37.i_0
26950.14444,8891.22222,8098.6,696.06667,172439.56667,367.55556,20.34444,26.34815,2186.91111,417707.26667,104.0,1366.24444,1330.95556,850.11111,14.39259,281.28889,1205.66667,1690.43333,3718.84444,D37.a_1,599.62222,174.94444,144.05556,76.85185,2906.78889,749.88889,1.11111,8.38519,61.96667,6475.01111,3.44444,65.22222,56.96667,6.88889,3.44444,7.47407,4.51111,1.0,83.84444,D37.i_1
27301.81111,9208.11111,7662.82222,680.62222,173423.78889,308.22222,16.56667,25.34815,2221.57778,405203.93333,102.33333,1416.13333,1295.28889,847.0,9.63704,281.4,1542.66667,2982.87778,3782.17778,D37.a_2,578.06667,142.72222,141.05556,46.66667,2669.67778,871.11111,1.22222,2.81852,48.3,6028.9,3.22222,65.22222,47.85556,5.44444,4.22222,7.58519,6.02222,1.0,85.17778,D37.i_2
28896.25556,9724.33333,7552.15556,688.4,179332.56667,170.44444,17.34444,24.31852,2235.02222,399134.04444,116.77778,1428.13333,1363.4,824.0,24.16296,282.73333,1480.0,2612.21111,3801.28889,D37.a_3,570.06667,174.94444,134.61111,55.96296,2618.01111,540.33333,1.11111,4.63704,60.85556,5693.34444,2.77778,55.44444,54.52222,6.77778,4.22222,11.80741,10.28889,1.0,89.62222,D37.i_3
26867.25556,8885.11111,7554.82222,667.73333,172977.01111,209.55556,15.34444,21.79259,2201.02222,390875.04444,107.0,1347.91111,1328.84444,793.11111,25.93333,272.06667,1316.88889,2050.43333,3764.84444,D37.a_4,535.17778,146.83333,109.5,37.96296,2555.56667,599.88889,1.11111,3.52593,63.41111,5509.67778,2.22222,46.33333,47.18889,5.88889,2.55556,5.59259,3.51111,1.0,72.73333,D37.i_4
26393.58889,8739.66667,8046.37778,696.06667,167207.67778,147.88889,18.01111,25.15556,2029.68889,380532.71111,107.44444,1375.68889,1306.17778,730.77778,21.05185,313.51111,1311.66667,1545.21111,3729.84444,D37.a_5,558.84444,127.61111,110.94444,36.44444,2505.56667,388.33333,1.0,2.81852,56.07778,5368.23333,2.33333,45.55556,48.63333,4.33333,1.77778,2.98519,11.53333,1.0,60.4,D37.i_5
25363.92222,8531.44444,7616.93333,582.62222,162326.45556,189.0,13.78889,22.06667,2173.91111,372460.15556,94.66667,1364.02222,1272.51111,803.44444,24.38519,269.4,1393.22222,1951.65556,3478.17778,D37.a_6,566.51111,131.72222,122.05556,27.14815,2614.12222,811.55556,1.33333,1.70741,76.41111,5179.34444,1.88889,53.33333,53.85556,5.66667,1.0,4.15556,14.53333,1.0,69.62222,D37.i_6
24211.58889,8092.0,7649.6,626.4,157467.78889,141.77778,19.12222,17.20741,1960.02222,362714.48889,90.77778,1253.91111,1159.62222,708.44444,18.39259,307.51111,1285.11111,3535.87778,3621.62222,D37.a_7,548.51111,157.94444,131.27778,37.48148,2436.45556,636.88889,1.33333,1.0,52.63333,5048.01111,2.44444,66.33333,54.3,6.77778,1.0,5.58519,14.28889,1.16296,89.73333,D37.i_7
24682.14444,7929.11111,6758.6,659.95556,156912.12222,217.77778,12.67778,15.17778,1916.91111,351830.48889,96.44444,1285.02222,1220.17778,722.88889,26.16296,239.17778,1477.33333,2567.1,4037.62222,D37.a_8,532.95556,132.83333,115.05556,57.7037,2430.67778,639.11111,1.11111,4.63704,56.96667,4979.9,2.66667,50.44444,44.63333,3.66667,1.0,7.75556,8.02222,1.0,87.84444,D37.i_8
23014.81111,7750.77778,7098.93333,708.84444,154022.12222,141.77778,16.34444,15.25926,1877.91111,342211.71111,83.44444,1222.57778,1113.28889,723.66667,18.5037,257.62222,1392.0,4366.32222,3599.06667,D37.a_9,513.51111,124.5,101.05556,46.77778,2346.78889,462.22222,1.11111,1.0,52.3,4812.34444,2.44444,51.11111,52.3,4.55556,3.44444,7.03704,6.02222,1.16296,68.84444,D37.i_9
32531.56667,33226.11111,3095.91111,2265.56667,246294.07778,100.08148,12.1,13.33333,7719.54444,1224920.06667,202.6,1214.33333,348.55556,2063.44444,1.0,482.22222,707.06667,261.16667,1940.86667,D38.a_0,615.14444,195.76667,54.4,35.22222,3360.75556,318.61111,1.0,1.95185,55.45556,12788.95556,1.77778,31.6,5.88889,19.66667,1.77778,10.22222,20.31111,11.5037,27.04444,D38.i_0
33822.12222,31349.33333,3333.68889,2371.34444,253070.63333,153.07778,13.32222,13.33333,7952.65556,1190036.06667,216.15556,1311.77778,312.66667,2117.88889,1.0,531.55556,647.62222,286.27778,1991.31111,D38.a_1,586.81111,199.76667,60.51111,33.42222,3286.75556,962.05556,1.0,7.45926,52.9,12069.4,1.77778,32.15556,5.44444,18.11111,1.0,13.0,7.15556,6.48889,22.37778,D38.i_1
32998.23333,32511.44444,3084.02222,2149.56667,240130.96667,93.3,9.54444,9.88889,8203.65556,1149968.06667,198.26667,1224.77778,411.88889,1932.11111,1.0,484.88889,643.73333,153.05556,2000.42222,D38.a_2,546.14444,202.87778,56.51111,13.73333,2990.2,818.48148,1.0,12.91852,53.34444,11355.62222,1.33333,33.04444,4.22222,16.22222,1.0,10.33333,10.73333,6.25185,24.6,D38.i_2
32437.23333,29670.66667,3079.46667,2105.67778,242757.63333,137.08148,11.87778,8.88889,8160.65556,1123022.06667,177.15556,1186.11111,424.66667,1893.11111,1.0,483.11111,617.84444,95.5,1957.08889,D38.a_3,525.03333,174.54444,60.84444,30.0,3019.97778,1180.05556,1.0,6.07778,57.34444,10793.95556,1.55556,24.82222,5.22222,15.88889,1.77778,11.11111,12.94444,4.14815,21.93333,D38.i_3
31918.67778,23496.11111,3136.46667,1932.78889,237398.3,184.75185,12.1,4.33333,6461.65556,1090081.73333,147.48889,1221.88889,319.88889,1885.77778,1.0,471.66667,653.73333,129.05556,1813.2,D38.a_4,509.25556,175.65556,53.84444,9.48889,2744.53333,530.27778,1.0,4.01481,53.34444,10174.51111,1.33333,42.6,4.88889,15.33333,2.66667,10.22222,8.15556,13.16296,16.82222,D38.i_4
31437.78889,23619.44444,3119.13333,2108.23333,228397.74444,153.52593,10.76667,5.44444,6724.1,1031433.17778,137.48889,1181.22222,286.77778,1894.0,1.0,417.66667,564.51111,143.5,1797.75556,D38.a_5,510.36667,167.65556,59.84444,26.73333,2808.86667,312.61111,1.0,4.96667,47.23333,9806.73333,1.33333,32.93333,3.66667,12.55556,1.0,11.44444,3.57778,6.68889,27.71111,D38.i_5
28704.45556,21648.0,3130.91111,1773.01111,217167.85556,179.74444,9.32222,7.66667,6474.1,959615.73333,139.82222,1120.11111,206.44444,1665.33333,1.0,431.22222,470.51111,148.61111,1721.97778,D38.a_6,491.47778,166.54444,64.73333,35.11111,2787.86667,589.72222,1.0,1.95185,42.34444,9544.62222,1.22222,25.48889,2.33333,11.22222,1.0,2.88889,11.15556,8.73333,22.93333,D38.i_6
28091.78889,19584.44444,2932.68889,1458.12222,204466.63333,206.63333,11.87778,11.11111,5701.32222,915320.84444,137.48889,1070.33333,214.33333,1640.66667,1.0,402.88889,482.51111,131.16667,1527.97778,D38.a_7,489.7,166.65556,50.62222,34.24444,2663.75556,205.61111,1.22222,3.06296,45.67778,9276.62222,1.44444,29.37778,4.0,16.22222,1.77778,13.88889,14.94444,8.71852,15.6,D38.i_7
25320.67778,17394.33333,2567.91111,1659.34444,188203.3,34.75185,9.98889,6.55556,4980.98889,867834.73333,107.48889,1144.88889,151.11111,1419.44444,1.0,402.88889,437.84444,134.83333,1491.2,D38.a_8,443.14444,120.21111,57.28889,19.66667,2539.2,277.5,1.0,2.9037,45.01111,8967.4,1.11111,26.37778,2.77778,14.0,1.0,8.88889,7.15556,7.60741,15.71111,D38.i_8
24861.45556,15351.55556,2672.57778,1458.12222,185882.85556,118.63704,9.21111,3.22222,4495.43333,820676.51111,90.26667,1167.0,149.44444,1356.77778,1.0,388.11111,474.51111,130.05556,1459.86667,D38.a_9,432.25556,125.21111,58.84444,32.55556,2497.64444,378.16667,1.0,3.06296,46.78889,8605.28889,1.0,27.93333,2.66667,14.88889,1.0,11.22222,9.94444,10.17037,19.6,D38.i_9
18585.72222,12497.44444,15616.14444,1788.43333,92309.58889,891.55556,56.66667,86.55556,3683.64444,437070.0,12.66667,1545.44444,10597.44444,2742.33333,220.8,1149.0,3242.88889,686.96667,3065.86667,D39.a_0,819.6,181.55556,200.74444,64.6963,2575.0,578.24444,1.0,4.33333,24.95556,2279.51111,1.1,168.1,207.54444,7.78889,1.68889,4.74074,15.33333,5.88889,19.44444,D39.i_0
17964.72222,12703.66667,15058.81111,3120.87778,86902.81111,640.77778,50.88889,53.77778,3544.08889,422296.44444,14.11111,1404.55556,9611.66667,2719.66667,208.68889,999.22222,3182.33333,588.63333,3129.97778,D39.a_1,801.82222,171.66667,171.52222,62.24444,2613.33333,360.24444,1.0,11.11111,26.4,2168.95556,1.2,130.43333,208.65556,11.34444,1.0,5.15556,17.22222,4.68889,16.40741,D39.i_1
18602.61111,13118.22222,16029.58889,2186.21111,90573.36667,1152.22222,52.22222,58.55556,3607.64444,414299.11111,18.44444,1561.66667,11143.11111,2763.0,281.68889,1193.0,3877.11111,743.41111,3256.97778,D39.a_2,800.82222,228.0,167.3,37.42963,2665.88889,385.13333,1.1,14.44444,27.17778,2059.28889,1.1,104.65556,237.43333,8.9,2.57778,7.37778,11.33333,6.15556,14.11111,D39.i_2
17011.72222,12434.22222,16516.25556,2255.65556,86284.58889,823.77778,50.55556,65.55556,3654.42222,409753.44444,15.77778,1562.33333,10088.88889,2911.0,246.8,1258.55556,4206.88889,685.52222,3563.53333,D39.a_3,784.15556,167.33333,199.41111,15.37778,2457.22222,268.15556,1.0,8.88889,22.4,1970.06667,1.1,136.43333,223.1,10.34444,4.24444,9.57037,16.44444,7.93333,15.22222,D39.i_3
17054.38889,12566.0,15768.36667,2983.32222,84432.7,971.88889,56.44444,63.22222,3539.64444,402929.66667,16.22222,1482.22222,9686.55556,2835.44444,231.35556,1268.66667,3557.33333,608.63333,3104.97778,D39.a_4,777.71111,143.11111,149.63333,49.35556,2515.55556,633.57778,1.0,3.22222,24.95556,1870.28889,1.0,65.98889,206.21111,8.45556,2.37778,9.57037,7.55556,9.91111,14.44444,D39.i_4
17138.5,11978.22222,12746.47778,1471.32222,81672.03333,848.33333,40.66667,45.66667,3274.97778,393061.77778,14.44444,1430.77778,9929.66667,2668.88889,234.8,1097.66667,2907.22222,595.96667,2666.08889,D39.a_5,754.93333,157.33333,128.96667,45.41481,2382.55556,304.91111,1.0,12.22222,24.06667,1859.84444,1.63333,56.65556,191.21111,9.12222,1.0,9.23704,11.33333,9.37778,11.22222,D39.i_5
16351.5,11623.44444,13248.25556,1481.65556,81877.03333,675.88889,42.88889,45.55556,3144.86667,386981.55556,13.55556,1417.11111,9321.0,2528.22222,235.8,1028.55556,3248.77778,621.3,2587.97778,D39.a_6,773.37778,189.77778,108.85556,19.53333,2493.55556,362.46667,1.0,8.77778,19.17778,1786.73333,1.1,65.65556,186.1,8.34444,1.0,6.48889,15.33333,5.88889,14.77778,D39.i_6
16891.27778,11590.88889,14584.36667,2587.1,81103.36667,723.22222,49.66667,60.77778,3351.97778,380309.88889,12.11111,1373.55556,9200.11111,2628.0,226.02222,1118.11111,3001.77778,603.3,2920.75556,D39.a_7,708.15556,158.44444,148.18889,69.80741,2350.0,276.26667,1.0,2.11111,21.84444,1771.06667,1.4,59.43333,168.87778,5.04444,2.57778,6.18519,7.55556,5.44444,16.44444,D39.i_7
17199.72222,12180.55556,13690.47778,1881.87778,83936.14444,704.66667,46.11111,42.11111,3417.97778,372465.55556,13.66667,1420.88889,9637.22222,2671.55556,223.68889,1163.11111,3075.33333,617.96667,2777.2,D39.a_8,805.93333,120.11111,138.07778,40.41481,2600.77778,535.13333,1.1,13.33333,25.06667,1723.84444,1.0,99.98889,214.32222,10.12222,1.0,9.12593,16.11111,6.42222,13.0,D39.i_8
16048.83333,11377.0,14637.25556,3067.32222,78031.7,632.77778,45.44444,54.88889,3199.64444,363913.44444,13.88889,1309.66667,8456.33333,2348.77778,213.13333,993.33333,2642.66667,581.85556,2312.53333,D39.a_9,714.26667,136.22222,135.74444,50.63704,2399.66667,299.04444,1.0,15.66667,22.84444,1660.4,1.0,141.21111,177.98889,7.56667,1.0,6.23704,18.22222,3.33333,12.22222,D39.i_9
13523.97778,10413.73333,143498.32222,851.48889,52781.5,466.44444,20.72222,60.88889,1127.33333,255350.94444,23.0,1919.0,134.88889,478.66667,1.0,2840.0,597.0,103.66667,2969.28889,D4.a_0,496.81111,97.4,365.08889,61.09259,1050.42222,337.96667,1.0,2.02963,12.42222,3357.53333,1.2963,110.33333,6.77778,3.11111,1.0,20.41481,9.33333,7.01852,43.66667,D4.i_0
11328.2,9282.73333,129712.76667,771.37778,47139.5,969.77778,19.83333,50.22222,976.44444,238537.5,17.66667,1663.66667,130.44444,508.77778,1.0,2082.44444,693.77778,84.77778,2828.95556,D4.a_1,423.58889,130.51111,353.64444,88.27778,948.31111,219.3037,1.11111,4.17037,11.53333,3100.2,1.59259,89.66667,4.33333,2.22222,1.0,10.36296,5.66667,4.2037,32.77778,D4.i_1
11147.2,9156.73333,136473.21111,822.93333,47081.05556,731.33333,24.72222,58.33333,940.77778,227337.83333,19.66667,1594.0,135.88889,445.77778,1.0,1640.55556,482.0,86.55556,2792.4,D4.a_2,402.14444,83.06667,317.31111,73.40741,920.42222,145.64074,1.0,3.05926,9.86667,2827.75556,1.0,92.77778,3.33333,2.66667,1.0,9.31111,12.44444,4.09259,40.77778,D4.i_2
11207.31111,8987.4,123951.98889,706.93333,45521.72222,509.33333,19.5,46.88889,954.33333,220723.72222,16.88889,1612.88889,130.66667,467.0,1.0,1346.44444,676.0,94.22222,2816.4,D4.a_3,380.92222,142.62222,308.53333,76.07407,823.31111,150.42222,1.0,3.05926,8.2,2664.97778,1.37037,80.44444,3.77778,3.44444,1.0,14.85926,9.55556,7.27778,35.55556,D4.i_3
10662.97778,9272.95556,122632.21111,820.37778,42917.61111,429.44444,19.94444,78.33333,902.55556,214339.94444,16.11111,1505.44444,128.55556,546.77778,1.0,1618.66667,674.0,98.22222,2915.62222,D4.a_4,378.25556,78.17778,320.31111,38.55556,880.64444,112.41481,1.0,3.05926,4.58519,2560.53333,1.0,82.11111,2.66667,1.88889,1.0,14.24444,7.66667,7.94444,38.22222,D4.i_4
11087.31111,8856.17778,117998.1,722.6,44975.72222,941.0,18.94444,73.55556,916.11111,208443.72222,19.33333,1563.11111,132.77778,439.44444,1.0,1338.11111,586.0,95.33333,2615.84444,D4.a_5,325.92222,78.24444,248.86667,72.72222,753.42222,174.52963,1.11111,2.02963,9.42222,2423.86667,1.18519,80.77778,4.33333,1.55556,1.0,7.59259,1.0,3.40741,29.55556,D4.i_5
10818.42222,9046.17778,123052.65556,683.71111,43044.05556,673.88889,20.16667,67.77778,934.33333,202968.38889,16.77778,1544.66667,136.77778,528.88889,1.0,1650.44444,650.33333,96.77778,2968.17778,D4.a_6,357.14444,78.84444,284.53333,73.51852,749.42222,122.52593,1.0,4.17037,8.53333,2329.75556,1.0,84.55556,3.33333,2.44444,1.0,6.03704,8.55556,6.57407,35.22222,D4.i_6
11229.31111,8312.62222,126223.87778,652.71111,43450.72222,669.66667,21.05556,65.44444,887.44444,196786.94444,16.22222,1577.33333,126.66667,487.0,1.0,1645.77778,781.88889,109.66667,3113.06667,D4.a_7,329.14444,71.02222,275.2,79.2037,789.2,140.97037,1.0,5.2,7.42222,2246.08889,1.0,68.44444,3.11111,2.33333,1.0,6.31111,2.88889,6.24074,28.44444,D4.i_7
10489.2,8728.95556,127795.43333,717.04444,39572.16667,573.0,21.16667,98.22222,868.11111,190798.38889,14.88889,1490.55556,132.22222,418.11111,1.0,1754.0,876.0,98.22222,3069.84444,D4.a_8,346.81111,54.84444,278.97778,53.31481,727.08889,60.87407,1.0,4.17037,8.64444,2156.42222,1.0,81.11111,2.33333,1.88889,1.0,9.2,6.55556,5.55556,29.11111,D4.i_8
10257.97778,8783.51111,124231.76667,717.26667,40656.94444,532.11111,20.05556,86.66667,877.66667,187027.83333,14.11111,1399.44444,128.33333,329.88889,2.66667,1318.11111,658.33333,95.44444,2882.51111,D4.a_9,329.58889,61.95556,268.97778,48.88889,707.08889,49.1963,1.11111,3.05926,8.75556,2072.86667,1.18519,73.33333,4.44444,1.66667,1.0,6.31111,1.88889,3.11111,27.55556,D4.i_9
35486.48889,9402.33333,7214.94444,602.57778,86533.88889,230.91111,7.88889,12.35556,3310.1,160951.46667,38.15556,434.44444,54.55556,647.77778,1.0,4897.37778,1951.22222,27.88889,1903.42222,D40.a_0,2532.08889,194.77778,387.37778,70.38889,6226.11111,14.66667,1.0,4.33333,94.03333,10170.96667,3.4,20.77778,3.65926,9.12222,1.0,211.17778,3.66667,8.33333,36.64444,D40.i_0
32614.04444,8993.77778,6339.05556,602.35556,75122.33333,232.91111,7.33333,11.40741,3053.54444,135865.24444,27.26667,402.77778,48.11111,577.22222,1.0,4098.37778,1553.88889,26.33333,1533.97778,D40.a_1,2549.08889,197.77778,379.93333,42.22222,6159.33333,113.22222,1.0,3.22222,97.7,9687.96667,1.95556,25.11111,4.15556,10.01111,1.0,196.51111,3.77778,5.33333,36.75556,D40.i_1
30601.15556,8553.44444,5846.83333,471.24444,72089.88889,142.57778,4.44444,13.62963,2920.1,123141.13333,24.26667,365.55556,40.66667,513.88889,1.0,3598.6,893.11111,21.0,1451.64444,D40.a_2,2488.42222,178.55556,375.37778,62.68519,6064.11111,64.22222,1.0,4.44444,109.58889,9409.74444,2.07407,22.33333,5.57037,10.01111,1.0,187.84444,1.0,5.33333,32.42222,D40.i_2
28548.26667,8783.77778,5589.61111,440.02222,66421.88889,130.24444,5.33333,4.00741,2812.98889,109105.91111,23.6,291.11111,32.22222,479.88889,1.0,3087.48889,568.22222,25.66667,1324.86667,D40.a_3,2291.31111,222.0,371.93333,47.24074,5720.55556,4.77778,1.0,11.0,105.25556,9131.52222,2.51852,21.44444,4.93333,9.57778,1.0,185.95556,14.22222,4.55556,28.86667,D40.i_3
28831.04444,9978.88889,4889.5,538.13333,67142.77778,126.26667,4.33333,6.06667,2849.43333,97825.02222,22.71111,289.22222,44.11111,423.55556,1.0,2875.04444,860.33333,26.77778,1216.31111,D40.a_4,2542.31111,177.55556,384.6,49.81481,6140.22222,19.0,1.1,9.88889,98.7,8885.07778,2.17778,24.0,4.1037,10.78889,1.0,223.06667,9.55556,5.0,34.64444,D40.i_4
28764.04444,10686.66667,5064.61111,507.02222,68447.33333,103.57778,4.77778,4.00741,2979.76667,94540.91111,22.6,276.55556,54.0,399.11111,1.0,2792.37778,283.0,29.0,1179.97778,D40.a_5,2508.53333,189.55556,392.82222,72.94444,5908.11111,90.88889,1.0,5.55556,95.14444,8659.41111,1.31111,21.55556,5.71111,12.12222,1.0,187.95556,9.44444,3.55556,31.86667,D40.i_5
26889.37778,10435.22222,5059.94444,468.57778,64060.66667,187.91111,6.66667,12.24444,2939.32222,91319.02222,21.26667,239.55556,45.44444,476.55556,1.0,2239.48889,267.11111,35.33333,1047.31111,D40.a_6,2298.31111,259.44444,344.04444,49.7963,5656.77778,12.55556,1.1,9.88889,103.14444,8543.96667,1.74815,22.88889,3.65926,9.78889,1.0,157.73333,5.55556,4.33333,31.64444,D40.i_6
27842.04444,10462.0,4820.72222,478.8,65580.22222,198.02222,4.66667,14.57778,2916.32222,88579.46667,22.37778,270.0,46.66667,441.22222,1.0,2293.15556,332.44444,36.11111,1036.86667,D40.a_7,2362.2,217.88889,387.82222,85.83333,5862.66667,68.44444,1.0,11.0,111.36667,8412.41111,2.61481,29.22222,4.43704,14.12222,1.0,141.73333,4.55556,2.77778,27.08889,D40.i_7
26227.48889,9864.55556,4835.72222,455.57778,61506.0,132.35556,5.11111,12.51852,2812.87778,86327.68889,23.26667,266.22222,43.88889,438.0,1.0,2239.48889,260.22222,28.44444,980.2,D40.a_8,2343.53333,229.22222,382.71111,47.24074,5837.44444,28.88889,1.0,5.44444,107.03333,8202.85556,1.63704,16.0,4.45926,9.9,1.0,189.51111,5.77778,3.44444,32.97778,D40.i_8
26420.48889,12042.11111,4899.83333,476.13333,61182.33333,194.26667,4.33333,13.74074,3313.32222,83743.13333,22.48889,282.44444,38.88889,463.0,1.0,1941.15556,270.22222,37.33333,892.75556,D40.a_9,2191.08889,213.77778,333.26667,60.12963,5567.11111,13.0,1.0,5.44444,101.25556,8097.63333,1.86667,30.44444,9.0963,11.12222,1.0,180.51111,6.55556,4.66667,30.31111,D40.i_9
65353.41111,33895.84444,6842.23333,410.23333,226670.24444,275.33333,18.88889,14.95556,24592.11111,264647.33333,55.0,2260.77778,225.88889,2277.22222,1.0,1601.4,1041.22222,208.77778,9960.11111,D41.a_0,952.6,178.06667,91.87778,11.72222,2634.12222,657.77778,1.1,6.86667,268.23333,1845.64444,1.1037,195.55556,16.81111,4.55556,1.71852,8.55556,77.77778,4.77778,35.48889,D41.i_0
66943.07778,32746.51111,6371.56667,518.45556,218378.57778,297.88889,15.66667,12.97037,23047.77778,256425.33333,49.44444,2165.66667,232.11111,2213.11111,5.88889,1630.51111,1132.33333,217.22222,10565.44444,D41.a_1,1016.6,217.4,94.32222,43.90741,2717.9,203.44444,1.0,6.86667,328.45556,1698.86667,1.20741,45.33333,16.81111,3.0,1.0,4.11111,155.66667,2.55556,27.37778,D41.i_1
67203.41111,32355.4,6333.67778,433.45556,218110.02222,300.0,19.66667,15.94815,22807.22222,250148.44444,48.33333,2204.66667,236.88889,2165.44444,5.11111,1615.84444,1046.22222,240.66667,10353.11111,D41.a_2,955.93333,198.17778,75.1,30.90741,2629.45556,131.55556,1.0,6.86667,305.12222,1635.75556,1.32593,99.11111,12.61852,1.88889,1.0,9.88889,77.0,4.55556,27.6,D41.i_2
63066.07778,30109.17778,6276.56667,485.01111,216196.35556,283.55556,20.33333,10.40741,21467.22222,244408.88889,49.77778,2022.0,219.11111,2131.66667,2.55556,1649.73333,1055.11111,215.44444,10471.44444,D41.a_3,907.26667,188.06667,90.76667,13.59259,2482.9,413.0,1.1,3.02222,318.23333,1562.64444,1.31852,40.77778,9.3963,3.0,1.71852,12.77778,159.66667,3.33333,27.37778,D41.i_3
64272.96667,30150.95556,6630.23333,536.45556,209928.57778,341.0,21.22222,16.18519,21548.66667,236560.0,48.11111,2223.33333,224.55556,2099.22222,1.77778,1587.51111,1152.44444,277.55556,10874.0,D41.a_4,921.04444,170.06667,95.76667,22.05556,2446.34444,480.77778,1.0,1.91111,275.9,1478.64444,1.62963,182.33333,19.25556,2.66667,1.0,11.44444,63.88889,3.55556,30.93333,D41.i_4
61242.85556,28754.51111,6326.45556,611.34444,203565.46667,308.11111,18.44444,11.4,20836.77778,228934.77778,43.22222,2035.0,221.55556,2038.44444,2.55556,1475.51111,1251.22222,228.77778,10334.66667,D41.a_5,992.37778,193.17778,90.32222,16.94444,2694.12222,1019.77778,1.0,3.93333,315.45556,1472.86667,1.1037,123.33333,13.88148,2.33333,1.71852,13.22222,20.44444,3.0,37.04444,D41.i_5
56033.63333,26264.84444,5164.34444,484.9,183102.91111,540.22222,13.77778,17.05926,18996.88889,214698.44444,35.44444,1746.22222,194.66667,1906.44444,3.44444,1395.95556,966.11111,203.44444,9062.11111,D41.a_6,900.37778,206.17778,110.1,20.18519,2461.56667,248.66667,1.2,7.77778,315.01111,1404.97778,1.1037,115.77778,14.81111,4.33333,1.0,11.66667,217.22222,3.11111,33.26667,D41.i_6
54014.63333,24558.51111,5358.12222,497.9,175610.13333,558.88889,18.44444,7.07407,18010.33333,204495.55556,36.11111,1596.22222,172.44444,1779.55556,1.77778,1361.51111,851.0,200.11111,8947.0,D41.a_7,938.15556,192.17778,94.65556,22.05556,2639.78889,254.66667,1.0,5.95556,320.12222,1378.86667,1.1037,130.0,14.43704,2.33333,1.0,6.44444,77.77778,2.0,30.6,D41.i_7
55366.52222,24749.4,5094.01111,441.12222,176807.8,332.77778,18.22222,22.94815,17451.33333,198215.77778,41.0,1548.66667,181.77778,1774.55556,1.0,1387.17778,927.55556,210.55556,9713.33333,D41.a_8,855.71111,161.73333,85.98889,75.2963,2311.12222,228.0,1.32222,2.82222,348.34444,1321.42222,1.0,54.66667,11.1037,4.11111,1.0,9.22222,248.55556,2.55556,31.15556,D41.i_8
51701.41111,24114.28889,4862.67778,425.78889,162590.46667,217.66667,18.11111,9.52593,17174.33333,191850.0,37.77778,1634.44444,177.88889,1707.44444,1.0,1186.95556,930.66667,192.22222,8420.11111,D41.a_9,1112.93333,222.62222,96.43333,15.07407,2929.01111,277.22222,1.0,3.93333,332.56667,1284.86667,1.42222,94.11111,11.81111,3.44444,1.71852,9.66667,26.44444,4.66667,33.26667,D41.i_9
84680.76667,9476.77778,10714.01111,1209.92222,455430.57778,483.0,24.44444,27.98889,1482.88889,406697.44444,77.88889,500.05556,228.77778,606.37778,4.33333,1198.77778,532.84444,144.98889,1566.44444,D42.a_0,8179.33333,333.28889,789.71111,96.42222,45283.8,281.55556,2.22222,1.0,107.3,49013.67778,5.33333,61.5,14.54074,50.33333,1.0,81.57778,28.35556,10.04444,196.24444,D42.i_0
83475.65556,11251.88889,9238.23333,1073.36667,447799.46667,597.66667,22.77778,28.4963,1492.22222,383112.77778,70.66667,455.61111,275.66667,608.93333,1.0,991.77778,449.73333,141.98889,1458.44444,D42.a_1,7511.44444,307.17778,738.26667,98.97778,41035.02222,154.22222,2.22222,7.66667,98.3,45282.34444,5.22222,53.72222,17.4,47.22222,1.77778,55.57778,35.42222,10.93333,174.35556,D42.i_1
68210.1,7794.11111,8832.9,1034.58889,359459.35556,306.22222,22.33333,25.87778,1265.55556,372451.33333,64.22222,450.94444,193.66667,504.93333,2.66667,662.77778,430.84444,91.43333,1172.0,D42.a_2,7202.33333,286.95556,713.6,79.43704,38871.13333,121.66667,1.33333,2.11111,100.07778,43272.45556,4.66667,54.5,9.54074,43.55556,3.44444,51.91111,45.13333,15.24444,142.13333,D42.i_2
70785.87778,8862.88889,9237.12222,1251.25556,367528.8,669.44444,24.33333,32.55926,1397.11111,365042.88889,68.55556,426.5,238.22222,535.6,4.33333,615.66667,397.17778,82.32222,1357.44444,D42.a_3,6640.88889,282.95556,572.6,52.22963,36746.13333,51.77778,1.44444,2.11111,75.41111,41711.34444,5.44444,59.05556,12.42963,42.55556,1.0,61.35556,29.53333,19.6,109.68889,D42.i_3
71308.87778,9601.0,9300.67778,1313.14444,378448.02222,554.66667,26.55556,20.28889,1443.55556,360301.0,70.0,423.05556,218.66667,557.15556,1.77778,573.22222,408.28889,94.87778,1330.11111,D42.a_4,6515.77778,304.17778,623.04444,97.35556,36604.91111,248.88889,1.66667,5.44444,83.3,40519.34444,5.44444,58.61111,14.45926,42.55556,4.33333,72.02222,37.06667,13.48889,124.24444,D42.i_4
73571.76667,10023.0,9091.34444,1240.92222,383360.57778,589.66667,24.88889,29.0037,1422.0,356088.0,72.77778,424.16667,240.66667,531.93333,5.11111,607.88889,413.95556,85.43333,1386.11111,D42.a_5,6516.0,284.95556,629.37778,50.8,37049.57778,51.44444,2.0,3.22222,76.63333,39580.9,6.11111,54.05556,8.01481,37.77778,1.0,63.57778,31.35556,13.02222,120.02222,D42.i_5
72772.98889,7965.22222,9655.56667,1307.92222,374886.46667,470.55556,26.88889,30.11481,1413.0,351571.44444,63.55556,411.16667,221.66667,543.04444,4.22222,603.77778,413.06667,95.87778,1396.44444,D42.a_6,6060.22222,330.51111,559.6,50.8,35032.57778,53.77778,1.55556,6.55556,83.63333,38789.9,5.55556,60.05556,16.51111,37.44444,1.77778,53.68889,20.64444,16.71111,111.02222,D42.i_6
68599.32222,10599.11111,9113.9,1150.58889,363090.91111,527.88889,22.77778,20.89259,1494.33333,348326.33333,61.77778,407.72222,252.66667,496.71111,3.44444,523.22222,360.62222,80.1,1233.55556,D42.a_7,6084.55556,345.62222,625.04444,57.34074,34642.91111,80.44444,2.0,4.33333,85.74444,37936.23333,5.0,57.38889,12.42963,42.77778,1.0,48.68889,21.93333,8.17778,109.02222,D42.i_7
66481.21111,7058.44444,9179.56667,1220.03333,348219.57778,369.77778,23.88889,19.67037,1224.55556,346651.0,63.77778,413.61111,172.88889,463.04444,4.22222,612.33333,345.84444,81.21111,1223.55556,D42.a_8,6072.22222,342.62222,586.15556,61.43704,34067.68889,86.33333,2.11111,4.33333,84.63333,37061.12222,3.88889,52.5,15.31852,36.77778,1.0,51.35556,36.35556,14.04444,120.68889,D42.i_8
63447.87778,6273.22222,10084.9,1392.92222,351790.46667,573.11111,24.33333,27.1,1213.33333,342791.88889,61.0,409.05556,158.11111,517.48889,1.0,599.22222,358.62222,85.43333,1377.66667,D42.a_9,6083.44444,316.28889,516.93333,31.45185,32933.35556,43.44444,1.66667,6.66667,78.07778,36381.45556,5.55556,45.94444,8.23704,34.0,1.0,49.46667,23.46667,14.46667,113.35556,D42.i_9
26045.92222,8899.11111,7817.53333,3255.3,180212.16667,324.55556,20.66667,14.17778,2186.46667,327647.4,24.44444,568.7,218.0,788.33333,1.77778,692.33333,588.36667,73.11111,2093.44444,D43.a_0,1236.97778,252.22222,203.2,36.05556,7040.41111,199.33333,1.0,2.11111,43.41111,8906.9,1.77778,47.68889,13.9037,8.1963,1.0,19.37778,10.44444,4.05556,32.0,D43.i_0
26517.36667,8436.88889,6920.86667,2525.52222,180391.38889,369.77778,22.22222,14.82222,1938.02222,287642.28889,22.33333,594.92222,175.66667,760.77778,2.55556,756.77778,568.7,65.66667,1880.22222,D43.a_1,1296.42222,221.88889,183.97778,74.73333,7209.3,400.55556,1.17778,1.0,42.41111,8203.67778,1.11111,44.35556,16.95556,8.52222,1.0,15.97778,7.66667,2.66667,30.55556,D43.i_1
25095.03333,7890.55556,5482.75556,611.41111,162627.5,166.33333,20.66667,20.46667,1842.46667,273506.28889,20.55556,592.25556,160.22222,631.0,3.44444,632.33333,329.25556,59.44444,1683.55556,D43.a_2,1249.53333,208.88889,183.64444,31.68889,7193.63333,291.88889,1.08889,2.11111,38.96667,7532.12222,1.22222,39.91111,12.0963,6.85926,2.54815,12.31111,7.55556,2.55556,25.88889,D43.i_2
24074.14444,8096.88889,6020.97778,1080.96667,158470.61111,279.22222,22.66667,13.83333,1860.68889,266954.06667,21.44444,590.03333,164.66667,628.66667,1.0,661.88889,460.81111,58.88889,1667.44444,D43.a_3,1109.86667,201.77778,178.42222,17.2,6061.41111,174.77778,1.17778,7.66667,34.63333,6939.12222,1.22222,37.02222,14.06667,6.52963,1.0,11.02222,8.66667,3.94444,24.77778,D43.i_3
23500.81111,7663.44444,6701.53333,1227.85556,156212.83333,306.11111,22.44444,12.6,1724.24444,251091.51111,19.77778,534.81111,166.88889,614.44444,1.77778,641.55556,435.14444,63.88889,1514.66667,D43.a_4,1014.86667,171.44444,251.08889,57.47778,5556.07778,234.11111,1.08889,3.22222,31.3,6577.23333,1.44444,39.35556,7.76296,6.86296,1.65926,6.68889,6.44444,3.11111,26.33333,D43.i_4
22617.47778,8207.88889,7869.64444,1374.74444,149561.72222,308.22222,24.0,30.92222,1661.68889,238241.51111,23.55556,590.14444,185.88889,621.88889,2.66667,711.77778,443.92222,80.88889,1389.44444,D43.a_5,979.97778,186.66667,159.2,38.62222,5962.96667,86.22222,1.08889,3.22222,39.07778,6362.12222,1.55556,41.91111,8.34815,7.19259,1.65926,12.2,8.44444,3.77778,25.44444,D43.i_5
28902.25556,7798.77778,7285.53333,789.3,173206.05556,279.44444,21.22222,30.92222,1503.24444,232002.51111,23.44444,549.25556,153.0,600.88889,1.77778,677.22222,418.36667,103.55556,1468.33333,D43.a_6,1218.31111,192.55556,191.64444,28.38889,6525.85556,152.22222,1.08889,1.0,37.07778,6115.67778,1.88889,36.57778,13.4,5.86296,1.0,6.42222,14.33333,5.33333,21.11111,D43.i_6
24481.25556,7189.44444,8181.31111,1511.52222,155499.38889,427.33333,25.77778,18.37778,1514.8,226937.62222,22.22222,585.81111,153.66667,626.66667,2.55556,694.77778,476.7,86.66667,1504.88889,D43.a_7,1029.75556,181.44444,180.75556,26.57778,5576.52222,70.22222,1.0,6.55556,35.96667,5758.78889,1.33333,34.8,12.4,8.41481,2.54815,11.08889,13.33333,2.0,20.33333,D43.i_7
22881.47778,7298.88889,8376.42222,1516.63333,149041.5,483.0,27.0,28.46667,1478.91111,219669.73333,24.66667,542.25556,175.22222,611.88889,1.0,686.11111,444.14444,102.11111,1443.22222,D43.a_8,900.64444,123.11111,143.75556,73.13333,5056.3,100.88889,1.17778,1.0,38.74444,5381.34444,1.44444,36.57778,9.76296,6.74444,1.0,8.13333,3.77778,3.94444,28.22222,D43.i_8
22582.81111,7046.44444,7710.86667,1885.85556,143116.72222,335.0,25.66667,24.15556,1492.35556,213927.4,24.88889,546.36667,160.11111,596.11111,1.77778,672.77778,445.14444,94.11111,1445.11111,D43.a_9,881.31111,172.55556,146.31111,30.94444,4945.85556,252.66667,1.0,3.22222,47.3,5024.56667,1.22222,40.13333,9.76296,7.08148,1.0,7.84444,15.33333,1.66667,24.55556,D43.i_9
31850.75556,10178.44444,6487.75556,6824.5,237338.57778,558.77778,28.64444,15.66296,1931.06667,618116.41111,59.71111,6517.55556,3466.0,1609.52222,28.53333,4094.11111,360.21111,752.76667,21990.11111,D44.a_0,1034.6,248.33333,86.65556,133.22963,4745.38889,537.02222,1.08519,7.7,63.31111,4818.96667,2.77778,392.0,198.11111,14.88889,1.0,20.51111,5.66667,6.12593,109.08889,D44.i_0
27843.64444,9274.66667,6428.2,6703.16667,208453.8,411.0,21.42222,23.5037,1873.4,591925.18889,56.15556,6000.11111,3406.55556,1313.07778,35.91111,3109.22222,408.87778,670.76667,16444.66667,D44.a_1,805.37778,162.44444,86.87778,105.35556,4346.38889,569.68889,1.0,2.82593,50.97778,4525.07778,2.88889,413.22222,165.44444,13.77778,1.0,18.62222,11.44444,6.04444,131.53333,D44.i_1
36183.08889,10526.22222,5898.2,6370.16667,220998.46667,347.11111,20.97778,30.23333,2092.73333,573088.74444,52.82222,6335.44444,3171.0,1327.52222,25.57778,4951.55556,423.65556,669.1,29679.44444,D44.a_2,897.26667,273.55556,114.98889,151.11852,4536.5,771.57778,1.0,6.7963,66.86667,4351.96667,2.88889,383.11111,248.11111,13.44444,1.0,13.65185,15.33333,7.42963,152.53333,D44.i_2
33117.2,9226.55556,5830.08889,4272.38889,215656.46667,369.77778,25.31111,24.9963,2033.62222,553050.63333,51.82222,6247.77778,3016.11111,1254.63333,18.74815,4095.33333,419.76667,521.54444,26413.22222,D44.a_3,1098.6,337.11111,89.43333,151.8,5035.72222,506.35556,1.0,4.25556,74.53333,4247.41111,4.22222,218.11111,292.77778,12.66667,1.77778,18.23704,4.77778,10.9037,119.86667,D44.i_3
31900.42222,9435.88889,5800.97778,4135.61111,196162.57778,700.55556,25.75556,30.12222,1909.4,542562.07778,53.26667,6190.44444,3199.11111,1038.07778,22.13333,3920.11111,387.21111,409.54444,24923.88889,D44.a_4,984.37778,247.11111,85.43333,154.24444,5208.61111,231.26667,1.0,8.41481,63.08889,4168.41111,2.11111,452.11111,198.0,14.77778,2.55556,16.31852,10.66667,10.68148,163.42222,D44.i_4
38458.42222,9778.55556,6176.31111,6178.83333,220970.35556,349.22222,25.2,31.45556,1895.84444,534486.07778,43.6,6665.55556,2864.88889,1145.96667,26.35556,5404.55556,503.76667,527.65556,29190.0,D44.a_5,984.37778,231.11111,99.98889,148.91111,5066.72222,520.57778,1.0,1.0,45.53333,4095.07778,3.22222,674.66667,215.11111,12.55556,1.77778,17.12593,14.44444,11.98519,120.53333,D44.i_5
33879.75556,9234.88889,5704.86667,4322.16667,193332.02222,564.88889,19.53333,19.26667,1834.73333,523183.63333,50.26667,5947.0,3004.11111,1046.18889,20.58519,4564.88889,472.1,471.65556,25023.66667,D44.a_6,890.26667,141.33333,136.32222,131.13333,4399.05556,563.8,1.0,7.19259,44.2,3979.74444,1.77778,472.11111,130.11111,12.55556,1.0,21.42963,8.44444,7.31852,125.08889,D44.i_6
30966.31111,9679.22222,6665.53333,4143.61111,189136.02222,797.0,21.75556,32.45556,1850.51111,512435.3,50.6,6284.11111,3139.33333,1142.41111,21.36296,4324.33333,414.87778,340.43333,22201.11111,D44.a_7,1116.37778,411.77778,85.98889,200.11852,5052.5,450.68889,1.0,1.0,74.97778,3895.63333,4.66667,358.88889,363.22222,14.44444,4.33333,14.62222,12.55556,15.93333,111.86667,D44.i_7
34277.97778,9030.22222,6210.31111,3229.61111,192844.24444,489.0,21.53333,30.5037,1712.62222,501981.3,44.6,6259.44444,2938.44444,941.3,15.58519,4770.55556,449.32222,294.65556,25989.33333,D44.a_8,1099.04444,340.22222,109.32222,138.8,5001.16667,633.46667,1.17037,1.0,62.64444,3770.3,2.33333,471.66667,281.77778,16.11111,2.55556,20.06667,3.88889,9.9037,109.08889,D44.i_8
33889.2,8766.22222,6042.42222,3916.72222,206593.13333,400.66667,20.86667,31.61481,1817.51111,485157.85556,42.48889,6426.44444,2801.11111,1065.85556,20.92593,5304.0,388.98889,319.43333,27308.33333,D44.a_9,839.93333,226.0,92.43333,141.00741,4023.38889,975.24444,1.0,3.54074,54.31111,3675.52222,2.22222,318.66667,150.55556,13.33333,1.0,12.20741,8.66667,8.34815,109.31111,D44.i_9
19887.76667,5068.0,7089.48889,616.06667,169613.92222,80.22222,4.16296,13.84444,385.13333,185816.57778,26.23333,8201.22222,26.17778,1149.11111,3.26667,133.88889,196.88889,192.87778,527.2,D45.a_0,281.23333,29.8,59.3,44.94815,1059.71111,273.44444,1.16296,4.33333,8.95556,1208.62222,1.0,75.3,5.0,3.60741,1.0,2.4963,1.0,4.03704,13.33333,D45.i_0
19561.43333,5206.88889,6814.15556,402.17778,166516.7,65.88889,3.94074,12.76296,428.91111,178395.8,32.23333,7567.55556,25.28889,1124.0,1.0,95.55556,165.22222,189.1,506.86667,D45.a_1,262.01111,35.8,54.18889,32.05926,1035.93333,72.22222,1.0,6.55556,9.14444,1077.62222,1.0,80.3,3.33333,4.71852,1.0,2.74815,1.0,4.37037,13.0,D45.i_1
16934.1,4492.88889,5892.82222,616.28889,142770.03333,33.44444,4.82963,9.94815,384.68889,171959.35556,28.78889,7043.33333,24.42963,1047.55556,1.0,66.66667,174.22222,224.1,452.08889,D45.a_2,284.56667,35.51111,67.96667,44.94815,1138.6,369.77778,1.0,3.22222,8.81111,994.06667,1.0,55.41111,2.44444,2.83704,1.0,3.54815,5.55556,2.96296,15.25926,D45.i_2
18577.87778,4923.77778,7246.37778,796.73333,152725.7,82.22222,4.17037,9.48148,381.57778,167223.68889,23.12222,7233.66667,26.17778,984.44444,1.0,166.55556,202.77778,222.1,568.97778,D45.a_3,285.01111,39.62222,84.63333,43.05185,1187.93333,542.33333,1.08148,4.33333,11.25556,914.73333,1.1037,65.63333,8.55556,5.17037,1.0,3.99259,3.88889,7.07407,21.33333,D45.i_3
18562.21111,4787.55556,6652.93333,600.73333,154486.92222,49.44444,5.71111,8.64444,417.91111,161812.91111,28.9,6806.88889,26.28889,1085.88889,1.0,90.44444,149.44444,155.65556,475.2,D45.a_4,264.23333,30.57778,66.41111,74.05185,1003.82222,402.55556,1.0,4.33333,8.81111,899.06667,1.1037,60.41111,2.66667,5.28148,1.77778,3.65926,13.44444,7.77778,19.25926,D45.i_4
18320.65556,4919.44444,7067.6,719.28889,149173.92222,51.33333,4.15556,9.48148,395.02222,155868.91111,21.78889,6635.77778,27.17778,949.66667,1.0,119.66667,174.33333,181.21111,514.97778,D45.a_5,226.01111,37.8,58.52222,52.61481,871.04444,236.33333,1.0,8.88889,12.58889,852.06667,1.0,58.96667,4.22222,3.71852,1.0,3.99259,1.0,3.62963,13.33333,D45.i_5
17891.87778,4603.44444,6308.82222,734.73333,143929.03333,43.44444,5.17037,9.67407,356.02222,151300.8,20.78889,6320.11111,30.84444,972.44444,1.68889,128.88889,153.22222,253.43333,518.86667,D45.a_6,294.23333,28.57778,62.96667,34.97037,1149.82222,291.66667,1.08148,5.44444,11.36667,820.73333,1.0,69.52222,4.77778,3.82963,2.55556,4.43704,2.88889,3.62963,21.59259,D45.i_6
16361.21111,4320.55556,5865.6,469.28889,129441.92222,30.88889,4.28148,9.67407,340.68889,146803.02222,22.67778,5972.55556,38.4,923.77778,1.0,79.33333,185.11111,165.87778,450.42222,D45.a_7,280.01111,27.68889,81.74444,27.96296,1070.26667,540.22222,1.0,3.22222,9.25556,799.84444,1.0,59.07778,11.66667,5.28148,1.0,4.74074,2.77778,3.7037,9.66667,D45.i_7
16709.87778,4540.44444,6514.93333,629.06667,143655.14444,59.55556,4.6,12.92593,348.24444,143867.46667,18.23333,6151.0,27.17778,887.66667,1.0,129.11111,150.33333,199.1,520.2,D45.a_8,289.23333,48.91111,91.07778,30.16296,1143.37778,832.33333,1.0,7.77778,11.36667,731.95556,1.1037,51.52222,10.22222,5.05185,1.0,3.54815,3.77778,4.81481,30.33333,D45.i_8
16937.43333,4647.77778,6884.37778,806.95556,136427.58889,39.11111,6.04444,7.25926,313.57778,140222.46667,23.56667,6276.55556,39.73333,917.22222,1.0,180.33333,133.55556,185.32222,660.53333,D45.a_9,265.12222,37.8,64.63333,42.39259,1008.71111,213.77778,1.0,2.11111,8.14444,726.73333,1.21481,48.63333,4.0,6.38519,1.0,2.8,4.66667,3.03704,11.59259,D45.i_9
35987.23333,9074.11111,20399.15556,2446.71111,242820.75556,464.33333,5.55556,27.87407,3050.38889,261129.53333,15.11111,106361.0,315.44444,578.0,4.22222,148.28889,314.77778,551.46667,27585.93333,D46.a_0,193.16667,22.75556,16.35556,46.35556,734.52222,197.66667,1.0,4.01481,1.82222,259.78889,1.1,1.48889,1.0,1.0,1.0,2.88889,1.88889,1.81111,1.0,D46.i_0
32947.78889,8091.88889,18867.48889,1956.6,215643.31111,376.0,4.33333,34.34815,2792.38889,243920.97778,12.77778,98569.66667,361.88889,480.88889,6.0,152.62222,247.22222,551.35556,25155.82222,D46.a_1,214.72222,37.8,20.8,74.43333,888.3,172.66667,1.1037,4.01481,2.05926,207.56667,1.0,1.48889,1.88889,1.22222,1.0,3.22222,1.88889,2.20741,1.80741,D46.i_1
30167.9,7937.33333,16786.71111,1456.26667,201020.2,121.55556,5.44444,25.06667,2613.5,230934.42222,13.0,91995.88889,263.0,330.66667,1.0,111.62222,221.44444,474.57778,20855.04444,D46.a_2,188.33333,30.97778,18.91852,76.58889,781.18889,279.33333,1.0,1.0,1.6,207.56667,1.0,1.0,1.0,1.11111,1.0,4.66667,1.0,3.25556,1.0,D46.i_2
29014.67778,7678.44444,15608.04444,1799.26667,192478.31111,131.77778,5.88889,18.65185,2696.61111,224596.08889,11.11111,90276.11111,317.11111,373.11111,1.0,129.06667,215.77778,419.35556,21185.48889,D46.a_3,241.16667,35.68889,26.91111,74.28889,967.07778,201.22222,1.0,4.01481,2.42222,202.34444,1.0,1.15556,1.0,1.0,1.0,2.44444,3.77778,1.54074,1.0,D46.i_3
29558.9,7695.66667,15111.48889,1497.15556,192039.97778,94.44444,6.66667,28.68148,2715.83333,221214.08889,13.55556,88346.88889,371.66667,357.33333,1.0,143.17778,209.88889,440.13333,21612.71111,D46.a_4,169.72222,25.86667,40.68889,94.7,698.07778,184.88889,1.0,4.01481,1.86667,160.56667,1.0,1.82222,1.0,1.33333,1.77778,3.55556,1.88889,1.54074,1.48889,D46.i_4
28229.12222,7722.22222,15290.82222,2039.26667,185831.53333,100.66667,5.33333,23.26667,2676.83333,217281.97778,11.44444,85187.66667,463.33333,394.11111,1.77778,165.28889,259.11111,516.24444,22609.6,D46.a_5,216.16667,31.97778,32.91111,56.32222,863.18889,242.44444,1.0,1.0,4.05926,160.56667,1.0,1.48889,1.88889,1.0,1.0,2.44444,2.88889,2.20741,2.14074,D46.i_5
27104.01111,7559.66667,16484.37778,1971.93333,183056.97778,228.0,5.55556,29.79259,2650.94444,213076.31111,11.77778,83505.11111,476.11111,408.11111,2.55556,169.73333,223.66667,500.8,23435.93333,D46.a_6,197.83333,28.57778,21.13333,61.43333,810.18889,205.44444,1.0,4.01481,3.54815,134.45556,1.0,2.15556,1.55556,1.11111,1.0,4.0,5.77778,2.08148,6.93333,D46.i_6
27709.67778,7507.88889,14632.82222,2039.26667,184498.53333,242.66667,3.44444,26.17778,2446.38889,205978.42222,11.66667,82217.33333,217.88889,392.22222,1.0,138.28889,196.88889,377.24444,19897.71111,D46.a_7,187.72222,26.57778,23.24444,53.76667,771.18889,207.44444,1.1037,4.01481,1.83704,113.56667,1.0,5.04444,2.5,1.22222,1.0,2.88889,1.0,1.54074,2.15556,D46.i_7
26810.12222,7440.0,14460.82222,1321.82222,178704.31111,298.0,3.77778,32.65185,2483.38889,199254.53333,10.22222,83138.66667,249.0,289.77778,1.0,118.95556,209.66667,488.46667,19967.15556,D46.a_8,139.22222,15.93333,15.3037,35.91111,608.3,166.55556,1.0,4.01481,1.96296,113.56667,1.0,3.42222,1.0,1.0,1.0,3.66667,1.0,1.27037,1.23704,D46.i_8
26270.45556,7210.44444,14887.71111,1866.26667,173809.2,199.22222,5.0,13.93333,2397.94444,191599.97778,9.33333,78626.22222,288.77778,371.88889,2.55556,131.51111,203.66667,403.68889,21916.15556,D46.a_9,100.83333,24.04444,12.02963,28.5,468.19259,146.22222,1.0,6.07778,2.40741,113.56667,1.0,5.91111,1.27778,1.0,1.0,2.88889,1.0,2.47778,1.48889,D46.i_9
32453.82222,25277.88889,40716.2,1788.68889,104323.62222,462.33333,120.44444,568.66667,6707.38889,730381.37778,379.6,1499.02222,36.44444,1614.77778,1.0,384.06667,3309.22222,54.5,8723.37778,D47.a_0,980.92222,371.64444,217.9,32.2963,2631.42222,35.44444,1.1037,5.55556,217.61111,1585.2,3.88889,25.66667,2.0,8.22222,1.65926,6.22222,25.82222,1.35185,22.88889,D47.i_0
28029.82222,23053.22222,38323.2,1700.91111,93668.73333,694.44444,116.88889,636.55556,6199.16667,681338.93333,324.6,1355.24444,38.77778,1472.0,1.0,394.73333,2984.77778,56.16667,8171.71111,D47.a_1,965.36667,328.31111,231.01111,26.66667,2466.53333,14.88889,1.1037,2.66667,168.83333,1479.97778,3.77778,27.33333,2.33333,7.77778,1.0,4.07407,8.26667,3.07407,20.55556,D47.i_1
26848.04444,22092.11111,36578.97778,1626.13333,87609.95556,686.33333,113.33333,554.44444,5766.05556,649386.26667,306.26667,1287.91111,41.11111,1427.33333,1.0,366.17778,2839.66667,50.05556,7939.71111,D47.a_2,887.25556,270.64444,260.56667,41.18519,2378.53333,37.44444,1.31852,3.22222,173.27778,1364.86667,3.44444,27.66667,1.33333,6.88889,1.0,6.22222,20.42222,3.07407,19.88889,D47.i_2
27281.93333,22759.55556,36562.86667,1652.02222,89220.06667,846.22222,119.88889,561.66667,6058.72222,622253.37778,294.04444,1262.68889,53.77778,1521.22222,1.0,375.51111,3036.33333,50.83333,7951.37778,D47.a_3,920.81111,346.53333,280.9,43.96296,2470.2,23.11111,1.53333,3.77778,195.83333,1270.86667,3.88889,30.0,1.66667,8.11111,2.31852,4.77778,55.6,1.35185,15.77778,D47.i_3
27087.71111,22575.33333,34005.42222,1445.46667,87266.73333,597.77778,116.11111,515.77778,6234.94444,603081.82222,311.04444,1299.46667,44.66667,1522.77778,4.22222,378.95556,2939.22222,60.61111,7854.15556,D47.a_4,867.58889,194.97778,199.9,29.74074,2208.75556,9.11111,1.1037,2.66667,135.27778,1207.53333,2.0,21.88889,1.33333,4.11111,1.0,3.37037,19.68889,4.40741,17.77778,D47.i_4
24037.82222,21806.11111,32822.53333,1940.91111,79396.28889,794.77778,103.22222,521.66667,5619.38889,586095.93333,279.48889,1223.57778,47.22222,1441.33333,1.77778,421.28889,2703.0,47.83333,7418.82222,D47.a_5,899.36667,267.75556,232.01111,47.85185,2359.53333,17.22222,1.1037,3.22222,138.94444,1160.2,3.55556,25.44444,2.0,5.33333,1.65926,4.07407,21.42222,3.7963,24.66667,D47.i_5
24424.6,21479.88889,32604.86667,2131.8,83128.06667,618.22222,100.33333,541.55556,5663.61111,573229.48889,274.48889,1193.13333,36.0,1379.11111,1.0,432.17778,2807.11111,49.72222,7747.15556,D47.a_6,824.92222,255.42222,199.23333,33.92593,2056.64444,19.0,1.0,1.55556,142.05556,1107.97778,3.66667,22.44444,1.66667,3.77778,1.0,5.22222,18.42222,2.05556,14.66667,D47.i_6
24755.04444,21756.55556,34059.86667,2000.24444,84605.62222,928.55556,118.88889,546.22222,5962.27778,568328.93333,281.71111,1159.57778,40.22222,1408.88889,1.0,377.4,3179.0,49.27778,7246.26667,D47.a_7,868.81111,318.08889,166.9,44.77778,2268.75556,57.88889,1.1037,3.22222,140.83333,1097.53333,4.0,23.0,1.33333,4.0,1.0,3.44444,39.84444,2.40741,12.66667,D47.i_7
24975.15556,21286.55556,31683.86667,1788.68889,82978.06667,633.0,101.22222,562.88889,5772.94444,562373.48889,273.93333,1190.68889,45.44444,1446.22222,1.0,395.17778,2794.66667,50.27778,7256.82222,D47.a_8,894.81111,324.2,207.23333,37.40741,2377.2,26.88889,1.20741,2.11111,193.94444,1071.42222,2.44444,21.55556,1.33333,5.11111,1.65926,6.33333,27.95556,1.7037,16.55556,D47.i_8
25428.6,21563.66667,32119.31111,2062.13333,80989.17778,924.55556,108.22222,486.55556,5762.83333,549145.6,281.93333,1168.57778,45.44444,1346.44444,1.0,398.84444,2796.44444,49.05556,6988.71111,D47.a_9,844.81111,201.86667,138.01111,33.92593,2073.2,31.33333,1.20741,6.0,138.05556,1013.97778,1.77778,24.55556,1.0,3.88889,1.0,4.51852,19.42222,2.05556,12.22222,D47.i_9
14157.94444,19832.33333,12162.35556,2681.11111,78018.17778,881.22222,52.66667,32.17037,3592.12222,452970.5,150.33333,507.33333,209.11111,435.22222,2.66667,555.11111,726.64444,101.81111,15178.97778,D48.a_0,559.06667,117.71111,115.08889,108.73333,1522.93333,45.66667,1.0,7.06667,26.41111,1652.26667,1.88889,30.0,11.95556,4.05926,1.0,5.95556,5.55556,3.64444,25.28889,D48.i_0
13238.94444,17592.66667,11227.13333,2291.44444,71499.95556,690.0,48.44444,33.05185,3581.56667,435865.94444,151.33333,416.66667,218.11111,428.88889,2.55556,574.33333,707.86667,109.14444,14243.97778,D48.a_1,552.73333,159.04444,107.86667,62.75926,1564.93333,8.77778,1.11111,1.91111,27.3,1436.93333,2.55556,26.22222,12.31852,2.51852,1.0,4.51111,3.77778,3.22222,15.51111,D48.i_1
12540.94444,17619.44444,11078.91111,2516.0,68366.73333,745.55556,49.11111,28.61481,3410.9,414600.72222,139.55556,468.33333,189.33333,399.33333,1.0,566.11111,628.64444,96.7,13820.31111,D48.a_2,514.06667,122.6,105.86667,81.79259,1400.71111,62.11111,1.11111,3.93333,26.41111,1316.82222,1.77778,27.88889,8.84444,2.51852,1.0,5.66667,5.66667,2.42222,21.84444,D48.i_2
12922.05556,18102.0,11085.24444,2497.66667,69498.95556,667.44444,49.33333,19.5037,3268.56667,391922.83333,140.44444,455.77778,163.22222,362.33333,3.44444,516.66667,617.75556,100.36667,14308.08889,D48.a_3,492.62222,143.82222,96.08889,46.37407,1379.6,31.11111,1.0,8.88889,32.07778,1201.04444,2.33333,28.0,10.34815,1.41481,1.0,3.48889,12.33333,3.88889,16.17778,D48.i_3
12156.38889,17056.66667,9804.02222,2025.77778,63531.95556,536.0,45.44444,30.48889,3342.12222,379978.83333,141.33333,388.11111,163.0,363.11111,2.66667,507.44444,583.08889,91.03333,13008.42222,D48.a_4,542.84444,131.82222,97.53333,46.73333,1567.04444,6.88889,1.0,5.95556,30.85556,1117.37778,2.88889,17.33333,9.62222,1.62222,1.0,9.0,7.66667,4.0,15.62222,D48.i_4
12398.38889,17367.22222,10167.68889,2386.88889,65441.17778,669.77778,43.0,27.15556,3185.78889,366055.16667,130.55556,427.0,151.77778,340.88889,1.0,497.66667,612.86667,127.92222,13189.64444,D48.a_5,485.06667,136.82222,101.64444,46.26296,1464.93333,29.44444,1.0,3.02222,30.18889,1086.04444,2.0,20.44444,13.73333,2.17778,1.0,7.68889,5.77778,6.68889,11.84444,D48.i_5
10885.5,15472.33333,9950.02222,2213.88889,58042.17778,521.88889,45.44444,30.94815,3017.12222,354087.72222,129.11111,391.66667,172.88889,358.22222,4.33333,485.44444,624.64444,111.92222,12123.97778,D48.a_6,530.28889,178.04444,106.08889,46.37407,1543.82222,21.11111,1.0,3.73333,34.3,1012.93333,2.0,26.11111,13.95556,1.63704,1.77778,4.51111,8.44444,1.75556,10.62222,D48.i_6
10488.72222,15363.77778,9767.68889,2030.77778,55266.4,513.55556,45.22222,34.61481,2997.23333,339995.27778,124.77778,392.33333,174.88889,349.66667,1.0,505.66667,602.97778,114.25556,10980.53333,D48.a_7,494.4,130.71111,115.97778,39.06667,1407.71111,25.44444,1.11111,2.82222,32.41111,986.82222,2.0,22.33333,14.20741,2.08889,1.0,4.8,19.33333,3.88889,19.62222,D48.i_7
10410.5,14727.0,8626.68889,1974.33333,54597.4,525.88889,38.88889,17.40741,2941.45556,328101.61111,115.66667,374.55556,149.66667,326.77778,1.77778,464.33333,574.08889,91.14444,11199.42222,D48.a_8,539.62222,157.93333,100.2,51.01481,1570.71111,47.55556,1.0,3.02222,29.3,917.93333,1.33333,29.11111,14.65185,1.64444,1.77778,8.57778,9.44444,5.71111,13.84444,D48.i_8
9988.83333,14179.55556,8529.68889,1917.44444,52897.62222,497.11111,34.0,13.96296,2793.01111,319271.05556,114.11111,336.22222,149.44444,308.22222,1.77778,424.33333,534.64444,89.14444,11364.86667,D48.a_9,535.73333,128.6,88.97778,64.15185,1455.26667,113.33333,1.22222,3.93333,30.96667,917.93333,1.55556,22.77778,7.76296,2.84444,2.55556,5.95556,4.88889,3.88889,15.4,D48.i_9
31344.53333,5895.28889,8889.36667,1427.43333,142754.61111,59.66667,5.45556,31.5,744.11111,166325.13333,20.93333,873.77778,63.44444,262.0,1.0,394.28889,290.0,95.98889,2391.97778,D49.a_0,676.18889,72.77778,134.14444,67.82222,3413.72222,154.22222,1.0,1.0,23.35556,6158.08889,1.08889,88.66667,8.22222,6.11111,1.0,18.0,11.33333,3.62963,130.48889,D49.i_0
27476.64444,5253.84444,7850.81111,1522.98889,126809.5,82.22222,5.78889,30.27778,662.44444,156444.35556,17.48889,783.0,52.66667,243.0,1.0,387.28889,270.11111,98.54444,2434.42222,D49.a_1,641.3,58.44444,122.25556,83.75556,3353.72222,47.33333,1.0,1.91111,24.8,5628.08889,1.35556,68.66667,4.44444,8.11111,1.0,8.25926,3.77778,7.66667,130.37778,D49.i_1
23502.31111,5397.84444,7922.25556,1476.65556,115021.38889,117.22222,3.58889,19.11111,625.11111,149694.46667,17.82222,750.0,72.88889,220.33333,2.55556,375.51111,204.77778,73.98889,2399.2,D49.a_2,645.63333,60.55556,106.81111,75.86667,3265.27778,80.22222,1.1037,1.91111,24.57778,4699.75556,1.08889,63.66667,17.44444,7.88889,1.0,11.96296,4.66667,5.55556,109.93333,D49.i_2
25127.64444,5297.51111,8525.03333,1370.65556,116791.38889,100.77778,6.9,22.55556,659.0,144211.02222,18.48889,743.66667,63.33333,244.11111,1.0,364.84444,177.0,109.1,2505.2,D49.a_3,511.96667,41.11111,94.36667,92.4,2649.83333,20.66667,1.0,3.93333,22.13333,3792.42222,1.0,55.77778,16.11111,2.66667,1.0,10.22222,9.44444,3.51852,85.93333,D49.i_3
24700.08889,5001.62222,8487.36667,1396.43333,118774.83333,125.33333,7.01111,18.27778,602.66667,138593.46667,14.15556,742.66667,57.0,262.11111,1.0,332.73333,225.44444,106.54444,2841.08889,D49.a_4,516.63333,58.55556,96.25556,66.73333,2548.83333,21.0,1.0,1.91111,35.02222,3042.64444,1.08889,44.22222,10.22222,5.22222,1.0,9.25926,12.33333,9.40741,88.15556,D49.i_4
22559.31111,4718.95556,7729.14444,1362.98889,108192.27778,139.88889,7.01111,10.0,617.55556,133570.35556,16.15556,686.44444,66.55556,236.44444,1.0,345.95556,155.55556,108.21111,2168.53333,D49.a_5,560.74444,45.22222,119.25556,101.75556,2747.94444,29.22222,1.0,8.28889,44.24444,2874.86667,1.08889,41.33333,6.33333,5.77778,1.0,7.51852,19.33333,6.62963,87.15556,D49.i_5
22105.2,4703.62222,8415.03333,1579.65556,105491.05556,72.0,8.12222,20.11111,582.55556,128236.91111,13.37778,652.88889,72.55556,239.77778,1.0,331.84444,171.0,105.1,2181.97778,D49.a_6,491.41111,42.11111,100.47778,74.4,2449.72222,27.0,1.0,1.91111,41.13333,2701.64444,1.08889,26.77778,6.55556,4.44444,1.0,7.40741,4.77778,5.0,84.71111,D49.i_6
21313.08889,4564.06667,7401.36667,1231.32222,101732.05556,147.88889,5.67778,12.77778,538.88889,123570.8,15.37778,652.11111,54.88889,229.22222,1.0,335.51111,207.0,118.65556,2189.08889,D49.a_7,542.3,37.0,115.14444,81.95556,2715.72222,24.55556,1.0,1.91111,40.02222,2549.97778,1.28889,56.11111,5.33333,5.22222,1.0,9.37037,5.55556,5.88889,69.6,D49.i_7
21307.53333,4277.4,7593.81111,1241.76667,99659.05556,102.77778,6.34444,12.66667,575.66667,119987.91111,12.82222,661.66667,57.77778,211.88889,1.0,323.28889,167.33333,120.76667,2037.08889,D49.a_8,565.52222,44.0,128.14444,100.17778,2728.27778,14.88889,1.0,2.82222,49.8,2455.08889,1.08889,57.66667,7.77778,5.55556,1.0,6.77778,10.55556,5.37037,88.93333,D49.i_8
23063.31111,4728.95556,7869.03333,1742.21111,108837.72222,129.44444,8.45556,18.61111,570.77778,117054.57778,13.71111,654.44444,55.0,207.22222,1.0,396.95556,210.66667,120.87778,2659.2,D49.a_9,486.52222,34.11111,97.7,62.71111,2475.61111,30.88889,1.0,1.91111,38.68889,2381.97778,1.0,30.88889,7.55556,5.0,1.0,4.81481,1.0,5.40741,85.04444,D49.i_9
6216.3,3011.4,31593.06667,1782.45556,152356.02222,531.67778,23.55556,22.33333,936.77778,299733.71111,893.11111,3919.46667,123.77778,233.55556,1.0,884.66667,252.44444,465.24444,7526.53333,D5.a_0,273.43333,50.33333,209.12222,72.61852,1219.88889,82.55556,1.0,3.22222,58.25556,1327.13333,47.33333,81.95556,11.66667,1.1037,1.0,10.77778,3.64444,1.28889,233.6,D5.i_0
5439.85556,2737.17778,28612.17778,1893.23333,130968.35556,414.67778,20.22222,22.33333,813.11111,267716.93333,808.44444,3450.46667,108.33333,219.66667,1.0,783.77778,134.44444,492.46667,6938.75556,D5.a_1,270.65556,49.33333,209.56667,58.1037,1210.55556,138.0,1.0,2.11111,49.7,1180.35556,43.66667,91.95556,17.11111,1.63704,1.0,16.55556,1.82222,5.4,261.37778,D5.i_1
5060.3,2594.62222,26243.95556,1841.67778,119309.8,397.9,14.88889,43.33333,781.44444,239161.6,712.11111,3128.91111,106.66667,195.33333,1.0,733.22222,226.55556,595.57778,6802.75556,D5.a_2,226.65556,37.55556,208.67778,72.61852,1160.11111,119.11111,1.11111,1.0,59.7,1122.46667,49.22222,82.62222,14.44444,1.31111,1.0,7.11111,2.82222,1.0,217.71111,D5.i_2
4777.74444,2510.73333,23905.06667,1710.12222,126915.91111,283.12222,15.88889,21.33333,760.11111,226699.15556,722.11111,2924.57778,91.55556,188.0,1.0,525.33333,348.22222,1079.57778,6234.97778,D5.a_3,265.21111,49.44444,187.45556,76.57778,1140.33333,193.22222,1.0,1.0,43.92222,1065.02222,37.22222,76.95556,6.55556,1.20741,1.77778,8.44444,12.0,2.4,267.71111,D5.i_3
4857.3,2642.28889,23153.84444,1619.67778,108294.35556,544.12222,23.0,15.77778,687.66667,217432.93333,702.22222,2937.91111,80.11111,208.11111,2.66667,596.55556,212.66667,852.35556,7459.86667,D5.a_4,182.32222,42.66667,198.34444,48.35556,986.22222,281.44444,1.0,2.11111,57.14444,1018.02222,39.88889,68.73333,9.11111,1.74815,1.0,8.88889,1.82222,2.44444,245.82222,D5.i_4
5057.85556,2415.73333,24174.28889,1710.23333,109300.13333,441.34444,15.33333,17.77778,720.44444,212991.71111,684.77778,2907.57778,93.22222,203.44444,3.44444,590.44444,220.66667,1007.68889,7456.64444,D5.a_5,304.65556,60.44444,191.67778,64.25556,1266.22222,232.0,1.0,3.22222,47.36667,981.46667,36.77778,68.28889,4.33333,1.74815,1.0,7.44444,5.46667,1.0,253.71111,D5.i_5
4963.74444,2396.4,23305.95556,1571.01111,112102.91111,496.78889,18.11111,21.22222,696.11111,209084.37778,684.44444,2887.35556,87.22222,212.11111,1.0,631.33333,203.77778,1255.24444,7051.86667,D5.a_6,218.54444,58.44444,181.67778,69.02222,1069.22222,199.55556,1.0,2.11111,49.81111,955.35556,39.33333,76.95556,6.88889,1.63704,3.44444,9.88889,2.82222,3.26667,261.15556,D5.i_6
4938.41111,2437.95556,23617.51111,1816.01111,114976.8,352.9,17.11111,12.22222,710.11111,206551.48889,681.77778,2855.91111,87.66667,198.0,2.66667,565.11111,324.44444,1463.02222,6910.42222,D5.a_7,308.21111,57.33333,178.78889,65.88148,1141.11111,117.0,1.11111,1.0,42.03333,907.8,28.66667,60.28889,4.88889,1.64444,3.44444,7.55556,1.82222,1.86667,318.37778,D5.i_7
4772.96667,2420.73333,22328.84444,1743.9,111139.02222,527.67778,17.33333,19.11111,654.88889,203292.04444,648.55556,2716.24444,69.22222,202.44444,2.66667,551.0,262.33333,1148.02222,7514.64444,D5.a_8,291.21111,73.66667,193.9,70.06296,1272.33333,203.55556,1.33333,3.22222,60.14444,886.46667,41.44444,77.51111,11.44444,1.74815,2.66667,10.44444,8.28889,3.31111,261.71111,D5.i_8
4759.41111,2249.95556,22394.17778,1413.9,105887.68889,642.67778,15.66667,27.22222,655.55556,200642.26667,622.55556,2730.91111,77.44444,228.44444,1.0,627.66667,274.11111,1157.68889,7383.42222,D5.a_9,275.76667,57.44444,189.12222,40.1037,1141.33333,189.0,1.11111,3.22222,48.36667,860.35556,33.66667,51.06667,7.77778,1.31111,1.77778,6.22222,5.64444,1.28889,236.93333,D5.i_9
27701.03333,7290.88889,29009.38889,1654.93333,219238.53333,422.78889,19.88889,22.33333,2533.01111,636070.94444,60.77778,41410.67778,73.33333,577.0,1.0,308.71111,772.0,727.55556,953.0,D50.a_0,427.08889,133.33333,144.28889,13.43704,2381.2,482.88889,1.0,2.11111,11.87778,3108.36667,1.1037,840.11111,21.22222,3.11111,1.0,2.44444,1.0,8.02222,4.97778,D50.i_0
28399.47778,8066.77778,28954.83333,1273.37778,224887.2,299.67778,15.55556,23.88889,2611.12222,615360.72222,66.22222,44102.12222,75.33333,593.22222,1.0,315.26667,1044.33333,723.33333,869.33333,D50.a_1,368.64444,65.44444,140.73333,41.6,2119.86667,351.22222,1.0,4.33333,10.43333,2992.58889,1.1037,689.22222,12.22222,3.0,1.0,5.88889,4.88889,7.56296,4.15556,D50.i_1
27269.14444,7226.0,29226.27778,1294.04444,218415.2,300.05926,17.11111,21.33333,2646.56667,600849.61111,68.55556,42710.78889,62.22222,569.88889,1.0,312.48889,893.66667,677.88889,882.55556,D50.a_2,321.2,49.55556,134.73333,26.04444,2020.2,355.55556,1.11111,4.44444,11.54444,2867.03333,1.1037,631.44444,6.11111,3.33333,1.0,11.22222,4.77778,8.91111,4.95556,D50.i_2
28464.47778,7862.22222,28870.5,1286.26667,218202.75556,299.67778,16.66667,14.55556,2736.78889,587404.27778,72.33333,45292.12222,55.44444,610.88889,1.0,299.37778,1026.55556,670.44444,870.77778,D50.a_3,406.2,72.66667,148.62222,30.98519,2251.75556,363.55556,1.0,3.22222,13.21111,2799.03333,1.31852,742.33333,11.77778,3.11111,1.0,15.77778,4.77778,6.65926,7.8,D50.i_3
27963.58889,7758.88889,28523.16667,1123.82222,211351.64444,326.23333,14.66667,23.66667,2557.67778,575054.72222,70.33333,42391.56667,63.22222,588.0,1.0,306.04444,941.44444,675.33333,829.55556,D50.a_4,360.08889,57.33333,124.62222,34.9037,2085.64444,528.0,1.0,2.11111,10.43333,2693.7,1.1037,643.11111,6.66667,2.55556,2.66667,6.44444,2.77778,4.74074,6.37778,D50.i_4
26932.36667,7243.0,27776.72222,1299.15556,207806.42222,256.45556,14.66667,25.88889,2540.01111,559251.38889,67.66667,41353.45556,55.0,581.66667,1.0,276.37778,1005.66667,638.44444,834.55556,D50.a_5,357.2,49.22222,128.06667,17.35556,2134.64444,515.88889,1.0,2.11111,13.1,2568.36667,1.0,684.22222,11.11111,3.33333,1.0,4.33333,4.77778,6.24444,5.04444,D50.i_5
25736.47778,7337.77778,27019.27778,1203.82222,205581.2,285.23333,13.11111,22.33333,2434.9,544489.94444,70.55556,42197.45556,52.55556,589.11111,1.0,271.15556,1051.22222,588.77778,771.0,D50.a_6,373.42222,65.33333,133.17778,35.18519,2161.53333,406.88889,1.0,4.33333,12.1,2494.7,1.1037,660.0,11.11111,2.77778,1.0,5.0,1.0,7.65926,7.13333,D50.i_6
23702.14444,7023.0,26173.16667,1306.93333,196504.08889,239.9,11.77778,28.22222,2463.34444,526588.27778,64.0,40044.12222,54.44444,546.44444,1.0,267.04444,945.44444,643.0,821.11111,D50.a_7,353.2,63.66667,122.73333,27.34815,1937.53333,415.11111,1.11111,4.33333,9.98889,2442.03333,1.1037,601.55556,7.77778,2.55556,1.77778,5.11111,5.66667,5.08889,4.75556,D50.i_7
23626.92222,6882.33333,24785.61111,1232.15556,186655.42222,264.67778,15.55556,23.44444,2347.34444,509314.27778,63.77778,39304.45556,50.55556,541.66667,1.0,319.37778,1028.44444,512.11111,797.66667,D50.a_8,322.31111,60.55556,118.84444,54.48889,1928.2,324.66667,1.33333,4.33333,7.32222,2436.81111,1.0,581.33333,14.77778,2.0,1.0,2.55556,8.66667,6.32593,4.06667,D50.i_8
23551.36667,7038.44444,24802.61111,1208.93333,179637.42222,441.34444,12.55556,16.66667,2230.23333,495366.61111,58.66667,39992.78889,53.88889,558.0,1.77778,289.48889,939.33333,436.11111,794.55556,D50.a_9,354.53333,58.44444,125.84444,14.45926,2052.42222,394.33333,1.0,7.77778,12.65556,2358.47778,1.1037,655.44444,9.66667,2.44444,1.0,3.22222,3.77778,9.00741,5.8,D50.i_9
22424.54444,8727.88889,15631.15556,1747.0,84960.74444,1286.8,82.22222,42.22222,1746.66667,324198.1,11.55556,7605.71111,146.77778,2192.33333,1.77778,614.88889,1731.77778,116.48889,3380.31111,D51.a_0,574.31111,76.66667,33.07778,27.76296,1613.68889,365.77778,1.0,7.66667,15.36667,998.05556,1.0,58.68889,1.66667,2.88889,1.0,2.88889,2.88889,3.82963,4.79259,D51.i_0
21543.1,9113.22222,16049.48889,1545.55556,82618.85556,873.68889,83.44444,42.22222,1746.66667,314581.98889,9.55556,7511.37778,160.44444,2125.77778,1.77778,560.66667,1780.11111,113.71111,3271.42222,D51.a_1,601.86667,41.55556,43.96667,28.74815,1687.8,110.77778,1.11111,3.22222,15.58889,887.61111,1.11111,53.24444,3.0,3.33333,1.0,2.11111,3.77778,2.17778,10.0963,D51.i_1
19721.43333,8145.88889,15600.93333,1917.22222,77473.18889,1118.35556,79.0,41.0,1643.33333,306338.98889,11.0,7030.26667,161.44444,2132.44444,1.0,526.22222,1458.33333,130.71111,3094.86667,D51.a_2,539.86667,51.22222,48.18889,47.75185,1525.57778,217.77778,1.11111,3.22222,15.25556,819.72222,1.11111,48.02222,2.0,3.55556,1.77778,4.33333,3.77778,2.37037,7.20741,D51.i_2
19775.21111,7730.66667,15631.71111,1566.44444,79013.07778,1025.8,74.55556,40.0,1579.44444,299393.65556,12.33333,6918.48889,139.33333,2070.88889,1.0,515.11111,1377.33333,105.26667,2992.64444,D51.a_3,629.86667,82.66667,47.63333,21.53704,1600.13333,474.55556,1.0,3.22222,18.25556,757.05556,1.0,48.8,4.88889,3.0,1.0,2.77778,5.77778,1.87407,8.62222,D51.i_3
19027.21111,7694.55556,15447.6,2131.33333,79110.52222,738.13333,75.66667,49.11111,1605.44444,294465.43333,11.0,6649.04444,159.11111,2143.44444,1.0,502.44444,1470.33333,103.82222,3045.2,D51.a_4,638.08889,60.44444,39.07778,43.75556,1671.68889,207.44444,1.0,5.44444,16.92222,720.5,1.0,52.68889,3.11111,4.77778,1.0,2.55556,3.77778,1.63704,5.45926,D51.i_4
19975.76667,7627.88889,15477.93333,1876.22222,77270.07778,1523.57778,70.0,46.88889,1553.88889,289544.32222,13.11111,6799.71111,149.33333,2024.66667,1.77778,519.0,1405.88889,113.48889,3070.42222,D51.a_5,585.53333,66.55556,48.3,18.43333,1573.13333,285.44444,1.0,1.0,15.58889,673.16667,1.0,51.24444,2.11111,3.88889,1.0,1.33333,14.44444,2.08148,3.71111,D51.i_5
19083.54444,7665.44444,14724.93333,1527.66667,76991.74444,865.46667,78.22222,43.33333,1447.55556,286668.21111,12.33333,6835.37778,135.33333,1875.22222,1.0,439.0,1377.0,108.26667,2877.31111,D51.a_6,637.97778,59.55556,32.18889,24.64074,1565.13333,377.88889,1.11111,1.0,14.92222,641.16667,1.11111,49.46667,2.0,4.33333,1.0,2.44444,1.88889,2.37037,4.4,D51.i_6
19365.54444,6732.88889,14790.04444,1538.0,76569.96667,917.24444,66.22222,31.66667,1392.88889,283391.65556,8.88889,6665.82222,144.33333,1817.11111,1.77778,429.77778,1237.66667,97.6,2782.97778,D51.a_7,585.53333,39.33333,33.18889,45.74444,1505.8,472.55556,1.0,3.22222,13.92222,641.16667,1.22222,44.02222,3.11111,3.55556,2.55556,4.66667,6.55556,1.54074,5.01481,D51.i_7
18597.54444,7157.11111,14048.82222,2358.44444,75890.85556,900.24444,64.55556,39.88889,1488.88889,278422.76667,10.22222,6474.15556,130.0,1980.77778,1.0,430.88889,1423.66667,88.04444,2688.75556,D51.a_8,567.53333,44.22222,33.96667,27.1963,1611.8,230.11111,1.0,3.22222,14.58889,620.27778,1.0,63.91111,2.33333,3.66667,1.77778,1.0,1.0,2.06667,3.6,D51.i_8
19577.43333,7224.77778,15785.48889,2221.66667,77269.18889,762.8,74.55556,49.33333,1454.22222,273880.98889,10.44444,6829.48889,180.55556,2013.55556,1.77778,453.66667,1404.66667,109.26667,2814.42222,D51.a_9,502.64444,51.44444,36.63333,23.08889,1368.8,76.22222,1.11111,5.44444,13.92222,573.27778,1.11111,42.8,2.66667,3.66667,3.44444,3.66667,7.77778,2.08148,7.15556,D51.i_9
14146.03333,10492.66667,11852.88889,3560.72222,74161.84444,636.88889,68.22222,51.82222,2868.28889,459766.34444,51.27778,2325.44444,358.51111,4274.66667,1.71852,421.55556,1737.55556,854.78889,3147.64444,D52.a_0,475.64444,188.66667,272.58889,41.33333,1940.86667,1161.85556,1.0,6.31111,61.63333,1772.6,1.0,55.44444,10.38889,10.01111,1.0,9.11111,35.88889,3.08889,9.13333,D52.i_0
14609.47778,10431.44444,11239.77778,4017.94444,74967.84444,472.55556,63.66667,66.12593,2776.84444,442721.12222,45.72222,2299.88889,394.06667,4159.44444,1.71852,400.33333,1736.77778,863.78889,3288.75556,D52.a_1,536.64444,211.0,295.36667,64.84444,2093.64444,656.85926,1.0,11.62222,59.41111,1557.93333,1.19259,48.66667,12.72222,12.23333,1.0,8.55556,7.55556,1.82222,9.91852,D52.i_1
14086.03333,10314.77778,12295.0,4255.16667,74734.62222,659.44444,60.11111,78.71111,2658.17778,423713.45556,47.94444,2283.11111,376.95556,4071.22222,1.0,386.33333,1658.55556,931.78889,3278.53333,D52.a_2,491.31111,104.0,118.25556,54.51111,1934.97778,662.63333,1.17778,7.42222,50.41111,1379.48889,1.0,64.0,11.88889,9.9,1.0,7.0,32.0,2.26667,6.19259,D52.i_2
13720.7,10018.44444,11298.11111,3240.83333,73301.62222,258.88889,53.22222,76.37778,2517.4,410302.12222,46.38889,2110.66667,377.06667,4143.33333,4.21481,389.55556,1750.55556,789.56667,3025.97778,D52.a_3,483.75556,98.88889,157.81111,58.35556,1830.08889,1320.41111,1.2,4.17037,54.07778,1237.71111,1.0963,47.66667,13.22222,8.45556,1.0,6.66667,24.33333,5.75556,11.02222,D52.i_3
12769.25556,10156.88889,11614.11111,3426.72222,65545.51111,474.55556,65.0,50.71111,2584.95556,398349.23333,39.83333,1951.22222,375.4,3679.22222,1.0,374.88889,1740.77778,869.23333,3150.86667,D52.a_4,524.42222,219.0,161.14444,40.24444,1939.2,1104.63333,1.08889,9.48148,58.74444,1086.04444,1.19259,46.0,11.05556,10.67778,1.0,8.44444,5.77778,2.67778,8.57778,D52.i_4
13596.47778,10514.55556,13422.55556,3857.83333,69202.84444,456.0,65.77778,69.26667,2600.84444,392429.12222,44.27778,2111.0,366.17778,3945.66667,1.0,362.44444,1651.44444,832.34444,3115.75556,D52.a_5,590.97778,116.0,114.14444,36.2,2182.2,574.07778,1.0,3.14074,72.3,997.04444,1.0963,50.44444,14.22222,8.68889,1.0,6.11111,7.66667,3.53333,10.91111,D52.i_5
12991.7,10233.0,11721.22222,3824.16667,67395.17778,451.88889,59.11111,83.48889,2508.73333,384439.01111,45.27778,1938.22222,314.51111,3878.66667,2.43704,345.55556,1582.33333,821.56667,3064.08889,D52.a_6,535.86667,126.11111,134.7,20.97778,2020.97778,262.07778,1.0,1.0,59.85556,933.6,1.19259,38.22222,8.83333,6.57778,1.0,8.55556,14.33333,3.27778,9.57778,D52.i_6
12652.7,9811.33333,11096.0,3395.5,63749.84444,525.77778,61.77778,60.04444,2465.73333,374231.23333,44.38889,1868.55556,321.84444,3839.0,3.32593,304.55556,1583.22222,727.23333,2993.86667,D52.a_7,504.08889,57.33333,101.14444,46.64444,1841.53333,350.3,1.0,2.02963,51.07778,902.26667,1.28889,39.55556,8.0,6.9,1.0,7.55556,15.44444,5.56667,9.57778,D52.i_7
12730.14444,9437.44444,11605.88889,3705.61111,64017.28889,452.0,59.0,56.48889,2405.4,365970.01111,40.72222,1893.77778,337.62222,3703.66667,2.60741,324.55556,1467.33333,753.34444,2934.86667,D52.a_8,415.53333,60.77778,85.36667,77.42222,1654.42222,549.41111,1.0,2.02963,46.3,839.6,1.0,57.44444,3.66667,5.47778,1.0,5.66667,4.77778,4.35556,5.75556,D52.i_8
11970.25556,8929.33333,12422.22222,3538.05556,63485.17778,445.88889,60.77778,84.71111,2371.95556,353375.01111,41.5,1875.77778,305.73333,3490.33333,1.0,356.88889,1499.88889,783.45556,2764.31111,D52.a_9,526.2,56.33333,124.36667,34.93333,2009.31111,360.63333,1.0,4.17037,55.3,829.15556,1.0,41.66667,6.0,4.91111,1.0,9.0,17.22222,1.97778,8.46667,D52.i_9
10722.82222,8471.77778,11529.14444,6225.65556,139128.12222,431.66667,52.35556,35.64444,1261.31111,488765.14444,23.86667,109709.46667,13856.88889,2099.26667,29.02222,32086.11111,1668.33333,2207.04444,362725.11111,D53.a_0,507.21111,831.92222,437.46667,122.3963,4037.28889,503.22222,1.98148,2.11111,28.17778,28383.95556,1.22222,4381.76667,222.66667,37.2,1.77778,737.84444,67.22222,113.78889,12417.95556,D53.i_0
10556.71111,8045.22222,11937.14444,5561.54444,131384.56667,427.33333,55.02222,24.91111,1177.64444,472503.81111,25.2,113452.8,14193.55556,1855.26667,22.36296,35023.66667,1541.33333,2034.6,386565.55556,D53.a_1,505.87778,694.58889,379.24444,139.25556,3982.51111,470.55556,1.09259,1.0,33.51111,26642.17778,1.11111,4577.65556,221.77778,37.31111,1.77778,763.51111,71.11111,75.67778,12315.28889,D53.i_1
10450.26667,7720.11111,11003.92222,6158.32222,133774.23333,741.77778,49.57778,34.42222,1142.2,454815.25556,23.64444,111013.35556,13793.55556,1703.15556,40.19259,32532.44444,1826.77778,1932.71111,369611.55556,D53.a_2,488.98889,345.81111,362.68889,70.84074,4014.51111,209.55556,1.51852,2.11111,31.84444,25358.51111,2.0,4408.65556,262.55556,39.86667,1.0,786.51111,63.22222,122.67778,12507.28889,D53.i_2
9837.48889,7493.0,11481.25556,6171.98889,128449.45556,486.88889,45.35556,35.64444,1139.53333,441677.03333,20.97778,96495.8,11864.88889,1788.26667,26.52593,29145.22222,1478.11111,2350.82222,324032.77778,D53.a_3,437.76667,192.58889,357.91111,107.54815,3973.73333,260.88889,1.46296,8.77778,24.06667,23785.84444,1.11111,4036.87778,257.0,25.86667,1.0,538.62222,56.44444,116.34444,9646.95556,D53.i_3
9380.04444,7523.44444,10390.92222,6636.54444,127849.34444,460.33333,42.8,40.93333,1053.75556,429651.58889,22.08889,96405.46667,12563.22222,1864.48889,25.63704,29847.44444,1554.33333,2547.48889,327056.22222,D53.a_4,436.21111,708.36667,425.24444,135.99259,3827.62222,460.44444,1.09259,4.33333,26.62222,22691.73333,1.11111,3771.54444,191.22222,29.97778,1.0,510.62222,62.33333,131.45556,8844.4,D53.i_4
9512.82222,7730.22222,11362.92222,6752.54444,126886.67778,532.11111,46.02222,36.86667,1099.53333,416891.03333,20.08889,95138.57778,12250.44444,1786.93333,31.68889,28305.22222,1599.0,2628.93333,313106.0,D53.a_5,357.32222,407.7,270.46667,92.21481,3363.62222,670.22222,1.27778,4.33333,23.62222,21529.62222,1.22222,3558.87778,179.66667,27.64444,1.0,517.51111,28.0,121.56667,8438.06667,D53.i_5
9130.71111,6958.88889,9322.92222,5590.54444,126026.56667,548.44444,43.91111,37.17778,1005.97778,399455.7,22.2,90457.02222,11510.11111,1595.82222,19.57778,27403.33333,1638.44444,2194.48889,296757.55556,D53.a_6,446.32222,485.36667,543.68889,128.92222,3710.95556,551.11111,2.03704,5.44444,28.28889,20904.17778,1.11111,3755.21111,191.22222,24.31111,1.0,550.51111,53.55556,105.9,9185.62222,D53.i_6
8762.6,6954.88889,9551.92222,5933.98889,132410.9,423.22222,36.91111,47.62222,1007.31111,387590.92222,17.97778,85409.46667,11171.77778,1600.93333,18.74815,25847.55556,1626.77778,2461.93333,285061.55556,D53.a_7,420.76667,184.25556,323.68889,92.7,3319.73333,332.77778,1.27778,4.44444,27.17778,20136.28889,1.22222,3632.1,207.55556,23.42222,1.0,636.17778,55.55556,95.78889,9397.06667,D53.i_7
8619.71111,7123.11111,9833.36667,6137.65556,114030.34444,566.88889,35.68889,31.28889,945.64444,368251.14444,21.75556,80366.02222,9737.88889,1590.71111,18.74815,23290.66667,1320.55556,2237.26667,261305.77778,D53.a_8,420.65556,539.14444,553.57778,128.7,3157.95556,470.66667,1.68519,8.88889,28.95556,19605.4,1.22222,3427.1,208.33333,24.64444,1.0,586.28889,38.88889,62.78889,9140.62222,D53.i_8
7997.04444,6842.55556,9330.58889,5753.1,98988.45556,497.22222,36.35556,20.84444,853.42222,343714.58889,19.75556,68493.8,7830.66667,1524.71111,14.63704,17986.33333,1367.11111,1913.71111,215357.77778,D53.a_9,451.76667,770.03333,401.8,86.99259,3833.73333,292.0,1.2963,13.33333,26.95556,18958.84444,1.22222,3646.76667,195.22222,23.86667,1.0,614.84444,40.66667,85.56667,8872.62222,D53.i_9
27685.45556,18691.0,35464.55556,754.01111,287001.94444,345.22222,11.47778,6.07778,3546.23333,384119.41111,21.77778,33234.33333,126.33333,1296.33333,1.0,42.77778,286.0,1681.16667,829.97778,D54.a_0,236.06667,53.21111,47.32222,49.67407,812.21111,35.22222,1.0,2.71111,45.56667,772.75556,1.0,90.68889,2.66667,1.33333,1.0,2.05185,10.55556,2.98148,6.97037,D54.i_0
27582.9,18517.0,34184.0,697.34444,277972.38889,466.55556,9.7,7.98148,3416.23333,372078.63333,22.11111,32670.22222,117.55556,1268.0,1.0,47.88889,273.11111,1565.72222,793.53333,D54.a_1,247.28889,41.85556,49.87778,35.35556,929.43333,1.0,1.10741,3.31111,55.45556,710.08889,1.08889,110.35556,4.77778,2.77778,1.0,3.1037,14.55556,2.38889,6.24444,D54.i_1
27138.67778,17770.77778,35007.22222,472.9,269138.94444,67.88889,10.25556,11.42593,3389.9,365225.63333,24.77778,32149.55556,132.55556,1273.22222,1.0,39.0,361.11111,1556.72222,806.53333,D54.a_2,270.06667,45.21111,53.54444,55.91111,990.1,203.88889,1.0,2.71111,46.12222,704.86667,1.48889,98.91111,3.11111,3.66667,1.77778,2.4963,1.88889,3.24074,5.46667,D54.i_2
24503.9,17488.33333,32566.33333,547.67778,252342.38889,61.55556,13.03333,16.09259,3360.12222,356481.18889,19.11111,31456.33333,123.33333,1313.88889,1.0,41.66667,333.44444,1703.16667,623.64444,D54.a_3,228.51111,51.85556,47.32222,78.00741,778.21111,35.11111,1.0,5.02222,40.12222,652.42222,1.31111,102.13333,3.77778,1.77778,1.0,3.1037,4.88889,2.64815,3.85185,D54.i_3
24871.01111,17810.77778,33325.88889,568.45556,250427.94444,47.44444,8.03333,25.9963,3435.78889,348561.74444,19.44444,30383.0,111.11111,1280.66667,1.77778,34.77778,297.11111,1152.94444,607.31111,D54.a_4,255.62222,67.65556,60.54444,64.92593,905.98889,35.11111,1.0,4.51111,59.67778,609.86667,1.08889,93.8,4.11111,2.33333,1.0,4.54815,14.66667,1.25926,10.02963,D54.i_4
24267.34444,17039.22222,32256.66667,537.56667,244255.05556,489.0,7.58889,24.88519,3247.34444,342533.07778,18.33333,29776.33333,121.88889,1223.11111,1.77778,34.88889,277.11111,1179.27778,714.97778,D54.a_5,244.06667,20.73333,45.43333,46.92593,864.76667,150.22222,1.0,3.31111,42.34444,609.86667,1.71111,100.8,5.77778,3.44444,1.0,3.24444,8.66667,2.96296,5.08148,D54.i_5
22720.9,16873.88889,31749.55556,557.9,235857.83333,51.44444,9.58889,26.94815,3465.78889,335704.74444,18.88889,29506.66667,114.66667,1242.11111,1.77778,27.22222,294.88889,1076.83333,628.53333,D54.a_6,250.62222,58.86667,49.21111,33.73333,869.76667,24.88889,1.0,4.51111,52.23333,609.86667,1.31111,104.68889,8.55556,3.66667,1.0,1.74815,8.77778,2.18519,8.19259,D54.i_6
23731.23333,17224.55556,31964.88889,581.23333,241143.61111,133.55556,7.36667,22.55185,3314.23333,328911.3,20.0,29537.11111,119.88889,1201.88889,1.77778,28.55556,282.11111,1058.05556,649.31111,D54.a_7,228.28889,33.21111,49.65556,66.24444,808.1,37.66667,1.0,2.2,49.45556,573.31111,1.26667,91.24444,4.44444,3.0,1.0,2.4963,8.66667,6.11111,5.63704,D54.i_7
22009.01111,16270.77778,30968.55556,571.12222,226607.61111,49.44444,8.7,6.07778,3342.56667,321519.96667,16.77778,28391.44444,99.44444,1156.66667,1.0,36.44444,304.66667,833.83333,637.53333,D54.a_8,268.06667,92.76667,43.87778,52.34074,939.32222,94.88889,1.0,2.2,64.9,547.2,1.0,72.13333,5.66667,2.66667,1.0,4.74074,2.88889,2.11111,12.53333,D54.i_8
21928.67778,16019.55556,29957.55556,576.01111,223235.38889,218.11111,8.14444,20.21852,3139.45556,312794.18889,19.22222,28229.22222,103.44444,1209.11111,1.0,41.66667,330.55556,1239.61111,654.2,D54.a_9,173.95556,32.1,29.32222,84.65926,697.1,21.11111,1.0,4.42222,34.9,515.86667,1.0,79.57778,2.77778,1.11111,1.77778,1.74815,9.55556,1.85185,2.12593,D54.i_9
15954.5,17367.44444,26645.87778,1561.16667,116375.84444,572.78889,32.15556,21.79259,1127.18889,239077.91111,50.12222,4606.66667,57.44444,2993.44444,1.0,661.73333,670.0,104.78889,2057.55556,D55.a_0,620.72222,242.62222,370.76667,131.62963,3506.27778,343.59259,1.1037,2.9037,48.62222,2274.85556,1.75556,157.8,14.12593,42.15556,1.0,8.91111,6.66667,3.55556,29.13333,D55.i_0
14692.61111,16544.44444,27254.43333,1266.94444,108909.06667,314.01111,42.71111,55.37778,1163.3,223413.8,55.12222,4509.55556,41.33333,3159.55556,1.0,535.51111,644.44444,76.23333,1904.55556,D55.a_1,676.83333,285.95556,405.1,34.01852,3608.27778,355.5,1.0,8.14074,52.84444,2117.18889,1.61111,156.68889,12.54074,41.15556,3.44444,7.31111,5.55556,2.93333,32.35556,D55.i_1
13504.94444,15886.0,23840.76667,1380.5,105741.73333,223.45556,33.6,41.37778,1044.74444,213753.68889,54.23333,4226.66667,35.44444,2898.77778,2.43704,501.06667,634.55556,74.01111,1850.44444,D55.a_2,647.05556,260.95556,369.1,85.46296,3457.16667,425.38889,1.0,6.07778,53.51111,2023.18889,1.68889,139.46667,10.04444,39.26667,1.0,5.31111,5.55556,5.4,26.68889,D55.i_2
13488.16667,14681.77778,22074.32222,1122.83333,94855.62222,398.23333,29.04444,30.93333,973.63333,202115.91111,50.34444,4293.55556,45.44444,2676.33333,1.71852,492.06667,482.11111,58.01111,1883.33333,D55.a_3,641.5,241.62222,307.43333,54.81481,3391.27778,240.61111,1.1037,3.06296,51.17778,1933.96667,1.56667,134.46667,10.98519,31.48889,2.55556,3.26667,1.88889,2.08889,26.46667,D55.i_3
12852.05556,14454.66667,23413.32222,1341.83333,99891.28889,237.9,34.48889,24.20741,973.3,195678.35556,44.23333,4119.33333,43.88889,2799.33333,1.0,512.62222,917.77778,75.78889,1887.33333,D55.a_4,610.5,217.28889,289.32222,113.51852,3360.83333,331.37037,1.1037,6.07778,47.17778,1875.96667,1.45556,103.68889,8.79259,35.71111,1.0,5.14815,1.88889,4.06667,18.35556,D55.i_4
12247.61111,13388.22222,22307.1,1280.16667,89939.95556,322.34444,25.82222,35.48889,936.85556,190531.02222,44.12222,3920.0,45.11111,2466.77778,1.0,439.4,511.66667,53.9,1741.66667,D55.a_5,701.83333,299.17778,347.87778,70.0,3928.61111,343.48148,1.0,3.85556,53.73333,1834.18889,1.8,142.02222,18.98519,42.6,1.0,10.35556,3.77778,4.06667,27.68889,D55.i_5
11093.5,11989.77778,19455.87778,978.16667,82745.06667,338.67778,24.93333,20.68148,873.85556,184546.8,38.12222,3415.77778,45.33333,2273.22222,1.0,469.4,594.88889,56.45556,1512.22222,D55.a_6,669.61111,272.84444,381.76667,113.51852,3593.38889,337.16667,1.31111,7.02963,49.84444,1750.63333,1.38889,122.02222,14.6,35.82222,1.77778,8.47407,7.66667,3.2,24.68889,D55.i_6
12103.5,13924.55556,20523.1,1259.16667,105381.4,151.56667,30.48889,37.93333,898.18889,180645.57778,38.78889,3609.77778,48.77778,2370.33333,1.0,456.17778,548.44444,62.45556,1602.66667,D55.a_7,603.72222,259.73333,373.32222,46.92593,3583.94444,181.05556,1.1037,1.95185,55.84444,1745.41111,1.23333,125.24444,14.01481,39.48889,3.44444,7.47407,7.55556,2.15556,26.46667,D55.i_7
11573.83333,13169.0,20856.32222,1303.16667,91747.62222,324.23333,23.71111,25.15556,900.85556,177513.8,36.45556,3567.44444,43.0,2411.55556,1.71852,416.28889,596.88889,62.12222,1504.11111,D55.a_8,581.83333,200.28889,310.76667,82.72222,3008.83333,251.14815,1.1037,4.80741,48.51111,1676.96667,1.64444,113.02222,13.68148,33.93333,1.0,2.43704,3.77778,3.95556,20.02222,D55.i_8
10468.16667,12126.11111,19647.43333,926.5,80261.84444,231.67778,25.6,34.76296,854.41111,172485.91111,35.78889,3464.22222,42.33333,2406.33333,1.0,437.95556,788.88889,69.34444,1532.11111,D55.a_9,626.5,243.62222,294.98889,98.07407,3729.94444,242.72222,1.20741,2.9037,49.4,1655.63333,1.18889,117.13333,9.9037,37.26667,1.0,7.08889,2.77778,3.95556,23.57778,D55.i_9
7419.62222,5331.66667,13860.87778,674.18889,43012.13333,105.68889,16.15556,13.14815,885.17778,102621.32222,6.08889,398.77778,20.33333,770.26667,1.0,158.2,244.33333,51.56667,1172.26667,D56.a_0,254.12222,25.1,112.17778,20.8,1079.36667,2.75556,1.11111,1.79259,37.72222,816.62222,1.22222,13.33333,3.05185,2.44444,1.0,2.46667,4.77778,9.05926,6.32593,D56.i_0
7427.84444,5727.11111,15541.87778,898.63333,43450.35556,218.68889,18.04444,17.14074,907.51111,96699.65556,8.86667,430.88889,28.66667,793.93333,1.0,239.64444,312.55556,67.34444,1182.15556,D56.a_1,291.12222,36.81111,102.06667,52.65556,1197.58889,6.26667,1.11111,1.79259,41.38889,685.84444,1.11111,10.0,3.05185,2.33333,1.0,3.62222,2.77778,5.07407,8.2,D56.i_1
7109.06667,5550.55556,14415.76667,841.85556,40426.46667,152.91111,18.37778,13.47407,879.84444,93669.54444,6.97778,405.77778,31.44444,769.48889,1.0,210.97778,261.11111,65.12222,1091.6,D56.a_2,259.78889,40.92222,109.73333,29.75556,1062.7,8.02222,1.0,1.79259,41.5,611.95556,1.11111,11.55556,3.23333,1.22222,1.0,3.02222,3.77778,4.51111,7.64444,D56.i_2
6749.84444,4921.44444,13819.32222,839.18889,38613.35556,183.68889,14.37778,9.31111,828.84444,88639.32222,7.42222,389.77778,24.77778,841.37778,3.33333,169.75556,242.33333,51.78889,1043.15556,D56.a_3,342.56667,39.06667,106.17778,27.94444,1455.92222,25.17778,1.0,3.6963,47.5,554.51111,1.11111,12.55556,6.09259,2.11111,1.0,7.11111,5.66667,2.97778,8.32593,D56.i_3
6756.17778,5498.11111,14579.98889,988.96667,39885.8,126.13333,15.71111,14.6963,800.28889,82302.98889,8.53333,432.66667,29.55556,859.15556,1.77778,221.97778,310.77778,61.67778,1027.37778,D56.a_4,257.56667,29.84444,111.28889,38.91111,1063.58889,8.73333,1.0,1.79259,39.27778,538.84444,1.11111,10.11111,4.09259,2.0,1.0,1.86667,1.0,1.96296,8.31111,D56.i_4
6628.51111,5580.0,14471.87778,674.07778,39000.8,87.13333,17.04444,14.6963,779.4,79765.43333,6.86667,435.88889,24.77778,845.71111,2.66667,300.97778,324.44444,49.56667,1035.82222,D56.a_5,292.9,25.98889,99.84444,13.56667,1209.7,12.48889,1.0,4.48889,37.72222,481.4,1.0,10.44444,4.68889,2.55556,1.0,2.02222,1.88889,6.51852,9.42222,D56.i_5
6159.51111,4783.55556,12881.43333,648.41111,34904.13333,144.57778,16.15556,13.03704,685.62222,75699.1,7.11852,377.88889,33.44444,689.93333,4.33333,277.53333,261.22222,44.67778,964.37778,D56.a_6,276.67778,35.1,98.84444,48.61111,1120.7,53.6,1.0,1.79259,39.94444,450.06667,1.0,11.33333,5.13333,1.11111,1.77778,2.6,1.0,2.76296,7.00741,D56.i_6
5451.73333,4478.77778,12962.98889,684.52222,33931.68889,118.02222,14.82222,11.6,661.73333,69167.87778,6.43704,385.88889,34.77778,700.15556,1.0,226.31111,273.22222,53.67778,937.82222,D56.a_7,270.56667,22.13333,111.28889,47.43333,1078.14444,86.6,1.0,6.07407,36.05556,429.17778,1.0,12.88889,6.95185,1.33333,2.55556,4.22222,3.66667,1.1037,7.65926,D56.i_7
5403.84444,4433.0,12493.54444,785.07778,32204.02222,105.95556,17.71111,4.88148,647.28889,64017.76667,4.53333,344.88889,29.11111,630.37778,2.55556,205.31111,246.55556,42.01111,911.15556,D56.a_8,355.45556,54.14444,93.51111,37.42222,1471.03333,4.51111,1.0,6.02963,38.38889,376.4,1.0,13.55556,11.72963,2.22222,1.0,4.06667,2.88889,3.96296,7.31111,D56.i_8
4993.06667,3880.11111,11468.43333,751.52222,29495.24444,188.04444,12.48889,11.92593,575.28889,60801.98889,4.00741,305.22222,18.88889,549.6,4.33333,173.2,233.44444,38.78889,832.6,D56.a_9,299.01111,33.81111,94.95556,18.78889,1116.92222,71.8,1.0,2.58519,28.83333,355.06667,1.0,14.0,9.72963,2.0,1.77778,2.75556,1.88889,3.18519,4.68889,D56.i_9
26806.35556,8915.33333,20986.2,1687.04444,148515.65556,456.5,75.27778,43.46667,2178.71111,530170.78889,122.11111,30029.55556,7858.33333,1015.66667,57.11111,384.0,942.55556,1479.48889,1304.77778,D57.a_0,651.45556,96.58889,171.08889,62.01481,3891.73333,513.77778,1.0,7.48889,8.58889,4709.9,1.19259,679.56667,40.77778,5.11111,1.0,5.55556,10.15556,19.82222,9.37778,D57.i_0
26044.91111,8377.22222,19285.53333,1614.71111,145522.21111,339.16667,72.16667,62.48889,2234.6,490096.34444,105.33333,27243.11111,6301.33333,939.44444,62.33333,321.66667,784.88889,1378.37778,1176.55556,D57.a_1,630.12222,84.47778,164.64444,62.12593,3752.73333,396.55556,1.1037,4.8,12.14444,4410.78889,1.0,754.67778,40.66667,8.0,1.0,8.11111,7.15556,18.93333,8.93333,D57.i_1
25758.02222,8427.0,20371.31111,1421.26667,139901.43333,347.5,67.94444,56.13333,2286.04444,463425.45556,90.55556,26482.22222,5071.33333,979.33333,58.0,275.22222,708.66667,1452.71111,1052.55556,D57.a_2,650.45556,98.36667,186.75556,103.12593,4009.73333,445.88889,1.1037,5.26667,12.81111,4258.67778,1.38519,761.9,30.0,6.77778,1.0,6.44444,16.62222,25.82222,10.48889,D57.i_2
24433.02222,7984.33333,21943.42222,1648.37778,143803.98889,577.61111,78.94444,63.71111,2238.04444,448829.9,72.66667,24940.88889,3905.22222,1095.0,45.88889,293.11111,860.22222,1590.6,1077.44444,D57.a_3,629.45556,82.36667,133.53333,89.15185,3859.62222,176.77778,1.0,2.9,10.03333,4059.45556,1.19259,694.34444,40.22222,8.22222,1.0,3.33333,11.94444,26.82222,10.6,D57.i_3
24662.57778,8392.44444,20522.64444,1939.82222,144120.1,433.72222,62.5,49.48889,2166.71111,436658.12222,70.44444,24997.11111,3938.44444,999.11111,39.0,288.55556,719.33333,1658.26667,962.66667,D57.a_4,616.12222,108.58889,176.31111,111.01481,3919.17778,525.88889,1.0,2.57778,10.99259,3870.45556,1.0963,661.12222,43.11111,5.22222,1.0,6.22222,6.57778,12.62222,7.31111,D57.i_4
22263.46667,8201.66667,19231.31111,1586.71111,122076.21111,429.61111,61.16667,44.68889,1901.48889,421860.56667,93.22222,24115.22222,5746.44444,851.11111,45.88889,418.77778,899.55556,1361.15556,1075.55556,D57.a_5,604.67778,107.58889,153.08889,106.98889,3733.17778,258.77778,1.0,2.57778,12.03333,3739.67778,1.0963,670.9,32.0,6.0,1.0,6.66667,8.15556,15.37778,8.93333,D57.i_5
21878.02222,7261.33333,18569.42222,1116.93333,117315.1,468.72222,69.5,41.02222,1875.93333,410879.56667,64.22222,22484.55556,3793.77778,886.55556,30.33333,307.77778,778.88889,1222.82222,955.66667,D57.a_6,571.12222,76.14444,136.42222,140.43333,3557.28889,316.22222,1.0,3.68889,13.92222,3645.34444,1.0963,622.9,35.44444,6.88889,2.43704,2.11111,2.78889,13.04444,6.86667,D57.i_6
20527.91111,7090.88889,18689.2,1246.04444,112687.43333,398.83333,52.38889,48.13333,1636.37778,395294.01111,79.44444,21838.33333,5434.44444,767.77778,39.11111,358.66667,711.66667,1111.82222,859.0,D57.a_7,605.01111,113.47778,136.97778,101.76667,3724.62222,423.22222,1.21481,9.17778,11.36667,3519.34444,1.19259,684.67778,33.11111,4.55556,1.0,5.44444,3.57778,8.57037,5.73333,D57.i_7
20080.35556,7386.22222,18039.42222,1300.15556,115326.98889,431.61111,62.94444,40.37778,2024.04444,381706.56667,74.33333,21242.77778,4537.11111,828.22222,49.44444,245.0,859.11111,1016.04444,957.11111,D57.a_8,571.45556,68.25556,166.31111,80.28889,3705.4,464.22222,1.1037,6.37778,11.58889,3430.56667,1.3037,648.45556,29.77778,5.77778,1.0,7.22222,8.15556,13.45926,6.08889,D57.i_8
18072.35556,6497.44444,17412.97778,928.6,99059.1,505.72222,46.94444,36.82222,1996.48889,368295.67778,56.33333,19532.55556,3118.77778,925.11111,25.22222,235.22222,807.55556,895.71111,828.77778,D57.a_9,535.45556,60.28889,173.75556,94.1,3507.17778,437.55556,1.0,3.68889,13.03333,3325.23333,1.0963,544.78889,43.0,4.77778,1.0,5.44444,1.78889,8.20741,7.15556,D57.i_9
27812.08889,17780.62222,8191.48889,706.97778,84912.25556,458.22222,27.0,22.55556,3671.08889,117857.7,24.37778,408.88889,60.96667,713.04444,2.66667,542.22222,864.11111,42.14444,1146.0,D58.a_0,2522.45556,324.88889,351.28889,35.91852,8379.18889,41.55556,1.18519,5.28148,238.34444,10147.73333,3.0,50.11111,7.88889,17.37778,1.62963,23.55556,16.22222,3.35185,43.51111,D58.i_0
28871.53333,16534.17778,7341.71111,683.86667,89987.7,314.33333,21.66667,22.44444,3419.53333,111801.14444,26.26667,407.88889,51.07778,674.15556,1.0,498.66667,798.66667,38.25556,1075.0,D58.a_1,2578.45556,384.55556,347.95556,38.6963,8004.18889,61.77778,1.18519,8.45185,246.01111,9796.06667,3.33333,42.11111,5.11111,15.48889,1.62963,13.33333,16.33333,5.02222,43.51111,D58.i_1
26608.86667,17481.62222,7418.71111,707.08889,85028.81111,534.22222,20.77778,20.44444,3506.86667,108449.25556,23.04444,422.55556,55.85556,640.48889,1.77778,507.88889,846.33333,37.58889,1115.11111,D58.a_2,2505.45556,362.44444,338.4,30.80741,8122.18889,70.22222,1.09259,3.05926,234.45556,9528.28889,2.88889,41.55556,9.11111,15.71111,1.0,17.66667,14.33333,2.11852,44.06667,D58.i_2
25935.86667,14701.4,7890.15556,704.42222,83495.03333,406.77778,24.44444,22.33333,3427.75556,106517.81111,25.04444,393.77778,54.18889,674.71111,2.55556,524.77778,760.33333,41.92222,1263.66667,D58.a_3,2355.78889,355.33333,302.95556,39.19259,7291.74444,43.33333,1.18519,3.14074,236.45556,9186.95556,2.22222,46.44444,7.0,11.04444,1.0,10.88889,9.33333,2.34815,49.51111,D58.i_3
22928.08889,13727.73333,8749.6,737.86667,73025.7,472.55556,27.22222,26.0,3385.64444,104233.58889,22.93333,394.33333,56.74444,659.48889,1.0,578.0,1026.66667,46.47778,1276.44444,D58.a_4,2312.23333,376.44444,349.51111,27.75556,7434.41111,63.88889,1.09259,6.22963,234.01111,8741.17778,2.22222,38.88889,8.11111,14.6,1.0,12.44444,7.55556,4.58519,39.17778,D58.i_4
24544.31111,14252.73333,8397.48889,704.42222,77023.14444,454.11111,24.88889,27.0,3344.97778,102159.25556,22.82222,407.33333,52.18889,645.26667,2.66667,515.66667,997.88889,43.58889,1236.55556,D58.a_5,2047.78889,373.33333,293.84444,59.85926,6565.3,92.88889,1.27778,6.22963,228.23333,8253.06667,2.55556,48.11111,7.33333,14.93333,1.0,12.44444,18.11111,1.9037,40.62222,D58.i_5
25053.86667,13318.06667,8313.71111,670.75556,82812.03333,312.33333,23.22222,24.77778,3187.08889,100183.81111,25.48889,395.55556,45.85556,599.04444,1.0,486.77778,834.44444,43.58889,1251.11111,D58.a_6,2138.67778,378.66667,310.73333,38.6963,6457.41111,63.88889,1.2037,8.28889,266.56667,7911.95556,2.55556,37.44444,5.55556,12.93333,1.0,14.11111,8.55556,2.23333,40.28889,D58.i_6
23274.64444,13652.28889,7989.71111,957.2,77146.14444,386.33333,23.88889,28.33333,3246.08889,98545.03333,23.82222,392.22222,49.85556,638.04444,1.0,520.55556,864.33333,38.14444,1092.33333,D58.a_7,1953.01111,376.44444,298.51111,43.2,6382.3,37.44444,1.09259,3.14074,329.01111,7723.17778,2.0,52.55556,7.33333,15.15556,1.0,21.55556,2.88889,2.34815,43.62222,D58.i_7
22747.75556,13963.62222,7505.48889,740.53333,77073.92222,250.55556,22.88889,12.22222,3114.42222,97205.81111,21.6,376.77778,43.52222,606.71111,2.55556,466.11111,734.44444,39.58889,1088.11111,D58.a_8,1881.9,328.0,284.28889,52.57778,5839.41111,25.22222,1.0,5.28148,267.34444,7466.06667,1.88889,40.88889,8.55556,12.82222,1.0,14.44444,4.66667,2.79259,44.4,D58.i_8
23309.86667,14474.4,7259.04444,779.2,76739.47778,347.11111,21.44444,14.44444,2942.08889,95360.92222,16.15556,369.88889,40.41111,547.6,1.0,485.0,698.77778,30.92222,1118.22222,D58.a_9,1772.9,371.55556,272.62222,37.37037,5667.63333,51.88889,1.0,4.08889,280.23333,7229.84444,1.66667,52.44444,11.0,11.15556,1.0,19.0,6.66667,4.46296,48.06667,D58.i_9
14724.45556,12565.97778,18480.46667,3113.35556,86300.05556,986.11111,55.4,33.15556,9655.77778,1172706.73333,126.71111,2801.77778,221.01111,1608.93333,1.0,594.62222,973.11111,364.43333,3511.62222,D59.a_0,603.02222,169.55556,101.96667,85.8,1928.07778,116.52593,1.0,3.05926,164.6,3351.26667,3.55556,52.35556,7.42963,6.44444,1.0,7.88889,5.66667,4.09259,12.66667,D59.i_0
14125.67778,11942.64444,19167.46667,3312.24444,86130.61111,856.44444,53.95556,25.42963,9090.88889,1129128.73333,120.04444,2720.55556,176.23333,1542.04444,1.77778,556.95556,1023.55556,366.32222,3386.51111,D59.a_1,567.02222,150.44444,104.63333,33.06667,1857.18889,159.3,1.1,5.75556,160.37778,3067.93333,4.55556,50.91111,12.57037,6.77778,1.0,5.44444,7.55556,1.61111,12.33333,D59.i_1
13334.78889,11882.31111,18662.02222,3183.24444,85505.83333,318.44444,41.17778,28.87407,8912.11111,1104072.73333,115.15556,1675.33333,173.9,1579.04444,1.0,666.4,803.88889,350.21111,3613.51111,D59.a_2,627.02222,166.44444,97.85556,65.13333,1993.85556,248.19259,1.0,1.0,163.04444,2873.82222,3.55556,43.35556,14.84444,5.77778,1.0,6.88889,3.77778,4.53704,16.22222,D59.i_2
13631.78889,11690.75556,19076.02222,3260.57778,81492.27778,532.11111,50.95556,22.17778,8653.77778,1057793.84444,104.93333,1987.33333,150.78889,1602.37778,1.77778,538.4,769.88889,330.65556,3289.84444,D59.a_3,607.35556,176.55556,105.74444,43.64444,1888.52222,374.74444,1.0,3.05926,155.15556,2784.6,2.66667,36.35556,12.84444,6.11111,1.0,7.77778,3.77778,2.88889,13.66667,D59.i_3
13072.78889,11336.75556,18472.57778,3007.57778,82251.94444,651.11111,49.95556,21.98519,8222.55556,1013288.4,112.6,2147.55556,155.78889,1602.48889,1.0,587.84444,700.77778,309.43333,3223.84444,D59.a_4,620.68889,163.33333,117.85556,59.08889,1991.18889,239.41111,1.0,1.47407,177.6,2710.93333,2.77778,43.8,8.45926,4.44444,1.0,10.77778,9.33333,1.40741,14.44444,D59.i_4
12655.56667,11446.97778,16866.68889,2037.46667,79058.61111,610.11111,44.17778,33.37778,8650.55556,978026.51111,98.04444,1479.88889,134.67778,1420.04444,1.77778,539.62222,786.88889,348.32222,3103.73333,D59.a_5,576.68889,162.33333,104.18889,56.42222,1868.52222,252.19259,1.0,4.17037,173.37778,2648.26667,3.77778,45.13333,7.37778,6.66667,2.66667,10.66667,2.88889,4.62963,12.22222,D59.i_5
13824.56667,12551.86667,16231.13333,2156.13333,86944.38889,690.22222,48.28889,45.12593,9526.88889,953100.06667,97.82222,1204.88889,115.56667,1414.15556,2.66667,598.95556,750.22222,386.98889,3302.51111,D59.a_6,638.46667,153.33333,100.3,50.48889,2104.74444,335.96667,1.0,2.58519,179.26667,2549.04444,4.0,58.57778,10.73333,7.77778,1.0,6.44444,3.77778,4.22222,13.0,D59.i_6
13188.45556,12285.75556,15741.68889,1908.46667,82776.5,797.22222,47.17778,39.34815,8873.33333,926874.06667,94.6,1150.33333,119.34444,1361.37778,2.66667,554.06667,792.66667,365.65556,3127.06667,D59.a_7,609.68889,172.44444,103.74444,42.71111,1960.18889,196.3,1.1,2.42222,172.26667,2464.6,4.11111,47.24444,13.23704,5.66667,1.77778,3.66667,2.88889,4.22222,13.66667,D59.i_7
12771.34444,11576.53333,16668.68889,1818.13333,78993.94444,807.44444,50.06667,21.87407,8542.66667,910885.95556,83.93333,1387.66667,134.34444,1345.37778,2.66667,500.4,731.44444,356.76667,2837.4,D59.a_8,582.35556,130.11111,85.63333,64.2,1899.41111,146.96667,1.0,5.39259,167.26667,2412.26667,3.33333,26.57778,14.34815,6.33333,1.0,5.33333,1.0,1.94444,10.11111,D59.i_8
12855.78889,12337.53333,16781.46667,1996.13333,81197.72222,647.11111,42.62222,26.57037,8726.33333,894028.06667,80.6,1215.77778,125.01111,1389.71111,2.66667,495.73333,689.0,362.76667,2992.62222,D59.a_9,584.57778,149.33333,90.3,29.02222,1774.74444,226.96667,1.21111,3.80741,149.26667,2323.48889,3.44444,25.57778,8.04444,6.44444,1.0,2.77778,2.88889,1.61111,11.33333,D59.i_9
12470.45556,4446.11111,106310.88889,544.52222,26840.77778,1272.8,35.31111,65.93333,444.3,91742.77778,7.88889,385.88889,116.66667,366.0,3.20741,1354.93333,1178.0,142.22222,8659.77778,D6.a_0,563.95556,122.11111,303.85556,19.8963,789.98889,507.5,1.09259,7.19259,37.65556,2549.2,1.33333,59.37778,6.55556,1.11111,2.55556,12.55556,12.33333,4.13333,170.33333,D6.i_0
11866.23333,4565.22222,107283.33333,580.52222,26761.0,1379.46667,32.86667,82.37778,413.96667,88339.11111,8.44444,364.33333,95.66667,419.11111,2.54815,1419.37778,858.22222,168.55556,9220.22222,D6.a_1,529.06667,102.0,300.41111,25.11852,760.43333,515.72222,1.27778,4.0963,42.54444,2313.53333,1.33333,42.48889,15.44444,1.77778,2.66667,18.77778,10.44444,10.14074,202.77778,D6.i_1
11090.45556,4232.55556,93557.11111,493.07778,24869.33333,1098.02222,25.2,72.93333,449.63333,86166.33333,10.22222,342.55556,108.0,394.33333,3.32593,1220.26667,900.77778,274.55556,8975.22222,D6.a_2,554.28889,101.11111,294.41111,30.22963,780.54444,497.38889,1.38889,4.0963,39.98889,2145.64444,1.22222,59.26667,12.66667,1.22222,1.0,11.33333,8.44444,6.58889,216.33333,D6.i_2
10333.56667,4266.88889,107278.77778,541.85556,23505.77778,1323.91111,29.08889,65.82222,480.96667,84177.44444,8.0,372.33333,147.44444,439.0,1.0,1670.71111,1349.33333,238.0,8788.33333,D6.a_3,518.84444,109.0,258.74444,40.67407,767.43333,333.05556,1.18519,5.08889,34.76667,2114.08889,1.11111,42.04444,14.66667,1.66667,1.77778,11.55556,4.66667,4.91852,169.22222,D6.i_3
11219.23333,4160.66667,103154.66667,572.74444,26351.0,1309.68889,32.64444,73.04444,428.3,83396.66667,8.88889,350.11111,145.55556,401.33333,1.0,1458.93333,830.33333,214.55556,8225.66667,D6.a_4,450.17778,100.0,299.96667,40.67407,741.87778,291.94444,1.09259,4.0963,42.87778,2030.53333,1.0,51.82222,13.22222,2.55556,1.0,16.22222,3.77778,6.24444,207.44444,D6.i_4
10822.45556,4356.88889,106466.55556,559.85556,25766.11111,1235.68889,27.97778,61.34815,434.18889,82237.33333,5.22222,332.44444,102.66667,358.33333,1.0,1570.04444,848.44444,297.44444,7895.33333,D6.a_5,496.51111,93.66667,259.52222,27.78519,699.43333,367.94444,1.09259,5.08889,29.65556,1941.53333,1.44444,46.71111,15.0,1.44444,1.77778,7.33333,4.77778,5.7963,174.11111,D6.i_5
11151.34444,4316.44444,104137.44444,526.41111,25339.88889,1221.24444,25.42222,69.48889,436.74444,80240.22222,6.0,353.0,123.88889,350.33333,1.65926,1498.71111,1555.77778,382.55556,8348.66667,D6.a_6,514.4,112.11111,354.07778,22.56296,750.76667,610.38889,1.18519,6.08148,47.21111,1888.53333,1.55556,53.15556,23.66667,2.0,1.77778,15.77778,4.66667,6.14074,229.33333,D6.i_6
10656.9,4289.11111,94464.77778,485.3,24326.55556,1624.02222,31.42222,71.71111,426.85556,78528.77778,8.55556,365.55556,156.88889,302.88889,2.31852,1729.71111,1079.0,339.11111,8816.11111,D6.a_7,429.84444,145.11111,289.18889,9.17037,702.21111,396.61111,1.5,8.53333,44.1,1841.53333,1.33333,71.93333,16.55556,2.11111,2.66667,9.11111,2.88889,7.58519,260.22222,D6.i_7
10148.34444,4118.11111,99873.33333,521.3,25172.33333,995.35556,33.2,62.37778,397.52222,77095.44444,5.22222,361.88889,116.22222,337.0,1.0,1457.82222,1259.22222,185.88889,8037.22222,D6.a_8,518.17778,136.11111,340.3,64.28889,789.1,308.5,1.2037,7.54074,39.21111,1804.97778,1.44444,55.71111,12.22222,2.44444,1.77778,12.11111,73.0,8.02963,235.22222,D6.i_8
9795.45556,4066.44444,94611.33333,516.07778,23376.0,876.02222,30.64444,42.48889,422.3,75473.44444,5.66667,356.11111,86.77778,392.77778,1.0,1734.71111,1781.22222,282.33333,7937.44444,D6.a_9,532.4,130.22222,461.3,48.73333,807.65556,586.03704,1.0,7.19259,42.65556,1747.53333,1.0,57.15556,16.33333,2.0,1.0,12.88889,3.77778,6.24074,251.77778,D6.i_9
28219.56667,16343.33333,19801.02222,8795.46667,660833.85556,486.88889,46.64444,64.12222,4962.57778,479895.54444,454.11111,941.55556,352.22222,871.44444,1.0,434.51111,3264.77778,123.38889,6286.44444,D60.a_0,921.85556,517.4,399.55556,158.84444,13397.05556,670.57778,1.66667,6.06667,152.71111,14169.21111,27.6,62.37778,18.55556,21.0,1.0,9.75556,13.73333,3.5963,197.13333,D60.i_0
27136.45556,15998.11111,19556.13333,8686.68889,622051.85556,505.55556,49.75556,35.05926,4866.24444,468568.43333,455.33333,853.66667,333.77778,922.44444,1.77778,450.17778,2908.77778,128.72222,6027.44444,D60.a_1,973.18889,514.06667,436.11111,135.51111,14037.94444,278.6,1.0,7.3,147.6,13643.98889,23.71111,67.6,21.33333,22.88889,1.77778,5.2,18.35556,9.45926,164.24444,D60.i_1
26717.9,15675.55556,18928.24444,7497.91111,597469.74444,593.66667,45.2,45.5037,4991.02222,457381.65556,442.55556,839.55556,313.22222,783.0,2.66667,424.06667,4391.66667,108.16667,5856.33333,D60.a_2,962.74444,544.62222,426.55556,133.06667,14331.16667,643.91111,1.44444,1.0,142.26667,13344.65556,23.6,58.37778,14.11111,18.22222,1.0,8.26667,20.51111,10.79259,157.13333,D60.i_2
26063.34444,15335.55556,19250.02222,8305.35556,588399.3,665.88889,45.86667,61.78889,4856.57778,445342.43333,414.0,815.55556,300.0,831.33333,6.0,365.73333,2509.66667,107.61111,5859.88889,D60.a_3,944.41111,472.73333,422.11111,135.54074,14440.38889,198.13333,1.88889,3.1,142.82222,12887.98889,26.26667,47.15556,25.22222,18.22222,2.55556,12.35556,27.13333,8.62222,147.13333,D60.i_3
26452.56667,14985.55556,17274.68889,6844.68889,562923.63333,443.88889,44.31111,39.45556,4924.35556,432733.21111,416.22222,813.0,260.66667,753.22222,4.22222,369.84444,4705.88889,97.94444,5383.44444,D60.a_4,931.74444,495.95556,418.66667,112.17778,13909.38889,646.02222,1.33333,5.07778,131.6,12583.1,22.71111,52.48889,17.44444,19.0,1.0,5.88889,15.35556,8.81852,144.24444,D60.i_4
26228.23333,14588.88889,16157.57778,6245.35556,564783.07778,423.11111,41.75556,43.01111,4595.46667,415065.32222,374.0,776.22222,271.77778,673.55556,1.77778,337.73333,2386.33333,94.5,5172.44444,D60.a_5,944.07778,541.51111,446.77778,127.84444,13919.27778,428.24444,1.44444,3.1,127.26667,12178.98889,18.71111,54.26667,18.44444,18.22222,2.66667,7.68889,15.97778,13.34815,127.24444,D60.i_5
22981.12222,13665.88889,15314.46667,5501.8,529447.74444,351.44444,45.31111,42.17037,4369.57778,400102.87778,379.11111,752.44444,277.55556,708.55556,1.0,386.4,2523.44444,114.38889,5159.11111,D60.a_6,901.18889,506.17778,375.11111,76.4,12987.72222,270.13333,1.22222,1.98889,121.04444,11832.21111,22.15556,47.6,18.33333,17.11111,1.0,5.0,7.11111,5.01481,128.68889,D60.i_6
20742.45556,13025.77778,14426.91111,5703.24444,503908.63333,392.33333,39.42222,34.78889,4362.24444,389022.32222,363.22222,750.44444,265.66667,767.11111,1.0,380.4,1933.0,133.72222,5381.77778,D60.a_7,948.41111,492.95556,395.66667,99.73333,14016.27778,424.02222,1.77778,3.1,129.48889,11664.21111,22.15556,52.93333,22.11111,18.22222,2.66667,4.24444,9.73333,9.26296,142.46667,D60.i_7
22363.78889,13634.11111,15136.57778,5739.13333,543882.18889,417.11111,46.75556,46.56667,4297.24444,377406.87778,380.33333,767.22222,281.22222,684.77778,1.0,417.62222,2432.44444,118.83333,5279.11111,D60.a_8,929.52222,441.51111,407.33333,94.17778,13937.61111,422.02222,1.33333,8.28889,119.15556,11512.1,18.37778,45.37778,17.55556,15.33333,1.77778,6.82222,25.75556,12.51111,133.46667,D60.i_8
23060.56667,13782.55556,16289.46667,6149.68889,509436.63333,719.11111,38.42222,40.94815,4161.8,366190.43333,368.22222,749.11111,282.55556,732.88889,1.0,401.06667,2385.88889,117.16667,5168.0,D60.a_9,883.18889,432.4,427.22222,117.54074,12772.94444,315.35556,1.11111,3.1,118.04444,11328.32222,16.71111,51.04444,13.0,15.44444,1.0,8.13333,16.24444,10.01481,127.46667,D60.i_9
7327.18889,4824.98889,10611.25556,4554.54444,223041.06667,947.91111,59.77778,46.66667,1189.61111,199423.42222,226.44444,602.55556,252.88889,203.04444,1.71852,251.33333,459.62222,541.06667,6277.31111,D61.a_0,543.27778,600.77778,654.44444,142.31111,8196.01111,10469.15556,1.81481,2.98148,57.64444,8935.43333,14.98889,51.88889,39.18889,3.55556,2.66667,12.33333,16.0,2.31852,184.73333,D61.i_0
6853.96667,4427.87778,10628.7,3617.21111,207743.28889,602.68889,50.11111,33.0,1036.83333,189620.64444,210.0,570.22222,238.22222,162.26667,1.0,256.44444,423.95556,416.62222,5625.42222,D61.a_1,508.38889,678.33333,658.88889,173.08889,8051.01111,8122.04444,1.63704,1.0,59.2,8709.54444,16.1,53.66667,44.85556,3.44444,1.0,9.77778,16.22222,5.08148,157.06667,D61.i_1
6641.07778,4513.98889,11067.7,3364.54444,200308.73333,551.46667,51.44444,35.33333,1027.72222,182523.64444,208.44444,632.77778,227.88889,173.71111,3.32593,261.0,507.06667,455.4,5350.2,D61.a_2,500.61111,469.44444,596.44444,155.31111,8087.01111,8348.82222,1.19259,4.2037,59.64444,8478.87778,14.98889,49.88889,41.52222,4.0,1.77778,9.66667,14.22222,4.3037,140.06667,D61.i_2
6557.52222,4459.32222,10401.58889,3274.21111,200431.62222,440.46667,52.55556,23.77778,976.61111,176247.53333,180.77778,600.77778,205.88889,136.04444,4.04444,243.44444,434.84444,399.84444,5049.42222,D61.a_3,508.83333,624.77778,645.33333,176.58519,7868.23333,9909.48889,1.28889,2.98148,61.75556,8148.21111,15.65556,37.33333,40.41111,4.22222,1.0,10.11111,14.22222,6.63704,177.51111,D61.i_3
6321.52222,4110.1,10685.58889,3668.76667,192531.84444,845.46667,48.77778,41.0,999.94444,171211.86667,197.0,591.0,203.33333,165.71111,4.04444,245.33333,491.4,444.51111,6509.75556,D61.a_4,495.61111,553.33333,486.0,101.6963,7332.34444,5924.71111,1.60741,2.74074,58.86667,7885.76667,13.21111,45.66667,43.52222,4.66667,1.0,8.44444,29.11111,5.74815,134.4,D61.i_4
6324.07778,4340.98889,10346.25556,3653.54444,191469.95556,370.68889,55.88889,31.77778,999.61111,168779.31111,166.44444,574.0,203.0,158.6,3.32593,225.11111,459.73333,373.62222,4693.53333,D61.a_5,508.38889,552.22222,799.22222,191.91852,7714.23333,8819.04444,1.0963,2.74074,66.08889,7717.76667,14.32222,48.44444,36.41111,3.88889,2.55556,11.55556,18.33333,7.14074,139.84444,D61.i_5
6282.85556,4135.43333,9996.25556,3255.98889,196778.51111,508.24444,44.77778,44.33333,1010.72222,165482.75556,160.22222,520.77778,195.88889,156.71111,1.0,227.88889,540.84444,343.73333,4516.53333,D61.a_6,509.5,483.44444,572.55556,196.42222,7616.01111,7607.26667,1.28889,7.40741,63.86667,7565.65556,16.1,52.88889,39.07778,4.33333,2.55556,8.44444,17.33333,8.74815,145.62222,D61.i_6
5939.41111,3833.76667,9686.58889,3059.98889,164316.06667,785.91111,44.44444,41.11111,903.94444,162961.97778,165.88889,500.11111,204.33333,158.82222,1.71852,202.22222,476.4,355.51111,5193.97778,D61.a_7,466.5,457.33333,582.11111,93.80741,7641.78889,7446.82222,1.0,4.72222,60.97778,7345.21111,11.76667,35.22222,35.85556,4.0,1.0,8.55556,12.33333,5.03704,134.4,D61.i_7
5919.52222,3949.21111,9820.81111,2835.43333,174607.51111,506.35556,36.44444,46.77778,917.5,160508.53333,153.33333,535.88889,209.44444,117.6,4.04444,223.88889,462.4,339.95556,4840.64444,D61.a_8,510.27778,480.55556,515.11111,160.2,7800.78889,6713.6,1.38519,1.87037,57.75556,7229.87778,12.98889,28.77778,40.18889,3.22222,1.0,7.88889,13.33333,6.64444,115.17778,D61.i_8
5607.63333,3746.65556,8898.81111,2445.76667,175379.06667,689.13333,45.11111,36.55556,866.72222,158702.2,156.44444,488.22222,185.44444,143.26667,1.71852,226.55556,399.28889,341.51111,4391.31111,D61.a_9,489.83333,477.44444,464.11111,152.42222,7279.01111,5969.26667,1.0963,5.59259,61.75556,7077.65556,15.87778,45.77778,40.85556,4.88889,1.0,4.66667,19.22222,4.54074,148.17778,D61.i_9
42614.23333,32581.76667,12121.23333,2483.96667,230948.35556,496.02222,22.82222,22.55185,16861.86667,187367.87778,442.66667,14598.44444,5483.77778,1195.26667,55.37778,775.88889,1668.44444,5405.32222,3421.2,D62.a_0,502.75556,121.0,41.12222,49.37778,2056.58889,13.16667,1.0,1.0,105.3,1167.51111,10.48889,168.83333,90.44444,3.46667,1.0,3.22222,2.88889,22.92222,9.0,D62.i_0
42262.56667,32425.54444,10957.01111,2904.41111,221286.57778,348.02222,18.6,30.5037,16030.97778,182077.54444,408.11111,13017.66667,5017.55556,1102.71111,49.26667,712.55556,1248.33333,3756.43333,3053.53333,D62.a_1,538.86667,136.11111,50.23333,92.84444,2191.14444,5.66667,1.0,4.84444,109.18889,1052.62222,9.27407,160.94444,80.33333,2.83333,1.0,6.22222,5.55556,19.14444,11.22222,D62.i_1
38947.67778,30432.87778,12723.45556,2602.74444,211450.57778,360.46667,23.26667,13.64815,15253.08889,174092.87778,424.77778,17404.55556,4573.88889,1010.48889,74.26667,830.55556,1921.66667,11304.65556,4265.42222,D62.a_2,690.64444,156.44444,53.45556,82.8,2894.92222,27.61111,1.11111,1.0,122.96667,1005.62222,10.37778,168.83333,89.33333,3.68889,1.0,7.77778,6.66667,19.03333,8.66667,D62.i_2
36438.56667,29150.32222,12864.34444,2571.74444,195822.68889,409.57778,29.26667,38.72593,15211.08889,168204.43333,415.55556,18972.22222,4980.55556,972.6,70.04444,929.0,2852.77778,13364.43333,4593.31111,D62.a_3,628.86667,122.11111,53.01111,77.46667,2416.36667,11.16667,1.0,4.84444,121.07778,926.4,10.6,156.61111,96.33333,3.57778,1.0,4.11111,4.66667,20.25556,11.22222,D62.i_3
37180.56667,28918.65556,12470.34444,2393.63333,203125.68889,424.02222,23.6,5.12593,15050.31111,165095.54444,416.77778,18079.66667,4769.44444,1056.93333,91.04444,875.55556,1832.33333,12080.1,4250.97778,D62.a_4,729.42222,137.22222,53.9,85.31111,2968.58889,2.27778,1.0,3.73333,126.96667,921.06667,8.48889,186.27778,91.66667,3.46667,2.60741,7.44444,5.66667,19.99259,13.0,D62.i_4
36012.9,28953.21111,11315.9,2303.41111,192010.91111,434.35556,24.15556,15.93333,14710.97778,161792.43333,409.0,17377.55556,4947.44444,952.93333,71.82222,860.55556,1663.88889,11722.32222,3935.86667,D62.a_5,650.31111,146.22222,54.12222,105.8,2626.81111,3.55556,1.0,3.93333,127.3,894.95556,9.48889,146.5,89.22222,4.46667,1.0,5.33333,1.0,14.88148,14.0,D62.i_5
36906.12222,28425.32222,10429.01111,2161.63333,197311.8,331.57778,15.37778,23.5037,12037.97778,159447.76667,415.33333,14201.0,4286.77778,973.04444,60.48889,638.55556,1133.44444,5322.76667,3145.53333,D62.a_6,499.53333,124.22222,50.23333,49.44444,2099.92222,4.38889,1.0,2.82222,119.3,842.73333,9.71111,154.5,87.0,2.82222,1.0,6.77778,3.77778,17.25556,8.77778,D62.i_6
36548.23333,28576.32222,10532.9,2205.18889,197996.13333,298.8,19.37778,21.44074,12723.97778,157271.98889,399.22222,14713.88889,4522.55556,955.26667,65.71111,693.11111,1655.55556,5971.21111,3105.31111,D62.a_7,680.64444,124.11111,55.34444,74.84444,2690.14444,9.77778,1.0,5.95556,133.18889,827.06667,9.37778,173.38889,87.33333,4.01111,1.71852,5.77778,1.88889,22.47778,17.33333,D62.i_7
35555.9,27302.54444,9801.01111,2305.96667,191567.57778,243.24444,17.04444,9.36296,13107.75556,154362.65556,397.66667,12853.77778,4378.44444,992.48889,59.71111,655.22222,991.0,4741.98889,3014.86667,D62.a_8,713.75556,165.55556,45.67778,92.73333,3041.7,6.94444,1.0,5.95556,125.18889,827.06667,6.71111,175.61111,78.22222,4.02222,1.0,9.33333,3.77778,18.7,14.22222,D62.i_8
36634.56667,27331.43333,9706.67778,2127.96667,193260.8,218.68889,18.26667,18.15556,11072.86667,150707.21111,384.11111,11045.44444,4036.88889,927.82222,81.26667,561.0,734.44444,1102.76667,2477.64444,D62.a_9,749.75556,200.77778,62.01111,121.17778,3052.7,1.0,1.0,3.73333,127.74444,790.51111,7.6,189.94444,88.0,5.13333,1.0,11.88889,1.88889,11.50741,14.11111,D62.i_9
44032.94444,43239.33333,12037.03333,1016.44444,146606.41111,1785.66667,35.15556,41.57037,8459.84444,319808.18889,30.86667,858.22222,124.81111,1555.04444,1.0,85472.55556,1944.28889,268.7,75693.84444,D63.a_0,1465.43333,608.55556,146.12222,39.25926,3622.64444,102.08889,1.0,2.11111,298.33333,3043.57778,1.21481,55.11111,2.66667,14.26667,1.0,1270.57778,18.22222,3.3,683.0,D63.i_0
43595.61111,42480.88889,13128.92222,1093.66667,147328.18889,1347.55556,38.04444,41.76296,8072.73333,312092.52222,28.08889,817.33333,105.36667,1558.48889,1.0,84871.77778,1896.51111,285.92222,71450.4,D63.a_1,1481.21111,601.66667,147.34444,51.40741,3519.2,76.8,1.0,2.11111,251.11111,2886.35556,1.20741,48.0,5.77778,11.71111,1.0,1165.02222,15.22222,2.93333,603.11111,D63.i_1
42990.72222,41718.11111,13150.36667,1178.77778,140886.41111,2357.11111,38.6,28.68148,7969.4,308294.96667,25.64444,803.44444,107.58889,1562.82222,1.0,83329.77778,1905.62222,283.03333,69441.4,D63.a_2,1452.87778,614.66667,141.78889,38.62963,3576.75556,60.35556,1.1037,5.44444,285.33333,2739.35556,1.1037,41.0,2.0,8.04444,1.0,1183.91111,9.44444,3.95556,634.55556,D63.i_2
42387.94444,41974.55556,13951.58889,1122.11111,140496.74444,1575.77778,42.04444,53.23704,7821.62222,302540.3,25.2,769.22222,117.7,1516.26667,1.0,80411.66667,2073.84444,279.58889,68539.73333,D63.a_3,1409.43333,548.11111,131.45556,29.77778,3359.08889,107.82222,1.0,4.33333,265.0,2582.46667,1.1037,46.0,5.22222,8.26667,1.0,1070.35556,8.44444,4.62222,558.33333,D63.i_3
37306.83333,38172.0,12499.14444,843.55556,124302.52222,1269.33333,40.82222,40.45926,7672.4,292059.52222,24.53333,806.11111,121.25556,1437.6,1.0,81015.66667,2081.95556,281.36667,67674.73333,D63.a_4,1422.87778,508.66667,139.12222,52.25926,3487.86667,44.28889,1.0,5.44444,240.66667,2419.57778,1.20741,38.22222,4.55556,7.93333,1.0,1019.46667,9.44444,3.05556,508.55556,D63.i_4
36538.16667,36963.77778,11450.58889,833.22222,122826.18889,1469.0,37.26667,29.0963,7461.95556,284763.52222,24.42222,745.66667,100.58889,1426.6,1.0,77311.55556,1899.62222,242.81111,63194.51111,D63.a_5,1437.43333,564.33333,140.01111,19.55556,3426.64444,75.42222,1.1037,6.66667,240.22222,2288.8,1.1037,44.55556,5.66667,9.82222,1.0,1052.8,7.55556,4.28889,558.44444,D63.i_5
36152.38889,36716.66667,11340.36667,810.0,121009.74444,1380.33333,29.71111,37.82222,7362.4,278159.3,27.31111,749.0,105.7,1381.15556,4.22222,75049.88889,2030.4,202.81111,62909.95556,D63.a_6,1384.1,545.88889,132.12222,90.07407,3497.2,175.71111,1.1037,5.44444,217.88889,2152.24444,1.32593,44.66667,4.11111,7.15556,3.15556,928.46667,13.33333,3.96667,507.55556,D63.i_6
36042.05556,36415.33333,11479.03333,972.55556,120442.07778,1374.22222,34.71111,28.68148,7322.95556,267578.3,25.53333,778.55556,100.14444,1373.15556,1.77778,74990.33333,1754.84444,231.81111,62946.51111,D63.a_7,1161.1,473.44444,123.01111,44.59259,2886.31111,69.55556,1.0,2.11111,245.77778,2016.46667,1.31111,45.55556,3.66667,8.82222,1.0,873.68889,13.22222,3.28889,472.77778,D63.i_7
33065.5,32563.11111,10198.7,789.44444,110154.07778,1006.44444,29.48889,16.0963,6733.62222,252172.85556,21.86667,638.22222,70.7,1299.37778,1.77778,67426.44444,1836.17778,186.14444,57415.4,D63.a_8,1261.1,404.88889,125.9,102.96296,3008.08889,50.86667,1.1037,6.55556,205.88889,1916.35556,1.0,34.11111,3.55556,6.60741,1.0,794.24444,19.44444,4.75556,423.0,D63.i_8
30827.16667,29698.0,9315.03333,727.33333,104351.3,809.44444,26.82222,12.73333,6392.06667,240584.96667,21.42222,555.0,70.92222,1180.71111,1.77778,64919.0,1649.95556,150.81111,55896.84444,D63.a_9,1319.76667,427.11111,128.01111,38.51852,3154.75556,52.97778,1.1037,7.66667,222.11111,1864.02222,1.0,34.44444,3.33333,5.82222,1.0,859.02222,8.66667,3.95556,451.88889,D63.i_9
15987.33333,41265.17778,19056.62222,1366.97778,95319.2,793.0,16.66667,7.17778,9390.86667,155256.9,369.88889,18918.92222,5965.64444,994.6,72.88889,271.13333,796.66667,1093.97778,3458.95556,D64.a_0,462.22222,235.72222,105.1,72.06296,1381.98889,87.9,1.0,2.11111,63.81111,1059.9,1.52593,283.53333,46.06667,4.77778,1.0,4.48889,5.66667,9.93333,25.68889,D64.i_0
15141.0,38760.17778,20611.28889,1580.86667,98799.53333,353.33333,14.44444,14.77778,9530.86667,138644.67778,437.66667,17908.7,7038.64444,899.15556,74.66667,255.8,863.0,1063.42222,2742.62222,D64.a_1,418.66667,239.5,99.65556,52.02222,1351.21111,47.55185,1.0,3.22222,57.25556,918.12222,1.75556,274.08889,36.95556,4.66667,1.0,4.93333,5.66667,10.5,20.02222,D64.i_1
13889.44444,36083.51111,21052.84444,1529.42222,85601.08889,380.11111,13.33333,16.2,8769.53333,130671.34444,393.11111,16818.92222,5992.64444,775.93333,66.0,239.35556,658.33333,1251.86667,2610.28889,D64.a_2,495.33333,287.05556,134.98889,77.28519,1581.1,256.34444,1.0,3.22222,86.58889,876.12222,1.31111,254.64444,27.4,5.77778,1.0,4.95556,3.77778,16.35556,31.46667,D64.i_2
12094.77778,34868.28889,18180.4,1181.2,69437.86667,561.0,20.55556,23.86667,6893.64444,125265.34444,221.66667,15134.03333,3678.42222,1104.6,35.55556,307.57778,625.66667,903.31111,2677.28889,D64.a_3,453.77778,242.72222,108.1,59.68889,1316.98889,290.37778,1.0,4.33333,64.36667,818.67778,1.97778,256.97778,34.20741,4.11111,1.0,6.51111,3.88889,14.93333,12.00741,D64.i_3
11912.77778,34872.06667,17703.84444,1153.08889,66008.2,488.88889,24.88889,23.06667,6340.31111,120192.78889,185.44444,15097.14444,3218.42222,1156.37778,37.33333,268.8,741.33333,844.08889,2969.95556,D64.a_4,467.22222,300.38889,115.43333,101.81111,1520.54444,78.32963,1.0,7.66667,58.03333,803.01111,1.74815,349.53333,33.95556,5.77778,1.0,10.6,1.0,9.7,20.57778,D64.i_4
11507.44444,34228.17778,18881.84444,1372.2,63267.97778,209.66667,21.55556,18.71111,6098.64444,113408.12222,160.77778,14371.81111,2858.64444,1139.15556,32.22222,287.91111,767.88889,608.53333,2469.73333,D64.a_5,481.22222,245.83333,114.98889,14.78889,1517.65556,121.55185,1.0,6.55556,61.92222,735.12222,2.3037,240.53333,33.62222,5.55556,1.0,3.04444,2.77778,7.67778,21.02222,D64.i_5
11299.11111,32903.4,17043.06667,1191.64444,60635.75556,454.11111,17.77778,15.57778,5712.97778,108698.01111,139.77778,13774.58889,2465.53333,1044.37778,32.11111,321.02222,755.11111,698.75556,2971.51111,D64.a_6,441.44444,233.38889,107.54444,26.64815,1410.87778,193.93333,1.0,1.0,59.03333,714.23333,1.31852,223.08889,30.84444,4.88889,1.0,3.04444,12.44444,6.81111,16.22963,D64.i_6
11672.44444,33448.51111,20028.4,1085.86667,67991.64444,343.11111,14.33333,18.71111,6300.97778,103349.23333,218.11111,13796.92222,3616.31111,920.82222,38.44444,275.13333,752.22222,721.08889,2383.84444,D64.a_7,475.44444,231.61111,116.1,34.31481,1346.76667,42.58519,1.0,3.22222,61.36667,714.23333,2.62222,233.53333,31.73333,4.66667,1.0,5.84444,6.55556,7.35556,17.67407,D64.i_7
10905.44444,31645.17778,18159.51111,977.64444,60655.31111,380.11111,15.0,16.08889,5627.2,99511.56667,152.22222,12830.47778,2370.64444,1005.48889,23.66667,354.35556,799.77778,640.75556,3161.95556,D64.a_8,398.66667,187.16667,93.1,51.91111,1156.87778,31.6,1.1037,3.22222,52.7,682.9,1.53333,192.86667,20.57037,4.11111,1.0,4.95556,3.77778,9.37778,28.57778,D64.i_8
8924.55556,29460.95556,15406.62222,1047.08889,49834.2,234.11111,14.22222,13.55556,5016.97778,95637.67778,105.55556,12076.36667,1908.97778,993.04444,14.44444,302.24444,652.33333,513.97778,3423.84444,D64.a_9,431.77778,237.72222,101.54444,65.31481,1328.54444,172.88519,1.0,4.33333,53.36667,629.9,2.74074,210.53333,23.62222,3.77778,1.0,5.24444,2.77778,10.91111,16.24444,D64.i_9
22651.54444,55882.75556,5346.37778,686.85556,46103.74444,697.24444,22.88889,19.40741,932.43333,373063.3,60.11111,19794.68889,1371.28889,624.26667,5.02222,866.11111,514.66667,4767.3,1639.42222,D65.a_0,1492.68889,1222.55556,114.35556,101.18889,2604.47778,149.77778,1.0,10.2963,21.56667,9727.83333,1.85185,626.22222,38.22222,15.88889,1.0,11.64444,11.93333,56.9,31.35556,D65.i_0
22054.65556,56129.42222,6136.93333,684.07778,50732.63333,656.02222,28.66667,18.77778,904.43333,356948.41111,60.22222,19730.24444,1595.4,588.26667,4.88148,799.44444,585.77778,5386.07778,1650.97778,D65.a_1,1645.68889,1276.22222,128.68889,83.23333,2809.25556,144.0,1.56296,7.01481,25.9,7974.16667,2.39259,759.77778,30.77778,16.0,2.55556,15.24444,13.93333,56.23333,23.13333,D65.i_1
22079.98889,56898.08889,5749.37778,740.96667,52382.52222,588.35556,25.22222,12.48148,916.98889,345221.85556,63.22222,19628.57778,1424.73333,585.93333,3.99259,775.44444,586.88889,7480.18889,1584.08889,D65.a_2,1419.8,1046.0,196.46667,81.93333,2548.03333,246.66667,1.17037,4.00741,21.78889,6961.5,1.41481,658.33333,76.0,10.66667,1.0,19.13333,22.13333,50.45556,37.35556,D65.i_2
20652.32222,53550.64444,5083.6,772.18889,46359.74444,736.13333,15.77778,19.64815,921.65556,337172.18889,59.11111,19214.24444,1397.95556,550.37778,6.51852,763.22222,522.44444,6720.07778,1647.53333,D65.a_3,1534.46667,1305.55556,160.02222,69.04444,2736.25556,219.77778,1.08519,7.01481,18.45556,6442.16667,1.42222,679.44444,27.0,5.33333,1.77778,16.75556,27.36667,43.56667,30.91111,D65.i_3
18650.32222,53056.42222,4732.37778,743.52222,44775.3,539.13333,19.22222,6.7037,953.76667,325749.41111,61.88889,17711.68889,1515.73333,584.26667,1.74815,648.88889,495.0,19142.07778,1543.42222,D65.a_4,1590.02222,1396.66667,145.13333,111.41111,2822.36667,141.88889,1.39259,4.95556,26.45556,6053.72222,2.26667,685.0,28.0,13.0,1.0,21.6,9.27778,56.9,26.46667,D65.i_4
18966.54444,45792.75556,4338.37778,645.63333,40913.96667,499.91111,21.44444,10.14815,820.54444,316358.41111,60.88889,18580.68889,1294.06667,565.82222,4.91111,623.66667,485.77778,7964.3,1491.97778,D65.a_5,1521.91111,994.44444,176.02222,76.82222,3044.25556,246.66667,1.08519,6.06667,21.12222,5497.83333,1.20741,725.88889,37.44444,6.66667,1.77778,15.75556,16.58889,44.01111,25.46667,D65.i_5
18709.54444,51817.31111,4607.82222,655.96667,41867.96667,586.46667,16.11111,19.88889,816.54444,309888.41111,60.22222,17255.57778,1227.95556,576.48889,5.02222,655.77778,467.11111,6637.41111,1517.64444,D65.a_6,1540.02222,1320.77778,186.13333,49.9,2786.58889,92.44444,1.08519,4.00741,20.9,5219.83333,2.4,849.0,28.44444,7.55556,2.55556,26.86667,16.16667,54.67778,33.13333,D65.i_6
19333.43333,55557.2,4957.26667,733.18889,49807.63333,389.24444,24.22222,14.74074,976.98889,305582.18889,65.88889,18416.8,1410.4,591.37778,2.4963,677.77778,478.11111,10005.63333,1492.31111,D65.a_7,1515.8,1316.66667,169.91111,101.45556,2887.36667,386.44444,1.08519,1.0,19.23333,4999.27778,2.60741,706.55556,74.22222,4.33333,1.0,19.68889,17.47778,63.34444,27.68889,D65.i_7
22852.1,57353.31111,5507.93333,766.85556,50323.52222,522.68889,27.0,11.37037,886.98889,302584.18889,62.0,18496.35556,1273.06667,552.15556,2.63704,895.22222,589.0,3957.3,1652.97778,D65.a_8,1552.24444,1183.55556,147.68889,98.41111,2447.92222,172.66667,1.0,4.00741,21.9,4773.83333,2.84444,636.22222,52.77778,8.77778,1.0,15.71111,4.96667,52.78889,17.93333,D65.i_8
19073.65556,53713.08889,4410.82222,689.41111,45324.52222,455.02222,24.88889,10.90741,882.98889,299221.41111,62.88889,19120.57778,1492.73333,547.37778,5.77037,713.11111,499.0,9833.18889,1675.42222,D65.a_9,1315.46667,1009.77778,146.57778,84.6,2286.36667,275.33333,1.08519,2.8963,19.23333,4537.83333,2.07407,546.66667,25.55556,7.66667,1.0,17.2,24.82222,63.9,27.46667,D65.i_9
26945.58889,6671.66667,8801.3,2449.01111,71827.98889,258.88889,20.22222,28.38519,5167.14444,613157.07778,45.71111,1604.14444,837.92222,962.0,5.0,120.82222,395.9,117.56667,13641.6,D66.a_0,1723.94444,405.0,91.47778,66.94074,4020.45556,412.77778,1.0,4.33333,33.48889,2392.48889,1.11111,29.0,15.44444,5.33333,1.0,4.11111,7.77778,3.07407,8.47407,D66.i_0
21135.81111,5451.44444,9600.07778,2180.78889,61709.32222,104.77778,17.77778,30.71852,4202.36667,504739.3,41.04444,1330.58889,662.47778,809.88889,10.0,139.71111,338.34444,166.56667,11699.6,D66.a_1,1658.72222,219.11111,86.03333,71.28148,3948.01111,367.66667,1.20741,11.11111,32.82222,2198.6,1.22222,35.66667,15.33333,4.33333,1.0,6.22222,10.15556,7.40741,13.08889,D66.i_1
22860.7,5971.77778,8161.18889,1742.34444,58820.32222,119.11111,14.88889,29.07407,4735.03333,459227.3,53.48889,1237.7,879.25556,800.88889,3.44444,1581.15556,470.9,196.67778,9301.71111,D66.a_2,1757.38889,203.88889,91.36667,55.83704,4312.9,394.77778,1.1037,5.44444,27.26667,1931.15556,1.0,31.22222,12.0,4.22222,1.0,6.55556,12.02222,4.40741,12.31111,D66.i_2
24306.36667,6147.66667,6999.3,1512.78889,60120.76667,92.44444,13.11111,13.96296,4767.47778,439187.96667,55.71111,1196.36667,944.25556,779.77778,2.66667,1914.26667,369.9,164.34444,8383.71111,D66.a_3,1719.83333,157.33333,78.25556,62.71111,4405.01111,244.55556,1.1037,3.22222,19.93333,1779.15556,1.0,30.77778,17.33333,5.55556,1.0,2.11111,14.28889,3.55556,9.80741,D66.i_3
19338.58889,5503.11111,7890.07778,1827.45556,56934.98889,143.77778,18.22222,25.93333,3885.81111,414415.18889,39.71111,1098.14444,764.25556,710.77778,2.66667,1346.48889,312.56667,159.9,8723.48889,D66.a_4,2110.16667,240.22222,95.81111,51.60741,5349.01111,279.33333,1.0,5.44444,28.48889,1637.48889,1.0,24.22222,13.0,7.55556,1.0,4.33333,11.77778,2.25926,9.02963,D66.i_4
21594.14444,5610.33333,5310.63333,1399.23333,52255.54444,160.44444,15.77778,17.94074,4416.7,388738.96667,51.15556,1006.58889,929.7,707.77778,9.33333,452.04444,330.56667,122.23333,6494.82222,D66.a_5,1755.38889,188.44444,71.81111,39.51111,4603.45556,723.44444,1.1037,6.55556,19.82222,1532.71111,1.11111,29.44444,8.77778,3.33333,1.0,5.0,5.26667,1.62963,8.74815,D66.i_5
22101.36667,5643.88889,5586.85556,1125.9,50652.98889,113.11111,12.44444,22.60741,4418.92222,373305.85556,52.04444,995.58889,880.47778,699.77778,6.77778,1270.26667,247.34444,161.01111,6515.6,D66.a_6,1427.38889,134.11111,60.92222,17.3037,3391.23333,293.88889,1.0,2.11111,22.26667,1474.82222,1.44444,22.0,10.88889,4.44444,1.0,2.88889,4.26667,3.55556,11.64444,D66.i_6
18182.92222,4524.44444,7366.07778,1296.01111,47162.76667,133.66667,13.0,23.94815,3502.58889,358602.96667,49.04444,924.81111,685.7,618.0,7.66667,914.37778,311.56667,169.56667,7441.04444,D66.a_7,2024.83333,352.22222,133.25556,35.28148,5449.45556,567.22222,1.0,1.0,19.93333,1411.6,1.0,23.22222,11.77778,5.33333,1.0,4.77778,10.53333,2.88889,6.24444,D66.i_7
17954.25556,4755.66667,6231.18889,1319.45556,42136.76667,72.22222,10.88889,25.93333,3633.81111,339318.18889,37.6,902.25556,724.81111,640.77778,7.55556,138.6,239.45556,147.67778,6517.48889,D66.a_8,1417.72222,213.88889,72.03333,47.28889,3586.67778,263.0,1.0,4.33333,22.71111,1354.15556,1.11111,19.0,10.77778,3.22222,1.0,2.44444,6.26667,5.96296,5.6963,D66.i_8
18784.92222,4632.66667,5072.85556,906.56667,44177.76667,248.55556,11.11111,21.4963,3598.92222,321927.41111,47.04444,860.14444,787.36667,599.11111,14.22222,363.71111,228.56667,155.01111,5954.37778,D66.a_9,1476.72222,114.88889,80.7,77.27407,3566.56667,291.77778,1.20741,6.55556,23.15556,1333.26667,1.0,24.66667,13.55556,6.88889,1.0,2.44444,6.02222,3.92593,8.14074,D66.i_9
25465.44444,9281.02222,38190.33333,1666.72222,24971.77778,181.57778,17.0,57.02222,6350.83333,478603.48889,709.66667,13012.55556,7012.55556,2405.42222,45.08889,120.95556,249904.77778,4139.87778,2292.86667,D67.a_0,415.08889,138.22222,315.1,50.86667,289.07778,191.0,1.0,2.07037,39.06667,2820.44444,3.21481,96.88889,36.84444,2.88889,1.0,4.15556,6.66667,16.61111,10.88889,D67.i_0
22741.22222,8681.68889,37795.88889,1971.16667,23035.55556,362.35556,14.0,40.36296,5845.05556,443081.48889,756.11111,12349.44444,7769.66667,2760.31111,51.2,133.73333,240313.44444,4259.54444,2297.75556,D67.a_1,440.31111,133.22222,351.43333,76.53333,317.07778,926.77778,1.0,5.32222,46.84444,2678.55556,3.45185,91.55556,40.73333,4.11111,1.0,4.59259,11.55556,23.5,12.77778,D67.i_1
20011.44444,7899.35556,34292.33333,1514.83333,19918.11111,302.91111,10.11111,34.19259,5255.16667,392318.71111,668.22222,10696.44444,6164.55556,2793.86667,46.86667,129.73333,182504.44444,4375.98889,1919.75556,D67.a_2,421.2,71.44444,310.76667,53.31111,296.74444,312.33333,1.0,8.72593,49.84444,2610.66667,4.08889,88.66667,42.73333,3.0,1.0,3.43704,6.77778,23.7037,9.0,D67.i_2
18588.33333,7542.35556,30847.77778,1612.72222,18965.0,247.35556,10.66667,36.52593,5057.05556,356817.82222,585.33333,9870.33333,5744.0,2481.2,32.2,126.73333,171878.88889,3847.76667,1765.97778,D67.a_3,418.42222,88.66667,311.76667,89.31111,287.96667,199.33333,1.0,4.25185,41.51111,2548.0,3.31111,91.55556,33.62222,4.11111,1.0,3.42963,19.55556,17.27778,13.88889,D67.i_3
16163.88889,6697.02222,31627.88889,1651.38889,17257.33333,193.91111,10.44444,53.57778,4463.5,328820.04444,670.55556,9423.0,6160.77778,2875.53333,27.86667,124.95556,291301.33333,3047.54444,1788.42222,D67.a_4,417.64444,81.44444,311.43333,58.53333,279.3,123.33333,1.0,2.07037,38.28889,2495.0,4.08889,104.11111,37.95556,3.0,1.0,2.81481,2.77778,22.16667,8.88889,D67.i_4
16453.22222,6225.46667,26320.33333,1396.16667,16302.22222,97.6,10.33333,31.74815,4265.5,311365.71111,401.44444,9005.0,4597.0,1774.53333,17.93333,90.73333,182645.55556,2284.1,1488.64444,D67.a_5,424.64444,109.0,441.54444,38.46667,286.52222,147.77778,1.1037,5.32222,48.06667,2416.44444,2.54815,87.66667,33.17778,2.33333,1.0,7.47407,8.55556,18.38889,11.77778,D67.i_5
14981.77778,6074.24444,31091.0,1618.05556,15633.11111,152.91111,10.77778,36.41481,4160.72222,298878.04444,582.33333,9029.77778,5829.33333,2661.97778,46.86667,138.73333,256127.55556,2962.21111,1642.42222,D67.a_6,415.75556,144.44444,295.65556,33.35556,275.18889,269.22222,1.0,2.07037,38.73333,2348.55556,2.35556,102.33333,31.62222,2.66667,1.0,3.7037,9.55556,17.72222,11.88889,D67.i_6
14262.44444,5674.8,25699.44444,1612.72222,15225.44444,155.02222,9.77778,36.41481,4029.94444,285847.48889,393.77778,8539.66667,3910.33333,1879.64444,18.62222,87.95556,188836.88889,2360.43333,1522.42222,D67.a_7,428.31111,69.55556,360.65556,82.77037,278.63333,164.44444,1.1037,5.47407,44.73333,2343.33333,3.78519,85.44444,43.62222,3.22222,1.0,2.98519,9.55556,25.83333,11.77778,D67.i_7
14821.66667,5883.8,26144.22222,1411.61111,15338.88889,198.13333,9.66667,34.91111,4089.72222,276384.37778,440.77778,8359.11111,5652.44444,2027.64444,25.8,119.28889,216117.88889,2778.65556,1524.08889,D67.a_8,446.53333,95.77778,307.98889,55.45185,292.18889,357.44444,1.0,6.43333,41.28889,2270.22222,3.1037,102.33333,36.95556,3.22222,1.0,3.16296,9.55556,17.72222,11.77778,D67.i_8
13849.0,5600.8,23959.66667,1285.16667,14542.11111,138.71111,10.11111,22.41481,3772.94444,263450.93333,328.22222,7858.33333,2877.55556,2006.2,23.42222,114.4,200696.33333,2642.87778,1291.08889,D67.a_9,452.31111,96.55556,353.1,59.54815,303.07778,258.88889,1.1037,5.36296,49.28889,2249.33333,3.21481,92.11111,35.51111,4.0,1.0,1.71852,12.55556,17.38889,12.0,D67.i_9
22315.83333,3936.88889,33079.1,4727.23333,19402.32222,275.33333,29.66667,46.23704,1424.7,349613.38889,8.66667,686.16667,181.73333,5879.0,2.43704,1754.84444,807807.77778,71.44444,3296.24444,D68.a_0,374.93333,16.22222,278.4,71.06667,246.87778,24.93333,1.1037,4.0963,29.58889,2549.68889,1.0,16.68889,8.93333,1.2,1.0,5.11111,4.66667,3.28148,14.28889,D68.i_0
21010.16667,3851.55556,34526.87778,5346.9,19588.43333,222.0,23.88889,51.82222,1357.92222,333152.72222,11.66667,648.61111,195.62222,6647.0,3.87407,1676.73333,826674.66667,104.44444,3616.46667,D68.a_1,371.82222,33.33333,278.84444,56.5963,264.87778,16.35556,1.20741,2.98519,23.47778,2392.35556,1.0,8.4,5.51852,1.3,1.0,2.77778,4.77778,4.31111,10.73333,D68.i_1
20206.05556,3637.11111,33258.43333,5070.45556,17833.65556,186.88889,24.66667,70.48889,1316.81111,321950.94444,9.0,610.61111,202.95556,6071.22222,3.32593,1590.73333,731015.0,49.77778,3389.46667,D68.a_2,326.71111,15.55556,227.4,82.15185,213.98889,116.28889,1.0,1.99259,25.14444,2303.57778,1.11111,19.91111,5.98519,2.15556,1.0,3.22222,1.0,2.17037,9.68889,D68.i_2
19255.72222,3546.11111,31725.32222,5003.56667,18120.65556,187.0,22.11111,54.26667,1299.25556,315255.16667,11.0,626.27778,198.51111,5836.11111,1.71852,1567.73333,818724.55556,58.22222,3240.02222,D68.a_3,299.37778,19.11111,209.95556,73.01481,215.98889,35.4,1.0,5.20741,21.7,2230.35556,1.11111,14.73333,4.88148,1.63333,1.0,1.0,2.88889,1.5037,12.73333,D68.i_3
18409.38889,3391.22222,31188.32222,4967.34444,16959.87778,221.77778,22.11111,54.34815,1222.92222,303757.61111,11.11111,574.72222,159.73333,6403.11111,3.15556,1574.84444,801147.33333,47.11111,3089.8,D68.a_4,325.82222,21.33333,239.84444,56.5963,204.76667,24.93333,1.1037,1.99259,20.36667,2151.13333,1.0,12.04444,4.15556,1.0,1.0,5.77778,15.22222,3.00741,10.17778,D68.i_4
18157.61111,3420.66667,30968.54444,4946.78889,16224.54444,154.11111,22.33333,52.01481,1217.14444,294279.38889,11.22222,544.5,164.28889,5961.22222,1.71852,1501.28889,813248.55556,59.55556,3062.13333,D68.a_5,328.6,27.11111,240.06667,81.54444,214.1,20.46667,1.0,6.42963,27.92222,2051.91111,1.0,12.82222,4.13333,1.85556,1.0,2.11111,4.66667,1.83704,10.28889,D68.i_5
17882.61111,3218.22222,31363.98889,4758.34444,16031.32222,203.33333,19.77778,54.15556,1162.47778,287202.27778,12.88889,564.5,165.84444,5767.44444,1.71852,1441.95556,725433.44444,56.77778,2958.13333,D68.a_6,300.26667,13.22222,210.4,73.01481,194.32222,28.8,1.1037,3.97778,23.7,1957.91111,1.0,10.15556,4.79259,1.72222,1.0,3.33333,15.33333,2.36296,6.82222,D68.i_6
16821.27778,3083.66667,30846.54444,4639.56667,15558.21111,195.11111,21.55556,63.6,1183.7,282503.72222,12.11111,531.61111,174.17778,6305.11111,1.71852,1551.84444,782081.11111,70.11111,2993.46667,D68.a_7,303.6,23.22222,212.84444,73.01481,192.1,18.22222,1.1037,9.41481,23.14444,1947.02222,1.0,16.6,5.48889,1.42222,1.0,3.66667,8.55556,2.17037,8.02222,D68.i_7
17227.83333,3248.66667,29851.43333,4621.23333,15576.65556,189.0,20.33333,57.71111,1155.92222,272169.16667,10.33333,540.72222,169.73333,5965.33333,1.0,1417.51111,768033.44444,46.14815,2938.91111,D68.a_8,293.37778,12.33333,221.73333,71.92963,184.54444,65.2,1.1037,1.99259,20.03333,1883.8,1.11111,10.04444,2.54815,1.2,1.0,2.44444,2.88889,1.0,10.28889,D68.i_8
16043.27778,2970.55556,27619.76667,3999.12222,15371.21111,164.44444,21.0,49.48889,1118.7,264677.83333,10.66667,545.5,148.62222,5147.11111,1.0,1417.62222,735236.22222,69.88889,2406.13333,D68.a_9,286.26667,19.22222,215.28889,74.70741,199.54444,38.77778,1.1037,6.2,21.7,1836.8,1.11111,12.26667,5.37778,1.63333,2.66667,4.0,10.55556,2.94815,14.51111,D68.i_9
8291.2,2029.0,34047.16667,449.07778,18356.53333,2285.22222,62.66667,177.34444,600.88889,102546.66667,12.72222,586.04444,90.3,282.12222,1.0,465.0,858.11111,85.74444,5021.77778,D69.a_0,392.67778,63.44444,112.13333,55.04444,514.51111,341.0,1.11111,4.33333,10.32222,1912.28889,1.1037,11.93333,1.66667,2.66667,1.0,5.51111,5.66667,4.2,20.31111,D69.i_0
8143.2,1819.88889,33381.61111,498.18889,17989.86667,1962.33333,65.88889,154.12222,601.0,99583.22222,15.61111,593.93333,98.52222,286.01111,1.0,498.0,1823.22222,91.96667,4839.77778,D69.a_1,399.9,45.22222,107.91111,79.45556,477.95556,378.11111,1.33333,5.44444,11.98889,1755.28889,1.1037,10.15556,4.44444,3.55556,1.0,7.84444,9.66667,6.8963,25.75556,D69.i_1
7984.2,1955.22222,34978.5,384.74444,17354.2,1750.55556,72.55556,208.01111,588.88889,97669.22222,16.38889,574.15556,101.85556,256.78889,1.0,511.77778,1408.77778,89.3,4805.88889,D69.a_2,385.45556,72.66667,122.8,49.44074,512.62222,226.22222,1.11111,4.33333,14.54444,1634.28889,1.0,7.93333,2.77778,3.22222,1.77778,3.91111,7.66667,2.00741,25.54815,D69.i_2
7876.31111,2092.77778,36178.16667,472.52222,21760.31111,2005.22222,81.11111,193.78889,588.77778,94565.0,14.83333,526.26667,102.85556,273.56667,2.66667,471.44444,1166.22222,128.63333,4853.22222,D69.a_3,433.9,52.44444,107.8,82.88519,594.73333,205.33333,1.22222,12.11111,13.27407,1576.84444,1.0,9.48889,3.66667,2.77778,1.0,4.22222,7.66667,5.53333,23.2,D69.i_3
7494.53333,1975.55556,37357.38889,420.74444,18024.31111,3166.77778,63.66667,166.78889,544.22222,92465.33333,16.5,508.82222,103.3,274.12222,3.44444,436.22222,1298.0,95.85556,4712.88889,D69.a_4,372.67778,51.44444,106.24444,49.05926,485.28889,92.33333,1.11111,8.88889,11.54444,1492.4,1.1037,7.51111,3.66667,2.22222,1.0,7.28889,6.55556,4.45185,18.42222,D69.i_4
7313.31111,2022.0,39205.05556,413.18889,18434.31111,1400.88889,71.88889,197.67778,570.22222,90244.55556,15.61111,511.04444,102.07778,271.56667,1.77778,508.66667,1136.55556,93.52222,4809.66667,D69.a_5,432.67778,45.44444,123.8,52.48889,546.4,180.77778,1.11111,7.66667,14.43333,1460.95556,1.1037,10.68889,5.55556,2.55556,1.0,4.33333,21.11111,4.64444,21.97778,D69.i_5
7818.31111,1802.66667,41650.61111,547.07778,16749.53333,1672.33333,68.55556,160.9,561.11111,88183.77778,11.83333,500.37778,103.3,282.34444,1.0,466.22222,1518.22222,114.63333,4709.22222,D69.a_6,369.56667,33.44444,108.13333,51.9963,441.95556,141.88889,1.0,6.55556,14.98889,1393.06667,1.32593,7.84444,6.55556,1.66667,1.0,3.48889,5.77778,5.1037,21.86667,D69.i_6
6938.31111,1772.33333,37401.5,400.07778,18488.53333,2273.11111,59.22222,182.12222,519.88889,85755.55556,10.5,523.04444,106.63333,245.9,1.77778,481.33333,1205.77778,82.74444,4545.88889,D69.a_7,312.23333,42.22222,111.68889,29.37778,381.28889,98.66667,1.11111,7.77778,11.65556,1382.62222,1.1037,7.31111,4.44444,2.0,1.0,5.22222,6.77778,3.74074,20.53333,D69.i_7
7173.97778,1779.33333,39446.27778,441.3,17162.86667,2355.22222,56.77778,205.56667,516.66667,84016.88889,13.83333,491.26667,92.41111,217.01111,1.0,439.77778,1434.55556,96.18889,4538.55556,D69.a_8,366.67778,42.22222,95.46667,64.9963,431.95556,84.11111,1.0,2.11111,14.98889,1299.06667,1.1037,5.95556,4.77778,1.88889,1.0,4.2,4.55556,2.96296,24.86667,D69.i_8
6775.53333,1756.11111,36333.94444,431.18889,16468.64444,1787.44444,70.11111,203.34444,510.55556,82249.77778,13.94444,496.15556,89.3,263.34444,1.0,492.0,875.22222,63.3,4532.33333,D69.a_9,393.67778,61.44444,97.35556,42.15556,471.62222,162.44444,1.33333,6.55556,10.21111,1299.06667,1.0,5.86667,2.44444,1.44444,2.55556,4.93333,5.77778,1.5037,20.86667,D69.i_9
1270.36667,558.22222,8118.62222,1019.78889,20189.2,240.44444,7.33333,6.31111,67.63333,46282.91111,78.82222,288.55556,21.11111,179.26667,1.0,508.33333,107.77778,191.82222,6117.8,D7.a_0,100.92222,56.44444,226.64444,75.39259,799.44444,498.13333,1.0,1.8,12.14444,952.92222,10.77778,29.84444,7.11111,1.11111,1.0,7.66667,10.55556,2.95926,216.64444,D7.i_0
1195.47778,565.33333,8109.28889,1324.34444,19024.86667,234.22222,9.55556,8.37037,61.18889,45196.57778,78.6,288.55556,20.55556,157.71111,1.71852,484.33333,121.66667,203.37778,5688.8,D7.a_1,75.03333,60.66667,282.08889,73.27407,674.66667,295.04444,1.0,8.64444,9.47778,842.7,11.11111,23.73333,7.55556,2.11111,1.0,18.0,6.55556,1.54815,187.64444,D7.i_1
1144.25556,606.44444,8211.62222,952.78889,19202.31111,273.22222,7.11111,19.54074,54.52222,44198.46667,68.6,275.0,23.33333,183.37778,1.0,478.44444,163.33333,180.71111,5758.13333,D7.a_2,93.47778,42.22222,231.42222,124.06667,762.88889,841.46667,1.0,4.51111,13.25556,785.25556,9.11111,26.28889,5.83333,2.11111,1.0,9.0,8.33333,1.95926,192.08889,D7.i_2
1022.7,461.33333,7389.62222,963.12222,19188.31111,261.0,8.11111,8.56296,67.74444,43222.46667,59.6,253.11111,17.88889,156.15556,1.0,478.88889,180.11111,200.15556,6132.91111,D7.a_3,88.81111,79.66667,186.97778,68.05185,708.22222,245.24444,1.09259,4.93333,12.47778,717.36667,12.33333,26.51111,7.88889,1.22222,1.0,9.55556,5.66667,1.88148,189.86667,D7.i_3
1042.36667,457.22222,7311.51111,813.67778,18377.2,431.44444,8.22222,19.84444,54.41111,42362.57778,69.26667,291.88889,19.11111,134.71111,1.0,526.22222,188.88889,169.26667,5987.13333,D7.a_4,84.03333,57.44444,202.75556,80.5037,809.22222,461.26667,1.0,1.8,14.47778,701.7,11.77778,40.95556,7.22222,2.88889,1.0,14.77778,19.22222,2.68519,250.31111,D7.i_4
1053.25556,476.44444,7787.4,906.34444,17243.53333,281.44444,10.33333,9.67407,63.18889,41308.24444,66.37778,283.55556,16.55556,128.26667,2.43704,439.44444,120.77778,187.82222,6185.13333,D7.a_5,76.14444,70.66667,151.86667,73.48889,671.88889,440.84444,1.2037,5.73333,11.25556,654.36667,12.66667,30.28889,7.44444,1.11111,1.0,17.66667,23.22222,3.93333,166.42222,D7.i_5
1059.7,475.66667,7173.84444,960.45556,18668.86667,207.55556,4.11111,13.22963,48.07778,40270.02222,67.15556,253.77778,14.88889,131.04444,1.0,399.88889,141.55556,179.15556,5231.68889,D7.a_6,80.03333,36.33333,177.75556,90.94815,672.22222,249.46667,1.09259,3.71111,10.99259,622.36667,8.22222,32.57778,6.16667,1.22222,1.0,9.77778,4.55556,5.71111,164.86667,D7.i_6
1058.14444,452.11111,7597.95556,878.01111,16935.53333,369.77778,7.11111,6.31111,63.3,39378.13333,57.82222,256.33333,13.22222,159.71111,3.32593,437.55556,145.44444,168.82222,5522.02222,D7.a_7,67.81111,93.88889,115.64444,63.26667,589.77778,290.35556,1.0,3.71111,10.47778,622.36667,10.44444,24.95556,5.72222,1.11111,1.77778,4.77778,1.0,2.48889,213.42222,D7.i_7
1038.58889,483.33333,8018.84444,968.23333,17156.75556,187.0,9.22222,24.59259,65.41111,38382.13333,67.6,286.22222,15.44444,155.71111,1.71852,413.66667,168.33333,205.15556,6154.24444,D7.a_8,74.25556,29.22222,115.86667,88.28148,552.77778,334.06667,1.0,1.0,8.03333,591.03333,11.22222,40.06667,5.83333,1.11111,1.0,17.11111,5.77778,2.93333,186.08889,D7.i_8
1070.7,449.22222,7964.4,963.12222,17251.31111,556.55556,4.88889,23.56296,49.3,37459.57778,75.6,277.33333,13.0,144.71111,1.71852,406.33333,164.44444,208.26667,6626.02222,D7.a_9,84.14444,62.44444,143.53333,85.4,621.44444,243.35556,1.09259,1.8,8.14444,544.03333,10.77778,29.28889,6.83333,1.11111,1.0,10.33333,2.77778,4.26667,181.64444,D7.i_9
46548.6,3870.6,18447.9,3929.6,58848.72222,39.11111,43.44444,20.94444,2196.36667,1136622.52222,213.0,12737.92222,1441.66667,2407.15556,1.0,94.44444,364032.28889,4048.81111,2073.86667,D70.a_0,548.33333,23.86667,132.62222,37.1037,1359.33333,49.55556,1.0,1.0,11.88889,1791.32222,1.0,45.12222,8.33333,2.11111,2.55556,10.46667,12.75556,10.13333,21.04444,D70.i_0
47643.26667,3823.37778,19584.34444,4001.82222,52416.83333,57.77778,42.11111,19.11111,2005.03333,1014344.52222,191.33333,12542.25556,1017.66667,3453.48889,1.0,84.44444,482325.17778,3191.14444,2074.53333,D70.a_1,559.33333,27.86667,131.28889,32.02222,1336.44444,109.22222,1.1037,3.06296,13.33333,1534.21111,1.11111,44.9,14.77778,2.22222,1.77778,8.2,9.28889,5.22222,20.48889,D70.i_1
44065.6,3316.26667,17189.34444,3635.15556,52340.16667,23.22222,42.22222,12.77778,1671.25556,898196.3,164.0,11371.36667,958.66667,2994.26667,1.0,90.88889,406062.51111,3025.92222,2244.31111,D70.a_2,553.11111,20.04444,159.06667,30.59259,1456.22222,12.77778,1.1037,3.06296,16.11111,1397.76667,1.11111,55.78889,17.33333,3.88889,1.77778,12.86667,23.82222,10.82222,31.26667,D70.i_2
36618.71111,2952.71111,17990.78889,3315.04444,42230.27778,49.11111,29.0,16.33333,1266.47778,782895.74444,117.55556,9173.36667,611.0,4218.15556,4.22222,96.33333,553679.17778,1825.14444,1741.08889,D70.a_3,734.55556,44.73333,183.62222,44.68889,1841.11111,170.77778,1.1037,8.25185,17.33333,1288.1,1.0,39.67778,12.77778,3.66667,3.33333,12.85926,33.28889,7.91111,29.04444,D70.i_3
36755.15556,2838.71111,16067.01111,3235.04444,40696.72222,49.66667,31.0,11.55556,1256.81111,720910.52222,115.55556,9304.58889,635.0,3215.15556,1.77778,77.55556,484871.95556,1904.47778,1753.42222,D70.a_4,685.88889,48.73333,139.4,38.34074,1596.88889,136.0,1.0,5.12593,14.22222,1208.76667,1.22222,39.01111,12.66667,3.11111,1.77778,7.31111,8.28889,9.08889,19.26667,D70.i_4
34346.04444,2795.15556,16486.12222,3015.82222,38566.38889,41.11111,27.66667,13.61111,1217.47778,661436.74444,103.0,8178.14444,644.55556,3674.71111,1.0,99.22222,626735.95556,1788.7,1772.64444,D70.a_5,686.77778,39.68889,128.51111,49.99259,1561.22222,33.0,1.0,3.85556,17.33333,1166.98889,1.11111,26.57778,7.66667,1.88889,1.0,9.31111,8.28889,10.53333,22.48889,D70.i_5
29962.93333,2552.71111,15385.78889,2824.82222,33364.5,72.0,26.55556,13.61111,1040.92222,631222.3,99.66667,7460.92222,470.44444,3789.26667,1.0,117.88889,547163.84444,1455.03333,1643.42222,D70.a_6,678.66667,24.68889,194.62222,26.8,1622.88889,158.11111,1.31111,6.07778,16.0,1104.32222,1.0,54.67778,20.66667,3.77778,1.77778,17.08148,19.75556,8.42222,34.15556,D70.i_6
34420.82222,2570.71111,19123.34444,2956.37778,39521.38889,137.77778,28.22222,8.5,1297.81111,603265.85556,87.44444,8041.92222,400.33333,4684.15556,1.0,123.77778,688496.28889,1131.81111,2136.86667,D70.a_7,767.22222,60.13333,154.73333,26.71852,1740.88889,55.66667,1.21481,6.07778,13.66667,1046.87778,1.11111,35.9,11.88889,3.88889,2.66667,11.52593,6.46667,7.48889,23.15556,D70.i_7
32121.04444,2318.93333,17668.01111,2989.82222,37188.27778,80.22222,26.0,13.05556,1198.58889,579712.18889,92.55556,7608.47778,430.22222,4711.15556,1.0,134.22222,645134.06667,1172.81111,2024.53333,D70.a_8,705.77778,42.8,156.84444,21.60741,1566.55556,76.22222,1.20741,9.2037,15.66667,1020.76667,1.11111,41.56667,9.66667,1.88889,1.77778,10.08148,21.82222,11.82222,23.71111,D70.i_8
31898.6,2466.37778,17391.23333,2858.37778,36067.05556,84.55556,26.22222,10.11111,1183.36667,551222.74444,77.0,7484.58889,533.33333,4272.48889,1.0,134.77778,742468.62222,1388.47778,1767.97778,D70.a_9,700.66667,27.86667,156.4,33.25926,1599.66667,173.0,1.32593,8.41111,14.77778,1010.32222,1.0,37.12222,15.33333,2.77778,2.66667,6.75556,11.28889,5.13333,22.93333,D70.i_9
15307.34444,2146.33333,19507.2,4255.83333,33452.51111,305.88889,42.77778,10.0,757.87778,494077.83333,25.23333,22918.33333,1121.62222,7917.0,10.0,123.33333,750014.15556,6209.95556,6035.68889,D71.a_0,434.38889,83.37778,257.46667,105.20741,746.54444,440.38889,1.3037,6.08148,8.21481,4240.84444,1.0,60.81111,10.84444,5.77778,1.71852,4.6,103.33333,14.26667,29.44444,D71.i_0
13722.56667,1910.77778,19358.08889,4227.83333,30263.51111,154.11111,32.55556,2.11111,729.21111,450345.05556,24.45556,19881.22222,933.73333,6997.66667,11.0,116.88889,860026.15556,5436.62222,5488.91111,D71.a_1,398.72222,81.37778,237.57778,84.68148,731.76667,377.22222,1.3037,5.15926,11.99259,2908.4,1.0,84.14444,64.17778,8.77778,1.0,8.18519,92.22222,17.71852,32.88889,D71.i_1
12876.23333,1956.33333,19907.53333,4333.5,28489.17778,359.44444,32.66667,7.66667,655.98889,407441.72222,29.9,19902.55556,893.4,7143.33333,8.33333,117.44444,858736.37778,5399.84444,5319.91111,D71.a_2,434.61111,61.93333,299.02222,69.17778,769.65556,446.38889,1.0,14.4,8.64444,2363.4,1.20741,60.7,14.62222,23.22222,1.71852,8.23704,169.55556,15.82963,34.0,D71.i_2
10547.23333,1533.77778,14949.64444,3543.61111,24169.84444,256.77778,26.55556,9.88889,545.43333,363802.27778,22.45556,15978.77778,788.51111,4963.0,7.55556,101.88889,615752.6,4341.4,4794.35556,D71.a_3,412.27778,63.04444,284.02222,50.62963,724.43333,802.05556,1.19259,13.28889,13.1037,2090.73333,1.1037,58.7,21.31852,11.22222,1.0,8.82222,41.77778,21.26667,60.66667,D71.i_3
11397.34444,1730.11111,18655.31111,4328.5,24183.84444,275.33333,24.33333,13.33333,547.65556,347909.27778,22.67778,16185.88889,812.95556,6832.66667,5.88889,103.22222,763463.6,6432.84444,5527.02222,D71.a_4,373.61111,79.26667,267.91111,64.28889,693.65556,215.11111,1.20741,11.85926,7.65926,1812.84444,1.0,64.25556,14.65185,21.44444,1.0,7.68148,321.88889,18.71111,65.0,D71.i_4
11407.12222,1593.55556,20517.53333,4911.83333,25073.73333,162.33333,34.22222,18.88889,550.87778,332707.05556,15.12222,15644.22222,699.62222,8353.33333,5.0,86.33333,957362.48889,6460.95556,4661.91111,D71.a_5,433.83333,126.6,250.8,58.79259,1054.76667,1112.16667,1.0963,1.71481,15.53333,1644.73333,1.1037,104.58889,12.20741,6.66667,1.0,4.74074,205.11111,24.37778,29.11111,D71.i_5
10823.78889,1393.44444,17671.97778,3613.38889,22056.84444,213.88889,29.33333,15.66667,540.65556,307816.27778,18.45556,13198.0,662.84444,5700.66667,6.66667,85.66667,756193.6,5873.73333,5017.24444,D71.a_6,450.27778,77.64444,351.35556,59.17778,814.32222,436.27778,1.0,10.44815,18.08889,1534.51111,1.0,100.47778,22.20741,7.77778,1.0,4.88148,505.55556,22.15556,39.0,D71.i_6
9346.56667,1418.55556,16834.64444,3789.5,20226.28889,142.0,20.0,17.88889,465.98889,283634.72222,16.23333,12538.22222,633.4,6209.33333,4.33333,95.0,737326.48889,5053.62222,4081.24444,D71.a_7,403.61111,157.82222,349.02222,82.0963,721.32222,489.72222,1.0,6.58889,16.75556,1403.51111,1.0,30.47778,12.06667,4.11111,1.71852,3.24444,36.66667,13.27407,34.55556,D71.i_7
10803.23333,1786.66667,25692.42222,6761.5,23547.51111,334.77778,28.77778,32.88889,547.54444,268418.05556,14.9,10984.55556,518.73333,10767.88889,6.77778,111.44444,1249442.6,9316.95556,5874.68889,D71.a_8,346.27778,82.64444,270.68889,48.57037,682.76667,395.88889,1.19259,6.47778,10.08889,1325.17778,1.1037,51.47778,10.06667,7.55556,1.0,5.43704,31.22222,11.83704,33.22222,D71.i_8
10026.67778,1496.55556,24470.53333,7231.16667,20441.51111,283.55556,31.0,16.77778,494.43333,256880.61111,14.78889,10368.44444,558.4,10620.33333,5.88889,101.77778,1388546.82222,8487.84444,5226.46667,D71.a_9,390.83333,152.82222,248.68889,40.2963,665.54444,559.27778,1.0963,5.36667,13.86667,1225.06667,1.0,43.14444,8.20741,10.44444,1.0,4.2963,23.22222,10.73333,32.55556,D71.i_9
21595.87778,3376.11111,27301.7,11098.91111,16793.18889,166.44444,25.88889,427.0,1436.72222,352262.04444,62.66667,1075.66667,559.55556,3282.55556,5.88889,2954.95556,409.65556,162.57778,7754.08889,D72.a_0,564.02222,32.11111,223.0,99.15556,395.64444,569.02222,1.08889,6.94444,15.55556,1742.83333,1.11111,23.22222,6.44444,2.33333,1.0,1.66667,8.66667,6.77778,20.88889,D72.i_0
18918.76667,3306.22222,25553.7,13655.24444,15875.3,143.88889,23.11111,375.44444,1337.38889,325732.37778,50.11111,941.33333,532.22222,2578.0,5.88889,2870.17778,267.21111,144.8,7367.08889,D72.a_1,632.57778,23.11111,245.55556,70.45926,407.08889,533.95556,1.0,7.57407,14.55556,1627.5,1.11111,31.0,7.22222,2.66667,1.0,3.55556,7.77778,7.66667,18.33333,D72.i_1
18257.43333,3050.44444,21694.25556,12227.57778,15313.52222,147.88889,21.11111,325.33333,1251.05556,310393.71111,53.33333,906.33333,436.66667,2636.77778,6.66667,2673.4,220.65556,127.13333,7849.2,D72.a_2,654.46667,28.22222,202.0,42.23704,412.75556,59.02222,1.0,8.7963,15.55556,1365.38889,1.0,34.22222,9.66667,2.0,1.0,3.44444,5.66667,7.22222,16.11111,D72.i_2
18548.21111,3088.66667,24423.92222,13111.13333,16100.63333,135.44444,21.55556,321.88889,1314.94444,302245.15556,56.44444,897.66667,494.77778,2427.33333,5.0,2770.51111,198.76667,143.46667,7253.75556,D72.a_3,731.46667,15.55556,196.66667,83.45926,402.08889,69.82222,1.17778,10.5,13.0,1297.5,1.0,43.0,22.0,2.11111,1.0,2.11111,5.66667,6.44444,32.77778,D72.i_3
16977.32222,2941.11111,21187.81111,12323.8,15000.85556,211.66667,20.0,342.77778,1115.5,292895.26667,50.55556,834.88889,453.55556,2707.77778,5.11111,2362.84444,288.1,137.24444,7731.31111,D72.a_4,561.57778,23.11111,200.22222,23.98519,338.53333,153.68889,1.0,7.05556,15.22222,1223.5,1.0,17.44444,4.66667,1.77778,1.0,4.11111,4.66667,4.16667,14.33333,D72.i_4
16627.1,2746.77778,23682.14444,13493.35556,13981.74444,137.77778,23.77778,332.22222,1134.16667,283647.37778,47.77778,898.44444,441.88889,2738.0,1.77778,2882.28889,249.43333,128.24444,7086.75556,D72.a_5,497.57778,41.22222,189.22222,35.78519,352.31111,241.95556,1.0,10.14815,13.66667,1160.72222,1.0,17.33333,4.88889,3.33333,1.0,1.77778,3.77778,3.0,11.66667,D72.i_5
15987.98889,2853.11111,21630.58889,11288.8,13896.63333,328.77778,16.33333,285.55556,1139.61111,275082.04444,44.22222,847.55556,429.22222,2817.11111,5.88889,2298.95556,191.21111,111.13333,7287.42222,D72.a_6,579.68889,34.11111,169.0,45.01481,348.75556,120.97778,1.08889,9.90741,17.33333,1113.72222,1.0,25.77778,7.88889,3.55556,2.31852,3.55556,4.66667,4.22222,17.88889,D72.i_6
15123.43333,2907.77778,22101.36667,12649.91111,13472.63333,184.88889,18.55556,289.88889,1081.61111,266663.48889,41.22222,790.44444,423.88889,2484.44444,6.77778,2336.28889,3789.21111,116.02222,7117.2,D72.a_7,542.91111,22.33333,189.22222,55.37778,380.86667,110.82222,1.0,9.55556,14.55556,1040.61111,1.11111,29.66667,5.55556,2.11111,1.65926,2.11111,2.77778,5.61111,17.33333,D72.i_7
14178.43333,2788.44444,23152.36667,13609.02222,12777.41111,203.33333,18.44444,313.44444,1059.5,257915.48889,35.88889,765.55556,362.11111,2462.66667,4.22222,2550.06667,291.98889,124.91111,6871.75556,D72.a_8,675.57778,30.11111,156.77778,52.31852,317.08889,79.93333,1.08889,3.85185,15.55556,1024.94444,1.0,29.55556,18.33333,3.66667,1.0,1.0,7.66667,6.44444,21.11111,D72.i_8
14634.98889,2633.66667,21398.47778,10610.57778,12667.52222,316.44444,19.44444,286.77778,1051.05556,251947.15556,41.22222,761.11111,395.44444,2383.22222,5.88889,2590.51111,2069.32222,132.57778,6530.31111,D72.a_9,572.46667,48.33333,175.77778,23.62222,339.08889,55.73333,1.0,6.46296,14.0,967.16667,1.0,12.55556,4.77778,4.0,1.0,4.0,2.77778,1.88889,17.55556,D72.i_9
43234.54444,11729.11111,38517.97778,8654.02222,76895.72222,466.33333,39.93333,33.45926,4804.38889,1355205.76667,11.94444,411.8,487.77778,5185.55556,3.44444,66.02222,540.44444,94.24444,10634.0,D73.a_0,596.72222,70.26667,170.58889,88.73704,1440.91111,14.88889,1.0,7.42222,36.32222,3605.32222,1.0,8.95556,4.33333,18.6,1.0,2.11111,9.55556,4.66667,32.22222,D73.i_0
37764.21111,11154.11111,36008.31111,7286.68889,86190.94444,470.55556,52.93333,33.45926,4529.27778,1288785.54444,16.05556,442.68889,456.88889,4924.66667,4.33333,79.35556,549.22222,89.13333,11903.77778,D73.a_1,589.83333,81.86667,95.81111,25.31852,1569.8,17.11111,1.1037,2.02963,31.32222,3054.76667,1.0,6.92222,3.44444,22.15556,1.0,2.11111,7.55556,2.0,35.0,D73.i_1
36909.98889,10280.77778,35229.2,7766.8,85100.72222,287.55556,54.37778,39.15556,4287.5,1230356.76667,13.38889,399.91111,474.44444,4678.55556,7.44444,77.91111,591.88889,109.13333,11133.77778,D73.a_2,521.83333,57.95556,84.81111,50.18148,1208.8,15.0,1.0,6.31111,21.65556,2310.32222,1.0,8.51111,2.66667,14.6,3.44444,4.11111,7.66667,2.33333,19.55556,D73.i_2
31844.1,9655.44444,34032.2,10151.57778,71588.16667,121.44444,57.93333,37.0963,4082.61111,1164422.76667,13.05556,355.46667,409.11111,4320.11111,5.88889,74.68889,532.33333,106.57778,10680.77778,D73.a_3,995.5,65.26667,101.14444,32.29259,3130.02222,99.11111,1.0,2.02963,22.43333,1670.65556,1.0,51.17778,33.55556,9.6,1.0,2.11111,8.66667,4.11111,15.88889,D73.i_3
31358.65556,8893.77778,34715.64444,9989.8,73505.94444,304.0,67.71111,36.71111,4249.72222,1131266.76667,11.5,416.13333,416.77778,4422.77778,9.22222,93.13333,551.33333,104.91111,11790.88889,D73.a_4,1248.5,45.77778,82.03333,58.65185,3827.8,123.33333,1.21481,6.31111,16.65556,1360.98889,1.0,50.98889,30.77778,6.23704,3.33333,3.22222,4.66667,3.33333,10.55556,D73.i_4
29206.21111,8665.44444,32265.08889,8571.46667,65025.83333,92.55556,55.48889,41.37778,3852.27778,1096922.43333,12.83333,374.13333,368.66667,4524.11111,2.66667,81.13333,556.11111,109.02222,11409.33333,D73.a_5,858.27778,66.75556,77.25556,48.68519,2891.57778,27.33333,1.0,4.17037,18.32222,1093.76667,1.0,38.2,23.55556,5.34815,1.0,2.44444,7.44444,3.0,12.11111,D73.i_5
31633.87778,8792.77778,29851.64444,7710.91111,71840.72222,187.11111,37.48889,32.04444,3960.72222,1065061.87778,12.94444,313.91111,443.0,4435.44444,5.88889,71.46667,463.11111,116.13333,8906.22222,D73.a_6,854.72222,56.26667,82.47778,57.15556,2748.91111,72.22222,1.1037,5.28148,19.1,946.98889,1.0,64.76667,34.66667,5.04444,1.0,2.88889,4.77778,4.0,11.0,D73.i_6
26469.98889,7724.11111,29447.97778,7082.68889,66566.72222,152.11111,51.26667,22.9037,3544.27778,1045783.76667,9.94444,331.91111,393.66667,3967.0,1.0,71.91111,474.77778,87.46667,9687.11111,D73.a_7,1210.16667,39.73333,101.58889,93.84815,3896.35556,23.11111,1.0,5.11852,19.43333,784.43333,1.0,35.14444,15.0,6.15556,1.0,3.33333,4.66667,3.33333,11.66667,D73.i_7
28962.87778,8380.77778,27579.31111,8129.24444,70285.38889,254.77778,42.71111,34.57037,3704.72222,1016618.65556,10.74074,294.91111,377.22222,4002.88889,2.55556,61.46667,530.44444,88.8,10004.11111,D73.a_8,699.27778,36.42222,83.36667,61.57407,2043.46667,78.33333,1.1037,4.08889,23.54444,721.43333,1.0,13.06667,3.66667,11.82222,1.0,2.33333,7.66667,2.66667,14.88889,D73.i_8
28595.1,7173.0,31256.08889,8920.24444,58114.38889,176.88889,59.71111,28.6,3446.61111,980105.21111,10.61111,349.24444,333.77778,3857.11111,2.66667,67.35556,478.11111,89.57778,10915.66667,D73.a_9,1164.38889,25.93333,77.03333,89.65185,3953.68889,25.11111,1.1037,6.42222,16.43333,669.21111,1.0,36.84444,19.33333,5.82222,1.77778,2.88889,6.66667,3.77778,12.55556,D73.i_9
11963.62222,3223.22222,105016.55556,1007.56667,34090.11111,593.66667,46.55556,244.27778,1368.36667,256873.37778,38.18889,473.26667,180.0,1439.22222,4.52593,747.0,8793.17778,64.77778,23863.95556,D74.a_0,852.43333,44.02222,218.06667,32.42222,2465.88889,29.22222,1.62222,10.59259,22.83333,1598.22222,1.0,18.22222,3.33333,3.11111,1.77778,6.68889,72.04444,2.05926,99.13333,D74.i_0
11328.62222,2751.0,106069.0,966.23333,27566.77778,1208.0,55.11111,217.27778,1298.36667,242862.71111,30.96667,563.37778,157.0,1386.33333,1.65926,743.44444,8383.73333,50.55556,23497.73333,D74.a_1,807.1,52.24444,198.73333,33.82593,2292.88889,39.55556,1.2,9.56296,22.94444,1446.0,1.1,29.0,1.66667,3.55556,2.66667,2.82222,1.0,2.75556,91.57778,D74.i_1
10778.28889,2924.11111,91544.44444,747.01111,26027.0,988.11111,51.44444,150.5,1153.58889,231993.82222,26.74444,632.71111,149.44444,1372.55556,2.54815,654.11111,7633.4,53.11111,21852.84444,D74.a_2,838.1,45.48889,193.51111,25.90741,2566.44444,150.22222,1.2,7.25926,13.83333,1372.66667,1.0,14.44444,3.66667,3.88889,1.0,2.62222,6.46667,2.57407,82.35556,D74.i_2
9490.28889,2540.77778,93374.11111,801.23333,23261.11111,873.0,51.77778,199.83333,1022.36667,219445.37778,22.85556,517.04444,159.33333,1253.11111,2.97778,739.44444,9039.84444,64.0,21701.4,D74.a_3,775.65556,40.62222,189.84444,40.08889,2233.88889,37.55556,1.28889,3.14074,15.72222,1299.55556,1.0,12.77778,2.0,3.77778,1.77778,4.0,4.64444,3.17037,93.91111,D74.i_3
10397.73333,2711.55556,81077.44444,845.01111,23159.33333,622.55556,52.33333,164.5,1142.92222,206487.71111,21.41111,513.04444,146.11111,1256.0,1.65926,557.0,6431.17778,64.88889,23665.28889,D74.a_4,734.65556,43.02222,195.73333,40.2,2129.11111,72.11111,1.0,9.56296,19.27778,1242.0,1.1,18.44444,2.77778,4.88889,1.77778,6.13333,39.95556,2.39259,83.13333,D74.i_4
10045.84444,2417.11111,80411.88889,610.34444,21114.77778,542.44444,38.11111,227.83333,1185.7,199741.82222,23.85556,412.04444,186.55556,1144.88889,1.0,493.33333,3588.4,49.0,24320.95556,D74.a_5,689.32222,57.13333,196.95556,32.42222,2023.88889,39.33333,1.08889,8.45185,16.61111,1199.33333,1.0,13.88889,2.33333,5.22222,1.0,1.48889,4.28889,1.0,86.68889,D74.i_5
9236.62222,2368.77778,75590.88889,651.56667,20505.44444,587.66667,50.0,194.05556,1063.25556,194246.37778,21.52222,473.04444,174.88889,1225.44444,3.86667,589.11111,4516.4,72.77778,21908.95556,D74.a_6,659.87778,42.15556,208.4,20.7963,1750.77778,148.22222,1.17778,8.45185,17.5,1162.77778,1.2,13.88889,1.66667,2.66667,1.0,3.62222,4.64444,1.90741,88.68889,D74.i_6
9693.28889,2377.88889,80744.33333,728.9,21149.33333,938.88889,50.77778,172.83333,1017.36667,188944.82222,23.3,703.93333,158.44444,1268.66667,2.54815,617.22222,5776.51111,160.77778,19799.95556,D74.a_7,889.54444,57.24444,207.06667,36.12963,2592.0,216.0,1.0,6.22963,15.94444,1110.55556,1.1,17.55556,2.0,2.88889,1.77778,2.62222,8.46667,2.72593,79.46667,D74.i_7
8859.95556,2419.44444,82417.22222,612.9,16809.88889,515.77778,39.11111,228.05556,1022.36667,182727.48889,20.41111,562.15556,161.77778,1155.11111,2.97778,490.88889,3801.28889,144.0,21434.62222,D74.a_8,652.65556,32.8,187.17778,16.83704,1935.44444,47.55556,1.08889,9.56296,15.38889,1105.33333,1.0,9.66667,2.66667,2.77778,1.0,4.93333,1.82222,1.54444,100.46667,D74.i_8
9303.4,2547.66667,84378.55556,630.78889,20823.55556,786.88889,41.33333,217.38889,1055.92222,177910.26667,24.07778,669.71111,153.44444,1259.66667,1.65926,548.88889,6347.06667,145.33333,21960.62222,D74.a_9,697.76667,74.35556,202.17778,32.42222,2022.66667,186.88889,1.08889,9.67407,19.72222,1074.0,1.0,11.88889,3.0,3.66667,1.0,2.42222,2.82222,2.05926,77.24444,D74.i_9
29639.57778,3561.84444,83937.72222,1102.4,57767.54444,912.11111,48.77778,497.22222,3432.72222,471124.52222,112.27778,475.17778,240.22222,928.66667,1.0,967.28889,2492.45556,188.16667,16702.04444,D75.a_0,803.93333,68.66667,370.41111,71.91111,1757.27778,410.88889,1.0963,18.34815,48.13333,5279.41111,1.53333,32.82222,25.22222,12.22222,1.0,13.88889,37.88889,7.71111,133.48889,D75.i_0
30730.68889,3642.84444,96466.05556,1068.84444,58234.76667,928.55556,51.44444,531.11111,3447.94444,451901.41111,96.27778,520.84444,208.33333,851.22222,3.44444,888.17778,1877.01111,233.16667,15965.37778,D75.a_1,745.6,57.33333,320.52222,68.28889,1650.5,246.66667,1.0,24.12593,48.13333,4550.52222,1.54074,35.04444,24.0,9.11111,1.0,11.0,14.22222,6.35185,133.6,D75.i_1
25961.46667,3276.62222,83052.5,1135.73333,51773.54444,990.22222,41.33333,497.22222,2907.72222,436139.18889,108.83333,439.95556,195.88889,854.33333,3.44444,867.62222,1168.34444,221.72222,16363.82222,D75.a_2,735.04444,56.33333,317.74444,82.24444,1621.61111,431.44444,1.0,19.84444,55.35556,4240.96667,1.41481,36.26667,30.77778,12.66667,1.0,15.22222,32.11111,5.99259,133.82222,D75.i_2
21744.8,2864.73333,77884.16667,1187.4,48208.87778,1024.88889,36.66667,440.0,2574.05556,411674.41111,80.72222,454.4,188.11111,664.44444,2.66667,945.95556,1878.23333,197.5,14542.37778,D75.a_3,640.04444,60.66667,304.18889,82.35556,1358.27778,390.55556,1.0,5.28148,43.13333,3769.07778,1.42222,22.97778,15.55556,6.22222,1.6,11.44444,24.22222,4.90741,122.82222,D75.i_3
25159.35556,3211.73333,82992.38889,988.62222,51334.54444,830.0,35.66667,555.77778,2909.38889,393458.85556,96.27778,474.06667,210.22222,719.88889,5.11111,826.06667,1259.67778,193.61111,16943.71111,D75.a_4,753.93333,76.55556,326.85556,66.8,1582.5,386.11111,1.0963,22.82222,57.91111,3454.63333,2.62222,28.71111,24.0,10.11111,2.48889,15.11111,36.88889,2.38519,126.93333,D75.i_4
24976.68889,3016.4,69054.5,864.95556,52199.87778,803.22222,39.33333,486.55556,2897.5,377450.18889,89.83333,476.62222,161.33333,773.77778,2.55556,928.62222,1226.67778,142.5,16025.26667,D75.a_5,646.15556,58.44444,322.52222,50.82222,1426.72222,289.55556,1.3037,24.31852,46.46667,3060.85556,2.18519,26.75556,20.55556,8.44444,1.0,13.44444,84.33333,5.32593,99.04444,D75.i_5
24036.46667,3095.4,74016.16667,808.06667,47113.54444,645.0,40.11111,518.44444,2677.61111,356956.3,73.94444,462.17778,162.66667,769.11111,1.0,928.62222,664.12222,151.94444,12550.71111,D75.a_6,700.15556,72.55556,325.63333,40.82222,1439.5,1165.22222,1.19259,16.28889,56.02222,2767.18889,1.54074,35.48889,27.11111,14.66667,1.0,17.22222,256.44444,4.21481,110.48889,D75.i_6
20869.02222,2982.95556,80664.83333,939.84444,42414.65556,828.0,40.0,477.11111,2492.94444,343464.18889,68.94444,433.06667,172.0,634.22222,3.44444,1101.4,1007.9,204.05556,13275.71111,D75.a_7,822.6,58.77778,366.18889,65.2,1649.27778,265.0,1.0963,10.7037,48.24444,2573.52222,1.64444,33.71111,20.0,7.33333,1.0,12.44444,35.0,7.46296,120.93333,D75.i_7
24335.24444,3133.62222,75050.61111,720.62222,44423.21111,799.11111,39.55556,416.33333,2601.16667,334209.96667,67.72222,432.73333,171.22222,725.33333,1.77778,918.51111,902.78889,144.27778,13157.37778,D75.a_8,586.71111,32.11111,361.74444,51.24444,1266.83333,429.55556,1.19259,17.4,46.02222,2510.63333,1.41481,27.75556,19.66667,7.66667,1.0,14.11111,115.77778,2.74444,107.15556,D75.i_8
22754.46667,2919.4,74967.27778,844.28889,43648.1,780.77778,40.66667,455.0,2690.05556,326225.74444,81.61111,454.4,184.44444,625.88889,2.55556,965.28889,1167.34444,175.94444,13845.15556,D75.a_9,648.15556,65.66667,341.74444,47.31111,1479.83333,464.22222,1.0,16.48148,44.8,2394.96667,1.41481,27.48889,19.55556,7.0,1.0,10.77778,132.77778,8.04444,121.37778,D75.i_9
19906.07778,7337.44444,31767.24444,1097.25556,34610.38889,341.0,28.2,82.88889,4018.82222,326303.42222,14.12222,402.11111,415.63333,1491.22222,3.44444,417.02222,1362.35556,136.51111,11853.31111,D76.a_0,502.55556,87.77778,548.5,98.33333,615.57778,277.55556,1.85185,8.41111,77.13333,2717.53333,1.11111,21.66667,11.11111,42.66667,1.0,11.71111,165.11111,4.64074,105.77778,D76.i_0
18360.3,7349.88889,30257.57778,1068.92222,31787.27778,314.22222,26.31111,111.0,3805.48889,309723.53333,12.45556,407.33333,390.96667,1478.11111,5.0,435.8,1456.68889,149.06667,11406.53333,D76.a_1,485.11111,174.66667,695.16667,85.7037,615.91111,174.77778,1.31111,4.01481,92.35556,2539.31111,1.11111,25.11111,17.33333,27.33333,1.0,29.18519,46.05556,4.42593,114.0,D76.i_1
17095.63333,7615.66667,28584.68889,891.03333,30205.27778,269.11111,22.75556,106.22222,3653.93333,297409.42222,13.34444,350.77778,411.85556,1403.11111,4.33333,395.24444,2991.46667,133.28889,9933.31111,D76.a_2,555.66667,91.66667,491.16667,91.2963,694.46667,65.88889,1.42222,9.36296,90.91111,2444.64444,1.0,16.22222,12.66667,15.44444,1.6,2.05185,54.22222,2.87407,97.44444,D76.i_2
17000.52222,7101.44444,29148.13333,1009.58889,29212.27778,349.33333,20.31111,114.55556,3611.82222,285900.2,12.45556,372.0,378.41111,1445.55556,6.66667,397.8,1789.02222,121.51111,10010.31111,D76.a_3,468.11111,160.44444,568.05556,41.40741,937.02222,82.22222,2.51852,4.96667,98.02222,2355.86667,1.11111,15.44444,13.22222,13.77778,1.0,5.99259,23.55556,2.97778,87.77778,D76.i_3
17069.52222,6573.44444,28720.8,1071.36667,29404.27778,355.44444,20.75556,94.66667,3449.6,279654.75556,12.01111,351.88889,391.18889,1360.88889,8.44444,391.35556,1279.8,134.28889,10890.53333,D76.a_4,484.33333,74.66667,550.5,70.37037,598.35556,82.22222,1.53333,7.18889,83.68889,2303.64444,1.22222,6.88889,12.33333,14.0,1.0,3.99259,37.61111,3.75926,84.88889,D76.i_4
17141.07778,6693.0,28508.8,950.25556,27861.05556,293.66667,18.86667,127.22222,3432.04444,272869.31111,11.78889,342.0,380.96667,1295.0,8.33333,374.24444,2006.68889,132.73333,9323.75556,D76.a_5,527.77778,129.22222,580.61111,70.62963,661.35556,228.22222,2.51111,8.25185,102.68889,2245.86667,1.11111,15.77778,13.11111,24.77778,1.0,4.68889,37.27778,5.30741,100.66667,D76.i_5
15731.3,6458.88889,29107.57778,859.7,28311.16667,468.55556,24.53333,98.22222,3238.71111,264730.42222,10.12222,356.22222,350.96667,1318.22222,10.88889,363.8,1058.46667,103.51111,10028.75556,D76.a_6,503.11111,238.33333,471.72222,49.7037,953.35556,184.88889,1.41481,6.34815,101.8,2166.86667,1.0,13.22222,11.66667,17.0,1.0,4.54815,58.94444,4.75556,94.0,D76.i_6
16085.3,6281.22222,29298.13333,1257.25556,28175.38889,240.33333,23.31111,116.77778,3231.26667,259783.53333,13.9,363.77778,379.18889,1282.11111,3.44444,377.68889,3580.68889,146.28889,10502.08889,D76.a_7,517.33333,99.88889,576.83333,38.62963,642.13333,94.77778,2.4,7.02963,86.68889,2140.75556,1.22222,10.33333,9.22222,27.11111,1.0,2.65926,49.22222,6.63704,87.66667,D76.i_7
14975.41111,6097.88889,26862.68889,901.25556,27175.94444,406.88889,23.31111,102.66667,3010.6,254149.64444,11.23333,320.88889,337.07778,1225.88889,1.0,370.57778,1003.46667,127.51111,9120.2,D76.a_8,486.88889,319.11111,531.94444,54.92593,658.13333,225.77778,3.61481,15.98148,85.13333,2072.86667,1.11111,14.77778,12.55556,22.0,1.0,26.85185,34.72222,5.2,106.0,D76.i_8
15183.3,5427.77778,26525.8,1118.03333,27200.38889,297.88889,17.42222,122.66667,2929.15556,247165.97778,11.56667,324.0,321.18889,1201.66667,4.33333,311.35556,2176.24444,102.28889,9013.97778,D76.a_9,483.11111,64.66667,479.16667,54.81481,712.02222,51.44444,1.62222,7.3,75.46667,2015.42222,1.0,11.55556,14.0,16.44444,1.0,4.2963,69.11111,4.76296,81.22222,D76.i_9
40443.66667,4054.22222,58966.22222,5834.32222,40647.14444,364.46667,26.44444,55.42222,2039.82222,501868.88889,22.55556,1027.0,232.77778,1436.88889,5.71111,1532.66667,448.42222,32.01111,4330.04444,D77.a_0,680.82222,44.22222,268.26667,111.2963,1069.65556,152.0,1.0,7.97778,25.84444,2525.7,1.1037,15.22222,4.55556,2.06667,1.0,6.48889,8.36667,3.33333,16.75556,D77.i_0
38736.44444,3719.11111,57501.77778,5555.43333,39638.25556,346.13333,25.0,47.73333,1940.6,483247.11111,19.88889,988.33333,242.22222,1348.11111,3.32593,1414.88889,601.31111,28.56667,4184.04444,D77.a_1,787.15556,32.11111,257.82222,30.44444,1393.98889,123.33333,1.0,1.91111,27.95556,2399.7,1.0,16.33333,4.44444,1.53333,2.55556,6.04444,1.0,2.6,42.86667,D77.i_1
36728.66667,3542.88889,56703.66667,5067.54444,37487.14444,288.24444,22.11111,33.2,1848.6,460989.66667,18.33333,985.0,245.88889,1241.55556,2.43704,1344.77778,519.97778,24.23333,3882.04444,D77.a_2,707.48889,47.22222,301.15556,90.22222,1193.76667,57.55556,1.44444,9.2,25.28889,2310.92222,1.1037,14.0,4.77778,8.51111,1.0,3.1037,12.25556,2.8,19.2,D77.i_2
36420.55556,3843.77778,59714.44444,5000.21111,35891.03333,333.68889,24.0,43.75556,1833.82222,443569.11111,17.33333,941.44444,245.0,1234.0,2.60741,1410.11111,399.08889,22.34444,3777.6,D77.a_3,879.48889,37.11111,270.26667,100.44444,1591.87778,67.77778,1.11111,7.88889,23.84444,2216.25556,1.32593,14.0,4.33333,1.52222,1.0,4.43704,4.57778,3.4,11.77037,D77.i_3
34924.55556,3429.77778,57309.22222,4615.54444,34243.14444,319.35556,20.88889,55.53333,1755.71111,432665.88889,22.11111,966.88889,212.66667,1197.44444,1.71852,1289.55556,331.64444,18.34444,3694.26667,D77.a_4,830.26667,35.11111,282.82222,123.77778,1386.65556,144.11111,1.22222,8.08889,25.4,2106.25556,1.0,21.88889,5.77778,14.4,1.0,3.99259,50.92222,2.93333,15.2,D77.i_4
34102.44444,3345.88889,54168.88889,4390.98889,33538.58889,284.35556,23.22222,44.97778,1714.04444,422869.11111,18.88889,889.33333,244.66667,1194.22222,2.60741,1257.77778,330.53333,27.67778,3597.04444,D77.a_5,845.93333,26.33333,318.37778,91.7037,1602.32222,41.22222,1.33333,2.82222,25.4,2007.03333,1.20741,11.11111,3.0,6.36667,1.0,7.18519,28.72222,5.31111,14.99259,D77.i_5
33014.88889,3335.55556,54295.66667,4422.1,32978.25556,272.02222,20.22222,47.2,1665.6,409545.22222,16.0,890.77778,213.22222,1125.22222,1.71852,1190.66667,368.31111,25.12222,3329.37778,D77.a_6,642.82222,23.22222,277.71111,87.66667,1059.87778,94.77778,1.55556,3.93333,24.95556,1938.58889,1.21481,10.77778,3.33333,2.03333,1.0,8.42963,3.36667,5.4,13.86667,D77.i_6
29794.88889,2921.77778,51051.0,4083.98889,31752.25556,243.24444,18.55556,33.73333,1496.04444,394438.22222,13.66667,815.0,183.88889,1054.44444,2.60741,1160.0,293.97778,17.56667,3343.93333,D77.a_7,697.6,27.55556,345.6,108.22222,1211.98889,80.22222,1.44444,10.31111,27.84444,1875.47778,1.1037,12.88889,3.11111,13.04444,1.77778,10.2963,37.03333,3.6,19.75556,D77.i_7
28893.11111,2671.11111,52654.44444,3838.65556,30590.14444,226.91111,18.33333,37.06667,1446.37778,380282.22222,15.33333,821.77778,179.66667,1031.0,3.15556,1111.77778,309.08889,19.12222,3186.48889,D77.a_8,746.71111,32.0,353.37778,81.37037,1328.1,65.77778,1.44444,2.82222,24.51111,1859.81111,1.20741,10.77778,2.44444,11.17778,2.55556,8.37778,17.25556,2.86667,14.64444,D77.i_8
27580.88889,2526.44444,49306.66667,3665.65556,29589.7,311.02222,18.66667,46.4,1319.15556,363558.44444,11.44444,742.77778,180.0,965.33333,1.0,1069.77778,262.53333,17.23333,3093.48889,D77.a_9,884.48889,26.11111,293.37778,81.59259,1533.65556,49.44444,1.11111,10.11111,27.17778,1781.47778,1.20741,15.66667,4.44444,9.83333,1.0,5.04444,13.14444,2.13333,18.32593,D77.i_9
8033.26667,1578.84444,21473.81111,7493.2,17885.84444,1641.88889,20.55556,67.53333,397.95556,164620.93333,20.75556,5299.68889,516.0,13429.67778,3.44444,1670.46667,2187733.0,588.86667,5579.26667,D78.a_0,239.43333,32.11111,157.23333,19.93333,252.51111,147.28889,1.07407,2.98148,10.07778,1365.35556,1.74815,87.33333,28.22222,2.04444,1.0,4.74074,1.0,3.28889,11.04444,D78.i_0
7051.15556,1772.84444,20497.03333,6919.64444,15867.06667,1251.11111,21.33333,59.58519,370.51111,153396.82222,19.97778,4735.02222,436.66667,12915.12222,5.88889,1073.24444,1937784.22222,478.31111,5094.15556,D78.a_1,234.32222,33.33333,142.23333,6.55556,257.17778,135.08889,1.0,4.72222,11.96667,1297.46667,1.0,65.22222,6.77778,1.93333,1.0,2.8,1.0,1.97778,17.93333,D78.i_1
7237.6,1844.84444,19726.25556,7299.42222,16877.51111,1547.11111,17.11111,51.08889,367.62222,149498.26667,21.08889,4672.24444,422.22222,13249.9,2.66667,904.13333,2047186.44444,499.97778,5043.93333,D78.a_2,224.21111,36.33333,161.45556,33.31111,216.95556,85.62222,1.0,1.87037,8.85926,1239.68889,1.1037,72.0,6.77778,1.95556,1.0,2.96296,11.08148,9.75556,12.26667,D78.i_2
7069.6,1530.4,19229.7,7780.2,16481.73333,778.44444,18.11111,59.58519,361.95556,141516.82222,18.31111,4462.02222,387.33333,12283.45556,2.66667,997.57778,2040373.88889,479.42222,5189.04444,D78.a_3,230.98889,34.55556,149.23333,51.53333,247.17778,70.57778,1.22222,2.98148,11.63333,1202.46667,1.0,83.0,25.0,1.17778,1.0,2.8,1.0,8.57778,36.37778,D78.i_3
7765.82222,2005.4,18679.58889,7203.75556,18776.51111,1060.11111,22.11111,50.36296,353.06667,134678.6,20.42222,4509.91111,397.33333,12236.9,1.77778,604.57778,1933949.55556,469.75556,4693.04444,D78.a_4,233.76667,37.33333,139.78889,29.62222,276.73333,75.53333,1.07407,3.85185,9.85556,1165.91111,1.1037,79.88889,15.77778,1.57778,1.0,4.71111,1.0,8.84444,68.82222,D78.i_4
6968.48889,1547.4,18817.7,6720.86667,17562.06667,1058.11111,22.77778,42.97778,344.17778,131071.26667,15.42222,5217.02222,393.66667,11114.12222,5.0,1069.02222,1933070.33333,610.97778,4581.71111,D78.a_5,239.1,35.22222,184.23333,23.08889,257.73333,77.64444,1.07407,7.81481,10.85556,1129.35556,1.1037,73.22222,9.11111,1.93333,1.77778,4.2963,37.70741,9.51111,28.93333,D78.i_5
6835.04444,1457.51111,18566.03333,7049.31111,16125.84444,936.66667,16.66667,69.75556,329.06667,126526.15556,11.97778,4456.91111,327.11111,11225.9,1.0,737.46667,1860956.11111,638.97778,4539.93333,D78.a_6,221.43333,21.11111,111.78889,25.64444,243.4,74.68889,1.07407,7.81481,5.74444,1098.02222,1.20741,73.33333,5.44444,1.51111,1.0,5.74074,1.0,13.6,15.04444,D78.i_6
7094.26667,1631.4,18739.03333,7534.86667,17651.17778,1335.33333,17.55556,49.97778,327.95556,123508.15556,16.08889,4339.91111,350.44444,11928.01111,3.44444,598.24444,1835159.11111,634.08889,4662.71111,D78.a_7,226.98889,45.44444,128.67778,25.04444,272.17778,130.6,1.07407,2.74074,10.3,1024.91111,1.0,67.44444,11.33333,2.06667,1.0,4.6,1.0,7.53333,44.26667,D78.i_7
6677.15556,1491.84444,18337.36667,6589.08889,16572.4,996.33333,14.77778,59.6963,316.06667,120185.48889,15.64444,5060.02222,324.66667,11556.34444,4.33333,681.57778,1863524.11111,732.97778,4223.93333,D78.a_8,223.65556,33.11111,139.12222,19.17778,262.17778,115.8,1.14815,1.0,10.85556,1009.24444,1.20741,54.22222,7.22222,1.8,1.0,3.99259,1.0,2.82222,28.26667,D78.i_8
6800.71111,1557.4,19035.47778,7361.75556,18803.73333,1473.11111,21.44444,69.86667,322.73333,117084.82222,14.97778,4798.91111,325.77778,11586.23333,3.44444,834.46667,1935532.66667,685.53333,4932.82222,D78.a_9,233.87778,41.11111,131.12222,62.35556,248.28889,83.15556,1.14815,2.74074,5.85556,967.46667,1.0,65.44444,7.66667,2.13333,1.77778,5.34815,1.0,22.68889,14.15556,D78.i_9
15163.95556,1525.77778,17481.32222,1717.37778,28944.34444,111.8,28.22222,39.23704,563.12222,478002.33333,16.12222,11342.3,105.4,1695.01111,4.04444,584.44444,317642.44444,7857.2,11409.44444,D79.a_0,342.51111,18.22222,194.35556,60.8963,460.55556,60.37778,1.1037,6.5037,11.63333,2575.97778,1.22222,140.55556,2.88148,1.88889,1.0,2.46667,5.77778,5.0,45.11111,D79.i_0
13832.06667,1403.55556,17237.21111,1593.6,27156.01111,305.15556,26.77778,32.15556,506.78889,434500.0,17.45556,10527.96667,99.62222,2034.01111,1.0,529.22222,242177.22222,7370.53333,10003.0,D79.a_1,322.28889,18.22222,198.24444,99.13333,466.66667,44.6963,1.1037,3.05926,8.18889,2251.2,1.0,106.33333,3.68889,3.88889,1.0,3.2,16.44444,6.55556,47.66667,D79.i_1
13441.62222,1374.22222,17451.43333,1420.93333,25903.12222,122.02222,27.33333,43.82222,459.12222,398400.44444,16.45556,9308.52222,102.06667,1838.78889,1.0,455.55556,202579.22222,8456.86667,9946.33333,D79.a_2,316.17778,14.33333,210.35556,28.07407,409.66667,39.71111,1.31111,2.02963,8.85556,2135.53333,1.11111,107.33333,3.48889,2.44444,1.0,3.48889,27.22222,2.33333,40.0,D79.i_2
12785.84444,1245.11111,16517.43333,1498.15556,25165.23333,107.68889,21.44444,15.37037,460.23333,378912.11111,14.78889,9485.85556,80.17778,1991.78889,1.0,452.33333,260397.33333,8728.31111,8878.22222,D79.a_3,312.62222,24.22222,190.02222,71.74074,422.77778,109.48889,1.0,6.31111,9.3,2051.97778,1.11111,99.33333,1.3037,2.33333,1.0,5.8,132.11111,4.66667,47.66667,D79.i_3
11186.06667,1157.11111,16478.21111,1539.37778,21629.67778,122.26667,23.77778,17.31852,430.9,346823.66667,13.9,8476.07778,80.73333,1636.34444,1.0,407.33333,228121.33333,8723.86667,9505.33333,D79.a_4,315.17778,30.0,195.68889,71.00741,427.11111,122.2037,1.0,5.2,11.41111,1978.86667,1.0,80.66667,2.57778,2.55556,1.0,4.22222,22.22222,2.11111,62.55556,D79.i_4
10606.4,1242.0,18284.32222,1761.26667,19780.67778,140.46667,28.55556,38.12593,473.9,329897.22222,9.01111,6828.07778,90.62222,2198.01111,1.0,427.66667,261416.77778,7230.42222,13624.55556,D79.a_5,326.84444,14.33333,177.46667,73.35556,430.88889,103.48889,1.20741,1.0,7.52222,1920.86667,1.0,130.33333,3.51852,1.77778,1.0,4.66667,35.22222,1.33333,46.33333,D79.i_5
10187.95556,1410.66667,18461.43333,1880.15556,18997.78889,111.68889,28.44444,24.20741,455.01111,320531.66667,8.45556,6687.96667,89.17778,2337.01111,1.71852,406.11111,270883.66667,7104.75556,13157.0,D79.a_6,314.17778,20.44444,185.02222,83.68889,418.22222,82.82222,1.0,4.17037,9.07778,1852.53333,1.0,95.77778,2.71852,2.44444,1.0,3.2,17.22222,4.22222,47.77778,D79.i_6
10366.73333,1395.55556,18301.87778,2078.6,18924.12222,105.57778,26.44444,40.45926,462.01111,306225.11111,10.12222,6768.52222,88.17778,2317.56667,1.0,446.33333,284270.44444,6508.97778,13068.22222,D79.a_7,300.51111,10.44444,188.68889,99.22963,432.11111,39.98148,1.1037,2.02963,9.18889,1774.2,1.0,89.11111,1.94074,1.88889,1.0,7.4,116.0,3.88889,53.44444,D79.i_7
9742.62222,1364.22222,17187.54444,1730.48889,18343.78889,70.82222,25.66667,34.76296,436.67778,294844.22222,10.12222,6247.18889,92.51111,2199.67778,1.71852,374.22222,275014.0,7901.75556,12731.88889,D79.a_8,313.51111,18.33333,191.24444,78.99259,422.11111,39.82222,1.1037,6.31111,8.52222,1758.53333,1.11111,90.33333,1.3037,3.33333,1.0,3.33333,185.88889,2.77778,54.22222,D79.i_8
9662.17778,1430.66667,18154.43333,1681.15556,17263.56667,107.57778,30.77778,36.82222,470.45556,285217.66667,10.56667,5954.3,92.62222,1986.23333,1.0,405.66667,307223.22222,5501.97778,15345.11111,D79.a_9,306.62222,31.33333,183.68889,73.56296,423.44444,41.71111,1.20741,6.31111,10.41111,1689.86667,1.11111,110.55556,2.24444,1.55556,1.0,3.04444,18.33333,5.0,60.66667,D79.i_9
36207.8,5923.33333,7813.68889,1867.71111,109363.8,485.0,21.22222,49.11111,865.23333,408424.72222,42.66667,614.82222,43.44444,537.77778,1.0,1568.66667,831.55556,295.72222,4352.71111,D8.a_0,423.4,47.53333,64.85556,29.17778,1095.94444,25.11111,1.1,3.05926,12.9,3702.94444,1.95556,28.77778,2.0,3.66667,1.0,7.11111,3.46667,1.12222,31.35556,D8.i_0
34902.13333,5786.44444,7788.8,1700.04444,108082.68889,324.66667,23.77778,44.55556,808.9,388318.94444,35.88889,619.6,37.0,503.77778,1.0,1415.55556,617.77778,297.61111,4150.15556,D8.a_1,517.51111,90.76667,71.3,52.13333,1425.94444,23.0,1.1,2.02963,17.45556,3498.61111,1.62222,44.88889,3.77778,3.44444,1.0,5.66667,7.28889,6.02222,51.46667,D8.i_1
31708.02222,5514.88889,7724.91111,1700.04444,93777.8,384.22222,28.55556,19.0,732.01111,355790.05556,35.22222,582.82222,39.66667,511.66667,1.0,1415.11111,533.33333,321.61111,4166.37778,D8.a_2,508.17778,66.76667,90.18889,37.25556,1296.72222,60.0,1.0,3.05926,21.45556,3341.05556,1.41481,41.88889,2.0,4.66667,1.0,7.66667,12.93333,4.1037,52.13333,D8.i_2
29119.8,5164.33333,6956.24444,1364.71111,90459.68889,275.33333,24.88889,28.22222,693.56667,340308.16667,31.55556,2896.71111,92.77778,466.77778,3.33333,2403.33333,505.66667,556.94444,4186.15556,D8.a_3,529.95556,48.75556,88.41111,44.73333,1409.5,8.77778,1.0,4.17037,20.45556,3220.38889,1.41481,41.22222,3.33333,4.55556,1.0,4.11111,5.64444,1.12222,48.02222,D8.i_3
29136.68889,5122.66667,7262.24444,1439.48889,90655.8,285.55556,26.88889,20.22222,699.12222,327970.38889,34.44444,1665.82222,68.55556,452.0,1.0,2094.55556,475.11111,419.27778,3938.26667,D8.a_4,483.95556,62.86667,76.41111,56.15556,1222.61111,74.33333,1.1,4.08889,15.23333,3157.27778,1.20741,37.11111,2.33333,5.11111,1.0,12.44444,2.82222,3.87037,44.35556,D8.i_4
27984.24444,4661.66667,7202.57778,1351.71111,85923.57778,207.55556,23.44444,24.88889,677.45556,314163.5,28.33333,1034.48889,64.66667,423.11111,2.66667,1750.33333,750.33333,329.72222,3689.48889,D8.a_5,462.06667,71.76667,77.52222,27.18889,1230.38889,15.0,1.0,5.2,17.78889,3084.16667,1.51852,29.88889,2.33333,4.33333,1.0,10.77778,1.82222,1.2037,50.68889,D8.i_5
26886.13333,5155.11111,7201.91111,1454.93333,79506.46667,369.77778,20.66667,35.33333,706.9,301063.16667,30.77778,1220.15556,55.88889,431.33333,2.66667,2001.22222,917.11111,421.27778,3736.26667,D8.a_6,491.62222,69.65556,101.74444,21.4,1226.27778,39.66667,1.0,3.05926,24.12222,3015.94444,1.85185,44.55556,2.33333,4.11111,1.0,10.11111,7.46667,1.28519,66.35556,D8.i_6
25743.57778,4610.22222,7126.35556,1297.82222,75526.35556,273.22222,19.55556,27.22222,646.45556,289864.27778,27.0,916.6,45.66667,431.55556,1.77778,1956.55556,483.88889,471.94444,3792.37778,D8.a_7,481.95556,57.96667,75.18889,53.6,1211.16667,23.11111,1.0,4.17037,17.34444,2910.83333,1.74815,43.11111,2.33333,3.22222,1.71852,14.33333,3.64444,3.31481,50.68889,D8.i_7
23181.02222,4522.0,7052.46667,1235.6,72469.24444,388.22222,23.11111,28.44444,614.78889,276634.94444,28.33333,1086.37778,51.44444,402.22222,1.77778,1821.11111,770.77778,400.5,3673.37778,D8.a_8,461.51111,61.54444,84.85556,40.6,1231.72222,84.66667,1.0,3.05926,21.67778,2863.83333,1.42963,31.22222,2.33333,4.22222,1.0,12.55556,5.28889,1.57778,64.8,D8.i_8
23106.68889,4101.88889,6539.24444,1215.15556,70165.24444,261.0,16.44444,38.66667,589.01111,270543.5,26.11111,826.04444,40.88889,385.66667,1.0,1586.11111,426.55556,429.38889,3692.48889,D8.a_9,472.95556,59.76667,82.07778,31.05556,1152.27778,10.88889,1.2,3.14074,20.56667,2806.38889,1.63704,38.44444,2.66667,5.0,1.0,4.0,11.11111,3.64815,49.91111,D8.i_9
3401.82222,2307.4,20130.55556,1468.31111,6733.82222,258.28889,22.46667,106.37778,949.9,99336.64444,6.22222,244.66667,119.44444,414.55556,1.0,603.62222,1373.28889,128.5,3211.0,D80.a_0,672.12222,183.77778,463.28889,80.61111,1161.94444,59.84444,1.33333,8.23704,38.23333,3731.73333,1.0,28.0,13.33333,11.88889,1.0,5.74074,33.0,4.81481,43.66667,D80.i_0
3510.93333,2097.06667,18168.11111,1120.2,7235.26667,305.62222,19.91111,108.71111,906.01111,90476.08889,7.33333,233.55556,108.55556,347.11111,2.25926,920.51111,1597.51111,101.83333,2782.11111,D80.a_1,621.9,232.11111,445.62222,93.38889,1160.05556,41.4,1.55556,14.41481,33.23333,3474.95556,1.0,24.77778,20.33333,11.88889,1.0,5.93333,64.55556,3.7037,49.88889,D80.i_1
3495.37778,2128.51111,18741.66667,1184.75556,6929.6,311.73333,22.24444,121.6,863.78889,85243.42222,6.22222,209.44444,110.77778,336.44444,1.62963,472.4,1615.73333,80.5,2768.33333,D80.a_2,616.34444,257.22222,459.4,67.61111,1043.94444,49.73333,1.55556,6.06667,38.23333,3285.84444,1.11111,32.22222,18.22222,12.55556,1.0,3.24444,37.0,4.88889,41.0,D80.i_2
3389.37778,1950.51111,17581.11111,676.64444,6732.48889,527.28889,13.57778,154.26667,886.12222,81594.86667,4.88889,253.0,116.0,309.22222,1.62963,165.4,833.95556,65.72222,2569.33333,D80.a_3,564.67778,258.44444,498.17778,62.5,966.5,23.74074,1.22222,9.23704,31.56667,3170.4,1.22222,29.33333,15.11111,10.88889,1.0,8.18519,41.66667,3.44444,41.0,D80.i_3
3520.71111,1825.4,17449.22222,947.42222,6789.93333,213.24444,16.13333,93.48889,847.34444,79144.86667,5.44444,173.33333,97.22222,283.11111,1.0,425.28889,568.62222,60.72222,2405.88889,D80.a_4,583.01111,191.66667,442.95556,72.51852,1040.05556,41.82963,2.22222,3.05926,38.34444,3023.95556,1.44444,30.77778,12.33333,12.0,1.77778,10.26667,6.77778,5.11111,39.77778,D80.i_4
3399.15556,2186.06667,19130.0,1231.08889,6335.93333,309.62222,17.68889,126.26667,873.9,76970.08889,6.22222,241.66667,126.22222,292.66667,1.62963,263.95556,864.17778,94.61111,2678.77778,D80.a_5,617.67778,151.33333,460.95556,77.74074,1108.05556,25.74074,1.11111,1.0,34.45556,2918.73333,1.0,16.66667,9.55556,4.77778,1.0,6.23704,20.44444,4.0,52.22222,D80.i_5
3418.6,2037.73333,17404.33333,1153.64444,7270.82222,258.17778,18.8,121.6,771.23333,74791.86667,7.22222,180.33333,101.77778,294.55556,1.62963,656.06667,938.06667,68.72222,2479.77778,D80.a_6,614.34444,203.77778,535.95556,83.16667,1140.16667,68.17778,1.33333,5.11852,37.23333,2850.84444,1.0,25.77778,11.11111,9.88889,1.0,8.93333,31.11111,4.7037,42.11111,D80.i_6
3357.71111,2263.95556,18087.0,1241.2,6491.82222,210.95556,23.57778,108.71111,802.56667,73027.2,6.33333,172.55556,103.55556,310.55556,2.25926,344.4,583.4,51.38889,2513.88889,D80.a_7,602.78889,256.33333,478.73333,114.05556,1030.94444,39.4,1.33333,4.00741,37.78889,2751.17778,1.0,25.77778,13.66667,11.88889,1.0,7.18519,41.88889,3.51852,42.77778,D80.i_7
2942.15556,1922.28889,15881.77778,704.86667,6097.48889,459.62222,13.91111,97.15556,773.9,71618.42222,6.22222,256.77778,92.22222,277.88889,3.77778,253.84444,893.84444,98.72222,2153.0,D80.a_8,572.67778,142.22222,401.95556,96.05556,1061.27778,44.2963,1.11111,6.06667,29.67778,2635.73333,1.55556,19.44444,10.66667,7.0,2.55556,7.0963,30.11111,4.14815,37.88889,D80.i_8
2809.82222,1797.06667,19024.55556,841.42222,5664.71111,321.95556,18.46667,85.37778,802.78889,70072.42222,6.55556,172.44444,81.0,271.11111,1.0,163.51111,1082.73333,54.83333,2203.33333,D80.a_9,527.12222,197.88889,406.51111,75.38889,942.61111,26.17037,1.55556,4.00741,41.56667,2552.06667,1.11111,24.55556,13.44444,7.88889,1.0,2.8,35.11111,6.85185,44.0,D80.i_9
20389.13333,6689.55556,26267.8,2035.08889,33040.67778,131.33333,15.12222,41.54444,3777.84444,370571.58889,64.77778,319.33333,408.66667,1519.48889,5.65185,103.84444,128.55556,40.66667,19737.6,D81.a_0,313.33333,39.11111,239.93333,56.5037,342.94444,68.0,1.0,3.85185,48.44444,2077.04444,1.1,5.33333,5.11111,7.11111,1.0,5.77778,9.55556,3.03704,58.0,D81.i_0
21603.46667,7418.0,31086.46667,1993.86667,35914.56667,141.77778,14.34444,58.31111,4070.17778,359494.03333,70.77778,349.88889,436.33333,1662.6,5.48148,116.62222,139.55556,66.44444,19654.48889,D81.a_1,326.77778,31.22222,233.93333,64.28148,407.05556,43.33333,1.0,1.87037,43.22222,1961.6,1.0,6.22222,5.77778,8.11111,1.0,6.66667,30.22222,3.59259,69.55556,D81.i_1
20220.24444,6516.88889,29027.13333,1521.75556,33461.56667,113.0,15.9,52.42222,3731.51111,351536.81111,56.33333,336.88889,404.77778,1524.6,6.37037,95.06667,114.66667,44.77778,19058.48889,D81.a_2,275.55556,42.33333,232.04444,41.2963,325.38889,63.88889,1.0,2.74074,49.0,1877.6,1.0,4.88889,4.22222,10.88889,1.0,4.88889,37.11111,2.03704,60.0,D81.i_2
21873.46667,6920.77778,30071.91111,2195.42222,35112.78889,193.11111,14.67778,41.65556,3917.51111,343884.58889,66.33333,340.55556,451.11111,1657.82222,6.6,98.4,167.22222,48.88889,19508.15556,D81.a_3,262.88889,26.22222,207.37778,64.05185,325.38889,37.33333,1.11111,2.98148,43.11111,1825.37778,1.1,7.66667,5.88889,9.55556,1.0,2.77778,84.77778,2.7037,64.0,D81.i_3
22007.13333,7244.22222,30204.02222,1617.31111,36660.34444,108.88889,18.45556,56.65556,4191.4,336781.58889,65.44444,338.44444,458.88889,1696.82222,2.43704,113.62222,129.55556,49.33333,20876.26667,D81.a_4,280.33333,29.0,235.37778,38.74074,323.27778,164.55556,1.11111,4.96296,46.88889,1783.6,1.2,7.77778,6.22222,3.66667,1.0,3.66667,1.88889,3.37037,72.88889,D81.i_4
18263.24444,6474.22222,27442.35556,1678.97778,32722.34444,78.22222,16.67778,38.96667,3598.62222,328565.81111,57.55556,274.44444,386.88889,1398.48889,1.0,116.06667,118.66667,39.88889,18952.48889,D81.a_5,260.55556,25.11111,208.37778,97.60741,334.94444,80.33333,1.0,2.98148,42.55556,1704.6,1.0,7.88889,5.0,4.88889,1.0,6.0,4.77778,3.40741,58.77778,D81.i_5
22064.91111,7573.33333,31231.91111,2037.64444,36141.34444,250.66667,16.56667,53.32222,4251.06667,319147.81111,62.55556,318.33333,418.33333,1752.26667,3.32593,114.84444,231.66667,61.22222,19129.04444,D81.a_6,320.33333,44.22222,253.15556,43.37778,356.5,43.33333,1.0,4.96296,47.77778,1672.93333,1.1,7.88889,2.66667,4.44444,1.0,4.22222,2.88889,2.85185,69.77778,D81.i_6
19053.46667,6550.22222,28162.02222,1405.75556,32660.67778,98.44444,16.56667,53.64444,3552.62222,307867.58889,59.33333,347.11111,421.11111,1473.15556,1.0,118.06667,119.44444,58.11111,17455.71111,D81.a_7,278.77778,30.11111,213.48889,49.18519,321.83333,17.11111,1.0,3.85185,48.33333,1615.48889,1.0,11.11111,5.0,4.22222,1.0,2.11111,4.77778,3.74074,56.44444,D81.i_7
19873.02222,6488.44444,29213.8,1493.42222,32960.78889,330.77778,14.78889,43.08889,3629.73333,301135.25556,60.66667,346.33333,375.77778,1514.71111,5.71111,125.95556,160.22222,61.0,18256.82222,D81.a_8,259.77778,14.33333,215.26667,71.71852,317.05556,37.55556,1.11111,3.85185,47.88889,1558.04444,1.0,7.33333,5.44444,8.11111,1.0,2.88889,93.66667,2.7037,64.33333,D81.i_8
17720.13333,6094.88889,28731.02222,1756.53333,31552.56667,433.55556,12.78889,46.64444,3594.73333,293407.7,59.77778,301.0,352.22222,1434.82222,3.15556,110.51111,119.66667,45.33333,16934.15556,D81.a_9,239.11111,27.66667,225.48889,61.73333,308.38889,72.44444,1.11111,1.0,37.33333,1499.6,1.0,6.11111,3.44444,4.33333,1.0,2.44444,7.55556,5.7037,66.66667,D81.i_9
14513.86667,3807.62222,37130.86667,2054.95556,17843.97778,91.37778,30.71111,22.55556,832.97778,281689.23333,19.78889,510.55556,197.55556,3935.0,1.0,271.0,492780.0,51.43333,6206.66667,D82.a_0,323.2,26.28889,148.48889,34.64074,249.78889,75.28889,1.09259,3.73333,18.08889,2137.33333,1.22222,6.77778,8.33333,3.11852,1.0,8.02222,35.44444,2.22222,24.62222,D82.i_0
14293.86667,3239.06667,35436.2,1830.4,16555.86667,118.4,30.04444,19.0,781.75556,252607.34444,18.56667,451.77778,195.55556,4153.77778,2.37778,246.22222,443754.33333,61.43333,5753.22222,D82.a_1,274.75556,21.28889,141.26667,21.31852,173.34444,36.17778,1.0,6.86667,15.42222,1985.55556,1.11111,11.11111,6.11111,3.64444,1.77778,2.37778,25.11111,1.81481,29.62222,D82.i_1
12283.08889,3071.06667,32584.2,1719.73333,14128.53333,79.15556,27.71111,15.55556,784.08889,228261.34444,19.56667,411.11111,158.55556,3843.66667,3.95556,227.77778,448008.77778,71.65556,5024.55556,D82.a_2,311.75556,31.91111,152.15556,63.75556,224.01111,47.0,1.18519,9.4,15.08889,1902.0,1.0,10.0,8.55556,3.34074,1.0,5.93333,6.22222,1.81481,26.95556,D82.i_2
10290.64444,2760.51111,31189.97778,1244.95556,12910.97778,54.37778,24.37778,28.11111,660.75556,208286.01111,15.34444,361.11111,154.88889,3285.88889,3.26667,217.88889,393504.66667,53.32222,4176.66667,D82.a_3,244.53333,14.77778,149.71111,21.98889,195.12222,36.42222,1.0,3.02222,13.31111,1870.0,1.11111,6.0,7.77778,2.57778,1.0,7.48889,24.22222,1.81481,22.73333,D82.i_3
10553.86667,2807.06667,31453.31111,1445.95556,12422.31111,70.68889,18.71111,8.88889,649.31111,199509.01111,14.56667,332.88889,151.77778,3079.0,3.95556,201.0,449089.55556,53.76667,4231.22222,D82.a_4,295.31111,69.35556,160.04444,19.54444,195.67778,32.55556,1.0,2.82222,12.53333,1796.55556,1.11111,7.77778,5.88889,3.7037,1.0,4.24444,4.66667,1.40741,26.73333,D82.i_4
10654.31111,2683.62222,33429.86667,2475.73333,12303.53333,40.15556,23.71111,20.22222,600.42222,188503.78889,15.78889,376.44444,162.88889,4143.11111,1.0,181.0,485686.11111,58.32222,4460.88889,D82.a_5,269.08889,29.91111,140.71111,36.09259,173.56667,14.0,1.09259,3.93333,12.42222,1697.22222,1.11111,5.66667,3.77778,2.03704,1.0,4.24444,12.11111,2.48148,24.17778,D82.i_5
8994.86667,2279.28889,28568.08889,1701.51111,10894.97778,48.26667,21.04444,18.88889,550.42222,170800.78889,14.34444,323.11111,133.0,3433.66667,1.68889,206.0,407015.0,46.98889,3970.33333,D82.a_6,296.08889,18.53333,161.15556,24.65556,211.23333,42.15556,1.18519,7.97778,14.31111,1602.33333,1.11111,12.33333,5.11111,5.54815,1.0,5.37778,21.33333,1.81481,31.84444,D82.i_6
8386.53333,2252.84444,24858.86667,1750.4,10446.75556,34.66667,17.93333,24.88889,509.86667,156240.34444,11.56667,287.66667,135.77778,2780.66667,1.68889,194.11111,317810.11111,41.65556,3846.11111,D82.a_7,274.97778,15.53333,142.82222,39.86296,189.12222,24.08889,1.09259,5.95556,11.64444,1518.66667,1.0,5.88889,5.66667,2.56296,1.0,7.2,26.11111,2.22222,19.73333,D82.i_7
7927.97778,2167.84444,30590.31111,2024.06667,9571.08889,67.55556,16.26667,22.55556,493.75556,148378.12222,12.45556,314.77778,110.77778,3833.77778,1.68889,218.44444,500308.11111,34.76667,3863.22222,D82.a_8,268.75556,12.28889,150.93333,9.88148,183.23333,20.71111,1.09259,6.66667,7.97778,1418.55556,1.11111,11.11111,5.22222,2.62222,1.0,6.37778,11.66667,2.62963,15.51111,D82.i_8
7609.42222,2009.4,22803.2,1472.17778,9735.42222,50.26667,16.93333,6.66667,446.75556,139067.78889,11.78889,254.66667,116.33333,2782.77778,2.57778,182.55556,357705.88889,36.65556,3724.33333,D82.a_9,208.31111,9.77778,114.37778,34.98889,155.23333,71.91111,1.09259,4.84444,12.58519,1335.0,1.0,5.55556,5.44444,1.95556,1.0,5.13333,19.66667,1.81481,14.4,D82.i_9
11037.6,4394.44444,35731.48889,416.17778,16452.16667,122.02222,26.12222,21.84444,1403.64444,240194.91111,23.88889,1354.93333,319.77778,807.22222,6.0,226.28889,441.44444,384.57778,34584.8,D83.a_0,320.26667,72.55556,304.41111,23.25926,294.2,124.62222,1.2,1.0,22.04444,3251.97778,1.77778,28.88889,13.77778,2.41481,1.77778,5.44444,20.64444,3.58148,213.17778,D83.i_0
10707.71111,4400.55556,38286.48889,540.06667,15877.16667,200.37778,27.23333,18.75556,1397.86667,231435.24444,28.33333,1306.04444,308.44444,799.66667,5.88889,223.17778,1194.77778,528.02222,36899.35556,D83.a_1,256.71111,31.22222,274.96667,47.7037,274.31111,77.53333,1.2,2.02963,27.15556,2947.64444,1.33333,31.55556,15.22222,1.53333,1.0,2.11111,86.75556,3.57407,232.51111,D83.i_1
10664.37778,4523.0,29052.93333,372.4,14709.83333,87.13333,25.45556,18.75556,1342.75556,224509.91111,26.11111,1271.71111,318.33333,776.22222,4.33333,170.4,747.88889,405.57778,31397.46667,D83.a_2,340.6,36.22222,264.96667,39.92593,285.42222,28.55556,1.1,8.45185,25.37778,2863.86667,1.44444,28.44444,11.55556,3.2963,1.0,5.33333,23.46667,2.24444,208.95556,D83.i_2
9870.15556,4234.44444,34040.93333,488.62222,14029.72222,134.84444,21.23333,28.08889,1261.75556,216926.46667,23.22222,1188.26667,272.0,705.88889,4.22222,224.4,1283.88889,401.35556,30337.13333,D83.a_3,305.93333,36.22222,310.3,17.66667,301.08889,83.4,1.51111,5.2,21.71111,2769.86667,1.44444,30.22222,9.11111,3.82963,1.0,7.33333,30.46667,5.80741,226.28889,D83.i_3
9316.71111,4033.0,30696.71111,431.84444,13067.83333,138.35556,23.12222,16.93333,1178.08889,206407.02222,22.88889,1191.48889,274.44444,677.0,6.66667,184.51111,346.44444,399.02222,28203.91111,D83.a_4,294.6,38.22222,261.74444,34.11111,257.97778,75.53333,1.21111,6.31111,20.04444,2669.75556,1.11111,29.33333,13.88889,2.17778,1.77778,4.33333,22.95556,3.13333,210.4,D83.i_4
9693.26667,4094.77778,34825.82222,532.51111,13521.27778,225.04444,26.56667,18.51111,1230.75556,200833.35556,20.88889,1126.26667,270.44444,667.44444,4.22222,214.95556,368.22222,451.91111,29377.02222,D83.a_5,298.71111,39.33333,261.3,12.55556,303.08889,24.57778,1.1,1.0,25.48889,2596.53333,1.11111,24.77778,15.22222,2.51852,1.0,8.33333,31.71111,5.35556,197.17778,D83.i_5
9414.6,4050.0,32921.71111,367.28889,13701.5,163.13333,22.34444,16.88889,1188.75556,196220.02222,21.11111,1073.15556,240.11111,634.44444,4.22222,223.95556,726.55556,317.13333,29379.46667,D83.a_6,310.15556,47.33333,287.63333,58.03704,273.86667,134.35556,1.1,4.17037,20.48889,2528.64444,1.33333,26.55556,14.66667,3.28889,1.0,5.44444,13.93333,2.35185,184.95556,D83.i_6
9119.48889,3786.88889,34554.82222,470.51111,13234.72222,191.8,24.23333,26.37778,1156.53333,189762.57778,23.55556,1028.48889,235.0,635.11111,8.44444,160.28889,251.11111,303.02222,29743.02222,D83.a_7,285.93333,31.44444,256.18889,13.03704,273.86667,61.33333,1.2,3.05926,23.37778,2444.31111,1.0,29.11111,12.0,1.31111,1.77778,3.0,18.75556,1.90741,195.95556,D83.i_7
8749.15556,3706.0,33381.37778,380.17778,12358.5,124.15556,25.45556,19.11111,1087.2,186623.46667,20.77778,1079.04444,249.77778,621.22222,6.77778,156.17778,561.55556,276.02222,26418.02222,D83.a_8,292.93333,39.33333,249.07778,24.96296,279.42222,83.88889,1.0,2.02963,19.82222,2376.2,1.0,24.0,7.0,3.94074,1.0,3.66667,26.53333,4.57407,217.62222,D83.i_8
8745.04444,3631.11111,33228.15556,359.62222,11779.61111,87.26667,22.9,14.8,1071.75556,181697.57778,21.66667,1050.71111,249.66667,613.66667,1.77778,207.95556,404.77778,280.91111,24914.02222,D83.a_9,298.71111,45.22222,256.18889,45.62963,268.42222,20.11111,1.1,5.2,25.93333,2313.53333,1.0,23.11111,12.33333,2.62222,1.0,6.22222,29.53333,4.24815,202.95556,D83.i_9
5654.84444,954.88889,95962.21111,462.35556,7761.37778,1490.22222,15.82222,320.55556,571.22222,127598.93333,3.27407,353.35556,42.77778,237.88889,1.0,866.97778,420.76667,40.64444,10930.64444,D84.a_0,170.55556,50.33333,176.51111,40.64444,188.85556,402.66667,1.0,6.55556,13.96667,1487.96667,1.0,9.93333,5.33333,1.0,1.0,3.77778,3.77778,4.81481,33.95556,D84.i_0
5407.4,928.88889,89744.32222,447.13333,8326.71111,928.66667,17.93333,331.11111,524.22222,121058.37778,3.28148,349.68889,38.33333,182.22222,1.0,849.64444,528.43333,29.08889,9659.2,D84.a_1,226.0,78.88889,166.51111,74.52222,234.07778,645.33333,1.0,3.77778,14.52222,1362.18889,1.0,5.95556,3.44444,1.41481,1.0,4.0,6.66667,2.0963,29.84444,D84.i_1
5347.84444,766.33333,89943.21111,351.57778,7543.6,533.88889,16.04444,335.77778,513.33333,117166.26667,4.15556,311.35556,39.11111,209.88889,1.0,969.53333,430.65556,27.64444,10229.31111,D84.a_2,226.44444,69.55556,160.06667,59.63704,223.74444,542.11111,1.0,6.27778,13.41111,1299.52222,1.0,7.93333,8.22222,1.0,1.0,4.0,11.33333,1.54815,30.4,D84.i_2
5252.28889,780.44444,82590.65556,578.57778,6336.15556,563.0,15.48889,282.0,523.33333,114092.15556,4.4963,319.91111,40.55556,207.11111,1.0,775.2,1184.32222,29.97778,9730.75556,D84.a_3,223.88889,77.66667,178.17778,29.52963,237.52222,789.22222,1.0,9.61111,14.96667,1236.85556,1.0,13.86667,5.44444,2.53333,1.0,6.55556,34.22222,1.54815,34.4,D84.i_3
5037.51111,775.44444,88825.32222,539.8,7601.37778,443.77778,17.71111,347.55556,533.33333,111263.93333,2.94815,300.13333,45.0,220.88889,1.0,764.08889,1298.21111,33.86667,9499.42222,D84.a_4,215.33333,45.22222,178.51111,24.65556,231.18889,1068.22222,1.33333,6.83333,17.52222,1167.96667,1.0,7.95556,8.44444,1.20741,1.0,2.44444,1.88889,1.20741,35.73333,D84.i_4
5063.51111,774.22222,81767.32222,271.57778,6670.6,809.22222,17.26667,315.77778,523.22222,107109.37778,2.26667,294.02222,44.55556,233.22222,1.0,863.75556,369.21111,31.80741,9648.75556,D84.a_5,207.0,36.11111,186.51111,74.08889,223.3,480.66667,1.11111,3.77778,17.18889,1157.52222,1.0,5.37778,3.66667,1.20741,1.77778,4.22222,6.77778,3.48148,23.84444,D84.i_5
4895.84444,798.44444,81051.87778,397.91111,6173.93333,593.66667,14.6,346.22222,514.77778,104363.26667,2.06667,304.46667,40.33333,186.77778,1.0,948.31111,335.65556,34.31111,9076.42222,D84.a_6,242.11111,30.66667,206.17778,72.63704,251.85556,573.22222,1.0,1.83333,16.96667,1115.74444,1.0963,6.4,5.11111,1.74815,1.0,3.44444,1.0,3.31111,30.28889,D84.i_6
4578.51111,805.77778,79485.76667,349.02222,5700.04444,951.55556,16.26667,311.11111,508.0,102179.6,3.27407,297.57778,39.0,244.33333,1.0,765.97778,369.21111,23.53333,9101.2,D84.a_7,216.66667,97.0,205.4,39.86296,222.85556,1078.55556,1.22222,6.83333,18.07778,1073.96667,1.0963,11.97778,5.66667,1.42963,1.0,5.66667,38.22222,2.0963,35.62222,D84.i_7
4564.17778,746.0,77891.65556,521.91111,6118.48889,599.88889,18.71111,383.77778,483.55556,100040.82222,2.93333,282.35556,37.77778,193.66667,1.0,863.2,345.54444,27.64444,8331.86667,D84.a_8,188.0,65.55556,195.73333,37.97778,182.18889,503.33333,1.0,5.44444,16.3,1053.07778,1.0,4.8,3.77778,1.1037,1.0,5.11111,3.77778,2.87407,30.4,D84.i_8
4642.17778,835.11111,84070.21111,568.24444,5994.82222,778.77778,15.82222,305.33333,491.88889,97592.04444,2.72593,292.02222,43.44444,186.66667,1.0,883.53333,420.65556,28.64444,8965.2,D84.a_9,235.66667,33.44444,220.95556,28.42593,248.41111,445.88889,1.11111,8.88889,16.52222,995.63333,1.0963,4.48889,4.22222,1.31111,1.0,3.66667,4.55556,2.48889,32.4,D84.i_9
28067.63333,1641.5,61218.2,3351.17778,20248.11111,278.24444,21.37778,45.31111,897.21111,400883.74444,12.0,1079.33333,385.11111,934.77778,3.33333,1167.84444,280.0,109.95556,6368.77778,D85.a_0,392.72222,22.22222,239.82222,60.94815,304.6,63.66667,1.0,1.0,14.0,1846.15556,1.0963,11.88889,3.35556,2.22222,1.77778,5.0,1.0,2.51852,15.02222,D85.i_0
27177.74444,1809.16667,57864.86667,3433.95556,21811.0,243.24444,22.71111,33.19259,876.98889,381223.63333,11.77778,1069.11111,358.77778,879.44444,3.44444,1087.62222,496.88889,173.17778,6068.22222,D85.a_1,389.83333,38.66667,225.37778,60.94815,285.15556,35.11111,1.60741,1.99259,11.55556,1667.71111,1.0963,14.66667,5.04444,1.88889,1.77778,4.44444,2.77778,3.77778,17.24444,D85.i_1
27046.96667,1800.05556,64584.75556,3085.28889,19173.0,274.24444,25.6,47.53333,885.87778,367095.18889,9.11111,1029.0,391.66667,850.33333,1.77778,2471.84444,243.55556,54.4,6055.11111,D85.a_2,347.72222,23.22222,231.6,71.05185,252.26667,35.22222,1.0963,1.99259,12.88889,1584.15556,1.0,5.88889,7.74074,1.22222,1.0,2.11111,7.55556,1.66667,12.41481,D85.i_2
25867.74444,1689.83333,59086.08889,3110.95556,18326.33333,307.02222,22.15556,30.36296,810.54444,359839.85556,10.22222,988.55556,342.88889,837.0,9.88889,1679.17778,312.77778,143.06667,5821.11111,D85.a_3,323.94444,21.33333,213.48889,58.39259,236.71111,65.77778,1.0963,1.0,10.33333,1494.48889,1.0,15.44444,8.65185,2.0,2.66667,2.55556,3.77778,3.40741,15.91111,D85.i_3
26075.41111,1709.27778,60008.97778,2969.17778,17576.77778,214.46667,22.48889,43.14074,818.21111,351076.52222,8.11111,1023.22222,331.44444,805.77778,2.55556,1764.28889,227.44444,121.62222,5456.77778,D85.a_4,330.83333,6.66667,205.37778,102.28889,254.04444,41.44444,1.20741,3.97778,10.22222,1416.04444,1.0,12.55556,8.15556,2.33333,1.0,9.77778,5.66667,3.81481,15.46667,D85.i_4
25286.96667,1671.72222,56683.53333,3320.28889,17642.44444,181.68889,20.71111,30.47407,805.65556,343733.74444,10.11111,928.11111,350.11111,842.22222,6.66667,1581.73333,335.55556,51.4,5471.22222,D85.a_5,330.27778,13.44444,208.6,76.39259,235.37778,27.0,1.0,1.0,11.77778,1389.93333,1.0,14.88889,7.98519,1.44444,2.55556,4.33333,3.88889,2.03704,16.24444,D85.i_5
24004.85556,1621.16667,60327.08889,2930.62222,16676.33333,272.13333,18.71111,38.2,778.65556,333404.18889,8.55556,1003.44444,328.66667,791.11111,3.44444,1702.73333,321.55556,92.84444,5531.0,D85.a_6,339.72222,26.33333,208.15556,73.71111,258.93333,88.33333,1.0,5.08889,11.77778,1311.6,1.0963,9.88889,3.85185,1.44444,1.0,4.11111,7.55556,2.03704,10.24444,D85.i_6
23943.3,1640.5,63574.64444,2693.17778,16905.55556,380.91111,19.93333,34.75556,785.54444,325365.63333,8.0,1008.55556,306.77778,759.22222,6.66667,1671.73333,283.11111,166.17778,5252.22222,D85.a_7,335.94444,21.44444,225.26667,66.17037,241.04444,53.77778,1.19259,1.99259,8.44444,1280.26667,1.0963,14.11111,4.96296,1.55556,2.66667,2.88889,4.66667,3.14815,21.02222,D85.i_7
23270.18889,1563.94444,60847.53333,3116.4,16027.66667,261.8,23.26667,32.80741,751.1,313990.52222,8.77778,950.77778,314.66667,722.44444,5.88889,1767.95556,307.88889,121.84444,5224.44444,D85.a_8,277.05556,17.11111,191.37778,81.38519,220.37778,86.55556,1.0,1.0,8.44444,1221.93333,1.0963,14.44444,3.85185,1.55556,1.0,2.11111,1.0,3.0,16.13333,D85.i_8
23093.18889,1530.5,57570.86667,2912.51111,15958.22222,263.91111,20.15556,15.96296,696.32222,306023.63333,7.11111,931.77778,292.77778,709.55556,4.11111,926.51111,304.77778,76.95556,5130.44444,D85.a_9,371.5,21.44444,223.15556,66.17778,262.15556,35.22222,1.0963,6.08148,9.11111,1180.04444,1.0,14.77778,7.37778,1.66667,1.0,5.22222,7.66667,2.51852,15.57778,D85.i_9
23580.84444,2533.66667,7610.11111,1584.6,28982.64444,129.33333,8.0,171.88889,1672.13333,390367.21111,17.11111,771.13333,197.18889,3611.04444,4.27407,243.91111,516970.66667,145.65556,1859.02222,D86.a_0,285.58889,726.55556,145.23333,48.15556,232.76667,409.8,1.0,6.43333,27.73333,3683.54444,1.42963,18.9,12.11111,2.66667,1.0,3.77778,30.53333,1.96667,9.33333,D86.i_0
21022.62222,2270.55556,7098.0,1435.04444,25339.75556,80.11111,6.77778,168.33333,1438.46667,351101.43333,12.66667,669.24444,154.52222,3174.15556,2.43704,207.35556,452607.44444,188.54444,1640.68889,D86.a_1,289.03333,71.66667,166.9,50.35556,240.54444,455.02222,1.22222,1.0,26.51111,3269.1,1.21481,24.12222,8.44444,1.77778,1.0,5.66667,17.06667,3.07778,14.77778,D86.i_1
15893.95556,1814.77778,6248.22222,1094.71111,21182.97778,139.66667,5.77778,190.55556,1265.24444,305253.87778,11.88889,527.24444,139.96667,2529.6,2.43704,191.13333,333673.11111,114.1,1408.57778,D86.a_2,244.92222,63.55556,120.23333,52.91111,214.87778,598.68889,1.0,2.07037,24.84444,3080.54444,1.0,13.91111,6.11111,1.66667,1.77778,6.57778,14.28889,1.05185,13.44444,D86.i_2
15980.73333,2233.33333,10514.22222,2172.93333,20059.86667,548.44444,8.88889,146.0,1267.02222,286148.98889,12.77778,605.02222,152.18889,4721.04444,1.71852,248.02222,736624.33333,97.54444,1742.35556,D86.a_3,252.36667,44.33333,136.23333,26.61111,217.98889,492.02222,1.11111,8.61481,24.95556,2938.65556,1.0,15.9,7.0,2.44444,1.0,4.37778,19.82222,1.54815,14.22222,D86.i_3
16045.73333,2412.22222,12967.55556,2626.93333,20302.2,476.77778,10.88889,147.22222,1251.57778,271341.98889,12.88889,602.13333,169.07778,5647.48889,2.60741,286.13333,883580.55556,103.98889,1913.68889,D86.a_4,272.81111,48.33333,161.78889,29.27778,217.54444,452.8,1.0,4.25185,23.62222,2849.76667,1.0,17.67778,9.11111,2.22222,1.0,4.66667,16.57778,1.57407,11.37037,D86.i_4
15233.95556,2119.0,9765.33333,1791.04444,19641.75556,180.77778,4.55556,125.22222,1166.57778,256614.87778,14.0,546.57778,162.07778,4496.93333,1.71852,292.91111,663966.33333,138.43333,1667.02222,D86.a_5,247.7,76.66667,161.67778,36.94444,215.98889,329.57778,1.11111,4.25185,22.4,2744.98889,1.10741,16.46667,7.11111,2.55556,1.0,3.77778,3.64444,2.43704,12.11111,D86.i_5
13867.28889,2057.44444,10721.11111,2616.6,17923.42222,334.88889,6.88889,104.0,1138.13333,245010.65556,11.44444,528.46667,156.85556,4948.37778,1.0,224.8,751793.11111,105.21111,1748.8,D86.a_6,253.58889,51.44444,145.56667,15.4,241.76667,412.04444,1.11111,10.90741,20.95556,2629.43333,1.0,16.23333,6.33333,1.44444,1.0,6.95556,7.28889,3.57407,13.33333,D86.i_6
13228.95556,1933.11111,10297.77778,2368.93333,18047.53333,215.66667,6.88889,115.77778,1164.91111,234284.1,12.66667,481.46667,153.96667,4714.37778,1.0,255.13333,731520.33333,116.87778,1746.24444,D86.a_7,245.81111,51.22222,135.9,38.97778,192.43333,387.13333,1.22222,7.5037,21.28889,2603.32222,1.0,12.9,7.44444,2.66667,1.0,3.93333,13.11111,2.01852,11.44444,D86.i_7
12948.73333,1960.11111,11728.88889,2854.04444,16429.42222,285.66667,9.44444,103.88889,1086.46667,225479.65556,14.77778,517.13333,164.07778,5637.15556,1.0,295.46667,898319.88889,99.98889,1830.57778,D86.a_8,247.58889,59.44444,151.78889,38.86667,207.98889,374.68889,1.0,8.76667,26.62222,2519.76667,1.21481,13.56667,7.0,2.11111,1.0,5.11111,16.0,2.77037,14.22222,D86.i_8
12451.95556,1901.77778,10600.22222,2397.26667,16357.2,195.11111,8.66667,101.55556,1030.24444,216987.21111,10.88889,502.46667,142.74444,5020.82222,1.0,266.46667,741533.0,110.87778,1806.91111,D86.a_9,263.03333,42.33333,147.67778,74.67778,206.43333,436.46667,1.0,7.46296,22.28889,2456.1,1.0,15.67778,9.55556,2.88889,1.0,5.55556,17.57778,2.65926,36.81481,D86.i_9
6667.44444,2228.11111,32238.61111,2540.01111,11196.17778,2551.46667,56.34444,413.0,587.27778,139485.9,10.97778,3691.68889,156.11111,386.53333,1.0,2373.64444,641.02222,111.87778,51627.93333,D87.a_0,309.9,65.35556,568.83333,67.35556,345.64444,37.44444,2.11111,12.22222,29.45556,1103.7,1.0,20.91111,5.44444,5.77778,1.0,10.33333,17.73333,2.35185,550.41111,D87.i_0
6575.77778,2010.88889,32528.61111,1926.12222,9474.17778,1593.02222,47.45556,416.44444,538.5,125015.12222,7.97778,2575.24444,149.0,394.64444,1.0,2357.53333,428.24444,97.87778,49807.6,D87.a_1,299.45556,33.15556,503.5,98.35556,328.31111,65.77778,1.92593,11.11111,24.67778,1030.58889,1.0,21.46667,4.44444,2.55556,1.0,9.55556,15.62222,1.9,461.18889,D87.i_1
6035.22222,1830.88889,30589.83333,1995.56667,8550.28889,1438.91111,48.9,344.0,488.61111,109502.01111,6.97778,3123.46667,137.33333,418.42222,1.0,2217.86667,387.46667,108.32222,42328.48889,D87.a_2,301.23333,55.37778,538.38889,92.63704,367.42222,71.77778,1.62963,10.0,28.56667,941.47778,1.18519,15.6,5.66667,4.55556,3.44444,9.33333,18.62222,4.02963,533.3,D87.i_2
5249.66667,1650.11111,27070.27778,2253.56667,8516.51111,1171.57778,68.78889,312.44444,454.94444,102876.23333,6.86667,2727.91111,121.55556,399.86667,1.77778,2226.75556,429.13333,108.87778,39802.71111,D87.a_3,339.67778,38.91111,540.83333,30.25185,492.2,37.33333,2.33333,15.66667,25.12222,899.03333,1.38889,17.04444,2.66667,4.33333,1.77778,7.44444,16.62222,2.91481,475.85556,D87.i_3
4756.77778,1393.55556,25238.72222,2080.78889,7714.73333,1048.68889,45.34444,308.88889,435.27778,94998.34444,5.31111,2117.8,119.0,399.75556,1.0,2109.53333,508.13333,102.54444,38120.37778,D87.a_4,345.9,72.35556,502.27778,94.08889,366.53333,35.22222,1.09259,12.22222,24.78889,825.92222,1.09259,20.26667,3.33333,3.33333,1.77778,6.0,20.51111,1.90741,427.3,D87.i_4
4765.22222,1533.11111,24083.61111,1809.78889,7836.17778,1079.24444,56.56667,324.0,408.38889,91411.45556,6.75556,2555.8,103.0,317.75556,1.0,2045.42222,863.91111,124.21111,36684.71111,D87.a_5,288.78889,29.04444,530.72222,54.96296,328.2,49.22222,1.92593,18.0,26.78889,805.03333,1.0,16.57778,3.77778,2.66667,1.0,7.55556,18.2,1.00741,507.3,D87.i_5
4516.22222,1472.22222,26049.16667,1776.34444,7684.95556,1438.8,52.67778,277.33333,391.61111,85878.12222,6.75556,2467.46667,112.33333,416.08889,1.0,2224.97778,544.8,121.98889,36741.82222,D87.a_6,305.45556,41.22222,490.16667,79.74815,354.42222,76.22222,1.88889,13.33333,28.12222,768.47778,1.09259,17.28889,5.66667,3.77778,2.66667,9.22222,9.94444,1.00741,456.41111,D87.i_6
4265.88889,1277.11111,25153.38889,1866.56667,6811.28889,1075.02222,49.23333,303.0,418.72222,80676.9,5.97778,2197.91111,115.22222,390.53333,1.77778,2096.2,483.57778,184.43333,35977.04444,D87.a_7,305.34444,90.71111,535.16667,53.97037,332.97778,68.22222,2.03704,13.44444,21.9,716.25556,1.0,13.04444,3.33333,3.77778,2.66667,5.0,6.15556,3.45926,427.85556,D87.i_7
4050.44444,1414.55556,24349.05556,2279.45556,5860.06667,1430.57778,52.67778,292.66667,410.16667,75949.56667,6.1037,1610.57778,101.66667,367.2,1.0,2188.97778,568.68889,179.65556,34861.26667,D87.a_8,311.12222,46.13333,475.38889,104.42222,385.42222,39.11111,2.88889,13.22222,23.9,711.03333,1.0,8.8,5.44444,4.22222,1.0,6.55556,11.94444,1.45556,508.96667,D87.i_8
4122.88889,1371.22222,23603.61111,1760.9,5676.51111,992.91111,55.56667,307.55556,381.83333,72000.78889,6.97778,1652.24444,106.77778,328.2,1.77778,2028.42222,450.91111,146.1,34359.6,D87.a_9,305.9,55.02222,553.16667,94.80741,329.31111,53.33333,1.59259,14.55556,24.34444,711.03333,1.0,11.04444,1.66667,5.0,1.77778,7.66667,10.36667,2.56667,449.3,D87.i_9
9504.11111,1574.94444,16511.3,479.15556,14735.17778,277.22222,24.77778,162.44444,590.91111,175635.54444,13.55556,638.93333,136.84444,194.95556,1.77778,647.0,345.44444,102.24444,5951.72222,D88.a_0,269.06667,34.44444,112.58889,48.28889,326.42222,100.55556,1.0,4.0963,12.31111,1774.61111,1.0,23.93333,5.46667,1.22222,1.0,2.0,1.88889,3.21481,42.17778,D88.i_0
8347.77778,1398.05556,15069.07778,298.82222,12715.17778,449.88889,25.88889,141.44444,563.35556,159250.98889,12.88889,452.82222,119.28889,182.06667,1.77778,514.33333,437.55556,90.02222,4864.83333,D88.a_1,271.4,18.33333,111.14444,38.45926,348.86667,86.44444,1.1037,4.0963,11.97778,1632.72222,1.0,31.35556,7.84444,1.33333,1.0,3.77778,1.0,3.54815,36.62222,D88.i_1
7688.55556,1305.16667,14570.52222,342.71111,11322.62222,160.22222,25.22222,115.55556,530.35556,152075.43333,9.44444,485.37778,93.62222,163.84444,1.77778,534.88889,177.22222,70.35556,4954.83333,D88.a_2,296.73333,18.22222,127.81111,79.79259,373.31111,61.88889,1.21481,3.97778,15.64444,1517.61111,1.22222,19.13333,8.0,1.22222,1.0,4.0,8.77778,3.6,42.84444,D88.i_2
8409.11111,1388.83333,16184.85556,396.71111,12770.95556,275.33333,24.55556,121.55556,550.24444,148914.76667,11.44444,494.82222,97.95556,174.73333,1.0,576.77778,254.33333,118.24444,5106.61111,D88.a_3,256.95556,25.22222,100.47778,51.23704,307.53333,66.33333,1.32593,3.97778,9.86667,1454.16667,1.0,28.68889,15.6,1.66667,1.0,5.33333,5.66667,2.82963,46.73333,D88.i_3
7763.0,1265.61111,14610.52222,293.6,11187.06667,242.33333,22.88889,178.77778,523.68889,146122.87778,8.33333,402.93333,112.06667,145.62222,1.77778,398.77778,219.66667,97.8,4811.83333,D88.a_4,289.84444,27.0,114.47778,43.85185,364.31111,39.44444,1.42963,1.99259,10.86667,1339.27778,1.0,22.93333,10.57778,1.44444,1.71852,5.11111,6.55556,6.90741,49.06667,D88.i_4
7429.33333,1220.16667,14230.85556,262.6,10894.62222,182.88889,23.66667,129.66667,494.57778,139870.76667,6.88889,413.37778,110.28889,170.28889,1.77778,402.44444,305.66667,82.8,4821.72222,D88.a_5,262.17778,24.33333,85.03333,59.01481,313.86667,47.77778,1.1037,5.08889,7.2,1297.5,1.0,15.93333,8.28889,1.0,1.0,1.77778,2.77778,3.99259,28.4,D88.i_5
6966.88889,1285.83333,17392.3,432.82222,10440.62222,191.22222,24.88889,163.55556,529.8,134631.65556,10.11111,517.15556,102.17778,162.73333,3.44444,2470.33333,262.44444,100.46667,5867.38889,D88.a_6,257.17778,27.22222,110.47778,51.37778,343.31111,119.22222,1.1037,1.0,11.64444,1245.16667,1.0,32.73333,4.31111,1.33333,1.0,4.33333,5.66667,4.46296,30.95556,D88.i_6
7038.55556,1174.94444,17178.96667,404.48889,10336.84444,203.44444,29.11111,143.77778,502.46667,130089.65556,7.66667,504.71111,99.28889,175.95556,1.0,2529.11111,245.33333,73.68889,5826.94444,D88.a_7,327.17778,17.33333,105.81111,69.34815,430.97778,41.33333,1.0,2.98519,11.2,1202.5,1.22222,21.37778,16.24444,1.55556,2.43704,1.66667,6.66667,5.84815,45.73333,D88.i_7
6359.44444,1155.5,13883.52222,404.26667,9628.51111,98.55556,17.22222,133.0,493.13333,125265.32222,9.0,377.48889,80.73333,139.62222,4.22222,856.0,161.22222,70.68889,4390.83333,D88.a_8,312.06667,27.33333,101.36667,35.79259,411.97778,145.88889,1.1037,4.0963,17.31111,1197.27778,1.0,17.68889,6.33333,1.88889,2.43704,4.22222,1.0,4.21481,43.4,D88.i_8
6724.22222,1098.94444,16438.18889,425.04444,9791.06667,246.44444,25.55556,140.22222,473.35556,120858.43333,7.33333,513.04444,90.28889,166.62222,1.0,2241.44444,196.0,84.24444,5270.83333,D88.a_9,303.06667,22.33333,82.58889,77.01481,361.86667,74.22222,1.1037,7.31111,17.97778,1118.94444,1.0,12.37778,1.57778,1.33333,1.71852,4.44444,9.66667,2.3,33.73333,D88.i_9
27178.84444,3658.66667,8096.28889,7323.22222,92717.9,116.15556,35.04444,137.56667,4528.86667,507257.94444,65.11111,147.93333,473.71111,1064.22222,5.11111,893.55556,5367.84444,53.32222,10727.33333,D89.a_0,251.74444,11.33333,153.35556,64.49259,257.42222,123.44444,1.0963,11.62222,19.1,1687.96667,1.11111,4.66667,3.66667,1.11111,2.55556,5.55556,9.66667,1.64444,16.86667,D89.i_0
29687.28889,3826.55556,9038.17778,6320.88889,105120.12222,157.26667,39.37778,192.67778,4674.75556,487975.83333,73.22222,168.48889,438.6,1226.77778,3.44444,948.55556,9332.62222,65.1,9986.88889,D89.a_1,259.74444,24.11111,147.13333,39.22963,236.97778,37.11111,1.0963,11.81481,16.98889,1567.41111,1.0,5.55556,2.66667,2.66667,1.0,4.11111,23.33333,1.3,22.75556,D89.i_1
25460.4,3577.55556,8594.51111,4657.55556,87066.34444,105.82222,35.6,197.45556,4291.42222,466667.61111,60.66667,143.37778,370.93333,1059.33333,2.66667,867.77778,5772.84444,55.87778,9151.66667,D89.a_2,227.18889,13.77778,148.35556,46.38148,228.42222,55.88889,1.0963,5.28148,19.87778,1493.74444,1.0,6.33333,2.77778,2.11111,1.0,6.88889,22.55556,1.2,15.31111,D89.i_2
27721.28889,3746.44444,10092.62222,4512.55556,86421.01111,179.57778,38.93333,179.78889,4432.86667,445234.94444,51.44444,159.93333,431.82222,1166.44444,4.22222,929.0,10546.4,63.87778,11262.11111,D89.a_3,266.18889,27.66667,150.57778,45.75556,241.75556,51.66667,1.19259,12.00741,15.87778,1388.85556,1.0,2.55556,1.66667,1.88889,1.77778,8.66667,10.44444,2.28889,19.97778,D89.i_3
30358.51111,3897.22222,10943.73333,6300.55556,93163.67778,150.91111,41.37778,206.9,4443.64444,429290.16667,58.44444,184.15556,426.6,1195.11111,4.33333,1001.77778,14352.17778,59.1,10251.66667,D89.a_4,252.07778,20.55556,212.13333,22.01852,250.97778,66.0,1.0,2.02963,15.76667,1305.3,1.0,4.77778,1.66667,1.44444,1.77778,10.0,3.77778,1.74444,12.08889,D89.i_4
31786.95556,4277.88889,11800.73333,7269.44444,95798.23333,161.13333,45.37778,190.23333,4343.86667,414002.27778,57.22222,180.82222,340.15556,1137.44444,2.66667,943.0,24973.62222,60.1,9873.44444,D89.a_5,242.85556,60.77778,148.68889,41.27037,233.42222,96.55556,1.19259,10.7037,16.21111,1263.41111,1.0,4.55556,3.11111,1.44444,1.0,9.44444,8.55556,2.75556,16.86667,D89.i_5
27379.62222,3664.66667,8953.95556,4830.66667,86374.45556,115.91111,39.71111,178.56667,4259.97778,400957.38889,55.88889,161.48889,337.82222,918.66667,4.22222,1014.66667,16832.95556,61.76667,9156.44444,D89.a_6,230.74444,14.44444,125.02222,57.22963,240.53333,47.44444,1.60741,5.2,13.87778,1194.63333,1.0,5.33333,2.0,1.77778,1.0,5.33333,13.22222,2.28889,13.53333,D89.i_6
31306.51111,4037.11111,10115.51111,6208.33333,103287.67778,134.46667,41.15556,211.45556,4331.42222,389428.5,55.0,176.15556,379.82222,1215.11111,2.66667,1369.44444,18850.62222,61.65556,10160.88889,D89.a_7,237.3,27.44444,147.13333,119.74444,230.31111,131.88889,1.0963,7.34074,18.65556,1194.63333,1.11111,6.44444,2.66667,1.44444,1.0,6.11111,6.66667,2.38889,15.77037,D89.i_7
25333.95556,3345.77778,8459.73333,4861.44444,85081.56667,134.24444,37.15556,160.9,3760.08889,381019.61111,47.0,159.93333,318.37778,837.11111,3.33333,1008.44444,9839.95556,45.43333,8582.33333,D89.a_8,221.41111,34.66667,127.35556,59.78519,197.64444,49.55556,1.4963,8.37037,16.98889,1137.18889,1.0,3.55556,2.33333,1.55556,1.0,4.22222,22.11111,2.75556,19.31111,D89.i_8
26589.62222,3636.33333,10061.84444,4551.66667,84506.34444,134.24444,40.04444,199.67778,4184.2,372668.61111,51.22222,167.93333,371.93333,1123.44444,5.0,955.0,10226.17778,59.1,9193.88889,D89.a_9,226.07778,13.55556,138.8,54.04815,226.31111,76.11111,1.0,8.45185,17.1,1100.63333,1.0,6.22222,1.66667,1.66667,1.0,6.77778,16.33333,1.87778,13.42222,D89.i_9
76433.87778,6403.24444,18905.41111,2213.52222,218157.03333,272.82222,34.0,27.11111,376.53333,733179.08889,83.33333,535.55556,68.41111,390.15556,1.77778,319.61111,138.33333,681.03333,7734.2,D9.a_0,862.18889,70.44444,272.03333,45.06667,1911.8,380.33333,1.0,4.33333,19.2,3031.01111,1.44444,44.11111,81.4,6.11111,1.0,2.17778,13.66667,22.05556,396.93333,D9.i_0
69212.43333,5448.35556,17994.07778,2197.74444,209278.58889,480.37778,32.22222,14.55556,392.64444,674984.97778,68.55556,487.44444,57.07778,404.71111,1.77778,395.38889,139.55556,793.36667,7520.86667,D9.a_1,557.18889,54.55556,274.36667,27.55556,1227.24444,41.55556,1.20741,12.11111,16.31111,2721.78889,1.66667,36.77778,79.87407,4.66667,1.0,3.31111,8.77778,19.81481,274.15556,D9.i_1
66886.98889,5079.24444,17312.52222,1568.41111,191792.36667,291.26667,33.66667,6.55556,383.31111,645767.42222,76.0,465.11111,47.07778,389.26667,1.0,345.61111,294.0,800.14444,7520.53333,D9.a_2,457.74444,42.44444,222.58889,38.46667,985.13333,45.44444,1.1037,9.88889,16.64444,2444.01111,1.55556,33.44444,78.31852,4.22222,1.71852,5.44444,12.66667,19.03704,212.04444,D9.i_2
64993.65556,5051.02222,16831.85556,1756.63333,179947.03333,593.6,30.77778,27.11111,361.31111,622706.64444,68.55556,443.88889,39.52222,358.82222,1.0,370.16667,276.22222,745.03333,6756.53333,D9.a_3,500.85556,49.22222,256.58889,27.55556,1118.35556,67.88889,1.42963,6.55556,18.64444,2302.23333,2.88889,27.55556,33.26667,3.22222,1.0,10.51111,6.26667,13.35185,367.15556,D9.i_3
60736.21111,5105.46667,16527.52222,2396.74444,179614.81111,519.6,31.22222,21.22222,338.64444,607053.08889,85.44444,413.66667,65.85556,330.6,1.0,366.38889,206.0,690.47778,6177.53333,D9.a_4,673.18889,56.55556,252.14444,92.2,1419.13333,179.0,1.0,4.33333,23.86667,2134.78889,2.11111,34.77778,43.17778,4.22222,1.0,6.13333,8.77778,21.03704,315.71111,D9.i_4
57403.43333,4761.35556,15132.63333,2223.96667,172420.7,423.31111,33.66667,30.55556,362.08889,582443.08889,55.77778,397.77778,52.96667,340.26667,1.0,375.16667,190.77778,721.14444,6148.64444,D9.a_5,443.63333,24.33333,190.58889,55.28889,945.8,92.55556,1.53333,4.33333,17.4,2055.78889,1.11111,25.44444,20.0963,3.55556,1.0,5.37778,2.75556,6.46296,276.37778,D9.i_5
59201.65556,4295.13333,15972.96667,1888.18889,161653.58889,509.04444,28.88889,28.11111,311.75556,551617.2,53.77778,438.55556,29.52222,268.82222,1.0,371.5,245.22222,775.92222,5977.2,D9.a_6,357.63333,29.22222,189.14444,48.8,837.91111,102.88889,1.0,2.11111,11.73333,1977.45556,1.77778,18.33333,19.28889,3.77778,1.0,2.86667,3.51111,5.7037,275.04444,D9.i_6
54295.21111,3999.35556,14071.96667,1875.52222,154563.14444,363.26667,24.33333,17.88889,325.86667,531534.53333,48.88889,390.55556,46.41111,254.04444,1.0,379.27778,170.33333,694.92222,6233.31111,D9.a_7,425.3,48.22222,226.36667,57.95556,935.57778,66.0,1.1037,4.33333,20.42222,1920.01111,1.77778,28.44444,13.42963,2.55556,1.0,9.73333,2.51111,7.01852,363.71111,D9.i_7
53604.1,4074.35556,14059.41111,1658.63333,156584.58889,410.6,25.66667,19.11111,329.64444,517696.97778,57.44444,354.0,42.63333,276.71111,1.0,348.5,144.44444,599.58889,6133.53333,D9.a_8,330.18889,31.11111,224.36667,71.31111,841.35556,51.66667,1.1037,1.0,12.2,1862.34444,1.11111,19.88889,6.82222,3.77778,1.0,7.88889,7.02222,18.12963,279.82222,D9.i_8
52562.87778,4002.57778,14783.63333,1862.41111,159678.7,316.04444,29.0,20.33333,306.08889,499418.2,52.0,384.55556,40.18889,248.6,1.0,329.72222,137.44444,595.03333,6606.53333,D9.a_9,411.85556,46.55556,225.81111,28.82222,935.24444,91.22222,1.0,2.11111,16.42222,1809.34444,1.88889,19.33333,7.65185,2.55556,1.0,8.71111,3.75556,17.55556,482.71111,D9.i_9
20597.2,2598.73333,18996.0,2827.4,68001.08889,53.33333,48.88889,44.93333,3245.06667,280251.14444,29.6,262.88889,483.33333,404.01111,1.0,619.17778,621.95556,42.4,20357.77778,D90.a_0,250.8,33.33333,93.94444,52.09259,324.87778,304.11111,1.0,4.33333,11.38889,739.75556,1.0,14.98889,6.11111,1.11111,1.0,4.77778,3.77778,3.0,18.13333,D90.i_0
15750.86667,1914.17778,17401.88889,2174.73333,50099.31111,80.11111,44.88889,50.71111,2466.84444,225808.7,23.48889,261.0,398.33333,320.01111,7.55556,573.62222,553.62222,39.4,15720.22222,D90.a_1,217.8,39.44444,90.94444,52.04444,282.21111,285.66667,1.0,3.22222,10.33333,645.08889,1.0,11.06667,4.77778,1.0,1.0,4.0,3.77778,1.88889,14.51111,D90.i_1
17243.53333,1846.51111,18389.44444,1901.17778,45072.42222,59.88889,50.55556,34.68148,2353.95556,209807.81111,20.48889,269.77778,374.11111,326.45556,10.0,626.95556,358.62222,33.62222,15730.22222,D90.a_2,231.46667,36.33333,85.27778,59.61481,290.98889,110.88889,1.0,3.22222,9.27778,608.2,1.0,6.54444,3.77778,1.11111,3.44444,1.66667,2.88889,2.33333,20.8,D90.i_2
17369.75556,2003.06667,17979.44444,1841.95556,45289.31111,90.44444,46.77778,36.71111,2418.95556,203171.03333,19.6,268.66667,428.0,343.67778,11.66667,629.73333,532.84444,42.95556,16425.11111,D90.a_3,204.35556,23.66667,73.16667,69.94815,262.32222,107.22222,1.0,6.55556,6.16667,535.08889,1.0,9.87778,1.66667,1.11111,1.0,2.44444,5.77778,2.88889,13.06667,D90.i_3
15633.42222,1761.84444,17808.22222,1743.84444,43267.97778,127.33333,44.0,21.98519,2150.84444,198375.81111,18.6,255.0,332.22222,297.34444,1.77778,670.73333,521.06667,37.95556,15937.77778,D90.a_4,234.13333,16.44444,93.05556,54.39259,295.1,166.44444,1.11111,8.77778,8.94444,529.86667,1.11111,11.32222,3.44444,1.0,1.0,3.11111,6.66667,2.55556,14.46667,D90.i_4
16134.2,1801.95556,17462.88889,1583.95556,41167.86667,51.44444,39.33333,37.82222,2125.84444,189910.92222,18.93333,255.66667,375.33333,312.12222,2.66667,626.95556,337.95556,44.51111,15058.88889,D90.a_5,256.13333,23.44444,102.5,54.5037,313.65556,125.33333,1.0,5.44444,9.27778,508.97778,1.0,6.65556,3.66667,1.11111,2.66667,2.33333,4.77778,1.22222,17.51111,D90.i_5
14364.08889,1636.28889,17527.66667,1955.17778,42307.42222,92.66667,43.11111,26.65185,2150.28889,181758.47778,17.71111,250.33333,377.77778,270.9,2.66667,680.28889,416.06667,46.95556,14099.88889,D90.a_6,231.24444,17.44444,91.05556,41.71111,279.21111,150.22222,1.0,8.77778,10.5,467.2,1.0,5.61111,3.33333,1.0,1.0,3.22222,2.77778,2.44444,11.46667,D90.i_6
14379.08889,1703.17778,18079.44444,1700.06667,41987.2,76.0,41.77778,26.45926,2103.51111,175984.92222,18.82222,273.33333,367.66667,277.23333,2.66667,640.84444,353.73333,42.84444,14685.44444,D90.a_7,254.35556,5.77778,72.38889,51.88519,270.54444,41.44444,1.0,2.11111,7.88889,435.86667,1.0,5.83333,1.0,1.11111,1.0,2.55556,1.88889,2.33333,8.28889,D90.i_7
15416.31111,1838.51111,23373.55556,1501.73333,39498.53333,92.44444,51.55556,48.68148,1852.4,172844.47778,18.26667,375.0,274.55556,280.01111,1.0,1036.17778,242.06667,42.73333,15444.88889,D90.a_8,233.35556,14.77778,91.27778,62.17037,312.32222,277.55556,1.0,4.33333,9.5,435.86667,1.0,9.95556,2.66667,1.11111,2.66667,4.11111,3.77778,2.22222,11.46667,D90.i_8
12978.97778,1648.51111,16525.77778,1852.17778,38699.75556,49.77778,37.22222,23.0963,2027.06667,169567.03333,18.15556,248.55556,302.88889,261.67778,1.0,652.17778,371.51111,46.62222,13669.44444,D90.a_9,236.24444,20.44444,83.61111,18.74444,293.43333,45.44444,1.11111,3.22222,8.16667,435.86667,1.0,5.16667,3.0,1.0,1.77778,3.33333,3.77778,1.33333,14.24444,D90.i_9
5001.43333,676.33333,35416.8,238.92222,8202.78889,260.88889,26.0,11.2,203.92222,108104.61111,2.11111,141.33333,21.33333,101.11111,1.68889,111.73333,869.55556,16.44444,4570.2,D91.a_0,599.46667,37.33333,309.08889,15.59259,709.61111,856.44444,1.1037,5.08889,16.15556,3007.6,1.0,12.44444,9.9037,2.28148,1.0,2.55556,11.93333,1.16296,48.42222,D91.i_0
4521.65556,662.22222,34468.68889,147.28889,7642.78889,566.88889,21.44444,12.42222,188.03333,91534.5,1.77778,139.88889,20.0,80.88889,2.37778,183.06667,762.55556,21.22222,3848.08889,D91.a_1,570.46667,53.55556,299.86667,49.40741,685.83333,1360.44444,1.0,5.08889,14.15556,2593.26667,1.0,11.44444,6.1037,2.08148,1.71852,2.11111,8.85556,1.94074,44.42222,D91.i_1
4521.98889,652.11111,44766.57778,313.7,7289.67778,439.66667,22.22222,15.28889,181.25556,83660.38889,1.33333,164.77778,36.77778,90.66667,1.0,133.84444,1681.55556,28.0,3535.97778,D91.a_2,531.46667,45.44444,264.42222,41.11111,596.5,838.22222,1.1037,3.1037,12.71111,2299.82222,1.0,9.44444,7.9037,4.05926,1.71852,2.44444,10.62222,2.88148,40.86667,D91.i_2
4493.98889,659.22222,40468.57778,387.06667,6978.45556,384.22222,20.44444,6.24444,176.25556,81225.61111,1.0,130.66667,34.66667,77.44444,1.0,110.28889,1590.88889,30.62963,3156.2,D91.a_3,466.46667,49.33333,224.75556,49.2963,553.05556,1012.88889,1.1037,4.0963,12.37778,2105.6,1.1037,12.33333,12.68148,1.32593,3.32593,2.88889,8.62222,2.46667,26.75556,D91.i_3
3970.32222,626.0,41629.02222,468.58889,6343.9,770.44444,21.88889,14.0,161.58889,78865.5,1.33333,128.66667,37.55556,80.88889,1.0,125.06667,1031.44444,30.55556,3234.08889,D91.a_4,396.68889,37.33333,192.42222,53.74074,513.38889,885.33333,1.20741,4.0963,11.93333,1959.26667,1.0,13.77778,7.85185,1.20741,1.71852,2.44444,9.93333,3.32593,21.42222,D91.i_4
4298.21111,715.66667,46233.02222,391.14444,6673.23333,505.44444,22.22222,19.6,168.81111,76998.38889,1.77778,152.55556,30.0,100.55556,1.0,170.73333,1077.55556,17.44444,3105.42222,D91.a_5,349.46667,63.44444,166.2,40.7037,497.5,741.55556,1.0,7.19259,9.37778,1812.15556,1.0,12.22222,9.42963,1.74815,1.0,2.55556,1.0,3.93333,21.31111,D91.i_5
4208.21111,596.66667,38784.8,287.92222,6429.45556,293.77778,16.88889,9.97778,153.81111,74988.83333,1.55556,129.44444,24.88889,103.0,1.0,123.62222,364.11111,16.0,3094.53333,D91.a_6,395.02222,41.55556,194.75556,51.85185,539.05556,887.77778,1.0,3.97778,9.48889,1728.6,1.0,9.77778,12.45926,1.74074,2.43704,2.0,5.27778,4.15556,20.08889,D91.i_6
4031.65556,573.44444,35063.68889,225.92222,6541.67778,583.33333,17.22222,16.33333,150.58889,72858.61111,1.22222,130.77778,22.66667,69.0,1.0,131.73333,812.77778,15.51852,2792.75556,D91.a_7,433.57778,39.33333,200.86667,51.59259,554.72222,583.66667,1.0,4.0963,10.71111,1654.6,1.0,11.66667,8.01481,2.51111,1.0,2.11111,8.85556,6.15556,21.31111,D91.i_7
4074.65556,596.66667,40461.13333,205.36667,6700.01111,341.11111,18.22222,3.62222,165.92222,70973.61111,1.55556,156.22222,27.88889,132.33333,1.0,169.95556,265.22222,27.40741,2911.31111,D91.a_8,432.02222,46.44444,179.64444,38.14815,536.83333,862.88889,1.1037,6.2,8.48889,1576.15556,1.0,6.33333,5.48889,1.97778,1.0,2.55556,1.0,4.68148,18.53333,D91.i_8
4018.54444,623.77778,39248.24444,312.17778,6775.78889,616.55556,17.0,18.84444,178.03333,69385.61111,1.22222,132.33333,29.55556,88.22222,1.0,204.73333,254.33333,14.55556,2772.53333,D91.a_9,409.57778,54.22222,186.75556,49.03704,554.27778,719.11111,1.20741,4.0963,10.82222,1529.15556,1.0,8.44444,10.62222,1.41481,1.71852,6.11111,7.62222,2.54815,20.64444,D91.i_9
14678.32222,1171.44444,17624.22222,2835.07778,19705.44444,164.33333,19.33333,45.77778,1314.1,390347.82222,61.26667,203.93333,155.44444,2723.11111,1.0,195.53333,262306.77778,68.12222,3044.0,D92.a_0,470.7,37.33333,349.44444,66.77778,628.23333,14.38889,1.42222,3.06296,49.82222,6547.98889,2.51111,7.11111,7.0,5.82222,1.0,20.33333,10.24444,4.61111,47.88889,D92.i_0
16265.76667,1274.22222,17492.33333,2504.52222,22269.11111,117.22222,22.55556,21.33333,1351.32222,354767.15556,57.82222,225.04444,154.22222,2600.11111,1.0,199.75556,243872.22222,53.12222,3544.44444,D92.a_1,454.36667,29.22222,376.33333,45.94444,597.56667,52.44444,1.41481,8.25185,48.48889,5425.32222,1.96296,11.44444,3.44444,5.71111,1.0,14.77778,10.35556,5.5,42.88889,D92.i_1
14959.87778,1419.66667,18173.11111,2734.3,20510.11111,221.88889,18.22222,51.55556,1168.1,335115.71111,47.71111,198.71111,129.0,2718.66667,1.0,220.08889,264786.33333,57.78889,2649.55556,D92.a_2,557.36667,15.44444,300.33333,14.72222,497.12222,148.7963,1.63704,9.25185,51.82222,4685.65556,1.62222,15.77778,3.77778,4.94074,1.0,15.77778,8.94444,3.38889,57.0,D92.i_2
17869.32222,1446.33333,16961.33333,2561.52222,24090.44444,150.22222,21.33333,41.0,1289.98889,309674.93333,48.6,235.48889,137.88889,2421.22222,1.0,237.86667,254821.66667,61.78889,2752.0,D92.a_3,425.47778,23.44444,280.66667,33.11111,520.9,42.11111,1.0,1.95185,48.26667,4213.87778,2.28889,10.44444,3.88889,5.48889,1.77778,16.33333,15.24444,2.31111,55.44444,D92.i_3
17625.87778,1422.77778,17659.77778,2437.52222,23216.11111,205.44444,20.0,42.22222,1241.43333,302109.6,48.71111,302.82222,107.22222,2910.66667,1.0,220.97778,258723.77778,96.23333,2559.55556,D92.a_4,431.58889,31.11111,275.22222,27.33333,534.67778,58.98148,1.21481,8.14074,48.6,3961.87778,2.63704,14.11111,7.88889,6.94074,1.0,5.88889,9.94444,1.65556,54.88889,D92.i_4
19945.43333,1614.88889,19137.33333,3023.52222,24294.44444,137.77778,28.77778,61.88889,1337.65556,295181.93333,55.6,470.04444,102.44444,2900.33333,1.77778,237.42222,358303.77778,227.9,2984.55556,D92.a_5,426.36667,42.22222,277.77778,6.77778,504.12222,40.53704,1.1037,3.06296,48.82222,3736.65556,2.84444,17.33333,4.0,5.60741,1.0,2.55556,4.35556,3.38889,48.11111,D92.i_5
20725.1,1724.88889,19935.22222,3041.52222,25068.33333,181.0,19.33333,68.88889,1299.65556,286652.37778,54.26667,625.04444,102.0,3188.55556,1.77778,240.64444,323541.55556,690.12222,2728.77778,D92.a_6,429.03333,29.22222,298.33333,38.16667,551.12222,42.22222,1.1037,5.3963,56.26667,3600.1,1.97778,17.55556,5.55556,4.71852,1.0,7.44444,16.01111,2.52222,68.22222,D92.i_6
18275.43333,1479.44444,20603.33333,2509.74444,23315.0,279.44444,20.22222,38.88889,1280.43333,280210.15556,54.71111,398.37778,135.11111,3412.22222,3.44444,248.97778,313639.55556,74.23333,3098.55556,D92.a_7,403.81111,18.22222,258.88889,22.05556,544.67778,18.5,1.1037,9.09259,46.15556,3500.87778,1.52593,20.88889,6.88889,3.94815,1.0,5.66667,8.94444,3.17778,54.55556,D92.i_7
16602.65556,1536.77778,19902.33333,3041.41111,23046.77778,224.0,23.22222,46.77778,1161.87778,271578.15556,45.71111,484.48889,115.11111,3223.11111,1.0,229.31111,325522.44444,442.9,3031.11111,D92.a_8,418.25556,21.22222,299.66667,25.0,489.01111,58.98148,1.20741,11.26667,50.93333,3416.54444,1.85185,13.66667,3.66667,4.71852,1.77778,2.88889,9.35556,3.3,42.55556,D92.i_8
18620.76667,1421.88889,18244.0,2693.18889,22422.11111,178.66667,18.55556,30.55556,1240.76667,264581.15556,56.93333,297.82222,141.0,2750.22222,1.0,215.42222,317808.22222,81.9,2838.0,D92.a_9,455.81111,20.22222,266.0,25.44444,539.12222,20.18519,1.31111,7.45926,56.15556,3332.76667,1.74815,8.22222,4.44444,3.94815,1.0,4.88889,5.35556,4.83333,71.22222,D92.i_9
15848.5,1665.33333,84556.2,472.6,23488.01111,655.33333,22.6,511.05556,1111.12222,280722.74444,11.44444,423.88889,89.44444,348.66667,2.66667,832.06667,498.77778,51.01111,11162.51111,D93.a_0,402.47778,57.35556,219.61111,52.46667,510.61111,392.44444,1.0,10.51111,22.65556,2665.08889,1.11111,53.15556,4.33333,1.11111,1.0,9.91852,33.88889,2.12222,57.82222,D93.i_0
15026.16667,1643.11111,81086.2,421.04444,22391.23333,491.11111,29.71111,575.38889,1056.34444,263890.85556,9.88889,388.33333,80.44444,342.0,1.0,973.73333,797.88889,66.56667,10045.51111,D93.a_1,372.81111,74.24444,228.61111,45.5,470.83333,439.66667,1.33333,7.42222,25.32222,2481.86667,1.11111,61.6,9.66667,1.44444,1.0,5.86667,48.24444,2.41481,56.6,D93.i_1
14010.94444,1488.44444,78540.31111,428.82222,20560.34444,546.55556,22.26667,502.83333,968.01111,247405.41111,8.55556,409.88889,76.88889,392.55556,1.0,891.17778,620.66667,54.54074,9780.62222,D93.a_2,348.58889,46.73333,267.27778,52.46667,431.83333,392.44444,1.11111,7.53333,32.98889,2324.53333,1.11111,38.2,10.55556,1.77778,1.0,8.36296,55.02222,2.78889,47.48889,D93.i_2
13886.61111,1542.88889,71914.86667,353.93333,18878.23333,696.44444,33.93333,454.83333,973.9,234365.52222,7.11111,384.55556,93.55556,400.77778,2.66667,901.17778,590.77778,63.56667,9331.4,D93.a_3,370.03333,68.73333,216.72222,47.24444,443.5,462.22222,1.22222,11.73333,24.76667,2251.42222,1.0,35.82222,4.66667,1.22222,1.0,6.31111,24.71111,3.97037,59.71111,D93.i_3
12761.83333,1366.11111,69855.2,325.6,18381.12222,645.22222,20.26667,390.5,883.01111,225029.3,5.88889,362.77778,65.11111,294.33333,1.0,785.4,638.44444,48.76296,9674.06667,D93.a_4,367.81111,71.6,256.38889,37.83333,463.27778,312.44444,1.11111,8.45185,22.87778,2187.75556,1.0,46.37778,7.55556,2.77778,1.0,10.80741,28.71111,3.16296,44.93333,D93.i_4
12263.16667,1217.44444,60813.53333,331.04444,17234.23333,712.66667,16.15556,384.83333,828.01111,210520.18889,5.66667,327.77778,62.88889,295.44444,1.0,648.4,1050.44444,42.78889,9036.73333,D93.a_5,349.14444,94.95556,225.61111,55.13333,407.05556,554.55556,1.0,8.45185,26.1,2130.31111,1.11111,34.37778,45.66667,2.0,1.0,6.02963,60.08889,1.74815,62.15556,D93.i_5
11685.72222,1319.77778,61699.53333,335.93333,17232.12222,610.11111,22.26667,353.16667,798.34444,200945.18889,7.11111,329.77778,60.11111,344.11111,1.0,737.17778,1006.22222,46.67778,8613.51111,D93.a_6,329.81111,89.68889,202.61111,104.03333,419.94444,310.11111,1.0,9.48148,31.65556,2041.53333,1.11111,28.37778,8.22222,2.22222,1.0,5.31111,53.2,1.74815,52.26667,D93.i_6
11240.5,1505.55556,69197.86667,284.37778,17844.9,636.66667,20.26667,375.38889,805.78889,195796.18889,6.44444,366.66667,53.33333,229.11111,3.44444,680.17778,410.66667,52.34444,8739.06667,D93.a_7,331.7,45.26667,191.27778,68.03333,420.27778,519.66667,1.11111,5.2,32.87778,1957.86667,1.0,42.37778,6.33333,1.33333,2.55556,10.25185,62.37778,1.0,46.37778,D93.i_7
11223.72222,1227.66667,64388.42222,323.04444,15849.9,493.11111,18.26667,372.94444,744.23333,189314.63333,7.44444,338.66667,63.66667,243.77778,1.0,634.28889,693.11111,44.9,7319.73333,D93.a_8,381.58889,125.04444,243.05556,30.16667,448.72222,616.33333,1.0,10.78519,20.76667,1904.75556,1.0,35.15556,6.33333,1.88889,1.0,4.25926,50.13333,7.60741,56.6,D93.i_8
10563.05556,1243.0,56262.86667,251.04444,15545.45556,458.11111,18.48889,322.72222,753.78889,182920.41111,7.77778,306.77778,63.44444,202.11111,1.0,724.4,334.55556,41.23333,7782.4,D93.a_9,319.25556,54.02222,221.05556,45.5,397.38889,486.88889,1.22222,3.05926,27.32222,1842.08889,1.0,40.6,7.33333,2.33333,1.0,10.19259,20.24444,8.68889,47.26667,D93.i_9
22640.63333,3288.22222,15436.96667,4038.3,87780.84444,119.22222,9.72222,106.6,3994.84444,486968.2,54.6,284.44444,462.55556,402.34444,1.0,83.55556,361.22222,67.13333,8374.77778,D94.a_0,402.04444,50.44444,279.84444,33.09259,528.91111,705.57778,1.0,6.08148,37.57778,2451.87778,1.0,20.71111,11.11111,3.44444,1.0,4.11111,11.44444,2.15556,34.11111,D94.i_0
21692.18889,3665.55556,16095.96667,3749.18889,84488.28889,115.0,14.5,89.26667,3633.06667,441427.08889,56.26667,284.33333,431.55556,376.67778,1.0,123.88889,413.88889,66.02222,10304.77778,D94.a_1,387.48889,99.88889,284.06667,33.88889,486.13333,666.57778,1.33333,10.63704,30.91111,2132.21111,1.0963,24.37778,12.77778,3.77778,1.0,4.33333,4.77778,3.73333,27.0,D94.i_1
17135.41111,3300.22222,17886.3,3222.63333,65653.17778,199.33333,19.16667,98.48889,3541.84444,418591.31111,46.15556,341.88889,404.77778,349.56667,1.77778,151.44444,468.0,52.68889,13212.33333,D94.a_2,333.93333,58.66667,252.84444,68.24074,433.68889,284.35556,1.0,1.0,32.91111,1959.21111,1.31852,20.08889,8.66667,3.88889,1.0,5.11111,4.77778,3.02222,37.55556,D94.i_2
19088.52222,3437.88889,16205.63333,3282.07778,73730.84444,168.44444,18.16667,100.93333,3476.51111,403807.86667,45.26667,280.88889,436.77778,381.9,5.11111,117.55556,324.55556,64.8,10370.33333,D94.a_3,326.71111,32.22222,231.84444,71.37037,374.68889,216.57778,1.22222,8.3037,30.24444,1838.43333,1.0963,43.48889,11.33333,2.22222,1.0,4.88889,12.44444,2.68889,36.0,D94.i_3
20301.18889,3130.11111,14126.63333,3475.74444,74306.06667,295.77778,14.61111,79.82222,3406.51111,384164.2,47.71111,259.88889,459.88889,371.45556,2.66667,84.44444,273.11111,65.57778,7912.33333,D94.a_4,292.71111,34.11111,217.17778,76.7037,302.91111,266.02222,1.11111,3.97778,30.02222,1680.98889,1.51111,34.93333,13.66667,2.55556,2.37778,5.88889,9.66667,2.68889,36.22222,D94.i_4
16805.74444,3134.44444,15892.74444,3630.63333,78499.95556,156.0,14.27778,89.26667,3097.84444,371116.64444,56.82222,257.0,406.22222,327.01111,1.77778,131.77778,336.44444,78.68889,9382.55556,D94.a_5,239.6,76.55556,200.28889,16.96296,293.8,461.13333,1.33333,7.42222,27.02222,1539.76667,1.0,50.48889,7.77778,2.66667,1.0,4.44444,5.66667,3.62222,24.11111,D94.i_5
17733.74444,3167.77778,15399.85556,2923.52222,63569.06667,252.66667,13.83333,71.71111,3173.62222,361923.53333,46.71111,238.77778,386.88889,338.23333,6.77778,116.55556,406.66667,89.13333,8486.77778,D94.a_6,248.37778,32.33333,197.51111,15.2037,324.8,498.37778,1.22222,7.42222,31.35556,1434.32222,1.0963,25.97778,6.55556,2.11111,1.68889,5.33333,5.66667,3.71111,21.22222,D94.i_6
17342.18889,3152.55556,15438.18889,3632.96667,72703.62222,119.11111,12.94444,91.6,3136.73333,355909.08889,47.04444,264.0,445.88889,350.78889,2.55556,123.0,502.0,83.24444,9721.22222,D94.a_7,268.71111,39.11111,209.06667,46.77778,312.02222,148.8,1.11111,5.08889,31.24444,1324.65556,1.3037,31.46667,9.55556,2.77778,1.0,4.88889,2.88889,1.62222,25.88889,D94.i_7
16539.41111,2921.0,14309.3,3307.63333,69191.73333,390.33333,13.72222,69.48889,3006.4,347886.53333,46.6,249.77778,404.88889,324.78889,4.11111,124.77778,447.33333,67.46667,9076.55556,D94.a_8,260.6,51.44444,204.51111,20.31481,288.57778,660.24444,1.22222,9.40741,24.46667,1267.1,1.3037,37.42222,8.77778,2.0,1.0,4.11111,4.55556,1.53333,29.44444,D94.i_8
16290.96667,3125.33333,17084.41111,3271.74444,67477.95556,363.55556,16.16667,77.48889,3228.95556,337898.42222,43.26667,281.0,463.77778,344.45556,1.0,163.77778,313.88889,76.46667,11971.0,D94.a_9,274.37778,29.11111,189.95556,47.46296,316.13333,327.57778,1.33333,9.64444,30.35556,1151.32222,1.28889,31.93333,7.0,2.11111,1.0,1.33333,4.66667,1.53333,29.0,D94.i_9
10771.28889,5074.11111,35892.42222,1145.43333,15412.44444,511.66667,31.11111,762.66667,2775.97778,135578.74444,5.04444,282.34444,97.88889,3138.55556,1.71852,154.88889,201666.95556,29.03333,4562.73333,D95.a_0,321.51111,83.77778,311.44444,6.41852,576.04444,2127.0,1.0,5.84444,62.04444,1478.41111,1.77778,8.0,7.76296,1.44444,1.0,11.2963,2.88889,1.25185,42.82222,D95.i_0
10098.06667,4589.88889,35984.31111,1057.65556,14480.55556,489.11111,33.33333,630.66667,2688.31111,129163.85556,3.16296,280.45556,88.44444,3559.55556,1.71852,148.11111,226382.17778,26.25556,4343.4,D95.a_1,305.62222,84.88889,341.55556,7.42593,512.37778,2498.88889,1.0,1.0,65.04444,1326.74444,1.44444,7.88889,5.37778,2.11111,1.0,3.99259,1.88889,3.40741,24.37778,D95.i_1
9796.95556,4550.11111,33385.75556,923.65556,13568.55556,745.66667,27.0,589.33333,2457.42222,119900.96667,3.5037,228.67778,80.33333,3544.88889,2.60741,175.22222,205237.73333,23.14444,4120.95556,D95.a_2,296.17778,92.66667,221.77778,29.87407,493.15556,1025.44444,1.0,12.78519,42.93333,1258.41111,1.44444,5.77778,3.05185,1.33333,1.0,5.04444,3.77778,2.26667,19.37778,D95.i_2
9493.84444,4380.11111,33597.86667,1026.65556,13545.44444,355.55556,24.55556,606.0,2391.2,115277.85556,2.85185,232.56667,94.0,3645.0,1.71852,128.88889,220728.84444,25.47778,3931.51111,D95.a_3,280.84444,59.33333,261.77778,23.53333,512.82222,963.44444,1.0,8.7037,50.04444,1179.52222,1.77778,9.33333,6.23704,1.77778,1.0,10.2963,4.66667,2.26667,42.93333,D95.i_3
9221.62222,4207.11111,31999.08889,1160.87778,12895.33333,228.11111,24.88889,623.55556,2398.2,109229.18889,2.83704,236.78889,104.11111,4071.44444,1.0,120.0,234784.4,18.03333,3685.95556,D95.a_4,313.06667,76.55556,294.77778,27.98148,523.71111,811.44444,1.2,10.27407,45.71111,1127.3,1.88889,4.88889,3.62963,2.88889,1.0,6.91111,1.0,2.85185,47.71111,D95.i_4
8715.06667,3874.22222,31076.2,1158.32222,12359.22222,318.44444,25.11111,570.77778,2151.86667,103006.18889,1.97037,202.45556,90.44444,3730.33333,1.0,117.44444,245055.51111,18.81111,3443.28889,D95.a_5,240.4,46.22222,221.22222,27.87037,421.93333,538.22222,1.0,1.87407,42.82222,1059.41111,1.55556,7.55556,9.37778,1.33333,1.77778,8.51852,7.77778,1.12593,44.48889,D95.i_5
8395.62222,3810.44444,30202.08889,1581.1,11957.0,649.11111,21.55556,547.33333,2072.86667,98840.07778,1.64444,211.67778,88.55556,3992.66667,1.0,112.11111,263093.06667,17.03333,3558.17778,D95.a_6,306.4,79.77778,231.55556,28.75556,508.37778,1023.0,1.2,5.84444,37.71111,1033.3,1.66667,14.44444,6.01481,1.88889,1.0,6.62963,8.66667,2.26667,31.82222,D95.i_6
7616.17778,3656.44444,27868.08889,1042.32222,10565.0,398.44444,20.0,476.11111,1973.31111,93045.3,3.51111,195.45556,68.77778,3244.11111,1.0,89.55556,188354.51111,25.58889,3406.95556,D95.a_7,313.4,51.33333,217.22222,34.64074,511.26667,735.44444,1.0,3.85926,45.82222,970.3,1.44444,8.11111,4.43704,1.77778,2.66667,7.91111,1.88889,1.57037,40.48889,D95.i_7
7434.62222,3482.33333,28156.53333,1047.32222,10772.44444,497.33333,24.66667,485.44444,1862.64444,89777.18889,1.85926,193.67778,83.55556,3480.33333,1.0,111.55556,185209.84444,23.51111,3344.95556,D95.a_8,362.62222,82.77778,256.44444,19.54074,640.93333,988.0,1.1,9.57778,49.04444,938.3,1.22222,7.0,6.79259,1.77778,1.0,4.54815,2.88889,1.25185,37.93333,D95.i_8
6628.4,3460.11111,29119.64444,975.1,9186.0,501.33333,23.11111,472.55556,1750.97778,87796.07778,3.96296,223.56667,67.77778,3106.55556,1.71852,98.55556,200691.17778,23.7,3565.4,D95.a_9,309.28889,53.33333,201.55556,45.63704,504.6,786.88889,1.0,3.85926,40.37778,938.3,1.0,5.66667,4.2963,1.22222,2.66667,3.85185,6.66667,1.12593,13.82963,D95.i_9
37797.63333,8902.33333,47514.85556,3421.43333,69472.62222,88.33333,34.22222,476.75556,4123.28889,554721.1,22.0,631.44444,310.88889,3293.16667,1.77778,1083.77778,564.41111,19.9,20545.4,D96.a_0,252.92222,28.13333,211.87778,29.2,313.43333,253.05556,1.0,1.0,42.24444,1282.0,1.0,8.88889,5.85185,3.08148,1.0,6.55556,1.0,2.07778,66.67778,D96.i_0
31731.52222,7151.88889,44432.52222,4242.32222,59529.06667,59.77778,31.77778,443.08889,3496.84444,500377.54444,16.88889,540.88889,264.0,2632.61111,2.66667,1218.77778,504.07778,30.01111,18237.17778,D96.a_1,315.03333,27.7,208.43333,70.28889,339.87778,164.92593,1.0,4.08889,42.02222,1124.55556,1.0,10.0,6.20741,4.85926,1.0,7.77778,1.88889,2.43704,74.9,D96.i_1
32322.74444,7241.11111,44290.85556,4802.32222,57572.17778,230.11111,28.55556,411.42222,3498.73333,465658.54444,15.77778,575.11111,255.22222,2720.05556,3.44444,1212.22222,553.41111,38.45556,17480.62222,D96.a_2,327.36667,26.7,205.65556,34.83333,344.65556,201.81481,1.0,7.25926,39.8,1072.33333,1.11111,4.88889,3.85185,3.52963,1.0,4.44444,1.88889,2.07778,65.78889,D96.i_2
29442.63333,6928.44444,40207.85556,4376.43333,55256.4,111.0,28.55556,406.75556,3253.4,441013.32222,14.0,547.77778,241.88889,2728.72222,1.0,1031.33333,610.85556,21.56667,16871.06667,D96.a_3,306.14444,21.98889,204.76667,64.32222,341.43333,136.03704,1.10741,2.02963,35.8,1067.11111,1.0,11.11111,3.35556,4.86296,2.66667,5.0,3.77778,1.35926,51.56667,D96.i_3
28532.3,6498.22222,39508.52222,4185.21111,53049.51111,228.11111,22.0,416.08889,3189.51111,418523.43333,13.66667,538.77778,244.88889,2792.27778,7.55556,2166.77778,600.07778,28.45556,17172.17778,D96.a_4,257.03333,38.84444,186.43333,65.06667,286.76667,294.05556,1.0,6.22963,42.68889,1004.44444,1.0,10.44444,6.01481,2.64074,1.0,7.44444,2.77778,2.38519,67.67778,D96.i_4
26454.3,6341.0,37381.18889,5147.21111,48558.84444,178.66667,27.88889,371.75556,2967.06667,393719.21111,17.33333,515.66667,226.44444,2572.05556,7.55556,1579.66667,620.85556,18.9,16329.17778,D96.a_5,267.47778,31.95556,204.98889,53.68889,303.76667,226.05556,1.0,4.17037,39.46667,978.33333,1.0,12.55556,3.82222,1.86667,1.77778,6.88889,1.0,1.35926,53.45556,D96.i_5
23625.3,6202.33333,40245.52222,5185.1,41566.62222,113.0,30.44444,424.31111,2797.06667,375858.43333,14.44444,622.33333,211.22222,2665.61111,2.55556,1681.77778,393.96667,25.67778,23679.28889,D96.a_6,260.7,40.17778,172.43333,43.87778,287.32222,310.38889,1.10741,4.17037,35.68889,941.77778,1.0,8.88889,4.93333,1.97778,1.0,6.44444,2.77778,2.43704,55.01111,D96.i_6
23630.96667,6048.0,40186.18889,4852.21111,43151.06667,113.11111,30.33333,416.08889,2779.95556,366849.98889,14.55556,677.88889,221.11111,2333.83333,2.55556,1003.55556,440.63333,29.45556,21970.62222,D96.a_7,256.47778,29.95556,185.65556,38.13333,298.54444,244.72222,1.0,7.34074,40.35556,888.66667,1.0,10.88889,3.35556,2.2,1.0,8.0,3.77778,1.71852,57.9,D96.i_7
22895.07778,6288.88889,40859.41111,3338.98889,43048.51111,228.22222,24.55556,383.42222,2780.17778,359460.87778,14.22222,650.22222,198.77778,2160.27778,4.22222,1273.88889,389.41111,22.45556,21021.73333,D96.a_8,346.14444,30.84444,237.43333,67.62222,432.1,271.38889,1.0,1.0,35.46667,883.33333,1.0,10.66667,4.76296,4.31481,1.0,6.66667,2.88889,1.35926,57.45556,D96.i_8
21551.63333,5641.66667,41035.18889,5350.98889,39580.84444,230.11111,29.88889,375.2,2704.51111,347492.87778,13.11111,613.11111,201.88889,2309.72222,3.44444,1320.77778,394.96667,25.78889,21014.06667,D96.a_9,248.7,33.95556,178.43333,61.87778,261.1,164.5,1.10741,4.17037,37.24444,857.22222,1.11111,8.88889,3.18519,3.52963,1.0,5.55556,1.0,1.0,62.01111,D96.i_9
19080.82222,7770.0,11722.04444,9557.77778,145756.56667,180.66667,42.33333,123.04444,4342.57778,764785.85556,51.0,363.0,300.06667,2442.0,7.37778,402.77778,742.44444,78.15556,9271.48889,D97.a_0,117.81111,30.22222,155.15556,128.53333,392.9,42.64444,1.11111,5.07778,39.12222,3829.2,1.0,11.88889,1.0,10.44444,1.0,4.44444,9.55556,4.25926,61.97778,D97.i_0
19285.04444,7817.77778,10563.82222,7859.66667,119819.34444,217.88889,36.22222,118.48889,4125.91111,739189.74444,47.77778,401.0,301.51111,2388.55556,2.60741,395.77778,814.77778,146.04444,8199.37778,D97.a_1,113.25556,33.22222,142.48889,42.48889,416.9,40.77778,1.22222,4.08889,46.23333,3336.31111,1.0,11.33333,1.66667,12.66667,1.0,3.22222,5.55556,1.81481,59.31111,D97.i_1
18637.26667,7900.77778,13427.26667,8392.22222,115233.56667,217.77778,30.66667,151.26667,3924.46667,712411.85556,48.77778,362.66667,306.51111,2176.88889,1.0,458.22222,911.77778,118.37778,8996.37778,D97.a_2,121.58889,30.22222,154.48889,76.68889,507.67778,73.42222,1.11111,4.08889,41.67778,2995.31111,1.22222,10.77778,3.0,9.33333,1.0,2.77778,5.66667,2.81481,76.86667,D97.i_2
16747.48889,7234.11111,12622.71111,8644.0,112844.34444,287.66667,41.44444,139.37778,3775.57778,669887.63333,50.33333,397.33333,272.17778,2162.66667,3.32593,418.77778,779.22222,115.71111,7748.15556,D97.a_3,110.36667,55.44444,121.15556,50.91111,373.9,57.11111,1.33333,4.08889,39.34444,2675.64444,1.33333,8.66667,1.66667,6.66667,1.0,1.33333,8.44444,3.22222,51.53333,D97.i_3
17064.82222,7296.88889,11121.48889,8105.22222,115355.45556,259.0,35.55556,120.82222,3907.24444,645439.52222,46.44444,323.33333,272.17778,2195.44444,1.71852,365.11111,669.22222,92.6,7621.82222,D97.a_4,116.47778,41.11111,96.15556,34.31111,364.23333,52.75556,1.44444,5.07778,36.23333,2460.53333,1.0,7.11111,3.11111,9.55556,1.0,2.77778,5.66667,4.18519,54.75556,D97.i_4
16760.82222,6624.33333,9846.26667,8343.33333,111583.78889,285.44444,36.22222,91.79259,3560.24444,617079.63333,41.77778,331.55556,270.17778,2163.44444,1.71852,298.33333,552.33333,110.6,7045.15556,D97.a_5,107.25556,41.33333,102.82222,50.37778,387.78889,28.44444,1.33333,7.17778,33.34444,2340.2,1.11111,6.88889,1.0,9.44444,1.0,5.11111,7.44444,4.37037,64.86667,D97.i_5
15133.82222,6402.11111,10537.48889,8468.0,99756.9,240.44444,32.77778,125.48889,3278.02222,586481.96667,43.88889,314.88889,274.17778,1983.22222,1.0,406.44444,753.33333,61.71111,7971.15556,D97.a_6,149.81111,32.11111,127.82222,53.97778,314.56667,83.75556,1.33333,6.42222,41.67778,2177.53333,1.11111,11.77778,3.44444,7.33333,1.0,8.55556,4.66667,3.0,61.08889,D97.i_6
16561.48889,7177.0,8935.15556,6768.88889,104741.56667,295.88889,36.33333,122.04444,3622.57778,570392.52222,36.11111,367.11111,259.4,2081.66667,2.43704,337.22222,483.11111,145.04444,7686.6,D97.a_7,136.7,43.11111,131.37778,103.51111,323.01111,53.22222,1.22222,5.2,34.9,2072.86667,1.33333,14.66667,3.11111,5.88889,1.0,9.0,7.33333,2.77778,68.53333,D97.i_7
15213.6,6250.11111,12100.82222,7505.33333,94702.78889,180.77778,36.66667,104.37778,3380.91111,550934.96667,40.55556,266.77778,256.4,2175.44444,1.0,367.88889,491.0,66.04444,7606.15556,D97.a_8,123.25556,36.22222,129.48889,111.51111,344.78889,65.2,1.11111,8.52222,31.12222,1894.42222,1.0,10.11111,3.0,6.11111,1.77778,9.66667,4.66667,3.77778,52.53333,D97.i_8
14833.15556,5908.66667,10160.26667,7364.0,89100.78889,238.44444,54.22222,105.6,3128.8,532658.74444,40.33333,327.55556,214.84444,1767.77778,1.71852,584.11111,441.44444,137.04444,7076.04444,D97.a_9,117.7,27.33333,92.6,52.93333,236.9,46.64444,1.0,6.42222,24.67778,1810.75556,1.11111,10.11111,3.0,6.22222,1.0,4.66667,6.55556,4.18519,43.31111,D97.i_9
34328.0,8511.47778,11420.36667,6317.97778,109272.15556,32.2,34.31111,26.11111,4106.82222,618126.08889,54.11111,531.22222,352.33333,3530.66667,1.77778,125.22222,368356.44444,499.6,16396.71111,D98.a_0,240.41111,26.33333,148.92222,20.23704,176.21111,59.77778,1.31111,3.22222,33.7,2067.72222,1.22222,12.88889,3.44444,1.88889,1.0,2.11111,41.22222,2.65926,42.55556,D98.i_0
30849.0,7377.92222,10915.47778,5065.42222,90183.37778,40.28889,29.86667,14.55556,3563.15556,568372.08889,54.33333,473.33333,283.22222,3715.66667,5.88889,130.33333,367612.0,404.6,14850.26667,D98.a_1,234.52222,33.33333,128.14444,17.2963,167.65556,148.22222,1.0,6.55556,17.7,1810.83333,1.0,7.77778,2.33333,1.77778,2.66667,4.66667,9.44444,1.60741,28.44444,D98.i_1
29315.33333,7089.14444,11525.81111,4551.64444,85553.6,38.53333,29.53333,20.11111,3434.82222,518520.08889,50.88889,447.77778,304.11111,3632.77778,4.33333,135.22222,434737.11111,375.71111,14749.6,D98.a_2,227.85556,31.11111,115.03333,9.82222,190.65556,53.66667,1.0,5.44444,27.25556,1663.5,1.0,12.11111,4.77778,1.44444,2.66667,4.22222,41.33333,6.74074,32.77778,D98.i_2
27167.11111,6533.58889,12430.7,4342.42222,74304.04444,26.08889,26.2,19.11111,3011.48889,466202.2,46.88889,476.88889,317.55556,3782.88889,1.77778,139.0,502990.11111,325.48889,16172.15556,D98.a_3,237.96667,38.33333,147.47778,32.74074,201.43333,76.0,1.1,3.22222,51.14444,1585.16667,1.11111,13.88889,5.66667,2.55556,1.0,2.88889,173.55556,5.45926,39.44444,D98.i_3
22169.88889,5451.7,12339.36667,3498.31111,55970.48889,32.66667,27.75556,20.11111,2655.93333,429327.64444,34.88889,466.33333,321.55556,3269.77778,3.33333,122.0,439913.22222,193.71111,20283.71111,D98.a_4,249.63333,28.11111,159.03333,4.32593,174.54444,78.44444,1.3,2.11111,22.36667,1511.61111,1.0,15.77778,2.0,1.66667,1.0,7.0,3.77778,1.60741,54.33333,D98.i_4
22816.55556,5407.25556,12540.03333,4427.53333,63848.82222,46.51111,27.08889,20.22222,2703.15556,401589.31111,35.22222,475.33333,290.55556,3527.11111,1.0,138.33333,486186.55556,216.04444,19376.82222,D98.a_5,255.41111,20.11111,149.81111,24.96296,181.1,105.11111,1.0,8.77778,24.25556,1432.72222,1.0,13.55556,2.77778,1.88889,1.0,3.55556,81.66667,3.6,41.22222,D98.i_5
20485.33333,5337.14444,11423.25556,3619.64444,56514.37778,48.51111,27.97778,27.22222,2362.82222,384784.64444,38.0,431.55556,275.88889,3289.22222,2.55556,132.0,351949.0,204.26667,20312.26667,D98.a_6,267.85556,24.22222,158.7,40.68148,178.21111,100.55556,1.1,3.22222,45.7,1364.83333,1.0,17.33333,3.44444,2.22222,1.0,5.11111,12.66667,5.74074,37.33333,D98.i_6
19854.22222,5329.25556,10503.47778,3307.42222,58715.93333,59.08889,21.42222,16.77778,2295.93333,365847.75556,37.88889,359.11111,260.55556,2926.77778,1.77778,123.88889,348553.44444,223.37778,19241.48889,D98.a_7,201.96667,13.44444,122.92222,16.91111,145.76667,35.11111,1.0,3.22222,28.14444,1302.16667,1.0,11.44444,1.66667,1.22222,1.0,4.33333,5.66667,2.71852,37.44444,D98.i_7
21427.22222,5560.36667,14317.47778,3485.53333,55478.37778,57.22222,23.31111,27.22222,2534.82222,338537.42222,42.22222,436.88889,295.66667,3963.22222,1.0,145.66667,594279.44444,198.04444,21747.26667,D98.a_8,220.52222,22.55556,133.47778,25.15556,182.21111,70.11111,1.0,5.44444,32.7,1260.05556,1.0,11.66667,4.0,2.22222,1.77778,4.0,56.88889,4.71111,36.77778,D98.i_8
18698.77778,5027.25556,13471.81111,3521.31111,51233.93333,56.73333,20.31111,19.22222,2179.82222,314237.75556,30.22222,417.33333,183.11111,3972.44444,2.66667,140.88889,618681.11111,191.15556,16992.82222,D98.a_9,196.07778,22.33333,143.58889,46.0963,217.98889,31.22222,1.0,5.44444,14.81111,1207.16667,1.11111,12.11111,1.66667,1.33333,1.0,4.0,9.66667,3.93333,32.0,D98.i_9
8846.68889,4573.55556,59353.16667,6590.48889,15592.67778,612.66667,34.22222,404.82222,883.21111,117656.27778,10.45556,12321.98889,141.77778,1620.11111,1.0,958.95556,1757.02222,131.47778,7971.62222,D99.a_0,425.1,88.88889,641.96667,90.67778,554.33333,121.62222,1.11111,12.0,49.25556,1717.76667,1.0,251.33333,11.66667,4.66667,1.0,9.66667,5.55556,3.2037,130.77778,D99.i_0
8255.13333,3922.88889,58755.38889,5413.48889,14317.12222,577.77778,25.88889,312.37778,770.32222,115400.27778,11.56667,11265.87778,123.0,1235.22222,1.0,799.17778,1652.24444,111.36667,7318.17778,D99.a_1,385.87778,77.66667,637.3,92.88519,521.88889,151.02222,1.44444,8.92593,52.03333,1612.87778,1.19259,221.44444,7.66667,5.77778,1.0,11.22222,6.77778,2.23704,124.22222,D99.i_1
8450.8,4230.66667,60890.05556,5521.6,13407.34444,522.33333,26.0,282.04444,795.65556,113150.72222,8.12222,11279.32222,118.66667,1130.11111,1.0,649.51111,1447.68889,96.14444,7414.17778,D99.a_2,412.54444,97.88889,588.85556,106.05926,541.22222,251.57778,1.22222,6.7037,49.47778,1565.87778,1.0963,197.66667,5.55556,6.44444,1.0,10.22222,2.88889,3.64815,115.44444,D99.i_2
7937.13333,3840.77778,57982.83333,5009.82222,14625.45556,626.88889,29.11111,301.82222,739.1,110593.38889,7.67778,10497.1,102.44444,1070.77778,1.0,699.62222,1895.46667,119.92222,7000.73333,D99.a_3,387.54444,121.0,584.52222,72.32963,497.66667,177.17778,1.11111,7.81481,40.47778,1492.1,1.0963,232.55556,7.0,7.44444,1.0,15.77778,4.66667,1.52222,116.22222,D99.i_3
8266.57778,4367.0,58284.94444,4717.82222,13869.67778,569.55556,31.55556,381.48889,788.87778,108324.38889,10.24444,11220.43333,101.88889,1168.11111,1.77778,898.4,1575.35556,133.03333,7670.62222,D99.a_4,342.32222,79.66667,502.96667,129.56667,450.44444,95.06667,1.22222,8.68519,37.81111,1439.54444,1.0,163.55556,5.55556,4.77778,1.0,4.88889,6.66667,3.09259,110.22222,D99.i_4
8390.68889,4300.33333,59333.72222,4996.37778,13273.01111,809.88889,26.66667,292.71111,805.32222,106828.5,6.57778,11035.87778,124.11111,1306.0,1.77778,736.73333,3122.8,110.7,7480.95556,D99.a_5,411.87778,102.0,597.96667,121.78889,568.22222,230.51111,1.0,4.72222,54.03333,1397.76667,1.0963,217.11111,6.11111,5.55556,1.0,11.22222,6.66667,1.79259,109.22222,D99.i_5
8588.8,4804.77778,59356.27778,5058.6,14434.45556,614.44444,29.77778,444.6,802.54444,105799.83333,11.12222,11455.32222,123.11111,1330.22222,1.0,928.62222,891.68889,128.47778,7833.95556,D99.a_6,397.87778,91.66667,546.3,75.23333,538.66667,125.73333,1.33333,11.64815,48.14444,1350.76667,1.0963,186.44444,7.0,7.0,1.0,2.11111,3.77778,3.61481,86.33333,D99.i_6
7770.68889,3875.22222,55624.38889,4482.48889,13536.34444,497.55556,24.55556,250.6,689.54444,103666.16667,4.35556,10218.54444,111.88889,1340.0,1.77778,722.06667,776.68889,104.14444,6791.73333,D99.a_7,364.98889,78.66667,500.52222,137.34444,505.11111,117.51111,1.22222,6.7037,38.7,1303.76667,1.0963,197.88889,5.55556,6.66667,1.0,5.11111,13.44444,3.18889,100.55556,D99.i_7
7717.02222,3912.66667,55628.16667,5141.37778,14512.34444,655.55556,32.33333,365.04444,749.21111,101133.05556,6.9,10218.76667,110.22222,1296.22222,2.55556,807.4,910.57778,148.92222,7267.95556,D99.a_8,336.98889,48.33333,475.41111,67.39259,452.0,140.06667,1.22222,5.83333,44.14444,1293.32222,1.0,158.33333,8.22222,4.44444,1.0,7.11111,13.22222,1.96667,78.55556,D99.i_8
7582.46667,3861.88889,57635.38889,5251.93333,12993.56667,663.88889,27.55556,321.82222,771.54444,98170.94444,5.9,10126.87778,124.66667,1164.88889,4.22222,824.95556,1553.57778,136.92222,7319.95556,D99.a_9,390.32222,59.44444,545.18889,60.01111,538.77778,91.35556,1.0,3.85185,50.03333,1240.87778,1.0963,167.66667,10.0,3.0,1.0,7.22222,15.22222,3.6963,94.22222,D99.i_9
109280.77778,7430.37778,7638.71111,1950.52222,157778.91111,256.86667,7.86667,19.36667,791.53333,504220.52222,15.87778,473.0,16.20741,526.22222,1.0,692.2,251.53333,330.54444,1631.4,E1.a_0,762.64444,44.91111,69.84444,66.47778,891.91111,22.88889,1.0,4.72222,11.71111,5172.46667,1.0,20.1,14.1037,6.68889,1.0,9.66667,3.64444,2.4,27.4,E1.i_0
102243.66667,11721.71111,7846.26667,1940.18889,143773.02222,371.6,11.75556,10.68889,847.75556,476410.96667,19.32222,495.0,24.0963,519.66667,1.0,781.97778,204.86667,589.32222,1711.51111,E1.a_1,771.64444,41.51111,72.73333,29.72222,866.46667,63.88889,1.0,4.72222,6.71111,4962.91111,1.1037,18.43333,14.65926,6.57778,1.0,8.77778,2.64444,8.26667,27.06667,E1.i_1
102269.66667,4969.71111,7969.04444,1911.74444,142811.57778,314.15556,16.2,20.58148,715.97778,458407.3,15.98889,508.55556,21.51111,496.0,1.0,677.97778,281.08889,521.21111,1985.28889,E1.a_2,742.08889,48.97778,71.4,32.27778,873.68889,131.88889,1.0,4.96296,11.93333,4800.24444,1.20741,23.76667,16.8963,7.13333,2.66667,18.11111,1.0,3.06667,31.28889,E1.i_2
97738.88889,7857.48889,8040.93333,1961.07778,138664.13333,279.04444,9.2,16.58519,766.2,438264.85556,17.65556,476.0,20.62222,469.55556,1.0,731.97778,253.42222,564.1,1861.62222,E1.a_3,755.64444,38.51111,92.62222,47.57778,912.68889,110.77778,1.0,2.74074,11.04444,4695.46667,1.0,26.87778,16.86667,7.68889,1.0,10.55556,3.64444,5.75556,27.73333,E1.i_3
96016.44444,8285.82222,7435.71111,1932.63333,136634.24444,268.82222,9.31111,13.46296,737.75556,420821.41111,17.43333,487.77778,25.17778,427.33333,1.0,751.31111,210.97778,606.1,1611.4,E1.a_4,692.75556,36.8,54.17778,11.07778,782.57778,140.22222,1.0963,5.59259,10.93333,4590.02222,1.42963,28.65556,10.73333,7.34444,1.77778,7.0,4.64444,2.73333,24.51111,E1.i_4
90972.66667,7627.15556,7243.82222,1759.74444,128244.46667,278.93333,12.42222,25.8,677.64444,403191.63333,17.98889,458.77778,24.73333,470.33333,1.0,755.64444,233.75556,543.21111,1755.73333,E1.a_5,671.64444,37.44444,58.51111,34.83333,762.13333,39.44444,1.41481,1.0,8.48889,4496.02222,1.65185,40.1,10.34074,7.01111,3.44444,7.22222,2.64444,2.6,23.73333,E1.i_5
84558.33333,7461.93333,6855.48889,1519.96667,119050.91111,355.04444,9.31111,24.6963,655.75556,381675.96667,15.43333,425.22222,16.4,422.88889,1.0,523.64444,180.31111,402.76667,1385.73333,E1.a_6,717.97778,40.8,61.95556,28.06667,798.68889,156.33333,1.0963,3.85185,8.82222,4327.91111,1.20741,27.1,20.31111,6.13333,1.0,9.11111,1.82222,4.86667,28.06667,E1.i_6
80734.77778,6334.15556,7130.6,1643.74444,117110.57778,328.48889,9.64444,25.24815,626.86667,367426.85556,14.76667,448.11111,15.51111,424.0,1.0,592.31111,250.64444,570.54444,1501.84444,E1.a_7,756.75556,44.51111,128.62222,9.42222,923.8,98.88889,1.0,5.83333,11.15556,4213.02222,1.20741,32.43333,19.24444,7.91111,1.0,14.88889,6.64444,3.4,37.62222,E1.i_7
81622.66667,5845.48889,6843.48889,1504.41111,113336.35556,283.15556,12.08889,20.7,580.2,358926.18889,14.1,428.66667,12.95556,445.22222,1.0,473.53333,163.53333,436.76667,1294.28889,E1.a_8,642.86667,35.8,51.17778,7.76667,673.46667,182.88889,1.0963,2.74074,9.48889,4118.02222,1.20741,20.08889,11.88148,4.35556,1.77778,4.11111,4.64444,2.66667,17.73333,E1.i_8
78522.33333,6961.82222,6447.71111,1610.07778,109229.02222,258.6,8.2,20.02222,612.64444,349388.52222,12.43333,384.44444,13.31852,448.22222,1.0,524.64444,192.08889,305.43333,1102.51111,E1.a_9,687.86667,45.51111,61.06667,28.06667,815.68889,244.66667,1.0963,6.7037,10.71111,4008.35556,1.0,28.54444,13.21481,5.01111,1.0,10.44444,1.0,5.08889,30.73333,E1.i_9
9888.21111,16513.37778,10572.62222,3489.36667,36187.11111,422.43333,10.55556,26.08148,6353.64444,202669.96667,228.18889,3222.13333,6882.11111,451.66667,42.44444,1054.08889,397.77778,1440.26667,4588.75556,E10.a_0,111.56667,242.01111,82.7,49.74444,614.55556,218.57778,1.1,3.84444,45.14444,2046.2,14.43704,73.04444,270.28889,1.73333,1.0,4.43704,1.0,17.74074,10.0,E10.i_0
9572.76667,16485.04444,10504.95556,3682.81111,34615.66667,286.76667,9.55556,13.9037,6210.08889,191426.85556,255.74444,3138.8,7026.33333,463.88889,27.11111,1071.97778,431.66667,1328.37778,4297.31111,E10.a_1,163.9,241.01111,92.81111,44.52222,834.33333,418.26667,1.0,4.00741,43.81111,1899.2,13.2,89.93333,269.84444,2.0,1.68889,10.06667,2.88889,18.07407,13.0,E10.i_1
9060.54444,13367.04444,10173.62222,3200.25556,32955.88889,326.53333,10.0,10.02222,5582.75556,185129.74444,231.85556,3225.46667,6485.88889,409.77778,26.0,1128.08889,423.55556,1451.6,3901.08889,E10.a_2,154.34444,316.9,112.58889,34.53333,372.77778,534.91111,1.0,4.00741,54.36667,1778.86667,15.53333,78.93333,285.28889,2.13333,1.0,10.73333,9.44444,20.96296,14.33333,E10.i_2
9040.54444,13263.71111,9413.51111,3117.81111,33705.88889,611.43333,9.0,22.63704,6121.53333,179550.63333,231.52222,3002.57778,7251.88889,420.11111,31.55556,822.08889,343.55556,1061.26667,3535.64444,E10.a_3,117.9,414.67778,154.36667,18.4,297.11111,643.91111,1.0,1.0,46.58889,1731.86667,15.42222,65.93333,248.06667,1.17778,1.0,8.68148,4.77778,25.77778,9.55556,E10.i_3
9357.76667,13084.6,10296.84444,3339.47778,34282.11111,492.1,8.44444,10.45926,5701.31111,174229.96667,226.52222,3164.8,7408.0,426.55556,32.22222,995.08889,390.77778,1323.48889,3882.75556,E10.a_4,162.34444,306.67778,95.36667,28.15556,421.22222,460.91111,1.0,8.23704,51.36667,1678.86667,17.08889,85.37778,308.06667,2.53333,2.57778,10.68148,4.66667,25.66667,12.0,E10.i_4
9256.32222,15415.93333,10463.17778,3386.03333,32878.0,449.1,11.55556,11.40741,5271.97778,170632.85556,211.74444,3114.46667,7435.11111,363.11111,30.66667,1018.53333,436.55556,1451.93333,4161.86667,E10.a_5,118.56667,272.23333,94.7,75.75556,348.44444,370.68889,1.2,1.94815,50.14444,1636.86667,17.75556,74.15556,280.62222,1.51111,1.68889,11.01481,6.55556,20.88889,11.33333,E10.i_5
8848.21111,13736.71111,9587.4,3308.7,32537.11111,407.98889,8.33333,12.62963,5347.53333,166909.07778,202.41111,2999.8,6302.66667,404.0,30.44444,886.31111,326.44444,1149.71111,3658.2,E10.a_6,122.34444,287.56667,100.25556,62.63333,336.55556,407.82222,1.0,3.05926,54.36667,1579.42222,16.42222,79.48889,301.95556,2.44444,2.57778,11.26667,3.77778,18.85185,11.22222,E10.i_6
8385.32222,17736.26667,9026.06667,3104.81111,30119.88889,383.32222,8.22222,19.08148,4721.53333,162339.41111,211.18889,2791.91111,7968.77778,393.44444,19.44444,712.31111,313.55556,1055.04444,3081.97778,E10.a_7,195.67778,558.23333,90.81111,36.4,581.0,1404.37778,1.0,7.01481,54.81111,1574.2,14.64444,82.15556,281.06667,1.35556,1.0,10.9037,3.66667,19.66667,13.22222,E10.i_7
8124.87778,15475.93333,8871.73333,2802.7,28806.33333,266.32222,10.33333,20.02963,4635.97778,153854.52222,208.52222,2794.57778,7012.55556,325.44444,23.66667,855.2,312.66667,1214.26667,3128.31111,E10.a_8,92.01111,331.9,75.81111,36.4,253.88889,245.24444,1.0,5.11852,46.14444,1527.2,13.31111,47.48889,235.95556,1.08889,3.06667,7.82222,2.88889,17.11111,5.11111,E10.i_8
7752.98889,11229.93333,8555.17778,3117.7,27768.11111,166.31111,10.22222,27.35556,4355.86667,145418.41111,174.74444,2869.68889,5196.22222,345.11111,17.66667,709.42222,315.77778,1226.48889,2797.97778,E10.a_9,103.23333,336.12222,91.58889,34.18889,364.88889,241.13333,1.0,7.8,52.7,1479.2,17.31111,56.15556,271.06667,1.48889,1.0,7.68148,3.77778,22.0,13.0,E10.i_9
78050.85556,49006.17778,28450.55556,1543.01111,249150.46667,2925.11111,80.72222,64.36296,3149.93333,316310.18889,41.88889,1178.67778,266.11111,769.88889,1.74815,967.44444,990.77778,5151.31111,3738.57778,E11.a_0,500.98889,278.66667,95.24444,91.44444,1320.62222,123.44444,1.0,3.54815,64.63333,3451.23333,2.39259,43.18889,33.17778,3.33333,1.0,11.73333,1.88889,94.24444,30.31111,E11.i_0
74240.63333,48664.4,25298.0,1476.12222,214945.46667,2669.88889,75.72222,70.81111,3125.26667,304158.96667,39.0,1167.01111,311.88889,754.44444,1.0,1064.44444,1016.77778,4966.97778,3531.35556,E11.a_1,438.54444,218.88889,88.35556,50.88889,1199.06667,90.44444,1.21481,2.43704,84.52222,3199.34444,2.05926,35.18889,37.4,1.77778,1.77778,10.15556,2.88889,90.68889,19.97778,E11.i_1
67705.18889,45434.51111,26116.0,1254.23333,205654.46667,2620.55556,84.94444,95.25556,2847.71111,296779.74444,36.0,1127.56667,271.55556,717.77778,3.38519,1106.11111,1359.55556,4412.2,3477.57778,E11.a_2,571.32222,404.77778,115.46667,50.22222,1551.28889,248.55556,1.1037,4.26667,75.63333,3058.01111,1.65185,54.07778,27.17778,3.0,1.0,12.04444,7.55556,108.8,29.2,E11.i_2
71020.96667,44618.95556,24930.88889,1432.12222,211418.46667,2762.44444,85.83333,82.47778,2869.04444,291443.3,38.88889,1166.67778,293.88889,729.44444,2.63704,985.44444,1199.88889,4753.64444,3491.68889,E11.a_3,517.32222,296.55556,95.02222,43.85185,1368.28889,265.0,1.0,1.71852,76.74444,2931.78889,1.63704,44.3,34.62222,2.55556,1.77778,12.08889,8.55556,132.91111,28.2,E11.i_3
67765.85556,45876.28889,24127.88889,1331.67778,202603.57778,2268.77778,89.05556,60.25556,2890.26667,284637.52222,40.0,1095.01111,445.66667,748.88889,1.0,930.33333,1038.33333,4843.97778,3573.8,E11.a_4,523.21111,257.33333,139.35556,41.2963,1397.17778,349.22222,1.0,4.26667,79.96667,2858.67778,1.75556,49.96667,36.06667,2.55556,1.0,10.2,5.66667,105.02222,27.53333,E11.i_4
61916.85556,43904.84444,23976.0,1220.67778,186627.13333,2690.66667,69.05556,67.36667,2671.26667,277137.18889,34.22222,1032.34444,232.44444,716.33333,1.0,949.55556,982.0,4532.31111,3692.24444,E11.a_5,504.65556,231.22222,95.57778,26.51852,1324.51111,74.33333,1.0,2.43704,90.07778,2790.78889,1.31111,46.3,28.65185,3.0,1.0,9.71111,3.66667,99.57778,23.2,E11.i_5
60824.85556,39809.06667,23466.88889,1145.78889,190976.46667,2561.22222,63.94444,67.36667,2655.04444,270018.3,35.33333,1103.12222,221.0,673.33333,1.0,864.55556,877.11111,5007.08889,3288.91111,E11.a_6,487.87778,300.77778,93.57778,41.2963,1304.17778,246.88889,1.0,2.82963,69.85556,2722.23333,1.74074,32.63333,42.54074,2.66667,2.66667,8.06667,1.88889,100.46667,25.97778,E11.i_6
58842.3,42506.17778,21644.77778,1189.9,181382.13333,2756.55556,78.16667,60.25556,2732.93333,266114.52222,34.66667,1088.12222,199.44444,739.44444,1.74815,928.77778,853.33333,5581.2,3162.46667,E11.a_7,550.32222,205.0,146.35556,32.88889,1349.62222,170.77778,1.0,3.54815,95.18889,2674.9,1.31111,48.52222,18.17778,3.22222,1.0,7.95556,1.88889,106.46667,21.42222,E11.i_7
59903.18889,37556.84444,22752.66667,1194.9,186477.13333,2812.22222,64.83333,67.47778,2580.37778,262484.07778,38.66667,1077.67778,233.0,671.77778,1.74815,955.11111,888.66667,4950.64444,3517.68889,E11.a_8,532.1,364.44444,120.68889,52.25926,1488.4,538.44444,1.20741,1.71852,74.63333,2627.9,1.42963,53.96667,19.73333,2.55556,1.0,12.28889,8.55556,95.35556,24.31111,E11.i_8
61790.18889,41182.28889,22121.33333,1081.23333,192368.46667,3192.11111,66.27778,79.03333,2449.82222,255745.18889,33.44444,1070.9,350.77778,672.55556,1.0,900.44444,895.0,4561.97778,3350.24444,E11.a_9,478.43333,223.0,103.57778,34.14815,1334.51111,162.44444,1.1037,1.71852,75.74444,2617.45556,1.20741,35.3,44.28889,1.66667,1.0,10.84444,5.55556,93.57778,30.08889,E11.i_9
17151.93333,2341.17778,13865.95556,7219.58889,46543.88889,76.96296,16.02222,41.11111,1052.33333,349172.52222,16.75556,781.43333,96.17778,102.44444,2.55556,368.77778,101.77778,32.13333,716.11111,E12.a_0,114.96667,60.55556,73.72222,79.68889,281.58889,60.80741,1.0,12.39259,40.24444,3736.43333,5.46667,41.77778,10.5,1.33333,2.55556,12.0,6.64444,2.82222,3.92593,E12.i_0
15794.6,2191.51111,13232.4,6444.7,46848.11111,164.77778,16.57778,41.11111,1154.77778,336709.52222,13.31111,822.54444,96.28889,88.33333,3.44444,338.55556,181.11111,28.68889,702.66667,E12.a_1,111.52222,37.33333,110.94444,126.58519,298.36667,117.08148,1.11111,8.53333,41.91111,3432.32222,4.35556,51.88889,10.16667,1.33333,1.0,4.0,6.28889,5.25185,4.02222,E12.i_1
15336.48889,1899.06667,13276.84444,6434.14444,43156.22222,203.77778,14.91111,50.44444,975.0,318216.41111,10.64444,1122.98889,105.84444,98.55556,1.0,358.55556,172.11111,40.8,703.0,E12.a_2,125.41111,32.11111,76.94444,62.14074,246.92222,42.47407,1.0,5.08889,41.24444,3301.43333,3.91111,49.66667,8.94444,1.22222,1.77778,5.0,9.46667,2.42222,5.1037,E12.i_2
15504.93333,2531.4,13064.4,5961.47778,43311.55556,191.55556,16.68889,62.0,947.0,307885.85556,13.08889,1138.87778,114.84444,120.11111,1.77778,360.88889,112.77778,38.02222,676.77778,E12.a_3,135.3,60.22222,73.05556,54.08148,398.36667,116.36296,1.11111,6.08148,29.02222,3180.43333,3.78889,25.33333,7.72222,1.33333,1.0,9.11111,3.82222,7.02963,4.34074,E12.i_3
15125.15556,2264.51111,12883.73333,6033.92222,42851.77778,170.88889,15.35556,54.0,798.77778,293391.74444,11.2,891.76667,72.73333,108.33333,1.77778,307.66667,189.11111,39.46667,663.55556,E12.a_4,125.96667,41.11111,66.5,87.91852,287.58889,124.6963,1.0,9.2963,32.91111,3086.32222,4.24444,38.88889,11.72222,1.22222,1.77778,4.77778,1.0,4.82222,3.45185,E12.i_4
14306.71111,2540.4,12798.73333,5840.25556,43395.88889,185.33333,15.91111,42.22222,875.0,284329.07778,10.31111,872.65556,90.51111,111.0,1.0,329.0,182.11111,36.46667,603.33333,E12.a_5,136.74444,150.33333,103.94444,85.64444,279.7,271.75556,1.0,1.0,34.02222,2933.98889,3.46667,51.33333,10.77778,1.33333,1.0,7.66667,2.64444,11.85926,3.48148,E12.i_5
14522.71111,2807.28889,12309.06667,5447.7,41535.22222,322.77778,14.13333,45.66667,847.33333,278273.63333,13.2,768.32222,105.62222,101.11111,2.55556,302.33333,110.77778,37.13333,583.33333,E12.a_6,127.18889,282.55556,94.27778,64.24444,286.7,124.02222,1.0,6.2,33.13333,2834.65556,4.02222,43.44444,11.11111,1.22222,2.66667,8.44444,1.82222,4.48889,4.34074,E12.i_6
13748.48889,2645.51111,11629.62222,5928.14444,41336.77778,238.77778,14.35556,43.22222,928.11111,272256.96667,11.31111,742.54444,91.17778,116.33333,1.0,338.55556,118.77778,36.46667,570.0,E12.a_7,121.74444,50.33333,67.83333,100.97778,302.81111,18.68148,1.0,2.98519,37.68889,2734.98889,3.56667,38.55556,6.0,1.0,1.77778,7.11111,1.82222,7.46667,2.68889,E12.i_7
14229.37778,3365.4,11922.84444,5246.25556,39735.22222,316.77778,16.02222,44.66667,903.55556,265853.07778,10.53333,676.65556,99.73333,119.0,1.0,312.44444,156.33333,21.91111,554.44444,E12.a_8,117.63333,67.77778,80.38889,103.75556,252.25556,400.63704,1.11111,9.64444,38.91111,2635.21111,3.02222,37.77778,7.55556,1.11111,1.0,5.66667,6.28889,9.48148,5.21481,E12.i_8
13860.48889,2426.4,11135.17778,5194.58889,40192.77778,146.22222,13.57778,41.11111,824.88889,262133.85556,12.64444,599.43333,71.06667,100.33333,3.44444,292.55556,145.66667,30.91111,529.88889,E12.a_9,130.96667,98.88889,67.94444,72.58519,287.03333,63.63704,1.0,3.97778,30.68889,2624.76667,3.82222,44.33333,9.66667,1.44444,1.77778,7.11111,1.0,8.52593,7.32593,E12.i_9
134321.61111,15493.34444,9617.23333,17734.98889,822783.91111,285.55556,19.08889,17.71111,2041.75556,1401535.63333,1414.37778,825.48889,115.42222,434.11111,1.0,237.62222,313.65556,1993.88889,2829.6,E13.a_0,380.44444,65.55556,66.18889,215.86667,4081.88889,780.06667,1.12593,6.31111,11.85556,14690.98889,10.55556,16.04444,8.1037,1.11111,1.0,6.77778,6.36667,12.25556,73.55556,E13.i_0
140070.05556,16779.67778,9539.45556,17290.87778,883892.35556,351.33333,19.08889,22.26667,1864.2,1346833.63333,1339.71111,851.04444,115.31111,431.22222,1.0,232.17778,247.54444,1958.66667,2573.82222,E13.a_1,352.22222,85.66667,75.41111,226.08889,3668.77778,348.62222,1.06296,6.31111,11.52222,12968.76667,11.88889,18.6,9.7,1.22222,1.0,7.55556,16.94444,16.47778,28.22222,E13.i_1
137986.61111,16035.34444,9503.9,16830.87778,913404.02222,415.11111,18.64444,22.86667,1745.64444,1302661.18889,1757.6,757.48889,116.2,411.77778,1.77778,223.95556,303.98889,1871.55556,2603.93333,E13.a_2,409.33333,82.44444,50.85556,215.75556,3981.88889,297.17778,1.0,4.17037,12.07778,12042.76667,10.77778,18.37778,10.47778,1.11111,1.0,3.22222,13.15556,15.32593,88.88889,E13.i_2
131726.27778,16681.34444,9876.67778,15839.54444,868467.35556,359.44444,18.2,21.04444,1684.53333,1259892.74444,1638.82222,771.48889,118.2,424.22222,1.77778,208.84444,306.98889,1870.22222,2444.37778,E13.a_3,373.22222,146.33333,71.74444,226.08889,3870.0,328.06667,1.28519,6.22963,8.07778,11203.21111,11.44444,15.75556,7.02222,1.22222,3.32593,6.0,13.15556,24.25556,28.11111,E13.i_3
130595.16667,16514.45556,9438.67778,18200.32222,840611.13333,326.77778,13.53333,8.08889,1698.31111,1222200.63333,1217.37778,755.93333,95.08889,423.22222,1.0,224.84444,234.43333,1748.88889,2519.6,E13.a_4,382.55556,101.0,62.07778,179.75556,3249.33333,432.84444,1.0,7.42222,8.71111,10714.98889,8.77778,16.82222,6.72963,1.55556,1.71852,4.55556,17.83333,24.36667,21.77778,E13.i_4
116758.94444,14800.78889,9111.56667,15125.32222,750958.8,277.44444,18.86667,10.42222,1580.08889,1183551.41111,1577.37778,746.04444,100.2,388.44444,1.0,223.17778,255.32222,1701.44444,2315.82222,E13.a_5,409.0,88.88889,64.85556,218.31111,3632.0,284.84444,1.06296,3.14074,12.74444,10053.32222,8.33333,15.48889,3.64815,1.22222,2.60741,6.88889,14.83333,14.65926,53.88889,E13.i_5
120235.05556,15582.12222,9277.23333,16389.32222,657006.91111,226.0,14.53333,9.8,1592.08889,1139148.63333,1665.26667,751.37778,117.08889,362.55556,1.0,190.62222,248.43333,1593.11111,2326.6,E13.a_6,380.11111,67.33333,62.96667,220.97778,3591.66667,126.73333,1.0,3.05926,9.52222,9649.32222,7.55556,15.93333,6.99259,1.77778,1.0,6.77778,12.62222,14.54815,107.66667,E13.i_6
99426.94444,13334.56667,7753.23333,11531.43333,619604.02222,320.55556,14.86667,14.46667,1271.86667,1027212.18889,1145.6,575.93333,98.75556,345.55556,1.77778,200.28889,225.65556,1559.77778,2090.04444,E13.a_7,360.22222,113.0,77.63333,148.86667,3315.33333,348.73333,1.0,3.14074,6.3,9203.32222,8.44444,20.53333,8.21481,1.55556,1.0,5.77778,11.25556,34.25556,17.0,E13.i_7
98420.5,12685.12222,7484.45556,13215.21111,604065.8,425.22222,13.2,19.93333,1317.97778,917814.63333,791.04444,568.37778,85.08889,319.0,1.77778,177.17778,190.1,1442.33333,2022.26667,E13.a_8,428.66667,105.88889,77.63333,212.51111,3645.77778,215.24444,1.0,4.17037,6.96667,8804.87778,7.0,38.04444,9.81111,1.0,1.0,17.66667,19.83333,17.50741,88.55556,E13.i_8
95556.27778,12219.78889,6909.45556,11062.76667,567158.24444,507.33333,12.53333,10.31111,1098.97778,863109.41111,866.04444,507.71111,70.2,258.77778,1.0,180.06667,179.1,1299.66667,1856.48889,E13.a_9,417.55556,97.77778,82.63333,192.64444,3383.11111,340.28889,1.0,3.05926,7.3,8547.21111,7.66667,20.71111,7.7,1.0,2.60741,8.22222,7.57778,20.99259,82.33333,E13.i_9
62191.92222,12696.16667,12283.45556,29062.37778,706042.21111,431.22222,35.64444,42.02963,1953.06667,2608144.02222,1508.37778,12940.87778,2956.77778,437.71111,1.0,211.2,446.33333,15565.02222,3645.56667,E14.a_0,296.01111,383.56667,169.93333,368.31111,5237.95556,841.82222,1.1037,4.01481,31.94444,32511.17778,32.12222,165.82222,37.58889,10.56296,1.0,5.27407,3.66667,222.35556,32.48889,E14.i_0
69952.03333,12937.94444,11511.01111,30540.26667,702219.76667,343.11111,36.53333,37.36296,1901.73333,2484483.24444,1607.15556,12672.1,2990.55556,490.93333,3.38519,230.08889,365.22222,15667.68889,3316.45556,E14.a_1,297.34444,141.12222,160.82222,296.08889,5175.84444,804.93333,1.0,4.01481,26.27778,29904.17778,29.78889,152.6,48.36667,6.8963,1.0,6.71852,4.77778,168.91111,32.71111,E14.i_1
60584.7,12331.61111,11030.78889,26237.04444,638572.76667,388.44444,33.2,29.63704,1928.84444,2379236.8,2003.48889,11719.54444,3025.55556,527.37778,3.38519,227.31111,433.44444,15538.8,3206.23333,E14.a_2,280.9,100.78889,153.37778,373.64444,4691.17778,796.6,1.1037,3.06296,27.05556,26875.17778,21.78889,170.04444,50.81111,5.00741,1.0,6.94815,5.66667,203.24444,27.15556,E14.i_2
57601.47778,12141.05556,11369.67778,29241.04444,630957.1,390.44444,33.53333,14.57778,1742.28889,2285924.68889,2007.04444,11688.1,3152.0,529.71111,1.74815,218.86667,439.55556,15693.91111,3250.56667,E14.a_3,296.23333,188.56667,133.48889,203.2,5375.4,811.04444,1.1037,1.95185,23.18519,24689.4,25.56667,134.6,35.7,3.21481,1.0,7.04444,2.77778,155.46667,31.79259,E14.i_3
62369.36667,13245.61111,11348.34444,28996.93333,650744.1,409.0,30.2,37.47407,1839.73333,2211349.8,1716.82222,11888.87778,2693.77778,653.15556,2.63704,206.64444,373.0,14659.68889,3305.67778,E14.a_4,239.01111,99.67778,137.48889,249.75556,4750.73333,915.82222,1.0,1.95185,23.5,23352.73333,22.56667,179.04444,52.47778,7.02222,1.0,5.71852,4.66667,180.35556,28.6,E14.i_4
54260.81111,12282.83333,11571.45556,28915.37778,611253.98889,464.33333,27.2,25.13333,1685.17778,2143957.8,1326.15556,11842.98889,3016.77778,534.15556,1.74815,219.53333,403.55556,14671.13333,3134.78889,E14.a_5,258.12222,105.67778,151.48889,311.64444,4594.4,983.37778,1.0,4.01481,26.94444,21216.4,21.67778,179.82222,47.58889,10.77037,1.0,6.16296,9.55556,202.13333,28.6,E14.i_5
53049.7,18254.61111,10856.78889,28300.93333,563130.43333,396.44444,25.86667,28.3037,1497.17778,2090713.8,1347.71111,10063.43333,2288.88889,599.82222,1.74815,144.2,341.55556,13258.68889,2914.67778,E14.a_6,273.34444,94.78889,161.37778,291.08889,3940.62222,558.26667,1.1037,4.96667,26.83333,19817.28889,24.78889,143.82222,44.03333,10.34074,1.0,6.71852,9.55556,190.24444,27.26667,E14.i_6
54023.92222,13737.5,11081.67778,25236.48889,586167.1,429.33333,24.86667,24.58519,1581.28889,1999560.8,1505.48889,10396.21111,2211.66667,469.82222,3.38519,172.64444,306.66667,13385.02222,2810.56667,E14.a_7,201.45556,110.01111,125.71111,203.21481,3184.84444,975.37778,1.0,4.01481,15.05556,18809.95556,19.12222,100.82222,23.50741,1.7037,1.0,3.92593,5.77778,144.13333,23.26667,E14.i_7
48886.81111,13855.94444,10931.23333,23798.15556,539987.98889,386.22222,23.64444,35.02963,1516.4,1927416.8,1654.93333,9642.54444,2328.66667,507.93333,1.74815,161.2,401.55556,12876.57778,2589.78889,E14.a_8,198.9,57.34444,167.71111,156.88148,3545.62222,1012.15556,1.1037,6.07778,18.94444,18341.06667,16.45556,139.82222,42.14444,4.03704,1.0,6.39259,3.77778,160.46667,23.15556,E14.i_8
48432.36667,15243.61111,10939.01111,24827.82222,536469.87778,433.55556,27.08889,43.52593,1447.06667,1883082.24444,1571.26667,9759.54444,2415.33333,535.82222,1.0,172.31111,375.0,12978.91111,2812.56667,E14.a_9,201.34444,107.01111,179.04444,118.32593,4111.06667,950.6,1.1037,3.06296,18.61111,17652.4,18.45556,138.37778,50.81111,4.22963,1.65926,4.92593,5.66667,159.8,25.71111,E14.i_9
112039.06667,17622.44444,15605.57778,9144.45556,734757.48889,153.97778,12.66667,68.02222,1962.1,1078250.26667,302.93333,19074.57778,151.44444,798.66667,1.68889,17137.84444,377.98889,11206.91111,6867.86667,E15.a_0,284.38889,173.66667,90.33333,346.92222,5163.71111,1712.96296,1.0,4.25556,14.72222,29076.26667,11.42222,42.77778,11.66667,2.77778,1.68889,7.03704,3.77778,70.01111,28.0,E15.i_0
108884.06667,18010.33333,15557.02222,8810.67778,732384.48889,166.04444,13.55556,91.35556,2018.76667,1055132.71111,311.6,18793.24444,185.44444,831.66667,2.57778,17288.17778,446.43333,10838.46667,6902.2,E15.a_1,272.05556,281.55556,84.22222,346.81111,4965.26667,682.44444,1.19259,1.0,12.5,24995.15556,23.42222,48.22222,15.11111,3.33333,1.0,2.71111,1.0,66.23333,29.0,E15.i_1
105695.84444,17924.55556,15395.8,7849.12222,746802.48889,61.53333,14.77778,69.02222,1880.65556,1011174.48889,292.82222,17751.46667,183.66667,804.66667,2.37778,16860.84444,544.32222,10961.24444,6717.2,E15.a_2,262.83333,153.44444,81.55556,269.47778,4397.6,352.81481,1.0963,1.0,12.72222,21509.15556,15.86667,50.22222,16.77778,2.22222,1.0,2.26667,1.0,55.12222,17.66667,E15.i_2
106372.73333,19833.55556,15167.8,8197.67778,697040.71111,94.15556,13.0,90.13333,1869.87778,980029.37778,372.26667,17090.57778,217.0,810.11111,4.84444,16562.28889,458.43333,10171.91111,6466.86667,E15.a_3,247.16667,115.0,73.44444,261.92222,3339.26667,358.40741,1.19259,1.71481,13.05556,17986.93333,9.32593,58.55556,12.22222,1.22222,2.37778,4.14815,1.0,49.34444,20.44444,E15.i_3
100868.4,16086.0,14997.57778,7786.78889,748409.6,190.71111,13.88889,87.8,1861.87778,954709.15556,377.6,16843.02222,172.44444,745.77778,1.68889,16155.17778,464.21111,10627.8,6277.86667,E15.a_4,228.72222,104.0,99.11111,179.25556,3377.71111,755.07407,1.0963,1.0,13.40741,16383.04444,10.31111,62.22222,8.33333,1.88889,1.68889,5.14815,1.0,55.23333,19.88889,E15.i_4
99420.28889,17915.11111,14423.02222,8022.45556,676752.82222,84.57778,11.66667,74.91111,1914.87778,931119.71111,329.15556,16322.02222,173.66667,707.88889,1.0,15717.73333,408.65556,8281.8,6223.2,E15.a_5,233.94444,107.88889,89.77778,107.03333,3326.26667,324.88889,1.0963,2.42963,12.5,14318.6,6.64444,56.22222,8.0,1.88889,1.0,4.86667,2.77778,44.67778,19.44444,E15.i_5
94846.73333,18960.44444,15018.24444,8740.34444,676410.71111,161.82222,16.44444,84.24444,1916.76667,912513.26667,299.82222,15964.35556,200.66667,918.44444,2.37778,15645.28889,314.76667,8984.57778,6114.64444,E15.a_6,169.16667,89.0,105.22222,65.68889,1984.93333,709.85185,1.0963,4.65185,11.83333,12124.15556,3.86667,50.77778,11.0,2.88889,2.57778,4.86667,5.55556,43.9,19.66667,E15.i_6
96294.17778,17113.22222,14297.68889,8239.01111,650965.26667,100.64444,13.33333,79.57778,1910.32222,900685.48889,279.93333,15192.91111,153.66667,738.33333,1.0,16804.06667,293.1,7475.24444,5801.2,E15.a_7,198.5,134.33333,95.55556,64.88148,2447.04444,1572.22222,1.0,4.65185,12.72222,10023.48889,4.86667,55.66667,19.33333,3.0,1.68889,4.6963,3.77778,49.9,17.40741,E15.i_7
95833.73333,20419.44444,14545.8,8433.56667,680077.93333,142.13333,13.44444,207.13333,1789.76667,890876.71111,294.71111,15979.68889,185.33333,717.66667,1.0,16680.62222,375.21111,7840.35556,5870.08889,E15.a_8,131.27778,126.11111,88.44444,66.50741,1499.15556,818.11111,1.0,4.25556,7.61111,8637.82222,3.35556,45.88889,18.77778,1.88889,1.68889,5.31852,1.0,32.23333,24.18519,E15.i_8
93697.06667,21515.0,14794.8,7957.78889,645693.6,65.26667,13.33333,77.24444,1872.43333,884610.04444,346.04444,15625.57778,196.77778,712.55556,3.95556,16000.17778,292.1,8062.91111,5634.64444,E15.a_9,103.05556,75.66667,104.44444,219.65926,1502.71111,1404.40741,1.0,2.42963,5.51852,7803.6,2.43704,46.44444,6.22222,2.55556,1.0,8.02222,2.88889,49.78889,14.33333,E15.i_9
55975.3,10121.24444,6485.04444,3331.02222,171671.64444,53.5,1.82963,13.87407,447.83333,309766.2,155.31111,789.91111,71.73333,168.22222,1.0,98.15556,24.11111,62.82222,1446.37778,E16.a_0,417.7,353.44444,125.13333,147.43333,3614.37778,992.15556,1.0,5.01111,14.2,12387.12222,10.35556,63.8,18.65926,6.46667,3.20741,1.93333,1.0,70.48889,37.02963,E16.i_0
51110.52222,8845.13333,6727.15556,3209.91111,170951.86667,146.57407,2.91111,13.03704,421.27778,295650.75556,124.42222,719.02222,64.17778,212.77778,1.71852,201.71111,32.88889,137.15556,1422.82222,E16.a_1,551.7,251.33333,123.02222,134.54444,2721.37778,885.26667,1.0,3.3037,24.64444,8675.9,9.78889,35.02222,11.56296,4.78889,1.65926,2.42222,5.66667,46.02222,53.2,E16.i_1
52739.52222,7640.46667,6051.6,3044.91111,157416.53333,50.75926,2.32593,10.51111,398.5,280142.86667,144.97778,608.35556,47.51111,116.44444,1.0,80.71111,32.0,76.15556,1131.04444,E16.a_2,779.92222,259.33333,183.24444,181.1,3294.26667,1655.93333,1.0,3.9,21.86667,7521.34444,15.12222,68.57778,21.97778,1.83333,1.0,13.6,3.77778,13.17778,43.31111,E16.i_2
52682.41111,7643.68889,5896.37778,3235.57778,159715.2,173.12963,2.13333,3.05926,393.05556,271265.97778,130.53333,661.68889,63.51111,119.11111,1.0,116.37778,36.77778,73.6,1239.15556,E16.a_3,764.47778,304.66667,165.68889,174.75556,3181.71111,1618.93333,1.0,2.19259,25.75556,7190.67778,13.12222,74.8,19.42222,2.27778,1.0,7.71111,1.88889,9.46667,37.2,E16.i_3
44899.07778,6707.57778,6314.26667,2448.8,133648.2,132.24074,3.45185,4.17037,388.94444,262274.08889,359.53333,707.24444,49.17778,165.22222,1.0,416.37778,24.11111,286.93333,1676.93333,E16.a_4,725.03333,287.66667,148.46667,181.21111,2943.37778,878.93333,1.0,2.19259,22.08889,6986.01111,13.67778,46.68889,14.86667,2.93333,1.0,10.2,1.88889,8.93333,29.53333,E16.i_4
51340.18889,6405.57778,6551.82222,4075.02222,159509.97778,101.35185,2.11852,13.76296,363.27778,253460.86667,191.64444,608.13333,39.51111,144.33333,1.0,237.82222,34.77778,161.37778,1384.82222,E16.a_5,515.25556,238.22222,121.24444,105.08889,2276.6,802.82222,1.11111,3.9,16.14074,6744.34444,11.01111,39.35556,10.45185,2.83333,1.0,5.0,3.77778,9.62222,41.53333,E16.i_5
46835.41111,5337.13333,6074.15556,2593.24444,147965.97778,56.24074,2.54815,6.22963,334.5,249197.64444,200.08889,600.68889,32.06667,137.44444,1.0,255.82222,33.77778,154.6,1309.15556,E16.a_6,527.25556,222.0,143.46667,107.86667,2375.04444,883.37778,1.11111,1.5963,15.53333,6576.67778,13.23333,29.91111,6.25926,1.52222,1.0,7.95556,3.77778,7.44444,41.53333,E16.i_6
49052.3,5578.91111,5950.15556,2946.91111,151745.53333,83.33333,2.37037,12.73333,346.94444,245659.53333,95.64444,584.91111,43.51111,91.0,1.0,213.04444,31.77778,142.71111,1132.71111,E16.a_7,599.03333,186.66667,137.46667,124.43333,2394.71111,922.15556,1.0,2.70741,14.64444,6414.12222,9.34444,36.68889,10.86667,2.26667,1.0,8.4,3.77778,4.57778,31.86667,E16.i_7
47464.96667,5937.8,6022.37778,2980.46667,143186.2,97.87037,2.68889,5.28148,360.05556,242982.31111,90.86667,596.8,29.84444,136.44444,1.0,232.48889,37.88889,130.48889,1291.15556,E16.a_8,541.81111,209.88889,120.24444,93.43333,2685.71111,889.37778,1.11111,1.0,16.86667,6230.56667,11.56667,32.91111,17.08889,2.27778,1.0,9.46667,1.88889,13.91111,33.97778,E16.i_8
45914.52222,5393.46667,5666.6,2632.02222,147938.86667,34.0,2.24444,9.48148,328.05556,240546.64444,108.97778,585.57778,36.73333,108.22222,1.71852,206.37778,34.66667,124.6,1199.82222,E16.a_9,521.47778,198.77778,117.68889,125.75556,2215.93333,1053.71111,1.0,5.01111,13.86667,6042.01111,10.9,39.57778,10.97778,3.04444,1.0,4.88889,2.77778,8.75556,37.08889,E16.i_9
23067.15556,6746.77778,24749.77778,6811.93333,74557.06667,606.0,25.04444,58.57778,2200.43333,547511.55556,96.2,22818.28889,275.92222,274.0,2.55556,6895.14444,470.4,12892.41111,1938.51111,E17.a_0,437.36667,104.06667,294.97778,168.18889,1180.43333,10.48889,1.62222,1.0,83.74444,21717.18889,3.48889,1270.9,9.74815,4.33333,2.4963,256.08889,7.02222,146.35556,56.84444,E17.i_0
21381.04444,7162.88889,22246.22222,6662.37778,69351.95556,811.55556,26.37778,50.46667,2119.1,518732.11111,91.86667,21470.4,230.81111,319.44444,1.0,6645.25556,406.06667,12408.41111,1880.28889,E17.a_1,363.7,112.4,244.42222,137.52222,951.65556,26.68889,1.31111,3.05926,76.63333,18694.63333,5.02222,1060.45556,7.85926,4.88889,1.0,199.53333,7.26667,121.68889,45.4,E17.i_1
20503.37778,7991.55556,24074.66667,6752.71111,63154.28889,655.33333,24.37778,50.35556,2243.32222,496727.22222,91.75556,21108.95556,252.25556,378.66667,1.0,5739.03333,343.62222,11177.18889,1707.84444,E17.a_2,326.81111,109.28889,242.08889,113.45556,911.65556,63.33333,1.0,8.45185,78.18889,17322.74444,4.37778,1014.34444,9.36296,5.0,1.0,172.42222,2.75556,109.91111,42.95556,E17.i_2
19751.6,8738.88889,21952.55556,6176.48889,64175.28889,507.44444,24.48889,42.48889,2160.1,477175.11111,86.42222,19785.06667,233.92222,351.88889,1.0,5596.7,376.51111,11069.18889,1709.28889,E17.a_3,319.92222,127.4,239.75556,105.9,876.76667,18.46667,1.1,4.17037,71.18889,16770.96667,4.91111,992.34444,7.03704,4.77778,1.0,156.42222,4.51111,102.24444,42.06667,E17.i_3
19983.26667,8314.22222,23596.0,6202.15556,63356.06667,842.33333,26.82222,49.71111,2265.76667,466271.11111,85.42222,20213.62222,258.25556,309.11111,1.0,6267.92222,419.06667,9674.3,1988.28889,E17.a_4,342.81111,127.4,257.86667,129.74444,887.76667,19.86667,1.2,6.5037,76.96667,16329.63333,4.84444,956.9,9.52593,4.11111,1.0,161.97778,1.75556,77.24444,43.73333,E17.i_4
19488.93333,7962.66667,23457.88889,5923.26667,60721.84444,573.33333,23.71111,71.35556,2179.98889,455960.22222,76.31111,18927.84444,254.03333,347.44444,1.0,5437.03333,372.62222,9551.41111,1685.17778,E17.a_5,324.03333,141.51111,234.42222,106.52222,900.1,8.37778,1.1,2.02963,71.96667,15851.74444,4.71111,937.23333,8.74815,4.44444,1.0,169.31111,4.26667,105.57778,37.73333,E17.i_5
18551.37778,8567.66667,19982.66667,5523.04444,59519.62222,602.11111,25.26667,39.91111,1983.54444,443916.66667,78.42222,18617.17778,243.14444,329.44444,1.0,5377.81111,293.06667,10571.41111,1620.73333,E17.a_6,306.25556,128.4,216.31111,109.18889,856.98889,74.04444,1.0,3.14074,61.52222,15037.52222,2.95556,861.78889,5.64444,3.11111,1.74815,126.75556,2.75556,116.46667,28.28889,E17.i_6
17437.82222,9140.77778,21232.22222,5530.6,59322.06667,624.55556,21.93333,44.57778,2008.32222,430162.55556,81.31111,17821.17778,234.14444,377.0,1.0,4393.92222,273.62222,9411.07778,1620.17778,E17.a_7,268.7,94.06667,189.97778,76.5,745.43333,102.8,1.1,4.17037,55.96667,14538.41111,4.26667,878.01111,11.52593,2.0,1.0,146.75556,2.51111,58.91111,43.84444,E17.i_7
16924.04444,8207.0,21736.11111,5352.6,56223.51111,663.55556,22.37778,42.95556,2010.1,416941.0,80.42222,17662.95556,237.03333,302.33333,1.0,4599.36667,427.95556,8608.41111,1539.06667,E17.a_8,249.14444,98.28889,184.42222,129.85556,733.54444,72.04444,1.0,3.05926,50.96667,14076.3,4.91111,848.12222,3.81481,3.77778,1.0,166.42222,1.0,25.68889,43.4,E17.i_8
16521.82222,8548.66667,20277.33333,5316.48889,55943.17778,758.11111,19.48889,43.35556,1815.32222,403630.11111,72.64444,16556.73333,229.14444,355.88889,1.0,4645.36667,428.06667,9359.85556,1429.84444,E17.a_9,244.03333,72.24444,185.31111,119.41111,683.32222,83.15556,1.0,1.0,50.41111,13724.41111,3.4,773.78889,7.08889,4.44444,1.0,129.42222,2.51111,52.46667,31.17778,E17.i_9
23188.12222,8492.13333,10273.38889,691.04444,82628.16667,787.0,21.33333,49.14444,1370.44444,146554.34444,14.15556,757.34444,55.33333,474.95556,2.60741,35324.08889,425.44444,145.52222,26929.93333,E18.a_0,634.66667,1844.07778,299.47778,59.43333,2075.74444,2472.27778,1.53333,4.88889,25.01111,3437.13333,1.20741,77.84444,19.43704,6.88889,3.44444,269.2,6.06667,5.96667,143.95556,E18.i_0
21022.23333,8389.46667,9735.94444,696.6,81515.72222,651.22222,22.55556,24.72963,1362.33333,142097.45556,12.15556,787.34444,51.33333,458.95556,1.71852,37902.97778,546.22222,135.52222,30134.04444,E18.a_1,694.22222,1617.18889,391.7,59.38889,2667.07778,2530.16667,1.53333,9.33333,23.9,3227.35556,1.1037,80.51111,19.47778,11.77778,1.77778,275.86667,19.13333,7.21111,142.73333,E18.i_1
19834.01111,9049.24444,9075.83333,564.82222,76623.61111,717.0,19.66667,32.84074,1268.44444,138431.12222,8.48889,736.67778,42.33333,441.62222,1.0,31104.53333,540.44444,98.74444,23725.6,E18.a_2,645.77778,1426.41111,271.81111,73.51111,1984.63333,1668.72222,1.31111,6.94444,25.23333,3054.13333,1.31111,76.51111,20.81111,9.33333,1.77778,256.08889,10.06667,6.63333,134.73333,E18.i_2
21473.67778,8779.8,9911.38889,706.71111,81238.16667,766.33333,20.44444,43.25556,1370.44444,134155.45556,10.04444,621.12222,42.22222,392.73333,1.0,33313.86667,661.33333,115.74444,25094.93333,E18.a_3,555.77778,3044.74444,336.14444,31.05556,2162.07778,2366.05556,1.1037,4.61111,23.12222,2891.57778,1.20741,72.73333,23.7,9.77778,1.0,286.42222,9.44444,5.41111,133.84444,E18.i_3
20945.34444,8563.91111,9396.83333,621.6,71137.83333,1146.55556,17.88889,31.7,1311.0,130001.12222,11.37778,765.12222,57.11111,408.51111,1.0,33886.08889,519.55556,143.74444,25565.15556,E18.a_4,774.66667,1666.85556,343.7,56.83333,2740.63333,2217.38889,1.74815,13.16667,22.9,2818.46667,1.53333,91.4,17.81111,7.88889,1.0,301.08889,12.13333,5.97778,158.62222,E18.i_4
18881.01111,9223.46667,8670.83333,569.93333,72264.83333,425.33333,17.77778,31.58889,1193.0,127369.78889,9.93333,595.9,32.88889,390.84444,1.71852,26251.53333,328.66667,83.3,19832.37778,E18.a_5,443.22222,1402.07778,504.47778,33.34444,1589.07778,2373.83333,1.1037,7.77778,24.01111,2765.91111,1.31111,64.51111,16.65926,6.22222,2.55556,262.53333,6.75556,8.32222,135.95556,E18.i_5
20239.9,9048.02222,9509.05556,624.15556,77063.83333,838.22222,20.11111,45.58889,1290.22222,125679.45556,9.71111,592.23333,33.44444,400.95556,1.0,34286.08889,487.11111,132.18889,25946.04444,E18.a_6,815.11111,2186.96667,323.81111,78.95556,2894.3,2493.05556,1.32593,3.77778,26.78889,2666.02222,1.20741,88.51111,27.36667,8.66667,1.0,306.08889,14.33333,4.72222,160.06667,E18.i_6
19108.67778,7625.02222,9048.5,528.71111,73022.5,527.88889,15.0,39.32593,1221.88889,123843.12222,11.26667,536.56667,27.33333,393.84444,1.0,35200.2,363.11111,173.07778,30599.15556,E18.a_7,627.0,2016.85556,289.47778,15.45556,2095.07778,2666.16667,1.31111,5.0,21.34444,2608.57778,1.51852,77.28889,12.21481,6.33333,1.0,256.64444,109.44444,3.26667,148.4,E18.i_7
18942.01111,8679.68889,9374.83333,588.04444,72152.5,612.11111,21.22222,47.43704,1286.0,121633.67778,9.6,609.9,44.22222,410.84444,1.0,33563.2,342.44444,150.41111,27974.26667,E18.a_8,638.0,1612.3,272.92222,33.5,2152.41111,3029.16667,1.1037,6.83333,22.34444,2535.46667,1.31111,66.28889,19.92222,8.11111,1.0,241.42222,7.75556,5.16667,134.51111,E18.i_8
18308.12222,7844.13333,9182.38889,536.48889,68357.94444,764.11111,19.0,24.1037,1243.22222,119612.01111,10.26667,663.34444,38.77778,377.51111,1.71852,35198.31111,389.88889,133.96667,27606.82222,E18.a_9,615.33333,2655.85556,419.7,43.72222,2240.52222,1925.5,1.1037,1.83333,24.56667,2514.57778,1.20741,69.06667,21.81111,9.22222,1.0,255.64444,14.13333,5.06667,138.84444,E18.i_9
43939.31111,44485.1,5433.2,2129.68889,202830.66667,45.44444,5.37778,18.97037,8361.02222,791620.26667,557.62222,981.77778,2204.44444,220.44444,5.88889,863.08889,113.28889,778.54444,1301.93333,E19.a_0,2097.57778,856.91111,138.54444,5.81111,8661.75556,31.11111,1.11111,6.08889,296.66667,34318.61111,19.66667,63.13333,123.85556,12.55556,2.60741,51.0,10.33333,81.12222,62.22222,E19.i_0
48585.08889,35335.43333,5517.53333,2005.8,230129.11111,88.33333,3.51111,11.68148,7663.91111,746965.93333,496.4,1035.55556,2000.77778,179.0,4.11111,908.64444,123.95556,1010.54444,1024.37778,E19.a_1,1982.02222,692.35556,163.21111,18.81111,8398.53333,33.11111,1.22222,10.22222,190.0,32295.38889,8.22222,67.68889,26.07778,10.77778,3.38519,43.0,7.55556,86.45556,63.44444,E19.i_1
42578.64444,36902.32222,5958.75556,2126.91111,189581.22222,51.44444,7.15556,17.42222,7608.57778,723330.48889,527.84444,1093.33333,2110.22222,234.55556,6.66667,919.08889,122.84444,869.65556,1578.04444,E19.a_2,1873.24444,448.91111,217.54444,16.8963,7716.2,22.88889,1.33333,2.91111,144.88889,30721.38889,9.0,53.35556,12.56296,10.11111,1.0,45.0,8.66667,72.23333,61.33333,E19.i_2
41218.53333,41372.1,5057.75556,1866.35556,185898.88889,117.0,3.4963,13.46667,8465.46667,697679.93333,456.62222,898.33333,2191.44444,196.88889,5.0,816.64444,105.17778,852.54444,1529.93333,E19.a_3,1917.91111,648.8,171.65556,25.31481,8101.64444,48.0,1.11111,2.91111,150.11111,29942.16667,7.66667,50.91111,15.96667,7.22222,1.0,44.22222,9.44444,78.34444,56.44444,E19.i_3
45196.97778,40728.87778,5805.64444,2008.02222,194370.66667,76.22222,5.15556,14.01481,7526.57778,680849.26667,447.28889,1081.44444,1786.55556,230.88889,3.44444,1002.31111,145.84444,960.98889,1798.15556,E19.a_4,1784.13333,516.57778,184.76667,24.67407,7383.97778,33.0,1.11111,8.42222,144.33333,28743.5,5.55556,58.57778,21.22963,9.66667,1.71852,40.88889,6.55556,78.9,65.66667,E19.i_4
41672.75556,35937.43333,5337.86667,1791.46667,177516.88889,45.33333,5.38519,18.53333,6919.91111,660720.48889,366.4,976.77778,1899.44444,236.0,1.77778,938.31111,113.06667,947.1,1683.26667,E19.a_5,1583.46667,513.57778,137.65556,36.4,6706.08889,22.88889,1.22222,1.95556,127.22222,27722.5,15.44444,41.71111,32.11852,7.55556,1.0,39.44444,19.33333,103.23333,44.88889,E19.i_5
39195.97778,36345.76667,4602.42222,1801.91111,191870.33333,92.55556,4.28148,15.8,7142.24444,642726.82222,383.84444,962.44444,1845.55556,175.22222,2.55556,873.53333,91.4,914.87778,1346.93333,E19.a_6,1498.8,624.68889,105.65556,39.06667,6623.86667,17.0,1.22222,6.08889,134.0,26185.27778,25.77778,52.35556,33.45185,6.88889,1.0,36.88889,21.33333,99.23333,55.22222,E19.i_6
36963.2,31691.54444,4586.75556,1634.24444,171206.88889,78.0,3.61481,7.17778,6379.35556,625634.37778,327.51111,818.22222,1533.44444,208.88889,1.0,833.53333,75.4,1078.54444,1083.6,E19.a_7,1634.13333,502.57778,125.87778,44.17778,6747.31111,23.0,1.11111,9.11111,136.22222,25242.5,8.0,45.57778,21.18889,8.77778,1.0,36.22222,14.66667,121.78889,58.88889,E19.i_7
38533.2,36906.98889,5345.2,1685.68889,169133.55556,67.77778,3.82222,10.45926,7323.8,618767.71111,392.4,910.22222,1984.11111,234.11111,4.22222,805.97778,99.28889,705.65556,1155.93333,E19.a_8,1400.02222,441.68889,109.65556,66.45926,5588.64444,13.22222,1.0,6.08889,103.22222,23649.05556,8.44444,61.02222,20.34074,10.0,1.0,48.0,44.77778,128.45556,74.66667,E19.i_8
36143.64444,29335.43333,4872.86667,1510.35556,168545.55556,63.88889,3.60741,11.40741,6748.46667,607916.71111,336.73333,909.11111,1373.0,183.44444,2.66667,800.86667,76.4,912.54444,1229.15556,E19.a_9,1385.91111,358.02222,122.32222,56.01481,5476.53333,31.22222,1.22222,4.97778,89.33333,22607.38889,6.0,49.24444,17.56296,9.77778,1.0,33.22222,25.22222,51.78889,53.33333,E19.i_9
20092.22222,2606.4,4071.55556,1110.92222,31619.33333,177.82222,3.2963,4.41481,359.15556,233763.91111,3.24444,222.93333,5.04444,204.08889,1.0,187.66667,144.64444,262.81111,716.64444,E2.a_0,1971.76667,74.06667,185.66667,110.47037,2419.36667,319.6,1.0,2.82222,9.22222,10207.94444,1.11111,8.55556,3.74074,3.02222,1.77778,4.85185,2.82222,6.93333,12.08889,E2.i_0
23622.66667,2785.17778,4505.55556,1079.92222,34753.33333,216.57778,3.40741,7.94074,399.48889,225816.24444,5.34444,235.48889,10.31852,193.53333,1.0,196.0,121.08889,267.92222,669.97778,E2.a_1,2074.65556,104.97778,173.22222,115.47407,2526.92222,208.35556,1.08889,5.15556,10.0,9824.94444,1.0,9.33333,8.12593,3.34074,1.77778,9.98519,2.82222,5.57778,16.97778,E2.i_1
22479.22222,3104.84444,4018.66667,1134.03333,32617.44444,120.02222,2.72222,12.46667,343.6,217636.46667,4.57778,213.71111,15.23333,186.75556,1.0,267.11111,79.62222,297.7,659.2,E2.a_2,2009.54444,104.08889,194.0,89.6963,2529.47778,604.91111,1.0,3.02222,9.88889,9615.27778,1.0,9.22222,8.01481,3.32593,2.55556,11.01481,5.46667,4.77778,7.41481,E2.i_2
21599.0,2826.84444,4241.33333,1092.92222,32204.22222,77.53333,3.62963,9.64815,375.71111,213088.91111,4.34444,223.26667,8.34444,187.2,1.0,243.11111,121.75556,264.81111,606.53333,E2.a_3,1935.87778,66.86667,178.22222,74.58148,2496.25556,134.46667,1.0,10.11111,9.22222,9452.38889,1.0,7.11111,6.93333,3.75556,1.0,5.9037,1.0,6.68889,9.75556,E2.i_3
22286.88889,5960.17778,4200.0,1072.25556,32272.33333,108.31111,2.33333,8.56667,364.71111,209704.02222,4.56667,226.82222,8.0963,201.31111,1.0,290.22222,103.08889,230.03333,628.08889,E2.a_4,1889.43333,85.97778,180.0,66.91111,2373.7,225.04444,1.0,10.31111,9.44444,9310.83333,1.0,10.77778,6.34815,2.65926,1.0,7.68148,4.46667,3.71111,12.97778,E2.i_4
21651.88889,4014.17778,4213.55556,1077.47778,32163.22222,93.48889,2.62963,9.16296,361.82222,207609.57778,3.81111,221.71111,10.29259,195.75556,1.0,260.44444,78.31111,246.58889,684.64444,E2.a_5,1900.87778,114.2,169.22222,61.58148,2380.92222,177.82222,1.08889,3.93333,10.88889,9116.16667,1.11111,9.11111,1.96296,4.11852,1.77778,9.23704,2.82222,4.33333,15.2,E2.i_5
21621.22222,4053.73333,3959.33333,1123.81111,32038.0,233.4,4.55556,7.94074,329.48889,204485.68889,3.58889,214.04444,4.6,220.2,2.66667,305.11111,132.75556,225.25556,606.75556,E2.a_6,2011.76667,76.75556,178.44444,86.91852,2470.47778,85.26667,1.0,4.84444,8.88889,8932.61111,1.11111,6.88889,6.0963,3.32593,1.0,11.15556,2.64444,6.55556,8.58519,E2.i_6
22480.22222,4347.4,3826.11111,1136.81111,33410.77778,110.17778,2.12963,8.53704,372.71111,202638.24444,2.68889,229.71111,11.9,232.75556,1.77778,399.55556,119.86667,211.47778,552.31111,E2.a_7,1870.54444,75.75556,164.0,64.57407,2386.58889,85.02222,1.0,11.82222,10.0,8759.5,1.22222,7.88889,4.13333,2.13333,1.77778,6.93333,1.0,6.04444,11.42222,E2.i_7
20701.44444,2984.51111,3760.77778,1030.92222,32185.88889,48.51111,3.07407,8.42593,386.37778,199648.02222,3.7,234.04444,6.6,240.31111,1.0,435.77778,59.84444,216.36667,608.75556,E2.a_8,1864.76667,66.06667,180.11111,92.68889,2437.03333,105.68889,1.08889,3.93333,7.77778,8602.38889,1.0,7.66667,3.93333,2.14815,1.77778,5.04444,1.0,7.91111,7.25185,E2.i_8
20007.0,4911.06667,4003.33333,1069.7,31107.77778,307.51111,3.2963,15.88148,334.26667,197029.35556,4.57778,221.15556,7.82222,184.42222,1.77778,287.55556,100.97778,214.47778,589.42222,E2.a_9,1778.21111,87.2,159.77778,89.8037,2269.14444,173.46667,1.0,5.95556,9.77778,8528.94444,1.0,9.11111,4.26667,4.67407,1.0,9.57037,3.64444,6.06667,14.75556,E2.i_9
43040.44444,10190.47778,3379.31111,757.27778,168773.91111,121.73333,5.55556,11.73333,2192.68889,389259.54444,103.27778,883.55556,925.22222,344.55556,4.22222,1025.33333,472.88889,5159.71111,1589.0,E20.a_0,675.52222,134.11111,154.87778,46.95926,2323.78889,26.2,1.1037,1.48148,53.01111,10758.35556,6.01111,67.8,21.55556,10.83333,1.71852,324.44444,20.11111,470.02222,154.31111,E20.i_0
42316.44444,9893.03333,3526.31111,777.94444,164635.35556,150.2,6.88889,8.45185,2013.57778,373134.87778,94.94444,788.33333,997.77778,332.66667,2.55556,984.0,406.0,4837.71111,1519.22222,E20.a_1,724.52222,144.44444,199.32222,53.87407,2248.12222,20.46667,1.1037,2.59259,46.01111,9970.91111,5.34444,59.91111,35.55556,8.51852,1.71852,90.33333,11.44444,490.02222,73.97778,E20.i_1
42722.66667,8549.7,3315.64444,682.38889,160252.68889,129.95556,5.55556,6.22963,2103.68889,362584.32222,102.94444,830.55556,874.22222,318.44444,5.88889,858.77778,343.33333,4905.93333,1555.77778,E20.a_2,673.52222,155.22222,131.87778,56.42963,2130.56667,36.06667,1.0,1.48148,45.01111,9572.35556,5.01111,60.68889,32.77778,9.72222,1.0,36.88889,10.55556,469.35556,43.75556,E20.i_2
43357.66667,8382.36667,3070.31111,680.05556,159469.35556,88.53333,5.55556,11.81481,1946.02222,353271.76667,91.27778,804.66667,889.66667,345.22222,3.33333,732.44444,249.33333,5506.48889,1431.0,E20.a_3,652.3,131.11111,159.54444,53.76296,2034.56667,26.68889,1.1037,3.07407,43.01111,9362.13333,4.46667,59.57778,32.33333,9.94444,1.0,44.66667,23.33333,507.68889,61.2,E20.i_3
44361.22222,8829.47778,2944.42222,718.61111,157198.68889,133.75556,3.55556,7.53333,2169.13333,344697.54444,83.94444,831.0,854.44444,330.22222,2.66667,717.0,282.88889,5619.04444,1376.0,E20.a_4,616.41111,109.88889,121.65556,53.04444,1968.67778,40.28889,1.20741,4.2963,45.56667,9046.91111,3.46667,111.8,17.44444,12.61111,1.0,1130.22222,29.88889,417.35556,398.64444,E20.i_4
42257.77778,9448.58889,2962.86667,659.38889,154777.02222,127.95556,4.88889,14.03704,1977.35556,338004.1,86.72222,843.55556,677.22222,312.66667,1.0,747.55556,273.22222,5489.48889,1336.44444,E20.a_5,678.63333,129.22222,119.76667,76.98519,1949.9,34.42222,1.0,3.07407,47.78889,8611.57778,6.34444,57.91111,28.11111,9.38889,1.0,20.22222,16.33333,467.8,43.86667,E20.i_5
41377.66667,9508.14444,2763.53333,672.38889,150382.24444,115.62222,3.88889,9.48148,1862.57778,327797.21111,88.61111,805.88889,643.55556,319.22222,1.77778,700.33333,288.88889,5299.26667,1293.77778,E20.a_6,540.3,131.11111,140.32222,34.07037,1630.9,51.11111,1.31111,5.62963,49.56667,8401.57778,3.45556,73.13333,21.66667,8.16667,1.0,449.33333,11.33333,407.13333,198.08889,E20.i_6
38388.66667,8775.7,3150.42222,661.83333,145570.24444,117.31111,5.0,9.56296,1737.24444,318034.21111,77.61111,739.11111,579.55556,359.0,1.77778,845.22222,300.0,5080.04444,1375.22222,E20.a_7,537.96667,131.22222,109.1,43.76296,1550.34444,16.35556,1.0,2.59259,41.23333,8086.8,3.23333,54.8,20.77778,7.83333,1.0,28.55556,13.33333,351.91111,36.64444,E20.i_7
35880.77778,6985.25556,2442.64444,635.94444,130554.35556,132.06667,5.11111,7.25926,1783.57778,309306.54444,84.27778,733.55556,616.33333,297.66667,1.77778,654.77778,264.33333,4875.93333,1199.55556,E20.a_8,511.52222,148.22222,96.65556,60.9,1430.12222,28.44444,1.1037,4.03704,36.9,7908.24444,3.36667,53.68889,23.66667,8.72222,1.0,37.22222,9.66667,301.68889,38.42222,E20.i_8
31954.77778,8746.7,3015.64444,574.27778,122047.02222,180.97778,3.66667,8.56296,1720.68889,302629.54444,80.5,672.77778,742.44444,301.66667,1.0,773.22222,271.33333,5061.82222,1205.0,E20.a_9,566.96667,163.55556,103.21111,39.4037,1556.45556,12.48889,1.20741,2.59259,48.9,7798.24444,4.13333,69.13333,20.77778,8.16667,2.60741,37.77778,8.44444,379.46667,45.42222,E20.i_9
19896.86667,4458.86667,4487.22222,1674.37778,67318.43333,430.35556,7.0,13.68889,1758.21111,347641.7,50.11111,895.55556,281.22222,309.48889,1.0,392.24444,486.88889,489.58889,1466.28889,E21.a_0,659.73333,90.08889,109.4,31.81481,1659.88889,144.0,1.0,6.31111,28.14444,6661.07778,2.11111,47.67778,8.0,7.34444,2.54815,9.88889,16.33333,23.85185,40.66667,E21.i_0
19158.64444,4886.53333,4435.77778,1589.48889,63208.98889,216.57778,8.88889,12.54815,1410.76667,334011.03333,49.66667,854.33333,252.33333,313.37778,1.0,358.68889,389.88889,433.92222,1309.62222,E21.a_1,568.51111,82.2,112.95556,61.15556,1519.44444,88.55556,1.11111,4.08889,23.47778,5811.3,1.57778,47.56667,9.88889,4.92222,1.0,9.44444,13.44444,30.18519,32.88889,E21.i_1
18720.97778,4458.2,4336.55556,1447.6,62885.32222,265.91111,3.77778,11.95185,1361.21111,322766.14444,56.33333,920.0,207.0,363.48889,2.31852,297.68889,524.55556,433.47778,1434.51111,E21.a_2,556.28889,132.42222,100.06667,25.58519,1201.77778,53.88889,1.0,2.02963,28.7,5349.74444,1.66667,25.01111,9.55556,4.92222,2.31852,10.55556,1.0,13.74074,14.11111,E21.i_2
18050.97778,4401.86667,4703.66667,1491.37778,57483.76667,321.35556,6.44444,11.35556,1224.65556,308361.25556,46.66667,969.88889,250.33333,386.6,1.0,290.24444,454.0,445.14444,1431.62222,E21.a_3,502.17778,68.97778,79.28889,24.14815,1082.22222,45.33333,1.0,2.02963,16.25556,5060.96667,1.26667,19.12222,6.66667,6.67778,1.0,9.0,1.0,9.74074,17.55556,E21.i_3
16755.86667,4537.97778,4985.22222,1383.04444,56430.43333,245.35556,6.33333,11.46667,1239.98889,298852.25556,44.22222,991.33333,209.77778,422.6,2.31852,271.46667,714.55556,445.25556,1547.28889,E21.a_4,498.62222,51.53333,71.51111,85.4963,1110.88889,59.66667,1.0,8.83704,17.58889,4762.3,1.35556,29.13333,10.22222,5.57778,1.0,6.77778,1.88889,10.48148,19.55556,E21.i_4
15851.64444,5771.53333,5398.33333,1529.93333,53059.1,222.68889,6.77778,13.65926,1177.87778,287831.14444,39.44444,934.22222,226.88889,431.93333,1.0,248.8,465.11111,457.03333,1414.84444,E21.a_5,453.4,60.86667,72.17778,61.15556,1008.44444,123.22222,1.11111,3.14074,13.92222,4520.74444,1.26667,26.9,11.55556,4.26667,1.0,8.44444,7.66667,9.0,17.11111,E21.i_5
15532.97778,4945.64444,4531.11111,1429.48889,53140.98889,274.13333,6.0,10.13333,1132.87778,275522.36667,37.88889,859.0,218.55556,372.26667,1.0,232.35556,476.0,391.47778,1403.51111,E21.a_6,492.28889,80.97778,75.06667,66.37778,1022.11111,98.77778,1.0,1.0,16.81111,4332.18889,1.08889,29.12222,7.55556,4.93333,1.0,7.88889,1.0,2.74074,12.0,E21.i_6
15722.97778,7443.53333,4970.77778,1442.37778,51698.32222,265.91111,7.44444,17.72963,1177.1,269492.58889,45.88889,850.55556,189.0,404.48889,1.0,246.57778,495.77778,457.36667,1240.84444,E21.a_7,473.84444,66.86667,82.06667,64.17778,1031.22222,203.44444,1.0,5.2,18.81111,4164.18889,1.93333,27.34444,8.77778,6.45556,1.0,4.77778,2.88889,9.51852,15.88889,E21.i_7
14662.08889,6103.42222,4998.66667,1372.71111,48271.65556,245.24444,5.55556,10.21481,1128.98889,262819.47778,35.66667,797.44444,179.88889,409.37778,1.0,228.8,530.55556,384.47778,1320.95556,E21.a_8,508.06667,86.2,72.62222,83.83704,1030.0,141.88889,1.0,4.17037,13.14444,4038.3,1.37778,20.12222,6.22222,3.82222,1.0,8.55556,1.88889,2.81481,12.77778,E21.i_8
15701.97778,6001.08889,5205.33333,1287.37778,50680.65556,187.91111,8.0,14.42593,1158.54444,257737.03333,38.11111,812.44444,183.44444,382.15556,1.0,198.02222,496.77778,366.14444,1293.62222,E21.a_9,449.4,62.86667,58.06667,28.25185,881.0,90.55556,1.0,4.17037,11.25556,3907.3,1.17778,19.67778,7.0,3.27778,1.0,8.0,1.88889,5.07407,10.77778,E21.i_9
39084.71111,13650.21111,5063.11111,853.68889,180415.16667,162.5,8.16667,30.0963,2977.58889,431290.98889,124.44444,997.82222,869.88889,431.0,4.27407,202.22222,575.11111,2729.92222,1524.37778,E22.a_0,826.06667,92.66667,98.91111,71.21481,3419.01111,14.35556,1.1037,1.91481,47.52222,12434.56667,2.62222,46.22222,15.66667,8.82222,2.60741,7.18519,8.53333,45.25556,48.0,E22.i_0
40801.93333,12178.65556,5425.33333,711.91111,179225.72222,277.5,10.61111,20.95556,2705.58889,412801.1,113.33333,1030.15556,786.11111,408.55556,5.48148,234.88889,468.0,2590.03333,1559.26667,E22.a_1,854.84444,104.11111,85.24444,16.42593,3254.12222,29.04444,1.1037,1.0,47.3,11851.67778,2.68889,40.88889,22.66667,7.93333,1.71852,5.9037,3.51111,40.28889,31.44444,E22.i_1
32471.82222,13010.87778,4535.44444,701.57778,153474.94444,265.27778,5.61111,10.51111,2762.14444,387346.43333,114.55556,1064.48889,926.55556,381.88889,3.32593,167.88889,436.55556,3312.03333,1659.15556,E22.a_2,798.51111,162.55556,115.91111,26.75926,3307.23333,18.11111,1.31111,5.96667,42.18889,11500.01111,2.24444,99.0,24.55556,9.15556,1.71852,8.04444,5.51111,44.36667,38.33333,E22.i_2
35269.26667,12516.65556,5496.44444,843.35556,147428.16667,185.05556,7.27778,16.4,2570.14444,373755.65556,84.0,975.82222,775.0,377.22222,1.71852,207.0,474.11111,2712.14444,1548.82222,E22.a_3,736.73333,108.88889,111.91111,50.43704,3145.12222,38.53333,1.1037,5.96667,40.41111,11179.9,2.28889,109.44444,21.0,8.37778,1.71852,12.51111,6.02222,30.47778,39.33333,E22.i_3
33589.48889,12494.1,5077.11111,634.46667,148537.61111,238.5,7.38889,16.0963,2708.81111,368641.87778,85.66667,1099.48889,627.55556,369.88889,1.0,201.44444,401.0,3185.14444,1723.48889,E22.a_4,814.95556,123.11111,130.35556,45.8,3223.12222,24.33333,1.21481,4.65926,48.07778,10812.12222,2.2,68.44444,25.33333,10.15556,1.0,8.93333,7.02222,37.14444,25.66667,E22.i_4
30745.71111,13614.87778,4737.0,755.57778,137218.05556,250.83333,6.85185,16.28889,2618.92222,356474.21111,93.66667,1024.37778,628.88889,407.77778,1.0,188.55556,390.88889,3268.92222,1418.82222,E22.a_5,788.84444,77.66667,83.35556,40.1037,3064.67778,40.04444,1.0,5.96667,41.41111,10366.12222,2.2,37.22222,9.44444,7.26667,1.71852,4.74074,6.26667,25.58889,36.33333,E22.i_5
30644.04444,11895.76667,4032.0,559.8,141978.16667,211.83333,6.07407,5.2,2525.81111,347027.43333,104.11111,807.04444,843.88889,347.77778,1.0,154.66667,400.77778,2871.81111,1110.26667,E22.a_6,727.51111,88.88889,91.24444,36.50741,2969.56667,26.44444,1.0,1.91481,50.63333,10030.23333,3.93333,63.66667,12.55556,7.04444,1.0,6.54074,9.02222,38.03333,38.0,E22.i_6
30807.04444,12854.32222,4754.66667,701.46667,135342.27778,256.94444,6.16667,16.0963,2331.92222,336406.21111,87.55556,871.48889,669.22222,355.33333,1.71852,183.88889,422.44444,2951.7,1324.26667,E22.a_7,725.4,132.11111,87.24444,14.91111,2696.67778,12.84444,1.0,2.82963,48.74444,9704.67778,2.11111,42.44444,13.33333,5.61481,1.0,10.87407,14.53333,33.47778,31.77778,E22.i_7
35914.93333,11621.76667,4883.88889,685.91111,155051.61111,267.27778,7.96296,19.26667,2343.36667,331383.32222,67.0,935.48889,453.44444,376.33333,2.43704,168.33333,469.11111,2551.14444,1346.71111,E22.a_8,738.95556,120.11111,108.57778,40.68889,2600.56667,20.46667,1.0,3.94074,45.52222,9463.34444,2.75556,47.55556,25.22222,4.82963,1.0,6.48889,8.77778,42.81111,19.22222,E22.i_8
33092.48889,11871.87778,4579.22222,642.35556,146277.83333,191.16667,5.94444,9.56296,2164.03333,326307.76667,80.33333,806.93333,666.66667,369.22222,1.71852,140.33333,369.11111,2488.81111,1179.37778,E22.a_9,676.84444,118.0,79.24444,49.3963,2713.9,14.35556,1.0,5.77037,40.85556,9258.45556,1.57778,71.66667,17.11111,7.04444,1.0,8.54074,2.75556,35.81111,36.44444,E22.i_9
107926.01111,32204.26667,16000.94444,2019.95556,315678.41111,135.55556,9.76667,23.68889,6438.21111,489720.13333,310.66667,1895.48889,1925.72222,833.82222,8.33333,544.75556,208.66667,612.68889,3909.33333,E23.a_0,611.42222,177.76667,90.48889,54.48889,1102.92222,90.55556,1.0,4.73333,45.64444,2912.04444,5.37778,31.3,24.06667,7.65926,1.77778,5.92593,6.44444,3.38889,28.13333,E23.i_0
104838.01111,27625.37778,15229.61111,1931.95556,301639.96667,184.88889,10.76667,24.6,6178.32222,475012.24444,290.22222,1884.37778,1643.05556,862.93333,7.55556,536.64444,216.66667,683.24444,3720.33333,E23.a_1,611.08889,202.87778,111.04444,43.97778,1131.58889,70.0,1.20741,5.31852,52.2,2765.26667,6.15556,25.6,21.73333,9.1037,1.0,5.15556,1.88889,5.31111,24.68889,E23.i_1
107114.34444,34564.93333,14542.38889,2025.06667,292131.18889,222.0,10.1,32.08889,6453.65556,459065.57778,301.0,1731.04444,1808.94444,781.04444,6.77778,560.75556,215.66667,684.57778,3776.11111,E23.a_2,630.53333,171.65556,95.82222,54.2,1101.36667,104.88889,1.20741,1.87407,47.08889,2602.71111,5.05185,25.41111,15.73333,9.2,1.77778,6.5037,4.66667,2.76667,24.57778,E23.i_2
101271.01111,30946.93333,14228.27778,1862.4,279276.85556,232.0,9.65556,25.82222,6521.43333,451039.8,254.55556,1767.26667,2052.38889,847.48889,5.77778,508.2,158.33333,635.24444,3577.22222,E23.a_3,616.64444,143.43333,104.93333,33.82222,1119.14444,88.33333,1.1037,2.98519,39.97778,2498.15556,4.82222,35.3,21.17778,6.22963,1.0,6.04444,1.88889,4.64444,20.24444,E23.i_3
101226.34444,32617.26667,14520.38889,1821.17778,291369.3,291.77778,8.87778,16.68889,7135.54444,443731.02222,272.77778,1768.48889,1488.83333,770.71111,4.22222,566.97778,190.88889,640.02222,3592.88889,E23.a_4,639.42222,180.87778,102.82222,54.42222,1159.36667,92.44444,1.41481,1.87407,47.2,2403.26667,2.38519,32.85556,33.95556,6.77037,1.0,7.14815,4.66667,4.6,22.24444,E23.i_4
99190.56667,32335.04444,14477.94444,1787.84444,284126.85556,359.44444,7.87778,26.93333,6354.32222,436061.13333,250.66667,1697.82222,1589.61111,782.71111,2.66667,592.75556,318.77778,703.8,3592.55556,E23.a_5,526.53333,108.1,98.93333,51.82222,958.47778,230.44444,1.0,4.97037,30.31111,2298.71111,3.28148,28.3,18.68148,4.45185,1.0,5.25926,3.77778,2.57778,14.24444,E23.i_5
95283.12222,30440.26667,13519.94444,1697.51111,270608.74444,269.22222,8.1,17.28889,5946.1,429804.8,286.44444,1602.15556,1495.38889,788.71111,6.66667,536.64444,171.22222,568.35556,3551.0,E23.a_6,549.53333,88.65556,93.71111,38.93333,989.81111,67.88889,1.1037,2.74815,36.64444,2246.48889,2.5037,19.96667,12.84444,5.77037,1.77778,4.48148,5.77778,6.23333,16.82222,E23.i_6
93251.56667,29997.6,14143.83333,1542.73333,265533.41111,271.22222,10.43333,21.15556,6324.54444,419871.68889,284.66667,1621.82222,1349.05556,750.82222,3.44444,582.97778,206.0,613.35556,3565.66667,E23.a_7,555.75556,99.1,88.93333,59.53333,1003.36667,76.0,1.0,7.59259,30.42222,2194.26667,3.06667,22.82222,18.95556,4.86667,1.0,5.6963,7.55556,5.01111,15.24444,E23.i_7
94563.45556,31094.6,14123.94444,1699.95556,262085.3,244.55556,8.87778,18.82222,5472.87778,414018.35556,274.88889,1547.6,1818.5,789.71111,3.44444,517.2,313.88889,487.91111,3385.11111,E23.a_8,592.42222,82.76667,94.71111,46.71111,1134.58889,76.0,1.1037,2.74815,31.31111,2135.93333,3.60741,21.18889,13.76296,5.54815,1.0,4.25185,3.66667,3.83333,23.46667,E23.i_8
95695.67778,29099.93333,14030.94444,1676.62222,263790.3,217.88889,7.43333,19.33333,6107.43333,408693.8,286.77778,1572.71111,1663.27778,743.48889,4.22222,546.42222,241.66667,635.24444,3469.22222,E23.a_9,607.75556,124.21111,104.26667,36.42222,1147.92222,131.77778,1.0,5.08148,36.64444,2099.26667,2.61481,24.63333,19.54074,5.32593,1.0,7.27407,2.77778,4.01111,15.46667,E23.i_9
22926.16667,7521.84444,9486.53333,3743.14444,57961.17778,560.77778,11.35556,16.32222,2031.16667,258346.96667,54.14444,1899.33333,322.71111,176.2,2.60741,1068.73333,385.0,540.92222,12733.77778,E24.a_0,1894.75556,597.66667,446.51111,309.4,3733.08889,18.66667,1.28889,9.51852,180.25556,13433.27778,8.3,72.57778,56.11111,2.66667,1.0,19.11111,9.33333,6.87778,249.75556,E24.i_0
21859.94444,7109.4,10375.53333,3560.03333,55213.73333,778.88889,11.13333,22.71852,2004.72222,253033.07778,51.81111,2080.88889,320.48889,187.31111,1.0,1156.17778,341.33333,630.58889,13624.66667,E24.a_1,1844.97778,617.66667,379.73333,319.84444,3925.08889,61.77778,1.0,6.39259,184.25556,13033.94444,11.63333,151.57778,53.33333,2.44444,1.0,26.66667,14.44444,5.48519,223.53333,E24.i_1
22497.72222,7197.84444,10337.2,3552.36667,52714.28889,396.55556,14.68889,24.43333,1959.72222,248699.85556,47.03333,1799.22222,354.6,180.64444,1.0,1019.4,325.55556,635.14444,12487.44444,E24.a_2,1890.86667,817.0,363.4,296.51111,4163.64444,23.0,1.0,10.99259,216.36667,12498.27778,12.52222,63.68889,60.88889,3.22222,1.0,34.44444,3.88889,7.87778,243.31111,E24.i_2
20854.16667,7079.28889,11255.53333,3598.81111,52478.84444,1086.77778,14.68889,25.87778,2052.83333,245200.3,43.7,2027.44444,308.48889,223.64444,2.43704,1168.95556,390.88889,773.92222,14232.66667,E24.a_3,1697.64444,533.88889,334.17778,304.28889,3576.42222,29.22222,1.0963,3.6963,166.58889,12041.83333,9.74444,54.68889,50.22222,4.77778,1.0,29.88889,2.88889,6.28889,222.42222,E24.i_3
21523.38889,6788.84444,10067.64444,3632.36667,51513.17778,566.77778,15.24444,23.94074,1963.05556,241130.52222,45.81111,1918.22222,318.37778,193.97778,1.0,1086.06667,348.55556,707.14444,14853.0,E24.a_4,1845.53333,617.66667,334.73333,237.17778,3768.75556,9.0,1.0963,2.9037,181.92222,11831.72222,10.85556,68.46667,54.66667,5.22222,1.0,28.55556,1.88889,7.68148,233.64444,E24.i_4
21149.27778,7435.84444,10118.42222,3797.47778,54194.95556,706.77778,11.35556,17.24074,1915.61111,238023.41111,50.25556,1919.88889,274.15556,167.64444,3.32593,1099.06667,342.55556,600.47778,13596.66667,E24.a_5,1664.75556,490.44444,329.84444,232.06667,3536.53333,23.11111,1.0,4.80741,164.03333,11585.05556,9.3,67.91111,57.55556,4.0,1.77778,17.44444,6.66667,7.70741,232.42222,E24.i_5
20389.83333,7026.28889,10085.2,3719.92222,53168.51111,610.22222,13.24444,14.90741,1867.94444,235523.74444,46.92222,1810.0,286.15556,181.97778,1.0,990.28889,402.88889,502.14444,13654.22222,E24.a_6,1655.2,535.0,313.62222,260.51111,3645.64444,31.44444,1.0,3.6963,171.47778,11448.5,9.85556,49.46667,67.11111,3.0,1.0,15.55556,7.66667,6.79259,212.97778,E24.i_6
20272.61111,6974.62222,9721.42222,3495.47778,53670.28889,634.77778,9.24444,16.12963,1838.83333,232241.52222,45.36667,1714.11111,309.04444,164.64444,2.60741,954.28889,340.55556,561.14444,10921.66667,E24.a_7,1702.08889,482.44444,315.62222,237.28889,3528.53333,25.0,1.0963,6.71111,177.36667,11270.16667,9.96667,71.8,60.22222,3.11111,1.0,21.22222,1.0,2.8963,228.53333,E24.i_7
20748.27778,7273.06667,8928.08889,3534.14444,50407.95556,392.44444,8.46667,9.73333,1808.05556,229893.85556,44.7,1550.44444,315.6,147.97778,1.0,812.95556,296.88889,391.7,9556.44444,E24.a_8,1637.08889,473.33333,332.84444,219.17778,3486.64444,25.11111,1.19259,4.48889,173.25556,11065.27778,9.74444,117.24444,53.0,5.22222,1.0,21.33333,8.66667,7.06667,242.31111,E24.i_8
20351.16667,6766.62222,9202.42222,3784.58889,49901.84444,451.88889,10.46667,18.16296,1853.72222,227473.85556,45.03333,1695.77778,286.71111,180.64444,1.0,929.62222,307.88889,449.47778,12478.66667,E24.a_9,1670.31111,543.0,325.17778,257.84444,3487.53333,23.33333,1.0963,2.9037,178.58889,10823.61111,11.07778,64.91111,63.22222,5.44444,1.0,25.66667,3.77778,11.70741,258.42222,E24.i_9
33303.94444,6861.04444,38287.22222,15895.56667,138696.4,1946.57778,132.4,77.2,2452.83333,1313014.5,91.35556,36642.87778,359.64444,509.6,2.55556,10703.28889,1147.44444,54450.44444,4628.4,E25.a_0,238.52222,135.91111,395.13333,183.83333,1187.36667,45.0,4.0,3.05926,52.81111,19981.67778,3.7,1086.76667,11.3037,3.81111,1.0,158.26667,19.0,713.02222,42.88889,E25.i_0
30946.72222,7456.04444,36476.22222,15316.9,141611.28889,2178.8,145.4,72.53333,2305.61111,1229097.5,96.13333,35168.54444,364.86667,374.04444,1.0,10253.4,1285.0,56064.77778,4087.51111,E25.a_1,214.52222,98.57778,298.02222,170.94444,870.7,108.66667,2.0,8.45185,41.92222,16896.78889,3.9,884.98889,6.30741,3.91111,1.0,143.6,25.11111,498.3037,38.11111,E25.i_1
29223.16667,6721.04444,38163.22222,13348.12222,128008.06667,2063.8,132.4,87.86667,2404.16667,1180821.5,92.13333,31386.76667,328.97778,430.04444,1.0,8925.73333,1223.55556,46969.22222,3657.06667,E25.a_2,204.07778,89.57778,333.24444,91.05556,837.36667,21.97778,1.37778,5.2,40.58889,14852.9,3.8,788.32222,6.63704,5.24444,1.0,117.26667,20.11111,282.63704,37.77778,E25.i_2
29380.83333,6649.15556,39564.88889,14122.56667,121999.17778,2061.8,134.28889,91.31111,2377.38889,1158573.5,88.24444,31408.98889,259.31111,468.6,1.0,9419.95556,1321.55556,44336.33333,3493.17778,E25.a_3,228.74444,85.68889,217.35556,170.94444,719.14444,26.2,1.17778,5.28148,41.14444,13397.56667,3.78889,829.87778,6.08519,5.02222,1.0,156.82222,9.55556,187.46667,45.11111,E25.i_3
29430.5,6277.82222,34617.22222,13266.56667,122637.84444,1979.46667,126.84444,78.53333,2395.72222,1138917.5,95.8,30901.87778,304.53333,404.82222,1.0,10097.51111,1024.33333,50181.55556,3526.06667,E25.a_4,256.74444,115.68889,277.46667,139.94444,693.36667,28.2,1.26667,7.34074,43.81111,12688.34444,5.23333,797.32222,5.97407,3.23333,1.0,151.93333,14.44444,137.74815,45.44444,E25.i_4
31337.5,6641.04444,35628.44444,14420.34444,120663.06667,1761.57778,111.06667,80.75556,2442.94444,1118343.38889,91.91111,33598.76667,331.31111,441.37778,1.0,10022.84444,933.22222,44936.66667,3886.73333,E25.a_5,238.18889,89.46667,238.35556,165.61111,652.36667,22.33333,1.17778,10.7037,41.03333,12073.9,4.56667,793.43333,5.87037,2.81111,1.0,144.48889,7.55556,142.8,40.44444,E25.i_5
30151.16667,6361.15556,31108.88889,11999.67778,113505.73333,1687.57778,103.62222,81.97778,2389.61111,1093742.38889,93.13333,30870.76667,330.64444,404.26667,1.0,9482.17778,988.88889,47683.55556,3475.06667,E25.a_6,198.74444,95.6,185.68889,101.27778,531.25556,14.6,1.0,9.67407,37.14444,11034.34444,3.8,764.54444,7.08148,2.6,1.0,98.6,8.55556,161.97037,26.77778,E25.i_6
29729.94444,6675.71111,34038.0,12664.34444,107565.73333,1825.35556,112.73333,78.42222,2298.5,1066448.94444,81.24444,30842.87778,305.42222,433.26667,1.77778,9215.62222,1105.77778,45005.66667,3537.84444,E25.a_7,176.63333,98.57778,178.02222,152.94444,520.03333,20.46667,1.0,5.2,33.03333,10572.56667,4.36667,709.65556,5.86296,2.15556,1.0,98.82222,9.66667,202.08148,26.66667,E25.i_7
30347.94444,6404.15556,29147.88889,12475.45556,117107.06667,1167.68889,83.51111,57.42222,2247.61111,1041014.5,92.46667,32562.65556,318.86667,406.15556,1.77778,9819.28889,823.44444,44348.33333,3907.17778,E25.a_8,175.63333,71.46667,214.24444,129.72222,441.92222,20.22222,1.35556,5.11852,35.47778,10225.9,4.14444,811.43333,8.31111,4.48889,1.65926,100.15556,2.77778,45.48148,29.55556,E25.i_8
31233.38889,6079.15556,25773.22222,12884.9,111544.84444,999.24444,75.62222,63.31111,2302.72222,1009988.27778,94.91111,32637.32222,328.42222,338.93333,1.77778,9915.73333,901.0,41234.44444,4143.95556,E25.a_9,166.41111,75.46667,194.91111,105.55556,409.47778,20.33333,1.2,5.28148,37.03333,9990.01111,4.02222,806.54444,8.64074,3.03333,1.0,69.93333,8.44444,52.26667,30.33333,E25.i_9
95458.68889,20807.88889,17643.68889,2443.95556,345321.67778,232.27778,11.93333,25.72593,8306.46667,764062.8,296.8,2405.93333,1348.0,909.77778,4.82222,429.31111,203.17778,82567.9,16517.48889,E26.a_0,1373.95556,406.57778,400.2,77.44444,4795.02222,26.08889,1.66667,7.66667,132.05556,12624.05556,7.9,62.0,89.72222,29.48889,2.60741,9.18519,14.77778,180.74444,446.62222,E26.i_0
89971.57778,19500.11111,17293.24444,2456.62222,323282.45556,378.27778,14.04444,29.01111,8101.24444,733422.13333,303.8,2596.37778,1230.11111,898.44444,7.37778,421.42222,154.62222,98806.67778,16638.93333,E26.a_1,1514.4,342.91111,316.08889,44.11111,4527.91111,42.64444,1.11111,6.55556,120.94444,9189.94444,6.78889,68.11111,40.5,17.6,1.0,5.07407,9.77778,168.18889,400.95556,E26.i_1
91261.13333,19713.0,16739.35556,2366.4,325302.67778,324.72222,12.93333,14.6,8124.35556,721750.02222,273.46667,2478.93333,1291.66667,841.44444,4.21481,407.08889,196.28889,107959.01111,14966.15556,E26.a_2,785.06667,308.68889,277.86667,51.66667,3111.68889,71.66667,1.0,3.22222,97.61111,7096.38889,4.45556,63.33333,37.83333,12.37778,1.0,3.11111,10.77778,121.3,230.84444,E26.i_2
89455.8,20156.33333,16960.02222,2387.06667,343164.56667,207.72222,13.26667,15.93333,8019.46667,708863.91111,289.24444,2294.93333,1285.44444,867.0,8.98519,390.75556,197.4,75249.34444,16994.6,E26.a_3,698.95556,246.13333,205.2,77.55556,2627.02222,22.57778,1.0,4.33333,82.38889,5606.27778,4.78889,60.44444,36.16667,9.37778,1.0,9.07407,9.28889,132.74444,223.84444,E26.i_3
86937.8,19060.33333,16694.24444,2562.51111,319001.23333,302.27778,9.71111,16.93333,8066.91111,695925.91111,270.46667,2383.6,1267.33333,844.22222,7.25926,386.53333,161.62222,92030.01111,14897.6,E26.a_4,417.17778,228.91111,144.75556,16.11111,1754.24444,26.68889,1.0,3.22222,57.5,4336.83333,5.9,42.0,14.94444,5.82963,1.0,8.48148,1.0,323.96667,136.06667,E26.i_4
87002.91111,19042.33333,16326.35556,2353.4,321089.45556,310.38889,11.04444,17.83704,7818.24444,685447.35556,275.13333,2423.6,1289.44444,807.0,4.04444,382.2,156.73333,98147.45556,14718.82222,E26.a_5,301.06667,151.24444,115.42222,13.55556,1216.8,42.88889,1.0,1.0,61.5,3534.83333,4.12222,38.55556,18.72222,7.82963,1.0,4.33333,2.75556,526.63333,115.17778,E26.i_5
88118.13333,19632.22222,16145.57778,2510.84444,325143.9,263.05556,10.71111,14.71111,7923.57778,672532.24444,286.8,2471.04444,1230.44444,823.88889,4.99259,409.97778,168.4,97603.12222,16193.26667,E26.a_6,309.73333,131.02222,106.86667,13.44444,930.46667,8.97778,1.0,4.33333,53.16667,3010.16667,2.91111,30.77778,19.11111,6.93333,1.0,5.22222,6.02222,476.18889,93.06667,E26.i_6
81154.24444,18524.0,15692.13333,2340.62222,309716.78889,250.83333,11.82222,18.04444,7534.8,649291.8,250.46667,2303.82222,1196.22222,770.33333,8.98519,466.42222,173.51111,92931.12222,14179.82222,E26.a_7,282.51111,118.8,70.64444,18.88889,856.91111,4.86667,1.0,5.44444,36.27778,2506.83333,1.73333,21.55556,16.77778,5.15556,1.0,3.88889,5.26667,308.85556,71.62222,E26.i_7
82002.91111,18729.77778,16000.91111,2376.84444,305117.34444,394.61111,13.48889,17.31481,7381.57778,631470.13333,258.02222,2601.93333,1196.55556,728.88889,10.47407,498.2,121.06667,112532.34444,13493.26667,E26.a_8,278.95556,113.04444,67.97778,15.88889,758.8,45.37778,1.11111,4.33333,31.61111,2223.83333,1.95556,26.55556,12.88889,4.5037,2.60741,3.18519,3.51111,274.63333,90.06667,E26.i_8
83495.8,18799.44444,15877.35556,2405.28889,304327.34444,314.5,10.04444,19.10741,7308.02222,619384.24444,267.35556,2300.82222,1131.55556,765.11111,4.1037,448.53333,112.95556,90913.67778,14811.48889,E26.a_9,302.95556,109.68889,64.53333,10.88889,669.91111,26.44444,1.0,1.0,46.38889,2045.61111,2.78889,30.55556,10.72222,4.71852,1.0,5.03704,15.42222,261.18889,72.06667,E26.i_9
76731.0,12551.55556,13436.96667,1490.06667,176958.13333,866.71111,13.78889,44.24444,3023.56667,249707.95556,110.33333,2793.4,681.71111,392.66667,6.66667,846.77778,239.44444,1045.47778,5791.02222,E27.a_0,10.7037,76.66667,70.64444,56.1037,1.0,368.57778,1.66667,18.9963,34.88889,3516.75556,1.9037,41.34444,7.0,6.05926,1.0,4.55556,268.33333,1.75556,28.73333,E27.i_0
73691.33333,13503.66667,13079.85556,1363.84444,171709.02222,698.15556,15.01111,33.36296,2814.45556,236936.4,108.55556,2710.06667,568.26667,354.66667,3.44444,877.88889,250.44444,985.47778,6101.57778,E27.a_1,11.83333,63.55556,58.2,65.92593,6.9963,541.48889,1.22222,4.96667,21.22222,2300.08889,1.56296,27.23333,4.77778,5.77407,1.0,2.77778,227.55556,2.13333,19.65185,E27.i_1
71353.33333,18033.66667,11940.52222,1281.28889,153676.46667,722.93333,13.01111,29.80741,2840.34444,218795.4,109.55556,1996.28889,875.26667,338.11111,3.33333,704.77778,225.66667,850.7,5337.46667,E27.a_2,44.66667,52.0,59.42222,36.38519,51.75926,1338.57778,1.0,6.07778,17.77778,1833.75556,1.56296,23.12222,8.22222,3.25185,1.77778,10.11111,49.88889,2.53333,27.51111,E27.i_2
69226.44444,18407.55556,12279.96667,1188.4,145535.13333,564.6,13.23333,18.25185,2727.56667,205244.06667,98.55556,1915.73333,726.37778,326.55556,2.66667,654.88889,250.44444,816.47778,4943.35556,E27.a_3,61.0,72.66667,69.53333,28.60741,94.53333,670.46667,1.11111,3.85556,19.66667,1555.75556,1.39259,17.35556,10.55556,1.64815,1.0,7.88889,31.33333,3.2,36.51111,E27.i_3
59082.88889,14208.55556,11405.85556,1167.73333,134250.91111,613.82222,12.23333,11.92593,2252.23333,194313.62222,92.0,1791.95556,565.6,382.11111,2.55556,577.66667,204.88889,843.03333,4657.02222,E27.a_4,58.53704,85.88889,77.42222,42.59259,110.75185,383.02222,1.11111,4.96667,15.88889,1398.42222,1.75926,14.57778,11.44444,2.15556,1.77778,10.55556,13.44444,2.95556,28.51111,E27.i_4
59301.11111,11427.88889,10849.41111,1123.84444,133184.68889,505.15556,9.9,16.98519,2213.34444,188018.4,92.44444,1614.51111,520.48889,319.33333,1.0,530.77778,148.44444,639.14444,3887.46667,E27.a_5,81.2963,77.55556,69.53333,41.02222,188.75185,738.57778,1.22222,10.04444,16.33333,1283.2,1.08519,19.23333,10.44444,2.66296,1.77778,4.77778,19.44444,1.35556,43.4,E27.i_5
60395.66667,8865.22222,10177.07778,987.17778,131848.8,328.37778,11.01111,14.65185,2038.45556,179969.06667,81.33333,1536.28889,416.48889,292.22222,2.66667,588.22222,116.66667,642.92222,4096.02222,E27.a_6,83.05556,97.0,89.08889,38.46667,92.97037,631.68889,1.11111,1.0,30.66667,1188.42222,1.67407,14.9,10.77778,2.26667,1.0,6.66667,4.77778,1.04444,42.73333,E27.i_6
54676.88889,11395.66667,10081.52222,1028.51111,126584.35556,591.26667,8.56667,29.41481,2059.23333,174604.4,98.22222,1639.06667,494.26667,316.55556,1.0,557.44444,135.44444,673.92222,3995.35556,E27.a_7,89.83333,118.0,116.2,51.35556,87.52593,705.68889,1.0,2.9037,17.77778,1104.64444,2.11852,18.56667,11.11111,2.2037,1.0,4.11111,1.88889,1.02222,38.84444,E27.i_7
53004.22222,12783.44444,10033.63333,1033.73333,114655.02222,439.37778,10.67778,19.75556,1955.67778,168477.28889,120.66667,1514.73333,606.6,317.77778,3.33333,505.11111,196.88889,687.81111,3725.24444,E27.a_8,81.5,60.55556,76.53333,42.11852,84.07778,344.02222,1.0,1.0,15.77778,1088.97778,1.64815,23.23333,8.11111,2.15556,1.0,10.88889,2.88889,2.06667,52.4,E27.i_8
48784.55556,11974.66667,9637.07778,945.84444,107917.35556,291.37778,8.34444,20.14815,1876.01111,160401.84444,100.11111,1405.4,596.15556,299.0,2.55556,483.44444,157.44444,554.36667,3372.91111,E27.a_9,67.51852,65.77778,68.64444,52.45185,90.08148,794.02222,1.11111,3.06296,20.11111,1036.75556,1.25556,20.23333,9.44444,2.10741,1.77778,5.33333,2.88889,2.17778,28.84444,E27.i_9
108433.93333,14813.52222,12035.01111,1318.56667,235948.74444,150.96667,6.94074,15.96667,4893.08889,362786.43333,164.44444,902.06667,681.68889,609.77778,5.0,389.28889,154.73333,231.73333,4762.8,E28.a_0,104.48889,94.26667,155.05556,10.40741,207.83333,263.16667,1.0,6.55556,32.6,1870.48889,1.42222,24.82222,22.65556,7.92222,1.0,13.85185,9.11111,9.61852,105.0,E28.i_0
94734.04444,12163.07778,10356.56667,1050.34444,208874.74444,206.52222,7.37778,10.73333,4070.75556,333127.54444,154.66667,842.17778,600.8,569.33333,2.55556,375.06667,167.4,265.84444,4512.35556,E28.a_1,103.26667,97.48889,174.05556,23.18519,229.61111,236.38889,1.0,5.44444,31.26667,1697.37778,1.1037,26.91111,13.79259,6.81111,1.0,15.77778,9.28889,14.71852,131.77778,E28.i_1
100215.82222,12637.18889,10331.56667,1179.45556,210511.85556,177.74444,7.93333,24.75556,4264.08889,317239.32222,146.88889,847.17778,578.91111,525.66667,1.77778,369.84444,145.06667,237.84444,4482.35556,E28.a_2,116.93333,109.48889,150.05556,28.40741,263.38889,209.61111,1.0,6.66667,33.37778,1602.82222,1.54074,23.13333,13.65556,7.71111,1.0,6.88889,6.28889,10.17407,157.0,E28.i_2
93909.15556,12187.85556,9975.23333,1045.23333,215230.07778,147.3037,7.15556,10.62222,4188.08889,302834.21111,133.33333,828.73333,631.91111,479.22222,1.0,338.73333,104.28889,225.62222,4232.46667,E28.a_3,116.71111,95.6,205.5,20.74074,219.61111,141.94444,1.0,2.11111,41.37778,1540.15556,1.74074,26.02222,15.12593,5.92222,2.66667,13.55556,2.64444,16.3963,133.22222,E28.i_3
86971.93333,10956.18889,9401.9,1091.67778,193061.3,81.63704,7.93333,25.3,3903.08889,291372.43333,127.88889,731.73333,558.02222,565.44444,1.77778,347.73333,100.28889,255.17778,4339.57778,E28.a_4,111.26667,97.48889,152.61111,40.25926,209.16667,269.27778,1.0963,5.44444,39.6,1471.82222,1.41481,22.02222,13.01481,8.45556,1.77778,14.0,3.64444,18.21481,151.55556,E28.i_4
85450.71111,11376.52222,9438.01111,1063.12222,185617.96667,101.74444,7.6,34.76667,3747.08889,274369.1,125.0,750.84444,524.68889,526.88889,1.0,388.17778,139.84444,260.4,4274.35556,E28.a_5,140.6,124.71111,192.38889,38.74074,266.38889,252.94444,1.0963,5.44444,34.93333,1434.71111,1.63704,22.46667,15.57037,9.02222,1.0,11.7037,4.46667,11.57778,127.44444,E28.i_5
82306.93333,11779.41111,8911.9,949.67778,178864.41111,124.18889,7.04444,17.62222,3424.42222,260424.54444,118.0,646.51111,439.8,500.22222,2.55556,336.51111,108.95556,237.51111,3923.35556,E28.a_6,132.6,143.93333,169.61111,62.55556,236.27778,183.05556,1.0,7.66667,45.71111,1382.48889,1.63704,21.46667,14.34815,7.78889,1.0,9.7037,3.64444,14.50741,177.55556,E28.i_6
80251.26667,11470.63333,10078.78889,929.12222,175355.85556,204.52222,7.15556,9.94444,3689.53333,248024.65556,109.22222,757.62222,444.13333,502.55556,3.44444,346.06667,123.28889,326.06667,4589.35556,E28.a_7,132.71111,85.37778,156.16667,30.03704,257.94444,302.59259,1.20741,6.66667,30.48889,1361.6,1.20741,24.13333,15.57037,7.9,1.77778,12.66667,1.82222,5.72963,124.22222,E28.i_7
77482.15556,11330.96667,9514.9,900.67778,165079.74444,130.52222,7.37778,12.41111,3614.31111,239943.98889,102.55556,717.95556,464.35556,430.88889,1.77778,340.84444,129.84444,265.95556,3955.13333,E28.a_8,116.37778,94.6,167.38889,30.96296,205.94444,343.59259,1.0,2.11111,36.04444,1340.71111,1.85185,28.02222,13.01481,7.78889,1.77778,13.2963,1.0,16.06296,155.44444,E28.i_8
72509.71111,12497.85556,8595.67778,810.45556,166229.07778,111.96667,6.37778,8.83333,3181.08889,233833.32222,110.33333,681.06667,389.35556,430.55556,2.66667,306.51111,105.28889,255.17778,3708.91111,E28.a_9,116.04444,75.26667,178.83333,52.33333,202.38889,386.38889,1.19259,2.11111,32.93333,1278.04444,2.2963,17.46667,11.01481,7.91111,2.66667,5.48148,3.64444,17.43704,130.11111,E28.i_9
82427.07778,9536.51111,4046.54444,1731.55556,114427.61111,18.66667,3.87778,17.99259,1420.53333,350545.72222,28.56667,283.35556,31.82222,320.26667,1.0,65.35556,98.0,114.63333,1059.71111,E3.a_0,944.42222,84.88889,45.18889,76.65926,881.03333,153.04444,1.0,2.82222,15.16667,4439.66667,1.31111,19.24444,6.25185,4.33333,1.0,3.22222,1.0,3.62222,7.12593,E3.i_0
80075.85556,9856.17778,4450.65556,1594.88889,112969.72222,31.11111,3.65556,11.74074,1502.2,341131.94444,28.78889,274.57778,33.82222,294.48889,1.0,131.57778,121.66667,102.18889,1180.6,E3.a_1,798.53333,61.55556,50.18889,33.42593,772.92222,99.95556,1.1037,5.95556,10.94444,4161.66667,1.1037,8.71111,7.86667,1.55556,1.0,3.11111,3.77778,3.22963,8.01481,E3.i_1
80208.41111,10136.06667,4171.1,1736.77778,109268.05556,29.0,3.32222,14.00741,1359.75556,333856.83333,28.67778,267.35556,29.48889,291.48889,1.0,74.8,113.0,106.07778,1077.04444,E3.a_2,820.97778,39.22222,49.85556,69.06296,744.92222,233.75556,1.0,9.8,8.61111,4009.77778,1.1037,11.6,5.53333,1.77778,1.0,3.33333,1.0,4.00741,7.65185,E3.i_2
82078.07778,10492.28889,4441.98889,1767.77778,114334.83333,39.11111,3.34815,15.65926,1458.42222,328241.27778,31.34444,258.13333,28.48889,266.26667,1.71852,121.57778,117.55556,120.52222,1189.93333,E3.a_3,740.64444,37.0,47.63333,53.91111,675.81111,28.08889,1.0,3.73333,6.14815,3899.44444,1.32593,9.22222,3.42963,2.22222,1.77778,2.11111,1.0,2.97778,5.79259,E3.i_3
80679.52222,13289.95556,4047.98889,1582.22222,107500.05556,45.33333,3.87778,11.85185,1272.42222,323012.16667,24.01111,260.68889,28.04444,311.93333,1.0,72.57778,89.22222,94.3,1086.82222,E3.a_4,822.31111,48.11111,46.18889,59.4963,735.03333,102.2,1.0,3.93333,9.35185,3820.88889,1.0,11.71111,9.08889,4.11111,1.0,2.11111,1.0,2.8963,8.79259,E3.i_4
80438.3,11143.51111,4522.98889,1716.22222,110253.05556,29.22222,3.79259,18.74074,1371.64444,317402.5,25.01111,245.35556,33.15556,311.04444,1.0,125.91111,126.66667,99.85556,1188.04444,E3.a_5,819.42222,60.44444,44.52222,28.31481,769.47778,40.28889,1.1037,9.2,9.5,3753.0,1.1037,10.2,7.46667,4.33333,2.66667,3.66667,4.66667,2.17037,7.76296,E3.i_5
79927.07778,8601.73333,4087.1,1597.44444,102123.83333,39.11111,5.1,13.64444,1135.2,312785.05556,28.78889,243.35556,17.37778,288.37778,2.43704,68.91111,71.11111,93.18889,828.15556,E3.a_6,846.2,60.44444,48.52222,43.75926,789.7,95.97778,1.0,6.86667,14.05556,3673.88889,1.31852,9.28889,6.14074,3.88889,1.0,3.44444,11.55556,3.17037,5.48889,E3.i_6
74744.41111,8243.51111,4294.98889,1643.77778,104544.38889,67.66667,4.21111,16.65926,1207.08889,309434.72222,22.45556,260.13333,21.71111,272.6,1.0,138.68889,118.88889,90.07778,1084.82222,E3.a_7,650.42222,38.11111,60.07778,33.31481,693.81111,20.46667,1.0,7.97778,5.81481,3658.0,1.1037,7.84444,5.6963,1.55556,1.0,5.11111,1.0,1.28148,10.06667,E3.i_7
78244.52222,8195.28889,3998.87778,1574.33333,102857.38889,49.22222,3.76667,7.61481,1222.97778,305744.5,26.9,257.13333,31.15556,287.48889,1.71852,82.8,92.88889,81.96667,897.82222,E3.a_8,845.64444,30.11111,44.52222,36.09259,792.36667,176.2,1.0,2.82222,7.59259,3600.55556,1.31852,10.24444,5.7037,2.55556,1.0,5.66667,3.77778,2.31111,6.2963,E3.i_8
77867.85556,7480.95556,4101.43333,1504.55556,99456.94444,45.22222,3.76667,12.1037,1129.97778,301409.83333,21.78889,259.24444,27.71111,280.48889,1.71852,139.13333,101.88889,82.63333,1025.26667,E3.a_9,808.86667,48.44444,41.96667,76.84074,745.58889,35.57778,1.0,3.93333,12.72222,3558.77778,1.1037,10.13333,15.3037,5.11111,1.77778,3.11111,5.66667,3.17037,6.34815,E3.i_9
35263.12222,9328.45556,5181.88889,745.21111,71219.14444,158.11111,3.60741,6.27407,1456.74444,167038.48889,29.11111,124.75556,52.13333,292.21111,1.54074,2507.66667,157.84444,22.08148,473.14444,E4.a_0,175.95556,27.44444,24.03333,39.48889,131.16667,43.13333,1.1037,11.01481,5.68889,2418.35556,1.0,7.33333,12.61111,1.53333,1.0,3.22222,1.0,1.64444,2.28889,E4.i_0
30942.67778,10833.34444,5100.44444,776.54444,61321.03333,230.0,4.17037,13.50741,1310.18889,145814.71111,24.77778,119.08889,51.91111,311.98889,1.0,2022.55556,139.95556,15.85926,427.81111,E4.a_1,141.51111,31.0,21.7,18.61111,118.5,25.42222,1.0,11.71111,6.71111,1841.46667,1.0,8.88889,10.88889,1.32593,1.0,2.44444,1.0,1.74444,2.25926,E4.i_1
30958.78889,20212.12222,5307.55556,724.65556,64226.25556,312.11111,3.48889,14.61852,1619.07778,130243.37778,21.11111,131.53333,64.91111,319.65556,1.0,1566.22222,98.4,19.63333,358.81111,E4.a_2,104.62222,28.55556,15.14444,31.82222,81.83333,8.37778,1.0,4.02222,3.53333,1233.24444,1.0,3.11111,5.05556,1.1037,1.0,4.55556,1.0,1.2,2.28889,E4.i_2
29279.01111,14233.23333,5212.22222,678.43333,60795.47778,166.44444,2.94074,12.05185,1334.85556,122897.71111,17.55556,165.53333,48.13333,354.87778,1.54074,1335.33333,131.17778,17.18889,339.36667,E4.a_3,87.62222,13.22222,6.81111,50.68889,53.72222,8.37778,1.0,10.48889,3.75556,918.8,1.0,3.11111,5.55556,1.1037,1.0,1.33333,1.0,1.1,2.31852,E4.i_3
27624.12222,14011.01111,4587.44444,590.54444,58996.25556,195.22222,3.27407,6.75926,1457.74444,116751.82222,24.22222,119.53333,58.35556,320.21111,1.0,1659.44444,73.51111,11.30741,337.36667,E4.a_4,57.73333,10.22222,5.81111,39.48889,34.72222,6.62222,1.0,4.65926,2.0,572.91111,1.0,2.33333,2.83333,1.0,1.0,1.0,1.0,1.64444,1.78519,E4.i_4
27225.01111,12688.23333,4903.66667,564.87778,58825.81111,252.77778,3.17037,11.8,1257.52222,109515.82222,22.55556,148.08889,57.46667,377.54444,2.42963,1255.22222,95.28889,15.3,276.36667,E4.a_5,64.06667,4.77778,3.58519,32.25556,30.83333,1.0,1.0,7.51852,2.33333,426.46667,1.0,2.11111,4.66667,1.0,1.0,1.33333,1.0,2.28889,2.31852,E4.i_5
25167.9,13017.45556,4841.0,567.21111,45613.14444,306.11111,2.17037,5.16296,1132.85556,103708.15556,20.22222,137.53333,43.8,398.21111,1.0,1342.22222,112.06667,11.97407,328.47778,E4.a_6,95.06667,3.11111,7.02963,37.47778,49.27778,4.51111,1.0,1.63704,1.6,352.8,1.0,3.11111,2.44444,1.0,1.0,1.0,1.0,3.17778,2.03704,E4.i_6
25642.67778,13730.45556,4850.22222,595.76667,49743.36667,332.88889,2.61481,14.99259,1102.18889,100276.71111,15.55556,149.86667,36.24444,319.87778,1.54074,1158.33333,107.06667,13.74815,271.81111,E4.a_7,121.17778,7.33333,5.25556,44.82222,49.5,1.0,1.0,2.27407,3.31111,326.24444,1.11111,2.66667,1.83333,1.0,1.77778,3.22222,1.88889,1.0,2.03704,E4.i_7
24301.12222,16004.34444,4899.88889,543.98889,46870.36667,162.33333,2.94074,14.72963,1177.52222,98025.93333,15.33333,138.08889,52.8,422.76667,1.0,1204.77778,97.57778,9.97037,271.36667,E4.a_8,123.06667,6.22222,4.14074,55.91111,43.27778,1.0,1.0,4.02222,1.8,268.8,1.0,3.22222,2.94444,1.0,1.77778,3.33333,1.0,1.0,2.25926,E4.i_8
24528.67778,13218.56667,4766.11111,585.21111,51560.81111,283.44444,1.41481,13.75926,1161.41111,95771.93333,17.22222,155.53333,50.91111,367.43333,1.0,1013.11111,101.46667,12.63333,262.7,E4.a_9,111.84444,2.55556,11.58889,76.46667,47.83333,6.62222,1.0,2.91111,1.6,237.46667,1.0,3.33333,1.27778,1.1037,1.0,2.88889,1.0,1.0,3.71111,E4.i_9
33127.32222,13849.06667,9026.8,1196.71111,78987.72222,291.77778,4.74815,21.72593,2215.01111,177597.27778,25.67778,126.64444,75.86667,305.04444,3.20741,1657.33333,296.88889,43.95556,409.26667,E5.a_0,688.86667,53.08889,55.06667,51.87407,968.24444,28.83333,1.0,5.96296,34.13333,2546.95556,1.55556,8.31111,10.23704,3.02222,1.0,20.64444,1.88889,2.81481,7.71111,E5.i_0
32937.65556,13159.95556,7976.02222,1219.82222,78583.16667,232.11111,7.3,29.83704,2249.12222,170239.5,31.45556,133.08889,87.64444,304.82222,1.0,1680.88889,379.0,52.06667,437.37778,E5.a_1,715.75556,38.86667,61.62222,45.28889,1036.57778,11.96296,1.0,6.08148,38.35556,2441.62222,1.55556,3.66667,10.12593,2.61111,1.0,18.64444,1.0,2.0963,9.26667,E5.i_1
31776.32222,11936.17778,7645.91111,1199.37778,75006.5,339.0,5.97037,17.17778,2146.78889,165637.94444,29.01111,134.64444,80.64444,311.37778,1.0,1492.0,293.77778,55.06667,397.48889,E5.a_2,655.2,51.91111,63.84444,46.65185,1030.02222,10.59259,1.0,1.99259,33.46667,2342.28889,1.11111,7.17778,4.7,2.41111,1.0,16.1037,3.66667,2.0963,3.88889,E5.i_2
31115.43333,13482.06667,7752.13333,1204.26667,71467.94444,252.66667,4.52593,15.71852,2035.34444,159839.72222,26.45556,133.08889,74.2,324.48889,1.0,1470.33333,249.44444,54.13333,412.04444,E5.a_3,739.2,47.62222,59.84444,38.76296,1034.8,10.59259,1.11111,6.2,36.13333,2258.73333,1.11111,8.15556,6.45926,5.25556,1.0,10.99259,3.77778,1.65185,6.68889,E5.i_3
30527.54444,14334.73333,7703.57778,1186.26667,73020.94444,351.33333,5.3,17.05926,2008.9,156669.83333,28.01111,135.53333,82.53333,266.82222,1.0,1526.88889,271.11111,69.06667,429.6,E5.a_4,704.64444,48.51111,61.17778,54.42963,986.02222,8.90741,1.0,8.53333,35.57778,2168.95556,1.0,6.06667,6.70741,2.13333,1.0,13.67407,2.77778,2.04444,3.88889,E5.i_4
30147.32222,18144.4,7093.8,1255.93333,72009.83333,205.66667,7.3,12.5037,2321.78889,153950.16667,25.56667,141.2,86.42222,305.6,1.65926,1560.88889,274.22222,69.73333,431.15556,E5.a_5,706.53333,58.84444,53.95556,37.4,1001.68889,116.85185,1.0,8.41481,35.8,2142.84444,1.33333,8.26667,5.75926,3.6,1.0,14.77037,6.55556,1.0,9.28889,E5.i_5
29187.21111,11975.4,6870.02222,1111.48889,68763.5,256.66667,3.86296,17.17778,2004.12222,150979.27778,26.34444,120.53333,71.31111,302.71111,1.0,1363.22222,191.88889,62.4,374.37778,E5.a_6,654.64444,39.91111,57.84444,47.67407,957.35556,8.59259,1.0,8.3037,32.35556,2069.73333,1.11111,5.86667,7.17778,2.35556,1.0,13.56296,3.77778,1.1037,9.62222,E5.i_6
28333.98889,12927.73333,8054.24444,1093.26667,66887.72222,322.55556,4.97037,22.4963,2062.12222,148257.27778,24.45556,130.75556,67.86667,291.37778,1.0,1507.88889,166.33333,56.35556,384.93333,E5.a_7,598.2,28.62222,43.17778,36.14815,899.24444,98.72222,1.0,8.41481,30.57778,2001.84444,1.11111,3.86667,6.9037,3.26667,1.0,20.32593,4.66667,1.4963,5.2,E5.i_7
28885.43333,13185.28889,7704.35556,1134.6,67029.38889,337.0,3.41111,13.73333,2056.34444,143345.16667,26.67778,159.53333,74.86667,300.04444,1.0,1664.33333,147.44444,102.4,411.37778,E5.a_8,653.86667,30.51111,54.28889,25.64444,931.57778,18.81481,1.0,4.0963,29.68889,1917.62222,1.11111,5.86667,3.22963,2.48889,1.0,13.8963,3.66667,1.65185,5.26667,E5.i_8
26971.21111,14653.4,8280.24444,1028.82222,66153.94444,607.88889,5.41481,19.28148,1712.12222,139318.16667,23.78889,122.75556,58.42222,256.48889,1.0,1065.44444,167.33333,35.28889,337.04444,E5.a_9,627.86667,42.68889,55.95556,29.73333,927.46667,245.66667,1.11111,2.98519,38.13333,1865.06667,1.0,2.46667,5.12593,2.62222,1.77778,18.75556,2.77778,2.04444,8.6,E5.i_9
40678.32222,9505.75556,7037.76667,990.08889,119317.77778,128.48889,10.33333,12.92222,861.66667,187214.92222,31.91111,1718.94444,171.7,523.0,1.0,2473.77778,174.7,735.13333,5473.8,E6.a_0,1822.31111,122.31111,105.64444,54.16296,4277.07778,137.43333,1.0,6.58889,20.55556,3755.8,2.33333,103.58889,19.65556,3.35185,1.77778,10.19259,4.66667,13.8,55.44444,E6.i_0
38464.21111,10763.86667,6949.21111,1124.2,134116.66667,304.91111,8.22222,19.21481,807.88889,176184.25556,36.91111,1568.5,98.92222,613.22222,1.0,2793.88889,106.7,646.91111,6027.68889,E6.a_1,1788.2,134.53333,118.08889,31.17778,4351.07778,129.21111,1.0,4.36667,24.22222,3514.8,2.77778,105.25556,21.54444,4.05556,1.0,12.85926,1.88889,8.31111,46.44444,E6.i_1
34303.21111,10923.31111,6294.65556,1240.31111,108845.11111,249.46667,7.44444,9.4963,774.55556,168728.7,38.24444,1586.94444,90.92222,480.0,1.0,2101.66667,107.47778,716.8,5242.46667,E6.a_2,1467.53333,77.51111,101.64444,71.11481,3616.85556,163.95556,1.0,2.5037,16.22222,3336.35556,2.55556,82.36667,15.34815,2.0,1.0,8.91852,1.0,3.26667,55.33333,E6.i_2
36929.54444,10440.31111,6825.65556,1144.75556,116086.55556,194.02222,8.77778,15.46667,868.0,164647.47778,31.91111,1591.16667,117.14444,513.77778,1.0,2627.44444,133.36667,662.35556,5439.24444,E6.a_3,1396.31111,99.08889,96.2,36.28889,3364.18889,71.51111,1.0,5.11852,18.66667,3226.24444,3.0,79.25556,18.01481,1.7037,1.0,10.19259,1.88889,8.11111,44.55556,E6.i_3
34367.21111,10517.42222,6881.32222,969.53333,105599.88889,352.02222,10.44444,13.24444,792.33333,160442.92222,36.35556,1565.5,105.47778,546.22222,1.0,2427.22222,140.25556,665.35556,4916.46667,E6.a_4,1629.08889,116.2,116.53333,21.19259,3897.07778,454.34815,1.0,12.28889,19.55556,3110.8,1.77778,78.25556,15.9037,3.72222,1.0,10.19259,1.0,4.26667,57.44444,E6.i_4
33684.1,15027.2,7307.1,1049.53333,101627.44444,200.13333,10.11111,29.06296,735.0,153335.47778,32.8,1472.5,98.36667,553.33333,1.0,2249.66667,153.03333,621.24444,4964.68889,E6.a_5,1575.08889,89.97778,99.64444,26.06667,3769.41111,117.57037,1.0,5.47778,18.77778,3022.02222,2.11111,75.14444,22.65556,3.35185,1.0,10.19259,1.0,8.02222,31.77778,E6.i_5
33078.43333,12486.53333,6947.76667,1090.75556,100831.0,405.68889,7.11111,38.36667,710.77778,147075.25556,36.68889,1569.27778,101.14444,550.33333,2.43704,1833.66667,156.03333,535.13333,4241.24444,E6.a_6,1642.75556,108.08889,119.97778,33.84444,3707.85556,195.45926,1.0,9.31481,20.77778,2927.02222,1.55556,80.36667,20.76667,3.94444,1.0,14.68889,1.0,9.15556,50.0,E6.i_6
30438.43333,11083.42222,6754.1,938.42222,91263.77778,233.13333,6.88889,17.99259,716.66667,143022.25556,31.91111,1357.72222,85.14444,527.55556,1.0,1649.33333,153.92222,483.02222,4791.8,E6.a_7,1556.2,85.86667,127.97778,53.35185,3759.52222,249.01481,1.10741,7.81111,17.55556,2806.91111,1.44444,77.47778,12.57037,3.40741,1.0,7.58519,1.0,5.37778,48.11111,E6.i_7
32349.98889,10740.2,6213.32222,1059.75556,103530.11111,206.35556,6.22222,20.43704,776.33333,138759.03333,29.24444,1418.83333,117.7,485.33333,1.0,1944.55556,173.92222,557.68889,4431.46667,E6.a_8,1432.97778,91.97778,74.53333,18.28889,3334.41111,185.92963,1.0,6.22963,19.22222,2701.57778,1.22222,65.25556,18.68148,2.24074,1.0,10.63704,1.88889,3.77778,32.33333,E6.i_8
29967.87778,15811.64444,6452.87778,881.86667,86511.0,384.91111,5.88889,35.54815,654.55556,134829.03333,27.24444,1260.5,100.36667,528.66667,1.0,1523.33333,146.25556,454.91111,3897.35556,E6.a_9,1432.2,103.08889,87.42222,58.22593,3262.96667,126.26296,1.0,6.22963,17.44444,2675.35556,1.44444,71.14444,19.21111,2.87037,1.77778,16.02222,1.88889,6.66667,27.22222,E6.i_9
44531.3,14267.8,13075.04444,7759.66667,168929.82222,156.22222,10.48889,26.78519,8158.73333,1041120.38889,399.15556,9810.88889,12123.48889,465.04444,70.22222,1921.24444,605.88889,518.2,15374.06667,E8.a_0,386.3,1475.68889,121.82222,399.07778,1719.81111,1164.12963,1.09259,4.95556,210.45556,7119.24444,61.0,594.0,706.55556,2.88889,1.0,13.44444,2.77778,11.8963,35.91111,E8.i_0
40896.52222,15044.8,14188.6,8206.66667,168725.93333,275.33333,12.71111,21.43704,8564.84444,967420.83333,438.15556,10142.0,14590.71111,482.82222,78.0,1576.8,635.33333,552.64444,14092.51111,E8.a_1,418.41111,2062.46667,114.71111,352.74444,1754.25556,1279.24074,1.09259,4.00741,203.34444,6720.46667,59.22222,516.22222,693.0,4.44444,1.71852,4.66667,2.88889,11.22963,43.46667,E8.i_1
42129.07778,14049.68889,12058.93333,7015.55556,167290.6,421.11111,11.93333,15.18519,6968.62222,931036.83333,384.37778,8793.88889,10942.82222,393.15556,58.0,1690.68889,546.33333,505.2,17171.51111,E8.a_2,448.96667,1814.46667,86.15556,316.52222,1636.58889,542.5,1.0,5.11852,192.01111,6452.8,59.66667,478.55556,634.77778,4.11111,3.32593,5.11111,8.66667,10.75556,33.8,E8.i_2
41339.07778,14143.02222,13364.82222,7266.33333,160718.37778,271.11111,10.71111,10.99259,8282.73333,908852.72222,404.26667,9714.11111,12497.26667,501.6,61.55556,1677.68889,608.77778,483.31111,13910.62222,E8.a_3,462.63333,1128.8,95.04444,311.52222,1625.03333,909.66667,1.0,4.95556,201.12222,6221.91111,56.55556,534.66667,630.55556,2.44444,1.0,7.0,4.77778,10.57778,25.24444,E8.i_3
42326.85556,20359.35556,13278.93333,6424.11111,154925.15556,3105.55556,12.26667,16.77037,7461.28889,884893.61111,372.15556,9401.44444,12906.15556,346.26667,58.88889,1597.02222,462.22222,432.2,15597.06667,E8.a_4,472.52222,1586.57778,153.15556,342.41111,1851.03333,1200.7037,1.0,5.9037,197.45556,6075.46667,59.11111,468.66667,597.0,3.22222,3.32593,6.88889,7.55556,5.75556,27.91111,E8.i_4
39865.96667,16639.35556,11703.93333,7072.55556,157469.71111,1264.0,10.71111,19.78519,7383.28889,865910.38889,353.26667,8490.11111,11525.37778,394.15556,55.33333,1610.8,472.0,422.86667,16962.73333,E8.a_5,418.96667,1122.8,87.26667,370.52222,1525.58889,352.12963,1.0,4.00741,208.01111,5975.46667,58.55556,538.33333,656.77778,3.33333,2.43704,5.88889,2.88889,7.8963,25.02222,E8.i_5
39555.07778,15340.02222,12649.37778,6377.55556,154910.82222,700.77778,10.82222,21.43704,7791.84444,844157.38889,375.04444,9048.44444,12351.04444,419.82222,63.11111,1609.13333,464.0,512.31111,15195.4,E8.a_6,370.85556,1786.91111,140.15556,319.3,1359.58889,1188.68519,1.0,1.94815,171.45556,5823.02222,55.77778,461.22222,571.88889,3.44444,2.60741,7.44444,1.0,7.42222,25.35556,E8.i_6
39707.41111,16309.57778,11788.15556,7072.22222,153657.04444,626.66667,10.26667,21.65926,7173.28889,827869.16667,372.15556,8647.77778,11504.93333,349.04444,61.55556,1562.02222,467.11111,428.08889,15007.28889,E8.a_7,454.96667,897.46667,78.37778,331.96667,1407.25556,177.77778,1.0,4.00741,185.78889,5702.68889,59.88889,500.44444,584.66667,3.11111,1.0,9.22222,2.88889,7.86667,30.8,E8.i_7
40343.41111,16923.46667,11557.71111,6780.55556,157769.93333,2252.66667,12.82222,15.54815,7055.51111,820615.27778,346.71111,8223.88889,11983.71111,374.82222,59.77778,1537.35556,358.22222,400.2,15699.17778,E8.a_8,409.41111,1311.68889,221.04444,329.41111,1388.81111,1769.55556,1.27778,7.96296,172.12222,5576.8,56.33333,479.55556,601.0,1.66667,4.04444,4.77778,5.77778,10.8,17.46667,E8.i_8
38764.41111,22201.35556,12156.82222,7390.44444,148844.82222,3241.22222,9.6,17.45185,6672.06667,806437.94444,369.82222,8642.55556,10603.26667,384.71111,48.44444,1411.13333,444.55556,404.64444,14400.51111,E8.a_9,404.3,1294.35556,95.26667,308.85556,1536.7,1065.94444,1.09259,4.00741,195.12222,5466.68889,56.77778,499.44444,665.11111,2.33333,6.37037,7.11111,1.88889,10.45185,48.57778,E8.i_9
28281.73333,17544.33333,10668.0,5143.13333,82591.22222,198.13333,5.2,22.96296,6970.35556,314943.13333,301.44444,2744.82222,10926.61111,179.15556,55.8,299.2,149.84444,1815.88889,7164.31111,E9.a_0,208.91111,120.51111,70.37778,39.42222,655.75556,86.33333,1.0,2.97778,63.75556,2244.82222,16.98889,16.35556,259.88889,1.66667,1.0,6.18519,2.88889,7.41481,26.64444,E9.i_0
26344.51111,16018.55556,10573.0,5062.91111,82757.33333,253.68889,5.93333,29.37037,7206.8,301376.8,315.33333,2811.15556,9367.94444,189.93333,54.02222,410.86667,201.28889,1853.55556,10227.86667,E9.a_1,215.13333,191.06667,91.04444,49.75185,577.97778,82.55556,1.1037,8.52222,61.08889,2165.82222,14.65556,23.48889,219.55556,1.33333,1.71852,6.93333,1.88889,5.25926,24.75556,E9.i_1
24332.73333,15715.22222,9719.55556,4719.57778,77070.0,183.93333,3.91111,27.66667,6722.02222,287855.13333,301.77778,2693.04444,8218.05556,168.48889,56.57778,378.75556,157.62222,1654.22222,7981.75556,E9.a_2,207.13333,212.4,88.26667,36.97778,549.53333,267.22222,1.0,7.41111,59.31111,2087.48889,12.1,30.57778,202.11111,1.11111,1.71852,6.48889,9.55556,4.25926,21.31111,E9.i_2
22817.84444,14388.66667,8699.22222,4538.57778,76327.55556,304.68889,4.71111,22.37037,6764.91111,279315.35556,293.55556,2471.6,9437.05556,151.15556,31.46667,468.31111,228.06667,1313.11111,9435.31111,E9.a_3,135.57778,108.68889,56.6,52.42222,417.53333,172.55556,1.1037,1.98889,60.42222,2056.15556,16.87778,22.13333,227.55556,1.22222,1.71852,10.6,9.66667,4.75556,16.31111,E9.i_3
22624.4,15220.77778,8803.77778,4569.8,76903.66667,117.91111,6.04444,38.07407,6858.46667,272644.68889,297.44444,2329.93333,10674.16667,127.37778,31.63704,533.64444,182.28889,1228.33333,8503.42222,E9.a_4,169.91111,143.73333,95.6,80.63704,444.75556,28.66667,1.1037,1.98889,60.75556,1988.26667,16.43333,21.35556,222.66667,1.22222,1.0,9.45926,7.66667,6.91852,21.2,E9.i_4
22848.62222,13452.0,8071.88889,4032.91111,72537.33333,177.57778,4.42222,9.62963,5826.24444,269428.8,251.44444,2376.37778,11527.94444,129.93333,29.8,429.2,145.73333,1139.77778,7027.31111,E9.a_5,210.35556,250.73333,70.48889,39.53704,580.53333,74.66667,1.0,7.17778,54.31111,1967.04444,17.87778,27.24444,226.55556,1.11111,1.71852,3.1037,1.88889,7.68889,21.36296,E9.i_5
23705.51111,14210.11111,9010.55556,4241.8,71505.44444,163.13333,6.15556,24.66667,6617.46667,264844.68889,266.11111,2220.37778,9252.16667,149.71111,41.13333,393.31111,165.62222,1242.0,8290.31111,E9.a_6,165.8,172.95556,59.26667,52.30741,517.64444,179.0,1.0,5.2,52.31111,1914.15556,12.21111,19.6,211.11111,1.44444,2.43704,5.93333,1.88889,6.41481,17.86667,E9.i_6
24178.17778,14886.33333,9130.0,4657.57778,73834.55556,181.68889,5.93333,22.51852,6211.8,260773.13333,281.77778,2450.82222,10013.72222,133.15556,29.02222,391.53333,423.17778,1295.88889,7432.86667,E9.a_7,157.02222,122.4,68.82222,44.64815,420.53333,19.11111,1.0,9.27778,72.53333,1877.6,15.87778,25.46667,242.66667,1.0,1.71852,5.68889,5.77778,10.74815,21.86667,E9.i_7
22014.62222,15105.88889,8070.44444,4399.57778,68089.66667,261.57778,5.75556,26.40741,6250.02222,255215.35556,274.22222,2247.04444,7322.16667,142.71111,33.58519,442.75556,153.84444,1117.55556,7245.75556,E9.a_8,212.35556,137.51111,76.26667,26.54074,605.53333,31.22222,1.1037,7.17778,66.75556,1867.15556,16.54444,22.6,233.33333,1.11111,1.71852,10.42963,6.77778,8.19259,21.64444,E9.i_8
21720.06667,14360.33333,8394.11111,4417.46667,70274.11111,181.57778,7.37778,18.22222,5950.68889,250257.24444,291.11111,2350.71111,8285.5,144.26667,37.85926,524.97778,178.51111,1148.0,6860.86667,E9.a_9,144.02222,126.51111,65.04444,73.08148,446.31111,56.0,1.0,5.07778,51.53333,1794.04444,12.21111,20.46667,236.11111,1.0,1.0,4.54815,3.77778,6.64444,25.86667,E9.i_9
16398.55556,6694.57778,534.11111,27657.82222,52053.16667,10.88889,2.0,26.45926,1442.36667,838291.41111,42.33333,214731.77778,69.0,276.88889,1.0,36.95556,82.0,68.42222,176.55556,INK.a_0,2427.44444,1259.22222,242.66667,2013.5,3443.86667,99.33333,1.0,19.6,180.57778,37077.47778,2.88889,1816.33333,17.66667,160.11111,1.0,3.66667,8.55556,5.84444,6.88889,INK.i_0
16794.11111,6652.35556,507.22222,28123.82222,52264.27778,7.0,2.44444,26.26667,1440.81111,819930.96667,42.77778,209972.11111,43.0,264.11111,1.0,50.73333,79.11111,74.64444,175.55556,INK.a_1,2444.55556,1483.44444,311.66667,2348.83333,3261.2,5.0,1.0,16.16667,172.46667,36682.14444,3.11111,1876.0,17.66667,141.66667,1.0,1.77778,20.11111,7.28889,3.22222,INK.i_1
16606.88889,7026.8,608.55556,27125.48889,52019.38889,25.0,3.88889,36.82222,1410.25556,807743.74444,38.44444,205012.44444,36.33333,284.88889,1.0,42.4,79.11111,76.86667,211.11111,INK.a_2,2314.88889,1573.44444,279.22222,2173.61111,3046.08889,5.0,1.0,9.51111,177.24444,36254.92222,2.33333,1727.55556,16.88889,145.11111,1.0,2.55556,8.66667,10.71111,1.66667,INK.i_2
17015.88889,7372.46667,1187.11111,26681.6,50279.5,33.33333,2.77778,27.76296,1397.81111,795021.41111,40.55556,205459.66667,45.11111,548.22222,3.44444,47.95556,72.11111,89.97778,165.55556,INK.a_3,2241.55556,1476.55556,229.22222,2157.94444,3094.2,2.88889,1.0,16.91111,175.57778,35854.92222,2.88889,1739.55556,15.88889,134.66667,1.0,2.0,10.44444,7.5037,2.33333,INK.i_3
16342.66667,7499.91111,1325.77778,27060.37778,48049.38889,36.88889,2.66667,38.12593,1348.36667,778776.18889,41.11111,192184.11111,108.77778,602.66667,1.0,37.84444,82.0,79.42222,149.11111,INK.a_4,2239.33333,1534.0,197.33333,2436.72222,3227.97778,2.88889,1.0,23.8,163.91111,35348.92222,3.11111,1732.11111,16.22222,69.11111,1.0,4.44444,12.33333,8.61481,2.33333,INK.i_4
15103.22222,11375.02222,815.44444,27411.6,49378.27778,37.22222,2.44444,35.48889,1397.81111,770014.74444,43.55556,196457.55556,99.55556,421.66667,1.0,41.51111,81.22222,62.75556,159.44444,INK.a_5,2391.77778,1360.22222,257.44444,2209.5,3253.08889,1.0,1.0,16.8,170.8,35048.81111,3.11111,1664.88889,17.55556,122.77778,1.0,3.22222,9.55556,9.27407,1.77778,INK.i_5
17368.55556,8502.91111,1614.0,26236.93333,46796.94444,31.11111,4.33333,46.04444,1378.47778,761933.07778,36.33333,194732.55556,35.66667,664.77778,1.0,37.84444,108.66667,98.31111,162.33333,INK.a_6,2298.33333,1745.44444,209.77778,1799.27778,3533.42222,160.44444,1.11111,18.37778,164.24444,34738.58889,3.11111,1692.33333,13.55556,102.66667,1.0,3.33333,29.11111,8.18519,6.55556,INK.i_6
17242.55556,7506.35556,1042.55556,26964.26667,50308.05556,17.0,2.66667,32.12593,1446.47778,755794.52222,42.33333,203142.33333,44.55556,515.33333,1.0,43.84444,85.88889,74.75556,187.11111,INK.a_7,2564.66667,1418.66667,270.55556,2016.05556,3229.31111,5.0,1.0,18.14444,179.35556,34358.81111,3.0,1765.11111,14.66667,132.0,1.0,2.55556,9.44444,11.17037,3.55556,INK.i_7
15811.0,7594.57778,1093.22222,26598.71111,49603.38889,25.11111,3.33333,22.9037,1404.14444,748113.85556,39.33333,198664.88889,51.44444,589.11111,1.0,41.51111,59.55556,74.75556,147.77778,INK.a_8,2250.22222,1218.77778,216.55556,2103.61111,3362.64444,43.77778,1.11111,10.62222,179.8,34095.58889,4.44444,1678.44444,21.55556,87.33333,1.0,3.88889,15.44444,8.71852,7.22222,INK.i_8
17446.22222,8715.68889,1737.88889,27523.6,48474.72222,28.77778,2.88889,40.45926,1404.58889,743114.18889,38.88889,198570.66667,46.55556,969.55556,1.0,33.17778,141.33333,107.08889,162.66667,INK.a_9,2140.44444,1188.33333,230.11111,2170.83333,3328.53333,33.55556,1.0,20.47778,162.24444,33652.7,4.0,1589.55556,14.33333,78.0,1.0,4.0,11.33333,4.74815,5.0,INK.i_9
