Na,Mg,Al,S,K,Ti,V,Cr,Mn,Fe,Co,Cu,Zn,Sr,Cd,Sn,Ba,Hg,Pb,name
4632.37778,331.3,695.0,178.77778,6358.13333,10.88889,1.0,1.0,69.31111,9336.3,4.44444,127.55556,277.66667,7.0,11.92593,4.88889,1.0,24.21852,33.55556,102vA_0
4441.71111,375.85556,708.66667,158.2963,6603.46667,10.88889,1.0,1.0,70.2,9026.52222,4.44444,132.0,321.11111,7.44444,10.72593,3.55556,1.0,35.53704,32.22222,102vA_1
4704.15556,422.41111,775.88889,106.55556,6634.35556,4.77778,1.0,1.0,76.53333,8706.41111,4.44444,118.11111,254.22222,6.0,12.82963,5.77778,1.0,26.48889,33.33333,102vA_2
4721.93333,288.96667,697.66667,116.96296,6856.35556,5.0,1.0,1.0,64.64444,8034.41111,7.88889,124.0,185.55556,4.88889,13.60741,2.11111,1.0,3.98148,32.55556,102vA_3
4590.37778,354.74444,667.77778,111.77778,6181.35556,4.77778,1.0,1.0,65.42222,7525.85556,5.0,120.44444,210.66667,6.33333,17.61481,2.55556,1.0,13.66296,29.44444,102vA_4
4764.15556,333.52222,647.88889,75.77778,6313.57778,11.0,1.0,1.0,61.97778,7027.18889,2.88889,117.55556,152.88889,4.88889,14.15556,2.44444,1.0,4.44074,33.22222,102vA_5
4501.15556,309.18889,543.77778,166.11111,5919.8,29.55556,1.0,1.0,53.08889,6628.63333,4.0,107.88889,162.44444,5.22222,8.80741,1.0,1.0,4.3,27.22222,102vA_6
4750.82222,282.85556,560.55556,173.59259,5937.35556,19.0,1.0,1.0,51.97778,6392.52222,4.55556,102.33333,173.22222,5.0,10.14815,1.33333,2.77778,14.44074,33.55556,102vA_7
4353.37778,297.96667,543.55556,158.03704,5749.91111,1.0,1.0,1.0,53.64444,6198.3,6.22222,113.66667,155.33333,6.0,10.47407,1.66667,1.0,22.66296,36.44444,102vA_8
4717.04444,359.74444,586.33333,171.07407,6275.24444,13.22222,1.0,1.0,65.08889,5936.07778,4.33333,111.33333,182.55556,5.11111,11.48889,1.77778,1.0,7.61481,37.0,102vA_9
2144.61111,405.46667,439.66667,171.4963,2265.46667,2.88889,1.0,3.22222,96.62222,5027.06667,4.66667,67.44444,189.77778,6.33333,15.64444,1.77778,1.0,7.33333,44.95556,102vB_0
2266.27778,333.91111,390.66667,154.37778,2281.57778,1.0,1.0,3.22222,82.51111,4507.84444,3.44444,62.22222,180.88889,5.33333,19.86667,1.66667,1.0,7.71111,32.62222,102vB_1
2568.38889,214.91111,330.66667,180.15556,2429.8,5.0,1.0,1.0,64.28889,4177.51111,2.22222,81.77778,87.66667,3.55556,11.17778,3.22222,1.0,6.8,26.84444,102vB_2
2707.72222,152.24444,324.55556,170.39259,2723.02222,4.77778,1.0,3.22222,48.84444,3978.17778,1.77778,84.33333,50.22222,3.0,6.37778,3.11111,1.88889,5.06667,17.17778,102vB_3
2423.83333,258.24444,332.0,151.93333,2513.02222,2.88889,1.0,2.11111,67.95556,3810.51111,1.88889,72.33333,99.66667,4.0,5.64444,2.33333,1.88889,7.71111,19.87407,102vB_4
2641.94444,116.8,301.0,176.60741,2477.46667,1.0,1.0,4.33333,43.73333,3668.51111,1.44444,68.44444,83.66667,3.0,11.17778,1.33333,1.0,3.46667,17.95556,102vB_5
2679.72222,79.68889,310.11111,206.28148,2731.46667,1.0,1.0,1.0,36.84444,3558.84444,2.55556,74.33333,51.33333,2.66667,3.68889,1.77778,1.0,3.97778,14.06667,102vB_6
2918.94444,83.46667,324.77778,236.28889,2839.68889,1.0,1.0,2.11111,39.17778,3427.51111,2.44444,79.88889,54.33333,2.77778,6.95556,1.66667,1.0,5.82222,17.17778,102vB_7
2790.16667,104.8,317.44444,145.71852,2857.57778,6.88889,1.0,3.22222,33.4,3333.28889,1.44444,60.88889,47.0,2.55556,11.48889,2.11111,1.0,5.62222,12.28889,102vB_8
2533.27778,118.91111,273.33333,147.28148,2531.24444,7.0,1.0,3.22222,38.73333,3265.06667,1.55556,70.11111,49.44444,2.88889,11.48889,1.0,1.0,3.53333,10.95556,102vB_9
7085.46667,382.96667,547.75556,116.05185,8213.74444,15.0,1.0,1.0,73.34444,7007.86667,6.55556,54.22222,130.33333,7.66667,5.5037,2.44444,2.88889,16.62222,20.11111,102vC_0
7213.8,386.74444,574.64444,226.82963,8542.74444,11.0,1.0,2.11111,71.23333,6708.75556,7.11111,58.0,133.11111,8.0,12.34074,2.88889,2.88889,18.62222,18.11111,102vC_1
6649.46667,353.74444,551.53333,270.60741,8180.18889,68.44444,1.11111,1.0,77.34444,6435.97778,7.33333,73.88889,131.44444,10.66667,11.21481,1.33333,2.88889,30.17778,17.0,102vC_2
6862.46667,338.41111,527.75556,275.82963,8106.96667,68.44444,1.0,1.0,74.12222,6262.97778,7.33333,63.33333,124.33333,8.22222,1.91852,2.88889,1.88889,22.84444,15.88889,102vC_3
6782.02222,374.85556,523.2,288.94074,7951.52222,14.88889,1.0,4.33333,71.9,6089.97778,7.22222,58.33333,116.77778,6.77778,12.31111,4.88889,1.0,19.51111,12.55556,102vC_4
6078.57778,343.41111,516.2,261.21111,7461.3,129.77778,1.0,1.0,81.23333,5968.97778,6.0,63.55556,112.66667,6.77778,7.51852,7.22222,1.0,24.73333,13.66667,102vC_5
6608.35556,333.3,549.97778,256.89259,7790.3,21.33333,1.0,2.11111,74.67778,5837.75556,7.44444,68.77778,117.11111,7.11111,11.07407,1.33333,2.88889,36.51111,13.55556,102vC_6
6625.46667,439.52222,534.08889,361.05185,8024.96667,31.0,1.11111,1.0,75.9,5727.75556,7.0,66.88889,108.44444,8.0,6.85185,3.55556,2.88889,36.84444,10.88889,102vC_7
6330.8,327.52222,506.31111,312.05185,7392.85556,80.33333,1.11111,1.0,74.01111,5591.42222,6.55556,54.22222,119.0,7.11111,11.42222,8.22222,1.0,31.73333,10.11111,102vC_8
5210.91111,272.96667,502.97778,196.87778,6349.07778,21.11111,1.0,3.22222,74.78889,5533.53333,5.22222,75.0,108.88889,12.11111,10.75556,3.88889,1.88889,36.84444,11.66667,102vC_9
4232.57778,463.43333,1108.04444,81.8,6153.8,68.0,1.0,1.0,142.93333,9829.11111,6.22222,73.11111,138.22222,28.11111,12.56296,3.22222,1.0,1.0,18.11111,102vD_0
4265.02222,492.54444,994.82222,107.57778,5487.91111,27.0,1.0,2.11111,144.37778,9267.33333,5.0,68.66667,137.0,25.77778,15.11852,5.11111,1.0,1.0,26.44444,102vD_1
4015.8,449.32222,981.37778,226.72963,5840.8,37.44444,1.0,4.33333,124.71111,8984.0,5.11111,69.11111,128.22222,25.66667,11.24444,2.11111,1.0,1.0,20.0,102vD_2
4393.13333,485.65556,1004.6,75.38519,6539.35556,21.22222,1.11111,1.0,129.82222,8658.66667,6.44444,63.33333,133.55556,25.55556,13.75556,2.88889,1.0,1.0,19.88889,102vD_3
4431.24444,450.32222,913.15556,194.36667,5808.68889,29.22222,1.0,1.0,119.6,8417.11111,3.0,70.22222,112.77778,22.11111,16.8963,4.11111,1.0,1.0,22.77778,102vD_4
4335.02222,456.32222,942.26667,104.91111,6556.46667,53.55556,1.11111,1.0,113.37778,8217.88889,5.22222,64.88889,125.55556,24.77778,16.32593,2.11111,1.88889,1.0,23.55556,102vD_5
4375.68889,492.65556,809.15556,173.21481,5534.68889,35.22222,1.0,3.22222,119.48889,8097.11111,5.11111,68.66667,134.44444,18.44444,10.54815,1.66667,1.88889,1.0,24.55556,102vD_6
3875.02222,421.1,983.6,91.42593,5532.91111,39.11111,1.0,3.22222,103.6,7955.44444,4.88889,60.77778,121.0,20.55556,14.57778,1.77778,1.88889,1.0,15.88889,102vD_7
4335.91111,459.65556,850.6,94.09259,5369.46667,29.22222,1.0,1.0,113.71111,7761.33333,4.55556,66.44444,137.77778,19.11111,10.8963,1.66667,1.88889,1.0,17.33333,102vD_8
3769.46667,386.76667,813.93333,106.98148,5615.8,27.11111,1.0,1.0,106.04444,7425.44444,3.66667,52.77778,102.44444,22.66667,8.81481,2.33333,1.0,1.0,16.11111,102vD_9
3422.61111,520.17778,490.53333,87.3,8577.34444,235.02222,1.59259,11.0,60.72222,16667.48889,1.42963,3284.88889,24.66667,24.18889,1.0,395.6,62.11111,88.64444,2414.44444,108_0
3407.83333,538.28889,359.08889,56.27037,8398.23333,130.48889,1.4,8.77778,66.05556,16079.15556,2.19259,3261.55556,29.33333,22.74444,2.55556,390.82222,62.11111,62.86667,2319.44444,108_1
3073.94444,456.62222,326.64444,45.93704,7547.45556,183.93333,1.4,4.33333,53.83333,15296.37778,2.17778,3210.33333,30.0,23.41111,1.77778,344.6,61.22222,60.64444,2314.66667,108_2
2743.05556,431.4,298.42222,64.07778,6883.67778,228.93333,1.0963,5.44444,53.72222,14771.15556,1.20741,3083.11111,26.77778,23.41111,1.0,293.71111,58.11111,60.42222,2522.77778,108_3
3154.16667,452.84444,326.42222,106.78519,7608.45556,155.51111,1.0,2.11111,52.05556,14209.04444,1.31852,2751.33333,17.11111,17.41111,1.77778,363.82222,54.33333,50.08889,1999.33333,108_4
2589.5,371.73333,315.97778,71.63333,6477.78889,167.75556,1.0963,6.55556,46.61111,13804.71111,1.42963,2992.44444,16.33333,21.52222,1.0,294.37778,54.44444,67.31111,2200.77778,108_5
3074.38889,415.17778,318.31111,88.56296,7502.78889,481.82222,1.51111,2.11111,53.05556,13505.26667,1.31111,2742.77778,20.33333,18.52222,1.77778,323.82222,53.44444,50.97778,1816.33333,108_6
2815.61111,371.84444,316.64444,57.56296,6933.12222,210.6,1.0963,3.22222,51.72222,13074.6,1.31111,2690.77778,23.77778,17.85556,1.77778,289.48889,48.44444,60.97778,1952.0,108_7
2675.05556,384.06667,312.75556,64.18889,6795.56667,191.91111,1.19259,4.33333,49.83333,12559.93333,1.41481,2674.77778,26.55556,18.74444,1.0,282.6,47.44444,65.97778,1814.77778,108_8
2675.5,435.51111,280.42222,43.38148,6505.78889,284.46667,1.0963,5.44444,50.38889,12118.93333,1.31852,2656.11111,17.88889,16.3,1.0,240.93333,31.88889,59.53333,1772.66667,108_9
1164.9,233.81111,79.44444,28.06667,2358.54444,8.77778,1.0,2.11111,26.74444,6135.56667,1.22222,1448.76667,13.76296,8.6,1.0,97.75556,8.44444,65.96667,70.02222,109_0
974.01111,187.36667,74.33333,90.93333,2060.43333,55.77778,1.11111,4.33333,26.52222,5558.23333,1.22222,1257.98889,13.17778,8.82222,1.0,81.31111,6.77778,32.96667,97.91111,109_1
1042.45556,168.03333,80.44444,29.24444,2006.65556,17.0,1.0,2.11111,25.18889,5359.34444,1.22222,1321.87778,11.73333,5.04444,1.71852,90.75556,4.66667,47.85926,90.02222,109_2
933.23333,174.25556,71.55556,35.77778,2053.21111,60.22222,1.0,4.33333,24.85556,5107.45556,1.11111,1154.87778,7.9037,5.71111,1.0,74.97778,12.44444,29.3,90.68889,109_3
876.9,135.81111,72.33333,44.75556,1824.32222,66.22222,1.0,6.55556,21.63333,5018.12222,1.11111,1073.98889,9.23704,6.04444,1.0,70.64444,3.77778,22.3037,98.68889,109_4
846.23333,153.03333,100.55556,58.95556,1860.87778,45.66667,1.11111,4.33333,22.85556,4903.01111,1.33333,1152.32222,15.68148,7.15556,1.0,68.86667,6.66667,15.85926,114.68889,109_5
889.34444,148.03333,70.33333,31.93333,1780.1,175.22222,1.11111,5.44444,20.3,4771.67778,1.0,1186.98889,14.17778,6.72593,1.0,81.42222,9.44444,31.96667,99.13333,109_6
893.34444,138.03333,69.66667,25.44444,1873.21111,66.44444,1.0,1.0,20.85556,4619.45556,1.11111,1142.54444,7.42963,4.6,1.0,68.86667,2.77778,31.52593,87.68889,109_7
888.45556,127.92222,70.0,42.15556,1785.32222,216.11111,1.0,3.22222,24.74444,4520.01111,1.11111,1086.43333,6.48889,5.48889,1.0,73.75556,8.44444,29.19259,94.24444,109_8
834.67778,128.92222,76.44444,38.33333,1743.65556,29.22222,1.0,6.55556,24.3,4362.56667,1.22222,1028.43333,12.54074,3.94815,1.0,71.64444,14.22222,21.63333,105.02222,109_9
1110.48889,685.44444,181.48889,76.84444,3410.64444,698.44444,1.11111,1.0,129.78889,8490.36667,5.88889,2167.37778,45.28889,11.22222,1.0,102.33333,14.44444,64.32222,218.11111,110_0
750.93333,443.11111,148.48889,28.24444,2863.75556,708.66667,1.11111,1.0,122.45556,6475.58889,2.0,1877.6,41.62222,7.88889,1.0,66.66667,1.88889,54.43333,124.77778,110_1
729.48889,364.55556,149.37778,26.82222,2152.42222,275.33333,1.0,3.1037,88.34444,5478.58889,1.77778,1587.26667,32.06667,7.33333,1.0,47.44444,1.0,50.43333,158.55556,110_2
482.6,457.33333,133.71111,32.22222,1744.86667,193.22222,1.0,1.99259,84.34444,4755.03333,2.66667,1743.26667,28.54074,4.55556,1.0,9.11111,2.77778,24.65556,50.77778,110_3
503.26667,682.55556,135.15556,31.93333,1805.97778,297.88889,1.11111,4.0963,86.12222,4566.03333,4.11111,1685.15556,37.06667,5.55556,1.0,17.0,4.66667,19.57037,54.77778,110_4
464.15556,382.55556,142.48889,53.51111,1573.64444,263.0,1.0,1.0,69.34444,4398.25556,2.55556,1464.71111,116.51111,3.77778,1.0,18.66667,11.33333,23.98889,45.66667,110_5
471.37778,475.55556,145.26667,48.4,1664.64444,205.55556,1.0,5.08889,75.34444,4241.25556,1.55556,1585.04444,39.01481,3.77778,1.0,9.55556,6.44444,19.57037,42.33333,110_6
530.82222,381.66667,137.48889,29.66667,1713.08889,277.33333,1.0,7.19259,90.67778,4178.03333,1.0,1627.37778,55.76296,6.0,1.0,22.66667,4.66667,23.43333,50.44444,110_7
471.04444,322.0,152.15556,40.84444,1668.86667,261.11111,1.11111,1.0,66.67778,4067.92222,2.0,1550.71111,28.28889,5.11111,1.0,19.44444,11.44444,15.45926,45.22222,110_8
453.15556,353.22222,103.04444,26.82222,1546.64444,228.11111,1.0,3.1037,75.12222,3962.7,3.33333,1430.15556,34.73333,4.77778,1.0,15.22222,8.66667,24.76667,47.0,110_9
1178.64444,1093.24444,165.36667,38.6037,6807.31111,147.77778,1.0,5.44444,291.95556,17799.46667,21.48889,3984.16667,368.44444,28.44444,1.0,778.77778,43.66667,114.73333,382.04444,111_0
806.42222,892.24444,252.03333,25.31111,3859.64444,328.77778,1.1037,3.22222,212.62222,14384.57778,10.48889,2709.61111,181.66667,24.88889,1.0,379.33333,48.55556,96.84444,331.82222,111_1
636.08889,764.13333,155.03333,53.93704,3284.53333,1087.22222,1.0,2.11111,163.62222,12047.57778,6.26667,2311.83333,111.33333,18.55556,1.0,341.44444,21.22222,77.84444,224.6,111_2
471.31111,709.35556,129.25556,59.67407,2364.42222,735.55556,1.41481,1.0,157.73333,9569.91111,4.82222,2098.61111,118.0,17.77778,1.0,236.0,20.0,79.06667,232.04444,111_3
444.42222,438.02222,111.03333,77.78519,1990.86667,1025.55556,1.1037,3.22222,128.06667,8168.57778,4.93333,1794.61111,96.77778,16.33333,1.0,201.22222,44.66667,55.84444,181.48889,111_4
314.31111,456.02222,97.58889,54.15926,1411.53333,708.77778,1.1037,4.33333,109.51111,7130.02222,5.39259,1215.61111,71.33333,11.22222,1.77778,117.22222,17.33333,53.61481,270.37778,111_5
389.42222,286.46667,84.25556,67.67407,1253.86667,663.66667,1.0,6.55556,82.73333,5907.24444,3.84444,1069.16667,53.33333,9.55556,1.0,112.55556,18.11111,36.17778,203.6,111_6
320.97778,188.46667,84.7,54.15926,939.75556,602.22222,1.0,4.33333,44.17778,4900.35556,1.52593,881.61111,47.11111,4.44444,1.0,68.11111,15.22222,16.16296,92.26667,111_7
305.64444,293.46667,155.58889,53.42222,994.53333,333.0,1.1037,3.22222,51.62222,4402.02222,2.39259,831.83333,41.88889,4.11111,1.0,65.44444,5.66667,19.4963,130.37778,111_8
327.2,336.91111,108.92222,29.68519,988.86667,562.88889,1.0,3.22222,58.06667,4218.46667,4.4963,893.94444,47.88889,4.44444,1.0,60.77778,13.33333,15.04444,69.6,111_9
994.81111,543.11111,239.03333,73.78519,2683.72222,88.66667,1.0,1.0,166.64444,16050.8,4.11111,74.0,16.88889,21.77778,1.0,55.55556,9.33333,154.18889,1013.11111,112_0
1169.25556,368.44444,286.81111,72.63333,2272.83333,193.0,1.0,1.0,156.08889,13754.8,5.55556,58.33333,19.88889,17.22222,1.0,34.22222,10.33333,116.96667,990.0,112_1
962.58889,394.77778,266.7,46.71481,2187.83333,43.77778,1.11111,5.2963,137.53333,12347.02222,4.44444,54.55556,12.88889,11.11111,1.0,31.33333,14.33333,86.85556,694.11111,112_2
856.47778,454.33333,288.14444,107.34074,2024.16667,57.77778,1.0,1.0,135.53333,11296.91111,3.55556,69.88889,15.55556,15.88889,1.0,46.44444,7.44444,71.3,517.88889,112_3
823.81111,310.77778,281.58889,59.6037,2091.94444,49.77778,1.0,1.0,143.42222,10372.91111,4.66667,41.44444,13.55556,9.0,1.0,28.66667,12.33333,75.3,456.11111,112_4
783.47778,308.77778,264.03333,100.96667,2034.16667,54.11111,1.11111,1.7963,121.08889,9328.35556,3.11111,50.44444,10.0,8.33333,1.0,36.77778,12.44444,85.18889,392.33333,112_5
629.92222,246.22222,255.81111,64.6037,1720.5,23.0,1.0,3.38889,88.75556,8347.35556,2.44444,45.0,9.66667,10.33333,1.0,23.55556,1.88889,58.63333,602.66667,112_6
685.47778,284.66667,248.7,53.08889,1752.38889,17.0,1.11111,1.7963,97.75556,7717.24444,3.0,34.0,9.11111,8.55556,1.0,11.77778,7.55556,48.52222,261.0,112_7
629.36667,265.33333,217.7,76.56296,1825.83333,63.88889,1.0,1.7963,102.2,7318.68889,2.44444,34.77778,7.88889,7.33333,1.0,19.55556,1.88889,61.18889,531.66667,112_8
641.92222,237.11111,212.47778,62.15926,1768.05556,10.88889,1.0,1.0,107.2,6846.24444,2.33333,38.88889,9.88889,8.44444,1.0,21.22222,5.66667,47.96667,478.77778,112_9
1793.8,460.33333,138.76667,11.75556,1698.04444,58.0,1.66667,1.0,88.52222,6158.2,1.33333,1290.11111,16.84444,53.22222,1.0,166.66667,47.66667,689.85556,357.0,113_0
1394.35556,429.88889,187.32222,36.3,1305.04444,141.88889,1.11111,16.77778,74.07778,5035.64444,1.22222,1015.77778,20.31852,44.55556,1.0,137.0,34.88889,663.63333,214.33333,113_1
1426.57778,418.88889,126.32222,67.3,1511.93333,104.66667,1.11111,5.44444,74.63333,4479.64444,1.44444,1011.11111,19.62222,46.66667,1.0,149.11111,34.77778,654.3,228.88889,113_2
1289.13333,316.77778,93.65556,63.37778,1289.48889,217.88889,1.55556,6.55556,79.18889,4044.2,1.22222,778.44444,8.79259,26.88889,1.0,389.66667,30.88889,519.85556,162.33333,113_3
1206.68889,302.66667,86.1,51.5,1095.15556,84.55556,1.0,9.88889,81.96667,3593.31111,1.22222,794.11111,15.62222,24.55556,1.0,250.11111,20.22222,509.74444,141.0,113_4
1326.57778,312.88889,114.65556,21.97778,1155.48889,113.22222,1.0,3.22222,72.52222,3236.75556,1.22222,739.33333,14.98519,23.55556,1.0,123.77778,15.22222,485.3,142.77778,113_5
926.57778,222.11111,85.98889,36.23333,828.82222,119.22222,1.0,2.11111,54.18889,2942.86667,1.22222,601.11111,7.45926,19.33333,1.71852,318.33333,25.0,436.18889,108.33333,113_6
1070.8,243.33333,85.1,25.72222,1048.37778,199.66667,1.0,6.66667,62.63333,2780.53333,1.0,641.22222,9.9037,21.66667,2.43704,139.88889,22.0,446.52222,133.77778,113_7
1068.57778,259.22222,79.76667,29.82222,930.71111,82.44444,1.0,11.22222,56.41111,2617.97778,1.22222,616.0,8.98519,20.0,2.60741,300.22222,13.44444,399.07778,94.33333,113_8
1275.68889,282.44444,91.98889,21.97778,1094.71111,115.33333,1.11111,1.0,58.41111,2492.2,1.22222,577.77778,21.17778,16.44444,1.71852,521.66667,14.33333,422.07778,107.55556,113_9
2603.94444,369.35556,103.23333,163.7037,3047.06667,144.0,1.11111,1.94815,97.88889,9094.45556,2.93333,2229.43333,56.36667,18.63333,1.0,53.85556,12.73333,1.0,107.06667,114_0
1714.61111,239.24444,70.45556,64.33333,1912.28889,47.66667,1.0,3.05926,78.44444,6581.34444,1.74074,1448.65556,27.81111,10.18889,1.0,13.41852,16.83333,1.0,75.28889,114_1
1212.72222,187.68889,60.56667,127.0,1419.95556,11.0,1.0,1.0,46.22222,4209.9,1.62222,1035.98889,24.03333,6.8963,2.55556,10.42222,4.57778,1.0,35.28889,114_2
820.83333,95.8,27.34444,81.85185,891.28889,22.88889,1.0,1.0,29.11111,2683.67778,1.74074,636.32222,18.81111,1.29259,1.0,1.0,1.0,1.0,12.75556,114_3
514.94444,46.35556,18.34444,19.07407,584.95556,1.0,1.0,1.0,27.44444,1671.9,1.20741,454.21111,10.03333,2.07037,2.55556,4.1037,4.94444,1.0,11.93333,114_4
717.05556,92.8,19.56667,28.81481,525.4,9.0,1.0,1.0,34.44444,1346.78889,1.62222,366.43333,6.17407,7.86667,1.0,6.44074,2.78889,28.57778,17.26667,114_5
471.83333,58.35556,8.67778,44.96296,380.17778,8.88889,1.0,1.0,19.77778,937.45556,1.31111,304.54444,4.68889,3.08889,1.0,1.44074,1.78889,5.93333,139.8,114_6
855.85185,95.04444,18.45556,54.0,473.17778,5.0,1.0,4.00741,37.55556,743.9,1.1037,311.76667,6.57778,4.11852,1.77778,6.76296,1.78889,8.48889,555.75556,114_7
922.94444,129.02222,23.01111,51.55556,542.28889,9.0,1.0,2.8963,44.77778,654.23333,1.42963,369.1,6.84074,6.6037,1.0,1.0,4.57778,12.62222,384.91111,114_8
833.61111,98.4,25.01111,28.11111,525.4,16.88889,1.0,6.06667,38.0,581.01111,1.31111,294.87778,8.65926,6.57407,1.77778,4.0963,4.36667,19.02222,322.71111,114_9
1445.92222,232.51111,97.02222,91.16296,1159.15556,939.68889,1.0,6.55556,42.27778,1981.77778,2.11852,532.77778,9.55556,12.22222,1.0,63.33333,5.66667,142.24444,558.57778,116_0
1331.81111,221.62222,84.35556,54.51111,1117.48889,687.13333,1.0,3.22222,35.16667,1735.22222,1.47778,413.55556,9.22222,6.77778,1.77778,59.66667,9.66667,122.8,360.46667,116_1
1219.25556,138.73333,88.46667,60.38519,1066.82222,734.24444,1.0,2.11111,30.05556,1535.77778,1.08519,370.11111,12.11111,5.44444,1.0,97.11111,2.88889,133.13333,255.35556,116_2
1323.14444,197.06667,60.91111,28.08148,929.93333,600.8,1.0,1.0,33.27778,1446.33333,1.25556,385.44444,14.88889,5.66667,1.0,96.88889,2.77778,119.24444,248.35556,116_3
1320.36667,159.95556,67.68889,28.08148,887.37778,744.8,1.0,4.33333,33.05556,1362.77778,1.47778,362.22222,11.11111,4.66667,1.0,94.22222,2.88889,114.91111,249.57778,116_4
1152.47778,193.06667,72.68889,38.17037,1037.48889,691.02222,1.0,1.0,29.83333,1305.33333,1.17037,371.0,9.77778,6.22222,1.0,87.66667,4.77778,113.91111,268.02222,116_5
1206.47778,164.73333,70.8,31.4,925.6,987.02222,1.0,2.11111,30.83333,1215.66667,1.25556,371.66667,10.0,5.11111,1.0,60.66667,6.77778,105.46667,250.46667,116_6
1369.7,189.06667,49.13333,34.71852,905.71111,268.4,1.0,2.11111,33.94444,1179.0,1.34074,438.55556,12.44444,5.0,1.0,72.11111,9.44444,138.02222,269.35556,116_7
1365.25556,148.84444,50.91111,53.61481,943.04444,699.48889,1.1037,3.22222,32.27778,1116.33333,1.42593,359.77778,8.0,6.44444,1.0,83.22222,8.44444,120.91111,189.91111,116_8
1399.58889,144.84444,50.02222,33.95556,854.6,612.91111,1.0,4.33333,32.38889,1100.66667,1.25556,375.55556,12.33333,4.66667,1.0,68.11111,9.66667,114.68889,191.8,116_9
401.46667,229.0,201.91111,107.57778,1754.47778,254.88889,1.11111,1.0,46.8,4706.24444,1.74815,21.82222,15.0,27.66667,1.0,5.43704,3.51111,55.64444,132.08889,121_0
243.8,137.11111,151.91111,54.2,987.47778,170.77778,1.11111,3.05926,44.02222,4113.35556,1.85185,15.26667,6.44444,15.77778,1.0,5.04444,8.53333,25.31111,93.86667,121_1
309.13333,123.11111,167.13333,83.74815,1170.25556,326.55556,1.0,6.22963,43.02222,3846.02222,2.28148,22.48889,11.55556,17.77778,1.0,5.18519,22.53333,29.91852,104.2,121_2
243.57778,143.22222,129.57778,72.80741,1003.58889,74.0,1.22222,1.0,42.91111,3657.35556,1.51852,18.48889,6.77778,17.0,1.0,6.18519,6.02222,29.36296,101.2,121_3
212.8,94.66667,125.8,66.57778,859.47778,67.88889,1.0,5.28148,34.68889,3521.24444,1.42222,19.26667,7.44444,14.22222,1.0,5.79259,3.75556,26.25185,106.64444,121_4
249.24444,142.44444,132.13333,81.91111,1016.14444,201.44444,1.0,2.02963,41.57778,3437.02222,1.1037,14.26667,6.11111,15.44444,2.66667,4.54815,5.26667,32.53333,125.53333,121_5
251.8,120.11111,135.24444,81.8,982.36667,47.55556,1.0,5.28148,44.13333,3347.91111,1.1037,17.71111,8.66667,15.11111,1.0,5.18519,14.91111,28.2,117.42222,121_6
228.02222,97.77778,129.35556,68.41481,1027.47778,121.22222,1.0,2.02963,30.8,3263.91111,1.0,18.04444,5.33333,16.22222,1.0,5.43704,3.51111,22.80741,107.2,121_7
264.02222,145.44444,146.02222,87.02222,1016.36667,55.77778,1.0,4.08889,39.91111,3190.24444,1.74815,16.2,6.11111,16.44444,1.0,3.35556,12.91111,31.08889,131.97778,121_8
265.57778,130.22222,133.57778,36.80741,1062.03333,224.11111,1.0,2.02963,41.46667,3117.13333,1.31111,20.93333,8.55556,19.22222,1.0,3.1037,8.02222,11.91852,129.64444,121_9
784.28889,190.66667,57.44444,27.24074,457.76667,782.88889,1.0,3.22222,25.17778,3767.24444,1.33333,702.67778,7.55556,17.0,1.0,37.4,7.66667,132.52222,268.93333,125_0
808.95556,159.44444,107.77778,23.01481,496.65556,819.88889,1.0,6.55556,24.95556,3384.68889,1.33333,666.9,7.33333,39.66667,1.0,33.28889,8.55556,95.74444,255.6,125_1
844.84444,138.22222,76.77778,42.57407,529.65556,608.33333,1.0,4.33333,22.62222,3185.02222,1.11111,679.9,11.88889,14.44444,1.0,31.51111,10.55556,104.52222,297.26667,125_2
774.62222,211.11111,67.11111,62.14444,541.43333,986.55556,1.0,5.44444,24.06667,3101.46667,1.77778,699.23333,7.33333,14.22222,1.0,52.62222,8.55556,100.74444,269.26667,125_3
864.28889,291.77778,77.0,6.8963,594.1,1220.44444,1.11111,11.0,22.62222,2980.46667,1.88889,739.34444,6.88889,14.44444,1.0,81.84444,15.33333,104.41111,305.93333,125_4
855.4,214.88889,76.44444,22.12963,505.32222,1181.33333,1.0,7.66667,22.06667,2875.91111,1.77778,720.23333,13.55556,15.22222,1.0,53.51111,11.66667,107.96667,309.48889,125_5
830.17778,247.33333,106.88889,18.78889,567.21111,947.11111,1.0,2.11111,24.51111,2723.68889,1.33333,686.34444,10.0,10.88889,1.0,53.51111,9.44444,140.07778,277.26667,125_6
815.06667,138.33333,85.11111,25.68148,522.76667,1198.0,1.0,5.44444,23.28889,2571.91111,1.44444,690.12222,10.44444,15.0,1.0,58.51111,12.44444,119.96667,314.71111,125_7
812.62222,148.11111,103.22222,17.9037,601.87778,1356.11111,1.0,5.44444,29.06667,2424.8,1.55556,665.01111,11.11111,15.33333,1.0,56.73333,20.22222,137.52222,343.82222,125_8
654.06667,101.77778,72.11111,29.6963,476.43333,1012.77778,1.11111,3.22222,25.4,2299.46667,1.44444,593.56667,9.88889,14.66667,1.77778,51.28889,13.33333,142.3,252.26667,125_9
1090.26667,182.55556,215.24444,104.25556,3659.11111,7916.02222,1.1037,4.21111,16.53333,7393.47778,8.04444,39.55556,6.6037,20.77778,1.0,26.57778,13.33333,14.0,176.24444,132_0
1067.04444,246.22222,212.46667,89.84444,3548.77778,7654.46667,1.20741,5.47407,19.86667,6753.36667,7.82222,46.77778,10.00741,22.11111,1.0,34.8,6.66667,23.55556,208.46667,132_1
1087.93333,228.11111,191.13333,94.03333,3593.77778,6205.91111,1.1037,2.07037,18.08889,6422.92222,7.93333,44.55556,8.8963,18.44444,1.0,26.85926,12.22222,18.88889,185.13333,132_2
956.82222,240.22222,217.46667,92.62222,3163.0,5991.46667,1.0,2.07037,17.42222,6160.58889,8.15556,41.22222,8.27037,22.0,1.0,21.46667,10.33333,16.66667,176.35556,132_3
965.6,193.77778,210.91111,109.58889,3282.44444,7440.24444,1.0,6.58519,12.86667,6040.36667,6.82222,31.44444,4.71481,18.77778,1.0,14.85926,6.55556,13.18519,155.24444,132_4
1001.26667,207.88889,208.02222,102.95556,3301.0,8301.46667,1.0,6.58519,18.53333,5950.7,5.71111,45.33333,8.74444,25.0,1.0,19.68889,8.55556,20.22222,163.91111,132_5
975.82222,187.55556,221.68889,112.03333,3268.0,7433.91111,1.0,7.5037,17.64444,5835.25556,8.15556,35.55556,7.34074,18.66667,1.0,18.08148,6.55556,12.40741,175.8,132_6
984.48889,155.55556,204.13333,94.03333,3283.0,5688.8,1.0,1.0,12.42222,5735.58889,8.82222,35.66667,3.94815,18.66667,1.0,17.91111,8.33333,15.77778,141.02222,132_7
973.6,220.88889,187.24444,99.14444,3370.88889,7881.91111,1.0,2.07037,12.2,5615.14444,10.26667,34.44444,4.57407,16.66667,1.0,14.41481,7.55556,21.0,152.35556,132_8
931.48889,205.77778,155.91111,82.28889,3175.11111,6168.57778,1.0,3.14074,12.08889,5421.25556,7.71111,31.88889,5.46296,19.33333,1.77778,17.19259,13.33333,15.44444,158.02222,132_9
12541.01111,907.66667,747.53333,159.75556,26167.3,19.97778,1.11111,4.85556,223.11111,33758.51111,8.41111,243.44444,20.31852,57.11111,1.0,34.84444,35.88889,19.9,200.24444,133_0
9520.9,699.77778,557.2,115.86667,18024.07778,245.37778,1.0,4.85556,177.33333,25697.95556,5.63333,208.44444,21.73333,40.88889,1.0,25.17778,44.77778,31.56667,147.35556,133_1
7873.56667,579.33333,497.86667,164.97778,14263.07778,288.46667,1.22222,5.96667,167.88889,21185.51111,4.63704,174.22222,22.98519,35.66667,1.0,28.73333,32.77778,35.45556,144.02222,133_2
6451.9,537.0,447.31111,113.31111,12058.63333,456.91111,1.0,1.0,157.66667,18583.28889,4.42222,163.55556,17.95556,27.0,1.0,27.28889,25.0,40.78889,144.91111,133_3
6392.56667,548.0,447.86667,141.75556,11933.18889,463.13333,1.0,3.02593,150.66667,17784.62222,4.08148,154.33333,19.28889,24.11111,1.0,36.4,31.88889,34.67778,163.35556,133_4
5318.23333,466.22222,406.31111,116.08889,10071.96667,321.48889,1.0,5.96667,138.44444,15877.28889,2.97407,149.33333,20.51111,20.55556,1.0,20.54074,23.11111,31.12222,129.91111,133_5
5053.12222,477.33333,386.31111,79.97778,9407.96667,556.06667,1.0,1.91481,112.33333,15178.62222,3.64074,134.0,17.73333,24.33333,1.0,19.34815,19.11111,31.66296,102.57778,133_6
5048.45556,449.0,359.2,98.08889,9125.3,557.57778,1.0,1.91481,141.88889,14695.4,2.2,143.22222,17.4,23.22222,1.0,20.62222,15.22222,33.45556,113.35556,133_7
4934.01111,396.77778,350.2,82.31111,8878.07778,409.93333,1.0,1.91481,133.77778,14317.28889,2.64074,140.33333,16.54074,22.33333,1.0,24.06667,19.33333,29.83704,126.35556,133_8
5030.78889,385.66667,338.2,69.32593,9024.85556,662.71111,1.11111,3.02593,151.88889,13981.17778,1.98148,136.33333,16.98519,17.77778,1.0,23.06667,24.0,35.34444,141.57778,133_9
1460.95556,765.22222,204.07778,87.6,4442.28889,1.0,1.11111,3.22222,290.6,17817.11111,1.8963,18.66667,8.22222,8.0,1.0,13.66667,10.61111,2.16296,39.04444,134_0
1265.51111,1017.77778,203.96667,135.39259,4426.17778,13.0,1.33333,5.44444,324.82222,17165.44444,1.71852,23.33333,8.11111,13.77778,1.0,18.55556,5.88889,3.65926,65.71111,134_1
1312.51111,866.11111,169.96667,162.95556,4037.06667,16.88889,1.11111,1.0,286.04444,16650.33333,1.81481,15.0,8.0,12.77778,1.0,11.33333,9.61111,3.68889,49.15556,134_2
1313.95556,960.11111,153.3,143.71852,3994.95556,14.88889,1.0,2.11111,303.6,16324.77778,2.21481,29.66667,6.33333,14.0,1.0,10.44444,8.61111,2.57778,56.6,134_3
1236.84444,899.55556,147.74444,103.62222,3970.4,19.0,1.11111,2.11111,284.26667,16177.77778,2.86667,28.33333,5.11111,8.77778,1.0,11.44444,3.44444,5.40741,49.71111,134_4
1300.95556,881.33333,169.74444,122.5037,3961.28889,6.88889,1.0,1.0,279.71111,15904.44444,2.35556,36.0,5.11111,14.44444,1.77778,6.55556,15.05556,3.68889,53.82222,134_5
1187.28889,935.77778,186.3,157.84444,3675.06667,39.66667,1.0,2.11111,343.15556,15699.88889,3.77037,23.44444,5.77778,10.33333,1.0,8.66667,6.88889,4.35556,52.82222,134_6
1182.4,864.11111,162.63333,132.72593,3721.84444,14.77778,1.0,1.0,286.15556,15526.33333,2.00741,22.33333,9.77778,15.88889,1.77778,13.55556,16.77778,3.24444,57.26667,134_7
1267.95556,772.33333,147.41111,104.5037,3855.73333,54.11111,1.0,4.33333,279.37778,15347.66667,2.32593,27.77778,4.11111,12.66667,1.0,7.88889,5.16667,7.40741,44.82222,134_8
1168.73333,963.11111,175.41111,124.94815,3852.4,35.33333,1.11111,3.22222,305.15556,15189.88889,1.82963,25.33333,9.0,15.66667,1.0,12.77778,15.33333,6.32593,51.71111,134_9
757.05556,308.77778,53.5,78.35185,2062.81111,960.37037,1.0,10.0,39.72222,1517.91111,1.20741,660.57778,12.77778,9.44444,1.0,3.1037,4.77778,1.0,110.73333,157_0
742.16667,290.55556,73.27778,84.37037,2072.7,1206.61111,1.0,4.84444,33.27778,1208.46667,1.1037,584.02222,11.33333,12.11111,1.0,5.2963,5.55556,1.0,60.4,157_1
816.27778,259.33333,83.5,72.38889,2000.25556,752.48148,1.0,1.91111,36.61111,1119.46667,1.1037,511.35556,13.77778,8.55556,1.0,5.74074,5.77778,1.0,132.51111,157_2
638.05556,301.77778,64.5,63.81481,1633.36667,402.83333,1.0,1.0,32.05556,1035.91111,1.1037,493.13333,11.77778,7.88889,1.0,6.93333,5.66667,1.0,86.84444,157_3
658.61111,234.11111,50.16667,21.27778,1721.47778,1056.81481,1.0,1.91111,37.16667,999.13333,1.20741,452.35556,4.66667,5.22222,1.0,5.6,1.88889,1.0,52.62222,157_4
773.16667,275.55556,79.94444,57.11111,1887.7,653.61111,1.1037,7.17778,29.38889,930.46667,1.0,368.91111,9.22222,7.66667,1.0,7.48889,3.66667,1.0,207.73333,157_5
646.83333,163.55556,56.5,76.48148,1582.92222,205.92593,1.0,3.93333,31.61111,846.91111,1.31111,430.68889,4.55556,5.11111,1.0,5.62963,3.66667,1.0,87.06667,157_6
592.27778,164.44444,49.05556,44.11111,1507.36667,400.72222,1.0,4.84444,38.27778,810.35556,1.0,316.8,11.22222,6.33333,1.0,4.2963,5.66667,1.0,85.28889,157_7
792.5,235.22222,55.38889,87.72222,1703.03333,873.7037,1.0,9.6,25.5,742.46667,1.0,231.91111,7.55556,6.22222,1.0,7.18519,5.55556,1.0,251.06667,157_8
576.16667,168.44444,57.5,70.7963,1430.58889,834.61111,1.0,5.95556,36.5,742.46667,1.31111,294.02222,6.44444,6.22222,1.77778,3.99259,3.77778,1.0,92.98519,157_9
436.64444,108.68889,46.93333,69.36667,1216.03333,33.66667,1.0,1.0,69.54444,561.3,1.42963,26.48889,27.88889,1.77778,1.0,2.77778,1.88889,19.43333,53.88889,158_0
472.97778,172.24444,46.71111,125.8,1274.14444,8.77778,1.0,2.82963,79.21111,498.63333,1.86667,29.82222,35.22222,2.11111,1.0,2.44444,2.77778,19.07778,45.55556,158_1
482.42222,154.13333,48.93333,71.81111,1344.14444,70.66667,1.0,3.02593,73.76667,467.3,1.64444,26.82222,42.66667,1.88889,1.77778,1.77778,1.0,12.18889,52.88889,158_2
421.53333,143.13333,41.37778,125.67778,1196.14444,6.88889,1.0,2.82963,74.65556,467.3,1.75556,22.48889,37.11111,2.22222,1.0,2.88889,4.66667,11.4,38.11111,158_3
415.2,168.35556,41.37778,79.46667,1108.14444,19.0,1.0,3.94074,58.76667,420.3,2.28889,27.48889,27.22222,1.77778,1.0,1.33333,1.0,7.05556,31.66667,158_4
309.64444,89.82222,25.48889,72.15556,818.7,185.77778,1.0,5.05185,44.43333,372.3,1.64444,16.75556,18.66667,2.66667,1.0,1.33333,1.0,9.58889,22.85185,158_5
371.31111,124.04444,37.71111,51.48889,1009.81111,2.88889,1.0,6.27407,59.21111,372.3,1.1037,16.26667,21.88889,1.66667,1.0,2.11111,1.0,11.51111,39.0,158_6
300.2,137.02222,37.04444,86.9,981.7,50.0,1.0,2.82963,74.32222,372.3,1.41481,19.08889,31.22222,1.88889,1.0,3.66667,2.77778,2.14444,79.77778,158_7
392.97778,114.68889,41.48889,100.02222,1030.14444,66.11111,1.0,4.24815,65.21111,361.85556,1.65185,26.15556,21.0,2.88889,1.0,2.77778,2.77778,14.06667,57.77778,158_8
391.75556,121.91111,41.37778,97.46667,1053.7,74.44444,1.0,3.94074,50.21111,325.3,1.31111,27.48889,22.0,1.55556,1.0,2.55556,4.77778,8.17778,29.44444,158_9
5032.2,1129.88889,471.61111,76.92222,14281.17778,1627.11111,1.0,7.42222,221.87778,34019.86667,4.22222,54.77778,43.0,20.66667,1.0,28.46667,27.0,14.15556,269.42222,159_0
4909.97778,1068.33333,454.38889,118.25556,12633.17778,1144.44444,1.0,8.28889,199.87778,28869.31111,4.88889,55.33333,31.11111,21.22222,1.77778,37.3037,27.88889,10.48889,218.64444,159_1
4799.2,1254.22222,432.83333,97.58889,11763.06667,1060.11111,1.11111,1.0,187.21111,25532.64444,3.0,63.66667,40.66667,15.88889,1.0,42.24444,27.0,8.68148,177.64444,159_2
3857.97778,1052.11111,349.27778,89.81111,10014.51111,1491.33333,1.0,6.22963,127.98889,23486.75556,2.0,37.88889,158.66667,17.77778,3.44444,36.13333,21.11111,38.57037,142.42222,159_3
3546.08889,839.88889,344.38889,71.7,10282.06667,916.22222,1.0,8.45185,157.54444,22282.31111,3.55556,48.22222,24.88889,16.44444,1.77778,29.91111,12.33333,14.37778,164.31111,159_4
3348.75556,920.88889,345.5,146.58889,8922.84444,1006.44444,1.0,7.34074,135.65556,20641.86667,3.77778,43.0,138.44444,11.44444,1.77778,28.35556,16.33333,47.0963,110.53333,159_5
3417.42222,1063.22222,330.05556,104.77037,8807.28889,965.77778,1.11111,6.22963,106.65556,19001.97778,2.66667,37.33333,219.55556,11.55556,3.44444,25.68889,20.11111,55.82222,104.64444,159_6
2696.64444,420.88889,259.72222,71.81111,7356.4,355.44444,1.0,7.34074,88.65556,17047.31111,3.0,28.55556,27.55556,15.55556,1.0,25.57778,21.11111,12.9037,133.75556,159_7
2407.97778,729.0,223.94444,120.7,6070.28889,680.0,1.11111,3.14074,97.98889,15565.08889,3.11111,25.0,165.33333,10.77778,1.77778,30.13333,20.11111,55.34815,96.53333,159_8
2509.97778,1382.44444,216.94444,159.47778,6082.4,622.44444,1.0,2.02963,107.87778,14892.86667,2.88889,26.22222,46.55556,7.66667,1.0,22.46667,14.44444,28.37778,80.97778,159_9
1415.98889,218.88889,169.18889,84.44444,5707.74444,107.57407,1.11111,1.0,133.71111,3400.57778,1.11111,20.55556,5.88889,28.15556,1.0,63.33333,15.33333,64.0963,85.17778,160_0
1686.65556,210.77778,167.52222,65.88889,6094.74444,322.92593,1.11111,3.14074,154.93333,2708.02222,1.0,19.33333,7.44444,24.71111,1.0,73.88889,11.44444,60.78889,63.73333,160_1
1236.1,174.55556,112.63333,59.61111,4309.74444,56.03704,1.0,1.0,105.15556,2357.24444,1.11111,14.88889,2.0,18.4963,1.0,62.11111,16.33333,49.87407,87.73333,160_2
1142.98889,116.22222,85.74444,68.44444,3234.96667,145.62963,1.0,2.02963,77.04444,2094.8,1.0,9.0,4.0,10.28148,1.0,24.11111,6.55556,41.87407,42.28889,160_3
1106.54444,122.11111,66.96667,65.88889,4071.18889,138.88889,1.11111,2.02963,72.04444,1911.35556,1.0,12.22222,6.11111,14.71111,1.0,40.77778,4.77778,40.34444,52.73333,160_4
1291.65556,130.22222,70.07778,78.66667,4447.3,124.01852,1.0,4.17037,91.15556,1696.35556,1.22222,11.66667,4.77778,8.82963,1.0,25.33333,12.22222,29.67778,65.28889,160_5
1327.1,152.22222,84.07778,95.27778,4022.52222,135.2963,1.33333,2.02963,81.26667,1465.46667,1.0,16.0,6.55556,11.48889,1.0,14.0,4.77778,43.98519,47.84444,160_6
1094.87778,152.22222,58.3,43.11111,3864.63333,316.5,1.0,3.14074,74.93333,1345.02222,1.0,17.88889,6.11111,11.82222,1.0,22.0,7.55556,45.67778,71.62222,160_7
1032.21111,182.77778,74.85556,52.88889,3744.41111,91.12963,1.0,1.0,99.82222,1256.13333,1.11111,11.77778,4.55556,14.82222,1.0,52.44444,14.44444,41.67778,75.17778,160_8
1082.54444,149.44444,74.3,44.72222,4139.41111,173.14815,1.0,6.22963,91.26667,1203.02222,1.11111,20.22222,5.55556,14.71111,1.0,25.0,10.55556,42.23333,118.84444,160_9
3625.9,300.77778,400.01111,82.64444,13631.42222,11.0,1.20741,8.77778,77.77778,7884.08889,33.88889,67.0,6.22222,14.66667,1.0,15.24444,12.52222,23.77778,175.73333,161_0
3381.34444,225.0,380.01111,97.97778,12564.97778,27.22222,1.0,5.44444,70.55556,6823.97778,31.11111,54.33333,3.11111,12.77778,1.0,10.25185,6.15556,21.11111,162.62222,161_1
2925.9,196.66667,320.67778,67.08889,10897.31111,65.77778,1.0,4.33333,61.77778,6577.75556,27.44444,50.77778,11.0,6.55556,1.0,8.75556,7.15556,18.11111,156.17778,161_2
3004.78889,185.66667,333.12222,144.04444,11818.08889,47.55556,1.1037,2.11111,71.0,6430.64444,31.22222,50.33333,11.0,9.66667,1.77778,6.2,5.94444,23.33333,139.84444,161_3
3225.01111,179.66667,334.9,105.75556,12010.53333,25.0,1.0,3.22222,66.88889,6289.08889,25.11111,59.22222,13.55556,9.11111,1.77778,5.42222,13.52222,35.66667,134.84444,161_4
2977.9,188.66667,316.01111,154.26667,11753.75556,29.33333,1.0,1.0,64.33333,6053.08889,25.88889,58.0,7.0,8.77778,1.0,8.75556,11.73333,23.66667,137.51111,161_5
3116.9,192.66667,346.56667,89.93333,11809.2,156.33333,1.0,3.22222,69.55556,5884.97778,25.22222,58.66667,7.22222,5.22222,1.0,3.42963,10.73333,27.44444,140.73333,161_6
3080.01111,150.33333,312.45556,113.91111,11169.75556,80.33333,1.0,5.44444,66.11111,5748.64444,25.11111,66.44444,14.66667,7.66667,1.0,8.86667,3.57778,32.66667,126.17778,161_7
2802.78889,195.77778,292.67778,90.68889,10273.75556,47.33333,1.0,3.22222,58.44444,5475.97778,21.88889,47.11111,9.0,9.0,1.0,5.87407,6.15556,23.0,112.51111,161_8
2757.78889,166.33333,315.23333,67.57778,10058.86667,71.88889,1.0,5.44444,60.33333,5187.53333,21.0,62.22222,10.44444,7.33333,1.0,5.31111,8.94444,24.88889,136.73333,161_9
1751.27778,496.95556,874.57778,144.2,12659.01111,854.55556,1.0,6.55556,135.72222,18626.44444,1.22222,59.81111,13.77778,24.44444,1.0,9.0,29.77778,119.18889,171.06667,162_0
2155.05556,522.17778,865.35556,286.42222,14623.34444,607.77778,1.11111,8.77778,134.16667,17086.77778,1.33333,73.14444,11.11111,18.33333,1.0,27.33333,18.0,224.18889,140.4,162_1
2055.61111,541.4,834.57778,175.31111,13395.01111,515.66667,1.11111,7.66667,140.05556,16225.22222,1.55556,57.25556,14.22222,21.88889,1.0,14.66667,14.22222,237.63333,145.73333,162_2
1979.72222,521.17778,791.35556,175.42222,12531.45556,579.44444,1.11111,3.22222,107.16667,15442.44444,1.11111,44.47778,12.0,19.22222,1.0,8.44444,7.44444,176.07778,125.51111,162_3
1740.83333,496.95556,766.13333,170.2,11479.9,692.44444,1.33333,11.11111,124.5,14906.55556,1.22222,39.58889,13.22222,22.55556,1.0,9.77778,8.55556,170.07778,156.28889,162_4
2048.72222,420.17778,776.02222,208.86667,13112.23333,935.11111,1.0,3.22222,113.38889,14423.33333,1.22222,47.14444,11.0,16.0,1.0,14.55556,9.33333,235.74444,122.51111,162_5
1877.38889,441.51111,721.35556,195.86667,12496.01111,466.44444,1.0,7.77778,100.38889,14039.88889,1.33333,55.81111,11.88889,17.11111,1.0,22.88889,6.44444,213.3,133.95556,162_6
1551.94444,360.73333,656.8,193.42222,11095.23333,587.44444,1.0,1.0,89.5,13567.33333,1.0,38.92222,11.11111,18.33333,1.0,3.22222,8.66667,117.96667,120.4,162_7
1688.61111,376.95556,659.91111,172.86667,11227.56667,634.88889,1.0,4.33333,89.27778,13136.88889,1.55556,35.92222,9.22222,15.77778,1.0,5.22222,4.66667,156.41111,110.51111,162_8
1512.94444,400.17778,645.13333,162.53333,10760.23333,752.22222,1.0,1.0,99.61111,12769.0,1.0,36.36667,9.66667,17.33333,1.0,4.66667,14.44444,129.07778,130.62222,162_9
4645.55556,141.62222,201.64444,98.5,5691.12222,211.33333,1.0,5.44444,30.74444,14855.04444,1.11111,13.02222,4.0,20.6,1.0,23.22222,7.55556,7.71111,84.88889,188_0
4182.33333,187.06667,138.86667,165.5,5001.78889,103.82222,1.0,3.22222,39.74444,13342.37778,1.22222,12.91111,5.22222,14.37778,1.0,28.55556,7.44444,11.72593,68.44444,188_1
3908.55556,161.62222,161.64444,98.5,4715.67778,77.04444,1.11111,3.22222,36.07778,12581.04444,1.55556,14.6,7.66667,13.15556,1.0,34.44444,1.88889,8.38519,70.55556,188_2
3762.66667,198.4,154.75556,121.72222,4504.23333,116.4,1.11111,2.11111,41.52222,12202.82222,1.44444,13.35556,9.66667,15.26667,1.0,23.77778,1.88889,7.27407,87.66667,188_3
3658.44444,179.17778,160.53333,144.94444,4562.45556,229.04444,1.0,2.11111,38.96667,11856.48889,1.33333,14.68889,10.22222,15.26667,1.0,25.44444,6.55556,5.7037,62.44444,188_4
3691.77778,156.84444,143.86667,143.77778,4630.67778,227.04444,1.22222,6.55556,49.96667,11578.26667,1.33333,13.35556,14.44444,14.04444,1.0,40.0,4.66667,6.04444,77.0,188_5
3519.66667,203.28889,145.97778,155.05556,4445.12222,155.26667,1.11111,3.22222,46.74444,11384.04444,1.11111,14.68889,11.55556,17.04444,1.0,37.66667,2.88889,6.94074,77.66667,188_6
3440.22222,164.73333,154.86667,129.27778,4505.67778,130.48889,1.0,1.0,39.07778,11195.26667,1.0,13.35556,7.66667,15.93333,1.0,29.11111,3.77778,5.81481,73.55556,188_7
3222.44444,194.06667,152.97778,163.16667,4337.67778,165.24444,1.0,1.0,42.18889,10995.37778,1.44444,19.13333,11.66667,13.04444,1.77778,35.0,2.88889,6.47407,71.11111,188_8
3428.66667,201.28889,138.86667,178.61111,4343.34444,354.24444,1.0,6.55556,42.63333,10859.04444,1.11111,14.13333,12.77778,15.93333,1.0,38.66667,4.66667,2.91111,72.22222,188_9
2031.38889,267.15556,59.23333,37.31481,2854.16667,719.0,1.0,7.66667,55.27778,1425.0,1.60741,31.22222,19.00741,6.42963,1.0,26.84444,8.77778,6.93333,88.71111,189_0
1814.94444,273.15556,58.56667,39.55556,2410.16667,712.77778,1.0,4.33333,58.16667,1231.0,1.3037,29.0,12.56296,8.84444,1.0,23.51111,6.02222,6.86667,63.26667,189_1
1600.16667,232.71111,62.23333,31.24074,2205.05556,357.44444,1.11111,7.66667,71.27778,1141.88889,1.41481,34.33333,12.42222,4.76296,2.43704,18.20741,10.02222,10.73333,42.26667,189_2
2068.05556,262.82222,47.56667,56.7037,2894.5,191.44444,1.0,3.22222,62.83333,1100.11111,1.19259,29.44444,15.63333,5.95556,1.0,36.06667,4.26667,2.66667,70.6,189_3
1770.83333,287.15556,61.12222,57.01852,2336.61111,187.33333,1.11111,4.33333,55.05556,979.88889,1.0,29.44444,12.67407,6.31852,1.71852,21.54074,1.75556,7.26667,53.6,189_4
1883.61111,305.37778,77.23333,24.96296,2526.27778,343.22222,1.0,14.55556,62.83333,916.33333,1.0963,37.0,10.27037,6.28889,1.0,27.73333,3.51111,3.0,56.93333,189_5
1646.5,226.71111,48.23333,56.7037,2184.83333,187.44444,1.0,2.11111,58.5,843.22222,1.19259,32.66667,9.85556,5.45926,1.71852,22.51111,1.75556,7.4,48.6,189_6
1308.38889,229.82222,64.67778,44.66667,1765.94444,107.11111,1.0,6.55556,40.72222,822.33333,1.0963,28.33333,10.11852,2.37778,1.0,24.73333,2.51111,4.08889,44.93333,189_7
1452.16667,298.26667,61.67778,77.7963,2050.61111,82.66667,1.0,11.11111,57.94444,796.22222,1.0963,26.22222,7.64444,7.4,1.0,23.62222,2.51111,2.46667,43.04444,189_8
1824.27778,271.93333,77.67778,57.24074,2383.72222,367.77778,1.11111,4.33333,51.72222,749.22222,1.19259,35.88889,12.00741,6.73333,1.0,23.73333,5.26667,4.71111,60.48889,189_9
1791.91111,1785.33333,466.93333,1109.91111,43642.42222,15.0,1.11111,8.88889,213.68889,12931.66667,65.64444,2620.44444,122.33333,9.37778,1.0,10.17778,8.66667,48.23333,89.62222,190_0
1747.68889,1692.44444,480.04444,1120.35556,43871.31111,9.0,1.0,5.44444,213.46667,12506.22222,67.64444,2643.22222,129.11111,9.04444,1.0,9.71111,10.44444,81.78889,90.51111,190_1
1758.57778,1746.11111,469.26667,1272.35556,44278.97778,21.33333,1.0,2.11111,211.91111,12233.33333,69.64444,2450.77778,122.44444,9.15556,1.0,17.65185,1.88889,94.34444,87.4,190_2
1759.24444,1707.55556,458.82222,1210.46667,42330.86667,27.0,1.0,2.11111,199.68889,12054.77778,65.08889,2468.88889,121.66667,8.26667,1.0,10.12593,5.77778,88.01111,78.73333,190_3
1649.13333,1501.66667,452.82222,1027.35556,40460.86667,29.44444,1.0,5.44444,184.91111,11892.11111,65.86667,2319.44444,100.44444,7.6,1.0,5.04444,6.55556,80.78889,79.28889,190_4
1683.35556,1545.11111,465.04444,1058.24444,41760.2,9.0,1.0,3.22222,201.8,11661.0,63.86667,2354.44444,103.22222,9.04444,1.0,7.0963,5.66667,57.8,83.51111,190_5
1633.13333,1521.77778,425.37778,1040.02222,40706.2,41.44444,1.11111,1.0,184.35556,11530.0,65.08889,2215.66667,101.77778,7.71111,1.0,15.01481,5.55556,92.67778,61.84444,190_6
1725.46667,1637.88889,434.93333,1140.8,42601.42222,9.11111,1.0,5.44444,192.35556,11430.22222,72.86667,2471.77778,110.0,7.71111,3.32593,3.54815,1.0,57.78889,86.28889,190_7
1689.24444,1622.88889,470.15556,944.8,41199.2,12.77778,1.33333,3.22222,188.68889,11272.66667,58.97778,2458.88889,107.11111,8.71111,1.71852,3.99259,4.77778,74.34444,79.73333,190_8
1643.13333,1516.66667,402.71111,950.13333,39859.31111,26.88889,1.0,2.11111,182.68889,11120.55556,56.97778,2396.11111,103.55556,7.93333,1.0,3.85185,3.66667,56.01111,71.51111,190_9
6687.17778,477.44444,957.34444,257.01111,21289.92222,170.77778,1.42222,5.44444,64.82222,20446.26667,26.37778,200.04444,8.3037,17.22222,1.0,18.52593,3.66667,109.71111,595.22222,191_0
6678.17778,444.11111,976.45556,249.34444,20577.47778,131.77778,1.0,5.44444,62.37778,19652.71111,27.93333,189.15556,12.41481,18.33333,1.0,11.74815,5.55556,91.48889,592.77778,191_1
6330.06667,526.11111,1007.12222,205.34444,21060.14444,33.0,1.53333,7.66667,55.82222,19026.93333,24.48889,196.48889,11.08148,19.22222,1.0,18.02222,8.44444,80.93333,551.33333,191_2
5788.62222,477.55556,904.12222,179.9,18056.58889,27.0,1.0,6.55556,53.04444,18270.04444,24.26667,185.26667,8.31111,17.22222,1.0,22.85926,3.77778,92.93333,540.11111,191_3
5795.17778,483.55556,888.34444,187.45556,18420.92222,228.22222,1.0,3.22222,56.6,17550.04444,20.93333,191.48889,9.6963,14.22222,1.0,20.97037,5.66667,77.93333,538.11111,191_4
5737.4,433.88889,826.45556,144.87407,17658.47778,115.22222,1.0,2.11111,50.48889,17040.37778,23.93333,158.6,6.75556,13.22222,1.0,14.74815,3.66667,76.48889,531.66667,191_5
5371.51111,374.66667,776.78889,177.12222,16266.25556,37.22222,1.0,2.11111,48.04444,16573.04444,19.15556,152.93333,5.25185,11.55556,1.0,16.63704,7.55556,51.93333,522.11111,191_6
5360.95556,421.88889,802.45556,179.9,16181.47778,43.66667,1.0,2.11111,47.82222,16226.15556,22.48889,173.15556,5.87407,13.88889,1.0,11.02963,1.88889,64.71111,512.88889,191_7
5430.95556,412.77778,841.56667,184.9,16277.25556,10.77778,1.0,5.44444,50.04444,15869.04444,23.48889,173.04444,5.86667,18.33333,1.0,17.19259,8.55556,76.15556,529.22222,191_8
5240.73333,364.44444,750.9,133.23333,16098.36667,45.55556,1.1037,3.22222,48.26667,15606.26667,21.82222,149.71111,8.47407,14.11111,1.0,11.24444,2.77778,50.82222,510.77778,191_9
2184.14444,1609.66667,265.67778,560.86667,5956.52222,988.22222,1.0,2.8963,285.94444,28374.08889,3.11111,65.44444,76.95556,14.11111,1.0,3.11111,9.93333,36.52222,280.08889,192_0
2072.81111,1511.55556,280.9,483.31111,5775.85556,1098.88889,1.0,3.05926,259.83333,27342.86667,3.0,49.66667,62.84444,17.11111,1.0,4.66667,5.28889,31.63333,244.97778,192_1
2103.36667,1231.77778,248.56667,534.97778,5531.3,788.88889,1.0,1.94815,256.5,26295.64444,2.66667,109.88889,52.17778,16.77778,1.0,7.88889,13.57778,33.74444,357.75556,192_2
2027.36667,1347.11111,253.23333,483.31111,5503.96667,521.77778,1.11111,1.0,256.5,25448.53333,3.11111,56.44444,59.95556,16.22222,2.55556,5.66667,5.46667,34.3,337.53333,192_3
1921.47778,1273.22222,240.9,434.42222,5170.63333,838.22222,1.22222,3.05926,250.16667,24769.64444,2.88889,50.44444,54.95556,14.55556,1.0,4.66667,16.64444,50.18889,324.64444,192_4
1772.81111,1355.22222,241.9,470.31111,5072.74444,577.33333,1.11111,1.94815,244.94444,23481.2,3.0,30.55556,42.73333,11.55556,1.77778,4.0,16.75556,42.07778,297.53333,192_5
1823.58889,1373.11111,235.34444,439.53333,5014.96667,963.55556,1.0,4.00741,254.72222,22140.42222,2.77778,48.22222,55.51111,14.11111,1.0,6.66667,20.57778,43.07778,339.86667,192_6
1618.47778,1185.33333,211.12222,398.31111,4674.63333,717.0,1.11111,6.61481,221.61111,21167.53333,2.77778,39.11111,46.84444,11.11111,1.0,5.88889,11.17778,30.56296,286.64444,192_7
1731.58889,1587.55556,222.12222,388.08889,4782.07778,821.88889,1.11111,12.39259,255.72222,20452.75556,3.11111,28.66667,42.4,15.33333,1.0,5.66667,14.93333,52.85556,308.42222,192_8
1606.25556,1197.33333,223.67778,377.64444,4476.52222,476.66667,1.11111,3.05926,247.94444,19784.97778,2.0,65.22222,53.62222,15.22222,1.77778,4.88889,8.11111,34.85556,500.31111,192_9
3905.07778,1816.08889,473.22222,937.5,9492.65556,133.66667,1.38519,2.02963,373.77778,55931.74444,3.33333,226.11111,51.77778,40.0,1.0,4.59259,15.11111,16.84444,191.35556,193_0
3907.63333,1855.42222,471.22222,873.05556,9434.98889,226.33333,1.3037,1.0,390.0,54758.41111,2.88889,210.33333,65.0,38.0,1.0,3.87407,28.11111,22.84444,221.68889,193_1
3855.96667,1767.42222,485.66667,1004.61111,9108.32222,133.44444,1.28889,7.34074,360.66667,53506.52222,4.0,222.22222,55.33333,36.55556,1.0,6.59259,25.0,21.8,233.13333,193_2
3856.85556,1755.42222,459.88889,978.83333,9186.43333,59.66667,1.91111,9.48148,352.0,52830.3,5.11111,227.77778,60.11111,39.44444,1.0,5.6963,18.22222,28.13333,219.91111,193_3
3806.63333,1724.08889,470.88889,867.83333,9182.98889,139.77778,1.19259,6.31111,373.66667,52286.63333,3.66667,235.22222,55.33333,39.66667,1.0,8.74815,7.55556,23.37778,231.02222,193_4
3972.63333,1793.75556,482.22222,978.83333,9383.43333,300.11111,1.28889,9.67407,378.55556,51726.63333,2.77778,243.22222,59.11111,43.44444,1.0,6.75556,15.44444,43.62222,189.02222,193_5
3789.63333,1814.08889,468.66667,960.94444,9021.32222,123.66667,1.38519,3.05926,351.55556,51203.63333,4.33333,241.11111,57.22222,42.88889,1.0,6.47407,20.22222,44.04444,195.24444,193_6
3693.85556,1868.64444,444.0,852.5,8773.43333,474.44444,1.48148,4.17037,360.0,50754.52222,3.66667,219.55556,56.88889,37.88889,1.0,6.86667,5.66667,33.04444,191.24444,193_7
3739.52222,1867.42222,451.55556,927.16667,8929.54444,386.11111,1.4,5.2,353.22222,50110.3,4.66667,218.44444,59.22222,41.33333,1.0,8.64444,20.22222,45.97778,183.13333,193_8
3990.74444,1693.75556,472.33333,978.72222,9251.65556,119.22222,1.19259,2.02963,377.88889,49518.85556,4.55556,229.11111,60.11111,41.88889,1.0,6.03704,55.66667,40.84444,196.02222,193_9
335.16667,42.44444,17.56667,52.85926,1180.06667,199.33333,1.0,2.11111,2.82222,519.0,1.0,19.26667,3.77778,1.11111,1.0,3.35556,1.88889,4.96296,3.63704,194_0
420.16667,31.22222,18.23333,81.08148,1806.4,240.33333,1.0,5.44444,2.48889,466.77778,1.0,7.51111,3.33333,1.0,1.0,3.1037,5.77778,3.6,6.8,194_1
499.5,34.22222,22.01111,74.64444,2326.95556,382.11111,1.0,3.22222,4.18889,398.33333,1.0,12.51111,4.0,1.11111,1.0,2.35556,1.0,3.02222,8.57778,194_2
428.61111,32.22222,29.78889,55.20741,1774.51111,408.77778,1.0,8.88889,3.82222,377.0,1.0,8.91111,3.11111,1.0,1.0,4.2963,5.55556,3.85185,10.85926,194_3
435.05556,36.33333,17.45556,51.42222,2003.62222,398.66667,1.0,1.0,3.71111,377.0,1.0,15.51111,4.44444,1.11111,1.0,2.05185,1.0,4.99259,7.24444,194_4
490.72222,43.44444,22.67778,85.63333,2377.84444,162.33333,1.0,1.0,3.96667,350.88889,1.11111,14.48889,5.0,1.22222,1.0,4.8,1.88889,3.02222,9.19259,194_5
375.38889,14.44444,27.23333,66.86667,1481.17778,248.77778,1.0,6.55556,2.78889,330.0,1.0,13.08889,2.0,1.22222,1.0,2.35556,5.55556,4.13333,6.97037,194_6
432.27778,39.11111,25.78889,88.74815,1945.28889,300.0,1.0,8.88889,12.71111,324.77778,1.0,9.17778,2.66667,1.22222,1.0,6.18519,4.77778,3.54815,8.19259,194_7
473.94444,36.55556,20.45556,51.42222,2224.84444,182.88889,1.0,1.0,2.97778,283.0,1.0,12.68889,2.33333,1.22222,1.0,2.4963,1.88889,1.08148,7.3037,194_8
280.38889,21.44444,14.12222,58.41852,1108.51111,119.66667,1.0,4.33333,2.2,283.0,1.0,10.28889,2.0,1.11111,1.0,2.05185,3.77778,3.1037,5.80741,194_9
5012.7,6015.55556,750.64444,2870.92222,36468.32222,543.24444,1.11111,8.28889,556.62222,64292.78889,33.78889,359.66667,4417.73333,15.37778,8.22222,31.66667,71.92222,496.86667,236.04444,195_0
4925.14444,5845.22222,756.08889,2481.36667,36343.43333,569.8,1.33333,7.34074,517.06667,59947.67778,30.34444,330.22222,4385.28889,16.37778,8.44444,30.66667,66.28889,462.2,218.6,195_1
4488.36667,5590.88889,623.08889,2664.36667,32605.21111,108.17778,1.44444,6.31111,493.51111,51910.67778,27.45556,282.33333,3804.28889,13.6,4.22222,21.66667,83.06667,377.2,159.04444,195_2
4260.92222,5400.44444,630.86667,2571.7,29618.65556,339.8,1.33333,8.56296,465.06667,46926.56667,28.67778,277.88889,3723.95556,9.04444,4.22222,18.44444,54.25556,372.75556,140.48889,195_3
4235.36667,5765.33333,504.64444,2372.92222,30421.43333,389.35556,1.55556,6.31111,447.73333,44535.56667,23.9,191.44444,3763.51111,8.71111,1.77778,18.11111,22.05556,380.75556,111.93333,195_4
3954.36667,5425.66667,487.97778,2432.36667,28414.32222,257.68889,1.44444,5.2,453.62222,43158.78889,26.23333,203.33333,3813.62222,11.04444,1.0,16.44444,10.27778,306.64444,122.48889,195_5
4000.36667,5263.66667,485.2,2422.14444,29139.54444,409.46667,1.33333,8.45185,442.17778,42145.56667,26.34444,206.44444,3814.51111,8.93333,1.0,18.88889,22.05556,326.2,116.26667,195_6
3657.03333,4964.55556,466.31111,2218.03333,27512.43333,422.4,1.55556,6.22963,433.84444,40969.45556,28.45556,228.0,3586.84444,9.82222,1.0,14.88889,33.2,334.31111,124.71111,195_7
3508.47778,4883.88889,477.08889,2128.03333,23358.87778,467.13333,1.0,6.22963,398.84444,40000.23333,24.45556,195.77778,3398.17778,10.15556,1.77778,14.88889,22.16667,248.75556,95.04444,195_8
3575.25556,5011.44444,514.97778,2174.36667,25127.65556,516.46667,1.11111,8.37037,434.06667,38982.23333,24.56667,203.0,3731.95556,8.16296,1.77778,20.0,8.42222,247.64444,98.48889,195_9
4485.82222,7075.66667,1073.42222,2801.7,18299.01111,390.55556,1.0,1.0,646.91111,106591.68889,17.94444,431.68889,5169.12222,18.15556,2.55556,14.0,20.22222,391.68889,261.35556,196_0
3886.37778,6839.11111,931.42222,2414.47778,17081.9,288.11111,1.0,4.08889,652.57778,98942.35556,12.83333,391.35556,4992.12222,11.48889,9.22222,8.11111,16.22222,403.68889,239.57778,196_1
4154.71111,6996.44444,816.08889,2551.47778,17067.9,63.77778,1.0,5.28148,596.02222,93566.02222,11.16667,407.35556,5172.23333,19.82222,8.33333,8.44444,14.22222,382.68889,231.91111,196_2
4066.37778,6841.33333,764.75556,2324.03333,16892.34444,113.44444,1.0,4.08889,593.68889,88453.68889,12.72222,450.46667,5005.67778,21.26667,12.55556,8.55556,5.66667,362.24444,201.68889,196_3
3911.26667,6733.66667,717.42222,2525.58889,16870.45556,269.44444,1.22222,1.0,614.35556,86082.13333,12.61111,345.8,4826.9,11.71111,5.77778,7.66667,8.44444,334.68889,176.13333,196_4
4017.6,6738.66667,762.97778,2440.47778,16639.9,59.77778,1.0,1.0,661.35556,82124.35556,11.61111,346.68889,5046.9,10.82222,9.88889,6.88889,7.66667,343.35556,191.46667,196_5
3476.48889,6589.0,695.64444,2458.25556,15958.01111,142.0,1.33333,5.11852,522.35556,79133.24444,10.05556,292.91111,4622.01111,11.93333,4.22222,8.55556,8.55556,309.13333,161.24444,196_6
3923.6,6354.55556,641.2,2337.25556,15368.45556,224.33333,1.11111,4.17037,509.02222,77003.46667,12.05556,245.02222,4137.9,11.93333,5.88889,4.66667,11.33333,348.24444,201.57778,196_7
4020.37778,6600.77778,691.2,2306.36667,17210.9,10.88889,1.11111,6.31111,600.35556,74746.68889,13.61111,305.8,4363.34444,10.93333,7.44444,6.22222,13.33333,331.02222,184.8,196_8
3530.71111,6067.77778,692.64444,2089.47778,14995.23333,84.55556,1.0,5.47407,494.24444,71959.8,10.61111,323.35556,4691.45556,11.26667,6.77778,6.0,7.66667,322.91111,224.35556,196_9
4343.97778,2113.22222,746.78889,654.01111,29714.36667,1183.33333,1.11111,3.85926,610.87778,29416.12222,66.11111,162.88889,397.52222,14.11111,2.66667,7.2,45.0,56.04444,105.44444,197_0
4356.42222,1914.88889,738.23333,782.9,30145.25556,402.55556,1.0,3.85926,644.76667,28505.45556,66.22222,183.22222,422.41111,19.88889,1.77778,8.02963,36.0,57.15556,95.55556,197_1
4654.2,1772.44444,645.12222,721.01111,33028.14444,505.33333,1.0,2.74815,586.87778,27116.01111,63.11111,173.77778,405.96667,11.88889,1.0,4.42963,21.11111,58.04444,96.44444,197_2
4588.86667,1621.77778,662.34444,775.01111,31096.7,501.11111,1.0,1.87407,587.1,25774.23333,60.22222,163.22222,359.74444,15.66667,1.0,9.75556,28.88889,57.6,81.0,197_3
4360.42222,1696.55556,562.67778,728.67778,30679.03333,676.0,1.0,4.73333,538.43333,24112.01111,55.88889,145.0,339.85556,12.66667,2.55556,9.08889,20.11111,43.93333,89.22222,197_4
4260.64444,1583.44444,643.67778,646.12222,27902.58889,538.33333,1.0,4.73333,523.76667,22786.67778,53.55556,143.66667,286.07778,14.11111,1.0,9.35556,22.11111,54.26667,80.55556,197_5
4255.64444,1451.88889,563.23333,628.01111,28091.7,784.88889,1.11111,4.4963,515.32222,21529.9,49.66667,143.88889,310.41111,12.55556,1.0,5.48148,24.0,53.26667,78.88889,197_6
4453.53333,1409.66667,550.67778,612.56667,30024.03333,1374.66667,1.0,4.73333,497.1,20956.67778,50.55556,149.88889,300.41111,13.22222,1.0,11.91852,22.11111,51.15556,107.11111,197_7
3928.08889,1366.11111,535.45556,584.23333,24832.36667,1236.88889,1.0,4.97037,450.21111,20226.01111,49.33333,128.66667,284.18889,17.0,1.0,8.46667,22.11111,56.15556,100.66667,197_8
4453.64444,1385.44444,581.34444,687.56667,30214.81111,1027.55556,1.0,10.45185,512.65556,19547.9,53.88889,150.22222,322.96667,13.55556,1.0,12.25185,21.11111,53.6,84.88889,197_9
7049.68889,981.22222,848.52222,481.65556,14601.04444,145.37778,1.0,5.44444,108.27778,37594.22222,7.66667,153.77778,50.88889,25.11111,1.0,30.62222,45.66667,124.63333,465.06667,198_0
7091.24444,718.66667,829.63333,352.65556,14426.71111,291.37778,1.0,1.0,98.27778,36260.66667,5.66667,163.33333,41.0,27.33333,1.0,29.62222,50.55556,152.18889,505.95556,198_1
6994.13333,764.22222,782.07778,326.76667,14562.26667,470.15556,1.33333,10.11111,107.38889,35012.0,7.55556,147.77778,44.77778,29.11111,1.0,24.31852,36.66667,153.63333,485.4,198_2
6757.35556,809.55556,744.52222,350.1,13763.04444,150.24444,1.11111,10.0,103.61111,32936.88889,7.88889,149.55556,42.22222,24.55556,1.77778,21.87407,23.11111,136.41111,357.28889,198_3
6509.91111,816.77778,741.41111,344.98889,13274.48889,129.68889,1.0,6.55556,96.94444,31478.11111,7.0,141.55556,59.77778,19.77778,1.0,20.51111,21.11111,142.96667,339.73333,198_4
6904.8,765.44444,735.63333,380.98889,13806.15556,292.24444,1.22222,3.22222,86.94444,30356.55556,5.77778,151.33333,45.11111,16.33333,1.0,16.68148,23.11111,108.63333,322.73333,198_5
6937.91111,601.55556,711.96667,329.65556,13382.71111,458.35556,1.11111,6.55556,79.5,29635.44444,6.33333,147.11111,38.77778,21.77778,1.0,17.98519,14.44444,87.3,288.17778,198_6
6626.02222,661.33333,683.63333,360.54444,13108.6,439.53333,1.0,3.22222,83.16667,28925.0,5.77778,136.77778,34.55556,19.88889,1.0,11.51111,1.88889,79.18889,282.06667,198_7
6565.35556,472.44444,625.41111,337.21111,12392.6,322.26667,1.0,5.44444,65.94444,28414.0,5.0,111.66667,25.66667,13.11111,1.0,14.06667,4.66667,73.07778,262.06667,198_8
6924.91111,582.55556,658.85556,319.1,12893.37778,386.2,1.0,8.77778,74.05556,27956.33333,5.22222,124.77778,32.44444,17.11111,3.44444,17.73333,7.55556,83.74444,272.62222,198_9
1691.18889,514.77778,618.63333,267.72222,12418.11111,653.22222,1.0,1.0,136.61111,15475.04444,17.0,41.57778,93.0,11.15556,1.0,31.84444,10.33333,24.47778,191.66667,199_0
1635.74444,506.66667,592.41111,216.05556,11931.33333,554.77778,1.0,2.8963,117.94444,14834.37778,14.11111,38.24444,89.55556,11.04444,1.0,31.4,6.66667,27.92222,188.55556,199_1
1607.41111,468.22222,593.63333,201.03704,11951.11111,240.44444,1.11111,4.00741,126.72222,14151.48889,13.55556,33.24444,68.0,9.6,1.0,26.84444,6.66667,22.17778,177.66667,199_2
1633.3,393.66667,606.18889,167.16667,11353.55556,312.33333,1.0,1.94815,112.61111,13615.6,8.44444,38.57778,55.88889,8.71111,1.0,21.73333,11.44444,15.94444,198.66667,199_3
1419.85556,356.33333,492.52222,154.16667,9791.77778,318.55556,1.0,6.34074,111.72222,12995.93333,9.22222,32.02222,53.88889,6.71111,1.0,18.06667,6.55556,15.46667,156.88889,199_4
1419.3,584.55556,545.3,149.05556,10223.22222,887.44444,1.11111,1.94815,109.94444,12533.71111,14.88889,44.91111,70.88889,9.48889,1.0,22.84444,11.44444,23.47778,162.66667,199_5
1492.74444,438.11111,536.85556,141.27778,10332.77778,940.88889,1.11111,1.94815,105.5,12181.93333,12.0,36.8,71.88889,6.93333,1.0,22.42963,9.55556,22.95556,164.88889,199_6
1382.85556,284.55556,479.3,113.48148,8993.22222,696.44444,1.0,3.84444,101.16667,11935.26667,11.77778,32.8,51.44444,5.82222,1.0,15.87407,6.55556,13.98889,143.44444,199_7
1392.18889,307.88889,546.85556,138.83333,9887.0,630.55556,1.11111,7.28889,98.94444,11751.6,10.33333,40.24444,53.44444,6.04444,1.0,20.84444,2.77778,24.06667,152.11111,199_8
1335.3,385.44444,479.07778,136.27778,9816.11111,918.44444,1.0,4.95556,96.38889,11551.93333,10.88889,38.24444,81.22222,7.48889,1.0,16.87407,11.33333,14.87778,142.44444,199_9
1618.75556,245.0,301.81111,89.54815,4754.4,28.44444,1.0,1.0,133.92222,4237.15556,1.33333,55.88889,21.16667,8.88889,1.0,26.51111,25.82222,51.78889,396.77778,200_0
1634.97778,210.88889,329.92222,148.99259,4769.95556,69.55556,1.0,4.08889,128.14444,3880.6,1.0,50.66667,25.72222,9.55556,1.0,19.06667,17.42222,49.67778,406.77778,200_1
1595.64444,210.77778,292.7,87.1037,4631.4,18.71111,1.0,2.02963,139.47778,3660.37778,1.11111,63.33333,15.7037,8.0,1.0,23.73333,15.8,49.45556,402.11111,200_2
1447.97778,175.55556,270.47778,126.97778,4339.06667,57.22222,1.0963,6.31111,126.47778,3487.6,1.44444,59.33333,13.92593,7.77778,1.0,17.12593,22.31111,45.9,385.88889,200_3
1589.53333,258.44444,271.25556,162.86667,4664.4,49.24444,1.19259,4.17037,120.92222,3371.93333,1.0,54.77778,18.59259,9.44444,1.0,20.4,5.26667,41.23333,333.77778,200_4
1490.08889,211.77778,289.7,149.86667,4378.73333,98.22222,1.0,5.11852,139.81111,3293.37778,1.22222,61.11111,20.38889,9.0,1.0,22.28889,11.53333,47.12222,409.11111,200_5
1367.97778,175.55556,257.36667,130.88148,4165.62222,18.46667,1.0,5.2,124.92222,3141.15556,1.0,59.11111,21.5,6.55556,1.0,20.06667,9.91111,42.45556,374.44444,200_6
1173.31111,215.0,232.7,113.97778,3675.73333,6.62222,1.0963,4.17037,114.47778,3047.04444,1.0,48.44444,16.72222,8.44444,1.0,19.28889,8.26667,38.01111,341.66667,200_7
1331.31111,168.44444,239.58889,126.75556,3913.17778,45.13333,1.0963,4.17037,122.47778,2957.37778,1.11111,42.44444,21.83333,6.55556,1.0,12.31852,6.02222,34.23333,311.44444,200_8
1314.53333,200.66667,242.14444,113.97778,3788.17778,63.33333,1.0963,6.31111,107.36667,2858.15556,1.11111,45.66667,21.27778,5.66667,1.0,23.17778,5.26667,30.78889,318.44444,200_9
640.74444,297.77778,107.05556,81.04444,2292.37778,111.22222,1.1037,1.0,153.92222,1063.06667,1.66667,35.55556,33.28889,2.88889,1.0,2.17778,1.0,4.48889,56.0,201_0
687.41111,319.11111,137.5,96.48889,2638.37778,156.11111,1.0,4.02222,222.92222,989.84444,1.88889,11.88889,25.28889,3.44444,1.0,5.88889,2.88889,11.8,51.77778,201_1
684.63333,334.0,143.94444,93.82222,2555.93333,201.44444,1.0,5.93333,209.92222,936.73333,1.66667,14.44444,22.84444,2.44444,1.0,6.77778,7.55556,12.91111,53.77778,201_2
607.85556,253.11111,108.5,60.37778,2220.15556,575.22222,1.0,5.24444,154.58889,863.62222,1.44444,21.66667,29.73333,2.55556,1.0,5.93333,5.66667,6.42222,55.66667,201_3
709.52222,384.66667,149.61111,111.42222,2885.93333,215.77778,1.0,1.95556,224.03333,842.73333,2.11111,17.44444,28.51111,3.88889,1.0,4.0,4.77778,8.35556,57.44444,201_4
721.63333,323.88889,137.16667,114.48889,2486.37778,334.66667,1.0,4.02222,180.03333,816.62222,2.44444,20.44444,26.73333,3.33333,1.0,3.51111,1.0,9.93333,54.22222,201_5
641.41111,316.88889,127.38889,64.86667,2430.48889,242.55556,1.0,6.35556,189.7,748.73333,1.55556,20.0,33.17778,2.33333,1.0,3.8,4.77778,8.06667,61.66667,201_6
663.18889,295.66667,134.83333,116.42222,2216.15556,143.77778,1.0,3.86667,176.14444,748.73333,1.55556,21.11111,31.28889,2.55556,1.0,4.6,4.88889,7.46667,44.66667,201_7
654.3,232.88889,129.5,114.37778,2343.37778,223.88889,1.0,1.95556,181.58889,717.4,1.44444,25.88889,23.28889,3.0,1.77778,5.2,1.88889,12.68889,57.55556,201_8
681.63333,287.44444,157.5,111.31111,2537.26667,64.0,1.0,4.02222,188.03333,669.73333,1.55556,16.77778,22.31852,3.0,1.0,6.26667,2.88889,13.26667,43.66667,201_9
1588.61111,89.88889,73.28889,83.57407,3551.46667,150.44444,1.0,5.2,80.43333,5560.08889,2.03704,15.13333,7.44444,14.22222,1.0,7.78519,7.44444,5.2963,26.08889,220_0
1512.27778,84.66667,83.28889,76.7037,3462.46667,66.22222,1.0,5.28148,90.32222,5423.86667,1.19259,13.91111,13.77778,13.66667,1.0,7.45185,4.66667,3.11111,22.75556,220_1
1678.72222,84.77778,92.51111,105.03704,3864.13333,55.88889,1.11111,6.31111,82.87778,5255.75556,1.62222,15.57778,12.33333,18.66667,1.0,7.14815,6.55556,6.14815,29.86667,220_2
1530.16667,87.77778,87.95556,117.92593,3705.68889,31.22222,1.11111,1.0,82.65556,5087.97778,1.38519,16.8,11.44444,18.44444,1.0,7.54815,4.66667,3.92593,34.64444,220_3
1322.27778,66.55556,106.95556,65.46296,3152.02222,14.88889,1.0,4.17037,84.76667,4852.08889,1.0963,12.91111,13.0,16.11111,1.0,5.37037,5.77778,5.0,27.2,220_4
1412.05556,75.66667,86.51111,96.46296,3511.8,14.88889,1.0,1.0,80.1,4642.08889,1.28889,12.02222,11.22222,18.11111,1.0,7.91111,7.55556,2.74074,34.21481,220_5
1362.72222,71.66667,75.51111,99.92593,3179.02222,12.55556,1.11111,7.25926,82.87778,4505.97778,1.41481,16.24444,13.44444,18.77778,1.0,4.68889,4.77778,2.85185,19.97778,220_6
1167.94444,63.33333,63.4,51.88889,2786.35556,25.22222,1.0,8.45185,76.43333,4390.42222,1.19259,13.35556,12.88889,15.0,1.0,8.99259,16.22222,2.44444,15.64444,220_7
1328.16667,70.66667,94.84444,76.7037,2921.35556,17.11111,1.0,4.17037,77.76667,4264.75556,1.28889,20.8,14.66667,15.66667,1.0,5.13333,2.77778,4.81481,18.64444,220_8
1329.38889,54.33333,65.51111,83.68519,2977.91111,13.0,1.0,5.2,68.76667,4170.31111,1.51111,18.02222,8.44444,14.55556,1.0,6.4963,8.55556,16.88889,30.2,220_9
1046.14444,329.4,239.61111,137.51111,2117.96667,10.88889,1.77778,7.61481,55.35556,15052.51111,26.66667,25.15556,23.0,42.33333,1.0,4.54815,13.44444,68.01111,47.84444,221_0
929.25556,326.4,253.38889,139.84444,2068.41111,14.88889,1.33333,6.31111,61.8,14595.73333,25.55556,17.68889,28.88889,37.77778,1.0,6.18519,10.44444,64.78889,46.73333,221_1
879.14444,300.17778,209.61111,103.53333,2065.63333,10.88889,1.44444,3.05926,52.57778,14364.4,30.11111,20.57778,21.66667,31.33333,1.0,2.74815,3.77778,42.56667,38.06667,221_2
913.25556,325.4,210.72222,96.06667,1914.52222,5.0,1.11111,2.02963,55.8,14170.06667,27.44444,27.46667,26.55556,36.11111,1.0,5.48889,7.44444,57.67778,80.17778,221_3
886.58889,312.28889,180.94444,95.64444,2055.18889,12.77778,1.0,1.0,59.91111,14017.73333,36.77778,24.46667,17.22222,35.44444,1.0,5.18519,7.66667,48.12222,34.28889,221_4
910.81111,338.51111,211.5,124.08889,1910.41111,14.88889,1.0,2.02963,56.57778,13802.4,29.33333,20.04444,26.44444,36.44444,1.0,3.71111,14.44444,59.34444,84.84444,221_5
892.25556,253.73333,208.5,68.77778,2100.52222,10.88889,1.11111,2.02963,52.35556,13586.95556,29.55556,16.02222,12.66667,28.88889,1.0,7.62963,3.77778,49.23333,90.06667,221_6
901.81111,277.95556,171.38889,70.82222,2080.07778,15.0,1.11111,1.0,50.68889,13382.06667,32.0,18.46667,15.22222,31.11111,1.0,5.74074,4.66667,43.9,76.62222,221_7
849.7,234.4,160.61111,72.95556,2038.41111,6.88889,1.11111,3.14074,53.46667,13213.84444,25.88889,16.04444,3.33333,32.11111,1.0,3.40741,6.55556,36.9,76.95556,221_8
781.03333,273.84444,187.27778,90.64444,1889.07778,19.11111,1.0,4.17037,55.8,13098.84444,31.55556,21.71111,16.0,32.11111,1.0,5.85185,5.77778,46.9,40.28889,221_9
794.36667,552.11111,155.21111,41.38889,1746.93333,43.62222,1.0,2.11111,46.74444,13010.66667,32.11111,56.11111,12.55556,41.77778,1.0,11.88889,7.44444,97.91111,19.2,222_0
771.03333,343.44444,133.87778,21.57778,1600.15556,10.48889,1.0,2.11111,37.74444,12112.66667,24.55556,49.88889,12.44444,33.33333,1.0,11.44444,6.55556,74.8,16.64444,222_1
750.81111,293.77778,151.54444,50.43333,1663.71111,82.13333,1.11111,1.0,32.52222,11577.11111,25.44444,47.77778,12.77778,29.88889,1.0,7.33333,6.66667,68.02222,16.53333,222_2
752.81111,184.66667,132.54444,23.16667,1565.71111,29.04444,1.0,3.22222,24.41111,10926.44444,20.44444,34.44444,11.55556,25.22222,1.0,5.22222,11.33333,75.46667,14.08889,222_3
681.36667,148.33333,132.32222,18.91111,1487.82222,85.51111,1.0,1.0,17.74444,10411.66667,19.66667,34.55556,8.22222,22.66667,1.68889,4.11111,7.55556,61.8,9.75556,222_4
680.36667,43.33333,102.32222,33.61111,1504.48889,8.97778,1.0,6.66667,12.07778,10049.66667,15.22222,36.77778,7.0,20.33333,1.0,6.22222,4.77778,61.57778,11.75556,222_5
675.7,68.66667,112.65556,19.86667,1410.82222,22.22222,1.0,3.22222,11.26667,9776.55556,17.22222,36.55556,8.44444,21.66667,1.68889,4.88889,1.88889,50.24444,8.64444,222_6
674.58889,66.66667,117.87778,23.16667,1458.37778,8.73333,1.0,4.33333,13.3,9503.77778,17.44444,29.55556,8.88889,19.66667,1.0,6.55556,11.44444,63.68889,7.99259,222_7
630.47778,43.33333,111.1,59.28889,1313.82222,61.22222,1.0,6.55556,12.18889,9225.22222,14.88889,29.55556,10.88889,13.77778,1.0,4.0,3.77778,48.68889,9.08889,222_8
653.47778,89.88889,114.98889,31.68889,1321.6,40.88889,1.0,1.0,13.3,9068.11111,15.88889,33.88889,9.0,21.55556,1.0,4.0,7.55556,49.8,10.53333,222_9
629.84444,428.11111,130.35556,50.96296,994.37778,4552.88889,1.31852,3.14074,24.22222,7971.11111,19.93333,36.46667,8.0,32.22222,1.0,17.62222,7.94444,100.72222,13.66667,223_0
470.06667,232.11111,137.02222,32.51852,904.6,5175.66667,1.1037,1.0,23.77778,7383.55556,16.26667,33.02222,8.22222,24.88889,1.0,11.51111,6.57778,67.83333,22.55556,223_1
503.4,287.77778,152.02222,45.85185,883.37778,4564.88889,1.0,3.14074,24.11111,7105.44444,16.26667,29.35556,8.33333,23.22222,1.0,12.76296,7.15556,54.38889,10.44444,223_2
465.06667,217.11111,130.35556,64.14815,839.15556,1910.0,1.20741,3.05926,24.33333,6932.33333,16.15556,28.8,6.88889,23.44444,1.0,11.87407,12.15556,71.72222,22.44444,223_3
429.84444,199.77778,107.91111,64.14815,759.6,1607.88889,1.0,1.0,24.22222,6690.88889,19.26667,33.13333,14.77778,20.11111,1.0,10.68148,6.57778,60.61111,34.22222,223_4
429.62222,168.55556,104.91111,53.74074,765.93333,1853.44444,1.42222,3.05926,26.88889,6413.11111,18.48889,20.57778,9.33333,24.44444,1.0,7.23704,9.36667,64.72222,24.85185,223_5
382.62222,194.66667,113.68889,66.77778,736.15556,2605.22222,1.20741,2.02963,25.22222,6208.11111,14.26667,23.24444,12.66667,17.33333,1.0,8.93333,17.83333,42.38889,53.55556,223_6
378.4,158.22222,98.35556,50.96296,672.93333,2024.33333,1.0,1.0,29.44444,6103.66667,13.04444,23.57778,16.22222,18.66667,1.0,12.20741,14.15556,45.83333,52.66667,223_7
377.51111,149.44444,91.35556,79.2963,680.04444,530.11111,1.0,1.0,30.44444,6003.77778,15.82222,23.8,13.33333,17.44444,1.71852,13.31852,11.94444,56.94444,44.11111,223_8
391.28889,237.0,97.8,71.81481,699.15556,2097.88889,1.0,2.02963,29.11111,5893.66667,12.71111,34.02222,15.77778,17.11111,1.0,10.17778,12.73333,51.66667,55.33333,223_9
3895.87778,1848.0,155.72222,129.48889,3928.63333,9012.0,1.0,3.05926,201.17778,32564.04444,240.0,149.88889,37.11111,78.77778,1.0,10.44444,31.0,28.3,54.33333,224_0
2689.32222,1214.77778,131.27778,147.37778,3489.74444,7770.44444,1.22222,2.02963,187.95556,30121.37778,244.66667,130.55556,36.33333,56.11111,1.0,10.22222,14.33333,30.96667,47.11111,224_1
1305.98889,811.88889,112.38889,142.26667,2537.52222,1512.33333,1.22222,1.0,201.28889,28626.15556,291.55556,56.77778,37.11111,35.66667,1.0,13.77778,1.0,24.63333,39.66667,224_2
1821.54444,1262.33333,146.38889,139.71111,2821.52222,5431.0,1.11111,4.08889,208.06667,27704.82222,277.88889,73.77778,54.22222,34.66667,1.0,14.77778,8.66667,20.85556,45.88889,224_3
1390.98889,784.44444,135.16667,132.57037,2532.74444,2131.33333,1.33333,1.0,199.4,27004.93333,280.0,61.88889,47.44444,37.55556,1.0,11.22222,7.44444,24.07778,44.66667,224_4
1658.76667,947.11111,129.61111,137.26667,2622.07778,3740.33333,1.66667,1.0,185.62222,26563.04444,249.0,69.11111,36.22222,37.66667,1.0,11.0,11.44444,29.52222,52.0,224_5
1280.1,631.0,136.83333,119.15556,2508.18889,1834.0,1.0,2.02963,189.51111,26115.71111,263.11111,46.66667,42.33333,23.22222,1.0,7.22222,3.77778,24.52222,34.0,224_6
1347.76667,893.55556,116.94444,121.82222,2404.07778,2044.66667,1.22222,2.02963,182.95556,25810.37778,268.77778,52.22222,47.0,28.77778,1.0,8.22222,4.77778,28.63333,43.66667,224_7
1376.21111,733.88889,122.61111,178.6,2395.74444,2770.44444,1.11111,4.17037,179.06667,25484.26667,245.44444,56.11111,39.55556,40.88889,1.0,7.44444,31.22222,26.41111,60.22222,224_8
1668.87778,1067.55556,131.16667,134.6,2620.52222,3809.11111,1.0,5.28148,180.28889,25221.26667,235.55556,57.22222,42.33333,44.44444,1.0,8.0,54.77778,20.07778,61.55556,224_9
1718.87778,85.57778,268.37778,68.27778,1708.14444,39.55556,1.1037,6.31111,32.7,9908.93333,7.66667,46.0,13.0,37.33333,1.0,6.66667,10.15556,29.22222,310.28889,225_0
1710.87778,79.68889,270.71111,68.27778,1651.03333,65.88889,1.41481,5.2,37.25556,9515.15556,5.88889,40.77778,21.11111,29.88889,1.0,7.0,27.08889,31.77778,303.84444,225_1
1548.43333,86.68889,287.26667,42.16667,1580.47778,68.0,1.20741,4.17037,34.92222,9252.6,6.44444,38.55556,13.0,25.44444,1.0,7.88889,22.62222,27.0,259.28889,225_2
1624.65556,79.35556,319.15556,77.11111,1558.47778,86.77778,1.42963,5.28148,33.03333,9111.04444,6.44444,39.11111,7.77778,32.22222,1.0,6.11111,19.52222,24.0,249.4,225_3
1688.1,98.68889,290.71111,103.0,1674.03333,41.33333,1.42222,3.05926,36.58889,8948.15556,6.33333,30.11111,14.11111,25.0,1.77778,6.77778,21.52222,33.11111,274.62222,225_4
1584.76667,67.57778,216.48889,41.11111,1417.58889,19.11111,1.0,4.17037,31.58889,8801.26667,6.22222,27.55556,13.33333,16.66667,1.77778,7.33333,7.94444,24.77778,272.28889,225_5
1611.43333,72.24444,306.04444,70.83333,1565.58889,35.44444,1.0,7.34074,33.92222,8706.93333,7.66667,37.88889,13.55556,30.55556,1.77778,6.33333,18.62222,24.0,266.73333,225_6
1514.76667,71.24444,210.6,64.22222,1488.14444,25.22222,1.31852,3.05926,30.47778,8560.26667,6.33333,33.33333,11.0,16.33333,1.0,9.0,18.52222,22.88889,265.62222,225_7
1600.32222,79.46667,321.04444,56.55556,1511.7,47.66667,1.42222,3.05926,31.36667,8470.93333,6.22222,31.66667,12.0,16.88889,1.0,5.77778,26.51111,24.77778,301.51111,225_8
1552.54444,52.13333,178.37778,58.66667,1446.92222,10.88889,1.1037,3.05926,31.92222,8381.71111,5.11111,29.11111,11.55556,14.44444,1.0,10.22222,14.31111,20.77778,258.51111,225_9
3409.31111,655.0,209.05556,625.07778,20933.55556,476.66667,1.11111,9.48148,234.12222,22179.7,57.6,200.44444,228.5,5.22222,1.0,14.33333,17.33333,44.8,93.44444,226_0
3239.31111,714.66667,225.94444,557.85556,18917.77778,513.44444,1.0,3.05926,194.67778,20839.25556,60.15556,199.77778,239.05556,4.11111,1.0,18.44444,29.88889,33.35556,81.33333,226_1
3290.31111,807.66667,197.83333,617.18889,19855.0,369.66667,1.0,6.31111,206.67778,20386.92222,53.26667,181.0,218.27778,4.66667,1.0,12.55556,20.22222,37.91111,72.44444,226_2
3321.2,590.44444,179.83333,629.96667,21058.66667,458.0,1.22222,5.2,211.9,19808.81111,57.37778,205.33333,234.5,3.0,1.0,21.88889,37.77778,26.8,77.66667,226_3
2943.42222,571.44444,184.27778,467.63333,18193.88889,566.77778,1.11111,3.14074,187.78889,19256.81111,52.82222,154.11111,220.83333,4.66667,1.77778,8.66667,21.33333,31.24444,64.0,226_4
2995.75556,548.11111,170.05556,570.74444,17655.44444,359.55556,1.0,9.86667,195.67778,18830.81111,60.6,188.22222,203.83333,4.11111,1.0,15.11111,10.33333,32.02222,68.44444,226_5
3421.75556,647.0,143.27778,715.18889,19732.66667,334.77778,1.0,3.05926,196.9,18310.58889,55.48889,190.66667,210.05556,3.66667,1.0,10.22222,7.55556,37.57778,60.44444,226_6
3351.75556,618.77778,156.5,578.63333,19039.22222,770.44444,1.0,10.59259,190.45556,18011.36667,59.82222,192.88889,242.61111,3.11111,1.0,15.22222,17.11111,33.57778,65.55556,226_7
3116.64444,669.22222,157.16667,483.18889,17720.66667,402.66667,1.0,2.02963,196.67778,17748.25556,57.71111,207.66667,238.5,3.0,1.0,12.44444,10.55556,40.02222,68.11111,226_8
3087.75556,590.44444,157.16667,604.3,16973.33333,441.66667,1.11111,4.17037,206.01111,17537.92222,58.48889,201.77778,232.16667,2.33333,3.44444,11.55556,15.33333,40.13333,67.88889,226_9
6075.88889,1921.77778,443.81111,374.33333,4638.66667,150.0,1.11111,5.11852,303.5,14008.06667,9.0,43.66667,255.73333,6.55556,1.0,21.26667,10.55556,20.92222,284.28889,61_0
3586.55556,1942.11111,454.7,418.11111,4457.0,121.33333,1.0,4.95556,315.05556,12338.17778,8.0,64.0,301.06667,9.66667,1.0,19.31111,16.44444,19.81111,387.28889,61_1
5282.77778,1991.55556,504.92222,438.66667,4873.33333,137.77778,1.0,15.8,319.5,11371.4,8.55556,53.88889,328.06667,8.11111,1.0,36.37778,3.77778,18.25556,369.73333,61_2
3303.44444,2019.0,372.14444,477.33333,4464.66667,117.11111,1.22222,9.18519,301.83333,10620.84444,10.44444,78.33333,324.06667,5.33333,1.0,27.4,11.44444,17.03333,335.95556,61_3
3157.22222,2277.77778,379.81111,541.88889,4591.66667,76.22222,1.11111,3.84444,331.27778,9786.4,8.88889,77.22222,369.28889,7.0,1.0,16.4,20.33333,17.58889,290.28889,61_4
2682.22222,1728.0,315.47778,443.88889,3669.0,103.11111,1.0,5.9037,258.94444,9182.4,8.88889,52.55556,265.17778,6.66667,1.0,12.51111,10.33333,16.14444,259.51111,61_5
3587.44444,1818.77778,355.14444,420.66667,4065.55556,90.77778,1.11111,3.05926,279.38889,8836.4,6.33333,52.77778,234.62222,4.44444,1.77778,17.53333,10.55556,16.47778,284.95556,61_6
2794.66667,1940.22222,339.14444,472.33333,3880.44444,152.55556,1.11111,5.9037,307.38889,8437.28889,8.55556,57.22222,268.28889,4.55556,1.0,11.28889,9.55556,17.92222,196.95556,61_7
3045.11111,2026.22222,373.7,456.66667,4641.77778,28.88889,1.0,8.12593,289.83333,8138.51111,8.22222,60.44444,329.95556,5.88889,3.44444,17.28889,19.33333,20.47778,321.28889,61_8
2981.0,1998.88889,312.25556,441.44444,4227.66667,41.44444,1.0,6.06667,291.27778,7833.84444,11.11111,48.11111,302.73333,6.0,3.44444,9.02222,8.66667,11.58889,327.06667,61_9
5615.88889,1870.44444,77.61111,439.98889,3421.95556,290.71111,1.33333,1.0,159.58889,11065.2,13.97778,31.55556,94.77778,15.64444,1.0,4.11111,6.55556,3.48889,478.53333,62_0
5496.0,1967.44444,102.05556,424.23704,3693.28889,337.68889,1.11111,7.66667,144.92222,10057.31111,15.08889,25.11111,106.0,11.97778,1.77778,4.55556,1.0,5.18148,278.42222,62_1
3260.66667,2599.33333,108.05556,560.87778,4317.4,105.82222,1.11111,2.11111,177.92222,9201.53333,21.08889,41.77778,142.55556,13.31111,1.0,4.77778,9.44444,7.6,310.42222,62_2
2727.55556,2700.33333,121.61111,666.76667,4526.28889,440.95556,1.11111,3.22222,175.25556,8860.2,26.53333,43.77778,136.55556,11.53333,1.0,3.22222,3.77778,10.26667,262.2,62_3
2392.55556,2670.11111,95.16667,669.43333,4817.95556,134.48889,1.0,4.33333,171.25556,8534.97778,22.2,40.77778,156.11111,6.97778,1.0,2.33333,7.44444,6.95926,216.42222,62_4
2061.88889,2723.77778,121.27778,607.32222,4750.95556,234.91111,1.0,2.11111,175.81111,8225.31111,23.86667,44.55556,128.88889,9.97778,1.0,2.55556,5.77778,5.62593,232.31111,62_5
2186.11111,2807.66667,91.05556,599.65556,4478.17778,167.84444,1.11111,4.33333,181.81111,7884.42222,23.64444,57.88889,141.33333,10.64444,1.77778,2.88889,6.77778,9.01111,263.75556,62_6
2549.77778,2706.66667,104.83333,648.76667,4323.51111,253.71111,1.11111,3.22222,174.47778,7600.75556,21.75556,62.11111,127.44444,9.97778,1.0,3.11111,9.66667,6.62593,153.64444,62_7
1923.0,2930.11111,103.94444,774.98889,4767.73333,140.82222,1.0,2.11111,171.47778,7327.86667,21.53333,56.44444,136.22222,10.21481,1.77778,4.66667,6.66667,11.31852,179.97778,62_8
1843.77778,3011.22222,82.38889,594.43333,4359.84444,198.37778,1.11111,2.11111,180.25556,7118.2,24.2,49.22222,152.77778,12.08889,1.0,2.11111,2.88889,7.23333,189.08889,62_9
678.2,1202.74444,102.2,344.24444,2283.27778,649.22222,1.0,1.0,174.33333,5762.9,26.88889,1395.76667,222.44444,30.55556,1.0,24.33333,2.77778,9.84444,1217.06667,63_0
630.31111,1150.18889,96.97778,305.46667,2201.05556,1165.0,1.0,1.95185,148.11111,5458.78889,20.44444,1253.54444,244.77778,33.77778,1.0,28.11111,12.44444,18.42222,2043.73333,63_1
640.97778,1123.07778,73.64444,285.02222,1875.94444,1117.55556,1.0,4.01481,155.44444,5191.34444,18.88889,1057.87778,220.55556,30.33333,1.0,19.77778,11.44444,11.4,1525.73333,63_2
550.75556,993.74444,77.86667,372.46667,1839.94444,1235.0,1.0,5.12593,139.33333,4971.12222,17.11111,1062.98889,185.77778,23.77778,1.0,16.88889,6.66667,18.75556,1191.51111,63_3
545.86667,1152.41111,66.97778,313.13333,1711.61111,384.22222,1.0,3.06296,148.0,4771.67778,16.88889,906.1,195.0,30.33333,3.44444,28.11111,5.66667,7.86667,1507.51111,63_4
515.53333,1067.52222,69.53333,222.91111,1601.38889,945.0,1.0,2.9037,143.33333,4640.23333,14.77778,934.65556,229.22222,12.0,1.0,23.55556,7.55556,16.42222,1342.4,63_5
479.42222,832.18889,54.42222,297.57778,1562.61111,781.0,1.0,3.85556,120.33333,4441.23333,16.33333,875.21111,147.88889,36.22222,1.77778,28.44444,4.77778,9.75556,1051.51111,63_6
481.97778,854.41111,59.64444,230.68889,1688.05556,230.11111,1.0,4.01481,118.88889,4278.78889,17.77778,907.1,154.77778,30.44444,1.0,24.11111,6.66667,6.93333,1106.84444,63_7
542.75556,1067.52222,68.31111,248.68889,1614.83333,781.0,1.0,6.07778,137.44444,4079.34444,12.0,923.65556,170.33333,8.33333,1.0,19.88889,5.55556,9.06667,1232.73333,63_8
451.42222,850.41111,74.97778,364.68889,1648.61111,669.66667,1.0,4.96667,113.22222,3921.78889,17.11111,875.54444,147.55556,20.0,1.0,33.11111,9.55556,8.4,1507.17778,63_9
898.04444,892.62222,60.24444,221.11111,1359.98889,290.71111,1.0,1.78889,87.52222,4321.78889,6.44444,731.88889,45.0,4.32593,1.0,28.4,1.0,6.61852,60.68889,64_0
888.04444,685.73333,69.02222,113.11111,1443.1,95.84444,1.09259,7.48889,98.41111,4096.12222,8.11111,773.77778,38.66667,12.31111,1.77778,30.65185,10.44444,4.95185,95.02222,64_1
892.04444,730.51111,78.46667,133.55556,1499.76667,69.06667,1.0,8.82222,105.18889,3986.01111,5.88889,1131.0,49.11111,3.22963,1.0,45.73333,2.37778,6.13333,113.13333,64_2
803.6,777.84444,55.24444,144.40741,1329.65556,111.93333,1.2963,4.8,149.63333,3917.56667,6.88889,726.77778,46.55556,4.8963,1.0,28.73333,1.68889,5.13333,77.46667,64_3
719.6,655.73333,68.13333,113.40741,1276.87778,57.33333,1.09259,2.9,98.07778,3834.01111,7.0,754.22222,50.66667,7.75556,1.0,36.84444,6.75556,5.65926,99.57778,64_4
847.93333,935.4,54.57778,187.66667,1370.54444,165.48889,1.0,1.0,106.74444,3723.78889,7.55556,641.0,43.11111,4.32593,1.0,24.62222,2.68889,7.43704,68.24444,64_5
854.15556,963.62222,51.02222,156.77778,1649.65556,186.28889,1.0,3.68889,87.74444,3650.23333,10.55556,734.88889,43.55556,4.32593,1.0,38.42963,2.37778,4.88148,76.24444,64_6
693.93333,683.95556,46.8,141.85185,1233.65556,238.8,1.0,2.9,73.63333,3509.23333,5.11111,552.44444,38.66667,4.00741,1.0,35.17778,5.06667,8.77037,69.8,64_7
795.37778,1154.51111,60.8,182.55556,1313.87778,77.28889,1.0,1.78889,78.96667,3456.45556,5.66667,682.66667,53.11111,7.65926,1.0,33.84444,2.68889,4.24444,57.91111,64_8
705.71111,823.28889,55.8,138.77778,1172.54444,91.86667,1.0,3.36667,74.3,3388.12222,5.66667,686.44444,51.77778,6.21481,1.0,24.62222,3.37778,8.54815,88.02222,64_9
816.98889,2481.91111,159.9,467.18889,2159.52222,445.88889,1.0,1.91111,135.02222,6069.38889,33.55556,3519.03333,204.84444,15.44444,1.0,18.44444,7.55556,155.67778,336.75556,65_0
744.1,2491.8,103.56667,449.07778,2150.3,236.44444,1.11111,1.91111,129.24444,5660.27778,26.66667,2945.03333,212.06667,10.66667,1.77778,13.55556,6.66667,108.9,245.2,65_1
746.32222,2523.46667,138.78889,474.85556,2237.41111,189.11111,1.0,1.0,132.68889,5450.5,28.33333,3422.47778,219.51111,13.88889,1.0,10.77778,4.77778,129.01111,241.97778,65_2
662.98889,2502.02222,139.78889,513.41111,2051.41111,164.66667,1.0,4.84444,134.13333,5193.38889,24.55556,2954.92222,252.73333,11.33333,2.66667,12.77778,6.77778,100.78889,176.86667,65_3
664.98889,2496.91111,131.45556,487.96667,2159.85556,90.33333,1.0,6.66667,134.68889,4894.5,29.88889,3451.92222,271.51111,17.55556,1.0,10.66667,13.22222,100.23333,257.97778,65_4
626.43333,1988.46667,109.23333,366.63333,1910.3,78.44444,1.0,3.93333,116.68889,4710.83333,22.33333,3023.03333,186.84444,14.44444,1.77778,17.11111,7.55556,92.12222,267.86667,65_5
668.32222,2298.91111,118.78889,495.41111,2162.96667,63.77778,1.0,2.82222,155.13333,4527.38889,29.66667,3492.58889,230.73333,17.77778,1.0,18.33333,13.33333,115.34444,277.08889,65_6
696.32222,2552.57778,94.45556,428.3,2182.96667,39.33333,1.0,3.73333,137.46667,4427.38889,25.88889,3139.25556,257.73333,13.44444,1.0,5.22222,2.77778,112.01111,133.2,65_7
681.21111,2420.24444,96.01111,459.3,1980.85556,117.55556,1.0,2.82222,131.46667,4270.5,27.55556,3082.25556,239.51111,13.11111,1.0,6.66667,6.66667,107.23333,161.42222,65_8
700.65556,2400.8,102.78889,469.85556,2121.96667,84.66667,1.11111,1.0,129.35556,4118.16667,25.0,3090.92222,247.06667,16.44444,1.0,7.55556,4.77778,112.56667,125.08889,65_9
1529.63333,2363.66667,100.23333,326.77778,2472.65556,35.17778,1.0,4.08889,214.06667,6879.88889,22.93333,67.77778,153.37778,4.88889,1.0,10.26667,4.66667,24.71111,29.93333,66_0
2205.3,1898.88889,108.45556,347.55556,2750.87778,86.44444,1.11111,3.05926,176.95556,6281.77778,13.15556,96.66667,120.6,6.0,1.0,12.57037,4.66667,27.71111,39.37778,66_1
1538.63333,1989.66667,95.45556,378.44444,2476.76667,24.66667,1.0,1.0,164.95556,5919.88889,14.6,74.88889,146.71111,4.11111,1.0,8.62963,4.88889,25.37778,32.71111,66_2
1827.18889,1749.33333,81.9,283.22222,2467.76667,123.33333,1.11111,3.14074,142.62222,5636.55556,12.15556,96.66667,107.6,5.22222,1.0,7.88148,2.88889,29.82222,31.93333,66_3
1494.96667,1605.77778,86.34444,342.33333,2022.1,233.97778,1.22222,2.02963,150.62222,5332.44444,12.04444,74.88889,88.15556,4.11111,1.77778,6.2963,4.66667,26.71111,28.37778,66_4
1481.18889,1594.66667,80.67778,339.77778,2150.54444,141.77778,1.11111,1.0,157.84444,5175.33333,13.15556,63.33333,89.04444,4.44444,1.77778,6.48889,1.0,28.04444,28.37778,66_5
1212.96667,1583.55556,79.78889,241.88889,2079.43333,37.11111,1.0,2.02963,157.51111,5043.88889,10.26667,41.44444,106.6,4.0,1.77778,1.91111,10.55556,22.26667,25.04444,66_6
1319.07778,1917.88889,82.78889,293.33333,2570.21111,143.24444,1.0,2.02963,171.17778,4902.33333,14.82222,19.22222,123.82222,1.77778,1.0,6.07407,2.77778,18.05185,20.53333,66_7
942.41111,2143.44444,72.34444,396.55556,1854.21111,120.75556,1.0,3.05926,171.62222,4713.44444,11.26667,17.66667,108.82222,1.55556,1.0,3.54815,5.77778,19.26667,15.26667,66_8
1007.3,1525.88889,78.56667,295.88889,1829.21111,122.97778,1.0,1.0,158.28889,4550.88889,13.04444,31.55556,102.93333,2.44444,1.77778,7.79259,7.55556,17.82963,25.15556,66_9
491.43333,372.33333,107.85556,63.27037,1607.67778,552.77778,1.0,2.9037,61.65556,8425.27778,10.71111,97.48889,12.44444,3.77778,1.0,33.28889,6.77778,10.74444,386.48889,67_0
411.1,321.88889,91.07778,42.6037,1180.56667,336.88889,1.0,4.17037,52.87778,7921.5,5.60741,28.6,11.44444,3.77778,1.0,24.51111,5.66667,30.52222,390.04444,67_1
421.32222,314.88889,110.07778,45.41111,1252.01111,380.11111,1.0,1.79259,59.1,7511.94444,9.04444,58.15556,11.44444,4.0,1.0,21.65185,5.77778,24.41111,380.48889,67_2
403.43333,290.55556,90.96667,28.08889,1234.34444,334.88889,1.11111,1.79259,51.87778,7208.05556,6.37778,49.15556,10.66667,3.22222,1.0,16.95556,5.66667,29.3,340.82222,67_3
443.1,307.88889,98.52222,17.39259,1167.12222,696.44444,1.0,1.79259,49.32222,7013.83333,6.60741,74.48889,8.11111,3.55556,1.0,19.65185,6.55556,17.63333,292.15556,67_4
431.98889,271.55556,103.85556,51.2,1095.23333,402.66667,1.0,2.58519,47.87778,6851.05556,6.04444,33.26667,11.55556,2.88889,1.0,17.68148,2.77778,22.18889,298.93333,67_5
365.21111,292.66667,93.96667,20.31111,1347.78889,281.66667,1.0,1.0,47.32222,6599.16667,6.71111,20.71111,6.77778,2.88889,1.0,15.28889,7.55556,21.85556,291.93333,67_6
395.32222,298.66667,107.74444,35.75556,1107.45556,341.11111,1.0,1.79259,46.43333,6446.94444,6.37778,37.6,11.88889,4.0,1.0,19.28889,7.66667,19.85556,282.6,67_7
390.76667,233.22222,98.74444,17.28148,1041.45556,71.88889,1.0,3.37778,47.76667,6305.61111,8.04444,26.48889,11.0,1.88889,1.0,22.84444,2.88889,24.41111,299.48889,67_8
384.1,240.11111,90.18889,25.42222,964.34444,386.22222,1.0,1.79259,38.98889,6168.94444,5.71111,40.26667,5.11111,3.44444,1.0,18.57037,12.55556,22.3,235.6,67_9
1251.83333,114.51111,118.44444,66.22222,1491.13333,6.88889,1.0,1.0,109.51111,1333.53333,2.0,38.44444,71.0,3.22222,8.0,2.11111,1.0,2.34444,14.33333,92vA_0
1442.05556,150.84444,116.44444,66.22222,1284.57778,5.0,1.0,2.11111,131.84444,1291.53333,1.33333,45.55556,89.22222,1.66667,5.53333,2.11111,2.88889,5.24444,19.0,92vA_1
1421.05556,102.17778,102.33333,23.8,1497.8,2.88889,1.0,2.11111,123.4,1222.86667,1.55556,29.77778,66.22222,2.33333,11.33333,2.44444,2.88889,1.9,13.22222,92vA_2
1326.5,106.28889,120.55556,80.93333,1436.46667,11.0,1.0,2.11111,127.06667,1175.86667,2.22222,40.55556,77.77778,2.55556,3.95556,1.0,1.0,3.16296,16.88889,92vA_3
1425.38889,148.62222,102.55556,63.66667,1522.24444,9.11111,1.0,1.0,138.4,1128.86667,2.0,36.0,74.44444,2.22222,14.57778,3.22222,1.0,4.23333,14.0,92vA_4
1379.16667,129.4,119.55556,41.17778,1474.68889,4.77778,1.1037,1.0,134.4,1113.2,2.55556,33.66667,78.88889,3.0,8.86667,3.44444,1.0,2.94074,18.66667,92vA_5
1453.38889,131.62222,123.11111,89.55556,1675.35556,13.0,1.0,4.33333,136.73333,1071.42222,2.33333,49.66667,76.22222,2.77778,7.31111,2.11111,1.88889,2.4963,18.0,92vA_6
1315.5,129.51111,98.0,66.64444,1375.13333,9.0,1.0,1.0,122.28889,1034.86667,1.55556,39.22222,82.77778,2.55556,15.26667,1.66667,1.0,2.34444,11.33333,92vA_7
1340.72222,92.28889,113.33333,22.86667,1288.91111,5.0,1.0,1.0,128.73333,1024.42222,1.44444,32.55556,82.44444,2.11111,5.53333,1.77778,2.77778,4.17407,15.11111,92vA_8
1297.27778,134.4,105.44444,91.57778,1415.13333,68.44444,1.0,5.44444,133.51111,987.86667,2.11111,36.0,77.66667,1.44444,11.91111,1.33333,2.88889,4.98148,17.88889,92vA_9
6936.7,2347.95556,2246.75556,852.9037,25097.11111,19.11111,1.55556,1.0,4522.73333,24253.93333,66.33333,518.22222,3462.22222,62.11111,479.28889,15.11111,33.77778,91.88889,344.0,92vB_0
7073.36667,3051.73333,2174.31111,1108.26667,30577.88889,10.66667,1.11111,5.44444,5002.84444,22423.04444,67.11111,424.33333,3434.11111,52.77778,443.84444,21.77778,18.22222,105.88889,321.22222,92vB_1
7212.14444,2805.06667,2101.2,457.87407,14635.44444,6.88889,1.11111,4.33333,4980.28889,20551.26667,65.33333,413.44444,3060.55556,48.77778,393.51111,23.88889,6.55556,80.0,317.0,92vB_2
6935.14444,2449.06667,1937.53333,622.93333,13621.88889,1.0,1.0,2.11111,4424.17778,20062.48889,59.88889,418.22222,3025.77778,41.0,390.84444,18.0,18.33333,82.77778,308.66667,92vB_3
6563.92222,2531.95556,1991.64444,909.48889,17339.44444,18.77778,1.0,1.0,4441.62222,19699.93333,57.44444,400.55556,2896.55556,62.44444,356.06667,20.22222,8.55556,108.77778,290.11111,92vB_4
7362.36667,2685.62222,1928.86667,290.34815,13671.88889,8.77778,1.0,3.22222,4618.4,19195.04444,54.22222,426.44444,2566.33333,41.0,415.06667,20.22222,10.44444,77.0,289.55556,92vB_5
7491.47778,2658.51111,1960.97778,267.23704,16445.11111,10.66667,1.22222,2.11111,4541.51111,18711.48889,58.33333,375.55556,2614.66667,31.44444,388.95556,20.22222,13.44444,67.0,307.0,92vB_6
6609.7,2469.17778,1727.75556,692.82222,16338.88889,8.77778,1.0,1.0,3916.51111,18537.93333,60.77778,344.55556,2171.55556,38.66667,342.95556,9.22222,11.55556,75.11111,275.0,92vB_7
7445.14444,2618.84444,1907.97778,200.12593,12924.88889,9.0,1.11111,2.11111,4321.4,18259.71111,56.77778,375.66667,2378.22222,36.66667,357.73333,23.11111,13.55556,73.0,308.0,92vB_8
6723.7,2196.17778,1721.53333,385.71111,11726.77778,6.88889,1.0,3.22222,3938.17778,17828.82222,48.0,350.33333,2279.22222,30.22222,318.84444,18.0,11.33333,55.44444,275.11111,92vB_9
2093.92222,241.62222,181.37778,137.6,2855.06667,33.11111,1.0,2.02963,68.84444,1971.22222,3.44444,75.44444,114.77778,7.0,15.02222,10.0,5.66667,8.0,32.88889,92vC_0
1977.36667,226.28889,167.6,89.10741,2609.06667,131.88889,1.0,2.02963,67.17778,1808.66667,2.33333,78.0,101.66667,5.55556,8.4,8.33333,2.88889,9.88889,24.55556,92vC_1
1939.03333,171.84444,134.48889,122.15556,2484.62222,49.44444,1.0,2.02963,70.17778,1724.66667,2.11111,89.0,125.11111,2.22222,14.28889,2.11111,2.77778,18.0,22.55556,92vC_2
1894.58889,220.28889,147.71111,274.94815,2522.84444,55.88889,1.22222,2.02963,71.06667,1698.0,2.55556,78.55556,122.66667,5.0,12.73333,3.66667,2.88889,23.33333,22.44444,92vC_3
1727.47778,132.51111,92.15556,73.94815,2443.51111,55.77778,1.0,1.0,63.62222,1635.33333,1.77778,85.33333,93.66667,4.0,8.91111,5.88889,2.88889,8.11111,17.77778,92vC_4
1899.36667,206.4,150.26667,64.87037,3024.95556,61.77778,1.0,1.0,59.95556,1604.0,2.11111,91.11111,99.33333,4.11111,11.06667,6.22222,1.88889,17.77778,26.77778,92vC_5
1773.47778,183.95556,118.26667,168.88519,2837.4,51.77778,1.11111,1.0,61.84444,1604.0,1.33333,84.0,97.88889,4.22222,10.06667,3.88889,1.88889,15.55556,19.66667,92vC_6
1660.7,142.51111,153.82222,26.6,2412.28889,70.22222,1.0,1.0,64.06667,1546.44444,1.33333,77.88889,82.55556,4.0,9.02222,3.55556,1.0,13.0,15.33333,92vC_7
1575.58889,170.95556,194.37778,117.44074,2228.62222,62.0,1.0,3.05926,62.17778,1509.0,1.55556,78.77778,83.33333,3.55556,12.88889,6.33333,1.88889,7.0,18.44444,92vC_8
1870.14444,181.95556,71.82222,132.9963,2749.51111,66.11111,1.22222,1.0,63.06667,1498.55556,1.33333,82.88889,95.33333,3.22222,13.0,2.11111,1.0,15.0,9.77778,92vC_9
1932.45556,329.61111,340.88889,118.18148,2998.43333,5.0,1.0,1.0,395.45556,10581.75556,7.55556,561.55556,682.88889,14.11111,78.17778,38.37778,3.77778,29.71111,65.66667,92vD_0
2253.23333,313.5,308.44444,89.01852,3365.32222,9.0,1.11111,1.0,352.56667,9448.42222,6.66667,518.33333,736.22222,15.0,67.84444,36.08889,3.77778,27.71111,50.88889,92vD_1
1894.56667,294.27778,303.44444,150.54074,2900.32222,2.88889,1.0,1.0,329.56667,8902.31111,6.66667,489.44444,696.77778,9.77778,68.73333,27.82222,2.88889,23.04444,49.33333,92vD_2
1583.34444,267.94444,324.33333,56.43704,2622.98889,13.11111,1.0,1.95185,274.56667,8618.75556,5.77778,489.0,458.22222,13.33333,48.51111,25.37778,8.44444,22.97778,63.0,92vD_3
1823.45556,272.94444,317.0,64.21481,3051.1,1.0,1.0,3.06296,298.01111,8214.75556,7.77778,470.22222,418.77778,13.11111,49.51111,24.26667,5.66667,22.48889,54.77778,92vD_4
1720.56667,227.61111,272.22222,152.34444,2531.32222,15.0,1.11111,1.95185,245.34444,8009.97778,7.22222,429.0,376.77778,9.88889,30.68889,16.42222,2.88889,14.04444,55.22222,92vD_5
1895.34444,269.05556,271.88889,89.73704,2794.32222,6.88889,1.0,1.95185,255.01111,7779.2,7.11111,420.55556,444.55556,7.44444,44.4,29.26667,2.88889,16.93333,52.22222,92vD_6
1719.67778,253.83333,284.22222,127.54074,2798.54444,6.88889,1.22222,1.0,248.45556,7312.08889,5.22222,437.33333,387.44444,9.44444,45.28889,21.82222,3.77778,20.48889,56.88889,92vD_7
1743.67778,245.83333,280.0,178.26667,2555.21111,27.22222,1.0,1.95185,245.12222,6813.64444,4.33333,407.55556,344.11111,6.66667,33.95556,21.48889,2.88889,19.08889,60.66667,92vD_8
1845.45556,251.83333,239.44444,132.7963,2727.98889,18.77778,1.0,1.95185,211.01111,6645.64444,4.22222,355.44444,400.66667,11.77778,34.84444,24.6,1.88889,18.04444,44.66667,92vD_9
2026.65556,259.84444,61.83333,230.68889,9138.88889,1393.8,1.0,5.07778,14.62222,5367.95556,1.48148,17.88889,3.51852,4.22222,1.0,3.04444,7.26667,1.0,24.57778,93_0
2094.98889,192.17778,62.38889,243.57778,9322.77778,1702.24444,1.0,5.07778,17.62222,4035.51111,1.09259,15.33333,2.24444,2.22222,1.0,5.11111,6.26667,1.60741,25.24444,93_1
2135.1,186.06667,68.16667,290.02222,10597.11111,672.46667,1.0,1.98889,14.28889,3663.62222,1.09259,14.55556,2.08148,3.66667,1.0,7.84444,1.75556,2.65926,38.57778,93_2
2030.54444,159.84444,58.16667,197.35556,8887.66667,1188.35556,1.0,6.06667,9.17778,2986.95556,1.2963,22.88889,3.60741,3.33333,1.0,5.84444,2.51111,1.0,24.91111,93_3
1823.98889,111.28889,45.27778,241.02222,8220.11111,1106.13333,1.1037,11.61111,8.51111,2321.28889,1.0,17.55556,3.85185,2.66667,1.77778,3.33333,1.0,3.6,18.3037,93_4
1584.65556,94.06667,43.83333,225.57778,7101.44444,859.68889,1.0,6.18889,8.06667,1969.95556,1.0,11.22222,3.32593,3.33333,2.66667,1.57778,2.75556,2.65926,18.74815,93_5
1581.54444,104.4,50.38889,217.8,7399.11111,637.68889,1.0,6.65556,8.17778,1818.06667,1.0,15.33333,2.88148,2.88889,1.0,5.84444,2.75556,3.71111,33.68889,93_6
1555.87778,128.62222,63.83333,176.57778,7501.66667,826.57778,1.0,9.27778,9.17778,1581.73333,1.0,11.66667,6.01481,2.55556,1.0,2.46667,2.51111,7.48148,31.35556,93_7
1276.87778,75.06667,44.27778,155.8,5833.88889,471.48889,1.0,7.3,3.73333,1351.28889,1.0,11.0,3.51852,1.77778,1.0,3.04444,1.0,1.88148,13.3037,93_8
1085.76667,68.95556,38.16667,131.1037,5158.66667,495.91111,1.0,6.06667,3.84444,1209.51111,1.0,8.88889,4.93333,1.88889,1.0,2.46667,1.0,1.0,7.75556,93_9
865.21111,4793.55556,275.14444,2295.5,5042.43333,82.33333,1.0,5.44444,456.18889,77413.14444,206.12222,248.15556,46.4,3.44444,1.0,4.06667,5.66667,3.90741,34.37778,A1_0
863.76667,4615.44444,255.92222,2117.5,4923.21111,76.22222,1.0,2.11111,469.63333,70627.58889,187.9,256.37778,38.84444,4.22222,1.0,6.84444,2.77778,5.67037,38.93333,A1_1
824.21111,4529.33333,225.03333,2207.94444,4790.21111,172.77778,1.0,2.11111,471.07778,62423.47778,193.56667,217.48889,40.95556,3.77778,1.0,4.66667,2.77778,4.35185,55.93333,A1_2
742.76667,4492.66667,271.03333,2019.5,3691.1,61.55556,1.11111,2.11111,468.63333,57834.58889,201.34444,251.15556,30.4,2.55556,1.71852,3.46667,2.77778,3.14444,52.04444,A1_3
647.54444,3985.11111,230.14444,1710.16667,3807.32222,150.22222,1.0,2.11111,374.3,55144.92222,164.9,223.15556,30.20741,2.88889,1.0,1.28889,2.77778,4.63704,40.48889,A1_4
701.21111,4283.11111,241.03333,2138.5,3524.65556,76.0,1.11111,2.11111,418.96667,53154.92222,176.67778,211.04444,42.95556,3.11111,2.43704,7.13333,14.22222,4.24074,33.15556,A1_5
715.76667,4355.77778,176.14444,1841.38889,4227.76667,121.44444,1.0,1.0,390.96667,50907.81111,164.67778,193.6,28.51111,3.44444,1.0,3.48889,9.66667,5.4,29.26667,A1_6
795.21111,4720.66667,172.92222,2135.61111,4174.1,90.44444,1.0,3.22222,465.07778,48508.14444,182.56667,174.04444,34.4,3.55556,1.0,5.22222,2.77778,5.0037,33.93333,A1_7
703.54444,3961.55556,164.14444,1836.38889,3527.87778,207.44444,1.11111,1.0,348.18889,46622.47778,154.45556,187.15556,33.4,2.44444,1.0,12.28889,1.88889,3.19259,27.04444,A1_8
752.21111,4695.33333,187.58889,2323.94444,3552.54444,182.88889,1.22222,2.11111,428.74444,44819.92222,179.34444,153.04444,42.62222,2.55556,1.0,3.48889,1.88889,4.0037,19.93333,A1_9
18110.84444,512.88889,656.11111,299.66667,29897.86667,33.44444,1.88889,13.22222,167.66667,64551.98889,1.42222,9656.22222,29.3,88.88889,1.0,80.06667,120.77778,154.93333,919.26667,A10_0
16902.4,455.22222,644.33333,214.55556,28116.08889,29.33333,1.77778,4.33333,156.44444,62250.54444,1.1037,9064.33333,29.18889,92.22222,1.77778,71.95556,155.33333,136.04444,874.71111,A10_1
16523.17778,450.11111,602.0,217.22222,27652.97778,43.77778,2.55556,5.44444,146.22222,59157.1,1.31111,8586.22222,33.52222,84.55556,1.77778,74.84444,90.0,111.37778,863.04444,A10_2
15465.73333,469.33333,601.55556,191.22222,25802.42222,21.0,2.11111,6.55556,138.33333,53514.1,1.1037,8067.22222,35.52222,73.77778,1.0,61.28889,95.88889,108.48889,772.71111,A10_3
14345.73333,427.0,527.66667,182.33333,23676.75556,22.88889,1.11111,7.66667,132.55556,49546.54444,1.1037,7397.88889,23.74444,69.22222,1.0,53.84444,101.0,94.6,675.04444,A10_4
13394.51111,376.55556,523.55556,224.77778,22170.86667,29.0,1.0,7.66667,126.11111,46633.87778,1.1037,6795.55556,26.85556,59.66667,1.0,48.84444,77.11111,75.71111,638.6,A10_5
12766.95556,396.77778,511.11111,193.77778,21629.97778,8.88889,1.66667,3.22222,110.88889,43704.98889,1.42963,6364.66667,29.22963,61.44444,1.0,62.17778,68.33333,86.82222,790.71111,A10_6
12618.06667,446.11111,561.66667,260.77778,22285.97778,24.66667,1.11111,3.22222,128.33333,41472.98889,1.1037,6012.66667,31.74444,57.88889,1.0,67.51111,69.22222,86.71111,719.71111,A10_7
12464.62222,477.55556,553.88889,211.66667,22022.64444,8.77778,1.22222,4.33333,108.77778,40181.21111,1.54074,6018.77778,34.3,56.44444,1.0,50.73333,68.22222,77.82222,865.15556,A10_8
12139.95556,583.33333,605.44444,291.77778,21585.86667,21.0,1.66667,3.22222,115.22222,38852.76667,2.2963,5544.55556,36.52222,56.66667,1.0,53.51111,62.44444,64.93333,871.15556,A10_9
792.44444,2042.81111,145.56667,554.21111,2266.68889,2.88889,1.0,2.11111,223.81111,19781.96667,16.67778,22.33333,25.66667,4.22222,1.0,7.42222,12.44444,20.16667,26.44444,A11_0
841.77778,2223.92222,137.12222,636.65556,2235.8,9.11111,1.0,4.33333,222.7,17674.74444,15.9,14.33333,33.77778,3.66667,1.0,4.48889,14.22222,16.27778,24.44444,A11_1
842.77778,1820.7,150.34444,536.1,1850.35556,42.0,1.0,2.11111,195.47778,16823.41111,11.23333,17.88889,33.55556,3.88889,1.0,10.35556,20.11111,16.27778,22.22222,A11_2
830.22222,2006.47778,151.78889,633.98889,1978.91111,13.0,1.0,5.44444,211.03333,16255.63333,13.01111,13.22222,28.77778,3.0,1.77778,8.28889,10.66667,18.83333,23.55556,A11_3
828.88889,2005.58889,147.56667,564.43333,1771.57778,1.0,1.0,1.0,192.81111,15499.3,14.67778,9.88889,38.22222,2.22222,1.0,4.22222,17.22222,19.18519,30.44444,A11_4
815.66667,1876.36667,156.12222,597.98889,1914.91111,99.33333,1.0,7.66667,190.14444,15063.07778,10.01111,11.11111,28.0,4.22222,1.77778,9.48889,15.44444,13.31481,18.88889,A11_5
756.55556,1704.36667,154.45556,554.32222,1849.35556,12.88889,1.11111,5.44444,208.14444,14717.07778,13.01111,12.66667,24.22222,4.88889,1.0,4.62222,6.66667,18.2963,23.44444,A11_6
845.11111,2137.03333,127.01111,639.32222,1856.68889,39.66667,1.0,5.44444,207.7,14406.63333,15.78889,10.88889,31.22222,3.66667,2.66667,3.77778,5.66667,15.27778,39.55556,A11_7
762.11111,2291.47778,113.12222,572.21111,1667.35556,2.88889,1.0,2.11111,212.81111,14012.63333,12.9,9.0,29.44444,2.44444,1.0,10.22222,1.0,15.5,19.77778,A11_8
778.11111,1776.03333,152.01111,481.87778,1732.35556,27.22222,1.0,1.0,160.92222,13587.3,14.9,11.55556,28.22222,3.11111,1.0,7.13333,6.55556,17.61111,22.88889,A11_9
349.3,375.33333,145.55556,164.41111,1588.5,1.0,1.1037,5.95556,65.9,10562.65556,3.6,13.04444,5.61481,1.55556,1.77778,5.34815,4.77778,5.0,19.8,A12_0
348.74444,444.33333,119.33333,226.18889,1119.72222,1.0,1.0,1.0,67.01111,8882.98889,3.4963,10.6,11.22963,1.44444,1.0,4.6,7.55556,10.77778,12.82222,A12_1
387.07778,374.44444,119.77778,177.97037,1416.27778,2.48519,1.0,1.0,65.78889,8027.43333,2.62963,8.26667,9.15926,2.33333,1.0,3.24444,10.55556,3.92593,11.8,A12_2
396.18889,370.33333,122.77778,228.96667,1154.05556,8.19259,1.0,1.91111,72.23333,7549.76667,2.4963,9.71111,13.18889,1.22222,1.77778,3.24444,17.33333,6.22222,10.02222,A12_3
401.3,338.11111,140.22222,219.08148,1007.61111,77.97037,1.0,3.02222,65.12222,7271.76667,2.2963,14.37778,11.96667,3.22222,1.0,7.18519,13.22222,3.88889,6.91111,A12_4
440.07778,307.77778,144.44444,141.41111,933.38889,1.0,1.20741,1.0,63.34444,6867.76667,1.74074,14.35556,4.72593,1.33333,1.0,4.6,10.44444,5.2963,8.46667,A12_5
404.96667,274.55556,136.77778,161.96667,860.16667,43.08148,1.0,2.82222,61.67778,6642.21111,1.83704,11.26667,13.15926,1.11111,1.77778,5.57778,20.33333,4.18519,11.91111,A12_6
458.41111,266.44444,155.22222,110.63704,872.61111,33.37407,1.0,1.91111,62.45556,6385.21111,2.5037,10.8,13.93704,2.11111,1.0,7.18519,23.0,6.33333,10.02222,A12_7
401.52222,259.33333,158.22222,205.85556,832.16667,152.48519,1.0,4.64444,52.9,6217.32222,1.74815,13.68889,8.08889,2.33333,1.0,4.24444,4.88889,3.14815,13.15556,A12_8
429.18889,261.44444,148.44444,115.74815,681.27778,2.48519,1.0,3.02222,56.9,5902.54444,2.07407,10.08889,5.5037,1.88889,1.0,8.93333,9.66667,6.74074,10.82222,A12_9
1013.23333,455.73333,344.74444,234.11111,1949.66667,29.22222,1.0,6.5037,85.04444,16714.86667,2.06667,33.88889,9.22222,6.66667,1.0,8.44444,7.55556,38.91852,43.33333,A13_0
938.9,503.28889,312.52222,296.11111,1931.66667,19.11111,1.0,3.14074,97.71111,16000.2,3.16296,24.55556,12.33333,5.77778,1.0,12.33333,13.22222,17.3037,46.88889,A13_1
849.01111,418.17778,245.07778,265.51852,1655.0,78.55556,1.18519,1.0,78.15556,15134.53333,2.28889,23.77778,7.66667,5.88889,1.0,14.77778,11.44444,12.41481,37.55556,A13_2
922.01111,606.28889,290.85556,285.66667,1758.11111,35.66667,1.09259,1.0,101.82222,14766.31111,2.05926,16.55556,8.22222,5.55556,1.0,11.44444,6.66667,13.19259,49.0,A13_3
960.56667,536.28889,297.3,272.88889,1807.22222,25.0,1.18519,2.02963,92.15556,14455.97778,2.18519,26.44444,13.33333,5.66667,1.0,6.44444,5.77778,14.86667,27.77778,A13_4
934.56667,490.84444,268.74444,239.22222,1705.55556,41.77778,1.0,2.02963,91.6,14067.2,3.06667,15.33333,7.11111,5.33333,1.0,4.66667,5.77778,14.31111,37.0,A13_5
1067.78889,537.4,293.74444,249.55556,1771.33333,6.88889,1.0,2.02963,89.82222,13878.42222,3.28889,26.88889,9.33333,6.44444,1.71852,7.11111,7.55556,14.97778,32.66667,A13_6
976.23333,616.17778,283.07778,290.77778,1683.0,19.0,1.0,3.05926,86.26667,13673.64444,3.60741,16.11111,6.55556,6.11111,1.0,7.66667,5.77778,20.42222,27.88889,A13_7
941.67778,566.73333,283.3,231.33333,1717.11111,8.77778,1.0,1.0,100.26667,13442.42222,2.39259,15.55556,7.11111,3.88889,1.0,9.77778,3.77778,8.25185,45.77778,A13_8
999.67778,485.84444,289.07778,254.66667,1690.33333,31.55556,1.0,3.05926,86.93333,13227.2,2.72593,21.55556,6.66667,5.66667,1.0,5.22222,1.0,12.91852,40.44444,A13_9
3245.44444,3721.06667,315.2,847.02222,6059.16667,1.0,1.0,1.79259,226.33333,32610.2,9.15556,15.37778,17.55556,33.44444,1.0,17.57778,10.33333,6.57778,78.48889,A14_0
3068.0,3307.84444,358.08889,901.24444,5213.72222,2.75556,1.0,3.6963,204.44444,30757.2,7.37778,21.68889,14.22222,26.33333,1.0,19.08148,4.77778,4.97778,57.48889,A14_1
2994.77778,3378.62222,338.86667,831.46667,4597.83333,94.57778,1.11111,2.58519,201.77778,29051.2,7.71111,25.24444,15.11111,12.44444,1.0,21.68889,3.77778,8.2,45.93333,A14_2
3155.44444,3045.06667,398.31111,681.91111,4502.83333,101.06667,1.44444,1.79259,200.44444,27898.42222,6.04444,19.91111,14.66667,11.0,1.0,27.57778,7.44444,10.08889,41.71111,A14_3
2669.44444,3358.4,251.97778,754.24444,4038.94444,4.86667,1.11111,6.39259,204.44444,27004.2,6.71111,23.8,19.22222,12.0,1.0,22.19259,1.0,7.42222,44.04444,A14_4
2785.66667,3117.62222,308.75556,720.8,4417.16667,109.28889,1.0,1.79259,200.0,26393.08889,7.71111,15.4,11.77778,16.0,1.0,16.36296,3.77778,5.06667,54.48889,A14_5
2832.11111,2786.95556,338.97778,630.24444,4097.5,8.62222,1.0,5.28148,179.22222,25903.97778,6.71111,23.35556,8.33333,13.0,1.0,25.3037,3.77778,9.53333,38.15556,A14_6
2897.55556,2690.84444,403.31111,681.91111,4346.83333,6.86667,1.0,2.9037,183.22222,25551.42222,7.37778,16.91111,10.88889,14.55556,1.0,11.3037,5.55556,8.8,45.04444,A14_7
2915.77778,3319.17778,351.31111,728.35556,4328.83333,27.95556,1.0,4.80741,199.22222,25178.08889,7.93333,17.93333,21.88889,10.44444,1.0,18.8,1.0,10.91111,37.71111,A14_8
2815.88889,3001.28889,322.97778,803.13333,4178.72222,57.22222,1.22222,1.79259,197.88889,24946.2,8.71111,21.82222,15.44444,11.77778,1.0,16.19259,4.55556,8.2,34.71111,A14_9
2128.9,244.13333,241.32222,134.62222,2430.08889,185.11111,1.55556,175.4,65.14444,961.81111,1.1037,35.8,32.55556,7.0,1.0,4.59259,5.28889,9.37778,16576.07778,A15_0
2207.9,280.35556,394.98889,137.17778,2294.64444,581.44444,1.44444,190.86667,73.7,888.03333,1.1037,38.35556,27.55556,5.0,1.0,11.2963,20.82222,12.37778,19578.74444,A15_1
2480.01111,253.13333,208.32222,108.84444,2788.64444,394.44444,1.22222,186.2,83.47778,830.58889,1.0,40.35556,17.33333,7.0,1.0,7.68519,54.91111,16.65926,16776.96667,A15_2
2163.9,203.57778,259.98889,132.17778,2354.64444,320.77778,1.0,190.97778,70.14444,794.03333,1.31111,40.02222,25.55556,7.77778,1.0,5.09259,9.46667,20.43704,16693.3,A15_3
2258.9,217.57778,153.43333,120.76296,2394.97778,222.0,1.44444,172.73333,67.7,767.92222,1.0,37.57778,27.88889,6.44444,1.0,6.35185,12.17778,1.0,14644.18889,A15_4
1788.23333,185.46667,228.21111,114.06667,2039.31111,242.55556,1.11111,215.64444,58.25556,705.25556,1.0,28.8,18.33333,8.0,1.65926,9.31481,155.66667,10.98519,15636.07778,A15_5
2088.34444,208.68889,265.54444,142.51111,2235.64444,213.66667,1.44444,174.64444,54.81111,700.03333,1.0,36.46667,21.55556,11.44444,1.0,7.11111,16.75556,3.82222,16390.74444,A15_6
1950.67778,228.68889,306.76667,114.34815,2208.2,263.0,1.22222,162.86667,62.47778,689.58889,1.0,37.13333,16.44444,6.44444,1.0,8.42593,8.46667,11.87407,19268.18889,A15_7
2264.67778,244.02222,195.65556,93.9037,2433.75556,96.33333,1.0,131.42222,71.47778,653.03333,1.0,30.24444,22.22222,3.22222,1.65926,7.55556,7.28889,2.88148,13285.41111,A15_8
2250.9,186.46667,170.21111,82.0963,2465.53333,242.66667,1.44444,139.53333,69.7,615.7,1.0,36.91111,17.66667,6.0,1.65926,6.03704,11.75556,5.27407,11979.52222,A15_9
2787.95556,890.64444,196.16667,180.28889,7137.77778,123.66667,1.64444,1078.38889,124.48889,1392.02222,1.4,108.15556,65.4,8.78889,1.0,11.01481,22.82222,20.05926,275.08889,A16_0
2460.73333,743.08889,195.16667,161.95556,6175.77778,17.22222,1.84444,1162.38889,110.71111,1298.02222,1.2,109.15556,53.51111,8.02222,1.0,10.87407,23.88889,10.84444,250.64444,A16_1
2318.06667,725.97778,189.16667,162.06667,6128.11111,43.44444,2.06667,1226.94444,106.6,1240.13333,1.42222,110.15556,43.51111,6.02222,2.66667,6.37778,26.82222,12.08148,278.31111,A16_2
2397.84444,747.31111,191.5,167.17778,6283.22222,107.33333,1.94815,1171.94444,112.93333,1187.35556,1.31111,119.6,56.17778,7.78889,1.0,9.37778,33.24444,10.75556,248.53333,A16_3
2695.06667,691.64444,203.94444,146.62222,6772.77778,99.11111,1.85185,1248.05556,106.26667,1119.46667,1.61111,101.93333,54.4,8.91111,1.77778,6.62963,29.28889,17.39259,252.53333,A16_4
2180.84444,698.64444,186.5,154.4,5633.44444,15.11111,1.53333,971.72222,99.15556,1093.35556,1.5,76.6,49.95556,8.67778,1.0,7.18519,28.53333,15.41481,216.75556,A16_5
2424.06667,752.31111,168.16667,185.4,6163.11111,31.44444,2.06667,1010.27778,113.82222,1030.68889,1.63333,101.26667,53.95556,6.56667,1.0,12.65185,17.75556,13.07407,240.53333,A16_6
2493.28889,656.42222,168.38889,146.73333,6098.77778,191.66667,1.87407,1059.72222,118.15556,1025.46667,1.64444,96.93333,57.17778,6.13333,1.0,6.04444,23.46667,13.85185,227.08889,A16_7
2124.06667,652.31111,169.61111,117.39259,5322.66667,66.44444,1.74074,885.16667,100.37778,973.13333,1.4,97.26667,45.76296,5.34444,1.77778,7.04444,26.77778,13.40741,233.53333,A16_8
2058.62222,580.75556,196.16667,167.28889,5036.55556,33.66667,2.08148,764.72222,107.26667,930.46667,1.72222,83.6,62.28889,5.01111,2.55556,8.23704,15.82222,15.62963,205.97778,A16_9
3892.4,645.88889,402.11111,172.95556,8317.76667,22.88889,1.64444,9.23704,54.75556,19287.1,25.97778,241.04444,14.88889,15.0,1.0,9.81481,5.64444,10.25926,131.81111,A17_0
3825.17778,695.44444,383.66667,260.62222,8027.54444,41.33333,1.1037,8.91111,58.64444,18183.76667,28.53333,161.26667,15.22222,16.44444,1.0,5.2963,17.57778,9.51852,116.14444,A17_1
3779.84444,613.77778,384.33333,238.12593,8530.43333,96.77778,1.1037,5.11852,57.53333,17568.65556,24.08889,157.04444,20.33333,13.88889,1.0,5.07407,8.11111,7.40741,122.47778,A17_2
3490.06667,551.11111,341.22222,227.28889,7923.98889,142.11111,1.20741,9.51111,54.08889,17121.65556,20.08889,116.04444,14.44444,22.33333,1.0,5.66667,13.11111,13.48148,131.36667,A17_3
3630.51111,624.88889,371.55556,229.73333,8117.65556,92.77778,1.20741,8.4,66.42222,16622.76667,24.2,174.93333,21.66667,15.88889,1.0,5.2963,6.46667,15.37037,137.7,A17_4
3810.28889,836.0,451.44444,278.73333,8011.32222,13.22222,1.20741,6.06667,71.64444,16081.98889,33.08889,128.04444,22.44444,12.55556,1.0,5.22222,13.11111,19.11111,134.92222,A17_5
3515.73333,669.22222,408.22222,173.42963,7307.65556,18.88889,1.1037,1.0,73.2,15671.98889,27.2,141.48889,22.88889,18.11111,1.0,4.77778,10.93333,11.81481,128.25556,A17_6
3635.84444,630.88889,392.33333,268.4,7777.43333,47.44444,1.20741,3.05926,65.2,15272.65556,25.42222,137.26667,17.11111,16.33333,1.0,9.62963,4.46667,9.77778,118.25556,A17_7
3466.28889,604.55556,346.22222,260.98519,7408.21111,39.55556,1.1037,6.06667,61.08889,15020.43333,23.08889,98.93333,18.11111,12.77778,1.0,6.81481,13.0,7.2963,109.14444,A17_8
3608.51111,668.33333,417.55556,260.73333,7847.21111,28.88889,1.31111,6.06667,68.31111,14621.54444,25.42222,113.15556,21.11111,16.44444,1.0,8.62963,10.11111,8.33333,131.81111,A17_9
3371.35556,2051.44444,579.47778,545.9,6948.05556,43.33333,1.5,4.4963,150.1,18248.72222,18.9,39.55556,55.66667,42.68889,4.22222,74.55556,11.05556,14.73333,279.57778,A18_0
3083.68889,1984.66667,546.25556,522.56667,7054.16667,78.44444,1.23333,6.71852,160.21111,17817.94444,16.56667,42.0,53.33333,44.46667,1.77778,76.22222,10.61111,14.21111,312.68889,A18_1
3102.46667,1913.88889,576.58889,468.34444,6682.16667,17.0,1.18889,5.84444,164.43333,17450.05556,18.78889,32.11111,64.44444,41.68889,1.77778,79.66667,19.5,16.76667,290.35556,A18_2
3118.24444,2055.44444,547.03333,517.34444,6991.27778,158.55556,1.26667,5.84444,150.54444,17092.61111,16.56667,46.22222,69.66667,42.46667,1.77778,69.0,5.16667,16.43333,295.13333,A18_3
3139.13333,2010.88889,617.25556,550.9,7152.16667,82.22222,1.42222,10.16296,171.65556,16792.94444,14.45556,46.22222,53.77778,42.8,1.77778,72.77778,13.05556,15.92222,289.8,A18_4
2919.24444,1839.11111,556.92222,471.12222,6447.16667,43.22222,1.57778,5.08148,149.98889,16467.27778,16.34444,31.11111,56.11111,36.02222,1.0,61.66667,8.61111,19.06667,301.91111,A18_5
3199.46667,1916.88889,629.58889,458.12222,6612.16667,23.11111,1.45556,4.73333,176.32222,16236.27778,15.12222,37.33333,67.66667,40.8,2.55556,69.0,9.61111,18.51111,330.57778,A18_6
3015.68889,1672.44444,563.58889,393.45556,6304.27778,88.66667,1.38889,5.84444,150.21111,16004.83333,14.12222,35.33333,47.0,39.91111,1.0,66.88889,14.5,14.62222,283.68889,A18_7
2781.13333,2024.11111,497.14444,507.23333,6559.72222,156.33333,1.23333,2.98519,148.1,15800.05556,15.34444,39.55556,61.0,33.8,1.77778,60.44444,11.88889,9.35556,295.02222,A18_8
3053.8,1782.55556,583.36667,424.67778,6337.05556,23.22222,1.98889,4.20741,166.21111,15574.5,15.67778,41.33333,53.77778,37.24444,1.77778,69.22222,16.94444,15.76667,293.02222,A18_9
1122.81111,1840.4,232.23333,708.72222,14523.97778,53.33333,1.18519,4.25185,395.82222,17082.78889,17.44444,349.33333,528.58889,35.26667,1.0,17.6,10.55556,144.05556,101.27778,A19_0
1191.25556,1973.95556,226.45556,734.61111,15035.42222,265.22222,1.09259,9.64444,377.82222,16694.12222,15.88889,501.22222,479.81111,45.6,1.0,26.6,15.44444,134.16667,93.94444,A19_1
1095.25556,1710.17778,197.45556,708.83333,13993.2,248.77778,1.0,5.36296,381.82222,16274.23333,16.77778,416.44444,468.81111,41.71111,2.55556,19.05185,13.55556,187.5,85.72222,A19_2
1079.81111,1870.73333,200.34444,755.16667,14384.64444,277.33333,1.09259,5.32222,385.04444,15827.34444,19.0,422.55556,505.7,39.71111,1.0,23.04444,12.44444,121.94444,90.83333,A19_3
1097.14444,1818.17778,203.01111,711.38889,13704.2,186.77778,1.40741,7.5037,391.04444,15559.67778,19.66667,377.22222,483.47778,35.6,1.0,24.37778,5.66667,102.61111,86.72222,A19_4
1055.92222,1851.4,209.45556,734.61111,13713.97778,178.77778,1.0,8.57407,381.93333,15291.45556,17.88889,432.88889,533.7,35.04444,4.22222,28.04444,15.11111,106.27778,80.72222,A19_5
1149.36667,1737.4,185.45556,690.72222,13927.42222,252.77778,1.0,6.43333,380.04444,15034.01111,16.88889,510.33333,483.58889,40.37778,1.0,29.37778,14.33333,100.94444,77.05556,A19_6
1123.58889,1868.84444,180.78889,739.72222,13437.75556,339.0,1.09259,5.36296,377.48889,14787.34444,18.77778,534.44444,491.47778,39.93333,2.55556,35.71111,17.22222,92.5,76.72222,A19_7
990.92222,1627.28889,176.34444,636.61111,12406.86667,184.88889,1.0,4.25185,348.15556,14629.9,15.66667,342.44444,438.14444,34.71111,1.0,23.4963,18.33333,75.27778,93.38889,A19_8
1137.81111,1671.62222,184.01111,711.5,13300.97778,166.55556,1.0,6.43333,346.71111,14409.23333,13.55556,486.55556,451.58889,30.71111,2.66667,30.26667,22.22222,128.05556,64.83333,A19_9
2862.7,923.35556,601.52222,668.86667,2513.68889,254.77778,1.0,4.33333,226.44444,24428.38889,38.04444,44.48889,6.55556,13.37778,1.0,4.0,1.0,1.68889,40.64444,A2_0
2611.25556,827.68889,580.3,547.75556,3295.24444,176.66667,1.0,1.0,220.33333,22919.16667,37.71111,33.82222,7.55556,16.82222,1.0,8.77778,1.0,1.36296,35.75556,A2_1
2827.7,911.46667,593.52222,552.86667,2711.68889,82.33333,1.0,6.66667,237.66667,22345.5,30.93333,35.6,4.88889,17.15556,1.0,3.88889,1.88889,1.01481,37.31111,A2_2
2694.81111,927.57778,559.18889,594.2,2620.24444,452.0,1.11111,3.22222,240.44444,21882.72222,33.04444,35.37778,3.66667,12.6,1.0,5.66667,5.55556,2.01852,31.42222,A2_3
2771.25556,904.24444,567.18889,604.53333,2599.68889,137.55556,1.11111,6.55556,228.77778,21493.5,31.26667,42.71111,5.22222,11.93333,1.0,3.33333,1.88889,2.01481,34.53333,A2_4
2757.7,776.02222,569.07778,607.08889,2555.46667,193.22222,1.0,4.33333,222.44444,20878.27778,29.37778,37.26667,7.22222,13.37778,1.0,4.11111,1.88889,1.67407,34.31111,A2_5
2719.36667,921.57778,559.3,607.08889,2616.35556,269.33333,1.0,1.0,233.44444,20415.72222,31.71111,35.26667,7.88889,14.71111,1.0,4.77778,1.0,2.46296,43.08889,A2_6
2739.7,798.13333,590.41111,457.53333,2649.46667,242.55556,1.44444,3.22222,213.11111,20194.94444,26.15556,38.15556,5.33333,16.37778,1.0,3.33333,2.77778,2.02222,29.64444,A2_7
2628.92222,832.8,541.85556,555.42222,2456.8,127.44444,1.11111,2.11111,218.0,19700.94444,31.26667,35.93333,4.77778,11.37778,1.0,5.11111,2.88889,4.24815,28.31111,A2_8
2587.25556,780.13333,531.07778,555.53333,2350.8,100.77778,1.0,1.0,199.44444,19390.61111,26.26667,24.37778,4.66667,12.82222,1.0,8.88889,6.55556,1.68148,21.75556,A2_9
560.58889,342.0,49.81111,233.86667,1308.14444,802.02222,1.0,6.31111,31.56667,1518.02222,4.05185,27.44444,1.27778,2.0,1.0,3.24444,1.0,1.97778,2.22222,A3_0
467.81111,318.77778,46.36667,231.42222,1226.03333,1171.68889,1.0,3.14074,32.23333,1381.46667,4.16296,23.66667,3.11111,1.33333,1.0,2.35556,1.0,2.11111,2.55556,A3_1
729.36667,155.22222,76.03333,159.08889,1570.81111,1397.91111,1.0,5.2,15.56667,1161.57778,2.63704,16.11111,2.77778,1.88889,1.0,1.3037,1.0,2.15556,3.33333,A3_2
668.7,223.0,59.14444,202.97778,1423.58889,1011.68889,1.11111,4.36296,27.9,978.13333,3.62222,22.77778,1.61111,2.0,1.0,2.8,1.0,1.53333,2.44444,A3_3
868.03333,251.33333,87.03333,146.08889,1632.25556,884.24444,1.11111,1.0,10.56667,915.46667,1.42963,13.0,1.83333,2.11111,1.0,3.40741,1.0,1.97778,2.22222,A3_4
757.81111,85.55556,76.14444,140.97778,1520.47778,641.91111,1.0,4.17037,6.67778,820.57778,1.1037,14.66667,1.55556,2.0,1.0,1.91111,1.0,3.04444,1.88889,A3_5
899.03333,73.66667,82.81111,63.3037,1764.36667,769.13333,1.0,5.28148,8.12222,731.68889,1.1037,10.55556,1.55556,2.11111,1.0,2.05185,1.0,1.17778,1.55556,A3_6
889.92222,72.44444,91.58889,110.08889,1643.25556,1447.91111,1.0,2.02963,7.04444,726.46667,1.1037,9.77778,1.61111,3.33333,1.77778,2.4963,1.0,1.53333,1.77778,A3_7
842.7,38.44444,79.14444,63.3037,1507.58889,812.57778,1.11111,5.2,4.48889,684.68889,1.0,5.55556,1.0,2.77778,1.0,1.3037,1.88889,2.51111,2.22222,A3_8
877.03333,75.55556,89.47778,64.6963,1597.36667,816.46667,1.0,4.17037,7.78889,632.46667,1.0,8.55556,1.83333,1.88889,1.0,2.05185,1.88889,2.46667,2.66667,A3_9
2000.06667,46.48889,70.74444,60.38889,3952.14444,1060.22222,1.0,1.91111,4.0037,2155.48889,1.0,16.48889,5.88889,6.77778,2.66667,2.46667,4.26667,2.43704,3.8,A4_0
1852.62222,93.71111,73.63333,61.22222,4956.47778,1702.0,1.0,5.95556,3.17778,1956.6,1.0,10.26667,7.0,6.22222,1.0,3.64444,2.51111,2.05185,2.91111,A4_1
1917.17778,42.02222,80.52222,88.35185,3926.25556,1259.55556,1.0,10.31111,3.28889,1882.82222,1.0,13.26667,3.33333,7.88889,1.0,3.64444,4.51111,3.40741,3.2,A4_2
1966.73333,57.24444,67.52222,115.59259,4058.81111,1319.0,1.07037,3.93333,1.85926,1799.26667,1.33333,13.8,3.77778,4.11111,1.0,3.2,6.02222,1.57778,3.86667,A4_3
1860.95556,48.48889,64.74444,93.94444,4686.14444,1944.11111,1.0,1.91111,3.28889,1783.6,1.22222,16.91111,6.88889,6.11111,1.0,3.75556,1.0,1.77037,2.86667,A4_4
1747.17778,112.68889,64.07778,105.48148,4162.81111,1535.22222,1.0,5.75556,3.82963,1720.37778,1.0,15.35556,2.77778,6.33333,1.0,3.93333,3.51111,1.57778,3.53333,A4_5
1992.95556,28.8,79.52222,119.72222,4896.47778,1428.0,1.0,10.31111,5.27407,1657.26667,1.0,18.57778,5.44444,6.0,1.77778,3.46667,8.77778,1.38519,3.44444,A4_6
1762.06667,40.91111,120.74444,84.81481,4209.14444,1376.66667,1.07037,9.8,2.78148,1599.82222,1.0,12.91111,1.66667,4.33333,1.0,4.93333,7.77778,1.38519,2.28889,A4_7
1773.4,47.02222,70.07778,74.37037,3974.58889,986.0,1.0,7.97778,3.76667,1563.26667,1.0,16.8,4.88889,5.66667,1.0,2.46667,6.02222,2.1037,2.51111,A4_8
1649.95556,38.02222,74.74444,101.61111,4318.7,1352.0,1.0,3.93333,3.44815,1489.15556,1.0,13.28889,2.0,5.55556,1.77778,7.13333,4.02222,2.24444,4.06667,A4_9
786.61111,259.55556,232.77778,31.4,1951.3,1952.11111,1.0,3.48889,62.46667,3645.75556,2.08519,30.88889,6.77778,2.77778,4.22222,10.86667,6.77778,5.33333,22.42222,A5_0
694.38889,183.66667,210.0,31.4,2006.18889,5759.77778,1.11111,5.71111,42.13333,3430.75556,1.53704,47.77778,6.44444,3.44444,2.66667,6.37778,6.26667,1.77778,20.86667,A5_1
741.72222,180.66667,196.77778,36.14815,1886.96667,957.44444,1.22222,4.6,51.13333,3310.31111,1.98519,47.33333,9.88889,3.22222,1.0,14.82222,6.77778,3.0,29.75556,A5_2
730.83333,221.0,206.0,49.65185,2007.41111,3684.88889,1.0,1.82963,38.8,3204.97778,2.31481,22.44444,6.77778,3.66667,1.0,17.46667,3.51111,1.77778,19.2,A5_3
618.38889,232.11111,156.22222,49.65185,1718.74444,2280.11111,1.22222,4.6,33.8,3110.86667,2.41852,45.77778,6.33333,4.11111,1.0,13.37778,2.51111,4.0,24.86667,A5_4
790.94444,246.33333,186.44444,39.79259,2184.96667,2070.11111,1.0,4.16296,45.02222,3032.08889,2.31111,28.44444,4.77778,4.77778,1.0,13.97778,6.77778,4.66667,23.08889,A5_5
753.72222,175.44444,176.88889,34.20741,2094.63333,3721.11111,1.22222,1.0,28.35556,2974.08889,1.32222,30.88889,8.0,4.22222,1.0,6.68889,5.02222,3.55556,17.2,A5_6
787.27778,219.11111,182.44444,44.54074,2172.18889,5002.11111,1.11111,3.77037,27.46667,2906.2,2.41481,31.22222,5.44444,4.88889,1.0,11.46667,8.77778,2.77778,16.64444,A5_7
684.05556,192.88889,183.88889,47.34815,1972.74444,3366.44444,1.11111,2.94074,32.24444,2838.31111,2.09259,33.11111,4.66667,4.66667,1.77778,11.62222,4.26667,2.55556,22.54815,A5_8
737.16667,194.77778,179.22222,57.42963,1871.07778,2232.22222,1.11111,2.94074,46.68889,2817.31111,2.09259,26.55556,7.22222,4.0,1.0,11.2,2.51111,3.0,16.31111,A5_9
963.18889,3023.73333,769.67778,1262.11111,2342.83333,871.0,1.0,2.8963,297.27778,34987.26667,97.61111,115.35556,21.66667,4.24444,1.0,8.37778,3.77778,2.17037,29.22222,A6_0
741.07778,2635.51111,626.78889,1104.77778,1686.38889,735.33333,1.0,3.84444,259.27778,32489.15556,96.61111,81.13333,17.55556,4.03333,1.0,4.68889,5.55556,2.24074,23.0,A6_1
978.3,2773.73333,834.34444,1267.11111,2210.38889,731.22222,1.20741,5.9037,286.16667,30721.37778,92.38889,110.8,18.44444,5.02222,1.0,3.99259,2.77778,2.75556,22.66667,A6_2
862.18889,3043.84444,813.9,1306.0,2283.5,636.77778,1.31111,1.94815,314.72222,28532.15556,111.38889,121.91111,17.88889,4.34444,1.77778,6.18519,9.33333,2.1,24.0,A6_3
906.18889,2800.06667,822.12222,1156.22222,2268.05556,441.77778,1.52593,5.11852,302.16667,26643.37778,107.72222,92.68889,16.88889,5.57778,1.77778,7.34815,9.33333,6.00741,23.77778,A6_4
974.41111,2932.51111,814.56667,1365.33333,2606.38889,671.88889,1.43704,1.94815,306.5,25326.6,114.83333,94.91111,19.22222,4.68889,1.77778,5.79259,19.11111,7.45185,29.55556,A6_5
882.41111,2753.4,838.23333,1213.11111,2240.16667,515.55556,1.1037,7.01481,306.72222,22870.04444,97.5,75.46667,16.11111,4.34444,1.0,9.42963,13.44444,4.2,21.88889,A6_6
924.74444,2606.62222,964.45556,1153.66667,1927.83333,458.33333,1.20741,2.8963,298.61111,21403.37778,100.5,53.02222,18.77778,4.8,1.0,8.79259,7.66667,3.90741,25.66667,A6_7
1024.74444,1906.51111,708.45556,1053.22222,1775.16667,778.55556,1.1037,3.84444,219.72222,20306.15556,66.27778,51.35556,12.33333,5.36667,1.0,12.31852,12.33333,4.11852,29.77778,A6_8
1084.74444,2353.06667,830.78889,1040.11111,1782.16667,961.66667,1.0,4.95556,254.94444,19337.15556,74.16667,66.02222,11.44444,6.56667,1.0,17.4,7.66667,4.6037,27.11111,A6_9
768.34444,181.77778,281.96667,99.24444,1058.0,263.11111,1.0,5.44444,48.43333,4902.55556,4.0,17.66667,5.22222,4.0,1.0,7.48889,7.66667,1.5963,15.95556,A7_0
869.67778,225.0,217.96667,130.78519,1146.66667,495.22222,1.0,3.22222,54.76667,4640.0,5.77778,14.55556,3.0,3.77778,1.0,6.32593,58.11111,2.45556,49.51111,A7_1
813.23333,296.77778,203.85556,122.35556,1202.22222,246.66667,1.0,6.55556,54.32222,4419.55556,4.22222,17.66667,4.77778,3.77778,1.0,6.32593,6.77778,4.34444,29.28889,A7_2
919.9,184.44444,245.74444,185.00741,1160.11111,244.44444,1.0,5.44444,48.1,4262.55556,2.66667,17.22222,3.0,4.11111,1.71852,3.8,14.11111,1.26296,82.95556,A7_3
827.01111,272.44444,229.18889,169.45185,1110.88889,663.77778,1.0,6.55556,53.32222,4126.0,4.44444,20.0,4.44444,3.66667,2.43704,4.24444,11.44444,4.01111,49.8,A7_4
859.67778,245.11111,226.74444,100.21481,1107.55556,195.22222,1.0,3.22222,54.1,3989.55556,4.33333,14.88889,4.0,3.11111,1.71852,18.51111,13.55556,1.5963,22.24444,A7_5
808.67778,262.55556,227.63333,197.02222,1127.77778,528.0,1.0,1.0,59.54444,3947.33333,4.0,9.77778,4.11111,4.55556,1.0,9.42963,6.66667,4.09259,19.68889,A7_6
809.34444,254.33333,207.07778,99.46667,1090.22222,435.44444,1.0,6.66667,56.76667,3884.66667,5.44444,14.44444,4.44444,4.0,1.0,11.34815,4.77778,5.12222,25.28889,A7_7
772.01111,197.55556,224.96667,135.13333,1121.55556,647.22222,1.0,7.66667,51.1,3827.22222,4.22222,14.44444,2.66667,3.66667,2.60741,17.9037,12.44444,1.85926,25.4,A7_8
822.12222,252.22222,200.41111,177.00741,1120.44444,433.77778,1.0,9.88889,53.1,3759.33333,4.77778,17.33333,3.44444,4.66667,1.71852,9.1037,9.66667,1.85926,25.51111,A7_9
4797.46667,325.0,965.67778,411.41111,11141.28889,1368.55556,1.0,2.8963,120.14444,22919.8,2.0,77.55556,13.33333,13.33333,1.77778,13.91111,6.66667,8.04074,57.02222,A8(1)_0
4598.57778,275.55556,906.67778,457.85556,11335.51111,1588.11111,1.33333,8.12593,119.14444,22015.13333,2.2037,90.0,14.33333,15.33333,1.77778,9.28889,5.66667,10.70741,70.91111,A8(1)_1
4574.46667,297.77778,886.01111,416.63333,10612.4,1017.22222,1.11111,1.0,109.03333,21284.24444,2.0,73.44444,10.33333,12.66667,1.0,14.46667,11.33333,9.65556,45.46667,A8(1)_2
4432.35556,293.66667,846.23333,460.41111,10504.73333,1409.33333,1.0,7.17778,101.81111,20769.13333,2.0,72.66667,12.33333,11.0,1.77778,10.13333,9.33333,9.9037,65.8,A8(1)_3
4498.24444,237.11111,821.9,419.18889,10826.06667,2198.88889,1.0,9.23704,103.25556,20369.24444,1.68519,77.44444,11.88889,15.33333,1.0,11.75556,8.55556,8.51111,55.13333,A8(1)_4
4388.8,267.22222,809.23333,426.85556,10185.28889,1415.44444,1.22222,8.4,91.7,20091.02222,2.40741,68.88889,11.33333,12.33333,1.77778,8.44444,5.77778,10.48519,44.02222,A8(1)_5
4205.8,276.44444,835.78889,385.74444,9877.84444,1635.44444,1.77778,4.95556,100.81111,19654.68889,1.57407,78.11111,11.11111,13.77778,1.0,11.17778,4.66667,12.95556,45.68889,A8(1)_6
4213.68889,267.44444,804.9,437.3,10187.51111,1483.33333,1.11111,1.94815,96.47778,19260.35556,1.61111,75.33333,10.22222,15.55556,1.0,10.82222,12.44444,9.01481,44.24444,A8(1)_7
4173.46667,225.88889,731.67778,403.63333,10326.28889,1923.11111,1.22222,7.17778,96.14444,18934.57778,1.7963,61.88889,12.77778,13.0,1.77778,8.08889,3.66667,6.81852,41.13333,A8(1)_8
4217.13333,213.88889,702.12222,339.3,10330.62222,1908.77778,1.33333,12.24444,103.14444,18676.8,1.38889,63.33333,8.33333,13.11111,2.55556,9.42222,9.33333,4.87037,31.91111,A8(1)_9
785.03333,44.11111,155.46667,224.14444,1604.82222,60.0,1.0,2.8963,38.01111,5773.52222,2.08519,8.26667,9.66667,2.33333,1.0,5.15556,3.51111,2.31852,34.48889,A8(2)_0
687.25556,60.55556,141.57778,208.58889,1443.93333,12.77778,1.0,2.8963,37.67778,5605.85556,1.98148,9.82222,6.77778,1.88889,1.0,5.43704,4.51111,4.98519,30.04444,A8(2)_1
702.25556,51.33333,164.68889,231.92222,1463.82222,39.55556,1.0,6.06667,45.34444,5401.18889,2.86667,9.75556,16.66667,2.55556,1.0,12.04444,8.53333,4.2,40.71111,A8(2)_2
752.81111,39.33333,157.57778,213.81111,1568.37778,296.55556,1.0,4.95556,40.01111,5254.18889,1.98148,9.48889,6.77778,1.44444,1.0,7.68148,4.26667,6.0963,29.15556,A8(2)_3
714.81111,54.33333,152.13333,224.03333,1514.26667,6.88889,1.0,1.0,39.23333,5165.3,2.08519,9.37778,11.33333,2.22222,1.0,6.88148,1.0,4.2037,40.71111,A8(2)_4
699.7,40.11111,152.35556,211.03333,1455.6,53.66667,1.0,4.79259,37.01111,5080.85556,2.53333,13.02222,6.22222,2.0,1.0,5.74074,3.51111,6.41852,38.16296,A8(2)_5
692.36667,44.22222,138.57778,211.36667,1479.93333,33.11111,1.0,3.05926,37.67778,5018.18889,2.41852,13.15556,7.0,1.88889,1.0,6.2963,1.0,6.08889,34.26667,A8(2)_6
691.81111,47.33333,130.46667,234.36667,1389.6,80.44444,1.0,2.8963,41.56667,4944.96667,1.98148,6.06667,8.88889,1.77778,1.0,9.37778,1.75556,1.32963,39.48889,A8(2)_7
690.7,51.44444,138.02222,157.03333,1484.93333,99.11111,1.0,4.00741,40.56667,4866.3,2.64074,10.04444,8.55556,2.44444,1.0,7.48889,1.75556,3.86667,39.6,A8(2)_8
686.81111,44.44444,146.35556,164.92222,1435.26667,37.22222,1.0,8.51111,42.78889,4782.18889,2.42222,6.28889,7.44444,2.0,1.0,6.48889,1.0,3.54444,36.26667,A8(2)_9
1160.88889,96.17778,246.85556,321.12222,2488.3,185.22222,1.0,4.71111,43.8,6064.02222,3.22963,18.33333,7.97778,3.16296,1.0,8.37778,1.0,3.74074,57.55556,A9(1)_0
1228.33333,147.73333,252.41111,254.12222,2657.74444,224.33333,1.0,4.95556,41.02222,5870.24444,3.53333,14.11111,9.96667,2.08148,1.0,27.12593,8.26667,8.55556,37.55556,A9(1)_1
1155.22222,117.4,257.63333,251.45556,2671.07778,269.11111,1.19259,2.73333,42.8,5801.35556,3.22963,19.22222,8.75556,5.04444,1.0,25.79259,4.26667,5.33333,34.44444,A9(1)_2
1213.22222,114.4,248.96667,300.45556,2787.96667,448.0,1.0963,2.73333,41.8,5696.91111,3.22963,13.22222,8.38148,4.05185,1.0,16.04444,1.0,4.07407,49.11111,A9(1)_3
1202.66667,128.62222,258.74444,357.34444,2667.18889,172.77778,1.0,2.97778,41.46667,5623.8,2.67407,12.77778,4.24074,4.05926,1.0,10.01481,4.51111,4.25926,57.55556,A9(1)_4
1146.0,133.51111,253.52222,292.67778,2579.96667,104.66667,1.0,1.0,39.46667,5518.35556,3.34074,12.55556,7.04815,3.06667,1.0,25.17778,2.75556,3.7037,47.88889,A9(1)_5
1143.33333,118.28889,255.63333,282.45556,2522.18889,150.22222,1.0,2.73333,36.57778,5460.91111,4.22963,14.0,7.34074,3.62963,1.77778,27.31852,5.51111,4.85185,43.55556,A9(1)_6
1237.77778,113.51111,260.96667,375.34444,2826.74444,76.11111,1.0,3.6,37.91111,5382.57778,2.77037,9.11111,8.41111,4.94815,1.0,11.28889,2.51111,2.22222,60.0,A9(1)_7
1239.22222,98.17778,259.96667,339.01111,2844.85556,283.55556,1.0,1.0,35.57778,5329.68889,3.43704,20.33333,7.97778,10.39259,1.77778,5.88148,5.51111,5.48148,67.11111,A9(1)_8
1095.77778,104.4,241.74444,372.56667,2571.52222,150.0,1.0963,2.97778,41.02222,5261.46667,3.34074,8.33333,6.86667,16.82222,1.0,18.73333,2.75556,3.25926,55.11111,A9(1)_9
2282.23333,86.17778,239.26667,179.72222,4023.97778,419.22222,1.0,6.55556,47.48889,11057.85556,1.11111,20.46667,5.11111,2.94815,1.0,19.11111,9.44444,5.09259,20.91111,A9(2)_0
2311.12222,52.62222,261.37778,141.16667,4021.42222,197.55556,1.09259,9.88889,48.15556,10737.63333,1.33333,21.48889,3.44444,3.48889,1.0,18.0,3.77778,4.95185,19.24444,A9(2)_1
2297.67778,78.06667,267.82222,166.14815,3982.64444,330.77778,1.0,7.66667,43.93333,10422.74444,1.0,16.84444,4.0,2.17778,1.0,7.11111,12.33333,3.71852,17.00741,A9(2)_2
2397.23333,70.95556,262.82222,182.27778,4212.2,154.22222,1.0,9.88889,47.82222,10217.85556,1.22222,11.6,5.0,2.85185,1.0,9.55556,7.55556,2.38519,27.35556,A9(2)_3
2292.78889,65.95556,259.15556,135.83333,4072.86667,717.33333,1.09259,10.0,39.93333,10081.63333,1.11111,15.13333,4.77778,3.84444,1.0,21.88889,7.33333,2.64815,79.24444,A9(2)_4
2292.78889,85.28889,265.04444,143.72222,3985.31111,127.44444,1.0,7.77778,46.48889,9976.74444,1.22222,15.4,3.33333,4.4963,1.0,11.44444,5.66667,3.64815,52.34074,A9(2)_5
2324.34444,71.95556,268.82222,146.05556,4022.2,94.55556,1.0,11.0,47.71111,9887.3,1.22222,13.82222,5.44444,3.28889,1.0,2.33333,9.55556,2.98148,18.35556,A9(2)_6
2295.01111,81.17778,262.6,128.27778,4011.08889,259.0,1.09259,9.88889,44.37778,9734.96667,1.22222,18.13333,4.44444,2.95556,1.0,11.55556,6.55556,2.31481,33.24444,A9(2)_7
2200.12222,67.95556,250.71111,208.05556,3920.08889,223.88889,1.0,5.44444,42.48889,9572.52222,1.55556,11.2,4.44444,2.61481,1.0,7.0,9.44444,4.82963,18.35556,A9(2)_8
2260.78889,76.84444,264.37778,125.03704,4067.86667,289.66667,1.0,1.0,47.6,9383.41111,1.66667,12.04444,4.0,2.4,1.0,5.11111,7.55556,4.31481,36.35556,A9(2)_9
1082.18889,180.66667,114.15556,128.35556,2977.34444,199.22222,1.0,1.71852,54.01111,6775.32222,3.22222,20.88889,5.55556,2.0,1.0,2.88889,4.66667,5.77407,6.67407,A9(3)_0
901.52222,142.22222,102.37778,105.56296,2682.45556,119.11111,1.0,3.54815,50.01111,6387.54444,3.22222,13.77778,6.66667,1.55556,1.0,1.66667,1.88889,2.71111,13.31111,A9(3)_1
1013.41111,150.44444,105.71111,105.13333,2879.78889,195.33333,1.0,1.0,47.56667,6062.1,3.44444,15.44444,4.11111,3.11111,1.0,2.11111,5.66667,4.53704,8.00741,A9(3)_2
934.74444,163.55556,88.26667,112.91111,2675.45556,174.55556,1.0,3.15556,59.45556,5810.21111,3.0,7.77778,7.0,1.0,1.0,3.66667,2.77778,6.28148,10.08889,A9(3)_3
997.07778,151.44444,107.82222,167.45185,2833.23333,86.33333,1.0,2.82963,55.9,5757.32222,2.55556,11.33333,4.77778,2.22222,1.0,8.11111,1.0,4.2037,10.2,A9(3)_4
1004.63333,193.66667,103.15556,147.32593,2809.34444,228.0,1.0,2.82963,55.67778,5668.54444,2.55556,6.44444,10.55556,2.0,1.0,5.11111,2.77778,2.80741,13.42222,A9(3)_5
998.96667,167.66667,103.37778,177.35556,2774.56667,330.88889,1.0,1.71852,50.23333,5537.43333,3.0,11.22222,6.88889,1.44444,1.0,2.44444,3.77778,4.66296,9.2,A9(3)_6
1069.41111,125.22222,108.6,146.57778,2991.23333,281.22222,1.0,6.6,48.45556,5442.98889,3.11111,10.11111,6.22222,1.66667,1.0,3.66667,3.77778,4.48889,7.42222,A9(3)_7
1098.3,186.77778,105.26667,105.24444,3111.78889,178.88889,1.0,1.71852,45.23333,5375.1,3.55556,11.0,7.88889,1.55556,1.0,3.55556,2.88889,1.85556,14.21481,A9(3)_8
975.74444,152.55556,98.6,99.91111,2789.12222,291.77778,1.0,2.43704,46.56667,5312.43333,2.55556,12.11111,7.0,1.22222,1.0,4.0,1.0,2.14074,16.2,A9(3)_9
739.52222,38.33333,99.8,58.1963,1766.05556,100.88889,1.38889,242.03704,14.17778,534.66667,1.66667,71.0,6.48889,2.77778,1.74815,4.40741,10.55556,3.71852,9.6,B1_0
702.18889,52.22222,87.46667,37.64074,1744.94444,94.55556,1.18519,256.14815,8.97778,487.66667,1.0,76.33333,6.48889,2.11111,1.0,4.24444,5.66667,1.95556,6.12593,B1_1
716.07778,55.44444,85.13333,55.53333,1701.05556,119.0,1.0,205.38889,11.84444,440.66667,1.77778,67.0,6.34815,2.66667,1.0,2.8,9.55556,2.59259,11.01481,B1_2
689.3,43.11111,112.8,39.98148,1715.94444,240.33333,1.0,197.16667,14.17778,440.66667,1.11111,71.0,4.82222,2.11111,1.74815,6.2963,10.55556,2.28889,8.34815,B1_3
726.18889,115.22222,123.91111,71.08148,1794.5,80.22222,1.40741,187.83333,16.62222,393.66667,2.22222,76.0,5.68148,3.0,1.74815,7.18519,4.77778,3.59259,11.45926,B1_4
811.41111,57.44444,88.13333,8.98889,1936.38889,133.44444,1.09259,227.24074,13.28889,351.0,1.22222,70.55556,5.9037,2.44444,3.38519,7.65185,6.55556,2.94074,12.6,B1_5
681.07778,85.77778,95.24444,34.86667,1663.38889,92.44444,1.18519,212.5,11.51111,345.66667,1.77778,52.55556,3.68889,2.77778,1.0,6.62963,12.55556,4.22963,8.23704,B1_6
706.74444,45.22222,105.35556,22.2,1685.05556,236.11111,1.0,138.61111,12.73333,345.66667,1.33333,52.44444,5.1037,2.22222,1.0,11.01481,12.44444,3.59259,10.82222,B1_7
707.41111,37.11111,97.02222,65.97037,1717.94444,254.66667,1.0,196.16667,11.17778,345.66667,1.11111,73.88889,8.98519,2.0,1.74815,3.54815,12.44444,3.59259,12.15556,B1_8
648.63333,44.11111,79.68889,63.3037,1603.27778,71.88889,1.09259,107.90741,10.95556,345.66667,1.11111,52.0,3.02222,1.66667,1.0,3.99259,17.22222,2.62222,7.93333,B1_9
353.65556,28.86667,178.53333,73.34074,648.27778,246.55556,1.17778,1.83333,22.81111,1535.25556,1.0,21.02222,8.44444,1.22222,1.0,3.42963,3.77778,1.5,18.22222,B10_0
317.1,23.4,187.31111,47.34074,615.61111,150.0,1.08889,6.83333,20.81111,1440.58889,1.33333,40.57778,6.88889,1.55556,1.0,3.6,5.66667,3.26667,21.33333,B10_1
326.76667,19.22222,192.86667,71.07778,671.5,92.77778,1.08889,2.94444,24.58889,1404.03333,1.11111,16.24444,8.44444,1.44444,1.0,2.71111,2.88889,2.4,17.88889,B10_2
346.87778,23.75556,184.75556,60.63333,694.72222,213.66667,1.08889,4.88889,19.03333,1341.36667,1.22222,23.57778,6.0,2.33333,1.0,3.08889,2.77778,1.63333,16.88889,B10_3
322.87778,14.93333,168.53333,26.49259,631.5,146.0,1.57778,3.77778,17.81111,1310.03333,1.0,28.13333,6.77778,2.0,1.0,3.6,4.66667,2.16667,20.11111,B10_4
339.43333,16.93333,178.53333,37.04815,635.27778,252.77778,1.08889,12.05556,22.14444,1294.36667,1.11111,20.24444,7.66667,1.88889,1.0,5.97037,5.66667,1.63333,17.11111,B10_5
302.21111,24.57778,160.42222,27.18889,563.5,310.33333,1.08889,3.77778,21.92222,1263.03333,1.11111,33.46667,8.11111,2.0,1.0,4.14815,4.77778,1.2,21.11111,B10_6
333.32222,25.86667,162.31111,47.85556,645.5,141.77778,1.08889,7.66667,19.92222,1220.36667,1.0,44.02222,5.33333,1.66667,1.0,5.59259,2.88889,2.5,16.44444,B10_7
355.1,40.8,163.42222,58.3,694.5,378.11111,1.17778,4.61111,21.58889,1215.03333,1.0,25.68889,8.0,2.11111,1.0,5.31111,1.88889,1.83333,15.88889,B10_8
321.54444,18.75556,172.97778,63.18889,583.83333,185.0,1.0,6.27778,18.7,1188.92222,1.0,18.8,6.22222,2.55556,1.0,2.43704,2.88889,2.93333,13.77778,B10_9
977.82222,142.62222,124.6,85.14074,1924.82222,1500.0,1.1037,13.74074,57.05556,5264.22222,2.55556,38.24444,44.01111,12.75556,1.0,29.91111,6.55556,5.98889,123.2,B11_0
928.48889,192.06667,119.15556,111.14074,1767.93333,1064.33333,1.0,11.68148,50.27778,4996.77778,1.88889,40.13333,37.9,10.86667,1.0,11.08148,7.66667,1.57778,93.75556,B11_1
1078.37778,153.73333,151.48889,160.25556,2010.04444,1088.77778,1.0,8.12593,52.61111,4781.88889,2.88889,52.02222,39.34444,11.1037,1.77778,56.02222,6.55556,4.94444,118.2,B11_2
1098.37778,136.51111,164.37778,126.35926,1955.26667,704.55556,1.0,13.41481,50.27778,4488.0,1.55556,56.13333,31.23333,10.86667,2.66667,18.19259,26.44444,2.81111,130.08889,B11_3
1140.93333,118.62222,167.37778,116.47778,2055.37778,1265.66667,1.0,8.12593,59.94444,4294.0,1.77778,63.8,43.12222,12.53333,1.0,58.24444,4.66667,3.95556,125.86667,B11_4
1051.26667,148.73333,180.26667,93.02963,1911.04444,1364.55556,1.0,17.97037,52.16667,4105.11111,1.55556,62.13333,33.12222,10.64444,1.77778,69.35556,12.44444,3.17778,129.75556,B11_5
872.15556,173.84444,132.71111,98.25185,1771.6,1330.0,1.0,8.12593,48.27778,3958.33333,1.11111,50.13333,28.67778,10.86667,1.77778,62.68889,7.44444,1.7,105.31111,B11_6
951.6,118.4,137.04444,75.02963,1786.93333,879.33333,1.0,9.34815,49.94444,3837.66667,1.66667,43.57778,28.01111,8.75556,1.77778,18.02222,5.66667,1.91111,99.97778,B11_7
1113.82222,174.84444,154.04444,113.58519,1993.26667,1901.22222,1.0,15.52593,52.27778,3748.77778,1.66667,52.57778,28.34444,11.2,1.77778,103.13333,7.66667,4.51111,116.97778,B11_8
857.15556,176.06667,141.04444,69.24444,1600.15556,1368.55556,1.0,13.74074,46.83333,3617.33333,2.0,47.68889,33.12222,8.64444,1.0,36.58519,7.66667,2.6,93.53333,B11_9
545.65556,234.82222,9.61111,461.53333,1416.47778,34.88889,1.0,4.33333,26.51111,24610.27778,2.33333,4.33333,1.28889,2.55556,1.0,3.1037,1.78889,1.0,1.8,B12_0
476.76667,221.71111,15.16667,500.31111,1371.47778,69.88889,1.0,2.11111,28.17778,21870.61111,1.33333,6.55556,1.62222,2.55556,1.65926,3.26667,1.78889,1.0,2.55556,B12_1
495.87778,267.04444,18.38889,394.64444,1328.58889,94.77778,1.0,3.22222,22.28889,20177.27778,2.0,11.88889,1.0,2.88889,1.0,2.4963,1.78889,1.82222,1.26667,B12_2
472.98889,270.04444,19.05556,461.53333,1324.25556,351.44444,1.0,1.0,25.17778,18736.94444,2.11111,5.0,1.28889,3.88889,1.0,5.65185,1.0,1.82222,1.57778,B12_3
414.32222,214.6,10.5,355.75556,1147.92222,80.0,1.0,4.33333,18.73333,17733.5,1.22222,4.33333,2.2,3.77778,1.0,4.2963,1.78889,2.23333,2.15556,B12_4
389.87778,187.37778,10.5,337.86667,1122.58889,168.66667,1.0,4.33333,15.4,16987.16667,1.22222,2.55556,1.91111,2.88889,1.0,2.05185,1.0,1.41111,1.08889,B12_5
369.54444,150.93333,9.38889,311.97778,998.47778,37.0,1.0,2.11111,15.95556,16304.16667,1.0,4.55556,1.0,1.77778,1.0,3.40741,1.0,1.0,1.4,B12_6
360.76667,154.15556,11.94444,294.08889,1056.81111,84.22222,1.0,3.22222,17.73333,15684.05556,1.33333,4.11111,1.0,1.88889,1.65926,3.24444,3.57778,1.82222,1.08889,B12_7
403.1,273.15556,10.72222,330.08889,1105.58889,100.88889,1.0,4.33333,21.95556,15048.38889,2.11111,6.11111,1.91111,3.77778,1.0,1.3037,5.36667,1.0,1.4,B12_8
398.87778,280.26667,10.05556,244.97778,1042.81111,98.55556,1.0,9.88889,22.28889,14570.72222,1.44444,7.77778,1.91111,3.88889,1.0,4.1037,2.57778,1.82222,1.57778,B12_9
576.2,555.03333,56.01111,295.93333,2195.86667,815.83333,1.0,1.83333,12.14444,875.63333,1.42963,9164.66667,6.66667,6.66667,1.0,4.11111,7.44444,1.3037,10.88889,B13_0
593.31111,538.81111,45.56667,363.06667,2323.97778,585.83333,1.0,2.94444,11.81111,745.07778,2.85185,16670.55556,8.33333,7.22222,1.0,5.22222,7.66667,1.92963,7.88889,B13_1
437.86667,463.03333,35.45556,259.95556,1626.42222,2230.72222,1.0,1.0,9.98889,660.96667,1.65185,6224.33333,5.0,8.0,1.0,7.88889,5.66667,1.5963,11.0,B13_2
566.42222,498.36667,36.9,419.82222,2128.75556,1109.83333,1.0,5.83333,9.62222,639.63333,1.97037,17642.11111,4.0,6.33333,1.77778,3.66667,1.88889,2.94074,9.44444,B13_3
763.64444,413.36667,59.56667,582.75556,2895.42222,990.5,1.0,5.72222,10.81111,618.74444,2.96296,29686.33333,5.11111,5.0,1.77778,2.55556,7.66667,1.9,8.33333,B13_4
676.42222,429.81111,44.12222,548.73333,2559.86667,799.27778,1.0,6.55556,8.92222,571.74444,1.53333,21724.0,7.0,6.66667,1.0,4.0,5.66667,1.0,7.22222,B13_5
748.2,641.7,54.56667,554.2,2996.97778,928.72222,1.0,1.83333,13.25556,545.63333,1.86667,30035.11111,4.33333,5.22222,1.77778,6.22222,7.55556,1.0,8.77778,B13_6
397.42222,382.25556,34.01111,242.31111,1522.75556,1006.94444,1.0,3.5,10.73333,545.63333,1.42963,5670.0,3.44444,6.11111,1.0,6.66667,8.55556,2.05185,7.22222,B13_7
606.75556,437.58889,41.23333,461.2,2359.08889,1148.61111,1.0,4.88889,9.36667,545.63333,2.2963,14149.88889,3.44444,6.0,1.0,4.11111,6.55556,1.0,5.77778,B13_8
561.64444,463.92222,43.01111,430.75556,2229.64444,1035.83333,1.1,2.66667,11.92222,509.07778,2.41481,17406.55556,5.88889,7.88889,1.0,3.33333,6.55556,1.9,7.55556,B13_9
526.68889,297.77778,42.0,926.28889,2632.12222,1393.22222,1.11111,8.38889,32.26667,21753.58889,4.78889,11896.66667,2.0,3.04444,1.0,1.68889,3.77778,4.33333,2.24444,B14_0
541.91111,307.77778,35.0,849.06667,2711.67778,538.44444,1.0,8.38889,31.26667,20838.81111,3.24444,11855.33333,1.0,2.15556,1.0,2.62222,4.66667,1.44444,2.71852,B14_1
519.13333,275.55556,27.55556,931.4,2558.78889,530.0,1.0,3.06667,27.15556,20134.58889,4.12222,11306.22222,2.33333,2.48889,1.0,2.66667,8.44444,2.77778,2.37037,B14_2
503.24444,285.66667,30.66667,748.51111,2471.56667,388.44444,1.0,10.91111,23.04444,19267.14444,2.57778,10672.44444,1.33333,2.71111,1.0,1.73333,5.44444,3.22222,2.37037,B14_3
517.24444,278.66667,30.77778,719.95556,2312.78889,419.11111,1.11111,13.71111,25.15556,17969.03333,2.58889,10655.88889,3.77778,2.61111,1.0,2.17778,5.66667,2.77778,1.82963,B14_4
476.91111,239.11111,23.44444,609.06667,2183.23333,219.77778,1.0,5.21111,25.93333,17044.25556,3.57778,9767.0,2.66667,1.84444,1.0,2.37778,4.66667,2.11111,2.68889,B14_5
444.35556,218.11111,24.77778,616.73333,2010.56667,142.0,1.22222,1.0,21.37778,15499.58889,2.82222,9209.55556,3.33333,1.84444,1.0,4.04444,2.77778,3.88889,2.24444,B14_6
428.68889,224.0,20.22222,616.73333,1874.45556,324.55556,1.11111,3.14444,20.71111,14144.36667,3.68889,8441.11111,3.33333,1.2,1.0,2.86667,5.66667,4.11111,1.60741,B14_7
347.68889,188.55556,19.0,547.17778,1655.23333,199.44444,1.0,7.27778,15.93333,12883.81111,2.35556,7611.44444,1.66667,1.6,1.0,1.24444,1.88889,2.55556,1.60741,B14_8
343.91111,168.44444,21.11111,495.62222,1538.23333,261.0,1.0,6.51111,17.26667,12259.14444,2.25556,7476.11111,5.55556,1.53333,1.77778,1.93333,3.88889,2.77778,4.68889,B14_9
770.24444,555.11111,27.32222,1474.73333,3818.84444,182.48889,1.0,7.66667,47.23333,39898.34444,5.45556,9086.0,4.11111,4.44444,1.0,1.0,3.77778,1.74074,2.11111,B15_0
797.02222,627.0,22.21111,1327.73333,3450.51111,82.08889,1.0,5.44444,49.01111,36546.56667,4.12222,8677.33333,4.88889,3.66667,1.0,1.0,3.77778,3.14815,1.11111,B15_1
662.8,484.55556,21.54444,1126.73333,3093.06667,184.86667,1.0,3.22222,41.56667,33790.67778,4.9,7647.33333,6.22222,4.44444,1.0,2.8,1.0,3.14815,2.33333,B15_2
653.57778,479.55556,20.87778,1056.95556,2784.17778,304.08889,1.0,3.22222,42.23333,32184.23333,5.23333,6992.55556,4.33333,3.66667,1.0,2.05185,1.88889,1.14815,2.0,B15_3
723.57778,504.77778,22.98889,982.17778,2505.51111,538.31111,1.0,1.0,44.23333,30551.9,3.8,6478.33333,2.0,2.77778,1.0,6.04444,6.55556,1.51852,1.88889,B15_4
656.24444,441.11111,21.1,902.06667,2557.06667,375.71111,1.0,3.22222,43.01111,29462.34444,4.02222,6398.22222,4.0,3.77778,1.0,3.8,4.66667,1.0,1.44444,B15_5
673.13333,448.0,25.65556,909.95556,2349.06667,389.82222,1.0,2.11111,43.56667,28556.9,2.94444,6000.22222,2.33333,3.88889,1.0,2.65926,2.77778,2.11111,1.44444,B15_6
670.8,461.44444,19.65556,886.62222,2104.06667,170.42222,1.1037,3.22222,38.34444,27788.56667,2.04444,5266.0,5.44444,2.55556,1.71852,3.99259,1.0,2.03704,1.66667,B15_7
683.68889,484.44444,21.54444,881.62222,2167.4,246.53333,1.0,3.22222,38.67778,26909.56667,2.36667,5080.11111,4.66667,3.88889,1.0,2.8,3.77778,1.22222,1.0,B15_8
657.8,513.66667,22.98889,928.06667,2167.17778,185.62222,1.0,4.33333,38.12222,26209.67778,2.36667,5012.44444,5.0,5.11111,1.0,3.85185,9.33333,1.51852,1.88889,B15_9
523.08889,151.84444,45.87778,142.46667,1295.85556,889.88889,1.11111,3.6963,42.71111,6969.85556,1.11111,4916.62222,12.15556,6.94074,1.77778,6.55556,6.66667,3.20741,10.11852,B16_0
617.97778,148.62222,47.76667,110.82222,1359.18889,1442.44444,1.0,1.79259,43.37778,5684.52222,1.33333,3238.73333,12.34815,6.04444,1.77778,7.77778,8.44444,2.21481,11.32593,B16_1
445.53333,174.84444,29.21111,61.71111,1026.3,593.88889,1.0,2.9037,31.15556,4730.18889,1.11111,1535.06667,5.21481,5.39259,1.0,4.44444,7.66667,1.77037,7.45185,B16_2
566.64444,152.73333,30.65556,64.37778,1275.18889,538.33333,1.11111,8.40741,37.37778,4047.96667,1.11111,1963.06667,5.82222,5.71852,1.0,8.0,7.55556,2.54074,15.32593,B16_3
532.31111,132.51111,33.21111,59.86667,1277.52222,936.88889,1.0,5.28148,36.71111,3439.74444,1.22222,1235.06667,9.9037,4.94074,1.0,7.33333,7.44444,4.25185,7.45185,B16_4
551.08889,206.28889,33.43333,86.51111,1318.3,998.77778,1.0,5.6,48.04444,3177.41111,1.22222,1483.51111,8.04444,6.26667,3.44444,13.11111,3.66667,4.03704,7.11852,B16_5
439.53333,140.62222,22.98889,73.02222,927.63333,817.77778,1.11111,4.80741,34.04444,2857.74444,1.11111,929.28889,6.15556,4.51111,1.0,7.55556,6.55556,4.03704,6.45185,B16_6
390.64444,158.84444,20.98889,85.91111,976.18889,1122.22222,1.0,5.6,33.26667,2652.96667,1.11111,747.84444,3.99259,3.62222,1.0,7.11111,1.0,3.42963,3.78519,B16_7
535.97778,161.84444,32.21111,55.77778,1172.07778,1373.11111,1.0,1.0,43.93333,2464.41111,1.0,1027.51111,8.1037,3.94074,1.77778,10.44444,6.55556,3.04444,9.22963,B16_8
481.53333,183.95556,37.1,68.73333,1078.63333,1348.55556,1.0,2.58519,38.37778,2296.85556,1.11111,832.62222,5.85185,6.48889,1.0,8.55556,4.77778,2.7037,6.34074,B16_9
533.1,320.0,23.95556,80.75556,1812.68889,698.66667,1.0963,4.17037,35.74444,5462.96667,2.22222,1828.55556,9.11111,3.0963,2.66667,3.64444,6.55556,2.76296,3.99259,B17_0
596.54444,302.77778,29.95556,125.91111,1834.57778,641.11111,1.0,3.05926,39.52222,4498.07778,1.22222,1270.0,11.11111,5.0963,1.0,2.91111,4.66667,3.31111,5.56296,B17_1
533.1,297.55556,24.95556,52.85185,1569.24444,413.0,1.0963,5.2,31.52222,3653.63333,1.55556,1360.33333,7.44444,3.34815,1.0,3.2,8.66667,2.97778,2.94074,B17_2
558.1,292.55556,19.4,146.46667,1653.13333,1017.44444,1.0,4.17037,36.63333,3354.85556,1.11111,979.77778,7.66667,4.73333,1.0,6.66667,3.77778,2.76296,5.21481,B17_3
572.76667,402.77778,27.4,57.96296,1596.24444,357.55556,1.0,3.05926,37.41111,3139.63333,1.22222,831.66667,8.44444,4.06667,1.0,2.02222,4.77778,3.75926,6.11852,B17_4
559.65556,331.0,24.4,80.00741,1887.8,910.11111,1.19259,5.2,36.63333,3050.63333,1.33333,944.22222,5.44444,2.51111,2.55556,2.6,6.55556,2.97778,5.22963,B17_5
557.43333,386.44444,23.51111,154.24444,1586.13333,721.22222,1.0,3.14074,39.85556,2866.96667,1.33333,740.0,7.33333,5.28889,1.0,4.66667,5.77778,2.87037,3.45185,B17_6
518.1,437.11111,30.17778,103.00741,1484.91111,690.33333,1.0,3.14074,38.41111,2735.96667,1.33333,711.66667,6.44444,6.31852,1.0,3.46667,5.66667,3.52963,3.03704,B17_7
503.43333,472.33333,27.62222,72.54815,1580.91111,961.55556,1.0,4.17037,31.96667,2667.52222,1.11111,740.88889,5.22222,5.54074,1.77778,4.2,8.44444,1.76667,3.45185,B17_8
595.21111,385.55556,25.51111,102.68889,1615.57778,881.33333,1.0,7.25926,36.52222,2505.41111,1.11111,755.44444,5.88889,4.87407,1.0,3.64444,3.77778,4.18889,3.35556,B17_9
3764.88889,558.22222,4064.87778,615.94444,4951.57778,84.33333,1.0,3.05926,273.9,21052.31111,3.0,29.41111,35.88889,6.46667,4.33333,6.66667,19.33333,25.13333,36.64444,B18_0
4051.66667,463.22222,4096.76667,698.5,5148.24444,148.33333,1.10741,3.14074,266.56667,19816.64444,5.0,23.96667,24.66667,5.67778,1.0,3.04444,28.0,30.91111,45.75556,B18_1
3953.44444,493.44444,3984.21111,628.83333,4884.46667,131.55556,1.10741,1.0,254.56667,19332.97778,4.11111,28.41111,26.88889,10.46667,1.0,4.8,20.22222,26.13333,37.53333,B18_2
3929.33333,448.11111,3964.98889,711.38889,4939.8,277.33333,1.0,1.0,266.78889,18948.97778,5.33333,20.52222,28.66667,5.23333,1.77778,5.24444,20.44444,18.35556,39.2,B18_3
3740.22222,448.11111,3846.1,541.05556,4734.02222,94.77778,1.10741,5.2,261.34444,18423.64444,5.44444,23.3,27.55556,4.25556,3.44444,3.33333,23.33333,27.22963,29.2,B18_4
3698.0,461.44444,3808.65556,695.72222,4673.13333,176.88889,1.0,3.14074,240.23333,18160.97778,3.66667,19.04444,24.0,7.57778,1.0,4.22222,15.33333,19.13333,34.31111,B18_5
3669.88889,426.0,3753.87778,587.5,4509.8,240.55556,1.0,4.17037,249.12222,17913.97778,3.66667,18.96667,22.88889,4.8,2.55556,3.33333,4.66667,19.13333,36.97778,B18_6
3772.11111,472.33333,3773.32222,690.83333,4769.57778,105.0,1.10741,4.17037,251.9,17504.08889,3.0,13.85556,25.11111,6.56667,1.77778,3.17778,22.22222,18.34074,36.86667,B18_7
3397.55556,504.66667,3563.98889,667.61111,4378.57778,76.11111,1.10741,1.0,239.23333,17125.64444,2.44444,21.85556,22.22222,8.12222,1.0,2.46667,5.66667,13.56296,29.42222,B18_8
3402.0,474.55556,3622.21111,587.27778,4214.35556,213.88889,1.0,6.22963,231.56667,16794.53333,1.88889,25.07778,27.11111,10.12222,1.77778,3.75556,22.22222,28.02222,37.64444,B18_9
521.23333,17.55556,98.36667,32.51111,1258.35556,88.88889,1.0,255.26667,13.8,687.18889,1.0,11.33333,6.55556,1.32593,1.0,6.0,3.77778,2.17778,12.98519,B2_0
461.23333,10.44444,89.47778,35.3,990.46667,60.0,1.0,297.26667,11.57778,550.85556,1.0,9.22222,5.0,1.63704,1.0,9.66667,3.77778,2.11852,13.95556,B2_1
507.23333,22.55556,129.7,43.53333,1105.68889,172.55556,1.0,306.48889,12.46667,529.96667,1.0,10.22222,5.88889,1.43704,1.0,6.11111,4.77778,2.78519,13.84444,B2_2
465.34444,31.33333,108.7,54.43333,1086.35556,84.44444,1.0,264.37778,10.91111,488.18889,1.0,12.44444,6.66667,1.54074,1.0,1.77778,3.77778,4.02222,18.95556,B2_3
523.78889,23.22222,141.7,35.41111,1139.57778,226.22222,1.1,421.15556,14.13333,451.63333,1.0,9.0,3.88889,1.20741,2.55556,6.33333,7.33333,2.17778,18.62222,B2_4
577.45556,36.22222,127.03333,38.42222,1274.35556,148.0,1.1,314.82222,14.8,451.63333,1.0,9.55556,6.22222,1.31111,2.66667,8.11111,15.33333,3.23704,16.84444,B2_5
493.56667,17.55556,104.58889,25.64444,1066.24444,86.44444,1.1,379.15556,10.91111,451.63333,1.0,7.44444,7.0,1.20741,1.77778,4.66667,4.88889,5.02222,24.06667,B2_6
453.01111,19.22222,77.03333,46.54444,1058.46667,19.11111,1.0,272.71111,13.8,446.41111,1.0,7.44444,5.22222,1.42963,3.33333,5.55556,1.88889,3.17778,12.51111,B2_7
682.01111,24.22222,135.7,31.21111,1492.13333,121.22222,1.0,240.93333,14.13333,404.63333,1.0,5.88889,3.66667,1.63704,2.66667,5.22222,11.55556,4.74815,14.06667,B2_8
623.01111,29.0,109.47778,38.18889,1470.13333,92.55556,1.0,277.26667,13.91111,404.63333,1.0,7.55556,3.66667,1.20741,1.0,4.88889,5.55556,1.78519,8.84444,B2_9
582.32222,89.28889,148.76667,87.44444,867.43333,1644.0,1.0,10.31481,23.48889,1534.71111,1.0,8.77778,4.66667,9.66667,1.0,2.77778,5.66667,2.55556,24.68889,B3_0
571.98889,63.84444,119.54444,69.66667,818.76667,600.0,1.41481,4.96667,18.93333,1387.71111,1.0,6.11111,3.33333,5.11111,1.0,5.33333,5.66667,2.73333,20.24444,B3_1
514.43333,75.06667,131.98889,55.48148,720.21111,1206.66667,1.0,6.34815,22.93333,1293.71111,1.0,4.88889,3.44444,6.66667,1.0,2.11111,3.77778,2.31111,24.68889,B3_2
500.98889,67.95556,137.32222,47.18519,736.43333,174.77778,1.0963,5.12593,25.93333,1262.37778,1.0,8.11111,2.66667,6.77778,1.0,4.11111,8.44444,4.57778,22.24444,B3_3
485.1,65.84444,121.1,33.0,703.54444,345.11111,1.0963,1.95185,16.71111,1194.04444,1.0,8.22222,4.0,5.11111,1.0,2.55556,2.77778,5.26667,14.91111,B3_4
523.54444,55.84444,116.43333,33.0,732.65556,371.77778,1.19259,11.53704,20.93333,1172.6,1.0,10.88889,4.11111,5.33333,1.0,2.55556,5.55556,1.71111,15.57778,B3_5
556.21111,71.17778,147.1,53.55556,771.43333,717.66667,1.20741,10.47407,24.82222,1125.6,1.0,8.44444,1.0,7.33333,1.0,4.33333,5.77778,1.84444,15.13333,B3_6
476.54444,81.06667,127.32222,47.7037,676.21111,643.11111,1.0,1.0,19.71111,1083.82222,1.0,7.0,3.66667,5.77778,1.0,2.44444,5.77778,3.44444,14.68889,B3_7
530.21111,56.84444,123.87778,73.59259,745.98889,369.77778,1.0963,2.9037,22.15556,1047.26667,1.0,5.55556,2.33333,5.66667,1.0,5.44444,1.88889,5.57778,17.35556,B3_8
455.76667,77.95556,111.43333,85.85185,656.21111,645.22222,1.0,1.95185,15.04444,984.6,1.0,10.44444,3.66667,4.22222,1.0,4.33333,6.66667,3.31111,19.91111,B3_9
589.18889,137.22222,86.16667,94.58519,1066.38889,148.93333,1.0,4.33333,24.92222,3692.86667,3.33333,19.33333,8.77778,3.55556,1.0,2.4963,4.46667,4.33333,6.11111,B4_0
552.74444,141.33333,89.94444,84.25185,1081.05556,108.17778,1.0,3.22222,24.58889,3441.31111,3.88889,28.11111,7.33333,2.77778,1.0,2.05185,4.46667,2.33333,10.77778,B4_1
550.52222,114.11111,88.38889,96.75556,1073.27778,34.66667,1.11111,5.44444,19.7,3289.2,3.55556,21.88889,6.88889,3.88889,1.0,2.05185,1.82222,3.0,10.22222,B4_2
539.96667,125.0,94.72222,64.3037,1032.61111,42.4,1.0,1.0,22.47778,3131.75556,3.88889,17.88889,5.11111,2.66667,1.77778,3.54815,4.46667,2.33333,4.11111,B4_3
526.85556,106.0,86.72222,77.08148,984.27778,114.28889,1.11111,6.55556,22.58889,3069.08889,2.55556,11.11111,6.55556,2.55556,1.0,1.3037,3.64444,2.66667,5.77778,B4_4
511.85556,94.88889,95.16667,89.36296,986.61111,74.68889,1.0,12.11111,19.14444,3000.53333,5.0,16.22222,7.22222,3.33333,1.0,2.35556,2.64444,2.0,7.44444,B4_5
525.52222,116.0,82.61111,97.25185,1079.05556,73.17778,1.22222,8.88889,21.47778,2953.2,5.22222,20.0,7.0,3.22222,1.77778,5.1037,4.64444,2.66667,9.55556,B4_6
505.41111,114.11111,98.38889,112.6963,986.16667,71.06667,1.0,3.22222,21.14444,2869.64444,3.33333,19.55556,6.11111,2.77778,1.77778,4.1037,2.64444,2.33333,9.33333,B4_7
528.41111,116.0,89.27778,84.36296,1018.72222,79.04444,1.11111,13.44444,24.36667,2806.97778,3.22222,24.11111,9.11111,2.11111,2.66667,5.74074,1.0,2.33333,7.33333,B4_8
499.3,94.77778,83.61111,91.53333,984.16667,101.46667,1.11111,4.33333,20.14444,2727.97778,5.88889,12.77778,6.44444,3.44444,1.0,4.24444,1.82222,4.33333,6.0,B4_9
678.27778,1125.77778,213.88889,223.52222,2017.25556,2960.11111,1.2,5.20741,20.66667,4081.58889,1.44444,37.81111,9.22222,2.74074,1.77778,5.05185,9.73333,1.0,16.88889,B5_0
702.16667,1009.44444,116.44444,226.97037,2008.36667,4134.33333,1.0,6.42963,20.33333,3662.14444,1.66667,43.14444,12.44444,1.64444,1.0,4.03704,13.11111,3.57778,11.81481,B5_1
520.72222,941.88889,157.0,240.19259,1544.81111,3251.88889,1.0,11.4,21.33333,3289.7,1.22222,46.81111,15.11111,2.17778,1.0,6.45185,8.86667,5.02222,14.44444,B5_2
653.27778,993.33333,210.77778,233.85556,2015.25556,3556.55556,1.2,3.1037,19.66667,2995.92222,1.11111,38.92222,17.55556,2.07407,1.0,6.7037,5.86667,2.59259,13.77778,B5_3
573.72222,855.11111,161.22222,275.18889,1508.58889,3167.66667,1.1,6.2,17.66667,2607.92222,1.22222,41.36667,13.0,2.4,1.0,9.1037,9.48889,4.22963,15.0,B5_4
592.27778,680.33333,117.33333,215.74444,1302.36667,2223.44444,1.1,4.0963,21.0,2450.7,1.0,42.03333,17.33333,2.5037,1.0,6.45185,2.62222,6.54815,14.77778,B5_5
703.05556,595.66667,174.88889,83.97407,1749.25556,2864.88889,1.32222,19.28148,22.33333,2319.7,1.0,44.47778,7.88889,1.97778,1.0,3.16296,17.24444,3.22963,17.22222,B5_6
597.72222,664.22222,179.11111,107.63333,1416.58889,3002.88889,1.2,12.85185,25.77778,2230.58889,1.11111,37.7,9.44444,1.31111,1.0,5.37037,16.35556,6.45185,17.77778,B5_7
617.27778,765.33333,212.88889,148.74444,1851.81111,3326.22222,1.1,6.2,18.77778,2104.58889,1.0,38.7,11.0,1.75556,1.0,7.45185,9.73333,5.02222,15.66667,B5_8
580.27778,819.66667,174.0,128.18889,1627.03333,2112.55556,1.0,6.2,23.11111,2036.7,1.11111,31.25556,8.33333,1.74074,1.0,6.34074,6.11111,2.60741,17.66667,B5_9
749.28889,75.66667,109.75556,34.2,1978.18889,515.77778,1.0963,12.11111,50.06667,2279.25556,1.55556,19.68889,3.44444,6.26667,1.0,3.24444,8.11111,4.35185,32.84444,B6_0
739.4,84.88889,118.31111,60.08889,1886.52222,435.44444,1.19259,9.88889,43.73333,1980.81111,2.22222,16.57778,6.0,6.82222,1.0,4.40741,9.73333,6.68519,36.73333,B6_1
775.95556,90.66667,111.97778,65.19259,2126.74444,521.88889,1.0,7.66667,52.84444,1844.14444,2.0,17.04444,10.77778,5.71852,1.0,3.24444,14.62222,4.55556,32.17778,B6_2
803.73333,66.33333,104.86667,36.98148,2135.96667,562.88889,1.19259,6.55556,30.28889,1771.03333,1.22222,16.71111,4.44444,4.94074,1.77778,3.54815,9.73333,4.77778,31.17778,B6_3
706.84444,67.44444,100.86667,49.75185,1913.96667,550.55556,1.0963,4.33333,35.73333,1697.47778,1.33333,15.02222,7.0,5.17037,1.77778,9.37778,1.62222,4.0,30.62222,B6_4
794.51111,70.55556,117.86667,72.97778,2184.52222,786.77778,1.0963,5.44444,36.51111,1649.92222,2.0,18.46667,5.33333,4.71111,1.0,6.23704,6.48889,2.98148,42.06667,B6_5
765.4,74.66667,111.86667,54.97407,2070.3,495.22222,1.0963,5.44444,45.73333,1571.58889,2.22222,17.48889,7.33333,5.28148,1.0,6.34815,7.11111,2.40741,28.84444,B6_6
700.51111,98.0,96.64444,55.08889,1963.41111,224.11111,1.0,5.44444,35.95556,1498.03333,1.77778,20.46667,7.66667,3.94074,1.0,3.85185,11.37778,3.62963,23.17778,B6_7
843.95556,63.55556,110.08889,80.63333,2214.3,528.0,1.20741,3.22222,30.17778,1471.36667,1.66667,19.71111,10.66667,5.05185,1.0,9.87407,12.73333,1.96296,23.62222,B6_8
675.73333,84.77778,97.31111,96.1963,1882.96667,441.66667,1.0963,6.55556,30.06667,1413.92222,1.22222,18.04444,9.33333,3.94815,1.0,8.79259,2.62222,3.55556,24.28889,B6_9
412.94444,32.22222,54.42222,15.15556,1158.37778,606.0,1.11111,59.77778,3.82222,471.96667,1.1037,7.66667,2.0,1.88889,1.0,2.88889,5.66667,2.16296,6.75556,B7_0
470.72222,38.11111,45.64444,30.6,1397.26667,530.11111,1.0,140.44444,4.74444,435.41111,1.0,9.77778,2.0,2.11111,1.0,4.0,1.0,2.27407,3.58519,B7_1
417.94444,64.66667,55.75556,15.84444,1293.93333,819.66667,1.0,103.0,3.53333,382.63333,1.20741,4.0,3.0,1.44444,1.0,1.33333,3.77778,2.17778,5.91852,B7_2
455.27778,40.0,54.75556,4.24444,1406.93333,595.77778,1.0,175.33333,6.3,361.3,1.0,8.44444,2.33333,1.66667,1.77778,2.11111,7.66667,2.17778,3.91852,B7_3
503.61111,31.22222,59.31111,25.48889,1494.82222,994.44444,1.0,106.44444,5.52222,329.96667,1.1037,9.55556,1.0,1.11111,1.0,2.55556,5.77778,1.0963,4.53333,B7_4
372.72222,36.11111,45.75556,20.26667,1070.04444,747.66667,1.0,59.88889,3.01111,288.18889,1.0,7.55556,2.0,1.22222,1.0,4.22222,1.88889,2.7037,4.25926,B7_5
334.38889,33.33333,44.53333,13.53333,1001.26667,371.77778,1.11111,54.0,4.37778,267.3,1.0,12.11111,3.22222,1.77778,1.77778,2.11111,3.77778,3.4963,3.91852,B7_6
454.38889,50.33333,56.86667,29.66667,1257.48889,852.66667,1.0,131.22222,4.74444,267.3,1.1037,17.66667,3.33333,1.88889,1.77778,3.88889,3.77778,1.19259,1.87407,B7_7
376.27778,35.33333,40.75556,4.24444,1108.37778,228.22222,1.0,76.0,3.93333,267.3,1.0,6.77778,3.77778,2.0,1.0,4.33333,2.88889,1.19259,4.63704,B7_8
405.5,36.11111,43.08889,4.24444,1212.37778,585.55556,1.0,66.66667,2.75556,267.3,1.0,7.22222,1.0,1.55556,2.66667,8.88889,1.88889,2.27407,4.31111,B7_9
496.18889,55.22222,372.25556,32.90741,1214.71111,199.77778,1.44444,201.27778,62.78889,528.92222,1.0,13.6,18.98519,2.84444,1.0,6.42222,5.28889,4.22222,66.55556,B8_0
385.52222,58.44444,331.47778,40.57407,978.15556,51.77778,1.33333,307.83333,53.78889,461.03333,1.0,15.8,16.95556,2.84444,1.0,6.57778,2.82222,2.55556,74.66667,B8_1
371.74444,30.22222,306.14444,40.57407,911.93333,166.55556,2.0,223.61111,48.23333,445.36667,1.0,16.57778,14.65185,2.18519,1.0,4.04444,9.11111,2.64444,65.55556,B8_2
388.63333,53.44444,302.58889,48.7037,971.6,279.55556,2.0,203.83333,51.34444,445.36667,1.0,16.91111,16.65185,2.62963,1.0,13.44444,2.82222,2.88889,33.0,B8_3
404.85556,53.66667,336.14444,48.81481,983.48889,252.77778,1.44444,222.38889,57.01111,398.36667,1.0,13.82222,16.4,2.62963,1.0,5.4,1.82222,4.95556,52.55556,B8_4
505.41111,76.77778,419.81111,59.14815,1180.04444,365.55556,2.88889,217.72222,64.9,382.36667,1.0,21.57778,21.95556,1.97778,2.55556,11.68889,12.11111,4.91111,85.11111,B8_5
448.63333,60.66667,366.81111,61.92593,1029.26667,306.0,1.22222,296.16667,59.23333,350.36667,1.1037,15.02222,17.06667,2.18519,1.0,7.55556,2.82222,3.62222,83.33333,B8_6
366.3,43.11111,292.92222,37.55556,837.6,109.11111,1.33333,160.38889,48.67778,350.36667,1.0,16.91111,16.65185,1.1037,1.0,6.4,1.82222,6.82222,55.55556,B8_7
370.74444,48.33333,309.58889,22.0,913.48889,117.11111,1.66667,218.94444,53.45556,350.36667,1.0,20.51111,14.0963,1.42963,1.0,9.62222,4.64444,5.37778,71.22222,B8_8
414.3,66.55556,362.03333,87.94444,960.6,218.0,1.66667,219.2963,56.01111,350.36667,1.1037,19.02222,16.54074,2.51852,1.0,8.55556,3.46667,3.62222,38.25926,B8_9
754.88889,81.55556,134.97778,24.8037,1591.97778,400.44444,1.0,413.53333,25.98889,1773.67778,1.0,50.68889,5.88889,6.11111,1.0,4.22222,1.88889,1.77778,15.62222,B9_0
795.0,96.88889,134.97778,19.57778,1635.31111,369.66667,1.0,490.64444,28.76667,1663.23333,1.0,59.24444,5.0,7.88889,1.71852,3.44444,1.88889,2.28889,17.06667,B9_1
775.88889,80.77778,134.31111,45.47407,1582.31111,334.88889,1.11111,468.42222,27.21111,1563.78889,1.0,43.35556,5.22222,6.0,1.71852,2.88889,3.77778,2.6,15.51111,B9_2
816.33333,50.44444,110.86667,35.02222,1678.42222,260.77778,1.0,434.75556,25.1,1495.67778,1.11111,41.35556,6.44444,6.44444,1.0,5.77778,3.77778,1.8,13.98519,B9_3
745.44444,63.55556,129.86667,9.35556,1496.97778,400.66667,1.0,355.97778,26.65556,1463.56667,1.0,42.91111,6.0,7.33333,1.0,3.0,3.88889,1.77778,16.84444,B9_4
739.55556,77.55556,114.2,40.02222,1567.53333,215.88889,1.11111,432.08889,24.1,1395.67778,1.0,43.68889,7.33333,4.44444,1.71852,4.77778,7.55556,1.46667,13.95556,B9_5
721.44444,66.55556,112.31111,24.57037,1535.97778,351.33333,1.0,351.53333,23.87778,1359.12222,1.0,32.93333,8.33333,5.55556,1.0,6.0,8.55556,1.46667,14.73333,B9_6
701.33333,80.66667,128.97778,24.68889,1460.31111,277.33333,1.0,346.75556,25.65556,1291.23333,1.0,48.68889,4.77778,5.88889,1.0,1.77778,3.77778,2.44444,12.51111,B9_7
748.11111,73.66667,121.31111,34.90741,1558.64444,330.77778,1.22222,374.86667,24.1,1265.12222,1.0,53.02222,7.77778,4.11111,1.71852,4.77778,11.55556,1.46667,14.95556,B9_8
711.33333,84.77778,109.97778,14.12222,1582.86667,297.88889,1.0,323.53333,21.1,1212.23333,1.0,46.46667,2.66667,3.88889,1.71852,4.44444,3.77778,1.46667,14.51111,B9_9
1472.22222,507.57778,1154.95556,571.28889,3728.25556,55.66667,1.33333,7.97778,195.92222,11853.81111,12.6,17.44444,64.28889,40.55556,2.55556,18.66667,34.77778,18.53333,215.91111,C1_0
1335.22222,533.8,1080.4,610.06667,3470.47778,70.11111,1.33333,11.22222,197.36667,11433.92222,9.93333,24.88889,57.06667,39.77778,1.0,13.88889,44.77778,15.31111,248.13333,C1_1
1336.44444,487.35556,1095.95556,692.4,3483.14444,154.44444,1.66667,5.04444,209.92222,10914.14444,10.15556,16.33333,75.51111,48.33333,1.0,12.88889,70.66667,12.78519,311.68889,C1_2
1268.44444,486.24444,1003.4,581.73333,3337.7,64.0,1.44444,14.04444,203.14444,10426.03333,10.71111,14.44444,67.06667,42.44444,1.0,13.44444,33.0,17.42222,302.91111,C1_3
1360.88889,447.02222,1083.06667,617.84444,3398.47778,123.44444,1.66667,8.68889,181.14444,9990.36667,8.15556,20.22222,69.06667,49.77778,1.77778,9.77778,54.66667,14.75556,280.91111,C1_4
1312.55556,575.13333,1101.17778,566.06667,3675.36667,86.44444,1.77778,7.17778,188.58889,9638.58889,6.82222,20.11111,60.84444,61.55556,1.0,7.88889,39.11111,13.1037,259.46667,C1_5
1220.0,393.24444,1026.06667,602.06667,3180.14444,14.66667,1.22222,3.02222,190.25556,9307.92222,8.04444,13.33333,58.84444,52.11111,1.0,7.66667,19.22222,11.42222,232.24444,C1_6
1229.0,454.24444,992.73333,633.17778,3500.03333,90.44444,2.55556,4.84444,195.81111,9077.14444,6.15556,14.55556,55.51111,74.44444,1.0,7.44444,38.66667,10.2,317.91111,C1_7
1131.66667,436.8,1074.17778,462.84444,3342.14444,168.44444,2.55556,7.97778,180.47778,8898.58889,6.6,17.66667,44.84444,79.33333,1.77778,14.11111,52.55556,10.65926,316.35556,C1_8
1226.55556,458.91111,1010.17778,545.51111,3428.03333,33.11111,1.33333,1.91111,197.36667,8714.92222,5.4963,14.88889,51.95556,65.44444,1.0,16.66667,28.22222,11.21481,334.8,C1_9
606.32222,454.33333,206.13333,242.92222,1041.91111,19.98889,1.52593,4.01481,163.73333,10287.27778,4.82222,7.36667,19.77778,7.97778,2.66667,9.88889,13.35556,8.18889,16.13333,C13_0
491.54444,572.33333,169.57778,122.95185,1067.24444,24.94444,1.31111,1.95185,138.73333,9615.38889,9.6,5.5,23.66667,7.64444,1.0,7.11111,10.28889,4.6037,27.35556,C13_1
515.43333,552.22222,169.24444,148.21481,1142.35556,21.46667,1.1037,6.18889,179.28889,8933.16667,5.93333,11.95556,35.88889,5.75556,1.0,8.44444,12.28889,7.00741,19.57778,C13_2
489.54444,619.88889,148.46667,93.88148,1061.8,33.27778,1.0,8.25185,161.4,8350.72222,8.04444,9.21111,35.22222,7.64444,1.0,8.22222,14.0,7.53333,18.8,C13_3
495.21111,545.22222,152.57778,161.3963,1025.02222,21.46667,1.0,6.34815,166.4,7788.94444,7.05185,6.65556,16.55556,6.86667,1.77778,9.11111,15.64444,8.6037,21.24444,C13_4
483.1,579.55556,133.35556,186.65926,1121.91111,10.7,1.1037,1.0,177.62222,7448.05556,6.48889,8.81111,29.33333,5.00741,1.0,7.77778,21.75556,8.93704,23.57778,C13_5
457.87778,465.44444,157.24444,194.54815,934.13333,82.61111,1.1037,4.01481,139.28889,7096.61111,6.6,5.24444,24.55556,7.43704,1.0,7.66667,14.11111,8.56296,22.91111,C13_6
475.1,527.0,162.02222,176.54815,870.57778,86.72222,1.1037,10.47407,133.95556,6750.38889,6.71111,2.48889,21.22222,6.97778,1.0,10.66667,11.75556,14.11852,23.35556,C13_7
422.76667,441.0,126.24444,99.72963,904.57778,115.38889,1.1037,2.9037,150.17778,6225.72222,5.82222,8.62222,26.88889,5.86667,1.0,6.44444,16.75556,7.86667,17.57778,C13_8
476.65556,562.33333,143.02222,199.03333,952.46667,152.93333,1.0,7.02963,172.95556,5926.61111,7.27407,7.32222,23.22222,4.67407,2.66667,7.55556,36.13333,5.38148,19.8,C13_9
1979.21111,356.43333,371.75556,71.13333,4986.3,12.2,1.0,3.14074,62.0,11948.92222,2.4,27.22222,4.66667,26.66667,1.0,5.04444,12.33333,2.56296,101.02222,C14_0
2001.87778,244.32222,360.42222,59.62222,5052.63333,53.31111,1.1,1.0,63.11111,11108.92222,5.17778,27.22222,6.77778,28.11111,3.44444,3.68889,12.33333,3.98148,66.91111,C14_1
1742.76667,285.76667,343.31111,14.86667,4547.07778,146.62222,1.1,2.02963,56.66667,9817.47778,3.62222,18.44444,6.0,25.0,1.0,3.54815,3.77778,3.7,101.57778,C14_2
1630.76667,239.21111,339.64444,19.66667,4307.07778,91.17778,1.0,3.14074,65.0,8563.14444,5.26667,17.22222,7.77778,21.33333,3.44444,3.1037,5.66667,4.95556,78.46667,C14_3
1499.87778,256.43333,321.53333,36.4,3777.52222,86.68889,1.0,2.02963,67.0,8242.92222,4.35556,18.77778,3.44444,20.0,1.0,3.71111,8.44444,4.17778,42.57778,C14_4
1414.43333,164.54444,262.86667,53.13333,3615.07778,99.66667,1.0,2.02963,37.55556,7949.03333,2.82222,19.0,5.77778,15.55556,1.0,2.8,8.33333,4.17778,26.8,C14_5
1361.98889,161.32222,288.53333,24.02222,3645.74444,84.95556,1.0,2.02963,43.55556,7692.25556,3.08889,13.88889,3.11111,15.77778,2.66667,5.2963,9.33333,3.03333,45.91111,C14_6
1425.21111,164.43333,297.42222,33.84444,3407.63333,22.42222,1.0,2.02963,44.11111,7277.58889,3.11111,13.0,3.11111,14.77778,1.0,3.54815,8.55556,2.87037,29.91111,C14_7
1299.54444,170.76667,311.64444,10.82222,3697.07778,65.26667,1.1,1.0,47.33333,6873.58889,3.06667,15.33333,4.55556,15.33333,3.44444,2.8,9.33333,6.5963,59.13333,C14_8
1249.98889,161.54444,344.53333,50.57778,3453.3,126.71111,1.2,8.45185,65.33333,6579.7,3.4,14.0,6.88889,23.11111,1.0,9.87407,9.44444,3.2037,72.35556,C14_9
1231.66667,1083.44444,216.9,305.94444,4667.77778,164.55556,1.22222,6.07778,194.61111,25468.78889,12.45556,8.88889,41.88889,37.11111,1.0,12.45926,14.75556,1.42222,51.37778,C15_0
1166.88889,920.77778,207.23333,246.83333,4434.22222,131.55556,1.33333,10.47407,178.16667,23148.9,10.78889,8.33333,32.88889,38.77778,2.43704,12.87407,10.11111,2.31852,57.48889,C15_1
1158.55556,1141.11111,179.67778,241.61111,4669.0,240.22222,1.0,8.25185,185.05556,21749.78889,11.45556,7.66667,38.22222,27.55556,1.0,8.12593,23.46667,2.31852,42.04444,C15_2
1170.88889,1016.66667,184.01111,225.37037,4901.44444,187.22222,1.0,8.09259,169.83333,21266.01111,10.67778,10.0,32.77778,28.44444,1.71852,11.87407,20.4,2.37037,40.15556,C15_3
983.44444,904.55556,173.45556,182.16667,3512.22222,472.44444,1.11111,3.06296,164.83333,20467.01111,8.78889,7.88889,22.88889,29.22222,1.71852,14.51111,15.93333,2.22963,36.82222,C15_4
1093.0,902.66667,158.45556,228.61111,4325.77778,207.44444,1.11111,5.12593,153.94444,19867.56667,7.56667,9.44444,28.0,25.11111,1.71852,11.95556,17.64444,3.8963,39.04444,C15_5
1114.33333,866.33333,157.67778,197.83333,5061.33333,191.22222,1.11111,2.9037,145.16667,19231.45556,8.45556,9.22222,22.22222,28.44444,1.71852,13.20741,7.28889,1.42222,44.15556,C15_6
1270.66667,960.11111,161.56667,190.05556,7505.66667,109.0,1.0,4.01481,149.5,18779.34444,10.9,13.22222,35.11111,21.44444,1.0,14.4,7.28889,5.06667,31.93333,C15_7
1193.22222,1097.44444,192.01111,202.83333,6477.22222,102.88889,1.11111,5.23704,166.61111,18511.23333,12.34444,11.0,32.66667,18.44444,1.71852,10.68148,9.93333,4.2,30.6,C15_8
1161.55556,977.33333,152.78889,184.83333,5521.33333,221.88889,1.0,1.95185,151.16667,18017.45556,9.45556,8.11111,30.11111,18.55556,1.0,11.73333,13.93333,3.67407,30.37778,C15_9
1469.65556,2661.0,282.13333,666.51111,7138.07778,333.93333,1.18889,1.94815,315.55556,33887.83333,33.11111,14.66667,103.22222,9.6,1.0,4.0,2.88889,4.74444,19.6,C16_0
1391.43333,2396.11111,230.91111,627.73333,7124.74444,183.57778,1.0,8.12593,313.77778,32412.83333,35.0,15.11111,106.44444,7.4963,1.0,8.88889,6.44444,7.52963,17.48889,C16_1
1294.76667,2580.0,237.02222,601.95556,6526.3,239.13333,1.0,1.94815,326.22222,30870.27778,32.22222,7.44444,93.66667,12.15556,1.0,7.77778,13.44444,7.41111,28.82222,C16_2
1314.1,2531.44444,218.35556,467.62222,6345.41111,126.73333,1.0,4.00741,273.44444,29853.94444,27.33333,17.44444,90.44444,6.6,1.0,7.0,4.66667,3.97778,23.15556,C16_3
1218.76667,2500.22222,231.02222,534.73333,6298.74444,191.8,1.07778,5.11852,275.44444,28880.16667,30.0,11.33333,91.44444,8.37778,1.0,7.55556,7.55556,6.53333,26.15556,C16_4
1222.54444,2209.0,243.13333,514.4,5647.85556,142.57778,1.0,5.11852,269.22222,27690.72222,27.11111,15.44444,78.66667,9.82222,1.0,8.88889,10.44444,5.63333,21.71111,C16_5
1243.87778,2315.0,241.13333,570.84444,5810.07778,161.37778,1.0,4.00741,278.55556,26843.61111,28.33333,13.44444,77.33333,8.37778,1.0,10.44444,8.44444,6.63704,22.04444,C16_6
1194.43333,2234.33333,239.24444,565.95556,5706.18889,115.91111,1.23333,4.95556,270.88889,26233.05556,25.22222,12.66667,77.66667,7.71852,1.0,8.11111,11.44444,7.74444,20.71111,C16_7
1152.32222,2183.55556,218.13333,465.4,5522.52222,259.68889,1.07778,4.00741,273.0,25538.83333,26.77778,12.55556,71.33333,7.93333,3.44444,9.88889,8.66667,7.74815,25.26667,C16_8
1176.76667,2077.44444,248.46667,491.06667,5419.3,249.46667,1.0,4.00741,269.44444,24644.27778,23.66667,11.55556,63.0,10.26667,1.77778,8.44444,8.55556,6.86296,28.48889,C16_9
2614.25556,254.22222,549.34444,69.92593,12848.65556,141.17407,1.0,6.55556,78.02222,30545.81111,5.91111,24.82222,25.55556,16.66667,1.0,27.4,44.77778,3.15556,91.64444,C17_0
2606.7,401.77778,339.34444,79.85185,11701.1,403.03333,1.33333,6.55556,64.8,29350.92222,4.62222,17.37778,17.0,17.66667,1.0,15.65185,37.0,3.54074,57.2,C17_1
2425.14444,219.88889,311.67778,90.7037,11509.1,584.03333,3.44444,2.11111,63.02222,28561.25556,3.28889,17.71111,15.44444,13.33333,1.77778,21.87407,20.22222,5.47407,64.53333,C17_2
2342.03333,217.88889,291.12222,110.74074,11033.65556,212.54815,2.55556,5.44444,67.02222,27877.25556,5.02222,17.04444,20.88889,12.88889,1.0,16.31852,15.33333,4.31852,60.53333,C17_3
2488.92222,220.88889,330.01111,82.51852,11275.43333,300.36667,1.33333,4.33333,64.68889,27235.03333,5.35556,19.48889,25.33333,11.77778,1.0,17.31852,36.88889,2.54074,73.31111,C17_4
2495.7,211.88889,300.78889,85.18519,11301.21111,507.92222,1.0,1.0,55.8,26651.14444,3.62222,15.86667,19.11111,13.77778,1.0,15.4,28.11111,5.08148,60.75556,C17_5
2394.03333,230.0,316.9,72.48148,10878.87778,204.32593,1.11111,6.55556,58.91111,26335.14444,6.35556,24.2,21.44444,13.33333,1.0,27.0963,19.11111,5.80741,72.08889,C17_6
2386.36667,303.77778,363.9,84.66667,10777.76667,388.81111,1.44444,1.0,70.24444,25719.47778,6.04444,17.26667,16.55556,11.66667,1.0,18.68148,32.77778,9.37037,77.08889,C17_7
2339.25556,191.77778,230.01111,74.11111,10681.32222,194.1037,1.0,5.44444,49.13333,25161.92222,4.8,12.31111,15.55556,11.11111,1.0,14.51111,11.33333,4.97778,42.97778,C17_8
2276.03333,353.11111,329.01111,105.33333,9922.54444,335.88148,1.22222,1.0,72.57778,24940.81111,6.13333,14.75556,14.77778,11.0,1.0,21.73333,35.88889,5.41481,70.42222,C17_9
1011.68889,3582.57778,197.28889,694.13333,4492.43333,10.08889,1.0,4.33333,219.48889,19623.73333,32.44444,7.83333,92.44444,4.65926,1.0,7.33333,4.75556,3.85926,15.4,C18_0
1057.24444,3660.24444,191.17778,885.02222,4634.43333,144.13333,1.1037,7.66667,237.71111,18908.73333,35.33333,6.38889,104.77778,5.99259,1.0,9.66667,6.75556,2.47778,12.62222,C18_1
998.46667,3551.8,180.84444,735.46667,4480.87778,14.2,1.1037,8.77778,228.71111,18409.28889,38.55556,4.28889,104.0,9.08889,1.0,5.0,17.13333,3.90741,11.06667,C18_2
1049.68889,3317.24444,186.06667,691.46667,4119.76667,38.0,1.0,6.55556,216.37778,17768.51111,29.33333,5.23333,102.77778,5.75556,1.0,9.22222,5.37778,2.3037,11.73333,C18_3
924.46667,3124.02222,178.06667,640.02222,4015.87778,105.51111,1.0,2.11111,217.37778,17395.17778,29.22222,7.6,96.88889,4.64444,1.0,9.66667,2.68889,7.22593,10.76296,C18_4
901.46667,3049.02222,215.51111,624.35556,3827.32222,74.73333,1.1037,7.66667,187.48889,16995.84444,24.55556,4.6,95.66667,7.97778,1.0,6.55556,2.68889,3.41481,15.17778,C18_5
862.46667,2909.46667,192.17778,578.13333,3683.65556,4.73333,1.1037,5.44444,210.6,16733.06667,25.44444,4.16667,91.55556,7.00741,1.0,7.44444,8.75556,4.4,13.84444,C18_6
925.24444,2894.24444,195.4,503.35556,3770.98889,76.35556,1.20741,4.33333,201.04444,16207.84444,25.0,2.57778,90.88889,9.64444,1.0,6.33333,10.64444,6.33704,14.28889,C18_7
843.91111,2521.35556,186.28889,559.91111,3368.32222,189.84444,1.42963,12.22222,204.37778,15635.51111,25.11111,3.64444,97.22222,9.86667,1.0,9.0,11.75556,6.78148,16.17778,C18_8
794.35556,2354.24444,171.51111,518.68889,2980.98889,112.48889,1.1037,3.22222,154.6,15020.51111,23.44444,3.97778,66.66667,8.64444,1.0,7.66667,10.13333,8.67037,16.4,C18_9
2144.41111,2085.16667,2054.21111,836.15556,4861.21111,109.11111,2.13333,1.0,576.72222,21390.62222,29.04444,11.11111,121.77778,55.77778,1.77778,4.33333,30.0,3.51852,283.88889,C19_0
2097.74444,2068.16667,2163.1,934.15556,5116.21111,232.0,1.8,3.27778,575.5,20649.28889,29.37778,10.22222,119.44444,50.11111,3.44444,7.11111,24.44444,7.56296,295.0,C19_1
2148.07778,2004.27778,2095.98889,913.71111,4871.98889,269.33333,1.97778,4.03704,534.83333,19944.95556,26.48889,15.55556,104.44444,47.0,1.77778,7.66667,12.33333,9.21481,295.0,C19_2
2080.85556,1966.83333,1990.1,795.04444,4843.54444,269.0,2.02222,8.12963,540.83333,19282.28889,32.15556,14.11111,123.44444,45.77778,1.0,7.88889,6.55556,51.00741,275.11111,C19_3
1931.07778,1804.38889,1902.87778,712.37778,4499.87778,626.66667,2.08889,6.25926,513.83333,18793.51111,26.15556,15.88889,94.77778,37.66667,1.77778,7.11111,18.33333,40.8963,264.0,C19_4
1938.52222,1896.16667,2017.32222,751.04444,4439.98889,219.77778,1.77778,5.61111,525.94444,18341.84444,24.37778,16.55556,94.0,39.88889,2.66667,5.55556,15.22222,10.74074,256.88889,C19_5
1981.96667,1821.27778,1850.98889,707.26667,4511.21111,593.88889,2.15556,4.74074,486.38889,18015.95556,28.48889,16.77778,100.33333,37.44444,1.77778,6.44444,9.44444,25.42222,193.55556,C19_6
1889.41111,1826.38889,1955.76667,836.26667,4530.98889,332.88889,2.4,2.87037,518.72222,17679.51111,27.04444,17.11111,102.88889,38.44444,1.0,6.55556,28.0,34.34074,291.0,C19_7
1873.3,1882.27778,1911.65556,874.82222,4539.43333,421.11111,1.17778,3.27778,527.05556,17269.62222,24.6,12.77778,92.44444,41.0,1.0,7.11111,23.11111,62.1037,306.22222,C19_8
1862.3,1880.16667,1908.54444,857.04444,4513.65556,275.22222,1.62222,5.5,466.94444,16991.17778,24.15556,12.33333,107.66667,47.55556,1.77778,7.11111,23.22222,32.8963,226.77778,C19_9
621.63333,303.77778,348.42222,232.07778,2108.12222,61.88889,1.33333,13.22222,71.42222,4419.16667,3.33333,54.13333,84.33333,16.13333,1.0,26.11111,62.33333,16.2963,65.64444,C2_0
610.74444,365.55556,343.2,182.96667,2183.67778,121.22222,1.11111,22.66667,80.53333,4146.61111,3.77778,53.68889,102.66667,10.46667,1.0,23.0,49.66667,15.96296,62.2,C2_1
553.96667,344.22222,331.86667,146.19259,1821.67778,59.88889,1.11111,7.66667,60.86667,3989.05556,2.88889,57.68889,78.0,10.02222,1.77778,17.55556,63.33333,17.07407,58.97778,C2_2
583.3,288.55556,305.31111,146.96667,1953.01111,64.0,1.22222,21.33333,57.53333,3868.61111,2.44444,48.46667,65.0,13.57778,1.77778,20.66667,56.33333,11.31481,54.86667,C2_3
524.63333,237.11111,354.75556,188.07778,1652.12222,43.44444,1.11111,13.55556,49.42222,3773.94444,1.88889,31.8,27.33333,10.13333,1.0,14.33333,128.66667,7.33333,46.53333,C2_4
550.74444,319.0,317.53333,208.96667,1808.23333,216.0,1.33333,5.44444,66.75556,3700.83333,2.55556,53.02222,58.11111,18.68889,1.77778,14.33333,42.55556,10.53704,60.42222,C2_5
548.07778,282.44444,333.64444,92.19259,1760.56667,31.11111,1.11111,8.77778,57.75556,3638.16667,2.11111,52.91111,51.44444,22.02222,1.0,17.22222,67.44444,14.51852,47.42222,C2_6
607.52222,273.44444,357.42222,138.52593,1919.56667,82.55556,1.0,3.22222,65.31111,3564.27778,4.11111,49.46667,73.22222,12.8,1.0,12.66667,61.55556,8.64815,50.08889,C2_7
607.3,384.55556,350.42222,172.08148,1960.9,78.11111,1.0,8.88889,78.2,3485.72222,3.22222,57.46667,92.44444,12.13333,1.77778,19.44444,26.11111,16.96296,61.75556,C2_8
524.18889,329.0,369.31111,147.07778,1834.45556,29.0,1.11111,5.44444,70.08889,3402.16667,3.77778,45.91111,63.22222,10.57778,2.55556,12.22222,82.22222,14.96296,38.42222,C2_9
1583.2,95.88889,119.45556,37.77407,7131.5,481.57778,1.0,4.17037,51.36667,18743.67778,1.85185,6.33333,7.22222,10.11111,1.0,6.13333,5.44444,1.0,15.0,C20_0
1590.31111,135.11111,101.12222,62.2037,7045.38889,610.91111,1.0,2.02963,45.47778,17850.23333,1.63704,7.22222,7.22222,12.66667,1.77778,7.42222,7.55556,1.0,11.22222,C20_1
1447.86667,158.33333,112.9,73.28148,6939.38889,348.02222,1.22222,6.22963,41.14444,17177.56667,2.71111,7.11111,4.88889,9.11111,1.0,6.37037,2.77778,1.14815,14.33333,C20_2
1506.31111,129.11111,104.67778,68.05926,6463.83333,368.68889,1.0,2.02963,47.81111,16505.23333,1.96296,5.88889,4.0,13.55556,1.77778,7.91111,3.77778,1.0,11.44444,C20_3
1430.31111,146.33333,127.78889,56.48889,6406.83333,288.57778,1.11111,11.81481,43.36667,15690.78889,2.39259,4.44444,5.33333,10.0,1.0,8.65926,3.77778,1.0,16.33333,C20_4
1422.2,118.11111,108.12222,71.32963,5675.72222,358.24444,1.0,6.31111,48.25556,14571.78889,1.54074,4.88889,6.22222,12.77778,1.0,12.00741,1.88889,1.0,14.33333,C20_5
1309.31111,139.22222,113.12222,31.31481,5459.72222,284.35556,1.0,3.05926,49.7,13952.34444,2.07407,3.66667,9.66667,13.55556,1.0,3.60741,6.55556,1.0,12.66667,C20_6
1346.42222,135.22222,127.9,76.44074,5411.83333,286.46667,1.0,2.02963,53.81111,13468.78889,1.84444,5.22222,8.77778,13.66667,1.77778,9.1037,3.77778,1.0,15.66667,C20_7
1282.64444,133.0,128.78889,59.87037,5065.5,269.91111,1.11111,2.02963,61.36667,13085.45556,1.96296,10.0,12.77778,14.88889,1.77778,3.60741,5.55556,1.0,18.33333,C20_8
1253.97778,156.33333,140.23333,78.39259,4875.94444,311.13333,1.11111,2.02963,68.25556,12549.9,2.2963,7.44444,10.44444,14.66667,1.0,7.25926,9.44444,1.0,19.0,C20_9
1022.08889,404.88889,320.62222,111.35556,3452.94444,211.34444,1.11111,3.85556,103.25556,18251.84444,6.66667,8.91111,18.44444,16.75556,5.76296,7.74074,9.77778,2.97778,38.24444,C21_0
981.31111,312.88889,289.84444,116.95556,3288.61111,211.61481,1.22222,8.14074,92.25556,16764.84444,4.33333,7.93333,18.22222,14.75556,2.54815,6.98519,14.28889,2.57778,35.13333,C21_1
918.97778,204.88889,277.73333,114.51111,2894.38889,402.34444,1.11111,6.07778,83.81111,14978.62222,3.22222,10.62222,9.44444,13.31111,1.0,7.93333,19.28889,1.6,78.46667,C21_2
896.31111,220.11111,294.84444,109.4,2730.5,194.67778,1.11111,1.95185,85.03333,14206.62222,3.55556,12.93333,14.0,14.53333,1.0,6.74074,29.57778,3.06667,86.02222,C21_3
862.42222,193.66667,248.51111,75.84444,2744.05556,326.23333,1.33333,6.07778,85.03333,13812.4,3.77778,10.17778,10.77778,11.64444,1.0,6.04444,24.17778,2.73333,118.02222,C21_4
826.42222,187.66667,254.51111,63.06667,2755.83333,151.67778,1.11111,2.9037,90.03333,13471.28889,3.66667,12.48889,13.22222,12.2,1.0,4.15556,47.71111,4.11111,55.57778,C21_5
808.53333,171.66667,301.73333,101.51111,2670.27778,152.32963,1.33333,4.01481,91.25556,12809.4,5.22222,11.24444,15.77778,11.2,1.0,5.34815,15.53333,6.64444,48.91111,C21_6
820.08889,145.22222,275.4,132.51111,2655.61111,170.23333,1.55556,4.01481,83.36667,12483.95556,3.22222,11.73333,14.0,8.08889,1.65926,4.54815,16.42222,4.37778,37.13333,C21_7
765.08889,179.44444,276.73333,160.73333,2553.38889,125.17037,1.33333,1.0,96.14444,12116.51111,3.11111,6.31111,14.0,11.2,1.65926,8.79259,11.53333,4.77778,18.57778,C21_8
764.97778,153.33333,366.62222,101.51111,2575.27778,330.45556,1.11111,2.9037,94.14444,11675.4,4.55556,7.84444,10.88889,11.75556,1.0,8.57037,14.28889,4.35556,66.13333,C21_9
2971.57778,5495.62222,1477.81111,662.62222,12061.55556,7856.77778,1.66667,9.88889,636.32222,24448.44444,55.0,41.66667,176.77778,44.33333,1.0,16.0963,103.46667,18.51111,93.04444,C22_0
2722.8,4286.73333,1074.03333,727.06667,10744.44444,7370.44444,1.88889,8.88889,613.76667,23002.44444,55.66667,49.66667,183.55556,41.22222,1.0,9.68148,90.51111,10.95556,93.15556,C22_1
2569.02222,4836.51111,1081.14444,825.06667,10784.88889,5492.44444,1.66667,6.55556,578.1,21924.44444,53.11111,48.88889,172.55556,52.44444,1.77778,16.31852,63.62222,16.62222,92.48889,C22_2
2839.68889,4420.62222,1821.03333,693.4,11590.77778,6888.55556,2.77778,14.55556,563.21111,21361.77778,48.55556,55.44444,137.44444,38.77778,1.77778,16.28889,71.51111,10.05926,92.26667,C22_3
2453.8,3202.28889,1124.03333,665.17778,9676.66667,3192.11111,2.22222,12.33333,453.87778,20967.33333,42.66667,57.66667,117.22222,38.55556,1.77778,18.95556,87.51111,9.95556,90.6,C22_4
2297.35556,4258.95556,1203.47778,652.17778,10585.66667,4614.44444,2.0,8.77778,467.32222,20436.44444,41.44444,45.33333,140.77778,53.66667,1.0,19.06667,41.95556,11.06667,99.37778,C22_5
2020.91111,3732.95556,1244.92222,613.51111,9092.0,5719.22222,1.33333,6.55556,477.76667,20016.22222,44.11111,42.11111,143.11111,54.22222,1.0,20.4,50.95556,12.83704,131.71111,C22_6
2041.57778,2476.4,1233.14444,626.51111,7122.55556,4090.66667,1.66667,8.77778,445.65556,19605.88889,42.44444,39.11111,113.22222,42.33333,1.0,16.42963,48.06667,10.06667,117.26667,C22_7
1978.13333,2111.4,1046.14444,639.62222,7611.33333,2684.77778,1.22222,6.55556,432.98889,19363.88889,36.11111,34.11111,111.88889,58.66667,1.77778,16.87407,49.06667,10.84444,109.82222,C22_8
1977.57778,2421.95556,1083.47778,791.73333,7658.33333,4766.11111,2.77778,7.66667,436.43333,19143.33333,41.11111,34.77778,135.77778,44.33333,1.77778,23.4,39.95556,11.4,122.82222,C22_9
4411.01111,2954.22222,1083.51111,429.51111,17700.91111,74.0,1.72222,7.75926,380.57778,34921.73333,20.12222,8.35556,51.77778,28.22222,1.0,35.88889,24.0,39.68889,159.17778,C23_0
4583.01111,2741.77778,979.62222,395.95556,17856.57778,154.33333,1.2,3.92593,383.46667,34263.4,17.01111,8.8,53.22222,33.0,1.77778,30.22222,14.55556,44.84444,146.06667,C23_1
4508.67778,2568.88889,1000.17778,455.17778,17085.35556,41.0,1.94444,6.85185,367.35556,33725.95556,20.78889,12.82222,56.22222,23.88889,1.0,20.22222,25.0,39.62222,165.4,C23_2
4579.45556,2625.44444,936.62222,375.4,18004.57778,62.0,1.4,7.05556,404.57778,33141.28889,21.56667,17.93333,52.55556,33.77778,1.0,42.88889,26.88889,55.51111,144.28889,C23_3
4589.01111,2495.11111,968.4,475.84444,18179.46667,66.0,1.72222,6.25926,371.46667,32593.62222,19.12222,10.93333,59.11111,34.88889,1.0,24.0,19.0,34.46667,164.06667,C23_4
4599.23333,2403.0,951.51111,478.4,17504.02222,70.11111,2.38889,5.94444,369.02222,32014.4,20.34444,12.37778,61.11111,29.11111,1.77778,10.0,31.0,8.08889,146.95556,C23_5
4316.56667,2188.88889,1022.51111,416.73333,16107.91111,39.44444,2.15556,10.40741,372.46667,31340.06667,20.78889,14.42222,55.66667,26.33333,1.77778,22.33333,10.44444,35.06667,120.28889,C23_6
4368.9,2505.11111,946.84444,463.06667,17016.68889,57.88889,1.82222,6.25926,370.8,30655.84444,20.12222,16.04444,61.0,32.88889,1.0,15.44444,23.0,31.06667,136.51111,C23_7
4064.23333,2404.0,929.84444,406.4,15757.13333,131.88889,2.05556,2.81481,355.91111,29945.28889,19.67778,14.6,48.88889,26.77778,1.0,11.88889,39.88889,20.8,136.28889,C23_8
4147.01111,2234.22222,910.17778,416.73333,15898.35556,51.88889,1.73333,3.01852,344.91111,29508.62222,15.67778,16.37778,45.22222,31.11111,1.0,15.88889,12.55556,28.46667,157.51111,C23_9
1477.07778,1886.88889,930.25556,669.84444,3828.53333,67.2,1.55556,12.22222,442.33333,17178.83333,32.48889,11.66667,115.77778,19.11111,1.71852,2.55556,16.22222,4.93333,50.53333,C24_0
1397.18889,1518.66667,955.81111,546.17778,3890.08889,32.31111,1.22222,7.66667,368.55556,16847.72222,23.04444,8.11111,84.11111,33.0,1.0,4.88889,16.22222,4.26667,80.64444,C24_1
1412.18889,1905.88889,929.36667,651.84444,3702.97778,26.33333,1.11111,6.55556,438.11111,16369.61111,30.48889,12.77778,117.11111,30.33333,1.0,10.0,15.22222,9.51481,55.08889,C24_2
1423.85556,1359.44444,829.25556,528.06667,3765.97778,38.28889,1.0,5.44444,320.33333,16012.16667,26.48889,10.11111,89.66667,17.0,1.71852,5.33333,9.44444,6.12963,54.08889,C24_3
1388.3,2088.88889,845.47778,558.95556,3551.97778,64.95556,1.66667,11.11111,456.0,15802.27778,35.04444,8.11111,134.66667,15.11111,1.71852,4.22222,7.66667,6.87407,36.2,C24_4
1406.85556,2036.22222,935.36667,685.28889,3764.53333,124.13333,1.33333,8.88889,446.77778,15613.05556,34.37778,11.11111,128.22222,32.66667,1.0,7.77778,19.33333,7.95926,77.42222,C24_5
1305.52222,1891.77778,909.47778,613.17778,3384.86667,109.93333,1.55556,4.33333,412.44444,15466.05556,30.26667,14.88889,136.66667,17.44444,1.0,6.33333,14.22222,8.6,58.75556,C24_6
1345.52222,1792.77778,886.14444,628.51111,3454.75556,122.75556,1.66667,4.33333,419.77778,15224.5,27.82222,11.0,117.0,32.11111,1.0,4.33333,22.11111,6.71111,46.64444,C24_7
1340.96667,2078.55556,930.14444,716.28889,3575.2,101.95556,1.44444,2.11111,470.11111,15056.27778,31.71111,13.11111,116.0,27.44444,2.43704,5.55556,15.22222,6.0963,61.08889,C24_8
1327.18889,1953.33333,876.81111,680.17778,3253.42222,173.48889,1.22222,3.22222,449.66667,14867.27778,28.48889,10.33333,113.88889,20.88889,1.71852,5.55556,16.44444,5.56667,52.75556,C24_9
1186.56667,2789.82222,239.7,675.68889,5211.38889,701.35556,1.0,4.33333,269.52222,27823.84444,23.56667,11.11111,52.66667,11.34444,1.0,11.26667,8.55556,7.35185,27.62222,C25_0
1178.01111,2844.6,445.25556,611.24444,5118.27778,775.35556,1.08148,3.22222,261.85556,27081.95556,18.9,11.33333,50.44444,12.56667,1.0,11.42963,9.66667,6.24074,21.95556,C25_1
1173.34444,2688.82222,206.81111,626.8,5187.61111,543.46667,1.08148,5.44444,245.74444,26292.51111,22.01111,7.88889,52.44444,13.78889,1.0,10.57037,14.44444,5.87037,26.95556,C25_2
1123.56667,2747.48889,226.14444,580.35556,4877.16667,346.02222,1.16296,6.55556,243.96667,25855.73333,17.67778,9.66667,48.0,14.45556,1.0,12.45926,11.66667,4.81481,25.95556,C25_3
1144.23333,2444.04444,370.92222,533.8,4976.61111,471.13333,1.08148,6.55556,226.18889,25240.51111,16.67778,6.44444,38.22222,15.67778,1.0,17.68148,15.44444,6.7963,23.95556,C25_4
1117.45556,2430.93333,223.14444,521.13333,5026.05556,705.24444,1.0,6.55556,221.18889,24535.17778,19.56667,11.66667,49.0,15.67778,1.77778,10.82222,6.55556,9.05556,23.73333,C25_5
1093.12222,2394.6,212.36667,415.35556,4762.05556,471.35556,1.16296,5.44444,212.52222,23830.73333,18.78889,9.77778,46.33333,13.01111,2.66667,7.93333,5.66667,8.37037,25.06667,C25_6
1041.23333,2413.82222,279.7,515.91111,4519.83333,383.02222,1.46667,3.22222,229.74444,23199.51111,16.67778,12.0,43.0,13.78889,2.66667,10.62222,9.44444,4.12963,23.06667,C25_7
1000.23333,2337.04444,194.03333,567.35556,4531.5,251.46667,1.0,4.33333,218.3,22515.95556,16.67778,11.0,41.44444,14.12222,1.0,4.15556,5.77778,4.51852,27.73333,C25_8
948.78889,2019.71111,182.58889,399.68889,4000.72222,419.91111,1.08148,3.22222,201.96667,21716.62222,14.78889,9.66667,38.88889,15.78889,1.0,11.06667,19.44444,5.81481,24.62222,C25_9
3837.1,3080.15556,516.11111,604.05556,16444.46667,294.68889,1.31111,5.44444,228.95556,67090.48889,12.86667,55.91111,35.22222,51.44444,1.0,59.77778,6921.84444,6.52222,65.77778,C3_0
3632.54444,3091.48889,518.0,583.5,14609.68889,765.13333,1.1037,6.55556,244.17778,62566.15556,14.64444,69.02222,37.88889,66.11111,1.0,64.66667,6578.06667,2.27778,101.11111,C3_1
3474.32222,2858.93333,479.33333,524.27778,13821.68889,880.35556,1.20741,3.22222,210.06667,59677.93333,13.64444,54.24444,37.11111,48.77778,1.0,44.88889,7675.06667,7.17778,79.66667,C3_2
3289.32222,2868.93333,505.11111,521.38889,12552.8,500.02222,1.1037,2.11111,223.17778,57214.04444,11.64444,50.24444,42.0,56.44444,1.0,52.55556,5189.62222,2.6,96.55556,C3_3
3171.54444,2789.04444,420.55556,462.27778,13188.02222,695.24444,1.0,6.55556,206.73333,55655.15556,14.2,66.13333,40.0,49.33333,1.0,36.33333,5332.17778,2.25556,68.66667,C3_4
3254.32222,2735.48889,423.66667,511.16667,13640.91111,779.35556,1.1037,1.0,213.4,53525.04444,14.42222,52.02222,47.0,47.66667,1.0,46.88889,6930.4,5.75556,74.11111,C3_5
2580.1,2828.48889,387.77778,413.27778,10296.91111,423.91111,1.0,6.55556,234.51111,52031.26667,11.53333,49.8,33.11111,55.66667,1.0,59.55556,1788.28889,4.2,113.55556,C3_6
2962.87778,2509.82222,405.44444,570.5,12205.68889,571.91111,1.0,3.22222,206.17778,50768.37778,13.2,40.24444,39.55556,47.0,1.0,42.77778,5650.4,6.27778,74.0,C3_7
2850.98889,2544.26667,402.44444,377.05556,11362.02222,855.46667,1.0,2.11111,200.28889,49353.26667,11.42222,39.57778,39.66667,46.33333,1.0,52.11111,4491.95556,7.83333,82.33333,C3_8
2730.76667,2516.82222,388.0,384.83333,10746.02222,481.68889,1.1037,11.11111,207.28889,47859.48889,13.31111,41.24444,32.11111,38.66667,1.0,50.0,1423.84444,3.38889,72.0,C3_9
461.16667,177.77778,234.13333,142.21111,1648.17778,72.22222,1.0963,4.17037,65.66667,7543.1,6.0,12.77778,19.87407,12.66667,1.0,8.0,19.0,4.44444,44.8,C4_0
459.5,124.22222,229.8,132.1,1510.95556,19.0,1.0,7.34074,61.77778,7196.76667,3.88889,16.11111,21.62222,8.55556,1.77778,8.33333,25.71111,7.25926,36.02222,C4_1
496.16667,98.0,195.46667,128.18889,1538.84444,170.66667,1.0,2.02963,62.44444,6981.54444,6.55556,16.88889,25.4,12.0,1.0,7.77778,16.11111,5.37037,47.13333,C4_2
498.38889,130.11111,195.57778,133.18889,1533.95556,12.88889,1.0963,3.05926,65.77778,6724.54444,5.88889,16.11111,16.84444,10.66667,1.0,7.11111,20.17778,4.2963,35.57778,C4_3
528.16667,154.44444,220.68889,204.75556,1772.4,144.0,1.20741,5.28148,73.55556,6541.1,6.22222,14.33333,24.51111,23.33333,1.77778,8.88889,11.17778,3.62963,58.24444,C4_4
496.27778,127.11111,236.91111,240.86667,1574.62222,17.0,1.19259,7.34074,71.44444,6425.54444,5.11111,18.11111,23.73333,19.55556,1.0,7.33333,20.0,3.59259,56.02222,C4_5
470.27778,111.11111,171.13333,199.64444,1412.17778,30.88889,1.38519,4.36296,69.11111,6331.21111,3.77778,12.77778,23.73333,12.0,1.0,12.44444,25.82222,3.62963,37.46667,C4_6
496.38889,119.88889,188.02222,214.32222,1405.17778,66.0,1.0963,4.17037,57.33333,6215.32222,4.77778,12.77778,22.17778,8.44444,1.0,6.55556,17.82222,3.37037,30.35556,C4_7
433.72222,79.55556,147.68889,119.75556,1252.28889,97.0,1.0,10.59259,64.33333,6116.1,4.55556,8.88889,12.01481,8.22222,1.0,5.11111,26.0,2.7037,24.02222,C4_8
452.94444,103.0,167.91111,162.76667,1432.62222,26.88889,1.0963,5.11852,62.88889,6011.65556,3.77778,14.22222,16.98519,12.55556,2.66667,6.77778,27.71111,3.81481,37.6,C4_9
1156.06667,589.44444,945.6,339.43333,2734.73333,1312.66667,1.68519,4.33333,240.16667,9486.73333,27.22222,28.55556,114.28889,64.55556,1.0,9.08889,82.0,22.27778,300.75556,C5_0
1197.84444,631.88889,889.93333,426.98889,2921.95556,1228.66667,2.0,5.44444,280.27778,9072.17778,31.11111,29.33333,117.4,73.55556,1.0,14.13333,48.55556,27.16667,308.42222,C5_1
1152.51111,784.55556,781.37778,378.1,2728.84444,1181.33333,1.27778,3.22222,253.83333,8741.62222,32.44444,28.33333,119.28889,60.0,1.71852,8.64444,67.33333,25.40741,250.86667,C5_2
1198.84444,725.77778,853.48889,367.76667,2848.17778,961.55556,1.61111,6.55556,248.94444,8510.84444,30.0,27.33333,119.4,58.33333,2.60741,18.97037,57.44444,32.38889,239.2,C5_3
1203.62222,737.0,910.26667,275.1,2668.73333,1557.55556,1.81481,3.22222,235.16667,8353.17778,31.33333,24.77778,120.95556,47.77778,1.71852,14.91111,61.44444,37.40741,269.53333,C5_4
1041.06667,552.22222,864.93333,372.98889,2593.06667,1101.22222,1.62963,2.11111,220.94444,8237.95556,23.33333,32.88889,102.06667,51.88889,5.71111,16.80741,64.33333,20.85185,251.86667,C5_5
1093.4,445.11111,787.93333,388.43333,2597.06667,1261.44444,1.59259,6.55556,227.27778,8132.62222,18.11111,31.22222,106.06667,51.33333,1.71852,10.35556,94.11111,29.85185,253.75556,C5_6
969.62222,543.11111,752.82222,313.65556,2495.4,1078.66667,1.59259,7.77778,238.38889,7943.95556,24.0,26.22222,91.51111,57.44444,1.0,13.97037,60.33333,15.27778,273.31111,C5_7
961.06667,477.44444,802.15556,254.1,2398.95556,1084.66667,1.61111,3.22222,213.94444,7781.4,12.66667,27.33333,83.84444,58.0,1.71852,15.13333,54.66667,21.18519,268.2,C5_8
1038.73333,597.55556,724.71111,357.54444,2333.62222,850.55556,1.0,3.22222,227.94444,7650.17778,29.22222,28.44444,99.4,48.11111,1.0,7.3037,47.55556,17.18519,206.53333,C5_9
849.92222,1015.95556,629.01111,349.9,3113.38889,1629.66667,1.0,3.22222,241.88889,15631.75556,17.66667,41.11111,65.73333,57.0,1.0,6.04444,61.91111,10.31111,56.06667,C6_0
829.25556,1097.84444,486.23333,334.45556,2961.61111,191.22222,1.19259,1.0,237.66667,14775.42222,20.77778,16.66667,62.73333,8.0,1.0,8.54074,28.46667,3.72593,62.06667,C6_1
729.36667,1334.28889,415.23333,432.67778,2519.5,137.77778,1.19259,4.33333,287.0,14239.64444,27.0,10.66667,70.28889,8.77778,1.0,8.48889,22.53333,5.08889,40.95556,C6_2
755.81111,1234.06667,477.23333,285.56667,2675.94444,382.55556,1.0963,6.66667,289.0,13887.53333,19.44444,26.0,65.51111,21.77778,1.0,8.12593,60.8,4.05926,40.73333,C6_3
782.7,1093.84444,552.12222,321.78889,2843.61111,1570.33333,1.0963,3.22222,252.22222,13514.97778,14.88889,38.33333,57.95556,33.55556,1.0,7.48889,44.31111,6.45185,48.73333,C6_4
701.58889,1130.17778,459.12222,386.23333,2451.05556,614.77778,1.4,2.11111,280.0,13015.86667,22.77778,17.22222,61.95556,21.55556,2.66667,7.37778,54.26667,4.5037,39.4,C6_5
720.14444,1208.06667,414.23333,375.9,2525.5,672.0,1.0963,3.22222,249.77778,12511.75556,16.33333,18.0,59.51111,20.66667,1.77778,5.43704,32.77778,6.35185,31.95556,C6_6
676.81111,1180.62222,292.34444,468.78889,2530.27778,63.77778,1.0963,2.11111,254.33333,12049.64444,21.55556,6.0,69.06667,5.55556,1.0,8.87407,14.17778,3.72593,26.28889,C6_7
695.58889,991.95556,473.67778,381.01111,2340.38889,1114.11111,1.0963,1.0,242.44444,11729.42222,17.33333,22.55556,58.73333,40.11111,1.0,9.82222,25.71111,6.24074,34.73333,C6_8
675.81111,984.84444,426.9,386.23333,2318.05556,561.44444,1.0963,3.22222,232.11111,11372.53333,17.88889,20.88889,54.62222,17.11111,1.0,8.98519,42.6,8.63333,33.28889,C6_9
1292.48889,216.0,396.66667,34.31481,3696.76667,12.77778,1.1037,1.0,140.51111,2257.97778,1.1037,12.43333,5.05926,7.02222,1.6037,5.88889,5.55556,5.92593,185.24444,D1_0
1767.48889,256.22222,391.88889,83.37037,5129.76667,37.77778,1.1037,4.17037,117.17778,2147.86667,1.0,17.28889,4.84444,6.9,3.0963,6.11111,3.77778,5.20741,189.13333,D1_1
2127.93333,218.11111,354.88889,42.05556,5774.1,18.77778,1.53333,3.14074,115.17778,1974.97778,1.0,21.47778,6.18519,5.67778,2.20741,4.44444,3.77778,4.53333,195.57778,D1_2
1624.71111,224.0,311.11111,83.16667,4922.76667,17.22222,1.0,1.0,112.06667,1822.64444,1.0,18.7,7.07407,3.9,1.0,8.11111,6.77778,4.51111,222.24444,D1_3
1886.93333,218.0,317.88889,67.81481,5393.43333,29.0,1.20741,1.0,100.28889,1785.97778,1.0,17.02222,7.53333,6.34444,1.0,8.66667,1.0,5.31852,187.24444,D1_4
1627.04444,212.0,290.66667,60.12963,4959.65556,146.33333,1.42963,5.28148,113.17778,1670.86667,1.0,16.81111,5.08889,6.56667,1.0,5.77778,5.88889,3.17778,184.46667,D1_5
1456.93333,192.77778,252.44444,60.12963,4007.65556,33.33333,1.0,3.14074,95.84444,1534.31111,1.0,17.95556,7.85185,7.45556,1.0,7.33333,1.0,5.95556,190.13333,D1_6
945.37778,191.66667,268.33333,31.77778,3116.98889,15.0,1.20741,4.08889,103.17778,1476.75556,1.0,16.28889,2.52593,5.23333,1.6037,3.33333,1.88889,2.78519,220.13333,D1_7
1071.15556,178.66667,276.0,47.22222,3459.76667,35.55556,1.0,6.22963,93.62222,1413.2,1.0,16.17778,3.4,4.23333,1.0,7.88889,1.88889,2.75556,173.24444,D1_8
1033.15556,178.44444,221.0,70.35185,3208.76667,93.0,1.0,5.2,87.17778,1340.08889,1.0,10.51111,2.52593,5.68889,1.6037,4.77778,2.77778,3.45185,155.57778,D1_9
735.96667,195.27778,153.11111,104.61111,2008.24444,1093.11111,1.0,2.02963,61.33333,1202.72222,1.55556,112.04444,23.42963,3.94815,1.0,9.51111,10.28889,1.2037,49.4,D10_0
911.85556,201.38889,188.44444,75.57407,2363.46667,684.0,1.55556,1.0,72.77778,1103.27778,1.44444,123.82222,26.95556,2.17778,1.77778,13.4,8.28889,2.07407,55.62222,D10_1
704.96667,182.16667,159.55556,63.03704,2029.8,657.44444,1.0,2.02963,65.0,956.5,1.77778,131.15556,27.62222,1.53333,1.0,12.24444,51.37778,2.31481,45.4,D10_2
669.18889,163.05556,173.55556,47.48148,2005.46667,657.44444,1.11111,6.22963,87.11111,846.38889,1.55556,142.04444,17.73333,1.97037,1.77778,20.95556,7.46667,2.51852,44.51111,D10_3
728.3,478.16667,180.33333,73.5,2077.46667,1023.33333,1.0,13.95556,68.11111,799.38889,1.66667,106.04444,22.65185,2.97037,1.0,22.51111,6.28889,1.53704,48.06667,D10_4
649.3,188.16667,183.11111,34.12963,1946.57778,573.33333,1.55556,1.0,77.77778,736.72222,1.55556,135.15556,26.06667,2.07407,1.0,13.93333,7.28889,2.31481,52.95556,D10_5
464.52222,144.72222,145.44444,65.12963,1404.8,622.55556,1.0,5.2,75.0,673.61111,1.55556,150.26667,20.51111,3.94815,1.0,12.48889,11.75556,1.87037,43.84444,D10_6
591.18889,149.83333,141.66667,75.81481,1658.57778,772.55556,1.0,3.05926,75.88889,636.5,1.33333,120.04444,26.51111,3.40741,1.0,15.17778,33.13333,2.14815,38.51111,D10_7
569.63333,175.05556,143.44444,46.90741,1888.68889,731.33333,1.22222,8.45185,65.11111,626.05556,1.33333,131.93333,26.17778,2.84444,1.0,10.6,6.28889,4.46296,45.84444,D10_8
539.74444,199.27778,138.66667,73.72222,1625.02222,1220.66667,1.22222,5.2,95.11111,579.05556,1.66667,161.15556,20.84444,3.74074,1.0,12.51111,11.93333,2.61111,63.62222,D10_9
365.03333,47.33333,222.73333,37.62222,533.98889,56.0,1.11111,10.81481,12.61111,4892.42222,1.77778,36.88889,13.55556,2.55556,1.0,4.35556,5.77778,35.51111,298.44444,D100_0
374.92222,45.22222,211.4,34.84444,553.1,68.0,1.22222,1.82963,11.61111,4315.64444,1.88889,31.66667,12.88889,2.66667,1.0,4.66667,5.55556,30.95556,289.22222,D100_1
344.25556,24.33333,183.95556,65.68889,480.43333,6.88889,1.0,4.6,9.83333,3895.97778,1.22222,20.11111,12.0,2.11111,3.32593,8.84444,7.66667,23.46667,254.0,D100_2
393.7,33.22222,190.84444,32.16667,535.21111,91.0,1.0,7.76296,12.16667,3560.53333,1.33333,30.44444,10.44444,1.77778,1.71852,4.51111,1.88889,26.73333,243.66667,D100_3
444.58889,33.22222,215.51111,24.76667,639.1,70.11111,1.0,8.48148,11.27778,3313.86667,1.22222,23.66667,8.22222,1.44444,1.0,4.66667,1.88889,24.28889,201.88889,D100_4
472.47778,36.33333,175.4,37.58889,730.87778,117.77778,1.11111,7.65185,9.83333,3135.53333,1.55556,26.44444,9.22222,1.22222,1.0,6.37778,1.88889,24.73333,220.44444,D100_5
381.14444,24.22222,185.84444,37.62222,630.1,16.88889,1.11111,8.04444,10.05556,2935.86667,1.0,21.55556,8.22222,1.44444,1.0,6.68889,2.88889,16.06667,180.44444,D100_6
441.03333,17.22222,172.28889,27.02222,658.87778,134.0,1.0,5.42963,10.27778,2826.2,1.22222,25.55556,10.44444,1.11111,1.0,1.73333,1.88889,21.73333,176.66667,D100_7
488.25556,24.22222,193.17778,53.14444,744.65556,146.22222,1.11111,1.82963,10.5,2716.08889,1.33333,28.55556,8.44444,1.0,1.71852,6.08889,3.77778,15.31111,168.77778,D100_8
373.36667,16.33333,187.06667,19.46667,563.54444,25.11111,1.11111,2.94074,6.05556,2558.86667,1.11111,30.55556,9.22222,2.11111,1.0,3.77778,4.66667,14.06667,182.77778,D100_9
434.56667,227.1,115.86667,28.33333,1763.77778,445.88889,1.43704,2.98889,21.91111,5569.87778,2.73333,21.15556,29.18889,3.17778,1.0,5.2963,3.77778,3.61111,55.04444,D11_0
428.34444,206.98889,134.42222,56.97778,1724.66667,429.33333,1.51852,3.86667,24.68889,5302.87778,2.2963,32.93333,32.52222,3.27407,1.0,4.2963,1.0,1.94444,50.71111,D11_1
422.67778,191.76667,112.42222,18.31111,1749.44444,289.77778,1.24444,3.86667,25.46667,5003.65556,1.96296,20.08889,31.52222,4.94815,1.0,7.51852,6.55556,5.5,53.82222,D11_2
409.56667,231.43333,131.42222,41.31111,1606.55556,470.44444,1.65926,1.87778,26.57778,4646.98889,2.18519,17.82222,31.41111,3.82963,1.0,6.13333,10.33333,3.18889,48.04444,D11_3
375.01111,170.43333,105.75556,50.46667,1433.33333,390.44444,1.32593,1.87778,29.02222,4368.98889,2.82963,18.08889,27.63333,3.05926,1.0,6.48889,7.55556,4.42222,44.71111,D11_4
370.9,190.65556,97.08889,55.6,1483.33333,413.0,1.16296,2.75556,25.24444,4237.98889,2.71852,21.82222,22.67407,3.3037,1.68889,5.2963,3.77778,3.18889,52.26667,D11_5
368.34444,181.65556,94.53333,42.6,1503.88889,515.77778,1.24444,5.62222,20.46667,4080.32222,2.51111,18.71111,22.85556,1.85926,1.0,4.9037,1.88889,3.51111,42.04444,D11_6
361.12222,123.21111,64.97778,43.97778,1288.11111,256.88889,1.4963,1.87778,16.57778,3949.43333,2.62963,19.48889,20.8963,2.95556,2.37778,4.45926,6.44444,3.4,36.82222,D11_7
322.67778,168.54444,97.86667,50.26667,1257.66667,410.88889,1.32593,3.86667,24.8,3859.98889,2.82222,24.82222,23.3,1.86667,1.0,6.18519,2.88889,3.05556,52.71111,D11_8
354.56667,129.1,91.97778,32.37778,1354.55556,219.88889,2.01481,4.74444,24.57778,3755.54444,1.52593,22.2,23.3,1.31111,1.0,4.6,4.66667,5.42222,39.71111,D11_9
611.33333,194.77778,1374.75556,144.03333,2809.33333,217.77778,1.55556,35.78889,180.36667,1111.01111,1.31111,43.22222,6.0,14.77778,1.0,13.51111,1.0,4.2,218.77778,D12_0
582.88889,262.22222,1479.64444,115.65556,3169.11111,316.33333,1.22222,43.9,181.92222,1011.78889,1.53333,27.22222,5.88889,12.44444,1.77778,12.20741,50.0,3.44444,177.66667,D12_1
497.55556,207.88889,1159.86667,149.14444,2618.44444,115.0,1.22222,32.12222,152.81111,943.34444,1.42963,14.88889,8.66667,10.44444,1.0,5.48889,66.0,6.35556,153.77778,D12_2
560.77778,219.88889,1093.2,134.84444,2860.33333,139.66667,1.11111,30.4037,190.92222,901.12222,1.20741,27.11111,7.44444,10.77778,1.0,12.31852,2.88889,3.44444,198.88889,D12_3
478.33333,153.33333,866.08889,83.4,2359.33333,166.55556,1.22222,39.73704,176.36667,822.78889,1.65185,36.0,6.66667,7.55556,1.77778,14.76296,3.77778,5.2,173.0,D12_4
580.66667,287.55556,1247.31111,112.98889,3024.77778,137.66667,1.0,46.23333,189.36667,817.56667,1.20741,25.22222,10.88889,10.33333,1.77778,7.62963,68.77778,7.51111,174.66667,D12_5
524.22222,230.0,1125.75556,88.62222,2545.55556,215.88889,1.0,42.78889,187.14444,817.56667,1.1037,30.88889,8.11111,10.11111,1.0,9.23704,56.77778,8.28889,157.88889,D12_6
496.33333,194.77778,1172.64444,120.76667,2551.11111,117.11111,1.11111,28.98519,157.03333,796.67778,1.42963,25.11111,9.55556,12.0,1.0,11.87407,45.11111,8.28889,150.44444,D12_7
431.0,178.66667,875.97778,74.25556,2031.55556,166.44444,1.11111,27.87407,144.47778,770.56667,1.1037,25.0,8.33333,10.0,1.0,9.98519,27.33333,9.33333,140.88889,D12_8
517.77778,177.44444,1056.08889,119.51111,2612.0,174.55556,1.0,32.42963,140.36667,723.56667,1.54074,20.22222,7.0,9.11111,1.0,9.12593,47.0,2.6,152.33333,D12_9
1040.94444,135.62222,182.81111,20.0,1744.08889,237.86667,1.1,1200.2,16.46667,1314.62222,1.33333,16.0,6.14074,3.91111,1.0,10.42963,11.55556,1.94444,11.36296,D13_0
1030.05556,127.51111,214.92222,33.22222,1638.75556,271.91111,1.0,1033.97778,18.24444,1130.95556,1.33333,13.0,8.14074,3.82222,1.0,6.48889,7.66667,1.47778,8.19259,D13_1
995.05556,106.46667,193.14444,45.0,1799.08889,95.97778,1.0,868.86667,14.35556,1031.73333,1.0,16.77778,5.47407,3.7,1.0,10.57037,74.88889,2.37778,8.47407,D13_2
923.94444,117.51111,170.25556,46.77778,1568.53333,54.73333,1.1,839.86667,19.24444,995.17778,1.22222,20.55556,3.0963,3.92222,1.77778,6.79259,39.33333,2.72222,9.75556,D13_3
926.61111,113.4,183.47778,23.55556,1464.42222,28.31111,1.1,858.64444,18.13333,921.06667,1.0,15.66667,2.76296,3.36667,1.0,6.74074,6.55556,1.92222,4.80741,D13_4
932.5,88.06667,194.36667,27.22222,1607.97778,110.04444,1.1,778.97778,16.13333,889.73333,1.11111,14.11111,5.2,3.25556,1.0,6.34815,97.55556,3.37778,11.08889,D13_5
1042.94444,136.73333,187.92222,34.55556,1774.31111,179.82222,1.0,818.64444,13.02222,832.28889,1.0,12.77778,5.54074,3.57778,1.0,7.28889,71.88889,1.47778,9.02963,D13_6
942.61111,108.28889,177.92222,41.33333,1690.31111,70.93333,1.2,859.53333,19.02222,827.06667,1.11111,12.22222,4.48148,5.12222,1.0,9.57037,34.33333,3.05556,12.08889,D13_7
890.38889,147.51111,171.14444,28.77778,1392.86667,67.06667,1.0,929.75556,19.57778,806.17778,1.22222,16.11111,5.80741,2.12222,1.0,8.93333,1.0,2.4,6.91852,D13_8
763.16667,64.73333,157.47778,48.22222,1355.64444,184.17778,1.0,661.64444,16.13333,759.17778,1.44444,10.11111,2.15556,2.94444,1.0,7.23704,78.88889,2.13333,8.14074,D13_9
593.87778,235.11111,252.4,25.42963,1928.36667,161.02222,1.38519,6.5037,295.35556,1420.74444,1.77778,15.06667,2.66667,7.77778,1.0,8.91111,28.0,1.81481,54.13333,D14_0
601.54444,216.11111,249.51111,15.0963,1968.47778,578.13333,1.71852,1.0,281.24444,1337.18889,2.55556,18.73333,4.44444,6.55556,1.0,6.24444,8.44444,4.48148,51.8,D14_1
614.98889,205.88889,249.06667,25.54074,1905.36667,180.31111,1.19259,7.34074,288.91111,1253.3,3.88889,20.28889,3.66667,8.11111,1.0,3.31111,8.44444,2.55556,92.35556,D14_2
614.32222,235.0,281.28889,26.37778,1857.81111,136.46667,1.51111,8.45185,291.8,1205.63333,2.22222,19.06667,2.11111,5.66667,1.0,3.82222,11.44444,1.40741,57.02222,D14_3
606.21111,186.88889,291.4,31.2,1930.03333,409.82222,1.60741,3.05926,286.24444,1174.3,3.0,16.17778,2.33333,6.88889,1.0,5.2,7.55556,2.22222,60.13333,D14_4
574.1,208.77778,265.28889,32.80741,1775.58889,304.91111,2.14815,5.28148,263.24444,1111.63333,3.0,12.84444,2.0,6.77778,1.0,1.93333,11.44444,1.81481,74.8,D14_5
556.21111,198.88889,228.73333,66.36296,1858.03333,151.15556,1.63704,7.61481,285.91111,1090.74444,1.77778,10.57778,2.66667,6.0,1.0,7.26667,22.11111,2.22222,57.24444,D14_6
576.32222,181.66667,250.62222,69.97778,1987.92222,214.46667,1.41481,3.14074,287.8,1048.96667,2.77778,16.13333,2.66667,6.55556,1.0,5.68889,7.55556,2.88889,48.57778,D14_7
595.32222,185.77778,256.73333,17.76296,1943.14444,210.35556,1.0963,6.31111,304.68889,1017.63333,2.66667,11.68889,2.66667,6.11111,2.66667,10.8,15.11111,2.22222,48.02222,D14_8
518.65556,211.0,256.4,32.80741,1657.92222,120.02222,1.82963,1.0,290.02222,1017.63333,2.44444,16.24444,1.66667,5.77778,1.0,6.64444,11.55556,2.96296,67.68889,D14_9
495.12222,158.73333,209.9,78.86667,1720.21111,180.94444,1.0,2.03333,116.02222,3973.48889,6.26667,192.68889,8.33333,5.88889,1.0,9.19259,57.33333,6.21481,34.46667,D15_0
506.23333,155.84444,231.12222,81.42222,1719.54444,355.61111,1.63704,13.13333,107.24444,3637.82222,8.82222,218.13333,10.66667,7.44444,2.66667,36.3037,27.22222,5.46667,41.02222,D15_1
521.01111,164.95556,221.9,97.73333,1808.21111,462.27778,1.0,5.28889,111.8,3459.71111,8.04444,202.24444,7.33333,6.77778,1.0,20.13333,32.0,6.00741,38.91111,D15_2
517.56667,172.95556,249.12222,58.2,1828.21111,324.83333,1.1037,8.38889,109.57778,3317.93333,7.15556,204.91111,10.33333,5.0,1.0,18.25185,17.33333,5.91111,39.13333,D15_3
491.9,151.73333,220.01111,78.86667,1879.32222,365.83333,1.42963,7.43333,93.02222,3202.82222,10.6,216.8,10.11111,5.88889,1.0,33.46667,12.44444,3.7037,42.02222,D15_4
518.67778,188.06667,222.01111,67.48889,1820.43333,423.61111,1.41481,5.28889,114.68889,3155.48889,8.48889,191.35556,12.11111,5.22222,1.0,22.8,25.11111,3.38519,49.91111,D15_5
482.01111,154.95556,261.01111,99.64444,1709.32222,325.14815,1.1037,12.86667,112.13333,3060.82222,4.94815,184.91111,11.22222,5.88889,1.0,19.68889,21.44444,3.92593,40.57778,D15_6
463.12222,141.51111,182.67778,102.84444,1630.76667,171.03704,1.52593,12.94444,92.91111,2987.71111,9.15556,220.35556,7.66667,4.0,1.77778,24.8,26.11111,4.03704,41.35556,D15_7
476.78889,143.73333,209.9,47.91111,1660.54444,655.72222,1.21481,6.32222,103.57778,2909.15556,9.15556,210.13333,8.55556,5.55556,1.0,25.3037,33.11111,3.38519,43.68889,D15_8
472.45556,148.73333,233.78889,65.04444,1704.1,575.5,1.21481,9.68889,115.02222,2830.04444,7.26667,176.8,6.0,4.11111,1.0,14.25185,22.44444,4.37037,43.68889,D15_9
1033.18889,308.26667,367.92222,42.91852,4756.38889,671.77778,1.85556,2.6,121.13333,8041.76667,1.66667,36.0,6.0,9.22222,1.0,13.55556,14.33333,4.15185,22.88889,D16_0
901.3,281.26667,354.58889,38.74815,3804.5,924.44444,1.31111,1.8,132.8,7207.32222,1.66667,31.0,11.22222,5.77778,2.55556,13.92593,26.0,2.87037,24.11111,D16_1
913.63333,323.6,328.25556,80.64444,4220.16667,875.22222,1.63333,1.8,149.02222,6777.1,1.77778,24.0,3.44444,6.55556,1.0,14.92593,15.11111,3.25556,26.77778,D16_2
960.96667,319.48889,343.25556,71.36296,4122.27778,1025.22222,1.62222,2.6,152.91111,6572.43333,1.55556,28.33333,4.88889,6.77778,4.22222,14.18519,14.33333,2.87037,26.22222,D16_3
825.41111,243.71111,352.47778,78.31111,3484.05556,281.44444,1.42222,6.42222,136.24444,6315.43333,1.33333,24.66667,5.11111,10.55556,1.0,12.2963,23.88889,2.53704,24.0,D16_4
854.63333,261.93333,299.7,52.31111,3883.5,293.77778,1.2,3.71111,138.02222,6116.1,1.11111,33.77778,8.11111,6.66667,1.0,13.2963,13.44444,1.30741,17.33333,D16_5
854.18889,246.93333,280.47778,66.97037,3556.94444,263.0,1.3,3.71111,123.46667,5890.65556,2.22222,29.66667,4.88889,6.77778,1.0,10.51852,9.55556,2.8963,21.44444,D16_6
824.07778,210.6,285.36667,67.08148,3636.16667,519.77778,1.1,2.91111,133.02222,5774.65556,1.77778,34.0,5.0,6.0,3.44444,7.14815,19.22222,2.28148,20.88889,D16_7
821.41111,342.6,279.25556,45.58519,3629.83333,618.22222,1.2,3.71111,126.24444,5586.21111,1.44444,27.77778,4.0,7.66667,1.0,9.25926,8.55556,1.94815,16.66667,D16_8
787.52222,292.37778,327.47778,48.97037,3361.27778,349.22222,1.3,4.82222,135.46667,5345.32222,2.11111,27.0,3.77778,7.33333,1.77778,7.92593,20.33333,4.51111,19.88889,D16_9
484.07778,152.22222,244.65556,48.91111,1779.86667,273.22222,1.20741,14.48148,136.92222,5648.31111,6.33333,321.81111,19.44444,13.86667,1.65926,18.0,63.33333,7.98148,113.13333,D17_0
415.85556,81.77778,217.87778,121.53333,1605.64444,184.88889,1.1037,6.19259,121.92222,5113.2,7.0,312.47778,11.0,6.99259,1.65926,12.11111,74.22222,1.57407,106.24444,D17_1
469.96667,130.33333,194.98889,90.64444,1756.86667,326.66667,1.0,10.92593,94.81111,4809.2,7.11111,436.14444,16.33333,7.1037,1.0,11.55556,35.66667,2.92593,102.46667,D17_2
470.3,118.88889,246.32222,91.37778,1673.86667,248.66667,1.20741,11.62222,129.03333,4572.75556,6.22222,420.58889,12.55556,10.97778,3.86667,12.33333,59.66667,4.64815,98.35556,D17_3
495.52222,188.77778,224.87778,101.08889,1682.97778,406.88889,1.0,6.82963,100.81111,4389.42222,6.44444,429.47778,13.44444,6.77037,1.0,11.33333,38.77778,1.57407,114.8,D17_4
445.3,222.0,180.1,92.68889,1524.86667,265.11111,1.20741,8.94074,91.25556,4158.75556,6.77778,365.36667,9.22222,9.53333,2.54815,10.88889,89.22222,1.24074,74.57778,D17_5
477.18889,137.22222,192.65556,74.57778,1514.86667,521.88889,1.0,4.73333,89.81111,4043.31111,6.0,405.14444,9.0,10.08889,2.31852,11.88889,34.88889,1.0,86.35556,D17_6
465.07778,136.22222,171.1,91.15556,1549.53333,312.22222,1.31111,4.4963,83.47778,3954.08889,5.88889,370.03333,10.66667,8.64444,1.0,11.55556,31.77778,1.81481,66.8,D17_7
486.74444,130.0,200.32222,67.42222,1666.31111,275.55556,1.31111,8.17778,97.47778,3765.42222,4.22222,505.7,8.11111,8.08889,3.20741,14.11111,38.77778,1.81481,94.68889,D17_8
456.07778,125.11111,170.1,80.42222,1598.2,359.55556,1.53333,2.98519,80.81111,3618.31111,4.33333,447.81111,6.44444,8.08889,1.65926,14.0,20.0,2.35185,94.46667,D17_9
1916.56667,536.0,480.2,106.0963,6582.11111,283.66667,1.20741,5.44444,127.42222,28019.33333,1.0963,113.24444,4.44444,36.26667,1.0,235.68889,37.66667,3.48889,387.48889,D18_0
1654.67778,522.88889,453.42222,51.98519,5854.44444,318.66667,1.1037,6.55556,110.64444,25851.11111,1.28889,117.35556,3.77778,32.04444,1.0,210.91111,34.88889,5.48889,310.82222,D18_1
1718.45556,460.11111,419.08889,68.4037,5670.0,708.77778,1.0,20.33333,118.2,24535.77778,1.0,105.35556,3.33333,30.93333,2.55556,213.68889,30.0,6.6,318.04444,D18_2
1598.34444,440.22222,414.2,34.0963,5316.0,409.22222,1.0,12.11111,107.64444,22558.55556,1.0,115.68889,3.0,31.26667,1.0,215.02222,22.11111,7.26667,279.82222,D18_3
1407.9,386.44444,388.97778,55.62593,4924.55556,133.66667,1.20741,5.44444,92.97778,20271.44444,1.0963,130.68889,4.0,27.93333,1.0,201.8,35.77778,8.35556,247.37778,D18_4
1296.12222,299.77778,347.86667,46.87407,4545.0,376.33333,1.1037,2.11111,79.86667,18316.0,1.0963,91.02222,3.66667,20.48889,1.0,151.35556,23.22222,9.93333,221.48889,D18_5
1173.78889,318.66667,379.08889,50.51481,4217.33333,176.88889,1.0,5.44444,71.53333,16461.0,1.28889,101.02222,2.33333,17.71111,1.0,137.35556,9.44444,12.08889,191.82222,D18_6
1165.67778,335.0,290.64444,48.93333,3805.88889,201.55556,1.1037,6.55556,72.75556,15179.11111,1.0,86.24444,3.77778,18.71111,1.0,123.8,23.11111,6.26667,174.48889,D18_7
1082.01111,304.77778,250.75556,14.99259,3462.0,127.66667,1.0,2.11111,61.2,13797.88889,1.0,70.91111,1.66667,17.6,1.0,109.46667,11.33333,7.06667,177.93333,D18_8
919.56667,201.88889,248.64444,58.18148,3136.0,23.11111,1.0,7.66667,59.75556,12789.55556,1.0963,63.57778,1.0,17.48889,1.0,111.8,13.22222,8.73333,178.04444,D18_9
728.26667,208.28889,277.85556,59.57778,2939.21111,2228.13333,1.11111,9.88889,338.07778,5729.84444,2.33333,57.25556,9.85926,5.82963,1.71852,28.87407,12.33333,4.95185,41.44444,D19_0
709.37778,172.84444,292.41111,44.13333,2909.43333,2115.8,1.22222,7.66667,324.41111,5562.17778,1.77778,54.03333,13.35556,5.05185,1.0,24.95556,13.44444,4.91111,51.22222,D19_1
689.26667,161.95556,230.3,19.45926,2806.98889,1642.57778,1.0,11.0,314.52222,5405.06667,1.44444,46.14444,9.97778,8.82963,1.0,22.51111,20.22222,1.94074,41.33333,D19_2
698.93333,233.51111,263.96667,55.91852,2860.54444,2483.68889,1.0,10.0,320.74444,5210.84444,2.22222,51.14444,9.19259,8.71111,1.0,23.06667,10.44444,2.01111,61.77778,D19_3
723.37778,223.51111,268.18889,45.6963,2752.87778,2405.68889,1.0,14.44444,302.52222,5037.73333,1.77778,45.92222,15.3037,6.48889,1.0,32.51111,10.44444,2.87037,59.33333,D19_4
760.26667,250.51111,251.3,68.2,3013.1,1578.68889,1.11111,8.88889,344.41111,4901.51111,1.88889,51.92222,8.14815,6.93333,1.71852,29.62222,5.66667,3.31481,52.44444,D19_5
700.6,193.17778,288.3,87.41481,2897.1,1846.35556,1.0,6.55556,326.07778,4806.73333,2.0,50.36667,9.97778,5.37778,3.38519,21.84444,9.55556,2.98148,47.88889,D19_6
705.6,197.28889,240.74444,71.47407,2843.43333,1893.68889,1.0,6.55556,325.52222,4686.4,1.55556,48.03333,9.6963,6.15556,1.71852,19.84444,8.44444,3.64815,69.11111,D19_7
654.71111,207.28889,228.85556,99.2,2569.98889,2816.46667,1.11111,12.11111,279.18889,4565.51111,2.22222,41.81111,11.6963,7.04444,1.0,15.65185,5.77778,4.42593,55.11111,D19_8
660.26667,188.06667,283.63333,97.85926,2701.1,1574.91111,1.22222,7.77778,298.3,4508.06667,1.66667,43.25556,8.74815,6.48889,1.0,27.51111,4.66667,6.02222,43.33333,D19_9
815.8,85.47778,331.14444,106.24815,2765.04444,947.33333,1.85556,7.19259,48.7,3284.81111,2.46667,739.98889,8.55556,17.55556,1.0,16.51111,48.77778,37.03704,311.61111,D2_0
1599.02222,199.47778,516.92222,132.13704,4649.93333,283.33333,2.06667,6.2,48.58889,3190.14444,1.60741,707.54444,11.55556,22.0,1.0,14.20741,58.44444,51.33333,232.05556,D2_1
925.24444,125.84444,354.14444,161.91852,3344.26667,369.88889,2.48889,3.1037,49.14444,3064.25556,2.8963,695.54444,7.66667,17.11111,1.77778,23.06667,51.66667,36.22222,265.83333,D2_2
958.8,191.47778,369.47778,134.92222,3176.37778,926.88889,2.36667,5.08889,40.92222,2975.03333,2.77037,691.98889,6.55556,14.22222,1.0,19.62222,46.66667,37.37037,257.94444,D2_3
957.24444,79.28889,386.25556,158.25556,3126.04444,620.44444,2.27778,5.08889,42.47778,2922.25556,2.68889,649.76667,6.11111,14.55556,1.0,19.65185,76.33333,34.81481,284.72222,D2_4
1147.13333,218.92222,393.14444,134.69259,3716.82222,608.0,1.84444,1.99259,48.92222,2838.7,3.78519,656.98889,8.44444,19.33333,2.66667,12.45926,59.77778,35.77778,263.5,D2_5
997.02222,139.81111,350.7,118.02963,3408.26667,867.0,3.81111,3.1037,42.92222,2749.92222,2.56296,686.54444,10.33333,15.33333,1.0,16.28889,38.77778,42.77778,283.27778,D2_6
714.46667,210.73333,285.7,123.14074,2816.93333,540.22222,2.18889,3.1037,49.7,2670.7,3.65926,621.65556,7.11111,13.55556,1.77778,20.06667,48.0,27.03704,281.61111,D2_7
550.35556,168.14444,351.25556,89.6963,2085.26667,193.11111,2.05556,1.99259,40.03333,2592.25556,2.14815,602.21111,8.22222,13.11111,1.0,14.45926,28.88889,26.66667,286.83333,D2_8
636.8,145.03333,341.03333,105.02222,2437.6,554.66667,2.36667,1.99259,42.92222,2550.47778,2.48148,663.87778,4.22222,15.33333,1.77778,18.31852,63.66667,42.55556,314.05556,D2_9
234.05556,162.03333,256.63333,9.68889,1216.64444,3563.0,1.1037,4.33333,62.96667,4072.1,1.33333,45.66667,6.71481,7.55556,1.0,7.86667,8.55556,3.63333,17.97778,D20_0
240.5,143.92222,268.07778,39.15556,1209.97778,3301.11111,1.1037,2.11111,69.52222,3747.1,1.33333,41.33333,6.42222,5.77778,1.0,5.75556,6.55556,1.46667,23.42222,D20_1
246.38889,117.7,238.18889,20.7037,1197.2,3097.44444,1.42222,3.22222,68.07778,3526.87778,1.22222,34.88889,5.35185,6.44444,1.0,9.36296,9.33333,3.48889,29.86667,D20_2
236.05556,108.84444,209.3,20.93333,1137.08889,3122.33333,1.1037,2.11111,69.41111,3301.43333,1.22222,37.33333,8.49259,7.11111,1.0,5.97778,6.55556,2.72222,15.53333,D20_3
227.16667,116.7,210.3,26.4963,1128.53333,2733.33333,1.0,4.33333,62.85556,3154.54444,1.0,41.33333,6.45185,6.33333,1.0,6.03704,9.22222,2.71111,23.75556,D20_4
217.72222,116.7,216.63333,28.71111,1079.97778,2504.88889,1.0,8.77778,67.07778,2970.65556,1.0,34.33333,7.2,6.11111,1.0,19.41481,6.66667,1.5,17.53333,D20_5
225.72222,173.25556,251.18889,18.03704,1025.75556,2433.22222,1.0,3.22222,96.85556,2892.1,1.11111,34.44444,7.49259,5.44444,1.0,10.53333,11.44444,2.36667,21.86667,D20_6
209.83333,105.7,186.63333,36.37778,987.53333,3068.88889,1.1037,1.0,65.85556,2792.87778,1.11111,26.11111,6.04815,5.55556,1.0,7.31111,4.77778,3.3,15.53333,D20_7
195.83333,160.03333,197.3,18.03704,982.86667,1939.55556,1.1037,4.33333,81.18889,2729.65556,1.0,29.0,4.68519,6.77778,1.0,10.25185,6.55556,3.85556,14.86667,D20_8
203.5,180.36667,292.52222,41.48889,1099.08889,3391.88889,1.0,4.44444,102.96667,2666.54444,1.0,32.88889,4.24074,3.55556,1.0,6.59259,13.44444,1.46667,26.31111,D20_9
419.1,107.88889,129.94444,47.35556,4457.0,72.37037,1.0,3.22222,43.17778,6531.76667,1.77778,127.0,3.0,9.04444,1.0,20.11111,13.93333,2.97778,40.35556,D21_0
397.76667,91.66667,139.27778,44.8,4296.44444,214.77778,1.2,3.22222,42.17778,6379.32222,2.44444,121.55556,4.88889,9.93333,1.0,16.66667,6.28889,2.26667,37.8,D21_1
371.98889,124.11111,153.05556,22.42593,4809.33333,199.5,1.0,7.66667,34.51111,6290.54444,2.77778,94.22222,4.77778,7.71111,1.0,20.11111,1.82222,3.91111,30.91111,D21_2
386.43333,100.0,151.05556,51.61852,4393.22222,66.77778,1.1,1.0,32.73333,6216.76667,3.88889,113.77778,2.66667,10.37778,1.0,20.0,3.64444,3.42222,39.24444,D21_3
384.54444,104.88889,137.27778,59.3963,4248.66667,103.14815,1.0,3.22222,35.95556,6111.98889,2.22222,116.11111,2.66667,11.26667,1.0,22.88889,5.28889,1.67778,44.02222,D21_4
360.76667,76.66667,135.38889,37.77037,3766.33333,44.64815,1.0,7.66667,42.51111,5986.21111,2.55556,95.55556,4.33333,9.71111,1.0,24.33333,14.64444,3.24444,38.46667,D21_5
374.65556,105.88889,146.5,26.67778,4287.33333,86.81481,1.0,3.22222,40.4,5902.1,2.11111,105.22222,1.66667,9.71111,1.0,23.88889,10.75556,1.75556,35.91111,D21_6
371.21111,99.88889,160.27778,13.78889,4356.88889,150.68519,1.0,3.22222,40.62222,5818.1,2.22222,93.0,3.0,9.71111,1.77778,22.55556,8.46667,4.43333,38.35556,D21_7
359.43333,105.0,132.38889,55.88148,4194.22222,158.5,1.0,4.33333,36.84444,5713.1,2.0,97.44444,2.66667,8.4963,1.0,26.22222,7.11111,2.04444,43.57778,D21_8
351.87778,81.55556,127.27778,22.52593,3750.55556,90.5,1.1,3.22222,28.95556,5619.1,1.77778,103.22222,4.11111,9.93333,1.0,17.44444,5.46667,2.64444,40.46667,D21_9
517.52222,75.95556,218.15556,115.68889,2813.12222,349.17037,1.11111,7.98148,26.13333,5596.73333,1.11111,31.66667,10.88889,5.55556,1.0,14.06667,9.55556,5.84444,264.17778,D22_0
445.74444,50.31111,187.15556,71.93333,2286.78889,234.28148,1.22222,6.07778,37.24444,5324.17778,1.11111,28.33333,5.88889,4.44444,1.0,18.4,42.0,3.75556,267.17778,D22_1
476.52222,45.62222,183.04444,61.48889,2712.45556,344.56667,1.22222,4.96667,20.8,5056.62222,1.22222,20.66667,4.44444,7.0,1.0,14.73333,29.0,1.98519,246.4,D22_2
431.07778,54.73333,172.26667,108.02222,2428.45556,170.23333,1.11111,6.07778,41.35556,4815.51111,1.0,18.44444,7.0,6.77778,1.0,16.34815,68.77778,1.32593,256.95556,D22_3
429.52222,36.4,175.26667,64.15556,2317.01111,205.01111,1.0,5.75926,32.8,4616.06667,1.11111,11.88889,9.0,5.66667,1.0,17.73333,43.0,2.31111,231.51111,D22_4
453.18889,64.95556,191.37778,79.48889,2314.01111,180.34444,1.22222,8.41111,33.24444,4416.51111,1.11111,16.77778,8.33333,6.0,1.0,17.42963,41.0,1.0,253.95556,D22_5
374.3,36.51111,152.04444,84.91111,1859.01111,209.61481,1.11111,10.9963,47.68889,4301.17778,1.0,15.77778,8.88889,5.66667,1.0,10.57037,125.77778,1.32593,249.06667,D22_6
423.63333,54.84444,172.82222,84.8,2216.56667,182.56667,1.22222,15.55185,34.91111,4233.28889,1.22222,16.55556,8.33333,6.66667,1.0,11.98519,37.11111,2.64444,239.84444,D22_7
360.85556,69.24444,151.37778,76.64444,1952.23333,242.01111,1.11111,6.34815,53.57778,4122.95556,1.11111,15.33333,8.44444,5.55556,1.0,8.37778,115.0,2.1037,261.95556,D22_8
378.74444,71.24444,168.26667,77.24444,2074.56667,110.56667,1.0,7.02963,54.02222,3944.62222,1.11111,15.66667,8.88889,5.0,1.0,11.76296,89.33333,1.0,262.28889,D22_9
266.27778,44.51111,296.06667,54.59259,844.64444,70.0,1.0,5.2,31.33333,2744.05556,1.33333,189.93333,6.66667,2.88889,2.66667,9.68148,9.44444,5.15556,35.6,D23_0
271.83333,77.06667,254.28889,64.16667,859.42222,260.88889,1.0,1.0,36.33333,2571.5,1.22222,203.71111,8.66667,3.33333,1.77778,14.79259,5.66667,5.75556,45.26667,D23_1
251.16667,74.06667,318.73333,67.48148,759.86667,59.77778,1.1,7.17778,35.11111,2440.05556,1.22222,175.82222,9.22222,6.0,1.77778,7.07407,6.55556,5.17778,32.93333,D23_2
243.83333,31.57778,231.51111,38.75926,726.75556,92.66667,1.0,6.18889,32.77778,2325.05556,1.22222,153.15556,9.88889,6.44444,1.0,12.4,1.88889,3.24444,41.37778,D23_3
257.83333,48.73333,293.62222,39.40741,783.86667,170.44444,1.1,11.37778,31.88889,2241.16667,1.11111,167.6,5.77778,6.33333,1.0,14.23704,7.66667,3.57778,54.6,D23_4
210.5,50.62222,202.51111,82.27778,663.64444,41.44444,1.1,5.2,28.55556,2162.16667,1.11111,140.6,7.11111,2.33333,1.0,7.82222,4.77778,1.97778,27.04444,D23_5
241.05556,37.68889,236.28889,55.24074,728.53333,43.44444,1.2,3.1,32.0,2089.05556,1.0,140.48889,7.44444,2.33333,1.0,10.87407,1.88889,3.57778,37.82222,D23_6
252.5,50.08889,252.95556,57.90741,771.86667,94.66667,1.0,5.07778,30.77778,2036.83333,1.11111,159.37778,8.33333,3.55556,1.77778,10.85185,4.66667,3.57778,24.6,D23_7
237.61111,30.8,215.4,75.14815,673.42222,119.55556,1.0,6.06667,30.33333,1942.27778,1.11111,140.15556,7.0,4.55556,1.0,9.26667,4.66667,4.33333,29.15556,D23_8
204.83333,62.02222,190.62222,49.48148,629.86667,70.22222,1.1,5.07778,28.11111,1879.16667,1.11111,136.93333,9.22222,3.44444,2.55556,6.62963,16.33333,4.33333,34.48889,D23_9
791.18889,371.74444,600.17778,225.5,5797.27778,404.55556,1.11111,4.33333,62.03333,8298.51111,4.77778,62.7,103.33333,20.46667,1.77778,10.82222,19.33333,5.82222,221.2,D24_0
777.74444,356.63333,675.17778,230.72222,5989.5,343.11111,1.11111,2.11111,65.81111,7594.95556,6.0,51.47778,99.0,16.8,1.77778,10.87407,23.22222,4.71111,151.42222,D24_1
720.3,360.63333,658.62222,436.94444,5604.38889,154.11111,1.11111,8.77778,60.81111,7395.4,6.88889,74.58889,110.22222,33.24444,1.0,10.42963,17.22222,7.94815,223.64444,D24_2
709.3,343.52222,620.95556,424.05556,5597.16667,369.77778,1.11111,4.33333,67.36667,7075.4,4.77778,57.47778,106.33333,14.46667,2.55556,9.87407,24.11111,8.82222,127.75556,D24_3
741.18889,374.85556,558.17778,168.83333,5483.83333,240.44444,1.22222,8.77778,62.81111,6729.51111,5.0,72.36667,103.0,23.8,1.77778,10.71111,22.22222,7.26667,154.75556,D24_4
713.52222,349.41111,609.51111,235.94444,5641.27778,316.33333,1.0,12.11111,65.81111,6571.51111,5.44444,83.7,108.44444,20.24444,1.77778,8.23704,45.55556,7.93333,149.86667,D24_5
759.07778,337.41111,530.84444,174.05556,5575.72222,320.44444,1.0,5.44444,66.36667,6440.84444,5.22222,65.7,111.22222,14.57778,1.77778,10.98519,18.11111,3.75926,156.75556,D24_6
742.07778,361.52222,563.51111,156.05556,5817.83333,240.44444,1.0,3.22222,61.47778,6267.62222,6.22222,71.03333,109.77778,13.57778,1.0,8.26667,27.11111,17.01111,153.42222,D24_7
699.96667,341.52222,536.51111,243.61111,5611.38889,328.88889,1.0,8.77778,67.47778,6042.17778,3.88889,63.81111,103.88889,10.24444,1.0,9.87407,22.22222,9.32963,140.42222,D24_8
726.63333,289.85556,529.95556,287.5,5185.83333,594.0,1.0,2.11111,53.03333,5837.4,6.55556,77.92222,107.22222,8.24444,1.0,10.57037,28.0,32.17037,119.31111,D24_9
538.54444,91.88889,135.3,79.15556,957.37778,352.24444,1.09259,7.06667,39.88889,4381.95556,1.77778,12.24444,9.22222,9.55556,1.0,4.44444,19.33333,3.80741,1569.57778,D25_0
487.32222,93.88889,157.63333,42.5037,921.26667,313.13333,1.09259,1.75556,38.22222,4135.51111,2.0,8.71111,6.33333,8.0,1.0,2.44444,11.44444,3.02222,1081.68889,D25_1
558.1,75.66667,88.85556,28.17778,990.26667,253.57778,1.18519,1.0,39.55556,3967.62222,2.55556,15.26667,10.0,8.22222,1.0,5.44444,11.44444,3.91481,1454.57778,D25_2
510.1,81.88889,156.07778,42.07407,930.48889,226.91111,1.40741,3.62222,36.44444,3815.73333,1.77778,8.75556,6.88889,7.44444,1.0,2.88889,24.11111,3.57037,1049.46667,D25_3
485.32222,80.77778,124.96667,47.72593,922.48889,169.13333,1.18519,7.46667,32.55556,3763.4,1.66667,12.28889,5.44444,8.55556,1.74815,2.77778,11.33333,3.45556,729.68889,D25_4
478.21111,83.88889,219.96667,17.95556,873.6,163.24444,1.2037,4.73333,30.0,3642.4,2.22222,6.53333,4.66667,8.33333,1.0,3.66667,14.44444,1.9037,622.02222,D25_5
452.1,68.44444,116.07778,24.18519,915.15556,177.57778,1.18519,7.35556,34.44444,3564.06667,1.66667,15.57778,9.11111,5.77778,1.0,7.0,9.33333,2.23704,623.13333,D25_6
461.76667,65.66667,113.63333,22.63704,806.26667,142.68889,1.31481,8.57778,33.33333,3480.4,1.88889,11.91111,4.11111,8.55556,1.0,4.55556,19.11111,4.13333,601.68889,D25_7
451.98889,69.55556,129.74444,38.62222,846.26667,319.35556,1.09259,4.73333,32.44444,3390.73333,1.55556,13.04444,4.44444,7.33333,1.0,2.44444,16.33333,2.34444,503.8,D25_8
423.65556,73.66667,86.3,24.61481,800.82222,80.91111,1.09259,1.0,25.55556,3317.62222,2.0,10.4,6.66667,8.88889,1.0,6.66667,17.33333,2.9037,615.24444,D25_9
913.83333,94.77778,50.65556,43.71111,2149.51111,34.17778,1.22222,3.92593,133.85556,823.93333,1.0,51.44444,3.33333,3.88889,1.71852,3.77778,6.66667,2.32222,17.8,D26_0
744.72222,105.88889,34.98889,47.57778,1767.28889,43.37778,1.11111,7.05556,125.85556,745.6,1.0,49.0,2.33333,3.55556,1.0,7.88889,3.66667,2.32222,12.24444,D26_1
763.27778,83.77778,36.1,37.35556,1831.4,52.73333,1.0,5.03704,107.3,703.82222,1.0,40.33333,2.33333,2.77778,1.0,6.66667,2.77778,2.98889,16.46667,D26_2
758.27778,64.44444,45.87778,38.17778,1664.4,24.57778,1.0,3.01852,104.41111,640.26667,1.11111,39.88889,1.66667,3.77778,1.0,4.55556,1.88889,1.44074,16.24444,D26_3
784.16667,75.55556,34.87778,34.8,1963.51111,30.55556,1.0,4.83333,123.3,629.71111,1.11111,40.66667,1.33333,2.0,1.0,7.44444,1.88889,2.76296,21.13333,D26_4
842.83333,77.77778,45.65556,47.57778,2019.28889,28.2,1.11111,3.01852,106.96667,587.93333,1.0,37.66667,1.0,4.11111,1.0,1.66667,3.77778,1.44074,11.24444,D26_5
607.72222,74.66667,48.76667,18.04444,1392.95556,30.55556,1.0,6.25926,106.74444,567.04444,1.0,36.22222,2.44444,2.0,1.0,3.55556,1.88889,1.0,19.68889,D26_6
885.38889,102.77778,48.54444,30.82222,2014.06667,28.8,1.0,2.81481,120.41111,540.93333,1.11111,44.88889,1.66667,1.88889,1.0,4.66667,1.88889,1.88148,17.35556,D26_7
811.27778,79.66667,28.65556,48.82222,2101.51111,43.37778,1.11111,8.27778,130.18889,540.93333,1.0,39.88889,1.0,2.88889,1.71852,7.22222,2.88889,1.44074,19.02222,D26_8
892.38889,88.88889,51.1,91.57778,2096.95556,22.33333,1.77778,3.92593,107.07778,540.93333,1.11111,32.33333,2.11111,4.0,1.0,2.77778,2.88889,1.88148,16.46667,D26_9
798.92222,114.4,233.83333,135.13333,4067.98889,277.33333,1.33333,3.05926,110.75556,5569.82222,3.12593,565.31111,6.55556,21.31111,1.77778,8.3037,14.44444,10.74074,31.51111,D27_0
755.58889,162.84444,285.5,176.24444,4434.54444,632.66667,1.11111,2.02963,115.42222,5071.26667,1.92222,537.75556,8.11111,23.31111,1.0,10.3037,9.33333,7.85185,33.4,D27_1
693.81111,107.46667,218.83333,148.02222,3820.54444,310.22222,1.11111,6.31111,98.31111,4609.71111,2.28889,532.64444,7.66667,28.31111,1.77778,8.36296,20.33333,7.92593,37.51111,D27_2
738.14444,70.95556,182.27778,118.22963,3728.1,240.44444,1.11111,4.17037,99.2,4300.26667,2.57037,412.75556,5.22222,13.08889,1.0,7.02963,8.33333,2.74074,25.17778,D27_3
728.92222,112.51111,214.16667,238.24444,3854.76667,460.11111,1.22222,3.05926,102.08889,4048.37778,2.64815,467.53333,5.22222,18.08889,1.0,6.58519,15.55556,7.74074,32.95556,D27_4
618.7,102.4,236.72222,123.45185,3221.1,353.44444,1.0,4.17037,81.53333,3823.04444,2.21111,457.08889,7.33333,17.08889,1.0,6.86667,32.0,6.55556,42.62222,D27_5
735.25556,103.28889,288.72222,127.46667,3657.1,230.22222,1.0,5.28148,100.53333,3597.6,1.84444,464.75556,6.88889,26.2,1.77778,6.03704,12.22222,9.37037,30.73333,D27_6
769.36667,112.28889,221.5,153.24444,3768.87778,141.77778,1.0,4.17037,90.64444,3419.48889,2.98889,435.75556,6.66667,17.75556,1.0,4.42222,21.0,10.59259,30.95556,D27_7
784.25556,104.4,169.72222,158.24444,4300.98889,328.66667,1.11111,2.02963,117.86667,3303.71111,2.92963,819.53333,6.0,15.31111,1.0,4.59259,8.44444,7.33333,31.95556,D27_8
759.03333,120.4,242.83333,119.8,3776.98889,378.11111,1.11111,6.31111,106.42222,3172.71111,2.37407,427.97778,5.55556,14.86667,1.0,9.63704,13.22222,9.40741,32.62222,D27_9
243.73333,27.57778,102.11111,58.2037,325.93333,869.11111,1.0,2.82593,7.75556,1933.34444,1.31111,27.81111,19.63333,6.28148,1.0,9.97037,3.77778,3.39259,19.84444,D28_0
209.62222,25.86667,78.0,40.7963,283.15556,587.66667,1.0,1.0,7.02963,1692.01111,1.0,24.47778,11.71481,3.4963,1.0,9.63704,8.44444,4.85185,12.28889,D28_1
208.95556,57.73333,72.66667,18.16667,293.26667,349.22222,1.0,1.0,6.2,1576.67778,1.20741,22.92222,8.86667,1.97037,1.0,9.63704,12.55556,3.72593,8.54074,D28_2
214.84444,55.84444,69.0,28.14815,290.48889,363.66667,1.0,1.71481,7.31111,1466.12222,1.0,21.4,10.78519,3.17037,1.0,12.08889,2.77778,3.40741,8.76296,D28_3
169.73333,47.91111,54.11111,1.0,250.6,86.66667,1.0,2.82593,6.86667,1387.67778,1.0,23.36667,8.97778,2.94815,1.0,10.47407,6.55556,3.39259,9.51111,D28_4
201.4,60.73333,63.33333,1.0,290.82222,76.22222,1.11111,1.71481,5.6963,1293.67778,1.0,28.28889,10.6037,1.74074,1.0,8.85926,3.77778,5.86667,9.17778,D28_5
189.28889,37.8,71.0,18.51852,269.93333,318.66667,1.44444,3.54074,7.53333,1241.01111,1.20741,24.62222,11.82593,3.84444,1.0,10.63704,3.77778,2.37778,11.84444,D28_6
180.95556,33.51111,58.55556,1.0,236.71111,51.77778,1.0,3.14444,6.25185,1172.56667,1.1037,22.25556,7.78519,3.5037,1.0,6.42222,3.66667,3.72593,7.51111,D28_7
155.4,24.75556,41.55556,23.62963,197.82222,39.44444,1.11111,2.82593,6.31111,1115.12222,1.1037,24.17778,6.93704,3.40741,1.0,3.42963,4.66667,1.34815,6.62222,D28_8
151.28889,22.86667,47.88889,8.18519,198.48889,39.22222,1.0,4.97037,3.91111,1094.23333,1.1037,26.81111,5.97778,2.05926,1.0,12.59259,1.88889,3.05926,6.54074,D28_9
149.08889,106.4,141.0,61.25185,160.74444,1611.27778,1.11111,2.8963,8.63333,1749.54444,1.0,19.0,16.32593,2.11852,1.0,8.91111,9.44444,1.77037,28.13333,D29_0
214.42222,170.95556,131.88889,40.80741,234.63333,1485.5,1.0,7.17778,11.3,1607.65556,1.0,20.66667,12.81111,3.11852,1.0,9.47407,15.33333,7.93333,24.35556,D29_1
209.42222,226.4,127.22222,49.91481,243.96667,1105.27778,1.11111,3.05926,9.41111,1455.54444,1.0,21.44444,12.47778,5.21481,1.0,13.97037,8.55556,7.26667,25.13333,D29_2
206.64444,80.06667,105.88889,37.35185,199.96667,1041.5,1.22222,5.11852,9.52222,1335.1,1.19259,17.77778,10.65926,2.59259,1.0,3.15556,6.55556,7.48889,15.57778,D29_3
209.42222,74.24444,144.66667,52.03333,255.18889,1058.16667,1.11111,17.2963,9.67407,1277.65556,1.0,20.11111,7.99259,3.21481,1.77778,8.91852,3.77778,2.57778,23.68889,D29_4
191.97778,73.31111,91.44444,34.14444,203.52222,579.5,1.0,4.00741,8.34074,1219.76667,1.0963,13.22222,7.91111,1.95556,1.0,12.80741,8.55556,8.12593,15.13333,D29_5
198.86667,63.31111,116.33333,11.35926,213.96667,1060.16667,1.11111,5.22963,7.22963,1135.65556,1.0963,15.88889,12.32593,3.91111,1.0,5.03704,8.66667,5.96296,19.24444,D29_6
200.64444,48.51111,94.33333,33.02963,235.41111,745.94444,1.0,4.28148,7.96667,1083.43333,1.0,14.66667,7.95185,3.24444,1.0,4.59259,9.55556,6.76296,17.8,D29_7
192.42222,56.84444,94.11111,72.13333,207.3,782.83333,1.0,5.11852,7.74444,1010.32222,1.0,12.33333,7.72963,4.27407,1.0,9.19259,11.44444,6.01481,16.13333,D29_8
199.42222,83.06667,119.66667,65.47037,236.3,754.38889,1.11111,4.00741,8.3,968.32222,1.0,14.0,8.43704,1.92593,2.66667,4.42963,10.44444,4.40741,16.46667,D29_9
220.58889,157.55556,588.87778,48.98148,882.93333,708.77778,1.0,7.77778,16.98889,5316.11111,1.44444,953.48889,4.77778,5.44444,1.77778,13.55556,8.55556,6.39259,169.64444,D3_0
191.25556,317.0,241.65556,79.94815,840.15556,721.11111,1.28889,6.55556,20.43333,4959.55556,1.88889,856.26667,5.77778,4.44444,1.77778,10.88889,5.66667,11.17037,205.31111,D3_1
194.25556,192.77778,238.76667,58.44074,870.26667,1569.66667,1.19259,9.88889,18.98889,4797.0,1.22222,805.15556,11.44444,4.66667,1.77778,17.11111,8.55556,10.60741,172.2,D3_2
187.58889,156.11111,254.98889,50.80741,833.15556,1113.44444,1.73333,4.33333,19.76667,4666.0,1.22222,709.82222,13.22222,4.11111,1.0,10.66667,9.44444,5.82963,211.64444,D3_3
205.58889,127.11111,222.1,72.17037,825.26667,1339.55556,1.0,2.11111,18.76667,4498.11111,1.22222,881.82222,6.55556,5.11111,1.0,14.55556,11.44444,9.5037,158.2,D3_4
187.7,145.22222,208.21111,48.14074,779.04444,729.22222,1.51111,5.44444,20.54444,4392.77778,1.66667,829.82222,5.55556,4.77778,1.0,17.55556,3.88889,5.18519,167.2,D3_5
183.03333,132.0,253.1,39.6,730.6,901.77778,1.0963,10.0,23.21111,4314.33333,1.77778,761.48889,6.11111,3.0,1.77778,15.44444,4.66667,7.17037,163.08889,D3_6
194.47778,179.66667,254.43333,42.15556,840.6,1308.88889,1.31852,5.44444,22.87778,4256.88889,1.55556,781.37778,9.33333,2.77778,1.0,11.44444,5.55556,6.19259,158.42222,D3_7
190.58889,121.0,215.21111,46.28148,781.71111,1251.33333,1.31852,4.44444,18.54444,4189.0,1.22222,732.15556,8.66667,2.33333,1.77778,15.55556,3.66667,7.74074,195.64444,D3_8
203.81111,143.22222,213.32222,55.15556,806.15556,1120.11111,1.52593,5.44444,21.21111,4094.0,1.66667,794.48889,10.33333,2.66667,1.0,14.77778,12.33333,6.18519,148.31111,D3_9
699.81111,46.33333,233.55556,64.17778,1592.93333,94.44444,1.20741,7.28889,5.25556,4260.86667,1.88889,75.88889,31.22222,4.55556,1.0,7.44444,2.77778,6.04074,57.75556,D30_0
614.03333,34.44444,236.33333,100.17778,1425.15556,63.88889,1.0,2.8963,6.7,4103.42222,1.22222,63.66667,24.66667,4.55556,1.0,7.22222,3.66667,5.70741,43.64444,D30_1
701.7,37.11111,211.55556,40.84444,1545.37778,152.22222,1.31852,6.85185,5.25556,3909.42222,1.88889,80.33333,23.66667,3.66667,1.0,9.88889,1.0,5.70741,49.31111,D30_2
621.7,39.33333,212.88889,40.95556,1361.26667,312.44444,1.0,5.22963,3.73333,3715.64444,1.77778,59.11111,29.11111,2.55556,1.0,10.33333,2.77778,9.01481,48.53333,D30_3
663.7,38.11111,204.11111,61.35556,1364.15556,299.77778,1.1037,1.0,4.43333,3610.31111,1.33333,69.11111,28.77778,4.33333,1.0,9.44444,3.77778,6.95556,41.64444,D30_4
722.47778,55.77778,231.0,58.95556,1574.04444,78.55556,1.1037,6.06667,4.32222,3526.75556,1.33333,81.44444,31.88889,2.77778,1.0,6.88889,4.77778,6.45926,49.2,D30_5
640.25556,34.22222,212.44444,93.86667,1419.6,84.33333,1.1037,4.95556,2.35556,3464.08889,1.33333,79.77778,30.11111,2.66667,2.55556,7.33333,6.66667,6.79259,40.42222,D30_6
591.7,44.44444,176.33333,114.53333,1298.04444,55.77778,1.0,1.0,3.43333,3348.2,1.66667,62.0,28.0,1.66667,1.0,7.88889,1.0,5.17778,36.53333,D30_7
659.7,33.11111,201.22222,104.2,1421.6,64.0,1.1037,8.12593,2.95556,3280.31111,1.55556,60.77778,29.22222,2.55556,1.0,9.0,2.88889,5.65556,45.86667,D30_8
616.14444,35.22222,204.22222,64.06667,1326.26667,107.22222,1.1037,5.39259,3.83333,3238.53333,1.44444,66.55556,24.77778,1.55556,1.0,5.11111,1.0,6.21111,40.86667,D30_9
1665.08889,171.95556,187.46667,96.51852,6081.57778,15.0,1.0,1.0,26.93333,4680.0,4.54815,22.68889,9.88889,9.72222,1.0,6.88889,2.64444,3.71852,31.55556,D31_0
1878.42222,139.62222,153.57778,120.77778,6641.68889,18.88889,1.0,1.0,26.82222,4464.77778,5.21481,11.13333,5.88889,9.72222,1.0,3.77778,1.0,2.71852,27.33333,D31_1
1580.42222,159.84444,198.35556,111.25926,5694.35556,6.88889,1.0,1.0,28.15556,4302.22222,4.43704,20.46667,7.88889,8.27778,1.0,5.77778,3.82222,3.28889,31.11111,D31_2
1617.97778,185.17778,201.46667,133.55556,6019.02222,12.88889,1.0,4.6,27.71111,4197.66667,3.53333,23.8,11.66667,9.72222,1.0,3.55556,4.64444,3.38519,31.88889,D31_3
1676.2,168.84444,154.68889,149.81481,6109.91111,16.88889,1.0,9.31111,27.71111,4124.11111,3.86667,18.68889,6.44444,11.18519,1.0,5.66667,6.64444,2.19259,28.44444,D31_4
1689.86667,142.62222,152.46667,193.0,6070.8,23.11111,1.33333,2.94074,26.71111,4092.33333,4.86667,23.8,8.77778,16.83333,1.0,2.77778,1.0,3.81481,32.66667,D31_5
1654.64444,147.62222,159.68889,162.0,5896.57778,8.77778,1.0,1.0,24.04444,4024.44444,4.53333,18.02222,5.11111,14.94444,1.0,8.33333,2.82222,1.85926,28.66667,D31_6
1515.86667,153.73333,169.35556,151.77778,5693.91111,10.88889,1.0,5.71111,29.26667,3935.11111,3.54815,18.8,11.44444,9.27778,1.0,4.33333,4.46667,1.42963,30.88889,D31_7
1659.42222,179.84444,154.13333,113.92593,5778.8,16.77778,1.0,8.87407,26.93333,3903.33333,3.54815,22.93333,7.77778,9.94444,1.0,5.44444,3.64444,1.85926,35.55556,D31_8
1531.53333,134.51111,161.35556,93.25926,5466.57778,14.88889,1.11111,2.65926,25.82222,3799.0,4.88148,13.71111,8.11111,7.94444,1.0,4.77778,6.28889,3.81481,32.11111,D31_9
367.04444,35.33333,164.77778,75.28519,1018.96667,390.44444,1.0,1.0,7.57037,1430.3,1.21111,18.22222,16.11111,2.11111,1.0,2.71111,4.66667,3.31481,28.95556,D32_0
414.93333,41.22222,178.55556,110.77037,1157.74444,460.11111,1.0,2.98519,9.04444,1231.07778,1.2,25.55556,21.66667,1.55556,1.0,4.6963,1.88889,3.31852,42.06667,D32_1
431.93333,49.33333,195.77778,94.81111,1201.96667,347.33333,1.0,4.97037,10.26667,1178.41111,1.0,36.88889,28.22222,1.77778,1.0,5.31852,5.66667,5.3037,48.51111,D32_2
418.15556,62.33333,208.44444,79.77037,1041.18889,226.33333,1.0,6.08148,13.48889,1084.41111,1.1,42.0,35.77778,1.55556,1.0,2.71111,2.88889,4.31111,43.62222,D32_3
574.48889,42.0,220.11111,72.1037,1193.3,291.66667,1.0,4.0963,8.71111,1011.3,1.1,40.44444,28.88889,1.77778,1.0,3.36296,5.66667,2.98519,47.84444,D32_4
486.82222,50.44444,247.0,120.81111,1260.41111,355.33333,1.0,2.98519,11.48889,932.3,1.2,38.77778,34.77778,1.88889,1.0,5.42222,1.88889,3.97778,53.51111,D32_5
438.71111,57.55556,256.44444,85.21481,1219.07778,452.11111,1.0,1.0,9.26667,905.85556,1.2,46.44444,39.44444,1.88889,1.71852,7.58519,3.77778,3.64815,48.84444,D32_6
703.48889,53.33333,240.11111,118.25556,1144.74444,435.33333,1.0,3.1037,13.71111,837.96667,1.2,50.44444,39.55556,2.44444,1.0,6.75556,4.66667,9.07778,53.28889,D32_7
400.82222,62.33333,231.33333,116.1037,1103.85556,94.77778,1.1,4.0963,10.15556,822.3,1.3,46.0,28.22222,1.33333,1.71852,3.25926,1.88889,4.30741,46.28889,D32_8
463.26667,73.77778,268.22222,103.61852,1179.41111,378.11111,1.2,1.99259,10.37778,801.41111,1.3,59.11111,40.44444,2.33333,1.0,5.14815,2.77778,5.42222,62.62222,D32_9
553.01111,130.22222,342.48889,147.72222,1527.17778,896.57778,2.05926,5.2,23.46667,4891.47778,12.77778,43.66667,34.88889,2.83704,1.77778,11.55556,11.33333,2.60741,178.64444,D33_0
576.34444,138.11111,341.71111,127.05556,1550.06667,750.46667,1.65185,4.17037,21.68889,4550.47778,13.11111,46.77778,31.88889,3.17037,1.0,9.48148,22.11111,3.59259,152.2,D33_1
538.78889,138.11111,333.48889,96.16667,1481.17778,623.13333,1.41481,5.2,17.24444,4298.7,8.77778,32.11111,29.55556,3.17037,1.77778,9.55556,8.55556,2.62222,128.75556,D33_2
557.67778,220.77778,349.82222,127.05556,1423.73333,693.02222,1.0,2.02963,27.68889,4151.92222,11.66667,40.33333,30.88889,2.17778,1.0,5.07407,18.22222,3.38519,196.42222,D33_3
557.78889,170.44444,308.6,144.94444,1425.28889,579.8,1.31111,7.34074,22.13333,4057.47778,11.11111,36.66667,28.0,3.61481,1.0,11.37037,20.0,4.56296,141.75556,D33_4
543.34444,127.0,314.82222,152.72222,1466.51111,518.24444,1.20741,5.2,26.68889,3894.58889,13.77778,32.44444,29.11111,4.28148,1.0,8.92593,16.22222,5.34074,160.42222,D33_5
568.12222,156.33333,346.6,114.14815,1512.17778,551.13333,1.0,9.59259,23.13333,3774.36667,9.44444,36.88889,24.33333,3.4963,1.0,12.25926,20.11111,2.92593,185.86667,D33_6
500.9,167.55556,282.48889,93.72222,1303.28889,300.57778,1.20741,5.2,24.24444,3648.14444,11.33333,31.0,32.88889,3.60741,1.0,7.66667,33.11111,4.35556,135.64444,D33_7
523.45556,97.77778,316.04444,139.94444,1305.28889,462.91111,1.42963,7.42222,22.57778,3501.92222,11.11111,37.22222,31.88889,2.94815,1.0,12.37037,26.11111,6.00741,191.53333,D33_8
520.67778,89.77778,290.71111,127.05556,1356.28889,393.02222,1.1037,2.02963,21.02222,3423.03333,10.0,28.55556,27.88889,3.62222,1.0,11.25926,24.22222,4.91111,156.97778,D33_9
1106.9,192.97778,229.02222,75.14074,2997.16667,807.44444,1.0,5.47407,31.57778,1227.78889,1.37037,117.57778,73.55556,8.77778,1.0,3.97778,5.77778,5.72222,11.44444,D34_0
1028.9,110.08889,138.91111,69.63704,2776.94444,441.55556,1.0,5.2,35.8,1128.34444,1.09259,96.13333,41.66667,9.33333,1.0,7.14074,6.55556,4.94444,10.22222,D34_1
994.12222,159.42222,184.91111,131.97778,2698.94444,677.88889,1.09259,2.02963,37.46667,1065.67778,1.09259,107.91111,53.33333,11.0,1.0,9.02963,4.66667,5.33333,10.77778,D34_2
907.9,131.2,162.57778,88.14074,2409.83333,252.66667,1.31481,3.14074,32.46667,982.01111,1.0,87.8,46.77778,8.44444,1.0,6.03704,5.55556,6.16667,10.66667,D34_3
1001.34444,125.31111,189.57778,113.91852,2907.05556,384.22222,1.09259,10.7037,39.57778,928.9,1.18519,114.35556,67.22222,10.44444,1.0,4.86667,5.55556,5.5,13.88889,D34_4
977.78889,152.53333,146.68889,61.97037,2548.61111,254.66667,1.0,1.0,26.57778,881.9,1.0,96.02222,53.0,6.55556,1.0,7.02963,11.33333,6.66667,11.0,D34_5
668.56667,114.08889,104.13333,77.86667,1917.16667,232.33333,1.0,5.28148,22.02222,834.9,1.09259,70.68889,40.22222,4.22222,1.0,6.75556,7.66667,4.0,10.55556,D34_6
920.56667,102.08889,140.8,54.75556,2510.94444,330.88889,1.09259,4.36296,34.57778,834.9,1.18519,97.8,45.55556,6.44444,1.0,8.91852,7.55556,5.5,12.22222,D34_7
974.01111,89.17778,152.8,90.97778,2666.16667,123.44444,1.0,1.0,36.57778,793.12222,1.0,94.13333,43.0,6.0,1.0,2.98519,9.44444,6.22222,13.22222,D34_8
919.23333,96.08889,137.68889,54.3037,2583.38889,226.11111,1.09259,4.17037,38.02222,756.56667,1.37037,89.57778,40.55556,8.0,1.0,5.41481,3.66667,5.94444,13.77778,D34_9
518.67778,208.1,279.75556,76.16296,2871.78889,304.38889,1.51852,5.6,202.23333,1441.96667,10.52222,57.93333,384.72222,9.22222,3.86667,6.48889,33.11111,11.55556,35.2,D35_0
525.01111,192.87778,271.2,81.61481,2938.45556,478.94444,2.33333,6.39259,183.01111,1258.52222,8.07778,58.26667,406.5,8.66667,1.65926,12.9037,20.22222,11.51111,48.53333,D35_1
551.56667,186.76667,321.86667,75.93333,2982.23333,328.94444,1.7037,1.0,220.9,1127.3,9.74444,65.48889,378.38889,6.77778,3.20741,11.57037,11.44444,20.15556,40.42222,D35_2
519.34444,183.65556,152.2,99.61481,2649.12222,253.37037,1.09259,10.2,182.23333,1069.85556,7.19259,55.82222,355.38889,7.22222,3.86667,10.57037,24.88889,12.73333,44.53333,D35_3
495.12222,151.43333,207.97778,50.5037,2669.67778,435.83333,2.7037,7.61481,191.12222,996.74444,7.07778,45.71111,327.38889,6.55556,2.31852,13.65185,32.0,10.84444,30.42222,D35_4
527.9,162.54444,272.31111,83.48889,2716.34444,269.59259,1.37037,8.2963,216.12222,922.63333,6.74444,57.26667,374.83333,7.0,4.75556,14.0963,20.33333,17.24444,43.53333,D35_5
490.01111,216.1,203.53333,60.60741,2501.01111,150.59259,1.62963,3.6963,163.12222,912.18889,6.85556,52.82222,339.27778,6.55556,1.0,11.45926,15.33333,10.6,33.75556,D35_6
469.23333,167.65556,387.64444,96.48889,2639.34444,524.25926,1.18519,10.62963,195.9,870.41111,8.41111,61.04444,343.61111,6.88889,4.52593,9.82222,22.11111,6.13333,45.42222,D35_7
482.12222,220.21111,250.75556,56.06667,2570.78889,300.16667,1.5,8.2963,181.23333,828.63333,7.96667,45.48889,322.16667,7.66667,3.86667,11.73333,33.88889,17.6,31.2,D35_8
542.23333,134.1,220.97778,81.27407,2677.45556,261.7963,1.5,9.04444,202.01111,797.3,6.41481,64.82222,359.83333,7.11111,2.31852,6.74074,15.44444,7.77778,48.53333,D35_9
1819.31111,326.0,179.12222,218.14444,8354.53333,205.55556,1.22222,12.4963,138.56667,5022.63333,1.1037,73.81111,7.51852,21.77778,1.0,993.38889,12.22222,4.74815,1629.52222,D36_0
1629.97778,321.0,147.01111,153.7,7567.97778,226.0,1.0,6.71852,114.12222,4728.96667,1.1037,83.03333,14.20741,20.33333,1.0,1079.83333,6.44444,2.75926,1758.85556,D36_1
1672.75556,315.88889,162.67778,210.36667,7759.2,398.55556,1.22222,1.0,141.34444,4429.74444,1.0,77.03333,5.21481,21.22222,1.77778,893.83333,10.44444,4.75556,1563.18889,D36_2
1689.86667,338.11111,179.01111,157.8037,8153.42222,277.33333,1.0,1.0,153.45556,4151.96667,1.20741,91.47778,16.62222,16.33333,1.77778,847.38889,12.11111,5.41481,1552.18889,D36_3
1921.08889,427.77778,133.9,269.7,8823.2,521.88889,1.88889,4.97037,144.45556,3957.74444,1.20741,92.14444,12.84444,30.44444,1.0,927.83333,13.22222,6.63704,1458.85556,D36_4
1706.31111,303.77778,125.45556,205.14444,7954.31111,437.44444,1.11111,3.62222,119.56667,3784.85556,1.31111,107.81111,9.68148,16.88889,1.0,816.16667,4.77778,3.64444,1274.85556,D36_5
1656.08889,287.55556,142.56667,218.14444,8111.08889,369.77778,1.22222,4.73333,115.9,3669.52222,1.0,115.03333,9.37778,21.11111,1.0,754.61111,10.44444,4.08148,1257.52222,D36_6
1683.86667,321.88889,138.78889,162.36296,7903.75556,320.44444,1.44444,3.85926,128.78889,3569.74444,1.31111,97.7,6.93333,19.44444,1.0,821.05556,9.55556,4.21111,1299.63333,D36_7
1578.2,299.88889,118.67778,172.47407,7297.53333,583.44444,1.22222,7.06667,109.9,3402.18889,1.1037,89.25556,12.54074,16.55556,1.0,778.94444,5.77778,5.31481,1204.96667,D36_8
1599.53333,331.0,121.34444,167.36296,7161.64444,902.11111,1.11111,9.05185,119.78889,3307.63333,1.20741,103.47778,9.93333,18.55556,1.0,703.72222,10.44444,5.0963,1264.96667,D36_9
610.51111,145.72222,134.61111,27.14815,2830.67778,622.44444,1.44444,7.67778,56.63333,7088.78889,2.77778,76.77778,57.41111,5.88889,1.77778,9.64444,10.77778,1.0,70.4,D37_0
599.62222,174.94444,144.05556,76.85185,2906.78889,749.88889,1.11111,8.38519,61.96667,6475.01111,3.44444,65.22222,56.96667,6.88889,3.44444,7.47407,4.51111,1.0,83.84444,D37_1
578.06667,142.72222,141.05556,46.66667,2669.67778,871.11111,1.22222,2.81852,48.3,6028.9,3.22222,65.22222,47.85556,5.44444,4.22222,7.58519,6.02222,1.0,85.17778,D37_2
570.06667,174.94444,134.61111,55.96296,2618.01111,540.33333,1.11111,4.63704,60.85556,5693.34444,2.77778,55.44444,54.52222,6.77778,4.22222,11.80741,10.28889,1.0,89.62222,D37_3
535.17778,146.83333,109.5,37.96296,2555.56667,599.88889,1.11111,3.52593,63.41111,5509.67778,2.22222,46.33333,47.18889,5.88889,2.55556,5.59259,3.51111,1.0,72.73333,D37_4
558.84444,127.61111,110.94444,36.44444,2505.56667,388.33333,1.0,2.81852,56.07778,5368.23333,2.33333,45.55556,48.63333,4.33333,1.77778,2.98519,11.53333,1.0,60.4,D37_5
566.51111,131.72222,122.05556,27.14815,2614.12222,811.55556,1.33333,1.70741,76.41111,5179.34444,1.88889,53.33333,53.85556,5.66667,1.0,4.15556,14.53333,1.0,69.62222,D37_6
548.51111,157.94444,131.27778,37.48148,2436.45556,636.88889,1.33333,1.0,52.63333,5048.01111,2.44444,66.33333,54.3,6.77778,1.0,5.58519,14.28889,1.16296,89.73333,D37_7
532.95556,132.83333,115.05556,57.7037,2430.67778,639.11111,1.11111,4.63704,56.96667,4979.9,2.66667,50.44444,44.63333,3.66667,1.0,7.75556,8.02222,1.0,87.84444,D37_8
513.51111,124.5,101.05556,46.77778,2346.78889,462.22222,1.11111,1.0,52.3,4812.34444,2.44444,51.11111,52.3,4.55556,3.44444,7.03704,6.02222,1.16296,68.84444,D37_9
615.14444,195.76667,54.4,35.22222,3360.75556,318.61111,1.0,1.95185,55.45556,12788.95556,1.77778,31.6,5.88889,19.66667,1.77778,10.22222,20.31111,11.5037,27.04444,D38_0
586.81111,199.76667,60.51111,33.42222,3286.75556,962.05556,1.0,7.45926,52.9,12069.4,1.77778,32.15556,5.44444,18.11111,1.0,13.0,7.15556,6.48889,22.37778,D38_1
546.14444,202.87778,56.51111,13.73333,2990.2,818.48148,1.0,12.91852,53.34444,11355.62222,1.33333,33.04444,4.22222,16.22222,1.0,10.33333,10.73333,6.25185,24.6,D38_2
525.03333,174.54444,60.84444,30.0,3019.97778,1180.05556,1.0,6.07778,57.34444,10793.95556,1.55556,24.82222,5.22222,15.88889,1.77778,11.11111,12.94444,4.14815,21.93333,D38_3
509.25556,175.65556,53.84444,9.48889,2744.53333,530.27778,1.0,4.01481,53.34444,10174.51111,1.33333,42.6,4.88889,15.33333,2.66667,10.22222,8.15556,13.16296,16.82222,D38_4
510.36667,167.65556,59.84444,26.73333,2808.86667,312.61111,1.0,4.96667,47.23333,9806.73333,1.33333,32.93333,3.66667,12.55556,1.0,11.44444,3.57778,6.68889,27.71111,D38_5
491.47778,166.54444,64.73333,35.11111,2787.86667,589.72222,1.0,1.95185,42.34444,9544.62222,1.22222,25.48889,2.33333,11.22222,1.0,2.88889,11.15556,8.73333,22.93333,D38_6
489.7,166.65556,50.62222,34.24444,2663.75556,205.61111,1.22222,3.06296,45.67778,9276.62222,1.44444,29.37778,4.0,16.22222,1.77778,13.88889,14.94444,8.71852,15.6,D38_7
443.14444,120.21111,57.28889,19.66667,2539.2,277.5,1.0,2.9037,45.01111,8967.4,1.11111,26.37778,2.77778,14.0,1.0,8.88889,7.15556,7.60741,15.71111,D38_8
432.25556,125.21111,58.84444,32.55556,2497.64444,378.16667,1.0,3.06296,46.78889,8605.28889,1.0,27.93333,2.66667,14.88889,1.0,11.22222,9.94444,10.17037,19.6,D38_9
819.6,181.55556,200.74444,64.6963,2575.0,578.24444,1.0,4.33333,24.95556,2279.51111,1.1,168.1,207.54444,7.78889,1.68889,4.74074,15.33333,5.88889,19.44444,D39_0
801.82222,171.66667,171.52222,62.24444,2613.33333,360.24444,1.0,11.11111,26.4,2168.95556,1.2,130.43333,208.65556,11.34444,1.0,5.15556,17.22222,4.68889,16.40741,D39_1
800.82222,228.0,167.3,37.42963,2665.88889,385.13333,1.1,14.44444,27.17778,2059.28889,1.1,104.65556,237.43333,8.9,2.57778,7.37778,11.33333,6.15556,14.11111,D39_2
784.15556,167.33333,199.41111,15.37778,2457.22222,268.15556,1.0,8.88889,22.4,1970.06667,1.1,136.43333,223.1,10.34444,4.24444,9.57037,16.44444,7.93333,15.22222,D39_3
777.71111,143.11111,149.63333,49.35556,2515.55556,633.57778,1.0,3.22222,24.95556,1870.28889,1.0,65.98889,206.21111,8.45556,2.37778,9.57037,7.55556,9.91111,14.44444,D39_4
754.93333,157.33333,128.96667,45.41481,2382.55556,304.91111,1.0,12.22222,24.06667,1859.84444,1.63333,56.65556,191.21111,9.12222,1.0,9.23704,11.33333,9.37778,11.22222,D39_5
773.37778,189.77778,108.85556,19.53333,2493.55556,362.46667,1.0,8.77778,19.17778,1786.73333,1.1,65.65556,186.1,8.34444,1.0,6.48889,15.33333,5.88889,14.77778,D39_6
708.15556,158.44444,148.18889,69.80741,2350.0,276.26667,1.0,2.11111,21.84444,1771.06667,1.4,59.43333,168.87778,5.04444,2.57778,6.18519,7.55556,5.44444,16.44444,D39_7
805.93333,120.11111,138.07778,40.41481,2600.77778,535.13333,1.1,13.33333,25.06667,1723.84444,1.0,99.98889,214.32222,10.12222,1.0,9.12593,16.11111,6.42222,13.0,D39_8
714.26667,136.22222,135.74444,50.63704,2399.66667,299.04444,1.0,15.66667,22.84444,1660.4,1.0,141.21111,177.98889,7.56667,1.0,6.23704,18.22222,3.33333,12.22222,D39_9
496.81111,97.4,365.08889,61.09259,1050.42222,337.96667,1.0,2.02963,12.42222,3357.53333,1.2963,110.33333,6.77778,3.11111,1.0,20.41481,9.33333,7.01852,43.66667,D4_0
423.58889,130.51111,353.64444,88.27778,948.31111,219.3037,1.11111,4.17037,11.53333,3100.2,1.59259,89.66667,4.33333,2.22222,1.0,10.36296,5.66667,4.2037,32.77778,D4_1
402.14444,83.06667,317.31111,73.40741,920.42222,145.64074,1.0,3.05926,9.86667,2827.75556,1.0,92.77778,3.33333,2.66667,1.0,9.31111,12.44444,4.09259,40.77778,D4_2
380.92222,142.62222,308.53333,76.07407,823.31111,150.42222,1.0,3.05926,8.2,2664.97778,1.37037,80.44444,3.77778,3.44444,1.0,14.85926,9.55556,7.27778,35.55556,D4_3
378.25556,78.17778,320.31111,38.55556,880.64444,112.41481,1.0,3.05926,4.58519,2560.53333,1.0,82.11111,2.66667,1.88889,1.0,14.24444,7.66667,7.94444,38.22222,D4_4
325.92222,78.24444,248.86667,72.72222,753.42222,174.52963,1.11111,2.02963,9.42222,2423.86667,1.18519,80.77778,4.33333,1.55556,1.0,7.59259,1.0,3.40741,29.55556,D4_5
357.14444,78.84444,284.53333,73.51852,749.42222,122.52593,1.0,4.17037,8.53333,2329.75556,1.0,84.55556,3.33333,2.44444,1.0,6.03704,8.55556,6.57407,35.22222,D4_6
329.14444,71.02222,275.2,79.2037,789.2,140.97037,1.0,5.2,7.42222,2246.08889,1.0,68.44444,3.11111,2.33333,1.0,6.31111,2.88889,6.24074,28.44444,D4_7
346.81111,54.84444,278.97778,53.31481,727.08889,60.87407,1.0,4.17037,8.64444,2156.42222,1.0,81.11111,2.33333,1.88889,1.0,9.2,6.55556,5.55556,29.11111,D4_8
329.58889,61.95556,268.97778,48.88889,707.08889,49.1963,1.11111,3.05926,8.75556,2072.86667,1.18519,73.33333,4.44444,1.66667,1.0,6.31111,1.88889,3.11111,27.55556,D4_9
2532.08889,194.77778,387.37778,70.38889,6226.11111,14.66667,1.0,4.33333,94.03333,10170.96667,3.4,20.77778,3.65926,9.12222,1.0,211.17778,3.66667,8.33333,36.64444,D40_0
2549.08889,197.77778,379.93333,42.22222,6159.33333,113.22222,1.0,3.22222,97.7,9687.96667,1.95556,25.11111,4.15556,10.01111,1.0,196.51111,3.77778,5.33333,36.75556,D40_1
2488.42222,178.55556,375.37778,62.68519,6064.11111,64.22222,1.0,4.44444,109.58889,9409.74444,2.07407,22.33333,5.57037,10.01111,1.0,187.84444,1.0,5.33333,32.42222,D40_2
2291.31111,222.0,371.93333,47.24074,5720.55556,4.77778,1.0,11.0,105.25556,9131.52222,2.51852,21.44444,4.93333,9.57778,1.0,185.95556,14.22222,4.55556,28.86667,D40_3
2542.31111,177.55556,384.6,49.81481,6140.22222,19.0,1.1,9.88889,98.7,8885.07778,2.17778,24.0,4.1037,10.78889,1.0,223.06667,9.55556,5.0,34.64444,D40_4
2508.53333,189.55556,392.82222,72.94444,5908.11111,90.88889,1.0,5.55556,95.14444,8659.41111,1.31111,21.55556,5.71111,12.12222,1.0,187.95556,9.44444,3.55556,31.86667,D40_5
2298.31111,259.44444,344.04444,49.7963,5656.77778,12.55556,1.1,9.88889,103.14444,8543.96667,1.74815,22.88889,3.65926,9.78889,1.0,157.73333,5.55556,4.33333,31.64444,D40_6
2362.2,217.88889,387.82222,85.83333,5862.66667,68.44444,1.0,11.0,111.36667,8412.41111,2.61481,29.22222,4.43704,14.12222,1.0,141.73333,4.55556,2.77778,27.08889,D40_7
2343.53333,229.22222,382.71111,47.24074,5837.44444,28.88889,1.0,5.44444,107.03333,8202.85556,1.63704,16.0,4.45926,9.9,1.0,189.51111,5.77778,3.44444,32.97778,D40_8
2191.08889,213.77778,333.26667,60.12963,5567.11111,13.0,1.0,5.44444,101.25556,8097.63333,1.86667,30.44444,9.0963,11.12222,1.0,180.51111,6.55556,4.66667,30.31111,D40_9
952.6,178.06667,91.87778,11.72222,2634.12222,657.77778,1.1,6.86667,268.23333,1845.64444,1.1037,195.55556,16.81111,4.55556,1.71852,8.55556,77.77778,4.77778,35.48889,D41_0
1016.6,217.4,94.32222,43.90741,2717.9,203.44444,1.0,6.86667,328.45556,1698.86667,1.20741,45.33333,16.81111,3.0,1.0,4.11111,155.66667,2.55556,27.37778,D41_1
955.93333,198.17778,75.1,30.90741,2629.45556,131.55556,1.0,6.86667,305.12222,1635.75556,1.32593,99.11111,12.61852,1.88889,1.0,9.88889,77.0,4.55556,27.6,D41_2
907.26667,188.06667,90.76667,13.59259,2482.9,413.0,1.1,3.02222,318.23333,1562.64444,1.31852,40.77778,9.3963,3.0,1.71852,12.77778,159.66667,3.33333,27.37778,D41_3
921.04444,170.06667,95.76667,22.05556,2446.34444,480.77778,1.0,1.91111,275.9,1478.64444,1.62963,182.33333,19.25556,2.66667,1.0,11.44444,63.88889,3.55556,30.93333,D41_4
992.37778,193.17778,90.32222,16.94444,2694.12222,1019.77778,1.0,3.93333,315.45556,1472.86667,1.1037,123.33333,13.88148,2.33333,1.71852,13.22222,20.44444,3.0,37.04444,D41_5
900.37778,206.17778,110.1,20.18519,2461.56667,248.66667,1.2,7.77778,315.01111,1404.97778,1.1037,115.77778,14.81111,4.33333,1.0,11.66667,217.22222,3.11111,33.26667,D41_6
938.15556,192.17778,94.65556,22.05556,2639.78889,254.66667,1.0,5.95556,320.12222,1378.86667,1.1037,130.0,14.43704,2.33333,1.0,6.44444,77.77778,2.0,30.6,D41_7
855.71111,161.73333,85.98889,75.2963,2311.12222,228.0,1.32222,2.82222,348.34444,1321.42222,1.0,54.66667,11.1037,4.11111,1.0,9.22222,248.55556,2.55556,31.15556,D41_8
1112.93333,222.62222,96.43333,15.07407,2929.01111,277.22222,1.0,3.93333,332.56667,1284.86667,1.42222,94.11111,11.81111,3.44444,1.71852,9.66667,26.44444,4.66667,33.26667,D41_9
8179.33333,333.28889,789.71111,96.42222,45283.8,281.55556,2.22222,1.0,107.3,49013.67778,5.33333,61.5,14.54074,50.33333,1.0,81.57778,28.35556,10.04444,196.24444,D42_0
7511.44444,307.17778,738.26667,98.97778,41035.02222,154.22222,2.22222,7.66667,98.3,45282.34444,5.22222,53.72222,17.4,47.22222,1.77778,55.57778,35.42222,10.93333,174.35556,D42_1
7202.33333,286.95556,713.6,79.43704,38871.13333,121.66667,1.33333,2.11111,100.07778,43272.45556,4.66667,54.5,9.54074,43.55556,3.44444,51.91111,45.13333,15.24444,142.13333,D42_2
6640.88889,282.95556,572.6,52.22963,36746.13333,51.77778,1.44444,2.11111,75.41111,41711.34444,5.44444,59.05556,12.42963,42.55556,1.0,61.35556,29.53333,19.6,109.68889,D42_3
6515.77778,304.17778,623.04444,97.35556,36604.91111,248.88889,1.66667,5.44444,83.3,40519.34444,5.44444,58.61111,14.45926,42.55556,4.33333,72.02222,37.06667,13.48889,124.24444,D42_4
6516.0,284.95556,629.37778,50.8,37049.57778,51.44444,2.0,3.22222,76.63333,39580.9,6.11111,54.05556,8.01481,37.77778,1.0,63.57778,31.35556,13.02222,120.02222,D42_5
6060.22222,330.51111,559.6,50.8,35032.57778,53.77778,1.55556,6.55556,83.63333,38789.9,5.55556,60.05556,16.51111,37.44444,1.77778,53.68889,20.64444,16.71111,111.02222,D42_6
6084.55556,345.62222,625.04444,57.34074,34642.91111,80.44444,2.0,4.33333,85.74444,37936.23333,5.0,57.38889,12.42963,42.77778,1.0,48.68889,21.93333,8.17778,109.02222,D42_7
6072.22222,342.62222,586.15556,61.43704,34067.68889,86.33333,2.11111,4.33333,84.63333,37061.12222,3.88889,52.5,15.31852,36.77778,1.0,51.35556,36.35556,14.04444,120.68889,D42_8
6083.44444,316.28889,516.93333,31.45185,32933.35556,43.44444,1.66667,6.66667,78.07778,36381.45556,5.55556,45.94444,8.23704,34.0,1.0,49.46667,23.46667,14.46667,113.35556,D42_9
1236.97778,252.22222,203.2,36.05556,7040.41111,199.33333,1.0,2.11111,43.41111,8906.9,1.77778,47.68889,13.9037,8.1963,1.0,19.37778,10.44444,4.05556,32.0,D43_0
1296.42222,221.88889,183.97778,74.73333,7209.3,400.55556,1.17778,1.0,42.41111,8203.67778,1.11111,44.35556,16.95556,8.52222,1.0,15.97778,7.66667,2.66667,30.55556,D43_1
1249.53333,208.88889,183.64444,31.68889,7193.63333,291.88889,1.08889,2.11111,38.96667,7532.12222,1.22222,39.91111,12.0963,6.85926,2.54815,12.31111,7.55556,2.55556,25.88889,D43_2
1109.86667,201.77778,178.42222,17.2,6061.41111,174.77778,1.17778,7.66667,34.63333,6939.12222,1.22222,37.02222,14.06667,6.52963,1.0,11.02222,8.66667,3.94444,24.77778,D43_3
1014.86667,171.44444,251.08889,57.47778,5556.07778,234.11111,1.08889,3.22222,31.3,6577.23333,1.44444,39.35556,7.76296,6.86296,1.65926,6.68889,6.44444,3.11111,26.33333,D43_4
979.97778,186.66667,159.2,38.62222,5962.96667,86.22222,1.08889,3.22222,39.07778,6362.12222,1.55556,41.91111,8.34815,7.19259,1.65926,12.2,8.44444,3.77778,25.44444,D43_5
1218.31111,192.55556,191.64444,28.38889,6525.85556,152.22222,1.08889,1.0,37.07778,6115.67778,1.88889,36.57778,13.4,5.86296,1.0,6.42222,14.33333,5.33333,21.11111,D43_6
1029.75556,181.44444,180.75556,26.57778,5576.52222,70.22222,1.0,6.55556,35.96667,5758.78889,1.33333,34.8,12.4,8.41481,2.54815,11.08889,13.33333,2.0,20.33333,D43_7
900.64444,123.11111,143.75556,73.13333,5056.3,100.88889,1.17778,1.0,38.74444,5381.34444,1.44444,36.57778,9.76296,6.74444,1.0,8.13333,3.77778,3.94444,28.22222,D43_8
881.31111,172.55556,146.31111,30.94444,4945.85556,252.66667,1.0,3.22222,47.3,5024.56667,1.22222,40.13333,9.76296,7.08148,1.0,7.84444,15.33333,1.66667,24.55556,D43_9
1034.6,248.33333,86.65556,133.22963,4745.38889,537.02222,1.08519,7.7,63.31111,4818.96667,2.77778,392.0,198.11111,14.88889,1.0,20.51111,5.66667,6.12593,109.08889,D44_0
805.37778,162.44444,86.87778,105.35556,4346.38889,569.68889,1.0,2.82593,50.97778,4525.07778,2.88889,413.22222,165.44444,13.77778,1.0,18.62222,11.44444,6.04444,131.53333,D44_1
897.26667,273.55556,114.98889,151.11852,4536.5,771.57778,1.0,6.7963,66.86667,4351.96667,2.88889,383.11111,248.11111,13.44444,1.0,13.65185,15.33333,7.42963,152.53333,D44_2
1098.6,337.11111,89.43333,151.8,5035.72222,506.35556,1.0,4.25556,74.53333,4247.41111,4.22222,218.11111,292.77778,12.66667,1.77778,18.23704,4.77778,10.9037,119.86667,D44_3
984.37778,247.11111,85.43333,154.24444,5208.61111,231.26667,1.0,8.41481,63.08889,4168.41111,2.11111,452.11111,198.0,14.77778,2.55556,16.31852,10.66667,10.68148,163.42222,D44_4
984.37778,231.11111,99.98889,148.91111,5066.72222,520.57778,1.0,1.0,45.53333,4095.07778,3.22222,674.66667,215.11111,12.55556,1.77778,17.12593,14.44444,11.98519,120.53333,D44_5
890.26667,141.33333,136.32222,131.13333,4399.05556,563.8,1.0,7.19259,44.2,3979.74444,1.77778,472.11111,130.11111,12.55556,1.0,21.42963,8.44444,7.31852,125.08889,D44_6
1116.37778,411.77778,85.98889,200.11852,5052.5,450.68889,1.0,1.0,74.97778,3895.63333,4.66667,358.88889,363.22222,14.44444,4.33333,14.62222,12.55556,15.93333,111.86667,D44_7
1099.04444,340.22222,109.32222,138.8,5001.16667,633.46667,1.17037,1.0,62.64444,3770.3,2.33333,471.66667,281.77778,16.11111,2.55556,20.06667,3.88889,9.9037,109.08889,D44_8
839.93333,226.0,92.43333,141.00741,4023.38889,975.24444,1.0,3.54074,54.31111,3675.52222,2.22222,318.66667,150.55556,13.33333,1.0,12.20741,8.66667,8.34815,109.31111,D44_9
281.23333,29.8,59.3,44.94815,1059.71111,273.44444,1.16296,4.33333,8.95556,1208.62222,1.0,75.3,5.0,3.60741,1.0,2.4963,1.0,4.03704,13.33333,D45_0
262.01111,35.8,54.18889,32.05926,1035.93333,72.22222,1.0,6.55556,9.14444,1077.62222,1.0,80.3,3.33333,4.71852,1.0,2.74815,1.0,4.37037,13.0,D45_1
284.56667,35.51111,67.96667,44.94815,1138.6,369.77778,1.0,3.22222,8.81111,994.06667,1.0,55.41111,2.44444,2.83704,1.0,3.54815,5.55556,2.96296,15.25926,D45_2
285.01111,39.62222,84.63333,43.05185,1187.93333,542.33333,1.08148,4.33333,11.25556,914.73333,1.1037,65.63333,8.55556,5.17037,1.0,3.99259,3.88889,7.07407,21.33333,D45_3
264.23333,30.57778,66.41111,74.05185,1003.82222,402.55556,1.0,4.33333,8.81111,899.06667,1.1037,60.41111,2.66667,5.28148,1.77778,3.65926,13.44444,7.77778,19.25926,D45_4
226.01111,37.8,58.52222,52.61481,871.04444,236.33333,1.0,8.88889,12.58889,852.06667,1.0,58.96667,4.22222,3.71852,1.0,3.99259,1.0,3.62963,13.33333,D45_5
294.23333,28.57778,62.96667,34.97037,1149.82222,291.66667,1.08148,5.44444,11.36667,820.73333,1.0,69.52222,4.77778,3.82963,2.55556,4.43704,2.88889,3.62963,21.59259,D45_6
280.01111,27.68889,81.74444,27.96296,1070.26667,540.22222,1.0,3.22222,9.25556,799.84444,1.0,59.07778,11.66667,5.28148,1.0,4.74074,2.77778,3.7037,9.66667,D45_7
289.23333,48.91111,91.07778,30.16296,1143.37778,832.33333,1.0,7.77778,11.36667,731.95556,1.1037,51.52222,10.22222,5.05185,1.0,3.54815,3.77778,4.81481,30.33333,D45_8
265.12222,37.8,64.63333,42.39259,1008.71111,213.77778,1.0,2.11111,8.14444,726.73333,1.21481,48.63333,4.0,6.38519,1.0,2.8,4.66667,3.03704,11.59259,D45_9
193.16667,22.75556,16.35556,46.35556,734.52222,197.66667,1.0,4.01481,1.82222,259.78889,1.1,1.48889,1.0,1.0,1.0,2.88889,1.88889,1.81111,1.0,D46_0
214.72222,37.8,20.8,74.43333,888.3,172.66667,1.1037,4.01481,2.05926,207.56667,1.0,1.48889,1.88889,1.22222,1.0,3.22222,1.88889,2.20741,1.80741,D46_1
188.33333,30.97778,18.91852,76.58889,781.18889,279.33333,1.0,1.0,1.6,207.56667,1.0,1.0,1.0,1.11111,1.0,4.66667,1.0,3.25556,1.0,D46_2
241.16667,35.68889,26.91111,74.28889,967.07778,201.22222,1.0,4.01481,2.42222,202.34444,1.0,1.15556,1.0,1.0,1.0,2.44444,3.77778,1.54074,1.0,D46_3
169.72222,25.86667,40.68889,94.7,698.07778,184.88889,1.0,4.01481,1.86667,160.56667,1.0,1.82222,1.0,1.33333,1.77778,3.55556,1.88889,1.54074,1.48889,D46_4
216.16667,31.97778,32.91111,56.32222,863.18889,242.44444,1.0,1.0,4.05926,160.56667,1.0,1.48889,1.88889,1.0,1.0,2.44444,2.88889,2.20741,2.14074,D46_5
197.83333,28.57778,21.13333,61.43333,810.18889,205.44444,1.0,4.01481,3.54815,134.45556,1.0,2.15556,1.55556,1.11111,1.0,4.0,5.77778,2.08148,6.93333,D46_6
187.72222,26.57778,23.24444,53.76667,771.18889,207.44444,1.1037,4.01481,1.83704,113.56667,1.0,5.04444,2.5,1.22222,1.0,2.88889,1.0,1.54074,2.15556,D46_7
139.22222,15.93333,15.3037,35.91111,608.3,166.55556,1.0,4.01481,1.96296,113.56667,1.0,3.42222,1.0,1.0,1.0,3.66667,1.0,1.27037,1.23704,D46_8
100.83333,24.04444,12.02963,28.5,468.19259,146.22222,1.0,6.07778,2.40741,113.56667,1.0,5.91111,1.27778,1.0,1.0,2.88889,1.0,2.47778,1.48889,D46_9
980.92222,371.64444,217.9,32.2963,2631.42222,35.44444,1.1037,5.55556,217.61111,1585.2,3.88889,25.66667,2.0,8.22222,1.65926,6.22222,25.82222,1.35185,22.88889,D47_0
965.36667,328.31111,231.01111,26.66667,2466.53333,14.88889,1.1037,2.66667,168.83333,1479.97778,3.77778,27.33333,2.33333,7.77778,1.0,4.07407,8.26667,3.07407,20.55556,D47_1
887.25556,270.64444,260.56667,41.18519,2378.53333,37.44444,1.31852,3.22222,173.27778,1364.86667,3.44444,27.66667,1.33333,6.88889,1.0,6.22222,20.42222,3.07407,19.88889,D47_2
920.81111,346.53333,280.9,43.96296,2470.2,23.11111,1.53333,3.77778,195.83333,1270.86667,3.88889,30.0,1.66667,8.11111,2.31852,4.77778,55.6,1.35185,15.77778,D47_3
867.58889,194.97778,199.9,29.74074,2208.75556,9.11111,1.1037,2.66667,135.27778,1207.53333,2.0,21.88889,1.33333,4.11111,1.0,3.37037,19.68889,4.40741,17.77778,D47_4
899.36667,267.75556,232.01111,47.85185,2359.53333,17.22222,1.1037,3.22222,138.94444,1160.2,3.55556,25.44444,2.0,5.33333,1.65926,4.07407,21.42222,3.7963,24.66667,D47_5
824.92222,255.42222,199.23333,33.92593,2056.64444,19.0,1.0,1.55556,142.05556,1107.97778,3.66667,22.44444,1.66667,3.77778,1.0,5.22222,18.42222,2.05556,14.66667,D47_6
868.81111,318.08889,166.9,44.77778,2268.75556,57.88889,1.1037,3.22222,140.83333,1097.53333,4.0,23.0,1.33333,4.0,1.0,3.44444,39.84444,2.40741,12.66667,D47_7
894.81111,324.2,207.23333,37.40741,2377.2,26.88889,1.20741,2.11111,193.94444,1071.42222,2.44444,21.55556,1.33333,5.11111,1.65926,6.33333,27.95556,1.7037,16.55556,D47_8
844.81111,201.86667,138.01111,33.92593,2073.2,31.33333,1.20741,6.0,138.05556,1013.97778,1.77778,24.55556,1.0,3.88889,1.0,4.51852,19.42222,2.05556,12.22222,D47_9
559.06667,117.71111,115.08889,108.73333,1522.93333,45.66667,1.0,7.06667,26.41111,1652.26667,1.88889,30.0,11.95556,4.05926,1.0,5.95556,5.55556,3.64444,25.28889,D48_0
552.73333,159.04444,107.86667,62.75926,1564.93333,8.77778,1.11111,1.91111,27.3,1436.93333,2.55556,26.22222,12.31852,2.51852,1.0,4.51111,3.77778,3.22222,15.51111,D48_1
514.06667,122.6,105.86667,81.79259,1400.71111,62.11111,1.11111,3.93333,26.41111,1316.82222,1.77778,27.88889,8.84444,2.51852,1.0,5.66667,5.66667,2.42222,21.84444,D48_2
492.62222,143.82222,96.08889,46.37407,1379.6,31.11111,1.0,8.88889,32.07778,1201.04444,2.33333,28.0,10.34815,1.41481,1.0,3.48889,12.33333,3.88889,16.17778,D48_3
542.84444,131.82222,97.53333,46.73333,1567.04444,6.88889,1.0,5.95556,30.85556,1117.37778,2.88889,17.33333,9.62222,1.62222,1.0,9.0,7.66667,4.0,15.62222,D48_4
485.06667,136.82222,101.64444,46.26296,1464.93333,29.44444,1.0,3.02222,30.18889,1086.04444,2.0,20.44444,13.73333,2.17778,1.0,7.68889,5.77778,6.68889,11.84444,D48_5
530.28889,178.04444,106.08889,46.37407,1543.82222,21.11111,1.0,3.73333,34.3,1012.93333,2.0,26.11111,13.95556,1.63704,1.77778,4.51111,8.44444,1.75556,10.62222,D48_6
494.4,130.71111,115.97778,39.06667,1407.71111,25.44444,1.11111,2.82222,32.41111,986.82222,2.0,22.33333,14.20741,2.08889,1.0,4.8,19.33333,3.88889,19.62222,D48_7
539.62222,157.93333,100.2,51.01481,1570.71111,47.55556,1.0,3.02222,29.3,917.93333,1.33333,29.11111,14.65185,1.64444,1.77778,8.57778,9.44444,5.71111,13.84444,D48_8
535.73333,128.6,88.97778,64.15185,1455.26667,113.33333,1.22222,3.93333,30.96667,917.93333,1.55556,22.77778,7.76296,2.84444,2.55556,5.95556,4.88889,3.88889,15.4,D48_9
676.18889,72.77778,134.14444,67.82222,3413.72222,154.22222,1.0,1.0,23.35556,6158.08889,1.08889,88.66667,8.22222,6.11111,1.0,18.0,11.33333,3.62963,130.48889,D49_0
641.3,58.44444,122.25556,83.75556,3353.72222,47.33333,1.0,1.91111,24.8,5628.08889,1.35556,68.66667,4.44444,8.11111,1.0,8.25926,3.77778,7.66667,130.37778,D49_1
645.63333,60.55556,106.81111,75.86667,3265.27778,80.22222,1.1037,1.91111,24.57778,4699.75556,1.08889,63.66667,17.44444,7.88889,1.0,11.96296,4.66667,5.55556,109.93333,D49_2
511.96667,41.11111,94.36667,92.4,2649.83333,20.66667,1.0,3.93333,22.13333,3792.42222,1.0,55.77778,16.11111,2.66667,1.0,10.22222,9.44444,3.51852,85.93333,D49_3
516.63333,58.55556,96.25556,66.73333,2548.83333,21.0,1.0,1.91111,35.02222,3042.64444,1.08889,44.22222,10.22222,5.22222,1.0,9.25926,12.33333,9.40741,88.15556,D49_4
560.74444,45.22222,119.25556,101.75556,2747.94444,29.22222,1.0,8.28889,44.24444,2874.86667,1.08889,41.33333,6.33333,5.77778,1.0,7.51852,19.33333,6.62963,87.15556,D49_5
491.41111,42.11111,100.47778,74.4,2449.72222,27.0,1.0,1.91111,41.13333,2701.64444,1.08889,26.77778,6.55556,4.44444,1.0,7.40741,4.77778,5.0,84.71111,D49_6
542.3,37.0,115.14444,81.95556,2715.72222,24.55556,1.0,1.91111,40.02222,2549.97778,1.28889,56.11111,5.33333,5.22222,1.0,9.37037,5.55556,5.88889,69.6,D49_7
565.52222,44.0,128.14444,100.17778,2728.27778,14.88889,1.0,2.82222,49.8,2455.08889,1.08889,57.66667,7.77778,5.55556,1.0,6.77778,10.55556,5.37037,88.93333,D49_8
486.52222,34.11111,97.7,62.71111,2475.61111,30.88889,1.0,1.91111,38.68889,2381.97778,1.0,30.88889,7.55556,5.0,1.0,4.81481,1.0,5.40741,85.04444,D49_9
273.43333,50.33333,209.12222,72.61852,1219.88889,82.55556,1.0,3.22222,58.25556,1327.13333,47.33333,81.95556,11.66667,1.1037,1.0,10.77778,3.64444,1.28889,233.6,D5_0
270.65556,49.33333,209.56667,58.1037,1210.55556,138.0,1.0,2.11111,49.7,1180.35556,43.66667,91.95556,17.11111,1.63704,1.0,16.55556,1.82222,5.4,261.37778,D5_1
226.65556,37.55556,208.67778,72.61852,1160.11111,119.11111,1.11111,1.0,59.7,1122.46667,49.22222,82.62222,14.44444,1.31111,1.0,7.11111,2.82222,1.0,217.71111,D5_2
265.21111,49.44444,187.45556,76.57778,1140.33333,193.22222,1.0,1.0,43.92222,1065.02222,37.22222,76.95556,6.55556,1.20741,1.77778,8.44444,12.0,2.4,267.71111,D5_3
182.32222,42.66667,198.34444,48.35556,986.22222,281.44444,1.0,2.11111,57.14444,1018.02222,39.88889,68.73333,9.11111,1.74815,1.0,8.88889,1.82222,2.44444,245.82222,D5_4
304.65556,60.44444,191.67778,64.25556,1266.22222,232.0,1.0,3.22222,47.36667,981.46667,36.77778,68.28889,4.33333,1.74815,1.0,7.44444,5.46667,1.0,253.71111,D5_5
218.54444,58.44444,181.67778,69.02222,1069.22222,199.55556,1.0,2.11111,49.81111,955.35556,39.33333,76.95556,6.88889,1.63704,3.44444,9.88889,2.82222,3.26667,261.15556,D5_6
308.21111,57.33333,178.78889,65.88148,1141.11111,117.0,1.11111,1.0,42.03333,907.8,28.66667,60.28889,4.88889,1.64444,3.44444,7.55556,1.82222,1.86667,318.37778,D5_7
291.21111,73.66667,193.9,70.06296,1272.33333,203.55556,1.33333,3.22222,60.14444,886.46667,41.44444,77.51111,11.44444,1.74815,2.66667,10.44444,8.28889,3.31111,261.71111,D5_8
275.76667,57.44444,189.12222,40.1037,1141.33333,189.0,1.11111,3.22222,48.36667,860.35556,33.66667,51.06667,7.77778,1.31111,1.77778,6.22222,5.64444,1.28889,236.93333,D5_9
427.08889,133.33333,144.28889,13.43704,2381.2,482.88889,1.0,2.11111,11.87778,3108.36667,1.1037,840.11111,21.22222,3.11111,1.0,2.44444,1.0,8.02222,4.97778,D50_0
368.64444,65.44444,140.73333,41.6,2119.86667,351.22222,1.0,4.33333,10.43333,2992.58889,1.1037,689.22222,12.22222,3.0,1.0,5.88889,4.88889,7.56296,4.15556,D50_1
321.2,49.55556,134.73333,26.04444,2020.2,355.55556,1.11111,4.44444,11.54444,2867.03333,1.1037,631.44444,6.11111,3.33333,1.0,11.22222,4.77778,8.91111,4.95556,D50_2
406.2,72.66667,148.62222,30.98519,2251.75556,363.55556,1.0,3.22222,13.21111,2799.03333,1.31852,742.33333,11.77778,3.11111,1.0,15.77778,4.77778,6.65926,7.8,D50_3
360.08889,57.33333,124.62222,34.9037,2085.64444,528.0,1.0,2.11111,10.43333,2693.7,1.1037,643.11111,6.66667,2.55556,2.66667,6.44444,2.77778,4.74074,6.37778,D50_4
357.2,49.22222,128.06667,17.35556,2134.64444,515.88889,1.0,2.11111,13.1,2568.36667,1.0,684.22222,11.11111,3.33333,1.0,4.33333,4.77778,6.24444,5.04444,D50_5
373.42222,65.33333,133.17778,35.18519,2161.53333,406.88889,1.0,4.33333,12.1,2494.7,1.1037,660.0,11.11111,2.77778,1.0,5.0,1.0,7.65926,7.13333,D50_6
353.2,63.66667,122.73333,27.34815,1937.53333,415.11111,1.11111,4.33333,9.98889,2442.03333,1.1037,601.55556,7.77778,2.55556,1.77778,5.11111,5.66667,5.08889,4.75556,D50_7
322.31111,60.55556,118.84444,54.48889,1928.2,324.66667,1.33333,4.33333,7.32222,2436.81111,1.0,581.33333,14.77778,2.0,1.0,2.55556,8.66667,6.32593,4.06667,D50_8
354.53333,58.44444,125.84444,14.45926,2052.42222,394.33333,1.0,7.77778,12.65556,2358.47778,1.1037,655.44444,9.66667,2.44444,1.0,3.22222,3.77778,9.00741,5.8,D50_9
574.31111,76.66667,33.07778,27.76296,1613.68889,365.77778,1.0,7.66667,15.36667,998.05556,1.0,58.68889,1.66667,2.88889,1.0,2.88889,2.88889,3.82963,4.79259,D51_0
601.86667,41.55556,43.96667,28.74815,1687.8,110.77778,1.11111,3.22222,15.58889,887.61111,1.11111,53.24444,3.0,3.33333,1.0,2.11111,3.77778,2.17778,10.0963,D51_1
539.86667,51.22222,48.18889,47.75185,1525.57778,217.77778,1.11111,3.22222,15.25556,819.72222,1.11111,48.02222,2.0,3.55556,1.77778,4.33333,3.77778,2.37037,7.20741,D51_2
629.86667,82.66667,47.63333,21.53704,1600.13333,474.55556,1.0,3.22222,18.25556,757.05556,1.0,48.8,4.88889,3.0,1.0,2.77778,5.77778,1.87407,8.62222,D51_3
638.08889,60.44444,39.07778,43.75556,1671.68889,207.44444,1.0,5.44444,16.92222,720.5,1.0,52.68889,3.11111,4.77778,1.0,2.55556,3.77778,1.63704,5.45926,D51_4
585.53333,66.55556,48.3,18.43333,1573.13333,285.44444,1.0,1.0,15.58889,673.16667,1.0,51.24444,2.11111,3.88889,1.0,1.33333,14.44444,2.08148,3.71111,D51_5
637.97778,59.55556,32.18889,24.64074,1565.13333,377.88889,1.11111,1.0,14.92222,641.16667,1.11111,49.46667,2.0,4.33333,1.0,2.44444,1.88889,2.37037,4.4,D51_6
585.53333,39.33333,33.18889,45.74444,1505.8,472.55556,1.0,3.22222,13.92222,641.16667,1.22222,44.02222,3.11111,3.55556,2.55556,4.66667,6.55556,1.54074,5.01481,D51_7
567.53333,44.22222,33.96667,27.1963,1611.8,230.11111,1.0,3.22222,14.58889,620.27778,1.0,63.91111,2.33333,3.66667,1.77778,1.0,1.0,2.06667,3.6,D51_8
502.64444,51.44444,36.63333,23.08889,1368.8,76.22222,1.11111,5.44444,13.92222,573.27778,1.11111,42.8,2.66667,3.66667,3.44444,3.66667,7.77778,2.08148,7.15556,D51_9
475.64444,188.66667,272.58889,41.33333,1940.86667,1161.85556,1.0,6.31111,61.63333,1772.6,1.0,55.44444,10.38889,10.01111,1.0,9.11111,35.88889,3.08889,9.13333,D52_0
536.64444,211.0,295.36667,64.84444,2093.64444,656.85926,1.0,11.62222,59.41111,1557.93333,1.19259,48.66667,12.72222,12.23333,1.0,8.55556,7.55556,1.82222,9.91852,D52_1
491.31111,104.0,118.25556,54.51111,1934.97778,662.63333,1.17778,7.42222,50.41111,1379.48889,1.0,64.0,11.88889,9.9,1.0,7.0,32.0,2.26667,6.19259,D52_2
483.75556,98.88889,157.81111,58.35556,1830.08889,1320.41111,1.2,4.17037,54.07778,1237.71111,1.0963,47.66667,13.22222,8.45556,1.0,6.66667,24.33333,5.75556,11.02222,D52_3
524.42222,219.0,161.14444,40.24444,1939.2,1104.63333,1.08889,9.48148,58.74444,1086.04444,1.19259,46.0,11.05556,10.67778,1.0,8.44444,5.77778,2.67778,8.57778,D52_4
590.97778,116.0,114.14444,36.2,2182.2,574.07778,1.0,3.14074,72.3,997.04444,1.0963,50.44444,14.22222,8.68889,1.0,6.11111,7.66667,3.53333,10.91111,D52_5
535.86667,126.11111,134.7,20.97778,2020.97778,262.07778,1.0,1.0,59.85556,933.6,1.19259,38.22222,8.83333,6.57778,1.0,8.55556,14.33333,3.27778,9.57778,D52_6
504.08889,57.33333,101.14444,46.64444,1841.53333,350.3,1.0,2.02963,51.07778,902.26667,1.28889,39.55556,8.0,6.9,1.0,7.55556,15.44444,5.56667,9.57778,D52_7
415.53333,60.77778,85.36667,77.42222,1654.42222,549.41111,1.0,2.02963,46.3,839.6,1.0,57.44444,3.66667,5.47778,1.0,5.66667,4.77778,4.35556,5.75556,D52_8
526.2,56.33333,124.36667,34.93333,2009.31111,360.63333,1.0,4.17037,55.3,829.15556,1.0,41.66667,6.0,4.91111,1.0,9.0,17.22222,1.97778,8.46667,D52_9
507.21111,831.92222,437.46667,122.3963,4037.28889,503.22222,1.98148,2.11111,28.17778,28383.95556,1.22222,4381.76667,222.66667,37.2,1.77778,737.84444,67.22222,113.78889,12417.95556,D53_0
505.87778,694.58889,379.24444,139.25556,3982.51111,470.55556,1.09259,1.0,33.51111,26642.17778,1.11111,4577.65556,221.77778,37.31111,1.77778,763.51111,71.11111,75.67778,12315.28889,D53_1
488.98889,345.81111,362.68889,70.84074,4014.51111,209.55556,1.51852,2.11111,31.84444,25358.51111,2.0,4408.65556,262.55556,39.86667,1.0,786.51111,63.22222,122.67778,12507.28889,D53_2
437.76667,192.58889,357.91111,107.54815,3973.73333,260.88889,1.46296,8.77778,24.06667,23785.84444,1.11111,4036.87778,257.0,25.86667,1.0,538.62222,56.44444,116.34444,9646.95556,D53_3
436.21111,708.36667,425.24444,135.99259,3827.62222,460.44444,1.09259,4.33333,26.62222,22691.73333,1.11111,3771.54444,191.22222,29.97778,1.0,510.62222,62.33333,131.45556,8844.4,D53_4
357.32222,407.7,270.46667,92.21481,3363.62222,670.22222,1.27778,4.33333,23.62222,21529.62222,1.22222,3558.87778,179.66667,27.64444,1.0,517.51111,28.0,121.56667,8438.06667,D53_5
446.32222,485.36667,543.68889,128.92222,3710.95556,551.11111,2.03704,5.44444,28.28889,20904.17778,1.11111,3755.21111,191.22222,24.31111,1.0,550.51111,53.55556,105.9,9185.62222,D53_6
420.76667,184.25556,323.68889,92.7,3319.73333,332.77778,1.27778,4.44444,27.17778,20136.28889,1.22222,3632.1,207.55556,23.42222,1.0,636.17778,55.55556,95.78889,9397.06667,D53_7
420.65556,539.14444,553.57778,128.7,3157.95556,470.66667,1.68519,8.88889,28.95556,19605.4,1.22222,3427.1,208.33333,24.64444,1.0,586.28889,38.88889,62.78889,9140.62222,D53_8
451.76667,770.03333,401.8,86.99259,3833.73333,292.0,1.2963,13.33333,26.95556,18958.84444,1.22222,3646.76667,195.22222,23.86667,1.0,614.84444,40.66667,85.56667,8872.62222,D53_9
236.06667,53.21111,47.32222,49.67407,812.21111,35.22222,1.0,2.71111,45.56667,772.75556,1.0,90.68889,2.66667,1.33333,1.0,2.05185,10.55556,2.98148,6.97037,D54_0
247.28889,41.85556,49.87778,35.35556,929.43333,1.0,1.10741,3.31111,55.45556,710.08889,1.08889,110.35556,4.77778,2.77778,1.0,3.1037,14.55556,2.38889,6.24444,D54_1
270.06667,45.21111,53.54444,55.91111,990.1,203.88889,1.0,2.71111,46.12222,704.86667,1.48889,98.91111,3.11111,3.66667,1.77778,2.4963,1.88889,3.24074,5.46667,D54_2
228.51111,51.85556,47.32222,78.00741,778.21111,35.11111,1.0,5.02222,40.12222,652.42222,1.31111,102.13333,3.77778,1.77778,1.0,3.1037,4.88889,2.64815,3.85185,D54_3
255.62222,67.65556,60.54444,64.92593,905.98889,35.11111,1.0,4.51111,59.67778,609.86667,1.08889,93.8,4.11111,2.33333,1.0,4.54815,14.66667,1.25926,10.02963,D54_4
244.06667,20.73333,45.43333,46.92593,864.76667,150.22222,1.0,3.31111,42.34444,609.86667,1.71111,100.8,5.77778,3.44444,1.0,3.24444,8.66667,2.96296,5.08148,D54_5
250.62222,58.86667,49.21111,33.73333,869.76667,24.88889,1.0,4.51111,52.23333,609.86667,1.31111,104.68889,8.55556,3.66667,1.0,1.74815,8.77778,2.18519,8.19259,D54_6
228.28889,33.21111,49.65556,66.24444,808.1,37.66667,1.0,2.2,49.45556,573.31111,1.26667,91.24444,4.44444,3.0,1.0,2.4963,8.66667,6.11111,5.63704,D54_7
268.06667,92.76667,43.87778,52.34074,939.32222,94.88889,1.0,2.2,64.9,547.2,1.0,72.13333,5.66667,2.66667,1.0,4.74074,2.88889,2.11111,12.53333,D54_8
173.95556,32.1,29.32222,84.65926,697.1,21.11111,1.0,4.42222,34.9,515.86667,1.0,79.57778,2.77778,1.11111,1.77778,1.74815,9.55556,1.85185,2.12593,D54_9
620.72222,242.62222,370.76667,131.62963,3506.27778,343.59259,1.1037,2.9037,48.62222,2274.85556,1.75556,157.8,14.12593,42.15556,1.0,8.91111,6.66667,3.55556,29.13333,D55_0
676.83333,285.95556,405.1,34.01852,3608.27778,355.5,1.0,8.14074,52.84444,2117.18889,1.61111,156.68889,12.54074,41.15556,3.44444,7.31111,5.55556,2.93333,32.35556,D55_1
647.05556,260.95556,369.1,85.46296,3457.16667,425.38889,1.0,6.07778,53.51111,2023.18889,1.68889,139.46667,10.04444,39.26667,1.0,5.31111,5.55556,5.4,26.68889,D55_2
641.5,241.62222,307.43333,54.81481,3391.27778,240.61111,1.1037,3.06296,51.17778,1933.96667,1.56667,134.46667,10.98519,31.48889,2.55556,3.26667,1.88889,2.08889,26.46667,D55_3
610.5,217.28889,289.32222,113.51852,3360.83333,331.37037,1.1037,6.07778,47.17778,1875.96667,1.45556,103.68889,8.79259,35.71111,1.0,5.14815,1.88889,4.06667,18.35556,D55_4
701.83333,299.17778,347.87778,70.0,3928.61111,343.48148,1.0,3.85556,53.73333,1834.18889,1.8,142.02222,18.98519,42.6,1.0,10.35556,3.77778,4.06667,27.68889,D55_5
669.61111,272.84444,381.76667,113.51852,3593.38889,337.16667,1.31111,7.02963,49.84444,1750.63333,1.38889,122.02222,14.6,35.82222,1.77778,8.47407,7.66667,3.2,24.68889,D55_6
603.72222,259.73333,373.32222,46.92593,3583.94444,181.05556,1.1037,1.95185,55.84444,1745.41111,1.23333,125.24444,14.01481,39.48889,3.44444,7.47407,7.55556,2.15556,26.46667,D55_7
581.83333,200.28889,310.76667,82.72222,3008.83333,251.14815,1.1037,4.80741,48.51111,1676.96667,1.64444,113.02222,13.68148,33.93333,1.0,2.43704,3.77778,3.95556,20.02222,D55_8
626.5,243.62222,294.98889,98.07407,3729.94444,242.72222,1.20741,2.9037,49.4,1655.63333,1.18889,117.13333,9.9037,37.26667,1.0,7.08889,2.77778,3.95556,23.57778,D55_9
254.12222,25.1,112.17778,20.8,1079.36667,2.75556,1.11111,1.79259,37.72222,816.62222,1.22222,13.33333,3.05185,2.44444,1.0,2.46667,4.77778,9.05926,6.32593,D56_0
291.12222,36.81111,102.06667,52.65556,1197.58889,6.26667,1.11111,1.79259,41.38889,685.84444,1.11111,10.0,3.05185,2.33333,1.0,3.62222,2.77778,5.07407,8.2,D56_1
259.78889,40.92222,109.73333,29.75556,1062.7,8.02222,1.0,1.79259,41.5,611.95556,1.11111,11.55556,3.23333,1.22222,1.0,3.02222,3.77778,4.51111,7.64444,D56_2
342.56667,39.06667,106.17778,27.94444,1455.92222,25.17778,1.0,3.6963,47.5,554.51111,1.11111,12.55556,6.09259,2.11111,1.0,7.11111,5.66667,2.97778,8.32593,D56_3
257.56667,29.84444,111.28889,38.91111,1063.58889,8.73333,1.0,1.79259,39.27778,538.84444,1.11111,10.11111,4.09259,2.0,1.0,1.86667,1.0,1.96296,8.31111,D56_4
292.9,25.98889,99.84444,13.56667,1209.7,12.48889,1.0,4.48889,37.72222,481.4,1.0,10.44444,4.68889,2.55556,1.0,2.02222,1.88889,6.51852,9.42222,D56_5
276.67778,35.1,98.84444,48.61111,1120.7,53.6,1.0,1.79259,39.94444,450.06667,1.0,11.33333,5.13333,1.11111,1.77778,2.6,1.0,2.76296,7.00741,D56_6
270.56667,22.13333,111.28889,47.43333,1078.14444,86.6,1.0,6.07407,36.05556,429.17778,1.0,12.88889,6.95185,1.33333,2.55556,4.22222,3.66667,1.1037,7.65926,D56_7
355.45556,54.14444,93.51111,37.42222,1471.03333,4.51111,1.0,6.02963,38.38889,376.4,1.0,13.55556,11.72963,2.22222,1.0,4.06667,2.88889,3.96296,7.31111,D56_8
299.01111,33.81111,94.95556,18.78889,1116.92222,71.8,1.0,2.58519,28.83333,355.06667,1.0,14.0,9.72963,2.0,1.77778,2.75556,1.88889,3.18519,4.68889,D56_9
651.45556,96.58889,171.08889,62.01481,3891.73333,513.77778,1.0,7.48889,8.58889,4709.9,1.19259,679.56667,40.77778,5.11111,1.0,5.55556,10.15556,19.82222,9.37778,D57_0
630.12222,84.47778,164.64444,62.12593,3752.73333,396.55556,1.1037,4.8,12.14444,4410.78889,1.0,754.67778,40.66667,8.0,1.0,8.11111,7.15556,18.93333,8.93333,D57_1
650.45556,98.36667,186.75556,103.12593,4009.73333,445.88889,1.1037,5.26667,12.81111,4258.67778,1.38519,761.9,30.0,6.77778,1.0,6.44444,16.62222,25.82222,10.48889,D57_2
629.45556,82.36667,133.53333,89.15185,3859.62222,176.77778,1.0,2.9,10.03333,4059.45556,1.19259,694.34444,40.22222,8.22222,1.0,3.33333,11.94444,26.82222,10.6,D57_3
616.12222,108.58889,176.31111,111.01481,3919.17778,525.88889,1.0,2.57778,10.99259,3870.45556,1.0963,661.12222,43.11111,5.22222,1.0,6.22222,6.57778,12.62222,7.31111,D57_4
604.67778,107.58889,153.08889,106.98889,3733.17778,258.77778,1.0,2.57778,12.03333,3739.67778,1.0963,670.9,32.0,6.0,1.0,6.66667,8.15556,15.37778,8.93333,D57_5
571.12222,76.14444,136.42222,140.43333,3557.28889,316.22222,1.0,3.68889,13.92222,3645.34444,1.0963,622.9,35.44444,6.88889,2.43704,2.11111,2.78889,13.04444,6.86667,D57_6
605.01111,113.47778,136.97778,101.76667,3724.62222,423.22222,1.21481,9.17778,11.36667,3519.34444,1.19259,684.67778,33.11111,4.55556,1.0,5.44444,3.57778,8.57037,5.73333,D57_7
571.45556,68.25556,166.31111,80.28889,3705.4,464.22222,1.1037,6.37778,11.58889,3430.56667,1.3037,648.45556,29.77778,5.77778,1.0,7.22222,8.15556,13.45926,6.08889,D57_8
535.45556,60.28889,173.75556,94.1,3507.17778,437.55556,1.0,3.68889,13.03333,3325.23333,1.0963,544.78889,43.0,4.77778,1.0,5.44444,1.78889,8.20741,7.15556,D57_9
2522.45556,324.88889,351.28889,35.91852,8379.18889,41.55556,1.18519,5.28148,238.34444,10147.73333,3.0,50.11111,7.88889,17.37778,1.62963,23.55556,16.22222,3.35185,43.51111,D58_0
2578.45556,384.55556,347.95556,38.6963,8004.18889,61.77778,1.18519,8.45185,246.01111,9796.06667,3.33333,42.11111,5.11111,15.48889,1.62963,13.33333,16.33333,5.02222,43.51111,D58_1
2505.45556,362.44444,338.4,30.80741,8122.18889,70.22222,1.09259,3.05926,234.45556,9528.28889,2.88889,41.55556,9.11111,15.71111,1.0,17.66667,14.33333,2.11852,44.06667,D58_2
2355.78889,355.33333,302.95556,39.19259,7291.74444,43.33333,1.18519,3.14074,236.45556,9186.95556,2.22222,46.44444,7.0,11.04444,1.0,10.88889,9.33333,2.34815,49.51111,D58_3
2312.23333,376.44444,349.51111,27.75556,7434.41111,63.88889,1.09259,6.22963,234.01111,8741.17778,2.22222,38.88889,8.11111,14.6,1.0,12.44444,7.55556,4.58519,39.17778,D58_4
2047.78889,373.33333,293.84444,59.85926,6565.3,92.88889,1.27778,6.22963,228.23333,8253.06667,2.55556,48.11111,7.33333,14.93333,1.0,12.44444,18.11111,1.9037,40.62222,D58_5
2138.67778,378.66667,310.73333,38.6963,6457.41111,63.88889,1.2037,8.28889,266.56667,7911.95556,2.55556,37.44444,5.55556,12.93333,1.0,14.11111,8.55556,2.23333,40.28889,D58_6
1953.01111,376.44444,298.51111,43.2,6382.3,37.44444,1.09259,3.14074,329.01111,7723.17778,2.0,52.55556,7.33333,15.15556,1.0,21.55556,2.88889,2.34815,43.62222,D58_7
1881.9,328.0,284.28889,52.57778,5839.41111,25.22222,1.0,5.28148,267.34444,7466.06667,1.88889,40.88889,8.55556,12.82222,1.0,14.44444,4.66667,2.79259,44.4,D58_8
1772.9,371.55556,272.62222,37.37037,5667.63333,51.88889,1.0,4.08889,280.23333,7229.84444,1.66667,52.44444,11.0,11.15556,1.0,19.0,6.66667,4.46296,48.06667,D58_9
603.02222,169.55556,101.96667,85.8,1928.07778,116.52593,1.0,3.05926,164.6,3351.26667,3.55556,52.35556,7.42963,6.44444,1.0,7.88889,5.66667,4.09259,12.66667,D59_0
567.02222,150.44444,104.63333,33.06667,1857.18889,159.3,1.1,5.75556,160.37778,3067.93333,4.55556,50.91111,12.57037,6.77778,1.0,5.44444,7.55556,1.61111,12.33333,D59_1
627.02222,166.44444,97.85556,65.13333,1993.85556,248.19259,1.0,1.0,163.04444,2873.82222,3.55556,43.35556,14.84444,5.77778,1.0,6.88889,3.77778,4.53704,16.22222,D59_2
607.35556,176.55556,105.74444,43.64444,1888.52222,374.74444,1.0,3.05926,155.15556,2784.6,2.66667,36.35556,12.84444,6.11111,1.0,7.77778,3.77778,2.88889,13.66667,D59_3
620.68889,163.33333,117.85556,59.08889,1991.18889,239.41111,1.0,1.47407,177.6,2710.93333,2.77778,43.8,8.45926,4.44444,1.0,10.77778,9.33333,1.40741,14.44444,D59_4
576.68889,162.33333,104.18889,56.42222,1868.52222,252.19259,1.0,4.17037,173.37778,2648.26667,3.77778,45.13333,7.37778,6.66667,2.66667,10.66667,2.88889,4.62963,12.22222,D59_5
638.46667,153.33333,100.3,50.48889,2104.74444,335.96667,1.0,2.58519,179.26667,2549.04444,4.0,58.57778,10.73333,7.77778,1.0,6.44444,3.77778,4.22222,13.0,D59_6
609.68889,172.44444,103.74444,42.71111,1960.18889,196.3,1.1,2.42222,172.26667,2464.6,4.11111,47.24444,13.23704,5.66667,1.77778,3.66667,2.88889,4.22222,13.66667,D59_7
582.35556,130.11111,85.63333,64.2,1899.41111,146.96667,1.0,5.39259,167.26667,2412.26667,3.33333,26.57778,14.34815,6.33333,1.0,5.33333,1.0,1.94444,10.11111,D59_8
584.57778,149.33333,90.3,29.02222,1774.74444,226.96667,1.21111,3.80741,149.26667,2323.48889,3.44444,25.57778,8.04444,6.44444,1.0,2.77778,2.88889,1.61111,11.33333,D59_9
563.95556,122.11111,303.85556,19.8963,789.98889,507.5,1.09259,7.19259,37.65556,2549.2,1.33333,59.37778,6.55556,1.11111,2.55556,12.55556,12.33333,4.13333,170.33333,D6_0
529.06667,102.0,300.41111,25.11852,760.43333,515.72222,1.27778,4.0963,42.54444,2313.53333,1.33333,42.48889,15.44444,1.77778,2.66667,18.77778,10.44444,10.14074,202.77778,D6_1
554.28889,101.11111,294.41111,30.22963,780.54444,497.38889,1.38889,4.0963,39.98889,2145.64444,1.22222,59.26667,12.66667,1.22222,1.0,11.33333,8.44444,6.58889,216.33333,D6_2
518.84444,109.0,258.74444,40.67407,767.43333,333.05556,1.18519,5.08889,34.76667,2114.08889,1.11111,42.04444,14.66667,1.66667,1.77778,11.55556,4.66667,4.91852,169.22222,D6_3
450.17778,100.0,299.96667,40.67407,741.87778,291.94444,1.09259,4.0963,42.87778,2030.53333,1.0,51.82222,13.22222,2.55556,1.0,16.22222,3.77778,6.24444,207.44444,D6_4
496.51111,93.66667,259.52222,27.78519,699.43333,367.94444,1.09259,5.08889,29.65556,1941.53333,1.44444,46.71111,15.0,1.44444,1.77778,7.33333,4.77778,5.7963,174.11111,D6_5
514.4,112.11111,354.07778,22.56296,750.76667,610.38889,1.18519,6.08148,47.21111,1888.53333,1.55556,53.15556,23.66667,2.0,1.77778,15.77778,4.66667,6.14074,229.33333,D6_6
429.84444,145.11111,289.18889,9.17037,702.21111,396.61111,1.5,8.53333,44.1,1841.53333,1.33333,71.93333,16.55556,2.11111,2.66667,9.11111,2.88889,7.58519,260.22222,D6_7
518.17778,136.11111,340.3,64.28889,789.1,308.5,1.2037,7.54074,39.21111,1804.97778,1.44444,55.71111,12.22222,2.44444,1.77778,12.11111,73.0,8.02963,235.22222,D6_8
532.4,130.22222,461.3,48.73333,807.65556,586.03704,1.0,7.19259,42.65556,1747.53333,1.0,57.15556,16.33333,2.0,1.0,12.88889,3.77778,6.24074,251.77778,D6_9
921.85556,517.4,399.55556,158.84444,13397.05556,670.57778,1.66667,6.06667,152.71111,14169.21111,27.6,62.37778,18.55556,21.0,1.0,9.75556,13.73333,3.5963,197.13333,D60_0
973.18889,514.06667,436.11111,135.51111,14037.94444,278.6,1.0,7.3,147.6,13643.98889,23.71111,67.6,21.33333,22.88889,1.77778,5.2,18.35556,9.45926,164.24444,D60_1
962.74444,544.62222,426.55556,133.06667,14331.16667,643.91111,1.44444,1.0,142.26667,13344.65556,23.6,58.37778,14.11111,18.22222,1.0,8.26667,20.51111,10.79259,157.13333,D60_2
944.41111,472.73333,422.11111,135.54074,14440.38889,198.13333,1.88889,3.1,142.82222,12887.98889,26.26667,47.15556,25.22222,18.22222,2.55556,12.35556,27.13333,8.62222,147.13333,D60_3
931.74444,495.95556,418.66667,112.17778,13909.38889,646.02222,1.33333,5.07778,131.6,12583.1,22.71111,52.48889,17.44444,19.0,1.0,5.88889,15.35556,8.81852,144.24444,D60_4
944.07778,541.51111,446.77778,127.84444,13919.27778,428.24444,1.44444,3.1,127.26667,12178.98889,18.71111,54.26667,18.44444,18.22222,2.66667,7.68889,15.97778,13.34815,127.24444,D60_5
901.18889,506.17778,375.11111,76.4,12987.72222,270.13333,1.22222,1.98889,121.04444,11832.21111,22.15556,47.6,18.33333,17.11111,1.0,5.0,7.11111,5.01481,128.68889,D60_6
948.41111,492.95556,395.66667,99.73333,14016.27778,424.02222,1.77778,3.1,129.48889,11664.21111,22.15556,52.93333,22.11111,18.22222,2.66667,4.24444,9.73333,9.26296,142.46667,D60_7
929.52222,441.51111,407.33333,94.17778,13937.61111,422.02222,1.33333,8.28889,119.15556,11512.1,18.37778,45.37778,17.55556,15.33333,1.77778,6.82222,25.75556,12.51111,133.46667,D60_8
883.18889,432.4,427.22222,117.54074,12772.94444,315.35556,1.11111,3.1,118.04444,11328.32222,16.71111,51.04444,13.0,15.44444,1.0,8.13333,16.24444,10.01481,127.46667,D60_9
543.27778,600.77778,654.44444,142.31111,8196.01111,10469.15556,1.81481,2.98148,57.64444,8935.43333,14.98889,51.88889,39.18889,3.55556,2.66667,12.33333,16.0,2.31852,184.73333,D61_0
508.38889,678.33333,658.88889,173.08889,8051.01111,8122.04444,1.63704,1.0,59.2,8709.54444,16.1,53.66667,44.85556,3.44444,1.0,9.77778,16.22222,5.08148,157.06667,D61_1
500.61111,469.44444,596.44444,155.31111,8087.01111,8348.82222,1.19259,4.2037,59.64444,8478.87778,14.98889,49.88889,41.52222,4.0,1.77778,9.66667,14.22222,4.3037,140.06667,D61_2
508.83333,624.77778,645.33333,176.58519,7868.23333,9909.48889,1.28889,2.98148,61.75556,8148.21111,15.65556,37.33333,40.41111,4.22222,1.0,10.11111,14.22222,6.63704,177.51111,D61_3
495.61111,553.33333,486.0,101.6963,7332.34444,5924.71111,1.60741,2.74074,58.86667,7885.76667,13.21111,45.66667,43.52222,4.66667,1.0,8.44444,29.11111,5.74815,134.4,D61_4
508.38889,552.22222,799.22222,191.91852,7714.23333,8819.04444,1.0963,2.74074,66.08889,7717.76667,14.32222,48.44444,36.41111,3.88889,2.55556,11.55556,18.33333,7.14074,139.84444,D61_5
509.5,483.44444,572.55556,196.42222,7616.01111,7607.26667,1.28889,7.40741,63.86667,7565.65556,16.1,52.88889,39.07778,4.33333,2.55556,8.44444,17.33333,8.74815,145.62222,D61_6
466.5,457.33333,582.11111,93.80741,7641.78889,7446.82222,1.0,4.72222,60.97778,7345.21111,11.76667,35.22222,35.85556,4.0,1.0,8.55556,12.33333,5.03704,134.4,D61_7
510.27778,480.55556,515.11111,160.2,7800.78889,6713.6,1.38519,1.87037,57.75556,7229.87778,12.98889,28.77778,40.18889,3.22222,1.0,7.88889,13.33333,6.64444,115.17778,D61_8
489.83333,477.44444,464.11111,152.42222,7279.01111,5969.26667,1.0963,5.59259,61.75556,7077.65556,15.87778,45.77778,40.85556,4.88889,1.0,4.66667,19.22222,4.54074,148.17778,D61_9
502.75556,121.0,41.12222,49.37778,2056.58889,13.16667,1.0,1.0,105.3,1167.51111,10.48889,168.83333,90.44444,3.46667,1.0,3.22222,2.88889,22.92222,9.0,D62_0
538.86667,136.11111,50.23333,92.84444,2191.14444,5.66667,1.0,4.84444,109.18889,1052.62222,9.27407,160.94444,80.33333,2.83333,1.0,6.22222,5.55556,19.14444,11.22222,D62_1
690.64444,156.44444,53.45556,82.8,2894.92222,27.61111,1.11111,1.0,122.96667,1005.62222,10.37778,168.83333,89.33333,3.68889,1.0,7.77778,6.66667,19.03333,8.66667,D62_2
628.86667,122.11111,53.01111,77.46667,2416.36667,11.16667,1.0,4.84444,121.07778,926.4,10.6,156.61111,96.33333,3.57778,1.0,4.11111,4.66667,20.25556,11.22222,D62_3
729.42222,137.22222,53.9,85.31111,2968.58889,2.27778,1.0,3.73333,126.96667,921.06667,8.48889,186.27778,91.66667,3.46667,2.60741,7.44444,5.66667,19.99259,13.0,D62_4
650.31111,146.22222,54.12222,105.8,2626.81111,3.55556,1.0,3.93333,127.3,894.95556,9.48889,146.5,89.22222,4.46667,1.0,5.33333,1.0,14.88148,14.0,D62_5
499.53333,124.22222,50.23333,49.44444,2099.92222,4.38889,1.0,2.82222,119.3,842.73333,9.71111,154.5,87.0,2.82222,1.0,6.77778,3.77778,17.25556,8.77778,D62_6
680.64444,124.11111,55.34444,74.84444,2690.14444,9.77778,1.0,5.95556,133.18889,827.06667,9.37778,173.38889,87.33333,4.01111,1.71852,5.77778,1.88889,22.47778,17.33333,D62_7
713.75556,165.55556,45.67778,92.73333,3041.7,6.94444,1.0,5.95556,125.18889,827.06667,6.71111,175.61111,78.22222,4.02222,1.0,9.33333,3.77778,18.7,14.22222,D62_8
749.75556,200.77778,62.01111,121.17778,3052.7,1.0,1.0,3.73333,127.74444,790.51111,7.6,189.94444,88.0,5.13333,1.0,11.88889,1.88889,11.50741,14.11111,D62_9
1465.43333,608.55556,146.12222,39.25926,3622.64444,102.08889,1.0,2.11111,298.33333,3043.57778,1.21481,55.11111,2.66667,14.26667,1.0,1270.57778,18.22222,3.3,683.0,D63_0
1481.21111,601.66667,147.34444,51.40741,3519.2,76.8,1.0,2.11111,251.11111,2886.35556,1.20741,48.0,5.77778,11.71111,1.0,1165.02222,15.22222,2.93333,603.11111,D63_1
1452.87778,614.66667,141.78889,38.62963,3576.75556,60.35556,1.1037,5.44444,285.33333,2739.35556,1.1037,41.0,2.0,8.04444,1.0,1183.91111,9.44444,3.95556,634.55556,D63_2
1409.43333,548.11111,131.45556,29.77778,3359.08889,107.82222,1.0,4.33333,265.0,2582.46667,1.1037,46.0,5.22222,8.26667,1.0,1070.35556,8.44444,4.62222,558.33333,D63_3
1422.87778,508.66667,139.12222,52.25926,3487.86667,44.28889,1.0,5.44444,240.66667,2419.57778,1.20741,38.22222,4.55556,7.93333,1.0,1019.46667,9.44444,3.05556,508.55556,D63_4
1437.43333,564.33333,140.01111,19.55556,3426.64444,75.42222,1.1037,6.66667,240.22222,2288.8,1.1037,44.55556,5.66667,9.82222,1.0,1052.8,7.55556,4.28889,558.44444,D63_5
1384.1,545.88889,132.12222,90.07407,3497.2,175.71111,1.1037,5.44444,217.88889,2152.24444,1.32593,44.66667,4.11111,7.15556,3.15556,928.46667,13.33333,3.96667,507.55556,D63_6
1161.1,473.44444,123.01111,44.59259,2886.31111,69.55556,1.0,2.11111,245.77778,2016.46667,1.31111,45.55556,3.66667,8.82222,1.0,873.68889,13.22222,3.28889,472.77778,D63_7
1261.1,404.88889,125.9,102.96296,3008.08889,50.86667,1.1037,6.55556,205.88889,1916.35556,1.0,34.11111,3.55556,6.60741,1.0,794.24444,19.44444,4.75556,423.0,D63_8
1319.76667,427.11111,128.01111,38.51852,3154.75556,52.97778,1.1037,7.66667,222.11111,1864.02222,1.0,34.44444,3.33333,5.82222,1.0,859.02222,8.66667,3.95556,451.88889,D63_9
462.22222,235.72222,105.1,72.06296,1381.98889,87.9,1.0,2.11111,63.81111,1059.9,1.52593,283.53333,46.06667,4.77778,1.0,4.48889,5.66667,9.93333,25.68889,D64_0
418.66667,239.5,99.65556,52.02222,1351.21111,47.55185,1.0,3.22222,57.25556,918.12222,1.75556,274.08889,36.95556,4.66667,1.0,4.93333,5.66667,10.5,20.02222,D64_1
495.33333,287.05556,134.98889,77.28519,1581.1,256.34444,1.0,3.22222,86.58889,876.12222,1.31111,254.64444,27.4,5.77778,1.0,4.95556,3.77778,16.35556,31.46667,D64_2
453.77778,242.72222,108.1,59.68889,1316.98889,290.37778,1.0,4.33333,64.36667,818.67778,1.97778,256.97778,34.20741,4.11111,1.0,6.51111,3.88889,14.93333,12.00741,D64_3
467.22222,300.38889,115.43333,101.81111,1520.54444,78.32963,1.0,7.66667,58.03333,803.01111,1.74815,349.53333,33.95556,5.77778,1.0,10.6,1.0,9.7,20.57778,D64_4
481.22222,245.83333,114.98889,14.78889,1517.65556,121.55185,1.0,6.55556,61.92222,735.12222,2.3037,240.53333,33.62222,5.55556,1.0,3.04444,2.77778,7.67778,21.02222,D64_5
441.44444,233.38889,107.54444,26.64815,1410.87778,193.93333,1.0,1.0,59.03333,714.23333,1.31852,223.08889,30.84444,4.88889,1.0,3.04444,12.44444,6.81111,16.22963,D64_6
475.44444,231.61111,116.1,34.31481,1346.76667,42.58519,1.0,3.22222,61.36667,714.23333,2.62222,233.53333,31.73333,4.66667,1.0,5.84444,6.55556,7.35556,17.67407,D64_7
398.66667,187.16667,93.1,51.91111,1156.87778,31.6,1.1037,3.22222,52.7,682.9,1.53333,192.86667,20.57037,4.11111,1.0,4.95556,3.77778,9.37778,28.57778,D64_8
431.77778,237.72222,101.54444,65.31481,1328.54444,172.88519,1.0,4.33333,53.36667,629.9,2.74074,210.53333,23.62222,3.77778,1.0,5.24444,2.77778,10.91111,16.24444,D64_9
1492.68889,1222.55556,114.35556,101.18889,2604.47778,149.77778,1.0,10.2963,21.56667,9727.83333,1.85185,626.22222,38.22222,15.88889,1.0,11.64444,11.93333,56.9,31.35556,D65_0
1645.68889,1276.22222,128.68889,83.23333,2809.25556,144.0,1.56296,7.01481,25.9,7974.16667,2.39259,759.77778,30.77778,16.0,2.55556,15.24444,13.93333,56.23333,23.13333,D65_1
1419.8,1046.0,196.46667,81.93333,2548.03333,246.66667,1.17037,4.00741,21.78889,6961.5,1.41481,658.33333,76.0,10.66667,1.0,19.13333,22.13333,50.45556,37.35556,D65_2
1534.46667,1305.55556,160.02222,69.04444,2736.25556,219.77778,1.08519,7.01481,18.45556,6442.16667,1.42222,679.44444,27.0,5.33333,1.77778,16.75556,27.36667,43.56667,30.91111,D65_3
1590.02222,1396.66667,145.13333,111.41111,2822.36667,141.88889,1.39259,4.95556,26.45556,6053.72222,2.26667,685.0,28.0,13.0,1.0,21.6,9.27778,56.9,26.46667,D65_4
1521.91111,994.44444,176.02222,76.82222,3044.25556,246.66667,1.08519,6.06667,21.12222,5497.83333,1.20741,725.88889,37.44444,6.66667,1.77778,15.75556,16.58889,44.01111,25.46667,D65_5
1540.02222,1320.77778,186.13333,49.9,2786.58889,92.44444,1.08519,4.00741,20.9,5219.83333,2.4,849.0,28.44444,7.55556,2.55556,26.86667,16.16667,54.67778,33.13333,D65_6
1515.8,1316.66667,169.91111,101.45556,2887.36667,386.44444,1.08519,1.0,19.23333,4999.27778,2.60741,706.55556,74.22222,4.33333,1.0,19.68889,17.47778,63.34444,27.68889,D65_7
1552.24444,1183.55556,147.68889,98.41111,2447.92222,172.66667,1.0,4.00741,21.9,4773.83333,2.84444,636.22222,52.77778,8.77778,1.0,15.71111,4.96667,52.78889,17.93333,D65_8
1315.46667,1009.77778,146.57778,84.6,2286.36667,275.33333,1.08519,2.8963,19.23333,4537.83333,2.07407,546.66667,25.55556,7.66667,1.0,17.2,24.82222,63.9,27.46667,D65_9
1723.94444,405.0,91.47778,66.94074,4020.45556,412.77778,1.0,4.33333,33.48889,2392.48889,1.11111,29.0,15.44444,5.33333,1.0,4.11111,7.77778,3.07407,8.47407,D66_0
1658.72222,219.11111,86.03333,71.28148,3948.01111,367.66667,1.20741,11.11111,32.82222,2198.6,1.22222,35.66667,15.33333,4.33333,1.0,6.22222,10.15556,7.40741,13.08889,D66_1
1757.38889,203.88889,91.36667,55.83704,4312.9,394.77778,1.1037,5.44444,27.26667,1931.15556,1.0,31.22222,12.0,4.22222,1.0,6.55556,12.02222,4.40741,12.31111,D66_2
1719.83333,157.33333,78.25556,62.71111,4405.01111,244.55556,1.1037,3.22222,19.93333,1779.15556,1.0,30.77778,17.33333,5.55556,1.0,2.11111,14.28889,3.55556,9.80741,D66_3
2110.16667,240.22222,95.81111,51.60741,5349.01111,279.33333,1.0,5.44444,28.48889,1637.48889,1.0,24.22222,13.0,7.55556,1.0,4.33333,11.77778,2.25926,9.02963,D66_4
1755.38889,188.44444,71.81111,39.51111,4603.45556,723.44444,1.1037,6.55556,19.82222,1532.71111,1.11111,29.44444,8.77778,3.33333,1.0,5.0,5.26667,1.62963,8.74815,D66_5
1427.38889,134.11111,60.92222,17.3037,3391.23333,293.88889,1.0,2.11111,22.26667,1474.82222,1.44444,22.0,10.88889,4.44444,1.0,2.88889,4.26667,3.55556,11.64444,D66_6
2024.83333,352.22222,133.25556,35.28148,5449.45556,567.22222,1.0,1.0,19.93333,1411.6,1.0,23.22222,11.77778,5.33333,1.0,4.77778,10.53333,2.88889,6.24444,D66_7
1417.72222,213.88889,72.03333,47.28889,3586.67778,263.0,1.0,4.33333,22.71111,1354.15556,1.11111,19.0,10.77778,3.22222,1.0,2.44444,6.26667,5.96296,5.6963,D66_8
1476.72222,114.88889,80.7,77.27407,3566.56667,291.77778,1.20741,6.55556,23.15556,1333.26667,1.0,24.66667,13.55556,6.88889,1.0,2.44444,6.02222,3.92593,8.14074,D66_9
415.08889,138.22222,315.1,50.86667,289.07778,191.0,1.0,2.07037,39.06667,2820.44444,3.21481,96.88889,36.84444,2.88889,1.0,4.15556,6.66667,16.61111,10.88889,D67_0
440.31111,133.22222,351.43333,76.53333,317.07778,926.77778,1.0,5.32222,46.84444,2678.55556,3.45185,91.55556,40.73333,4.11111,1.0,4.59259,11.55556,23.5,12.77778,D67_1
421.2,71.44444,310.76667,53.31111,296.74444,312.33333,1.0,8.72593,49.84444,2610.66667,4.08889,88.66667,42.73333,3.0,1.0,3.43704,6.77778,23.7037,9.0,D67_2
418.42222,88.66667,311.76667,89.31111,287.96667,199.33333,1.0,4.25185,41.51111,2548.0,3.31111,91.55556,33.62222,4.11111,1.0,3.42963,19.55556,17.27778,13.88889,D67_3
417.64444,81.44444,311.43333,58.53333,279.3,123.33333,1.0,2.07037,38.28889,2495.0,4.08889,104.11111,37.95556,3.0,1.0,2.81481,2.77778,22.16667,8.88889,D67_4
424.64444,109.0,441.54444,38.46667,286.52222,147.77778,1.1037,5.32222,48.06667,2416.44444,2.54815,87.66667,33.17778,2.33333,1.0,7.47407,8.55556,18.38889,11.77778,D67_5
415.75556,144.44444,295.65556,33.35556,275.18889,269.22222,1.0,2.07037,38.73333,2348.55556,2.35556,102.33333,31.62222,2.66667,1.0,3.7037,9.55556,17.72222,11.88889,D67_6
428.31111,69.55556,360.65556,82.77037,278.63333,164.44444,1.1037,5.47407,44.73333,2343.33333,3.78519,85.44444,43.62222,3.22222,1.0,2.98519,9.55556,25.83333,11.77778,D67_7
446.53333,95.77778,307.98889,55.45185,292.18889,357.44444,1.0,6.43333,41.28889,2270.22222,3.1037,102.33333,36.95556,3.22222,1.0,3.16296,9.55556,17.72222,11.77778,D67_8
452.31111,96.55556,353.1,59.54815,303.07778,258.88889,1.1037,5.36296,49.28889,2249.33333,3.21481,92.11111,35.51111,4.0,1.0,1.71852,12.55556,17.38889,12.0,D67_9
374.93333,16.22222,278.4,71.06667,246.87778,24.93333,1.1037,4.0963,29.58889,2549.68889,1.0,16.68889,8.93333,1.2,1.0,5.11111,4.66667,3.28148,14.28889,D68_0
371.82222,33.33333,278.84444,56.5963,264.87778,16.35556,1.20741,2.98519,23.47778,2392.35556,1.0,8.4,5.51852,1.3,1.0,2.77778,4.77778,4.31111,10.73333,D68_1
326.71111,15.55556,227.4,82.15185,213.98889,116.28889,1.0,1.99259,25.14444,2303.57778,1.11111,19.91111,5.98519,2.15556,1.0,3.22222,1.0,2.17037,9.68889,D68_2
299.37778,19.11111,209.95556,73.01481,215.98889,35.4,1.0,5.20741,21.7,2230.35556,1.11111,14.73333,4.88148,1.63333,1.0,1.0,2.88889,1.5037,12.73333,D68_3
325.82222,21.33333,239.84444,56.5963,204.76667,24.93333,1.1037,1.99259,20.36667,2151.13333,1.0,12.04444,4.15556,1.0,1.0,5.77778,15.22222,3.00741,10.17778,D68_4
328.6,27.11111,240.06667,81.54444,214.1,20.46667,1.0,6.42963,27.92222,2051.91111,1.0,12.82222,4.13333,1.85556,1.0,2.11111,4.66667,1.83704,10.28889,D68_5
300.26667,13.22222,210.4,73.01481,194.32222,28.8,1.1037,3.97778,23.7,1957.91111,1.0,10.15556,4.79259,1.72222,1.0,3.33333,15.33333,2.36296,6.82222,D68_6
303.6,23.22222,212.84444,73.01481,192.1,18.22222,1.1037,9.41481,23.14444,1947.02222,1.0,16.6,5.48889,1.42222,1.0,3.66667,8.55556,2.17037,8.02222,D68_7
293.37778,12.33333,221.73333,71.92963,184.54444,65.2,1.1037,1.99259,20.03333,1883.8,1.11111,10.04444,2.54815,1.2,1.0,2.44444,2.88889,1.0,10.28889,D68_8
286.26667,19.22222,215.28889,74.70741,199.54444,38.77778,1.1037,6.2,21.7,1836.8,1.11111,12.26667,5.37778,1.63333,2.66667,4.0,10.55556,2.94815,14.51111,D68_9
392.67778,63.44444,112.13333,55.04444,514.51111,341.0,1.11111,4.33333,10.32222,1912.28889,1.1037,11.93333,1.66667,2.66667,1.0,5.51111,5.66667,4.2,20.31111,D69_0
399.9,45.22222,107.91111,79.45556,477.95556,378.11111,1.33333,5.44444,11.98889,1755.28889,1.1037,10.15556,4.44444,3.55556,1.0,7.84444,9.66667,6.8963,25.75556,D69_1
385.45556,72.66667,122.8,49.44074,512.62222,226.22222,1.11111,4.33333,14.54444,1634.28889,1.0,7.93333,2.77778,3.22222,1.77778,3.91111,7.66667,2.00741,25.54815,D69_2
433.9,52.44444,107.8,82.88519,594.73333,205.33333,1.22222,12.11111,13.27407,1576.84444,1.0,9.48889,3.66667,2.77778,1.0,4.22222,7.66667,5.53333,23.2,D69_3
372.67778,51.44444,106.24444,49.05926,485.28889,92.33333,1.11111,8.88889,11.54444,1492.4,1.1037,7.51111,3.66667,2.22222,1.0,7.28889,6.55556,4.45185,18.42222,D69_4
432.67778,45.44444,123.8,52.48889,546.4,180.77778,1.11111,7.66667,14.43333,1460.95556,1.1037,10.68889,5.55556,2.55556,1.0,4.33333,21.11111,4.64444,21.97778,D69_5
369.56667,33.44444,108.13333,51.9963,441.95556,141.88889,1.0,6.55556,14.98889,1393.06667,1.32593,7.84444,6.55556,1.66667,1.0,3.48889,5.77778,5.1037,21.86667,D69_6
312.23333,42.22222,111.68889,29.37778,381.28889,98.66667,1.11111,7.77778,11.65556,1382.62222,1.1037,7.31111,4.44444,2.0,1.0,5.22222,6.77778,3.74074,20.53333,D69_7
366.67778,42.22222,95.46667,64.9963,431.95556,84.11111,1.0,2.11111,14.98889,1299.06667,1.1037,5.95556,4.77778,1.88889,1.0,4.2,4.55556,2.96296,24.86667,D69_8
393.67778,61.44444,97.35556,42.15556,471.62222,162.44444,1.33333,6.55556,10.21111,1299.06667,1.0,5.86667,2.44444,1.44444,2.55556,4.93333,5.77778,1.5037,20.86667,D69_9
100.92222,56.44444,226.64444,75.39259,799.44444,498.13333,1.0,1.8,12.14444,952.92222,10.77778,29.84444,7.11111,1.11111,1.0,7.66667,10.55556,2.95926,216.64444,D7_0
75.03333,60.66667,282.08889,73.27407,674.66667,295.04444,1.0,8.64444,9.47778,842.7,11.11111,23.73333,7.55556,2.11111,1.0,18.0,6.55556,1.54815,187.64444,D7_1
93.47778,42.22222,231.42222,124.06667,762.88889,841.46667,1.0,4.51111,13.25556,785.25556,9.11111,26.28889,5.83333,2.11111,1.0,9.0,8.33333,1.95926,192.08889,D7_2
88.81111,79.66667,186.97778,68.05185,708.22222,245.24444,1.09259,4.93333,12.47778,717.36667,12.33333,26.51111,7.88889,1.22222,1.0,9.55556,5.66667,1.88148,189.86667,D7_3
84.03333,57.44444,202.75556,80.5037,809.22222,461.26667,1.0,1.8,14.47778,701.7,11.77778,40.95556,7.22222,2.88889,1.0,14.77778,19.22222,2.68519,250.31111,D7_4
76.14444,70.66667,151.86667,73.48889,671.88889,440.84444,1.2037,5.73333,11.25556,654.36667,12.66667,30.28889,7.44444,1.11111,1.0,17.66667,23.22222,3.93333,166.42222,D7_5
80.03333,36.33333,177.75556,90.94815,672.22222,249.46667,1.09259,3.71111,10.99259,622.36667,8.22222,32.57778,6.16667,1.22222,1.0,9.77778,4.55556,5.71111,164.86667,D7_6
67.81111,93.88889,115.64444,63.26667,589.77778,290.35556,1.0,3.71111,10.47778,622.36667,10.44444,24.95556,5.72222,1.11111,1.77778,4.77778,1.0,2.48889,213.42222,D7_7
74.25556,29.22222,115.86667,88.28148,552.77778,334.06667,1.0,1.0,8.03333,591.03333,11.22222,40.06667,5.83333,1.11111,1.0,17.11111,5.77778,2.93333,186.08889,D7_8
84.14444,62.44444,143.53333,85.4,621.44444,243.35556,1.09259,1.8,8.14444,544.03333,10.77778,29.28889,6.83333,1.11111,1.0,10.33333,2.77778,4.26667,181.64444,D7_9
548.33333,23.86667,132.62222,37.1037,1359.33333,49.55556,1.0,1.0,11.88889,1791.32222,1.0,45.12222,8.33333,2.11111,2.55556,10.46667,12.75556,10.13333,21.04444,D70_0
559.33333,27.86667,131.28889,32.02222,1336.44444,109.22222,1.1037,3.06296,13.33333,1534.21111,1.11111,44.9,14.77778,2.22222,1.77778,8.2,9.28889,5.22222,20.48889,D70_1
553.11111,20.04444,159.06667,30.59259,1456.22222,12.77778,1.1037,3.06296,16.11111,1397.76667,1.11111,55.78889,17.33333,3.88889,1.77778,12.86667,23.82222,10.82222,31.26667,D70_2
734.55556,44.73333,183.62222,44.68889,1841.11111,170.77778,1.1037,8.25185,17.33333,1288.1,1.0,39.67778,12.77778,3.66667,3.33333,12.85926,33.28889,7.91111,29.04444,D70_3
685.88889,48.73333,139.4,38.34074,1596.88889,136.0,1.0,5.12593,14.22222,1208.76667,1.22222,39.01111,12.66667,3.11111,1.77778,7.31111,8.28889,9.08889,19.26667,D70_4
686.77778,39.68889,128.51111,49.99259,1561.22222,33.0,1.0,3.85556,17.33333,1166.98889,1.11111,26.57778,7.66667,1.88889,1.0,9.31111,8.28889,10.53333,22.48889,D70_5
678.66667,24.68889,194.62222,26.8,1622.88889,158.11111,1.31111,6.07778,16.0,1104.32222,1.0,54.67778,20.66667,3.77778,1.77778,17.08148,19.75556,8.42222,34.15556,D70_6
767.22222,60.13333,154.73333,26.71852,1740.88889,55.66667,1.21481,6.07778,13.66667,1046.87778,1.11111,35.9,11.88889,3.88889,2.66667,11.52593,6.46667,7.48889,23.15556,D70_7
705.77778,42.8,156.84444,21.60741,1566.55556,76.22222,1.20741,9.2037,15.66667,1020.76667,1.11111,41.56667,9.66667,1.88889,1.77778,10.08148,21.82222,11.82222,23.71111,D70_8
700.66667,27.86667,156.4,33.25926,1599.66667,173.0,1.32593,8.41111,14.77778,1010.32222,1.0,37.12222,15.33333,2.77778,2.66667,6.75556,11.28889,5.13333,22.93333,D70_9
434.38889,83.37778,257.46667,105.20741,746.54444,440.38889,1.3037,6.08148,8.21481,4240.84444,1.0,60.81111,10.84444,5.77778,1.71852,4.6,103.33333,14.26667,29.44444,D71_0
398.72222,81.37778,237.57778,84.68148,731.76667,377.22222,1.3037,5.15926,11.99259,2908.4,1.0,84.14444,64.17778,8.77778,1.0,8.18519,92.22222,17.71852,32.88889,D71_1
434.61111,61.93333,299.02222,69.17778,769.65556,446.38889,1.0,14.4,8.64444,2363.4,1.20741,60.7,14.62222,23.22222,1.71852,8.23704,169.55556,15.82963,34.0,D71_2
412.27778,63.04444,284.02222,50.62963,724.43333,802.05556,1.19259,13.28889,13.1037,2090.73333,1.1037,58.7,21.31852,11.22222,1.0,8.82222,41.77778,21.26667,60.66667,D71_3
373.61111,79.26667,267.91111,64.28889,693.65556,215.11111,1.20741,11.85926,7.65926,1812.84444,1.0,64.25556,14.65185,21.44444,1.0,7.68148,321.88889,18.71111,65.0,D71_4
433.83333,126.6,250.8,58.79259,1054.76667,1112.16667,1.0963,1.71481,15.53333,1644.73333,1.1037,104.58889,12.20741,6.66667,1.0,4.74074,205.11111,24.37778,29.11111,D71_5
450.27778,77.64444,351.35556,59.17778,814.32222,436.27778,1.0,10.44815,18.08889,1534.51111,1.0,100.47778,22.20741,7.77778,1.0,4.88148,505.55556,22.15556,39.0,D71_6
403.61111,157.82222,349.02222,82.0963,721.32222,489.72222,1.0,6.58889,16.75556,1403.51111,1.0,30.47778,12.06667,4.11111,1.71852,3.24444,36.66667,13.27407,34.55556,D71_7
346.27778,82.64444,270.68889,48.57037,682.76667,395.88889,1.19259,6.47778,10.08889,1325.17778,1.1037,51.47778,10.06667,7.55556,1.0,5.43704,31.22222,11.83704,33.22222,D71_8
390.83333,152.82222,248.68889,40.2963,665.54444,559.27778,1.0963,5.36667,13.86667,1225.06667,1.0,43.14444,8.20741,10.44444,1.0,4.2963,23.22222,10.73333,32.55556,D71_9
564.02222,32.11111,223.0,99.15556,395.64444,569.02222,1.08889,6.94444,15.55556,1742.83333,1.11111,23.22222,6.44444,2.33333,1.0,1.66667,8.66667,6.77778,20.88889,D72_0
632.57778,23.11111,245.55556,70.45926,407.08889,533.95556,1.0,7.57407,14.55556,1627.5,1.11111,31.0,7.22222,2.66667,1.0,3.55556,7.77778,7.66667,18.33333,D72_1
654.46667,28.22222,202.0,42.23704,412.75556,59.02222,1.0,8.7963,15.55556,1365.38889,1.0,34.22222,9.66667,2.0,1.0,3.44444,5.66667,7.22222,16.11111,D72_2
731.46667,15.55556,196.66667,83.45926,402.08889,69.82222,1.17778,10.5,13.0,1297.5,1.0,43.0,22.0,2.11111,1.0,2.11111,5.66667,6.44444,32.77778,D72_3
561.57778,23.11111,200.22222,23.98519,338.53333,153.68889,1.0,7.05556,15.22222,1223.5,1.0,17.44444,4.66667,1.77778,1.0,4.11111,4.66667,4.16667,14.33333,D72_4
497.57778,41.22222,189.22222,35.78519,352.31111,241.95556,1.0,10.14815,13.66667,1160.72222,1.0,17.33333,4.88889,3.33333,1.0,1.77778,3.77778,3.0,11.66667,D72_5
579.68889,34.11111,169.0,45.01481,348.75556,120.97778,1.08889,9.90741,17.33333,1113.72222,1.0,25.77778,7.88889,3.55556,2.31852,3.55556,4.66667,4.22222,17.88889,D72_6
542.91111,22.33333,189.22222,55.37778,380.86667,110.82222,1.0,9.55556,14.55556,1040.61111,1.11111,29.66667,5.55556,2.11111,1.65926,2.11111,2.77778,5.61111,17.33333,D72_7
675.57778,30.11111,156.77778,52.31852,317.08889,79.93333,1.08889,3.85185,15.55556,1024.94444,1.0,29.55556,18.33333,3.66667,1.0,1.0,7.66667,6.44444,21.11111,D72_8
572.46667,48.33333,175.77778,23.62222,339.08889,55.73333,1.0,6.46296,14.0,967.16667,1.0,12.55556,4.77778,4.0,1.0,4.0,2.77778,1.88889,17.55556,D72_9
596.72222,70.26667,170.58889,88.73704,1440.91111,14.88889,1.0,7.42222,36.32222,3605.32222,1.0,8.95556,4.33333,18.6,1.0,2.11111,9.55556,4.66667,32.22222,D73_0
589.83333,81.86667,95.81111,25.31852,1569.8,17.11111,1.1037,2.02963,31.32222,3054.76667,1.0,6.92222,3.44444,22.15556,1.0,2.11111,7.55556,2.0,35.0,D73_1
521.83333,57.95556,84.81111,50.18148,1208.8,15.0,1.0,6.31111,21.65556,2310.32222,1.0,8.51111,2.66667,14.6,3.44444,4.11111,7.66667,2.33333,19.55556,D73_2
995.5,65.26667,101.14444,32.29259,3130.02222,99.11111,1.0,2.02963,22.43333,1670.65556,1.0,51.17778,33.55556,9.6,1.0,2.11111,8.66667,4.11111,15.88889,D73_3
1248.5,45.77778,82.03333,58.65185,3827.8,123.33333,1.21481,6.31111,16.65556,1360.98889,1.0,50.98889,30.77778,6.23704,3.33333,3.22222,4.66667,3.33333,10.55556,D73_4
858.27778,66.75556,77.25556,48.68519,2891.57778,27.33333,1.0,4.17037,18.32222,1093.76667,1.0,38.2,23.55556,5.34815,1.0,2.44444,7.44444,3.0,12.11111,D73_5
854.72222,56.26667,82.47778,57.15556,2748.91111,72.22222,1.1037,5.28148,19.1,946.98889,1.0,64.76667,34.66667,5.04444,1.0,2.88889,4.77778,4.0,11.0,D73_6
1210.16667,39.73333,101.58889,93.84815,3896.35556,23.11111,1.0,5.11852,19.43333,784.43333,1.0,35.14444,15.0,6.15556,1.0,3.33333,4.66667,3.33333,11.66667,D73_7
699.27778,36.42222,83.36667,61.57407,2043.46667,78.33333,1.1037,4.08889,23.54444,721.43333,1.0,13.06667,3.66667,11.82222,1.0,2.33333,7.66667,2.66667,14.88889,D73_8
1164.38889,25.93333,77.03333,89.65185,3953.68889,25.11111,1.1037,6.42222,16.43333,669.21111,1.0,36.84444,19.33333,5.82222,1.77778,2.88889,6.66667,3.77778,12.55556,D73_9
852.43333,44.02222,218.06667,32.42222,2465.88889,29.22222,1.62222,10.59259,22.83333,1598.22222,1.0,18.22222,3.33333,3.11111,1.77778,6.68889,72.04444,2.05926,99.13333,D74_0
807.1,52.24444,198.73333,33.82593,2292.88889,39.55556,1.2,9.56296,22.94444,1446.0,1.1,29.0,1.66667,3.55556,2.66667,2.82222,1.0,2.75556,91.57778,D74_1
838.1,45.48889,193.51111,25.90741,2566.44444,150.22222,1.2,7.25926,13.83333,1372.66667,1.0,14.44444,3.66667,3.88889,1.0,2.62222,6.46667,2.57407,82.35556,D74_2
775.65556,40.62222,189.84444,40.08889,2233.88889,37.55556,1.28889,3.14074,15.72222,1299.55556,1.0,12.77778,2.0,3.77778,1.77778,4.0,4.64444,3.17037,93.91111,D74_3
734.65556,43.02222,195.73333,40.2,2129.11111,72.11111,1.0,9.56296,19.27778,1242.0,1.1,18.44444,2.77778,4.88889,1.77778,6.13333,39.95556,2.39259,83.13333,D74_4
689.32222,57.13333,196.95556,32.42222,2023.88889,39.33333,1.08889,8.45185,16.61111,1199.33333,1.0,13.88889,2.33333,5.22222,1.0,1.48889,4.28889,1.0,86.68889,D74_5
659.87778,42.15556,208.4,20.7963,1750.77778,148.22222,1.17778,8.45185,17.5,1162.77778,1.2,13.88889,1.66667,2.66667,1.0,3.62222,4.64444,1.90741,88.68889,D74_6
889.54444,57.24444,207.06667,36.12963,2592.0,216.0,1.0,6.22963,15.94444,1110.55556,1.1,17.55556,2.0,2.88889,1.77778,2.62222,8.46667,2.72593,79.46667,D74_7
652.65556,32.8,187.17778,16.83704,1935.44444,47.55556,1.08889,9.56296,15.38889,1105.33333,1.0,9.66667,2.66667,2.77778,1.0,4.93333,1.82222,1.54444,100.46667,D74_8
697.76667,74.35556,202.17778,32.42222,2022.66667,186.88889,1.08889,9.67407,19.72222,1074.0,1.0,11.88889,3.0,3.66667,1.0,2.42222,2.82222,2.05926,77.24444,D74_9
803.93333,68.66667,370.41111,71.91111,1757.27778,410.88889,1.0963,18.34815,48.13333,5279.41111,1.53333,32.82222,25.22222,12.22222,1.0,13.88889,37.88889,7.71111,133.48889,D75_0
745.6,57.33333,320.52222,68.28889,1650.5,246.66667,1.0,24.12593,48.13333,4550.52222,1.54074,35.04444,24.0,9.11111,1.0,11.0,14.22222,6.35185,133.6,D75_1
735.04444,56.33333,317.74444,82.24444,1621.61111,431.44444,1.0,19.84444,55.35556,4240.96667,1.41481,36.26667,30.77778,12.66667,1.0,15.22222,32.11111,5.99259,133.82222,D75_2
640.04444,60.66667,304.18889,82.35556,1358.27778,390.55556,1.0,5.28148,43.13333,3769.07778,1.42222,22.97778,15.55556,6.22222,1.6,11.44444,24.22222,4.90741,122.82222,D75_3
753.93333,76.55556,326.85556,66.8,1582.5,386.11111,1.0963,22.82222,57.91111,3454.63333,2.62222,28.71111,24.0,10.11111,2.48889,15.11111,36.88889,2.38519,126.93333,D75_4
646.15556,58.44444,322.52222,50.82222,1426.72222,289.55556,1.3037,24.31852,46.46667,3060.85556,2.18519,26.75556,20.55556,8.44444,1.0,13.44444,84.33333,5.32593,99.04444,D75_5
700.15556,72.55556,325.63333,40.82222,1439.5,1165.22222,1.19259,16.28889,56.02222,2767.18889,1.54074,35.48889,27.11111,14.66667,1.0,17.22222,256.44444,4.21481,110.48889,D75_6
822.6,58.77778,366.18889,65.2,1649.27778,265.0,1.0963,10.7037,48.24444,2573.52222,1.64444,33.71111,20.0,7.33333,1.0,12.44444,35.0,7.46296,120.93333,D75_7
586.71111,32.11111,361.74444,51.24444,1266.83333,429.55556,1.19259,17.4,46.02222,2510.63333,1.41481,27.75556,19.66667,7.66667,1.0,14.11111,115.77778,2.74444,107.15556,D75_8
648.15556,65.66667,341.74444,47.31111,1479.83333,464.22222,1.0,16.48148,44.8,2394.96667,1.41481,27.48889,19.55556,7.0,1.0,10.77778,132.77778,8.04444,121.37778,D75_9
502.55556,87.77778,548.5,98.33333,615.57778,277.55556,1.85185,8.41111,77.13333,2717.53333,1.11111,21.66667,11.11111,42.66667,1.0,11.71111,165.11111,4.64074,105.77778,D76_0
485.11111,174.66667,695.16667,85.7037,615.91111,174.77778,1.31111,4.01481,92.35556,2539.31111,1.11111,25.11111,17.33333,27.33333,1.0,29.18519,46.05556,4.42593,114.0,D76_1
555.66667,91.66667,491.16667,91.2963,694.46667,65.88889,1.42222,9.36296,90.91111,2444.64444,1.0,16.22222,12.66667,15.44444,1.6,2.05185,54.22222,2.87407,97.44444,D76_2
468.11111,160.44444,568.05556,41.40741,937.02222,82.22222,2.51852,4.96667,98.02222,2355.86667,1.11111,15.44444,13.22222,13.77778,1.0,5.99259,23.55556,2.97778,87.77778,D76_3
484.33333,74.66667,550.5,70.37037,598.35556,82.22222,1.53333,7.18889,83.68889,2303.64444,1.22222,6.88889,12.33333,14.0,1.0,3.99259,37.61111,3.75926,84.88889,D76_4
527.77778,129.22222,580.61111,70.62963,661.35556,228.22222,2.51111,8.25185,102.68889,2245.86667,1.11111,15.77778,13.11111,24.77778,1.0,4.68889,37.27778,5.30741,100.66667,D76_5
503.11111,238.33333,471.72222,49.7037,953.35556,184.88889,1.41481,6.34815,101.8,2166.86667,1.0,13.22222,11.66667,17.0,1.0,4.54815,58.94444,4.75556,94.0,D76_6
517.33333,99.88889,576.83333,38.62963,642.13333,94.77778,2.4,7.02963,86.68889,2140.75556,1.22222,10.33333,9.22222,27.11111,1.0,2.65926,49.22222,6.63704,87.66667,D76_7
486.88889,319.11111,531.94444,54.92593,658.13333,225.77778,3.61481,15.98148,85.13333,2072.86667,1.11111,14.77778,12.55556,22.0,1.0,26.85185,34.72222,5.2,106.0,D76_8
483.11111,64.66667,479.16667,54.81481,712.02222,51.44444,1.62222,7.3,75.46667,2015.42222,1.0,11.55556,14.0,16.44444,1.0,4.2963,69.11111,4.76296,81.22222,D76_9
680.82222,44.22222,268.26667,111.2963,1069.65556,152.0,1.0,7.97778,25.84444,2525.7,1.1037,15.22222,4.55556,2.06667,1.0,6.48889,8.36667,3.33333,16.75556,D77_0
787.15556,32.11111,257.82222,30.44444,1393.98889,123.33333,1.0,1.91111,27.95556,2399.7,1.0,16.33333,4.44444,1.53333,2.55556,6.04444,1.0,2.6,42.86667,D77_1
707.48889,47.22222,301.15556,90.22222,1193.76667,57.55556,1.44444,9.2,25.28889,2310.92222,1.1037,14.0,4.77778,8.51111,1.0,3.1037,12.25556,2.8,19.2,D77_2
879.48889,37.11111,270.26667,100.44444,1591.87778,67.77778,1.11111,7.88889,23.84444,2216.25556,1.32593,14.0,4.33333,1.52222,1.0,4.43704,4.57778,3.4,11.77037,D77_3
830.26667,35.11111,282.82222,123.77778,1386.65556,144.11111,1.22222,8.08889,25.4,2106.25556,1.0,21.88889,5.77778,14.4,1.0,3.99259,50.92222,2.93333,15.2,D77_4
845.93333,26.33333,318.37778,91.7037,1602.32222,41.22222,1.33333,2.82222,25.4,2007.03333,1.20741,11.11111,3.0,6.36667,1.0,7.18519,28.72222,5.31111,14.99259,D77_5
642.82222,23.22222,277.71111,87.66667,1059.87778,94.77778,1.55556,3.93333,24.95556,1938.58889,1.21481,10.77778,3.33333,2.03333,1.0,8.42963,3.36667,5.4,13.86667,D77_6
697.6,27.55556,345.6,108.22222,1211.98889,80.22222,1.44444,10.31111,27.84444,1875.47778,1.1037,12.88889,3.11111,13.04444,1.77778,10.2963,37.03333,3.6,19.75556,D77_7
746.71111,32.0,353.37778,81.37037,1328.1,65.77778,1.44444,2.82222,24.51111,1859.81111,1.20741,10.77778,2.44444,11.17778,2.55556,8.37778,17.25556,2.86667,14.64444,D77_8
884.48889,26.11111,293.37778,81.59259,1533.65556,49.44444,1.11111,10.11111,27.17778,1781.47778,1.20741,15.66667,4.44444,9.83333,1.0,5.04444,13.14444,2.13333,18.32593,D77_9
239.43333,32.11111,157.23333,19.93333,252.51111,147.28889,1.07407,2.98148,10.07778,1365.35556,1.74815,87.33333,28.22222,2.04444,1.0,4.74074,1.0,3.28889,11.04444,D78_0
234.32222,33.33333,142.23333,6.55556,257.17778,135.08889,1.0,4.72222,11.96667,1297.46667,1.0,65.22222,6.77778,1.93333,1.0,2.8,1.0,1.97778,17.93333,D78_1
224.21111,36.33333,161.45556,33.31111,216.95556,85.62222,1.0,1.87037,8.85926,1239.68889,1.1037,72.0,6.77778,1.95556,1.0,2.96296,11.08148,9.75556,12.26667,D78_2
230.98889,34.55556,149.23333,51.53333,247.17778,70.57778,1.22222,2.98148,11.63333,1202.46667,1.0,83.0,25.0,1.17778,1.0,2.8,1.0,8.57778,36.37778,D78_3
233.76667,37.33333,139.78889,29.62222,276.73333,75.53333,1.07407,3.85185,9.85556,1165.91111,1.1037,79.88889,15.77778,1.57778,1.0,4.71111,1.0,8.84444,68.82222,D78_4
239.1,35.22222,184.23333,23.08889,257.73333,77.64444,1.07407,7.81481,10.85556,1129.35556,1.1037,73.22222,9.11111,1.93333,1.77778,4.2963,37.70741,9.51111,28.93333,D78_5
221.43333,21.11111,111.78889,25.64444,243.4,74.68889,1.07407,7.81481,5.74444,1098.02222,1.20741,73.33333,5.44444,1.51111,1.0,5.74074,1.0,13.6,15.04444,D78_6
226.98889,45.44444,128.67778,25.04444,272.17778,130.6,1.07407,2.74074,10.3,1024.91111,1.0,67.44444,11.33333,2.06667,1.0,4.6,1.0,7.53333,44.26667,D78_7
223.65556,33.11111,139.12222,19.17778,262.17778,115.8,1.14815,1.0,10.85556,1009.24444,1.20741,54.22222,7.22222,1.8,1.0,3.99259,1.0,2.82222,28.26667,D78_8
233.87778,41.11111,131.12222,62.35556,248.28889,83.15556,1.14815,2.74074,5.85556,967.46667,1.0,65.44444,7.66667,2.13333,1.77778,5.34815,1.0,22.68889,14.15556,D78_9
342.51111,18.22222,194.35556,60.8963,460.55556,60.37778,1.1037,6.5037,11.63333,2575.97778,1.22222,140.55556,2.88148,1.88889,1.0,2.46667,5.77778,5.0,45.11111,D79_0
322.28889,18.22222,198.24444,99.13333,466.66667,44.6963,1.1037,3.05926,8.18889,2251.2,1.0,106.33333,3.68889,3.88889,1.0,3.2,16.44444,6.55556,47.66667,D79_1
316.17778,14.33333,210.35556,28.07407,409.66667,39.71111,1.31111,2.02963,8.85556,2135.53333,1.11111,107.33333,3.48889,2.44444,1.0,3.48889,27.22222,2.33333,40.0,D79_2
312.62222,24.22222,190.02222,71.74074,422.77778,109.48889,1.0,6.31111,9.3,2051.97778,1.11111,99.33333,1.3037,2.33333,1.0,5.8,132.11111,4.66667,47.66667,D79_3
315.17778,30.0,195.68889,71.00741,427.11111,122.2037,1.0,5.2,11.41111,1978.86667,1.0,80.66667,2.57778,2.55556,1.0,4.22222,22.22222,2.11111,62.55556,D79_4
326.84444,14.33333,177.46667,73.35556,430.88889,103.48889,1.20741,1.0,7.52222,1920.86667,1.0,130.33333,3.51852,1.77778,1.0,4.66667,35.22222,1.33333,46.33333,D79_5
314.17778,20.44444,185.02222,83.68889,418.22222,82.82222,1.0,4.17037,9.07778,1852.53333,1.0,95.77778,2.71852,2.44444,1.0,3.2,17.22222,4.22222,47.77778,D79_6
300.51111,10.44444,188.68889,99.22963,432.11111,39.98148,1.1037,2.02963,9.18889,1774.2,1.0,89.11111,1.94074,1.88889,1.0,7.4,116.0,3.88889,53.44444,D79_7
313.51111,18.33333,191.24444,78.99259,422.11111,39.82222,1.1037,6.31111,8.52222,1758.53333,1.11111,90.33333,1.3037,3.33333,1.0,3.33333,185.88889,2.77778,54.22222,D79_8
306.62222,31.33333,183.68889,73.56296,423.44444,41.71111,1.20741,6.31111,10.41111,1689.86667,1.11111,110.55556,2.24444,1.55556,1.0,3.04444,18.33333,5.0,60.66667,D79_9
423.4,47.53333,64.85556,29.17778,1095.94444,25.11111,1.1,3.05926,12.9,3702.94444,1.95556,28.77778,2.0,3.66667,1.0,7.11111,3.46667,1.12222,31.35556,D8_0
517.51111,90.76667,71.3,52.13333,1425.94444,23.0,1.1,2.02963,17.45556,3498.61111,1.62222,44.88889,3.77778,3.44444,1.0,5.66667,7.28889,6.02222,51.46667,D8_1
508.17778,66.76667,90.18889,37.25556,1296.72222,60.0,1.0,3.05926,21.45556,3341.05556,1.41481,41.88889,2.0,4.66667,1.0,7.66667,12.93333,4.1037,52.13333,D8_2
529.95556,48.75556,88.41111,44.73333,1409.5,8.77778,1.0,4.17037,20.45556,3220.38889,1.41481,41.22222,3.33333,4.55556,1.0,4.11111,5.64444,1.12222,48.02222,D8_3
483.95556,62.86667,76.41111,56.15556,1222.61111,74.33333,1.1,4.08889,15.23333,3157.27778,1.20741,37.11111,2.33333,5.11111,1.0,12.44444,2.82222,3.87037,44.35556,D8_4
462.06667,71.76667,77.52222,27.18889,1230.38889,15.0,1.0,5.2,17.78889,3084.16667,1.51852,29.88889,2.33333,4.33333,1.0,10.77778,1.82222,1.2037,50.68889,D8_5
491.62222,69.65556,101.74444,21.4,1226.27778,39.66667,1.0,3.05926,24.12222,3015.94444,1.85185,44.55556,2.33333,4.11111,1.0,10.11111,7.46667,1.28519,66.35556,D8_6
481.95556,57.96667,75.18889,53.6,1211.16667,23.11111,1.0,4.17037,17.34444,2910.83333,1.74815,43.11111,2.33333,3.22222,1.71852,14.33333,3.64444,3.31481,50.68889,D8_7
461.51111,61.54444,84.85556,40.6,1231.72222,84.66667,1.0,3.05926,21.67778,2863.83333,1.42963,31.22222,2.33333,4.22222,1.0,12.55556,5.28889,1.57778,64.8,D8_8
472.95556,59.76667,82.07778,31.05556,1152.27778,10.88889,1.2,3.14074,20.56667,2806.38889,1.63704,38.44444,2.66667,5.0,1.0,4.0,11.11111,3.64815,49.91111,D8_9
672.12222,183.77778,463.28889,80.61111,1161.94444,59.84444,1.33333,8.23704,38.23333,3731.73333,1.0,28.0,13.33333,11.88889,1.0,5.74074,33.0,4.81481,43.66667,D80_0
621.9,232.11111,445.62222,93.38889,1160.05556,41.4,1.55556,14.41481,33.23333,3474.95556,1.0,24.77778,20.33333,11.88889,1.0,5.93333,64.55556,3.7037,49.88889,D80_1
616.34444,257.22222,459.4,67.61111,1043.94444,49.73333,1.55556,6.06667,38.23333,3285.84444,1.11111,32.22222,18.22222,12.55556,1.0,3.24444,37.0,4.88889,41.0,D80_2
564.67778,258.44444,498.17778,62.5,966.5,23.74074,1.22222,9.23704,31.56667,3170.4,1.22222,29.33333,15.11111,10.88889,1.0,8.18519,41.66667,3.44444,41.0,D80_3
583.01111,191.66667,442.95556,72.51852,1040.05556,41.82963,2.22222,3.05926,38.34444,3023.95556,1.44444,30.77778,12.33333,12.0,1.77778,10.26667,6.77778,5.11111,39.77778,D80_4
617.67778,151.33333,460.95556,77.74074,1108.05556,25.74074,1.11111,1.0,34.45556,2918.73333,1.0,16.66667,9.55556,4.77778,1.0,6.23704,20.44444,4.0,52.22222,D80_5
614.34444,203.77778,535.95556,83.16667,1140.16667,68.17778,1.33333,5.11852,37.23333,2850.84444,1.0,25.77778,11.11111,9.88889,1.0,8.93333,31.11111,4.7037,42.11111,D80_6
602.78889,256.33333,478.73333,114.05556,1030.94444,39.4,1.33333,4.00741,37.78889,2751.17778,1.0,25.77778,13.66667,11.88889,1.0,7.18519,41.88889,3.51852,42.77778,D80_7
572.67778,142.22222,401.95556,96.05556,1061.27778,44.2963,1.11111,6.06667,29.67778,2635.73333,1.55556,19.44444,10.66667,7.0,2.55556,7.0963,30.11111,4.14815,37.88889,D80_8
527.12222,197.88889,406.51111,75.38889,942.61111,26.17037,1.55556,4.00741,41.56667,2552.06667,1.11111,24.55556,13.44444,7.88889,1.0,2.8,35.11111,6.85185,44.0,D80_9
313.33333,39.11111,239.93333,56.5037,342.94444,68.0,1.0,3.85185,48.44444,2077.04444,1.1,5.33333,5.11111,7.11111,1.0,5.77778,9.55556,3.03704,58.0,D81_0
326.77778,31.22222,233.93333,64.28148,407.05556,43.33333,1.0,1.87037,43.22222,1961.6,1.0,6.22222,5.77778,8.11111,1.0,6.66667,30.22222,3.59259,69.55556,D81_1
275.55556,42.33333,232.04444,41.2963,325.38889,63.88889,1.0,2.74074,49.0,1877.6,1.0,4.88889,4.22222,10.88889,1.0,4.88889,37.11111,2.03704,60.0,D81_2
262.88889,26.22222,207.37778,64.05185,325.38889,37.33333,1.11111,2.98148,43.11111,1825.37778,1.1,7.66667,5.88889,9.55556,1.0,2.77778,84.77778,2.7037,64.0,D81_3
280.33333,29.0,235.37778,38.74074,323.27778,164.55556,1.11111,4.96296,46.88889,1783.6,1.2,7.77778,6.22222,3.66667,1.0,3.66667,1.88889,3.37037,72.88889,D81_4
260.55556,25.11111,208.37778,97.60741,334.94444,80.33333,1.0,2.98148,42.55556,1704.6,1.0,7.88889,5.0,4.88889,1.0,6.0,4.77778,3.40741,58.77778,D81_5
320.33333,44.22222,253.15556,43.37778,356.5,43.33333,1.0,4.96296,47.77778,1672.93333,1.1,7.88889,2.66667,4.44444,1.0,4.22222,2.88889,2.85185,69.77778,D81_6
278.77778,30.11111,213.48889,49.18519,321.83333,17.11111,1.0,3.85185,48.33333,1615.48889,1.0,11.11111,5.0,4.22222,1.0,2.11111,4.77778,3.74074,56.44444,D81_7
259.77778,14.33333,215.26667,71.71852,317.05556,37.55556,1.11111,3.85185,47.88889,1558.04444,1.0,7.33333,5.44444,8.11111,1.0,2.88889,93.66667,2.7037,64.33333,D81_8
239.11111,27.66667,225.48889,61.73333,308.38889,72.44444,1.11111,1.0,37.33333,1499.6,1.0,6.11111,3.44444,4.33333,1.0,2.44444,7.55556,5.7037,66.66667,D81_9
323.2,26.28889,148.48889,34.64074,249.78889,75.28889,1.09259,3.73333,18.08889,2137.33333,1.22222,6.77778,8.33333,3.11852,1.0,8.02222,35.44444,2.22222,24.62222,D82_0
274.75556,21.28889,141.26667,21.31852,173.34444,36.17778,1.0,6.86667,15.42222,1985.55556,1.11111,11.11111,6.11111,3.64444,1.77778,2.37778,25.11111,1.81481,29.62222,D82_1
311.75556,31.91111,152.15556,63.75556,224.01111,47.0,1.18519,9.4,15.08889,1902.0,1.0,10.0,8.55556,3.34074,1.0,5.93333,6.22222,1.81481,26.95556,D82_2
244.53333,14.77778,149.71111,21.98889,195.12222,36.42222,1.0,3.02222,13.31111,1870.0,1.11111,6.0,7.77778,2.57778,1.0,7.48889,24.22222,1.81481,22.73333,D82_3
295.31111,69.35556,160.04444,19.54444,195.67778,32.55556,1.0,2.82222,12.53333,1796.55556,1.11111,7.77778,5.88889,3.7037,1.0,4.24444,4.66667,1.40741,26.73333,D82_4
269.08889,29.91111,140.71111,36.09259,173.56667,14.0,1.09259,3.93333,12.42222,1697.22222,1.11111,5.66667,3.77778,2.03704,1.0,4.24444,12.11111,2.48148,24.17778,D82_5
296.08889,18.53333,161.15556,24.65556,211.23333,42.15556,1.18519,7.97778,14.31111,1602.33333,1.11111,12.33333,5.11111,5.54815,1.0,5.37778,21.33333,1.81481,31.84444,D82_6
274.97778,15.53333,142.82222,39.86296,189.12222,24.08889,1.09259,5.95556,11.64444,1518.66667,1.0,5.88889,5.66667,2.56296,1.0,7.2,26.11111,2.22222,19.73333,D82_7
268.75556,12.28889,150.93333,9.88148,183.23333,20.71111,1.09259,6.66667,7.97778,1418.55556,1.11111,11.11111,5.22222,2.62222,1.0,6.37778,11.66667,2.62963,15.51111,D82_8
208.31111,9.77778,114.37778,34.98889,155.23333,71.91111,1.09259,4.84444,12.58519,1335.0,1.0,5.55556,5.44444,1.95556,1.0,5.13333,19.66667,1.81481,14.4,D82_9
320.26667,72.55556,304.41111,23.25926,294.2,124.62222,1.2,1.0,22.04444,3251.97778,1.77778,28.88889,13.77778,2.41481,1.77778,5.44444,20.64444,3.58148,213.17778,D83_0
256.71111,31.22222,274.96667,47.7037,274.31111,77.53333,1.2,2.02963,27.15556,2947.64444,1.33333,31.55556,15.22222,1.53333,1.0,2.11111,86.75556,3.57407,232.51111,D83_1
340.6,36.22222,264.96667,39.92593,285.42222,28.55556,1.1,8.45185,25.37778,2863.86667,1.44444,28.44444,11.55556,3.2963,1.0,5.33333,23.46667,2.24444,208.95556,D83_2
305.93333,36.22222,310.3,17.66667,301.08889,83.4,1.51111,5.2,21.71111,2769.86667,1.44444,30.22222,9.11111,3.82963,1.0,7.33333,30.46667,5.80741,226.28889,D83_3
294.6,38.22222,261.74444,34.11111,257.97778,75.53333,1.21111,6.31111,20.04444,2669.75556,1.11111,29.33333,13.88889,2.17778,1.77778,4.33333,22.95556,3.13333,210.4,D83_4
298.71111,39.33333,261.3,12.55556,303.08889,24.57778,1.1,1.0,25.48889,2596.53333,1.11111,24.77778,15.22222,2.51852,1.0,8.33333,31.71111,5.35556,197.17778,D83_5
310.15556,47.33333,287.63333,58.03704,273.86667,134.35556,1.1,4.17037,20.48889,2528.64444,1.33333,26.55556,14.66667,3.28889,1.0,5.44444,13.93333,2.35185,184.95556,D83_6
285.93333,31.44444,256.18889,13.03704,273.86667,61.33333,1.2,3.05926,23.37778,2444.31111,1.0,29.11111,12.0,1.31111,1.77778,3.0,18.75556,1.90741,195.95556,D83_7
292.93333,39.33333,249.07778,24.96296,279.42222,83.88889,1.0,2.02963,19.82222,2376.2,1.0,24.0,7.0,3.94074,1.0,3.66667,26.53333,4.57407,217.62222,D83_8
298.71111,45.22222,256.18889,45.62963,268.42222,20.11111,1.1,5.2,25.93333,2313.53333,1.0,23.11111,12.33333,2.62222,1.0,6.22222,29.53333,4.24815,202.95556,D83_9
170.55556,50.33333,176.51111,40.64444,188.85556,402.66667,1.0,6.55556,13.96667,1487.96667,1.0,9.93333,5.33333,1.0,1.0,3.77778,3.77778,4.81481,33.95556,D84_0
226.0,78.88889,166.51111,74.52222,234.07778,645.33333,1.0,3.77778,14.52222,1362.18889,1.0,5.95556,3.44444,1.41481,1.0,4.0,6.66667,2.0963,29.84444,D84_1
226.44444,69.55556,160.06667,59.63704,223.74444,542.11111,1.0,6.27778,13.41111,1299.52222,1.0,7.93333,8.22222,1.0,1.0,4.0,11.33333,1.54815,30.4,D84_2
223.88889,77.66667,178.17778,29.52963,237.52222,789.22222,1.0,9.61111,14.96667,1236.85556,1.0,13.86667,5.44444,2.53333,1.0,6.55556,34.22222,1.54815,34.4,D84_3
215.33333,45.22222,178.51111,24.65556,231.18889,1068.22222,1.33333,6.83333,17.52222,1167.96667,1.0,7.95556,8.44444,1.20741,1.0,2.44444,1.88889,1.20741,35.73333,D84_4
207.0,36.11111,186.51111,74.08889,223.3,480.66667,1.11111,3.77778,17.18889,1157.52222,1.0,5.37778,3.66667,1.20741,1.77778,4.22222,6.77778,3.48148,23.84444,D84_5
242.11111,30.66667,206.17778,72.63704,251.85556,573.22222,1.0,1.83333,16.96667,1115.74444,1.0963,6.4,5.11111,1.74815,1.0,3.44444,1.0,3.31111,30.28889,D84_6
216.66667,97.0,205.4,39.86296,222.85556,1078.55556,1.22222,6.83333,18.07778,1073.96667,1.0963,11.97778,5.66667,1.42963,1.0,5.66667,38.22222,2.0963,35.62222,D84_7
188.0,65.55556,195.73333,37.97778,182.18889,503.33333,1.0,5.44444,16.3,1053.07778,1.0,4.8,3.77778,1.1037,1.0,5.11111,3.77778,2.87407,30.4,D84_8
235.66667,33.44444,220.95556,28.42593,248.41111,445.88889,1.11111,8.88889,16.52222,995.63333,1.0963,4.48889,4.22222,1.31111,1.0,3.66667,4.55556,2.48889,32.4,D84_9
392.72222,22.22222,239.82222,60.94815,304.6,63.66667,1.0,1.0,14.0,1846.15556,1.0963,11.88889,3.35556,2.22222,1.77778,5.0,1.0,2.51852,15.02222,D85_0
389.83333,38.66667,225.37778,60.94815,285.15556,35.11111,1.60741,1.99259,11.55556,1667.71111,1.0963,14.66667,5.04444,1.88889,1.77778,4.44444,2.77778,3.77778,17.24444,D85_1
347.72222,23.22222,231.6,71.05185,252.26667,35.22222,1.0963,1.99259,12.88889,1584.15556,1.0,5.88889,7.74074,1.22222,1.0,2.11111,7.55556,1.66667,12.41481,D85_2
323.94444,21.33333,213.48889,58.39259,236.71111,65.77778,1.0963,1.0,10.33333,1494.48889,1.0,15.44444,8.65185,2.0,2.66667,2.55556,3.77778,3.40741,15.91111,D85_3
330.83333,6.66667,205.37778,102.28889,254.04444,41.44444,1.20741,3.97778,10.22222,1416.04444,1.0,12.55556,8.15556,2.33333,1.0,9.77778,5.66667,3.81481,15.46667,D85_4
330.27778,13.44444,208.6,76.39259,235.37778,27.0,1.0,1.0,11.77778,1389.93333,1.0,14.88889,7.98519,1.44444,2.55556,4.33333,3.88889,2.03704,16.24444,D85_5
339.72222,26.33333,208.15556,73.71111,258.93333,88.33333,1.0,5.08889,11.77778,1311.6,1.0963,9.88889,3.85185,1.44444,1.0,4.11111,7.55556,2.03704,10.24444,D85_6
335.94444,21.44444,225.26667,66.17037,241.04444,53.77778,1.19259,1.99259,8.44444,1280.26667,1.0963,14.11111,4.96296,1.55556,2.66667,2.88889,4.66667,3.14815,21.02222,D85_7
277.05556,17.11111,191.37778,81.38519,220.37778,86.55556,1.0,1.0,8.44444,1221.93333,1.0963,14.44444,3.85185,1.55556,1.0,2.11111,1.0,3.0,16.13333,D85_8
371.5,21.44444,223.15556,66.17778,262.15556,35.22222,1.0963,6.08148,9.11111,1180.04444,1.0,14.77778,7.37778,1.66667,1.0,5.22222,7.66667,2.51852,15.57778,D85_9
285.58889,726.55556,145.23333,48.15556,232.76667,409.8,1.0,6.43333,27.73333,3683.54444,1.42963,18.9,12.11111,2.66667,1.0,3.77778,30.53333,1.96667,9.33333,D86_0
289.03333,71.66667,166.9,50.35556,240.54444,455.02222,1.22222,1.0,26.51111,3269.1,1.21481,24.12222,8.44444,1.77778,1.0,5.66667,17.06667,3.07778,14.77778,D86_1
244.92222,63.55556,120.23333,52.91111,214.87778,598.68889,1.0,2.07037,24.84444,3080.54444,1.0,13.91111,6.11111,1.66667,1.77778,6.57778,14.28889,1.05185,13.44444,D86_2
252.36667,44.33333,136.23333,26.61111,217.98889,492.02222,1.11111,8.61481,24.95556,2938.65556,1.0,15.9,7.0,2.44444,1.0,4.37778,19.82222,1.54815,14.22222,D86_3
272.81111,48.33333,161.78889,29.27778,217.54444,452.8,1.0,4.25185,23.62222,2849.76667,1.0,17.67778,9.11111,2.22222,1.0,4.66667,16.57778,1.57407,11.37037,D86_4
247.7,76.66667,161.67778,36.94444,215.98889,329.57778,1.11111,4.25185,22.4,2744.98889,1.10741,16.46667,7.11111,2.55556,1.0,3.77778,3.64444,2.43704,12.11111,D86_5
253.58889,51.44444,145.56667,15.4,241.76667,412.04444,1.11111,10.90741,20.95556,2629.43333,1.0,16.23333,6.33333,1.44444,1.0,6.95556,7.28889,3.57407,13.33333,D86_6
245.81111,51.22222,135.9,38.97778,192.43333,387.13333,1.22222,7.5037,21.28889,2603.32222,1.0,12.9,7.44444,2.66667,1.0,3.93333,13.11111,2.01852,11.44444,D86_7
247.58889,59.44444,151.78889,38.86667,207.98889,374.68889,1.0,8.76667,26.62222,2519.76667,1.21481,13.56667,7.0,2.11111,1.0,5.11111,16.0,2.77037,14.22222,D86_8
263.03333,42.33333,147.67778,74.67778,206.43333,436.46667,1.0,7.46296,22.28889,2456.1,1.0,15.67778,9.55556,2.88889,1.0,5.55556,17.57778,2.65926,36.81481,D86_9
309.9,65.35556,568.83333,67.35556,345.64444,37.44444,2.11111,12.22222,29.45556,1103.7,1.0,20.91111,5.44444,5.77778,1.0,10.33333,17.73333,2.35185,550.41111,D87_0
299.45556,33.15556,503.5,98.35556,328.31111,65.77778,1.92593,11.11111,24.67778,1030.58889,1.0,21.46667,4.44444,2.55556,1.0,9.55556,15.62222,1.9,461.18889,D87_1
301.23333,55.37778,538.38889,92.63704,367.42222,71.77778,1.62963,10.0,28.56667,941.47778,1.18519,15.6,5.66667,4.55556,3.44444,9.33333,18.62222,4.02963,533.3,D87_2
339.67778,38.91111,540.83333,30.25185,492.2,37.33333,2.33333,15.66667,25.12222,899.03333,1.38889,17.04444,2.66667,4.33333,1.77778,7.44444,16.62222,2.91481,475.85556,D87_3
345.9,72.35556,502.27778,94.08889,366.53333,35.22222,1.09259,12.22222,24.78889,825.92222,1.09259,20.26667,3.33333,3.33333,1.77778,6.0,20.51111,1.90741,427.3,D87_4
288.78889,29.04444,530.72222,54.96296,328.2,49.22222,1.92593,18.0,26.78889,805.03333,1.0,16.57778,3.77778,2.66667,1.0,7.55556,18.2,1.00741,507.3,D87_5
305.45556,41.22222,490.16667,79.74815,354.42222,76.22222,1.88889,13.33333,28.12222,768.47778,1.09259,17.28889,5.66667,3.77778,2.66667,9.22222,9.94444,1.00741,456.41111,D87_6
305.34444,90.71111,535.16667,53.97037,332.97778,68.22222,2.03704,13.44444,21.9,716.25556,1.0,13.04444,3.33333,3.77778,2.66667,5.0,6.15556,3.45926,427.85556,D87_7
311.12222,46.13333,475.38889,104.42222,385.42222,39.11111,2.88889,13.22222,23.9,711.03333,1.0,8.8,5.44444,4.22222,1.0,6.55556,11.94444,1.45556,508.96667,D87_8
305.9,55.02222,553.16667,94.80741,329.31111,53.33333,1.59259,14.55556,24.34444,711.03333,1.0,11.04444,1.66667,5.0,1.77778,7.66667,10.36667,2.56667,449.3,D87_9
269.06667,34.44444,112.58889,48.28889,326.42222,100.55556,1.0,4.0963,12.31111,1774.61111,1.0,23.93333,5.46667,1.22222,1.0,2.0,1.88889,3.21481,42.17778,D88_0
271.4,18.33333,111.14444,38.45926,348.86667,86.44444,1.1037,4.0963,11.97778,1632.72222,1.0,31.35556,7.84444,1.33333,1.0,3.77778,1.0,3.54815,36.62222,D88_1
296.73333,18.22222,127.81111,79.79259,373.31111,61.88889,1.21481,3.97778,15.64444,1517.61111,1.22222,19.13333,8.0,1.22222,1.0,4.0,8.77778,3.6,42.84444,D88_2
256.95556,25.22222,100.47778,51.23704,307.53333,66.33333,1.32593,3.97778,9.86667,1454.16667,1.0,28.68889,15.6,1.66667,1.0,5.33333,5.66667,2.82963,46.73333,D88_3
289.84444,27.0,114.47778,43.85185,364.31111,39.44444,1.42963,1.99259,10.86667,1339.27778,1.0,22.93333,10.57778,1.44444,1.71852,5.11111,6.55556,6.90741,49.06667,D88_4
262.17778,24.33333,85.03333,59.01481,313.86667,47.77778,1.1037,5.08889,7.2,1297.5,1.0,15.93333,8.28889,1.0,1.0,1.77778,2.77778,3.99259,28.4,D88_5
257.17778,27.22222,110.47778,51.37778,343.31111,119.22222,1.1037,1.0,11.64444,1245.16667,1.0,32.73333,4.31111,1.33333,1.0,4.33333,5.66667,4.46296,30.95556,D88_6
327.17778,17.33333,105.81111,69.34815,430.97778,41.33333,1.0,2.98519,11.2,1202.5,1.22222,21.37778,16.24444,1.55556,2.43704,1.66667,6.66667,5.84815,45.73333,D88_7
312.06667,27.33333,101.36667,35.79259,411.97778,145.88889,1.1037,4.0963,17.31111,1197.27778,1.0,17.68889,6.33333,1.88889,2.43704,4.22222,1.0,4.21481,43.4,D88_8
303.06667,22.33333,82.58889,77.01481,361.86667,74.22222,1.1037,7.31111,17.97778,1118.94444,1.0,12.37778,1.57778,1.33333,1.71852,4.44444,9.66667,2.3,33.73333,D88_9
251.74444,11.33333,153.35556,64.49259,257.42222,123.44444,1.0963,11.62222,19.1,1687.96667,1.11111,4.66667,3.66667,1.11111,2.55556,5.55556,9.66667,1.64444,16.86667,D89_0
259.74444,24.11111,147.13333,39.22963,236.97778,37.11111,1.0963,11.81481,16.98889,1567.41111,1.0,5.55556,2.66667,2.66667,1.0,4.11111,23.33333,1.3,22.75556,D89_1
227.18889,13.77778,148.35556,46.38148,228.42222,55.88889,1.0963,5.28148,19.87778,1493.74444,1.0,6.33333,2.77778,2.11111,1.0,6.88889,22.55556,1.2,15.31111,D89_2
266.18889,27.66667,150.57778,45.75556,241.75556,51.66667,1.19259,12.00741,15.87778,1388.85556,1.0,2.55556,1.66667,1.88889,1.77778,8.66667,10.44444,2.28889,19.97778,D89_3
252.07778,20.55556,212.13333,22.01852,250.97778,66.0,1.0,2.02963,15.76667,1305.3,1.0,4.77778,1.66667,1.44444,1.77778,10.0,3.77778,1.74444,12.08889,D89_4
242.85556,60.77778,148.68889,41.27037,233.42222,96.55556,1.19259,10.7037,16.21111,1263.41111,1.0,4.55556,3.11111,1.44444,1.0,9.44444,8.55556,2.75556,16.86667,D89_5
230.74444,14.44444,125.02222,57.22963,240.53333,47.44444,1.60741,5.2,13.87778,1194.63333,1.0,5.33333,2.0,1.77778,1.0,5.33333,13.22222,2.28889,13.53333,D89_6
237.3,27.44444,147.13333,119.74444,230.31111,131.88889,1.0963,7.34074,18.65556,1194.63333,1.11111,6.44444,2.66667,1.44444,1.0,6.11111,6.66667,2.38889,15.77037,D89_7
221.41111,34.66667,127.35556,59.78519,197.64444,49.55556,1.4963,8.37037,16.98889,1137.18889,1.0,3.55556,2.33333,1.55556,1.0,4.22222,22.11111,2.75556,19.31111,D89_8
226.07778,13.55556,138.8,54.04815,226.31111,76.11111,1.0,8.45185,17.1,1100.63333,1.0,6.22222,1.66667,1.66667,1.0,6.77778,16.33333,1.87778,13.42222,D89_9
862.18889,70.44444,272.03333,45.06667,1911.8,380.33333,1.0,4.33333,19.2,3031.01111,1.44444,44.11111,81.4,6.11111,1.0,2.17778,13.66667,22.05556,396.93333,D9_0
557.18889,54.55556,274.36667,27.55556,1227.24444,41.55556,1.20741,12.11111,16.31111,2721.78889,1.66667,36.77778,79.87407,4.66667,1.0,3.31111,8.77778,19.81481,274.15556,D9_1
457.74444,42.44444,222.58889,38.46667,985.13333,45.44444,1.1037,9.88889,16.64444,2444.01111,1.55556,33.44444,78.31852,4.22222,1.71852,5.44444,12.66667,19.03704,212.04444,D9_2
500.85556,49.22222,256.58889,27.55556,1118.35556,67.88889,1.42963,6.55556,18.64444,2302.23333,2.88889,27.55556,33.26667,3.22222,1.0,10.51111,6.26667,13.35185,367.15556,D9_3
673.18889,56.55556,252.14444,92.2,1419.13333,179.0,1.0,4.33333,23.86667,2134.78889,2.11111,34.77778,43.17778,4.22222,1.0,6.13333,8.77778,21.03704,315.71111,D9_4
443.63333,24.33333,190.58889,55.28889,945.8,92.55556,1.53333,4.33333,17.4,2055.78889,1.11111,25.44444,20.0963,3.55556,1.0,5.37778,2.75556,6.46296,276.37778,D9_5
357.63333,29.22222,189.14444,48.8,837.91111,102.88889,1.0,2.11111,11.73333,1977.45556,1.77778,18.33333,19.28889,3.77778,1.0,2.86667,3.51111,5.7037,275.04444,D9_6
425.3,48.22222,226.36667,57.95556,935.57778,66.0,1.1037,4.33333,20.42222,1920.01111,1.77778,28.44444,13.42963,2.55556,1.0,9.73333,2.51111,7.01852,363.71111,D9_7
330.18889,31.11111,224.36667,71.31111,841.35556,51.66667,1.1037,1.0,12.2,1862.34444,1.11111,19.88889,6.82222,3.77778,1.0,7.88889,7.02222,18.12963,279.82222,D9_8
411.85556,46.55556,225.81111,28.82222,935.24444,91.22222,1.0,2.11111,16.42222,1809.34444,1.88889,19.33333,7.65185,2.55556,1.0,8.71111,3.75556,17.55556,482.71111,D9_9
250.8,33.33333,93.94444,52.09259,324.87778,304.11111,1.0,4.33333,11.38889,739.75556,1.0,14.98889,6.11111,1.11111,1.0,4.77778,3.77778,3.0,18.13333,D90_0
217.8,39.44444,90.94444,52.04444,282.21111,285.66667,1.0,3.22222,10.33333,645.08889,1.0,11.06667,4.77778,1.0,1.0,4.0,3.77778,1.88889,14.51111,D90_1
231.46667,36.33333,85.27778,59.61481,290.98889,110.88889,1.0,3.22222,9.27778,608.2,1.0,6.54444,3.77778,1.11111,3.44444,1.66667,2.88889,2.33333,20.8,D90_2
204.35556,23.66667,73.16667,69.94815,262.32222,107.22222,1.0,6.55556,6.16667,535.08889,1.0,9.87778,1.66667,1.11111,1.0,2.44444,5.77778,2.88889,13.06667,D90_3
234.13333,16.44444,93.05556,54.39259,295.1,166.44444,1.11111,8.77778,8.94444,529.86667,1.11111,11.32222,3.44444,1.0,1.0,3.11111,6.66667,2.55556,14.46667,D90_4
256.13333,23.44444,102.5,54.5037,313.65556,125.33333,1.0,5.44444,9.27778,508.97778,1.0,6.65556,3.66667,1.11111,2.66667,2.33333,4.77778,1.22222,17.51111,D90_5
231.24444,17.44444,91.05556,41.71111,279.21111,150.22222,1.0,8.77778,10.5,467.2,1.0,5.61111,3.33333,1.0,1.0,3.22222,2.77778,2.44444,11.46667,D90_6
254.35556,5.77778,72.38889,51.88519,270.54444,41.44444,1.0,2.11111,7.88889,435.86667,1.0,5.83333,1.0,1.11111,1.0,2.55556,1.88889,2.33333,8.28889,D90_7
233.35556,14.77778,91.27778,62.17037,312.32222,277.55556,1.0,4.33333,9.5,435.86667,1.0,9.95556,2.66667,1.11111,2.66667,4.11111,3.77778,2.22222,11.46667,D90_8
236.24444,20.44444,83.61111,18.74444,293.43333,45.44444,1.11111,3.22222,8.16667,435.86667,1.0,5.16667,3.0,1.0,1.77778,3.33333,3.77778,1.33333,14.24444,D90_9
599.46667,37.33333,309.08889,15.59259,709.61111,856.44444,1.1037,5.08889,16.15556,3007.6,1.0,12.44444,9.9037,2.28148,1.0,2.55556,11.93333,1.16296,48.42222,D91_0
570.46667,53.55556,299.86667,49.40741,685.83333,1360.44444,1.0,5.08889,14.15556,2593.26667,1.0,11.44444,6.1037,2.08148,1.71852,2.11111,8.85556,1.94074,44.42222,D91_1
531.46667,45.44444,264.42222,41.11111,596.5,838.22222,1.1037,3.1037,12.71111,2299.82222,1.0,9.44444,7.9037,4.05926,1.71852,2.44444,10.62222,2.88148,40.86667,D91_2
466.46667,49.33333,224.75556,49.2963,553.05556,1012.88889,1.1037,4.0963,12.37778,2105.6,1.1037,12.33333,12.68148,1.32593,3.32593,2.88889,8.62222,2.46667,26.75556,D91_3
396.68889,37.33333,192.42222,53.74074,513.38889,885.33333,1.20741,4.0963,11.93333,1959.26667,1.0,13.77778,7.85185,1.20741,1.71852,2.44444,9.93333,3.32593,21.42222,D91_4
349.46667,63.44444,166.2,40.7037,497.5,741.55556,1.0,7.19259,9.37778,1812.15556,1.0,12.22222,9.42963,1.74815,1.0,2.55556,1.0,3.93333,21.31111,D91_5
395.02222,41.55556,194.75556,51.85185,539.05556,887.77778,1.0,3.97778,9.48889,1728.6,1.0,9.77778,12.45926,1.74074,2.43704,2.0,5.27778,4.15556,20.08889,D91_6
433.57778,39.33333,200.86667,51.59259,554.72222,583.66667,1.0,4.0963,10.71111,1654.6,1.0,11.66667,8.01481,2.51111,1.0,2.11111,8.85556,6.15556,21.31111,D91_7
432.02222,46.44444,179.64444,38.14815,536.83333,862.88889,1.1037,6.2,8.48889,1576.15556,1.0,6.33333,5.48889,1.97778,1.0,2.55556,1.0,4.68148,18.53333,D91_8
409.57778,54.22222,186.75556,49.03704,554.27778,719.11111,1.20741,4.0963,10.82222,1529.15556,1.0,8.44444,10.62222,1.41481,1.71852,6.11111,7.62222,2.54815,20.64444,D91_9
470.7,37.33333,349.44444,66.77778,628.23333,14.38889,1.42222,3.06296,49.82222,6547.98889,2.51111,7.11111,7.0,5.82222,1.0,20.33333,10.24444,4.61111,47.88889,D92_0
454.36667,29.22222,376.33333,45.94444,597.56667,52.44444,1.41481,8.25185,48.48889,5425.32222,1.96296,11.44444,3.44444,5.71111,1.0,14.77778,10.35556,5.5,42.88889,D92_1
557.36667,15.44444,300.33333,14.72222,497.12222,148.7963,1.63704,9.25185,51.82222,4685.65556,1.62222,15.77778,3.77778,4.94074,1.0,15.77778,8.94444,3.38889,57.0,D92_2
425.47778,23.44444,280.66667,33.11111,520.9,42.11111,1.0,1.95185,48.26667,4213.87778,2.28889,10.44444,3.88889,5.48889,1.77778,16.33333,15.24444,2.31111,55.44444,D92_3
431.58889,31.11111,275.22222,27.33333,534.67778,58.98148,1.21481,8.14074,48.6,3961.87778,2.63704,14.11111,7.88889,6.94074,1.0,5.88889,9.94444,1.65556,54.88889,D92_4
426.36667,42.22222,277.77778,6.77778,504.12222,40.53704,1.1037,3.06296,48.82222,3736.65556,2.84444,17.33333,4.0,5.60741,1.0,2.55556,4.35556,3.38889,48.11111,D92_5
429.03333,29.22222,298.33333,38.16667,551.12222,42.22222,1.1037,5.3963,56.26667,3600.1,1.97778,17.55556,5.55556,4.71852,1.0,7.44444,16.01111,2.52222,68.22222,D92_6
403.81111,18.22222,258.88889,22.05556,544.67778,18.5,1.1037,9.09259,46.15556,3500.87778,1.52593,20.88889,6.88889,3.94815,1.0,5.66667,8.94444,3.17778,54.55556,D92_7
418.25556,21.22222,299.66667,25.0,489.01111,58.98148,1.20741,11.26667,50.93333,3416.54444,1.85185,13.66667,3.66667,4.71852,1.77778,2.88889,9.35556,3.3,42.55556,D92_8
455.81111,20.22222,266.0,25.44444,539.12222,20.18519,1.31111,7.45926,56.15556,3332.76667,1.74815,8.22222,4.44444,3.94815,1.0,4.88889,5.35556,4.83333,71.22222,D92_9
402.47778,57.35556,219.61111,52.46667,510.61111,392.44444,1.0,10.51111,22.65556,2665.08889,1.11111,53.15556,4.33333,1.11111,1.0,9.91852,33.88889,2.12222,57.82222,D93_0
372.81111,74.24444,228.61111,45.5,470.83333,439.66667,1.33333,7.42222,25.32222,2481.86667,1.11111,61.6,9.66667,1.44444,1.0,5.86667,48.24444,2.41481,56.6,D93_1
348.58889,46.73333,267.27778,52.46667,431.83333,392.44444,1.11111,7.53333,32.98889,2324.53333,1.11111,38.2,10.55556,1.77778,1.0,8.36296,55.02222,2.78889,47.48889,D93_2
370.03333,68.73333,216.72222,47.24444,443.5,462.22222,1.22222,11.73333,24.76667,2251.42222,1.0,35.82222,4.66667,1.22222,1.0,6.31111,24.71111,3.97037,59.71111,D93_3
367.81111,71.6,256.38889,37.83333,463.27778,312.44444,1.11111,8.45185,22.87778,2187.75556,1.0,46.37778,7.55556,2.77778,1.0,10.80741,28.71111,3.16296,44.93333,D93_4
349.14444,94.95556,225.61111,55.13333,407.05556,554.55556,1.0,8.45185,26.1,2130.31111,1.11111,34.37778,45.66667,2.0,1.0,6.02963,60.08889,1.74815,62.15556,D93_5
329.81111,89.68889,202.61111,104.03333,419.94444,310.11111,1.0,9.48148,31.65556,2041.53333,1.11111,28.37778,8.22222,2.22222,1.0,5.31111,53.2,1.74815,52.26667,D93_6
331.7,45.26667,191.27778,68.03333,420.27778,519.66667,1.11111,5.2,32.87778,1957.86667,1.0,42.37778,6.33333,1.33333,2.55556,10.25185,62.37778,1.0,46.37778,D93_7
381.58889,125.04444,243.05556,30.16667,448.72222,616.33333,1.0,10.78519,20.76667,1904.75556,1.0,35.15556,6.33333,1.88889,1.0,4.25926,50.13333,7.60741,56.6,D93_8
319.25556,54.02222,221.05556,45.5,397.38889,486.88889,1.22222,3.05926,27.32222,1842.08889,1.0,40.6,7.33333,2.33333,1.0,10.19259,20.24444,8.68889,47.26667,D93_9
402.04444,50.44444,279.84444,33.09259,528.91111,705.57778,1.0,6.08148,37.57778,2451.87778,1.0,20.71111,11.11111,3.44444,1.0,4.11111,11.44444,2.15556,34.11111,D94_0
387.48889,99.88889,284.06667,33.88889,486.13333,666.57778,1.33333,10.63704,30.91111,2132.21111,1.0963,24.37778,12.77778,3.77778,1.0,4.33333,4.77778,3.73333,27.0,D94_1
333.93333,58.66667,252.84444,68.24074,433.68889,284.35556,1.0,1.0,32.91111,1959.21111,1.31852,20.08889,8.66667,3.88889,1.0,5.11111,4.77778,3.02222,37.55556,D94_2
326.71111,32.22222,231.84444,71.37037,374.68889,216.57778,1.22222,8.3037,30.24444,1838.43333,1.0963,43.48889,11.33333,2.22222,1.0,4.88889,12.44444,2.68889,36.0,D94_3
292.71111,34.11111,217.17778,76.7037,302.91111,266.02222,1.11111,3.97778,30.02222,1680.98889,1.51111,34.93333,13.66667,2.55556,2.37778,5.88889,9.66667,2.68889,36.22222,D94_4
239.6,76.55556,200.28889,16.96296,293.8,461.13333,1.33333,7.42222,27.02222,1539.76667,1.0,50.48889,7.77778,2.66667,1.0,4.44444,5.66667,3.62222,24.11111,D94_5
248.37778,32.33333,197.51111,15.2037,324.8,498.37778,1.22222,7.42222,31.35556,1434.32222,1.0963,25.97778,6.55556,2.11111,1.68889,5.33333,5.66667,3.71111,21.22222,D94_6
268.71111,39.11111,209.06667,46.77778,312.02222,148.8,1.11111,5.08889,31.24444,1324.65556,1.3037,31.46667,9.55556,2.77778,1.0,4.88889,2.88889,1.62222,25.88889,D94_7
260.6,51.44444,204.51111,20.31481,288.57778,660.24444,1.22222,9.40741,24.46667,1267.1,1.3037,37.42222,8.77778,2.0,1.0,4.11111,4.55556,1.53333,29.44444,D94_8
274.37778,29.11111,189.95556,47.46296,316.13333,327.57778,1.33333,9.64444,30.35556,1151.32222,1.28889,31.93333,7.0,2.11111,1.0,1.33333,4.66667,1.53333,29.0,D94_9
321.51111,83.77778,311.44444,6.41852,576.04444,2127.0,1.0,5.84444,62.04444,1478.41111,1.77778,8.0,7.76296,1.44444,1.0,11.2963,2.88889,1.25185,42.82222,D95_0
305.62222,84.88889,341.55556,7.42593,512.37778,2498.88889,1.0,1.0,65.04444,1326.74444,1.44444,7.88889,5.37778,2.11111,1.0,3.99259,1.88889,3.40741,24.37778,D95_1
296.17778,92.66667,221.77778,29.87407,493.15556,1025.44444,1.0,12.78519,42.93333,1258.41111,1.44444,5.77778,3.05185,1.33333,1.0,5.04444,3.77778,2.26667,19.37778,D95_2
280.84444,59.33333,261.77778,23.53333,512.82222,963.44444,1.0,8.7037,50.04444,1179.52222,1.77778,9.33333,6.23704,1.77778,1.0,10.2963,4.66667,2.26667,42.93333,D95_3
313.06667,76.55556,294.77778,27.98148,523.71111,811.44444,1.2,10.27407,45.71111,1127.3,1.88889,4.88889,3.62963,2.88889,1.0,6.91111,1.0,2.85185,47.71111,D95_4
240.4,46.22222,221.22222,27.87037,421.93333,538.22222,1.0,1.87407,42.82222,1059.41111,1.55556,7.55556,9.37778,1.33333,1.77778,8.51852,7.77778,1.12593,44.48889,D95_5
306.4,79.77778,231.55556,28.75556,508.37778,1023.0,1.2,5.84444,37.71111,1033.3,1.66667,14.44444,6.01481,1.88889,1.0,6.62963,8.66667,2.26667,31.82222,D95_6
313.4,51.33333,217.22222,34.64074,511.26667,735.44444,1.0,3.85926,45.82222,970.3,1.44444,8.11111,4.43704,1.77778,2.66667,7.91111,1.88889,1.57037,40.48889,D95_7
362.62222,82.77778,256.44444,19.54074,640.93333,988.0,1.1,9.57778,49.04444,938.3,1.22222,7.0,6.79259,1.77778,1.0,4.54815,2.88889,1.25185,37.93333,D95_8
309.28889,53.33333,201.55556,45.63704,504.6,786.88889,1.0,3.85926,40.37778,938.3,1.0,5.66667,4.2963,1.22222,2.66667,3.85185,6.66667,1.12593,13.82963,D95_9
252.92222,28.13333,211.87778,29.2,313.43333,253.05556,1.0,1.0,42.24444,1282.0,1.0,8.88889,5.85185,3.08148,1.0,6.55556,1.0,2.07778,66.67778,D96_0
315.03333,27.7,208.43333,70.28889,339.87778,164.92593,1.0,4.08889,42.02222,1124.55556,1.0,10.0,6.20741,4.85926,1.0,7.77778,1.88889,2.43704,74.9,D96_1
327.36667,26.7,205.65556,34.83333,344.65556,201.81481,1.0,7.25926,39.8,1072.33333,1.11111,4.88889,3.85185,3.52963,1.0,4.44444,1.88889,2.07778,65.78889,D96_2
306.14444,21.98889,204.76667,64.32222,341.43333,136.03704,1.10741,2.02963,35.8,1067.11111,1.0,11.11111,3.35556,4.86296,2.66667,5.0,3.77778,1.35926,51.56667,D96_3
257.03333,38.84444,186.43333,65.06667,286.76667,294.05556,1.0,6.22963,42.68889,1004.44444,1.0,10.44444,6.01481,2.64074,1.0,7.44444,2.77778,2.38519,67.67778,D96_4
267.47778,31.95556,204.98889,53.68889,303.76667,226.05556,1.0,4.17037,39.46667,978.33333,1.0,12.55556,3.82222,1.86667,1.77778,6.88889,1.0,1.35926,53.45556,D96_5
260.7,40.17778,172.43333,43.87778,287.32222,310.38889,1.10741,4.17037,35.68889,941.77778,1.0,8.88889,4.93333,1.97778,1.0,6.44444,2.77778,2.43704,55.01111,D96_6
256.47778,29.95556,185.65556,38.13333,298.54444,244.72222,1.0,7.34074,40.35556,888.66667,1.0,10.88889,3.35556,2.2,1.0,8.0,3.77778,1.71852,57.9,D96_7
346.14444,30.84444,237.43333,67.62222,432.1,271.38889,1.0,1.0,35.46667,883.33333,1.0,10.66667,4.76296,4.31481,1.0,6.66667,2.88889,1.35926,57.45556,D96_8
248.7,33.95556,178.43333,61.87778,261.1,164.5,1.10741,4.17037,37.24444,857.22222,1.11111,8.88889,3.18519,3.52963,1.0,5.55556,1.0,1.0,62.01111,D96_9
117.81111,30.22222,155.15556,128.53333,392.9,42.64444,1.11111,5.07778,39.12222,3829.2,1.0,11.88889,1.0,10.44444,1.0,4.44444,9.55556,4.25926,61.97778,D97_0
113.25556,33.22222,142.48889,42.48889,416.9,40.77778,1.22222,4.08889,46.23333,3336.31111,1.0,11.33333,1.66667,12.66667,1.0,3.22222,5.55556,1.81481,59.31111,D97_1
121.58889,30.22222,154.48889,76.68889,507.67778,73.42222,1.11111,4.08889,41.67778,2995.31111,1.22222,10.77778,3.0,9.33333,1.0,2.77778,5.66667,2.81481,76.86667,D97_2
110.36667,55.44444,121.15556,50.91111,373.9,57.11111,1.33333,4.08889,39.34444,2675.64444,1.33333,8.66667,1.66667,6.66667,1.0,1.33333,8.44444,3.22222,51.53333,D97_3
116.47778,41.11111,96.15556,34.31111,364.23333,52.75556,1.44444,5.07778,36.23333,2460.53333,1.0,7.11111,3.11111,9.55556,1.0,2.77778,5.66667,4.18519,54.75556,D97_4
107.25556,41.33333,102.82222,50.37778,387.78889,28.44444,1.33333,7.17778,33.34444,2340.2,1.11111,6.88889,1.0,9.44444,1.0,5.11111,7.44444,4.37037,64.86667,D97_5
149.81111,32.11111,127.82222,53.97778,314.56667,83.75556,1.33333,6.42222,41.67778,2177.53333,1.11111,11.77778,3.44444,7.33333,1.0,8.55556,4.66667,3.0,61.08889,D97_6
136.7,43.11111,131.37778,103.51111,323.01111,53.22222,1.22222,5.2,34.9,2072.86667,1.33333,14.66667,3.11111,5.88889,1.0,9.0,7.33333,2.77778,68.53333,D97_7
123.25556,36.22222,129.48889,111.51111,344.78889,65.2,1.11111,8.52222,31.12222,1894.42222,1.0,10.11111,3.0,6.11111,1.77778,9.66667,4.66667,3.77778,52.53333,D97_8
117.7,27.33333,92.6,52.93333,236.9,46.64444,1.0,6.42222,24.67778,1810.75556,1.11111,10.11111,3.0,6.22222,1.0,4.66667,6.55556,4.18519,43.31111,D97_9
240.41111,26.33333,148.92222,20.23704,176.21111,59.77778,1.31111,3.22222,33.7,2067.72222,1.22222,12.88889,3.44444,1.88889,1.0,2.11111,41.22222,2.65926,42.55556,D98_0
234.52222,33.33333,128.14444,17.2963,167.65556,148.22222,1.0,6.55556,17.7,1810.83333,1.0,7.77778,2.33333,1.77778,2.66667,4.66667,9.44444,1.60741,28.44444,D98_1
227.85556,31.11111,115.03333,9.82222,190.65556,53.66667,1.0,5.44444,27.25556,1663.5,1.0,12.11111,4.77778,1.44444,2.66667,4.22222,41.33333,6.74074,32.77778,D98_2
237.96667,38.33333,147.47778,32.74074,201.43333,76.0,1.1,3.22222,51.14444,1585.16667,1.11111,13.88889,5.66667,2.55556,1.0,2.88889,173.55556,5.45926,39.44444,D98_3
249.63333,28.11111,159.03333,4.32593,174.54444,78.44444,1.3,2.11111,22.36667,1511.61111,1.0,15.77778,2.0,1.66667,1.0,7.0,3.77778,1.60741,54.33333,D98_4
255.41111,20.11111,149.81111,24.96296,181.1,105.11111,1.0,8.77778,24.25556,1432.72222,1.0,13.55556,2.77778,1.88889,1.0,3.55556,81.66667,3.6,41.22222,D98_5
267.85556,24.22222,158.7,40.68148,178.21111,100.55556,1.1,3.22222,45.7,1364.83333,1.0,17.33333,3.44444,2.22222,1.0,5.11111,12.66667,5.74074,37.33333,D98_6
201.96667,13.44444,122.92222,16.91111,145.76667,35.11111,1.0,3.22222,28.14444,1302.16667,1.0,11.44444,1.66667,1.22222,1.0,4.33333,5.66667,2.71852,37.44444,D98_7
220.52222,22.55556,133.47778,25.15556,182.21111,70.11111,1.0,5.44444,32.7,1260.05556,1.0,11.66667,4.0,2.22222,1.77778,4.0,56.88889,4.71111,36.77778,D98_8
196.07778,22.33333,143.58889,46.0963,217.98889,31.22222,1.0,5.44444,14.81111,1207.16667,1.11111,12.11111,1.66667,1.33333,1.0,4.0,9.66667,3.93333,32.0,D98_9
425.1,88.88889,641.96667,90.67778,554.33333,121.62222,1.11111,12.0,49.25556,1717.76667,1.0,251.33333,11.66667,4.66667,1.0,9.66667,5.55556,3.2037,130.77778,D99_0
385.87778,77.66667,637.3,92.88519,521.88889,151.02222,1.44444,8.92593,52.03333,1612.87778,1.19259,221.44444,7.66667,5.77778,1.0,11.22222,6.77778,2.23704,124.22222,D99_1
412.54444,97.88889,588.85556,106.05926,541.22222,251.57778,1.22222,6.7037,49.47778,1565.87778,1.0963,197.66667,5.55556,6.44444,1.0,10.22222,2.88889,3.64815,115.44444,D99_2
387.54444,121.0,584.52222,72.32963,497.66667,177.17778,1.11111,7.81481,40.47778,1492.1,1.0963,232.55556,7.0,7.44444,1.0,15.77778,4.66667,1.52222,116.22222,D99_3
342.32222,79.66667,502.96667,129.56667,450.44444,95.06667,1.22222,8.68519,37.81111,1439.54444,1.0,163.55556,5.55556,4.77778,1.0,4.88889,6.66667,3.09259,110.22222,D99_4
411.87778,102.0,597.96667,121.78889,568.22222,230.51111,1.0,4.72222,54.03333,1397.76667,1.0963,217.11111,6.11111,5.55556,1.0,11.22222,6.66667,1.79259,109.22222,D99_5
397.87778,91.66667,546.3,75.23333,538.66667,125.73333,1.33333,11.64815,48.14444,1350.76667,1.0963,186.44444,7.0,7.0,1.0,2.11111,3.77778,3.61481,86.33333,D99_6
364.98889,78.66667,500.52222,137.34444,505.11111,117.51111,1.22222,6.7037,38.7,1303.76667,1.0963,197.88889,5.55556,6.66667,1.0,5.11111,13.44444,3.18889,100.55556,D99_7
336.98889,48.33333,475.41111,67.39259,452.0,140.06667,1.22222,5.83333,44.14444,1293.32222,1.0,158.33333,8.22222,4.44444,1.0,7.11111,13.22222,1.96667,78.55556,D99_8
390.32222,59.44444,545.18889,60.01111,538.77778,91.35556,1.0,3.85185,50.03333,1240.87778,1.0963,167.66667,10.0,3.0,1.0,7.22222,15.22222,3.6963,94.22222,D99_9
762.64444,44.91111,69.84444,66.47778,891.91111,22.88889,1.0,4.72222,11.71111,5172.46667,1.0,20.1,14.1037,6.68889,1.0,9.66667,3.64444,2.4,27.4,E1_0
771.64444,41.51111,72.73333,29.72222,866.46667,63.88889,1.0,4.72222,6.71111,4962.91111,1.1037,18.43333,14.65926,6.57778,1.0,8.77778,2.64444,8.26667,27.06667,E1_1
742.08889,48.97778,71.4,32.27778,873.68889,131.88889,1.0,4.96296,11.93333,4800.24444,1.20741,23.76667,16.8963,7.13333,2.66667,18.11111,1.0,3.06667,31.28889,E1_2
755.64444,38.51111,92.62222,47.57778,912.68889,110.77778,1.0,2.74074,11.04444,4695.46667,1.0,26.87778,16.86667,7.68889,1.0,10.55556,3.64444,5.75556,27.73333,E1_3
692.75556,36.8,54.17778,11.07778,782.57778,140.22222,1.0963,5.59259,10.93333,4590.02222,1.42963,28.65556,10.73333,7.34444,1.77778,7.0,4.64444,2.73333,24.51111,E1_4
671.64444,37.44444,58.51111,34.83333,762.13333,39.44444,1.41481,1.0,8.48889,4496.02222,1.65185,40.1,10.34074,7.01111,3.44444,7.22222,2.64444,2.6,23.73333,E1_5
717.97778,40.8,61.95556,28.06667,798.68889,156.33333,1.0963,3.85185,8.82222,4327.91111,1.20741,27.1,20.31111,6.13333,1.0,9.11111,1.82222,4.86667,28.06667,E1_6
756.75556,44.51111,128.62222,9.42222,923.8,98.88889,1.0,5.83333,11.15556,4213.02222,1.20741,32.43333,19.24444,7.91111,1.0,14.88889,6.64444,3.4,37.62222,E1_7
642.86667,35.8,51.17778,7.76667,673.46667,182.88889,1.0963,2.74074,9.48889,4118.02222,1.20741,20.08889,11.88148,4.35556,1.77778,4.11111,4.64444,2.66667,17.73333,E1_8
687.86667,45.51111,61.06667,28.06667,815.68889,244.66667,1.0963,6.7037,10.71111,4008.35556,1.0,28.54444,13.21481,5.01111,1.0,10.44444,1.0,5.08889,30.73333,E1_9
111.56667,242.01111,82.7,49.74444,614.55556,218.57778,1.1,3.84444,45.14444,2046.2,14.43704,73.04444,270.28889,1.73333,1.0,4.43704,1.0,17.74074,10.0,E10_0
163.9,241.01111,92.81111,44.52222,834.33333,418.26667,1.0,4.00741,43.81111,1899.2,13.2,89.93333,269.84444,2.0,1.68889,10.06667,2.88889,18.07407,13.0,E10_1
154.34444,316.9,112.58889,34.53333,372.77778,534.91111,1.0,4.00741,54.36667,1778.86667,15.53333,78.93333,285.28889,2.13333,1.0,10.73333,9.44444,20.96296,14.33333,E10_2
117.9,414.67778,154.36667,18.4,297.11111,643.91111,1.0,1.0,46.58889,1731.86667,15.42222,65.93333,248.06667,1.17778,1.0,8.68148,4.77778,25.77778,9.55556,E10_3
162.34444,306.67778,95.36667,28.15556,421.22222,460.91111,1.0,8.23704,51.36667,1678.86667,17.08889,85.37778,308.06667,2.53333,2.57778,10.68148,4.66667,25.66667,12.0,E10_4
118.56667,272.23333,94.7,75.75556,348.44444,370.68889,1.2,1.94815,50.14444,1636.86667,17.75556,74.15556,280.62222,1.51111,1.68889,11.01481,6.55556,20.88889,11.33333,E10_5
122.34444,287.56667,100.25556,62.63333,336.55556,407.82222,1.0,3.05926,54.36667,1579.42222,16.42222,79.48889,301.95556,2.44444,2.57778,11.26667,3.77778,18.85185,11.22222,E10_6
195.67778,558.23333,90.81111,36.4,581.0,1404.37778,1.0,7.01481,54.81111,1574.2,14.64444,82.15556,281.06667,1.35556,1.0,10.9037,3.66667,19.66667,13.22222,E10_7
92.01111,331.9,75.81111,36.4,253.88889,245.24444,1.0,5.11852,46.14444,1527.2,13.31111,47.48889,235.95556,1.08889,3.06667,7.82222,2.88889,17.11111,5.11111,E10_8
103.23333,336.12222,91.58889,34.18889,364.88889,241.13333,1.0,7.8,52.7,1479.2,17.31111,56.15556,271.06667,1.48889,1.0,7.68148,3.77778,22.0,13.0,E10_9
500.98889,278.66667,95.24444,91.44444,1320.62222,123.44444,1.0,3.54815,64.63333,3451.23333,2.39259,43.18889,33.17778,3.33333,1.0,11.73333,1.88889,94.24444,30.31111,E11_0
438.54444,218.88889,88.35556,50.88889,1199.06667,90.44444,1.21481,2.43704,84.52222,3199.34444,2.05926,35.18889,37.4,1.77778,1.77778,10.15556,2.88889,90.68889,19.97778,E11_1
571.32222,404.77778,115.46667,50.22222,1551.28889,248.55556,1.1037,4.26667,75.63333,3058.01111,1.65185,54.07778,27.17778,3.0,1.0,12.04444,7.55556,108.8,29.2,E11_2
517.32222,296.55556,95.02222,43.85185,1368.28889,265.0,1.0,1.71852,76.74444,2931.78889,1.63704,44.3,34.62222,2.55556,1.77778,12.08889,8.55556,132.91111,28.2,E11_3
523.21111,257.33333,139.35556,41.2963,1397.17778,349.22222,1.0,4.26667,79.96667,2858.67778,1.75556,49.96667,36.06667,2.55556,1.0,10.2,5.66667,105.02222,27.53333,E11_4
504.65556,231.22222,95.57778,26.51852,1324.51111,74.33333,1.0,2.43704,90.07778,2790.78889,1.31111,46.3,28.65185,3.0,1.0,9.71111,3.66667,99.57778,23.2,E11_5
487.87778,300.77778,93.57778,41.2963,1304.17778,246.88889,1.0,2.82963,69.85556,2722.23333,1.74074,32.63333,42.54074,2.66667,2.66667,8.06667,1.88889,100.46667,25.97778,E11_6
550.32222,205.0,146.35556,32.88889,1349.62222,170.77778,1.0,3.54815,95.18889,2674.9,1.31111,48.52222,18.17778,3.22222,1.0,7.95556,1.88889,106.46667,21.42222,E11_7
532.1,364.44444,120.68889,52.25926,1488.4,538.44444,1.20741,1.71852,74.63333,2627.9,1.42963,53.96667,19.73333,2.55556,1.0,12.28889,8.55556,95.35556,24.31111,E11_8
478.43333,223.0,103.57778,34.14815,1334.51111,162.44444,1.1037,1.71852,75.74444,2617.45556,1.20741,35.3,44.28889,1.66667,1.0,10.84444,5.55556,93.57778,30.08889,E11_9
114.96667,60.55556,73.72222,79.68889,281.58889,60.80741,1.0,12.39259,40.24444,3736.43333,5.46667,41.77778,10.5,1.33333,2.55556,12.0,6.64444,2.82222,3.92593,E12_0
111.52222,37.33333,110.94444,126.58519,298.36667,117.08148,1.11111,8.53333,41.91111,3432.32222,4.35556,51.88889,10.16667,1.33333,1.0,4.0,6.28889,5.25185,4.02222,E12_1
125.41111,32.11111,76.94444,62.14074,246.92222,42.47407,1.0,5.08889,41.24444,3301.43333,3.91111,49.66667,8.94444,1.22222,1.77778,5.0,9.46667,2.42222,5.1037,E12_2
135.3,60.22222,73.05556,54.08148,398.36667,116.36296,1.11111,6.08148,29.02222,3180.43333,3.78889,25.33333,7.72222,1.33333,1.0,9.11111,3.82222,7.02963,4.34074,E12_3
125.96667,41.11111,66.5,87.91852,287.58889,124.6963,1.0,9.2963,32.91111,3086.32222,4.24444,38.88889,11.72222,1.22222,1.77778,4.77778,1.0,4.82222,3.45185,E12_4
136.74444,150.33333,103.94444,85.64444,279.7,271.75556,1.0,1.0,34.02222,2933.98889,3.46667,51.33333,10.77778,1.33333,1.0,7.66667,2.64444,11.85926,3.48148,E12_5
127.18889,282.55556,94.27778,64.24444,286.7,124.02222,1.0,6.2,33.13333,2834.65556,4.02222,43.44444,11.11111,1.22222,2.66667,8.44444,1.82222,4.48889,4.34074,E12_6
121.74444,50.33333,67.83333,100.97778,302.81111,18.68148,1.0,2.98519,37.68889,2734.98889,3.56667,38.55556,6.0,1.0,1.77778,7.11111,1.82222,7.46667,2.68889,E12_7
117.63333,67.77778,80.38889,103.75556,252.25556,400.63704,1.11111,9.64444,38.91111,2635.21111,3.02222,37.77778,7.55556,1.11111,1.0,5.66667,6.28889,9.48148,5.21481,E12_8
130.96667,98.88889,67.94444,72.58519,287.03333,63.63704,1.0,3.97778,30.68889,2624.76667,3.82222,44.33333,9.66667,1.44444,1.77778,7.11111,1.0,8.52593,7.32593,E12_9
380.44444,65.55556,66.18889,215.86667,4081.88889,780.06667,1.12593,6.31111,11.85556,14690.98889,10.55556,16.04444,8.1037,1.11111,1.0,6.77778,6.36667,12.25556,73.55556,E13_0
352.22222,85.66667,75.41111,226.08889,3668.77778,348.62222,1.06296,6.31111,11.52222,12968.76667,11.88889,18.6,9.7,1.22222,1.0,7.55556,16.94444,16.47778,28.22222,E13_1
409.33333,82.44444,50.85556,215.75556,3981.88889,297.17778,1.0,4.17037,12.07778,12042.76667,10.77778,18.37778,10.47778,1.11111,1.0,3.22222,13.15556,15.32593,88.88889,E13_2
373.22222,146.33333,71.74444,226.08889,3870.0,328.06667,1.28519,6.22963,8.07778,11203.21111,11.44444,15.75556,7.02222,1.22222,3.32593,6.0,13.15556,24.25556,28.11111,E13_3
382.55556,101.0,62.07778,179.75556,3249.33333,432.84444,1.0,7.42222,8.71111,10714.98889,8.77778,16.82222,6.72963,1.55556,1.71852,4.55556,17.83333,24.36667,21.77778,E13_4
409.0,88.88889,64.85556,218.31111,3632.0,284.84444,1.06296,3.14074,12.74444,10053.32222,8.33333,15.48889,3.64815,1.22222,2.60741,6.88889,14.83333,14.65926,53.88889,E13_5
380.11111,67.33333,62.96667,220.97778,3591.66667,126.73333,1.0,3.05926,9.52222,9649.32222,7.55556,15.93333,6.99259,1.77778,1.0,6.77778,12.62222,14.54815,107.66667,E13_6
360.22222,113.0,77.63333,148.86667,3315.33333,348.73333,1.0,3.14074,6.3,9203.32222,8.44444,20.53333,8.21481,1.55556,1.0,5.77778,11.25556,34.25556,17.0,E13_7
428.66667,105.88889,77.63333,212.51111,3645.77778,215.24444,1.0,4.17037,6.96667,8804.87778,7.0,38.04444,9.81111,1.0,1.0,17.66667,19.83333,17.50741,88.55556,E13_8
417.55556,97.77778,82.63333,192.64444,3383.11111,340.28889,1.0,3.05926,7.3,8547.21111,7.66667,20.71111,7.7,1.0,2.60741,8.22222,7.57778,20.99259,82.33333,E13_9
296.01111,383.56667,169.93333,368.31111,5237.95556,841.82222,1.1037,4.01481,31.94444,32511.17778,32.12222,165.82222,37.58889,10.56296,1.0,5.27407,3.66667,222.35556,32.48889,E14_0
297.34444,141.12222,160.82222,296.08889,5175.84444,804.93333,1.0,4.01481,26.27778,29904.17778,29.78889,152.6,48.36667,6.8963,1.0,6.71852,4.77778,168.91111,32.71111,E14_1
280.9,100.78889,153.37778,373.64444,4691.17778,796.6,1.1037,3.06296,27.05556,26875.17778,21.78889,170.04444,50.81111,5.00741,1.0,6.94815,5.66667,203.24444,27.15556,E14_2
296.23333,188.56667,133.48889,203.2,5375.4,811.04444,1.1037,1.95185,23.18519,24689.4,25.56667,134.6,35.7,3.21481,1.0,7.04444,2.77778,155.46667,31.79259,E14_3
239.01111,99.67778,137.48889,249.75556,4750.73333,915.82222,1.0,1.95185,23.5,23352.73333,22.56667,179.04444,52.47778,7.02222,1.0,5.71852,4.66667,180.35556,28.6,E14_4
258.12222,105.67778,151.48889,311.64444,4594.4,983.37778,1.0,4.01481,26.94444,21216.4,21.67778,179.82222,47.58889,10.77037,1.0,6.16296,9.55556,202.13333,28.6,E14_5
273.34444,94.78889,161.37778,291.08889,3940.62222,558.26667,1.1037,4.96667,26.83333,19817.28889,24.78889,143.82222,44.03333,10.34074,1.0,6.71852,9.55556,190.24444,27.26667,E14_6
201.45556,110.01111,125.71111,203.21481,3184.84444,975.37778,1.0,4.01481,15.05556,18809.95556,19.12222,100.82222,23.50741,1.7037,1.0,3.92593,5.77778,144.13333,23.26667,E14_7
198.9,57.34444,167.71111,156.88148,3545.62222,1012.15556,1.1037,6.07778,18.94444,18341.06667,16.45556,139.82222,42.14444,4.03704,1.0,6.39259,3.77778,160.46667,23.15556,E14_8
201.34444,107.01111,179.04444,118.32593,4111.06667,950.6,1.1037,3.06296,18.61111,17652.4,18.45556,138.37778,50.81111,4.22963,1.65926,4.92593,5.66667,159.8,25.71111,E14_9
284.38889,173.66667,90.33333,346.92222,5163.71111,1712.96296,1.0,4.25556,14.72222,29076.26667,11.42222,42.77778,11.66667,2.77778,1.68889,7.03704,3.77778,70.01111,28.0,E15_0
272.05556,281.55556,84.22222,346.81111,4965.26667,682.44444,1.19259,1.0,12.5,24995.15556,23.42222,48.22222,15.11111,3.33333,1.0,2.71111,1.0,66.23333,29.0,E15_1
262.83333,153.44444,81.55556,269.47778,4397.6,352.81481,1.0963,1.0,12.72222,21509.15556,15.86667,50.22222,16.77778,2.22222,1.0,2.26667,1.0,55.12222,17.66667,E15_2
247.16667,115.0,73.44444,261.92222,3339.26667,358.40741,1.19259,1.71481,13.05556,17986.93333,9.32593,58.55556,12.22222,1.22222,2.37778,4.14815,1.0,49.34444,20.44444,E15_3
228.72222,104.0,99.11111,179.25556,3377.71111,755.07407,1.0963,1.0,13.40741,16383.04444,10.31111,62.22222,8.33333,1.88889,1.68889,5.14815,1.0,55.23333,19.88889,E15_4
233.94444,107.88889,89.77778,107.03333,3326.26667,324.88889,1.0963,2.42963,12.5,14318.6,6.64444,56.22222,8.0,1.88889,1.0,4.86667,2.77778,44.67778,19.44444,E15_5
169.16667,89.0,105.22222,65.68889,1984.93333,709.85185,1.0963,4.65185,11.83333,12124.15556,3.86667,50.77778,11.0,2.88889,2.57778,4.86667,5.55556,43.9,19.66667,E15_6
198.5,134.33333,95.55556,64.88148,2447.04444,1572.22222,1.0,4.65185,12.72222,10023.48889,4.86667,55.66667,19.33333,3.0,1.68889,4.6963,3.77778,49.9,17.40741,E15_7
131.27778,126.11111,88.44444,66.50741,1499.15556,818.11111,1.0,4.25556,7.61111,8637.82222,3.35556,45.88889,18.77778,1.88889,1.68889,5.31852,1.0,32.23333,24.18519,E15_8
103.05556,75.66667,104.44444,219.65926,1502.71111,1404.40741,1.0,2.42963,5.51852,7803.6,2.43704,46.44444,6.22222,2.55556,1.0,8.02222,2.88889,49.78889,14.33333,E15_9
417.7,353.44444,125.13333,147.43333,3614.37778,992.15556,1.0,5.01111,14.2,12387.12222,10.35556,63.8,18.65926,6.46667,3.20741,1.93333,1.0,70.48889,37.02963,E16_0
551.7,251.33333,123.02222,134.54444,2721.37778,885.26667,1.0,3.3037,24.64444,8675.9,9.78889,35.02222,11.56296,4.78889,1.65926,2.42222,5.66667,46.02222,53.2,E16_1
779.92222,259.33333,183.24444,181.1,3294.26667,1655.93333,1.0,3.9,21.86667,7521.34444,15.12222,68.57778,21.97778,1.83333,1.0,13.6,3.77778,13.17778,43.31111,E16_2
764.47778,304.66667,165.68889,174.75556,3181.71111,1618.93333,1.0,2.19259,25.75556,7190.67778,13.12222,74.8,19.42222,2.27778,1.0,7.71111,1.88889,9.46667,37.2,E16_3
725.03333,287.66667,148.46667,181.21111,2943.37778,878.93333,1.0,2.19259,22.08889,6986.01111,13.67778,46.68889,14.86667,2.93333,1.0,10.2,1.88889,8.93333,29.53333,E16_4
515.25556,238.22222,121.24444,105.08889,2276.6,802.82222,1.11111,3.9,16.14074,6744.34444,11.01111,39.35556,10.45185,2.83333,1.0,5.0,3.77778,9.62222,41.53333,E16_5
527.25556,222.0,143.46667,107.86667,2375.04444,883.37778,1.11111,1.5963,15.53333,6576.67778,13.23333,29.91111,6.25926,1.52222,1.0,7.95556,3.77778,7.44444,41.53333,E16_6
599.03333,186.66667,137.46667,124.43333,2394.71111,922.15556,1.0,2.70741,14.64444,6414.12222,9.34444,36.68889,10.86667,2.26667,1.0,8.4,3.77778,4.57778,31.86667,E16_7
541.81111,209.88889,120.24444,93.43333,2685.71111,889.37778,1.11111,1.0,16.86667,6230.56667,11.56667,32.91111,17.08889,2.27778,1.0,9.46667,1.88889,13.91111,33.97778,E16_8
521.47778,198.77778,117.68889,125.75556,2215.93333,1053.71111,1.0,5.01111,13.86667,6042.01111,10.9,39.57778,10.97778,3.04444,1.0,4.88889,2.77778,8.75556,37.08889,E16_9
437.36667,104.06667,294.97778,168.18889,1180.43333,10.48889,1.62222,1.0,83.74444,21717.18889,3.48889,1270.9,9.74815,4.33333,2.4963,256.08889,7.02222,146.35556,56.84444,E17_0
363.7,112.4,244.42222,137.52222,951.65556,26.68889,1.31111,3.05926,76.63333,18694.63333,5.02222,1060.45556,7.85926,4.88889,1.0,199.53333,7.26667,121.68889,45.4,E17_1
326.81111,109.28889,242.08889,113.45556,911.65556,63.33333,1.0,8.45185,78.18889,17322.74444,4.37778,1014.34444,9.36296,5.0,1.0,172.42222,2.75556,109.91111,42.95556,E17_2
319.92222,127.4,239.75556,105.9,876.76667,18.46667,1.1,4.17037,71.18889,16770.96667,4.91111,992.34444,7.03704,4.77778,1.0,156.42222,4.51111,102.24444,42.06667,E17_3
342.81111,127.4,257.86667,129.74444,887.76667,19.86667,1.2,6.5037,76.96667,16329.63333,4.84444,956.9,9.52593,4.11111,1.0,161.97778,1.75556,77.24444,43.73333,E17_4
324.03333,141.51111,234.42222,106.52222,900.1,8.37778,1.1,2.02963,71.96667,15851.74444,4.71111,937.23333,8.74815,4.44444,1.0,169.31111,4.26667,105.57778,37.73333,E17_5
306.25556,128.4,216.31111,109.18889,856.98889,74.04444,1.0,3.14074,61.52222,15037.52222,2.95556,861.78889,5.64444,3.11111,1.74815,126.75556,2.75556,116.46667,28.28889,E17_6
268.7,94.06667,189.97778,76.5,745.43333,102.8,1.1,4.17037,55.96667,14538.41111,4.26667,878.01111,11.52593,2.0,1.0,146.75556,2.51111,58.91111,43.84444,E17_7
249.14444,98.28889,184.42222,129.85556,733.54444,72.04444,1.0,3.05926,50.96667,14076.3,4.91111,848.12222,3.81481,3.77778,1.0,166.42222,1.0,25.68889,43.4,E17_8
244.03333,72.24444,185.31111,119.41111,683.32222,83.15556,1.0,1.0,50.41111,13724.41111,3.4,773.78889,7.08889,4.44444,1.0,129.42222,2.51111,52.46667,31.17778,E17_9
634.66667,1844.07778,299.47778,59.43333,2075.74444,2472.27778,1.53333,4.88889,25.01111,3437.13333,1.20741,77.84444,19.43704,6.88889,3.44444,269.2,6.06667,5.96667,143.95556,E18_0
694.22222,1617.18889,391.7,59.38889,2667.07778,2530.16667,1.53333,9.33333,23.9,3227.35556,1.1037,80.51111,19.47778,11.77778,1.77778,275.86667,19.13333,7.21111,142.73333,E18_1
645.77778,1426.41111,271.81111,73.51111,1984.63333,1668.72222,1.31111,6.94444,25.23333,3054.13333,1.31111,76.51111,20.81111,9.33333,1.77778,256.08889,10.06667,6.63333,134.73333,E18_2
555.77778,3044.74444,336.14444,31.05556,2162.07778,2366.05556,1.1037,4.61111,23.12222,2891.57778,1.20741,72.73333,23.7,9.77778,1.0,286.42222,9.44444,5.41111,133.84444,E18_3
774.66667,1666.85556,343.7,56.83333,2740.63333,2217.38889,1.74815,13.16667,22.9,2818.46667,1.53333,91.4,17.81111,7.88889,1.0,301.08889,12.13333,5.97778,158.62222,E18_4
443.22222,1402.07778,504.47778,33.34444,1589.07778,2373.83333,1.1037,7.77778,24.01111,2765.91111,1.31111,64.51111,16.65926,6.22222,2.55556,262.53333,6.75556,8.32222,135.95556,E18_5
815.11111,2186.96667,323.81111,78.95556,2894.3,2493.05556,1.32593,3.77778,26.78889,2666.02222,1.20741,88.51111,27.36667,8.66667,1.0,306.08889,14.33333,4.72222,160.06667,E18_6
627.0,2016.85556,289.47778,15.45556,2095.07778,2666.16667,1.31111,5.0,21.34444,2608.57778,1.51852,77.28889,12.21481,6.33333,1.0,256.64444,109.44444,3.26667,148.4,E18_7
638.0,1612.3,272.92222,33.5,2152.41111,3029.16667,1.1037,6.83333,22.34444,2535.46667,1.31111,66.28889,19.92222,8.11111,1.0,241.42222,7.75556,5.16667,134.51111,E18_8
615.33333,2655.85556,419.7,43.72222,2240.52222,1925.5,1.1037,1.83333,24.56667,2514.57778,1.20741,69.06667,21.81111,9.22222,1.0,255.64444,14.13333,5.06667,138.84444,E18_9
2097.57778,856.91111,138.54444,5.81111,8661.75556,31.11111,1.11111,6.08889,296.66667,34318.61111,19.66667,63.13333,123.85556,12.55556,2.60741,51.0,10.33333,81.12222,62.22222,E19_0
1982.02222,692.35556,163.21111,18.81111,8398.53333,33.11111,1.22222,10.22222,190.0,32295.38889,8.22222,67.68889,26.07778,10.77778,3.38519,43.0,7.55556,86.45556,63.44444,E19_1
1873.24444,448.91111,217.54444,16.8963,7716.2,22.88889,1.33333,2.91111,144.88889,30721.38889,9.0,53.35556,12.56296,10.11111,1.0,45.0,8.66667,72.23333,61.33333,E19_2
1917.91111,648.8,171.65556,25.31481,8101.64444,48.0,1.11111,2.91111,150.11111,29942.16667,7.66667,50.91111,15.96667,7.22222,1.0,44.22222,9.44444,78.34444,56.44444,E19_3
1784.13333,516.57778,184.76667,24.67407,7383.97778,33.0,1.11111,8.42222,144.33333,28743.5,5.55556,58.57778,21.22963,9.66667,1.71852,40.88889,6.55556,78.9,65.66667,E19_4
1583.46667,513.57778,137.65556,36.4,6706.08889,22.88889,1.22222,1.95556,127.22222,27722.5,15.44444,41.71111,32.11852,7.55556,1.0,39.44444,19.33333,103.23333,44.88889,E19_5
1498.8,624.68889,105.65556,39.06667,6623.86667,17.0,1.22222,6.08889,134.0,26185.27778,25.77778,52.35556,33.45185,6.88889,1.0,36.88889,21.33333,99.23333,55.22222,E19_6
1634.13333,502.57778,125.87778,44.17778,6747.31111,23.0,1.11111,9.11111,136.22222,25242.5,8.0,45.57778,21.18889,8.77778,1.0,36.22222,14.66667,121.78889,58.88889,E19_7
1400.02222,441.68889,109.65556,66.45926,5588.64444,13.22222,1.0,6.08889,103.22222,23649.05556,8.44444,61.02222,20.34074,10.0,1.0,48.0,44.77778,128.45556,74.66667,E19_8
1385.91111,358.02222,122.32222,56.01481,5476.53333,31.22222,1.22222,4.97778,89.33333,22607.38889,6.0,49.24444,17.56296,9.77778,1.0,33.22222,25.22222,51.78889,53.33333,E19_9
1971.76667,74.06667,185.66667,110.47037,2419.36667,319.6,1.0,2.82222,9.22222,10207.94444,1.11111,8.55556,3.74074,3.02222,1.77778,4.85185,2.82222,6.93333,12.08889,E2_0
2074.65556,104.97778,173.22222,115.47407,2526.92222,208.35556,1.08889,5.15556,10.0,9824.94444,1.0,9.33333,8.12593,3.34074,1.77778,9.98519,2.82222,5.57778,16.97778,E2_1
2009.54444,104.08889,194.0,89.6963,2529.47778,604.91111,1.0,3.02222,9.88889,9615.27778,1.0,9.22222,8.01481,3.32593,2.55556,11.01481,5.46667,4.77778,7.41481,E2_2
1935.87778,66.86667,178.22222,74.58148,2496.25556,134.46667,1.0,10.11111,9.22222,9452.38889,1.0,7.11111,6.93333,3.75556,1.0,5.9037,1.0,6.68889,9.75556,E2_3
1889.43333,85.97778,180.0,66.91111,2373.7,225.04444,1.0,10.31111,9.44444,9310.83333,1.0,10.77778,6.34815,2.65926,1.0,7.68148,4.46667,3.71111,12.97778,E2_4
1900.87778,114.2,169.22222,61.58148,2380.92222,177.82222,1.08889,3.93333,10.88889,9116.16667,1.11111,9.11111,1.96296,4.11852,1.77778,9.23704,2.82222,4.33333,15.2,E2_5
2011.76667,76.75556,178.44444,86.91852,2470.47778,85.26667,1.0,4.84444,8.88889,8932.61111,1.11111,6.88889,6.0963,3.32593,1.0,11.15556,2.64444,6.55556,8.58519,E2_6
1870.54444,75.75556,164.0,64.57407,2386.58889,85.02222,1.0,11.82222,10.0,8759.5,1.22222,7.88889,4.13333,2.13333,1.77778,6.93333,1.0,6.04444,11.42222,E2_7
1864.76667,66.06667,180.11111,92.68889,2437.03333,105.68889,1.08889,3.93333,7.77778,8602.38889,1.0,7.66667,3.93333,2.14815,1.77778,5.04444,1.0,7.91111,7.25185,E2_8
1778.21111,87.2,159.77778,89.8037,2269.14444,173.46667,1.0,5.95556,9.77778,8528.94444,1.0,9.11111,4.26667,4.67407,1.0,9.57037,3.64444,6.06667,14.75556,E2_9
675.52222,134.11111,154.87778,46.95926,2323.78889,26.2,1.1037,1.48148,53.01111,10758.35556,6.01111,67.8,21.55556,10.83333,1.71852,324.44444,20.11111,470.02222,154.31111,E20_0
724.52222,144.44444,199.32222,53.87407,2248.12222,20.46667,1.1037,2.59259,46.01111,9970.91111,5.34444,59.91111,35.55556,8.51852,1.71852,90.33333,11.44444,490.02222,73.97778,E20_1
673.52222,155.22222,131.87778,56.42963,2130.56667,36.06667,1.0,1.48148,45.01111,9572.35556,5.01111,60.68889,32.77778,9.72222,1.0,36.88889,10.55556,469.35556,43.75556,E20_2
652.3,131.11111,159.54444,53.76296,2034.56667,26.68889,1.1037,3.07407,43.01111,9362.13333,4.46667,59.57778,32.33333,9.94444,1.0,44.66667,23.33333,507.68889,61.2,E20_3
616.41111,109.88889,121.65556,53.04444,1968.67778,40.28889,1.20741,4.2963,45.56667,9046.91111,3.46667,111.8,17.44444,12.61111,1.0,1130.22222,29.88889,417.35556,398.64444,E20_4
678.63333,129.22222,119.76667,76.98519,1949.9,34.42222,1.0,3.07407,47.78889,8611.57778,6.34444,57.91111,28.11111,9.38889,1.0,20.22222,16.33333,467.8,43.86667,E20_5
540.3,131.11111,140.32222,34.07037,1630.9,51.11111,1.31111,5.62963,49.56667,8401.57778,3.45556,73.13333,21.66667,8.16667,1.0,449.33333,11.33333,407.13333,198.08889,E20_6
537.96667,131.22222,109.1,43.76296,1550.34444,16.35556,1.0,2.59259,41.23333,8086.8,3.23333,54.8,20.77778,7.83333,1.0,28.55556,13.33333,351.91111,36.64444,E20_7
511.52222,148.22222,96.65556,60.9,1430.12222,28.44444,1.1037,4.03704,36.9,7908.24444,3.36667,53.68889,23.66667,8.72222,1.0,37.22222,9.66667,301.68889,38.42222,E20_8
566.96667,163.55556,103.21111,39.4037,1556.45556,12.48889,1.20741,2.59259,48.9,7798.24444,4.13333,69.13333,20.77778,8.16667,2.60741,37.77778,8.44444,379.46667,45.42222,E20_9
659.73333,90.08889,109.4,31.81481,1659.88889,144.0,1.0,6.31111,28.14444,6661.07778,2.11111,47.67778,8.0,7.34444,2.54815,9.88889,16.33333,23.85185,40.66667,E21_0
568.51111,82.2,112.95556,61.15556,1519.44444,88.55556,1.11111,4.08889,23.47778,5811.3,1.57778,47.56667,9.88889,4.92222,1.0,9.44444,13.44444,30.18519,32.88889,E21_1
556.28889,132.42222,100.06667,25.58519,1201.77778,53.88889,1.0,2.02963,28.7,5349.74444,1.66667,25.01111,9.55556,4.92222,2.31852,10.55556,1.0,13.74074,14.11111,E21_2
502.17778,68.97778,79.28889,24.14815,1082.22222,45.33333,1.0,2.02963,16.25556,5060.96667,1.26667,19.12222,6.66667,6.67778,1.0,9.0,1.0,9.74074,17.55556,E21_3
498.62222,51.53333,71.51111,85.4963,1110.88889,59.66667,1.0,8.83704,17.58889,4762.3,1.35556,29.13333,10.22222,5.57778,1.0,6.77778,1.88889,10.48148,19.55556,E21_4
453.4,60.86667,72.17778,61.15556,1008.44444,123.22222,1.11111,3.14074,13.92222,4520.74444,1.26667,26.9,11.55556,4.26667,1.0,8.44444,7.66667,9.0,17.11111,E21_5
492.28889,80.97778,75.06667,66.37778,1022.11111,98.77778,1.0,1.0,16.81111,4332.18889,1.08889,29.12222,7.55556,4.93333,1.0,7.88889,1.0,2.74074,12.0,E21_6
473.84444,66.86667,82.06667,64.17778,1031.22222,203.44444,1.0,5.2,18.81111,4164.18889,1.93333,27.34444,8.77778,6.45556,1.0,4.77778,2.88889,9.51852,15.88889,E21_7
508.06667,86.2,72.62222,83.83704,1030.0,141.88889,1.0,4.17037,13.14444,4038.3,1.37778,20.12222,6.22222,3.82222,1.0,8.55556,1.88889,2.81481,12.77778,E21_8
449.4,62.86667,58.06667,28.25185,881.0,90.55556,1.0,4.17037,11.25556,3907.3,1.17778,19.67778,7.0,3.27778,1.0,8.0,1.88889,5.07407,10.77778,E21_9
826.06667,92.66667,98.91111,71.21481,3419.01111,14.35556,1.1037,1.91481,47.52222,12434.56667,2.62222,46.22222,15.66667,8.82222,2.60741,7.18519,8.53333,45.25556,48.0,E22_0
854.84444,104.11111,85.24444,16.42593,3254.12222,29.04444,1.1037,1.0,47.3,11851.67778,2.68889,40.88889,22.66667,7.93333,1.71852,5.9037,3.51111,40.28889,31.44444,E22_1
798.51111,162.55556,115.91111,26.75926,3307.23333,18.11111,1.31111,5.96667,42.18889,11500.01111,2.24444,99.0,24.55556,9.15556,1.71852,8.04444,5.51111,44.36667,38.33333,E22_2
736.73333,108.88889,111.91111,50.43704,3145.12222,38.53333,1.1037,5.96667,40.41111,11179.9,2.28889,109.44444,21.0,8.37778,1.71852,12.51111,6.02222,30.47778,39.33333,E22_3
814.95556,123.11111,130.35556,45.8,3223.12222,24.33333,1.21481,4.65926,48.07778,10812.12222,2.2,68.44444,25.33333,10.15556,1.0,8.93333,7.02222,37.14444,25.66667,E22_4
788.84444,77.66667,83.35556,40.1037,3064.67778,40.04444,1.0,5.96667,41.41111,10366.12222,2.2,37.22222,9.44444,7.26667,1.71852,4.74074,6.26667,25.58889,36.33333,E22_5
727.51111,88.88889,91.24444,36.50741,2969.56667,26.44444,1.0,1.91481,50.63333,10030.23333,3.93333,63.66667,12.55556,7.04444,1.0,6.54074,9.02222,38.03333,38.0,E22_6
725.4,132.11111,87.24444,14.91111,2696.67778,12.84444,1.0,2.82963,48.74444,9704.67778,2.11111,42.44444,13.33333,5.61481,1.0,10.87407,14.53333,33.47778,31.77778,E22_7
738.95556,120.11111,108.57778,40.68889,2600.56667,20.46667,1.0,3.94074,45.52222,9463.34444,2.75556,47.55556,25.22222,4.82963,1.0,6.48889,8.77778,42.81111,19.22222,E22_8
676.84444,118.0,79.24444,49.3963,2713.9,14.35556,1.0,5.77037,40.85556,9258.45556,1.57778,71.66667,17.11111,7.04444,1.0,8.54074,2.75556,35.81111,36.44444,E22_9
611.42222,177.76667,90.48889,54.48889,1102.92222,90.55556,1.0,4.73333,45.64444,2912.04444,5.37778,31.3,24.06667,7.65926,1.77778,5.92593,6.44444,3.38889,28.13333,E23_0
611.08889,202.87778,111.04444,43.97778,1131.58889,70.0,1.20741,5.31852,52.2,2765.26667,6.15556,25.6,21.73333,9.1037,1.0,5.15556,1.88889,5.31111,24.68889,E23_1
630.53333,171.65556,95.82222,54.2,1101.36667,104.88889,1.20741,1.87407,47.08889,2602.71111,5.05185,25.41111,15.73333,9.2,1.77778,6.5037,4.66667,2.76667,24.57778,E23_2
616.64444,143.43333,104.93333,33.82222,1119.14444,88.33333,1.1037,2.98519,39.97778,2498.15556,4.82222,35.3,21.17778,6.22963,1.0,6.04444,1.88889,4.64444,20.24444,E23_3
639.42222,180.87778,102.82222,54.42222,1159.36667,92.44444,1.41481,1.87407,47.2,2403.26667,2.38519,32.85556,33.95556,6.77037,1.0,7.14815,4.66667,4.6,22.24444,E23_4
526.53333,108.1,98.93333,51.82222,958.47778,230.44444,1.0,4.97037,30.31111,2298.71111,3.28148,28.3,18.68148,4.45185,1.0,5.25926,3.77778,2.57778,14.24444,E23_5
549.53333,88.65556,93.71111,38.93333,989.81111,67.88889,1.1037,2.74815,36.64444,2246.48889,2.5037,19.96667,12.84444,5.77037,1.77778,4.48148,5.77778,6.23333,16.82222,E23_6
555.75556,99.1,88.93333,59.53333,1003.36667,76.0,1.0,7.59259,30.42222,2194.26667,3.06667,22.82222,18.95556,4.86667,1.0,5.6963,7.55556,5.01111,15.24444,E23_7
592.42222,82.76667,94.71111,46.71111,1134.58889,76.0,1.1037,2.74815,31.31111,2135.93333,3.60741,21.18889,13.76296,5.54815,1.0,4.25185,3.66667,3.83333,23.46667,E23_8
607.75556,124.21111,104.26667,36.42222,1147.92222,131.77778,1.0,5.08148,36.64444,2099.26667,2.61481,24.63333,19.54074,5.32593,1.0,7.27407,2.77778,4.01111,15.46667,E23_9
1894.75556,597.66667,446.51111,309.4,3733.08889,18.66667,1.28889,9.51852,180.25556,13433.27778,8.3,72.57778,56.11111,2.66667,1.0,19.11111,9.33333,6.87778,249.75556,E24_0
1844.97778,617.66667,379.73333,319.84444,3925.08889,61.77778,1.0,6.39259,184.25556,13033.94444,11.63333,151.57778,53.33333,2.44444,1.0,26.66667,14.44444,5.48519,223.53333,E24_1
1890.86667,817.0,363.4,296.51111,4163.64444,23.0,1.0,10.99259,216.36667,12498.27778,12.52222,63.68889,60.88889,3.22222,1.0,34.44444,3.88889,7.87778,243.31111,E24_2
1697.64444,533.88889,334.17778,304.28889,3576.42222,29.22222,1.0963,3.6963,166.58889,12041.83333,9.74444,54.68889,50.22222,4.77778,1.0,29.88889,2.88889,6.28889,222.42222,E24_3
1845.53333,617.66667,334.73333,237.17778,3768.75556,9.0,1.0963,2.9037,181.92222,11831.72222,10.85556,68.46667,54.66667,5.22222,1.0,28.55556,1.88889,7.68148,233.64444,E24_4
1664.75556,490.44444,329.84444,232.06667,3536.53333,23.11111,1.0,4.80741,164.03333,11585.05556,9.3,67.91111,57.55556,4.0,1.77778,17.44444,6.66667,7.70741,232.42222,E24_5
1655.2,535.0,313.62222,260.51111,3645.64444,31.44444,1.0,3.6963,171.47778,11448.5,9.85556,49.46667,67.11111,3.0,1.0,15.55556,7.66667,6.79259,212.97778,E24_6
1702.08889,482.44444,315.62222,237.28889,3528.53333,25.0,1.0963,6.71111,177.36667,11270.16667,9.96667,71.8,60.22222,3.11111,1.0,21.22222,1.0,2.8963,228.53333,E24_7
1637.08889,473.33333,332.84444,219.17778,3486.64444,25.11111,1.19259,4.48889,173.25556,11065.27778,9.74444,117.24444,53.0,5.22222,1.0,21.33333,8.66667,7.06667,242.31111,E24_8
1670.31111,543.0,325.17778,257.84444,3487.53333,23.33333,1.0963,2.9037,178.58889,10823.61111,11.07778,64.91111,63.22222,5.44444,1.0,25.66667,3.77778,11.70741,258.42222,E24_9
238.52222,135.91111,395.13333,183.83333,1187.36667,45.0,4.0,3.05926,52.81111,19981.67778,3.7,1086.76667,11.3037,3.81111,1.0,158.26667,19.0,713.02222,42.88889,E25_0
214.52222,98.57778,298.02222,170.94444,870.7,108.66667,2.0,8.45185,41.92222,16896.78889,3.9,884.98889,6.30741,3.91111,1.0,143.6,25.11111,498.3037,38.11111,E25_1
204.07778,89.57778,333.24444,91.05556,837.36667,21.97778,1.37778,5.2,40.58889,14852.9,3.8,788.32222,6.63704,5.24444,1.0,117.26667,20.11111,282.63704,37.77778,E25_2
228.74444,85.68889,217.35556,170.94444,719.14444,26.2,1.17778,5.28148,41.14444,13397.56667,3.78889,829.87778,6.08519,5.02222,1.0,156.82222,9.55556,187.46667,45.11111,E25_3
256.74444,115.68889,277.46667,139.94444,693.36667,28.2,1.26667,7.34074,43.81111,12688.34444,5.23333,797.32222,5.97407,3.23333,1.0,151.93333,14.44444,137.74815,45.44444,E25_4
238.18889,89.46667,238.35556,165.61111,652.36667,22.33333,1.17778,10.7037,41.03333,12073.9,4.56667,793.43333,5.87037,2.81111,1.0,144.48889,7.55556,142.8,40.44444,E25_5
198.74444,95.6,185.68889,101.27778,531.25556,14.6,1.0,9.67407,37.14444,11034.34444,3.8,764.54444,7.08148,2.6,1.0,98.6,8.55556,161.97037,26.77778,E25_6
176.63333,98.57778,178.02222,152.94444,520.03333,20.46667,1.0,5.2,33.03333,10572.56667,4.36667,709.65556,5.86296,2.15556,1.0,98.82222,9.66667,202.08148,26.66667,E25_7
175.63333,71.46667,214.24444,129.72222,441.92222,20.22222,1.35556,5.11852,35.47778,10225.9,4.14444,811.43333,8.31111,4.48889,1.65926,100.15556,2.77778,45.48148,29.55556,E25_8
166.41111,75.46667,194.91111,105.55556,409.47778,20.33333,1.2,5.28148,37.03333,9990.01111,4.02222,806.54444,8.64074,3.03333,1.0,69.93333,8.44444,52.26667,30.33333,E25_9
1373.95556,406.57778,400.2,77.44444,4795.02222,26.08889,1.66667,7.66667,132.05556,12624.05556,7.9,62.0,89.72222,29.48889,2.60741,9.18519,14.77778,180.74444,446.62222,E26_0
1514.4,342.91111,316.08889,44.11111,4527.91111,42.64444,1.11111,6.55556,120.94444,9189.94444,6.78889,68.11111,40.5,17.6,1.0,5.07407,9.77778,168.18889,400.95556,E26_1
785.06667,308.68889,277.86667,51.66667,3111.68889,71.66667,1.0,3.22222,97.61111,7096.38889,4.45556,63.33333,37.83333,12.37778,1.0,3.11111,10.77778,121.3,230.84444,E26_2
698.95556,246.13333,205.2,77.55556,2627.02222,22.57778,1.0,4.33333,82.38889,5606.27778,4.78889,60.44444,36.16667,9.37778,1.0,9.07407,9.28889,132.74444,223.84444,E26_3
417.17778,228.91111,144.75556,16.11111,1754.24444,26.68889,1.0,3.22222,57.5,4336.83333,5.9,42.0,14.94444,5.82963,1.0,8.48148,1.0,323.96667,136.06667,E26_4
301.06667,151.24444,115.42222,13.55556,1216.8,42.88889,1.0,1.0,61.5,3534.83333,4.12222,38.55556,18.72222,7.82963,1.0,4.33333,2.75556,526.63333,115.17778,E26_5
309.73333,131.02222,106.86667,13.44444,930.46667,8.97778,1.0,4.33333,53.16667,3010.16667,2.91111,30.77778,19.11111,6.93333,1.0,5.22222,6.02222,476.18889,93.06667,E26_6
282.51111,118.8,70.64444,18.88889,856.91111,4.86667,1.0,5.44444,36.27778,2506.83333,1.73333,21.55556,16.77778,5.15556,1.0,3.88889,5.26667,308.85556,71.62222,E26_7
278.95556,113.04444,67.97778,15.88889,758.8,45.37778,1.11111,4.33333,31.61111,2223.83333,1.95556,26.55556,12.88889,4.5037,2.60741,3.18519,3.51111,274.63333,90.06667,E26_8
302.95556,109.68889,64.53333,10.88889,669.91111,26.44444,1.0,1.0,46.38889,2045.61111,2.78889,30.55556,10.72222,4.71852,1.0,5.03704,15.42222,261.18889,72.06667,E26_9
10.7037,76.66667,70.64444,56.1037,1.0,368.57778,1.66667,18.9963,34.88889,3516.75556,1.9037,41.34444,7.0,6.05926,1.0,4.55556,268.33333,1.75556,28.73333,E27_0
11.83333,63.55556,58.2,65.92593,6.9963,541.48889,1.22222,4.96667,21.22222,2300.08889,1.56296,27.23333,4.77778,5.77407,1.0,2.77778,227.55556,2.13333,19.65185,E27_1
44.66667,52.0,59.42222,36.38519,51.75926,1338.57778,1.0,6.07778,17.77778,1833.75556,1.56296,23.12222,8.22222,3.25185,1.77778,10.11111,49.88889,2.53333,27.51111,E27_2
61.0,72.66667,69.53333,28.60741,94.53333,670.46667,1.11111,3.85556,19.66667,1555.75556,1.39259,17.35556,10.55556,1.64815,1.0,7.88889,31.33333,3.2,36.51111,E27_3
58.53704,85.88889,77.42222,42.59259,110.75185,383.02222,1.11111,4.96667,15.88889,1398.42222,1.75926,14.57778,11.44444,2.15556,1.77778,10.55556,13.44444,2.95556,28.51111,E27_4
81.2963,77.55556,69.53333,41.02222,188.75185,738.57778,1.22222,10.04444,16.33333,1283.2,1.08519,19.23333,10.44444,2.66296,1.77778,4.77778,19.44444,1.35556,43.4,E27_5
83.05556,97.0,89.08889,38.46667,92.97037,631.68889,1.11111,1.0,30.66667,1188.42222,1.67407,14.9,10.77778,2.26667,1.0,6.66667,4.77778,1.04444,42.73333,E27_6
89.83333,118.0,116.2,51.35556,87.52593,705.68889,1.0,2.9037,17.77778,1104.64444,2.11852,18.56667,11.11111,2.2037,1.0,4.11111,1.88889,1.02222,38.84444,E27_7
81.5,60.55556,76.53333,42.11852,84.07778,344.02222,1.0,1.0,15.77778,1088.97778,1.64815,23.23333,8.11111,2.15556,1.0,10.88889,2.88889,2.06667,52.4,E27_8
67.51852,65.77778,68.64444,52.45185,90.08148,794.02222,1.11111,3.06296,20.11111,1036.75556,1.25556,20.23333,9.44444,2.10741,1.77778,5.33333,2.88889,2.17778,28.84444,E27_9
104.48889,94.26667,155.05556,10.40741,207.83333,263.16667,1.0,6.55556,32.6,1870.48889,1.42222,24.82222,22.65556,7.92222,1.0,13.85185,9.11111,9.61852,105.0,E28_0
103.26667,97.48889,174.05556,23.18519,229.61111,236.38889,1.0,5.44444,31.26667,1697.37778,1.1037,26.91111,13.79259,6.81111,1.0,15.77778,9.28889,14.71852,131.77778,E28_1
116.93333,109.48889,150.05556,28.40741,263.38889,209.61111,1.0,6.66667,33.37778,1602.82222,1.54074,23.13333,13.65556,7.71111,1.0,6.88889,6.28889,10.17407,157.0,E28_2
116.71111,95.6,205.5,20.74074,219.61111,141.94444,1.0,2.11111,41.37778,1540.15556,1.74074,26.02222,15.12593,5.92222,2.66667,13.55556,2.64444,16.3963,133.22222,E28_3
111.26667,97.48889,152.61111,40.25926,209.16667,269.27778,1.0963,5.44444,39.6,1471.82222,1.41481,22.02222,13.01481,8.45556,1.77778,14.0,3.64444,18.21481,151.55556,E28_4
140.6,124.71111,192.38889,38.74074,266.38889,252.94444,1.0963,5.44444,34.93333,1434.71111,1.63704,22.46667,15.57037,9.02222,1.0,11.7037,4.46667,11.57778,127.44444,E28_5
132.6,143.93333,169.61111,62.55556,236.27778,183.05556,1.0,7.66667,45.71111,1382.48889,1.63704,21.46667,14.34815,7.78889,1.0,9.7037,3.64444,14.50741,177.55556,E28_6
132.71111,85.37778,156.16667,30.03704,257.94444,302.59259,1.20741,6.66667,30.48889,1361.6,1.20741,24.13333,15.57037,7.9,1.77778,12.66667,1.82222,5.72963,124.22222,E28_7
116.37778,94.6,167.38889,30.96296,205.94444,343.59259,1.0,2.11111,36.04444,1340.71111,1.85185,28.02222,13.01481,7.78889,1.77778,13.2963,1.0,16.06296,155.44444,E28_8
116.04444,75.26667,178.83333,52.33333,202.38889,386.38889,1.19259,2.11111,32.93333,1278.04444,2.2963,17.46667,11.01481,7.91111,2.66667,5.48148,3.64444,17.43704,130.11111,E28_9
944.42222,84.88889,45.18889,76.65926,881.03333,153.04444,1.0,2.82222,15.16667,4439.66667,1.31111,19.24444,6.25185,4.33333,1.0,3.22222,1.0,3.62222,7.12593,E3_0
798.53333,61.55556,50.18889,33.42593,772.92222,99.95556,1.1037,5.95556,10.94444,4161.66667,1.1037,8.71111,7.86667,1.55556,1.0,3.11111,3.77778,3.22963,8.01481,E3_1
820.97778,39.22222,49.85556,69.06296,744.92222,233.75556,1.0,9.8,8.61111,4009.77778,1.1037,11.6,5.53333,1.77778,1.0,3.33333,1.0,4.00741,7.65185,E3_2
740.64444,37.0,47.63333,53.91111,675.81111,28.08889,1.0,3.73333,6.14815,3899.44444,1.32593,9.22222,3.42963,2.22222,1.77778,2.11111,1.0,2.97778,5.79259,E3_3
822.31111,48.11111,46.18889,59.4963,735.03333,102.2,1.0,3.93333,9.35185,3820.88889,1.0,11.71111,9.08889,4.11111,1.0,2.11111,1.0,2.8963,8.79259,E3_4
819.42222,60.44444,44.52222,28.31481,769.47778,40.28889,1.1037,9.2,9.5,3753.0,1.1037,10.2,7.46667,4.33333,2.66667,3.66667,4.66667,2.17037,7.76296,E3_5
846.2,60.44444,48.52222,43.75926,789.7,95.97778,1.0,6.86667,14.05556,3673.88889,1.31852,9.28889,6.14074,3.88889,1.0,3.44444,11.55556,3.17037,5.48889,E3_6
650.42222,38.11111,60.07778,33.31481,693.81111,20.46667,1.0,7.97778,5.81481,3658.0,1.1037,7.84444,5.6963,1.55556,1.0,5.11111,1.0,1.28148,10.06667,E3_7
845.64444,30.11111,44.52222,36.09259,792.36667,176.2,1.0,2.82222,7.59259,3600.55556,1.31852,10.24444,5.7037,2.55556,1.0,5.66667,3.77778,2.31111,6.2963,E3_8
808.86667,48.44444,41.96667,76.84074,745.58889,35.57778,1.0,3.93333,12.72222,3558.77778,1.1037,10.13333,15.3037,5.11111,1.77778,3.11111,5.66667,3.17037,6.34815,E3_9
175.95556,27.44444,24.03333,39.48889,131.16667,43.13333,1.1037,11.01481,5.68889,2418.35556,1.0,7.33333,12.61111,1.53333,1.0,3.22222,1.0,1.64444,2.28889,E4_0
141.51111,31.0,21.7,18.61111,118.5,25.42222,1.0,11.71111,6.71111,1841.46667,1.0,8.88889,10.88889,1.32593,1.0,2.44444,1.0,1.74444,2.25926,E4_1
104.62222,28.55556,15.14444,31.82222,81.83333,8.37778,1.0,4.02222,3.53333,1233.24444,1.0,3.11111,5.05556,1.1037,1.0,4.55556,1.0,1.2,2.28889,E4_2
87.62222,13.22222,6.81111,50.68889,53.72222,8.37778,1.0,10.48889,3.75556,918.8,1.0,3.11111,5.55556,1.1037,1.0,1.33333,1.0,1.1,2.31852,E4_3
57.73333,10.22222,5.81111,39.48889,34.72222,6.62222,1.0,4.65926,2.0,572.91111,1.0,2.33333,2.83333,1.0,1.0,1.0,1.0,1.64444,1.78519,E4_4
64.06667,4.77778,3.58519,32.25556,30.83333,1.0,1.0,7.51852,2.33333,426.46667,1.0,2.11111,4.66667,1.0,1.0,1.33333,1.0,2.28889,2.31852,E4_5
95.06667,3.11111,7.02963,37.47778,49.27778,4.51111,1.0,1.63704,1.6,352.8,1.0,3.11111,2.44444,1.0,1.0,1.0,1.0,3.17778,2.03704,E4_6
121.17778,7.33333,5.25556,44.82222,49.5,1.0,1.0,2.27407,3.31111,326.24444,1.11111,2.66667,1.83333,1.0,1.77778,3.22222,1.88889,1.0,2.03704,E4_7
123.06667,6.22222,4.14074,55.91111,43.27778,1.0,1.0,4.02222,1.8,268.8,1.0,3.22222,2.94444,1.0,1.77778,3.33333,1.0,1.0,2.25926,E4_8
111.84444,2.55556,11.58889,76.46667,47.83333,6.62222,1.0,2.91111,1.6,237.46667,1.0,3.33333,1.27778,1.1037,1.0,2.88889,1.0,1.0,3.71111,E4_9
688.86667,53.08889,55.06667,51.87407,968.24444,28.83333,1.0,5.96296,34.13333,2546.95556,1.55556,8.31111,10.23704,3.02222,1.0,20.64444,1.88889,2.81481,7.71111,E5_0
715.75556,38.86667,61.62222,45.28889,1036.57778,11.96296,1.0,6.08148,38.35556,2441.62222,1.55556,3.66667,10.12593,2.61111,1.0,18.64444,1.0,2.0963,9.26667,E5_1
655.2,51.91111,63.84444,46.65185,1030.02222,10.59259,1.0,1.99259,33.46667,2342.28889,1.11111,7.17778,4.7,2.41111,1.0,16.1037,3.66667,2.0963,3.88889,E5_2
739.2,47.62222,59.84444,38.76296,1034.8,10.59259,1.11111,6.2,36.13333,2258.73333,1.11111,8.15556,6.45926,5.25556,1.0,10.99259,3.77778,1.65185,6.68889,E5_3
704.64444,48.51111,61.17778,54.42963,986.02222,8.90741,1.0,8.53333,35.57778,2168.95556,1.0,6.06667,6.70741,2.13333,1.0,13.67407,2.77778,2.04444,3.88889,E5_4
706.53333,58.84444,53.95556,37.4,1001.68889,116.85185,1.0,8.41481,35.8,2142.84444,1.33333,8.26667,5.75926,3.6,1.0,14.77037,6.55556,1.0,9.28889,E5_5
654.64444,39.91111,57.84444,47.67407,957.35556,8.59259,1.0,8.3037,32.35556,2069.73333,1.11111,5.86667,7.17778,2.35556,1.0,13.56296,3.77778,1.1037,9.62222,E5_6
598.2,28.62222,43.17778,36.14815,899.24444,98.72222,1.0,8.41481,30.57778,2001.84444,1.11111,3.86667,6.9037,3.26667,1.0,20.32593,4.66667,1.4963,5.2,E5_7
653.86667,30.51111,54.28889,25.64444,931.57778,18.81481,1.0,4.0963,29.68889,1917.62222,1.11111,5.86667,3.22963,2.48889,1.0,13.8963,3.66667,1.65185,5.26667,E5_8
627.86667,42.68889,55.95556,29.73333,927.46667,245.66667,1.11111,2.98519,38.13333,1865.06667,1.0,2.46667,5.12593,2.62222,1.77778,18.75556,2.77778,2.04444,8.6,E5_9
1822.31111,122.31111,105.64444,54.16296,4277.07778,137.43333,1.0,6.58889,20.55556,3755.8,2.33333,103.58889,19.65556,3.35185,1.77778,10.19259,4.66667,13.8,55.44444,E6_0
1788.2,134.53333,118.08889,31.17778,4351.07778,129.21111,1.0,4.36667,24.22222,3514.8,2.77778,105.25556,21.54444,4.05556,1.0,12.85926,1.88889,8.31111,46.44444,E6_1
1467.53333,77.51111,101.64444,71.11481,3616.85556,163.95556,1.0,2.5037,16.22222,3336.35556,2.55556,82.36667,15.34815,2.0,1.0,8.91852,1.0,3.26667,55.33333,E6_2
1396.31111,99.08889,96.2,36.28889,3364.18889,71.51111,1.0,5.11852,18.66667,3226.24444,3.0,79.25556,18.01481,1.7037,1.0,10.19259,1.88889,8.11111,44.55556,E6_3
1629.08889,116.2,116.53333,21.19259,3897.07778,454.34815,1.0,12.28889,19.55556,3110.8,1.77778,78.25556,15.9037,3.72222,1.0,10.19259,1.0,4.26667,57.44444,E6_4
1575.08889,89.97778,99.64444,26.06667,3769.41111,117.57037,1.0,5.47778,18.77778,3022.02222,2.11111,75.14444,22.65556,3.35185,1.0,10.19259,1.0,8.02222,31.77778,E6_5
1642.75556,108.08889,119.97778,33.84444,3707.85556,195.45926,1.0,9.31481,20.77778,2927.02222,1.55556,80.36667,20.76667,3.94444,1.0,14.68889,1.0,9.15556,50.0,E6_6
1556.2,85.86667,127.97778,53.35185,3759.52222,249.01481,1.10741,7.81111,17.55556,2806.91111,1.44444,77.47778,12.57037,3.40741,1.0,7.58519,1.0,5.37778,48.11111,E6_7
1432.97778,91.97778,74.53333,18.28889,3334.41111,185.92963,1.0,6.22963,19.22222,2701.57778,1.22222,65.25556,18.68148,2.24074,1.0,10.63704,1.88889,3.77778,32.33333,E6_8
1432.2,103.08889,87.42222,58.22593,3262.96667,126.26296,1.0,6.22963,17.44444,2675.35556,1.44444,71.14444,19.21111,2.87037,1.77778,16.02222,1.88889,6.66667,27.22222,E6_9
386.3,1475.68889,121.82222,399.07778,1719.81111,1164.12963,1.09259,4.95556,210.45556,7119.24444,61.0,594.0,706.55556,2.88889,1.0,13.44444,2.77778,11.8963,35.91111,E8_0
418.41111,2062.46667,114.71111,352.74444,1754.25556,1279.24074,1.09259,4.00741,203.34444,6720.46667,59.22222,516.22222,693.0,4.44444,1.71852,4.66667,2.88889,11.22963,43.46667,E8_1
448.96667,1814.46667,86.15556,316.52222,1636.58889,542.5,1.0,5.11852,192.01111,6452.8,59.66667,478.55556,634.77778,4.11111,3.32593,5.11111,8.66667,10.75556,33.8,E8_2
462.63333,1128.8,95.04444,311.52222,1625.03333,909.66667,1.0,4.95556,201.12222,6221.91111,56.55556,534.66667,630.55556,2.44444,1.0,7.0,4.77778,10.57778,25.24444,E8_3
472.52222,1586.57778,153.15556,342.41111,1851.03333,1200.7037,1.0,5.9037,197.45556,6075.46667,59.11111,468.66667,597.0,3.22222,3.32593,6.88889,7.55556,5.75556,27.91111,E8_4
418.96667,1122.8,87.26667,370.52222,1525.58889,352.12963,1.0,4.00741,208.01111,5975.46667,58.55556,538.33333,656.77778,3.33333,2.43704,5.88889,2.88889,7.8963,25.02222,E8_5
370.85556,1786.91111,140.15556,319.3,1359.58889,1188.68519,1.0,1.94815,171.45556,5823.02222,55.77778,461.22222,571.88889,3.44444,2.60741,7.44444,1.0,7.42222,25.35556,E8_6
454.96667,897.46667,78.37778,331.96667,1407.25556,177.77778,1.0,4.00741,185.78889,5702.68889,59.88889,500.44444,584.66667,3.11111,1.0,9.22222,2.88889,7.86667,30.8,E8_7
409.41111,1311.68889,221.04444,329.41111,1388.81111,1769.55556,1.27778,7.96296,172.12222,5576.8,56.33333,479.55556,601.0,1.66667,4.04444,4.77778,5.77778,10.8,17.46667,E8_8
404.3,1294.35556,95.26667,308.85556,1536.7,1065.94444,1.09259,4.00741,195.12222,5466.68889,56.77778,499.44444,665.11111,2.33333,6.37037,7.11111,1.88889,10.45185,48.57778,E8_9
208.91111,120.51111,70.37778,39.42222,655.75556,86.33333,1.0,2.97778,63.75556,2244.82222,16.98889,16.35556,259.88889,1.66667,1.0,6.18519,2.88889,7.41481,26.64444,E9_0
215.13333,191.06667,91.04444,49.75185,577.97778,82.55556,1.1037,8.52222,61.08889,2165.82222,14.65556,23.48889,219.55556,1.33333,1.71852,6.93333,1.88889,5.25926,24.75556,E9_1
207.13333,212.4,88.26667,36.97778,549.53333,267.22222,1.0,7.41111,59.31111,2087.48889,12.1,30.57778,202.11111,1.11111,1.71852,6.48889,9.55556,4.25926,21.31111,E9_2
135.57778,108.68889,56.6,52.42222,417.53333,172.55556,1.1037,1.98889,60.42222,2056.15556,16.87778,22.13333,227.55556,1.22222,1.71852,10.6,9.66667,4.75556,16.31111,E9_3
169.91111,143.73333,95.6,80.63704,444.75556,28.66667,1.1037,1.98889,60.75556,1988.26667,16.43333,21.35556,222.66667,1.22222,1.0,9.45926,7.66667,6.91852,21.2,E9_4
210.35556,250.73333,70.48889,39.53704,580.53333,74.66667,1.0,7.17778,54.31111,1967.04444,17.87778,27.24444,226.55556,1.11111,1.71852,3.1037,1.88889,7.68889,21.36296,E9_5
165.8,172.95556,59.26667,52.30741,517.64444,179.0,1.0,5.2,52.31111,1914.15556,12.21111,19.6,211.11111,1.44444,2.43704,5.93333,1.88889,6.41481,17.86667,E9_6
157.02222,122.4,68.82222,44.64815,420.53333,19.11111,1.0,9.27778,72.53333,1877.6,15.87778,25.46667,242.66667,1.0,1.71852,5.68889,5.77778,10.74815,21.86667,E9_7
212.35556,137.51111,76.26667,26.54074,605.53333,31.22222,1.1037,7.17778,66.75556,1867.15556,16.54444,22.6,233.33333,1.11111,1.71852,10.42963,6.77778,8.19259,21.64444,E9_8
144.02222,126.51111,65.04444,73.08148,446.31111,56.0,1.0,5.07778,51.53333,1794.04444,12.21111,20.46667,236.11111,1.0,1.0,4.54815,3.77778,6.64444,25.86667,E9_9
2427.44444,1259.22222,242.66667,2013.5,3443.86667,99.33333,1.0,19.6,180.57778,37077.47778,2.88889,1816.33333,17.66667,160.11111,1.0,3.66667,8.55556,5.84444,6.88889,INK_0
2444.55556,1483.44444,311.66667,2348.83333,3261.2,5.0,1.0,16.16667,172.46667,36682.14444,3.11111,1876.0,17.66667,141.66667,1.0,1.77778,20.11111,7.28889,3.22222,INK_1
2314.88889,1573.44444,279.22222,2173.61111,3046.08889,5.0,1.0,9.51111,177.24444,36254.92222,2.33333,1727.55556,16.88889,145.11111,1.0,2.55556,8.66667,10.71111,1.66667,INK_2
2241.55556,1476.55556,229.22222,2157.94444,3094.2,2.88889,1.0,16.91111,175.57778,35854.92222,2.88889,1739.55556,15.88889,134.66667,1.0,2.0,10.44444,7.5037,2.33333,INK_3
2239.33333,1534.0,197.33333,2436.72222,3227.97778,2.88889,1.0,23.8,163.91111,35348.92222,3.11111,1732.11111,16.22222,69.11111,1.0,4.44444,12.33333,8.61481,2.33333,INK_4
2391.77778,1360.22222,257.44444,2209.5,3253.08889,1.0,1.0,16.8,170.8,35048.81111,3.11111,1664.88889,17.55556,122.77778,1.0,3.22222,9.55556,9.27407,1.77778,INK_5
2298.33333,1745.44444,209.77778,1799.27778,3533.42222,160.44444,1.11111,18.37778,164.24444,34738.58889,3.11111,1692.33333,13.55556,102.66667,1.0,3.33333,29.11111,8.18519,6.55556,INK_6
2564.66667,1418.66667,270.55556,2016.05556,3229.31111,5.0,1.0,18.14444,179.35556,34358.81111,3.0,1765.11111,14.66667,132.0,1.0,2.55556,9.44444,11.17037,3.55556,INK_7
2250.22222,1218.77778,216.55556,2103.61111,3362.64444,43.77778,1.11111,10.62222,179.8,34095.58889,4.44444,1678.44444,21.55556,87.33333,1.0,3.88889,15.44444,8.71852,7.22222,INK_8
2140.44444,1188.33333,230.11111,2170.83333,3328.53333,33.55556,1.0,20.47778,162.24444,33652.7,4.0,1589.55556,14.33333,78.0,1.0,4.0,11.33333,4.74815,5.0,INK_9
