9.982493825758525,8.725906008338518,7.640614503895495,4.4948592147982,7.133207275784623,7.969357742016346,6.727298650128544,12.143543955168957,8.895355616996392,11.649127358057127,12.380836921586539
9.677423072585311,8.819732677845543,7.662373781630183,4.476073403073659,7.120803596465249,7.822088540260184,6.721157930003487,12.094266090059563,8.871318220884591,11.539328159220041,12.422148971613913
9.830863094815127,8.561318524540864,7.608054601887082,4.3930764845967305,7.0640940375039944,7.704361167910313,6.5312015111300505,12.027818804352023,8.861129564787692,11.547102389870556,12.20505256987987
9.677980098153355,8.681937089035642,7.617988984904013,4.31154461924798,7.086459191652018,7.615188811895864,6.619332185375318,12.002661593808156,8.886439889452133,11.540166480694372,12.232278908704991
9.711580198640503,8.661718650210688,7.607171656993091,4.23249491683195,7.025143178804861,7.820082610953159,6.622292967703259,11.97881090384844,8.802906661441154,11.483205846499448,12.36803313025669
9.681856745197573,8.358252166518444,7.592209227658802,4.293498926817273,7.0091077762544725,7.747452903464241,6.673859681026523,11.952105415938401,8.796826290618318,11.445727291584486,12.157689615160528
9.591049717200038,8.210942751576042,7.585123062092192,4.227644511398988,6.991994299039198,7.72758405641414,6.5711941464097965,11.92873833134946,8.781197137025421,11.405567771056722,12.060504529906432
9.558568632109699,8.340644274430149,7.629932534653428,4.346687239451594,6.99035880649433,7.657335301051413,6.526169447918594,11.911618061708086,8.848828351077481,11.42027994296984,12.115005053210613
9.69590288718492,8.827893304413225,7.613829652171981,4.31748811353631,6.97697035111403,7.662781198154609,6.739599575031924,11.899491626244,8.85605938594649,11.485791650068727,12.231892968893709
9.671401357206786,8.535799024408353,7.610643748745587,4.157145480852435,7.115672382062528,7.678994545990427,6.881525373111725,11.876325522325432,8.779967628674443,11.412950298807308,12.309803233572385
9.544750166081377,7.3926748848792405,7.740780338674576,4.749751453260736,6.764526227123142,8.474438774720362,8.55805785254626,12.060769828054353,8.974210079301725,11.56299269696036,11.703820442487762
9.615386132837246,7.58179892342471,7.75221100862507,4.836281906951478,6.8443420551266865,8.766335385214322,8.492741104997126,12.022199685932982,9.079066746390696,11.601836018872827,11.74563476277868
9.615393543250018,7.420938122321806,7.830266622669348,4.8961800651438425,6.866470218930252,8.691419103396402,8.433183365625078,11.990555287987341,9.174966472100069,11.715571117973774,11.731664753984202
9.664062168647636,7.179341840881612,7.579077120142354,4.655017981144835,6.626864903984149,8.050866349695358,8.552259988995806,11.972508810584161,8.83908343568094,11.543170762878916,11.658967261286978
9.570563236893287,7.591155108087202,7.735307081415943,4.741059945478024,6.667522077917876,8.58588142370538,8.740710005859098,11.957731435680106,9.060460190078484,11.572163086098708,11.734403719326844
9.689657440565115,7.062610473437817,7.586544317998735,4.85895071538488,6.769641976852503,8.048099368970751,8.665421607492847,11.947865732857602,8.830997747851221,11.582759937798068,11.609771938797605
9.560475980995045,7.555288910085415,7.602257096606851,4.711530181998981,6.615321186881865,8.328896484514381,8.635469932735477,11.935711328567281,8.901245487536357,11.527576063328054,11.70715098025477
9.570400469013464,7.190960681080984,7.646215686163577,4.6411806556654644,6.7167292802130465,8.36816713524612,8.735703804828116,11.921714450273047,8.941065617881945,11.551257535512981,11.650345633706504
9.687053387243843,6.9354136746527235,7.582987383599473,4.750712520097193,6.564012227935063,8.343622566880477,8.571681376700306,11.91069862125516,8.867771812080557,11.54625019844494,11.678651839547083
9.648655515933207,7.119767473987087,7.5069213960711885,4.635807144674119,6.577397647998997,7.979095334781964,8.896846542558851,11.904803650396078,8.715242271445685,11.492013435837338,11.471419324392086
9.826594509208096,9.247950815302161,7.953533124899888,4.524201099358038,7.398514243318532,7.918264686095274,5.968707559985366,12.155355150233241,8.94419942912841,11.479356501636085,12.570099519906696
9.73060794669911,8.658295297978768,7.821665403457761,4.395819943107587,7.342203690430783,7.80994708647679,5.9395862921906915,12.090455949152988,8.93106435080265,11.492419310290684,12.439449523967161
9.836052990183143,8.646473337283199,7.863672626235503,4.326337772866156,7.465273628831349,7.927885371744615,5.880222575099605,12.054992552198325,8.900803434949118,11.459336438035702,12.576671062020075
9.7514365188251,8.810283943553598,7.853194802841526,4.408073330080183,7.321115068589555,7.735336223656961,6.434011335473997,12.035213740801504,8.893722177603888,11.405239284048202,12.565730436354583
9.606682510726579,8.935017169102252,7.826509641624318,4.342361392732317,7.329166640413165,7.813097405012409,5.861419128552287,12.01454544651343,8.888585086219154,11.355058964123032,12.563554064180735
9.674675186309347,8.482242814743445,7.798591442751532,4.384800533855775,7.290368670843343,7.83038145547794,6.0905554572993825,12.004335758437675,8.806770133967202,11.427070267819754,12.501258659507023
9.626664822084111,8.611379507194636,7.784635057848557,4.3694478524670215,7.267680489078409,7.905195796569653,5.899288346257363,11.994927587414283,8.853725743361302,11.362725636906356,12.294825107792477
9.671597528983844,8.953042363732592,7.914759785173182,4.259545109633118,7.326611800522949,7.853949953530025,6.141320309825961,11.989541834524967,8.892745716496481,11.424089879669358,12.713760418046165
9.603087916264641,8.73490691747437,7.877081121999896,4.2357154993257895,7.337009248330989,7.816909494391717,6.054960853453345,11.974954954541966,8.806004625898577,11.354862475363054,12.422521929028642
9.687802230605799,8.72072161785459,7.831330526232211,4.339467063733346,7.269616749608169,7.817222785508166,5.975504535996653,11.967170084619656,8.929476484120089,11.407109783962591,12.501138308725256
9.650514606961156,8.29577592671152,7.825906503066832,4.590620450069188,6.771680975899651,7.52318112705772,6.10528913622008,12.23947346446347,9.016868884693043,11.589380719792095,12.303751532866816
9.49565297294629,8.324206969501132,7.719223621493647,4.589492328122134,6.743928306133247,7.502676923714125,6.019673992775341,12.198801720754886,8.925785257491523,11.518261757202954,11.97785136320735
9.429922032080857,8.212905862306538,7.6472504917523105,4.529008860993749,6.716998239333196,7.499669214971268,5.918595126862858,12.177242008112264,8.865412038531888,11.465906647659223,11.990233325500883
9.516451579650896,8.24200167417943,7.728753165701721,4.68213122712422,6.639440013380404,7.803026643632217,5.935188094226103,12.154279694176974,8.927069298083737,11.522567167311427,11.925358536603497
9.376391389350903,7.927412538240188,7.60836896071794,4.526607815408065,6.6433556154947375,7.602512273096657,5.90354365663633,12.145311160163976,8.789209865744413,11.410751841107285,11.752565618264946
9.344570132185286,8.242586741858872,7.6415591075933635,4.418840607796598,6.654581976922543,7.5171584642968705,5.9917422835356495,12.133971257124678,8.812998844059399,11.446654480998523,12.068933865185203
9.379567308056236,7.856930453718795,7.578310277252726,4.476073403073659,6.61114457130175,7.5911887690373785,5.89409669925604,12.117030602059542,8.807894035787601,11.407566801199577,11.830855907706367
9.302048110774724,8.146457957529893,7.588936709645677,4.330733340286331,6.663841971853691,7.470477346004824,5.967001066389898,12.105868442823384,8.813808576248027,11.393601868308881,11.792917713064787
9.528454651305658,7.733790587816449,7.715267313198344,4.426840690304311,6.570727333983621,7.525999301311698,5.91200036372366,12.090003016129574,8.853274876067672,11.409623939248158,11.808386039606283
9.414106272255008,8.284762200038204,7.639530049717316,4.447866340153818,6.543432119003612,7.49850052407762,5.783141194617312,12.07069561424768,8.85228987954712,11.431484604386277,12.179374740367676
9.978826393895165,7.209521039077341,8.936983352262958,5.843673220330062,11.674824146589051,8.600710879576091,11.651403298186532,13.226945650315812,10.849002618684818,11.628899161025144,12.82606903672537
9.888266182019567,7.196120448070277,8.912875791774816,5.759742650525309,11.560685469087906,8.508773400249414,11.666996903543696,13.135429267896933,10.810836200683115,11.583409505551716,12.71699273149447
9.729503805994415,7.207711712309306,8.898364089194642,5.590323402182494,11.47611624183623,8.498796110117329,11.648612255267883,13.06732912946222,10.861026854686163,11.52456600582129,12.66516466747173
9.788743021071825,7.259757097860797,8.917190042488167,5.980403599748557,11.416475747299183,8.313054017508973,11.764766001754005,13.015419460672845,10.82575814713907,11.53806209818836,12.668223438465088
9.757458708791496,7.090187937937351,8.808334275085043,5.844638832433046,11.374357920078326,8.313925794106817,11.682397973334055,12.968614065171653,10.714378261749843,11.512283814756753,12.653718611141956
9.82178870576266,7.032839983565816,8.86139578880009,5.669650999998533,11.365338934663304,8.46432438709076,11.699189056558653,12.944148124847372,10.757299862104517,11.469872627510856,12.644446350762221
9.783307270717366,7.0686640258313345,8.734200622391214,5.713512748295256,11.371820065029949,8.300299513889556,11.591655311218222,12.910464505941796,10.666108970241318,11.3956706648229,12.5934527570476
9.615604719266576,7.050912416371621,8.672122615943117,5.483597500765784,11.274414436524896,8.23458562982788,11.633303451804391,12.88963944150939,10.58012700495798,11.389352826812617,12.620600048191752
9.527345782056688,7.079483894826609,8.650283654095437,5.464020092383179,11.22413759615094,8.364992091921625,11.550971129081404,12.862198556841795,10.524392540600168,11.394030186025539,12.58130547724131
9.567555503087549,6.896379711862102,8.611328943668605,5.5782192516808555,11.209261545639693,8.470117889829108,11.437212205031251,12.821773557250067,10.526256974613512,11.31592022864173,12.48841817058382
9.074561376526601,6.817915666301752,8.94578437451571,5.772167743812459,11.859324458404368,8.451599299704336,9.631095398579376,13.39556039617662,10.683556291135435,11.592846421601639,12.591538918190597
8.998029599914284,6.983759075068341,8.882734050521135,5.781806037535879,11.8111039237637,8.335964370169268,9.64196404593267,13.35680097244843,10.632047457216961,11.550819764595131,12.552151172995066
9.052727037406866,7.090326804531299,9.031482143730347,5.7662702694912324,11.769083330062287,8.433763272614632,9.784610168111003,13.331105249482984,10.822390425397511,11.574016696871949,12.565968590929645
9.040015894767919,7.083639493812086,8.97993719951301,5.741613344219048,11.75153108229273,8.500340873434299,9.646428081339566,13.287753156519026,10.730018892757355,11.589430949671094,12.548875397340094
8.95676911268115,7.075028999523578,8.88618178858825,5.5901989462127775,11.71014840560495,8.137298360394357,9.443267023527637,13.250017748001707,10.588143226586046,11.630449998062147,12.588315185003689
8.96149717311957,6.990839507307956,8.831455523974176,5.550415421047036,11.67378407246093,8.286689286535225,9.508987111905379,13.223832752381991,10.55477632199415,11.499277531982267,12.49514437695849
8.881453515082766,6.831677842552365,8.803727938942417,5.320893937021548,11.682975740291004,8.13947294329242,9.346714941066232,13.197676580118685,10.559451941968357,11.560408213987674,12.510857421076976
8.860060806793989,6.875312435288259,8.726502826640855,5.372238792731713,11.66274487356999,8.265821619502665,9.385870400127345,13.17531378580173,10.485200252649769,11.520107721803356,12.43629265510854
8.831439294506676,6.63546524564983,8.7560210976505,5.36550861608836,11.59465290652848,8.102418212636492,9.311401658779452,13.15037731921568,10.490913041110819,11.441972697963589,12.435065058854688
8.786120487384371,6.771388120801013,8.59475487435318,5.363428661119582,11.576908623547558,8.150307563992675,9.417462936298573,13.111108972384745,10.423609828306288,11.402884010793862,12.409603111583976
8.58370060551136,6.04363522897854,8.29563726915181,4.518158845362097,11.21372276567696,7.411287707940172,7.772425176517598,12.187503523797107,9.839168266564771,10.086863645611198,11.803015136802266
8.547153208306051,6.296659052833061,8.354313413291015,4.592872680674873,11.200001858958522,7.330550823785064,7.788672110980179,12.158840683388165,9.671779654174307,10.107370809465076,11.754965437884552
8.547347286338843,6.12024858259364,8.480718216152253,4.579282369425928,11.139724557715189,7.344862596818507,7.789684585178907,12.131692670587046,9.818504420539021,10.070600994552997,11.747523693615085
8.548704778934775,6.222752621567795,8.313176656871862,4.606280669173339,11.067240958556734,7.207118856207756,7.768862117895749,12.097197318152219,9.653700528393683,10.013213027732094,11.727065584518394
8.482615549863983,6.159283298954049,8.380741983705919,4.73327021794092,11.022782981225483,7.406845645180634,7.694949214288258,12.06708448705952,9.68082999435812,9.905418465123962,11.670821123602355
8.556960762707654,6.217670065811727,8.236249845327176,4.48863636973214,10.98860587240937,7.300847868841636,7.760656457136122,12.050531925945137,9.663240228950476,9.91978130740404,11.669077569182278
8.482477515327743,6.2525031448059,8.275721592878071,4.544476105509459,10.97803708582466,7.258646862484936,7.704611614453984,12.033097937213691,9.643571954087482,9.903198066138984,11.665858832716546
8.521928627519538,6.242828354725264,8.075071015925007,4.358132300249694,10.924474979808185,7.187321174192157,7.643961949002529,12.005075785771119,9.532528535233038,9.8303306664182,11.60991968053547
8.41726480830812,6.0975248278730865,7.9961750600746635,4.155404853826552,10.994411472463137,7.090076835776092,7.614312146452,11.97623521234514,9.272782947841735,9.836634651820384,11.585144415982162
8.369945299105284,6.16956424605533,8.00311041555154,4.308559437948959,10.81224150974171,7.314774731803768,7.531671463277105,11.936988408106359,9.457495545425243,9.736795876876704,11.4948425049104
9.024261097395886,7.63498177158412,8.925479501522329,5.565371462696832,12.30840598389172,8.124446855715847,8.997413893164147,13.898211033205627,10.11262683340886,11.269673447943537,13.057424420540405
9.082073825977956,7.62867973892052,9.016036648483924,5.5093883366279774,12.25846256617579,8.483705346565879,9.034999725031739,13.81834328643782,10.198703672517928,11.252615699713163,13.069445137781761
9.05204388833479,7.634928076521346,8.988691536767071,5.790639511958296,12.258855779555299,8.346483949159685,9.00718189332379,13.740326860419254,10.086692977769932,11.307968993766163,13.081469621059256
9.024033551357059,7.602068444517327,8.896279339315479,5.594298245946744,12.244063328997397,8.240648863374913,8.98624358898098,13.725832440500918,10.029057475538028,11.25142288471624,13.030340920437505
9.028894431318506,7.611127782284485,8.92876848360488,5.535582970614286,12.21940931546756,8.205248783858117,8.9999539895976,13.711690423210387,10.004257547658657,11.24985433959542,13.016255174898342
9.028801176257973,7.536837900733286,8.905485012481519,5.476463551931511,12.280503121234748,8.36554308521383,8.744229600517713,13.696987961395124,10.067451825721308,11.244626905070207,13.006079717115192
8.993616448188453,7.557356853105921,8.948653766445998,5.558114222656811,12.248099141003815,8.313416442047979,8.806181077921625,13.681026292449111,10.045970427640238,11.205428365145387,13.013622587139059
8.975077847916411,7.5341095485094405,8.824918057910091,5.400673393245745,12.206937160629284,8.454229725760625,8.85998509963738,13.668283739827608,10.014835110187182,11.175901409504998,12.995142949324416
9.006191659775308,7.546504936228092,8.882926760241666,5.3038575413987905,12.189188575083561,7.978577571282182,8.99376409756459,13.65530616354482,10.03371627522038,11.174915713598747,12.983697556280715
8.995436393210193,7.446260915927572,8.753401251573024,5.056953262048163,12.175824641410568,7.689676173120597,8.94938533687838,13.64117326857088,9.884327385258308,11.164759455297137,12.958892622523285
9.150852187857241,7.588745527584399,8.810353564041801,5.140363179214738,7.544255681852857,6.642863379735641,10.694915999847186,13.069882641444899,9.659389877733394,10.504227917871846,11.442906829424304
9.142444517831327,7.649560338771772,8.740720669021316,5.133835747528778,7.557281410696675,6.572531155144015,10.5389093939667,13.02899186605134,9.677046904893603,10.475073632092702,11.453358034130432
9.23352724467975,7.73550619512632,8.833747747151431,5.236441962829949,7.581872533635277,6.6124292524776225,10.54769626629285,13.006017982856566,9.729729226402661,10.507133288824194,11.50505098688706
9.130914696482465,7.655679954297888,8.775113408022486,5.0827836617643705,7.518770070003463,6.425517112068059,10.672330313457692,12.98348940845205,9.685220978163208,10.454755258568852,11.406665532625118
8.947346576495619,7.518516729550936,8.64524627270816,5.094431625026252,7.42599998119813,6.276142104270658,10.345357089995726,12.951151795640012,9.677806060874124,10.44101125640243,11.411430062684408
9.162167350784841,7.49018813222116,8.716583067160718,5.091019851024985,7.528194359417835,6.547677724151724,10.395471107385989,12.92342985613431,9.715791579203641,10.470388800370081,11.411211133452069
8.969078108684249,7.36268052360353,8.574908487834962,4.988919742326151,7.395360039253547,6.194541443073673,10.57276971545451,12.899245297990708,9.64538585685044,10.475101863153267,11.404030066970941
8.895191174865948,7.277362903135941,8.52937645118941,4.902802614045515,7.291179256213421,6.357187320708765,10.487948632137586,12.873201972567017,9.575307507368912,10.317461909743367,11.322192363437447
8.89880873826637,7.277362903135941,8.555122472953645,4.932072995631615,7.392900635237165,6.2723737289798605,10.411948048290581,12.848447360968509,9.59290071256278,10.377989037495983,11.271471971708047
8.97193088699154,7.3627510199022925,8.532773409030998,4.879429271891515,7.323955156066007,6.314674621597677,10.327579215265489,12.808607336497984,9.59282491946294,10.305354714458302,11.255361261753883
8.975936437339673,7.2697482799548885,8.209450502231864,4.033256791502102,11.130690111314093,6.237021686740187,10.297259374540054,13.441492339092473,10.140013163343594,11.530341149902377,11.659735937900024
8.848665648515812,7.285788284020098,8.15576729670524,4.056604272700791,11.066082652338602,6.185064842459803,10.241538700591825,13.405579726680898,10.053296439263384,11.486873940599839,11.596552510423274
8.821122559337827,7.187295965103598,8.127329084357362,3.9910395252124893,11.062501344484524,6.153914039195036,10.229385025411528,13.372627965907364,10.016147363303565,11.434964403932833,11.55356077537809
8.714873967520969,7.006262361425194,8.07120812754452,3.8237988205569953,10.916322046493574,6.147755798561935,10.12258827582296,13.317103320673894,9.970991464272476,11.35363321953558,11.468007128970939
8.729770897863387,7.084757152987245,8.058914336776658,3.944812892767264,10.932590963573297,6.17216441467448,10.192923086899636,13.275037996956131,9.996639850332304,11.412786355791095,11.460070718255514
8.764796049668147,7.0913445485552495,7.999480945877252,3.8066624897703196,10.853081953643205,6.146567152281936,10.09622779418476,13.24016762764457,9.95020785124939,11.311507255566912,11.442346812940533
8.734592274822887,6.835984739057841,8.016710194482577,3.972386134234734,10.844323460571463,6.101314958083458,10.095141353992808,13.19874511498025,9.875797702714465,11.303442898292408,11.443237113550309
8.66973877462199,6.8898967606808235,7.984072727770586,3.7942398697717574,10.83484422108265,5.950642552587727,9.970498015749614,13.150380193123645,9.889299599852954,11.19015094041606,11.33298108050193
8.631370723493719,6.879435821835095,7.941639400086484,3.821368710152713,10.752082190743407,5.9917422835356495,10.00566400453914,13.113188393449853,9.872112690916547,11.210152916673662,11.35002868633175
8.577238298522927,6.746111777949727,7.90592088524073,3.781661212881358,10.762361013540332,5.939293683558704,9.930217113528027,13.073084053615835,9.758026233047698,11.173744852929191,11.269380773896982
9.00097096507617,7.790061698514662,8.466832794376188,5.075729223466116,11.846440157795813,7.255355843999765,12.347699610972468,13.48479234404924,10.20639479832639,12.100890570728609,12.028329724089366
8.949864101326202,7.906841848264694,8.449744365848057,5.135013835213077,11.871465113725796,7.10751646915153,11.744361824581993,13.455886858014706,10.178869285151615,12.102071144271582,12.029390291839862
8.959405871085153,7.772808853840378,8.40327517792949,5.161478911616017,11.84119990558015,7.16540760584096,11.83279976238832,13.433482184732828,10.16358000762854,12.107429701546854,11.991927858611954
8.951045614548173,7.826717993927965,8.419038747324459,5.117860749672085,11.846581040093621,7.1276936993473985,11.717647216576491,13.422692175178033,10.119176722055174,12.061654331829901,12.026706517172025
8.896521162477432,7.768495714595997,8.35278751607358,5.079193475563633,11.826004779751308,7.173958319756794,12.005882525917393,13.409830293371613,10.123194092889282,12.061938640130878,11.971565255817788
8.83402297774082,7.6418417815791955,8.392961910943491,5.09293189062217,11.802844200899331,7.198599018094308,12.043546003590894,13.390534034148619,10.143837772009382,12.056844155924377,11.975726621318195
8.92161479259371,7.698442474143189,8.332626448877988,5.079884950388944,11.778198315934446,7.029874579438299,11.498649829034955,13.374440586300786,10.134484628435956,12.008442575776806,11.935525665993003
8.926511607322409,7.7803588030298885,8.332171993067002,4.9719714551930565,11.762283288982136,7.076278373352767,11.796256585769768,13.361685778008061,10.074031693706946,11.983975144164898,11.928752773623046
8.916544835660613,7.606619421528477,8.320580669086006,4.998562712861986,11.753083446443567,7.150962858718393,12.227493353028226,13.34592927506976,10.088846159487579,11.986950926358384,11.912244837808824
8.95284401718751,7.913447861718553,8.33979018509678,5.012707212856076,11.787680171276953,7.113684852274627,11.923177025649355,13.337685344168825,10.12464246101026,11.985223058317251,11.892621153184075
8.232638075602406,7.12371755454894,8.641599185452389,5.663346204345908,11.818219040443003,7.658573703251201,12.233600260092409,13.181744538858384,10.232720153982466,12.206252240502032,11.331484720187456
8.164058006560214,7.180281413236835,8.534801691806877,5.640329799330185,11.79508230140431,7.717331494508667,12.478030487694193,13.128530631854964,10.154826301465729,12.235150911604551,11.221028447973497
8.091753240843712,7.170504084888706,8.508228686037418,5.62200986044568,11.796984314796191,7.705292505946919,12.430532663242113,13.10239202654633,10.163071031123012,12.222485164711722,11.256606965698529
8.113350099128887,7.290027574404235,8.55424060427773,5.60375747754821,11.817695699550628,7.69583883312593,12.363398279836835,13.079220961307882,10.194269814555303,12.225303377315482,11.241685113191908
8.088551571880304,7.0279551428660625,8.501253492714865,5.609878708721412,11.766240360126783,7.620737767676786,12.378555217114304,13.057082038216395,10.132150068708087,12.191984032101571,11.218649701840125
8.0572965350121,7.004730735080262,8.489054314623244,5.61596269827254,11.783929224369196,7.661192385354058,12.400237679524572,13.039790475199906,10.125933972110463,12.230266109176192,11.241516049473574
8.005689561189136,7.050556077613808,8.461736858332292,5.551666772855923,11.757262397132449,7.67253037425125,12.399667914547503,13.01898469907559,10.07237764301633,12.15185068082386,11.210809200448761
8.05451202180653,6.941995658915707,8.426037481438957,5.509838073537851,11.753082572559038,7.553030206713107,12.373126858412563,12.993601393048783,10.048929948801463,12.144323297696497,11.176157251172093
8.074949985579327,7.032379058858967,8.430021801625243,5.549940380544806,11.698686470406862,7.569503521989558,12.173622913006588,12.964044868668688,10.12768033081916,12.176554747452043,11.147960539606464
8.018541312673953,6.914013435805111,8.365786152029695,5.4652432237596456,11.66430468883028,7.555765612126934,12.279344792304162,12.952121473611575,10.035865780521812,12.054903636484607,11.109957070776348
10.085898920296957,8.328198754798123,8.418962751800825,4.9994619710262205,7.808954935228265,5.224311935290664,9.048647244939088,14.115611891150042,10.605619251167537,11.46865923566885,13.215696735893363
10.089655406585978,8.20711704909961,8.40962777786773,4.951121142978942,7.812782818577581,5.235022498420041,9.066382750637066,14.09177691841366,10.616671537872527,11.484074699743308,13.201553290776765
10.000873354472965,8.258497301627267,8.392481206941605,4.965172896763685,7.773360716862196,5.3063957483775965,9.083670464288792,14.069726880315933,10.58069729311001,11.442347170721668,13.19188268215697
10.004179185855438,8.09788605594799,8.321470235678019,4.885323966830163,7.761555762841033,5.165166872800897,9.026099641946834,14.054623639289563,10.547695391250205,11.426622079731645,13.137496382573628
10.022605005905481,8.10717104978517,8.341987588858087,4.911019578761933,7.742305567511437,5.143351546250704,9.07560444504855,14.031554334304587,10.573971518303038,11.439915368514987,13.16327931951777
9.949545946435554,8.152761256808478,8.296430136969734,4.889513365535562,7.70431107197564,5.15431869690527,9.009422979420139,14.018854531574934,10.549324723045366,11.385853545868226,13.119705269984882
9.863437250809383,7.997984380053034,8.387003509622806,4.926448215926405,7.732807530422021,5.200704537681037,9.025431470891888,13.998780498233753,10.551956934822003,11.411005074623478,13.108976707769601
9.851418518919637,8.02535650124238,8.290565801076019,4.866679392690169,7.697777069532567,5.110380050855816,8.989169872913587,13.979327454737954,10.503846093635149,11.350924440512953,13.076511718258994
9.850399666199701,8.115740023701933,8.297925451930267,4.840681421229487,7.661161000241354,5.054545826170314,8.978411116642622,13.948919648667722,10.493472416848858,11.3488881283344,13.06248843007674
9.867954785980151,8.14308462108151,8.264586500809637,4.803109892054781,7.647680018827944,5.132918470395192,8.946450055082783,13.888941342143683,10.466402653746805,11.309101444990917,13.041898139739233
8.417068328002086,6.789834737622278,7.749154825609715,4.658184179124077,11.70534429817346,6.809358118351592,11.116673452311112,13.062936746036945,9.871956751512467,11.915967714391979,11.402572011540137
8.19516809054191,6.7868298110532566,7.696086367738119,4.70652271036886,11.632560907328099,6.609738507017018,11.260562487196248,12.999783103368067,9.746684283369076,11.81107184507736,11.294253567517915
8.178376877190527,6.912621201157546,7.670817126711487,4.557379487186707,11.619736228540003,6.649646390545505,11.139390778231197,12.965980875580787,9.731941068778227,11.837841582976644,11.28430136736059
8.153432888356418,6.723819087366667,7.65257207411231,4.48863636973214,11.587760069898115,6.632528647797702,11.143386224941036,12.942457034958686,9.708526451993166,11.808803111793129,11.268409020790417
7.964642387602932,6.723819087366667,7.510460966424648,4.405363328421638,11.461019468287377,6.524475574749004,10.843473977412144,12.915218659498915,9.64513412250782,11.697874215832314,11.131744430694768
8.051751585101648,6.705217414778182,7.5172490745448295,4.410776007474037,11.506655069264502,6.608390414365689,11.123809970539156,12.891114567044621,9.654705629041903,11.746599244944564,11.130860752802452
8.008276853802876,6.804232584606846,7.558603682406632,4.4861363934613445,11.450912108439217,6.561753332574311,10.749938387727324,12.871110661507746,9.633732711362136,11.671835373082866,11.114837743551206
8.031876468125203,6.7544616417888985,7.546886161141882,4.445262197955417,11.480195984736588,6.545285807721172,10.829062606994519,12.852415563720474,9.655809362121827,11.717072021721442,11.162975161441029
7.951387171970512,6.494913031571945,7.479268265184564,4.250081269357133,11.387308448711316,6.492845712045973,10.794741690420093,12.834605450235651,9.545239944037075,11.579141848552768,11.060997133300186
8.024593063038564,6.57040043697936,7.46473266940587,4.3055654535869,11.39945723219893,6.429289272610825,10.80998246162013,12.8164180610743,9.552265966261645,11.652906803537151,11.106452849446875
8.229416298469136,7.500934781913808,6.3097970526971805,6.653350368648776,6.4036477713871625,4.075652448077872,9.056310796315518,12.14104855468271,8.947950551482139,11.262231558468713,12.444455267880956
8.202141445976688,7.37508867758309,6.281518803704818,6.380950820896492,6.380574417837042,4.141369518534808,8.997864715786488,12.107810212110524,8.907115917363159,11.200632646916883,12.388891069615129
8.169078330913415,7.422347137573649,6.308786328722429,6.589598727451374,6.328611163426938,3.9097983326777497,9.008390093307623,12.077160283027906,8.871349410629293,11.196573343397487,12.425610370338767
8.20597102836539,7.413273507409307,6.311412107362524,6.114517627209041,6.296986531548605,3.9639828076499946,8.916628303586505,12.043080270621864,8.916014052654578,11.15678609187354,12.357579595696063
8.180936931470383,7.391045252553607,6.270862393670074,6.349993329126557,6.300051580239659,4.033256791502102,8.938753263229986,12.019108193800925,9.000606507571892,11.160047272525691,12.357824020769655
8.207123108603826,7.229242788990786,6.20711342337675,6.548123582441139,6.195402628392116,4.021375582196146,8.935950309390602,12.000609918709712,9.000318684951184,11.118666499447553,12.27024573532772
8.120516023995993,7.340662601424628,6.245546744357917,6.0999202626885625,6.1752664867609806,4.062356867608244,8.885428610220353,11.971251312441977,9.063385958633418,11.11557319193955,12.32327551292149
8.115115670948386,7.2551674556416845,6.237977338179907,6.451593188130972,6.110826579936382,4.0906340200002855,8.870291525303843,11.958767170632143,9.330126339092141,11.043574955675217,12.215138922356374
8.10328588098716,7.308289731361236,6.141176820336309,6.194949467558028,6.184469581778719,4.007333185232471,8.8235530764443,11.934198157473803,8.910645694899058,11.058643817362306,12.228180076587169
8.072287078532375,7.332194782608323,6.181028336345994,5.733125493100297,6.198569037616485,4.254824314009522,8.865895101223561,11.916823271435918,9.387314322443542,11.035954509136449,12.260416407506911
8.79341821481486,7.329975525833546,7.7879028700752375,3.509885554522282,7.306382246877291,5.051990458456208,7.7103247166485,12.651792796367795,9.31690016780997,11.827749586691526,12.29735234010305
8.730932662655153,7.1923576113992835,7.768547393849984,3.54256846346037,7.229275010568514,5.01875041062017,7.738894719561416,12.639533630714743,9.247625452423668,11.806725037304489,12.267555826773082
8.752958968613617,7.305792871261505,7.774916453899643,3.536116602474143,7.303020396941512,5.004691732743843,7.705232442883838,12.62718320425555,9.298625936843543,11.791747149890007,12.28200368106854
8.788246095480321,7.272406107818061,7.798901406332956,3.567966400056768,7.2780153034272175,5.139712355902648,7.72677123730081,12.614494821633363,9.272480185075029,11.81507693232728,12.276117178647127
8.7437885559625,7.300630350811676,7.76784243654137,3.536116602474143,7.283295593482086,5.043425116919247,7.697595519090937,12.598116197257829,9.285025161453087,11.801891296375757,12.275283930189898
8.784885118651452,7.228396513950392,7.757255475303394,3.4863552920432737,7.309658497754093,5.11932358655772,7.656515854343449,12.579324393027964,9.296151028389293,11.777793003861019,12.233331988370285
8.68092638339884,7.203909694561522,7.666809837118047,3.5521684404191674,7.238816071544034,5.095793082028399,7.649555047581686,12.557451439593203,9.173065320235555,11.729775028392647,12.178326078548405
8.722172772102777,7.318031017431094,7.6611766952746,3.54256846346037,7.273786317844895,5.057660218606843,7.602201615273702,12.542540477391686,9.17625489545633,11.758257031573274,12.219721683270455
8.774596451966719,7.2830742302564815,7.687146410468978,3.567966400056768,7.264807928581105,4.962844630259907,7.64844316727534,12.529764311449165,9.235802336344442,11.766728830287114,12.222467348275776
8.668492189633188,7.235867265900834,7.587045787764311,3.4931349107716243,7.190424812122936,5.039114743819852,7.570179758583131,12.505353400793902,9.155015570394273,11.70812531352087,12.178832592344003
8.278840114446156,7.638808207545987,8.315669786278283,4.081296809306172,6.258242135442253,4.252771798816619,7.140356192135503,12.744557923014687,9.197917976527618,10.526002125208034,11.846294080839275
8.260222799428513,7.614991629414009,8.270064277351516,4.1145101955190535,6.141009393492977,4.088214645949413,7.3482943347966545,12.719823719321393,9.23677563892058,10.517872570944869,11.822003257791874
8.277626627668553,7.686080674817023,8.134982264779092,3.8548645445293728,6.061379223602121,3.9780187767607,7.038773795727018,12.654864413312414,9.129972333971805,10.474876619776609,11.77575500579527
8.253794615032547,7.744781519294032,8.07750923992139,3.7612001156935624,6.047818627836541,3.94201317092986,7.165914128459423,12.619985746414567,9.128080114522268,10.430571949794953,11.754374663115241
8.223734466187002,7.68024749004934,8.046044016683744,3.7243537350689846,5.943877822264873,3.835141961092188,7.000121739383742,12.596084219762213,8.896251959474933,10.429479254338155,11.730318737314326
8.2314825078332,7.724564477842619,7.975900724397555,3.63465792927281,6.028733573304848,3.8705063947179132,6.961390828148047,12.586734229353326,9.013796827652675,10.410045750479028,11.720092739137485
8.182174120038788,7.69329930880805,8.045545545916047,3.6888794541139363,5.839575187733967,4.135522013560095,6.937950344784503,12.57738682221494,9.063191603454163,10.380382313921022,11.705162056779939
8.19108132196785,7.766859359441196,8.035343675886764,3.7350206366369902,5.893698564286391,3.904662583862684,6.9498458029785555,12.56882013640732,8.968734378815954,10.405257295208472,11.725482958937597
8.183074625936692,7.6352179985131965,8.029099814450158,3.7297015286341884,5.912511514273115,3.933349568982597,6.889353673196824,12.563194178618126,9.017899789696921,10.39070501711204,11.715255237974533
8.13526881224732,7.632584142798704,8.076646524663449,3.7270313270301787,5.91820662894059,4.151389765950323,6.872577047179844,12.554400594490154,9.047061676282095,10.370746098109905,11.675034393734188
9.02133519587608,7.977209537322243,7.945799426113771,5.213122538633625,11.53146803951759,5.888754848262073,9.108307646411031,13.153094695863487,9.438688135456003,9.955839619401234,11.283977740861777
9.081463526691397,7.8950676374272675,7.922510805988946,5.153291594497779,11.557221949764353,5.785737875043164,9.0705673189393,13.05902894292471,9.459766599060014,9.990207405453411,11.234664210266999
8.821148794751942,7.718986685391701,8.026032205034099,4.871798883284593,11.570750878538615,6.005422233813913,8.874261391819509,12.905093321073231,9.542206780178216,10.119679888837862,11.409586484854085
8.92266422484018,7.616507839727029,8.088705077173824,4.836281906951478,11.60254371890991,5.957735385744651,8.854997872795673,12.847783480523868,9.625271645563556,10.141438267904102,11.445760802219374
9.03902996930199,7.617765038737147,8.06478321657959,4.995709658917174,11.5327912710549,5.841803772553575,8.946721988530133,12.76113643803659,9.693671461638356,10.113768286980338,11.363592549904444
8.881317652471616,7.608821024786378,8.096485841289772,4.876892221926342,11.446434223688396,5.842448802572215,8.708988250877415,12.684250689679128,9.60640588666081,10.131982979381686,11.391578711834242
8.92170080393844,7.516378894471428,8.039236238977516,4.620606037881606,11.24807990234705,5.757709328180649,8.650499558724462,12.574265700613042,9.547423533373419,10.053837685999074,11.27220062570527
8.892876983181765,7.513594069357491,7.998081479310278,4.467184430259087,11.120876621599386,5.584581772084775,8.709740069302883,12.477817475442725,9.562240601988979,9.939291108853647,11.253602050149548
8.855907357320575,7.422247506533306,7.947136420122391,4.44916598945956,11.102484665314314,5.7496052882112885,8.60390081877862,12.399006580188674,9.586018059271568,9.888043346896586,11.195648416289298
8.733493828102706,7.391010985283377,7.7179543657662455,4.333653021235146,10.852714333057886,5.425732882768559,8.485564915269972,12.302341355706538,9.362908848207782,9.73338701395913,10.901051209333097
8.971027916863711,7.442915726461643,8.387878926197068,5.066105068171451,8.744160533116895,7.695252583185392,7.920890365938937,12.233916925954746,9.476645578412976,10.339118614130918,12.040706791562375
8.917492387146225,7.482775616665769,8.374666541356412,5.006180921425447,8.702464097932578,7.540503507885221,7.856018294423827,12.176812032176404,9.455001854297928,10.32085158680139,11.976768070715119
8.822849423476718,7.259233411859485,8.179928640997328,4.880273501549468,8.561135645354923,7.404549586630804,7.731687025590275,12.049197888387726,9.384863078305658,10.149304986321859,11.831173437540107
8.640122468206902,7.054593576964384,8.047808036475834,4.650780729087277,8.389725914249276,7.222403801286055,7.53867238123227,11.93810605062943,9.082759493587227,9.879131675081616,11.647341160908297
8.671785678203854,7.273824846922335,8.021234284994613,4.586100611942713,8.380545838368219,7.155829900307146,7.410145425943968,11.895966958445783,9.127272723528987,9.938521629329738,11.649178262361373
8.576011214786574,7.164333606382584,7.971868137280714,4.477336814478207,8.35031181911016,7.133295954896068,7.4498857545149,11.838260515878886,8.993206503787347,9.723682161141333,11.552524738960313
8.629175733578979,7.146203340529095,7.929022452367085,4.397188855053778,8.326046138649094,7.0675092765761764,7.845981436629785,11.77662217464589,8.948470429611387,9.770539481746338,11.546992321522305
8.535037474957436,7.09612333546426,7.957581849470931,4.445262197955417,8.330234232073442,7.12062400055911,7.555323800216085,11.755717383290953,8.980731520578383,9.701404687320357,11.476987818825839
8.631636334056337,7.146115798727602,7.908526039351643,4.332194246327465,8.34454470011027,7.10933464965571,7.814937990480032,11.744052177011724,8.842363707797407,9.764997217800172,11.527565989746954
8.652407611205655,7.262979170653555,7.91491807313403,4.329270296875859,8.338505025057605,7.177103643896661,7.777466733274968,11.733474542425945,8.916953166826382,9.755598983700574,11.56088607877693
8.850594049035308,7.362010551259734,9.03362705953978,5.589908451346123,6.627306238307022,7.120884404909168,8.202031813549876,13.669898833930857,10.61579445230054,11.926767609725303,13.0373393334505
8.817936262958376,7.271240312531922,8.868988694823809,5.350488048418595,6.546147560318352,7.508659240302418,8.12234485837459,13.631902267010878,10.484902106649223,11.868446465602405,13.001228957119396
8.818133647768326,7.387984226021142,8.869144998885837,5.314518762284864,6.4961044184949195,7.279694240803267,8.165275169647416,13.60089893655299,10.537385900587989,11.823586894593948,13.023710169228314
8.808664741718657,7.5194513555438895,8.885806806564492,5.313971990998421,6.548696538914859,7.43968333786917,7.991336647231203,13.584969252278956,10.663846760587901,11.853603527265568,13.053504996865922
8.766390813286918,7.28031450508826,8.86468072626497,5.164404929906891,6.437751649736401,7.202239164069793,8.081172650575308,13.558619423004318,10.38481227228144,11.77967454652254,13.000551210684828
8.71028615772758,7.238417017306248,8.89608310101399,5.193820699887425,6.4288230118172125,7.3796252218307,8.034170064736369,13.518345246593434,10.529886364576722,11.7559025798864,12.924731858961534
8.741985160942303,7.373583534725341,8.713176554297412,5.120253413283409,6.366470447731438,7.545853584941131,7.918555870489848,13.494784757373386,10.53238061604516,11.66233683679796,12.85683118256801
8.715912894019828,7.255120351239934,8.927001446393126,5.222994988070593,6.406513219148582,7.2496019332276616,7.961184225570673,13.472283154274972,10.400214252024037,11.715519309994228,12.908760529592112
8.706927942460435,7.1372784372603855,8.78540018309262,5.2199953817480536,6.34329444524518,7.270073163541332,8.096011896489136,13.448043733454435,10.46365239599869,11.690401504852174,12.843526191865928
8.713450525948671,7.22175466056298,8.64589516414284,5.407869106740682,6.322764699387604,7.289223641161888,7.9939275471235565,13.417862268766628,10.470731316206917,11.72192907232125,12.851473421178175
8.405576106405379,6.8039367849087915,8.108546358987274,3.1403134542881745,5.775586196443923,4.514637416165986,7.655727287966097,12.031796967032667,9.358051313699447,10.83546526442927,12.548628206229008
8.384661933918375,6.745040247904763,8.147986078289124,2.950269841337697,5.832208259987694,4.5279291416547265,7.556451199698395,11.974507271702885,9.34590996393552,10.808008851149149,12.50191289108231
8.196877728349754,6.577011051946358,8.07519202851248,2.677973051208397,5.813466968431984,4.379384271705689,7.518148675219036,11.922576245383874,9.363824162911039,10.730939298870188,12.481512883229772
8.418020895834692,7.348766266562179,8.006652713658927,2.884179849760043,5.939293683558704,4.253403747032688,7.417473621938937,11.864182704073244,9.298452994122716,10.821826851263628,12.418242292086935
8.169820874981061,6.775175810277098,7.84029986635102,2.4756043505836263,5.796057750765372,4.379384271705689,7.532052433209419,11.826474663269861,9.362317261976253,10.637880104619635,12.29914481781742
8.09618795761068,6.339280927074137,7.731916103420583,2.3353745932363394,5.713366038588637,4.36253234983528,7.372076122997168,11.788010611607517,9.169437355423732,10.555762968847743,12.103367059204231
8.074801270831736,6.3525325972095965,7.659784387278305,2.556365699977038,5.613533535139631,4.5445941504913225,7.236131336961371,11.747773143861435,9.168464581783255,10.547257146515374,12.150721245104693
8.044676185483848,6.409169261367644,7.648512031849016,2.257123184033459,5.729378029065382,4.486261529558276,7.225918058687505,11.713081027792523,9.09791794293489,10.569231561482484,12.039213395394619
8.081282622120636,6.4627694075101285,7.933386597114637,2.291411904755465,5.7415776850835964,4.326484590275316,7.298249622322145,11.689138122627874,9.197817847427338,10.501336997689316,12.127840617049715
7.976725133044947,6.1867800244061355,7.650998646682589,2.2216157894964943,5.594711379601839,4.957468878090175,7.159326460965657,11.666928991113771,9.11889493651733,10.386238751723742,11.960585988440318
8.773754325632131,7.193435351268255,6.716917566454053,6.524377773859007,6.908887967248511,3.9971807321357966,8.755460904229121,12.60900064900851,8.300004099569335,11.073952348410502,12.636799310040537
8.729639733182111,7.114859777619987,6.652346767080652,6.612936695437312,6.867650620864594,4.229263928665159,8.806094520272747,12.564358208380638,8.30229334470463,11.040015037316515,12.667126623634813
8.750111040664988,7.220129966463314,6.628247122208134,6.825460036255307,6.878120473852446,4.174387269895637,8.728465669936927,12.536568128316842,8.266450028218072,11.003521607848208,12.648823547612796
8.746848825815798,7.185639506429192,6.698870696164686,6.873048806893196,6.93862929362246,4.219507705176107,8.75376090136594,12.518047453900598,8.40030975000359,11.034316560802685,12.648168577460124
8.758630607318333,7.10642397359544,6.811293320134914,6.695386804957897,6.741726928074189,4.064267068816883,8.820259648027966,12.500254589636103,8.310278349338791,11.090921507575278,12.68375987461106
8.674681152890557,7.082828404253278,6.6864711104438666,6.556462652919928,6.788621332506487,4.096194683025973,8.78825795804458,12.4783392156687,8.22073195328288,11.000098395146637,12.508509906156357
8.753345098797244,7.106515059809343,6.726286686310835,6.477485046829425,6.829697635597487,4.307063566260306,8.736814100706034,12.44781265037792,8.32412071644859,11.038584085755595,12.55795372837118
8.750322276132316,7.038491103896024,6.719737529643301,6.721157930003487,6.857771064217947,4.118133351853382,8.72169653326081,12.415516786968821,8.446293742135804,11.000849615497675,12.572174185825816
8.725552436268634,7.260912936514902,6.6907594541130315,6.452749718308582,6.825122183315379,4.139601189208451,8.737295678578628,12.400194443685761,8.315022606793615,11.060447886605582,12.648186072687762
8.74734325013067,7.110605416824332,6.684945009623326,6.411453307852497,6.695414281909225,3.91424273999351,8.698110058762419,12.373490873277506,8.355797814026749,10.966271722302933,12.548604659166797
9.812152904024744,8.553051419285229,7.943490875576201,3.091042453358316,7.088501520618467,5.047716990414064,8.42100529393042,13.1345486566413,9.143106666891136,10.732983853631577,13.043853577560348
9.844540481001319,8.536906489232463,8.00438783260072,3.0654654043147587,7.117655977516842,4.8459353211848715,8.36438383461291,13.058530787774469,9.151532363243584,10.704064356672966,13.027307976257166
9.72293908928235,8.503430024051465,7.829170633518545,3.00678199985046,6.936666619238215,4.3985558956414845,8.273654169308864,12.960363842409638,9.02610899223081,10.610966266558485,12.945863375763686
9.56575274150318,8.514943997875777,7.596872128658741,3.1110429220451636,6.747977682712244,4.526607815408065,8.146296968467226,12.863881092749645,8.942503046194986,10.484860172751015,12.82865384291154
9.66571811817114,8.33947170525528,7.720984086966689,2.8965255621208477,6.808548633806664,4.776318470273808,8.29336051270828,12.823223679290692,8.975783322538957,10.471369084888583,12.724668171940547
9.560286505863855,8.64262884605909,7.567035390030505,3.0392174386852178,6.733930847153921,4.5456560348707775,8.236720622592454,12.783196865589188,8.876124033502258,10.423555335569882,12.769784319574347
9.544064391419887,8.514966269665589,7.590380633766796,2.93857391853757,6.732872656578987,4.518158845362097,8.22930961599743,12.732011224426179,8.794048532758312,10.350160358691378,12.716349285302023
9.496548024755292,8.547957307751517,7.545483709256675,2.799987426157589,6.646101875792888,4.503506495311221,8.229576300840073,12.677082781952576,8.842410262772292,10.347847465887668,12.697600084754143
9.443242376726365,8.580979345846945,7.448631492780095,2.8266560092995285,6.570571681403703,4.5254051814181455,8.091940255222385,12.611555975705649,8.857228912706034,10.331896681273385,12.645188675157794
9.401228831180115,8.275118799639253,7.413005388414942,2.772588722239781,6.535563744412652,4.2626798770413155,8.016435238153502,12.57163362479908,8.77842690320366,10.230115861293173,12.491512414234377
8.844267436359768,8.63979816327429,8.151698516312718,5.490497583326847,6.72035417510476,6.290333802769858,8.75429399592946,14.228557480963952,9.335415275448964,12.237737803913204,12.964018001022538
8.740917906621993,8.273781736781745,8.102498958653182,5.462606945021283,6.668369420154873,6.112452308806565,8.716856107239032,14.15962782214893,9.26995009966764,12.15259058327374,12.86838431642087
8.800494013190542,8.325755543438415,8.108101516256008,5.388767254244773,6.642631653978609,6.091812515917138,8.829268644863813,14.092963196032946,9.129792907184203,12.089813011401969,12.862704286198026
8.65383335829075,8.32138645127698,8.03460942867159,5.274935017687114,6.590758814284922,6.1018126117395335,8.73993844101885,14.029312433603407,9.062226986125417,12.036696467931192,12.77159703845703
8.704312480663855,8.295928429072205,8.000438917885724,5.428565587959447,6.685167123407156,6.029883665031173,8.90457880869549,13.985597717691256,9.097320971795604,12.053631069161518,12.77971411999493
8.808497031343114,8.209117917313568,8.050752984831869,5.266367925505338,6.66540059490436,6.214163559629462,8.973472516772823,13.864453885003675,9.239920748742277,11.984302664311494,12.745556407148658
8.54967544049166,8.057824366836826,7.965290912234436,5.270946169751904,6.5171787882938315,5.952088277856478,8.759522186666977,13.725277694525683,8.921309241955306,11.920888413808521,12.68716429704315
8.705932995458422,8.341905506046006,7.963746114797755,5.147106785391776,6.504787046085029,6.114910540132964,8.74663862171349,13.659174890943465,9.010899783954885,11.887014030124769,12.696949679351356
8.719929025011977,7.9518996500007875,7.979772592298061,5.093341098731011,6.502623450330204,6.138686507270699,8.716364582392016,13.614339323674573,9.120050900993553,11.877613562129694,12.622571545751162
8.756099849589805,8.07162458061074,7.930701688229973,5.08718470731536,6.578942525482428,6.10528913622008,8.893414084221863,13.586663760126346,9.113009263069577,11.928984847644406,12.677979739817598
8.342355560854063,7.136606955905388,8.034202483558717,3.9951378507889577,7.63379980400377,6.470971485896855,9.035664181545554,11.920210397659378,10.489454661939599,11.795429487757069,12.397506585951687
8.329998446304668,7.1845786055717475,7.952579936920523,3.9274588573216604,7.611732492452818,6.504953281644521,9.033611149291737,11.879327062352163,10.41632781235939,11.82718487687154,12.44547472991806
8.282924090049221,7.105275564382482,8.00866492669893,3.9807196197019294,7.626028583031073,6.33110636244617,9.04816909498145,11.85400453411038,10.434171357643379,11.718271939157779,12.418023435378245
8.155543990635367,7.219349171480231,7.8631427855602904,3.999219631924693,7.605171115851392,6.381627996347151,8.944747344960295,11.824267096303414,10.376448609901999,11.743952879046557,12.342492148259266
8.256367964822154,7.05544705348761,7.954181088527032,4.02535169073515,7.4991773057195115,6.397114821405163,8.937460792053777,11.796964241973754,10.3797217315325,11.707950617977284,12.317070093784073
8.200370629218039,7.066410082853378,7.827555401734293,3.831053918798093,7.550252232026913,6.415096959171596,8.976733941390803,11.771839339220213,10.37528124522438,11.728250441854298,12.347797250014697
8.207998408388999,7.048618067377822,7.9104316377718416,4.021375582196146,7.589672979276021,6.453450007204586,8.976467241548727,11.759713491712379,10.380925285852333,11.804521036385644,12.385465705501757
8.230390731991465,7.0708562650521145,7.896391479570079,4.041100067234538,7.588942331498886,6.369710707877782,9.009985182292404,11.744567027923507,10.28470929882568,11.674502217453602,12.293526133107846
8.265498690631212,7.0946404814858495,7.919643018612456,3.8872748812970377,7.560022593555639,6.399703587639038,8.94406602880457,11.72539626454813,10.387144083131005,11.684172405453907,12.337720452821111
8.286848775998644,7.059751261973688,7.906019162945501,3.9951378507889577,7.540857528422524,6.45642074070531,8.881382497882603,11.710350900249109,10.357654637433269,11.670185021485663,12.262941569935988
8.905598041374226,8.72392005611789,6.303127600951926,5.848684171342763,10.666557172400957,5.475067892259016,7.37597955111052,12.387009401346367,7.541624153847746,10.400850290378058,12.621028536308152
8.872287776445402,8.716355477072844,6.2033224342081414,6.124197014426655,10.606125662400904,5.136451811789786,7.496430437945371,12.369550123820732,7.235859263531873,10.35824076082301,12.649112561750687
8.871087383445621,8.810825857912974,6.23430177860738,6.077897050332519,10.668970898509002,5.210093127065236,7.499386394504825,12.346923801279624,7.317654986370557,10.338612860010347,12.59672228531382
8.869760600170757,8.713802924320454,6.247075288559693,5.888570127024167,10.634476290603187,5.209486152841421,7.4610271754939985,12.326925483052966,7.359113941084525,10.388315479091673,12.57936310080726
8.848767739632358,8.688062382834417,6.183346734244265,6.005257880199222,10.588960920063737,5.3038575413987905,7.408894137158584,12.31252501490373,7.165751038488229,10.28718485913754,12.592317216894577
8.867211361920173,8.786373490774002,6.218489436275709,5.692983643261574,10.660722631781097,5.279813878005548,7.516457481078181,12.29401682342157,7.334184287560125,10.388312057991417,12.575126580391691
8.80502858561364,8.821586516314413,6.218489436275709,5.800438536233981,10.611876320971414,5.306616185891658,7.472020561247337,12.280251992125965,7.429191079221621,10.275695345886195,12.70539472316512
8.78525401961094,8.525317874610181,6.1650676458568014,5.787238151518823,10.578617843810271,5.2487769034747656,7.364997267531266,12.271372283210674,7.055408705871626,10.283270873949155,12.57723309389793
8.830594991721695,8.664656801403419,6.191794270809505,5.760652795149395,10.636592354233267,5.155857317554613,7.403562013748761,12.262858746253528,7.329093736246592,10.333533975333966,12.714157216039762
8.817959293909443,8.737258231373247,6.1587429585310955,5.954397058102829,10.634890771725471,5.209486152841421,7.472968071566569,12.253504692113374,7.121252453244542,10.322395967117334,12.674201984672335
9.250461321141556,7.578333009820441,6.7734743941299,5.8522024797744745,7.7554340182543395,4.661340478463549,9.75617915183667,12.676908497819726,8.612846746805872,11.177482720400175,12.511549284738116
9.180594540905837,7.490113659593719,6.719429058223431,5.826982898619176,7.707312426333382,4.7535901911063645,9.761527083997454,12.637187378780226,8.54931612482113,11.144673126021335,12.515618210419834
9.231082644921985,7.663057937235792,6.814433121750764,5.849324779946859,7.784796853778486,4.720481012697105,9.72300430481618,12.611656931736347,8.613048677059759,11.142208422333821,12.552405314267887
9.139539915648792,7.544819936136165,6.754746536895721,5.809809448181638,7.629381931943865,4.602945513237695,9.730819252572234,12.579393584068642,8.541235186547306,11.115638987100953,12.456298234318227
9.122326068223598,7.73214025262698,6.698692674185828,5.769708907198995,7.555265652810974,4.7381458492236375,9.705090812953246,12.553644481620951,8.546363568716018,11.064751687909107,12.423118174964792
8.994976205131238,7.484324945702192,6.593972569138143,5.765887474681706,7.453819335599813,4.566660308131527,9.720011996541155,12.532639958199809,8.471614531043608,10.99251198727837,12.35325778890836
9.125391109910812,7.629668068648332,6.674575419493816,5.777996257878401,7.604783807356862,4.428167817196935,9.652772944398576,12.509054083555846,8.541018219959506,11.070042803774102,12.387723236526913
9.101842842141615,7.448806148886015,6.633333051594581,5.817441789822937,7.6407639913656755,4.51451578122361,9.778503652650457,12.487243482496982,8.525910639809782,11.041281914027659,12.383525517656835
9.001514663154655,7.462297900140782,6.5916889719473994,5.655603238832039,7.5140728860251995,4.446565116748952,9.637414753497149,12.47152989953937,8.46739585331738,11.005033127576931,12.382735257699329
9.032306940815712,7.494386954918997,6.5594735844014265,5.667579414471503,7.517701991804668,4.31154461924798,9.630190407786332,12.455438608880026,8.45819779818585,10.99093833823315,12.378507620360207
7.234642035612582,8.166162605220471,7.571181809153833,3.7119446456117045,5.5053315359323625,6.054804443932356,8.992339131290182,12.491256349669792,9.130009659749984,9.49702528042515,10.620713607143568
7.319334988090155,8.331380212294585,7.649105151183315,3.635830145150655,5.582242402669157,6.238845329293265,9.261774656424167,12.431045810959244,9.289582759786889,9.56817331207848,10.659290232460416
7.284043292055958,8.167613649754701,7.701647340025634,3.7010276154919546,5.392616944957662,6.282142122308255,9.265093673628954,12.38791603247748,9.219630418553024,9.475234766041536,10.620417989176383
7.230868841656535,8.116592897885486,7.64693220296774,3.597007830692723,5.560681631015528,6.100169456541239,9.124736489092752,12.36232511506347,9.1679314710691,9.556687500254322,10.612304649405793
7.395571542094011,7.951962221814895,7.458820327607626,3.4911057250562507,5.528105473825948,6.191089245706102,8.677575840691437,12.290429316729476,8.961137997167853,9.50764598946672,10.579555261254159
7.150945435670592,8.078043748728705,7.485797083253969,3.507890409131654,5.376306675132239,6.190861711519061,8.661220421028892,12.267530593257632,8.980787435616572,9.52209209911791,10.595282708522621
7.238560696614166,8.078147171256495,7.313435177354554,3.48771477555111,5.476463551931511,6.163876057029024,8.445319984313924,12.252266001767694,8.879085611424056,9.527608754300879,10.489308088372606
7.268517412968488,8.025490951240746,7.497201061232031,3.4601647879178667,5.609064716002475,6.333555895480571,9.244733210250837,12.223926970872991,9.08255750373644,9.414689747607913,10.60592092712256
7.1676207008645,8.089151812336128,7.477912136969906,3.435419726322709,5.624418544894139,5.9455369369187085,9.141064127128507,12.182892949027384,9.050236824270275,9.37753325023784,10.512457517800552
7.222955235038514,8.05946238681712,7.367771701694805,3.276725399801283,5.6240175061873385,5.988237119562152,8.651455983752768,12.151728737855189,8.875846177738598,9.367756191428633,10.522278097489696
7.704912062127601,9.067177987595763,7.730008797286546,3.8262230398378883,8.111794749085862,6.729292937826694,8.822728280142396,12.626383343860175,9.201400530406708,9.79491695173035,10.895678474895139
7.776814632548673,9.114712585940339,7.874891204861861,3.9869243342198204,8.122272298173256,6.733401891837359,9.048785683331095,12.603751631406325,9.235661512854918,9.76416673520101,10.957082523191616
7.724544837896037,8.711629950209517,7.7751638410544714,3.7892273776969607,8.049817217259077,6.439350371100098,9.12900738817096,12.584370220787832,9.28003225856181,9.688324571587858,10.90935834091613
7.833424122577771,8.883581694813667,7.866705251645549,3.8595593422155856,8.13846738147131,6.972293803244709,8.819070697252377,12.553736034875083,9.406144700494906,9.81371357544205,10.889832192798442
7.6570727331099775,9.070569874264427,7.771704213297144,3.8595593422155856,8.208733794885664,6.694424536689164,8.627437761439449,12.535815984275636,9.204825191288073,9.721431293947493,10.907930991235157
7.735336223656961,9.046529104239548,7.824072678500707,3.9097983326777497,8.064915961871577,6.623917660471468,9.001918478332843,12.50930038059316,9.093132171070641,9.642763276102817,10.825521096254755
7.642683991958572,8.783535856159489,7.739001184755474,3.6999291804104053,8.11246114855008,6.583716533163499,8.874957763094988,12.492964030470956,9.176300879407783,9.650699181105942,10.902542823000582
7.644813013947063,9.084578086105234,7.647552769188342,3.8430302053697636,8.116251170708342,6.668369420154873,8.91158686609719,12.488413437029122,9.134238961012143,9.688104091188306,10.840910528550559
7.672292455628756,8.988212970456853,7.587231658514841,3.7689220848643927,8.084973344972138,6.382379868564437,9.112271724796578,12.481025755726483,8.972844314437573,9.679029248563292,10.796736403103035
7.798021401351774,8.754304515223517,7.701431321035305,3.7791263827231343,8.12992812126131,6.597600346132843,8.747630964692972,12.47088395626705,9.09965707318679,9.79173504656559,10.85455044220512
8.07963868283207,7.6852333965266375,4.422981900313147,5.418073742775451,7.053969784808352,3.76274938007977,8.38340779853638,7.497145596235086,7.087944931549004,9.14765849633851,11.2665725650262
8.147597032687083,7.87087870614726,4.5303269127975785,5.570462716778323,7.155916595872415,3.9417975125590576,8.608170766300816,7.427606715276793,7.278552258911295,9.356312939733897,11.532707068123834
8.252376588222672,7.863044476237444,4.566775763362746,5.490772570724991,7.177612768218006,3.917784177957782,8.632325804024712,7.379909369328048,7.258177383603073,9.250092994602074,11.45541957896882
8.1367978618356,7.713327960314986,4.551652208300385,5.467122064147663,7.067888033327045,3.9374741595214484,8.57878989025973,7.305113541906117,7.0768414836439835,9.240468591680479,11.7387886037318
7.973101827596614,7.9648817730023165,4.450593515439668,5.438079308923196,6.957285911794128,3.867954914700402,8.355458267446972,7.247080584585756,6.967071855091437,9.441591413392754,11.351480076667901
8.191358397651475,7.867054414720704,4.336709657003299,5.32517563241759,6.997088029498139,3.9673525033761146,8.63335516096577,7.239613716956031,7.232973952554746,9.173604923432832,11.258874008743323
8.252868784323773,7.708799756348078,4.508536921292847,5.476463551931511,7.166780644756792,3.7259611022518726,8.704465436637522,7.181760918928057,7.221835825288449,9.324262134949281,11.473922070377558
8.014210802246687,7.794264693140016,4.316153890523174,5.244095788920987,6.887665942788889,3.788221947748009,8.244888573531803,7.165665191383215,7.052817160530439,9.031343947596953,11.131980108951945
7.948761996203176,7.512423336849615,4.302712827954156,5.1513629728963926,6.765551463660464,3.453860038045461,8.177359755488268,7.102499355774649,6.990461102029331,9.009987897209788,10.988942738891145
8.032129166394848,7.44683140487799,4.276820412667734,5.08071400251552,6.911747300251674,3.5915116338186386,8.271860834244858,7.085157346574442,7.067603977083124,8.995203569676084,11.060177780780416
9.597654332863932,10.335709987723625,8.821001205135984,5.881463642591328,9.377444882906385,10.727151168708154,8.998208194845168,14.691952206145245,10.432801214316083,11.69586238797089,13.288254317504745
9.564868457662998,10.176419711123808,8.634707549204176,5.988404319383971,9.257075515560308,10.613371663736856,8.94887747835191,14.586598500193158,10.311468013157718,11.497449437748724,13.200344392023938
9.578324349353144,10.124945239178732,8.718271076692636,5.9395862921906915,9.215593218589218,10.54418287309365,8.979783297028254,14.531149236672732,10.18958503669074,11.532197232463705,13.1613713756277
9.616336450427974,10.032462050393615,8.638926931862262,5.931655570687385,9.150307241506745,10.403410625598495,9.054741235975914,14.513072871907648,10.160422575307415,11.480025480489665,13.083121522701166
9.526728941570394,10.108340399734068,8.643108991640919,5.784850287499081,9.127441737690443,10.483077132670003,8.776479218352787,14.491594943457526,10.170099194496279,11.440344975205683,13.122471504898341
9.49062599148564,10.106101812597846,8.577501945940087,5.85443498587719,9.131838143821225,10.50510102448941,8.920733485591368,14.470267916976082,10.17309051163043,11.473367486037237,13.168216024950487
9.504515485687422,10.127714960665273,8.557895711919757,5.855071922202427,9.111342288607442,10.461479800958514,8.928009879574658,14.443374649897057,10.177666364950163,11.444069250823809,13.055997670945235
9.463661304657851,9.996071798082578,8.580635278564685,5.794705956043481,9.115406787550915,10.483904535419615,8.870744149990035,14.414362938047786,10.22084168950436,11.415404264871006,13.084526644781628
9.485061310399784,9.920448455268746,8.425550501342324,5.809809448181638,9.095565308207977,10.429809157709037,8.880217712456352,14.371360667802461,10.221221832912033,11.387438832712533,13.005876151815825
9.50400203101296,10.006535396078142,8.480676729357715,5.7376469778678185,8.996459345724029,10.33580013132284,8.977051081267799,14.341661749647551,10.239014898603116,11.391982190991838,13.03347693447862
9.260294937015344,9.449680054992461,8.284532270782487,4.0906340200002855,8.50987760968124,10.212955578309765,7.916977607710089,14.24538536963319,9.863313495975396,10.926385622521849,12.315168725272416
9.315871872915192,9.530771137292227,8.176735243991976,4.062356867608244,8.369285944734886,10.090676872109064,7.709218603025541,14.183202399087877,9.915575311323218,10.807163045842696,12.163418591886916
9.280603103516132,9.324382096760106,8.334738292132569,3.93617342227648,8.418403632988277,10.120765043310438,7.968634931560894,14.13113230704447,9.922625470726857,11.046800171966396,12.35670767652841
9.390846392514456,9.33792117855423,8.307623760951243,3.8642324115218654,8.377036726527304,9.879052545537586,8.072612965619394,14.098727493178977,9.779447482466283,11.196765878051849,12.44516307786407
9.246544788754763,9.45390422488456,8.207613855609068,3.821368710152713,8.354491238111803,10.013079104522614,7.91863673919019,14.076486149271359,9.813453429832148,10.937029425569198,12.330933831120232
9.318896775539601,9.401951058404682,8.300086933912857,4.081296809306172,8.458480629572502,10.036365954133409,7.944657636056495,14.046275728584439,9.796446613535311,11.124861082341347,12.401995314218137
9.306731785218723,9.257646896095808,8.237097088600386,3.8406464380513077,8.471916847244147,9.96602928986466,7.942251673637694,14.00839866568405,9.749163709633676,11.12056544223024,12.342356614413378
9.27962905197415,9.261539272808802,8.249110384407546,3.8066624897703196,8.366706161553482,9.99852496787088,7.92263162782748,13.95099367806527,9.729768884747727,11.037253892197292,12.302065975752287
9.207648975415514,9.32541257575684,8.201203088821265,4.0527507421433375,8.295132386220834,9.99620346103587,7.770279483706341,13.880320896318699,9.740053171198978,10.919733819461593,12.240344219469172
9.204043923885548,9.163480510123915,8.157274899219518,3.7612001156935624,8.346141227144193,9.984785881894412,7.970671302991973,13.779984446022103,9.667596428188409,11.020999373905118,12.314795053704163
9.07142051964366,9.47529018027339,8.767204548846749,6.474062147703035,7.808368197685595,8.191339930174422,7.589841512182657,12.687111516065467,9.719157312888868,11.526049302741063,13.200224301598292
9.072976883958441,9.355622317151303,8.655191260820835,6.366852196162075,7.655601058293747,8.140995580017485,7.499361800046494,12.622348916641448,9.723150691729487,11.394716463565816,13.07450846907078
9.053229017507237,9.060045765931008,8.676299192192815,6.319968622080018,7.651965172847858,8.007108033437778,7.4507253554291175,12.572262209344524,9.601601373702824,11.295539335598722,12.95819823088161
9.065042243765209,9.040380757345986,8.670920925243015,6.328531838791666,7.554625802864424,7.98767543312866,7.444703388192654,12.538130191406976,9.591581091193483,11.236082657129801,12.845528160830133
9.06541478797052,9.208927151850867,8.687232219162444,6.446072487349651,7.617759576608505,8.003437352092119,7.4481397069314195,12.508177499493298,9.60223980701022,11.235771920671784,12.929436286881232
9.006383790342635,9.205114518961214,8.676735027666343,6.447657971700401,7.592141978336985,8.008772081155897,7.54890716617932,12.486369388448473,9.633870941865515,11.275225509141336,13.001234099315852
9.05541087094641,9.075867584378427,8.694424034152048,6.3561076606958915,7.5580529474548435,8.007663024849776,7.521678862555772,12.464239008549027,9.632218199502374,11.215616909991416,12.899813649741949
8.995589282726867,9.1674085147184,8.609423887200414,6.329324712966793,7.594828495312544,8.058538255848584,7.515344571180436,12.44670962402828,9.60204456483431,11.25434369341836,12.979500300371859
8.920282145371466,9.201511512039362,8.621809429768412,6.387440323586506,7.584773077612199,7.948699220286884,7.547736064628104,12.430125783045403,9.545645261083763,11.300173978613477,13.120750165757856
8.866500169234014,9.325808631938614,8.661328166824951,6.29156913955832,7.62657020629066,7.916483380818426,7.591637451601512,12.406118373004146,9.579955671788637,11.353487145047856,13.060492087145866
9.41641100694098,8.373820516986768,6.732475534329274,3.685540636460458,7.640390233185382,4.918032532591818,9.162046084489583,13.249570684530399,8.43511508038063,11.74033828995263,12.350768050515242
9.428195296725796,8.296391341178664,6.751751035700361,3.726496237428418,7.552878667134779,4.988616857707305,9.13141500293062,13.22741382499202,8.406584358515003,11.708151547225532,12.335478491170322
9.437560934573675,8.30598918916791,6.771044230892464,3.631132749617909,7.58550677180741,5.06862466629836,9.187433330629242,13.213658822060939,8.358171408003782,11.73951303435992,12.355600992159289
9.44069872271954,8.336800439681276,6.7402566537072515,3.837778223916451,7.593933789666549,5.072113574971504,9.083980661821093,13.202113714132414,8.427171227517865,11.71236012409046,12.365602877186564
9.40153540609722,8.222207474837278,6.6974456815344805,3.8305719231271564,7.526059175574416,4.922896379788249,9.091391656804346,13.18790678929502,8.46353452911882,11.663995404185576,12.321069333767932
9.383963092529129,8.389193140106956,6.768365490848997,3.7318326160827353,7.513406114065153,4.988616857707305,9.068876649444231,13.17427435987431,8.43161109578992,11.682388031526347,12.340265728901581
9.431763332723026,8.282831395235497,6.7254337181881825,3.739783810374859,7.585168212950582,5.005138749064901,9.157277091033574,13.168959368936616,8.365051602347199,11.672830224937378,12.33310683112405
9.420228456487942,8.225038912205651,6.705231018952295,3.6399226385589336,7.521799125935207,5.0323243109749445,9.190600142393226,13.161437690957095,8.404546939118848,11.707692586764692,12.307045800787265
9.373220458848781,8.12702383753892,6.72048817711528,3.4890727186641635,7.551828920725847,5.025779309111579,9.112810842837018,13.155344988292878,8.341410211461865,11.690824478972553,12.279421460564892
9.415596900052634,8.351516339750356,6.727165557694994,3.726496237428418,7.567288223483867,4.8916849273739995,9.097343364617966,13.149124937670049,8.369285944734886,11.677542325575788,12.357602990505276
10.081441715718828,8.689602823652827,7.994973268476432,5.574685691741769,7.257629372473451,6.911968610422127,8.916255623402538,13.465328363450302,8.989749115783978,11.216085886525908,13.484033340989322
10.17208321606111,8.711157815543237,8.038372137081188,5.691109915900559,7.306978728402961,6.97665925451796,8.942028008288274,13.442760011776102,9.029617536945286,11.291216855883805,13.519550106680782
10.023621895922846,8.676177882845755,8.006593468799327,5.61596269827254,7.265274312576941,6.862176614422974,8.80165675602382,13.414427567672517,8.976051609135638,11.174554827525915,13.380532117910676
10.150515585112483,8.775796546367351,8.003998096001512,5.643481858677538,7.266749753728147,6.931580305572493,8.899779301207657,13.375527052791114,9.014663360405322,11.228767398176865,13.447651655258259
10.049489406540866,8.625916048662852,7.937061154156995,5.565371462696832,7.305113541906117,6.923409883743175,8.934209108664618,13.338547908584871,8.906272937679983,11.22436433959795,13.372021031530345
10.042465129551102,8.636089681618637,7.944259668822159,5.617982472746331,7.227178234796087,6.979559006974616,8.95173082691919,13.313973036288425,8.947892771136313,11.203604885409742,13.433485668777603
9.929370242557015,8.39568823725628,7.8930785860883725,5.534267443133686,7.1731917424865985,6.869245421910793,8.814911399455697,13.291456039161123,8.854474624835108,11.131196251797672,13.27080093026519
9.855275471069689,8.474155782176021,7.894736402873001,5.577631172522578,7.12098316820221,6.736043898661675,8.883104019170434,13.261652048378156,8.82583734961474,11.06810412789493,13.281869330217068
9.862183381370729,8.321270220541086,7.844898196976786,5.530310524328656,7.161018422838429,6.8069522621314835,8.742222962698563,13.24493658111811,8.862263280347264,11.087339108879704,13.250406799744793
9.9047351075157,8.511251128274338,7.840754530845351,5.526780066077246,7.192767124549162,6.677503184234241,8.794996629939565,13.222942158775377,8.841785617406234,11.052479394165546,13.212110150521088
8.809682026352947,7.520987059181293,6.352610040731551,1.491653876777217,6.6375492339660305,4.7535901911063645,9.029244730640713,11.038392125339188,7.712095929398169,9.564367925467229,10.778193035769027
8.844642301797201,7.450111871611371,6.3255331115080375,1.9616583497734403,6.482597542627675,4.895349163576115,8.783072638077513,11.018122275211397,7.820484118843901,9.655784452481285,10.781502582417266
8.790507541195106,7.127292334702235,6.408510487761846,2.0512709504273845,6.386318000236375,4.836281906951478,9.049219158159763,10.999462663238546,7.815117381008852,9.675341928564677,10.868179801637703
8.829959669453588,7.485460429093518,6.285356473444067,1.6314166017615477,6.422525209625327,4.799456874243795,8.921591063563978,10.979567892697151,7.738826967041132,9.62476889241043,10.72949221816465
8.790338448496403,7.278743959860501,6.382361080338228,1.6739758085714762,6.517014572841578,4.902802614045515,9.150861621648183,10.964866692295876,7.776907815235137,9.588430476497825,10.88468007287079
8.777077460157983,7.378695969049213,6.336215916928957,1.5869652838547432,6.40007286016772,5.035508573292263,9.001127119439976,10.949097094254165,7.813232195747874,9.603526699454791,10.787088412078742
8.762612996715403,7.491304584499562,6.260409667854589,1.7346016436232274,6.413276793035495,4.72935243625942,9.01997320307206,10.927790880212587,7.70396032563608,9.579083864038251,10.73387029838816
8.71065798607866,7.486955804931375,6.345226926144461,1.4663362995623619,6.560873496544703,4.843311821636304,8.989832233658463,10.895608645457418,7.813187267521416,9.483039932030755,10.839893281149342
8.750051182001007,7.489877782767791,6.2499537941530265,1.9771623848670627,6.497445112511728,4.542112061855274,9.087670415248853,10.883882961451112,7.608264185420768,9.462658617597171,10.709433516199342
8.765200180144062,7.582031064614416,6.227831403879311,1.329136535515063,6.434368156172317,4.539742416252824,8.992046154861628,10.863452314695317,7.718883004581093,9.482439153454731,10.712221284245565
8.802535863102644,7.9281337152334,7.209701796269154,2.6469624303822115,5.99257503029323,5.238980121955825,8.059451851258698,10.940401332832154,8.707831916145503,9.388137821244479,11.211842143706063
8.764136598688276,7.817142234539498,7.111457734919626,2.677973051208397,6.150128839528579,5.093954658431485,8.025007571649384,10.872104622844045,8.691799879997497,9.348995421971939,11.11798230643883
8.719876405494496,7.635153580278046,7.0735898187641935,2.70805020110221,6.104297082567289,5.287874125234465,7.950894007764044,10.817299214053099,8.613734936169388,9.314064549162158,11.093519465937822
8.738161934749035,7.606122148234233,7.120929299258856,2.772588722239781,6.055482088809331,5.2223358635077854,7.864291840705556,10.780937659014498,8.67927424766151,9.365552393523863,11.10725783640618
8.71312175161641,7.81808159101495,7.073872171541022,2.6548055303333857,6.009086145728544,5.432411101028736,7.89989532313973,10.760546664091596,8.566279608841198,9.314865538527076,11.057288363423671
8.766806419698868,7.7810549990511975,7.110550985916341,2.772588722239781,6.173554597939832,5.433867538814998,7.912016187717053,10.74723578709193,8.654323655356611,9.357384910884713,11.115278879005087
8.711659222973394,7.977137082640034,7.103998001790845,2.8200553919290274,6.13219219695059,5.413281633205191,7.934075610158654,10.73524819012739,8.58874870266858,9.317643998370986,11.09621317719787
8.714582144392779,7.731404267606241,7.142950365933159,2.7863819073858065,6.156036931822725,5.388716506914964,8.0255527200343,10.726711763400077,8.665919663361858,9.297389248262705,11.080822875106644
8.777055183193678,7.801354948926291,7.138725894752559,2.7227562025064933,6.239409114892748,5.5873734820701255,7.953240234546675,10.719279511527507,8.66471240818786,9.327792488884997,11.097843428740529
8.702026406354447,7.747126568374928,7.110550985916341,2.74441813098733,6.051304555313292,5.3067814449601665,7.929806446935285,10.707420008104124,8.646289764750648,9.292437378286472,11.089244619823253
7.756637596311356,7.626732634618933,6.532026952421892,2.685577572522853,5.546912032960748,3.5585176046051226,6.6895992691789665,11.607850318000272,8.082045205329452,10.853426018670383,11.864314932043042
7.721560372110219,7.615407855760712,6.495114487124877,2.685577572522853,5.526780066077246,3.7243537350689846,6.626864903984149,11.556980201919428,8.0435063426376,10.835415603942119,11.841638790078253
7.665769050296431,7.581832895689229,6.549030621529463,2.6310892399660784,5.551235463819733,4.150164562267249,6.571038566479131,11.519121341921013,8.062138600818852,10.777450759021962,11.752691516095872
7.760765364928549,7.680688723567526,6.465297647062031,2.7372490680246466,5.476928339298616,4.058525483611005,6.760414691083428,11.49661833462208,8.011119223962792,10.789985750319579,11.826853089942595
7.642913080166359,7.6983316063855725,6.404144300296239,2.70805020110221,5.630414977001506,3.9930907875333204,6.610696044717759,11.446287675242763,7.930070305364186,10.744858598290515,11.809273710731372
7.698548291404478,7.559154109003217,6.414205498108442,2.538974134216136,5.343396940699584,3.8688835359693843,6.6018337951752315,11.415835101578933,7.887275342879659,10.72073382971233,11.736683582919671
7.579128222099344,7.403873271846221,6.395836457893637,2.313634819290515,5.337538079701318,3.7892273776969607,6.511910412600254,11.367381382666657,7.975931270556014,10.676208356382114,11.668354945868456
7.604136115636185,7.430114138561801,6.370490603488345,2.3978952727983707,5.250526720194205,3.8827087092925474,6.668933920592038,11.340652716081408,7.903538822133746,10.673773484829628,11.694760421893667
7.542466760909343,7.40536056592835,6.310746226291996,2.1972245773362196,5.21433171651724,3.8525088543108326,6.558670499584182,11.301182787136637,7.87205703729102,10.625530154669699,11.667285265815877
7.4576285220753835,7.445352653894611,6.3117549722890205,2.146581363997849,5.2487769034747656,3.9744759783210415,6.415096959171596,11.267194846750876,7.790539782409396,10.653128219156647,11.654098585078593
8.017922771721363,7.2773398647501475,8.216403365146821,7.51425465281641,7.488915095860888,5.5263378860961065,6.631357446011573,12.702722837588428,10.112608804932597,9.814975656148322,11.039592744925905
8.068918001350989,7.394848164031396,8.00412431343587,7.4077895530177065,7.2125402568759736,5.632405799880799,6.807271740403815,12.62236584363666,9.928196424994308,9.821256248047508,11.003253804798733
8.093964574236496,7.2773398647501475,7.954898819275054,7.557240791128278,7.2321709984390115,5.193573938230426,6.747664774941561,12.562935455166041,9.98645929961328,9.667867885896532,10.869937880765002
8.047609029381828,7.291519960110962,7.78777383353572,7.474393965675909,7.137101776187739,5.578890908155305,6.810828234756731,12.513466123801406,9.794373086281027,9.680042567045202,10.817855325509356
8.151198764255264,7.386897579328821,7.682047125989813,7.220617647526381,6.939576888076162,5.194806971694083,6.7657563895053565,12.453674505577993,9.710044378999426,9.65059759826571,10.79513830941453
8.1516792988103,7.478496254739237,7.657571555630068,6.9428006239434765,6.853768296714849,5.036230848505436,6.778228554103816,12.407409346434184,9.652844327519334,9.582674512811538,10.659002932115609
8.059128672110674,7.446014469635205,7.633127606836819,6.863803391452954,6.837452024318038,5.137757281966123,6.768058887458475,12.376375366440424,9.511999311358759,9.526306972019517,10.625056157457871
8.003727047877657,7.388685111772258,7.582427284690919,6.886872064662037,6.909975033503155,5.284331113305691,6.903144666424454,12.35452794696518,9.566988648659347,9.5501688750288,10.592391019015558
8.057229656915563,7.590245879353554,7.499761423789535,6.781561970923555,6.734063054173745,5.3855139013948925,6.831066203260063,12.335069948293198,9.648745828997072,9.558777253769636,10.639464044966159
7.948024139016353,7.418460897547792,7.600318954336027,7.106059537548967,6.925922579664264,5.232296253580806,6.769208151420573,12.3147993392382,9.604444896331849,9.509016784321911,10.649022914014052
7.893057844296798,6.2851908227564115,7.424026052973162,6.7420941591473795,7.674467825225822,5.0827836617643705,7.172833802666912,12.73629983579586,9.860005773924167,9.849488847612998,10.977626121321777
7.810514876571941,6.448906973106271,7.581034165689902,7.014614672760704,7.528337739807688,5.131212762426966,7.022055715200534,12.667150797067556,9.82833886802912,9.686747069009717,10.857792286896402
7.806497374293366,6.322984057058541,7.435562560731575,6.747064747533684,7.472064794125124,5.185521891059409,6.910396228602726,12.614041283856377,10.010821120395667,9.631051627341296,10.76580209596306
7.760258614487203,6.3411624379192535,7.34636139985179,6.796699565316799,7.509584856784033,4.966722137966079,6.8943097313692325,12.573910496201238,10.040089919139355,9.610815271679751,10.760982295275513
7.941358813303701,6.1841717978916115,7.352932434647268,6.566672429803241,7.357138026753033,4.8309768281260395,6.802863786649007,12.54211264589361,9.68464031446187,9.630278023767463,10.81104380526577
7.788699738833183,6.1735777488642,7.166257394946258,6.4572927997131115,7.307060715202771,5.035508573292263,6.8197494731665635,12.501057156818147,9.545645261083763,9.583603632747664,10.726103788465448
7.652155198607277,6.256197791786266,7.321842370734298,6.646967543140073,7.411965738717901,4.97596717281909,6.785813608176895,12.469079865641994,10.002739448559852,9.495419058808501,10.6930720551641
7.662603626381807,6.205029025244364,7.286107998869542,6.504620782886681,7.325449018334801,5.272429601297163,6.757552348196076,12.441801995680127,9.697569781886987,9.465903785299224,10.608081743118467
7.833010156578818,6.173114586818133,6.966118522279052,6.394704965761964,7.185058681381612,4.766911072889208,6.66961088806445,12.392522244305908,9.496170731314953,9.47455761937915,10.61549901170236
7.7081911146437605,6.123734735373534,7.187228750363423,6.322964119071781,7.281469775655611,4.588363033773405,6.864940560722776,12.355029383995124,9.327915979009626,9.483213328520526,10.624194775312036
7.834616612667986,6.985785711078835,7.360068628853105,7.1088258935568875,7.279395460065084,5.331644690052942,6.661513672157922,12.60947451552568,9.623170146233344,9.251014088623817,10.468750539556135
7.828662008726675,6.791645844573582,6.950442199047226,6.308381752921332,6.692910534614854,5.025341426887411,6.652375452442525,12.457340097407705,8.93914242799629,9.275681695469192,10.441185200833402
7.838216249124898,6.828639915358829,6.777709871815243,6.28670134809918,6.672454793179666,4.902802614045515,6.57128748835104,12.402818831989238,8.903345596035951,9.169102781732988,10.373872706179673
7.788400412318088,6.684389477972293,6.571893963710469,5.995179861771084,6.649847739545651,4.388947132690868,6.608090594258205,12.366166581541536,8.808201393161971,9.211685023526941,10.448530689296765
7.84049225099731,6.825870136734585,6.899667097651847,6.409882437892778,6.740388015283536,4.776318470273808,6.71073962681475,12.340864285390701,9.039128868940313,9.180214441938066,10.343249948928134
7.73329917991946,6.7974938847246,7.29335775799405,6.519868104785667,6.848476967982448,5.23170261152781,6.630624755955347,12.322206915296556,9.143474997547298,9.154570405914006,10.1781557271193
7.766139079770722,6.776811016847612,6.96397806692732,6.190178777667483,6.639294697679369,4.765965370691066,6.608839976046584,12.295850377803227,8.896723397244962,9.18845938672961,10.36105620062754
7.765668028703961,6.8908803651473525,6.897985489630371,6.188811550219063,6.714979268326361,4.82564353548439,6.559867018824824,12.262436175611494,8.930683786313988,9.114148803863275,10.284302815506047
7.727491056641656,6.744111528875491,6.5841005460715385,5.748826647224822,6.537174567898889,4.627149070967736,6.716809980386532,12.235753878237968,8.750980342919856,9.075323431900811,10.225457921393206
7.711404734669493,6.768161099034075,6.783891291759751,5.9294118138381515,6.60002165785582,4.477336814478207,6.695331836423474,12.207737924832596,8.806671982801427,8.983162304184527,10.167917630586794
8.395778568773075,8.054889619690357,7.558893417009027,6.9239566550403815,7.79656061226703,4.98649436596669,7.6527778072537265,13.16431542117195,8.820190715302328,9.97449624269471,11.1549331456735
8.468399694141251,8.170072460282316,7.436780940701365,6.840189963052705,7.878912912297133,5.049000962315604,7.63112986346242,13.140356983780954,8.649760230701514,9.901976967677095,11.199695510616191
8.324444122192093,8.11294068181325,7.488946167272798,6.852125109722512,7.800026506377819,5.137626823356368,7.531873873131646,13.106792127860315,8.769351707798972,9.903983540513753,11.097407664036089
8.282370594782666,8.175153485158171,7.395551072269041,6.78055302645658,7.861855470967977,5.0075193111264245,7.5042324661101345,13.079714043023426,8.569680216623558,9.836268701722142,11.092997268819941
8.267448958304849,8.027454771485367,7.40890086802167,6.836139925364363,7.795051939844045,4.988768345554375,7.544414411544969,13.054609999342208,8.641552089287142,9.823555903570345,11.061511701726813
8.18097425511179,7.971139467532596,7.368935370055324,6.841259291256295,7.670998425063703,4.959575867096438,7.332325601315871,13.024756453216698,8.6652683094816,9.751386714596729,10.976731889569614
8.177016322711658,7.870946558443354,7.350908586800913,6.810019939854722,7.604064121218255,4.925480810194867,7.441216114486423,12.990001611608161,8.592218204102585,9.735958051653306,10.975869176008796
8.198028096838703,7.978211928281743,7.462629684306933,6.93277303870645,7.621249600328587,5.029566103561189,7.639022138895432,12.966642751035662,8.767069548612854,9.757371269331658,11.001374763565636
8.129797182441587,7.9649821436000465,7.349409445315655,6.798312363881901,7.646300634558124,4.95331997382949,7.464726304042012,12.94918128814133,8.619549198254367,9.761445763283946,10.959674710437762
8.121744418913572,7.840942458516022,7.447589390487623,6.878440890169197,7.528451232689182,4.946235003404416,7.477943552141634,12.925281176336462,8.688229082310558,9.715035911710938,10.95206228821876
9.258513414336544,7.083266665786429,7.320269556545801,5.279870463841833,7.1453713720082,5.862999669421858,10.410795663802286,13.13843858720901,8.48952504611594,11.842501357308182,11.941854246572198
9.256011390951747,7.085129434209434,7.308803239173902,5.250584987726371,7.238417017306248,5.820082930352362,10.439277621991305,13.102298529073618,8.436465063229054,11.82939945995831,11.973069887697097
9.222737651162365,7.0589205554956775,7.275287735229788,5.280436247970979,7.172083429147705,5.7943676912000734,10.335903245996832,13.06533154378806,8.372347236723881,11.78928492795034,11.953649388461496
9.214528257529194,6.8083891057461,7.159335107596815,5.174327621559957,7.289079472619865,5.740507190783582,10.316945080330123,13.038960270647244,8.313252960398657,11.725080417693016,11.890175885597744
9.167730901705909,6.948865235237432,7.238536753890934,5.134555841819067,7.10706141112382,5.62562069692433,10.297545624754674,13.004935028836542,8.225384097180093,11.700405453399041,11.832632148198151
9.182794442546232,6.923923860143721,7.149262516931448,5.144971937419393,7.0640940375039944,5.7126321009464,10.177521072553018,12.989364668273044,8.281667744840775,11.714076499560159,11.868738426428784
9.114351850550195,6.858413300591238,7.123896595773592,5.110044817673559,7.055025200594043,5.68395762111302,10.088544254158855,12.967541546482218,8.19533366716287,11.618585435796879,11.769649494173446
9.175745476890052,6.921406120827653,7.129253028707593,5.0470743857147005,6.942371387967592,5.630414977001506,10.016392536933862,12.923954443212923,8.329068161401482,11.592180683209182,11.787898366968136
9.178295715547739,6.921406120827653,7.077357393888093,5.053481925655024,6.951984792509656,5.608657471039041,10.00367269899415,12.89859879996831,8.202269333458592,11.616059002712468,11.762094940127504
9.146213026027839,6.961264452994055,7.091141085927612,5.0612580003565055,7.024649030453636,5.5988333928663705,9.982034783618689,12.876878495690482,8.17586027159113,11.530819409144039,11.73797164960918
9.51864581349992,10.029221610869284,9.023818004117619,6.424148440198188,8.79004923342597,8.64396288670309,8.305280779083036,14.23970671725949,9.783144993906172,12.067016942591724,14.047722925200615
9.526063104583486,10.178360858615198,9.098981656364082,6.502456826986071,8.829079952564836,8.653432027106836,8.39038454696692,14.214709206093705,9.807514931265898,12.11212404945487,14.05254765213935
9.50951860956639,10.08061276125172,9.089184154031914,6.454149790299448,8.749380172175792,8.691519911165443,8.340869609950703,14.191877601303949,9.760643086412546,12.098715817566246,14.042884366884623
9.516962772109494,10.106689133558374,9.058581644482011,6.471315361417244,8.719880034177754,8.626744911891695,8.371540376572957,14.168741914000178,9.817972026022304,12.06211900247481,13.986122265746554
9.490187666049776,10.080054155470998,9.086798284268527,6.43186770121262,8.753248580228236,8.623213488970112,8.34570870171359,14.146701516009369,9.797843046001153,12.0468770764299,14.030524549323008
9.487959481979596,10.107636283478271,9.06637505247621,6.513559759836225,8.746380663787528,8.653276879910853,8.238055254988284,14.12260378403759,9.81320416143286,12.029307092164549,14.046679173253592
9.387291049719652,9.962932393508277,9.054863257656859,6.446601272061842,8.703967782055003,8.597564049550215,8.183415987529678,14.09565070311606,9.797688669142538,11.877263130663678,13.971912910398736
9.411224680712303,10.020087172231985,8.991238641488305,6.4812367650803955,8.724785333579511,8.588976240601237,8.298556138069475,14.074696040407195,9.80639522985813,11.953015413741962,13.967382471944273
9.3418412323397,9.929212152931665,8.931281751783523,6.3649419778107035,8.646836479398702,8.48526669974897,8.301620905598346,14.047570885294848,9.665385455445392,11.898444219906144,13.91393650498432
9.443992954279194,9.944024173061097,8.972345416232244,6.517014572841578,8.690623486162291,8.55969910047626,8.096533224940842,13.990254989973442,9.73790511174645,11.99989081630765,14.039186518635466
9.259065983585952,8.37165604933225,8.693586096769092,5.7054107815779815,8.324174624265344,8.840687931996746,10.131853885749889,13.046684945363774,9.84438607558289,11.064615484421937,11.810421720368858
9.303971364552611,8.49251563381254,8.670406289565413,5.554852714301468,8.231346471008353,8.75790069979878,10.14392601415686,12.974821996856816,9.90631133989325,11.122683888584305,11.792365330236377
9.263290127324446,8.470034030238008,8.58667364854732,5.568938068024985,8.276479518060459,8.78923187510481,10.09199456945136,12.94182537580179,9.87887035393955,11.122417932445787,11.794403331099538
9.261328119689102,8.530396751508741,8.617195377432601,5.614505915896557,8.266450028218072,8.731008032503137,9.977332632993999,12.90015197482946,9.878323578872578,11.116263164859681,11.87669782921872
9.146286473656668,8.413167586590571,8.619003412831177,5.519859636495273,8.143807976771484,8.696597533941949,9.972755497453582,12.864731694358266,9.871216854261336,11.072095666320564,11.702795313429052
9.128031858802995,8.416048467916777,8.601223833927426,5.419748052542775,8.154020994539735,8.708285433059475,9.902710584274447,12.834846417240763,9.833982645159743,10.981286592272003,11.682112060530253
9.132353605323454,8.435286340139504,8.543203094047765,5.429053173912932,8.126353934189419,8.69052445637206,9.852230514859716,12.814289706027424,9.797954182495399,10.99503233243026,11.731071661400849
9.132293541464058,8.337670380077912,8.543484525370307,5.3801021252000405,8.091967454789932,8.657297104877836,9.8478879233951,12.76449162234422,9.764053056544551,11.007118707100284,11.66812131273343
9.129562857481561,8.299896404415211,8.484068349747366,5.474322726434159,8.087981689236729,8.551373445850697,9.716134693139631,12.737272399929667,9.772137905031066,10.90740243659817,11.597711775701598
9.065608711584145,8.232206741174803,8.452211312276697,5.358889704644761,8.00521876135825,8.465565337912132,9.797177203151257,12.70738391771682,9.651179773831728,10.901294777405438,11.525155922674152
9.283765333359716,9.27634864624727,8.14204387953988,5.6415129862047255,8.379314585049942,7.339465543454136,10.883368022345385,14.039026422185431,9.94754696767051,12.25637584438987,13.02715072840172
9.242548304888912,9.387883865317038,8.149614572164454,5.611504745655133,8.213959708188444,7.371908496645254,11.059601159208796,13.997826679560125,10.11693536289841,12.257377528760573,13.0689300403792
9.20342652633207,9.288413962518163,8.083822314054364,5.608250060159576,8.242820669961418,7.344862596818507,10.705847320041652,13.944724241298132,9.952653307591044,12.192924249630561,12.9586322363455
9.19132630080788,9.319505640672734,8.0898368778101,5.593471466245466,8.06753931506029,7.407519953366458,10.587181300878328,13.886170854821895,10.071818172696435,12.175189407744952,13.047902512221956
9.133158106251699,9.110632982801508,8.008084612684348,5.442417710521793,8.091294056381093,7.270467515737717,10.498911032041082,13.766222304769096,9.820293123903838,12.111653168931948,12.870674907761531
9.117760794382011,9.002443879989725,7.98938717669591,5.472270673671475,8.108730262329601,7.1848818349678725,10.971036785976255,13.706417566755695,9.808052920787981,12.071736993061103,12.900213249156984
9.008630741674752,8.953197563351182,7.952161653244004,5.410653505872775,7.976564883438579,7.1459844677143876,10.814126342233994,13.677009797188662,9.77112373174854,11.996852407892185,12.887294304436796
9.01744174183901,9.050056850326797,7.886807953562536,5.3706380281276624,8.125210124778432,7.150614308697133,10.342121623197635,13.621426263969916,9.733377793688547,11.975420279054358,12.759639732444478
9.023420258006972,9.019518792124098,7.852931448574746,5.342865737495609,8.094893846318898,7.087109470833579,10.459005431786997,13.57137590756198,9.813739099715068,11.923651377415583,12.621995876335482
9.002795362130987,8.887272120817949,7.795207481116219,5.302751969146876,8.058615590972387,7.024550173254257,10.329618386605468,13.537206786266184,9.75055002562454,11.920098595044706,12.645007667727473
8.490634729010221,9.805938423955546,8.489129736565292,6.012083826147452,11.783477485629243,8.729073550451737,13.895804085462965,13.292215794368664,10.013716199740086,10.899255704215658,12.793984796391934
8.424458803011143,9.840485036205623,8.367292357852527,6.2278533317511595,11.681910334022845,8.767190703387827,13.655599701614504,13.238969167294316,9.9576074038951,10.822865735524191,12.839052655170816
8.271139188518921,9.320752108908493,8.281096666375264,5.907780963231263,11.484253891292996,8.692713896420342,13.127543448758418,13.14455958660034,9.77866731368379,10.713897880522877,12.484019820592206
8.246014191063471,9.4713909531703,8.232844814687533,5.808142489980444,11.507622540386675,8.68706722827414,13.174810297219109,13.071591280496088,9.790940783612818,10.60118962157355,12.443963628062182
8.269432440480527,9.584440172868156,8.231722006483837,5.778340074283768,11.478854933466536,8.393618416470948,13.462845310466134,13.007767183374629,9.806621719129957,10.557569007931534,12.650089653442235
8.220092082789273,9.688004859270801,8.273441521534838,5.755742213586912,11.459630167912005,8.420462002456466,13.764444231964818,12.966154354718784,9.839328218697965,10.550635877871594,12.727697612566963
8.157102898951702,9.304370945251346,8.236647079990215,5.812802964430137,11.40183374249919,8.592012021136554,13.602413702501066,12.909300703966208,9.90028242158718,10.434120705645107,12.370575084354556
8.21796621494831,9.753571228490848,8.32634740640119,5.925740149763756,11.33269771463285,8.649760230701514,13.624998456723075,12.851067121200341,10.058518796981112,10.447652847962786,12.503148623428027
8.23408140063206,9.358821677801735,8.308327775652248,5.830251940469432,11.364747652768882,8.55805785254626,13.472519622936439,12.806966156500692,9.98726175122174,10.327707171538066,12.282147285688264
8.056976182198042,9.374709145107731,8.195232483787935,5.712264930027221,11.187059889394156,8.48579425179992,13.240549255357745,12.762782851261292,9.855510391065422,10.319982350034525,12.154207608781736
8.383430661224342,7.986361364833977,9.005970868906944,6.550127495521688,11.738712629976492,8.872948156904538,9.924704212459918,13.333653126967297,10.714615773814828,11.22322936572739,12.289895226120933
8.379536476194522,8.059950460073292,8.866589488557464,6.22587769727238,11.76764692221983,8.762969349306124,9.902207845059689,13.280392810840143,10.448402799051326,11.207558902576663,12.325738697331682
8.382032536264042,8.071294900690672,8.956401073306651,6.393590753950631,11.733952110579798,8.479389784290097,9.934764403329423,13.24381906801289,10.524004898727465,11.160741848474993,12.29336984741381
8.276307057256464,7.903973839316079,8.929192461316884,6.276225695310954,11.654256224455873,8.411970937310953,9.822643783598673,13.218971704142112,10.483329780747441,11.10932844419988,12.228889624902719
8.299669926661322,8.074448419818427,8.749688434236813,6.245245076504771,11.625639874326957,8.176285353644877,9.81253386940478,13.192077440625992,10.333309896351718,11.140440322913138,12.244830484458323
8.326971175218315,8.052515797363137,8.841472346483737,6.487514886983293,11.666030836767646,8.68514533424289,9.821848386075136,13.161347310392784,10.663005428916705,11.18926289968618,12.227207010963461
8.27123297600696,7.941501092297126,8.854323941170076,6.238324625039508,11.658391878822126,8.516005820770632,9.817038441445398,13.133352112829796,10.345595981134387,11.142320454605642,12.265386971354216
8.43491966398023,8.095944169136356,8.515981345427411,5.828291815693011,11.58929785547816,8.229677030533704,9.699212096390712,13.108540051737725,10.285385266458183,11.02016330277971,12.208451314253281
8.326029995878821,8.065621314560637,8.60704405258565,6.167749398773676,11.582661911829812,8.17965460804937,9.804794880650002,13.087322096028258,10.32214379251016,11.04546774765866,12.186035854141723
8.306661443419936,8.035897602487722,8.691622575113204,6.0844994130751715,11.49796973915843,8.173907574746803,9.692916029796597,13.052669307763974,10.18820774294272,10.96238044068708,12.120941136844028
8.570129246633037,9.192980558579128,8.504096693445543,6.484126205337951,12.053103397154526,8.794858597144675,9.569021302577653,13.303929630511588,10.45363837120853,11.247055618694619,12.280177141502854
8.711997623588973,9.212472541286811,8.519468379212457,6.582179019019431,11.96257402267681,8.913445622164653,9.901839528790688,13.265696308186698,10.551505443191786,11.23999917372746,12.249405511843902
8.634191722095713,9.069302783360218,8.488828010545188,6.358227322347252,11.956165084318961,8.638486109998457,9.63812925472065,13.242070072751543,10.397128359548018,11.226921982897002,12.190871468660267
8.641557975766807,9.227853889100833,8.44073202436224,6.465971909928171,11.937383141057909,8.675222055641148,9.675244911683379,13.213475647191956,10.55451154525543,11.245404706328602,12.188559515351145
8.585854452993367,9.057980125532728,8.44296042562996,6.42288615169551,11.899476528683467,8.651277208315834,9.338143165338561,13.183723707608026,10.445733028918504,11.230787992773799,12.113776297359323
8.469805709927325,8.988821888274051,8.34409562967825,6.360726612312554,11.881091686092283,8.601023588114995,9.360517453221348,13.166304321602713,10.36934928250993,11.173110759598876,12.090423456583943
8.518110548515518,9.046776451960072,8.330448534320329,6.385569067417947,11.870915321801965,8.590133815198183,9.430498136662532,13.131987560463225,10.338276267915752,11.169230988487747,12.134056040504419
8.497496025678792,9.044313335082487,8.38694529136791,6.377482512727755,11.807555841947408,8.50727752730217,9.437658309603721,13.09472490725768,10.364981465382712,11.093868403393282,12.050563599115614
8.394153864633871,8.855775897999619,8.318050957705509,6.325354094313388,11.83581781569882,8.504152980235755,9.134162224179073,13.044299224053981,10.272118076313333,11.076611038861152,12.020056137483735
8.407956035734424,9.039184249082744,8.329001103927009,6.265512426172027,11.790133711227313,8.401208536703031,9.268143763273446,13.020482209190991,10.268780917511995,11.040053726628985,12.004837889788151
9.735277951839562,9.381243280099106,8.967507020050624,6.400810996390085,7.155326908388358,8.170773420121947,8.98386070701799,14.451820749491194,10.627513860654506,11.251731104757807,12.690584649409589
9.74357828666688,9.321482143622596,8.948920772572116,6.230481447578482,7.183803269692465,8.134490379401596,8.949858335006605,14.433001172189556,10.678211903955498,11.231551013187243,12.66535115322493
9.69780046912355,9.345500437592525,8.856426692236125,6.1365264200065965,7.1347314763165235,8.14785748578022,8.938038671544383,14.408508626057067,10.52259611742175,11.238339631591408,12.652457058975742
9.714066185228848,9.295230797838286,8.900688347195166,6.290127767947834,7.175591720663102,8.094978591466848,8.921949900669171,14.393073851717672,10.587775886884264,11.227423385007192,12.63470135688133
9.682624731503191,9.316628457108402,8.852302595517221,6.2134963606707245,7.123242934572592,8.28958691946092,8.910138774971054,14.371856313102638,10.615652466414137,11.194006639662158,12.637480785559402
9.680745309437004,9.244793326834516,8.817432754016954,6.254042461827556,7.157752789396122,8.120942169932635,8.912820436719798,14.35285471006387,10.59335129300159,11.147296425501086,12.608745599935986
9.724033879230229,9.332526538718657,8.948068991794813,6.242655506655827,7.056194439089366,8.323276671294225,8.878485016538166,14.337918915464803,10.588084113772013,11.190198045164713,12.608050457851196
9.625893681960921,9.261147548227456,8.791388052962194,6.193497959104598,7.042985228242241,8.365173204050766,8.858877220166477,14.306461386629373,10.62702625212497,11.142806747539995,12.53718119788771
9.589650094763405,9.218460646128312,8.895708771949655,6.168447797129955,7.046956681675582,8.289782215082358,8.832931320076398,14.284290320534375,10.496614562102181,11.085044488022579,12.511241225583662
9.54309778073193,9.203749812873706,8.805578350644574,6.090052168410421,6.996396809049949,8.067243138368529,8.785169032265625,14.260221599702552,10.564091166957748,11.061796974212344,12.490015109353665
8.700368087346098,8.003259037840502,7.634745488838696,5.355537517371108,7.242098264642282,5.7242021990904695,11.312812712540023,13.328086433628132,9.21387854923825,10.458934344844689,11.58495181971096
8.658038604016795,8.005856326989008,7.644100296711737,5.2701464667241975,7.189519880184718,5.821960484151999,11.2352796749252,13.290555451914436,9.194944686272539,10.376941818668262,11.554163692821371
8.721694722213586,8.002441350135594,7.697555174106819,5.249943805587436,7.198864803503694,5.704041707719074,11.230682794379614,13.249059521176607,9.198953565665986,10.47706729393203,11.538736476309746
8.691054991832056,8.029584838800915,7.699822280382845,5.383475185092425,7.181270813206786,5.7335929604331435,11.180339931941367,13.22026077313188,9.209484449779266,10.4580572971536,11.589823026684174
8.737365221731736,8.024542144901668,7.7213289138423695,5.283767579896327,7.104436211368565,5.891859050624717,11.15929920236204,13.20048039623331,9.290721483922995,10.436718622442193,11.55611617187493
8.707282648137415,8.013534417651325,7.727515533191304,5.2598074886914725,7.168168926848833,5.779611177408268,11.147084193894225,13.178651772152957,9.282040685831104,10.417376811874508,11.621212992735575
8.749663777592843,8.010182504848231,7.75121722020095,5.214935757608986,7.102974781836417,5.732873724246342,11.133572449318908,13.159725162975704,9.207859519204156,10.423558638199463,11.55454106453468
8.656261173056336,7.997184794749092,7.677071006181829,5.225746673713202,7.136677652691928,5.98273207985779,11.210906441165038,13.147644283043235,9.185318816515037,10.43033579246714,11.611699638215715
8.718392837141348,7.935436311566288,7.702285073830685,5.2574953720277815,7.069987497882356,5.790537649384389,11.1036541223331,13.125378449722175,9.174068196729486,10.400242987108134,11.499917110915655
8.60331176297368,7.892999771711766,7.480841830262365,5.208271098021307,7.115961152638921,5.664001604644357,11.165426703511386,13.103109720738596,9.100252651783373,10.381333613119564,11.512504598618408
9.050125974415428,10.158921016706902,10.463099848465454,5.634789603169249,7.6868354790632365,10.081385450613505,7.110968192087119,11.529032820012722,9.749031455573805,10.872532011846149,12.435414547318864
9.043294873003433,9.95021633446873,10.45987241235427,5.763448017095164,7.677976660942013,10.083248426077374,7.130721038492321,11.486684153765001,9.6905528246531,10.803681648082467,12.66216242454702
9.091187648475524,10.063595689707899,10.379807649270036,5.697466269362233,7.75763076871233,10.079840406174842,7.154354908937533,11.444689449852365,9.725852331298238,10.925049796087373,12.489709296299191
9.062954720489703,10.019326972149527,10.409739064283828,5.629617536777399,7.714389864395329,10.119260003919557,7.075151183679717,11.418227653210314,9.704301926922787,10.7919650577648,12.579487590532976
9.082765805609721,10.08424677827625,10.487541642818405,5.698211418433561,7.723424864402657,10.166102212959627,7.23473819118467,11.389956505613798,9.855199095940401,10.899967647975473,12.641411716567523
9.039308182591007,10.048976061999413,10.465965589468802,5.578890908155305,7.711956734444669,9.99669754849746,7.062857888437727,11.372294645230435,9.783023426090741,10.873665489520727,12.596578869775445
8.966505048618734,9.933034488687854,10.374632543930206,5.576790491504079,7.654401097620619,10.099363133380862,7.073363874043789,11.356348325201985,9.736931727493745,10.804895866364348,12.63373062297635
9.005929976767852,10.107655760972019,10.31304390972631,5.579310455043652,7.812117370679016,10.100992332773162,6.994034905807907,11.342442883486484,9.744749701039128,10.764541552462251,12.428753689904536
9.037407931950565,9.992173822608923,10.454670742992462,5.676753802268282,7.706872790224925,10.087074974451316,7.096813352741821,11.333338831581475,9.727648936198602,10.869405135412029,12.570634582976167
9.032110433085482,9.92191014321575,10.531663229435097,5.682445348618808,7.70537257691298,9.997152945875047,7.138337756746442,11.32253006891738,9.80570075263848,10.854725992420217,12.565106538305026
8.96459327445212,9.256485772315163,10.046939297470407,5.357110241151184,7.551362012230633,9.870327105657193,7.080307041375238,11.47399554507649,9.54059810062434,10.761122043410612,12.200572435971825
8.983994476125675,9.488009145009817,10.063109902294347,5.477857266452538,7.569755732264641,9.82873407270253,7.124657167583962,11.420232889618172,9.603923313918358,10.815343800001967,12.166485883161052
8.991642479062467,9.636699740743722,10.379460137692485,5.466183106345423,7.672602775258623,9.809738375832259,6.9225344175035355,11.394680197488674,9.585043821367593,10.947342268566652,12.094384622464526
8.978559627266309,9.211998995699052,10.137664236776544,5.579310455043652,7.625432458911641,9.778541423132978,7.0193960316033746,11.375121210602803,9.575164024821454,10.858118054069841,12.01751152979175
8.958951655221671,9.563259159583856,10.254950828143532,5.583496308781699,7.754290946116704,9.872294972075474,6.952834862692899,11.350281429647046,9.631689036537624,10.801079887295492,12.223216949574724
8.950861274309291,9.766110042790682,10.2093622967067,5.432265353635035,7.679354157615417,9.968203141277556,7.066561769397632,11.334413044237275,9.62829311006197,10.844147592645873,12.067947734722367
8.913173460313187,9.517558696543542,10.084624148374408,5.466183106345423,7.631000490160278,9.721839102554947,7.002964444593791,11.323802564747416,9.569074084395979,10.882264492681283,12.17159437587775
8.911946315874035,9.552332267925834,10.252504582808918,5.364417183853185,7.691200097522863,9.70429107865293,6.9732308640631215,11.309033326929306,9.644208634887272,10.83825301514783,12.022556241830877
8.858223279519292,9.595908092818583,9.98916155405438,5.428370504552332,7.65617947660896,9.973552442006415,6.92472164278495,11.295093200392733,9.654038526167865,10.82686180354616,12.07209086578231
8.786096711348224,9.48739450088216,10.276189158386023,5.4680601411351315,7.607767729554318,9.76624770465514,6.92472164278495,11.27398459599726,9.592555049499397,10.875813883006833,12.03170325295969
8.94051277026459,10.203122898981853,10.467431421089245,5.761841706711636,9.645177281670838,10.602257783076583,6.928646636925374,12.301923790077593,9.989475118777012,11.092042950380913,13.3121627021718
8.955978447506595,9.902197832204294,10.461318574151822,5.747409427599859,9.53740340123193,10.86201367960904,7.014714517002063,12.248296536933637,10.010490218926083,11.212262466610326,13.142621086311634
8.927166640333308,10.14659493815197,10.42638106542658,5.814594782253113,9.547669384317377,10.541104404881649,6.885736863038439,12.18944822238842,9.97052659039934,11.131006784443047,13.269495638028559
8.798085600179812,9.989033040718892,10.392436619798715,5.596527165009503,9.471310502783101,10.595778811399583,6.930929119309383,12.138783916381767,9.922765532425,11.094612340085716,13.146688074087796
8.84624111015409,10.071188863741462,10.239448944412667,5.676144781236177,9.466024252282708,10.460557244776187,6.874887678801232,12.105189990495482,9.980210396787113,11.08990295717194,13.022904499197477
8.792903891580776,9.964127860347185,10.173566851365846,5.773308537304811,9.47777721911473,10.383307427841611,6.863455023569878,12.077096196694898,9.94937774871729,11.111156019480678,13.198269191206098
8.695004592732307,9.875190953381015,10.103995962194286,5.725543966437714,9.34560914298446,10.482784578607648,6.775619734565213,12.05067172152327,9.887446806921833,11.037562611743281,13.040127561076753
8.655098337969003,9.95087461663039,10.006165974594424,5.724093338791228,9.363566815399956,10.382901625585609,6.705094956635569,12.01989191836825,9.768848880246539,11.025046576491032,13.098599757065001
8.90461501272073,9.9478127368354,10.305674329785157,5.739221108859488,9.431000842996585,10.575450819042427,6.784079921393078,11.994803041306778,10.062733325446624,11.278860688082068,13.108385090332034
8.619047567544074,9.928055495892199,10.022673554241903,5.612479063688631,9.387984339219026,10.446305907338292,6.717401554523176,11.973896338116669,9.7806963722199,11.024008999186279,13.009091476257876
8.160549992687907,9.164675651614843,9.270201303667298,5.198497031265826,9.000675025204771,9.808272923966639,6.041523739054276,11.688117593597008,9.36752074364865,10.64368661494687,12.12549748130597
8.1052739672371,9.413023586054441,9.332243303859883,5.055537847799121,9.115699967822062,9.628143862880918,6.09025350983332,11.625081439080887,9.266674495459938,10.604794407720494,11.677573238001774
8.17507839787022,9.233129819574453,9.160286076028754,5.0654039955875305,8.96872164581081,9.725430224382233,6.1195156629098575,11.596681883659329,9.266432909749783,10.619685076436797,11.561546302614257
8.215427220841228,9.403131010362403,9.254240291701063,5.176149732573829,9.004586407789622,9.64671540086922,6.162097684697944,11.575134817355252,9.223570247950486,10.562142489668778,11.840478680033835
8.1307787926907,9.325884854162535,9.286210282860964,5.199110710329619,9.066636782105107,9.74460904746864,5.973470292220346,11.554548844983335,9.320982913541455,10.554030190102786,12.157886215731464
8.086512833141473,9.190416536994649,9.23002316660252,5.028984447309907,8.957524817425938,9.63963774088962,6.017998293040006,11.527388809119179,9.23761609521786,10.507161236667331,11.807770157852328
8.142160289458248,9.579637761211028,9.230861694870368,5.191721532643157,9.027685426814502,9.673242456085218,6.0290279020246125,11.506595025553287,9.341744782051235,10.603564831149209,11.900087798248958
8.114025442356757,9.355321521000848,9.28190622690046,5.114661560038675,8.958225624096393,9.776032897372335,5.974318388273011,11.495220316460664,9.301577622288898,10.560761411172267,11.609786966125837
8.05691984822153,9.428936711575957,9.279119887371008,5.152006260138851,9.038233137721178,9.737157447963392,5.897703167293508,11.48752970522983,9.212788483903323,10.572058814971637,12.231856803095342
8.10002655468276,8.929061459470208,9.188901072843043,5.063298013726226,8.918159304874909,9.684170005847909,6.132385230926374,11.480677258386677,9.203758760610627,10.619223508073695,11.589486220261925
8.678268413169324,8.38617039591489,5.804498893169219,6.294896929650995,8.755966843406586,4.9979627353406135,12.138068392341928,8.814853646802971,8.163450452929679,10.372293937558434,12.237262425547769
8.774343888830842,8.615144324467924,5.869328296822093,6.317605816871905,8.838214935818849,5.137757281966123,11.996713991682675,8.778355024021435,8.353536360636644,10.524510177286453,12.449782062212035
8.861315457516248,8.568179882405769,5.789654313730165,6.317204794246217,8.847041954039693,5.068205152910741,12.038291331827331,8.74047362296192,8.258033785897657,10.365694897394569,12.400338921856772
8.548945917285208,8.412965367354344,5.66608060747219,6.293460350091771,8.369365810661453,4.931271400420801,11.452739767681079,8.707201793691588,8.085640748544755,10.22222568757167,12.218885925912687
8.514095063169263,8.628235534676906,5.791691606876317,6.350342619875166,8.637463994012725,5.095793082028399,11.54585366528313,8.657355053812724,8.321570228246216,10.489780509912404,12.332316723666132
8.683833172504198,8.660925983868525,5.764180498252179,6.329760512581464,8.558699751567964,4.943228449917078,11.758985483330056,8.621206800802925,8.174937595767211,10.422871119024771,12.348686218617164
8.52458359299911,8.427168794017849,5.658358867269866,6.253657854655479,8.600310142296435,4.993451426852808,11.343066855328013,8.576712888675356,8.274994233566868,10.363344039790778,12.264876159170548
8.681403578293088,8.52151495114476,5.741969897738866,6.24830073294287,8.658694682507521,4.852030263919617,11.805952146221712,8.557795428671634,8.146306627672482,10.259966254920746,12.277323122247601
8.54190314824644,8.518368056991319,5.821433827568718,6.186711460419981,8.637385175669124,4.820281565605037,11.757726740960218,8.521886604103495,8.15859576640872,10.268841832976602,12.230409801977885
8.563669570371792,8.512691964075291,5.685505361171907,6.236847831992251,8.392161446229167,4.696431817834367,11.413112127785078,8.495531371131356,8.06667841475435,10.286272965334247,12.369909736436345
9.584629712151441,10.507381754776207,8.7054471168633,7.685519305261961,8.19895110364967,6.78470841113746,9.069843826896516,14.632978870222988,9.455928808120154,10.516722641891835,12.66733701790838
9.551098648249992,10.534644370110849,8.699353623563647,7.650189852453765,8.260958105101828,6.927557906278317,9.11486173378354,14.615443947398822,9.57133176433315,10.529500549873811,12.667152758935847
9.553206410327824,10.480500649576795,8.637231459900054,7.755548255350621,8.138863238266522,6.872128101338986,9.022462072242787,14.595840648025057,9.286772466763372,10.457918812861452,12.625601212781756
9.592318473791893,10.61092409661789,8.683541556656483,7.756357051763115,8.174427413545466,6.823165211890707,9.03343611508017,14.581685343960142,9.563830471979285,10.520914222154087,12.610555641891105
9.533101580578807,10.503453147277304,8.66114537549711,7.780925079972359,8.174552637380417,6.954320751311132,8.991028359682414,14.556935453952317,9.736518211691195,10.464619967525392,12.571024199184444
9.482208053279615,10.494023828789896,8.61127635692814,7.613676083328589,8.115295046125574,6.79483539650387,8.903277627032772,14.535113576206996,9.485448725246261,10.440507425067457,12.513970903537892
9.502198711422418,10.464505848497213,8.589458037484718,7.725496814296156,8.153867609502166,6.759770729439321,8.945048715474682,14.522730977642167,9.572407640365906,10.474589815885642,12.539291818888259
9.54315672757211,10.436968267335004,8.561195190597811,7.485204748708735,8.121486976036152,6.715921956431282,8.972243914857701,14.505708126026166,9.621106957718586,10.476492980383714,12.555409632394062
9.484457522220795,10.45297956930991,8.622499706416054,7.621325810815934,8.076384113226268,6.570416004592287,8.806896553684693,14.487839263431038,9.71625797127057,10.445928438598884,12.491790540247212
9.520722830193128,10.450950748228506,8.54444728938057,7.554707258292142,8.09387635313398,6.517014572841578,8.946901307317844,14.461357234262065,9.362742858031357,10.490329635627948,12.51299043623321
8.622823671430407,7.998130028764434,7.730926318581453,4.471511813873443,11.329699766203078,7.821019210714931,9.840019865317876,12.717212286647555,9.512841268033325,11.108829252846286,11.955132290160986
8.562920467825496,7.628976879079133,7.5452370476786355,4.548482261450691,11.067084790490433,7.6653368080663755,9.550399817577237,12.522017049099926,9.309063911452714,10.956170109793518,11.770570749313919
8.365012792310516,7.577548532137725,7.329049988570516,4.057373130870155,10.916752130100209,7.568149675366485,9.478345109027426,12.34716375247895,9.176651441143363,10.782643695960966,11.622797587975022
8.479133582160857,7.358370779765181,7.336314610742287,4.213607983048918,10.89270692652763,7.551945612481829,9.756441758377303,12.19151508546602,9.24171521547826,10.68253180900362,11.447553174156637
8.591486066902856,7.558777533241411,7.582591385427199,4.670125276598551,11.124591444949571,7.848543482456679,10.296268106430269,12.124068227936325,9.662035049361961,10.728678318045949,11.409786923343157
8.406298874708126,7.377793632624973,7.374099445554594,4.29258813277998,10.800090637079654,7.552878667134779,10.0136803739252,12.06784274010436,9.380809558611515,10.5820903071121,11.320565424131328
8.461198805244901,7.49198624654492,7.268331495052908,4.362957086109816,10.873289983048537,7.555556356031222,9.86306362669269,11.98663070703619,9.32798018759929,10.699795080232237,11.428069097587587
8.331653127981955,7.395482850819906,7.192048280013581,3.995955614538718,10.689085272569129,7.3281454915290505,9.884898055539738,11.933564640195554,9.249096233833608,10.592849522717689,11.324537276643563
8.449996326144145,7.331896746397803,7.056117808310778,3.9195502048483686,10.740343465984633,7.1889161369600085,9.466848204822314,11.900183756251097,9.030635389364337,10.710860585248161,11.42001161168071
8.226707191631723,7.293962056837607,6.944879777380865,3.6299547460001467,10.750119000491313,6.958342769848973,9.336040625366433,11.864976669190574,9.00708795139455,10.755758502730798,11.391617223081761
8.843563783508374,8.457285119316726,6.417675922111721,3.103589769161023,5.302917867994603,3.448222178964252,7.393509218319105,12.417876365544835,6.670061941016217,10.439169677998523,10.788443550671511
8.795814336872954,8.30411822633899,6.293049524728755,3.014990144654317,5.24602941976302,3.519803189859474,7.244592527549812,12.331204660543827,6.593044534142437,10.362206919866242,10.708203437956405
8.716149690482906,8.250309618842335,6.236195622038853,3.0935647243023405,5.454038241544812,3.4552647081955836,7.349916550864131,12.28728569373414,6.498449469814955,10.241931653397428,10.593953363686023
8.617376328148042,8.187030341090152,6.235760578962297,2.9929504077508637,5.209668267405098,3.5032189291648326,7.236787205012064,12.264456588971296,6.419632940813528,10.188530311813102,10.548202838103075
8.653951594636746,8.14745873925216,6.2168721934236695,3.068052935133617,5.335559633482032,3.3162043301190725,7.21977217807531,12.230637065611553,6.434368156172317,10.194702543375884,10.553938877483825
8.673737195243133,8.20692613682648,6.1770677550564725,3.0204248861443626,5.254771770556952,3.1964027871979437,7.338642632620801,12.199457200547496,6.389121467169231,10.247815361056064,10.61647276270676
8.6178185135196,8.19773145242843,6.159846818571195,3.068052935133617,5.300703417662665,3.4267930010532828,7.197152544648691,12.17792833963332,6.469078038390808,10.177283659548689,10.554695216203147
8.636373769166692,8.251005851098327,6.14017186008733,3.1757361465927167,5.463502174432229,2.995732273553991,7.253202986710942,12.154002733864003,6.522582869242176,10.178090295756133,10.501866073218363
8.5767568590904,8.515554070791701,6.1363342054731325,3.052427774710839,5.313370152756664,3.304033551575851,7.249578253410756,12.128102395319837,6.412912365190224,10.151715617783687,10.531790980313396
8.636511836753657,8.181294568647138,6.141607205537701,2.987363855816233,5.354645193879825,3.1010926892118125,7.126587325101254,12.113191042135426,6.524051657763118,10.143913783056378,10.573124407553854
8.814299053647515,8.836577398598532,6.728030348035448,3.4774723850590625,5.883322388488279,4.352426207816045,6.863478249780902,12.928530458389565,7.604783807356862,10.216597333061088,11.26970887484444
8.682502335941093,8.721341469436299,6.635290172335217,3.4318342433654188,5.826982898619176,4.330733340286331,6.796972679246658,12.883049200093247,7.572560138736874,10.03868304583925,11.27115463701706
8.80639244586514,8.851863806090822,6.659507576344607,3.2555290139815236,5.90898831623397,4.424181021165597,6.79361559450419,12.834524818629202,7.605337057163045,10.118974757489626,11.204584798987673
8.92363707903009,8.83170542831454,6.702028619201493,3.238242670951029,5.654436616117248,4.678007551262671,6.839738117050052,12.785032785825878,7.5230009757283325,10.251158358317166,11.159836939281202
8.536038933592861,8.745914050195848,6.569247634322679,3.19821954531459,5.7858743736100875,4.580422061856983,6.63990487915635,12.737009639779203,7.548438891177302,9.857890866881835,11.119442450702072
8.744241996889214,8.691848400048327,6.685097722053523,3.1891038038971584,5.919192492472019,4.222770318237632,6.836760408403098,12.706642828228208,7.513284837004569,10.133266374870395,10.998932794401668
8.681088618306642,8.70307506940495,6.61509789014459,3.103090941575078,5.753277850422932,4.150164562267249,6.693351201967721,12.68681490183454,7.506042178518122,10.032373658566527,11.04310581879857
8.719700380581935,8.653889570183916,6.609873216381566,3.1891038038971584,5.79538208182303,4.332194246327465,6.907999689111548,12.659508146267832,7.4447683331512104,10.063984244338863,11.012159260331487
8.799143871270845,8.627393973860116,6.680506086043842,3.2598043097181595,5.79538208182303,4.454347296253507,6.739625863630839,12.624886374154881,7.485740982097195,10.18316223461161,10.945207078311245
8.740391851611925,8.756955220508654,6.622071209193029,3.2850795837274944,5.568344503761097,4.893685211438185,6.725193689382613,12.598725620257843,7.58764834555257,10.078620835483099,10.920026755847129
9.412318394241407,9.400779815220455,8.332912382941581,5.201561722563532,6.849372587785113,6.120541586941718,8.497348697483663,14.008498910563993,9.20836063559068,11.024120051472183,12.243825508408532
9.325808631938614,9.312498766411672,8.277513671461929,4.856361184429626,6.677726969516509,5.976068864450883,8.504058418725942,13.91066698857707,9.129503830299793,10.869530525254548,12.139134922688516
9.33666852192828,9.282395364780612,8.200367578942954,4.798541551496103,6.625480785849646,5.990630874699688,8.474907163221491,13.851884594975072,8.965746169169611,10.866491796496257,12.094798505981863
9.358950971861153,9.271271352507053,8.197710041127555,4.89118419299193,6.68857608421217,5.985614141812036,8.428721353563542,13.823103326474737,9.060473097588797,10.889050998177732,12.082411241068915
9.19853653600319,9.12312655013234,8.117033983092963,4.742029397775056,6.611383708626495,5.751513888070611,8.336571523392347,13.7729488565833,8.926473236058259,10.76969782140322,11.972770868135955
9.211316562347282,9.146243826752865,8.067379041688534,4.725419333844101,6.593135858739342,5.701186508048718,8.314282459166185,13.74363747120809,8.902727664035522,10.783867358949761,11.978484648972383
9.216509084286974,9.076088720027178,8.022007585781196,4.722459232985499,6.542407923874371,5.609064716002475,8.32122696810682,13.677595985925773,8.816128375931124,10.745470839347778,11.897598274026636
9.197377831080084,9.105761032232097,8.013732969692688,4.599599096245898,6.516291695440267,5.486639384512479,8.33168790472844,13.632918431237576,8.854331873056484,10.767862105965467,11.899843486165414
9.140131285127643,9.021360698635435,7.996638917424113,4.526607815408065,6.460877720819153,5.611504745655133,8.273245844003572,13.606605298260577,8.822862519373492,10.708873538985927,11.85988709815511
9.211527445125975,9.02976795095196,7.9355317275108,4.589492328122134,6.4296477980508335,5.544743326826628,8.285815835174924,13.583301875562828,8.713052330246557,10.753231941587112,11.827655260731458
8.85039341368928,9.605817992760885,7.603875814737106,5.551709889648979,6.83923848700849,6.374002150572442,8.340943827089724,13.901587199154482,8.928730198843933,10.654392242081572,11.972427407908057
8.87791194811199,9.269692550697812,7.520270691323111,5.319807001418947,6.722094826273838,6.150744911861549,8.022000294027176,13.67399367713805,8.796743961249382,10.814439391249481,11.901267547987365
8.800368456953084,8.988479331643065,7.299091414930094,4.909463548833218,6.397855160137644,5.937712099902263,7.711668341350373,13.494551520355829,8.461236408270041,10.68655897016995,11.666143996224822
8.796022863233823,8.916661093513664,7.058337694405091,4.6466319438161525,6.056784013228625,5.689833775638688,7.576860191556807,13.350936729528962,8.312328776592857,10.537597791279714,11.506969653181287
8.941461154011645,8.677371383524502,7.038062035551758,4.514637416165986,6.052350570050283,5.261883853541191,7.414733513026944,13.105071554064564,8.424251537039712,10.670501743578006,11.36510413836021
8.801940962513495,8.632412944669456,6.966296687710299,4.46347861808249,5.829925519702236,5.125021634174925,7.20269428607257,12.868045500417793,8.601658924000825,10.539367195772963,11.247416048553568
8.836538645558864,8.670856133461616,6.9248964166745015,3.8069093481871623,5.977478293865636,4.210645017918261,6.830442175879467,12.659491836452634,8.523552925368818,10.766442906388507,11.217966162796893
8.72327105919235,8.3206482935784,6.7802501376897295,3.4832893727347676,5.861419128552287,4.111966218157072,6.69241454386523,12.567446803079141,8.260553177918242,10.746954034916545,11.211336321133578
8.689842192840509,8.367387872153262,6.641849192662142,3.1262731364988183,5.884559617234021,3.3226349389667384,6.7051493788854755,12.484791627567413,8.240974055747305,10.794036226855125,11.19997830875105
8.783416665698603,8.330017204519526,6.722977375838088,3.2456260264867343,5.772133157762105,3.853923019036091,6.704196463580445,12.443765704242589,8.357809211061667,10.766386649624502,11.153613236881379
12.01437978156328,10.119142691144193,8.094093505114055,2.8691606057611154,7.387179668190057,6.358612229975474,15.262862419743268,11.959052839258757,9.860463482622402,11.16172803175596,11.57997738736692
12.069057541021806,10.007188692290969,8.049306430423071,2.9062937716600894,7.362384379789839,6.394704965761964,15.215044915556527,11.932496832520194,9.825393269283643,11.106143323253926,11.58847079251216
12.002061357959384,10.265315751020905,8.127522689206714,2.8040334876526862,7.367168300191009,6.384444640764851,15.218557644163093,11.910852156412973,9.846646147384792,11.145262275492613,11.586085980471472
12.030611965682091,10.014155956448198,8.024738523534992,2.9183710923725115,7.35360139479016,6.35359680279545,15.200942747521054,11.887418366540759,9.818195303181255,11.118733739521813,11.562384082912743
12.04320313170254,10.120516447383816,8.039608901430048,2.9183710923725115,7.310423887193548,6.345051400298856,15.232437745219583,11.874745461477168,9.80651705096012,11.09120952441712,11.517535820927879
11.990429851383535,10.057835355647601,8.009606759133796,2.6976253843650837,7.285681694253102,6.322166201614724,15.203267327021726,11.859894323582326,9.816639192440341,11.081973816643291,11.502961432867199
11.997492462259432,9.98506958745272,8.034076404096362,2.9001999690818083,7.332027604097321,6.318367338722659,15.172933288075553,11.850961082018012,9.793870459381296,11.083178422483101,11.537647237037897
12.04978894242537,10.059319675088782,8.03573217628015,2.6278837079897945,7.316274977076528,6.403574197934815,15.176693591207032,11.838954792298573,9.795171438954268,11.062085130220417,11.524450902315376
11.976808806153471,9.98096492146323,8.03957307503218,2.91235066461494,7.264520218871112,6.293419278846481,15.165069678138615,11.828787881968887,9.769320402432069,11.072529482443029,11.489363265976593
11.93476591052194,10.120659531852068,8.038963823353235,2.719832516213344,7.275887666024467,6.2684647775300215,15.231256547298798,11.818884000722143,9.760437348574783,11.10282010748788,11.509263099991285
11.961110853609142,8.78422687867944,7.7737066486991,3.6375861597263857,7.635572236723638,7.156055288464455,10.007169159415012,11.67401146831952,10.11718215843848,10.495678393689422,11.892366190742903
11.899094484114007,8.784175834735255,7.727260967174735,3.519803189859474,7.535593273518599,7.076897780614461,9.966329322661753,11.65091811358962,9.999918316524138,10.491456608304022,11.962785412962495
11.883364251154715,8.851501183463071,7.673967030399088,3.5065577973199766,7.5222800402812835,7.030719924658121,9.969225874250045,11.626588816502386,10.008678053542283,10.461629556699856,11.986183722724588
11.933617752619668,8.768674518657626,7.682298097746076,3.4965075614664802,7.5925342081908935,6.984057668069434,9.92333647483911,11.591409419958232,10.085461826951205,10.518763577811677,11.926311196028461
11.916914669668582,8.814954299309683,7.579531268793211,3.5553480614894135,7.572217162283954,6.89417458743676,9.919303485181917,11.562894193597744,10.03226669897987,10.462319223703762,11.904410565833512
11.896142691940353,8.770245861856294,7.6359156169884095,3.43039657232564,7.539736022532802,6.928276598937259,9.971325312538609,11.541462601994409,10.041949132850373,10.533357934052312,11.953416102716341
11.919401173383172,8.779041082585982,7.6306446333195534,3.363457092140846,7.558922388459948,7.069458319232782,9.95038969217507,11.513038125323812,10.058571130364413,10.537996106634695,11.88455208451764
11.901585714623865,8.845614055407001,7.58128914992418,3.4446823872189096,7.433863524309618,7.072289949508214,9.900418960218808,11.49287739426728,9.992322266236618,10.479888971909471,11.89863772673512
11.942552602267616,8.95175385144001,7.61581296342183,3.209947283809994,7.459850797586058,6.956820538642668,9.897885780869364,11.475026739781669,9.996400922740317,10.52539857356895,11.924039255854703
12.010892098484877,8.800311532369328,7.578565956893503,3.312163597348425,7.364758093940026,6.838357568416046,9.895614978485547,11.454516151457877,10.042278008823626,10.472453459833552,11.905424880588363
9.318528885276491,8.999901879754946,7.542472650174195,6.545094196671874,8.23677357139984,6.107270318153324,8.666440440480763,13.855435809199228,9.303660694235573,11.383353082256487,12.496057148702901
9.213991476574497,9.139376512224523,7.419806817008083,6.439243863830956,8.14177220465645,5.925740149763756,8.501858434744973,13.746816189542278,9.192484115710386,11.322339048078518,12.451897552427306
9.294387359501798,8.840139442945162,7.373541697029986,6.402911726893694,8.10070084013293,6.007447240679654,8.641771850651732,13.697669495623126,9.16063879224374,11.269530877492109,12.366735976687234
9.244711739304538,8.872184941178105,7.285537007277556,6.324239474956235,7.988052723455716,5.954108751913694,8.594857688772715,13.633010825301943,9.075845976384539,11.258243802456738,12.330097003064129
9.145981982880528,8.798112446985236,7.18978808935911,6.426919869240613,7.884911127045754,5.537771612314021,8.42276528969012,13.543778501309873,9.00145852609942,11.1820155742403,12.221396412394565
9.052701021474551,8.782827317899422,7.134926261297518,6.214252475195748,7.807510042216193,5.582660546095507,8.222589440656156,13.435182646531159,8.981209487300584,11.12297914838676,12.21447072716863
8.981754259257581,8.762030391897591,7.120300643389758,6.177575207838797,7.721053059194566,5.493975511050051,7.996249889461962,13.394494796101498,9.170573375957584,11.140298404312551,12.187301566005601
9.069278474425305,8.774065479474489,7.093349250581431,6.292679633842347,7.656232042645647,5.429345628954441,7.941184888865457,13.373479109399769,9.180456028091708,11.219867337797924,12.282144505443306
8.992518745315463,8.926526364904554,7.17117881299473,6.388075758226294,7.599846347051561,5.5909869805108565,8.146651113097302,13.342181191251331,9.492450281724253,11.215438294066544,12.27575271786719
9.083569567560064,8.788739107524945,7.072930676941121,6.330987678584369,7.620160276691456,5.565796718927196,8.00311041555154,13.32173792413215,9.340229584156729,11.184885642025812,12.232489083138622
10.41951528852256,9.678801840202654,7.318259522626897,5.452229932314106,6.459904454377535,5.950353161759907,8.663555525808976,14.170921463342772,8.949806431443413,11.358790636817332,12.004644447212943
10.438959283811146,9.65184521364127,7.350673153731349,5.434934281548688,6.530715646677634,6.01425833367849,8.725411693836898,14.137674343765402,9.006789731116172,11.391771504174368,12.008544790145983
10.434666958743216,9.565962206189473,7.277646942027709,5.421763359573019,6.493417595733415,6.015886122971218,8.698156419432548,14.113356898779001,8.948637888483349,11.352095043727946,12.009503471760938
10.393912150034982,9.46970955720686,7.188513433843724,5.37604973050859,6.419270822397633,6.039990128659472,8.621747382481745,14.077938341783598,8.89752432968358,11.265182935584924,11.90559580879803
10.300803621231166,9.376467616717434,7.123332501690243,5.346842924283703,6.290127767947834,5.829925519702236,8.496393934769973,14.030562097081136,8.877654735527038,11.189600555616249,11.811342296471512
10.325797759611621,9.374894839659708,7.164651629308899,5.305237814909852,6.309918278226516,6.037605705758357,8.562053952248922,13.936373015233453,8.932734768956418,11.228166227937015,11.864097931317643
10.313592620030953,9.503665658252357,7.058872789111869,5.3238226732033525,6.219927266531092,5.934011981186022,8.495326970614832,13.908324311159818,8.98328082941708,11.24781603598415,11.89969021360976
10.292848496553617,9.320838666217103,7.063542715734533,5.285175843753908,6.309109878832485,6.01425833367849,8.623667086237392,13.877437881221319,8.863640904260468,11.210487351947318,11.76485176772887
10.345444225815214,9.435261009736507,7.175421700599835,5.363116275656718,6.419632940813528,6.099072525328737,8.635661425159675,13.847713240712325,8.85897827412944,11.257130729384759,11.797586395013628
10.411575097884329,9.431749976072412,7.174911459244732,5.300814246746624,6.3444660798256045,5.845796314388798,8.468322690219873,13.820361572743028,8.989341741174405,11.293167564740827,11.914482278970306
9.105229207450002,9.58785400738963,8.653315668530164,5.213727310339316,8.469665895692666,8.410787685501788,8.142124721845386,13.054984298296556,9.824678805261879,10.310285845558223,13.204933882372272
8.972663950721836,9.610873337038784,8.633434297576768,5.165420686736427,8.465462373961007,8.371465825329553,7.84754115750212,13.034419056259424,9.781489395725279,10.278940852030853,13.113159282721078
9.107916281908809,9.65666160714208,8.60441010344876,5.098510508981583,8.437916671146153,8.35448339429263,8.15398584629931,13.025289029043353,9.740340974932012,10.260222161244883,13.050367334243942
9.059287481374822,9.631283592352176,8.588355560108003,5.049143509893825,8.527326123418582,8.33473029183386,7.981235875678631,13.017023207228421,9.781370137074962,10.279547498489505,13.053235163423281
9.101668205517665,9.606725866193786,8.62139303355308,5.197882975368772,8.528249621207458,8.370668544012187,8.210000536698976,13.012036574821916,9.801331772888506,10.280157589022926,13.144968305526461
9.08906624943618,9.535918562663769,8.593701455990452,5.176149732573829,8.410975517392007,8.357329557029505,8.160388079005957,13.00642299303284,9.756655397356644,10.256942540275569,13.026894176072751
9.034785204649465,9.416575556729937,8.5809397321451,5.04485776760435,8.395811187736768,8.317323903407997,8.01949948534946,12.999726179349054,9.692745945082862,10.222459129185882,13.02657091687935
9.017742190697083,9.559155172665877,8.593001305224037,5.094431625026252,8.395936629295651,8.367498864614873,8.0758901756909,12.993829103751732,9.720459079335638,10.271316942535796,13.097983613647157
8.868869886494608,9.435772856882052,8.576363161386558,5.104597778287889,8.382551340174988,8.288889125019423,7.919594547705865,12.989301309555417,9.71343619747868,10.24400793363851,12.966201090471497
9.060178762384892,9.585924951867884,8.58518408001929,5.10594547390058,8.60750707229845,8.33994408237943,7.976019082557925,12.98560224144359,9.735581590173622,10.259222276906938,13.101892743034297
9.365951888832685,10.191916013120972,8.278668057768611,7.134722622276689,7.913821710915218,6.143708653435651,8.328327602676238,14.19545406904423,8.481174457332122,11.043402431259956,12.38184949906578
9.34800833568138,10.102621613388905,8.158913786732766,7.115952130835581,7.896610571992329,5.947744842653571,8.332024919370548,14.158475788453659,8.073472237160876,11.053252996072704,12.27706094702845
9.322403375395686,10.022303141148404,8.076774253008972,7.020200636770234,7.843561016401145,6.07073772800249,8.234576784123599,14.118961963338533,7.788764195330437,10.980774811120792,12.217297521330497
9.296676057571123,9.982612916501633,7.991573486221627,6.915734470395971,7.787677049351216,6.01425833367849,8.210287523996698,14.078237568600649,7.806017806979312,10.967896328253184,12.13960788521119
9.374285783564428,10.141454908726878,8.086461557085775,6.7777857866808,7.847389202167655,5.736572297479192,8.385346728214834,14.046427718557576,8.571765547400279,11.020071454000327,12.325415747605433
9.29953593555932,9.954984103990562,8.10414943879213,7.090734028111227,7.798860386955814,6.087279644874322,8.129613842232457,14.025024842454673,8.190693286990319,10.967568589412496,12.087677922850173
9.151244789270914,9.962244811208882,7.980384772799226,6.897603927925761,7.694665989354245,5.793690878984625,8.116961033509906,13.99880228288457,7.978310969867722,10.853224665845039,12.11046173161488
9.336958338220231,10.007978690344522,7.994126281227893,6.7254470500993655,7.787677049351216,5.693357961062832,8.239429179990028,13.96035414658969,8.205005895615624,10.982107618195927,12.160156447560697
9.259759967535919,10.069290085103834,7.80816501677478,6.6632887757637445,7.778090491482448,5.449606828420911,8.244228945118072,13.938438253189336,7.941572224203316,10.968662549501836,12.216998078391073
9.257600264925248,10.102635270492925,7.929426525114145,6.7796819809649165,7.76114880868418,5.807140997663394,8.199812218936342,13.918226469733897,8.01573100023971,10.964046771996028,12.161662972982633
9.228482580363059,10.07114423333254,8.588163069470529,7.426952431513268,7.442056517536019,6.387627255077197,7.9466883321486455,14.219828956999493,7.766652277095488,10.840668337695432,12.224965490913991
9.247108292954177,10.008550523882036,8.60442435825031,7.515411137592294,7.5249389207350434,6.553775115145511,7.919469315170889,14.192425616277953,7.770551466020005,10.870552510835365,12.150611848734435
9.236968238558852,9.962848631477197,8.693807754255298,7.501763290003857,7.460253735842564,6.31976858607575,7.887158516967568,14.165963206845118,7.79454853869402,10.819174546597282,12.120162116948164
9.231010814768409,10.02710292964183,8.64571734572074,7.498014196458999,7.49042393027877,6.371991638349942,7.923863189773522,14.14668452158574,7.706662894721435,10.81547883280008,12.157069942103373
9.252960215956142,10.020754405659893,8.526300481862165,7.352020781152658,7.423455667750882,6.243735312397287,7.941169074112127,14.12071916447174,7.7039102096163115,10.825602181352226,12.173910614476352
9.216230767483408,9.896074029154269,8.581642126041057,7.4137090565541275,7.48395033108668,6.329720905522696,7.834691371407481,14.083336742199839,7.75109292663962,10.76784478513531,12.06837028076822
9.191290061618636,9.830047305942529,8.585157088624019,7.479305911055082,7.469483120675247,6.3759708117596,7.759035672830636,14.062379689675128,7.777699526068813,10.725888517661533,12.027478400311882
9.196170451161686,9.859788158206225,8.475391550532475,7.27047524589726,7.394103768990525,6.158625468371608,7.836843769086153,14.038821588589041,7.6790459309615375,10.73477071670773,12.038008566125807
9.154589202327024,9.922971501608815,8.243858078058139,6.999331222469347,7.41023282026921,5.887954179980461,7.840173044367418,14.017177420726073,7.426218327230961,10.71122601385102,12.040214421318057
9.197578169404531,10.03697623606113,8.201315859529082,6.9205727826927514,7.302668619143431,5.90354365663633,7.895179404190893,13.99921202335462,7.596727089805242,10.770995053596815,12.152702576242973
8.822544898834948,8.570860333297006,8.191487674292476,4.788232218562175,12.354222020152006,8.168470668703357,11.293010031048977,13.07812845900019,10.18007918629372,11.667987824348508,12.408982695420077
8.729084338419437,8.57866451350434,8.124637726124524,4.660079116079983,12.312295289453605,8.095141279703673,11.466874545606759,13.026408196305384,10.127337521078923,11.563134410574078,12.350208630989977
8.71028249406359,8.481358738407021,8.115746665977841,4.594895380498722,12.253994178596438,8.207871248810735,11.194972025397506,12.980264416327053,10.181876578076317,11.570485211887505,12.370601240427003
8.576082452364624,8.55358940596469,8.10089629674694,4.681925465215949,12.266676352116122,8.24484480546868,11.440114599963032,12.946679555361499,10.027856262511802,11.48586676928915,12.297673986404511
8.457598871281697,8.524808564713116,8.039365252739348,4.681925465215949,12.273987232183599,8.25837928277017,11.41622487457294,12.922573683874871,9.979867148739983,11.409958009547209,12.252379888514662
8.528937292698874,8.501989307909803,8.1527356615666,4.649505967920388,12.262233988401697,8.138905412286054,11.340721881768692,12.879995183398153,10.083329185191907,11.493812526496026,12.286662946816188
8.588616293100165,8.28895334351487,7.915745640461738,4.500796849575123,11.973525995576432,7.8658914801674955,10.952787040484113,12.824190108755953,9.963050172510536,11.450122562747715,12.170421345523541
8.520002575398884,8.216328310319719,7.694332085849947,4.318672611741247,11.825753705701423,7.6068016898162085,10.880432186927445,12.767315458342484,9.676998132540827,11.423069682856765,12.13357787572709
8.59356969878282,8.216358332386156,7.817840126126472,4.182558868180255,11.67825627074089,7.493595606553574,10.859234012637666,12.72559444769218,9.922156640069772,11.45568434179231,12.156491977339753
8.309228304122826,8.228829403982926,7.8482745587121086,4.439771348828428,11.962880853411756,7.830845068789188,11.253682546310513,12.680046265860055,9.857216712378257,11.190774170231048,12.019354839397604
9.130681294290586,6.2034123189197325,7.983553743447813,4.601831318167392,6.030792081478751,5.478785373245544,7.339970504329782,12.008457536245034,9.92224388118214,11.000148308535818,11.761843666558397
9.06159284694912,6.0333260012029,7.940583827104244,4.579282369425928,6.161535453507953,5.5329502223036755,7.471742452758813,11.972170174042546,10.246899936241283,10.958088352107904,11.683880256750777
9.064566728432228,6.34425138464784,7.999044522823295,4.5456560348707775,5.982928216085695,5.332718793265369,7.426416789838829,11.919612196991956,10.027807202791344,10.960010068044923,11.666158962399988
9.09577465482068,6.093293840332178,7.97434164897817,4.591747199439734,6.006188934294835,5.278114659230517,7.389701201825076,11.882030983729399,9.882496552965243,10.906494469768484,11.651590574130656
8.945025536050787,6.292987891912332,7.9658927350845286,4.428167817196935,5.917818006939683,5.269574880529724,7.451435237683716,11.857643925267089,9.7785854867985,10.872145535170187,11.576371097497542
9.067172859574736,6.307268297399536,7.863437647862798,4.417501036272367,5.9294118138381515,5.371154685335013,7.550485975380915,11.826618142858589,9.939090618831102,10.833107279559528,11.543665230861746
9.01532255772099,6.244145327615506,7.808006958179932,4.362390603499797,5.881277597377283,5.142962245005311,7.437598910546213,11.800371842973254,9.77865472545516,10.812973405853178,11.540950621486882
9.059334002619545,6.307470849350647,7.890790432206019,4.442651256490317,5.973357143108495,5.213122538633625,7.561295003213299,11.78799179250672,9.944496196196349,10.768340418099031,11.490361013991647
9.102133834682546,6.254234709956809,7.942914878117443,4.505963584984396,5.870677005565703,5.21975505005455,7.560774666716397,11.780910824516702,10.023554397868304,10.75738075866553,11.485934919663682
9.007786175171832,6.069685072538452,7.697323131612475,4.165803457238726,5.879104284728088,5.08071400251552,7.550953292988791,11.766122367206913,9.711856126281814,10.688150349003962,11.432779437192687
8.498678401621243,9.159761442369343,7.015921850978831,5.341802483806925,6.787218450115344,4.045776673347685,7.525232582095251,13.068685581530362,7.192098451004524,9.999134544249317,11.136698233777633
8.227301271048162,9.11638494038595,6.999027015239427,5.341802483806925,6.632733472750637,3.714655382145211,7.370244634152512,12.9533129417725,7.598343633537393,9.920321179651149,10.983807062382981
8.322029526608985,9.068701279456592,6.9205727826927514,5.0470029668385585,6.674841933267073,3.807649558013693,7.388891157913976,12.894783723344897,7.264652421232996,9.934085189274066,10.928620133189726
8.35109925093981,9.140288607202422,6.953800937582065,5.207054565046757,6.640311464415947,4.014178430265434,7.317890943043343,12.84144280920181,7.425755108481831,9.914118069831822,10.824395829321817
8.160534121637225,9.038841372663844,6.728376057271722,5.136451811789786,6.607250600508058,3.839213359315067,7.244164020730451,12.813873244377685,7.090447133873955,9.761166533214954,10.79710699980436
8.268973966903308,9.052309395358641,6.809664574098319,5.294978448560114,6.61755150972384,3.8101134173532447,7.216154589757653,12.779093233958614,7.193685818395112,9.816601622041395,10.714905797869095
8.245661479618285,9.135306672084113,6.75694530776876,5.080023163116964,6.580485020000337,3.569219689753396,7.232187062250893,12.743950177855321,7.01999210056569,9.841232053186593,10.70187699178682
8.10495519801385,9.088563120549853,6.697047963621803,5.058366675731005,6.555198828110153,3.681630997409253,7.214847747405683,12.728656997003728,7.038783541388542,9.723647580861197,10.761437289220098
8.405777341392774,9.095230011788685,6.811256614209257,4.924027908218499,6.465971909928171,3.4774723850590625,7.208945703925166,12.703478086791078,7.357768761225972,9.93973215347678,10.673929309112518
8.603829498075784,9.076137007343318,6.912643313054913,4.893685211438185,6.613235066317347,3.7718239475319164,7.22751724489733,12.68754305699888,7.676782671422279,9.972701066346438,10.713035826754771
9.39481424088378,9.031494102170788,6.930646816952382,3.6258214364899874,5.785601388556466,3.0757751350736693,6.8546826235228355,11.972191021925966,8.189145809036805,9.877831225722343,9.980542210586352
9.329038544322778,8.998193084534467,6.85146707816169,3.8334606348481195,5.5968569572439435,2.9147629700564393,6.615291418650587,11.947254347824858,8.23723822516864,9.885094997230999,9.948207008795547
9.383450186484936,9.050472826803402,7.033447690672261,4.02733383213716,5.767000687069679,3.8595593422155856,6.743247443509726,11.93290173792738,8.515364855027428,10.00981060470702,10.048002433088547
9.38767451225909,9.002934826014034,6.8363070097576175,3.784189633918261,5.720748828627245,3.012261411570762,6.756906551704465,11.9081276444603,8.128316400239177,9.908456298845662,9.969135874179738
9.349790188253754,8.989293232903423,6.718395681179215,3.5616771334495767,5.635662222326384,2.4756043505836263,6.751595171606942,11.89823162895291,7.825014429787273,9.863559834073483,9.958181945724553
9.538618012995798,9.082381992653147,6.877685459593569,3.745574719050321,5.703486130750683,2.9147629700564393,6.847981686187756,11.890151808070213,8.19127220486205,10.039816556070386,10.109748050583175
9.433445700159899,8.925263791613366,6.948833237540803,3.814042523538528,5.742005542891344,2.995732273553991,6.709141729476906,11.875680918395423,8.474234657787578,10.00152935170521,10.034862733268183
9.222111925574179,8.920108384586165,6.794636344475896,3.660708605718668,5.670723464494438,2.908720714746163,6.546115645628397,11.858145754127717,8.116874815132736,9.846138532355475,9.948307942807595
9.448067727167228,9.010561994058069,6.668708158655022,3.4587673034137008,5.609553183814207,2.4849066497880004,6.970396163245221,11.840267176636997,7.881173807783103,9.880023296431931,9.979651980163656
9.260945818950933,8.958370014620828,6.789522143295931,3.6258214364899874,5.719291223233042,2.6548055303333857,6.7008404393644465,11.824035855201577,8.017666457435794,9.83621106418483,9.980321013312006
8.644546092158528,8.336733898731579,6.218909952166778,2.623057149559127,5.168714760410622,3.1734134973030703,7.291217120963727,11.88952337753246,7.683945790071443,9.724489134395458,10.25453206414805
8.549634567086956,8.278143246519777,6.135420573309123,2.950269841337697,5.173761459189173,3.1451095789348074,7.354092159571613,11.863685930583552,7.513442496498226,9.734268449274268,10.231547921248648
8.549225739191748,8.321770183392067,6.1502236347504935,2.7515355258078835,4.944970236432401,3.106080181469114,7.201518824234628,11.847180483450382,7.527112383777026,9.760504009900039,10.246139465209318
8.518787475869132,8.30215283039741,6.176883157244045,2.7656201228537554,5.108769784807387,3.312163597348425,7.181862295896362,11.828476725374735,7.511804057138281,9.72196101283232,10.220409201525069
8.533630686530378,8.258937586236524,6.103154993913353,2.8200553919290274,5.083610377154342,3.080890183935109,7.150980289303587,11.81484684228926,7.393987619924392,9.732365051761958,10.19840215693451
8.634913014408076,8.407152605739835,6.199471901982065,2.833213344056216,5.133311700623755,3.3900241934235744,7.172526897292874,11.806623902721265,7.671754340666023,9.761420149327277,10.246592899927979
8.723932706826451,8.403150651375562,6.207784873074067,2.758602621110102,5.124096232562186,3.437564990118744,7.352099163584778,11.800520366947774,7.756984604318001,9.797739924737842,10.262816028143614
8.65980710132392,8.3471664095729,6.225526059979634,2.7372490680246466,5.097967614022635,3.187270393709746,7.3614601331408025,11.78691201373954,7.657524309179424,9.784148932335242,10.2685977639613
8.649094367459494,8.393791901886582,6.2368913131824035,2.7227562025064933,5.118791877111927,3.299943606973375,7.2762643683795885,11.770983376395126,7.75741225731819,9.806801037066254,10.242140346441904
8.670196545888832,8.435570903529145,6.313427259997219,2.5649493574615367,5.034930364262474,3.3081068366449164,6.971585214757386,11.757856078541371,7.894881331723834,9.821007107535552,10.287634819210743
8.644546092158528,8.336733898731579,6.218909952166778,2.623057149559127,5.168714760410622,3.1734134973030703,7.291217120963727,11.88952337753246,7.683945790071443,9.724489134395458,10.25453206414805
8.549634567086956,8.278143246519777,6.135420573309123,2.950269841337697,5.173761459189173,3.1451095789348074,7.354092159571613,11.863685930583552,7.513442496498226,9.734268449274268,10.231547921248648
8.549225739191748,8.321770183392067,6.1502236347504935,2.7515355258078835,4.944970236432401,3.106080181469114,7.201518824234628,11.847180483450382,7.527112383777026,9.760504009900039,10.246139465209318
8.518787475869132,8.30215283039741,6.176883157244045,2.7656201228537554,5.108769784807387,3.312163597348425,7.181862295896362,11.828476725374735,7.511804057138281,9.72196101283232,10.220409201525069
8.533630686530378,8.258937586236524,6.103154993913353,2.8200553919290274,5.083610377154342,3.080890183935109,7.150980289303587,11.81484684228926,7.393987619924392,9.732365051761958,10.19840215693451
8.634913014408076,8.407152605739835,6.199471901982065,2.833213344056216,5.133311700623755,3.3900241934235744,7.172526897292874,11.806623902721265,7.671754340666023,9.761420149327277,10.246592899927979
8.723932706826451,8.403150651375562,6.207784873074067,2.758602621110102,5.124096232562186,3.437564990118744,7.352099163584778,11.800520366947774,7.756984604318001,9.797739924737842,10.262816028143614
8.65980710132392,8.3471664095729,6.225526059979634,2.7372490680246466,5.097967614022635,3.187270393709746,7.3614601331408025,11.78691201373954,7.657524309179424,9.784148932335242,10.2685977639613
8.649094367459494,8.393791901886582,6.2368913131824035,2.7227562025064933,5.118791877111927,3.299943606973375,7.2762643683795885,11.770983376395126,7.75741225731819,9.806801037066254,10.242140346441904
8.670196545888832,8.435570903529145,6.313427259997219,2.5649493574615367,5.034930364262474,3.3081068366449164,6.971585214757386,11.757856078541371,7.894881331723834,9.821007107535552,10.287634819210743
8.578401172457353,7.955951081736231,6.271744289793001,2.4178957414852187,5.18240756903503,2.8067219970655795,6.560684863539572,11.67848924307804,7.611457666826552,9.783878475430395,10.173959035287895
8.635773933708952,8.04916095210381,6.33949669192624,2.5032556066379983,5.4638318050256105,3.1640677292182664,6.545796557587402,11.625822906501428,7.798796577970269,9.814043522133963,10.200694122736534
8.583654862115656,8.00442123143284,6.2295186023019395,2.4178957414852187,5.070998422902844,3.1451095789348074,6.559426366967109,11.592490520124423,7.541977783249154,9.719451860651688,10.163943158981903
8.791999391458285,8.205931590066525,6.259496489135344,2.4756043505836263,5.289388724592973,3.2408549055000044,6.7884460755739795,11.565370740028182,7.704861993783579,9.799614202166284,10.324216316757699
8.681659999965229,8.092698157401268,6.273212384263037,2.4375040225438265,5.3804092501488014,3.253813919147935,6.686665167915666,11.541142914894055,7.731394516812695,9.825946943542991,10.25718283940252
8.728577202372312,8.156079840878574,6.260982642567529,2.5301635953583594,5.399669845748083,3.1403134542881745,6.756648116287685,11.519654330888564,7.723759020851348,9.773683173958277,10.27339763549308
8.753799489505482,8.25679477061129,6.262466609690184,2.494123213149801,5.197268542175381,3.1593618860150205,6.857490697393352,11.50395019637831,7.793724249595521,9.812657378304085,10.377482511442595
8.720866646987522,8.24871807084204,6.233015419397765,2.538974134216136,5.382454266183245,3.2277253520394527,7.021460875392083,11.489894953691373,7.711300264727226,9.78186653637082,10.325211616547106
8.74827669293384,8.331626375259853,6.241704317595442,2.4178957414852187,5.348165161704779,3.1110429220451636,6.858891777623599,11.482469006656999,7.697121317282625,9.834405986580224,10.37350437606982
8.741676289936343,8.209474686257922,6.237369305585903,2.4375040225438265,5.371671075745531,3.1451095789348074,6.803603909789776,11.471609598515304,7.740712709446066,9.804582084270796,10.287785013091721
8.890086131412906,8.143979051620207,6.746960356647277,3.0466363922224944,5.620803357170365,3.00678199985046,7.050546446011291,12.517102157940482,7.637073657454368,10.963875549937743,11.345240534875009
8.885699205222117,8.156679141818637,6.710414833188817,2.952593012911908,5.486179089905452,3.1403134542881745,7.023501673202713,12.471097086549996,7.599790731801739,10.958665254717696,11.279425975555352
8.857069153073288,8.156647273487165,6.683388755141793,2.9641270488175526,5.476928339298616,2.8067219970655795,6.978876253783408,12.43869649423923,7.548848644453015,10.910505047115207,11.257696527829848
8.811615829128693,8.063668151753895,6.6640121176153455,2.7891182291090035,5.3768204126276595,2.8965255621208477,6.81422573390641,12.403289246119037,7.501020735635297,10.86701041013459,11.190713597608271
8.888462452134192,8.034785842715213,6.6383059747914155,2.6182064530977875,5.44000979216685,2.7932078053608635,6.82719577112372,12.372421528600983,7.525220598705868,10.869660761883502,11.194772271973088
8.786351418411702,7.995579960078733,6.591094387266164,2.8026868207825033,5.536459002196249,2.995732273553991,6.77071296456402,12.353629778481311,7.55153713174776,10.854946781298498,11.166762064813696
8.80297011722809,7.982427726073334,6.611323936381596,2.559807700229126,5.4443398447216795,3.012261411570762,6.865589788625379,12.330255455188011,7.452273545003756,10.825752403769929,11.160287124830269
8.817064011358728,7.932772852475573,6.614755385282969,2.4605379638943776,5.254017090229854,3.13065163999705,6.835471286980174,12.30900476500429,7.513163545234075,10.862295694213477,11.168668651461337
8.79520869224639,7.968254092749055,6.553965055946536,2.488603142665568,5.390085918549548,2.852631237605607,6.728681769566608,12.29248074334601,7.591132670190317,10.849894428589504,11.115828909293786
8.822269764541602,7.995542521011413,6.585895754728769,2.559807700229126,5.137757281966123,3.0177109628814383,6.914002395055178,12.275370707468449,7.501389016390183,10.800014029733864,11.138070709574258
9.140814025359532,9.207823875252693,7.965564864610577,4.713526170745356,6.4149150932078145,5.71556465799575,8.391045266924026,13.639520793004747,8.720841267714176,10.734065215817086,11.969704533919057
9.148798245693724,9.086725363376873,7.969338523568096,4.756459604881022,6.371231911817674,5.7834832469534225,8.372496202305165,13.605521234193994,8.775686726574946,10.745162251615609,11.91058537682993
9.084338654917174,9.200018394180844,7.913460053465141,4.6443908991413725,6.31395053773031,5.723585101952381,8.243130544114575,13.577898831664264,8.667182845025998,10.69247482292782,11.958639247698198
9.062152251210655,9.158951166673537,7.826376624864345,4.4948592147982,6.31636212651481,5.588496306729577,8.226597248430815,13.552790778080666,8.612260918194838,10.723979073889927,11.947150782549015
9.024241021497122,9.10899401103042,7.853583236166027,4.560869961934716,6.311734809152915,5.744782245373331,8.19228758111489,13.528566006064004,8.656413924755507,10.603505243742331,11.841516728140565
9.025819063902471,9.120084951125246,7.834590224731963,4.509637771491467,6.33130412572122,5.558114222656811,8.22048681817307,13.49275215977024,8.563419225297274,10.686754445472879,11.865867673140952
8.986435419619754,9.042773428550714,7.7610588787588535,4.497337505937351,6.241141824877912,5.570462716778323,8.146927904267363,13.45120404371565,8.541473795240213,10.64366382367578,11.835514472435447
8.962138238050242,9.022386985760301,7.784357631884397,4.395819943107587,6.192362489474872,5.534706131454373,8.112287926566587,13.419154189046578,8.522468142367496,10.633175308849134,11.78103133452389
8.94330588608181,9.034170521775135,7.689091384200242,4.437408833087883,6.26593471925441,5.488937726156687,8.095185335466468,13.389627770454156,8.4338357365333,10.520443095772904,11.768463922454242
8.924925357139577,8.956992449260492,7.730589665239033,4.336564202457588,6.063268284407596,5.486179089905452,8.088759648768088,13.355449356348396,8.468469691224714,10.535494579228324,11.718629833850832
11.717711589552266,6.189199127308311,5.684146511470787,1.1420963367774954,9.375206766620398,4.994355358828367,6.592496438760121,10.813614438079924,7.799070023419061,9.76912533887537,10.250667337492258
11.803501927954516,6.1887431253857885,5.653463372256173,0.8520465674094074,9.329507141386841,4.920953664243504,6.614040231343914,10.74956991264494,7.733099630613749,9.691766020886892,10.150437904127239
11.671159510756667,6.178658464650574,5.46735664479445,0.7576841391962957,9.22854259087038,5.018162427349739,6.550191054035948,10.637584186213136,7.660637796650292,9.602969374646122,10.075196512744034
11.624906317716022,6.100343862023709,5.425194745242372,1.0647107369924282,9.22246874698995,5.026946014783273,6.6352755826030485,10.593348227447851,7.52737551394435,9.498948682087393,9.983103502392268
11.704062954397921,6.235738823797718,5.465478287811663,0.9028690628924527,9.19434874072084,4.701691722712369,6.586079692005532,10.556301045376312,7.540975512731332,9.48572379209499,10.000078729694705
11.702533650437301,6.225679918982503,5.311288427428556,0.9469285634046389,9.097932862256638,4.7305294273606044,6.517572789480962,10.529184718471704,7.510977752014095,9.443365604658526,9.944335146888704
11.660249371488405,6.189199127308311,5.3938800599226715,1.0296194171811581,9.107214394543876,4.7652083008082275,6.539650173208855,10.504071000450649,7.532802045054029,9.419413847176317,9.909319403189512
11.656343806389813,6.2655335431613555,5.433964594214082,0.9932517730102834,9.079930452196567,4.786750718291204,6.534014917026703,10.480674410226518,7.502554338363217,9.422384327661383,9.936690193363846
11.604873737254735,6.183942684111306,5.391352232515226,0.6706765974325768,9.121268692201449,4.86599480426999,6.542215760543423,10.46833344900717,7.543567561894489,9.43016464296951,9.916627510423208
11.665829940063976,6.280416643987214,5.383730229093948,1.1491659762806532,9.087069806833101,5.079470135319305,6.503023242111583,10.452930502454072,7.554800346573705,9.422653934899953,9.906852994079447
11.372400915178938,6.6212872825750235,5.7366798078287795,1.329136535515063,6.405265184629139,4.947182618770239,7.076203266326804,11.161125444687523,7.817862488224864,9.027249185493263,10.146986084061751
11.4329897238339,6.496976071023562,5.602241802247072,0.9382713777218528,6.155141132513506,4.436093803312577,7.008826613238727,11.130292214931782,7.832115588061962,8.971904091943008,10.11635088743491
11.430568813626115,6.654753718293393,5.715308395298792,1.1349795756960637,6.308745882147825,4.508414542003587,7.088705529298336,11.116923275186666,7.733892734538865,8.961128017931195,10.170004720212974
11.459364220622037,6.631591798767721,5.673055946221063,1.6529225988418337,6.26132203252641,4.542112061855274,7.048695275005618,11.108011371675515,7.889513265587276,8.964856058926012,10.16362198238461
11.425334647446443,6.7650646050565175,5.6541641976960015,1.2685125754627258,6.292021703802339,4.647590869923161,7.021996244463583,11.100358028331458,7.8284938804024495,8.986895386485257,10.132612292028488
11.432197457765932,6.674589446976432,5.638473274399531,1.203971804325436,6.2298688387121395,4.562030716529329,7.029795904891162,11.092417274938525,7.67798180849438,8.986186588048799,10.040021100990243
11.437586427674361,6.5791277460551605,5.589451810202376,0.6359893549551178,6.291610286859906,4.447866340153818,7.028811963730714,11.083827794668437,7.741837626463574,9.006581332373738,10.104057333906624
11.46967007234521,6.709873288132855,5.6802863568137525,1.0986122886681098,6.3127828622941395,4.557379487186707,7.03528815894896,11.074371750587742,7.803630129798457,8.974242440078772,10.173980230223366
11.376605553065719,6.63510047607744,5.702411168178445,1.0608723453005733,6.1324817447987,4.358132300249694,7.034407506816385,11.067196713309892,7.764829010875235,8.958644442218556,10.157081849163243
11.366527010644555,6.59687281335992,5.726956308469496,1.358123769867439,6.242266494092778,4.359553750412732,7.107352670477783,11.05999429070532,7.788225376159563,8.979392837393474,10.135233111470669
9.83720885149674,8.704098670964706,7.736811580628502,4.0943445622221,7.070157532173496,6.6751784867257244,8.807388768367323,13.131189864664963,8.544808358449211,11.367697231848076,12.257573312869468
9.823322985646392,8.60455469310506,7.680350119440571,3.9807196197019294,7.033016452425115,6.672792150862585,8.822584197976274,13.088864503263855,8.542254300006057,11.354145159043068,12.138061910642712
9.873209313727147,8.659427436869146,7.706132965248981,3.978642609609455,7.019495399616721,6.714763667075635,8.78506363670134,13.024394243480568,8.488679397603137,11.269917017768691,12.091492475226403
9.843516952675701,8.58312865325265,7.658353424751373,3.9576334529859287,7.006896492813569,6.635421483477155,8.764209507142004,12.994702718251533,8.460552291407609,11.252366148323938,12.05820842368776
9.846756106591236,8.622875654443448,7.644249264045448,3.9744759783210415,7.081241619950992,6.700238983553627,8.810989865530475,12.945800673205422,8.520476682853323,11.297017341329042,12.072055928812105
9.866982615163195,8.534991633242395,7.542649327893657,3.925268297967638,7.003166462776297,6.756079316181847,8.76201995356159,12.90413052661414,8.44981805782828,11.18946483125848,12.011077652287762
9.934494065561832,8.569956404943122,7.577485976227273,3.8595593422155856,7.0591402291311685,6.946484419410265,8.835161956957974,12.862223548159328,8.547787055854291,11.23998515968251,11.985445924340238
10.112787274314746,8.519725538317545,7.488629217059296,3.781661212881358,7.088223268982056,6.62013245810828,8.794286061639987,12.803046913133548,8.483659387974953,11.123073501548028,11.848563861972364
9.868905309587527,8.513008893438718,7.499324901690218,3.771482880347351,6.982037838037536,6.668002327092241,8.788068146229604,12.758826531689207,8.4530220097346,11.12559558172688,11.81069300768304
9.969522869634263,8.518172711529738,7.477126504664317,3.732364619245163,7.053873784231946,6.828519650532527,8.753581968954153,12.739074221820792,8.42412715902838,11.080540240174228,11.858703317376206
6.372523107122092,10.81305551495065,8.118985020925034,4.960355100383957,4.024160445770239,4.133565275375382,4.801285092311642,14.909487360086422,9.66106419570561,10.405254940881466,12.106681806730425
6.3870289546313765,10.808123744529489,8.060838214901738,4.931110946495365,3.983619870246361,4.086163017810148,4.742029397775056,14.856859035080644,9.579658497590584,10.342512079832662,12.050908174231623
6.451487976929489,10.693957784804729,8.01361898909467,4.882633575083392,4.039927446412536,3.996364153861897,4.897010276887291,14.79807732146503,9.510932911287012,10.362520810135806,11.971947348282713
6.455512979315044,10.6077749498136,7.981904095471872,4.777067262871311,4.10612671261875,4.131783079232499,4.841558990368111,14.739210374657375,9.418873712039419,10.391118923976638,11.914715532113556
6.292350722931334,10.61919472106313,7.979129589112748,4.774256373761215,4.171648445815605,4.151214851224741,4.823859351238634,14.709153395940378,9.39132121541551,10.000048464848355,11.950079288098179
6.419958738567226,10.580174729697829,7.9303460853904095,4.82813596150112,4.074519674678164,3.9881607447813887,4.855496437294026,14.680691768037347,9.344592476950156,10.189108335489667,11.876644386207253
6.172813401813944,10.534735392921299,7.916382074175634,4.669500310412576,4.245952297218384,3.9860991485038997,4.8336329253051,14.654808144186957,9.249756578519387,9.680745309437004,11.916144942402834
6.2083217204881915,10.528962120754764,7.884346397525957,4.77049630164929,4.117047880404565,3.7932394694381792,4.715518273007702,14.625069093113897,9.266534802500145,9.820394549229073,11.8748881375086
6.213674322589206,10.460906961911395,7.821709952395196,4.653748708715434,4.083920082311366,3.744524403800133,4.863251754328817,14.583830839655192,9.213095462227207,9.736447306095394,11.831510742999725
6.09000183238345,10.456493927198693,7.78795816339052,4.58700621536042,4.250715062138952,3.884080628067712,4.616220011185665,14.54426378025171,9.110069351725341,9.871605798660372,11.793456026216532
6.713887322334264,9.910992652187321,4.497089975310299,4.0089480624342935,14.014855192781967,2.6469624303822115,6.447693172629988,8.60027537857306,8.798582169824028,9.701463163466306,10.696819879554095
6.589980488581184,10.009382925082503,4.534747721691546,4.018982162577462,14.252811270334963,2.606796795265836,6.73183982721132,8.529262287980435,8.622505706122036,9.737731362879092,10.895638308167683
6.615455146352682,9.965883154417686,4.469477717062255,4.086536323783246,14.12059139034714,2.3353745932363394,6.539778610468937,8.453931484670804,8.764688484743239,9.716069698049395,10.794299095815099
6.4479923621871285,10.01648384153417,4.494610958190945,3.9656691696452886,14.240889616145864,2.547707724940059,6.74800376371756,8.363948767481695,8.437226035721912,9.678171504308509,10.903848154139528
6.557709116048454,9.96716632919931,4.30526558853742,4.088400933805602,14.140557054422521,2.172223528295327,6.53398261276244,8.261049981598404,8.666543797873492,9.72661445907213,10.816442058793363
6.608585245195778,9.84323612519897,4.3435168087803655,3.840487260720659,13.960055343799807,2.245426208565751,6.394927652545473,8.189441927128255,8.640228581720994,9.493047590587686,10.602633924159887
6.536514451467074,10.005331893591032,4.532360539875012,4.002878916051919,14.252157601957114,2.172223528295327,6.744216217561978,8.157032814693208,8.57673173283729,9.797722634007371,10.896402231699627
6.7415563867195045,9.579648513077505,4.460529657641024,3.490428515390098,13.76072661695231,1.8281267562560088,6.210644694503174,8.121691615064208,8.513086994516911,9.350541831662499,10.442097589809764
6.62065081301694,9.787983168592417,4.36210730556831,3.882556088964974,13.967708666097812,2.1068402455976436,6.376008628744696,8.088473103153799,8.547347286338843,9.650468100384929,10.652274927148387
6.556604733131891,9.802905724076652,4.437145894462784,3.8428714070590355,14.034820012963936,2.313634819290515,6.499653362548401,8.04734599473429,8.502589293717383,9.630923951216047,10.70894156702646
6.530440214290318,9.843152923448987,6.210756249568043,3.784189633918261,13.608235789961778,3.5132025724889724,5.911579237463393,13.542647254293009,7.8751446208940745,9.703948623995226,11.036641354727314
6.628966873700476,9.880059126749781,6.630932549849052,3.7917367643656714,13.61186302375987,3.9910395252124893,7.643195371732334,13.52550972518442,7.972105799380219,9.657981224751243,11.072736570727017
6.569683980542769,9.818322349046255,6.176259895720938,3.8358615725201335,13.593890928229007,3.4897508468002085,8.234051905969192,13.502581558202435,7.9787527269238865,9.661391220965921,11.02958223531822
6.489086717651426,9.820871954483637,6.2378253598023585,3.7162784012750234,13.541285034958616,3.536116602474143,5.911880067765139,13.473267088662762,7.899755239171959,9.546133806835028,10.984592477773463
6.461693838390125,9.710266140967814,6.288622413333068,3.683308464930401,13.513047426341277,3.386271881821408,5.8562173976999565,13.444285591422764,8.024774885353283,9.517191701334518,10.960510384030679
6.5094809253190045,9.70158146445733,6.351796680369877,3.7481959265583082,13.465736446827199,3.63465792927281,5.836952681227561,13.41590632466178,8.143343022677325,9.432501218193869,10.963823407984963
6.468957421192864,9.735567790054747,6.215429980584499,3.7054088380323567,13.41817739578072,3.4897508468002085,5.790843236537488,13.38363037343139,8.104656470287864,9.513571758314905,10.891564022664864
6.4723978078572175,9.682535348465777,6.224272368561915,3.758612818035347,13.378669774434677,3.2188758248682006,5.655447746759923,13.347161647811458,8.12014588697577,9.424183026133504,10.864665179392928
6.421857102019423,9.655011236074488,6.111886076653742,3.7992275859096645,13.32810421612194,3.363457092140846,5.644897064533915,13.270048342326044,8.102270165879514,9.376198442930777,10.794757412438695
6.38375059161063,9.59340004650481,6.165114362804404,3.7376696182833684,13.28355901173313,3.6139163857003607,5.564350124626184,13.204721863131278,8.073354476538844,9.244725695182211,10.76684223786502
6.635946555686647,10.16249533570192,7.128879015843799,4.704512589078905,13.491462274533678,4.950334678117593,5.482489044145864,14.191120674637872,8.746716349694486,9.254982261080517,11.16780431190703
6.673859681026523,10.147748334911512,7.056012434634259,4.718498871295094,13.420037017482793,5.033338547108554,5.276980240510643,14.163670700320166,8.907040680930264,9.204018207141512,11.068886008086315
6.601532002505209,10.119221050290998,7.03822783438042,4.693384522465067,13.423701924264128,5.043425116919247,5.354487659023494,14.127295605792371,8.808203054126807,9.262055355640312,11.098308775189818
6.5513977418074045,9.978939739720733,6.939932010677358,4.5254051814181455,13.361283492781855,4.693384522465067,5.355012725972613,14.091147174322499,8.560167535489466,9.271443833483533,11.03562792193166
6.5376573195375185,9.908866946616154,6.805020945221261,4.362390603499797,13.215385871741459,4.530207171466731,5.133835747528778,14.045909644111397,8.515747703201342,9.324807298526483,10.902328819254908
6.63885861074817,9.974882204105446,6.755937056859272,4.372256815027585,13.124687984530349,4.612917894829634,5.056245805348308,13.993298576008463,8.730654465195778,9.307374317968819,10.83238536890663
6.5089347119370125,9.819688585863279,6.73937607036627,4.295015212229705,13.211593271296136,4.7819206697996295,5.099188698217362,13.940008832886624,8.479629771553457,9.187183191231792,10.853980228043783
6.668369420154873,9.809298355246067,6.679361858689546,4.3055654535869,13.112357238109498,4.686237968093265,5.117328261645651,13.893255818270152,8.608677881538416,9.250199769588654,10.74300066647509
6.553775115145511,9.765348098514593,6.6785237836861056,4.422848589194136,13.118694187492501,4.688285123373444,5.13055595451511,13.858019299794915,8.566131493184182,9.091128816471002,10.698755255690452
6.525843930339184,9.729450914030727,6.653479329723834,4.295015212229705,13.05230991988765,4.578141479353596,5.146848279700971,13.806788923733057,8.52602077935811,9.145396435335519,10.65442685045075
7.193234927878718,10.21321809466756,8.15225563448414,4.410776007474037,13.187105627787687,7.131769563098488,6.2421368025733885,14.188877613548524,9.680362056683917,10.09588411145437,10.642956509491958
7.1355634858544805,10.256174443602848,8.075644843134992,4.24052700840018,13.201035710648204,7.096426997420559,6.131854314099146,14.108482273886716,9.655500439739336,9.943750457514948,10.548445096848647
7.0373790467756425,10.139435005335951,7.992749332318952,4.01136540851896,13.008360438180032,7.0004154870745126,6.034577243965151,14.038790446648122,9.540943035593063,9.87667118637677,10.537571859865203
6.991953439252391,10.14196362450179,7.938952814564867,4.109050727859971,12.969409277696116,6.969143007205859,6.112846033899454,14.005858235770521,9.504133732657289,9.756881856183888,10.495573911048643
6.908155199003464,10.20984989068659,7.924586930095513,4.048882130005807,12.962212100310085,6.849749442651742,6.305382753722214,13.974111406798837,9.483319889370705,9.781308619063052,10.473295980579321
6.762164156399934,10.311668968138521,7.933191354607485,3.9910395252124893,13.06352025110825,6.822778191421957,6.1997425922614875,13.941180719421496,9.543414778935341,9.723471336201687,10.424798347666954
6.926642457971586,10.177266759861167,7.914203545829865,4.062356867608244,12.963832823610506,6.874175516905939,6.040677907431574,13.921656455129288,9.515097499396115,9.765630627986715,10.414530152861003
6.701222993473124,10.153819893616118,7.920801610991709,4.058525483611005,12.92008425330073,6.836593389017285,6.035109210148554,13.899511360499798,9.44532992632016,9.695172403775008,10.429464808291879
6.865033334866849,9.926478990168075,7.802699792836694,4.083171205444199,12.900659345035377,6.878646818621464,5.885980579385818,13.8614080662453,9.376895699896265,9.655497592368008,10.33898276507412
6.870584018664952,9.957346330978444,7.796094538847139,3.9807196197019294,12.686626673077342,6.746777643433303,6.0467415547126295,13.822013688916558,9.370942577030721,9.64506362613011,10.329612219036132
7.355790184512806,10.535417800570153,8.152911613106573,4.29198033879153,12.529673913392392,6.950495435852164,5.530398617365426,14.220479283635058,9.876869754802998,10.445626425591282,10.623020762022911
7.2716342117693715,10.677143742188049,8.116294309212483,4.287410688833384,12.48664450017422,6.929081803380617,5.517095844777533,14.15875067407109,9.82109579157936,10.405963750051079,10.639572886891049
7.292420372168406,10.775584639969553,8.11193806026137,4.293498926817273,12.621346160229315,6.926031683368897,5.659946672342892,14.115814513259037,9.852106534827316,10.44378977448539,10.619206942145773
7.376028242739933,10.531743260878597,8.073447992910468,4.186282091331569,12.519938088754609,6.906977196354344,5.513518338925625,14.080360320766232,9.7811441341862,10.364028495829341,10.547932815032839
7.493137822966727,10.346729668374183,8.003448497975556,4.146655821640726,12.32040083117026,6.929408046653789,5.346684155392497,14.055779124466833,9.814899174916214,10.367737159099168,10.532719425187457
7.436296388773613,10.37906899960526,7.972783972317641,4.060443010546419,12.40059401806091,6.9075330342876144,5.322033893165353,14.007894788038374,9.767960519087286,10.325276476894599,10.465723397123508
7.098843851276167,10.638320088253254,7.865115441001828,4.04305126783455,12.38853169287187,6.725167018625949,5.431876546286494,13.973678159149467,9.614782735259112,10.171428545797605,10.380047420415583
7.306315120519456,10.388054412834963,7.8456900789141635,4.02535169073515,12.2330920882675,6.757965448481323,5.490864257632373,13.935720916895368,9.6432765238916,10.194931706227646,10.419176000185491
7.302803357750334,10.531716584442428,7.766478099536635,3.9555080748146927,12.18401901999335,6.6169572503104135,5.4917803350057435,13.870530009932644,9.590373705264204,10.116857272796164,10.333372065185037
7.103970610397154,10.720100112061118,7.767654360860153,3.861898711703517,12.237168561389579,6.594565445463386,5.3193175118273714,13.81147559510944,9.502221947159782,10.09216203502933,10.347665410190517
10.664792218812144,8.870407041875128,7.847575887243037,3.3166074342805127,7.737567825512912,5.948615029801839,7.2909141832601145,13.016157467456983,9.050249864414756,10.954039133216941,11.3513813542998
10.648397195132269,9.06180942698431,8.19771309951963,3.686376323895818,7.604064121218255,5.302751969146876,7.175081573728255,12.978374601198958,8.65863488222375,10.917102596124812,11.277917503566398
10.628785104174659,8.735017732241635,7.618780579298286,3.5102179909976905,7.617103840519972,5.4111499020073435,7.175846704218373,12.923421152702222,8.784876617871427,10.870591796990947,11.237284824867062
10.406036351090915,8.747327361716756,7.437644692465148,3.2059032436136854,7.519632147420447,5.088281964332556,7.081633885836588,12.819389753218617,8.631929615750675,10.723607512082419,11.106740264357677
10.40136706932332,8.742017107726069,7.67723058283537,3.1503588401291864,7.2640301428995295,5.763448017095164,6.887461863469121,12.739652940255949,8.647909513946386,10.669825816678767,11.047873290295849
10.366355365735297,8.571525641089298,7.461174128352061,2.793887778347274,7.314108878931168,5.584331373551875,6.825122183315379,12.653185220706364,8.710656154929342,10.654728049389611,10.998712815369384
10.609417133515088,8.72202974272996,7.248796426501531,2.7234857904136445,6.81746581128298,4.756459604881022,6.93873701982251,12.576659326492388,8.643492942891864,10.675664106904843,10.996726355856456
10.511709662981236,8.655439009403258,7.596040660125174,3.131136910560194,6.755768921984255,5.803124907928102,6.866724929424145,12.52509898035264,8.78916923438501,10.590119107937179,10.941884013174402
10.594101527237717,8.638675056184484,7.293826121603087,2.7234857904136445,6.70277903571503,4.946393049064584,6.836283143802141,12.489595497051933,8.51249327609682,10.621945040970987,10.963465074830609
10.548142191357691,8.617432617047818,7.13725194247379,2.7242148464103337,6.586171654854675,5.689984012232876,6.728389350013815,12.449147181902353,8.422662707570003,10.59890992064286,10.890158252713487
11.77045446861331,6.872899244346282,5.818234873598574,1.0427612551280943,6.066159643299221,5.194806971694083,7.29058084916574,11.109857148859975,7.602490088591864,10.258982467063934,10.659870061697001
11.599203461960808,6.8346707122012145,5.643639222379524,1.005520646089159,5.931714542702208,4.793952328184254,7.11754787763754,10.88972051250228,7.603986588722612,10.079435134896181,10.501294524940903
11.784641082615122,6.896772973626406,5.608413029762402,0.958357391477355,5.847786623527167,4.71252867436847,7.096519007025658,10.751943789460382,7.484842935286278,9.946465088925871,10.326482918521114
11.710824504731848,6.642733042233926,5.568514107698147,1.1181730566533246,5.9550310600287695,4.863251754328817,7.082343308996124,10.592403014240364,7.453214186642478,9.705006803002098,10.290162032064629
11.674725291540458,6.601486729823172,5.562986664690745,1.0000876145751203,5.926985277548335,4.693384522465067,7.0174862323487766,10.4009705580417,7.37404368407148,9.482617732026315,10.025842343995281
11.566489822994393,6.425535106723129,5.44740766421144,1.0401459610581896,5.814528452644075,4.388947132690868,6.941383459962121,10.299440152526095,7.260022747254104,9.395506028813937,10.039114872170295
11.595406633058067,6.164413610651793,5.521194202296812,0.4883529951866335,5.874368775231734,4.6379599765530175,6.983769371904295,10.226342895423894,7.289352617889736,9.176733029775269,9.862676553267924
11.517327318183437,6.356242686301746,5.349432872632184,0.6744535381126913,5.810542011227735,4.399921069980172,6.8450284490738325,10.179745450395444,7.234064936798608,9.158211641340511,9.853771376474995
11.76797018628212,6.498231952433451,5.614505915896557,1.0375238092863868,6.002569335081393,4.885323966830163,7.071271485034299,10.150372803588308,7.479149050499345,9.238545507939365,9.903948002012996
11.75662290813425,6.550826331358628,5.482211769104677,0.8723764611923088,6.042685611387001,4.736198448394496,7.03024819239725,10.110107787021215,7.407695199890931,9.293389837281644,9.928510192125012
11.551634722544708,7.338389848571793,6.245740632571615,0.980830503010945,5.799833107530205,4.434777160533718,7.379895511564469,11.317976787261877,7.910753636384785,9.786549160068235,10.297699581583052
11.633505966822312,7.318104732563712,6.200351392833213,1.1349795756960637,5.710132636300669,4.31154461924798,7.27707878354316,11.278229608618378,7.884116231491377,9.620455393129356,9.990998203117952
11.690193905918195,7.311077352430996,6.132747071941871,1.203971804325436,5.8095429203313556,4.279747754784232,7.370076700487691,11.220094157935788,7.903021480926628,9.703478490202054,10.239970503385658
11.570458672721719,7.283150567701733,6.088616461695313,1.2992838932207567,5.578974824062853,4.191336811402688,7.255889407773552,11.170064508327997,7.836940297086523,9.72358440223834,10.27241814368673
11.744831755576358,7.207785794614781,6.074656137994746,1.4136930650376982,5.734132032129567,4.2812850187894,7.283967022731191,11.137920371045448,7.801163978575703,9.568862941103799,10.017761723320122
11.642921420871923,7.333393318364519,6.119149023533544,1.6094379124341003,5.831621768815213,4.313033807829786,7.504624032137302,11.104780435678999,7.77186343275211,9.550268534998535,10.04557384455998
11.698361057036179,7.226782583757665,6.110555371679976,1.4663362995623619,5.811872581587905,4.227644511398988,7.445404577645498,11.065836304685794,7.878029019317611,9.602534099605654,10.045231587094182
11.688652548190367,7.234105027074757,6.074656137994746,1.3862943611198906,5.728005253314659,4.194692485805125,7.3571876508612695,11.040544256000521,7.787059244105617,9.448107147271234,9.716144743729942
11.783554965230053,7.248907028157374,6.12085893160288,1.0986122886681098,5.788668143929215,4.296529202001093,7.519861104636348,11.013446702889766,7.830558093146836,9.380666192592658,9.468213368860663
11.747552516658082,7.182782619507508,6.089120450822247,1.0986122886681098,6.04426781466204,4.15366119173454,7.502542074588151,10.985906846817521,7.7824366689594235,9.52449558459643,10.122871601368612
10.420460244406769,9.179267000673748,7.960967205604192,5.2545976359763875,8.011428811254508,6.372371285281493,7.810325647673499,13.769297541756425,10.774283119074967,11.353836202962903,11.952418482188415
10.424902906656246,9.176604324190183,7.851773580132208,5.127924400382201,8.010765290144448,6.2999699757349275,7.820323535032117,13.734405570532996,10.688919887575906,11.390891155441256,11.964101716209562
10.282455810170191,9.067949532376822,7.763710790659169,5.055537847799121,7.927965489518868,6.20747157390032,7.699812212194739,13.692997591296148,10.628133131017812,11.260233230822022,11.84901365957103
10.319584094147846,8.935938613816742,7.736530263784363,5.131869139225333,7.917576830355779,6.056263456216663,7.713605949455167,13.620004317297301,10.903739254335342,11.229234233309201,11.720147562166963
10.201222260880016,8.937633024566518,7.6169726397195765,4.9296662074662025,7.7500884556970595,6.041840762356979,7.528833431175164,13.556257257199265,10.713585076382596,11.173666549162757,11.706795085463177
10.263547649224591,8.845639656089293,7.571622396799074,4.939258655120376,7.7144295358825685,6.009904579827007,7.515005613958792,13.503036260178604,10.35636939542455,11.244982401189699,11.663751768060987
10.299066172309814,8.810433123313878,7.603654224960407,4.870095245741808,7.868679399019156,6.026938924577781,7.606796167474715,13.438447418179559,10.629230719876007,11.206972604644944,11.68849296807385
10.222602882931406,8.742261998635362,7.5793723409917195,4.9344739331306915,7.74557983613469,5.997004721958735,7.474797389113644,13.409759892418466,10.502268801823755,11.166485582632147,11.585197753286863
10.457716795623552,8.662454957647677,7.501855305940849,4.797625390165045,7.9810877452692806,5.867726301838262,7.616360151458728,13.375763463752014,10.648441243040988,11.201824938183574,11.64360395858308
10.49436449926162,8.683223503587753,7.507177690809199,4.897839799950911,7.980327752072646,5.889800884106389,7.6225769710242846,13.34914101076416,10.85767097940691,11.160690175023996,11.528619664221864
11.604516717948789,8.918333404634588,7.184098306763924,2.8266560092995285,6.373547289294259,6.07037840248283,8.406236801350431,12.646653686162805,10.101501084591616,10.634974716693993,10.888003335251726
11.442945320539689,8.982975423087701,7.172654788536674,2.772588722239781,6.368225298831749,6.035375111083359,8.523042715542351,12.587544955372458,10.110913561086802,10.653276006964417,10.874137673521695
11.59597196440236,8.914143633757421,7.130338673437784,2.70805020110221,6.400478899191415,6.180844468269383,8.484853637806848,12.55167781159021,10.091939355085637,10.621575011600076,10.861693654289791
11.507859432067821,8.880967099576758,7.124630336275836,2.8965255621208477,6.340790321937168,6.061353323818639,8.419629362451259,12.508161030296044,10.055002380556193,10.578553922707032,10.883757899326366
11.484524961641418,8.776967780952921,7.033868949453459,2.556365699977038,6.329562443770435,5.845346328844613,8.304219969031072,12.45734848046081,10.005252612432521,10.493735383782145,10.741674510555756
11.574869059665259,8.822137083691999,7.037193585095203,2.5985656376819546,6.3160007605504385,5.832403690401964,8.426198132272845,12.42908969996399,10.01021313616458,10.484384488223085,10.75984850439786
11.516502504130663,8.769001077482377,6.981181273642063,2.447166706420464,6.3532486470529586,5.7830043224395,8.274243680600296,12.408192472298724,9.960672015314579,10.486002320656246,10.76216282487027
11.560767137177628,8.788063060453963,7.005557297031736,2.3978952727983707,6.30143798561021,5.841481101453236,8.324875168832914,12.390183064314357,9.964484392600166,10.431833462508816,10.722948684131078
11.524448925231969,8.71745834956834,6.987562063443366,2.758602621110102,6.296740927960714,5.802990774182733,8.308144287242381,12.365038096678036,9.92500548334792,10.43204306873148,10.70131451710868
11.666237793479203,8.749885673429391,6.952059204538662,2.5301635953583594,6.391395855283139,5.811673126817473,8.346246691852837,12.345600454237315,9.926923006453087,10.408454045067085,10.642106699799044
10.839820098785227,9.136551494444818,7.617497334753156,3.4000857640441637,5.853797643605494,4.899496784602249,7.120929299258856,13.071380374050483,7.493459532725953,11.22179359694385,10.437669611922578
10.777262263336935,9.212095497841284,7.593049485497637,3.4646937974965644,5.912301094443111,4.888676903765793,7.00179192090852,13.005764565283382,7.442056517536019,11.133831884553697,10.388795006400567
10.894470910934611,9.146809935617034,7.621423784395644,3.0995917131606614,5.836109425565256,4.624972813284271,7.053047795153018,12.953998031388181,7.4770573346205795,11.100911291824257,10.3214132230468
10.888105037876546,9.097048485992076,7.507275304656436,3.199579645305715,6.0617158830629085,4.629320602836426,7.048521551631371,12.923196382910323,7.460892986533744,11.065197046332239,10.342363795896606
10.968780112650446,9.072164560430188,7.535605133251352,3.3149936784162573,6.519638804294581,4.819385115526609,7.169726304602905,12.892985628248141,7.516814079159796,11.061902164241369,10.286708566351585
10.955638518751629,9.072751234400084,7.480879416942352,3.3888997413658037,6.0784064696023705,4.946393049064584,7.187690753875832,12.86763475596191,7.520613888313245,11.041160997398215,10.364146965885158
10.965489259452344,9.069187629937392,7.491905713024915,3.3149936784162573,5.8971538676367405,4.866679392690169,7.070006398622053,12.845438556204071,7.594565760001506,11.03960505231471,10.31384954033423
11.061594064046696,9.021626426933949,7.4415289075657025,3.252525664867156,6.037075066321818,4.760272812570228,7.062515298838332,12.822693800315086,7.505816144178244,11.00847466394247,10.313960102454832
10.923863587409956,8.965123032330968,7.414853968347961,3.277982872221381,5.812802964430137,4.742029397775056,7.009449076437646,12.796345938430917,7.473088025352885,10.991857567739972,10.254224233288406
10.91287551235092,8.951182406135198,7.351742850113434,3.172017313854973,6.130501596376824,4.79026564196394,7.082492589618859,12.75150827330322,7.487316854834116,10.938257176746685,10.198556441904566
11.265656841387292,5.631371052291273,5.187571989624797,0.3469952464610484,4.340915275375011,2.257123184033459,6.151549952987599,9.300745613121395,7.380047955109914,9.102934556117173,10.083531053613713
11.259310964994135,5.532818416605963,5.291796149557771,0.42744184091153326,4.353855786278613,2.4178957414852187,6.337808540066895,9.254119057733805,7.394971038474182,9.118340817598948,10.080487102122879
11.16970687835843,5.403027680870781,5.134032172240181,0.3469952464610484,4.164077848423303,2.833213344056216,6.071250806516858,9.209435518719923,7.21825829403009,9.023307735853997,10.017413777584267
11.271265425580598,5.367376902479531,5.191906911007297,0.19458768596328044,4.326337772866156,2.268683886145891,6.1605038464662885,9.176836442272888,7.2862678145464415,8.952540674006272,9.979663821003909
11.391795334072452,5.252098910201475,5.102099724841833,0.3469952464610484,4.221140342286778,2.3877430033751637,6.066881178664761,9.153236074789548,7.370510476705059,8.962953933461227,9.970000685344242
11.278365325080943,5.330408009517879,5.071207647880074,0.42744184091153326,3.9597543235035695,2.846200410550761,5.990352829378762,9.11874395391407,7.205552685999957,8.894555992092476,9.838033056288078
11.197066115531271,5.292019778300371,5.077462880822997,0.42260406025050007,4.130712170678689,2.547707724940059,6.117117775832689,9.093701681681816,7.200424892944957,8.887292074358689,9.870232343487766
11.209986559617215,5.55369144882683,5.118193373341472,0.27087410667741346,4.320446666033957,2.1335082366341838,6.146091306448546,9.069833596982065,7.210736389543769,8.899435161826753,9.870215113272556
11.186736309161507,5.330408009517879,5.0321068547454715,0.3469952464610484,4.119940181613228,2.0222837160750085,6.0671387420941345,9.03418112190871,7.211474729951617,8.920040060258767,9.831564798130941
11.272974512797225,5.469793279732609,5.073992555320972,0.3469952464610484,4.056604272700791,2.556365699977038,6.0645600944326,8.99656392330231,7.238816071544034,8.83257959618635,9.806392169153698
11.697854729819474,6.8909481572759255,6.8947826065524795,1.1181730566533246,6.541510879219562,5.893790470499886,7.9891761958569365,10.783082948717368,8.6890528057728,9.404954581900144,10.313016245090177
11.624292902931217,6.976451809231028,6.884372919884635,1.551495191105427,6.513394948957817,5.940171252720432,8.020518818047385,10.683753372749525,8.702824081321907,9.374166003017516,10.28341602530024
11.662554508992526,6.785838709533792,6.926467989004804,1.3447012360215276,6.512900353284142,5.8888779583328805,7.9783414424922166,10.647793518437688,8.73950083825963,9.443406090578653,10.319289422104063
11.643514059596567,6.9091986767821565,6.873738782769551,1.3408314056476154,6.575540627966725,5.915902529881367,7.959656352468044,10.611926657844561,8.639843374824737,9.412943744341849,10.283849074840997
11.621448973079222,6.893656354602635,6.899723107284872,1.3408314056476154,6.52094834942079,5.926629688733535,8.006249040626196,10.582686236803323,8.60337088765729,9.38136502502784,10.284737378671867
11.7295571936738,6.747325671213203,6.906198507842517,1.7629535335113733,6.509762190675453,5.924255797414532,8.003021234918991,10.559989190203813,8.644530439877432,9.409744811893242,10.270301918360083
11.757247602867254,6.850949746401684,6.889138619348213,1.640075743964584,6.510588970382883,5.865208226853342,8.384139145415114,10.542176787266786,8.674937406184247,9.34678086269365,10.285514945374146
11.625182147315895,6.788846611289651,6.8451704002419,1.1181730566533246,6.50095595119862,5.851244175920391,7.910134000321518,10.528306521745057,8.61575061865569,9.398817021429652,10.272946980981052
11.640867097315697,6.997900625787488,6.883462586413092,1.5732344029405405,6.502623450330204,5.913803257855359,8.65776253644978,10.518542252243364,8.625250069419652,9.258599177856944,10.247571224620385
11.597392218291091,6.845406954944223,6.873393849164918,1.3427681927817938,6.48768401848461,5.853159866161423,8.18682937117464,10.50519051529643,8.565856362760517,9.335011237310853,10.237692936071918
11.18269429018353,5.502980074225035,5.986144872696917,1.329136535515063,7.055427875549868,4.531045167535236,7.22544912873667,10.704690612993875,8.075993818065964,9.368950616859225,10.084679304674426
11.300327227001697,5.5034327017669655,6.011784467055833,1.0216520475316613,6.980509957990479,4.4794809913598295,7.2485514894540835,10.686890748008707,8.067494024310824,9.341147362535356,10.074350655860641
11.21240998805843,5.450466058018964,5.896207155910314,1.491653876777217,6.832097384781089,4.468076914540932,7.139272560551845,10.653449754650305,7.967160781866646,9.343863570317133,10.047136135173737
11.19253469228493,5.438948496287782,5.960403792750846,1.1349795756960637,6.950729621139494,4.419777277418346,7.114733317632456,10.626435145953247,7.9281217010792995,9.207149731291432,10.01662326297468
11.255195932380792,5.5846652118144515,5.8777046608472086,1.1700705629948445,6.7956063406998695,4.474428498515168,7.065575412407896,10.605612644024976,7.965310205155345,9.253966963056213,10.03604534636712
11.26946695514061,5.482396627674255,5.908354640384975,1.1349795756960637,6.914863287131791,4.4330629647989435,7.119150083261799,10.580484461212224,7.955109360366435,9.224246564122021,10.00825339135873
11.238808451143116,5.524478600075779,5.90895815288286,1.0216520475316613,6.942500182936293,4.492001487882454,7.1923994090563355,10.559782279979887,7.953314441456145,9.257852471197012,9.998687120314077
11.051503221127975,5.555024621807143,5.890999445997902,0.7472138755142931,6.936580258643682,4.283892997663003,7.1031027374892926,10.548364933600958,7.86773961340078,9.276027191691513,9.979466115365131
11.154962072337856,5.369500451099641,5.871147064953656,0.7985066962172717,6.904550148033189,4.542940144925528,7.142265100807914,10.536541428527503,7.845759665877207,9.250162400457006,9.967766144113687
11.178753824407325,5.7033379425331026,5.896818042022861,0.980830503010945,6.866724929424145,4.490756480259266,7.146999626025649,10.519188374302379,7.947281808260764,9.19976576841535,9.95465108850542
10.554499086790095,9.028168137633076,7.887212757791711,3.577327030319988,6.382455034849162,5.327336654345794,8.48276736440122,12.281043178121658,9.495352216039198,10.14558413269288,11.00597989671049
10.570525443767917,8.971056146747603,7.831401119606159,3.54256846346037,6.314433324592442,5.101220510640128,8.579211873549482,12.231788203562674,9.51231153389394,10.1302560812735,11.079784728633749
10.571158223032095,9.042936327356902,7.855548984107942,3.3202284396104087,6.245977551707466,5.123302391554654,8.611880955742048,12.194664654489907,9.512106135029432,10.101017411686385,10.993920742719139
10.514952464514318,8.99537440414643,7.770274794216768,3.4267930010532828,6.234279991682854,5.253436207254169,8.674048780532848,12.168065724345286,9.444542550647126,10.1036767685602,11.02502268640331
10.520027529232154,9.055390113571155,7.823428043954071,3.312163597348425,6.329998157637362,5.166054996944511,8.592881817820425,12.13785822095693,9.508047030197435,10.05007686010493,10.969190708814143
10.458748793751317,9.04722257024905,7.839792493697675,3.3900241934235744,6.397744140099928,5.166054996944511,8.258140326807434,12.109687960862207,9.51232796380325,10.040773485170996,10.974677826570138
10.544040300226436,8.971042031905274,7.818479434176742,3.3081068366449164,6.39996208607996,5.0703008365352185,8.490191915913295,12.091769983846133,9.543975253538463,9.96061377455237,11.017045558471422
10.55020473998046,8.898914939651076,7.750380335951642,3.2451932630556954,6.254768542966508,5.204006687076795,8.719520694704904,12.053539832150916,9.406071615680055,9.918885613564058,10.920787948887059
10.44308299436778,8.874295599379204,7.706617911702495,3.2188758248682006,6.172720724086347,5.047716990414064,8.713037714347584,12.00567964606803,9.340734905548706,9.865024463193436,10.937542159349768
10.573699554394956,8.991952162331144,7.725285886832114,3.00678199985046,6.449311251355123,4.97596717281909,8.710549932641088,11.96867119561351,9.460147492172137,9.792308289086016,10.96738435682346
10.001231132854786,9.879857777483787,9.0282094634077,6.6374618899272,5.648191467087119,8.402629967099445,9.364929051296228,14.236795295498448,9.568866046855398,10.402505404941891,12.591292603991585
9.882617956060724,9.536341308970702,8.821081563003698,6.531266283967688,5.627621113690637,8.26198548042184,8.989472007959328,14.015824935407245,9.390646936703146,10.23296514535806,12.280197208821262
9.691588873126811,9.413585024512262,8.724176646507747,6.507675648123455,5.467591212639947,8.292492873970197,8.839324998114176,13.902175210035933,9.399376373019146,9.989723860820929,12.15537432032388
9.499749286078314,9.303400547873643,8.775914933021738,6.257539859419192,5.417580772581955,7.966278328904449,8.509429800126542,13.846336970690786,9.525342496420722,10.025938688084967,12.092748217998107
9.452409477442895,9.311878591759502,8.624378041962752,6.328611163426938,5.138409378515362,8.017710400469566,8.587175202343438,13.814780869586452,9.17406358752929,9.921210131265726,12.051692207835599
9.564023957058906,9.288715022754493,8.705226185191275,6.296986531548605,5.385004611845998,8.027440267148132,8.467255701720516,13.788654610388019,9.483844071152117,9.953628655681205,12.035089696417709
9.603015892874863,9.285349921301325,8.51470788359569,6.131081544196472,5.3471075307174685,7.976251943745623,8.454844863120991,13.74056502831718,9.338583082015619,9.862818902508005,12.010578509993667
9.462433262954141,9.218622646059238,8.497292026385376,6.251775416340198,5.344988907066091,7.913764831743079,8.382213131694341,13.70290462296713,9.280970716472142,9.861875315127028,11.97415859281273
9.495037995387003,9.137763704929954,8.53219783461659,6.1794183587678475,5.594711379601839,7.962531775785045,8.53507676674482,13.652971785128445,9.268426873842508,9.825883304526803,11.89800697259797
9.451589250595378,9.093438197997214,8.501273813856656,6.269180446831113,5.7430031878094825,8.027222653988957,8.623473284732896,13.592880097221581,9.24985591377861,9.725559663034375,11.779785335502226
10.4829065901765,8.865317907715703,8.851991011269499,5.874556138229063,6.635538191477436,7.198349771219133,8.910174778265306,13.76532518761269,10.260550310115429,11.787429419548138,13.151176572740408
10.505299476232839,8.836800196168102,8.824589651977117,5.899227430604057,6.681161331892817,7.04742059929823,8.919982129774404,13.742635039707148,10.232617823481524,11.795382242616395,13.165371226527606
10.601780360618323,8.946901307317844,8.781053771229962,5.833770547129781,6.642081099785539,7.0940504139804705,8.957018215557312,13.717939747078894,10.279777851334691,11.804600388721083,13.08171622870182
10.440221959496155,8.728289353081701,8.685408311970157,5.743644008081332,6.612966533846082,6.842446092958654,8.8716082499364,13.696825865940433,10.270979998058467,11.82685260287019,13.033278676796666
10.504988997582132,8.99488110949501,8.742531664925352,5.844767494853606,6.615202108639496,6.840308832591868,8.919209396222262,13.669355953774131,10.151387020583302,11.725520239704743,13.1013531786227
10.511422343049546,8.850237335981369,8.856717907335728,5.864829945422713,6.6119215518888375,6.939361604974759,8.875156638677911,13.637176905562857,10.501599126643036,11.716131126471097,13.034997367838182
10.609411648560743,8.815590978472972,8.887876666897963,5.913743220027727,6.569200876156599,6.880726603169561,8.900664116363016,13.598533096074732,10.531244293712513,11.70226125334149,13.016425015803467
10.414840370610776,8.619276342777987,8.680947135369609,5.811407095292889,6.5646701170890855,7.103870160648153,8.77157008622254,13.534161132656395,10.229699394446486,11.565593813537312,12.923627411625114
10.567772760177572,8.7249731016925,8.670859944455527,5.73146968838039,6.6422260111714895,7.054929301289568,8.89266633681574,13.488605212355935,10.256807541451723,11.552505088034565,12.880809559018898
10.6823668663272,8.600438968090504,8.49659584909771,5.528458616756978,6.811635887854626,6.699500340161678,8.966478107787502,13.438672588457134,10.202445809305823,11.609539844481722,12.89378407915003
10.031107478948229,9.471236037040825,8.82411564195526,6.631254897759947,5.984859456444404,8.20936887784603,8.613024448163662,13.950013303672604,9.371115726680468,9.814333882474465,12.121947040111758
9.995751683750369,9.439230049043438,8.798397662433878,6.57506034536102,5.974177076152607,8.201629724208027,8.61612911390072,13.926418080495742,9.267234120851004,9.822084058120474,12.09154767160319
9.96590298824069,9.327928820701757,8.83494526261083,6.629935520308815,5.93703769034328,8.176266605695645,8.569907918689234,13.903390901740382,9.419825739904184,9.91437748588399,11.944156791651626
9.871032081161461,9.405964719652784,8.802382159163553,6.628467502306115,5.944052605253703,8.26947229893015,8.459276842415989,13.872655060596351,9.36791281033334,9.705571024038484,12.000981416111147
9.980210911261363,9.343883014537425,8.846890146134692,6.602422043973238,5.957074376077304,8.174577680265795,8.627756150268201,13.850011303420835,9.369714528805739,9.901702070511345,11.97875051497607
9.913304761162589,9.412539897999284,8.665279808208178,6.474901851629094,5.871272361779576,8.09366594150789,8.459747678249574,13.833434973721008,9.23869996613467,9.719530659107825,12.03373930665384
9.885967185341958,9.277223018503776,8.840429006124857,6.610830625163423,5.948702025148322,8.186402562252232,8.499997297875545,13.814860257674868,9.416965124897352,9.814248848166194,11.882545678403275
9.828619120305923,9.394431658540881,8.777154571267419,6.546769470891735,5.932628244045938,8.126255382260085,8.400204840414343,13.779585489095833,9.439791985564806,9.672794044389569,11.925394433155377
9.901963057583982,9.321208691993814,8.795777336450795,6.635494432496984,5.899684234983925,8.230843564198235,8.431291501042061,13.747131807391465,9.46760533244898,9.764524929445178,11.870563700334761
9.886515448745985,9.242036047728842,8.667442938776105,6.501940104607926,5.86309441224824,8.064077269132865,8.421191216576897,13.72307226368313,9.313657801654498,9.805923111693557,11.851637572136022
10.184731863498529,8.990687942099743,8.490292364965267,6.801159433952412,5.942566040819755,8.217798346135778,9.020669206050643,13.809105936531791,8.965513425830814,10.362626471170287,12.171546876088355
10.003156401344842,8.941818745502893,8.569777208862282,6.823890466362467,5.963065072586284,8.282117625910825,8.993948973484507,13.779013871724127,9.075355224876784,10.324548557928544,12.101390418282744
10.077211608173368,8.94119360253567,8.48791541566305,6.693736631316109,5.896909634517557,8.128781838856991,8.996236395318437,13.752022104576538,9.022223387687172,10.416420620879999,12.203257130133908
10.128335872306499,9.043640163691384,8.446999600067912,6.858331583173909,5.920147557306286,8.253285513699048,8.790958878101165,13.736526824569497,8.851498000863256,10.183733293887535,12.015898470797246
10.063392596635037,8.871860788181037,8.425847586488866,6.73062025285479,5.91055572071189,8.212025804623437,8.978419523897722,13.713031147190557,8.962442956195744,10.240792378886871,12.045735778073057
10.043582289963652,8.927547071315418,8.415076790146607,6.669921008029594,5.872806115904697,8.129371519463179,9.061051189232453,13.68530981573778,8.82951259102774,10.338514699126554,12.144249368113062
10.13988027782941,8.959323042557038,8.359644894887373,6.554408120389995,5.744853334206986,8.068507379809342,8.304874175360814,13.662501766677405,8.906688495647172,10.27310246815245,12.088192855205708
9.91438298119809,8.732032132312222,8.299634018395928,6.51471269087253,5.73520936911414,7.932481791834731,8.98938608871489,13.637459151089175,8.918614578694465,10.313980370834463,12.07935241686049
9.847263407777934,8.73369786446507,8.535591782534368,6.5863248982847145,5.814528452644075,7.9918929439013295,9.42915277981502,13.607162921904209,9.106862035019313,10.180466298330796,11.90642984645186
9.80083263289467,8.666585902612873,8.426942634306135,6.61412965859076,5.702744903231756,8.050455334127467,8.955731953031394,13.56772498167043,8.82282323116865,9.96007737867739,11.802596558008416
9.60000877384158,8.472572323638833,8.444156439455083,6.2874454265066895,5.918595126862858,7.426747463430788,8.652337726476592,13.57007883544729,9.580539012507032,11.283593639095368,12.34017046102572
9.55173065373484,8.359504408544309,8.379551777929642,6.121761555371129,5.931655570687385,7.510856180073104,8.623725021417503,13.499497946282741,9.51397781138212,11.232797308254625,12.297974701043755
9.503865341659766,8.280885595523312,8.394209154219094,6.219042691065279,5.958998740119524,7.628085193595227,8.57792447483824,13.460117379513074,9.517212139066354,11.220920283601176,12.244108041087413
9.501160847485055,8.347332342928695,8.330823450972469,6.068939854134884,5.922471666692459,7.283600840737204,8.532029256716601,13.413980746414241,9.435748024677396,11.164442588516176,12.199144478912716
9.360561436110064,8.267739886456118,8.342456133060026,5.998936561946683,5.896543186703596,7.328583251640786,8.52660652464664,13.360350403909873,9.340978695208292,11.13609348803532,12.13801231527003
9.42309413589034,8.215403180345543,8.266264403338017,5.930475266624156,5.874306322466537,7.283448228756631,8.489241719407085,13.304405506278606,9.422265678221606,11.088979295895282,12.104702552590364
9.4720736681943,8.174082972054839,8.276097798195464,5.849644930422333,5.92217400632192,7.148869718236756,8.402320915385815,13.270252647845798,9.54600275718482,11.016664007639202,12.084226617067008
9.407835120635974,8.222350728445853,8.255583088097724,5.885486563078013,5.847722459452766,7.2991965849735685,8.433149528585256,13.255666302259579,9.474233381931985,11.009987540188488,12.082243493920602
9.467839830904113,8.133952610729178,8.138451153124283,5.97493986347944,5.927518437126932,7.075151183679717,8.43703343889322,13.222590600223878,9.426150432458797,10.997208639422379,12.055191226931647
9.37921263191034,8.100100747067094,8.070958171806474,5.873368950109391,5.847080823235935,6.928864238928664,8.361100627351638,13.18002566551498,9.256386032486107,10.95130194058016,11.983860188363243
10.532071026574686,8.85482665783479,9.373376223496745,7.2991815623246605,5.888015786215275,8.98558441017658,8.399015077976903,14.081425996718767,10.244339075000562,10.373941427593504,11.998372082325497
10.596855541966,8.886412238875531,9.300902936030436,7.154337537075305,5.949542416409777,8.907627380458884,8.379773614160682,14.006813384366747,10.32790525356098,10.434421965843502,12.018466148026523
10.496186515101401,8.86328881577586,9.311452877501718,7.118628302346413,5.893545414443913,8.805075243870684,8.318991543568066,13.975787633052795,10.184451273947973,10.453148238178429,11.939602156479914
10.412940568006215,8.888943704164403,9.288032627191605,7.009790269204724,5.737002301788279,8.705202247015682,8.286163067683706,13.928789301550996,10.113807003049002,10.367412675663415,11.867099228022276
10.39727721831241,8.761379559105508,9.21468757617673,6.886281928004076,5.663808870151342,8.547161833933625,8.310147154584149,13.889000416901089,10.092922636842957,10.407938568191826,11.921210666939729
10.338121239185655,8.831763838202663,9.200941900380679,6.964534606533513,5.602200810138416,8.572249397164315,8.22830149966993,13.854570745416687,10.069227954041455,10.293330151249078,11.803356671761945
10.392393008564843,8.744279183488024,9.178162620599242,6.981191597055319,5.757568961787493,8.703875595877221,8.268281587182955,13.819755712312451,10.020119308390841,10.25634349104802,11.772961808238218
10.335358348822284,8.727673794551352,9.144403540324651,6.901267609491554,5.730893104574399,8.506603989188205,8.187985173951406,13.778993128091637,9.920361057373876,10.228777258861726,11.71652323600024
10.323543837775526,8.551019036092883,9.148643439565186,6.897794726976733,5.639619207546474,8.517770802566794,8.183589725135645,13.749741484455601,9.887922600208647,10.156900333290361,11.6715684203157
10.362649637803727,8.697943143886825,9.047914248760007,6.872450443163661,5.767000687069679,8.468329692157853,8.121652011832504,13.706737881824655,9.884548219274398,10.143355796416477,11.675069351888327
10.027055796667836,8.628569575794799,7.731579783183698,4.70461326811928,5.640092979660578,5.78860010269277,10.298186767830861,12.62232565076364,8.950633684420806,10.194112374350619,11.019830243021534
10.111774172986719,8.677717799676763,7.766548715602523,4.619620870092886,5.724818915654518,5.845153440698796,10.28565673889368,12.597202906299358,8.95683783753608,10.21051994412582,11.019227870931378
10.037323273847978,8.61648935661531,7.676360315906304,4.7430947021987855,5.610448131600225,5.786215492491605,10.18675489438937,12.558847382424853,8.90866454608483,10.176505547785473,10.963010141748287
10.303254605518225,8.776522084570976,7.850960543397173,4.295166700761625,6.126723605832591,5.668347195697765,10.55337284309602,12.52619972331384,9.161605205944326,10.11297967892234,11.122614615448077
10.194467929720645,8.762519107185076,7.819582733234921,4.397325630928992,6.052716430977965,5.648974238161206,10.563666079583827,12.504736282599078,9.101021414236143,10.073447368546931,11.004372811548855
10.270819563076031,8.903735196293512,7.814211138657517,4.281438601472099,6.1291470245459845,5.636771780214825,10.404080332279863,12.484623572346687,9.181517854280635,10.077619648717867,11.19050593598542
10.26198100852906,8.907968711217357,7.862830732825382,4.349704352536709,6.1645771648166265,5.611910832964586,10.537951038960273,12.461161792427175,9.145529220611701,10.06189724502227,10.9639782867946
10.424398481511185,8.941948086843906,7.877557287302088,4.066364067131625,6.248988056310036,5.463360889077352,10.63761884775415,12.445964491195335,9.210151465134409,10.067670125236818,11.158412943167708
10.266450629263213,8.880565436681879,7.880585961042572,4.111055978736989,6.280270980978496,5.482026834747214,10.711041210367666,12.427704387957,9.201445372504908,10.003505321054615,11.072392262954285
10.17003919154719,8.781294408047003,7.789261309318548,4.33379876863522,6.115990222216646,5.646624049051546,10.539372784573064,12.409139558681854,9.102903628002803,10.03259047318736,10.949110762769788
9.601323340299372,9.285353014363787,8.369146806413276,3.577327030319988,8.218996777834057,7.431628744229484,9.83294228617182,13.138833792375834,8.99964677485211,9.714525999881168,11.041427030099033
9.630292625465657,9.25193859891009,8.286090270694128,3.4411300208231466,8.148220719024323,7.375812571592987,9.772799098928173,13.03411137662097,8.974280428306663,9.522880083888458,10.909856214017568
9.691977458140217,9.342477181121053,8.09950704166139,3.279239141959294,7.883278816545865,7.360881164536222,9.695344813086109,12.899179436374466,8.938035754091748,9.411141058898169,10.800715063753627
9.563045223215745,9.319202749053796,7.997722903310127,3.54256846346037,7.834216341270158,7.357556200910353,9.621562211596707,12.849252435934508,8.963003736349075,9.465415743812079,10.743956913627118
9.570722879000975,9.245994905015172,7.950917498464147,3.4760985867424843,7.817267532795353,7.341195774579805,9.59849654096171,12.811130170994819,9.070784518963153,9.47484166751914,10.793646013764384
9.468052808063137,9.202843451159831,7.904523495385288,3.1110429220451636,7.8083230503910555,7.139219667909596,9.629879310815673,12.778656554156106,8.901275757700283,9.352951391872791,10.747328970015237
9.629065326464342,9.423943446123726,7.840339220677654,3.4726562766787805,7.7315895321709265,7.226855266686438,9.5039001366522,12.736584419220883,9.140203990144704,9.32069141421522,10.785931443927572
9.513305068205328,9.288327635440082,7.890233173487329,3.355735123864461,7.6245647317579675,7.134536653386947,9.47683626028827,12.694039861859327,8.924419709996426,9.27081125679922,10.694045734855104
9.485941428441523,9.290719433537946,7.869087358891801,3.253813919147935,7.657492808730521,7.173532512638713,9.477423400160964,12.673947830682497,8.949567064065885,9.245603477583153,10.66433699440388
9.467726453519612,9.340157374787989,7.818144185294939,3.371119888256938,7.619178868838289,7.227662498728654,9.40634930940046,12.658056062208138,9.018264731199384,9.249553606255343,10.663680005642863
9.916148178506196,9.097625720831612,9.464791357337214,7.168237434932507,5.72547149153489,8.590319729120687,8.4827443638055,13.94596198736784,10.225153090096093,10.827013601858715,12.305739834904399
9.93900161801234,9.0386223983622,9.462695739514007,7.24454492236735,5.701260764482686,8.615367951662224,8.44359927419056,13.914572217415644,10.150413600557204,10.794058572288728,12.241694315081155
9.870702618417853,9.055951700997944,9.424293374481733,7.151833710469892,5.652177236882529,8.497103857263575,8.38918808697928,13.88725435034034,10.198539070422628,10.792627915028543,12.233579019339931
9.903734188618948,8.998871461068292,9.29555736193257,7.062286837694394,5.7462741784357885,8.429696848122184,8.42215453054731,13.83833740942627,10.044332000529737,10.781221546424694,12.216429769324941
9.878604977516536,9.043531206681456,9.253472230465437,6.901066287475635,5.767348304132583,8.382797933195825,8.404153886954559,13.78291555468239,10.000156404835911,10.733212141525602,12.209656050807647
9.95797784198465,9.024392247527983,9.217225503962853,6.882551423479375,5.754757203307075,8.317820418177394,8.428561107608724,13.75037184489689,9.902944071376995,10.692156254202615,12.132694398539194
9.884386279233727,8.949790571772336,9.253163562447426,6.919134726774914,5.612397912854348,8.350456227919384,8.404004584937738,13.704307253321193,9.987313862580983,10.725742780701092,12.076761351635374
9.847742257420498,8.899601940740341,9.192343845577417,6.800293791160461,5.732693818150621,8.295853567046999,8.391231803015758,13.652196331913782,9.906462013437986,10.66118028553705,12.047664015343138
9.902717255933862,8.89289377302974,9.084232783173567,6.7367033170831965,5.6324853790541445,8.102149018207246,8.340461316004747,13.593935969633685,9.857252787451523,10.563852382553499,11.983190657255369
9.920259448173864,8.935281988422942,9.011778316103452,6.672314197045373,5.742361956623676,8.08271113423758,8.323128283396393,13.53406225954613,9.775825883330013,10.520352561505861,11.950658897944958
9.771249291456499,9.179672666468612,8.97628893413617,6.18047663066266,5.524655808758766,7.741340503743666,8.066298267189671,13.517036026245774,9.746170754926801,10.301116482171897,12.06470894602671
9.645715173507188,8.791263035941304,8.663328981078932,5.959572457868253,5.756515458859514,7.3727463664043285,8.18536880438844,13.283382529458953,9.171414726166251,10.294355903779877,11.841481770545805
9.63976647941994,9.082756969221505,8.649330000561108,5.817772310402696,5.578135272342142,7.365461377605318,7.957550737625284,13.172400509823689,9.364967128746542,10.08760148373362,11.774477690438662
9.616685093111355,9.159594296258234,8.430494493537399,5.65014724710024,5.609553183814207,7.241605029891721,7.9447521762253235,13.090871471922098,9.131549657648462,10.024423636994452,11.667215468405788
9.513073605040102,9.115001080148106,8.506848759795563,5.6423010004299,5.5802328315331895,7.16300024589887,7.770063723312378,12.981348971023474,9.1799957053541,9.8874626143388,11.512358971242952
9.500459472710773,9.10057262762659,8.460596972926629,5.598421958998375,5.531279240002648,7.016908589890017,7.807085210222914,12.896076446394636,9.13200638926695,9.681825541948267,11.444279319081295
9.606815562260238,9.251224231142782,8.279468855224495,5.372703057277242,5.713439396132414,6.79794041297493,7.892020288018804,12.79342267189734,9.005609594078162,9.709636451854246,11.413468844972058
9.710945948518814,9.178813010713137,8.302510964420131,5.307166992838235,5.511275906273709,6.801900819131739,7.7237393695011445,12.682666525168127,8.977441053792505,9.500490230437734,11.278795814607623
9.753360802997861,9.323924977211458,8.172694608080795,5.04628836873741,5.685920189677734,6.622145138595912,7.884308737549527,12.57377688699842,9.058754917144123,9.567148084800737,11.400957116257704
9.724990672133844,9.091829571313077,8.119130616824814,4.947182618770239,5.5590563879462875,6.312742577046296,7.823850435732725,12.45506352462132,8.94767606249969,9.499317438810667,11.335594501145344
9.923438316898686,9.094723738350407,8.46337976415976,5.93609865515208,6.849926050784775,7.223052520898798,8.582756187599996,13.189349297048707,9.426562246056168,10.451184015277821,11.640310353694742
9.918174721588802,9.048429101345768,8.504522139636215,6.111738300572117,6.7888841490658445,7.316991049200353,8.589807350386407,13.168142855278807,9.377078166932725,10.453657920320946,11.57318473902
10.018423081000353,9.12448590151205,8.50542195950854,5.98396426518227,6.8047746402803915,7.148957019297339,8.564483818508382,13.145048751902921,9.36025351439614,10.43788874239903,11.556866536795521
10.148389116565133,9.199622024163478,8.419565661228384,5.883662776232248,6.868124699445104,7.043547997880061,8.534513438193024,13.118559908939833,9.58055435883884,10.460365309769946,11.470596200818772
10.128705395419306,9.154469364249712,8.411793168311336,5.708622608951755,6.813725395248917,7.01301578963963,8.515485067402688,13.094074527771703,9.472678995345714,10.423351210049693,11.655886824790153
10.072429256140552,9.134005135463488,8.393376992525655,5.763133941256333,6.796612645721281,7.010010982695814,8.44144421447344,13.06488229975401,9.400933183271498,10.37081294569476,11.372130550322867
9.98754884150037,9.01724768143451,8.357504239633764,5.860817875386591,6.782103866177139,7.007600613951853,8.555392015310805,13.04327132326483,9.402355534427988,10.40258702614679,11.329892588608484
10.110190924034299,9.179531733344428,8.40239070924397,5.687389575623912,6.791383741693073,6.932664668074785,8.547618932320946,13.026223896056516,9.438935701703421,10.391415343660215,11.668018272256008
9.993826811852648,9.02036963424754,8.367645973712499,5.986200717432883,6.707989109868214,6.988105634711772,8.466816436877687,13.00805203344642,9.369108944619024,10.318182893675385,11.453781198299726
10.018819190860674,9.112537644153386,8.352722030495329,5.866499529525848,6.769169867722734,7.011714817729943,8.404924920950627,12.988974679352737,9.388263380156221,10.303667236030487,11.364899306780071
10.01536677537977,7.946507468720032,7.414117621108864,2.8903717578961645,5.460341738772521,4.380636794293033,8.43972162070206,11.98091707145501,8.927815349719442,10.587184105260553,11.81961409632216
10.128380683642636,8.519173451406541,7.676226360369108,2.6149600219386073,5.649600028229243,5.179909154259461,8.704730751184112,11.87728273520882,9.136083670455104,10.60411722480297,11.76152621455345
10.152524079813809,8.293416106962281,7.520788451826759,2.5902669154457953,5.784030299753259,4.103561290721517,9.045366143638834,11.787721197392445,9.0925948353667,10.4970869206209,11.909349828426244
10.09074597708625,8.413317992129706,7.472134310354558,2.772588722239781,5.679262058072579,4.434777160533718,9.094497952605368,11.724970858930405,9.185090938064588,10.42738996784799,11.820724657760067
10.053725826876429,8.281138876213069,7.434270506677841,2.8903717578961645,5.560938021221673,4.736198448394496,8.735639505565024,11.679850019867853,9.11866358340428,10.427077366221157,11.750481982040744
10.127590643345037,8.643594783058342,7.49808192650665,3.044522437723423,5.717977546213414,4.417501036272367,9.245379276620698,11.640710266372604,8.917742532917483,10.355655285832318,11.86386320481228
9.99147299180636,8.487540073387098,7.5408103371726485,2.846200410550761,5.635424330258813,4.350994582732742,8.71692526505617,11.602449848379207,8.777606836200002,10.346800637153816,11.900240934391467
10.051236834494041,8.592696379660314,7.705922918887314,2.4849066497880004,5.738935084543219,4.160617671840858,9.073137485372905,11.56341217861397,9.336973022909548,10.297501418727428,11.953677633657625
10.1285891855565,8.655779563078832,7.78401999529405,2.7863819073858065,5.820610328345576,4.2162344126180225,8.99112520569362,11.525416679498152,9.136047767394327,10.28686912308894,11.899024250587427
9.98519041999687,8.421934566082959,7.477930988453077,2.538974134216136,5.619837083633487,4.323396491312313,8.754518373548876,11.485288845285549,9.323004154141218,10.2432314158314,11.874804731816738
10.051745666964603,9.054525716175124,8.434166591193264,6.6033414209696115,6.6485526821718794,7.917981508035458,8.503576459079895,13.607019836016645,8.625349794176623,10.85075571312917,11.876757215533829
10.072846756100908,8.942832679934051,8.367473051568968,6.582332875470586,6.7401252748728355,7.9342746567168065,8.483760495327838,13.575660886055276,8.778188998434338,10.793012134546611,11.88544174748402
10.109702848434443,9.020773968140968,8.349187339784732,6.481406961659387,6.621997274324186,7.719919302633831,8.490995223897468,13.522907821102931,8.866769666935618,10.802986985087426,11.863719964013717
9.990736031248256,8.875078957413988,8.270914632689639,6.412365457875526,6.539425379142142,7.676576663799417,8.442239733016654,13.455523006408612,8.60963056137837,10.715113822672933,11.764358318371936
10.043405038465934,8.903235333027938,8.288581941946735,6.516193076042964,6.464761357251155,7.6993390606305585,8.447685902639398,13.387555622270828,8.713545485445003,10.662258602530038,11.673439569453668
10.068626214062453,8.849523529348282,8.28810701764635,6.360726612312554,6.5890792994182465,7.5750146891600805,8.445730606983094,13.337417604855862,8.801937619713518,10.673948078369515,11.723080946401689
9.948276069833506,8.782469451904833,8.095961102166505,6.339378999753627,6.290333802769858,7.568608807605957,8.373050779377632,13.293028014810272,8.46503402542794,10.57768407607513,11.62293804297673
9.949958627791641,8.759173325516636,8.07162458061074,6.130743285802522,6.294240457298791,7.452338000190799,8.304505892460277,13.235091505430761,8.57130251706327,10.551573441481967,11.614724546242678
9.820070919070682,8.642270056530771,7.932190646452927,6.193043913694362,6.2285110035911835,7.466291118268598,8.273858269454943,13.188410364409968,8.266764084551221,10.491354461163077,11.50520899162048
10.07865953777804,8.74073843963944,8.218897960783115,6.11932015037074,6.537335506179696,7.43884094306208,8.318644686957407,13.137601157168545,8.92980308531256,10.563910648795591,11.474362375535062
9.358667460708897,8.387231292562067,8.552517434719414,6.764115828780526,5.36856872580695,8.318769352325202,7.888834499499383,13.599724526373656,9.01558989516319,9.202768444148845,11.217997202179475
9.378950766422316,8.38134292256091,8.52231339477407,6.722469336736042,5.266138485395506,8.28121766128665,7.901336216330414,13.551415012365101,8.994125539058512,9.189129219614147,11.235625606598278
9.336770359202841,8.498934171465006,8.474703139795285,6.623149948501792,5.364417183853185,8.19606923266094,7.849757074405475,13.501910839541706,8.903990317314955,9.118311580423864,11.205615727723437
9.38040470751524,8.559630947410596,8.433884042895345,6.502256830318182,5.393122373319404,8.082402253926244,7.7871514770886545,13.470670306966635,8.906763758580901,9.139811797972948,11.166302214074076
9.286532599132048,8.576400862537898,8.392939265132789,6.525974138367496,5.208271098021307,8.077067623734626,7.832939676704884,13.416800003073071,8.86893867168838,9.128070463347552,11.111111184473497
9.258339747364094,8.425876802601,8.332201407135923,6.481713245586459,5.202173524343758,8.019941687677365,7.690286020676768,13.355304904726692,8.774563811446374,9.07562860069308,11.034196771774761
9.1779239235403,8.57148775568424,8.292214624991162,6.337965682924361,5.1805343433916535,7.894690850425624,7.60881551358512,13.31733815461226,8.818311261235957,9.054389368705428,11.00090190179459
9.138847950286186,8.394292081734816,8.253082958031701,6.270105868600853,4.9344739331306915,7.798249454444106,7.542861302080955,13.286320577642691,8.826222449190668,9.080865502809527,10.98468707816618
9.240948246079462,8.551783543281259,8.232617401469659,6.300541122531624,5.047716990414064,7.881769698676574,7.602456805919627,13.197661204889355,8.69175508978104,8.917714245807755,10.969621605616235
9.128941096914374,8.530653308233628,8.116516599044648,6.175358949664623,5.013593846593903,7.777187315399672,7.484431062686314,13.126544734453896,8.674265313956742,8.894549896491883,10.870664662748727
10.05872050363935,9.300758808507943,9.108401156988947,7.19251641966317,6.229387227090295,8.780104315559484,8.622861660251615,14.221323679582046,10.115273067268223,10.622911185627562,12.237591930400251
10.09146622596231,9.24961343375925,9.033544851678814,7.074587120489584,6.285377175521579,8.703801842143369,8.563406493564813,14.179206927232567,10.057956753201667,10.691674421775518,12.179177126383133
9.9867374196176,9.256055973565925,9.124148053648229,7.08562248821689,6.0272070066059245,8.801218585862642,8.579925916209568,14.155659835498371,9.968541045115641,10.58448314519835,12.151180074510814
10.042652215270962,9.108306416066974,9.04659978126001,6.892528832779004,6.326546925466367,8.532344494526939,8.620900341418034,14.13182041687017,9.892021512520968,10.598299735210437,12.103319406969492
10.044135093088219,9.11461110436683,9.014063220084347,6.923300493599516,6.275180427106659,8.557332286573793,8.52662413592652,14.098934075627104,9.876709419308597,10.546635630091984,12.089730009481269
9.982603677218046,9.140429222215047,8.962343292062815,6.964450619509076,6.110974490799979,8.53884595713073,8.417947276758266,14.080544333038668,9.917148811153941,10.565851589902435,12.044883746208823
10.005499467734246,9.160775407376404,8.985773585843612,6.900171031145549,6.2234577048886015,8.586698524372377,8.486032707166613,14.049920537394597,9.95298593157648,10.57153314096622,12.065563504601691
9.972077231485224,9.04173629842791,8.944645901422765,6.803381931469021,6.069967616300086,8.440983867429962,8.433434700596566,14.006845079391217,9.781902924851908,10.52732901517778,12.019403853185558
9.864587321183068,8.95820989610471,8.895730078255484,6.714305363052085,6.156272528476366,8.334711621820917,8.466517249585271,13.957669914097307,9.694526973184322,10.5231613030779,11.953361742646624
9.764125863573884,8.935346353977499,8.867029695634159,6.688354713946762,5.845153440698796,8.31925702505242,8.34271810400914,13.911362510174332,9.66612463348393,10.381007653758882,11.866659990111671
9.632944432226683,8.411788230326284,8.754775993192457,6.607100530723842,5.95871175776591,7.861598668193068,8.339447815118069,13.084857545002167,9.31857674827976,10.052318392646699,11.170406986612614
9.665841428577071,8.565691250069865,8.741475649130269,6.611742307422802,5.818102721774697,7.9881281630845,8.313307457251401,13.037245140617058,9.268965610946404,9.953788744052334,11.193085912995395
9.726476536426647,8.478895784524514,8.65906112680445,6.47731418138616,5.898374111846848,7.8737669569518935,8.347801022289865,12.995537478019383,9.285921861041862,9.903108591739555,11.111651561530323
9.593845371618514,8.509008677470321,8.466276434550588,6.354370040797351,5.777652323222656,7.843499993069112,8.28253920346645,12.957977765562166,9.089352204869245,9.9616348598708,11.085373222013503
9.770849094269892,8.617987296071123,8.56617592942309,6.2847558521092335,6.097824565596395,7.760135439716845,8.28028872400711,12.931770803182062,9.228474942171665,9.835189677340438,11.114578297460604
9.73419211960933,8.611395687055818,8.42317794961767,6.331897180992723,5.926629688733535,7.52137813540125,8.260349216474607,12.916522490124686,9.104708214982745,9.87713673271725,11.087932591719822
9.664565308555561,8.597198975946585,8.235481410585873,6.18162566905175,6.158625468371608,7.374698674234706,8.20053229695519,12.894839301134997,8.998397744198027,9.876566180555697,11.060943357165481
9.659160796154158,8.64557077017849,8.244658044233804,6.096074778873228,6.0606796239055045,7.549082710812286,8.25623238723746,12.872438725784868,9.086350614536057,9.923278197407578,11.060214998829967
9.62343335109777,8.575948354883824,8.272346373835378,6.155801258438814,6.04289671810173,7.602068444517327,8.204064148451012,12.848260861781723,8.986655007657813,9.77768998634492,11.063706986774326
9.726330636197135,8.669383856239854,8.33780333299195,6.24287155721417,6.042104855846801,7.420911520746869,8.281386466992583,12.820309065497689,9.015271242629813,9.769154569009158,11.062133438674698
10.385224163795094,9.156528118198933,7.791215151991334,5.185521891059409,6.770534551982348,6.683917036425832,8.464101790878006,13.209057128026044,8.840564106437348,10.81956026064483,11.84621852636503
10.272353988455167,9.116528956862737,7.763602207441225,5.283767579896327,6.782192056006791,6.749280443454808,8.412454704480648,13.149143111260557,8.87905466204227,10.801480564105326,11.736401938619647
10.211490908567486,9.043838356985416,7.83317311978694,5.271288711283405,6.73986245358337,6.708626598448072,8.360726498366308,13.097788518431727,8.476324899990964,10.691143834622856,11.72930807920981
10.240114538968685,9.024678575588059,7.622843323689422,5.121314997756881,6.654868191864189,6.5756955090954206,8.353790210083298,13.043277576559383,8.667068075615537,10.686581819919642,11.678026070203517
10.28314090367874,8.917368778642182,7.703273511703336,5.232296253580806,6.7728260870340184,6.543432119003612,8.164073824629009,13.010535797760664,8.95576348422851,10.741359941974245,11.57701242582605
10.261356228293439,8.857355437285914,7.733552213637546,5.306616185891658,6.785964218163155,6.717804695023691,8.284117143264833,12.98831754136791,8.839743569985997,10.709020265515258,11.51321386777814
10.315442665925978,8.895932473054849,7.6394979773014455,5.019484887346806,6.6240652277998935,6.453974890429413,8.248767482052829,12.966821853031059,8.686072959120839,10.625572792473905,11.550787991205084
10.25513376240967,8.9610225203518,7.694559760458036,5.126605962480873,6.676383518611434,6.439527847363035,8.202427650554714,12.939814301401842,8.90598676523643,10.618428568287996,11.516080039663311
10.228409210175561,8.896297593038675,7.697489600956505,5.170483995038151,6.730089531070097,6.625539717894134,8.148837596369017,12.896554583033176,8.780206817310646,10.592210795146954,11.460255316733237
10.221803900399834,8.85850923356154,7.5624676602775605,4.90527477843843,6.641762210361785,6.534434617744762,8.15925395717065,12.845833377662252,8.638761645327918,10.541165773794365,11.408008801462127
10.516877285627809,8.929011409052066,9.014440376827386,6.863861446194077,6.483447079675754,8.383041924423575,8.743513912576807,13.795583730955629,9.682674616352353,10.568195820296697,11.696294250978205
10.479084482749338,9.125305222779602,8.975510748731455,6.72216170698006,6.4873457268716725,8.22456855392196,8.715807228678786,13.768673122643749,9.50366482969098,10.510017823657524,11.649419852436798
10.335737031624165,8.832428820540077,8.928382625596091,6.808855326647402,6.346610552816118,8.355604549067158,8.614158566083995,13.718679807119543,9.316040829947074,10.460064441979013,11.641253789506653
10.307590622491315,8.776547803728532,8.92107927618963,6.865137694187439,6.2056794766465,8.378993139255272,8.60049212965816,13.688952963214122,9.38341560967586,10.490601769173361,11.674844559037696
10.348630890274793,8.903742745782111,8.835751967199206,6.6721032721020155,6.31435286724933,8.171335718521835,8.496378051702317,13.635490164797218,9.501400066833805,10.371371575753301,11.529384381919883
10.294179254627354,8.985448069988442,8.765501872740048,6.557015075296947,6.29690467652813,8.064622500833806,8.519723321934844,13.594440217175674,9.401015826761281,10.328025900760474,11.437612185540827
10.23474582324459,8.706034190388882,8.711909832441446,6.669991483347717,6.226536669287466,8.101260151182474,8.450602195258801,13.569227252330023,9.162328238162624,10.317982876242011,11.423856943217576
10.196785078649205,8.639237750757072,8.575095156753244,6.536933119147263,6.127354262950971,8.038999671584655,8.501515378245541,13.534609089610154,9.178872637542392,10.270651406179288,11.441782187731558
10.221203637842692,8.9215940293898,8.63354310108241,6.533869590486722,6.174942851278315,8.023501421249508,8.473566341965546,13.504201418360227,9.220026641235483,10.277455113584294,11.42333816703401
10.106843276580637,8.658291438798887,8.55851639279135,6.508023702721733,6.068425588244111,8.016193210862248,8.372141728862571,13.46813424742153,9.227601646298112,10.233387444970392,11.428999746726205
11.022627151442528,7.3925654175975595,8.507113675339017,2.257123184033459,5.679034316356528,4.360405702763368,9.863540175426534,12.550414273608666,10.297895083687006,10.256470745741213,11.767605925480787
10.945436010920028,7.138937545076205,8.43785412429628,2.4277479418303614,5.608250060159576,4.285270935609818,9.813205377951538,12.473503582629572,10.224696676071996,10.201525401854555,11.705323307308488
10.918654421896015,7.52634652322124,8.402672329829413,2.4756043505836263,5.637959181886225,4.306464644409519,9.775712260021443,12.416236816819056,10.190581535472162,10.132424512006397,11.66927505875603
10.86050918146929,7.365377011701046,8.309340469725178,2.4178957414852187,5.500350778544653,4.438196879880431,9.76617887609176,12.349547060144522,10.127594639500735,10.116438445950342,11.611274860041128
10.801112490741813,7.232877634407763,8.220124985375408,2.3978952727983707,5.453895612631816,4.235072269979765,9.7827639477661,12.302159341949238,10.079063725293766,10.05878186373909,11.52440202331774
10.784950556862663,7.320070941699646,8.211896140857888,2.7795090961188356,5.461946809197763,4.100989104940769,9.683638568171348,12.24675708393402,10.025793185370555,9.935520637330914,11.499588477018277
10.753347128996516,7.151293878155238,8.160953072927216,2.5301635953583594,5.508037911043619,3.9525250127579605,9.717815054203506,12.208336802590981,9.964263273995261,9.903116928363474,11.471101116385944
10.772349559681457,7.2233605133467735,8.157265342514203,2.159484633968683,5.350804403141757,4.175412436540389,9.756096750746364,12.161640031760092,10.015336472995255,9.955949802528776,11.471830748056268
10.688591569450937,7.208172578090207,8.103820232511678,2.466214705455075,5.317030086385317,4.403461874610912,9.750771399033795,12.108117420676392,9.908612729848558,9.79841896981729,11.390908980928227
10.652403926137726,7.058165638237722,8.049168048475067,2.0654554405501564,5.325716362357773,4.065411509158697,9.639212351992759,12.061474591879751,9.886640320533848,9.776173616550794,11.346074814158447
9.548320993983387,6.699664526189803,8.449558920185295,5.32355183230946,9.129629107535033,7.391620719110691,8.493173684889143,11.493626317584765,11.112546069375068,11.562901592273956,13.164094121561726
9.405845018721285,6.464795961255362,8.397535899939225,5.260961597305306,9.066962567293032,7.30474008408322,8.419359831067474,11.454339326534038,11.0560182794595,11.524285582695835,13.099397604640961
9.439997773230722,6.534466907410871,8.380459215420352,5.3093671917456104,8.994412391951862,7.2172803809870265,8.417839290982787,11.423200470102278,10.969594249550408,11.472796979916682,13.034292214807534
9.419711292121775,6.657754273498044,8.344692584432817,5.266712038600596,8.994288282950853,7.236339342754344,8.361085040658885,11.384325764564437,10.952316517289896,11.436626684455117,13.020435408256795
9.549279404980448,6.484669158723979,8.326788385814153,5.229324512918228,8.988701243450306,7.290368670843343,8.455672335476955,11.342254838368556,10.954709641052721,11.417878739298816,13.00306536974966
9.359509138943704,6.527015309764627,8.252767469404455,5.188626488389733,8.94892365844048,7.190508559872066,8.306581892351387,11.294638573219304,10.921456428532464,11.388578936669031,13.00281996818922
9.256388154490201,6.4402729166700485,8.25534057323546,5.197882975368772,8.904304222572407,7.233455418621439,8.208945534930791,11.263894570312123,10.883977581267803,11.362742422117869,12.959793910676629
9.278499414857999,6.3854192135226855,8.175018950824455,5.141013579231321,8.855083469284407,7.183870715062453,8.21695858991509,11.239998151850651,10.838332202197078,11.331178942852139,12.922201409314017
9.380937914478407,6.553014976702519,8.16911924689303,5.101220510640128,8.86665059606912,7.111058865343125,8.325440636636454,11.210459536804848,10.81300249168671,11.307760165413258,12.900876425396467
9.231484147570017,6.41112472677336,8.156130859809544,5.169220583633605,8.817880329709348,7.086552114571536,8.193400231952097,11.192755859818972,10.7845429700823,11.29389898238568,12.888252880606617
10.774749304799924,6.474867580156991,8.133049165990661,5.1589275899106175,7.7729491897981715,8.201233568422623,10.940547868155535,13.69747574061229,8.625886148318713,9.816557990199588,10.551066539525282
10.756555401121572,6.248193308067009,7.87830268828388,4.932713823895752,7.582014081992211,7.9909154630913255,10.95692269778256,13.495535447911731,8.359132284271558,9.621909037423961,10.385016866410442
10.739443719383866,6.486787284727787,7.599095272562939,4.599375629928391,7.377425521410663,7.805836780548613,11.082512053218021,13.350714147591276,8.242811899434498,9.501703162267537,10.308521456689228
10.69356582079186,6.3610529818574,7.495757970548816,4.566429357671661,7.313161125334358,7.681047726571613,11.012367686660811,13.287651990012279,8.245556516311733,9.511880148131597,10.262344669203134
10.703315377100907,6.297047936834562,7.5151932634377,4.63451323680163,7.330201318189254,7.659957223894489,10.889163789979717,13.242096313240243,8.195698451614309,9.454397045131747,10.263399584896124
10.762952521047794,6.09223956291269,7.469305702873433,4.619292199301041,7.235715195531181,7.658070134172483,10.853383258777928,13.184177565909204,8.150528836174992,9.362226585261851,10.106027409209371
10.760187267153068,6.238042475864172,7.347621813807634,4.489634635344125,7.287119749698087,7.617541047324657,10.930154599866446,13.159332626297644,8.088490163164405,9.37145247931355,10.179188132848829
10.634825001099985,5.981330041045601,7.387674857301875,4.4489061245422645,7.217785757542429,7.557646949130784,10.742410440613172,13.127142384178486,8.056352785712205,9.351622896810072,10.133547574229091
10.613162395701679,5.661300144207444,7.217402667842954,4.302261711331372,7.0741356305842995,7.3784531109633855,10.734990373178494,13.085268456479225,7.892945840148286,9.199419848528345,10.085010642306782
10.734100321083936,5.955175077659161,7.316806542474886,4.352139943682696,7.1943701146392725,7.399533988468921,10.742112675148316,13.04865512021855,8.047612583084538,9.338611425369377,10.07903436079056
10.323264569602301,6.665881863755294,6.896615683433968,4.391701927707616,6.616511310503692,6.9544268004121745,8.499477185610457,12.692595399072868,9.576098604559956,9.428725955693245,11.812666205234388
10.248278269110198,6.947445968217818,6.858833444144503,4.584967478670572,6.560401840221486,6.8673961356630695,8.490753386023071,12.653883280337826,9.532654118549372,9.372355285779385,11.7372478766754
10.124535576565894,7.0420336138258515,6.78938457443221,4.356708826689592,6.400257445308821,6.815761813793872,8.36561549595724,12.592367468597647,9.444389573522242,9.272856015037314,11.639479796625267
10.187630034522119,6.9121235043784255,6.768276073133239,4.382026634673881,6.343685142650459,6.797444263127233,8.340795387303087,12.539556771406149,9.423358163986553,9.233362213019403,11.606232629988229
10.292025007606266,6.84320490710768,6.758391278039976,4.450463835137615,6.593044534142437,6.804614520062624,8.45465089942014,12.490062577072957,9.472008668160077,9.30740658450669,11.674014873189165
10.243643472130001,6.845690729717584,6.69913081376713,4.339467063733346,6.555830933062666,6.841496762166369,8.479855860065491,12.454322035693803,9.425905053674922,9.257955242901863,11.604441587706628
10.305033881248503,6.797866001724339,6.697761008203415,4.287410688833384,6.484126205337951,6.717804695023691,8.38241149291355,12.406455663239775,9.419137955010635,9.20236420274301,11.558513682948309
10.260994927607907,6.691863147457727,6.634239062003256,4.209655359228144,6.386318000236375,6.60740066127809,8.31278415795667,12.35529797762182,9.291619238060218,9.07899072447112,11.482979298846981
10.326137485398393,6.707731286584696,6.69377792691282,4.276666119016055,6.418546175628761,6.655297341429358,8.400554499998156,12.328964190770382,9.379235155052575,9.148760433114694,11.502925632891895
10.248836937212939,6.698185843584556,6.6474433500326,4.198037087557191,6.392289271938714,6.586171654854675,8.320767300897522,12.30984249674183,9.32607291213617,9.130779955148384,11.467253766707623
11.304387371656452,7.670138265518061,6.328333526444966,2.38160142797344,5.210820999242341,4.265804848383202,8.182118199793434,10.360089627963404,9.05277646604781,9.349822082046458,11.147430308496851
11.02984308045066,7.456287649278235,6.166584316506844,1.835245113082546,5.17564740303764,4.121743590464268,8.031811478433244,10.234843947669784,8.874012569523853,9.129853121424768,10.91364843805627
11.118062455417025,7.508385044836394,6.209260485393184,2.1387582497262994,5.2341935860603375,3.9807196197019294,8.044155630049344,10.180500832020135,8.85520392679821,9.199301893525098,10.946680502531379
11.218720087822597,7.600257806798146,6.147042771793758,2.112231767728552,5.185024248608507,4.186282091331569,8.060287409639677,10.099977247237605,8.938035754091748,9.196872305359204,10.989366710546184
11.12616777684348,7.472399670840679,6.145377112874051,1.9832981398424248,5.1661817993058525,4.096194683025973,8.051510877423995,10.009853063167286,8.853030306390389,9.146252119585757,10.906269285327767
11.350516464018325,7.627024942063961,6.5358861138560735,3.1325913109223404,5.338178883957792,4.143134726391533,8.008949418469818,9.893381659583804,9.03234278613125,9.273419495273084,11.10551964154174
11.222764916165175,7.555347056138231,6.454674322176148,2.9175707120816123,5.36556055489847,4.029312052425554,8.050412806732037,9.805783453793024,8.892076900382158,9.172523118073075,10.989492366602633
11.085506286854855,7.50850691755126,6.36532431006687,2.947553072708452,5.096609116345409,3.8963451475621884,7.937247702385641,9.747016311788874,8.69628732400847,9.050406334059858,10.844606822786716
11.071472319609143,7.362532459486383,6.464934380869996,3.247211354945496,5.126737926072292,3.683308464930401,8.159845003756944,9.711681829281499,8.84542522202974,9.080332921823613,10.852096383085705
11.016775148684081,7.231479945192345,6.491397722967869,2.816517086992306,5.120120650887929,4.071871763188223,7.920317343150994,9.683277887540367,8.587920852751429,8.972266470622223,10.780951289387845
12.273428859910922,6.295081482572068,6.059538483169744,2.5424764141968867,6.440060087243124,4.8785842528298256,6.745968105215232,10.871260272084136,9.132486932771318,9.544820148537934,10.452341512317782
12.195920508737556,6.322984057058541,5.927696102718519,2.6100697927420065,6.494089970947853,4.789341863585919,6.70707964795225,10.835405759050573,9.139476704140492,9.545551496586961,10.667249030128543
12.276927944595036,6.215962740480191,5.805001104535365,2.3712815205458355,6.555356891810665,4.845061585862265,6.594960505715281,10.804805866272938,9.057952952025472,9.509194800333976,10.529105670610631
12.319297952458102,6.327956622818113,5.9827040608588895,2.3070192475839373,6.554724487048505,4.749751453260736,6.524312553278102,10.773554224976033,9.04437761105712,9.480632105478268,10.417781155803679
12.287611976304438,6.4571358836359165,5.823571733537314,2.431662330581669,6.532334292222349,4.816690933445531,6.554503042320907,10.744275219813636,9.00246850140133,9.485563485928033,10.492120155920263
12.200311414815566,6.3460456279445765,5.939469243211512,2.3503166017474335,6.48768401848461,4.718498871295094,6.480487546616532,10.725788920784103,9.005377763640613,9.411458240259845,10.37283888564549
12.222526862711774,6.295081482572068,5.925918104855206,2.2383430612324884,6.390427075864647,4.720481012697105,6.389233448581676,10.694110747604416,9.001866470761563,9.392311867505843,10.339938706995031
12.389897516239648,6.403040578764235,6.007884548004083,2.4605379638943776,6.621109709175848,4.890349128221754,6.588559601439413,10.656575722701014,8.982407593097923,9.365245053472725,10.305666526548439
12.186506130340337,6.33704202633702,5.759812683793977,2.2501216405543167,6.422705696945315,4.704512589078905,6.485754197150506,10.61083509574604,8.862420640494877,9.285625111681581,10.298820765235945
12.248091576747814,6.363813243513257,6.004051670842552,2.04266214608431,6.524540784698768,4.748789375264451,6.56191036371459,10.558556655745791,8.858226439365012,9.277377851863797,10.20851498715008
10.488320786184001,9.555959536186222,8.533967272586898,5.095384876266454,6.120785695329031,4.823502180305079,9.840959453411921,12.940802144826646,9.78325151059337,9.395811593364856,10.976150494867218
10.426780139757495,9.465127282982055,8.512073441836097,5.037962222445888,6.117117775832689,4.841208007737516,9.790770413716448,12.894449940476441,9.718342012251638,9.379161015201694,10.97234218207864
10.38322662444921,9.305325246147094,8.51673086255872,5.040122184367083,6.053134363694483,4.8036567160785495,9.839959483919417,12.861709846569259,9.669984975683203,9.353754574114953,10.962343251161247
10.43257376556266,9.306547119743309,8.485936414411109,4.962378297767587,6.094572517689964,4.675525102803357,9.736524776704183,12.830028512307655,9.68990234127158,9.343138023353422,10.946531534943471
10.434257950259688,9.235843496013393,8.504990148230883,5.007965065540377,6.0202139684911335,4.59579305782287,9.897718722788904,12.786613462062277,9.682930929735111,9.326855443216447,10.902268456137222
10.260336092556189,9.20054589530712,8.46248354161071,4.927575662302507,5.991186733521361,4.553408992679227,9.910742284217203,12.765482158220893,9.632582474635901,9.25504495293358,10.8012195764136
10.374565257568394,9.14804880614274,8.463093624178391,4.935592444054708,5.990630874699688,4.45770085283799,9.864588476771996,12.736513068483161,9.697870074059798,9.298968681359108,10.894206490997771
10.344028399092794,9.297555246675415,8.445940625169651,4.885659804645341,5.959859219160541,4.518885781053869,9.901210517558559,12.707338149963878,9.67165357108542,9.263677853788217,10.854895718887459
10.228768430651389,9.22073944668322,8.342024657844151,4.854111456110967,5.831882477283517,4.324279797747019,9.77615657980284,12.687288632082145,9.564504388473416,9.243503243594915,10.78688909371047
10.37148048105232,9.147185190116813,8.506294010547236,4.903132559599325,6.038401137327269,4.432930990934804,9.613562967531568,12.673809575816245,9.62239851286713,9.256032620651972,10.841869358664132
9.219335351577127,7.240649694255466,8.646203825041061,6.017375928892483,9.602505575146168,5.215298028937325,8.438794317573906,13.486335015603089,9.76626045003808,10.441231602613163,12.368231082275743
9.17202911146545,7.0785289313148345,8.62605955500121,5.88099843672111,9.579129201031368,5.019191187827191,8.395898999609152,13.423737007899971,9.736619309057964,10.383548767712208,12.302382224768476
9.358704820378797,7.22588572875998,8.572219951339916,5.930327647224542,9.574307331328885,5.188998415501105,8.554420465142588,13.390777560567175,9.747976689078385,10.330247275353903,12.272705742324282
9.08572404295885,7.006292573319224,8.56358047096936,5.876022522271265,9.440864618823136,4.795423205408322,8.327989339466743,13.351204497805801,9.686622859122467,10.329514621795758,12.161387178861755
9.329970589430218,7.1313431795585895,8.555464736944723,5.918445716239887,9.392415601767466,5.040984851569622,8.400104913609717,13.302166079361964,9.740184001774168,10.256595252569243,12.142706651540566
9.118763437033381,7.0040750489787325,8.54754132671266,5.697279912080098,9.372481897215929,4.906590800989642,8.29126242692965,13.248311956916385,9.66708284827841,10.260626499958592,12.124847405607568
9.175843240564301,6.787844982309579,8.462305140468548,5.702114417555504,9.314674360835614,4.923704713842482,8.16133696081169,13.174274233279522,9.601406007502163,10.16224789490155,12.005693561872945
9.204726867701325,6.923628628138427,8.387352757102637,5.755214637734382,9.273444531784207,4.715120134071303,8.110353807423405,13.123853888260925,9.550559548613299,10.09443476409476,11.954868782593838
9.19213340449748,6.975517763186331,8.350051830217312,5.629816938511835,9.207273451780663,4.876553502410908,8.214007858053062,13.079102137195889,9.577534242116808,10.057386772321388,11.93375985820788
9.116288511755602,6.913405953805502,8.337657085250244,5.623014187146603,9.146872684225167,4.788972146443604,8.144124280606185,13.039983995546153,9.527540792938646,10.043520955453843,11.933052047922839
10.262708198025306,7.467929642313844,9.557200530398063,5.11426098581685,6.653608274170077,5.025341426887411,7.82924137952599,13.411108884209307,11.067844232175945,11.181322465429526,12.99728532267955
10.296757489912432,7.359170541294098,9.573088944832381,5.102843029930712,6.678230297082226,5.070998422902844,7.89610617339271,13.353463634460736,11.121655789950651,11.176309884695804,12.940973679622868
10.281201885822332,7.673626142223374,9.642185557210938,5.146460337624637,6.652891699910085,5.170483995038151,7.427619927398798,13.303436191877363,11.137150218524656,11.13960319619443,12.924426425810374
10.184209207386022,7.432076097595625,9.61011301269143,5.060764941709433,6.653894755005867,5.210699733094817,7.463057014761642,13.288059343658976,11.099276964003634,11.09621570537021,12.885136142745587
10.187192141904191,7.323889199048022,9.595434202097005,5.081680351741335,6.6356840540445035,5.240570556107343,7.528522909728578,13.267674724233627,11.128716176145469,11.094837691768314,12.891186562330766
10.173223298825693,7.397820215298848,9.560830562797472,5.015364825542807,6.65375152484688,5.107963617895527,7.62555171021673,13.243175105883408,11.092240114435935,11.066515090837939,12.840898118247763
10.048113491693867,7.045466807651623,9.451783897462763,4.92998748116123,6.5536484631491145,5.08553662288793,7.661589822919636,13.203623804900658,11.034500699519374,11.04599976076961,12.80316895814905
10.052004775342402,7.147716615222507,9.48987013799465,4.865309746867427,6.515239307741078,5.081404364984463,7.38861642028949,13.178613267550471,10.990538824948493,10.945913503803682,12.703337097543177
10.034239460970817,7.259022295405015,9.46411830688687,4.869583657089054,6.466006472068476,5.219153913883167,7.6310651764778115,13.157656730449649,10.966083027040874,10.88397299645228,12.716547574489928
9.997131193071356,7.339234617016526,9.537144595031808,5.007965065540377,6.631591798767721,5.103248263940357,7.242813816801923,13.137315917785683,11.110007111178513,10.991108172031474,12.754018091218272
9.830767505537763,8.67401078785789,8.013276975951182,5.441166321800827,8.715994868624142,5.765748251623837,9.08711756794648,13.534698094875274,8.736714189199299,8.979348044445116,11.353442445254801
9.835387139653784,8.757839560431883,7.93511818429714,5.35417246755578,8.68684782372229,5.576201609142782,9.083705777100928,13.440297296673181,8.687415925066155,8.931685578753893,11.26480877562519
9.703008814093494,8.459121419179706,7.836071193655274,5.271516972897064,8.606552366336802,5.479527180584962,8.880152790076687,13.369151490933978,8.614977076360313,8.84353652632717,11.19541781393926
9.813872789858676,8.579650380584345,7.826496338350371,5.302973161494981,8.642773893650821,5.431098477781855,8.958825923406838,13.324863217136198,8.72143205955375,8.819075626271509,11.143808357918585
9.615657321109348,8.465132352015045,7.689228712952705,5.123567055401254,8.455797578962889,5.3807162808007885,8.875985891325971,13.269235537711403,8.582702074725118,8.76094253289516,11.116203688941628
9.571505221187767,8.643105073406964,7.721555448495438,5.171367468297062,8.50640857998779,5.486455308663431,8.737345606539488,13.247799718330487,8.523784753261246,8.805809827027794,11.174851056637094
9.712057976980553,8.60882388292569,7.738981826310919,5.094704101526993,8.545117433248768,5.374043061624998,8.954458384976974,13.22232484439969,8.553109304233601,8.780942820438344,11.06008219538247
9.520028524690579,8.835423867841742,7.653558157186703,5.083059330177515,8.325879325527689,5.386836859924919,8.606261710703656,13.196575891706187,8.54361006101099,8.774263124071203,11.118626120361785
9.685303903047503,8.508807013517785,7.708221057904114,5.166942390043245,8.417625739073568,5.404477562376427,8.81550193377414,13.183137844200504,8.460683978799565,8.717538378997356,11.003824279505485
9.555811678092576,8.515039762451522,7.614432731189262,5.014627315365793,8.406343564782436,5.3807162808007885,8.712449253994084,13.169375559786205,8.399200133456715,8.71160982530476,11.028651609696015
9.390330509790422,7.037583988879689,7.67897913275888,2.268683886145891,6.808327750519125,3.299943606973375,8.628969084264796,12.655505266927237,8.904162374281114,10.020952512722983,11.419217412234664
9.36982442348701,7.088380956919425,7.6612499182464875,2.324563782321493,6.750997498619753,3.4897508468002085,8.523347548450618,12.619345232831199,8.906528917594517,9.970707890947429,11.442541984141284
9.36250336337329,6.723258021066073,7.631577143810001,2.324563782321493,6.7139277820019805,3.258096538021482,8.484091319911121,12.598109740793735,8.937276851252891,9.928053327814695,11.39319891691655
9.406350222647474,7.000607895996754,7.624277130858533,2.291411904755465,6.790247201771216,3.304033551575851,8.472725670448513,12.581538806781028,8.908589424727214,9.97584232190617,11.43896994273389
9.419010802336077,6.591018126199625,7.674034159582943,2.2801124644146884,6.840094855106746,3.2408549055000044,8.659556578402583,12.566025262026649,8.895051073505233,9.839331773076948,11.349945906575721
9.403789600938413,6.536321152173279,7.669531562206511,2.3978952727983707,6.779568310873434,3.386271881821408,8.783137364971191,12.546848979222197,8.918843624896018,9.878013607234836,11.341652909210861
9.430283251400523,6.8511496570304775,7.676767219425894,2.291411904755465,6.745393196006833,3.4795290879457514,8.589613072259516,12.5206873807611,8.89771269166676,9.85447002924757,11.362515539024129
9.428203339114546,6.812308426838573,7.763054378199618,1.8281267562560088,6.830778236517988,3.6434170218976423,8.746871787533909,12.500190919454392,8.916386822861272,9.80753694560212,11.301138982806558
9.430087049240809,7.026298523384392,7.646019218345206,2.036882362043554,6.7873688599621556,3.2917131901427803,8.723751972574238,12.485632110403655,8.88021461995012,9.896320821761005,11.323025531361438
9.48557445543945,6.972262546506319,7.631577143810001,1.9616583497734403,6.738968382048399,3.4965075614664802,8.802736310938323,12.465668851687463,8.81877816903701,9.804738466465956,11.296849518071797
9.751656402934167,6.989304546608716,8.594339400592892,3.5760838666850057,7.083760630482124,4.174387269895637,8.130804956131705,13.330245914006408,9.14042564678407,9.467361326354498,11.273397163756657
9.704873998761911,7.271371629518116,8.538867704855557,3.4217258892343407,7.033310503885498,4.203032884583897,8.097318088238728,13.272350831587394,9.19835325672522,9.427264623476475,11.233558503696027
9.689159199813592,7.141130753181925,8.491693030396387,3.285911101516072,6.971043015089144,4.4121246119228035,8.051085961338512,13.219765408162049,9.146199993435994,9.369634941859,11.203456816304456
9.716488406258042,7.128825570577932,8.544592165820568,3.443263082459031,6.966757672756713,4.1692459219416085,8.174634023760726,13.189589014179491,9.108597994067809,9.3953019591545,11.20304489302724
9.650228377102591,6.868170945326933,8.464940371568176,3.252095490779284,7.002863420196222,4.238925742956284,8.100255861295821,13.174259506723384,9.099838265408986,9.379159138364557,11.186100697047042
9.67993419476272,6.835387673050642,8.456168489578463,3.3306161064725655,6.933639590972727,4.204692619390966,8.150333221457009,13.145909425076873,9.120969851120972,9.325289767329993,11.148207308518675
9.699785724552056,6.962737868543419,8.46144554691427,3.326633305508816,6.899723107284872,4.21459373963476,8.141765735931015,13.126776403445295,9.106615554501065,9.258363045509533,11.083044876734444
9.599314696135753,7.372027238547128,8.455057707071605,3.252095490779284,6.879241487226885,4.196366109724778,8.10724471401086,13.10409971863077,9.05732645345756,9.24584156956918,11.06529040566252
9.650929493981849,7.026397207906297,8.428774764632523,3.212633985053832,6.856578935650282,4.1879698385249124,8.019532383272642,13.068244691839789,9.024674562598047,9.253905268179881,11.06466610622269
9.523292126579225,7.468050201967423,8.319013218416895,3.14797642282059,6.852242569051878,4.24372201114359,7.995486358097244,13.03609584490832,9.02870657901845,9.251999349568363,11.061959202911284
9.845468768448526,8.869601266804779,6.0330062905468305,3.9274588573216604,9.711305540648059,5.566604211704987,9.819226329676244,12.437677366655358,7.669505624436616,9.153952249385739,11.719010295661224
10.106985157431069,8.98054977794018,6.03407161144268,4.201370390476858,9.756418589968716,5.535100790413578,9.799313986619115,12.393561569207904,7.6901945670208445,9.152728914704024,11.797764917704152
9.87203013772987,9.097084572652932,5.96435025461641,3.972386134234734,9.694022248514221,4.1269551754396225,9.616163934498553,12.364362556451288,7.569365924525729,9.010445301972155,11.849172041203479
10.015782966255431,9.026938231161552,5.990825442924404,4.268920084693,9.728857672408784,5.353909724206331,9.755537792455325,12.34061441644435,7.636494804853594,9.097115681261554,11.745272489615877
9.812667720214613,8.940425450106746,6.106453549753588,4.060443010546419,9.693515211869329,4.903544912712723,9.70412427336604,12.320241454040188,7.613226209230914,9.09822250900786,11.794383793394152
10.01334693300855,8.872456028000515,6.020132977357846,4.276666119016055,9.677821377706037,5.206384791210248,9.612439822608046,12.305496272679617,7.605292807843375,9.08248806051421,11.63418265626425
9.834874371100643,8.905911442443124,5.966061273933185,4.3025624783572285,9.603051905218173,4.661235441436955,9.631863997135374,12.28523979050284,7.676586964029666,9.02890508872578,11.643620046009442
9.801588938686347,8.924005539588816,6.0316730174607684,4.230880727658554,9.64943509341037,4.647484378626759,9.590133573175116,12.26907373542577,7.588953575110489,9.065423777780834,11.649220244284809
9.786746473791554,8.855283165936443,6.004079098050133,4.293498926817273,9.613225859722887,4.090448147715424,9.63317523007162,12.24892958147996,7.618753291166853,9.007972557666616,11.714222963986346
9.725050441305333,8.926753606296462,5.875461180026628,4.189654742026425,9.577466511413453,5.397106351921722,9.494862457173106,12.21736443048875,7.527327676756104,8.98055676923322,11.655247123605093
9.190568410649798,6.680087621816492,7.980833213144528,3.104586678466073,7.307962140041824,3.5553480614894135,7.325558768569889,12.437394926348087,8.820600963837302,9.856288788317809,11.612226358183765
9.133003260374421,6.74595504410268,7.902047662221592,3.119423598621125,7.268935612394398,3.2451932630556954,7.1895534074366925,12.378689672750184,8.736899732572144,9.77059468629595,11.541804100708253
9.066457171220131,6.6637710617960755,7.792454434649,3.181289423499583,7.108807720660837,3.304033551575851,7.03610940767446,12.315349781213541,8.660619907687991,9.747694969773661,11.48984640266216
9.011821679737615,6.77301680384084,7.774823085459227,3.199579645305715,7.1093528211527826,3.012261411570762,7.127212042438352,12.27737811495332,8.686298162650008,9.69931294776952,11.45118326748618
8.975082066220613,6.708829971665746,7.73598196072793,3.104586678466073,7.022293553869186,3.1546333665663693,7.048444330589122,12.245971867771017,8.616133139271142,9.670452182475634,11.425181334709754
8.9845544439074,6.515453157400254,7.663736403713449,3.063909946189964,7.021500547149308,3.080890183935109,7.143670263244861,12.231354569515641,8.565284698248126,9.558832147233502,11.367114156490123
8.96098117384356,6.548616989211106,7.707776829244425,2.912954286746266,6.968975798510376,3.209947283809994,7.092352020579128,12.217366737587161,8.602248953937801,9.616913014541574,11.380115970457409
8.853728917450526,6.660646286874048,7.680857984953818,2.9249519126020513,7.002075068511882,3.223310377688278,7.139713205304822,12.19824464205166,8.605204068738951,9.58319504834759,11.36844893188722
8.87971986971194,6.650638337205005,7.69693460139635,3.0106208860477417,6.959736118956043,3.0550487459983633,7.091520235240374,12.172730477594369,8.570902454100667,9.55762379794274,11.354159874990492
9.006754319877503,7.073881581080439,7.768594373056865,3.016079360448278,7.03880303242666,3.1159815987498836,6.981274189816158,12.140641044221866,8.590092496712083,9.631136249656254,11.392049776978245
9.250137841850249,8.601037893111284,7.935734462429401,4.669708738375662,8.200937876259523,4.333653021235146,8.783171429913262,13.171499513470962,9.208601082288421,9.648866950523912,12.78924482201038
9.15487464191487,8.564282439371304,7.879362977606104,4.627149070967736,8.167456031019018,4.27202578597118,8.698973861957592,13.135148629967969,9.161857160342,9.61891102355516,12.732990590529468
9.179881164491475,8.483790365011604,7.993083426187503,4.606280669173339,8.165657399385655,4.146655821640726,9.103346424105133,13.087346491339941,9.226756006155982,9.616959628465464,12.707722466745096
9.193194213141211,8.48917544649566,7.984943403773945,4.570118593959091,8.142234656661001,4.204692619390966,9.033680092667282,13.057730036966216,9.216616193745503,9.602922103982928,12.703629460042478
9.182135208821721,8.516897591730954,7.9653796635344225,4.632569181797828,8.106524567471258,4.24372201114359,9.149313308315891,13.032875967880017,9.184596261855997,9.596855955232776,12.66634873334646
9.228398559012968,8.672974922070898,7.942508321530932,4.51451578122361,8.089219998199107,4.362390603499797,9.276916399112926,13.004425829816592,9.199948788005175,9.584145857544337,12.649957754576368
9.251002353695073,8.625961892207396,7.9539703518849425,4.474808393441303,8.096861452552723,4.18120153840365,9.227523012258697,12.95644232739309,9.202359722137128,9.560832128550164,12.60670889119261
9.128394929082885,8.402697247848296,7.799648575096953,4.360973182922857,8.002259139605703,4.1795023195419985,8.679138178840766,12.90340328543362,9.111288311660912,9.458596176989849,12.486944287885235
9.11983197881959,8.297811998546894,7.821852494858132,4.42151437947873,8.003634205416986,3.907568699721622,8.848585881815536,12.857169647113137,9.09527364418801,9.444699899609008,12.484296168276362
9.03674066859757,8.207665340094888,7.772691897777217,4.395819943107587,7.964785252909814,3.9848603707027257,8.736467935738519,12.811808672227636,9.072489824072198,9.456704667652994,12.486214486754069
9.87741960583223,8.477229624175168,8.206292529667774,3.8872748812970377,6.015343829034622,6.098323936393289,10.576839539162266,13.072864145229586,8.44208642956118,10.55425162483828,12.619715006355376
9.864766359162067,8.431637723530965,8.203893932153704,3.9744759783210415,6.091309882077698,6.0288138467973775,10.548898846255941,13.041299009131624,8.46010536426146,10.554109610951977,12.596577929920462
9.830369517463737,8.419166212854012,8.160816614390242,3.8918202981106265,6.07227619753079,6.091561230577515,10.551474057805985,12.995026978337725,8.428726210822239,10.47142071841479,12.529594763159455
9.732352526146117,8.427100708326753,8.133274286750373,3.771482880347351,6.024523140260604,6.016157159698354,10.503497967614805,12.948262207116873,8.35624166114156,10.469037760346344,12.525498469685862
9.768802478677257,8.324877862017535,8.073382186351495,3.7867116781620536,5.945711430188225,5.983656367459722,10.507286688861031,12.918349160329312,8.35029868892825,10.415771778724215,12.477818872543713
9.752751222427245,8.486369655716393,8.129024304544119,3.781661212881358,5.971545243505386,5.9549734471686095,10.483751548538873,12.88013681481671,8.395201311487908,10.437853580574867,12.529914702204156
9.710397557266205,8.289904952739615,8.060589164372441,3.6888794541139363,5.86457768774139,5.924255797414532,10.492559810431556,12.81032318827618,8.350797476888975,10.381049007764986,12.446183042403689
9.636721503011785,8.420904977692624,8.033204221603807,3.702672885835307,5.805134968916488,6.079424553173405,10.524078376986424,12.756648489678055,8.300004099569335,10.30003860389693,12.388754831747853
9.586120314532629,8.343530042192924,7.952161653244004,3.6549779886451477,5.768320995793772,5.9020259905360755,10.397485040849626,12.71078746966351,8.21060764347011,10.260380417328387,12.360341461236256
9.633830202353415,8.302736797249482,7.9645574323018336,3.6720722510517887,5.648191467087119,5.816780420751211,10.46008864197392,12.656328573047542,8.27614021955846,10.276111466246249,12.283347474883334
11.14398850600847,7.641335043852022,8.010462873758364,3.3877743613300146,9.274837225370666,6.198930281188289,8.581960853798948,13.030855457607048,8.88835820085321,10.286021366429969,11.826998706647963
11.093662435148318,7.784320635662542,7.956196450403883,3.5566169703696286,9.184999771937283,6.132433499883357,8.600267197290316,12.951662412560939,8.902818338651333,10.223443185417175,11.75723541909825
11.046237399881965,7.54384404187882,7.930597817045695,3.463650291924566,9.158824830788378,5.999212231142468,8.551122150982986,12.893480442844652,8.89579704051934,10.122292818283038,11.683174440529914
10.943273566610426,7.614953282764742,7.9107047326703945,3.413711420106517,9.126862139891005,6.053395515282337,8.53024103092352,12.815484712637666,8.852299415466963,10.023480490336814,11.579268606768737
10.924904972792643,7.64383954687568,7.877430894545114,3.3337903948522207,9.071154930442475,5.9465833878141146,8.49235390071916,12.75350479921728,8.851408915455396,9.994992521700723,11.547106792298385
10.769030104578688,7.669479690662543,7.831255515808044,3.3377448484040033,9.003193193746572,5.8796014632822535,8.476116535305806,12.684307719939897,8.82390962259205,9.868775327698563,11.47848583755776
10.680843366546057,7.513327287286129,7.842924462213808,3.3097317354919733,9.040921878664232,6.025597556162004,8.438799123988225,12.637521817409942,8.847359875474174,9.87968426682735,11.437093785840686
10.640606694537274,7.67897913275888,7.802699792836694,3.3137819230425394,9.009936307631463,5.936069272142433,8.435693868560376,12.597319897981247,8.78789863898282,9.839719104949129,11.429766053517401
10.69455539149795,7.752702762252938,7.805239153376747,3.289230648477167,9.011753922851712,5.825016349312837,8.449128460502108,12.56929244731523,8.759162858884975,9.807447662357935,11.39375271405677
10.603516830295117,7.411133237612971,7.744271414904262,3.1612467120315646,8.91582015796891,5.824031592955561,8.344584312683807,12.525031057348704,8.678631537293768,9.7736888669702,11.354451936615597
10.289635048929037,9.725776020032404,8.121985297760721,6.039460753319049,7.937902335508599,8.443570571306308,9.325950183891576,13.400489739125128,10.283577870865631,10.66836865932436,12.755168498825274
10.208589104547867,9.893230124533456,8.17902218029434,6.019944029228987,7.962156350085537,8.466367623417117,9.24678158454798,13.378916052204957,10.299321241746634,10.726536630470434,12.842161377829916
10.30218648830682,9.430342104141383,8.11851499900381,5.954397058102829,7.940793449133435,8.417029026865771,9.373773550371043,13.361545058691425,10.29115446764679,10.66383637154924,12.718285273630782
10.200782852988691,9.446668621892833,8.09065084369864,5.908384821945264,7.882662865986856,8.380635000942997,9.252848410564969,13.350716588174485,10.24944639475551,10.64362433532156,12.743020396219487
10.287400971410685,9.589948875351222,8.058935419111402,5.93841531723082,7.923440768313106,8.362460860462756,9.354413779656426,13.334331075311761,10.276012332707086,10.61906462498075,12.711195338465245
10.261578770784764,9.772556585586367,8.033633198894531,5.959859219160541,7.864816802785717,8.329336343928047,9.354606166331534,13.320475857976067,10.256414927702776,10.594671696600077,12.666120245649632
10.278150897243146,9.598569644797232,7.926574519364767,5.895014823269912,7.8525816374048825,8.270126868857751,9.414225894521511,13.307056342402563,10.224830036641672,10.556585009828845,12.656620135358995
10.353147804175334,9.609400567687596,7.96652117693491,5.875242788898426,7.908031702740495,8.299230640510627,9.449743899271702,13.294744917730755,10.227991630247041,10.524174547864725,12.662219214590646
10.281209501564687,9.657182698359362,8.035649451294475,5.893790470499886,7.888305325519363,8.355432144064986,9.402623260387879,13.281351442958083,10.24561835246228,10.585725442588037,12.654540444263539
10.360062178746016,9.713369683123132,8.005192804552875,5.820742119567593,7.871535859505622,8.32371631031202,9.42330069456662,13.27392514699075,10.2371383522879,10.53751262785793,12.649236261806008
9.03663756720441,6.300296372163295,6.68802256663753,3.2670307396904366,5.301202101695732,4.960510930278173,10.275128500456571,11.314364222114333,8.321445911583787,9.492539104861878,10.375438589976035
9.023625177275525,5.816978889311065,6.5923745974561925,3.173878458937465,5.331752142634274,4.616220011185665,10.139205930669375,11.20042779454235,8.227550681228212,9.45154036493063,10.293678829631748
8.993913104598569,5.744995496715222,6.571598546584232,3.045051345446118,5.345094935376895,4.61401981227829,10.081630018665823,11.160616531692375,8.243601017825895,9.428331115147575,10.24341966971885
8.926136686914608,5.769916940346505,6.509861431408004,3.140794059955724,5.213243511350233,4.703506056497472,10.089529956301993,11.12692403789892,8.201535269378684,9.363641167325348,10.167975202178676
8.910393767345111,5.979897910736517,6.430722555433916,3.1455878856263353,5.13265627031674,4.482374558256906,9.992170772009638,11.097303281372696,8.043409983754183,9.322048697888246,10.13384678568966
8.929688345410618,5.60400305934707,6.474165010576539,3.111538244995157,5.186889090319252,4.572417422478396,10.097701996505341,11.070230167984212,8.05540108950738,9.32121366402088,10.133250922024947
8.859934624068815,5.6318487831939805,6.429109969746046,3.001824677116919,5.179408710118222,4.33801675173259,10.002116461534332,11.046635110737544,7.973075027041397,9.276386090470966,10.095307375971416
8.789071031815086,5.640960985242272,6.380988450024354,3.0555721169241243,5.145036691490186,4.417501036272367,9.985252878112663,11.023878727974704,8.000569310197829,9.272979172912452,10.073799316694744
8.857122935392795,5.649990939455103,6.428751267539102,2.990719731730447,5.098646171418969,4.532599493153256,10.088556258291955,11.00223612825007,7.980742020011274,9.276843628007493,10.074291180253262
8.760439107061778,5.694330545580231,6.385868707856721,2.9153656801017847,5.034930364262474,4.445262197955417,9.94535539980169,10.975916701663609,7.9716572614345536,9.238288384388197,10.045977172284196
9.072686206677387,6.87967582526478,8.556962899997794,2.3353745932363394,6.746673222569976,4.225372824628505,9.397020932826056,12.888673435681493,9.40041512822493,10.09457933447888,11.229881361294266
8.877505955057917,7.076447341426955,8.526542682395334,1.9616583497734403,6.7155180560541865,4.180522258463153,9.442789822383595,12.836097043068909,9.387180265200898,10.09235568905517,11.232457162468075
9.100748695346088,6.890247345660751,8.493257902184125,2.036882362043554,6.764910814012105,4.192344757053218,9.534810714569758,12.798493770767315,9.341325748375276,10.035790343613764,11.18877287338699
8.90589637747479,6.9210882189905005,8.466944965491201,1.9299099689991817,6.5883149563422,4.042271314627302,9.43802293995059,12.771986180021475,9.272914464574338,9.985373176227034,11.123213784113442
9.166388484447,7.0829962692906525,8.444328547855239,1.9924297101446484,6.7071339623008335,4.306464644409519,9.604653152749428,12.74807760243784,9.304807772196085,9.994245467396459,11.173009148769847
8.98378824054754,6.928842482817258,8.402173832285335,2.0222837160750085,6.566984926681272,4.124622199890674,9.400325084149255,12.719146573295514,9.234345485854439,9.91974741950447,11.125697871184132
9.253474358661643,6.992484421989199,8.397325484592075,2.2335918643641732,6.707948409204015,4.343228112385494,9.591336694142923,12.679990998081692,9.2628231804113,9.909644669528534,11.031577554235811
9.097146788902462,6.900484470600059,8.342223211836457,1.9924297101446484,6.502123496984652,4.260486487404527,9.403059537467444,12.629079111583152,9.205769943461421,9.85113346201905,10.98806646200588
9.233991791981921,6.868875844386704,8.418224550797701,2.1068402455976436,6.511745329644728,4.032469158504013,9.438040636884033,12.595551202530682,9.219042399270084,9.834701207221178,10.99859165771832
9.221346251482402,7.013495719459389,8.34602783851426,2.007467445039643,6.633318433280377,4.212292176927202,9.566753726303336,12.550645908620965,9.203076274186234,9.789152939293224,11.016533871244897
10.135300086206247,9.287555495645424,7.9666329435340115,4.758749273916392,10.240556436485061,5.693694730695618,8.098811692725514,13.994790465855676,8.822505598149139,10.621775483794147,12.310887612393314
10.067178295192607,9.214583578827455,7.861050593281781,4.607833336652256,10.121548877990877,5.654397673725368,7.975144418952206,13.911279935348523,8.690328236123184,10.524623620763634,12.1626002668427
10.022583306644945,9.087377695485742,7.666908654681561,4.507679841350573,9.935671815915972,5.653619138116985,7.9453192437931115,13.822673410049354,8.586516082307462,10.399830134751353,12.060371758010685
10.002236258373559,9.054111422541947,7.707821760163123,4.511347738960343,9.898611238116628,5.632763731046798,7.825511604349283,13.784042949884649,8.582506413020896,10.36358603740777,12.104915136684994
10.004237455636272,8.979482418531095,7.6426413647712055,4.500303326239911,9.80115577893831,5.503477949182673,7.762359712660883,13.738715315087655,8.539437281014402,10.306168789267677,12.003877714917163
9.980736617930027,8.933132146124565,7.585856499644878,4.496594618697186,9.695932970625254,5.490726744742901,7.778211474512493,13.691500185132735,8.49681359702655,10.291777866607884,12.038114243003928
9.912364700308537,9.008777550020838,7.574969077515578,4.444479701512496,9.721615228422062,5.484750832842974,7.712394141627093,13.625491733068037,8.482836363014385,10.226707282037962,11.984361540025418
9.8949400151979,8.943719393442706,7.563673538652949,4.303163741162493,9.57380532235786,5.360718198204686,7.67177504525878,13.587726408486096,8.357942119005497,10.11060740739246,11.935105067323075
9.888255464563928,9.124657809176334,7.698341684955875,4.5234780187036945,9.92410357442741,5.577589159034276,7.95007152774134,13.554756300069366,8.57315755933367,10.151797967283072,12.131455176089364
9.824233885279979,8.929695701487612,7.579463161430614,4.263305596730871,9.676004041581345,5.3470546245560575,7.655706253160541,13.53611554904506,8.375813941904667,10.115787636581556,11.862636036094965
10.476289041765757,6.6254071026474115,8.173641285371794,3.080890183935109,10.411338756999632,4.838923890029092,6.721398929347955,12.858708749662116,9.835797403566177,10.228662484241784,12.567244269771072
10.439512977323862,6.547279463732122,8.136293857610907,3.0960801971370153,10.394219306530966,4.766911072889208,6.676495542865048,12.826860490837051,9.826444508037817,10.224951294478009,12.535277067200594
10.463309668327351,6.15888394964983,8.128555701414331,3.209947283809994,10.37815390561998,4.887001878290615,6.692745223431735,12.808270615080941,9.785310689464907,10.208715213705393,12.502983047314148
10.391034313793492,6.305687121311784,8.119732627295695,2.950269841337697,10.35635561959726,4.814890689943133,6.435580398275022,12.784036751357352,9.769289270733298,10.106587567537911,12.438542130386274
10.414089818059523,6.342923139510658,8.142001840587955,2.96756116801584,10.321638520451476,4.710530691645918,6.409041196824783,12.761570665483873,9.787559046301523,10.121458191781239,12.430926511182632
10.381480019310215,6.287052789519142,8.08559284593478,2.908720714746163,10.301469173405618,4.803109892054781,6.5722514652880335,12.744123509480968,9.743273154975373,10.096886875346406,12.405968267991744
10.365634006112627,6.324179734851483,8.150695559591913,2.93857391853757,10.292371505609845,4.742029397775056,6.44338905765046,12.723987315844129,9.733522670017393,10.031040484726583,12.370984501347209
10.372393357205423,6.365152276920407,8.10598160287073,2.995732273553991,10.293402755433036,4.786565397189756,6.4759119701026915,12.703543388534362,9.754091293517051,10.074547321530563,12.393147931718833
10.340727631905402,6.3476032322856835,8.114494254925269,2.8200553919290274,10.253843126651088,4.599599096245898,6.457606558018848,12.68081492545923,9.697126003618731,9.999207244388039,12.330975215317352
10.30753684418234,6.356126948704321,8.051804675333738,2.9560669015546166,10.248112969327071,4.639034656976293,6.483413115104284,12.653300709763334,9.681565477416038,9.995550546844594,12.315982049295746
11.317952481994196,7.374496649092165,6.7472734848790505,3.2188758248682006,7.610863790334751,6.588773632290694,9.837309762664773,13.795804496002113,8.463703334772257,9.168522510912075,9.689192239845971
11.238083858943005,7.456653518628347,6.723111026818537,3.451749801670047,7.58263665073519,6.6075506860319155,9.811138317953763,13.784201332956185,8.418015988506578,9.153123132994304,9.611081748142503
11.267993766519256,7.410958592610654,6.697939183767286,3.351851663201012,7.525831633223798,6.665825249167644,9.77004250532659,13.765139236092573,8.415755834541887,9.154298981092557,9.627644747884487
11.242595962049265,7.316112494247081,6.644744134332769,3.374929378795915,7.549328425750913,6.6169572503104135,9.730308079061187,13.750742855014558,8.400164870890729,9.147116541454059,9.60163743769759
11.204570733566465,7.4203193926983735,6.657811334016955,3.3081068366449164,7.517170550124548,6.59532504139697,9.699987302100828,13.734398051403245,8.335276886896487,9.080801000621198,9.552366995817634
11.215739409474606,7.286579769536351,6.648926983601022,3.386271881821408,7.5364350452096955,6.588926477533519,9.769718671141952,13.719796757832222,8.35022516286832,9.092532336382304,9.585497463918797
11.195700450907122,7.4217159832436,6.623415760633644,3.253813919147935,7.532219061591827,6.581255369011787,9.700878931397312,13.705938655988025,8.309463565333795,9.077672099327852,9.609681581904564
11.268820982479834,7.45376141140954,6.679264117152324,3.3401096109421564,7.533824417883505,6.573214513868333,9.694196225866042,13.68732062036953,8.361427875431977,9.097370733564128,9.658395155495752
11.212192975463786,7.371216723478781,6.614666027383759,3.287572439141984,7.499497073149698,6.530553639387273,9.6327616489477,13.671689005960324,8.364979153087658,9.031399760539877,9.513557810047088
11.206305493429042,7.43406703915196,6.620013951441475,3.223310377688278,7.506420825898569,6.452574573373179,9.644634782001013,13.657803236702948,8.308204540144862,9.03247553643013,9.64849350546809
8.921709701747762,6.9750504127943715,5.710905181182028,2.5301635953583594,9.359430650686777,4.332194246327465,8.499671694602458,11.52229520929585,7.82812656207148,8.675660257089545,10.446812957196048
8.996170326804915,7.017755018779131,5.7207852382772355,2.670309565427008,9.37871324496332,4.259545109633118,8.450516682944997,11.48402449301189,7.850060243380707,8.631277542921321,10.429898098040448
8.903815211722922,7.0060408279822,5.611220375417209,2.302585092994046,9.291080272554254,4.227644511398988,8.518490128030244,11.444887375640837,7.751570891948747,8.611171171509177,10.37361999286036
8.8638828929384,6.965447501987285,5.591940108229839,2.407945508651867,9.244312291975955,4.143134726391533,8.550486114114873,11.397747034370749,7.690692380716797,8.555625132031773,10.327836565390527
8.85298265500098,7.112282162512094,5.540086381985411,2.302585092994046,9.255600503381046,4.105394453353739,8.429876312492917,11.374893037182117,7.665857559523637,8.562975661767826,10.304840885537883
8.850915619348006,6.76394906354834,5.54139424249951,2.447166706420464,9.208928264421445,4.109050727859971,8.452652300142525,11.34836314198881,7.634552125497219,8.519636869202095,10.313608840793558
8.834207503067454,6.849478594227923,5.583203860007687,2.0654554405501564,9.26069544817466,4.31154461924798,8.39593913774055,11.327853997314827,7.667781986822781,8.530528325966536,10.26666392744691
8.905504604547097,6.91809057533054,5.465384285744224,2.268683886145891,9.24347422174415,3.972386134234734,8.554090694544202,11.31027384585149,7.493131635868745,8.486507154083872,10.29102287847831
8.910240778913348,7.078294731917335,5.558242774806593,2.302585092994046,9.282454294047135,4.06807655935586,8.541807752180157,11.296804971897522,7.5578209715796705,8.493267007494364,10.264788281017449
8.81731424447184,6.975258148967973,5.426075199204934,2.5212739368159545,9.11087601973333,4.237321909348505,8.450160302194258,11.279205906580799,7.481743475828186,8.40876872665664,10.19184481374667
8.990678253436057,6.589995754346513,5.105002241317771,2.5301635953583594,6.4909258357377775,5.53602108233418,7.891953850709263,12.23209488869673,7.189913792128506,9.75314323024662,10.848771878408048
9.057190487352964,6.684333914081306,5.00811358392274,2.547707724940059,6.534628282013181,5.493975511050051,7.829320961807549,12.189156368713848,7.095699888408315,9.688381750543627,10.756800855174436
9.079827910361676,6.542471960506805,4.980252441084787,2.3353745932363394,6.5673285717383525,5.4443398447216795,7.8083230503910555,12.161108868052075,7.109779605145458,9.646148584389342,10.732767149747897
9.012080472320292,6.661428396476662,4.929344902833608,2.4375040225438265,6.499486243541238,5.504427794347597,7.816506548403052,12.128699999708457,7.086356958938565,9.618351125843667,10.680593097799537
9.074292800426853,6.655154312036587,4.962533812730374,2.74441813098733,6.496305634203387,5.399669845748083,7.788073351779644,12.110656226767691,7.054536010190332,9.620233440183286,10.691101375404479
9.00789909707407,6.690980292738732,4.89916563705824,2.494123213149801,6.47306731734534,5.4491291642211035,7.753957302015995,12.084467188702519,6.957486799936207,9.574984257091572,10.664436413863646
9.018239149360955,6.687524144960413,4.936550121682618,2.670309565427008,6.577892261276906,5.4638318050256105,7.804704610058816,12.062560050477675,6.938165931888091,9.52570327102709,10.63217641117049
9.02923274527086,6.481066539529598,4.877400162344052,2.5301635953583594,6.482631534910543,5.461002934660827,7.773313961046798,12.04221870765808,7.094778731187368,9.524032075709819,10.604672069252002
9.083328632152702,6.752919184311783,4.78989626626368,2.623057149559127,6.432439790760138,5.486639384512479,7.7756491031514,12.023041370265636,6.898366905801175,9.489486953798668,10.542340155676792
9.066381467614372,6.627894394478781,4.777815411054355,2.407945508651867,6.448221101268655,5.395141536054983,7.748603814251619,12.006913325902842,6.9244922118355765,9.478058654230741,10.575397193585593
9.16195862439334,8.120245042820732,6.690856078565563,4.728174146643626,6.373130164090704,5.0917031376768405,7.922051544020865,12.88212851486086,9.13823074380244,10.882036499374795,12.495645970111664
9.109467303759528,8.073146633142661,6.624079982007119,4.700278345387669,6.386879319362645,4.920791619025386,7.891405549180565,12.856182155385842,9.095622633741696,10.869134848906667,12.458873505573811
9.103624617285542,8.120674610518899,6.61324998118223,4.726207210564297,6.370661720790974,4.735223323992387,7.860176484904557,12.836802934198024,9.09410114378558,10.863654170987667,12.460422960839084
9.183554820716859,8.379885789490483,6.667253605882096,4.60827645653051,6.422705696945315,4.8961800651438425,7.939190507294256,12.813100505645167,9.165047751164943,10.86646401352303,12.427787309791336
9.138836015778642,8.174189449276744,6.629084337397355,4.70732561082538,6.329522828865812,4.881959825698049,7.95331053633661,12.780317445453948,9.105604352391197,10.82043962127884,12.37725896281347
9.28659437340382,7.807356398856112,6.578494759305216,4.60605869115045,6.266567843682017,5.022417477435805,7.9048187080226535,12.734288544768853,9.065758945120612,10.755009099658572,12.271005515995578
9.321109236414143,7.972412373156505,6.669089097602506,4.626931677769604,6.321966622730715,5.068205152910741,8.004506577080988,12.697197170855956,9.122608736025969,10.76582109405305,12.273676931171217
9.176476750270806,7.829126415717089,6.5354186428004954,4.488386675639816,6.15367786491126,4.872649576632557,7.710892242090499,12.661135387145212,8.99373926090015,10.717835871045931,12.272389948259821
9.1984173524315,7.856560526108212,6.4802319983470795,4.429228275903803,6.15296907102034,4.9344739331306915,7.806008757250597,12.63040643003616,9.008164346406302,10.701551900389536,12.215705709326798
9.264021203028424,7.929790451205601,6.42001302244598,4.426574957799986,6.192362489474872,4.840681421229487,7.764239389136535,12.597413699362285,8.97903303244073,10.626812814903662,12.145241790655414
9.523033705268979,8.309887447288126,7.115681406390048,3.831053918798093,6.2096848792424275,5.479017234114535,8.017761667648168,12.990345885864485,8.101778751444407,10.436495975211729,12.076262700692437
9.413437212784329,8.240933047674273,6.935597394968419,3.5742166392517363,6.06375937114452,5.5406097236205625,7.745214421815748,12.810086350559459,7.889459149404524,10.27122848653097,11.891158074713891
9.36031281110014,8.08592126654771,6.835435447152166,3.4231763970765767,6.026107490551522,5.411894056813553,7.714151775628004,12.668120230063725,7.7124935244536506,10.133069002835555,11.723343230341413
9.283138438649628,8.053664554092405,6.7619713467687115,3.1403134542881745,5.986144872696917,5.193882366912541,7.620781338832965,12.57883376046521,7.714727053116252,10.088731686105694,11.678647226615885
9.172294612853994,7.7344956577566,6.679752716771475,3.2188758248682006,5.793995504215396,5.109642329072749,7.465426319979633,12.44905041407297,7.602789567832649,9.888910713770898,11.552748774314411
8.957284427564549,7.511688658997253,6.445561076627883,2.8716798135632398,5.567028982353575,4.720975979299638,7.3594959255703625,12.289313566785177,7.401231264413015,9.688754367854461,11.355000151702454
9.133629699735147,7.371048946702774,6.305484225966583,2.7227562025064933,5.710758088392627,4.878161551486528,7.288730345814309,12.146882463163374,7.254570668867363,9.553096000962483,11.20449662185115
9.069176113865758,7.4492200260870085,6.201883037162642,2.677973051208397,5.58261874338267,4.88574372759536,7.076409790739912,12.045084896118805,7.261771136682594,9.532216119856347,11.19883735734763
9.071859608540683,7.401482215828057,6.167073814305167,2.8067219970655795,5.568302098281845,4.9740481394149585,7.062039281350122,11.975112863037554,7.20034197159663,9.503600193075783,11.121869708321693
9.229611267732121,7.409385419585743,5.913232698838408,2.4375040225438265,5.771406511939155,4.975583633022377,7.490243984448558,11.906537266047392,7.096169347014343,9.444271747308633,10.98274182618337
8.844850500469953,7.38897356324867,7.121799783238289,5.5499835718370445,5.44309090378977,5.7078482647850945,9.566023713639842,12.984668000423202,8.316713095344424,9.712838753903092,11.030015258553163
8.739360266132316,7.364786238330858,7.001255740415371,5.464820003037758,5.4305145507622266,5.633598429718048,9.506106348451087,12.935426760930085,8.158936045026513,9.60836378523099,10.94828231098078
8.789340217480893,7.2302734662693755,6.985960397784482,5.402727425665113,5.399870653901054,5.6567685021240495,9.461012618880538,12.88140723068832,8.216874575764567,9.585950137659108,10.901533780792658
8.854365183151724,7.376118676282624,7.01920720427628,5.432313938459896,5.407869106740682,5.730099782973574,9.400786244462013,12.837087415359196,8.222887750137176,9.593204585808447,10.92162001638392
8.857690648812794,7.3499736740343,7.048492589009839,5.479295437936159,5.33347000861699,5.740150115255648,9.523844500176729,12.804994429905232,8.213568410666877,9.563725131489472,10.866478859479704
8.820815868144521,7.243385890107379,6.9678150354098,5.419108229708102,5.4018762502412025,5.576369885816991,9.474310184553545,12.774356912149539,8.153963477548187,9.515936851923346,10.850179665757093
8.824695864532089,7.353252738724659,6.970949143348869,5.406224641459722,5.266941347167132,5.567071441853153,9.45283328866322,12.740627621348812,8.15514510654685,9.490998668614514,10.839588972654365
8.797516588607394,7.290095803000433,6.936893283963067,5.3149012899582875,5.265794174842477,5.432751139405023,9.385152320445643,12.691171283579314,8.121453966202406,9.431099749806165,10.763350662206479
8.803475951286668,7.270575746448183,6.930397009462962,5.3066712752823895,5.327552475629903,5.526780066077246,9.313237857063017,12.661417764629551,8.140516362559415,9.423739713504817,10.714560227715808
8.735384053588056,7.1447929701409265,6.7695271596986935,5.282131529772576,5.244916589820922,5.376306675132239,9.25272913846797,12.617910147473554,7.99062203141887,9.341164910123437,10.642719388771026
9.489281856540613,7.496251569817983,7.765116616579351,2.4849066497880004,8.363394301037149,7.2781380627147625,7.666440482573676,11.400966064037343,8.837665086852299,9.601348892697642,10.981978763208016
9.52679371966121,7.58389758268972,7.690255535529888,2.3566527353168643,8.302045366415166,7.249499309532449,7.621369356358483,11.379743852422665,8.797548488481558,9.569019750293432,10.927035400344225
9.421705495549876,7.41728005701508,7.670241937620695,2.5985656376819546,8.31390673160128,7.255795271806331,7.61820741633299,11.35590186597655,8.865891965516992,9.541699559210572,10.87510408167826
9.45806552718294,7.455266350985369,7.636291051025819,2.447166706420464,8.239710775829021,7.157181506845216,7.507214295059382,11.33202356662418,8.774312958285378,9.51179713649635,10.847694314156184
9.406616881401204,7.351621674862699,7.584230923559425,2.1972245773362196,8.194904336603097,7.1355634858544805,7.50879935257762,11.308932776271304,8.718990524710849,9.515775587671621,10.87966684452917
9.453815386414528,7.426449859142499,7.556451199698395,2.2216157894964943,8.22847354353586,7.132639538384564,7.529060296963547,11.290886164871168,8.736257322800158,9.540246655542859,10.879909608104615
9.436924221073774,7.591721553705553,7.56518316366654,2.257123184033459,8.217738387507591,7.158652337954367,7.5751401066084805,11.269075252844654,8.739678748699848,9.478367206099497,10.87119610431421
9.404679245697363,7.600819121069528,7.50887245208543,2.324563782321493,8.166500319155052,7.102371314655924,7.5892346546744,11.25401439805715,8.695859929154931,9.471870100623196,10.832787079725753
9.387069468407576,7.761390162244769,7.520077964268909,2.4849066497880004,8.173794802684153,7.112291225636101,7.463567017831573,11.240105002217412,8.676511449425426,9.437514899179675,10.758142095482311
9.371425997384229,7.609834668324427,7.568631761783689,2.302585092994046,8.150371707862371,7.088557164994482,7.522171854851481,11.219638827309433,8.727922222879888,9.43122715630632,10.778053567767325
9.994576715004227,7.8956304833757045,9.778658502166978,5.775379370504619,8.1307787926907,9.904403799153966,8.785427374155022,11.489417414386674,9.101541854267381,8.93878970855623,11.0757692913641
9.870700322359776,7.645859892935525,9.645713735823012,5.673857694786347,8.103158132961209,9.809451560609533,8.789633021849717,11.436512873420126,9.004913941467132,8.936688306411813,11.075332231683891
9.828195118260945,7.933306908923589,9.60857645083559,5.780537723013509,8.057307096470137,9.837044997475884,8.716397358232559,11.387530406199161,8.93702862469271,8.90231499320766,10.98498099820507
9.99691717747779,7.844227652591933,9.678130441856068,5.78635189519286,8.11684828467612,9.841653519238868,8.75626958303049,11.362331877083502,9.086526687959424,8.88798556918757,10.999874218175014
9.617426387703524,7.491440951855399,9.529453279971714,5.589493328254074,8.15386121854755,9.814723124577437,8.807794333236455,11.316462386581208,8.963615396597897,8.913411232882977,11.037601932338564
9.700691142620833,7.334452639044814,9.510581580279336,5.512263188133792,8.081337603358481,9.764308495550269,8.693504127231783,11.278414071635938,8.991603762065346,8.827283968862455,10.967296542041991
9.746976681982018,7.618289318276508,9.520392036015119,5.472457378930039,8.042520901715495,9.686395100710829,8.700891578277858,11.236544479204916,8.980298078970817,8.85064022242814,10.986588493184296
9.674556452499804,7.319106735167273,9.487421451687753,5.483135803540579,8.019210667505453,9.711553274424492,8.656266973585206,11.208631358765055,8.889354269986462,8.803919807564982,10.873162114285002
9.667554226504539,7.237194908978575,9.479651391769657,5.4964393531730655,8.082299273647127,9.703300690896402,8.655512547677262,11.16676096528889,8.899776268608006,8.842712006313953,10.917740500093002
9.752961776217122,7.617196763391599,9.417188312911179,5.527840524826286,7.978615650907458,9.65914873770792,8.559835394591154,11.133666457648706,8.920374211647255,8.6848089984377,10.804674798832965
9.664929274942077,8.279992973957423,7.9182525527854075,3.12285423206965,8.32113234779668,4.757414249376828,12.093619754387479,12.753093737931396,9.537440253541176,10.201959537452195,12.069507640266545
9.690138241923355,8.18387818708773,7.82992646305664,3.0930604159016295,8.312006884353274,4.728370609951066,11.96355866520365,12.707864083653787,9.487379340497933,10.195230535069816,11.993449463309032
9.672488925107427,8.314083721002913,7.7791276752753795,3.1517859985843653,8.321321579464804,4.543294782270004,11.984717078132132,12.654297247785406,9.48407225797223,10.186247531209496,12.012515741276149
9.56783065033945,8.362811002792885,7.770490509079705,3.1080685022531034,8.244693066428013,4.61401981227829,12.079793620965132,12.622341588865872,9.414600979803382,10.134266766637934,12.068337700172798
9.590763417326711,8.486837071401338,7.810789644204223,3.184514581343513,8.270362980558685,4.599599096245898,11.977341987612942,12.601312879557293,9.473982451997221,10.172660211045761,12.051355425632726
9.577113160639852,8.339699958682777,7.716247957927941,3.19821954531459,8.210556310248515,4.599599096245898,11.978121026209841,12.576375829475115,9.426254297209162,10.138360269855546,12.005114705133813
9.680102999683381,8.283929155323502,7.7290366741941305,3.0306702712672013,8.237370523439656,4.623882905825371,11.887829031216807,12.54409903097907,9.400258924218619,10.14698956801313,11.990113846955186
9.544693698864329,8.48155449868088,7.6989714575781045,3.0466363922224944,8.214203439994614,4.620606037881606,11.87119025551283,12.514201949571728,9.435886368705967,10.094982644331036,11.974523939095542
9.587309216928164,8.121430857779114,7.6744471763115545,3.0519027551050573,8.148069655710511,4.538555484412044,11.838809302104343,12.496811499610967,9.478793752399424,10.11753923094868,11.916799901230458
9.599279301283815,8.294924257512688,7.70739732957664,2.886660992626006,8.173835526143002,4.437408833087883,11.879506514338654,12.47157066986979,9.460169995034747,10.09620671802739,11.952141439306036
9.030540965485464,6.696430497544819,7.728963358765574,4.745897835830699,7.301612535908971,7.285932927795281,8.234936375609522,12.997067037429327,9.188480964517087,10.289974826332845,12.124238811593091
8.999446486215888,6.545445445976713,7.690245375131956,4.6443908991413725,7.219820969949073,7.193652429407954,8.221168264601728,12.942536147197721,9.092819801622769,10.201743935877511,12.05780211592588
8.94413563091008,6.523007409197708,7.705972934142068,4.628235426345797,7.255685429425448,7.166489030335835,8.238055254988284,12.912145758441833,9.127840017010064,10.214708319998223,12.063493524749227
8.929588306130139,6.534370064337384,7.712006448832701,4.760272812570228,7.264123506888316,7.217736858928685,8.243095469784356,12.897052590430551,9.18238661395175,10.271467300308279,12.096997275392324
8.929941342993835,6.503888887245657,7.69667717688668,4.672828834461906,7.206311347161476,7.192065001448466,8.233461821983328,12.876143208453772,9.09213224585665,10.19866355869309,12.060913980892861
8.992977303930491,6.545445445976713,7.615637804133272,4.676973876752028,7.226709895545701,7.174860426146403,8.224121806674345,12.84932742134042,9.075627329478356,10.18087641456701,12.026991898315302
8.938129117544669,6.367538983173262,7.6842831790807375,4.550361984704363,7.2181931285933025,7.148747479231358,8.15426380919154,12.827885346140997,9.05151396260948,10.141083058264202,11.997364744285507
8.94240863787184,6.439989144676593,7.580711088894996,4.508414542003587,7.13402283351293,7.05584955864384,8.194677331512692,12.80137127178495,8.998631198287637,10.094586677270529,11.966976201347657
8.818571046997006,6.492172499420147,7.55847037264348,4.568967091241181,7.158531289008612,7.1067518484224586,8.303411238280178,12.770904772936847,8.978296216290625,10.113835364033928,11.963441196539721
8.8676998165317,6.563636094842394,7.537915326379631,4.424181021165597,7.108716843047006,7.015073877344169,8.188429832497617,12.743184862852884,8.955548476021471,10.043893248961524,11.944851521858201
8.037837523057132,7.725580192056442,8.951510630914948,5.311233591814583,7.101950505595464,5.853797643605494,7.57088988941346,14.01838614813402,10.411091325008732,10.389966179082373,12.414281539077365
8.111834744619554,7.77121234755156,8.981261184576276,5.375998333660444,7.179138580158469,5.745137670999096,7.596548550018889,13.989494172754481,10.352948280444206,10.428870370927369,12.441423911867831
8.033989939585929,7.673021551970803,9.012335133913046,5.2896129427302645,7.110514702441484,6.020753628512112,7.601113547261502,13.955244731840848,10.389347442947667,10.404209303560998,12.388939747945384
8.032511701882944,7.652392680038414,9.007079782966503,5.177028216650172,7.078435259823838,6.051304555313292,7.579213387928166,13.931533883278194,10.297914182530242,10.38706221883399,12.3998188308909
8.050852180985837,7.566719259586558,8.773640842580658,4.99375285090913,7.108153210884054,5.767973716749385,7.502848519066694,13.901763236100535,10.064590201757298,10.370946627773462,12.377494600222208
8.045310463369685,7.6536055913915915,8.813453366517859,4.92354311384213,7.074304961071095,5.658707630131329,7.494294254732654,13.846459827795412,10.069825568729605,10.35576591614381,12.338843881233618
8.049079330632752,7.480434572270029,8.775564880767885,4.940371758514651,7.021183164725757,5.330031320509039,7.45122878130396,13.774288205530233,9.982668350410568,10.264807635691332,12.288425861430326
7.983674991070448,7.284904736215797,8.64845339534318,4.92354311384213,6.975725402307109,5.36753242001741,7.331700427735915,13.727029932455636,9.882490879090495,10.243232602299798,12.228160078952104
7.8508480497247755,7.414177887688211,8.513383722594988,4.6773874933896495,7.043062871978412,5.018015394040937,7.307336443931327,13.673756576124822,9.76389976147075,10.139376644462242,12.145278040517415
7.890798746311052,7.284904736215797,8.410817344928915,4.502768289297632,7.062191632286556,5.006924684959943,7.286100388614474,13.617884292652604,9.638972087294533,10.121073913632278,12.132871945465249
9.656060558097803,7.489095280956461,8.211657878059377,2.538974134216136,7.343066811395075,9.268368160467118,8.02808557185866,12.987848644316152,9.433279457588705,9.830148942347575,11.432903303393953
9.619718554678581,8.045869580978513,8.17303639323887,2.6469624303822115,7.247476204323645,9.170732917728204,8.048781184467467,12.953462821374396,9.449645944949994,9.796165237140295,11.372545659521988
9.682191598986517,7.689925237724053,8.190810328654534,2.9147629700564393,7.353508908138885,9.31857674827976,8.088554983023917,12.934343482540623,9.481757551792528,9.83105723210669,11.413915482699773
9.712100360366529,7.7211959236566186,8.203693280344657,2.758602621110102,7.353935707121035,9.219189987363297,8.17850784006221,12.923310902769646,9.428207806633552,9.741657927766195,11.36540628511102
9.665761102621039,8.000792797454189,8.171781560405352,2.7863819073858065,7.301297740634145,9.178494178328442,8.040761838142295,12.906517301305607,9.438750032962892,9.74416286248987,11.343710046306553
9.453010259872789,7.293916744880354,8.094066363313512,2.670309565427008,7.265973477490721,9.203282188499971,7.88836784226834,12.881722073866458,9.390845464998282,9.749082673736382,11.310466912944566
9.49162116689792,7.300915363188808,8.053526773959248,2.606796795265836,7.25637564875493,9.140025198061156,7.858632069803408,12.866132310824463,9.360779409889082,9.702074915236523,11.312973807194066
9.587705457978814,7.858292836251476,8.117305832701721,2.494123213149801,7.225157956118721,9.126970840138116,7.9795976152160915,12.84874169644444,9.3579746279572,9.73455265998944,11.303479751818946
9.52445581760046,7.54002537648499,8.136804362776699,2.6149600219386073,7.259037933625495,9.173388194628702,7.9291985048791185,12.827899844230993,9.407596152703146,9.752648512671131,11.337811603500041
9.591325308193518,8.028560218915333,8.070794970114367,2.6310892399660784,7.177527933435527,9.04267094612036,7.746098882255687,12.804671328342353,9.339349052539717,9.68339143619651,11.264870433365859
11.874078622266772,6.7469864524544985,7.027610237833586,3.1354942159291497,7.5595594960077,4.904451402520457,7.996077772152142,12.450394130678701,9.250880726519622,9.512219520821398,10.873916029509484
11.773077797765714,6.648178240588715,6.88391785161662,2.8716798135632398,7.4167792828051065,4.870947388980271,7.947662862447183,12.382281809655169,9.135911322282583,9.335050471144879,10.760866569730434
11.823883618742105,6.712875188890235,6.84670695866817,2.9789253247291207,7.374001859350161,4.911837566527568,7.934656720096246,12.334192442668321,9.122244770700497,9.318943624275855,10.759625981683623
11.72764958324021,6.560936361591504,6.861013012937166,2.8266560092995285,7.385782191685637,4.872649576632557,7.943214752644979,12.304667072739548,9.103578875402729,9.324321621995084,10.725944902443034
11.716945001336406,6.70976494148234,6.805230250639023,2.7795090961188356,7.316843442557964,4.856361184429626,7.9778385305518675,12.275318559052621,9.134857438380676,9.274533000174689,10.667037536062336
11.678423801623254,6.58285581871354,6.820137656444624,2.961830549464502,7.35443341554682,4.888676903765793,7.869342245977181,12.247424366376661,9.088870548712727,9.313556590170574,10.713878116944388
11.720367636732208,6.527535474604893,6.8398332589290725,2.8200553919290274,7.342563418482174,4.918357565095188,7.995703501415235,12.22080552614465,9.110097602729926,9.289005721065198,10.669979418091684
11.745812417055786,6.481134627098879,6.788345916573031,2.7863819073858065,7.363490934316896,4.841558990368111,8.043363586852173,12.189876922172104,9.025530388013914,9.326282702128713,10.679382752419608
11.758186087345038,6.575137819153108,6.766319713380607,2.700615297241555,7.306904188505242,4.884483991962632,8.029382168287652,12.158972593987926,9.074401003646665,9.258101435374442,10.585881288250679
11.729904186067726,6.575447696138971,6.777266874626148,2.6469624303822115,7.243830608274628,4.854631019645648,7.966417106428935,12.13901272609785,9.080631505324272,9.235811001832616,10.61292493531768
8.88390977055462,6.401216752468396,8.104733679395114,3.6416714876093854,6.074068065413013,3.999219631924693,7.551408713416905,11.988858149266981,9.148713164050715,10.476907308371095,11.368291395269733
8.754485071035155,6.400847902184082,8.024058306348016,3.305665077189973,5.998384995469797,3.8735131275715817,7.335619496815774,11.81941882379623,9.104288259442582,10.39249828562531,11.226873174768228
8.67365548255304,6.155376940284131,7.979373141251269,3.1891038038971584,5.901418278581253,3.7054088380323567,7.280452289364653,11.72108640201226,9.054089339284648,10.328793050626146,11.185669076129576
8.62866499485613,6.086825225637225,7.942002858961972,3.1612467120315646,5.673705015602129,3.4726562766787805,7.189067106942051,11.600074351013388,9.080661865159724,10.25935150115704,11.103781933099087
8.49484532775233,6.288106354736983,7.95487542191413,3.12285423206965,5.667195319974904,3.7867116781620536,7.103577876842314,11.490935674218889,9.208227029440122,10.269208017517002,11.11457664263023
8.530032633873262,6.228554829060814,7.999600277776232,3.1179499062782403,5.622411741102083,3.9889840465642745,7.073250886773939,11.456787941597172,9.27675213780735,10.26688142920798,11.133819872032221
8.529110781984073,6.149702107109058,7.985934296339926,3.057141058422434,5.478785373245544,3.8164904809070666,6.953981310953521,11.422114393402879,9.252942114924226,10.199486609538141,11.06758583007122
8.480679033994301,6.171282973683818,7.9780785877096685,3.1080685022531034,5.598421958998375,3.8430302053697636,6.943958627157164,11.391655356573988,9.255504923930557,10.234302547096942,11.091029438925988
8.483785770051856,6.121566459532066,7.941963359270091,3.1470218643666827,5.584331373551875,3.781661212881358,6.887756632475448,11.365905670223713,9.19670336523707,10.174563334004368,11.026890010011456
8.496956469234505,6.165697920051343,8.105706656852137,3.1130214094842046,5.643481858677538,3.660708605718668,6.7943128144025176,11.33550945623639,9.396165044854438,10.181895082447124,11.02161375574847
8.830869467557648,6.016726095384724,10.110180983904149,4.007333185232471,7.723464183502629,5.4200432412109665,9.20634350613891,12.4861534010215,10.43104770296379,11.087564915241769,12.331251572653727
8.759600663381628,6.250854315221062,10.045324635100389,3.900849614942376,7.680483523751593,5.447216179433367,9.265343996368387,12.454592803087023,10.396551704396202,11.111597951897776,12.293985430954121
8.753636354317376,6.0717892765481025,10.034832528818486,3.878121384786945,7.6983316063855725,5.467591212639947,9.245042343863455,12.42980979838812,10.384536210264583,11.115479285788442,12.292754903541093
8.744578401363881,6.1841717978916115,9.974282502903124,3.907568699721622,7.611842399580417,5.389578952755367,9.256407254234379,12.406597875871878,10.312585313896022,11.051938309361784,12.283942327245908
8.799395275622487,6.28498372546189,9.978069222156059,3.8735131275715817,7.70676284874231,5.414123159859583,9.294129897705867,12.373957154526359,10.31397189518544,11.070894396783444,12.254522646040984
8.752495415183562,6.415660531922197,9.944474866830316,3.766354714868344,7.618251097876695,5.400673393245745,9.243259219055831,12.341192428781625,10.26654994209061,11.022602477685176,12.223742935667383
8.54953344997455,6.183942684111306,9.85203050210971,3.567966400056768,7.465210002069543,5.271288711283405,9.111857386242184,12.276989738568153,10.17598661065969,10.933707384610756,12.117803629553144
8.586368860594673,6.210399253648137,9.798700946049813,3.5866005742242866,7.375395003906352,5.150075097633748,9.099073559547596,12.22830152102589,10.108813757866454,10.897010276428498,12.076021665408835
8.535820836534276,6.089321979907002,9.767171333307573,3.713572066704308,7.345149626814634,5.202784952051412,9.181254790737915,12.19711150305782,10.116556525278742,10.921730398019578,12.082818545859585
8.489344548697938,6.053943660056975,9.751171300034413,3.6317210990975153,7.399058233540025,5.181159141906591,9.038378303111301,12.164469095675098,10.090559843782984,10.853240354321333,11.998989843811202
9.279307613401354,7.09831135553294,7.301747416876621,4.355283323963706,6.214719212248822,5.432751139405023,7.35656364216032,12.915824808226693,9.156599640846645,11.346643778939512,13.028998575241278
9.131105948303103,6.978555408394235,7.308021710691861,4.257974033173713,6.121639616701519,5.61919241844748,7.285125694650062,12.856084683773867,9.328291294872049,11.33231031815029,13.012100792145636
9.086238665499115,6.941759419062115,7.143266482616861,4.162349256734081,6.1113441390091525,5.266138485395506,7.066466970136958,12.827861659487933,8.961123741634864,11.130347926708385,12.792356391504107
9.130985668073764,7.131902774176002,7.242161890811495,4.227644511398988,6.055612366931734,5.473203935526115,7.213359122793714,12.807770129469816,9.089628050272589,11.167414793401566,12.814556961911407
9.137842556055652,7.180179875868548,7.274864488144058,4.248495242049359,6.0475035179386785,5.387548515519882,7.193017759079798,12.794695072197223,9.169622538697624,11.17477611169476,12.843834016722866
9.115078079425246,7.123610107978545,7.259819610363186,4.287410688833384,6.050126467615114,5.483412864075132,7.234257342481897,12.782933170298739,9.212637731024866,11.206016626094563,12.85673128161536
9.175289885009812,7.176195065417237,7.253470382684528,4.151914483973646,6.018998655408314,5.4011747670253385,7.241684599416551,12.770168225454002,8.98284012151554,11.195100133604704,12.834378503566167
9.117555999632845,7.048029168550835,7.309435453256681,4.123543752885586,6.010586109198564,5.532071110166874,7.117655977516842,12.760895058807668,9.268525419036749,11.13603793349024,12.802408525720368
9.124735278796702,7.106633457026258,7.110333248984757,4.155404853826552,6.024926184535578,5.152649133828853,7.10951629255868,12.756073789120551,8.861979971932504,11.104674647022836,12.760588530410521
9.21879453462274,7.23915913589642,7.101126669215424,4.110873864173311,6.013850990337689,5.063298013726226,7.2281465282631725,12.744878804078104,8.7440454123059,11.057974025459448,12.770791012197554
8.96412435283426,8.088039716294272,7.690042127196888,3.1964027871979437,6.343353054312754,5.384495062789089,7.646566045818751,12.699693309139347,9.093706675451465,10.167616498268103,12.101890139468729
8.842296282099154,7.8342031401271734,7.569423257813261,3.106080181469114,6.388430674311599,5.168588278848585,7.5391452509663335,12.569472934666344,9.04036890470591,10.185555143366608,12.102884152045663
8.609363092976745,6.415769580701515,7.518860534347635,3.0231314639582982,6.383938230922224,5.076561726639049,7.428663240729556,12.519079894693158,8.973421824542271,10.13042523024117,11.999217588486808
8.703004947040764,6.985610984601433,7.528702069104592,3.0654654043147587,6.380179026829603,5.103923248762728,7.419047457894347,12.494831887638858,8.999235179225654,10.088893698755527,11.973324436242915
8.810091634419576,7.113024479639223,7.4525442277158,2.98455908531541,6.281913619133176,5.117328261645651,7.3229506739335815,12.433572737764177,8.944216827461615,10.064790214855758,11.95897467261588
8.970768161229467,7.226023131008041,7.415589767760763,3.1593618860150205,6.380367320497138,5.225149129627891,7.236659262776779,12.381040190703295,9.012851030525555,10.0264782394743,11.915464444269467
8.89364592528388,6.671146476714357,7.31538101125992,3.1546333665663693,6.30856383410834,5.030437921392435,7.291883247432023,12.35450347433987,8.961722305527964,10.271674918113835,12.06223723731684
9.00960769914903,7.320872514739975,7.3230386960276395,3.1010926892118125,6.372997399731031,5.034785776020513,7.316474347215086,12.332430466718925,8.880369179301361,10.105663024526702,11.954397080625858
9.033176159589372,7.324248242815537,7.299061359484758,3.205452939671186,6.295737403227491,5.166054996944511,7.2746335455313,12.299880485250196,8.89547740870253,10.038083031694715,11.911980069637062
8.950385868800318,7.54213687489474,7.30811106336411,3.2144215191616765,6.303290307128114,5.075868011723677,7.275941490324002,12.273391984108448,8.860278433834994,10.024944325526025,11.871415815600606
8.7776719193765,8.82827435729625,7.565827807984753,4.089518100237058,8.782254670512403,8.150756470275551,9.998348136287293,13.334432086192809,9.22802747292758,10.368816383167916,12.3772429988695
8.768449840250165,8.810335331034656,7.5355102407750305,4.0281256967631025,8.699533266372063,8.133456960076312,9.707756489034939,13.291135535762523,9.135041948285357,10.23436001249003,12.2474727129341
8.68240249860023,8.759380913059081,7.646226303912932,3.966931935520037,8.753915246569068,8.061802274538348,10.298209978777285,13.258795860563334,9.261624777224226,10.496347130926885,12.305911042331024
8.670787526226588,8.359928408800213,7.617573826811374,3.947819014818416,8.73998112430571,8.01172356863494,10.181620005421749,13.22320483748841,9.129841079083478,10.407808063862596,12.281441988503275
8.665781765084654,8.327390386138951,7.554544335563933,3.9753108072422854,8.730762162778067,8.070628272075329,10.123582015702,13.2040577869378,9.152275665341664,10.370374524422022,12.186699072854895
8.72847646446438,8.728884751076858,7.547419633035474,3.775057150354989,8.804708583977698,7.960284846546892,10.28158146384816,13.189060961923719,9.187947058869607,10.55733299438031,12.305783833765062
8.649074891295644,8.371512099488493,7.5146544256773975,3.9173422332187413,8.690642169706594,8.00773699955021,10.127577322843916,13.167687796774217,9.130743861158688,10.43057293386393,12.172164312210807
8.804705248916296,8.329322935423715,7.52321715559095,3.92395157629342,8.74577968063231,8.051765741073593,10.007897616607911,13.146929738122829,9.177736827868902,10.340655154151865,12.150221729471752
8.733966271901313,8.08011700958731,7.445780936932776,3.7977338590260183,8.74184671255201,7.985635618268033,10.16544147628692,13.126318146984016,9.108332255189074,10.442258379723123,12.169638118441204
8.706560240339227,8.273010414633394,7.505223322181289,3.749242629991654,8.76817670006039,7.937771442449078,10.214947184776843,13.092229592345442,9.07866123087419,10.430851658539058,12.238506598571282
8.866368528070101,6.4233551881965,5.953589586024044,3.2670307396904366,9.012038473364827,3.264910959330852,6.2675799831882975,12.13251532517069,8.53070154144103,9.897860081481348,12.04128008753218
8.826757427429065,5.996894229666231,6.061249694661349,3.473001010378517,8.931625382791617,3.2303651688526864,6.228247990702578,12.091759956250018,8.557737814352551,9.881315219533917,12.022850883673197
8.681490316386922,6.423715830870776,5.952434929694746,3.3599895488269813,8.859836821468733,3.195796739841818,6.113878819789363,12.055013422987471,8.410251179185034,9.737084619464106,11.868990456235645
8.888257006447061,6.6805200305809205,5.944314709367256,3.140794059955724,8.886501333208772,3.264910959330852,6.343841382397214,12.027087649561194,8.501831356310326,9.829726785176767,11.936398780909002
8.802813138648538,6.398151125584054,6.035268754407976,3.3638415951183864,8.825690450411837,3.269146416473493,6.1637357680484355,11.99419607714729,8.473775238643494,9.828883132326306,11.947864725912034
8.863276238742495,6.578263071181943,5.978942016483529,3.0814002068604704,8.800231163709245,3.302399727682998,6.244123754101869,11.956770619573021,8.50095088441137,9.81578442143069,11.912868167427028
8.749704285181577,6.599507617052539,5.874993144634587,3.0344187093911774,8.751492067682568,3.4289565072042008,6.251646952281436,11.927025187270731,8.434560093577193,9.792102133543493,11.877075632983207
8.676860057645387,6.151218548963788,5.8309697148015,3.1213855904707555,8.694930181793781,3.648057459593681,6.110185409534002,11.896846982280337,8.371139274821498,9.702668636145352,11.770987582460176
8.781852256198833,6.444237244724211,5.852904646990469,2.9032512379444526,8.724369949208368,3.302399727682998,6.254213353014551,11.876647784410071,8.42078018051719,9.723755307379566,11.875170876087806
8.837010033803608,6.693268598599987,5.748047431374111,3.159833425677123,8.744576631286318,3.6821903820705186,6.493047584460613,11.850985488033988,8.44414448757815,9.737281441378148,11.823549268528218
9.9232487848579,7.802499997625609,8.023024366391429,2.7154302348704182,11.574594247343596,5.753982565047283,10.22506125982692,12.472771859474086,9.11318070502441,10.490919524820034,12.400078818698429
9.845195555315602,7.578963552023328,7.934652741431979,2.547707724940059,11.498518852996062,5.891337231010324,10.132844648537134,12.404599590263482,8.998617467348089,10.402679432671425,12.281380984252024
9.728342847024397,7.283631364458793,7.868445598152976,2.5649493574615367,11.429499169054468,5.572154032177765,9.945351137532635,12.349889062707026,8.979332645185215,10.31453372416208,12.211160679504115
9.65554172955671,7.49513445531651,7.899751119194454,2.407945508651867,11.410628154128624,5.759252217196708,9.961071739971633,12.322058907466117,8.946172258751329,10.275557111272677,12.167738756803843
9.623210587143003,7.311322293516549,7.906854120816236,2.606796795265836,11.389026263658677,5.917997404194719,9.981036897902197,12.306886239594771,8.948412679297359,10.294140161920483,12.165458846939808
9.635008072493633,7.620345546721263,7.89238978158959,2.4375040225438265,11.352611944944679,6.138446730262383,10.026129873828483,12.288951225759496,8.951857453928895,10.248109426892343,12.1325958074848
9.710168410177168,7.586769726274636,7.882671247940393,2.466214705455075,11.33266311986384,6.165651251361939,10.0620257358919,12.26940564865093,8.930582376931689,10.207437007354294,12.117552737352034
9.591022381766932,7.620345546721263,7.80236829379758,2.4567360585355487,11.317121426576346,5.383985253959566,9.898359984499333,12.235526695780566,8.923709598715702,10.22953700949638,12.125396793000228
9.579198355783605,7.186766533305106,7.817379394267331,2.324563782321493,11.328265175511806,5.517452896464707,9.90184398061146,12.202338348363526,8.914626127827137,10.19653478996635,12.093487825702631
9.60829139391566,7.531695281164478,7.782367166011291,2.2335918643641732,11.272460538810378,5.665657465000538,9.9949793406437,12.163165028548118,8.883285870542856,10.176200223983354,12.065713424819817
10.614381326634044,7.489238166765062,8.810965017123442,5.939118066735773,7.312568321208212,3.5957889090966972,9.073761801990218,13.501322112017826,10.137685335675613,10.387573503177286,11.555253098758598
10.553810735905145,7.4389193335348,8.732170153935094,5.782593655080491,7.21173711556793,3.6578474021727962,9.008433604113428,13.431815160777035,10.045560831279445,10.241024301648531,11.447519723425719
10.507228976775826,7.3939602855160285,8.65974351394797,5.724456193030595,7.160776890307569,3.7162784012750234,8.97963216944828,13.383782990706294,10.002975860430846,10.197948264509902,11.38064991841225
10.506788432505124,7.409755404353664,8.709254202044885,5.683730912378279,7.140998765799766,3.9848603707027257,8.981100498293063,13.34110264854777,10.032740360808836,10.213979979314283,11.398861255935955
10.434275267942008,7.276187503425088,8.737924947088066,5.73993579586155,7.169709205426342,3.7992275859096645,8.968798041409851,13.309808158411139,10.024613143624682,10.206835439445994,11.376724607693278
10.398870550269704,7.57091278613889,8.63397819854112,5.632962542252347,7.109534452582604,3.8548645445293728,8.911775593104192,13.281238763914601,9.989945535639936,10.087383794695386,11.282206906722251
10.392216840568826,7.664721972255037,8.641816973058726,5.614910786542165,7.084338176121434,3.58351893845611,8.955081030461281,13.259041419687518,9.974872375890614,10.10334610011363,11.32813766954833
10.435875039646481,7.601024672073827,8.69320786490039,5.640882113224256,7.055811235083987,3.6944195792409316,8.888241673151555,13.250455638060327,9.987670396160922,10.116784562986803,11.345755999887361
10.363562892457654,7.489238166765062,8.660937530902375,5.6128847556127885,7.08228731776776,3.8164904809070666,8.88969730125173,13.239921479124972,9.965830958044291,10.125636832125984,11.326331594868753
10.377212720445893,7.631496323010267,8.65918453031743,5.641670624547152,7.063542715734533,3.8164904809070666,8.852051427667886,13.21611889480162,9.978765078744798,10.143629803813782,11.302070817073957
9.406100850575848,7.893986580868436,8.186498454455704,5.012855028661619,6.229168243183219,5.342865737495609,9.627666708761238,13.023582280931876,9.895068881258329,9.558031190043344,11.264697126981693
9.326088746223302,7.736937657528245,8.183555600986649,5.019484887346806,6.032286549628237,5.385004611845998,9.564089484441382,12.985090008172804,9.775237427719373,9.490918101237257,11.177452107143445
9.312798680201185,7.830425617820331,8.134731465073036,4.938462801539058,6.149180285982299,5.243509112447407,9.533894608645703,12.93507122095046,9.776758368913631,9.436754125545518,11.132641630477211
9.313370173228122,7.82311224303078,8.092106840580717,4.944811965725013,6.122005366171777,5.095112585222954,9.568580312967942,12.878820245644357,9.803777708387116,9.466690863752886,11.149067003526294
9.190548011067303,7.613708994686273,8.114361279402258,4.951121142978942,5.961291664607744,5.093750200806762,9.473352289747911,12.84787082838801,9.744296413326454,9.405610145134045,11.05929829546478
9.226970215430304,7.777746077287279,8.06645522650434,4.871798883284593,6.056784013228625,5.022417477435805,9.487187288562577,12.810539329631645,9.762339928197008,9.425321814925919,11.088906968975305
9.205330063315975,7.702505926824078,8.01205874877937,4.860673351469785,5.970411146420788,5.152649133828853,9.402940405447541,12.777299964299205,9.646808761540633,9.2951869073863,10.968925228347945
9.18683516536522,7.616174141512494,8.005444918807346,4.826534395211663,5.97211181009599,5.164150857994369,9.303879286743644,12.73668700761354,9.639767925679863,9.258055884628751,10.91992040791311
9.062616036063964,7.587986065920521,7.986659826252258,4.750712520097193,5.925740149763756,5.00841062134586,9.323617468452506,12.701078629360788,9.597437822726162,9.25057019119525,10.907741541551555
9.051308167370413,7.55874855759346,7.9348755437389125,4.73717262285524,5.817772310402696,5.006924684959943,9.338282004585624,12.673795724922789,9.559556456858676,9.209223081039058,10.876113668253943
9.092611085250299,7.2636332364114775,6.612190365080625,3.041342625570362,6.7728260870340184,4.150164562267249,7.779875825729718,12.021699786233095,8.681908817707955,10.352795155417306,11.868882428993055
8.968372131553329,7.328430058055686,6.495936690192639,2.861565822179483,6.663132695990803,3.9639828076499946,7.797464726046857,11.960455670210335,8.566715361889385,10.221091629710049,11.750441239314462
8.977431237191956,7.29753505289809,6.437929409936121,2.880445993407908,6.620073206530356,4.288936226851772,7.782890627434799,11.916351606932327,8.59375497508193,10.06485404040307,11.652873380399154
9.050762211821494,7.223044415321221,6.490723534502507,2.917170011147041,6.611592910246718,4.148411730860796,7.826123850651258,11.879032937943725,8.574992387355923,10.131723891166127,11.668144621401574
9.046334062759765,7.241676643465081,6.401364257814985,2.6501074797735367,6.610247316867396,4.04305126783455,7.951942669643495,11.83930022660382,8.517517582795664,10.114562121395018,11.684984822812714
8.952753454990216,7.217435280526114,6.425769040163063,2.7822642628663257,6.53152528966772,4.198037087557191,7.6818063332287805,11.802383625942602,8.459342774432628,10.02390316924151,11.591665272976957
9.037775067401377,7.364962102255558,6.3674245628655335,2.593595121651444,6.481406961659387,4.284352613195953,7.687986983023109,11.76163470020295,8.456088175979263,10.003568153946173,11.566381446882309
8.909419947275197,7.115843846603676,6.289509408657165,2.7329236103560097,6.480214961518247,4.005310960094618,7.6912407042817685,11.724569550140563,8.425969318675449,9.967076664846484,11.53009772961924
8.935088866897987,7.124290378499726,6.355528795268957,2.5511796034275394,6.494761909490965,4.056604272700791,7.619277052977212,11.695146275939493,8.361100627351638,9.966815966633174,11.509510195169982
8.970690504134096,7.462910338359063,6.346999957024371,2.6182064530977875,6.483786692518241,4.007333185232471,7.885780604661129,11.670395581765574,8.461459645264132,10.045998370245732,11.59761326489429
10.360692966324073,7.485747220701365,6.842446092958654,6.794710996428837,8.273710869956952,4.818487861104331,8.926189833643905,12.61064972982855,8.010160365888943,8.734930153431147,11.933975312480658
10.261587702685834,7.546041402990161,6.700867766876439,6.695111956804268,8.146264767544361,4.685212862892397,8.844877723301114,12.4976854823828,7.9146826612607954,8.601507788026904,11.782711012392138
10.175190977123904,7.518432272088777,6.661144053284326,6.568233952607701,8.048440334828154,4.669708738375662,8.825083038492698,12.384894753054416,7.861196205040733,8.529181049061565,11.689478750563017
10.0818457100126,7.444320120626794,6.6334646199630045,6.582179019019431,7.980905400528729,4.51694600111694,8.73793029435478,12.331379111565877,7.828330152801044,8.471723839640717,11.751280028900206
10.049916112249539,7.389982507208388,6.533304229250452,6.554249906640127,7.985454101000425,4.383414546079104,8.917292820383933,12.289645729454719,7.879400824297556,8.488238006960817,11.592608313071306
10.09304490479062,7.444385090480608,6.5798682993503155,6.529094376871196,7.975075635539733,4.534986105293084,8.916860785033796,12.26900852895783,7.789758176307125,8.528697870080364,11.6018528940175
10.056464210326276,7.359474710159323,6.54550928839778,6.528607472697839,7.968096331068059,4.468459114968482,8.86104763664589,12.250493170908785,7.78172289020977,8.509915662323957,11.62717257759015
10.069743712057067,7.504397676983935,6.565421450749362,6.524703768970325,7.957146199025535,4.473541781532468,8.840786017644657,12.238305001174627,7.798915081819301,8.504798920793663,11.652485647862877
10.013634594278866,7.463879263375414,6.484465587658061,6.474747674720407,7.907005484628829,4.237321909348505,8.924608987694508,12.222398866730737,7.79182580217236,8.470723333951973,11.618537149062622
10.01655628352222,7.254107122597795,6.485483059337253,6.433832877368098,7.912390572426964,4.349560776035494,8.906992525558891,12.209278833561843,7.7186657438922985,8.467879223185408,11.570134272612611
10.275374811398912,7.411516003011826,7.837164036095491,4.107224261648833,10.631294043949737,4.295015212229705,6.859614903654202,13.363065383962894,8.894380750354143,10.229224995811771,12.297915609345667
10.273492423469952,7.149428318082482,7.867535377255066,4.193016056172083,10.694263183179562,4.321922666356388,6.767726630544078,13.32996391503631,8.995509397761968,10.254126035952067,12.323354222143651
10.282823507540172,7.165527817593237,7.881018482743441,4.227644511398988,10.662206834514846,4.130712170678689,6.782821744332793,13.30609995110615,8.885440911707585,10.21351110167677,12.29415311750072
10.270575591523288,7.159499247219768,7.914540574169624,4.2812850187894,10.720888393920088,4.015381438254975,6.7693868122686425,13.283468580287385,8.969824570654856,10.256412195177896,12.293179980898984
10.258471901674449,7.0244908506840895,7.846855008606332,4.253245797414591,10.654704722144508,4.146655821640726,6.720890087495931,13.26222048432946,8.956594418647066,10.238658546122007,12.26127858661288
10.231953618706143,7.169469763157362,7.839923734018765,4.21459373963476,10.629911265521244,4.007333185232471,6.726899319675315,13.234354362836104,8.887790764195326,10.201084064231635,12.244362262944474
10.204305882067398,7.09325695715897,7.79766096691158,4.256400484548596,10.65011520341957,3.9618708957223063,6.647688373563329,13.207604753673147,8.900791321000693,10.155664633403054,12.233596368693568
10.172489992024989,7.175438702376728,7.809275234059643,4.1588830833596715,10.59773718067736,3.9971807321357966,6.710658435252848,13.17417426559909,8.856945756159021,10.073320805730331,12.188438518675467
10.11801856659614,7.116520402356321,7.761039942646032,4.155404853826552,10.579093164459106,3.923072929526815,6.6816908034191185,13.140820546605017,8.836713020232438,10.070142112861612,12.137019534121691
10.118704213304367,7.09749370434654,7.709861491267584,4.071871763188223,10.596454439094087,3.9869243342198204,6.6777829143058,13.113053395925931,8.859142464509508,10.066939130457122,12.098695777399318
9.657021352864374,7.465655310134056,7.465464490555375,2.447166706420464,8.936654705910447,4.988919742326151,8.12572302861994,12.68911002768665,9.074278797138566,10.017911371893446,11.349944598678432
9.68343228319129,7.343138710456898,7.465464490555375,2.257123184033459,8.924174187319048,5.07794771441572,8.092980099000417,12.659000017140977,9.117481629143404,9.977810858646686,11.321993209002965
9.655086020294108,7.5586326570368,7.404481976340229,2.3978952727983707,8.857979917228937,5.084161058704813,8.037500105030828,12.6324475745994,9.005268648292109,9.889461309592345,11.257687205680547
9.65705689343114,7.35656364216032,7.364828443934952,2.5123053537058078,8.841952656268733,4.936869119933201,8.003912703602301,12.609514560228781,8.952950382364564,9.892184468179376,11.27736865926766
9.645208930453588,7.664503039387711,7.381155906889034,2.3978952727983707,8.802228430091956,5.069602763201131,8.021321859432058,12.59291690109322,8.948268287619925,9.853625397264496,11.278601169181874
9.64717063241707,7.5370155767088125,7.348516029014893,2.573459962383679,8.824635406438205,5.006180921425447,8.029570362069355,12.576063663482227,8.939566400541858,9.902275151374772,11.255062067527357
9.597297480835513,7.331496798022991,7.277631592130215,2.5123053537058078,8.829867019027862,4.9077408463030805,7.964611494653379,12.566080767140091,8.944477772664754,9.856581695045268,11.25145348002294
9.601709560433259,7.338238150065589,7.23913520749734,2.184802182337654,8.804748588845076,4.972125416239692,7.931276777304293,12.554585161768536,8.814759586107023,9.871250706193457,11.245960198819102
9.550293843490142,7.765757545101067,7.305785409349052,2.324563782321493,8.77557346261889,4.867534450455582,7.896833748455209,12.536895980930755,8.875861702279263,9.830784831631131,11.237051476020008
9.666846372321155,7.7060129454450745,7.282226479978192,2.346069779401779,8.829005116675388,5.196038542043003,7.942512269062986,12.520448943897387,8.885271755414198,9.882132821179376,11.255050563784403
9.380326905037421,8.177718674057099,7.961470925377536,3.9372575199436315,7.751666456742535,5.8819596497965865,8.054409655254767,13.038473692546999,9.258431879761119,9.557189533736238,11.214005071019992
9.32721435278961,8.298525717504262,7.929070468452933,3.822584394178231,7.740616092054687,5.976520108180965,8.098264522965009,13.000695329847682,9.252580027380219,9.589425760094962,11.224814559782832
9.416947954650293,8.355889210628114,7.885396121912343,3.870042840487375,7.733294313764274,5.93212730251577,8.095151445886557,12.956812693391495,9.241332881889868,9.552939041481741,11.221698747279728
9.33239083232083,8.083585776333251,7.830981901857404,3.8370599909067864,7.654759133912073,5.932422015314368,8.014989551294242,12.924649050778587,9.212183117078043,9.526660920386544,11.202338018871323
9.359976112788248,8.139359462271889,7.857463595305393,3.6847039990214436,7.576211234700748,5.927992124152408,8.055432827310778,12.895084370192627,9.225907462625951,9.454795651321042,11.090500006450313
9.504691821606466,8.257860991391992,7.863591455893852,3.790482971082255,7.65491704784832,5.903118953173913,8.044226957186961,12.8801112195668,9.260515820006235,9.517566051416575,11.144797245385266
9.369156342676638,8.24909585847253,7.827533255345074,3.8128164044244515,7.569526450479912,5.751019401430699,8.027505541536273,12.859540436646949,9.233373071086755,9.47206597100185,11.11832874805004
9.314339961994667,8.130206304553846,7.810244539190749,3.7929892129013987,7.532920983565076,5.774068323221243,8.004321031589848,12.832629156281767,9.191293458716205,9.445625910116037,11.062722022860832
9.35926791120826,8.217603466099066,7.785471488876516,3.706773889420226,7.546328938457017,5.8219275780914685,7.984417303632377,12.810306672168572,9.152440506387633,9.451728037912847,11.066908464767115
9.427242262188026,8.171332578383877,7.77147002469759,3.7256934272366524,7.53677866839214,5.722713251412892,7.924546736440517,12.77528512643558,9.09709701598853,9.39018014836588,11.05856173684651
9.3526334075611,8.736434026631484,7.1399070224266685,3.172482924963285,11.605590938529097,9.536537780736483,12.801400556704055,13.09963737586815,9.044495657003331,9.280129666767218,11.843150530158916
9.38741019921451,8.623631125650164,7.071271485034299,3.2268439945173775,11.63914217037941,9.560543306772807,12.865056745977478,13.065801091724676,8.992833681170543,9.264517060833612,11.785883925090358
9.306007053680698,8.725559652545853,7.040711506230762,3.1631279921613276,11.617405793416918,9.531956773666455,12.820207883304215,13.027646583743618,8.951584035402298,9.254382775727649,11.803908832122156
9.348471033231146,8.727776413416622,7.038374097928884,3.0434637823073785,11.477254763063849,9.381338804308529,12.688599955645188,12.99833420014946,8.92172453036431,9.19395576337305,11.763290763992652
9.248687840500793,8.800346691344597,6.960115785695977,3.0950747671880636,11.476318187185809,9.43852895329819,12.697887368495033,12.970729900837638,8.925779349310895,9.146339779728919,11.758607853134814
9.33811089687126,8.817674666911312,7.002641123314353,3.0001669259315897,11.46308982116737,9.413317496131066,12.65429707033753,12.940580155674049,8.952892888904353,9.160395874920827,11.751049666158382
9.140231401453784,8.628831956755363,6.913715262940603,3.100092288878234,11.41263012429413,9.350981155014253,12.600670773175588,12.897858149429107,8.847775098342908,9.11939885774107,11.744248010295898
9.16449769280191,8.68845192858747,6.915039792372572,2.8891365508975584,11.355212224569918,9.321146036068818,12.560460420350562,12.867705738239449,8.84720012867278,9.078247943545914,11.79366524538041
9.193536643823546,8.722198117606423,6.851866642163433,3.0798693570502618,11.29434675663864,9.183779626737113,12.473446562936651,12.816520442100089,8.871099862621259,9.06180684917502,11.644219871255453
9.141053409748789,8.65749411894758,6.749254407443299,2.983434970715438,11.134498509205049,8.965802928399977,12.280056006755991,12.747566908518415,8.830916560721109,8.986827307400356,11.502758511812143
10.476289041765757,6.6254071026474115,8.173641285371794,3.080890183935109,10.411338756999632,4.838923890029092,6.721398929347955,12.858708749662116,9.835797403566177,10.228662484241784,12.567244269771072
10.439512977323862,6.547279463732122,8.136293857610907,3.0960801971370153,10.394219306530966,4.766911072889208,6.676495542865048,12.826860490837051,9.826444508037817,10.224951294478009,12.535277067200594
10.463309668327351,6.15888394964983,8.128555701414331,3.209947283809994,10.37815390561998,4.887001878290615,6.692745223431735,12.808270615080941,9.785310689464907,10.208715213705393,12.502983047314148
10.391034313793492,6.305687121311784,8.119732627295695,2.950269841337697,10.35635561959726,4.814890689943133,6.435580398275022,12.784036751357352,9.769289270733298,10.106587567537911,12.438542130386274
10.414089818059523,6.342923139510658,8.142001840587955,2.96756116801584,10.321638520451476,4.710530691645918,6.409041196824783,12.761570665483873,9.787559046301523,10.121458191781239,12.430926511182632
10.381480019310215,6.287052789519142,8.08559284593478,2.908720714746163,10.301469173405618,4.803109892054781,6.5722514652880335,12.744123509480968,9.743273154975373,10.096886875346406,12.405968267991744
10.365634006112627,6.324179734851483,8.150695559591913,2.93857391853757,10.292371505609845,4.742029397775056,6.44338905765046,12.723987315844129,9.733522670017393,10.031040484726583,12.370984501347209
10.372393357205423,6.365152276920407,8.10598160287073,2.995732273553991,10.293402755433036,4.786565397189756,6.4759119701026915,12.703543388534362,9.754091293517051,10.074547321530563,12.393147931718833
10.340727631905402,6.3476032322856835,8.114494254925269,2.8200553919290274,10.253843126651088,4.599599096245898,6.457606558018848,12.68081492545923,9.697126003618731,9.999207244388039,12.330975215317352
10.30753684418234,6.356126948704321,8.051804675333738,2.9560669015546166,10.248112969327071,4.639034656976293,6.483413115104284,12.653300709763334,9.681565477416038,9.995550546844594,12.315982049295746
10.190389737704864,7.353188686116231,7.0274821042548465,3.9144644227420624,8.43525980937714,4.050818219802768,7.629273935831834,12.384544765699085,9.762352723483179,9.67749620008278,11.66458027075068
10.212971477867818,7.144363327741633,7.059016072822721,4.00955290165633,8.413953882186256,3.7216691962917627,7.552003958504423,12.316780936314581,9.713805641067244,9.59510000081996,11.598268562296532
10.079152279638707,7.230201031370209,6.951527579466532,3.9932956640940658,8.34916894011175,3.567966400056768,7.52318112705772,12.272579644615002,9.673193497193077,9.510811152186413,11.568754922032618
10.00217032149004,7.023610528763925,6.881034774858924,3.9188881860561366,8.364870470520252,3.8164904809070666,7.540798533702465,12.216596629189342,9.594362397016067,9.509568037075137,11.46011124846151
10.06106046498246,7.201792114587763,6.880692359432448,3.789478577312099,8.323446616143622,3.781661212881358,7.542920175237575,12.184227547165328,9.578772594343679,9.461259043288964,11.511837762536354
10.01266029242448,7.1547455593744544,6.8425291188083595,3.7869635104358377,8.273846932784508,3.809128557634971,7.462597790078778,12.157570306590086,9.502130660639834,9.413086185527101,11.406897566217394
9.875904502879386,6.885680074738015,6.77291509884018,3.64079731423614,8.136160500099233,3.814042523538528,7.321335516839785,12.125658368833417,9.391809714071659,9.314114630192638,11.323519674181162
9.929306359999218,7.138205408126039,6.800380391394329,3.658133865419858,8.191401492645527,3.8872748812970377,7.379424189626801,12.104292256785431,9.541409147589548,9.401249945956671,11.565341428928397
9.945412405244662,7.172552481454331,6.803344933991378,3.5960939845448796,8.179604775298392,3.7612001156935624,7.315957378110851,12.08680363135438,9.48562086171022,9.356502081649936,11.426796849722685
9.885701989427536,6.831414045725414,6.750412471398542,3.577637510047192,8.150243418894929,3.745574719050321,7.3344018737803065,12.058070837393352,9.403116349545328,9.256094185380373,11.293049624369212
9.536825602628847,6.513510323874507,6.7857885061899035,1.8064657990994857,5.988404319383971,3.012261411570762,7.066694478384687,11.538801009035831,8.581419164340703,8.911883421118647,10.669237525338216
9.651293451885481,6.800875086978696,6.8107058084883105,2.1822993030593225,6.065850261045027,3.355735123864461,7.075094796751552,11.479365119490884,8.65296651328825,8.912990979873118,10.679374313859135
9.576077794228787,6.735608455583988,6.779745119118839,1.9427308146092206,6.005805669855091,3.448222178964252,6.995399788834184,11.447528382734532,8.62165330263162,8.869126244138426,10.607239965048754
9.533823052703653,6.732435818195598,6.720032489758854,2.0044782038051383,5.965576781857108,3.209947283809994,6.950005590571744,11.392330855516859,8.501357351764456,8.817274737675088,10.561353494572815
9.587405243559616,6.896660630347045,6.6849727749825005,2.1439796721923305,6.069967616300086,3.386271881821408,6.934764990390298,11.31816270301665,8.612159877687958,8.818212591968685,10.593775649809867
9.579962581765837,6.513345504847643,6.658524392904609,1.926679272564201,6.077387371422403,3.209947283809994,6.942950805777464,11.286845523303555,8.626944055375356,8.799135489333148,10.571337437721912
9.463542276851902,6.4745249241996135,6.530326776326652,1.9626998386483867,5.934600210611288,3.509885554522282,6.871483105809317,11.234521550319197,8.472939389977078,8.725752688118236,10.460360534702177
9.469853567544982,6.528721105852475,6.4948626500079,1.8620688071260512,5.955549478287209,3.5489786771016956,6.843560400126126,11.14429183990377,8.407105471223428,8.603688879294424,10.432104632254212
9.432967345086844,6.66578279567658,6.472792701801511,1.5114567687795086,5.843222307188539,3.371119888256938,6.814713640092012,11.066915928035638,8.396831834745054,8.59486591258138,10.379846637396033
9.34735361230264,6.622100776287522,6.354872332019295,1.3881451473579351,5.721040101478384,2.93857391853757,6.724553334760875,11.015377779425812,8.263619068805237,8.515805563105234,10.291984323909192
9.951620357835411,7.430733424819043,7.686488746990471,4.804931367968221,10.309937361001056,8.96932981840937,7.173788021732004,13.180954476807798,9.095527919390744,10.196394286145056,11.90844565631457
9.867110525432345,7.386911340398989,7.711817520113238,4.657129893273233,10.212555964828496,8.748516529669645,7.07034643187174,13.102357272065497,9.033271661198407,10.167577677234323,11.888084007620273
9.921882871901616,7.259303774107658,7.734578284235791,4.505963584984396,10.184228927224664,8.531359046231847,6.958976352761843,13.046400821625344,9.039196115772354,10.15650140009686,11.848693405990653
9.996222702522354,7.407546919635882,7.7133577456899145,4.285882819992538,10.12426385973763,8.27006996718476,6.982347256843339,13.014399253074856,8.985236566869302,10.103690865974134,11.87620646303596
9.929284162326537,7.570351608682991,7.680965679312937,4.254824314009522,10.126515541573275,8.27854111215039,6.869707214807211,12.986905838882665,9.035087108635672,10.113042304101873,11.878402258728011
9.864295016705862,7.369418668669271,7.550392484595526,4.534986105293084,10.090598547472018,8.656336584268207,6.980592607066635,12.952430127685899,9.01209266503839,10.010702348103857,11.7124008099128
9.829271540238588,7.018342110627183,7.5368615905551355,4.162349256734081,10.02058393294319,8.241117577351014,6.862409180703227,12.926055425404298,8.890318745226434,9.993237860311362,11.672618756109374
9.835701095895198,7.127729364842998,7.400240407375911,4.375057909413731,9.99142211421794,8.600512575379355,6.755768921984255,12.887385098929688,8.866565984023147,9.929540756662877,11.632373188309336
9.80031476538753,7.170239197829218,7.612852986688054,4.308559437948959,9.963772247407475,8.420045769115031,6.863919487116935,12.852407442331735,8.907371681610334,9.90749728082021,11.655526754234389
9.764971056620452,6.833678075585821,7.599145361749501,4.031286367083364,9.879837868356807,8.045196466874987,6.719952061300268,12.816641366768312,8.77916421549794,9.802138732589091,11.50347192069817
9.010850953975446,6.560999236831257,8.208243597314274,3.193672061662609,6.013443456544149,4.110327321403394,7.044032897274685,11.677233243523059,9.78586450395613,10.233226057316203,11.349373714767312
8.90132721569343,6.527762971721248,8.137259367529689,3.268300835099269,6.010994808884669,3.933349568982597,6.980075940561763,11.624477076144482,9.713184898143831,10.270611382781079,11.407428273305996
8.911760616221239,6.561156386423402,8.16247823116825,3.1374245255951583,6.046320941110053,4.022769072932627,7.016709329153681,11.594037651870003,9.768905449251296,10.188999772685182,11.350745432275739
8.973371129741885,6.557377920701477,8.139660970290732,3.2206518468071517,5.975786740032093,3.992475905884196,7.141772829486052,11.576067490617971,9.595698006327206,10.163382103231214,11.332542427992033
9.076763264021016,6.6037631443221345,8.127299548319252,3.1325913109223404,5.977196566857192,4.038557677993507,7.151833710469892,11.554389706549681,9.527173396276833,10.040118026979489,11.1985667129683
9.03568799847277,6.557377920701477,8.115215329789892,3.1277346227872505,6.0096318428801245,3.954869636986915,7.120085019231419,11.534288203679088,9.564703979934684,10.108235379689647,11.251861232814418
9.025661371794877,6.5084047784998535,8.066863205462328,3.238242670951029,5.980291257745812,3.8254964563450162,7.1317873234693625,11.514761888811284,9.496876788664945,10.12878345268486,11.324328659886422
8.985909881661103,6.864012356034218,8.085206132172786,3.170618758576841,5.9718285669254,3.9091300247921374,6.996071356979133,11.498268913847655,9.521662470804758,10.055119825551674,11.253456881688342
8.923389883851318,6.60737064282322,8.04379893087136,3.0726933146901194,5.931655570687385,3.7732716122760808,6.992198545363437,11.484585773743778,9.5442108140062,10.032221762808907,11.252520269134038
8.89000347932148,6.658267752328325,7.9868751148449855,2.7822642628663257,5.913202663242711,3.6991047471615355,7.019495399616721,11.465424153183621,9.580136850804887,10.056632012150725,11.248171558721756
9.824469597582459,8.04345638171559,9.175311748842292,4.841909770933444,7.938009416114533,5.398212971747396,8.163833380631988,13.974825082165426,9.438748264697761,9.597265033982248,11.365585520872008
9.860969676550619,8.10538131712957,9.11502797006939,4.787862007558916,7.908591388433852,5.171808855658976,8.127555499322838,13.936956860838796,9.387870839811033,9.555749539288204,11.363620156962972
9.834245840448064,8.065656219809437,9.095166429548952,4.746283909946872,7.423767427445774,5.158480421360237,8.19243518529974,13.91451638528857,9.382806111875384,9.498131605219708,11.35633987867943
9.856187444231862,8.089659691785652,9.065751242156084,4.653325196108937,7.594548983892618,5.015880779119759,8.098595559966785,13.871696018387404,9.366553685397166,9.520159762593549,11.308263543574135
9.824042629237237,8.008890309526056,9.014636335109401,4.72384171570559,7.672085525467859,5.0485018215230255,8.078329851842073,13.828711441625892,9.335805430525559,9.478288164881024,11.317542308956087
9.733095884195512,7.619462486699011,9.06537882445308,4.585420845272156,7.299722289615619,4.902885110640535,8.040360965885682,13.793292056123992,9.345481024796648,9.445852450325184,11.277944769152727
9.694686487399087,7.676071771489702,9.161873488995756,4.58315174959914,7.0941426342045055,4.7498475928662485,8.102438400508914,13.767475178876403,9.437624672144853,9.53420248195717,11.373023985095166
9.664067815452855,7.554055408055842,9.090805802905335,4.549657476057832,7.047807031532183,4.782013766027301,8.047850677985274,13.739572984909564,9.416195785709572,9.487097147119425,11.323899483664727
9.721287321781872,7.5055656108821465,9.052828494481,4.430022793228077,7.23537896092898,4.900406949761523,7.950643418877885,13.72217298241226,9.356735339295648,9.454959224612558,11.277126475852965
9.728030382041815,7.598967253237677,9.074100552587247,4.389498649512583,7.103139299115371,4.828402613352708,8.003905278703375,13.703492448148314,9.420401385257845,9.461549486156198,11.304642474278486
11.574122994549548,6.299908749621196,6.096500009941863,2.0654554405501564,5.955549478287209,4.759320894386778,9.066444340719162,11.426744046524249,8.39978508521502,9.431117570484734,10.197677569056214
11.583228588781582,6.363928077752502,6.025785463338055,2.1335082366341838,5.898069190359298,4.560869961934716,9.129154418212469,11.388938222953641,8.426222470924237,9.381452110370414,10.194700882751727
11.446327342816524,6.200666930361185,6.108432428394076,2.324563782321493,5.836433863524307,4.68213122712422,9.102222972938538,11.36403481574439,8.350561240914635,9.31384015794977,10.121390730245958
11.583186125086783,6.294999471458741,6.1757979745655875,2.0794415416798357,5.919789501448539,4.993451426852808,9.08118036291717,11.340682283583863,8.358640243477046,9.24315277551197,10.065001532891625
11.543984759065946,6.350439613735198,6.059823884621325,2.184802182337654,5.858250561247459,4.980557869393329,9.01501462645221,11.331363619562486,8.333430597627032,9.325384846082505,10.179261503913537
11.575586182512678,6.327678821888472,6.073479669829867,1.6529225988418337,5.806472748389164,4.631487526772997,8.97402714619114,11.317364654701214,8.379513524300421,9.289378473047599,10.15681538461416
11.553466886757635,6.266082485411487,6.079348218538171,1.791759469228055,5.8664680569332965,4.819385115526609,9.029857124855134,11.292780192073657,8.370187296053297,9.319315347197849,10.140135069098351
11.455982322098999,6.18476725641117,6.056445689024522,2.146581363997849,5.901418278581253,5.055537847799121,9.084336134534691,11.2712204325142,8.36383478998688,9.273962848673131,10.099323854033193
11.511657995369887,6.25632569177406,5.985250831903144,1.6529225988418337,5.891337231010324,4.75550404816819,8.99183880745098,11.25279947142443,8.323149868768178,9.225065861806549,10.133500786653538
11.457532550506912,6.246257490556077,6.045715961939898,1.7346016436232274,5.875242788898426,4.463350598111661,8.979346643491409,11.231536144094344,8.310524294658457,9.189673838740704,10.05946513399048
9.893488842622713,9.081991716593999,8.509680598424254,6.118341903781276,6.847533358570606,5.864262283225958,8.74615091800802,13.08132374345233,9.701575345773213,10.247770869867223,13.401257734077447
9.881044241531708,9.069547120334391,8.490077756360437,6.121029744141981,6.74954080143614,5.810475442205596,8.704078392260872,13.057437439001045,9.680225938627805,10.208633326481372,13.340778737313833
9.848410500335964,8.922379742064209,8.515396021473324,6.0925660158881065,6.732872656578987,5.746912906683178,8.67527897512776,13.033273453863625,9.659857807297296,10.193089031747634,13.30045892458521
9.865267494000978,9.02465583389435,8.488089308363266,6.025865973825314,6.703869549721933,5.703782474656201,8.675885921640448,13.006598778326095,9.637929304128187,10.168285178591809,13.285161078041819
9.756997639211763,8.831228285995698,8.50194869428306,6.031219300328786,6.70073110954781,5.563242464664925,8.591083678778999,12.977876676468432,9.614842053471266,10.183108471141836,13.240899255523697
9.690144430988994,8.739593356087052,8.43282559002461,5.924255797414532,6.6544388451676895,5.604984747087514,8.551100668141032,12.93619118976605,9.58801548303083,10.174591717561722,13.244197003274639
9.636553194631775,8.612830590405798,8.38242166557286,5.937829328344518,6.623327160010132,5.626021129362114,8.548519578132327,12.899476987471296,9.522658144911068,10.042428384849192,13.179589750654985
9.576850568562682,8.648790491889766,8.380741983705919,5.895014823269912,6.6206656176868774,5.582242402669157,8.590774040950954,12.87139200455318,9.474685579234128,9.939937872075015,13.130150247544346
9.624869463131816,8.655063490108928,8.365729268356711,5.941048052429724,6.642776485610721,5.63914517530689,8.571513012149003,12.841079135862877,9.520330101368767,10.015198362377424,13.206487937844152
9.698273961342517,8.72415677252913,8.33370295197868,5.908686614615286,6.618887316974547,5.6438752038153535,8.550241045462437,12.810908786714183,9.531158981654698,10.04587936724185,13.14106075360607
9.26967056202424,8.42388079152007,7.08138173437604,5.4224996168193655,6.401179876880833,5.5329502223036755,8.744697000575044,12.20318559310205,8.481563711179762,8.899347213819476,12.315111188958571
9.271313168466898,8.193458596298079,6.9439264720720475,5.3471075307174685,6.346026144502192,5.473203935526115,8.635051285588993,12.152780747052821,8.395675691821578,8.832582839568923,12.244058408417336
9.311786235371413,8.121047851041661,6.935100195492946,5.339672530907989,6.450119302056915,5.428858185611832,8.584889222368888,12.114635002188038,8.414936496142728,8.80102954556368,12.20761512195153
9.249713851344728,8.093832236609769,6.884088527766005,5.197268542175381,6.398225115744694,5.327336654345794,8.527029103842679,12.0796447252858,8.402752064855845,8.788368100221753,12.208228431253428
9.276651279945353,8.207610827348025,6.907699717438623,5.2832037287379885,6.3818160174060985,5.314846652105804,8.78105718611056,12.050657054948843,8.321202638094531,8.751715315734305,12.168016844690998
9.244379951592236,8.20345305483596,6.907366313344811,5.114661560038675,6.352629396319567,5.313205979041787,8.453940953062155,12.036347289118131,8.375857455978188,8.752119497431464,12.1624861852682
9.209965857854524,8.088251314954448,6.918420423601991,5.076561726639049,6.255323424853609,5.277547610733801,8.415500016170773,12.016622272358388,8.327347397614028,8.74557986312071,12.189834066124234
9.178497619174102,8.026166564220881,6.806767898326432,5.111318226900894,6.214830293734985,5.319752630954888,8.55525511420045,12.001272187424977,8.251603063642028,8.689365267711382,12.009547087862746
9.192258995697179,7.949950054569651,6.821652579928726,5.0326141790759005,6.2839268448061505,5.344458501325732,8.484803139607498,11.986102387303992,8.281271118961333,8.686011018540059,12.070295940419967
9.09367296365114,7.802113919219452,6.764718533287146,5.052700930972677,6.190770671056675,5.222755322359168,8.387383119794052,11.974784769052315,8.228618870362368,8.631884043195955,12.074705005560718
9.402714014347108,7.817612025088953,9.732809941322905,6.09281704889839,9.588670256814604,8.609549518344046,8.137746645706626,12.140829224168805,10.391508106284409,10.659943592180932,12.349949395504327
9.301734814368555,7.97398593272946,9.682278240624212,6.011539465760878,9.474062688488795,8.520698153852832,8.024054667946666,12.112187943669234,10.386701799791561,10.651657024536341,12.307213872505221
9.451202463522273,7.864321721150486,9.632537311688978,6.051566161591687,9.764487264728473,8.428119082639231,8.358296451508952,12.06734421613144,10.323278808909158,10.569974428982366,12.261746575363205
9.462214766557803,7.852339718056824,9.629779973091921,6.029616323767545,9.850731199979688,8.513296722029473,8.432356417716573,12.032935383664714,10.280221245576893,10.503383016626639,12.18496488025082
9.431108659784195,7.780567712315564,9.61915394172416,6.032553178077579,9.802543197382409,8.4699851074976,8.354904301339719,12.014279642505905,10.27224218694866,10.523541502418029,12.221580223518849
9.33396409533752,7.742146394527855,9.596349281814701,6.013715156042802,9.762934742207337,8.506626447499567,8.277886383106521,11.9940695169382,10.273436396021049,10.491632486585525,12.165307478093146
9.252346731419332,7.678619386221036,9.395821746284447,6.029081402653606,9.561067663645012,8.363290629471859,8.053738735043598,11.979471665880407,10.255035654350442,10.51613273008758,12.192540497622215
9.262258970820145,7.698568448611054,9.451243506561317,5.9895182042109205,9.596547149152023,8.41683250243445,8.040869185805576,11.965731998745495,10.26033375950851,10.506388128305202,12.196002780849623
9.190240833826337,7.743255247125243,9.480959361491028,5.985614141812036,9.461393037778057,8.38444878960462,8.011310885961231,11.947060019183283,10.21473517976033,10.478861384892767,12.162995911932647
9.18056935855944,7.66292218774489,9.312252950624982,5.950931859692724,9.309773354066833,8.303229597561124,7.81506356521108,11.923094234232881,10.215792722845114,10.508747518217845,12.171795851045921
9.395743287338266,6.924065973433912,9.043086064724358,3.429676960975379,6.754863063622854,4.8268014744089625,11.234452120927735,12.675476685339333,10.674505853734194,10.692693370009211,11.895506799470287
9.482572878626822,6.9972912473408435,8.996247406519448,3.3353741244934443,6.706047004309689,4.65744636218902,11.176758781662846,12.651054968407594,10.656809580602737,10.682711761655625,11.900417954745912
9.48420492086736,7.072233401008244,8.983364486641747,3.2443267839874848,6.688908035306994,4.678317389608644,11.148238510421319,12.638812287662475,10.638690632682268,10.668739609070078,11.855709249729765
9.543348679688252,7.022967109700141,8.964647257038402,3.2268439945173775,6.645379900452885,4.768139014266231,11.135168904700285,12.619969770720115,10.64481889368242,10.654619271545542,11.852939596241928
9.43341547614794,6.737625768222248,8.945384752847533,3.2000326011971465,6.69222158660371,4.797900384436357,11.122468174024055,12.58471290369639,10.549857541537145,10.526931788048694,11.73047356868473
9.345796439100882,6.725300377298148,8.917572798255462,3.1954933736414866,6.614278677292292,4.611041814191237,11.053972726837994,12.559414368224049,10.5176937331946,10.506112655438468,11.71852553653407
9.336123910974171,6.697034247666484,8.904141245524647,3.3072935791122315,6.618738983517219,4.660604892876192,11.04945970615785,12.535949250141332,10.510986063653165,10.495498308114472,11.703626353898288
9.34827746162431,6.87992720496608,8.898769290491515,3.2399846575301243,6.6574403567428915,4.606613543845804,11.05004061474356,12.497167512767275,10.502745210255597,10.492441745611904,11.698924234024412
9.230015540169404,6.671329457565143,8.814868497761234,3.0849635597209466,6.458686529909946,4.258445572902527,10.958067839006539,12.43787006610974,10.390935365613286,10.406245721724357,11.609635371790377
9.139384861129127,6.589384873141955,8.762812917616998,3.0644287011057805,6.318968113746434,4.261583783592563,10.931263207460379,12.390828597902264,10.298834982456007,10.336151614937869,11.555518370501536
9.85516994324505,7.220357582019787,9.147492865067791,5.913202663242711,9.847917875867017,8.693772365578264,8.148721961210809,11.952836443252545,10.627774270269049,9.67955202081321,11.464986538395252
9.933594209047044,7.365728500952447,9.162290933751539,6.081457593250833,9.793041907272366,8.859170879475375,7.916669756334145,11.83966966429923,10.56514865268149,9.625161575008372,11.500848160344237
9.954790957772564,7.332645309077883,9.079038871863757,5.974092294557056,9.73025985418496,8.698288069480718,7.86721618001527,11.780440628749425,10.493591284020518,9.538884437828253,11.357453282726496
9.808099369689645,7.074286149869768,8.838355170463906,5.4011747670253385,9.624701349577931,8.210239194660529,7.892559953275024,11.738189521942315,10.459333067344362,9.400529049993988,11.148187626944102
9.781537094977416,7.050199611833421,8.754683117205248,5.222755322359168,9.622260894985702,8.076646524663449,7.996302268721836,11.696852306687942,10.45944140576545,9.385366866053653,11.097534255715354
9.845956127724472,7.22417057025679,8.715821802515404,5.080023163116964,9.573024005230257,7.9581028194256795,7.811865460230785,11.638748292225866,10.440804495517678,9.35074944752419,11.055134599878917
9.743498753087561,7.083089514537801,8.65049566934179,4.940053875822418,9.530580788929656,7.81016342412888,7.996825893652157,11.59632877588579,10.401331274878942,9.33247933877449,11.01264002380323
9.904906545289542,6.990133721317784,8.74846010351146,5.385004611845998,9.532200818734724,8.193209754868613,7.776469774378405,11.545869146891786,10.417762553653926,9.364986166928002,11.12714010072603
9.806949730537394,6.885146045649274,8.635367261719718,5.025341426887411,9.459578696199248,7.770917112778641,8.058945963274702,11.508029164330114,10.362341055142748,9.297017433421932,11.012962480365058
9.642552710257789,6.953769106980227,8.520582995532846,4.659237449363629,9.399005653896737,7.554323184056121,8.138519303986566,11.468322140432642,10.290821125335805,9.096561808209039,10.816456774297889
8.584174560120589,6.532124022664562,6.8377976529834585,4.096194683025973,9.893168942821625,7.223506372171778,7.402099153866252,12.829503389321506,10.931011124252448,10.027983315783008,10.738649449981237
8.722080438715944,6.528071624607959,6.807308592887071,4.098041387203057,9.889907988194857,7.3748797674770294,7.409122985319567,12.785346543625,10.935415414279133,10.001278995096753,10.834324637946029
8.656846915762124,6.607955644527382,6.821095356588741,4.146655821640726,9.884741833295806,7.261739938348362,7.3677646882240895,12.751942548933476,10.949017032379887,10.002426997220615,10.86632826925064
8.533774951007915,6.649229196262248,6.826171574582805,4.079418893208432,9.863407180862321,7.242766134019543,7.407034496824529,12.728349025107033,10.888383110163893,9.935583048240792,10.74418678492771
8.462183057076455,6.611398651129499,6.860419060820758,4.125340680544386,9.78198008986642,7.323654647035516,7.341757450706186,12.693883687188066,10.879111196469937,9.833618702134508,10.70941192707397
8.375255773809881,6.470231742017194,6.709968071159715,4.109050727859971,9.829878088644973,7.165544996144741,7.307857887891414,12.664631062209564,10.731881182045354,9.850431887137324,10.6192267671128
8.435510620902305,6.486109979726494,6.705081338363571,4.098041387203057,9.755890719758519,7.113105919127172,7.324914701270608,12.643967547497388,10.855479563730837,9.836789070494955,10.642276294901084
8.508609793224787,6.597403363095699,6.884475280432579,4.1879698385249124,9.821018570504688,7.25162863108366,7.308081277793446,12.629974052148006,10.925168399630039,9.86959117308845,10.815923530985485
8.613944755563233,6.642298465510617,6.787832456864733,4.127134385045092,9.82532899490325,7.149183969534805,7.410333655504421,12.62011482811205,10.956985856026042,10.036798295819375,10.82622788534758
8.39181639550673,6.535837769415633,6.783312618418349,4.141369518534808,9.858520404768067,7.308364168056088,7.42382048413624,12.608939083718603,10.891411991765295,9.856063371886263,10.721603494365066
9.082654716828426,7.803439593487407,8.550075482221997,3.8223413755753937,7.3803458342475246,6.730925279945273,9.52087922657089,13.32637642643269,8.80562498325819,10.20157488538949,11.18202949648672
9.16952647950644,7.687441966468543,8.343403138426119,3.714655382145211,7.193376897656215,6.4959870176752705,9.367309932167235,13.131797337337215,8.60363588740414,9.958724089837236,11.03019028794577
9.007145134649253,7.462986864617951,8.462744044666154,3.979473968785498,7.121010097545977,6.779075594905324,9.137953652539785,13.037300573439852,8.694799947651958,10.037174558052337,10.982242690161666
8.853565423037118,7.321710173319396,8.469572676740063,4.020179588443817,7.087044467792008,6.850396849846345,9.034045948667538,12.992682770509768,8.723827885556908,10.098493597892537,11.004110596114277
8.973361271839492,7.510679873954801,8.265087020933032,3.681630997409253,7.001377161687342,6.638902235850794,9.073774538947758,12.93462362198255,8.613068867660942,9.869857803056814,10.949665350109884
8.577466378310183,7.2436797441754,8.39314808988759,3.9348711863924777,6.914322557126571,6.834861953461813,8.778760556905604,12.870663360516547,8.632365413863916,9.980177466179779,10.86390127788161
8.628171896252217,7.026337994809085,8.393651103708581,3.952097968990243,6.903334411331134,6.78046469195628,8.78195458048345,12.830153350715896,8.638328626386295,10.003394725865306,10.83275351859717
8.904640656275896,7.167046449406341,8.161257656904109,3.8927268258656604,6.829589511254257,6.530440214290318,8.914766499694975,12.789971113041425,8.417250072905867,9.808238092988292,10.761360018536994
8.737322426640997,7.18497447595219,8.198037269069138,3.6270040503958487,6.8048978058757585,6.585911082977737,8.782244441164854,12.734693556438371,8.467092169147623,9.795582444369279,10.64867595612775
8.53165916485699,6.809664574098319,8.18838969628673,3.8510926868912296,6.757100328633317,6.6686940484290735,8.691881989344528,12.682081367777679,8.44088793592569,9.840809817461833,10.695976924994703
10.550337708382571,7.418614234192629,8.756341316347298,6.56479538092241,9.473669982654743,8.855457472794217,7.737558134634403,13.07862774421254,9.13572697273109,10.145077692141074,10.125501577375422
10.539955616169124,7.5863808647141076,8.6733513794213,6.628188336279839,9.4213663564289,8.957982542827578,7.739688081993751,13.001508979943901,9.068971361308252,10.031934513441533,10.044794195160362
10.44267709009434,7.323060698690253,8.566966999268608,6.504620782886681,9.277666669900569,8.726571322164414,7.559953144416903,12.879829826981718,8.974536460444174,9.904059610879548,9.899384702847348
10.33681999367582,7.385678850027597,8.528539687770667,6.372181479832191,9.197288903893739,8.65591111072806,7.476459798978294,12.784980628608684,8.928289820700694,9.830289422581204,9.850350454123
10.361794570158215,7.409371964335652,8.403688490619416,6.508106562823416,9.150908788206756,8.725958311544078,7.489089068796174,12.703265902714788,8.809418261808085,9.690534952257392,9.755992452701065
10.178097049872736,7.241485667313244,8.35831468634875,5.995069142740289,9.105535257610056,8.433159195806228,7.305621213033876,12.64872342027687,8.736403685591291,9.708276616646865,9.699056710017759
10.344673667218705,7.388980435718618,8.33344394876366,6.3670430157418485,9.10828303702738,8.670657921176389,7.403927394595185,12.607790891040825,8.711812888457448,9.6145899269322,9.657146450953077
10.154224653529035,7.385678850027597,8.301507868245196,5.975786740032093,9.052477254404938,8.271377899985168,7.32805791125115,12.56321369194127,8.64379059943783,9.565385098632508,9.630723283613447
10.171383497470607,7.252486962271702,8.316232329859977,6.088540848219704,9.031107373870654,8.639843374824737,7.329152061317305,12.529547848945466,8.679958090660973,9.603845353390527,9.638146640094519
10.084127140196053,7.158643693198603,8.235610994173406,5.793690878984625,8.96932981840937,7.964696448837087,7.163241242078201,12.481622418352735,8.630664723662989,9.535968306842717,9.584803933807962
10.406656941996054,8.461095390692003,7.2617165442231855,2.159484633968683,6.531120557399756,5.202540392812375,8.10053905090081,12.764583219770453,8.278146068549045,10.013051720305157,9.873148039949555
10.449493365791948,8.584272232697915,7.213711031073335,2.4567360585355487,6.474833322927871,5.276185350330823,8.19325277015396,12.716356289111435,8.25623238723746,9.952761726696682,9.882694534795199
10.412063647909301,8.53118594659199,7.182968267007505,2.1972245773362196,6.414460275353065,5.312987038819968,8.128427863513926,12.682154466461018,8.198944994424117,9.91373761866221,9.788842712837797
10.364870449189796,8.517906271114468,7.169546733271352,2.3978952727983707,6.439794010696668,5.290845068334296,8.08333546678755,12.661137642812612,8.173606820040606,9.86556355372529,9.80480775775048
10.34779901591389,8.510640658384547,7.108998535954204,2.407945508651867,6.353886828416877,5.073505737265016,8.035861642877949,12.623985330475234,8.128945672269852,9.820616079216641,9.738605702952004
10.340727272831439,8.506493935969043,7.104262771236686,2.4178957414852187,6.299867942373015,5.101626402549934,8.026867118705304,12.592284897416343,8.13759074380827,9.806845096696078,9.69428046352017
10.353415663122973,8.46765508000399,7.0583090233003425,2.556365699977038,6.335940383589716,5.111050240562193,7.9923137166295035,12.567942047113615,8.076584380481979,9.791584073300298,9.6822997262943
10.33678001139039,8.442376250772968,7.076400404959848,2.494123213149801,6.275912225793015,5.160076501747613,8.004187416179487,12.55144700548183,8.033874645184174,9.730399898536888,9.652343823899495
10.303988135423376,8.438416902995215,7.052653763231646,2.3353745932363394,6.292905690420599,5.134228558376493,7.985794420980243,12.51417908824268,8.085999935761404,9.754281571759895,9.653528633993794
10.226286979063733,8.293830171020451,7.019922575852885,2.3671239266315682,6.301702805273125,5.001407650042065,7.785776310626833,12.486268642094304,7.996504271542778,9.683045210917877,9.640251630435477
10.435502097249069,6.107196102138438,6.398410042235693,2.5433500709855705,6.37339562287907,4.5031374604229395,8.521539289435434,11.538073258535386,7.615298339825815,9.02294999036779,9.817740829897609
10.415760461779055,6.210979302298414,6.398594934535208,2.747982840263201,6.386767074006132,4.5902821064941985,8.484624085433493,11.5087489777767,7.506530728756698,9.00493850213813,9.79756391557748
10.462488866006494,5.952579321672403,6.378237524090786,2.796603666240263,6.352900370055829,4.623555731266286,8.477597297011272,11.489341765063854,7.578259133478984,8.985219867777753,9.761589831007552
10.496211085194414,6.1580847722831145,6.37804882893084,2.6968766757849583,6.265808061454507,4.633325673947488,8.487398138589722,11.457042707722556,7.646247543851775,8.971614939994616,9.987842998202233
10.528285999375697,6.042025618485683,6.299357656092594,2.803360380906535,6.232098682455993,4.637637376125593,8.458056351428347,11.434589078444075,7.588604933981395,8.921929144422087,9.799476742837502
10.576560985830197,6.023904849178291,6.346026144502192,2.747982840263201,6.236456553154215,4.625735071711094,8.478383061322194,11.410278548170442,7.611842399580417,8.89745140641447,9.821968941377671
10.637071319996352,6.304590986097681,6.329918942952988,2.47092012612308,6.21536337313043,4.637637376125593,8.45727803961642,11.387178299681707,7.497022330903802,8.964223839626115,9.726125675969568
10.529466089550233,5.991658978205031,6.2536151156672055,2.3513752571634776,6.259666431774376,4.669396127027594,8.421978562846748,11.359256150801263,7.480052222955469,8.844813667977215,9.82490599889859
10.582694968970799,6.089724916275501,6.247397927696795,2.6270808976046585,6.196987096449971,4.526247209514856,8.420364081821903,11.338773115830243,7.483994039422999,8.878215560791642,9.750503414451066
10.500507691851267,6.066546253956734,6.235499466158682,2.6350808625104687,6.206889506585881,4.492001487882454,8.41899216975212,11.31751596686105,7.470857046680788,8.821073362944825,9.70921351498786
9.001915741418994,6.927350914268714,4.214100908878296,4.367194936810463,5.664887649728916,3.0497994421926866,8.718957833754798,10.742528081446903,6.3247571268309235,7.147060854317472,9.912903086945821
9.000765460157796,7.188672853720937,4.113965637090923,4.364371699435161,5.664887649728916,3.0231314639582982,8.646254608569308,10.718776650122104,6.337415521787513,7.086301200360113,9.853502174558155
9.013305773670991,6.85939335760367,3.9986083250015367,4.22829253473184,5.616771097666572,3.149882810524096,8.65836862651362,10.696445376740071,6.407613116603373,7.042509538599945,9.862785921084448
8.907831892202536,6.870180319632836,4.215742389971513,4.087655574071304,5.5338285622810925,2.884179849760043,8.721424811798464,10.674115700852484,6.134120840284072,6.930201467811967,9.862056576269959
8.897205249574817,6.701564439968323,3.9965683609513865,4.237963838120212,5.676373216155944,2.950269841337697,8.697368000595537,10.654020651971456,6.125169530914683,6.949249051009347,9.818866044805382
8.960262321921768,6.809419410394608,4.1461284945604975,4.195362361924196,5.647408082802443,2.8067219970655795,8.729903841586964,10.628817382271608,6.1663511160860605,6.95964117974384,9.75519247275436
8.878196973998753,6.86740771356926,3.872820116116019,4.2070117192437,5.536459002196249,2.700615297241555,8.562489428448556,10.603362605620863,6.1647173358164356,6.96574112818079,9.834612531425977
8.93563448482286,6.777659247313601,4.147885329150131,4.057373130870155,5.546478667833633,2.581898747708069,8.616499416386386,10.580965949596802,6.113927968207864,6.96427212483913,9.737169257522446
8.98954960569132,6.8754731016187165,4.180692121711416,4.213607983048918,5.6567685021240495,2.7372490680246466,8.724897275600137,10.555347352435902,6.180706539849958,6.945618234260765,9.750147285235911
8.98273688993988,6.870180319632836,3.8979240810486444,4.3254562831854875,5.625220140133868,2.5649493574615367,8.7987599363103,10.531017704711921,6.1075176873577295,6.976067919164224,9.755643425947978
9.822705821852345,8.276292918512768,7.694559760458036,5.3612921657094255,9.452338824773557,7.273555133010008,7.637170100319928,13.943571723080826,8.261164812766252,10.748252207064976,10.982725399963323
9.882485772984186,8.294505091368352,7.603415963043898,5.254017090229854,9.436858667230885,6.925267707342235,7.637491506165911,13.829753170928997,8.248889546496715,10.771496591017673,10.866983065476168
9.75204496152404,8.19840718410008,7.421330455261779,5.099866427824199,9.33885377916938,6.865543433649879,7.716153897852801,13.708143920277479,8.106594932201471,10.693434711689784,10.865519360450484
9.797615177567339,8.10622630826163,7.143994924874086,4.766911072889208,9.124059637456869,6.415096959171596,7.462265995328703,13.570754817244497,7.990479047632213,10.508314621268298,10.650892725694657
9.684523449522526,8.081797944089487,7.136332926813225,4.749751453260736,9.138262986477532,6.453624998892692,7.469324711596147,13.488270306235657,7.951105393634161,10.512033782148572,10.613902833052423
9.710274228408716,8.011627781767142,7.104536604276855,4.634728988229636,9.00922056278867,6.468561025025208,7.48022774450792,13.402169633535513,7.93564304056995,10.444242136434545,10.560136421981237
9.64119956300963,7.9462007106268535,6.947862349204907,4.601831318167392,8.917434307541154,6.15367786491126,7.404536066155348,13.355413377420781,7.844911253768626,10.307716341049408,10.415247739461895
9.858665089718993,7.991720074984774,7.168434362791511,4.471003620255261,8.992423415686996,5.992297525085479,7.667095862170115,13.3101132667059,7.851937836113904,10.446416957336117,10.584597295222002
9.779511001536685,8.002969206423044,7.088900218833787,4.5278091128498295,8.937018401937951,6.064301865894959,7.613094498660974,13.270287033309986,7.748862587381283,10.377266684343994,10.523748877161704
9.763721526627632,7.958009533099361,7.0761187652355195,4.343805421853684,8.920601370829624,6.279146613309763,7.477591675245309,13.219894261328093,7.8105058674492955,10.37031740066253,10.493135139293045
9.878538907172164,8.356045869070451,6.630522132536248,3.228165739674888,10.039692451343491,7.022531327068399,8.70544527614719,13.110448341107382,7.671516237317038,9.63608802096175,10.417882133291785
9.870865641598481,8.349444925683317,6.591963278563375,3.196857592931755,9.897530958200031,6.839190883543354,8.610485174212167,13.017769358046477,7.555265652810974,9.526796958856403,10.317698012005806
9.898853498373574,8.3741308085744,6.486143852825064,3.3978584803966405,9.89860342256793,6.795034408918018,8.579211873549482,12.91765318847867,7.578827250186357,9.463138513565475,10.257279567124638
9.612442795258413,8.172901573762672,6.301580579655392,3.111538244995157,9.679016732039743,6.6701464963482175,8.475194579953678,12.804365806124073,7.33548910833053,9.26361886091045,10.092861037599034
9.833886162546484,8.372976340655828,6.305646549187863,3.1213855904707555,9.691895085457762,6.7006764463071855,8.617404472089339,12.75969702873501,7.455940910862986,9.341135663387302,10.093440104086637
9.929035083969465,8.499402538062377,6.311512969666323,2.7161651853704187,9.657856940581473,6.550540503646366,8.44718075248986,12.715017668754953,7.373722999895312,9.341993195444067,10.12957609629996
9.779735487742894,8.192401361668582,6.292782403256174,2.9153656801017847,9.487820581943367,6.496540332188256,8.520636145641388,12.637258383264095,7.239533975298292,9.289501665780154,10.001378238151366
9.731194211087018,8.239989363252084,6.144161792639723,2.7870665360816043,9.436537035396743,6.45110213410454,8.314157230696095,12.555442499925677,7.257394421617209,9.142764353778393,9.914738467461072
10.153951372152036,8.819000037913414,6.305443627346406,2.7013612129514133,9.304245525192766,6.2513899360888106,8.678408382716583,12.500300952904993,7.48810696726241,9.287600750713748,10.066775408509155
10.105224951458705,8.886155667280084,6.2034123189197325,2.693876223196324,9.246522284185659,6.325075551448163,8.561490739835811,12.456366707731291,7.310921453232378,9.213004597772711,9.925322970645688
10.21470425029656,9.314602284290284,7.2701195618955445,4.137829727353328,6.980695906482706,6.32714282577083,8.955975581925806,12.772130622050742,8.124479766904127,9.980257731940796,9.728728659970853
10.148537399237322,9.521878934882697,7.198474402422221,3.91424273999351,6.847297306403947,6.277061108893376,8.904777912579886,12.693831396148488,8.103561493302879,9.847909653906079,9.67251972122013
9.984802783746504,9.411449153464636,7.131742921950731,3.9765614640657154,6.809407152286538,6.079170135160675,8.968166894755168,12.645596806486726,8.023042577018403,9.812327581837591,9.636491522283409
10.10331834983709,9.481217020771163,7.181549692768698,4.033256791502102,6.79979880785682,6.204108732476837,8.88927462200461,12.618993740424687,8.035494778387699,9.828128627266722,9.686613887465946
9.96118134767282,9.419287631087634,7.017058013872587,3.923072929526815,6.727298650128544,6.117117775832689,8.953033740394119,12.587570372459915,7.986542717507142,9.739633745426714,9.615862515791113
10.072476644019334,9.509952662525082,7.033653448796527,3.8665606778630157,6.800664867917675,6.09105847038593,8.865982906893278,12.555487118150022,7.918183787300666,9.718789173336361,9.545507789119165
9.98186374418907,9.331566362743551,7.038442351610981,3.7892273776969607,6.742356394627929,6.061974780152738,8.893905157531464,12.524824675571342,7.956165295425371,9.679593024934801,9.539401883307237
10.003394725865306,9.445405467253508,6.986206977055471,3.7189774313628585,6.672595369549465,6.04947136900357,8.870269668632682,12.49374280124845,7.975144418952206,9.624000696046506,9.508415746214425
10.049852286254492,9.518488250302022,6.965552377708354,3.580427776846189,6.640601792477,5.891951098432917,8.835174892600715,12.460387247801599,7.933239170940415,9.559477309497067,9.455434133858306
9.971075066704257,9.269606686298767,6.957550233418808,3.7189774313628585,6.634779352460198,5.980010296934861,8.784209864320875,12.436974644344678,7.876132325320286,9.591170439986648,9.446796691443652
10.558880366610842,9.065779488380333,8.477285131214087,2.4802658981384056,6.0205377945936895,6.1898599332888065,9.271811694064283,14.119463858087816,9.369829159577497,10.674395094505433,11.250205526118101
10.491505054959882,8.893804522920533,8.418317775303116,2.776055207032838,6.092867243421378,6.124440232230688,9.384611089223899,14.069210894487771,9.319563418348691,10.53911713708146,11.36432039823311
10.469630563158068,8.957613518120299,8.363459091474196,2.5944252585820387,5.991242297412348,6.162144519518769,9.317738809859167,14.022814739494263,9.238031195680191,10.51623749502156,11.351590801246958
10.435062414244564,9.225384418694826,8.314492040640832,2.569214096673468,5.873431489573734,6.013986781740888,9.27620093570521,13.967736042938313,9.175277225910886,10.368607400512545,11.178685069318083
10.454945712748327,9.209319851422176,8.354608899782404,2.4423470353692043,6.031005713718262,6.032553178077579,9.375082384243324,13.938848595252184,9.093107185375098,10.35324560237188,11.205121558665276
10.38174108536382,9.05619413697238,8.25641988350594,2.5520456928853354,5.924612231210662,5.909892902455762,9.342187012577677,13.908019028762908,9.067098492236541,10.282136674883544,11.082539905767222
10.303995207420597,8.950391632078798,8.284181666407417,2.5606663523218374,5.749109856658976,6.093569770045136,9.094505437288301,13.878543456639731,9.081685956683897,10.361983906951451,11.182206756099268
10.290380520508178,8.865408901310207,8.173089689014565,2.2970136010171163,5.804867192103623,5.975504535996653,9.17855152937196,13.860277178211792,8.952102028478603,10.18376687550062,11.105960065287276
10.224821173152817,9.003223263413801,8.217363560560495,2.374043988010671,5.686673988899316,5.932834456765561,9.21075139849321,13.83199263476105,9.033696003011674,10.27377021241905,11.160319216794594
10.349969480664827,9.096078628786028,8.145146740308887,2.361901565438418,5.855772078182146,5.810475442205596,9.297954345451409,13.795415203159777,8.878079256126435,10.260990653458181,10.970168569492966
11.561873288710737,6.915293465328726,7.221373095893632,3.6425446356147093,6.159659013980422,5.19295685089021,10.080124463973608,12.456338549001016,8.078136827623542,9.38962584285544,10.436762624440219
11.571845104718674,6.8734053474889025,7.168862345815447,3.4329114647943038,6.333950415544899,5.056245805348308,10.064659241437706,12.400251587808286,7.919719760924575,9.335087742038029,10.224366623048972
11.424579864918913,6.61608005784685,7.050633135763088,3.2863266012708237,6.4500139356635975,5.006924684959943,9.99208637237138,12.354466021931836,7.980745819463719,9.285289101808381,10.1668897397139
11.444369402818188,6.6861522030262535,6.9298754833266285,3.129194413780622,6.248128828261108,5.070998422902844,9.985132053576507,12.298858632146779,7.840225525737498,9.158024332658027,10.054538194063303
11.303160081075616,6.739349775199734,7.041343612485497,3.063909946189964,6.240362469099121,4.984367359671083,10.071764649745237,12.237996179249217,7.905277756574599,9.249343112336659,10.050153145866751
11.294917316001275,6.414023453546996,7.078088596464025,3.172017313854973,6.021131207610285,5.228729103565025,10.099093626426649,12.20478092271536,7.790328349857891,9.214914339420043,9.95772844304082
11.233091037576786,6.4793797244067415,6.969090763370012,3.069085889824273,6.159189337566953,5.164150857994369,9.994650761896002,12.176882620848826,7.770129396466453,9.130931537196103,9.92844571230475
11.299043063142612,6.591536548388167,6.924972871875634,3.1484533605716547,6.556683649969007,5.0654039955875305,9.893434972235664,12.149210305491346,7.77396835202119,9.179189058030733,9.959363662937436
11.319549701582805,6.418201790491686,6.9298754833266285,3.016079360448278,6.331778608745451,5.086223665156676,9.972762754430766,12.115751190216288,7.791293222547515,9.089297027785193,9.72972261662472
11.343068567257337,6.446971242378296,6.9621698062504915,3.181289423499583,6.506846440296094,5.033338547108554,9.99700622946614,12.089034582331639,7.842933187883161,9.138135203726945,9.943840103765123
11.337830400708105,7.005244900259394,8.141108875532018,4.720975979299638,6.163689007695927,5.48156441161224,9.723286412468825,13.06287771644316,8.178033790801624,10.296865834369292,10.964182382073057
11.476946469591553,6.974333381259302,8.145533517964662,4.567237554900803,6.255451417515077,5.339139345068292,9.678177767881758,13.021219318010118,8.2005200950263,10.333017072380583,10.972237820831722
11.327228216936357,7.0350338270059325,7.975125311394816,4.689817629420504,6.086673721811463,5.277547610733801,9.702828214898366,12.985716711958137,8.094568359782933,10.164368666525657,10.854634572686564
11.262977959210625,7.079521321836575,7.853237973004703,4.391013878144868,6.118977867406942,5.237032798890241,9.58482227141747,12.92798805161211,7.960230546282733,9.98712992747277,10.78329846938553
11.32650418245354,6.896312276849283,7.975698334675303,4.567237554900803,6.161347965812667,5.348165161704779,9.737652018002734,12.882731781169491,8.074566048581444,10.132985096813846,10.84611918543636
11.1426513268805,6.762678129889558,7.971603575213907,4.49795606457519,6.166724185483036,5.083472597387365,9.681921922524047,12.84119388900479,8.011819346328492,10.12569822445363,10.862835432488678
11.21203881683905,6.694644567493374,7.892680299126632,4.303314000393761,6.135949622258013,5.0917031376768405,9.437532605106085,12.785368644305603,8.037672417478658,10.087327400725485,10.760315806393074
11.298057988898394,6.845714372207472,7.821219796873287,4.233300962844298,6.070891688436348,5.147494476813453,9.493691412283733,12.746838131614416,8.000669886649836,9.946021147991434,10.65524923149685
11.22591797973332,6.580115033253523,7.863715342595975,4.215414338771325,6.070121672228285,5.142962245005311,9.48473792818612,12.719524717170323,8.049944873212363,10.099680967008558,10.701517384569994
11.224807001046871,6.738494722759076,7.897317126657681,4.401965404663009,6.118977867406942,5.217348279917983,9.53569067136715,12.695344888311137,7.979133394696477,10.032516742250339,10.683915032256229
10.366190988846558,7.000567395768994,8.29874415858651,2.6477494435027644,5.996728443464328,6.029803453314542,9.380362526098581,12.695582970482283,8.900745892046356,9.89878038016299,10.451909172914139
10.317501937211786,6.974406148789537,8.244199748244506,2.5221671095660954,6.0096318428801245,5.968622313385226,9.341941569346808,12.643435350578427,8.902440475085816,9.817946003910269,10.36682141890767
10.260626499958592,6.792381834178577,8.203559491013422,2.591099818693876,5.860152917556901,6.0206727053568345,9.203649146574561,12.602864994483463,8.937962808444068,9.746578349061913,10.315771949021201
10.280146153021512,6.917298487368239,8.191967694056466,2.5221671095660954,5.918893854273146,5.93598119721183,9.211370951746375,12.563398077855455,8.868053484591359,9.740999341390069,10.282344371800637
10.265376877927416,6.976690374133401,8.146013561274623,2.485832054802001,5.863315472359983,5.96919053796188,9.295649189016142,12.54131110550475,8.790793241982586,9.745049825941589,10.288895445463368
10.257968090526324,6.856730958944058,8.140911409241967,2.4671575625344206,5.834810737062605,5.942711890985114,9.140320783595781,12.51674824566424,8.808817483100642,9.749233071155007,10.23498513462755
10.278753824071133,6.756583491180399,8.0829307240852,2.314733007390701,5.875554749594976,5.860691261692182,9.213211801473795,12.486467312551826,8.773212583531205,9.663407637265543,10.25101158778313
10.285279084101942,7.136686497392663,8.080629497237629,2.631888840136646,5.896543186703596,5.93803447142845,9.25932945826406,12.46760399910829,8.74531986154514,9.685661090416204,10.246204141474655
10.198493572661734,6.80378885778956,8.009894673426404,2.4188852519542574,5.771094926139101,5.820313704908809,9.118247012652484,12.44567852385774,8.715697906654093,9.614164875695302,10.210087465387344
10.185873123253575,7.019326465435251,7.982469455693978,2.4481276864691,5.780743515792329,5.772029392433296,9.106531738193196,12.417815364753942,8.599285080544126,9.627951418627903,10.210986549608352
10.984720054198677,8.671513380304594,7.620617935981913,3.1159815987498836,6.934397209928558,5.450084264566558,8.373333084223313,13.12609418705112,8.307514140507191,10.607665338410934,10.612683865030013
10.959571144220536,8.622531706232047,7.570752482591199,2.9901612843704557,6.896020019391035,5.489855569272604,8.339033627103266,13.088283419008219,8.221239969789618,10.564536152676661,10.587549980412012
10.9455941555262,8.530611647897963,7.522183874830677,2.908720714746163,6.892641641172089,5.504879767233583,8.264117211370799,13.041130906695027,8.172697743944708,10.511312837310825,10.531753338250697
10.997329220534171,8.517235412524913,7.514157712458085,2.852631237605607,6.847415334141367,5.501258210544727,8.236844166331249,13.00260889973003,8.254210958845784,10.502888607421157,10.488242775312584
10.956216836000191,8.437185111809809,7.470629244715499,3.0960801971370153,6.874083587093567,5.359726010350661,8.21453734819151,12.977721089941625,8.140250750889194,10.460945458489432,10.44124166131945
10.899862016903828,8.387309740383158,7.446611026476218,2.93857391853757,6.790472114619279,5.499896753570384,8.187867798359367,12.954817980145075,8.115487674181304,10.437124345159878,10.420451962041325
10.902199699238478,8.394369975363412,7.417940697860704,2.772588722239781,6.792094991201431,5.362334908249386,8.110540712662468,12.922802608949684,8.112394529183678,10.404713917183058,10.403603700839584
10.840580412039547,8.314829458908672,7.310579863975565,2.6149600219386073,6.703188113240863,5.21433171651724,8.114903036804886,12.885217809337437,7.979947538768408,10.30209214402494,10.36571904305737
10.871505928814207,8.252877469694019,7.27681762724115,2.7300288904296575,6.7114700178749604,5.191103300793763,8.066674928164245,12.84866894609742,7.890249810896951,10.271358475789711,10.328433158938314
10.8058145774605,8.206762468720985,7.184747083594886,2.4375040225438265,6.610396915191597,5.19295685089021,8.037054823563269,12.80369534553503,7.834568233593663,10.224878380342075,10.295181606782535
9.97458938373671,8.921751221586904,5.986340340758729,3.0328141625912624,8.5754033978173,6.246106765481563,8.626812625591887,12.011400736113284,7.364448491353022,8.991346532435957,9.79176486556315
9.928035439044429,8.84211966578875,5.914883430791279,2.9946206559359996,8.462741698323,6.079170135160675,8.53584919296084,11.94078345205535,7.480340563928306,8.860946791594523,9.672000961527745
9.889705796920234,8.895550476058913,5.907055834791843,3.0487463615266455,8.449394843344889,6.0455317631150995,8.525941479313078,11.915040077565063,7.520150238556829,8.887044938711531,9.733737311188657
9.86421123783711,8.959337323782893,5.891521441858908,2.907507979459538,8.403357354809751,5.959285640137895,8.554304843601638,11.86017387394617,7.333284418126043,8.863559180203795,9.71000797572393
9.835186703510674,8.88235777457081,5.866656905955722,3.016623523771433,8.41403272276812,5.984775550567924,8.453836785172127,11.810646478210588,7.603598821089825,8.957487617935843,9.840361958613281
9.842553195256617,8.81297239395144,5.84115832620265,2.7358093266442554,8.559682062166093,5.975504535996653,8.429827812138827,11.783496474639527,7.344331382115354,8.849153678241008,9.773496552177397
9.82908902517533,8.860685176138286,5.7962603746126735,2.483053266667417,8.402211228839215,5.790299899115809,8.42066760590554,11.74820432909728,7.284485540837105,8.829818250965735,9.68817850866489
9.838363971217555,8.927296416146245,5.792878111399964,2.7781289716761677,8.37560914531788,5.859202177504456,8.447352341211223,11.724062469792905,7.39719382086648,8.867042225548952,9.778557789880155
9.816696151531826,8.793170361489084,5.7559531723462065,2.750115582296773,8.529126153576216,5.782799025241366,8.348522041644111,11.696791569086612,7.307768512593385,8.806447361474751,9.715493940004718
9.854059768580399,8.904053710453752,5.77682637850904,2.706567769509929,8.476144319077823,5.786215492491605,8.503666561662772,11.67065392735088,7.350773043142886,8.824782460696614,9.841810710486346
9.768888288225254,7.448553859992347,6.333496691613457,2.780198444717938,9.336294378585658,4.657762636107262,9.342196751048434,13.077370892905194,7.330259578697815,9.626676546006767,10.273130107785386
9.754825762570254,7.373750886830334,6.228094526344028,2.8596582225402187,9.261790487716622,4.601385232078628,9.21064032698518,12.981951223687584,7.246763981765819,9.53474484733416,10.209353704539144
9.767177063512344,7.259069209332815,6.129316449125584,2.8006634140252755,9.138685627274688,4.625626227213866,9.204959252688571,12.895212920254208,7.225643191873908,9.506111307686231,10.162118789456928
9.712171667570786,7.311990003812468,6.131733600011294,2.693876223196324,9.1575570796718,4.38424641912838,9.09135661549298,12.845059560364954,7.126980049896631,9.456093934820625,10.133218691172244
9.709794248421092,7.339133574800902,6.065876044621792,2.631888840136646,9.045003095844434,4.39115150116269,9.159608323218729,12.756571764553156,7.053681755426379,9.322424235492504,9.981821621933694
9.813799262354763,7.4737885280368,6.1609963289735425,2.198458260480578,8.82879847517927,4.506699436842256,9.519628999549878,12.706536437114536,7.124478262493424,9.269212871487127,9.892460870514817
9.823439150221377,7.539109797081694,6.120321836235264,2.1348242131554613,8.808065171199488,4.49063190541561,9.484709215365838,12.67773635442463,7.2518176872329745,9.22896147409533,9.852077877166048
9.814758944494333,7.639449869154321,6.135588938411647,2.314733007390701,8.820038058474852,4.479355003836056,9.477938777473838,12.632075767693603,7.241047865870684,9.246357240025164,9.848192695195623
9.751940240005585,7.456159242944995,6.079195577584912,2.314733007390701,8.739886863950161,4.527328745414087,9.45186506153387,12.594202435577843,7.218339743022293,9.184265582168818,9.817046316076402
9.806670070472293,7.42723666928171,6.153701501854613,2.3577047076724886,8.691868926601304,4.528529069670561,9.63855220782267,12.561007910449497,7.265895817412396,9.175974344862277,9.756353586974374
8.963632460386773,7.532468954794668,6.7629992162217984,3.7534180533765045,6.421333152846083,3.771482880347351,8.378554173625208,12.920062897769608,8.686654631917841,10.497029844216879,11.602435218416678
8.960442083353154,7.438409670879103,6.695675300023907,3.580427776846189,6.429074108542713,3.6109179126442243,8.330901096859574,12.869582302683146,8.663273295583002,10.460303233256441,11.590651851025573
8.952205594903626,7.438409670879103,6.5957956914417615,3.5616771334495767,6.367882199881152,3.68051128847703,8.334802299418653,12.782096104301074,8.615206784612486,10.364324994726323,11.448683433208672
8.847395015742313,7.218698044194297,6.541847370678501,3.451749801670047,7.971331272396527,4.530207171466731,8.339538064283923,12.73760685864359,8.54953129868273,10.279173634155168,11.412659603826274
8.89044421155651,7.272043392064822,6.549825576734776,3.539347591110706,7.4180741063485245,4.227644511398988,8.278495974021657,12.700678605516607,8.541430416430986,10.27975344563351,11.41482519648591
8.88219426592849,7.20912655773543,6.518343956506528,3.3440388501751412,6.941662757640254,4.1692459219416085,8.21324321524575,12.657668830009797,8.447128317683003,10.239396932211656,11.361213549704415
8.882101701727764,7.282715357249923,6.5608892131769085,3.4267930010532828,7.106733637795545,4.023365612644235,8.225842175281068,12.615075377760824,8.54774395005001,10.199365943088415,11.283593639095368
8.871555241075935,7.1684429233226705,6.471504456483438,3.295836866004329,6.8206711720750235,3.821368710152713,8.240748483940045,12.57716808475772,8.436031338733478,10.155940468382942,11.232236954587677
8.86113271688129,7.119311961044427,6.421278940583789,3.3440388501751412,6.990604303723399,3.9405023903569223,8.208866893784105,12.530454025880262,8.416709652837914,10.051089215144868,11.190917536217599
8.785576908725261,7.1026273805009446,6.37844504595247,3.2623608942547473,6.716648573526516,3.710858388006624,8.214056005599383,12.508188177648288,8.31920285147854,10.047877416932465,11.15860837396738
9.909994116862045,7.291868114513854,6.856356715896137,1.8281267562560088,5.499896753570384,4.782851326016241,8.074337694089515,11.506269809552482,7.743876628493189,8.132066514094745,8.814898199016124
9.807423199464624,7.021262519775732,6.80905156866095,1.9924297101446484,5.453419993130173,4.68726211564822,7.930965310578735,11.412840883617879,7.648294823434205,8.163637187096088,8.886722496713906
9.838504488337264,7.077291753809887,6.7613283986703285,1.8281267562560088,5.344458501325732,4.707526212685799,7.926000732175192,11.3532662334592,7.663178004892828,8.15919674038581,8.843557370460362
9.774580372313611,6.517145935537599,6.786854886915358,1.5869652838547432,5.53338948872752,4.7535901911063645,7.851401739568794,11.309521630517496,7.5758467249058805,8.128401637805204,8.814700174480159
9.767050354717444,6.853744843877275,6.742107270784525,1.6945949044475435,5.155216503676594,4.576999286164252,7.7856747150859,11.279035207488942,7.509554420082777,8.166418268075237,8.823196401653284
9.859013062434299,7.115654333163169,6.772965952633498,1.8281267562560088,5.487559379979668,4.838044004339244,7.893115917242646,11.251172169393229,7.689859166899041,8.131282315050749,8.753992411027285
9.764474496150843,7.050681288673579,6.647990960723445,1.9771623848670627,5.194806971694083,4.6227918091719715,7.815924230305565,11.222464423692271,7.6195933563497675,8.136986389522168,8.891624661794129
9.802948727157515,7.123833932574225,6.687814929435015,1.8458261641824028,5.150719271569067,4.6401082802678255,7.829586191673896,11.198587253471091,7.724868810155158,8.119014803561438,8.778298543786322
9.672927679416707,6.558008664359344,6.651442666276413,1.8281267562560088,5.548211041592424,4.524201099358038,7.674617497364363,11.17910761342984,7.561271885207181,7.986897775358352,8.715632308030195
9.853485821616019,6.735093579174733,6.688091777763144,1.880313544535372,5.150075097633748,4.394449154672439,7.697726642664763,11.157284589341383,7.493910986818772,7.940876493422442,8.64201117657485
10.17609913345517,7.618294777512407,8.236908871988746,4.17096264331959,5.7662354788643375,6.012899835984654,9.890280725048846,12.822801927428408,8.808302717432662,9.922757358006006,10.405494741347026
10.344527848154314,7.59783108268939,8.311441958072352,4.259545109633118,5.857615646940417,6.0784064696023705,9.886061033447637,12.792452858870595,8.911664758049536,9.980609074775957,10.488898249003844
10.27598630360672,7.327619921055547,8.22456855392196,4.031286367083364,5.819753172724196,6.0033382251623255,9.855267892323361,12.770069710524744,8.782152376931247,9.914439581522162,10.418152795620424
10.31134682933382,7.694129662364428,8.273211810218497,4.194692485805125,5.830578284084663,6.111713672796505,9.878587890962596,12.748061382650897,8.84228343824952,9.993029613683326,10.466320698932943
10.315730380587196,7.388520240575953,8.340790085985843,4.18120153840365,5.824359942986911,6.128808111040167,9.946368226680567,12.727189895040219,8.887959494954659,9.999121922058015,10.509450916876018
10.219842922178758,7.425940422922072,8.18830633452282,4.0527507421433375,5.614748836091471,5.958137545863828,9.84969054172794,12.702492435076177,8.775583758889377,9.812645818540952,10.395813439739072
10.349195643089404,7.61954973339993,8.354925211604426,4.136055121851426,5.763099041341416,6.036278554929647,9.858963110324193,12.673409632161546,8.932388583726837,10.001743893143528,10.495192764339729
10.245729619483408,7.248330202348555,8.17544126332034,4.083171205444199,5.849644930422333,6.04289671810173,9.767422158325457,12.637425063318249,8.787254254771357,9.855004341426785,10.393927118911696
10.282396479354597,7.308825557290967,8.196914461750454,4.105394453353739,5.8474016928064785,5.928997958035967,9.81229410943122,12.615314796821663,8.777778095298673,9.897118423627594,10.403073918506394
10.265732731570099,7.471097446760696,8.187225089378787,4.0906340200002855,5.707110264748875,5.864262283225958,9.737087900412538,12.589318388382097,8.715205812052737,9.78245674839713,10.359410217116846
10.522203888401545,7.628009501392368,6.7250069671412,2.9851206691076264,6.235499466158682,5.286019861234818,8.733379262700005,12.54855973279326,8.24476018405715,9.582859793493007,9.789421351010887
10.475489175493871,7.512289801185479,6.66154210856082,2.921368037798326,6.113190421770912,5.275844533423251,8.657515362920705,12.439591563851936,8.083040502472922,9.567585820046482,9.714495799562458
10.391582787291243,7.449924517089773,6.66452239402541,2.9738276085236777,6.018863518593394,5.066105068171451,8.522092283244575,12.338246499040302,8.02978022974604,9.415978708344301,9.555951671989671
10.347852097193773,7.126855113482618,6.493383968129283,2.7307531934338005,5.8891856949106405,5.042708021157851,8.33726876002009,12.246667467576716,7.923171126349219,9.238990454661032,9.465833219160148
10.356259538303867,7.2765256691897315,6.4759119701026915,2.6787360422663604,5.807808770638674,5.022417477435805,8.350246171203286,12.203614682763169,7.93989532741577,9.264247580760934,9.427249417886934
10.417204991072358,7.814291926065605,6.3976331077353965,2.7593065281398097,5.93077046662935,5.09306831193166,8.40310332784655,12.146873385880397,7.894922735576947,9.273719888289568,9.417641762710133
10.260045600792827,7.439272023452408,6.3106856564437965,2.663362410678994,5.777996257878401,4.890349128221754,8.286605332373231,12.04825317911985,7.731618782949698,9.10440932359551,9.296057207908994
10.12096977552994,7.467599612227662,6.234149260166684,2.4481276864691,5.661802414002803,4.911019578761933,8.254817815487014,11.959150770105222,7.719948892331657,9.034382523371233,9.254046736459049
10.328438607410328,7.612863969588176,6.202040576911424,2.5221671095660954,5.751866929553951,4.707526212685799,8.259256886251219,11.907519174453842,7.6814886072176565,8.978153273281375,9.16650225958356
10.034656155971462,7.294498066452696,6.1020115994013775,2.4671575625344206,5.539955513587416,4.756459604881022,8.222643142984213,11.842716783086896,7.605591449028214,8.93714252418888,9.183526288206314
10.483787620734203,6.031112524740025,7.2468273046498535,3.1734134973030703,7.211507529151267,5.767626317060364,10.451169558164127,12.389206002350303,8.388096394848203,9.309062904893823,9.7082124599822
10.552852342434505,6.291692594900359,7.242702546285618,3.3440388501751412,7.174758336822536,5.731541729881254,10.515949365377468,12.352055391737562,8.389486075572135,9.278719425382022,9.672637297597522
10.27687473239755,5.919968545402912,7.202479169532907,3.2623608942547473,7.148118603325726,5.763099041341416,10.354482489342232,12.32167513267327,8.416930769477844,9.274664286962501,9.596271483143802
10.435319000936573,6.191589634662296,7.140259331788828,3.1451095789348074,7.080250944430007,5.605802066295998,10.320127763600052,12.287313711823575,8.351007415482094,9.197270893194917,9.548933373898365
10.331910797869037,6.068065430802612,7.071648819768765,3.13065163999705,7.082958972114292,5.614748836091471,10.247215939153351,12.237605334394518,8.302265794873367,9.139564960207872,9.477909018583919
10.458114408419545,6.2776037612156985,7.115383536198693,3.0392174386852178,7.026663610144863,5.600066679777399,10.287968090608905,12.21023076635103,8.31746772863644,9.179186765720484,9.512019855486162
10.401887631265236,5.906148704614269,7.080662291030576,3.0497994421926866,6.978358708823431,5.48110177454318,10.288051296738052,12.186991870957616,8.306472160100585,9.150016954793077,9.525260594873822
10.450302391670704,6.153819571924118,7.05318230097087,3.1593618860150205,6.935845906895631,5.459585514144159,10.300349836236382,12.153528979121658,8.239300087624528,9.118169038734765,9.490599126152317
10.415753471978151,5.940638985421698,6.991360862836934,3.0338841464702333,6.983831150693598,5.5205716425741596,10.181801716076649,12.136848318705932,8.217708406845306,9.076712467265947,9.422099364423755
10.41115285454184,5.885054091567242,6.977053293241631,3.0757751350736693,6.957222461541939,5.5201267082002445,10.123186065313666,12.110098923420336,8.197293971331723,9.076242469200796,9.374125443927198
11.471709758684833,6.1363342054731325,6.347778310828992,1.1860338592946031,5.867474802119903,3.7560188088996154,9.29932554009121,11.756647290375128,6.861594988162324,8.640267879772212,8.956915146386384
11.404720042176688,6.102856827542629,6.261915678392317,1.1882945401393357,5.857043873476003,3.6463197527386146,9.175666108042162,11.70402816922373,6.833989129938701,8.595523664822192,9.027223832467191
11.406933762489237,5.862430966999457,6.240925400246058,1.4244471966024117,5.74093553887541,3.666406569852786,9.233012516502267,11.671349287647113,6.641617231745355,8.584448850289435,8.92845480063821
11.321651824295964,6.360572988762794,6.260218603304818,1.5032548363439584,5.768043175955414,3.702672885835307,9.183046824786002,11.644761782917062,6.659863552283972,8.566419239622038,8.754027484960549
11.394427048464973,6.291198700583904,6.279146613309763,1.0811778549865145,5.704226809258293,3.8066624897703196,9.158986256791717,11.619660435601915,6.653436335949452,8.524667411711564,8.936084796686053
11.311632958912822,5.604248580850317,6.260006268660149,0.8183117941011053,5.683655342714084,3.796736949720968,9.174584228504344,11.581605813573658,6.651858938325855,8.529815416904425,8.805465089886448
11.302844695063241,5.986228638631421,6.243735312397287,0.7259386162848611,5.718561623030895,3.6971781742839998,9.113435365311297,11.555633040696376,6.682665384770866,8.496142050811576,8.72809140649392
11.283333249016152,5.855135587797506,6.230481447578482,1.1860338592946031,5.695675636192949,3.6635616461296463,9.116161551942971,11.534487328216724,6.691807997296382,8.42912913910376,8.648229250283476
11.263074108791459,6.257497286025779,6.181166220390736,1.0761382964517692,5.643167127796754,3.6317210990975153,9.02784280009248,11.513333603870215,6.61472560020376,8.425993662896424,8.719070431619548
11.339407575247874,6.342551678258916,6.198252857654787,1.002809654294602,5.676829895263547,3.771482880347351,9.101105694769755,11.488551257193663,6.727564781866642,8.442938884248377,8.698651412309644
11.022199809910994,8.117067139150112,6.799291185538623,2.4849066497880004,6.984098842481145,5.953531890054162,8.759162858884975,12.901426750140772,7.403365736941647,10.242372352655668,9.915816789665454
10.965865686123298,8.141468100197212,6.77649432410494,2.466214705455075,6.974582843883895,5.882703199615924,8.71082096141949,12.851141446033512,7.500621614926806,10.210153698242472,9.990169708671852
11.075733679879207,8.034400575391196,6.786578995265753,2.209494547976807,6.9363427358340495,5.970411146420788,8.708658005942695,12.813376463678534,7.495572810074557,10.205330140093913,9.861258318318392
10.986750793115451,8.042685211999723,6.697706170024237,2.324563782321493,6.8962448474044455,5.837406458827328,8.66924643487517,12.79341436579244,7.432385181751943,10.16075208313002,9.81609428427167
11.002249459677502,7.996040351718152,6.707120383990253,2.093234726825861,6.930711966213359,5.80346019376921,8.604613744348638,12.768759490709627,7.44382620940426,10.168748046187638,9.77433386547496
10.945239030076209,8.107807073185185,6.6916563062556165,2.313634819290515,6.833151456222512,5.858250561247459,8.607257311041906,12.747622637942944,7.421609643478837,10.13804439059615,9.778062893656479
11.007536517162682,7.9829700412402875,6.65756879147965,2.146581363997849,6.911193800485391,5.795044076076514,8.618123909994678,12.71711081337707,7.390901335697518,10.086011403867163,9.721745827407299
11.05996999751023,7.898477106228655,6.666377031525009,2.0794415416798357,6.91627444759715,5.726123641837687,8.566406546027961,12.69270485457555,7.402756352401156,10.083443814223797,9.735397578251796
11.01612656070003,8.044433768456702,6.621538798691966,2.172223528295327,6.857280365419103,5.751513888070611,8.56110374390714,12.657118080422105,7.354966396177579,10.054928373581827,9.682071674809059
10.960771931751434,7.976770912458955,6.545812512971724,1.9616583497734403,6.837094352779416,5.679413891229376,8.542947569889762,12.63141761105677,7.333349758385467,10.047292999785366,9.677729475075193
8.937233051274768,7.368087288531141,7.421855533288324,2.839727960142343,6.64786128987055,5.284162101839055,7.527805940312733,12.87484314205844,7.837422809213547,10.068189985154973,10.274452462229197
8.867568333206442,7.268951096355318,7.271333012754457,2.538974134216136,6.506149374558705,5.040337904767099,7.402871487497941,12.768830444546367,7.727779820619584,9.953354385461113,10.140129807419763
8.740052257468353,6.9982457809582534,7.143020615696071,2.4756043505836263,6.267664274021158,4.941404322837232,7.250335807658991,12.628899095512244,7.503718303941435,9.67369416247256,9.960953203229556
9.260484116784724,7.6838332986996996,7.144424717657493,2.547707724940059,6.405265184629139,5.025122446705425,7.462993246802932,12.564267894334588,7.711250515218411,9.67913910875544,9.906476414933518
9.470205790773925,7.873572410604453,7.132160258361329,2.556365699977038,6.400478899191415,5.130358845733045,7.556788014391512,12.511135255893766,7.788303684614884,9.6831982570804,9.918484533542037
9.186593977904838,7.490554214706533,7.06182976733547,2.6390573296152584,6.3036766213687425,5.088076343466787,7.418794211996093,12.45533170991935,7.6586995582682995,9.631282133769492,9.885412964879057
9.279970077574573,7.869631044076776,7.037144769510552,2.4375040225438265,6.269979738042502,5.055325381888566,7.466685117422274,12.409056980662744,7.62921992854142,9.537288028449533,9.793863640394285
9.23968340142589,7.770195061086538,7.060400062659591,2.538974134216136,6.176837007658483,5.036736150418157,7.465222726600462,12.364289760477428,7.566885958156488,9.490163309170322,9.800764296804795
9.369810213375773,7.956492369043794,6.990686122741828,2.6931247012614628,6.24830073294287,5.100340583687221,7.5123869227802125,12.32598521460875,7.580756439393325,9.46875324998853,9.706829044253505
9.268630244031357,7.782084479810844,6.937551373456002,2.3877430033751637,6.219529309375199,4.961055898565671,7.499374097351271,12.287593695808905,7.5505444013689855,9.429632962650537,9.702423446364797
10.380920115977966,7.839923734018765,6.375497927656435,2.395873229846732,8.213839326091668,5.050567997314189,10.851818148600715,11.84571879986629,7.708909469642135,8.80499192306307,9.323327729394592
10.389875322890372,7.563264048288626,6.288787496596443,2.0766601772694524,7.853699736747784,5.003946305945459,10.815922861810723,11.736189986727219,7.606332137127406,8.791148143585959,9.156325248348802
10.32842298861752,7.59868333410357,6.191566897001475,1.9427308146092206,8.046698776154745,4.922411036409572,10.653215634555066,11.603698194371404,7.512556860146185,8.705367954726134,9.053720349664088
10.206191644099842,7.7202694267829335,6.120175301604821,1.926679272564201,7.9112914341216225,4.800371442208777,10.59169030729429,11.541281926534483,7.40859790402137,8.565919862141431,9.049762041826288
10.136134690175552,7.640502374827608,6.0759844019992535,1.669800852956148,7.658133092996354,4.77912349311153,10.548504268002349,11.461614743483459,7.239613716956031,8.467325781025389,8.950887199067015
10.089286851219292,7.500965482098323,6.012219882198641,1.9103658695304224,7.846120565174603,4.634728988229636,10.510115356236346,11.423126083943034,7.3350543550450915,8.469099450887557,8.966506466402784
10.167741057034517,7.4823128461893464,5.970269281040429,1.9103658695304224,7.810947263617624,4.721470612010661,10.511670955252855,11.360684386592983,7.294528252568715,8.415431131321979,8.947019873262418
10.132747913567604,7.531856016977369,6.037207740640154,1.788049261578662,7.695262692835513,4.746862611606905,10.490636359605741,11.29820756792886,7.152355860861448,8.35840585321625,8.826336645552507
10.100248341721578,7.731691903960057,6.016563589289778,1.8088951446747417,7.384348263165445,4.621699520726186,10.459131654328967,11.237824802543521,7.254570668867363,8.306581892351387,8.675916259639445
10.069154992443979,7.473580320966732,5.944984204495628,1.9427308146092206,7.409889909236714,4.670749852445727,10.44463673458689,11.184432354743722,7.22345775249635,8.324309383520102,8.644092081794605
9.71180027397181,6.172025304604321,6.381665600002597,2.606796795265836,6.459800114035992,4.918844806236048,8.691435905396967,12.076166356783862,7.361975274447038,9.159479732401092,9.597992960250012
9.620400093994853,5.6998488146169475,6.333910974091959,2.556365699977038,6.115499598123123,4.781548198195654,8.489787735040448,11.97823678308546,7.242837664493314,9.029750648293192,9.450551659669603
9.586755740688323,5.836887847380464,6.273547649539403,2.245426208565751,6.184927515565689,4.539267748472642,8.508118809467785,11.932131948634131,7.174086028076835,8.947488211306695,9.334557969807967
9.691831242007888,5.983208333178034,6.3103626158575645,2.4375040225438265,6.204198546543187,4.584513906434481,8.538291275324474,11.911129385480901,7.2362193427540555,9.03707105296953,9.454928774731378
9.589497248116894,5.682218296740361,6.260897786624667,2.1202631362000113,5.998771114017753,4.719093962050605,8.478833440168867,11.89220317534983,7.1433103754198655,8.95712413640568,9.322513628425131
9.563167812958904,5.5706319618686955,6.203704428886075,1.9299099689991817,6.024361896407859,4.703103195891672,8.480886450279623,11.848474180062395,7.106742743150455,8.913191406902806,9.296024572156156
9.763782858522251,6.070327066325319,6.272499576837969,2.313634819290515,6.248343718998736,4.626714237301393,8.67716499103118,11.81029785100827,7.159162292976854,8.848924046862184,9.2534594592775
9.751441046465066,6.002624270113932,6.219529309375199,2.036882362043554,6.223986206181008,4.5980336816094605,8.670248032173985,11.775979149886664,7.0689761403539,8.859158251964221,9.243469921601617
9.538457964116441,6.00207473446538,6.200779583726161,2.1972245773362196,5.933541137792418,4.39115150116269,8.387274312656174,11.73818934455884,7.0522884297144355,8.757696300317484,9.172483883285404
9.70736249769973,6.052193728163791,6.159846818571195,1.9924297101446484,6.240362469099121,4.503014418523585,8.569943756169355,11.702375167147435,7.002105398075626,8.813471542762896,9.189225684645566
8.99916107394398,8.898805704087478,8.418227003953078,4.176095195175947,4.9967616992977115,6.160597663317329,9.280550280040252,13.136774919349547,8.204854062208636,10.210194171716722,11.437316828921942
9.109212860058804,8.75161512440292,8.449932153724777,4.293498926817273,5.126869812900527,6.083587835983788,9.209028400718145,13.098021161744281,8.249720345940723,10.298474249678028,11.562858996388995
9.05887903545456,8.44624603155113,8.36437347679503,4.105394453353739,4.96548296497385,5.916022342954783,9.121691291409096,13.053372529722472,8.182435041708333,10.144879582907071,11.37442568679062
9.219559962636431,8.414618915030713,8.396801757595245,3.9405023903569223,5.0747570408954665,6.068013975765538,9.329199371686691,13.006357386857584,8.228562519853217,10.229955948976146,11.366986109371195
9.300522272789141,8.748393092618617,8.39923013855773,4.06807655935586,5.215780835212908,6.05584680603725,9.23519557329951,12.969888348452995,8.268019327064236,10.320832189134412,11.442113201321227
9.375916955132904,8.89143514945074,8.376520168232974,4.046942284492564,5.197514338636796,5.8294030423873044,9.197604052297656,12.933626754676373,8.361214916888045,10.366811282096478,11.469999522557178
9.099850675643632,8.482739764036895,8.357019223287372,4.023365612644235,5.084436347726735,5.822519780777585,9.12221322074192,12.901610438522786,8.206492660662082,10.217554301084723,11.36644725783737
9.221825278231334,8.733647754042737,8.373651224341081,4.007333185232471,5.171367468297062,5.939703301142905,9.226301206478746,12.872435558764357,8.303284643387247,10.351581377578233,11.545273362223014
9.043072930826867,8.489090882612977,8.232197877061944,3.8501476017100584,5.0747570408954665,5.763238665102881,9.057461105393791,12.85060612551382,8.115454465713073,10.139900891877675,11.351365683225502
9.216505770784666,8.423248745972028,8.339070805749548,3.93617342227648,5.123567055401254,5.918714617781139,9.126294291237677,12.828444861663044,8.198731126012973,10.188276276539296,11.34458189265692
9.847203462187506,7.702340290522534,5.931006569218177,4.422848589194136,6.2833046380071815,4.225535238339269,8.953407331672551,13.505145274205459,8.764560084645192,11.244181303309952,12.292970418829649
9.797797970519683,7.695186858868004,5.97290446952707,4.227644511398988,6.189176314712146,4.044414899070231,8.92543665897348,13.422445714466276,8.603069110016905,11.144935797865452,12.251421604539019
9.759185346394574,7.357818354045217,5.94884695709559,4.330733340286331,6.14227632328081,3.851801127499503,8.925392335971624,13.37819469041605,8.53291779722732,11.110759741252297,12.164168642255765
9.731028534226853,7.471154375457627,5.889739387750016,4.227644511398988,6.095574283367284,3.676863045391031,8.818265216493428,13.34183081117458,8.527345921587262,11.082044937344692,12.100417827291814
9.712782283632786,7.781866612146342,5.82495070739532,4.447866340153818,6.025060504594515,4.187463858945339,8.728674333234693,13.316371527320925,8.53806714072044,11.01429535782631,12.098569898654903
9.624608838564628,7.707047668747383,5.891889734168881,4.021375582196146,5.985893507645119,3.969662847807221,8.723986920245167,13.274986758172497,8.468287688195513,10.957859394630363,12.05769269960952
9.678652989141565,7.543373389370503,5.742219419204636,3.9848603707027257,6.083486508460907,3.3851432001566817,8.695707509867239,13.220609606431088,8.36523787700987,10.988704786021609,11.99321098451554
9.551939917881331,7.536642416959093,5.7864883099783535,3.88955017230336,5.967570238288347,3.837538870226283,8.737662948927571,13.18352344799307,8.293888517122417,10.902191308846776,11.948357993701096
9.551047280419215,7.41374924707626,5.798014619043643,4.050818219802768,5.869296913133774,3.7526363417306015,8.721526262549506,13.157145365090454,8.312467868383482,10.889380836670801,11.96135164703208
9.601275991761124,7.529627222940288,5.723875549964351,3.9512437185814275,5.952088277856478,3.693590589269054,8.795814336872954,13.121199099896232,8.29469387753652,10.869765403942745,11.980918950229585
9.851983709669012,7.947112840432932,8.084891174381681,3.3877743613300146,5.571731471428655,6.180706539849958,9.921218318342138,12.543441424565676,7.862779424529235,9.932910423209298,11.127278997118271
9.764334036207298,7.684661329109392,7.810695058197484,3.1565275434036066,5.564520407322694,5.9872891673293,9.6627032020156,12.327443459627727,7.557043451711986,9.664650669406534,10.821762536679019
9.819532107245356,7.550228857316202,7.763852409137348,3.019882788016208,5.597598583080401,5.9245528388548525,9.663339123098117,12.253947205471478,7.5210532510630355,9.75519247275436,10.716025857750658
9.796984408771817,7.518583090574163,7.791091139213494,2.975529566236472,5.593471466245466,6.059123195581797,9.706566608017907,12.221803432015047,7.602434620184274,9.76248578659727,10.72082632579205
9.787415552098745,7.463847403242908,7.673615806801291,2.9231615807191558,5.541263545158426,5.80580408235955,9.676447531082227,12.197918546591618,7.47411651656009,9.657166351464383,10.675168097206551
9.767833273324403,7.367680516425251,7.661924385952005,2.9409238610026427,5.543874525736956,5.927814511150531,9.619723719747627,12.154310410786227,7.496627776376948,9.688696521602063,10.625413295835752
9.771535864093108,7.5782364043464145,7.6733574795370725,2.8741921262846364,5.522793349780446,5.934306139150387,9.553922196193367,12.110434039589888,7.400186084703311,9.572486543714462,10.65271781583583
9.802530905597951,7.438422746922375,7.651363184690029,2.9350380868179733,5.610692039395067,5.907176739651576,9.5946121080709,12.078153601145928,7.440251067463169,9.573530269740617,10.645120088911396
10.059360558022947,7.3143752732857745,7.524237374606597,2.9050780877675955,5.926926025970411,5.615153644840169,9.645033411412918,12.06014749679198,7.51671134369288,9.643181390871367,10.58401881931377
9.712676730480657,7.5241174041195595,7.614345036882983,2.8989768498876947,5.515666402035001,5.713366038588637,9.522918288072823,12.041003604495431,7.407627801949191,9.471086233689991,10.563588562718856
10.47494156281735,5.476138059634096,5.317738646630806,0.7472138755142931,4.951121142978942,3.06027063844155,8.427312246606798,11.590854658684258,6.516686046229169,8.51747981633539,9.012229483965132
10.447806622524096,4.992395896319888,5.236619234350467,0.5753653949027806,4.94084846465094,2.995732273553991,8.25533191183064,11.424471229378762,6.495601179367472,8.41663348010049,8.941517853508536
10.70921710828652,5.748437115196633,5.199907969126358,0.28767957244865583,5.104597778287889,3.6048938584638024,8.170745139801138,11.33452089344343,6.480214961518247,8.41670719595741,8.894214623751495
10.60828109467765,5.958596952094146,5.171934987294101,0.0,4.872649576632557,3.5457787066271047,8.057124051314032,11.30498588417782,6.491060685551448,8.410495980557084,8.850582904797735
10.636552852524286,6.149725816872446,5.085055393723605,0.28767957244865583,4.857225106703456,3.6258214364899874,8.08150252584466,11.27549914884949,6.439350371100098,8.286602534115598,8.755249000264849
10.741449588412461,5.9690769035343445,5.128780397531523,0.5753653949027806,5.027528857565036,3.4011973816621555,8.040904965799374,11.251539777110429,6.573214513868333,8.365954194190707,8.805859778574332
10.565783696278958,5.662690374216182,5.035725291133602,0.4418356094178148,4.863251754328817,3.2144215191616765,8.037392391843662,11.225094492500057,6.391358615753283,8.344792921885373,8.768645141796101
10.464921369426383,5.42019078074385,5.014553541064191,0.20066887727868016,4.873499546916411,3.1208955635668096,7.934784043318191,11.196276007932333,6.351661053062072,8.301932379514843,8.78594895283456
10.608097121451529,5.324797015583546,5.111519124333848,0.4418356094178148,5.051279480809639,3.3282284016362014,7.976358811961497,11.170063412428322,6.391358615753283,8.312541496949137,8.809864463586639
10.577661994566931,5.743572833223029,5.181970779954529,0.20066887727868016,4.885323966830163,3.386271881821408,7.927516740793381,11.147434792289564,6.435794183148131,8.29867503644443,8.82111108029755
9.777029497345039,7.949824651411605,7.180907299649593,4.11523597566044,5.317793126703482,5.04628836873741,8.020927718981577,12.874793472488427,7.065992830446744,9.594127005446149,9.888650244056304
9.769517968491195,7.825853264788661,7.208838814333699,4.057373130870155,5.4162978938127795,5.038394549321309,8.173136710182797,12.77921695343017,7.150091247923058,9.696817973978563,10.010955845220423
9.807698369077869,7.91363074059838,7.06313377616165,3.8651642848201515,5.2918520614320155,4.859812404361672,7.882147191707288,12.722231157466688,7.258177383603073,9.613127081708999,9.928673268409138
9.738691522411466,7.848356977946357,7.16238888491553,3.883623530906448,5.461663736122833,4.926448215926405,7.920083199053234,12.643278424132154,7.2767868948255625,9.790840679062603,10.089570544587758
9.779044890839824,7.798737318727889,7.1240219023383204,3.885907135487367,5.713145900641129,4.674903503277378,7.847588913026756,12.618545144426967,7.260366422859296,9.777123429560902,10.052601761036017
9.859396330848982,8.01417772878499,7.198673778549137,4.018183201256536,6.1528272434257225,4.629320602836426,8.00120612361904,12.595347168378929,7.387021434528403,9.900755490350676,10.098002979321906
9.900243406981819,8.020113399339861,7.169854554497003,3.9939102263253896,6.437822751208632,4.624972813284271,7.9116090882979035,12.566025533365792,7.452917915796742,9.939100805082326,10.129360708288234
9.933208153823424,7.827936210209087,7.154953838684745,4.002066796665387,5.9874007510626965,4.906097476966209,8.038691333498459,12.54329515619684,7.299421917907683,9.81331299596477,10.056852209242422
9.898592256602836,8.020076867622683,7.057792751157085,3.8223413755753937,6.183094500211352,4.745897835830699,8.01668453425461,12.51200524271341,7.337443152734515,9.717317935044216,10.045281246028166
9.81159153783159,7.898481231458399,7.123484749799419,4.041880934138349,5.696496731301224,4.948759890378168,7.950854857719988,12.485903309532723,7.25974147088281,9.832032724526911,10.017802854102207
11.34517168102915,6.158249364752807,7.0131257925899835,2.4375040225438265,6.04947136900357,4.493617650392902,9.320316220481011,12.54512278664134,7.417780580575757,9.670830137603067,10.064245404421623
11.303268065328668,6.042738386306282,6.962569585325377,2.291411904755465,5.9618640687480005,4.387566759800877,9.214881157985449,12.48329087073531,7.404346742044079,9.617548404974604,10.016424792041791
11.27136728929044,6.061042427443883,6.875243564483441,2.146581363997849,6.015886122971218,4.342361392732317,9.188158382681982,12.418783610609179,7.30548685359191,9.547594048907655,9.93111947234706
11.183238291041972,5.8691085620634915,6.881308628967154,1.9616583497734403,5.952088277856478,4.538555484412044,9.141140336175043,12.364637236361153,7.341411840697149,9.538680425418734,9.845764861698326
11.154179807153998,5.785669634128385,6.7833377826312615,1.77306752489513,5.893790470499886,4.176095195175947,9.17720404502757,12.323985894930601,7.219723376500735,9.454214224477786,9.819079450629044
11.015567630849773,5.802252626183751,6.719026572169637,1.7346016436232274,5.792335878777307,4.141369518534808,9.109053030780055,12.25733683672173,7.1045092194185395,9.41435546896054,9.754652994642726
11.03003164633165,5.816912717655784,6.682540133397458,1.9616583497734403,5.798419033689596,4.096194683025973,9.061087308721316,12.210787457764413,7.185218652923371,9.3661230525084,9.754530491989401
11.144725312662345,5.650303565481607,6.691821785121865,1.8632177435547899,5.904453179209261,3.9765614640657154,9.075558674617781,12.184829544588808,7.316917251923657,9.327278606444064,9.789473032097968
11.072689116737683,5.777789898898008,6.612354601257399,2.007467445039643,5.825016349312837,4.15366119173454,8.898329175963887,12.151165636534097,7.112870630492133,9.325784872723368,9.67091847013726
10.93779003470948,5.5256299752527935,6.625112342066951,2.0512709504273845,5.726123641837687,4.150164562267249,8.959620052891738,12.116806425254705,7.1252830915107115,9.265117867678685,9.651523627949581
9.64452034508124,8.303579090318157,8.292759918768903,4.000033882750859,5.650537944512388,6.136766679467211,9.032979822609898,13.095954102191463,8.098102339050447,10.027501505865786,11.382598583154941
9.686324002196526,8.229294799569104,8.197832383277703,4.030102352735452,5.65014724710024,6.0673962623736575,9.240362928802867,12.997768141311356,8.206735188098897,9.984707515741588,11.344368210722614
9.791790335660465,8.077954108666509,8.172402898688318,3.8320174303985177,5.834485801235741,6.0033382251623255,9.488906015529393,12.944650331755195,8.101745084581315,9.748902426434086,11.092141283433797
9.693114197193932,8.096231970333266,8.153784515276811,3.8125710000941857,5.637959181886225,6.079424553173405,9.246704444390678,12.908694466270912,8.14261286721229,9.856842502513333,11.208176504057944
9.555817183311849,8.153563962393623,8.133443911620411,3.8651642848201515,5.560254193523291,6.130984916828556,8.97617800209156,12.858825344339923,8.048823781306702,9.91843472932481,11.215947878382009
9.673617959532299,8.19716238311497,8.038461806675425,4.039927446412536,5.54907608489522,6.006900349767362,9.146607452654314,12.824271697673174,8.050207225241886,9.729476037898666,11.27085333765569
9.642113409136956,7.98054440806572,8.062628870688087,3.8439820378797065,5.475533328612945,5.958137545863828,9.046264676052003,12.799188234599859,8.060785605272006,9.783224569099678,11.059882257897238
9.644599516828134,8.19780485794295,8.050937196607899,3.8510926868912296,5.575949103146316,6.100069795422598,9.182066632347876,12.782430608935618,8.055968691791623,9.760897475931761,11.194146486489505
9.56866495451266,8.103988206590081,8.0084986286592,3.8416005411316,5.5205716425741596,6.003612683787867,9.113450056014015,12.759631651940138,7.979681302387741,9.713501363953519,11.144636673920647
9.745921695708349,8.093078589537798,8.079914007888714,3.767382592643479,5.638354669333745,6.139405515092493,9.39024233725137,12.730500603321843,8.047296222082132,9.698366041149153,11.11955623922406
10.488281471972963,7.043538298541104,7.928758317271894,1.618286646653426,5.643127744053168,4.583833059950698,8.425677137405017,11.817307890284162,8.53190663783039,9.284639437084769,9.642930542599922
10.49083831994874,6.963810001756892,7.8966684352730265,1.1515082980216065,5.6364152810386265,4.482374558256906,8.37641273052715,11.768837075464152,8.43161109578992,9.22009926569455,9.580562032607013
10.415884607756709,6.828339231582696,7.806868201469584,1.2538195529704923,5.432313938459896,4.386184603328768,8.32384034749033,11.694421403285023,8.422906931427057,9.18982695925188,9.515510303537745
10.42221785197131,6.934061769059175,7.779550610969728,1.0479679064984946,5.449176936609889,4.543294782270004,8.276779137321002,11.655100628487892,8.38482937062865,9.158398913891709,9.51380556608868
10.373462709189024,7.056931704838648,7.782473734945333,1.0427612551280943,5.467168984679473,4.645458694229844,8.212285081727355,11.601203604102794,8.34453149398576,9.129306246844063,9.464620767535441
10.34419753188433,7.054727875040154,7.6740909630426,0.6782213423733271,5.310520405672305,4.504735739526271,8.144182366295482,11.542544351717343,8.262100204221655,9.072808607953545,9.422157801847217
10.315666369513973,7.365876086316099,7.636687792952951,0.4973999007274949,5.355065212783306,4.4836301516422,8.177003833250694,11.501258447030606,8.245501112236193,9.035465684692381,9.38907215991958
10.235237545824843,6.9492064067565575,7.587468177322203,1.2559322268009008,5.275333039007541,4.230880727658554,8.133574373842407,11.440841750316462,8.204246489737091,8.938029919160943,9.265301930050157
10.245534696514813,6.953991919015411,7.529752498924591,0.6201785590996495,5.266195850358411,4.425511799805109,8.115208686973329,11.405086200751937,8.155457845212185,8.913903046574415,9.284746711899528
10.279168292071242,6.882540029841073,7.467929642313844,1.3769912207937463,5.409709669347378,4.2162344126180225,8.179031528517761,11.382772106415809,8.14905598025293,8.799118726755639,9.12543586488574
10.768797689758653,8.137814844596978,8.324406398163973,3.091042453358316,6.448009956922366,5.739435581463188,9.930392350585272,13.22622074389929,9.094068693269294,10.540001769330111,11.148688029052005
10.70172696271842,8.352866091692944,8.159616252230647,2.8266560092995285,6.29321387882543,5.575949103146316,9.811217524683185,13.123118181348147,8.875131781218132,10.365065857583467,10.994219987711075
10.698533513958035,8.476854875737843,8.160156276259542,2.758602621110102,6.354563256912523,5.542134616645869,9.76884824468584,13.051207907271415,8.887529941836762,10.38352642363395,10.960794705337218
10.601817667456984,8.383989363422277,8.087455882332353,2.6390573296152584,6.3058696937573115,5.488478488491805,9.733355402349693,12.996830363088343,8.843390599454874,10.29019901619318,10.919739449775472
10.584271680023074,8.339312426095741,8.067622926980537,2.6149600219386073,6.289303203893694,5.500804597473791,9.75104578219093,12.944488160964154,8.779283913859135,10.258792057852675,10.878980928354048
10.528922886014737,8.546210314937515,7.995329090547295,2.852631237605607,6.24546056836908,5.4224996168193655,9.700708834421327,12.88339327205832,8.754791763700032,10.183173994961699,10.790531628909875
10.602754027465512,8.553544406880734,7.9363265291710094,2.670309565427008,6.433475849517427,5.352910754631431,10.072356058563924,12.836967844374373,8.7326808437821,10.070073450694018,10.63505277371316
10.601278655626624,8.48718977901024,7.9301902209454,2.677973051208397,6.5189833954547085,5.398665335357193,9.997461486324905,12.812708293857282,8.70748291785937,10.070313277934995,10.672462416252388
10.617892455884004,8.113423312594604,7.930270154280279,2.6548055303333857,6.47731418138616,5.2921875173519295,9.953312102020755,12.792360626243733,8.746539687031733,10.038677222333733,10.670082924124232
10.622185243196876,8.585036662061718,7.902676439271245,2.573459962383679,6.418546175628761,5.307717496563529,9.952947333890494,12.758499448179824,8.637934809703207,9.978206885235188,10.586100553946654
9.369226488191106,9.165110529234012,8.376223409296246,3.9318256327243257,5.8944028342648505,5.704004683299365,9.134699259470867,13.547351146249143,8.958025443361693,9.856439037365194,11.889693157537446
9.265190444422709,8.969499476127044,8.325042149530972,3.8665606778630157,5.993961427306569,5.708806864576223,9.01181354988547,13.513309925349732,8.964155621799527,9.867085175021318,11.693740424416138
9.50504274460387,9.035060629706479,8.274985740729173,3.8872748812970377,5.893484147938954,5.725254002680173,9.104577306417127,13.476411471977308,8.974716486773476,9.832918439611662,11.654716362145544
9.44325293948923,9.064620717626777,8.236308704276146,3.9186674819216467,5.984775550567924,5.6064554557317985,8.955210101764676,13.41486526585425,8.886562771807968,9.726003608999608,11.633764665261003
9.31663445182732,9.00026385143735,8.270587657725578,3.8382567594947523,5.77868377252004,5.6064554557317985,8.93877075657506,13.377686793508493,8.895203356844155,9.744774443472302,11.655773558192205
9.194847644046442,9.029218095358189,8.177584484410234,3.732364619245163,5.803795397392258,5.599080186763385,8.860095504997446,13.332753359923975,8.79850501635698,9.7267994313053,11.622531057535676
9.26269454797978,9.044049632254756,8.09499553780429,3.781661212881358,5.752219846442988,5.613776728104305,8.983584749982068,13.281897199237228,8.764383075893106,9.624687400125868,11.510491505292103
9.09774883762664,8.820092229837028,8.19494114532389,3.5866005742242866,5.905664554278015,5.5583712718823435,8.947233832090443,13.254080038283808,8.878636747430072,9.71483533271412,11.559251325426406
9.40102868134231,8.92336915747168,8.125900511324117,3.702672885835307,5.586416027214897,5.546738725046515,8.93671314055358,13.219372053347078,8.740354520172428,9.629945043638067,11.458498728476544
9.22623996783527,8.904358542352968,8.048404823441304,3.6971781742839998,5.791657689541529,5.369914231366252,8.864470335644352,13.185636243763689,8.684175479194376,9.604620194695304,11.397523467403992
9.34315359040034,8.751154464420107,8.320404825948792,3.9910395252124893,6.275180427106659,5.86457768774139,9.704836051627868,13.33444774295918,9.049170858665539,10.44371662667136,11.601596889285199
9.297937040815782,8.5301927735244,8.178401824489988,3.9951378507889577,6.159799854884943,5.646231819193682,9.605773101645369,13.25053156930201,8.906247335948708,10.3368596138973,11.409600407250553
9.352344243696438,8.423243862034804,8.141720447858575,3.9296446286120266,6.104297082567289,5.717393128050825,9.59897124275618,13.158734050144188,8.866319940876673,10.285865979963042,11.356898359089561
9.427924498285156,8.376187586613456,8.010189883285538,3.847780760396475,6.167283528744286,5.760652795149395,9.69104624980913,13.052374724577378,8.784711671601821,10.209762370304324,11.215920663140933
9.420549972803556,8.160035591017614,7.884551408624646,3.5521684404191674,6.1449006788494085,5.7731703436769095,9.917573434553578,12.969975646362586,8.603682765623805,10.00649029087024,10.932579846705217
9.436681472078117,8.395597897578964,7.902175095489865,3.5616771334495767,6.164016305293509,5.6717948144591706,9.871832899863634,12.903185231243498,8.595496952921993,10.035241672496818,11.064273415245136
9.343406517890237,8.194131079001345,7.767612039485696,3.6375861597263857,6.0673962623736575,5.6199982121993335,9.918980251990732,12.860439091675996,8.582446039861297,9.927464461754859,10.942250358743822
9.259461698448183,8.103924379461654,7.738894719561416,3.63465792927281,5.883631839210707,5.562816120601729,9.864824106360757,12.809972557429342,8.580966837611536,9.896171969793789,10.980466405610848
9.56923629231989,8.156376347353836,7.837878783388533,3.7429466227526316,6.079678906474073,5.689232704915427,9.987243358274823,12.732389918311073,8.623419332911892,9.972417458974157,10.92374863427525
9.50835471545151,8.16658867367258,7.686998601999,3.4085774154303636,6.033885255004714,5.210093127065236,9.740546311524456,12.65790516168383,8.522629499878015,9.836213441348374,10.84415735185051
10.991260754469538,8.793382811391293,6.783564254700959,2.3471338943347266,9.419140659934765,4.954260902242497,8.983643291850564,11.67552275252793,8.428046203267956,9.087798531272206,9.65455670997068
10.981138153587088,8.596649060472132,6.646808894847078,2.4481276864691,9.329533770824892,4.812184355372417,8.89811663880689,11.656162040158959,8.274583623096246,9.018590507647176,9.569211458028507
11.016825149067305,8.61642295234374,6.679166378629012,2.0946035158216647,9.330726436367328,4.776318470273808,8.911149362381913,11.636476033895931,8.350114864822874,9.04201639042608,9.503557928328462
10.967902268649734,8.519155708419362,6.605433229790841,2.0383304428729634,9.25885430752181,4.629320602836426,8.853770183978927,11.613615591328985,8.253430171946924,8.979307447488273,9.590518821016634
10.973099096106502,8.45910257803681,6.670611403903899,2.3267351193867554,9.325491799543029,4.623882905825371,8.945153014930131,11.592885605142856,8.381831553485561,9.019975891007801,9.537460281604272
10.990933094854297,8.51646848487988,6.691242470622505,1.8836973023915213,9.308906860611119,4.82117721278043,8.920115811472458,11.578980023841638,8.366447817281893,9.034877904552992,9.493488012663446
10.991313170012633,8.528845044156686,6.687787230417965,2.408944909184736,9.3462097236932,4.813087280945739,8.966222841500981,11.569304223074282,8.477366072676249,9.058214307897254,9.57737337472485
10.926377033161002,8.40793372694861,6.536031147658196,1.47145318986784,9.231959430914033,4.717506325312829,8.823461464852905,11.54893107936266,8.26235828723994,8.958114099663268,9.513133527739749
10.92644494674703,8.54507637311373,6.619020799611077,1.9315214116032138,9.231981178393317,4.702498509787363,8.89123031502296,11.524192310619545,8.271974433302104,8.951183845810721,9.582754906913383
10.961892048474828,8.566351541130386,6.6483942722181615,1.7749523509116738,9.222948334532292,4.82564353548439,8.898359535898678,11.494465569094604,8.25891169250727,8.933593843905202,9.47220964241588
8.940984165049054,7.5758524208326055,6.6739719883523465,2.764920647557605,6.159095388491933,2.7854685450668666,7.39719382086648,13.130768995446306,8.913331981641303,11.601675792092612,11.968950035306975
8.967793114211291,7.570540613296996,6.742592339521545,2.961255729015386,6.20455776256869,3.182058301739183,7.4451319493309995,13.074036136076582,9.369198051620923,11.535114132329007,11.875991100410136
8.98331986999156,7.555771423590041,6.573649132959543,2.7718941060498037,6.231574472056772,3.0685695458533635,7.5935197190558075,13.035513369212236,8.511116990640685,11.535368394481166,11.869281402491824
8.99230044125647,7.581249488846795,6.641443232266549,2.8710507479370677,6.16541785423142,3.026369135257254,7.529203547885908,12.990578699664765,8.969222354734994,11.49005480274234,11.839809981153598
8.914049497898374,7.566638771613327,6.603612550222979,2.8583838911981605,6.1898599332888065,3.225961859518936,7.384858645343096,12.949963821026596,9.022301166940123,11.472274752030446,11.825062886062637
8.887904277012478,7.472923872943542,6.5186227256028655,2.8897543451138907,6.128565953393658,3.2081517267343265,7.4706419004760445,12.907167244854355,8.939470257917959,11.41831437411627,11.761693617228955
8.832804908198796,7.3264436859683295,6.485788097552059,2.736529456441334,6.0526119028634575,2.797281334830153,7.233984758640692,12.852327272826463,8.917569819139207,11.345196910439753,11.687306505056661
8.872150661340456,7.404732113410848,6.440733870492319,2.692372614116589,6.1050412150576046,2.7415565413588125,7.314449258385252,12.814279545335637,8.753711786317055,11.298924712850177,11.670873876676135
8.831052952211705,7.316156811572901,6.363372871687304,2.6461747973841225,6.0606796239055045,2.561525039633287,7.165716703621086,12.790872044353716,8.673425512837763,11.309862280197711,11.638115274274567
8.771480480143076,7.3840377673705975,6.4177847350257835,2.5203807698851093,5.951799279154857,2.589155547827835,7.005345684367733,12.763939826171141,8.848196532279756,11.271138364326868,11.601202078227441
9.266023129459537,8.157475528814775,8.75678385481236,5.430173750879089,8.077798944010478,8.83668073124308,8.431364146469258,12.219334155058814,9.711926105933992,9.19909852959092,10.496458287729109
9.25960238290366,8.211431628135545,8.733930488834742,5.54417866461497,8.051595840253318,8.857420274057379,8.365744782829708,12.162261059339071,9.710208851286245,9.166677540889776,10.452061652496214
9.227553592788448,8.070985948098977,8.627437761439449,5.446114591572142,8.078832922637245,8.77738415597739,8.269010995712058,12.1288121795469,9.500547586571319,9.111684489946763,10.402925245964814
9.149901288383967,8.044886467282328,8.719567888243082,5.444675851641624,8.007226458697708,8.889017250466692,8.170650864402969,12.098212526966304,9.492787097131856,9.109474677236447,10.425427845584796
9.239592762229824,8.113569720452883,8.648451446670505,5.422843041656701,8.059845141428394,8.910315776326016,8.264300376423856,12.068131353118075,9.479191245142772,9.143961937368784,10.442378955121198
9.255617494539383,8.127414406117758,8.57016086145419,5.355380075808448,8.043813203079706,8.913968802965512,8.333718971361156,12.047269483773645,9.643156885357294,9.133062080281418,10.400559020069455
9.168205015373397,8.104310641980211,8.58439067375621,5.310300827211186,8.006300898761259,8.748728103773894,8.204726502141826,12.025204498704069,9.527827171039283,9.087970583106774,10.390136597176074
9.107871966798843,8.04070815837862,8.459888883875497,5.352752946281792,7.934481625982892,8.983286407452407,8.033326806249919,11.997444552798424,9.78336678670409,9.034238101664466,10.312940992996003
9.090625471094247,7.938338517252775,8.44160241152322,5.340045606304003,7.935436311566288,8.855457472794217,8.048248556438082,11.94376277401336,9.647041407850411,9.00268596462326,10.26835054923964
9.0542919669403,8.04485082946594,8.379278875228115,5.163324563726493,7.961958902181022,8.555687144389458,7.936652213807188,11.887370459930631,9.326338110938375,8.955833711224253,10.231643558902098
10.255922966956083,7.341491052596474,8.05513656651633,3.7350206366369902,7.072148563778006,5.5839139283334305,8.226460545359297,12.66447862151599,10.799701646288566,11.265115887574723,12.425812276756162
10.138480620207487,7.297173806610332,8.047274892929728,3.6635616461296463,7.062201152378344,5.7426470025881855,8.169437087545306,12.625305760392708,10.792703035595233,11.2150668982696,12.278139631541524
10.170303432306524,7.134279772464797,7.954270831291372,3.58351893845611,7.027817200449074,5.6041667593218785,8.154091290190172,12.600745541450507,10.724027251864667,11.12291810131038,12.233952693189293
10.123862831317183,7.266912693040569,7.961734305579072,3.660708605718668,7.061915484478312,5.683201770736899,8.158140820779778,12.582600754703709,10.705914060271956,11.170730417640717,12.261594702765846
10.09112366577387,7.194194914929232,7.969104050205955,3.6888794541139363,6.998519788317851,6.099571295913265,8.181384734444562,12.55897179790112,10.733703680657017,11.123813741767007,12.219006529969523
10.084808608996498,7.107161540839485,7.890308047137984,3.5328751407022883,6.939587650046056,5.448651228728135,8.213989801448424,12.53226792931628,10.689779944683389,11.033547724674403,12.136867965881315
10.063345723177504,7.0438486656453945,7.884216671765712,3.56482671110433,7.005899820005172,5.3981627015177525,8.098311819372027,12.506245013461479,10.591849971107628,11.015753792967441,12.159905488285817
9.982519493249113,7.081624548961108,7.913130791192173,3.5457787066271047,6.992208755665658,5.295535701302037,8.059107593849804,12.491682029772036,10.657404703878248,10.98261626300648,12.108361318592992
10.032437633773544,7.085817778855708,7.855691093552959,3.6549779886451477,6.982563801407491,5.4510384535657,8.16555948761782,12.477945703097971,10.533610915948323,11.000485019581332,12.136063901058233
10.004297730944453,6.9858576407862,7.803770737640625,3.509885554522282,6.97625469540683,5.860152917556901,8.116788589321317,12.451936871867623,10.62576356160148,11.031499875017499,12.167167909134978
9.537191874535523,8.88455328982249,6.958765196722318,2.8187301434895904,6.661129835921697,4.566198353861358,6.5738353364854785,12.76332141205085,7.758409406512639,9.749866176852713,10.748150993528627
9.490423646552633,8.771013366578504,7.051663206176574,2.588599024872672,6.712402511575075,4.567352943508939,6.554882625736976,12.726975885770946,7.692346589433054,9.667423388445746,10.754665969030944
9.493776777325042,8.769374157034086,6.882437470997847,2.365037690103974,7.02374906154614,4.661970469040198,6.555356891810665,12.67048696838304,7.54911781814757,9.637990162803701,10.672581885884037
9.477646252675134,8.693073678989387,6.853299093186078,2.5717637787709067,7.037798653036422,4.743578516992427,6.517342976783798,12.637484394435825,7.836527788358348,9.648913531622048,10.676174750441996
9.463720812472218,8.70515252934756,6.68308278442968,2.4159137783010487,6.793204517644317,4.286799738901346,6.497612588020785,12.589264006735505,7.7251141691445335,9.62411456780483,10.665502411613378
9.457101486417233,8.672529835138793,6.774223886357614,2.3332219546973088,6.771540930448016,4.5054726056021295,6.4024698300669,12.557887570917618,7.8400768279288195,9.568484014548867,10.678119989564836
9.418091397457639,8.602948780233861,6.7420941591473795,2.580216829592325,6.6442092024497885,4.659868765804346,6.368758772535164,12.536360201128453,7.939974488771955,9.583468986514344,10.634297074445449
9.361310761752101,8.68746653240108,6.833151456222512,2.425785428548371,6.610082720737656,4.512811227044277,6.345636360828596,12.514501629705642,7.880619561919568,9.5286841981463,10.629507885834126
9.386211539669102,8.565269874451861,6.806337602330857,2.3545445154690103,6.517162369439912,4.602499924009752,6.317966603393313,12.490699095995431,8.121302105742346,9.56306396419676,10.58999328290929
9.317864545437388,8.555372764694521,6.7152486984768,2.5372175928621004,6.395984758942234,4.263618450527894,6.27266734305888,12.4766105513627,7.794163956374371,9.536797545570574,10.601442601252892
9.171311906662101,9.783294740762644,7.621565285388835,7.25444498191835,6.715975804759622,4.748596883199389,7.947890637891271,14.15307907440112,9.648165819724897,11.807992286244705,13.62044888274137
9.163191693631434,9.757934345462711,7.530587285627057,7.20020928014995,6.746464348126478,4.747633779961652,7.853147318171728,14.11326693872974,9.727923777214656,11.849897973291828,13.692090564476738
9.159457519661549,9.730970441499183,7.464879073049891,7.4717045210704,6.630008870609301,4.755312844417811,7.864778400082113,14.079919798419242,9.682550592407933,11.834911938490476,13.724933583292422
9.197931477109803,9.670264904853827,7.429243848937594,7.401733104282287,6.648322271181057,4.772378104971998,7.801545882814168,14.046537151844136,9.722046274583043,11.788481395391038,13.674485276806623
9.152571183651467,9.80919457730377,7.43738957152528,7.104454463880768,6.62795318446007,4.55481213833147,7.831855437747774,14.016163589631331,9.711991370887299,11.779857486487257,13.64188444596937
9.117299948026048,9.624125586473772,7.365236383932177,7.363519114393267,6.614785169475053,4.607168188650764,7.747520074088528,13.984030146882848,9.60243576171001,11.667866784502383,13.52910606905498
9.135318648786802,9.70438531761862,7.372802200272725,7.417740551752116,6.621908561236029,4.762933389928433,7.752163253382666,13.945791728498609,9.65387952452581,11.697203902157527,13.395449816604724
8.955865239213024,9.352831918633143,7.148240919223763,7.043683796206381,6.355991907468967,4.5926477059937,7.644940607890693,13.842359077978662,9.498114940400079,11.507178426736557,13.336835879143548
8.92058355673328,9.489123801939167,7.183853856043253,6.673354148237542,6.342786303270227,4.443696474765215,7.611974275157448,13.72975072473601,9.448185106988937,11.497004394675303,13.31143841138073
8.840646123498418,9.311340394788358,7.002135735818881,6.7639362236430225,6.229912604715692,4.251348311031766,7.52644228922002,13.668296741994903,9.410811956798945,11.4674706490277,13.248393634494422
9.41600855951045,10.277199756901515,7.5771560675188,7.318790034435076,9.468146400375558,7.991855366538176,8.201267097379901,14.774149423747799,9.44905538987685,11.037980402448053,13.46743030379573
9.351059344078353,10.326801310561613,7.550521028228371,7.382221162546016,9.447158005437212,8.003214455144999,8.106651889207509,14.725575245964741,9.46791970226792,11.155565048005677,13.462001691950011
9.308445631902105,10.17492760104342,7.564676366833808,7.602645384765092,9.369013192068367,8.014850009800554,8.072852109685291,14.682290321952404,9.419921253477987,11.01179766493264,13.36699091298862
9.338705246853126,10.283328632788029,7.4629549817799345,7.604418491052442,9.366326509177645,8.05579245097777,8.086584620124846,14.642281178301648,9.40434800976281,10.961303502257653,13.354993151890396
9.336827147953134,10.274945356135598,7.517375910751933,7.448230314476741,9.383358601714864,7.898699866559903,8.103396808416166,14.60911365628109,9.49142153956215,11.040829515067458,13.385871756353936
9.356296616942222,10.272128835698046,7.429626344639344,7.1900394790987,9.379491316614157,8.01194458049671,8.050317111086683,14.578164118143299,9.415957902286404,10.9015575346821,13.323267845541338
9.292545867444849,10.250650062946162,7.3113371348835425,7.206162958415543,9.216663670717423,7.73582177792689,7.97751455408127,14.553016096733002,9.812172990658219,10.878984488983727,13.241266555830935
9.313048373025515,10.13604619802456,7.365995546639795,7.3168729682864555,9.249196702403987,7.701501659605357,7.941141403918468,14.508438114408609,9.527884598711877,10.897182231523152,13.281360181494211
9.299379413780043,10.07736335917749,7.32409438364218,7.411516003011826,9.173940298835051,7.753051138130102,7.859331641718981,14.471691218766857,9.536469620978934,10.797262927632346,13.199302175496786
9.300090679751417,10.119720167043916,7.277293800207261,7.3596373692356085,9.186001002088261,7.789592581406841,7.941852751120608,14.448420484030125,9.63191575064761,10.787923602053786,13.192765693679824
9.655383679331859,9.12090302488106,7.581770607226056,5.713512748295256,9.856111721176358,5.020218825013284,8.834608808608193,13.890850161827471,9.776928620855431,11.626602899010893,13.507295776662021
9.652267405382046,9.083719649001678,7.610242044522012,5.741720313996593,9.841252745942692,5.222755322359168,8.839595480346205,13.869177109502415,9.798700946049813,11.598038986646221,13.504060913090175
9.641850023932147,8.968156985415952,7.539375697169197,5.679565667185952,9.784223420785723,5.213122538633625,8.812426680020852,13.826623073506248,9.793926870739234,11.568320856421343,13.52355602338384
9.626930038753864,9.011606195583367,7.533628349423917,5.919610452294153,9.746282583613054,5.37989735354046,8.774446984255555,13.795337827523975,9.895130507508721,11.574704557352527,13.454599097090004
9.615643985711499,8.960183844640591,7.529340816584928,5.933835434271345,9.731691738439931,5.150075097633748,8.744785499521072,13.769162023926524,9.685704607464015,11.521571975922484,13.525705700664847
9.576580974177206,8.98999983354829,7.557409077123698,5.796530465765749,9.700270531381037,5.157137772279115,8.736039522892565,13.744143131355049,9.79339983178513,11.507111485397811,13.425061377722747
9.617021036995608,9.075704877484027,7.558395019414358,5.703189698999422,9.678113738533973,5.301645173252007,8.71844190088701,13.723957903149534,9.850110216462548,11.46001753439053,13.424555731348361
9.567853187102797,9.0166356047793,7.555027208382846,5.634551467674386,9.628584223705925,5.034785776020513,8.665820071686095,13.710911406717216,9.7476066729428,11.475163136768455,13.386211565957817
9.585057571135566,9.039975054044186,7.489840538382939,5.685995588388323,9.679073750419859,5.222155987596861,8.677625055807997,13.699961325509497,9.924242884688411,11.470370024420983,13.429962678423548
9.602031046662507,8.981906462612884,7.5349941099511,5.846567206116461,9.656664451840935,5.282075071739669,8.636689325991513,13.692902199133721,9.9765056452727,11.447822162186858,13.378080366841726
8.77725394946415,8.1110345088409,6.104421131944191,5.04543026655271,6.671920420142989,4.272955493151117,7.27681762724115,12.64357309836591,9.222391903660911,10.9326658009881,12.053338887295231
8.813907682479506,8.073998524151857,6.043292426079728,4.823680781718241,6.577892261276906,4.161657044868435,7.26039765704541,12.59693415683509,9.08762268053341,10.841745669280073,12.049137314399466
8.70807797887068,8.021226987599672,5.98770749823027,4.9765804892986045,6.410759513667324,3.8609635784283283,7.030896768005546,12.543054990131328,8.941213962755842,10.873120400708109,11.966650649665112
8.682093505764964,8.081962793769494,5.973950975922694,4.871628596451984,6.494795490790917,4.151214851224741,7.122185426613255,12.510855086360083,8.941635604636557,10.872036923792386,11.981147508133533
8.75056690294258,7.803353387631203,5.9634365056540934,5.884806884963739,6.56137634871564,3.8954418954682573,7.424722005517135,12.47714537672081,8.810993178207202,10.712172534098473,11.802966253462902
8.787498491465147,8.312631478420833,5.895167775782254,5.255641780187363,6.410394150688181,3.676581898182045,7.233327049371629,12.442964717986321,8.764924417912642,10.84622913361587,11.979861755864873
8.711798256077875,7.860665050281875,5.8126368795682835,5.29876171780939,6.398077146596017,3.4678171729536498,7.177137597657379,12.426001613362798,8.582443958221633,10.754394843441794,11.904737646454961
8.691172642735728,7.988512819405283,5.849164651853265,4.560637565602898,6.371459886968532,3.773016307783874,7.03236925058092,12.411701845433218,8.626748894755702,10.80064235482179,11.929960274089863
8.70323744038522,7.9998351679099855,5.886258352875325,4.509393267278107,6.391582048889551,3.395998557832579,7.163292879327351,12.400743925887081,8.689093973382274,10.76774717411403,11.871901160149836
8.642344569595156,7.875507734658813,5.793182984283138,4.691144008237244,6.372599017938139,3.603684517306599,7.089928674800796,12.390669297497983,8.592943624135687,10.734536734243727,11.904554404371675
10.11657178937067,8.826431254594343,7.69640958813254,4.566429357671661,10.035317637694979,5.620119014406598,7.569675488330052,13.213138846495726,8.816820303965262,10.046165047510733,11.219320106713244
10.009927485313627,8.804231723840548,7.65874674922652,4.520338286755863,9.974430521346694,5.441599670390478,7.5391807089123715,13.159142865325208,8.876668654837017,9.970260034648716,11.146949623759253
10.08891539108761,8.817699349154369,7.7157131800208,4.519128084553648,9.957452663540696,5.530442700616177,7.442987292917355,13.1157963057543,8.986140708171451,9.928344921309552,11.053336041386945
9.996638838149977,8.72850524822191,7.677909795902867,4.459244818671876,9.892682723538385,5.454988666940457,7.443832709204365,13.07563881174765,9.07553833127735,9.890989779706148,11.069373507326404
10.068832485122966,8.732652181577379,7.725668466295004,4.4476062543052945,9.914112023432558,5.553949637293645,7.595029693560449,13.052522527435228,9.025722847865296,9.902650535835365,11.056525945489353
10.062962130519802,8.686643378055974,7.687075059439874,4.3348185371268215,9.848389367672139,5.537465478882324,7.429626344639344,13.03016085271791,8.982519231529482,9.877602061912073,11.014058787760998
9.902620510263588,8.616684516220436,7.592640644543329,4.36210730556831,9.83183997006293,5.493655670045065,7.390633998640495,13.003392136118645,9.055750707309178,9.828299339131862,10.994061322376615
9.963275222794534,8.61805158772662,7.605054936065477,4.398282661583951,9.788142791994504,5.4559381898853125,7.390291162946096,12.971918452418116,9.1205007571078,9.766396816959302,10.990736634990913
9.986730262889218,8.585337703147793,7.60593975105935,4.38729050616148,9.779224819158392,5.4682007641586425,7.338931453238462,12.940700003960185,9.012742727629712,9.736490637693283,10.937090295552036
9.917258956455658,8.578568381368276,7.504018262622508,4.2855768557731,9.714548145799249,5.434352547077961,7.265320934119846,12.908254170996814,9.053530604740876,9.712437344866036,10.9320917720785
9.237312228043418,6.538204134290153,7.222890374972151,2.6501074797735367,6.629818156558352,4.013375439447468,10.200993710124898,11.89515159046252,9.046895523359337,10.051395453275472,11.322105902228952
9.18357992799537,6.546211357931901,7.216954192449385,2.4977866782823077,6.6686658146789455,3.9383402488104524,10.31341085610628,11.864268407943175,9.034732230098689,9.95333588664622,11.308551191298928
9.113370481914457,6.3365110267649545,7.145546578316599,2.1387582497262994,6.602150591702747,3.745574719050321,10.074309912937062,11.838128168417684,9.110436545915896,9.895153475895151,11.246660547266734
9.20143976785707,6.560621968529794,7.222890374972151,2.3070192475839373,6.43152787416282,3.7429466227526316,10.130421245380981,11.806754522637748,9.080208907326435,9.97458317475903,11.30514044860069
9.14812803171412,6.432296799053438,7.1785454837637,2.431662330581669,6.640035585771397,4.044998668663693,10.148985592377262,11.775298361862,9.055312270160144,9.949671678220852,11.172374588614687
9.06772018164935,6.3455193890753865,7.084226422097916,2.295895769272723,6.3900728677529335,3.4931349107716243,9.895071122545295,11.754849858127772,9.1295062404594,9.845911992820582,11.188092890507903
9.159999840408062,6.436399632172419,7.162569746085945,2.273270590908788,6.383900695745338,3.509885554522282,10.16377444691759,11.74148994096595,9.110301473584276,9.915411182677735,11.252389361687275
9.110354277100257,6.27044217682807,7.108153210884054,2.421848809678808,6.2851908227564115,3.3081068366449164,10.328727691481262,11.72677090023055,8.939190515569727,9.85789784488768,11.198522891818838
9.145784072547245,6.376802523274029,7.1592919047975645,2.2617630984737906,6.413295009302411,3.7892273776969607,10.23904031907425,11.708769165596761,9.068740964846151,9.849137544313168,11.186537213636369
9.125042677430034,6.285045853561832,7.125461852684032,2.328902725986691,6.497294372628847,3.6578474021727962,10.225818203044891,11.692008542797318,8.96752118487703,9.815100077521405,11.132513067146064
8.600283557948336,7.663731187002655,9.03133597372337,6.323681708006726,6.889364989467256,7.698230801486515,7.171605615620277,13.581837094543,10.702909580625088,10.690564667845742,12.220126755588629
8.615686178891984,7.603798262654108,8.944277721201388,6.207382053330452,6.942693334635263,7.601291273943965,6.93184066334432,13.523774858429784,10.472641516527897,10.791071949848895,12.346395783058046
8.692616939600203,7.662426023071669,8.937031545085073,6.268801619084784,6.996986409661299,7.654548538460155,7.3639416632399435,13.491621504430663,10.51602976083976,10.659108102337138,12.15257282497433
8.528678098659968,7.531742909879381,9.043750422403841,6.123856396950185,6.800541190964413,7.692316167039195,7.332979438273657,13.455515728341293,10.630362019588459,10.626643272297585,12.132958196768596
8.666585902612873,7.604905546487447,8.926195739399823,6.103204672213949,6.9860528709805445,7.488044776895909,7.494516729642795,13.431096219472021,10.614692647598993,10.718785500310538,12.177522268007964
8.582581352132856,7.490789932050592,8.84215820315349,5.903725632799975,6.884259174790013,7.549316722397317,7.428491630836919,13.401086168419548,10.489534742372769,10.637602850379878,12.086821032047316
8.4343380134533,7.496603108427729,8.873782353275793,5.9502373663442,6.869476339820482,7.520535627679309,7.205585680010976,13.373475064143447,10.50083301593205,10.576329412860968,12.164575075620663
8.430928203445372,7.398935860314801,8.760822361832654,5.791521978164035,6.7071339623008335,7.33527175205348,6.98804411021094,13.346521418397822,10.363805187376238,10.517678102094361,12.050627980723677
8.583954240906905,7.429929596030723,8.898884597939295,5.972281727691208,6.813688767501663,7.592926289300901,7.05266337455879,13.33548521647154,10.516156212907557,10.559275486338706,12.038443951392418
8.491437681500585,7.3201003722888895,8.817070598061834,5.819291311466813,6.81246731993093,7.224753405767971,7.114082676006938,13.317793163258628,10.28655139302519,10.495256401342,12.034961351640563
8.311780406890463,7.012945778187985,5.883755609397779,1.1769427620740647,5.406872758150229,1.618286646653426,6.574579818019168,12.362066958150173,7.865725237847781,9.908088064932205,10.36152402673348
8.413066483193775,6.9846442990062885,5.990185955057428,1.6760567681743186,5.461663736122833,2.333940338916384,6.507244547655964,12.327476869828352,7.9320669851534715,10.069961982193325,10.456030769558073
8.298705452467685,7.033535875390166,5.839478190110101,1.5212141644560366,5.364625149743035,2.7234857904136445,6.491026978595262,12.290581365722625,8.04071889327357,10.020346704654628,10.392602529758365
8.352632963415008,6.996610323704791,5.928820523609292,1.4688968666366746,5.408366886621824,2.1215954488105586,6.407759681532026,12.26946478064644,7.946916329649685,9.980402296304254,10.379852847781109
8.34283980427146,6.977519708741438,5.899105560745205,1.5187842740927104,5.424166538835981,2.091407167194546,6.442681701037696,12.253452397535819,8.692855588473584,10.01175384238998,10.381965588908624
8.346062121312727,6.982378199955526,5.891152986221852,1.337920485290443,5.401375228131661,2.3314242188549286,6.528899637807562,12.243414564951461,8.297587818360563,9.982847976276139,10.378578911681839
8.283830939065803,7.02448096472996,5.797542635619933,1.2778429624898668,5.3661836570141626,1.5260563034950492,6.408126008141157,12.228253271038215,8.30739354537132,9.981430621510224,10.37467797726143
8.249604190352176,7.035982349782285,5.920803615539175,0.9891284690494764,5.436822475961171,2.4765384001174837,6.314111492583871,12.21917762119547,8.377333244238764,10.020391189190086,10.41663381493616
8.232381071375087,6.938209039852013,5.9568155955088935,1.308332819650179,5.455511011856134,1.8870696490323797,6.411416807825315,12.204311206206388,8.00119123016837,9.937958756529115,10.37928340225044
8.29488262557328,6.975133514312085,5.811939087588106,1.5212141644560366,5.398866345305104,2.0569684017368277,6.3791427689482685,12.191108009613716,8.499246441593604,9.903837491300417,10.345213156289255
8.125427154094782,6.629730134609166,7.692883873329014,4.637422251342223,6.783954176030372,6.830033946497775,7.370860166536716,12.872001609472704,9.229209012261862,10.66989552099053,12.036315294163588
8.168007592190857,6.656655107746551,7.607668408797964,4.553291878408425,6.669921008029594,6.905530586187197,7.3259537855101255,12.829695235890824,9.19958608436637,10.652931046934581,12.011488341000394
8.106407284933134,6.525599715271197,7.651447696954769,4.634189425215961,6.722094826273838,6.773334599630788,7.34973087962929,12.801012339247341,9.05365147359592,10.662484893736464,11.984507153986918
8.029534174209033,6.522174500714762,7.573542680974699,4.513907384486812,6.690428117131869,6.790846864483136,7.266128779556451,12.774992916964084,9.033885572457846,10.677238821704304,11.979607054597588
7.98766788668508,6.577320335177772,7.6820829796614625,4.430155151431504,6.7226297948554485,6.75045147996191,7.226936018493289,12.750422628719791,9.08585115028622,10.700120993384115,11.96526581854806
7.9939125482485895,6.491313481845403,7.58951565525479,4.462710136994668,6.737625768222248,6.517999461297775,7.197767963446626,12.7308133045691,9.153620685528354,10.651543705310388,11.949740793848841
7.92426533199306,6.5108368784949215,7.5297167104555704,4.4842572447835956,6.6919458794059326,6.4670083636354105,7.165321729246918,12.700150437354514,9.15990401978245,10.630496561841143,11.920935627943662
8.055291760932613,6.4950137568666815,7.460055481728817,4.351710587044405,6.605448261473292,6.362261533938981,7.226370611587902,12.669914238082692,9.079741817232216,10.555517556211708,11.888414028749438
7.800836518299479,6.4551112010335805,7.486376614725508,4.434118247820199,6.597903341135689,6.423787937310687,7.089706400506752,12.642088117324194,8.851556857993858,10.48795699319531,11.779544936726616
8.011568830931443,6.353113216541915,7.450480007063659,4.388257184424518,6.511415081954029,6.609948039594251,7.094234845924755,12.620264710864495,9.076431765358263,10.372076987905922,11.712161677489876
8.408989130044944,7.42319690061851,7.472052156359689,3.91424273999351,6.797444263127233,5.63914517530689,7.290489923060105,12.758927630655652,8.402649902857256,9.898317544546593,11.117189376049394
8.397458252535586,7.3711677907070525,7.251888573189148,3.9053340843914413,6.750321433794284,5.530750951559299,7.1774939929258155,12.718929305335385,8.494238400588536,9.86050929954391,11.054201799293477
8.374835662218153,7.2776622916895874,7.216130104509399,4.031286367083364,6.824373670043086,5.332718793265369,7.268579380250264,12.684683328960567,8.402500376106833,9.837399980505156,11.049068064424556
8.456097626098318,7.307455656245858,7.110414907931378,3.8430302053697636,6.877181518544737,5.522793349780446,7.266563499866698,12.639027282299246,8.389783973122476,9.80095513293097,10.959257868143384
8.514233259135581,7.2320424641926095,7.122857698881525,3.7892273776969607,6.899050834989516,5.346048779962447,7.344259575220382,12.607704601689202,8.420236768897654,9.726503724885589,10.940763890005117
8.593845542319846,7.332979438273657,7.071469606706668,3.6748930994631337,6.839714332841881,5.424460426285551,7.25477486763813,12.570129283146889,8.66069306596682,9.67102852408148,10.879161665617985
8.418722466547008,7.265072239783931,7.032516382305511,3.63465792927281,6.755768921984255,5.387040261388376,7.246732311695081,12.52642409001475,8.506262557102605,9.650720641484083,10.88070382828631
8.511331601816433,7.274048266889697,7.070809065418435,3.8262230398378883,6.745889735980907,5.241747015059643,7.123547426823802,12.504296169472552,8.915100925039336,9.66287847425297,10.853180607745564
8.516926489854537,7.224542975763144,7.02907772353437,3.5742166392517363,6.681412164520493,5.192339382518068,7.1861106627755245,12.479222679208362,8.716604912520832,9.593020454375985,10.784599825973983
8.557439019344395,7.160362699876589,7.054919703084916,3.640505840675201,6.700047530327307,5.211911842356168,7.165201484986125,12.45969509345566,8.699696213411054,9.661541956650844,10.833299569631604
8.529736417215975,6.749566829992256,7.998869154688118,4.823859351238634,6.905575124170769,6.768365490848997,7.329341592666759,12.974538289512504,9.521510266427576,10.573486649300518,12.103015955526882
8.598834619839069,6.567953058112509,7.903074871837837,4.730333299530332,6.937465098946145,6.667098143761791,7.351970906386441,12.930721157874622,9.407440154219081,10.61648474480881,12.096401308396313
8.419678359952407,6.553331770088951,7.923762628039967,4.741059945478024,6.97025004745427,6.831474011547504,7.41406405312428,12.86707474814364,9.473541038869318,10.388127983633089,11.941292604282275
8.611856696717124,6.737388648437375,7.8517173786446035,4.430816798843313,6.883280418182124,6.652863029353347,7.34525006301031,12.831357535505656,9.434815481173578,10.470767231122817,11.901096330509137
8.532497699679361,6.45278475622389,7.904265112817595,4.450463835137615,7.002600705350767,6.441832208919012,7.452105939751055,12.817580930840888,9.433011811863329,10.421968466354818,11.908593478624594
8.463159302923751,6.627482728101257,7.870518145708555,4.539742416252824,6.93184066334432,6.443954595627794,7.2575823838989075,12.784017177117505,9.518918428203815,10.333505787409408,11.829326585906909
8.302017809751204,6.327579577081353,7.834317521808778,4.645458694229844,6.69337873490741,6.73802083901031,7.012355508695836,12.757159114391927,9.383937873791613,10.330193613837983,11.863428568916685
8.466881871575932,6.55317338594049,7.754448193569379,4.47227356328308,6.770203116743419,6.506116172386897,7.188614128602909,12.726074670376594,9.461435393300254,10.335498658394659,11.815562239702226
8.493697085176565,6.5307480420705515,7.759343922208952,4.204692619390966,6.841069269641486,6.116872748268067,7.2054206842177635,12.71103105748193,9.360635055854612,10.48890845817974,11.951513315380769
8.42928444172632,6.465141982157446,7.679729041881034,4.386184603328768,6.693241050235116,6.502290175873973,7.072742273300746,12.695596284535348,9.381927670542849,10.407061613862252,11.893263060354332
9.680403026979864,7.610830790153247,8.770006002560647,5.7387205367470955,7.547232073688883,7.563056355580539,8.271122134605664,13.101589350445431,10.379854228033954,11.58920118901542,12.662479288013923
9.63099691109176,7.566288012437519,8.728802028156,5.670646905403134,7.541352955204678,7.40431293365541,8.221568548091629,13.071095860452958,10.226490114020665,11.560171686540112,12.616989421820621
9.58482303539128,7.613357902455465,8.772402002734088,5.707110264748875,7.456480227868037,7.500498771822477,8.236449952150272,13.036948349817989,10.450594959547765,11.581652182481353,12.584958257376265
9.562986656352603,7.529621257537118,8.782849466649902,5.539519122576901,7.47718937774105,7.626759705878339,8.18234186201485,13.019310862928188,10.340029188550869,11.525555480575886,12.539958882620718
9.583309071077979,7.5072387026394365,8.872843832535906,5.608657471039041,7.47788072646578,7.305748092234895,8.186711862616436,13.002973852029067,10.392597079592434,11.525114322511346,12.582346813727149
9.580381697299101,7.488765949711409,8.756890524906606,5.524124048579602,7.437101661743259,7.37124468039285,8.186619083386825,12.985537726561732,10.383906888241896,11.504798194698818,12.557176091921024
9.511921240121055,7.436918404330432,8.690490821445549,5.657544590647009,7.379105226534527,7.310141579087903,8.174984532943087,12.971086431113296,10.323521572449733,11.46460797238398,12.508429309200402
9.557034001012747,7.341311011762794,8.752193285705332,5.651318916830062,7.391305623242844,7.207160041423384,8.179106319572863,12.947704440941255,10.308872657444121,11.443056138115601,12.489495953968884
9.555626823310718,7.438357388526151,8.60755985944929,5.616366979658251,7.344460622826358,7.5057672644270435,8.127142009032193,12.93366558892604,10.34478944965078,11.457026375542446,12.476425302275086
9.549020486582863,7.424536465127985,8.717261886985536,5.658707630131329,7.36055623075608,7.4165455007221075,8.151685703724645,12.92072149938592,10.278491162091667,11.468928412157787,12.482909748308792
9.157628527711815,8.227681296526697,7.6163656212365405,3.99165529042828,7.549258224634742,5.77675752672682,9.452013409505902,12.462058792481317,8.9255666581464,10.040034186560419,10.967528716794066
9.247205749078896,8.1775251861618,7.603260786501715,3.9476046050326343,7.640550432368487,5.769847611173311,9.519637154645025,12.441275501377078,8.869173131050749,9.992411220098754,10.918966993531683
9.243504318354615,8.175369327950964,7.580558017690903,3.850856499318934,7.49510975050215,5.870990393640108,9.43247897369766,12.424002049011271,8.881536876846676,10.021169348401271,10.872641834211251
9.328615138268793,8.188358822678357,7.6269762300896575,3.7773481021015445,7.614531382408175,5.731685829730996,9.563295071278363,12.409830706534473,8.864928742377868,9.945309047549307,10.868165404320669
9.217082039779383,8.197639690022006,7.582257497492834,3.824526638122451,7.559154109003217,5.763238665102881,9.605957144029533,12.393093651843142,8.823036020502524,9.976895478178745,10.849592933143624
9.222113023572055,8.242092383234903,7.5577919682010615,3.9171211875844523,7.560022593555639,5.6136956825125415,9.517579943888652,12.380124313824396,8.91406742877313,9.959361036373654,10.900343112247668
9.218824281624492,8.221458038446453,7.5325938753057695,3.8484913372439804,7.501082124259871,5.656535579035032,9.521804072930012,12.369567013003604,8.85741394925916,9.92279168943014,10.88122160366132
9.182087205680956,8.15922534918745,7.516886589719507,3.8147776944646936,7.446649922027506,5.733485085327044,9.29850386311069,12.355533153189604,8.850033443215583,9.917026047627468,10.890614847865537
9.096957640888732,8.170226523578096,7.5000072705684575,3.7999735016195233,7.346296904296401,5.75447558897172,9.164971016363772,12.34537298381734,8.891933306893772,9.940218523660057,10.82790429001541
9.127222013166385,8.238692544384602,7.5249509075003385,3.8074028822787955,7.4358967818238035,5.658475123446499,9.43177579887616,12.334790590153878,8.81975730786729,9.920893519448557,10.817813243781956
10.552871496005343,9.673795523543022,7.8049990965770855,4.514759145777521,10.50897435773437,5.885115876719377,8.439966515002183,14.087836196635989,8.833614959859828,10.413431120605344,11.840042650666872
10.504415881260023,9.636712072949633,7.743101043935938,4.56573608206862,10.467907338202716,5.899531999177466,8.315691533244628,14.02179071819238,8.916780316648094,10.34002236685006,11.860841180863419
10.549627561724852,9.499130996257273,7.7849586235347275,4.523236767045955,10.354141639433445,5.7959902104906575,8.204416648773467,13.981720940657162,8.812998844059399,10.282717052807122,11.759848561775398
10.585697359749195,9.55552927002382,7.773758059363232,4.480110690995783,10.354849401310963,5.55802853775093,8.158567139589541,13.962700064950837,8.802245142128172,10.288097813178583,11.711769584184486
10.45210658923149,9.493002365138826,7.781440017622885,4.562262684976814,10.338572230618729,5.718780539287927,8.167938270890234,13.945588807848141,8.744778419065291,10.28978683054973,11.71699093707029
10.480899598932245,9.576395296822739,7.800959328469449,4.5208219143289705,10.422244639027605,5.8030578433044,8.265324322890313,13.927359031235273,8.801024525281612,10.352570742466549,11.70075736746823
10.345248873728314,9.392635076742959,7.778885916204785,4.5340321223637705,10.337564952626748,5.801043598615614,8.153368943426361,13.905115757900607,8.757965331654107,10.313978896929067,11.639608628548514
10.435232826554623,9.44654579954853,7.740012015246283,4.397462388099124,10.33666113655343,5.721695147177814,8.171272905409397,13.879844943680128,8.806231010927512,10.299910047171023,11.585857412513723
10.28013776685756,9.43151843778863,7.717623202276191,4.526848255261648,10.390921375758785,5.764773053031777,8.270570596963278,13.855706276414605,8.764702364889665,10.320484065693142,11.670843895074974
10.157091333470524,9.46381136209399,7.741847275958859,4.5529407693642865,10.39321176588416,5.794300036677895,8.329406059943594,13.825449282591673,8.712621077156465,10.349242958318829,11.622181981311668
9.778133428446386,7.801373136820112,9.024789607298167,5.693058511293225,7.7856931862587615,7.206377291472252,9.712175031283866,13.546405263723388,9.943087467341067,11.466448855812308,12.752231660961542
9.758071209425236,7.806542604085663,8.99977296342785,5.716369590161673,7.861872591119305,7.114859777619987,9.719500609556107,13.505476713234069,9.878175442484324,11.407249096991865,12.686281695491882
9.725517846289295,7.769125091956536,9.002621688359975,5.611179749719292,7.815583637764709,7.163688655699983,9.613546634813199,13.489434128311464,9.889033595565978,11.421480273098124,12.692511344152125
9.738614219486545,7.777820556405422,8.989627198649337,5.66727214376285,7.73845907196375,7.158859805235154,9.740650925519017,13.471418842252698,9.911273827171188,11.401499927527922,12.745965397297388
9.72281929468997,7.848742959047021,8.995525925910107,5.600148874428615,7.776367228872823,7.14467023175007,9.608955405134266,13.452998484095803,9.855364665512775,11.372948199414697,12.672950247997752
9.700535986531957,7.763616370029829,8.964215312172637,5.6172558165350335,7.793009317070834,7.161966737925527,9.596882376853458,13.437826977894682,9.854419849681397,11.373696858111396,12.679475041045729
9.689401469482977,7.8283744058247375,8.97759812270371,5.658785108725465,7.812396190448499,7.115130716434629,9.692350797164883,13.418805336431381,9.884927486161283,11.386433617419101,12.692023132549272
9.660914803979557,7.758172078987923,8.927287567908063,5.523325857780249,7.74232485738035,7.0869237199269834,9.559575262630938,13.383637509431772,9.826822467600643,11.304106875210193,12.643413574663109
9.680400943975648,7.773529021381884,8.906742686072322,5.5530457052441635,7.864010036146184,7.087202341707027,9.509946074816607,13.35580592484823,9.837869930979071,11.314510026957695,12.628451717466534
9.672649194485695,7.785425295908083,8.896727957996832,5.588579457886927,7.741021824990526,7.031348566828753,9.60315843495691,13.336481109387902,9.84158259731757,11.332551610172692,12.625859191985905
9.505764894407944,7.306576142904921,8.014192430073761,4.703506056497472,7.935014770871671,6.524605975727502,8.664064104206858,12.428047336232897,9.437599885882872,11.248061077798893,12.083668448718427
9.478828582136762,7.218062784978742,7.942524115118737,4.68726211564822,7.90472851504715,6.342590797982088,8.716302669175638,12.375547029673395,9.510716532733696,11.207640477368559,12.053556591923224
9.387693123008583,7.155621795596802,7.951680605491363,4.696431817834367,7.599045180867324,6.774528605640263,8.582506413020896,12.295892325542964,9.799995660468825,11.17539933982354,11.942604805702336
9.415724487528069,7.080363143588452,7.911165161038183,4.590620450069188,7.5578557682597385,6.588070237612175,8.50579964274506,12.231955119077103,9.820516487573235,11.14513821369363,11.888172802630985
9.341882148125869,7.062819823964546,7.719677594016757,4.5217885770490405,7.49106279412023,6.337887114582363,8.446131514282998,12.177228742120553,9.561599566381906,10.986696633384854,11.807465799014748
9.291866081919597,7.024510622299157,7.702259971862069,4.526607815408065,7.38678747156208,6.254768542966508,8.265512982817295,12.144295109363327,9.343812040692269,10.990383321909773,11.799492082208094
9.227893193886516,6.894850144794084,7.619947721678288,4.3985558956414845,7.337124975449983,6.031859786581254,8.317771591509317,12.100540263270796,9.089891285312012,11.00867263747502,11.789411090488594
9.218459544112799,6.935867511173707,7.630089022608308,4.587232462676989,7.401882255158754,6.203075189352465,8.292887855491562,12.070278122528302,9.340988445453267,10.909196392547665,11.748664207280674
9.213698061621862,6.940932120452136,7.578492102873272,4.7930319507819705,7.3229946826481855,6.407869595254481,8.222887750137176,12.03455623565476,9.455906209614945,10.87812685388951,11.649683092123857
9.173373206795162,6.852078115783881,7.536903051723474,4.606280669173339,7.248077238758097,6.3905016397204335,8.12353148131979,11.985437473350931,9.390548586401096,10.795169057323244,11.589120986874967
9.395575273357585,7.184300569550999,8.495579057892963,5.102572762394914,6.804688430856652,6.524573380744369,8.46859100957702,12.801569602174428,9.603295706129273,11.59389635710111,12.37136987584349
9.245376058377875,6.956873427454075,8.311583902485072,5.041272285109869,6.735991132097902,6.398262100449925,8.414574593264575,12.716280711966885,9.406160230401904,11.458828712352796,12.249490042390065
9.242959212763223,7.072808221156163,8.357983812251282,4.989676450639709,6.741910566370065,6.361148942471022,8.40790398187032,12.66741172770525,9.444399245023721,11.515081361554225,12.257297251468726
9.207860632963184,6.95199542177178,8.339999796693549,4.892852233439872,6.719898426667303,6.448748735520719,8.350540239197784,12.620940776693107,9.408195289034392,11.450083163744601,12.279462864139008
9.148667075492627,6.995471039502097,8.269523541709898,4.85116184007376,6.595416144308063,6.324398782377015,8.375532336647602,12.582357567479011,9.301659771015656,11.373340740186105,12.170763034037865
9.152500549441816,6.968965348214314,8.228734521490685,4.8283137373023015,6.621198493157806,6.262805496464301,8.36038862380868,12.522229559163515,9.339307056404309,11.355695010451766,12.13144589782799
9.09514274127826,6.856122748113029,8.13868804157523,4.770684624465665,6.471590382905709,6.086320078120661,8.274702576820802,12.470068441556696,9.374108465293864,11.318210627709737,12.094383317957684
9.218188384605206,6.834240290978557,8.213255260202027,4.693384522465067,6.630184870903226,6.096124810146161,8.431494892326006,12.421283437786164,9.347545424815273,11.29291782491754,12.074572648566518
9.16061426995353,6.803147568784052,8.192656552117827,4.630404700503576,6.576407672982285,6.140650551877048,8.282769591390794,12.388160795461866,9.335294669888286,11.257802937990935,12.014183935767427
9.059014772183138,6.697596509320857,8.06497883540147,4.703506056497472,6.523660201504448,5.964492962131641,8.218493611173821,12.362363842329813,9.433312353373116,11.191475778217583,12.021122102658735
8.30561857120586,7.456775451112832,7.2587876645881435,3.352240653621732,5.646702504798267,3.4601647879178667,6.965751612225106,12.76724642550831,9.162882985813443,11.319669275750813,11.64769768466284
8.400806681164156,7.3745593513504675,7.314685979251911,3.3599895488269813,5.615234572361387,3.521117982948287,7.073778062806589,12.740024615267702,9.19585372335413,11.290729658903578,11.634875116835062
8.335935068975479,7.45978682483876,7.215060227281657,3.356122606877691,5.588579457886927,3.384013582240862,6.981975939072049,12.718467537340734,9.223855299524725,11.292383665038722,11.60155936758629
8.398857503325626,7.477478545252684,7.28511045912332,3.445036898878031,5.553476234381034,3.349514186711855,7.08165255932602,12.701504219930817,9.25839587491956,11.315426241270721,11.64688655689828
8.305975466398317,7.366585606225253,7.148677622784442,3.178516639901747,5.5633277039976115,3.3337903948522207,6.991013322687319,12.685445269204362,9.494763807834131,11.298240070136881,11.585246643386931
8.416928313140534,7.4478807704981564,7.223765620180545,3.219320126151766,5.502708423783118,3.5012104250416347,7.080063906630358,12.667925963539961,9.318612644253237,11.295245709898971,11.610533507754976
8.315590951089755,7.376160406304152,7.034564125845833,3.3599895488269813,5.494523583768611,2.855192378652221,6.719201011135211,12.653271510169256,9.059719011933126,11.28886997021197,11.533941408155801
8.365204247686256,7.404752396163493,7.095966863787665,3.111538244995157,5.561194307266905,3.077824111095389,6.989171400014705,12.642502435194167,9.017181637728838,11.221829720698487,11.557367034263024
8.293769045739111,7.3615871791107095,7.109043967083858,3.292126286607793,5.549594744142574,3.438992720477558,6.799972075428962,12.630505064834884,9.01131474253951,11.26759410237376,11.541098733920174
8.319091784282042,7.316252824600596,7.0299532477962385,3.0814002068604704,5.557771400399426,3.321833415813485,6.9327080235889005,12.616226190156599,8.920115811472458,11.262768509473457,11.507480110300737
8.552924919363814,6.613667547365628,7.283959389300609,3.371119888256938,4.8263563027767304,3.95380447550448,6.159400711854869,12.025979537239419,9.140824745305117,10.470593000528554,11.173516943841893
8.537082960013542,6.654853872116587,7.177926596640392,3.209947283809994,4.77987018905463,3.9495328327736883,6.058681766390565,11.89009199271225,9.290384104879964,10.33989166789335,11.02387818427886
8.57688666172799,6.585696452308655,7.38961199452489,3.0497994421926866,4.879260279578286,4.1730187954999955,5.882796094030786,11.777160115943058,9.914037813296346,10.340412208398462,11.07016737118365
8.558761573559936,6.519786213577443,7.196578370224321,2.8653707088552722,5.109172564269025,3.8739748685385362,5.827081145267258,11.719107671377442,9.563334884528608,10.284626193939335,11.015270686569611
8.431078381117823,6.381044891061372,7.284645615997924,3.187270393709746,4.7835952446166985,4.066554641253881,5.821170380407192,11.667805783289428,9.547598807319314,10.226444663473593,10.985229255789116
8.497738504261866,6.33660938916213,7.136898571797901,3.1159815987498836,4.99781270157936,4.051205127566122,5.621728498515335,11.60382431296009,9.448430333522689,10.211891355881885,10.98233600202579
8.484876589939695,6.340731562473195,7.0324967683468795,3.00678199985046,4.923866287732492,3.7796338173824005,5.794469194845448,11.549336036833983,9.474046471165277,10.133324651990737,10.727951209228069
8.486779801438592,6.389849097123255,7.005053381558014,2.74441813098733,5.009746032153364,3.5902859902265294,5.605107376525512,11.515688754666185,9.52737167810961,10.152013343178885,10.814632400430737
8.496967808331421,6.298928823853277,7.07116769620085,2.7300288904296575,4.92789760822902,3.966511190712216,5.603470932195325,11.4929873484618,9.680615491864998,10.098277810155293,10.755140914013952
8.469285970437719,6.371972653928163,7.05739101893318,2.846200410550761,5.046860049487587,3.930081170858645,5.571012696691494,11.469724949531285,9.489377686196343,10.107598233639141,10.850517188310302
9.107953209297754,7.087332331400335,7.703012698268012,3.2456260264867343,4.841383474970803,4.328977457520796,6.014366948469935,12.087273781607418,9.535973120897127,10.408113665586017,11.277047704434297
8.984195097495366,7.106460405797445,7.718295294635682,3.448575756074454,4.891017250842782,4.473288175242266,6.080797306769395,12.044961548101028,9.48493382797391,10.402371828156816,11.27191279097699
8.941926288502145,7.08955818463317,7.671728465144882,3.367678860069361,4.902637526165922,4.390049862331148,5.985166984018252,12.017559627778105,9.387329216769619,10.366476707150989,11.225330055429776
8.955723352855099,7.09362608805517,7.618420341539437,3.2754663441532235,4.891017250842782,4.3067641501733345,6.021131207610285,11.981926856018008,9.509115686513159,10.345459223629788,11.177004298641886
8.949440146680146,7.078566402512439,7.605342587568104,3.332601217190855,4.90921758793194,4.413202211754609,6.062854543194655,11.961895897558538,9.570440775423824,10.326384651442748,11.198501589116672
8.866976442097123,7.135634264409096,7.750093240811946,3.241289550083189,4.950177325059141,4.459244818671876,6.0664689530591245,11.944384235976289,9.80611725213985,10.313851382953976,11.184557962700586
8.83492261956342,7.013455737852722,7.6029614483690136,3.2712572470299386,4.791926312195044,4.267052135758359,5.925265394551659,11.924897873134684,9.390609824644006,10.281485916632077,11.138428359888366
8.993954491087422,6.9969254382902015,7.6314909353712785,3.196857592931755,4.873329625941491,4.2175450451241705,5.953070150461162,11.90670440691979,9.467130153227586,10.251817383830799,11.110770704908939
8.949541105060936,7.034035444892467,7.628685141726488,3.28383100918961,5.072252865911888,4.31570879815983,6.019511965065039,11.873010753756688,9.486857009051716,10.271092710006942,11.11288644234789
9.021627768682677,6.936169951228349,7.445488944340445,3.1692186649665626,4.81019506096451,4.067696296922284,5.820214791094553,11.844515565263295,9.592427669429636,10.202525320946823,11.099739796487981
8.85904616444762,6.897794726976733,6.758868502142891,3.462954225018908,7.449465683743583,5.14574876790343,8.607728352579484,12.140012552562414,9.159652742557622,10.613450605949133,11.68954561441905
8.846383422763646,7.024826950567975,6.694424536689164,3.6085125897406267,7.357875027630733,4.594333884779068,8.70411894759831,12.079285632986668,9.283950125110847,10.557483506388554,11.806465346931024
8.747456228539829,7.123117522291445,6.652289393888237,3.643998190229708,7.369565710461768,4.510004415756202,8.564547405102074,12.03604737854586,9.298654418539922,10.442994247139453,11.597681151643924
8.828443668187644,7.042946408481077,6.7661917146603505,3.462954225018908,7.3722227808648775,4.763407703306819,8.601395440498038,12.011561969011199,9.253429660801054,10.516767172000145,11.662091360463789
8.83656609560211,6.87681485263742,6.674982174485101,3.5933471496417537,7.3559605407664606,4.658500314619689,8.500345394984377,11.985693533505206,9.260788420143772,10.444858223403502,11.567412598075714
8.89660175720462,6.956100896736404,6.5998704992128365,3.490428515390098,7.294716915525742,4.588702027167601,8.510105913891644,11.94038346522111,9.617617171313613,10.424781194914031,11.529068900090966
8.846175544471247,6.994625909400766,6.566359835240384,3.602473984434484,7.358370779765181,4.616549594233465,8.352612005163305,11.89869967734801,9.43240600894941,10.40663678797983,11.52120112702131
8.817905006876769,6.844199975660808,6.574610837104761,3.462954225018908,7.2135637363852565,4.44434910844126,8.47466140269726,11.870755530419155,9.313205777233355,10.323461343174122,11.421509249416854
8.734451010943264,6.965793556739389,6.654581976922543,3.3756894701392475,7.257590214306654,4.768139014266231,8.396485884994803,11.840494134570518,9.281748989863399,10.384368956497767,11.547617777975075
8.772281477728582,6.782040876779334,6.483956470975486,3.3048494635936865,7.139263746627974,4.608830180031135,8.268053540591582,11.811762835055582,9.668501937444798,10.307881346325313,11.368026852464912
9.47846068778012,8.956694657357769,9.006844206742192,5.9893512155951925,9.191248159055943,9.40290008041015,9.640437386441889,13.85580798825917,9.565760528998984,10.703947591691549,12.037238654527657
9.560194104257876,9.012702111476509,9.055421248304901,6.0825740071394785,9.224440496354964,9.588140379876734,9.553398808318024,13.782388874522638,9.618787695522812,10.618800307119685,12.036030981260257
9.397561019437509,8.855885185409276,8.849172811330922,5.9516258710549526,9.08181231490997,9.300439015284464,9.751006958755147,13.74405411866672,9.550355531456232,10.648493464868771,12.027487698905063
9.50038132657658,8.891007087038568,9.021928305223062,6.00207473446538,9.181334860970809,9.43326523297941,9.54040801576464,13.719938338272497,9.556976652114507,10.629563524810827,11.987408905983422
9.493934098268333,8.767813551554232,8.917483451732636,5.919311938906596,9.148618620282805,9.465459651731683,9.654838141582665,13.693222703328825,9.921295817904184,10.653177046796413,11.950697411928562
9.367680246340605,8.863977158924293,8.906974467373963,5.867223210826294,9.046657366381123,9.35230664650333,9.738774059685952,13.671536705158122,9.719525985259853,10.593278273231592,11.966988408341107
9.44536330559415,8.760540161855713,8.960832881057378,5.927044525615718,9.110348136837166,9.421495908520765,9.628748029453243,13.6460942359204,9.63822052342085,10.585449353829496,11.95060488981339
9.3748505402415,8.863930026335115,8.878119529956448,5.919311938906596,9.065057662874185,9.35053120758088,9.616291288060541,13.626610409614186,9.699507808094205,10.589293127086897,11.942478413823002
9.355108121756558,8.82181431858041,8.861564308154644,5.848491897173221,9.014798477146481,9.391303599158027,9.66136361926437,13.617809676633145,9.736456498107763,10.605183366931804,11.968893132674241
9.405645790775264,8.907943152864583,8.805684936494654,5.913022403681162,9.064453600470516,9.268917409038655,9.575018978684204,13.600382229309295,10.00790862725747,10.565257865256877,11.910659580618882
9.275003885301905,8.545417769996531,8.849421515365938,5.708585720578887,7.917471586818964,9.29895647911404,8.876867189094188,12.660147372399317,9.772486289575236,10.24997140985785,11.321658685339168
9.266058860732526,8.529696915031272,8.882780303741544,5.753630269812944,7.941350909112094,9.145048974431614,9.232871300541989,12.616116588091103,9.681503051763253,10.179015225249715,11.323667909614876
9.181895172129263,8.459474621188578,8.813144313843408,5.709690918706138,7.898427594717774,9.014088910189544,8.984913661235975,12.570212623295646,9.662385089761662,10.09957777348718,11.25246937877204
9.070988900646256,8.420368977640697,8.819504400828983,5.682066922886096,7.812620993186824,9.152399299468238,9.152214431291876,12.540096729154538,9.57419613888247,10.035298159708235,11.24278929964982
9.082936201528161,8.427224719254443,8.833239178243462,5.695227451242034,7.75359493241646,9.275581771349461,9.048223975568739,12.515924720575262,9.630416732606703,10.026784248879467,11.250308835371337
8.996142797072505,8.302243753965952,8.670127893384844,5.527222050621666,7.773332666160141,9.352529318098,8.85755942372859,12.504059441476176,9.50688307286016,10.036646097786706,11.191856650788141
9.10615200907882,8.352742986441246,8.797467897443314,5.5839139283334305,7.705432631560025,9.132613037672426,9.022842775772576,12.486898853496164,9.561709040202027,10.07346283637777,11.177528871797124
9.119320973589014,8.446250802282623,8.734205988000122,5.641118746107333,7.804178847237689,9.211711653339984,8.913666886988738,12.471406087355385,9.608198844849728,10.09320576070041,11.209582133522249
8.99596383285781,8.389263856211075,8.740340297924128,5.613938799585331,7.717371049470843,8.89866155632742,8.88817113641181,12.449862999332243,9.622839939490854,9.999462157924517,11.128580743032513
9.035285680641765,8.393321659173877,8.691262271669641,5.673705015602129,7.762473161364059,9.02226227806985,8.833589049474812,12.430244645569648,9.572225054728355,9.985991843564339,11.160158746957633
6.280603888477442,10.227663868207285,7.274040564300998,3.745574719050321,12.277144983068153,4.23410650459726,5.173635614373561,13.639121064969263,8.809053191162732,9.70494853432365,10.860020911193459
6.228949211311688,10.24437226200765,7.2729615048259095,3.7560188088996154,12.254729996642247,3.7612001156935624,5.167955574001248,13.616975428708708,8.802726290477839,9.728783574774974,10.864068391446
6.41108821475077,10.208229114274808,7.251526215175689,3.649214082114562,12.230825960863463,3.5927355018179106,5.352384582555154,13.602000139230881,8.857486689139227,9.717572881632194,10.85937179133656
7.0792779959576535,10.191729468246423,7.242662799215763,3.702672885835307,12.233005024409355,3.809128557634971,5.109306848448923,13.58612432548764,8.905507619824686,9.741902827122036,10.825352718342884
7.189754569974585,10.205825862455118,7.206649264869891,3.7162784012750234,12.166209103578726,4.6893070856233,5.004691732743843,13.565478977911603,8.922646447454166,9.701534553996911,10.779984696107364
6.703733289758509,10.218721560449824,7.242662799215763,3.7740373644950544,12.188201684720424,4.600715880281567,5.071695522982937,13.55416494226991,9.339175197223836,9.62266339209115,10.80726588541773
7.3864708488298945,10.174923366182458,7.228735111364045,3.5927355018179106,12.179382386216556,3.5742166392517363,5.089651813880599,13.543614006376297,9.048163867373722,9.762416698609872,10.75357319003068
6.949430247216859,10.202267811777563,7.276886763081475,3.745574719050321,12.221662161742382,3.796736949720968,5.23170261152781,13.535524822213151,8.923505348676954,9.755135767570808,10.825920493563352
6.99688477949682,10.188618039084554,7.247183456787107,3.6720722510517887,12.19937470879907,3.9405023903569223,4.995709658917174,13.525310458688852,8.935189821647855,9.668461179310146,10.811814434774176
7.460426373977367,10.22279909744537,7.24749993396845,3.660708605718668,12.198900319130532,3.8406464380513077,5.0917031376768405,13.518604998149785,9.072880001301714,9.76687841250232,10.78879774971795
