Na,Mg,Al,S,K,Ti,V,Cr,Mn,Fe,Co,Cu,Zn,Sr,Cd,Sn,Ba,Hg,Pb,name
2869.08889,1392.95556,135.27778,1038.34444,30485.52222,462.22222,1.0,3.14074,1822.41111,10775.97778,61.28889,527.55556,2923.55556,1.88889,5.11111,5.48889,1.0,65.73333,25.11111,APP.0_0
2911.97778,1378.73333,142.27778,1138.67778,32151.63333,439.55556,1.0,4.17037,1950.63333,10103.97778,69.84444,536.55556,2974.33333,2.33333,2.55556,2.05185,3.66667,62.73333,27.0,APP.0_1
2676.42222,1244.4,126.61111,994.56667,27869.63333,521.77778,1.0,1.0,1701.74444,9589.86667,60.84444,545.33333,2850.55556,1.88889,3.44444,4.45926,4.77778,66.4,27.44444,APP.0_2
2885.2,1292.84444,122.16667,891.23333,30576.18889,283.55556,1.10741,3.14074,1726.52222,9127.86667,57.84444,492.11111,2799.77778,1.66667,3.44444,2.4963,2.88889,64.62222,28.88889,APP.0_3
2834.97778,1257.4,134.94444,888.56667,27511.63333,328.66667,1.10741,5.39259,1654.18889,8833.86667,57.17778,485.11111,2568.33333,2.0,5.88889,6.6,4.66667,48.28889,28.55556,APP.0_4
2542.08889,1066.62222,128.27778,901.45556,25436.52222,205.66667,1.0,5.2,1461.3,8613.86667,63.62222,469.88889,2587.77778,2.88889,2.66667,7.42963,7.55556,45.28889,26.88889,APP.0_5
2561.64444,1113.17778,130.27778,842.12222,25931.41111,429.55556,1.0,3.14074,1425.96667,8487.42222,51.4,429.88889,2367.55556,2.33333,6.66667,5.88148,2.88889,51.51111,24.0,APP.0_6
2767.2,1338.4,136.61111,942.67778,28543.18889,213.77778,1.0,3.05926,1663.52222,8324.75556,56.17778,449.66667,2606.44444,2.77778,2.55556,3.85185,1.88889,58.28889,28.55556,APP.0_7
2528.64444,1181.62222,127.05556,769.78889,22018.07778,359.66667,1.10741,1.0,1449.63333,8104.42222,51.06667,438.33333,2217.66667,2.55556,4.22222,5.04444,1.88889,46.06667,24.66667,APP.0_8
2389.08889,1050.4,130.94444,762.12222,22417.96667,367.88889,1.21481,4.17037,1339.52222,7952.31111,55.17778,420.77778,2104.0,2.22222,1.0,7.48889,1.88889,44.17778,27.88889,APP.0_9
1260.41111,592.55556,104.17778,345.17778,9172.94444,29.55556,1.0,5.44444,681.72222,4819.48889,39.66667,237.0,1447.0,1.88889,4.22222,5.88889,5.66667,29.88889,27.68889,APP.10_0
1175.41111,542.0,105.28889,352.73333,8775.83333,66.22222,1.0,3.22222,663.61111,4557.15556,40.66667,236.55556,1457.88889,1.88889,3.44444,6.66667,6.55556,29.44444,30.68889,APP.10_1
1047.41111,610.66667,96.73333,347.62222,8400.61111,70.0,1.11111,1.0,602.83333,4447.15556,33.88889,208.88889,1327.44444,1.44444,1.77778,6.0,4.77778,20.11111,22.02222,APP.10_2
1158.74444,538.0,94.84444,391.62222,8628.27778,12.77778,1.0,7.66667,603.61111,4274.04444,41.33333,205.55556,1435.55556,2.33333,4.11111,4.55556,7.55556,20.66667,23.8,APP.10_3
1026.41111,528.0,107.73333,337.28889,8180.5,28.77778,1.0,4.33333,572.38889,4079.93333,39.0,215.55556,1279.66667,3.11111,2.55556,5.44444,9.55556,23.77778,27.8,APP.10_4
1130.96667,603.66667,125.4,399.28889,8967.05556,62.44444,1.0,12.11111,646.38889,3964.15556,40.0,228.66667,1391.33333,1.66667,2.66667,3.55556,6.44444,30.44444,28.15556,APP.10_5
1039.07778,549.22222,120.06667,365.51111,8189.16667,58.0,1.0,2.11111,546.16667,3880.48889,40.77778,196.11111,1173.0,2.33333,1.0,5.22222,28.22222,24.88889,35.35556,APP.10_6
1187.96667,630.88889,119.62222,370.84444,8708.94444,60.11111,1.11111,1.0,622.27778,3807.15556,36.77778,242.33333,1167.0,3.0,9.22222,4.33333,10.66667,22.33333,39.68889,APP.10_7
934.07778,428.0,95.51111,290.95556,7005.83333,2.88889,1.0,2.11111,511.38889,3670.6,37.77778,190.0,1137.88889,2.66667,2.66667,4.33333,10.33333,18.77778,28.57778,APP.10_8
1042.96667,540.0,106.06667,249.24444,7483.27778,17.11111,1.0,3.22222,512.5,3576.6,36.0,181.66667,1110.66667,2.88889,3.33333,3.55556,1.0,20.11111,24.91111,APP.10_9
1535.17778,1003.44444,108.92222,715.96667,13741.87778,90.55556,1.0963,1.0,1108.82222,6043.08889,59.55556,217.13333,2553.66667,3.33333,2.55556,3.66667,1.88889,17.44444,17.11111,APP.11_0
1435.84444,1012.55556,85.36667,641.18889,12513.76667,43.55556,1.0963,2.11111,986.93333,5885.2,54.11111,188.68889,2153.44444,2.33333,1.77778,5.22222,8.55556,20.44444,17.0,APP.11_1
1446.28889,1038.77778,74.14444,790.74444,13760.65556,94.88889,1.0963,4.33333,1115.6,5575.75556,62.66667,180.68889,2231.11111,2.22222,1.0,2.44444,2.77778,25.22222,14.33333,APP.11_2
1314.51111,898.44444,84.7,636.07778,12606.21111,115.66667,1.0,2.11111,953.26667,5339.86667,55.77778,203.13333,2024.66667,3.55556,3.44444,3.77778,3.77778,17.33333,20.11111,APP.11_3
1401.06667,937.77778,90.36667,703.07778,13725.65556,123.33333,1.0,5.44444,1039.15556,5203.42222,55.44444,194.13333,2139.33333,3.0,2.66667,3.55556,4.66667,25.77778,17.88889,APP.11_4
1214.51111,812.66667,80.47778,548.41111,11311.54444,117.33333,1.0,1.0,874.04444,5061.53333,47.55556,215.13333,1946.88889,2.66667,2.55556,4.0,4.77778,21.88889,18.11111,APP.11_5
1418.28889,920.66667,82.14444,669.74444,14054.98889,72.22222,1.0,3.22222,1031.04444,4946.64444,58.11111,173.8,2267.11111,2.33333,3.33333,4.55556,1.0,27.11111,15.88889,APP.11_6
1238.95556,901.55556,73.36667,581.96667,11820.65556,123.55556,1.0963,2.11111,881.37778,4825.75556,49.22222,159.46667,1962.66667,3.11111,2.55556,2.77778,1.88889,18.48148,12.66667,APP.11_7
1255.84444,857.11111,73.92222,599.96667,11925.76667,144.0,1.0,14.66667,943.71111,4726.31111,54.33333,184.35556,2075.55556,1.88889,2.66667,3.11111,4.77778,17.88889,13.22222,APP.11_8
1207.06667,899.44444,80.14444,556.18889,11311.87778,39.33333,1.0,2.11111,860.71111,4636.53333,53.88889,206.13333,2114.55556,2.66667,3.44444,2.11111,5.55556,28.33333,19.88889,APP.11_9
3063.2,1906.66667,149.27778,1431.57778,32658.16667,90.77778,1.0,1.87407,2312.83333,18590.6,95.06667,471.0,4368.88889,3.38519,8.44444,5.77778,8.55556,47.04444,33.02222,APP.12_0
2885.64444,1755.11111,151.72222,1460.02222,31506.61111,105.33333,1.0,1.87407,2210.72222,17676.37778,94.17778,432.66667,4136.88889,3.82963,9.22222,9.66667,4.77778,41.26667,34.02222,APP.12_1
2992.08889,1832.88889,147.72222,1483.24444,32520.05556,240.55556,1.0,2.98519,2192.27778,16856.37778,96.62222,385.55556,4159.44444,4.38519,9.22222,3.88889,2.88889,47.71111,29.91111,APP.12_2
2713.64444,1561.11111,155.72222,1434.13333,30814.16667,28.88889,1.0,1.87407,2151.72222,16299.6,86.95556,382.22222,4039.33333,4.15556,5.11111,4.88889,2.77778,43.82222,36.8,APP.12_3
2596.64444,1697.66667,137.94444,1315.46667,29535.72222,51.55556,1.0,2.98519,2108.27778,15501.26667,89.62222,434.22222,4040.44444,3.82222,1.0,6.11111,6.77778,37.37778,33.35556,APP.12_4
2620.64444,1729.0,135.38889,1400.57778,27498.83333,49.44444,1.1037,1.87407,2033.72222,14518.93333,83.84444,395.44444,3957.33333,3.37778,2.66667,2.77778,1.88889,44.04444,30.57778,APP.12_5
2445.75556,1592.44444,182.38889,1145.24444,22605.05556,131.66667,1.0,5.84444,1716.5,13484.15556,72.06667,294.88889,3428.0,4.93333,6.77778,5.88889,2.88889,38.48889,42.57778,APP.12_6
2259.86667,1479.22222,148.05556,1106.68889,21287.61111,76.33333,1.0,6.71852,1681.5,13100.82222,64.4,311.66667,3184.44444,2.74074,9.22222,7.88889,7.66667,20.71111,40.24444,APP.12_7
2287.64444,1364.22222,140.61111,1145.24444,20028.72222,67.88889,1.0,3.85926,1599.05556,12722.48889,78.51111,314.66667,3155.55556,3.5037,7.44444,5.44444,4.77778,27.42222,39.02222,APP.12_8
2291.31111,1327.88889,142.5,1065.35556,21444.5,160.44444,1.0,1.87407,1633.27778,12475.82222,69.4,339.0,3289.88889,4.28148,8.44444,6.22222,5.66667,30.82222,39.68889,APP.12_9
1172.04444,697.44444,229.38889,433.02222,9896.81111,105.11111,1.0,1.0,673.25556,6252.53333,37.48889,337.0,1411.66667,3.55556,1.0,4.22222,1.0,27.91111,34.95556,APP.13_0
1149.26667,700.66667,186.94444,471.57778,9825.14444,201.22222,1.11111,1.87037,640.03333,5869.42222,32.15556,311.33333,1311.33333,2.44444,1.0,4.11111,4.66667,21.57778,33.28889,APP.13_1
1144.48889,596.44444,114.72222,458.8,9351.36667,70.22222,1.0,2.74074,612.81111,5696.42222,32.04444,295.33333,1207.77778,2.22222,1.77778,7.22222,8.55556,25.13333,30.62222,APP.13_2
1186.93333,600.66667,121.94444,355.57778,9172.47778,117.22222,1.11111,3.85185,652.47778,5570.53333,38.04444,302.88889,1281.55556,2.77778,1.77778,4.0,2.77778,27.02222,37.4,APP.13_3
1167.71111,605.66667,119.61111,451.13333,9463.58889,107.11111,1.0,3.85185,639.36667,5318.53333,35.26667,299.66667,1267.11111,1.88889,1.0,5.88889,3.77778,20.68889,29.84444,APP.13_4
1142.26667,623.77778,156.38889,497.35556,10034.25556,127.88889,1.11111,2.98148,659.92222,5208.53333,32.6,317.0,1306.66667,3.44444,3.33333,8.66667,3.66667,26.02222,32.62222,APP.13_5
1071.48889,541.0,129.72222,433.02222,8653.36667,66.11111,1.0,2.74074,607.25556,5066.75556,33.6,294.55556,1190.55556,2.77778,2.55556,3.22222,2.88889,19.13333,33.06667,APP.13_6
1004.6,524.88889,101.05556,492.35556,8353.92222,49.66667,1.22222,1.0,570.25556,4988.42222,33.26667,273.33333,1164.66667,2.66667,3.44444,7.22222,6.77778,21.8,30.73333,APP.13_7
1101.04444,539.0,130.72222,453.46667,8633.36667,23.11111,1.0,3.61111,591.81111,4915.2,33.37778,277.66667,1219.55556,2.44444,4.22222,4.77778,3.88889,20.68889,29.84444,APP.13_8
1167.26667,555.33333,155.61111,538.68889,9471.36667,162.44444,1.0,4.72222,656.36667,4815.08889,32.48889,311.55556,1320.66667,2.66667,5.11111,4.77778,3.77778,22.91111,32.17778,APP.13_9
2485.9,1116.06667,151.74444,739.06667,18911.31111,182.77778,1.0,1.0,1174.98889,7796.84444,41.9,433.57778,1943.28889,5.44444,9.22222,9.12593,6.55556,33.07778,42.13333,APP.14_0
2478.56667,1081.73333,154.96667,666.62222,17890.31111,127.44444,1.20741,1.0,1168.43333,7371.95556,38.45556,360.91111,1865.51111,6.22222,11.66667,6.93333,7.55556,29.96667,33.91111,APP.14_1
2312.67778,1059.51111,176.07778,697.73333,16952.42222,119.22222,1.1037,2.58519,1103.43333,6857.84444,37.56667,343.8,1680.06667,5.77778,4.22222,8.68148,6.55556,32.3,34.24444,APP.14_2
2356.34444,976.51111,119.18889,517.28889,15862.31111,68.22222,1.0,1.79259,1064.21111,6595.4,45.01111,307.35556,1657.06667,3.55556,6.0,5.13333,13.33333,27.96667,41.68889,APP.14_3
2408.78889,1061.51111,128.07778,684.84444,16648.64444,70.11111,1.0,2.9037,1140.76667,6432.84444,40.67778,330.02222,1609.62222,4.44444,3.44444,4.24444,1.88889,31.63333,28.24444,APP.14_4
2253.45556,959.51111,136.85556,661.51111,15432.86667,117.11111,1.0,2.9037,1036.54444,6285.95556,40.45556,286.13333,1592.73333,4.77778,1.77778,4.74074,6.55556,23.96667,32.68889,APP.14_5
2282.12222,976.62222,136.41111,545.62222,16342.53333,55.55556,1.1037,4.80741,1060.65556,6180.95556,37.9,275.24444,1598.95556,4.33333,3.44444,6.04444,4.66667,29.85556,30.8,APP.14_6
2269.67778,987.95556,114.85556,633.17778,15924.97778,51.77778,1.0,2.58519,1111.76667,6065.84444,46.01111,296.57778,1568.73333,2.88889,2.55556,1.91111,5.55556,23.63333,25.91111,APP.14_7
2036.01111,876.73333,117.3,589.28889,14325.31111,25.11111,1.1037,3.6963,915.43333,5939.73333,36.45556,266.8,1467.73333,3.66667,5.0,7.37778,1.88889,21.52222,33.35556,APP.14_8
2281.01111,918.06667,132.07778,656.4,16060.53333,72.0,1.0,2.9037,1063.21111,5876.84444,35.23333,261.57778,1548.28889,3.22222,1.0,7.51852,3.77778,24.07778,27.24444,APP.14_9
1741.53333,747.0,242.32222,475.4,12501.81111,248.88889,1.22222,1.99259,874.58889,8355.48889,54.55556,404.55556,1921.84444,5.0,1.0,10.11111,8.66667,18.34815,75.11111,APP.15D_0
1573.42222,809.66667,246.98889,447.17778,10661.25556,189.0,1.11111,4.0963,737.7,7783.37778,50.0,307.55556,1538.84444,4.44444,1.0,12.33333,5.66667,14.32222,72.55556,APP.15D_1
1672.64444,816.77778,208.87778,545.06667,11052.7,119.22222,1.0,7.19259,792.81111,7311.15556,48.66667,279.0,1443.17778,3.22222,1.77778,12.55556,7.66667,15.87778,70.22222,APP.15D_2
1604.75556,600.55556,307.76667,315.51111,10042.58889,162.55556,1.0,6.08148,546.81111,6875.71111,45.66667,322.44444,1126.51111,4.55556,1.0,14.88889,6.55556,16.87778,93.33333,APP.15D_3
1609.31111,646.11111,243.54444,333.73333,11048.47778,244.44444,1.11111,2.98519,619.92222,6529.48889,47.11111,320.11111,1152.06667,4.88889,1.77778,15.22222,9.55556,11.34815,84.88889,APP.15D_4
1625.53333,710.66667,218.98889,421.17778,10701.58889,92.66667,1.0,2.98519,731.58889,6204.26667,45.55556,271.44444,1309.84444,5.88889,1.0,4.44444,5.77778,16.32222,64.66667,APP.15D_5
1519.08889,645.11111,217.32222,410.84444,10556.58889,172.77778,1.11111,3.1037,730.14444,5884.15556,44.66667,292.88889,1397.17778,3.55556,1.0,13.33333,4.88889,20.1,66.44444,APP.15D_6
1390.53333,565.44444,223.87778,349.06667,9609.58889,168.66667,1.11111,1.0,586.81111,5454.04444,41.0,245.33333,1121.51111,3.11111,2.66667,8.66667,11.44444,8.62222,66.88889,APP.15D_7
1434.86667,593.55556,219.54444,403.28889,9964.47778,267.33333,1.0,2.98519,647.81111,5218.04444,46.33333,253.33333,1241.51111,4.11111,1.77778,13.44444,8.55556,14.76667,56.33333,APP.15D_8
1423.86667,616.88889,214.87778,493.51111,9503.25556,115.44444,1.0,4.0963,554.14444,4961.26667,47.0,216.0,1096.06667,3.88889,1.0,14.77778,2.77778,11.48519,57.0,APP.15D_9
2113.41111,1036.0,197.54444,539.13333,15298.75556,49.88889,1.0,1.0,908.68889,11276.95556,46.55556,330.68889,2226.88889,5.77778,5.11111,3.33333,3.51111,24.41111,56.88889,APP.15_0
1969.3,1033.88889,174.54444,614.02222,14571.75556,17.33333,1.0,1.0,927.46667,10263.84444,51.88889,296.91111,2281.55556,4.0,5.11111,3.11111,1.0,29.96667,58.22222,APP.15_1
1844.18889,863.11111,174.21111,557.24444,12940.86667,99.33333,1.0,1.0,725.02222,9397.62222,39.44444,279.57778,1653.66667,4.88889,1.77778,7.11111,4.51111,20.63333,59.66667,APP.15_2
1780.07778,813.55556,173.32222,435.91111,12322.97778,33.44444,1.0,5.2,738.02222,9009.28889,36.66667,276.91111,1605.77778,5.33333,3.44444,5.44444,2.75556,19.07778,58.88889,APP.15_3
1639.74444,1043.0,139.21111,704.24444,14414.64444,1.0,1.0,1.0,1005.02222,8835.95556,53.77778,284.35556,2286.77778,4.22222,1.77778,3.55556,1.0,25.63333,45.66667,APP.15_4
1653.85556,816.66667,149.21111,541.91111,11966.86667,10.88889,1.0,2.02963,718.35556,8631.51111,37.0,256.13333,1729.55556,7.22222,1.0,11.88889,1.0,17.63333,67.0,APP.15_5
1698.41111,919.77778,150.54444,523.68889,12240.97778,10.88889,1.0,2.02963,756.13333,8505.4,37.11111,270.24444,1881.33333,3.11111,1.0,4.66667,1.0,18.63333,50.55556,APP.15_6
1656.41111,735.0,158.98889,454.13333,11381.97778,27.33333,1.0,4.08889,644.57778,8321.84444,36.22222,264.68889,1490.0,4.55556,3.33333,5.44444,1.0,15.85556,64.66667,APP.15_7
1745.96667,742.11111,173.43333,446.35556,10826.42222,7.0,1.0,1.0,553.8,8174.95556,29.88889,225.91111,1372.44444,5.44444,1.0,5.77778,1.75556,11.22963,65.88889,APP.15_8
1799.3,776.33333,195.65556,454.24444,11218.31111,37.33333,1.0,2.02963,551.57778,8022.73333,31.44444,224.46667,1221.55556,5.88889,2.55556,7.33333,1.0,16.22963,74.66667,APP.15_9
1090.18889,198.77778,172.32222,90.38519,5542.58889,203.44444,1.11111,4.33333,91.61111,5525.4,15.33333,154.22222,206.0,5.0,1.68889,6.44444,5.77778,7.28148,87.11111,APP.15y_0
992.85556,179.44444,158.21111,105.82222,5262.81111,209.44444,1.11111,2.11111,81.72222,5048.17778,15.0,134.44444,195.11111,5.66667,4.15556,1.33333,1.88889,6.37778,79.88889,APP.15y_1
1045.3,190.88889,149.54444,85.15556,5230.81111,361.66667,1.0,5.44444,85.27778,4806.84444,16.11111,131.55556,185.22222,3.77778,1.0,6.44444,7.66667,9.39259,80.44444,APP.15y_2
910.74444,159.44444,137.1,62.16296,4802.92222,240.22222,1.0,1.0,76.72222,4481.62222,15.33333,155.0,164.44444,5.22222,1.0,3.66667,2.88889,7.32963,75.0,APP.15y_3
973.85556,175.55556,160.32222,59.38519,5080.25556,98.77778,1.0,2.11111,82.5,4298.17778,19.55556,127.33333,195.11111,5.55556,2.57778,2.88889,3.66667,10.39259,75.11111,APP.15y_4
741.74444,144.44444,126.98889,72.27407,3987.92222,59.88889,1.0,3.22222,68.16667,4114.51111,14.66667,115.22222,155.33333,3.77778,1.68889,6.88889,2.77778,3.6963,62.22222,APP.15y_5
824.85556,145.44444,130.32222,90.5037,4381.7,86.55556,1.0,1.0,72.16667,3883.62222,17.55556,125.66667,141.44444,4.0,1.0,5.33333,2.88889,6.21852,67.11111,APP.15y_6
709.07778,126.11111,107.21111,44.17037,3667.25556,80.44444,1.0,5.44444,60.05556,3752.73333,9.55556,95.33333,162.11111,2.22222,1.0,4.77778,2.77778,10.17037,57.88889,APP.15y_7
836.18889,136.0,133.98889,87.6,4258.14444,107.44444,1.0,3.22222,67.05556,3522.17778,13.77778,116.66667,166.33333,4.0,1.0,3.22222,4.77778,10.9,77.22222,APP.15y_8
789.3,145.44444,114.1,95.60741,4316.14444,64.0,1.0,4.33333,76.72222,3270.17778,14.88889,118.55556,149.44444,4.11111,1.68889,6.22222,3.66667,10.5037,68.0,APP.15y_9
2183.92222,336.88889,215.52222,153.15556,9895.27778,400.55556,1.0,5.2,108.43333,5549.53333,8.33333,100.77778,175.33333,9.66667,1.0,9.44444,9.11111,6.15556,54.48889,APP.16_0
2063.36667,357.22222,218.85556,161.04444,9212.5,314.11111,1.10741,4.08889,88.65556,5135.08889,6.66667,97.22222,149.66667,6.88889,1.0,11.88889,10.28889,4.48889,49.48889,APP.16_1
1935.81111,313.88889,188.3,119.6,9045.5,242.44444,1.0,3.14074,103.32222,4888.75556,7.55556,93.11111,167.66667,6.44444,1.0,9.77778,21.88889,4.37778,52.15556,APP.16_2
2007.47778,350.11111,200.18889,117.15556,9000.27778,209.55556,1.0,1.0,103.65556,4626.31111,7.11111,97.22222,155.22222,6.11111,1.0,9.33333,5.46667,6.16296,53.48889,APP.16_3
1956.03333,306.88889,160.74444,94.04444,8776.94444,111.33333,1.0,1.0,112.76667,4238.2,8.55556,88.33333,164.55556,5.0,1.0,11.44444,13.28889,5.4963,59.37778,APP.16_4
1854.14444,283.55556,244.3,98.60741,8105.94444,109.0,1.0,6.22963,97.87778,3918.53333,7.66667,81.77778,148.88889,5.22222,2.43704,10.33333,7.64444,7.4,48.93333,APP.16_5
1712.47778,279.66667,214.96667,145.48889,7708.16667,121.11111,1.21481,4.08889,79.54444,3593.42222,8.66667,77.11111,95.77778,4.88889,1.0,5.22222,7.28889,5.71111,49.37778,APP.16_6
1520.14444,222.0,171.07778,112.04444,6657.72222,105.0,1.0,3.05926,78.98889,3257.75556,6.33333,70.22222,94.88889,4.88889,1.0,4.44444,6.28889,3.36296,42.48889,APP.16_7
1284.47778,197.55556,143.41111,50.15556,5678.05556,271.22222,1.10741,3.14074,60.32222,2963.86667,6.11111,56.44444,82.44444,4.66667,1.0,6.11111,9.11111,2.36296,29.6,APP.16_8
1421.7,211.88889,96.96667,101.71111,5937.94444,144.22222,1.0,1.0,67.87778,2722.75556,6.66667,57.88889,88.33333,3.44444,1.0,5.55556,5.28889,3.47407,35.82222,APP.16_9
3179.72222,1148.11111,129.35556,757.34444,27151.7,47.55556,1.0,9.34815,971.08889,13436.63333,42.37778,464.44444,1665.51111,2.3037,4.22222,10.33333,8.46667,21.63333,96.77778,APP.18_0
3057.27778,1130.66667,130.91111,638.67778,24004.14444,53.55556,1.0,2.8963,908.86667,12548.96667,38.6,430.88889,1601.95556,2.83704,1.77778,2.11111,11.93333,18.71111,91.33333,APP.18_1
2961.61111,954.11111,109.35556,574.12222,23794.7,33.0,1.0,1.0,909.2,12123.52222,41.6,421.77778,1450.4,3.4963,5.88889,3.66667,4.64444,16.74444,88.44444,APP.18_2
2705.5,866.22222,107.91111,620.67778,22100.14444,74.22222,1.0,6.06667,878.64444,11598.74444,36.48889,399.77778,1481.84444,2.07407,2.55556,7.77778,5.64444,20.85556,79.55556,APP.18_3
2631.94444,900.44444,110.46667,618.12222,21543.81111,61.77778,1.0,1.0,829.97778,11204.96667,33.6,374.55556,1419.95556,2.95556,4.22222,6.22222,2.64444,15.18889,86.0,APP.18_4
2586.94444,934.0,115.02222,661.78889,21415.25556,92.66667,1.1037,2.8963,835.08889,10737.63333,34.93333,388.22222,1308.17778,1.85185,4.33333,5.55556,4.64444,15.63333,74.77778,APP.18_5
2687.5,952.22222,117.13333,667.01111,22122.92222,105.22222,1.0,4.95556,879.97778,10238.96667,35.26667,401.66667,1432.95556,3.18519,5.77778,4.55556,4.64444,17.26667,85.55556,APP.18_6
2500.83333,827.66667,98.91111,564.01111,19469.25556,92.66667,1.0,1.0,743.31111,9430.63333,31.6,343.22222,1209.17778,1.95556,6.77778,4.11111,5.46667,20.96667,78.0,APP.18_7
2735.61111,701.44444,107.91111,507.12222,18893.81111,17.22222,1.0,4.00741,745.31111,8900.52222,33.93333,365.55556,1246.17778,3.28148,5.0,4.66667,2.64444,18.3,78.33333,APP.18_8
2134.61111,698.44444,103.57778,540.67778,15266.81111,72.33333,1.1037,1.0,628.86667,8549.07778,27.6,305.44444,1075.28889,2.84444,4.22222,1.77778,2.82222,12.64444,68.88889,APP.18_9
2568.12222,990.84444,65.54444,690.82222,20071.56667,19.22222,1.11111,1.0,1212.68889,5891.02222,39.83333,174.0,1557.11111,2.11111,7.44444,3.71852,6.44444,56.8,16.86667,APP.19_0
2237.56667,928.28889,50.65556,574.6,16008.67778,37.44444,1.0,4.80741,1001.68889,4978.46667,33.27778,134.0,1328.77778,1.77778,4.22222,2.4,8.33333,42.13333,13.31111,APP.19_1
2119.78889,781.84444,57.21111,571.93333,14735.78889,31.22222,1.0,8.2963,922.46667,4469.35556,28.61111,133.11111,1221.33333,1.44444,4.22222,3.48148,7.77778,34.35556,16.86667,APP.19_2
1810.78889,695.06667,93.65556,473.93333,11543.78889,107.0,1.33333,8.2963,762.46667,4070.91111,29.27778,115.0,1046.0,2.11111,3.44444,1.63704,1.0,23.35556,12.2,APP.19_3
1925.01111,722.28889,122.54444,440.48889,11475.23333,58.11111,1.44444,4.48889,697.35556,3641.13333,24.83333,123.33333,935.22222,2.66667,4.33333,4.24444,1.88889,20.46667,16.08889,APP.19_4
1948.34444,678.73333,57.32222,474.04444,11811.01111,33.44444,1.0,4.80741,670.35556,3368.24444,26.38889,107.0,885.77778,2.44444,4.33333,4.28889,6.55556,20.91111,15.31111,APP.19_5
1929.67778,596.06667,54.21111,352.82222,11360.45556,164.66667,1.0,1.79259,610.68889,3153.13333,21.72222,106.0,896.44444,1.66667,5.11111,3.60741,1.88889,12.24444,12.75556,APP.19_6
1953.56667,561.62222,52.76667,304.04444,11517.67778,47.55556,1.0,4.48889,598.02222,2953.91111,24.05556,111.55556,907.66667,2.11111,4.22222,2.84444,1.88889,15.24444,15.43704,APP.19_7
1946.45556,585.95556,48.54444,298.71111,11813.01111,23.0,1.0,1.79259,551.46667,2770.57778,20.61111,114.33333,806.77778,1.66667,2.66667,6.94074,1.0,12.48889,12.75556,APP.19_8
1822.45556,467.84444,53.65556,340.04444,10704.01111,41.55556,1.0,4.80741,547.8,2675.91111,22.05556,111.77778,747.77778,1.55556,2.55556,8.13333,2.77778,15.82222,14.64444,APP.19_9
3466.46667,1458.0,218.21111,1172.26667,37940.13333,3612.55556,1.11111,15.37037,1422.51111,9898.37778,71.71111,1890.0,2800.7,4.1963,4.22222,17.66667,19.22222,35.31111,40.66667,APP.1_0
3226.02222,1700.66667,196.65556,1061.37778,36169.57778,4569.77778,1.44444,11.81481,1409.28889,9405.04444,67.82222,1909.0,2627.81111,2.31481,2.66667,10.88889,20.11111,31.64444,37.66667,APP.1_1
3243.8,1333.88889,195.65556,1076.93333,35547.46667,3166.0,1.22222,10.59259,1393.73333,8922.15556,58.93333,1612.44444,2546.58889,3.2,5.88889,10.33333,23.11111,25.97778,54.55556,APP.1_2
3198.91111,1144.88889,202.32222,1141.48889,35733.02222,4001.11111,1.55556,9.67407,1391.95556,8743.6,61.37778,1662.77778,2582.25556,3.41852,1.77778,14.0,18.22222,33.75556,45.22222,APP.1_3
3147.13333,1345.88889,228.43333,1061.37778,34872.35556,3017.0,1.11111,16.28889,1394.73333,8581.15556,65.93333,1716.11111,2639.81111,1.65185,6.77778,13.33333,21.22222,26.75556,50.11111,APP.1_4
3211.57778,1430.77778,232.32222,1074.48889,34693.57778,3245.33333,1.22222,7.34074,1410.62222,8302.82222,61.04444,1751.33333,2687.03333,2.98519,2.55556,11.44444,18.11111,28.53333,63.22222,APP.1_5
2973.46667,1313.66667,187.21111,1015.15556,31535.57778,3321.33333,1.44444,6.31111,1270.06667,8045.82222,60.15556,1513.33333,2461.14444,2.97037,4.88889,15.22222,21.11111,21.64444,47.55556,APP.1_6
3012.8,1274.22222,172.65556,981.6,32923.13333,3002.77778,1.22222,14.98519,1232.62222,7809.6,57.6,1540.44444,2388.03333,3.86296,2.66667,20.77778,16.33333,18.53333,74.55556,APP.1_7
2775.91111,1134.88889,145.87778,917.04444,28153.8,2377.55556,1.11111,10.7037,1166.28889,7599.82222,54.26667,1164.55556,2291.03333,3.75185,5.88889,13.66667,23.11111,17.97778,60.0,APP.1_8
3006.24444,1374.11111,163.87778,1069.15556,31786.57778,2811.33333,1.44444,9.67407,1279.17778,7410.93333,59.04444,1401.55556,2487.58889,4.41852,5.88889,17.77778,22.88889,24.86667,65.77778,APP.1_9
1831.74444,241.62222,120.37778,123.01111,8571.94444,33.22222,1.0,1.0,197.37778,5437.22222,10.56667,141.0,210.86667,9.55556,1.0,4.44444,3.66667,4.9963,62.02222,APP.20_0
1692.41111,226.4,113.04444,143.78889,8078.16667,35.22222,1.0,2.11111,201.15556,5101.55556,10.01111,150.88889,184.75556,4.11111,2.66667,4.66667,2.77778,7.66296,47.02222,APP.20_1
1733.18889,233.51111,121.48889,84.93333,8070.38889,90.55556,1.0963,3.22222,210.37778,4891.88889,9.78889,144.88889,185.2,7.33333,1.77778,2.88889,1.0,7.78889,49.68889,APP.20_2
1619.07778,227.28889,110.71111,143.67778,7284.38889,27.33333,1.0,3.22222,176.15556,4750.33333,8.9,119.55556,159.31111,3.11111,1.0,1.66667,2.77778,8.39259,48.68889,APP.20_3
1596.18889,200.17778,113.93333,125.8,7350.94444,76.33333,1.0963,4.33333,204.15556,4676.55556,9.67778,153.88889,175.31111,4.11111,1.0,3.22222,2.77778,8.28148,45.57778,APP.20_4
1558.63333,214.28889,109.15556,105.01111,6908.5,60.0,1.0,5.44444,178.6,4556.11111,8.01111,148.77778,166.42222,4.11111,1.0,3.55556,1.0,5.04444,41.24444,APP.20_5
1602.07778,207.17778,119.37778,133.57778,7267.5,78.55556,1.0,4.33333,193.93333,4451.0,8.45556,153.44444,204.42222,5.0,1.0,2.44444,2.88889,9.10741,36.35556,APP.20_6
1691.41111,199.28889,115.71111,115.46667,7414.16667,41.33333,1.0,4.33333,189.26667,4314.88889,9.45556,141.11111,176.42222,5.0,1.77778,5.22222,4.66667,7.32963,46.13333,APP.20_7
1569.85556,203.06667,99.71111,141.47778,7008.83333,37.77778,1.0,2.11111,172.04444,4173.0,6.12222,138.66667,157.53333,3.77778,1.77778,4.77778,1.0,6.67778,37.68889,APP.20_8
1624.52222,180.95556,115.48889,159.12222,7340.16667,35.33333,1.0,4.33333,181.93333,4115.44444,8.12222,145.0,169.64444,4.55556,1.0,4.44444,1.88889,9.56667,45.68889,APP.20_9
2989.13333,717.17778,340.66667,245.43333,15866.15556,544.66667,1.22222,2.11111,250.88889,7966.41111,14.64444,165.45556,286.77778,11.6,1.0,14.65185,19.22222,10.21111,173.02222,APP.21_0
2904.68889,471.73333,323.33333,281.32222,15710.6,704.88889,1.0,1.0,237.22222,7515.07778,15.64444,161.01111,297.66667,11.15556,1.0,11.71111,11.33333,11.2,173.35556,APP.21_1
2909.35556,475.73333,363.0,237.65556,15541.37778,501.22222,1.22222,2.11111,236.44444,7205.85556,15.64444,154.23333,284.44444,11.37778,1.77778,17.42963,3.77778,13.31111,161.8,APP.21_2
2711.68889,508.95556,287.77778,232.32222,14036.15556,509.66667,1.44444,2.11111,234.88889,6969.63333,15.53333,158.45556,281.0,8.37778,1.0,13.17778,11.22222,7.1,142.02222,APP.21_3
2534.35556,488.84444,269.11111,219.54444,13011.37778,131.44444,1.11111,7.66667,254.44444,6492.07778,12.75556,139.78889,308.77778,5.71852,1.77778,5.99259,8.55556,11.98889,106.57778,APP.21_4
2587.57778,563.51111,280.11111,252.98889,14024.82222,166.44444,1.11111,2.11111,235.55556,6109.18889,13.2,137.67778,298.0,9.71111,1.77778,7.98519,6.55556,13.08889,112.68889,APP.21_5
2180.02222,307.17778,216.88889,134.54444,11036.48889,250.77778,1.0,3.22222,172.77778,5741.85556,12.2,128.9,213.55556,5.82222,1.0,8.57037,7.66667,7.2,110.8,APP.21_6
2225.46667,403.28889,241.11111,178.1,11566.93333,254.77778,1.0,3.22222,206.0,5469.3,11.97778,125.78889,255.0,6.38519,2.66667,10.87407,9.44444,7.75556,83.68889,APP.21_7
2325.02222,402.17778,247.33333,160.21111,11732.82222,144.0,1.22222,7.77778,189.44444,5269.96667,13.08889,116.67778,254.66667,7.37778,2.66667,17.01481,5.77778,7.97778,76.68889,APP.21_8
2278.24444,383.84444,244.77778,167.98889,11415.6,226.0,1.0,4.33333,192.77778,5117.74444,11.86667,114.34444,255.88889,8.37778,3.44444,10.1037,9.44444,6.97778,76.46667,APP.21_9
1902.93333,1075.22222,991.51111,572.65556,15253.68889,587.44444,4.43704,11.0,603.32222,14738.66667,38.01111,279.88889,440.0,49.82222,5.88889,22.66667,90.0,27.82222,608.86667,APP.22_0
1751.71111,746.0,807.4,482.65556,14474.24444,1018.88889,2.67407,3.22222,492.65556,11488.22222,40.45556,241.66667,370.44444,32.93333,1.77778,15.22222,52.44444,19.15556,450.97778,APP.22_1
1752.82222,570.11111,585.95556,327.76667,12117.24444,739.55556,1.7037,5.44444,404.76667,8711.22222,36.23333,200.66667,320.55556,16.6,1.0,12.0,28.88889,21.26667,322.2,APP.22_2
1774.93333,502.55556,270.95556,198.87778,9361.91111,1010.66667,1.3037,6.66667,292.87778,7205.0,17.12222,183.88889,307.22222,11.93333,1.77778,8.88889,17.33333,8.28889,169.64444,APP.22_3
1700.93333,502.66667,356.51111,245.32222,9603.13333,817.66667,1.28889,11.11111,295.21111,6774.77778,19.34444,178.44444,268.11111,12.71111,4.22222,9.55556,12.33333,11.93333,190.31111,APP.22_4
1691.48889,396.55556,189.06667,152.54444,8057.35556,414.77778,1.19259,7.66667,260.65556,6323.55556,12.34444,174.0,265.33333,8.15556,5.88889,7.55556,5.66667,12.48889,129.86667,APP.22_5
1708.6,474.55556,257.62222,142.21111,8285.46667,546.55556,1.31852,6.55556,283.54444,6103.44444,18.23333,171.66667,258.88889,8.48889,2.66667,8.77778,10.55556,10.6,158.86667,APP.22_6
1591.04444,488.55556,294.51111,134.94074,8765.8,597.77778,1.0,4.33333,275.32222,5846.33333,18.9,149.55556,239.44444,9.15556,1.77778,9.55556,10.33333,10.26667,141.97778,APP.22_7
1637.71111,446.22222,172.17778,145.16296,7469.57778,661.55556,1.19259,2.11111,263.54444,5668.0,11.45556,161.11111,265.44444,6.27407,2.66667,6.77778,11.33333,7.28889,131.97778,APP.22_8
1565.82222,429.0,190.84444,121.94074,7465.68889,394.55556,1.19259,5.44444,253.98889,5395.11111,8.9,159.66667,229.33333,6.39259,2.66667,5.44444,2.77778,8.12593,120.75556,APP.22_9
1976.9,1298.66667,187.54444,851.03333,19761.0,1144.33333,1.2,1.0,1394.36667,8614.8,64.88889,655.55556,2495.88889,2.88889,1.77778,8.55556,5.46667,15.97778,33.53333,APP.2_0
1859.01111,1241.0,163.43333,871.7,18663.11111,1598.66667,1.1,2.9,1384.92222,8236.68889,65.44444,577.88889,2441.77778,3.55556,1.0,10.44444,7.11111,24.53333,43.42222,APP.2_1
1865.23333,1176.22222,177.21111,858.81111,17922.88889,1183.55556,1.2,1.78889,1285.47778,7796.02222,55.88889,580.22222,2388.0,2.55556,1.77778,11.66667,5.28889,23.08889,37.42222,APP.2_2
1874.78889,1142.88889,159.43333,820.25556,16373.66667,1109.33333,1.1,3.36667,1213.25556,7538.91111,58.66667,511.77778,2185.55556,4.55556,4.33333,8.88889,9.11111,21.31111,35.53333,APP.2_3
1666.78889,1242.88889,152.21111,776.36667,16888.66667,677.88889,1.2,3.68889,1171.47778,7213.68889,57.33333,561.88889,2194.11111,3.22222,2.66667,9.22222,9.11111,18.64444,32.86667,APP.2_4
1807.23333,1222.66667,173.32222,771.25556,17180.66667,733.22222,1.0,2.9,1133.92222,6883.02222,62.0,490.88889,2132.66667,3.66667,3.44444,6.77778,13.93333,23.86667,39.08889,APP.2_5
1783.34444,995.44444,163.87778,621.58889,15639.55556,1156.55556,1.2,1.78889,1047.47778,6688.8,52.44444,496.0,1982.88889,3.77778,3.44444,9.77778,12.11111,25.42222,53.08889,APP.2_6
1761.34444,992.55556,166.1,673.14444,15829.55556,1039.44444,1.0,4.47778,1055.47778,6473.91111,51.55556,458.88889,1908.33333,2.11111,5.0,5.33333,1.82222,21.08889,44.31111,APP.2_7
1637.56667,950.0,169.98889,675.58889,14629.22222,1236.77778,1.1,6.37778,955.81111,6295.46667,53.66667,424.33333,1878.88889,4.66667,4.11111,9.66667,17.82222,20.73333,71.42222,APP.2_8
1778.34444,1009.66667,152.21111,668.03333,15107.55556,1191.55556,1.0,6.37778,1038.92222,6112.02222,48.0,446.22222,1910.66667,4.22222,1.77778,15.0,6.11111,17.95556,39.53333,APP.2_9
1326.25556,907.65556,126.88889,823.74444,14620.18889,26.33333,1.0,1.0,1171.44444,7321.37778,60.46667,422.44444,2548.22222,3.88889,5.88889,4.33333,9.44444,31.46667,46.22222,APP.3_0
1227.25556,921.76667,117.11111,609.85556,13716.63333,145.66667,1.0,2.02963,1082.77778,6948.48889,56.91111,397.66667,2392.66667,3.88889,8.44444,5.55556,6.55556,32.24444,45.55556,APP.3_1
1168.14444,769.43333,121.55556,550.18889,13347.18889,67.31111,1.0,1.0,1036.11111,6644.37778,56.8,350.0,2156.22222,4.0,5.0,5.33333,5.55556,36.46667,46.22222,APP.3_2
1203.36667,768.32222,122.33333,650.96667,13328.3,75.66667,1.0,4.17037,1055.66667,6350.6,55.68889,368.0,2302.0,2.88889,4.22222,7.44444,8.44444,35.57778,47.0,APP.3_3
1115.47778,788.54444,108.66667,568.18889,11594.41111,46.4,1.0,2.02963,953.44444,6077.82222,52.91111,338.11111,1955.88889,2.11111,1.77778,4.88889,5.66667,36.57778,39.0,APP.3_4
1109.25556,769.32222,108.22222,591.41111,11465.74444,42.28889,1.0,3.05926,906.88889,5894.15556,53.68889,324.77778,1924.33333,3.22222,5.11111,6.88889,5.66667,34.34074,36.0,APP.3_5
1102.58889,694.65556,97.0,624.96667,11378.07778,94.57778,1.0,3.14074,874.22222,5778.37778,50.68889,281.22222,1881.55556,3.22222,4.22222,3.66667,9.44444,29.91111,42.66667,APP.3_6
1097.25556,717.98889,101.66667,666.41111,12235.85556,81.75556,1.0,2.02963,993.88889,5663.48889,55.57778,322.44444,2067.22222,2.22222,2.66667,5.0,6.55556,34.46667,37.11111,APP.3_7
1185.7,721.98889,104.33333,648.41111,11734.52222,28.8,1.0,2.02963,971.55556,5552.93333,56.24444,283.44444,2010.88889,1.77778,4.33333,9.77778,6.55556,34.8,40.22222,APP.3_8
1267.47778,799.76667,111.88889,576.18889,12350.41111,54.97778,1.0,2.02963,965.66667,5484.93333,54.8,283.44444,1995.66667,2.66667,7.55556,6.22222,7.55556,28.8,48.44444,APP.3_9
1420.33333,849.0,172.56667,954.91111,24001.38889,470.44444,1.22222,1.0,1467.41111,10603.16667,60.77778,1213.22222,3063.66667,4.66667,5.88889,6.66667,4.77778,72.84444,49.64444,APP.4_0
1522.33333,873.44444,128.67778,893.02222,24081.94444,127.44444,1.0,6.06667,1494.85556,10162.27778,55.77778,1178.33333,3172.88889,2.0,5.11111,5.77778,1.88889,43.17778,33.08889,APP.4_1
1480.66667,897.66667,147.23333,911.02222,22008.5,411.0,1.0,1.0,1419.96667,9548.16667,53.33333,1124.11111,2808.44444,3.33333,6.77778,8.11111,2.88889,51.17778,42.53333,APP.4_2
1280.44444,767.22222,110.78889,959.91111,22768.27778,244.66667,1.0,3.05926,1535.74444,9002.27778,55.44444,1057.11111,2898.77778,4.0,5.88889,7.77778,3.88889,36.95556,32.42222,APP.4_3
1400.33333,818.55556,127.01111,844.13333,21682.38889,240.44444,1.33333,2.8963,1456.18889,8524.94444,59.22222,1077.11111,2944.88889,3.55556,4.22222,8.22222,2.77778,35.51111,39.86667,APP.4_4
1359.22222,768.22222,110.78889,756.35556,18717.38889,296.0,1.22222,4.00741,1403.18889,8225.61111,60.88889,925.44444,2649.33333,3.55556,2.66667,6.66667,7.55556,29.17778,28.75556,APP.4_5
1169.33333,700.66667,97.23333,691.91111,16979.05556,312.33333,1.0,1.0,1250.3,7958.16667,55.88889,790.11111,2340.22222,2.88889,1.0,2.11111,2.77778,24.28889,23.53333,APP.4_6
1198.55556,763.11111,106.34444,714.91111,17001.94444,293.88889,1.0,1.94815,1216.07778,7701.05556,59.44444,805.88889,2492.22222,3.77778,1.77778,4.33333,5.55556,33.28889,21.86667,APP.4_7
1197.22222,765.22222,81.9,895.8,18372.05556,185.0,1.0,3.05926,1271.96667,7506.61111,57.66667,925.33333,2487.66667,3.66667,3.33333,3.55556,4.77778,26.84444,22.75556,APP.4_8
1229.66667,754.11111,86.23333,818.35556,18606.16667,242.55556,1.11111,7.28889,1277.41111,7349.72222,53.44444,864.77778,2577.77778,2.77778,3.44444,7.66667,2.77778,25.73333,23.31111,APP.4_9
1069.16667,803.55556,87.08889,746.57778,13778.78889,35.22222,1.0,2.90741,1280.78889,8578.13333,52.44444,344.91111,2577.75556,1.11111,5.0,6.22222,7.66667,65.5,25.35556,APP.5_0
1163.16667,859.22222,80.53333,769.91111,14341.9,35.0,1.1037,1.7963,1266.12222,8032.02222,54.55556,314.57778,2618.2,2.11111,1.0,4.0,1.88889,59.94444,27.8,APP.5_1
1459.61111,952.0,75.42222,681.91111,14680.9,41.44444,1.0,2.90741,1210.56667,7439.35556,49.88889,330.68889,2478.31111,1.66667,1.77778,9.22222,4.77778,33.72222,30.46667,APP.5_2
1364.38889,962.11111,84.86667,759.46667,14590.45556,41.44444,1.0,4.81481,1226.34444,7056.35556,49.22222,327.91111,2233.2,2.11111,4.33333,12.88889,1.0,31.5,28.24444,APP.5_3
1481.5,930.77778,83.53333,681.8,15760.12222,104.77778,1.1037,5.2963,1236.34444,6788.68889,48.88889,348.46667,2222.86667,1.66667,2.55556,7.44444,1.0,23.7037,24.24444,APP.5_4
1519.94444,883.33333,86.75556,715.46667,14704.34444,119.11111,1.0,2.59259,1063.34444,6599.68889,44.33333,318.46667,2224.42222,1.33333,4.22222,10.0,3.66667,19.61111,28.02222,APP.5_5
1286.27778,847.0,75.86667,707.91111,14402.78889,142.0,1.0,2.90741,1109.9,6395.13333,46.55556,332.8,2026.2,1.55556,1.77778,6.0,1.0,32.72222,17.91111,APP.5_6
1267.16667,760.22222,78.86667,493.91111,12496.45556,43.11111,1.0,2.90741,848.56667,6080.35556,38.33333,276.46667,1731.31111,2.77778,2.55556,9.33333,4.66667,24.37037,18.8,APP.5_7
1232.16667,946.11111,72.42222,545.24444,11580.78889,26.77778,1.0,1.7963,920.9,5881.13333,42.0,291.91111,1852.97778,1.66667,2.66667,4.88889,3.77778,21.27778,23.8,APP.5_8
1241.5,795.66667,70.31111,571.35556,12554.23333,51.66667,1.1037,1.0,925.34444,5781.02222,42.33333,287.46667,1853.2,1.66667,3.44444,5.44444,4.77778,16.72222,19.46667,APP.5_9
1174.08889,175.55556,184.14444,59.11111,4936.2,51.66667,1.0,1.87407,27.96667,5964.8,17.26667,108.11111,108.63333,5.88889,1.0,7.11111,7.44444,12.52222,168.97778,APP.6_0
1401.64444,204.66667,228.58889,80.88889,5455.53333,29.33333,1.11111,3.85926,34.3,5765.35556,15.93333,103.44444,126.96667,8.55556,1.0,5.77778,4.66667,17.21111,160.86667,APP.6_1
1347.42222,201.77778,186.58889,75.88889,5311.42222,21.22222,1.22222,4.73333,30.74444,5545.24444,14.93333,91.55556,116.3,6.22222,1.0,8.66667,4.66667,9.52222,154.53333,APP.6_2
1195.64444,204.88889,185.7,48.77778,4986.08889,33.55556,1.0,1.0,26.85556,5330.24444,14.26667,93.11111,113.18889,6.22222,1.0,9.66667,10.33333,12.42222,149.42222,APP.6_3
1165.2,200.77778,178.58889,51.33333,4747.31111,113.22222,1.0,6.71852,22.52222,5188.91111,7.05185,85.33333,115.3,6.11111,1.0,13.88889,7.66667,8.08889,136.64444,APP.6_4
1145.75556,157.44444,185.14444,55.22222,4406.53333,166.66667,1.0,4.4963,24.74444,5010.35556,11.15556,96.55556,104.07778,5.22222,1.0,9.11111,6.55556,11.74444,135.08889,APP.6_5
1373.97778,172.44444,218.58889,64.33333,5404.97778,90.77778,1.0,3.85926,32.52222,4858.46667,15.71111,86.11111,114.85556,6.33333,1.77778,5.0,4.66667,9.08889,146.86667,APP.6_6
1219.86667,177.44444,179.92222,64.33333,4976.42222,55.88889,1.11111,3.85926,22.96667,4700.8,11.04444,76.44444,114.41111,7.44444,1.77778,10.33333,10.44444,11.75556,128.75556,APP.6_7
1165.08889,132.11111,178.81111,42.44444,4639.53333,56.22222,1.0,2.74815,27.3,4616.68889,14.93333,79.44444,101.3,6.33333,1.77778,12.11111,6.55556,10.08889,129.75556,APP.6_8
1186.2,183.77778,177.14444,41.0,4792.31111,131.66667,1.0,1.87407,23.52222,4548.8,13.6,85.66667,105.18889,4.33333,1.0,8.0,9.44444,7.63333,134.2,APP.6_9
4037.5,1476.11111,195.94444,1155.17778,32450.35556,224.0,1.0,5.2,1488.95556,7581.84444,59.0,256.57778,2350.37778,5.44444,3.20741,61.55556,16.33333,38.63333,7073.77778,APP.7_0
4245.16667,1392.55556,160.94444,1013.4,33885.13333,187.33333,1.0,2.02963,1407.95556,7094.06667,55.11111,240.35556,2337.04444,4.77778,1.0,35.0,6.55556,29.07778,4196.22222,APP.7_1
3883.16667,1366.22222,149.94444,961.84444,29595.13333,115.55556,1.0,2.02963,1349.62222,6810.62222,54.33333,232.91111,2084.37778,6.33333,6.19259,61.44444,18.22222,25.74444,76.88889,APP.7_2
3519.38889,1224.66667,156.72222,866.4,24776.57778,351.11111,1.11111,5.2,1196.73333,6579.73333,43.77778,198.68889,1800.48889,4.88889,6.19259,62.22222,13.33333,31.74444,5101.44444,APP.7_3
3366.61111,1146.0,180.83333,827.62222,22818.02222,213.88889,1.33333,4.17037,1079.73333,6364.73333,43.44444,225.46667,1657.04444,4.33333,3.86667,82.33333,11.33333,31.3,2464.44444,APP.7_4
3845.61111,1091.11111,117.16667,860.95556,29125.68889,90.55556,1.0,3.14074,1250.62222,6107.84444,48.88889,224.02222,1893.71111,3.66667,4.75556,58.66667,4.55556,21.96667,49.44444,APP.7_5
3553.72222,1187.44444,181.05556,902.51111,26821.02222,183.22222,1.11111,5.2,1187.06667,5866.28889,42.66667,222.68889,1789.04444,3.33333,5.64444,76.44444,11.66667,24.63333,1428.44444,APP.7_6
3211.61111,970.22222,139.94444,840.51111,22331.57778,76.33333,1.11111,1.0,1016.4,5588.28889,41.66667,203.13333,1612.6,3.66667,2.31852,54.0,11.44444,28.18889,1446.44444,APP.7_7
3134.72222,1070.33333,133.72222,739.95556,22529.91111,128.0,1.22222,3.14074,1054.51111,5347.28889,41.0,205.57778,1558.71111,4.55556,6.19259,62.66667,6.66667,27.52222,1142.44444,APP.7_8
3061.83333,1026.66667,145.05556,745.17778,20313.91111,166.77778,1.0,4.17037,1035.84444,5231.51111,41.55556,197.13333,1568.26667,5.22222,2.31852,25.44444,8.66667,32.96667,40.33333,APP.7_9
1126.5,486.55556,85.62222,373.33333,8082.82222,160.88889,1.11111,1.83704,553.1,4154.94444,42.44444,189.22222,1338.77778,1.88889,2.55556,5.11111,4.77778,50.17778,29.53333,APP.8_0
1023.72222,443.11111,95.51111,252.33333,7071.71111,92.88889,1.11111,1.0,510.21111,3562.38889,41.11111,197.22222,1049.44444,2.0,1.0,5.33333,9.66667,41.28889,40.31111,APP.8_1
1017.27778,380.55556,100.51111,262.55556,6642.82222,12.77778,1.0,1.83704,486.1,3252.72222,36.33333,188.88889,987.55556,2.44444,1.77778,4.88889,1.0,41.73333,35.31111,APP.8_2
1023.16667,293.66667,109.28889,252.44444,6282.26667,65.88889,1.0,5.45926,425.43333,3111.38889,37.88889,183.22222,799.66667,3.66667,1.77778,4.77778,7.77778,42.06667,42.2,APP.8_3
1327.16667,330.22222,107.06667,213.66667,7379.15556,27.44444,1.0,4.62222,449.32222,2938.05556,38.44444,205.44444,868.22222,4.22222,4.22222,7.0,11.55556,37.06667,43.64444,APP.8_4
1044.61111,359.22222,104.17778,229.11111,6606.93333,14.88889,1.0,1.83704,418.21111,2833.38889,33.44444,174.0,827.11111,2.88889,4.22222,6.88889,1.88889,28.4,41.31111,APP.8_5
1174.94444,341.22222,129.06667,254.88889,6705.48889,49.55556,1.0,2.94815,424.65556,2733.5,34.77778,210.11111,792.33333,3.66667,1.0,7.44444,14.33333,47.28889,54.53333,APP.8_6
1054.05556,332.11111,116.51111,221.22222,5935.71111,19.0,1.0,5.45926,393.98889,2592.38889,40.88889,189.77778,769.44444,3.22222,3.33333,8.0,6.66667,36.51111,47.86667,APP.8_7
1074.38889,318.88889,124.4,226.55556,5943.6,13.11111,1.0,4.62222,393.1,2508.38889,41.0,182.88889,710.11111,3.77778,5.88889,4.11111,4.77778,26.4,44.2,APP.8_8
1037.16667,309.77778,113.84444,249.77778,5939.48889,65.88889,1.77778,4.8963,381.21111,2445.16667,41.88889,166.44444,706.66667,3.66667,4.22222,5.44444,1.88889,25.28889,38.97778,APP.8_9
1599.38889,873.11111,85.65556,724.7,13369.05556,100.88889,1.0,3.14074,1118.53333,6980.71111,62.22222,376.81111,2221.55556,2.15556,5.11111,7.55556,4.66667,151.23333,14.82222,APP.9_0
1608.5,875.33333,89.21111,639.58889,12366.16667,98.77778,1.0,1.0,1039.42222,6492.71111,51.33333,333.92222,2140.88889,2.93333,7.44444,7.33333,4.66667,138.9,21.15556,APP.9_1
1645.16667,839.88889,91.76667,740.14444,12658.27778,227.88889,1.0,2.02963,1012.97778,6199.04444,55.55556,338.81111,1895.11111,3.35556,2.55556,3.22222,1.88889,115.56667,24.37778,APP.9_2
1496.27778,755.0,91.65556,482.47778,11252.72222,86.55556,1.0,2.02963,861.97778,5810.48889,40.77778,296.14444,1709.88889,2.37778,2.55556,6.55556,3.66667,90.9,22.15556,APP.9_3
1613.27778,824.77778,98.21111,637.03333,12057.16667,53.88889,1.0,3.05926,916.64444,5469.93333,44.88889,283.81111,1773.22222,1.93333,3.44444,3.66667,5.55556,101.78889,19.15556,APP.9_4
1645.72222,737.77778,93.76667,557.25556,11648.38889,78.11111,1.0,1.0,931.42222,5254.71111,40.0,285.7,1709.33333,1.1,2.55556,3.55556,7.66667,95.78889,19.04444,APP.9_5
1499.16667,732.66667,90.54444,539.14444,10738.94444,273.55556,1.0,5.2,810.64444,5050.04444,39.77778,303.03333,1582.77778,3.36667,2.66667,7.88889,7.44444,66.78889,19.93333,APP.9_6
1520.27778,712.55556,94.87778,461.81111,10778.83333,326.88889,1.0,2.02963,761.2,4919.37778,42.77778,292.81111,1552.66667,1.85556,2.55556,4.88889,5.66667,80.23333,19.15556,APP.9_7
1448.5,632.0,87.1,487.47778,9848.27778,152.22222,1.0,6.31111,721.86667,4793.15556,41.55556,295.14444,1416.33333,1.96667,1.0,3.11111,5.66667,71.23333,22.48889,APP.9_8
1459.94444,664.11111,90.1,456.7,9724.05556,275.66667,1.0,2.02963,719.75556,4677.82222,38.44444,265.03333,1344.0,1.86667,2.55556,5.55556,1.0,83.23333,17.26667,APP.9_9
1438.87778,678.94444,81.28889,466.21111,7911.15556,9.11111,1.11111,1.0,385.02222,2846.63333,16.51111,63.55556,636.77778,2.3,2.55556,7.66667,19.33333,7.62222,11.64444,APP_0A_0
1292.54444,626.5,98.62222,461.1,6981.48889,17.22222,1.11111,1.0,364.24444,2594.96667,18.06667,62.44444,641.66667,3.36667,2.55556,5.11111,7.66667,8.37778,10.2,APP_0A_1
1404.21111,863.83333,68.06667,509.87778,7154.48889,8.77778,1.0,2.11111,446.13333,2463.74444,19.28889,66.33333,757.11111,1.63333,1.77778,1.77778,3.77778,8.15556,6.42222,APP_0A_2
1493.43333,817.27778,51.95556,530.54444,7656.93333,14.66667,1.11111,2.11111,496.8,2327.63333,20.17778,62.44444,775.44444,1.73333,1.0,2.11111,3.66667,7.37778,3.57778,APP_0A_3
1382.21111,725.38889,75.4,430.21111,7203.82222,13.0,1.0,3.22222,410.02222,2249.18889,15.84444,63.22222,645.22222,4.61111,1.77778,5.0,11.55556,8.8,7.04444,APP_0A_4
1343.43333,791.05556,62.06667,463.76667,6385.82222,5.0,1.0,1.0,392.46667,2164.74444,18.51111,57.22222,653.77778,3.08889,2.66667,3.33333,1.0,6.31111,3.48889,APP_0A_5
1400.98889,755.83333,57.95556,510.1,6874.82222,4.77778,1.0,1.0,391.91111,2091.63333,15.51111,72.88889,668.77778,2.3,2.55556,1.33333,2.77778,7.17778,6.48889,APP_0A_6
1185.32222,671.94444,62.84444,432.65556,6328.37778,8.77778,1.0,1.0,363.13333,2028.96667,15.17778,62.44444,592.88889,1.2,1.0,2.11111,1.0,6.42222,5.37778,APP_0A_7
1257.98889,750.61111,51.73333,458.54444,6748.6,6.88889,1.0,3.22222,389.02222,1955.85556,13.62222,59.55556,716.44444,4.07778,1.77778,1.77778,3.77778,6.2,3.77778,APP_0A_8
1322.21111,692.94444,50.28889,388.98889,6406.93333,13.22222,1.0,3.22222,380.46667,1945.3,17.06667,59.55556,668.66667,2.18889,2.55556,2.88889,1.88889,6.75556,2.24444,APP_0A_9
582.54444,158.2,231.33333,260.45556,3361.4,53.5,1.11111,2.02963,123.96667,2800.85556,29.42222,123.95556,334.71111,2.11111,1.0,8.11111,8.77778,25.13333,21.77778,APP_0B_0
516.32222,158.97778,130.66667,188.34444,3361.17778,5.11111,1.0,6.22963,91.07778,2386.74444,22.64444,105.84444,383.04444,2.33333,2.55556,4.77778,3.77778,17.46667,19.11111,APP_0B_1
469.1,131.75556,141.77778,196.01111,3066.4,18.61111,1.11111,3.05926,80.85556,2208.85556,20.75556,100.62222,300.82222,6.11111,1.77778,4.11111,8.44444,13.63704,15.11111,APP_0B_2
513.21111,157.97778,135.33333,196.01111,3332.73333,54.55556,1.22222,2.02963,84.07778,2098.3,22.31111,107.28889,313.48889,3.55556,1.0,9.33333,1.88889,11.41481,15.44444,APP_0B_3
545.76667,167.2,129.22222,198.67778,3385.51111,177.88889,1.0,2.02963,82.63333,1967.63333,23.86667,84.28889,271.93333,8.0,1.0,5.0,4.77778,17.46667,15.22222,APP_0B_4
528.43333,143.97778,123.66667,143.65185,3455.51111,16.5,1.0,6.22963,80.85556,1904.96667,26.75556,111.95556,297.26667,3.77778,1.0,4.22222,3.77778,14.57778,14.55556,APP_0B_5
488.21111,175.31111,110.22222,198.56667,3304.28889,40.22222,1.0,3.05926,78.63333,1841.41111,20.75556,121.06667,283.93333,8.22222,1.0,4.44444,4.66667,12.8,12.11111,APP_0B_6
486.98889,173.08889,110.44444,171.98519,3121.28889,99.66667,1.0,6.31111,70.74444,1742.07778,19.2,77.17778,243.6,3.0,1.77778,4.0,1.88889,11.19259,9.66667,APP_0B_7
569.1,148.86667,73.77778,216.56667,3547.95556,72.05556,1.0,5.28148,76.96667,1715.96667,18.53333,114.84444,287.82222,6.0,1.77778,3.66667,6.66667,11.97037,8.44444,APP_0B_8
521.54444,174.2,81.55556,211.45556,3481.84444,45.27778,1.0,3.05926,81.63333,1658.52222,18.53333,146.4,298.6,6.88889,2.55556,6.44444,2.88889,12.35556,6.55556,APP_0B_9
994.78889,864.93333,244.76667,525.84444,7431.07778,11.98889,1.0,2.11111,609.87778,7630.78889,27.95556,294.21111,1145.33333,4.26667,1.0,6.77778,11.93333,27.55556,53.34444,APP_0C_0
992.23333,756.93333,257.98889,505.17778,7408.3,87.54074,1.0,2.11111,561.1,6712.67778,24.62222,316.65556,1072.66667,3.16296,1.0,6.22222,4.64444,26.22222,55.9,APP_0C_1
1114.67778,780.04444,210.54444,528.28889,7337.07778,23.76296,1.11111,3.22222,546.87778,6135.67778,23.06667,287.76667,957.44444,4.16296,1.68889,5.33333,9.17778,23.0,42.12222,APP_0C_2
1246.45556,903.26667,185.65556,636.51111,8172.41111,117.75926,1.0,1.0,574.54444,5862.34444,20.4,325.98889,945.88889,5.27407,1.0,6.22222,2.64444,28.0,29.01111,APP_0C_3
1156.45556,878.04444,203.87778,520.84444,8007.85556,47.64444,1.11111,8.77778,560.87778,5516.34444,23.4,254.43333,914.88889,2.05926,1.68889,4.77778,21.64444,28.66667,33.01111,APP_0C_4
1175.12222,860.82222,149.1,530.95556,7962.74444,235.09259,1.0,4.33333,547.54444,5243.56667,23.06667,284.43333,997.77778,3.61481,1.0,2.88889,6.28889,23.22222,31.9,APP_0C_5
1208.9,840.6,177.76667,505.06667,7864.07778,110.86296,1.11111,4.33333,489.32222,4787.34444,25.4,246.65556,837.33333,4.60741,1.0,5.11111,2.64444,23.77778,28.34444,APP_0C_6
1062.01111,680.93333,210.87778,505.06667,6727.07778,61.97778,1.0,4.33333,465.21111,4551.34444,22.62222,220.54444,865.88889,3.6,1.0,2.11111,1.82222,15.66667,35.56667,APP_0C_7
1311.67778,843.6,169.21111,618.73333,7919.18889,188.41481,1.0,7.66667,483.1,4320.67778,24.62222,241.32222,855.0,3.27407,1.0,1.66667,4.64444,12.33333,18.9,APP_0C_8
1069.56667,725.6,157.1,512.84444,6667.41111,221.75185,1.0,7.66667,433.98889,4042.78889,23.17778,189.87778,795.0,2.73333,1.0,2.88889,1.82222,7.77778,21.45556,APP_0C_9
1539.16667,2435.72222,447.68889,416.93333,5429.98889,7722.98889,1.42222,10.38889,205.41111,3462.83333,26.84444,243.33333,600.6,4.5037,1.0,10.64444,14.73333,6.11111,26.51111,APP_0D_0
1486.38889,2816.83333,456.02222,460.6,5405.1,9032.1,1.20741,21.35556,210.63333,3205.72222,26.84444,247.44444,592.6,3.2963,4.22222,20.2,20.41111,11.44444,28.73333,APP_0D_1
1401.16667,2163.27778,348.8,434.71111,4993.21111,8226.76667,1.85926,13.24444,184.52222,3032.72222,23.28889,219.66667,532.04444,2.84444,2.55556,12.15556,16.94444,7.55556,24.84444,APP_0D_2
1457.94444,2067.16667,377.35556,344.71111,5341.76667,5490.87778,1.42222,28.28889,170.74444,2875.27778,23.17778,244.66667,493.48889,3.28148,3.44444,14.28889,8.36667,7.55556,27.73333,APP_0D_3
1230.38889,1719.83333,293.57778,341.93333,4644.54444,5316.54444,1.31111,21.87778,140.96667,2692.05556,21.51111,201.77778,430.26667,3.62222,1.77778,18.15556,10.57778,4.55556,22.28889,APP_0D_4
1245.16667,1316.16667,310.35556,290.48889,4675.43333,4801.87778,1.74074,16.51111,138.85556,2477.16667,21.84444,216.88889,422.37778,2.51111,1.77778,11.71111,5.57778,6.11111,19.73333,APP_0D_5
1313.05556,976.72222,236.35556,326.48889,4746.65556,4915.98889,1.63704,10.5,125.3,2398.38889,16.51111,159.77778,372.15556,1.31111,3.44444,8.04444,3.57778,7.11111,19.51111,APP_0D_6
1314.38889,1015.38889,245.13333,336.71111,4957.21111,4381.87778,1.42963,8.05556,117.74444,2241.16667,19.17778,180.88889,382.26667,1.94815,1.0,9.71111,7.15556,3.66667,22.17778,APP_0D_7
1214.61111,921.16667,202.02222,292.93333,4611.32222,3650.21111,1.1037,5.31111,124.63333,2173.27778,15.95556,216.77778,376.48889,1.64444,1.77778,10.26667,10.15556,4.33333,18.84444,APP_0D_8
1334.38889,748.38889,210.24444,323.93333,4430.98889,2881.27407,1.0,7.12222,148.96667,2115.16667,24.28889,200.77778,334.37778,4.26667,1.0,9.35556,9.94444,8.33333,15.06667,APP_0D_9
1520.47778,432.31111,82.37778,445.01111,7334.76667,17.22222,1.11111,6.2,211.08889,3212.04444,24.17778,160.15556,740.26667,2.88889,1.0,3.22222,1.0,8.62963,10.65185,APP_10A_0
1540.92222,393.97778,71.15556,359.9,6972.54444,31.0,1.0,2.98519,212.31111,2965.26667,24.95556,143.71111,710.37778,2.44444,2.55556,2.0,2.88889,12.48148,9.31852,APP_10A_1
1442.92222,334.2,84.26667,303.12222,6325.98889,524.22222,1.0,1.99259,169.08889,2855.37778,21.17778,148.71111,624.26667,2.33333,2.66667,1.33333,30.44444,6.92593,87.20741,APP_10A_2
1494.14444,351.64444,52.6,277.34444,6378.76667,37.11111,1.0,3.1037,215.2,2718.82222,20.17778,142.6,722.15556,1.44444,2.66667,3.33333,1.88889,12.44444,9.76296,APP_10A_3
1275.92222,278.86667,106.6,249.12222,5521.32222,320.77778,1.0,1.99259,164.08889,2614.15556,21.28889,136.71111,536.15556,9.0,1.0,3.66667,16.55556,11.22222,38.28889,APP_10A_4
1382.47778,343.31111,78.6,341.9,6194.87778,507.88889,1.0,3.1037,176.97778,2520.15556,21.17778,147.71111,601.04444,3.0,1.77778,1.66667,35.22222,5.92593,79.87407,APP_10A_5
1315.36667,259.64444,65.48889,313.45556,5244.21111,82.77778,1.0,7.19259,139.2,2488.6,17.84444,132.26667,549.82222,2.77778,1.77778,3.22222,2.77778,6.92593,8.98519,APP_10A_6
1564.92222,368.53333,64.15556,303.23333,6825.65556,35.11111,1.0,3.1037,197.53333,2404.26667,20.84444,157.26667,687.93333,3.22222,4.22222,2.55556,2.88889,4.66667,7.98519,APP_10A_7
1074.92222,284.75556,62.26667,274.94815,4691.43333,23.33333,1.0,1.99259,134.64444,2325.93333,17.4,143.6,534.15556,1.88889,1.0,1.0,2.88889,10.25926,7.79259,APP_10A_8
1203.25556,232.53333,111.26667,246.45556,5292.65556,326.88889,1.0,7.19259,148.75556,2310.26667,23.51111,127.15556,578.26667,1.66667,1.0,2.0,21.55556,13.0,43.98519,APP_10A_9
1321.37778,204.32222,84.72222,292.85556,5919.63333,27.22222,1.0,2.02963,169.8,2579.65556,13.77778,128.82222,296.15556,2.77778,2.55556,1.0,1.0,2.77778,4.28148,APP_10B_0
1368.26667,188.43333,79.5,254.3,6360.63333,72.55556,1.0,6.22963,176.57778,2448.76667,10.22222,135.37778,276.15556,6.11111,1.77778,2.11111,1.0,2.96296,9.4963,APP_10B_1
1217.93333,194.43333,66.27778,223.18889,4985.96667,27.22222,1.0,4.17037,144.24444,2317.43333,9.0,128.6,252.26667,2.77778,1.0,2.0,1.0,3.74074,7.4,APP_10B_2
1047.82222,229.54444,105.38889,184.52593,4765.74444,8.77778,1.0,1.0,183.02222,2233.65556,8.66667,147.15556,296.71111,2.0,1.0,2.0,1.0,2.62963,7.51111,APP_10B_3
1240.71111,204.43333,66.72222,182.07778,5403.18889,158.55556,1.0,1.0,181.02222,2186.65556,9.44444,124.93333,301.71111,2.77778,1.77778,2.11111,1.0,2.18519,9.16296,APP_10B_4
1215.93333,269.1,67.27778,197.41111,5396.18889,35.22222,1.0,8.45185,193.02222,2123.98889,10.0,134.93333,299.15556,2.0,1.77778,2.44444,1.0,1.37037,11.82222,APP_10B_5
1195.82222,194.43333,72.27778,241.3,5311.63333,64.11111,1.0,6.31111,175.13333,2070.98889,11.55556,123.82222,300.37778,2.77778,1.77778,1.0,1.88889,3.07407,4.71852,APP_10B_6
1131.82222,214.43333,102.27778,233.63333,4815.52222,185.55556,1.0,4.17037,160.8,2013.32222,11.44444,136.15556,273.26667,2.0,2.66667,1.33333,1.0,2.44444,13.4963,APP_10B_7
1053.71111,189.32222,82.94444,205.3,4455.63333,329.11111,1.0,3.05926,163.57778,1961.1,11.66667,138.48889,290.37778,1.88889,1.0,1.33333,1.88889,5.0,3.06667,APP_10B_8
1036.15556,204.43333,63.5,202.63333,4494.96667,25.11111,1.0,3.05926,155.91111,1914.1,10.88889,121.26667,290.93333,2.66667,1.0,2.11111,1.88889,4.51852,5.71852,APP_10B_9
1477.62222,416.03333,60.57778,360.47778,5816.82222,14.88889,1.0,7.66667,224.91111,1784.31111,15.01111,80.06667,359.97778,1.65185,1.0,3.66667,2.88889,2.28889,5.22222,APP_11A_0
1504.4,361.47778,61.57778,309.25556,5755.26667,19.11111,1.0,5.44444,204.46667,1658.75556,15.9,58.17778,357.42222,1.98519,1.0,2.77778,2.88889,2.82222,6.22222,APP_11A_1
1321.73333,347.25556,52.46667,272.92222,5452.82222,2.88889,1.0,11.11111,215.68889,1543.08889,14.12222,79.05926,355.08889,1.43704,1.0,1.0,1.0,2.44444,4.22222,APP_11A_2
1453.28889,379.58889,67.02222,272.92222,5789.71111,5.0,1.0,5.44444,216.57778,1480.42222,15.56667,78.73333,375.08889,1.65556,1.0,1.66667,6.66667,3.97778,7.77778,APP_11A_3
1616.17778,381.58889,64.91111,334.81111,6256.93333,6.88889,1.0,2.11111,218.68889,1412.2,15.56667,57.16296,403.2,1.97778,1.0,4.44444,1.0,2.62222,5.66667,APP_11A_4
1397.84444,330.25556,64.57778,329.81111,5109.04444,6.88889,1.0,3.22222,178.68889,1406.31111,12.34444,54.62222,330.86667,2.09259,1.0,2.11111,2.88889,4.68889,5.55556,APP_11A_5
1334.62222,319.03333,78.35556,291.14444,5097.04444,6.88889,1.0,4.33333,180.02222,1348.86667,15.45556,53.62222,337.97778,1.87037,1.0,3.22222,3.77778,5.11111,6.66667,APP_11A_6
1487.84444,388.7,74.24444,283.25556,7072.6,8.77778,1.11111,5.44444,211.35556,1317.53333,14.9,68.51111,357.75556,1.98519,1.0,1.33333,2.88889,2.82222,5.11111,APP_11A_7
1618.28889,374.58889,98.68889,260.14444,6951.37778,2.88889,1.0,1.0,212.8,1291.42222,16.34444,63.28889,316.31111,1.65185,1.77778,3.55556,6.77778,7.17778,8.22222,APP_11A_8
1275.95556,318.03333,57.68889,301.25556,5342.71111,31.44444,1.0,4.33333,171.68889,1254.86667,10.28148,60.73333,302.53333,1.65556,1.0,1.77778,3.77778,2.71111,5.66667,APP_11A_9
2605.9,754.15556,133.16667,625.95556,13893.94444,137.88889,1.0,11.0,477.08889,3845.96667,21.76667,254.33333,688.1,1.66667,1.0,4.33333,2.78889,9.77778,21.91111,APP_11B_0
2305.01111,641.26667,125.5,587.28889,10908.38889,197.22222,1.0,7.66667,392.2,3610.07778,22.21111,198.0,723.21111,1.88889,1.0,4.11111,2.78889,15.51852,19.6,APP_11B_1
2592.23333,717.93333,114.72222,669.84444,15105.16667,207.66667,1.0,2.11111,461.42222,3421.52222,19.87778,231.88889,757.32222,1.44444,1.0,2.0,3.57778,15.14815,16.04444,APP_11B_2
2768.9,765.26667,103.83333,672.4,14156.16667,84.33333,1.0,2.11111,512.86667,3264.18889,21.21111,284.11111,759.32222,2.11111,1.77778,3.22222,1.78889,10.92593,8.37778,APP_11B_3
2798.9,713.82222,112.38889,744.62222,14914.83333,119.33333,1.0,1.0,463.42222,3148.41111,22.98889,251.77778,784.87778,2.66667,1.0,2.44444,1.78889,8.25926,8.26667,APP_11B_4
2552.12222,708.82222,110.05556,579.62222,12884.27778,172.66667,1.0,6.55556,452.97778,3064.74444,24.65556,223.22222,733.1,2.0,1.0,3.11111,1.0,14.0,13.35556,APP_11B_5
2739.01111,778.48889,88.27778,718.62222,14718.05556,164.77778,1.11111,4.33333,520.42222,3028.18889,24.32222,260.33333,764.98889,1.44444,1.77778,1.66667,2.57778,4.37037,5.26667,APP_11B_6
2561.12222,705.71111,115.5,571.84444,14112.05556,363.77778,1.0,2.11111,428.31111,2949.52222,21.65556,186.66667,668.32222,1.55556,2.55556,2.44444,1.0,6.33333,5.06667,APP_11B_7
2642.12222,732.82222,85.05556,698.28889,14227.16667,115.22222,1.11111,4.33333,510.53333,2927.96667,22.76667,263.33333,686.76667,1.44444,1.0,2.88889,2.78889,7.25926,5.04444,APP_11B_8
2591.78889,654.15556,105.38889,708.51111,15602.72222,333.0,1.0,8.77778,440.31111,2849.63333,19.87778,240.88889,637.76667,2.22222,1.0,1.66667,2.78889,8.22222,8.48889,APP_11B_9
1700.85556,491.4,124.51111,351.6,7043.32222,33.11111,1.0,3.14074,227.17778,2603.61111,21.11111,125.52222,519.08889,1.22222,1.77778,4.0,3.77778,7.9,17.46667,APP_12A_0
1669.3,433.95556,116.73333,282.15556,7088.98889,24.66667,1.0,7.34074,215.84444,2388.61111,21.77778,131.52222,485.08889,2.0,1.0,4.0,1.88889,5.95926,15.91111,APP_12A_1
1552.52222,366.28889,121.51111,310.37778,6664.98889,22.77778,1.0,4.17037,201.51111,2289.27778,19.33333,142.3,473.97778,2.33333,1.0,11.0,2.88889,4.46296,16.68889,APP_12A_2
1608.85556,412.51111,130.17778,349.26667,7270.76667,33.22222,1.0,2.02963,215.4,2205.61111,19.55556,133.96667,485.86667,1.33333,1.0,7.88889,1.88889,4.4037,21.57778,APP_12A_3
1626.85556,377.28889,129.17778,320.82222,6948.32222,39.22222,1.0,5.28148,224.17778,2126.38889,20.44444,122.96667,492.64444,1.66667,1.0,9.88889,1.0,5.29259,21.35556,APP_12A_4
1587.52222,365.28889,124.62222,305.26667,7112.54444,78.44444,1.0,2.02963,209.17778,2021.94444,21.0,133.41111,467.64444,2.11111,1.77778,14.11111,1.88889,4.4037,17.68889,APP_12A_5
1494.52222,347.84444,123.06667,282.15556,6409.1,80.55556,1.0,7.42222,190.28889,1943.61111,14.88889,130.52222,402.31111,1.22222,1.77778,10.11111,1.0,6.71111,19.46667,APP_12A_6
1556.85556,337.73333,129.62222,282.15556,6611.1,10.88889,1.0,3.14074,195.4,1917.16667,18.33333,123.85556,422.53333,1.88889,1.0,9.11111,2.88889,4.73704,18.57778,APP_12A_7
1608.85556,286.4,126.28889,258.93333,6936.21111,4.77778,1.0,4.17037,194.51111,1832.94444,18.33333,108.07778,424.53333,1.55556,1.77778,7.55556,1.0,3.99259,19.46667,APP_12A_8
1525.52222,358.17778,135.62222,323.48889,5893.32222,74.55556,1.1037,3.05926,219.95556,1775.5,17.33333,115.63333,366.2,2.22222,3.33333,9.55556,1.88889,3.35185,15.15556,APP_12A_9
1634.32222,749.07778,262.57778,347.31111,7286.88889,2222.02222,1.0,4.33333,267.53333,3652.07778,27.05556,180.55556,448.47778,6.37778,5.11111,6.79259,16.11111,9.88889,43.6,APP_12B_0
1555.87778,702.96667,232.46667,429.86667,7597.66667,2298.13333,1.0,1.0,285.42222,3431.96667,24.27778,168.77778,544.03333,7.9,1.77778,4.40741,11.44444,12.33333,40.37778,APP_12B_1
1474.98889,717.85556,183.8,344.53333,6977.66667,1759.57778,1.0,4.33333,255.42222,3196.07778,21.38889,154.22222,418.81111,10.37778,2.55556,4.99259,16.44444,9.77778,36.04444,APP_12B_2
1437.1,499.74444,185.02222,350.08889,7024.33333,1990.37778,1.0,1.0,266.2,2923.18889,19.5,167.22222,487.14444,2.9,2.55556,6.48889,1.0,8.22222,24.04444,APP_12B_3
1460.1,592.74444,162.35556,396.31111,6981.55556,2409.68889,1.0,4.33333,245.53333,2755.3,24.83333,147.55556,449.36667,8.18889,1.77778,10.34815,1.88889,10.22222,22.15556,APP_12B_4
1340.43333,500.74444,155.13333,375.64444,6424.11111,1676.26667,1.0,5.44444,229.08889,2629.52222,23.05556,149.77778,412.03333,3.64444,1.77778,3.54815,4.55556,5.11111,17.79259,APP_12B_5
1319.32222,474.63333,151.68889,354.97778,6343.22222,1106.48889,1.0,6.55556,216.86667,2503.63333,21.16667,131.11111,398.92222,15.45556,1.77778,7.79259,1.88889,5.44444,22.48889,APP_12B_6
1408.65556,622.96667,152.68889,347.08889,6476.11111,1301.6,1.0,3.22222,226.53333,2409.63333,19.83333,158.11111,382.81111,6.34444,1.0,3.54815,1.0,7.0,17.48889,APP_12B_7
1358.1,492.63333,150.91111,391.08889,6657.44444,995.13333,1.0,4.33333,229.08889,2325.3,19.72222,135.11111,402.36667,3.08889,3.44444,6.6,1.88889,8.77778,22.93333,APP_12B_8
1339.1,509.96667,166.02222,264.75556,6021.66667,1733.35556,1.11111,4.33333,212.75556,2215.41111,21.05556,126.55556,365.14444,6.18889,1.77778,7.23704,4.66667,4.44444,16.82222,APP_12B_9
723.81111,288.76667,69.4,213.12222,4457.7,5.0,1.0,1.0,160.61111,2266.95556,6.73333,142.8,305.87778,1.0,1.0,2.05185,1.0,1.97778,2.03704,APP_12C_0
806.47778,251.43333,83.06667,244.23333,4477.7,11.0,1.0,3.22222,159.61111,2104.17778,12.62222,129.02222,337.76667,1.44444,1.77778,2.4963,1.88889,1.62222,2.03704,APP_12C_1
898.36667,235.32222,89.06667,210.78889,4826.92222,27.11111,1.0,2.11111,165.27778,2025.73333,12.84444,136.57778,357.76667,4.0,1.0,1.3037,1.0,2.15556,2.40741,APP_12C_2
855.14444,297.87778,87.51111,218.45556,4707.7,4.77778,1.0,3.22222,157.61111,1947.4,12.17037,134.02222,315.87778,3.22222,1.0,1.74815,2.88889,2.6,2.48148,APP_12C_3
775.14444,280.76667,82.51111,257.01111,4470.7,1.0,1.0,5.44444,163.16667,1915.51111,13.06667,106.35556,279.21111,2.22222,1.77778,2.05185,1.0,4.73333,2.88889,APP_12C_4
851.92222,261.65556,75.84444,283.01111,4530.03333,91.0,1.0,2.11111,161.83333,1847.17778,12.4,121.91111,322.32222,1.66667,1.0,2.4963,1.0,4.48889,4.2963,APP_12C_5
718.47778,226.21111,65.17778,298.12222,3982.81111,1.0,1.0,6.55556,130.61111,1779.28889,7.62222,93.02222,274.87778,1.66667,1.77778,1.91111,1.88889,2.86667,2.18519,APP_12C_6
832.25556,249.54444,82.17778,264.78889,4517.92222,62.55556,1.0,4.33333,163.5,1742.73333,12.28148,135.57778,297.76667,3.77778,1.0,1.3037,1.88889,2.31111,1.92593,APP_12C_7
839.7,281.98889,86.28889,228.56667,4560.47778,46.0,1.0,5.44444,139.94444,1700.73333,11.72593,108.13333,286.32222,1.33333,1.0,2.05185,1.88889,2.24444,2.51852,APP_12C_8
732.58889,230.21111,97.4,262.12222,4185.14444,56.11111,1.0,6.55556,138.94444,1647.73333,10.28148,126.8,249.21111,1.88889,1.77778,1.0,1.0,2.42222,3.07407,APP_12C_9
1193.2,494.86667,86.56667,407.61111,7652.45556,19.11111,1.0,6.55556,301.91111,2736.55556,13.73333,141.52222,597.82222,1.38519,1.0,1.28889,1.0,9.44444,14.45556,APP_13A_0
1214.31111,443.31111,92.01111,327.72222,7107.9,18.88889,1.0,6.55556,274.57778,2563.66667,16.28889,134.52222,537.6,1.0963,4.22222,2.02222,1.0,8.88889,14.78889,APP_13A_1
1120.75556,415.08889,80.78889,234.94444,6513.01111,9.11111,1.0,6.55556,253.46667,2400.77778,15.95556,104.85556,565.93333,1.0,4.22222,2.02222,1.88889,8.22222,12.12222,APP_13A_2
1149.53333,399.97778,95.34444,348.27778,7058.9,29.22222,1.0,1.0,256.13333,2317.22222,17.06667,137.3,568.37778,1.0,1.77778,1.57778,1.88889,7.33333,15.45556,APP_13A_3
1222.53333,438.31111,98.45556,343.27778,6900.34444,97.22222,1.0,3.22222,268.46667,2249.33333,18.62222,148.07778,590.71111,1.0963,3.44444,2.02222,5.77778,6.77778,11.9,APP_13A_4
1125.97778,380.75556,98.12222,283.94444,6623.78889,47.44444,1.0,4.33333,249.8,2143.88889,16.62222,148.63333,466.71111,1.0963,1.77778,1.28889,3.77778,4.11111,12.12222,APP_13A_5
1089.97778,414.08889,93.12222,350.94444,6024.78889,47.44444,1.0,9.88889,245.24444,2070.77778,16.95556,121.52222,502.93333,1.0,1.0,2.91111,1.0,2.77778,10.45556,APP_13A_6
1099.97778,361.53333,95.78889,335.5,6074.9,29.22222,1.0,5.44444,230.24444,2023.77778,16.17778,155.07778,499.82222,1.0,1.0,1.28889,1.88889,4.77778,14.01111,APP_13A_7
1144.31111,339.31111,90.78889,299.27778,5881.56667,19.11111,1.0,4.33333,212.13333,1966.33333,16.73333,131.85556,452.71111,1.0963,1.77778,2.75556,1.0,2.11111,10.78889,APP_13A_8
1136.31111,412.08889,108.78889,330.27778,6490.78889,127.88889,1.0,4.33333,243.24444,1966.11111,17.4,132.63333,491.04444,1.0,1.0,1.28889,1.0,1.44444,9.54074,APP_13A_9
498.94444,213.71111,131.51111,148.78889,2862.31111,326.55556,1.0,4.33333,96.45556,2521.56667,8.34444,81.93333,295.66667,6.02222,1.0,5.77778,6.55556,13.55556,17.13333,APP_13B_0
514.72222,182.26667,87.4,145.9,2591.64444,205.33333,1.0,4.33333,81.23333,2185.9,8.67778,86.15556,248.33333,1.26667,1.77778,2.77778,7.44444,10.55556,11.68889,APP_13B_1
503.61111,170.15556,71.28889,141.01111,2607.86667,189.22222,1.0,3.22222,82.45556,2018.45556,7.67778,89.15556,262.22222,1.0,1.0,1.0,2.88889,9.88889,10.71111,APP_13B_2
575.72222,182.26667,105.51111,164.01111,2751.53333,265.11111,1.0,2.11111,89.78889,1918.67778,8.83704,100.93333,247.55556,1.77778,1.0,2.11111,1.88889,7.0,15.91111,APP_13B_3
532.27778,194.26667,130.4,138.34444,2728.64444,103.0,1.0,2.11111,90.23333,1829.45556,10.78889,82.48889,262.66667,5.68889,1.77778,1.77778,1.0,6.77778,12.26667,APP_13B_4
537.83333,168.15556,80.4,135.67778,2960.31111,234.33333,1.0,2.11111,93.9,1714.12222,11.01111,81.48889,243.0,2.11111,1.0,2.88889,1.88889,8.22222,9.4,APP_13B_5
514.94444,151.82222,115.17778,182.01111,2901.53333,269.22222,1.0,1.0,86.12222,1630.01111,7.12222,85.04444,276.88889,1.82222,1.0,1.33333,1.0,4.22222,8.35556,APP_13B_6
535.27778,166.04444,68.28889,163.9,2722.31111,88.66667,1.0,3.22222,100.34444,1572.56667,6.12222,106.82222,242.11111,2.0,1.0,2.0,2.77778,4.11111,12.24444,APP_13B_7
531.94444,193.37778,104.84444,184.67778,2630.08889,70.0,1.0,3.22222,81.12222,1520.34444,9.34444,76.04444,244.0,4.31111,1.0,2.11111,1.88889,7.11111,8.84444,APP_13B_8
520.72222,185.26667,75.28889,146.01111,2610.53333,76.11111,1.0,1.0,92.67778,1477.67778,8.34444,67.82222,222.55556,1.35556,1.0,1.66667,1.0,5.88889,8.24444,APP_13B_9
1875.48889,202.42222,188.37778,221.58889,8597.08889,72.11111,1.11111,7.01481,150.0,5087.12222,13.98889,234.97778,328.96667,7.55556,4.33333,3.55556,1.0,1.17407,33.84444,APP_15A_0
1745.48889,233.75556,156.82222,218.81111,6948.75556,72.0,1.0,2.8963,109.11111,3728.56667,9.98889,130.08889,201.74444,6.77778,1.0,2.11111,1.0,2.58519,21.73333,APP_15A_1
1778.71111,237.64444,172.6,146.7,6780.64444,47.44444,1.0,1.94815,87.11111,3387.9,5.27407,101.64444,164.74444,1.88889,1.0,4.11111,1.0,3.53704,20.62222,APP_15A_2
1881.71111,242.86667,171.48889,154.7,6656.75556,88.55556,1.11111,1.94815,75.88889,3277.78889,4.71852,90.75556,153.18889,7.33333,1.0,4.0,1.0,2.58519,20.28889,APP_15A_3
1751.82222,220.53333,159.37778,164.81111,6376.75556,21.33333,1.0,5.11852,75.77778,3178.01111,4.27407,95.2,151.52222,3.88889,1.0,1.77778,1.0,2.31481,22.4,APP_15A_4
1901.82222,242.75556,182.71111,109.62222,7022.31111,59.55556,1.0,4.95556,80.88889,3089.01111,5.4963,82.08889,144.85556,2.66667,1.0,5.44444,1.88889,2.74444,17.84444,APP_15A_5
1649.71111,205.53333,155.82222,200.81111,6047.42222,15.0,1.0,4.00741,71.88889,3020.34444,4.78148,87.08889,121.74444,2.22222,1.0,3.33333,1.0,1.17407,20.95556,APP_15A_6
1761.71111,205.42222,156.93333,115.7,6402.2,27.0,1.0,4.00741,68.22222,2962.9,3.82963,96.31111,121.85556,2.88889,1.0,3.11111,2.88889,4.48889,18.73333,APP_15A_7
1584.48889,225.64444,134.04444,123.58889,5633.75556,21.0,1.11111,4.00741,66.33333,2915.9,5.4963,89.53333,120.18889,2.11111,1.0,3.22222,1.0,1.17407,18.06667,APP_15A_8
1829.15556,215.64444,155.82222,176.62222,6700.86667,78.55556,1.0,3.84444,74.0,2858.45556,5.22593,79.97778,134.63333,8.88889,1.0,4.88889,2.88889,2.14074,17.62222,APP_15A_9
923.92222,90.68889,123.02222,70.54074,3364.28889,15.80741,1.0,4.33333,55.96667,1358.71111,10.53333,49.23333,87.93333,3.08889,2.66667,4.82963,1.0,1.0,15.35556,APP_15B_0
897.47778,77.57778,96.68889,72.34444,2951.17778,55.28148,1.0,8.77778,45.41111,1227.37778,10.75556,46.9,77.71111,3.0,2.55556,1.74815,3.64444,1.4,12.13333,APP_15B_1
905.14444,91.8,107.46667,74.9,3131.17778,146.21852,1.1,4.33333,52.52222,1153.93333,10.75556,55.56667,85.6,2.86667,1.0,5.24444,1.82222,1.2,14.68889,APP_15B_2
857.7,84.46667,94.13333,52.65185,2852.28889,103.28519,1.1,2.11111,53.52222,1106.93333,9.75556,50.45556,90.26667,4.97778,1.0,2.35556,1.0,1.2,13.24444,APP_15B_3
852.58889,66.46667,111.91111,79.9,3095.06667,74.71111,1.0,4.33333,46.63333,1039.04444,9.08889,41.34444,78.48889,3.62222,1.0,2.05185,1.82222,1.2,12.91111,APP_15B_4
967.03333,88.46667,141.13333,87.9,3477.84444,1.0,1.0,4.33333,54.74444,1012.93333,12.42222,42.56667,70.15556,2.95556,1.0,3.1037,1.0,2.04444,16.24444,APP_15B_5
808.36667,76.46667,112.68889,56.18148,2932.84444,41.82222,1.0,3.22222,42.85556,949.93333,9.42222,41.34444,48.6,4.15556,1.0,1.3037,1.0,1.0,16.57778,APP_15B_6
731.25556,82.46667,96.68889,72.23333,2500.95556,13.31481,1.1,3.22222,43.18889,917.93333,9.53333,38.45556,63.15556,2.11111,1.0,2.35556,2.82222,1.0,11.13333,APP_15B_7
877.7,92.57778,107.24444,60.42963,3271.06667,21.91852,1.0,4.33333,54.63333,902.26667,8.97778,41.78889,63.15556,1.13333,1.0,1.60741,1.0,2.28889,15.24444,APP_15B_8
781.58889,86.57778,90.8,74.9,2734.06667,14.07778,1.0,3.22222,54.96667,865.71111,9.64444,39.34444,81.48889,1.04444,1.0,1.3037,1.0,1.4,11.97037,APP_15B_9
1083.37778,242.01111,103.08889,230.7,5069.02222,29.44444,1.0,1.95185,121.22222,1637.01111,15.46667,108.01111,320.72222,2.05556,1.0,2.44444,1.88889,3.08889,5.01481,APP_15C_0
1050.6,237.01111,86.42222,243.81111,4931.02222,31.22222,1.0,1.95185,128.0,1479.34444,13.91111,107.56667,283.27778,1.53333,1.0,2.88889,1.0,2.48889,4.37778,APP_15C_1
887.82222,212.78889,84.31111,181.92222,3752.8,10.88889,1.1037,1.0,89.66667,1369.56667,13.68889,77.9,223.83333,1.75556,1.0,3.55556,1.0,1.6,7.48889,APP_15C_2
997.26667,210.67778,82.86667,233.58889,4829.8,74.22222,1.0,3.06296,114.33333,1286.01111,15.24444,99.9,260.38889,1.85556,1.0,2.88889,1.0,1.84444,5.79259,APP_15C_3
871.15556,198.56667,85.75556,189.58889,3834.24444,9.0,1.0,1.95185,99.88889,1233.23333,13.35556,98.45556,207.5,1.1,1.0,2.0,1.0,5.82222,5.82222,APP_15C_4
1048.48889,222.78889,82.97778,215.36667,4845.02222,8.55556,1.0,1.0,126.66667,1175.34444,10.91111,101.34444,265.27778,1.73333,1.0,2.88889,1.0,2.68889,6.0963,APP_15C_5
853.82222,203.56667,88.97778,205.14444,3930.24444,70.33333,1.0,1.95185,108.66667,1117.9,13.24444,102.12222,233.72222,1.2,1.0,1.33333,1.0,2.93333,6.04444,APP_15C_6
928.6,180.56667,98.53333,174.25556,4298.8,111.22222,1.0,4.96667,101.22222,1076.12222,13.57778,80.67778,215.05556,1.95556,1.0,4.55556,1.88889,1.4,7.57037,APP_15C_7
1049.37778,215.78889,98.31111,202.7,4801.02222,4.77778,1.0,1.0,111.77778,1023.9,13.35556,116.23333,255.94444,1.1,1.0,2.0,1.0,2.64444,4.65185,APP_15C_8
1020.82222,214.9,104.2,148.25556,4513.91111,12.77778,1.0,3.85556,113.33333,944.78889,13.68889,105.34444,234.94444,1.63333,1.0,3.22222,1.0,2.48889,6.37778,APP_15C_9
1362.73333,167.94444,112.5,91.15556,4958.66667,34.62963,1.0,3.05926,36.28889,3632.58889,6.38889,104.84444,84.87778,2.64815,1.0,2.31852,1.88889,4.96296,21.75556,APP_15D_0
1309.17778,142.83333,134.83333,80.93333,4614.88889,30.51852,1.0,3.05926,37.4,3485.92222,7.05556,104.17778,87.32222,1.97778,1.0,4.19259,1.88889,4.85185,15.58519,APP_15D_1
1440.51111,187.16667,145.83333,96.15556,5015.22222,36.42593,1.0,1.0,40.51111,3317.81111,5.94444,104.28889,90.76667,2.2,1.0,3.40741,1.88889,3.07407,19.2,APP_15D_2
1330.62222,135.83333,120.83333,62.82222,4835.0,26.40741,1.0,1.0,41.06667,3129.14444,8.37037,91.17778,98.32222,1.75926,1.0,1.65926,1.0,4.62963,13.86667,APP_15D_3
1540.95556,167.05556,141.5,64.45926,5001.11111,36.62963,1.0,5.28148,35.62222,3008.03333,8.27778,104.17778,91.32222,2.86667,1.0,5.51111,1.0,4.03704,14.86667,APP_15D_4
1238.17778,149.94444,117.72222,55.04444,4483.88889,6.05556,1.0,2.02963,33.62222,2898.36667,7.12963,78.51111,75.21111,1.97778,1.0,1.87407,1.0,2.33333,15.08889,APP_15D_5
1119.73333,151.83333,104.16667,77.34815,4073.77778,16.81481,1.0,2.02963,38.62222,2683.47778,7.14815,76.4,66.54444,1.44074,1.0,3.53333,1.0,3.11111,16.42222,APP_15D_6
1096.62222,123.5,104.27778,70.37778,4044.11111,1.0,1.11111,2.02963,30.51111,2531.7,4.7963,71.28889,65.54444,2.42593,1.0,2.08889,1.0,2.85185,13.42222,APP_15D_7
1249.06667,171.05556,139.38889,56.79259,4519.88889,8.16667,1.0,2.02963,37.95556,2358.47778,10.46296,79.17778,72.98889,1.87778,1.0,3.42222,1.0,2.62963,14.97778,APP_15D_8
975.62222,106.5,83.83333,56.79259,3357.44444,4.7963,1.0,4.17037,29.84444,2227.36667,7.46296,45.73333,57.1,1.98519,1.0,3.19259,1.0,1.2963,10.64444,APP_15D_9
1816.13333,495.77778,60.93333,351.44444,9121.48889,21.0,1.0,4.33333,20.84444,3199.51111,7.82222,39.18889,177.4,1.77778,1.0,3.88889,1.0,10.48148,9.28889,APP_16A_0
2330.57778,824.11111,55.48889,511.22222,12598.04444,53.88889,1.0,8.77778,25.62222,2827.17778,11.82222,40.96667,201.73333,1.11111,1.0,3.0,1.0,13.81481,5.24444,APP_16A_1
2376.68889,852.22222,52.04444,439.0,12190.71111,1.0,1.0,5.44444,37.06667,2596.51111,10.04444,32.52222,228.95556,1.44444,1.0,3.33333,1.88889,8.77778,7.53333,APP_16A_2
2304.13333,764.22222,53.37778,562.88889,12118.15556,37.66667,1.0,5.44444,27.06667,2418.17778,11.71111,35.18889,207.28889,1.22222,1.0,1.77778,1.0,9.81481,5.02222,APP_16A_3
2097.13333,650.22222,62.48889,508.77778,11189.04444,37.55556,1.0,1.0,21.51111,2339.84444,12.93333,37.63333,210.95556,1.22222,1.77778,4.88889,1.88889,9.03704,9.51111,APP_16A_4
2205.46667,696.66667,64.04444,529.44444,11723.71111,5.0,1.0,7.66667,21.84444,2255.51111,10.48889,40.3,196.4,1.66667,1.0,3.22222,2.88889,14.37037,7.84444,APP_16A_5
1957.02222,541.22222,66.6,436.33333,10377.37778,16.88889,1.1037,3.22222,20.95556,2150.84444,9.23704,42.07778,162.73333,1.44444,2.55556,5.66667,1.0,24.59259,6.97778,APP_16A_6
2084.57778,673.33333,58.48889,513.66667,11287.37778,14.88889,1.0,2.11111,24.28889,2119.51111,12.04444,37.74444,168.73333,1.33333,1.77778,1.77778,1.0,12.7037,10.91111,APP_16A_7
1894.68889,451.33333,72.71111,387.33333,9671.71111,23.11111,1.0,4.33333,19.17778,2030.73333,6.82222,38.41111,167.84444,1.11111,1.0,3.33333,1.0,26.03704,5.35556,APP_16A_8
1754.57778,515.88889,58.6,388.37037,8903.93333,10.66667,1.0,3.22222,17.28148,1940.95556,11.37778,34.74444,136.4,1.0,2.66667,1.0,1.0,9.44444,8.17778,APP_16A_9
1386.15556,242.03333,192.66667,171.04444,4733.58889,130.55556,1.0,3.22222,41.57778,1670.02222,17.5,64.51111,110.71111,5.96296,1.0,6.33333,3.77778,9.66667,18.17778,APP_16B_0
1315.93333,209.7,147.77778,176.6,4421.03333,173.77778,1.11111,4.33333,40.35556,1523.46667,14.38889,68.62222,96.37778,6.85185,1.0,6.0,3.77778,15.0,17.84444,APP_16B_1
1267.82222,229.92222,163.22222,147.93333,4435.7,181.68519,1.11111,1.0,46.8,1470.35556,13.38889,57.28889,93.82222,4.85185,1.0,6.77778,8.55556,11.55556,17.4,APP_16B_2
1472.6,264.14444,137.66667,155.71111,5153.03333,322.61111,1.0,2.11111,48.8,1397.24444,14.16667,69.51111,132.04444,6.2037,1.0,7.33333,5.88889,7.44444,16.17037,APP_16B_3
1062.82222,225.7,127.55556,149.2,3803.03333,676.7963,1.0,3.22222,24.35556,1381.57778,5.90741,48.95556,89.93333,7.0,1.0,3.55556,2.77778,8.88889,9.5037,APP_16B_4
1332.04444,218.7,137.0,142.93333,4593.25556,197.7037,1.0,3.22222,43.13333,1308.46667,13.37037,59.54074,107.48889,4.11111,1.0,4.11111,3.77778,8.88889,14.73333,APP_16B_5
1510.26667,319.58889,144.77778,127.37778,5195.58889,256.94444,1.0,6.55556,54.02222,1271.91111,14.38889,88.51111,135.93333,7.46296,1.0,4.11111,7.66667,6.88889,12.51111,APP_16B_6
1187.04444,253.92222,103.77778,161.04444,4087.7,395.24074,1.0,3.22222,32.46667,1197.8,6.92593,52.73333,94.04444,5.85185,1.0,4.55556,2.88889,4.11111,5.4963,APP_16B_7
1317.71111,261.03333,131.44444,153.15556,4451.81111,321.55556,1.0,2.11111,47.57778,1197.8,12.59259,69.84444,109.37778,4.0,1.77778,3.66667,4.88889,10.44444,13.05926,APP_16B_8
1479.82222,241.92222,166.77778,212.48889,5070.47778,240.92593,1.0,1.0,53.46667,1192.57778,11.7037,66.06667,125.82222,12.88889,1.0,4.11111,1.88889,7.55556,14.94815,APP_16B_9
1348.62222,325.47778,155.92222,209.97778,5565.9,39.38889,1.0,4.33333,26.18889,6436.11111,24.2,43.9,159.12222,2.73333,1.0,10.77778,16.22222,6.66667,41.22222,APP_16C_0
1346.06667,359.81111,157.81111,163.42222,5462.34444,242.31111,1.0,1.0,18.96667,5308.44444,21.86667,43.12222,169.23333,4.73333,1.0,3.88889,11.44444,3.88889,39.0,APP_16C_1
1356.62222,311.25556,183.81111,153.31111,5629.9,177.05556,1.0,1.0,22.41111,4721.0,20.97778,51.01111,182.12222,5.98889,1.0,10.22222,26.0,8.33333,57.55556,APP_16C_2
1391.62222,296.14444,162.36667,202.2,5407.12222,282.35556,1.33333,4.33333,22.41111,4254.22222,26.2,38.45556,128.34444,6.36667,1.0,2.77778,26.11111,7.55556,44.88889,APP_16C_3
1255.17778,317.47778,176.7,142.86667,5154.78889,100.53333,1.11111,3.22222,18.74444,3671.88889,23.08889,36.56667,135.23333,2.8,1.0,2.88889,7.66667,6.66667,28.33333,APP_16C_4
1213.62222,226.58889,190.47778,124.86667,4384.78889,92.85556,1.0,3.22222,17.52222,3268.22222,23.86667,36.9,106.12222,5.13333,1.0,6.66667,30.0,3.66667,61.77778,APP_16C_5
1338.28889,233.58889,171.58889,158.42222,5235.9,22.94444,1.0,6.55556,22.52222,2953.55556,20.08889,46.24444,98.01111,5.4,2.55556,5.22222,6.66667,4.88889,31.22222,APP_16C_6
1294.28889,251.7,149.14444,114.53333,4722.78889,91.87778,1.0,3.22222,18.74444,2733.11111,19.08889,51.45556,122.45556,3.21111,1.0,7.66667,10.44444,5.88889,36.11111,APP_16C_7
859.4,163.03333,119.36667,114.64444,3448.34444,96.94444,1.11111,5.44444,12.63333,2408.33333,17.64444,34.12222,75.01111,7.5,1.0,3.33333,12.44444,4.33333,33.55556,APP_16C_8
992.73333,172.14444,137.36667,149.99259,3944.67778,73.32222,1.0,2.11111,13.3,2093.77778,18.2,32.9,99.12222,6.54444,1.0,4.33333,9.55556,2.77778,25.11111,APP_16C_9
2439.21111,544.9,78.12222,555.37778,10440.97778,155.78148,1.0,3.22222,277.1,2222.53333,14.36667,195.57778,537.61111,1.88889,1.0,2.31111,1.0,8.22222,7.46667,APP_1A_0
2937.65556,506.67778,118.67778,558.15556,11017.86667,320.22593,1.11111,7.66667,287.32222,2102.31111,21.36667,163.8,541.5,3.44444,1.0,5.24444,3.66667,8.33333,8.91111,APP_1A_1
2122.54444,488.56667,63.9,602.15556,9096.2,115.84444,1.11111,6.55556,284.1,2007.53333,17.47778,168.13333,568.72222,2.0,1.77778,2.02222,5.55556,11.88889,7.95556,APP_1A_2
1915.98889,396.34444,80.9,498.93333,8400.64444,68.38519,1.11111,2.11111,253.1,1949.86667,16.14444,164.13333,487.94444,4.55556,1.0,3.48889,2.77778,11.33333,8.48889,APP_1A_3
2063.65556,394.67778,84.78889,470.48889,8538.64444,50.06667,1.11111,2.11111,230.76667,1934.2,16.47778,143.02222,492.94444,2.33333,1.77778,2.31111,3.77778,11.11111,10.57778,APP_1A_4
2427.98889,461.23333,102.9,416.37778,9566.86667,226.73333,1.0,7.66667,245.1,1887.2,15.36667,162.24444,499.05556,5.33333,1.0,4.06667,3.88889,8.33333,11.91111,APP_1A_5
2254.1,444.12222,102.12222,455.04444,9165.97778,176.58889,1.0,3.22222,261.1,1855.86667,17.47778,183.13333,543.72222,5.11111,1.0,6.4,7.44444,10.88889,9.02222,APP_1A_6
2502.54444,483.56667,102.01111,444.82222,9968.42222,168.0037,1.0,8.77778,247.1,1808.86667,16.92222,146.13333,465.05556,3.44444,1.0,2.75556,5.66667,10.0,8.35556,APP_1A_7
2734.43333,460.23333,98.56667,480.71111,10129.42222,91.17778,1.11111,10.0,280.43333,1761.86667,16.36667,173.91111,527.94444,3.55556,1.77778,3.77778,4.77778,8.22222,8.6,APP_1A_8
2003.1,439.78889,90.78889,457.37778,8842.53333,67.46296,1.0,7.66667,241.21111,1745.42222,17.03333,159.8,482.05556,3.77778,1.0,2.75556,1.88889,6.66667,7.51111,APP_1A_9
1238.21111,338.04444,77.66667,351.33333,6240.04444,62.66667,1.0,1.0,185.01111,2079.55556,21.35556,157.42222,472.77778,4.95556,1.0,3.40741,1.0,10.58889,5.98889,APP_2A_0
1237.98889,341.15556,74.88889,382.0,6438.04444,129.92593,1.0,3.14074,206.12222,1943.44444,21.24444,158.31111,522.11111,2.66667,1.0,1.3037,1.88889,8.17778,6.01481,APP_2A_1
1267.98889,355.37778,85.88889,325.44444,5893.37778,28.09259,1.0,2.02963,197.78889,1854.0,23.91111,152.75556,474.88889,5.75556,2.55556,1.60741,1.0,8.1,7.21111,APP_2A_2
1112.76667,300.82222,74.66667,348.55556,5432.15556,38.42593,1.33333,4.17037,173.23333,1780.88889,21.35556,170.2,466.77778,10.08889,1.0,1.0,4.66667,6.76667,10.65556,APP_2A_3
1170.76667,383.48889,79.88889,366.66667,5763.37778,26.40741,1.0,3.14074,179.9,1723.22222,29.57778,173.97778,474.11111,12.04444,1.0,1.60741,1.0,12.14444,9.21111,APP_2A_4
1180.76667,352.26667,62.33333,395.0,5830.82222,71.31481,1.0,5.28148,188.34444,1665.0,22.35556,147.2,487.66667,2.97778,1.77778,2.35556,2.88889,5.94444,5.87778,APP_2A_5
1210.65556,340.15556,75.0,328.0,5759.48889,59.18519,1.11111,3.14074,201.45556,1618.0,19.8,118.97778,461.66667,4.26667,2.55556,2.35556,1.0,8.25556,13.32222,APP_2A_6
1257.43333,431.93333,93.88889,302.11111,5880.37778,34.94444,1.0,3.14074,211.67778,1571.0,20.46667,142.75556,481.11111,2.62222,3.33333,2.4963,1.0,7.92222,7.57037,APP_2A_7
1183.43333,343.26667,84.66667,315.11111,5569.37778,114.42593,1.11111,1.0,171.78889,1539.66667,17.02222,131.42222,455.11111,2.53333,1.0,2.05185,1.88889,6.17778,10.23704,APP_2A_8
1101.43333,232.04444,56.22222,304.77778,4912.15556,60.35185,1.11111,1.0,177.45556,1497.44444,21.13333,137.42222,436.88889,5.75556,4.22222,2.35556,1.0,8.25556,8.68148,APP_2A_9
1078.8,210.01111,130.88889,191.73333,4428.21111,41.21481,1.0,5.55556,117.66667,1699.22222,12.77778,113.52222,284.87778,3.95556,1.0,1.77778,1.88889,4.2,17.86667,APP_3A_0
1035.68889,235.01111,106.88889,112.06667,4225.76667,97.10741,1.0,2.11111,112.77778,1604.44444,12.0,112.96667,276.87778,11.95556,1.0,3.77778,3.77778,10.37778,15.86667,APP_3A_1
1042.35556,199.56667,105.33333,168.73333,4352.87778,18.54815,1.0,1.0,104.77778,1510.22222,11.55556,102.3,278.76667,4.73333,1.0,2.22222,3.77778,7.66667,17.64444,APP_3A_2
1122.46667,220.78889,128.66667,168.83704,4406.32222,13.54074,1.0,5.44444,104.66667,1426.11111,13.94444,109.52222,282.54444,5.17037,1.0,2.0,8.55556,6.95556,17.53333,APP_3A_3
1074.57778,221.01111,137.44444,230.51111,4316.1,8.32593,1.0,2.11111,115.11111,1404.77778,16.05556,102.63333,285.21111,10.38519,1.0,4.88889,3.77778,9.88889,16.97778,APP_3A_4
1219.46667,248.45556,125.66667,191.73333,4836.32222,15.54074,1.0,4.33333,111.88889,1352.55556,19.05556,120.07778,302.98889,8.60741,1.0,2.44444,1.88889,10.17778,20.75556,APP_3A_5
942.13333,249.23333,135.66667,168.51111,3799.1,116.20741,1.11111,2.11111,93.22222,1316.0,16.94444,98.96667,285.76667,3.4963,1.0,2.0,6.77778,8.62222,17.64444,APP_3A_6
1224.57778,209.78889,111.44444,178.84444,5184.1,145.43333,1.0,4.33333,116.77778,1316.0,14.27778,101.96667,302.32222,5.83704,1.77778,2.88889,2.88889,8.15556,18.42222,APP_3A_7
1238.91111,231.12222,101.77778,207.17778,4899.43333,41.87037,1.0,4.33333,133.33333,1269.0,15.27778,110.41111,299.54444,8.06667,2.55556,2.77778,7.66667,9.15556,20.53333,APP_3A_8
1050.02222,228.01111,84.44444,163.51111,4601.76667,115.31111,1.11111,2.11111,118.77778,1222.0,13.83333,101.85556,295.65556,9.94815,1.77778,2.88889,3.77778,7.37778,15.75556,APP_3A_9
1034.28889,434.71111,75.73333,273.8,4386.52222,43.33333,1.0,5.44444,230.22222,2645.07778,14.88889,140.5,500.74444,2.33333,1.0,4.0,1.88889,5.28889,10.11111,APP_3B_0
979.28889,377.04444,76.95556,258.57778,4205.63333,25.33333,1.22222,5.44444,219.0,2514.3,17.77778,123.5,536.18889,1.55556,1.0,2.44444,1.0,6.28889,11.44444,APP_3B_1
972.62222,489.15556,92.95556,268.68889,4045.07778,251.0,1.0,4.33333,235.22222,2367.18889,17.44444,121.38889,440.96667,1.55556,1.0,2.11111,8.55556,4.64444,9.55556,APP_3B_2
960.4,402.37778,86.84444,284.24444,4062.85556,10.88889,1.0,5.44444,206.77778,2241.85556,18.66667,104.5,439.3,2.11111,1.0,1.66667,2.88889,3.77778,10.11111,APP_3B_3
962.95556,401.26667,82.28889,346.02222,3999.3,53.88889,1.0,5.44444,222.77778,2168.18889,13.55556,119.72222,452.85556,1.44444,1.0,5.77778,5.88889,4.31111,7.81481,APP_3B_4
895.06667,436.93333,84.73333,253.24444,3720.18889,13.0,1.0,3.22222,190.66667,2058.07778,14.0,83.05556,431.3,2.0,1.0,1.66667,3.77778,3.53333,8.11111,APP_3B_5
888.51111,355.71111,64.28889,253.02222,3754.18889,14.88889,1.0,3.22222,206.11111,1995.41111,14.55556,113.38889,419.07778,1.44444,1.0,2.44444,1.0,3.33333,7.44444,APP_3B_6
907.28889,456.93333,95.4,297.13333,3825.74444,68.11111,1.0,4.33333,205.0,1922.3,15.66667,103.27778,425.74444,2.22222,1.0,4.77778,5.77778,4.06667,9.37037,APP_3B_7
829.06667,320.6,72.4,258.24444,3438.96667,127.77778,1.0,3.22222,175.0,1889.96667,13.22222,99.72222,391.85556,1.33333,1.0,3.55556,3.77778,4.11111,6.55556,APP_3B_8
876.17778,372.04444,73.4,235.13333,3773.96667,35.11111,1.0,1.0,197.11111,1827.3,14.0,98.72222,394.96667,2.22222,1.0,2.11111,1.88889,3.13333,8.92593,APP_3B_9
2195.23333,537.91111,204.94444,430.0,9021.81111,318.53333,1.22222,6.55556,345.36667,3239.71111,28.97778,417.65556,657.63333,2.38889,1.0,9.22222,7.55556,7.0,31.04444,APP_4A_0
2192.34444,530.68889,226.16667,486.66667,8742.36667,828.08889,1.0,7.66667,326.36667,3066.82222,30.64444,411.21111,651.41111,2.25556,1.0,8.0,4.77778,5.88889,27.37778,APP_4A_1
2209.23333,548.02222,225.16667,582.11111,8747.36667,273.31111,1.0,8.77778,333.47778,2930.15556,29.97778,339.43333,625.3,2.15556,1.0,7.77778,11.55556,2.77778,30.93333,APP_4A_2
2089.23333,527.91111,171.83333,399.0,8611.92222,433.42222,1.11111,11.0,312.58889,2815.15556,25.97778,398.65556,624.63333,2.03333,1.0,10.33333,8.55556,5.22222,19.48889,APP_4A_3
2186.23333,560.13333,194.16667,442.77778,8829.47778,388.47407,1.11111,6.55556,320.92222,2710.37778,26.08889,367.43333,675.07778,1.4,1.77778,6.55556,4.88889,5.88889,23.82222,APP_4A_4
2211.01111,516.68889,219.72222,497.0,8729.7,386.2,1.0,5.44444,315.25556,2678.48889,31.97778,382.43333,674.41111,2.5,1.77778,12.77778,14.33333,6.0,34.82222,APP_4A_5
2124.45556,518.68889,193.5,422.0,8381.92222,503.31111,1.0,6.55556,311.36667,2594.93333,28.31111,363.32222,667.3,2.47778,1.0,10.22222,2.88889,4.33333,24.82222,APP_4A_6
2052.23333,518.8,221.27778,463.33333,8777.47778,474.53333,1.11111,3.22222,298.92222,2516.6,28.64444,360.76667,618.52222,1.85556,1.77778,15.22222,9.33333,2.55556,19.79259,APP_4A_7
2015.01111,578.13333,177.16667,419.66667,8005.92222,595.64444,1.0,7.66667,292.92222,2489.93333,25.08889,284.65556,629.07778,1.85556,1.77778,8.88889,4.66667,3.44444,29.6,APP_4A_8
2054.34444,578.35556,219.61111,396.44444,7874.58889,390.42222,1.44444,3.22222,299.25556,2432.04444,25.97778,391.76667,534.41111,2.28889,1.77778,12.33333,5.55556,3.88889,23.71111,APP_4A_9
1631.92222,620.62222,93.68889,558.24444,9739.83333,425.71852,1.11111,2.11111,337.01111,2854.21111,24.26667,276.68889,802.76667,9.93333,1.77778,2.8,1.0,10.77778,4.83333,APP_4B_0
1624.25556,618.62222,73.91111,514.46667,9952.05556,679.28889,1.0,2.11111,347.67778,2644.54444,23.6,304.35556,794.65556,10.46667,1.77778,3.05185,1.88889,11.44444,3.42222,APP_4B_1
1630.81111,566.28889,83.35556,545.35556,9802.27778,182.72593,1.11111,6.55556,346.45556,2560.98889,25.6,322.68889,792.65556,11.46667,1.77778,8.96296,2.88889,10.88889,4.53333,APP_4B_2
1614.58889,601.51111,82.57778,563.24444,9526.61111,348.28889,1.77778,2.11111,365.01111,2524.43333,24.37778,289.91111,791.54444,13.93333,1.0,4.15556,1.88889,16.11111,3.45556,APP_4B_3
1545.58889,570.17778,112.8,622.68889,9732.27778,156.05926,1.0,2.11111,339.56667,2450.43333,22.6,292.13333,789.32222,3.16667,1.0,4.74074,1.0,14.66667,4.87778,APP_4B_4
1623.36667,600.51111,74.68889,547.68889,9482.16667,334.06667,1.0,3.22222,340.9,2429.43333,22.26667,301.02222,772.87778,2.17778,1.0,4.85185,1.88889,14.66667,4.08889,APP_4B_5
1585.81111,543.95556,77.91111,522.24444,9433.05556,227.28889,1.0,4.33333,321.01111,2366.76667,21.04444,285.24444,742.21111,5.17778,1.0,3.40741,1.0,11.55556,4.91111,APP_4B_6
1689.36667,595.4,81.35556,581.46667,9976.94444,389.4,1.0,3.22222,344.45556,2335.43333,25.6,321.68889,826.32222,2.73333,1.0,5.93333,1.0,10.44444,3.08889,APP_4B_7
1517.36667,473.4,64.68889,498.91111,8591.38889,303.4,1.11111,1.0,302.01111,2288.43333,20.93333,267.91111,709.43333,4.48889,1.0,5.2963,3.77778,14.22222,5.21111,APP_4B_8
1593.36667,637.73333,87.91111,566.02222,9546.27778,385.17778,1.11111,3.22222,337.78889,2241.43333,20.48889,350.13333,788.43333,5.05556,1.77778,3.40741,1.88889,9.88889,3.01111,APP_4B_9
1061.67778,296.58889,164.74444,232.4,5160.4,313.08148,1.0,1.0,204.75556,4226.96667,16.01111,175.32222,439.44444,23.05556,1.0,3.60741,5.77778,20.26667,36.86667,APP_5A_0
1217.12222,327.81111,149.18889,286.62222,5504.17778,241.19259,1.0,1.0,191.2,3697.18889,20.01111,191.21111,420.0,17.31481,1.0,4.05185,2.88889,16.35556,34.2,APP_5A_1
1136.67778,318.58889,135.96667,229.95556,5175.06667,246.08519,1.33333,4.33333,176.53333,3146.52222,13.35556,181.87778,404.66667,28.07407,1.0,5.68889,3.77778,17.37778,28.53333,APP_5A_2
1470.34444,404.58889,90.96667,325.51111,6415.51111,333.2,1.0,3.22222,194.86667,2894.52222,14.23333,176.21111,452.33333,27.57407,1.0,3.60741,2.77778,7.64444,18.08889,APP_5A_3
1317.56667,352.14444,122.52222,299.62222,5748.28889,288.43333,1.11111,2.11111,164.75556,2769.07778,15.56667,195.21111,390.88889,11.96296,1.0,5.05185,5.66667,11.02222,27.2,APP_5A_4
1700.67778,435.81111,91.07778,400.06667,7580.17778,503.97778,1.0,2.11111,221.86667,2637.74444,15.34444,177.76667,419.77778,8.77778,1.0,2.08148,1.0,3.82222,9.95556,APP_5A_5
1582.01111,404.58889,116.63333,322.73333,6353.84444,172.31852,1.0,5.44444,191.86667,2533.07778,20.12222,198.76667,393.66667,11.7963,1.0,3.73333,2.77778,6.91111,20.64444,APP_5A_6
1525.56667,400.36667,81.3,371.84444,6821.06667,187.31111,1.0,3.22222,183.64444,2459.96667,14.91111,157.32222,372.22222,25.62963,1.0,1.63704,2.88889,6.4,11.97778,APP_5A_7
1479.01111,336.92222,109.3,356.17778,6629.06667,222.31111,1.11111,3.22222,187.97778,2354.52222,14.67778,192.65556,380.33333,10.07407,1.0,6.13333,4.77778,6.4,19.2,APP_5A_8
1542.45556,433.81111,97.96667,333.17778,6402.73333,103.43333,1.0,2.11111,193.42222,2276.18889,14.67778,193.65556,390.55556,4.7963,1.0,4.05185,3.77778,8.6,14.2,APP_5A_9
2224.18889,443.64444,98.88889,351.32222,9561.65556,179.88889,1.0963,5.07778,184.3,1507.66667,20.28889,119.74444,317.44444,2.0,1.0,5.06667,1.0,21.22222,15.47778,APP_5B_0
2251.52222,358.53333,101.77778,366.65556,9496.43333,398.77778,1.0,1.98889,192.3,1402.33333,21.06667,134.3,337.77778,3.55556,1.77778,3.75556,1.0,19.55556,16.03333,APP_5B_1
2142.18889,492.97778,88.0,394.98889,8681.54444,156.11111,1.0,4.08889,166.74444,1339.66667,19.06667,105.74444,307.44444,3.44444,1.0,4.2,1.88889,24.44444,18.36667,APP_5B_2
2090.07778,491.97778,107.44444,369.32222,8673.87778,291.0,1.0,3.1,174.74444,1282.22222,16.06667,133.74444,333.77778,3.11111,2.66667,7.42222,2.77778,20.55556,14.58889,APP_5B_3
2144.18889,439.42222,90.88889,335.87778,9038.21111,338.11111,1.0,4.08889,181.3,1261.33333,17.51111,130.52222,329.44444,3.66667,1.0,3.04444,1.0,28.22222,17.25556,APP_5B_4
2253.52222,454.64444,100.22222,338.21111,9339.43333,401.88889,1.0,6.18889,180.18889,1224.77778,19.73333,132.85556,303.88889,3.55556,1.77778,4.77778,1.0,24.33333,20.14444,APP_5B_5
2521.63333,463.64444,123.77778,379.65556,10118.54444,383.33333,1.0,5.07778,197.3,1166.33333,21.51111,134.74444,319.44444,3.11111,1.77778,3.31111,1.88889,18.33333,25.14444,APP_5B_6
2052.85556,420.42222,74.0,278.87778,8483.32222,138.77778,1.0,3.1,166.07778,1166.33333,17.06667,90.74444,296.0,3.44444,2.55556,4.06667,1.88889,25.44444,16.03333,APP_5B_7
2227.18889,486.75556,115.44444,366.65556,9061.87778,361.66667,1.0,1.0,169.18889,1135.0,17.51111,139.52222,274.11111,3.33333,1.0,8.88889,2.88889,24.88889,22.14444,APP_5B_8
2225.41111,528.31111,119.0,423.43333,9035.1,357.44444,1.0,4.95556,186.41111,1098.44444,18.73333,133.74444,301.88889,2.77778,1.77778,3.93333,5.66667,22.55556,20.25556,APP_5B_9
785.85556,81.75556,150.44444,64.84444,2671.42222,65.53704,1.11111,4.25185,28.16667,2380.91111,11.78889,57.64444,77.08889,20.04444,1.0,4.11111,7.66667,5.33333,44.54444,APP_6A_0
755.96667,89.86667,145.22222,78.71111,2627.53333,42.75926,1.11111,7.46296,26.72222,2234.24444,12.23333,61.2,82.64444,12.71852,1.0,2.44444,1.88889,3.0,43.76667,APP_6A_1
804.74444,109.2,139.77778,60.6,2726.75556,22.2037,1.0,8.61481,29.16667,2087.68889,10.56667,63.42222,69.08889,13.71852,3.33333,2.55556,16.44444,4.88889,51.32222,APP_6A_2
774.41111,82.86667,130.11111,97.8,2661.08889,47.87778,1.11111,7.54444,24.94444,1982.57778,8.45556,51.08889,73.2,14.4963,1.0,1.33333,6.55556,2.11111,39.43333,APP_6A_3
748.07778,80.86667,118.88889,79.68889,2639.31111,38.51111,1.0,5.32222,19.16667,1867.46667,8.56667,59.97778,58.86667,12.39259,1.0,4.88889,1.88889,3.66667,41.1,APP_6A_4
723.63333,84.08889,148.22222,95.13333,2521.64444,14.58889,1.0,5.47407,19.16667,1751.8,13.12222,45.75556,48.42222,8.27407,1.0,2.77778,5.66667,2.77778,37.98889,APP_6A_5
811.85556,69.75556,137.88889,103.02222,2817.31111,149.51111,1.11111,1.0,21.16667,1720.46667,10.56667,48.86667,66.42222,9.62222,1.0,3.66667,2.77778,3.44444,51.76667,APP_6A_6
765.96667,79.97778,130.77778,72.51111,2627.31111,28.17778,1.11111,3.18148,20.72222,1642.13333,12.23333,66.2,53.64444,3.61481,1.0,5.22222,7.55556,1.44444,44.32222,APP_6A_7
723.52222,58.64444,98.55556,77.02222,2430.2,81.87037,1.0,3.14074,22.94444,1595.02222,6.9,46.31111,58.64444,11.96296,1.0,4.55556,6.55556,1.88889,34.98889,APP_6A_8
691.3,68.97778,128.55556,72.13333,2422.75556,4.5037,1.0,2.07037,17.72222,1547.13333,11.9,58.64444,60.08889,6.06667,1.0,2.11111,1.0,1.0,36.43333,APP_6A_9
841.91111,75.06667,93.54444,38.7037,3203.37778,133.37778,1.0,5.2,16.4,2254.18889,5.39259,25.44444,72.41111,3.37037,1.0,2.15556,1.88889,1.4,23.43333,APP_6B_0
843.57778,90.06667,95.1,72.68148,3174.26667,92.26667,1.0,7.17778,15.84444,2149.07778,5.5037,33.88889,72.85556,2.62963,1.0,2.42222,1.88889,2.04444,27.1,APP_6B_1
851.46667,105.28889,112.21111,62.45926,3310.48889,201.68889,1.0,4.08889,17.06667,2012.96667,5.61481,46.44444,72.07778,3.37037,1.0,2.86667,1.88889,1.2,29.43333,APP_6B_2
770.91111,83.17778,98.32222,81.0963,2975.37778,119.33333,1.0,1.98889,14.28889,1903.3,4.9,35.88889,65.85556,2.37037,1.0,2.86667,1.0,1.0,23.87778,APP_6B_3
787.91111,96.4,92.21111,55.42963,2959.26667,27.13333,1.0,4.08889,16.62222,1844.85556,6.12222,37.0,68.07778,2.55556,1.0,3.31111,1.0,2.28889,27.1,APP_6B_4
752.91111,78.06667,105.43333,60.42963,3032.04444,26.95556,1.0,4.08889,15.28889,1776.96667,4.01111,36.33333,72.3,7.14815,1.0,2.86667,1.0,1.0,26.76667,APP_6B_5
775.35556,74.95556,124.98889,80.45926,2920.04444,46.75556,1.0,4.08889,14.73333,1714.3,3.83704,39.55556,76.18889,2.77778,1.77778,2.55556,1.0,2.28889,26.54444,APP_6B_6
824.57778,66.84444,150.1,83.01481,3207.26667,2.82222,1.0,4.08889,22.62222,1672.52222,7.34444,51.44444,72.74444,4.11111,1.0,1.26667,1.0,2.44444,27.98889,APP_6B_7
741.68889,61.84444,112.98889,60.54074,2918.04444,67.71111,1.0,2.97778,16.62222,1619.3,8.01111,41.66667,66.52222,11.81481,1.0,3.15556,1.88889,2.24444,25.76667,APP_6B_8
745.57778,72.06667,128.87778,33.59259,2854.48889,33.53333,1.0,5.31111,17.06667,1619.3,7.05926,33.88889,75.85556,2.33333,1.0,1.0,1.0,1.2,19.76667,APP_6B_9
1093.51111,176.65556,189.44444,117.33333,4130.33333,40.97778,1.0,9.48148,59.76667,1551.95556,7.6963,166.27778,126.56667,2.55556,1.0,5.77778,4.51111,30.44444,61.25556,APP_7A_0
1208.4,131.86667,136.88889,134.22222,4617.66667,17.35556,1.0,19.73333,62.21111,1227.17778,6.58889,143.94444,156.9,2.11111,1.0,5.55556,2.75556,15.22222,37.25556,APP_7A_1
1190.06667,134.43333,134.77778,104.44444,4470.44444,20.94444,1.0,9.48148,53.87778,1121.84444,7.36667,120.5,130.9,3.0,1.0,9.0,1.75556,19.44444,43.81111,APP_7A_2
1048.4,140.43333,132.66667,109.66667,4063.88889,16.4,1.0,2.02963,123.54444,1048.73333,7.14444,84.38889,124.67778,2.11111,1.0,7.66667,1.0,23.0,38.65926,APP_7A_3
1085.62222,143.54444,128.44444,150.88889,4120.66667,31.16667,1.0,6.31111,47.76667,980.84444,8.14444,99.05556,121.56667,2.77778,1.0,11.77778,2.75556,20.88889,47.14444,APP_7A_4
1166.06667,100.21111,68.33333,116.11111,4748.22222,26.1,1.0,5.2,46.43333,865.06667,6.58519,78.61111,132.78889,3.0,1.77778,3.66667,1.0,6.77778,19.14444,APP_7A_5
1175.4,104.98889,78.44444,91.66667,4847.44444,9.02222,1.11111,4.17037,48.1,797.06667,8.14444,70.38889,112.23333,1.88889,1.77778,4.66667,1.0,9.22222,21.58889,APP_7A_6
1308.17778,134.32222,91.44444,85.33333,5446.33333,50.24444,1.11111,5.2,47.76667,781.4,9.58519,98.83333,137.78889,2.0,1.0,4.88889,1.0,5.66667,22.92222,APP_7A_7
1314.62222,142.32222,67.77778,135.55556,5455.77778,15.24444,1.0,2.02963,46.54444,750.06667,10.47407,68.83333,134.45556,2.33333,1.0,6.55556,1.0,5.0,17.14444,APP_7A_8
1278.51111,125.32222,74.66667,95.55556,5266.11111,15.35556,1.11111,2.02963,53.76667,697.84444,8.25556,63.72222,129.01111,2.44444,1.0,5.33333,1.75556,4.11111,24.03333,APP_7A_9
1656.92222,390.47778,427.77778,359.92222,7714.6,7932.92222,1.88889,1.0,201.26667,3257.23333,16.46667,104.0,838.32222,23.78889,1.0,29.0,6.44444,5.95556,15.73333,APP_7B_0
1550.47778,315.58889,480.0,331.25556,6373.6,6605.92222,1.44444,3.22222,158.93333,2889.78889,16.02222,110.44444,751.54444,13.34444,1.77778,20.11111,3.77778,5.86667,11.06667,APP_7B_1
1496.36667,347.03333,381.0,364.81111,6529.04444,7940.14444,2.0,2.11111,178.6,2633.23333,19.68889,125.33333,816.76667,13.76296,1.0,22.55556,2.77778,8.13333,10.06667,APP_7B_2
1421.36667,302.47778,280.33333,310.81111,5589.15556,5354.58889,1.55556,3.22222,130.6,2318.78889,18.46667,117.22222,571.1,7.62593,1.77778,10.0,2.88889,8.08889,11.62222,APP_7B_3
1413.81111,314.58889,379.66667,316.03333,6245.37778,3545.92222,1.0,2.11111,145.04444,2129.9,21.02222,95.88889,594.98889,8.12222,1.0,7.44444,3.77778,4.2,9.24444,APP_7B_4
1400.25556,314.47778,262.88889,292.7,6227.26667,3295.14444,1.22222,3.22222,140.71111,2056.34444,18.68889,105.77778,657.21111,5.76296,1.0,4.44444,13.33333,4.64444,9.17778,APP_7B_5
1212.81111,238.81111,466.0,305.47778,5187.93333,4019.47778,1.11111,2.11111,121.6,2004.12222,14.02222,88.11111,495.76667,4.6,1.0,10.44444,6.66667,6.55556,13.62222,APP_7B_6
1250.25556,284.25556,217.77778,274.58889,5892.82222,3313.36667,1.33333,4.33333,122.48889,1883.78889,15.57778,99.22222,576.43333,6.31852,1.0,2.0,3.66667,4.42222,8.84444,APP_7B_7
1269.81111,260.14444,166.55556,253.92222,5289.26667,2819.7,1.22222,2.11111,122.04444,1789.01111,16.8,85.11111,499.87778,4.68519,2.66667,4.11111,5.66667,6.51111,7.35556,APP_7B_8
1326.36667,262.14444,176.33333,287.47778,5294.37778,3156.81111,1.0,4.33333,105.82222,1726.34444,17.24444,80.88889,478.1,11.62593,1.77778,5.0,4.77778,4.22222,7.06667,APP_7B_9
2279.0,885.92222,422.57778,345.72222,8697.85556,1267.37778,1.11111,77.55556,374.72222,5692.16667,23.81111,200.93333,729.92222,5.01111,1.71852,3.31111,12.51111,27.44444,46.53333,APP_8A_0
2175.11111,915.25556,382.02222,412.94444,8792.3,1553.04444,1.11111,58.88889,387.16667,5005.38889,23.14444,197.6,719.14444,3.8,1.71852,5.04444,17.13333,28.55556,44.42222,APP_8A_1
2354.11111,902.92222,312.91111,516.05556,8463.3,1045.26667,1.22222,71.44444,360.94444,4328.61111,26.25556,207.37778,841.03333,4.24444,1.0,4.0,9.44444,21.55556,35.64444,APP_8A_2
2152.77778,716.92222,240.24444,472.16667,8982.3,603.6,1.0,30.88889,317.72222,3573.5,19.7,169.93333,591.92222,4.91111,3.32593,2.86667,8.44444,13.88889,24.31111,APP_8A_3
2306.55556,943.36667,172.02222,446.38889,12358.52222,1368.15556,1.11111,22.44444,286.83333,3127.61111,19.7,139.93333,584.7,2.37778,1.0,5.88889,3.37778,12.44444,171.2,APP_8A_4
2293.66667,1086.92222,176.68889,407.61111,12526.96667,1388.6,1.44444,9.88889,298.05556,2818.16667,18.03333,155.37778,641.81111,4.7,1.71852,3.51111,3.06667,10.44444,296.97778,APP_8A_5
2529.0,1144.47778,188.57778,467.05556,15095.63333,1756.6,1.0,21.22222,294.05556,2692.16667,24.58889,116.04444,668.92222,6.9,1.0,4.24444,6.75556,10.22222,131.75556,APP_8A_6
2368.55556,1150.58889,191.02222,467.05556,13779.18889,1645.48889,1.0,11.0,290.38889,2608.27778,21.36667,119.6,659.36667,5.12222,1.0,3.31111,2.37778,4.44444,230.08889,APP_8A_7
2539.44444,1080.81111,180.91111,348.5,15363.96667,2223.15556,1.0,11.0,284.83333,2488.16667,21.03333,131.26667,594.25556,3.68889,1.0,5.31111,6.06667,5.66667,173.97778,APP_8A_8
2095.88889,922.25556,240.24444,317.61111,9884.85556,1873.93333,1.0,5.44444,303.5,2393.61111,25.47778,138.15556,625.58889,5.34444,1.71852,4.44444,6.06667,4.66667,70.86667,APP_8A_9
1683.08889,518.11111,113.85556,352.17778,7929.16667,568.23333,1.0,1.0,185.8,2695.03333,15.33333,148.48889,336.51111,6.25185,2.66667,1.0,5.22222,4.59259,10.79259,APP_8B_0
1491.53333,491.77778,124.41111,344.51111,7493.38889,553.61481,1.2,4.17037,181.24444,2563.92222,18.0,141.26667,319.73333,6.13333,3.44444,1.27407,1.55556,3.07407,12.43333,APP_8B_1
1619.86667,445.44444,100.52222,318.62222,7448.5,146.72593,1.0,6.22963,189.24444,2448.7,15.44444,135.04444,320.06667,12.3037,1.0,2.43704,1.55556,2.62963,19.54444,APP_8B_2
1365.2,441.33333,113.3,347.06667,6638.72222,849.5037,1.0,6.31111,191.68889,2354.03333,13.77778,133.71111,312.95556,3.31111,1.77778,1.99259,2.55556,4.07407,20.98889,APP_8B_3
1345.2,444.55556,97.18889,300.73333,6605.16667,574.17037,1.0,4.17037,174.46667,2275.7,13.11111,113.48889,307.4,3.54074,1.0,1.27407,3.66667,3.07407,21.54444,APP_8B_4
1448.31111,433.33333,95.18889,287.73333,6791.16667,940.34444,1.0,1.0,178.13333,2244.36667,13.77778,132.15556,318.17778,2.81481,1.0,3.43704,1.0,1.74074,13.76667,APP_8B_5
1439.08889,394.0,128.41111,339.4,6838.94444,453.45556,1.08889,7.25926,172.13333,2171.03333,16.66667,116.37778,281.73333,4.2,1.0,2.43704,2.11111,3.14815,20.01481,APP_8B_6
1528.97778,447.44444,113.3,346.95556,7304.61111,753.45556,1.08889,8.45185,188.46667,2112.81111,11.88889,123.26667,295.84444,3.97778,1.77778,1.99259,1.0,3.55556,10.21111,APP_8B_7
1481.53333,438.33333,112.52222,339.17778,7541.94444,451.45556,1.0,8.45185,189.24444,2055.36667,15.66667,124.48889,316.28889,5.86667,1.0,3.42963,2.55556,4.88889,17.21111,APP_8B_8
1371.2,381.66667,103.52222,329.06667,6700.61111,681.56667,1.08889,5.28148,181.24444,1987.47778,14.0,121.37778,267.51111,2.86667,1.77778,2.71111,3.11111,3.03704,16.87778,APP_8B_9
1927.33333,335.2,46.14444,338.05556,7940.38889,577.48889,1.0,4.33333,196.72222,1636.71111,12.33333,1.64444,357.32222,5.22222,1.77778,1.33333,1.0,2.77778,3.55556,APP_9A_0
1806.0,304.64444,38.47778,291.72222,7372.83333,787.26667,1.11111,2.11111,159.27778,1494.82222,11.55556,1.56667,309.76667,11.33333,1.0,1.33333,1.0,3.33333,1.88889,APP_9A_1
1904.77778,319.97778,40.92222,407.61111,7617.5,499.31111,1.0,1.0,184.38889,1410.82222,12.55556,1.41111,327.76667,2.0,1.0,2.55556,2.77778,2.33333,2.0,APP_9A_2
1969.22222,330.97778,45.92222,353.5,8320.38889,843.74444,1.0,6.66667,199.5,1322.04444,11.22222,1.48889,348.98889,5.0,1.0,2.77778,1.0,2.11111,2.22222,APP_9A_3
1782.88889,295.64444,50.25556,325.05556,6966.94444,1107.93333,1.0,2.11111,165.61111,1295.93333,10.33333,1.0,321.76667,12.44444,1.0,3.22222,1.0,2.11111,1.33333,APP_9A_4
1941.22222,298.75556,50.7,348.27778,7713.05556,461.34444,1.0,3.22222,174.94444,1254.04444,9.44444,1.07778,320.87778,10.55556,1.0,1.0,1.0,3.22222,1.77778,APP_9A_5
1753.33333,302.75556,46.58889,340.5,7335.5,246.42222,1.0,1.0,171.61111,1200.93333,10.22222,1.9,302.54444,2.66667,1.0,2.11111,1.0,3.44444,2.11111,APP_9A_6
1867.66667,277.53333,55.92222,345.72222,7329.5,843.67778,1.0,2.11111,167.38889,1200.93333,11.22222,1.97778,352.43333,6.77778,1.77778,1.66667,1.0,1.66667,1.77778,APP_9A_7
1946.77778,287.42222,29.81111,278.72222,7336.72222,696.13333,1.0,2.11111,156.5,1159.15556,9.22222,1.23333,309.98889,6.0,1.77778,2.11111,1.0,2.33333,1.55556,APP_9A_8
1778.88889,336.08889,51.58889,410.05556,7492.5,762.37778,1.0,3.22222,194.27778,1112.15556,10.11111,2.38889,345.21111,3.11111,1.0,1.66667,1.0,2.11111,1.77778,APP_9A_9
768.2,103.61111,33.18889,120.17037,2953.01111,152.32963,1.0,3.14074,65.72222,1328.92222,11.08889,110.0,191.44444,10.0,1.0,3.11111,1.0,10.57778,10.75556,APP_9B_0
712.31111,75.27778,32.96667,97.78889,2784.9,56.15556,1.0,5.28148,61.5,1208.81111,10.53333,125.33333,198.11111,1.26667,1.0,1.25926,1.88889,6.65556,15.36296,APP_9B_1
699.53333,77.27778,38.96667,108.23333,3029.34444,156.44074,1.0,8.37037,75.38889,1129.81111,9.31111,81.11111,195.44444,16.53333,1.0,4.07407,2.77778,6.28889,7.97778,APP_9B_2
784.08889,107.27778,36.74444,119.94815,2894.23333,100.23333,1.0,3.05926,68.27778,1077.25556,10.31111,128.11111,197.77778,12.88889,1.0,3.92593,1.0,5.02222,10.42222,APP_9B_3
605.97778,93.38889,44.3,83.94815,2351.9,12.57037,1.0,8.45185,64.16667,1014.58889,9.86667,81.44444,202.0,1.0,1.0,3.11111,1.0,4.87778,13.97778,APP_9B_4
717.31111,104.38889,39.96667,107.17037,2750.45556,83.31481,1.0,3.05926,66.16667,993.7,12.2,94.44444,164.77778,10.68889,1.0,1.96296,1.0,2.45556,15.86667,APP_9B_5
712.75556,82.27778,31.63333,91.83704,2804.23333,27.75926,1.0,4.17037,61.61111,931.03333,8.86667,73.11111,151.88889,5.4,1.0,2.40741,2.88889,3.75556,14.36296,APP_9B_6
640.53333,75.16667,36.41111,107.05926,2386.23333,7.96667,1.0,3.14074,54.83333,899.7,5.64444,89.66667,151.55556,6.2,1.0,1.0,1.0,4.24444,15.64444,APP_9B_7
678.42222,103.5,35.41111,92.78889,2558.01111,37.6,1.0,3.14074,59.38889,831.03333,7.31111,70.11111,166.55556,1.17778,1.0,3.62963,1.0,6.4,13.25185,APP_9B_8
659.64444,59.16667,36.07778,72.66296,2638.12222,50.42593,1.0,6.5037,74.72222,820.36667,10.97778,74.0,142.33333,22.2,1.0,4.55556,1.0,2.2,14.86667,APP_9B_9
1636.25556,200.77778,38.33333,101.2,3913.82222,1.0,1.0,8.76296,279.47778,2837.75556,9.77778,224.33333,400.52222,2.22222,2.55556,1.77778,2.88889,9.37037,26.6,ASC.0_0
1712.58889,147.33333,46.11111,70.2,3936.82222,13.22222,1.1037,3.1037,246.25556,2544.64444,10.22222,187.44444,370.41111,2.77778,4.22222,2.11111,1.88889,27.2963,31.26667,ASC.0_1
1777.47778,110.0,46.55556,121.75556,3988.48889,8.88889,1.0,5.43704,227.92222,2334.75556,5.88889,170.66667,322.85556,2.33333,1.0,5.77778,1.0,35.62963,32.82222,ASC.0_2
1740.58889,76.0,46.33333,92.68889,3687.48889,5.0,1.0,3.1037,211.7,2140.75556,8.44444,154.22222,273.3,2.88889,1.77778,3.88889,1.0,33.44444,31.37778,ASC.0_3
1707.81111,115.77778,48.0,86.15556,3706.71111,6.88889,1.0,1.99259,233.03333,2004.97778,7.11111,156.11111,299.18889,1.88889,4.22222,3.33333,1.0,20.77778,27.48889,ASC.0_4
1689.92222,96.55556,48.44444,85.64444,3565.37778,9.11111,1.0,4.0963,208.7,1962.64444,6.77778,144.66667,281.52222,1.33333,2.55556,3.22222,4.77778,34.44444,26.48889,ASC.0_5
1517.14444,97.0,45.0,63.33333,3276.93333,4.77778,1.0,1.0,214.58889,1894.31111,7.44444,155.33333,261.3,1.55556,4.11111,4.0,1.0,27.96296,27.37778,ASC.0_6
1831.7,124.11111,49.77778,79.17778,3987.93333,1.0,1.0,5.08889,233.58889,1789.86667,7.66667,164.44444,320.41111,3.55556,1.0,4.11111,6.77778,35.33333,27.04444,ASC.0_7
1593.14444,123.0,43.33333,101.71111,3667.04444,1.0,1.0,4.0963,216.81111,1768.97778,7.0,141.44444,294.74444,1.44444,1.0,2.77778,2.77778,23.88889,30.93333,ASC.0_8
1610.81111,112.77778,40.33333,74.57778,3594.6,4.77778,1.0,5.20741,208.7,1694.86667,4.88889,140.55556,254.18889,1.88889,3.44444,4.44444,5.55556,13.81481,31.26667,ASC.0_9
2260.0,702.77778,232.44444,149.55556,3414.17778,3719.0,1.20741,14.33333,68.13333,2766.32222,1.66667,350.77778,166.88889,7.0,1.0,13.33333,26.88889,5.44444,110.86667,ASC.10_0
2354.11111,749.11111,248.77778,131.55556,3561.73333,3037.55556,1.42963,8.88889,72.13333,2451.76667,1.44444,360.11111,145.44444,6.0,1.77778,15.77778,31.88889,4.11111,101.64444,ASC.10_1
2215.22222,709.77778,216.66667,134.0,3251.62222,4372.88889,1.1037,18.0,67.24444,2216.1,1.66667,343.66667,145.11111,6.0,1.0,12.44444,41.66667,6.55556,92.64444,ASC.10_2
2923.66667,588.33333,245.66667,130.11111,4433.06667,2760.22222,1.1037,19.11111,84.68889,2063.98889,2.0,487.11111,162.11111,10.11111,1.0,21.77778,38.66667,4.77778,114.75556,ASC.10_3
2380.77778,483.55556,182.88889,98.11111,3469.17778,2134.88889,1.1037,12.33333,59.68889,1980.43333,1.55556,327.88889,142.22222,8.11111,1.0,14.66667,34.77778,4.11111,74.53333,ASC.10_4
2518.66667,528.11111,206.44444,85.22222,3691.4,3106.0,1.0,14.55556,69.35556,1938.21111,1.22222,384.11111,144.22222,7.11111,1.0,14.0,33.77778,7.22222,95.86667,ASC.10_5
2253.11111,556.11111,180.66667,144.66667,3356.73333,2535.88889,1.1037,7.66667,64.8,1869.76667,1.33333,357.22222,129.55556,4.88889,1.77778,16.22222,21.11111,3.44444,105.75556,ASC.10_6
2449.22222,575.22222,213.77778,137.77778,3750.84444,2918.44444,1.54074,15.77778,53.02222,1807.1,2.22222,317.44444,127.11111,5.88889,1.0,13.11111,15.44444,9.11111,96.53333,ASC.10_7
2420.22222,504.88889,192.88889,131.55556,3638.95556,2552.66667,1.1037,13.44444,74.91111,1775.76667,2.22222,367.33333,136.55556,6.55556,1.0,12.77778,30.77778,3.88889,93.75556,ASC.10_8
2503.33333,600.66667,180.33333,121.22222,3892.17778,3097.88889,1.31852,9.0,61.02222,1712.76667,2.11111,337.0,114.55556,5.44444,1.0,12.55556,21.22222,4.33333,100.86667,ASC.10_9
2857.77778,229.22222,457.85556,101.55556,4572.07778,161.33333,1.0,4.79259,227.55556,1399.85556,4.66667,616.02222,247.0,7.66667,1.0,8.88889,4.77778,4.25556,131.93333,ASC.11_0
2372.33333,221.0,420.74444,95.51852,3937.41111,275.57778,1.1037,1.0,182.88889,1237.3,3.44444,456.35556,201.22222,9.22222,1.0,10.44444,22.11111,5.26667,110.37778,ASC.11_1
2152.66667,203.66667,298.74444,111.77778,3640.63333,47.57778,1.0,1.0,162.0,1142.96667,5.0,505.46667,186.44444,5.44444,2.60741,7.33333,7.55556,7.46667,120.71111,ASC.11_2
2341.0,167.55556,321.3,96.22222,3752.96667,31.88889,1.0,1.0,174.11111,1116.85556,4.22222,482.24444,204.44444,5.0,1.0,6.66667,2.88889,5.6,106.71111,ASC.11_3
2529.88889,205.77778,375.52222,171.22222,4365.96667,129.8,1.0,3.05926,155.55556,1059.41111,3.33333,456.68889,203.88889,6.88889,1.0,12.55556,2.77778,5.15556,140.15556,ASC.11_4
2588.11111,202.66667,365.52222,109.33333,4393.52222,146.24444,1.0,4.00741,178.66667,1033.3,4.77778,522.91111,212.77778,6.88889,1.0,11.88889,7.55556,3.3,121.6,ASC.11_5
2292.22222,141.22222,322.96667,128.96296,3885.52222,154.35556,1.1037,2.8963,160.22222,1017.52222,3.55556,497.68889,181.66667,7.11111,1.71852,6.11111,2.77778,6.13333,124.93333,ASC.11_6
2177.11111,142.22222,288.18889,65.33333,3657.41111,172.64444,1.0,3.05926,147.0,938.3,4.66667,431.91111,200.0,5.66667,1.71852,7.55556,2.88889,2.64444,122.26667,ASC.11_7
2041.0,185.55556,286.96667,106.55556,3378.52222,66.88889,1.0,4.00741,147.44444,927.85556,3.88889,412.57778,182.88889,6.44444,2.60741,8.88889,6.55556,7.67778,98.71111,ASC.11_8
2190.0,164.44444,299.52222,103.77778,3759.52222,99.4,1.0,5.11852,170.88889,875.63333,4.55556,454.46667,189.22222,6.55556,1.0,7.55556,9.55556,3.17778,129.15556,ASC.11_9
1648.57778,96.66667,83.32222,73.74444,1899.94444,6.48148,1.0,3.1037,22.25556,1084.44444,1.0,204.46667,61.44444,3.33333,1.0,6.88889,7.55556,3.88889,87.95556,ASC.12_0
1516.8,131.22222,74.54444,71.86296,1780.83333,8.16667,1.0,1.0,21.81111,906.11111,1.22222,182.8,51.11111,2.66667,1.0,5.66667,1.88889,4.59259,84.51111,ASC.12_1
1532.91111,123.0,116.21111,86.74444,1660.94444,10.27778,1.0,2.98519,17.81111,770.11111,1.0,164.46667,48.11111,2.11111,1.0,4.44444,4.88889,3.88889,57.4,ASC.12_2
1215.02222,67.66667,60.54444,63.52222,1422.94444,21.55556,1.0,3.1037,13.47778,659.55556,1.0,158.8,40.0,2.66667,2.66667,4.33333,7.66667,2.88889,55.17778,ASC.12_3
1108.24444,85.77778,60.87778,23.74815,1323.05556,31.57407,1.11111,4.0963,14.58889,628.11111,1.0,139.24444,42.88889,1.77778,2.55556,7.22222,5.77778,1.59259,47.28889,ASC.12_4
1237.02222,90.77778,225.21111,60.74444,1384.83333,29.14815,1.0,6.42963,14.14444,555.0,1.0,153.35556,40.22222,3.66667,1.0,4.66667,2.88889,4.74074,52.4,ASC.12_5
1330.46667,84.77778,55.1,76.3,1576.5,12.27778,1.0,4.0963,13.03333,555.0,1.22222,148.68889,40.0,3.66667,1.77778,6.66667,6.55556,4.44444,45.84444,ASC.12_6
1314.24444,78.88889,55.76667,83.19259,1429.94444,8.16667,1.0,1.99259,15.92222,539.33333,1.11111,142.57778,34.77778,3.11111,1.0,3.33333,1.88889,2.40741,57.06667,ASC.12_7
1184.91111,96.77778,59.1,71.18889,1372.5,14.38889,1.0,1.0,15.03333,476.66667,1.0,113.57778,40.44444,3.22222,1.0,5.11111,1.88889,2.03704,49.28889,ASC.12_8
1125.46667,81.66667,144.76667,71.3,1362.16667,6.48148,1.0,2.98519,13.36667,461.0,1.0,115.8,35.44444,2.66667,1.0,2.11111,5.66667,2.11111,45.95556,ASC.12_9
1213.3,114.0,354.06667,39.6,2295.57778,10.88889,1.0,5.44444,144.28889,1506.72222,6.66667,525.57778,190.44444,3.88889,1.0,8.54815,1.78889,4.35556,172.55556,ASC.13_0
1538.63333,101.0,371.51111,61.83704,2794.8,29.33333,1.0,1.0,210.73333,1370.61111,7.33333,495.57778,248.55556,4.0,1.71852,7.34074,1.0,5.54815,179.77778,ASC.13_1
1466.85556,139.22222,357.51111,40.09259,2640.57778,2.88889,1.0,2.11111,223.28889,1313.16667,7.0,541.68889,256.77778,3.44444,1.71852,10.42222,3.36667,7.88148,205.55556,ASC.13_2
1387.63333,121.0,334.4,44.82222,2523.68889,41.66667,1.0,2.11111,210.73333,1271.38889,5.11111,464.57778,238.88889,3.22222,1.0,9.86667,2.57778,6.68889,182.0,ASC.13_3
1396.85556,122.11111,351.51111,46.9963,2520.24444,4.77778,1.0,3.22222,184.73333,1202.5,5.55556,506.46667,249.88889,4.0,1.0,4.81481,1.78889,7.02222,176.77778,ASC.13_4
1635.74444,144.22222,389.62222,55.04444,2885.02222,31.55556,1.0,2.11111,235.06667,1124.16667,6.22222,505.35556,276.0,3.77778,1.0,5.13333,3.36667,9.99259,202.11111,ASC.13_5
1576.85556,106.88889,340.17778,65.26667,2722.24444,9.0,1.0,3.22222,177.95556,1124.16667,5.55556,461.02222,237.0,3.88889,1.0,8.1037,5.94444,3.99259,166.22222,ASC.13_6
1150.52222,92.77778,289.4,44.82222,2212.35556,31.33333,1.0,1.0,167.4,1092.83333,4.55556,417.68889,186.77778,3.0,1.0,9.31111,3.57778,5.4963,158.44444,ASC.13_7
1129.07778,70.55556,266.28889,55.42593,2049.13333,1.0,1.0,6.55556,183.84444,1009.27778,5.33333,402.57778,189.0,3.11111,1.0,4.81481,1.0,4.38519,164.66667,ASC.13_8
1306.96667,90.77778,296.73333,61.83704,2224.57778,1.0,1.0,3.22222,184.17778,945.83333,4.77778,414.46667,205.0,3.0,1.0,3.16296,2.57778,7.14444,163.0,ASC.13_9
3353.53333,1488.44444,229.5,1229.78889,11644.28889,586.71111,1.0,5.2,2637.85556,23016.66667,101.86667,1069.44444,4646.55556,3.11111,5.11111,4.0,3.71111,79.66667,53.11111,ASC.14_0
3088.86667,1133.88889,200.38889,1096.01111,9529.4,496.26667,1.20741,5.28148,2184.85556,21365.77778,85.86667,852.55556,3918.55556,2.33333,8.44444,5.55556,8.27778,75.33333,84.0,ASC.14_1
3163.2,1375.44444,159.38889,1232.56667,10722.4,360.73333,1.1037,3.05926,2404.3,19188.88889,99.08889,784.33333,4300.44444,3.33333,11.77778,2.11111,27.8,79.11111,53.33333,ASC.14_2
3226.31111,1348.88889,136.16667,1132.01111,10289.73333,398.2,1.0,3.14074,2303.41111,18321.55556,98.53333,715.0,4101.88889,3.77778,2.66667,6.55556,29.91111,61.33333,47.33333,ASC.14_3
2636.75556,1008.55556,156.61111,910.01111,8359.62222,574.26667,1.0,4.17037,1808.74444,17407.33333,77.64444,656.33333,3131.88889,3.11111,4.22222,1.77778,14.27778,61.11111,56.11111,ASC.14_4
2853.86667,1241.88889,156.94444,1072.56667,9221.73333,890.73333,1.1037,1.0,1992.07778,16014.88889,85.53333,664.11111,3733.55556,3.88889,2.55556,1.33333,19.05556,63.44444,40.44444,ASC.14_5
2746.2,1122.88889,103.16667,956.45556,8491.95556,439.06667,1.0,4.08889,1800.41111,14797.55556,72.53333,541.77778,3142.22222,1.66667,5.11111,2.88889,14.98889,54.77778,40.22222,ASC.14_6
2819.31111,1143.0,151.72222,1044.34444,8188.06667,4237.95556,1.0,2.02963,1772.52222,13336.0,75.2,483.22222,3044.33333,4.22222,9.11111,6.88889,49.4,51.55556,90.77778,ASC.14_7
2567.31111,1119.66667,117.38889,827.67778,7579.62222,1373.6,1.0,2.02963,1706.96667,12690.88889,80.2,495.77778,2895.55556,2.88889,5.88889,4.88889,32.62222,46.66667,75.33333,ASC.14_8
2483.53333,945.0,85.72222,941.12222,7542.28889,847.71111,1.1037,1.0,1618.52222,11808.22222,72.97778,392.22222,2799.88889,3.11111,4.22222,6.11111,30.73333,42.55556,45.33333,ASC.14_9
5487.2,2260.66667,219.73333,2246.13333,26675.06667,129.77778,1.0,1.0,4185.02222,25698.17778,123.44444,1550.77778,6452.0,5.33333,8.44444,6.22222,2.88889,61.13333,24.95556,ASC.15_0
5342.75556,2372.77778,136.4,2117.35556,22058.06667,259.11111,1.0,4.33333,3878.46667,23572.84444,118.55556,1326.22222,6010.22222,6.22222,5.88889,8.33333,10.44444,60.02222,25.17778,ASC.15_1
4712.31111,2150.33333,117.73333,1926.46667,19492.62222,58.22222,1.0,1.0,3559.02222,22248.17778,99.0,1298.88889,5726.22222,6.0,10.0,3.88889,3.77778,55.57778,22.73333,ASC.15_2
4560.31111,2014.88889,127.17778,1810.24444,17332.4,125.77778,1.0,2.11111,3149.91111,21269.62222,89.11111,1168.55556,5390.88889,6.11111,10.66667,5.44444,9.44444,64.35556,26.62222,ASC.15_3
4668.97778,1960.33333,126.84444,1872.13333,17669.06667,41.77778,1.0,3.22222,3303.46667,20339.06667,96.88889,1079.66667,5269.11111,6.33333,9.88889,5.77778,4.77778,55.57778,17.62222,ASC.15_4
4697.75556,1805.66667,132.95556,1694.35556,15471.06667,12.77778,1.0,4.33333,3196.91111,19408.73333,95.66667,997.88889,5170.77778,7.88889,10.11111,4.33333,6.55556,48.91111,21.28889,ASC.15_5
4590.86667,1790.55556,133.62222,1472.46667,15209.73333,111.33333,1.0,3.22222,3150.13333,18310.17778,88.33333,891.44444,4749.77778,6.66667,10.88889,4.11111,4.66667,46.24444,20.84444,ASC.15_6
4393.31111,1764.33333,135.17778,1655.46667,14547.73333,35.33333,1.0,5.44444,3159.35556,17495.73333,85.66667,803.66667,5090.11111,6.44444,17.55556,11.66667,2.88889,51.91111,24.54074,ASC.15_7
4482.31111,1816.88889,121.95556,1418.24444,15010.28889,31.33333,1.0,1.0,2882.57778,16597.17778,80.11111,1035.22222,4531.44444,6.88889,11.77778,9.66667,1.88889,44.91111,19.17778,ASC.15_8
3826.86667,1492.55556,132.84444,1637.35556,13543.17778,183.0,1.11111,1.0,2755.57778,15861.73333,72.33333,852.22222,4296.77778,5.55556,8.33333,4.11111,3.66667,53.35556,19.95556,ASC.15_9
1252.38889,95.88889,96.23333,69.83704,1740.66667,78.91111,1.0,8.45185,28.61111,2624.76667,1.11111,196.0,62.55556,3.0,1.0,13.95556,4.66667,8.42222,39.31111,ASC.16_0
1337.27778,98.0,88.78889,90.37778,1847.66667,163.37778,1.0,2.02963,23.83333,2179.21111,1.44444,195.0,78.88889,3.0,1.71852,16.17778,10.55556,7.48889,31.31111,ASC.16_1
1246.38889,90.88889,95.67778,69.82963,1761.77778,202.13333,1.0,7.53333,21.05556,1974.76667,1.22222,202.0,61.0,4.11111,1.0,13.51111,5.77778,6.73333,38.2,ASC.16_2
1405.72222,112.0,95.23333,87.82222,1958.0,171.71111,1.0,9.56296,27.83333,1869.76667,1.22222,189.77778,82.88889,4.55556,1.0,14.95556,17.22222,6.86667,33.86667,ASC.16_3
995.94444,75.66667,117.01111,69.82963,1395.77778,124.26667,1.1037,3.05926,24.2963,1780.98889,1.22222,199.22222,75.77778,3.44444,1.71852,15.0963,6.66667,6.53333,49.2,ASC.16_4
1179.27778,96.88889,89.67778,62.04444,1693.11111,132.48889,1.0,5.28148,24.05556,1712.43333,1.11111,170.44444,71.0,4.33333,1.0,15.98519,2.88889,7.53333,40.53333,ASC.16_5
1184.72222,114.0,96.01111,105.82222,1652.77778,147.06667,1.1037,3.14074,26.72222,1659.87778,1.11111,182.44444,71.33333,3.11111,1.0,14.20741,1.0,6.35556,36.97778,ASC.16_6
1500.05556,92.77778,99.45556,72.16296,2111.77778,107.93333,1.0,7.34074,25.61111,1597.21111,1.33333,220.44444,68.22222,2.55556,1.0,11.76296,6.66667,4.84444,43.53333,ASC.16_7
1425.83333,87.77778,107.01111,85.15556,1984.77778,198.26667,1.0,10.7037,23.16667,1507.76667,1.33333,194.0,83.33333,3.33333,1.0,20.17778,2.88889,4.48889,37.42222,ASC.16_8
1334.05556,112.0,103.78889,64.71852,1759.44444,161.02222,1.0,3.05926,32.16667,1502.21111,1.22222,211.88889,77.77778,2.66667,1.0,17.9037,7.55556,6.24444,39.97778,ASC.16_9
2195.62222,109.4,330.73333,105.80741,3894.24444,179.0,1.0,2.11111,145.32222,1567.22222,5.44444,648.77778,204.66667,6.11111,1.0,6.24444,13.55556,26.54444,92.22222,ASC.17_0
1707.84444,86.17778,224.06667,61.91852,2913.57778,259.0,1.1037,2.11111,111.54444,1336.66667,2.22222,458.33333,129.88889,5.33333,1.0,5.93333,12.66667,17.1,85.33333,ASC.17_1
1751.62222,115.4,204.84444,62.3037,3040.24444,162.33333,1.0,6.55556,112.87778,1205.22222,3.33333,436.66667,139.66667,4.44444,1.0,6.84444,1.0,13.97778,105.11111,ASC.17_2
1864.84444,111.4,250.06667,95.47407,3399.8,57.88889,1.1037,4.33333,131.87778,1126.77778,3.77778,512.33333,164.0,5.88889,1.0,5.55556,3.77778,14.43333,80.55556,ASC.17_3
1674.51111,102.4,216.17778,64.47407,2884.24444,168.66667,1.0,1.0,109.21111,1038.0,2.77778,467.55556,126.22222,5.77778,1.0,5.48889,2.88889,12.86667,105.88889,ASC.17_4
1596.62222,65.06667,230.84444,46.85926,2749.57778,98.88889,1.0,6.66667,94.98889,953.66667,3.22222,435.88889,129.88889,3.55556,1.0,8.86667,1.88889,15.75556,68.11111,ASC.17_5
1681.4,61.02222,200.28889,67.02963,3012.91111,117.44444,1.0,3.22222,105.65556,922.11111,3.0,445.66667,143.44444,4.44444,1.0,6.4,3.77778,15.21111,145.33333,ASC.17_6
1430.4,57.73333,172.51111,59.85926,2550.57778,217.77778,1.0,1.0,85.43333,859.44444,2.55556,373.22222,110.88889,4.77778,1.0,6.57778,4.66667,9.86667,67.66667,ASC.17_7
1489.06667,63.84444,207.73333,84.75556,2681.68889,33.33333,1.1037,4.33333,90.76667,843.77778,2.88889,356.33333,108.66667,3.33333,2.66667,3.77778,2.88889,9.65556,115.0,ASC.17_8
1267.51111,44.8,157.84444,74.91852,2122.02222,74.33333,1.1037,2.11111,82.76667,765.44444,2.22222,368.11111,105.22222,2.22222,1.0,2.75556,4.66667,11.32222,43.33333,ASC.17_9
2548.81111,160.62222,381.7,136.01111,5494.58889,75.77778,1.11111,4.33333,166.5,1526.15556,4.48889,568.03333,225.88889,4.44444,3.33333,3.22222,1.0,18.97778,64.11111,ASC.18_0
2175.81111,129.62222,331.25556,138.56667,4862.14444,92.22222,1.0,5.44444,143.16667,1421.26667,4.4963,509.14444,192.33333,4.11111,1.0,3.33333,5.66667,16.1,65.22222,ASC.18_1
2480.7,142.62222,392.03333,113.14444,5359.7,24.68889,1.0,4.33333,168.94444,1342.93333,4.60741,569.25556,229.88889,4.33333,1.0,2.11111,5.66667,17.32222,73.0,ASC.18_2
2487.58889,136.4,325.03333,112.91111,5304.14444,56.97778,1.0,5.44444,150.27778,1290.71111,4.05185,517.92222,217.44444,4.33333,1.77778,1.77778,2.77778,12.54444,51.11111,ASC.18_3
2298.25556,130.51111,346.14444,148.9,4993.58889,75.06667,1.0,4.33333,155.94444,1221.93333,5.6,500.92222,198.33333,3.77778,1.0,2.88889,6.77778,14.32222,57.55556,ASC.18_4
2394.81111,145.62222,348.58889,148.78889,5257.25556,55.11111,1.0,3.22222,151.61111,1216.6,4.38519,457.92222,203.44444,6.11111,1.0,5.33333,2.77778,16.41111,55.33333,ASC.18_5
2313.7,125.4,306.14444,120.45556,4706.14444,14.84444,1.0,3.22222,148.61111,1174.82222,3.94074,479.47778,198.33333,4.44444,2.66667,4.44444,4.77778,15.74444,54.33333,ASC.18_6
2420.58889,121.4,344.47778,169.45556,5007.14444,369.2,1.0,2.11111,166.94444,1127.82222,5.04444,494.92222,207.88889,6.11111,1.77778,5.44444,1.0,11.86667,50.66667,ASC.18_7
2131.92222,136.73333,260.7,90.04444,4774.14444,138.95556,1.0,3.22222,131.83333,1059.93333,3.83704,433.81111,184.77778,4.0,1.0,3.77778,2.88889,10.85556,46.33333,ASC.18_8
2151.92222,124.62222,288.81111,97.34444,4567.25556,28.44444,1.0,2.11111,150.83333,1028.6,3.16296,467.14444,195.44444,3.88889,1.77778,5.88889,4.55556,13.87778,50.11111,ASC.18_9
1730.9,127.11111,83.98889,109.05185,3396.23333,40.77778,1.0,2.11111,26.88889,1568.15556,1.0,183.44444,63.33333,4.11111,1.0,7.0,1.0,3.50741,27.31111,ASC.19_0
1698.12222,127.11111,76.43333,80.82963,3282.34444,42.88889,1.0,2.11111,28.11111,1374.26667,1.11111,187.88889,63.77778,2.44444,1.0,4.11111,1.0,2.95185,34.2,ASC.19_1
1626.9,131.0,69.54444,83.67037,3328.9,65.93333,1.0,1.0,20.88889,1180.15556,1.0,170.44444,55.33333,3.11111,1.0,2.88889,2.78889,4.02222,29.31111,ASC.19_2
1756.45556,126.0,55.87778,63.28889,3472.67778,16.35556,1.0,1.0,25.0,1075.6,1.0,167.66667,55.77778,5.0,1.0,5.0,2.57778,4.09259,26.08889,ASC.19_3
1525.12222,113.88889,53.1,50.11481,2989.78889,174.33333,1.0,1.0,22.55556,997.15556,1.0,157.88889,51.0,2.55556,1.0,5.22222,4.57778,3.46667,23.75556,ASC.19_4
1543.23333,106.0,60.76667,73.33704,3085.12222,23.06667,1.0,4.44444,20.44444,933.6,1.11111,165.11111,52.22222,3.22222,1.0,5.11111,1.78889,2.4963,27.08889,ASC.19_5
1684.45556,114.11111,65.87778,62.43333,3141.78889,16.46667,1.0,2.11111,23.77778,902.26667,1.22222,165.44444,52.33333,3.66667,1.0,10.44444,2.57778,2.01111,29.42222,ASC.19_6
1500.34444,94.88889,54.43333,113.87778,2506.34444,72.46667,1.0,2.11111,19.66667,844.82222,1.0,137.0,42.88889,4.88889,1.0,6.0,3.57778,3.8,32.08889,ASC.19_7
1452.23333,105.88889,54.32222,50.22593,2547.23333,20.33333,1.0,2.11111,22.33333,839.6,1.0,142.11111,29.33333,3.55556,1.0,4.44444,2.57778,2.53704,18.97778,ASC.19_8
1308.34444,84.66667,60.65556,52.67037,2565.67778,75.91111,1.0,7.77778,20.33333,803.04444,1.0,156.0,39.88889,1.88889,1.0,3.11111,1.0,4.35556,18.08889,ASC.19_9
1421.85556,190.17778,78.92222,142.96667,3055.65556,15.0,1.0,3.22222,30.52222,1739.81111,1.20741,217.57778,92.02222,5.71111,1.0,5.77778,1.0,4.20741,42.4,ASC.1_0
1492.3,194.06667,76.36667,109.41111,3238.87778,80.66667,1.0,1.0,30.63333,1477.47778,1.54074,220.02222,79.24444,3.60741,1.0,4.66667,1.88889,5.19259,36.28889,ASC.1_1
1684.41111,181.06667,66.81111,93.85556,3469.21111,56.22222,1.0,3.22222,26.52222,1341.36667,1.42222,226.68889,97.02222,4.71111,1.0,5.0,1.0,3.31481,29.06667,ASC.1_2
1453.96667,144.84444,61.81111,54.93704,3183.1,11.0,1.11111,4.33333,29.3,1220.58889,1.1037,208.91111,72.68889,4.71111,1.0,3.22222,2.77778,5.75556,26.06667,ASC.1_3
1108.85556,128.62222,75.03333,34.41111,2572.98889,78.77778,1.0,4.33333,23.63333,1141.92222,1.1037,179.35556,63.13333,5.26667,1.0,5.88889,1.88889,5.08519,35.28889,ASC.1_4
1280.07778,118.4,55.14444,104.3,2685.32222,27.44444,1.0,4.33333,20.3,1084.47778,1.0,190.24444,59.13333,2.96296,1.0,3.22222,1.0,3.41852,26.95556,ASC.1_5
1260.18889,160.95556,58.14444,52.74444,2884.76667,41.44444,1.0,2.11111,29.85556,1011.36667,1.31111,188.57778,82.24444,3.82222,1.77778,1.66667,4.66667,3.54074,29.06667,ASC.1_6
1202.41111,119.51111,55.7,60.3,2656.1,7.0,1.11111,1.0,24.96667,932.03333,1.20741,175.02222,69.68889,3.39259,1.77778,1.0,2.77778,3.64815,18.28889,ASC.1_7
1284.3,146.51111,73.25556,75.85556,2610.98889,5.0,1.0,2.11111,23.96667,911.14444,1.1037,187.02222,62.13333,3.94074,1.0,5.11111,3.77778,2.98889,31.06667,ASC.1_8
1282.3,150.84444,62.58889,88.74444,2726.54444,41.66667,1.11111,1.0,26.96667,853.7,1.42222,199.13333,75.91111,3.60741,1.77778,3.22222,3.77778,3.20741,32.62222,ASC.1_9
3475.11111,565.11111,201.04444,139.02222,7963.28889,47.0,1.0,3.05926,109.45556,15895.97778,1.53333,212.06667,288.44444,30.77778,1.0,9.99259,9.44444,28.02222,354.44444,ASC.20_0
3111.88889,479.44444,179.48889,95.02222,7289.62222,38.17778,1.0,7.34074,100.78889,13012.53333,1.35556,177.73333,285.33333,21.22222,1.0,15.08889,13.22222,21.57778,289.11111,ASC.20_1
2928.77778,407.77778,165.15556,128.8,6665.28889,12.48889,1.0,2.02963,97.67778,11689.53333,1.37778,171.73333,218.22222,23.66667,1.0,12.64444,10.44444,15.63704,263.66667,ASC.20_2
2823.66667,392.66667,165.6,108.24444,6607.4,86.0,1.0,3.14074,93.34444,10650.08889,1.66667,183.51111,199.88889,20.11111,1.0,9.59259,9.55556,11.41481,270.88889,ASC.20_3
2702.88889,371.44444,141.15556,141.8,6128.84444,68.95556,1.11111,2.02963,82.12222,10266.86667,1.55556,140.73333,197.88889,16.33333,1.0,12.8963,4.77778,16.57778,252.44444,ASC.20_4
2623.22222,386.55556,163.15556,110.8,5902.51111,30.44444,1.0,4.17037,80.9,9500.53333,1.44444,179.4,210.33333,17.22222,1.0,11.11852,14.33333,10.35556,294.66667,ASC.20_5
2506.33333,373.33333,146.04444,79.68889,5479.62222,54.97778,1.0,1.0,75.23333,9096.31111,2.37778,160.95556,188.55556,15.22222,1.0,14.11852,9.66667,12.47407,259.11111,ASC.20_6
2464.11111,379.55556,138.37778,77.13333,5308.06667,12.84444,1.0,2.02963,70.56667,8681.86667,1.44444,157.62222,174.88889,12.11111,1.0,10.43704,7.55556,13.13333,214.0,ASC.20_7
2499.55556,352.22222,157.82222,79.68889,5232.4,18.11111,1.0,4.08889,69.78889,8482.42222,1.75556,176.4,196.55556,18.22222,1.0,9.54815,9.44444,9.57778,364.88889,ASC.20_8
2479.11111,384.66667,163.6,56.57778,5336.51111,22.33333,1.0,1.0,71.23333,8267.31111,1.55556,166.84444,180.44444,16.66667,4.93333,6.81481,10.44444,10.74815,279.44444,ASC.20_9
5797.4,292.36667,274.47778,482.26667,7361.95556,643.0,1.0,4.08889,432.52222,1401.94444,6.66667,446.0,245.77778,6.88889,1.77778,9.74815,9.44444,157.44444,79.06667,ASC.21_0
5459.17778,251.03333,313.36667,443.6,7172.84444,811.66667,1.1037,3.14074,398.18889,1323.61111,6.66667,443.77778,240.22222,7.11111,2.66667,8.81481,9.44444,160.77778,76.95556,ASC.21_1
5221.73333,236.81111,261.58889,400.04444,6466.06667,474.55556,1.0,5.2,390.07778,1223.5,6.11111,402.33333,251.44444,6.66667,5.0,6.74815,3.66667,147.44444,67.95556,ASC.21_2
4977.84444,216.58889,273.14444,392.37778,6584.06667,752.11111,1.0,2.02963,366.74444,1186.83333,5.22222,403.44444,220.33333,5.33333,1.77778,10.6963,8.33333,132.11111,67.62222,ASC.21_3
5083.95556,187.36667,261.03333,384.37778,6409.28889,269.44444,1.0,6.31111,364.74444,1124.16667,6.22222,387.44444,229.22222,8.11111,1.77778,9.64444,5.66667,147.44444,65.95556,ASC.21_4
4891.17778,225.7,251.25556,392.04444,6403.84444,521.77778,1.0,2.02963,373.18889,1124.16667,3.66667,422.33333,235.88889,6.44444,1.77778,9.08148,1.0,131.55556,67.28889,ASC.21_5
5171.4,257.03333,343.36667,438.48889,6510.17778,729.55556,1.0,1.0,393.74444,1087.61111,5.22222,450.11111,242.55556,7.11111,3.44444,11.8,5.66667,158.88889,71.95556,ASC.21_6
5012.84444,312.47778,263.36667,392.04444,6588.28889,889.55556,1.0,3.14074,367.3,1035.38889,4.88889,442.88889,240.77778,6.44444,3.44444,8.14074,7.55556,128.11111,71.51111,ASC.21_7
4716.28889,227.81111,252.81111,392.15556,5940.84444,396.66667,1.0,1.0,354.74444,1030.16667,4.11111,367.66667,215.33333,6.44444,1.0,8.3037,7.55556,129.77778,66.06667,ASC.21_8
4507.28889,192.25556,238.14444,374.15556,5673.95556,224.22222,1.0,7.34074,334.52222,972.27778,3.22222,362.33333,197.22222,5.0,3.44444,9.80741,9.44444,135.66667,57.84444,ASC.21_9
1781.72222,1012.66667,176.57778,669.61111,6774.37778,2126.77778,1.11111,3.22222,1214.16667,10732.52222,64.44444,1270.51111,2661.77778,2.22222,6.77778,8.11111,12.42222,48.57778,27.24444,ASC.23_0
1749.38889,979.22222,155.02222,739.16667,6905.6,2782.77778,1.11111,2.11111,1186.5,10170.85556,64.11111,1328.95556,2677.77778,2.22222,4.33333,9.44444,11.53333,43.68889,25.24444,ASC.23_1
1767.5,897.33333,139.02222,710.72222,7016.26667,1884.22222,1.0,4.33333,1228.16667,9729.74444,65.0,1341.73333,2581.11111,2.66667,5.11111,7.0,7.02222,44.8,22.13333,ASC.23_2
1798.27778,919.77778,128.02222,599.94444,7083.82222,2003.55556,1.11111,4.33333,1129.05556,9299.41111,64.11111,1299.84444,2577.11111,1.88889,2.66667,10.0,10.02222,32.13333,26.35556,ASC.23_3
1596.94444,975.22222,180.35556,561.16667,5786.6,3006.55556,1.0,7.66667,1015.61111,9021.3,60.0,1446.62222,2200.66667,2.44444,3.44444,7.11111,20.93333,49.91111,31.13333,ASC.23_4
1488.5,817.66667,124.24444,507.16667,5462.15556,3177.77778,1.11111,5.44444,899.16667,8706.52222,50.0,1324.17778,1932.88889,2.11111,5.11111,8.55556,10.15556,38.68889,28.13333,ASC.23_5
1600.27778,860.0,149.35556,656.72222,5772.6,3573.44444,1.22222,3.22222,946.72222,8407.18889,56.77778,1205.51111,2062.55556,3.22222,4.33333,10.11111,9.77778,40.13333,23.91111,ASC.23_6
1676.38889,895.44444,176.68889,568.94444,6153.37778,3723.88889,1.0,7.66667,990.27778,8202.74444,54.11111,1335.06667,1972.0,2.33333,4.22222,15.77778,12.53333,34.68889,21.46667,ASC.23_7
1543.05556,895.44444,132.13333,488.94444,5481.48889,2489.55556,1.0,10.0,844.05556,7976.96667,45.0,1153.06667,1799.44444,2.44444,1.0,13.0,7.77778,33.24444,24.57778,ASC.23_8
1652.27778,748.11111,112.13333,525.16667,6006.82222,1790.0,1.11111,11.0,926.16667,7788.18889,50.66667,1159.95556,1974.11111,2.0,3.33333,14.55556,9.66667,25.91111,22.91111,ASC.23_9
1213.68889,90.66667,73.72222,35.44444,2066.26667,103.84444,1.0,6.22963,18.25556,579.05556,1.11111,71.4,32.06667,5.55556,1.0,7.44444,4.46667,5.31481,26.86667,ASC.24_0
1222.57778,107.11111,55.94444,48.77778,2012.93333,336.17778,1.0,3.14074,21.92222,558.16667,1.22222,63.51111,38.84444,2.88889,1.0,3.22222,2.64444,3.36667,26.42222,ASC.24_1
1025.91111,147.33333,53.38889,33.44444,1758.71111,295.06667,1.0,3.14074,24.92222,537.27778,1.0,63.73333,43.95556,5.66667,1.0,7.33333,3.64444,4.95556,24.64444,ASC.24_2
1107.46667,83.77778,56.83333,56.0,1866.6,245.48889,1.11111,3.05926,19.47778,505.94444,1.11111,73.95556,29.76296,5.88889,1.0,5.33333,2.82222,2.25556,27.08889,ASC.24_3
1050.8,77.77778,51.16667,43.66667,1842.93333,188.28889,1.0,3.05926,18.36667,464.16667,1.11111,63.17778,34.84444,5.88889,1.0,3.88889,5.28889,3.34074,21.97778,ASC.24_4
1119.02222,104.88889,52.83333,66.33333,1800.71111,601.4,1.0,3.05926,17.81111,464.16667,1.11111,72.51111,42.84444,9.0,1.0,3.11111,1.0,4.2037,27.75556,ASC.24_5
1136.13333,85.66667,70.94444,48.22222,1879.26667,216.95556,1.0,2.02963,16.92222,448.5,1.11111,72.28889,27.17778,3.0,1.0,5.33333,4.46667,3.2037,20.54815,ASC.24_6
1076.24444,82.77778,42.05556,70.33333,1678.93333,73.42222,1.0,1.0,16.14444,417.16667,1.0,47.4,27.4,3.33333,1.0,5.11111,2.64444,2.8963,19.2,ASC.24_7
1061.24444,66.44444,38.94444,22.33333,1827.71111,379.4,1.0,3.14074,14.58889,417.16667,1.11111,67.06667,31.95556,6.33333,1.0,2.55556,1.0,7.17778,18.97778,ASC.24_8
976.8,63.77778,40.16667,57.88889,1518.48889,110.42222,1.11111,1.0,14.36667,374.5,1.0,43.62222,19.62222,3.33333,1.0,3.22222,2.64444,3.25556,15.97778,ASC.24_9
2821.42222,269.84444,115.48889,165.76667,12858.78889,248.77778,1.0,2.97778,478.62222,7161.95556,35.11111,401.88889,561.55556,4.66667,1.0,9.33333,18.22222,38.33333,82.17778,ASC.25_0
2692.08889,269.84444,118.37778,178.65556,12097.56667,17.0,1.0,2.73333,455.73333,6941.73333,35.11111,384.22222,535.22222,5.33333,3.44444,6.77778,12.44444,31.22222,90.73333,ASC.25_1
2693.86667,255.62222,104.48889,160.65556,12213.45556,33.55556,1.0,2.97778,488.73333,6642.62222,40.44444,400.88889,543.88889,3.22222,5.77778,6.44444,8.66667,36.66667,84.06667,ASC.25_2
2670.75556,267.95556,108.26667,183.87778,12385.78889,23.0,1.0,1.0,503.51111,6333.17778,40.44444,420.11111,535.88889,3.22222,1.77778,9.66667,16.33333,35.88889,79.4,ASC.25_3
2706.75556,283.84444,112.04444,188.98889,12980.23333,6.88889,1.0,1.86667,499.95556,6175.73333,37.0,456.33333,554.0,4.11111,2.66667,5.55556,8.55556,33.33333,73.73333,ASC.25_4
2691.53333,266.84444,104.37778,186.43333,12401.45556,5.0,1.0,1.0,468.73333,6050.17778,32.33333,414.55556,525.88889,2.55556,7.55556,5.66667,1.88889,27.33333,83.28889,ASC.25_5
2660.53333,320.28889,105.48889,188.98889,12420.23333,2.88889,1.0,3.84444,434.95556,5892.17778,29.55556,428.33333,491.33333,3.33333,8.44444,8.0,2.77778,27.66667,76.51111,ASC.25_6
2745.75556,311.17778,98.15556,147.76667,12091.67778,2.88889,1.0,5.06667,456.62222,5724.62222,33.11111,408.0,490.0,3.11111,7.55556,7.44444,7.55556,35.55556,64.51111,ASC.25_7
2636.42222,310.28889,125.26667,150.43333,12194.56667,17.22222,1.0,2.73333,474.28889,5609.28889,40.22222,391.11111,492.33333,4.22222,3.33333,5.22222,6.55556,32.55556,93.95556,ASC.25_8
2431.75556,268.84444,101.82222,140.0037,11113.56667,21.0,1.0,1.0,411.06667,5478.17778,32.33333,398.66667,454.88889,3.44444,3.33333,2.55556,5.55556,26.77778,69.28889,ASC.25_9
1582.51111,269.13333,244.74444,299.85556,9378.96667,27.11111,1.33333,12.22222,464.34444,4805.5,26.88889,344.57778,632.44444,3.33333,6.66667,6.88889,23.22222,36.06667,122.42222,ASC.26_0
1489.95556,263.02222,240.96667,248.3,8841.96667,37.11111,1.0,3.22222,462.23333,4343.72222,26.33333,339.8,645.0,3.66667,3.33333,13.11111,13.55556,41.28889,132.75556,ASC.26_1
1317.17778,241.8,243.63333,240.74444,8363.96667,66.0,1.44444,1.0,446.12222,4076.27778,26.11111,307.35556,568.77778,3.0,2.55556,11.77778,12.55556,28.24444,102.53333,ASC.26_2
1535.51111,289.46667,227.41111,281.74444,9615.63333,45.22222,1.33333,3.22222,479.67778,3913.38889,26.88889,331.8,703.44444,2.66667,3.44444,11.0,10.55556,22.4,82.64444,ASC.26_3
1435.95556,276.24444,325.85556,206.96667,8915.41111,21.11111,1.11111,5.44444,455.01111,3782.83333,26.22222,319.91111,614.44444,2.77778,4.22222,15.22222,10.44444,22.4,87.75556,ASC.26_4
1703.73333,326.57778,195.3,320.52222,10987.63333,57.88889,1.11111,3.22222,504.67778,3672.27778,28.88889,329.24444,641.88889,3.44444,3.44444,13.55556,10.44444,32.28889,101.31111,ASC.26_5
1682.73333,267.24444,153.41111,310.07778,11092.41111,10.88889,1.33333,2.11111,474.12222,3557.27778,28.0,352.68889,694.22222,2.0,1.77778,13.11111,4.77778,29.4,102.97778,ASC.26_6
1732.62222,273.24444,179.3,286.96667,10764.41111,39.11111,1.22222,1.0,504.34444,3468.5,27.11111,327.91111,694.33333,3.77778,3.44444,11.0,4.77778,24.91111,89.31111,ASC.26_7
1662.73333,297.57778,206.96667,297.3,10452.18889,35.22222,1.44444,2.11111,506.34444,3394.5,24.33333,320.35556,633.33333,3.77778,4.22222,5.88889,4.77778,32.28889,93.64444,ASC.26_8
1786.06667,332.91111,235.18889,232.85556,11618.85556,39.44444,1.22222,3.22222,517.12222,3300.38889,29.33333,345.24444,716.22222,4.0,4.33333,12.11111,10.44444,30.06667,86.2,ASC.26_9
1567.36667,643.11111,366.32222,439.08889,7582.51111,26.88889,1.33333,2.02963,1062.35556,19839.21111,53.44444,589.02222,2073.77778,2.33333,11.77778,5.22222,8.28889,109.48889,68.22222,ASC.27_0
1548.47778,640.88889,282.87778,459.75556,8409.28889,23.0,1.66667,3.14074,1135.02222,17768.32222,52.0,551.57778,2046.0,2.77778,9.22222,5.22222,4.64444,80.15556,62.11111,ASC.27_1
1815.81111,716.66667,252.54444,645.42222,9124.51111,39.44444,1.22222,2.02963,1198.68889,16743.54444,60.44444,499.24444,2346.88889,2.88889,5.0,20.66667,7.28889,76.82222,186.22222,ASC.27_2
1911.14444,743.88889,178.1,653.08889,9122.84444,41.44444,1.33333,5.2,1282.68889,15902.87778,60.77778,490.8,2323.88889,1.66667,5.0,5.66667,9.11111,58.04444,70.55556,ASC.27_3
1892.58889,757.11111,223.21111,529.42222,8500.28889,27.11111,1.33333,5.2,1237.68889,15309.43333,53.44444,505.91111,2187.66667,2.33333,7.66667,7.44444,6.11111,59.15556,53.22222,ASC.27_4
1884.14444,712.77778,172.32222,676.2,8747.95556,10.66667,1.11111,1.0,1239.24444,14600.43333,63.44444,485.91111,2378.55556,2.11111,3.33333,5.0,7.28889,56.04444,53.33333,ASC.27_5
1691.92222,648.11111,164.65556,580.86667,8433.4,43.55556,1.22222,1.0,1132.57778,14006.87778,55.33333,486.57778,2205.55556,2.55556,3.44444,20.55556,6.64444,60.04444,107.66667,ASC.27_6
1909.36667,740.11111,174.98889,642.86667,8940.73333,19.11111,1.0,2.02963,1268.35556,13423.87778,56.88889,565.13333,2247.44444,1.88889,5.11111,7.22222,9.11111,61.04444,42.22222,ASC.27_7
2147.92222,904.66667,108.98889,727.97778,10516.06667,4.77778,1.0,6.22963,1388.02222,12966.87778,67.11111,484.35556,2616.11111,2.44444,2.55556,23.33333,1.0,49.71111,245.0,ASC.27_8
2060.47778,833.11111,100.65556,619.53333,9733.95556,43.66667,1.0,4.17037,1314.02222,12657.1,63.33333,499.91111,2646.22222,1.66667,2.55556,8.55556,8.11111,48.82222,58.0,ASC.27_9
3028.94444,165.55556,117.25556,81.47778,6072.73333,6.88889,1.0,1.0,62.67778,7679.53333,3.61481,215.93333,178.88889,5.33333,1.0,3.66667,5.64444,3.60741,91.35556,ASC.2_0
2768.5,139.44444,105.14444,61.03333,5563.51111,1.0,1.0,2.11111,59.23333,7322.64444,1.95556,204.82222,156.88889,4.44444,1.0,1.66667,1.0,6.14444,73.46667,ASC.2_1
2962.27778,146.11111,112.36667,63.47778,5593.51111,2.88889,1.11111,2.11111,65.78889,6771.75556,2.38519,201.93333,184.44444,5.44444,1.0,2.77778,1.0,7.35556,80.35556,ASC.2_2
2391.38889,142.22222,92.25556,62.47407,5308.95556,5.0,1.0,5.44444,65.12222,6226.53333,1.53333,179.15556,163.55556,2.33333,1.0,2.55556,1.0,6.77037,65.8,ASC.2_3
2144.83333,135.0,87.36667,57.6963,4572.06667,45.88889,1.0,6.55556,62.12222,5753.97778,2.83704,167.93333,154.88889,1.77778,1.0,2.88889,1.0,4.28519,52.13333,ASC.2_4
2073.94444,142.22222,72.47778,44.58519,4339.17778,1.0,1.0,5.44444,62.01111,5329.2,2.28889,166.15556,145.0,3.77778,1.0,2.77778,2.82222,5.54815,51.24444,ASC.2_5
1607.16667,96.77778,64.58889,51.47037,3508.84444,47.66667,1.0,3.22222,66.67778,5072.08889,1.85185,180.48889,129.44444,3.0,1.0,1.77778,5.28889,5.43704,46.46667,ASC.2_6
1939.83333,115.11111,82.03333,45.58889,4239.06667,1.0,1.11111,3.22222,52.34444,4888.64444,1.85926,148.82222,123.11111,2.33333,1.0,2.55556,1.0,3.68889,51.8,ASC.2_7
1655.94444,122.0,71.14444,99.7,3730.62222,13.0,1.0,7.66667,68.01111,4699.86667,1.95556,167.15556,143.55556,2.55556,1.0,3.22222,1.0,3.8,47.8,ASC.2_8
1588.94444,103.88889,67.47778,51.47037,3423.4,21.22222,1.0,6.55556,54.45556,4374.64444,1.31111,170.93333,131.33333,3.55556,1.0,1.0,1.82222,4.13333,56.46667,ASC.2_9
618.9,14.05556,11.08889,21.68148,1681.88889,16.95556,1.11111,5.21111,1.65185,275.16667,1.0,1.55556,4.11111,1.0,1.0,2.0,1.82222,4.03704,1.66667,ASC.3_0
570.78889,24.42222,10.53333,42.41481,1789.66667,16.46667,1.0,4.1,1.31852,254.27778,1.11111,2.11111,3.77778,1.11111,1.0,1.33333,1.0,2.51852,1.77778,ASC.3_1
537.9,25.1,9.53333,24.23704,1554.66667,65.68889,1.0,1.0,2.19259,212.5,1.0,1.44444,3.11111,1.11111,1.0,1.33333,1.0,2.07407,1.77778,ASC.3_2
502.67778,11.73333,12.08889,29.46667,1666.66667,43.13333,1.0,2.03333,1.0,181.16667,1.0,2.11111,3.0,1.66667,1.0,3.55556,1.0,1.59259,2.11111,ASC.3_3
574.78889,13.52222,13.42222,34.62963,1778.66667,36.66667,1.0,3.14444,2.2,181.16667,1.0,1.44444,4.55556,1.11111,1.0,2.11111,2.64444,1.74074,2.55556,ASC.3_4
633.78889,15.73333,7.75556,73.3037,1655.11111,10.73333,1.0,3.06667,1.0,181.16667,1.0,1.66667,5.11111,1.11111,1.0,1.33333,1.82222,3.07407,1.33333,ASC.3_5
688.56667,7.15556,10.64444,37.18519,2049.77778,4.86667,1.0,3.14444,2.3037,165.5,1.0,2.33333,2.44444,1.44444,1.0,1.77778,1.0,2.48148,1.44444,ASC.3_6
438.01111,9.94444,7.43704,24.28889,1188.22222,8.97778,1.0,3.06667,1.97037,134.16667,1.11111,1.22222,2.66667,1.22222,1.0,2.0,1.0,2.03704,1.22222,ASC.3_7
495.12222,14.73333,12.86667,34.45926,1453.66667,10.48889,1.0,4.17778,1.64444,134.16667,1.0,2.22222,4.0,1.11111,1.0,2.0,2.82222,1.88889,2.33333,ASC.3_8
471.01111,16.31111,7.86667,29.40741,1298.22222,6.86667,1.0,2.03333,1.0,96.83333,1.0,2.0,3.0,1.0,1.0,1.0,1.0,1.74074,1.66667,ASC.3_9
1474.64444,148.22222,69.92222,59.12593,2845.57778,61.77778,1.0,4.33333,25.95556,1060.97778,1.0,113.77778,63.95556,3.0,1.0,8.44444,1.88889,3.37778,30.51111,ASC.4_0
1271.2,116.88889,54.03333,47.95556,2604.57778,21.11111,1.0,1.0,23.73333,987.53333,1.0,117.55556,60.73333,4.22222,2.37778,1.77778,2.88889,4.8,33.62222,ASC.4_1
1317.2,167.33333,67.58889,71.21111,2602.35556,80.55556,1.0,3.22222,27.17778,929.42222,1.11111,110.33333,53.28889,3.66667,1.0,12.11111,9.77778,3.0,27.51111,ASC.4_2
1351.08889,134.0,64.14444,59.92963,2712.35556,33.0,1.0,6.55556,24.95556,851.08889,1.22222,108.11111,58.17778,5.11111,1.0,3.77778,17.55556,5.73333,31.4,ASC.4_3
1337.86667,133.88889,72.81111,82.45926,2829.35556,121.66667,1.0,4.33333,26.62222,777.97778,1.0,116.11111,65.95556,3.55556,1.0,4.0,6.55556,2.42222,25.73333,ASC.4_4
1346.42222,115.0,78.25556,58.17778,2563.24444,281.33333,1.11111,3.22222,20.95556,751.86667,1.0,94.55556,52.28889,3.77778,1.0,19.88889,2.77778,5.73333,32.62222,ASC.4_5
1329.53333,118.0,60.47778,91.98889,2502.02222,43.22222,1.11111,1.0,18.84444,709.97778,1.0,89.33333,58.4,3.88889,1.0,2.55556,3.77778,6.06667,25.73333,ASC.4_6
1268.08889,109.88889,56.81111,74.68148,2548.46667,261.33333,1.0,4.33333,19.95556,656.86667,1.11111,109.55556,59.06667,4.55556,1.0,11.11111,1.88889,5.11111,38.4,ASC.4_7
1295.75556,98.88889,62.36667,72.01481,2462.8,45.44444,1.0,1.0,23.06667,656.86667,1.22222,96.55556,45.95556,3.11111,1.0,5.11111,3.77778,4.0,30.95556,ASC.4_8
1085.08889,94.88889,47.14444,47.04074,2149.02222,63.88889,1.0,1.0,18.06667,656.86667,1.33333,84.0,52.95556,2.88889,2.57778,5.55556,4.66667,4.17778,20.06667,ASC.4_9
1536.33333,105.51111,267.8,102.93333,3145.55556,17.0,1.0,1.0,105.08889,1149.86667,3.5037,362.03333,142.97778,4.44444,1.0,3.88889,1.0,4.33333,67.06667,ASC.5_0
1436.44444,139.62222,283.24444,120.96667,2970.77778,66.33333,1.0,6.08148,115.64444,1034.86667,3.62222,384.14444,167.2,6.55556,1.0,6.33333,8.33333,5.73333,147.73333,ASC.5_1
1473.77778,121.4,274.02222,84.93333,3128.0,15.11111,1.0,3.97778,119.75556,961.2,3.94815,373.58889,146.53333,6.77778,1.0,2.22222,50.33333,7.68889,33.95556,ASC.5_2
1279.88889,90.17778,229.46667,82.15556,2664.11111,17.33333,1.0,4.0963,89.64444,939.86667,3.15556,355.14444,138.42222,3.11111,1.0,3.11111,4.55556,4.75556,99.51111,ASC.5_3
1555.0,145.73333,289.46667,90.18889,3193.77778,31.33333,1.0,2.98519,116.86667,934.64444,4.16296,364.81111,171.53333,4.44444,1.0,4.44444,3.77778,2.77778,61.62222,ASC.5_4
1328.77778,112.4,266.02222,139.41111,2744.66667,80.66667,1.0,1.0,104.75556,871.97778,3.39259,374.03333,139.64444,3.55556,1.0,7.77778,3.77778,6.06667,223.17778,ASC.5_5
1333.55556,95.28889,256.24444,128.74444,2807.33333,47.77778,1.0,1.99259,93.64444,845.86667,2.51111,358.25556,132.2,5.66667,1.0,8.11111,27.55556,6.06667,520.28889,ASC.5_6
1349.22222,94.17778,235.02222,79.85556,2951.33333,37.33333,1.0,4.0963,106.31111,845.86667,2.74815,363.47778,150.42222,4.11111,1.0,3.88889,1.0,2.77778,28.28889,ASC.5_7
1343.44444,123.4,213.91111,100.26667,2785.0,31.0,1.11111,5.20741,84.08889,783.2,2.2,290.81111,126.42222,3.22222,1.0,5.0,4.66667,3.53333,45.17778,ASC.5_8
1207.55556,92.28889,229.8,113.41111,2644.77778,13.11111,1.0,1.99259,99.86667,751.86667,2.84444,314.92222,147.64444,3.66667,1.0,9.55556,2.77778,4.75556,422.17778,ASC.5_9
1266.83333,86.77778,67.06667,64.41111,2196.96667,113.44444,1.0,1.0,22.25556,807.22222,1.0,159.26667,46.33333,2.55556,1.0,4.88889,2.88889,3.94815,23.24444,ASC.6_0
1031.5,80.55556,63.73333,56.63333,1798.63333,21.22222,1.11111,1.87037,22.47778,728.88889,1.0,145.26667,38.55556,3.55556,1.0,8.0,5.66667,3.05926,22.8,ASC.6_1
997.94444,62.44444,54.4,61.74444,1684.74444,19.11111,1.0,1.87037,18.47778,665.33333,1.0,149.15556,44.55556,1.77778,1.0,4.44444,5.66667,3.26667,14.8,ASC.6_2
1038.38889,47.22222,97.4,107.1,1858.52222,23.22222,1.0,1.87037,20.47778,649.55556,1.0,129.93333,37.44444,1.77778,1.0,6.11111,2.77778,2.51852,24.91111,ASC.6_3
1152.05556,91.77778,112.28889,70.76667,2132.96667,74.22222,1.0,2.74074,21.92222,571.22222,1.11111,114.93333,32.77778,3.11111,1.0,9.22222,2.77778,2.14074,24.8,ASC.6_4
1014.27778,48.33333,58.51111,86.54444,1715.96667,13.0,1.0,3.85185,16.25556,566.0,1.11111,131.6,47.44444,1.77778,1.0,3.88889,4.88889,2.64444,14.46667,ASC.6_5
1048.16667,76.44444,53.06667,86.65556,1767.52222,17.22222,1.0,3.61111,19.25556,566.0,1.0,141.71111,37.0,1.22222,1.0,3.22222,1.0,3.83704,16.57778,ASC.6_6
1016.27778,81.66667,98.28889,76.64444,1731.52222,74.55556,1.0,3.85185,20.03333,566.0,1.0,113.6,34.66667,1.88889,1.0,2.77778,1.88889,3.94815,17.91111,ASC.6_7
1058.61111,73.55556,65.17778,76.1,1889.74444,70.33333,1.0,3.85185,17.47778,519.0,1.0,112.6,31.11111,3.44444,1.0,6.33333,2.77778,1.25185,23.35556,ASC.6_8
1122.83333,77.77778,49.06667,70.98889,1918.85556,6.88889,1.0,2.74074,16.7,477.22222,1.0,139.82222,26.88889,2.11111,1.0,1.77778,3.77778,2.47407,19.8,ASC.6_9
1346.42222,254.62222,122.65556,123.0,2101.55556,4177.38889,1.0,9.88889,194.98889,4565.51111,7.44444,147.77778,284.11111,6.38519,1.0,13.11111,18.57778,65.94444,45.93333,ASC.7_0
1124.64444,488.84444,89.98889,54.0,1731.33333,4010.5,1.0,5.55556,203.1,3658.4,7.22222,129.33333,253.0,3.38519,1.0,8.66667,12.93333,34.05556,31.15556,ASC.7_1
1189.75556,396.06667,86.98889,84.22222,1761.55556,3831.83333,1.08889,4.33333,235.43333,3107.51111,10.44444,146.44444,275.77778,2.61481,1.77778,8.22222,9.28889,16.0,32.04444,ASC.7_2
1168.08889,355.73333,112.98889,78.22222,1801.11111,4056.61111,1.17778,6.55556,182.54444,2850.73333,5.88889,159.77778,257.77778,2.61481,1.77778,8.55556,5.28889,26.55556,34.71111,ASC.7_3
1061.64444,270.95556,92.43333,47.22222,1534.11111,4840.27778,1.28889,7.77778,151.98889,2635.73333,2.77778,129.66667,188.88889,4.05926,1.0,6.0,11.93333,27.33333,36.37778,ASC.7_4
1024.31111,344.51111,83.32222,40.22222,1635.0,3175.5,1.17778,7.77778,168.32222,2473.28889,4.55556,137.0,209.77778,4.38519,1.0,10.11111,5.46667,22.22222,33.37778,ASC.7_5
931.75556,767.06667,84.54444,69.44444,1423.44444,3908.94444,1.28889,5.44444,147.98889,2373.62222,3.55556,121.55556,193.22222,4.41481,1.77778,6.55556,3.64444,17.77778,23.04444,ASC.7_6
988.53333,400.28889,83.32222,72.88889,1441.55556,3815.72222,1.0,4.33333,146.98889,2242.4,4.88889,115.66667,169.0,3.08148,1.0,3.0,5.46667,25.38889,27.6,ASC.7_7
845.2,393.06667,94.21111,71.33333,1249.33333,4493.5,1.0,1.0,104.54444,2111.51111,2.55556,92.66667,128.22222,3.27407,1.0,3.77778,5.28889,9.61111,28.94074,ASC.7_8
929.53333,369.84444,100.98889,41.0,1447.44444,3192.72222,1.0,3.22222,159.76667,2038.4,5.55556,118.88889,185.33333,3.5037,1.77778,4.66667,4.64444,9.83333,23.6,ASC.7_9
1036.78889,103.68889,66.94444,50.73333,1351.07778,39.66667,1.0,3.18148,23.61111,964.82222,1.0,188.7,66.55556,2.22222,1.0,4.0,4.66667,3.44444,33.95556,ASC.8_0
1014.01111,80.68889,75.5,24.42963,1417.3,33.44444,1.0,1.0,25.27778,891.26667,1.1,222.92222,70.33333,1.77778,1.0,6.0,1.88889,6.33333,28.28889,ASC.8_1
897.01111,63.71111,57.83333,38.17778,1246.41111,273.66667,1.0,4.25185,22.16667,807.71111,1.1,154.03333,43.33333,2.22222,1.0,3.11111,4.77778,2.44444,30.73333,ASC.8_2
1039.34444,90.57778,61.27778,28.26667,1390.07778,23.0,1.0,2.07037,24.72222,750.26667,1.31111,206.92222,73.0,2.22222,1.0,5.0,1.0,4.11111,35.28889,ASC.8_3
1053.67778,102.57778,65.38889,102.51111,1432.52222,90.77778,1.0,1.0,26.72222,734.6,1.0,167.03333,54.55556,3.11111,1.77778,5.77778,2.88889,2.11111,26.17778,ASC.8_4
912.12222,113.91111,62.16667,50.95556,1183.52222,458.22222,1.0,2.07037,18.5,718.93333,1.1,155.47778,40.22222,2.11111,1.0,5.44444,1.88889,2.22222,26.84444,ASC.8_5
985.12222,69.13333,61.61111,78.42963,1399.96667,220.22222,1.0,1.0,19.61111,687.6,1.1,177.36667,40.66667,2.44444,1.0,2.44444,1.88889,5.0,25.62222,ASC.8_6
974.12222,108.68889,65.38889,58.62222,1389.07778,265.33333,1.0,3.18148,21.72222,660.93333,1.0,154.03333,52.11111,2.66667,1.0,6.55556,6.55556,5.33333,24.73333,ASC.8_7
914.01111,68.6,56.27778,42.54074,1231.3,168.77778,1.1,1.0,23.05556,639.6,1.0,159.36667,39.88889,2.55556,2.66667,4.44444,3.77778,2.11111,21.17778,ASC.8_8
861.67778,52.37778,49.61111,31.45926,1152.3,88.88889,1.0,2.07037,20.5,639.6,1.0,127.58889,37.44444,1.22222,1.0,6.33333,1.0,3.22222,21.28889,ASC.8_9
933.65556,213.88889,237.91111,52.44444,1682.5,2135.33333,1.1037,7.66667,86.46667,1194.88889,3.77778,393.77778,136.61111,4.11111,1.0,5.66667,8.66667,8.28889,48.13333,ASC.9_0
793.98889,190.77778,153.57778,45.05556,1365.72222,1901.33333,1.1037,12.33333,58.24444,1085.0,3.33333,296.77778,98.27778,4.11111,1.0,6.68889,6.55556,4.57778,37.68889,ASC.9_1
627.32222,158.22222,105.13333,49.72222,1068.5,1302.55556,1.0,5.44444,43.91111,985.33333,1.33333,191.22222,63.16667,3.0,1.0,4.8,10.44444,4.44444,39.57778,ASC.9_2
821.1,196.88889,199.02222,70.94444,1492.61111,881.0,1.0,5.55556,71.68889,922.11111,3.22222,356.55556,91.83333,3.88889,1.0,13.93333,5.66667,3.15556,45.46667,ASC.9_3
799.32222,210.77778,167.02222,46.77778,1354.16667,1183.55556,1.1037,7.77778,68.91111,859.44444,2.11111,258.33333,93.05556,3.22222,1.0,7.66667,7.55556,5.11111,41.02222,ASC.9_4
734.54444,282.66667,160.02222,42.33333,1275.61111,702.55556,1.0,7.66667,58.13333,791.55556,2.55556,261.11111,99.83333,3.33333,1.0,6.26667,11.44444,4.84444,38.91111,ASC.9_5
847.54444,316.0,168.91111,65.33333,1460.5,1711.66667,1.0,4.33333,73.13333,755.0,2.66667,281.66667,95.05556,2.77778,1.0,8.15556,3.77778,3.46667,46.46667,ASC.9_6
719.98889,299.66667,146.02222,29.61111,1212.61111,739.55556,1.0,2.11111,44.57778,718.44444,2.33333,249.55556,80.83333,3.55556,1.0,4.95556,7.55556,2.37778,42.02222,ASC.9_7
599.43333,271.55556,122.57778,63.05556,1003.83333,1086.77778,1.1037,4.33333,40.24444,665.33333,1.77778,194.22222,70.5,2.22222,1.0,8.75556,7.66667,7.84444,47.02222,ASC.9_8
649.87778,205.77778,141.68889,63.05556,1194.61111,951.0,1.0,7.77778,42.46667,660.0,2.33333,203.66667,63.27778,2.44444,1.0,5.95556,9.66667,1.84444,32.8,ASC.9_9
1670.61111,105.58889,121.84444,95.93333,3713.22222,41.22222,1.0,11.22222,161.22222,4940.21111,13.22222,569.06667,514.06667,16.88889,2.55556,12.20741,7.66667,38.0,56.84444,ASC_0A_0
1739.61111,131.81111,138.06667,64.01481,3836.77778,238.44444,1.0,21.55556,164.77778,4567.76667,9.88889,527.17778,456.17778,14.22222,2.66667,9.12593,2.77778,31.88889,62.62222,ASC_0A_1
1809.05556,109.7,113.28889,116.48889,3698.11111,82.33333,1.43704,11.11111,137.11111,4331.65556,9.77778,534.4,541.95556,25.0,3.44444,10.01481,4.77778,29.11111,44.51111,ASC_0A_2
1768.94444,115.58889,94.17778,73.20741,3490.55556,76.22222,1.08148,2.11111,131.44444,4148.32222,11.11111,486.51111,437.95556,34.44444,2.66667,8.12593,1.88889,22.77778,47.84444,ASC_0A_3
1567.94444,117.7,118.28889,94.68148,3474.88889,31.11111,1.3037,6.55556,139.22222,3911.98889,9.66667,528.62222,452.28889,11.33333,1.0,6.79259,7.44444,23.66667,51.17778,ASC_0A_4
1523.27778,92.58889,106.06667,69.4,3130.0,86.33333,1.08148,5.44444,132.33333,3681.54444,9.0,494.62222,432.95556,16.33333,3.33333,7.18519,4.77778,29.77778,46.17778,ASC_0A_5
1430.72222,79.47778,105.84444,51.12593,2972.77778,41.11111,1.0,7.66667,155.44444,3450.87778,9.22222,489.73333,374.06667,13.66667,3.44444,18.79259,2.77778,23.48148,36.95556,ASC_0A_6
1358.38889,77.36667,83.06667,88.54074,2877.11111,43.22222,1.0,6.55556,125.66667,3272.54444,7.44444,423.95556,346.4,7.88889,4.33333,9.26667,3.77778,20.88889,38.06667,ASC_0A_7
1368.16667,72.25556,104.28889,75.37778,2895.66667,271.22222,1.0,7.66667,142.77778,3104.54444,8.40741,467.95556,333.51111,11.44444,3.44444,18.20741,7.44444,14.11111,49.62222,ASC_0A_8
1328.05556,84.47778,108.84444,81.9037,2984.88889,102.88889,1.0,8.77778,152.55556,2941.98889,9.22222,488.62222,370.95556,10.33333,2.55556,5.6,4.66667,18.66667,38.4,ASC_0A_9
3298.86667,303.87778,250.65556,154.68889,6304.1,68.88889,1.44444,5.75556,510.04444,20940.26667,27.11111,992.97778,869.96667,22.64444,3.33333,6.95556,9.33333,127.4,195.44444,ASC_0B_0
3114.75556,293.87778,270.54444,131.35556,6479.21111,127.95556,1.22222,6.86667,497.37778,19715.71111,29.0,919.31111,975.85556,18.53333,1.77778,8.98519,13.33333,98.84444,193.66667,ASC_0B_1
2852.08889,333.21111,202.65556,115.28889,5803.98889,37.62222,1.11111,8.61111,498.6,18306.93333,29.0,797.08889,852.85556,18.53333,4.22222,9.12593,10.33333,99.17778,177.88889,ASC_0B_2
2666.31111,252.54444,193.98889,112.73333,5393.65556,15.82222,1.0,3.37778,396.37778,15517.15556,22.66667,718.2,728.41111,15.97778,10.11111,4.48148,16.33333,61.4,160.22222,ASC_0B_3
2504.2,232.21111,165.43333,93.82222,4831.21111,2.62222,1.0,4.48889,353.71111,12880.37778,20.0,646.53333,588.96667,15.42222,2.55556,10.45926,6.66667,36.62222,135.0,ASC_0B_4
2058.53333,172.65556,138.54444,57.08889,3996.43333,10.08889,1.0,9.24444,291.15556,10365.37778,16.33333,534.42222,441.3,9.53333,1.77778,3.17778,2.88889,34.28889,98.22222,ASC_0B_5
2219.97778,199.98889,116.76667,121.13333,3879.98889,167.93333,1.0,7.97778,339.26667,8843.26667,14.55556,472.86667,495.52222,8.53333,3.33333,8.98519,7.44444,21.06667,78.22222,ASC_0B_6
2087.08889,193.98889,119.32222,90.13333,3677.76667,1.0,1.0,12.8,336.82222,8129.82222,15.77778,458.64444,474.41111,8.42222,5.11111,10.12593,6.77778,11.71852,84.77778,ASC_0B_7
1939.86667,185.98889,105.54444,58.73333,3121.43333,1.0,1.11111,2.26667,309.04444,7725.6,14.11111,445.2,462.74444,6.42222,1.0,2.31111,1.0,9.28889,77.11111,ASC_0B_8
1904.2,195.98889,104.43333,50.95556,3065.54444,2.62222,1.0,3.53333,287.71111,7279.6,13.0,396.53333,444.41111,6.53333,1.0,6.0963,3.77778,9.94815,71.22222,ASC_0B_9
4658.12222,173.18889,177.72222,203.62222,4552.53333,161.02222,1.1,5.44444,325.77778,8925.75556,12.9,687.5,531.68889,97.06667,2.55556,11.68889,4.77778,13.64444,126.73333,ASC_0C_0
4961.45556,185.52222,191.83333,190.95556,4923.64444,97.84444,1.63333,8.88889,366.77778,8542.64444,16.9,772.27778,575.68889,103.62222,6.66667,20.31111,3.66667,18.86667,136.95556,ASC_0C_1
4671.67778,177.18889,192.27778,152.17778,4519.2,93.48889,1.52222,10.11111,371.33333,8280.31111,17.12222,792.38889,582.02222,28.84444,6.77778,14.82222,2.77778,17.75556,157.28889,ASC_0C_2
5102.23333,171.18889,182.94444,175.4,4921.53333,114.4,1.52222,7.77778,338.77778,8107.31111,14.67778,801.38889,570.02222,49.84444,3.44444,16.2,5.66667,13.97778,127.73333,ASC_0C_3
4346.45556,180.18889,191.05556,185.62222,4617.31111,139.31111,1.0,5.44444,332.0,7766.31111,13.12222,661.72222,528.46667,65.95556,2.66667,15.51111,1.88889,16.2,132.06667,ASC_0C_4
4384.23333,178.41111,154.38889,177.73333,4599.75556,329.71111,1.2,8.77778,289.44444,7482.53333,14.56667,733.61111,479.57778,24.51111,2.66667,11.53333,2.88889,18.08889,132.73333,ASC_0C_5
4635.01111,192.41111,167.61111,211.51111,4443.31111,362.24444,1.0,7.66667,256.44444,7236.08889,12.9,644.38889,487.91111,43.06667,1.77778,12.17778,7.66667,16.97778,116.28889,ASC_0C_6
4893.9,157.3,171.16667,185.73333,4980.08889,319.48889,1.0,8.77778,298.44444,7031.31111,14.12222,736.05556,526.91111,44.84444,2.55556,18.28889,3.66667,14.75556,128.84444,ASC_0C_7
4258.23333,175.3,161.16667,154.73333,4042.53333,72.93333,1.0,5.44444,268.77778,6821.64444,12.12222,587.5,493.13333,46.06667,5.11111,4.0,5.66667,13.97778,126.73333,ASC_0C_8
4454.01111,160.18889,165.83333,131.62222,4318.08889,152.8,1.1,7.66667,285.55556,6632.75556,9.17037,610.5,451.68889,59.17778,2.66667,9.15556,1.88889,9.97778,114.73333,ASC_0C_9
1277.64444,82.97778,43.38889,33.96296,871.12222,10.31852,1.0,3.14074,13.38889,790.47778,1.0,46.72222,38.16667,1.2,1.0,2.11111,1.0,1.66667,28.74444,ASC_10A_0
1325.53333,63.75556,45.83333,55.54815,868.78889,145.98519,1.0,2.02963,15.16667,712.14444,1.0,55.16667,46.72222,1.63333,1.0,2.11111,1.0,1.88889,24.63333,ASC_10A_1
1329.75556,79.86667,50.38889,45.21481,874.12222,42.81111,1.0,3.14074,15.72222,664.7,1.1037,55.83333,41.5,1.1,1.0,1.33333,1.0,1.88889,21.3,ASC_10A_2
1414.31111,89.08889,52.16667,38.72593,915.23333,141.36667,1.11111,3.05926,16.05556,638.03333,1.0,72.83333,40.38889,1.2,1.0,3.66667,1.0,2.22222,34.18889,ASC_10A_3
1204.64444,66.75556,61.61111,53.34074,785.12222,42.3037,1.0,4.17037,14.61111,638.03333,1.0,42.05556,37.05556,1.73333,1.0,1.66667,1.88889,1.22222,33.85556,ASC_10A_4
1368.42222,77.86667,56.5,60.77037,884.67778,6.71481,1.0,5.28148,20.83333,606.7,1.0,60.72222,49.38889,1.0,1.0,2.11111,2.88889,1.22222,34.85556,ASC_10A_5
1202.53333,80.97778,48.16667,29.42222,771.01111,41.20741,1.11111,5.2,14.38889,591.03333,1.1037,59.61111,30.94444,1.4,1.0,2.77778,1.0,1.44444,29.52222,ASC_10A_6
1134.97778,65.86667,53.27778,31.86667,723.56667,41.0963,1.0,10.8963,16.38889,564.92222,1.31111,46.05556,29.94444,1.3,1.0,4.11111,5.77778,1.0,25.07778,ASC_10A_7
1298.31111,66.86667,60.72222,67.97778,816.56667,124.01852,1.22222,2.02963,15.83333,544.03333,1.0,58.72222,32.16667,2.83333,1.0,2.77778,1.88889,1.22222,49.74444,ASC_10A_8
1318.53333,64.4,48.05556,21.64444,900.45556,26.36667,1.0,1.0,19.94444,544.03333,1.0,51.16667,28.72222,1.3,1.0,4.33333,1.0,1.22222,18.74444,ASC_10A_9
986.13333,42.42222,65.52222,88.59259,850.55556,12.77778,1.0,4.33333,27.35556,844.3,1.0,122.71111,38.77778,16.88889,1.0,2.0,1.0,1.88889,57.54444,ASC_10B_0
918.57778,31.62222,56.18889,45.51852,914.55556,13.0,1.0,4.33333,14.24444,755.41111,1.0,80.82222,22.33333,9.66667,1.0,2.44444,1.0,1.22222,39.65556,ASC_10B_1
985.8,36.35556,60.18889,58.22222,812.88889,18.77778,1.0,9.11111,18.35556,655.3,1.1037,91.04444,35.55556,12.88889,1.0,1.66667,1.0,1.0,44.32222,ASC_10B_2
1171.46667,50.64444,69.52222,72.96296,1337.66667,10.88889,1.0,7.66667,19.46667,608.3,1.0,94.82222,38.22222,15.77778,1.0,2.44444,1.0,1.66667,54.54444,ASC_10B_3
1094.91111,56.95556,65.74444,58.51852,1192.44444,10.88889,1.0,3.22222,14.35556,561.3,1.0,96.04444,33.11111,8.77778,1.0,1.33333,1.0,1.22222,58.87778,ASC_10B_4
1137.24444,45.53333,75.3,55.25926,1367.33333,68.44444,1.0,5.44444,15.46667,545.63333,1.0,101.04444,32.0,4.11111,1.0,2.11111,1.88889,1.22222,45.21111,ASC_10B_5
1059.91111,46.95556,69.52222,40.11111,1190.77778,84.77778,1.0,19.33333,12.13333,477.74444,1.0,98.04444,30.0,5.88889,1.0,5.22222,1.0,1.66667,42.98889,ASC_10B_6
1077.35556,49.42222,79.3,62.92593,904.77778,108.88889,1.11111,19.0,11.8,467.3,1.0,109.26667,30.11111,4.0,1.0,7.77778,1.88889,1.22222,49.21111,ASC_10B_7
1098.24444,64.75556,78.96667,35.59259,1084.55556,29.22222,1.0,1.0,17.57778,467.3,1.0,106.82222,33.22222,8.77778,1.0,2.44444,1.88889,1.44444,53.87778,ASC_10B_8
933.02222,31.73333,52.18889,70.59259,807.66667,41.77778,1.0,3.22222,10.91111,467.3,1.0,84.93333,26.44444,5.88889,1.0,3.22222,1.88889,1.0,49.32222,ASC_10B_9
1286.04444,36.2,95.94444,23.81481,1320.51111,6.88889,1.0,6.37778,24.34444,625.05556,1.0,173.52222,38.77778,10.0,1.0,4.14815,1.0,1.22222,103.58889,ASC_10C_0
1244.26667,28.84444,83.05556,41.47407,1500.51111,1.0,1.0,2.57778,18.34444,551.83333,1.0,163.52222,37.44444,5.66667,1.0,3.81481,1.0,1.88889,69.03333,ASC_10C_1
1180.71111,52.15556,106.16667,41.87407,985.17778,17.0,1.1037,4.47778,19.78889,536.16667,1.11111,158.96667,40.66667,6.44444,1.0,5.03704,1.88889,4.0,88.36667,ASC_10C_2
1217.82222,69.26667,69.38889,36.36296,1023.28889,11.0,1.0,7.16667,26.67778,494.38889,1.0,122.74444,27.33333,1.0,1.0,1.81481,5.66667,1.66667,80.25556,ASC_10C_3
1083.93333,37.71111,72.27778,39.25926,957.84444,1.0,1.0,1.78889,21.45556,457.83333,1.0,145.07778,28.77778,2.11111,1.77778,4.7037,1.0,1.66667,78.81111,ASC_10C_4
1211.26667,44.93333,75.61111,51.86667,1198.95556,11.0,1.0,3.68889,21.56667,442.16667,1.0,143.74444,19.44444,2.55556,1.0,2.07407,1.0,1.0,76.03333,ASC_10C_5
1335.82222,45.82222,69.94444,80.19259,1363.95556,2.88889,1.0,3.36667,24.67778,442.16667,1.11111,109.74444,30.33333,1.0,1.0,3.18519,3.77778,1.22222,60.81111,ASC_10C_6
1272.48889,64.93333,79.72222,41.76296,1109.06667,17.22222,1.0,2.57778,24.12222,421.27778,1.0,125.07778,26.44444,1.44444,1.0,3.25926,6.66667,1.44444,65.47778,ASC_10C_7
1122.15556,38.82222,72.27778,59.6963,961.4,11.0,1.1037,5.58889,19.78889,395.16667,1.0,118.07778,24.11111,1.55556,1.0,3.88889,2.88889,1.22222,76.36667,ASC_10C_8
1146.93333,54.42222,69.27778,36.53333,974.62222,9.11111,1.1037,2.57778,20.01111,363.16667,1.0,107.63333,24.33333,1.11111,1.0,1.37037,1.88889,1.0,57.36667,ASC_10C_9
2895.05556,57.04444,315.31111,115.53333,2367.65556,1.0,1.0,6.93333,103.41111,1251.75556,2.68889,431.81111,120.32222,1.53704,1.77778,5.6,1.0,3.0,63.81111,ASC_11A_0
2428.61111,30.6,326.31111,82.47407,2250.87778,12.77778,1.0,5.42963,95.52222,1109.86667,2.15556,373.58889,114.32222,1.42963,1.0,4.74074,2.77778,1.22222,54.92222,ASC_11A_1
2676.72222,41.82222,319.75556,82.85926,2245.76667,1.0,1.0,3.77037,104.07778,1015.86667,2.15556,383.25556,117.54444,1.65556,1.0,4.15556,1.0,2.55556,56.7,ASC_11A_2
2479.83333,42.97778,276.31111,103.14074,2222.1,1.0,1.0,4.88148,94.96667,968.86667,3.24444,377.25556,113.76667,1.32222,1.0,3.85185,1.0,2.55556,56.25556,ASC_11A_3
2470.72222,55.04444,272.64444,95.47407,2096.87778,1.0,1.0963,4.6,89.74444,900.2,2.73333,338.25556,109.54444,1.32222,1.77778,2.4963,1.0,1.44444,52.7,ASC_11A_4
2328.72222,37.97778,267.31111,62.19259,1847.65556,12.66667,1.0,3.77037,78.41111,821.64444,2.73333,319.14444,103.43333,1.21481,1.0,2.4963,1.0,1.88889,34.81111,ASC_11A_5
2600.5,45.86667,301.53333,80.41481,2156.87778,7.0,1.0963,7.65185,95.3,795.53333,2.24444,358.25556,105.32222,1.10741,1.0,4.15556,1.0,2.33333,47.92222,ASC_11A_6
1868.83333,29.71111,235.31111,70.08148,1586.76667,5.0,1.0,2.65926,69.63333,779.86667,2.28889,295.25556,80.87778,1.88148,1.0,2.35556,1.0,1.66667,47.36667,ASC_11A_7
1842.05556,40.71111,244.31111,94.97778,1723.21111,13.22222,1.0,2.65926,66.18889,711.97778,1.82222,316.25556,87.98889,1.87778,1.0,3.40741,2.88889,2.11111,43.14444,ASC_11A_8
2188.83333,37.86667,286.53333,79.80741,2214.43333,1.0,1.0,1.0,82.85556,701.53333,2.31111,345.14444,98.32222,2.54815,1.0,5.79259,1.88889,3.44444,68.92222,ASC_11A_9
1619.7,60.45556,283.52222,59.53333,1801.21111,1.0,1.0,3.22222,104.62222,928.23333,3.04444,363.21111,109.37778,4.11111,1.0,42.0,1.0,2.77778,77.75556,ASC_11B_0
1744.7,51.23333,301.63333,73.46667,1978.32222,2.88889,1.0,8.77778,103.95556,807.67778,2.83704,411.98889,109.15556,9.11111,1.0,37.44444,1.0,2.11111,81.53333,ASC_11B_1
1745.25556,56.23333,294.18889,68.74815,1984.87778,1.0,1.0,7.77778,95.62222,734.56667,2.4,404.65556,115.37778,4.0,1.0,24.77778,1.88889,3.0,83.2,ASC_11B_2
1844.25556,47.12222,295.96667,21.48148,1674.87778,9.11111,1.0,3.22222,81.51111,718.9,2.28148,355.32222,102.93333,10.77778,1.0,55.11111,2.88889,2.11111,67.75556,ASC_11B_3
1672.81111,70.02222,267.63333,36.81481,1748.32222,9.11111,1.0,2.11111,75.73333,639.56667,1.83704,356.21111,108.71111,8.77778,1.0,32.66667,18.66667,1.66667,73.42222,ASC_11B_4
1675.03333,49.23333,281.52222,18.92593,1866.43333,17.33333,1.0,2.11111,91.84444,639.56667,2.95556,369.98889,93.26667,9.0,1.0,40.88889,1.0,2.33333,73.97778,ASC_11B_5
1813.14444,59.34444,280.41111,46.64444,1810.1,2.88889,1.0,3.22222,84.84444,597.78889,2.17778,357.65556,104.48889,4.66667,1.0,25.22222,1.0,1.22222,63.97778,ASC_11B_6
1539.58889,62.34444,222.3,43.08148,2047.43333,5.0,1.0,2.11111,65.73333,556.01111,2.07407,286.65556,80.26667,2.22222,1.0,2.88889,4.88889,1.0,54.53333,ASC_11B_7
1666.92222,45.46667,292.52222,55.03704,1700.43333,1.0,1.0,5.44444,80.73333,545.56667,2.17778,349.32222,93.04444,2.11111,1.0,6.11111,1.88889,1.66667,81.42222,ASC_11B_8
1524.81111,47.23333,259.07778,51.36296,1755.54444,17.22222,1.0,7.66667,73.62222,545.56667,1.63704,327.76667,88.82222,13.0,1.0,81.66667,1.0,1.0,99.2,ASC_11B_9
1837.78889,68.77778,308.71111,38.35185,1581.16667,1.0,1.0,1.0,81.24444,1033.82222,2.11111,303.46667,87.88889,1.66667,1.0,1.60741,1.0,2.55556,45.65556,ASC_11C_0
1907.23333,66.66667,298.26667,25.35185,1706.05556,1.0,1.0,5.2,76.57778,917.93333,2.2037,348.91111,93.66667,1.55556,1.0,4.85185,1.0,2.55556,36.87778,ASC_11C_1
2020.67778,70.66667,255.15556,44.73333,1862.27778,4.77778,1.0,4.17037,94.68889,865.71111,3.40741,355.13333,123.55556,1.22222,1.0,1.74815,1.0,1.44444,28.1,ASC_11C_2
1871.78889,75.88889,264.04444,47.27407,1660.5,6.88889,1.0,2.02963,85.02222,823.93333,2.75926,315.91111,115.0,1.0,1.77778,4.6,1.0,1.22222,33.54444,ASC_11C_3
1987.12222,62.55556,266.26667,25.47778,1865.5,2.88889,1.0,7.34074,87.91111,776.93333,2.42593,356.46667,107.11111,1.66667,1.77778,1.74815,1.0,1.22222,31.1,ASC_11C_4
1671.01111,55.88889,241.04444,40.90741,1423.38889,1.0,1.0,1.0,71.13333,729.93333,1.90741,296.24444,97.44444,1.11111,1.0,6.18519,1.0,4.0,37.43333,ASC_11C_5
1720.12222,55.44444,224.37778,40.78148,1517.94444,5.0,1.0,3.14074,77.02222,709.04444,1.38889,301.13333,92.11111,1.22222,1.0,4.15556,1.0,1.0,23.98889,ASC_11C_6
1648.34444,52.33333,218.26667,33.12963,1446.5,1.0,1.0,4.17037,75.8,672.26667,1.74074,270.24444,86.0,1.0,1.0,2.05185,1.0,1.44444,21.65556,ASC_11C_7
1727.78889,62.66667,222.15556,65.38519,1487.27778,2.88889,1.0,6.22963,72.91111,634.93333,2.01852,271.8,96.77778,1.44444,1.0,2.8,1.0,1.0,21.76667,ASC_11C_8
1664.67778,71.66667,212.37778,57.62222,1567.38889,5.0,1.0,3.05926,69.91111,634.93333,1.27778,276.8,83.22222,1.11111,1.0,2.8,1.0,1.0,25.54444,ASC_11C_9
1828.84444,191.26667,134.85556,83.65556,1514.81111,636.75556,1.31852,4.33333,21.25556,979.37778,1.11111,157.55556,271.33333,1.95556,1.0,4.85185,1.88889,1.0,58.26667,ASC_12A_0
2040.95556,184.48889,161.07778,68.08889,1584.7,600.57778,1.0,6.55556,18.81111,910.93333,1.11111,139.66667,185.22222,1.20741,1.0,5.34815,1.88889,1.21111,103.26667,ASC_12A_1
1708.95556,145.04444,128.3,90.85556,1416.47778,542.06667,1.31852,9.88889,22.03333,863.48889,1.0,179.55556,116.77778,2.4963,1.0,6.68148,1.0,1.86667,67.04444,ASC_12A_2
1792.95556,276.26667,117.18889,70.3,1342.92222,513.2,1.0,5.44444,18.47778,795.6,1.11111,137.11111,138.55556,2.08148,1.0,7.23704,1.0,2.41111,56.71111,ASC_12A_3
1450.84444,101.48889,98.74444,47.87778,1281.03333,101.0,1.0,2.11111,22.81111,764.26667,1.0,160.88889,91.55556,1.31852,1.0,4.8,1.0,1.0,63.26667,ASC_12A_4
1625.73333,97.48889,110.07778,80.97778,1459.92222,198.86667,1.1037,7.77778,20.92222,722.48889,1.0,162.77778,49.55556,1.73333,1.0,15.23704,1.0,1.86667,83.48889,ASC_12A_5
1868.73333,123.93333,129.96667,62.86667,1429.03333,363.31111,1.0,4.33333,15.92222,685.93333,1.11111,155.88889,53.55556,2.27407,1.0,5.6,2.88889,1.86667,83.48889,ASC_12A_6
1373.73333,69.64444,92.63333,39.75556,1105.58889,98.75556,1.0,7.66667,20.7,675.48889,1.0,144.0,38.22222,1.52593,1.0,3.24444,1.0,1.42222,38.38519,ASC_12A_7
1806.84444,200.48889,131.07778,60.07778,1458.25556,263.46667,1.0,7.66667,20.47778,622.93333,1.33333,173.22222,67.33333,2.81481,1.0,5.2963,1.0,2.5,73.48889,ASC_12A_8
1610.06667,112.6,113.07778,41.85556,1249.36667,1087.68889,1.0,5.44444,15.03333,590.93333,1.11111,98.77778,100.77778,2.38519,1.0,6.34815,3.77778,1.21111,57.16296,ASC_12A_9
7467.31111,83.17778,63.97778,285.02963,791.5,57.88889,1.0,1.0,11.16667,994.35556,1.1037,136.82222,43.24444,2.53333,1.0,8.42963,1.0,1.44444,19.83333,ASC_12B_0
8393.97778,81.35556,72.08889,249.64444,879.05556,64.22222,1.0,1.0,14.16667,868.46667,1.20741,157.37778,43.91111,4.74074,1.0,5.74074,1.0,1.22222,14.72222,ASC_12B_1
9534.97778,99.06667,56.86667,304.08889,839.94444,50.0,1.0,2.11111,10.72222,768.8,1.0,147.6,40.02222,2.62963,1.0,2.8,1.0,1.0,15.44444,ASC_12B_2
9390.2,111.35556,66.53333,260.2,922.72222,82.44444,1.0,4.33333,12.16667,706.13333,1.0,144.93333,47.91111,2.97037,1.0,4.24444,1.0,1.0,19.05556,ASC_12B_3
9334.2,87.17778,74.75556,260.2,870.05556,10.88889,1.11111,2.11111,10.94444,659.13333,1.0,160.26667,47.24444,2.96296,1.0,1.91111,1.0,1.22222,23.05556,ASC_12B_4
10931.08889,93.17778,70.75556,347.64444,933.27778,2.88889,1.0,1.0,10.72222,659.13333,1.0,157.71111,46.57778,2.85926,1.0,3.1037,1.0,1.0,20.05556,ASC_12B_5
9802.75556,111.4,64.86667,319.42222,897.72222,8.77778,1.0,3.22222,11.94444,627.8,1.0,161.04444,41.57778,4.40741,1.0,2.35556,1.0,1.66667,23.27778,ASC_12B_6
9429.42222,93.17778,74.97778,270.42222,915.5,17.0,1.11111,1.0,11.5,601.46667,1.1037,158.04444,52.24444,2.41481,1.0,2.4963,1.0,1.0,20.44444,ASC_12B_7
7856.31111,78.95556,78.53333,321.97778,800.72222,2.88889,1.0,3.22222,11.16667,564.13333,1.0,143.37778,46.13333,2.31111,1.0,2.4963,1.0,1.22222,20.16667,ASC_12B_8
8585.08889,70.13333,69.53333,218.86667,873.38889,22.88889,1.11111,2.11111,10.38889,564.13333,1.1037,158.48889,51.02222,2.07407,1.0,1.0,1.78889,1.22222,21.61111,ASC_12B_9
1520.66667,72.75556,119.5,42.8,1186.42222,13.11111,1.1037,1.0,21.36667,805.03333,1.1037,130.33333,38.6,1.22222,1.0,4.66667,7.77778,1.66667,47.78889,ASC_12C_0
1476.22222,68.86667,125.83333,48.62963,1176.31111,23.0,1.1037,2.11111,22.03333,721.47778,1.1037,135.66667,46.48889,1.22222,1.0,7.13333,1.88889,3.22222,52.34444,ASC_12C_1
1646.11111,49.73333,94.38889,47.3037,1270.31111,109.44444,1.0,3.22222,23.7,684.92222,1.1037,137.11111,43.15556,1.22222,1.0,7.28889,1.0,2.11111,32.45556,ASC_12C_2
1441.44444,67.75556,127.16667,49.63704,1115.64444,10.88889,1.0,2.11111,21.14444,637.36667,1.0,138.88889,39.26667,1.22222,1.0,5.06667,1.88889,2.77778,43.56667,ASC_12C_3
1406.0,68.75556,93.72222,46.9037,1019.53333,21.11111,1.0,2.11111,19.92222,616.03333,1.20741,110.0,36.71111,1.44444,1.0,4.66667,1.0,1.88889,42.34444,ASC_12C_4
1558.77778,72.75556,97.72222,65.08148,1143.08889,9.0,1.0,1.0,20.58889,616.03333,1.20741,111.33333,35.71111,1.77778,1.0,1.0,1.0,1.66667,28.23333,ASC_12C_5
1585.88889,59.64444,103.16667,42.68889,1220.86667,35.66667,1.0,1.0,21.03333,610.81111,1.0,126.33333,36.37778,1.0,1.0,3.04444,4.88889,1.44444,31.45556,ASC_12C_6
1497.44444,60.64444,92.94444,79.6963,1114.53333,2.88889,1.0,2.11111,19.58889,569.03333,1.41481,126.66667,41.15556,1.44444,1.0,3.04444,3.88889,1.66667,25.01111,ASC_12C_7
1446.22222,53.53333,99.72222,53.02222,1056.2,10.88889,1.0,3.22222,18.47778,532.47778,1.0,106.88889,32.37778,1.22222,1.0,3.48889,1.0,2.11111,31.9,ASC_12C_8
1564.33333,64.75556,115.38889,58.24444,1210.97778,43.66667,1.1037,1.0,21.7,522.03333,1.0,114.44444,38.82222,1.11111,1.0,4.51111,4.66667,1.88889,45.78889,ASC_12C_9
1099.37778,34.0,45.85556,59.21111,956.44444,419.44444,1.11111,3.05926,4.40741,774.73333,1.0,3.24444,13.77778,48.0,1.0,1.74815,1.0,1.0,1.0963,ASC_13A_0
1202.04444,34.5,37.96667,65.36667,1066.55556,536.44444,1.0,2.02963,8.18519,575.4,1.22222,2.33333,24.33333,35.11111,1.0,1.60741,1.0,1.22222,1.0,ASC_13A_1
1359.82222,44.11111,36.96667,81.51111,1037.11111,273.22222,1.11111,4.17037,3.18519,450.06667,1.0,2.6,62.11111,19.55556,1.0,1.3037,1.0,1.22222,1.19259,ASC_13A_2
1169.37778,30.16667,35.96667,53.28889,929.0,406.77778,1.0,5.2,3.07407,376.17778,1.0,1.73333,36.88889,18.66667,1.0,1.0,1.0,1.0,1.0,ASC_13A_3
1222.48889,31.61111,23.74444,54.1,975.55556,312.88889,1.0,4.08889,4.37037,292.4,1.11111,1.73333,54.22222,14.55556,1.0,1.3037,1.88889,1.0,1.0,ASC_13A_4
1006.04444,19.33333,25.41852,34.46667,860.66667,166.77778,1.0,5.2,5.40741,271.51111,1.0,1.2,46.66667,14.22222,1.0,1.3037,1.0,1.0,1.0,ASC_13A_5
1240.26667,26.88889,20.96667,35.38889,985.66667,175.0,1.0,2.02963,2.25926,208.84444,1.0,1.0,11.44444,10.0,1.0,2.05185,1.0,1.22222,1.0,ASC_13A_6
1326.82222,29.27778,21.96667,33.65556,1140.88889,88.66667,1.0,4.17037,3.11111,182.73333,1.0,1.8,7.33333,11.22222,1.0,1.3037,2.88889,1.0,1.19259,ASC_13A_7
1393.26667,23.05556,9.41111,35.27778,1186.44444,5.0,1.0,2.02963,1.66667,182.73333,1.0,1.2,2.0,5.66667,1.0,1.0,1.0,1.0,1.19259,ASC_13A_8
813.26667,8.16667,9.3,29.35556,740.11111,31.22222,1.0,1.0,1.96296,182.73333,1.0,1.2,2.0,4.88889,1.0,1.3037,1.0,1.0,1.0,ASC_13A_9
1398.73333,40.57778,216.84444,38.0963,1291.53333,39.66667,1.0,3.22222,49.81111,496.93333,2.28889,333.97778,88.33333,2.0,1.0,4.88889,1.0,1.88889,49.53333,ASC_13B_0
1180.17778,42.08889,186.73333,52.73704,1117.86667,9.0,1.0,3.22222,35.92222,434.26667,1.62222,259.31111,73.66667,3.22222,1.0,5.22222,1.0,2.0,38.25185,ASC_13B_1
1442.51111,62.26667,199.4,29.62593,1327.64444,37.22222,1.0,1.0,48.58889,408.15556,1.85185,337.97778,79.11111,3.22222,1.0,5.0,1.0,1.0,51.42222,ASC_13B_2
1326.84444,43.82222,197.51111,32.18148,1285.64444,72.55556,1.0,3.22222,45.47778,355.26667,1.73333,318.08889,82.77778,2.22222,1.0,4.88889,1.88889,1.44444,44.2,ASC_13B_3
1161.4,29.6,187.84444,69.9,1102.2,6.66667,1.11111,1.0,40.58889,339.26667,2.06667,303.86667,81.88889,1.55556,1.0,5.77778,1.0,2.11111,31.86667,ASC_13B_4
1263.84444,47.93333,190.06667,37.29259,1242.53333,86.66667,1.0,6.55556,39.14444,339.26667,1.74074,299.86667,74.44444,5.55556,1.0,3.55556,1.88889,1.0,39.42222,ASC_13B_5
1183.06667,52.42222,177.84444,39.15556,1143.42222,126.11111,1.0,6.55556,36.47778,339.26667,1.1037,299.64444,59.81481,2.66667,1.77778,2.11111,1.0,1.44444,40.08889,ASC_13B_6
1094.84444,23.97778,172.06667,36.34444,1079.75556,39.33333,1.0,1.0,38.03333,292.26667,1.42963,289.86667,68.0,1.77778,1.77778,4.11111,1.0,2.77778,37.53333,ASC_13B_7
1099.4,37.31111,159.06667,36.48889,1034.2,19.0,1.0,5.44444,37.47778,292.26667,1.42222,258.42222,73.44444,1.88889,1.0,4.0,1.0,1.44444,33.31111,ASC_13B_8
1186.06667,34.95556,155.06667,86.98519,1167.53333,49.88889,1.0,2.11111,34.03333,255.71111,1.1037,262.97778,61.11111,2.22222,1.0,5.22222,1.0,1.0,30.86667,ASC_13B_9
1738.46667,66.64444,227.87778,70.51481,1621.84444,2.88889,1.0,3.22222,55.44444,1011.88889,1.28889,245.33333,53.43333,3.77778,1.0,5.66667,2.88889,2.55556,43.74444,ASC_13C_0
1652.02222,85.1,209.1,25.71111,1429.62222,15.11111,1.0,3.22222,43.0,906.44444,1.57778,229.11111,47.54444,4.33333,1.0,5.44444,1.88889,1.22222,37.52222,ASC_13C_1
1687.68889,88.98889,282.54444,51.0963,1626.51111,1.0,1.0,7.66667,66.33333,828.11111,1.68889,326.77778,67.98889,2.0,1.0,4.11111,1.88889,2.11111,53.41111,ASC_13C_2
1626.35556,71.87778,231.87778,53.65185,1467.73333,11.11111,1.0,2.11111,51.22222,739.33333,1.55556,261.88889,58.87778,1.77778,1.77778,4.77778,1.88889,2.33333,39.63333,ASC_13C_3
1655.02222,90.98889,232.87778,38.6,1569.84444,17.22222,1.0,5.44444,48.0,708.0,1.68889,293.55556,60.43333,3.11111,1.0,5.88889,1.0,2.33333,34.52222,ASC_13C_4
1701.13333,80.87778,243.54444,54.04444,1531.84444,12.88889,1.0,7.66667,52.55556,660.33333,1.53333,277.66667,57.43333,2.44444,1.0,7.55556,1.0,1.88889,39.63333,ASC_13C_5
1630.24444,73.65556,230.65556,47.29259,1503.62222,1.0,1.0,1.0,52.0,644.33333,2.0,249.55556,47.21111,3.44444,1.0,6.55556,1.0,2.11111,36.74444,ASC_13C_6
1451.02222,79.98889,203.21111,37.07037,1321.4,1.0,1.0,1.0,42.55556,639.11111,1.86667,210.77778,55.94074,5.33333,1.77778,5.55556,1.88889,1.88889,44.15556,ASC_13C_7
1575.35556,86.98889,243.54444,95.9,1465.06667,12.77778,1.0,3.22222,56.0,560.77778,2.33333,258.55556,61.54444,2.0,1.0,2.11111,1.0,2.11111,39.74444,ASC_13C_8
1546.68889,70.75556,195.32222,55.07037,1495.62222,5.0,1.0,4.33333,47.33333,550.33333,1.48889,202.0,45.98889,6.22222,1.0,2.11111,1.0,1.44444,21.52222,ASC_13C_9
2449.23333,786.23333,128.71111,575.58889,3980.61111,1.0,1.0,4.00741,619.65556,4163.71111,19.0,271.37778,916.51111,4.44444,1.0,1.77778,1.0,6.66667,6.97778,ASC_14A_0
2331.56667,726.67778,79.6,526.58889,3787.94444,18.55556,1.0,1.94815,591.43333,3880.71111,18.33333,165.71111,834.84444,3.11111,3.44444,2.77778,1.0,5.22222,4.43704,ASC_14A_1
2159.45556,749.23333,62.15556,542.14444,3486.05556,28.88889,1.0,1.94815,558.54444,3351.15556,17.11111,171.82222,754.06667,1.44444,1.0,1.33333,1.0,6.33333,4.91111,ASC_14A_2
2135.45556,715.67778,91.15556,560.14444,3582.16667,49.51111,1.0,1.94815,509.98889,3146.48889,19.0,149.15556,724.4,2.33333,2.55556,1.77778,1.0,5.88889,5.54815,ASC_14A_3
2177.9,663.23333,81.82222,421.14444,3516.83333,10.4,1.0,3.05926,502.98889,3046.82222,15.22222,123.37778,680.62222,1.66667,1.77778,1.66667,3.77778,6.44444,3.8963,ASC_14A_4
2255.23333,692.34444,84.6,475.14444,3657.72222,8.86667,1.0,3.84444,476.43333,2920.82222,13.66667,142.04444,688.4,1.33333,1.77778,1.33333,2.77778,4.11111,3.8,ASC_14A_5
2157.45556,633.01111,53.82222,408.03333,3342.16667,4.93333,1.0,1.94815,477.21111,2773.93333,14.0,208.04444,647.84444,1.22222,1.0,1.0,4.66667,3.77778,7.54815,ASC_14A_6
2120.01111,636.9,63.71111,537.14444,3666.5,6.75556,1.0,1.0,480.65556,2653.48889,14.66667,146.26667,640.17778,1.22222,1.0,2.11111,1.0,3.11111,5.08889,ASC_14A_7
2059.34444,543.9,69.48889,464.92222,3219.38889,31.06667,1.0,2.8963,439.76667,2559.37778,13.55556,123.15556,592.84444,1.77778,1.0,1.33333,2.77778,4.11111,4.11852,ASC_14A_8
1991.23333,476.34444,61.48889,387.47778,3171.72222,16.51111,1.0,1.94815,408.32222,2401.82222,11.55556,182.6,593.4,1.55556,1.0,2.11111,1.0,4.11111,6.08889,ASC_14A_9
2274.58889,608.97778,91.26667,331.66667,3004.91111,285.97778,1.0,1.0,428.27778,2411.44444,16.08889,77.78889,569.62222,3.18889,1.77778,2.65926,1.88889,1.22222,9.46667,ASC_14B_0
1817.58889,410.08889,127.48889,285.22222,2453.91111,278.51111,1.0963,3.84444,316.72222,2154.55556,12.11852,67.78889,414.06667,3.82593,1.77778,3.54815,1.0,1.88889,7.91111,ASC_14B_1
1697.14444,398.97778,101.6,282.55556,2388.91111,402.82222,1.0,6.06667,309.38889,1913.44444,10.77037,65.23333,391.73333,3.7963,1.0,2.05185,11.55556,1.0,5.46667,ASC_14B_2
1538.81111,345.31111,122.71111,241.33333,2187.13333,543.51111,1.0,9.07407,265.05556,1682.77778,9.88148,78.23333,350.28889,5.97778,1.0,3.54815,5.66667,1.66667,6.36296,ASC_14B_3
1480.25556,230.31111,251.6,122.88889,1741.02222,906.26667,1.63704,6.34074,192.16667,1530.66667,6.16296,88.12222,208.73333,6.34074,1.0,4.15556,9.66667,1.0,6.25185,ASC_14B_4
1682.7,280.86667,53.71111,298.0,2235.24444,45.53333,1.0,1.94815,268.61111,1451.55556,10.08889,76.01111,354.73333,8.04815,1.0,3.26667,2.88889,1.66667,2.47407,ASC_14B_5
1460.47778,271.86667,143.26667,223.11111,1999.68889,89.62222,1.0963,1.94815,250.61111,1326.22222,9.2,65.56667,327.51111,7.46296,1.0,2.8,4.77778,1.66667,3.42222,ASC_14B_6
1474.58889,273.75556,176.82222,176.77778,1788.02222,173.84444,1.0963,2.8963,208.05556,1252.77778,6.22963,65.56667,256.95556,11.49259,1.0,3.24444,7.66667,1.0,7.02222,ASC_14B_7
1707.92222,259.64444,157.82222,228.55556,1982.13333,54.62222,1.0963,1.0,204.27778,1184.22222,4.65926,56.12222,249.95556,17.04815,1.0,2.05185,2.88889,1.88889,5.47407,ASC_14B_8
1527.25556,274.64444,135.26667,166.55556,1687.57778,145.06667,1.52593,1.94815,193.94444,1121.55556,5.54815,53.12222,243.4,12.49259,1.77778,3.1037,2.88889,2.11111,4.80741,ASC_14B_9
2166.44444,437.83333,40.32222,436.88889,3066.97778,5.0,1.0,7.42222,353.08889,2848.67778,22.1,145.04444,707.57778,1.0,1.0,1.77778,1.0,4.55556,1.26667,ASC_15A_0
2287.55556,432.83333,53.32222,398.33333,3078.64444,10.88889,1.0,5.2,352.08889,2649.45556,18.43333,143.93333,639.24444,1.22222,4.22222,2.11111,1.0,3.66667,3.2,ASC_15A_1
2135.77778,393.27778,38.98889,460.11111,2928.08889,31.33333,1.0,2.02963,346.31111,2507.67778,19.76667,122.37778,663.24444,1.0,3.33333,2.77778,1.0,6.0,2.28889,ASC_15A_2
2168.88889,416.5,46.76667,472.88889,2951.42222,2.88889,1.0,6.31111,344.42222,2345.45556,20.65556,136.15556,700.35556,1.0,1.0,1.33333,1.0,2.33333,2.8,ASC_15A_3
2246.55556,443.83333,54.32222,356.88889,2884.42222,298.22222,1.0,3.05926,315.42222,2135.9,14.87778,151.15556,603.13333,2.77778,1.0,2.88889,1.0,3.0,3.31111,ASC_15A_4
2090.33333,405.38889,52.65556,372.44444,2885.75556,21.11111,1.08889,2.02963,321.64444,1978.23333,16.87778,160.48889,591.91111,1.0,1.77778,2.11111,1.0,4.44444,3.08889,ASC_15A_5
2171.77778,439.72222,83.98889,344.22222,2848.42222,280.0,1.0,2.02963,257.86667,1894.67778,13.54444,131.71111,533.57778,1.22222,1.0,1.0,1.0,3.66667,5.06667,ASC_15A_6
1923.88889,315.38889,57.87778,282.22222,2622.64444,165.0,1.0,3.05926,263.75556,1821.56667,15.54444,126.37778,527.91111,2.77778,1.0,2.55556,1.0,5.88889,2.88889,ASC_15A_7
1847.55556,389.05556,80.98889,339.0,2554.75556,242.44444,1.0,2.02963,264.31111,1763.45556,13.32222,152.6,489.8,1.22222,1.0,3.55556,1.0,5.0,4.4,ASC_15A_8
2000.66667,346.83333,59.87778,356.88889,2763.31111,101.33333,1.0,3.14074,280.53333,1700.45556,15.32222,137.04444,542.35556,2.0,2.66667,2.44444,1.0,7.0,2.97778,ASC_15A_9
2661.31111,559.13333,122.38889,444.48889,4312.53333,530.85556,1.0,4.33333,337.41111,3124.42222,18.78889,287.11111,615.91111,8.55556,3.44444,6.66667,5.66667,6.33333,7.24444,ASC_15B_0
2636.53333,613.46667,122.61111,428.93333,4320.64444,473.18889,1.0,6.55556,348.85556,2940.53333,15.56667,277.88889,624.02222,3.0,1.0,6.77778,3.77778,7.22222,9.35556,ASC_15B_1
2537.75556,480.35556,139.72222,490.93333,4270.08889,982.63333,1.11111,8.77778,336.96667,2851.75556,16.67778,294.22222,617.13333,4.22222,1.0,7.66667,4.66667,5.44444,7.15556,ASC_15B_2
2587.97778,496.46667,111.83333,426.6,4204.31111,719.74444,1.11111,7.77778,307.52222,2726.08889,15.9,271.0,576.68889,6.44444,5.11111,2.77778,7.55556,7.11111,8.24444,ASC_15B_3
2371.97778,497.24444,117.38889,393.04444,3892.2,440.18889,1.0,9.88889,284.63333,2667.97778,15.9,259.22222,571.24444,3.33333,2.66667,5.66667,3.66667,6.66667,8.13333,ASC_15B_4
2444.31111,493.57778,102.72222,436.82222,3999.08889,345.85556,1.0,6.55556,305.85556,2573.97778,13.78889,270.88889,571.8,3.44444,1.0,4.11111,6.55556,5.0,6.68889,ASC_15B_5
2599.08889,441.02222,97.27778,442.15556,4195.2,255.3,1.0,4.33333,317.3,2500.86667,18.12222,222.88889,592.46667,6.11111,1.77778,5.11111,2.77778,5.0,3.93333,ASC_15B_6
2122.53333,498.46667,99.61111,395.6,3625.64444,703.18889,1.0,5.44444,281.85556,2474.2,11.67778,234.22222,512.68889,3.22222,4.33333,2.55556,5.66667,3.33333,6.26667,ASC_15B_7
2277.86667,430.91111,88.83333,333.6,3562.53333,566.41481,1.11111,4.33333,270.07778,2405.86667,12.34444,248.66667,461.91111,1.88889,1.0,6.22222,1.0,2.22222,6.37778,ASC_15B_8
2192.42222,458.13333,84.27778,359.6,3565.86667,542.96667,1.0,3.22222,256.85556,2384.97778,14.23333,218.77778,544.91111,3.44444,1.0,4.0,2.77778,4.55556,6.24444,ASC_15B_9
1739.94444,187.07778,154.44444,232.94444,2507.8,26.44444,1.0,2.11111,191.38889,5916.97778,14.57778,201.06667,930.91111,1.88889,2.55556,2.11111,4.77778,79.88889,33.0,ASC_15C_0
1355.16667,146.74444,152.11111,124.72222,1716.68889,140.95556,1.0,1.0,156.05556,4621.31111,7.95556,192.17778,1032.35556,2.33333,1.0,2.44444,6.55556,68.44444,22.44444,ASC_15C_1
1656.72222,202.07778,142.0,174.05556,1976.02222,60.71111,1.0,1.0,204.27778,3567.2,13.8,158.95556,698.02222,2.22222,4.22222,1.77778,3.77778,68.55556,26.44444,ASC_15C_2
1672.61111,145.52222,105.33333,132.61111,2110.13333,38.77778,1.0,1.0,129.5,3032.08889,8.37778,135.28889,571.46667,3.0,2.55556,3.22222,2.88889,60.0,29.0,ASC_15C_3
1356.27778,128.82222,79.66667,122.38889,1439.8,75.06667,1.0,2.11111,124.61111,2696.64444,5.57778,140.95556,274.8,2.22222,1.77778,3.33333,1.0,64.66667,23.55556,ASC_15C_4
1777.5,162.74444,106.77778,109.38889,1863.8,29.95556,1.0,2.11111,157.5,2256.2,6.04444,137.95556,476.35556,1.77778,1.0,5.33333,1.88889,49.11111,19.33333,ASC_15C_5
1479.61111,108.3,86.0,137.61111,1437.24444,8.37778,1.0,1.0,105.72222,1999.53333,7.24444,116.51111,360.46667,2.77778,2.66667,4.44444,1.0,39.44444,15.74074,ASC_15C_6
1689.94444,131.3,86.66667,93.83333,1653.35556,12.24444,1.0,1.0,134.27778,1847.31111,8.8,159.28889,307.24444,2.77778,1.0,3.33333,1.88889,41.33333,15.0,ASC_15C_7
1319.61111,106.18889,70.0,55.27778,1624.02222,16.0,1.11111,5.44444,106.72222,1690.08889,6.57778,126.28889,485.68889,1.77778,1.0,6.44444,2.88889,30.11111,10.74074,ASC_15C_8
1446.83333,174.74444,74.0,181.61111,1726.35556,14.6,1.0,3.22222,105.83333,1495.75556,8.57778,179.06667,303.13333,2.66667,1.0,3.22222,1.88889,19.22222,9.77778,ASC_15C_9
2335.98889,76.14444,69.1,48.34074,1407.93333,19.22222,1.0,4.33333,15.84444,1011.25556,1.0,122.78889,27.4963,6.77778,1.0,2.33333,1.88889,1.0,11.76296,ASC_16A_0
2253.87778,74.36667,81.98889,57.08889,1294.48889,10.88889,1.0,3.22222,16.84444,905.92222,1.0,110.45556,24.82222,4.22222,1.0,2.55556,1.88889,1.22222,11.87407,ASC_16A_1
2485.21111,130.81111,77.87778,29.25926,1827.71111,6.88889,1.0,4.33333,19.28889,838.03333,1.1,115.45556,29.16296,2.33333,1.0,2.11111,1.0,1.44444,12.28889,ASC_16A_2
2767.54444,186.25556,100.43333,61.11852,1845.48889,10.66667,1.0,3.22222,20.28889,780.58889,1.1,126.9,39.26667,4.55556,1.0,4.33333,1.88889,1.0,12.06667,ASC_16A_3
2717.54444,84.58889,76.43333,58.78519,1811.71111,10.66667,1.0,9.88889,22.17778,744.03333,1.2,122.34444,32.71111,5.55556,1.0,4.11111,3.77778,1.22222,16.62222,ASC_16A_4
2590.76667,76.58889,79.98889,57.08889,1683.6,17.0,1.11111,2.11111,18.95556,723.14444,1.0,124.45556,36.04444,2.44444,1.0,2.11111,1.0,1.88889,13.20741,ASC_16A_5
2663.87778,72.14444,73.32222,48.45185,1909.04444,5.0,1.0,3.22222,21.28889,659.7,1.3,98.67778,32.04444,9.11111,1.0,2.77778,1.0,1.88889,9.28889,ASC_16A_6
2291.98889,76.58889,69.76667,45.24444,1743.26667,8.77778,1.0,4.33333,19.28889,649.03333,1.0,103.23333,32.48889,3.88889,1.0,2.55556,1.0,1.0,9.95556,ASC_16A_7
2141.1,58.03333,75.43333,29.8,1464.15556,16.77778,1.0,4.33333,16.62222,649.03333,1.0,104.78889,23.37778,13.66667,1.0,1.77778,1.88889,2.11111,12.73333,ASC_16A_8
2081.98889,56.14444,54.65556,64.86667,1298.04444,4.77778,1.0,4.33333,16.06667,612.47778,1.1,95.12222,22.15556,7.44444,1.0,1.33333,1.88889,1.66667,11.4,ASC_16A_9
1440.7,28.11111,76.61111,20.75556,1310.87778,125.77778,1.0,3.22222,2.24074,314.85556,1.11111,2.46667,2.47407,6.44444,1.0,1.33333,3.77778,1.66667,8.57778,ASC_16B_0
1422.58889,31.11111,50.27778,52.35556,1288.98889,4.77778,1.0,2.11111,2.11111,278.3,1.11111,2.06667,2.46667,1.66667,1.0,1.77778,3.77778,3.0,2.46667,ASC_16B_1
1302.25556,33.66667,76.72222,38.76667,1168.65556,63.66667,1.0,1.0,2.33333,267.85556,1.0,2.66667,2.46667,11.22222,1.0,4.0,13.66667,2.33333,9.21481,ASC_16B_2
1331.25556,45.11111,119.05556,36.2,1218.98889,80.44444,1.0,4.33333,2.77778,220.85556,1.11111,5.02222,5.04444,6.44444,1.0,7.55556,11.55556,1.66667,12.6,ASC_16B_3
1086.36667,36.22222,95.05556,43.87778,1022.87778,86.11111,1.11111,4.33333,3.03704,184.3,1.0,5.13333,3.13333,1.88889,1.0,3.22222,7.55556,1.66667,12.74074,ASC_16B_4
1495.58889,35.66667,29.72222,28.42222,1290.87778,31.33333,1.0,3.22222,1.46296,184.3,1.0,2.26667,4.26667,7.77778,1.0,1.77778,1.0,1.66667,1.68889,ASC_16B_5
1210.58889,44.33333,88.05556,40.5,1072.65556,88.88889,1.11111,4.33333,1.94444,184.3,1.0,2.71111,2.34815,2.66667,1.0,4.0,14.77778,1.66667,13.35556,ASC_16B_6
1227.81111,30.55556,82.94444,26.8,1142.1,156.33333,1.0,3.22222,1.53704,184.3,1.11111,1.6,5.04444,2.66667,1.0,5.66667,8.66667,1.0,9.02222,ASC_16B_7
1355.25556,28.55556,59.27778,25.86667,1228.1,80.66667,1.0,1.0,2.11111,184.3,1.11111,3.04444,3.13333,3.22222,1.0,1.66667,1.0,2.66667,4.1037,ASC_16B_8
1411.03333,50.88889,28.16667,40.38889,1283.1,51.88889,1.0,4.33333,1.2963,184.3,1.0,1.2,1.45185,7.66667,1.0,1.77778,1.0,1.66667,1.08148,ASC_16B_9
977.34444,40.16667,68.66667,43.13333,577.36667,144.0,1.0,1.95185,24.81111,2434.12222,1.0,75.01111,31.0,34.11111,2.66667,2.44444,1.0,1.4,3.84444,ASC_16C_0
1140.9,44.94444,86.33333,43.53333,620.47778,104.77778,1.0,4.01481,24.03333,1610.9,1.0963,105.78889,35.83333,63.11111,1.0,3.22222,1.0,1.64444,5.76296,ASC_16C_1
1105.34444,32.33333,78.88889,77.2,624.81111,174.77778,1.0,4.01481,27.7,1395.9,1.0963,105.67778,51.38889,25.22222,1.0,4.66667,1.0,2.37778,9.23704,ASC_16C_2
1272.9,220.22222,170.33333,110.64444,1587.14444,302.22222,1.0,9.09259,27.36667,1238.67778,1.0963,129.56667,65.72222,28.0,1.0,9.44444,1.0,1.0,10.82222,ASC_16C_3
1144.01111,83.61111,82.77778,45.74815,623.14444,72.11111,1.0,9.09259,25.7,1123.01111,1.0,119.56667,60.83333,51.66667,1.0,3.22222,1.0,1.84444,10.04444,ASC_16C_4
1003.9,88.38889,87.0,45.91852,741.7,188.88889,1.11111,6.87037,21.47778,1060.12222,1.0,107.23333,59.72222,17.22222,1.0,5.77778,1.0,1.64444,11.93333,ASC_16C_5
1131.01111,115.72222,129.66667,56.36296,1773.47778,104.88889,1.0,7.98148,25.03333,976.56667,1.52593,121.67778,75.61111,64.0,1.0,4.44444,2.88889,1.64444,12.57037,ASC_16C_6
960.34444,45.55556,62.0,30.6963,588.36667,92.77778,1.33333,4.96667,22.25556,924.34444,1.0963,74.45556,41.83333,20.44444,1.0,4.33333,2.77778,1.84444,4.93333,ASC_16C_7
781.34444,49.94444,56.55556,33.2,510.36667,47.55556,1.11111,4.01481,20.36667,845.23333,1.19259,82.72593,44.61111,21.22222,1.0,7.44444,1.88889,1.2,6.9037,ASC_16C_8
806.56667,73.27778,82.33333,56.19259,571.14444,92.66667,1.0,5.91852,20.14444,834.56667,1.0,110.56667,57.94444,20.55556,1.0,4.44444,1.0,1.84444,8.26667,ASC_16C_9
1365.6,137.57778,480.98889,33.06296,2111.77778,15.01111,1.0,1.94815,131.37778,2079.57778,3.48889,577.31111,172.53333,11.58889,1.0,1.25926,4.66667,5.08889,36.18889,ASC_17A_0
1162.71111,111.35556,429.54444,43.24444,2085.44444,42.2037,1.0,4.79259,114.37778,1922.57778,3.71852,548.64444,144.64444,21.03333,1.0,1.51852,3.77778,4.51111,19.37778,ASC_17A_1
1281.6,76.91111,445.87778,40.57778,1965.22222,53.68889,1.0,2.8963,104.04444,1812.02222,2.84444,546.75556,134.75556,20.58889,1.0,1.38889,1.88889,3.97778,18.04444,ASC_17A_2
1193.15556,109.24444,473.1,27.88148,1841.33333,36.82963,1.11111,3.05926,127.15556,1744.13333,3.16296,563.64444,136.97778,13.36667,1.0,4.22222,1.88889,4.37778,22.52222,ASC_17A_3
1300.93333,76.02222,394.43333,48.65926,1827.22222,39.24444,1.11111,2.8963,108.82222,1676.24444,2.5037,510.2,144.75556,17.65926,1.0,2.12963,1.0,4.75556,22.23333,ASC_17A_4
1439.37778,66.8,421.76667,37.75926,2051.77778,39.24444,1.0,1.0,106.15556,1597.35556,3.27407,540.42222,126.53333,8.1037,1.0,1.96296,1.0,5.86667,23.6,ASC_17A_5
1908.26667,95.91111,502.21111,30.09259,2376.88889,159.72963,1.0,4.95556,103.37778,1539.46667,3.26667,548.42222,134.2,11.88148,1.74815,2.51852,1.88889,3.97778,36.52222,ASC_17A_6
1186.23704,100.13333,364.1,6.56667,1467.85185,32.71852,1.0,1.0,99.71111,1508.13333,3.39259,512.08889,117.86667,30.72963,1.74815,1.12963,1.88889,5.31111,12.82222,ASC_17A_7
1750.71111,74.91111,459.1,33.06296,2434.66667,74.03333,1.0,2.8963,98.93333,1445.46667,2.96296,510.2,137.08889,4.77037,1.0,1.38889,1.0,3.8,29.9,ASC_17A_8
1050.93333,100.13333,368.87778,14.34444,1589.55556,27.87037,1.0,1.0,97.26667,1398.35556,2.82963,467.53333,117.2,5.84074,1.74815,3.01852,1.88889,4.86667,19.04444,ASC_17A_9
899.56667,49.43333,175.73333,51.9963,1246.23333,29.88889,1.1037,1.0,35.42222,1075.6,1.77778,286.13333,53.33333,3.11111,1.0,4.88889,1.0,1.44444,10.46667,ASC_17B_0
839.01111,34.32222,186.95556,51.9963,1129.67778,30.51852,1.21481,2.11111,33.86667,981.6,1.22222,292.57778,45.33333,4.88889,1.0,6.88889,3.77778,2.11111,11.02222,ASC_17B_1
875.45556,37.21111,190.4,43.37778,1193.23333,35.25926,1.0,1.0,36.53333,923.26667,1.44444,279.68889,45.44444,4.55556,1.0,2.11111,2.88889,1.88889,8.8,ASC_17B_2
995.78889,27.3,195.51111,49.01111,1392.78889,71.62963,1.1037,2.11111,39.31111,870.93333,1.77778,346.68889,59.44444,2.88889,1.0,4.66667,2.77778,1.0,13.46667,ASC_17B_3
899.23333,28.75556,178.73333,38.15556,1156.56667,22.18519,1.1037,3.22222,32.64444,823.93333,2.11111,264.35556,58.55556,5.0,1.0,2.11111,1.0,1.66667,6.37778,ASC_17B_4
935.01111,25.75556,216.51111,64.88519,1209.9,24.2963,1.0,2.11111,41.08889,782.15556,1.66667,300.91111,47.0,2.33333,1.0,2.44444,1.88889,1.88889,11.24444,ASC_17B_5
799.56667,32.75556,180.28889,46.88519,1110.67778,26.09259,1.0,4.33333,37.31111,729.93333,1.33333,316.35556,47.11111,1.44444,1.0,2.88889,3.66667,1.66667,10.13333,ASC_17B_6
898.56667,39.32222,141.4,29.31481,1177.9,67.2037,1.0,4.33333,30.86667,729.93333,1.66667,228.35556,55.22222,7.88889,2.66667,3.55556,1.0,1.66667,10.02222,ASC_17B_7
918.9,50.54444,197.17778,42.09259,1329.23333,52.44444,1.32593,1.0,34.31111,729.93333,1.55556,265.02222,47.77778,6.44444,1.0,4.55556,5.77778,2.33333,12.57778,ASC_17B_8
863.23333,45.86667,126.95556,46.77407,1181.78889,101.77778,1.20741,4.33333,31.53333,688.15556,1.33333,213.13333,41.33333,5.11111,1.0,4.0,1.0,1.44444,11.13333,ASC_17B_9
1091.8,71.11111,239.68889,67.38889,1291.02222,305.48148,1.20741,4.33333,66.52222,1095.27778,1.77778,141.12222,89.05556,4.03333,1.0,1.33333,2.77778,2.33333,7.65185,ASC_18A_0
1289.57778,89.88889,317.57778,64.94444,1522.8,180.91852,1.0,4.33333,83.52222,943.5,1.66667,195.67778,83.72222,7.57778,1.0,1.33333,1.0,3.44444,10.06667,ASC_18A_1
1288.02222,97.0,320.13333,51.37037,1528.57778,165.63704,1.21481,2.11111,86.41111,869.72222,2.33333,198.12222,88.05556,10.02222,1.0,1.33333,2.77778,3.88889,11.4,ASC_18A_2
1022.8,63.55556,239.35556,77.61111,1186.24444,336.3037,1.0,5.44444,63.3,791.38889,1.66667,164.23333,91.72222,17.23333,1.0,3.22222,4.77778,1.22222,5.9037,ASC_18A_3
1051.8,79.66667,250.02222,43.7037,1231.57778,182.80741,1.0,4.33333,72.07778,754.83333,1.44444,149.9,69.72222,7.78889,1.0,3.22222,1.88889,1.88889,8.54074,ASC_18A_4
989.02222,72.66667,265.24444,57.05556,1249.8,384.14074,1.32593,6.55556,72.3,697.38889,2.33333,170.23333,96.83333,18.01111,1.0,3.33333,1.88889,1.88889,7.57037,ASC_18A_5
1134.68889,101.33333,261.91111,70.05556,1282.8,240.91111,1.21481,4.33333,73.41111,676.5,2.44444,149.45556,94.5,9.02222,1.77778,2.88889,3.77778,3.33333,5.76296,ASC_18A_6
1064.8,67.66667,239.68889,85.38889,1253.35556,120.59259,1.0,4.33333,71.96667,597.16667,2.55556,162.01111,81.38889,12.8,1.0,3.88889,1.88889,1.66667,3.79259,ASC_18A_7
996.24444,66.66667,206.46667,64.37037,1160.57778,118.52593,1.0,2.11111,50.63333,597.16667,1.77778,132.67778,82.05556,11.68889,1.0,1.66667,1.0,2.11111,5.68148,ASC_18A_8
955.13333,87.66667,241.24444,103.5,1060.13333,136.97037,1.1037,1.0,59.52222,597.16667,2.22222,151.23333,88.16667,9.13333,1.0,3.55556,1.0,1.88889,8.65185,ASC_18A_9
1489.52222,70.71111,335.55556,66.8037,2057.22222,202.78889,1.0,4.33333,78.25556,1396.65556,2.31111,264.85556,106.6,12.37037,1.0,3.33333,2.77778,5.0,18.44444,ASC_18B_0
1795.3,81.57778,415.11111,79.69259,2431.77778,342.94815,1.0,4.33333,84.47778,1313.1,3.03333,323.52222,108.48889,14.7037,1.0,3.44444,1.88889,4.88889,24.11111,ASC_18B_1
1353.18889,68.35556,266.44444,53.80741,1799.77778,214.48889,1.0,2.11111,62.36667,1186.98889,2.24444,223.96667,76.04444,22.22222,1.0,1.33333,2.77778,3.66667,12.33333,ASC_18B_2
1478.63333,64.24444,313.88889,66.58889,2002.33333,246.01111,1.0,2.11111,66.58889,1129.32222,3.1,267.74444,111.93333,6.59259,1.0,2.77778,1.88889,4.33333,19.66667,ASC_18B_3
1383.52222,64.24444,294.66667,69.25185,2032.22222,172.61481,1.0,4.33333,66.92222,1019.65556,1.42222,256.52222,103.37778,11.03704,1.0,2.77778,21.55556,3.66667,17.66667,ASC_18B_4
1512.18889,74.46667,281.22222,79.69259,2059.33333,176.9963,1.0,4.33333,75.25556,935.65556,2.8,265.18889,107.93333,13.18519,1.0,5.11111,2.77778,3.66667,17.66667,ASC_18B_5
1342.85556,74.46667,246.0,69.14444,1709.88889,278.9,1.0,3.22222,59.7,888.1,2.2,221.07778,96.12593,27.18519,1.0,1.66667,2.88889,2.33333,12.55556,ASC_18B_6
1191.3,74.46667,251.33333,43.8,1560.11111,135.12222,1.0,2.11111,58.36667,830.65556,1.0,187.96667,72.15556,17.0,1.77778,4.88889,4.77778,4.55556,12.66667,ASC_18B_7
1103.07778,66.35556,188.88889,84.8037,1325.55556,123.28148,1.0,2.11111,44.47778,794.1,1.67778,162.07778,73.82222,24.55556,1.0,4.33333,1.0,2.22222,14.11111,ASC_18B_8
1525.52222,77.57778,273.88889,74.36296,1911.33333,207.12222,1.0,5.44444,74.58889,731.43333,2.13333,257.3,111.26667,13.07407,1.0,4.55556,2.77778,2.11111,17.11111,ASC_18B_9
1044.76667,75.86667,105.81111,19.37778,1182.64444,273.12222,1.0,4.17037,16.87778,698.45556,1.0,78.57778,28.46667,5.22222,1.0,3.66667,1.0,1.0,6.66667,ASC_19A1_0
1060.32222,71.86667,111.7,26.13333,1166.2,349.01111,1.11111,1.0,22.65556,629.67778,1.0,92.02222,37.02222,3.55556,1.0,4.88889,1.82222,1.0,7.44444,ASC_19A1_1
1089.65556,31.51111,82.14444,42.73333,1182.64444,289.45556,1.0,2.02963,21.32222,582.67778,1.0,81.13333,22.3037,1.88889,1.0,3.44444,2.64444,1.0,9.55556,ASC_19A1_2
1093.87778,55.75556,75.58889,42.62222,1250.64444,252.45556,1.0,2.02963,18.87778,540.9,1.0,89.13333,19.74815,2.22222,1.0,3.77778,1.82222,1.44444,6.77778,ASC_19A1_3
1158.76667,68.97778,121.7,72.6,1270.08889,425.12222,1.0,4.08889,13.87778,540.9,1.0,101.24444,32.3037,2.33333,1.0,6.11111,3.64444,1.0,9.88889,ASC_19A1_4
1086.21111,72.86667,89.25556,36.11111,1253.08889,423.23333,1.0,2.02963,16.43333,540.9,1.0,106.02222,27.57778,1.22222,1.77778,2.44444,1.0,1.66667,9.88889,ASC_19A1_5
900.76667,63.75556,117.92222,67.26667,1181.97778,262.9,1.11111,1.0,17.54444,478.23333,1.0,105.46667,34.57778,3.44444,1.0,4.33333,1.82222,1.22222,8.22222,ASC_19A1_6
1022.98889,39.31111,86.92222,26.13333,1179.64444,445.67778,1.0,1.0,19.32222,446.9,1.0,77.35556,24.8,1.55556,1.0,6.33333,1.0,1.44444,5.66667,ASC_19A1_7
984.54444,46.73333,99.92222,28.55556,1128.08889,404.67778,1.0,2.02963,15.1,446.9,1.0,78.24444,23.63704,2.66667,1.0,7.11111,1.0,1.0,8.55556,ASC_19A1_8
992.32222,54.53333,101.47778,29.84444,1147.53333,420.9,1.0,1.0,15.32222,446.9,1.0,89.13333,42.02222,6.11111,1.0,6.22222,1.82222,1.0,10.22222,ASC_19A1_9
2714.84444,32.11111,79.58889,64.77778,905.48889,1.0,1.0963,4.33333,25.35556,939.61111,1.33333,130.28889,56.96667,1.77778,1.0,2.44444,1.88889,1.18519,14.64444,ASC_19A2_0
2378.95556,28.77778,55.95556,67.44444,859.6,45.66667,1.0,2.11111,19.02222,881.83333,1.11111,99.62222,49.18889,1.88889,1.0,2.77778,1.88889,1.37037,7.86667,ASC_19A2_1
2562.17778,36.22222,90.25556,59.77778,789.04444,23.22222,1.0,5.44444,21.24444,793.05556,1.0,112.84444,40.8963,1.55556,1.0,3.66667,2.88889,1.18519,11.42222,ASC_19A2_2
2541.51111,35.11111,89.7,46.88889,905.26667,25.22222,1.0963,1.0,22.46667,740.83333,1.0,125.17778,50.96667,2.22222,1.0,2.88889,1.0,2.0,10.53333,ASC_19A2_3
1848.84444,26.77778,73.58889,69.92593,715.82222,13.22222,1.0,5.44444,17.68889,662.05556,1.0,106.06667,41.63333,1.11111,1.0,5.55556,1.88889,1.55556,10.64444,ASC_19A2_4
1688.95556,23.77778,60.62222,59.62963,681.26667,13.0,1.0,2.11111,17.8,630.16667,1.0,111.95556,40.3,1.0,1.0,1.77778,3.77778,1.62963,10.08889,ASC_19A2_5
1830.73333,26.66667,38.28889,67.44444,706.48889,6.88889,1.0963,2.11111,21.46667,630.16667,1.11111,100.28889,30.3,1.22222,1.0,2.88889,1.0,1.55556,9.2,ASC_19A2_6
1512.51111,20.55556,33.14444,59.81481,727.04444,21.44444,1.0,2.11111,14.02222,583.16667,1.0,80.62222,36.3,1.77778,1.0,2.11111,1.0,1.81481,4.97778,ASC_19A2_7
2017.4,29.77778,44.81111,62.22222,695.6,2.88889,1.0,1.0,19.02222,572.72222,1.11111,90.51111,47.96667,1.22222,1.0,2.44444,1.0,1.0,11.08889,ASC_19A2_8
2022.06667,20.77778,42.28889,77.62963,752.82222,2.88889,1.0,1.0,17.68889,536.16667,1.33333,84.73333,30.52222,1.0,1.0,1.77778,1.88889,2.44444,5.47407,ASC_19A2_9
1820.86667,113.81111,209.12222,79.4,1918.37778,129.77778,1.0,3.22222,25.27778,996.22222,1.20741,125.75556,44.25556,1.88889,1.0,1.91111,1.0,1.22222,13.31111,ASC_19B1_0
1595.97778,96.47778,159.12222,71.82963,1720.15556,98.77778,1.0,4.33333,21.83333,932.66667,1.0,113.53333,48.03333,2.66667,1.0,4.6,1.88889,2.11111,11.02963,ASC_19B1_1
1720.2,114.81111,131.45556,92.28889,1725.37778,213.77778,1.0,3.22222,22.94444,896.0,1.1037,112.75556,41.92222,2.11111,1.0,3.54815,1.0,1.44444,12.64444,ASC_19B1_2
1576.86667,269.25556,192.12222,60.05926,1568.04444,189.44444,1.0,4.33333,19.38889,843.77778,1.1037,105.53333,47.47778,3.55556,1.0,4.24444,4.77778,1.66667,13.14074,ASC_19B1_3
1834.2,118.7,208.56667,64.06667,1765.93333,228.0,1.0,4.33333,23.27778,833.33333,1.0,127.08889,42.81111,2.88889,1.0,3.40741,3.77778,1.44444,16.64444,ASC_19B1_4
1644.64444,89.47778,134.9,79.62222,1687.37778,86.88889,1.0,4.33333,23.72222,786.33333,1.0,113.08889,45.81111,3.0,1.0,4.2963,1.0,1.88889,11.14074,ASC_19B1_5
1454.08889,76.47778,94.12222,44.61481,1453.82222,47.66667,1.0,2.11111,21.72222,739.33333,1.0,94.64444,40.14444,1.0,1.0,5.04444,1.88889,2.33333,10.2,ASC_19B1_6
1720.53333,150.03333,201.45556,81.95556,1825.6,205.66667,1.0,3.22222,20.27778,723.66667,1.0,114.2,45.14444,3.88889,1.0,3.24444,6.44444,1.88889,15.53333,ASC_19B1_7
1494.97778,85.47778,121.78889,57.61481,1585.93333,129.77778,1.11111,2.11111,20.38889,681.66667,1.0,113.42222,43.25556,2.77778,1.0,1.74815,3.77778,1.0,9.52593,ASC_19B1_8
1686.97778,106.81111,141.23333,52.28148,1769.71111,115.33333,1.0,3.22222,23.27778,644.33333,1.0,119.97778,42.47778,2.77778,2.55556,3.85185,1.0,2.11111,10.02963,ASC_19B1_9
926.75556,47.42222,81.34444,44.26667,994.63333,24.14074,1.0,1.0,11.47778,905.51111,1.11111,93.11111,29.84444,9.17037,1.0,6.66667,8.28889,1.44444,15.8,ASC_19B2_0
1249.75556,47.53333,90.45556,28.91111,1515.18889,42.2037,1.11111,2.11111,13.47778,790.51111,1.0,108.66667,39.73333,6.05185,1.0,3.62222,4.82222,1.88889,16.68889,ASC_19B2_1
1100.31111,28.95556,62.78889,52.24444,1211.52222,8.45926,1.11111,4.33333,9.25556,706.95556,1.0,109.66667,25.51111,11.18519,1.0,4.48889,1.82222,1.44444,12.68889,ASC_19B2_2
1076.64444,44.53333,66.67778,18.37778,1208.52222,31.87037,1.11111,4.33333,12.92222,654.06667,1.0,93.11111,26.68889,4.51852,1.0,3.2,1.0,1.88889,11.74815,ASC_19B2_3
1246.08889,47.17778,75.12222,49.48889,1470.74444,22.02963,1.0,4.33333,10.47778,638.06667,1.0,106.66667,37.73333,6.94074,1.0,4.66667,1.0,2.55556,14.91111,ASC_19B2_4
1193.31111,35.17778,65.9,52.02222,1405.07778,162.05926,1.0,3.22222,10.81111,591.06667,1.22222,90.88889,33.4,6.94815,1.0,2.31111,1.0,1.66667,12.8,ASC_19B2_5
1153.42222,39.42222,59.45556,38.82222,1358.07778,93.91852,1.0,1.0,9.92222,554.51111,1.11111,105.22222,31.51111,23.2963,1.0,3.04444,1.0,1.66667,13.8,ASC_19B2_6
1091.53333,42.31111,56.34444,36.06667,1261.3,23.26667,1.11111,4.33333,10.92222,544.06667,1.0,117.11111,31.06667,2.52593,1.0,1.28889,1.82222,1.0,12.35556,ASC_19B2_7
1030.08889,42.64444,61.78889,30.66667,1152.18889,15.91852,1.11111,2.11111,9.36667,544.06667,1.0,83.88889,30.4,6.52593,1.0,2.6,1.0,2.33333,14.46667,ASC_19B2_8
1136.86667,22.84444,57.45556,28.82222,1214.63333,78.82222,1.0,1.0,6.58519,512.73333,1.22222,98.22222,26.4,2.52593,1.0,3.48889,9.64444,1.44444,5.24444,ASC_19B2_9
2004.75556,130.83333,138.28889,40.82222,2452.0,168.25556,1.0,1.71481,17.4,1206.91111,1.11111,181.1,57.7,3.66667,1.0,3.2,46.68889,2.75926,6.94074,ASC_19C_0
2198.64444,160.83333,154.4,45.27778,2780.22222,303.77037,1.11111,1.0,14.62222,1102.13333,1.0,165.43333,45.25556,6.0,1.0,4.04444,52.16667,1.61852,8.51111,ASC_19C_1
2099.75556,120.61111,138.28889,49.9,2363.0,696.21481,1.0,2.42963,20.73333,1018.57778,1.0,139.76667,38.7,25.44444,1.0,4.93333,10.13333,1.34815,7.15556,ASC_19C_2
1955.08889,144.72222,136.28889,52.18889,2211.44444,303.81111,1.0,6.08148,16.62222,971.57778,1.11111,142.32222,43.92222,7.88889,1.0,3.77778,6.56667,2.41111,8.39259,ASC_19C_3
2142.75556,175.05556,145.73333,68.01111,2671.11111,305.92222,1.0,3.54074,18.62222,897.46667,1.11111,166.65556,48.25556,2.77778,1.0,3.64444,5.56667,1.79259,4.74074,ASC_19C_4
1866.75556,126.38889,161.84444,8.4,2042.11111,322.03333,1.0,1.71481,20.17778,897.46667,1.11111,149.87778,39.14444,7.22222,1.0,5.66667,15.45556,1.34815,7.4,ASC_19C_5
2133.53333,143.83333,143.28889,51.42222,2761.0,402.36667,1.0,3.14444,21.4,850.46667,1.0,165.43333,52.25556,4.77778,1.0,3.04444,8.08889,1.0,6.83704,ASC_19C_6
2002.08889,159.83333,150.51111,61.48889,2403.66667,833.99259,1.0,2.82593,19.28889,819.13333,1.11111,160.87778,41.25556,2.66667,1.0,4.93333,7.08889,1.6963,6.28889,ASC_19C_7
2000.53333,136.61111,133.73333,48.97778,2411.66667,480.54815,1.0,4.97037,16.73333,803.46667,1.0,126.98889,37.58889,3.55556,1.0,4.08889,12.97778,2.14074,13.05185,ASC_19C_8
1965.53333,130.72222,144.95556,52.56667,2278.11111,379.84074,1.0,1.0,18.06667,803.46667,1.33333,160.98889,47.47778,4.11111,1.0,6.95556,6.08889,1.34815,9.60741,ASC_19C_9
4477.9,260.54444,470.47778,211.75556,3496.56667,161.37778,1.22222,6.08148,75.8,2119.01111,2.86296,489.41111,104.75556,34.17778,1.0,20.74815,20.11111,8.97778,54.31111,ASC_1A_0
3777.12222,211.98889,370.7,170.53333,3109.56667,105.82222,1.44444,2.98519,60.57778,1867.45556,1.97778,455.63333,75.75556,32.06667,1.0,16.97778,18.33333,8.34074,42.42222,ASC_1A_1
3590.56667,241.43333,216.92222,167.97778,3046.23333,74.64444,1.11111,6.2,52.35556,1594.56667,1.32222,457.85556,75.42222,21.84444,1.0,10.36296,6.77778,3.14815,31.86667,ASC_1A_2
3512.78889,214.1,259.58889,137.2,3417.56667,84.97778,1.22222,5.08889,54.46667,1410.9,1.87037,502.07778,92.53333,26.62222,1.0,15.41481,6.55556,5.54815,38.08889,ASC_1A_3
3123.01111,246.21111,191.47778,170.64444,3639.67778,82.97778,1.33333,6.08148,49.91111,1374.23333,1.43704,485.63333,102.42222,19.73333,1.0,14.02963,5.66667,5.14815,44.64444,ASC_1A_4
2770.45556,151.32222,164.7,151.95556,2690.01111,154.28889,1.22222,6.2,37.8,1243.67778,1.87037,490.63333,75.53333,21.62222,1.0,13.41481,5.66667,4.11852,24.97778,ASC_1A_5
2763.67778,221.98889,134.47778,131.86667,2819.67778,99.6,1.11111,5.08889,35.68889,1185.23333,1.87407,362.3,84.42222,22.28889,1.0,11.36296,4.66667,1.54074,29.2,ASC_1A_6
3559.78889,234.21111,254.03333,139.75556,3083.78889,151.04444,1.22222,4.97037,48.35556,1101.67778,2.2,435.3,74.97778,47.28889,1.0,12.36296,5.66667,7.35556,54.86667,ASC_1A_7
2984.23333,164.65556,156.7,113.28889,2763.12222,29.24444,1.11111,1.99259,38.35556,1091.23333,1.97778,450.96667,73.86667,44.62222,1.0,11.63704,4.77778,7.02222,30.42222,ASC_1A_8
3116.12222,174.65556,159.14444,149.28889,3036.34444,62.13333,1.0,7.07407,42.46667,1018.12222,2.43333,401.52222,107.75556,10.98519,1.0,11.52593,4.77778,3.48148,35.97778,ASC_1A_9
949.75556,81.16667,149.72222,62.3037,2115.85556,47.93333,1.0,3.1037,38.72222,3054.8,1.11111,413.81111,123.38889,86.43333,1.77778,9.15556,11.33333,2.2,38.5,ASC_1B_0
1169.31111,89.27778,120.16667,44.08148,2449.85556,48.77778,1.0,3.1037,40.72222,2404.57778,2.55556,403.03333,144.05556,32.65556,1.77778,8.4,7.44444,2.56667,26.38889,ASC_1B_1
1116.08889,71.27778,132.61111,51.91111,2587.07778,48.24444,1.0,5.08889,43.27778,2022.02222,1.44444,452.03333,147.72222,54.98889,2.66667,11.48889,6.55556,3.16667,36.16667,ASC_1B_2
1074.53333,73.88889,149.72222,77.63704,2378.41111,80.82222,1.0,4.0963,43.38889,1869.91111,1.55556,399.7,194.94444,61.1,1.0,12.04444,6.77778,2.86667,32.61111,ASC_1B_3
1276.2,90.61111,154.05556,77.58519,2862.3,363.22222,1.07778,6.2,44.05556,1702.35556,1.33333,470.25556,151.16667,45.32222,1.0,13.02222,17.22222,3.76667,38.05556,ASC_1B_4
1134.64444,38.33333,136.16667,31.35556,2281.07778,40.44444,1.0,11.51852,30.27778,1591.68889,1.44444,440.14444,150.05556,41.54444,1.77778,14.37778,21.22222,1.3,40.94444,ASC_1B_5
1377.75556,72.27778,129.27778,69.97037,2924.52222,265.31111,1.0,15.07407,52.27778,1476.8,1.33333,534.81111,156.94444,46.65556,1.77778,11.53333,9.66667,3.2,41.5,ASC_1B_6
1368.31111,67.05556,126.72222,69.64444,3020.41111,32.64444,1.07778,11.85926,38.72222,1376.68889,1.55556,472.47778,157.5,27.43333,1.0,15.4,7.66667,4.27778,38.83333,ASC_1B_7
1293.53333,76.16667,128.05556,49.25185,2862.3,62.68889,1.0,8.53333,38.05556,1266.91111,1.33333,440.7,138.05556,33.87778,1.0,15.02222,2.88889,2.86667,33.83333,ASC_1B_8
1129.31111,55.66667,126.72222,64.6963,2329.96667,359.75556,1.23333,8.06667,25.94444,1167.46667,1.0,384.47778,201.5,68.32222,1.0,11.28889,32.44444,2.53333,32.38889,ASC_1B_9
3392.91111,302.3,185.27778,185.55556,1791.46667,64.0,1.0,7.37037,35.36667,4808.58889,2.66667,142.11111,70.07778,3.11111,1.0,6.66667,11.33333,3.22222,31.0,ASC_1C_0
2831.46667,352.52222,156.5,76.66667,1697.13333,296.0,1.0963,6.25926,32.25556,3612.81111,3.44444,168.77778,59.52222,11.88889,1.0,8.44444,1.88889,1.66667,25.33333,ASC_1C_1
2944.35556,405.18889,164.5,170.11111,1755.68889,133.66667,1.19259,5.71111,37.7,3125.14444,3.55556,177.44444,56.18889,8.88889,1.0,5.11111,2.77778,1.88889,27.77778,ASC_1C_2
2296.02222,196.18889,134.61111,77.22222,1577.46667,15.0,1.0963,6.82222,32.36667,2721.25556,2.33333,175.77778,50.63333,3.55556,1.0,5.55556,3.77778,2.55556,21.0,ASC_1C_3
2365.13333,108.52222,129.16667,87.0,1558.91111,39.55556,1.38519,8.04444,28.81111,2459.03333,2.0,166.88889,62.96667,8.55556,1.0,5.44444,1.88889,3.0,17.0,ASC_1C_4
2253.13333,230.63333,128.5,99.77778,1389.68889,23.0,1.0963,1.82963,28.36667,2244.14444,2.11111,138.33333,47.3,2.66667,1.0,5.33333,2.77778,3.22222,17.44444,ASC_1C_5
2237.68889,106.3,118.94444,90.33333,1538.68889,47.44444,1.0963,2.94074,28.47778,2039.7,2.66667,178.11111,57.07778,7.77778,1.0,5.33333,1.88889,2.11111,21.44444,ASC_1C_6
2076.68889,108.41111,112.27778,96.33333,1532.68889,31.22222,1.0,3.77037,32.47778,1919.47778,2.11111,177.33333,55.41111,4.33333,1.0,6.0,1.88889,1.0,18.33333,ASC_1C_7
1975.91111,108.52222,118.83333,46.66667,1391.02222,107.11111,1.0963,7.76296,19.03333,1814.14444,1.77778,154.66667,46.96667,5.88889,1.0,4.0,1.0,2.11111,14.11111,ASC_1C_8
2036.13333,110.41111,96.61111,51.88889,1557.13333,18.66667,1.0,12.36296,31.03333,1714.92222,1.66667,189.44444,57.07778,2.66667,1.0,4.77778,1.0,1.0,18.11111,ASC_1C_9
1027.28889,60.93333,58.36667,13.11111,688.05556,13.11111,1.0,3.14074,12.23333,971.23333,1.0,10.88889,16.33333,6.96296,1.0,2.55556,1.0,1.22222,6.66667,ASC_20A_0
1186.4,70.26667,33.47778,33.0,808.38889,6.88889,1.0,4.08889,11.01111,850.56667,1.0,15.44444,18.44444,2.96296,1.0,2.88889,2.88889,1.0,8.55556,ASC_20A_1
1046.51111,57.31111,32.36667,29.81481,668.94444,1.0,1.0,3.05926,10.45556,761.78889,1.0,11.33333,21.33333,2.96296,1.0,2.88889,1.88889,1.22222,6.0,ASC_20A_2
983.4,40.82222,40.81111,28.40741,701.27778,6.88889,1.0,1.0,10.9,740.9,1.0,19.44444,15.0,1.65185,1.0,2.11111,3.88889,1.66667,6.2963,ASC_20A_3
1113.17778,55.42222,40.14444,45.77778,747.72222,15.0,1.0,2.02963,12.12222,688.45556,1.0,13.55556,26.33333,4.05926,1.0,2.88889,2.88889,1.0,8.48148,ASC_20A_4
1215.95556,69.15556,37.36667,32.25926,767.05556,50.11111,1.0,9.67407,10.23333,645.9,1.11111,13.66667,18.0,2.3037,1.0,2.77778,1.88889,1.0,5.37037,ASC_20A_5
1169.95556,62.93333,48.58889,48.96296,766.61111,5.0,1.0,1.0,10.78889,609.34444,1.0,15.88889,21.33333,6.19259,1.0,2.77778,1.88889,1.66667,7.11111,ASC_20A_6
1183.06667,58.42222,42.7,39.51852,707.83333,91.0,1.0,4.17037,12.01111,572.78889,1.0,12.33333,20.55556,3.61481,1.0,2.55556,1.0,1.0,7.37037,ASC_20A_7
1109.51111,48.82222,32.47778,17.55556,776.5,5.0,1.0,4.17037,7.56667,551.9,1.0,17.0,19.33333,3.07407,1.0,2.88889,1.0,1.0,7.44444,ASC_20A_8
1085.4,69.15556,35.25556,31.07407,811.94444,7.0,1.0,4.17037,13.12222,551.9,1.0,26.0,18.77778,2.41481,1.0,1.66667,1.0,1.0,8.7037,ASC_20A_9
1423.94444,278.75556,110.34444,64.02222,2540.16667,74.22222,1.0,7.66667,21.21111,1622.98889,1.11111,41.18889,64.83333,6.33333,1.0,10.26667,1.88889,1.88889,25.33333,ASC_20B_0
1440.94444,122.2,91.12222,39.97037,1921.27778,33.77778,1.0,7.66667,21.76667,1407.65556,1.44444,46.63333,70.72222,2.77778,1.0,15.53333,1.88889,1.66667,19.0,ASC_20B_1
1425.5,188.86667,101.34444,34.85926,1832.16667,39.33333,1.0,4.44444,24.1,1386.76667,1.33333,49.3,60.94444,5.0,1.0,4.55556,4.66667,2.33333,26.55556,ASC_20B_2
1422.5,180.97778,89.12222,81.3037,2258.94444,70.44444,1.0,1.0,22.43333,1329.32222,1.11111,38.74444,56.94444,3.77778,1.0,3.4,3.66667,2.11111,25.55556,ASC_20B_3
1360.38889,121.2,83.9,77.2,1429.5,156.44444,1.11111,1.0,19.76667,1292.76667,1.0,42.04444,53.5,1.77778,1.0,7.08889,1.0,1.88889,21.55556,ASC_20B_4
1326.5,134.42222,93.34444,74.13333,1477.38889,109.44444,1.0,2.11111,25.21111,1271.87778,1.33333,45.07778,66.5,4.77778,1.0,8.22222,2.88889,2.11111,20.22222,ASC_20B_5
1116.72222,80.08889,71.67778,66.75556,1192.27778,74.44444,1.0,4.33333,24.21111,1229.87778,1.11111,48.96667,56.38889,2.0,1.0,3.66667,1.88889,2.33333,23.77778,ASC_20B_6
1230.61111,76.86667,69.01111,54.6963,1308.27778,33.44444,1.0,3.22222,24.1,1197.76667,1.0,36.93333,53.72222,1.33333,1.0,4.4,1.0,1.44444,18.55556,ASC_20B_7
1222.38889,127.53333,100.34444,47.02963,1304.94444,10.88889,1.0,4.33333,23.32222,1197.76667,1.0,43.52222,65.38889,3.55556,1.0,8.53333,2.88889,2.11111,23.77778,ASC_20B_8
1315.94444,113.31111,83.67778,54.6963,1406.61111,84.77778,1.0,1.0,26.1,1192.54444,1.11111,53.07778,54.83333,2.22222,1.0,5.68889,1.0,2.11111,21.77778,ASC_20B_9
1753.23333,84.68889,75.4,31.97037,1844.4,2.88889,1.0,1.0,31.27778,1505.78889,1.33333,53.17778,69.4,1.66667,1.0,3.06667,1.75556,2.11111,15.46667,ASC_20C_0
1513.67778,85.68889,72.4,59.86667,1652.84444,2.88889,1.0,4.96667,29.83333,1400.9,1.11111,62.17778,61.62222,2.0,1.0,3.55556,1.75556,1.44444,14.68889,ASC_20C_1
1478.56667,69.46667,76.73333,84.6963,1519.4,5.0,1.0,1.95185,28.83333,1306.9,1.11111,62.17778,53.95556,2.22222,1.0,5.44444,1.0,2.33333,10.8,ASC_20C_2
1711.23333,78.15556,86.73333,71.80741,1839.84444,1.0,1.0,3.06296,34.61111,1259.9,1.33333,49.84444,58.73333,2.0,1.0,5.82222,1.0,1.0,17.24444,ASC_20C_3
1418.34444,58.13333,74.95556,41.13333,1350.73333,5.0,1.0,1.0,25.83333,1217.23333,1.11111,57.28889,48.95556,2.0,1.0,3.75556,1.75556,2.55556,14.68889,ASC_20C_4
1317.12222,70.46667,69.4,59.64444,1386.06667,7.0,1.0,1.95185,30.05556,1175.34444,1.33333,60.06667,54.28889,1.44444,1.77778,3.06667,1.0,1.88889,15.68889,ASC_20C_5
1236.56667,56.24444,265.84444,63.91852,1244.73333,1.0,1.0,3.06296,24.16667,1117.9,1.11111,54.84444,43.4,1.33333,1.0,1.48889,1.0,1.88889,17.46667,ASC_20C_6
1283.67778,91.68889,81.62222,44.85926,1308.17778,5.0,1.0,3.85556,25.05556,1060.45556,1.0,59.95556,46.06667,1.33333,1.0,5.37778,1.0,1.66667,19.35556,ASC_20C_7
1403.01111,75.46667,74.28889,44.74815,1529.4,1.0,1.0,1.0,30.27778,1023.9,1.0,50.51111,45.95556,1.22222,1.0,2.86667,1.0,1.22222,13.48889,ASC_20C_8
1331.9,74.15556,78.95556,62.31111,1380.95556,5.0,1.0,1.95185,31.94444,1023.9,1.11111,61.17778,52.73333,1.44444,1.0,4.88889,2.51111,1.66667,14.24444,ASC_20C_9
1625.82222,91.77778,256.3,61.66667,1782.28889,2.88889,1.0,1.99259,78.11111,740.86667,1.77778,181.48889,79.53333,1.22222,1.0,3.66667,1.88889,2.17778,9.77778,ASC_21A_0
1684.37778,87.77778,256.41111,94.44444,1887.17778,10.88889,1.0,1.0,84.33333,682.97778,1.77778,212.26667,82.2,1.55556,1.0,2.22222,1.0,2.37778,9.07407,ASC_21A_1
1488.15556,79.88889,242.96667,65.11111,1714.62222,2.88889,1.0,1.0,72.44444,630.2,2.33333,147.48889,66.2,1.22222,1.0,2.66667,1.0,1.0,9.55556,ASC_21A_2
1670.6,90.77778,273.07778,76.33333,1878.17778,13.11111,1.0,1.0,77.55556,583.2,2.11111,195.26667,80.64444,1.44444,1.0,2.66667,1.0,1.84444,8.0,ASC_21A_3
1498.26667,68.55556,237.63333,80.66667,1734.4,23.22222,1.0,3.1037,77.44444,551.86667,2.0,164.04444,79.08889,1.88889,1.0,1.96296,1.0,3.08889,6.51852,ASC_21A_4
1523.26667,87.88889,247.3,71.22222,1734.84444,35.77778,1.0,1.0,75.22222,551.86667,1.55556,169.93333,59.53333,1.55556,1.0,2.48148,1.0,3.33333,10.62963,ASC_21A_5
1320.6,61.44444,201.74444,58.22222,1485.06667,25.55556,1.0,1.0,57.33333,536.2,1.77778,135.04444,60.31111,7.0,1.77778,1.51852,1.88889,2.48889,8.22222,ASC_21A_6
1390.26667,53.44444,234.63333,57.33333,1553.51111,10.66667,1.0,1.99259,71.33333,504.86667,1.55556,180.71111,63.53333,1.22222,2.66667,3.37037,1.0,2.48889,6.55556,ASC_21A_7
1312.26667,60.44444,190.63333,50.66667,1480.17778,2.88889,1.0,1.99259,65.55556,457.86667,1.77778,154.04444,70.97778,1.22222,1.77778,1.96296,1.88889,3.82222,5.18519,ASC_21A_8
1554.6,69.66667,247.18889,88.33333,1831.95556,19.22222,1.0,3.1037,72.55556,457.86667,2.33333,167.26667,75.08889,1.44444,1.0,3.62963,1.88889,1.4,5.88889,ASC_21A_9
1666.17778,40.26667,259.84444,62.71111,2437.65556,1.0,1.0,1.99259,85.87778,906.44444,1.85185,263.65556,87.67778,1.73333,1.0,4.88889,1.0,37.32222,21.38889,ASC_21B_0
1623.73333,49.63333,241.73333,51.39259,2323.87778,1.0,1.0,2.98519,76.98889,838.55556,2.17778,261.43333,83.12222,1.85556,1.0,2.77778,1.0,21.21111,21.27778,ASC_21B_1
1670.51111,38.63333,243.17778,80.05185,2203.76667,2.75556,1.0,1.99259,83.87778,817.66667,1.1037,277.87778,85.78889,1.42222,1.0,2.55556,1.0,35.87778,22.94444,ASC_21B_2
1610.73333,42.37778,244.4,72.71852,2090.43333,10.48889,1.0,1.0,83.98889,781.11111,2.28889,270.1,96.9,1.1,1.0,4.0,1.0,34.32222,19.83333,ASC_21B_3
1682.17778,34.41111,218.62222,67.05926,2245.98889,33.4,1.0,8.3037,65.21111,723.66667,1.51852,233.87778,78.67778,1.52222,1.0,6.88889,1.0,23.68148,19.5,ASC_21B_4
1681.62222,41.12222,259.73333,103.17037,2346.32222,1.0,1.0,4.97037,76.1,723.66667,2.06667,266.21111,86.12222,1.42222,1.0,6.11111,1.0,28.87778,28.05556,ASC_21B_5
1480.95556,38.52222,223.17778,67.4963,1914.21111,4.86667,1.0,4.0963,72.1,723.66667,1.52593,259.98889,72.23333,1.85556,2.55556,3.55556,1.0,31.9037,17.16667,ASC_21B_6
1635.17778,48.41111,218.84444,92.72593,1978.43333,1.0,1.0,1.0,72.65556,697.55556,1.53333,214.54444,80.23333,1.2,1.0,3.22222,1.0,39.98889,19.05556,ASC_21B_7
1509.62222,35.41111,217.73333,69.39259,2014.43333,8.62222,1.0,1.0,63.76667,676.66667,1.42222,200.98889,81.45556,1.0,1.77778,5.33333,1.0,38.54444,17.38889,ASC_21B_8
1594.51111,42.26667,244.73333,72.93333,2438.65556,4.86667,1.0,3.1037,73.87778,650.0,1.42222,226.76667,83.45556,2.74444,1.77778,4.44444,1.0,38.87778,21.16667,ASC_21B_9
6106.66667,165.46667,356.13333,419.42222,3838.06667,19.22222,1.0,1.0,149.97778,1036.43333,2.37778,222.66667,102.97778,3.0,1.0,2.11111,9.46667,104.88889,19.08889,ASC_21C_0
5660.55556,144.13333,367.02222,421.75556,3662.4,78.44444,1.11111,2.11111,142.86667,957.76667,2.95556,237.0,109.75556,5.66667,1.77778,3.66667,3.46667,132.55556,18.75556,ASC_21C_1
4750.77778,165.24444,308.24444,434.86667,3554.73333,17.11111,1.0,2.11111,114.97778,847.43333,1.73333,215.44444,94.97778,3.55556,1.0,3.55556,2.64444,124.22222,19.53333,ASC_21C_2
5231.0,148.24444,316.02222,383.31111,3431.4,115.44444,1.0,3.22222,135.97778,831.76667,2.18519,186.77778,82.08889,3.66667,1.0,3.22222,3.64444,98.0,16.31111,ASC_21C_3
4820.66667,160.13333,307.24444,429.64444,3268.95556,2.88889,1.0,5.44444,127.97778,810.87778,2.28148,177.77778,83.86667,4.66667,1.77778,3.11111,5.28889,110.66667,19.08889,ASC_21C_4
4763.44444,129.91111,291.46667,427.08889,3393.51111,6.88889,1.0,4.33333,130.2,784.76667,2.61481,169.22222,73.86667,6.11111,1.0,2.88889,3.64444,109.44444,15.53333,ASC_21C_5
4003.66667,100.8,248.35556,347.2,2870.73333,8.77778,1.0,2.11111,126.2,742.98889,1.95556,161.0,89.64444,5.33333,1.0,3.88889,1.82222,102.44444,17.53333,ASC_21C_6
4187.88889,120.8,281.02222,310.97778,2956.4,5.0,1.0,6.55556,111.2,737.76667,2.05185,161.22222,86.97778,5.44444,1.0,5.0,2.82222,104.66667,18.31111,ASC_21C_7
4965.66667,159.24444,317.02222,427.2,3405.73333,31.55556,1.0,1.0,124.42222,737.76667,1.95556,199.77778,92.53333,4.88889,1.0,1.66667,2.82222,104.44444,19.97778,ASC_21C_8
4667.22222,134.91111,271.46667,375.53333,3144.62222,27.33333,1.0,2.11111,127.2,737.76667,1.94815,163.55556,80.2,2.33333,1.77778,3.22222,1.82222,99.0,15.86667,ASC_21C_9
708.0,60.46667,18.84444,156.02963,1874.32222,86.83333,1.0,1.0,77.12222,1243.15556,5.22222,2.28889,208.41111,1.55556,1.0,1.0,1.0,2.33333,1.0,ASC_23A_0
713.33333,81.17778,18.95556,177.64444,1595.76667,57.61111,1.0,1.0,71.45556,1148.71111,5.11111,1.51111,193.18889,1.55556,1.0,1.0,1.0,1.44444,1.0,ASC_23A_1
691.55556,73.17778,13.13333,128.75556,1764.76667,65.0,1.0,1.0,80.34444,1117.37778,5.22222,2.34815,216.74444,1.0,1.77778,2.88889,1.0,2.11111,1.0,ASC_23A_2
628.55556,74.06667,17.06667,105.53333,1566.54444,97.94444,1.0,2.02963,71.67778,1075.6,4.66667,1.84444,191.07778,1.0,1.0,1.33333,1.88889,2.11111,1.0,ASC_23A_3
664.44444,70.06667,21.62222,118.97037,1726.43333,67.16667,1.0,5.2,73.67778,1028.6,5.33333,2.23704,192.41111,1.0,1.0,1.0,1.0,1.0,1.0,ASC_23A_4
648.22222,85.68889,27.17778,154.64444,1577.1,43.05556,1.0,1.0,73.78889,1028.6,5.22222,1.51111,202.74444,1.0,1.0,1.0,1.0,1.44444,1.0,ASC_23A_5
626.66667,70.06667,12.06667,105.53333,1476.21111,35.66667,1.0,1.0,72.23333,1018.15556,4.77778,1.78519,196.52222,1.0,2.66667,2.11111,1.0,2.33333,1.0,ASC_23A_6
873.44444,73.35556,14.73333,148.36296,2592.43333,84.83333,1.0,2.02963,81.12222,981.6,4.44444,2.62963,207.74444,1.0,1.0,2.11111,1.88889,1.88889,1.0,ASC_23A_7
529.88889,68.95556,16.06667,125.97778,1357.76667,59.61111,1.0,2.02963,60.45556,933.6,4.55556,1.05926,164.63333,1.0,1.77778,3.33333,1.0,1.0,1.0,ASC_23A_8
730.22222,87.17778,17.62222,131.2,1850.1,96.61111,1.11111,2.02963,72.78889,933.6,5.55556,2.62963,182.52222,1.0,1.0,2.77778,1.0,3.0,1.0,ASC_23A_9
2022.94444,534.88889,48.7,559.26667,3721.38889,2.88889,1.0,1.0,532.35556,3875.78889,18.66667,357.65556,990.58889,7.18889,1.77778,1.74815,1.0,7.11111,6.37778,ASC_23B_0
1860.38889,497.66667,58.47778,518.04444,3552.16667,5.0,1.0,1.0,479.13333,3671.56667,21.44444,325.54444,850.14444,9.47778,1.0,1.74815,1.0,2.33333,9.42222,ASC_23B_1
1800.5,434.0,52.7,492.15556,3648.16667,9.11111,1.0,1.0,456.35556,3346.45556,18.77778,280.1,824.47778,4.81111,3.44444,2.05185,1.0,4.0,5.95556,ASC_23B_2
1630.38889,446.22222,56.03333,399.26667,3151.05556,13.11111,1.0,2.11111,396.68889,3141.67778,17.11111,313.21111,693.14444,6.58889,1.77778,1.3037,1.88889,5.77778,8.48889,ASC_23B_3
1454.16667,366.44444,54.14444,365.82222,2884.94444,5.0,1.0,1.0,349.02222,2968.45556,14.77778,267.87778,637.81111,5.36667,1.0,2.96296,1.0,3.88889,5.28889,ASC_23B_4
1530.27778,384.44444,67.03333,378.82222,3021.05556,2.88889,1.0,1.0,382.46667,2853.45556,16.44444,280.65556,713.36667,15.01111,1.0,2.8,2.88889,3.44444,4.84444,ASC_23B_5
1394.83333,351.22222,46.58889,311.71111,2643.27778,13.0,1.0,1.0,332.68889,2732.56667,11.33333,263.65556,604.03333,14.03333,1.0,2.05185,1.0,4.22222,2.71111,ASC_23B_6
1524.16667,389.77778,48.25556,329.93333,2974.16667,2.88889,1.0,2.11111,368.02222,2633.12222,15.88889,233.65556,650.36667,6.36667,1.77778,1.60741,1.0,5.88889,2.68889,ASC_23B_7
1523.72222,399.77778,60.7,340.15556,2911.27778,21.11111,1.0,1.0,380.8,2512.56667,14.0,261.43333,664.25556,5.04444,1.0,1.0,1.0,2.77778,4.06667,ASC_23B_8
1592.5,404.77778,41.92222,425.15556,2910.61111,33.11111,1.0,2.11111,370.24444,2423.23333,16.22222,231.54444,651.25556,8.8,1.77778,1.60741,1.0,3.33333,4.15556,ASC_23B_9
2188.96667,381.64444,88.77778,381.04444,3316.88889,158.77778,1.0,4.33333,327.44444,3434.41111,13.55556,222.66667,630.1,3.17778,1.0,3.33333,1.0,9.33333,7.13333,ASC_23C_0
2132.85556,370.64444,86.44444,391.15556,3169.0,19.0,1.0,3.22222,335.11111,3224.63333,12.88889,229.55556,649.21111,3.74074,1.71852,2.11111,1.88889,14.44444,6.71111,ASC_23C_1
2242.07778,348.53333,82.77778,393.6,3280.77778,8.77778,1.0,2.11111,336.66667,3030.3,16.33333,225.44444,696.32222,2.85185,1.71852,1.66667,1.0,8.33333,8.37778,ASC_23C_2
2046.07778,365.64444,84.22222,323.93333,2909.22222,23.22222,1.0,8.77778,296.55556,2915.07778,13.33333,213.66667,559.98889,1.20741,1.0,1.0,2.77778,7.22222,5.91111,ASC_23C_3
2162.3,366.64444,81.66667,373.04444,3141.44444,33.11111,1.0,2.11111,322.33333,2789.41111,15.22222,187.66667,598.1,1.86667,1.0,4.33333,2.77778,6.55556,6.37778,ASC_23C_4
2020.18889,359.42222,63.77778,272.48889,2742.0,14.88889,1.0,1.0,271.55556,2637.3,14.77778,164.55556,528.76667,2.74815,3.15556,1.33333,1.88889,8.44444,5.82222,ASC_23C_5
2102.63333,379.86667,67.77778,375.48889,2918.88889,107.22222,1.0,4.33333,315.88889,2543.3,13.33333,172.44444,617.32222,2.51852,1.0,1.77778,1.0,4.44444,4.04444,ASC_23C_6
1964.63333,347.53333,82.11111,295.82222,2982.11111,113.33333,1.0,1.0,286.55556,2500.96667,13.0,163.77778,567.21111,3.40741,2.43704,2.77778,3.77778,8.0,4.51111,ASC_23C_7
1846.07778,314.08889,81.44444,324.04444,2750.33333,15.11111,1.0,2.11111,272.11111,2432.63333,11.66667,138.55556,528.87778,2.2,1.71852,1.0,5.66667,4.66667,7.24444,ASC_23C_8
1649.96667,297.97778,68.33333,249.48889,2512.66667,39.44444,1.0,3.22222,258.66667,2390.85556,9.77778,145.77778,461.43333,1.76296,1.0,1.77778,2.88889,5.88889,6.04444,ASC_23C_9
685.64444,13.53333,12.65926,26.2963,504.65556,41.66667,1.0,3.05926,1.71852,202.05556,1.0,1.75556,2.71852,7.77778,1.0,1.0,1.0,1.13704,1.11111,ASC_24A_0
901.97778,19.53333,12.03333,40.15556,682.32222,33.11111,1.0,1.0,2.57778,181.16667,1.0,1.21111,9.07407,9.88889,1.77778,1.93333,1.0,2.16296,1.33333,ASC_24A_1
495.15556,16.04444,11.24444,20.21481,382.45926,39.44444,1.0,1.0,2.60741,149.83333,1.0,2.3,3.99259,3.55556,1.0,2.93333,1.88889,1.71852,2.11111,ASC_24A_2
805.97778,25.28889,17.88148,29.57778,592.54444,63.88889,1.0,1.94815,3.98148,134.16667,1.0,2.84444,7.51852,3.66667,1.0,1.48889,1.0,1.13704,2.0,ASC_24A_3
573.53333,19.04444,20.14444,31.40741,452.43333,39.55556,1.0,5.9037,4.98148,107.5,1.0,1.96667,3.99259,3.66667,1.0,1.93333,1.0,1.0,3.11111,ASC_24A_4
426.95556,8.53333,10.84074,8.05185,348.32222,33.33333,1.0,1.0,1.75926,86.16667,1.0,1.21111,3.65926,1.55556,1.0,3.95556,2.77778,1.0,1.0,ASC_24A_5
581.08889,11.53333,14.25556,8.05185,537.1,68.33333,1.0,1.0,1.75926,86.16667,1.0,1.42222,1.3037,5.0,1.0,1.0,1.88889,1.0,1.33333,ASC_24A_6
194.42222,7.51111,5.02222,6.46667,171.76667,2.88889,1.0,3.05926,1.08148,86.16667,1.0,1.0,2.08148,1.0,1.0,1.24444,1.0,1.0,1.0,ASC_24A_7
816.86667,22.04444,10.99259,26.91111,581.32222,76.44444,1.0,2.8963,1.63704,86.16667,1.0,1.75556,1.94074,6.0,1.77778,1.24444,1.0,1.13704,1.44444,ASC_24A_8
452.31111,8.02222,13.58889,34.93333,353.65556,5.0,1.0,3.05926,1.26296,86.16667,1.0,1.0,3.65926,2.33333,1.0,1.0,1.0,1.71852,1.0,ASC_24A_9
1145.14444,18.52222,65.71111,34.05556,529.45556,91.32222,1.0,1.0,16.14444,640.84444,1.0,80.76667,22.27778,11.17778,1.0,4.11111,3.77778,1.64444,14.14074,ASC_24B_0
861.25556,29.53333,79.93333,23.9,524.23333,40.51111,1.0,4.33333,12.14444,536.06667,1.0,70.54444,23.05556,20.48889,1.0,3.22222,6.77778,2.04444,5.42222,ASC_24B_1
693.14444,29.31111,63.6,31.5,450.67778,91.95556,1.0,2.11111,12.25556,494.28889,1.0,59.32222,23.11111,24.17778,1.0,2.11111,1.0,1.0,4.19259,ASC_24B_2
901.14444,28.42222,66.04444,41.83333,444.78889,39.24444,1.0,1.0,14.81111,436.84444,1.0,79.87778,19.5,21.46667,1.0,5.66667,1.88889,1.2,6.36296,ASC_24B_3
1042.7,23.31111,60.71111,44.38889,615.78889,70.45556,1.0,2.11111,15.81111,426.4,1.0,75.98889,19.11111,8.42222,1.0,4.44444,1.0,1.0,26.08889,ASC_24B_4
688.81111,14.94444,59.82222,23.8,486.56667,74.13333,1.0,1.0,12.36667,426.4,1.0,71.98889,17.5,5.35556,1.0,3.55556,1.0,1.0,7.14074,ASC_24B_5
774.03333,19.31111,63.37778,31.5,428.78889,36.72222,1.0,3.22222,10.92222,373.84444,1.0,55.43333,16.55556,2.48889,1.0,1.66667,1.0,2.28889,19.53333,ASC_24B_6
664.81111,21.52222,55.04444,44.21111,451.56667,27.97778,1.0,4.33333,13.36667,331.4,1.0,73.32222,22.38889,10.6,1.77778,4.11111,1.0,1.0,10.97778,ASC_24B_7
1285.7,31.1,53.6,39.1,626.01111,30.93333,1.11111,7.77778,11.92222,331.4,1.0,61.76667,13.83333,6.88889,1.0,2.55556,1.0,1.4,39.97778,ASC_24B_8
1078.03333,34.53333,91.71111,57.1,557.34444,82.03333,1.11111,2.11111,15.47778,331.4,1.0,98.43333,16.94444,16.31111,1.0,2.88889,3.77778,1.84444,12.14074,ASC_24B_9
1224.35556,71.37778,134.0,30.88148,1210.83333,584.04444,1.08889,3.92593,45.4,4418.25556,1.41481,61.3,88.16667,13.51852,1.0,4.98519,1.0,1.35556,11.31111,ASC_2A_0
1544.68889,64.26667,132.88889,38.79259,1234.5,414.75556,1.0,6.44444,49.73333,3893.81111,1.63704,89.07778,102.72222,21.94444,1.0,3.15556,4.66667,2.42222,10.75556,ASC_2A_1
1747.02222,83.48889,148.22222,36.1037,1326.16667,237.73333,1.08889,1.0,49.4,3379.92222,1.83704,119.07778,120.5,33.94444,1.0,9.37037,2.88889,3.37778,14.08889,ASC_2A_2
1488.8,81.6,125.0,11.24444,1431.61111,280.26667,1.17778,2.81481,43.95556,3096.81111,2.06667,93.63333,131.72222,35.5,1.0,4.86667,1.0,1.97778,12.53333,ASC_2A_3
1564.46667,91.71111,130.88889,61.79259,1597.83333,351.91111,1.08889,1.0,30.06667,2986.58889,2.18519,75.18889,112.72222,32.61111,1.0,2.98519,3.77778,1.8,13.86667,ASC_2A_4
1280.46667,67.15556,117.0,44.57778,1726.94444,333.46667,1.0,2.81481,35.84444,2897.25556,1.84444,90.74444,91.72222,12.94444,1.77778,6.47407,1.0,2.46667,15.64444,ASC_2A_5
1865.02222,99.37778,121.0,62.71111,1727.16667,295.42222,1.0,3.92593,40.84444,2782.14444,1.41481,97.52222,116.61111,31.72222,1.0,3.42963,1.0,2.6,11.86667,ASC_2A_6
1483.57778,67.26667,133.77778,10.41481,1488.05556,278.26667,1.0,5.35185,38.84444,2671.7,2.07407,80.41111,83.83333,18.72222,1.0,8.02963,1.0,3.71111,15.42222,ASC_2A_7
1638.13333,71.2,117.88889,35.2963,1511.05556,335.6,1.0,5.94444,37.84444,2551.58889,1.74815,83.07778,89.05556,18.87037,1.0,3.42963,1.0,2.24444,9.08889,ASC_2A_8
1279.46667,53.15556,111.55556,19.82963,1473.27778,362.37778,1.0,1.90741,31.17778,2483.25556,1.51852,92.96667,79.94444,11.2037,1.0,4.86667,1.0,2.31111,9.86667,ASC_2A_9
5294.74444,150.12222,141.85556,242.6,1661.93333,1366.7037,1.0,2.02963,47.68889,3242.03333,2.51852,159.03333,451.16667,9.22222,1.0,4.44444,1.0,4.22222,38.86667,ASC_2B_0
5186.85556,143.01111,124.52222,150.27407,1532.82222,76.90741,1.0,4.08889,52.46667,3001.03333,2.17037,150.92222,128.61111,13.33333,1.0,5.22222,2.88889,5.44444,25.2,ASC_2B_1
4618.41111,175.45556,127.52222,154.82222,1580.15556,162.5,1.0,3.05926,68.02222,2937.36667,2.08148,133.47778,128.83333,8.77778,1.0,5.22222,1.88889,1.22222,27.75556,ASC_2B_2
5035.52222,185.56667,163.74444,214.37778,1593.26667,1172.92593,1.1,3.05926,46.02222,2796.25556,1.21481,144.81111,456.94444,7.55556,1.0,5.33333,1.0,3.66667,27.42222,ASC_2B_3
4759.85556,139.12222,146.41111,185.93333,1481.82222,851.48148,1.0,5.11852,48.8,2690.92222,2.3037,157.25556,194.38889,14.0,1.0,5.22222,1.0,3.22222,26.97778,ASC_2B_4
4813.74444,193.67778,210.63333,155.15556,1747.93333,2564.03704,1.1,5.28148,32.35556,2628.25556,2.19259,143.36667,804.61111,11.66667,1.0,11.55556,1.88889,1.66667,23.53333,ASC_2B_5
4791.41111,188.78889,139.52222,152.48889,1607.71111,1568.05556,1.0,9.56296,46.57778,2534.25556,3.17037,140.14444,386.61111,10.33333,1.0,6.33333,1.0,1.88889,25.75556,ASC_2B_6
5074.63333,133.01111,155.41111,137.27407,1483.93333,1760.59259,1.2,1.0,48.35556,2418.36667,1.96296,128.25556,288.5,11.66667,1.0,7.11111,1.0,4.22222,23.97778,ASC_2B_7
4045.63333,123.01111,90.41111,149.6,1427.04444,42.22222,1.0,4.17037,49.24444,2282.58889,1.53333,130.7,115.83333,5.88889,1.0,9.11111,1.0,3.0,24.86667,ASC_2B_8
5058.63333,162.34444,178.18889,172.93333,1539.82222,2089.72222,1.1,1.0,41.8,2204.03333,2.73333,122.92222,693.94444,5.0,1.0,7.22222,3.88889,3.66667,17.77037,ASC_2B_9
1798.86667,101.28889,284.32222,85.35556,1452.15556,31.44444,1.0,4.84444,71.18889,847.75556,1.86667,139.2,76.17778,11.91111,1.0,4.44444,1.88889,3.44444,17.12593,ASC_3A_0
1676.97778,87.06667,230.54444,92.61852,1676.82222,47.88889,1.0,1.91111,47.07778,664.97778,1.32222,117.2,68.73333,10.82222,1.0,3.17778,1.88889,1.66667,12.34815,ASC_3A_1
1699.75556,104.51111,223.97778,74.3963,1496.04444,9.0,1.0,1.0,62.3,569.97778,1.54815,145.73333,72.94815,1.71111,1.0,2.66667,3.77778,1.66667,10.0963,ASC_3A_2
1725.86667,112.51111,206.1,107.14444,1532.15556,28.88889,1.0,3.73333,62.96667,496.86667,1.32963,119.97778,57.62222,17.24444,1.0,2.86667,2.77778,2.33333,10.07407,ASC_3A_3
1829.97778,106.28889,193.65556,54.98148,1589.6,21.33333,1.0,1.91111,58.85556,496.86667,1.87037,99.97778,55.84444,8.66667,1.0,2.62222,2.88889,3.44444,6.45926,ASC_3A_4
1626.86667,92.28889,174.21111,117.77037,1558.26667,20.88889,1.06667,3.02222,59.74444,460.31111,1.32222,107.2,47.06667,9.24444,1.0,1.93333,1.88889,2.88889,5.23704,ASC_3A_5
1366.08889,77.17778,174.87778,79.72963,1534.26667,23.22222,1.0,4.84444,45.96667,434.2,1.32222,99.31111,48.17778,6.77778,1.0,2.17778,2.77778,1.22222,7.68148,ASC_3A_6
1758.86667,67.06667,194.98889,55.88148,1740.93333,39.55556,1.0,4.24444,58.18889,402.86667,1.43333,89.08889,61.95556,3.93333,1.0,1.68889,1.0,3.0,3.40741,ASC_3A_7
1447.42222,92.28889,176.1,46.17407,1601.48889,27.0,1.0,1.91111,56.85556,402.86667,1.54074,119.75556,61.95556,3.31111,1.0,2.86667,2.88889,3.22222,5.6,ASC_3A_8
1220.42222,70.95556,158.53333,51.8,991.15556,45.88889,1.0,4.84444,52.45185,402.86667,1.75926,83.62222,55.51111,4.75556,1.0,1.48889,1.0,1.66667,2.85185,ASC_3A_9
7016.63333,172.65556,723.34444,109.57778,7250.75556,120.4,1.0,9.40741,122.37778,3139.21111,3.63704,433.3,150.66667,12.45556,1.0,11.87407,17.0,13.88889,71.55556,ASC_3B_0
6742.85556,167.54444,701.12222,86.35556,7314.2,38.15185,1.17778,9.88148,112.37778,2709.21111,2.91111,430.18889,138.55556,10.67778,1.0,8.23704,9.44444,13.77778,64.88889,ASC_3B_1
6679.74444,107.98889,442.34444,48.14444,7436.42222,518.92963,1.08889,3.6963,92.04444,2232.32222,1.57778,299.18889,129.55556,13.28148,1.0,9.57037,9.22222,3.33333,51.0,ASC_3B_2
4329.96667,92.1,321.67778,57.91111,5244.97778,301.15185,1.08889,4.91852,60.04444,1870.54444,1.11852,186.41111,90.22222,9.45556,1.0,8.82222,7.55556,5.33333,30.11111,ASC_3B_3
5069.96667,119.1,254.45556,91.68889,6070.53333,424.34815,1.0,13.28148,55.93333,1686.98889,1.17778,139.74444,102.66667,17.23333,1.0,4.99259,4.55556,3.33333,24.44444,ASC_3B_4
4902.63333,128.21111,341.34444,107.02222,6487.97778,364.76667,1.17778,10.26667,85.04444,1487.65556,1.96296,199.18889,126.0,12.12222,1.77778,4.1037,6.55556,3.66667,24.0,ASC_3B_5
4797.3,110.1,405.9,112.01111,5895.53333,54.5963,1.0,1.79259,89.04444,1382.32222,2.41481,255.41111,132.0,7.9,1.0,11.01481,1.88889,6.11111,37.66667,ASC_3B_6
4857.18889,87.87778,214.34444,89.36667,7350.97778,200.48519,1.0,7.5037,65.93333,1314.43333,1.62222,145.74444,87.88889,20.94815,1.77778,5.6,9.55556,3.88889,21.55556,ASC_3B_7
5307.41111,87.76667,234.45556,33.16667,6191.86667,212.67407,1.0,1.79259,58.04444,1246.54444,1.45926,136.96667,93.44444,12.12222,1.0,3.1037,1.0,5.22222,18.25926,ASC_3B_8
4585.96667,93.76667,266.23333,68.81111,5756.08889,389.4,1.0,4.48889,67.37778,1173.1,1.11852,175.52222,121.0,29.67778,1.0,6.48889,4.77778,4.22222,24.81481,ASC_3B_9
1038.01111,91.18889,186.77778,53.02222,1448.66667,2916.66667,1.0,1.98889,29.95556,989.14444,1.18519,87.92222,410.82222,11.88889,1.0,3.35556,1.88889,1.86667,5.64444,ASC_3C_0
955.56667,47.74444,192.77778,86.35556,1150.11111,1747.55556,1.08148,6.18889,29.95556,815.81111,1.18519,97.7,235.6,6.55556,1.0,2.42222,2.88889,4.28889,8.86667,ASC_3C_1
1285.23333,62.96667,195.11111,73.34074,1456.22222,1782.22222,1.3037,1.98889,28.51111,737.36667,1.40741,101.88148,396.04444,9.44444,1.0,1.93333,2.88889,2.31111,8.15556,ASC_3C_2
989.78889,49.74444,161.22222,73.22963,1113.33333,328.88889,1.08148,1.98889,38.06667,685.14444,1.38889,113.81111,109.93333,14.22222,1.0,4.68889,3.66667,3.17778,8.31111,ASC_3C_3
1121.34444,50.63333,155.0,80.8963,1026.33333,949.88889,1.27407,1.98889,36.4,643.36667,1.18519,119.1037,259.71111,9.22222,1.77778,2.86667,2.88889,3.83333,7.75556,ASC_3C_4
1143.34444,42.71111,230.77778,50.24444,940.55556,16.88889,1.0,3.96667,39.95556,617.25556,1.72222,145.14444,72.37778,6.88889,1.0,2.17778,2.88889,5.15556,7.48889,ASC_3C_5
1395.34444,127.41111,222.55556,80.65926,1221.22222,717.22222,1.0,1.0,44.84444,559.03333,1.94444,133.92222,190.93333,6.0,1.0,2.17778,4.55556,2.52222,7.71111,ASC_3C_6
1349.67778,170.96667,222.88889,103.77037,1210.44444,3270.0,1.08148,5.2,32.17778,548.36667,1.2963,105.25556,452.15556,8.22222,1.0,1.97778,1.88889,2.97778,6.46667,ASC_3C_7
1132.01111,70.96667,152.77778,126.64444,1634.22222,1156.88889,1.0,1.98889,25.06667,548.36667,1.72222,79.36667,269.93333,9.88889,1.0,2.62222,1.88889,2.52222,6.48889,ASC_3C_8
1488.12222,75.18889,228.77778,73.35556,1240.88889,111.44444,1.08148,1.98889,50.17778,548.36667,1.55556,166.7,81.48889,10.44444,1.0,2.42222,3.88889,5.48889,8.42222,ASC_3C_9
1103.3,68.65556,120.85556,73.9037,1277.63333,403.48889,1.11111,2.98148,28.38889,2026.78889,1.31111,87.36667,78.47778,48.23333,1.0,11.08889,3.88889,1.22222,12.4,ASC_4A_0
967.18889,59.86667,87.07778,73.04444,1026.18889,306.82222,1.0,2.74074,21.83333,1664.78889,1.0,58.84444,55.21481,56.67778,1.0,11.63704,1.0,1.66667,8.04444,ASC_4A_1
1156.18889,165.65556,120.63333,63.59259,1066.18889,314.91111,1.0,1.87037,18.83333,1434.23333,1.20741,91.81111,72.92222,46.34444,1.0,7.58519,6.77778,1.44444,11.17778,ASC_4A_2
1252.96667,90.2,121.96667,82.54074,1031.85556,185.6,1.44444,3.61111,21.27778,1318.34444,1.1037,75.58889,63.88148,48.67778,1.0,11.80741,3.88889,1.66667,10.87407,ASC_4A_3
946.18889,50.85556,103.07778,50.81481,897.96667,203.91111,1.0,1.0,14.61111,1198.23333,1.0,50.17778,66.32593,43.56667,1.77778,6.20741,1.88889,1.88889,8.9037,ASC_4A_4
1497.07778,207.21111,186.52222,89.34815,1175.52222,798.75556,1.22222,2.74074,18.5,1098.78889,1.20741,94.7,89.03333,35.67778,1.0,11.52593,3.88889,2.33333,10.31852,ASC_4A_5
981.52222,81.97778,94.41111,103.0963,1046.74444,347.91111,1.0,1.0,22.83333,1066.67778,1.1037,59.92222,58.7,37.12222,1.0,9.47407,1.0,1.88889,10.45926,ASC_4A_6
1008.07778,84.08889,105.07778,97.01481,1069.07778,210.37778,1.0,4.72222,17.72222,977.9,1.31111,69.7,57.28519,36.45556,1.0,5.31852,1.0,1.0,8.76296,ASC_4A_7
1912.41111,86.87778,242.41111,87.54074,1446.63333,337.57778,1.22222,3.85185,17.38889,904.78889,1.0,77.36667,75.92222,23.23333,1.0,4.42222,10.55556,3.44444,8.51111,ASC_4A_8
1540.07778,102.1,163.63333,74.87407,1160.63333,586.48889,1.33333,4.96296,19.38889,878.67778,1.0,80.14444,64.81111,31.34444,1.0,7.75556,8.77778,1.66667,10.54074,ASC_4A_9
5006.82222,201.36667,132.06667,192.58889,2340.41111,107.24444,1.09259,4.33333,19.38889,1097.01111,1.0,132.17778,79.86667,16.91111,1.0,4.0,2.77778,1.44444,12.31111,ASC_4B_0
4967.37778,202.47778,108.73333,254.03333,2699.74444,146.65926,1.0,1.0,17.83333,1008.23333,1.0,133.51111,79.08889,10.48889,1.0,5.77778,3.88889,1.44444,11.26667,ASC_4B_1
5118.6,158.14444,98.84444,197.58889,2398.96667,229.2037,1.27778,1.0,20.05556,934.56667,1.0,116.28889,83.42222,12.13333,1.0,7.55556,1.0,3.44444,9.15556,ASC_4B_2
5098.26667,173.14444,129.73333,187.14444,3035.41111,250.91111,1.0,11.11111,21.27778,913.23333,1.33333,134.28889,92.2,5.8,1.0,4.55556,4.77778,3.88889,14.04444,ASC_4B_3
5822.15556,196.58889,141.51111,223.47778,3060.85556,432.95185,1.09259,8.77778,20.16667,861.01111,1.0,144.4,80.31111,7.24444,1.0,7.66667,2.77778,2.77778,14.26667,ASC_4B_4
5400.26667,195.47778,133.62222,241.36667,2574.07778,84.46667,1.09259,4.33333,18.72222,819.23333,1.22222,141.95556,70.64444,12.57778,1.0,5.66667,3.88889,2.66667,11.15556,ASC_4B_5
4283.93333,199.36667,119.06667,179.47778,2482.41111,180.81111,1.0,6.55556,23.16667,808.78889,1.0,139.17778,77.97778,17.51111,1.0,5.33333,1.0,1.22222,12.04444,ASC_4B_6
5259.26667,199.47778,123.06667,179.58889,2619.07778,64.54815,1.0,4.33333,16.5,740.9,1.0,135.17778,71.08889,5.71111,1.0,5.44444,1.0,2.88889,13.48889,ASC_4B_7
4913.82222,179.36667,109.51111,207.81111,2335.18889,107.54815,1.0,3.22222,16.83333,725.23333,1.11111,138.06667,55.42222,14.73333,1.0,5.88889,1.0,1.66667,8.37778,ASC_4B_8
4546.04444,194.47778,118.62222,189.81111,2418.18889,68.13333,1.0,2.11111,16.27778,725.23333,1.0,123.28889,54.75556,4.24444,1.0,2.77778,3.66667,1.44444,10.04444,ASC_4B_9
7760.22222,133.82222,117.33333,270.44444,1133.55556,122.73333,1.0,3.22222,23.77778,837.51111,1.22222,112.72222,57.1,24.66667,1.0,4.0,3.77778,2.55556,15.65556,ASC_4C_0
8003.55556,152.82222,114.11111,267.66667,1151.22222,159.23704,1.0,1.0,27.22222,764.4,1.0,128.27778,54.98889,23.44444,1.0,2.68889,1.88889,1.66667,17.43333,ASC_4C_1
8434.66667,161.04444,103.0,319.55556,1115.77778,204.5963,1.0,7.66667,26.88889,733.06667,1.0,137.16667,64.98889,26.44444,1.0,5.0,1.88889,1.22222,16.87778,ASC_4C_2
7278.33333,119.71111,106.66667,293.66667,1139.66667,136.45926,1.0,2.11111,26.22222,717.4,1.11111,112.05556,59.65556,18.66667,1.0,2.17778,1.0,1.0,16.87778,ASC_4C_3
6939.0,156.26667,121.55556,229.11111,993.66667,354.57037,1.0,6.55556,21.88889,638.06667,1.0,95.16667,51.87778,7.77778,1.0,7.37778,3.77778,1.22222,8.76667,ASC_4C_4
6387.44444,115.82222,90.66667,139.0,882.66667,28.78519,1.0,5.44444,21.77778,638.06667,1.0,90.05556,42.1,6.55556,1.0,4.0,1.88889,2.55556,10.43333,ASC_4C_5
6919.11111,123.71111,85.11111,275.55556,1110.66667,106.04074,1.11111,2.11111,21.22222,638.06667,1.0,127.5,59.1,5.0,1.0,2.86667,3.77778,1.44444,13.98889,ASC_4C_6
8257.33333,196.26667,123.0,324.44444,1060.44444,173.68148,1.0,8.77778,22.88889,611.95556,1.0,105.94444,57.21111,6.66667,1.0,3.75556,2.88889,2.0,11.54444,ASC_4C_7
7563.0,169.04444,114.66667,244.55556,1071.11111,124.48519,1.11111,1.0,23.44444,591.06667,1.11111,99.83333,52.65556,12.44444,1.0,1.24444,1.88889,1.22222,12.98889,ASC_4C_8
5880.44444,113.6,109.88889,177.44444,942.77778,65.06667,1.0,5.44444,20.22222,580.62222,1.11111,100.27778,59.98889,8.88889,1.71852,2.86667,2.77778,1.0,12.43333,ASC_4C_9
1671.83333,55.93333,238.12222,84.99259,2037.67778,53.88889,1.0,1.0,56.58889,827.36667,2.39259,239.13333,92.28889,4.0,1.0,2.4963,1.0,2.68889,11.91111,ASC_5A_0
1504.94444,55.15556,205.12222,65.37037,1786.34444,80.77778,1.11111,2.07037,71.7,743.7,2.16296,226.8,79.62222,3.33333,1.77778,3.24444,1.0,2.68889,8.24444,ASC_5A_1
1845.83333,46.75556,219.12222,50.57778,2076.01111,19.11111,1.0,3.14074,58.47778,675.81111,2.51852,223.91111,76.84444,4.84444,1.0,1.60741,1.0,2.04444,9.57778,ASC_5A_2
1908.16667,43.04444,197.78889,108.64444,2099.78889,12.77778,1.11111,3.18148,70.03333,665.36667,2.17778,243.8,90.73333,3.91111,1.0,3.1037,1.0,1.84444,5.22963,ASC_5A_3
1595.72222,55.15556,219.56667,74.54815,1970.67778,76.55556,1.0,3.18148,75.81111,628.81111,2.28148,230.13333,78.95556,1.93333,1.0,2.8,1.0,3.26667,5.35556,ASC_5A_4
1918.05556,46.04444,232.01111,95.86667,2199.34444,5.0,1.0,5.32222,64.03333,575.7,2.95556,234.24444,79.28889,1.57778,1.0,3.40741,2.64444,3.35556,8.00741,ASC_5A_5
1858.27778,63.15556,268.78889,98.31111,2181.78889,6.88889,1.0,3.18148,75.47778,570.36667,2.94074,221.46667,65.57778,7.15556,1.0,1.74815,3.46667,3.77778,9.13333,ASC_5A_6
2113.05556,39.82222,179.12222,55.57778,2088.9,13.0,1.11111,3.18148,73.36667,554.7,1.95556,207.8,92.06667,4.55556,1.0,1.91111,1.82222,2.04444,6.8963,ASC_5A_7
1927.72222,54.04444,182.67778,75.2,2048.67778,9.0,1.0,2.07037,75.92222,523.36667,2.19259,191.57778,76.51111,2.02222,1.0,1.74815,2.64444,2.48889,3.75556,ASC_5A_8
2143.16667,77.26667,215.78889,87.65926,2152.12222,101.33333,1.11111,5.36296,77.92222,476.36667,2.17037,231.13333,94.4,4.51111,1.77778,4.54815,1.0,3.13333,8.46667,ASC_5A_9
2795.07778,93.96667,224.41111,62.54815,1591.26667,53.66667,1.0,1.95185,28.9,1437.15556,1.61111,254.57778,47.21111,47.56667,1.0,2.55556,4.66667,1.66667,6.8,ASC_5B_0
3015.85556,109.3,236.52222,78.24444,1818.71111,19.22222,1.0,2.9037,40.34444,1164.48889,1.41111,239.35556,53.54444,32.12222,1.0,4.55556,1.0,1.0,11.24444,ASC_5B_1
3201.85556,92.07778,242.74444,117.02222,1707.15556,31.0,1.1037,1.95185,35.9,1086.04444,1.2,207.46667,51.1,41.67778,1.0,1.33333,1.0,2.33333,8.08148,ASC_5B_2
3741.18889,88.07778,257.63333,123.34074,1868.37778,21.0,1.0,4.01481,36.78889,1007.71111,1.62222,264.13333,52.65556,31.78889,1.0,2.88889,1.0,2.55556,9.35556,ASC_5B_3
3873.74444,111.41111,251.85556,122.13333,1853.71111,17.0,1.0,4.01481,35.34444,955.26667,1.42222,280.35556,50.76667,56.67778,1.77778,3.0,1.88889,1.88889,11.91111,ASC_5B_4
3828.96667,110.52222,273.74444,99.13333,1915.48889,43.22222,1.0,7.02963,41.45556,917.93333,1.4,301.68889,62.98889,41.78889,1.0,3.66667,1.0,1.44444,10.57778,ASC_5B_5
3727.96667,102.3,240.18889,153.13333,1833.15556,25.22222,1.0,4.96667,37.12222,891.82222,1.83333,248.35556,51.1,30.78889,1.0,2.55556,1.0,1.22222,10.46667,ASC_5B_6
3779.18889,111.18889,250.96667,140.24444,1756.37778,9.0,1.0,3.06296,35.78889,829.15556,1.4,267.02222,57.87778,47.78889,1.0,2.88889,1.0,2.55556,9.25185,ASC_5B_7
4078.74444,106.41111,253.18889,103.77037,1932.82222,17.0,1.0,5.91852,36.67778,823.93333,1.73333,261.13333,58.32222,64.01111,1.77778,2.55556,1.88889,1.22222,10.13333,ASC_5B_8
3969.41111,119.41111,267.18889,95.00741,1871.93333,10.77778,1.0,2.9037,42.67778,823.93333,1.61111,276.91111,54.21111,44.01111,1.0,1.0,1.0,2.33333,8.57778,ASC_5B_9
2003.56667,108.3,102.56667,76.18519,2864.15556,10.33333,1.0,2.41481,17.15556,978.2,1.0,128.71111,41.96667,2.44444,1.0,6.0,1.0,2.33333,9.62222,ASC_6A_0
1721.45556,91.15556,95.9,66.88889,2277.26667,25.5,1.0,9.4963,15.6,899.42222,1.44444,140.93333,54.41111,1.55556,1.0,3.77778,2.77778,1.44444,11.95556,ASC_6A_1
1866.45556,104.07778,97.67778,55.51852,2416.82222,35.66667,1.0,3.52593,18.15556,851.86667,1.11111,123.04444,38.74444,2.44444,1.0,4.66667,1.88889,2.11111,12.28889,ASC_6A_2
1612.34444,89.18889,92.78889,50.51852,1976.93333,59.77778,1.11111,2.81852,14.37778,804.86667,1.11111,127.71111,34.18889,3.66667,1.0,1.0,1.0,1.66667,10.17778,ASC_6A_3
1715.23333,83.18889,87.67778,91.62963,2317.93333,34.27778,1.0,5.85926,17.71111,773.53333,1.33333,131.6,38.96667,1.55556,1.0,4.11111,1.88889,1.44444,9.95556,ASC_6A_4
2321.67778,97.18889,94.45556,64.7037,3510.48889,12.44444,1.0,1.70741,13.15556,773.53333,1.11111,127.71111,53.85556,10.22222,1.0,4.77778,1.0,1.44444,8.84444,ASC_6A_5
2270.67778,75.96667,91.78889,42.62963,3133.48889,80.88889,1.11111,4.23333,15.93333,726.53333,1.0,133.15556,42.85556,5.0,1.0,4.88889,2.88889,1.66667,10.73333,ASC_6A_6
1891.01111,98.18889,98.45556,47.85185,2602.71111,7.77778,1.0,4.94074,14.93333,705.64444,1.0,132.71111,44.07778,6.66667,1.0,6.88889,3.77778,1.22222,10.95556,ASC_6A_7
1659.34444,90.3,98.56667,59.81481,2099.93333,18.55556,1.0,2.81852,14.15556,679.53333,1.0,135.15556,39.52222,4.88889,1.0,9.11111,1.0,1.0,13.62222,ASC_6A_8
1708.56667,83.07778,84.23333,58.07407,2618.37778,31.55556,1.0,1.0,12.82222,679.53333,1.0,124.37778,36.85556,7.33333,1.0,3.33333,1.88889,1.0,9.17778,ASC_6A_9
1199.94444,32.61111,94.61111,53.08889,1189.63333,158.33333,1.0,3.22222,23.08889,1298.17778,1.44444,145.05556,62.07778,21.34444,1.0,3.54815,1.0,1.22222,12.80741,ASC_6B_0
1160.72222,39.72222,95.5,71.46667,1130.41111,201.33333,1.0,4.33333,17.53333,1088.62222,1.0,121.94444,50.07778,11.14444,1.0,3.54815,1.88889,1.44444,11.58519,ASC_6B_1
1169.83333,51.83333,107.05556,36.93333,1134.52222,308.22222,1.0,2.11111,19.86667,1005.06667,1.0,138.72222,64.41111,10.8,1.0,4.2963,1.0,1.22222,12.86667,ASC_6B_2
1151.38889,42.83333,87.72222,39.11111,1091.63333,172.77778,1.0,3.22222,17.64444,915.4,1.22222,128.61111,52.85556,12.24444,1.0,3.40741,1.0,1.66667,10.91852,ASC_6B_3
1260.16667,55.94444,96.83333,49.55556,1153.63333,152.0,1.0,5.44444,24.64444,910.06667,1.11111,137.72222,56.85556,16.9,1.0,2.35556,1.88889,1.22222,10.31111,ASC_6B_4
1153.27778,34.61111,95.38889,51.4,1128.63333,306.22222,1.0,3.22222,19.31111,836.95556,1.0,112.61111,49.96667,7.93333,1.0,4.40741,1.0,1.44444,9.42222,ASC_6B_5
1224.83333,48.72222,71.83333,39.6,1128.85556,187.33333,1.0,6.55556,20.2,816.06667,1.0,108.83333,46.74444,13.91111,1.0,3.1037,2.77778,1.0,7.31111,ASC_6B_6
1154.27778,43.72222,72.94444,46.17778,1119.18889,27.22222,1.0,3.22222,14.2,774.28889,1.11111,92.5,37.18889,10.91111,1.0,1.74815,1.88889,1.22222,9.31111,ASC_6B_7
1142.61111,42.5,80.83333,54.93333,1096.3,240.55556,1.0,3.22222,15.97778,732.51111,1.0,99.61111,41.96667,11.82222,1.0,2.05185,1.88889,1.0,8.25185,ASC_6B_8
1350.5,39.44444,76.94444,94.46667,1168.96667,64.0,1.0,4.33333,18.53333,722.06667,1.11111,124.94444,37.18889,4.92222,1.0,3.99259,1.0,1.0,7.86667,ASC_6B_9
2545.77778,58.85556,156.07778,91.18519,1533.23333,742.32222,1.0,4.33333,17.45556,1246.72222,1.11111,63.97778,74.46667,16.65926,1.0,3.81481,1.0,1.22222,10.99259,ASC_6C_0
2548.22222,71.85556,129.41111,59.2963,1435.45556,1001.7,1.1037,4.33333,14.56667,969.05556,1.33333,59.53333,151.02222,8.47037,1.0,2.66667,1.82222,1.22222,10.64444,ASC_6C_1
2979.22222,80.07778,174.52222,135.44444,1365.78889,1154.4,1.31852,1.0,11.65185,801.27778,1.0,54.08889,155.02222,3.12963,1.0,5.96296,2.64444,2.33333,9.21481,ASC_6C_2
2487.44444,73.85556,140.3,65.40741,1647.01111,1119.14444,1.0,4.33333,15.34444,701.72222,1.33333,59.86667,176.02222,2.8037,1.0,3.62963,1.0,2.55556,12.75556,ASC_6C_3
3203.55556,70.82222,122.52222,104.55556,1525.9,649.06667,1.0,8.77778,16.12222,607.72222,1.44444,72.53333,112.91111,4.27407,1.0,4.18519,1.0,1.44444,10.2,ASC_6C_4
2611.88889,52.74444,116.63333,83.40741,1408.45556,643.54444,1.0,1.0,13.76296,571.05556,1.22222,63.97778,64.68889,2.91481,1.0,3.81481,2.82222,1.0,9.64444,ASC_6C_5
2939.77778,82.96667,97.96667,91.03704,1442.78889,569.54444,1.0,3.22222,15.67778,507.5,1.66667,61.31111,51.91111,6.85556,1.0,6.03704,1.0,1.44444,10.08889,ASC_6C_6
3425.55556,84.18889,103.85556,101.88889,1356.56667,723.76667,1.0,5.44444,12.56667,460.5,1.44444,57.53333,74.45185,1.0,1.0,2.66667,1.0,1.22222,8.99259,ASC_6C_7
2532.33333,79.07778,93.74444,86.18519,1407.67778,503.76667,1.0,2.11111,14.23333,423.94444,1.33333,52.75556,89.24444,3.3,1.0,2.22222,2.82222,2.33333,6.88148,ASC_6C_8
2683.44444,82.93333,98.63333,65.62963,1305.23333,262.83333,1.0,2.11111,14.12222,413.5,1.11111,58.02963,74.22963,1.13704,1.0,5.33333,1.0,1.44444,6.67407,ASC_6C_9
2022.05556,135.73333,109.15556,79.71111,1482.75556,22.2963,1.0,5.84444,20.01111,900.26667,1.0,174.23333,70.02222,11.15556,1.0,4.0,1.0,1.2,13.4,ASC_7A_0
2155.16667,135.73333,119.04444,37.0,1649.08889,70.88889,5.63704,7.06667,21.9,806.04444,1.0,212.56667,65.8,17.4,1.0,4.0,3.66667,1.2,16.84444,ASC_7A_1
2158.5,151.62222,146.82222,16.97778,1718.42222,66.14815,1.0,2.98519,25.9,753.82222,1.0,228.78889,71.13333,34.61481,1.0,5.0,1.88889,1.0,18.84444,ASC_7A_2
1787.72222,98.4,123.6,43.17778,1353.97778,32.31481,3.20741,2.74815,18.56667,701.6,1.0,193.56667,55.13333,6.05926,1.0,3.55556,2.88889,1.2,13.06667,ASC_7A_3
2151.27778,132.51111,108.6,69.91111,1562.97778,14.38889,1.0,9.81481,24.34444,654.6,1.11111,189.23333,73.13333,9.71111,1.0,5.37778,1.0,1.0,11.51111,ASC_7A_4
2194.94444,132.62222,136.37778,77.57778,1654.75556,8.16667,1.0963,2.98519,27.67778,606.6,1.11111,217.78889,75.8,4.95556,1.0,4.55556,3.66667,1.2,15.28889,ASC_7A_5
1976.94444,119.62222,126.04444,32.84444,1537.75556,10.27778,1.0963,3.62222,17.01111,596.15556,1.0,240.23333,55.02222,6.27407,1.0,3.11111,1.0,1.0,10.4,ASC_7A_6
2104.72222,103.4,125.26667,50.95556,1615.64444,15.33333,1.0963,2.98519,22.9,559.6,1.0,225.12222,63.68889,7.95556,1.0,3.06667,1.0,1.2,16.84444,ASC_7A_7
1852.38889,105.28889,118.82222,20.6,1370.75556,30.83333,1.0,1.0,17.23333,512.6,1.0,177.23333,52.91111,22.16296,1.0,2.86667,1.88889,2.28889,9.68889,ASC_7A_8
2099.5,144.62222,117.71111,95.57778,1472.53333,16.5,1.0,3.85926,25.45556,512.6,1.0,201.01111,60.46667,3.28889,1.0,2.37778,2.77778,1.2,10.73333,ASC_7A_9
1223.81111,121.22222,131.68889,77.31111,1054.67778,151.17778,1.0,1.0,92.26667,3190.68889,8.41111,210.72222,257.1,8.11111,2.55556,1.33333,2.82222,3.33333,22.45556,ASC_7B_0
1574.58889,92.0,112.91111,103.31111,1095.23333,74.28889,1.11111,1.99259,105.48889,3054.13333,9.3,237.94444,310.54444,15.44444,1.0,2.55556,1.82222,4.0,23.34444,ASC_7B_1
1642.7,79.66667,130.35556,94.46667,1185.45556,267.15556,1.0,1.0,104.48889,2949.24444,9.08148,250.94444,300.1,7.33333,1.0,5.11111,2.82222,4.95556,25.78889,ASC_7B_2
1298.14444,97.88889,120.02222,119.62222,1133.01111,184.53333,1.0,1.0,89.26667,2849.46667,7.52222,247.27778,266.98889,10.0,1.0,3.44444,1.82222,4.64444,24.12222,ASC_7B_3
1887.58889,71.55556,125.35556,150.62222,1152.45556,82.04444,1.22222,1.0,91.71111,2765.91111,6.74444,251.5,252.54444,2.66667,1.0,2.44444,3.64444,6.2,23.78889,ASC_7B_4
1655.47778,117.88889,122.68889,160.73333,1124.01111,207.55556,1.0,2.98519,101.48889,2702.91111,6.18889,241.72222,266.65556,7.66667,1.0,3.22222,1.82222,6.2,30.67778,ASC_7B_5
1483.81111,120.11111,105.46667,115.02222,1195.12222,211.48889,1.11111,1.99259,95.71111,2629.13333,6.96667,240.05556,271.43333,10.66667,1.0,4.66667,1.0,5.55556,22.67778,ASC_7B_6
1322.36667,124.0,124.8,104.28889,1162.12222,174.37778,1.0,4.0963,99.15556,2550.8,5.63333,251.72222,214.43333,4.22222,1.77778,3.44444,1.0,3.46667,21.56667,ASC_7B_7
1209.36667,104.11111,111.46667,63.57778,1221.45556,190.28889,1.11111,1.99259,96.71111,2550.8,6.3,241.38889,245.98889,7.66667,1.0,4.0,1.0,5.4,25.12222,ASC_7B_8
1601.03333,129.33333,115.35556,86.68889,1153.9,165.8,1.11111,1.0,102.71111,2456.8,6.08148,240.94444,279.32222,6.88889,1.77778,3.22222,1.0,6.4,30.23333,ASC_7B_9
3672.12222,1011.73333,840.57778,201.52593,3159.93333,554.26667,1.0,7.07407,51.16667,2544.06667,1.44444,160.8,128.03333,63.0,1.77778,41.22222,13.33333,2.48889,12.31852,ASC_7C_0
2461.78889,746.28889,516.46667,136.41111,2073.04444,526.12593,1.22222,6.2,40.61111,1589.84444,1.66667,100.24444,94.36667,44.22222,1.0,29.22222,12.33333,1.4,9.87407,ASC_7C_1
2343.23333,807.84444,504.24444,133.85556,1672.04444,606.23704,1.0,1.0,41.27778,1201.73333,1.0,73.35556,59.7,48.88889,1.0,13.0,2.77778,1.64444,5.54074,ASC_7C_2
2193.9,478.26667,384.71111,110.63333,1471.37778,207.4,1.0,6.2,30.38889,1018.51111,1.22222,98.68889,86.47778,33.22222,1.0,12.44444,3.66667,1.64444,10.06667,ASC_7C_3
1938.9,439.65926,221.51111,97.85556,1064.26667,47.64444,1.0,23.52593,37.27778,866.4,1.88889,133.57778,113.14444,14.11111,1.77778,5.11111,4.88889,1.2,10.06667,ASC_7C_4
1639.34444,137.57778,121.51111,68.1963,789.04444,38.28148,1.11111,8.53333,27.38889,792.95556,2.0,122.35556,91.03333,12.66667,1.0,4.77778,4.77778,1.2,7.65185,ASC_7C_5
1529.56667,152.96296,125.84444,64.97037,750.71111,69.17037,1.0,8.3037,26.38889,740.73333,2.0,118.13333,100.36667,10.44444,1.77778,2.88889,1.88889,2.28889,9.17778,ASC_7C_6
1544.34444,125.46667,118.37778,41.63704,897.37778,151.28148,1.0,26.62222,35.27778,657.17778,1.66667,113.24444,102.47778,7.22222,1.0,4.22222,1.0,1.2,11.76296,ASC_7C_7
1466.67778,69.37778,74.24444,95.97037,1029.48889,17.72593,1.0,7.19259,30.16667,588.4,1.66667,157.24444,111.14444,6.88889,1.0,3.55556,1.0,4.0,10.54074,ASC_7C_8
1380.34444,141.74074,117.84444,43.2,866.82222,85.61481,1.0,4.0963,24.72222,583.06667,1.33333,78.24444,55.58889,13.33333,1.0,3.66667,1.0,1.4,5.26667,ASC_7C_9
1736.71111,81.06667,77.42222,43.79259,1577.08889,105.98889,1.0,1.87407,8.96296,497.94444,1.30741,157.62222,23.58519,8.62963,1.0,2.11111,1.0,1.0,6.40741,ASC_8A_0
2190.04444,110.58889,95.64444,46.97037,2002.2,139.53333,1.0,6.95556,9.66667,445.72222,1.08519,186.06667,35.58889,11.51852,1.0,3.22222,1.0,1.0,9.14815,ASC_8A_1
1454.71111,56.95556,54.64444,51.53333,1274.2,116.86667,1.0,5.60741,8.55556,409.16667,1.0,112.06667,13.13704,11.96296,1.0,1.33333,1.88889,1.66667,8.03704,ASC_8A_2
1878.71111,100.4,86.97778,80.41481,1728.31111,114.86667,1.0,3.62222,7.74074,409.16667,1.08519,163.06667,31.02593,3.18519,1.0,1.33333,2.77778,1.0,6.96296,ASC_8A_3
1775.93333,95.47778,81.97778,49.52593,1590.2,142.3,1.0,1.87407,8.33333,356.83333,1.0,144.73333,19.8037,5.03704,1.0,3.33333,1.0,1.0,6.51852,ASC_8A_4
1426.6,71.47778,71.75556,52.91852,1280.53333,213.42222,1.0,1.0,7.44444,314.16667,1.0,159.06667,25.47407,1.33333,1.0,1.66667,4.77778,1.44444,5.0,ASC_8A_5
1751.93333,73.25556,76.31111,75.19259,1601.75556,60.73333,1.0,1.0,8.66667,314.16667,1.0,138.84444,30.92222,6.88889,1.0,2.55556,1.0,1.0,5.74074,ASC_8A_6
1969.26667,91.58889,79.97778,68.36296,1615.08889,81.94444,1.09259,2.98519,9.0,314.16667,1.0,162.62222,29.80741,2.44444,1.77778,1.77778,3.77778,1.22222,5.7037,ASC_8A_7
1673.26667,66.36667,65.08889,72.63704,1576.2,95.62222,1.0,3.62222,6.85185,277.61111,1.0,185.17778,15.36296,5.62963,1.0,2.11111,4.88889,1.22222,5.7037,ASC_8A_8
1804.6,90.58889,83.64444,62.3037,1542.75556,193.63333,1.0,2.98519,10.22222,267.16667,1.0,173.17778,17.91852,1.85185,1.0,1.33333,5.88889,1.22222,6.37037,ASC_8A_9
970.96667,23.57778,61.15556,52.55556,841.36667,19.0,1.0,3.22222,18.02222,595.76667,1.0,119.17778,41.31111,1.33333,1.0,5.77778,1.0,1.0,7.35556,ASC_8B_0
998.3,35.01111,55.04444,72.74074,798.7,93.11111,1.0,4.33333,15.46667,533.1,1.0,130.17778,46.2,2.11111,1.0,4.66667,1.0,1.88889,8.17778,ASC_8B_1
933.85556,21.9,61.6,49.51852,783.92222,43.66667,1.0,3.22222,15.35556,496.54444,1.0,108.95556,34.77037,1.0,1.0,3.88889,1.0,2.55556,7.82222,ASC_8B_2
921.63333,17.68889,59.48889,50.0,719.25556,23.22222,1.0,1.0,15.46667,454.76667,1.0,98.06667,26.97778,1.22222,1.0,3.66667,1.0,1.0,7.02222,ASC_8B_3
904.74444,24.57778,62.93333,46.96296,764.81111,17.11111,1.0,5.44444,16.68889,454.76667,1.0,145.62222,52.08889,1.0,1.77778,5.0,1.0,3.22222,9.02222,ASC_8B_4
964.18889,34.01111,55.71111,27.25926,796.14444,82.77778,1.11111,4.33333,16.91111,454.76667,1.0,123.4,37.86667,1.11111,1.0,6.33333,1.0,1.88889,4.95556,ASC_8B_5
792.63333,12.93333,42.93333,37.48148,689.25556,4.77778,1.11111,6.55556,15.35556,454.76667,1.0,98.51111,27.42222,4.11111,1.0,2.11111,1.0,1.22222,7.46667,ASC_8B_6
911.41111,28.01111,50.93333,61.92593,786.25556,62.33333,1.0,3.22222,14.02222,433.87778,1.0,100.17778,25.99259,6.22222,1.0,2.44444,1.0,1.44444,7.46667,ASC_8B_7
971.63333,39.12222,56.82222,44.77778,788.92222,14.88889,1.0,3.22222,14.24444,407.76667,1.0,135.17778,35.75556,5.0,1.0,3.88889,1.0,1.0,9.04444,ASC_8B_8
870.07778,19.9,41.37778,37.22222,706.25556,10.88889,1.0,2.11111,13.35556,381.1,1.0963,103.06667,27.53333,4.66667,1.0,2.11111,1.0,1.0,6.13333,ASC_8B_9
953.85556,224.78889,386.64444,109.38889,897.06667,2787.68889,1.0,1.0,34.02222,4173.33333,1.22222,67.92222,152.84444,192.63333,1.0,5.0,13.33333,1.84444,27.84444,ASC_8C_0
978.85556,184.45556,282.08889,79.59259,846.73333,2974.46667,1.22222,4.17037,32.13333,3439.22222,1.0,70.92222,148.17778,188.3,1.0,10.66667,6.55556,2.48889,19.17778,ASC_8C_1
886.18889,144.23333,193.97778,102.7037,793.28889,2051.35556,1.0,2.02963,27.8,2930.66667,1.0,70.36667,116.51111,134.96667,1.0,4.55556,7.66667,2.93333,17.73333,ASC_8C_2
763.63333,127.9,237.2,44.57407,785.51111,2315.35556,1.0,2.02963,29.91111,2741.77778,1.22222,109.7,111.06667,127.85556,1.0,7.88889,2.88889,4.6,16.42963,ASC_8C_3
745.74444,146.23333,273.42222,35.44444,701.28889,1811.02222,1.22222,1.0,31.24444,2579.11111,1.0,78.81111,83.51111,120.74444,1.0,9.11111,8.55556,3.22222,16.4,ASC_8C_4
944.41111,140.23333,247.31111,105.37037,873.28889,2071.34074,1.11111,4.17037,24.91111,2338.11111,1.11111,106.25556,113.51111,134.74444,1.0,4.11111,5.66667,6.42222,16.73333,ASC_8C_5
866.52222,137.9,203.31111,82.03704,739.84444,1720.24444,1.0,4.17037,22.35556,2254.55556,1.11111,122.58889,107.06667,94.07778,1.0,5.88889,1.88889,4.24444,13.01481,ASC_8C_6
847.3,146.23333,232.64444,95.14815,776.28889,2269.24444,1.0,1.0,26.46667,2154.33333,1.33333,81.14444,109.17778,157.74444,1.0,8.33333,1.0,2.68889,16.17778,ASC_8C_7
896.63333,135.01111,225.08889,60.12963,877.06667,1903.46667,1.0,3.14074,32.57778,2065.55556,1.11111,101.36667,144.4,74.85556,1.0,9.0,1.0,5.57778,11.4,ASC_8C_8
803.96667,129.78889,213.75556,60.12963,733.28889,3372.35556,1.33333,1.0,19.26667,1981.88889,1.0,67.47778,102.95556,79.41111,1.0,13.55556,17.33333,2.48889,22.0963,ASC_8C_9
1366.38889,123.4,333.06667,49.02963,1428.44444,154.71481,1.0,3.02222,55.15556,1051.76667,3.0,205.38889,75.78889,47.33333,1.0,4.55556,3.77778,4.95556,65.75556,ASC_9A_0
1436.61111,111.4,372.06667,56.6963,1487.44444,164.17037,1.0,1.0,51.15556,926.32222,2.77778,197.05556,71.45556,14.22222,1.0,4.88889,4.77778,3.55556,52.75556,ASC_9A_1
1544.5,114.4,330.06667,55.63704,1501.77778,136.15926,1.22222,6.26667,49.71111,831.43333,2.0,199.16667,75.23333,10.55556,1.0,3.77778,2.77778,3.66667,58.08889,ASC_9A_2
1159.61111,80.95556,275.62222,55.02222,1177.33333,75.83704,1.0,1.0,49.93333,758.32222,3.11111,169.5,70.67778,6.77778,1.0,3.22222,2.88889,1.53333,37.2,ASC_9A_3
1514.27778,94.28148,323.62222,83.46667,1596.44444,135.97778,1.0,3.93333,50.26667,742.65556,2.88889,189.5,85.78889,14.88889,1.0,5.44444,1.0,4.53333,56.86667,ASC_9A_4
1411.05556,64.84444,266.28889,69.58519,1458.33333,46.87778,1.0,4.84444,51.71111,674.76667,2.44444,174.94444,75.23333,3.66667,1.0,4.77778,2.88889,2.42222,30.53333,ASC_9A_5
1152.61111,66.06667,240.51111,84.19259,1221.88889,59.57407,1.0,3.93333,56.71111,659.1,2.55556,191.72222,69.12222,1.77778,1.0,6.44444,1.88889,2.6,60.64444,ASC_9A_6
1385.05556,96.06667,288.17778,61.91852,1441.33333,24.68519,1.0,5.75556,54.15556,659.1,2.77778,204.27778,72.34444,6.0,1.0,2.55556,2.77778,2.86667,46.86667,ASC_9A_7
1060.94444,75.95556,231.4,53.3037,1154.55556,32.54444,1.0,1.91111,50.15556,653.87778,1.77778,153.72222,76.34444,2.11111,1.0,2.11111,1.0,3.4,43.97778,ASC_9A_8
1262.94444,59.95556,230.06667,58.52593,1352.22222,59.21111,1.0,3.73333,52.93333,612.1,1.55556,169.94444,73.01111,1.77778,1.0,2.88889,1.0,1.0,44.08889,ASC_9A_9
1873.92222,120.77778,382.47778,91.52222,2102.08889,94.88889,1.0,1.0,71.73333,1691.13333,2.55556,345.65556,97.74444,5.88889,1.0,4.11111,2.88889,3.22222,58.28889,ASC_9B_0
1902.25556,133.11111,361.7,117.63333,2065.31111,39.33333,1.0,6.55556,67.84444,1439.24444,2.66667,346.43333,93.07778,11.0,1.0,4.55556,4.77778,4.33333,52.4,ASC_9B_1
1757.25556,91.88889,308.36667,81.41111,1812.53333,25.0,1.1,2.11111,55.28889,1140.46667,1.55556,290.87778,77.74444,5.22222,1.0,2.88889,3.77778,3.22222,43.73333,ASC_9B_2
1761.25556,101.88889,293.7,73.52222,1833.42222,17.22222,1.0,1.0,60.17778,1009.8,1.88889,277.1,98.74444,3.33333,1.0,2.11111,2.88889,4.55556,33.4,ASC_9B_3
1516.7,76.66667,295.7,88.67407,1570.86667,1.0,1.0,5.44444,69.06667,951.8,1.77778,234.76667,105.96667,2.66667,1.0,3.22222,1.88889,2.55556,25.54074,ASC_9B_4
1692.81111,110.0,316.36667,86.41111,1773.86667,41.55556,1.1,2.11111,58.06667,930.46667,1.77778,303.65556,95.96667,2.66667,1.0,3.55556,1.0,6.22222,38.28889,ASC_9B_5
1510.58889,96.88889,259.7,122.74444,1600.64444,39.11111,1.0,1.0,56.4,899.13333,1.55556,257.87778,82.63333,3.33333,1.0,2.0,3.77778,2.66667,30.62222,ASC_9B_6
1587.47778,93.88889,297.58889,96.74444,1617.86667,27.22222,1.0,3.22222,60.4,836.46667,2.55556,249.43333,91.74444,3.0,1.0,3.33333,4.77778,2.11111,26.51111,ASC_9B_7
1568.25556,93.88889,274.58889,70.96667,1631.75556,5.0,1.1,4.33333,61.73333,805.13333,1.55556,268.98889,82.18889,3.11111,1.0,3.55556,2.88889,3.88889,26.17778,ASC_9B_8
1433.47778,80.77778,249.03333,81.00741,1511.75556,41.88889,1.0,5.44444,63.17778,747.68889,2.0,229.32222,91.74444,3.44444,1.0,6.66667,1.0,1.44444,25.17778,ASC_9B_9
2545.04444,104.6,683.66667,36.0,1661.46667,27.22222,1.11111,2.8963,94.47778,3143.8,2.34074,392.28889,95.17778,8.75556,1.0,5.22222,9.66667,5.55556,163.28889,ASC_9C_0
2799.04444,118.6,631.77778,70.22222,1471.8,10.77778,1.0,1.0,97.47778,2724.13333,1.93704,318.73333,91.06667,7.08889,1.0,8.02222,20.11111,4.66667,125.62222,ASC_9C_1
2670.26667,82.48889,529.88889,89.74074,1366.35556,33.22222,1.11111,1.0,88.14444,2237.02222,1.61481,299.28889,77.95556,6.95556,1.0,6.68889,21.22222,1.88889,136.17778,ASC_9C_2
2938.82222,83.26667,553.66667,95.07407,1439.46667,23.33333,1.11111,1.0,88.14444,1932.68889,1.43333,306.4,75.17778,3.57778,1.0,9.57778,14.44444,4.55556,111.62222,ASC_9C_3
2756.26667,85.48889,403.22222,69.07407,1189.35556,6.88889,1.11111,9.07407,67.7,1544.57778,1.07037,273.51111,57.4,4.48889,1.0,7.24444,16.33333,3.22222,86.62222,ASC_9C_4
2811.15556,82.26667,366.44444,74.40741,1150.46667,5.0,1.22222,5.9037,60.7,1407.91111,1.14074,228.73333,43.4,3.68889,1.0,4.77778,15.33333,2.33333,75.4,ASC_9C_5
2633.15556,70.37778,317.33333,57.33333,1018.46667,29.33333,1.0,1.94815,46.7,1298.24444,1.36296,195.28889,30.28889,3.46667,1.0,2.46667,15.33333,3.22222,65.73333,ASC_9C_6
2472.26667,69.15556,233.88889,66.51852,907.24444,13.11111,1.0,3.05926,50.92222,1067.57778,1.54444,189.4,36.95556,7.28889,1.0,5.22222,10.44444,2.66667,50.95556,ASC_9C_7
2004.26667,63.15556,216.55556,72.11111,794.91111,25.22222,1.0,4.28148,45.58889,905.13333,1.43333,168.73333,38.95556,15.4,1.77778,2.46667,3.88889,1.22222,48.73333,ASC_9C_8
2671.71111,42.53333,198.66667,90.88889,807.8,17.0,1.0,3.84444,41.58889,805.35556,1.47407,166.62222,39.24444,3.13333,1.0,4.66667,2.88889,3.66667,41.28889,ASC_9C_9
2500.44444,125.92222,114.84444,66.55556,3112.42222,60.0,1.0,3.22222,20.82222,802.91111,1.1037,138.83333,55.02222,1.44444,1.0,3.88148,1.0,1.0,16.26667,ASC_UR1_0
2569.44444,137.14444,115.95556,82.11111,3065.2,107.44444,1.10741,2.11111,20.93333,719.35556,1.20741,140.16667,51.91111,6.33333,1.0,3.7037,1.0,1.84444,15.15556,ASC_UR1_1
2292.0,114.7,108.4,102.88889,2951.31111,115.55556,1.0,2.11111,19.82222,672.13333,1.0,123.38889,59.35556,1.66667,1.0,2.98519,1.0,2.04444,13.6,ASC_UR1_2
2288.11111,119.81111,103.62222,76.88889,2797.2,55.77778,1.0,2.11111,17.48889,603.46667,1.0,143.38889,56.57778,2.66667,1.0,2.54074,1.0,1.4,10.15556,ASC_UR1_3
2196.33333,113.81111,114.84444,79.55556,2736.08889,353.55556,1.0,2.11111,18.04444,587.8,1.1037,122.05556,55.8,1.66667,1.0,3.15556,1.0,1.4,12.94074,ASC_UR1_4
2284.55556,109.7,116.06667,74.22222,2923.2,92.44444,1.0,4.33333,17.93333,546.02222,1.1037,121.61111,60.91111,2.33333,1.0,3.7037,1.0,1.0,16.82222,ASC_UR1_5
2442.11111,107.7,124.17778,83.81481,2841.64444,156.66667,1.0,2.11111,21.48889,509.46667,1.31111,136.05556,45.57778,1.77778,1.0,3.42963,1.82222,1.0,18.60741,ASC_UR1_6
2395.11111,138.03333,112.73333,69.22222,2888.2,29.0,1.0,1.0,20.26667,509.46667,1.21481,133.83333,54.57778,4.22222,1.0,2.26667,1.0,1.4,7.82963,ASC_UR1_7
2096.55556,96.47778,105.62222,56.07407,2576.42222,129.77778,1.0,4.33333,17.93333,504.24444,1.0,144.72222,45.91111,1.33333,1.0,2.26667,1.0,2.17778,10.27407,ASC_UR1_8
2138.55556,113.81111,110.95556,79.55556,2836.64444,156.44444,1.0,5.44444,18.93333,462.46667,1.1037,158.61111,54.57778,2.33333,1.0,2.81481,1.0,1.84444,12.48889,ASC_UR1_9
1345.55556,107.36667,106.28889,70.59259,1641.18889,296.93333,1.0,3.14444,18.57778,912.75556,1.0,107.07778,71.08889,5.57778,1.0,2.77778,2.85556,1.0,16.2,ASC_UR2_0
1650.0,127.7,123.4,109.37037,1869.52222,89.82963,1.0,8.46667,23.8,802.97778,1.0,103.74444,56.75556,6.02222,1.77778,3.22222,2.85556,1.88889,11.62222,ASC_UR2_1
1868.66667,133.58889,110.95556,92.83333,2102.18889,94.39259,1.0,3.14444,19.35556,729.86667,1.0,135.74444,59.97778,3.83333,1.0,2.33333,1.0,1.88889,16.64444,ASC_UR2_2
1843.11111,127.7,123.28889,64.61111,2108.96667,65.05185,1.0,3.14444,17.46667,729.86667,1.0,140.18889,58.31111,2.05556,1.0,2.88889,1.0,1.0,13.86667,ASC_UR2_3
1509.77778,108.47778,121.73333,69.61111,1811.85556,231.04444,1.0,5.28889,18.8,682.64444,1.22222,130.07778,54.53333,4.03333,1.0,5.77778,12.74444,2.33333,17.2,ASC_UR2_4
1733.33333,89.14444,108.06667,97.94444,1818.18889,255.06667,1.0,3.14444,17.46667,634.86667,1.0,95.85556,49.08889,7.91111,1.0,1.66667,1.0,2.55556,14.08889,ASC_UR2_5
1604.33333,122.58889,140.95556,64.61111,1964.3,105.06667,1.0,1.0,23.13333,634.86667,1.11111,108.74444,54.64444,4.15556,1.0,2.88889,1.85556,1.44444,14.97778,ASC_UR2_6
1641.33333,127.58889,99.28889,67.16667,2099.18889,62.85926,1.0,5.13333,22.13333,608.75556,1.22222,115.63333,58.42222,3.71111,1.0,2.44444,4.56667,3.0,12.08889,ASC_UR2_7
1935.55556,119.58889,120.95556,55.25926,1886.52222,261.93333,1.0,2.03333,18.02222,582.64444,1.22222,97.52222,62.75556,6.67778,1.0,2.11111,4.56667,1.88889,17.64444,ASC_UR2_8
1444.77778,100.25556,101.06667,60.25926,1878.85556,233.94815,1.0,6.24444,19.46667,540.86667,1.0,74.3,44.86667,5.02222,1.0,1.0,5.56667,2.55556,14.2,ASC_UR2_9
3610.25556,146.83333,60.68148,133.42963,1711.04444,22.27778,1.0,3.22222,15.4,597.33333,1.11111,80.12222,34.32222,9.11481,1.0,2.62222,1.0,1.44444,8.21481,ASC_UR3_0
3667.81111,147.83333,53.82222,112.54074,1913.04444,35.3,1.0,1.0,15.73333,550.33333,1.0,96.01111,35.21111,5.67037,1.0,2.66667,3.57778,1.0,10.78519,ASC_UR3_1
2021.92222,78.38889,46.79259,81.76296,1318.6,57.27778,1.0,5.44444,14.84444,529.44444,1.0,63.45556,19.2,6.67037,1.0,1.48889,1.0,2.66667,6.35556,ASC_UR3_2
2470.92222,91.27778,33.87407,114.51111,1408.15556,25.04444,1.0,2.11111,11.4,466.77778,1.0,80.56667,24.1,6.06667,1.0,3.8,2.57778,1.44444,6.99259,ASC_UR3_3
3466.81111,104.5,55.71111,107.9037,1814.26667,12.71111,1.0,5.55556,15.51111,456.33333,1.22222,103.34444,29.21111,5.4,1.0,2.17778,2.78889,1.22222,8.78519,ASC_UR3_4
2434.14444,108.72222,41.15556,84.9037,1550.71111,13.36667,1.0,4.33333,11.73333,445.88889,1.0,101.34444,22.54444,4.89259,1.0,3.06667,1.78889,1.66667,6.67407,ASC_UR3_5
2556.81111,87.27778,43.31852,121.01481,1312.37778,13.36667,1.0,2.11111,10.28889,393.33333,1.11111,77.9,18.76667,2.87778,1.0,2.62222,4.57778,1.22222,5.88148,ASC_UR3_6
2464.7,69.16667,47.48889,122.73333,1481.6,11.25556,1.0,1.0,12.95556,361.33333,1.0,75.12222,26.1,9.05185,1.0,1.68889,1.78889,1.88889,6.8963,ASC_UR3_7
2338.81111,65.33333,34.54074,99.28889,1381.82222,69.5,1.0,3.22222,8.84444,361.33333,1.0,71.9,17.98889,4.62222,1.0,1.93333,1.78889,1.0,5.13333,ASC_UR3_8
3291.25556,136.83333,54.15556,130.4,1797.71111,18.16667,1.0,3.22222,11.73333,361.33333,1.0,100.12222,23.54444,4.16296,1.0,2.17778,3.78889,1.22222,8.77037,ASC_UR3_9
2202.78889,567.13333,288.24444,216.84444,6013.34444,513.88889,1.10741,11.74074,361.8,4401.32222,56.14444,471.33333,993.41111,12.44444,2.66667,18.15556,10.93333,45.04444,74.44444,ML_0A_0
2960.67778,536.91111,256.35556,204.06667,7712.01111,990.88889,1.0,20.21481,287.46667,4144.32222,41.47778,415.88889,785.41111,8.66667,2.55556,21.93333,18.75556,42.82222,141.11111,ML_0A_1
1813.12222,327.91111,216.35556,234.84444,5695.67778,1058.55556,1.10741,22.22963,275.13333,3950.54444,42.7,402.55556,769.3,11.0,1.0,11.71852,19.0,34.04444,129.66667,ML_0A_2
1321.9,335.13333,173.02222,174.31852,4310.67778,654.18519,1.10741,20.32593,316.13333,3855.76667,40.92222,380.11111,741.96667,11.11111,5.11111,8.94815,12.11111,39.6,92.0,ML_0A_3
1900.9,294.68889,176.91111,136.79259,5105.9,457.18519,1.0,18.42222,276.8,3777.21111,35.03333,379.22222,632.96667,9.33333,6.77778,13.94074,6.28889,37.93333,156.33333,ML_0A_4
1400.45556,368.57778,183.8,134.28889,4204.45556,696.66667,1.0,21.00741,291.35556,3672.65556,39.7,401.55556,670.52222,11.77778,3.44444,11.73333,8.53333,40.04444,100.11111,ML_0A_5
1645.78889,397.68889,186.24444,117.37778,4829.01111,844.33333,1.10741,19.8963,284.68889,3551.65556,37.14444,381.0,748.96667,9.0,4.22222,10.72593,11.35556,37.93333,68.11111,ML_0A_6
1184.45556,297.68889,142.68889,112.31852,3850.45556,469.2963,1.21481,20.8963,298.68889,3462.87778,32.36667,351.11111,636.52222,12.55556,2.66667,10.17037,7.11111,30.37778,75.33333,ML_0A_7
2167.34444,437.24444,256.8,92.9037,5618.56667,688.55556,1.21481,28.00741,304.02222,3363.32222,41.25556,355.44444,748.3,6.22222,1.0,21.27407,11.11111,36.71111,178.66667,ML_0A_8
1853.34444,370.57778,195.02222,125.0963,5608.23333,449.37037,1.0,17.2,291.35556,3268.65556,38.47778,346.77778,728.74444,21.66667,1.77778,17.6,7.28889,33.26667,86.44444,ML_0A_9
1834.93333,753.81111,629.26667,378.01111,7515.94444,1931.88889,1.2963,36.52593,848.74444,15519.74444,109.95556,800.92222,2107.32222,19.26667,6.81481,31.12222,29.11111,99.34444,240.46667,ML_0B_0
1794.71111,726.7,621.15556,478.78889,7545.27778,1265.66667,1.44444,25.25185,845.63333,13901.85556,121.17778,810.47778,2310.1,25.6,6.96296,33.45556,32.88889,117.56667,205.46667,ML_0B_1
1540.48889,698.36667,500.15556,362.56667,7056.72222,1237.0,1.37037,7.37037,831.18889,12363.07778,101.06667,875.7,1878.54444,10.6,4.66667,34.45556,11.44444,77.56667,132.46667,ML_0B_2
1484.48889,605.36667,447.93333,334.23333,6398.16667,756.22222,1.44444,15.2,679.52222,11465.63333,87.95556,851.14444,1806.54444,7.6,8.96296,27.56667,40.88889,75.78889,179.13333,ML_0B_3
1367.37778,644.7,415.93333,305.9,6391.83333,846.55556,1.0,16.31111,645.63333,10357.96667,86.17778,736.03333,1708.65556,7.26667,7.07407,34.34444,15.22222,63.34444,118.02222,ML_0B_4
1430.6,587.14444,452.93333,280.12222,6098.5,1835.22222,1.14815,19.36296,609.85556,9014.3,89.06667,711.47778,1718.87778,10.04444,8.07407,38.34444,33.0,65.56667,105.02222,ML_0B_5
1068.37778,533.81111,419.26667,184.94815,4961.94444,1444.55556,1.07407,13.97778,515.07778,7739.3,67.84444,534.36667,1148.87778,6.71111,4.66667,23.34444,16.33333,54.67778,76.46667,ML_0B_6
1025.26667,470.03333,297.6,156.77407,4428.05556,1002.77778,1.2963,3.77037,448.3,7020.18889,51.06667,480.92222,1310.87778,6.04444,6.81481,20.94815,13.33333,49.23333,66.02222,ML_0B_7
908.15556,484.25556,271.48889,169.77407,4089.5,852.77778,1.14815,4.6,422.3,6243.85556,55.62222,402.36667,1067.98889,5.82222,2.25926,15.01111,18.11111,45.78889,69.35556,ML_0B_8
961.37778,447.81111,240.93333,197.56667,4217.5,729.33333,1.0,4.6,452.07778,5383.52222,59.4,431.81111,1345.54444,7.82222,1.62963,20.05926,8.44444,59.56667,66.91111,ML_0B_9
628.04444,509.18889,203.21111,120.32222,2758.85556,4299.68519,1.0,17.6,330.2,3101.18889,48.51111,305.33333,592.34444,43.33333,4.1037,18.64444,22.13333,25.18889,70.22222,ML_0C_0
692.15556,269.52222,162.21111,178.9037,3203.63333,539.03704,1.0,13.75556,345.42222,2807.3,42.4,386.11111,493.01111,4.88889,6.42963,16.95556,9.28889,16.26667,42.55556,ML_0C_1
589.82222,634.52222,252.54444,184.76667,2709.41111,5756.05556,1.0,10.91111,345.2,2639.3,35.95556,324.44444,396.78889,59.0,4.04444,15.51111,25.88889,14.37778,64.55556,ML_0C_2
587.48889,232.41111,145.87778,169.32222,2827.07778,588.66667,1.21481,12.33333,258.53333,2503.41111,40.4,351.77778,508.12222,14.77778,1.0,16.26667,8.93333,21.63333,38.0,ML_0C_3
611.6,653.63333,177.87778,169.43333,3006.3,1968.25926,1.10741,14.46667,331.42222,2456.3,48.28889,327.88889,543.34444,17.55556,2.43704,19.17778,18.0,18.96667,50.11111,ML_0C_4
601.82222,624.85556,195.32222,151.43333,2787.18889,3286.83333,1.0,11.53333,331.42222,2366.63333,36.95556,327.0,507.78889,19.33333,1.0,21.31111,20.06667,17.9,55.44444,ML_0C_5
599.82222,432.41111,176.65556,213.32222,2738.3,3404.83333,1.0,7.06667,341.42222,2298.74444,43.51111,284.77778,520.34444,31.66667,3.15556,18.28889,18.82222,14.96667,55.0,ML_0C_6
611.37778,891.96667,212.21111,94.65556,2673.3,2594.03704,1.21481,12.02222,330.64444,2246.52222,33.28889,342.77778,410.01111,14.11111,1.71852,14.62222,34.53333,14.04444,41.66667,ML_0C_7
576.15556,211.18889,133.98889,109.34815,2658.07778,444.25926,1.0,8.08889,277.31111,2178.63333,43.62222,298.55556,558.01111,10.11111,4.76296,12.62222,10.28889,18.74444,33.33333,ML_0C_8
644.15556,227.41111,146.98889,153.98889,3024.3,273.7037,1.32222,5.95556,322.2,2173.18889,46.17778,312.88889,555.78889,8.88889,3.32593,17.2,2.82222,25.85556,49.88889,ML_0C_9
3077.84444,688.11111,114.13333,679.76667,20180.54444,164.77407,1.0,7.66667,843.35556,5447.83333,50.15556,393.9,1577.47778,22.26667,3.06667,12.14074,2.88889,96.45556,36.48889,ML_10A_0
3085.28889,722.44444,89.68889,614.98889,19369.76667,195.93333,1.06296,6.55556,847.46667,4923.38889,54.48889,384.34444,1558.81111,21.37778,7.11111,13.64444,6.55556,97.56667,26.82222,ML_10A_1
2987.28889,699.44444,100.57778,622.76667,19000.43333,411.48889,1.0,5.44444,891.57778,4692.61111,58.15556,388.12222,1511.47778,24.8,7.8,25.25185,4.55556,94.67778,40.37778,ML_10A_2
2931.4,688.22222,87.57778,602.32222,18520.76667,231.2037,1.0,10.0,807.13333,4493.27778,52.04444,398.56667,1502.25556,18.68889,1.68889,22.97778,2.77778,91.45556,33.26667,ML_10A_3
3097.28889,697.55556,79.57778,530.1,19072.21111,91.53704,1.0,8.77778,804.24444,4335.61111,48.04444,377.78889,1516.81111,13.68889,4.84444,13.92593,1.0,98.67778,27.48889,ML_10A_4
2562.73333,570.22222,94.57778,506.76667,16631.32222,74.71111,1.06296,14.44444,766.68889,4215.5,58.6,353.23333,1346.7,27.02222,4.64444,12.14074,1.88889,88.67778,38.15556,ML_10A_5
2527.62222,665.11111,99.68889,470.76667,16385.43333,67.25185,1.0,6.55556,732.57778,4078.72222,56.15556,359.56667,1393.36667,9.57778,4.15556,3.88148,6.66667,97.56667,37.37778,ML_10A_6
2308.17778,551.0,74.46667,504.32222,16033.32222,7.96667,1.0,9.88889,709.02222,3968.83333,39.26667,327.34444,1229.81111,8.91111,2.37778,6.02963,1.0,72.34444,22.6,ML_10A_7
2540.4,615.55556,77.8,540.54444,17062.43333,67.25185,1.0,8.77778,717.46667,3879.27778,51.71111,344.45556,1345.47778,40.17778,5.62222,2.98519,5.77778,92.45556,24.82222,ML_10A_8
2625.62222,648.77778,113.8,561.21111,16783.76667,105.10741,1.06296,6.55556,763.35556,3795.72222,55.82222,339.9,1267.7,30.82222,5.82222,14.98519,5.66667,82.9,47.26667,ML_10A_9
1557.82222,409.68889,270.36667,188.72222,7388.28889,13.0,1.0,8.11111,373.84444,10642.23333,68.6,659.51111,1139.88889,12.67778,5.65185,19.06667,28.11111,109.72222,81.51111,ML_10B_0
1341.26667,359.24444,238.36667,170.5,6287.4,27.11111,1.11111,5.13333,429.06667,8002.45556,71.26667,542.62222,636.66667,10.78889,3.38519,116.95556,31.11111,84.38889,75.84444,ML_10B_1
1360.6,366.13333,227.47778,139.83333,6247.06667,8.77778,1.0,2.86667,394.73333,6533.23333,65.15556,438.73333,696.11111,9.01111,5.65185,79.91111,9.55556,80.94444,56.62222,ML_10B_2
1313.71111,339.91111,216.81111,186.16667,6047.28889,5.0,1.0,10.33333,452.17778,5945.67778,71.71111,374.51111,573.66667,7.9,5.48148,187.95556,27.0,61.61111,71.95556,ML_10B_3
1199.04444,353.13333,194.47778,201.61111,5744.62222,64.0,1.0,7.82222,400.62222,5421.01111,56.82222,394.4,544.22222,7.01111,1.0,142.24444,13.22222,37.5,59.06667,ML_10B_4
1158.37778,312.46667,183.92222,206.94444,5315.28889,21.11111,1.0,2.51111,385.84444,5022.67778,57.26667,358.95556,503.0,6.78889,4.93333,118.02222,13.33333,40.72222,65.4,ML_10B_5
1349.82222,346.13333,205.47778,168.05556,6013.17778,10.66667,1.0,8.11111,445.28889,4681.67778,58.48889,380.28889,539.77778,14.67778,2.60741,89.91111,8.44444,28.94444,48.73333,ML_10B_6
1323.82222,408.68889,181.58889,199.05556,6159.4,7.0,1.0,8.86667,391.28889,4398.45556,49.6,397.28889,651.11111,4.8,4.04444,23.2,1.88889,31.94444,37.51111,ML_10B_7
1463.82222,435.91111,188.03333,235.16667,6705.06667,9.11111,1.0,4.37778,465.06667,4183.34444,53.04444,446.28889,663.44444,10.45556,1.71852,43.4,5.66667,31.05556,43.73333,ML_10B_8
1209.93333,348.02222,147.14444,170.61111,5201.06667,6.88889,1.0,4.37778,366.95556,3947.34444,39.37778,368.84444,657.11111,4.91111,2.60741,11.75556,10.44444,18.18519,19.06667,ML_10B_9
1336.95556,549.85556,149.32222,279.98889,6412.84444,143.2,1.11111,7.35556,370.12222,3488.51111,52.57778,368.64444,982.8,9.27407,1.0,13.93333,4.66667,25.64444,24.86667,ML_10C_0
1227.84444,429.85556,137.43333,218.21111,5963.28889,57.11111,1.11111,6.6,382.45556,3373.17778,46.91111,327.2,921.46667,5.82222,2.60741,13.20741,7.66667,29.08889,18.64444,ML_10C_1
1150.51111,391.3,138.98889,248.98889,5419.95556,30.31111,1.0,4.37778,320.9,3231.84444,44.02222,298.08889,812.46667,5.82222,2.43704,15.45926,10.33333,31.53333,23.53333,ML_10C_2
1344.17778,442.07778,188.65556,280.1,6276.17778,52.86667,1.11111,2.51111,399.78889,3105.84444,51.13333,346.31111,961.68889,10.37778,1.71852,12.34815,1.88889,33.53333,23.53333,ML_10C_3
1093.84444,474.07778,110.98889,251.65556,5541.73333,137.44444,1.11111,6.24444,340.9,2995.51111,44.24444,252.2,767.02222,8.16296,1.0,10.42963,5.55556,17.17778,20.86667,ML_10C_4
1246.62222,422.74444,155.87778,241.43333,6023.4,212.71111,1.11111,10.44444,354.67778,2895.95556,43.8,315.2,880.24444,4.27407,4.04444,13.37778,8.55556,30.4,19.97778,ML_10C_5
1133.06667,418.63333,136.43333,233.76667,5927.06667,327.82222,1.11111,8.86667,352.23333,2812.28889,42.68889,282.97778,784.46667,8.5037,1.0,14.71111,1.88889,21.31111,20.08889,ML_10C_6
1256.17778,423.74444,141.43333,230.87778,5918.51111,69.06667,1.11111,7.0,354.01111,2764.4,44.57778,305.86667,876.8,5.94074,1.71852,17.79259,6.77778,37.97778,21.42222,ML_10C_7
1188.84444,476.18889,162.65556,223.43333,5841.17778,97.35556,1.11111,5.88889,351.34444,2696.51111,42.57778,300.64444,765.68889,5.28148,1.71852,13.54074,8.66667,28.64444,24.31111,ML_10C_8
1347.95556,435.74444,167.87778,246.54444,6206.62222,122.75556,1.11111,6.6,350.45556,2639.06667,53.24444,293.64444,800.57778,7.71852,2.60741,18.48889,8.55556,28.97778,27.42222,ML_10C_9
2077.78889,300.46667,247.83333,378.78889,11254.43333,42.62222,1.0,6.97778,411.98889,8911.93333,71.8,919.26667,1171.96667,4.71111,4.87407,29.7,29.06667,680.56667,342.95556,ML_11A_0
1816.45556,227.8,198.94444,298.67778,9304.76667,74.67407,1.11111,13.24444,324.21111,7279.71111,83.46667,614.82222,743.85556,5.83704,5.76296,30.58889,16.53333,432.23333,450.4,ML_11A_1
1850.78889,276.24444,176.5,296.34444,9682.54444,106.28889,1.0,14.35556,319.1,5905.6,77.02222,629.48889,916.18889,4.72593,1.65926,27.92222,14.53333,273.01111,400.84444,ML_11A_2
1559.12222,207.68889,181.61111,157.01111,7704.65556,115.92963,1.22222,9.8,277.32222,4415.6,75.8,504.48889,550.3,7.71111,6.96296,14.92222,3.51111,269.45556,423.73333,ML_11A_3
1821.9,259.24444,104.94444,239.67778,10079.87778,316.17778,1.22222,7.17778,329.98889,3728.82222,58.8,494.71111,800.07778,16.38519,2.31852,19.58889,6.51111,107.9,169.4,ML_11A_4
1893.34444,262.24444,104.05556,252.34444,10767.21111,4.52963,1.0,2.82222,318.98889,3429.93333,63.57778,499.93333,778.85556,2.85185,3.20741,11.35556,2.75556,106.01111,174.73333,ML_11A_5
1634.45556,226.8,115.16667,268.01111,8864.43333,5.94815,1.22222,11.11111,308.21111,3230.48889,56.8,430.48889,749.18889,10.71852,6.96296,18.17407,2.75556,111.12222,174.06667,ML_11A_6
1510.78889,199.57778,98.61111,252.34444,8181.87778,1.0,1.11111,3.93333,276.43333,3115.04444,56.68889,439.93333,659.18889,10.04444,5.64444,9.54815,1.75556,119.12222,192.4,ML_11A_7
1941.12222,250.13333,110.72222,342.78889,10150.76667,32.4,1.11111,5.04444,354.32222,3052.26667,73.02222,440.6,797.18889,2.39259,4.75556,10.61852,1.0,73.67778,241.62222,ML_11A_8
1555.56667,215.8,98.61111,247.23333,8419.32222,114.62222,1.33333,4.84444,274.32222,2983.48889,61.57778,436.26667,689.52222,2.83704,9.40741,6.72963,1.0,109.45556,191.28889,ML_11A_9
1230.65556,143.27778,142.81111,263.95556,6542.92222,218.2037,1.0963,2.9,201.03333,4192.83333,39.71111,596.92222,635.63333,2.51111,1.68889,21.93333,35.48889,557.25556,46.12222,ML_11B_0
1195.21111,177.72222,116.7,230.28889,6719.7,35.26667,1.19259,9.83333,204.36667,3767.83333,42.93333,528.47778,673.96667,2.51111,1.0,18.37778,27.6,382.14444,48.78889,ML_11B_1
1155.98889,165.5,162.81111,238.17778,6233.92222,96.61481,1.0963,3.37778,180.47778,3049.72222,37.82222,476.58889,578.63333,1.53333,1.68889,21.42222,9.44444,325.25556,51.56667,ML_11B_2
1002.43333,122.27778,147.36667,146.5037,5244.81111,98.88519,1.0,6.82222,177.14444,2514.83333,32.71111,393.47778,388.07778,1.91111,1.0,17.31111,11.33333,177.81111,54.01111,ML_11B_3
933.87778,130.16667,122.36667,133.61481,4901.7,60.14074,1.0,9.78889,179.7,2189.72222,29.26667,374.47778,378.96667,1.88889,4.84444,17.71111,5.37778,140.03333,55.01111,ML_11B_4
908.21111,127.27778,152.25556,152.95556,4637.14444,18.98148,1.0,3.53333,181.7,2006.27778,28.37778,386.58889,433.18889,3.42222,3.06667,25.71111,1.68889,88.03333,44.67778,ML_11B_5
840.32222,98.83333,96.58889,124.84444,3877.7,4.9037,1.0963,5.75556,171.03333,1859.38889,26.71111,312.36667,355.63333,2.0,1.0,16.04444,7.75556,44.36667,34.56667,ML_11B_6
1001.1,130.16667,124.03333,137.62222,4808.58889,10.96667,1.0,15.72222,157.58889,1817.27778,45.6,330.92222,330.63333,1.48889,1.0,13.26667,6.75556,163.14444,62.01111,ML_11B_7
865.76667,114.94444,129.03333,160.84444,4316.58889,4.9037,1.0963,4.64444,186.92222,1733.72222,32.15556,332.7,373.18889,3.4,1.68889,12.64444,10.26667,78.47778,48.67778,ML_11B_8
761.54444,111.05556,94.36667,111.84444,3736.58889,43.64815,1.0,9.15556,159.92222,1660.61111,25.48889,283.14444,307.18889,2.13333,2.37778,12.82222,2.37778,50.36667,34.67778,ML_11B_9
1238.9,175.15556,144.61111,117.01111,5585.82222,14.66667,1.11111,9.65185,350.56667,2397.02222,39.66667,368.03333,575.05556,3.77407,4.04444,13.2963,3.57778,65.41111,41.24444,ML_11C_0
1181.34444,175.15556,121.05556,149.94815,5567.48889,70.55556,1.22222,6.81481,368.56667,2261.24444,39.55556,368.36667,529.16667,4.72593,2.43704,17.55556,1.0,58.74444,45.13333,ML_11C_1
1174.01111,151.82222,141.61111,142.9,5617.71111,1.88889,1.22222,9.54074,348.23333,2171.68889,39.33333,397.25556,529.5,5.05926,2.60741,13.2963,1.78889,51.07778,51.13333,ML_11C_2
1236.12222,183.15556,104.61111,166.01111,5914.04444,32.66667,1.0,6.0963,316.34444,2108.8,37.11111,340.25556,595.05556,2.61481,1.71852,16.07407,2.57778,55.41111,40.35556,ML_11C_3
1255.12222,180.15556,124.16667,179.01111,6057.6,11.0,1.11111,7.20741,350.34444,2040.91111,39.11111,320.92222,491.61111,3.98148,2.43704,11.7037,1.78889,40.85556,52.24444,ML_11C_4
1194.9,196.37778,125.05556,119.56667,5455.6,5.66667,1.0,6.81481,379.01111,1946.91111,39.55556,329.58889,555.94444,2.71111,2.43704,13.77778,2.78889,35.96667,46.8,ML_11C_5
1219.01111,197.37778,122.16667,207.45556,5738.82222,7.33333,1.0,8.42963,355.9,1893.8,38.44444,336.36667,574.94444,4.72593,4.21481,9.37037,2.57778,45.74444,41.8,ML_11C_6
1094.56667,182.26667,113.83333,127.45556,5238.82222,14.66667,1.0,8.42963,389.78889,1825.8,37.22222,317.36667,524.5,2.94815,10.59259,9.07407,4.36667,31.52222,34.24444,ML_11C_7
1155.56667,184.26667,147.05556,189.23333,5391.93333,6.0,1.0,7.53333,358.9,1752.68889,42.44444,320.47778,558.27778,2.88519,8.98519,11.81481,1.78889,36.07778,37.13333,ML_11C_8
1091.67778,155.04444,123.83333,186.67778,5153.04444,6.0,1.11111,3.54815,350.67778,1668.35556,37.88889,281.58889,477.27778,2.15556,2.60741,12.22222,3.57778,42.74444,56.02222,ML_11C_9
2473.07778,565.56667,107.65556,571.07778,15538.74444,26.34815,1.0,7.90741,664.72222,5953.1,49.33333,603.87778,1478.56667,3.57037,7.25926,5.75556,4.66667,24.68889,56.38889,ML_12A_0
2678.18889,495.9,84.76667,398.18889,16809.07778,176.34815,1.06667,10.44815,626.94444,5554.1,53.11111,513.43333,1486.23333,2.95556,2.60741,5.42222,5.66667,27.4,46.61111,ML_12A_1
2334.63333,477.78889,83.76667,436.85556,15231.07778,118.90741,1.0,2.82593,564.61111,5412.76667,47.0,577.87778,1314.78889,2.75926,2.60741,10.12222,9.44444,33.17778,56.5,ML_12A_2
2653.18889,469.78889,93.1,540.18889,16684.52222,36.7963,1.0,6.08148,622.16667,5281.54444,52.88889,591.76667,1438.12222,8.15185,5.71111,4.86667,8.55556,31.84444,52.72222,ML_12A_3
2477.41111,521.45556,62.65556,467.74444,15222.85556,22.35185,1.0,12.57407,627.72222,5176.76667,45.88889,465.1,1268.23333,3.98148,6.37037,19.64444,9.33333,26.84444,34.61111,ML_12A_4
2603.52222,493.01111,84.43333,576.3,16290.3,92.47037,1.06667,13.68519,622.27778,4992.98889,52.0,496.21111,1382.01111,6.45926,5.65185,12.78889,3.66667,23.28889,32.05556,ML_12A_5
2579.96667,502.9,78.76667,609.63333,16328.18889,18.12963,1.0,9.63704,606.83333,4862.43333,50.33333,397.1,1330.01111,10.34815,4.93333,5.75556,2.77778,24.17778,41.94444,ML_12A_6
2710.85556,561.56667,146.1,418.96667,17136.85556,49.01852,1.0,10.44815,639.27778,4798.98889,51.55556,445.98889,1399.12222,5.57037,2.60741,8.64444,3.66667,25.84444,43.27778,ML_12A_7
2492.41111,567.56667,101.65556,493.85556,15635.74444,98.46296,1.0,4.25556,658.38889,4678.65556,62.44444,518.43333,1393.9,8.9037,6.54074,7.12222,4.66667,14.24444,31.72222,ML_12A_8
2571.07778,482.56667,93.65556,524.63333,16416.85556,71.23333,1.0,3.54074,589.38889,4589.21111,46.77778,453.65556,1342.34444,6.45926,6.6,7.61111,3.77778,22.06667,30.94444,ML_12A_9
2368.35556,594.76667,173.76667,368.44444,11613.45556,1120.96667,1.0,12.92593,497.56667,4741.36667,58.11111,440.71111,879.97778,4.05185,1.77778,16.46667,14.75556,14.55556,57.24444,ML_12B_0
2500.8,590.76667,142.43333,371.11111,12270.9,1164.63333,1.08889,11.7037,538.45556,4536.58889,52.22222,491.26667,1030.97778,4.38519,3.33333,12.34074,8.46667,13.05556,53.02222,ML_12B_1
2385.57778,661.43333,203.43333,376.22222,11166.78889,853.96667,1.17778,10.51111,496.01111,4353.14444,61.66667,440.26667,979.75556,5.6,2.55556,17.00741,8.28889,14.5,65.8,ML_12B_2
2195.02222,748.43333,184.87778,371.0,10502.78889,1355.63704,1.08889,10.8963,444.01111,4180.25556,58.55556,392.48889,889.08889,5.71111,1.77778,13.22963,8.28889,14.5,56.35556,ML_12B_3
2369.46667,844.32222,194.54444,358.22222,10993.34444,1435.41111,1.08889,15.06667,478.23333,4022.81111,57.22222,433.93333,871.64444,5.37778,5.11111,18.34074,14.11111,14.44444,64.57778,ML_12B_4
2103.91111,793.76667,205.43333,412.44444,9956.56667,1598.08148,1.26667,7.34074,454.34444,3870.36667,55.44444,413.48889,896.31111,5.37778,5.0,31.57778,22.53333,15.27778,54.91111,ML_12B_5
1879.13333,575.54444,174.87778,267.88889,8547.01111,1185.19259,1.26667,5.28148,371.23333,3734.58889,54.44444,364.93333,808.2,4.26667,1.77778,26.13333,13.93333,21.16667,45.02222,ML_12B_6
2111.02222,536.21111,147.76667,311.66667,10119.12222,269.42222,1.0,6.14815,407.12222,3645.14444,48.22222,345.6,777.2,4.28148,1.0,16.97778,16.0,14.83333,44.91111,ML_12B_7
2165.46667,768.54444,138.76667,394.22222,10208.9,1071.87037,1.0,10.7037,390.23333,3556.03333,48.11111,369.93333,815.42222,7.26667,5.11111,13.86667,5.46667,8.88889,44.02222,ML_12B_8
2167.8,575.43333,211.76667,363.44444,9887.56667,1424.30741,1.0,9.56296,408.23333,3498.58889,52.33333,353.71111,833.31111,5.4963,3.44444,28.1037,21.82222,12.0,60.24444,ML_12B_9
1754.31111,676.37778,247.6,268.11111,9467.46667,1560.85556,1.0,14.11111,509.93333,6243.73333,63.97778,551.36667,1167.34444,5.95556,5.05926,9.93333,5.64444,29.73333,44.57778,ML_12C_0
1744.75556,815.82222,162.37778,368.66667,9009.57778,1212.85556,1.0,9.44444,455.48889,5881.84444,55.08889,470.7,1160.12222,6.06667,5.58519,6.44444,12.11111,17.4,16.37778,ML_12C_1
1656.42222,723.93333,182.37778,309.33333,8976.57778,1825.52222,1.08889,8.22222,420.82222,5582.62222,58.2,469.14444,1112.01111,6.95556,7.40741,6.68889,11.17778,23.51111,38.91111,ML_12C_2
1646.2,822.93333,225.6,278.44444,8856.8,1542.07778,1.17778,8.33333,454.04444,5388.62222,59.97778,434.25556,1051.45556,5.51111,1.57037,8.28889,14.11111,17.51111,26.68889,ML_12C_3
1638.2,818.82222,215.71111,332.55556,8741.24444,1077.3,1.0,5.44444,459.37778,4811.95556,59.08889,425.92222,1078.23333,5.73333,3.91852,12.84444,10.35556,18.62222,31.02222,ML_12C_4
1692.64444,785.37778,299.26667,350.77778,8944.8,1319.85556,1.0,11.66667,453.04444,4418.51111,66.86667,495.7,1022.67778,5.57778,5.37778,14.75556,11.0,20.62222,31.13333,ML_12C_5
1615.31111,738.15556,269.6,301.77778,8291.35556,1774.63333,1.08889,12.22222,420.15556,4182.17778,60.31111,444.25556,979.01111,3.53333,5.37778,8.73333,12.17778,22.28889,45.91111,ML_12C_6
1420.42222,655.15556,172.15556,355.66667,8000.46667,1188.71111,1.08889,9.66667,416.15556,4030.28889,51.42222,416.92222,879.12222,3.2,3.28148,8.64444,10.28889,20.4,20.82222,ML_12C_7
1548.53333,902.71111,230.82222,278.44444,8370.24444,1656.96667,1.08889,6.55556,407.04444,3904.4,43.75556,454.47778,859.23333,3.84444,5.83704,9.6,9.11111,15.28889,23.71111,ML_12C_8
1212.86667,659.26667,163.48889,241.55556,7041.8,1670.41111,1.08889,10.44444,344.26667,3752.4,42.64444,337.47778,772.67778,3.15556,7.40741,10.26667,8.46667,13.02222,11.6,ML_12C_9
1593.57778,417.52222,212.22222,164.78889,4608.73333,866.81481,1.0,21.32963,398.9,4239.3,54.94444,730.51111,690.15556,7.85556,3.44444,20.08148,9.35556,14.43333,69.14444,ML_13A_0
1502.35556,400.41111,208.22222,162.34444,4559.17778,911.38889,1.08519,17.88519,352.56667,3997.96667,56.38889,721.62222,822.37778,9.52222,3.44444,14.52222,12.53333,10.31111,66.58889,ML_13A_1
1511.13333,363.07778,222.22222,195.78889,4682.84444,768.14815,1.1963,13.48889,386.56667,3819.63333,49.94444,715.06667,794.04444,8.18889,3.44444,24.63333,16.12222,10.31111,73.7,ML_13A_2
1581.24444,468.96667,216.0,146.9,4709.62222,1260.83333,1.0,18.72593,436.23333,3688.85556,58.16667,772.17778,721.82222,8.74444,1.77778,17.52593,18.71111,16.98889,103.03333,ML_13A_3
1338.24444,351.96667,207.66667,113.45556,4189.28889,1055.05556,1.0,13.75926,360.56667,3599.52222,55.72222,653.84444,773.48889,7.22963,5.11111,13.18889,9.94444,14.65556,71.03333,ML_13A_4
1476.24444,444.96667,223.77778,134.01111,4819.06667,1096.5,1.0,13.91852,395.67778,3478.96667,49.38889,713.62222,748.6,6.96667,1.77778,25.96667,15.53333,15.97778,73.14444,ML_13A_5
1532.02222,517.52222,201.22222,146.9,4730.95556,896.94444,1.08519,11.53704,350.78889,3342.74444,55.61111,666.62222,807.15556,7.3,5.11111,17.63704,12.53333,10.31111,68.7,ML_13A_6
1658.13333,447.85556,235.44444,121.12222,4941.28889,790.81481,1.25556,26.94815,444.12222,3253.41111,54.72222,733.73333,685.71111,12.41111,5.11111,10.41481,9.53333,18.43333,90.92222,ML_13A_7
1592.57778,424.52222,231.11111,97.9,4600.17778,1301.83333,1.08519,16.77407,397.12222,3153.96667,49.27778,718.06667,679.26667,11.41111,6.0,11.52963,11.42222,12.54444,81.03333,ML_13A_8
1318.91111,401.41111,161.44444,121.12222,4031.51111,1627.16667,1.08519,8.14074,352.12222,2991.3,41.61111,629.51111,574.26667,7.52222,3.44444,13.41852,13.83333,6.63333,64.7,ML_13A_9
535.57778,251.67778,141.04444,190.1,3897.81111,35.95556,1.0,6.34074,259.18889,2636.67778,34.47778,313.11111,455.07778,4.83704,2.8,6.61481,1.0,12.03333,19.17778,ML_13B_0
484.68889,232.56667,135.71111,197.54444,3779.47778,16.05556,1.0,11.24444,284.85556,2511.01111,40.92222,323.88889,449.85556,5.34444,1.0,6.17037,2.88889,9.73333,19.17778,ML_13B_1
481.57778,258.9,138.6,177.21111,3709.25556,5.8,1.08889,6.06667,253.85556,2379.9,42.03333,327.22222,472.07778,4.9,3.68889,7.28889,1.0,10.84444,20.51111,ML_13B_2
388.11852,281.01111,131.6,179.05185,3545.47778,81.14444,1.0,4.00741,261.3,2316.78889,37.36667,301.66667,479.18889,4.21852,4.28889,6.84444,1.0,6.06667,20.28889,ML_13B_3
436.57778,275.01111,138.04444,161.65556,3602.47778,27.04444,1.0,7.96296,258.3,2243.67778,39.14444,282.77778,492.07778,5.12222,2.2,10.62222,3.77778,10.81111,16.84444,ML_13B_4
482.24444,227.45556,125.82222,179.87778,3630.25556,20.93333,1.0,9.07407,310.41111,2160.12222,33.14444,301.22222,411.85556,4.5037,2.48889,7.2963,1.0,7.43333,22.4,ML_13B_5
371.67407,227.45556,106.04444,166.98889,3401.81111,49.71111,1.0,4.95556,256.63333,2117.9,38.47778,254.44444,478.07778,3.77407,3.4,5.95556,6.66667,13.65556,18.51111,ML_13B_6
502.68889,232.45556,122.82222,205.43333,3441.81111,21.58889,1.0,5.11852,281.3,2049.45556,34.81111,284.44444,427.74444,4.34444,2.8,10.71852,1.0,13.25556,21.73333,ML_13B_7
432.57778,280.9,128.6,174.65556,3650.47778,25.73333,1.0,11.40741,284.74444,2044.23333,41.58889,289.11111,507.85556,3.61481,1.0,11.15556,1.0,15.47778,24.51111,ML_13B_8
512.02222,219.45556,107.37778,200.21111,3562.81111,20.27778,1.0,8.4,277.52222,1976.34444,41.47778,255.0,460.07778,2.55185,2.48889,10.05926,1.0,10.03333,23.06667,ML_13B_9
636.11111,262.63333,63.13333,164.15556,2536.92222,15.11111,1.0,7.19259,229.68889,2203.5,40.43333,194.48889,565.05556,3.88889,1.71852,9.01481,4.77778,14.42963,11.2,ML_13C_0
686.88889,295.18889,75.02222,182.15556,2776.92222,17.0,1.0,12.51111,264.13333,2040.94444,43.98889,188.04444,663.72222,3.88889,4.04444,12.42963,4.66667,15.56667,12.84444,ML_13C_1
676.55556,312.3,50.57778,158.93333,2665.92222,2.88889,1.0963,8.3037,249.68889,1988.72222,38.1,197.26667,570.72222,1.77778,1.0,8.12593,3.66667,13.23333,10.31111,ML_13C_2
639.22222,261.85556,74.35556,110.2,2616.36667,10.88889,1.0,16.06667,253.35556,1883.38889,39.32222,194.82222,578.05556,1.44444,3.87407,8.82222,2.88889,12.67778,18.31111,ML_13C_3
657.33333,263.74444,78.02222,156.53333,2661.92222,4.77778,1.0,3.1037,236.46667,1841.5,37.32222,156.15556,580.83333,3.22222,4.21481,6.76296,4.88889,8.23333,9.31111,ML_13C_4
576.22222,231.41111,80.8,112.71111,2284.03333,19.11111,1.0,7.42222,205.91111,1773.61111,31.98889,163.93333,486.5,2.33333,3.32593,7.51852,1.88889,13.31852,14.75556,ML_13C_5
657.66667,245.63333,68.57778,140.82222,2639.25556,5.0,1.0,4.0963,226.24444,1715.83333,30.98889,161.6,512.94444,7.88889,3.32593,8.65185,1.88889,12.42963,10.64444,ML_13C_6
643.33333,271.85556,78.8,179.48889,2576.36667,11.0,1.0963,6.42963,249.68889,1626.38889,36.98889,176.93333,582.5,1.77778,4.76296,9.20741,1.0,12.01111,15.42222,ML_13C_7
632.66667,263.85556,43.46667,130.86667,2393.58889,10.66667,1.0,9.2963,213.57778,1579.38889,34.1,178.71111,568.83333,1.88889,2.60741,7.15556,1.88889,13.12222,7.2,ML_13C_8
694.55556,298.07778,67.91111,184.82222,2709.47778,15.11111,1.0963,9.2963,252.91111,1548.05556,38.54444,168.26667,574.16667,3.33333,1.0,8.9037,2.88889,4.90741,17.28889,ML_13C_9
2363.38889,1378.28889,134.87778,844.12222,18928.24444,54.55556,1.0,5.59259,1450.8,12891.96667,107.96667,675.34444,3555.45556,3.6,7.55556,4.07407,2.77778,296.48889,53.52222,ML_14A_0
2317.05556,1425.84444,174.43333,1032.45556,18635.02222,13.55556,1.54444,3.2963,1530.13333,11709.74444,102.18889,741.34444,3836.01111,3.26667,9.11111,3.01481,14.33333,335.04444,54.96667,ML_14A_1
2194.38889,1340.95556,149.21111,846.78889,18038.91111,38.66667,1.10741,2.18519,1467.35556,10827.63333,115.63333,649.01111,3830.01111,3.93333,3.33333,4.13333,1.88889,261.6,39.07778,ML_14A_2
2146.05556,1274.28889,175.21111,738.45556,16919.57778,259.77778,1.54444,9.03704,1364.91111,9536.07778,119.63333,574.56667,3578.01111,2.28889,2.66667,2.06667,1.88889,225.26667,46.07778,ML_14A_3
2094.27778,1321.84444,134.76667,774.78889,16298.57778,218.88889,1.21481,3.2963,1289.57778,8601.52222,115.52222,578.56667,3350.34444,2.58889,3.44444,3.74815,3.66667,170.26667,36.96667,ML_14A_4
2068.72222,1212.62222,139.32222,802.78889,16402.57778,232.11111,1.43333,1.0,1318.8,7756.74444,114.96667,558.67778,3486.9,3.47778,5.11111,2.12593,3.77778,184.71111,25.18889,ML_14A_5
1980.61111,1204.51111,130.76667,686.67778,15559.24444,201.77778,1.10741,6.18519,1221.68889,6812.07778,114.52222,507.67778,3271.45556,7.02222,7.66667,4.08148,7.44444,129.01481,21.41111,ML_14A_6
1996.83333,1157.17778,149.43333,617.01111,17048.91111,103.0,1.0,3.96296,1213.46667,6287.41111,98.63333,446.12222,2901.23333,5.34444,5.0,5.02222,3.77778,141.12593,31.07778,ML_14A_7
1826.83333,964.17778,117.76667,604.12222,14715.8,138.0,1.10741,7.2963,1039.46667,5678.74444,92.63333,400.67778,2682.01111,8.78889,3.44444,4.57778,3.77778,97.20741,25.67407,ML_14A_8
1980.94444,1006.73333,106.32222,694.34444,15755.68889,105.55556,1.0,3.88889,1154.46667,5164.3,97.96667,411.45556,2817.9,5.81111,1.77778,2.57037,8.44444,69.12593,18.52222,ML_14A_9
3080.03333,954.85556,520.01111,922.03333,21521.23333,29.0,1.46667,11.11111,1438.5,20843.67778,99.8,1336.76667,4026.86667,29.34444,13.44444,10.68889,51.44444,737.84444,225.15556,ML_14B_0
3176.58889,1033.74444,524.78889,963.36667,21623.01111,31.0,2.33333,6.55556,1419.27778,18471.01111,101.13333,1366.21111,3990.86667,9.56667,8.44444,9.13333,47.77778,846.06667,219.04444,ML_14B_1
2843.92222,974.96667,453.23333,720.81111,19575.34444,69.88889,1.0,5.44444,1149.38889,13763.78889,98.35556,1154.21111,3105.2,8.34444,5.88889,4.02222,36.0,560.4,148.93333,ML_14B_2
2812.92222,1021.52222,395.01111,767.36667,19974.45556,49.77778,1.0,8.77778,1115.05556,11941.56667,101.91111,850.32222,2995.53333,5.23333,7.55556,3.57778,44.88889,477.17778,128.6,ML_14B_3
2588.92222,930.74444,306.9,648.47778,19037.56667,5.0,1.26667,2.11111,1088.05556,10739.45556,83.24444,819.65556,2871.97778,7.02222,2.55556,4.62222,28.0,370.95556,114.6,ML_14B_4
2704.92222,1026.41111,249.34444,553.25556,19304.45556,20.77778,1.82222,4.33333,1038.61111,9663.23333,87.57778,758.87778,2743.64444,6.34444,8.33333,6.75556,18.22222,333.62222,80.15556,ML_14B_5
2508.7,841.74444,224.9,620.25556,17998.34444,78.33333,1.17778,5.44444,989.72222,8834.12222,92.02222,714.87778,2533.75556,6.45556,7.55556,9.86667,17.22222,314.4,76.93333,ML_14B_6
2783.92222,810.52222,202.67778,697.47778,18842.9,9.0,1.17778,3.22222,1001.61111,8282.78889,83.13333,719.54444,2596.31111,7.13333,12.66667,6.06667,13.22222,223.17778,66.26667,ML_14B_7
2655.92222,862.85556,266.56667,635.58889,18351.23333,17.11111,1.08889,5.44444,934.05556,8052.23333,86.35556,667.21111,2512.2,12.12222,7.55556,4.37778,16.33333,271.28889,69.71111,ML_14B_8
2624.14444,809.52222,248.45556,560.7,18458.23333,37.22222,1.08889,7.66667,970.61111,7779.12222,83.02222,702.32222,2531.75556,35.47778,5.88889,8.84444,13.33333,245.06667,67.71111,ML_14B_9
759.51111,137.21111,250.51111,94.35556,2783.13333,46.64815,1.0,2.82222,157.37778,1727.46667,39.36667,283.86667,248.72222,6.66667,3.44444,4.68889,2.77778,14.66667,37.55556,ML_14C_0
796.62222,135.43333,240.06667,138.24444,2937.02222,49.51111,1.1037,5.04444,137.26667,1580.46667,37.58889,214.86667,237.5,4.22222,1.0,3.52593,7.55556,6.7037,44.88889,ML_14C_1
580.62222,105.87778,191.84444,62.58519,2052.02222,202.5963,1.21481,2.82222,132.15556,1485.46667,28.81111,215.53333,201.16667,3.0,5.0,1.78519,5.66667,13.55556,41.66667,ML_14C_2
643.4,131.21111,213.62222,79.74815,2333.02222,291.95556,1.0,3.73333,126.93333,1417.57778,34.03333,224.31111,205.16667,3.44444,1.77778,6.19259,2.77778,9.2963,41.88889,ML_14C_3
756.4,126.21111,211.51111,107.24444,2777.35556,80.28889,1.0,3.93333,140.26667,1370.57778,41.03333,211.08889,234.05556,3.0,3.44444,6.13333,2.88889,8.62963,43.66667,ML_14C_4
680.4,107.98889,195.17778,91.91111,2699.02222,58.98148,1.0,5.04444,115.82222,1318.35556,30.36667,235.31111,195.83333,2.88889,2.66667,3.01481,1.0,9.40741,37.44444,ML_14C_5
651.84444,116.1,227.06667,62.47407,2351.57778,205.73333,1.0,1.91111,127.15556,1292.24444,35.03333,196.2,170.94444,4.33333,1.0,5.45926,5.55556,12.0,44.88889,ML_14C_6
715.06667,108.1,194.51111,92.63704,2573.24444,121.67407,1.0,5.15556,124.6,1223.8,33.36667,222.2,234.05556,3.22222,1.0,5.07407,7.44444,11.88889,38.77778,ML_14C_7
712.17778,101.98889,200.51111,118.3037,2567.57778,196.42593,1.1037,5.04444,139.6,1192.02222,34.03333,213.42222,213.16667,2.55556,1.77778,6.57778,3.77778,8.7037,39.11111,ML_14C_8
631.17778,117.1,211.62222,59.91852,2281.46667,92.73333,1.0,5.75556,108.6,1108.46667,32.47778,160.42222,177.16667,3.44444,1.0,4.35556,7.66667,12.07407,44.0,ML_14C_9
692.91111,175.65556,307.08889,97.65556,2869.54444,318.44444,1.0,6.25926,204.84444,1870.42222,34.54444,241.15556,320.51111,4.83704,1.77778,10.37778,33.0,24.54444,50.45556,ML_15A_0
658.02222,207.98889,321.08889,105.32222,2623.87778,109.11111,1.0,3.01852,194.28889,1692.08889,43.21111,211.6,298.17778,4.05185,6.77778,7.71852,10.66667,25.87778,66.45556,ML_15A_1
651.02222,157.65556,206.86667,125.25556,2548.43333,224.11111,1.20741,6.25926,192.73333,1566.2,38.1,200.37778,295.84444,5.05185,5.0,7.27407,17.44444,16.79259,35.78889,ML_15A_2
603.13333,153.65556,155.08889,59.1,2398.54444,113.55556,1.0,7.96296,191.06667,1460.97778,30.32222,173.71111,260.51111,4.28148,2.66667,8.16296,19.0,12.57037,31.56667,ML_15A_3
583.35556,163.54444,123.53333,89.36667,2300.43333,64.22222,1.20741,8.87037,189.51111,1434.64444,28.32222,162.04444,267.17778,6.27407,1.0,5.6,24.0,12.65556,39.67778,ML_15A_4
601.46667,173.76667,104.2,109.81111,2460.32222,25.0,1.1037,11.0,194.06667,1361.53333,31.43333,167.93333,245.06667,3.82963,4.22222,4.25185,8.66667,12.34815,52.12222,ML_15A_5
647.68889,203.1,184.25185,102.14444,2733.54444,23.0,1.0,3.72222,192.28889,1288.42222,38.21111,163.82222,307.51111,3.6,4.22222,6.04444,14.22222,17.65556,47.23333,ML_15A_6
622.68889,132.43333,192.75556,78.8,2838.43333,47.66667,1.31111,9.18519,185.4,1267.53333,39.76667,159.15556,283.17778,3.18519,2.55556,6.94815,26.11111,20.34815,49.01111,ML_15A_7
686.02222,171.65556,129.42222,76.98889,2561.21111,353.77778,1.0,5.94444,195.06667,1220.53333,41.43333,150.93333,285.06667,2.4,1.77778,9.37778,24.44444,17.87778,40.23333,ML_15A_8
518.68889,134.32222,211.53333,122.7,2110.1,33.33333,1.0,15.44444,144.73333,1172.53333,31.32222,148.15556,209.4,3.39259,1.0,5.04444,10.55556,27.43333,33.45556,ML_15A_9
2649.9,599.04444,212.64444,412.27778,12337.96667,10.88889,1.33333,3.93333,516.4,3659.44444,49.52222,411.73333,1013.8,3.72593,5.88889,5.11111,13.33333,25.5,32.74444,ML_15B_0
2822.23333,700.26667,131.97778,373.61111,12292.07778,60.22222,1.0,6.86667,586.62222,3475.88889,47.18889,414.28889,1129.02222,3.71852,2.66667,7.95556,8.66667,25.05556,41.18889,ML_15B_1
2033.45556,589.04444,528.64444,298.83333,9398.07778,82.33333,1.22222,15.77778,450.4,3239.88889,41.85556,310.17778,908.02222,3.5037,5.11111,8.97778,13.44444,19.38889,23.52222,ML_15B_2
2249.9,636.6,273.86667,334.83333,10106.96667,19.0,1.11111,1.0,475.73333,3030.0,47.52222,326.4,953.46667,3.5037,4.22222,8.6,7.66667,15.38889,33.74444,ML_15B_3
2367.67778,662.82222,259.2,327.16667,10488.41111,10.88889,1.0,7.17778,485.4,2867.55556,46.41111,349.28889,903.24444,4.48889,5.11111,5.22222,12.22222,19.38889,32.63333,ML_15B_4
2421.12222,579.04444,242.42222,368.38889,10776.85556,4.77778,1.22222,7.77778,486.17778,2725.88889,49.3,328.95556,969.8,3.71111,5.88889,7.31111,16.22222,21.5,40.74444,ML_15B_5
2056.56667,545.6,257.64444,290.94444,8881.85556,6.88889,1.11111,10.91111,415.28889,2683.77778,43.3,287.4,811.8,5.26667,2.66667,8.35556,7.66667,15.83333,28.63333,ML_15B_6
2202.23333,587.93333,278.64444,365.94444,9961.63333,10.77778,1.0,6.86667,458.06667,2621.11111,46.18889,332.62222,937.68889,5.48889,4.33333,6.31111,3.77778,16.5,27.52222,ML_15B_7
2116.34444,536.71111,227.53333,288.5,9060.41111,33.77778,1.0,5.75556,441.4,2532.33333,47.3,297.84444,785.35556,6.37778,2.55556,5.86667,7.44444,21.61111,35.96667,ML_15B_8
1879.78889,532.6,243.97778,291.05556,8235.07778,29.33333,1.0,4.84444,424.28889,2468.77778,45.96667,274.06667,767.57778,4.94074,5.88889,4.42222,1.0,16.27778,35.07778,ML_15B_9
1897.2,565.35556,48.93333,468.47778,10739.36667,6.62222,1.0,1.0,695.46667,3956.07778,47.22222,565.35556,1327.78889,2.66667,1.77778,3.85185,4.77778,8.27778,21.55556,ML_15C_0
1979.97778,473.57778,48.04444,435.03333,10509.47778,16.35556,1.0,3.85926,627.91111,3636.3,44.77778,428.35556,1193.56667,2.33333,4.22222,4.74074,2.77778,8.83333,23.44444,ML_15C_1
1707.86667,514.02222,40.04444,411.92222,9091.81111,8.37778,1.0,1.0,624.57778,3431.96667,45.33333,504.91111,1229.01111,3.44444,1.77778,3.62222,1.0,9.83333,23.11111,ML_15C_2
1875.97778,524.13333,55.71111,391.25556,9921.36667,18.71111,1.0,2.74815,692.68889,3290.3,53.66667,442.68889,1188.78889,3.44444,4.22222,7.05926,1.88889,10.12963,28.11111,ML_15C_3
1627.86667,450.46667,56.37778,447.92222,8526.47778,4.86667,1.0,1.87407,577.35556,3096.07778,46.33333,394.02222,1004.67778,1.55556,2.66667,4.40741,2.77778,5.01852,19.0,ML_15C_4
1916.2,543.24444,63.04444,432.36667,9700.14444,8.62222,1.0,1.87407,624.35556,2907.41111,44.44444,287.35556,1014.23333,2.0,5.88889,2.53333,4.66667,10.14815,25.88889,ML_15C_5
1431.97778,512.02222,74.6,339.58889,7399.7,12.48889,1.0,3.85926,512.57778,2755.3,48.77778,393.35556,867.78889,1.88889,1.77778,3.96296,1.88889,16.27778,27.77778,ML_15C_6
1763.08889,497.91111,83.6,342.14444,8730.14444,1.0,1.0963,5.60741,597.57778,2645.3,52.22222,352.13333,902.78889,3.33333,5.11111,5.08148,1.0,12.83333,41.22222,ML_15C_7
1339.31111,348.46667,62.82222,223.58889,6813.25556,18.95556,1.0963,1.0,453.91111,2477.52222,41.33333,337.46667,777.67778,2.66667,2.66667,3.19259,1.88889,7.81481,25.44444,ML_15C_8
1259.64444,379.8,62.71111,288.14444,6681.03333,124.08889,1.0,6.71852,493.35556,2346.18889,40.22222,311.91111,750.9,3.66667,1.0,4.95556,1.0,8.38889,35.22222,ML_15C_9
805.75556,148.24444,142.07778,32.88889,2412.8,8.59259,1.0,13.73333,106.97778,2204.8,41.41111,149.6,205.31111,2.14074,1.0,4.42222,14.33333,9.95926,53.11111,ML_16A_0
943.75556,195.8,157.18889,114.5,3351.46667,13.96296,1.11111,3.1037,146.2,2037.35556,46.74444,190.15556,252.97778,1.94815,1.0,3.7037,7.55556,9.67778,47.88889,ML_16A_1
1007.64444,208.8,167.52222,111.72222,3650.13333,115.7963,1.11111,6.08148,143.86667,1900.68889,52.41111,185.6,228.2,1.74074,1.0,6.47407,10.33333,10.34444,39.77778,ML_16A_2
787.31111,135.02222,130.74444,88.0,2694.46667,14.7037,1.0,9.52593,111.97778,1806.57778,42.3,140.82222,160.08889,2.62963,1.0,5.31111,11.44444,6.62593,49.55556,ML_16A_3
908.2,166.24444,127.85556,82.38889,3074.13333,59.2963,1.11111,3.97778,135.75556,1628.13333,39.96667,169.26667,215.2,1.18519,1.0,2.88148,5.77778,10.12222,42.66667,ML_16A_4
1011.53333,177.46667,150.07778,126.55556,3416.8,35.7963,1.0,5.08889,143.2,1502.13333,46.3,176.6,211.31111,2.83704,1.68889,3.15556,10.66667,5.65185,38.33333,ML_16A_5
901.75556,185.68889,128.52222,85.44444,3003.13333,24.2963,1.22222,9.2963,133.2,1392.02222,43.96667,144.71111,141.97778,1.64444,1.0,5.14815,5.66667,8.76296,32.22222,ML_16A_6
1031.42222,225.91111,153.3,124.61111,3889.13333,51.7037,1.0,7.42222,175.64444,1308.46667,51.07778,195.26667,249.08889,2.31111,2.57778,6.3037,1.88889,7.4037,29.77778,ML_16A_7
1045.75556,199.8,139.63333,96.5,4244.35556,44.53704,1.0,5.08889,177.31111,1245.8,59.07778,229.82222,228.97778,1.71111,1.0,1.82222,6.77778,7.78889,29.88889,ML_16A_8
895.86667,172.46667,145.85556,101.0,3122.02222,79.31481,1.0,6.08148,128.53333,1197.91111,50.52222,159.04444,166.53333,1.83704,1.0,4.87407,3.77778,3.3,38.88889,ML_16A_9
1305.84444,353.23333,213.1,235.3,5638.58889,37.55556,1.33333,7.04444,409.17778,3456.32222,44.24444,310.22222,629.9,7.0,5.11111,10.26667,18.11111,18.55556,85.0,ML_16B_0
1291.73333,420.9,173.21111,243.07778,5731.92222,14.77778,1.33333,3.71111,427.62222,3282.87778,46.35556,311.22222,721.56667,5.88889,9.11111,8.04444,8.44444,18.11111,54.33333,ML_16B_1
1365.17778,367.34444,193.87778,232.96667,6076.25556,25.22222,1.0,3.03333,453.73333,3135.76667,44.13333,331.11111,746.34444,8.0,6.0,8.82222,8.66667,18.22222,68.11111,ML_16B_2
1240.62222,446.23333,181.54444,222.63333,5560.14444,10.88889,1.22222,8.15556,421.4,2941.98889,45.02222,295.11111,695.01111,5.11111,5.11111,7.2,8.44444,15.44444,54.77778,ML_16B_3
1079.73333,403.67778,172.21111,232.85556,4965.36667,12.88889,1.0,1.67778,349.06667,2810.98889,41.13333,267.66667,716.9,4.88889,1.0,6.35556,5.77778,12.11111,34.66667,ML_16B_4
1094.84444,410.67778,166.32222,230.18889,4951.36667,5.0,1.0,9.37778,364.51111,2695.32222,43.46667,268.22222,704.12222,7.0,2.55556,5.15556,8.66667,14.18519,50.66667,ML_16B_5
1193.51111,409.9,138.1,261.3,5354.25556,4.77778,1.0,1.0,408.51111,2627.21111,45.68889,251.88889,661.01111,5.0,1.0,7.68889,9.44444,13.33333,31.66667,ML_16B_6
1155.06667,352.12222,163.87778,225.18889,4880.03333,11.0,1.0,3.46667,336.4,2585.43333,40.68889,250.11111,606.01111,4.77778,2.66667,7.64444,7.55556,11.66667,60.33333,ML_16B_7
1149.4,405.56667,182.1,212.52222,5020.92222,21.11111,1.0,6.47778,412.51111,2522.76667,39.35556,299.55556,758.67778,3.77778,3.44444,2.35556,1.88889,11.88889,25.66667,ML_16B_8
1163.4,380.34444,158.98889,214.96667,4985.47778,16.88889,1.11111,4.14444,342.28889,2470.32222,37.35556,258.44444,541.78889,5.33333,1.77778,8.97778,6.66667,9.88889,44.88889,ML_16B_9
965.26667,401.12222,177.61111,99.73333,3280.44444,547.02222,1.20741,6.25926,237.76667,2043.51111,26.6,302.34444,275.06667,14.47778,2.66667,27.55556,7.66667,53.13333,32.95556,ML_16C_0
1139.82222,286.23333,154.61111,82.64444,3170.66667,981.52593,1.53333,7.37037,207.65556,1828.62222,22.48889,244.9,201.17778,7.14444,1.77778,21.66667,17.11111,54.8,28.73333,ML_16C_1
876.82222,334.67778,192.5,110.86667,2628.11111,793.02963,1.20741,3.62963,181.1,1650.28889,19.27407,214.23333,180.51111,8.47778,2.66667,15.37037,5.66667,55.46667,27.28889,ML_16C_2
946.6,234.56667,118.61111,106.71111,3047.88889,614.91111,1.1037,4.38889,177.87778,1529.73333,18.48889,172.42963,131.46667,25.21481,1.0,13.66667,2.88889,26.25185,19.39259,ML_16C_3
812.15556,338.67778,119.27778,100.53333,2550.0,1155.24444,1.0,6.72222,206.76667,1409.06667,16.93333,226.9,165.62222,8.58889,1.77778,16.11111,11.55556,72.57778,19.73333,ML_16C_4
946.48889,235.56667,146.83333,65.6,2507.44444,483.24444,1.21481,1.75926,205.98889,1309.17778,22.82222,163.34444,156.95556,15.1037,1.77778,20.77778,1.88889,62.41481,13.84444,ML_16C_5
1250.6,216.34444,167.61111,81.84444,3882.55556,1075.35556,1.1037,9.24074,190.87778,1251.4,24.48889,161.12222,144.17778,6.91111,2.55556,12.51852,1.0,38.91111,16.72593,ML_16C_6
1009.04444,186.23333,134.05556,108.42222,2781.88889,1023.91111,1.42963,8.12963,176.76667,1209.62222,19.04444,151.12222,158.4,12.61852,1.77778,9.48148,3.66667,32.3037,19.84444,ML_16C_7
704.82222,207.45556,80.83333,121.31111,2197.33333,583.58519,1.0,3.27778,162.65556,1126.06667,18.6,117.9,131.73333,22.65926,1.0,9.55556,1.88889,58.3037,18.4,ML_16C_8
569.37778,225.56667,93.5,66.4,1963.44444,1057.3037,1.0,1.75926,167.76667,1126.06667,19.26667,158.34444,129.4,4.92222,1.77778,9.25926,1.0,60.47407,12.73333,ML_16C_9
1310.81111,930.57778,156.12222,527.0,7306.84444,186.97778,1.0,14.54074,717.23333,5360.23333,117.88889,487.91111,2202.92222,3.88889,6.77778,11.66667,8.66667,31.33333,25.31111,ML_1A_0
1369.81111,828.68889,155.78889,418.44444,7617.62222,260.0,1.0,9.98519,670.34444,4961.67778,112.11111,514.68889,2195.58889,4.11111,2.55556,13.0,6.66667,32.77778,25.53333,ML_1A_1
1297.7,923.68889,146.01111,501.0,7299.73333,67.64444,1.08519,12.0963,689.9,4725.9,115.88889,502.02222,2305.7,3.11111,1.0,8.14815,3.77778,34.88889,21.08889,ML_1A_2
1216.92222,735.68889,150.12222,457.44444,6988.17778,84.2,1.0,20.31852,593.12222,4489.67778,100.55556,463.46667,1809.58889,5.55556,1.0,11.48148,1.0,32.0,27.97778,ML_1A_3
1240.7,702.35556,159.23333,415.88889,6880.84444,141.37778,1.08519,11.25926,571.45556,4190.56667,107.88889,496.68889,1809.03333,4.11111,4.22222,8.7037,3.77778,22.22222,25.08889,ML_1A_4
1066.81111,640.8,146.12222,351.55556,5896.51111,199.04444,1.0,10.62222,532.45556,3959.9,93.66667,393.91111,1724.36667,4.44444,2.66667,8.81481,3.77778,24.77778,33.97778,ML_1A_5
1240.7,652.02222,173.9,413.33333,6411.62222,81.71111,1.08519,22.01481,563.12222,3724.01111,99.22222,469.24444,1678.03333,5.55556,4.22222,13.85185,2.88889,25.66667,25.75556,ML_1A_6
1072.25556,503.68889,184.01111,331.0,5309.06667,202.17778,1.08519,5.86667,441.67778,3472.56667,86.88889,417.68889,1293.25556,4.11111,2.55556,11.96296,4.77778,19.66667,34.86667,ML_1A_7
962.47778,513.8,162.34444,263.88889,5157.73333,216.24444,1.17037,5.75556,476.45556,3309.78889,79.55556,371.24444,1196.25556,5.0,2.66667,12.85185,4.66667,15.07407,30.08889,ML_1A_8
1073.36667,636.91111,145.23333,349.11111,5946.51111,350.93333,1.0,7.45185,498.9,3199.45556,84.55556,368.02222,1374.7,7.11111,1.0,9.59259,4.66667,21.40741,22.31111,ML_1A_9
1424.71111,622.07778,173.8,327.57778,7224.34444,20.88889,1.0,11.62222,553.45556,3285.02222,75.33333,392.7,1271.78889,7.33333,3.38519,32.07778,7.55556,31.3,49.77778,ML_1B_0
1293.71111,617.18889,151.02222,314.68889,6642.12222,13.0,1.11111,6.86667,496.12222,2959.8,76.66667,362.7,1196.23333,6.66667,1.71852,21.26667,7.55556,27.85556,42.11111,ML_1B_1
1329.82222,570.63333,148.8,366.35556,7048.56667,255.11111,1.22222,7.17778,500.9,2708.02222,73.88889,354.36667,1102.78889,5.11111,4.27407,22.85556,9.33333,22.3,37.55556,ML_1B_2
1174.6,434.41111,117.02222,299.13333,5095.9,70.0,1.0,4.84444,354.78889,2582.46667,55.66667,326.92222,860.12222,5.33333,1.0,19.48889,2.88889,14.3,26.55556,ML_1B_3
1221.71111,453.52222,137.35556,314.8,6146.12222,146.55556,1.11111,15.77778,427.34444,2435.57778,59.44444,325.25556,995.01111,5.0,1.71852,12.85556,2.77778,20.3,28.22222,ML_1B_4
1212.71111,447.63333,129.24444,273.46667,6224.67778,6.88889,1.22222,8.4,432.45556,2325.57778,61.11111,327.7,860.45556,6.0,1.71852,12.75556,2.88889,21.85556,28.66667,ML_1B_5
1228.71111,411.18889,121.46667,291.35556,5913.12222,25.33333,1.0,12.93333,388.23333,2221.13333,57.22222,296.81111,814.01111,5.77778,4.21481,5.2,4.66667,14.96667,16.0,ML_1B_6
1232.71111,453.74444,141.35556,296.68889,5615.78889,19.0,1.0,10.91111,408.9,2136.57778,58.33333,285.58889,878.12222,6.11111,3.32593,9.75556,2.77778,21.18889,29.44444,ML_1B_7
1113.26667,357.63333,129.68889,245.02222,5283.23333,23.0,1.0,6.06667,375.23333,2032.13333,56.33333,294.03333,761.23333,4.77778,1.0,7.26667,1.0,14.63704,24.55556,ML_1B_8
1162.93333,401.18889,142.57778,286.46667,5660.45556,20.88889,1.11111,3.93333,377.12222,1979.91111,60.77778,307.58889,723.01111,4.33333,2.60741,6.82222,3.77778,19.63333,24.11111,ML_1B_9
1331.41111,625.3,411.32222,203.94074,4700.17778,669.55556,1.0,10.3,619.3,14932.96667,124.72222,836.66667,1963.25556,8.33333,2.60741,25.97778,10.66667,69.42222,85.75556,ML_1C_0
991.07778,530.18889,438.1,255.82222,4602.4,180.88889,1.07778,14.2,614.74444,12316.85556,124.72222,763.33333,2184.25556,8.33333,3.32593,32.75556,7.44444,72.86667,73.42222,ML_1C_1
884.3,555.52222,393.54444,314.82222,4914.62222,474.77778,1.0,8.94444,580.85556,10505.18889,125.94444,940.55556,2069.03333,5.88889,7.97778,36.86667,13.22222,71.86667,91.75556,ML_1C_2
887.52222,487.07778,490.76667,181.04444,4419.17778,608.11111,1.0,15.28889,589.63333,9161.52222,138.72222,679.66667,1732.81111,5.0,3.32593,37.31111,8.66667,69.64444,70.2,ML_1C_3
1009.07778,514.18889,404.1,224.93333,4723.73333,626.77778,1.07778,8.83333,553.07778,8468.96667,95.5,675.55556,1578.03333,4.44444,3.38519,24.97778,8.55556,59.86667,71.42222,ML_1C_4
1107.63333,502.96667,270.76667,240.15556,5036.4,375.88889,1.15556,7.04444,554.74444,7487.52222,81.16667,672.22222,1803.03333,3.66667,3.38519,17.45185,3.77778,48.75556,47.97778,ML_1C_5
1129.41111,529.18889,243.32222,219.4963,5171.06667,423.11111,1.34444,8.4,565.3,6842.07778,91.16667,724.33333,1718.7,3.77778,4.93333,17.42222,12.44444,49.53333,48.2,ML_1C_6
1019.74444,474.96667,236.54444,248.04444,5159.4,480.77778,1.15556,13.06667,491.85556,6170.52222,79.27778,675.66667,1428.7,6.66667,1.71852,11.65926,7.44444,46.53333,33.64444,ML_1C_7
1137.18889,473.63333,271.76667,212.04444,4815.73333,1054.11111,1.23333,19.41111,459.3,5913.74444,89.5,721.88889,1515.47778,5.0,1.0,18.64444,7.44444,50.97778,40.53333,ML_1C_8
1045.18889,576.74444,247.1,224.82222,4593.06667,589.77778,1.15556,8.94444,456.85556,5346.96667,95.61111,587.11111,1520.7,5.33333,6.6,19.77037,6.66667,58.31111,32.53333,ML_1C_9
1483.65556,330.9,458.73333,132.01111,5209.46667,17.87037,1.0,8.64444,495.75556,17597.7,97.13333,831.0,1935.37778,8.22222,4.11111,22.95556,16.22222,71.25556,151.97778,ML_2A_0
1857.1,317.78889,403.28889,137.23333,5010.46667,101.46296,1.31111,12.73333,387.42222,11368.58889,76.02222,613.77778,1843.71111,6.44444,3.44444,43.02222,30.88889,47.36667,119.42222,ML_2A_1
2462.43333,219.9,344.84444,180.02222,5724.91111,548.83333,1.85926,2.02963,296.31111,7531.7,78.24444,510.66667,875.82222,15.66667,2.55556,17.24444,9.66667,38.58889,99.08889,ML_2A_2
1998.43333,182.56667,311.06667,92.35556,4577.68889,218.88889,1.31111,1.0,252.53333,5559.03333,49.8,446.77778,961.71111,5.11111,7.55556,21.68889,12.44444,25.7,76.08889,ML_2A_3
1919.76667,186.56667,270.73333,69.13333,4362.46667,296.57407,1.1037,4.17037,198.08889,4221.58889,46.91111,394.66667,1327.48889,4.55556,2.66667,29.57778,7.44444,33.36667,66.86667,ML_2A_4
1698.65556,166.45556,230.95556,116.56667,3763.24444,247.35185,1.1037,7.61481,192.97778,3854.36667,40.8,382.0,1210.82222,6.88889,4.33333,22.48889,11.44444,23.47778,49.31111,ML_2A_5
1354.1,145.23333,237.4,41.15556,3348.68889,74.48148,1.21481,7.34074,187.75556,3602.92222,35.68889,313.22222,931.15556,6.55556,3.33333,14.68889,1.0,18.58889,50.75556,ML_2A_6
1710.65556,185.56667,252.28889,155.45556,4328.91111,250.94444,1.1037,13.95556,181.42222,3219.92222,41.24444,385.66667,465.04444,9.44444,4.22222,31.6,4.66667,29.36667,52.97778,ML_2A_7
1355.98889,150.23333,176.28889,132.01111,3121.35556,107.88889,1.1037,7.53333,164.2,2852.81111,35.91111,364.55556,370.48889,13.0,1.77778,21.71111,10.44444,18.80741,40.86667,ML_2A_8
1474.43333,124.01111,179.84444,106.34444,3453.02222,249.66667,1.0,10.78519,159.86667,2611.47778,34.8,370.66667,464.48889,10.22222,5.0,28.28889,10.33333,24.81111,48.31111,ML_2A_9
734.57778,122.0,100.91111,187.51111,2622.57778,2.88889,1.0,5.9,261.55556,1713.17778,27.42222,298.81111,308.86667,2.0,1.77778,16.18889,8.55556,8.43704,23.73333,ML_2B_0
721.68889,97.88889,122.8,148.95556,2593.8,1.0,1.0,3.61111,244.11111,1592.51111,24.64444,256.81111,238.75556,3.44444,2.55556,11.34074,3.88889,4.37037,18.62222,ML_2B_1
765.02222,122.11111,116.68889,161.62222,2654.24444,37.55556,1.0,3.67778,279.11111,1502.95556,26.31111,291.58889,276.75556,5.0,1.0,11.3,9.55556,7.45185,31.4,ML_2B_2
784.35556,123.22222,117.13333,127.46667,2530.57778,11.0,1.0,6.42222,281.0,1440.06667,23.64444,240.25556,237.42222,5.11111,1.77778,8.04815,6.55556,6.00741,26.17778,ML_2B_3
755.02222,87.77778,104.8,122.35556,2522.57778,1.0,1.0,1.52222,247.33333,1382.62222,26.08889,247.36667,247.2,4.88889,5.11111,15.85556,1.88889,6.14815,21.95556,ML_2B_4
717.13333,108.77778,96.91111,89.51111,2492.46667,12.88889,1.0,6.42222,262.44444,1299.06667,20.2,243.92222,234.75556,3.0,3.44444,8.31111,3.77778,7.8963,20.4,ML_2B_5
746.68889,101.0,94.68889,76.62222,2484.46667,60.0,1.0,2.63333,225.11111,1299.06667,24.08889,235.14444,198.08889,7.33333,5.11111,8.15926,5.66667,6.48148,22.84444,ML_2B_6
663.91111,125.11111,109.35556,112.02222,2523.35556,193.77778,1.1037,1.0,243.88889,1252.06667,25.97778,238.7,239.86667,4.55556,2.55556,11.34074,13.33333,5.46667,20.4,ML_2B_7
763.8,98.88889,103.8,90.75556,2356.8,6.88889,1.1037,3.67778,231.33333,1225.4,20.97778,231.81111,193.64444,3.22222,4.22222,7.27037,6.77778,6.77037,20.4,ML_2B_8
729.8,109.88889,108.13333,136.06667,2466.8,8.77778,1.0,2.56667,253.0,1204.06667,25.08889,260.14444,236.64444,5.44444,1.77778,10.49259,3.77778,9.31111,20.28889,ML_2B_9
723.36667,78.26667,131.57778,63.75556,2888.22222,40.11111,1.0,6.71852,318.22222,2895.94444,30.24444,412.04444,279.73333,1.51852,2.66667,4.06667,7.66667,8.87407,23.97778,ML_2C_0
683.36667,106.6,121.35556,87.57778,2773.22222,19.93333,1.0,12.4963,285.66667,2544.83333,25.35556,406.6,226.28889,1.41481,1.77778,9.93333,3.77778,7.9,23.53333,ML_2C_1
715.92222,106.48889,133.35556,118.46667,2734.66667,58.28889,1.33333,1.87407,310.33333,2408.05556,30.68889,388.26667,227.84444,1.94815,2.55556,9.5037,5.66667,6.98519,25.08889,ML_2C_2
649.14444,84.26667,146.02222,76.53333,2431.0,44.97778,1.11111,5.84444,298.44444,2308.83333,29.13333,399.37778,205.73333,2.28889,1.0,6.51111,2.88889,6.76296,20.2,ML_2C_3
647.25556,99.37778,113.68889,83.85926,2512.0,24.53333,1.22222,2.74815,298.22222,2188.27778,28.57778,382.82222,207.84444,1.95556,2.66667,12.4963,2.77778,6.95926,25.31111,ML_2C_4
619.25556,103.48889,116.8,66.68889,2343.55556,108.26667,1.0,4.97037,294.77778,2098.94444,25.35556,375.71111,204.51111,1.31111,1.77778,12.72593,3.88889,6.42963,20.64444,ML_2C_5
575.25556,91.48889,120.8,122.52593,2522.33333,16.2,1.0,1.87407,309.88889,1978.83333,27.35556,378.15556,212.06667,1.63704,1.0,8.28889,1.88889,10.56667,22.42222,ML_2C_6
600.58889,72.04444,133.8,96.63704,2412.77778,2.62222,1.11111,1.87407,345.66667,1863.16667,32.46667,389.26667,212.4,2.17778,1.77778,11.72593,1.0,6.98519,20.64444,ML_2C_7
533.03333,80.37778,122.91111,95.35556,2148.0,43.73333,1.0,2.74815,304.55556,1815.94444,28.13333,378.48889,198.4,1.51852,1.77778,12.28148,1.88889,13.31852,25.42222,ML_2C_8
595.81111,80.75556,113.8,61.2,2269.11111,167.44444,1.0,6.95556,293.77778,1721.83333,28.24444,407.6,207.62222,1.20741,2.55556,14.28889,1.0,9.87407,29.75556,ML_2C_9
1055.53333,558.53333,575.58889,229.72222,6573.17778,91.04444,1.3,13.5037,661.66667,22518.82222,126.26667,1152.82222,3889.64444,7.33333,16.0,50.02222,18.22222,177.12222,125.17778,ML_3A_0
968.2,444.42222,406.36667,217.2963,5684.95556,26.14074,1.52222,7.19259,610.66667,17276.71111,104.04444,755.82222,3252.31111,5.44444,3.44444,38.68889,24.0,164.34444,99.28889,ML_3A_1
873.53333,300.75556,242.25556,208.83333,4373.51111,54.91852,1.94444,14.19259,518.66667,11384.71111,76.37778,569.04444,1829.86667,3.55556,4.11111,19.91111,3.77778,117.34444,71.17778,ML_3A_2
792.08889,288.86667,232.14444,188.38889,4289.51111,97.91852,1.1,12.97037,425.55556,9068.6,72.48889,593.37778,1218.75556,4.22222,4.22222,18.35556,5.66667,101.78889,56.4,ML_3A_3
842.75556,283.75556,201.25556,201.27778,4370.06667,78.82222,1.4,5.20741,429.44444,8223.71111,69.04444,526.82222,1794.86667,2.88889,3.33333,20.68889,2.88889,70.9,69.95556,ML_3A_4
949.42222,306.86667,188.14444,227.05556,4766.84444,261.21852,1.0,17.63704,370.88889,7106.04444,73.48889,737.26667,1343.64444,2.88889,3.44444,34.02222,11.44444,83.9,61.51111,ML_3A_5
868.75556,485.97778,203.47778,206.5,4432.28889,119.71111,1.2,8.3037,363.77778,6481.82222,63.48889,464.71111,1324.64444,4.33333,6.0,28.68889,19.22222,78.45556,52.95556,ML_3A_6
753.08889,209.08889,177.92222,165.16667,3678.4,144.10741,1.1,7.07407,287.55556,5852.6,52.15556,362.93333,925.75556,4.77778,7.66667,19.35556,8.66667,70.67778,44.28889,ML_3A_7
731.2,205.97778,163.92222,152.16667,3494.4,80.93333,1.3,13.5037,323.33333,5034.04444,47.82222,369.04444,895.86667,3.55556,4.22222,19.68889,10.55556,69.9,36.06667,ML_3A_8
867.2,293.86667,179.47778,229.61111,4445.95556,37.10741,1.1,7.42222,366.0,4519.93333,61.04444,403.93333,923.31111,4.33333,6.77778,11.31111,8.44444,67.78889,41.95556,ML_3A_9
878.95556,120.5,285.04444,103.38519,3683.97778,2.88889,1.53333,9.28889,223.95556,7531.71111,42.86667,726.44444,763.4,7.77778,4.33333,28.77778,82.1,22.9,98.28889,ML_3B_0
808.51111,94.5,242.6,78.61481,3278.64444,20.77778,1.31852,5.78519,195.06667,6739.37778,36.75556,602.55556,862.62222,5.33333,1.77778,22.55556,96.52222,21.34444,86.73333,ML_3B_1
828.28889,92.5,220.93333,73.93333,3191.2,31.0,1.1037,1.64074,205.28889,6025.93333,37.64444,575.66667,778.06667,5.22222,1.77778,12.81481,48.38889,23.23333,78.4,ML_3B_2
848.51111,84.16667,217.48889,133.26667,3020.97778,10.66667,1.0,1.0,175.95556,5511.71111,39.86667,539.55556,716.28889,5.77778,2.55556,15.0,20.72222,20.56667,82.06667,ML_3B_3
961.84444,83.16667,189.82222,141.15556,3107.42222,115.66667,1.20741,2.75185,187.17778,4709.15556,37.08889,522.77778,486.4,3.22222,5.11111,13.44444,11.83333,17.67778,65.4,ML_3B_4
1008.06667,70.27778,175.26667,112.48889,2743.53333,37.33333,1.0,2.75185,168.4,4352.6,30.75556,459.88889,501.73333,2.44444,4.33333,12.44444,32.4,17.12222,54.62222,ML_3B_5
1001.28889,84.38889,196.6,117.93333,3216.75556,90.88889,1.0,5.25556,174.51111,4095.6,29.64444,438.0,447.51111,3.0,2.55556,14.7037,44.4,18.12222,60.28889,ML_3B_6
1107.06667,57.05556,179.48889,130.82222,3319.53333,281.55556,1.0,7.47778,184.95556,3812.71111,31.64444,402.0,427.73333,1.11111,1.0,6.37037,10.25556,14.45556,46.95556,ML_3B_7
943.06667,75.27778,170.26667,123.04444,3091.08889,240.55556,1.0,2.75185,155.4,3587.15556,27.53333,348.44444,434.73333,1.44444,1.77778,10.55556,21.14444,16.39259,43.95556,ML_3B_8
1018.06667,87.05556,195.48889,128.15556,3101.2,119.33333,1.20741,4.67407,165.06667,3382.82222,25.2,386.0,348.06667,3.0,1.0,10.03704,7.94444,14.5037,38.06667,ML_3B_9
871.93333,125.91111,199.8,149.87778,2863.6,119.0,1.0,6.06667,422.55556,2946.85556,34.94444,344.55556,301.14444,5.15556,4.33333,12.25185,2.77778,14.68889,61.02222,ML_3C_0
928.37778,149.24444,192.91111,196.54444,2942.15556,49.66667,1.0,10.26667,447.55556,2726.52222,32.27778,388.55556,299.14444,4.5037,1.0,9.75556,8.44444,8.04444,65.57778,ML_3C_1
995.82222,143.13333,222.46667,131.98889,3092.04444,211.55556,1.08889,9.15556,408.22222,2496.18889,32.94444,377.88889,280.81111,4.71852,1.77778,12.53333,5.55556,8.45556,59.8,ML_3C_2
844.37778,118.91111,193.8,137.79259,2774.37778,217.66667,1.08889,2.97778,385.55556,2354.3,34.5,323.22222,256.36667,4.82963,1.0,8.97778,2.88889,12.56667,57.02222,ML_3C_3
910.48889,146.24444,165.13333,70.79259,3175.04444,100.77778,1.0,10.38889,439.33333,2155.18889,36.83333,350.55556,278.03333,4.60741,3.44444,17.02963,6.66667,12.7,64.35556,ML_3C_4
752.26667,103.68889,136.35556,109.34815,2574.71111,162.55556,1.0,6.18889,354.88889,2076.52222,26.16667,313.44444,249.36667,2.85185,1.0,15.86667,6.66667,9.67778,52.24444,ML_3C_5
821.04444,108.91111,209.57778,106.21111,2609.04444,18.88889,1.0,4.08889,401.55556,1977.3,28.83333,293.77778,248.03333,4.16296,1.77778,13.08889,7.66667,8.46667,55.02222,ML_3C_6
836.48889,159.24444,157.91111,111.9037,2855.04444,90.44444,1.08889,4.95556,358.55556,1908.96667,31.38889,330.44444,253.81111,5.04444,2.66667,14.75556,3.88889,7.68889,61.68889,ML_3C_7
755.93333,123.91111,126.24444,105.04074,2283.26667,115.55556,1.0,4.08889,310.0,1835.3,26.5,314.77778,217.14444,2.07407,4.33333,9.41481,7.66667,6.92222,36.24444,ML_3C_8
781.15556,117.48889,127.8,77.87778,2488.71111,43.22222,1.0,6.06667,347.22222,1772.63333,28.5,298.55556,213.81111,3.06667,2.55556,19.2,11.55556,8.58889,55.68889,ML_3C_9
840.36667,390.45556,74.16667,165.93333,3710.24444,77.77778,1.1,4.73333,294.43333,2207.52222,74.82222,351.11111,1133.83333,2.22222,1.0,11.62963,3.64444,15.7,23.28889,ML_4A_0
783.25556,292.56667,66.16667,214.71111,3593.13333,36.42222,1.0,5.6,241.32222,2128.74444,73.6,311.11111,1060.38889,2.44444,4.22222,11.05556,2.64444,18.81111,24.62222,ML_4A_1
756.7,320.9,67.83333,194.15556,3507.24444,40.53333,1.0,3.62222,254.87778,2024.3,77.15556,359.66667,1090.38889,1.55556,2.55556,10.74074,4.64444,19.03333,23.62222,ML_4A_2
726.81111,219.9,70.83333,134.0963,3297.46667,262.66667,1.0,6.24444,227.87778,1908.63333,64.37778,319.77778,859.16667,1.66667,3.44444,13.05556,8.28889,18.14444,27.4,ML_4A_3
834.81111,301.67778,68.05556,217.26667,3655.57778,87.37778,1.0,5.88889,243.32222,1840.52222,67.15556,295.88889,1027.61111,1.77778,1.0,8.66667,4.46667,21.14444,22.73333,ML_4A_4
762.92222,186.67778,58.61111,114.26667,3288.13333,161.64444,1.2,5.48889,200.32222,1725.41111,45.48889,248.11111,719.61111,2.0,1.0,10.18519,7.46667,11.02963,24.4,ML_4A_5
764.03333,278.45556,62.16667,106.37778,3287.68889,367.06667,1.0,9.97778,228.21111,1677.63333,53.93333,232.88889,866.16667,2.11111,1.77778,9.85185,2.64444,17.03333,22.73333,ML_4A_6
878.14444,180.56667,72.5,120.12593,3403.02222,58.73333,1.0,6.6,218.76667,1625.41111,53.04444,276.88889,773.72222,1.66667,2.66667,7.40741,7.46667,12.02593,23.4,ML_4A_7
701.81111,181.56667,72.72222,104.57037,3082.68889,75.42222,1.1,2.51111,227.87778,1583.63333,47.6,237.66667,813.94444,1.77778,2.66667,8.09259,6.46667,15.58889,29.06667,ML_4A_8
790.25556,227.01111,64.5,127.26667,3343.8,215.06667,1.0,5.13333,223.98889,1525.63333,56.26667,231.66667,875.72222,2.55556,1.77778,12.42593,1.0,15.03333,20.62222,ML_4A_9
2975.45556,333.1,755.26667,231.53333,9143.91111,606.11111,1.1037,13.33333,527.0,22111.25556,75.44444,1035.03333,2648.2,8.22222,12.07407,23.62222,22.0,72.75556,167.68889,ML_4B_0
3048.78889,259.54444,333.48889,177.31111,9020.46667,446.0,1.21481,6.55556,374.22222,17381.03333,64.55556,925.58889,2190.31111,9.33333,5.53333,12.31852,10.44444,36.2,138.46667,ML_4B_1
2031.56667,243.43333,340.04444,128.42222,7193.8,211.88889,1.1037,4.33333,413.88889,12253.92222,51.0,742.92222,1869.42222,9.66667,5.41481,10.65185,15.44444,39.97778,123.91111,ML_4B_2
1240.9,164.76667,210.93333,86.77037,4495.35556,172.55556,1.1037,13.44444,299.44444,7938.36667,48.22222,502.7,1125.75556,3.88889,1.0,6.68148,15.22222,38.75556,118.02222,ML_4B_3
1067.34444,105.21111,162.37778,34.46667,3029.35556,51.55556,1.0,8.77778,157.0,5587.7,29.11111,397.81111,1021.42222,3.33333,2.54815,4.71111,5.77778,16.08889,65.46667,ML_4B_4
1401.34444,85.87778,176.82222,112.54815,3101.24444,168.44444,1.21481,6.55556,149.44444,4281.81111,16.77778,337.58889,355.86667,2.55556,7.08148,12.62222,3.77778,12.85926,29.8,ML_4B_5
529.12222,61.54444,156.6,63.97778,2436.35556,164.44444,1.1037,8.77778,135.33333,3830.81111,18.44444,389.14444,338.75556,1.55556,1.0,7.76296,5.66667,13.31111,27.46667,ML_4B_6
1978.12222,110.1,152.04444,136.08889,4663.35556,217.88889,1.1037,6.55556,188.11111,3537.36667,29.0,453.25556,417.97778,1.88889,6.42222,10.54074,3.66667,13.80741,33.13333,ML_4B_7
1514.23333,105.21111,130.6,91.45185,4384.8,300.0,1.1037,7.77778,177.0,3201.47778,27.66667,448.58889,368.97778,2.11111,1.0,8.6,3.77778,15.31111,39.24444,ML_4B_8
1247.56667,71.65556,114.15556,122.77037,3403.46667,152.22222,1.32593,9.88889,147.22222,2986.47778,21.77778,339.03333,347.53333,2.22222,5.64444,7.15556,4.66667,16.75556,27.8,ML_4B_9
907.05556,174.96667,529.41111,86.77778,4054.37778,31.0,2.13333,18.14074,259.02222,6690.58889,54.78889,489.91111,769.03333,6.88889,11.36296,24.16667,43.66667,44.91111,73.48889,ML_4C_0
819.5,342.52222,1319.18889,146.0,4228.93333,232.33333,3.64444,17.31111,400.46667,6139.7,48.78889,445.46667,485.47778,13.77778,2.60741,13.16667,29.0,25.02222,67.48889,ML_4C_1
842.61111,197.96667,635.96667,87.48148,3856.26667,144.11111,1.82963,18.53333,256.57778,5562.92222,45.45556,466.68889,562.58889,6.88889,2.60741,19.22222,23.0,28.6,81.37778,ML_4C_2
802.83333,218.3,597.52222,77.85185,3582.71111,74.0,2.4,11.92593,245.13333,5080.36667,44.23333,433.8,529.92222,7.55556,2.60741,14.27778,15.44444,37.57778,56.93333,ML_4C_3
832.94444,159.96667,384.96667,95.03704,3645.82222,62.22222,1.41481,8.48148,242.57778,4744.81111,47.34444,478.02222,591.92222,6.66667,4.93333,14.61111,27.0,34.02222,61.48889,ML_4C_4
822.38889,217.41111,531.85556,127.88889,3668.6,86.22222,3.48148,3.77037,263.46667,4461.03333,45.01111,446.13333,482.14444,5.55556,2.60741,9.83333,41.77778,35.13333,53.15556,ML_4C_5
839.05556,183.85556,578.85556,83.18519,3205.71111,54.0,2.27407,8.87407,251.8,4052.25556,38.01111,325.8,501.03333,10.0,1.0,9.55556,27.11111,21.13333,47.04444,ML_4C_6
728.61111,156.74444,477.96667,36.85185,3312.6,37.33333,2.71852,11.92593,260.24444,3606.47778,35.45556,310.24444,502.36667,5.55556,3.32593,9.94444,24.22222,20.02222,42.6,ML_4C_7
694.83333,148.74444,272.52222,27.92593,3003.93333,18.77778,1.3037,9.7037,225.02222,3475.58889,33.34444,302.02222,492.25556,4.22222,4.04444,13.27778,3.77778,17.46667,32.48889,ML_4C_8
666.94444,134.3,373.96667,113.25926,2665.6,51.55556,1.97037,8.48148,195.02222,3265.92222,31.56667,314.35556,431.7,6.88889,1.71852,7.44444,22.22222,23.57778,34.48889,ML_4C_9
768.43333,92.38889,290.9,43.69259,2603.33333,65.06667,1.0,12.19259,108.93333,4729.44444,42.33333,372.13333,517.24444,9.0,1.0,19.93333,16.22222,35.25926,128.28889,ML_5A_0
866.32222,79.5,230.34444,68.6963,2442.55556,24.68889,1.0,11.68148,105.26667,3858.77778,24.11111,333.24444,375.24444,5.88889,1.0,10.01481,5.55556,21.11111,56.62222,ML_5A_1
909.54444,76.16667,229.78889,35.24074,2469.77778,71.91111,1.20741,3.05926,98.6,3444.55556,26.44444,322.02222,352.46667,3.22222,1.0,8.57037,5.55556,19.66667,45.28889,ML_5A_2
944.1,72.27778,170.56667,42.80741,2568.0,157.64444,1.0,3.05926,95.93333,3213.66667,24.11111,312.02222,236.13333,2.0,1.0,14.26667,2.88889,14.92593,40.84444,ML_5A_3
830.65556,61.16667,228.01111,29.02222,2352.22222,86.24444,1.0,4.95556,106.26667,3061.55556,29.77778,275.02222,275.46667,4.22222,4.76296,11.9037,7.66667,18.81481,68.17778,ML_5A_4
656.87778,53.94444,165.67778,52.46667,2132.88889,49.35556,1.1037,18.51852,97.37778,2841.33333,32.11111,270.24444,279.13333,3.77778,2.60741,13.20741,6.55556,22.59259,69.73333,ML_5A_5
895.54444,67.05556,186.12222,74.69259,2479.66667,96.57778,1.0,14.57778,106.93333,2610.44444,22.66667,304.8,252.02222,3.88889,6.54074,12.23704,3.77778,19.66667,39.73333,ML_5A_6
739.54444,44.77778,170.45556,42.80741,2291.33333,20.46667,1.31111,7.28889,93.26667,2317.22222,21.55556,271.24444,211.46667,2.22222,2.43704,12.34815,5.55556,14.37037,30.84444,ML_5A_7
629.76667,63.05556,173.34444,53.14074,1939.11111,8.37778,1.0,8.12593,82.48889,2191.33333,28.88889,233.46667,239.46667,5.11111,1.71852,13.65185,9.55556,18.7037,70.4,ML_5A_8
697.76667,71.16667,120.23333,85.92222,2111.77778,139.93333,1.0,1.0,82.04444,2112.55556,18.11111,287.35556,157.91111,2.77778,3.32593,8.42963,3.77778,13.77778,17.28889,ML_5A_9
529.78889,38.92222,38.53333,64.3037,1900.72222,78.22222,1.0,13.35556,10.25185,478.78889,1.1,24.25556,17.97037,2.22222,1.0,5.88889,2.77778,2.66667,4.48889,ML_5B_0
523.78889,51.12222,35.97778,79.74815,1981.94444,90.66667,1.0,7.87037,8.41481,426.56667,1.2,11.32222,9.97778,2.11111,1.0,7.44444,5.66667,3.0,4.02222,ML_5B_1
536.23333,79.45556,37.53333,44.47407,2049.38889,25.44444,1.0,6.45556,10.36296,357.9,1.1,16.51111,11.97778,1.55556,1.0,6.55556,5.77778,2.15556,4.77778,ML_5B_2
505.56667,56.23333,37.08889,34.07407,2115.94444,263.55556,1.0,4.63704,4.07407,347.23333,1.0,18.7,19.46667,1.77778,1.0,6.44444,5.66667,2.02222,3.31111,ML_5B_3
533.23333,55.34444,32.53333,93.47407,2067.38889,55.55556,1.0,7.16296,4.64444,347.23333,1.1,22.25556,12.85926,1.22222,1.0,4.66667,4.77778,1.06667,3.88889,ML_5B_4
404.01111,47.92222,29.86667,22.79259,1666.83333,39.55556,1.0,10.91111,6.41481,310.67778,1.0,21.06667,15.80741,1.44444,1.0,14.66667,1.0,3.11111,4.17778,ML_5B_5
583.12222,77.56667,30.2,59.91852,2231.27778,232.55556,1.0,1.0,4.6963,258.45556,1.0,13.58889,8.91852,1.11111,1.77778,6.66667,17.33333,2.08889,6.91111,ML_5B_6
547.01111,123.9,23.64444,62.58519,2177.38889,109.0,1.08889,1.0,3.91852,253.23333,1.0,10.98889,12.8,1.33333,1.0,5.44444,3.77778,2.15556,2.11111,ML_5B_7
516.34444,46.12222,33.86667,88.36296,1979.72222,146.22222,1.08889,9.4963,5.31111,253.23333,1.0,13.28889,10.53333,1.22222,2.66667,5.0,2.77778,2.6,5.42222,ML_5B_8
481.12222,50.23333,31.53333,51.41481,1841.05556,70.11111,1.0,3.12222,5.52593,253.23333,1.0,18.17778,11.59259,1.66667,1.0,3.66667,5.55556,1.0,3.75556,ML_5B_9
414.92222,49.83333,117.47778,56.60741,1851.97778,191.33333,1.0,13.03704,94.15556,3348.92222,27.53333,254.48889,244.72222,1.88889,1.77778,14.72593,1.0,32.28889,30.66667,ML_5C_0
473.47778,76.05556,145.81111,59.05185,2039.75556,51.88889,1.0,5.2,92.26667,2551.92222,28.64444,237.93333,258.5,1.33333,5.0,24.95556,1.88889,33.28889,37.77778,ML_5C_1
553.58889,64.16667,143.58889,59.27407,2394.53333,8.77778,1.0,13.11852,83.6,2200.7,27.64444,289.26667,262.83333,3.0,2.66667,18.28889,3.77778,24.51111,49.55556,ML_5C_2
540.7,62.16667,147.81111,81.83704,2291.64444,6.88889,1.0,9.67407,92.71111,1875.7,28.42222,248.04444,253.16667,2.22222,2.66667,23.95556,1.88889,32.95556,44.22222,ML_5C_3
589.47778,64.83333,175.47778,88.04444,2422.53333,2.88889,1.0,9.59259,103.37778,1713.03333,28.2,270.15556,272.94444,2.77778,1.0,17.05185,4.66667,27.53333,48.55556,ML_5C_4
522.03333,61.05556,132.7,46.38519,2199.86667,6.88889,1.0,1.0,90.82222,1555.7,24.42222,232.26667,197.27778,1.66667,2.55556,12.28148,9.44444,22.24444,34.66667,ML_5C_5
539.14444,53.72222,115.03333,115.82963,2194.53333,2.88889,1.1,9.48148,87.15556,1471.36667,21.64444,207.93333,177.27778,2.55556,1.77778,11.72593,3.77778,6.57778,25.77778,ML_5C_6
569.14444,43.11111,143.7,128.82963,2313.08889,4.77778,1.0,7.34074,100.04444,1382.58889,23.75556,268.82222,197.27778,2.0,2.66667,16.17778,6.66667,15.35556,34.77778,ML_5C_7
533.47778,43.61111,113.47778,90.16296,2241.2,4.77778,1.0,4.17037,94.26667,1319.92222,18.75556,226.71111,183.16667,2.11111,1.0,13.82963,1.0,8.35556,26.11111,ML_5C_8
555.58889,68.05556,126.81111,67.48889,2328.2,1.0,1.1,3.14074,88.82222,1299.03333,21.08889,215.93333,179.61111,2.22222,1.77778,14.94815,3.77778,15.4,32.33333,ML_5C_9
1043.82222,150.63333,127.34444,106.17778,3335.93333,10.27778,1.0,3.64444,279.8,4714.82222,32.65556,567.85556,616.55556,8.22222,2.43704,18.8,2.88889,37.6,28.37778,ML_6A_0
1092.48889,144.52222,103.23333,94.35556,3296.93333,14.38889,1.10741,5.26667,243.24444,3739.15556,30.21111,521.85556,403.88889,6.22222,2.60741,14.82222,1.88889,28.04444,22.71111,ML_6A_1
1099.15556,117.41111,95.78889,102.13333,3141.6,6.48148,1.10741,8.31111,233.02222,3062.48889,36.21111,474.96667,366.66667,4.66667,3.15556,18.6,1.88889,25.48889,19.82222,ML_6A_2
930.93333,107.3,89.9,58.04444,2563.15556,13.64815,1.0,8.71111,218.91111,2533.04444,17.76667,410.18889,281.44444,2.22222,2.43704,11.68889,1.0,17.37778,14.15556,ML_6A_3
791.6,108.3,79.56667,124.06667,2349.6,6.48148,1.0,1.0,212.57778,2281.71111,15.87778,387.07778,289.88889,3.33333,1.71852,8.68889,2.77778,14.82222,12.04444,ML_6A_4
756.93333,84.96667,94.23333,93.06667,2005.71111,11.96296,1.0,2.53333,185.57778,2134.71111,15.1,359.07778,260.77778,2.55556,2.43704,6.6,1.88889,11.93333,11.71111,ML_6A_5
627.82222,65.15556,61.67778,45.35556,1738.37778,4.7963,1.0,2.62222,147.91111,1982.82222,11.98889,290.18889,207.0,2.0,1.71852,9.86667,5.66667,11.37778,14.71111,ML_6A_6
720.48889,101.18889,90.34444,121.51111,2101.26667,2.68519,1.0,3.64444,199.24444,1867.15556,15.1,341.74444,246.0,2.11111,1.71852,10.48889,1.0,8.75556,11.6,ML_6A_7
718.6,85.18889,71.67778,46.33333,1923.26667,1.0,1.0,1.51111,183.8,1725.82222,13.32222,311.74444,209.11111,3.0,3.32593,7.2,3.77778,8.93333,9.24444,ML_6A_8
742.15556,86.07778,70.12222,67.31111,2114.93333,12.27778,1.0,3.13333,211.13333,1657.26667,12.65556,286.18889,229.11111,2.11111,1.71852,9.48889,1.0,5.84444,12.93333,ML_6A_9
812.93333,117.2,594.83333,70.2963,3078.32222,17755.57778,1.0,2.42963,272.7,4146.58889,32.48889,399.81111,426.24444,15.44444,1.77778,16.82222,6.66667,23.37037,48.13333,ML_6B_0
739.37778,86.86667,418.94444,83.27778,3019.21111,18352.46667,1.0,6.08148,234.81111,3727.03333,35.37778,397.47778,421.68889,94.0,3.44444,12.05185,1.0,22.11111,56.24444,ML_6B_1
808.93333,118.31111,319.61111,42.09259,2917.54444,4341.68889,1.26667,1.71481,248.14444,3522.7,37.37778,401.92222,524.13333,32.55556,3.33333,18.6,22.22222,28.44444,69.57778,ML_6B_2
829.04444,108.08889,424.38889,47.40741,3088.43333,9724.35556,1.17778,4.65185,268.7,3333.81111,36.82222,453.03333,505.46667,31.33333,5.11111,18.16296,17.11111,33.48148,60.24444,ML_6B_3
706.26667,87.97778,528.5,114.31481,2670.98889,14080.24444,1.08889,13.17778,236.36667,3176.47778,30.48889,365.25556,428.91111,17.44444,4.22222,17.06667,11.66667,26.33333,53.24444,ML_6B_4
797.15556,86.97778,347.16667,103.96296,2852.43333,10571.35556,1.0,6.08148,266.36667,3040.14444,36.6,403.92222,436.57778,36.33333,8.33333,13.93333,8.44444,29.44444,57.91111,ML_6B_5
761.04444,88.97778,312.38889,70.40741,2771.43333,10744.91111,1.08889,5.36667,246.14444,2934.92222,33.04444,429.92222,430.46667,20.11111,3.33333,13.04444,1.88889,33.44444,51.02222,ML_6B_6
661.26667,82.97778,403.83333,75.64815,2484.54444,11488.91111,1.0,7.19259,228.47778,2820.03333,27.15556,361.03333,390.24444,15.44444,11.66667,12.48889,7.66667,21.0,37.91111,ML_6B_7
872.37778,100.2,419.5,83.42593,3007.54444,12374.24444,1.17778,8.62222,292.25556,2751.58889,34.04444,464.47778,435.68889,22.66667,10.0,17.37778,1.88889,27.66667,49.68889,ML_6B_8
771.93333,99.28889,277.27778,75.64815,2912.76667,7970.91111,1.0,9.63704,241.14444,2651.92222,34.82222,414.92222,426.24444,15.33333,2.66667,16.38519,2.88889,31.0,50.91111,ML_6B_9
1351.02222,102.4,243.54444,143.31111,3313.76667,100.88889,1.0,5.9037,137.02222,6072.11111,53.55556,301.44444,296.22222,11.22222,2.55556,31.44444,1.88889,20.36667,39.24444,ML_6C_0
1094.02222,55.95556,247.43333,94.32593,2716.32222,86.66667,1.0,5.9037,121.57778,4246.66667,41.55556,276.33333,218.33333,9.33333,1.77778,19.11111,1.0,18.7,29.24444,ML_6C_1
877.13333,63.95556,152.32222,94.21481,2277.98889,59.66667,1.0,10.97037,93.46667,2741.66667,26.44444,214.22222,152.0,7.33333,4.33333,23.22222,1.0,10.7,24.57778,ML_6C_2
899.24444,77.06667,103.21111,88.97778,2518.65556,164.88889,1.11111,5.9037,85.91111,2133.77778,22.55556,312.33333,206.44444,6.33333,2.55556,22.33333,19.33333,15.14444,20.46667,ML_6C_3
768.24444,80.95556,94.1,78.65926,2164.32222,4.77778,1.0,7.17778,84.13333,1955.55556,16.44444,269.77778,172.33333,3.77778,5.11111,19.22222,21.44444,10.92222,12.46667,ML_6C_4
1084.46667,80.06667,114.87778,117.64444,2865.43333,125.44444,1.0,4.00741,95.68889,1798.22222,20.22222,327.77778,225.11111,11.55556,1.77778,26.0,9.55556,19.99259,24.8,ML_6C_5
868.24444,94.17778,104.43333,88.99259,2486.76667,49.88889,1.11111,3.05926,96.68889,1666.66667,19.22222,337.55556,242.0,9.0,3.44444,21.11111,4.88889,18.14444,22.13333,ML_6C_6
721.8,68.84444,101.65556,101.86667,2134.98889,23.33333,1.11111,5.11852,109.68889,1614.44444,18.55556,329.33333,253.88889,7.22222,1.77778,14.92593,1.0,21.7,16.02222,ML_6C_7
901.13333,87.06667,97.87778,112.2,2610.21111,117.22222,1.0,9.07407,103.57778,1572.66667,18.22222,338.22222,245.88889,13.77778,1.0,19.55556,8.77778,23.92222,25.46667,ML_6C_8
797.24444,59.73333,116.65556,83.8963,2473.1,152.55556,1.22222,5.11852,100.24444,1530.88889,20.0,341.55556,235.55556,5.44444,3.33333,12.11111,1.88889,15.32593,17.57778,ML_6C_9
2127.16667,606.95556,393.48889,61.62963,6135.57778,1310.91111,1.11111,27.57778,338.04444,13175.44444,64.77778,776.33333,1436.91111,18.00741,2.4963,14.16667,34.77778,1101.04444,118.03333,ML_7A_0
1702.72222,729.28889,299.93333,144.72222,4865.46667,654.53333,1.22222,5.6,266.37778,10130.33333,56.33333,672.0,1228.02222,8.52222,7.40741,13.16667,15.11111,898.04444,92.03333,ML_7A_1
1534.05556,636.4,240.82222,87.83333,4363.35556,971.47407,1.22222,7.93333,206.71111,8775.88889,45.77778,565.66667,808.8,8.45185,5.77037,19.94444,33.11111,701.6,77.14444,ML_7A_2
1807.72222,489.84444,348.37778,144.5,5020.46667,1848.41481,1.22222,12.17037,194.15556,7296.0,53.44444,559.11111,830.68889,7.41111,3.99259,20.61111,29.11111,787.71111,80.25556,ML_7A_3
1765.72222,296.95556,218.37778,110.74074,3844.35556,1969.52593,1.11111,13.32593,160.93333,5727.33333,32.66667,482.33333,824.24444,8.52222,10.77037,15.33333,39.77778,439.93333,92.14444,ML_7A_4
1875.05556,592.84444,372.71111,144.18519,5250.68889,3452.41481,2.22222,30.34074,225.26667,5008.77778,45.44444,757.22222,450.8,20.52222,9.07407,21.83333,47.44444,237.93333,54.03333,ML_7A_5
1899.5,715.06667,310.6,100.72222,5248.91111,2964.68889,1.33333,20.21481,260.6,4489.55556,36.55556,609.44444,383.24444,48.96667,5.8,18.61111,38.66667,178.26667,59.81111,ML_7A_6
2120.16667,983.62222,310.15556,112.75926,5347.13333,4396.8,2.11111,24.56296,194.93333,4253.55556,43.0,654.0,850.35556,6.07778,5.02222,25.5,34.77778,409.37778,50.92222,ML_7A_7
1667.61111,482.73333,251.48889,90.61111,4486.02222,2554.74815,1.22222,17.56296,187.48889,4143.66667,33.88889,548.33333,775.91111,7.85556,9.93333,27.05556,42.66667,410.48889,49.81111,ML_7A_8
1245.16667,406.31852,235.26667,100.18519,3421.8,2362.08148,1.33333,11.05926,138.04444,3891.77778,21.88889,426.33333,255.68889,36.3,9.96296,13.94444,15.22222,162.37778,55.58889,ML_7A_9
810.73333,154.84444,146.4,113.73333,2705.43333,404.2,1.0,8.72593,59.13333,2268.3,22.83333,310.23333,193.22222,19.66667,1.0,16.33333,10.53333,27.75556,25.62222,ML_7B_0
913.95556,285.28889,165.84444,80.68889,2924.98889,774.2,1.0,13.32593,84.91111,2069.18889,19.16667,311.78889,186.22222,8.22222,1.71852,18.07407,12.53333,17.51111,26.51111,ML_7B_1
885.17778,285.95556,184.95556,118.95556,2869.43333,1166.86667,1.0,11.42222,70.13333,1927.74444,22.05556,300.01111,187.88889,8.66667,1.0,21.33333,14.77778,19.73333,34.51111,ML_7B_2
867.84444,259.95556,199.62222,70.75556,2715.87778,834.41481,1.27778,7.14074,73.46667,1828.18889,21.38889,293.01111,167.55556,13.33333,1.71852,13.85185,6.26667,31.62222,29.62222,ML_7B_3
900.06667,285.17778,179.06667,70.75556,2611.54444,996.58519,1.0,7.5037,73.57778,1749.18889,20.27778,269.78889,171.44444,4.88889,2.60741,14.14815,6.26667,28.73333,31.95556,ML_7B_4
945.17778,273.84444,178.4,113.84444,2843.21111,1543.86667,1.09259,12.64444,80.02222,1681.3,16.27778,289.56667,177.55556,6.22222,1.0,18.03704,13.53333,20.17778,32.4,ML_7B_5
900.95556,178.95556,196.62222,124.46667,2784.65556,839.86667,1.0,12.85185,79.46667,1618.52222,23.16667,309.67778,208.0,5.11111,1.0,20.62963,13.53333,34.75556,32.84444,ML_7B_6
790.95556,193.17778,154.73333,96.13333,2499.65556,872.64444,1.0,7.5037,59.8,1549.74444,18.16667,271.45556,180.22222,8.0,2.60741,22.81481,4.26667,16.6,26.95556,ML_7B_7
906.06667,168.84444,158.95556,85.51111,2696.54444,1051.97778,1.0,9.40741,63.13333,1487.07778,19.5,260.78889,157.11111,6.88889,1.0,15.07407,2.75556,22.6,29.51111,ML_7B_8
1023.4,267.84444,191.95556,108.73333,3035.98889,879.36296,1.0,9.51852,78.13333,1460.96667,21.72222,290.67778,188.22222,5.44444,1.0,19.66667,8.02222,12.4,30.51111,ML_7B_9
850.24444,88.88889,106.61111,63.02963,3111.46667,37.67407,1.0963,3.93333,139.95556,3078.08889,27.64444,437.3,257.04444,2.98148,3.32593,17.21852,3.77778,127.76667,26.77778,ML_7C_0
708.02222,91.0,117.5,74.24815,2643.02222,163.15185,1.0,13.55556,106.62222,2736.86667,21.53333,366.52222,228.37778,2.31481,2.43704,12.10741,6.77778,66.65556,22.07407,ML_7C_1
760.13333,90.77778,142.72222,62.03333,2887.46667,183.23704,1.0963,12.75556,115.95556,2579.75556,19.2,359.41111,211.26667,2.98148,2.60741,9.45556,7.66667,52.54444,15.51852,ML_7C_2
932.91111,95.77778,136.83333,136.7,3440.68889,72.34815,1.0,9.8,168.4,2453.53333,24.97778,418.85556,265.71111,3.33333,1.71852,15.67778,3.77778,74.1,20.44444,ML_7C_3
851.57778,94.0,113.27778,70.80741,3214.57778,52.11852,1.0963,9.8,143.84444,2364.64444,25.42222,449.96667,257.6,5.07407,1.0,9.21852,2.88889,78.21111,20.40741,ML_7C_4
792.46667,89.88889,127.05556,74.35926,2871.91111,74.09259,1.0,8.88889,129.95556,2333.31111,22.08889,371.74444,208.26667,3.66667,2.60741,15.45556,7.66667,52.21111,17.77778,ML_7C_5
710.68889,87.66667,138.61111,88.80741,2781.91111,157.15185,1.0,8.08889,95.06667,2244.53333,19.97778,396.52222,181.82222,2.88889,4.21481,13.28148,6.55556,29.12593,19.11111,ML_7C_6
751.35556,70.55556,165.83333,88.80741,2738.91111,143.28889,1.19259,7.77778,97.84444,2165.31111,19.08889,345.85556,175.48889,2.74074,1.71852,15.45556,13.55556,26.32222,18.44444,ML_7C_7
727.8,114.33333,122.94444,87.81111,2708.24444,93.37407,1.0963,7.77778,112.06667,2092.08889,18.75556,355.3,199.71111,4.44444,4.21481,6.44074,10.55556,37.54444,9.96296,ML_7C_8
682.8,90.88889,81.38889,72.36667,2691.68889,74.92963,1.19259,5.04444,104.17778,2039.86667,21.86667,428.96667,180.37778,2.68519,1.71852,12.17037,5.66667,16.65556,17.0,ML_7C_9
1111.18889,222.7,272.27778,91.87778,4848.76667,277.33333,1.0,10.2963,318.26667,4979.62222,39.31111,271.08889,316.31111,152.15556,1.0,20.68889,25.22222,16.42222,64.6,ML_8A_0
1269.52222,227.81111,248.83333,140.87778,5727.87778,300.11111,1.0,10.73333,352.48889,4355.4,39.31111,355.86667,496.08889,85.71111,1.0,19.11852,8.55556,22.53333,61.6,ML_8A_1
1176.74444,216.58889,308.16667,125.07778,4884.1,217.77778,1.53333,12.51852,310.48889,4088.06667,33.2,269.31111,361.75556,128.04444,3.44444,22.34074,78.55556,14.74815,74.93333,ML_8A_2
1254.52222,251.03333,248.16667,134.31111,5538.98889,66.11111,1.42222,19.24444,350.71111,3752.28889,34.42222,307.08889,463.53333,86.04444,4.22222,19.24444,18.44444,21.42222,51.04444,ML_8A_3
1481.96667,337.92222,270.16667,175.53333,6317.65556,113.33333,1.42963,12.51852,387.15556,3532.17778,40.97778,365.42222,669.64444,34.82222,4.33333,14.67407,11.44444,29.25185,49.82222,ML_8A_4
1300.07778,220.7,239.94444,144.75556,5677.21111,37.33333,1.1037,4.95556,352.48889,3374.95556,39.86667,282.75556,479.31111,93.71111,3.44444,32.68889,26.22222,26.08889,79.93333,ML_8A_5
1180.74444,292.36667,231.72222,171.76667,5072.54444,55.66667,1.53333,8.12593,336.93333,3227.84444,41.42222,265.2,508.2,81.37778,1.77778,12.35556,6.55556,17.25185,57.37778,ML_8A_6
1270.85556,263.03333,253.72222,135.87778,5647.21111,289.77778,1.1037,8.91111,358.15556,3075.84444,37.42222,329.53333,467.08889,75.37778,1.77778,49.68889,3.77778,17.31111,45.26667,ML_8A_7
1229.74444,286.25556,254.94444,140.87778,5130.87778,191.0,1.42963,12.79259,349.48889,2934.06667,38.42222,285.86667,469.08889,67.93333,1.0,13.24444,9.66667,18.36296,60.48889,ML_8A_8
1111.85556,223.7,163.83333,139.42222,4943.54444,84.66667,1.0,5.22963,337.82222,2792.84444,32.42222,317.86667,492.86667,66.6,2.66667,14.56296,4.66667,20.91852,30.82222,ML_8A_9
1595.22222,263.53333,201.55556,198.06667,7498.48889,70.0,1.10741,6.06667,374.77778,2987.52222,51.21111,412.68889,479.37778,17.22222,5.88889,8.54074,7.55556,18.56667,40.31111,ML_8B_0
1515.66667,302.08889,186.11111,216.28889,6928.48889,160.33333,1.10741,4.00741,344.44444,2673.07778,52.1,377.46667,479.71111,41.0,4.22222,10.01481,4.66667,19.67778,42.42222,ML_8B_1
1462.66667,299.97778,174.0,192.84444,6719.37778,39.44444,1.10741,12.19259,338.22222,2452.63333,49.43333,391.02222,480.6,14.22222,6.77778,10.34815,1.0,20.34444,39.86667,ML_8B_2
1581.88889,278.75556,202.66667,249.62222,7093.04444,247.0,1.0,8.12593,336.88889,2295.74444,47.43333,422.02222,497.37778,10.11111,8.44444,8.54074,3.77778,17.39259,42.64444,ML_8B_3
1584.44444,256.53333,169.22222,196.83704,6725.04444,55.77778,1.10741,13.9037,334.22222,2169.63333,52.98889,344.68889,473.93333,11.88889,1.77778,8.42963,7.66667,16.34444,41.53333,ML_8B_4
1622.55556,235.42222,197.77778,154.28889,6911.71111,228.0,1.0,9.07407,315.11111,2111.96667,48.76667,353.02222,400.15556,9.0,4.33333,5.68148,3.66667,20.56667,47.64444,ML_8B_5
1261.55556,204.97778,159.33333,172.28889,5888.82222,29.33333,1.10741,11.95556,289.88889,2054.52222,45.76667,370.13333,432.71111,11.77778,2.55556,8.20741,3.77778,16.01111,36.64444,ML_8B_6
1363.55556,263.75556,178.0,205.95556,6140.6,22.77778,1.0,4.95556,292.22222,2028.41111,49.65556,363.57778,452.37778,4.55556,6.66667,6.76296,2.88889,18.32963,39.75556,ML_8B_7
1285.77778,238.31111,186.88889,195.62222,5946.04444,47.44444,1.0,6.85185,277.88889,1981.41111,43.54444,345.57778,406.82222,16.22222,2.66667,10.87407,1.0,18.78889,42.2,ML_8B_8
1452.44444,232.42222,162.11111,239.17778,5976.6,53.77778,1.10741,10.73333,287.44444,1955.3,48.32222,308.13333,402.48889,13.55556,2.55556,6.6,4.77778,16.67778,40.2,ML_8B_9
2787.8,457.33333,171.47778,333.0,14987.55556,2.48148,1.0963,1.0,554.76667,4889.57778,36.62222,522.3,685.65556,71.86667,7.62222,8.97778,9.36667,77.45556,40.08889,ML_8C_0
2493.46667,466.33333,141.81111,343.22222,13463.77778,28.62963,1.4,5.40741,529.1,4149.91111,37.4,493.74444,606.32222,14.99259,2.31852,22.91111,5.36667,47.34444,40.64444,ML_8C_1
2425.13333,459.33333,128.7,374.33333,13626.22222,14.81481,1.0,8.41481,492.54444,3488.57778,38.51111,392.96667,592.65556,6.51852,1.0,24.71111,9.52222,68.56667,42.2,ML_8C_2
2522.68889,349.22222,135.58889,345.88889,12608.0,1.0,1.19259,11.18519,431.65556,3137.57778,30.28889,365.3,541.87778,10.45185,2.31852,13.51111,7.57778,39.56667,38.42222,ML_8C_3
2276.57778,337.11111,122.03333,250.55556,11820.22222,441.0,1.19259,3.42222,399.87778,2849.02222,26.4,354.85556,506.76667,6.67407,3.86667,16.17778,2.78889,35.9,33.08889,ML_8C_4
2317.46667,401.66667,129.7,320.0,12250.88889,2.48148,1.0963,9.72593,464.32222,2702.02222,29.06667,344.74444,565.21111,13.34074,2.31852,13.06667,2.78889,39.17037,31.08889,ML_8C_5
1858.68889,317.88889,166.7,258.44444,9833.33333,206.77778,1.28889,10.83704,352.32222,2586.91111,28.4,269.07778,494.98889,6.67407,1.65926,14.13333,3.36667,34.34444,35.97778,ML_8C_6
2119.91111,378.55556,111.58889,291.88889,11411.55556,206.77778,1.0963,3.42222,409.54444,2487.57778,35.17778,301.18889,519.98889,10.54815,5.41481,21.02222,6.57778,25.66296,33.42222,ML_8C_7
2112.68889,355.22222,132.25556,248.11111,11073.11111,120.44444,1.0,5.64444,396.43333,2366.57778,34.62222,325.18889,476.21111,5.91111,1.65926,39.24444,6.15556,29.9,27.42222,ML_8C_8
1585.57778,246.22222,140.58889,235.22222,8488.66667,228.7037,1.0963,6.95556,322.98889,2256.46667,26.62222,254.3,433.54444,22.00741,1.65926,8.62222,3.57778,15.78889,30.86667,ML_8C_9
1256.04444,326.22222,137.47778,274.93333,5728.7,3603.0,1.0,11.11111,265.04444,3943.15556,47.55556,281.66667,607.04444,2.66667,8.0,15.88889,2.82222,19.0,20.35556,ML_9A_0
1180.82222,253.44444,111.25556,223.15556,5289.7,3549.0,1.0,11.11111,224.48889,3654.6,47.33333,287.22222,579.15556,1.55556,2.57778,12.0,1.0,18.66667,19.35556,ML_9A_1
1174.71111,288.66667,131.7,243.82222,5257.7,2682.11111,1.08519,11.0,291.37778,3392.37778,48.77778,263.77778,529.6,1.66667,8.68889,13.33333,2.82222,13.66667,20.13333,ML_9A_2
1204.93333,280.66667,130.92222,236.26667,5801.25556,3689.0,1.17037,9.88889,273.93333,3240.37778,47.11111,289.88889,607.37778,5.11111,1.68889,6.33333,1.82222,14.44444,23.68889,ML_9A_3
1257.04444,331.11111,140.7,238.82222,5587.47778,2878.0,1.08519,11.0,280.15556,3109.26667,49.55556,285.22222,604.6,3.0,3.35556,13.33333,1.0,21.33333,22.46667,ML_9A_4
1073.6,495.88889,129.7,220.71111,4981.92222,2801.66667,1.08519,12.22222,253.48889,3004.48889,41.0,262.77778,538.37778,3.0,4.04444,14.44444,1.0,19.0,23.91111,ML_9A_5
1029.26667,250.44444,116.14444,200.15556,4630.7,1802.0,1.0,6.66667,214.04444,2941.15556,41.66667,252.22222,512.71111,2.0,3.26667,11.22222,1.82222,23.11111,19.46667,ML_9A_6
1351.37778,351.44444,113.25556,189.82222,5496.58889,4260.77778,1.08519,9.88889,253.15556,2899.37778,45.33333,279.77778,571.93333,2.77778,3.95556,13.55556,1.0,25.22222,25.02222,ML_9A_7
1078.6,271.44444,111.7,228.48889,4983.7,1760.88889,1.08519,11.0,239.48889,2821.04444,41.88889,275.88889,534.48889,1.66667,2.37778,12.0,2.82222,17.11111,22.68889,ML_9A_8
1190.82222,305.77778,118.14444,184.71111,5528.25556,2953.66667,1.08519,7.66667,248.04444,2742.04444,40.22222,262.44444,558.82222,2.0,5.73333,12.22222,4.64444,12.33333,20.91111,ML_9A_9
2331.96667,613.85556,152.03333,440.05556,11428.84444,351.32963,1.08148,6.96296,639.86667,3594.34444,51.2,421.83333,1149.78889,7.08889,6.77778,29.3,6.66667,68.02222,24.0,ML_9B_0
1993.41111,564.3,146.92222,339.61111,9849.51111,131.44074,1.24444,8.7037,551.2,3395.23333,51.86667,413.83333,1118.67778,3.91111,4.11111,23.07778,8.55556,70.13333,23.44444,ML_9B_1
1740.41111,527.07778,106.14444,334.27778,9126.73333,134.41111,1.16296,5.74074,529.2,3274.56667,44.86667,343.05556,1011.23333,3.35556,7.55556,19.71111,3.77778,59.46667,20.96296,ML_9B_2
2131.52222,660.41111,145.36667,365.27778,10662.62222,201.44074,1.27407,5.11111,631.97778,3185.34444,56.64444,355.16667,1117.45556,5.68889,10.0,19.67778,7.66667,63.35556,27.55556,ML_9B_3
1987.07778,514.07778,125.03333,354.83333,9375.06667,205.32963,1.0,6.85185,535.97778,3111.67778,48.42222,384.16667,1084.56667,4.80741,10.88889,6.75556,4.66667,27.68889,23.0,ML_9B_4
1981.18889,540.3,182.03333,262.05556,10590.17778,430.26667,1.08148,7.96296,557.86667,3028.12222,55.75556,443.5,977.9,5.80741,5.11111,9.56667,4.66667,35.35556,33.33333,ML_9B_5
1741.96667,462.41111,145.03333,326.5,8597.95556,104.2037,1.08148,6.96296,531.86667,2938.56667,51.31111,365.83333,1040.45556,5.53333,5.11111,10.18889,4.66667,25.19259,22.11111,ML_9B_6
1869.07778,474.3,111.47778,272.61111,9453.95556,80.36296,1.38519,6.37037,552.75556,2870.45556,44.31111,288.38889,988.23333,4.36296,5.77778,16.48889,8.66667,31.35556,18.07407,ML_9B_7
1815.63333,456.41111,122.92222,331.72222,8352.84444,34.42593,1.08148,10.2963,514.53333,2786.9,47.31111,326.27778,972.23333,3.63704,5.88889,8.01111,2.88889,34.35556,17.51852,ML_9B_8
1770.18889,498.85556,122.36667,329.16667,7717.4,18.6963,1.46667,8.59259,545.42222,2703.01111,53.53333,313.05556,1021.67778,5.52593,6.77778,8.04444,6.77778,36.13333,17.0,ML_9B_9
2049.18889,430.47778,275.61111,378.07778,8664.74444,50.33333,1.0,7.46667,434.58889,9027.74444,67.46667,571.76667,1703.86667,6.11111,8.97778,26.64444,8.28889,155.64444,78.86667,ML_9C_0
2090.74444,437.7,266.16667,285.3,8165.74444,43.7963,1.73333,8.05556,508.03333,7080.74444,53.8,549.1,1274.2,7.88889,8.62963,16.97778,15.25556,182.75556,94.08889,ML_9C_1
1778.41111,321.58889,210.83333,251.85556,7336.63333,73.0,1.1963,3.67778,354.7,6189.18889,52.02222,439.65556,994.08889,4.44444,8.51111,13.14074,21.06667,114.31111,65.64444,ML_9C_2
1996.63333,384.14444,216.72222,244.07778,7559.85556,79.22222,1.0,4.78889,360.03333,5690.63333,53.8,459.32222,893.97778,6.55556,6.85185,20.31111,9.61111,132.97778,56.31111,ML_9C_3
1567.07778,328.58889,212.61111,195.07778,6175.3,114.0,1.08519,9.62222,403.47778,5218.63333,40.35556,388.65556,905.53333,5.55556,3.20741,12.31111,10.93333,130.53333,88.75556,ML_9C_4
1647.3,292.03333,200.72222,181.96667,6468.63333,44.64815,1.30741,4.26667,325.47778,4830.52222,39.91111,371.87778,816.86667,5.66667,5.41481,11.75556,20.82222,97.97778,106.08889,ML_9C_5
1505.63333,254.92222,259.94444,205.3,5812.96667,161.01852,1.30741,5.31111,313.7,4327.07778,40.91111,353.1,715.75556,5.66667,4.87407,17.80741,16.14444,97.53333,49.53333,ML_9C_6
1514.63333,245.81111,246.16667,174.3,5693.74444,46.01852,1.58889,6.35556,258.92222,3965.07778,37.8,340.32222,787.97778,4.33333,3.20741,11.31111,17.14444,94.42222,41.97778,ML_9C_7
1269.07778,204.47778,172.05556,115.3,5142.3,110.74074,1.08519,8.86667,243.92222,3728.96667,32.8,345.65556,677.2,2.77778,2.97778,20.91852,53.81111,86.2,46.53333,ML_9C_8
1554.52222,210.47778,227.38889,205.41111,5658.18889,250.40741,1.0,9.16667,242.81111,3524.63333,34.13333,336.65556,622.75556,3.0,3.86667,14.47407,5.93333,102.64444,34.75556,ML_9C_9
