Na,Mg,Al,S,K,Ti,V,Cr,Mn,Fe,Co,Cu,Zn,Sr,Cd,Sn,Ba,Hg,Pb,name
2869.08889,1392.95556,135.27778,1038.34444,30485.52222,462.22222,1.0,3.14074,1822.41111,10775.97778,61.28889,527.55556,2923.55556,1.88889,5.11111,5.48889,1.0,65.73333,25.11111,APP.0_0
2911.97778,1378.73333,142.27778,1138.67778,32151.63333,439.55556,1.0,4.17037,1950.63333,10103.97778,69.84444,536.55556,2974.33333,2.33333,2.55556,2.05185,3.66667,62.73333,27.0,APP.0_1
2676.42222,1244.4,126.61111,994.56667,27869.63333,521.77778,1.0,1.0,1701.74444,9589.86667,60.84444,545.33333,2850.55556,1.88889,3.44444,4.45926,4.77778,66.4,27.44444,APP.0_2
2883.64444,1301.95556,125.94444,834.45556,30511.52222,326.66667,1.21481,3.14074,1723.41111,9127.86667,56.95556,491.0,2770.88889,1.55556,3.44444,2.8,2.88889,61.62222,30.22222,APP.0_3
2909.42222,1242.28889,137.61111,950.45556,28632.52222,238.33333,1.0,4.36296,1643.07778,8833.86667,57.51111,478.0,2620.11111,2.22222,5.11111,5.2963,3.77778,52.06667,25.88889,APP.0_4
2469.2,1072.62222,121.83333,896.34444,24380.3,252.88889,1.0,6.22963,1475.52222,8613.86667,64.17778,478.11111,2564.88889,2.77778,3.44444,8.42963,8.44444,44.51111,28.22222,APP.0_5
2541.53333,1104.06667,133.61111,857.56667,25652.07778,468.55556,1.0,3.14074,1463.18889,8487.42222,53.17778,442.88889,2394.33333,2.33333,6.66667,6.18519,2.88889,48.17778,24.22222,APP.0_6
2787.31111,1347.51111,133.27778,927.23333,28822.52222,174.77778,1.0,3.05926,1626.3,8324.75556,54.4,436.66667,2579.66667,2.77778,2.55556,3.54815,1.88889,61.62222,28.33333,APP.0_7
2486.2,1158.4,123.16667,728.56667,20877.96667,226.11111,1.0,1.0,1417.07778,8104.42222,49.28889,436.88889,2191.77778,2.22222,4.22222,5.04444,1.88889,44.17778,25.33333,APP.0_8
2431.53333,1073.62222,134.83333,803.34444,23558.07778,501.44444,1.32222,4.17037,1372.07778,7952.31111,56.95556,422.22222,2129.88889,2.55556,1.0,7.48889,1.88889,46.06667,27.22222,APP.0_9
3466.46667,1458.0,218.21111,1172.26667,37940.13333,3612.55556,1.11111,15.37037,1422.51111,9898.37778,71.71111,1890.0,2800.7,4.1963,4.22222,17.66667,19.22222,35.31111,40.66667,APP.1_0
3226.02222,1700.66667,196.65556,1061.37778,36169.57778,4569.77778,1.44444,11.81481,1409.28889,9405.04444,67.82222,1909.0,2627.81111,2.31481,2.66667,10.88889,20.11111,31.64444,37.66667,APP.1_1
3243.8,1333.88889,195.65556,1076.93333,35547.46667,3166.0,1.22222,10.59259,1393.73333,8922.15556,58.93333,1612.44444,2546.58889,3.2,5.88889,10.33333,23.11111,25.97778,54.55556,APP.1_2
3198.91111,1144.88889,202.32222,1141.48889,35733.02222,4001.11111,1.55556,9.67407,1391.95556,8743.6,61.37778,1662.77778,2582.25556,3.41852,1.77778,14.0,18.22222,33.75556,45.22222,APP.1_3
3147.13333,1345.88889,228.43333,1061.37778,34872.35556,3017.0,1.11111,16.28889,1394.73333,8581.15556,65.93333,1716.11111,2639.81111,1.65185,6.77778,13.33333,21.22222,26.75556,50.11111,APP.1_4
3211.57778,1430.77778,232.32222,1074.48889,34693.57778,3245.33333,1.22222,7.34074,1410.62222,8302.82222,61.04444,1751.33333,2687.03333,2.98519,2.55556,11.44444,18.11111,28.53333,63.22222,APP.1_5
3059.35556,1333.88889,191.65556,1051.26667,32239.02222,3434.44444,1.44444,8.45185,1288.62222,8045.82222,61.26667,1590.77778,2553.92222,3.3037,4.11111,15.66667,20.11111,23.08889,46.11111,APP.1_6
2926.91111,1254.0,168.21111,945.48889,32219.68889,2889.66667,1.22222,12.84444,1214.06667,7809.6,56.48889,1463.0,2295.25556,3.52963,3.44444,20.33333,17.33333,17.08889,76.0,APP.1_7
2775.91111,1134.88889,145.87778,917.04444,28153.8,2377.55556,1.11111,10.7037,1166.28889,7599.82222,54.26667,1164.55556,2291.03333,3.75185,5.88889,13.66667,23.11111,17.97778,60.0,APP.1_8
3006.24444,1374.11111,163.87778,1069.15556,31786.57778,2811.33333,1.44444,9.67407,1279.17778,7410.93333,59.04444,1401.55556,2487.58889,4.41852,5.88889,17.77778,22.88889,24.86667,65.77778,APP.1_9
1280.63333,627.88889,99.4,350.28889,9290.16667,21.44444,1.0,7.66667,701.61111,4819.48889,41.22222,235.55556,1495.0,2.0,5.11111,4.88889,3.77778,24.66667,26.35556,APP.10_0
1175.41111,542.0,105.28889,352.73333,8775.83333,66.22222,1.0,3.22222,663.61111,4557.15556,40.66667,236.55556,1457.88889,1.88889,3.44444,6.66667,6.55556,29.44444,30.68889,APP.10_1
1047.41111,610.66667,96.73333,347.62222,8400.61111,70.0,1.11111,1.0,602.83333,4447.15556,33.88889,208.88889,1327.44444,1.44444,1.77778,6.0,4.77778,20.11111,22.02222,APP.10_2
1178.18889,536.0,107.28889,363.17778,8711.94444,21.0,1.0,5.44444,606.94444,4274.04444,42.33333,206.33333,1416.33333,2.77778,4.88889,4.55556,7.55556,23.55556,27.57778,APP.10_3
1006.96667,530.0,95.28889,365.73333,8096.83333,20.55556,1.0,6.55556,569.05556,4079.93333,38.0,214.77778,1298.88889,2.66667,1.77778,5.44444,9.55556,20.88889,24.02222,APP.10_4
1130.96667,603.66667,125.4,399.28889,8967.05556,62.44444,1.0,12.11111,646.38889,3964.15556,40.0,228.66667,1391.33333,1.66667,2.66667,3.55556,6.44444,30.44444,28.15556,APP.10_5
1108.52222,597.66667,135.06667,411.95556,8794.05556,66.11111,1.0,2.11111,581.94444,3880.48889,42.44444,219.55556,1213.77778,1.88889,3.44444,5.55556,27.22222,23.44444,41.57778,APP.10_6
1118.96667,582.44444,106.95556,324.4,8173.38889,52.0,1.11111,1.0,601.94444,3807.15556,35.77778,223.22222,1157.77778,3.0,6.77778,4.44444,12.55556,24.55556,34.8,APP.10_7
933.63333,428.0,93.17778,290.95556,6936.5,2.88889,1.0,2.11111,495.94444,3670.6,37.11111,185.66667,1106.33333,3.11111,2.66667,3.88889,9.44444,18.0,27.24444,APP.10_8
1042.96667,540.0,106.06667,249.24444,7483.27778,17.11111,1.0,3.22222,512.5,3576.6,36.0,181.66667,1110.66667,2.88889,3.33333,3.55556,1.0,20.11111,24.91111,APP.10_9
1535.17778,1003.44444,108.92222,715.96667,13741.87778,90.55556,1.0963,1.0,1108.82222,6043.08889,59.55556,217.13333,2553.66667,3.33333,2.55556,3.66667,1.88889,17.44444,17.11111,APP.11_0
1435.84444,1012.55556,85.36667,641.18889,12513.76667,43.55556,1.0963,2.11111,986.93333,5885.2,54.11111,188.68889,2153.44444,2.33333,1.77778,5.22222,8.55556,20.44444,17.0,APP.11_1
1446.28889,1038.77778,74.14444,790.74444,13760.65556,94.88889,1.0963,4.33333,1115.6,5575.75556,62.66667,180.68889,2231.11111,2.22222,1.0,2.44444,2.77778,25.22222,14.33333,APP.11_2
1314.51111,898.44444,84.7,636.07778,12606.21111,115.66667,1.0,2.11111,953.26667,5339.86667,55.77778,203.13333,2024.66667,3.55556,3.44444,3.77778,3.77778,17.33333,20.11111,APP.11_3
1401.06667,937.77778,90.36667,703.07778,13725.65556,123.33333,1.0,5.44444,1039.15556,5203.42222,55.44444,194.13333,2139.33333,3.0,2.66667,3.55556,4.66667,25.77778,17.88889,APP.11_4
1305.06667,869.22222,82.81111,561.3,12241.76667,121.33333,1.0,1.0,927.26667,5061.53333,50.77778,205.02222,2055.66667,2.77778,1.77778,2.77778,4.77778,24.88889,18.11111,APP.11_5
1310.28889,888.33333,85.7,672.3,13059.65556,146.22222,1.0,2.11111,940.93333,4946.64444,53.33333,184.35556,2108.33333,2.0,4.11111,5.33333,1.0,21.37037,15.33333,APP.11_6
1256.4,877.33333,67.47778,566.52222,11885.76667,45.55556,1.0963,3.22222,918.26667,4825.75556,50.77778,159.02222,2012.66667,3.33333,2.55556,3.22222,1.88889,21.22222,13.22222,APP.11_7
1255.84444,857.11111,73.92222,599.96667,11925.76667,144.0,1.0,14.66667,943.71111,4726.31111,54.33333,184.35556,2075.55556,1.88889,2.66667,3.11111,4.77778,17.88889,13.22222,APP.11_8
1270.95556,917.66667,82.58889,605.18889,11685.98889,109.22222,1.0,4.33333,881.82222,4636.53333,53.88889,205.35556,2138.55556,3.11111,2.66667,2.44444,5.55556,32.0,20.77778,APP.11_9
3034.31111,1936.0,151.72222,1426.35556,32249.5,137.88889,1.0,1.0,2306.5,18590.6,93.51111,469.22222,4325.88889,3.82963,8.44444,5.0,8.55556,48.15556,33.24444,APP.12_0
2885.64444,1755.11111,151.72222,1460.02222,31506.61111,105.33333,1.0,1.87407,2210.72222,17676.37778,94.17778,432.66667,4136.88889,3.82963,9.22222,9.66667,4.77778,41.26667,34.02222,APP.12_1
2949.64444,1790.44444,154.27778,1498.68889,31932.83333,127.55556,1.0,2.98519,2236.05556,16856.37778,95.06667,403.66667,4208.44444,5.04444,7.55556,3.88889,2.88889,46.26667,33.57778,APP.12_2
2756.08889,1603.55556,149.16667,1418.68889,31401.38889,141.88889,1.0,1.87407,2107.94444,16299.6,88.51111,364.11111,3990.33333,3.4963,6.77778,4.88889,2.77778,45.26667,33.13333,APP.12_3
2596.64444,1697.66667,137.94444,1315.46667,29535.72222,51.55556,1.0,2.98519,2108.27778,15501.26667,89.62222,434.22222,4040.44444,3.82222,1.0,6.11111,6.77778,37.37778,33.35556,APP.12_4
2620.64444,1729.0,135.38889,1400.57778,27498.83333,49.44444,1.1037,1.87407,2033.72222,14518.93333,83.84444,395.44444,3957.33333,3.37778,2.66667,2.77778,1.88889,44.04444,30.57778,APP.12_5
2445.75556,1592.44444,182.38889,1145.24444,22605.05556,131.66667,1.0,5.84444,1716.5,13484.15556,72.06667,294.88889,3428.0,4.93333,6.77778,5.88889,2.88889,38.48889,42.57778,APP.12_6
2259.86667,1479.22222,148.05556,1106.68889,21287.61111,76.33333,1.0,6.71852,1681.5,13100.82222,64.4,311.66667,3184.44444,2.74074,9.22222,7.88889,7.66667,20.71111,40.24444,APP.12_7
2282.31111,1343.0,137.83333,1119.46667,19781.72222,63.77778,1.0,3.85926,1637.5,12722.48889,78.95556,322.55556,3159.22222,3.4,6.66667,4.66667,5.66667,23.31111,42.02222,APP.12_8
2296.64444,1349.11111,145.27778,1091.13333,21691.5,164.55556,1.0,1.87407,1594.83333,12475.82222,68.95556,331.11111,3286.22222,4.38519,9.22222,7.0,4.77778,34.93333,36.68889,APP.12_9
1172.04444,697.44444,229.38889,433.02222,9896.81111,105.11111,1.0,1.0,673.25556,6252.53333,37.48889,337.0,1411.66667,3.55556,1.0,4.22222,1.0,27.91111,34.95556,APP.13_0
1138.48889,682.55556,180.27778,489.68889,9739.92222,191.11111,1.11111,1.87037,634.7,5869.42222,32.15556,314.88889,1293.0,2.44444,1.0,4.11111,4.66667,23.8,29.62222,APP.13_1
1160.04444,623.77778,125.61111,440.57778,9483.25556,80.33333,1.11111,2.74074,632.92222,5696.42222,32.48889,293.55556,1289.88889,2.11111,1.77778,6.0,8.55556,22.91111,32.17778,APP.13_2
1182.15556,591.44444,117.72222,355.68889,9125.81111,117.22222,1.0,3.85185,637.7,5570.53333,37.6,301.11111,1217.77778,2.88889,1.77778,5.22222,2.77778,27.02222,39.51111,APP.13_3
1191.6,613.66667,121.05556,464.02222,9693.47778,107.11111,1.0,3.85185,647.81111,5318.53333,35.26667,296.11111,1291.0,1.88889,1.0,5.88889,4.66667,24.35556,29.84444,APP.13_4
1118.37778,615.77778,154.94444,484.46667,9804.36667,127.88889,1.11111,2.98148,651.47778,5208.53333,32.6,320.55556,1282.77778,3.44444,3.33333,8.66667,2.77778,22.35556,32.62222,APP.13_5
1027.48889,515.66667,125.61111,463.91111,8483.92222,72.22222,1.0,2.74074,602.58889,5066.75556,34.04444,296.44444,1195.0,3.11111,1.77778,5.0,4.77778,16.91111,31.4,APP.13_6
1084.04444,559.33333,111.61111,466.57778,8908.92222,35.33333,1.22222,1.0,578.81111,4988.42222,32.04444,272.55556,1211.22222,2.33333,5.0,5.11111,1.0,24.8,32.62222,APP.13_7
1065.6,529.88889,124.27778,448.35556,8247.81111,31.33333,1.0,3.61111,587.92222,4915.2,34.15556,276.55556,1168.55556,2.44444,3.44444,5.11111,7.77778,19.91111,29.62222,APP.13_8
1167.26667,555.33333,155.61111,538.68889,9471.36667,162.44444,1.0,4.72222,656.36667,4815.08889,32.48889,311.55556,1320.66667,2.66667,5.11111,4.77778,3.77778,22.91111,32.17778,APP.13_9
2536.78889,1163.51111,141.96667,720.95556,19017.86667,184.88889,1.0,1.0,1182.32222,7796.84444,40.12222,458.68889,1960.95556,3.33333,10.0,10.12593,8.66667,29.85556,43.35556,APP.14_0
2466.34444,1064.62222,165.85556,661.51111,17807.2,168.55556,1.20741,1.0,1166.54444,7371.95556,39.78889,353.02222,1883.06667,7.22222,9.22222,4.74074,8.44444,32.52222,35.68889,APP.14_1
2341.78889,1071.62222,172.96667,702.84444,17113.08889,107.0,1.1037,1.79259,1109.43333,6857.84444,38.01111,332.57778,1677.28889,5.88889,4.22222,8.68148,9.44444,32.63333,33.02222,APP.14_2
2327.23333,964.4,122.3,512.17778,15701.64444,80.44444,1.0,2.58519,1058.21111,6595.4,44.56667,318.57778,1659.84444,3.44444,6.0,5.13333,10.44444,27.63333,42.91111,APP.14_3
2408.78889,1061.51111,128.07778,684.84444,16648.64444,70.11111,1.0,2.9037,1140.76667,6432.84444,40.67778,330.02222,1609.62222,4.44444,3.44444,4.24444,1.88889,31.63333,28.24444,APP.14_4
2324.34444,964.51111,146.52222,679.62222,16135.86667,115.0,1.1037,2.9037,1038.87778,6285.95556,41.23333,305.46667,1621.51111,4.44444,1.77778,6.04444,8.44444,28.52222,33.24444,APP.14_5
2281.12222,996.95556,121.41111,563.62222,16092.53333,45.44444,1.0,4.80741,1108.1,6180.95556,39.23333,276.8,1603.62222,4.55556,4.22222,2.8,2.77778,25.74444,30.91111,APP.14_6
2199.78889,962.62222,120.18889,597.06667,15471.97778,64.0,1.0,2.58519,1061.98889,6065.84444,43.9,275.68889,1535.28889,3.0,1.77778,3.85185,5.55556,23.18889,25.24444,APP.14_7
2156.67778,911.06667,128.07778,640.95556,15442.42222,37.33333,1.1037,5.6,1002.98889,5939.73333,37.56667,288.91111,1536.51111,4.11111,4.22222,6.32593,1.0,25.63333,36.35556,APP.14_8
2160.34444,883.73333,121.3,604.73333,14943.42222,59.77778,1.0,1.0,975.65556,5876.84444,34.12222,239.46667,1479.51111,2.77778,1.77778,8.57037,4.66667,19.96667,24.24444,APP.14_9
2113.41111,1036.0,197.54444,539.13333,15298.75556,49.88889,1.0,1.0,908.68889,11276.95556,46.55556,330.68889,2226.88889,5.77778,5.11111,3.33333,3.51111,24.41111,56.88889,APP.15_0
1969.3,1033.88889,174.54444,614.02222,14571.75556,17.33333,1.0,1.0,927.46667,10263.84444,51.88889,296.91111,2281.55556,4.0,5.11111,3.11111,1.0,29.96667,58.22222,APP.15_1
1844.18889,863.11111,174.21111,557.24444,12940.86667,99.33333,1.0,1.0,725.02222,9397.62222,39.44444,279.57778,1653.66667,4.88889,1.77778,7.11111,4.51111,20.63333,59.66667,APP.15_2
1821.3,864.11111,178.43333,482.35556,12644.42222,33.44444,1.0,5.2,748.57778,9009.28889,39.33333,270.46667,1683.77778,5.33333,2.66667,5.88889,2.75556,18.41111,62.66667,APP.15_3
1598.52222,992.44444,134.1,657.8,14093.2,1.0,1.0,1.0,994.46667,8835.95556,51.11111,290.8,2208.77778,4.22222,2.55556,3.11111,1.0,26.3,41.88889,APP.15_4
1653.85556,816.66667,149.21111,541.91111,11966.86667,10.88889,1.0,2.02963,718.35556,8631.51111,37.0,256.13333,1729.55556,7.22222,1.0,11.88889,1.0,17.63333,67.0,APP.15_5
1674.18889,857.22222,146.76667,477.35556,11801.31111,10.88889,1.0,3.05926,745.91111,8505.4,35.55556,263.46667,1734.0,3.44444,1.77778,4.66667,1.0,16.85556,49.55556,APP.15_6
1607.07778,815.77778,149.43333,505.68889,11654.64444,27.33333,1.0,3.05926,669.91111,8321.84444,34.88889,268.24444,1667.33333,4.0,2.55556,5.0,1.0,17.18889,63.11111,APP.15_7
1817.74444,779.44444,185.87778,508.24444,11219.42222,1.0,1.0,1.0,582.68889,8174.95556,33.88889,230.91111,1445.33333,5.77778,1.0,5.88889,1.0,13.18889,65.22222,APP.15_8
1780.3,701.55556,192.65556,394.8,10997.64444,43.22222,1.0,4.17037,504.91111,8022.73333,31.33333,216.8,1113.0,6.55556,1.77778,6.22222,2.51111,14.67407,80.0,APP.15_9
1741.53333,747.0,242.32222,475.4,12501.81111,248.88889,1.22222,1.99259,874.58889,8355.48889,54.55556,404.55556,1921.84444,5.0,1.0,10.11111,8.66667,18.34815,75.11111,APP.15D_0
1573.42222,809.66667,246.98889,447.17778,10661.25556,189.0,1.11111,4.0963,737.7,7783.37778,50.0,307.55556,1538.84444,4.44444,1.0,12.33333,5.66667,14.32222,72.55556,APP.15D_1
1672.08889,775.33333,228.76667,511.62222,10775.14444,125.44444,1.0,5.08889,741.25556,7311.15556,47.33333,267.55556,1338.51111,4.33333,1.77778,13.0,8.55556,15.43333,79.55556,APP.15D_2
1605.31111,642.0,287.87778,348.95556,10320.14444,156.33333,1.0,8.18519,598.36667,6875.71111,47.0,333.88889,1231.17778,3.44444,1.0,14.44444,5.66667,17.32222,84.0,APP.15D_3
1614.97778,683.44444,234.76667,359.51111,11059.14444,240.33333,1.11111,3.97778,634.92222,6529.48889,48.0,323.33333,1185.62222,3.77778,1.77778,13.33333,10.44444,11.34815,77.0,APP.15D_4
1619.86667,673.33333,227.76667,395.4,10690.92222,96.77778,1.0,1.99259,716.58889,6204.26667,44.66667,268.22222,1276.28889,7.0,1.0,6.33333,4.88889,16.32222,72.55556,APP.15D_5
1519.08889,645.11111,217.32222,410.84444,10556.58889,172.77778,1.11111,3.1037,730.14444,5884.15556,44.66667,292.88889,1397.17778,3.55556,1.0,13.33333,4.88889,20.1,66.44444,APP.15D_6
1390.53333,565.44444,223.87778,349.06667,9609.58889,168.66667,1.11111,1.0,586.81111,5454.04444,41.0,245.33333,1121.51111,3.11111,2.66667,8.66667,11.44444,8.62222,66.88889,APP.15D_7
1434.86667,593.55556,219.54444,403.28889,9964.47778,267.33333,1.0,2.98519,647.81111,5218.04444,46.33333,253.33333,1241.51111,4.11111,1.77778,13.44444,8.55556,14.76667,56.33333,APP.15D_8
1484.86667,641.22222,220.43333,452.28889,9999.47778,135.88889,1.0,3.1037,564.36667,4961.26667,48.11111,216.0,1090.4,4.22222,2.66667,12.55556,4.66667,12.15185,55.77778,APP.15D_9
1094.52222,195.66667,176.1,90.38519,5555.7,260.88889,1.11111,4.33333,92.5,5525.4,17.55556,156.66667,208.0,5.66667,1.68889,5.66667,5.77778,5.72593,90.33333,APP.15y_0
988.52222,182.55556,154.43333,105.82222,5249.7,152.0,1.11111,2.11111,80.83333,5048.17778,12.77778,132.0,193.11111,5.0,4.15556,2.11111,1.88889,7.93333,76.66667,APP.15y_1
1045.3,190.88889,149.54444,85.15556,5230.81111,361.66667,1.0,5.44444,85.27778,4806.84444,16.11111,131.55556,185.22222,3.77778,1.0,6.44444,7.66667,9.39259,80.44444,APP.15y_2
910.74444,159.44444,137.1,62.16296,4802.92222,240.22222,1.0,1.0,76.72222,4481.62222,15.33333,155.0,164.44444,5.22222,1.0,3.66667,2.88889,7.32963,75.0,APP.15y_3
961.52222,183.66667,161.54444,61.94074,5020.25556,63.88889,1.0,2.11111,82.94444,4298.17778,20.0,125.88889,194.77778,5.55556,2.57778,2.88889,2.77778,9.32963,74.22222,APP.15y_4
744.41111,141.33333,121.32222,69.71852,3990.7,90.66667,1.0,3.22222,69.38889,4114.51111,15.11111,121.44444,152.44444,3.44444,1.68889,7.88889,5.55556,4.93333,60.77778,APP.15y_5
758.07778,125.22222,118.98889,77.72593,4006.36667,119.33333,1.0,1.0,61.5,3883.62222,12.88889,107.55556,137.55556,3.33333,1.0,3.55556,1.0,4.93333,62.33333,APP.15y_6
785.52222,141.33333,122.98889,56.94815,4099.81111,51.77778,1.0,5.44444,69.05556,3752.73333,13.33333,108.66667,169.22222,3.22222,1.0,5.55556,2.77778,11.28148,65.0,APP.15y_7
815.41111,138.11111,123.76667,87.6,4153.25556,111.44444,1.0,3.22222,66.83333,3522.17778,13.33333,113.77778,168.66667,4.33333,1.68889,3.66667,4.77778,9.61481,75.33333,APP.15y_8
810.07778,143.33333,124.32222,95.60741,4421.03333,60.0,1.0,4.33333,76.94444,3270.17778,15.33333,121.44444,147.11111,3.77778,1.0,5.77778,3.66667,11.78889,69.88889,APP.15y_9
2160.58889,370.33333,194.96667,158.37778,9826.27778,429.22222,1.0,5.2,106.43333,5549.53333,7.77778,101.44444,176.55556,8.55556,1.0,9.22222,10.93333,5.71111,56.26667,APP.16_0
2054.7,338.0,230.07778,145.48889,9220.38889,320.33333,1.10741,3.05926,95.1,5135.08889,7.55556,95.44444,152.11111,8.33333,1.0,11.88889,9.28889,4.60741,48.48889,APP.16_1
1969.92222,318.88889,193.63333,135.15556,9132.05556,219.77778,1.0,4.17037,97.98889,4888.75556,8.11111,97.77778,170.0,5.88889,1.0,8.55556,22.88889,3.14074,49.48889,APP.16_2
2003.81111,348.11111,195.74444,106.82222,9006.05556,252.77778,1.0,1.0,104.1,4626.31111,6.66667,94.33333,150.44444,6.33333,1.0,12.0,3.64444,6.94815,55.37778,APP.16_3
1947.92222,303.88889,161.85556,83.71111,8647.16667,115.44444,1.0,1.0,107.1,4238.2,8.66667,88.33333,166.88889,4.66667,1.0,10.0,15.11111,5.82963,57.71111,APP.16_4
1786.36667,260.33333,237.18889,111.4963,8017.16667,102.88889,1.0,7.25926,99.65556,3918.53333,7.88889,76.0,129.11111,4.77778,1.71852,11.0,7.64444,5.61481,49.93333,APP.16_5
1788.36667,305.88889,220.96667,142.93333,7926.72222,123.11111,1.21481,3.05926,83.43333,3593.42222,8.33333,82.88889,113.22222,5.66667,1.71852,6.0,5.46667,7.16296,50.04444,APP.16_6
1520.14444,222.0,171.07778,112.04444,6657.72222,105.0,1.0,3.05926,78.98889,3257.75556,6.33333,70.22222,94.88889,4.88889,1.0,4.44444,6.28889,3.36296,42.48889,APP.16_7
1284.47778,197.55556,143.41111,50.15556,5678.05556,271.22222,1.10741,3.14074,60.32222,2963.86667,6.11111,56.44444,82.44444,4.66667,1.0,6.11111,9.11111,2.36296,29.6,APP.16_8
1459.81111,206.88889,99.41111,104.26667,6063.61111,150.44444,1.0,1.0,67.21111,2722.75556,7.11111,60.44444,92.77778,3.77778,1.0,4.77778,6.28889,3.92593,34.48889,APP.16_9
2452.97778,1380.22222,77.08889,619.71111,20830.4,28.44444,1.0,8.45185,89.03333,8657.62222,10.33333,49.22222,741.17778,3.55556,1.77778,6.0,9.28889,22.9,19.77778,APP.17_0
2563.31111,1495.55556,54.75556,746.26667,25486.28889,26.68889,1.0,4.08889,95.92222,8248.06667,10.33333,57.88889,780.51111,2.0,1.77778,4.11111,8.46667,30.01111,11.55556,APP.17_1
2478.97778,1439.0,63.2,707.48889,22697.73333,16.71111,1.0,7.34074,88.58889,7849.4,11.33333,49.0,780.84444,2.22222,2.55556,3.66667,12.93333,20.5037,10.66667,APP.17_2
2359.97778,1315.66667,63.75556,725.48889,21368.73333,24.33333,1.0,3.05926,82.25556,7534.62222,11.88889,53.11111,764.17778,2.33333,1.0,2.44444,9.93333,21.9,15.55556,APP.17_3
2430.53333,1346.0,69.08889,619.82222,21425.95556,61.33333,1.0,3.05926,90.92222,7324.84444,12.11111,54.22222,717.06667,2.33333,1.0,4.0,10.11111,23.01111,19.11111,APP.17_4
2294.53333,1319.77778,67.75556,725.6,19110.84444,28.93333,1.0,3.05926,84.25556,7162.17778,9.0,40.66667,665.17778,1.66667,1.0,4.33333,4.46667,24.34444,16.44444,APP.17_5
2538.08889,1518.66667,68.08889,674.04444,22924.73333,30.55556,1.0,6.31111,89.47778,6904.95556,11.66667,44.55556,763.95556,2.66667,1.77778,4.44444,8.11111,20.56667,12.77778,APP.17_6
2108.64444,1246.11111,64.97778,676.6,18024.84444,12.48889,1.11111,3.14074,83.58889,6689.95556,10.44444,46.11111,645.73333,2.22222,1.0,3.77778,7.28889,21.34444,18.55556,APP.17_7
2072.08889,1213.66667,76.97778,521.82222,17574.06667,225.42222,1.0,2.02963,85.47778,6422.4,10.77778,51.0,622.73333,2.33333,1.0,5.22222,14.93333,16.9,19.0,APP.17_8
1990.64444,1179.22222,62.08889,617.15556,18516.28889,37.26667,1.0,2.02963,81.81111,6285.95556,8.44444,38.11111,609.17778,2.33333,1.77778,3.77778,8.46667,30.9,14.22222,APP.17_9
3179.72222,1148.11111,129.35556,757.34444,27151.7,47.55556,1.0,9.34815,971.08889,13436.63333,42.37778,464.44444,1665.51111,2.3037,4.22222,10.33333,8.46667,21.63333,96.77778,APP.18_0
3057.27778,1130.66667,130.91111,638.67778,24004.14444,53.55556,1.0,2.8963,908.86667,12548.96667,38.6,430.88889,1601.95556,2.83704,1.77778,2.11111,11.93333,18.71111,91.33333,APP.18_1
2961.61111,954.11111,109.35556,574.12222,23794.7,33.0,1.0,1.0,909.2,12123.52222,41.6,421.77778,1450.4,3.4963,5.88889,3.66667,4.64444,16.74444,88.44444,APP.18_2
2705.5,866.22222,107.91111,620.67778,22100.14444,74.22222,1.0,6.06667,878.64444,11598.74444,36.48889,399.77778,1481.84444,2.07407,2.55556,7.77778,5.64444,20.85556,79.55556,APP.18_3
2631.94444,900.44444,110.46667,618.12222,21543.81111,61.77778,1.0,1.0,829.97778,11204.96667,33.6,374.55556,1419.95556,2.95556,4.22222,6.22222,2.64444,15.18889,86.0,APP.18_4
2625.38889,958.22222,117.68889,661.78889,21476.7,88.66667,1.1037,2.8963,832.31111,10737.63333,33.71111,395.44444,1316.51111,2.28889,5.11111,4.33333,4.64444,13.26667,77.55556,APP.18_5
2649.05556,928.0,114.46667,667.01111,22061.47778,109.22222,1.0,4.95556,882.75556,10238.96667,36.48889,394.44444,1424.62222,2.74815,5.0,5.77778,4.64444,19.63333,82.77778,APP.18_6
2500.83333,827.66667,98.91111,564.01111,19469.25556,92.66667,1.0,1.0,743.31111,9430.63333,31.6,343.22222,1209.17778,1.95556,6.77778,4.11111,5.46667,20.96667,78.0,APP.18_7
2525.61111,692.33333,105.02222,478.67778,17733.36667,62.33333,1.0,3.05926,694.31111,8900.52222,31.71111,340.33333,1187.17778,2.72593,4.22222,4.33333,2.64444,18.63333,78.33333,APP.18_8
2344.61111,707.55556,106.46667,569.12222,16427.25556,27.22222,1.1037,1.94815,679.86667,8549.07778,29.82222,330.66667,1134.28889,3.4,5.0,2.11111,2.82222,12.31111,68.88889,APP.18_9
2549.67778,1000.95556,68.1,665.04444,21031.67778,19.22222,1.11111,1.0,1182.8,5891.02222,39.05556,175.44444,1559.44444,2.0,8.33333,4.03704,6.44444,54.91111,17.64444,APP.19_0
2256.01111,918.17778,48.1,600.37778,15048.56667,37.44444,1.0,4.80741,1031.57778,4978.46667,34.05556,132.55556,1326.44444,1.88889,3.33333,2.08148,8.33333,44.02222,12.53333,APP.19_1
2119.78889,781.84444,57.21111,571.93333,14735.78889,31.22222,1.0,8.2963,922.46667,4469.35556,28.61111,133.11111,1221.33333,1.44444,4.22222,3.48148,7.77778,34.35556,16.86667,APP.19_2
1753.67778,637.51111,97.21111,458.48889,11343.34444,103.0,1.33333,7.18519,748.46667,4070.91111,25.83333,111.33333,980.55556,2.11111,3.44444,1.63704,1.0,21.8,11.31111,APP.19_3
1982.12222,779.84444,118.98889,455.93333,11675.67778,62.11111,1.44444,5.6,711.35556,3641.13333,28.27778,127.0,1000.66667,2.66667,4.33333,4.24444,1.88889,22.02222,16.97778,APP.19_4
1948.34444,678.73333,57.32222,474.04444,11811.01111,33.44444,1.0,4.80741,670.35556,3368.24444,26.38889,107.0,885.77778,2.44444,4.33333,4.28889,6.55556,20.91111,15.31111,APP.19_5
1929.67778,596.06667,54.21111,352.82222,11360.45556,164.66667,1.0,1.79259,610.68889,3153.13333,21.72222,106.0,896.44444,1.66667,5.11111,3.60741,1.88889,12.24444,12.75556,APP.19_6
2009.9,584.84444,53.43333,319.48889,11761.01111,51.55556,1.0,4.48889,600.02222,2953.91111,23.27778,120.22222,919.22222,2.11111,5.88889,5.05185,1.88889,14.46667,17.42222,APP.19_7
1816.56667,539.51111,50.87778,280.71111,11030.78889,23.11111,1.0,1.79259,539.13333,2770.57778,22.38889,115.11111,777.22222,1.66667,1.0,6.4963,1.0,14.04444,10.77037,APP.19_8
1951.9,485.06667,56.43333,342.6,11458.34444,17.0,1.0,4.80741,547.8,2675.91111,21.05556,112.77778,733.88889,1.55556,1.77778,6.37037,2.77778,18.37778,15.31111,APP.19_9
1976.9,1298.66667,187.54444,851.03333,19761.0,1144.33333,1.2,1.0,1394.36667,8614.8,64.88889,655.55556,2495.88889,2.88889,1.77778,8.55556,5.46667,15.97778,33.53333,APP.2_0
1859.01111,1241.0,163.43333,871.7,18663.11111,1598.66667,1.1,2.9,1384.92222,8236.68889,65.44444,577.88889,2441.77778,3.55556,1.0,10.44444,7.11111,24.53333,43.42222,APP.2_1
1879.34444,1167.11111,172.76667,884.7,18021.11111,1243.11111,1.2,1.0,1308.47778,7796.02222,54.0,592.77778,2336.77778,3.0,3.44444,12.11111,7.11111,22.75556,36.97778,APP.2_2
1860.67778,1152.0,163.87778,794.36667,16275.44444,1049.77778,1.1,4.15556,1190.25556,7538.91111,60.55556,499.22222,2236.77778,4.11111,2.66667,8.44444,7.28889,21.64444,35.97778,APP.2_3
1666.78889,1242.88889,152.21111,776.36667,16888.66667,677.88889,1.2,3.68889,1171.47778,7213.68889,57.33333,561.88889,2194.11111,3.22222,2.66667,9.22222,9.11111,18.64444,32.86667,APP.2_4
1804.34444,1180.22222,176.65556,768.7,16850.66667,848.33333,1.0,2.9,1141.14444,6883.02222,61.0,489.44444,2106.66667,4.11111,1.77778,8.22222,11.11111,24.31111,40.97778,APP.2_5
1782.12222,1015.66667,160.54444,608.7,15894.11111,1031.22222,1.2,1.78889,1029.7,6688.8,56.66667,496.77778,2013.77778,3.22222,6.77778,6.55556,14.93333,26.08889,53.2,APP.2_6
1802.34444,1013.77778,171.21111,704.03333,16048.55556,988.0,1.0,4.47778,1078.81111,6473.91111,48.11111,448.77778,1921.11111,2.77778,3.33333,7.55556,7.53333,22.2,56.31111,APP.2_7
1600.67778,951.0,164.87778,660.14444,14485.66667,1298.44444,1.1,6.37778,943.03333,6295.46667,53.88889,435.11111,1861.22222,4.11111,4.11111,9.22222,12.11111,18.51111,57.42222,APP.2_8
1778.34444,1009.66667,152.21111,668.03333,15107.55556,1191.55556,1.0,6.37778,1038.92222,6112.02222,48.0,446.22222,1910.66667,4.22222,1.77778,15.0,6.11111,17.95556,39.53333,APP.2_9
1831.74444,241.62222,120.37778,123.01111,8571.94444,33.22222,1.0,1.0,197.37778,5437.22222,10.56667,141.0,210.86667,9.55556,1.0,4.44444,3.66667,4.9963,62.02222,APP.20_0
1692.41111,226.4,113.04444,143.78889,8078.16667,35.22222,1.0,2.11111,201.15556,5101.55556,10.01111,150.88889,184.75556,4.11111,2.66667,4.66667,2.77778,7.66296,47.02222,APP.20_1
1755.07778,246.62222,121.37778,110.47778,8108.16667,90.55556,1.0963,3.22222,206.82222,4891.88889,9.23333,145.66667,179.2,7.0,1.77778,2.88889,1.88889,5.83704,49.35556,APP.20_2
1605.74444,210.06667,115.37778,123.24444,7354.27778,43.44444,1.0,4.33333,193.15556,4750.33333,9.67778,144.44444,169.31111,4.55556,1.0,2.11111,1.88889,9.67778,46.57778,APP.20_3
1544.18889,191.17778,104.6,100.02222,7010.72222,60.22222,1.0963,3.22222,183.93333,4676.55556,8.45556,123.22222,163.75556,2.66667,1.0,2.77778,1.88889,8.94815,46.35556,APP.20_4
1541.85556,212.17778,110.48889,110.35556,6928.27778,105.0,1.0,4.33333,192.82222,4556.11111,8.56667,144.77778,181.97778,4.11111,1.0,2.0,1.88889,4.71111,40.13333,APP.20_5
1658.63333,222.4,120.93333,143.78889,7359.16667,33.55556,1.0,5.44444,184.48889,4451.0,8.67778,157.33333,196.42222,6.22222,1.0,4.77778,4.77778,9.94815,38.68889,APP.20_6
1695.07778,199.28889,117.6,120.57778,7535.27778,41.33333,1.0,4.33333,191.26667,4314.88889,9.67778,146.22222,176.42222,4.11111,1.77778,4.44444,2.77778,6.82222,46.57778,APP.20_7
1654.07778,215.17778,104.71111,151.57778,7303.72222,37.77778,1.0,3.22222,184.15556,4173.0,6.45556,141.55556,164.75556,3.77778,1.0,4.0,1.0,7.12222,40.24444,APP.20_8
1516.07778,168.84444,109.6,149.02222,6897.94444,66.22222,1.0,3.22222,169.6,4115.44444,7.78889,147.88889,158.42222,4.55556,1.77778,4.77778,1.88889,9.12222,43.13333,APP.20_9
2947.68889,715.17778,353.22222,235.1,16127.48889,565.22222,1.22222,1.0,250.11111,7966.41111,14.86667,162.56667,282.0,12.15556,1.0,15.54074,16.33333,10.21111,177.24444,APP.21_0
2946.13333,473.73333,310.77778,291.65556,15449.26667,684.33333,1.0,2.11111,238.0,7515.07778,15.42222,163.9,302.44444,10.6,1.0,10.82222,14.22222,11.2,169.13333,APP.21_1
2795.57778,453.51111,348.77778,245.32222,14920.37778,651.22222,1.22222,2.11111,234.11111,7205.85556,14.08889,156.01111,272.44444,9.82222,1.77778,17.42963,5.66667,13.97778,157.57778,APP.21_2
2825.46667,531.17778,302.0,224.65556,14657.15556,359.66667,1.44444,2.11111,237.22222,6969.63333,17.08889,156.67778,293.0,9.93333,1.0,13.17778,9.33333,6.43333,146.24444,APP.21_3
2534.35556,488.84444,269.11111,219.54444,13011.37778,131.44444,1.11111,7.66667,254.44444,6492.07778,12.75556,139.78889,308.77778,5.71852,1.77778,5.99259,8.55556,11.98889,106.57778,APP.21_4
2587.57778,563.51111,280.11111,252.98889,14024.82222,166.44444,1.11111,2.11111,235.55556,6109.18889,13.2,137.67778,298.0,9.71111,1.77778,7.98519,6.55556,13.08889,112.68889,APP.21_5
2180.02222,307.17778,216.88889,134.54444,11036.48889,250.77778,1.0,3.22222,172.77778,5741.85556,12.2,128.9,213.55556,5.82222,1.0,8.57037,7.66667,7.2,110.8,APP.21_6
2225.46667,403.28889,241.11111,178.1,11566.93333,254.77778,1.0,3.22222,206.0,5469.3,11.97778,125.78889,255.0,6.38519,2.66667,10.87407,9.44444,7.75556,83.68889,APP.21_7
2322.13333,416.28889,260.33333,173.1,11933.37778,150.11111,1.22222,7.77778,197.22222,5269.96667,12.42222,115.34444,261.88889,7.26667,2.66667,15.26667,5.77778,7.97778,81.13333,APP.21_8
2281.13333,369.73333,231.77778,155.1,11215.04444,219.88889,1.0,4.33333,185.0,5117.74444,12.53333,115.67778,248.66667,8.48889,3.44444,11.85185,9.44444,6.97778,72.02222,APP.21_9
1902.93333,1075.22222,991.51111,572.65556,15253.68889,587.44444,4.43704,11.0,603.32222,14738.66667,38.01111,279.88889,440.0,49.82222,5.88889,22.66667,90.0,27.82222,608.86667,APP.22_0
1751.71111,746.0,807.4,482.65556,14474.24444,1018.88889,2.67407,3.22222,492.65556,11488.22222,40.45556,241.66667,370.44444,32.93333,1.77778,15.22222,52.44444,19.15556,450.97778,APP.22_1
1752.82222,570.11111,585.95556,327.76667,12117.24444,739.55556,1.7037,5.44444,404.76667,8711.22222,36.23333,200.66667,320.55556,16.6,1.0,12.0,28.88889,21.26667,322.2,APP.22_2
1769.48889,551.11111,338.73333,250.43333,10269.57778,1127.66667,1.4963,4.33333,315.1,7205.0,18.23333,183.88889,314.77778,13.15556,3.44444,8.44444,18.33333,10.17778,193.42222,APP.22_3
1706.37778,454.11111,288.73333,193.76667,8695.46667,700.66667,1.0963,13.44444,272.98889,6774.77778,18.23333,178.44444,260.55556,11.48889,2.55556,10.0,11.33333,10.04444,166.53333,APP.22_4
1689.71111,410.77778,192.17778,162.87778,8118.24444,392.22222,1.19259,7.66667,267.98889,6323.55556,12.56667,175.88889,267.33333,6.71111,5.88889,8.33333,5.66667,12.48889,128.53333,APP.22_5
1710.37778,460.33333,254.51111,131.87778,8224.57778,569.11111,1.31852,6.55556,276.21111,6103.44444,18.01111,169.77778,256.88889,9.93333,2.66667,8.0,10.55556,10.6,160.2,APP.22_6
1591.04444,488.55556,294.51111,134.94074,8765.8,597.77778,1.0,4.33333,275.32222,5846.33333,18.9,149.55556,239.44444,9.15556,1.77778,9.55556,10.33333,10.26667,141.97778,APP.22_7
1637.71111,446.22222,172.17778,145.16296,7469.57778,661.55556,1.19259,2.11111,263.54444,5668.0,11.45556,161.11111,265.44444,6.27407,2.66667,6.77778,11.33333,7.28889,131.97778,APP.22_8
1565.82222,429.0,190.84444,121.94074,7465.68889,394.55556,1.19259,5.44444,253.98889,5395.11111,8.9,159.66667,229.33333,6.39259,2.66667,5.44444,2.77778,8.12593,120.75556,APP.22_9
1326.25556,907.65556,126.88889,823.74444,14620.18889,26.33333,1.0,1.0,1171.44444,7321.37778,60.46667,422.44444,2548.22222,3.88889,5.88889,4.33333,9.44444,31.46667,46.22222,APP.3_0
1227.25556,921.76667,117.11111,609.85556,13716.63333,145.66667,1.0,2.02963,1082.77778,6948.48889,56.91111,397.66667,2392.66667,3.88889,8.44444,5.55556,6.55556,32.24444,45.55556,APP.3_1
1168.14444,769.43333,121.55556,550.18889,13347.18889,67.31111,1.0,1.0,1036.11111,6644.37778,56.8,350.0,2156.22222,4.0,5.0,5.33333,5.55556,36.46667,46.22222,APP.3_2
1203.36667,768.32222,122.33333,650.96667,13328.3,75.66667,1.0,4.17037,1055.66667,6350.6,55.68889,368.0,2302.0,2.88889,4.22222,7.44444,8.44444,35.57778,47.0,APP.3_3
1115.47778,788.54444,108.66667,568.18889,11594.41111,46.4,1.0,2.02963,953.44444,6077.82222,52.91111,338.11111,1955.88889,2.11111,1.77778,4.88889,5.66667,36.57778,39.0,APP.3_4
1078.81111,722.87778,107.88889,583.74444,11210.85556,46.4,1.0,3.05926,882.77778,5894.15556,53.8,310.66667,1914.0,2.66667,4.33333,6.88889,6.55556,40.13333,35.11111,APP.3_5
1133.03333,741.1,97.33333,632.63333,11632.96667,90.46667,1.0,3.14074,898.33333,5778.37778,50.57778,295.33333,1891.88889,3.77778,5.0,3.66667,8.55556,24.11852,43.55556,APP.3_6
1097.25556,717.98889,101.66667,666.41111,12235.85556,81.75556,1.0,2.02963,993.88889,5663.48889,55.57778,322.44444,2067.22222,2.22222,2.66667,5.0,6.55556,34.46667,37.11111,APP.3_7
1172.47778,750.32222,106.77778,635.52222,11880.85556,53.22222,1.0,2.02963,994.33333,5552.93333,54.68889,289.88889,2010.11111,1.88889,5.11111,8.77778,4.66667,33.02222,40.44444,APP.3_8
1254.03333,753.21111,113.22222,576.18889,12167.3,30.55556,1.0,2.02963,944.22222,5484.93333,57.8,283.44444,2041.22222,2.22222,5.11111,6.88889,8.44444,32.13333,43.33333,APP.3_9
1409.11111,841.0,172.01111,934.24444,24213.83333,486.88889,1.22222,1.0,1450.41111,10603.16667,59.88889,1221.11111,3079.22222,4.33333,5.88889,6.66667,3.77778,73.95556,47.08889,APP.4_0
1522.33333,873.44444,128.67778,893.02222,24081.94444,127.44444,1.0,6.06667,1494.85556,10162.27778,55.77778,1178.33333,3172.88889,2.0,5.11111,5.77778,1.88889,43.17778,33.08889,APP.4_1
1480.66667,897.66667,147.23333,911.02222,22008.5,411.0,1.0,1.0,1419.96667,9548.16667,53.33333,1124.11111,2808.44444,3.33333,6.77778,8.11111,2.88889,51.17778,42.53333,APP.4_2
1280.44444,767.22222,110.78889,959.91111,22768.27778,244.66667,1.0,3.05926,1535.74444,9002.27778,55.44444,1057.11111,2898.77778,4.0,5.88889,7.77778,3.88889,36.95556,32.42222,APP.4_3
1400.33333,818.55556,127.01111,844.13333,21682.38889,240.44444,1.33333,2.8963,1456.18889,8524.94444,59.22222,1077.11111,2944.88889,3.55556,4.22222,8.22222,2.77778,35.51111,39.86667,APP.4_4
1359.22222,768.22222,110.78889,756.35556,18717.38889,296.0,1.22222,4.00741,1403.18889,8225.61111,60.88889,925.44444,2649.33333,3.55556,2.66667,6.66667,7.55556,29.17778,28.75556,APP.4_5
1183.33333,701.66667,100.12222,707.35556,16961.83333,269.33333,1.0,1.0,1240.74444,7958.16667,57.77778,804.55556,2339.11111,2.88889,1.0,2.11111,2.77778,24.73333,23.53333,APP.4_6
1184.55556,762.11111,103.45556,699.46667,17019.16667,336.88889,1.0,1.94815,1225.63333,7701.05556,57.55556,791.44444,2493.33333,3.77778,1.77778,4.33333,5.55556,32.84444,21.86667,APP.4_7
1197.22222,765.22222,81.9,895.8,18372.05556,185.0,1.0,3.05926,1271.96667,7506.61111,57.66667,925.33333,2487.66667,3.66667,3.33333,3.55556,4.77778,26.84444,22.75556,APP.4_8
1229.66667,754.11111,86.23333,818.35556,18606.16667,242.55556,1.11111,7.28889,1277.41111,7349.72222,53.44444,864.77778,2577.77778,2.77778,3.44444,7.66667,2.77778,25.73333,23.31111,APP.4_9
1069.16667,803.55556,87.08889,746.57778,13778.78889,35.22222,1.0,2.90741,1280.78889,8578.13333,52.44444,344.91111,2577.75556,1.11111,5.0,6.22222,7.66667,65.5,25.35556,APP.5_0
1163.16667,859.22222,80.53333,769.91111,14341.9,35.0,1.1037,1.7963,1266.12222,8032.02222,54.55556,314.57778,2618.2,2.11111,1.0,4.0,1.88889,59.94444,27.8,APP.5_1
1459.61111,952.0,75.42222,681.91111,14680.9,41.44444,1.0,2.90741,1210.56667,7439.35556,49.88889,330.68889,2478.31111,1.66667,1.77778,9.22222,4.77778,33.72222,30.46667,APP.5_2
1364.38889,962.11111,84.86667,759.46667,14590.45556,41.44444,1.0,4.81481,1226.34444,7056.35556,49.22222,327.91111,2233.2,2.11111,4.33333,12.88889,1.0,31.5,28.24444,APP.5_3
1481.5,930.77778,83.53333,681.8,15760.12222,104.77778,1.1037,5.2963,1236.34444,6788.68889,48.88889,348.46667,2222.86667,1.66667,2.55556,7.44444,1.0,23.7037,24.24444,APP.5_4
1427.05556,897.55556,82.97778,658.8,14110.34444,55.66667,1.0,2.59259,1076.45556,6599.68889,46.33333,322.02222,2284.42222,1.55556,4.22222,8.88889,3.66667,25.83333,28.02222,APP.5_5
1283.05556,774.22222,76.31111,733.57778,14001.67778,203.33333,1.0,2.90741,1055.23333,6395.13333,42.55556,306.91111,1856.31111,1.22222,1.77778,6.66667,1.88889,32.83333,19.13333,APP.5_6
1363.27778,818.77778,82.2,524.91111,13491.56667,45.22222,1.0,2.90741,890.12222,6080.35556,40.33333,298.8,1841.2,2.88889,2.55556,9.77778,3.77778,18.03704,17.57778,APP.5_7
1272.5,991.55556,72.2,573.68889,12039.78889,24.88889,1.0,1.7963,949.34444,5881.13333,42.22222,297.24444,1889.75556,1.33333,1.0,4.11111,3.77778,18.72222,24.68889,APP.5_8
1262.94444,799.66667,76.42222,589.24444,12687.23333,31.11111,1.1037,1.0,921.12222,5781.02222,43.0,277.24444,1842.86667,1.77778,6.0,7.44444,1.88889,17.38889,18.35556,APP.5_9
1263.86667,195.66667,196.58889,59.11111,5154.2,51.66667,1.0,1.0,29.74444,5964.8,15.71111,105.22222,106.96667,7.33333,1.0,6.22222,6.55556,13.96667,171.75556,APP.6_0
1437.31111,198.66667,225.36667,95.11111,5649.2,23.33333,1.11111,4.73333,34.63333,5765.35556,17.93333,104.55556,130.3,7.33333,1.0,7.44444,4.66667,16.43333,154.53333,APP.6_1
1221.97778,187.66667,177.36667,61.66667,4899.75556,27.22222,1.22222,4.73333,28.63333,5545.24444,14.48889,93.33333,114.63333,6.0,1.0,7.88889,5.55556,8.85556,158.08889,APP.6_2
1157.53333,198.77778,179.58889,57.77778,4758.86667,21.33333,1.0,2.98519,24.63333,5330.24444,12.60741,89.88889,111.96667,6.0,1.0,9.22222,9.33333,11.75556,144.53333,APP.6_3
1203.31111,206.88889,184.7,42.33333,4974.53333,125.44444,1.0,4.73333,24.74444,5188.91111,8.71111,88.55556,116.52222,6.33333,1.0,14.33333,8.66667,8.75556,141.53333,APP.6_4
1145.75556,157.44444,185.14444,55.22222,4406.53333,166.66667,1.0,4.4963,24.74444,5010.35556,11.15556,96.55556,104.07778,5.22222,1.0,9.11111,6.55556,11.74444,135.08889,APP.6_5
1373.97778,172.44444,218.58889,64.33333,5404.97778,90.77778,1.0,3.85926,32.52222,4858.46667,15.71111,86.11111,114.85556,6.33333,1.77778,5.0,4.66667,9.08889,146.86667,APP.6_6
1228.53333,172.44444,185.92222,59.22222,5032.2,55.88889,1.11111,1.87407,25.41111,4700.8,13.26667,78.55556,114.41111,7.22222,2.55556,9.55556,8.55556,11.75556,134.64444,APP.6_7
1190.08889,156.44444,175.47778,52.66667,4748.53333,129.88889,1.0,4.73333,26.63333,4616.68889,13.37778,77.33333,101.63333,6.44444,1.0,10.33333,8.33333,9.63333,113.64444,APP.6_8
1152.53333,164.44444,174.47778,35.88889,4627.53333,58.0,1.0,1.87407,21.74444,4548.8,12.93333,85.66667,104.85556,4.44444,1.0,10.55556,9.55556,8.08889,144.42222,APP.6_9
4067.38889,1442.77778,196.16667,1119.06667,32318.91111,222.11111,1.0,5.2,1476.84444,7581.84444,59.11111,258.02222,2351.6,5.22222,3.20741,61.11111,18.22222,36.74444,7073.44444,APP.7_0
4245.16667,1392.55556,160.94444,1013.4,33885.13333,187.33333,1.0,2.02963,1407.95556,7094.06667,55.11111,240.35556,2337.04444,4.77778,1.0,35.0,6.55556,29.07778,4196.22222,APP.7_1
3883.16667,1366.22222,149.94444,961.84444,29595.13333,115.55556,1.0,2.02963,1349.62222,6810.62222,54.33333,232.91111,2084.37778,6.33333,6.19259,61.44444,18.22222,25.74444,76.88889,APP.7_2
3519.38889,1224.66667,156.72222,866.4,24776.57778,351.11111,1.11111,5.2,1196.73333,6579.73333,43.77778,198.68889,1800.48889,4.88889,6.19259,62.22222,13.33333,31.74444,5101.44444,APP.7_3
3366.61111,1146.0,180.83333,827.62222,22818.02222,213.88889,1.33333,4.17037,1079.73333,6364.73333,43.44444,225.46667,1657.04444,4.33333,3.86667,82.33333,11.33333,31.3,2464.44444,APP.7_4
3845.61111,1091.11111,117.16667,860.95556,29125.68889,90.55556,1.0,3.14074,1250.62222,6107.84444,48.88889,224.02222,1893.71111,3.66667,4.75556,58.66667,4.55556,21.96667,49.44444,APP.7_5
3553.72222,1187.44444,181.05556,902.51111,26821.02222,183.22222,1.11111,5.2,1187.06667,5866.28889,42.66667,222.68889,1789.04444,3.33333,5.64444,76.44444,11.66667,24.63333,1428.44444,APP.7_6
3211.61111,970.22222,139.94444,840.51111,22331.57778,76.33333,1.11111,1.0,1016.4,5588.28889,41.66667,203.13333,1612.6,3.66667,2.31852,54.0,11.44444,28.18889,1446.44444,APP.7_7
3177.27778,1116.77778,130.94444,752.84444,23672.46667,148.55556,1.11111,3.14074,1103.06667,5347.28889,43.0,198.8,1580.71111,5.44444,6.19259,32.33333,4.77778,25.63333,1139.44444,APP.7_8
2857.83333,935.77778,165.61111,696.17778,17853.91111,142.11111,1.11111,3.14074,934.51111,5231.51111,38.88889,192.35556,1497.15556,4.33333,2.31852,64.55556,10.55556,35.96667,41.22222,APP.7_9
1126.5,486.55556,85.62222,373.33333,8082.82222,160.88889,1.11111,1.83704,553.1,4154.94444,42.44444,189.22222,1338.77778,1.88889,2.55556,5.11111,4.77778,50.17778,29.53333,APP.8_0
1023.72222,443.11111,95.51111,252.33333,7071.71111,92.88889,1.11111,1.0,510.21111,3562.38889,41.11111,197.22222,1049.44444,2.0,1.0,5.33333,9.66667,41.28889,40.31111,APP.8_1
1021.5,357.33333,106.51111,257.44444,6489.71111,12.77778,1.0,2.67407,477.87778,3252.72222,35.77778,199.77778,940.88889,2.77778,1.77778,4.88889,1.0,45.4,36.53333,APP.8_2
1018.94444,316.88889,103.28889,257.55556,6435.37778,65.88889,1.0,4.62222,433.65556,3111.38889,38.44444,172.33333,846.33333,3.33333,1.77778,4.77778,7.77778,38.4,40.97778,APP.8_3
1402.94444,347.33333,118.28889,229.11111,7609.37778,31.44444,1.0,3.78519,457.54444,2938.05556,37.55556,215.55556,880.55556,4.22222,5.88889,7.77778,11.55556,39.28889,48.31111,APP.8_4
968.83333,342.11111,92.95556,213.66667,6376.71111,10.88889,1.0,2.67407,409.98889,2833.38889,34.33333,163.88889,814.77778,2.88889,2.55556,6.11111,1.88889,26.17778,36.64444,APP.8_5
1174.94444,341.22222,129.06667,254.88889,6705.48889,49.55556,1.0,2.94815,424.65556,2733.5,34.77778,210.11111,792.33333,3.66667,1.0,7.44444,14.33333,47.28889,54.53333,APP.8_6
1040.5,318.0,119.4,203.22222,5691.6,27.11111,1.0,5.45926,372.32222,2592.38889,37.77778,191.55556,739.11111,3.33333,4.11111,8.44444,6.66667,33.84444,50.42222,APP.8_7
1077.94444,350.11111,119.51111,226.55556,6164.48889,25.44444,1.0,4.62222,409.1,2508.38889,44.55556,166.33333,731.33333,3.55556,4.33333,3.66667,4.77778,29.84444,40.42222,APP.8_8
1070.72222,325.88889,110.06667,293.66667,6411.26667,39.55556,1.0,2.94815,405.65556,2445.16667,41.55556,183.77778,776.0,3.77778,5.0,6.55556,1.88889,27.84444,39.64444,APP.8_9
1601.61111,864.0,80.1,760.92222,13621.5,113.44444,1.0,3.14074,1131.42222,6980.71111,58.77778,387.36667,2220.0,2.05556,7.55556,8.77778,5.55556,145.23333,15.26667,APP.9_0
1625.94444,864.33333,92.43333,642.14444,12727.5,123.11111,1.0,1.0,1051.75556,6492.71111,54.11111,338.92222,2064.11111,2.93333,5.0,7.33333,3.77778,134.45556,20.26667,APP.9_1
1624.16667,847.88889,89.65556,729.81111,12277.05556,205.44444,1.0,2.02963,1002.42222,6199.04444,54.66667,333.03333,1930.33333,3.35556,4.22222,3.22222,1.88889,120.01111,24.37778,APP.9_2
1496.27778,755.0,91.65556,482.47778,11252.72222,86.55556,1.0,2.02963,861.97778,5810.48889,40.77778,296.14444,1709.88889,2.37778,2.55556,6.55556,3.66667,90.9,22.15556,APP.9_3
1613.27778,824.77778,98.21111,637.03333,12057.16667,53.88889,1.0,3.05926,916.64444,5469.93333,44.88889,283.81111,1773.22222,1.93333,3.44444,3.66667,5.55556,101.78889,19.15556,APP.9_4
1645.72222,737.77778,93.76667,557.25556,11648.38889,78.11111,1.0,1.0,931.42222,5254.71111,40.0,285.7,1709.33333,1.1,2.55556,3.55556,7.66667,95.78889,19.04444,APP.9_5
1499.16667,732.66667,90.54444,539.14444,10738.94444,273.55556,1.0,5.2,810.64444,5050.04444,39.77778,303.03333,1582.77778,3.36667,2.66667,7.88889,7.44444,66.78889,19.93333,APP.9_6
1504.72222,716.66667,96.32222,472.14444,10851.61111,207.88889,1.0,1.0,768.2,4919.37778,41.88889,280.58889,1568.33333,1.95556,2.55556,4.11111,7.55556,78.34444,18.71111,APP.9_7
1464.05556,627.88889,85.65556,477.14444,9775.5,271.22222,1.0,7.34074,714.86667,4793.15556,42.44444,307.36667,1400.66667,1.86667,1.0,3.88889,3.77778,73.12222,22.93333,APP.9_8
1378.27778,609.55556,89.76667,482.47778,9563.72222,232.44444,1.0,2.02963,711.08889,4677.82222,36.22222,257.14444,1323.11111,1.74444,2.55556,5.11111,1.0,88.01111,16.26667,APP.9_9
1346.43333,587.05556,89.51111,419.76667,7715.15556,1.0,1.11111,1.0,344.91111,2846.63333,15.4,59.88889,578.55556,2.3,2.55556,9.44444,23.22222,7.95556,11.64444,APP_0A_0
1309.54444,668.94444,93.06667,476.54444,7042.26667,21.22222,1.11111,2.11111,388.57778,2594.96667,17.28889,66.11111,658.77778,3.26667,2.55556,5.11111,7.66667,9.15556,9.64444,APP_0A_1
1387.21111,821.38889,73.62222,494.43333,7093.71111,4.77778,1.0,1.0,421.8,2463.74444,20.06667,62.66667,740.0,1.73333,1.77778,1.77778,3.77778,7.37778,6.97778,APP_0A_2
1493.43333,817.27778,51.95556,530.54444,7656.93333,14.66667,1.11111,2.11111,496.8,2327.63333,20.17778,62.44444,775.44444,1.73333,1.0,2.11111,3.66667,7.37778,3.57778,APP_0A_3
1382.21111,725.38889,75.4,430.21111,7203.82222,13.0,1.0,3.22222,410.02222,2249.18889,15.84444,63.22222,645.22222,4.61111,1.77778,5.0,11.55556,8.8,7.04444,APP_0A_4
1306.65556,720.38889,55.06667,463.76667,6151.37778,1.0,1.0,1.0,354.02222,2164.74444,18.62222,63.44444,608.77778,3.08889,3.44444,2.55556,1.0,5.86667,3.35556,APP_0A_5
1393.98889,799.16667,63.73333,471.43333,6938.71111,6.88889,1.0,1.0,426.13333,2091.63333,15.73333,60.55556,685.0,2.2,1.77778,1.77778,1.88889,6.53333,5.4,APP_0A_6
1234.76667,722.61111,68.95556,450.65556,6513.15556,8.77778,1.0,1.0,369.35556,2028.96667,13.17778,69.22222,639.22222,1.4,1.0,2.44444,1.88889,7.31111,6.37778,APP_0A_7
1205.98889,646.5,52.62222,378.65556,6065.71111,2.88889,1.0,4.33333,331.68889,1955.85556,15.51111,59.66667,603.66667,5.06667,2.55556,3.33333,3.77778,7.15556,3.02222,APP_0A_8
1368.54444,773.72222,44.51111,489.54444,7075.6,19.11111,1.0,2.11111,435.8,1945.3,16.84444,58.77778,763.88889,1.1,1.77778,1.33333,1.88889,6.0,3.22222,APP_0A_9
574.43333,146.08889,202.55556,268.23333,3310.84444,67.94444,1.11111,3.05926,124.3,2800.85556,27.08889,132.95556,373.37778,2.22222,1.0,8.11111,4.88889,22.46667,21.55556,APP_0B_0
526.43333,170.08889,154.55556,193.45556,3369.84444,4.05556,1.0,5.2,91.74444,2386.74444,24.97778,101.17778,374.71111,2.22222,2.55556,6.22222,3.77778,19.02222,18.88889,APP_0B_1
475.1,134.75556,146.0,188.23333,3109.62222,20.61111,1.11111,4.08889,79.63333,2208.85556,20.97778,93.4,284.93333,1.55556,1.77778,5.88889,4.55556,12.97037,14.66667,APP_0B_2
507.21111,154.97778,131.11111,203.78889,3289.51111,52.55556,1.22222,1.0,85.3,2098.3,22.08889,114.51111,329.37778,8.11111,1.0,7.55556,5.77778,12.08148,15.88889,APP_0B_3
542.43333,158.2,146.88889,172.9,3326.51111,104.94444,1.0,5.2,79.96667,1967.63333,24.86667,85.28889,291.37778,7.88889,1.0,7.11111,3.88889,14.57778,16.44444,APP_0B_4
531.1,186.31111,100.66667,184.98519,3558.62222,86.38889,1.0,3.05926,87.52222,1904.96667,25.75556,113.17778,280.15556,3.33333,1.0,2.11111,6.55556,17.02222,15.44444,APP_0B_5
512.76667,147.97778,103.77778,183.01111,3389.06667,38.11111,1.0,4.08889,81.74444,1841.41111,20.86667,119.51111,281.15556,6.77778,1.0,3.66667,1.88889,13.24444,12.33333,APP_0B_6
484.43333,171.08889,119.77778,171.98519,3099.73333,29.88889,1.0,5.28148,67.3,1742.07778,20.86667,84.06667,266.37778,4.33333,1.0,4.0,2.77778,12.97037,8.0,APP_0B_7
547.1,140.97778,68.77778,226.9,3553.51111,153.11111,1.0,1.0,84.3,1715.96667,14.53333,149.51111,305.04444,4.88889,2.55556,4.11111,4.77778,12.3037,5.22222,APP_0B_8
537.54444,182.08889,87.77778,224.34444,3414.28889,63.83333,1.0,7.34074,73.63333,1658.52222,21.08889,101.62222,263.93333,8.33333,3.33333,6.0,4.77778,9.74815,10.77778,APP_0B_9
994.78889,864.93333,244.76667,525.84444,7431.07778,11.98889,1.0,2.11111,609.87778,7630.78889,27.95556,294.21111,1145.33333,4.26667,1.0,6.77778,11.93333,27.55556,53.34444,APP_0C_0
1020.01111,778.15556,260.54444,520.62222,7491.74444,87.54074,1.0,2.11111,555.21111,6712.67778,24.73333,298.98889,986.77778,3.4963,1.0,6.55556,5.46667,23.22222,59.67778,APP_0C_1
1086.9,758.82222,207.98889,512.84444,7253.63333,23.76296,1.11111,3.22222,552.76667,6135.67778,22.95556,305.43333,1043.33333,3.82963,1.68889,5.0,8.35556,26.0,38.34444,APP_0C_2
1246.45556,903.26667,185.65556,636.51111,8172.41111,117.75926,1.0,1.0,574.54444,5862.34444,20.4,325.98889,945.88889,5.27407,1.0,6.22222,2.64444,28.0,29.01111,APP_0C_3
1156.45556,878.04444,203.87778,520.84444,8007.85556,47.64444,1.11111,8.77778,560.87778,5516.34444,23.4,254.43333,914.88889,2.05926,1.68889,4.77778,21.64444,28.66667,33.01111,APP_0C_4
1175.12222,860.82222,149.1,530.95556,7962.74444,235.09259,1.0,4.33333,547.54444,5243.56667,23.06667,284.43333,997.77778,3.61481,1.0,2.88889,6.28889,23.22222,31.9,APP_0C_5
1215.34444,844.6,193.98889,543.73333,7796.41111,127.30741,1.0,4.33333,489.54444,4787.34444,24.51111,252.43333,854.44444,4.71852,1.0,4.33333,2.64444,22.22222,28.56667,APP_0C_6
1055.56667,676.93333,194.65556,466.4,6794.74444,45.53333,1.11111,4.33333,464.98889,4551.34444,23.51111,214.76667,848.77778,3.48889,1.0,2.88889,1.82222,17.22222,35.34444,APP_0C_7
1311.67778,843.6,169.21111,618.73333,7919.18889,188.41481,1.0,7.66667,483.1,4320.67778,24.62222,241.32222,855.0,3.27407,1.0,1.66667,4.64444,12.33333,18.9,APP_0C_8
1069.56667,725.6,157.1,512.84444,6667.41111,221.75185,1.0,7.66667,433.98889,4042.78889,23.17778,189.87778,795.0,2.73333,1.0,2.88889,1.82222,7.77778,21.45556,APP_0C_9
1539.16667,2435.72222,447.68889,416.93333,5429.98889,7722.98889,1.42222,10.38889,205.41111,3462.83333,26.84444,243.33333,600.6,4.5037,1.0,10.64444,14.73333,6.11111,26.51111,APP_0D_0
1486.38889,2816.83333,456.02222,460.6,5405.1,9032.1,1.20741,21.35556,210.63333,3205.72222,26.84444,247.44444,592.6,3.2963,4.22222,20.2,20.41111,11.44444,28.73333,APP_0D_1
1401.16667,2163.27778,348.8,434.71111,4993.21111,8226.76667,1.85926,13.24444,184.52222,3032.72222,23.28889,219.66667,532.04444,2.84444,2.55556,12.15556,16.94444,7.55556,24.84444,APP_0D_2
1457.94444,2067.16667,377.35556,344.71111,5341.76667,5490.87778,1.42222,28.28889,170.74444,2875.27778,23.17778,244.66667,493.48889,3.28148,3.44444,14.28889,8.36667,7.55556,27.73333,APP_0D_3
1230.38889,1719.83333,293.57778,341.93333,4644.54444,5316.54444,1.31111,21.87778,140.96667,2692.05556,21.51111,201.77778,430.26667,3.62222,1.77778,18.15556,10.57778,4.55556,22.28889,APP_0D_4
1291.27778,1190.83333,265.57778,272.37778,4830.54444,5406.21111,1.51852,10.21111,129.96667,2477.16667,20.17778,208.22222,400.93333,1.41481,3.44444,10.04444,4.57778,5.33333,18.17778,APP_0D_5
1278.16667,1058.61111,291.35556,347.15556,4724.43333,4093.65556,1.85926,13.94444,127.74444,2398.38889,17.28889,164.44444,387.6,2.51111,1.77778,8.68889,4.57778,6.55556,23.62222,APP_0D_6
1374.27778,1072.05556,243.91111,339.26667,5016.76667,4457.76667,1.20741,12.54444,126.63333,2241.16667,19.4,198.33333,405.37778,1.74074,1.0,11.31111,8.94444,5.0,20.95556,APP_0D_7
1141.94444,732.27778,175.35556,300.82222,4301.76667,2938.65556,1.32593,3.67778,124.96667,2173.27778,18.17778,195.0,339.48889,2.17778,1.77778,4.88889,8.36667,6.44444,16.62222,APP_0D_8
1302.94444,935.27778,190.35556,274.93333,4704.32222,2456.32222,1.0,4.78889,131.74444,2115.16667,20.95556,217.66667,346.6,2.97037,1.77778,14.93333,6.36667,3.88889,14.95556,APP_0D_9
1520.47778,432.31111,82.37778,445.01111,7334.76667,17.22222,1.11111,6.2,211.08889,3212.04444,24.17778,160.15556,740.26667,2.88889,1.0,3.22222,1.0,8.62963,10.65185,APP_10A_0
1540.92222,393.97778,71.15556,359.9,6972.54444,31.0,1.0,2.98519,212.31111,2965.26667,24.95556,143.71111,710.37778,2.44444,2.55556,2.0,2.88889,12.48148,9.31852,APP_10A_1
1442.92222,334.2,84.26667,303.12222,6325.98889,524.22222,1.0,1.99259,169.08889,2855.37778,21.17778,148.71111,624.26667,2.33333,2.66667,1.33333,30.44444,6.92593,87.20741,APP_10A_2
1494.14444,351.64444,52.6,277.34444,6378.76667,37.11111,1.0,3.1037,215.2,2718.82222,20.17778,142.6,722.15556,1.44444,2.66667,3.33333,1.88889,12.44444,9.76296,APP_10A_3
1250.14444,271.75556,105.04444,233.67778,5607.1,324.77778,1.0,1.99259,155.08889,2614.15556,20.62222,136.71111,514.6,10.22222,1.0,3.66667,14.66667,9.14815,37.95556,APP_10A_4
1384.81111,312.08889,73.48889,372.78889,6020.54444,399.0,1.0,3.1037,168.64444,2520.15556,19.95556,149.6,572.71111,2.55556,1.77778,1.66667,25.33333,9.2963,46.23704,APP_10A_5
1338.81111,297.97778,72.15556,298.01111,5332.76667,187.66667,1.0,7.19259,156.53333,2488.6,19.73333,130.37778,599.71111,2.0,1.77778,3.22222,14.55556,5.62963,42.95556,APP_10A_6
1564.92222,368.53333,64.15556,303.23333,6825.65556,35.11111,1.0,3.1037,197.53333,2404.26667,20.84444,157.26667,687.93333,3.22222,4.22222,2.55556,2.88889,4.66667,7.98519,APP_10A_7
1212.25556,288.86667,75.93333,336.78889,5304.43333,284.0,1.0,7.19259,148.97778,2325.93333,22.84444,138.71111,568.37778,1.55556,1.0,2.0,23.55556,10.59259,38.01481,APP_10A_8
1200.7,286.97778,62.6,230.94815,5307.43333,70.33333,1.0,1.99259,151.97778,2310.26667,20.17778,138.6,566.37778,1.88889,1.0,1.0,2.88889,9.77778,9.98519,APP_10A_9
1277.37778,196.32222,83.83333,287.74444,5908.3,72.33333,1.0,2.02963,172.46667,2579.65556,12.66667,136.04444,298.15556,2.88889,2.55556,1.0,1.0,2.59259,4.28148,APP_10B_0
1501.6,183.21111,76.27778,267.07778,6709.52222,43.66667,1.0,5.2,175.91111,2448.76667,12.33333,126.04444,270.15556,6.66667,1.0,2.44444,1.0,5.07407,7.6,APP_10B_1
1053.48889,190.43333,66.72222,205.18889,4443.41111,10.88889,1.0,5.2,148.46667,2317.43333,8.66667,142.6,264.6,1.77778,1.77778,1.66667,1.0,1.81481,8.18519,APP_10B_2
1196.37778,227.54444,111.5,205.18889,5246.18889,17.0,1.0,1.0,168.91111,2233.65556,7.77778,144.6,284.82222,3.11111,1.0,2.77778,1.0,2.18519,5.96296,APP_10B_3
1213.15556,255.98889,66.72222,184.63704,5380.41111,8.77778,1.0,2.02963,198.46667,2186.65556,9.66667,116.71111,308.37778,1.88889,1.77778,1.33333,1.0,2.62963,14.26667,APP_10B_4
1204.48889,220.65556,68.38889,197.41111,5289.18889,181.0,1.0,6.31111,181.91111,2123.98889,10.33333,129.48889,317.93333,2.0,2.55556,2.11111,1.0,2.0,8.48889,APP_10B_5
1159.26667,208.54444,74.72222,220.63333,5067.85556,60.0,1.0,7.42222,172.02222,2070.98889,12.0,125.26667,274.48889,2.44444,1.0,1.33333,1.88889,3.07407,5.71111,APP_10B_6
1088.48889,202.32222,99.94444,261.96667,4657.74444,300.55556,1.0,4.17037,165.24444,2013.32222,10.66667,133.93333,286.48889,2.77778,2.66667,1.33333,1.0,2.77778,11.28148,APP_10B_7
1037.6,211.54444,72.61111,189.85556,4607.85556,179.22222,1.0,4.08889,175.8,1961.1,11.33333,145.04444,279.6,1.11111,1.0,1.0,1.88889,4.66667,5.17778,APP_10B_8
1136.15556,208.43333,78.61111,207.63704,4913.3,47.77778,1.0,3.05926,165.68889,1914.1,10.33333,130.82222,269.37778,2.66667,1.0,2.11111,1.88889,5.44444,7.62222,APP_10B_9
1458.73333,410.03333,63.68889,350.14444,5842.04444,10.88889,1.0,9.88889,225.46667,1784.31111,15.45556,69.95556,351.64444,1.65185,1.0,2.88889,2.88889,2.28889,6.22222,APP_11A_0
1575.4,411.92222,53.8,329.81111,5980.26667,23.11111,1.0,5.44444,218.46667,1658.75556,14.12222,88.84444,366.2,1.98519,1.0,2.44444,2.88889,3.02222,5.0,APP_11A_1
1284.95556,300.81111,58.35556,283.36667,5273.37778,1.0,1.0,8.88889,201.91111,1543.08889,15.01111,61.05926,371.75556,1.32963,1.0,2.11111,1.0,2.88889,5.11111,APP_11A_2
1437.95556,381.58889,65.8,252.25556,5718.93333,6.88889,1.0,5.44444,215.8,1480.42222,16.01111,76.17778,357.97778,1.76296,1.0,1.66667,6.66667,3.33333,7.11111,APP_11A_3
1521.17778,349.36667,53.8,283.36667,5729.04444,6.88889,1.0,2.11111,199.8,1412.2,14.56667,55.72593,340.64444,1.64444,1.0,3.22222,1.0,2.28889,6.33333,APP_11A_4
1522.73333,386.7,75.13333,370.92222,5680.26667,6.88889,1.0,3.22222,202.57778,1406.31111,14.67778,64.05926,391.75556,2.53333,1.0,3.33333,2.88889,5.68889,4.88889,APP_11A_5
1317.73333,321.03333,79.24444,316.92222,5335.04444,2.88889,1.0,3.22222,201.35556,1348.86667,13.34444,49.28889,356.64444,1.21481,1.0,3.22222,3.77778,5.55556,7.44444,APP_11A_6
1454.62222,378.58889,71.35556,275.47778,5881.04444,6.88889,1.0,5.44444,187.57778,1317.53333,16.56667,67.06667,330.08889,2.75556,1.0,1.33333,6.77778,2.04444,5.55556,APP_11A_7
1613.06667,349.36667,105.02222,291.03333,7155.6,33.33333,1.11111,3.22222,203.24444,1291.42222,16.83704,73.28889,331.53333,1.87037,1.0,3.66667,5.66667,6.08889,7.88889,APP_11A_8
1406.17778,355.36667,66.57778,283.36667,6626.82222,8.77778,1.0,3.22222,186.68889,1254.86667,12.01111,43.94815,315.53333,1.32222,1.77778,2.33333,1.0,3.26667,5.22222,APP_11A_9
2605.9,754.15556,133.16667,625.95556,13893.94444,137.88889,1.0,11.0,477.08889,3845.96667,21.76667,254.33333,688.1,1.66667,1.0,4.33333,2.78889,9.77778,21.91111,APP_11B_0
2447.45556,623.04444,124.61111,641.4,12782.38889,238.33333,1.0,7.66667,393.31111,3610.07778,21.1,193.66667,712.76667,1.88889,1.0,4.11111,2.78889,14.07407,19.15556,APP_11B_1
2359.9,707.82222,118.27778,530.62222,12709.83333,166.55556,1.0,2.11111,448.75556,3421.52222,22.1,225.44444,740.65556,1.55556,1.77778,2.0,1.78889,18.81481,16.93333,APP_11B_2
2858.78889,793.6,101.16667,757.51111,14677.5,84.33333,1.0,2.11111,524.42222,3264.18889,20.1,294.88889,786.43333,2.0,1.0,3.22222,3.57778,8.7037,7.93333,APP_11B_3
2798.9,713.82222,112.38889,744.62222,14914.83333,119.33333,1.0,1.0,463.42222,3148.41111,22.98889,251.77778,784.87778,2.66667,1.0,2.44444,1.78889,8.25926,8.26667,APP_11B_4
2485.9,727.04444,96.27778,656.95556,12730.16667,295.88889,1.11111,4.33333,449.53333,3064.74444,23.54444,212.0,730.65556,1.44444,1.77778,3.44444,1.0,8.07407,7.8,APP_11B_5
2805.23333,760.26667,102.05556,641.28889,14872.16667,41.55556,1.0,6.55556,523.86667,3028.18889,25.43333,271.55556,767.43333,2.0,1.0,1.33333,2.57778,10.2963,10.82222,APP_11B_6
2654.01111,706.71111,102.5,595.06667,14318.5,347.33333,1.0,2.11111,445.86667,2949.52222,20.65556,201.11111,673.87778,1.55556,2.55556,2.44444,1.0,7.62963,5.28889,APP_11B_7
2569.67778,755.04444,97.16667,633.73333,14013.61111,131.66667,1.11111,3.22222,492.75556,2927.96667,23.76667,253.22222,707.87778,1.44444,1.0,2.88889,1.0,7.40741,5.26667,APP_11B_8
2680.34444,733.93333,77.61111,718.84444,14323.5,129.66667,1.0,5.44444,509.31111,2849.63333,24.1,264.0,732.98889,2.66667,1.0,2.44444,2.78889,6.7037,6.91111,APP_11B_9
1678.63333,483.28889,123.4,336.15556,7047.87778,22.77778,1.0,3.14074,229.17778,2603.61111,21.88889,126.85556,506.31111,1.33333,1.77778,4.0,3.77778,7.45556,17.02222,APP_12A_0
1671.96667,437.95556,117.4,320.82222,6789.76667,32.88889,1.0,6.22963,214.06667,2388.61111,20.0,136.3,505.42222,2.22222,1.0,4.77778,1.88889,6.07037,15.24444,APP_12A_1
1572.07778,370.4,121.95556,287.15556,6959.65556,24.88889,1.0,5.28148,201.28889,2289.27778,20.33333,136.18889,466.42222,2.0,1.0,10.22222,2.88889,4.7963,17.8,APP_12A_2
1608.85556,412.51111,130.17778,349.26667,7270.76667,33.22222,1.0,2.02963,215.4,2205.61111,19.55556,133.96667,485.86667,1.33333,1.0,7.88889,1.88889,4.4037,21.57778,APP_12A_3
1617.41111,380.28889,129.51111,300.15556,6882.98889,37.11111,1.0,5.28148,221.73333,2126.38889,21.11111,124.07778,492.31111,1.55556,1.0,10.88889,1.0,5.62593,21.35556,APP_12A_4
1573.85556,360.17778,123.4,315.6,6831.65556,80.55556,1.0,4.17037,205.84444,2021.94444,18.66667,130.85556,452.08889,2.11111,1.77778,13.44444,1.88889,4.73704,17.91111,APP_12A_5
1499.63333,317.62222,117.73333,300.37778,6749.65556,78.66667,1.0,1.0,196.17778,1943.61111,16.66667,131.63333,410.97778,1.55556,1.77778,11.33333,1.0,5.71111,17.46667,APP_12A_6
1574.85556,370.06667,135.84444,274.26667,6616.76667,12.77778,1.0,7.42222,195.28889,1917.16667,18.22222,124.18889,429.75556,1.66667,1.0,7.55556,2.88889,5.07037,20.35556,APP_12A_7
1579.07778,312.62222,127.28889,253.71111,6469.21111,12.77778,1.1037,4.17037,198.84444,1832.94444,17.55556,117.18889,407.42222,1.66667,1.77778,10.22222,1.0,3.65926,19.02222,APP_12A_8
1575.96667,296.62222,129.84444,302.82222,6650.76667,15.11111,1.0,3.05926,205.28889,1775.5,17.22222,107.96667,408.86667,1.66667,3.33333,5.22222,1.88889,4.12963,17.04444,APP_12A_9
1605.98889,745.07778,252.13333,347.31111,7229.11111,2446.13333,1.0,5.44444,268.53333,3652.07778,25.72222,173.0,452.92222,8.93333,5.11111,5.04444,15.11111,10.55556,42.15556,APP_12B_0
1558.32222,683.74444,233.68889,416.97778,7594.77778,2156.35556,1.0,1.0,282.53333,3431.96667,24.16667,167.33333,540.14444,8.01111,2.55556,4.1037,19.22222,12.66667,40.82222,APP_12B_1
1472.54444,737.07778,182.57778,357.42222,6980.55556,1901.35556,1.0,4.33333,258.31111,3196.07778,21.5,155.66667,422.7,10.26667,1.77778,5.2963,8.66667,9.44444,35.6,APP_12B_2
1427.21111,497.74444,166.13333,329.42222,6947.77778,2039.71111,1.0,1.0,260.2,2923.18889,20.16667,155.66667,470.81111,3.67778,2.55556,7.37778,1.0,9.33333,22.6,APP_12B_3
1469.98889,594.74444,181.24444,416.97778,7058.11111,2360.35556,1.0,4.33333,251.53333,2755.3,24.16667,159.11111,465.7,7.41111,1.77778,9.45926,1.88889,9.11111,23.6,APP_12B_4
1305.54444,471.41111,150.24444,354.97778,6084.44444,1361.82222,1.0,5.44444,213.53333,2629.52222,23.05556,144.33333,388.03333,3.42222,1.77778,3.54815,4.55556,4.44444,17.34815,APP_12B_5
1386.54444,531.18889,154.35556,406.53333,6867.77778,1498.93333,1.0,6.55556,237.42222,2503.63333,19.38889,146.0,416.58889,10.01111,1.77778,7.34815,1.0,6.11111,21.37778,APP_12B_6
1413.32222,584.52222,151.35556,372.97778,6652.33333,1104.48889,1.0,3.22222,235.53333,2409.63333,19.83333,145.44444,426.7,7.94444,2.66667,3.8,1.88889,6.77778,19.04444,APP_12B_7
1337.87778,552.3,152.13333,339.53333,6342.55556,1167.68889,1.0,5.44444,227.53333,2325.3,20.61111,138.0,391.03333,7.48889,1.0,6.79259,1.88889,9.0,20.82222,APP_12B_8
1299.1,441.41111,164.02222,290.53333,6068.77778,1453.68889,1.11111,3.22222,207.75556,2215.41111,22.27778,143.0,406.58889,4.26667,1.77778,6.34815,1.0,5.44444,21.6,APP_12B_9
718.03333,288.76667,71.06667,215.78889,4472.03333,5.0,1.0,2.11111,158.16667,2266.95556,6.95556,142.46667,316.65556,1.0,1.0,1.74815,1.0,1.35556,2.14815,APP_12C_0
843.58889,231.32222,83.73333,202.9,4584.58889,6.88889,1.0,2.11111,160.38889,2104.17778,12.4,129.68889,334.21111,2.55556,1.0,2.35556,1.88889,2.42222,2.14815,APP_12C_1
867.03333,255.43333,86.73333,249.45556,4705.7,31.22222,1.0,2.11111,166.94444,2025.73333,12.84444,136.24444,350.54444,2.88889,1.77778,1.74815,1.0,1.97778,2.18519,APP_12C_2
782.47778,278.65556,78.17778,200.34444,4206.25556,2.88889,1.0,4.33333,146.05556,1947.4,9.72593,117.8,317.43333,1.55556,1.0,2.4963,2.88889,3.22222,3.44444,APP_12C_3
856.36667,295.98889,86.95556,298.45556,4920.92222,39.77778,1.0,4.33333,175.05556,1915.51111,15.17778,125.91111,290.32222,2.77778,1.77778,1.3037,1.0,2.86667,2.07407,APP_12C_4
877.14444,267.65556,85.17778,241.67778,4649.03333,54.11111,1.0,2.11111,169.16667,1847.17778,12.95556,118.91111,315.98889,2.88889,1.0,2.05185,1.0,5.73333,4.07407,APP_12C_5
680.81111,224.21111,54.51111,280.01111,3848.7,1.0,1.0,8.77778,112.83333,1779.28889,6.62222,96.8,261.65556,1.44444,1.77778,2.65926,1.88889,2.24444,1.85185,APP_12C_6
793.81111,235.43333,81.28889,277.67778,4363.7,62.55556,1.0,5.44444,156.16667,1742.73333,11.72593,132.02222,292.65556,3.88889,1.0,1.3037,1.88889,2.93333,2.25926,APP_12C_7
887.03333,273.76667,94.73333,269.9,4583.03333,58.22222,1.0,3.22222,147.38889,1700.73333,14.17778,108.24444,283.98889,1.33333,1.0,1.74815,1.88889,3.48889,2.77778,APP_12C_8
727.58889,252.54444,96.06667,244.01111,4383.14444,43.88889,1.0,5.44444,148.94444,1647.73333,9.16296,126.13333,263.54444,1.88889,1.77778,1.0,1.0,1.17778,2.88889,APP_12C_9
1224.75556,490.86667,89.67778,381.83333,7753.23333,25.11111,1.0,6.55556,302.02222,2736.55556,14.84444,146.52222,617.82222,1.28889,2.66667,1.28889,1.0,8.0,12.34444,APP_13A_0
1182.75556,447.31111,88.9,353.5,7007.12222,12.88889,1.0,6.55556,274.46667,2563.66667,15.17778,129.52222,517.6,1.19259,2.55556,2.02222,1.0,10.33333,16.9,APP_13A_1
1110.53333,412.08889,79.9,276.16667,6471.01111,1.0,1.0,4.33333,257.68889,2400.77778,15.06667,118.52222,558.37778,1.0,2.55556,2.02222,1.88889,8.11111,13.23333,APP_13A_2
1158.75556,422.2,95.56667,286.38889,7029.34444,25.11111,1.0,3.22222,257.57778,2317.22222,19.06667,120.74444,606.26667,1.0963,3.44444,1.28889,1.88889,7.0,15.45556,APP_13A_3
1223.53333,419.08889,99.12222,363.94444,6971.9,109.44444,1.0,3.22222,262.8,2249.33333,17.51111,150.96667,560.37778,1.0,3.44444,2.31111,5.77778,7.22222,10.78889,APP_13A_4
1087.75556,374.64444,99.01111,304.61111,6311.45556,47.44444,1.0,4.33333,242.68889,2143.88889,16.4,147.18889,449.6,1.0963,1.77778,2.02222,2.88889,4.33333,11.67778,APP_13A_5
1121.97778,382.86667,93.23333,355.94444,6166.23333,59.66667,1.0,9.88889,228.02222,2070.77778,17.17778,128.41111,478.93333,1.0,1.0,2.46667,1.88889,2.11111,9.67778,APP_13A_6
1138.53333,400.86667,96.45556,322.61111,6502.78889,13.0,1.0,5.44444,256.8,2023.77778,18.51111,144.52222,545.37778,1.0,1.0,1.0,1.0,3.22222,12.9,APP_13A_7
1158.75556,373.75556,101.01111,335.5,6087.56667,80.44444,1.0,3.22222,222.8,1966.33333,15.95556,123.63333,469.04444,1.0,1.0,3.04444,1.88889,2.33333,7.54074,APP_13A_8
1084.75556,366.53333,96.67778,273.61111,6045.56667,70.55556,1.0,6.55556,234.13333,1966.11111,16.06667,151.07778,464.6,1.0963,1.77778,1.28889,1.0,3.22222,16.12222,APP_13A_9
500.05556,213.71111,121.62222,138.45556,2791.64444,291.66667,1.0,5.44444,92.45556,2521.56667,8.56667,78.71111,293.66667,5.93333,1.0,5.77778,5.55556,14.66667,15.91111,APP_13B_0
501.83333,180.26667,94.73333,148.45556,2594.64444,254.66667,1.0,1.0,85.9,2185.9,8.45556,98.71111,266.22222,1.35556,1.77778,2.77778,10.33333,10.22222,12.91111,APP_13B_1
520.72222,170.15556,73.51111,141.01111,2613.86667,182.88889,1.0,5.44444,82.23333,2018.45556,7.56667,82.37778,240.0,1.08889,1.0,1.0,1.0,9.11111,10.48889,APP_13B_2
524.27778,167.04444,110.51111,166.67778,2691.31111,248.77778,1.0,2.11111,88.67778,1918.67778,9.39259,92.6,259.77778,5.26667,1.0,1.33333,1.0,7.11111,18.57778,APP_13B_3
604.83333,213.6,82.4,143.45556,2964.86667,197.44444,1.0,2.11111,88.23333,1829.45556,10.9,91.15556,263.55556,2.44444,1.77778,1.77778,1.88889,6.66667,10.82222,APP_13B_4
521.94444,163.93333,121.51111,140.78889,2905.08889,144.0,1.0,2.11111,96.78889,1714.12222,10.23333,82.15556,240.55556,2.08889,1.0,2.88889,1.0,7.88889,7.84444,APP_13B_5
537.5,159.93333,125.06667,197.56667,3030.86667,316.33333,1.0,2.11111,87.9,1630.01111,7.12222,75.37778,273.77778,1.51111,1.0,2.11111,1.88889,5.33333,8.13333,APP_13B_6
486.38889,158.04444,60.84444,156.12222,2496.53333,47.77778,1.0,1.0,93.12222,1572.56667,7.78889,95.15556,240.88889,1.68889,1.0,2.44444,1.88889,5.11111,13.02222,APP_13B_7
559.16667,185.26667,106.17778,158.9,2677.86667,66.0,1.0,4.33333,83.23333,1520.34444,7.78889,94.48889,245.66667,4.62222,1.0,1.66667,2.77778,5.33333,9.37778,APP_13B_8
508.5,187.26667,76.62222,146.01111,2531.42222,78.0,1.0,1.0,95.56667,1477.67778,7.78889,67.93333,220.11111,1.26667,1.0,1.66667,1.0,8.0,8.48889,APP_13B_9
1837.48889,198.31111,182.15556,203.58889,8644.31111,72.11111,1.11111,7.01481,146.77778,5087.12222,13.21111,225.97778,312.63333,7.22222,4.33333,4.0,1.0,1.17407,34.17778,APP_15A_0
1745.48889,233.75556,156.82222,218.81111,6948.75556,72.0,1.0,2.8963,109.11111,3728.56667,9.98889,130.08889,201.74444,6.77778,1.0,2.11111,1.0,2.58519,21.73333,APP_15A_1
1840.71111,240.75556,184.15556,169.92222,6937.64444,51.44444,1.0,1.94815,86.77778,3387.9,5.71852,95.08889,159.96667,2.55556,1.0,3.77778,1.0,3.53704,20.17778,APP_15A_2
1766.26667,228.64444,153.15556,126.25556,6382.86667,68.22222,1.11111,1.94815,76.0,3277.78889,4.60741,98.42222,158.74444,6.33333,1.0,4.33333,1.0,2.58519,21.62222,APP_15A_3
1886.93333,242.75556,170.93333,172.58889,6741.53333,49.88889,1.0,4.00741,78.55556,3178.01111,3.94074,97.31111,148.74444,4.33333,1.0,2.55556,1.0,2.14074,21.95556,APP_15A_4
1820.15556,231.64444,177.93333,107.06667,6774.42222,47.33333,1.0,6.06667,78.33333,3089.01111,5.4963,78.86667,146.85556,2.55556,1.0,4.66667,1.88889,2.91852,17.4,APP_15A_5
1602.15556,206.53333,145.37778,182.7,6046.86667,16.88889,1.0,4.00741,78.88889,3020.34444,5.60741,105.86667,145.63333,2.66667,1.0,4.33333,2.88889,1.34815,23.95556,APP_15A_6
1767.71111,215.64444,159.26667,141.58889,6135.86667,25.11111,1.11111,6.06667,62.0,2962.9,4.33704,82.53333,100.3,2.11111,1.0,2.11111,1.0,3.6963,17.51111,APP_15A_7
1700.37778,214.42222,147.71111,105.47778,6002.08889,21.0,1.0,1.94815,58.44444,2915.9,2.22593,84.2,109.41111,2.77778,1.0,2.88889,1.0,1.79259,14.73333,APP_15A_8
1754.82222,215.64444,150.26667,186.95556,6599.42222,78.55556,1.0,3.84444,81.11111,2858.45556,7.16296,80.31111,143.07778,8.55556,1.0,5.22222,2.88889,2.14074,19.17778,APP_15A_9
907.7,96.68889,124.02222,75.65185,3323.62222,17.91852,1.0,5.44444,54.85556,1358.71111,10.31111,47.78889,88.71111,4.31111,1.0,5.57778,1.0,1.2,15.35556,APP_15B_0
915.92222,77.68889,95.8,72.34444,3111.4,53.17037,1.1,8.77778,50.18889,1227.37778,10.2,53.78889,79.26667,2.04444,4.22222,1.0,4.46667,1.2,11.91111,APP_15B_1
953.92222,86.57778,111.24444,74.9,3080.62222,91.15556,1.1,2.11111,47.07778,1153.93333,11.86667,46.45556,70.82222,5.75556,1.0,6.2963,1.0,1.2,15.46667,APP_15B_2
806.7,83.57778,90.24444,47.54074,2783.28889,158.34815,1.0,3.22222,55.3,1106.93333,9.42222,54.12222,102.71111,1.82222,1.0,1.3037,1.0,1.2,12.68889,APP_15B_3
953.14444,71.46667,146.46667,87.9,3560.62222,50.42593,1.0,3.22222,50.63333,1039.04444,10.86667,44.34444,82.93333,3.4,1.0,2.35556,1.0,1.4,13.24444,APP_15B_4
866.47778,83.46667,106.57778,79.9,3012.28889,25.28519,1.0,5.44444,50.74444,1012.93333,10.64444,39.56667,65.71111,3.17778,1.0,2.8,1.82222,1.84444,15.91111,APP_15B_5
779.25556,74.46667,112.35556,68.0963,2796.95556,41.82222,1.0,3.22222,43.07778,949.93333,9.64444,41.67778,55.71111,3.6,1.0,1.3037,1.0,1.0,15.68889,APP_15B_6
846.47778,96.46667,105.91111,65.54074,2905.06667,23.15556,1.0,4.33333,55.07778,917.93333,10.2,42.34444,60.82222,2.71111,1.0,2.35556,2.82222,1.0,14.91111,APP_15B_7
838.25556,87.57778,104.35556,64.45556,2894.95556,13.6963,1.1,2.11111,43.85556,902.26667,7.86667,37.9,62.37778,1.08889,1.0,1.3037,1.0,1.84444,14.46667,APP_15B_8
798.14444,85.57778,99.02222,65.65185,3248.51111,6.34815,1.0,4.33333,49.41111,865.71111,10.2,41.45556,70.26667,3.53333,1.0,1.60741,1.0,1.84444,11.97037,APP_15B_9
1083.37778,242.01111,103.08889,230.7,5069.02222,29.44444,1.0,1.95185,121.22222,1637.01111,15.46667,108.01111,320.72222,2.05556,1.0,2.44444,1.88889,3.08889,5.01481,APP_15C_0
1050.6,237.01111,86.42222,243.81111,4931.02222,31.22222,1.0,1.95185,128.0,1479.34444,13.91111,107.56667,283.27778,1.53333,1.0,2.88889,1.0,2.48889,4.37778,APP_15C_1
952.26667,221.9,78.64444,228.36667,4269.68889,17.11111,1.1037,1.0,97.22222,1369.56667,14.8,90.23333,245.72222,1.43333,1.0,2.77778,1.0,1.4,6.45926,APP_15C_2
915.82222,200.56667,86.53333,176.81111,4277.46667,22.88889,1.0,3.06296,105.0,1286.01111,14.46667,85.45556,240.5,2.27778,1.0,4.0,1.0,2.04444,6.93333,APP_15C_3
938.82222,209.67778,79.2,207.7,4200.46667,52.0,1.0,1.0,104.0,1233.23333,11.13333,107.01111,224.5,1.53333,1.0,2.88889,1.0,5.17778,6.6,APP_15C_4
969.71111,209.67778,100.75556,233.36667,4425.02222,8.77778,1.0,1.95185,119.88889,1175.34444,14.8,108.56667,238.38889,1.2,1.0,2.0,1.0,3.97778,4.31852,APP_15C_5
851.37778,176.34444,80.64444,171.7,4155.24444,20.88889,1.0,2.9037,107.11111,1117.9,10.35556,88.45556,249.38889,1.1,1.0,1.77778,1.0,2.28889,5.71111,APP_15C_6
982.04444,220.9,94.2,189.58889,4349.35556,158.55556,1.0,4.01481,112.33333,1076.12222,12.35556,84.34444,224.05556,1.72222,1.0,3.33333,1.88889,1.4,8.45926,APP_15C_7
1068.82222,213.67778,106.31111,189.81111,4840.68889,6.88889,1.0,1.0,114.44444,1023.9,16.02222,116.9,249.16667,1.53333,1.0,2.44444,1.0,2.0,5.65185,APP_15C_8
984.48889,203.9,106.42222,158.7,4127.02222,18.77778,1.0,2.9037,100.0,944.78889,14.8,97.34444,230.05556,1.4,1.0,3.22222,1.88889,2.04444,6.01481,APP_15C_9
1362.73333,167.94444,112.5,91.15556,4958.66667,34.62963,1.0,3.05926,36.28889,3632.58889,6.38889,104.84444,84.87778,2.64815,1.0,2.31852,1.88889,4.96296,21.75556,APP_15D_0
1266.4,141.83333,119.72222,91.26667,4524.11111,34.31481,1.0,3.05926,37.73333,3485.92222,6.38889,97.62222,82.1,1.53704,1.0,2.53333,1.88889,4.07407,15.36296,APP_15D_1
1483.28889,188.16667,160.94444,85.82222,5106.0,32.62963,1.0,1.0,40.17778,3317.81111,6.61111,110.84444,95.98889,2.64074,1.0,5.06667,1.88889,3.85185,19.42222,APP_15D_2
1330.62222,135.83333,120.83333,62.82222,4835.0,26.40741,1.0,1.0,41.06667,3129.14444,8.37037,91.17778,98.32222,1.75926,1.0,1.65926,1.0,4.62963,13.86667,APP_15D_3
1461.4,161.94444,137.05556,67.12593,4784.11111,36.62963,1.0,5.28148,38.4,3008.03333,7.27778,101.28889,91.32222,2.42593,1.0,4.85185,1.0,3.44444,14.86667,APP_15D_4
1263.95556,146.94444,120.94444,54.93333,4486.66667,6.05556,1.0,2.02963,32.62222,2898.36667,8.24074,83.51111,77.65556,1.97778,1.0,2.53333,1.0,2.92593,15.31111,APP_15D_5
1173.51111,159.94444,105.38889,74.79259,4288.0,16.81481,1.0,2.02963,36.84444,2683.47778,7.03704,74.28889,64.1,1.88148,1.0,3.53333,1.0,3.11111,16.2,APP_15D_6
1096.62222,123.5,104.27778,70.37778,4044.11111,1.0,1.11111,2.02963,30.51111,2531.7,4.7963,71.28889,65.54444,2.42593,1.0,2.08889,1.0,2.85185,13.42222,APP_15D_7
1249.06667,171.05556,139.38889,56.79259,4519.88889,8.16667,1.0,2.02963,37.95556,2358.47778,10.46296,79.17778,72.98889,1.87778,1.0,3.42222,1.0,2.62963,14.97778,APP_15D_8
938.84444,86.27778,73.72222,62.82222,3281.77778,10.59259,1.0,5.2,31.95556,2227.36667,7.01852,46.84444,57.1,1.98519,1.0,2.53333,1.0,3.0,11.64444,APP_15D_9
1816.13333,495.77778,60.93333,351.44444,9121.48889,21.0,1.0,4.33333,20.84444,3199.51111,7.82222,39.18889,177.4,1.77778,1.0,3.88889,1.0,10.48148,9.28889,APP_16A_0
2330.57778,824.11111,55.48889,511.22222,12598.04444,53.88889,1.0,8.77778,25.62222,2827.17778,11.82222,40.96667,201.73333,1.11111,1.0,3.0,1.0,13.81481,5.24444,APP_16A_1
2388.46667,868.33333,51.93333,449.33333,12149.15556,1.0,1.0,5.44444,35.06667,2596.51111,10.48889,32.52222,225.73333,1.44444,1.0,3.33333,1.88889,8.77778,7.53333,APP_16A_2
2292.35556,748.11111,53.48889,552.55556,12159.71111,37.66667,1.0,5.44444,29.06667,2418.17778,11.26667,35.18889,210.51111,1.22222,1.0,1.77778,1.0,9.81481,5.02222,APP_16A_3
2062.91111,634.11111,60.93333,493.33333,11189.82222,37.55556,1.0,1.0,21.17778,2339.84444,13.37778,38.41111,204.95556,1.33333,1.0,4.88889,1.88889,9.03704,9.28889,APP_16A_4
2244.02222,718.88889,58.93333,575.88889,11929.15556,5.0,1.0,7.66667,23.73333,2255.51111,10.93333,41.63333,211.62222,1.55556,2.55556,3.22222,1.0,13.11111,8.51111,APP_16A_5
2221.02222,679.44444,70.15556,516.11111,11798.93333,8.88889,1.0,2.11111,25.95556,2150.84444,10.34815,42.52222,178.62222,1.44444,1.77778,3.11111,2.88889,17.07407,9.91111,APP_16A_6
1816.24444,529.0,61.6,402.88889,9659.6,22.88889,1.1037,3.22222,17.73333,2119.51111,10.04444,35.18889,143.62222,1.33333,1.77778,4.33333,1.0,21.48148,7.53333,APP_16A_7
1894.68889,451.33333,72.71111,387.33333,9671.71111,23.11111,1.0,4.33333,19.17778,2030.73333,6.82222,38.41111,167.84444,1.11111,1.0,3.33333,1.0,26.03704,5.35556,APP_16A_8
1754.57778,515.88889,58.6,388.37037,8903.93333,10.66667,1.0,3.22222,17.28148,1940.95556,11.37778,34.74444,136.4,1.0,2.66667,1.0,1.0,9.44444,8.17778,APP_16A_9
1306.93333,222.81111,181.33333,143.86667,4335.47778,102.09259,1.0,3.22222,41.91111,1670.02222,16.16667,64.17778,104.26667,5.74074,1.0,6.66667,1.88889,10.77778,17.73333,APP_16B_0
1311.04444,225.92222,154.0,166.26667,4358.7,145.31481,1.11111,4.33333,38.8,1523.46667,14.27778,66.4,97.93333,6.74074,1.0,5.55556,7.66667,13.66667,14.51111,APP_16B_1
1293.04444,208.7,158.88889,176.26667,4622.81111,238.61111,1.0,1.0,58.8,1470.35556,14.38889,65.28889,105.71111,3.2963,1.0,8.66667,4.66667,15.11111,20.72593,APP_16B_2
1336.04444,255.92222,134.11111,166.04444,4688.36667,216.14815,1.11111,4.33333,37.57778,1397.24444,8.72222,71.28889,112.71111,9.18519,1.0,6.11111,1.0,6.0,10.83704,APP_16B_3
1291.37778,248.03333,146.0,142.93333,4474.7,777.03704,1.0,1.0,28.57778,1381.57778,12.03704,46.4,101.04444,5.68519,1.0,4.55556,7.66667,7.44444,15.4,APP_16B_4
1339.82222,272.14444,123.88889,123.42222,4746.58889,154.59259,1.0,5.44444,44.46667,1308.46667,9.7963,66.0963,126.82222,6.33333,1.0,2.88889,1.0,6.0,11.84444,APP_16B_5
1390.15556,257.03333,141.11111,124.82222,4710.47778,277.81481,1.0,4.33333,49.24444,1271.91111,16.38889,76.95556,111.37778,5.24074,1.0,4.11111,10.44444,10.44444,14.84444,APP_16B_6
1211.71111,300.47778,127.44444,140.26667,4154.7,448.57407,1.0,2.11111,28.46667,1197.8,4.46296,47.73333,106.71111,7.55556,1.0,3.66667,2.88889,3.44444,5.82963,APP_16B_7
1440.37778,268.03333,123.11111,191.82222,4877.47778,403.14815,1.0,2.11111,42.35556,1197.8,12.14815,65.84444,97.48889,4.77778,1.77778,4.11111,4.88889,7.0,11.72593,APP_16B_8
1340.48889,182.25556,154.66667,212.6,4798.47778,114.22222,1.0,2.11111,76.91111,1192.57778,16.72222,82.28889,131.37778,10.5,1.0,5.0,1.88889,13.77778,16.28148,APP_16B_9
1348.62222,325.47778,155.92222,209.97778,5565.9,39.38889,1.0,4.33333,26.18889,6436.11111,24.2,43.9,159.12222,2.73333,1.0,10.77778,16.22222,6.66667,41.22222,APP_16C_0
1346.06667,359.81111,157.81111,163.42222,5462.34444,242.31111,1.0,1.0,18.96667,5308.44444,21.86667,43.12222,169.23333,4.73333,1.0,3.88889,11.44444,3.88889,39.0,APP_16C_1
1350.73333,297.14444,171.58889,179.08889,5661.23333,177.05556,1.0,3.22222,22.52222,4721.0,21.64444,49.23333,172.56667,5.21111,1.0,8.44444,22.11111,7.0,52.88889,APP_16C_2
1397.51111,310.25556,174.58889,176.42222,5375.78889,282.35556,1.33333,2.11111,22.3,4254.22222,25.53333,40.23333,137.9,7.14444,1.0,4.55556,30.0,8.88889,49.55556,APP_16C_3
1255.17778,317.47778,176.7,142.86667,5154.78889,100.53333,1.11111,3.22222,18.74444,3671.88889,23.08889,36.56667,135.23333,2.8,1.0,2.88889,7.66667,6.66667,28.33333,APP_16C_4
1213.62222,226.58889,190.47778,124.86667,4384.78889,92.85556,1.0,3.22222,17.52222,3268.22222,23.86667,36.9,106.12222,5.13333,1.0,6.66667,30.0,3.66667,61.77778,APP_16C_5
1338.28889,233.58889,171.58889,158.42222,5235.9,22.94444,1.0,6.55556,22.52222,2953.55556,20.08889,46.24444,98.01111,5.4,2.55556,5.22222,6.66667,4.88889,31.22222,APP_16C_6
1294.28889,251.7,149.14444,114.53333,4722.78889,91.87778,1.0,3.22222,18.74444,2733.11111,19.08889,51.45556,122.45556,3.21111,1.0,7.66667,10.44444,5.88889,36.11111,APP_16C_7
859.4,163.03333,119.36667,114.64444,3448.34444,96.94444,1.11111,5.44444,12.63333,2408.33333,17.64444,34.12222,75.01111,7.5,1.0,3.33333,12.44444,4.33333,33.55556,APP_16C_8
992.73333,172.14444,137.36667,149.99259,3944.67778,73.32222,1.0,2.11111,13.3,2093.77778,18.2,32.9,99.12222,6.54444,1.0,4.33333,9.55556,2.77778,25.11111,APP_16C_9
2478.76667,520.67778,87.23333,565.71111,10535.75556,155.78148,1.11111,3.22222,279.32222,2222.53333,15.58889,201.35556,542.83333,2.22222,1.0,2.31111,1.0,7.55556,7.24444,APP_1A_0
2851.21111,528.9,106.78889,584.04444,10946.2,343.82963,1.0,11.0,279.98889,2102.31111,19.25556,166.68889,554.72222,3.55556,1.77778,5.24444,3.66667,10.66667,8.04444,APP_1A_1
2169.43333,490.56667,66.67778,565.93333,9073.08889,92.24074,1.11111,3.22222,289.21111,2007.53333,18.36667,159.46667,550.27778,1.55556,1.0,2.02222,5.55556,10.22222,9.04444,APP_1A_2
2193.76667,421.67778,90.23333,496.48889,9012.64444,73.55926,1.11111,2.11111,257.21111,1949.86667,17.25556,180.68889,512.72222,4.66667,1.77778,3.77778,2.77778,6.77778,9.04444,APP_1A_3
1719.21111,401.67778,74.78889,436.82222,7573.53333,30.55926,1.0,5.44444,228.98889,1934.2,15.81111,129.68889,480.16667,4.11111,1.0,2.02222,1.88889,15.33333,6.46667,APP_1A_4
1864.76667,380.45556,66.45556,429.26667,8029.53333,27.52593,1.11111,1.0,238.1,1887.2,15.81111,153.57778,479.38889,2.0,1.0,3.04444,5.55556,8.44444,13.68889,APP_1A_5
2650.76667,480.45556,115.01111,462.82222,10494.53333,158.97037,1.0,7.66667,271.43333,1855.86667,18.92222,173.46667,544.94444,4.22222,1.0,6.4,5.77778,12.33333,8.91111,APP_1A_6
2694.98889,454.23333,126.12222,467.93333,10157.42222,405.38519,1.0,10.0,227.1,1808.86667,13.25556,154.46667,469.83333,5.55556,1.0,3.77778,5.66667,7.55556,9.91111,APP_1A_7
2685.98889,469.34444,116.45556,429.15556,10024.86667,91.17778,1.0,9.88889,276.65556,1761.86667,15.14444,187.13333,531.94444,3.66667,1.77778,4.06667,6.66667,8.44444,8.71111,APP_1A_8
1940.32222,467.12222,62.34444,483.26667,9100.31111,16.01852,1.11111,5.44444,264.21111,1745.42222,19.14444,160.57778,493.72222,3.22222,1.0,2.02222,1.88889,8.88889,6.6,APP_1A_9
1238.21111,338.04444,77.66667,351.33333,6240.04444,62.66667,1.0,1.0,185.01111,2079.55556,21.35556,157.42222,472.77778,4.95556,1.0,3.40741,1.0,10.58889,5.98889,APP_2A_0
1240.76667,332.04444,74.44444,358.77778,6275.82222,89.12963,1.0,3.14074,201.01111,1943.44444,22.35556,144.53333,523.22222,2.88889,1.77778,1.3037,1.88889,8.84444,6.45926,APP_2A_1
1265.21111,364.48889,86.33333,348.66667,6055.6,68.88889,1.0,2.02963,202.9,1854.0,22.8,166.53333,473.77778,5.53333,1.77778,1.60741,1.0,7.43333,6.76667,APP_2A_2
1128.54444,327.04444,77.88889,343.44444,5577.15556,50.44444,1.33333,4.17037,171.45556,1780.88889,22.68889,187.86667,476.33333,11.84444,1.0,1.3037,3.77778,6.95556,9.98889,APP_2A_3
1198.65556,362.37778,70.66667,371.77778,5860.15556,67.51852,1.0,3.14074,197.45556,1723.22222,26.8,138.97778,471.66667,9.17778,1.77778,2.05185,1.88889,10.65556,6.98889,APP_2A_4
1137.1,347.15556,68.33333,395.0,5589.04444,18.18519,1.0,5.28148,172.56667,1665.0,23.8,164.53333,480.55556,4.08889,1.0,1.60741,2.88889,7.24444,8.76667,APP_2A_5
1250.65556,382.48889,73.66667,351.22222,5930.71111,59.18519,1.11111,1.0,216.01111,1618.0,21.46667,115.75556,488.0,4.35556,2.55556,2.35556,1.0,7.81111,11.21111,APP_2A_6
1223.87778,331.04444,79.88889,307.33333,5811.04444,92.5,1.0,5.28148,186.78889,1571.0,19.35556,136.86667,447.33333,2.84444,3.33333,2.8,1.0,8.84444,9.34815,APP_2A_7
1130.43333,362.37778,87.44444,263.44444,5350.04444,87.33333,1.11111,1.0,194.01111,1539.66667,17.91111,139.97778,453.44444,2.73333,4.22222,2.4963,1.88889,6.47778,8.5963,APP_2A_8
1230.21111,321.15556,80.0,304.77778,5455.71111,26.09259,1.0,1.0,186.78889,1497.44444,18.91111,122.08889,463.11111,2.04444,1.0,1.91111,1.0,7.81111,11.65556,APP_2A_9
1056.91111,188.78889,130.33333,176.28889,4289.32222,41.21481,1.0,5.55556,109.55556,1699.22222,11.11111,116.41111,258.21111,3.18519,1.0,1.77778,1.88889,3.55556,19.2,APP_3A_0
1057.57778,256.23333,107.44444,127.51111,4364.65556,97.10741,1.0,2.11111,120.88889,1604.44444,13.66667,110.07778,303.54444,12.72593,1.0,3.77778,3.77778,11.02222,14.53333,APP_3A_1
1042.35556,199.56667,105.33333,168.73333,4352.87778,18.54815,1.0,1.0,104.77778,1510.22222,11.55556,102.3,278.76667,4.73333,1.0,2.22222,3.77778,7.66667,17.64444,APP_3A_2
1122.46667,196.67778,112.0,186.83704,4514.98889,11.98889,1.0,5.44444,111.88889,1426.11111,15.27778,93.96667,284.54444,3.94815,1.0,3.22222,3.77778,6.22222,14.64444,APP_3A_3
1075.91111,232.01111,139.44444,209.95556,4135.32222,13.98889,1.0,2.11111,104.0,1404.77778,15.27778,107.41111,277.65556,11.4963,1.0,2.88889,8.55556,9.51111,17.31111,APP_3A_4
1172.68889,247.45556,141.44444,184.06667,4808.21111,31.53704,1.0,4.33333,115.11111,1352.55556,17.72222,121.85556,320.54444,9.38519,1.77778,3.22222,3.77778,7.95556,20.75556,APP_3A_5
1046.91111,238.01111,101.44444,155.51111,4331.32222,235.87778,1.0,3.22222,108.11111,1316.0,15.94444,101.85556,282.98889,2.39259,1.0,1.66667,1.0,8.28889,16.31111,APP_3A_6
1165.24444,235.12222,144.55556,202.06667,4752.1,5.65556,1.11111,3.22222,102.55556,1316.0,16.05556,108.07778,293.1,6.27407,1.0,3.22222,6.77778,11.82222,22.31111,APP_3A_7
1238.91111,231.12222,101.77778,207.17778,4899.43333,41.87037,1.0,4.33333,133.33333,1269.0,15.27778,110.41111,299.54444,8.06667,2.55556,2.77778,7.66667,9.15556,20.53333,APP_3A_8
1045.13333,216.01111,79.22222,230.28889,4694.1,34.54444,1.0,4.33333,107.88889,1222.0,11.27778,105.07778,313.21111,4.85185,3.44444,1.0,3.77778,5.73333,13.17778,APP_3A_9
1037.73333,425.6,77.51111,286.68889,4331.18889,41.44444,1.11111,5.44444,224.77778,2645.07778,14.44444,130.72222,511.41111,2.33333,1.0,3.22222,1.88889,5.28889,10.11111,APP_3B_0
975.84444,386.15556,75.17778,245.68889,4260.96667,27.22222,1.11111,5.44444,224.44444,2514.3,18.22222,133.27778,525.52222,1.55556,1.0,3.22222,1.0,6.28889,11.44444,APP_3B_1
981.06667,451.93333,80.4,276.35556,4174.63333,201.88889,1.0,2.11111,233.0,2367.18889,17.55556,126.83333,445.3,2.11111,1.0,2.11111,2.77778,5.28889,8.44444,APP_3B_2
949.51111,474.93333,93.4,286.91111,4006.07778,88.66667,1.0,6.55556,229.66667,2241.85556,17.44444,117.83333,474.41111,1.11111,1.0,2.77778,13.55556,4.22222,11.0,APP_3B_3
938.17778,352.82222,79.73333,309.91111,3827.63333,27.33333,1.0,6.55556,201.44444,2168.18889,15.11111,95.5,414.96667,1.77778,1.0,5.0,1.0,3.86667,8.59259,APP_3B_4
950.17778,436.82222,91.28889,284.13333,3909.3,14.88889,1.0,3.22222,199.44444,2058.07778,16.0,97.5,439.3,2.11111,1.0,1.33333,3.77778,2.24444,6.77778,APP_3B_5
860.62222,368.93333,66.28889,247.91111,3663.96667,10.88889,1.0,3.22222,198.0,1995.41111,12.11111,104.38889,409.52222,1.44444,1.0,2.44444,1.0,3.97778,8.22222,APP_3B_6
907.28889,456.93333,95.4,297.13333,3825.74444,68.11111,1.0,4.33333,205.0,1922.3,15.66667,103.27778,425.74444,2.22222,1.0,4.77778,5.77778,4.06667,9.37037,APP_3B_7
795.28889,314.6,64.84444,258.24444,3305.3,129.66667,1.0,3.22222,168.44444,1889.96667,12.44444,101.16667,367.85556,1.0,1.0,2.77778,3.77778,3.91111,5.77778,APP_3B_8
915.06667,395.26667,68.4,237.68889,3975.52222,57.66667,1.0,1.0,207.11111,1827.3,16.77778,118.5,421.85556,2.55556,1.0,3.22222,1.88889,2.04444,9.0,APP_3B_9
2218.12222,529.8,207.83333,437.66667,8965.36667,334.97778,1.22222,5.44444,342.03333,3239.71111,28.53333,407.1,649.3,2.38889,1.0,11.0,7.55556,7.0,28.26667,APP_4A_0
2156.9,518.57778,219.16667,494.33333,8681.03333,702.75556,1.0,7.66667,321.7,3066.82222,30.86667,402.54444,626.18889,2.15556,1.0,7.55556,7.77778,5.22222,25.82222,APP_4A_1
2222.45556,526.8,227.94444,589.88889,8789.81111,400.64444,1.0,7.66667,332.81111,2930.15556,28.75556,349.54444,662.96667,2.35556,1.0,10.33333,11.33333,3.66667,34.37778,APP_4A_2
2111.45556,561.24444,176.05556,383.55556,8630.81111,431.42222,1.11111,12.11111,317.92222,2815.15556,26.97778,397.21111,612.18889,1.93333,1.0,8.22222,5.77778,5.0,17.6,APP_4A_3
2152.23333,558.24444,212.83333,442.88889,8830.58889,398.64444,1.0,3.22222,324.36667,2710.37778,28.31111,352.98889,662.85556,1.63333,1.77778,11.0,10.66667,5.22222,27.71111,APP_4A_4
2216.78889,522.68889,193.05556,507.22222,8691.03333,330.91852,1.11111,8.77778,309.14444,2678.48889,28.86667,389.32222,677.52222,2.36667,1.77778,8.33333,8.55556,7.0,31.93333,APP_4A_5
2183.34444,532.68889,201.72222,409.11111,8590.36667,661.42222,1.0,4.33333,314.25556,2594.93333,30.2,377.32222,697.96667,2.05556,1.0,10.22222,3.77778,4.66667,24.71111,APP_4A_6
1981.01111,523.91111,201.5,442.77778,8251.03333,252.64444,1.0,4.33333,286.03333,2516.6,28.97778,334.76667,595.41111,2.07778,1.77778,13.44444,9.44444,2.11111,20.01481,APP_4A_7
2098.78889,568.02222,203.05556,458.22222,8517.81111,698.42222,1.22222,8.77778,313.81111,2489.93333,23.64444,330.54444,633.07778,1.95556,1.77778,10.66667,3.66667,3.22222,28.48889,APP_4A_8
1975.01111,530.8,212.61111,339.66667,7559.7,295.75556,1.22222,8.77778,287.58889,2432.04444,24.86667,345.21111,576.18889,1.96667,1.77778,10.66667,8.55556,2.55556,23.93333,APP_4A_9
1576.36667,636.84444,89.13333,571.13333,9714.72222,507.82963,1.11111,1.0,343.34444,2854.21111,25.48889,285.68889,811.1,7.25556,1.77778,3.4963,1.0,10.11111,2.42222,APP_4B_0
1681.92222,597.4,81.8,517.02222,9958.5,601.28889,1.0,4.33333,338.67778,2644.54444,21.48889,300.35556,788.32222,17.7,1.77778,3.1037,1.88889,11.66667,5.38889,APP_4B_1
1645.25556,578.28889,89.68889,516.91111,9732.94444,307.28889,1.11111,3.22222,359.12222,2560.98889,24.48889,290.35556,785.98889,11.03333,1.0,7.32593,3.77778,11.77778,7.02222,APP_4B_2
1598.03333,594.51111,72.91111,576.24444,9614.61111,219.61481,1.77778,4.33333,355.01111,2524.43333,26.37778,317.24444,796.21111,9.81111,1.77778,5.04444,1.0,15.66667,1.41111,APP_4B_3
1539.7,561.06667,75.57778,547.91111,9491.94444,142.95556,1.0,2.11111,318.56667,2450.43333,23.26667,322.8,745.43333,3.26667,1.0,6.18519,1.0,12.88889,3.72222,APP_4B_4
1498.36667,567.17778,104.13333,609.68889,9320.38889,193.05926,1.0,4.33333,343.23333,2429.43333,20.82222,269.68889,775.32222,2.07778,1.0,3.71111,1.88889,15.11111,5.65556,APP_4B_5
1647.36667,533.84444,75.91111,506.68889,9597.38889,477.95556,1.0,3.22222,332.45556,2366.76667,20.37778,301.02222,762.87778,2.07778,1.0,5.48889,1.0,10.66667,2.97778,APP_4B_6
1758.7,647.95556,91.13333,609.8,10214.72222,292.84444,1.0,3.22222,351.67778,2335.43333,27.04444,306.57778,847.1,5.83333,1.0,3.54815,1.0,12.66667,4.61111,APP_4B_7
1517.36667,473.4,64.68889,498.91111,8591.38889,303.4,1.11111,1.0,302.01111,2288.43333,20.93333,267.91111,709.43333,4.48889,1.0,5.2963,3.77778,14.22222,5.21111,APP_4B_8
1594.58889,626.73333,83.68889,560.68889,9498.27778,383.28889,1.11111,2.11111,326.9,2241.43333,20.48889,334.68889,751.32222,5.71111,2.55556,2.96296,1.0,9.77778,3.53333,APP_4B_9
1061.67778,296.58889,164.74444,232.4,5160.4,313.08148,1.0,1.0,204.75556,4226.96667,16.01111,175.32222,439.44444,23.05556,1.0,3.60741,5.77778,20.26667,36.86667,APP_5A_0
1199.12222,340.92222,161.3,278.95556,5409.73333,220.63704,1.0,2.11111,196.08889,3697.18889,20.01111,187.32222,424.0,16.53704,1.0,4.37037,2.88889,18.91111,37.75556,APP_5A_1
1154.67778,305.47778,123.85556,237.62222,5269.51111,266.64074,1.33333,3.22222,171.64444,3146.52222,13.35556,185.76667,400.66667,28.85185,1.0,5.37037,3.77778,14.82222,24.97778,APP_5A_2
1470.34444,404.58889,90.96667,325.51111,6415.51111,333.2,1.0,3.22222,194.86667,2894.52222,14.23333,176.21111,452.33333,27.57407,1.0,3.60741,2.77778,7.64444,18.08889,APP_5A_3
1317.56667,352.14444,122.52222,299.62222,5748.28889,288.43333,1.11111,2.11111,164.75556,2769.07778,15.56667,195.21111,390.88889,11.96296,1.0,5.05185,5.66667,11.02222,27.2,APP_5A_4
1700.67778,435.81111,91.07778,400.06667,7580.17778,503.97778,1.0,2.11111,221.86667,2637.74444,15.34444,177.76667,419.77778,8.77778,1.0,2.08148,1.0,3.82222,9.95556,APP_5A_5
1585.34444,412.58889,118.41111,312.4,6504.51111,172.31852,1.0,5.44444,192.31111,2533.07778,19.46667,197.32222,400.44444,8.90741,1.0,3.73333,3.77778,6.91111,20.31111,APP_5A_6
1522.23333,392.36667,79.52222,382.17778,6670.4,187.31111,1.0,3.22222,183.2,2459.96667,15.56667,158.76667,365.44444,28.51852,1.0,1.63704,1.88889,6.4,12.31111,APP_5A_7
1479.01111,336.92222,109.3,356.17778,6629.06667,222.31111,1.11111,3.22222,187.97778,2354.52222,14.67778,192.65556,380.33333,10.07407,1.0,6.13333,4.77778,6.4,19.2,APP_5A_8
1561.67778,455.03333,114.63333,338.28889,6429.28889,172.42963,1.0,1.0,197.53333,2276.18889,17.45556,210.98889,398.88889,9.68519,1.0,3.16296,3.77778,8.62222,18.75556,APP_5A_9
2052.74444,427.31111,82.11111,356.43333,9092.76667,168.55556,1.0963,6.06667,173.3,1507.66667,20.73333,114.96667,311.88889,2.11111,1.0,5.06667,1.0,15.77778,14.81111,APP_5B_0
2264.52222,378.86667,100.33333,374.43333,9467.21111,361.77778,1.0,1.0,193.3,1402.33333,20.17778,121.3,338.55556,4.0,1.77778,3.75556,1.0,20.44444,14.47778,APP_5B_1
2191.18889,496.97778,91.66667,392.43333,8867.54444,201.33333,1.0,4.08889,168.85556,1339.66667,19.73333,120.18889,311.44444,3.22222,1.0,3.46667,1.88889,26.66667,20.36667,APP_5B_2
2115.52222,442.42222,106.77778,402.87778,8544.98889,271.33333,1.0,1.98889,175.18889,1282.22222,17.4,142.07778,335.0,3.33333,1.0,5.95556,2.77778,13.44444,16.36667,APP_5B_3
2156.74444,472.86667,93.88889,281.76667,9361.76667,413.33333,1.0,6.18889,178.18889,1261.33333,15.73333,121.85556,320.66667,3.33333,2.66667,4.22222,1.0,34.55556,17.47778,APP_5B_4
2215.52222,470.75556,97.88889,358.76667,9144.76667,346.33333,1.0,5.2,182.85556,1224.77778,20.17778,133.18889,311.44444,3.66667,1.77778,5.06667,1.0,25.11111,18.14444,APP_5B_5
2077.3,395.08889,77.22222,307.21111,8640.32222,226.11111,1.0,4.08889,166.18889,1166.33333,16.84444,107.63333,262.11111,2.11111,2.55556,5.51111,1.0,35.88889,18.03333,APP_5B_6
2427.3,453.53333,116.11111,353.76667,9776.32222,305.22222,1.0,4.08889,183.96667,1166.33333,21.06667,124.63333,331.0,2.88889,1.0,1.86667,1.88889,16.77778,22.03333,APP_5B_7
2300.74444,524.2,111.33333,397.65556,9212.54444,379.11111,1.0,2.97778,186.18889,1135.0,17.95556,128.07778,301.55556,4.55556,1.77778,4.48889,3.77778,16.55556,23.81111,APP_5B_8
2277.3,540.42222,138.0,361.65556,9693.1,276.44444,1.0,4.08889,180.63333,1098.44444,23.51111,144.96667,301.88889,3.33333,1.77778,10.8,6.66667,22.77778,22.36667,APP_5B_9
794.85556,89.86667,150.22222,62.28889,2671.31111,67.28889,1.22222,3.18148,28.72222,2380.91111,10.9,57.64444,75.42222,20.37778,1.0,3.33333,5.77778,5.33333,45.43333,APP_6A_0
746.96667,81.75556,145.44444,81.26667,2627.64444,41.00741,1.0,8.53333,26.16667,2234.24444,13.12222,61.2,84.31111,12.38519,1.0,3.22222,3.77778,3.0,42.87778,APP_6A_1
798.07778,106.2,146.66667,55.37778,2720.86667,24.31481,1.0,10.7963,31.05556,2087.68889,10.45556,61.64444,71.42222,13.16296,2.55556,2.88889,16.44444,4.44444,51.32222,APP_6A_2
778.63333,82.86667,112.33333,110.8,2648.2,51.87778,1.0,5.36296,24.38889,1982.57778,7.67778,49.97778,68.42222,14.94074,1.77778,1.77778,4.66667,2.55556,38.32222,APP_6A_3
754.52222,89.97778,144.22222,82.24444,2700.08889,32.4,1.11111,7.65556,20.16667,1867.46667,11.12222,61.42222,60.53333,12.60741,1.0,4.11111,5.66667,3.88889,43.1,APP_6A_4
793.3,77.86667,155.44444,110.57778,2671.97778,126.84444,1.0,3.14074,17.83333,1751.8,12.78889,55.08889,57.97778,9.4,1.0,3.22222,2.77778,2.55556,49.54444,APP_6A_5
738.18889,69.86667,116.22222,77.24444,2624.97778,37.25556,1.11111,1.0,20.16667,1720.46667,9.23333,40.97778,57.64444,8.39259,1.0,3.22222,3.77778,3.44444,39.32222,APP_6A_6
759.52222,78.97778,127.44444,75.06667,2598.86667,67.17778,1.11111,3.18148,21.5,1642.13333,12.34444,64.75556,55.31111,3.94815,1.0,5.22222,6.66667,1.44444,44.76667,APP_6A_7
725.74444,62.75556,112.22222,64.13333,2484.08889,39.00741,1.0,3.14074,22.27778,1595.02222,8.12222,54.97778,56.64444,9.62963,1.0,5.0,6.55556,1.88889,34.54444,APP_6A_8
750.85556,73.97778,152.11111,100.46667,2630.75556,75.75926,1.0,2.07037,19.83333,1547.13333,14.23333,58.2,55.2,9.05185,1.0,6.22222,3.77778,1.22222,39.65556,APP_6A_9
823.8,79.06667,89.76667,46.37037,3099.26667,166.08889,1.0,3.1,16.95556,2254.18889,5.5037,24.66667,72.74444,3.07407,1.0,2.15556,1.0,1.4,22.43333,APP_6B_0
884.8,110.28889,109.32222,59.15556,3308.26667,16.8,1.0,9.27778,16.84444,2149.07778,4.21852,36.88889,73.74444,2.85185,1.0,2.86667,2.77778,2.04444,27.98889,APP_6B_1
828.35556,81.06667,101.76667,68.31852,3280.6,244.44444,1.0,4.08889,15.51111,2012.96667,6.78889,44.22222,70.85556,3.44444,1.0,2.42222,1.88889,1.2,29.54444,APP_6B_2
770.91111,83.17778,98.32222,81.0963,2975.37778,119.33333,1.0,1.98889,14.28889,1903.3,4.9,35.88889,65.85556,2.37037,1.0,2.86667,1.0,1.0,23.87778,APP_6B_3
814.46667,98.28889,98.65556,70.76296,2996.48889,27.13333,1.0,5.07778,17.4,1844.85556,5.9,36.66667,65.3,2.55556,1.0,2.86667,1.0,2.28889,27.87778,APP_6B_4
726.35556,76.17778,98.98889,45.0963,2994.82222,26.95556,1.0,3.1,14.51111,1776.96667,4.23333,36.66667,75.07778,7.14815,1.0,3.31111,1.0,1.0,25.98889,APP_6B_5
761.02222,71.95556,175.76667,90.79259,2993.37778,14.04444,1.0,4.08889,14.73333,1714.3,4.5037,40.66667,79.3,4.40741,1.77778,2.42222,1.0,1.64444,25.54444,APP_6B_6
838.91111,69.84444,99.32222,72.68148,3133.93333,35.53333,1.0,4.08889,22.62222,1672.52222,6.67778,50.33333,69.63333,2.48148,1.0,1.4,1.0,3.08889,28.98889,APP_6B_7
713.91111,57.84444,138.54444,50.95556,2966.37778,63.77778,1.0,5.31111,16.62222,1619.3,7.78889,36.33333,69.85556,12.92593,1.0,1.57778,1.0,1.4,23.21111,APP_6B_8
773.35556,76.06667,103.32222,43.17778,2806.15556,37.46667,1.0,2.97778,17.06667,1619.3,7.28148,39.22222,72.52222,1.22222,1.0,2.57778,1.88889,2.04444,22.32222,APP_6B_9
1036.84444,159.43333,191.11111,101.88889,3908.22222,33.27778,1.0,11.62222,59.54444,1551.95556,6.91852,180.05556,138.56667,2.33333,1.77778,7.22222,2.51111,25.22222,57.81111,APP_7A_0
1252.95556,144.97778,134.44444,139.44444,4742.55556,25.05556,1.0,14.22963,66.21111,1227.17778,6.7,126.94444,134.56667,2.55556,1.0,6.33333,2.75556,17.11111,42.25556,APP_7A_1
1166.73333,138.43333,134.55556,112.0,4622.0,15.87778,1.0,9.67407,105.54444,1121.84444,7.58889,120.83333,145.01111,2.55556,1.0,7.22222,1.75556,19.11111,39.14444,APP_7A_2
1056.51111,133.32222,139.44444,112.33333,3939.88889,13.76667,1.0,5.2,70.76667,1048.73333,6.81111,87.61111,124.23333,2.22222,1.0,9.55556,1.0,24.33333,42.65926,APP_7A_3
1118.06667,146.65556,125.22222,145.77778,4172.0,38.86667,1.0,6.31111,47.54444,980.84444,8.14444,99.83333,122.67778,2.77778,1.0,10.88889,2.75556,18.77778,44.36667,APP_7A_4
1212.06667,97.1,67.0,123.77778,5021.77778,15.76667,1.0,4.17037,44.87778,865.06667,6.91852,70.61111,126.12222,2.77778,1.0,4.0,1.0,7.11111,16.58889,APP_7A_5
1248.84444,127.21111,92.11111,77.66667,4928.22222,34.75556,1.11111,6.22963,49.76667,797.06667,8.92222,95.27778,130.56667,1.77778,1.77778,4.44444,1.0,11.0,28.58889,APP_7A_6
1257.51111,134.32222,73.11111,122.77778,5525.0,45.5,1.0,4.17037,41.98889,781.4,9.03333,70.72222,123.01111,2.22222,1.0,6.55556,1.0,4.66667,20.03333,APP_7A_7
1212.51111,125.32222,74.88889,98.11111,4907.33333,8.17778,1.11111,1.0,53.54444,750.06667,10.36296,77.94444,138.78889,2.77778,1.77778,2.44444,1.0,3.22222,17.58889,APP_7A_8
1348.4,121.1,66.22222,101.88889,5843.66667,56.35556,1.0,5.11852,48.98889,697.84444,9.80741,81.83333,138.12222,1.33333,1.0,5.55556,4.51111,4.77778,24.25556,APP_7A_9
1602.81111,395.58889,428.66667,347.03333,7675.04444,7848.58889,1.88889,3.22222,202.82222,3257.23333,16.68889,103.22222,835.1,22.56667,1.0,26.77778,5.55556,5.75556,16.95556,APP_7B_0
1601.36667,339.81111,530.44444,341.58889,6578.26667,7425.81111,1.44444,3.22222,170.71111,2889.78889,16.68889,109.33333,824.1,13.67778,1.77778,24.66667,3.77778,5.86667,11.73333,APP_7B_1
1445.47778,322.81111,330.55556,354.47778,6324.37778,7120.25556,2.0,2.11111,166.82222,2633.23333,19.02222,126.44444,744.21111,13.42963,1.0,18.0,2.77778,8.13333,9.4,APP_7B_2
1452.47778,334.81111,302.22222,328.81111,5951.93333,5840.25556,1.55556,3.22222,145.6,2318.78889,19.91111,110.11111,601.76667,6.84815,1.77778,9.66667,2.88889,6.2,11.84444,APP_7B_3
1386.25556,271.14444,371.0,285.14444,5778.04444,3124.03333,1.0,2.11111,126.71111,2129.9,19.35556,100.77778,519.21111,9.67778,1.0,8.22222,3.77778,6.73333,9.95556,APP_7B_4
1322.14444,294.25556,232.22222,295.25556,5809.15556,2902.14444,1.22222,4.33333,137.26667,2056.34444,18.02222,98.55556,624.98889,4.07037,1.0,4.44444,11.44444,2.68889,8.46667,APP_7B_5
1287.36667,270.14444,483.44444,315.81111,5710.6,4348.7,1.11111,1.0,128.37778,2004.12222,14.91111,97.55556,573.1,5.51481,1.0,10.0,8.55556,7.86667,13.4,APP_7B_6
1268.81111,296.36667,199.88889,269.36667,5902.6,3144.81111,1.33333,3.22222,118.15556,1883.78889,15.8,103.22222,549.32222,5.18148,2.66667,2.0,3.66667,4.42222,9.17778,APP_7B_7
1251.25556,248.03333,184.44444,259.14444,5279.48889,2988.25556,1.22222,3.22222,126.37778,1789.01111,16.57778,81.11111,526.98889,5.82222,1.0,4.11111,5.66667,6.51111,7.02222,APP_7B_8
1337.92222,303.58889,191.22222,289.92222,5527.71111,2914.25556,1.0,3.22222,125.04444,1726.34444,18.57778,82.0,531.87778,9.07037,1.77778,4.22222,6.77778,4.22222,8.84444,APP_7B_9
2279.0,885.92222,422.57778,345.72222,8697.85556,1267.37778,1.11111,77.55556,374.72222,5692.16667,23.81111,200.93333,729.92222,5.01111,1.71852,3.31111,12.51111,27.44444,46.53333,APP_8A_0
2175.11111,915.25556,382.02222,412.94444,8792.3,1553.04444,1.11111,58.88889,387.16667,5005.38889,23.14444,197.6,719.14444,3.8,1.71852,5.04444,17.13333,28.55556,44.42222,APP_8A_1
2354.11111,902.92222,312.91111,516.05556,8463.3,1045.26667,1.22222,71.44444,360.94444,4328.61111,26.25556,207.37778,841.03333,4.24444,1.0,4.0,9.44444,21.55556,35.64444,APP_8A_2
2152.77778,716.92222,240.24444,472.16667,8982.3,603.6,1.0,30.88889,317.72222,3573.5,19.7,169.93333,591.92222,4.91111,3.32593,2.86667,8.44444,13.88889,24.31111,APP_8A_3
2306.55556,943.36667,172.02222,446.38889,12358.52222,1368.15556,1.11111,22.44444,286.83333,3127.61111,19.7,139.93333,584.7,2.37778,1.0,5.88889,3.37778,12.44444,171.2,APP_8A_4
2250.33333,1119.14444,184.57778,446.27778,12120.85556,1396.82222,1.44444,13.33333,300.94444,2818.16667,18.58889,142.37778,635.81111,4.92222,1.0,4.44444,4.75556,12.22222,193.42222,APP_8A_5
2490.66667,1033.47778,182.91111,397.38889,15341.52222,1479.04444,1.0,13.22222,285.61111,2692.16667,21.25556,125.93333,659.25556,4.67778,1.71852,3.31111,5.75556,7.22222,232.64444,APP_8A_6
2432.88889,1188.92222,186.8,477.38889,14177.63333,1992.93333,1.0,13.33333,290.38889,2608.27778,25.47778,118.71111,677.03333,7.67778,1.0,2.62222,1.68889,6.33333,233.64444,APP_8A_7
2527.44444,1086.92222,178.91111,374.27778,14695.07778,2042.26667,1.0,11.0,293.05556,2488.16667,20.14444,133.82222,591.47778,3.78889,1.71852,6.0,4.37778,5.0,68.64444,APP_8A_8
2169.33333,959.58889,239.24444,322.83333,10417.3,1791.71111,1.0,8.77778,303.16667,2393.61111,24.47778,140.37778,637.47778,4.58889,1.0,3.31111,7.75556,5.33333,213.97778,APP_8A_9
1659.31111,515.11111,112.52222,346.95556,7820.83333,553.9,1.0,1.0,185.8,2695.03333,13.88889,140.6,335.73333,3.02963,4.33333,1.0,5.22222,4.59259,10.87778,APP_8B_0
1491.53333,491.77778,124.41111,344.51111,7493.38889,553.61481,1.2,4.17037,181.24444,2563.92222,18.0,141.26667,319.73333,6.13333,3.44444,1.27407,1.55556,3.07407,12.43333,APP_8B_1
1580.42222,423.22222,98.63333,323.73333,7400.61111,142.61481,1.0,6.22963,196.24444,2448.7,15.55556,132.15556,327.28889,11.14074,1.0,2.43704,1.55556,2.18519,20.54444,APP_8B_2
1496.31111,483.77778,118.3,344.51111,7054.72222,970.72593,1.0,6.31111,189.8,2354.03333,14.77778,140.48889,320.06667,4.14074,1.77778,1.27407,2.55556,4.44444,18.76667,APP_8B_3
1348.86667,418.22222,90.74444,308.51111,6690.05556,559.83704,1.0,1.0,183.02222,2275.7,14.11111,119.6,304.62222,4.14815,1.0,1.99259,3.11111,2.11111,17.98889,APP_8B_4
1427.75556,447.55556,101.96667,321.28889,6693.16667,710.12222,1.0,5.2,168.24444,2244.36667,13.77778,122.15556,310.51111,1.93333,1.0,3.43704,1.55556,3.2963,17.21111,APP_8B_5
1364.31111,385.88889,124.96667,295.51111,6483.94444,580.9,1.08889,6.22963,168.35556,2171.03333,14.55556,116.37778,277.84444,4.80741,1.0,2.43704,2.11111,2.62963,21.34815,APP_8B_6
1449.42222,462.55556,108.18889,334.06667,7140.83333,706.23333,1.08889,9.56296,182.24444,2112.81111,11.22222,108.04444,293.95556,4.02963,1.0,2.26667,2.55556,1.51852,8.1,APP_8B_7
1529.2,419.11111,117.52222,354.73333,7587.05556,502.78889,1.0,7.34074,192.35556,2055.36667,17.22222,135.82222,311.73333,5.81481,1.77778,3.15556,1.0,6.25926,21.87778,APP_8B_8
1397.42222,389.88889,102.07778,318.62222,6793.38889,613.78889,1.08889,5.28148,183.35556,1987.47778,14.0,123.37778,275.51111,2.86667,1.77778,2.71111,3.11111,3.7037,14.21111,APP_8B_9
1919.0,339.2,42.36667,338.05556,7775.27778,591.82222,1.0,3.22222,184.38889,1636.71111,12.22222,1.23333,344.43333,6.0,1.0,1.0,1.0,2.33333,2.66667,APP_9A_0
1799.77778,294.53333,40.47778,286.5,7439.94444,760.6,1.11111,3.22222,163.94444,1494.82222,11.88889,1.97778,310.65556,11.22222,1.77778,1.66667,1.0,3.33333,2.44444,APP_9A_1
1929.33333,318.97778,43.58889,417.94444,8063.38889,587.64444,1.0,1.0,191.94444,1410.82222,14.0,1.41111,326.54444,1.66667,1.0,2.55556,2.77778,2.55556,1.88889,APP_9A_2
2004.55556,373.31111,42.03333,345.72222,7759.61111,687.63333,1.0,2.11111,189.72222,1322.04444,10.44444,1.41111,356.32222,4.44444,1.0,2.11111,1.0,2.33333,2.0,APP_9A_3
1788.33333,291.64444,58.47778,327.61111,7307.83333,1177.71111,1.0,2.11111,176.83333,1295.93333,10.66667,1.07778,336.87778,13.33333,1.0,3.55556,1.0,1.22222,1.66667,APP_9A_4
1840.88889,272.53333,45.25556,363.83333,7514.5,459.34444,1.0,7.77778,167.94444,1254.04444,8.66667,1.07778,304.87778,11.0,1.0,1.33333,1.0,3.66667,1.77778,APP_9A_5
1843.22222,256.31111,64.92222,327.5,7371.16667,801.31111,1.0,1.0,161.83333,1200.93333,9.55556,1.48889,333.32222,6.11111,1.77778,2.77778,1.0,2.33333,2.0,APP_9A_6
1840.22222,324.97778,35.25556,332.94444,7416.61111,288.78889,1.0,2.11111,181.61111,1200.93333,11.88889,2.38889,328.76667,3.33333,1.0,1.0,1.0,2.77778,1.88889,APP_9A_7
2000.0,291.53333,25.03333,312.16667,7547.27778,369.35556,1.0,4.33333,153.94444,1159.15556,9.0,1.15556,294.43333,2.55556,1.77778,2.11111,1.0,2.33333,1.55556,APP_9A_8
1665.22222,238.2,25.92222,208.62963,6625.27778,675.68889,1.0,1.0,150.72222,1112.15556,8.22222,1.93333,272.65556,4.33333,1.0,2.77778,1.88889,2.55556,1.55556,APP_9A_9
790.08889,104.61111,32.18889,120.17037,3055.56667,148.21852,1.0,3.14074,65.5,1328.92222,11.97778,121.55556,197.11111,8.02222,1.0,2.40741,1.0,10.91111,10.31111,APP_9B_0
697.53333,70.27778,36.07778,100.34444,2774.01111,78.32963,1.0,6.31111,65.05556,1208.81111,9.97778,102.66667,188.11111,4.91111,1.0,3.11111,1.88889,5.65556,12.25185,APP_9B_1
718.53333,93.27778,41.96667,113.45556,2985.9,113.32963,1.0,6.31111,74.05556,1129.81111,10.64444,98.33333,206.11111,17.28889,1.0,2.92593,1.88889,6.73333,13.08889,APP_9B_2
814.53333,101.38889,36.96667,87.9963,2896.45556,121.17037,1.0,5.11852,67.16667,1077.25556,9.97778,129.22222,189.44444,10.46667,1.0,3.92593,1.88889,5.24444,11.86667,APP_9B_3
611.53333,92.27778,40.85556,105.56667,2445.9,71.36296,1.0,8.45185,62.16667,1014.58889,8.31111,85.77778,187.33333,1.08889,1.0,2.40741,1.0,4.68889,16.08889,APP_9B_4
637.97778,95.27778,36.63333,94.28148,2507.12222,32.36296,1.0,3.05926,66.61111,993.7,10.97778,84.0,188.55556,4.51111,1.0,3.11111,1.0,3.16667,10.14074,APP_9B_5
668.08889,80.27778,31.18889,108.77407,2707.23333,10.45926,1.0,3.14074,59.83333,931.03333,9.2,71.88889,150.77778,14.15556,1.0,1.96296,2.88889,3.31111,12.86667,APP_9B_6
697.75556,79.27778,40.41111,113.23333,2554.56667,31.37778,1.0,3.14074,58.38889,899.7,6.75556,96.22222,149.55556,3.62222,1.0,1.7037,1.0,4.16667,17.97778,APP_9B_7
798.2,92.38889,51.18889,81.39259,2867.56667,43.44074,1.0,6.5037,74.16667,831.03333,10.86667,86.22222,167.44444,14.82222,1.0,2.66667,1.0,5.17778,23.97778,APP_9B_8
596.86667,71.11111,40.3,89.05926,2463.01111,72.21852,1.0,1.0,63.94444,820.36667,7.2,69.22222,165.0,1.93333,1.0,1.51852,1.0,5.58889,14.80741,APP_9B_9
1636.25556,200.77778,38.33333,101.2,3913.82222,1.0,1.0,8.76296,279.47778,2837.75556,9.77778,224.33333,400.52222,2.22222,2.55556,1.77778,2.88889,9.37037,26.6,ASC.0_0
1635.25556,151.33333,43.44444,65.08889,3765.71111,1.0,1.1037,3.1037,248.58889,2544.64444,11.11111,189.55556,375.96667,3.11111,3.44444,1.33333,1.88889,25.07407,27.6,ASC.0_1
1854.81111,106.0,49.22222,126.86667,4159.6,21.11111,1.0,5.43704,225.58889,2334.75556,5.0,168.55556,317.3,2.0,1.77778,6.55556,1.0,37.85185,36.48889,ASC.0_2
1709.58889,80.0,47.0,95.24444,3643.71111,9.0,1.0,3.1037,215.92222,2140.75556,7.66667,158.55556,274.18889,2.88889,2.55556,4.66667,1.0,33.44444,29.71111,ASC.0_3
1655.81111,100.66667,42.33333,77.86667,3481.93333,2.88889,1.0,1.99259,200.58889,2004.97778,8.66667,140.66667,286.63333,1.88889,1.77778,2.11111,2.88889,30.44444,28.93333,ASC.0_4
1737.36667,108.77778,55.11111,88.2,3808.04444,11.0,1.0,4.0963,230.14444,1962.64444,5.77778,149.55556,282.85556,1.33333,4.22222,2.44444,2.88889,31.11111,29.04444,ASC.0_5
1552.7,95.88889,43.33333,66.51111,3302.82222,2.88889,1.0,1.0,221.36667,1894.31111,7.66667,161.55556,271.63333,1.55556,4.11111,5.22222,1.0,21.62963,25.04444,ASC.0_6
1814.58889,135.22222,45.11111,116.53333,4116.15556,1.0,1.0,5.08889,243.7,1789.86667,7.77778,157.44444,328.41111,3.11111,1.0,5.11111,3.77778,19.33333,25.48889,ASC.0_7
1610.25556,111.88889,48.0,64.35556,3538.82222,1.0,1.0,4.0963,206.7,1768.97778,6.88889,148.44444,286.74444,1.88889,1.0,1.77778,5.77778,39.88889,32.48889,ASC.0_8
1687.14444,110.77778,42.22222,63.73333,3659.71111,6.88889,1.0,5.20741,200.81111,1694.86667,5.22222,151.44444,262.96667,1.66667,3.44444,3.55556,4.66667,16.03704,34.26667,ASC.0_9
1502.18889,207.28889,78.03333,137.74444,3233.1,13.11111,1.0,3.22222,29.63333,1739.81111,1.20741,228.46667,92.02222,5.82222,1.0,6.55556,1.0,4.20741,44.51111,ASC.1_0
1494.18889,193.06667,78.25556,114.52222,3202.98889,80.66667,1.0,1.0,30.85556,1477.47778,1.43704,215.68889,84.02222,3.27407,1.0,5.0,1.0,4.64074,35.4,ASC.1_1
1682.52222,182.06667,64.92222,88.74444,3505.1,56.22222,1.0,3.22222,26.3,1341.36667,1.52593,231.02222,92.24444,5.04444,1.0,4.66667,1.88889,3.86667,29.95556,ASC.1_2
1378.41111,157.95556,65.14444,49.71481,3093.1,27.33333,1.11111,4.33333,28.41111,1220.58889,1.1037,195.13333,79.13333,4.48889,1.0,4.77778,2.77778,3.75926,31.28889,ASC.1_3
1348.41111,132.51111,66.14444,81.07778,2932.54444,62.44444,1.0,4.33333,22.52222,1141.92222,1.1037,204.68889,57.91111,4.5037,1.0,2.88889,1.88889,6.19259,29.95556,ASC.1_4
1033.85556,106.4,61.7,52.63333,2334.32222,53.88889,1.0,4.33333,23.96667,1084.47778,1.0,170.02222,55.91111,3.83704,1.0,3.55556,1.0,5.08519,29.95556,ASC.1_5
1342.41111,155.95556,57.14444,62.96667,2966.21111,15.0,1.0,2.11111,28.18889,1011.36667,1.31111,197.24444,84.24444,3.93333,1.77778,2.77778,4.66667,2.76296,26.17778,ASC.1_6
1235.41111,145.62222,67.81111,68.18889,2687.1,11.0,1.11111,1.0,25.52222,932.03333,1.1037,183.13333,66.02222,3.83704,1.77778,3.55556,3.77778,3.64815,23.62222,ASC.1_7
1264.3,121.4,56.58889,65.41111,2655.43333,2.88889,1.0,2.11111,24.52222,911.14444,1.20741,182.46667,66.57778,3.60741,1.0,1.77778,3.77778,2.1037,25.06667,ASC.1_8
1046.85556,119.51111,62.36667,61.45185,2243.1,49.77778,1.0,1.0,20.85556,853.7,1.0,162.8,62.02222,3.28889,1.0,4.88889,1.88889,4.87407,27.95556,ASC.1_9
2332.0,678.55556,244.55556,144.44444,3565.06667,3809.44444,1.20741,15.44444,72.35556,2766.32222,1.77778,379.66667,178.0,7.33333,1.0,14.11111,26.88889,5.77778,116.2,ASC.10_0
2354.11111,749.11111,248.77778,131.55556,3561.73333,3037.55556,1.42963,8.88889,72.13333,2451.76667,1.44444,360.11111,145.44444,6.0,1.77778,15.77778,31.88889,4.11111,101.64444,ASC.10_1
2215.22222,709.77778,216.66667,134.0,3251.62222,4372.88889,1.1037,18.0,67.24444,2216.1,1.66667,343.66667,145.11111,6.0,1.0,12.44444,41.66667,6.55556,92.64444,ASC.10_2
2867.0,557.11111,247.33333,127.55556,4369.62222,2976.11111,1.1037,22.55556,80.91111,2063.98889,2.0,486.77778,156.88889,10.88889,1.0,22.22222,37.77778,3.66667,113.97778,ASC.10_3
2440.66667,586.44444,195.44444,77.44444,3635.51111,2503.66667,1.1037,11.11111,67.46667,1980.43333,1.33333,355.22222,153.44444,7.44444,1.0,12.66667,36.77778,7.22222,75.2,ASC.10_4
2572.88889,480.66667,209.11111,118.77778,3705.73333,2725.0,1.0,12.33333,68.02222,1938.21111,2.0,369.33333,143.77778,7.33333,1.0,14.66667,36.66667,6.33333,96.42222,ASC.10_5
2272.66667,569.22222,178.77778,149.77778,3424.51111,2636.66667,1.1037,7.66667,63.24444,1869.76667,1.33333,352.22222,128.77778,6.0,1.77778,14.0,19.22222,3.88889,100.08889,ASC.10_6
2365.55556,597.55556,206.22222,124.88889,3654.62222,2649.22222,1.32593,12.44444,70.57778,1807.1,2.0,345.11111,139.88889,5.66667,1.0,16.55556,23.0,6.44444,102.64444,ASC.10_7
2426.88889,445.22222,185.44444,129.0,3550.17778,2517.44444,1.31852,16.77778,56.24444,1775.76667,1.88889,332.44444,119.0,5.33333,1.0,12.44444,21.11111,5.0,92.86667,ASC.10_8
2346.11111,630.0,179.88889,108.33333,3585.84444,3628.22222,1.31852,11.22222,60.8,1712.76667,2.0,343.88889,108.22222,5.77778,1.0,7.11111,19.33333,4.0,97.31111,ASC.10_9
2857.77778,229.22222,457.85556,101.55556,4572.07778,161.33333,1.0,4.79259,227.55556,1399.85556,4.66667,616.02222,247.0,7.66667,1.0,8.88889,4.77778,4.25556,131.93333,ASC.11_0
2372.33333,221.0,420.74444,95.51852,3937.41111,275.57778,1.1037,1.0,182.88889,1237.3,3.44444,456.35556,201.22222,9.22222,1.0,10.44444,22.11111,5.26667,110.37778,ASC.11_1
2381.44444,188.55556,312.3,93.66667,4008.3,52.06667,1.0,1.0,161.88889,1142.96667,5.22222,484.46667,210.0,5.33333,2.60741,7.66667,6.66667,7.13333,125.04444,ASC.11_2
2265.77778,184.66667,319.74444,135.0,3700.41111,60.28889,1.0,1.0,174.66667,1116.85556,4.11111,509.02222,189.66667,5.33333,1.0,4.11111,3.77778,6.26667,110.82222,ASC.11_3
2431.88889,206.77778,365.63333,155.77778,4136.3,66.4,1.0,1.0,166.22222,1059.41111,3.44444,465.57778,184.11111,7.77778,1.0,9.33333,4.77778,5.48889,119.37778,ASC.11_4
2395.11111,163.44444,330.18889,105.85185,4166.96667,129.8,1.1037,3.05926,170.0,1033.3,4.0,536.8,201.11111,5.11111,1.71852,10.44444,5.55556,4.51111,132.93333,ASC.11_5
2411.77778,175.44444,355.85556,127.22222,4087.3,188.97778,1.0,4.95556,150.55556,1017.52222,4.55556,478.57778,214.66667,8.0,1.0,13.0,2.77778,4.04444,135.26667,ASC.11_6
2050.66667,140.33333,278.07778,70.44444,3427.52222,177.13333,1.0,4.00741,153.0,938.3,3.66667,393.24444,171.33333,7.22222,1.71852,9.22222,1.88889,5.48889,93.26667,ASC.11_7
2166.77778,187.44444,298.18889,88.55556,3486.52222,29.51111,1.0,5.11852,154.77778,927.85556,5.11111,454.13333,198.0,4.77778,2.60741,6.77778,6.66667,4.05556,117.93333,ASC.11_8
2344.33333,192.66667,339.96667,132.33333,4128.96667,203.42222,1.0,4.95556,165.22222,875.63333,3.55556,442.91111,210.0,7.55556,1.0,7.55556,20.0,5.27778,133.04444,ASC.11_9
1648.57778,96.66667,83.32222,73.74444,1899.94444,6.48148,1.0,3.1037,22.25556,1084.44444,1.0,204.46667,61.44444,3.33333,1.0,6.88889,7.55556,3.88889,87.95556,ASC.12_0
1516.8,131.22222,74.54444,71.86296,1780.83333,8.16667,1.0,1.0,21.81111,906.11111,1.22222,182.8,51.11111,2.66667,1.0,5.66667,1.88889,4.59259,84.51111,ASC.12_1
1566.24444,113.0,120.43333,71.3,1744.16667,11.96296,1.0,2.98519,17.03333,770.11111,1.0,192.24444,45.77778,2.0,1.0,4.44444,4.88889,4.40741,60.06667,ASC.12_2
1206.68889,92.77778,61.54444,53.07778,1401.38889,21.98148,1.0,1.0,16.25556,659.55556,1.0,160.46667,42.33333,1.77778,1.77778,6.11111,2.77778,2.03704,43.62222,ASC.12_3
1083.24444,70.66667,55.65556,49.63704,1261.38889,29.46296,1.11111,6.2,12.58889,628.11111,1.0,109.8,42.88889,2.77778,3.44444,5.44444,10.66667,1.92593,56.17778,ASC.12_4
1285.46667,95.77778,55.32222,68.52222,1443.72222,29.14815,1.0,6.42963,13.81111,555.0,1.0,164.24444,36.66667,4.22222,1.77778,5.88889,2.88889,3.03704,46.84444,ASC.12_5
1351.91111,73.77778,56.21111,65.85556,1501.05556,17.75926,1.0,1.0,11.7,555.0,1.11111,156.13333,34.55556,3.44444,1.0,2.55556,1.0,4.22222,62.95556,ASC.12_6
1269.8,104.0,228.43333,89.3,1528.61111,4.7963,1.0,4.0963,17.03333,539.33333,1.22222,126.68889,52.88889,2.33333,1.0,5.88889,7.44444,3.14815,56.62222,ASC.12_7
1045.35556,87.88889,56.43333,49.74815,1207.27778,6.05556,1.0,2.98519,16.92222,476.66667,1.0,105.8,34.55556,3.33333,1.0,4.88889,4.77778,3.74074,34.62222,ASC.12_8
1247.68889,71.55556,155.65556,86.63333,1379.5,8.59259,1.0,3.1037,12.92222,461.0,1.0,100.91111,33.66667,3.0,1.77778,7.33333,1.88889,1.81481,49.4,ASC.12_9
1250.07778,114.0,357.51111,46.88519,2413.13333,10.88889,1.0,3.22222,142.06667,1506.72222,6.22222,513.35556,198.44444,3.88889,1.0,8.1037,1.78889,4.68889,161.55556,ASC.13_0
1486.74444,107.0,372.51111,59.77407,2633.91111,29.33333,1.0,3.22222,207.17778,1370.61111,7.77778,497.68889,243.77778,4.0,1.0,8.1037,1.0,7.43704,185.88889,ASC.13_1
1500.52222,139.22222,367.4,27.58519,2654.35556,21.22222,1.0,2.11111,223.95556,1313.16667,6.66667,547.57778,254.0,4.11111,1.71852,10.1037,3.36667,5.06296,202.33333,ASC.13_2
1369.07778,115.0,320.06667,52.10741,2553.24444,23.33333,1.0,2.11111,215.84444,1271.38889,5.44444,468.8,238.44444,2.55556,1.71852,9.86667,2.57778,7.28519,190.11111,ASC.13_3
1396.85556,122.11111,351.51111,46.9963,2520.24444,4.77778,1.0,3.22222,184.73333,1202.5,5.55556,506.46667,249.88889,4.0,1.0,4.81481,1.78889,7.02222,176.77778,ASC.13_4
1462.3,108.88889,346.62222,62.82222,2699.35556,35.55556,1.0,2.11111,195.73333,1124.16667,4.88889,465.35556,228.22222,3.88889,1.0,5.45185,4.15556,5.28519,173.33333,ASC.13_5
1635.63333,143.22222,376.06667,39.98148,2757.02222,6.88889,1.0,3.22222,212.17778,1124.16667,7.44444,510.35556,272.77778,4.44444,1.0,7.34074,5.15556,7.92222,190.55556,ASC.13_6
1293.41111,95.77778,283.62222,74.72593,2361.24444,25.44444,1.0,3.22222,171.28889,1092.83333,3.77778,400.46667,190.0,2.66667,1.0,7.86667,3.57778,6.27407,165.0,ASC.13_7
1115.41111,72.55556,289.06667,47.75926,2031.8,5.0,1.0,4.33333,182.73333,1009.27778,4.88889,407.24444,194.66667,2.88889,1.0,5.94074,1.0,5.31481,164.11111,ASC.13_8
1254.85556,96.88889,282.28889,73.04444,2320.35556,46.0,1.0,3.22222,206.84444,945.83333,6.11111,413.13333,236.11111,2.77778,1.71852,3.92593,1.78889,4.42593,163.55556,ASC.13_9
3353.53333,1488.44444,229.5,1229.78889,11644.28889,586.71111,1.0,5.2,2637.85556,23016.66667,101.86667,1069.44444,4646.55556,3.11111,5.11111,4.0,3.71111,79.66667,53.11111,ASC.14_0
3088.86667,1133.88889,200.38889,1096.01111,9529.4,496.26667,1.20741,5.28148,2184.85556,21365.77778,85.86667,852.55556,3918.55556,2.33333,8.44444,5.55556,8.27778,75.33333,84.0,ASC.14_1
3163.2,1375.44444,159.38889,1232.56667,10722.4,360.73333,1.1037,3.05926,2404.3,19188.88889,99.08889,784.33333,4300.44444,3.33333,11.77778,2.11111,27.8,79.11111,53.33333,ASC.14_2
3124.97778,1308.44444,137.94444,1111.34444,10022.06667,406.17778,1.0,3.14074,2222.74444,18321.55556,93.86667,729.44444,3970.44444,3.44444,3.44444,4.77778,31.76667,65.0,46.22222,ASC.14_3
2738.08889,1049.0,154.83333,930.67778,8627.28889,566.28889,1.0,4.17037,1889.41111,17407.33333,82.31111,641.88889,3263.33333,3.44444,3.44444,3.55556,12.42222,57.44444,57.22222,ASC.14_4
2853.86667,1241.88889,156.94444,1072.56667,9221.73333,890.73333,1.1037,1.0,1992.07778,16014.88889,85.53333,664.11111,3733.55556,3.88889,2.55556,1.33333,19.05556,63.44444,40.44444,ASC.14_5
2746.2,1122.88889,103.16667,956.45556,8491.95556,439.06667,1.0,4.08889,1800.41111,14797.55556,72.53333,541.77778,3142.22222,1.66667,5.11111,2.88889,14.98889,54.77778,40.22222,ASC.14_6
2819.31111,1143.0,151.72222,1044.34444,8188.06667,4237.95556,1.0,2.02963,1772.52222,13336.0,75.2,483.22222,3044.33333,4.22222,9.11111,6.88889,49.4,51.55556,90.77778,ASC.14_7
2567.31111,1119.66667,117.38889,827.67778,7579.62222,1373.6,1.0,2.02963,1706.96667,12690.88889,80.2,495.77778,2895.55556,2.88889,5.88889,4.88889,32.62222,46.66667,75.33333,ASC.14_8
2483.53333,945.0,85.72222,941.12222,7542.28889,847.71111,1.1037,1.0,1618.52222,11808.22222,72.97778,392.22222,2799.88889,3.11111,4.22222,6.11111,30.73333,42.55556,45.33333,ASC.14_9
5396.42222,2228.22222,170.06667,2199.68889,26517.28889,138.0,1.0,2.11111,4133.02222,25698.17778,123.22222,1509.22222,6456.77778,5.44444,6.77778,5.77778,8.66667,63.8,25.4,ASC.15_0
5342.75556,2372.77778,136.4,2117.35556,22058.06667,259.11111,1.0,4.33333,3878.46667,23572.84444,118.55556,1326.22222,6010.22222,6.22222,5.88889,8.33333,10.44444,60.02222,25.17778,ASC.15_1
4614.2,2156.33333,120.84444,1874.8,19467.51111,58.22222,1.0,1.0,3512.24444,22248.17778,97.0,1283.0,5665.0,5.66667,10.0,3.33333,3.77778,55.24444,22.73333,ASC.15_2
4658.42222,2008.88889,124.06667,1861.91111,17357.51111,125.77778,1.0,2.11111,3196.68889,21269.62222,91.11111,1184.44444,5452.11111,6.44444,10.66667,6.0,9.44444,64.68889,26.62222,ASC.15_3
4668.97778,1960.33333,126.84444,1872.13333,17669.06667,41.77778,1.0,3.22222,3303.46667,20339.06667,96.88889,1079.66667,5269.11111,6.33333,9.88889,5.77778,4.77778,55.57778,17.62222,ASC.15_4
4697.75556,1805.66667,132.95556,1694.35556,15471.06667,12.77778,1.0,4.33333,3196.91111,19408.73333,95.66667,997.88889,5170.77778,7.88889,10.11111,4.33333,6.55556,48.91111,21.28889,ASC.15_5
4590.86667,1790.55556,133.62222,1472.46667,15209.73333,111.33333,1.0,3.22222,3150.13333,18310.17778,88.33333,891.44444,4749.77778,6.66667,10.88889,4.11111,4.66667,46.24444,20.84444,ASC.15_6
4393.31111,1764.33333,135.17778,1655.46667,14547.73333,35.33333,1.0,5.44444,3159.35556,17495.73333,85.66667,803.66667,5090.11111,6.44444,17.55556,11.66667,2.88889,51.91111,24.54074,ASC.15_7
4432.86667,1755.22222,132.84444,1410.46667,14653.95556,33.44444,1.0,1.0,2845.13333,16597.17778,82.33333,996.22222,4451.44444,6.88889,12.55556,9.66667,2.77778,46.8,19.84444,ASC.15_8
3876.31111,1554.22222,121.95556,1645.13333,13899.51111,180.88889,1.11111,1.0,2793.02222,15861.73333,70.11111,891.22222,4376.77778,5.55556,7.55556,4.11111,2.77778,51.46667,19.28889,ASC.15_9
1252.38889,95.88889,96.23333,69.83704,1740.66667,78.91111,1.0,8.45185,28.61111,2624.76667,1.11111,196.0,62.55556,3.0,1.0,13.95556,4.66667,8.42222,39.31111,ASC.16_0
1337.27778,98.0,88.78889,90.37778,1847.66667,163.37778,1.0,2.02963,23.83333,2179.21111,1.44444,195.0,78.88889,3.0,1.71852,16.17778,10.55556,7.48889,31.31111,ASC.16_1
1246.38889,90.88889,95.67778,69.82963,1761.77778,202.13333,1.0,7.53333,21.05556,1974.76667,1.22222,202.0,61.0,4.11111,1.0,13.51111,5.77778,6.73333,38.2,ASC.16_2
1405.72222,112.0,95.23333,87.82222,1958.0,171.71111,1.0,9.56296,27.83333,1869.76667,1.22222,189.77778,82.88889,4.55556,1.0,14.95556,17.22222,6.86667,33.86667,ASC.16_3
1049.5,75.66667,114.67778,59.4963,1468.55556,144.82222,1.1037,4.17037,25.62963,1780.98889,1.22222,198.44444,79.33333,4.0,1.71852,15.54074,5.77778,6.53333,42.2,ASC.16_4
996.27778,84.77778,77.01111,77.48889,1452.66667,89.62222,1.0,2.02963,21.38889,1712.43333,1.0,150.66667,58.22222,3.66667,1.0,13.9037,3.77778,6.86667,44.75556,ASC.16_5
1327.83333,113.0,115.01111,105.82222,1824.0,200.26667,1.1037,4.17037,28.05556,1659.87778,1.22222,208.44444,86.11111,3.22222,1.0,13.95556,1.0,6.4,40.2,ASC.16_6
1486.38889,105.88889,95.45556,67.05185,2108.22222,77.04444,1.0,8.45185,25.61111,1597.21111,1.33333,215.0,62.66667,2.55556,1.0,13.65185,6.66667,5.46667,43.08889,ASC.16_7
1312.83333,93.77778,103.67778,74.93333,1812.22222,95.48889,1.0,8.37037,25.94444,1507.76667,1.44444,203.0,68.66667,3.22222,1.0,21.84444,2.88889,5.28889,39.97778,ASC.16_8
1465.94444,106.0,99.45556,82.60741,1960.22222,329.57778,1.0,6.42222,28.05556,1502.21111,1.22222,207.22222,91.66667,2.77778,1.0,15.68148,5.66667,6.06667,35.08889,ASC.16_9
2117.84444,95.17778,307.73333,98.02963,3728.02222,199.33333,1.0,1.0,139.32222,1567.22222,4.88889,630.44444,193.55556,5.44444,1.0,5.51111,12.66667,25.87778,86.88889,ASC.17_0
1788.28889,93.28889,229.28889,61.91852,3080.13333,248.88889,1.1037,2.11111,115.98889,1336.66667,2.55556,460.44444,135.88889,5.0,1.0,6.66667,13.55556,16.32222,91.0,ASC.17_1
1751.62222,115.4,204.84444,62.3037,3040.24444,162.33333,1.0,6.55556,112.87778,1205.22222,3.33333,436.66667,139.66667,4.44444,1.0,6.84444,1.0,13.97778,105.11111,ASC.17_2
1847.51111,110.4,251.62222,90.36296,3380.8,45.55556,1.1037,4.33333,130.43333,1126.77778,3.77778,510.55556,161.66667,5.55556,1.0,5.55556,1.88889,14.43333,80.11111,ASC.17_3
1691.84444,103.4,214.62222,69.58519,2903.24444,181.0,1.0,1.0,110.65556,1038.0,2.77778,469.33333,128.55556,6.11111,1.0,5.48889,4.77778,12.86667,106.33333,ASC.17_4
1765.95556,70.24444,222.95556,63.97778,3017.35556,117.55556,1.0,7.77778,108.87778,953.66667,3.33333,466.66667,143.33333,4.77778,1.0,8.84444,3.77778,14.32222,117.88889,ASC.17_5
1515.06667,51.84444,208.17778,60.24444,2771.13333,111.0,1.0,2.11111,94.21111,922.11111,2.88889,418.88889,127.22222,3.0,1.0,6.42222,2.77778,17.31111,119.11111,ASC.17_6
1291.51111,60.84444,141.4,62.41481,2225.24444,64.22222,1.1037,3.22222,69.98889,859.44444,2.0,278.77778,87.66667,3.44444,2.66667,5.68889,5.66667,9.21111,110.55556,ASC.17_7
1590.17778,64.73333,225.73333,67.14074,2841.57778,164.55556,1.0,2.11111,104.98889,843.77778,3.44444,442.77778,130.77778,4.22222,1.0,4.66667,1.88889,8.97778,46.77778,ASC.17_8
1310.73333,39.68889,174.4,62.02963,2327.57778,80.44444,1.0,2.11111,81.21111,765.44444,2.33333,378.22222,113.11111,3.88889,1.0,2.46667,4.66667,10.86667,43.0,ASC.17_9
2519.81111,156.51111,370.92222,136.01111,5575.58889,83.75556,1.11111,5.44444,162.16667,1526.15556,4.71111,553.58889,224.66667,3.88889,2.55556,3.22222,1.0,23.32222,58.55556,ASC.18_0
2275.81111,123.62222,360.47778,115.57778,4966.25556,92.22222,1.0,4.33333,153.94444,1421.26667,4.39259,527.92222,207.55556,3.33333,1.77778,2.88889,5.66667,12.2,66.11111,ASC.18_1
2340.7,133.51111,360.81111,97.58889,5040.92222,18.71111,1.0,3.22222,156.27778,1342.93333,4.26667,538.58889,206.44444,4.44444,1.0,2.55556,6.55556,16.54444,70.44444,ASC.18_2
2571.14444,156.62222,341.58889,136.01111,5537.58889,59.08889,1.0,6.55556,156.05556,1290.71111,4.60741,534.14444,226.11111,5.0,1.77778,2.11111,1.88889,14.43333,55.77778,ASC.18_3
2344.92222,140.62222,330.7,174.56667,5033.58889,26.33333,1.0,3.22222,153.83333,1221.93333,4.82222,450.7,191.66667,5.44444,1.0,4.0,7.66667,14.42222,54.22222,ASC.18_4
2316.36667,132.51111,358.14444,115.34444,5150.7,93.86667,1.0,4.33333,148.16667,1216.6,5.60741,487.92222,205.0,4.44444,1.0,4.55556,1.88889,16.64444,56.33333,ASC.18_5
2345.47778,128.4,312.03333,128.23333,4772.7,24.82222,1.0,3.22222,154.16667,1174.82222,3.4963,499.7,203.44444,4.44444,2.66667,4.11111,4.77778,15.41111,56.66667,ASC.18_6
2475.92222,131.51111,330.92222,161.67778,5188.36667,381.28889,1.0,2.11111,170.05556,1127.82222,4.82222,500.03333,212.33333,5.77778,1.77778,5.44444,2.88889,12.64444,47.33333,ASC.18_7
2112.36667,125.62222,291.47778,115.57778,4765.81111,130.73333,1.0,3.22222,140.83333,1059.93333,4.38519,442.92222,191.33333,4.33333,1.0,4.11111,1.88889,12.42222,49.22222,ASC.18_8
2063.25556,116.51111,269.92222,77.03333,4211.14444,24.57778,1.0,1.0,139.16667,1028.6,2.51111,463.03333,178.88889,4.22222,1.77778,5.55556,3.66667,11.53333,51.22222,ASC.18_9
1650.23333,137.11111,80.65556,106.4963,3283.45556,39.02222,1.0,2.11111,26.11111,1568.15556,1.0,178.44444,60.11111,4.22222,1.0,7.0,1.0,3.06296,27.75556,ASC.19_0
1778.78889,117.11111,79.76667,83.38519,3395.12222,44.64444,1.0,2.11111,28.88889,1374.26667,1.11111,192.88889,67.0,2.33333,1.0,4.11111,1.0,3.3963,33.75556,ASC.19_1
1708.23333,134.0,71.76667,93.89259,3487.12222,67.68889,1.0,1.0,23.33333,1180.15556,1.0,179.88889,58.55556,4.44444,1.0,4.22222,2.78889,3.31481,31.08889,ASC.19_2
1677.12222,120.88889,52.32222,53.06667,3373.67778,18.46667,1.0,1.0,23.0,1075.6,1.0,160.0,51.77778,3.0,1.0,2.88889,2.57778,4.84074,21.97778,ASC.19_3
1534.78889,114.0,56.21111,45.0037,2956.67778,63.93333,1.0,1.0,23.33333,997.15556,1.0,164.77778,55.0,3.66667,1.0,8.22222,5.36667,3.42593,27.86667,ASC.19_4
1544.34444,117.0,59.21111,70.67037,3088.12222,129.6,1.0,4.44444,20.88889,933.6,1.0,155.66667,57.0,3.22222,1.0,4.11111,1.78889,2.4963,23.42222,ASC.19_5
1708.01111,111.11111,70.54444,75.32222,3171.23333,14.35556,1.0,2.11111,22.55556,902.26667,1.33333,174.11111,50.66667,3.66667,1.0,9.66667,1.78889,2.4963,34.31111,ASC.19_6
1524.78889,103.0,49.32222,88.4963,2594.01111,40.28889,1.0,1.0,21.88889,844.82222,1.0,135.77778,27.55556,4.22222,1.0,6.77778,4.36667,3.3963,26.31111,ASC.19_7
1473.01111,101.88889,58.98889,73.05185,2681.23333,46.88889,1.0,3.22222,20.44444,839.6,1.0,144.44444,44.33333,4.11111,1.0,5.0,1.78889,3.60741,26.42222,ASC.19_8
1067.12222,62.44444,48.76667,32.7963,1874.01111,100.33333,1.0,2.11111,18.66667,803.04444,1.0,137.66667,28.0,2.66667,1.0,1.66667,1.78889,3.2037,20.08889,ASC.19_9
3019.5,167.66667,114.47778,78.92222,6009.4,2.88889,1.0,1.0,60.56667,7679.53333,3.72593,210.48889,185.22222,5.33333,1.0,4.44444,5.64444,2.94074,90.57778,ASC.2_0
2768.5,139.44444,105.14444,61.03333,5563.51111,1.0,1.0,2.11111,59.23333,7322.64444,1.95556,204.82222,156.88889,4.44444,1.0,1.66667,1.0,6.14444,73.46667,ASC.2_1
2962.27778,146.11111,112.36667,63.47778,5593.51111,2.88889,1.11111,2.11111,65.78889,6771.75556,2.38519,201.93333,184.44444,5.44444,1.0,2.77778,1.0,7.35556,80.35556,ASC.2_2
2445.61111,144.22222,98.03333,78.02963,5387.4,5.0,1.0,5.44444,65.01111,6226.53333,1.86667,177.71111,163.55556,2.22222,1.0,2.55556,1.0,7.21481,65.68889,ASC.2_3
2090.61111,133.0,81.58889,42.14074,4493.62222,45.88889,1.0,6.55556,62.23333,5753.97778,2.5037,169.37778,154.88889,1.88889,1.0,2.88889,1.0,3.84074,52.24444,ASC.2_4
2073.94444,142.22222,72.47778,44.58519,4339.17778,1.0,1.0,5.44444,62.01111,5329.2,2.28889,166.15556,145.0,3.77778,1.0,2.77778,2.82222,5.54815,51.24444,ASC.2_5
1666.94444,99.88889,66.36667,51.47037,3702.95556,47.66667,1.0,3.22222,65.01111,5072.08889,1.85185,179.71111,131.77778,3.0,1.0,1.77778,4.46667,4.95185,46.13333,ASC.2_6
1928.94444,116.0,82.7,43.03333,4096.51111,1.0,1.11111,4.33333,57.23333,4888.64444,2.18519,149.26667,127.11111,2.33333,1.0,2.55556,1.82222,3.68889,55.35556,ASC.2_7
1659.38889,115.88889,71.92222,91.92222,3699.28889,13.0,1.0,6.55556,64.12222,4699.86667,1.52593,167.15556,141.22222,3.22222,1.0,3.22222,1.0,4.24444,48.8,ASC.2_8
1536.61111,106.0,64.25556,61.8037,3403.17778,21.22222,1.0,6.55556,55.12222,4374.64444,1.41481,171.26667,127.33333,2.88889,1.0,1.0,1.82222,4.17407,52.24444,ASC.2_9
3475.11111,565.11111,201.04444,139.02222,7963.28889,47.0,1.0,3.05926,109.45556,15895.97778,1.53333,212.06667,288.44444,30.77778,1.0,9.99259,9.44444,28.02222,354.44444,ASC.20_0
3111.88889,479.44444,179.48889,95.02222,7289.62222,38.17778,1.0,7.34074,100.78889,13012.53333,1.35556,177.73333,285.33333,21.22222,1.0,15.08889,13.22222,21.57778,289.11111,ASC.20_1
2928.77778,407.77778,165.15556,128.8,6665.28889,12.48889,1.0,2.02963,97.67778,11689.53333,1.37778,171.73333,218.22222,23.66667,1.0,12.64444,10.44444,15.63704,263.66667,ASC.20_2
2825.88889,400.66667,159.6,116.02222,6499.06667,92.22222,1.0,4.17037,93.78889,10650.08889,1.66667,177.06667,201.88889,19.77778,1.0,10.59259,9.55556,13.3037,264.11111,ASC.20_3
2700.66667,363.44444,147.15556,134.02222,6237.17778,62.73333,1.11111,1.0,81.67778,10266.86667,1.55556,147.17778,195.88889,16.66667,1.0,11.8963,4.77778,14.68889,259.22222,ASC.20_4
2623.22222,386.55556,163.15556,110.8,5902.51111,30.44444,1.0,4.17037,80.9,9500.53333,1.44444,179.4,210.33333,17.22222,1.0,11.11852,14.33333,10.35556,294.66667,ASC.20_5
2506.33333,373.33333,146.04444,79.68889,5479.62222,54.97778,1.0,1.0,75.23333,9096.31111,2.37778,160.95556,188.55556,15.22222,1.0,14.11852,9.66667,12.47407,259.11111,ASC.20_6
2439.44444,382.55556,154.04444,66.8,5342.51111,18.71111,1.0,3.05926,70.01111,8681.86667,1.53333,166.28889,175.33333,14.0,1.0,9.67407,9.44444,13.13333,263.11111,ASC.20_7
2524.22222,349.22222,142.15556,90.02222,5197.95556,12.24444,1.0,3.05926,70.34444,8482.42222,1.66667,167.73333,196.11111,16.33333,1.0,10.31111,7.55556,9.57778,315.77778,ASC.20_8
2479.11111,384.66667,163.6,56.57778,5336.51111,22.33333,1.0,1.0,71.23333,8267.31111,1.55556,166.84444,180.44444,16.66667,4.93333,6.81481,10.44444,10.74815,279.44444,ASC.20_9
5691.62222,278.25556,291.81111,495.26667,7329.06667,743.88889,1.0,3.05926,423.74444,1401.94444,7.44444,459.44444,244.22222,7.22222,1.77778,10.19259,11.44444,166.0,84.95556,ASC.21_0
5564.95556,265.14444,296.03333,430.6,7205.73333,710.77778,1.1037,4.17037,406.96667,1323.61111,5.88889,430.33333,241.77778,6.77778,2.66667,8.37037,7.44444,152.22222,71.06667,ASC.21_1
5156.62222,230.81111,255.36667,431.04444,6432.62222,378.22222,1.0,4.17037,397.63333,1223.5,5.66667,425.44444,245.11111,6.11111,5.77778,10.41481,4.55556,153.33333,63.51111,ASC.21_2
5217.17778,224.7,315.47778,412.93333,6773.4,865.0,1.0,3.05926,367.41111,1186.83333,5.88889,388.66667,236.22222,6.66667,1.0,7.74815,8.44444,129.55556,74.84444,ASC.21_3
4928.62222,179.25556,255.03333,381.71111,6357.84444,211.88889,1.0,3.14074,352.41111,1124.16667,6.33333,367.0,228.77778,7.66667,1.0,8.2,3.77778,148.55556,64.06667,ASC.21_4
4869.17778,228.7,260.81111,353.48889,6308.28889,622.44444,1.0,4.17037,371.18889,1124.16667,3.88889,426.88889,224.33333,6.88889,2.55556,9.80741,3.77778,127.44444,67.73333,ASC.21_5
5174.51111,260.03333,303.7,428.15556,6501.28889,669.88889,1.0,2.02963,399.85556,1087.61111,4.66667,457.66667,245.0,6.33333,3.44444,11.8,3.77778,158.55556,70.62222,ASC.21_6
5025.17778,240.81111,253.47778,430.82222,6397.84444,674.11111,1.0,3.14074,357.3,1035.38889,4.55556,404.22222,238.0,5.11111,1.0,8.85926,5.77778,131.44444,70.95556,ASC.21_7
4859.4,295.36667,266.36667,368.82222,6365.28889,620.22222,1.0,1.0,365.85556,1030.16667,4.33333,410.0,216.11111,7.0,3.44444,7.58519,9.33333,127.55556,69.51111,ASC.21_8
4243.4,198.47778,241.58889,348.37778,5359.17778,152.33333,1.0,7.34074,334.52222,972.27778,4.66667,344.66667,201.88889,4.88889,3.44444,7.47407,5.66667,139.66667,51.62222,ASC.21_9
1801.83333,1112.66667,181.35556,695.38889,6845.26667,2167.88889,1.33333,4.33333,1225.94444,10732.52222,65.88889,1297.62222,2718.33333,2.22222,8.44444,9.55556,14.17778,50.13333,25.13333,ASC.23_0
1803.16667,954.88889,154.8,775.27778,7032.6,2780.77778,1.11111,2.11111,1229.94444,10170.85556,63.55556,1391.4,2779.77778,2.22222,4.33333,8.0,12.53333,45.57778,23.68889,ASC.23_1
1713.72222,921.66667,139.24444,674.61111,6889.26667,1886.22222,1.0,4.33333,1184.72222,9729.74444,65.55556,1279.28889,2479.11111,2.66667,5.11111,8.44444,6.02222,42.91111,23.68889,ASC.23_2
1762.72222,975.33333,140.68889,623.16667,6897.6,2361.22222,1.11111,4.33333,1126.5,9299.41111,63.44444,1304.95556,2588.33333,1.88889,2.66667,9.0,12.77778,35.13333,26.8,ASC.23_3
1632.5,919.66667,167.68889,537.94444,5972.82222,2648.88889,1.0,7.66667,1018.16667,9021.3,60.66667,1441.51111,2189.44444,2.44444,3.44444,8.11111,18.17778,46.91111,30.68889,ASC.23_4
1488.5,817.66667,124.24444,507.16667,5462.15556,3177.77778,1.11111,5.44444,899.16667,8706.52222,50.0,1324.17778,1932.88889,2.11111,5.11111,8.55556,10.15556,38.68889,28.13333,ASC.23_5
1553.83333,819.66667,148.68889,661.94444,5718.82222,3672.22222,1.22222,4.33333,939.83333,8407.18889,56.11111,1296.62222,2003.77778,2.77778,6.0,11.33333,8.77778,38.91111,23.91111,ASC.23_6
1713.83333,944.88889,176.24444,558.5,6161.37778,3729.88889,1.0,8.77778,984.61111,8202.74444,52.11111,1259.17778,1985.88889,2.66667,1.77778,14.11111,13.53333,36.24444,22.35556,ASC.23_7
1552.05556,886.33333,133.24444,494.16667,5527.26667,2384.77778,1.0,7.77778,856.61111,7976.96667,47.66667,1137.84444,1844.33333,2.55556,1.77778,13.44444,7.77778,32.91111,23.68889,ASC.23_8
1652.27778,748.11111,112.13333,525.16667,6006.82222,1790.0,1.11111,11.0,926.16667,7788.18889,50.66667,1159.95556,1974.11111,2.0,3.33333,14.55556,9.66667,25.91111,22.91111,ASC.23_9
1145.91111,130.11111,54.61111,40.55556,1929.48889,140.71111,1.0,4.17037,23.92222,579.05556,1.11111,71.06667,39.73333,6.22222,1.0,5.88889,1.82222,2.87037,27.08889,ASC.24_0
1191.8,78.66667,48.83333,53.33333,2053.26667,196.4,1.0,3.05926,18.36667,558.16667,1.11111,60.51111,32.51111,1.88889,1.0,7.66667,5.28889,6.11852,27.53333,ASC.24_1
1170.35556,94.88889,75.38889,45.77778,1968.93333,354.86667,1.0,4.17037,21.03333,537.27778,1.22222,76.51111,36.0963,5.33333,1.0,4.77778,3.64444,2.87037,23.2,ASC.24_2
1082.35556,125.22222,57.72222,38.55556,1730.82222,288.6,1.11111,4.17037,21.03333,505.94444,1.0,65.62222,37.17778,6.22222,1.0,4.55556,3.64444,4.03333,26.2,ASC.24_3
1112.91111,89.66667,77.61111,66.22222,1781.37778,519.28889,1.0,2.02963,17.25556,464.16667,1.0,70.06667,41.28889,7.77778,1.0,3.88889,1.0,3.22963,26.53333,ASC.24_4
996.46667,104.0,60.5,56.0,1797.26667,366.84444,1.0,1.0,17.81111,464.16667,1.11111,62.28889,37.4,6.55556,1.0,2.44444,6.28889,4.62222,23.2,ASC.24_5
1169.02222,77.55556,36.83333,34.0,1964.6,124.37778,1.0,5.11852,16.58889,448.5,1.22222,75.95556,28.51111,3.88889,1.0,3.88889,1.82222,3.22963,21.54815,ASC.24_6
1058.46667,80.66667,51.61111,40.55556,1709.37778,352.86667,1.0,1.0,18.36667,417.16667,1.0,58.28889,30.51111,4.44444,1.0,5.88889,2.64444,4.34074,23.64444,ASC.24_7
1095.91111,67.66667,37.83333,54.11111,1833.15556,138.95556,1.0,3.14074,15.36667,417.16667,1.0,55.51111,27.28889,5.22222,1.0,3.55556,1.82222,5.4,16.86667,ASC.24_8
1051.24444,87.77778,45.27778,41.77778,1759.37778,116.28889,1.0,5.28148,16.47778,374.5,1.11111,58.84444,30.73333,2.66667,1.0,3.88889,4.46667,1.61481,23.75556,ASC.24_9
2839.53333,282.95556,117.37778,183.87778,12728.9,257.0,1.0,2.97778,465.73333,7161.95556,35.66667,387.0,545.22222,5.22222,1.0,7.88889,18.22222,38.33333,89.84444,ASC.25_0
2783.42222,268.84444,111.71111,160.54444,12680.78889,8.77778,1.0,2.73333,468.62222,6941.73333,34.66667,409.22222,567.11111,4.77778,5.11111,9.0,12.44444,29.0,79.28889,ASC.25_1
2584.42222,243.51111,109.26667,160.65556,11760.12222,33.55556,1.0,2.97778,488.73333,6642.62222,40.33333,390.77778,528.33333,3.22222,4.11111,5.66667,8.66667,38.88889,87.84444,ASC.25_2
2576.31111,258.84444,108.93333,152.87778,11972.56667,23.0,1.0,1.0,481.06667,6333.17778,39.0,407.11111,500.77778,3.22222,1.77778,9.66667,14.44444,34.44444,78.51111,ASC.25_3
2801.2,292.95556,111.37778,219.98889,13393.45556,6.88889,1.0,1.86667,522.4,6175.73333,38.44444,469.33333,589.11111,4.11111,2.66667,5.55556,10.44444,34.77778,74.62222,ASC.25_4
2749.08889,272.84444,109.04444,186.43333,12574.67778,5.0,1.0,1.0,461.17778,6050.17778,32.77778,417.11111,519.88889,3.22222,9.22222,5.66667,1.0,26.22222,86.73333,ASC.25_5
2602.97778,314.28889,100.82222,188.98889,12247.01111,2.88889,1.0,3.84444,442.51111,5892.17778,29.11111,425.77778,497.33333,2.66667,6.77778,8.0,3.66667,28.77778,73.06667,ASC.25_6
2784.53333,310.17778,99.93333,152.87778,12188.23333,2.88889,1.0,5.06667,458.84444,5724.62222,35.66667,408.66667,493.22222,3.66667,8.33333,5.55556,7.55556,32.55556,72.17778,ASC.25_7
2597.64444,311.28889,123.48889,145.32222,12098.01111,17.22222,1.0,2.73333,472.06667,5609.28889,37.66667,390.44444,489.11111,3.66667,2.55556,7.11111,6.55556,35.55556,86.28889,ASC.25_8
2448.75556,268.95556,104.15556,106.55926,11203.23333,27.33333,1.0,1.0,450.73333,5478.17778,35.11111,388.22222,483.22222,3.33333,3.44444,2.88889,4.66667,24.88889,82.84444,ASC.25_9
1582.51111,269.13333,244.74444,299.85556,9378.96667,27.11111,1.33333,12.22222,464.34444,4805.5,26.88889,344.57778,632.44444,3.33333,6.66667,6.88889,23.22222,36.06667,122.42222,ASC.26_0
1489.95556,263.02222,240.96667,248.3,8841.96667,37.11111,1.0,3.22222,462.23333,4343.72222,26.33333,339.8,645.0,3.66667,3.33333,13.11111,13.55556,41.28889,132.75556,ASC.26_1
1366.51111,255.91111,221.85556,256.18889,8769.41111,66.0,1.44444,3.22222,468.78889,4076.27778,26.55556,314.57778,609.44444,3.11111,2.55556,9.88889,6.77778,27.91111,105.53333,ASC.26_2
1486.17778,275.35556,249.18889,266.3,9210.18889,45.22222,1.33333,1.0,457.01111,3913.38889,26.44444,324.57778,662.77778,2.55556,3.44444,12.88889,16.33333,22.73333,79.64444,ASC.26_3
1435.95556,276.24444,325.85556,206.96667,8915.41111,21.11111,1.11111,5.44444,455.01111,3782.83333,26.22222,319.91111,614.44444,2.77778,4.22222,15.22222,10.44444,22.4,87.75556,ASC.26_4
1703.73333,326.57778,195.3,320.52222,10987.63333,57.88889,1.11111,3.22222,504.67778,3672.27778,28.88889,329.24444,641.88889,3.44444,3.44444,13.55556,10.44444,32.28889,101.31111,ASC.26_5
1682.73333,267.24444,153.41111,310.07778,11092.41111,10.88889,1.33333,2.11111,474.12222,3557.27778,28.0,352.68889,694.22222,2.0,1.77778,13.11111,4.77778,29.4,102.97778,ASC.26_6
1572.28889,267.13333,183.3,266.41111,9917.74444,41.0,1.55556,1.0,466.23333,3468.5,24.11111,304.13333,631.77778,4.33333,3.44444,11.0,6.66667,28.95556,96.08889,ASC.26_7
1823.06667,303.68889,202.96667,317.85556,11298.85556,33.33333,1.11111,2.11111,544.45556,3394.5,27.33333,344.13333,695.88889,3.22222,4.22222,5.88889,2.88889,28.24444,86.86667,ASC.26_8
1633.28889,333.02222,242.63333,263.85556,10470.96667,41.33333,1.11111,2.11111,494.78889,3300.38889,26.88889,334.35556,654.0,2.66667,6.77778,13.22222,6.77778,30.4,100.86667,ASC.26_9
1567.36667,643.11111,366.32222,439.08889,7582.51111,26.88889,1.33333,2.02963,1062.35556,19839.21111,53.44444,589.02222,2073.77778,2.33333,11.77778,5.22222,8.28889,109.48889,68.22222,ASC.27_0
1548.47778,640.88889,282.87778,459.75556,8409.28889,23.0,1.66667,3.14074,1135.02222,17768.32222,52.0,551.57778,2046.0,2.77778,9.22222,5.22222,4.64444,80.15556,62.11111,ASC.27_1
1815.81111,716.66667,252.54444,645.42222,9124.51111,39.44444,1.22222,2.02963,1198.68889,16743.54444,60.44444,499.24444,2346.88889,2.88889,5.0,20.66667,7.28889,76.82222,186.22222,ASC.27_2
1911.14444,743.88889,178.1,653.08889,9122.84444,41.44444,1.33333,5.2,1282.68889,15902.87778,60.77778,490.8,2323.88889,1.66667,5.0,5.66667,9.11111,58.04444,70.55556,ASC.27_3
1892.58889,757.11111,223.21111,529.42222,8500.28889,27.11111,1.33333,5.2,1237.68889,15309.43333,53.44444,505.91111,2187.66667,2.33333,7.66667,7.44444,6.11111,59.15556,53.22222,ASC.27_4
1884.14444,712.77778,172.32222,676.2,8747.95556,10.66667,1.11111,1.0,1239.24444,14600.43333,63.44444,485.91111,2378.55556,2.11111,3.33333,5.0,7.28889,56.04444,53.33333,ASC.27_5
1691.92222,648.11111,164.65556,580.86667,8433.4,43.55556,1.22222,1.0,1132.57778,14006.87778,55.33333,486.57778,2205.55556,2.55556,3.44444,20.55556,6.64444,60.04444,107.66667,ASC.27_6
1909.36667,740.11111,174.98889,642.86667,8940.73333,19.11111,1.0,2.02963,1268.35556,13423.87778,56.88889,565.13333,2247.44444,1.88889,5.11111,7.22222,9.11111,61.04444,42.22222,ASC.27_7
2147.92222,904.66667,108.98889,727.97778,10516.06667,4.77778,1.0,6.22963,1388.02222,12966.87778,67.11111,484.35556,2616.11111,2.44444,2.55556,23.33333,1.0,49.71111,245.0,ASC.27_8
2060.47778,833.11111,100.65556,619.53333,9733.95556,43.66667,1.0,4.17037,1314.02222,12657.1,63.33333,499.91111,2646.22222,1.66667,2.55556,8.55556,8.11111,48.82222,58.0,ASC.27_9
563.12222,16.84444,11.42222,37.19259,1649.55556,20.82222,1.0,5.21111,1.31852,275.16667,1.11111,2.11111,4.11111,1.0,1.0,1.66667,1.82222,3.44444,1.55556,ASC.3_0
633.23333,24.42222,9.08889,14.01481,1764.66667,4.86667,1.11111,3.06667,1.86667,254.27778,1.0,1.77778,1.66667,1.0,1.0,1.66667,1.0,3.25926,2.22222,ASC.3_1
561.45556,23.31111,9.64444,60.2963,1632.22222,12.24444,1.0,2.03333,1.21481,212.5,1.0,1.44444,6.0,1.22222,1.0,1.33333,1.0,2.07407,1.44444,ASC.3_2
586.34444,13.94444,8.31111,47.51852,1658.11111,30.8,1.0,4.17778,1.76296,181.16667,1.0,1.44444,5.0,1.11111,1.0,1.77778,1.82222,3.07407,1.55556,ASC.3_3
558.45556,14.52222,11.31111,29.46667,1639.66667,14.6,1.0,3.06667,1.76296,181.16667,1.0,2.11111,3.0,1.0,1.0,3.22222,1.0,2.62963,2.44444,ASC.3_4
606.34444,10.73333,12.42222,34.63704,1895.11111,59.57778,1.0,1.0,1.65185,181.16667,1.0,2.33333,3.55556,1.33333,1.0,2.77778,2.64444,1.0,2.33333,ASC.3_5
541.56667,6.36667,10.88148,39.79259,1604.0,51.6,1.0,4.17778,1.43704,165.5,1.0,1.22222,2.77778,1.66667,1.0,1.0,1.0,2.03704,1.11111,ASC.3_6
428.9,12.73333,8.53333,42.2963,1233.66667,16.6,1.0,5.21111,2.2963,134.16667,1.0,1.22222,2.66667,1.11111,1.0,1.66667,2.82222,2.33333,1.22222,ASC.3_7
550.78889,13.52222,14.53333,11.34074,1651.55556,8.73333,1.0,1.0,1.75556,134.16667,1.11111,2.22222,4.0,1.11111,1.0,2.33333,1.0,1.59259,2.33333,ASC.3_8
423.9,8.94444,7.21481,26.73333,1290.33333,6.62222,1.0,1.0,1.21481,96.83333,1.0,1.66667,1.66667,1.44444,1.0,1.33333,1.0,1.14815,1.77778,ASC.3_9
1372.75556,132.11111,66.36667,69.45926,2654.57778,39.0,1.0,3.22222,25.51111,1060.97778,1.0,117.33333,58.84444,3.0,1.68889,5.88889,1.0,4.17778,26.95556,ASC.4_0
1419.31111,145.11111,61.58889,44.48519,2811.46667,29.66667,1.0,2.11111,25.06667,987.53333,1.0,112.55556,69.06667,4.0,1.68889,5.44444,3.77778,4.0,31.73333,ASC.4_1
1277.42222,148.22222,63.58889,56.68148,2598.35556,94.77778,1.0,4.33333,25.73333,929.42222,1.11111,109.55556,50.84444,3.77778,1.0,11.0,10.66667,3.62222,31.17778,ASC.4_2
1303.2,140.0,64.14444,75.37407,2676.46667,31.11111,1.0,5.44444,25.4,851.08889,1.22222,105.55556,61.4,5.55556,1.0,3.77778,16.66667,4.15556,34.06667,ASC.4_3
1281.2,118.88889,63.7,95.34815,2611.68889,61.77778,1.11111,3.22222,21.17778,777.97778,1.0,112.22222,63.62222,4.11111,1.0,4.77778,4.66667,4.0,27.17778,ASC.4_4
1380.08889,128.0,89.36667,32.4,2701.13333,345.0,1.11111,4.33333,24.51111,751.86667,1.0,99.22222,49.84444,2.88889,1.0,19.88889,3.77778,5.11111,31.17778,ASC.4_5
1398.42222,120.0,63.03333,97.1,2624.8,43.33333,1.0,1.0,22.4,709.97778,1.0,91.88889,57.95556,3.88889,1.0,2.11111,2.77778,5.44444,25.28889,ASC.4_6
1343.75556,102.0,56.81111,76.43333,2587.13333,166.66667,1.0,1.0,23.06667,656.86667,1.22222,106.66667,57.62222,3.0,1.0,5.11111,1.88889,5.28889,37.28889,ASC.4_7
1114.86667,94.77778,51.36667,52.15185,2162.35556,135.88889,1.0,4.33333,16.06667,656.86667,1.44444,78.22222,48.4,2.11111,1.0,12.44444,5.66667,3.37778,23.84444,ASC.4_8
1185.86667,107.88889,53.58889,65.15185,2391.8,66.11111,1.0,1.0,20.4,656.86667,1.0,106.66667,53.17778,5.44444,2.57778,3.88889,4.66667,5.24444,27.84444,ASC.4_9
1520.44444,115.51111,280.68889,108.04444,3138.33333,25.11111,1.0,1.0,112.08889,1149.86667,3.72593,367.03333,145.75556,4.55556,1.0,3.88889,1.0,5.2,82.73333,ASC.5_0
1436.44444,139.62222,283.24444,120.96667,2970.77778,66.33333,1.0,6.08148,115.64444,1034.86667,3.62222,384.14444,167.2,6.55556,1.0,6.33333,8.33333,5.73333,147.73333,ASC.5_1
1459.11111,114.28889,276.02222,95.41111,3048.0,15.11111,1.0,2.98519,115.75556,961.2,3.82963,372.03333,161.31111,5.55556,1.0,2.88889,50.33333,5.71111,34.73333,ASC.5_2
1558.66667,138.73333,293.8,72.07778,3253.0,35.55556,1.0,1.99259,107.97778,939.86667,4.04444,380.81111,151.2,4.55556,1.0,3.55556,4.66667,4.62222,128.17778,ASC.5_3
1289.0,101.28889,221.57778,89.78889,2690.11111,13.11111,1.0,5.08889,99.42222,934.64444,3.06667,338.25556,142.42222,3.88889,1.0,2.55556,3.66667,6.53333,32.84444,ASC.5_4
1355.11111,117.28889,254.8,111.07778,2815.77778,80.66667,1.0,2.98519,111.53333,871.97778,3.82963,394.03333,153.64444,4.44444,1.0,8.55556,3.77778,3.22222,218.28889,ASC.5_5
1370.55556,100.4,253.91111,105.63333,2868.11111,55.66667,1.0,3.1037,100.75556,845.86667,2.52593,377.14444,136.42222,3.66667,1.0,3.55556,1.0,5.62222,40.06667,ASC.5_6
1287.77778,87.17778,250.13333,131.3,2814.22222,29.44444,1.0,1.99259,95.53333,845.86667,2.62222,327.03333,133.75556,5.55556,1.0,8.44444,27.55556,4.42222,512.73333,ASC.5_7
1258.55556,113.4,208.35556,100.26667,2679.0,55.55556,1.11111,3.1037,91.31111,783.2,2.74815,304.14444,140.86667,2.88889,1.0,5.22222,5.55556,2.91111,38.4,ASC.5_8
1257.0,94.17778,230.46667,92.6,2537.22222,27.11111,1.0,5.20741,89.42222,751.86667,2.39259,366.7,139.64444,4.11111,3.26667,6.22222,1.0,2.77778,91.62222,ASC.5_9
1238.94444,93.77778,64.51111,49.4,2151.96667,125.66667,1.0,1.0,21.03333,807.22222,1.0,158.15556,42.66667,3.44444,1.0,5.66667,4.77778,3.5037,24.35556,ASC.6_0
1068.83333,73.55556,60.95556,74.2,1807.96667,13.0,1.11111,1.0,21.92222,728.88889,1.0,158.6,46.55556,2.77778,1.0,4.44444,5.66667,3.37778,19.02222,ASC.6_1
934.16667,62.55556,96.95556,61.74444,1653.52222,7.0,1.0,2.74074,21.36667,665.33333,1.0,130.37778,38.22222,1.44444,1.0,5.66667,5.55556,2.07407,17.91111,ASC.6_2
1092.72222,47.11111,60.17778,104.54444,1925.41111,31.33333,1.0,1.87037,19.36667,649.55556,1.0,136.48889,39.44444,2.0,1.0,7.66667,1.0,3.83704,24.46667,ASC.6_3
1012.27778,68.44444,97.28889,71.64444,1755.41111,19.11111,1.0,4.72222,21.36667,571.22222,1.0,136.93333,40.22222,1.33333,1.0,1.66667,6.66667,3.17037,14.68889,ASC.6_4
998.38889,102.66667,56.28889,94.21111,1696.85556,27.33333,1.0,1.87037,14.92222,566.0,1.0,121.48889,32.77778,1.77778,1.0,5.33333,1.88889,2.26667,18.91111,ASC.6_5
999.83333,73.77778,108.95556,75.98889,1779.63333,10.66667,1.0,3.61111,22.92222,566.0,1.11111,98.48889,32.66667,2.22222,1.0,7.33333,1.0,2.83704,24.35556,ASC.6_6
1220.27778,53.33333,59.62222,78.76667,2116.07778,121.88889,1.0,3.85185,18.25556,566.0,1.11111,144.93333,46.22222,2.66667,1.0,4.77778,1.0,4.2963,15.8,ASC.6_7
1082.5,67.44444,62.73333,81.32222,1908.63333,64.33333,1.0,1.87037,16.14444,519.0,1.0,120.6,30.33333,3.88889,1.0,7.11111,2.77778,1.82222,24.24444,ASC.6_8
1045.5,90.77778,63.28889,73.54444,1832.96667,15.0,1.0,3.85185,17.58889,477.22222,1.0,110.15556,18.77778,1.55556,1.0,6.88889,3.66667,2.36296,29.68889,ASC.6_9
1346.42222,254.62222,122.65556,123.0,2101.55556,4177.38889,1.0,9.88889,194.98889,4565.51111,7.44444,147.77778,284.11111,6.38519,1.0,13.11111,18.57778,65.94444,45.93333,ASC.7_0
1124.64444,488.84444,89.98889,54.0,1731.33333,4010.5,1.0,5.55556,203.1,3658.4,7.22222,129.33333,253.0,3.38519,1.0,8.66667,12.93333,34.05556,31.15556,ASC.7_1
1204.97778,417.28889,90.87778,68.77778,1831.77778,3420.5,1.08889,6.55556,228.76667,3107.51111,10.33333,146.44444,273.44444,2.5037,1.77778,7.22222,10.11111,20.44444,33.26667,ASC.7_2
1152.86667,334.51111,109.1,93.66667,1730.88889,4467.94444,1.17778,4.33333,189.21111,2850.73333,6.0,159.77778,260.11111,2.72593,1.77778,9.55556,4.46667,22.11111,33.48889,ASC.7_3
1079.08889,246.73333,91.98889,42.0,1572.55556,4140.72222,1.37778,7.77778,169.32222,2635.73333,3.66667,136.22222,200.77778,4.28148,1.0,6.44444,12.75556,24.0,32.15556,ASC.7_4
942.75556,466.73333,76.1,50.55556,1440.66667,4056.16667,1.0,5.55556,143.32222,2473.28889,3.44444,123.88889,196.22222,4.28148,1.0,10.77778,4.64444,19.61111,29.93333,ASC.7_5
1034.64444,326.4,88.43333,73.0,1653.66667,3703.16667,1.37778,7.66667,164.98889,2373.62222,4.66667,134.22222,198.0,4.2963,1.77778,6.22222,3.64444,27.0,33.6,ASC.7_6
954.08889,664.17778,93.1,75.55556,1381.88889,3834.5,1.0,2.11111,135.21111,2242.4,4.11111,106.33333,165.55556,2.74815,1.0,4.22222,7.28889,17.66667,28.93333,ASC.7_7
790.2,556.62222,90.98889,61.55556,1191.66667,5161.5,1.0,4.33333,113.87778,2111.51111,3.0,96.55556,110.22222,3.5037,1.0,1.77778,2.64444,13.66667,22.38519,ASC.7_8
962.64444,518.51111,99.1,33.33333,1470.22222,2808.05556,1.0,2.11111,152.32222,2038.4,4.77778,113.22222,203.66667,3.60741,1.77778,4.66667,5.46667,6.94444,24.6,ASC.7_9
1022.12222,95.68889,70.83333,40.4,1363.74444,173.0,1.0,3.18148,23.16667,964.82222,1.0,182.81111,65.0,2.11111,1.0,6.0,2.88889,4.88889,28.28889,ASC.8_0
1023.78889,96.8,73.38889,39.98519,1399.41111,17.22222,1.0,1.0,24.61111,891.26667,1.1,220.47778,66.66667,2.22222,1.0,4.77778,2.77778,4.88889,32.84444,ASC.8_1
928.9,64.71111,57.38889,34.98519,1288.18889,62.11111,1.0,4.25185,22.5,807.71111,1.0,160.92222,45.44444,1.77778,1.0,4.66667,4.77778,2.88889,28.4,ASC.8_2
960.23333,82.57778,58.27778,32.0963,1265.63333,277.55556,1.0,2.07037,25.61111,750.26667,1.1,161.92222,45.77778,2.11111,1.77778,5.22222,1.0,2.88889,29.84444,ASC.8_3
992.67778,112.8,62.94444,74.17778,1319.07778,353.55556,1.0,1.0,19.83333,734.6,1.1,174.58889,61.77778,3.44444,1.0,4.33333,3.77778,3.33333,30.73333,ASC.8_4
1035.12222,104.57778,70.72222,86.31852,1392.3,45.77778,1.0,1.0,25.38889,718.93333,1.31111,208.36667,61.77778,2.22222,1.0,5.44444,1.0,2.33333,34.28889,ASC.8_5
1002.9,74.13333,54.72222,73.31852,1470.18889,119.55556,1.0,3.18148,21.72222,687.6,1.1,175.58889,45.0,2.88889,1.0,2.88889,2.77778,3.55556,21.95556,ASC.8_6
930.34444,64.24444,62.38889,55.31852,1231.3,312.33333,1.0,2.07037,17.94444,660.93333,1.1,153.7,48.0,1.44444,1.0,2.33333,1.0,5.66667,30.28889,ASC.8_7
1024.67778,86.57778,55.27778,39.34815,1358.3,95.11111,1.0,3.14074,23.05556,639.6,1.0,164.47778,50.22222,1.44444,1.0,9.88889,4.77778,3.77778,27.28889,ASC.8_8
820.34444,47.26667,56.27778,37.31852,1133.52222,66.22222,1.0,1.0,19.5,639.6,1.0,143.47778,32.66667,2.11111,1.0,3.55556,2.88889,2.66667,22.51111,ASC.8_9
961.87778,225.0,239.91111,42.11111,1725.61111,2273.0,1.0,7.66667,90.68889,1194.88889,3.88889,412.55556,135.38889,4.0,1.0,6.66667,8.66667,8.28889,45.8,ASC.9_0
743.21111,181.66667,146.57778,50.27778,1291.38889,1591.11111,1.1037,12.33333,52.91111,1085.0,3.22222,267.88889,96.27778,3.88889,1.0,4.95556,7.55556,4.77778,43.13333,ASC.9_1
733.87778,153.33333,160.8,67.61111,1308.5,1053.77778,1.1037,8.88889,63.91111,985.33333,2.33333,314.55556,91.61111,3.22222,1.0,8.86667,6.55556,3.8,41.68889,ASC.9_2
754.54444,235.11111,154.46667,58.16667,1319.27778,1203.77778,1.0,5.55556,56.46667,922.11111,2.11111,243.33333,72.5,4.22222,1.0,9.86667,8.55556,3.6,38.8,ASC.9_3
793.76667,202.77778,180.46667,54.83333,1357.83333,895.77778,1.1037,5.44444,64.13333,859.44444,2.22222,291.77778,96.72222,3.22222,1.0,8.13333,10.55556,6.08889,45.02222,ASC.9_4
794.21111,285.66667,141.24444,42.05556,1356.05556,1617.0,1.0,6.55556,66.46667,791.55556,2.77778,243.11111,90.72222,2.77778,1.0,6.97778,7.55556,2.88889,42.68889,ASC.9_5
745.43333,270.55556,163.57778,68.27778,1277.38889,1152.77778,1.0,4.33333,66.8,755.0,2.11111,263.33333,99.05556,3.0,1.0,7.15556,6.55556,4.0,36.02222,ASC.9_6
720.43333,311.77778,134.8,13.66667,1290.16667,864.77778,1.0,2.11111,46.57778,718.44444,2.88889,245.22222,76.38889,3.22222,1.0,5.95556,3.77778,3.8,41.68889,ASC.9_7
665.76667,308.77778,156.13333,57.94444,1180.83333,1156.55556,1.1037,7.66667,46.46667,665.33333,2.11111,248.44444,73.61111,3.77778,1.0,9.75556,11.44444,5.64444,55.68889,ASC.9_8
651.54444,255.44444,149.13333,52.55556,1085.83333,1072.55556,1.0,7.66667,41.57778,660.0,2.22222,192.77778,66.5,1.44444,1.0,8.86667,11.44444,6.95556,40.24444,ASC.9_9
1593.5,100.58889,123.62222,92.23704,3573.66667,33.0,1.0,13.44444,162.77778,4940.21111,13.55556,582.73333,517.28889,16.55556,3.33333,10.31852,7.66667,39.88889,58.62222,ASC_0A_0
1739.61111,131.81111,138.06667,64.01481,3836.77778,238.44444,1.0,21.55556,164.77778,4567.76667,9.88889,527.17778,456.17778,14.22222,2.66667,9.12593,2.77778,31.88889,62.62222,ASC_0A_1
1809.05556,109.7,113.28889,116.48889,3698.11111,82.33333,1.43704,11.11111,137.11111,4331.65556,9.77778,534.4,541.95556,25.0,3.44444,10.01481,4.77778,29.11111,44.51111,ASC_0A_2
1823.83333,122.58889,104.95556,78.31852,3640.77778,80.33333,1.08148,4.33333,132.11111,4148.32222,11.33333,496.17778,445.06667,35.55556,2.66667,7.68148,2.77778,20.88889,47.17778,ASC_0A_3
1513.05556,110.7,107.51111,89.57037,3324.66667,27.0,1.3037,4.33333,138.55556,3911.98889,9.44444,518.95556,445.17778,10.22222,1.0,7.23704,6.55556,25.55556,51.84444,ASC_0A_4
1523.27778,92.58889,106.06667,69.4,3130.0,86.33333,1.08148,5.44444,132.33333,3681.54444,9.0,494.62222,432.95556,16.33333,3.33333,7.18519,4.77778,29.77778,46.17778,ASC_0A_5
1381.05556,76.47778,100.73333,75.37778,2996.88889,36.88889,1.0,8.77778,154.22222,3450.87778,8.44444,482.84444,369.73333,13.44444,2.66667,17.45926,2.77778,23.03704,33.95556,ASC_0A_6
1407.05556,82.36667,94.95556,67.98519,2817.44444,37.22222,1.0,6.55556,135.11111,3272.54444,8.55556,428.73333,352.28889,6.55556,3.44444,10.6,4.66667,20.55556,42.73333,ASC_0A_7
1369.16667,70.25556,97.51111,71.68148,2931.22222,281.44444,1.0,6.55556,134.55556,3104.54444,8.07407,470.06667,331.95556,13.0,5.11111,18.20741,6.55556,14.88889,47.95556,ASC_0A_8
1328.05556,84.47778,108.84444,81.9037,2984.88889,102.88889,1.0,8.77778,152.55556,2941.98889,9.22222,488.62222,370.95556,10.33333,2.55556,5.6,4.66667,18.66667,38.4,ASC_0A_9
3298.86667,303.87778,250.65556,154.68889,6304.1,68.88889,1.44444,5.75556,510.04444,20940.26667,27.11111,992.97778,869.96667,22.64444,3.33333,6.95556,9.33333,127.4,195.44444,ASC_0B_0
3114.75556,293.87778,270.54444,131.35556,6479.21111,127.95556,1.22222,6.86667,497.37778,19715.71111,29.0,919.31111,975.85556,18.53333,1.77778,8.98519,13.33333,98.84444,193.66667,ASC_0B_1
2852.08889,333.21111,202.65556,115.28889,5803.98889,37.62222,1.11111,8.61111,498.6,18306.93333,29.0,797.08889,852.85556,18.53333,4.22222,9.12593,10.33333,99.17778,177.88889,ASC_0B_2
2692.42222,258.54444,194.87778,120.51111,5562.65556,14.2,1.0,3.37778,398.6,15517.15556,22.88889,725.42222,745.96667,14.75556,10.11111,5.06667,18.22222,60.28889,155.77778,ASC_0B_3
2478.08889,226.21111,164.54444,86.04444,4662.21111,4.24444,1.0,4.48889,351.48889,12880.37778,19.77778,639.31111,571.41111,16.64444,2.55556,9.87407,4.77778,37.73333,139.44444,ASC_0B_4
2058.53333,172.65556,138.54444,57.08889,3996.43333,10.08889,1.0,9.24444,291.15556,10365.37778,16.33333,534.42222,441.3,9.53333,1.77778,3.17778,2.88889,34.28889,98.22222,ASC_0B_5
2219.97778,199.98889,116.76667,121.13333,3879.98889,167.93333,1.0,7.97778,339.26667,8843.26667,14.55556,472.86667,495.52222,8.53333,3.33333,8.98519,7.44444,21.06667,78.22222,ASC_0B_6
2053.31111,187.98889,114.65556,85.02222,3680.76667,1.0,1.0,13.43333,338.6,8129.82222,17.22222,463.64444,479.96667,7.42222,3.44444,9.68148,6.77778,11.71852,88.11111,ASC_0B_7
1973.64444,191.98889,110.21111,63.84444,3118.43333,1.0,1.11111,1.63333,307.26667,7725.6,12.66667,440.2,457.18889,7.42222,2.66667,2.75556,1.0,9.28889,73.77778,ASC_0B_8
1875.53333,182.76667,98.98889,56.17778,3005.43333,2.62222,1.0,3.53333,270.26667,7279.6,13.55556,384.2,426.85556,6.31111,1.0,5.51111,3.77778,7.72593,70.11111,ASC_0B_9
4658.12222,173.18889,177.72222,203.62222,4552.53333,161.02222,1.1,5.44444,325.77778,8925.75556,12.9,687.5,531.68889,97.06667,2.55556,11.68889,4.77778,13.64444,126.73333,ASC_0C_0
4961.45556,185.52222,191.83333,190.95556,4923.64444,97.84444,1.63333,8.88889,366.77778,8542.64444,16.9,772.27778,575.68889,103.62222,6.66667,20.31111,3.66667,18.86667,136.95556,ASC_0C_1
4568.67778,169.18889,187.5,152.17778,4349.08889,99.46667,1.42222,6.66667,363.66667,8280.31111,16.56667,732.83333,593.57778,41.95556,6.77778,15.51111,4.66667,14.75556,151.17778,ASC_0C_2
5205.23333,179.18889,187.72222,175.4,5091.64444,108.42222,1.62222,11.22222,346.44444,8107.31111,15.23333,860.94444,558.46667,36.73333,3.44444,15.51111,3.77778,16.97778,133.84444,ASC_0C_3
4346.45556,180.18889,191.05556,185.62222,4617.31111,139.31111,1.0,5.44444,332.0,7766.31111,13.12222,661.72222,528.46667,65.95556,2.66667,15.51111,1.88889,16.2,132.06667,ASC_0C_4
4384.23333,178.41111,154.38889,177.73333,4599.75556,329.71111,1.2,8.77778,289.44444,7482.53333,14.56667,733.61111,479.57778,24.51111,2.66667,11.53333,2.88889,18.08889,132.73333,ASC_0C_5
4635.01111,192.41111,167.61111,211.51111,4443.31111,362.24444,1.0,7.66667,256.44444,7236.08889,12.9,644.38889,487.91111,43.06667,1.77778,12.17778,7.66667,16.97778,116.28889,ASC_0C_6
4893.9,157.3,171.16667,185.73333,4980.08889,319.48889,1.0,8.77778,298.44444,7031.31111,14.12222,736.05556,526.91111,44.84444,2.55556,18.28889,3.66667,14.75556,128.84444,ASC_0C_7
4258.23333,175.3,161.16667,154.73333,4042.53333,72.93333,1.0,5.44444,268.77778,6821.64444,12.12222,587.5,493.13333,46.06667,5.11111,4.0,5.66667,13.97778,126.73333,ASC_0C_8
4454.01111,160.18889,165.83333,131.62222,4318.08889,152.8,1.1,7.66667,285.55556,6632.75556,9.17037,610.5,451.68889,59.17778,2.66667,9.15556,1.88889,9.97778,114.73333,ASC_0C_9
1257.64444,78.86667,45.61111,25.48889,853.12222,6.71481,1.0,2.02963,12.38889,790.47778,1.0,48.61111,42.5,1.4,1.0,2.11111,1.0,1.66667,30.3,ASC_10A_0
1325.31111,74.86667,44.05556,60.65926,891.34444,6.20741,1.0,3.14074,14.5,712.14444,1.1037,48.94444,41.16667,1.63333,1.0,1.33333,1.0,1.88889,23.85556,ASC_10A_1
1412.42222,78.97778,69.72222,50.67407,914.56667,186.19259,1.11111,3.14074,19.94444,664.7,1.0,64.16667,39.16667,1.1,1.0,2.11111,1.0,1.88889,27.18889,ASC_10A_2
1397.53333,80.75556,53.38889,74.35556,914.34444,100.25556,1.0,3.14074,17.94444,638.03333,1.0,53.94444,38.38889,1.1,1.0,2.11111,1.88889,1.0,36.96667,ASC_10A_3
1330.75556,78.08889,46.61111,10.5037,887.9,83.41481,1.0,4.08889,13.83333,638.03333,1.0,65.16667,50.16667,1.63333,1.0,3.22222,1.0,2.44444,21.52222,ASC_10A_4
1227.2,73.86667,49.94444,31.51852,765.34444,14.42963,1.0,6.5037,15.61111,606.7,1.20741,58.38889,35.5,1.2,1.0,2.88889,1.0,1.44444,29.74444,ASC_10A_5
1275.75556,76.86667,50.83333,47.42222,809.9,67.87407,1.0,4.17037,16.61111,591.03333,1.0,56.94444,33.38889,1.3,1.0,3.66667,2.88889,1.0,34.96667,ASC_10A_6
1299.31111,75.86667,51.27778,34.64444,835.23333,136.85926,1.11111,6.22963,14.5,564.92222,1.0,48.94444,36.94444,1.2,1.0,4.66667,1.0,1.22222,30.96667,ASC_10A_7
1354.97778,72.86667,50.38889,45.56296,876.9,2.6037,1.0,4.36296,22.27778,544.03333,1.1037,60.27778,35.38889,1.3,1.0,1.0,1.0,1.88889,25.3,ASC_10A_8
1169.53333,56.51111,63.16667,39.64444,749.67778,12.42963,1.22222,1.0,16.83333,544.03333,1.1037,51.94444,22.61111,1.4,1.0,3.55556,5.77778,1.22222,40.41111,ASC_10A_9
936.8,40.31111,61.63333,81.22222,810.77778,12.77778,1.0,3.22222,23.02222,844.3,1.0,110.04444,35.22222,17.55556,1.0,2.0,1.0,1.22222,48.98889,ASC_10B_0
976.91111,38.84444,61.85556,45.22222,968.55556,17.0,1.0,4.33333,20.8,755.41111,1.0,100.04444,30.22222,9.88889,1.0,2.44444,1.0,1.88889,51.43333,ASC_10B_1
976.8,31.24444,58.41111,65.88889,798.66667,14.77778,1.0,10.22222,16.13333,655.3,1.1037,84.48889,31.22222,12.0,1.0,1.66667,1.0,1.0,41.1,ASC_10B_2
1171.46667,50.64444,69.52222,72.96296,1337.66667,10.88889,1.0,7.66667,19.46667,608.3,1.0,94.82222,38.22222,15.77778,1.0,2.44444,1.0,1.66667,54.54444,ASC_10B_3
1223.46667,62.75556,84.96667,58.62963,1472.11111,5.0,1.0,3.22222,16.57778,561.3,1.0,110.48889,40.77778,5.0,1.0,1.33333,1.0,1.44444,54.98889,ASC_10B_4
974.35556,43.84444,61.96667,47.77778,965.22222,138.11111,1.0,18.11111,12.91111,545.63333,1.0,85.15556,26.0,8.66667,1.0,2.44444,1.88889,1.0,53.65556,ASC_10B_5
1170.02222,46.42222,62.74444,65.37037,1059.88889,18.55556,1.0,2.11111,14.24444,477.74444,1.0,101.37778,29.55556,3.44444,1.0,4.88889,1.0,1.22222,58.32222,ASC_10B_6
900.35556,47.95556,67.18889,53.2963,805.11111,60.0,1.0,3.22222,11.8,467.3,1.0,98.82222,25.88889,7.11111,1.0,3.55556,1.88889,1.22222,39.32222,ASC_10B_7
1022.8,40.84444,61.85556,47.77778,1027.22222,109.22222,1.0,14.66667,11.35556,467.3,1.0,83.82222,26.77778,6.77778,1.0,5.77778,1.88889,1.22222,45.43333,ASC_10B_8
1109.68889,53.53333,82.3,50.14815,1218.0,13.11111,1.11111,9.88889,15.35556,467.3,1.0,116.48889,35.88889,6.44444,1.0,4.11111,1.88889,1.66667,47.76667,ASC_10B_9
1332.82222,31.2,84.05556,31.42222,1428.06667,15.0,1.0,6.37778,23.9,625.05556,1.0,168.52222,37.55556,12.55556,1.0,3.25926,1.0,1.0,82.25556,ASC_10C_0
1139.37778,37.68889,105.05556,41.7037,1051.17778,11.11111,1.1037,6.37778,20.56667,551.83333,1.11111,163.52222,41.88889,5.88889,1.0,6.22222,1.0,4.22222,98.47778,ASC_10C_1
1228.15556,46.42222,93.72222,31.48148,1312.62222,2.88889,1.0,1.78889,18.45556,536.16667,1.0,151.63333,35.88889,1.77778,1.0,3.07407,3.77778,1.88889,72.58889,ASC_10C_2
1205.6,56.04444,69.72222,36.42222,990.73333,6.88889,1.0,7.16667,23.12222,494.38889,1.0,132.18889,26.77778,5.44444,1.0,4.51852,3.77778,2.33333,76.25556,ASC_10C_3
1384.6,58.93333,87.61111,74.91111,1171.73333,13.11111,1.0,3.36667,27.78889,457.83333,1.0,151.96667,30.33333,2.55556,1.0,1.37037,1.88889,1.0,71.36667,ASC_10C_4
1244.37778,52.93333,71.61111,47.0963,1302.4,19.22222,1.0,4.15556,21.01111,442.16667,1.11111,129.18889,26.77778,2.11111,1.77778,3.18519,1.88889,1.22222,78.25556,ASC_10C_5
1166.48889,37.71111,71.38889,56.91852,1058.4,6.88889,1.0,1.0,24.78889,442.16667,1.0,120.96667,24.44444,1.11111,1.0,2.88889,3.77778,1.44444,59.47778,ASC_10C_6
1032.71111,36.82222,67.05556,46.86667,1043.62222,2.88889,1.0,4.8,19.23333,421.27778,1.0,130.07778,22.22222,1.0,1.0,2.44444,2.88889,1.0,90.36667,ASC_10C_7
1101.71111,56.93333,74.5,49.48148,962.73333,9.11111,1.0,4.47778,21.34444,395.16667,1.0,101.63333,22.22222,1.77778,1.0,3.7037,4.88889,1.22222,59.47778,ASC_10C_8
1123.82222,34.2,65.38889,31.25185,1064.51111,1.0,1.20741,2.9,20.23333,363.16667,1.11111,117.41111,24.0,1.22222,1.0,2.0,1.88889,1.22222,70.81111,ASC_10C_9
2862.72222,55.04444,320.86667,118.08889,2351.98889,1.0,1.0,4.99259,101.18889,1251.75556,2.68889,431.58889,118.32222,1.53704,1.77778,5.34815,1.0,2.11111,63.58889,ASC_11A_0
2404.16667,30.6,327.86667,92.80741,2352.21111,10.88889,1.0,6.54074,104.41111,1109.86667,2.37778,380.81111,123.87778,1.42963,1.0,6.48889,2.77778,2.55556,64.7,ASC_11A_1
2495.38889,38.75556,299.42222,81.97778,2162.76667,2.88889,1.0,6.54074,94.74444,1015.86667,2.57778,374.14444,111.87778,1.76296,1.0,2.96296,1.0,1.88889,52.92222,ASC_11A_2
2715.83333,45.93333,296.86667,90.63704,2271.54444,1.0,1.0,1.82963,100.41111,968.86667,2.28889,381.92222,110.76667,1.21481,1.0,3.85185,1.0,1.88889,50.7,ASC_11A_3
2411.27778,55.15556,269.75556,98.52593,2095.1,1.0,1.0963,3.77037,88.52222,900.2,3.26667,340.47778,112.65556,1.32222,1.77778,2.94074,1.0,2.11111,58.14444,ASC_11A_4
2482.05556,42.93333,270.08889,57.57778,2070.76667,6.66667,1.0,5.42963,88.85556,821.64444,2.64444,332.7,122.54444,1.54815,1.0,3.85185,1.0,3.22222,47.81111,ASC_11A_5
2405.05556,34.75556,286.75556,57.68889,2050.43333,1.0,1.0963,6.82222,86.41111,795.53333,2.42222,353.25556,92.98889,1.10741,1.0,3.85185,1.0,1.66667,41.81111,ASC_11A_6
1966.61111,38.97778,252.86667,102.64444,1513.54444,17.0,1.0,1.82963,69.96667,779.86667,2.53333,294.7,86.43333,1.54815,1.0,1.60741,1.0,1.22222,39.47778,ASC_11A_7
1853.72222,40.71111,253.42222,61.91852,1788.54444,13.22222,1.0,1.82963,69.3,711.97778,1.86667,311.81111,86.76667,2.76667,1.0,2.8,1.0,1.44444,46.47778,ASC_11A_8
1803.27778,34.86667,259.53333,82.25185,1853.21111,2.88889,1.0,2.65926,72.74444,701.53333,1.88889,313.36667,85.98889,1.42963,1.0,4.2963,2.88889,3.44444,44.47778,ASC_11A_9
1687.36667,65.45556,295.96667,91.46667,1874.43333,1.0,1.0,3.22222,100.06667,928.23333,3.38519,388.54444,113.26667,1.88889,1.0,31.77778,1.0,2.11111,79.64444,ASC_11B_0
1706.47778,55.34444,297.3,58.41481,1913.98889,1.0,1.0,7.66667,102.95556,807.67778,2.72593,411.87778,114.26667,6.44444,1.0,36.0,1.0,3.22222,79.2,ASC_11B_1
1806.81111,52.23333,287.41111,58.52593,1884.98889,9.11111,1.0,5.55556,86.84444,734.56667,2.06667,384.54444,104.04444,9.88889,1.0,52.66667,1.88889,2.11111,81.86667,ASC_11B_2
1764.58889,46.12222,296.3,34.37037,1756.32222,2.88889,1.0,5.44444,87.4,718.9,2.5037,363.54444,110.37778,7.33333,1.0,27.77778,2.88889,2.33333,71.2,ASC_11B_3
1727.14444,65.56667,285.85556,29.65185,1816.43333,9.11111,1.0,1.0,86.84444,639.56667,2.4963,395.65556,112.6,11.55556,1.0,50.0,15.77778,1.44444,75.08889,ASC_11B_4
1627.58889,60.45556,268.18889,26.08889,1855.65556,17.33333,1.0,3.22222,86.28889,639.56667,2.2963,331.98889,94.93333,6.66667,1.0,27.55556,1.0,2.33333,75.64444,ASC_11B_5
1781.7,45.46667,265.96667,38.97778,1647.76667,2.88889,1.0,4.33333,74.73333,597.78889,2.39259,353.32222,94.26667,4.66667,1.0,22.77778,7.77778,1.44444,57.2,ASC_11B_6
1472.7,43.01111,255.18889,50.74815,1691.98889,5.0,1.0,6.55556,80.06667,556.01111,2.39259,319.43333,99.71111,9.11111,1.0,75.33333,1.88889,1.66667,81.53333,ASC_11B_7
1547.7,50.34444,283.63333,76.74815,1812.32222,2.88889,1.0,6.55556,86.28889,545.56667,1.85926,337.65556,90.48889,8.0,1.0,24.11111,1.0,1.22222,100.97778,ASC_11B_8
1399.03333,56.45556,220.85556,41.02963,1802.65556,5.0,1.0,1.0,58.84444,545.56667,1.85926,279.1,68.6,1.22222,1.0,3.55556,1.0,1.0,69.53333,ASC_11B_9
1837.78889,68.77778,308.71111,38.35185,1581.16667,1.0,1.0,1.0,81.24444,1033.82222,2.11111,303.46667,87.88889,1.66667,1.0,1.60741,1.0,2.55556,45.65556,ASC_11C_0
1907.23333,66.66667,298.26667,25.35185,1706.05556,1.0,1.0,5.2,76.57778,917.93333,2.2037,348.91111,93.66667,1.55556,1.0,4.85185,1.0,2.55556,36.87778,ASC_11C_1
2011.01111,70.66667,261.04444,53.78148,1872.5,2.88889,1.0,4.17037,92.46667,865.71111,3.07407,364.13333,125.55556,1.22222,1.0,3.24444,1.0,1.66667,28.54444,ASC_11C_2
1881.45556,75.88889,258.15556,38.22593,1650.27778,8.77778,1.0,2.02963,87.24444,823.93333,3.09259,306.91111,113.0,1.0,1.77778,3.1037,1.0,1.0,33.1,ASC_11C_3
1922.56667,51.88889,250.26667,28.03333,1800.38889,2.88889,1.0,7.34074,87.68889,776.93333,2.33333,342.8,105.11111,1.55556,1.0,1.74815,1.0,1.22222,32.54444,ASC_11C_4
1811.56667,65.55556,252.37778,52.62222,1571.16667,1.0,1.0,1.0,73.57778,729.93333,1.66667,326.02222,111.22222,1.33333,1.77778,4.1037,1.0,2.33333,28.43333,ASC_11C_5
1730.56667,60.44444,234.15556,23.95556,1470.94444,5.0,1.0,1.0,74.24444,709.04444,1.92593,276.8,85.11111,1.11111,1.0,5.93333,1.0,2.66667,32.76667,ASC_11C_6
1701.56667,65.55556,232.71111,44.73333,1481.94444,1.0,1.0,7.34074,82.02222,672.26667,1.53704,292.46667,95.88889,1.0,1.0,3.1037,1.0,1.22222,22.1,ASC_11C_7
1538.67778,55.44444,194.71111,61.44815,1383.38889,6.88889,1.0,5.2,62.68889,634.93333,1.72222,237.24444,84.11111,1.22222,1.0,2.35556,1.0,1.0,25.32222,ASC_11C_8
1741.01111,69.77778,230.15556,43.46296,1640.16667,1.0,1.0,3.05926,77.46667,634.93333,2.24074,323.02222,87.55556,1.33333,1.0,2.8,1.0,1.22222,19.87778,ASC_11C_9
1834.4,122.71111,173.3,78.2,1534.58889,515.53333,1.1037,2.11111,19.25556,979.37778,1.11111,156.55556,144.22222,2.16296,1.0,6.34815,1.0,1.0,96.26667,ASC_12A_0
1850.28889,185.37778,120.96667,67.97778,1462.47778,583.06667,1.21481,7.66667,23.92222,910.93333,1.11111,167.33333,211.11111,1.0,1.0,4.15556,1.88889,1.0,67.6,ASC_12A_1
1885.95556,203.6,129.74444,80.97778,1475.47778,475.13333,1.1037,9.88889,18.25556,863.48889,1.0,144.22222,213.22222,3.03704,1.0,6.37778,1.88889,1.84444,65.71111,ASC_12A_2
1486.73333,149.04444,100.3,88.3,1330.03333,434.24444,1.21481,5.44444,20.47778,795.6,1.11111,142.22222,92.33333,1.0,1.0,5.2963,1.0,2.64444,62.26667,ASC_12A_3
1816.62222,234.82222,120.74444,71.1,1547.7,536.68889,1.0,4.33333,20.81111,764.26667,1.0,145.77778,144.88889,2.06667,1.0,7.48889,1.0,1.0,61.82222,ASC_12A_4
1587.4,104.6,102.18889,62.97778,1240.47778,37.57778,1.1037,5.55556,23.36667,722.48889,1.0,191.55556,48.88889,1.31852,1.0,12.74074,1.0,2.07778,65.48889,ASC_12A_5
1637.17778,100.08889,113.85556,44.52222,1320.03333,431.77778,1.0,3.22222,16.03333,685.93333,1.11111,147.22222,45.88889,2.48148,1.0,5.74074,2.88889,1.86667,74.15556,ASC_12A_6
1775.28889,97.48889,116.85556,57.98889,1370.47778,41.57778,1.0,7.66667,21.36667,675.48889,1.11111,158.11111,48.66667,1.73333,1.0,4.40741,1.0,1.42222,67.82222,ASC_12A_7
1431.17778,187.26667,103.18889,49.74444,1105.25556,295.17778,1.1037,8.77778,18.03333,622.93333,1.11111,151.66667,62.11111,1.31852,1.77778,2.4963,1.88889,2.28889,34.94074,ASC_12A_8
1504.17778,114.71111,106.63333,51.61111,1160.25556,724.71111,1.0,5.44444,22.14444,590.93333,1.0,144.88889,86.33333,2.16296,1.77778,5.74074,1.88889,1.0,41.71111,ASC_12A_9
7467.31111,83.17778,63.97778,285.02963,791.5,57.88889,1.0,1.0,11.16667,994.35556,1.1037,136.82222,43.24444,2.53333,1.0,8.42963,1.0,1.44444,19.83333,ASC_12B_0
8393.97778,81.35556,72.08889,249.64444,879.05556,64.22222,1.0,1.0,14.16667,868.46667,1.20741,157.37778,43.91111,4.74074,1.0,5.74074,1.0,1.22222,14.72222,ASC_12B_1
9316.42222,105.06667,61.31111,311.86667,849.38889,66.33333,1.0,4.33333,10.27778,768.8,1.0,139.37778,40.13333,3.07407,1.0,3.99259,1.0,1.0,14.11111,ASC_12B_2
8800.31111,90.24444,63.31111,262.64444,871.16667,64.22222,1.0,2.11111,12.16667,706.13333,1.0,154.82222,48.35556,2.52593,1.0,3.35556,1.0,1.0,20.94444,ASC_12B_3
11583.53333,93.28889,72.53333,347.75556,983.5,6.88889,1.0,2.11111,8.61111,659.13333,1.0,155.6,49.68889,3.08148,1.0,2.35556,1.0,1.0,25.38889,ASC_12B_4
9819.42222,101.28889,73.97778,242.08889,885.61111,8.77778,1.0,1.0,13.27778,659.13333,1.0,156.82222,45.91111,2.63704,1.0,2.35556,1.0,1.22222,18.38889,ASC_12B_5
9320.08889,109.28889,67.53333,309.2,909.16667,6.88889,1.11111,3.22222,12.27778,627.8,1.0,173.48889,42.35556,2.52593,1.0,2.05185,1.0,1.66667,22.5,ASC_12B_6
9244.97778,94.17778,69.75556,275.53333,856.94444,14.88889,1.11111,1.0,11.94444,601.46667,1.1037,143.04444,45.57778,4.5037,1.0,2.05185,1.0,1.0,16.66667,ASC_12B_7
10078.53333,91.17778,77.53333,329.75556,919.61111,9.0,1.11111,2.11111,11.94444,564.13333,1.0,163.15556,57.02222,2.3037,1.0,2.94074,1.0,1.22222,23.05556,ASC_12B_8
6700.75556,59.91111,70.86667,223.97778,777.94444,20.77778,1.0,3.22222,9.05556,564.13333,1.1037,145.15556,43.68889,1.97778,1.0,1.3037,1.78889,1.22222,22.05556,ASC_12B_9
1497.0,63.75556,133.5,47.91111,1212.97778,29.44444,1.1037,1.0,22.03333,805.03333,1.1037,134.66667,42.71111,1.33333,1.0,7.13333,7.77778,2.33333,58.23333,ASC_12C_0
1620.11111,70.95556,109.61111,39.52593,1249.42222,107.33333,1.0,4.33333,22.7,721.47778,1.0,130.66667,42.71111,1.11111,1.0,6.4,1.0,1.88889,33.78889,ASC_12C_1
1383.66667,55.64444,99.05556,42.8,1112.42222,8.77778,1.1037,1.0,22.36667,684.92222,1.1037,128.77778,39.26667,1.22222,1.0,5.4,1.88889,3.0,40.34444,ASC_12C_2
1598.33333,60.64444,102.05556,50.57778,1225.64444,9.0,1.0,2.11111,24.58889,637.36667,1.20741,135.66667,44.82222,1.0,1.0,5.82222,1.0,1.66667,42.01111,ASC_12C_3
1370.22222,57.64444,98.61111,20.00741,1006.08889,37.55556,1.0,2.11111,17.7,616.03333,1.1037,120.22222,39.48889,1.66667,1.0,3.33333,1.0,3.22222,30.56667,ASC_12C_4
1568.66667,79.75556,120.72222,52.91111,1142.53333,19.22222,1.0,1.0,21.7,616.03333,1.1037,137.11111,38.48889,1.11111,1.0,3.04444,5.77778,1.66667,39.56667,ASC_12C_5
1598.88889,59.75556,92.83333,102.2,1190.97778,9.0,1.0,1.0,19.14444,610.81111,1.20741,99.33333,31.71111,1.77778,1.0,2.46667,1.0,1.0,31.9,ASC_12C_6
1482.11111,59.53333,88.38889,66.80741,1124.75556,6.88889,1.0,2.11111,19.03333,569.03333,1.31111,116.88889,35.15556,1.33333,1.0,2.31111,3.88889,1.66667,24.34444,ASC_12C_7
1432.22222,65.86667,104.72222,28.07407,1077.2,103.11111,1.0,1.0,18.47778,532.47778,1.0,117.66667,30.48889,1.0,1.0,5.08889,1.88889,1.0,33.23333,ASC_12C_8
1447.11111,59.95556,100.27778,58.53333,1078.97778,43.44444,1.0,2.11111,20.58889,522.03333,1.0,117.44444,25.93333,1.11111,1.0,2.88889,1.0,2.77778,38.12222,ASC_12C_9
1099.37778,34.0,45.85556,59.21111,956.44444,419.44444,1.11111,3.05926,4.40741,774.73333,1.0,3.24444,13.77778,48.0,1.0,1.74815,1.0,1.0,1.0963,ASC_13A_0
1202.04444,34.5,37.96667,65.36667,1066.55556,536.44444,1.0,2.02963,8.18519,575.4,1.22222,2.33333,24.33333,35.11111,1.0,1.60741,1.0,1.22222,1.0,ASC_13A_1
1349.15556,47.11111,44.18889,90.92222,1033.22222,355.44444,1.11111,4.17037,3.11111,450.06667,1.0,2.6,64.44444,23.88889,1.0,1.3037,1.0,1.22222,1.19259,ASC_13A_2
1138.48889,23.16667,22.85556,37.02222,888.55556,236.33333,1.0,6.22963,2.92593,376.17778,1.0,1.73333,32.55556,12.11111,1.0,1.0,1.0,1.0,1.0,ASC_13A_3
1206.48889,29.77778,29.52593,43.87778,981.66667,238.88889,1.0,3.05926,5.25926,292.4,1.0,1.53333,51.0,13.55556,1.0,1.3037,1.88889,1.0,1.0,ASC_13A_4
1218.04444,35.0,27.74444,51.54444,1033.77778,382.33333,1.0,5.2,4.92593,271.51111,1.11111,1.4,52.55556,18.0,1.0,1.3037,1.0,1.0,1.0,ASC_13A_5
1017.48889,19.33333,18.19259,29.35556,824.0,125.77778,1.0,2.02963,1.85185,208.84444,1.0,1.0,9.0,11.55556,1.0,2.05185,1.0,1.22222,1.0,ASC_13A_6
942.37778,11.88889,13.96667,37.13333,850.55556,51.77778,1.0,4.17037,2.18519,182.73333,1.0,1.2,6.11111,7.66667,1.0,1.0,1.0,1.0,1.0,ASC_13A_7
1491.6,20.72222,14.74444,25.05556,1209.44444,62.11111,1.0,2.02963,2.22222,182.73333,1.0,1.4,2.66667,7.11111,1.0,1.60741,2.88889,1.0,1.28889,ASC_13A_8
1167.71111,25.61111,12.52222,42.13333,1034.22222,6.88889,1.0,1.0,2.55556,182.73333,1.0,1.6,4.33333,4.88889,1.0,1.0,1.0,1.0,1.0963,ASC_13A_9
1373.28889,25.35556,213.17778,38.9,1281.53333,13.11111,1.0,2.11111,45.81111,496.93333,2.4,328.53333,90.33333,1.0,1.0,5.22222,1.0,1.88889,48.08889,ASC_13B_0
1190.28889,48.31111,195.62222,37.4037,1105.42222,39.66667,1.0,3.22222,41.14444,434.26667,1.52593,302.2,68.33333,3.77778,1.0,3.11111,1.0,2.0,43.02963,ASC_13B_1
1421.4,61.04444,194.95556,53.42963,1340.53333,27.22222,1.0,3.22222,45.03333,408.15556,1.84444,288.97778,86.55556,3.22222,1.0,7.77778,1.0,1.0,42.64444,ASC_13B_2
1153.28889,45.04444,163.73333,32.18148,1151.31111,29.44444,1.11111,3.22222,39.36667,355.26667,1.73333,279.86667,70.48148,1.77778,1.0,4.55556,2.77778,1.22222,35.31111,ASC_13B_3
1210.62222,40.08889,195.73333,61.31852,1133.86667,6.66667,1.0,3.22222,42.14444,339.26667,1.85185,322.31111,77.33333,4.0,1.0,3.22222,1.0,2.33333,37.42222,ASC_13B_4
1203.95556,36.82222,186.4,46.93333,1150.75556,84.66667,1.0,5.44444,34.7,339.26667,1.20741,297.75556,77.88889,3.11111,1.0,2.11111,1.0,1.22222,36.08889,ASC_13B_5
1353.17778,54.93333,201.62222,29.62593,1319.31111,175.22222,1.0,4.33333,46.03333,339.26667,1.74074,330.2,68.77778,3.11111,1.77778,5.44444,1.0,1.22222,47.53333,ASC_13B_6
1021.95556,32.08889,156.06667,45.76296,960.2,12.77778,1.0,3.22222,24.47778,292.26667,1.74815,267.97778,60.33333,2.55556,1.0,3.66667,1.0,2.11111,38.53333,ASC_13B_7
1144.06667,33.2,170.06667,37.29259,1119.75556,25.11111,1.0,4.33333,43.58889,292.26667,1.1037,275.97778,76.66667,1.44444,1.0,4.44444,1.0,2.11111,34.86667,ASC_13B_8
947.17778,36.06667,118.95556,37.29259,873.08889,49.88889,1.0,3.22222,35.21481,255.71111,1.1037,208.86667,53.22222,1.22222,1.77778,3.22222,1.0,1.22222,31.2,ASC_13B_9
1738.46667,66.64444,227.87778,70.51481,1621.84444,2.88889,1.0,3.22222,55.44444,1011.88889,1.28889,245.33333,53.43333,3.77778,1.0,5.66667,2.88889,2.55556,43.74444,ASC_13C_0
1673.24444,90.1,202.87778,28.26667,1488.28889,13.22222,1.0,5.44444,46.11111,906.44444,1.68889,241.0,47.54444,4.44444,1.0,3.66667,1.88889,1.22222,35.96667,ASC_13C_1
1666.46667,83.98889,288.76667,48.54074,1567.84444,2.88889,1.0,5.44444,63.22222,828.11111,1.57778,314.88889,67.98889,1.88889,1.0,5.88889,1.88889,2.11111,54.96667,ASC_13C_2
1665.13333,79.87778,226.87778,44.84815,1516.51111,15.11111,1.0,3.22222,50.33333,739.33333,1.64444,267.33333,55.65556,2.33333,1.77778,6.33333,1.88889,2.55556,40.07778,ASC_13C_3
1591.13333,70.98889,225.98889,62.84815,1491.73333,13.22222,1.0,5.44444,49.77778,708.0,1.46667,267.55556,54.1,2.66667,1.0,4.66667,1.0,1.88889,31.74444,ASC_13C_4
1828.24444,75.54444,194.21111,33.48889,1514.95556,12.88889,1.0,2.11111,43.88889,660.33333,1.57778,244.77778,52.76667,2.0,1.77778,5.77778,1.0,2.11111,31.18889,ASC_13C_5
1470.91111,78.98889,223.21111,42.18148,1383.51111,1.0,1.0,1.0,47.66667,644.33333,1.88889,242.11111,50.98889,4.55556,1.0,7.33333,1.0,2.11111,41.63333,ASC_13C_6
1496.13333,84.98889,281.87778,39.62593,1483.17778,1.0,1.0,5.44444,56.11111,639.11111,2.28889,278.11111,66.38519,4.44444,1.0,6.22222,1.88889,2.55556,50.26667,ASC_13C_7
1654.91111,104.1,248.98889,80.34444,1569.17778,4.77778,1.0,3.22222,51.55556,560.77778,1.57778,284.88889,60.65556,2.22222,1.0,3.22222,1.0,3.22222,39.41111,ASC_13C_8
1608.02222,65.53333,208.76667,76.76296,1508.4,1.0,1.0,3.22222,50.55556,550.33333,1.77778,206.44444,49.98889,4.55556,1.0,2.44444,1.0,1.44444,34.3,ASC_13C_9
2468.67778,773.12222,132.71111,565.25556,4015.16667,1.0,1.0,4.00741,598.1,4163.71111,18.77778,259.82222,910.84444,5.55556,1.77778,1.77778,1.0,7.66667,7.42222,ASC_14A_0
2320.67778,741.9,71.26667,557.47778,3724.16667,18.55556,1.0,1.94815,615.65556,3880.71111,17.88889,209.37778,833.28889,2.33333,1.0,2.0,1.0,3.55556,4.88148,ASC_14A_1
2150.9,747.12222,66.48889,521.58889,3515.27778,28.88889,1.0,1.94815,555.87778,3351.15556,17.77778,139.71111,761.28889,1.11111,2.66667,2.11111,1.0,7.0,4.02222,ASC_14A_2
2138.12222,671.23333,97.6,575.7,3538.27778,49.51111,1.0,1.94815,490.98889,3146.48889,18.33333,147.71111,695.62222,2.44444,2.55556,2.11111,1.0,5.44444,5.32593,ASC_14A_3
2226.01111,701.56667,77.26667,405.58889,3613.05556,8.57778,1.0,3.05926,496.76667,3046.82222,15.11111,119.04444,665.17778,1.55556,2.55556,1.33333,1.88889,6.11111,4.34074,ASC_14A_4
2204.45556,698.45556,82.71111,475.14444,3605.38889,10.68889,1.0,3.84444,501.65556,2920.82222,14.44444,147.82222,732.62222,1.33333,1.0,1.33333,4.66667,4.88889,3.57778,ASC_14A_5
2117.34444,647.12222,54.37778,428.7,3369.83333,6.75556,1.0,1.94815,479.21111,2773.93333,13.33333,217.04444,631.06667,1.22222,1.0,1.77778,4.66667,3.77778,7.1037,ASC_14A_6
2092.12222,605.67778,64.15556,495.81111,3554.16667,4.93333,1.0,1.0,456.87778,2653.48889,15.22222,141.6,631.84444,1.22222,1.0,1.66667,1.0,3.77778,5.43704,ASC_14A_7
2127.34444,561.01111,68.48889,485.58889,3304.05556,31.06667,1.0,2.8963,461.54444,2559.37778,13.66667,118.82222,617.95556,1.77778,1.0,1.0,2.77778,3.44444,4.21481,ASC_14A_8
2012.9,482.34444,56.93333,402.92222,3110.27778,16.51111,1.0,1.94815,412.76667,2401.82222,11.0,166.71111,592.62222,1.77778,1.0,2.11111,1.0,3.66667,5.77037,ASC_14A_9
2274.58889,608.97778,91.26667,331.66667,3004.91111,285.97778,1.0,1.0,428.27778,2411.44444,16.08889,77.78889,569.62222,3.18889,1.77778,2.65926,1.88889,1.22222,9.46667,ASC_14B_0
1869.58889,434.31111,125.04444,341.88889,2622.02222,431.48889,1.0963,3.84444,346.72222,2154.55556,13.32593,69.9,457.95556,3.42222,1.77778,4.2963,1.0,1.88889,7.13333,ASC_14B_1
1517.58889,329.42222,97.6,207.88889,2045.02222,246.86667,1.0,6.06667,240.72222,1913.44444,7.68889,72.23333,301.62222,5.64444,1.0,1.3037,11.55556,1.0,6.46667,ASC_14B_2
1666.36667,390.64444,129.15556,259.33333,2362.91111,546.48889,1.0,9.07407,303.72222,1682.77778,11.75556,69.12222,396.51111,4.53333,1.0,3.54815,5.66667,1.66667,6.14074,ASC_14B_3
1559.03333,248.42222,210.37778,166.77778,1903.35556,747.17778,1.63704,1.94815,224.05556,1530.66667,7.37037,84.56667,248.95556,6.34074,1.0,3.40741,9.66667,1.0,5.58519,ASC_14B_4
1603.92222,262.75556,94.93333,254.11111,2072.91111,204.62222,1.0,6.34074,236.72222,1451.55556,8.88148,79.56667,314.51111,8.04815,1.0,4.01481,2.88889,1.66667,3.14074,ASC_14B_5
1423.25556,255.64444,54.6,212.77778,1913.02222,100.82222,1.0,1.94815,236.61111,1326.22222,8.1037,70.56667,311.17778,8.2,1.0,2.35556,1.0,1.66667,3.80741,ASC_14B_6
1375.25556,280.86667,350.93333,192.33333,1696.02222,82.53333,1.28889,1.94815,205.61111,1252.77778,6.88148,42.9,238.17778,8.86667,1.0,3.68889,13.33333,1.0,7.52593,ASC_14B_7
1844.47778,268.75556,72.37778,223.33333,2160.8,134.73333,1.0,1.94815,220.72222,1184.22222,5.1037,73.78889,285.06667,18.93704,1.0,2.05185,1.0,1.88889,4.58519,ASC_14B_8
1527.25556,274.64444,135.26667,166.55556,1687.57778,145.06667,1.52593,1.94815,193.94444,1121.55556,5.54815,53.12222,243.4,12.49259,1.77778,3.1037,2.88889,2.11111,4.80741,ASC_14B_9
2166.44444,437.83333,40.32222,436.88889,3066.97778,5.0,1.0,7.42222,353.08889,2848.67778,22.1,145.04444,707.57778,1.0,1.0,1.77778,1.0,4.55556,1.26667,ASC_15A_0
2287.55556,432.83333,53.32222,398.33333,3078.64444,10.88889,1.0,5.2,352.08889,2649.45556,18.43333,143.93333,639.24444,1.22222,4.22222,2.11111,1.0,3.66667,3.2,ASC_15A_1
2135.11111,396.27778,39.1,475.55556,2874.53333,31.33333,1.0,1.0,341.75556,2507.67778,19.76667,124.15556,672.02222,1.0,2.55556,2.77778,1.0,6.0,2.2,ASC_15A_2
2195.66667,412.5,45.32222,424.0,3042.64444,2.88889,1.0,7.34074,352.97778,2345.45556,20.87778,132.93333,698.35556,1.0,1.77778,1.33333,1.0,1.88889,3.2,ASC_15A_3
2220.44444,444.83333,55.65556,390.33333,2846.75556,298.22222,1.0,3.05926,311.42222,2135.9,14.65556,152.6,596.35556,2.77778,1.0,2.88889,1.0,3.44444,3.0,ASC_15A_4
2034.44444,397.27778,65.43333,346.66667,2806.86667,21.11111,1.08889,3.05926,312.53333,1978.23333,15.65556,160.48889,591.91111,1.0,1.77778,2.11111,1.0,4.0,3.4,ASC_15A_5
2227.66667,447.83333,71.21111,370.0,2927.31111,280.0,1.0,1.0,266.97778,1894.67778,14.76667,131.71111,533.57778,1.22222,1.0,1.0,1.0,4.11111,4.75556,ASC_15A_6
1916.33333,333.5,58.87778,318.33333,2608.97778,119.77778,1.0,2.02963,272.42222,1821.56667,14.76667,143.37778,545.46667,2.88889,1.0,3.0,1.0,5.88889,3.2,ASC_15A_7
1784.44444,335.61111,69.87778,282.33333,2451.86667,102.88889,1.0,3.05926,252.31111,1763.45556,13.98889,125.48889,466.68889,1.0,1.0,3.44444,1.0,5.66667,2.86667,ASC_15A_8
2016.11111,387.05556,68.32222,364.55556,2807.31111,286.11111,1.0,3.14074,283.64444,1700.45556,15.1,138.93333,552.68889,2.0,2.66667,2.11111,1.0,6.0,4.64444,ASC_15A_9
2687.53333,582.35556,127.05556,470.26667,4342.97778,610.85556,1.0,3.22222,353.85556,3124.42222,17.12222,274.0,628.68889,4.11111,1.77778,8.22222,3.77778,5.66667,7.35556,ASC_15B_0
2585.97778,525.68889,114.05556,398.04444,4246.97778,493.74444,1.0,4.33333,346.07778,2940.53333,17.23333,302.44444,593.8,3.11111,1.0,4.55556,6.66667,7.88889,8.48889,ASC_15B_1
2584.08889,530.8,138.61111,496.04444,4304.08889,902.52222,1.11111,12.11111,324.63333,2851.75556,16.34444,277.66667,627.46667,3.77778,1.0,9.11111,3.66667,4.77778,8.35556,ASC_15B_2
2470.97778,502.46667,107.94444,377.6,4044.2,678.52222,1.11111,6.55556,297.63333,2726.08889,16.56667,294.11111,583.57778,4.0,2.66667,3.22222,3.77778,7.11111,7.46667,ASC_15B_3
2511.2,499.35556,117.5,416.26667,4003.64444,436.18889,1.0,13.33333,286.41111,2667.97778,14.78889,244.44444,546.8,5.66667,5.11111,5.22222,8.44444,6.66667,8.46667,ASC_15B_4
2422.08889,485.46667,106.5,462.6,4047.75556,391.07778,1.0,4.33333,313.96667,2573.97778,14.23333,262.55556,589.35556,3.55556,1.0,4.11111,5.55556,5.0,7.13333,ASC_15B_5
2556.75556,449.02222,93.94444,416.26667,4103.42222,610.85556,1.0,6.55556,307.41111,2500.86667,16.9,230.44444,571.68889,8.11111,3.44444,5.22222,4.66667,3.88889,4.91111,ASC_15B_6
2164.86667,490.46667,102.94444,421.48889,3717.42222,347.63333,1.0,3.22222,291.74444,2474.2,12.9,226.66667,533.46667,1.22222,2.66667,2.44444,3.77778,4.44444,5.28889,ASC_15B_7
2153.86667,491.46667,82.83333,377.37778,3474.86667,629.41111,1.0,6.55556,258.18889,2405.86667,15.23333,237.22222,524.91111,3.11111,1.0,4.0,1.88889,4.22222,6.15556,ASC_15B_8
2345.97778,409.68889,87.05556,341.6,3650.31111,506.63704,1.33333,2.11111,266.63333,2384.97778,12.12222,232.33333,475.46667,1.77778,1.0,6.22222,1.88889,2.55556,6.46667,ASC_15B_9
1739.94444,187.07778,154.44444,232.94444,2507.8,26.44444,1.0,2.11111,191.38889,5916.97778,14.57778,201.06667,930.91111,1.88889,2.55556,2.11111,4.77778,79.88889,33.0,ASC_15C_0
1355.16667,146.74444,152.11111,124.72222,1716.68889,140.95556,1.0,1.0,156.05556,4621.31111,7.95556,192.17778,1032.35556,2.33333,1.0,2.44444,6.55556,68.44444,22.44444,ASC_15C_1
1656.72222,202.07778,142.0,174.05556,1976.02222,60.71111,1.0,1.0,204.27778,3567.2,13.8,158.95556,698.02222,2.22222,4.22222,1.77778,3.77778,68.55556,26.44444,ASC_15C_2
1672.61111,145.52222,105.33333,132.61111,2110.13333,38.77778,1.0,1.0,129.5,3032.08889,8.37778,135.28889,571.46667,3.0,2.55556,3.22222,2.88889,60.0,29.0,ASC_15C_3
1356.27778,128.82222,79.66667,122.38889,1439.8,75.06667,1.0,2.11111,124.61111,2696.64444,5.57778,140.95556,274.8,2.22222,1.77778,3.33333,1.0,64.66667,23.55556,ASC_15C_4
1777.5,162.74444,106.77778,109.38889,1863.8,29.95556,1.0,2.11111,157.5,2256.2,6.04444,137.95556,476.35556,1.77778,1.0,5.33333,1.88889,49.11111,19.33333,ASC_15C_5
1469.5,114.3,87.44444,129.94444,1437.46667,6.26667,1.0,1.0,104.61111,1999.53333,6.68889,115.06667,351.24444,3.44444,2.66667,4.44444,1.0,46.88889,19.74074,ASC_15C_6
1700.05556,125.3,85.22222,101.5,1653.13333,14.35556,1.0,1.0,135.38889,1847.31111,9.35556,160.73333,316.46667,2.11111,1.0,3.33333,1.88889,33.88889,11.0,ASC_15C_7
1319.61111,106.18889,70.0,55.27778,1624.02222,16.0,1.11111,5.44444,106.72222,1690.08889,6.57778,126.28889,485.68889,1.77778,1.0,6.44444,2.88889,30.11111,10.74074,ASC_15C_8
1461.72222,153.63333,78.0,176.38889,1708.8,14.6,1.0,3.22222,122.61111,1495.75556,8.35556,163.51111,305.46667,2.66667,1.0,3.22222,1.0,26.66667,10.55556,ASC_15C_9
2335.98889,76.14444,69.1,48.34074,1407.93333,19.22222,1.0,4.33333,15.84444,1011.25556,1.0,122.78889,27.4963,6.77778,1.0,2.33333,1.88889,1.0,11.76296,ASC_16A_0
2098.1,63.25556,77.54444,57.08889,1257.71111,10.88889,1.0,3.22222,16.17778,905.92222,1.0,96.34444,23.26667,4.11111,1.0,2.55556,1.0,1.22222,11.87407,ASC_16A_1
2640.98889,141.92222,82.32222,29.25926,1864.48889,6.88889,1.0,4.33333,19.95556,838.03333,1.1,129.56667,30.71852,2.44444,1.0,2.11111,1.88889,1.44444,12.28889,ASC_16A_2
2733.98889,194.47778,93.43333,69.43704,1875.15556,14.77778,1.0,3.22222,20.62222,780.58889,1.1,123.34444,41.26667,4.66667,1.0,3.33333,1.0,1.22222,12.4,ASC_16A_3
2844.21111,74.47778,87.65556,48.88148,1672.37778,12.77778,1.0,5.44444,20.62222,744.03333,1.1,126.56667,32.48889,5.0,1.0,4.66667,3.77778,1.22222,15.06667,ASC_16A_4
2711.1,87.58889,74.43333,69.00741,1994.6,4.77778,1.11111,6.55556,19.73333,723.14444,1.2,115.9,30.37778,9.77778,1.0,2.88889,1.88889,1.66667,13.42963,ASC_16A_5
2837.98889,76.25556,81.32222,43.22963,1777.93333,12.88889,1.0,3.22222,21.95556,659.7,1.0,123.12222,34.37778,10.11111,1.0,2.77778,1.88889,1.66667,14.62222,ASC_16A_6
2170.32222,59.14444,73.32222,51.54815,1558.37778,16.77778,1.0,4.33333,17.84444,649.03333,1.1,104.45556,25.82222,6.66667,1.0,2.11111,1.88889,1.88889,11.84444,ASC_16A_7
1959.54444,63.25556,63.21111,42.57778,1622.82222,8.77778,1.0,2.11111,17.62222,649.03333,1.1,95.23333,32.37778,2.77778,1.0,1.0,1.0,1.66667,8.17778,ASC_16A_8
1997.65556,55.14444,56.65556,40.67407,1254.04444,2.88889,1.0,6.55556,16.28889,612.47778,1.1,86.9,21.37778,7.66667,1.0,2.22222,1.0,1.44444,9.73333,ASC_16A_9
1364.92222,21.0,33.5,22.5,1191.54444,14.88889,1.0,1.0,2.2037,314.85556,1.11111,1.73333,1.23704,9.77778,1.0,1.0,2.88889,1.66667,1.3037,ASC_16B_0
1399.81111,37.66667,98.94444,28.42222,1311.21111,158.55556,1.0,2.11111,2.31481,278.3,1.11111,3.0,2.91852,6.33333,1.0,4.0,14.66667,3.0,10.21481,ASC_16B_1
1389.14444,31.22222,81.16667,60.95556,1261.21111,22.88889,1.0,3.22222,2.38889,267.85556,1.11111,2.26667,3.25185,3.22222,1.0,2.11111,3.66667,2.33333,9.40741,ASC_16B_2
1312.25556,43.11111,88.05556,19.01111,1177.87778,70.22222,1.0,2.11111,2.33333,220.85556,1.0,2.66667,4.71111,7.55556,1.0,5.77778,9.66667,1.0,8.99259,ASC_16B_3
1102.7,28.66667,26.72222,16.45556,1003.65556,16.66667,1.0,3.22222,1.57407,184.3,1.0,2.17778,2.91852,2.33333,1.0,2.44444,1.0,1.66667,1.3037,ASC_16B_4
1290.14444,29.11111,39.16667,27.61111,1143.98889,55.88889,1.0,4.33333,1.46296,184.3,1.11111,1.4,2.91852,12.55556,1.0,1.0,1.0,1.0,2.05185,ASC_16B_5
1309.81111,30.44444,53.5,12.15556,1255.76667,162.44444,1.0,5.44444,2.0,184.3,1.11111,1.93333,2.22963,4.77778,1.0,2.44444,6.66667,1.22222,3.51852,ASC_16B_6
1573.92222,79.22222,58.16667,53.27778,1381.1,31.22222,1.11111,5.44444,1.75926,184.3,1.0,5.02222,3.25185,1.0,1.0,3.11111,2.88889,2.55556,4.32593,ASC_16B_7
1336.92222,31.55556,110.27778,62.81111,1220.32222,92.88889,1.0,5.44444,1.64815,184.3,1.0,4.02222,4.92593,2.33333,1.0,5.33333,6.77778,2.0,19.46667,ASC_16B_8
1086.58889,39.22222,76.61111,18.2,1002.87778,103.22222,1.0,2.11111,2.18519,184.3,1.0,2.51111,5.14074,2.0,1.0,4.33333,14.77778,1.88889,10.13333,ASC_16B_9
977.34444,40.16667,68.66667,43.13333,577.36667,144.0,1.0,1.95185,24.81111,2434.12222,1.0,75.01111,31.0,34.11111,2.66667,2.44444,1.0,1.4,3.84444,ASC_16C_0
1171.9,43.94444,88.44444,53.86667,658.25556,84.33333,1.0,3.06296,25.81111,1610.9,1.0,103.34444,34.94444,56.66667,1.0,3.11111,1.0,1.64444,5.31852,ASC_16C_1
1171.01111,43.83333,135.22222,92.64444,1350.03333,248.66667,1.0,3.85556,25.14444,1395.9,1.19259,114.23333,65.83333,31.0,1.0,5.22222,1.0,2.37778,9.68148,ASC_16C_2
1176.23333,209.72222,111.88889,84.86667,824.14444,248.77778,1.0,10.2037,28.14444,1238.67778,1.0963,123.45556,52.16667,28.66667,1.0,9.0,1.0,1.0,10.82222,ASC_16C_3
1096.78889,87.61111,79.88889,40.63704,593.47778,76.11111,1.0,7.98148,25.03333,1123.01111,1.0,112.34444,57.72222,48.77778,1.0,2.44444,1.0,1.84444,10.26667,ASC_16C_4
1048.78889,86.38889,118.88889,71.75556,1750.7,74.11111,1.0,10.04444,23.92222,1060.12222,1.0,133.23333,74.72222,21.22222,1.0,7.33333,2.88889,1.64444,12.6,ASC_16C_5
1184.78889,105.61111,102.55556,43.58519,844.25556,222.0,1.11111,5.91852,23.14444,976.56667,1.52593,99.67778,62.94444,37.66667,1.0,4.0,1.0,2.48889,12.15556,ASC_16C_6
908.9,53.66667,60.11111,22.74815,538.25556,86.44444,1.33333,4.96667,22.36667,924.34444,1.0963,77.67778,42.61111,45.66667,1.0,4.0,2.77778,1.0,4.45926,ASC_16C_7
893.56667,45.72222,70.88889,22.80741,586.47778,43.44444,1.11111,6.07778,18.58889,845.23333,1.0963,76.12222,40.27778,30.22222,1.0,4.33333,1.0,1.2,7.15556,ASC_16C_8
889.23333,79.27778,58.33333,32.74074,571.03333,74.11111,1.0,4.01481,19.47778,834.56667,1.0,93.94815,44.16667,51.55556,1.77778,6.22222,1.0,1.4,6.0963,ASC_16C_9
1337.04444,143.68889,466.98889,33.21481,2041.66667,33.98148,1.0,2.8963,125.71111,2079.57778,3.37778,581.64444,173.75556,17.81111,1.0,1.51852,1.88889,5.53333,33.41111,ASC_17A_0
1200.15556,94.13333,417.98889,48.31481,2105.44444,15.01111,1.0,3.84444,116.15556,1922.57778,3.5037,511.75556,135.86667,17.25556,1.0,1.12963,6.55556,4.06667,22.6,ASC_17A_1
1272.71111,88.02222,471.43333,35.35556,2015.33333,61.91111,1.0,2.8963,107.93333,1812.02222,3.17037,579.31111,142.31111,18.14444,1.0,1.51852,1.88889,3.97778,17.6,ASC_17A_2
1284.26667,86.02222,431.76667,38.32593,1793.33333,5.52593,1.0,3.05926,124.71111,1744.13333,3.38519,523.86667,140.2,10.77037,1.0,4.09259,1.88889,5.02222,30.74444,ASC_17A_3
1237.15556,96.24444,448.21111,32.8,1851.66667,86.14444,1.22222,2.8963,111.26667,1676.24444,2.61481,553.08889,142.31111,9.81111,1.0,1.25926,1.0,4.44444,11.08889,ASC_17A_4
1379.15556,78.8,392.32222,35.50741,1944.22222,24.4963,1.0,1.0,103.37778,1597.35556,2.4963,526.86667,114.08889,22.1037,1.0,2.96296,1.0,5.73333,25.96667,ASC_17A_5
1569.9037,88.91111,463.32222,24.71852,2093.2963,30.28519,1.0,4.00741,100.15556,1539.46667,3.38519,487.42222,134.75556,25.92222,1.74815,2.38889,2.77778,4.31111,33.04444,ASC_17A_6
1709.48889,78.02222,426.21111,19.60741,2211.0,168.8,1.0,1.94815,108.15556,1508.13333,3.5037,569.42222,128.2,12.31481,1.0,1.25926,1.0,6.08889,27.18889,ASC_17A_7
1401.37778,82.91111,416.76667,30.35556,1875.44444,65.28519,1.0,1.94815,90.48889,1445.46667,3.28148,496.08889,124.42222,5.7,1.74815,1.38889,1.88889,2.48889,14.64444,ASC_17A_8
1234.71111,114.24444,396.65556,17.05185,1928.11111,36.50741,1.0,1.94815,103.93333,1398.35556,2.62222,492.53333,129.86667,16.72963,2.4963,3.01852,1.0,4.86667,23.3,ASC_17A_9
899.56667,49.43333,175.73333,51.9963,1246.23333,29.88889,1.1037,1.0,35.42222,1075.6,1.77778,286.13333,53.33333,3.11111,1.0,4.88889,1.0,1.44444,10.46667,ASC_17B_0
842.23333,36.43333,192.17778,62.32963,1146.56667,30.51852,1.21481,2.11111,34.53333,981.6,1.22222,300.46667,44.22222,5.0,1.0,6.88889,3.77778,2.11111,12.24444,ASC_17B_1
866.67778,31.1,187.4,34.10741,1148.23333,22.92593,1.0,1.0,35.75556,923.26667,1.88889,294.8,45.66667,4.44444,1.0,2.11111,1.88889,1.88889,7.57778,ASC_17B_2
946.01111,31.3,179.84444,49.44074,1359.45556,75.31481,1.1037,3.22222,38.53333,870.93333,1.55556,294.46667,55.55556,4.33333,1.0,4.22222,3.77778,1.22222,13.91111,ASC_17B_3
1012.9,25.75556,195.51111,50.5037,1309.23333,18.81481,1.1037,3.22222,35.86667,823.93333,1.55556,326.02222,58.66667,3.44444,1.0,2.11111,1.0,2.11111,7.6,ASC_17B_4
850.34444,30.75556,181.95556,51.04444,1058.23333,36.31481,1.0,1.0,35.2,782.15556,1.77778,267.46667,53.66667,2.66667,1.0,2.88889,1.88889,1.88889,9.8,ASC_17B_5
902.34444,48.43333,179.62222,62.21852,1201.78889,28.40741,1.32593,3.22222,39.31111,729.93333,1.33333,299.8,44.66667,1.55556,1.0,3.88889,7.55556,1.88889,12.24444,ASC_17B_6
869.78889,38.97778,201.73333,16.96667,1332.23333,40.42593,1.0,4.33333,34.53333,729.93333,1.77778,239.35556,53.0,11.77778,1.0,3.22222,1.0,1.0,9.13333,ASC_17B_7
935.34444,35.21111,186.4,35.48889,1256.56667,85.12963,1.0,2.11111,36.31111,729.93333,1.77778,302.57778,52.77778,3.44444,2.66667,4.22222,1.88889,2.11111,11.46667,ASC_17B_8
771.12222,40.86667,135.06667,41.66296,1030.45556,89.75926,1.20741,4.33333,29.86667,688.15556,1.33333,195.91111,39.11111,3.88889,1.0,4.33333,1.0,1.44444,9.91111,ASC_17B_9
1091.8,71.11111,239.68889,67.38889,1291.02222,305.48148,1.20741,4.33333,66.52222,1095.27778,1.77778,141.12222,89.05556,4.03333,1.0,1.33333,2.77778,2.33333,7.65185,ASC_18A_0
1307.35556,86.88889,317.35556,70.05556,1540.13333,197.36296,1.0,4.33333,84.18889,943.5,1.66667,194.23333,90.05556,6.68889,1.0,1.33333,1.0,4.11111,10.06667,ASC_18A_1
1247.35556,106.11111,316.13333,46.25926,1494.35556,149.19259,1.21481,2.11111,83.52222,869.72222,2.33333,197.01111,79.38889,10.91111,1.0,1.33333,2.77778,3.0,11.84444,ASC_18A_2
1064.02222,57.44444,238.13333,62.16667,1230.13333,189.75556,1.0,5.44444,71.07778,791.38889,1.55556,156.67778,89.61111,15.78889,1.0,3.22222,4.77778,1.88889,6.37778,ASC_18A_3
902.24444,69.55556,218.13333,56.48148,1031.35556,305.41481,1.0,4.33333,54.74444,754.83333,1.22222,133.23333,66.94444,18.45556,1.0,3.22222,1.88889,1.22222,5.65185,ASC_18A_4
1270.13333,117.0,315.35556,49.38889,1544.91111,101.97037,1.21481,5.44444,94.07778,697.38889,3.22222,202.45556,102.38889,6.01111,1.0,1.33333,3.77778,3.55556,10.17778,ASC_18A_5
984.8,67.11111,249.13333,80.38889,1160.91111,547.02222,1.32593,5.44444,63.41111,676.5,1.88889,144.01111,96.16667,11.8,1.77778,4.88889,1.88889,1.88889,5.12593,ASC_18A_6
1128.8,69.55556,279.57778,82.25926,1279.46667,191.14074,1.0,4.33333,77.52222,597.16667,2.55556,178.56667,90.5,11.78889,1.0,4.22222,1.88889,1.66667,4.23704,ASC_18A_7
1037.35556,74.77778,204.8,77.72222,1218.57778,24.03704,1.0,2.11111,54.07778,597.16667,2.22222,136.67778,84.5,9.13333,1.0,1.66667,1.0,1.44444,6.12593,ASC_18A_8
853.8,69.66667,226.13333,75.27778,1022.68889,130.13333,1.0,2.11111,51.18889,597.16667,2.0,143.67778,66.61111,12.25556,1.0,1.33333,1.0,2.11111,7.87407,ASC_18A_9
1550.63333,70.71111,350.88889,76.91852,2121.11111,206.9,1.0,4.33333,75.92222,1396.65556,2.38889,262.74444,106.6,10.03704,1.0,3.33333,1.88889,4.33333,19.88889,ASC_18B_0
1734.18889,81.57778,399.77778,69.57778,2367.88889,338.83704,1.0,4.33333,86.81111,1313.1,2.95556,325.63333,108.48889,17.03704,1.0,3.44444,2.77778,5.55556,22.66667,ASC_18B_1
1351.18889,64.24444,260.0,64.14074,1801.88889,228.82222,1.0,2.11111,62.25556,1186.98889,2.16667,211.41111,75.26667,22.66667,1.0,1.33333,1.88889,3.66667,12.33333,ASC_18B_2
1480.63333,68.35556,320.33333,56.25556,2000.22222,231.67778,1.0,2.11111,66.7,1129.32222,3.17778,280.3,112.71111,6.14815,1.0,2.77778,2.77778,4.33333,19.66667,ASC_18B_3
1385.74444,63.24444,288.22222,59.13704,2009.22222,180.83704,1.0,4.33333,66.92222,1019.65556,1.94444,272.07778,108.93333,11.48148,1.0,2.77778,7.77778,4.11111,18.33333,ASC_18B_4
1509.96667,75.46667,287.66667,89.80741,2082.33333,168.77407,1.0,4.33333,75.25556,935.65556,2.27778,249.63333,102.37778,12.74074,1.0,5.11111,16.55556,3.22222,17.0,ASC_18B_5
1347.74444,73.46667,237.11111,69.14444,1697.55556,293.23333,1.0,4.33333,57.03333,888.1,1.67778,218.63333,89.45926,24.33333,1.0,2.44444,2.88889,2.55556,13.77778,ASC_18B_6
955.85556,56.24444,205.55556,38.68889,1253.11111,139.34444,1.0,1.0,46.03333,830.65556,1.6,171.74444,71.26667,24.33333,1.77778,5.11111,2.88889,3.66667,10.55556,ASC_18B_7
1386.52222,96.8,252.66667,110.36296,1720.0,129.39259,1.0,4.33333,61.14444,794.1,1.52222,178.52222,80.15556,19.25926,1.0,4.11111,3.77778,1.88889,14.33333,ASC_18B_8
1475.96667,55.37778,242.22222,66.8037,1814.66667,196.9,1.0,5.55556,70.92222,731.43333,1.91111,246.96667,107.26667,5.25926,1.0,3.33333,2.77778,2.66667,19.11111,ASC_18B_9
1076.87778,75.86667,111.7,20.77778,1270.75556,375.78889,1.0,2.02963,17.65556,698.45556,1.0,84.35556,30.68889,4.66667,1.0,4.44444,1.0,1.0,6.33333,ASC_19A1_0
1104.98889,57.64444,91.7,22.17778,1171.53333,406.56667,1.11111,1.0,23.21111,629.67778,1.0,88.02222,27.46667,3.0,1.0,3.66667,1.82222,1.0,7.33333,ASC_19A1_1
1075.1,41.62222,96.14444,41.33333,1237.64444,231.9,1.0,1.0,20.87778,582.67778,1.0,82.57778,28.46667,2.44444,1.0,3.88889,2.64444,1.0,9.44444,ASC_19A1_2
1122.21111,64.97778,105.92222,48.08889,1235.53333,492.9,1.0,3.05926,19.32222,540.9,1.0,108.68889,35.97037,1.88889,1.0,6.44444,2.64444,1.0,9.33333,ASC_19A1_3
1065.1,63.86667,84.92222,42.62222,1115.42222,213.56667,1.0,3.05926,16.43333,540.9,1.0,86.24444,22.08148,2.11111,1.77778,4.11111,2.82222,1.22222,7.77778,ASC_19A1_4
1130.54444,64.75556,93.47778,64.57778,1348.86667,388.23333,1.0,3.05926,13.32222,540.9,1.0,97.13333,19.08148,1.66667,1.0,1.77778,1.0,1.88889,9.22222,ASC_19A1_5
992.87778,65.86667,119.81111,36.35556,1335.42222,412.9,1.11111,1.0,19.21111,478.23333,1.0,105.46667,30.68889,3.11111,1.0,6.0,1.82222,1.22222,7.77778,ASC_19A1_6
1089.43333,45.42222,96.14444,32.51111,1347.75556,445.67778,1.0,1.0,16.1,446.9,1.0,87.35556,33.57778,4.11111,1.0,4.0,1.82222,1.22222,7.66667,ASC_19A1_7
836.1,48.73333,86.03333,36.35556,903.2,279.23333,1.0,2.02963,10.32222,446.9,1.0,63.91111,19.63704,4.77778,1.0,6.44444,1.0,1.0,9.33333,ASC_19A1_8
920.65556,46.31111,108.7,29.84444,1032.08889,488.78889,1.0,1.0,17.43333,446.9,1.0,93.8,34.35556,1.66667,1.0,5.55556,1.0,1.22222,7.33333,ASC_19A1_9
2552.4,23.77778,68.14444,88.11111,868.26667,2.88889,1.0963,4.33333,25.02222,939.61111,1.22222,132.06667,57.3,1.66667,1.0,4.33333,1.0,1.18519,10.53333,ASC_19A2_0
2559.17778,36.11111,66.51111,72.40741,905.15556,43.77778,1.0,3.22222,17.8,881.83333,1.11111,94.17778,48.41111,2.0,1.0,1.66667,2.77778,1.37037,8.53333,ASC_19A2_1
2543.62222,34.22222,92.36667,49.44444,797.48889,23.22222,1.0,5.44444,23.68889,793.05556,1.0,124.4,43.34074,1.55556,1.0,4.44444,1.0,1.37037,11.42222,ASC_19A2_2
2530.06667,37.11111,94.81111,72.62963,872.04444,6.88889,1.0963,1.0,20.13333,740.83333,1.0,122.95556,50.18889,1.77778,1.0,2.44444,3.77778,1.81481,13.53333,ASC_19A2_3
1710.17778,26.66667,74.81111,64.74074,753.26667,35.55556,1.0963,3.22222,20.8,662.05556,1.0,120.62222,43.07778,1.44444,1.0,5.22222,1.0,2.37037,9.42222,ASC_19A2_4
1724.28889,27.88889,45.73333,46.92593,704.71111,9.0,1.0,2.11111,16.46667,630.16667,1.11111,96.62222,35.85556,1.22222,1.0,2.11111,3.77778,1.0,9.2,ASC_19A2_5
1964.06667,22.66667,44.73333,69.92593,670.37778,6.88889,1.0,4.33333,19.57778,630.16667,1.0,91.73333,31.63333,1.11111,1.0,2.55556,1.0,1.37037,8.31111,ASC_19A2_6
1676.17778,26.55556,37.92222,46.96296,704.26667,23.33333,1.0,2.11111,15.68889,583.16667,1.0,87.51111,39.07778,1.77778,1.0,2.44444,1.0,1.81481,9.08889,ASC_19A2_7
2067.84444,28.88889,42.58889,95.59259,716.26667,1.0,1.0,2.11111,18.35556,572.72222,1.11111,93.95556,32.52222,1.22222,1.0,2.11111,1.88889,1.0,7.53333,ASC_19A2_8
2068.73333,24.77778,48.14444,59.51852,754.82222,2.88889,1.0,1.0,16.35556,536.16667,1.11111,101.73333,31.96667,1.22222,1.0,1.33333,1.88889,2.62963,6.19259,ASC_19A2_9
1803.08889,116.81111,250.56667,97.4,1950.15556,162.44444,1.0,2.11111,24.83333,996.22222,1.20741,123.2,50.92222,1.88889,1.0,1.91111,1.88889,1.44444,15.2,ASC_19B1_0
1633.2,96.58889,120.78889,76.94074,1671.04444,197.55556,1.0,5.44444,23.61111,932.66667,1.0,106.97778,44.47778,2.11111,1.0,4.2963,1.0,1.88889,11.47407,ASC_19B1_1
1636.86667,155.14444,135.23333,74.28889,1666.82222,141.88889,1.0,4.33333,20.83333,896.0,1.1037,120.75556,45.14444,3.0,1.0,3.85185,1.0,1.22222,13.53333,ASC_19B1_2
1598.53333,93.47778,159.9,62.83704,1638.26667,152.11111,1.0,2.11111,22.16667,843.77778,1.1037,115.86667,40.36667,1.44444,1.0,2.05185,3.77778,1.44444,11.02963,ASC_19B1_3
1923.75556,266.25556,246.45556,69.06667,1818.6,242.55556,1.0,5.44444,21.72222,833.33333,1.0,121.08889,49.14444,5.22222,1.0,5.9037,4.77778,1.22222,17.75556,ASC_19B1_4
1531.2,69.14444,128.12222,74.4,1579.82222,58.11111,1.0,2.11111,23.38889,786.33333,1.0,102.2,44.92222,2.33333,1.0,3.99259,1.0,2.33333,10.02963,ASC_19B1_5
1444.2,69.47778,89.78889,44.61481,1448.6,43.66667,1.0,6.55556,21.16667,739.33333,1.0,101.97778,37.47778,1.0,1.0,4.74074,1.88889,2.55556,10.42222,ASC_19B1_6
1783.08889,159.14444,207.67778,74.17778,1893.71111,215.88889,1.11111,1.0,21.61111,723.66667,1.0,113.42222,47.58889,4.33333,1.0,3.54815,5.55556,1.88889,14.58519,ASC_19B1_7
1519.86667,100.58889,133.01111,70.5037,1625.26667,142.0,1.0,2.11111,19.72222,681.66667,1.0,111.97778,34.47778,2.66667,1.0,3.24444,4.66667,1.0,11.58519,ASC_19B1_8
1575.31111,105.47778,144.45556,71.62222,1743.26667,193.22222,1.0,3.22222,25.5,644.33333,1.1037,110.53333,51.58889,1.66667,1.77778,3.1037,1.0,2.33333,11.53333,ASC_19B1_9
1043.2,30.2,67.23333,46.93333,1099.41111,48.04444,1.0,1.0,10.92222,905.51111,1.11111,98.11111,21.84444,11.94815,1.0,6.22222,4.64444,1.44444,12.46667,ASC_19B2_0
1125.64444,55.64444,108.67778,31.46667,1362.85556,26.52222,1.0,2.11111,12.92222,790.51111,1.0,108.66667,46.17778,5.05926,1.0,4.51111,6.64444,1.88889,18.91111,ASC_19B2_1
1135.86667,33.95556,54.01111,41.8,1270.41111,17.53704,1.22222,4.33333,9.47778,706.95556,1.0,119.44444,27.4,11.51111,1.0,4.04444,1.82222,1.66667,12.13333,ASC_19B2_2
1050.64444,44.17778,81.9,38.95556,1211.85556,24.9037,1.0,4.33333,11.14444,654.06667,1.0,83.33333,27.13333,7.2963,1.0,3.93333,1.0,2.55556,11.13333,ASC_19B2_3
1314.42222,44.53333,58.67778,39.35556,1521.18889,23.64815,1.11111,4.33333,12.14444,638.06667,1.0,111.77778,33.73333,4.4963,1.0,3.93333,1.0,1.66667,15.41481,ASC_19B2_4
1182.08889,31.17778,64.78889,41.57778,1406.07778,43.32963,1.0,3.22222,9.7,591.06667,1.11111,91.33333,32.17778,8.61481,1.0,2.02222,1.0,1.0,12.91111,ASC_19B2_5
1130.97778,35.31111,49.34444,36.28889,1298.3,144.10741,1.11111,2.11111,11.03333,554.51111,1.11111,95.33333,29.06667,6.74815,1.0,1.28889,1.0,2.33333,9.24444,ASC_19B2_6
1195.86667,45.53333,63.9,51.82222,1391.85556,99.26667,1.11111,3.22222,10.14444,544.06667,1.11111,107.77778,35.51111,21.96296,1.0,2.6,6.64444,1.66667,14.68889,ASC_19B2_7
1145.86667,43.42222,54.9,22.77778,1282.96667,12.18889,1.0,2.11111,8.7,544.06667,1.0,106.0,28.06667,2.62963,1.0,3.33333,1.0,1.0,9.57778,ASC_19B2_8
948.42222,28.95556,69.9,28.82222,989.52222,70.98148,1.0,2.11111,8.14074,512.73333,1.22222,89.44444,23.95556,3.63704,1.0,4.22222,4.82222,2.11111,13.91111,ASC_19B2_9
2015.97778,138.83333,145.51111,45.93333,2531.55556,188.81111,1.0,1.71481,17.4,1206.91111,1.11111,179.32222,58.92222,2.88889,1.0,3.48889,39.8,2.14074,6.71852,ASC_19C_0
2198.64444,160.83333,154.4,45.27778,2780.22222,303.77037,1.11111,1.0,14.62222,1102.13333,1.0,165.43333,45.25556,6.0,1.0,4.04444,52.16667,1.61852,8.51111,ASC_19C_1
2058.86667,123.72222,142.17778,39.67778,2352.11111,716.77037,1.0,1.71481,20.95556,1018.57778,1.0,146.98889,36.25556,20.0,1.0,3.77778,6.61111,1.34815,8.48889,ASC_19C_2
1995.97778,141.61111,132.4,62.41111,2222.33333,283.25556,1.0,6.7963,16.4,971.57778,1.11111,135.1,46.36667,13.33333,1.0,4.93333,10.08889,2.41111,7.05926,ASC_19C_3
1841.75556,154.72222,158.28889,23.46667,2088.22222,363.14444,1.0,2.42963,20.84444,897.46667,1.22222,150.21111,39.14444,7.88889,1.0,6.11111,14.93333,1.34815,9.05926,ASC_19C_4
2167.75556,146.72222,149.28889,52.94444,2625.0,264.81111,1.0,2.82593,17.95556,897.46667,1.0,166.32222,48.25556,2.11111,1.0,3.2,6.08889,1.79259,3.08148,ASC_19C_5
2065.75556,135.72222,166.06667,66.48889,2559.77778,850.47778,1.0,4.25556,21.62222,850.46667,1.0,168.98889,45.92222,4.0,1.0,4.77778,6.61111,1.17407,8.17037,ASC_19C_6
2074.64444,155.83333,133.4,32.38889,2586.66667,439.21481,1.0,4.25556,16.95556,819.13333,1.22222,156.32222,48.81111,4.11111,1.0,5.66667,10.45556,2.14074,6.62963,ASC_19C_7
1968.42222,149.61111,154.28889,30.97778,2278.77778,437.58889,1.0,1.71481,21.73333,803.46667,1.22222,157.65556,49.92222,2.22222,1.0,4.48889,4.52222,1.52222,9.04444,ASC_19C_8
2088.86667,129.72222,123.17778,69.53333,2797.33333,423.1037,1.0,2.42963,15.84444,803.46667,1.11111,137.87778,40.03333,5.11111,1.0,4.37778,11.13333,1.17407,12.71111,ASC_19C_9
4477.9,260.54444,470.47778,211.75556,3496.56667,161.37778,1.22222,6.08148,75.8,2119.01111,2.86296,489.41111,104.75556,34.17778,1.0,20.74815,20.11111,8.97778,54.31111,ASC_1A_0
3777.12222,211.98889,370.7,170.53333,3109.56667,105.82222,1.44444,2.98519,60.57778,1867.45556,1.97778,455.63333,75.75556,32.06667,1.0,16.97778,18.33333,8.34074,42.42222,ASC_1A_1
3590.56667,241.43333,216.92222,167.97778,3046.23333,74.64444,1.11111,6.2,52.35556,1594.56667,1.32222,457.85556,75.42222,21.84444,1.0,10.36296,6.77778,3.14815,31.86667,ASC_1A_2
3625.45556,199.87778,225.58889,167.97778,3693.9,91.2,1.44444,5.08889,57.8,1410.9,1.76296,461.74444,91.2,33.84444,1.0,14.02963,4.77778,5.00741,41.86667,ASC_1A_3
3010.34444,260.43333,225.47778,139.86667,3363.34444,76.75556,1.11111,6.08148,46.57778,1374.23333,1.54444,525.96667,103.75556,12.51111,1.0,15.41481,7.44444,5.68889,40.86667,ASC_1A_4
2770.45556,151.32222,164.7,151.95556,2690.01111,154.28889,1.22222,6.2,37.8,1243.67778,1.87037,490.63333,75.53333,21.62222,1.0,13.41481,5.66667,4.11852,24.97778,ASC_1A_5
2763.67778,221.98889,134.47778,131.86667,2819.67778,99.6,1.11111,5.08889,35.68889,1185.23333,1.87407,362.3,84.42222,22.28889,1.0,11.36296,4.66667,1.54074,29.2,ASC_1A_6
2793.12222,178.76667,209.36667,101.2,2595.78889,121.97778,1.0,2.98519,39.8,1101.67778,1.86667,395.63333,64.2,48.4,1.0,10.2,3.77778,6.68889,42.42222,ASC_1A_7
3750.9,220.1,201.36667,151.84444,3251.12222,58.31111,1.33333,3.97778,46.91111,1091.23333,2.31111,490.63333,84.64444,43.51111,1.0,13.8,6.66667,7.68889,42.86667,ASC_1A_8
3004.56667,183.76667,151.25556,167.86667,3089.12222,66.24444,1.0,6.08148,44.46667,1018.12222,2.43333,411.63333,118.86667,17.4,1.0,12.08148,1.88889,3.37037,30.97778,ASC_1A_9
949.75556,81.16667,149.72222,62.3037,2115.85556,47.93333,1.0,3.1037,38.72222,3054.8,1.11111,413.81111,123.38889,86.43333,1.77778,9.15556,11.33333,2.2,38.5,ASC_1B_0
1169.31111,89.27778,120.16667,44.08148,2449.85556,48.77778,1.0,3.1037,40.72222,2404.57778,2.55556,403.03333,144.05556,32.65556,1.77778,8.4,7.44444,2.56667,26.38889,ASC_1B_1
1116.08889,71.27778,132.61111,51.91111,2587.07778,48.24444,1.0,5.08889,43.27778,2022.02222,1.44444,452.03333,147.72222,54.98889,2.66667,11.48889,6.55556,3.16667,36.16667,ASC_1B_2
1064.42222,73.88889,143.72222,77.63704,2402.63333,80.82222,1.07778,6.2,45.16667,1869.91111,1.66667,399.36667,194.16667,60.1,1.0,12.04444,7.66667,1.9,32.61111,ASC_1B_3
1286.31111,90.61111,160.05556,77.58519,2838.07778,363.22222,1.0,4.0963,42.27778,1702.35556,1.22222,470.58889,151.94444,46.32222,1.0,13.02222,16.33333,4.73333,38.05556,ASC_1B_4
1181.42222,36.33333,137.72222,31.35556,2350.63333,44.55556,1.0,11.51852,35.61111,1591.68889,1.55556,446.7,146.05556,50.87778,1.77778,15.37778,21.22222,2.26667,41.72222,ASC_1B_5
1395.2,73.27778,134.27778,69.97037,3026.63333,261.2,1.0,17.17778,47.94444,1476.8,1.33333,550.58889,158.94444,38.43333,1.77778,11.97778,9.66667,3.34444,42.61111,ASC_1B_6
1207.42222,65.94444,110.16667,56.91852,2638.52222,46.66667,1.07778,6.42963,32.38889,1376.68889,1.55556,431.81111,153.94444,28.76667,1.0,13.51111,7.66667,3.16667,34.61111,ASC_1B_7
1390.2,78.27778,138.05556,61.97778,3072.52222,48.66667,1.0,11.85926,43.38889,1266.91111,1.22222,459.03333,143.61111,31.43333,1.0,15.46667,2.88889,2.86667,36.16667,ASC_1B_8
1086.75556,59.77778,125.94444,69.91852,2208.3,326.97778,1.15556,9.40741,29.94444,1167.46667,1.33333,341.25556,132.16667,76.60741,1.0,9.4,32.44444,3.8,31.61111,ASC_1B_9
3392.91111,302.3,185.27778,185.55556,1791.46667,64.0,1.0,7.37037,35.36667,4808.58889,2.66667,142.11111,70.07778,3.11111,1.0,6.66667,11.33333,3.22222,31.0,ASC_1C_0
2831.46667,352.52222,156.5,76.66667,1697.13333,296.0,1.0963,6.25926,32.25556,3612.81111,3.44444,168.77778,59.52222,11.88889,1.0,8.44444,1.88889,1.66667,25.33333,ASC_1C_1
2944.35556,405.18889,164.5,170.11111,1755.68889,133.66667,1.19259,5.71111,37.7,3125.14444,3.55556,177.44444,56.18889,8.88889,1.0,5.11111,2.77778,1.88889,27.77778,ASC_1C_2
2296.02222,196.18889,134.61111,77.22222,1577.46667,15.0,1.0963,6.82222,32.36667,2721.25556,2.33333,175.77778,50.63333,3.55556,1.0,5.55556,3.77778,2.55556,21.0,ASC_1C_3
2512.24444,131.74444,139.38889,82.77778,1614.35556,43.55556,1.28889,8.04444,29.14444,2459.03333,1.66667,171.55556,60.96667,9.22222,1.0,6.44444,1.88889,3.66667,19.0,ASC_1C_4
2106.02222,207.41111,118.27778,104.0,1334.24444,19.0,1.19259,1.82963,28.03333,2244.14444,2.44444,133.66667,49.3,2.0,1.0,4.33333,2.77778,2.55556,15.44444,ASC_1C_5
2232.91111,102.3,118.5,95.44444,1544.91111,47.44444,1.0963,3.77037,28.03333,2039.7,2.44444,186.77778,57.07778,7.77778,1.0,5.33333,1.88889,2.11111,21.0,ASC_1C_6
2243.68889,124.52222,127.72222,91.22222,1526.46667,57.88889,1.0,2.94074,32.7,1919.47778,1.88889,176.33333,56.96667,5.0,1.0,6.0,1.88889,1.22222,21.11111,ASC_1C_7
1971.24444,103.41111,106.5,51.77778,1427.8,82.55556,1.0963,3.48889,22.14444,1814.14444,2.0,152.77778,48.63333,6.33333,1.0,4.0,1.0,1.88889,13.55556,ASC_1C_8
1878.57778,103.41111,93.94444,46.77778,1520.35556,16.55556,1.0,16.63704,28.14444,1714.92222,1.88889,183.66667,53.85556,1.55556,1.0,4.77778,1.0,1.0,16.33333,ASC_1C_9
1027.28889,60.93333,58.36667,13.11111,688.05556,13.11111,1.0,3.14074,12.23333,971.23333,1.0,10.88889,16.33333,6.96296,1.0,2.55556,1.0,1.22222,6.66667,ASC_20A_0
1100.06667,60.53333,31.03333,36.18519,750.83333,6.88889,1.0,4.08889,10.23333,850.56667,1.0,14.11111,17.0,2.96296,1.0,2.88889,2.88889,1.0,8.25926,ASC_20A_1
859.62222,49.93333,39.92222,43.85185,568.61111,2.88889,1.0,2.02963,11.56667,761.78889,1.0,14.0,18.88889,2.96296,1.0,3.66667,1.88889,1.66667,6.03704,ASC_20A_2
1304.95556,61.04444,37.36667,8.0,863.94444,5.0,1.0,2.02963,10.78889,740.9,1.0,17.44444,19.22222,1.97778,1.0,1.33333,3.88889,1.22222,6.77778,ASC_20A_3
1188.51111,63.04444,46.36667,48.33333,812.16667,50.11111,1.0,3.05926,12.12222,688.45556,1.0,15.33333,31.11111,2.74074,1.0,4.0,2.88889,1.0,8.88889,ASC_20A_4
1001.17778,56.42222,28.92222,41.2963,660.38889,15.0,1.0,6.5037,9.12222,645.9,1.11111,14.0,15.22222,3.19259,1.0,2.44444,1.0,1.66667,4.85185,ASC_20A_5
1269.51111,57.93333,59.58889,34.2963,788.38889,5.0,1.0,6.31111,12.45556,609.34444,1.0,14.66667,20.77778,5.62963,1.0,2.44444,2.77778,1.0,8.11111,ASC_20A_6
1048.51111,51.82222,29.03333,57.25926,696.27778,82.88889,1.0,3.14074,12.9,572.78889,1.0,19.0,16.11111,3.73333,1.0,2.44444,1.0,1.0,7.37037,ASC_20A_7
1109.84444,77.37778,45.92222,24.7037,737.72222,13.0,1.0,1.0,12.9,551.9,1.0,17.0,25.44444,2.3037,1.0,1.66667,1.0,1.22222,8.33333,ASC_20A_8
1075.17778,50.31111,27.7,23.92593,789.38889,9.0,1.0,4.17037,8.12222,551.9,1.0,16.22222,12.11111,3.51852,1.0,3.22222,1.0,1.0,4.96296,ASC_20A_9
1423.94444,278.75556,110.34444,64.02222,2540.16667,74.22222,1.0,7.66667,21.21111,1622.98889,1.11111,41.18889,64.83333,6.33333,1.0,10.26667,1.88889,1.88889,25.33333,ASC_20B_0
1352.27778,152.64444,93.56667,26.47407,1934.38889,39.66667,1.0,6.66667,21.1,1407.65556,1.55556,44.96667,66.83333,3.33333,1.0,8.93333,4.66667,1.66667,23.55556,ASC_20B_1
1514.16667,158.42222,98.9,48.35556,1819.05556,33.44444,1.0,5.44444,24.76667,1386.76667,1.22222,50.96667,64.83333,4.44444,1.0,11.15556,1.88889,2.33333,22.0,ASC_20B_2
1423.72222,164.75556,86.56667,81.3037,1994.5,156.77778,1.11111,1.0,23.76667,1329.32222,1.11111,41.96667,63.72222,3.22222,1.0,7.22222,3.66667,1.88889,22.44444,ASC_20B_3
1289.05556,113.2,82.12222,75.25185,1375.5,53.66667,1.0,2.11111,20.43333,1292.76667,1.11111,40.74444,53.38889,1.88889,1.0,5.88889,2.88889,1.66667,23.0,ASC_20B_4
1343.5,109.31111,87.67778,67.58519,1695.05556,66.44444,1.0,1.0,24.65556,1271.87778,1.33333,49.71111,60.5,3.88889,1.0,5.15556,1.88889,2.55556,22.0,ASC_20B_5
1154.83333,122.31111,86.9,66.86667,1331.72222,129.88889,1.0,2.11111,23.43333,1229.87778,1.0,42.07778,55.38889,3.44444,1.0,6.44444,1.0,2.11111,24.55556,ASC_20B_6
1104.72222,103.2,83.78889,65.74815,1079.5,25.22222,1.0,4.33333,22.21111,1197.76667,1.0,22.37778,62.72222,2.22222,1.0,8.64444,2.88889,1.44444,19.66667,ASC_20B_7
1363.72222,135.53333,93.67778,55.3037,1564.38889,37.22222,1.0,2.11111,24.43333,1197.76667,1.11111,51.52222,63.94444,2.77778,1.0,4.84444,1.0,2.33333,19.88889,ASC_20B_8
1308.83333,81.97778,67.01111,28.31111,1355.27778,2.88889,1.0,4.33333,24.87778,1192.54444,1.0,60.74444,48.05556,1.55556,1.0,2.8,1.0,2.77778,23.0,ASC_20B_9
1759.78889,84.68889,79.84444,26.74815,1859.62222,2.88889,1.0,1.0,32.27778,1505.78889,1.22222,56.4,63.84444,1.77778,1.0,2.82222,3.51111,1.88889,16.57778,ASC_20C_0
1514.23333,83.68889,72.51111,70.2,1655.06667,2.88889,1.0,4.96667,29.94444,1400.9,1.11111,65.06667,59.17778,2.0,1.0,3.55556,1.75556,1.44444,14.02222,ASC_20C_1
1278.12222,70.35556,70.62222,50.08148,1418.4,1.0,1.0,1.95185,29.38889,1306.9,1.11111,54.51111,52.84444,2.55556,1.0,5.13333,1.0,2.33333,13.02222,ASC_20C_2
1807.34444,71.15556,89.4,79.47407,1807.51111,5.0,1.0,3.06296,32.5,1259.9,1.33333,57.51111,62.28889,2.0,1.0,6.82222,1.0,1.66667,16.24444,ASC_20C_3
1398.78889,71.35556,76.4,74.25185,1506.4,5.0,1.0,1.95185,27.94444,1217.23333,1.33333,55.06667,49.28889,1.77778,1.0,3.06667,1.75556,1.22222,15.91111,ASC_20C_4
1419.34444,60.24444,260.62222,43.14074,1295.28889,7.0,1.0,1.0,28.27778,1175.34444,1.11111,61.51111,49.17778,1.33333,1.77778,3.06667,1.0,2.55556,13.68889,ASC_20C_5
1383.9,67.46667,75.62222,57.63704,1441.06667,5.0,1.0,4.01481,24.72222,1117.9,1.11111,51.4,50.17778,1.33333,1.0,2.17778,1.0,1.88889,14.8,ASC_20C_6
1124.12222,68.93333,73.06667,39.63704,1175.28889,1.0,1.0,1.0,25.38889,1060.45556,1.0,49.4,42.17778,1.11111,1.0,3.31111,1.0,1.66667,19.91111,ASC_20C_7
1357.67778,76.57778,72.06667,51.97778,1452.17778,1.0,1.0,2.9037,31.05556,1023.9,1.11111,49.51111,52.28889,1.55556,1.0,4.68889,1.0,1.66667,12.68889,ASC_20C_8
1354.56667,88.68889,86.06667,61.47407,1420.17778,5.0,1.0,1.95185,29.5,1023.9,1.0,66.06667,44.73333,1.33333,1.0,4.0,1.75556,1.22222,17.82222,ASC_20C_9
1727.37778,99.77778,269.18889,91.0,1966.62222,2.88889,1.0,1.99259,81.66667,740.86667,1.77778,197.26667,84.2,1.22222,1.0,4.11111,1.88889,2.17778,11.44444,ASC_21A_0
1522.37778,78.88889,240.3,54.77778,1706.95556,8.77778,1.0,1.0,77.0,682.97778,1.88889,171.71111,71.53333,1.11111,1.0,1.77778,1.0,1.97778,8.85185,ASC_21A_1
1522.48889,77.66667,245.96667,72.88889,1716.51111,5.0,1.0,1.0,71.44444,630.2,2.11111,175.15556,69.86667,1.77778,1.0,2.92593,1.0,1.4,8.88889,ASC_21A_2
1640.04444,83.77778,261.3,76.33333,1830.95556,17.11111,1.0,1.0,82.0,583.2,2.11111,185.15556,76.64444,1.55556,1.0,3.11111,1.0,1.64444,6.66667,ASC_21A_3
1495.6,87.77778,243.3,72.88889,1755.51111,74.55556,1.0,1.0,74.77778,551.86667,1.66667,176.04444,67.53333,1.22222,1.0,1.51852,1.0,2.48889,9.74074,ASC_21A_4
1454.82222,73.66667,217.85556,76.33333,1635.06667,1.0,1.0,3.1037,62.88889,551.86667,1.88889,145.04444,67.08889,1.88889,1.77778,1.25926,1.88889,3.53333,10.0,ASC_21A_5
1546.26667,72.66667,260.18889,71.22222,1696.17778,8.77778,1.0,1.0,75.44444,536.2,1.66667,172.71111,76.97778,1.66667,1.0,3.18519,1.0,3.28889,6.2963,ASC_21A_6
1292.37778,47.33333,211.96667,49.55556,1462.28889,6.88889,1.0,1.99259,68.55556,504.86667,1.77778,163.15556,57.2,6.66667,2.66667,2.66667,1.0,2.28889,6.44444,ASC_21A_7
1381.15556,58.33333,227.63333,79.11111,1686.73333,2.88889,1.0,3.1037,64.55556,457.86667,2.33333,163.15556,62.64444,1.33333,1.77778,1.25926,1.0,4.02222,4.96296,ASC_21A_8
1650.04444,80.55556,256.52222,89.22222,1918.06667,2.88889,1.0,4.0963,82.66667,457.86667,1.88889,192.48889,82.31111,1.44444,1.0,4.37037,1.88889,2.91111,7.88889,ASC_21A_9
1652.06667,37.26667,256.73333,60.15556,2428.1,1.0,1.0,1.99259,81.1,906.44444,1.74074,266.21111,82.56667,2.05556,1.0,5.22222,1.0,37.98889,22.94444,ASC_21B_0
1661.4,49.63333,252.4,44.05185,2350.1,2.75556,1.0,2.98519,82.54444,838.55556,2.08148,292.32222,94.45556,1.53333,1.0,2.44444,1.0,25.76667,22.5,ASC_21B_1
1696.4,41.52222,236.06667,97.4,2225.65556,2.75556,1.0,1.99259,78.98889,817.66667,1.96296,228.98889,84.01111,1.52222,1.0,2.88889,1.0,41.54444,21.16667,ASC_21B_2
1552.28889,38.37778,253.73333,62.6,2099.54444,4.86667,1.0,1.0,86.54444,781.11111,1.31111,293.43333,89.34444,1.1,1.0,4.66667,1.0,21.21111,18.38889,ASC_21B_3
1520.17778,45.52222,224.84444,88.16296,1900.21111,4.86667,1.0,4.0963,75.98889,723.66667,2.28889,266.43333,84.45556,1.42222,2.55556,2.11111,1.0,38.87778,19.05556,ASC_21B_4
1633.84444,21.04444,219.84444,79.51111,2022.54444,25.42222,1.0,6.2,64.1,723.66667,1.62963,190.87778,71.9,1.2,1.0,4.0,1.0,31.57037,21.72222,ASC_21B_5
1775.4,53.74444,256.73333,92.83704,2541.21111,12.84444,1.0,6.08148,82.98889,723.66667,1.62222,280.54444,93.67778,2.07778,1.0,7.88889,1.0,21.45926,22.27778,ASC_21B_6
1548.06667,36.15556,223.06667,54.4963,2163.54444,2.75556,1.0,4.0963,60.21111,697.55556,1.42222,220.21111,80.56667,1.0,1.77778,6.77778,1.0,32.32222,22.16667,ASC_21B_7
1585.51111,41.52222,235.62222,82.82963,2036.43333,1.0,1.0,1.0,75.21111,676.66667,1.1037,232.32222,78.78889,1.1,1.77778,3.66667,1.0,41.32222,18.5,ASC_21B_8
1600.17778,45.52222,212.17778,59.60741,2166.1,6.86667,1.0,2.98519,71.1,650.0,1.42963,231.54444,80.56667,1.1,1.0,5.77778,1.0,21.65556,20.16667,ASC_21B_9
6410.22222,163.35556,386.46667,450.31111,3915.73333,2.88889,1.11111,1.0,157.08889,1036.43333,2.27407,236.0,105.75556,3.66667,1.0,1.77778,10.28889,114.22222,20.64444,ASC_21C_0
5281.11111,146.24444,326.35556,437.31111,3562.06667,88.77778,1.0,2.11111,137.2,957.76667,2.73333,219.0,102.53333,4.66667,1.77778,4.0,3.46667,121.77778,19.86667,ASC_21C_1
4970.55556,152.91111,299.46667,416.64444,3549.84444,82.66667,1.0,2.11111,128.75556,847.43333,1.62963,193.33333,89.97778,4.77778,1.0,3.22222,1.82222,114.55556,17.75556,ASC_21C_2
4984.11111,165.35556,331.24444,396.2,3404.28889,39.77778,1.0,3.22222,126.97778,831.76667,1.95556,208.55556,95.97778,3.77778,1.77778,2.33333,3.64444,114.77778,17.42222,ASC_21C_3
4844.66667,140.13333,297.91111,427.08889,3295.4,24.88889,1.0,3.22222,126.31111,810.87778,2.60741,179.22222,74.64444,5.55556,1.0,3.22222,4.46667,104.33333,17.97778,ASC_21C_4
4786.11111,145.02222,305.68889,391.08889,3341.28889,2.88889,1.0,6.55556,127.42222,784.76667,2.72593,180.66667,80.64444,3.66667,1.0,3.66667,4.46667,115.33333,17.42222,ASC_21C_5
4223.33333,119.8,265.46667,329.2,2901.17778,9.0,1.0,3.22222,105.08889,742.98889,2.06667,159.88889,77.08889,5.11111,1.0,3.11111,1.0,100.77778,17.75556,ASC_21C_6
4331.55556,134.02222,267.13333,295.53333,2965.51111,23.33333,1.0,4.33333,120.42222,737.76667,2.05926,160.66667,90.42222,2.33333,1.77778,5.44444,1.0,110.55556,15.2,ASC_21C_7
4729.0,129.91111,284.35556,411.53333,3279.62222,10.88889,1.0,1.0,130.08889,737.76667,1.73333,170.66667,91.31111,5.77778,1.0,3.55556,2.64444,98.44444,20.2,ASC_21C_8
4727.55556,123.8,290.91111,439.97778,3298.62222,27.55556,1.0,3.22222,138.75556,737.76667,1.84444,184.0,81.42222,6.44444,1.0,2.44444,4.64444,101.55556,16.08889,ASC_21C_9
774.55556,74.68889,17.06667,161.14074,2092.32222,101.16667,1.0,1.0,82.45556,1243.15556,4.66667,2.28889,214.41111,1.55556,1.0,1.33333,1.0,2.33333,1.0,ASC_23A_0
687.88889,84.28889,18.02222,187.97778,1528.98889,58.88889,1.0,1.0,71.67778,1148.71111,4.66667,1.57037,193.18889,1.11111,1.0,1.33333,1.0,2.33333,1.0,ASC_23A_1
678.0,59.95556,15.62222,110.64444,1622.76667,63.72222,1.0,1.0,72.45556,1117.37778,5.77778,2.22963,214.74444,1.44444,1.77778,2.55556,1.0,1.22222,1.0,ASC_23A_2
667.55556,84.17778,15.51111,113.31111,1775.32222,97.94444,1.0,2.02963,79.34444,1075.6,4.55556,1.9037,193.07778,1.0,1.0,1.33333,1.88889,2.11111,1.0,ASC_23A_3
645.44444,73.28889,18.28889,107.02963,1574.1,23.94444,1.0,2.02963,79.12222,1028.6,6.0,1.84444,203.3,1.0,1.0,1.0,1.0,2.33333,1.0,ASC_23A_4
542.66667,43.13333,17.84444,104.58519,1344.43333,91.77778,1.0,4.17037,64.01111,1028.6,4.11111,1.9037,182.52222,1.0,2.66667,2.11111,1.0,1.22222,1.0,ASC_23A_5
810.55556,113.4,24.28889,175.2,2066.43333,33.55556,1.0,1.0,78.12222,1018.15556,5.66667,2.17778,215.41111,1.0,1.0,1.0,1.0,1.44444,1.0,ASC_23A_6
814.11111,69.35556,15.17778,140.6963,2387.21111,81.44444,1.0,2.02963,79.56667,981.6,4.0,2.23704,198.18889,1.0,1.0,2.11111,1.88889,1.66667,1.0,ASC_23A_7
694.55556,70.95556,16.95556,105.42222,1614.21111,88.94444,1.0,2.02963,70.34444,933.6,3.22222,4.85185,174.07778,1.0,1.77778,6.44444,1.88889,1.0,1.0,ASC_23A_8
765.0,86.06667,19.95556,128.53333,2103.1,122.55556,1.11111,2.02963,78.23333,933.6,6.77778,1.78519,192.85556,1.0,1.0,1.33333,1.0,2.33333,1.0,ASC_23A_9
2035.61111,493.44444,50.47778,541.26667,3722.5,2.88889,1.0,1.0,532.91111,3875.78889,19.44444,352.54444,973.03333,8.95556,1.77778,2.05185,1.0,7.44444,6.82222,ASC_23B_0
1860.38889,497.66667,58.47778,518.04444,3552.16667,5.0,1.0,1.0,479.13333,3671.56667,21.44444,325.54444,850.14444,9.47778,1.0,1.74815,1.0,2.33333,9.42222,ASC_23B_1
1800.5,434.0,52.7,492.15556,3648.16667,9.11111,1.0,1.0,456.35556,3346.45556,18.77778,280.1,824.47778,4.81111,3.44444,2.05185,1.0,4.0,5.95556,ASC_23B_2
1630.38889,446.22222,56.03333,399.26667,3151.05556,13.11111,1.0,2.11111,396.68889,3141.67778,17.11111,313.21111,693.14444,6.58889,1.77778,1.3037,1.88889,5.77778,8.48889,ASC_23B_3
1477.38889,369.44444,53.81111,347.71111,2948.27778,1.0,1.0,1.0,352.68889,2968.45556,13.77778,276.21111,665.81111,4.58889,1.0,2.96296,1.0,4.11111,4.84444,ASC_23B_4
1489.27778,409.77778,63.81111,391.82222,2935.61111,6.88889,1.0,1.0,375.57778,2853.45556,18.11111,261.21111,684.58889,22.23333,1.0,3.24444,2.88889,3.0,4.82222,ASC_23B_5
1442.61111,335.0,49.92222,327.15556,2668.05556,13.0,1.0,1.0,336.68889,2732.56667,10.44444,273.32222,604.47778,7.58889,1.0,1.60741,1.0,4.0,3.4,ASC_23B_6
1494.16667,377.66667,48.47778,319.6,2971.5,2.88889,1.0,2.11111,367.24444,2633.12222,16.11111,235.1,650.7,6.36667,1.77778,1.60741,1.0,6.33333,2.46667,ASC_23B_7
1523.5,391.66667,58.47778,360.82222,2866.05556,21.11111,1.0,1.0,369.13333,2512.56667,14.44444,259.98889,657.92222,5.37778,1.0,1.0,1.0,3.44444,4.06667,ASC_23B_8
1546.38889,396.77778,41.7,391.6,2809.27778,29.11111,1.0,4.33333,355.24444,2423.23333,15.44444,202.32222,632.81111,8.03333,1.77778,1.60741,1.0,2.88889,3.48889,ASC_23B_9
2153.96667,374.53333,89.55556,401.6,3308.11111,154.77778,1.0,4.33333,328.22222,3434.41111,12.66667,215.77778,642.76667,3.07407,1.0,3.33333,1.0,9.33333,6.57778,ASC_23C_0
2193.74444,379.86667,90.0,386.15556,3185.11111,23.0,1.0,3.22222,327.0,3224.63333,14.11111,241.44444,623.76667,3.28889,1.71852,2.11111,1.88889,13.11111,8.35556,ASC_23C_1
2216.18889,346.42222,78.44444,378.04444,3273.44444,8.77778,1.0,2.11111,344.0,3030.3,16.0,220.44444,709.1,3.40741,1.71852,1.66667,1.0,9.66667,7.28889,ASC_23C_2
2086.52222,389.86667,81.22222,365.26667,3019.22222,23.22222,1.0,8.77778,312.66667,2915.07778,14.22222,218.33333,585.54444,1.31111,1.0,1.0,1.88889,7.66667,5.15556,ASC_23C_3
2121.85556,342.42222,84.66667,331.71111,3031.44444,33.11111,1.0,2.11111,306.22222,2789.41111,14.33333,183.0,572.54444,1.76296,1.0,4.33333,3.66667,6.11111,7.13333,ASC_23C_4
2020.18889,359.42222,63.77778,272.48889,2742.0,14.88889,1.0,1.0,271.55556,2637.3,14.77778,164.55556,528.76667,2.74815,3.15556,1.33333,1.88889,8.44444,5.82222,ASC_23C_5
2147.07778,408.08889,83.55556,370.37778,3077.0,113.44444,1.0,3.22222,330.55556,2543.3,14.55556,164.55556,653.21111,2.84444,1.0,2.11111,1.88889,4.77778,3.57778,ASC_23C_6
1899.63333,327.31111,72.77778,318.93333,2718.33333,107.11111,1.0,2.11111,269.66667,2500.96667,10.0,176.33333,516.54444,3.3037,3.15556,1.66667,3.77778,5.66667,6.4,ASC_23C_7
1903.52222,323.2,86.44444,280.37778,2966.11111,43.66667,1.0,1.0,296.88889,2432.63333,12.66667,140.11111,559.65556,1.97778,1.0,2.55556,6.66667,7.33333,5.48889,ASC_23C_8
1714.85556,313.31111,63.66667,277.82222,2512.44444,68.33333,1.0,4.33333,252.88889,2390.85556,12.0,122.33333,468.87778,1.86667,1.0,1.33333,1.0,5.88889,5.48889,ASC_23C_9
860.75556,17.53333,13.92222,30.79259,636.1,76.11111,1.0,1.0,1.4963,202.05556,1.0,1.75556,9.07407,13.55556,1.0,1.24444,1.88889,2.3,1.77778,ASC_24A_0
589.51111,14.28889,8.95185,38.21481,434.12593,9.0,1.0,3.05926,2.8,181.16667,1.0,1.21111,4.13333,3.11111,1.0,1.0,1.0,1.58148,1.0,ASC_24A_1
885.97778,24.28889,20.7,15.1037,690.98889,78.11111,1.0,1.0,2.75926,149.83333,1.0,2.3,5.85185,5.55556,1.77778,1.68889,1.0,1.27407,1.66667,ASC_24A_2
644.95556,18.8,14.21481,37.24444,512.76667,47.55556,1.0,2.8963,3.78889,134.16667,1.0,2.84444,4.88148,2.77778,1.0,2.66667,1.0,1.0,2.11111,ASC_24A_3
577.2,10.77778,11.95185,26.40741,397.65556,5.0,1.0,1.0,1.4963,107.5,1.0,1.21111,1.63704,3.77778,1.0,2.68889,1.0,1.58148,1.0,ASC_24A_4
491.64444,11.77778,9.02222,15.1037,405.65556,7.0,1.0,1.0,1.19259,86.16667,1.0,1.0,3.99259,1.88889,1.0,1.24444,1.0,1.58148,1.33333,ASC_24A_5
596.86667,11.28889,14.06296,14.13333,449.43333,21.22222,1.0,1.94815,1.08148,86.16667,1.0,1.54444,3.82222,1.55556,1.0,1.0,3.77778,1.0,1.0,ASC_24A_6
844.97778,32.26667,18.58889,38.45926,649.98889,22.88889,1.0,1.0,2.35556,86.16667,1.0,1.0,12.57037,4.33333,1.0,1.0,1.0,1.13704,1.11111,ASC_24A_7
522.53333,5.26667,12.92222,4.52593,380.98889,70.44444,1.0,1.0,1.56667,86.16667,1.0,1.21111,2.08148,4.88889,1.0,1.24444,1.88889,1.0,1.0,ASC_24A_8
642.53333,11.53333,12.47778,22.15556,476.43333,1.0,1.0,3.05926,1.26296,86.16667,1.0,1.21111,4.96296,6.0,1.0,1.93333,1.0,1.0,1.0,ASC_24A_9
1027.58889,18.52222,83.37778,34.05556,532.12222,54.32222,1.0,3.22222,12.25556,640.84444,1.0,69.21111,21.94444,11.28889,1.0,4.11111,3.77778,1.64444,11.85926,ASC_24B_0
912.58889,27.53333,62.26667,23.9,499.34444,37.87778,1.0,2.11111,12.92222,536.06667,1.0,76.32222,20.61111,29.95556,1.0,2.44444,4.88889,1.4,7.08889,ASC_24B_1
649.47778,31.31111,61.48889,31.5,441.12222,44.1,1.0,2.11111,12.25556,494.28889,1.0,63.32222,26.0,15.62222,1.0,2.55556,2.88889,1.64444,3.68889,ASC_24B_2
825.81111,27.63333,67.71111,47.05556,553.45556,163.73333,1.0,1.0,14.36667,436.84444,1.0,71.43333,16.0,21.2,1.0,4.0,1.0,1.2,5.02963,ASC_24B_3
830.03333,17.52222,57.71111,28.91111,413.34444,12.35556,1.0,1.0,13.14444,426.4,1.0,69.76667,19.5,3.48889,1.0,4.77778,1.0,1.0,8.75556,ASC_24B_4
949.25556,18.52222,56.48889,34.05556,592.23333,35.56667,1.0,3.22222,14.25556,426.4,1.0,70.1,21.05556,5.95556,1.0,4.44444,1.0,1.0,24.86667,ASC_24B_5
787.81111,25.42222,79.26667,28.91111,409.67778,40.31111,1.0,2.11111,13.25556,373.84444,1.0,76.98889,16.61111,6.53333,1.0,2.88889,1.88889,1.84444,19.42222,ASC_24B_6
1043.58889,26.31111,61.48889,41.65556,491.45556,74.24444,1.11111,7.77778,13.7,331.4,1.0,72.65556,17.44444,16.97778,1.77778,4.0,1.88889,1.2,28.80741,ASC_24B_7
958.92222,25.63333,46.04444,57.13333,634.56667,51.68889,1.0,2.11111,11.14444,331.4,1.0,63.1,15.44444,13.33333,1.0,3.33333,1.0,1.64444,10.08889,ASC_24B_8
1089.58889,27.31111,84.48889,46.73333,561.67778,34.08889,1.11111,4.33333,15.14444,331.4,1.0,85.54444,19.5,2.6,1.0,1.33333,1.0,1.84444,25.31111,ASC_24B_9
1224.35556,71.37778,134.0,30.88148,1210.83333,584.04444,1.08889,3.92593,45.4,4418.25556,1.41481,61.3,88.16667,13.51852,1.0,4.98519,1.0,1.35556,11.31111,ASC_2A_0
1544.68889,64.26667,132.88889,38.79259,1234.5,414.75556,1.0,6.44444,49.73333,3893.81111,1.63704,89.07778,102.72222,21.94444,1.0,3.15556,4.66667,2.42222,10.75556,ASC_2A_1
1747.02222,83.48889,148.22222,36.1037,1326.16667,237.73333,1.08889,1.0,49.4,3379.92222,1.83704,119.07778,120.5,33.94444,1.0,9.37037,2.88889,3.37778,14.08889,ASC_2A_2
1527.24444,79.6,130.33333,20.65926,1459.83333,256.53333,1.17778,2.81481,43.51111,3096.81111,2.06667,90.74444,133.72222,36.05556,1.0,4.59259,1.88889,1.8,13.42222,ASC_2A_3
1536.68889,92.71111,113.33333,48.07407,1720.16667,276.84444,1.08889,1.0,31.95556,2986.58889,1.96296,83.07778,92.38889,26.72222,1.0,5.31111,2.88889,3.26667,13.31111,ASC_2A_4
1268.57778,70.15556,128.77778,48.88148,1772.05556,371.53333,1.0,2.81481,36.06667,2897.25556,1.96296,87.18889,114.83333,18.61111,1.77778,5.14074,1.0,1.17778,14.2,ASC_2A_5
1896.8,97.37778,126.33333,62.71111,1615.27778,382.93333,1.0,3.92593,39.95556,2782.14444,1.41481,98.3,112.27778,31.94444,1.0,2.71111,1.0,2.42222,12.08889,ASC_2A_6
1453.02222,67.26667,128.88889,10.41481,1404.27778,251.48889,1.0,5.35185,38.06667,2671.7,2.17778,78.18889,83.38889,18.16667,1.0,8.02963,1.0,3.88889,16.31111,ASC_2A_7
1447.02222,59.08889,105.77778,30.99259,1543.5,325.26667,1.0,5.03704,34.28889,2551.58889,1.52593,79.41111,84.27778,17.53704,1.0,3.42963,1.0,1.62222,9.53333,ASC_2A_8
1519.68889,71.37778,140.88889,21.46667,1383.27778,444.6,1.0,1.90741,37.17778,2483.25556,1.84444,90.85556,80.72222,13.2037,1.0,5.31111,1.0,2.93333,9.75556,ASC_2A_9
5294.74444,150.12222,141.85556,242.6,1661.93333,1366.7037,1.0,2.02963,47.68889,3242.03333,2.51852,159.03333,451.16667,9.22222,1.0,4.44444,1.0,4.22222,38.86667,ASC_2B_0
5186.85556,143.01111,124.52222,150.27407,1532.82222,76.90741,1.0,4.08889,52.46667,3001.03333,2.17037,150.92222,128.61111,13.33333,1.0,5.22222,2.88889,5.44444,25.2,ASC_2B_1
4618.41111,175.45556,127.52222,154.82222,1580.15556,162.5,1.0,3.05926,68.02222,2937.36667,2.08148,133.47778,128.83333,8.77778,1.0,5.22222,1.88889,1.22222,27.75556,ASC_2B_2
5049.18889,194.67778,158.74444,214.37778,1602.93333,1111.57407,1.1,3.05926,44.46667,2796.25556,1.21481,149.92222,452.94444,13.55556,1.0,4.33333,1.0,3.0,25.31111,ASC_2B_3
4697.3,137.12222,118.07778,173.15556,1612.26667,435.72222,1.0,6.22963,49.8,2690.92222,3.06667,152.92222,138.27778,9.88889,1.0,6.22222,1.0,3.22222,28.31111,ASC_2B_4
4752.63333,188.67778,214.85556,167.93333,1672.26667,2403.81481,1.0,6.31111,35.68889,2628.25556,1.97778,142.58889,730.38889,10.44444,1.0,10.11111,1.0,2.33333,23.42222,ASC_2B_5
4901.41111,186.67778,168.63333,152.48889,1543.26667,2205.38889,1.1,7.42222,43.8,2534.25556,2.62222,140.14444,520.94444,9.66667,1.0,7.77778,1.88889,1.88889,26.64444,ASC_2B_6
5074.63333,133.01111,155.41111,137.27407,1483.93333,1760.59259,1.2,1.0,48.35556,2418.36667,1.96296,128.25556,288.5,11.66667,1.0,7.11111,1.0,4.22222,23.97778,ASC_2B_7
4016.52222,124.01111,100.96667,134.15556,1415.48889,111.68519,1.0,2.02963,51.46667,2282.58889,1.74815,127.47778,118.16667,4.88889,1.0,6.88889,1.0,3.0,24.08889,ASC_2B_8
5087.74444,161.34444,167.63333,188.37778,1551.37778,2020.25926,1.1,3.14074,39.57778,2204.03333,2.51852,126.14444,691.61111,6.0,1.0,9.44444,3.88889,3.66667,18.54815,ASC_2B_9
1816.2,108.28889,302.87778,67.87037,1507.48889,27.44444,1.0,3.93333,70.3,847.75556,1.64815,156.08889,77.84444,10.88889,1.0,5.13333,1.88889,3.22222,19.45926,ASC_3A_0
1676.97778,87.06667,230.54444,92.61852,1676.82222,47.88889,1.0,1.91111,47.07778,664.97778,1.32222,117.2,68.73333,10.82222,1.0,3.17778,1.88889,1.66667,12.34815,ASC_3A_1
1699.75556,104.51111,223.97778,74.3963,1496.04444,9.0,1.0,1.0,62.3,569.97778,1.54815,145.73333,72.94815,1.71111,1.0,2.66667,3.77778,1.66667,10.0963,ASC_3A_2
2051.53333,128.73333,222.21111,64.3963,1629.93333,17.0,1.0,2.82222,70.63333,496.86667,1.76667,120.53333,65.51111,6.11111,1.0,3.11111,1.0,2.55556,11.20741,ASC_3A_3
1441.53333,82.06667,184.43333,87.50741,1343.71111,33.22222,1.0,1.91111,53.85556,496.86667,1.43333,105.64444,49.17778,18.35556,1.0,2.37778,4.66667,3.22222,5.40741,ASC_3A_4
1692.97778,103.28889,176.87778,120.32593,1890.15556,16.88889,1.06667,3.93333,52.74444,460.31111,1.53704,96.86667,47.73333,12.37778,1.0,1.24444,1.88889,2.22222,5.04444,ASC_3A_5
1263.2,69.06667,161.76667,82.28519,1148.37778,33.22222,1.0,4.84444,60.96667,434.2,1.21481,119.31111,55.06667,1.71111,1.0,2.37778,2.77778,1.88889,3.96296,ASC_3A_6
1605.53333,101.28889,197.42222,76.54815,1352.6,35.44444,1.0,5.15556,56.67407,402.86667,1.43333,110.84444,67.84444,5.13333,1.0,1.93333,1.0,2.33333,5.26667,ASC_3A_7
1510.64444,64.06667,190.76667,29.71852,1052.15556,37.55556,1.0,1.91111,48.63333,402.86667,1.98148,92.31111,63.06667,2.86667,1.0,1.48889,1.88889,3.88889,4.48889,ASC_3A_8
1590.42222,94.28889,191.43333,63.14444,1692.37778,4.77778,1.0,5.75556,63.85556,402.86667,1.86667,116.75556,61.62222,2.6,1.0,2.42222,2.88889,2.55556,4.79259,ASC_3A_9
7016.63333,172.65556,723.34444,109.57778,7250.75556,120.4,1.0,9.40741,122.37778,3139.21111,3.63704,433.3,150.66667,12.45556,1.0,11.87407,17.0,13.88889,71.55556,ASC_3B_0
6742.85556,167.54444,701.12222,86.35556,7314.2,38.15185,1.17778,9.88148,112.37778,2709.21111,2.91111,430.18889,138.55556,10.67778,1.0,8.23704,9.44444,13.77778,64.88889,ASC_3B_1
5867.52222,105.98889,392.56667,60.92222,6802.31111,603.12593,1.17778,4.48889,83.71111,2232.32222,1.23704,266.3,121.55556,12.23333,1.0,9.31852,9.33333,5.11111,42.33333,ASC_3B_2
4846.41111,95.1,316.9,55.46667,5757.75556,258.04074,1.0,6.02963,61.48889,1870.54444,1.4,187.3,93.88889,15.39259,1.0,7.88148,7.44444,3.33333,32.66667,ASC_3B_3
5365.74444,118.1,309.01111,81.35556,6191.86667,383.26296,1.0,11.37778,62.82222,1686.98889,1.23704,171.74444,107.0,12.34444,1.0,6.18519,4.55556,3.55556,30.55556,ASC_3B_4
4611.74444,114.1,362.9,101.91111,6017.31111,327.76667,1.17778,8.36296,85.71111,1487.65556,2.35556,229.41111,131.22222,8.45556,1.0,4.85185,6.55556,4.11111,26.0,ASC_3B_5
5098.96667,137.43333,374.01111,96.56667,6371.97778,95.70741,1.0,3.6963,88.37778,1382.32222,1.74074,240.96667,125.22222,11.56667,1.77778,11.26667,3.77778,5.66667,30.0,ASC_3B_6
5121.07778,87.87778,202.45556,89.36667,7559.2,190.17778,1.0,7.5037,63.93333,1314.43333,1.9037,127.74444,83.88889,20.39259,1.77778,4.6,7.66667,3.44444,20.0,ASC_3B_7
4625.63333,68.43333,239.23333,43.38889,5309.97778,208.56296,1.0,2.58519,54.48889,1246.54444,1.4,131.3,72.0,11.34444,1.0,2.8,1.0,5.66667,25.18519,ASC_3B_8
5227.41111,90.76667,328.23333,94.58889,6700.75556,282.5963,1.0,3.6963,81.26667,1173.1,1.23704,203.3,157.55556,31.56667,1.0,7.23704,4.77778,4.22222,27.44444,ASC_3B_9
994.9,85.07778,188.11111,58.13333,1359.66667,3289.22222,1.0,4.08889,28.51111,989.14444,1.09259,79.7,436.37778,12.11111,1.0,3.6,1.88889,1.65556,5.42222,ASC_3C_0
998.67778,53.85556,191.44444,81.24444,1239.11111,1375.0,1.08148,4.08889,31.4,815.81111,1.27778,105.92222,210.04444,6.33333,1.0,2.17778,2.88889,4.5,9.08889,ASC_3C_1
1177.01111,62.96667,192.55556,65.56296,1449.22222,1769.88889,1.3037,1.98889,25.62222,737.36667,1.2963,94.65926,390.48889,10.44444,1.0,2.62222,3.77778,2.31111,7.71111,ASC_3C_2
1200.23333,47.74444,149.33333,75.78519,1042.55556,96.77778,1.08148,2.97778,40.95556,685.14444,1.5,134.47778,72.48889,12.11111,1.0,4.0,2.77778,3.83333,9.91111,ASC_3C_3
928.56667,50.71111,154.22222,65.8,982.55556,1190.33333,1.27407,1.0,35.84444,643.36667,1.18519,90.99259,217.37778,12.44444,1.77778,3.31111,1.0,3.38889,7.48889,ASC_3C_4
1309.12222,48.74444,250.88889,78.34074,1126.88889,51.55556,1.0,2.97778,40.51111,617.25556,1.72222,165.58889,161.71111,5.22222,1.0,1.73333,4.77778,5.15556,7.04444,ASC_3C_5
1264.67778,128.3,203.66667,83.1037,1533.55556,1072.77778,1.0,4.08889,34.62222,559.03333,1.09259,115.14444,396.82222,6.88889,1.0,1.48889,4.55556,2.31111,4.93333,ASC_3C_6
1443.78889,122.63333,228.44444,91.57778,1120.33333,1087.77778,1.0,3.1,46.95556,548.36667,2.0,171.03333,189.04444,3.88889,1.0,2.42222,3.88889,6.26667,10.2,ASC_3C_7
1413.23333,132.63333,206.44444,100.75556,1332.44444,1514.66667,1.16296,1.0,41.95556,548.36667,1.94444,111.47778,192.6,9.0,1.0,1.73333,2.77778,2.52222,7.48889,ASC_3C_8
998.56667,40.63333,149.33333,93.43704,1073.33333,1568.11111,1.0,2.97778,20.31852,548.36667,1.18519,50.81111,207.97778,13.0,1.0,2.62222,1.0,1.86667,5.73333,ASC_3C_9
1103.3,68.65556,120.85556,73.9037,1277.63333,403.48889,1.11111,2.98148,28.38889,2026.78889,1.31111,87.36667,78.47778,48.23333,1.0,11.08889,3.88889,1.22222,12.4,ASC_4A_0
979.41111,57.86667,90.18889,80.71111,1011.3,300.71111,1.0,2.74074,22.5,1664.78889,1.0,62.06667,55.65926,56.67778,1.0,9.91852,1.0,1.66667,8.48889,ASC_4A_1
1143.96667,167.65556,117.52222,55.92593,1081.07778,321.02222,1.0,1.87037,18.16667,1434.23333,1.20741,88.58889,72.47778,46.34444,1.0,9.3037,6.77778,1.44444,10.73333,ASC_4A_2
1203.74444,84.08889,112.07778,59.31852,978.18889,214.37778,1.44444,3.61111,20.61111,1318.34444,1.1037,70.47778,46.32593,52.12222,1.0,9.64444,3.88889,1.0,10.0963,ASC_4A_3
995.41111,56.96667,112.96667,74.03704,951.63333,175.13333,1.0,1.0,15.27778,1198.23333,1.0,55.28889,83.88148,40.12222,1.77778,8.37037,1.88889,2.55556,9.68148,ASC_4A_4
1486.41111,178.98889,142.41111,81.68148,1126.07778,371.42222,1.0,2.74074,20.38889,1098.78889,1.1037,95.81111,70.7,37.23333,1.0,10.35556,3.88889,2.33333,12.31852,ASC_4A_5
1024.07778,104.08889,141.18889,115.87407,1136.18889,788.64444,1.22222,2.98148,17.94444,1066.67778,1.20741,62.03333,77.47778,40.12222,1.0,9.92593,1.0,1.88889,9.68148,ASC_4A_6
976.18889,90.2,102.41111,91.9037,1029.07778,196.97778,1.0,2.74074,20.72222,977.9,1.31111,66.47778,56.84074,31.9,1.0,6.03704,1.0,1.0,7.54074,ASC_4A_7
1969.85556,117.21111,310.41111,84.12593,1517.07778,475.24444,1.22222,3.85185,19.83333,904.78889,1.0,79.03333,85.47778,15.01111,1.0,5.42222,12.55556,2.33333,7.06667,ASC_4A_8
1482.63333,71.76667,95.63333,78.28889,1090.18889,448.82222,1.33333,4.96296,16.94444,878.67778,1.0,78.47778,55.25556,39.56667,1.0,6.75556,6.77778,2.77778,11.98519,ASC_4A_9
5006.82222,201.36667,132.06667,192.58889,2340.41111,107.24444,1.09259,4.33333,19.38889,1097.01111,1.0,132.17778,79.86667,16.91111,1.0,4.0,2.77778,1.44444,12.31111,ASC_4B_0
5091.15556,189.36667,112.28889,264.36667,2558.96667,200.1037,1.09259,1.0,17.83333,1008.23333,1.0,135.62222,79.86667,11.93333,1.0,4.33333,3.88889,1.22222,11.04444,ASC_4B_1
5007.71111,160.25556,106.62222,153.81111,2729.63333,170.91111,1.09259,3.22222,19.61111,934.56667,1.22222,121.17778,79.86667,8.13333,1.0,6.88889,4.77778,3.0,10.37778,ASC_4B_2
5181.6,194.25556,122.17778,189.7,2984.74444,227.82963,1.09259,8.88889,20.94444,913.23333,1.11111,125.84444,98.2,8.57778,1.0,6.66667,1.88889,4.33333,13.6,ASC_4B_3
5786.82222,182.36667,133.28889,254.25556,2620.18889,284.21481,1.09259,6.55556,21.27778,861.01111,1.0,137.62222,75.97778,16.13333,1.0,8.88889,1.88889,3.22222,11.04444,ASC_4B_4
5026.93333,199.47778,117.62222,220.81111,2771.96667,214.43704,1.09259,5.44444,20.94444,819.23333,1.0,148.84444,85.42222,12.57778,1.0,6.44444,3.88889,2.44444,13.82222,ASC_4B_5
4509.37778,189.47778,131.73333,197.58889,2549.41111,192.61852,1.0,7.66667,20.83333,808.78889,1.22222,136.62222,65.53333,7.17778,1.0,4.11111,1.0,1.22222,11.48889,ASC_4B_6
5289.6,201.36667,141.84444,195.03333,2676.07778,50.1037,1.0,5.44444,17.61111,740.9,1.0,124.28889,69.86667,7.93333,1.0,3.55556,1.0,2.22222,12.48889,ASC_4B_7
4969.15556,153.92222,118.28889,205.25556,2524.96667,104.28519,1.0,3.22222,14.94444,725.23333,1.0,131.95556,50.75556,6.15556,1.0,3.55556,2.77778,1.44444,11.82222,ASC_4B_8
5108.15556,202.58889,121.73333,200.03333,2675.85556,52.95185,1.0,2.11111,17.05556,725.23333,1.0,149.73333,66.53333,5.86667,1.0,4.66667,3.77778,1.88889,9.04444,ASC_4B_9
7316.33333,129.71111,116.0,252.33333,1128.44444,153.26296,1.0,2.11111,24.66667,837.51111,1.22222,104.05556,55.87778,22.66667,1.0,4.0,3.77778,2.55556,13.87778,ASC_4C_0
8299.11111,149.82222,115.44444,291.0,1146.55556,120.73333,1.0,2.11111,24.77778,764.4,1.11111,140.16667,58.98889,19.22222,1.0,3.37778,1.88889,1.66667,20.32222,ASC_4C_1
8609.55556,158.04444,105.11111,293.77778,1127.33333,200.23704,1.0,5.44444,30.33333,733.06667,1.0,125.27778,59.32222,21.33333,1.0,4.31111,1.88889,1.22222,16.76667,ASC_4C_2
7251.77778,129.82222,104.55556,314.22222,1137.88889,148.79259,1.0,4.33333,24.33333,717.4,1.0,120.72222,62.54444,30.0,1.0,2.17778,1.0,1.0,15.87778,ASC_4C_3
7565.33333,133.82222,98.0,278.11111,1104.77778,114.37407,1.11111,4.33333,23.33333,638.06667,1.0,108.05556,50.76667,7.33333,1.0,3.55556,2.88889,1.44444,13.65556,ASC_4C_4
6688.0,166.26667,94.33333,175.0,898.66667,77.87037,1.0,7.66667,22.22222,638.06667,1.0,91.5,45.21111,5.0,1.0,3.55556,1.88889,2.33333,8.54444,ASC_4C_5
6573.55556,108.71111,116.11111,236.88889,938.11111,340.62222,1.0,6.55556,19.77778,638.06667,1.0,107.05556,46.43333,5.22222,1.0,5.88889,4.66667,1.44444,11.32222,ASC_4C_6
6949.22222,183.26667,109.33333,249.66667,1084.0,89.34815,1.0,3.22222,20.88889,611.95556,1.0,93.94444,55.43333,5.77778,1.0,5.0,1.88889,1.0,8.76667,ASC_4C_7
6516.77778,149.82222,116.44444,208.33333,1065.22222,114.15185,1.0,3.22222,22.88889,591.06667,1.11111,96.61111,59.54444,11.33333,1.71852,1.24444,1.0,1.22222,14.43333,ASC_4C_8
8681.22222,163.15556,112.66667,262.77778,1030.77778,141.04074,1.11111,4.33333,25.0,580.62222,1.11111,136.38889,65.98889,16.77778,1.0,3.55556,14.55556,3.0,15.54444,ASC_4C_9
1677.72222,55.93333,223.45556,69.00741,2033.67778,53.88889,1.0,1.0,59.58889,827.36667,2.4963,236.91111,91.95556,3.91111,1.0,2.4963,1.0,2.24444,11.35556,ASC_5A_0
1654.38889,48.04444,228.45556,55.14815,1907.56667,88.88889,1.11111,2.07037,65.81111,743.7,2.06667,225.8,79.51111,3.42222,1.77778,3.24444,1.0,2.48889,10.02222,ASC_5A_1
1678.83333,54.97778,209.45556,76.67407,1969.67778,15.0,1.0,5.32222,65.36667,675.81111,2.39259,226.13333,81.62222,5.97778,1.0,1.60741,1.0,2.48889,7.57778,ASC_5A_2
1798.05556,39.93333,196.12222,103.64444,2053.34444,12.77778,1.11111,1.0,65.58889,665.36667,2.07407,242.68889,80.84444,2.55556,1.0,2.35556,1.0,1.84444,5.22963,ASC_5A_3
1761.16667,64.26667,223.34444,87.43704,2043.56667,72.55556,1.0,4.25185,73.25556,628.81111,2.4,233.68889,79.73333,2.15556,1.0,3.54815,1.0,3.66667,5.68889,ASC_5A_4
1949.38889,28.71111,195.9,97.77037,2096.01111,9.0,1.0,3.18148,81.25556,575.7,2.82963,211.57778,85.13333,4.2,1.0,2.65926,1.82222,1.64444,5.02222,ASC_5A_5
1557.61111,48.04444,243.67778,82.86667,1883.67778,1.0,1.0,3.18148,60.14444,570.36667,2.39259,185.35556,74.06667,3.64444,1.0,2.8,3.46667,4.64444,9.54815,ASC_5A_6
2315.94444,71.26667,239.12222,67.53333,2462.56667,6.88889,1.0,2.07037,71.47778,554.7,3.39259,264.13333,73.62222,5.04444,1.0,2.35556,2.64444,2.04444,8.77037,ASC_5A_7
1950.5,47.93333,182.78889,69.00741,2039.12222,17.0,1.11111,4.25185,78.92222,523.36667,1.53333,192.57778,85.4,2.42222,1.0,1.0,2.64444,3.13333,4.8963,ASC_5A_8
2008.05556,70.26667,248.56667,97.99259,2169.9,21.11111,1.11111,2.07037,75.14444,476.36667,1.94815,228.57778,92.17778,4.51111,1.77778,1.3037,1.0,3.66667,8.43704,ASC_5A_9
2795.07778,93.96667,224.41111,62.54815,1591.26667,53.66667,1.0,1.95185,28.9,1437.15556,1.61111,254.57778,47.21111,47.56667,1.0,2.55556,4.66667,1.66667,6.8,ASC_5B_0
2853.85556,110.18889,214.52222,109.13333,1658.48889,19.22222,1.0,1.95185,36.9,1164.48889,1.41111,214.02222,48.32222,30.56667,1.0,2.0,1.0,1.66667,7.63704,ASC_5B_1
3363.85556,91.18889,264.74444,86.13333,1867.37778,31.0,1.1037,2.9037,39.34444,1086.04444,1.2,232.8,56.32222,43.23333,1.0,3.88889,1.0,1.66667,11.68889,ASC_5B_2
3908.41111,102.3,255.3,126.00741,1872.71111,27.0,1.0,4.01481,37.23333,1007.71111,1.73333,272.68889,52.21111,29.56667,1.0,3.66667,1.0,2.55556,11.68889,ASC_5B_3
3678.18889,96.18889,258.18889,109.24444,1878.26667,17.0,1.0,4.01481,32.9,955.26667,1.31111,277.57778,56.76667,60.01111,1.77778,2.22222,1.88889,1.88889,10.8,ASC_5B_4
3804.18889,112.52222,261.74444,104.13333,1852.71111,33.22222,1.0,7.02963,40.01111,917.93333,1.3,275.35556,57.43333,37.45556,1.0,4.44444,1.0,1.44444,8.68889,ASC_5B_5
3877.63333,105.3,260.41111,155.8,1859.37778,29.22222,1.0,4.01481,42.12222,891.82222,2.03333,291.68889,53.54444,42.67778,1.0,1.77778,1.0,1.88889,10.08148,ASC_5B_6
3739.18889,111.3,265.3,92.34074,1813.93333,14.77778,1.0,3.85556,40.67778,829.15556,1.83333,267.91111,57.43333,48.78889,1.0,1.77778,1.0,2.33333,7.97037,ASC_5B_7
3614.41111,107.41111,243.74444,141.34074,1855.26667,13.0,1.0,1.95185,34.23333,823.93333,1.61111,251.8,53.76667,64.12222,1.77778,2.11111,1.88889,1.66667,9.02222,ASC_5B_8
4442.74444,113.3,259.41111,107.8963,1936.48889,9.0,1.0,5.91852,38.01111,823.93333,1.52222,259.68889,59.21111,33.34444,1.0,1.77778,1.0,1.44444,12.68889,ASC_5B_9
1947.9,100.18889,99.23333,65.85185,2666.82222,22.66667,1.0,2.41481,16.04444,978.2,1.0,131.6,43.63333,2.88889,1.0,5.66667,1.0,2.33333,10.28889,ASC_6A_0
2074.45556,110.18889,103.45556,70.96296,2850.6,14.44444,1.0,10.2037,18.15556,899.42222,1.55556,131.6,51.52222,2.55556,1.0,5.22222,3.66667,1.66667,12.95556,ASC_6A_1
1523.56667,87.15556,89.01111,56.66667,1994.93333,30.27778,1.11111,4.63704,13.15556,851.86667,1.0,133.93333,37.18889,1.22222,1.0,3.55556,1.0,2.11111,10.84444,ASC_6A_2
1727.67778,107.3,99.78889,78.74074,2173.48889,68.55556,1.0,4.04074,19.6,804.86667,1.44444,142.71111,42.52222,1.55556,1.0,4.33333,1.88889,1.66667,11.17778,ASC_6A_3
2152.45556,82.07778,80.34444,40.66667,2920.82222,33.0,1.0,1.70741,16.6,773.53333,1.11111,112.6,51.07778,1.0,1.0,2.55556,1.0,1.44444,10.17778,ASC_6A_4
1814.67778,86.18889,99.23333,92.55556,2756.93333,9.05556,1.0,2.81852,12.6,773.53333,1.0,127.26667,36.18889,12.66667,1.0,3.0,1.0,1.22222,7.4,ASC_6A_5
2121.12222,90.07778,90.45556,49.37037,3085.6,71.38889,1.0,4.94074,13.82222,726.53333,1.0,140.93333,50.63333,4.55556,1.0,5.11111,3.77778,1.66667,9.17778,ASC_6A_6
1907.67778,93.18889,88.12222,55.40741,2529.93333,45.16667,1.11111,1.70741,13.71111,705.64444,1.0,125.15556,33.74444,1.66667,1.0,8.44444,2.88889,1.44444,11.28889,ASC_6A_7
1349.45556,66.85556,70.56667,46.33333,1932.15556,78.16667,1.0,2.81852,12.71111,679.53333,1.0,134.37778,37.96667,2.77778,1.0,4.66667,1.88889,1.22222,10.51111,ASC_6A_8
1684.01111,120.41111,91.01111,32.2963,2279.15556,21.38889,1.0,4.23333,16.15556,679.53333,1.0,126.93333,42.63333,13.22222,1.0,4.11111,1.88889,1.88889,10.06667,ASC_6A_9
1155.94444,31.61111,91.16667,61.73333,1125.96667,109.0,1.0,2.11111,22.2,1298.17778,1.44444,136.72222,56.52222,20.91111,1.0,3.54815,1.0,1.44444,11.52593,ASC_6B_0
1262.94444,37.61111,101.61111,62.82222,1208.52222,279.44444,1.0,3.22222,17.42222,1088.62222,1.0,128.05556,54.85556,11.68889,1.0,3.54815,1.88889,1.22222,12.42222,ASC_6B_1
1111.61111,54.94444,104.38889,36.93333,1120.07778,279.44444,1.0,4.33333,20.86667,1005.06667,1.0,140.94444,65.18889,10.68889,1.0,4.2963,1.0,1.22222,13.31111,ASC_6B_2
1137.16667,51.94444,98.05556,35.57778,1036.63333,240.33333,1.0,4.33333,18.53333,915.4,1.33333,124.83333,63.3,6.57778,1.0,3.40741,1.0,1.0,11.47407,ASC_6B_3
1274.38889,46.83333,86.5,53.08889,1208.63333,84.44444,1.0,4.33333,23.75556,910.06667,1.0,141.5,46.41111,22.56667,1.0,2.35556,1.88889,1.88889,9.75556,ASC_6B_4
1170.27778,44.72222,82.5,38.51111,1097.63333,271.44444,1.0,4.33333,19.31111,836.95556,1.0,110.16667,46.41111,9.9,1.0,4.71111,1.0,1.44444,8.75556,ASC_6B_5
1207.83333,38.61111,84.72222,52.48889,1159.85556,222.11111,1.0,5.44444,20.2,816.06667,1.0,111.27778,50.3,11.94444,1.0,2.8,2.77778,1.0,7.97778,ASC_6B_6
1064.72222,45.72222,75.5,56.51111,1073.3,33.22222,1.0,3.22222,14.64444,774.28889,1.11111,99.38889,32.74444,9.8,1.0,1.74815,1.88889,1.22222,9.53333,ASC_6B_7
1471.72222,48.44444,82.38889,63.57778,1308.74444,58.33333,1.0,2.11111,22.2,732.51111,1.0,129.16667,47.96667,10.46667,1.0,2.35556,1.88889,1.0,9.6963,ASC_6B_8
1240.83333,35.61111,74.5,89.46667,1077.07778,16.66667,1.0,7.66667,16.64444,722.06667,1.11111,109.05556,41.74444,9.6,1.0,3.85185,1.0,1.0,6.08889,ASC_6B_9
2529.77778,59.85556,232.41111,91.18519,1555.9,854.62222,1.21481,4.33333,19.01111,1246.72222,1.11111,64.64444,98.35556,17.57407,1.0,3.81481,1.82222,1.22222,10.99259,ASC_6C_0
2826.0,77.96667,125.18889,69.62963,1420.34444,942.84444,1.1037,3.22222,14.78889,969.05556,1.33333,66.75556,143.02222,8.47037,1.0,2.66667,1.82222,1.88889,11.64444,ASC_6C_1
2949.77778,80.07778,188.3,130.22222,1550.9,1470.14444,1.31852,4.33333,12.23333,801.27778,1.0,49.75556,175.68889,3.12963,1.0,6.66667,2.64444,2.33333,10.2,ASC_6C_2
2454.88889,69.85556,129.52222,67.96296,1568.34444,823.84444,1.0,2.11111,16.54074,701.72222,1.33333,61.97778,164.13333,2.8037,1.0,3.62963,1.0,1.88889,11.43704,ASC_6C_3
2301.66667,48.48889,109.3,47.62963,1379.78889,561.43333,1.0,6.55556,14.9,607.72222,1.55556,63.64444,104.13333,4.27407,1.0,1.51852,1.0,1.44444,9.86667,ASC_6C_4
3115.44444,80.07778,121.74444,135.22222,1385.78889,712.14444,1.0,3.22222,12.20741,571.05556,1.11111,63.53333,67.13333,2.91481,1.0,5.77778,2.82222,1.0,8.86667,ASC_6C_5
3122.33333,75.85556,107.3,88.48148,1520.23333,626.98889,1.0,3.22222,16.45556,507.5,1.66667,65.64444,57.46667,6.85556,1.0,6.03704,1.0,1.44444,10.53333,ASC_6C_6
3425.55556,84.18889,103.85556,101.88889,1356.56667,723.76667,1.0,5.44444,12.56667,460.5,1.44444,57.53333,74.45185,1.0,1.0,2.66667,1.0,1.22222,8.99259,ASC_6C_7
3577.55556,70.96667,90.3,112.33333,1433.34444,287.38889,1.0,2.11111,13.78889,423.94444,1.33333,81.97778,61.24444,1.0,1.0,3.44444,2.82222,1.44444,10.08889,ASC_6C_8
3692.77778,58.85556,103.74444,86.07407,1243.34444,230.64444,1.0,8.77778,14.9,413.5,1.11111,70.97778,61.46667,2.24815,1.0,2.92593,1.0,1.44444,7.75556,ASC_6C_9
2022.05556,135.73333,109.15556,79.71111,1482.75556,22.2963,1.0,5.84444,20.01111,900.26667,1.0,174.23333,70.02222,11.15556,1.0,4.0,1.0,1.2,13.4,ASC_7A_0
2172.61111,123.62222,118.15556,14.42222,1652.64444,80.90741,5.63704,7.06667,21.01111,806.04444,1.0,205.67778,65.35556,16.96296,1.0,3.55556,3.66667,1.2,16.62222,ASC_7A_1
2202.72222,155.73333,169.71111,48.28889,1716.2,56.12963,3.20741,2.98519,27.56667,753.82222,1.0,242.45556,72.68889,29.26667,1.0,6.82222,2.88889,1.2,19.28889,ASC_7A_2
1726.05556,106.4,101.6,34.44444,1352.64444,32.31481,1.0,2.74815,17.78889,701.6,1.0,186.78889,54.02222,11.84444,1.0,2.17778,1.88889,1.0,12.84444,ASC_7A_3
2151.27778,132.51111,108.6,69.91111,1562.97778,14.38889,1.0,9.81481,24.34444,654.6,1.11111,189.23333,73.13333,9.71111,1.0,5.37778,1.0,1.0,11.51111,ASC_7A_4
2087.05556,132.62222,126.6,71.4,1572.75556,4.37037,1.0963,1.87407,25.9,606.6,1.0,224.23333,75.57778,5.94815,1.0,4.11111,2.77778,1.0,12.84444,ASC_7A_5
2041.16667,124.62222,136.71111,54.46667,1598.53333,14.07407,1.0963,4.73333,18.23333,596.15556,1.11111,229.56667,57.24444,7.94815,1.0,3.31111,1.88889,1.2,15.17778,ASC_7A_6
2148.38889,98.4,124.37778,35.51111,1636.86667,15.33333,1.0963,2.98519,23.45556,559.6,1.0,229.34444,61.68889,5.28889,1.0,3.31111,1.0,1.2,14.51111,ASC_7A_7
1972.05556,138.62222,127.26667,37.0,1593.2,6.48148,1.0,4.4963,21.01111,512.6,1.0,191.12222,65.91111,7.61481,1.0,4.24444,9.44444,2.28889,14.28889,ASC_7A_8
2111.72222,130.51111,120.26667,44.77778,1582.42222,107.14815,1.0,1.87407,21.01111,512.6,1.0,199.78889,57.91111,2.3037,1.0,3.31111,4.66667,1.0,12.35556,ASC_7A_9
1223.81111,121.22222,131.68889,77.31111,1054.67778,151.17778,1.0,1.0,92.26667,3190.68889,8.41111,210.72222,257.1,8.11111,2.55556,1.33333,2.82222,3.33333,22.45556,ASC_7B_0
1574.58889,92.0,112.91111,103.31111,1095.23333,74.28889,1.11111,1.99259,105.48889,3054.13333,9.3,237.94444,310.54444,15.44444,1.0,2.55556,1.82222,4.0,23.34444,ASC_7B_1
1642.7,79.66667,130.35556,94.46667,1185.45556,267.15556,1.0,1.0,104.48889,2949.24444,9.08148,250.94444,300.1,7.33333,1.0,5.11111,2.82222,4.95556,25.78889,ASC_7B_2
1438.7,105.88889,121.35556,137.62222,1096.12222,174.48889,1.0,1.0,89.15556,2849.46667,7.63333,253.72222,274.54444,9.33333,1.0,3.44444,1.82222,5.62222,24.12222,ASC_7B_3
1530.81111,83.77778,136.02222,153.17778,1125.34444,209.2,1.11111,1.0,87.37778,2765.91111,6.18889,253.94444,246.43333,2.88889,1.0,2.88889,3.64444,4.11111,22.01111,ASC_7B_4
1958.14444,91.66667,112.46667,137.62222,1214.45556,106.71111,1.11111,2.98519,107.71111,2702.91111,6.74444,232.5,268.32222,9.44444,1.0,2.77778,1.82222,8.62222,34.12222,ASC_7B_5
1397.36667,126.11111,103.68889,117.57778,1168.67778,195.22222,1.11111,1.99259,93.93333,2629.13333,6.85556,240.38889,268.32222,9.33333,1.0,4.66667,1.0,4.24444,21.01111,ASC_7B_6
1177.92222,81.77778,103.91111,68.8,1225.45556,159.86667,1.0,1.99259,92.48889,2550.8,6.07778,228.27778,249.98889,6.55556,1.77778,4.0,1.0,4.75556,22.34444,ASC_7B_7
1353.81111,146.33333,132.35556,99.06667,1158.12222,204.8,1.11111,4.0963,103.37778,2550.8,5.85556,264.83333,210.43333,5.33333,1.0,3.44444,1.0,4.11111,24.34444,ASC_7B_8
1601.03333,129.33333,115.35556,86.68889,1153.9,165.8,1.11111,1.0,102.71111,2456.8,6.08148,240.94444,279.32222,6.88889,1.77778,3.22222,1.0,6.4,30.23333,ASC_7B_9
3672.12222,1011.73333,840.57778,201.52593,3159.93333,554.26667,1.0,7.07407,51.16667,2544.06667,1.44444,160.8,128.03333,63.0,1.77778,41.22222,13.33333,2.48889,12.31852,ASC_7C_0
2461.78889,746.28889,516.46667,136.41111,2073.04444,526.12593,1.22222,6.2,40.61111,1589.84444,1.66667,100.24444,94.36667,44.22222,1.0,29.22222,12.33333,1.4,9.87407,ASC_7C_1
2343.23333,807.84444,504.24444,133.85556,1672.04444,606.23704,1.0,1.0,41.27778,1201.73333,1.0,73.35556,59.7,48.88889,1.0,13.0,2.77778,1.64444,5.54074,ASC_7C_2
2193.9,478.26667,384.71111,110.63333,1471.37778,207.4,1.0,6.2,30.38889,1018.51111,1.22222,98.68889,86.47778,33.22222,1.0,12.44444,3.66667,1.64444,10.06667,ASC_7C_3
1736.34444,281.02222,153.08889,87.52222,922.6,21.83704,1.11111,23.52593,32.38889,866.4,1.88889,121.24444,110.36667,9.33333,1.0,4.33333,4.88889,1.2,9.84444,ASC_7C_4
1702.01111,224.46667,120.15556,75.97407,803.82222,32.05926,1.0,10.63704,31.38889,792.95556,2.0,148.35556,103.03333,10.66667,1.77778,4.77778,2.88889,1.84444,8.76296,ASC_7C_5
1650.78889,207.40741,189.42222,67.52593,813.6,101.2,1.0,5.08889,24.94444,740.73333,2.0,92.57778,82.03333,17.22222,1.77778,3.66667,3.77778,1.64444,7.51111,ASC_7C_6
1494.23333,71.02222,57.35556,54.52593,810.6,139.80741,1.0,28.84444,38.94444,657.17778,1.88889,141.02222,113.14444,3.0,1.0,3.77778,1.0,1.2,13.42963,ASC_7C_7
1664.12222,279.45926,220.35556,71.96667,1122.93333,89.72593,1.0,6.08148,28.27778,588.4,2.0,106.68889,88.92222,14.0,1.0,5.11111,1.88889,1.84444,7.54074,ASC_7C_8
1151.56667,72.26667,58.93333,83.08148,702.71111,16.58519,1.0,5.08889,24.27778,583.06667,1.44444,128.8,88.47778,6.88889,1.0,2.88889,1.0,4.4,9.31852,ASC_7C_9
1782.37778,83.06667,78.64444,29.84444,1656.53333,110.1,1.0,1.87407,9.18519,497.94444,1.39259,160.95556,28.80741,8.37037,1.0,2.44444,1.0,1.0,6.74074,ASC_8A_0
2102.15556,108.47778,99.31111,58.36296,1791.75556,200.54444,1.0,3.85926,10.77778,445.72222,1.0,180.17778,31.7,1.74074,1.0,2.55556,1.88889,1.0,10.25926,ASC_8A_1
1725.15556,77.36667,68.2,78.91852,1551.31111,112.75556,1.0,7.35556,6.51852,409.16667,1.0,140.06667,17.02593,14.96296,1.0,1.66667,1.88889,1.0,7.48148,ASC_8A_2
1650.48889,80.1,68.53333,55.58519,1582.2,53.85556,1.0,4.97037,8.44444,409.16667,1.08519,137.62222,25.8037,10.22222,1.0,1.33333,1.88889,1.66667,6.07407,ASC_8A_3
1882.82222,99.47778,86.86667,59.85926,1697.53333,158.74444,1.0,1.87407,9.22222,356.83333,1.0,157.4,26.36296,5.07407,1.0,3.33333,1.0,1.0,7.2963,ASC_8A_4
1699.04444,78.47778,75.97778,75.19259,1456.2,158.08889,1.0,4.73333,8.44444,314.16667,1.0,149.95556,13.47407,3.85185,1.0,1.0,6.77778,1.66667,5.0,ASC_8A_5
1588.15556,80.47778,72.2,71.97778,1404.75556,172.27778,1.0,1.0,6.22222,314.16667,1.0,145.4,26.6963,1.37037,1.0,2.88889,4.77778,1.22222,3.74074,ASC_8A_6
1749.15556,73.36667,72.97778,49.41481,1489.31111,60.73333,1.0,1.0,9.0,314.16667,1.0,136.95556,37.91852,5.40741,1.77778,1.77778,1.88889,1.0,6.03704,ASC_8A_7
1687.37778,88.58889,77.75556,67.41481,1504.75556,179.18889,1.09259,1.0,9.2963,277.61111,1.0,183.51111,23.81111,1.03704,1.0,2.0,5.88889,1.22222,6.2963,ASC_8A_8
1859.26667,72.36667,73.86667,65.80741,1684.75556,91.51111,1.0,3.85926,9.0,267.16667,1.0,184.28889,13.47037,6.40741,1.0,1.77778,1.0,1.0,6.88889,ASC_8A_9
963.63333,29.01111,65.04444,54.74074,850.58889,20.88889,1.0,3.22222,15.91111,595.76667,1.0,120.51111,38.2,2.11111,1.0,5.88889,1.0,1.0,8.48889,ASC_8B_0
978.63333,28.9,56.71111,80.03704,798.14444,25.44444,1.0,3.22222,14.46667,533.1,1.0,111.06667,34.32593,1.44444,1.0,4.55556,1.0,1.0,6.17778,ASC_8B_1
939.96667,26.9,59.15556,44.77778,796.58889,117.55556,1.0,5.44444,16.24444,496.54444,1.0,122.62222,45.31111,1.55556,1.0,6.11111,1.0,3.22222,8.24444,ASC_8B_2
930.63333,25.57778,64.04444,35.2963,811.25556,19.0,1.11111,3.22222,17.91111,454.76667,1.0,144.51111,46.97778,4.11111,1.77778,2.0,1.0,2.66667,7.15556,ASC_8B_3
834.63333,16.04444,49.04444,44.51852,682.25556,10.88889,1.0,4.33333,15.57778,454.76667,1.0,98.06667,31.75556,1.22222,1.0,6.44444,1.0,1.22222,7.8,ASC_8B_4
915.18889,31.01111,50.04444,54.25926,768.92222,25.44444,1.11111,4.33333,16.02222,454.76667,1.0,106.84444,32.75556,1.0,1.0,5.11111,1.0,2.22222,6.71111,ASC_8B_5
877.07778,12.57778,60.37778,37.48148,728.14444,76.66667,1.0,7.66667,14.46667,454.76667,1.0,101.28889,31.31111,1.11111,1.0,3.88889,1.0,1.22222,7.13333,ASC_8B_6
960.74444,22.9,53.93333,64.59259,752.58889,58.22222,1.0,1.0,15.13333,433.87778,1.0963,126.17778,31.54815,1.11111,1.0,1.33333,1.0,1.44444,8.02222,ASC_8B_7
940.41111,43.23333,52.82222,32.37037,777.92222,10.88889,1.0,3.22222,14.13333,407.76667,1.0,118.51111,25.75556,10.0,1.0,4.66667,1.0,1.22222,7.68889,ASC_8B_8
816.41111,28.68889,40.6,52.07407,666.58889,6.88889,1.0,1.0,10.91111,381.1,1.0,88.06667,26.32593,1.22222,1.0,1.66667,1.0,1.66667,6.84444,ASC_8B_9
953.85556,224.78889,386.64444,109.38889,897.06667,2787.68889,1.0,1.0,34.02222,4173.33333,1.22222,67.92222,152.84444,192.63333,1.0,5.0,13.33333,1.84444,27.84444,ASC_8C_0
978.85556,184.45556,282.08889,79.59259,846.73333,2974.46667,1.22222,4.17037,32.13333,3439.22222,1.0,70.92222,148.17778,188.3,1.0,10.66667,6.55556,2.48889,19.17778,ASC_8C_1
886.18889,144.23333,193.97778,102.7037,793.28889,2051.35556,1.0,2.02963,27.8,2930.66667,1.0,70.36667,116.51111,134.96667,1.0,4.55556,7.66667,2.93333,17.73333,ASC_8C_2
763.63333,127.9,237.2,44.57407,785.51111,2315.35556,1.0,2.02963,29.91111,2741.77778,1.22222,109.7,111.06667,127.85556,1.0,7.88889,2.88889,4.6,16.42963,ASC_8C_3
745.74444,146.23333,273.42222,35.44444,701.28889,1811.02222,1.22222,1.0,31.24444,2579.11111,1.0,78.81111,83.51111,120.74444,1.0,9.11111,8.55556,3.22222,16.4,ASC_8C_4
932.07778,139.23333,234.08889,100.14815,813.84444,1602.22963,1.0,4.17037,24.24444,2338.11111,1.22222,108.81111,107.06667,139.3,1.0,4.11111,5.66667,6.62222,13.4,ASC_8C_5
878.85556,138.9,216.53333,87.25926,799.28889,2189.35556,1.11111,4.17037,23.02222,2254.55556,1.0,120.03333,113.51111,89.52222,1.0,5.88889,1.88889,4.04444,16.34815,ASC_8C_6
847.3,146.23333,232.64444,95.14815,776.28889,2269.24444,1.0,1.0,26.46667,2154.33333,1.33333,81.14444,109.17778,157.74444,1.0,8.33333,1.0,2.68889,16.17778,ASC_8C_7
844.18889,122.9,207.31111,67.90741,821.51111,1568.24444,1.0,3.14074,29.35556,2065.55556,1.11111,95.14444,134.06667,72.52222,1.0,8.22222,1.0,4.26667,10.51111,ASC_8C_8
856.41111,141.9,231.53333,52.35185,788.84444,3707.57778,1.33333,1.0,22.48889,1981.88889,1.0,73.7,113.28889,81.74444,1.0,14.33333,17.33333,3.8,22.98519,ASC_8C_9
1323.27778,112.28889,319.62222,38.6963,1377.66667,144.2,1.0,3.93333,55.26667,1051.76667,3.11111,201.05556,77.45556,28.77778,1.0,2.77778,1.88889,3.66667,62.64444,ASC_9A_0
1385.61111,110.4,357.17778,63.52593,1447.11111,166.46296,1.11111,1.0,50.71111,926.32222,2.77778,191.94444,70.67778,13.11111,1.0,4.11111,2.88889,3.37778,54.75556,ASC_9A_1
1595.5,115.4,344.95556,48.80741,1542.11111,133.86667,1.11111,6.26667,50.15556,831.43333,2.0,204.27778,76.01111,11.66667,1.0,4.55556,4.66667,3.84444,56.08889,ASC_9A_2
1269.27778,101.17778,293.06667,62.68889,1351.22222,92.75556,1.0,1.91111,52.04444,758.32222,3.44444,168.27778,74.67778,13.0,1.0,4.66667,1.0,4.17778,55.64444,ASC_9A_3
1348.5,80.06667,307.4,70.57778,1383.0,119.05926,1.0,3.02222,50.71111,742.65556,2.55556,193.27778,84.12222,8.33333,1.0,4.0,2.88889,1.71111,36.31111,ASC_9A_4
1375.72222,85.05926,289.51111,69.6963,1396.22222,36.83704,1.0,3.93333,52.48889,674.76667,2.55556,169.61111,66.01111,5.77778,1.0,3.55556,3.77778,4.02222,47.2,ASC_9A_5
1170.94444,61.84444,246.28889,68.74815,1219.44444,16.17037,1.0,2.82222,49.26667,659.1,2.33333,153.05556,70.9,4.44444,1.0,4.44444,1.0,3.04444,37.64444,ASC_9A_6
1254.72222,80.95556,249.28889,47.31111,1333.88889,65.43333,1.0,4.84444,49.71111,659.1,2.66667,202.83333,78.34444,1.66667,1.0,3.33333,2.77778,3.04444,47.97778,ASC_9A_7
1313.38889,71.06667,237.4,101.35556,1460.77778,47.53333,1.0,4.84444,63.04444,653.87778,2.0,194.05556,75.9,2.0,1.0,3.77778,1.0,1.35556,45.08889,ASC_9A_8
1213.94444,57.95556,232.73333,45.63704,1257.55556,56.91852,1.0,3.73333,48.6,612.1,1.55556,172.5,72.56667,1.77778,1.0,3.66667,1.0,1.0,50.31111,ASC_9A_9
1893.47778,116.77778,381.47778,96.74444,2065.86667,57.88889,1.0,1.0,72.06667,1691.13333,2.44444,349.65556,97.74444,6.66667,1.0,4.11111,2.88889,3.0,58.73333,ASC_9B_0
1882.7,137.11111,362.7,112.41111,2101.53333,76.33333,1.0,6.55556,67.51111,1439.24444,2.77778,342.43333,93.07778,10.22222,1.0,4.55556,4.77778,4.55556,51.95556,ASC_9B_1
1801.47778,94.88889,313.92222,81.41111,1862.64444,21.0,1.1,2.11111,58.95556,1140.46667,1.66667,296.65556,79.3,5.22222,1.0,2.88889,3.77778,3.22222,46.51111,ASC_9B_2
1648.92222,86.77778,286.58889,60.63333,1731.53333,21.22222,1.0,1.0,57.62222,1009.8,1.77778,260.54444,96.3,3.33333,1.0,2.88889,2.88889,4.11111,33.17778,ASC_9B_3
1521.36667,92.77778,281.25556,106.78519,1622.08889,33.44444,1.0,2.11111,61.17778,951.8,1.33333,234.43333,99.3,3.77778,1.0,2.0,1.88889,2.77778,23.20741,ASC_9B_4
1753.81111,111.0,312.92222,76.07778,1853.2,33.55556,1.1,4.33333,61.62222,930.46667,2.11111,288.87778,93.07778,2.88889,1.0,3.55556,2.88889,6.22222,35.84444,ASC_9B_5
1513.03333,91.88889,279.14444,127.85556,1521.86667,14.66667,1.0,2.11111,59.62222,899.13333,1.66667,283.76667,93.07778,2.0,1.0,2.44444,1.88889,2.88889,32.84444,ASC_9B_6
1517.25556,96.88889,272.7,96.74444,1545.86667,27.22222,1.0,4.33333,57.17778,836.46667,2.44444,233.65556,76.52222,3.0,1.0,4.88889,4.77778,3.44444,23.28889,ASC_9B_7
1547.14444,78.77778,282.81111,70.96667,1609.2,41.88889,1.1,2.11111,63.95556,805.13333,1.55556,270.76667,96.96667,3.11111,1.0,2.77778,1.0,2.77778,31.28889,ASC_9B_8
1486.47778,82.66667,257.92222,78.56296,1554.86667,9.11111,1.0,4.33333,63.62222,747.68889,1.66667,242.54444,110.96667,2.11111,1.0,5.22222,2.88889,1.44444,18.17778,ASC_9B_9
2549.15556,106.6,686.33333,36.0,1647.46667,27.22222,1.11111,2.8963,90.7,3143.8,2.11852,394.06667,93.95556,8.2,1.0,5.66667,9.66667,4.88889,159.51111,ASC_9C_0
2794.93333,116.6,629.11111,70.22222,1485.8,10.77778,1.0,1.0,101.25556,2724.13333,2.15926,316.95556,92.28889,7.64444,1.0,7.57778,20.11111,5.33333,129.4,ASC_9C_1
2694.37778,89.48889,539.11111,78.37037,1402.46667,33.22222,1.11111,1.0,85.36667,2237.02222,1.83704,297.84444,79.51111,6.73333,1.0,5.95556,20.22222,1.88889,134.62222,ASC_9C_2
2914.71111,76.26667,544.44444,106.44444,1403.35556,23.33333,1.11111,1.0,90.92222,1932.68889,1.21111,307.84444,73.62222,3.8,1.0,10.31111,15.44444,4.55556,113.17778,ASC_9C_3
2687.82222,82.48889,404.44444,69.07407,1191.24444,6.88889,1.22222,10.02222,63.47778,1544.57778,1.0,285.73333,57.4,4.95556,1.0,6.95556,16.33333,3.22222,89.17778,ASC_9C_4
2866.15556,85.26667,361.44444,64.07407,1144.8,9.0,1.11111,4.95556,59.47778,1407.91111,1.21111,215.06667,37.51111,3.35556,1.0,5.51111,12.44444,2.77778,68.84444,ASC_9C_5
2646.6,70.37778,321.11111,67.66667,1022.24444,25.33333,1.0,1.94815,52.14444,1298.24444,1.36296,196.73333,36.17778,3.33333,1.0,2.02222,18.22222,2.77778,69.73333,ASC_9C_6
2431.71111,65.15556,233.22222,62.81481,883.68889,13.11111,1.0,3.05926,50.25556,1067.57778,1.54444,188.28889,38.51111,7.28889,1.0,5.66667,8.55556,2.44444,50.95556,ASC_9C_7
2456.26667,67.15556,229.44444,84.62963,902.8,15.11111,1.0,5.22963,49.36667,905.13333,1.43333,182.84444,35.06667,1.71111,1.77778,2.02222,5.77778,1.44444,50.51111,ASC_9C_8
1906.26667,38.53333,165.22222,68.03704,630.13333,25.22222,1.0,2.8963,32.25556,805.35556,1.07037,132.28889,33.86667,16.82222,1.0,3.48889,1.0,3.0,36.95556,ASC_9C_9
2494.33333,125.92222,116.4,66.55556,3089.86667,60.0,1.0,3.22222,20.82222,802.91111,1.1037,137.83333,53.46667,1.33333,1.0,4.15556,1.0,1.0,17.15556,ASC_UR1_0
2560.44444,127.03333,112.51111,92.44444,3033.97778,107.44444,1.10741,2.11111,22.48889,719.35556,1.20741,133.94444,56.24444,6.0,1.0,2.71111,1.0,1.84444,13.82222,ASC_UR1_1
2371.88889,133.92222,110.95556,95.11111,3075.86667,10.88889,1.0,2.11111,20.15556,672.13333,1.1037,134.61111,59.8,2.22222,1.0,4.42222,1.0,2.04444,13.38519,ASC_UR1_2
1967.88889,89.58889,107.06667,82.11111,2493.86667,382.0,1.0,1.0,14.48889,603.46667,1.0,119.94444,49.46667,2.11111,1.0,2.43704,1.0,1.6,10.82222,ASC_UR1_3
2401.11111,133.81111,120.4,77.0,2879.08889,162.66667,1.0,2.11111,20.15556,587.8,1.0,139.38889,61.35556,1.66667,1.0,2.54074,1.0,1.0,14.37778,ASC_UR1_4
2354.44444,110.81111,104.51111,66.44444,3025.64444,49.55556,1.0,3.22222,18.04444,546.02222,1.1037,128.72222,40.13333,2.77778,1.0,3.42963,1.0,1.2,14.37778,ASC_UR1_5
2490.88889,126.92222,122.06667,86.85185,3027.42222,127.88889,1.0,3.22222,21.6,509.46667,1.20741,139.38889,67.91111,4.0,1.0,2.98519,1.82222,2.17778,16.71111,ASC_UR1_6
2349.22222,98.47778,101.73333,63.62963,2733.53333,49.66667,1.0,3.22222,18.48889,509.46667,1.0,133.5,46.68889,1.77778,1.0,2.26667,1.0,1.2,9.39259,ASC_UR1_7
2146.77778,125.92222,121.4,68.85185,2695.75556,88.55556,1.0,3.22222,20.82222,504.24444,1.31852,150.38889,55.35556,1.55556,1.0,2.98519,1.0,1.2,11.60741,ASC_UR1_8
2356.11111,114.92222,109.28889,97.44444,3193.64444,41.44444,1.0,5.44444,19.26667,462.46667,1.0,133.16667,52.68889,2.66667,1.0,3.42963,1.0,1.84444,9.82222,ASC_UR1_9
1350.55556,101.36667,108.28889,70.59259,1645.85556,296.93333,1.0,3.14444,19.68889,912.75556,1.0,104.18889,76.64444,6.02222,1.0,3.55556,2.85556,1.22222,15.53333,ASC_UR2_0
1650.0,127.7,123.4,109.37037,1869.52222,89.82963,1.0,8.46667,23.8,802.97778,1.0,103.74444,56.75556,6.02222,1.77778,3.22222,2.85556,1.88889,11.62222,ASC_UR2_1
1864.77778,140.7,122.73333,85.16667,1943.85556,69.16296,1.0,3.14444,19.46667,729.86667,1.0,121.41111,58.31111,2.62222,1.0,2.0,1.0,1.0,18.75556,ASC_UR2_2
1888.77778,138.58889,112.95556,64.5,2271.96667,102.5037,1.0,1.0,20.13333,729.86667,1.11111,152.63333,55.08889,3.26667,1.0,3.22222,1.0,1.88889,12.53333,ASC_UR2_3
1558.0,97.47778,116.84444,85.16667,1988.07778,190.94815,1.0,5.28889,17.24444,682.64444,1.11111,141.74444,61.75556,2.48889,1.0,5.44444,13.6,1.0,14.31111,ASC_UR2_4
1564.66667,107.36667,128.51111,80.05556,2015.18889,156.4,1.0,1.0,23.35556,634.86667,1.11111,110.07778,57.53333,3.48889,1.0,2.55556,1.85556,1.22222,12.31111,ASC_UR2_5
1518.22222,114.47778,107.06667,82.5,1686.63333,276.82963,1.0,6.32222,16.13333,634.86667,1.0,99.41111,50.08889,9.58889,1.0,2.66667,2.85556,3.44444,19.75556,ASC_UR2_6
1910.22222,113.58889,118.95556,56.72222,1962.41111,33.62963,1.0,4.1,19.02222,608.75556,1.11111,106.74444,53.86667,3.46667,1.0,2.11111,1.85556,2.77778,13.08889,ASC_UR2_7
1825.22222,112.47778,122.73333,57.92593,1946.41111,286.94074,1.0,2.03333,22.68889,582.64444,1.33333,94.96667,67.08889,7.67778,1.0,2.11111,6.42222,2.77778,15.75556,ASC_UR2_8
1249.77778,103.36667,104.51111,95.5,1530.85556,176.5037,1.0,4.1,13.46667,540.86667,1.11111,107.41111,46.64444,4.01111,1.0,3.22222,1.0,3.55556,18.2,ASC_UR2_9
3060.36667,103.38889,54.0963,131.34815,1440.37778,14.05556,1.0,1.0,13.06667,597.33333,1.11111,74.23333,27.08889,7.78148,1.0,1.48889,1.0,1.0,8.00741,ASC_UR3_0
3200.14444,141.05556,47.26667,117.76296,1704.15556,42.17778,1.0,1.0,17.28889,550.33333,1.0,79.45556,26.31111,7.67037,1.0,2.86667,1.78889,2.44444,8.34074,ASC_UR3_1
3022.36667,121.5,54.15556,93.95556,1771.6,32.61111,1.0,6.55556,15.4,529.44444,1.0,91.78889,31.65556,5.0037,1.0,3.35556,3.57778,1.88889,9.78519,ASC_UR3_2
2612.47778,96.5,50.23704,117.17778,1572.82222,36.61111,1.0,2.11111,12.84444,466.77778,1.0,95.56667,27.32222,5.01852,1.0,3.55556,1.0,1.0,6.88148,ASC_UR3_3
2547.25556,100.5,43.26667,95.71111,1564.37778,5.8,1.0,6.66667,13.4,456.33333,1.22222,96.01111,22.87778,6.94074,1.0,2.62222,2.57778,1.22222,7.8,ASC_UR3_4
3217.81111,101.5,43.12593,99.17778,1643.48889,23.04444,1.0,4.33333,12.4,445.88889,1.11111,95.67778,26.54444,5.78148,1.0,1.93333,4.57778,1.88889,6.32593,ASC_UR3_5
2642.14444,94.38889,49.45926,95.23704,1465.15556,46.91111,1.0,3.22222,12.73333,393.33333,1.0,92.01111,24.65556,2.78148,1.0,3.31111,2.78889,1.22222,7.1037,ASC_UR3_6
2546.7,66.16667,44.26667,107.54074,1476.04444,42.83333,1.0,6.55556,10.73333,361.33333,1.0,61.34444,20.54444,8.4963,1.0,1.68889,1.78889,1.22222,5.91111,ASC_UR3_7
2333.58889,103.5,41.04444,99.4,1541.93333,12.71111,1.0,3.22222,11.84444,361.33333,1.0,78.9,27.08889,3.94074,1.0,1.0,1.0,1.88889,4.08889,ASC_UR3_8
2980.7,97.38889,42.6,114.73333,1580.26667,50.28889,1.0,1.0,15.06667,361.33333,1.0,69.56667,21.21111,5.4963,1.0,1.93333,2.78889,1.0,8.45185,ASC_UR3_9
2202.78889,567.13333,288.24444,216.84444,6013.34444,513.88889,1.10741,11.74074,361.8,4401.32222,56.14444,471.33333,993.41111,12.44444,2.66667,18.15556,10.93333,45.04444,74.44444,ML_0A_0
2926.45556,524.8,238.46667,227.28889,8451.78889,1177.88889,1.0,17.88148,273.02222,4144.32222,43.92222,411.88889,766.18889,10.66667,1.77778,21.94074,20.93333,39.82222,98.66667,ML_0A_1
1740.34444,315.8,226.57778,191.06667,4852.56667,855.11111,1.10741,26.46667,297.8,3950.54444,38.92222,401.88889,762.3,9.11111,1.77778,11.27407,16.82222,38.6,173.33333,ML_0A_2
1038.23333,325.02222,160.68889,199.98519,3647.45556,436.51852,1.10741,11.85185,307.24444,3855.76667,42.92222,356.66667,728.3,13.22222,1.77778,8.82963,8.28889,42.82222,61.88889,ML_0A_3
2111.01111,345.13333,215.91111,148.54074,5252.45556,654.2963,1.0,22.65926,299.8,3777.21111,36.7,403.0,699.18889,7.66667,8.44444,14.05185,14.0,35.37778,158.33333,ML_0A_4
1559.34444,367.57778,161.24444,130.31852,4922.67778,881.55556,1.10741,23.34074,240.46667,3672.65556,37.81111,400.11111,682.41111,10.33333,5.88889,10.28889,4.64444,38.93333,105.55556,ML_0A_5
1673.45556,376.46667,197.24444,99.26667,4737.12222,704.66667,1.0,18.67407,305.46667,3551.65556,36.36667,397.55556,681.63333,10.55556,3.44444,12.61481,11.35556,35.71111,89.55556,ML_0A_6
1314.56667,309.91111,136.35556,122.65185,3605.34444,337.85185,1.32222,24.45185,304.13333,3462.87778,32.47778,343.55556,658.52222,12.11111,1.0,14.28148,7.11111,29.26667,81.88889,ML_0A_7
1940.01111,413.02222,248.35556,80.01481,5802.01111,717.33333,1.0,26.46667,307.91111,3363.32222,40.58889,348.22222,722.3,6.33333,2.66667,16.71852,11.11111,38.26667,122.22222,ML_0A_8
2075.12222,371.57778,165.46667,117.42963,5726.45556,486.25926,1.10741,18.74074,276.02222,3268.65556,38.03333,347.55556,710.74444,20.33333,1.77778,17.04444,7.28889,34.6,156.88889,ML_0A_9
1834.93333,753.81111,629.26667,378.01111,7515.94444,1931.88889,1.2963,36.52593,848.74444,15519.74444,109.95556,800.92222,2107.32222,19.26667,6.81481,31.12222,29.11111,99.34444,240.46667,ML_0B_0
1794.71111,726.7,621.15556,478.78889,7545.27778,1265.66667,1.44444,25.25185,845.63333,13901.85556,121.17778,810.47778,2310.1,25.6,6.96296,33.45556,32.88889,117.56667,205.46667,ML_0B_1
1540.48889,698.36667,500.15556,362.56667,7056.72222,1237.0,1.37037,7.37037,831.18889,12363.07778,101.06667,875.7,1878.54444,10.6,4.66667,34.45556,11.44444,77.56667,132.46667,ML_0B_2
1484.48889,605.36667,447.93333,334.23333,6398.16667,756.22222,1.44444,15.2,679.52222,11465.63333,87.95556,851.14444,1806.54444,7.6,8.96296,27.56667,40.88889,75.78889,179.13333,ML_0B_3
1367.37778,644.7,415.93333,305.9,6391.83333,846.55556,1.0,16.31111,645.63333,10357.96667,86.17778,736.03333,1708.65556,7.26667,7.07407,34.34444,15.22222,63.34444,118.02222,ML_0B_4
1401.48889,591.25556,479.71111,280.12222,6057.05556,2080.0,1.14815,13.47407,597.63333,9014.3,87.17778,663.81111,1635.76667,9.04444,8.07407,39.23333,35.0,63.23333,103.57778,ML_0B_5
1097.48889,529.7,392.48889,184.94815,5003.38889,1199.77778,1.07407,19.86667,527.3,7739.3,69.73333,582.03333,1231.98889,7.71111,4.66667,22.45556,14.33333,57.01111,77.91111,ML_0B_6
1025.26667,470.03333,297.6,156.77407,4428.05556,1002.77778,1.2963,3.77037,448.3,7020.18889,51.06667,480.92222,1310.87778,6.04444,6.81481,20.94815,13.33333,49.23333,66.02222,ML_0B_7
908.15556,484.25556,271.48889,169.77407,4089.5,852.77778,1.14815,4.6,422.3,6243.85556,55.62222,402.36667,1067.98889,5.82222,2.25926,15.01111,18.11111,45.78889,69.35556,ML_0B_8
961.37778,447.81111,240.93333,197.56667,4217.5,729.33333,1.0,4.6,452.07778,5383.52222,59.4,431.81111,1345.54444,7.82222,1.62963,20.05926,8.44444,59.56667,66.91111,ML_0B_9
628.04444,509.18889,203.21111,120.32222,2758.85556,4299.68519,1.0,17.6,330.2,3101.18889,48.51111,305.33333,592.34444,43.33333,4.1037,18.64444,22.13333,25.18889,70.22222,ML_0C_0
692.15556,269.52222,162.21111,178.9037,3203.63333,539.03704,1.0,13.75556,345.42222,2807.3,42.4,386.11111,493.01111,4.88889,6.42963,16.95556,9.28889,16.26667,42.55556,ML_0C_1
595.15556,569.85556,219.21111,164.21111,2786.07778,3688.16667,1.10741,10.91111,310.86667,2639.3,35.06667,342.77778,394.78889,16.44444,4.04444,15.06667,22.0,16.93333,54.77778,ML_0C_2
564.15556,751.41111,230.43333,210.65556,2650.74444,4451.03704,1.21481,12.64444,322.86667,2503.41111,45.4,326.88889,554.34444,68.44444,1.0,16.15556,22.53333,22.07778,71.88889,ML_0C_3
629.6,199.3,126.65556,148.65556,3105.96667,173.77778,1.0,14.15556,301.42222,2456.3,44.17778,334.44444,499.12222,6.44444,2.43704,19.73333,8.28889,15.96667,26.0,ML_0C_4
604.6,621.74444,177.76667,171.98889,2810.96667,3182.05556,1.0,11.53333,342.64444,2366.63333,40.28889,315.44444,538.12222,18.77778,1.0,19.53333,14.17778,16.12222,52.66667,ML_0C_5
552.04444,1114.18889,224.32222,148.87778,2594.07778,5322.38889,1.0,5.04444,351.2,2298.74444,36.73333,281.22222,484.45556,39.44444,3.15556,20.95556,47.31111,16.41111,65.77778,ML_0C_6
622.37778,213.3,179.54444,153.98889,2687.41111,592.25926,1.21481,17.28889,292.31111,2246.52222,36.95556,347.77778,445.12222,10.88889,1.71852,12.28889,12.93333,14.71111,38.77778,ML_0C_7
572.82222,213.41111,141.76667,120.32222,2741.41111,486.94444,1.32222,3.93333,303.75556,2178.63333,46.73333,311.66667,522.56667,5.88889,3.32593,13.08889,6.46667,22.96667,46.55556,ML_0C_8
638.15556,203.96667,124.43333,145.57037,2940.74444,375.11111,1.10741,4.84444,298.42222,2173.18889,40.95556,310.66667,518.67778,8.33333,3.15556,16.84444,5.64444,17.96667,25.11111,ML_0C_9
3047.95556,685.11111,115.02222,710.65556,19920.65556,205.88519,1.06296,6.55556,846.46667,5447.83333,52.15556,411.12222,1571.92222,23.82222,4.64444,12.14074,2.88889,95.67778,35.93333,ML_10A_0
3115.17778,725.44444,88.8,584.1,19629.65556,154.82222,1.0,7.66667,844.35556,4923.38889,52.48889,367.12222,1564.36667,19.82222,5.53333,13.64444,6.55556,98.34444,27.37778,ML_10A_1
3068.95556,723.66667,94.8,645.98889,19537.21111,325.15556,1.0,6.55556,897.68889,4692.61111,54.82222,399.34444,1582.58889,22.24444,7.8,29.80741,4.55556,95.78889,38.26667,ML_10A_2
2849.73333,664.0,93.35556,579.1,17983.98889,317.53704,1.0,8.88889,801.02222,4493.27778,55.37778,387.34444,1431.14444,21.24444,1.68889,18.42222,2.77778,90.34444,35.37778,ML_10A_3
3169.73333,710.66667,84.57778,488.87778,19397.32222,83.6963,1.0,11.0,816.68889,4335.61111,52.71111,368.78889,1512.47778,15.02222,4.84444,17.03704,1.0,102.12222,30.48889,ML_10A_4
2490.28889,557.11111,89.57778,547.98889,16306.21111,82.55185,1.06296,12.22222,754.24444,4215.5,53.93333,362.23333,1351.03333,25.68889,4.64444,9.02963,1.88889,85.23333,35.15556,ML_10A_5
2572.4,671.11111,96.68889,473.32222,16886.43333,68.87037,1.0,7.66667,743.02222,4078.72222,53.93333,345.9,1376.58889,9.24444,3.26667,2.88148,5.77778,97.9,33.82222,ML_10A_6
2279.62222,540.88889,75.24444,514.65556,15555.43333,55.68148,1.0,6.55556,683.91111,3968.83333,42.82222,325.12222,1245.36667,9.24444,3.26667,7.02963,1.88889,65.67778,25.71111,ML_10A_7
2581.17778,643.88889,92.8,555.98889,17097.1,17.91852,1.0,11.0,757.46667,3879.27778,54.48889,370.12222,1365.03333,37.06667,3.26667,2.71111,4.88889,91.34444,36.26667,ML_10A_8
2519.73333,618.55556,101.24444,540.54444,16812.54444,101.37778,1.0,6.55556,726.24444,3795.72222,54.15556,336.23333,1282.92222,38.37778,8.17778,13.81481,6.55556,93.34444,36.71111,ML_10A_9
1557.82222,409.68889,270.36667,188.72222,7388.28889,13.0,1.0,8.11111,373.84444,10642.23333,68.6,659.51111,1139.88889,12.67778,5.65185,19.06667,28.11111,109.72222,81.51111,ML_10B_0
1341.26667,359.24444,238.36667,170.5,6287.4,27.11111,1.11111,5.13333,429.06667,8002.45556,71.26667,542.62222,636.66667,10.78889,3.38519,116.95556,31.11111,84.38889,75.84444,ML_10B_1
1360.6,366.13333,227.47778,139.83333,6247.06667,8.77778,1.0,2.86667,394.73333,6533.23333,65.15556,438.73333,696.11111,9.01111,5.65185,79.91111,9.55556,80.94444,56.62222,ML_10B_2
1295.82222,350.02222,217.25556,173.27778,6187.17778,5.0,1.0,8.46667,441.62222,5945.67778,71.26667,388.95556,588.44444,6.9,5.48148,157.02222,24.11111,61.61111,67.28889,ML_10B_3
1216.93333,343.02222,194.03333,214.5,5604.73333,64.0,1.0,9.68889,411.17778,5421.01111,57.26667,379.95556,529.44444,8.01111,1.0,173.17778,16.11111,37.5,63.73333,ML_10B_4
1180.71111,319.57778,175.7,217.27778,5675.17778,21.11111,1.0,2.51111,387.62222,5022.67778,55.71111,348.84444,544.44444,14.9,4.93333,96.02222,12.33333,40.38889,57.73333,ML_10B_5
1327.48889,339.02222,213.7,157.72222,5653.28889,10.66667,1.0,8.11111,443.51111,4681.67778,60.04444,390.4,498.33333,6.56667,2.60741,111.91111,9.44444,29.27778,56.4,ML_10B_6
1377.48889,425.8,176.47778,219.72222,6481.51111,7.0,1.0,8.86667,408.17778,4398.45556,52.04444,403.84444,689.0,8.57778,4.04444,24.2,3.77778,32.72222,38.28889,ML_10B_7
1410.15556,418.8,193.14444,214.5,6382.95556,9.11111,1.0,4.37778,448.17778,4183.34444,50.6,439.73333,625.55556,6.67778,1.71852,42.4,3.77778,30.27778,42.95556,ML_10B_8
1168.71111,322.68889,145.25556,160.27778,4872.51111,6.88889,1.0,4.37778,338.84444,3947.34444,37.15556,360.95556,618.0,5.24444,2.60741,9.26667,10.44444,17.07407,18.62222,ML_10B_9
1344.84444,569.96667,139.65556,297.98889,6515.51111,173.97778,1.11111,7.35556,369.9,3488.51111,51.46667,370.75556,974.8,10.04444,1.0,14.82222,4.66667,27.08889,24.2,ML_10C_0
1263.17778,414.74444,149.54444,225.98889,5924.06667,28.08889,1.11111,5.48889,384.45556,3373.17778,48.91111,329.75556,959.02222,4.4963,3.32593,14.79259,7.66667,29.86667,20.64444,ML_10C_1
1107.28889,386.3,136.54444,223.21111,5356.51111,28.55556,1.0,5.48889,319.12222,3231.84444,43.13333,293.42222,782.91111,6.37778,1.71852,12.98519,10.33333,29.31111,22.2,ML_10C_2
1344.17778,442.07778,188.65556,280.1,6276.17778,52.86667,1.11111,2.51111,399.78889,3105.84444,51.13333,346.31111,961.68889,10.37778,1.71852,12.34815,1.88889,33.53333,23.53333,ML_10C_3
1093.84444,474.07778,110.98889,251.65556,5541.73333,137.44444,1.11111,6.24444,340.9,2995.51111,44.24444,252.2,767.02222,8.16296,1.0,10.42963,5.55556,17.17778,20.86667,ML_10C_4
1264.28889,427.74444,157.54444,225.98889,6178.17778,216.57778,1.11111,9.33333,374.12222,2895.95556,43.35556,313.75556,907.8,4.60741,4.04444,11.93333,7.66667,29.28889,17.42222,ML_10C_5
1200.73333,421.74444,143.43333,254.43333,5937.17778,336.28889,1.11111,8.86667,354.45556,2812.28889,45.13333,297.75556,816.02222,8.5037,1.71852,15.15556,2.77778,22.86667,21.75556,ML_10C_6
1156.62222,407.52222,134.32222,217.98889,5771.06667,54.62222,1.11111,8.86667,332.56667,2764.4,40.57778,291.08889,803.68889,5.82963,1.0,18.34815,6.77778,36.42222,21.42222,ML_10C_7
1210.28889,469.18889,171.54444,228.43333,5892.62222,101.71111,1.22222,4.37778,332.12222,2696.51111,46.8,296.42222,733.8,4.72593,1.0,16.79259,10.55556,30.53333,25.08889,ML_10C_8
1358.62222,452.85556,167.1,259.54444,6235.95556,210.95556,1.0,7.35556,372.78889,2639.06667,51.57778,313.64444,857.24444,7.94074,4.93333,15.68148,6.66667,25.97778,25.2,ML_10C_9
2015.12222,281.24444,231.61111,378.78889,11063.76667,87.84444,1.0,6.97778,405.32222,8911.93333,70.35556,883.6,1136.07778,4.27407,4.87407,29.25556,28.31111,605.01111,334.51111,ML_11A_0
1879.12222,247.02222,215.16667,298.67778,9495.43333,29.45185,1.11111,13.24444,330.87778,7279.71111,84.91111,650.48889,779.74444,6.27407,5.76296,31.03333,17.28889,507.78889,458.84444,ML_11A_1
1850.78889,276.24444,176.5,296.34444,9682.54444,106.28889,1.0,14.35556,319.1,5905.6,77.02222,629.48889,916.18889,4.72593,1.65926,27.92222,14.53333,273.01111,400.84444,ML_11A_2
1559.12222,207.68889,181.61111,157.01111,7704.65556,115.92963,1.22222,9.8,277.32222,4415.6,75.8,504.48889,550.3,7.71111,6.96296,14.92222,3.51111,269.45556,423.73333,ML_11A_3
1821.9,259.24444,104.94444,239.67778,10079.87778,316.17778,1.22222,7.17778,329.98889,3728.82222,58.8,494.71111,800.07778,16.38519,2.31852,19.58889,6.51111,107.9,169.4,ML_11A_4
1893.34444,262.24444,104.05556,252.34444,10767.21111,4.52963,1.0,2.82222,318.98889,3429.93333,63.57778,499.93333,778.85556,2.85185,3.20741,11.35556,2.75556,106.01111,174.73333,ML_11A_5
1557.9,213.68889,119.16667,242.23333,8474.87778,5.94815,1.11111,9.08889,290.87778,3230.48889,59.02222,434.15556,698.96667,10.71852,6.3037,20.50741,2.75556,123.67778,193.62222,ML_11A_6
1807.78889,242.02222,91.5,304.01111,9450.76667,10.05926,1.11111,3.93333,322.65556,3115.04444,55.02222,451.82222,798.3,9.48889,6.3037,9.25556,1.0,72.9,145.73333,ML_11A_7
1704.9,218.8,111.83333,316.9,9013.32222,23.34074,1.22222,7.06667,322.43333,3052.26667,69.13333,445.26667,741.74444,3.05926,7.08148,6.53704,1.75556,115.45556,279.4,ML_11A_8
1566.23333,219.8,103.05556,244.67778,8606.32222,118.73333,1.22222,4.84444,273.1,2983.48889,63.57778,409.6,637.3,2.62222,7.08148,8.77037,1.75556,105.01111,185.06667,ML_11A_9
1230.65556,143.27778,142.81111,263.95556,6542.92222,218.2037,1.0963,2.9,201.03333,4192.83333,39.71111,596.92222,635.63333,2.51111,1.68889,21.93333,35.48889,557.25556,46.12222,ML_11B_0
1254.65556,177.72222,128.47778,256.06667,6977.47778,37.21852,1.28889,10.46667,207.14444,3767.83333,45.26667,535.7,717.85556,2.6,1.0,20.15556,16.02222,417.14444,51.67778,ML_11B_1
1096.54444,165.5,151.03333,212.4,5976.14444,94.66296,1.0,2.74444,177.7,3049.72222,35.48889,469.36667,534.74444,1.44444,1.68889,19.64444,21.02222,290.25556,48.67778,ML_11B_2
1106.54444,132.38889,152.92222,154.17037,5710.58889,98.88519,1.0,6.82222,194.92222,2514.83333,36.82222,406.92222,404.85556,2.22222,2.57778,18.2,11.33333,196.36667,57.01111,ML_11B_3
829.76667,120.05556,116.81111,125.94815,4435.92222,60.14074,1.0,9.78889,161.92222,2189.72222,25.15556,361.03333,362.18889,1.57778,3.26667,16.82222,5.37778,121.47778,52.01111,ML_11B_4
908.21111,127.27778,152.25556,152.95556,4637.14444,18.98148,1.0,3.53333,181.7,2006.27778,28.37778,386.58889,433.18889,3.42222,3.06667,25.71111,1.68889,88.03333,44.67778,ML_11B_5
870.54444,97.94444,104.36667,127.28889,4100.47778,4.9037,1.0963,12.8,170.7,1859.38889,35.15556,309.81111,334.41111,2.08889,1.0,10.93333,6.75556,84.25556,49.23333,ML_11B_6
933.76667,114.94444,112.92222,132.62222,4424.47778,10.96667,1.0,6.34444,153.92222,1817.27778,30.04444,313.58889,347.85556,1.48889,1.0,17.86667,7.75556,98.03333,40.67778,ML_11B_7
936.76667,140.16667,134.03333,163.4,4701.03333,4.9037,1.0963,13.38889,179.81111,1733.72222,43.15556,372.03333,377.18889,2.77778,1.68889,13.6,9.26667,131.25556,54.12222,ML_11B_8
705.1,86.72222,86.92222,127.28889,3559.14444,45.6,1.0,4.48889,170.47778,1660.61111,26.48889,256.58889,322.07778,2.66667,3.26667,14.15556,5.06667,34.7,43.56667,ML_11B_9
1238.9,175.15556,144.61111,117.01111,5585.82222,14.66667,1.11111,9.65185,350.56667,2397.02222,39.66667,368.03333,575.05556,3.77407,4.04444,13.2963,3.57778,65.41111,41.24444,ML_11C_0
1179.78889,178.15556,120.61111,142.28148,5568.82222,70.55556,1.33333,4.98519,353.34444,2261.24444,39.66667,377.03333,532.72222,4.83704,2.43704,18.44444,1.0,61.74444,43.46667,ML_11C_1
1164.34444,142.71111,135.27778,150.56667,5489.82222,28.55556,1.11111,13.91852,356.34444,2171.68889,37.66667,369.03333,513.61111,3.88519,3.32593,13.85185,1.0,45.74444,50.13333,ML_11C_2
1239.23333,193.26667,114.05556,150.56667,5972.93333,6.0,1.0,3.54815,335.9,2108.8,37.33333,356.92222,621.72222,4.12222,1.71852,10.96296,2.57778,57.41111,40.91111,ML_11C_3
1222.67778,175.15556,125.72222,173.78889,5937.26667,11.0,1.11111,5.37778,347.9,2040.91111,39.0,320.92222,478.5,3.2037,1.71852,15.37037,2.57778,35.63333,53.24444,ML_11C_4
1230.23333,197.37778,125.94444,142.9,5679.15556,5.22222,1.0,8.64444,355.01111,1946.91111,39.88889,336.81111,544.27778,3.6,2.43704,12.33333,2.78889,46.07778,50.68889,ML_11C_5
1212.9,191.37778,116.72222,207.34444,5659.82222,7.77778,1.0,4.26667,374.78889,1893.8,37.77778,333.47778,572.61111,4.17037,5.82222,10.37037,2.57778,40.07778,43.35556,ML_11C_6
1105.9,188.26667,114.16667,124.9,5282.26667,14.66667,1.0,12.59259,384.9,1825.8,39.0,315.92222,537.27778,2.94815,8.98519,9.51852,4.36667,32.63333,29.91111,ML_11C_7
1145.67778,177.26667,145.16667,163.45556,5223.82222,6.0,1.11111,7.53333,352.45556,1752.68889,41.0,319.36667,535.16667,3.10741,5.71111,13.25926,1.78889,43.52222,44.13333,ML_11C_8
1060.01111,160.04444,117.16667,215.01111,5236.6,5.55556,1.0,3.54815,358.34444,1668.35556,39.66667,267.92222,535.5,1.93333,4.27407,9.77778,4.57778,30.85556,34.13333,ML_11C_9
2473.07778,565.56667,107.65556,571.07778,15538.74444,26.34815,1.0,7.90741,664.72222,5953.1,49.33333,603.87778,1478.56667,3.57037,7.25926,5.75556,4.66667,24.68889,56.38889,ML_12A_0
2673.96667,514.01111,82.65556,398.18889,16906.74444,18.12593,1.06667,8.62222,625.5,5554.1,53.33333,536.54444,1489.9,2.95556,2.60741,5.42222,7.55556,28.17778,49.61111,ML_12A_1
2243.52222,433.45556,83.54444,434.3,15114.18889,279.24074,1.0,4.65185,550.94444,5412.76667,46.0,586.87778,1270.01111,1.64815,3.38519,12.48889,7.55556,29.84444,53.05556,ML_12A_2
2789.96667,514.23333,90.76667,555.63333,16805.74444,34.68519,1.0,5.36667,643.5,5281.54444,54.88889,542.32222,1489.67778,9.37407,5.65185,3.5,7.55556,34.4,50.83333,ML_12A_3
2435.96667,503.23333,67.32222,454.85556,15120.85556,22.35185,1.0,13.28889,621.5,5176.76667,44.66667,482.43333,1257.78889,3.87037,5.65185,18.64444,10.33333,26.84444,36.94444,ML_12A_4
2603.52222,493.01111,84.43333,576.3,16290.3,92.47037,1.06667,13.68519,622.27778,4992.98889,52.0,496.21111,1382.01111,6.45926,5.65185,12.78889,3.66667,23.28889,32.05556,ML_12A_5
2458.74444,436.34444,127.21111,516.85556,15945.07778,14.13333,1.0,12.57407,554.5,4862.43333,47.33333,401.54444,1264.45556,6.92963,6.54074,10.48889,1.88889,28.62222,44.94444,ML_12A_6
2812.18889,632.12222,94.76667,501.41111,17194.74444,53.01481,1.0,6.7963,693.16667,4798.98889,56.77778,450.65556,1452.67778,9.43333,1.0,4.38889,3.66667,15.68889,34.5,ML_12A_7
2507.74444,509.01111,103.1,488.63333,15872.96667,67.45926,1.0,4.97037,607.16667,4678.65556,53.44444,472.43333,1352.01111,8.65556,4.21481,7.05556,5.55556,25.51111,37.94444,ML_12A_8
2575.63333,537.12222,95.1,540.18889,16504.85556,102.23704,1.0,3.54074,639.05556,4589.21111,53.55556,490.54444,1396.23333,6.26296,8.92593,7.2,3.77778,16.51111,30.5,ML_12A_9
2368.35556,594.76667,173.76667,368.44444,11613.45556,1120.96667,1.0,12.92593,497.56667,4741.36667,58.11111,440.71111,879.97778,4.05185,1.77778,16.46667,14.75556,14.55556,57.24444,ML_12B_0
2500.8,590.76667,142.43333,371.11111,12270.9,1164.63333,1.08889,11.7037,538.45556,4536.58889,52.22222,491.26667,1030.97778,4.38519,3.33333,12.34074,8.46667,13.05556,53.02222,ML_12B_1
2385.57778,661.43333,203.43333,376.22222,11166.78889,853.96667,1.17778,10.51111,496.01111,4353.14444,61.66667,440.26667,979.75556,5.6,2.55556,17.00741,8.28889,14.5,65.8,ML_12B_2
2195.02222,748.43333,184.87778,371.0,10502.78889,1355.63704,1.08889,10.8963,444.01111,4180.25556,58.55556,392.48889,889.08889,5.71111,1.77778,13.22963,8.28889,14.5,56.35556,ML_12B_3
2369.46667,844.32222,194.54444,358.22222,10993.34444,1435.41111,1.08889,15.06667,478.23333,4022.81111,57.22222,433.93333,871.64444,5.37778,5.11111,18.34074,14.11111,14.44444,64.57778,ML_12B_4
2007.46667,796.87778,217.98889,381.44444,9394.67778,1959.97037,1.26667,8.45185,433.01111,3870.36667,55.55556,430.15556,885.53333,5.26667,4.22222,36.57778,21.53333,17.5,54.68889,ML_12B_5
1972.8,562.43333,135.32222,309.22222,9084.9,727.30741,1.26667,4.08889,389.01111,3734.58889,55.33333,341.37778,804.64444,3.93333,1.77778,19.11852,14.11111,18.16667,44.02222,ML_12B_6
2194.02222,585.54444,184.32222,358.11111,10680.67778,768.30741,1.0,7.25926,423.9,3645.14444,47.33333,363.26667,852.97778,5.60741,1.77778,17.53333,17.64444,16.27778,47.91111,ML_12B_7
2131.35556,813.98889,163.43333,378.66667,9538.01111,1177.75185,1.0,7.53333,386.67778,3556.03333,51.55556,375.04444,760.86667,3.82963,4.33333,24.22963,13.17778,10.11111,54.13333,ML_12B_8
2100.13333,536.1,188.65556,330.0,9646.01111,964.42222,1.0,12.73333,393.78889,3498.58889,51.11111,336.37778,781.75556,7.4963,4.22222,21.97778,13.28889,11.22222,49.02222,ML_12B_9
1698.08889,653.26667,204.6,273.33333,9350.91111,1739.63333,1.0,11.22222,489.15556,6243.73333,62.2,529.03333,1190.45556,5.62222,4.48889,8.93333,5.64444,29.4,39.26667,ML_12C_0
1778.53333,843.04444,168.93333,376.33333,9093.57778,1243.63333,1.08889,6.66667,465.04444,5881.84444,59.53333,476.7,1163.01111,6.84444,6.15556,9.57778,17.82222,18.62222,24.24444,ML_12C_1
1562.08889,686.6,166.82222,309.33333,8797.46667,1876.96667,1.0,8.22222,409.6,5582.62222,52.08889,453.03333,1060.01111,5.4,7.97778,4.8,3.64444,21.51111,35.8,ML_12C_2
1729.75556,824.93333,240.37778,296.55556,9083.91111,1492.63333,1.17778,11.11111,475.26667,5388.62222,60.53333,451.47778,1142.56667,5.73333,1.0,6.84444,15.93333,19.06667,23.8,ML_12C_3
1600.31111,820.82222,203.26667,309.33333,8548.8,1007.52222,1.0,4.33333,444.48889,4811.95556,58.42222,420.92222,1005.56667,5.73333,3.91852,14.28889,10.35556,18.62222,31.57778,ML_12C_4
1627.08889,686.48889,284.37778,319.77778,8679.24444,1178.07778,1.0,12.77778,430.82222,4418.51111,65.97778,472.58889,1015.12222,5.57778,5.37778,13.51111,11.0,20.28889,36.91111,ML_12C_5
1680.86667,837.04444,284.48889,332.77778,8556.91111,1916.41111,1.08889,11.11111,442.37778,4182.17778,61.2,467.36667,986.56667,3.53333,5.37778,9.97778,12.17778,22.62222,40.13333,ML_12C_6
1359.86667,619.82222,174.37778,319.55556,7729.68889,1135.26667,1.08889,9.66667,387.6,4030.28889,49.2,405.03333,840.9,3.42222,3.28148,8.4,11.11111,18.51111,17.82222,ML_12C_7
1609.08889,938.04444,228.6,314.55556,8641.02222,1710.41111,1.08889,6.55556,435.6,3904.4,45.97778,466.36667,897.45556,3.62222,5.83704,9.84444,8.28889,17.17778,26.71111,ML_12C_8
1328.64444,739.04444,177.93333,270.66667,7931.35556,1882.07778,1.08889,8.77778,366.26667,3752.4,44.31111,382.14444,831.23333,3.2,5.94815,10.71111,8.46667,14.84444,10.93333,ML_12C_9
1593.57778,417.52222,212.22222,164.78889,4608.73333,866.81481,1.0,21.32963,398.9,4239.3,54.94444,730.51111,690.15556,7.85556,3.44444,20.08148,9.35556,14.43333,69.14444,ML_13A_0
1502.35556,400.41111,208.22222,162.34444,4559.17778,911.38889,1.08519,17.88519,352.56667,3997.96667,56.38889,721.62222,822.37778,9.52222,3.44444,14.52222,12.53333,10.31111,66.58889,ML_13A_1
1527.91111,361.96667,200.44444,177.78889,4744.73333,950.5,1.0,14.6,375.23333,3819.63333,47.94444,724.84444,754.15556,8.41111,3.44444,20.85926,16.12222,12.86667,61.81111,ML_13A_2
1522.8,462.07778,236.55556,170.01111,4536.73333,1111.37037,1.1963,17.61481,419.01111,3688.85556,59.94444,740.06667,818.37778,9.18889,3.44444,18.96667,18.71111,14.43333,105.14444,ML_13A_3
1418.91111,357.96667,221.11111,118.67778,4441.4,940.05556,1.0,12.80741,402.56667,3599.52222,52.5,691.62222,697.26667,7.22963,1.77778,17.41111,11.94444,13.98889,82.7,ML_13A_4
1414.8,458.07778,198.55556,113.34444,4580.84444,1067.72222,1.0,16.93333,381.78889,3478.96667,52.38889,683.28889,773.82222,6.96667,2.66667,21.3,9.94444,19.32222,70.58889,ML_13A_5
1554.46667,506.41111,214.22222,157.23333,4828.06667,1007.83333,1.08519,9.47407,351.23333,3342.74444,56.05556,681.51111,801.48889,6.63333,5.88889,20.41481,16.12222,7.63333,69.36667,ML_13A_6
1652.24444,423.63333,232.44444,110.78889,4875.17778,831.81481,1.25556,24.88519,454.78889,3253.41111,53.38889,756.51111,664.48889,13.63333,5.11111,9.41481,9.53333,18.43333,99.03333,ML_13A_7
1582.46667,472.96667,241.11111,108.23333,4770.17778,1108.83333,1.08519,18.83704,397.56667,3153.96667,54.05556,705.4,745.93333,9.52222,6.0,14.97037,11.42222,11.43333,73.36667,ML_13A_8
1334.91111,377.18889,154.44444,121.12222,3927.62222,1779.16667,1.08519,8.14074,341.01111,2991.3,38.16667,619.4,528.82222,8.18889,3.44444,10.97778,13.83333,7.74444,64.25556,ML_13A_9
535.57778,251.67778,141.04444,190.1,3897.81111,35.95556,1.0,6.34074,259.18889,2636.67778,34.47778,313.11111,455.07778,4.83704,2.8,6.61481,1.0,12.03333,19.17778,ML_13B_0
497.46667,233.56667,140.71111,189.87778,3733.7,10.6,1.0,10.2963,267.96667,2511.01111,38.7,320.22222,446.63333,5.45556,1.0,8.05926,2.88889,10.4,16.62222,ML_13B_1
458.68889,259.9,132.04444,192.65556,3729.7,22.93333,1.08889,4.95556,272.18889,2379.9,42.92222,317.22222,444.96667,4.78889,3.68889,4.74074,1.0,9.51111,22.28889,ML_13B_2
398.22963,279.01111,133.15556,171.27407,3570.81111,69.46667,1.0,6.06667,259.85556,2316.78889,38.7,315.33333,509.52222,4.21852,4.28889,7.5037,1.0,6.73333,21.06667,ML_13B_3
436.57778,275.01111,138.04444,161.65556,3602.47778,27.04444,1.0,7.96296,258.3,2243.67778,39.14444,282.77778,492.07778,5.12222,2.2,10.62222,3.77778,10.81111,16.84444,ML_13B_4
481.24444,260.78889,126.37778,184.87778,3677.14444,53.82222,1.0,5.11852,317.41111,2160.12222,39.14444,285.11111,456.07778,4.17037,3.68889,8.61481,2.88889,12.81111,26.06667,ML_13B_5
392.67407,194.12222,106.48889,156.76667,3314.36667,16.82222,1.0,10.02222,250.74444,2117.9,31.47778,274.55556,417.07778,3.9963,1.6,5.63704,4.77778,9.24444,15.51111,ML_13B_6
431.35556,210.12222,112.71111,182.32222,3404.36667,9.25556,1.0,8.12593,258.74444,2049.45556,35.25556,277.77778,452.74444,4.12222,3.68889,8.71852,1.0,12.62222,19.17778,ML_13B_7
476.24444,304.23333,135.93333,195.21111,3762.7,29.18889,1.0,9.34815,292.18889,2044.23333,43.7,297.44444,502.85556,3.94815,1.0,12.6,1.0,15.58889,24.06667,ML_13B_8
375.8,194.12222,106.82222,189.98889,3315.92222,35.15556,1.0,2.8963,267.74444,1976.34444,35.92222,218.33333,445.74444,3.61481,2.8,7.95556,1.0,9.7,22.51111,ML_13B_9
636.11111,262.63333,63.13333,164.15556,2536.92222,15.11111,1.0,7.19259,229.68889,2203.5,40.43333,194.48889,565.05556,3.88889,1.71852,9.01481,4.77778,14.42963,11.2,ML_13C_0
686.22222,313.41111,69.57778,192.37778,2711.25556,17.0,1.0,12.51111,264.68889,2040.94444,44.32222,200.71111,691.27778,1.88889,4.04444,11.54074,3.77778,14.12222,13.28889,ML_13C_1
659.55556,286.96667,52.91111,138.37778,2693.7,2.88889,1.0,10.40741,233.8,1988.72222,37.87778,185.71111,567.5,3.66667,1.71852,7.12593,4.55556,14.34444,7.97778,ML_13C_2
656.88889,248.85556,65.02222,125.75556,2681.14444,5.0,1.0963,7.31111,266.02222,1883.38889,34.32222,182.04444,559.05556,1.44444,2.43704,7.93333,2.88889,12.67778,16.64444,ML_13C_3
651.0,305.07778,86.57778,130.75556,2674.25556,14.66667,1.0,9.75556,242.46667,1841.5,46.1,167.48889,624.61111,1.77778,4.93333,9.54074,4.88889,10.45556,13.2,ML_13C_4
643.44444,232.41111,82.13333,159.04444,2552.7,13.22222,1.0,5.31852,218.24444,1773.61111,30.87778,171.6,519.5,6.33333,3.32593,8.57037,1.88889,12.9,12.64444,ML_13C_5
589.66667,232.52222,72.46667,117.6,2326.14444,2.88889,1.0,6.2,214.24444,1715.83333,29.76667,160.71111,447.16667,5.44444,3.32593,8.04444,1.88889,11.4037,12.86667,ML_13C_6
600.55556,253.74444,72.35556,138.26667,2356.03333,15.0,1.0,7.42222,229.68889,1626.38889,36.21111,162.48889,521.16667,2.55556,2.43704,7.23704,1.0,10.45556,16.42222,ML_13C_7
704.44444,277.85556,58.8,205.64444,2762.81111,21.0,1.0963,6.2,263.91111,1579.38889,41.43333,173.37778,664.16667,1.88889,3.32593,6.6,2.88889,10.29259,8.06667,ML_13C_8
618.22222,254.74444,46.02222,143.48889,2378.47778,6.88889,1.0963,10.28889,200.46667,1548.05556,28.76667,176.26667,485.94444,2.33333,3.32593,6.68148,1.88889,7.87407,11.64444,ML_13C_9
2367.16667,1376.28889,127.1,864.67778,18862.8,50.44444,1.0,5.0,1416.24444,12891.96667,100.18889,677.9,3527.34444,3.6,8.44444,3.57037,5.66667,289.04444,52.63333,ML_14A_0
2313.27778,1427.84444,182.21111,1011.9,18700.46667,17.66667,1.54444,3.88889,1564.68889,11709.74444,109.96667,738.78889,3864.12222,3.26667,8.22222,3.51852,11.44444,342.48889,55.85556,ML_14A_1
2154.94444,1356.17778,151.54444,826.12222,17882.35556,50.55556,1.10741,2.18519,1471.13333,10827.63333,118.07778,645.01111,3930.34444,3.93333,3.33333,4.13333,1.88889,250.37778,42.41111,ML_14A_2
2185.5,1259.06667,172.87778,759.12222,17076.13333,247.88889,1.54444,9.03704,1361.13333,9536.07778,117.18889,578.56667,3477.67778,2.28889,2.66667,2.06667,1.88889,236.48889,42.74444,ML_14A_3
2094.27778,1321.84444,134.76667,774.78889,16298.57778,218.88889,1.21481,3.2963,1289.57778,8601.52222,115.52222,578.56667,3350.34444,2.58889,3.44444,3.74815,3.66667,170.26667,36.96667,ML_14A_4
2068.72222,1212.62222,139.32222,802.78889,16402.57778,232.11111,1.43333,1.0,1318.8,7756.74444,114.96667,558.67778,3486.9,3.47778,5.11111,2.12593,3.77778,184.71111,25.18889,ML_14A_5
2023.05556,1172.17778,121.98889,668.56667,16025.8,226.44444,1.10741,6.18519,1227.57778,6812.07778,113.85556,518.45556,3212.9,6.57778,6.0,5.08148,5.55556,126.01481,26.41111,ML_14A_6
1954.38889,1189.51111,158.21111,635.12222,16582.35556,78.33333,1.0,3.96296,1207.57778,6287.41111,99.3,435.34444,2959.78889,5.78889,6.66667,4.02222,5.66667,144.12593,26.07778,ML_14A_7
1826.83333,964.17778,117.76667,604.12222,14715.8,138.0,1.10741,7.2963,1039.46667,5678.74444,92.63333,400.67778,2682.01111,8.78889,3.44444,4.57778,3.77778,97.20741,25.67407,ML_14A_8
1980.94444,1006.73333,106.32222,694.34444,15755.68889,105.55556,1.0,3.88889,1154.46667,5164.3,97.96667,411.45556,2817.9,5.81111,1.77778,2.57037,8.44444,69.12593,18.52222,ML_14A_9
3080.03333,954.85556,520.01111,922.03333,21521.23333,29.0,1.46667,11.11111,1438.5,20843.67778,99.8,1336.76667,4026.86667,29.34444,13.44444,10.68889,51.44444,737.84444,225.15556,ML_14B_0
3176.58889,1033.74444,524.78889,963.36667,21623.01111,31.0,2.33333,6.55556,1419.27778,18471.01111,101.13333,1366.21111,3990.86667,9.56667,8.44444,9.13333,47.77778,846.06667,219.04444,ML_14B_1
2843.92222,974.96667,453.23333,720.81111,19575.34444,69.88889,1.0,5.44444,1149.38889,13763.78889,98.35556,1154.21111,3105.2,8.34444,5.88889,4.02222,36.0,560.4,148.93333,ML_14B_2
2812.92222,1021.52222,395.01111,767.36667,19974.45556,49.77778,1.0,8.77778,1115.05556,11941.56667,101.91111,850.32222,2995.53333,5.23333,7.55556,3.57778,44.88889,477.17778,128.6,ML_14B_3
2588.92222,930.74444,306.9,648.47778,19037.56667,5.0,1.26667,2.11111,1088.05556,10739.45556,83.24444,819.65556,2871.97778,7.02222,2.55556,4.62222,28.0,370.95556,114.6,ML_14B_4
2704.92222,1026.41111,249.34444,553.25556,19304.45556,20.77778,1.82222,4.33333,1038.61111,9663.23333,87.57778,758.87778,2743.64444,6.34444,8.33333,6.75556,18.22222,333.62222,80.15556,ML_14B_5
2508.7,841.74444,224.9,620.25556,17998.34444,78.33333,1.17778,5.44444,989.72222,8834.12222,92.02222,714.87778,2533.75556,6.45556,7.55556,9.86667,17.22222,314.4,76.93333,ML_14B_6
2783.92222,810.52222,202.67778,697.47778,18842.9,9.0,1.17778,3.22222,1001.61111,8282.78889,83.13333,719.54444,2596.31111,7.13333,12.66667,6.06667,13.22222,223.17778,66.26667,ML_14B_7
2655.92222,862.85556,266.56667,635.58889,18351.23333,17.11111,1.08889,5.44444,934.05556,8052.23333,86.35556,667.21111,2512.2,12.12222,7.55556,4.37778,16.33333,271.28889,69.71111,ML_14B_8
2624.14444,809.52222,248.45556,560.7,18458.23333,37.22222,1.08889,7.66667,970.61111,7779.12222,83.02222,702.32222,2531.75556,35.47778,5.88889,8.84444,13.33333,245.06667,67.71111,ML_14B_9
780.4,143.21111,249.06667,107.24444,2935.24444,46.64815,1.0,2.82222,157.15556,1727.46667,40.47778,261.2,257.16667,6.55556,3.44444,4.51852,2.77778,12.07407,39.22222,ML_14C_0
768.73333,131.43333,239.84444,138.24444,2859.13333,49.51111,1.1037,5.04444,141.93333,1580.46667,37.7,227.53333,247.05556,4.66667,1.0,4.14074,7.55556,7.74074,45.33333,ML_14C_1
580.62222,105.87778,191.84444,62.58519,2052.02222,202.5963,1.21481,2.82222,132.15556,1485.46667,28.81111,215.53333,201.16667,3.0,5.0,1.78519,5.66667,13.55556,41.66667,ML_14C_2
667.06667,125.21111,212.62222,79.74815,2394.57778,185.06667,1.0,3.73333,133.15556,1417.57778,34.81111,216.31111,204.38889,3.0,1.0,6.19259,1.88889,9.96296,40.44444,ML_14C_3
703.62222,117.98889,184.17778,112.35556,2767.68889,130.87037,1.0,3.93333,134.48889,1370.57778,34.36667,236.64444,220.16667,2.77778,3.44444,6.74815,1.88889,9.22222,43.88889,ML_14C_4
750.28889,124.21111,225.62222,81.57778,2804.46667,226.45185,1.0,3.02222,121.82222,1318.35556,36.7,225.2,208.05556,5.0,1.77778,6.07407,5.66667,8.81481,45.0,ML_14C_5
680.4,122.21111,211.06667,67.6963,2466.02222,91.5963,1.0,3.93333,129.37778,1292.24444,36.58889,203.2,193.38889,3.55556,2.66667,3.22963,4.66667,12.44444,41.88889,ML_14C_6
643.95556,93.87778,218.17778,123.52593,2278.8,58.87037,1.0,4.24444,125.48889,1223.8,31.47778,217.2,224.27778,2.22222,1.0,3.8,6.44444,9.66667,30.88889,ML_14C_7
713.95556,108.1,190.73333,87.41481,2590.24444,262.2037,1.1037,5.95556,130.04444,1192.02222,33.92222,203.97778,202.94444,2.88889,1.77778,6.40741,2.88889,9.81481,43.66667,ML_14C_8
840.06667,129.21111,211.17778,82.3037,2855.68889,39.01481,1.20741,3.73333,142.26667,1108.46667,40.25556,188.53333,220.5,3.33333,1.0,6.47407,28.11111,9.40741,48.33333,ML_14C_9
735.68889,177.76667,263.08889,105.43333,2941.54444,324.55556,1.0,6.25926,208.73333,1870.42222,32.76667,242.6,321.28889,4.83704,3.44444,11.4963,31.11111,23.43333,48.34444,ML_15A_0
658.02222,207.98889,321.08889,105.32222,2623.87778,109.11111,1.0,3.01852,194.28889,1692.08889,43.21111,211.6,298.17778,4.05185,6.77778,7.71852,10.66667,25.87778,66.45556,ML_15A_1
651.02222,157.65556,206.86667,125.25556,2548.43333,224.11111,1.20741,6.25926,192.73333,1566.2,38.1,200.37778,295.84444,5.05185,5.0,7.27407,17.44444,16.79259,35.78889,ML_15A_2
682.46667,191.98889,201.64444,95.32222,2484.43333,131.77778,1.1037,7.96296,194.73333,1460.97778,35.21111,181.48889,271.95556,5.27407,1.0,9.16296,20.11111,14.21111,46.67778,ML_15A_3
504.02222,125.21111,76.97778,53.14444,2214.54444,46.0,1.1037,8.87037,185.84444,1434.64444,23.43333,154.26667,255.73333,5.28148,2.66667,4.6,22.88889,11.01481,24.56667,ML_15A_4
601.46667,173.76667,104.2,109.81111,2460.32222,25.0,1.1037,11.0,194.06667,1361.53333,31.43333,167.93333,245.06667,3.82963,4.22222,4.25185,8.66667,12.34815,52.12222,ML_15A_5
671.02222,180.87778,172.6963,104.7,2851.98889,29.22222,1.1037,4.83333,188.51111,1288.42222,31.98889,164.26667,307.17778,3.48889,4.22222,5.15556,24.22222,16.87778,55.67778,ML_15A_6
639.35556,165.76667,189.42222,73.68889,2878.1,39.55556,1.20741,3.72222,186.51111,1267.53333,44.21111,164.93333,313.84444,3.4,2.55556,7.83704,16.11111,15.9037,39.34444,ML_15A_7
646.02222,160.54444,144.31111,79.54444,2403.1,355.66667,1.0,10.2963,197.73333,1220.53333,43.21111,144.71111,254.73333,2.2963,1.77778,9.37778,24.44444,23.1,41.45556,ML_15A_8
651.35556,170.87778,167.75556,124.28889,2582.87778,148.22222,1.0,12.31481,171.28889,1172.53333,36.1,173.37778,275.51111,3.18519,1.0,4.15556,7.55556,15.65556,31.34444,ML_15A_9
2661.45556,628.37778,208.75556,399.38889,12381.3,10.88889,1.33333,1.91111,533.4,3659.44444,47.96667,401.62222,1064.46667,2.83704,5.88889,5.11111,13.33333,26.27778,32.3,ML_15B_0
2810.67778,670.93333,135.86667,386.5,12248.74444,60.22222,1.0,8.88889,569.62222,3475.88889,48.74444,424.4,1078.35556,4.60741,2.66667,7.95556,8.66667,24.27778,41.63333,ML_15B_1
2033.45556,589.04444,528.64444,298.83333,9398.07778,82.33333,1.22222,15.77778,450.4,3239.88889,41.85556,310.17778,908.02222,3.5037,5.11111,8.97778,13.44444,19.38889,23.52222,ML_15B_2
2260.01111,628.48889,248.31111,314.27778,10233.63333,19.0,1.11111,1.0,484.84444,3030.0,46.3,339.73333,983.02222,3.60741,4.22222,6.06667,6.66667,14.61111,33.96667,ML_15B_3
2357.56667,670.93333,284.75556,347.72222,10361.74444,10.88889,1.0,7.17778,476.28889,2867.55556,47.63333,335.95556,873.68889,4.38519,5.11111,7.75556,13.22222,20.16667,32.41111,ML_15B_4
2196.9,570.93333,295.64444,314.16667,9976.41111,8.77778,1.22222,5.75556,455.95556,2725.88889,49.41111,303.4,917.57778,4.37778,1.77778,8.51111,14.33333,19.61111,32.52222,ML_15B_5
2268.23333,577.93333,307.42222,360.61111,9998.41111,2.88889,1.11111,8.88889,462.51111,2683.77778,43.18889,338.95556,955.91111,4.82222,5.11111,7.51111,7.55556,18.05556,35.96667,ML_15B_6
2214.78889,563.71111,175.64444,350.5,9645.52222,10.77778,1.0,10.91111,441.06667,2621.11111,46.18889,306.62222,845.8,5.26667,6.0,5.95556,5.77778,16.16667,28.41111,ML_15B_7
2116.34444,536.71111,227.53333,288.5,9060.41111,33.77778,1.0,5.75556,441.4,2532.33333,47.3,297.84444,785.35556,6.37778,2.55556,5.86667,7.44444,21.61111,35.96667,ML_15B_8
1926.78889,539.71111,237.75556,275.61111,8704.18889,27.33333,1.0,2.82222,430.62222,2468.77778,43.74444,292.4,784.24444,4.94074,5.88889,3.97778,1.0,16.27778,29.96667,ML_15B_9
1897.2,565.35556,48.93333,468.47778,10739.36667,6.62222,1.0,1.0,695.46667,3956.07778,47.22222,565.35556,1327.78889,2.66667,1.77778,3.85185,4.77778,8.27778,21.55556,ML_15C_0
1979.97778,473.57778,48.04444,435.03333,10509.47778,16.35556,1.0,3.85926,627.91111,3636.3,44.77778,428.35556,1193.56667,2.33333,4.22222,4.74074,2.77778,8.83333,23.44444,ML_15C_1
1707.86667,514.02222,40.04444,411.92222,9091.81111,8.37778,1.0,1.0,624.57778,3431.96667,45.33333,504.91111,1229.01111,3.44444,1.77778,3.62222,1.0,9.83333,23.11111,ML_15C_2
1875.97778,524.13333,55.71111,391.25556,9921.36667,18.71111,1.0,2.74815,692.68889,3290.3,53.66667,442.68889,1188.78889,3.44444,4.22222,7.05926,1.88889,10.12963,28.11111,ML_15C_3
1627.86667,450.46667,56.37778,447.92222,8526.47778,4.86667,1.0,1.87407,577.35556,3096.07778,46.33333,394.02222,1004.67778,1.55556,2.66667,4.40741,2.77778,5.01852,19.0,ML_15C_4
1965.31111,577.57778,76.37778,458.14444,9898.81111,10.37778,1.0,2.98519,624.91111,2907.41111,49.55556,294.13333,998.23333,1.55556,5.0,3.74815,2.77778,13.92593,31.55556,ML_15C_5
1348.86667,447.35556,55.15556,329.25556,7131.47778,8.97778,1.0,3.62222,494.13333,2755.3,42.55556,390.46667,880.56667,2.66667,2.66667,3.74815,3.77778,9.83333,21.77778,ML_15C_6
1797.08889,528.24444,89.71111,326.7,8799.7,2.75556,1.0963,4.73333,615.46667,2645.3,53.33333,348.24444,906.01111,3.0,5.11111,4.08148,1.0,15.5,41.55556,ML_15C_7
1417.2,351.46667,58.37778,257.25556,7175.47778,2.75556,1.0963,2.74815,488.91111,2477.52222,42.22222,325.91111,788.78889,2.44444,2.66667,2.97778,1.0,7.81481,30.0,ML_15C_8
1226.64444,349.57778,71.04444,236.47778,6388.14444,144.15556,1.0,2.98519,445.57778,2346.18889,40.88889,306.02222,777.01111,5.0,2.66667,5.28148,2.77778,8.25926,31.11111,ML_15C_9
798.42222,150.24444,142.52222,38.0,2416.35556,8.59259,1.11111,11.62963,107.64444,2204.8,41.18889,149.93333,201.75556,2.37778,1.0,3.97778,16.22222,9.95926,55.0,ML_16A_0
951.08889,193.8,156.74444,109.38889,3347.91111,13.96296,1.0,5.20741,145.53333,2037.35556,46.96667,189.82222,256.53333,1.71111,1.0,4.14815,5.66667,9.67778,46.0,ML_16A_1
969.97778,189.57778,162.74444,96.27778,3422.24444,43.7963,1.11111,9.40741,130.42222,1900.68889,51.3,171.26667,197.08889,1.5037,1.0,5.75556,12.22222,9.23333,37.22222,ML_16A_2
824.97778,154.24444,135.52222,103.44444,2922.35556,86.7037,1.0,6.2,125.42222,1806.57778,43.41111,155.15556,191.2,2.86667,1.0,6.02963,9.55556,7.73704,52.11111,ML_16A_3
945.75556,180.35556,127.18889,113.27778,3200.57778,57.2963,1.11111,1.99259,136.64444,1628.13333,40.52222,177.48889,224.42222,1.17037,1.0,2.16296,5.77778,9.01111,44.0,ML_16A_4
973.97778,163.35556,150.74444,95.66667,3290.35556,37.7963,1.0,7.07407,142.31111,1502.13333,45.74444,168.37778,202.08889,2.85185,1.68889,3.87407,10.66667,6.76296,37.0,ML_16A_5
901.75556,185.68889,128.52222,85.44444,3003.13333,24.2963,1.22222,9.2963,133.2,1392.02222,43.96667,144.71111,141.97778,1.64444,1.0,5.14815,5.66667,8.76296,32.22222,ML_16A_6
1031.42222,225.91111,153.3,124.61111,3889.13333,51.7037,1.0,7.42222,175.64444,1308.46667,51.07778,195.26667,249.08889,2.31111,2.57778,6.3037,1.88889,7.4037,29.77778,ML_16A_7
1045.75556,199.8,139.63333,96.5,4244.35556,44.53704,1.0,5.08889,177.31111,1245.8,59.07778,229.82222,228.97778,1.71111,1.0,1.82222,6.77778,7.78889,29.88889,ML_16A_8
895.86667,172.46667,145.85556,101.0,3122.02222,79.31481,1.0,6.08148,128.53333,1197.91111,50.52222,159.04444,166.53333,1.83704,1.0,4.87407,3.77778,3.3,38.88889,ML_16A_9
1344.62222,406.78889,215.87778,255.96667,5874.25556,37.55556,1.33333,7.04444,448.73333,3456.32222,46.57778,325.0,704.12222,6.88889,5.88889,11.86667,16.22222,19.33333,83.66667,ML_16B_0
1289.95556,433.01111,183.1,230.18889,5864.14444,18.77778,1.33333,3.03333,436.28889,3282.87778,48.57778,326.44444,757.01111,5.88889,9.11111,6.44444,8.44444,17.66667,56.0,ML_16B_1
1366.95556,355.23333,183.98889,245.85556,5944.03333,21.22222,1.0,3.71111,445.06667,3135.76667,41.91111,315.88889,710.9,8.0,6.0,10.42222,8.66667,18.66667,66.44444,ML_16B_2
1186.62222,436.12222,179.32222,230.41111,5449.14444,8.77778,1.22222,6.36667,398.17778,2941.98889,43.24444,278.22222,671.12222,5.55556,4.33333,6.75556,7.55556,15.44444,54.0,ML_16B_3
1133.73333,413.78889,174.43333,225.07778,5076.36667,15.0,1.0,3.46667,372.28889,2810.98889,42.91111,284.55556,740.78889,4.44444,1.77778,6.8,6.66667,12.11111,35.44444,ML_16B_4
1038.62222,392.56667,155.98889,225.07778,4763.03333,5.0,1.0,5.25556,358.06667,2695.32222,43.91111,263.55556,695.34444,6.44444,2.55556,5.15556,8.66667,13.74074,49.44444,ML_16B_5
1212.84444,416.78889,145.1,253.52222,5436.7,2.88889,1.0,5.12222,405.73333,2627.21111,43.13333,280.0,673.67778,5.11111,1.0,6.35556,4.55556,13.77778,31.11111,ML_16B_6
1142.84444,359.23333,159.21111,209.74444,4750.03333,11.0,1.0,6.47778,330.17778,2585.43333,41.35556,222.33333,605.23333,5.11111,2.66667,6.48889,8.55556,10.22222,61.66667,ML_16B_7
1185.06667,403.67778,141.1,253.74444,5193.47778,19.0,1.0,2.35556,413.17778,2522.76667,44.8,297.0,756.34444,4.44444,2.66667,4.84444,6.66667,11.55556,28.11111,ML_16B_8
1176.84444,386.34444,207.98889,202.07778,5048.81111,20.88889,1.11111,5.25556,357.06667,2470.32222,33.35556,265.33333,541.01111,4.77778,2.55556,8.97778,5.77778,11.66667,42.88889,ML_16B_9
965.26667,401.12222,177.61111,99.73333,3280.44444,547.02222,1.20741,6.25926,237.76667,2043.51111,26.6,302.34444,275.06667,14.47778,2.66667,27.55556,7.66667,53.13333,32.95556,ML_16C_0
1139.82222,286.23333,154.61111,82.64444,3170.66667,981.52593,1.53333,7.37037,207.65556,1828.62222,22.48889,244.9,201.17778,7.14444,1.77778,21.66667,17.11111,54.8,28.73333,ML_16C_1
789.93333,284.12222,178.05556,89.4,2412.44444,948.52593,1.20741,2.51852,171.98889,1650.28889,15.82222,206.65185,170.57778,5.54815,1.0,15.44444,4.77778,52.35556,24.39259,ML_16C_2
1033.48889,285.12222,133.05556,128.17778,3263.55556,459.41481,1.1037,5.5,186.98889,1529.73333,21.94074,180.01111,141.4,28.14444,2.66667,13.59259,3.77778,29.36296,22.28889,ML_16C_3
812.15556,338.67778,119.27778,100.53333,2550.0,1155.24444,1.0,6.72222,206.76667,1409.06667,16.93333,226.9,165.62222,8.58889,1.77778,16.11111,11.55556,72.57778,19.73333,ML_16C_4
896.04444,205.23333,132.61111,65.6,2431.11111,477.02222,1.21481,3.62963,199.98889,1309.17778,22.37778,151.01111,144.28889,7.17407,1.77778,18.25926,1.88889,78.74815,12.73333,ML_16C_5
1062.93333,248.78889,170.38889,80.08889,3127.11111,1396.02222,1.1037,6.61111,201.43333,1251.4,23.15556,181.01111,149.62222,12.95185,1.77778,14.14815,1.88889,36.8,19.95556,ML_16C_6
1247.15556,184.12222,145.5,110.17778,3613.66667,709.46667,1.42963,8.88889,172.21111,1209.62222,20.82222,143.56667,165.62222,14.50741,2.55556,10.37037,2.77778,18.08148,17.72593,ML_16C_7
762.04444,213.45556,101.16667,92.86667,2357.22222,1181.47407,1.0,1.75926,169.87778,1126.06667,22.26667,146.34444,147.28889,22.77037,1.0,9.88889,6.77778,16.91852,18.95556,ML_16C_8
527.04444,228.67778,76.27778,97.4,1865.33333,760.68889,1.0,2.51852,158.76667,1126.06667,16.6,138.56667,124.95556,5.47778,1.0,9.37037,1.88889,112.74815,12.62222,ML_16C_9
1310.81111,930.57778,156.12222,527.0,7306.84444,186.97778,1.0,14.54074,717.23333,5360.23333,117.88889,487.91111,2202.92222,3.88889,6.77778,11.66667,8.66667,31.33333,25.31111,ML_1A_0
1363.47778,908.46667,153.23333,408.11111,7657.06667,263.73333,1.0,9.98519,682.56667,4961.67778,112.44444,502.35556,2253.14444,4.55556,2.55556,13.44444,6.66667,30.88889,23.42222,ML_1A_1
1304.03333,843.91111,148.56667,511.33333,7260.28889,63.91111,1.08519,12.0963,677.67778,4725.9,115.55556,514.35556,2248.14444,2.66667,1.0,7.7037,3.77778,36.77778,23.2,ML_1A_2
1216.92222,735.68889,150.12222,457.44444,6988.17778,84.2,1.0,20.31852,593.12222,4489.67778,100.55556,463.46667,1809.58889,5.55556,1.0,11.48148,1.0,32.0,27.97778,ML_1A_3
1240.7,702.35556,159.23333,415.88889,6880.84444,141.37778,1.08519,11.25926,571.45556,4190.56667,107.88889,496.68889,1809.03333,4.11111,4.22222,8.7037,3.77778,22.22222,25.08889,ML_1A_4
1072.81111,629.68889,149.34444,341.22222,5932.17778,168.15556,1.08519,8.28889,540.23333,3959.9,92.66667,420.68889,1689.92222,4.55556,3.44444,8.81481,3.77778,24.0,33.08889,ML_1A_5
1234.7,663.13333,170.67778,423.66667,6375.95556,112.6,1.0,24.34815,555.34444,3724.01111,100.22222,442.46667,1712.47778,5.44444,3.44444,13.85185,2.88889,26.44444,26.64444,ML_1A_6
1050.7,516.8,182.56667,318.11111,5222.73333,200.17778,1.17037,5.86667,469.01111,3472.56667,88.0,425.68889,1307.25556,4.11111,3.44444,15.18519,4.77778,19.66667,34.08889,ML_1A_7
955.25556,516.91111,160.45556,256.22222,5239.06667,222.35556,1.08519,8.08889,457.67778,3309.78889,77.55556,355.02222,1199.81111,4.66667,1.77778,9.14815,3.77778,12.48148,30.86667,ML_1A_8
1055.47778,633.8,142.78889,361.88889,5826.28889,338.97778,1.0,7.92593,494.56667,3199.45556,85.0,352.8,1352.36667,7.44444,1.0,8.14815,5.55556,23.22222,22.53333,ML_1A_9
1424.71111,622.07778,173.8,327.57778,7224.34444,20.88889,1.0,11.62222,553.45556,3285.02222,75.33333,392.7,1271.78889,7.33333,3.38519,32.07778,7.55556,31.3,49.77778,ML_1B_0
1293.71111,617.18889,151.02222,314.68889,6642.12222,13.0,1.11111,6.86667,496.12222,2959.8,76.66667,362.7,1196.23333,6.66667,1.71852,21.26667,7.55556,27.85556,42.11111,ML_1B_1
1329.82222,570.63333,148.8,366.35556,7048.56667,255.11111,1.22222,7.17778,500.9,2708.02222,73.88889,354.36667,1102.78889,5.11111,4.27407,22.85556,9.33333,22.3,37.55556,ML_1B_2
1174.6,434.41111,117.02222,299.13333,5095.9,70.0,1.0,4.84444,354.78889,2582.46667,55.66667,326.92222,860.12222,5.33333,1.0,19.48889,2.88889,14.3,26.55556,ML_1B_3
1231.82222,434.3,139.13333,307.02222,6311.56667,21.22222,1.11111,13.75556,442.12222,2435.57778,59.77778,324.92222,1003.01111,4.88889,1.71852,13.85556,3.77778,23.3,29.55556,ML_1B_4
1202.6,466.85556,127.46667,281.24444,6059.23333,132.22222,1.22222,10.42222,417.67778,2325.57778,60.77778,328.03333,852.45556,6.11111,1.71852,11.75556,1.88889,18.85556,27.33333,ML_1B_5
1228.71111,411.18889,121.46667,291.35556,5913.12222,25.33333,1.0,12.93333,388.23333,2221.13333,57.22222,296.81111,814.01111,5.77778,4.21481,5.2,4.66667,14.96667,16.0,ML_1B_6
1232.71111,453.74444,141.35556,296.68889,5615.78889,19.0,1.0,10.91111,408.9,2136.57778,58.33333,285.58889,878.12222,6.11111,3.32593,9.75556,2.77778,21.18889,29.44444,ML_1B_7
1124.71111,345.52222,133.57778,255.35556,5447.23333,23.0,1.0,6.06667,375.78889,2032.13333,59.33333,296.25556,741.67778,5.11111,1.0,8.26667,1.88889,16.19259,25.22222,ML_1B_8
1160.6,412.18889,144.35556,296.68889,5451.01111,23.11111,1.11111,4.84444,375.12222,1979.91111,55.77778,336.03333,733.67778,4.22222,2.60741,6.82222,3.77778,18.41111,23.55556,ML_1B_9
1331.41111,625.3,411.32222,203.94074,4700.17778,669.55556,1.0,10.3,619.3,14932.96667,124.72222,836.66667,1963.25556,8.33333,2.60741,25.97778,10.66667,69.42222,85.75556,ML_1C_0
991.07778,530.18889,438.1,255.82222,4602.4,180.88889,1.07778,14.2,614.74444,12316.85556,124.72222,763.33333,2184.25556,8.33333,3.32593,32.75556,7.44444,72.86667,73.42222,ML_1C_1
884.3,555.52222,393.54444,314.82222,4914.62222,474.77778,1.0,8.94444,580.85556,10505.18889,125.94444,940.55556,2069.03333,5.88889,7.97778,36.86667,13.22222,71.86667,91.75556,ML_1C_2
887.52222,487.07778,490.76667,181.04444,4419.17778,608.11111,1.0,15.28889,589.63333,9161.52222,138.72222,679.66667,1732.81111,5.0,3.32593,37.31111,8.66667,69.64444,70.2,ML_1C_3
1009.07778,514.18889,404.1,224.93333,4723.73333,626.77778,1.07778,8.83333,553.07778,8468.96667,95.5,675.55556,1578.03333,4.44444,3.38519,24.97778,8.55556,59.86667,71.42222,ML_1C_4
1107.63333,502.96667,270.76667,240.15556,5036.4,375.88889,1.15556,7.04444,554.74444,7487.52222,81.16667,672.22222,1803.03333,3.66667,3.38519,17.45185,3.77778,48.75556,47.97778,ML_1C_5
1130.18889,537.3,220.32222,258.37778,5080.4,369.77778,1.34444,8.4,561.96667,6842.07778,89.27778,709.88889,1701.92222,3.88889,4.93333,15.53333,9.44444,48.42222,42.42222,ML_1C_6
1018.96667,466.85556,259.54444,209.16296,5250.06667,534.11111,1.15556,13.06667,495.18889,6170.52222,81.16667,690.11111,1445.47778,6.55556,1.71852,13.54815,10.44444,47.64444,39.42222,ML_1C_7
1137.18889,473.63333,271.76667,212.04444,4815.73333,1054.11111,1.23333,19.41111,459.3,5913.74444,89.5,721.88889,1515.47778,5.0,1.0,18.64444,7.44444,50.97778,40.53333,ML_1C_8
1045.18889,576.74444,247.1,224.82222,4593.06667,589.77778,1.15556,8.94444,456.85556,5346.96667,95.61111,587.11111,1520.7,5.33333,6.6,19.77037,6.66667,58.31111,32.53333,ML_1C_9
1483.65556,330.9,458.73333,132.01111,5209.46667,17.87037,1.0,8.64444,495.75556,17597.7,97.13333,831.0,1935.37778,8.22222,4.11111,22.95556,16.22222,71.25556,151.97778,ML_2A_0
1857.1,317.78889,403.28889,137.23333,5010.46667,101.46296,1.31111,12.73333,387.42222,11368.58889,76.02222,613.77778,1843.71111,6.44444,3.44444,43.02222,30.88889,47.36667,119.42222,ML_2A_1
2462.43333,219.9,344.84444,180.02222,5724.91111,548.83333,1.85926,2.02963,296.31111,7531.7,78.24444,510.66667,875.82222,15.66667,2.55556,17.24444,9.66667,38.58889,99.08889,ML_2A_2
1998.43333,182.56667,311.06667,92.35556,4577.68889,218.88889,1.31111,1.0,252.53333,5559.03333,49.8,446.77778,961.71111,5.11111,7.55556,21.68889,12.44444,25.7,76.08889,ML_2A_3
1993.21111,193.67778,284.4,87.13333,4499.13333,304.48148,1.1037,4.17037,204.75556,4221.58889,47.13333,386.44444,1955.26667,4.33333,4.33333,32.8,8.33333,34.92222,64.75556,ML_2A_4
1489.76667,145.12222,246.51111,93.34444,3174.8,151.11111,1.1037,7.61481,186.53333,3854.36667,39.68889,380.11111,644.93333,7.22222,2.66667,14.15556,10.55556,19.7,49.75556,ML_2A_5
1489.54444,159.45556,208.17778,46.37778,3800.46667,162.81481,1.21481,7.34074,187.53333,3602.92222,36.57778,323.33333,869.26667,6.44444,3.33333,19.8,1.0,20.81111,52.42222,ML_2A_6
1638.87778,174.45556,248.28889,150.34444,4194.24444,222.48148,1.1037,9.48148,182.2,3219.92222,38.46667,373.44444,453.93333,6.55556,4.22222,33.48889,6.55556,29.36667,51.86667,ML_2A_7
1427.76667,161.34444,180.28889,137.12222,3256.02222,136.35185,1.1037,12.00741,163.42222,2852.81111,38.68889,376.77778,381.6,15.88889,1.77778,19.82222,8.55556,18.80741,41.97778,ML_2A_8
1474.43333,124.01111,179.84444,106.34444,3453.02222,249.66667,1.0,10.78519,159.86667,2611.47778,34.8,370.66667,464.48889,10.22222,5.0,28.28889,10.33333,24.81111,48.31111,ML_2A_9
734.57778,122.0,100.91111,187.51111,2622.57778,2.88889,1.0,5.9,261.55556,1713.17778,27.42222,298.81111,308.86667,2.0,1.77778,16.18889,8.55556,8.43704,23.73333,ML_2B_0
735.13333,99.88889,125.46667,169.62222,2641.68889,1.0,1.0,3.08889,258.77778,1592.51111,24.64444,277.7,256.64444,3.55556,2.55556,12.34074,2.88889,6.02222,21.4,ML_2B_1
796.68889,124.11111,117.13333,161.62222,2704.35556,37.55556,1.0,4.2,265.22222,1502.95556,24.75556,272.47778,254.86667,5.22222,1.77778,10.3,10.55556,5.8,30.73333,ML_2B_2
785.46667,107.11111,108.68889,115.28889,2503.68889,11.0,1.0,6.42222,254.55556,1440.06667,26.08889,243.14444,241.53333,5.44444,1.0,8.04815,4.66667,5.46667,25.06667,ML_2B_3
708.8,99.88889,110.13333,113.86667,2451.46667,1.0,1.0,1.52222,273.0,1382.62222,25.2,242.7,247.08889,4.22222,5.11111,15.85556,3.77778,6.68889,20.95556,ML_2B_4
786.46667,95.88889,101.46667,79.28889,2623.68889,61.88889,1.0,2.63333,230.22222,1299.06667,25.75556,252.14444,215.2,7.66667,3.44444,7.75556,2.88889,8.8,23.06667,ML_2B_5
677.35556,113.88889,90.13333,86.84444,2353.24444,11.0,1.0,6.42222,257.33333,1299.06667,18.53333,226.92222,217.64444,2.66667,5.11111,8.71481,6.55556,5.57778,20.17778,ML_2B_6
730.13333,108.0,104.35556,77.86667,2548.13333,158.66667,1.1037,1.0,212.88889,1252.06667,25.08889,241.25556,229.08889,4.44444,4.22222,13.34074,15.44444,4.00741,20.28889,ML_2B_7
730.91111,130.11111,114.8,125.62222,2555.57778,47.88889,1.0,3.67778,247.55556,1225.4,27.42222,265.47778,252.31111,6.66667,2.55556,9.07778,4.66667,9.11852,22.06667,ML_2B_8
643.8,99.88889,103.46667,107.02222,2161.02222,1.0,1.1037,2.04444,259.66667,1204.06667,20.53333,233.7,201.53333,2.11111,1.0,8.12963,1.88889,10.2,24.28889,ML_2B_9
723.36667,78.26667,131.57778,63.75556,2888.22222,40.11111,1.0,6.71852,318.22222,2895.94444,30.24444,412.04444,279.73333,1.51852,2.66667,4.06667,7.66667,8.87407,23.97778,ML_2C_0
683.36667,106.6,121.35556,87.57778,2773.22222,19.93333,1.0,12.4963,285.66667,2544.83333,25.35556,406.6,226.28889,1.41481,1.77778,9.93333,3.77778,7.9,23.53333,ML_2C_1
715.92222,106.48889,133.35556,118.46667,2734.66667,58.28889,1.33333,1.87407,310.33333,2408.05556,30.68889,388.26667,227.84444,1.94815,2.55556,9.5037,5.66667,6.98519,25.08889,ML_2C_2
649.14444,84.26667,146.02222,76.53333,2431.0,44.97778,1.11111,5.84444,298.44444,2308.83333,29.13333,399.37778,205.73333,2.28889,1.0,6.51111,2.88889,6.76296,20.2,ML_2C_3
658.36667,109.48889,116.57778,86.41481,2588.66667,24.53333,1.22222,1.87407,293.77778,2188.27778,28.02222,359.82222,204.95556,1.85185,2.66667,13.4963,2.77778,6.95926,25.75556,ML_2C_4
655.81111,110.6,115.57778,61.57778,2406.22222,120.22222,1.0,5.84444,296.44444,2098.94444,26.68889,379.48889,194.17778,1.51852,1.77778,10.39259,3.88889,6.9,21.08889,ML_2C_5
536.81111,72.15556,120.24444,119.85926,2209.0,4.24444,1.0,1.87407,313.22222,1978.83333,27.8,384.37778,223.73333,1.63704,1.0,9.62222,1.88889,9.42963,23.2,ML_2C_6
554.81111,80.26667,123.57778,94.19259,2441.88889,6.35556,1.11111,1.87407,333.88889,1863.16667,31.35556,408.71111,202.73333,1.74815,1.77778,11.2963,1.0,9.20741,18.97778,ML_2C_7
569.58889,74.26667,132.02222,103.02222,2292.88889,40.0,1.0,2.74815,315.77778,1815.94444,28.02222,372.04444,209.62222,1.84444,1.77778,12.71111,1.88889,11.76296,25.42222,ML_2C_8
570.92222,69.64444,96.24444,77.6963,2201.33333,122.6,1.0,6.95556,268.44444,1721.83333,25.35556,375.15556,193.28889,1.20741,2.55556,11.51111,1.0,6.51481,26.31111,ML_2C_9
1055.53333,558.53333,575.58889,229.72222,6573.17778,91.04444,1.3,13.5037,661.66667,22518.82222,126.26667,1152.82222,3889.64444,7.33333,16.0,50.02222,18.22222,177.12222,125.17778,ML_3A_0
968.2,444.42222,406.36667,217.2963,5684.95556,26.14074,1.52222,7.19259,610.66667,17276.71111,104.04444,755.82222,3252.31111,5.44444,3.44444,38.68889,24.0,164.34444,99.28889,ML_3A_1
873.53333,300.75556,242.25556,208.83333,4373.51111,54.91852,1.94444,14.19259,518.66667,11384.71111,76.37778,569.04444,1829.86667,3.55556,4.11111,19.91111,3.77778,117.34444,71.17778,ML_3A_2
792.08889,288.86667,232.14444,188.38889,4289.51111,97.91852,1.1,12.97037,425.55556,9068.6,72.48889,593.37778,1218.75556,4.22222,4.22222,18.35556,5.66667,101.78889,56.4,ML_3A_3
842.75556,283.75556,201.25556,201.27778,4370.06667,78.82222,1.4,5.20741,429.44444,8223.71111,69.04444,526.82222,1794.86667,2.88889,3.33333,20.68889,2.88889,70.9,69.95556,ML_3A_4
949.42222,306.86667,188.14444,227.05556,4766.84444,261.21852,1.0,17.63704,370.88889,7106.04444,73.48889,737.26667,1343.64444,2.88889,3.44444,34.02222,11.44444,83.9,61.51111,ML_3A_5
868.75556,485.97778,203.47778,206.5,4432.28889,119.71111,1.2,8.3037,363.77778,6481.82222,63.48889,464.71111,1324.64444,4.33333,6.0,28.68889,19.22222,78.45556,52.95556,ML_3A_6
753.08889,209.08889,177.92222,165.16667,3678.4,144.10741,1.1,7.07407,287.55556,5852.6,52.15556,362.93333,925.75556,4.77778,7.66667,19.35556,8.66667,70.67778,44.28889,ML_3A_7
731.2,205.97778,163.92222,152.16667,3494.4,80.93333,1.3,13.5037,323.33333,5034.04444,47.82222,369.04444,895.86667,3.55556,4.22222,19.68889,10.55556,69.9,36.06667,ML_3A_8
854.75556,267.64444,174.7,224.85185,4323.84444,37.10741,1.1,7.42222,352.11111,4519.93333,60.6,398.48889,886.64444,3.11111,6.77778,11.31111,8.44444,62.9,42.28889,ML_3A_9
878.95556,120.5,285.04444,103.38519,3683.97778,2.88889,1.53333,9.28889,223.95556,7531.71111,42.86667,726.44444,763.4,7.77778,4.33333,28.77778,82.1,22.9,98.28889,ML_3B_0
808.51111,94.5,242.6,78.61481,3278.64444,20.77778,1.31852,5.78519,195.06667,6739.37778,36.75556,602.55556,862.62222,5.33333,1.77778,22.55556,96.52222,21.34444,86.73333,ML_3B_1
828.28889,92.5,220.93333,73.93333,3191.2,31.0,1.1037,1.64074,205.28889,6025.93333,37.64444,575.66667,778.06667,5.22222,1.77778,12.81481,48.38889,23.23333,78.4,ML_3B_2
848.51111,84.16667,217.48889,133.26667,3020.97778,10.66667,1.0,1.0,175.95556,5511.71111,39.86667,539.55556,716.28889,5.77778,2.55556,15.0,20.72222,20.56667,82.06667,ML_3B_3
981.17778,87.27778,183.26667,130.82222,3004.2,130.0,1.1037,2.75185,184.84444,4709.15556,33.2,514.11111,491.95556,3.22222,4.33333,14.88889,12.83333,18.12222,59.06667,ML_3B_4
988.73333,66.16667,181.82222,122.82222,2846.75556,23.0,1.1037,2.75185,170.73333,4352.6,34.64444,468.55556,496.17778,2.44444,5.11111,11.0,31.4,16.67778,60.95556,ML_3B_5
1001.28889,84.38889,196.6,117.93333,3216.75556,90.88889,1.0,5.25556,174.51111,4095.6,29.64444,438.0,447.51111,3.0,2.55556,14.7037,44.4,18.12222,60.28889,ML_3B_6
1107.06667,57.05556,179.48889,130.82222,3319.53333,281.55556,1.0,7.47778,184.95556,3812.71111,31.64444,402.0,427.73333,1.11111,1.0,6.37037,10.25556,14.45556,46.95556,ML_3B_7
952.28889,75.27778,170.04444,125.6,3149.2,170.77778,1.1037,2.75185,150.73333,3587.15556,28.42222,351.0,431.51111,2.0,1.77778,10.55556,21.14444,16.39259,45.17778,ML_3B_8
1000.28889,90.05556,199.37778,135.93333,3117.64444,183.11111,1.1037,6.42593,167.17778,3382.82222,30.75556,403.0,423.84444,2.88889,1.77778,8.2963,9.15556,14.5037,43.84444,ML_3B_9
885.15556,126.91111,203.35556,157.54444,2805.48889,119.0,1.0,5.07778,411.33333,2946.85556,31.94444,340.88889,298.7,4.82222,2.66667,11.80741,1.88889,11.92222,55.91111,ML_3C_0
915.15556,148.24444,189.35556,188.87778,3000.26667,49.66667,1.0,11.25556,458.77778,2726.52222,35.27778,392.22222,301.58889,4.83704,2.66667,10.2,9.33333,10.81111,70.68889,ML_3C_1
995.82222,143.13333,222.46667,131.98889,3092.04444,211.55556,1.08889,9.15556,408.22222,2496.18889,32.94444,377.88889,280.81111,4.71852,1.77778,12.53333,5.55556,8.45556,59.8,ML_3C_2
844.37778,118.91111,193.8,137.79259,2774.37778,217.66667,1.08889,2.97778,385.55556,2354.3,34.5,323.22222,256.36667,4.82963,1.0,8.97778,2.88889,12.56667,57.02222,ML_3C_3
814.82222,124.91111,141.24444,86.23704,2771.82222,106.77778,1.0,9.27778,435.33333,2155.18889,32.27778,342.88889,260.47778,3.5037,1.77778,16.91852,2.88889,10.03333,56.13333,ML_3C_4
847.93333,125.02222,160.24444,93.9037,2977.93333,156.55556,1.0,7.3,358.88889,2076.52222,30.72222,321.11111,266.92222,3.95556,2.66667,15.97778,10.44444,12.34444,60.46667,ML_3C_5
834.6,113.91111,207.8,95.87778,2701.37778,49.55556,1.0,4.08889,395.44444,1977.3,29.05556,294.44444,235.25556,4.6,1.77778,11.64444,7.66667,8.02222,49.68889,ML_3C_6
822.93333,154.24444,159.68889,122.23704,2762.71111,59.77778,1.08889,4.95556,364.66667,1908.96667,31.16667,329.77778,266.58889,4.60741,2.66667,16.2,3.88889,8.13333,67.02222,ML_3C_7
723.37778,122.91111,123.91111,119.9037,2166.15556,119.55556,1.0,1.98889,330.66667,1835.3,26.05556,322.44444,217.92222,1.85185,4.33333,14.08148,1.88889,5.36667,37.68889,ML_3C_8
759.48889,120.91111,138.8,93.9037,2492.6,37.33333,1.0,7.17778,359.88889,1772.63333,28.38889,308.77778,228.58889,3.28148,3.33333,13.53333,12.44444,8.93333,52.13333,ML_3C_9
798.03333,344.12222,72.27778,191.71111,3608.8,77.77778,1.0,5.48889,289.65556,2207.52222,77.26667,381.0,1141.05556,2.66667,2.66667,13.07407,3.64444,14.92222,25.84444,ML_4A_0
825.58889,338.9,68.05556,188.93333,3694.57778,36.42222,1.1,4.84444,246.1,2128.74444,71.15556,281.22222,1053.16667,2.0,2.55556,9.61111,2.64444,19.58889,22.06667,ML_4A_1
757.25556,292.67778,69.94444,182.12593,3465.46667,161.51111,1.0,3.62222,250.98889,2024.3,76.82222,360.33333,1053.61111,1.22222,1.77778,11.74074,3.64444,20.58889,26.62222,ML_4A_2
761.14444,245.12222,66.72222,135.68148,3354.13333,169.97778,1.0,4.37778,230.87778,1908.63333,61.93333,316.88889,900.38889,1.88889,4.22222,11.61111,7.28889,18.81111,22.73333,ML_4A_3
752.14444,278.45556,72.27778,199.37778,3427.24444,178.2,1.1,5.88889,238.54444,1840.52222,68.37778,302.44444,987.27778,1.88889,1.0,6.33333,6.46667,17.81111,26.73333,ML_4A_4
766.81111,216.9,55.05556,150.37778,3436.91111,201.0,1.1,9.22222,211.32222,1725.41111,48.15556,219.55556,787.94444,2.0,1.77778,12.51852,7.46667,12.58519,19.28889,ML_4A_5
921.7,234.01111,67.5,124.37778,3551.8,208.6,1.0,6.24444,220.54444,1677.63333,48.48889,248.77778,798.27778,2.55556,1.0,9.61111,1.82222,13.58519,25.4,ML_4A_6
767.92222,245.23333,63.94444,106.37778,3513.8,26.33333,1.0,6.6,226.1,1625.41111,60.04444,258.44444,908.38889,1.44444,4.33333,8.98148,3.64444,15.92222,21.4,ML_4A_7
701.81111,132.12222,74.5,82.31852,2656.02222,103.46667,1.1,4.37778,202.21111,1583.63333,38.26667,224.77778,589.83333,1.66667,1.0,10.42593,8.28889,14.02963,28.62222,ML_4A_8
718.7,240.12222,70.5,122.04444,3295.02222,213.44444,1.0,3.26667,228.21111,1525.63333,61.37778,282.55556,937.5,2.66667,3.33333,8.33333,3.82222,15.36667,25.62222,ML_4A_9
2975.45556,333.1,755.26667,231.53333,9143.91111,606.11111,1.1037,13.33333,527.0,22111.25556,75.44444,1035.03333,2648.2,8.22222,12.07407,23.62222,22.0,72.75556,167.68889,ML_4B_0
3048.78889,259.54444,333.48889,177.31111,9020.46667,446.0,1.21481,6.55556,374.22222,17381.03333,64.55556,925.58889,2190.31111,9.33333,5.53333,12.31852,10.44444,36.2,138.46667,ML_4B_1
2031.56667,243.43333,340.04444,128.42222,7193.8,211.88889,1.1037,4.33333,413.88889,12253.92222,51.0,742.92222,1869.42222,9.66667,5.41481,10.65185,15.44444,39.97778,123.91111,ML_4B_2
1240.9,164.76667,210.93333,86.77037,4495.35556,172.55556,1.1037,13.44444,299.44444,7938.36667,48.22222,502.7,1125.75556,3.88889,1.0,6.68148,15.22222,38.75556,118.02222,ML_4B_3
1067.34444,105.21111,162.37778,34.46667,3029.35556,51.55556,1.0,8.77778,157.0,5587.7,29.11111,397.81111,1021.42222,3.33333,2.54815,4.71111,5.77778,16.08889,65.46667,ML_4B_4
1401.34444,85.87778,176.82222,112.54815,3101.24444,168.44444,1.21481,6.55556,149.44444,4281.81111,16.77778,337.58889,355.86667,2.55556,7.08148,12.62222,3.77778,12.85926,29.8,ML_4B_5
1040.23333,61.54444,151.6,66.53333,2700.91111,180.88889,1.1037,6.55556,141.55556,3830.81111,20.66667,356.58889,324.75556,1.55556,1.0,7.76296,4.66667,11.42222,25.35556,ML_4B_6
1467.01111,110.1,157.04444,133.53333,4398.8,201.44444,1.1037,8.77778,181.88889,3537.36667,26.77778,485.81111,431.97778,1.88889,6.42222,10.54074,4.66667,15.6963,35.24444,ML_4B_7
1490.12222,99.21111,125.26667,75.57778,4179.68889,279.44444,1.1037,7.77778,170.11111,3201.47778,25.44444,430.92222,374.97778,2.11111,1.0,9.12593,4.66667,16.42222,39.91111,ML_4B_8
1590.01111,97.87778,128.6,130.86667,4343.91111,174.77778,1.32593,12.22222,168.22222,2986.47778,24.0,393.14444,363.53333,2.44444,5.64444,8.15556,3.77778,15.31111,30.46667,ML_4B_9
907.05556,174.96667,529.41111,86.77778,4054.37778,31.0,2.13333,18.14074,259.02222,6690.58889,54.78889,489.91111,769.03333,6.88889,11.36296,24.16667,43.66667,44.91111,73.48889,ML_4C_0
782.72222,298.07778,1167.18889,133.11111,3973.37778,150.11111,3.2,16.2,368.8,6139.7,47.9,434.24444,469.14444,11.88889,2.60741,12.77778,23.22222,27.24444,68.6,ML_4C_1
880.38889,245.41111,789.74444,95.25926,4131.15556,218.11111,2.27407,19.64444,292.68889,5562.92222,45.01111,477.91111,579.7,8.77778,2.60741,18.61111,28.77778,27.82222,79.37778,ML_4C_2
801.83333,215.3,595.74444,82.96296,3563.37778,82.22222,2.4,11.92593,240.68889,5080.36667,45.56667,433.8,529.14444,7.55556,2.60741,15.27778,15.44444,36.13333,57.82222,ML_4C_3
832.94444,159.96667,384.96667,95.03704,3645.82222,62.22222,1.41481,8.48148,242.57778,4744.81111,47.34444,478.02222,591.92222,6.66667,4.93333,14.61111,27.0,34.02222,61.48889,ML_4C_4
822.38889,217.41111,531.85556,127.88889,3668.6,86.22222,3.48148,3.77037,263.46667,4461.03333,45.01111,446.13333,482.14444,5.55556,2.60741,9.83333,41.77778,35.13333,53.15556,ML_4C_5
839.05556,183.85556,578.85556,83.18519,3205.71111,54.0,2.27407,8.87407,251.8,4052.25556,38.01111,325.8,501.03333,10.0,1.0,9.55556,27.11111,21.13333,47.04444,ML_4C_6
761.27778,155.74444,462.07778,34.18519,3384.71111,39.22222,2.71852,13.86667,267.35556,3606.47778,38.01111,328.24444,520.7,5.44444,3.32593,12.72222,20.33333,23.02222,46.82222,ML_4C_7
736.05556,138.63333,238.74444,71.0,2998.82222,10.88889,1.0963,7.76296,218.91111,3475.58889,32.67778,304.91111,504.58889,3.77778,4.04444,9.5,8.55556,16.35556,29.6,ML_4C_8
593.05556,145.41111,423.63333,72.85185,2598.6,57.55556,2.17778,8.48148,194.02222,3265.92222,29.67778,293.46667,401.03333,7.44444,1.71852,8.44444,21.33333,21.68889,33.15556,ML_4C_9
768.43333,92.38889,290.9,43.69259,2603.33333,65.06667,1.0,12.19259,108.93333,4729.44444,42.33333,372.13333,517.24444,9.0,1.0,19.93333,16.22222,35.25926,128.28889,ML_5A_0
887.98889,80.5,240.34444,80.7,2492.33333,32.66667,1.0,11.68148,106.48889,3858.77778,25.44444,338.35556,436.57778,6.33333,1.0,10.45926,5.55556,24.11111,60.4,ML_5A_1
887.87778,75.16667,219.78889,23.23704,2420.0,63.93333,1.20741,3.05926,97.37778,3444.55556,25.11111,316.91111,291.13333,2.77778,1.0,8.12593,5.55556,16.66667,41.51111,ML_5A_2
863.54444,74.27778,190.12222,35.91481,2351.88889,151.77778,1.0,4.00741,89.48889,3213.66667,23.44444,288.35556,228.91111,2.11111,2.43704,11.82222,6.77778,15.25926,45.51111,ML_5A_3
911.21111,59.16667,208.45556,35.91481,2568.33333,92.11111,1.0,4.00741,112.71111,3061.55556,30.44444,298.68889,282.68889,4.11111,3.32593,14.34815,3.77778,18.48148,63.51111,ML_5A_4
656.87778,53.94444,165.67778,52.46667,2132.88889,49.35556,1.1037,18.51852,97.37778,2841.33333,32.11111,270.24444,279.13333,3.77778,2.60741,13.20741,6.55556,22.59259,69.73333,ML_5A_5
895.54444,67.05556,186.12222,74.69259,2479.66667,96.57778,1.0,14.57778,106.93333,2610.44444,22.66667,304.8,252.02222,3.88889,6.54074,12.23704,3.77778,19.66667,39.73333,ML_5A_6
726.87778,44.77778,169.45556,49.7,2194.77778,20.46667,1.31111,7.28889,90.37778,2317.22222,20.88889,265.46667,199.57778,2.22222,2.43704,10.31852,5.55556,13.40741,27.84444,ML_5A_7
603.76667,58.94444,157.67778,30.8037,1965.55556,8.37778,1.0,8.12593,81.15556,2191.33333,24.55556,226.91111,220.24444,5.44444,1.71852,14.0963,7.66667,18.55556,66.17778,ML_5A_8
776.43333,73.16667,141.56667,91.14444,2177.44444,139.93333,1.0,1.0,92.26667,2112.55556,22.88889,304.68889,185.46667,3.33333,3.32593,10.9037,6.55556,15.55556,22.95556,ML_5A_9
496.12222,32.81111,36.42222,83.91111,1834.05556,49.55556,1.08889,7.27407,11.80741,478.78889,1.3,21.03333,12.14074,1.77778,1.0,5.88889,1.88889,3.11111,3.86667,ML_5B_0
577.78889,64.34444,38.53333,72.91852,2143.61111,111.22222,1.0,13.95185,8.80741,426.56667,1.0,17.95556,15.53333,2.11111,1.0,4.66667,6.55556,2.42222,5.91111,ML_5B_1
516.34444,64.45556,26.42222,66.08889,2058.05556,51.77778,1.0,7.16296,6.58519,357.9,1.0,13.76667,11.41481,1.55556,1.0,11.22222,5.77778,2.66667,4.33333,ML_5B_2
475.34444,43.46667,28.42222,63.42222,1764.05556,240.55556,1.0,4.63704,3.74815,347.23333,1.1,21.14444,16.52593,1.33333,1.0,8.11111,1.0,1.51111,4.24444,ML_5B_3
522.67778,81.45556,46.97778,33.12593,2190.27778,70.55556,1.0,6.45556,7.13333,347.23333,1.1,18.36667,14.3037,1.66667,1.0,4.66667,9.44444,2.15556,2.51111,ML_5B_4
432.9,43.46667,32.31111,35.68148,1776.72222,25.33333,1.0,10.91111,5.57778,310.67778,1.0,20.28889,14.58519,1.33333,1.0,10.11111,4.88889,2.08889,4.35556,ML_5B_5
456.67778,40.46667,30.2,54.80741,1789.61111,6.88889,1.26667,4.23333,6.64444,258.45556,1.0,27.1,18.85926,1.66667,1.0,7.22222,7.77778,1.71111,4.02222,ML_5B_6
580.23333,55.68889,36.08889,67.6963,1961.27778,78.0,1.0,2.41481,7.42222,253.23333,1.1,22.7,17.19259,3.11111,1.0,1.66667,8.33333,2.6,3.37778,ML_5B_7
464.56667,97.56667,19.86667,43.52593,1708.16667,64.0,1.0,4.23333,4.47407,253.23333,1.0,11.28889,14.6963,1.22222,1.0,2.0,2.77778,1.13333,3.04444,ML_5B_8
426.45556,32.9,18.42222,38.3037,1575.27778,108.88889,1.0,3.12222,4.53333,253.23333,1.0,9.16667,6.14815,1.22222,1.0,6.11111,7.66667,2.02222,3.11111,ML_5B_9
414.92222,49.83333,117.47778,56.60741,1851.97778,191.33333,1.0,13.03704,94.15556,3348.92222,27.53333,254.48889,244.72222,1.88889,1.77778,14.72593,1.0,32.28889,30.66667,ML_5C_0
473.47778,76.05556,145.81111,59.05185,2039.75556,51.88889,1.0,5.2,92.26667,2551.92222,28.64444,237.93333,258.5,1.33333,5.0,24.95556,1.88889,33.28889,37.77778,ML_5C_1
553.58889,64.16667,143.58889,59.27407,2394.53333,8.77778,1.0,13.11852,83.6,2200.7,27.64444,289.26667,262.83333,3.0,2.66667,18.28889,3.77778,24.51111,49.55556,ML_5C_2
540.7,62.16667,147.81111,81.83704,2291.64444,6.88889,1.0,9.67407,92.71111,1875.7,28.42222,248.04444,253.16667,2.22222,2.66667,23.95556,1.88889,32.95556,44.22222,ML_5C_3
589.47778,64.83333,175.47778,88.04444,2422.53333,2.88889,1.0,9.59259,103.37778,1713.03333,28.2,270.15556,272.94444,2.77778,1.0,17.05185,4.66667,27.53333,48.55556,ML_5C_4
513.25556,71.16667,137.7,38.60741,2195.64444,8.77778,1.1,3.14074,83.93333,1555.7,25.31111,231.15556,213.16667,1.22222,2.55556,10.83704,11.33333,23.68889,38.88889,ML_5C_5
547.92222,43.61111,110.03333,123.60741,2198.75556,1.0,1.0,7.34074,94.04444,1471.36667,20.75556,209.04444,161.38889,3.0,1.77778,13.17037,1.88889,5.13333,21.55556,ML_5C_6
523.47778,46.11111,133.36667,89.61481,2147.31111,6.66667,1.0,6.31111,97.04444,1382.58889,21.64444,226.04444,187.72222,1.77778,2.66667,15.17778,4.77778,16.02222,33.66667,ML_5C_7
543.92222,43.72222,108.25556,103.6,2268.42222,1.0,1.0,5.2,87.15556,1319.92222,18.86667,233.48889,184.83333,2.22222,1.0,13.38519,3.77778,9.13333,23.11111,ML_5C_8
604.03333,62.94444,150.7,88.04444,2525.86667,2.88889,1.1,1.0,100.15556,1299.03333,24.42222,252.71111,206.72222,2.33333,1.0,16.83704,4.77778,14.73333,40.77778,ML_5C_9
1043.82222,150.63333,127.34444,106.17778,3335.93333,10.27778,1.0,3.64444,279.8,4714.82222,32.65556,567.85556,616.55556,8.22222,2.43704,18.8,2.88889,37.6,28.37778,ML_6A_0
1092.48889,144.52222,103.23333,94.35556,3296.93333,14.38889,1.10741,5.26667,243.24444,3739.15556,30.21111,521.85556,403.88889,6.22222,2.60741,14.82222,1.88889,28.04444,22.71111,ML_6A_1
1099.15556,117.41111,95.78889,102.13333,3141.6,6.48148,1.10741,8.31111,233.02222,3062.48889,36.21111,474.96667,366.66667,4.66667,3.15556,18.6,1.88889,25.48889,19.82222,ML_6A_2
930.93333,107.3,89.9,58.04444,2563.15556,13.64815,1.0,8.71111,218.91111,2533.04444,17.76667,410.18889,281.44444,2.22222,2.43704,11.68889,1.0,17.37778,14.15556,ML_6A_3
806.82222,108.3,76.23333,136.95556,2380.93333,10.27778,1.0,1.0,220.8,2281.71111,17.32222,404.74444,294.66667,3.55556,2.43704,8.68889,2.77778,14.15556,12.04444,ML_6A_4
741.71111,84.96667,97.56667,80.17778,1974.37778,8.16667,1.0,2.53333,177.35556,2134.71111,13.65556,341.41111,256.0,2.33333,1.71852,6.6,1.88889,12.6,11.71111,ML_6A_5
627.82222,65.15556,61.67778,45.35556,1738.37778,4.7963,1.0,2.62222,147.91111,1982.82222,11.98889,290.18889,207.0,2.0,1.71852,9.86667,5.66667,11.37778,14.71111,ML_6A_6
720.48889,101.18889,90.34444,121.51111,2101.26667,2.68519,1.0,3.64444,199.24444,1867.15556,15.1,341.74444,246.0,2.11111,1.71852,10.48889,1.0,8.75556,11.6,ML_6A_7
731.48889,87.18889,68.9,55.6,2036.71111,12.27778,1.0,3.64444,192.24444,1725.82222,12.32222,300.96667,231.88889,2.77778,4.04444,5.86667,1.0,7.64444,12.93333,ML_6A_8
729.26667,84.07778,72.9,58.04444,2001.48889,1.0,1.0,1.0,202.68889,1657.26667,13.65556,296.96667,206.33333,2.33333,1.0,10.82222,3.77778,7.13333,9.24444,ML_6A_9
800.6,117.2,617.5,83.18519,3039.1,15479.24444,1.0,4.25556,272.25556,4146.58889,34.15556,399.81111,443.35556,18.55556,1.77778,17.82222,6.66667,25.59259,52.57778,ML_6B_0
751.71111,86.86667,396.27778,70.38889,3058.43333,20628.8,1.0,4.25556,235.25556,3727.03333,33.71111,397.47778,404.57778,90.88889,3.44444,11.05185,1.0,19.88889,51.8,ML_6B_1
808.93333,118.31111,319.61111,42.09259,2917.54444,4341.68889,1.26667,1.71481,248.14444,3522.7,37.37778,401.92222,524.13333,32.55556,3.33333,18.6,22.22222,28.44444,69.57778,ML_6B_2
827.37778,110.08889,463.5,52.51852,3094.98889,10558.02222,1.26667,6.47778,278.25556,3333.81111,34.37778,451.92222,497.46667,31.22222,3.44444,19.05185,15.22222,34.25926,60.24444,ML_6B_3
684.26667,77.97778,375.27778,93.75926,2538.65556,11452.13333,1.0,9.52593,214.92222,3176.47778,31.26667,357.81111,405.13333,13.0,8.33333,12.51111,6.66667,25.88889,48.57778,ML_6B_4
797.15556,86.97778,481.38889,109.07407,2871.21111,14159.24444,1.0,6.08148,270.7,3040.14444,35.71111,402.36667,443.24444,38.33333,5.88889,16.15556,15.33333,27.55556,56.02222,ML_6B_5
748.71111,82.86667,300.16667,72.96296,2765.54444,9947.57778,1.08889,7.19259,250.7,2934.92222,32.26667,405.47778,436.35556,20.33333,6.55556,13.48889,3.77778,29.77778,53.35556,ML_6B_6
734.82222,101.08889,437.16667,104.09259,2639.87778,10362.57778,1.08889,6.08148,227.58889,2820.03333,31.37778,411.14444,431.02222,25.33333,6.77778,18.04444,5.77778,31.44444,49.35556,ML_6B_7
848.37778,102.2,343.16667,80.74074,3122.54444,11666.02222,1.08889,9.73333,295.81111,2751.58889,37.26667,452.14444,456.91111,10.22222,11.66667,14.6,1.88889,26.55556,48.8,ML_6B_8
758.37778,93.28889,312.38889,57.66667,2755.32222,8809.35556,1.0,9.63704,241.47778,2651.92222,30.71111,411.7,383.46667,20.22222,2.66667,14.60741,2.88889,26.88889,44.57778,ML_6B_9
1351.02222,102.4,243.54444,143.31111,3313.76667,100.88889,1.0,5.9037,137.02222,6072.11111,53.55556,301.44444,296.22222,11.22222,2.55556,31.44444,1.88889,20.36667,39.24444,ML_6C_0
1094.02222,55.95556,247.43333,94.32593,2716.32222,86.66667,1.0,5.9037,121.57778,4246.66667,41.55556,276.33333,218.33333,9.33333,1.77778,19.11111,1.0,18.7,29.24444,ML_6C_1
877.13333,63.95556,152.32222,94.21481,2277.98889,59.66667,1.0,10.97037,93.46667,2741.66667,26.44444,214.22222,152.0,7.33333,4.33333,23.22222,1.0,10.7,24.57778,ML_6C_2
897.46667,79.06667,98.76667,88.97778,2449.98889,166.77778,1.11111,7.96296,89.91111,2133.77778,22.44444,294.33333,198.44444,6.88889,2.55556,24.66667,13.55556,15.81111,20.24444,ML_6C_3
770.02222,78.95556,98.54444,78.65926,2232.98889,2.88889,1.0,5.11852,80.13333,1955.55556,16.55556,287.77778,180.33333,3.22222,5.11111,16.88889,27.22222,10.25556,12.68889,ML_6C_4
1084.46667,80.06667,114.87778,117.64444,2865.43333,125.44444,1.0,4.00741,95.68889,1798.22222,20.22222,327.77778,225.11111,11.55556,1.77778,26.0,9.55556,19.99259,24.8,ML_6C_5
784.68889,75.95556,95.1,70.88148,2303.32222,39.55556,1.11111,1.0,100.24444,1666.66667,18.55556,338.33333,226.44444,6.66667,4.22222,20.66667,4.88889,13.58889,18.91111,ML_6C_6
830.46667,86.06667,113.98889,150.86667,2405.21111,39.55556,1.11111,9.23704,110.8,1614.44444,18.44444,323.55556,270.22222,13.77778,1.0,17.96296,1.0,27.03333,23.02222,ML_6C_7
758.35556,81.06667,85.76667,63.21481,2291.43333,80.66667,1.0,4.95556,96.8,1572.66667,16.88889,331.66667,233.55556,2.66667,1.0,11.40741,8.77778,16.77037,17.68889,ML_6C_8
893.35556,62.62222,116.76667,101.99259,2630.76667,154.55556,1.22222,7.17778,105.24444,1530.88889,22.11111,345.22222,242.77778,12.44444,2.55556,19.11111,3.77778,22.47778,22.46667,ML_6C_9
2040.72222,691.84444,386.71111,69.83333,5978.46667,1495.91111,1.11111,27.57778,326.37778,13175.44444,64.77778,738.77778,1681.02222,17.8963,3.24444,14.16667,33.77778,1082.37778,121.03333,ML_7A_0
1789.16667,644.4,306.71111,136.51852,5022.57778,469.53333,1.22222,5.6,278.04444,10130.33333,56.33333,709.55556,983.91111,8.63333,6.65926,13.16667,16.11111,916.71111,89.03333,ML_7A_1
1534.05556,636.4,240.82222,87.83333,4363.35556,971.47407,1.22222,7.93333,206.71111,8775.88889,45.77778,565.66667,808.8,8.45185,5.77037,19.94444,33.11111,701.6,77.14444,ML_7A_2
1807.72222,489.84444,348.37778,144.5,5020.46667,1848.41481,1.22222,12.17037,194.15556,7296.0,53.44444,559.11111,830.68889,7.41111,3.99259,20.61111,29.11111,787.71111,80.25556,ML_7A_3
1685.61111,282.84444,259.26667,89.64815,3813.13333,1387.08148,1.22222,9.88148,152.71111,5727.33333,32.33333,468.66667,555.91111,8.41111,7.46667,18.11111,45.66667,429.15556,89.47778,ML_7A_4
1955.16667,606.95556,331.82222,165.27778,5281.91111,4034.85926,2.11111,33.78519,233.48889,5008.77778,45.77778,770.88889,719.13333,20.63333,12.37778,19.05556,41.55556,248.71111,56.7,ML_7A_5
1894.94444,698.84444,295.15556,100.72222,5202.35556,2939.57778,1.55556,20.21481,223.26667,4489.55556,37.11111,640.11111,376.46667,26.52222,6.68889,20.38889,32.77778,169.37778,59.81111,ML_7A_6
2073.27778,955.4,322.93333,99.87037,5238.02222,4452.68889,1.88889,26.8963,233.04444,4253.55556,39.66667,631.0,850.35556,28.85556,5.77037,23.27778,36.77778,411.6,51.25556,ML_7A_7
1719.05556,527.17778,254.15556,103.5,4641.68889,2523.97037,1.22222,15.22963,186.71111,4143.66667,36.66667,540.66667,782.68889,7.52222,8.2963,27.5,46.55556,417.15556,49.47778,ML_7A_8
1209.94444,391.20741,242.26667,92.51852,3354.24444,2082.25185,1.33333,12.96296,138.48889,3891.77778,22.77778,432.88889,268.13333,27.78519,9.96296,14.94444,14.33333,207.04444,65.36667,ML_7A_9
810.73333,154.84444,146.4,113.73333,2705.43333,404.2,1.0,8.72593,59.13333,2268.3,22.83333,310.23333,193.22222,19.66667,1.0,16.33333,10.53333,27.75556,25.62222,ML_7B_0
913.95556,285.28889,165.84444,80.68889,2924.98889,774.2,1.0,13.32593,84.91111,2069.18889,19.16667,311.78889,186.22222,8.22222,1.71852,18.07407,12.53333,17.51111,26.51111,ML_7B_1
885.17778,285.95556,184.95556,118.95556,2869.43333,1166.86667,1.0,11.42222,70.13333,1927.74444,22.05556,300.01111,187.88889,8.66667,1.0,21.33333,14.77778,19.73333,34.51111,ML_7B_2
850.4,245.84444,192.95556,70.75556,2650.21111,670.08148,1.27778,2.9037,68.57778,1828.18889,22.16667,289.45556,172.33333,12.33333,1.71852,13.14815,6.26667,34.95556,30.06667,ML_7B_3
935.4,307.28889,174.84444,78.53333,2701.21111,1337.80741,1.09259,12.53333,84.68889,1749.18889,19.16667,271.9,173.11111,5.33333,2.60741,16.62963,6.26667,25.06667,33.28889,ML_7B_4
907.17778,233.62222,190.73333,106.06667,2760.54444,712.53333,1.0,11.05926,74.91111,1681.3,18.38889,286.01111,164.77778,6.55556,1.0,15.81481,13.53333,24.62222,29.73333,ML_7B_5
902.06667,223.28889,195.28889,147.28889,2856.98889,1666.97778,1.0,11.74074,76.46667,1618.52222,20.05556,316.12222,210.33333,4.77778,1.0,22.51852,11.77778,23.86667,31.4,ML_7B_6
809.95556,181.06667,154.62222,73.31111,2485.98889,699.97778,1.0,9.40741,61.68889,1549.74444,19.5,270.01111,184.22222,8.55556,2.60741,21.37037,6.02222,23.37778,29.28889,ML_7B_7
1046.73333,248.62222,185.51111,134.51111,2934.21111,1345.75556,1.0,9.40741,79.91111,1487.07778,22.05556,293.78889,169.0,5.88889,1.71852,25.11111,2.75556,17.06667,32.4,ML_7B_8
904.4,180.95556,157.62222,80.4,2871.65556,386.14074,1.0,10.62963,61.91111,1460.96667,19.5,260.12222,167.88889,5.33333,1.0,11.51852,8.02222,19.51111,26.51111,ML_7B_9
850.24444,88.88889,106.61111,63.02963,3111.46667,37.67407,1.0963,3.93333,139.95556,3078.08889,27.64444,437.3,257.04444,2.98148,3.32593,17.21852,3.77778,127.76667,26.77778,ML_7C_0
708.02222,91.0,117.5,74.24815,2643.02222,163.15185,1.0,13.55556,106.62222,2736.86667,21.53333,366.52222,228.37778,2.31481,2.43704,12.10741,6.77778,66.65556,22.07407,ML_7C_1
762.68889,89.66667,143.27778,67.14444,2855.02222,186.76667,1.0963,11.84444,122.17778,2579.75556,19.53333,361.52222,211.26667,2.98148,2.60741,10.45556,7.66667,53.32222,16.85185,ML_7C_2
936.24444,86.88889,132.94444,105.92222,3537.57778,45.31481,1.0,11.62222,164.84444,2453.53333,26.2,414.52222,285.71111,3.75926,1.0,12.34444,1.88889,122.87778,20.0,ML_7C_3
725.8,85.66667,106.5,101.6963,2806.57778,96.17778,1.0,8.88889,114.95556,2364.64444,20.08889,374.74444,188.48889,3.46296,3.32593,14.61481,8.66667,22.32222,16.40741,ML_7C_4
912.35556,108.22222,137.16667,69.13704,3215.46667,53.53704,1.0963,8.88889,156.17778,2333.31111,25.86667,449.18889,257.37778,4.85185,1.0,12.39259,3.77778,58.54444,20.88889,ML_7C_5
733.46667,98.77778,134.61111,105.92222,2789.02222,153.62222,1.0963,8.08889,94.84444,2244.53333,18.86667,386.85556,175.82222,2.33333,2.60741,13.83704,6.55556,29.12593,17.88889,ML_7C_6
750.57778,55.44444,157.94444,63.91481,2770.68889,130.95556,1.0963,7.77778,106.51111,2165.31111,21.64444,369.52222,189.82222,3.18519,3.32593,14.01111,12.55556,27.1,17.11111,ML_7C_7
706.02222,93.11111,128.5,98.14444,2682.13333,87.26296,1.19259,7.77778,104.84444,2092.08889,17.31111,380.41111,184.6,4.09259,2.60741,8.21852,12.44444,31.87778,14.62963,ML_7C_8
682.57778,116.11111,87.72222,69.81111,2678.91111,96.9037,1.0963,5.04444,102.95556,2039.86667,21.86667,389.85556,187.15556,3.14815,3.32593,11.28148,4.77778,21.54444,14.88889,ML_7C_9
1111.18889,222.7,272.27778,91.87778,4848.76667,277.33333,1.0,10.2963,318.26667,4979.62222,39.31111,271.08889,316.31111,152.15556,1.0,20.68889,25.22222,16.42222,64.6,ML_8A_0
1280.63333,223.7,274.94444,148.65556,5754.76667,312.44444,1.32593,10.73333,346.04444,4355.4,40.2,336.42222,478.86667,84.37778,1.0,17.67407,12.44444,23.64444,65.82222,ML_8A_1
1165.63333,220.7,282.05556,117.3,4857.21111,205.44444,1.20741,12.51852,316.93333,4088.06667,32.31111,288.75556,378.97778,129.37778,3.44444,23.78519,74.66667,13.63704,70.71111,ML_8A_2
1254.52222,251.03333,248.16667,134.31111,5538.98889,66.11111,1.42222,19.24444,350.71111,3752.28889,34.42222,307.08889,463.53333,86.04444,4.22222,19.24444,18.44444,21.42222,51.04444,ML_8A_3
1447.41111,330.81111,268.5,162.64444,6397.21111,64.11111,1.42963,13.46667,392.93333,3532.17778,40.64444,370.53333,667.97778,34.15556,4.33333,15.56296,13.33333,29.25185,51.15556,ML_8A_4
1257.96667,221.81111,246.05556,160.2,5233.32222,102.88889,1.1037,1.94815,323.6,3374.95556,37.64444,240.08889,399.64444,107.26667,2.66667,29.91111,24.33333,23.86667,78.82222,ML_8A_5
1257.41111,298.36667,227.27778,169.21111,5436.87778,39.33333,1.53333,10.18519,360.04444,3227.84444,43.97778,302.75556,589.53333,68.48889,2.55556,14.24444,6.55556,19.47407,57.15556,ML_8A_6
1270.85556,263.03333,253.72222,135.87778,5647.21111,289.77778,1.1037,8.91111,358.15556,3075.84444,37.42222,329.53333,467.08889,75.37778,1.77778,49.68889,3.77778,17.31111,45.26667,ML_8A_7
1229.74444,286.25556,254.94444,140.87778,5130.87778,191.0,1.42963,12.79259,349.48889,2934.06667,38.42222,285.86667,469.08889,67.93333,1.0,13.24444,9.66667,18.36296,60.48889,ML_8A_8
1026.74444,208.58889,175.5,131.64444,4521.1,88.66667,1.0,1.94815,306.04444,2792.84444,30.97778,290.42222,423.86667,74.71111,2.66667,16.13333,5.66667,18.36296,33.82222,ML_8A_9
1595.22222,263.53333,201.55556,198.06667,7498.48889,70.0,1.10741,6.06667,374.77778,2987.52222,51.21111,412.68889,479.37778,17.22222,5.88889,8.54074,7.55556,18.56667,40.31111,ML_8B_0
1622.44444,327.31111,197.88889,229.17778,7389.15556,172.66667,1.10741,4.95556,371.0,2673.07778,55.65556,414.02222,502.26667,24.0,4.22222,9.57037,4.66667,22.23333,41.97778,ML_8B_1
1355.88889,274.75556,162.22222,179.95556,6258.71111,27.11111,1.10741,11.24444,311.66667,2452.63333,45.87778,354.46667,458.04444,31.22222,6.77778,10.79259,1.0,17.78889,40.31111,ML_8B_2
1639.88889,275.75556,197.11111,241.84444,7417.48889,226.55556,1.10741,12.51852,352.33333,2295.74444,50.32222,428.46667,547.71111,10.11111,8.44444,7.54074,5.66667,19.94815,45.42222,ML_8B_3
1540.55556,256.53333,197.44444,176.28148,6560.93333,224.0,1.0,10.45926,334.11111,2169.63333,49.76667,359.91111,417.48889,12.55556,2.66667,9.54074,8.44444,15.23333,40.31111,ML_8B_4
1578.22222,227.31111,172.22222,182.62222,6612.15556,74.22222,1.0,12.79259,304.55556,2111.96667,50.65556,333.57778,405.48889,9.11111,3.44444,6.57037,1.0,19.12222,44.2,ML_8B_5
1320.88889,253.64444,175.44444,174.84444,6168.04444,35.11111,1.10741,6.34074,291.55556,2054.52222,45.54444,365.68889,441.15556,11.55556,4.22222,8.73333,3.77778,17.12222,36.53333,ML_8B_6
1320.22222,249.31111,167.44444,190.51111,6100.93333,41.33333,1.0,7.96296,291.66667,2028.41111,50.54444,361.8,463.04444,14.44444,5.0,6.12593,2.88889,16.67778,44.08889,ML_8B_7
1219.22222,191.08889,174.55556,190.4,5431.26667,23.11111,1.10741,3.84444,251.11111,1981.41111,38.43333,299.8,376.04444,9.88889,3.44444,7.01481,4.77778,16.44074,32.86667,ML_8B_8
1604.88889,272.75556,170.0,265.06667,6772.71111,63.77778,1.0,13.74074,331.66667,1955.3,51.54444,346.02222,452.48889,10.88889,1.77778,8.57037,1.88889,21.78889,45.08889,ML_8B_9
2787.8,457.33333,171.47778,333.0,14987.55556,2.48148,1.0963,1.0,554.76667,4889.57778,36.62222,522.3,685.65556,71.86667,7.62222,8.97778,9.36667,77.45556,40.08889,ML_8C_0
2488.91111,456.22222,138.36667,338.11111,13358.77778,28.62963,1.4,3.85926,499.1,4149.91111,34.95556,492.3,593.87778,13.42222,2.31852,22.35556,5.36667,46.56667,36.64444,ML_8C_1
2429.68889,469.44444,132.14444,379.44444,13731.22222,14.81481,1.0,9.96296,522.54444,3488.57778,40.95556,394.41111,605.1,8.08889,1.0,25.26667,9.52222,69.34444,46.2,ML_8C_2
2522.68889,349.22222,135.58889,345.88889,12608.0,1.0,1.19259,11.18519,431.65556,3137.57778,30.28889,365.3,541.87778,10.45185,2.31852,13.51111,7.57778,39.56667,38.42222,ML_8C_3
2146.46667,336.0,117.47778,230.0,11308.77778,441.0,1.19259,4.53333,402.32222,2849.02222,26.17778,336.07778,486.76667,7.8963,3.86667,17.48889,2.78889,37.12222,32.31111,ML_8C_4
2414.57778,455.33333,144.92222,358.66667,12371.55556,16.2963,1.0963,7.5037,459.76667,2702.02222,33.51111,341.85556,605.21111,9.8,1.65926,9.28889,2.78889,35.72593,31.64444,ML_8C_5
1929.13333,272.44444,155.81111,222.33333,10384.55556,241.66667,1.19259,11.94815,362.54444,2586.91111,24.28889,290.74444,483.76667,9.32593,2.31852,19.26667,2.57778,37.01111,36.2,ML_8C_6
2082.46667,371.44444,111.81111,309.88889,11251.11111,158.07407,1.19259,3.42222,401.43333,2487.57778,35.06667,301.18889,511.21111,10.21481,5.41481,18.35556,7.36667,25.21852,33.42222,ML_8C_7
1967.46667,320.88889,142.03333,245.55556,10391.44444,118.96296,1.0,5.64444,382.32222,2366.57778,32.4,320.07778,449.43333,14.24444,1.65926,40.24444,6.15556,25.34444,29.2,ML_8C_8
1730.8,280.55556,130.81111,237.77778,9170.33333,230.18519,1.0963,6.95556,337.1,2256.46667,28.84444,259.41111,460.32222,13.67407,1.65926,7.62222,3.57778,20.34444,29.08889,ML_8C_9
1256.04444,326.22222,137.47778,274.93333,5728.7,3603.0,1.0,11.11111,265.04444,3943.15556,47.55556,281.66667,607.04444,2.66667,8.0,15.88889,2.82222,19.0,20.35556,ML_9A_0
1180.82222,253.44444,111.25556,223.15556,5289.7,3549.0,1.0,11.11111,224.48889,3654.6,47.33333,287.22222,579.15556,1.55556,2.57778,12.0,1.0,18.66667,19.35556,ML_9A_1
1184.26667,298.77778,126.58889,238.71111,5365.03333,3002.66667,1.08519,8.77778,299.6,3392.37778,49.0,275.0,547.93333,1.44444,7.11111,11.88889,2.82222,13.66667,19.46667,ML_9A_2
1197.48889,274.55556,139.7,243.93333,5509.14444,3117.44444,1.08519,11.0,259.48889,3240.37778,45.33333,264.22222,575.48889,5.33333,2.57778,7.77778,1.0,15.55556,24.35556,ML_9A_3
1254.93333,327.11111,137.03333,236.26667,5772.25556,3129.0,1.17037,12.11111,286.37778,3109.26667,51.11111,299.66667,618.15556,3.0,4.04444,13.33333,1.82222,20.22222,22.46667,ML_9A_4
1097.93333,459.55556,125.7,228.37778,4723.7,2633.22222,1.08519,12.22222,259.48889,3004.48889,42.77778,259.11111,513.6,2.88889,4.04444,14.0,1.82222,19.0,26.24444,ML_9A_5
1143.93333,312.11111,115.25556,192.48889,5407.03333,3058.77778,1.08519,6.66667,224.93333,2941.15556,43.44444,267.0,537.82222,2.0,1.68889,12.55556,1.0,24.22222,19.57778,ML_9A_6
1256.26667,381.66667,121.7,200.15556,5119.47778,3045.0,1.0,8.77778,243.48889,2899.37778,43.77778,270.88889,604.26667,2.77778,6.22222,13.11111,2.82222,20.33333,23.24444,ML_9A_7
1031.15556,221.88889,118.81111,218.15556,4827.47778,2077.55556,1.17037,12.11111,231.04444,2821.04444,41.55556,274.0,503.82222,1.77778,1.0,12.55556,1.0,20.11111,21.57778,ML_9A_8
1191.37778,298.77778,107.25556,215.6,5419.58889,2764.44444,1.0,6.55556,251.04444,2742.04444,38.55556,262.88889,556.82222,1.88889,6.42222,11.22222,4.64444,15.11111,21.13333,ML_9A_9
2197.41111,549.18889,145.14444,383.27778,10642.17778,234.32963,1.08148,6.37037,585.75556,3594.34444,50.75556,410.27778,1106.34444,6.08889,6.77778,21.52222,7.66667,50.24444,21.22222,ML_9B_0
2028.52222,583.52222,148.14444,355.05556,10117.4,145.77407,1.24444,6.96296,566.2,3395.23333,52.75556,426.5,1125.45556,3.68889,4.11111,28.18889,9.44444,87.91111,25.77778,ML_9B_1
1542.74444,500.85556,88.14444,269.83333,7670.17778,82.50741,1.27407,4.0,488.97778,3274.56667,47.75556,298.27778,968.9,3.62963,7.55556,12.23333,1.88889,45.24444,15.62963,ML_9B_2
2319.52222,672.52222,154.47778,429.72222,11664.62222,243.83704,1.08148,7.48148,668.86667,3185.34444,54.64444,398.5,1174.23333,5.52593,10.88889,26.71111,9.55556,78.8,32.0,ML_9B_3
1996.74444,528.18889,133.92222,354.83333,9829.62222,214.83704,1.08148,6.22222,539.31111,3111.67778,47.53333,385.61111,1070.12222,4.6963,10.0,7.2,4.66667,26.46667,23.88889,ML_9B_4
1981.18889,540.3,182.03333,262.05556,10590.17778,430.26667,1.08148,7.96296,557.86667,3028.12222,55.75556,443.5,977.9,5.80741,5.11111,9.56667,4.66667,35.35556,33.33333,ML_9B_5
1846.74444,480.52222,145.47778,349.72222,9151.28889,93.98148,1.08148,5.85185,563.2,2938.56667,49.53333,357.94444,1037.56667,5.2,5.11111,15.3,6.66667,24.74815,23.11111,ML_9B_6
1820.52222,473.41111,112.36667,275.16667,9200.95556,98.09259,1.38519,7.48148,524.53333,2870.45556,43.08889,303.5,1011.9,4.58519,6.55556,11.82222,6.66667,34.46667,16.85185,ML_9B_7
1713.18889,441.18889,119.25556,290.5,7713.17778,23.52222,1.3037,8.55556,514.64444,2786.9,51.97778,303.83333,963.01111,3.46667,3.44444,8.48889,2.88889,30.91111,17.2963,ML_9B_8
1812.96667,500.85556,122.7,339.5,8013.73333,141.2037,1.24444,9.22222,532.64444,2703.01111,48.97778,318.5,995.34444,6.14074,10.11111,7.12222,4.88889,37.24444,19.22222,ML_9B_9
2049.18889,430.47778,275.61111,378.07778,8664.74444,50.33333,1.0,7.46667,434.58889,9027.74444,67.46667,571.76667,1703.86667,6.11111,8.97778,26.64444,8.28889,155.64444,78.86667,ML_9C_0
2090.74444,437.7,266.16667,285.3,8165.74444,43.7963,1.73333,8.05556,508.03333,7080.74444,53.8,549.1,1274.2,7.88889,8.62963,16.97778,15.25556,182.75556,94.08889,ML_9C_1
1778.41111,321.58889,210.83333,251.85556,7336.63333,73.0,1.1963,3.67778,354.7,6189.18889,52.02222,439.65556,994.08889,4.44444,8.51111,13.14074,21.06667,114.31111,65.64444,ML_9C_2
1932.07778,357.92222,220.16667,241.52222,7408.63333,34.31481,1.0,5.31111,352.14444,5690.63333,54.46667,447.43333,891.97778,6.0,7.51111,19.75556,10.93333,135.31111,56.31111,ML_9C_3
1631.63333,354.81111,209.16667,197.63333,6326.52222,158.90741,1.08519,9.1,411.36667,5218.63333,39.68889,400.54444,907.53333,6.11111,2.54815,12.86667,9.61111,128.2,88.75556,ML_9C_4
1647.3,292.03333,200.72222,181.96667,6468.63333,44.64815,1.30741,4.26667,325.47778,4830.52222,39.91111,371.87778,816.86667,5.66667,5.41481,11.75556,20.82222,97.97778,106.08889,ML_9C_5
1505.63333,254.92222,259.94444,205.3,5812.96667,161.01852,1.30741,5.31111,313.7,4327.07778,40.91111,353.1,715.75556,5.66667,4.87407,17.80741,16.14444,97.53333,49.53333,ML_9C_6
1514.63333,245.81111,246.16667,174.3,5693.74444,46.01852,1.58889,6.35556,258.92222,3965.07778,37.8,340.32222,787.97778,4.33333,3.20741,11.31111,17.14444,94.42222,41.97778,ML_9C_7
1269.07778,204.47778,172.05556,115.3,5142.3,110.74074,1.08519,8.86667,243.92222,3728.96667,32.8,345.65556,677.2,2.77778,2.97778,20.91852,53.81111,86.2,46.53333,ML_9C_8
1554.52222,210.47778,227.38889,205.41111,5658.18889,250.40741,1.0,9.16667,242.81111,3524.63333,34.13333,336.65556,622.75556,3.0,3.86667,14.47407,5.93333,102.64444,34.75556,ML_9C_9
