Na_a,Mg_a,Al_a,S_a,K_a,Ti_a,V_a,Cr_a,Mn_a,Fe_a,Co_a,Cu_a,Zn_a,Sr_a,Cd_a,Sn_a,Ba_a,Hg_a,Pb_a,name_a,Na_i,Mg_i,Al_i,S_i,K_i,Ti_i,V_i,Cr_i,Mn_i,Fe_i,Co_i,Cu_i,Zn_i,Sr_i,Cd_i,Sn_i,Ba_i,Hg_i,Pb_i,name_i
114584.81129,7255.99792,21642.59223,5294.34177,238164.94511,38.84762,3.99934,1.64112,2064.30887,187768.88288,88.41186,1249.5689,2885.23946,587.33333,159.89725,33.11111,52.38889,595.71927,834.94444,102vA.a_0,4520.84742,282.80428,700.31445,1.0,6253.57869,11.0,1.0,1.0,54.92468,9163.89112,4.38889,113.55446,261.05556,7.22222,1.41346,1.74001,1.0,17.19167,26.68445,102vA.i_0
102669.25574,7082.44237,15951.59223,5900.34177,248211.22289,48.7189,3.01531,1.96168,2109.86442,178734.93843,86.74519,1233.95779,2489.51724,550.72222,180.73058,43.55556,39.61111,500.4415,830.0,102vA.a_1,4436.84742,340.58206,706.98111,1.0,6573.57869,11.0,1.0,1.0,60.36912,8854.28001,4.5,127.05446,321.22222,7.22222,1.0,1.18667,1.0,29.74723,29.01779,102vA.i_1
103470.53351,7010.22014,18597.25889,4359.45288,199767.834,16.22496,3.80107,4.77585,1997.47553,167237.6051,79.74519,1165.79112,2212.29501,484.83333,198.06391,26.0,30.94444,408.88594,686.22222,102vA.a_2,4699.29187,387.19317,774.25889,1.0,6604.52313,5.0,1.0,1.0,66.70246,8534.28001,4.44444,113.27668,254.16667,5.94444,1.82692,2.74001,1.0,21.18334,30.07334,102vA.i_2
102755.31129,7190.83125,15960.48111,5029.39732,205282.334,43.78326,2.68996,5.25669,2017.58665,163080.21621,73.41186,1192.23557,2023.07279,434.55556,191.9528,48.55556,34.77778,437.38594,749.27778,102vA.a_3,4717.06965,253.80428,696.09223,1.0,6826.57869,5.0,1.0,1.0,54.81357,7862.33557,7.88889,118.9989,185.5,4.88889,1.0,1.08,1.0,1.0,29.1289,102vA.i_3
97065.25574,6611.38681,16506.14778,4911.28621,235134.61177,72.56104,4.86428,2.12196,1995.69776,159234.1051,67.74519,1121.18001,2484.46168,432.33333,163.23058,47.11111,23.27778,430.05261,751.55556,102vA.a_4,4591.6252,337.63761,672.31445,1.0,6336.1898,3.0,1.0,1.0,58.59135,7353.50223,5.11111,120.05446,222.5,6.16667,3.13568,1.05333,1.0,8.84167,28.96223,102vA.i_4
93494.70018,6570.99792,16022.48111,3413.53883,190525.61177,30.20736,2.81704,5.78224,1965.86442,155035.1051,72.07852,1103.29112,2309.90612,463.0,165.17503,49.88889,41.72222,459.83038,791.5,102vA.a_5,4788.79187,253.69317,631.81445,1.0,5988.07869,13.05556,1.0,1.0,45.59135,6855.11335,2.83333,106.66557,131.11111,5.61111,4.02457,1.10667,1.0,1.0,27.1289,102vA.i_5
89814.03351,6468.55348,14631.53667,2829.09438,172878.05622,25.68975,3.15037,5.62196,1951.75331,151451.71621,67.41186,1084.62446,2264.29501,468.05556,171.11947,33.77778,32.88889,414.9415,714.22222,102vA.a_6,4460.06965,300.19317,550.37,1.0,6000.74535,29.55556,1.0,1.0,46.81357,6456.50223,4.05556,103.94334,172.44444,4.77778,1.0,1.05333,1.0,1.39722,24.01779,102vA.i_6
91145.20018,6924.10903,14164.03667,3324.78621,182562.88955,19.10505,5.00733,2.28224,2041.97553,148879.16066,76.07852,1082.73557,2110.40612,433.16667,172.89725,31.5,21.05556,444.55261,682.88889,102vA.a_7,4745.79187,247.69317,558.92556,1.0,5907.57869,19.11111,1.0,1.0,42.1469,6220.33557,4.61111,97.44334,173.16667,4.88889,1.0,1.02667,2.88889,8.51667,30.35112,102vA.i_7
97316.70018,6974.60903,16249.20334,5955.6751,205203.27844,18.69856,5.24552,1.96168,2009.08665,147083.32732,73.8563,1068.18001,2121.96168,546.44444,157.17503,21.16667,42.55556,698.83038,845.22222,102vA.a_8,4348.34742,262.69317,541.92556,1.0,5720.02313,1.0,1.0,1.0,43.81357,6026.05779,6.22222,108.83223,155.33333,6.05556,1.0,1.05333,1.0,15.69167,33.24001,102vA.i_8
90479.70018,6460.38681,15855.87,4256.23589,221832.11177,56.95267,5.69794,1.0,2002.6422,143712.71621,62.74519,1227.62446,2156.6839,501.27778,171.00836,33.38889,45.61111,524.99705,974.11111,102vA.a_9,4712.1252,324.41539,584.70334,1.0,6245.35646,13.22222,1.0,1.0,55.25801,5763.89112,4.33333,106.38779,182.44444,4.94444,1.0,1.05333,1.0,2.11945,33.68445,102vA.i_9
105129.06965,7854.62067,13968.36667,983.82241,121002.16016,31.38889,2.01353,1.0,2289.19309,172794.65741,114.41186,866.72222,4782.87248,374.16667,186.99348,27.59187,34.72222,279.42911,5206.32371,102vB.a_0,2139.34742,370.60003,436.29898,1.0,2242.43574,1.82453,1.0,1.88791,84.36202,4845.8712,3.54692,67.27778,189.66667,6.33333,4.67681,1.0,1.0,1.92985,40.66523,102vB.i_0
109293.23631,8727.67623,14990.97778,1324.43352,126170.38238,31.27778,1.52603,1.0,2315.74864,166250.99074,124.8563,938.55556,6406.70582,420.94444,226.21571,13.03631,24.0,223.92911,4876.76816,102vB.a_1,2138.40298,296.98892,379.46565,1.0,2138.82463,1.0,1.0,1.0,73.69535,4326.64898,2.93613,63.72222,194.11111,5.38889,3.28285,1.0,1.0,1.50294,30.01107,102vB.i_1
122458.95853,9610.23178,14991.03333,1023.78633,124419.54905,29.27778,2.30832,1.0,2504.35975,161067.71297,132.63408,959.55556,5943.81693,322.22222,258.21571,21.98076,36.77778,275.37355,4594.87927,102vB.a_2,2746.45853,173.8778,363.29898,1.0,2596.21352,3.47359,1.0,2.33186,50.80646,3996.26009,1.21424,79.61111,70.44444,3.83333,2.68188,1.0,1.0,1.44592,19.27634,102vB.i_2
103065.73631,6856.50956,15738.97778,724.58072,115693.4935,9.0,1.1927,1.0,1945.63753,158184.21297,103.96741,755.11111,3128.76137,311.44444,152.32682,24.86965,27.88889,155.818,5175.99038,102vB.a_3,2408.06965,195.10003,281.18787,1.0,2488.15796,1.82453,1.0,1.44395,47.80646,3796.98231,1.20626,82.72222,68.05556,3.27778,1.0,1.0,2.88889,1.0,19.93399,102vB.i_3
106097.73631,8566.00956,14333.75556,1333.95299,124760.88238,21.16667,3.04756,1.0,2276.58198,155861.49074,113.41186,786.44444,5347.76137,369.16667,168.04904,23.98076,28.88889,267.54022,6250.04593,102vB.a_4,2631.23631,146.54447,335.57676,1.0,2639.38018,1.82453,1.0,1.0,41.13979,3629.09342,1.51564,72.38889,80.16667,3.0,1.0,1.0,1.0,2.2427,9.69024,102vB.i_4
107227.95853,6801.06512,16146.81111,550.43352,110137.9935,7.0,1.74826,1.0,1960.3042,154329.76852,127.74519,871.05556,3120.09471,351.61111,148.77126,23.14742,31.88889,254.15133,5796.60149,102vB.a_5,2658.34742,89.10682,302.9101,1.0,2447.4913,1.0,1.0,2.77581,32.58424,3487.48231,1.10313,70.5,89.22222,3.72222,4.17174,1.0,1.0,1.03802,15.43399,102vB.i_5
101470.6252,7298.95401,14189.81111,1298.20157,121405.88238,13.05556,1.34235,1.0,1991.52642,152463.37963,110.07852,746.66667,4134.03915,357.94444,128.10459,22.59187,31.88889,236.70688,5625.49038,102vB.a_6,2674.40298,44.7315,306.85454,1.0,2708.4913,1.0,1.0,1.0,24.58424,3377.59342,1.94412,74.16667,51.38889,2.66667,1.0,1.0,1.0,1.0,9.8444,102vB.i_6
103902.45853,7597.28734,14331.42222,700.6821,114699.93794,27.38889,1.492,1.0,2081.69309,150341.93519,102.52297,826.11111,4299.92804,334.22222,141.93793,38.53631,43.5,286.92911,6218.7126,102vB.a_7,2947.68076,58.8494,339.57676,1.0,2979.38018,1.0,1.0,1.44395,27.13979,3246.31564,1.53161,72.0,54.27778,3.0,1.0,1.0,1.0,2.20469,6.00205,102vB.i_7
103383.45853,7057.45401,16104.97778,431.61681,117993.88238,31.27778,1.85937,1.0,1953.35975,148693.37963,114.52297,709.11111,4195.53915,395.27778,150.60459,26.70298,47.88889,212.37355,5277.76816,102vB.a_8,2590.6252,67.76669,270.52121,1.0,2421.4913,8.40923,1.0,1.88791,21.80646,3152.09342,1.41251,67.11111,48.22222,2.38889,1.0,1.0,1.0,1.09505,13.6437,102vB.i_8
97925.40298,6053.00956,15498.14444,689.67237,95903.27127,17.22222,1.15416,1.0,1809.35975,147818.37963,101.96741,718.72222,2911.59471,347.77778,120.11149,24.14742,20.16667,151.65133,7306.65705,102vB.a_9,2706.45853,78.00249,303.9101,1.0,2702.32463,1.0,1.0,1.0,27.69535,3083.8712,1.63473,75.16667,46.77778,2.5,1.0,1.0,1.0,1.0,11.26732,102vB.i_9
96691.81669,7628.28808,18518.20334,9548.44983,287785.29745,19.11111,3.87227,1.0,2833.20759,189949.72446,91.07852,1628.61001,2743.05261,926.55556,222.56626,33.3242,38.72222,197.13096,387.74001,102vC.a_0,7130.99514,322.4249,542.47778,1.0,8291.87303,9.0,1.0,1.0,62.08775,6890.18258,6.19762,53.11111,115.85057,8.55556,1.0,1.0,1.0,1.34482,17.32371,102vC.i_0
97963.37225,7528.17697,16823.14778,4923.2276,252534.29745,84.66667,4.33268,1.0,2481.70759,178003.6689,79.96741,1539.22112,2460.99705,907.72222,197.23293,53.93531,53.5,1941.90873,376.51779,102vC.a_1,7250.71736,380.81379,583.2,1.0,8533.42858,21.16667,1.0,1.0,63.53219,6591.12703,5.65004,63.44444,139.29501,7.77778,1.0,1.0,4.77778,3.78926,17.10149,102vC.i_1
94775.26113,7302.78808,18694.09223,4855.44983,289682.96411,102.88889,3.34066,1.0,2588.76314,171796.05779,74.52297,1741.38779,2769.71927,860.72222,224.95515,49.8242,54.38889,288.0754,354.68445,102vC.a_2,6700.38403,311.09156,553.31111,12.62353,8076.87303,66.5,1.11111,1.0,62.30997,6318.57147,5.53095,62.88889,120.29501,9.88889,1.31767,1.28801,2.88889,9.69061,12.7126,102vC.i_2
89783.81669,7250.84364,17177.31445,5868.06094,286530.353,74.33333,6.00733,1.0,2561.54092,168428.33557,80.96741,1507.11001,2283.71927,912.11111,197.28848,55.65754,77.05556,377.68651,619.46223,102vC.a_3,6705.88403,285.98045,511.92222,1.0,8019.37303,66.55556,1.0,1.0,62.6433,6145.40481,6.74519,69.77778,120.96168,8.55556,1.0,1.0,1.94444,11.78255,14.99038,102vC.i_3
84506.76113,7039.45475,14768.70334,6515.89427,297820.57523,53.61111,6.45177,1.0,2474.3187,164979.78001,74.8563,1494.22112,2385.4415,886.88889,203.39959,76.87976,57.38889,296.24207,345.46223,102vC.a_4,6776.21736,334.48045,520.53333,1.0,7920.98414,15.0,1.05556,1.0,60.53219,5972.34925,6.18963,58.22222,111.23946,6.83333,2.27068,1.28801,1.0,3.93102,10.26816,102vC.i_4
92648.31669,6818.51031,16001.31445,4236.50538,256724.79745,70.16667,5.65004,1.0,2444.15203,163302.50223,79.96741,1486.16557,2595.27483,760.77778,179.12181,52.93531,64.22222,319.51985,440.79556,102vC.a_5,6232.55069,316.20267,515.7,1.0,7509.48414,129.94444,1.05556,1.0,72.42108,5851.57147,5.31671,59.88889,103.79501,6.16667,1.31767,3.04093,1.0,10.1657,10.99038,102vC.i_5
86046.70558,6965.39919,15162.14778,4659.2276,218524.74189,55.61111,3.57087,1.0,2391.09648,161771.78001,77.8563,1428.38779,2707.21927,932.11111,166.17737,51.10198,64.22222,3604.35318,361.46223,102vC.a_6,6126.1618,288.98045,527.47778,1.0,7469.70636,23.33333,1.0,1.0,58.42108,5720.29369,5.54692,69.05556,116.57279,8.11111,1.0,1.0,4.77778,17.8132,12.54593,102vC.i_6
91492.81669,7243.67697,15858.98111,6896.89427,332251.46411,51.77778,4.78511,1.0,2725.09648,160902.1689,69.63408,1515.38779,2571.88594,957.16667,213.78848,65.21309,58.38889,356.13096,461.40667,102vC.a_7,6785.99514,369.81379,546.53333,1.0,7847.1508,31.33333,1.11111,1.0,67.08775,5610.07147,6.30074,67.16667,103.96168,7.5,1.63534,1.57602,1.0,17.71454,7.82371,102vC.i_7
85372.76113,6639.06586,14808.81445,5381.44983,248294.68634,37.22222,3.04724,1.0,2623.76314,158569.50223,67.96741,1531.22112,2478.10816,814.66667,205.06626,46.04643,49.72222,294.29762,422.96223,102vC.a_8,6335.49514,305.4249,520.31111,2.2902,7654.98414,78.55556,1.11111,1.0,61.6433,5473.68258,5.87227,70.38889,109.46168,9.22222,1.0,3.48537,1.94444,16.2701,10.04593,102vC.i_8
89952.15002,7516.06586,16118.25889,5293.94983,268605.63078,57.61111,3.9042,1.0,2505.8187,157338.72446,75.52297,1430.9989,2478.99705,758.72222,194.78848,43.59014,48.61111,292.35318,390.40667,102vC.a_9,5496.1618,256.81379,502.42222,1.0,6602.1508,21.22222,1.0,1.0,64.08775,5415.96036,4.30873,65.55556,107.46168,10.33333,1.0,1.57602,1.0,12.12834,8.37927,102vC.i_9
107940.30158,8209.36315,15526.68787,3210.63432,220485.50976,101.0759,7.0,1.0,2491.44662,206675.18258,96.92556,866.94444,1846.4415,781.22222,198.60426,22.83351,59.5,11323.05338,445.07334,102vD.a_0,4211.30562,449.76614,1129.89431,1.0,6048.11519,42.22144,1.11111,1.0,132.39883,9707.63423,5.18278,67.0689,137.88594,28.22222,1.0,1.0,1.0,1.0,16.49038,102vD.i_0
100529.80158,7492.14092,13298.46565,3326.13432,159153.50976,21.01643,4.77778,1.0,2238.00217,198433.51592,96.81445,843.05556,1808.83038,761.38889,190.65982,33.50017,49.61111,10665.2756,408.29556,102vD.a_1,4257.36117,452.65503,991.94986,1.0,5464.94852,8.6831,1.0,1.0,133.50994,9145.85645,3.65611,65.23557,132.9415,25.55556,1.09812,2.57359,1.0,1.0,24.15705,102vD.i_1
95401.74603,7051.36315,12452.35454,2891.96766,161136.89865,18.96088,4.77778,1.0,2081.77995,194198.57147,91.03667,820.44444,1803.4415,820.22222,212.4376,24.14213,33.83333,9492.83115,368.51779,102vD.a_2,4008.47228,409.32169,978.61653,1.0,5817.89296,24.15336,1.05556,1.0,113.84327,8862.57867,3.69111,65.62446,124.27483,25.61111,1.0,1.0,1.0,1.0,17.7126,102vD.i_2
100963.57936,7501.69648,13578.13232,3000.80099,151012.73199,26.10172,5.66667,1.0,2259.55773,189787.57147,106.37,758.66667,2443.99705,756.83333,241.88204,40.27795,51.61111,8998.10893,374.74001,102vD.a_3,4352.13895,426.48836,1002.44986,1.0,6642.61519,13.55086,1.11111,1.0,119.62105,8537.30089,4.475,59.18001,127.10816,24.94444,1.0,1.0,1.0,1.0,21.10149,102vD.i_3
90281.96825,6531.64092,11802.9101,1981.30458,127043.00976,18.96088,5.11111,1.0,2001.61329,188091.79369,90.81445,761.66667,1999.21927,682.16667,201.99315,21.86435,27.0,8438.88671,363.01779,102vD.a_4,4464.08339,419.43281,883.94986,1.0,5589.33741,17.33725,1.0,1.0,105.95438,8295.46756,2.35778,69.73557,121.71927,21.22222,1.19624,1.0,1.0,1.0,15.15705,102vD.i_4
93582.46825,6689.69648,11433.29898,3002.9121,174333.73199,12.14476,4.44444,1.0,2069.61329,185969.68258,81.37,770.33333,1835.38594,710.5,203.60426,19.08657,32.88889,9071.05338,396.85112,102vD.a_5,4443.36117,446.65503,938.22764,1.0,6050.94852,33.99922,1.16667,1.0,106.1766,8096.30089,3.58,62.79112,109.88594,25.16667,1.0,1.82083,1.37259,1.0,24.10149,102vD.i_5
89994.91269,6655.4187,11840.57676,1787.24544,137391.95421,11.06338,5.38889,1.0,1942.11329,182843.73814,86.25889,737.61111,1976.66372,606.83333,212.38204,26.36435,28.94444,5773.49782,359.51779,102vD.a_6,4246.08339,432.54392,833.56097,1.0,6064.39296,16.25587,1.0,1.0,107.06549,7975.52311,3.62111,61.79112,131.33038,19.5,1.0,1.0,1.37259,1.0,21.37927,102vD.i_6
88746.80158,6695.02981,10957.18787,2654.74544,132275.78754,36.3795,6.5,3.22222,1962.94662,180812.84925,74.37,777.55556,1751.49705,602.83333,155.15982,17.16369,32.77778,9432.22004,387.1289,102vD.a_7,3975.80562,424.48836,965.67208,1.0,5596.44852,20.36698,1.05556,1.0,99.73216,7833.96756,3.43389,56.95779,126.9415,20.38889,1.09812,1.37638,1.37259,1.0,13.82371,102vD.i_7
90180.24603,6965.75203,13742.07676,1495.86014,134338.28754,63.85837,7.0,1.0,2229.05773,177964.96036,82.03667,707.94444,1851.60816,696.77778,211.49315,21.93533,48.61111,8384.99782,366.07334,102vD.a_8,4220.58339,376.15503,863.17208,1.0,5260.00408,18.31142,1.05556,1.0,95.84327,7639.74534,3.20556,63.18001,123.66372,19.16667,1.0,1.0,1.37259,1.0,14.82371,102vD.i_8
92173.46825,6958.86315,12256.85454,3169.52681,194694.89865,25.12754,5.33333,1.0,2065.61329,174559.62703,83.81445,688.77778,1801.38594,719.16667,201.9376,18.75937,44.55556,6257.55338,321.46223,102vD.a_9,4059.63895,369.98836,827.22764,1.0,5642.05963,12.14476,1.0,1.0,98.06549,7304.07867,2.64389,52.23557,100.38594,20.05556,1.0,1.0,1.0,1.0,14.54593,102vD.i_9
112285.8052,51464.77778,21561.54197,1145.19925,371745.05074,1433.52163,58.33333,36.97778,7601.63949,554951.14105,342.36667,117569.33223,5418.45272,1872.31445,4.75335,17240.32718,2811.76428,2310.33324,114845.34397,108.a_0,3409.57545,497.59761,484.39575,1.0,8529.26477,194.09315,1.03854,1.0,53.31622,16426.56485,1.11111,3281.45779,12.34005,22.70334,1.0,378.30111,47.4967,52.21077,2404.04445,108.i_0
107291.8052,49536.72222,19694.43086,1127.03259,333325.43963,1404.74385,59.55556,37.9,7420.30616,506403.47438,314.58889,104887.05446,4940.84161,1862.42556,9.30002,19341.77162,2926.81983,2295.38879,116650.28842,108.a_1,3394.63101,515.81983,353.00686,1.0,8350.37588,94.85228,1.07708,1.0,58.64955,15838.17596,1.83333,3258.12446,16.29408,21.31445,1.0,373.57889,47.60781,28.88488,2309.04445,108.i_1
101159.97187,52087.5,16802.81974,1142.58814,316487.99519,1427.46608,50.33333,26.87778,7313.36171,473053.97438,265.08889,96381.05446,4891.89716,1813.70334,3.64668,14647.0494,2795.9865,2304.77768,114525.28842,108.a_2,3060.68656,434.04205,320.61797,1.0,7499.48699,148.18561,1.03854,1.0,46.42733,15055.50929,1.55556,3206.84668,17.06707,21.81445,1.0,327.24555,46.60781,26.55155,2304.37778,108.i_2
102534.58298,50281.83333,17828.59752,1214.75481,317457.6063,1443.85496,54.33333,37.43333,7452.2506,449115.91883,392.86667,90800.66557,4059.67494,1778.48111,4.58891,18937.5494,2932.81983,2463.22212,128631.95508,108.a_3,2729.96434,408.76428,292.34019,1.0,6835.76477,195.66706,1.0,1.0,46.31622,14530.17596,1.0,3079.68001,13.17818,21.81445,1.0,276.24555,43.38559,26.61083,2512.4889,108.i_3
99925.02742,44980.22222,17279.31974,992.86592,312885.55074,1509.57719,50.44444,59.72222,6683.19504,428571.19661,342.75556,87055.55446,4063.34161,1645.59223,3.03113,17749.88274,2700.81983,2391.77768,118461.01064,108.a_4,3140.96434,430.20872,320.28464,1.0,7560.48699,125.42619,1.0,1.0,44.64955,13968.17596,1.05556,2747.84668,6.48277,15.81445,1.0,346.63444,39.71892,20.3405,1988.93334,108.i_4
95775.02742,46953.72222,18427.48641,926.03259,309997.49519,1507.63274,51.66667,56.56667,7047.52838,418208.97438,287.2,86273.83223,4725.50827,1689.92556,3.53779,17649.88274,3108.54205,2410.88879,120466.89953,108.a_5,2576.13101,349.31983,309.89575,1.0,6429.82033,144.5002,1.0,1.0,39.20511,13563.73152,1.11111,2988.90223,3.75576,19.98111,1.0,277.24555,39.71892,31.43672,2190.4889,108.i_5
88925.13853,42859.66667,17731.81974,967.31036,294583.99519,1493.24385,44.55556,45.78889,6205.08393,404350.91883,300.2,86834.88779,4007.95272,1556.31445,3.21112,16362.5494,2817.81983,2212.61101,108184.17731,108.a_6,3061.24212,392.65317,312.34019,1.0,7454.93144,450.18561,1.07708,1.0,45.64955,13264.45374,1.0,2739.40223,8.03353,16.92556,1.0,306.52333,38.60781,19.35911,1806.04445,108.i_6
88364.91631,39327.0,14993.54197,946.47703,302691.82852,1584.02163,40.11111,55.64444,5831.2506,396014.02994,237.97778,78774.9989,3751.89716,1532.70334,2.81335,19140.27162,2987.4865,2264.72212,112785.17731,108.a_7,2752.18656,341.26428,322.72908,1.0,6715.32033,215.0744,1.0,1.0,44.20511,12833.6204,1.0,2734.95779,10.86208,16.59223,1.0,273.19,35.71892,27.33305,1946.21112,108.i_7
88779.19409,37194.27778,13726.70863,980.08814,291026.66185,1275.57719,39.77778,41.92222,5705.13949,385289.80772,233.31111,74912.22112,4276.95272,1472.48111,5.8578,16402.5494,2637.70872,2318.4999,103870.84397,108.a_8,2712.24212,369.54205,294.39575,1.0,6917.26477,117.83373,1.0,1.0,42.53844,12319.06485,1.11111,2623.40223,15.10825,16.53667,1.0,264.30111,30.83003,30.00344,1799.93334,108.i_8
82107.74964,37263.77778,14290.15308,781.47703,265208.1063,1238.29941,34.77778,27.27778,5486.91727,370018.52994,261.92222,73805.94334,4753.06383,1448.59223,3.24891,12374.27162,2369.65317,2415.61101,92701.01064,108.a_9,2662.24212,413.04205,274.34019,1.0,6457.76477,246.16716,1.0,1.0,42.98288,11878.00929,1.05556,2652.62446,8.02874,14.81445,1.0,223.63444,18.79336,25.55527,1762.43334,108.i_9
108308.94587,43622.09559,8723.45896,757.09059,294020.15258,497.05556,31.58261,105.78647,7669.75071,656784.58255,318.32895,141390.72222,4675.61111,1602.70334,12.96225,21975.81335,1676.92893,7936.04339,15223.08803,109.a_0,1128.3025,185.10103,72.82253,1.0,2277.99356,9.05556,1.0,1.0,18.37899,5800.54719,1.0,1402.89273,8.17778,6.83333,1.0,76.76232,2.90612,14.20535,58.0124,109.i_0
103851.00142,41431.59559,8080.34785,921.97948,282662.81925,417.05556,27.91595,100.17536,7200.91738,631803.74921,321.49562,134734.22222,4164.27778,1481.14778,19.01781,20731.31335,1812.65115,8058.04339,15389.69915,109.a_1,937.58028,138.71215,67.71141,1.0,1979.938,56.0,1.0,1.0,18.15677,5223.60275,1.0,1212.11496,6.05556,7.0,1.0,61.39453,3.51779,1.0,85.95685,109.i_1
106288.2792,50120.48448,8534.84785,1043.2017,286596.15258,497.11111,27.4715,68.41465,8356.75071,615768.41588,316.49562,129189.66667,4592.72222,1538.37,11.18669,19821.03557,1608.48448,6735.59895,17750.47692,109.a_2,1006.02472,119.43437,73.82253,1.0,1926.16022,17.0,1.0,1.0,16.82343,5024.32497,1.0,1276.11496,5.28889,3.55556,1.0,69.70677,1.51779,6.84543,78.17907,109.i_2
107939.72364,45697.09559,8426.84785,1035.42393,281738.15258,410.94444,29.13817,70.80354,7936.69516,589631.47144,308.71784,126941.83333,4909.5,1454.42556,6.47335,19325.42446,1445.92893,6715.32117,15458.58803,109.a_3,839.74694,106.48992,69.37808,1.84353,1827.71578,105.38889,1.0,1.0,15.61212,4772.54719,1.0,1059.72607,4.11111,3.55556,1.0,55.20677,4.16502,1.0,95.34574,109.i_3
112459.94587,39651.48448,7753.40341,1025.14615,293073.65258,417.22222,23.58261,30.81492,7225.69516,567785.19366,264.99562,121795.61111,3412.77778,1428.59223,5.64002,19345.81335,1202.37337,5353.21006,12614.97692,109.a_4,867.35806,112.48992,70.15586,1.0,1914.54911,21.33333,1.0,1.0,14.37899,4683.10275,1.0,1095.44829,4.05556,5.66667,1.0,50.01009,1.77668,1.0,86.0124,109.i_4
98633.33476,38350.04004,7790.18119,929.7017,266997.54147,355.55556,26.58261,83.7423,6840.75071,553102.97144,254.44006,117446.0,3963.72222,1381.48111,5.31557,19261.3689,1178.54004,6375.71006,13472.36581,109.a_5,840.02472,98.32326,85.04475,1.0,1754.38244,45.72222,1.0,1.0,14.37899,4568.04719,1.0,1089.0594,6.9,4.77778,1.0,46.81788,1.51779,1.0,87.12351,109.i_5
104851.55698,38529.65115,7190.40341,769.75726,271226.70814,394.61111,25.80484,48.52577,6653.36182,538815.80477,201.66228,118530.44444,3420.05556,1461.31445,3.53779,19560.42446,1176.59559,5758.04339,11453.2547,109.a_6,852.91361,99.37881,63.71141,1.0,1699.54911,175.27778,1.0,1.0,12.08633,4436.71386,1.0,1141.39273,6.94444,5.61111,1.0,60.48454,2.16502,1.0,87.06796,109.i_6
100709.50142,35771.7067,7037.95896,811.2017,251735.43036,392.61111,28.58261,75.52577,6158.6396,526893.86032,212.44006,116156.44444,3881.55556,1358.64778,8.1978,18773.98001,1253.76226,6210.54339,11910.81026,109.a_7,878.3025,83.32326,62.37808,1.0,1788.32689,82.83333,1.0,1.0,12.4901,4284.49164,1.0,1104.67051,2.15556,3.66667,1.0,53.81788,1.25889,2.97827,80.5124,109.i_7
93139.39031,35976.76226,6839.34785,604.59059,251426.37481,341.22222,20.69373,54.2095,6343.30627,513909.97144,210.99562,108510.11111,3295.38889,1248.42556,5.26001,17271.14668,1115.98448,5803.1545,11055.69915,109.a_8,830.8025,85.32326,64.04475,1.0,1709.10467,199.88889,1.0,1.0,16.37899,4184.99164,1.10313,1032.94829,2.77778,3.22222,1.0,46.92899,2.03557,1.15942,77.56796,109.i_8
89568.33476,33634.26226,6536.01452,715.59059,245104.70814,341.22222,22.69373,66.13688,5397.6396,494109.41588,210.55117,106601.55556,3457.55556,1312.64778,8.70446,17563.3689,1098.42893,6086.09895,12293.19915,109.a_9,806.74694,86.32326,66.93364,1.0,1686.21578,41.66667,1.0,1.0,14.37899,4027.54719,1.0,973.44829,5.51111,3.11111,1.0,46.92899,5.23891,2.65942,94.23462,109.i_9
24016.91947,18739.38559,5340.43086,197.08344,133616.20049,205.02633,7.16425,3.33688,3999.57282,196188.9,90.52297,74135.05556,1646.70582,263.5,1.0,179.8242,472.27448,900.897,2366.32925,110.a_0,1101.37458,667.44444,176.60227,1.0,3375.8469,698.38889,1.0,1.0,124.13607,8290.89283,2.72222,2160.2918,36.56265,9.53667,1.0,94.33333,6.66667,25.90409,209.84458,110.i_0
24514.64169,15848.83003,5148.76419,314.20013,127345.97827,38.23276,6.4615,2.55792,4241.79504,190641.56667,97.63408,73124.72222,1518.09471,266.11111,1.0,176.21309,366.21892,778.00811,2405.10703,110.a_1,741.76347,425.22222,143.60227,1.0,2828.8469,708.61111,1.0,1.0,116.80274,6276.05949,1.0,1870.34735,32.78487,6.44,1.0,58.77778,1.0,17.34854,116.62236,110.i_1
23629.41947,18355.83003,5149.81974,226.4779,126401.42272,103.5969,9.23927,4.11584,4814.07282,185532.28889,96.30074,68846.83333,1540.15026,259.66667,1.0,183.87976,442.4967,752.23033,2407.66258,110.a_2,720.43014,346.5,144.49116,1.0,2117.51357,275.44444,1.0,1.0,82.69163,5279.05949,1.0,1579.90291,23.39598,6.08,1.0,39.55556,1.0,14.48218,150.34458,110.i_2
22311.19725,15564.60781,5156.76419,275.53346,123841.08938,77.63745,9.57261,2.55792,4070.3506,179236.84444,98.96741,64032.77778,1340.92804,248.55556,1.0,171.21309,416.83003,785.56367,2357.94036,110.a_3,473.54125,439.33333,128.82449,1.0,1710.06912,193.27778,1.0,1.0,78.69163,4555.55949,1.22222,1736.01402,20.83925,3.31667,1.0,4.11111,1.0,1.80189,42.62236,110.i_3
20030.2528,15993.10781,4826.81974,244.58902,117065.70049,91.90996,8.23927,3.33688,4355.51727,173915.9,112.52297,61248.0,1639.20582,240.88889,1.0,156.10198,337.60781,773.00811,2189.44036,110.a_4,494.20791,664.5,130.26894,1.0,1771.12468,297.94444,1.0,1.0,80.46941,4366.61505,2.33333,1677.7918,29.17219,4.53889,1.0,10.88889,1.0,1.0,46.67792,110.i_4
20320.03058,15714.10781,5199.43086,273.03346,116861.81161,70.70801,6.97812,8.3948,3768.62838,171058.78889,87.8563,59190.0,1473.48359,246.72222,1.0,178.10198,391.9967,770.897,2338.32925,110.a_5,455.0968,364.55556,137.60227,1.0,1538.8469,263.16667,1.0,1.0,63.69163,4198.61505,1.0,1457.51402,108.67258,2.83111,1.0,13.11111,1.0,1.40094,37.45569,110.i_5
19985.80836,15407.66337,4825.93086,294.97233,116486.25605,193.51133,8.05314,2.55792,3920.73949,168100.23333,92.96741,58567.66667,1412.20582,217.16667,1.0,147.99087,302.9967,767.84145,2210.55147,110.a_6,485.43014,505.94444,145.26894,1.0,1673.06912,181.11111,1.0,1.0,81.58052,4041.72616,1.05556,1670.18068,34.2833,4.40722,1.0,7.22222,1.0,1.0,36.34458,110.i_6
18580.7528,13786.77448,5020.31974,285.81124,110146.81161,174.13745,6.64479,2.94563,3206.51727,163451.17778,76.96741,55512.88889,1314.48359,244.88889,1.68181,206.99087,540.55226,714.397,2080.05147,110.a_7,453.0968,364.5,154.21338,1.0,1444.8469,250.72222,1.0,1.0,72.46941,3978.39283,1.0,1526.73624,48.39401,2.685,1.0,10.0,1.0,1.35587,36.73347,110.i_7
18698.36392,10629.77448,4521.20863,216.20013,107450.42272,152.17273,5.93919,4.89125,2962.73949,158801.01111,62.63408,59534.61111,1191.92804,188.88889,2.36363,157.04643,235.83003,688.34145,2019.05147,110.a_8,503.98569,291.05556,122.49116,1.0,1819.18024,287.77778,1.0,1.0,70.02496,3868.28172,1.0,1582.23624,26.83846,4.76722,1.0,17.61111,3.83333,3.23428,41.40014,110.i_8
16920.80836,12788.94114,4311.93086,253.36493,98169.36716,224.11717,5.71697,1.77896,2983.51727,152684.17778,73.18963,49618.72222,1494.20582,209.94444,1.68181,166.21309,405.9967,605.11922,1858.21814,110.a_9,452.70791,327.16667,149.49116,1.0,1524.56912,481.0,1.0,1.0,62.91385,3763.28172,1.94444,1411.73624,20.39441,3.73445,1.0,10.88889,3.88889,3.9565,38.62236,110.i_9
78397.12133,24642.15115,8298.11843,1842.59016,468521.79555,706.5,22.22222,2.08472,7514.83976,1086051.15536,259.64778,221534.70539,3369.05556,1184.13408,2.55556,29554.42197,1586.88889,317.28719,8078.27778,111.a_0,1164.65996,1077.04788,175.85975,1.0,6714.96438,92.05605,1.0,1.0,281.65892,17210.09043,19.11111,3950.67471,395.03915,31.72222,1.0,774.27345,32.45484,75.76928,389.93255,111.i_0
77071.17688,26858.15115,8792.11843,1829.64572,474188.23999,517.66667,21.0,12.2316,8227.72864,1002671.65536,245.42556,210741.42761,4828.33333,1105.74519,2.55556,27026.81085,1586.0,411.17608,8387.77778,111.a_1,781.43774,845.82565,219.02642,1.0,3695.90883,309.72271,1.0,1.0,208.77003,13795.14598,9.0,2662.5636,138.87248,21.72222,1.0,349.05123,42.66744,46.60262,309.04366,111.i_1
81458.17688,24011.15115,8531.84065,1842.59016,479925.01777,493.05556,24.88889,1.54236,8005.45087,927407.9887,325.59223,210824.3165,4208.27778,1151.68963,4.11111,27446.03308,1460.05556,372.00941,8157.5,111.a_2,616.60441,732.99232,143.74864,1.0,3156.46438,1044.6117,1.0,1.0,156.54781,11458.14598,4.38889,2271.45249,103.26137,18.55556,1.0,324.16234,13.21632,33.57222,217.15477,111.i_2
76979.23244,22665.65115,8296.2851,1775.59016,456001.85111,509.44444,21.22222,1.0,7298.39531,914060.37759,267.20334,207728.48317,3784.94444,1124.02297,4.27778,27404.31085,1355.05556,331.23164,7988.44444,111.a_3,451.82663,678.10343,117.97086,1.0,2236.35327,692.94503,1.11111,1.0,150.65892,8980.47932,3.16667,2058.28582,109.87248,17.72222,1.0,218.77345,12.78817,39.20327,224.59922,111.i_3
76858.56577,22110.04004,8336.72954,1793.70128,449623.12888,583.44444,23.77778,1.27118,7539.50642,901222.26647,251.87,202669.20539,3653.05556,1131.41186,1.77778,26703.14419,1328.61111,360.62052,8098.72222,111.a_4,424.82663,406.7701,99.74864,1.0,1862.74216,982.88948,1.0,1.0,120.99225,7579.25709,3.05556,1754.39693,88.76137,16.22222,1.0,183.82901,34.94522,16.78399,173.98811,111.i_4
76457.62133,23553.2067,8335.84065,1649.25683,445070.73999,517.72222,23.11111,1.54236,7365.89531,888066.76647,237.25889,215438.20539,4289.55556,1119.24519,7.5,26358.2553,1310.55556,371.84275,6270.44444,111.a_5,294.88219,424.82565,86.3042,1.0,1283.63105,666.1117,1.0,1.0,102.4367,6540.53487,3.94444,1175.28582,64.33292,11.22222,1.32502,99.88456,12.24224,25.18758,262.93255,111.i_5
73518.12133,23052.54004,8047.45176,1688.03461,448440.79555,437.66667,22.11111,1.54236,7691.17309,874001.54425,257.70334,208568.59428,4071.27778,1089.91186,6.55556,25281.81085,1388.0,365.50941,6671.44444,111.a_6,369.77108,255.04788,72.97086,1.0,1125.85327,621.74126,1.0,1.0,75.65892,5317.86821,2.88889,1028.89693,45.88048,9.55556,1.0,95.2179,11.98743,11.78824,196.15477,111.i_6
71379.01022,22345.37337,7899.50732,1643.97905,440229.18444,663.38889,23.33333,1.54236,6795.11753,862932.9887,219.92556,200157.26094,4687.83333,1076.63408,1.77778,25720.47752,1520.55556,355.12052,7040.5,111.a_7,301.38219,157.10343,73.41531,1.0,811.57549,569.09305,1.0,1.0,37.10336,4310.86821,1.11111,841.34138,39.83292,4.44444,1.0,51.28343,10.2978,1.0,84.93255,111.i_7
71308.67688,22771.37337,8149.2851,1667.31239,435218.96222,540.16667,22.55556,1.27118,7201.45087,851804.32203,199.53667,196635.64983,2910.61111,1086.13408,5.11111,24583.14419,1385.0,345.28719,8048.83333,111.a_8,298.71552,256.15899,143.08198,1.0,916.51994,307.77827,1.0,1.0,45.77003,3812.53487,1.94444,861.23026,32.76137,4.33333,1.0,56.66234,5.23557,5.61634,78.82144,111.i_8
70587.89911,19610.09559,8062.17398,1486.64572,424555.12888,519.55556,22.44444,1.54236,6325.7842,839848.37759,155.48111,194025.20539,2178.72222,1032.74519,1.0,25368.86641,1387.83333,323.45386,7699.16667,111.a_9,291.9933,311.60343,103.74864,1.0,776.57549,486.18571,1.0,1.0,49.32559,3628.97932,2.11111,785.50804,43.76137,4.22222,1.0,33.82901,5.35335,1.0,110.21033,111.i_9
36449.05256,15653.44114,9412.04469,1710.63985,93174.63834,268.91052,10.96056,2.08472,6696.49225,474201.95813,169.63408,1866.61444,756.26867,513.36667,1.0,1929.14914,1014.74353,4065.03874,44104.92952,112.a_0,984.16667,528.27448,233.85026,1.0,2643.98197,74.61659,1.0,1.0,158.83516,15809.76649,2.55556,66.08889,9.97844,20.38445,1.0,42.19465,1.0,101.23036,1005.65477,112.i_0
35401.21923,15932.66337,9332.98914,1834.47319,94154.24945,219.6883,11.03667,1.54236,6245.65892,455193.18035,168.52297,1891.11444,703.99089,493.7,1.0,1700.98247,864.24353,3987.81651,37730.20729,112.a_1,1158.66667,353.77448,281.6836,1.0,2232.98197,176.87677,1.0,1.0,148.2796,13513.71094,3.68889,49.93333,10.35711,15.73834,1.0,24.95154,2.25289,64.10434,982.43255,112.i_1
36555.33034,16795.27448,10224.10025,2022.75097,99152.58278,141.57719,13.70334,2.89827,6855.27003,444849.40258,186.8563,1938.89222,733.102,505.81111,1.0,1724.37136,882.13242,4096.76096,38063.48507,112.a_2,951.94444,380.05226,261.57248,1.0,2148.09308,39.24257,1.0,1.0,129.72404,12105.87761,2.55556,46.15556,5.54533,9.62723,1.0,18.02798,3.19734,35.49323,686.65477,112.i_2
34688.77478,16063.66337,9226.04469,1847.30652,89855.97167,273.07719,12.14778,1.54236,6464.32559,434934.6248,160.07852,1818.83666,606.26867,478.53333,1.0,2026.87136,639.46575,4272.76096,43119.20729,112.a_3,845.94444,439.66337,282.96137,13.95422,1984.42641,47.47633,1.0,1.0,127.72404,11055.93316,1.86667,61.48889,8.123,14.12723,1.0,33.68598,1.41763,24.8042,510.48811,112.i_3
34214.99701,15944.71892,7676.93358,1576.52874,90285.58278,116.91052,11.25889,1.54236,5676.32559,421087.34702,161.96741,1655.83666,520.65756,433.2,1.0,1768.3158,683.13242,3724.81651,31086.04063,112.a_4,813.22222,296.10781,276.46137,7.87363,2052.20419,42.94719,1.0,1.0,135.61293,10131.82205,2.36667,33.04444,4.32367,7.67667,1.0,16.87865,3.72415,26.63754,448.65477,112.i_4
35235.60812,16562.60781,9519.10025,1524.97319,90265.69389,175.74762,10.14778,1.27118,6096.65892,409567.95813,161.41186,1836.39222,686.49089,489.81111,1.0,1923.64914,505.68797,4211.64985,32685.04063,112.a_5,772.72222,294.10781,258.96137,5.31807,1994.42641,47.0583,1.0,1.0,113.2796,9087.32205,1.41111,42.12222,2.95633,6.89889,1.0,24.31443,2.25289,35.88212,384.76588,112.i_5
35402.16367,15435.71892,7845.98914,1310.80652,89619.47167,133.35496,8.70334,1.0,5290.27003,399775.95813,145.63408,1605.22555,478.87978,436.64444,1.0,1938.98247,466.24353,3566.09429,39030.70729,112.a_6,619.22222,231.55226,250.57248,1.0,1680.59308,13.76291,1.0,1.0,80.94627,8106.26649,1.47778,36.48889,2.51189,8.80834,1.0,13.06265,1.0,14.28185,595.21033,112.i_6
30236.33034,14389.9967,7286.32247,1181.86208,82572.36056,92.24385,10.14778,1.0,5054.49225,389492.79146,133.52297,1443.89222,565.602,448.47778,1.0,1767.76025,667.9102,3589.26096,35854.48507,112.a_7,674.72222,269.88559,243.62804,1.0,1712.53752,12.52035,1.0,1.0,89.94627,7476.26649,1.63333,25.92222,2.42289,7.03056,1.0,3.59732,1.41763,3.89296,253.54366,112.i_7
32124.10812,14645.55226,7312.76691,1181.80652,78485.58278,186.79941,9.07167,1.0,5186.60336,379963.79146,137.52297,1601.00333,518.71311,453.92222,1.0,1655.64914,599.96575,3483.76096,33228.54063,112.a_8,605.83333,254.66337,195.79471,1.0,1801.03752,49.94993,1.0,1.0,93.94627,7077.65538,1.07778,28.44444,2.42289,5.67667,1.0,11.14776,1.0,12.8042,644.15477,112.i_8
29872.16367,14644.60781,7868.32247,1311.02874,77230.08278,182.6883,8.99556,5.04236,5071.77003,365114.40258,130.41186,1492.83666,541.49089,467.58889,1.0,1515.64914,586.9102,3559.42763,30537.87396,112.a_9,643.83333,218.44114,224.12804,1.0,1713.20419,6.35368,1.0,1.0,99.83516,6605.26649,1.06667,29.6,2.42289,7.15611,1.0,7.12688,1.0,4.60773,351.26588,112.i_9
101746.40222,25312.68889,7903.92222,1249.20225,115777.60834,824.22281,26.2831,7.90976,3667.95568,687790.69661,54.81445,68218.11734,504.27778,5637.13817,1.0,20088.67731,6422.55556,7283.40421,29644.95426,113.a_0,1790.75356,441.74674,142.69453,1.0,1683.62508,3.27308,1.22833,1.0,81.93967,5958.22571,1.0,1284.9989,7.746,51.93294,1.0,167.92446,32.72222,665.03574,363.32019,113.i_0
97417.84667,23208.07778,6958.81111,1272.42448,108686.49723,822.33392,28.61643,3.51264,3475.78901,663522.41883,56.14778,63949.06179,478.5,5348.4715,1.0,19619.62176,6347.16667,7249.68199,28037.73203,113.a_1,1382.58689,409.19118,182.19453,1.0,1275.56952,116.81534,1.0,2.0464,66.38411,4835.6146,1.0,1010.88779,11.95689,40.93294,1.0,130.64668,17.05556,628.53574,207.98686,113.i_1
92489.51333,22360.96667,6769.58889,1135.75781,104111.21945,483.27837,27.72754,2.88448,3378.1779,642008.69661,52.48111,63720.39512,463.55556,5245.74928,1.0,18917.67731,6177.05556,6679.90421,27698.95426,113.a_2,1414.53133,398.24674,121.08342,1.0,1482.29174,79.87089,1.0,1.1744,66.93967,4279.72571,1.0,1006.33223,9.87922,43.04405,1.0,142.53557,19.11111,619.14685,222.26464,113.i_2
85264.06889,21372.85556,6086.47778,916.59114,95571.77501,444.33392,26.83865,7.6408,3193.45568,607323.64105,44.14778,55052.6729,460.83333,4862.19373,1.0,16901.45509,5538.94444,6299.40421,24892.78759,113.a_3,1277.14244,296.24674,88.41675,3.09556,1260.06952,197.95227,1.0,1.0,71.49523,3844.17015,1.0,773.61001,2.86733,23.65644,1.0,383.14668,16.11111,484.70241,155.82019,113.i_3
90460.68,21928.63333,6178.03333,1006.75781,94815.6639,563.44503,21.83865,3.51264,3154.34457,582299.0855,50.03667,55955.78401,472.27778,5104.86039,1.0,16748.62176,5724.88889,6922.68199,26707.06537,113.a_4,1194.64244,282.08007,80.8612,5.19111,1065.51397,67.91393,1.0,1.0,74.273,3393.33682,1.0,789.11001,8.32311,20.9885,1.0,243.53557,7.61111,474.59129,134.4313,113.i_4
81746.40222,20932.52222,6398.47778,1014.59114,93149.55279,543.05614,22.06088,2.88448,2971.90012,562338.02994,43.37,51677.72845,460.05556,4674.9715,1.0,16425.89954,5430.77778,6524.90421,24245.00981,113.a_5,1314.64244,292.13563,109.41675,1.0,1125.8473,94.96088,1.0,1.0,64.82856,3036.67015,1.0,734.61001,7.22333,20.21072,1.0,117.42446,4.77778,450.20241,136.15352,113.i_5
81089.90222,19429.74444,6207.81111,743.75781,93232.60834,1206.38948,21.50532,4.76896,3023.78901,539513.52994,51.48111,51227.1729,439.5,4495.69373,1.0,16521.89954,5409.83333,6088.2931,24218.67648,113.a_6,914.698,201.46896,80.75009,1.0,799.29174,97.66588,1.0,1.0,46.49523,2742.83682,1.0,596.22112,1.534,15.87739,1.0,311.81335,13.5,400.98018,101.87575,113.i_6
72403.18,19694.24444,5817.7,795.31336,83495.83057,345.72281,19.17199,6.56379,2926.40012,514032.5855,42.81445,50743.6729,377.0,4354.9715,1.0,14433.5662,4706.44444,6245.57088,21379.78759,113.a_7,1058.75356,222.63563,79.8612,1.0,1018.79174,184.70031,1.0,2.34107,54.93967,2580.50349,1.0,636.38779,4.57822,18.21072,1.0,133.31335,8.61111,411.20241,127.09797,113.i_7
73866.18,19358.18889,5598.25556,785.03559,84932.05279,639.50059,20.94976,4.1408,2804.34457,495259.52994,44.03667,46711.89512,393.16667,4111.52706,1.0,14503.62176,5213.22222,5954.18199,22145.12092,113.a_8,988.53133,244.85785,74.52786,1.0,858.29174,45.03365,1.0,3.68213,48.05078,2418.1146,1.0,593.44334,2.42289,16.54405,1.0,113.09113,4.77778,342.53574,86.87575,113.i_8
71224.84667,17268.41111,5303.08889,663.81336,78348.49723,561.38948,16.06088,5.84597,2705.73346,475783.5855,42.25889,47194.6729,372.66667,3804.69373,1.0,13776.0662,4702.77778,5872.34866,20535.23203,113.a_9,1331.80911,255.74674,86.75009,1.0,1108.01397,111.02895,1.0,1.0,51.38411,2292.28127,1.0,590.4989,12.23467,12.71072,1.0,695.59113,2.88889,408.36907,101.98686,113.i_9
180024.45202,27057.83333,8105.13115,2161.55191,167376.26734,444.40062,20.03667,18.96932,4749.40158,718198.12839,156.96565,139576.89404,1403.7382,6028.92556,1.0,29439.73538,3734.85464,7901.4284,230421.39241,114.a_0,2293.63219,294.72015,79.73722,18.81554,2819.98371,101.29376,1.0,1.0,84.80841,7906.1729,1.07746,1992.52504,44.37973,1.12921,1.0,12.08533,2.05338,1.0,33.48652,114.i_0
180236.95202,26322.66667,7701.13115,2460.77414,167553.87845,421.73396,21.59223,9.45944,4668.73492,697729.2395,166.74343,143114.11626,1209.2382,6144.59223,1.0,29641.51316,3783.4102,6615.65062,126032.94797,114.a_1,1404.2433,164.49792,46.95944,1.0,1685.03927,23.75114,1.0,1.0,65.36397,5393.00623,1.0,1211.63615,15.71306,1.0,1.0,1.0,6.29123,1.0,15.89992,114.i_1
181205.39646,25922.88889,7775.0756,2120.21858,161391.04512,450.78951,22.92556,3.10089,4456.51269,682266.12839,171.29898,138847.28292,1281.79375,6051.20334,1.0,29236.01316,3776.63242,6733.59506,137687.44797,114.a_2,902.35441,123.0169,37.07055,13.20043,1192.81705,2.41705,1.0,1.0,33.25733,3021.6729,1.0,799.02504,13.14977,1.0,1.0,1.0,1.35113,1.0,1.0,114.i_2
173097.28535,24796.22222,7710.24226,2251.71858,167104.54512,419.78951,19.25889,7.12611,4527.29047,674941.85061,163.85454,139596.61626,1234.12709,6076.75889,1.0,30507.17983,3755.4102,6477.48395,122710.2813,114.a_3,510.52108,30.40648,6.82481,3.94844,664.42816,3.12557,1.0,1.0,16.37738,1495.45067,1.0,399.35837,6.82417,1.0,1.0,1.0,1.0,1.0,1.0,114.i_3
173146.61868,24896.22222,7300.74226,2109.99636,158136.76734,419.78951,21.70334,9.22699,4236.67936,666313.68394,157.52121,136753.44959,1293.07153,5829.81445,1.0,28369.06872,3580.9102,6278.53951,163706.83686,114.a_4,188.75096,1.0,1.0,1.0,313.61425,1.0,1.0,1.0,14.36844,491.27097,1.0,210.07503,2.05766,1.0,1.0,1.0,1.0,1.0,1.0,114.i_4
172266.61868,25415.72222,6858.18671,1828.71858,158796.43401,352.06729,22.81445,3.10089,4410.67936,653575.40617,159.74343,133622.28292,1325.51597,5771.37,1.0,29853.95761,3774.46575,7149.87284,169990.50352,114.a_5,443.64368,25.29537,2.32373,1.0,349.8726,2.41705,1.0,1.0,22.83524,163.6729,1.0,153.6917,1.08438,1.0,1.0,1.0,1.0,1.0,1.0,114.i_5
164126.89646,25179.0,7486.40893,1949.99636,152537.10067,553.34507,24.48111,4.15133,4152.06825,643138.12839,157.63232,130369.00515,1117.79375,5706.03667,1.0,27082.73538,3687.96575,6208.65062,98574.39241,114.a_6,500.07663,21.35093,6.33549,1.0,196.31705,3.8341,1.0,1.0,29.81288,2.47874,1.0,82.30281,2.89099,1.0,1.0,1.0,1.0,1.0,15.15768,114.i_6
160159.78535,23701.0,7523.13115,2138.21858,151507.21178,362.40062,20.37,3.10089,4150.23492,634984.35061,141.18787,128310.5607,1171.51597,5638.87,1.0,26415.3465,3618.68797,6491.31729,132746.44797,114.a_7,520.52108,35.19341,7.19126,1.0,221.65038,1.70852,1.0,1.0,21.58619,1.0,1.0,50.34585,3.21659,1.0,1.0,1.0,2.75564,1.0,25.19322,114.i_7
160637.17424,24054.94444,7448.63115,1756.38525,149025.71178,436.1784,27.37,4.26755,4102.45714,625054.35061,145.07676,127135.39404,1263.18264,5443.42556,1.43582,27498.40205,3364.68797,6988.31729,204322.17019,114.a_8,430.07663,25.86922,4.69018,1.0,241.03927,2.41705,1.0,1.0,14.36397,1.0,1.0,1.0,2.38326,1.0,1.0,1.0,1.35113,1.0,44.35989,114.i_8
160359.61868,24932.27778,7724.18671,2479.05191,146128.60067,382.84507,21.48111,4.67655,4182.06825,619921.01728,147.18787,131611.11626,1216.51597,5597.31445,1.0,27513.95761,3565.02131,6305.31729,150711.55908,114.a_9,77.99234,6.14769,1.07799,1.0,23.58897,1.0,1.0,1.0,5.53767,1.0,1.0,1.16806,1.0,1.0,1.0,1.0,1.0,1.0,1.0,114.i_9
200023.09089,27778.29909,3756.0396,1023.96876,83360.77302,172.5375,6.66667,3.33688,5655.53678,530410.36246,284.4615,135697.4989,2108.54022,3132.61111,2.10142,918.83386,2277.61111,4476.71161,205576.91675,116.a_0,1431.3674,210.04205,90.73725,1.0,1120.08631,903.94444,1.0,1.0,35.86685,1747.00929,1.0,525.8034,4.48446,10.16667,1.0,55.22222,1.0,100.35361,548.44655,116.i_0
205888.36867,25695.24353,3506.70627,1096.07987,74638.5508,167.74126,5.66667,2.55792,5082.09234,502913.58468,277.90594,132593.83223,2236.65133,2947.0,1.0,850.61163,1841.5,4226.87827,262501.30564,116.a_1,1317.20073,198.81983,78.07059,1.0,1078.41965,651.33333,1.0,1.0,28.75574,1500.34263,1.0,406.69229,5.64112,5.0,1.83333,51.77778,6.77778,81.13138,350.27988,116.i_1
203296.75756,25908.18797,3261.76182,1083.24653,77343.5508,126.37073,4.44444,3.33688,4948.64789,489933.80691,272.79483,132846.33223,2209.76244,2911.05556,1.55071,904.83386,1804.88889,3781.32272,250324.19453,116.a_2,1264.42295,124.31983,69.73725,1.0,993.9752,692.44444,1.0,1.0,24.31129,1301.06485,1.0,371.91451,7.72945,3.44444,1.0,82.05556,1.0,94.67964,231.83544,116.i_2
203870.64645,26729.79909,3333.09516,1248.52431,76197.38413,84.00029,7.05556,2.55792,5181.92567,478707.86246,267.79483,135626.44334,2189.04022,3006.16667,2.65213,870.50052,1989.16667,3998.26716,234070.02786,116.a_3,1262.03407,180.65317,68.95948,1.0,915.14187,565.0,1.0,1.0,25.31129,1211.95374,1.0,350.3034,9.07279,3.77778,1.0,96.77778,1.0,74.11679,240.11322,116.i_3
197189.31312,25118.85464,3251.31738,910.57987,74460.82858,77.46329,6.55556,1.0,4914.259,468222.41802,269.4615,128823.94334,2029.818,2745.66667,3.20285,853.16719,1636.27778,3913.6005,237645.19453,116.a_4,1157.47851,133.31983,55.95948,1.0,950.14187,795.11111,1.0,1.0,23.4224,1128.1204,1.0,350.41451,6.41251,4.38889,1.0,95.33333,2.88889,56.51297,287.05766,116.i_4
204884.92423,24963.07686,3151.09516,884.74653,76184.38413,135.96339,5.11111,2.55792,4854.48123,460192.52913,271.12816,131123.05446,2113.98466,2786.05556,1.0,901.11163,1634.27778,3593.87827,242854.25009,116.a_5,1273.31184,160.4865,69.95948,1.0,905.75298,577.33333,1.0,1.0,27.53351,1070.45374,1.0,388.41451,5.28501,4.05556,1.0,70.66667,1.0,90.07583,221.83544,116.i_5
189431.53534,23660.07686,2992.26182,936.30209,73879.16191,186.29662,5.33333,1.77896,4723.37012,450713.1958,254.01705,127672.33223,2138.26244,2792.16667,1.0,880.94497,1610.55556,3614.21161,242715.8612,116.a_6,1192.31184,143.15317,61.29281,1.0,889.9752,561.0,1.0,1.0,23.0051,981.00929,1.0,375.97007,4.44167,3.27778,1.0,49.61111,3.83333,75.18694,258.77988,116.i_6
188010.86867,23111.4102,3142.31738,817.69098,71361.32858,33.35208,4.66667,1.0,4557.64789,439411.97357,243.4615,127140.05446,1896.20688,2664.16667,2.65213,821.72274,1598.77778,3562.6005,236358.52786,116.a_7,1302.75629,135.20872,43.51503,1.0,814.75298,815.77778,1.0,1.0,25.97796,944.50929,1.0,410.24784,10.84695,3.5,1.0,73.0,1.0,80.62408,235.33544,116.i_7
194169.81312,25006.63242,3207.48404,915.63542,69376.10636,83.83382,4.66667,1.0,4575.98123,426609.36246,253.57261,120408.55446,1927.87355,2677.94444,2.10142,867.22274,1663.05556,3969.93383,193608.97231,116.a_8,1483.14518,180.70872,51.62614,1.0,985.75298,517.66667,1.0,1.0,33.86685,881.67596,1.0,394.24784,11.75223,4.16667,1.0,64.33333,2.88889,93.85361,157.391,116.i_8
171927.81312,22811.35464,3031.09516,789.13542,66787.16191,84.68541,3.94444,1.77896,4290.81456,421550.64024,232.68372,116339.05446,1901.54022,2512.5,1.0,805.94497,1503.66667,3355.71161,215199.58342,116.a_9,1339.92295,111.09761,47.51503,1.0,863.86409,704.94444,1.0,1.0,25.75574,866.00929,1.0,339.13673,3.90889,4.22222,1.0,67.38889,2.88889,72.46472,182.44655,116.i_9
95661.83108,40343.05556,23996.83224,3912.54448,548886.55347,1147.46089,62.58261,10.204,4527.11228,1349794.55949,146.70334,2462.55556,177.92804,1428.14778,1.0,449.88906,180.7067,304.83951,8499.42137,121.a_0,384.65192,200.42893,194.96758,12.18951,1690.11609,187.00705,1.0,1.0,42.09172,4503.33463,1.0,14.40098,9.16437,25.08261,1.0,1.13611,1.0,27.81553,125.28903,121.i_0
96407.66441,40537.0,23782.44335,3432.6556,538847.3868,863.68311,52.80484,9.06967,4519.66784,1317997.6706,141.48111,2486.61111,185.48359,1440.42556,1.0,437.83351,235.87337,284.61729,8632.97692,121.a_1,240.37414,145.04004,145.85646,1.0,995.61609,167.14782,1.0,1.0,33.9806,3910.44575,1.22174,9.85444,7.22075,13.63817,1.0,1.0,1.79131,10.21647,83.90014,121.i_1
93917.88663,39604.05556,22344.88779,3641.60004,538299.49791,1073.072,57.69373,13.704,4373.83451,1289249.55949,139.92556,2361.5,188.26137,1432.03667,1.0,412.11128,209.31781,279.7284,8821.19915,121.a_2,299.04081,112.76226,160.63424,1.0,1142.17165,286.25893,1.0,1.0,35.64727,3643.0013,1.11087,15.85895,7.94182,15.4715,1.0,1.10209,20.36039,9.50054,95.84458,121.i_2
91723.38663,38071.66667,22113.22113,3060.93337,507596.72013,685.072,51.69373,14.46022,4105.89006,1269921.11505,130.70334,2348.61111,167.20582,1358.98111,1.0,389.83351,175.65115,208.11729,8309.7547,121.a_3,240.59636,145.09559,128.85646,1.0,1023.00498,41.87004,1.0,1.0,36.42505,3454.5013,1.0,10.84542,4.21976,14.80484,1.0,1.0,2.58261,8.95703,101.5668,121.i_3
92951.16441,39085.83333,22524.61002,3091.82226,520855.10902,1102.072,57.24928,12.94778,4191.27895,1240955.61505,134.14778,2303.66667,163.59471,1373.09223,1.0,403.16684,190.54004,257.50618,8731.64359,121.a_4,191.70747,77.37337,117.96758,1.0,779.61609,41.09603,1.0,1.0,29.20283,3318.27908,1.0,15.12771,4.16437,11.86039,1.0,2.40139,1.79131,13.72276,96.23347,121.i_4
88058.77552,38133.61111,20937.33224,3246.60004,498645.60902,1040.46089,51.91595,12.15922,4004.27895,1225292.83727,131.25889,2218.05556,165.26137,1250.03667,1.0,393.88906,222.31781,238.83951,8172.08803,121.a_5,231.70747,120.76226,116.85646,1.0,941.56054,166.37381,1.0,1.0,34.20283,3234.27908,1.0,8.0451,4.10947,10.36039,1.21778,1.06806,1.0,6.73481,103.45569,121.i_5
90301.88663,38234.44444,19209.44335,2748.37782,493324.16458,473.572,52.4715,8.69156,4384.44562,1200937.50394,136.25889,2282.0,173.65026,1385.53667,1.0,382.72239,159.92893,259.7284,8304.03248,121.a_6,237.37414,109.81781,126.85646,1.0,921.7272,24.01082,1.0,1.0,32.86949,3144.94575,1.0,10.22529,4.88725,15.91595,1.0,1.10209,1.0,16.24739,106.45569,121.i_6
85035.94219,36437.44444,18979.83224,2831.10004,477564.49791,908.79422,51.36039,11.78111,3980.89006,1177797.61505,128.25889,2203.33333,157.98359,1282.75889,1.0,343.00017,260.81781,247.00618,8008.19915,121.a_7,242.04081,90.59559,132.52313,1.0,1112.67165,83.11439,1.0,1.0,28.31394,3061.16797,1.0,12.72529,3.83153,12.9715,1.0,1.10209,10.6802,7.36426,114.5668,121.i_7
84862.83108,36061.16667,18960.55446,3120.21115,470913.94236,506.29422,42.91595,12.91544,4010.50117,1142516.28172,124.92556,2124.16667,148.98359,1314.09223,1.0,354.72239,180.54004,232.50618,7922.31026,121.a_8,245.48525,137.87337,136.07869,1.0,958.28276,27.98869,1.0,1.0,28.75838,2987.5013,1.0,11.18327,4.49902,14.52706,1.0,1.06806,6.05412,8.74739,117.67792,121.i_8
81552.33108,35097.66667,19296.55446,3213.04448,461316.22013,1025.96089,52.69373,17.23633,3878.50117,1075993.00394,120.25889,2095.83333,161.65026,1251.42556,1.0,405.83351,161.76226,218.11729,7672.86581,121.a_9,257.26303,214.7067,119.41202,1.0,994.89387,49.31826,1.0,1.0,32.86949,2914.22352,1.0,11.72529,5.33186,14.13817,1.0,1.0,1.0,3.37055,115.40014,121.i_9
149621.32899,19361.27778,4518.74921,704.94647,89513.75636,788.45267,5.54171,3.22222,2310.57528,470931.05688,103.13817,121206.85718,895.92911,3958.16667,1.0,12209.77778,1669.55226,4435.16253,67274.64033,125.a_0,766.86834,175.9967,52.02112,1.0,406.69881,750.0,1.0,1.0,18.23286,3569.39283,1.0,691.08838,4.44167,15.8563,1.0,27.44462,1.83526,74.49108,256.02605,125.i_0
134720.16232,17079.5,3618.58254,702.22425,80320.31191,643.73925,5.51779,1.0,2190.63083,442096.05688,108.36039,112697.63496,732.04022,3708.27778,1.0,11277.38889,1667.55226,4235.38475,77687.08477,125.a_1,807.4239,148.77448,117.68779,1.0,448.03214,421.11111,1.0,1.0,17.34397,3186.6706,1.0,656.75505,2.76862,28.41186,1.0,24.61128,1.41763,35.82442,238.13716,125.i_1
138375.71787,16829.22222,3558.08254,821.00203,79524.81191,1362.58138,6.87504,1.0,2135.7975,427394.7791,93.02706,111261.52385,762.26244,3557.66667,1.0,10694.22222,1589.16337,4136.16253,68820.64033,125.a_2,809.36834,127.66337,57.13223,1.0,485.25436,962.05556,1.0,1.0,16.56619,2987.22616,1.0,663.36616,7.26223,21.8563,1.0,26.03102,2.77971,55.51936,293.47049,125.i_2
134414.88454,16439.5,3470.36032,648.11314,78270.2008,835.95267,8.65282,2.11111,2096.96417,417452.89021,86.69373,107759.74607,749.04022,3294.66667,1.0,10259.0,1662.4967,4090.88475,69096.02921,125.a_3,759.59057,188.16337,60.57668,1.0,481.0877,931.05556,1.0,1.0,16.89953,2903.39283,1.42848,691.36616,3.53001,14.46741,1.0,37.05573,1.83526,37.32541,252.35938,125.i_3
120300.05121,15428.38889,2872.52699,648.11314,68267.31191,349.13694,7.65282,1.0,1817.90861,406229.83466,79.58261,94930.91274,671.318,2860.72222,1.0,8327.22222,1425.88559,3798.55142,51189.86255,125.a_4,890.4239,263.94114,79.35446,1.0,555.5877,1091.22222,1.0,1.0,17.01064,2782.55949,1.84099,743.42171,7.23584,14.26116,1.0,39.5156,4.86786,50.7133,312.85938,125.i_4
126307.49565,15577.0,3134.47143,632.72425,68207.03413,213.11933,5.8272,2.11111,1830.35306,396549.55688,80.02706,99364.0794,731.15133,3008.16667,1.0,9459.83333,1354.55226,3708.66253,67756.36255,125.a_5,774.14612,208.44114,67.91001,1.0,441.64325,994.38889,1.0,1.0,15.34397,2677.83727,1.0,662.14393,4.08556,11.53095,1.0,71.50017,2.25289,51.65775,263.52605,125.i_5
117207.49565,15253.33333,3000.91588,717.72425,67122.31191,545.95267,6.09727,3.22222,1908.18639,388691.72355,86.4715,93976.02385,697.26244,2833.88889,1.0,8194.27778,1284.33003,3801.32919,46618.08477,125.a_6,839.25723,225.60781,88.57668,1.0,446.03214,1107.38889,1.0,1.0,14.67731,2525.78172,1.10313,700.14393,6.45168,11.8563,1.0,48.94462,3.61497,68.15775,292.74827,125.i_6
122632.32899,15594.27778,3072.69365,673.89092,70434.25636,578.56378,4.98615,1.0,1885.74194,381488.39021,82.91595,96769.24607,685.59577,2980.11111,1.0,8428.77778,1377.16337,3781.77364,50457.08477,125.a_7,791.64612,135.83003,87.91001,1.0,541.5877,1220.5,1.0,1.0,17.67731,2373.89283,1.21424,684.53282,6.54001,13.3563,1.0,47.61128,2.25289,69.49108,287.19272,125.i_7
106830.16232,13959.94444,2834.6381,477.89092,63601.92302,541.01703,5.76393,3.22222,1762.07528,374750.2791,67.80484,88184.35718,650.09577,2699.83333,1.0,7638.55556,1206.71892,3245.94031,48754.52921,125.a_8,795.25723,133.4967,97.7989,1.0,550.80992,1321.11111,1.0,1.0,22.12175,2226.89283,1.31737,653.53282,6.04001,14.30873,1.0,46.84893,5.39467,79.49108,331.02605,125.i_8
115009.55121,14058.66667,3050.24921,529.72425,66561.42302,443.286,6.77935,1.0,1736.2975,367992.22355,71.80484,89262.35718,609.54022,2786.27778,1.0,7776.5,1238.66337,3280.60697,49503.4181,125.a_9,629.36834,100.25614,68.68779,1.0,416.0877,901.94444,1.0,1.0,18.01064,2101.39283,1.20626,554.25505,5.1739,12.91186,1.32502,37.66684,1.0,69.04664,240.63716,125.i_9
77815.2867,7681.76226,3743.5381,1598.49217,253804.17128,354.67489,5.7663,1.26043,542.66667,187185.41991,773.02706,598.5,54.9415,716.81445,1.0,708.83351,248.34274,119.73113,8562.92334,132.a_0,1096.52634,158.38889,212.88672,1.0,3643.48866,8199.41052,1.0,1.0,11.2825,7198.81392,5.54171,28.67493,1.0,21.42556,1.0,19.15643,7.09854,1.0,181.17019,132.i_0
73166.12003,7374.09559,3642.70477,1384.60328,240084.50462,397.786,7.36039,1.08681,527.33333,181058.64213,588.30484,584.77778,58.9415,735.64778,1.10889,727.11128,293.78718,102.56446,8076.25667,132.a_1,1056.52634,228.27778,207.88672,2.67872,3520.48866,7608.02163,1.0,1.54236,13.83805,6558.86948,5.31949,34.09731,2.23695,20.53667,1.0,22.87865,3.23557,2.87088,200.67019,132.i_1
72869.62003,7114.7067,3524.0381,1461.65883,249065.44906,144.44993,3.68471,1.08681,542.11111,175586.75324,725.36039,554.77778,45.83038,709.87,1.0,700.55573,245.50941,85.62001,8161.92334,132.a_2,1077.35967,210.22222,186.55338,1.0,3565.4331,6159.57719,1.03854,1.0,12.06027,6228.36948,5.4306,31.87509,1.42403,16.75889,1.0,16.34043,6.67039,2.48199,177.50352,132.i_2
70026.73114,7440.04004,3656.70477,1446.60328,232682.44906,204.07258,6.21074,1.0,543.55556,169696.19768,450.02706,537.33333,48.66372,676.20334,1.0,709.55573,269.12052,93.0089,7445.42334,132.a_3,946.24856,222.05556,212.88672,2.67872,3134.65533,5945.07719,1.0,1.0,11.39361,5966.14726,5.8272,28.67493,1.42403,20.42556,1.0,10.67377,5.35335,1.70421,168.61464,132.i_3
69856.67559,8213.54004,3545.31588,1369.15883,230352.06017,371.23045,5.80484,1.17362,521.77778,165671.30879,570.19373,536.5,53.27483,674.53667,1.10889,595.38906,168.8983,87.28668,7536.14556,132.a_4,955.13745,175.72222,206.44227,7.71487,3254.15533,7393.6883,1.0,1.54236,7.05075,5845.64726,4.69217,18.96414,1.0,17.14778,1.0,6.70844,3.23557,1.23474,147.50352,132.i_4
67806.39781,7979.54004,3681.81588,1209.26995,215608.00462,178.23045,6.24477,1.0,489.0,162630.69768,695.63817,487.27778,50.99705,665.59223,1.0,706.94462,201.8983,84.28668,7666.59001,132.a_5,990.85967,189.88889,203.49783,8.64727,3272.76644,8255.1883,1.0,1.54236,12.50472,5756.14726,3.73151,32.70842,1.84806,23.31445,1.0,9.24666,5.23557,2.48199,156.11464,132.i_5
67199.06448,8622.98448,3356.64922,1330.60328,224834.67128,256.286,3.7663,1.0,508.38889,157919.03102,443.63817,475.11111,54.16372,648.81445,1.0,556.66684,247.28718,103.06446,7216.31223,132.a_6,965.35967,169.61111,217.16449,10.4565,3239.71088,7387.52163,1.0,1.0,11.61583,5640.53615,5.74001,22.96414,1.0,16.92556,1.0,9.48621,3.23557,1.0,168.00352,132.i_6
62530.12003,11262.15115,3338.48255,1204.21439,201786.83795,572.56378,6.32185,1.08681,504.38889,155957.08657,631.41595,444.94444,55.71927,702.92556,1.0,672.44462,216.56496,74.45335,7107.81223,132.a_7,973.91523,137.5,199.55338,12.13521,3254.65533,5642.52163,1.0,1.0,6.39361,5541.0917,6.40668,23.01969,1.0,16.92556,1.0,6.33176,3.98076,1.0,133.17019,132.i_7
63479.56448,7400.09559,3299.20477,1281.38106,204436.00462,282.95267,3.90693,1.08681,457.27778,152166.58657,487.91595,479.55556,51.10816,618.20334,1.0,575.61128,214.67607,77.67557,6782.75667,132.a_8,963.02634,202.83333,182.66449,8.64727,3342.59977,7835.57719,1.0,1.0,6.27298,5420.5917,7.76393,21.94207,1.42403,15.14778,1.0,5.34043,3.60816,2.40842,144.61464,132.i_8
62055.45337,11925.7067,3198.37144,1317.60328,211134.61573,340.39711,6.98852,1.08681,476.16667,149541.64213,306.69373,486.5,66.38594,617.87,1.21778,625.61128,221.45385,97.12001,7076.64556,132.a_9,921.02634,187.77778,151.33116,2.67872,3146.76644,6122.13274,1.0,1.0,6.06027,5226.64726,5.20838,19.35303,1.0,17.64778,1.83333,6.77621,7.72595,1.0,150.39241,132.i_9
136991.64694,11106.55556,6585.86397,1336.77429,219074.74488,1223.12285,5.37,1.0,2404.12726,312100.69377,31.44444,1484.94334,146.49118,666.48111,1.0,484.86947,792.26226,276.96806,2221.91404,133.a_0,12526.7995,647.14447,741.14241,4.05496,26132.33246,1.0,1.0,1.0,214.55335,33570.857,5.86958,234.53955,13.28251,55.8563,1.0,24.02222,27.88299,2.45329,189.19702,133.i_0
134141.53583,10361.77778,6186.58619,1140.82985,212642.18932,1089.51174,6.03667,1.96856,2358.01615,308295.08266,32.55556,1374.33223,141.32451,621.87,1.0,407.7028,673.59559,178.19028,2286.46959,133.a_1,9506.74394,446.61793,550.75352,2.49821,17988.94357,209.05605,1.0,1.0,168.77558,25510.13477,3.17929,199.484,14.44917,39.80074,1.0,14.3,36.66077,11.90947,136.36368,133.i_1
132147.03583,10905.05556,6324.53063,1300.66318,215737.35599,699.12285,9.25889,2.93712,2373.01615,304508.30488,32.33333,1479.77668,139.15785,643.09223,1.0,455.09169,693.54004,287.85695,2210.63626,133.a_2,7859.57728,318.75558,491.42019,7.60933,14227.88802,247.85238,1.0,1.0,159.33113,20997.80144,2.75148,165.26177,15.7829,34.52297,1.0,17.8,23.68374,12.18436,132.97479,133.i_2
135266.53583,10623.16667,6551.64174,1251.66318,214470.80043,1180.01174,7.92556,2.93712,2431.01615,300666.24932,33.44444,1443.27668,160.76896,667.53667,1.0,419.25836,833.92893,286.13472,2258.96959,133.a_3,6437.68839,276.42225,440.86464,5.05377,12023.55469,417.72261,1.0,1.0,149.10891,18395.46811,2.90285,154.70622,10.11702,25.8563,1.0,17.78889,15.79485,17.35103,133.91924,133.i_3
133494.64694,10757.38889,6266.80841,1293.05207,214292.24488,937.51174,9.25889,5.27045,2356.29393,295778.0271,32.33333,1450.88779,145.04674,650.31445,1.0,424.31391,790.59559,237.07917,2193.85848,133.a_4,6378.35505,287.36669,441.36464,7.10992,11898.22135,421.66726,1.0,1.0,142.10891,17596.74589,2.5459,145.42844,11.89401,22.91186,1.0,25.52222,21.59559,13.58786,152.25257,133.i_4
130315.59138,10878.05556,6529.86397,1189.71874,205486.63376,1046.40062,9.81445,3.90568,2331.46059,290267.86043,30.66667,1489.61001,157.38007,631.75889,1.0,398.09169,889.54004,380.4125,2105.0807,133.a_5,5304.02172,205.64447,399.86464,1.99881,10037.05469,288.22261,1.0,1.0,129.88669,15689.46811,1.45841,140.37288,12.50512,19.30074,1.0,12.02222,13.96151,10.96502,118.91924,133.i_5
124205.53583,9616.27778,5884.80841,1156.32985,194486.57821,378.6784,7.48111,1.96856,2129.18282,283982.91599,32.88889,1387.4989,153.49118,586.70334,1.0,414.98058,889.54004,269.57917,2090.24737,133.a_6,5038.7995,216.81114,379.86464,1.0,9372.94357,527.35218,1.0,1.0,103.77558,14990.857,2.01396,125.09511,10.17179,23.13408,1.0,11.36667,11.16077,16.67551,91.53035,133.i_6
127794.36916,9646.88889,6132.6973,1318.88541,202708.30043,738.23396,7.70334,1.96856,2117.34948,279776.47154,32.55556,1437.22112,147.38007,579.09223,1.0,417.86947,834.98448,479.35695,1993.24737,133.a_7,5034.2995,188.47781,352.75352,1.4994,9090.44357,520.96349,1.0,1.0,133.33113,14507.74589,1.2292,134.20622,9.78211,22.18963,1.0,10.33333,10.24224,11.95041,102.30813,133.i_7
128881.64694,10239.88889,6462.97508,1267.21874,203265.80043,573.73396,5.99556,1.0,2173.18282,276222.0271,33.44444,1424.22112,133.10229,606.20334,1.0,433.48058,938.04004,278.69028,2088.0807,133.a_8,4919.7995,136.14447,343.75352,1.0,8843.11024,373.13015,1.0,1.0,125.22002,14129.57922,1.27644,131.31733,9.2829,21.07852,1.0,14.51111,14.13113,8.18436,115.14146,133.i_8
121545.42472,9443.66667,5811.75286,1199.99652,194585.30043,503.95618,4.80834,1.0,1965.34948,269555.30488,30.88889,1321.83223,144.54674,578.14778,1.0,464.03613,770.76226,160.52361,1930.19181,133.a_9,5016.57728,125.03336,331.69797,1.0,8989.77691,625.90793,1.00956,1.0,143.33113,13793.357,1.09447,127.42844,9.83806,16.74519,1.0,13.64444,17.76521,13.64342,130.47479,133.i_9
37253.37928,9852.13333,3933.4513,1854.27735,139523.14154,72.98889,5.52232,2.89827,4082.0,342347.96844,58.07852,497.16579,59.86786,272.51837,1.0,106.70224,326.66337,10.12169,1229.72723,134.a_0,1467.43733,759.05556,204.91338,6.35802,4422.09472,5.43584,1.0,1.0,282.58619,17629.64898,1.11961,13.72112,3.33333,7.33333,1.0,11.23557,1.83526,1.0,28.41707,134.i_0
36951.6015,10243.52222,3860.84019,1805.3329,136173.75265,68.0,8.00456,1.54236,3899.55556,333976.07955,60.07852,439.33246,49.3123,255.3517,1.0,120.3689,407.94114,6.26801,1521.50501,134.a_1,1275.60399,976.22222,204.02449,3.67901,4396.92806,2.94836,1.0,1.0,313.41952,16978.03786,1.27007,16.83223,5.44444,11.55556,1.0,10.87334,1.83526,1.0,53.58374,134.i_1
35395.76817,9203.68889,3928.67353,1954.8329,130017.41932,125.2,7.52232,1.0,3406.16667,312949.85733,46.07852,403.7769,43.14564,255.07393,1.0,191.64668,563.10781,20.99532,1107.78279,134.a_2,1277.10399,907.55556,160.46894,14.28394,3996.98361,8.7903,1.0,1.0,288.30841,16463.03786,1.07177,11.4989,2.66667,11.16667,1.0,8.1489,1.0,1.0,41.2504,134.i_2
33860.82373,9186.07778,3835.84019,2086.44402,127266.30821,104.12222,7.85566,1.81354,3215.61111,302211.02399,41.8563,397.88801,41.20119,238.18504,1.10889,235.48001,643.66337,36.73789,1262.3939,134.a_3,1362.04844,972.05556,143.24672,1.0679,3946.03917,9.43975,1.0,1.0,284.47508,16137.31564,1.38968,27.72112,2.0,11.5,1.0,8.04445,1.0,1.0,47.58374,134.i_3
33823.87928,7280.3,3722.11797,1941.99957,124240.14154,92.66667,6.67123,1.0,3115.88889,295065.52399,40.30074,356.22135,36.03453,230.96282,1.10889,174.25779,552.4967,21.63695,1064.78279,134.a_4,1156.32622,926.83333,146.80227,11.46913,3953.20583,4.67919,1.0,1.0,301.97508,15990.20453,1.2153,18.33223,2.0,8.72222,1.0,5.9889,1.0,1.0,41.41707,134.i_4
33172.54595,8191.35556,3751.06242,2040.05513,122975.86376,247.54444,8.27566,1.27118,2904.55556,292316.57955,36.74519,390.16579,37.59008,233.40726,1.10889,195.70224,541.66337,33.27818,1023.00501,134.a_5,1296.15955,841.83333,166.58005,1.1358,3923.15028,1.97418,1.0,1.0,267.30841,15717.09342,1.25464,33.16557,1.66667,11.22222,1.83333,4.15556,2.77971,1.0,40.97263,134.i_5
32202.54595,8607.24444,3570.50686,1970.55513,121152.75265,98.77778,8.58456,1.54236,3114.44444,289593.80177,38.8563,318.55468,52.14564,216.18504,1.0,174.75779,521.71892,24.95502,998.50501,134.a_6,1174.77066,935.77778,181.58005,16.9074,3640.26139,29.67058,1.0,1.0,338.41952,15512.31564,1.80328,19.42501,2.33333,8.38889,1.0,5.54445,1.0,1.0,42.7504,134.i_6
33014.1015,7829.35556,3602.50686,2137.88846,123640.80821,116.45556,8.16455,1.0,3082.66667,287120.69066,40.74519,337.72135,39.53453,263.46282,1.0,163.3689,575.21892,20.43467,1010.83834,134.a_7,1169.88177,864.11111,157.91338,6.49382,3687.15028,5.00391,1.0,1.0,281.58619,15338.92675,1.18288,17.38779,3.33333,13.88889,1.83333,8.54001,2.67052,1.0,47.2504,134.i_7
32536.71261,8224.96667,3573.50686,1846.72179,122382.08598,88.25556,6.58456,1.27118,3063.5,285507.96844,40.52297,344.61023,40.75675,230.01837,1.0,170.53557,555.55226,27.77818,949.61612,134.a_8,1255.43733,772.22222,142.69116,1.0679,3820.92806,44.05947,1.0,1.0,274.75286,15160.26009,1.14353,23.1039,1.33333,10.66667,1.0,5.10223,1.0,1.0,34.7504,134.i_8
31893.54595,8469.24444,3406.50686,1841.16624,117555.75265,117.33333,8.69567,1.27118,3212.83333,283005.46844,40.41186,346.72135,53.3123,198.24059,1.0,164.14668,330.88559,23.54578,933.28279,134.a_9,1156.15955,963.16667,170.69116,6.42592,3817.53917,22.09781,1.0,1.0,300.58619,15002.53786,1.38118,20.4989,5.0,13.72222,1.0,8.43112,2.67052,1.01953,41.7504,134.i_9
21067.33333,12550.44114,8273.1973,2652.14343,79490.36184,804.06729,19.11111,8.43404,2817.84248,515401.81392,180.83875,101865.38889,352.22932,731.74519,1.32667,1647.93829,825.63242,184987.71833,9024.73333,157.a_0,745.15363,290.77778,47.52457,6.64931,2023.51779,919.42054,1.0,1.0,35.39565,1225.24975,1.0,640.57283,5.20323,8.49136,1.0,1.16,1.53049,1.0,103.59922,157.i_0
21804.22222,12818.16337,8786.36397,2422.42121,75663.4174,1611.45618,24.11111,3.76738,2752.67581,469112.20281,170.17208,104523.16667,316.84043,712.91186,1.10889,1714.71607,1009.85464,182914.32944,8690.4,157.a_1,774.65363,292.77778,66.41346,10.77952,2084.74001,1300.51407,1.0,1.0,35.72899,915.97197,1.0,530.96172,3.59212,12.09449,1.0,1.16,2.06097,1.0,58.32144,157.i_1
24819.27778,13920.94114,6771.47508,1988.97676,90135.52851,1124.51174,10.22222,21.87504,3053.67581,402153.92503,127.72764,105946.94444,397.0071,734.30074,1.21778,1558.21607,774.96575,133799.385,7140.34444,157.a_2,759.93141,221.05556,78.41346,1.0,1909.79556,569.80943,1.0,1.0,25.50676,826.80531,1.0,524.51728,5.47538,6.53893,1.0,4.65556,1.0,1.0,120.26588,157.i_2
25365.27778,15128.10781,7495.47508,1769.69898,93457.52851,1407.90062,14.22222,31.38199,3251.39804,379743.0917,123.17208,109369.61111,377.78487,800.63408,1.54445,1538.88274,792.79909,137753.05167,7004.06667,157.a_3,560.76474,174.61111,45.96901,1.0,1408.24001,618.2159,1.0,1.0,24.95121,749.76057,1.0,511.12839,7.54992,5.34864,1.0,3.26445,1.0,1.0,73.04366,157.i_3
24673.0,16199.9967,8420.97508,1772.25454,86081.58406,1607.34507,15.88889,35.19797,3174.45359,348207.86948,144.94986,102000.38889,335.61821,781.24519,1.0,1291.27162,926.63242,136556.49611,7677.4,157.a_4,681.65363,305.0,52.8579,1.0,1788.46223,723.01407,1.0,1.0,34.17343,711.6942,1.0,425.40616,1.50773,5.24552,1.0,2.71112,1.0,1.0,29.82144,157.i_4
25126.44444,14844.77448,7191.6973,1754.19898,88525.97295,1654.6784,13.66667,57.07296,3276.95359,322424.03615,128.39431,93561.22222,335.89598,720.07852,1.0,1116.77162,847.4102,114240.385,6051.78889,157.a_5,791.8203,277.66667,77.8579,6.64931,1928.1289,639.53165,1.0,1.3488,26.50676,638.02753,1.0,318.07283,3.70323,6.67399,1.0,3.68445,1.0,1.0,222.59922,157.i_5
23237.22222,13993.71892,7488.1973,1576.03232,78559.08406,1800.51174,13.66667,42.75698,3094.39804,288821.81392,98.72764,76726.55556,307.72932,693.41186,1.10889,1086.60496,1114.9102,96684.71833,5707.73333,157.a_6,616.48697,146.38889,49.63568,6.64931,1463.1289,292.36498,1.0,1.0,26.28454,556.93805,1.0,349.68394,4.77215,5.04692,1.0,2.24001,1.0,1.0,92.32144,157.i_6
20721.38889,14202.94114,7275.36397,1570.92121,77110.75073,1642.40062,13.44444,21.78823,2969.28693,262248.0917,84.28319,67561.05556,257.45154,658.02297,1.0,1020.10496,877.02131,109201.885,6056.34444,157.a_7,534.43141,133.33333,40.8579,1.0,1337.57334,185.95288,1.0,1.0,33.16379,530.71583,1.0,276.96172,1.0211,4.81704,1.0,2.57778,1.0,1.0,57.60054,157.i_7
19685.83333,14544.9967,7011.14174,1411.08787,72766.36184,1087.40062,7.77778,32.20142,2821.62026,242358.0917,82.72764,66329.77778,305.34043,694.52297,1.21778,1096.82718,886.13242,97944.21833,5447.67778,157.a_8,678.43141,223.16667,55.19124,2.5191,1726.24001,719.86498,1.0,1.0,29.72899,454.97197,1.0,323.85061,3.72432,4.61046,1.0,2.10445,1.0,1.0,86.29432,157.i_8
16864.0,11633.55226,6202.80841,1359.58787,54186.80629,1219.12285,11.05556,3.68057,2242.34248,220008.48059,73.39431,51668.27778,218.45154,575.24519,1.0,991.32718,677.02131,94906.27389,4839.01111,157.a_9,719.70919,142.27778,50.30235,1.0,1535.18445,910.84459,1.0,1.0,25.28454,449.74975,1.0,237.62839,2.72995,5.62642,1.0,5.1289,1.0,1.0,251.48943,157.i_9
30906.01684,13051.33333,7863.94797,1502.0917,169478.43462,282.31537,1.60889,1.0,4387.22251,205293.72102,156.24928,6260.63163,2188.84043,213.25889,3.54102,517.72239,129.77448,1320.60512,2748.09797,158.a_0,462.06437,95.905,44.79087,1.0,1272.49743,25.55556,1.0,1.0,70.9808,340.9167,1.11111,13.07327,28.62835,1.22222,1.0,1.0,2.88889,1.0,50.24535,158.i_0
30346.51684,12771.94444,7453.61464,1571.53614,158978.99018,278.5746,1.38056,1.0,4329.33362,193879.60991,147.02706,6004.52052,1873.78487,170.64778,2.10142,532.00017,151.4967,1304.99401,2575.04241,158.a_1,429.17548,144.34945,37.34643,4.94612,1103.38632,7.0,1.0,1.0,56.31414,285.47688,1.38889,16.23799,22.29501,1.66667,1.0,1.0,1.0,1.0,32.02313,158.i_1
25560.68351,11906.72222,6779.89241,1215.64726,137433.37907,51.31527,3.19945,1.0,3562.16695,170609.22102,129.36039,5211.2983,1634.34043,172.48111,4.85498,424.94462,172.27448,1151.82734,2273.26464,158.a_2,420.78659,106.01612,42.45754,2.97306,1168.21965,1.0,1.0,1.0,61.31414,246.9167,1.0,16.0951,30.12835,1.33333,1.0,1.0,3.83333,1.0,27.24535,158.i_2
19506.12795,8802.27778,5646.33686,952.64726,114348.54573,95.90773,1.60278,3.79735,3120.55584,152633.38769,102.36039,4388.35386,1360.84043,161.14778,3.20285,375.94462,137.66337,804.82734,1872.98686,158.a_3,471.84215,141.405,37.79087,14.75252,1308.49743,58.38889,1.0,1.0,82.9808,246.58337,1.55556,11.30544,39.85057,1.33333,1.0,1.0,2.88889,1.0,39.07869,158.i_3
20700.29462,9202.88889,5828.17019,1236.42503,114558.93462,153.40773,1.90111,1.0,3038.83362,146320.77658,95.80484,4348.13163,1272.56265,156.31445,1.0,330.61128,121.9967,625.66068,1646.4313,158.a_4,399.34215,130.40939,38.90198,2.97306,1067.83076,5.0,1.0,1.0,53.75858,206.69911,1.55556,15.01577,21.00085,1.33333,1.0,1.0,1.0,1.0,43.24535,158.i_4
16696.01684,8048.27778,5295.17019,1086.81392,104001.2124,219.38938,1.90722,1.93245,2892.11139,138096.33213,85.69373,4218.40941,1243.89598,127.31445,1.55071,389.83351,208.94114,584.60512,1713.37575,158.a_5,369.73103,113.18716,36.01309,1.0,1029.1641,1.0,1.0,1.0,54.86969,170.95835,1.0,10.62688,19.46168,1.22222,1.0,1.0,1.94444,1.0,36.52313,158.i_5
17497.62795,7696.16667,5584.83686,1063.64726,103427.15684,661.00049,1.45667,1.93245,2770.50028,129820.16547,78.91595,4116.90941,1164.28487,96.98111,1.0,431.88906,203.05226,486.71623,2549.15352,158.a_6,374.45326,91.0205,40.56865,1.0,1078.27521,35.83333,1.0,1.0,55.53636,156.31484,1.0,14.88283,16.87334,1.22222,1.0,1.0,2.88889,1.0,35.63424,158.i_6
16328.01684,7948.5,5082.17019,1001.64726,96431.76795,247.42629,1.60278,1.0,2850.94473,127127.05435,82.91595,4134.18719,1228.34043,127.59223,2.65213,376.44462,165.27448,610.71623,1904.70908,158.a_7,417.28659,113.07167,36.45754,4.94612,1162.44188,95.22222,1.0,1.0,76.09192,151.9167,1.27778,6.0376,25.31779,1.88889,1.0,1.0,1.94444,1.0,39.83975,158.i_7
17400.68351,6921.38889,5598.50352,1063.5917,101436.49018,273.66726,1.71389,1.93245,2714.05584,125648.60991,73.80484,4194.02052,1214.28487,100.48111,2.65213,459.50017,213.83003,532.04957,2471.04241,158.a_8,296.50881,76.58701,23.1035,2.97306,693.05299,1.0,1.0,2.13433,40.65387,151.9167,1.0,7.25789,18.43529,2.05556,1.0,1.37638,1.94444,1.0,43.93414,158.i_8
17237.79462,7457.5,5716.22575,1220.98059,104874.65684,399.22281,2.08833,2.8649,2731.61139,124323.05435,73.58261,4168.7983,1300.28487,113.70334,2.65213,450.33351,141.60781,566.66068,2379.98686,158.a_9,314.28659,92.25148,20.6892,1.0,845.1641,224.72222,1.0,1.0,41.9872,142.59725,1.0,6.92455,18.49723,1.66667,1.0,1.0,2.88889,1.0,50.41742,158.i_9
151253.10997,40755.88889,6973.30158,1390.00142,459214.83639,523.39711,5.91595,6.3485,8370.90977,864356.68293,265.15282,752.01335,1228.78487,479.81445,2.37779,199.77778,734.55226,245.30912,3641.32144,159.a_0,5024.57778,1111.83333,466.0737,1.0,14245.98726,1597.01174,1.0,1.0,215.15357,33817.42503,2.73223,49.77668,36.22222,19.52297,1.0,16.66818,13.90447,1.0,264.3612,159.i_0
142683.88775,35753.44444,6749.19047,1253.22364,442927.33639,257.2948,5.80484,1.75379,7099.07643,832125.07182,208.15282,693.18001,1814.89598,479.70334,1.32667,190.72222,669.33003,213.0869,3361.98811,159.a_1,4902.41111,1050.27778,448.85148,17.45437,12597.98726,1114.28951,1.0,1.0,193.15357,28666.81392,3.32889,50.38779,24.33333,20.02297,1.10889,27.11263,13.97836,1.0,213.63898,159.i_1
136424.05442,37680.88889,6750.30158,1431.39031,452998.28083,118.60779,6.58261,1.0,7100.13199,806718.34959,200.76393,659.0689,1441.78487,469.87,1.10889,210.83333,704.60781,238.25357,3509.65477,159.a_2,4791.41111,1236.11111,427.29592,9.22718,11727.76504,1030.01174,1.0,1.0,180.43135,25330.25837,2.16445,58.72112,33.83333,14.74519,1.0,29.49071,18.09058,1.0,172.69453,159.i_2
140581.4433,42762.83333,6686.74603,1658.39031,466699.11417,165.89711,5.46699,2.50758,7219.57643,793967.12737,200.65282,694.90223,1693.61821,479.03667,1.54445,176.55556,754.21892,223.92023,2948.21033,159.a_3,3850.18889,1034.05556,343.79592,12.23215,9979.26504,1461.23396,1.0,1.0,121.20913,23284.31392,1.30445,32.83223,151.72222,16.63408,1.32667,23.73505,8.83058,16.03604,137.41675,159.i_3
130562.66553,32346.22222,6409.80158,1266.39031,442627.00306,340.34156,6.50553,1.0,7068.35421,773316.01626,172.4306,621.62446,1333.72932,489.14778,1.43556,176.72222,812.77448,216.86468,3226.09922,159.a_4,3538.41111,821.83333,338.85148,1.0,10246.87615,886.06729,1.0,1.0,150.76468,22080.03615,2.27556,43.16557,18.11111,15.3563,1.10889,17.10182,4.23891,1.0,159.25009,159.i_4
127495.33219,37399.27778,6059.74603,1207.00142,410305.83639,307.56378,4.09963,1.0,7294.07643,742784.68293,177.65282,616.12446,1594.11821,450.64778,1.21778,141.88889,610.94114,202.75357,3077.65477,159.a_5,3341.07778,902.88889,339.96259,21.91866,8887.48726,976.34507,1.0,1.0,128.87579,20439.25837,2.58,37.9989,131.44444,10.26116,1.10889,17.67899,7.36835,23.48049,105.41675,159.i_5
116106.38775,37492.61111,6255.13492,1408.22364,383368.78083,151.39711,5.1722,1.0,6073.35421,725485.68293,164.87504,578.62446,1884.0071,432.87,1.0,135.16667,668.33003,190.36468,2740.71033,159.a_6,3409.57778,1045.27778,324.46259,9.22718,8771.98726,935.62285,1.0,1.0,99.87579,18799.48059,1.60889,32.33223,213.11111,10.41984,1.32667,13.8904,8.75669,29.31933,99.63898,159.i_6
122448.83219,32848.83333,6093.96825,1230.16809,403804.22528,186.45267,6.02255,1.0,7523.63199,709340.4607,182.98615,602.5689,1398.72932,466.37,1.0,140.22222,789.9967,236.30912,2860.377,159.a_7,2728.57778,478.55556,250.40703,5.40874,7274.59837,352.01174,1.0,2.05044,82.98691,16844.92503,1.60278,22.83223,56.83333,12.80873,1.10889,18.05707,10.57169,7.25276,118.8612,159.i_7
119411.22108,35001.16667,6039.35714,1072.94586,378301.28083,225.45267,4.68922,1.0,6528.90977,692349.84959,182.4306,565.40223,1428.0071,421.09223,1.0,150.83333,777.10781,180.0869,3274.26588,159.a_8,2330.68889,756.38889,213.74037,10.126,5935.4317,592.40062,1.0,1.0,91.87579,15362.64726,2.28167,17.94334,64.94444,11.30074,1.0,10.73455,10.3128,17.94996,100.08342,159.i_8
123236.38775,35250.05556,6078.91269,1183.7792,381319.9475,256.23045,4.98852,1.0,5677.68754,671761.84959,220.65282,553.68001,1455.67376,405.48111,1.21778,142.83333,683.21892,216.36468,2955.877,159.a_9,2531.85556,1243.27778,219.85148,7.20636,6193.09837,623.12285,1.0,1.0,99.32024,14690.48059,1.76111,24.22112,98.16667,6.48338,1.0,16.37909,9.85057,14.5916,77.30564,159.i_9
50763.3727,11591.72222,4464.87608,689.53543,281636.70392,416.18355,17.18963,7.07778,3314.99873,167162.17821,21.96741,313.31733,81.54022,1356.04171,1.0,3251.22183,616.68797,2800.78816,2103.55121,160.a_0,1402.26945,208.48448,164.31409,1.0,5665.14673,75.91491,1.0,1.0,126.46059,3021.23596,1.0,15.72112,1.82134,24.66388,1.0,55.33333,10.18669,23.85537,78.26588,160.i_0
49387.76159,11451.83333,4372.43164,638.14654,268779.20392,368.55204,15.65004,2.28889,3448.55429,157807.45599,17.97539,332.15066,82.76244,1235.81949,1.0,3145.33294,652.13242,2860.17705,1903.82899,160.a_1,1528.825,184.94522,152.54973,1.0,5458.48007,254.58158,1.0,1.77896,137.12726,2318.45818,1.0,11.48668,2.91646,18.62951,1.0,56.0,6.75186,13.6887,52.60054,160.i_1
45722.42826,11658.88889,3622.65386,506.64654,263350.31503,236.20113,11.98338,1.0,3205.77651,149778.40043,13.42782,325.92844,70.04022,1093.54171,1.10889,3230.44405,544.24353,2564.73261,1832.05121,160.a_2,1366.38056,180.31781,117.98076,1.0,4860.25784,54.26582,1.0,1.0,108.46059,1986.7433,1.0,13.33223,1.0,18.23662,1.0,66.05556,11.93187,18.85096,85.26588,160.i_2
50075.20604,10921.11111,4520.87608,1342.53543,247199.64837,299.01688,14.21358,2.93333,2992.77651,141234.40043,16.74519,370.76177,60.54022,1041.65282,1.10889,2661.05516,700.68797,2910.89927,1655.66232,160.a_3,1129.21389,106.96151,80.86965,1.0,3192.09118,125.00563,1.0,1.0,70.08933,1727.56194,1.0,5.63501,1.0,7.7618,1.0,18.05556,3.23557,6.53879,35.87964,160.i_3
41656.92826,11641.33333,3525.82053,664.09098,219436.42615,157.35021,12.8563,3.57778,2533.05429,135976.45599,10.76116,320.09511,70.09577,1003.59727,1.10889,2705.88849,518.63242,2640.23261,1857.71788,160.a_4,1080.65834,109.81781,61.64742,1.0,3986.70229,103.5436,1.07611,1.0,68.12726,1520.07663,1.0,8.4189,3.09912,11.00121,1.0,33.83333,3.23557,8.14991,62.98943,160.i_4
38370.76159,9599.22222,3274.93164,354.53543,180406.64837,294.71871,10.65004,1.0,2272.05429,130813.40043,9.22157,293.92844,68.818,905.65282,1.10889,2365.99961,470.24353,2760.45483,1581.77343,160.a_5,1289.93611,121.92893,65.64742,1.0,4446.20229,100.87975,1.0,1.0,80.57171,1304.96552,1.0,6.66557,1.54756,6.25381,1.0,19.5,4.72595,1.02998,41.15477,160.i_5
38045.3727,9589.88889,3205.48719,362.3132,189158.70392,147.68073,9.42782,1.64444,2113.44318,125620.73377,11.76116,265.09511,84.42911,957.48615,1.21778,2256.83294,488.9102,2423.67705,1379.55121,160.a_6,1234.54723,133.81781,61.86965,1.0,3838.53562,91.81857,1.15222,1.0,75.23837,1081.01373,1.0,10.33223,2.71023,8.14669,1.0,9.88889,2.11778,11.48765,40.15477,160.i_6
38891.53937,8936.66667,3110.20942,395.64654,169191.87059,138.6076,8.08651,2.28889,2089.72096,121308.45599,8.42782,298.92844,79.15133,786.31949,1.43556,2331.11072,380.13242,2678.39927,1365.4401,160.a_7,1240.60278,159.09559,89.20298,1.0,4280.64673,247.75106,1.0,1.0,72.46059,953.63219,1.0,14.72112,1.54756,11.92447,1.0,29.0,7.35335,17.45766,68.48811,160.i_7
36336.70604,9875.72222,3226.37608,429.25765,184878.09281,85.40577,5.98338,1.0,2780.94318,118418.28932,8.76116,302.484,66.04022,1079.4306,1.10889,2641.22183,408.79909,2816.34372,1468.49566,160.a_8,940.43611,171.42893,50.4252,1.0,3410.53562,148.52321,1.0,1.0,86.23837,871.29151,1.0,7.30779,2.81334,8.83454,1.0,33.83333,7.80742,7.72663,56.71165,160.i_8
32383.15048,9126.11111,2905.43164,276.49333,156392.92615,72.5872,4.34066,1.0,2094.94318,115798.5671,8.08651,260.09511,132.65133,972.54171,1.0,2492.22183,429.52131,2398.56594,1276.9401,160.a_9,1006.93611,120.98448,56.53631,1.0,3815.70229,95.61955,1.0,1.0,82.46059,814.89528,1.0,13.86334,2.3689,9.59513,1.0,14.94444,5.18001,5.47883,122.76588,160.i_9
64377.75631,4024.0,6457.60128,1142.01468,307642.72205,357.55556,7.94444,2.08472,821.47143,299013.9082,677.62517,993.62513,47.55556,261.96741,1.0,612.48001,2125.79909,1341.08748,6339.13424,161.a_0,3560.06247,265.18402,405.19055,1.0,13365.7286,6.35368,1.0,1.0,68.12187,7703.86327,34.18963,57.40291,1.27378,13.18963,1.0,6.3197,1.31616,1.0,177.8242,161.i_0
62226.58965,4033.0,6178.71239,1041.29246,317116.66649,567.22222,6.66667,4.41806,769.74921,285949.13043,740.84739,953.18068,61.66667,274.02297,1.0,616.14668,1611.96575,1329.64303,6668.63424,161.a_1,3427.95136,205.51735,366.41277,1.0,12764.7286,19.10505,1.0,1.0,60.89965,6643.86327,28.52297,48.2918,1.82134,12.18963,1.0,3.21638,1.0,1.77778,144.65753,161.i_1
59993.31187,3891.11111,6306.54573,1177.90357,311364.49982,201.44444,6.66667,1.54236,751.24921,278105.74154,917.23628,963.34735,57.94444,255.46741,1.0,602.81335,1445.4102,1285.64303,6170.07869,161.a_2,2916.34025,169.12846,316.41277,1.0,10864.28415,50.77446,1.0,1.0,52.12187,6397.52994,26.30074,43.01402,6.03557,5.94379,1.0,3.21638,1.31616,2.55556,148.04642,161.i_2
61872.58965,4448.33333,6286.04573,1131.62579,311160.66649,488.88889,9.11111,1.54236,806.69365,272998.29709,962.01406,1023.90291,60.94444,260.3563,1.0,618.03557,1999.46575,1127.08748,6328.13424,161.a_3,2995.17359,158.12846,328.91277,6.08396,11785.2286,34.73651,1.0,1.0,61.34409,6250.5855,30.07852,42.51402,5.08313,8.46741,1.0,2.10819,1.31616,4.77778,131.87975,161.i_3
65481.20076,4065.33333,6360.76795,1031.12579,322435.94427,281.61111,8.0,2.08472,903.19365,268179.85265,804.90294,839.51402,51.22222,249.91186,1.0,587.8689,1587.13242,1331.3097,6763.85646,161.a_4,3215.22914,152.18402,330.69055,2.27099,11977.56193,15.81847,1.0,1.0,57.23298,6109.02994,23.96741,51.45846,6.40846,7.96741,1.0,1.4425,1.31616,12.27778,127.04642,161.i_4
59788.08965,3717.33333,5847.99017,1002.62579,270598.2776,462.38889,8.44444,1.54236,796.74921,262361.63043,700.01406,880.18068,53.11111,219.07852,1.0,606.92446,1703.24353,1385.3097,6550.57869,161.a_5,2968.2847,161.12846,311.80166,1.0,11720.78415,21.16061,1.0,1.0,54.67743,5872.86327,24.74519,50.23624,2.3689,7.63408,1.0,3.66082,1.63232,1.0,129.49086,161.i_5
62137.53409,4121.94444,6327.04573,1031.01468,284315.72205,396.66667,8.44444,1.27118,829.24921,254466.9082,646.56961,917.51402,67.27778,249.74519,1.10889,610.59113,1791.29909,1280.97636,6221.91202,161.a_6,3107.34025,165.18402,342.41277,1.0,11776.17304,143.6254,1.0,1.0,59.89965,5704.75216,24.07852,50.84735,1.82134,4.42815,1.0,1.0,1.63232,3.27778,132.87975,161.i_6
59833.03409,4657.88889,6307.99017,951.07024,288388.05538,702.72222,7.66667,2.43785,823.80476,246372.74154,825.79183,943.90291,54.38889,249.52297,1.0,603.53557,1800.24353,1186.64303,6128.46758,161.a_7,3070.39581,122.90624,308.24611,1.0,11136.78415,70.08745,1.0,1.0,56.4552,5568.69661,23.96741,58.56957,7.33292,6.66601,1.0,3.21443,1.31616,6.33333,118.21309,161.i_7
63512.97854,4084.66667,6153.60128,1234.7369,311166.16649,334.88889,6.88889,1.0,800.1381,242623.07487,630.56961,913.23624,55.83333,269.18963,1.0,622.09113,1711.9102,1342.97636,6224.85646,161.a_8,2868.34025,180.35069,295.30166,2.27099,10517.78415,29.81241,1.0,1.0,51.67743,5295.97438,19.8563,37.12513,4.07913,8.3563,1.0,2.10624,1.31616,1.0,100.49086,161.i_8
57796.42298,4254.72222,6289.10128,1036.12579,281669.66649,497.27778,6.88889,1.0,795.41588,236223.9082,604.84739,801.23624,43.27778,256.74519,1.10889,607.09113,2404.63242,1401.47636,5985.35646,161.a_9,2759.56247,120.79513,307.69055,1.0,10132.2286,54.47908,1.0,1.0,49.01076,5007.41883,20.74519,57.68068,5.03157,6.94379,1.0,1.0,1.31616,4.38889,141.87975,161.i_9
45827.27979,9316.29317,18246.44087,5022.63115,462200.0289,654.56378,7.4306,4.15265,2810.51956,505873.877,19.2,1190.40291,145.75556,645.3563,1.0,175.16379,370.21892,4354.17149,4532.06046,162.a_0,1742.38103,482.88559,868.8673,10.34489,12633.12746,791.08023,1.0,1.0,128.70224,18465.22446,1.0,49.92177,10.60882,24.5,1.0,4.79047,10.5071,70.3542,165.01562,162.i_0
44520.3909,9395.29317,18847.32975,4939.79782,454614.80668,699.786,6.07334,1.0,2987.68622,468824.93255,18.64444,1225.90291,117.42222,528.41186,1.0,175.60824,420.71892,4654.39372,4281.94935,162.a_1,2146.38103,508.16337,859.70064,92.24533,14597.62746,544.358,1.0,1.0,127.14668,16925.39112,1.10313,63.31066,8.49803,18.44444,1.0,22.9252,1.0,175.40975,134.23784,162.i_1
40561.27979,8283.90428,16688.38531,4771.90893,419052.86223,494.56378,6.80328,1.99299,2506.40845,424964.59922,17.42222,1021.84735,71.64444,632.91186,1.0,143.38601,411.9967,4524.06038,3909.72713,162.a_2,1918.71436,602.10781,807.20064,17.84324,12993.12746,513.858,1.0,1.0,133.14668,16064.00223,1.10313,45.81066,9.21976,22.61111,1.0,9.87796,2.31949,173.02086,145.7934,162.i_2
35753.66868,7616.79317,14259.94087,4828.85338,372700.0289,486.34156,7.93831,1.0,1985.40845,385855.32144,19.64444,844.68068,82.64444,546.3563,1.0,140.38601,479.33003,5159.61594,3441.22713,162.a_3,2099.32547,432.4967,807.08953,16.07041,12881.90524,455.88441,1.0,1.0,100.03557,15281.28001,1.0,35.97733,10.38643,18.33333,1.0,5.66405,1.65974,142.90975,113.23784,162.i_3
35274.55757,7875.68206,15759.82975,4026.02004,335887.08446,354.89711,10.54171,8.64564,2248.74178,370471.877,15.31111,897.95846,108.92222,528.07852,1.0,161.10824,498.9967,5279.17149,3987.72713,162.a_4,1732.1588,482.94114,760.42286,12.956,11454.18302,629.02467,1.0,1.0,117.48001,14745.39112,1.0,29.644,8.99705,22.61111,1.0,7.3154,1.0,121.29864,150.23784,162.i_4
33626.77979,7125.57095,14182.16309,5508.52004,351390.08446,519.23045,8.40668,1.99299,1926.79733,355925.76589,18.08889,832.95846,84.58889,432.02297,1.0,173.88601,523.77448,5494.72705,3767.67157,162.a_5,1987.1588,408.16337,738.58953,24.24038,12998.23857,498.87893,1.0,1.0,103.92446,14262.22446,1.0,40.08844,7.60833,17.16667,1.0,10.95013,1.0,180.13197,121.7934,162.i_5
31245.94646,6561.51539,13953.82975,4829.13115,333103.91779,521.286,5.93831,2.48949,1972.63067,338153.15478,16.08889,831.90291,81.75556,459.52297,1.0,145.88601,462.27448,4939.44927,3739.72713,162.a_6,1921.38103,425.44114,747.3673,42.5198,12558.4608,790.93997,1.0,1.0,95.81335,13878.72446,1.0,42.97733,7.38594,16.0,1.0,20.36265,1.0,171.24309,122.57118,162.i_6
31173.77979,6888.23761,13305.94087,4996.46449,326915.86223,367.17489,6.38275,1.99299,1885.63067,320066.21033,13.64444,762.12513,80.58889,542.13408,1.0,182.16379,416.77448,4880.22705,3740.89379,162.a_7,1543.21436,346.77448,651.08953,31.29098,11069.51635,527.66219,1.0,1.0,82.48001,13406.05779,1.0,28.92177,8.10898,18.27778,1.0,1.8084,2.31949,69.13197,114.23784,162.i_7
30680.22424,6991.51539,12614.88531,5169.46449,310220.64001,334.34156,6.00158,1.99299,1710.964,299749.43255,14.08889,706.18068,82.47778,368.30074,1.0,167.44157,372.38559,5449.83816,3258.83824,162.a_8,1679.82547,362.83003,654.31175,10.40044,11201.84969,576.46637,1.0,1.0,82.25779,12975.44668,1.20626,26.55392,6.21993,15.66667,1.0,3.2126,1.0,107.46531,104.2934,162.i_8
27709.55757,6459.1265,12095.44087,3765.0756,266022.97334,233.67489,6.09727,2.98598,1650.79733,288008.377,13.2,681.51402,61.2,367.13408,1.0,134.7749,474.27448,5275.17149,3020.94935,162.a_9,1504.26991,386.10781,639.47841,12.28438,10734.51635,699.32611,1.0,1.0,92.59113,12607.83557,1.0,26.31066,6.21976,17.33333,1.0,3.25284,8.20838,80.18753,124.46007,162.i_9
206418.03526,11317.71892,6928.39275,5474.41529,426730.0064,400.30938,24.11111,7.72222,3462.81111,1511181.71417,239.87504,824.33223,530.34043,513.41595,1.0,5701.45072,774.22222,2272.23626,6330.17019,188.a_0,4633.16475,121.4102,195.58085,3.58346,5656.06485,197.03365,1.0,1.0,25.41269,14694.19467,1.0,5.50592,1.99853,18.09727,1.0,13.99712,3.60816,1.0,75.42334,188.i_0
189568.20192,10599.60781,6247.55941,3741.80418,387806.61751,340.86493,21.55556,1.0,3296.36667,1410509.82528,233.20838,782.16557,442.56265,516.13817,1.0,5203.67295,650.27778,2295.79181,6097.17019,188.a_1,4170.16475,166.85464,132.80307,3.58346,4966.56485,79.87089,1.0,1.0,34.41269,13181.41689,1.07611,4.88429,2.88725,11.9306,1.0,19.38601,3.60816,1.0,59.03445,188.i_1
178032.4797,9211.44114,6631.55941,3951.0264,385609.78418,305.92049,24.11111,1.0,3314.64444,1319529.43639,216.4306,762.33223,433.28487,469.24928,1.0,5533.00628,591.05556,1130.34737,6823.61464,188.a_2,3896.44253,141.52131,155.58085,3.58346,4680.5093,56.61033,1.0,1.0,30.74603,12419.97244,1.22833,7.22815,4.49771,10.76393,1.0,25.41102,1.37259,1.0,61.20112,188.i_2
168821.9797,8608.60781,5726.00386,3933.08196,352026.78418,248.36493,19.66667,7.88889,3079.47778,1238143.0475,192.87504,723.4989,437.56265,400.63817,1.32502,4996.39517,492.72222,1091.90292,6239.89241,188.a_3,3750.44253,178.02131,148.69196,4.87519,4469.12041,95.66588,1.0,1.0,36.19047,12041.86133,1.0,5.04044,7.60964,12.76393,1.0,15.59717,1.37259,1.0,78.25667,188.i_3
171705.31303,8916.60781,6022.72608,3829.69307,354896.11751,353.08716,21.44444,14.77778,2975.81111,1185173.93639,225.31949,795.61001,406.67376,474.4715,1.0,5421.00628,759.44444,788.56959,7357.83686,188.a_4,3652.94253,165.9102,147.24752,7.45864,4539.78707,256.15728,1.0,1.0,37.85714,11695.58355,1.0,7.66207,12.49771,13.04171,1.0,19.24436,3.23557,1.0,54.31223,188.i_4
160203.53526,10285.4967,6684.72608,3496.5264,342976.78418,334.47605,36.22222,1.0,3129.86667,1049926.60306,191.20838,779.83223,490.72932,422.36039,1.32502,5223.89517,798.83333,1192.90292,7883.22575,188.a_5,3672.94253,129.57686,145.02529,22.95864,4583.28707,153.75978,1.0,1.0,40.41269,11417.47244,1.07611,4.16207,6.05343,11.20838,1.0,28.24436,2.49038,1.0,66.36778,188.i_5
150358.75748,7475.16337,5158.9483,2980.74862,323520.45084,242.19827,15.33333,10.0,2872.97778,913484.15861,192.09727,671.94334,375.61821,329.74928,1.0,4546.95072,377.16667,811.1807,6363.39241,188.a_6,3507.44253,183.13242,139.91418,12.68087,4410.06485,129.47339,1.0,1.0,41.41269,11223.08355,1.07611,6.31822,9.05375,14.54171,1.0,28.49712,2.37259,1.0,68.20112,188.i_6
145350.31303,8177.21892,6032.50386,4018.13751,326702.17307,270.86493,35.33333,5.5,2868.47778,855037.88084,169.4306,663.4989,443.67376,394.02706,1.32502,4483.2285,607.72222,1395.73626,6281.83686,188.a_7,3427.88698,144.63242,148.80307,15.20852,4470.67596,106.59311,1.0,1.0,33.74603,11034.25022,1.0,5.32874,4.49771,13.54171,1.0,22.04715,2.11778,1.0,64.09001,188.i_7
143990.03526,9121.9967,6117.67052,2663.0264,303280.95084,289.30938,29.0,2.11111,2915.03333,817538.15861,160.4306,662.05446,454.39598,420.63817,1.32502,4535.50628,520.66667,918.23626,6094.33686,188.a_8,3210.33142,173.79909,146.91418,7.4863,4302.67596,139.69562,1.0,1.0,36.85714,10834.41689,1.15222,10.5194,8.60882,10.59727,1.0,26.28741,1.74519,1.0,61.75667,188.i_8
151581.25748,9057.83003,6343.11497,3024.35973,320562.28418,336.64271,30.77778,5.44444,2774.97778,795216.26973,159.4306,714.83223,439.28487,448.4715,1.0,4747.56183,559.11111,989.90292,7276.05908,188.a_9,3416.55364,181.07686,132.80307,10.09741,4308.28707,327.0759,1.0,1.0,37.30158,10697.97244,1.0,6.096,8.60816,13.65282,1.0,29.33046,3.11778,1.0,62.70112,188.i_9
132630.75504,35916.55556,4193.50739,1028.52896,242140.13061,206.1784,17.81445,5.27659,3075.61422,150040.09806,52.02706,2062.05446,634.76867,1221.58261,1.0,5418.01065,564.81781,275.19408,8392.47231,189.a_0,1977.15743,260.93141,47.59559,1.0,2714.8256,783.05129,1.0,1.0,47.04643,1177.80301,1.03333,24.95779,6.14978,4.16058,1.0,9.19351,1.0,1.33526,77.67907,189.i_0
136910.53282,33382.61111,4142.06294,1090.41785,254041.07506,329.40062,14.25889,5.27659,2834.0031,144020.5425,48.4715,2016.83223,657.102,1076.08261,1.0,5425.51065,529.09559,278.80519,8375.25009,189.a_1,1635.49077,231.70919,64.92893,1.0,2200.49226,380.96985,1.0,1.0,49.60199,983.69189,1.02222,31.73557,3.2701,4.36875,1.0,6.50385,1.0,1.67438,45.40129,189.i_1
122781.31059,33983.83333,3951.39628,989.58452,247160.46395,288.23396,13.14778,1.32388,2997.89199,140413.48695,51.24928,2045.94334,550.37978,1197.52706,1.52471,5106.78843,603.42893,270.9163,8498.08342,189.a_2,1839.26854,211.48697,36.37337,1.0,2388.27004,360.33661,1.0,1.0,53.37976,894.69189,1.03333,26.12446,4.26857,2.09769,1.0,2.88124,1.0,1.00965,42.73462,189.i_2
125975.47726,32076.83333,3478.22961,1136.80674,229175.63061,174.96479,12.92556,1.64775,2590.72533,136292.65362,52.24928,2003.72112,579.49089,1080.52706,1.52471,4881.67731,467.59559,261.63852,7662.63898,189.a_3,1862.49077,226.43141,33.92893,1.0,2590.60337,295.12193,1.0,1.0,54.82421,852.85856,1.01111,27.40223,5.54328,2.91026,1.0,12.60539,1.0,1.0,49.23462,189.i_3
121520.19948,32182.05556,3847.89628,930.41785,223421.35284,133.96479,14.03667,1.97163,2838.5031,132615.48695,53.69373,1801.72112,588.602,1169.52706,1.0,4923.89954,590.54004,268.9163,7606.97231,189.a_4,1754.43521,277.04252,52.04004,1.0,2226.65893,234.87004,1.0,1.0,47.15754,732.24745,1.0,25.95779,3.71148,3.92431,1.0,8.87167,1.0,1.33719,44.84574,189.i_4
124012.69948,32039.33333,3637.89628,943.30674,230395.07506,144.56729,9.03667,1.32388,2499.72533,129319.26473,43.80484,1896.22112,599.37978,994.74928,1.0,4599.28843,504.37337,281.24963,7911.69453,189.a_5,1799.71299,262.98697,63.92893,1.0,2401.38115,244.48492,1.0,2.98598,49.37976,669.08078,1.0,33.40223,1.60958,2.44506,1.0,4.23757,1.0,1.0,40.73462,189.i_5
133842.31059,32220.77778,3665.89628,922.69563,239241.13061,140.40062,14.25889,1.0,2716.55866,127757.87584,53.4715,1972.72112,623.43533,973.63817,1.0,5014.51065,575.7067,265.13852,7909.80564,189.a_6,1353.10188,179.15363,39.59559,1.0,1861.38115,36.98492,1.0,1.0,36.60199,595.96967,1.0,23.90223,1.66206,1.91026,1.0,2.4483,1.0,1.0,37.06796,189.i_6
117522.47726,29263.38889,3748.95183,948.41785,218221.40839,125.41784,13.92556,2.29551,2678.72533,125833.82028,54.58261,1971.22112,572.37978,1144.9715,1.0,4723.5662,486.59559,266.19408,8179.58342,189.a_7,1517.49077,228.70919,46.26226,2.21175,1917.49226,123.31826,1.0,1.0,38.93532,575.08078,1.0,24.37063,1.66206,1.72284,1.0,4.69351,1.0,1.67438,32.40129,189.i_7
118664.53282,32421.77778,3883.06294,976.75118,228084.35284,140.13145,13.03667,1.32388,2741.94755,123439.93139,46.4715,1914.9989,590.26867,1117.02706,1.0,4754.01065,512.31781,254.97185,7657.3612,189.a_8,1358.49077,249.76475,63.48448,1.0,1707.99226,127.50705,1.0,1.0,39.93532,548.96967,1.0,28.0689,1.0,2.674,1.0,5.11496,1.0,1.0,34.45685,189.i_8
117015.92171,31479.16667,3966.89628,935.47341,211646.46395,130.1784,14.81445,1.64775,2704.66977,121593.20917,52.02706,1878.4989,625.54644,1110.91595,1.0,4669.95509,494.42893,265.80519,7191.80564,189.a_9,1727.43521,255.98697,54.26226,2.21175,2325.15893,285.61816,1.0,1.99299,51.93532,501.91412,1.0,30.68001,1.88275,4.67462,1.0,9.27206,1.0,1.00193,33.40129,189.i_9
32876.854,1870.16337,7368.25139,5899.13113,302818.27473,4.89671,3.94444,2.05044,540.88481,239445.33795,343.52121,42888.64701,231.72222,205.74519,1.0,153.79529,127.77448,4859.11933,1587.51707,190.a_0,1785.91736,1757.85069,458.8952,896.54832,43599.14684,9.23377,1.0,2.28889,207.75556,12761.76647,63.20838,2615.4989,116.62835,7.19373,1.0,3.63468,2.58261,10.95038,83.82457,190.i_0
31504.90956,1373.83003,7126.58472,5852.74224,311444.27473,3.27308,3.22222,1.0,489.05148,235297.17128,453.52121,40373.20256,163.22222,201.3563,1.0,130.01752,140.71892,4817.06377,1791.96151,190.a_1,1741.8618,1665.01735,471.95076,906.88165,43828.14684,4.29812,1.0,1.0,207.53333,12336.37759,65.20838,2638.33223,123.29501,6.74928,1.0,5.03608,2.58261,34.17954,84.60235,190.i_1
30892.354,1491.94114,7118.08472,6457.46446,295545.49695,34.32394,2.33333,2.05044,504.60703,230027.94906,432.79898,42992.48034,176.11111,206.63408,1.0,202.68418,256.4967,4749.11933,1797.12818,190.a_2,1752.69514,1718.68402,461.28409,1059.04832,44235.7024,16.63146,1.0,1.0,205.97778,12063.37759,67.20838,2445.77668,116.79501,7.11664,1.0,10.59717,1.0,48.18053,81.60235,190.i_2
32467.02067,1555.77448,7108.58472,5837.29779,290458.66362,28.5892,1.55556,1.52522,511.2737,225469.17128,357.68787,41534.36923,175.88889,231.41186,1.0,231.79529,150.4967,4808.06377,1729.29485,190.a_3,1756.91736,1645.85069,448.61743,971.38165,41669.81351,17.06104,1.0,1.0,191.97778,11884.82203,61.98615,2419.4989,108.1839,5.98852,1.0,4.59163,2.58261,37.62398,74.71346,190.i_3
29343.13178,1279.71892,6960.91806,5682.57557,294246.16362,33.99922,1.83333,1.0,479.2737,222242.44906,402.29898,39685.98034,194.05556,209.57852,1.0,139.62863,143.83003,4692.45266,1640.8504,190.a_4,1644.80625,1436.79513,451.28409,741.88165,40496.31351,22.39163,1.0,1.0,178.08889,11722.09981,63.4306,2380.05446,94.79501,6.30484,1.0,1.75277,1.79131,28.56942,80.26901,190.i_4
32467.02067,1517.16337,7090.52917,6295.4089,289230.38584,26.10172,2.16667,1.0,496.55148,218162.94906,293.52121,42639.14701,189.33333,286.8563,1.0,146.51752,181.27448,4663.56377,1828.29485,190.a_5,1648.08403,1573.12846,446.17298,932.60388,41691.81351,4.29812,1.0,1.0,197.31111,11491.15536,62.76393,2373.83223,104.57279,6.30033,1.0,1.75277,1.0,32.06744,68.6579,190.i_5
29007.854,1669.77448,6662.8625,6529.9089,329478.27473,19.61033,1.44444,1.52522,496.60703,215177.33795,327.18787,40606.0359,194.61111,239.91186,1.0,171.79529,146.77448,4681.95266,1748.29485,190.a_6,1630.13958,1498.29513,437.22854,873.38165,41229.48018,13.34488,1.0,1.64444,177.31111,11359.93314,63.98615,2190.22112,91.40612,5.30484,1.0,9.6597,1.0,50.51089,82.43568,190.i_6
29228.40956,1144.4967,6532.14028,4791.85335,289840.49695,22.42253,2.16667,2.05044,470.44037,213273.28239,322.79898,39277.5359,183.33333,200.96741,1.0,91.57307,120.9967,4457.50822,1569.96151,190.a_7,1722.3618,1636.73958,414.11743,821.65943,41716.92462,22.79812,1.0,1.0,188.31111,11260.37759,66.65282,2485.72112,112.29501,5.11664,1.0,1.37638,1.0,7.5615,56.10235,190.i_7
30735.63178,1509.16337,6835.41806,5545.4089,332378.33028,22.96479,2.66667,1.0,483.32926,211463.33795,314.29898,41622.48034,166.27778,237.80074,1.0,98.68418,136.77448,4683.95266,1632.07263,190.a_8,1702.3618,1581.23958,461.3952,801.21499,41995.09129,5.94719,1.07708,1.0,183.2,11102.76647,58.31949,2410.4989,99.12835,7.39442,1.0,1.0,2.58261,43.34224,72.49124,190.i_8
30395.02067,1223.21892,6749.41806,5981.9089,319358.05251,18.96088,2.27778,1.0,467.49592,209492.33795,382.18787,41551.70256,175.94444,274.13408,1.0,194.62863,186.10781,4508.67488,1750.07263,190.a_9,1644.13958,1539.68402,408.28409,700.60388,39938.86907,16.643,1.0,1.0,183.64444,10950.71092,58.09727,2416.16557,103.35057,5.43296,1.0,1.0,1.0,14.62299,64.54679,190.i_9
71493.11683,5491.37337,10404.19453,1750.87329,271422.37567,152.11111,4.69217,1.32056,868.97921,320138.01111,347.94444,2321.42256,101.77483,401.05556,1.0,458.39954,2238.76226,1380.03202,17257.35112,191.a_0,6678.4941,459.5,952.56649,36.77739,21253.09505,170.88889,1.11562,1.0,58.50028,20245.22616,23.87504,191.98889,2.42222,14.86039,1.0,7.22015,1.0,83.08172,589.09797,191.i_0
69185.2835,5152.87337,9701.8612,1585.76218,272529.15344,156.22222,3.31099,1.48084,822.8681,307666.01111,339.44444,2211.58923,111.83038,412.38889,1.0,477.23287,1925.76226,1281.25424,17349.79556,191.a_1,6669.4941,426.27778,971.67761,34.16628,20540.70616,131.94444,1.0,1.0,56.05584,19451.55949,25.4306,181.21111,6.11111,15.9715,1.0,2.22918,1.0,64.91505,586.70908,191.i_1
69014.95017,5492.48448,10204.3612,1923.81774,282742.54233,150.11111,6.07334,1.96168,905.25699,299907.17778,347.0,2390.64478,108.21927,410.61111,1.0,449.89954,2073.26226,1378.53202,16694.01779,191.a_2,6321.21632,508.11111,1002.45538,32.46803,21023.26171,33.27778,1.07708,1.0,49.50028,18825.78172,21.98615,188.48889,4.97778,16.86039,1.0,4.62154,1.94444,54.3595,545.09797,191.i_2
67205.17239,5111.37337,9311.19453,1686.26218,256830.87567,162.38889,4.76393,2.12196,852.53477,290381.56667,333.44444,2045.03367,95.60816,376.11111,1.0,429.51065,1776.26226,1305.36535,16824.90667,191.a_3,5779.60521,459.55556,899.34427,9.30137,18019.87282,27.11111,1.0,1.0,46.72251,18069.05949,21.76393,177.37778,3.73333,14.86039,1.0,9.71113,1.0,66.3595,533.9313,191.i_3
63870.50572,5137.76226,9152.30564,2075.9844,248448.15344,162.38889,6.09727,2.6028,805.75699,282996.67778,320.44444,1897.81145,110.27483,382.94444,1.0,446.89954,2110.09559,1300.19869,16397.57334,191.a_4,5786.43855,465.55556,883.56649,14.46803,18384.1506,228.22222,1.0,1.0,50.27806,17349.11505,18.4306,183.48889,3.93333,11.80484,1.0,8.28821,1.0,52.47387,531.87575,191.i_4
59418.45017,4766.98448,8057.25009,1575.4844,231681.82011,92.66667,2.90589,2.92336,725.09032,277111.9,319.27778,1713.367,92.21927,369.66667,1.0,417.62176,1789.92893,1196.92091,16644.24001,191.a_5,5728.60521,416.05556,821.67761,4.99201,17621.76171,115.38889,1.0,1.0,44.16695,16839.33727,21.4306,150.48889,2.33333,10.80484,1.0,4.86181,1.0,51.42158,525.48686,191.i_5
64209.33905,5110.26226,9180.25009,1853.87329,239807.09789,135.77778,3.69217,4.13473,786.31255,270649.4,323.11111,1994.81145,79.83038,382.05556,1.0,520.12176,2745.65115,1509.69869,15561.68445,191.a_6,5290.71632,354.5,766.95538,5.30936,15919.92838,37.5,1.0,1.0,39.72251,16371.89283,15.54171,140.04444,1.35556,10.4715,1.0,7.19515,2.88889,27.92158,517.26464,191.i_6
62388.61683,5033.54004,8966.69453,1513.37329,238802.37567,113.22222,5.58105,1.16028,754.3681,264807.34444,336.05556,2068.42256,87.33038,395.0,1.0,504.39954,1997.87337,1494.19869,17646.85112,191.a_7,5424.16077,406.05556,802.84427,9.61872,16454.26171,43.77778,1.0,1.0,43.50028,16025.00394,21.09727,170.21111,2.6,10.24928,1.0,2.60556,1.0,36.91505,505.54241,191.i_7
60167.45017,4746.81781,8110.19453,1536.59551,238613.709,74.05556,4.74001,1.64112,723.3681,260676.95556,285.88889,1820.64478,81.21927,356.77778,1.0,440.01065,1468.92893,1163.14313,15324.29556,191.a_8,5422.10521,394.83333,836.84427,2.43645,16240.37282,11.05556,1.0,1.0,43.72251,15667.89283,20.98615,165.04444,1.88889,15.9715,1.0,6.78473,2.88889,49.52616,522.98686,191.i_8
59325.00572,4703.04004,8364.02786,1593.37329,237606.76455,84.44444,5.85112,1.32056,700.31255,256513.9,289.33333,1827.367,70.55261,365.72222,1.0,453.34398,1907.15115,1289.92091,15214.07334,191.a_9,5232.04966,346.5,746.17761,2.43645,16061.6506,45.77778,1.0,1.0,41.94473,15405.22616,19.31949,141.6,4.24444,11.91595,1.0,2.53751,1.0,25.97551,504.59797,191.i_9
13308.20675,9210.0,1367.43419,3327.45819,40880.76193,136.34507,2.10145,1.41891,1934.49113,265628.40117,37.74343,242.5689,412.88117,316.18963,1.0,95.22239,398.94114,1211.4158,8034.57234,192.a_0,2174.81021,1594.9967,260.93116,330.31629,5912.13018,951.33333,1.0,1.0,278.00632,28245.9,1.90722,58.52562,67.64444,13.02297,1.0,1.75277,1.0,3.06173,274.67778,192.i_0
14290.37341,10806.72222,1489.93419,3959.79152,42492.26193,347.84507,3.39453,1.41891,2091.82446,250085.06783,34.74343,262.40223,498.88117,367.18963,1.0,129.61128,435.60781,1270.47135,10521.1279,192.a_1,2063.53243,1497.10781,276.15338,252.76073,5731.13018,1062.0,1.0,1.0,251.8952,27214.34444,1.94222,42.90098,53.31111,16.07852,1.0,2.12915,1.0,3.03241,239.45556,192.i_1
13021.04008,10075.33333,1437.71197,3332.5693,40868.53971,195.84507,3.12507,1.0,2204.99113,239512.34561,37.29898,216.40223,521.60339,325.02297,1.0,110.38906,361.27448,1345.80468,10556.07234,192.a_2,2108.31021,1322.16337,250.48672,301.81629,5564.79684,821.55556,1.0,1.0,266.8952,26167.12222,1.86611,112.18327,43.25556,16.41186,1.0,2.50553,2.73575,4.04861,378.23333,192.i_2
14127.15119,9566.61111,1362.26752,3157.23597,40537.65082,202.12285,3.79872,1.0,2087.2689,233451.40117,33.29898,256.68001,432.54783,322.30074,1.0,103.61128,337.60781,1255.97135,9172.79457,192.a_3,2003.92132,1227.27448,241.82005,265.37279,5381.57462,415.11111,1.0,1.0,230.22854,25319.95556,1.94222,40.68327,49.92222,14.25317,1.21778,2.57359,1.0,5.64352,306.17778,192.i_3
13450.20675,7776.16667,1609.60086,2648.73597,39228.53971,193.90062,3.7751,4.59006,1728.10224,217230.45672,29.63232,248.29112,475.10339,268.3563,1.0,57.22239,242.4967,1080.63802,5863.07234,192.a_4,1912.19909,1258.60781,236.15338,203.76073,5126.13018,801.27778,1.0,1.1744,242.22854,24641.23333,2.05333,43.78987,45.53333,13.41186,1.0,1.75277,5.26281,17.21837,319.12222,192.i_4
13646.37341,7930.88889,1256.21197,3030.45819,39851.70638,181.56729,3.06818,1.41891,1775.60224,212304.12339,30.18787,212.90223,474.93672,251.07852,1.0,52.71311,291.27448,1060.4158,5767.79457,192.a_5,1763.53243,1340.55226,237.20894,239.87184,5028.07462,540.33333,1.0,1.0,237.00632,23352.95556,2.23445,23.58118,33.2,10.46741,1.10889,1.0,5.10967,12.06173,292.01111,192.i_5
13721.7623,7162.22222,1372.93419,3030.68041,35835.20638,238.95618,3.37789,1.0,1493.49113,209082.51228,29.52121,235.68001,462.04783,213.07852,1.0,45.71311,273.27448,876.47135,4646.46123,192.a_6,1814.25465,1358.44114,230.59783,209.03851,4970.46351,926.5,1.0,1.1744,246.78409,22011.95556,1.53278,41.24784,46.08889,12.91186,1.0,2.12915,6.05412,12.5355,334.4,192.i_6
12255.2623,8782.44444,1415.26752,2865.51374,40279.09527,131.85368,3.88621,2.58558,1796.10224,203230.06783,28.63232,269.45779,550.04783,298.07852,1.0,104.83351,301.9967,1246.19357,10343.18345,192.a_7,1609.08798,1170.71892,206.37561,202.93119,4630.13018,684.33333,1.0,4.6744,213.67298,21039.17778,1.60889,32.19229,37.25556,9.98338,1.0,2.94998,5.26281,6.21219,281.4,192.i_7
11807.98452,8502.5,1277.71197,3066.5693,36676.59527,154.84507,4.08482,1.0,1761.65779,195044.45672,27.85454,273.51335,368.60339,298.8563,1.0,106.83351,427.77448,1212.52691,9324.07234,192.a_8,1722.19909,1572.77448,217.37561,167.26263,4737.46351,787.0,1.0,8.3488,247.78409,20324.17778,1.94222,22.39647,32.92222,14.24519,1.0,1.37638,4.4715,19.31636,302.78889,192.i_8
11692.92897,7139.0,1351.43419,2971.18041,37039.48416,185.62285,2.84596,1.41891,1577.21335,189048.40117,23.29898,273.68001,385.43672,229.68963,1.97507,70.44462,318.05226,945.24913,5711.68345,192.a_9,1596.92132,1182.71892,218.93116,162.15151,4432.07462,441.72222,1.07611,1.0,240.00632,19656.51111,1.41556,58.24333,44.14444,13.91186,1.10889,1.37638,1.0,11.25463,494.84444,192.i_9
17933.03398,9890.18797,2214.07248,8397.2769,53908.55379,222.62285,5.7663,1.27118,2268.13951,304307.02366,45.88889,3326.63673,830.90612,546.20334,1.0,92.11128,934.33333,4831.45931,6778.1064,193.a_0,3880.98835,1768.35219,466.61011,740.6404,9440.90167,133.72222,1.03854,1.0,365.6654,55256.56784,2.57087,213.57608,41.20119,37.63817,1.0,1.75277,1.94444,1.0,180.18462,193.i_0
17389.53398,10235.68797,2379.46137,8819.11023,57324.72045,200.06729,5.4715,1.0,2622.91729,297493.13477,53.88889,3361.74784,834.29501,613.42556,1.0,109.94462,1028.5,4958.79264,8499.43974,193.a_1,3883.65501,1807.62997,464.61011,676.1404,9383.06834,226.33333,1.07708,1.0,381.77651,54083.45673,2.16634,197.63163,54.25675,35.58261,1.0,1.0,15.27778,1.0,210.46239,193.i_1
16118.70065,10700.96575,2258.07248,5804.11023,54651.55379,167.1784,7.36039,1.81354,2373.36173,291779.30144,44.22222,3126.3034,620.35057,495.42556,1.0,111.33351,1314.77778,4720.95931,9210.27307,193.a_2,3831.98835,1719.68552,479.05456,807.6404,9056.62389,133.72222,1.0,1.52522,352.49873,52831.45673,3.15836,209.57608,44.75675,34.24928,1.0,3.39442,13.38889,1.0,221.90684,193.i_2
18273.42287,12142.07686,2518.40582,6943.61023,53594.10934,156.90062,6.1722,1.0,2601.41729,282971.07922,47.44444,3416.69229,1061.07279,577.42556,1.0,89.77795,1163.22222,4160.3482,6753.05085,193.a_3,3832.82168,1707.62997,453.27678,781.97373,9134.62389,59.94444,1.1927,1.0,343.77651,52155.23451,3.99136,215.07608,49.42342,37.19373,1.0,1.75277,6.66667,5.17467,208.74017,193.i_3
16661.70065,9924.13242,2110.40582,8426.61023,54573.55379,133.64006,6.13817,1.54236,2364.97285,277942.19033,47.44444,3665.85895,802.1839,542.48111,1.0,79.16684,1072.05556,4237.95931,5573.99529,193.a_4,3782.65501,1676.35219,464.27678,670.97373,9131.17945,139.94444,1.03854,1.52522,365.44318,51611.6234,2.68996,222.57608,44.70119,37.36039,1.0,3.32636,1.94444,1.0,219.57351,193.i_4
15400.47842,8873.24353,2282.79471,8220.11023,50253.6649,193.84507,5.65519,1.27118,2492.80618,270664.57922,49.88889,3174.02562,747.1839,503.53667,1.0,121.05573,1377.27778,4575.8482,8109.93974,193.a_5,3948.59946,1745.9633,475.61011,781.91818,9331.56834,300.22222,1.0,1.52522,370.33207,51051.6234,1.84099,230.52052,48.42342,41.08261,1.0,2.64166,6.66667,5.23822,177.74017,193.i_5
15523.36731,9644.52131,2080.23915,6256.99912,54280.10934,125.74256,5.68922,1.27118,2288.86173,266275.74589,40.44444,3328.8034,717.57279,478.31445,1.0,75.22239,799.83333,4365.29264,7141.99529,193.a_6,3765.71057,1766.29664,462.05456,763.86262,8969.40167,123.66667,1.0,1.0,343.22096,50528.56784,3.36461,228.35386,46.47897,40.58261,1.0,2.19721,8.55556,6.80178,183.96239,193.i_6
16115.2562,9246.52131,2084.73915,8549.2769,51033.60934,154.84507,6.02706,1.54236,2088.13951,265066.46811,46.66667,3341.63673,781.51724,445.20334,1.0,89.83351,1393.0,4389.07042,7408.6064,193.a_7,3669.65501,1820.85219,437.33234,655.52929,8721.45723,474.66667,1.0,1.52522,351.83207,50079.51228,2.69794,206.90941,46.25675,35.52706,1.0,2.94998,1.94444,3.40489,180.07351,193.i_7
15969.64509,7865.29909,2142.90582,7739.11023,48826.94268,134.28951,4.7663,1.81354,1965.47285,263113.80144,43.33333,3238.3034,585.62835,395.70334,1.0,117.72239,1188.11111,3957.07042,9057.05085,193.a_8,3715.48835,1819.74108,444.88789,730.36262,8877.79056,386.27778,1.07708,1.0,344.99873,49435.34562,3.5549,205.85386,48.70119,38.91595,1.0,3.77081,9.5,3.67467,171.68462,193.i_8
17875.7562,8931.4102,2430.62804,6068.99912,51734.99823,206.23396,4.7663,1.0,2204.08396,260457.13477,43.77778,3387.74784,727.57279,478.53667,1.0,88.50017,1106.77778,4314.90375,6287.1064,193.a_9,3966.76613,1646.01886,465.72122,781.86262,9199.84612,119.38889,1.0,1.0,369.60984,48843.95673,3.44379,216.40941,49.59008,39.63817,1.0,2.12915,42.05556,1.84133,184.79573,193.i_9
9380.00447,1179.38889,3222.24752,2016.67722,78127.47642,20.96948,1.22673,1.0,76.6367,1633.51666,223.81445,1149.90291,35.54715,224.68963,1.0,125.53557,109.77448,94.62176,4365.43575,194.a_0,352.73344,14.6169,10.72754,1.0,1321.56995,172.77778,1.0,1.0,5.6632,412.20453,1.0,5.60096,1.44311,1.16667,1.0,1.63582,1.94444,1.0,1.0,194.i_0
11204.17114,1463.11111,3426.58085,2422.01056,97720.58753,3.11502,1.07708,1.0,81.41448,1512.90555,261.09223,1222.34735,41.37248,240.41186,1.0,169.09113,128.71892,139.62176,5393.26908,194.a_1,443.289,19.59587,15.81995,1.0,1998.90328,242.55556,1.0,1.0,1.07176,363.6051,1.0,6.64087,1.666,1.0,1.0,1.0,4.88889,1.0,1.0,194.i_1
10748.11558,1369.27778,3853.80307,2478.84389,98614.64309,31.30673,1.0,1.0,94.19225,1434.23888,240.70334,1353.84735,44.92804,254.18963,1.0,164.59113,141.71892,171.73287,5676.10241,194.a_2,479.67789,14.70505,12.08545,1.0,2214.34772,195.27778,1.0,1.0,1.07176,296.01593,1.0,7.85449,1.66466,1.11111,1.0,1.0,2.88889,1.0,2.44423,194.i_2
10293.44891,1166.16667,3412.46974,2078.73278,125303.19864,3.11502,1.97048,1.0,88.08114,1318.62777,235.14778,1165.90291,43.42804,236.63408,1.0,151.03557,127.70059,132.78843,5309.15797,194.a_3,444.289,29.29127,20.52989,1.0,2407.23661,380.05556,1.0,1.0,1.36575,268.77177,1.0,4.15652,1.0,1.16667,1.0,1.0,1.94444,1.0,2.40713,194.i_3
11449.94891,1333.05556,3621.41418,2623.28833,81479.08753,9.34116,1.15416,1.0,73.97003,1234.9611,227.81445,1059.73624,46.26137,192.07852,1.21778,147.03557,132.53392,130.23287,5598.43575,194.a_4,360.34455,9.34105,19.37551,4.60432,1271.1255,376.33333,1.0,1.0,1.03588,268.6051,1.0,6.25198,1.0,1.11111,1.0,1.31791,3.83333,1.0,1.99979,194.i_4
10042.8378,1061.27778,2776.91418,2556.39944,75706.36531,3.11502,1.11562,1.0,72.41448,1224.40555,202.53667,1007.56957,35.0987,149.52297,1.21778,114.92446,64.23781,102.62176,4247.38019,194.a_5,418.17789,12.67245,17.17199,4.60432,1805.95884,384.44444,1.0,2.11111,1.07176,246.77035,1.0,4.02976,1.22155,1.16667,1.0,1.63582,2.88889,1.0,3.27757,194.i_5
9839.39336,1380.38889,3750.52529,1839.06611,85357.80975,8.63615,1.63715,1.0,78.30336,1146.01666,216.70334,1176.7918,30.92804,188.07852,1.10889,320.31335,113.92281,144.4551,5315.88019,194.a_6,314.40011,13.92534,11.15329,1.0,1269.18106,221.94444,1.0,2.11111,10.3264,224.44869,1.0,7.0055,1.0,1.33333,1.0,3.16053,1.0,1.0,1.55535,194.i_6
10016.56003,1079.38889,3037.96974,2231.28833,80743.7542,15.44836,1.2993,1.0,75.30336,1124.73888,199.03667,1077.84735,43.76137,153.18963,1.0,126.48001,68.44114,111.4551,4159.65797,194.a_7,447.40011,11.34297,26.44335,9.82654,1932.45884,304.33333,1.0,1.0,1.0,221.6051,1.0,3.55401,1.0,1.27778,1.0,1.63582,6.66667,1.0,1.96268,194.i_7
9175.28225,1085.5,3094.6364,1952.67722,67697.08753,23.73005,1.52153,1.0,68.19225,1045.9611,184.03667,1015.90291,23.76137,185.74519,1.0,212.98001,100.94114,106.51065,4248.43575,194.a_8,489.90011,13.25482,20.77668,5.41327,2267.06995,261.0,1.0,1.0,1.32987,191.03645,1.0,2.78328,1.44311,1.11111,1.0,1.0,3.88889,1.0,1.0,194.i_8
7352.17114,1376.61111,2922.69196,1550.17722,59330.64309,15.44836,1.2993,1.0,66.30336,1025.07222,159.81445,860.90291,30.04715,156.07852,1.0,98.42446,57.23781,103.17732,3337.04686,194.a_9,493.23344,14.45216,21.44335,4.60432,2275.23661,382.22222,1.0,1.0,1.32987,176.31564,1.0,1.49845,1.0,1.33333,1.0,1.0,2.88889,1.0,1.81468,194.i_9
120066.39822,33955.16667,14724.71123,30567.62723,590184.36992,777.28951,25.72415,28.99118,6770.66833,2402009.92973,358.38889,11813.94334,45576.72222,449.63408,101.90596,417.64668,3987.4967,15580.90784,8081.25062,195.a_0,5004.72635,6000.83003,747.02183,2700.11406,36436.69473,501.83392,1.03959,1.0,548.90762,64130.11335,30.44901,351.90291,4409.98359,13.33333,2.04942,27.03631,55.55556,465.27056,228.01232,195.i_0
98456.84267,30075.61111,14249.489,26030.23834,540513.09214,479.34507,44.61304,33.42363,5619.05722,2161791.15195,398.66667,10473.77668,40675.11111,527.02297,68.79485,388.70224,3361.66337,14116.51895,7691.63951,195.a_1,4917.2819,5830.44114,752.46628,2310.4474,36311.69473,531.92638,1.07918,1.0,509.35207,59784.94668,27.00456,322.51402,4377.53915,14.22222,1.0,26.20298,50.61111,430.65945,210.40121,195.i_1
101554.84267,26657.22222,14260.60011,24206.34945,506169.42547,750.51174,40.83526,71.50634,5893.39055,2045166.59639,390.16667,9884.44334,36760.94444,503.74519,81.12818,455.98001,5114.94114,13796.0745,7969.5284,195.a_2,4480.39301,5576.21892,619.46628,2493.50295,32573.47251,77.46329,1.0,1.0,485.79651,51747.83557,24.11568,274.56957,3796.42804,11.77778,1.0,18.021,67.5,345.715,150.90121,195.i_2
97139.84267,25826.44444,15184.71123,23012.84945,494403.53658,888.06729,43.72415,46.48677,5859.16833,2008523.87417,366.27778,9575.61001,34166.88889,576.07852,83.73929,477.53557,6182.27448,13321.01895,8515.41729,195.a_3,4253.00412,5385.88559,627.35516,2400.72517,29587.02806,300.87093,1.0,2.05044,457.35207,46763.72446,25.3379,270.23624,3716.15026,7.33333,1.0,14.99738,38.94444,341.32611,132.2901,195.i_3
92991.73155,26110.66667,13716.04456,24300.96056,500016.31436,664.12285,31.05748,44.15343,5666.50166,1965837.76306,325.33333,9199.55446,35706.16667,462.41186,70.68374,455.42446,4603.38559,14209.18561,6472.5284,195.a_4,4227.39301,5750.55226,501.02183,2202.05851,30389.75028,348.5746,1.03959,1.52522,440.01873,44372.94668,20.56012,183.68068,3755.76137,7.11111,1.0,13.59187,14.44444,349.15945,103.67899,195.i_4
96114.12044,26188.77778,13229.65567,24246.12723,523422.36992,547.06729,33.83526,41.58588,5306.39055,1924349.26306,348.83333,9240.16557,36501.44444,462.80074,76.62818,500.48001,5048.71892,13539.96339,7478.0284,195.a_5,3946.50412,5410.88559,484.35516,2261.4474,28382.75028,219.38938,1.11877,1.0,445.90762,42995.94668,22.89345,195.84735,3805.87248,9.22222,1.0,13.64873,2.88889,274.99278,114.40121,195.i_5
93338.62044,26308.94444,13414.54456,24781.23834,467856.48103,581.95618,68.27971,61.70899,5203.335,1873278.37417,349.0,9052.55446,34943.22222,424.91186,57.57263,512.8689,4883.33003,13065.90784,7532.75062,195.a_6,3992.44857,5248.9967,481.57739,2251.28073,29107.8614,370.85238,1.03959,1.0,434.46318,41982.78001,23.00456,198.90291,3806.53915,7.11111,1.0,15.55293,13.66667,294.65945,108.06788,195.i_6
90701.00933,27469.72222,12877.54456,21694.18278,481397.31436,571.84507,76.33526,46.72098,5323.16833,1819702.65195,328.5,9089.44334,35735.61111,410.18963,76.73929,504.20224,5344.44114,13275.0745,7112.97285,195.a_7,3649.05968,4949.9967,462.63294,2047.28073,27480.8614,391.05595,1.07918,1.0,426.12985,40806.6689,25.11568,220.18068,3578.98359,8.11111,1.0,10.51269,25.27778,302.88167,116.40121,195.i_7
88199.28711,27480.33333,13156.04456,20096.12723,444982.86992,635.51174,50.05748,54.70899,4557.835,1743096.26306,333.55556,8910.83223,33854.0,485.24519,54.90596,512.8689,5598.05226,11810.90784,7180.86173,195.a_8,3500.72635,4869.27448,473.41072,1957.11406,23327.3614,425.66726,1.0,1.0,391.1854,39837.28001,21.11568,188.18068,3390.31693,8.33333,1.0,11.18767,14.55556,217.215,86.84566,195.i_8
88601.00933,27973.61111,13407.65567,21924.96056,457436.92547,770.78951,43.39082,75.12186,4816.335,1692079.81861,310.33333,8069.55446,30816.33333,439.41186,42.01707,482.98001,5871.33003,11206.85228,7911.80618,195.a_9,3567.22635,4996.71892,511.41072,2003.50295,25096.08362,475.00059,1.03959,1.0,426.29651,38819.33557,21.22679,195.2918,3724.26137,6.44444,1.0,15.67936,2.88889,216.10389,90.17899,195.i_9
55612.90718,19202.09559,10506.7989,12522.06043,223005.99574,38.11033,4.32889,2.67563,3954.69299,1536919.56393,58.63408,4956.74784,27249.99705,141.07852,20.30447,118.70469,176.7067,2909.20703,2734.67899,196.a_0,4476.14509,7065.26226,1057.81651,2550.24805,18255.89751,359.85228,1.0,1.0,640.35586,106379.13892,15.52222,425.88889,5158.73567,15.65282,1.0,6.15556,13.8689,370.18235,254.73135,196.i_0
49361.24052,20233.09559,11107.7989,13595.39376,191600.82908,31.61893,3.87834,3.42339,3549.85966,1444251.3417,56.96741,4305.58118,24113.10816,162.3563,25.96225,121.87136,157.87337,2967.26258,2220.06788,196.a_1,3876.64509,6828.87337,915.81651,2163.02582,17038.95307,269.62986,1.0,1.0,646.13364,98729.80559,10.2,385.55556,4981.73567,9.21609,1.16986,3.13333,7.3128,382.18235,233.00913,196.i_1
62731.07385,20376.04004,10722.46557,11026.17154,232466.66241,44.27699,5.28778,4.26121,4158.69299,1370966.11948,50.07852,4522.52562,24849.71927,167.74519,27.62892,165.37136,136.15115,2069.9848,2880.2901,196.a_2,4145.03398,6986.15115,800.48318,2299.91471,17024.84196,39.88909,1.0,1.52522,589.41141,93353.4167,8.53333,401.55556,5161.90234,17.15282,1.0,4.11111,5.36835,361.34901,225.17579,196.i_2
72882.46274,17656.54004,11972.85446,11178.89376,253970.88463,23.72144,4.06556,1.41891,4047.24854,1327247.61948,46.52297,4339.35895,19513.33038,191.46741,35.34892,187.8158,141.98448,1686.76258,3196.62343,196.a_3,4056.53398,6830.98448,749.2054,2072.58138,16849.39751,91.27797,1.0,1.0,587.35586,88241.13892,10.08889,444.83333,4995.29123,18.54171,1.33972,4.11111,1.64723,340.79346,195.00913,196.i_3
56208.24052,18267.81781,10363.41001,12576.06043,226550.44019,16.25587,3.65,1.41891,3661.52632,1298050.45281,44.52297,4242.52562,22312.38594,164.96741,29.24003,166.26025,121.2067,2190.59592,2739.40121,196.a_4,3901.53398,6723.37337,701.92762,2274.13694,16827.34196,247.75942,1.0,1.0,607.8003,85869.63892,9.97778,340.0,4816.51345,9.09727,1.0,2.06667,3.77668,313.29346,169.34246,196.i_4
67825.12941,17959.59559,11141.41001,11930.06043,243238.94019,28.15728,2.65,1.0,4017.02632,1259418.00837,58.07852,4707.85895,22838.21927,214.52297,42.34892,177.37136,137.09559,2016.65147,2811.84566,196.a_5,4007.70065,6728.37337,747.31651,2188.91471,16596.84196,40.25942,1.0,1.0,654.74475,81911.80559,8.97778,341.0,5036.4579,8.26393,1.50957,1.97778,3.59168,321.90457,184.84246,196.i_5
67534.18496,17129.59559,11006.57668,10302.61598,229153.77352,12.46948,4.43389,4.59006,3771.13743,1212601.67504,45.41186,4771.74784,21286.9415,250.24519,44.1267,172.26025,109.48448,1916.4848,2804.90121,196.a_6,3466.64509,6578.76226,679.87206,2206.8036,15914.95307,116.88918,1.0,1.0,515.8003,78920.58337,7.42222,287.16667,4611.73567,9.54171,1.0,3.84444,2.90612,287.68235,154.50913,196.i_6
62134.96274,16800.37337,10712.07668,10343.28265,220102.66241,10.0892,4.32889,3.42339,3816.91521,1144944.50837,43.8563,4294.58118,21989.9415,167.02297,39.74003,166.3158,114.2067,1813.81814,2750.34566,196.a_7,3913.7562,6344.09559,625.59429,2085.8036,15325.39751,203.85208,1.0,1.0,502.35586,76790.80559,9.42222,239.33333,4127.56901,9.4306,1.0,1.97778,4.16502,326.68235,194.95357,196.i_7
55244.29607,16974.09559,9967.7989,11037.61598,206925.49574,63.85837,2.87222,2.58558,3638.02632,1066811.17504,56.41186,3997.63673,21938.99705,230.24519,26.96003,144.92692,205.26226,2020.54036,2360.40121,196.a_8,4008.53398,6566.2067,685.14984,2121.91471,17489.61973,2.68522,1.0,1.0,597.41141,74534.08337,11.2,306.16667,4551.79123,8.31949,1.0,1.53333,5.98001,323.68235,212.84246,196.i_8
61133.07385,15787.04004,9931.85446,9360.33821,222922.88463,22.74726,3.545,1.0,3481.24854,964951.95281,41.8563,4206.91451,21689.9415,160.80074,26.85114,139.87136,149.92893,1723.92925,2886.06788,196.a_9,3523.20065,6081.87337,667.48318,1770.97027,14630.39751,61.01885,1.0,2.05044,484.13364,71747.19448,7.75556,311.77778,4482.23567,9.16053,1.16986,2.68889,3.72112,287.40457,182.84246,196.i_9
101311.62332,16622.87337,8696.78464,12828.90124,540427.95884,767.97605,2.67778,1.0,6414.71984,323311.30301,646.16667,2454.19229,3600.45154,302.88889,5.76667,131.64742,1903.0,955.80699,1974.74001,197.a_0,4333.30316,2095.16667,742.2406,355.15523,29655.62474,1146.38889,1.0,1.0,604.64444,29230.16572,63.80484,157.0,388.04674,10.68504,1.65004,2.29866,45.11111,34.18527,98.28842,197.i_0
88841.73443,16689.59559,8710.50686,11358.79013,476577.68106,221.58716,3.07778,1.0,5734.55318,303021.46967,580.22222,2105.41451,3423.39598,240.33333,2.48668,127.98076,1449.22222,883.47365,1803.74001,197.a_1,4345.69205,1896.88889,733.68504,484.04412,30086.56918,365.61111,1.0,1.0,638.58889,28319.38794,63.91595,177.38889,412.99118,16.57393,1.32502,1.7171,36.0,35.29638,88.23286,197.i_1
80452.56776,14778.09559,8540.00686,8399.73458,424242.5144,711.12244,3.3,1.0,5856.99762,288206.19189,553.5,2097.85895,2993.11821,187.94444,1.76223,141.09187,1536.55556,713.14032,1717.85112,197.a_2,4643.35872,1754.38889,640.46282,422.21078,32969.56918,468.61111,1.0,1.0,580.7,26930.0546,60.80484,167.88889,396.43563,8.57393,1.0,1.40977,21.05556,36.18527,89.34397,197.i_2
75807.84554,14630.81781,8641.61797,8232.06791,379031.45884,1116.82439,3.51111,1.0,5825.66429,278527.13634,558.44444,1902.58118,2935.5071,197.55556,2.48668,151.86965,1386.77778,677.36254,1707.57334,197.a_3,4724.80316,1595.61111,640.29616,483.87745,31974.51363,349.22222,1.0,1.0,582.53333,25588.27683,57.91595,160.27778,340.65785,12.46282,1.0,2.70844,31.77778,32.46304,75.56619,197.i_3
75784.5122,14787.59559,8644.84019,9781.06791,412212.79217,1292.14271,2.82222,2.94563,5921.60873,270301.24745,628.22222,2027.02562,2982.17376,266.38889,1.65334,133.03631,1473.22222,757.58477,1713.35112,197.a_4,4202.96983,1686.55556,575.40727,421.98856,29683.7914,754.05556,1.0,1.0,530.42222,23925.94349,53.58261,136.11111,339.82451,9.24059,1.65004,2.16155,17.22222,25.29638,80.17731,197.i_4
78834.67887,15263.15115,8148.78464,9743.06791,442901.34773,1347.80938,2.03333,1.0,5859.66429,264465.08078,629.22222,1975.69229,2998.17376,281.66667,4.48001,144.86965,1417.55556,720.58477,1895.29556,197.a_5,4249.91427,1565.38889,639.18504,349.3701,27843.95807,501.33333,1.0,1.0,517.53333,22600.72127,51.24928,137.55556,276.60229,10.90726,1.0,1.40977,22.16667,32.35193,73.23286,197.i_5
74272.06776,15238.04004,8558.61797,8536.9568,400179.29217,1673.40022,3.8,1.0,5964.2754,258671.58078,574.0,1909.19229,2994.89598,233.72222,1.87112,159.14742,1747.72222,769.4181,1844.35112,197.a_6,4244.96983,1433.94444,558.62949,329.26634,28033.06918,747.88889,1.0,1.0,509.08889,21343.94349,47.36039,137.77778,300.82451,9.53587,1.0,1.20489,24.16667,32.13999,71.73286,197.i_6
77205.12332,14784.7067,8061.39575,9374.84569,433378.0144,1511.32439,3.57778,9.17021,5477.94206,254172.52523,558.77778,1980.85895,3151.67376,285.94444,2.81335,130.36965,1580.38889,773.52921,1832.85112,197.a_7,4442.96983,1391.66667,546.07393,317.00463,29965.34696,1337.72222,1.0,1.0,490.86667,20770.72127,48.24928,143.94444,290.7134,10.29309,1.0,4.04177,22.22222,29.91777,99.95508,197.i_7
80826.28998,13973.54004,7476.17353,9707.12347,499135.73662,762.45577,1.74444,1.77896,5546.21984,249988.19189,592.33333,1961.13673,2822.95154,412.5,1.76223,130.31409,1415.72222,691.36254,1893.24001,197.a_8,3917.46983,1348.16667,530.7406,285.37745,24773.73585,1202.0,1.0,1.0,443.97778,20039.99905,47.02706,122.72222,274.49118,13.68504,1.0,1.95666,22.16667,34.29638,93.34397,197.i_8
85252.95665,14461.48448,7084.34019,11019.23458,469943.73662,848.84466,2.31111,1.77896,5769.94206,244052.41412,538.05556,2045.13673,2733.17376,414.61111,3.53779,153.20298,1615.77778,777.25143,1978.29556,197.a_9,4442.85872,1367.33333,576.68504,388.54412,30156.06918,990.55556,1.0,1.0,506.42222,19361.88794,51.58261,144.38889,313.49118,10.29615,1.0,3.80221,21.05556,31.74082,77.78842,197.i_9
125515.45047,4595.76226,12281.59234,4078.13973,231062.79137,381.06345,8.03667,2.54478,232.09093,567392.37249,36.24405,2067.53367,125.71311,331.64778,1.0,706.44462,725.44444,2705.78448,9493.03416,198.a_0,7041.66849,966.55226,842.61377,239.58094,14551.45292,106.23798,1.0,1.0,102.94763,37333.27077,6.28778,148.9989,44.11111,23.16667,1.0,21.71935,30.88559,103.61251,453.0577,198.i_0
121539.06158,4466.26226,12427.20345,3755.25084,227555.56915,383.06345,6.07167,1.0,248.53537,554949.59471,37.91072,1893.20034,135.602,340.64778,1.0,687.05573,464.16667,2794.45114,9205.4786,198.a_1,7091.05738,681.71892,821.50265,135.96348,14577.61958,212.13738,1.0,1.0,92.05874,35999.71521,4.24667,156.22112,33.16667,26.83333,1.0,22.56519,41.40447,128.16806,494.33548,198.i_1
125411.67269,4254.54004,12544.259,3794.13973,232182.5136,691.45234,6.32889,1.37811,265.20204,547362.42805,34.13294,1956.47811,147.93533,355.20334,1.0,742.27795,400.83333,2759.5067,9738.03416,198.a_2,6978.00182,771.71892,778.00265,95.08372,14312.17514,451.04203,1.15222,1.44651,102.94763,34751.04854,5.92556,145.11001,38.5,25.5,1.0,15.5902,19.79336,135.44584,473.39103,198.i_2
122051.67269,4559.31781,12583.59234,3920.63973,234517.12471,315.34123,6.84945,1.0,238.64648,541074.37249,42.79961,1973.14478,148.26867,311.48111,1.0,691.27795,472.05556,2594.39559,8777.4786,198.a_3,6749.16849,794.9967,738.50265,114.32777,13713.45292,117.40728,1.0,1.44651,98.28096,32675.99299,6.25889,144.66557,35.33333,22.33333,1.10889,15.21381,13.33113,115.16806,345.66881,198.i_3
116288.22825,4728.48448,12100.20345,3468.80639,224299.29137,308.4788,6.25889,1.0,203.25759,533435.76138,42.46628,1842.867,126.32422,341.81445,1.0,673.44462,410.83333,2491.45114,8843.03416,198.a_4,6501.94627,802.05226,735.33599,100.98531,13224.89736,106.84384,1.0,1.14884,91.61429,31217.21521,5.44,136.72112,52.83333,17.83333,1.0,12.86797,13.94279,121.77917,328.00214,198.i_4
118447.39491,4579.7067,11889.31456,4145.19528,228647.84693,213.11725,6.21778,1.75622,262.75759,526207.20582,38.13294,1819.42256,135.71311,347.25889,1.0,704.38906,540.5,2665.17337,8645.31193,198.a_5,6896.61293,750.60781,729.55821,156.68571,13756.50847,251.64526,1.0,1.0,81.61429,30095.71521,4.28778,146.44334,38.22222,14.38889,1.0,9.96105,14.14613,87.61251,311.0577,198.i_5
117320.56158,4283.92893,12471.59234,3701.30639,227016.45804,163.45234,6.51611,1.75622,226.25759,523415.4836,38.46628,1955.75589,138.04644,381.14778,1.0,685.16684,597.66667,2661.67337,9447.70082,198.a_6,6929.7796,586.88559,706.00265,96.32777,13333.06403,421.08708,1.0,1.0,74.16985,29374.43743,4.73834,142.22112,31.88889,19.72222,1.0,10.20131,7.05391,66.11251,276.33548,198.i_6
121483.33936,4457.09559,12328.53678,3479.25084,221174.68026,235.28567,4.81445,1.75622,209.53537,519490.03916,34.46628,1834.92256,142.102,399.09223,1.0,709.50017,585.05556,2550.5067,9768.92304,198.a_7,6618.05738,646.4967,677.4471,133.96983,13059.06403,400.24587,1.0,1.0,77.83652,28664.21521,4.42778,131.88779,27.5,17.88889,1.0,4.28331,1.12945,58.05695,270.44659,198.i_7
119451.00603,4183.76226,11762.259,3130.69528,215146.5136,249.67456,8.59223,1.75622,222.09093,516331.92805,29.13294,1891.25589,141.26867,339.25889,1.0,732.22239,483.0,2788.39559,9035.14527,198.a_8,6557.2796,457.66337,619.33599,107.28769,12343.17514,271.59496,1.0,1.0,60.61429,28152.99299,3.65611,106.88779,18.77778,11.27778,1.0,6.54161,2.38834,52.0014,250.16881,198.i_8
117874.67269,4302.26226,12271.53678,3982.52862,232647.95804,179.89678,8.37,4.84578,227.70204,513127.4836,37.91072,1920.81145,122.04644,331.98111,1.0,709.50017,686.94444,2658.0067,8895.92304,198.a_9,6767.11293,638.4967,651.33599,89.17658,12791.06403,262.48122,1.0,1.0,72.28096,27695.43743,4.65611,123.88779,30.61111,13.83333,1.32667,11.22632,2.77668,70.16806,261.50214,198.i_9
74308.16189,7993.12846,23889.36969,5706.44451,717819.6952,740.28951,7.30074,2.42709,2958.93557,704385.86327,262.52297,1413.88779,994.36667,232.61111,1.0,3406.94157,280.83333,389.15959,7446.78889,199.a_0,1686.57141,496.83333,611.84896,39.97065,12234.55197,607.61933,1.0,1.0,129.95863,15111.77345,15.0918,34.68068,75.5,7.04669,1.0,26.05573,2.16502,3.56469,190.63424,199.i_0
80106.71745,8319.29513,26156.59192,5835.88896,743774.02853,1103.84507,6.76914,3.76738,3090.49113,688663.19661,295.13408,1485.94334,1061.31111,225.38889,1.0,3661.16379,244.27778,441.60404,7641.34444,199.a_1,1595.9603,488.5,586.62673,46.66553,11963.10752,558.286,1.0,1.0,113.06974,14471.05122,10.86958,30.06957,93.0,6.82545,1.0,18.00631,1.90612,6.15944,177.13424,199.i_1
71284.82856,7883.73958,22547.09192,5627.00007,647235.86187,1161.51174,4.96741,5.19447,2993.7689,669420.75216,273.63408,1424.77668,945.86667,185.72222,1.0,3135.05268,294.61111,416.71515,6639.9,199.a_2,1565.07141,399.77778,584.96007,32.74929,11718.8853,221.34156,1.0,1.0,114.7364,13788.329,9.53624,24.56957,56.33333,4.13248,1.0,15.33035,2.90612,3.95358,156.63424,199.i_2
75256.55078,8195.29513,25598.42525,6241.16673,692171.97298,1229.12285,5.31671,1.08681,2985.7689,643873.14105,281.3563,1426.9989,1014.36667,209.05556,2.55556,3240.99712,324.22222,456.10404,7324.95556,199.a_3,1631.18252,426.16667,602.40451,26.49943,11433.99641,289.17489,1.0,1.0,113.06974,13252.27345,7.31402,32.53715,53.66667,6.46582,1.0,16.09271,3.90612,3.59475,206.96758,199.i_3
74925.88411,7350.68402,23137.86969,5339.8334,641750.02853,952.01174,5.86428,3.59376,2792.10224,620491.86327,260.07852,1483.22112,1005.92222,179.11111,3.33333,3150.21935,243.22222,395.10404,7581.84444,199.a_4,1397.57141,338.27778,486.23784,20.13846,9715.8853,297.34156,1.0,2.58558,105.95863,12632.71789,6.73485,24.87049,46.88889,3.5789,1.0,9.38591,2.64723,2.61568,150.41202,199.i_4
73386.43967,7664.29513,22976.03636,5396.77785,682435.1952,1208.73396,6.75317,4.93404,2812.38001,605425.02994,274.18963,1371.44334,1064.58889,190.11111,3.33333,3181.55268,214.5,364.54848,7715.78889,199.a_5,1397.18252,566.55556,539.01562,1.0,10147.44086,866.34156,1.0,1.0,104.18085,12170.49567,12.31402,37.23624,64.0,5.71631,1.0,13.50631,5.03557,1.73136,156.41202,199.i_5
68259.82856,6978.18402,20518.42525,4193.50007,579967.30631,775.06729,7.41186,1.08681,2671.7689,591941.19661,252.07852,1299.11001,952.47778,142.77778,1.77778,2924.21935,294.66667,391.04848,6728.45556,199.a_6,1484.79363,430.22222,545.90451,1.0,9985.16308,781.95267,1.0,1.0,98.29196,11818.71789,8.64735,29.33114,61.77778,3.43755,1.0,15.67297,3.64723,5.12025,158.07869,199.i_6
64085.60634,6780.40624,19052.75858,4554.94451,586422.6952,986.73396,3.87227,4.76043,2676.21335,574554.14105,263.30074,1232.66557,832.47778,163.5,1.77778,3232.94157,184.77778,425.60404,7203.78889,199.a_7,1346.40474,256.38889,457.62673,8.61083,9188.99641,813.00822,1.0,1.0,96.84752,11572.05122,9.98069,25.2918,47.72222,2.60815,1.0,8.11426,2.03557,1.34247,137.52313,199.i_7
65330.49523,7033.01735,19184.81414,3876.00007,568258.36187,1358.78951,6.65004,1.08681,2545.71335,565027.25216,251.07852,1283.33223,894.36667,140.44444,2.55556,2868.05268,239.16667,474.93737,6256.34444,199.a_8,1364.73807,307.0,535.18229,7.36097,9727.94086,650.67489,1.0,2.58558,90.95863,11388.38456,7.93345,35.22003,44.44444,2.69099,1.0,10.51244,5.40667,7.23136,141.96758,199.i_8
63092.05078,6889.90624,20018.92525,4735.88896,546905.52853,933.28951,4.98338,1.26043,2535.15779,552731.52994,250.18963,1324.9989,784.58889,192.16667,1.0,2721.44157,256.16667,395.04848,6595.73333,199.a_9,1327.29363,326.22222,479.40451,4.80541,9536.44086,790.45267,1.0,1.0,91.29196,11188.77345,8.0918,26.53715,69.16667,2.99507,1.0,12.10813,1.90612,1.73136,139.96758,199.i_9
14236.93506,2214.52131,6692.70477,1629.60741,47919.04665,579.27778,16.55556,11.32011,567.14668,62007.33795,3.58683,755.56957,106.89598,314.08261,1.0,862.64668,1790.22222,2060.51258,8338.30564,200.a_0,1607.32334,218.12723,296.46624,1.0,4693.02884,11.41101,1.0,1.0,127.67059,4001.84326,1.0,43.21902,4.49352,7.34945,1.0,12.62176,14.36039,23.74525,392.10967,200.i_0
15600.99061,2470.35464,6930.92699,1503.27408,48077.99109,521.72222,10.83333,7.10229,551.70224,60758.94906,6.09449,646.06957,124.78487,269.36039,1.0,779.09113,1216.77778,1746.2348,6517.8612,200.a_1,1623.43445,183.84945,324.52179,1.0,4708.75106,49.18502,1.0,1.0,121.89281,3645.2877,1.0,38.16346,6.98982,7.94,1.0,7.90466,6.84542,20.70541,402.38745,200.i_1
15909.26839,2456.9102,6565.42699,1028.66297,52435.26887,353.5,14.0,17.4224,600.14668,59632.06017,6.64206,586.01402,116.89598,245.02706,1.0,736.25779,844.27778,1776.90147,8506.69453,200.a_2,1654.49,197.96056,300.35512,1.0,4784.30661,7.94068,1.0,1.0,134.7817,3425.17659,1.0,52.27457,2.99445,6.42556,1.0,12.47243,2.58261,22.28753,407.66523,200.i_2
15123.99061,2275.07686,6829.76033,1565.16297,45639.1022,632.61111,8.11111,14.82011,529.75779,58453.06017,4.11844,607.95846,112.61821,255.41595,1.0,782.3689,1026.38889,1822.40147,7486.8612,200.a_3,1366.15667,134.34945,252.02179,1.0,4063.6955,40.18879,1.0,1.08681,118.67059,3252.12103,1.02868,45.44124,1.33241,6.545,1.0,5.34043,11.1517,19.6317,371.10967,200.i_3
14791.3795,2307.52131,6611.48255,1263.32964,54012.87998,406.94444,16.0,13.20459,583.81335,57597.06017,4.56288,676.23624,117.28487,275.86039,1.0,853.59113,619.5,2064.29036,9372.47231,200.a_4,1544.10112,218.29389,256.57735,2.45938,4483.97328,45.71468,1.0,1.0,116.33725,3136.62103,1.0,43.66346,4.66296,7.59223,1.0,8.3491,1.0,14.38292,342.44301,200.i_4
14598.32394,2508.79909,6430.64922,1353.77408,47642.93554,390.44444,11.44444,8.26896,558.31335,56692.72684,3.67399,586.95846,153.11821,224.80484,1.0,668.09113,883.77778,1661.95702,8151.91675,200.a_5,1477.87889,185.79389,282.68846,1.72969,4285.36217,79.18879,1.0,1.0,129.00392,3058.06548,1.0,47.21902,4.21759,7.25889,1.0,9.98976,3.37392,18.72953,400.22078,200.i_5
14448.04617,2196.29909,6384.59366,1575.4963,45839.65776,819.72222,11.38889,14.90976,516.48001,55493.11573,4.77712,602.18068,104.28487,268.24928,1.83333,771.92446,1029.33333,1776.06814,8261.41675,200.a_6,1317.82334,164.62723,242.79957,1.72969,3976.41772,1.0,1.0,1.08681,116.44836,2905.89881,1.0,42.55235,3.77222,6.66223,1.0,9.99843,4.4715,12.9252,353.88745,200.i_6
13123.99061,2452.29909,6061.14922,1567.88519,50971.49109,236.38889,11.55556,21.46091,562.92446,53728.83795,3.45177,699.23624,117.84043,259.24928,1.83333,808.98001,852.11111,2097.06814,8015.97231,200.a_7,1302.87889,187.01612,253.79957,3.91876,3957.91772,1.0,1.0,1.0,114.67059,2811.56548,1.0,38.44124,7.2713,6.405,1.0,5.73799,2.58261,12.9252,350.8319,200.i_7
12858.93506,1994.13242,6304.92699,1572.94075,44731.99109,480.77778,14.55556,14.37125,511.14668,53100.22684,6.34066,655.90291,85.0071,248.86039,1.83333,835.53557,944.22222,2134.17925,8840.41675,200.a_8,1240.32334,143.29389,220.1329,1.72969,3772.91772,70.38135,1.0,1.0,110.11503,2722.06548,1.0,38.24697,9.54723,4.17667,1.0,4.14421,1.0,5.44932,301.44301,200.i_8
13116.21283,2229.68797,6401.09366,1745.94075,44856.82442,285.72222,12.0,12.39712,499.75779,52022.06017,2.92017,615.12513,84.61821,224.91595,1.0,665.31335,947.16667,1777.34591,8033.75009,200.a_9,1325.04556,160.62723,242.02179,1.0,3718.08439,77.13323,1.0,1.0,107.33725,2622.7877,1.0,39.60791,3.43982,4.30222,1.0,9.15643,1.0,15.50731,383.88745,200.i_9
11904.0545,6035.44114,6641.24194,2445.48644,73934.25494,133.90923,4.14239,7.84444,1346.52525,56012.1652,12.11111,395.4989,176.5464,223.72222,1.0,1104.54643,260.38559,580.10893,3153.5543,201.a_0,681.60021,319.16667,116.87294,1.0,2498.31347,69.26839,1.0,1.0,188.30091,937.67778,2.22222,25.11111,23.39598,3.05556,1.0,1.3615,1.94444,1.35691,55.01111,201.i_0
11445.44339,5939.27448,6390.74194,2154.042,67304.64383,144.24256,4.57885,13.15556,1219.80303,52288.22075,12.55556,463.94334,151.21306,133.44444,1.0,1155.49087,204.10781,592.22004,3046.44319,201.a_1,629.60021,272.55556,116.87294,1.0,2420.81347,226.40923,1.0,1.0,181.74535,866.32222,1.5,10.5,21.00631,3.05556,1.0,1.80594,2.88889,1.0,48.78889,201.i_1
11051.11006,5492.05226,6113.63083,1740.98644,65676.3105,185.6784,4.12642,11.98889,1174.30303,49478.44298,13.0,442.77668,185.82417,139.55556,1.0,995.15754,218.94114,527.05337,2828.22096,201.a_2,668.43354,323.05556,134.53961,1.0,2513.20236,171.28951,1.0,1.0,204.85646,811.51111,1.88889,9.11111,15.00512,2.33333,1.0,2.61188,6.77778,1.71383,48.4,201.i_2
11637.22117,5865.21892,6226.7975,1681.76422,66585.86605,136.99061,2.17432,7.72222,1231.52525,47697.38742,14.0,421.61001,173.43528,173.22222,1.0,983.65754,231.66337,520.05337,2592.60985,201.a_3,714.9891,334.22222,129.20628,1.0,2711.09125,349.25117,1.0,1.0,197.63424,738.34444,2.16667,11.38889,21.06147,3.11111,1.0,1.54224,8.61111,1.0,46.23333,201.i_3
11060.0545,5236.77448,6072.40861,2156.37533,63337.19939,228.08451,3.80107,15.08889,1174.63636,46726.6652,12.22222,402.16557,216.82417,180.0,1.97507,944.60198,221.77448,536.3867,2686.94319,201.a_4,612.60021,288.77778,119.53961,3.73705,2300.20236,350.54616,1.0,1.0,161.30091,717.4,2.22222,13.61111,15.45036,3.61111,1.0,1.3615,2.94444,1.0,45.84444,201.i_4
11542.44339,5720.16337,6407.85306,2066.042,67122.69939,156.19562,2.37259,7.72222,1219.02525,46103.60964,14.0,475.11001,217.10195,177.83333,1.32502,993.76865,227.83003,545.3867,2719.77652,201.a_5,674.21132,280.66667,126.31739,6.29261,2400.42458,235.65728,1.0,1.0,184.52313,691.28889,2.05556,17.0,21.22892,3.44444,1.0,1.18075,1.0,1.71383,51.4,201.i_5
11091.11006,5356.33003,6063.35306,2584.81978,65853.92161,204.12285,3.79309,15.61111,1210.85858,45549.44298,14.77778,455.61001,212.43528,200.33333,1.0,1078.8242,226.83003,522.27559,2780.77652,201.a_6,636.65576,340.33333,130.53961,10.27224,2424.98013,181.56338,1.0,1.0,202.85646,623.4,1.83333,11.5,25.61821,1.94444,1.0,1.0,8.66667,1.35691,48.67778,201.i_6
10907.94339,5760.66337,6302.2975,1970.70867,64878.86605,246.90923,3.91218,14.04444,1258.52525,45158.88742,14.33333,476.33223,230.87973,204.16667,1.32502,1007.21309,319.88559,562.66448,3030.99874,201.a_7,673.60021,230.22222,119.31739,1.0,2155.09125,145.32394,1.0,1.0,167.85646,623.28889,1.44444,19.61111,22.34003,2.72222,1.0,1.80594,1.0,1.0,48.56667,201.i_7
11164.38783,5806.44114,6253.18639,2094.48644,65929.53272,46.982,3.11046,32.46667,1254.24747,44821.55409,13.11111,497.61001,231.15751,239.83333,1.0,959.3242,464.21892,527.55337,2852.10985,201.a_8,628.37798,213.0,132.09517,1.0,2333.1468,83.00782,1.0,1.0,157.41202,591.56667,1.38889,17.83333,13.72774,3.16667,1.32502,2.43113,3.83333,1.35691,44.67778,201.i_8
10813.83228,5674.33003,6005.24194,1985.98644,65395.86605,415.62285,4.12642,19.11111,1218.85858,44288.49853,13.55556,419.83223,189.71306,181.55556,1.0,992.37976,263.27448,537.33115,2768.83208,201.a_9,690.15576,264.27778,124.98406,3.73705,2547.31347,213.64006,1.0,1.0,207.07869,544.4,1.5,14.72222,16.06107,3.16667,1.0,1.3615,1.94444,2.46803,48.56667,201.i_9
51701.23029,3218.44444,2331.10625,1765.2144,142058.99281,451.91893,3.11111,1.0,681.12234,109822.62737,11.61304,253.0689,27.15026,212.07852,1.0,71.68889,81.0,301.273,797.9483,220.a_0,1552.21798,84.21892,60.56619,3.05832,3481.63465,76.62363,1.0,1.0,75.26354,5295.73114,1.0,8.93296,4.00723,13.16667,1.0,1.42601,1.0,1.0,20.95556,220.i_0
50778.06363,3096.16667,2250.32847,1742.10329,138872.82614,605.11788,2.61111,2.04363,656.17789,104368.9607,11.61304,247.95779,33.42804,155.80074,1.0,100.35556,116.61111,343.88411,748.89275,220.a_1,1498.16242,59.8117,77.56619,10.8361,3408.46799,51.20031,1.0,1.0,85.59688,5159.3978,1.0,8.02786,8.48446,14.16667,1.0,1.71002,1.0,1.0,16.87778,220.i_1
47917.89696,3154.66667,2128.10625,1674.93662,127049.8817,1160.29355,3.61111,1.0,693.01123,100486.62737,10.83526,254.12446,55.26137,199.96741,1.0,71.3,133.33333,264.32856,708.05941,220.a_2,1666.38464,70.05226,85.23286,9.3097,3822.96799,39.13615,1.0,1.0,75.37465,4991.56447,1.0,8.35427,7.26223,18.61111,1.0,1.71002,1.0,1.0,24.63333,220.i_2
48522.3414,2996.83333,2340.77291,1878.93662,136833.8817,899.01577,2.33333,3.08726,636.789,98247.62737,12.39082,235.68001,49.76137,178.18963,1.0,83.46667,108.61111,289.71745,857.00386,220.a_3,1521.4402,72.10781,76.12175,9.75138,3670.5791,19.71753,1.0,1.0,74.15243,4823.73114,1.0,11.28251,6.88973,19.27778,1.0,1.28401,1.0,1.0,28.74444,220.i_3
46381.00807,2762.16667,2079.88403,1917.49218,134448.82614,356.57133,4.44444,2.04363,598.67789,93418.62737,11.94637,275.40223,46.26137,165.02297,1.0,108.02222,93.77778,289.05078,736.89275,220.a_4,1325.99575,58.94114,108.01064,1.0,3251.19021,3.27308,1.0,1.77896,78.8191,4587.78669,1.0,5.82878,7.19029,16.0,1.0,1.42601,2.88889,1.0,27.87778,220.i_4
45274.89696,2645.72222,2198.99514,1631.04773,125031.8817,408.08935,4.0,1.0,604.84456,90612.51626,9.61304,205.84668,39.81693,160.68963,1.0,70.52222,150.05556,270.88411,730.4483,220.a_5,1398.66242,54.83003,74.12175,1.0,3349.63465,3.27308,1.0,1.0,75.59688,4377.73114,1.0,5.40054,7.19029,16.55556,1.0,3.64824,1.94444,1.0,23.94444,220.i_5
43302.89696,2892.94444,1950.93958,1355.04773,116770.82614,1578.98349,3.27778,1.0,593.789,86320.23848,7.06344,204.62446,36.20582,146.13408,1.0,54.91111,117.55556,258.10633,667.00386,220.a_6,1331.32909,56.9967,69.56619,1.0,3112.52354,2.94836,1.0,1.0,71.8191,4241.56447,1.0,8.84499,7.23946,19.5,1.0,1.0,1.0,1.0,15.04444,220.i_6
43197.67474,2689.38889,2000.38403,1398.88107,119896.60392,705.33484,3.05556,1.0,578.67789,84040.12737,7.94935,187.29112,40.48359,146.68963,1.0,81.07778,111.66667,296.71745,781.33719,220.a_7,1155.60687,48.66337,56.12175,1.0,2745.13465,18.74335,1.0,1.77896,68.93021,4126.06447,1.0,6.73388,8.13473,14.83333,1.0,2.3149,6.66667,1.0,10.52222,220.i_7
41162.73029,2605.61111,1880.43958,1357.65884,116645.99281,714.30256,2.11111,1.0,544.789,80782.40515,5.94637,180.45779,38.98359,159.91186,1.0,73.3,91.94444,293.21745,699.17052,220.a_8,1254.66242,47.88559,76.89953,1.0,2861.02354,10.0892,1.0,1.0,64.8191,4000.3978,1.0,17.14826,11.84057,15.44444,1.0,1.42601,1.94444,8.30391,18.63333,220.i_8
42314.8414,2400.11111,1727.10625,1424.76996,115117.3817,141.20946,2.27778,1.0,545.34456,78078.29404,6.07238,186.95779,45.26137,185.91186,1.0,120.96667,79.05556,285.66189,604.9483,220.a_9,1314.10687,50.77448,75.34397,1.0,2960.19021,5.43584,1.0,1.0,65.70799,3906.00891,1.0,8.52786,3.1639,16.05556,1.0,2.3149,1.0,1.26307,17.24444,220.i_9
18299.03961,24637.21892,3031.14065,1243.80124,62255.65224,215.77778,9.88889,1.0,3692.77545,328469.39112,1832.8563,1783.16557,242.4324,1395.05556,1.0,64.18889,359.76226,1901.99451,752.71346,221.a_0,1035.99296,309.24353,233.61797,23.31014,2070.62832,2.62363,1.30445,1.54236,46.4032,14843.87177,24.66667,19.40549,18.0,40.75889,1.0,2.12915,5.72222,50.44828,41.46758,221.i_0
18414.37294,20485.66337,3189.75176,1424.30124,60032.70779,182.94444,9.88889,1.0,2984.71989,303093.89112,1647.52297,1351.44334,270.26574,1517.22222,1.0,61.74444,597.15115,1612.27229,898.54679,221.a_1,919.15963,306.13242,247.34019,19.67961,2020.96165,3.27308,1.15222,1.27118,52.84764,14387.03843,23.55556,11.12771,24.38889,36.20334,1.0,2.64166,2.88889,47.11494,40.13424,221.i_1
15794.87294,21715.60781,3270.86287,1243.91235,52535.43001,219.94444,9.33333,1.0,2841.10878,285595.89112,1913.52297,1378.27668,171.15463,1642.55556,1.0,74.57778,533.2067,1964.77229,846.26901,221.a_2,868.99296,279.96575,203.56242,3.89536,2017.96165,2.62363,1.15222,1.0,43.62542,14155.81621,28.11111,14.2298,16.77778,29.70334,1.0,1.75277,1.0,26.06801,31.74535,221.i_2
15988.09517,17917.88559,3122.30732,1264.52346,49867.37446,193.22222,12.11111,1.0,2402.55322,271803.00223,1761.18963,1252.88779,255.82129,1565.05556,1.0,67.74444,662.76226,1506.93895,901.76901,221.a_3,903.04852,305.29909,204.67353,1.0,1866.90609,1.64945,1.0,1.0,46.84764,13961.48288,25.44444,20.68778,22.11111,34.37,1.0,2.19721,1.0,40.82439,74.00641,221.i_3
15524.15072,16467.60781,3463.64065,1411.52346,48746.59668,240.44444,8.88889,1.93245,2160.49767,256017.78001,1366.18963,1027.4989,171.37685,1552.33333,1.0,60.52222,625.2067,1328.43895,861.82457,221.a_4,876.49296,292.07686,174.89575,1.67961,2007.73943,2.94836,1.0,1.0,50.95875,13809.03843,34.77778,18.18778,12.22222,33.92556,1.0,2.57359,5.88889,33.49968,27.80091,221.i_4
14504.15072,15551.33003,3465.36287,1566.24569,42537.65224,197.27778,6.66667,1.93245,2108.16433,244435.00223,1034.57852,942.61001,144.82129,1536.5,1.0,68.07778,708.2067,1376.32784,872.71346,221.a_5,898.49296,281.9102,202.9513,12.35275,1895.40609,3.59781,1.0,1.0,48.95875,13593.81621,28.22222,14.56314,21.66667,34.14778,1.0,1.75277,5.77778,46.78161,81.91202,221.i_5
13709.03961,13506.27448,3158.52954,1509.80124,41116.59668,189.11111,7.66667,1.0,2057.10878,236960.55779,955.91186,927.27668,161.4324,1487.61111,1.0,55.8,543.87337,1152.32784,863.76901,221.a_6,884.38185,270.02131,204.9513,9.06203,2020.79498,2.2989,1.0,1.0,42.06986,13378.26066,26.66667,9.99856,8.77778,27.87,1.0,2.94998,1.0,27.94412,80.76747,221.i_6
14040.15072,14270.55226,2988.19621,1414.41235,39794.04113,209.66667,8.0,1.0,1954.88656,231835.94668,978.02297,997.38779,188.15463,1572.94444,1.0,57.18889,654.87337,1060.99451,989.49124,221.a_7,891.60407,257.85464,165.34019,1.0,2032.57276,6.73474,1.0,1.0,41.73653,13173.31621,30.0,11.90549,11.11111,29.48111,1.0,1.75277,1.0,27.84579,70.56197,221.i_7
14161.76183,15487.60781,3152.5851,1775.52346,41713.87446,242.55556,11.11111,1.0,1799.10878,227365.11335,880.3563,835.83223,209.15463,1568.77778,1.0,41.07778,743.04004,1105.32784,920.21346,221.a_8,839.65963,214.29909,154.56242,1.0,1991.0172,1.97418,1.07611,1.0,44.51431,13005.03843,23.88889,10.45654,1.33333,30.48111,1.0,1.0,1.0,19.7219,70.57869,221.i_8
13473.65072,14815.71892,2826.25176,1463.24569,42114.59668,195.22222,7.66667,1.0,1990.38656,222799.33557,1218.30074,1013.33223,178.09907,1384.22222,1.0,51.3,749.98448,1272.10562,864.76901,221.a_9,770.88185,253.68797,181.22908,1.0,1841.68387,10.84585,1.0,1.0,46.84764,12890.09399,29.55556,16.55412,12.88889,30.53667,1.0,2.50553,2.88889,29.69189,33.85646,221.i_9
18941.36949,19138.81781,2671.30562,347.04394,58518.6704,184.74385,10.24477,2.8649,1669.02838,339626.72893,845.33333,2147.77668,153.26137,1960.91595,1.0,393.71935,498.94444,3047.38713,1296.84246,222.a_0,786.40319,537.4967,150.88454,1.0,1719.15409,36.51865,1.0,1.0,39.81452,12757.54366,29.28319,50.05556,6.38889,40.20334,1.0,2.58048,1.90612,80.50817,12.99577,222.i_0
16095.59172,18541.81781,2459.13895,442.54394,51906.55929,168.05506,4.24026,3.79735,1953.91727,316919.56226,1110.66667,1855.38779,161.26137,1931.4715,1.0,317.83046,363.27778,1925.72047,1114.28691,222.a_1,757.34763,342.40447,128.4401,1.0,1580.70964,2.68522,1.0,1.0,29.57174,11859.71033,23.61653,42.61111,6.66667,29.37,1.0,2.88292,2.51779,61.95262,9.73135,222.i_1
15223.31394,22255.92893,2449.13895,367.71061,47342.05929,160.71796,5.68471,3.79735,1688.52838,300514.95115,849.55556,1753.38779,170.76137,1783.63817,1.0,315.55268,307.83333,1951.49824,995.84246,222.a_2,748.34763,268.6267,148.32899,1.0,1627.54298,66.61131,1.0,1.0,26.92563,11324.21033,20.72764,43.16667,6.72222,30.64778,1.0,1.71002,1.90612,46.46142,10.97573,222.i_2
14918.09172,22917.2067,2338.19451,378.15506,47114.1704,137.46608,4.09061,7.52716,1543.91727,288684.56226,892.88889,1820.72112,135.42804,1907.52706,1.0,338.94157,352.33333,1796.16491,979.95357,222.a_3,738.45874,181.47891,130.99565,1.0,1544.20964,36.14831,1.0,1.0,17.55118,10673.43255,16.50542,30.55556,5.61111,23.20334,1.0,1.28401,4.29446,52.95262,7.49577,222.i_3
15211.42505,16058.7067,2803.91673,295.43283,49534.44818,307.96608,9.7663,1.93245,1554.08393,279641.95115,708.94444,1562.4989,117.42804,1679.63817,1.0,398.21935,331.55556,2492.5538,893.84246,222.a_4,679.68097,128.05281,125.21787,1.0,1453.65409,42.31498,1.0,1.0,11.32896,10158.76589,17.94986,26.27778,4.38889,21.37,1.0,1.142,2.64723,49.68364,4.03796,222.i_4
14517.42505,13973.37337,2406.02784,291.25755,45498.28151,199.71796,6.72776,4.7298,1288.30616,268384.17337,635.38889,1485.9989,145.76137,1602.02706,1.0,338.44157,310.66667,2190.60936,909.00913,222.a_5,673.45874,37.27503,99.66232,1.0,1492.09853,4.37044,1.0,1.0,5.93394,9796.76589,12.94986,33.55556,3.11111,19.42556,1.0,1.42601,2.38834,38.34151,6.36462,222.i_5
13291.4806,22076.65115,2097.80562,332.64644,44018.83706,147.61062,2.35137,1.0,1506.19504,259930.28449,768.44444,1650.83223,136.87248,1760.08261,1.0,266.7749,279.11111,1800.16491,878.39802,222.a_6,666.40319,51.20114,106.66232,1.0,1367.65409,7.74087,1.0,2.11111,5.6706,9523.65478,13.83875,27.61111,4.66667,19.37,1.0,1.28401,1.12945,39.54339,2.70463,222.i_6
12904.75838,16267.76226,2120.08339,305.76617,40429.72595,201.13274,5.02706,2.8649,1453.13949,252929.34004,666.33333,1513.72112,186.81693,1669.63817,1.0,314.49712,300.88889,1751.49824,853.73135,222.a_7,658.62541,52.57114,113.77343,1.0,1400.59853,1.0,1.0,1.0,5.99562,9250.93255,13.83875,22.83333,4.61111,16.09223,1.0,1.28401,3.42391,47.52578,3.42685,222.i_7
13016.92505,13298.42893,2515.13895,293.56504,40731.05929,140.74762,3.5781,12.19824,1053.41727,240755.72893,596.61111,1314.66557,109.37248,1483.9715,1.0,252.16379,305.83333,1750.49824,781.34246,222.a_8,650.95874,69.88559,111.99565,1.0,1333.87631,41.94464,1.0,2.11111,6.66229,8972.26589,14.83875,22.0,6.05556,17.25889,1.0,1.28401,1.25889,35.85912,3.98241,222.i_8
13129.9806,11237.48448,2219.25006,266.98839,41087.05929,199.13274,5.58261,4.7298,1315.7506,231887.72893,555.16667,1448.33223,90.66226,1478.4715,1.0,235.71935,273.16667,1591.60936,951.39802,222.a_9,624.95874,38.14558,105.21787,1.0,1275.87631,25.5002,1.0,1.0,6.46063,8815.21033,11.06097,30.05556,4.66667,16.70334,1.0,1.0,1.90612,29.561,3.25351,222.i_9
10403.35356,15088.65952,2520.68671,832.81241,35126.42786,127.55556,4.53893,1.0,1563.83965,299203.24589,1220.77778,1444.0,196.76896,2048.83333,1.0,524.81335,389.54004,998.73442,775.62673,223.a_0,621.22092,413.33003,124.82269,1.0,962.63139,4522.73396,1.0,1.0,17.41448,7894.66795,17.4306,29.74784,4.11111,29.12358,1.0,9.44444,1.41763,70.4105,7.58344,223.i_0
10663.35356,7602.15952,2505.68671,641.92352,34169.42786,119.55556,4.65004,1.57881,1035.61743,256952.357,547.16667,800.61111,142.32451,1962.05556,1.0,293.42446,470.59559,938.84553,768.46007,223.a_1,471.38759,231.55226,128.26714,1.0,859.07583,5329.35368,1.0,1.0,17.52559,7307.05684,13.65282,24.52562,6.33333,21.79025,1.0,3.84444,1.83526,41.73766,16.16988,223.i_1
9584.18689,7334.32618,2529.79782,675.53463,31940.2612,78.55556,7.75317,1.09647,870.06187,243308.52366,535.5,784.33333,124.76896,1741.77778,1.0,270.8689,501.26226,869.67886,708.2934,223.a_2,488.94314,256.71892,148.9338,1.0,873.29806,4315.73396,1.0,1.0,17.41448,7028.83462,13.98615,24.41,3.16667,19.51247,1.0,5.35556,1.0,33.18211,5.86744,223.i_2
10001.74244,6666.60396,2406.63115,551.59019,34421.92786,164.72222,5.32469,1.19294,706.72854,234545.857,399.55556,766.72222,70.60229,1870.33333,1.0,309.03557,429.26226,828.06775,734.84896,223.a_3,452.16536,204.44114,125.60047,1.0,799.63139,1921.92645,1.0,1.0,16.85892,6855.6124,13.54171,22.02562,4.44444,21.01247,1.0,4.37778,2.67052,38.07408,13.0341,223.i_3
9691.35356,8404.10396,2535.63115,672.97908,30975.03898,121.55556,7.21358,1.0,984.00632,228681.24589,605.94444,839.94444,108.76896,1955.77778,1.0,307.59113,499.42893,1000.34553,815.18229,223.a_4,421.16536,185.10781,102.37825,1.0,727.96472,1586.22144,1.0,1.0,17.41448,6614.39017,16.76393,26.35895,8.83333,17.06802,1.0,3.75556,1.83526,32.90742,26.37366,223.i_4
9445.798,9330.99285,2277.24226,647.14574,26250.09453,102.77778,4.14239,1.09647,1462.61743,224450.91255,676.44444,936.5,177.37439,1690.61111,1.0,315.03557,378.76226,879.45664,751.84896,223.a_5,420.9987,153.94114,99.37825,1.0,734.2425,1830.10172,1.0,1.0,20.08114,6336.50129,15.98615,13.90549,5.0,21.29025,1.0,1.8,2.25289,31.77625,18.70077,223.i_5
9771.74244,7285.65952,2353.35337,628.92352,31532.87231,94.83333,6.86428,1.09647,1049.8952,218607.74589,486.0,758.44444,107.76328,2004.83333,1.0,212.20224,470.7067,1007.84553,735.51562,223.a_6,373.94314,179.9967,108.15603,1.0,704.40917,2580.14867,1.0,1.0,18.44083,6131.66795,11.93831,17.16523,7.05556,14.3458,1.0,3.04444,8.14178,15.48921,46.12055,223.i_6
9071.298,7538.15952,2352.29782,734.75686,29197.87231,43.61111,7.21358,1.48234,982.3952,211418.19033,485.27778,818.72222,114.82451,1965.22222,1.0,299.42446,431.98448,806.01219,700.01562,223.a_7,379.55425,145.66337,85.9338,1.0,652.68695,2147.52895,1.0,1.0,19.21861,6027.00129,8.65282,17.95654,8.11111,16.45691,1.0,5.62222,4.55941,19.43365,31.2471,223.i_7
8725.24244,6294.60396,2263.96448,600.81241,27524.98342,74.16667,5.76914,5.8596,715.50632,205846.74589,311.83333,684.33333,92.75759,2026.38889,1.0,270.70224,502.31781,1005.28997,820.01562,223.a_8,340.33203,137.44114,88.26714,1.0,618.79806,487.51174,1.0,1.0,30.19225,5927.1124,13.76393,18.85895,13.22222,10.62358,1.0,3.75556,2.67052,15.82254,60.00021,223.i_8
7956.07578,6656.38174,2227.79782,621.36797,25981.98342,61.94444,5.21358,10.81567,875.50632,200154.857,374.05556,729.11111,78.10229,1925.94444,1.0,281.03557,422.15115,756.56775,802.34896,223.a_9,397.55425,206.27448,97.60047,1.0,689.63139,2087.41784,1.0,1.0,18.30336,5817.05684,12.09727,21.18327,9.72222,18.12358,1.0,3.84444,3.08815,30.35495,40.00021,223.i_9
21464.75508,6751.5,4423.76894,2866.4074,69872.63554,349.27778,17.59223,15.0071,1910.42947,521193.18424,1014.75889,2426.22222,137.48796,2963.94444,1.0,46.72239,1193.61111,849.89859,2100.61497,224.a_0,3888.00142,1837.76226,150.20143,1.0,3885.61011,8990.89711,1.0,1.0,196.02112,32384.52913,238.37,142.12513,30.11111,76.77778,1.0,5.79112,19.59003,6.92242,49.72078,224.i_0
19962.64397,5690.94444,4757.15783,3250.79629,73073.02443,279.55556,15.48111,3.33688,1690.04059,508849.12869,933.09223,2634.94444,147.09907,2864.55556,1.0,56.72239,1007.5,782.06525,2055.50386,224.a_1,2681.33475,1204.37337,125.75699,1.0,3446.77678,7749.34156,1.0,1.0,182.7989,29941.6958,243.03667,122.68068,29.38889,54.22222,1.0,6.09779,5.36835,6.10394,42.60967,224.i_1
20002.81064,6415.94444,4118.93561,3054.57407,65964.57999,246.66667,15.81445,1.0,1781.04059,492045.40647,944.20334,2434.72222,161.32129,2809.88889,1.0,49.82422,1133.16667,469.67636,1860.67052,224.a_2,1298.05698,801.54004,106.8681,1.0,2494.44345,1491.11933,1.0,1.0,196.13223,28446.64024,289.92556,49.12513,30.16667,33.83333,1.0,8.09335,1.0,4.41141,34.99856,224.i_2
18692.69953,5251.5,3949.10227,3268.74073,65674.1911,234.33333,16.48111,4.8948,1621.59614,478894.57313,878.92556,2590.38889,140.71018,2653.11111,1.0,55.72239,956.05556,526.0097,1809.55941,224.a_3,1813.55698,1252.04004,140.8681,3.60101,2778.55456,5409.67489,1.0,1.0,202.91001,27525.30691,276.25889,66.01402,47.16667,32.66667,1.0,8.25779,3.77668,2.75576,41.3319,224.i_3
18456.64397,5644.05556,3890.38005,2781.01851,63637.46888,137.72222,13.59223,4.11584,1643.37392,467016.35091,929.25889,2422.5,137.9324,2692.88889,1.0,38.23782,1206.61111,665.73192,1884.17052,224.a_4,1383.00142,774.2067,129.64588,3.60101,2489.72123,2110.17489,1.0,1.0,194.24334,26825.41802,278.37,54.12513,40.5,35.55556,1.0,7.04223,1.90612,4.74091,40.05412,224.i_4
17170.92175,5779.94444,3567.71338,2613.24073,58461.80221,297.94444,17.37,1.77896,1578.70725,453273.46202,934.09223,2139.11111,133.65463,2220.38889,1.0,43.94462,1040.33333,526.12081,1522.9483,224.a_5,1650.7792,936.7067,124.09032,1.0,2578.88789,3718.95267,1.0,1.0,180.46557,26383.58468,247.37,61.40291,29.16667,35.72222,1.0,5.67779,5.85057,5.90758,47.44301,224.i_5
16907.92175,5371.55556,3553.60227,2337.24073,58411.35776,213.77778,15.92556,3.33688,1550.48503,437782.90647,905.37,2000.33333,128.65463,2374.22222,1.0,47.05573,1132.22222,599.73192,1698.72608,224.a_6,1272.00142,620.65115,131.31255,1.0,2465.05456,1812.786,1.0,1.0,184.35446,25936.1958,261.48111,38.95846,35.33333,21.27778,1.0,3.29334,1.38834,2.94828,29.38745,224.i_6
17274.19953,6401.5,3629.21338,2633.85185,59921.24665,466.5,14.81445,2.55792,1734.42947,427669.96202,1023.87,2035.05556,143.87685,2599.66667,1.0,36.86435,1190.72222,580.56525,2071.78163,224.a_7,1339.7792,883.2067,111.42366,1.0,2360.83234,2023.56378,1.0,1.0,177.7989,25630.86246,267.14778,44.45846,40.0,26.83333,1.0,4.65556,1.51779,5.03353,38.99856,224.i_7
17344.58842,5520.83333,3389.65783,2595.4074,57472.52443,195.27778,14.92556,6.45272,1548.09614,420263.2398,894.70334,2086.94444,132.76574,2334.05556,1.0,45.34893,911.5,461.56525,1739.33719,224.a_8,1368.2792,723.65115,117.09032,3.60101,2352.61011,2749.23045,1.0,1.0,173.91001,25304.80691,243.81445,48.40291,32.66667,38.88889,1.0,4.96445,25.6839,4.35202,55.55412,224.i_8
16557.69953,5914.72222,3362.26894,2259.85185,57036.52443,129.61111,14.70334,1.77896,1708.48503,410332.51758,969.42556,1854.22222,131.82129,2387.22222,1.0,39.27795,884.66667,698.73192,1762.61497,224.a_9,1284.55698,751.92893,109.20143,1.0,2391.05456,1780.84156,1.0,1.0,179.68779,25041.6958,243.14778,46.45846,33.05556,38.94444,1.0,2.63112,40.16447,1.68152,56.27634,224.i_9
139029.22392,4845.66667,10486.71335,941.47505,153524.4369,198.01174,11.07852,1.83782,1504.98936,507899.60627,193.00456,1264.90223,347.83038,975.60673,1.21778,221.07373,473.21892,519.87624,33210.43568,225.a_0,1684.68731,69.07686,244.75858,3.25816,1584.21785,28.66676,1.0,1.77896,27.9042,9675.18424,5.96056,37.59511,8.57513,30.70334,1.0,1.55703,1.83568,14.27876,290.08056,225.i_0
137219.55725,4594.16667,10460.65779,943.80838,158393.54801,220.62285,14.07852,1.0,1487.87825,489864.60627,187.3379,1388.51335,333.10816,939.66228,1.32667,233.96262,546.4967,544.15402,34170.1579,225.a_1,1703.96509,57.85464,278.36969,1.0,1669.1623,46.37053,1.03854,1.0,28.79309,9281.51758,4.21167,32.70622,12.17425,29.31445,1.0,1.55703,5.50705,8.8749,297.74723,225.i_1
131823.72392,4307.77778,10118.04668,913.03061,155346.49246,237.06729,15.07852,4.17115,1438.76714,472078.99516,193.11568,1299.12446,324.49705,947.44006,1.0,208.7404,541.55226,577.37624,30813.76901,225.a_2,1547.5762,59.23,273.92525,1.0,1541.49563,47.37063,1.03854,1.77896,30.34865,9018.85091,4.55111,30.87288,7.51558,23.29389,1.0,1.74271,6.67137,6.829,241.41389,225.i_2
123625.44614,4059.55556,10035.21335,655.08616,145790.21468,181.56729,9.96741,2.25673,1280.48936,459787.27294,173.3379,1460.79112,307.27483,883.99562,1.0,197.35151,368.33003,500.82069,30235.04679,225.a_3,1610.18731,68.9102,319.9808,3.25816,1522.32896,69.29643,1.07708,1.0,25.12643,8877.29536,5.32889,28.70622,2.10711,31.37,1.0,2.00148,1.0,10.46572,247.525,225.i_3
120612.16836,3716.44444,9575.93557,791.80838,137635.60357,161.01174,8.87227,3.00448,1386.54491,444399.21738,166.44901,1217.01335,273.38594,868.32895,1.10889,198.12929,417.83003,421.87624,29653.88012,225.a_4,1670.13175,78.39667,269.70303,3.25816,1608.77341,19.70387,1.03854,1.0,29.9042,8714.51758,4.51,17.59511,5.19824,18.03667,1.0,1.37135,1.83568,8.95075,263.85834,225.i_4
122272.27948,3932.88889,9721.71335,766.08616,142697.27024,226.73396,11.63408,1.0,1267.65603,437530.21738,168.22679,1165.84668,298.66372,860.7734,1.0,193.12929,605.94114,519.82069,26299.38012,225.a_5,1587.24286,49.9102,224.92525,1.0,1407.77341,8.85188,1.0,1.0,25.79309,8567.62869,4.92556,22.09511,10.00358,20.37,1.0,1.74271,1.0,12.07151,263.35834,225.i_5
111135.89059,3606.0,9077.99113,701.47505,129232.15913,218.56729,10.75317,2.58558,1235.76714,428080.9396,162.3379,1155.40223,290.05261,829.16228,1.0,251.57373,505.94114,518.04291,24059.99124,225.a_6,1603.74286,52.68797,299.75858,1.0,1528.1623,20.0742,1.0,1.0,27.68198,8473.18424,6.21778,28.76177,7.01558,28.98111,1.0,1.74271,5.67137,7.29374,257.025,225.i_6
108239.55725,4124.44444,9653.15779,763.53061,131612.77024,204.1784,12.07852,1.41891,1242.54491,409814.4396,152.22679,1031.79112,274.88594,909.05117,1.0,235.68485,477.21892,486.37624,22384.71346,225.a_7,1506.96509,52.31405,204.25858,1.0,1450.71785,7.74087,1.03854,1.0,24.23754,8326.40647,4.95445,24.31733,5.68624,14.77334,1.0,2.29974,1.0,6.41017,255.63612,225.i_7
110855.5017,3631.33333,9677.88001,763.47505,128258.9369,245.28951,9.07852,4.17115,1179.26714,399548.88405,153.22679,1041.90223,268.9415,863.2734,1.0,228.51818,557.38559,519.37624,22101.88012,225.a_8,1573.63175,54.79909,309.75858,3.25816,1451.10674,24.92599,1.03854,1.0,24.45976,8237.07313,4.77334,23.37288,5.69024,16.03667,1.0,1.74271,10.17842,9.45075,276.63612,225.i_8
101796.94614,3536.11111,9372.10224,804.69727,125201.27024,208.23396,14.96741,1.83782,1195.82269,390959.66183,154.44901,1120.73557,265.99705,830.7734,1.0,194.46262,560.55226,542.9318,21628.60235,225.a_9,1591.52064,56.42516,181.42525,1.0,1370.27341,2.68522,1.0,1.0,25.79309,8147.79536,4.55111,19.37288,5.13069,12.09223,1.0,1.8158,1.0,5.21789,266.85834,225.i_9
174026.79421,17714.5,13606.0238,22446.04108,1261352.80847,124.786,15.63408,1.99299,8291.81532,1528195.44668,614.19373,6560.95846,5667.76137,804.18963,1.77778,738.50885,1234.44444,1155.75488,4038.85646,226.a_0,3398.82394,640.27448,205.20864,427.96497,20896.22698,431.4925,1.0,1.0,226.13611,21975.83018,55.36039,193.52562,220.06265,3.38889,1.0,8.13468,17.33333,26.5825,89.44444,226.i_0
182056.84977,18151.66667,13707.19047,26093.7633,1267453.36402,118.61933,15.8563,1.0,8939.59309,1490463.83557,664.41595,6822.40291,5721.76137,788.57852,3.33333,704.61996,1196.5,1311.9771,4397.85646,226.a_1,3212.15728,718.21892,214.31976,332.40942,18652.11587,430.22899,1.0,1.0,193.91389,20635.16351,54.4715,181.08118,227.39598,2.66667,1.0,9.05965,27.0,21.11528,74.33333,226.i_1
179631.57199,17319.72222,13482.46825,23642.15219,1255264.25291,201.1925,14.18963,2.48949,8852.48198,1456815.94668,632.9715,6299.12513,5944.15026,771.52297,1.0,633.78663,1171.94444,1267.86599,4185.24535,226.a_2,3296.76839,774.88559,201.81976,448.46497,20046.00476,354.40466,1.0,1.0,191.46945,20183.10796,54.4715,186.02562,212.84043,3.5,1.0,6.7458,23.16667,15.29333,71.11111,226.i_2
173176.40533,18342.94444,13582.96825,24272.7633,1185995.41958,163.84156,17.63408,9.48949,8585.31532,1423494.55779,644.02706,6115.68068,5570.81693,700.8563,2.55556,688.00885,1111.72222,1140.08821,4315.96758,226.a_3,3310.8795,575.83003,175.98642,432.96497,21021.56032,402.53004,1.0,1.0,203.91389,19604.77462,55.13817,198.58118,225.95154,1.88889,1.0,13.36797,37.77778,10.13667,73.66667,226.i_3
170556.84977,17976.88889,13224.19047,23628.70775,1239844.47513,145.34156,14.52297,3.48248,8831.42643,1392459.83557,618.9715,6323.56957,5551.15026,566.3563,5.66667,729.73108,1162.11111,1297.4771,4205.57869,226.a_4,2932.99061,556.60781,180.48642,270.52053,18156.56032,513.42794,1.0,1.0,179.80278,19052.99684,50.58261,147.19229,212.28487,3.66667,1.0,2.50553,21.33333,14.8375,60.0,226.i_4
167585.96088,18255.5,13194.57936,24296.04108,1260036.97513,100.11933,14.41186,2.98598,8652.59309,1359301.78001,671.80484,6280.06957,5720.76137,682.46741,2.55556,725.17552,917.33333,1344.53266,3775.63424,226.a_5,2985.32394,533.55226,166.20864,373.68719,17618.22698,313.34911,1.0,5.19824,187.69167,18626.94129,58.36039,181.41451,195.28487,2.44444,1.0,7.36244,10.55556,15.87028,64.38889,226.i_5
143946.90533,17974.11111,11930.57936,20991.42997,1169261.80847,75.85916,11.41186,1.4965,8553.48198,1323149.39112,628.30484,6019.06957,5410.31693,592.8563,9.22222,559.17552,1071.88889,1313.36599,3574.52313,226.a_6,3411.43506,632.27448,139.43087,518.07608,19695.44921,281.53905,1.0,1.0,188.91389,18106.88573,53.24928,183.69229,201.45154,2.33333,1.0,4.14719,7.66667,19.26056,56.5,226.i_6
155275.46088,18131.33333,12219.57936,22239.87441,1163976.41958,241.89711,14.41186,2.48949,8025.92643,1295708.33557,650.36039,6145.90291,5364.09471,572.80074,4.22222,582.39774,1148.0,1307.14377,4011.52313,226.a_7,3409.26839,617.16337,146.20864,378.96497,18798.89365,586.56232,1.0,1.0,179.69167,17807.27462,56.02706,192.58118,234.34043,1.88889,1.0,7.49856,17.22222,13.96,57.55556,226.i_7
147028.62755,15744.38889,11400.19047,20287.59664,1103397.80847,60.23925,11.07852,1.0,7558.42643,1261029.94668,578.91595,5684.40291,4834.76137,624.18963,6.44444,635.78663,1101.66667,1102.14377,4023.85646,226.a_8,3038.43506,641.27448,159.7642,288.57608,17886.22698,486.88139,1.0,1.0,191.46945,17544.38573,57.02706,194.24784,229.5071,2.11111,1.0,4.76383,10.55556,24.29333,67.94444,226.i_8
162727.73866,16929.88889,12626.80158,20593.65219,1250630.97513,68.86796,14.07852,1.99299,7875.42643,1190776.00223,674.24928,5939.06957,5209.09471,629.41186,4.27778,619.67552,1360.05556,1040.03266,3276.63424,226.a_9,3077.43506,575.77448,153.31976,407.18719,16935.89365,390.4925,1.0,1.93245,198.025,17334.21907,56.24928,194.97007,223.56265,1.55556,1.0,4.52357,15.38889,23.29333,63.77778,226.i_9
63861.1336,18837.55226,10494.85722,3993.89646,134589.43096,140.45618,4.99732,2.55792,5958.41746,463279.97542,296.28035,4117.44334,6901.87248,339.80074,31.35871,1501.31391,962.40624,748.75747,25122.04191,61.a_0,6056.59793,1907.16337,439.92229,157.59824,4579.46499,116.20387,1.0,1.0,297.46639,13634.77246,7.8563,34.53955,243.96042,5.41334,1.0,14.10137,3.37392,7.74889,278.12673,61.i_0
67679.74471,20041.9967,10977.135,4549.3409,132179.93096,171.28951,7.44104,5.67376,5821.91746,431135.91986,254.11368,3752.05446,6353.15026,333.68963,26.40596,1437.03613,908.01735,751.36858,25427.31969,61.a_1,3567.32015,1927.4967,450.75562,193.7633,4397.90943,92.5373,1.0,1.0,309.02195,11964.82801,6.98338,55.70402,289.18264,8.32278,1.0,11.32554,10.05412,8.49528,381.12673,61.i_1
67661.74471,19499.05226,10539.41277,4440.72979,132449.54207,175.34507,11.66301,1.0,5353.86191,417133.30875,257.78035,3925.4989,6555.42804,337.02297,15.85871,1436.09169,839.57291,793.81303,24140.09747,61.a_2,5263.43126,1976.77448,501.0334,214.37441,4814.24276,101.75962,1.0,1.0,313.41083,10997.93912,7.42782,45.9796,316.18264,6.76722,1.0,29.76999,1.0,6.42278,363.62673,61.i_2
67246.57804,19488.27448,10518.635,4737.56313,143815.65318,179.45618,11.88524,1.0,5519.80635,400095.69764,270.00257,3886.27668,6184.09471,317.3563,23.25591,1452.25836,1269.9618,697.42414,21523.81969,61.a_3,3348.15349,2067.05226,371.20007,276.15219,4524.52054,79.88918,1.15222,1.0,302.52195,10247.38357,9.30873,67.4818,324.29375,4.80222,1.0,14.32457,4.73575,2.96139,293.7934,61.i_3
64340.57804,19350.21892,9375.24611,4177.22979,120850.09763,136.34507,5.55312,4.11584,5529.80635,386162.58653,245.22479,3437.05446,5974.70582,310.24519,21.80316,1404.48058,799.18402,727.53525,21425.54191,61.a_4,3074.09793,2200.4967,372.70007,294.31886,4413.46499,59.64841,1.07611,1.0,318.5775,9412.99468,7.74519,70.53955,345.62709,4.67667,1.0,13.54387,7.84542,4.98806,320.2934,61.i_4
58754.68916,18642.55226,9205.46833,4190.06313,118375.26429,94.58451,4.33066,2.55792,5432.19524,374784.58653,221.44701,3472.44334,6045.03915,312.96741,11.56694,1221.59169,743.62846,828.53525,19975.59747,61.a_5,2663.09793,1713.38559,311.5334,220.7641,3609.79832,85.05575,1.0,1.0,252.85528,8809.10579,7.86428,43.484,253.40486,5.16223,1.0,6.54874,2.58261,4.08223,253.40451,61.i_5
59568.02249,17982.27448,9245.46833,4277.8409,124317.98651,113.40923,4.55263,5.28251,5125.86191,367153.36431,223.55813,3377.66557,5938.59471,310.13408,16.07263,1240.7028,825.73958,753.36858,18991.87525,61.a_6,3556.59793,1835.44114,361.31118,192.37522,4010.24276,57.44454,1.0,1.0,283.68861,8462.93912,5.54692,49.59511,225.46042,2.74056,1.0,8.54582,4.95654,3.7175,293.7934,61.i_6
60292.41138,17382.27448,9244.91277,3849.45202,116729.65318,63.42645,4.77437,5.67021,5127.13968,349304.14209,212.66924,3263.22112,5744.31693,301.30074,14.96983,1174.98058,826.90624,891.25747,18909.65302,61.a_7,2786.98682,1894.16337,325.14451,259.37522,3817.5761,152.09285,1.07611,1.0,290.96639,8063.88357,7.2056,42.31733,254.07153,3.50389,1.0,4.54971,1.0,3.78028,176.01562,61.i_7
54569.30027,17523.55226,9219.57944,3694.56313,108789.54207,106.59311,3.88645,9.56147,4831.02857,339916.91986,234.11368,3250.05446,5166.20582,298.07852,13.99476,1050.03613,553.40624,940.31303,16574.20858,61.a_8,3025.7646,2011.55226,369.75562,247.32207,4582.63165,9.79643,1.0,1.0,283.74417,7765.05024,7.07852,51.42844,318.2382,4.42778,1.0,8.98831,10.73431,5.95667,315.23784,61.i_8
54237.02249,15525.38559,8648.19055,3431.22979,101171.54207,88.74256,3.21979,4.11584,4679.36191,329899.64209,208.11368,2991.66557,4740.65026,263.57852,15.53369,1172.42502,615.9618,773.03525,17974.15302,61.a_9,2991.93126,1993.38559,296.92229,239.82207,4064.02054,20.64841,1.0,1.0,281.68861,7460.60579,9.42782,35.09511,281.07153,3.77334,1.0,3.43763,2.58261,2.87445,169.34896,61.i_9
210305.78975,20880.18797,10756.67733,10461.30457,454535.79152,54.07258,7.44444,1.64444,3428.06581,1250300.69322,280.80074,4348.51402,1530.9324,560.80074,1.94222,403.37976,340.09559,322.29762,53277.34417,62.a_0,5602.10051,1860.09559,72.11111,229.61255,3372.92677,255.33373,1.44444,1.0,152.67579,10814.96089,10.65009,28.0689,89.12835,13.11111,1.0,1.0,3.23557,1.0,473.12222,62.i_0
210516.51197,24738.07686,10322.01066,11721.80457,473930.45818,18.29206,9.11111,1.0,3454.01026,1199828.69322,272.41186,3684.68068,1581.59907,560.63408,1.32667,380.49087,289.54004,297.90873,63545.6775,62.a_1,5482.32274,1957.26226,96.55556,233.65168,3644.48232,297.44494,1.27778,1.4965,138.00913,9807.01645,11.61643,21.62446,100.1839,9.62222,1.10889,1.88889,1.0,1.0,273.01111,62.i_1
197375.40086,20987.13242,9925.67733,10591.08235,424430.95818,111.97908,8.11111,2.28889,3233.56581,1137768.41545,271.52297,3792.68068,1539.32129,518.68963,1.76223,362.49087,310.42893,299.0754,44610.45528,62.a_2,3246.82274,2589.04004,102.55556,354.70724,4268.48232,72.24117,1.22222,1.0,171.00913,8951.29423,17.90596,38.23557,136.90612,10.78889,1.0,1.0,4.35335,1.02478,304.9,62.i_2
193905.62308,23645.79909,9806.39955,10932.47124,464067.62485,90.24805,6.88889,1.64444,3253.28803,1073051.69322,267.52297,3181.68068,1639.26574,633.52297,1.43556,340.49087,243.04004,296.24207,39618.06639,62.a_3,2713.82274,2689.98448,116.11111,452.29564,4477.31565,408.75972,1.16667,1.0,168.34246,8609.84978,23.06088,40.34668,130.85057,9.02222,1.0,1.0,2.11778,1.74101,256.67778,62.i_3
181968.06753,18382.74353,9251.95511,8830.08235,388689.45818,118.14574,6.77778,1.0,2997.23248,951741.85989,229.8563,3258.34735,1428.21018,443.63408,1.87112,311.65754,239.2067,248.51985,36270.34417,62.a_4,2378.76718,2659.87337,89.66667,454.8512,4769.03788,107.35208,1.0,1.0,164.34246,8284.73867,18.72754,37.5373,150.35057,4.66667,1.0,1.0,3.60816,1.02478,210.95556,62.i_4
174847.23419,18158.68797,9110.45511,7901.91569,400343.62485,30.6254,6.88889,1.0,2941.62137,896482.24878,236.8563,3315.90291,1310.26574,465.80074,1.65334,329.93531,287.59559,281.0754,58159.45528,62.a_5,2047.87829,2713.42893,115.77778,392.90675,4701.98232,197.25972,1.0,1.0,168.89802,7975.12756,20.39421,41.0689,123.35057,7.67778,1.0,1.0,4.06223,1.0,226.78889,62.i_5
162231.23419,17499.74353,8168.01066,7511.58235,395203.90263,65.16335,6.22222,1.0,2833.84359,870497.80433,222.63408,2904.45846,1259.9324,425.57852,2.37779,367.87976,227.31781,290.29762,49712.73306,62.a_6,2172.26718,2797.37337,85.55556,401.31835,4429.42677,137.38918,1.16667,1.0,174.89802,7634.072,20.17199,54.51335,135.57279,8.02222,1.10889,1.44444,4.43482,1.02478,258.23333,62.i_6
158791.01197,16850.68797,8240.23289,8297.97124,347835.40263,23.2277,6.88889,1.64444,2654.06581,823423.69322,213.8563,3371.06957,1265.9324,414.80074,2.37779,287.49087,242.15115,223.63096,31006.23306,62.a_7,2535.87829,2696.37337,99.33333,434.29564,4274.7601,221.44494,1.22222,1.4965,167.56468,7350.572,18.2831,58.68001,121.73946,7.55556,1.0,1.0,6.18001,1.02478,148.17778,62.i_7
150779.17864,18262.57686,8289.78844,8041.80457,303099.73596,23.6342,7.44444,1.64444,2565.23248,783217.35989,207.96741,3270.2918,1187.48796,350.24519,1.10889,314.26865,227.15115,257.90873,34851.39972,62.a_8,1832.26718,2733.81781,90.44444,474.44589,4495.42677,145.81527,1.05556,1.0,161.89802,7077.79423,16.94976,46.78347,123.35057,7.77778,1.10889,2.33333,3.86297,1.04956,189.95556,62.i_8
150244.17864,17142.79909,8120.51066,7018.24902,310156.56929,41.7277,6.88889,1.0,2420.89915,756902.02656,199.74519,3153.56957,1114.82129,353.30074,1.10889,336.71309,219.31781,237.63096,30620.84417,62.a_9,1906.82274,3186.87337,84.88889,469.27922,4534.37121,123.25972,1.11111,1.0,176.00913,6867.96089,21.83865,52.34668,154.40612,9.53333,1.0,1.0,1.74519,1.02478,168.06667,62.i_9
54118.30146,22307.4373,4864.97398,17894.16158,359993.24021,134.85238,3.75556,4.28923,4852.94314,592276.51144,405.02121,131062.77778,6172.94444,4817.03159,16.74713,10450.07307,5360.16337,255.21735,1083598.01064,63.a_0,673.09866,1185.64254,88.01693,83.34492,2228.2191,582.12756,1.0,1.0,169.16991,5491.05377,24.76393,1357.21573,210.56982,23.8301,1.0,13.48689,2.49038,1.0,906.24968,63.i_0
50136.7459,21089.04841,4553.14065,18531.71713,376591.01798,325.48204,5.25556,2.64461,4295.27648,561549.73366,503.46565,118404.11111,6413.16667,3995.75381,12.01628,10285.12863,4523.71892,242.71735,852212.62175,63.a_1,604.15422,1102.80921,101.23915,94.17079,2160.66354,1147.18311,1.0,1.0,135.61436,5186.83155,17.4306,1229.32684,228.12537,32.5525,1.0,17.71059,6.60816,1.89638,2042.69412,63.i_1
44958.7459,17629.82618,3905.5851,10920.3838,264031.40687,118.03759,3.64444,1.71692,3939.9987,510933.67811,364.63232,97167.44444,5952.38889,2885.19826,8.47797,6440.85085,3399.66337,202.38402,502589.67731,63.a_2,607.43199,1080.53143,68.01693,89.25619,1824.44132,943.96089,1.0,1.0,145.72547,4919.33155,14.76393,1042.54906,203.45871,27.99712,1.0,9.76319,5.60816,1.0,1261.91634,63.i_2
40164.69035,17847.88174,3808.47398,12735.99491,253662.40687,219.0746,2.95556,1.95589,3753.94314,474959.28922,329.68787,99465.22222,5918.77778,3039.42048,6.26437,6671.4064,3414.60781,210.99513,526916.34397,63.a_3,553.15422,971.58698,73.57248,91.8673,1795.94132,1324.12756,1.0,1.0,131.39214,4699.16488,16.09727,1015.71573,174.40315,18.55322,1.0,9.95035,3.98076,1.0,1143.30523,63.i_3
38449.52368,18130.38174,3898.80732,14289.71713,311739.62909,250.5375,3.03333,1.23897,3749.77648,445574.62255,319.96565,96644.22222,4411.72222,3551.47603,4.90134,9483.57307,3060.55226,155.66179,702805.39953,63.a_4,510.43199,1073.53143,61.90582,59.21143,1606.38576,372.08687,1.0,1.0,134.94769,4499.72044,13.4306,852.93795,169.29204,24.3301,1.0,17.43281,2.11778,1.0,1342.58301,63.i_4
38183.85701,18733.9373,3710.80732,15876.27269,336900.85132,173.16726,2.51111,1.0,3909.72092,427401.78922,312.68787,94804.05556,4532.05556,4133.30937,5.35441,11551.46196,3270.66337,169.49513,950208.56619,63.a_5,519.70977,1081.58698,64.6836,47.83746,1611.38576,873.96089,1.0,1.0,138.72547,4368.60933,13.09727,924.99351,226.56982,10.21971,1.0,11.84071,4.35335,1.0,1195.41634,63.i_5
33982.35701,19912.88174,3484.02954,10738.93936,235709.46243,564.35238,3.34444,1.23897,3768.38759,403764.40033,331.24343,89479.55556,5381.5,3111.6427,3.17912,10821.07307,2858.10781,164.88402,808070.73286,63.a_6,463.82088,799.86476,49.46137,78.72635,1514.83021,739.79148,1.0,1.0,111.50325,4169.33155,13.76393,843.8824,133.73648,32.71953,1.0,16.7296,2.49038,1.0,895.63856,63.i_6
34445.30146,23330.71507,3702.80732,16968.49491,269131.57354,214.79682,4.16667,1.0,4122.77648,380906.84477,371.18787,83501.83333,5701.77778,3532.86492,2.30747,18198.12863,3239.66337,212.93957,826528.78842,63.a_7,466.37644,821.97587,54.6836,45.0854,1640.33021,198.7684,1.0,1.0,110.0588,4006.83155,15.20838,875.82684,140.45871,26.60806,1.0,13.48837,3.23557,1.0,950.91634,63.i_7
30550.30146,21724.54841,3763.14065,11353.77269,215756.79576,616.88948,4.48889,1.0,4048.9987,364461.06699,337.13232,86221.77778,5201.61111,3015.47603,1.87165,15978.62863,2614.21892,184.82846,709637.51064,63.a_8,525.26533,1019.03143,63.12804,84.60778,1648.88576,846.05166,1.0,1.0,125.0588,3807.44266,9.87504,924.8824,155.79204,5.38727,1.0,9.8217,6.23557,1.0,1040.19412,63.i_8
30314.80146,19039.88174,3151.75176,11539.55047,189839.62909,336.92638,2.56667,1.0,3614.9987,348696.17811,299.29898,72184.27778,4838.38889,2579.30937,4.05077,11058.68418,2263.16337,185.32846,562719.56619,63.a_9,441.0431,841.19809,68.90582,72.81508,1468.44132,414.44055,1.0,1.0,110.39214,3649.88711,13.76393,785.77128,132.12537,16.77508,1.0,19.30417,2.49038,1.0,1403.02745,63.i_9
74834.62857,44986.87539,4368.66985,2698.33209,217436.97542,362.28951,8.18963,2.55792,8143.77224,617452.26846,697.38889,125325.88779,7127.56265,1996.52706,2.81335,10468.11111,678.27448,350.66949,20422.4313,64.a_0,882.6,872.63242,55.80166,49.44192,1319.40897,263.27778,1.0,1.0,81.77158,4116.94793,4.66667,727.11001,38.05556,2.75556,1.0,17.57778,1.0,1.0,51.66232,64.i_0
73670.8508,34467.37539,4351.78096,2922.9432,225373.86431,207.96479,7.97539,2.55792,7083.16113,585417.21291,503.55556,129005.27668,6384.28487,1880.69373,3.75557,10357.88889,657.4967,290.7806,19967.98686,64.a_1,836.1,648.46575,66.135,7.92071,1370.2423,97.11111,1.0,1.0,96.43825,3891.50349,6.05556,760.66557,31.66667,9.57778,1.0,23.14444,1.13294,1.0,86.82899,64.i_1
70300.8508,37175.87539,4362.61429,2959.16542,218194.08654,362.34507,7.31671,2.55792,7749.43891,564386.82402,595.94444,124730.83223,4805.78487,1838.36039,3.4289,10198.16667,707.94114,296.00282,20629.09797,64.a_2,893.48889,765.68797,74.46833,15.64293,1481.7423,51.88889,1.0,1.0,96.9938,3781.1146,4.44444,1096.61001,44.38889,2.54444,1.0,30.15556,1.0,1.0,94.77343,64.i_2
66777.01746,35693.31983,3924.39207,2465.77654,204565.64209,161.01174,4.76116,4.89125,7541.10558,550531.37957,529.72222,115175.61001,4491.95154,1755.69373,3.14002,10097.38889,546.4967,256.22504,18440.54241,64.a_3,779.71111,785.9102,51.02389,31.08737,1300.79786,50.0,1.0,1.0,148.43825,3712.94793,5.55556,755.4989,45.33333,4.16667,1.0,15.83333,1.0,1.01767,78.71788,64.i_3
68887.57302,30717.81983,4017.28096,2969.10987,207853.53098,209.69562,7.74519,1.0,6300.8278,535917.93513,513.5,111926.33223,3546.95154,1750.08261,1.10889,9991.72222,633.60781,250.33615,18254.87575,64.a_4,732.65556,568.9102,61.46833,3.9101,1234.02008,41.83333,1.0,1.0,86.32714,3629.22571,4.77778,753.83223,35.77778,4.35556,1.0,32.57778,1.06647,1.0,88.9401,64.i_4
72335.23968,42722.87539,4128.7254,2899.38765,204221.64209,327.40062,6.08651,4.8948,6907.16113,519693.93513,654.94444,116539.94334,5905.78487,1900.74928,4.37112,9814.77778,719.66337,342.22504,18425.65352,64.a_5,883.87778,955.46575,47.24611,35.80707,1392.96452,175.11111,1.0,1.0,79.66047,3519.28127,6.38889,637.4989,32.22222,2.26667,1.0,17.08889,1.0,1.01767,57.4401,64.i_5
69017.3508,31097.87539,3904.50318,2569.22098,212171.47542,267.84507,6.96741,12.67731,6996.60558,505341.82402,510.0,115652.88779,4985.22932,1704.24928,5.53113,9238.94444,610.77448,282.22504,18337.20908,64.a_6,787.43333,903.07686,49.46833,14.54242,1546.13119,121.66667,1.0,1.0,103.38269,3445.55904,8.05556,728.61001,41.33333,3.21111,1.0,26.62222,1.0,1.0,68.9401,64.i_6
61079.29524,29279.31983,4599.83652,3038.83209,200425.97542,259.6784,10.63408,4.11584,4985.99446,492952.87957,337.66667,107931.38779,3741.95154,1592.80484,4.37112,8741.11111,706.71892,310.33615,16298.20908,64.a_7,679.87778,833.52131,41.02389,17.09798,1182.68674,119.77778,1.0,1.0,63.54936,3304.39238,3.05556,550.83223,32.44444,2.96667,1.0,18.24444,1.0,1.01767,48.38454,64.i_7
62645.01746,30376.37539,4124.66985,2940.9432,195982.19765,265.78951,8.8563,2.55792,5462.16113,482599.93513,475.0,107217.66557,3558.95154,1504.86039,3.24891,8625.61111,775.9967,305.89171,18114.04241,64.a_8,805.93333,918.4102,58.80166,22.86262,1282.79786,131.88889,1.0,1.0,79.88269,3251.72571,3.72222,676.94334,44.11111,4.91111,1.0,28.41111,1.06647,1.0,62.16232,64.i_8
57649.23968,26565.87539,4045.44763,2847.77654,183628.08654,191.84507,8.30873,4.11584,5944.77224,466156.65735,437.05556,98510.66557,3538.39598,1426.80484,3.48446,7735.77778,557.21892,241.11393,16196.04241,64.a_9,692.65556,829.35464,49.80166,5.36515,1122.7423,84.83333,1.0,1.0,66.9938,3183.44793,4.72222,637.16557,53.11111,4.16667,1.0,18.05556,1.0,1.0,76.38454,64.i_9
76643.22497,34638.43676,5267.639,9552.38715,215334.62708,300.05556,7.80328,1.0,4930.26578,599327.39021,654.72222,171624.24784,6593.0,1265.80074,5.77778,1896.23974,524.74674,1901.67304,14307.85646,65.a_0,801.54963,2451.59971,153.17091,219.09131,2115.20289,415.78951,1.0,1.0,128.00913,5866.6706,31.55556,3497.0143,194.47897,12.87504,1.0,9.13284,2.88889,135.96595,332.22078,65.i_0
76104.44719,38203.15899,6071.30566,9745.9427,208807.90486,431.33333,6.09727,1.0,5006.65467,576837.2791,722.16667,156769.24784,7424.16667,1349.63408,9.88889,1835.62863,714.8023,1921.50637,19960.6898,65.a_1,728.60519,2461.54416,96.83757,202.67517,2105.86956,216.50782,1.0,1.0,122.23135,5457.72616,24.66667,2923.18097,201.59008,8.07334,1.32502,6.52786,1.94444,89.13261,240.8319,65.i_1
75115.39164,32733.49232,5616.41677,8409.16492,196933.51597,226.11111,6.04942,1.0,4855.54356,563363.44577,577.22222,155767.52562,5637.72222,1122.52297,4.88889,1881.07307,529.74674,1339.11749,15332.07869,65.a_2,730.93852,2492.9886,132.05979,228.50851,2193.09178,162.30673,1.0,1.0,125.67579,5247.89283,26.33333,3400.62541,209.14564,11.69217,1.0,4.87662,1.0,109.29928,237.49856,65.i_2
76516.94719,38318.10343,5658.139,9901.22048,196478.68264,263.05556,6.07334,1.0,4627.32134,547476.2791,642.94444,152869.02562,5849.0,1318.63408,6.61111,1827.62863,519.85785,1857.2286,15912.24535,65.a_3,634.93852,2394.82193,134.28202,253.3146,1982.92512,136.39671,1.0,1.0,123.67579,4990.78172,22.55556,2972.90319,231.25675,8.74772,1.65004,6.84577,3.83333,75.79928,189.38745,65.i_3
75406.44719,34365.49232,5351.47233,8311.38715,182317.79375,254.83333,3.38275,1.0,4637.65467,531421.39021,615.77778,147182.63673,5710.55556,1045.74519,1.0,1652.46196,359.52452,1325.28415,11356.91202,65.a_4,639.43852,2355.37749,123.78202,213.36802,1990.03623,52.82394,1.0,1.0,121.78691,4691.89283,24.0,3242.79208,223.09008,9.37504,1.32502,4.43218,2.88889,76.07706,273.77634,65.i_4
71179.72497,31835.93676,4764.41677,7737.55381,178108.29375,335.0,4.20838,1.0,4200.65467,522240.61244,578.61111,144501.13673,5430.05556,1010.3563,5.83333,1630.96196,425.74674,1468.2286,11613.96758,65.a_5,633.82741,2146.21082,102.28202,229.67305,2015.42512,79.22144,1.0,1.0,119.00913,4508.1706,24.22222,3148.40319,225.47897,17.90668,1.0,7.92604,1.94444,82.48208,226.05412,65.i_5
70904.0583,30860.71454,5000.41677,8215.77603,186053.73819,361.66667,4.93831,1.0,4143.76578,504615.61244,593.22222,143038.24784,5371.27778,1021.30074,7.33333,1694.73974,404.08007,1483.95082,12456.13424,65.a_6,652.77186,2268.4886,112.05979,251.67517,2118.48067,37.02895,1.0,1.0,148.12024,4324.72616,27.66667,3470.62541,220.36786,15.15282,1.0,10.70995,3.83333,95.57706,272.60967,65.i_6
65756.16941,31696.99232,4898.41677,8194.83159,171146.62708,240.61111,3.91439,1.0,4384.76578,486150.11244,588.44444,134256.02562,4943.61111,1122.18963,10.5,1619.29529,432.8023,1554.56193,12545.80091,65.a_7,680.82741,2522.21082,87.72646,185.4802,2138.59178,22.74726,1.0,1.0,130.45357,4224.6706,23.88889,3117.34763,247.25675,10.65282,1.0,1.76236,1.0,92.13261,128.8319,65.i_7
64631.00275,28883.2701,4417.19455,6739.49826,166002.68264,234.27778,2.85112,1.0,4092.59912,462232.83466,558.72222,138104.8034,4928.27778,959.8563,4.11111,1473.62863,405.08007,640.33971,9260.07869,65.a_8,663.10519,2342.26638,87.72646,189.84184,1911.70289,124.82003,1.0,1.0,121.12024,4067.61505,24.88889,2982.29208,222.70119,12.38275,1.0,2.52471,2.88889,79.85484,159.99856,65.i_8
62310.50275,28786.88121,4478.58344,8151.33159,163494.62708,353.5,2.8187,1.2894,4137.76578,451348.72355,526.11111,131937.3034,4445.55556,1031.13408,5.83333,1386.73974,429.8023,1399.45082,10588.6898,65.a_9,687.88297,2418.09971,97.61535,248.3146,2102.314,52.60642,1.0,1.0,125.67579,3915.44838,23.66667,3146.84763,243.14564,12.38275,1.0,2.96915,1.94444,100.68817,117.60967,65.i_9
76988.35082,41229.93764,16898.50318,11566.21007,324630.01776,533.786,25.37,6.17563,7838.41385,1889193.70606,601.24519,1276.27668,3525.21311,1016.96741,1.0,2749.64668,1451.46575,6971.21378,7630.04307,66.a_0,1515.78742,2343.07686,96.29028,86.82852,2428.09742,19.70387,1.0,1.0,207.72976,6685.22616,21.0,60.63673,142.01597,3.16667,1.0,5.08889,1.0,5.05778,23.34315,66.i_0
75449.6286,43375.32653,17039.39207,10877.93229,316539.79554,435.06378,24.03667,13.26569,7694.08052,1853966.76162,506.8563,1313.38779,3399.102,1015.07852,1.0,2660.42446,1478.18797,6594.71378,7363.54307,66.a_1,2209.12075,1797.13242,102.5125,110.39879,2685.15297,63.81508,1.0,1.0,155.95199,6086.94838,11.66667,95.58118,98.18264,3.72222,1.0,5.44444,1.0,6.80723,33.73203,66.i_1
75963.85082,37121.04875,16276.78096,11149.71007,312483.73999,605.61933,16.25889,9.01793,7013.74718,1809102.59495,461.30074,1250.22112,3444.93533,1020.52297,1.0,2738.03557,1395.85464,6907.26933,7272.93196,66.a_2,1665.23186,1918.52131,96.5125,83.81381,2446.15297,8.11121,1.0,1.0,163.50754,5725.00394,11.55556,77.02562,140.57153,3.94444,1.0,5.44444,2.58261,6.18306,32.23203,66.i_2
74521.79526,38101.9932,16174.83652,10671.0434,306782.12888,416.50822,20.70334,10.09454,7325.19163,1781389.20606,526.24519,1305.38779,3201.87978,1011.96741,5.16667,2618.31335,1397.85464,6570.49155,7146.82085,66.a_3,1786.50964,1839.57686,78.5125,119.68798,2574.81964,246.96319,1.0,1.0,146.39643,5441.78172,11.11111,84.3034,96.68264,3.38889,1.0,3.4,1.79131,6.75278,22.34206,66.i_3
73285.79526,42264.15986,16400.33652,10740.98784,308039.96221,570.61933,23.70334,5.84678,6991.13607,1743984.37273,510.02297,1233.05446,4036.15756,978.02297,3.33333,2496.14668,1467.24353,6906.60267,7067.76529,66.a_4,1349.34297,1605.18797,78.84583,83.33993,1833.31964,63.81508,1.0,1.0,143.95199,5137.78172,9.88889,58.63673,82.40486,2.38889,1.0,1.8,1.79131,4.68306,18.56537,66.i_4
69351.23971,39844.15986,16001.33652,10052.82118,299117.18443,418.50822,21.37,10.8423,6745.35829,1711153.03939,518.96741,1279.4989,3353.15756,952.07852,4.22222,2376.59113,1375.13242,6272.49155,7083.20974,66.a_5,1467.28742,1573.9102,76.73472,76.78768,2106.04186,126.90754,1.0,1.0,151.50754,4980.44838,11.22222,56.41451,77.7382,3.55556,1.0,2.24444,1.0,4.17001,21.73203,66.i_5
72392.18415,39634.88209,16709.39207,11002.0434,298909.07332,523.23045,24.81445,7.76121,7687.41385,1685781.09495,513.02297,1155.38779,4107.602,946.41186,1.0,2549.14668,1406.74353,6709.54711,6832.65418,66.a_6,1236.95408,1717.29909,72.73472,60.4102,2100.09742,68.61131,1.0,1.0,153.50754,4849.22616,9.83333,31.40549,101.12709,2.33333,1.0,1.26667,4.16523,2.51528,19.3987,66.i_6
69040.35082,41209.93764,15147.16985,10223.65451,278455.73999,447.23045,19.81445,4.68012,6571.74718,1633566.65051,488.3563,1140.11001,4283.82422,933.02297,3.33333,2653.59113,1468.07686,6604.82489,6693.26529,66.a_7,1267.1763,1742.46575,81.95694,55.0066,2460.4863,66.18541,1.0,1.0,162.50754,4707.61505,11.5,16.18778,106.51597,1.55556,1.0,1.8,1.0,2.19611,13.67539,66.i_7
65164.23971,36168.32653,14607.7254,9784.0434,271324.23999,531.56378,23.48111,3.51345,7294.96941,1597740.70606,476.30074,1144.77668,3971.87978,874.07852,2.55556,2439.75779,1411.79909,6345.10267,6513.15418,66.a_8,928.56519,2122.57686,68.40139,138.96906,1809.59742,97.33353,1.0,1.0,165.28532,4518.55949,9.44444,11.56765,97.46042,1.38889,1.0,1.26667,2.58261,2.585,9.6743,66.i_8
63666.01749,38694.60431,13943.05874,9636.59895,265624.8511,379.61933,17.81445,6.26569,6665.69163,1559736.98384,440.18963,1088.16557,3177.26867,893.07852,1.77778,2660.25779,1262.07686,6624.54711,6193.26529,66.a_9,942.95408,1187.79909,69.95694,31.83993,1716.43075,62.12986,1.0,1.0,135.50754,4356.11505,9.55556,22.62771,80.40486,1.66667,1.0,1.53333,1.79131,4.03056,10.45317,66.i_9
34834.37766,10025.2067,5999.91742,2764.54582,107424.96154,248.11933,16.03667,5.91111,2060.71198,614011.92503,209.4715,1388.76667,295.8123,371.30074,1.0,3540.37136,465.38889,1814.04333,81857.52313,67.a_0,479.83905,357.77448,102.52854,1.0,1517.76826,542.24805,1.0,1.0,50.29592,8246.13697,7.87504,91.18068,5.47202,2.83301,1.0,22.08194,5.80742,2.1287,377.63922,67.i_0
32090.37766,9836.92893,5751.13965,2772.26804,104166.79487,204.89711,15.48111,11.46667,2080.15643,591387.31392,192.13817,1317.21111,327.3123,328.46741,1.32502,3476.14914,374.16667,1725.09888,75750.02313,67.a_1,429.56128,317.33003,87.52854,1.0,1225.10159,274.2013,1.0,1.0,54.51814,7742.41475,4.58105,23.06957,4.19424,2.93613,1.0,13.54392,2.11778,9.1142,376.80589,67.i_1
35472.09988,9876.59559,6129.41742,2761.99026,102571.46154,184.39711,13.25889,9.01111,2194.87865,567341.36948,188.24928,1329.71111,289.64564,306.74519,1.0,3583.09358,328.55556,1776.59888,75402.63424,67.a_2,388.45017,289.9967,103.30631,1.0,1138.26826,398.30361,1.0,1.0,45.0737,7332.9703,5.87504,47.95846,5.84891,2.71391,1.0,12.48689,4.06223,10.10833,380.75033,67.i_2
34803.65544,9981.15115,5944.30631,2844.49026,107950.0171,153.56378,19.14778,7.72222,2199.98976,551230.25837,215.4715,1306.32222,298.8123,365.74519,1.0,3908.3158,342.5,1856.43222,71700.1898,67.a_3,408.11683,278.9967,90.86187,1.0,1199.7127,491.97908,1.0,1.0,44.40703,7028.91475,4.4306,67.12513,6.46402,2.06321,1.0,6.15356,2.11778,12.05864,328.58367,67.i_3
34068.54433,10826.76226,6226.30631,2828.99026,104370.46154,153.56378,14.81445,3.45556,2247.9342,540430.03615,194.80484,1209.21111,351.75675,340.18963,1.65004,3987.64914,338.66667,2060.20999,70207.1898,67.a_4,420.06128,280.05226,88.63965,1.0,1083.93492,549.23925,1.0,1.0,40.74036,6834.74808,4.95373,41.33114,2.09512,2.65037,1.0,12.91528,3.98076,2.80123,310.52811,67.i_4
33415.54433,10733.04004,6041.52854,2795.43471,111393.29487,100.11933,14.70334,5.26667,2261.98976,528756.64726,190.13817,1289.32222,313.3123,334.3563,1.0,3252.53803,323.55556,2108.20999,69354.85646,67.a_5,424.33905,266.94114,98.1952,1.0,1053.99048,340.38557,1.0,1.0,40.18481,6671.91475,3.16053,26.56957,5.97601,2.06321,1.0,5.89479,1.74519,7.98549,271.25033,67.i_5
33622.87766,9964.87337,6303.47298,2785.26804,104206.07265,167.95267,18.37,4.22222,2316.37865,518839.5917,181.69373,1207.48889,298.53453,314.74519,1.0,3734.26025,467.27778,1869.65444,68424.07869,67.a_6,363.17239,284.05226,85.86187,1.0,1354.7127,262.44112,1.0,1.0,41.18481,6420.19252,4.13661,21.35427,2.09512,2.65037,1.0,6.96936,4.23557,3.56451,274.47256,67.i_6
33851.711,9742.59559,5740.86187,2746.49026,110338.23932,176.17489,16.59223,4.1,2150.26754,512606.98059,183.69373,1249.1,386.25675,321.8563,1.0,3691.42692,367.16667,1877.48777,73925.91202,67.a_7,372.83905,274.05226,103.1952,1.0,981.76826,295.74805,1.0,1.0,35.96258,6268.08141,4.08877,22.01402,4.96802,2.22189,1.0,6.78368,4.23557,5.33642,282.417,67.i_7
32847.43322,9633.54004,6109.25076,2568.37915,98664.46154,161.786,18.03667,8.88889,2205.32309,501315.14726,189.69373,1167.93333,316.92342,281.96741,1.32502,3231.59358,343.44444,1809.20999,66407.02313,67.a_8,381.22794,239.66337,94.63965,1.0,991.10159,124.31241,1.0,1.0,42.18481,6126.41475,5.49387,19.99781,5.63069,1.63473,1.0,11.71206,1.74519,4.89198,297.86144,67.i_8
32231.82211,8947.31781,5444.52854,2452.26804,99914.57265,145.34156,13.81445,11.98889,1765.76754,490270.64726,180.4715,1223.48889,277.92342,283.07852,1.0,3169.92692,327.55556,1639.54333,70638.80091,67.a_9,386.95017,228.4967,86.97298,1.0,855.93492,277.48788,1.0,1.0,28.51814,5989.85919,4.75543,19.73624,1.54756,3.03926,1.0,10.15356,9.12446,3.89198,238.58367,67.i_9
52701.03248,17099.54831,8514.86208,25080.3219,251524.63433,204.07258,6.54692,6.6062,34986.77608,101547.16795,280.0,2173.66667,23887.27778,1454.55556,2235.66188,152.5,132.66667,377.6839,1225.44444,92vA.a_0,1274.10011,99.96667,113.87504,1.0,1406.90829,3.0,1.0,1.0,99.78562,1216.01592,1.77778,35.66667,59.53333,2.77778,1.0,2.16667,2.88889,1.0,15.55556,92vA.i_0
49194.2547,16126.04831,8456.75096,20216.48857,315548.74544,120.67489,8.45976,8.49558,34874.16497,97333.39017,318.38889,2154.38889,23931.83333,1288.55556,2307.93966,179.0,156.33333,338.62835,1249.66667,92vA.a_1,1391.93345,102.85556,108.31949,1.0,1352.29718,5.0,1.0,1.16028,110.78562,1173.79369,1.94444,33.44444,71.81111,2.38889,1.00787,2.66667,2.88889,1.0,16.33333,92vA.i_1
55543.2547,16706.77053,8871.97319,22732.54413,265560.24544,313.84156,4.69794,5.10915,32189.77608,93327.39017,298.11111,2333.5,23850.27778,1596.55556,2234.05077,145.88889,113.77778,399.79501,1279.72222,92vA.a_2,1423.21123,98.85556,110.87504,1.0,1419.57496,9.05556,1.0,1.16028,118.00784,1105.34925,1.5,31.33333,65.97778,2.5,1.00787,2.16667,1.0,1.0,15.38889,92vA.i_2
48621.03248,16349.82608,8624.75096,21716.15524,290507.57877,143.6925,7.32469,5.27434,33168.22052,90888.22351,278.61111,2234.5,24809.66667,1555.55556,2092.27299,112.88889,142.44444,340.79501,1182.05556,92vA.a_3,1368.21123,86.52222,112.4306,1.0,1493.24162,9.11111,1.0,1.16028,114.78562,1058.29369,2.66667,24.83333,72.25556,2.05556,1.0315,1.0,1.0,1.0,15.72222,92vA.i_3
54167.19915,19018.9372,8797.52874,23222.3219,309067.57877,252.58138,7.44379,5.83186,35852.9983,88352.6124,298.33333,2254.77778,25999.77778,1801.33333,2267.05077,161.38889,167.22222,374.85057,1386.77778,92vA.a_4,1356.21123,122.07778,99.20838,1.0,1320.68607,11.11111,1.0,1.0,119.23006,1011.23814,2.0,32.77778,60.86667,2.77778,1.04724,3.94444,1.0,1.0,16.72222,92vA.i_4
52760.92137,17691.9372,8423.0843,22391.93301,295515.96766,95.59019,8.18963,3.21976,35087.33163,86804.22351,264.77778,2229.11111,21947.16667,1565.55556,2166.10633,112.88889,140.44444,387.6839,1167.72222,92vA.a_5,1400.65567,96.74444,136.76393,1.0,1569.68607,7.0,1.0,1.0,121.34117,995.57147,2.55556,31.44444,68.7,2.77778,1.0,3.33333,1.94444,1.68198,15.88889,92vA.i_5
49254.03248,16893.38164,7831.25096,19859.59968,306702.52322,87.36796,4.77712,3.21976,32023.60941,85429.94573,264.22222,2104.05556,24320.77778,1583.55556,2105.3841,108.38889,132.55556,329.96168,1180.05556,92vA.a_6,1405.54456,86.74444,107.31949,1.0,1588.5194,13.05556,1.0,1.48084,133.11895,953.57147,2.05556,36.44444,64.81111,3.22222,1.02362,2.16667,1.0,1.0,17.83333,92vA.i_6
47305.64359,17026.4372,8146.47319,23789.98857,249854.74544,153.56378,5.88823,4.10767,30109.94274,84249.16795,264.94444,2464.55556,24360.5,1653.55556,2136.60633,120.61111,138.66667,370.40612,1090.16667,92vA.a_7,1324.32234,100.36667,101.76393,1.0,1348.90829,5.0,1.0,1.0,118.00784,917.23814,1.33333,33.44444,77.86667,1.72222,1.0,1.0,1.0,1.0,12.77778,92vA.i_7
52536.58803,16736.9372,8407.02874,21114.71079,287946.91211,91.47908,5.34864,2.77581,34693.16497,83485.05684,291.94444,2217.83333,24023.61111,1267.77778,2198.27299,102.83333,95.05556,380.6839,1207.94444,92vA.a_8,1388.489,88.74444,105.09727,1.0,1315.57496,5.0,1.0,1.32056,105.23006,906.57147,2.0,29.94444,69.42222,2.61111,1.02362,2.16667,2.88889,1.0,16.22222,92vA.i_8
51770.97692,18098.65942,8362.80652,19631.76635,286359.35655,77.49668,5.5549,6.27581,37470.72052,82586.72351,293.66667,2214.27778,21957.16667,1475.22222,2183.60633,123.33333,135.27778,348.73946,1259.33333,92vA.a_9,1263.21123,110.8,98.4306,1.0,1365.90829,68.61111,1.0,1.32056,120.5634,869.73814,2.11111,32.11111,67.47778,1.61111,1.0315,1.38889,2.88889,1.29309,16.11111,92vA.i_9
47145.96941,13874.62753,7816.93462,9568.36193,198866.08027,299.94444,4.55556,4.45529,23071.40941,96051.68293,212.11111,1903.44444,19343.71927,937.83333,1724.85383,63.20224,72.76226,239.2706,1186.15705,92vB.a_0,6932.10227,2330.44444,2244.58261,472.03569,25070.758,13.34488,1.66667,1.0,4512.40011,24105.73803,66.33333,514.79112,3456.57279,62.05556,452.92814,15.16667,33.72222,83.76137,341.7126,92vB.i_0
49773.13607,14784.18309,7970.15684,12296.58415,192200.4136,183.0,5.0,2.80779,23447.85386,91017.12737,239.33333,1938.55556,18555.4415,902.55556,1889.96494,120.53557,83.54004,263.04838,1239.87927,92vB.a_1,7068.65783,3034.22222,2172.13817,538.01581,30551.59133,6.35368,1.16667,1.0,4992.40011,22275.18248,67.11111,420.79112,3428.35057,52.66667,417.53925,21.77778,18.16667,97.76137,319.04593,92vB.i_1
56797.46941,14506.90531,8031.21239,14412.80637,178827.74694,201.55556,4.5,1.32056,32177.90941,88717.51626,236.55556,2148.66667,18206.05261,1216.44444,1895.96494,60.25779,99.05633,269.32615,1012.49038,92vB.a_2,7030.04672,2687.44444,2083.13817,73.59621,14458.258,3.47359,1.22222,1.0,4876.51122,20403.4047,67.44444,423.45779,3146.23946,49.27778,360.20592,22.05556,8.61111,69.59471,316.82371,92vB.i_2
51948.74718,14363.96087,7926.8235,9112.75082,165593.19138,109.05556,5.05556,1.64112,25263.96497,86996.62737,264.88889,2049.61111,17646.9415,888.83333,1744.79828,65.3689,85.48448,259.54838,1115.82371,92vB.a_3,7400.49116,2708.61111,2022.02706,56.53569,13760.31356,1.0,1.16667,1.0,4736.289,19914.51581,59.88889,396.18001,3023.51724,40.55556,396.48369,20.33333,16.33333,69.98759,309.60149,92vB.i_3
49068.24718,15201.57198,7772.71239,13328.19526,203421.63582,115.27778,5.44444,1.32056,28409.46497,84859.07182,266.0,2331.5,19381.77483,1028.16667,1745.57605,57.42446,84.59559,264.10393,1043.76816,92vB.a_4,6266.71338,2337.55556,1918.63817,394.45529,17299.258,10.88283,1.0,1.0,4201.73344,19551.9047,55.33333,402.45779,2796.12835,62.33333,304.42814,19.83333,8.61111,107.65026,282.26816,92vB.i_4
51228.02496,15149.7942,7710.04573,16528.86193,174161.19138,191.38889,5.0,4.13473,27142.85386,83521.12737,228.66667,2163.22222,21333.21927,1009.33333,1901.24272,133.03557,59.87337,323.2706,1169.82371,92vB.a_5,7357.82449,2668.27778,1926.63817,1.0,13645.59133,5.52915,1.0,1.0,4607.90011,19047.01581,54.22222,423.01335,2560.6839,40.88889,388.81703,20.33333,10.5,68.87248,287.2126,92vB.i_5
53218.41385,14276.57198,7424.8235,12692.36193,193184.96916,142.16667,4.5,1.32056,23957.96497,82638.23848,236.55556,2061.16667,16673.9415,1247.61111,1656.18716,71.98001,79.59559,316.21504,1097.49038,92vB.a_6,7317.15783,2580.27778,1918.52706,123.70235,18445.64689,5.12265,1.22222,1.0,4394.01122,18563.4047,56.44444,375.0689,2574.62835,34.66667,353.87258,17.61111,11.61111,66.70582,299.37927,92vB.i_6
50926.80274,15393.40531,7415.65684,13173.58415,166430.74694,324.72222,4.77778,1.0,28340.02052,81424.79404,213.66667,2188.88889,16383.66372,933.5,1783.96494,60.53557,76.59559,242.21504,1065.43482,92vB.a_7,6774.93561,2512.5,1765.80484,122.70732,14285.64689,5.52915,1.0,1.0,4043.23344,18389.84914,62.66667,338.18001,2200.35057,35.44444,325.26147,12.0,13.44444,59.26137,277.99038,92vB.i_7
50350.13607,15546.07198,7027.60128,13800.58415,174884.30249,82.44444,4.16667,4.13473,21775.40941,80295.84959,227.77778,2113.61111,21447.60816,1108.94444,1769.90939,70.98001,60.81781,228.38171,1014.7126,92vB.a_8,7420.65783,2612.55556,1880.9715,1.0,12976.53578,2.64906,1.11111,1.0,4289.62233,18111.73803,57.66667,366.73557,2431.57279,35.94444,351.31703,22.27778,9.61111,60.37248,301.60149,92vB.i_8
52876.30274,14616.62753,6538.15684,12288.36193,167960.35805,88.55556,4.83333,2.44252,29019.63163,78615.84959,237.0,2013.72222,17431.05261,922.33333,1838.68716,70.75779,95.48448,314.10393,1014.82371,92vB.a_9,6738.93561,2167.72222,1744.36039,1.0,11622.36911,5.12265,1.16667,1.0,3949.12233,17680.9047,47.11111,352.18001,2214.40612,30.83333,272.42814,19.22222,15.27778,51.81693,276.93482,92vB.i_9
65637.6812,21747.69612,7633.05556,26062.4216,604447.45521,57.66667,11.48111,2.05044,35134.07825,219883.42668,315.94444,15443.73557,40225.61111,993.55556,2313.98333,628.0,101.0,586.50775,1018.7126,92vC.a_0,2083.52056,210.80197,156.14451,1.0,2884.20588,33.44444,1.0,1.0,54.15728,1862.71621,2.18231,82.16667,106.73946,6.16667,1.26099,5.48207,5.72222,3.52709,30.24001,92vC.i_0
74023.79231,22210.75167,7752.11111,19049.4216,510175.89966,66.05556,15.14778,1.0,34919.80047,208389.87112,311.33333,13865.40223,52156.94444,1267.22222,2194.92777,617.0,113.72222,578.50775,1110.54593,92vC.a_1,1977.74278,199.6353,184.5334,1.0,2519.48366,131.88889,1.05556,1.0,55.15728,1700.1051,2.06321,71.0,98.29501,6.33333,1.52198,7.39458,2.88889,4.24903,20.57334,92vC.i_1
68245.95898,21338.69612,7531.77778,24579.25493,579197.45521,57.77778,10.59223,1.52522,33720.41159,196467.03779,333.27778,14008.5689,37839.38889,1204.16667,2293.03889,723.44444,115.66667,585.84108,975.99038,92vC.a_2,1803.96501,136.1353,118.81118,1.0,2359.09477,35.44444,1.11111,1.0,52.49062,1616.04954,1.62675,94.05556,108.46168,2.44444,1.0,1.67367,1.94444,5.94334,17.68445,92vC.i_2
65806.6812,20341.14056,6619.5,20861.31048,512255.23299,82.33333,12.70334,1.0,32594.24492,186749.37112,267.66667,12978.51335,39965.66667,1048.22222,2300.09444,677.44444,94.0,579.17441,1021.10149,92vC.a_3,1967.29834,177.41308,137.47785,1.0,2596.37255,76.33333,1.16667,1.0,58.49062,1589.6051,1.84099,80.11111,113.46168,4.94444,1.0,1.67367,3.83333,23.6089,19.81001,92vC.i_3
65497.34787,21546.80723,6946.27778,22726.75493,452607.62188,150.11111,13.03667,1.52522,27968.0227,180572.1489,289.94444,12909.95779,34911.0,1022.0,2294.87222,688.0,87.11111,608.22997,965.32371,92vC.a_4,1983.07612,178.52419,140.42229,1.0,3220.87255,64.16667,1.0,1.0,56.26839,1526.99399,2.15836,76.0,102.29501,4.77778,1.26099,4.02231,2.88889,5.85987,23.35112,92vC.i_4
66904.40342,20891.19612,6585.33333,20325.36604,539374.28855,113.22222,13.48111,2.05044,26183.63381,175563.31556,319.61111,13062.68001,32315.66667,904.83333,2270.65,516.0,58.44444,521.84108,954.49038,92vC.a_5,1742.07612,125.02419,90.64451,1.0,2739.03921,80.44444,1.11111,1.0,44.71284,1495.6051,1.0,82.83333,92.6839,3.22222,1.0,4.1168,1.94444,7.58292,13.2689,92vC.i_5
62156.95898,19633.58501,5971.05556,18517.08826,460471.23299,117.33333,8.03667,1.0,24422.68936,170978.6489,304.55556,11445.0689,35695.77778,1095.72222,2127.92777,455.33333,105.77778,562.67441,873.99038,92vC.a_6,1675.18723,148.19086,144.08896,1.0,2261.65033,58.05556,1.05556,1.0,45.26839,1495.43843,1.41251,88.83333,90.40612,4.27778,1.0,3.25284,1.94444,4.44334,19.08778,92vC.i_6
61383.62564,17432.47389,5737.27778,20045.53271,488202.23299,84.55556,9.29389,3.10089,22144.85603,165789.09334,304.33333,11652.51335,32302.61111,972.0,2146.15,506.83333,74.22222,504.84108,814.32371,92vC.a_7,1601.24278,100.85752,65.20007,1.0,2314.81699,23.33333,1.0,1.0,48.37951,1437.71621,1.0,89.0,70.85057,3.33333,1.0,1.0,1.0,12.47098,11.28334,92vC.i_7
79122.07009,23404.52945,7363.88889,19981.58826,493003.28855,94.66667,12.99556,8.17655,29884.07825,161675.48223,308.83333,12465.5689,39161.44444,1187.61111,2300.98333,680.27778,93.94444,648.45219,881.32371,92vC.a_8,1835.02056,154.24641,119.08896,1.0,2757.70588,70.33333,1.38889,1.0,50.04617,1400.66066,1.0,82.77778,88.73946,4.22222,1.0,2.52362,1.0,10.97098,14.31001,92vC.i_8
61320.01453,17640.86278,5534.0,19572.58826,446397.78855,43.38889,7.66223,3.62611,22513.85603,158325.59334,271.88889,11940.5689,34417.16667,985.5,2046.03889,509.16667,85.94444,507.28552,824.37927,92vC.a_9,1674.24278,157.24641,224.14451,1.0,2172.20588,41.72222,1.05556,1.0,48.82395,1390.27177,1.0,74.66667,83.62835,3.55556,1.0,5.34733,1.94444,2.74903,11.79778,92vC.i_9
41923.45694,11668.34872,3498.0,8643.06719,184486.00904,11.05556,2.50389,3.12835,10605.52364,118953.66572,181.0,8108.5,18175.37248,787.72222,2070.50618,256.03631,21.22222,109.59781,417.51779,92vD.a_0,1926.02542,292.74507,338.06097,1.0,2966.96547,5.0,1.0,1.0,384.23196,10412.62522,6.43581,561.55556,678.88594,13.08651,45.96819,27.41164,2.11778,20.95154,63.49038,92vD.i_0
40323.90139,10545.68206,3309.88889,11336.56719,117866.73126,7.0,1.93611,1.48084,11285.35698,111674.94349,156.88889,9096.88889,15178.26137,650.66667,1930.28396,241.03631,39.77778,114.87559,438.40667,92vD.a_1,2246.69208,276.68951,305.61653,1.0,3333.79881,9.0,1.0,1.0,341.39863,9279.29189,5.65004,518.33333,732.21927,13.8563,38.25392,26.0783,2.11778,19.3952,48.49038,92vD.i_1
40170.45694,10347.34872,3547.16667,8014.01164,129130.06459,37.66667,3.17056,1.0,9541.91253,108542.61016,163.22222,7524.44444,15687.92804,691.77778,1736.61729,245.25853,44.61111,116.37559,457.90667,92vD.a_2,1888.02542,257.46729,300.61653,1.0,2868.79881,3.0,1.0,1.0,318.34307,8733.01411,5.76914,489.61111,692.88594,8.88025,37.41263,16.91164,1.74519,14.61821,47.04593,92vD.i_2
39398.17917,10295.23761,3697.88889,12521.78941,114546.95348,17.0,4.545,6.14751,10395.85698,106224.61016,172.22222,8469.55556,16504.92804,840.94444,1932.2284,237.48076,57.33333,140.76448,464.85112,92vD.a_3,1576.85875,231.30062,321.50542,1.0,2591.46547,13.11111,1.0,1.0,263.34307,8449.62522,4.78511,489.0,454.10816,12.13408,19.2698,14.84424,3.98076,15.3952,60.65705,92vD.i_3
38327.73472,11136.1265,3395.55556,10314.28941,190560.06459,23.11111,2.72611,1.8014,10777.0792,104056.11016,181.11111,8661.44444,17053.81693,613.5,1873.06174,229.36965,41.61111,122.87559,389.79556,92vD.a_4,1712.19208,229.18951,321.56097,1.0,2850.02103,1.0,1.0,1.0,284.89863,8045.73633,7.74519,468.0,423.05261,11.80074,16.4841,16.44352,2.86297,13.5071,55.93482,92vD.i_4
36572.67917,10242.6265,3248.27778,8892.28941,134260.50904,29.5,3.69723,1.8014,10187.41253,101262.94349,152.77778,7766.05556,15353.70582,637.38889,1876.45063,228.25853,28.88889,158.4867,407.6289,92vD.a_5,1762.74764,214.18951,272.17208,1.0,2718.79881,15.16667,1.0,1.0,234.12085,7840.95855,4.78511,441.94444,351.71927,7.79309,15.18252,6.6621,1.74519,6.39441,47.93482,92vD.i_5
40274.29028,11370.45984,3434.22222,13556.73386,147248.45348,17.05556,2.35167,1.48084,10195.96809,99175.16572,179.77778,8330.66667,15878.70582,867.77778,1907.7284,224.59187,40.61111,142.54226,412.29556,92vD.a_6,1944.85875,216.18951,258.83875,1.0,2713.40992,7.05556,1.0,1.0,245.78752,7610.06967,6.2056,409.55556,453.27483,7.30074,18.61901,17.43531,1.74519,10.06068,51.7126,92vD.i_6
38586.62361,10921.40428,3338.94444,10649.62275,110139.62015,47.72222,1.97722,1.32056,10730.5792,98051.27683,166.44444,7771.55556,17598.70582,739.0,1690.50618,250.59187,44.72222,127.65337,390.01779,92vD.a_7,1713.19208,217.13395,281.44986,1.0,2766.74325,7.0,1.0,1.0,237.23196,7143.06967,4.35663,437.27778,383.38594,8.4042,19.5079,11.17758,2.11778,13.00512,54.65705,92vD.i_7
39025.12361,9990.73761,3153.66667,11532.95608,205192.95348,78.5,2.91334,1.64112,10700.69031,97298.5546,172.77778,8418.77778,16927.26137,730.88889,1923.45063,199.53631,35.72222,104.26448,361.1289,92vD.a_8,1625.35875,209.0784,276.28319,1.0,2366.57658,27.33333,1.0,1.0,230.12085,6644.45855,4.01531,404.94444,462.60816,5.60247,11.37298,13.46356,1.74519,13.33925,58.37927,92vD.i_8
40909.90139,9900.68206,3292.5,6637.6783,107925.73126,13.11111,3.43389,2.96807,9776.52364,96632.88794,158.11111,7466.16667,16053.20582,527.22222,1940.00618,262.70298,38.77778,125.43115,457.35112,92vD.a_9,2079.46986,216.02284,252.89431,1.0,3053.96547,19.11111,1.0,1.0,216.12085,6476.51411,3.24552,352.05556,266.9415,11.30873,5.55553,14.18942,1.0,10.22695,45.60149,92vD.i_9
32953.76365,3585.92032,5302.39508,3947.34678,206347.04568,708.97968,4.39442,2.55792,323.92802,6461.44266,520.68535,6123.00442,136.76137,575.71949,1.0,1011.94924,593.05226,2872.46456,146417.6354,93.a_0,2011.17317,245.66337,54.23951,17.87203,9097.84511,1357.94444,1.0,1.0,8.11111,5190.97438,1.0,9.37647,1.0,2.88889,1.0,1.0,2.58261,1.0,14.32183,93.i_0
36151.15254,4102.36476,6991.89508,5106.73566,253185.37902,432.50789,5.28331,1.0,349.65024,6220.16488,560.79646,7075.39331,165.53915,690.94171,1.0,1817.69803,687.05226,2903.24234,202090.52429,93.a_1,2094.67317,171.9967,54.68396,23.86079,9454.84511,1543.16667,1.0,1.0,9.27778,3858.69661,1.0,8.54387,1.0,2.5,1.0,2.50553,1.0,1.0,14.09961,93.i_1
31714.65254,3824.97587,7030.78397,4838.23566,241884.65679,322.75745,5.69373,1.0,320.76135,5978.77599,546.7409,6932.33775,150.87248,542.99727,1.0,1576.93475,667.33003,3088.2979,168825.74651,93.a_2,2104.61762,178.05226,60.68396,46.50498,10382.67845,760.0,1.0,1.0,9.16667,3486.5855,1.0,6.82749,1.66706,1.66667,1.0,2.88192,1.0,1.0,26.12164,93.i_2
27470.93031,3213.97587,5138.67286,4081.95789,201579.82346,646.119,3.76179,1.0,282.8169,5774.22044,533.7409,4291.44887,130.59471,394.49727,1.0,637.13283,496.10781,2372.24234,93876.85762,93.a_3,2015.06206,145.60781,50.57285,1.0,8846.56734,1152.5,1.0,1.0,4.83333,2810.02994,1.0,14.21054,2.33412,1.88889,1.0,1.75277,1.0,1.0,14.32183,93.i_3
35909.54142,4078.14254,4961.67286,5163.95789,225912.49013,272.50702,3.09512,2.55792,321.48357,5480.44266,565.51868,5617.61553,155.26137,461.55282,1.0,800.51929,512.94114,2591.24234,103065.74651,93.a_4,1808.67317,97.16337,37.68396,1.43883,8179.06734,1070.5,1.0,1.93207,2.88889,2144.25216,1.0,9.10016,1.0,1.44444,1.10889,1.0,1.0,1.0,9.19971,93.i_4
33582.87476,3517.30921,5883.72842,5349.73566,229657.43457,658.28567,3.50102,1.0,312.65024,5276.16488,553.7409,5190.33775,132.15026,453.60838,1.0,932.35262,508.05226,2498.46456,127615.52429,93.a_5,1611.11762,91.21892,39.46173,2.31648,7289.40067,827.94444,1.0,1.0,2.61111,1793.14105,1.0,5.76901,1.22262,2.44444,1.21778,1.0,2.58261,1.0,11.06058,93.i_5
33208.98587,3934.36476,5334.00619,4556.73566,227224.21235,674.95234,4.80484,1.0,298.48357,5034.88711,549.29646,5859.2822,137.87248,443.94171,1.0,676.76808,500.94114,2779.2979,107015.07985,93.a_6,1524.17317,79.16337,39.57285,1.43883,7129.01178,597.88889,1.0,2.86414,2.55556,1641.02994,1.0,6.60162,1.0,1.72222,1.0,2.12915,1.0,1.0,17.01053,93.i_6
26421.65254,3293.80921,5580.89508,4126.069,196383.21235,897.97968,4.94998,1.0,285.09468,4935.16488,473.51868,5384.2822,111.87248,491.10838,1.0,756.1304,548.4967,2633.40901,112318.19096,93.a_7,1540.45095,114.55226,56.23951,1.0,7460.51178,790.77778,1.0,1.0,4.55556,1404.80772,1.0,5.82603,1.89047,1.66667,1.0,1.0,1.0,1.0,17.89942,93.i_7
29371.04142,3542.58698,5073.56175,4500.18011,220559.49013,325.84035,2.76179,1.77896,327.37246,4751.49822,480.62979,5479.2822,128.65026,467.60838,1.0,881.15697,610.77448,2835.07567,125084.91318,93.a_8,1261.50651,62.6267,36.68396,1.87765,5792.84511,439.66667,1.0,1.0,1.33333,1174.19661,1.0,4.77047,1.0,1.22222,1.0,1.0,1.0,1.0,5.74976,93.i_8
29437.43031,3443.30921,5320.06175,5060.569,228269.26791,620.75745,3.57359,1.77896,301.37246,4620.77599,493.12979,5144.17109,102.26137,471.27505,1.0,904.13283,470.21892,2576.2979,119317.35762,93.a_9,1070.28428,54.83003,30.57285,1.0,5117.45623,462.38889,1.0,1.0,1.22222,1032.52994,1.0,2.99416,1.89047,1.33333,1.0,1.37638,1.0,1.0,1.47749,93.i_9
36921.31739,12759.13333,14535.81976,36360.36206,317144.3951,383.73045,29.03559,1.60833,6024.51046,2264561.11505,2174.04171,3622.66566,880.27483,1318.11111,1.0,149.22894,539.80197,3.46468,8680.736,A1.a_0,845.70159,4775.66667,262.3488,2001.39714,4532.70735,60.72144,1.0,1.64112,446.6601,76356.82781,188.63457,236.8106,37.95075,1.56168,1.0,1.0,2.51779,1.0,21.07326,A1.i_0
37396.03961,14322.74444,14056.20864,37371.58428,317086.06177,496.61933,26.1467,1.0,5987.89935,2225194.89283,2098.48615,3855.38788,1015.9415,1078.83333,1.0,157.72894,497.1353,1.68016,9080.79156,A1.a_1,844.3127,4597.33333,243.12658,1823.34158,4413.54069,58.01643,1.0,1.16028,460.10454,69570.99448,170.4679,245.14393,30.34003,2.19335,1.0,1.87046,1.25889,1.0,25.27702,A1.i_1
34812.20628,10769.68889,14085.81976,35390.02872,304177.78399,414.39711,29.1467,1.0,5626.56602,2181994.55949,2331.81949,3410.66566,960.99705,1349.16667,1.0,149.17339,606.02419,2.01349,8278.68044,A1.a_2,804.8127,4511.27778,212.3488,1913.73047,4280.48513,149.32394,1.0,1.16028,461.60454,61366.99448,176.13457,206.19949,32.06265,1.82196,1.0,1.58645,1.25889,1.0,42.75855,A1.i_2
37076.31739,14215.85556,14647.98642,40351.47317,299634.3951,656.786,26.25781,1.0,5893.95491,2151322.50394,2333.87504,3534.66566,914.77483,1357.83333,1.0,165.84006,725.24641,3.51349,8369.95822,A1.a_3,723.25715,4474.83333,258.29325,1725.45269,3181.48513,33.24256,1.0,1.16028,459.1601,56777.88337,183.9679,239.92171,22.00631,1.22528,1.0,1.28401,1.25889,1.0,39.4066,A1.i_3
35046.48406,16899.96667,13805.54198,36216.97317,288017.78399,652.61933,23.70226,1.0,5763.12157,2098726.22616,2391.98615,3535.11011,1043.60816,1315.94444,1.0,166.72894,931.46864,1.0,8022.18044,A1.a_4,628.09048,3967.05556,217.29325,1416.00825,3297.6518,128.55477,1.0,1.16028,364.82677,54088.38337,147.4679,212.03282,22.33964,1.2664,1.0,1.0,1.25889,1.02648,26.61035,A1.i_4
34211.37294,13142.02222,13120.37531,35875.02872,272041.33955,934.11933,26.1467,3.94167,5482.12157,2053420.11505,2023.04171,3330.66566,889.27483,1256.22222,1.0,161.34006,555.91308,3.80476,7347.51378,A1.a_5,681.59048,4265.27778,228.23769,1844.39714,3015.04069,51.09311,1.0,1.16028,409.49343,52098.38337,159.24568,199.8106,34.06265,1.56168,1.0,1.42601,4.4978,1.0,20.36966,A1.i_5
34895.98406,13152.68889,13753.37531,34725.97317,276574.00622,513.06378,24.81337,5.15834,5260.45491,2028147.72616,2148.04171,3497.55455,857.77483,1255.44444,1.77778,148.39561,475.41308,5.26269,7572.12489,A1.a_6,696.25715,4337.77778,163.40436,1547.39714,3724.6658,99.77699,1.0,1.0,381.43788,49851.16114,147.97147,182.19949,20.44996,1.95057,1.0,1.28401,7.22167,1.02648,15.57341,A1.i_6
35966.65072,16240.85556,13577.04198,33971.8065,285999.72844,474.06378,28.1467,2.21667,5317.06602,1993911.55949,1893.81949,3316.33233,822.27483,1258.77778,1.0,157.50672,442.85752,3.47143,7961.90267,A1.a_7,775.64603,4702.72222,160.18213,1841.61936,3664.37402,65.482,1.0,1.32056,455.60454,47451.60559,165.13457,162.8106,25.78448,1.52975,1.0,1.42601,1.25889,1.0,20.83272,A1.i_7
34397.37294,16560.46667,13149.93087,34423.13984,266072.17288,560.17489,21.25781,5.15834,5544.17713,1958595.44838,2038.87504,3203.27677,709.66372,1139.38889,1.77778,153.95117,540.6353,2.02024,6671.62489,A1.a_8,684.03492,3943.5,151.45991,1542.28602,3018.20735,182.42645,1.0,1.0,338.60454,45565.99448,137.02346,175.8106,25.45075,1.22528,1.0,8.70379,1.12945,1.0,16.83272,A1.i_8
35959.31739,11621.52222,13635.59753,34353.08428,271774.67288,486.17489,27.81337,1.60833,5127.12157,1907403.44838,1907.26393,3259.83233,672.60816,1362.66667,1.0,164.95117,518.96864,1.34008,7675.56933,A1.a_9,732.64603,4677.33333,174.90436,2029.95269,3042.92958,156.25117,1.0,1.16028,419.32677,43763.2167,161.91235,141.8106,34.3952,1.19029,1.0,1.58645,1.12945,1.0,9.31441,A1.i_9
66753.38672,13506.40624,5552.86122,2768.94822,155521.01829,1019.08216,10.92556,1.1496,2270.19336,333191.90226,85.24928,83249.31733,2486.79501,891.87,8.2476,483.48247,2865.31781,1488.90873,18762.12236,A10.a_0,18107.09753,480.09919,651.74611,64.44359,29835.286,13.35556,1.33784,1.0,155.42781,64264.29921,1.0,9651.27668,16.41031,87.31445,1.0,72.22222,102.83333,134.6386,910.121,A10.i_0
57302.05338,11011.68402,5229.86122,1850.44822,129295.40717,1018.74882,12.70334,1.0,1884.19336,274064.51337,92.24928,64019.70622,2127.46168,729.75889,4.02231,408.53803,2519.26226,1300.79762,14042.34458,A10.a_1,16898.81976,422.54364,640.135,33.09658,28053.61933,18.92222,1.07708,1.0,144.20559,61962.91033,1.0,9059.44334,16.26974,90.59223,1.0,64.27778,137.33333,115.58304,865.56544,A10.i_1
48172.88672,9642.68402,4290.08344,1747.44822,111520.79606,530.43884,10.80834,1.0,1516.6378,230059.56892,55.58261,55082.87288,1929.90612,607.20334,5.97245,371.37136,2129.59559,946.29762,13065.40014,A10.a_2,16519.20864,417.37697,597.635,35.93675,27590.39711,30.37778,1.52603,1.0,133.98337,58869.29921,1.0,8581.22112,20.68808,82.64778,1.0,67.33333,71.88889,91.08304,853.89877,A10.i_2
43583.22005,10292.62846,4809.02788,1362.8371,93579.29606,501.08216,9.07167,39.94879,1527.52669,196863.45781,65.36039,53773.87288,1898.90612,693.03667,3.96676,396.48247,2335.81781,901.18651,17257.0668,A10.a_3,15461.98642,436.59919,597.24611,4.13162,25739.786,2.17778,1.15416,1.0,126.09448,53226.46588,1.0,8062.27668,22.63253,72.09223,1.0,53.55556,77.88889,88.08304,763.50989,A10.i_3
45641.72005,15683.51735,5381.30566,1711.00377,90107.51829,476.47105,12.81445,73.06425,1956.30447,184007.45781,104.4715,67809.87288,2556.40612,991.81445,10.66142,522.3158,2466.81781,1291.40873,29613.73347,A10.a_4,14341.93087,394.21031,523.30166,14.86752,23614.17489,1.0,1.0,1.0,120.3167,49258.96588,1.0,7392.94334,11.28447,67.59223,1.0,46.16667,82.94444,74.30527,665.95433,A10.i_4
39417.88672,11832.62846,4470.91677,1393.72599,82408.35162,579.35994,9.81445,1.09973,1586.74891,173933.62448,70.91595,49016.26177,1900.62835,794.81445,8.9252,332.42692,2012.65115,858.01985,22321.73347,A10.a_5,13390.81976,343.76586,519.30166,17.59658,22108.34156,6.88889,1.0,1.0,113.87226,46346.07699,1.0,6790.72112,14.78447,58.03667,1.0,41.22222,59.11111,55.41638,629.39877,A10.i_5
44342.22005,11222.29513,4723.52788,1587.05933,91771.74051,378.0266,12.03667,36.2992,1426.6378,160347.01337,76.24928,52739.65066,1905.73946,835.31445,5.22529,432.09358,2441.76226,961.68651,19199.5668,A10.a_6,12763.20864,364.04364,506.85722,9.24273,21567.45267,2.17778,1.0,1.0,98.65004,43417.35477,1.0,6359.66557,18.97724,59.81445,1.0,54.61111,50.33333,66.58304,781.50989,A10.i_6
39844.38672,10369.12846,4149.02788,1422.22599,82736.6294,361.75661,9.14778,9.2664,1321.19336,152047.3467,52.13817,43865.59511,1516.85057,764.37,5.40858,344.20469,2053.26226,770.90873,19623.67792,A10.a_7,12614.15309,413.43253,557.41277,25.7282,22223.45267,3.35556,1.0,1.0,116.09448,41185.35477,1.0,6007.88779,18.76405,56.25889,1.0,59.77778,51.44444,66.52749,710.50989,A10.i_7
44835.60894,8329.12846,4670.91677,1321.72599,91034.40717,300.26439,11.70334,3.43307,1152.58225,147047.45781,48.13817,46173.03955,1318.96168,654.31445,5.83071,411.37136,2204.15115,818.29762,12916.0668,A10.a_8,12460.87531,444.71031,549.69055,10.16581,21960.06378,1.0,1.0,1.0,96.53892,39893.63255,1.19778,6013.88779,22.58266,54.70334,1.0,43.0,51.5,57.6386,856.121,A10.i_8
46894.83116,8134.73958,3735.36122,1264.94822,88483.24051,624.36772,9.59223,1.0,1030.36002,141952.01337,35.4715,46626.76177,1046.12835,585.20334,4.6168,423.26025,1909.65115,871.18651,11331.34458,A10.a_9,12136.09753,550.65475,601.135,36.4641,21523.23045,6.58889,1.11562,1.93245,102.98337,38565.1881,1.39557,5539.72112,23.78447,54.92556,1.0,45.77778,46.5,45.12164,861.89877,A10.i_9
34168.67199,767.68797,6923.59468,4480.01483,48360.46123,26.01675,1.87505,3.42299,602.22198,246934.5346,18.32877,187.94032,27.49705,169.31445,1.0,489.50017,157.11111,274.01444,1619.60235,A11.a_0,786.41253,2016.12723,141.02389,212.2308,2203.31938,1.0,1.0,1.0,213.85769,19439.90581,12.6621,19.52964,19.83333,2.77778,1.0,1.17014,3.58204,7.19265,19.87575,A11.i_0
31637.39421,709.13242,6600.42802,3811.23705,44624.1279,41.75267,1.54172,1.0,530.4442,226413.0346,16.43988,176.82921,29.77483,144.03667,1.0,751.33351,197.66667,262.45888,1394.71346,A11.a_1,835.63475,2197.01612,132.57944,294.00231,2172.43049,1.99102,1.0,1.0,212.74657,17332.79469,11.88432,10.79112,27.5,2.55556,1.0,1.13611,1.63759,3.80376,17.82019,A11.i_1
28051.67199,643.35464,6094.59468,3599.57038,39795.68346,73.36454,4.65283,1.62816,500.55531,216673.70127,18.10654,220.66255,27.55261,124.31445,1.0,570.61128,287.83333,225.56999,1550.21346,A11.a_2,829.46808,1773.62723,145.69055,205.46241,1828.15272,34.87991,1.0,1.0,201.35769,16481.40581,7.51471,16.68001,28.11111,2.16667,1.0,1.2382,7.73901,6.41487,16.20908,A11.i_2
26592.7831,592.85464,5520.87246,3364.84816,38011.85012,8.01522,1.51083,1.0,500.33309,211777.70127,15.99543,169.94032,29.21927,110.64778,1.0,487.88906,196.72222,211.29221,1383.99124,A11.a_3,831.30142,2000.01612,147.35722,286.33564,1874.48605,1.0,1.0,1.0,185.30213,15913.51692,8.99543,8.30742,20.27778,2.44444,1.0,3.80278,1.42506,4.43776,16.54241,A11.i_3
26757.50532,601.96575,5726.59468,3225.34816,38231.01679,46.37671,2.61272,1.62816,490.72198,204727.14571,17.55099,194.44032,23.55261,120.37,1.0,549.11128,246.11111,181.51444,1360.6579,A11.a_4,822.74586,1978.79389,143.02389,222.78948,1708.43049,1.0,1.0,1.0,182.85769,15157.40581,10.6621,7.38692,31.33333,1.44444,1.0,1.0,5.52648,6.29065,23.87575,A11.i_4
28217.44976,574.57686,5841.42802,3437.12594,40704.23901,76.69711,4.426,1.0,471.16642,198434.5346,16.55099,178.44032,20.4415,137.20334,1.0,286.83351,136.27778,186.45888,1532.71346,A11.a_5,809.46808,1849.62723,151.57944,260.72766,1851.65272,81.09315,1.0,1.1744,180.19102,14721.12803,6.68781,8.22026,21.16667,3.11111,1.0,4.69167,7.31395,4.31688,12.87721,A11.i_5
26295.44976,624.07686,5523.15024,3403.57038,38260.01679,19.00152,2.09728,2.25632,462.9442,194202.86794,17.55099,187.49588,26.83038,137.53667,1.0,291.16684,208.55556,166.40333,1329.82457,A11.a_6,750.46808,1677.73834,149.91277,222.84504,1786.09716,3.55107,1.0,1.0,198.13546,14374.85025,9.34162,10.79211,17.33333,3.44444,1.0,1.10209,1.21253,6.55865,17.93422,A11.i_6
26316.7831,659.57686,5626.76135,3602.40372,36286.01679,23.04262,2.35039,1.62816,453.72198,189605.86794,19.99543,222.77366,15.99705,126.14778,1.0,397.44462,262.0,181.6811,1406.76901,A11.a_7,838.96808,2110.23834,122.46833,291.78322,1793.43049,27.1532,1.0,1.0,197.74657,14064.57247,11.83519,7.70396,24.38889,2.61111,1.0,1.0,1.21253,3.29399,33.04241,A11.i_7
25631.50532,588.9102,5300.8169,4762.62594,37391.35012,22.47413,1.36422,1.0,451.9442,184751.75682,17.21765,189.94032,23.10816,113.81445,1.0,332.38906,186.72222,164.51444,1401.71346,A11.a_8,755.91253,2264.79389,108.57944,224.3912,1604.09716,1.0,1.0,1.0,202.85769,13670.62803,9.05741,6.0852,22.61111,1.33333,1.0,5.69167,1.0,5.79733,13.40425,A11.i_8
25432.17199,660.52131,5627.59468,3344.40372,38973.40568,5.25114,2.76394,2.25632,454.38864,182013.64571,15.88432,198.49588,18.38594,124.53667,1.0,319.44462,219.66667,202.51444,1239.21346,A11.a_9,772.02364,1749.34945,147.46833,166.8513,1669.15272,6.59764,1.0,1.0,150.9688,13245.23914,10.88432,9.07754,21.44444,2.05556,1.0,1.10209,1.0,7.68288,16.51537,A11.i_9
27348.83116,1987.07686,6723.65024,6680.02167,78333.76406,170.08849,2.29787,1.0,825.18989,411679.03102,30.44444,349.33848,73.60816,83.70334,1.0,413.15908,297.72222,275.24006,949.67731,A12.a_0,344.13965,365.04004,141.5125,3.8863,1504.26772,1.0,1.0,1.0,57.95846,10184.31852,1.9795,7.86941,2.73927,1.0,1.10889,1.0,1.0,1.0,13.0021,A12.i_0
22890.60894,1923.4102,5892.76135,5930.91055,78447.0974,92.11062,1.87116,1.0,751.18989,393365.08657,29.0,329.61626,71.83038,68.75889,1.0,456.99242,112.44444,229.07339,888.01064,A12.a_1,343.52854,433.92893,115.29028,56.21899,1035.43439,1.0,1.0,1.0,59.06957,8504.65185,2.01353,5.70275,3.78473,1.03806,1.0,1.37638,2.31402,1.0,7.08117,A12.i_1
24804.94227,1988.07686,6670.8169,6785.79944,73389.93073,68.21796,2.88723,1.0,769.85656,374722.47546,24.0,358.67181,79.49705,64.42556,1.0,502.60353,422.5,256.85117,885.17731,A12.a_2,381.75076,364.15115,115.73472,16.10917,1332.10106,1.0,1.0,1.0,57.84735,7649.09629,1.82083,4.08261,3.71213,1.41251,1.0,1.0,2.31402,1.0,5.81514,A12.i_2
28310.88672,1829.35464,7501.26135,6646.29944,70174.87518,422.91052,1.81962,1.0,803.63434,356617.80879,23.55556,275.83848,103.55261,75.75889,1.0,437.93686,2023.0,237.40672,927.28842,A12.a_3,381.47298,358.15115,119.29028,26.7177,1039.87883,1.0,1.0,1.0,62.51402,7171.42963,1.45346,6.26281,6.05683,1.29834,1.10889,1.0,6.51693,1.0,3.70725,A12.i_3
19103.99783,1876.9102,5089.03913,6083.41055,67393.93073,165.97738,1.51206,1.0,702.35656,339886.25324,22.55556,316.0607,93.71927,54.20334,1.0,366.38131,168.88889,222.57339,758.01064,A12.a_4,405.52854,329.87337,135.62361,43.66085,953.32328,74.06667,1.0,1.0,58.95846,6893.54074,1.56007,7.60065,4.93435,1.41251,1.0,4.14719,2.97103,1.0,2.73076,A12.i_4
25161.99783,1811.4102,6268.42802,5752.68833,59733.93073,187.0626,1.42671,1.90052,789.96767,329713.64213,22.33333,362.44959,64.33038,67.09223,1.0,599.93686,167.16667,255.35117,924.45508,A12.a_5,434.86187,297.48448,140.40139,7.60982,849.10106,1.0,1.0,1.0,55.40291,6489.42963,1.11562,8.92948,1.86175,1.0,1.0,1.0,4.25846,1.0,3.99678,A12.i_5
22746.77561,1798.13242,5884.48357,5819.79944,62434.93073,60.87758,1.76005,1.90052,735.85656,323236.30879,20.33333,305.67181,59.4415,65.98111,1.10889,429.10353,81.88889,236.79561,800.06619,A12.a_6,399.80631,264.2067,132.73472,31.16279,775.87883,37.12222,1.0,1.0,53.73624,6263.81852,1.03854,6.05412,7.53978,1.0,1.10889,3.01804,10.4324,1.0,6.2393,A12.i_6
23477.27561,1690.13242,6116.20579,5530.74389,60530.0974,81.56637,1.96454,2.80105,732.07878,314523.25324,22.33333,319.11626,72.10816,71.14778,1.10889,681.38131,121.5,243.40672,993.23286,A12.a_7,440.41742,278.26226,148.62361,9.10852,822.98994,30.9,1.0,1.0,51.18068,6006.87407,1.52603,5.88294,5.9173,1.11417,1.0,2.94998,6.20291,1.0,4.77134,A12.i_7
26449.38672,1761.79909,6622.48357,5380.96611,56605.15295,509.22173,2.62317,1.90052,786.301,303812.80879,24.11111,319.00515,82.16372,74.25889,1.10889,505.7702,189.61111,229.12894,838.39953,A12.a_8,409.08409,226.7067,156.73472,23.10982,713.32328,147.13333,1.0,1.0,48.2918,5838.98518,1.26076,7.19824,5.98422,1.11417,1.0,2.70972,7.51693,1.0,7.20725,A12.i_8
23823.55338,1952.9102,6244.42802,6153.24389,55195.81962,474.27729,3.04184,4.6021,741.07878,295962.19768,24.77778,252.39404,129.4415,74.87,1.10889,502.71464,751.44444,190.29561,826.06619,A12.a_9,423.97298,251.04004,144.40139,12.05491,596.93439,1.0,1.0,1.0,48.95846,5524.15185,1.41492,5.87843,2.13384,1.11417,1.0,4.07913,3.62804,1.0,5.66023,A12.i_9
61331.47838,9950.91308,12233.3625,11810.61665,207608.48824,170.35496,10.6924,1.0,4151.82019,1212521.17019,179.24928,934.32899,449.23946,825.53667,1.10889,1001.11996,549.4967,403.41855,4895.17648,A13.a_0,1006.37814,427.02419,340.64505,14.61863,1848.94968,14.72504,1.0,1.27118,73.91111,16423.71916,1.21626,22.03634,3.11111,5.44379,1.0,1.91779,1.0,24.47146,34.36923,A13.i_0
52546.14505,9194.24641,11219.08472,10788.56109,186964.48824,108.55506,6.02288,1.0,3927.87575,1099483.39241,126.24928,785.55121,388.29501,726.87,1.10889,959.9533,341.71892,440.91855,4928.17648,A13.a_1,931.9337,474.52419,308.42283,37.72974,1830.83857,7.40928,1.0,1.27118,86.57778,15709.10805,1.43849,16.5253,5.48889,4.67399,1.0,1.97558,2.83822,7.57357,38.09145,A13.i_1
52386.81172,7800.85752,11341.80695,10459.89443,178852.32157,118.83284,7.52431,2.93333,3635.70908,1036696.33686,119.02706,745.16232,393.90612,693.87,1.43556,967.00885,410.88559,415.97411,4786.50981,A13.a_2,841.9337,389.52419,240.97838,44.76929,1554.22746,60.74262,1.0,1.0,67.02222,14843.33027,1.33035,14.72686,3.73333,5.07087,1.0,5.57706,2.67644,4.23123,29.05043,A13.i_2
53581.97838,8579.07975,11597.19584,10340.89443,176649.59935,146.96985,7.13399,2.93333,3626.09797,1007274.11463,130.80484,794.32899,391.90612,676.75889,1.43556,887.56441,445.55226,371.58522,4570.12092,A13.a_3,913.37814,558.30197,295.36727,34.54706,1649.83857,30.87131,1.0,1.0,91.8,14475.10805,1.10813,9.39673,3.78889,3.95976,1.0,1.48298,1.0,3.8979,39.25812,A13.i_3
47553.31172,7499.46864,9877.75139,8877.44998,158296.82157,72.70338,6.13399,2.81111,3344.37575,957983.7813,112.36039,734.66232,308.96168,634.75889,1.21778,864.34219,408.05226,406.30744,4167.17648,A13.a_4,955.32259,526.69086,284.53394,37.3884,1713.94968,3.29817,1.0,1.0,79.91111,14164.94138,1.21924,15.66811,4.91111,4.69794,1.0,5.13038,1.0,5.73573,19.92479,A13.i_4
48232.03394,7322.6353,10005.08472,9092.00554,159204.32157,139.3884,5.90891,1.64444,3182.15352,930301.44797,110.4715,721.16232,293.57279,627.59223,1.21778,799.28663,364.27448,366.80744,4075.23203,A13.a_5,927.65592,462.19086,264.64505,27.68219,1604.89413,26.1519,1.0,1.0,80.46667,13776.10805,1.87399,6.19196,2.15556,4.18996,1.0,1.01927,1.0,3.78678,28.14701,A13.i_5
46415.03394,6712.74641,10056.8625,8456.39443,146826.98824,79.13651,6.35621,2.93333,3040.70908,870825.61463,110.13817,685.16232,267.1839,594.59223,1.0,748.9533,318.77448,354.69633,4103.67648,A13.a_6,1060.87814,508.69086,289.64505,32.84886,1670.56079,2.14909,1.0,1.0,78.68889,13587.21916,1.54066,16.31732,4.6,5.34066,1.0,1.0289,1.0,4.26126,23.81368,A13.i_6
47466.08949,6975.35752,9866.30695,8719.83887,147157.32157,86.71796,5.6297,4.86667,3015.54241,832760.2813,97.13817,667.10677,235.6839,586.92556,1.10889,831.61996,312.94114,399.863,4146.84315,A13.a_7,969.26703,587.41308,278.97838,37.67419,1582.28302,4.44726,1.0,1.0,75.13333,13382.38582,1.9851,5.87288,1.53333,5.0549,1.0,1.49261,1.0,6.79579,19.14701,A13.i_7
44746.92283,6758.41308,9317.14028,7990.72776,141389.93268,99.69207,4.18239,7.2,2964.4313,811124.55908,90.13817,630.60677,267.85057,575.64778,1.10889,763.4533,353.60781,407.363,3910.95426,A13.a_8,934.76703,537.96864,279.25616,20.35687,1616.39413,1.0,1.0,1.0,89.13333,13151.33027,1.43551,6.74752,2.68889,3.04724,1.0,4.2052,1.0,2.08559,37.09145,A13.i_8
46776.70061,6052.57975,10007.08472,8060.6722,136902.65491,70.14028,3.18525,7.96667,2788.37575,792433.05908,96.13817,611.16232,250.07279,573.14778,1.0,718.73108,373.33003,361.30744,3960.78759,A13.a_9,979.10037,489.52419,285.20061,39.71373,1650.39413,23.85373,1.0,1.0,78.46667,12935.94138,1.21626,11.557,2.06667,4.92017,1.0,1.0,1.0,1.72673,30.36923,A13.i_9
42371.84315,7509.5784,6970.5631,14608.54708,158226.76641,146.62285,3.03692,1.0,1996.45566,1089571.55021,253.9585,927.88889,579.61111,191.72222,1.0,1004.4533,798.4868,469.52262,4181.83414,A14.a_0,3241.19055,3686.58698,311.08896,607.83786,5958.9926,1.0,1.0,1.0,219.08118,32186.09234,4.7,6.44281,9.67219,31.5,1.0,4.66505,10.44444,1.54265,70.12589,A14.i_0
49727.28759,6576.46729,7165.45199,10369.10264,147351.93308,80.84507,3.16229,1.0,1835.78899,867722.27243,200.62517,824.5,462.38889,175.33333,1.0,747.23108,538.15346,353.91151,3037.05636,A14.a_1,3063.74611,3273.53143,353.92229,662.00452,5113.60371,1.0,1.0,1.0,197.19229,30333.20346,3.61111,11.58844,8.55989,24.22222,1.0,7.26516,4.77778,1.0,49.12589,A14.i_1
43757.12092,4691.80062,6630.39643,7767.76931,116456.32197,86.36228,5.38451,3.50695,1469.4001,725134.60576,131.84739,594.55556,372.38889,123.83333,1.0,583.84219,950.54235,346.41151,2224.0008,A14.a_2,2974.52389,3295.69809,339.92229,597.22675,4563.82593,73.49533,1.0,1.0,186.97007,28627.31457,3.44444,12.5434,8.94917,11.83333,1.0,6.6876,2.88889,1.81398,39.62589,A14.i_2
37700.3987,4037.80062,6601.45199,7212.76931,99304.59975,88.74256,4.05117,1.0,1153.06677,628084.4391,100.51406,420.83333,288.94444,118.0,1.0,445.67552,1749.9868,289.3004,1942.22302,A14.a_3,3167.02389,3059.19809,389.08896,437.50452,4336.60371,85.7731,1.0,1.0,200.74784,27474.25901,1.72222,14.38726,8.61624,7.66667,1.0,17.52039,8.55556,2.89929,31.29255,A14.i_3
43059.95426,4520.13395,7636.0631,5626.38042,86156.76641,62.12754,5.05117,1.08681,1129.78899,491110.05021,87.62517,419.0,186.22222,94.61111,1.0,397.9533,1495.9868,276.96707,1650.05636,A14.a_4,2665.135,3323.97587,247.81118,514.83786,3938.71482,1.0,1.0,1.0,197.19229,26580.09234,2.84444,13.81066,11.33806,10.11111,1.0,11.75416,1.0,1.0,35.62589,A14.i_4
37767.12092,5404.46729,6640.84087,5368.26931,76580.09975,50.01174,3.71784,1.26043,1050.84455,387404.21687,83.06961,334.27778,161.44444,77.61111,1.0,347.32318,1017.47827,227.35596,1332.77858,A14.a_5,2781.41277,3083.30921,304.64451,481.39341,4316.88149,98.05088,1.0,1.0,192.74784,25969.20346,2.51111,8.20711,5.671,14.0,1.0,6.99893,3.83333,1.0,46.12589,A14.i_5
47396.56537,4995.85618,6874.72976,5588.04708,74354.6553,43.84507,2.64949,1.0,1007.73343,314418.4391,41.29183,388.38889,60.77778,88.88889,1.0,314.00885,526.0253,157.07818,915.38969,A14.a_6,2827.85722,2752.42032,334.81118,390.94897,3997.32593,1.0,1.0,1.0,171.97007,25479.92568,2.14444,14.23111,3.33452,11.0,1.0,16.11004,3.83333,1.54265,29.90366,A14.i_6
46481.84315,3832.18951,6137.84087,3865.43597,73862.54419,22.09781,1.88597,1.26043,870.84455,286741.77243,28.84739,345.05556,54.44444,99.22222,1.0,290.56441,243.20902,146.85596,796.11191,A14.a_7,2893.19055,2656.36476,399.20007,442.7823,4246.71482,1.0,1.0,1.0,175.97007,25127.48123,2.47778,7.67555,5.0591,12.72222,1.0,1.66559,5.72222,2.65376,36.62589,A14.i_7
48722.95426,3757.02284,5935.84087,4062.10264,73027.1553,30.21283,1.80337,1.26043,757.23343,263968.77243,19.06961,353.38889,21.05556,108.11111,1.0,259.23108,411.59791,129.8004,806.33414,A14.a_8,2911.30166,3284.69809,347.20007,489.17119,4228.71482,1.0,1.0,1.0,191.97007,24754.03679,3.14444,10.52992,15.33728,8.5,1.0,7.50993,1.0,2.62796,29.237,A14.i_8
47394.06537,4227.24507,6518.67421,3904.15819,69713.93308,11.38811,1.78911,1.26043,821.9001,253345.49465,21.9585,315.11111,40.55556,97.77778,1.0,211.06441,955.20902,165.46707,805.66747,A14.a_9,2869.74611,2856.64254,339.86674,548.39341,4188.38149,27.52077,1.0,1.0,190.08118,24522.1479,3.41111,12.73111,8.94878,11.33333,1.0,5.86527,3.83333,1.93154,34.07033,A14.i_9
70379.64742,19114.85399,165107.635,24550.6641,106838.37952,19165.27778,357.71765,164289.03331,3264.96151,155990.43139,12.81806,1606.37288,571.73946,3615.32183,1.0,1161.30519,46449.31781,13176.61919,4251831.43575,A15.a_0,1976.02466,169.18884,159.12787,2.47973,2136.1385,111.29672,1.18288,46.15254,56.19806,665.99238,1.0,24.144,24.72222,3.81111,1.0,3.16634,1.0,1.0,15438.51203,A15.i_0
66574.03631,18454.63177,174387.02389,21922.6641,107750.21285,19291.83333,350.55099,161522.19998,3121.29485,151896.26473,13.48866,1566.92844,592.85057,3586.76627,1.0,1125.97185,51141.59559,13589.00807,4053303.54686,A15.a_1,2268.69133,221.40257,269.28678,1.0,2387.80516,570.18571,1.07177,98.76365,59.53139,592.15905,1.0,25.71007,16.66667,3.72222,1.0,1.0,10.4715,1.0,16010.1787,A15.i_1
69229.98076,18851.9651,163086.46833,28456.27521,107493.43507,18052.55556,357.82877,173483.36664,3376.40596,148638.87584,11.71482,1574.42844,586.79501,3872.65516,1.0,1252.63852,52460.15115,13639.11919,4067566.65797,A15.a_2,2100.69133,174.95812,136.52452,1.0,2236.69405,221.98174,1.0,47.72787,59.86472,542.47471,1.0,20.8317,11.66667,4.02222,1.0,1.0,4.16523,1.0,14582.40092,A15.i_2
67417.53631,18322.02066,167809.74611,22077.6641,104973.37952,17610.05556,339.77321,160280.47775,3045.40596,145190.82028,13.82199,1553.15066,568.85057,3541.09961,1.0,1169.86074,53365.87337,13014.56363,3996544.26908,A15.a_3,2075.69133,144.68034,204.73122,1.0,2217.6385,553.79682,1.04784,160.12241,62.19806,498.15905,1.0,32.3317,23.94444,5.06667,1.0,1.0,53.87248,1.0,18422.95648,A15.i_3
65586.98076,18108.79844,169936.02389,24584.88632,100365.32396,15253.5,355.6621,176970.9222,3091.29485,143359.37584,13.71088,1486.984,563.96168,3773.04405,1.24198,1145.24963,59414.81781,12441.61919,4124418.82464,A15.a_4,2413.30244,200.64179,98.69377,1.0,2549.91627,84.94484,1.0,78.93032,62.86472,477.27016,1.0,31.81066,18.61111,4.85556,1.0,1.0,1.0,1.0,13414.84537,A15.i_4
64984.31409,18293.52066,161200.30166,23075.10854,98911.71285,17744.88889,334.71765,161331.36664,2999.51707,141242.59806,10.04815,1450.53955,550.90612,3276.37739,1.0,1139.74963,55365.42893,12616.84141,4005845.43575,A15.a_5,1989.13577,157.96662,117.18084,1.0,2167.24961,137.01885,1.02392,52.50565,54.6425,422.14138,1.0,28.24163,7.77778,9.0,1.0,1.0,13.4715,1.0,12541.62314,A15.i_5
65062.48076,17880.74288,162342.91277,21437.33077,102406.15729,17268.16667,337.21765,169694.58887,3074.18374,139984.48695,13.37361,1519.76177,548.90612,3357.82183,1.0,1122.97185,59820.87337,12984.2303,3886156.04686,A15.a_6,2209.41355,174.79145,268.67567,2.47973,2290.36072,248.48194,1.0,120.5113,55.19806,404.15905,1.0,22.89777,14.83333,6.73333,1.0,1.0,2.58261,1.0,18438.6787,A15.i_6
63704.4252,17904.07621,171059.02389,23109.77521,101062.37952,19567.22222,333.93988,170731.9222,3079.12818,138311.15362,9.15926,1495.81733,598.35057,3877.65516,1.0,1249.86074,61250.26226,12942.67474,3900796.76908,A15.a_7,1825.02466,124.56923,112.35785,1.0,1973.52739,153.09295,1.04784,68.54614,42.75361,403.77016,1.0,28.09896,16.33333,3.5,1.0,1.0,149.81837,1.0,14093.62314,A15.i_7
64373.25853,17446.07621,159019.52389,21348.33077,97574.54618,17722.0,335.71765,163424.31109,3091.07263,136909.5425,13.82986,1419.984,535.29501,3469.9885,1.0,1107.69408,53642.48448,12295.34141,3855716.65797,A15.a_8,2033.19133,168.02218,176.29971,1.0,2214.69405,111.0373,1.02392,39.50565,55.86472,364.30804,1.0,28.86622,14.38889,2.93333,1.0,1.36095,2.58261,1.0,14732.51203,A15.i_8
66353.03631,17291.40955,152472.24611,24588.27521,99537.54618,16834.61111,345.82877,176099.53331,3089.18374,135558.09806,10.37755,1436.37288,521.85057,3995.32183,1.24198,1052.19408,50471.26226,12420.95252,4119549.82464,A15.a_9,2289.41355,176.58623,93.35268,1.0,2383.6385,84.00029,1.0,54.77872,64.53139,345.84593,1.0,22.79718,16.88889,1.75556,1.0,1.0,1.79131,1.0,11471.01203,A15.i_9
36153.57936,24739.43764,156540.62614,6271.89082,146049.2223,3901.55614,166.88889,43353.67426,2368.94823,117140.44715,36.37,2065.66557,1275.0,5949.62948,1.0,1356.02741,328290.87337,1753.81751,22131.59037,A16.a_0,2732.39091,834.36315,141.95159,19.59402,6924.20735,106.39452,1.22833,905.89565,116.96529,1174.78242,1.0,91.24607,57.16667,1.97907,1.0,2.34932,6.29566,1.0,215.84349,A16.i_0
36001.24603,21999.21542,147127.23725,6271.77971,156711.77785,3761.72281,152.27778,39898.34092,2260.94823,114458.61381,32.14778,1868.72112,1177.66667,6343.01837,2.28331,1452.97185,295001.04004,1633.03973,21243.86815,A16.a_1,2572.33536,811.02981,156.95159,1.35898,6368.37402,6.74543,1.22833,1115.22898,103.29863,1080.56019,1.0,115.52385,55.55556,2.64548,1.0,1.44977,4.44349,1.0,222.84349,A16.i_1
34943.07936,22192.93764,144830.95948,6726.61304,160424.05563,4288.6117,154.33333,38475.1187,2143.28156,111699.22492,31.70334,1843.83223,1124.11111,5692.29615,4.20828,1401.97185,315966.92893,1633.65084,21305.64593,A16.a_2,2506.05758,674.80759,128.84048,1.89745,6065.31846,18.59353,1.15222,1190.22898,98.40974,1022.61575,1.07746,100.85718,36.5,2.13876,1.0,1.22489,3.29566,1.0,197.17682,A16.i_2
36998.0238,23966.27097,152295.45948,6171.33526,151095.44452,4648.27837,162.44444,47142.89648,2161.17045,107826.39159,31.37,1978.38779,1072.55556,4923.46282,1.0,1588.19408,301269.65115,1788.48417,20347.59037,A16.a_3,2131.7798,670.69648,140.0627,1.53847,5868.1518,90.66948,1.60889,1115.23441,99.52085,970.17131,1.07746,103.74607,43.05556,1.2708,1.0,1.0,18.75847,1.0,239.12127,A16.i_3
34967.24603,22723.43764,149772.73725,6475.83526,147820.11118,5260.27837,160.33333,42914.39648,1949.28156,104785.66937,33.37,1938.55446,979.72222,5330.07393,1.0,1500.86074,304780.54004,1610.26195,20265.59037,A16.a_4,2468.83536,619.25203,140.50714,1.0,6240.37402,35.22504,1.0,1214.8401,88.18752,902.22686,1.07746,78.24607,48.88889,2.13876,1.0,1.0,3.29566,1.0,196.4546,A16.i_4
37542.13492,22944.71542,146693.34836,6181.33526,155249.33341,4451.6117,149.94444,42902.17426,2062.78156,102556.78048,29.25889,1876.38779,1014.0,4938.51837,1.0,1238.97185,323940.59559,1680.53973,21350.53482,A16.a_5,2341.00202,701.97426,139.28492,1.0,5874.87402,46.46484,1.30445,1014.8401,92.29863,876.00464,1.0,78.46829,40.55556,3.00672,1.0,2.33866,5.01741,1.0,196.9546,A16.i_5
37716.69047,23329.71542,150145.45948,6238.50193,144911.61118,4369.05614,148.72222,40202.50759,2052.11489,99673.11381,27.25889,1912.77668,1168.72222,5239.46282,1.64166,1496.63852,325260.98448,1896.03973,20907.03482,A16.a_6,2327.50202,671.86315,119.39603,19.41454,5986.92957,74.76582,1.07611,853.22898,103.0764,813.39353,1.07746,82.02385,49.44444,1.5832,1.0,2.11911,6.29566,1.0,182.78794,A16.i_6
35587.13492,21832.60431,147494.1817,6685.50193,146968.7223,5509.77837,140.38889,35579.17426,1952.83711,97676.89159,29.70334,1687.55446,1171.94444,5290.96282,1.0,1215.9163,277956.65115,1541.26195,19885.59037,A16.a_7,2568.05758,671.75203,115.50714,12.52138,6186.87402,116.7834,1.86611,994.89565,109.40974,808.17131,1.07746,91.52385,51.22222,1.41654,1.0,1.89422,2.57392,1.0,191.89905,A16.i_7
37244.5238,21921.82653,153662.40392,7463.11304,150752.27785,5284.77837,149.38889,36489.6187,2021.67045,95942.78048,23.14778,1731.94334,1043.61111,5548.18504,1.0,1311.47185,283005.65115,1465.92862,19835.03482,A16.a_8,2061.05758,597.97426,116.17381,1.0,5039.6518,61.70464,1.22833,812.39565,86.52085,755.50464,1.0,79.85718,38.22222,1.10413,1.0,1.66933,8.44349,1.0,176.73238,A16.i_8
35323.5238,22952.21542,164531.01503,6377.89082,147970.11118,4350.50059,146.77778,35502.06315,1947.44823,93988.28048,25.81445,1574.44334,926.11111,5810.74059,1.0,1452.02741,349057.42893,1603.65084,19789.97926,A16.a_9,2216.89091,645.47426,119.00714,3.7906,5415.04068,1.0,1.22833,965.56232,97.0764,713.50464,1.0,93.63496,57.38889,1.2708,1.0,2.79377,2.14783,1.0,181.78794,A16.i_9
87840.20345,10958.68797,11137.88005,7814.39966,267208.05959,580.69787,22.94637,59.78412,1877.61625,1040463.87409,693.88889,3765.22456,432.47189,454.24519,1.0,570.64193,1522.9102,1093.62236,5765.67631,A17.a_0,3884.69154,631.27448,397.01269,23.80142,8224.32225,2.41478,1.11562,1.0077,45.02088,19041.29815,23.80484,233.1,9.22222,12.69373,1.0,1.0,1.94444,1.0,95.18918,A17.i_0
82640.59234,9803.57686,10031.82449,9027.06633,255661.61514,1133.58676,19.83526,37.61745,1659.94958,933342.87409,624.0,3422.94678,358.02745,498.8563,1.0,466.41971,1788.52131,932.23347,4884.67631,A17.a_1,3817.52487,680.71892,378.56825,46.73522,7934.04447,16.29613,1.0,1.0,48.90977,17937.8537,26.36039,153.37778,9.66667,14.19373,1.0,1.0,4.77778,1.0,79.57807,A17.i_1
78389.259,9495.57686,10872.04672,6618.01077,234784.44848,1057.47565,16.27971,48.11745,1584.39403,888568.09631,601.72222,3284.61345,389.91634,427.07852,1.0,601.03082,1507.02131,1619.17792,5624.00965,A17.a_2,3772.19154,599.05226,379.1238,75.23522,8436.87781,69.87381,1.0,1.0,47.79866,17322.79815,21.91595,149.1,13.44444,11.58261,1.0,1.0,2.88889,1.0,85.85585,A17.i_2
77509.48123,8722.13242,10345.04672,6842.84411,226335.39292,482.25343,14.05748,48.35167,1450.28292,832915.65187,556.0,2933.50234,368.583,422.63408,1.0,515.58637,3770.96575,1369.62236,5364.45409,A17.a_3,3482.63598,536.44114,336.1238,29.00118,7830.48892,114.45526,1.07708,1.01539,44.35421,16875.79815,17.91595,107.87778,8.61111,20.13817,1.0,1.0,4.77778,1.0,94.57807,A17.i_3
71819.98123,8095.35464,9372.04672,6333.733,203014.89292,586.69787,12.73309,34.12186,1316.94958,761789.20743,616.22222,2644.83567,237.52745,316.07852,1.0,361.47526,3811.96575,641.67792,4510.17631,A17.a_4,3707.08043,654.66337,383.45714,36.65721,8204.37781,29.27024,1.0,1.01539,56.2431,16376.90926,23.80484,175.48889,15.22222,13.02706,1.0,1.0,1.0,1.58671,98.91141,A17.i_4
67702.31456,7932.74353,8536.76894,6233.34411,201613.28181,701.21157,11.83526,26.42363,1246.28292,683368.04076,497.88889,2446.83567,249.13856,287.41186,1.0,332.58637,1227.63242,426.67792,3684.73187,A17.a_5,3718.46932,776.94114,429.29047,51.85815,7737.65558,51.88135,1.0,1.0077,62.35421,15836.07593,29.13817,111.32222,15.16667,10.96699,1.0,1.0,3.83333,1.29335,100.41141,A17.i_5
68885.31456,9590.63242,7951.76894,6099.12188,196207.39292,718.53121,10.17753,25.02275,1227.94958,656110.65187,479.83333,2243.22456,226.80522,301.41186,1.0,246.53082,1443.68797,229.4557,2930.45409,A17.a_6,3508.08043,654.4967,403.17936,28.91253,7214.26669,1.0,1.0,1.0,63.46532,15426.07593,25.02706,133.37778,15.88889,15.74928,1.0,1.0,2.88889,1.0,91.46696,A17.i_6
74590.92567,9686.02131,8679.49116,6176.56633,215734.39292,404.78083,6.50193,13.59029,1195.22736,642460.26298,538.66667,2101.55789,211.19411,303.52297,1.0,246.25304,1229.4102,275.67792,2771.39853,A17.a_7,3509.02487,606.05226,387.84603,54.74586,7441.60003,1.0,1.0,1.0,54.57643,15026.8537,23.13817,118.48889,10.83333,13.91595,1.0,1.19507,1.94444,1.0,84.91141,A17.i_7
74261.259,13239.57686,8037.88005,7241.06633,214359.61514,512.37824,6.50789,7.76137,1292.5607,622655.76298,592.72222,1985.669,251.47189,313.30074,1.0,249.91971,1163.07686,163.90014,3412.39853,A17.a_8,3577.58043,599.9967,340.40158,79.99172,7557.10003,56.76647,1.0,1.0,52.2431,14774.46482,21.02706,101.93333,11.16667,10.65519,1.0,1.0,5.77778,1.0,69.07807,A17.i_8
71132.37012,11031.4102,8593.04672,6323.67744,203080.83737,601.14232,7.72713,11.26137,1177.11625,610050.42965,541.61111,2028.89123,238.63856,304.63408,1.0,230.69748,1297.9102,307.9557,2874.73187,A17.a_9,3600.8582,653.55226,412.45714,67.28014,7753.60003,2.41478,1.0,1.0,58.57643,14375.57593,23.24928,105.1,14.11111,14.02706,1.0,1.19507,2.88889,1.0,95.07807,A17.i_9
85710.15071,7689.05556,33503.22517,15804.80089,163421.85639,269.16667,58.27971,108.13919,1500.16189,1426484.90273,227.23754,630.03955,372.47891,682.40611,1.0,3484.73042,1482.11111,148.37765,5764.30217,A18.a_0,3348.60611,2018.65346,569.44286,159.90392,6857.59823,26.85837,1.0,1.0,137.17681,17826.13785,13.49598,39.5,46.56265,38.69429,1.0,59.83474,1.0,1.0,255.93451,A18.i_0
88584.20627,8140.83333,34161.28072,15379.85644,164060.74527,400.61111,58.50193,126.69474,1549.82856,1379828.84718,223.23754,677.09511,397.64558,991.12834,1.0,3556.84153,1743.72222,194.76654,6133.80217,A18.a_1,3023.995,2021.4868,528.60953,132.28083,7224.70935,65.20892,1.0,1.0,150.95459,17395.52674,12.16265,42.33333,47.56265,43.58318,1.0,61.61252,1.0,1.0,291.21229,A18.i_1
85138.26182,7679.94444,34014.83628,14100.18978,164218.24527,345.11111,57.16859,112.69474,1440.05078,1346672.84718,220.23754,651.92844,398.47891,1020.85056,1.0,3417.89708,1598.22222,171.37765,5968.13551,A18.a_2,3116.495,1811.20902,574.16508,97.61264,6330.7649,3.59781,1.0,1.0,147.84348,17027.63785,12.43139,31.77778,52.34043,34.69429,1.0,64.94585,1.0,1.0,264.43451,A18.i_2
78050.48404,7296.44444,32656.33628,12790.52311,148002.4675,209.61111,59.72415,71.63146,1316.49523,1299800.51385,210.12643,604.65066,408.42336,841.90611,1.0,3294.23042,1475.38889,137.59987,5527.46884,A18.a_3,3095.38389,2022.59791,536.94286,133.37691,6900.87601,140.1831,1.0,1.0,137.62125,16670.08229,11.16265,46.05556,60.67376,38.52762,1.0,54.33474,1.0,1.0,271.60118,A18.i_3
72368.37293,7152.55556,29752.61406,11636.80089,134681.85639,234.27778,56.05748,79.67928,1232.99523,1239643.95829,203.9042,530.26177,328.8678,678.40611,1.0,2996.17486,1433.66667,109.37765,4873.35773,A18.a_4,3116.38389,1978.09791,607.22064,156.25229,7061.70935,64.12754,1.0,1.0,158.73237,16370.52674,9.05153,46.05556,44.78487,38.74985,1.0,58.11252,2.40234,1.0,266.15673,A18.i_4
75214.0396,7558.61111,30505.66961,11618.13422,141982.74527,400.72222,42.27971,91.69474,1285.43967,1128187.68051,195.34865,540.87288,407.42336,774.12834,1.0,2989.06375,1340.72222,132.4332,5205.69106,A18.a_5,2952.32833,1779.82013,562.72064,89.89042,6346.48712,26.85837,1.0,1.0,139.73237,16044.86007,11.82931,31.83333,51.28487,32.86096,1.0,46.05696,1.0,1.0,287.43451,A18.i_5
76706.59516,7951.16667,30135.78072,13238.18978,147130.35639,221.94444,43.27971,43.28266,1155.71745,1096975.40273,199.12643,493.59511,366.25669,767.90611,1.0,2899.89708,1176.55556,100.09987,4868.19106,A18.a_6,3177.82833,1820.43124,619.99842,99.12767,6520.04268,12.14476,1.0,1.0,161.17681,15813.80451,8.16265,38.11111,52.45154,33.24985,1.0,56.11252,1.0,1.0,292.87896,A18.i_6
73895.87293,7052.66667,29516.83628,10997.74533,128559.52305,261.22222,47.16859,85.63146,1160.99523,1063603.0694,191.34865,540.59511,397.8678,749.18389,1.0,2870.67486,990.94444,147.09987,5538.13551,A18.a_7,2889.995,1846.87568,530.38731,33.87015,6397.82046,70.72613,1.0,1.0,137.39903,15582.30451,10.05153,35.94444,46.45154,40.8054,1.0,49.27918,1.80468,1.0,266.10118,A18.i_7
77424.65071,7019.88889,31111.11406,12351.57866,132840.57861,768.5,48.05748,79.56043,1299.43967,1032444.95829,207.34865,604.87288,433.97891,761.795,1.0,2978.11931,1133.38889,159.76654,5605.24662,A18.a_8,2804.32833,1873.9868,493.66508,126.64793,6297.20935,140.45227,1.0,1.0,134.62125,15377.74896,9.32028,37.38889,46.33964,27.63873,1.0,47.39029,1.40234,1.0,269.87896,A18.i_8
80265.76182,7999.72222,33238.44739,12307.68978,149324.30083,435.61111,38.83526,44.62372,1298.773,1004580.95829,194.45976,560.42844,334.3678,632.01723,1.0,3106.34153,1311.66667,151.09987,4737.85773,A18.a_9,3066.77278,1810.37568,578.38731,61.50153,6359.65379,13.22613,1.21435,1.0,152.84348,15152.08229,10.7182,40.88889,48.45154,34.58318,1.0,54.77918,2.20701,1.0,273.87896,A18.i_9
30032.83152,18458.93764,8998.02788,14295.5496,542943.92775,264.56378,19.73628,4.26578,5719.72666,467143.22299,179.77778,4757.55951,4484.26867,1636.57393,1.31788,828.84398,1356.4618,4461.26956,3418.4416,A19.a_0,1151.21763,1775.38889,220.6252,385.46022,14448.23636,50.93506,1.0,1.0,381.21676,16862.73524,15.37,347.05556,507.35419,32.59034,1.0,4.89059,4.16523,88.78169,82.8777,A19.i_0
29105.88708,17677.54875,7880.41677,14635.21627,495325.37219,285.11933,19.73628,10.56314,5606.94889,457628.88965,171.11111,4737.67062,4310.93533,1425.07393,1.0,793.0662,1462.79513,4663.76956,2541.60827,A19.a_1,1151.8843,2011.05556,231.06965,429.40466,14985.40302,41.35916,1.0,1.0,379.55009,16473.9019,14.48111,514.33333,490.29863,41.97923,1.0,9.65998,6.53915,44.79046,71.59992,A19.i_1
28565.94263,16963.77097,9022.25011,15334.5496,465173.59442,627.95267,24.18072,9.39206,5446.22666,453467.16743,159.77778,4608.55951,4238.15756,1589.57393,7.69131,980.89954,1386.29513,3323.26956,3459.49716,A19.a_2,1091.55096,1685.5,189.6252,398.51578,13846.79191,378.95541,1.0,1.0,365.93898,16053.84635,15.37,387.66667,441.9653,36.47923,1.0,8.09093,4.31837,169.1082,72.15548,A19.i_2
29123.72041,17675.43764,8593.91677,14943.0496,466509.76108,463.73045,22.51406,4.03157,5359.39333,449732.22299,151.88889,5040.39284,4155.04644,1712.51837,6.2314,836.0662,1374.4618,4155.88067,2907.71938,A19.a_3,1074.8843,1853.27778,195.40298,442.238,14293.73636,236.82669,1.0,1.0,375.43898,15607.17968,17.37,416.44444,493.29863,35.97923,1.0,7.92596,3.37392,66.02828,72.76659,A19.i_3
29141.38708,18032.27097,8966.02788,14573.38293,511337.4833,406.286,26.18072,1.93245,5539.83777,447493.72299,176.88889,5045.11507,4307.54644,1650.07393,3.30242,846.67731,1375.18402,6549.99179,3659.99716,A19.a_4,1092.16208,1800.72222,198.06965,403.24021,13613.56969,148.8443,1.0,1.0,381.38343,15339.29079,18.03667,371.16667,470.9653,31.81256,1.0,9.20374,1.0,49.00391,68.65548,A19.i_4
27931.72041,16875.27097,8392.58344,13303.71627,447584.87219,338.56378,20.51406,14.52716,5348.00444,444987.22299,170.66667,4092.33729,4199.71311,1471.68504,3.62029,733.84398,1459.68402,3891.99179,3453.88605,A19.a_5,1051.05096,1834.16667,204.51409,421.738,13623.29191,137.21832,1.0,1.0,372.27232,15071.4019,16.25889,426.94444,521.13196,31.31256,1.0,13.78118,2.58261,50.95713,62.59992,A19.i_5
28047.72041,16541.9932,8846.97233,12253.10516,461027.26108,367.286,24.62517,18.02275,5359.83777,442015.3341,153.55556,4811.4484,4133.602,1459.29615,1.95363,895.39954,1706.23958,3415.76956,3049.77494,A19.a_6,1144.60652,1720.05556,180.51409,377.90466,13836.6808,211.86464,1.0,1.0,370.38343,14813.9019,15.25889,504.27778,470.90974,36.59034,1.0,14.20374,4.31837,45.19495,58.93325,A19.i_6
28884.83152,16629.43764,8243.97233,13882.93849,487863.81664,389.95267,19.84739,12.19382,5384.44889,439414.66743,159.11111,4418.61507,4293.76867,1583.79615,4.45363,754.84398,1394.18402,3143.15845,3198.27494,A19.a_7,1108.10652,1876.61111,176.40298,431.90466,13415.95858,300.19798,1.0,1.0,376.60565,14567.23524,15.92556,461.27778,487.57641,36.92368,1.0,14.57075,6.05412,31.87721,62.54437,A19.i_7
28106.33152,16512.88209,7103.02788,12237.71627,427616.42775,283.06378,16.29183,16.86049,5295.44889,437428.44521,160.77778,4359.78173,3968.32422,1604.74059,1.95363,663.17731,1605.85069,2985.71401,2732.9416,A19.a_8,967.71763,1569.55556,167.06965,310.84911,11916.06969,135.10721,1.0,1.0,316.6612,14409.62412,15.14778,470.61111,405.52085,30.03479,1.0,19.60442,8.78987,33.69495,71.43325,A19.i_8
28537.44263,16883.21542,8601.52788,14267.43849,489775.03886,352.84156,16.29183,18.49118,5342.33777,435812.3341,161.0,5462.17062,4176.82422,1431.90726,2.15121,814.12176,1214.01735,5158.6029,2892.60827,A19.a_9,1161.8843,1669.44444,182.84742,406.29355,13541.23636,143.68037,1.0,2.11111,350.32787,14188.95746,12.03667,413.44444,450.13196,27.25701,1.0,14.64819,9.58118,63.55265,46.65548,A19.i_9
62171.52056,5059.59559,11585.77343,26701.28372,237020.72497,237.46133,18.10843,2.68986,3891.29471,1461965.93316,1260.44986,2669.95136,465.1839,693.25889,1.0,333.99712,725.55556,431.72004,4082.32797,A2.a_0,2516.27462,889.64254,592.13653,315.55108,2409.773,201.53523,1.0,1.37811,217.16004,23915.92889,36.11111,37.12513,2.37973,9.80937,1.0,1.21334,1.0,1.0,31.45016,A2.i_0
63497.74278,2951.15115,11565.21787,23974.11705,215980.89163,196.35021,17.99732,1.6976,3530.85026,1408883.48872,1220.17208,2733.61803,371.96168,692.09223,1.32667,325.71935,689.88889,387.05338,4197.27242,A2.a_1,2264.60795,793.75365,570.85875,194.43997,3191.05078,128.14371,1.0,1.0,211.04893,22406.54,35.77778,26.40291,3.5464,13.19826,1.0,3.34446,1.0,1.0,27.06957,A2.i_1
58729.02056,2402.98448,11181.49565,22314.17261,202184.33608,143.86779,16.21954,4.20533,3213.1836,1354289.43316,1116.33875,2539.61803,427.40612,529.20334,1.0,268.60824,422.33333,420.05338,3761.60575,A2.a_2,2481.0524,877.53143,584.08098,199.60664,2607.66189,38.72748,1.0,1.75622,228.38226,21832.92889,29.0,28.18068,2.35334,13.6427,1.0,1.21334,1.12945,1.0,27.95016,A2.i_2
57977.46501,2445.04004,10897.32899,21437.89483,187065.78052,102.27145,17.7751,2.74399,2950.1836,1300235.26649,1005.44986,2401.17359,403.40612,533.75889,1.10889,265.60824,478.77778,472.7756,3670.99464,A2.a_3,2348.21906,893.69809,549.85875,240.88442,2516.16189,410.56082,1.0,1.0,231.16004,21370.20667,31.11111,27.90291,1.13112,9.03159,1.0,2.21112,1.64723,1.0,22.17238,A2.i_3
61083.13167,5270.15115,11777.10676,25164.28372,225278.00274,204.38538,15.88621,1.5232,3244.51693,1259518.59983,875.39431,2549.34025,304.23946,832.92556,1.10889,323.7749,889.83333,410.99782,4375.1613,A2.a_4,2424.71906,870.42032,557.8032,251.27331,2495.71745,100.6155,1.0,1.0,219.49337,20981.04,29.33333,35.40291,2.68667,8.30937,1.0,1.16,1.12945,1.0,25.17515,A2.i_4
57958.63167,3597.04004,10928.60676,20847.83927,177595.66941,202.21871,13.66399,6.53866,3302.51693,1232842.59983,1198.06097,2428.11803,434.46168,549.48111,1.65334,273.88601,467.94444,339.88671,3386.10575,A2.a_5,2388.94128,825.97587,555.08098,295.1622,2470.32856,127.9462,1.0,1.37811,224.8267,20365.76223,29.77778,31.84735,3.96807,10.97603,1.0,1.71334,1.12945,1.0,25.22793,A2.i_5
51695.79834,2906.81781,9421.88454,21001.28372,181690.16941,83.35021,12.10843,1.5232,2917.40582,1200928.43316,987.06097,2186.89581,322.51724,535.03667,1.43556,243.55268,364.11111,334.66449,3343.27242,A2.a_6,2369.88573,841.25365,557.02542,189.08294,2508.16189,239.36506,1.0,1.0,216.38226,19903.26223,28.88889,29.77559,2.75223,10.97603,1.0,2.15778,1.12945,1.0,31.56404,A2.i_6
58807.57612,3648.98448,11345.60676,21994.00594,190951.00274,125.36779,20.99732,6.53866,2958.01693,1155622.37761,830.50542,2401.11803,291.07279,732.59223,1.32667,291.71935,528.27778,393.7756,3779.99464,A2.a_7,2418.27462,726.92032,578.63653,165.04924,2530.99522,223.61637,1.0,1.0,199.93782,19682.48445,22.77778,27.18068,1.58556,11.69826,1.0,2.49778,1.12945,1.0,22.50571,A2.i_7
58021.90945,2801.31781,10502.10676,23397.78372,202123.66941,239.57244,15.21954,1.3488,2455.07249,1130566.26649,780.33875,2378.22914,227.07279,723.81445,1.10889,271.05268,479.72222,286.33115,3798.21686,A2.a_8,2282.27462,798.97587,532.46986,209.18405,2352.82856,85.0326,1.0,1.0,208.71559,19188.48445,29.33333,28.56957,2.35334,7.92048,1.0,3.04889,1.25889,1.0,19.11682,A2.i_8
57754.74278,3017.81781,10479.55121,24198.22816,191239.00274,159.16315,12.99732,1.3488,2772.29471,1107940.09983,877.11653,2337.84025,326.85057,718.48111,1.32667,266.33046,558.16667,333.44227,3632.88353,A2.a_9,2240.71906,746.30921,521.74764,213.00553,2246.66189,60.64284,1.0,1.0,190.16004,18878.09556,24.33333,17.61584,1.18029,9.1427,1.0,5.07112,1.77668,1.0,13.01402,A2.i_9
51048.74345,2342.55556,10179.43291,23386.12179,203753.07773,397.7391,14.24796,1.0,5359.02468,1498031.50774,1677.28234,1696.83848,588.79501,982.09223,1.65004,161.66684,314.85464,21.15899,2816.53445,A3.a_0,528.83945,317.29909,36.32787,15.56158,1205.6545,984.44503,1.0,1.0,25.35804,1064.99052,1.76884,13.90137,1.0,1.13167,1.0,1.0,1.0,1.0,1.07778,A3.i_0
52597.57678,2351.72222,10370.87735,21951.01068,189148.35551,268.29466,14.47018,1.0,5447.13579,1457531.22996,1832.72679,1844.44959,696.07279,1047.03667,1.32502,158.05573,358.18797,8.93256,2740.70112,A3.a_1,463.67278,302.02131,41.10565,5.85386,1155.04338,906.22281,1.0,1.0,22.09724,928.49052,2.42359,14.45693,1.0,1.26333,1.0,1.18568,1.0,1.0,1.15556,A3.i_1
49963.02122,2409.33333,10266.15513,20958.62179,183473.91106,477.85021,12.6924,2.62709,5957.2469,1419460.84107,1807.78234,1728.17181,549.73946,1012.81445,1.65004,168.11128,341.57686,16.47968,2653.25667,A3.a_2,711.33945,135.14739,66.6612,1.0,1483.93227,1356.50059,1.0,2.11111,9.9568,708.43496,1.54662,6.82,1.0,1.37444,1.0,1.0,1.0,1.0,1.4,A3.i_2
49778.68789,2205.0,10204.98846,22366.95513,190374.29995,570.35021,13.02574,1.81354,5677.08023,1392352.78552,1801.17123,1781.5607,579.62835,1053.75889,1.32502,155.27795,292.9102,14.7701,2752.86778,A3.a_3,729.11722,349.0498,60.10565,7.72825,1475.37672,933.1117,1.0,1.0,17.62115,530.91388,1.87697,12.02735,1.0,1.61722,1.0,1.0,1.0,1.0,1.15556,A3.i_3
50285.35456,2199.05556,10431.48846,22223.89957,193608.52217,445.01688,8.6924,2.08472,5037.02468,1356658.72996,1556.00456,1665.39404,508.96168,993.42556,1.0,182.72239,309.63242,15.75746,2801.14556,A3.a_4,771.72833,88.53771,67.32787,5.4855,1406.93227,882.31537,1.0,3.22222,8.06791,462.26829,1.21924,5.18855,1.0,1.26333,1.0,1.0,1.0,1.0,1.0,A3.i_4
47462.85456,2306.11111,10055.37735,19587.62179,174210.2444,457.2391,15.24796,1.81354,5324.19134,1306870.56329,1655.22679,1770.0607,555.23946,854.98111,2.30009,158.94462,341.46575,21.03524,2517.09001,A3.a_5,803.17278,59.0498,72.99454,1.0,1580.04338,815.27827,1.0,1.0,1.51466,368.08055,1.0,4.72376,1.0,1.65222,1.0,1.0,1.0,1.0,1.0,A3.i_5
45512.52122,2368.77778,9807.54402,18319.28846,167227.63329,258.07244,11.58129,2.08472,5342.85801,1279762.28552,1767.67123,1744.33848,581.85057,760.81445,1.97507,155.72239,351.18797,23.86857,2332.9789,A3.a_6,839.17278,64.68797,65.88343,3.24275,1621.21005,779.59315,1.0,1.0,1.29475,290.22614,1.0,4.00701,1.0,1.26333,1.0,1.0,1.0,1.0,1.0,A3.i_6
45918.52122,2144.5,9855.48846,18880.23291,168998.63329,385.29466,11.35907,3.8757,4786.69134,1249960.34107,1433.94901,1617.0607,467.07279,835.53667,1.65004,151.61128,330.46575,23.64635,2522.70112,A3.a_7,810.11722,47.52275,71.77232,1.0,1532.09894,1357.22281,1.0,1.0,1.88658,273.37941,1.0,4.64239,1.17778,2.15833,1.0,1.0,1.0,1.0,1.0,A3.i_7
44849.91011,1661.5,9453.93291,20128.67735,169371.96662,266.18355,7.68954,1.0,3795.63579,1223191.06329,1092.56012,1643.39404,354.96168,717.25889,1.0,143.77795,241.46575,13.81301,2531.14556,A3.a_8,816.95056,339.74497,75.77232,1.0,1429.98783,504.74126,1.0,1.0,5.39893,250.21846,1.0,2.25898,1.0,1.76945,1.0,1.0,1.0,1.0,1.0,A3.i_8
47612.68789,1973.72222,9869.43291,22591.62179,189544.46662,362.68355,9.6924,3.25139,3637.2469,1201407.89663,1009.44901,1474.83848,360.6839,825.92556,2.62511,161.55573,350.24353,11.11187,2674.81223,A3.a_9,812.17278,26.50922,69.55009,1.0,1377.54338,750.66726,1.0,1.0,1.55324,222.22614,1.0,1.80359,1.0,1.74889,1.0,1.0,1.0,1.0,1.15556,A3.i_9
116767.24679,26362.26226,6781.53291,5091.54639,244926.68803,348.51904,18.20838,1.0,3602.09353,478172.85919,116.78234,231920.01752,3517.04644,2264.25813,6.24713,1166.67731,5257.04004,698.13202,80251.10575,A4.a_0,1992.4779,27.45864,68.20838,1.0,3881.13021,1007.79466,1.0,1.0,1.33333,1782.01189,1.0,8.12884,2.34695,3.72003,1.0,1.0,1.0,1.0,1.03696,A4.i_0
105143.3579,25007.31781,6176.08846,5132.87972,230942.41025,272.1487,18.65282,6.71171,3368.64909,454060.85919,102.3379,222396.68419,3267.602,2683.70257,8.04214,1335.78843,5566.76226,732.13202,95491.88353,A4.a_1,1943.31123,44.91,78.09727,3.65332,5061.35243,1651.79466,1.0,1.0,1.0,1583.123,1.0,5.90932,2.43529,3.07393,1.0,1.35492,1.0,1.0,1.0,A4.i_1
105919.08012,26409.76226,6061.03291,4639.71306,235701.63247,302.87093,16.98615,3.25225,3338.81575,433576.13697,95.67123,209800.46197,3658.87978,2097.36924,11.86686,1119.5662,4988.31781,684.02091,72756.10575,A4.a_2,1816.64457,44.94479,68.09727,1.0,3705.0191,1400.29466,1.0,1.0,1.11111,1509.28967,1.0,4.90932,1.52001,4.23753,1.0,1.0,1.0,1.0,1.11087,A4.i_2
97324.52457,22638.31781,5299.19957,5001.1575,219119.63247,183.44503,12.65282,1.0,3289.48242,419249.91475,104.67123,212478.40641,3797.15756,2624.98035,10.67433,1216.28843,5240.09559,643.79869,92970.21686,A4.a_3,1899.64457,35.94479,68.20838,1.0,3340.18576,771.51688,1.0,1.0,1.11111,1425.623,1.0,3.02313,1.91528,3.5853,1.0,1.0,1.0,1.0,1.11087,A4.i_3
90209.80235,21577.09559,4706.69957,4854.10195,209413.4658,164.94503,12.65282,1.0,3092.87131,409259.85919,104.67123,214037.51752,3849.15756,2642.25813,5.33716,1025.0662,5336.31781,637.85425,90775.21686,A4.a_4,1898.9779,39.73641,60.54171,1.0,4978.74132,2031.51688,1.0,1.0,1.0,1409.90078,1.0,10.73725,1.95806,3.08836,1.0,1.0,1.0,1.0,1.0,A4.i_4
98101.02457,23930.42893,5055.08846,4740.43528,216719.57691,220.38948,14.87504,1.0,3465.09353,392191.91475,101.22679,211536.51752,3414.32422,2244.59146,11.0546,1162.28843,5061.04004,598.63202,84173.38353,A4.a_5,1870.03346,27.74334,70.87504,2.32666,4851.63021,1682.2391,1.0,1.0,1.0,1346.623,1.0,6.74535,1.89251,2.97725,1.0,1.0,1.0,1.0,1.0,A4.i_5
93906.96901,21217.2067,5366.19957,3795.54639,192929.4658,395.68571,13.20838,227.94894,2732.03798,370894.69252,86.78234,158485.2953,2595.93533,1685.92479,9.74713,850.51065,4234.81781,525.29869,57105.55019,A4.a_6,1819.86679,74.90308,66.65282,1.0,4187.57465,1276.90577,1.0,1.0,1.0,1283.67855,1.0,7.1898,3.09195,2.88364,1.0,1.0,2.31949,1.0,1.11087,A4.i_6
91400.58012,15936.2067,5010.14402,3516.82417,185948.24358,1798.88948,13.31949,1097.20569,2187.98242,350378.30363,71.78234,136711.40641,2000.93533,1517.25813,1.87165,1282.34398,3651.48448,425.46536,53119.05019,A4.a_7,1715.9779,14.61146,121.65282,1.0,3962.96354,1425.07244,1.0,1.0,1.05556,1226.23411,1.0,5.85106,1.08195,1.82196,1.0,1.0,1.0,1.0,1.0,A4.i_7
94430.63568,20366.48448,5392.92179,3516.60195,190259.79914,2307.50059,15.09727,1172.18016,2476.53798,336053.02586,62.22679,117961.07308,1785.602,1551.09146,4.06801,1140.01065,4111.04004,367.74314,52004.55019,A4.a_8,1848.4779,29.17393,66.4306,1.0,4214.96354,892.68355,1.0,1.0,1.0,1189.45633,1.0,7.56788,2.28778,3.69947,1.0,1.0,1.0,1.0,1.0,A4.i_8
72453.08012,19085.42893,4057.36624,3563.21306,165869.79914,662.50059,10.98615,196.41891,2553.31575,321081.35919,81.44901,156807.01752,2506.21311,2075.5359,7.13218,800.0662,4478.26226,454.9098,77155.99464,A4.a_9,1606.25568,26.93077,73.20838,1.0,3995.96354,1490.68355,1.0,1.0,1.0,1115.623,1.0,5.80902,1.08195,3.12642,1.0,1.70983,1.0,1.0,1.03696,A4.i_9
59877.51814,20357.9102,9229.60894,228.54636,128191.94092,827.34156,11.3379,9.94917,2923.18615,163871.49673,97.09727,409.47007,232.55556,195.29025,1.0,162.3689,289.77778,105.94894,1532.73586,A5.a_0,727.91673,233.82142,223.7364,1.0,1770.80697,1417.00822,1.0,1.0,54.23736,3415.29709,1.15222,40.38889,3.21821,1.55556,1.68181,2.12709,1.79131,1.0,18.86475,A5.i_0
57411.0737,28174.24353,8613.33116,161.55356,118571.99648,1287.786,10.22679,15.01064,2799.85282,158021.99673,94.87504,467.63673,245.83333,187.56802,1.0,124.14668,300.5,185.94894,1750.01364,A5.a_1,738.97228,144.75109,207.18085,1.0,2059.25142,6252.56378,1.0,1.0,35.15715,3200.24154,1.15222,26.66667,1.44311,2.55556,1.68181,1.61459,1.0,1.0,8.8107,A5.i_1
57521.62926,22626.79909,8638.88672,303.43525,116488.10759,527.286,11.00456,8.7896,2969.01948,149917.49673,91.65282,390.08118,200.16667,182.06802,1.0,144.3689,497.55556,133.22671,1671.95809,A5.a_2,698.08339,135.69554,193.84752,1.0,1745.58475,2054.00822,1.0,1.0,36.38858,3079.79709,1.33945,39.27778,5.10777,2.22222,1.0,3.05001,1.0,1.0,21.14253,A5.i_2
54523.79592,19563.85464,8912.88672,192.28297,114802.32981,887.06378,10.11568,14.23523,2896.35282,144378.2745,96.09727,399.35895,189.05556,189.06802,1.0,158.14668,292.61111,107.89338,1611.40253,A5.a_3,722.91673,191.26586,189.18085,1.0,1879.75142,2297.61933,1.0,1.0,37.38858,2974.74154,1.72,17.5,3.16399,1.83333,1.0,8.18612,1.0,1.0,11.8092,A5.i_3
52682.68481,17630.9102,7664.94227,277.43885,106478.44092,691.84156,8.25122,4.11584,2871.85282,140893.44117,81.20838,365.02562,187.27778,182.29025,1.0,160.81335,315.33333,129.44894,1714.40253,A5.a_4,648.75006,210.37697,158.18085,1.0,1796.30697,2508.96147,1.0,1.0,25.72191,2880.35265,1.71389,40.88889,2.72088,2.88889,1.0,1.85279,1.0,1.0,18.14102,A5.i_4
50665.40703,20704.18797,8661.49783,292.88689,103050.05203,453.56378,7.05344,9.56147,2591.29726,136581.21895,80.31949,369.41451,208.0,179.56802,1.0,148.48001,288.72222,208.00449,1893.68031,A5.a_5,763.86117,217.54364,173.95863,1.0,2106.41808,1767.06378,1.0,1.0,34.16636,2801.51931,1.56167,23.33333,1.44311,2.33333,1.0,5.2257,1.0,1.0,16.08396,A5.i_5
49655.5737,17632.13242,8223.66449,249.15748,102770.38537,669.23045,9.029,11.8948,2451.07504,133036.10784,75.87504,351.74784,164.22222,178.8458,1.0,132.59113,325.27778,117.89338,1690.79142,A5.a_6,773.80562,114.48808,191.68085,1.0,2043.91808,3693.84156,1.0,1.0,22.72191,2743.74154,1.15222,23.05556,2.32932,3.27778,1.0,1.10209,1.0,1.0,8.58547,A5.i_6
47487.46259,20816.46575,8593.77561,282.8797,97697.16314,504.786,9.00456,9.95272,2663.2417,131396.16339,82.4306,386.19229,176.61111,188.40136,1.0,210.48001,502.61111,116.39338,1914.68031,A5.a_7,753.52784,244.56965,177.06974,1.0,2085.0292,5199.17489,1.0,1.0,21.97503,2675.79709,1.825,25.83333,1.22155,3.27778,1.0,4.89584,2.58261,1.0,10.14706,A5.i_7
46970.0737,22530.79909,8969.77561,256.93885,97265.27426,398.11933,6.3001,4.8948,2806.57504,130467.05228,87.98615,348.02562,177.94444,196.90136,1.0,162.25779,358.22222,110.1156,1913.40253,A5.a_8,675.80562,138.40299,162.51418,1.0,1720.25142,2479.786,1.0,1.0,28.6417,2607.79709,1.45667,21.22222,3.16265,3.0,1.0,3.08404,1.0,1.0,8.86777,A5.i_8
43827.74037,16491.4102,8161.72005,182.11631,92226.55203,408.34156,9.22679,4.89125,2193.29726,128548.05228,61.87504,350.85895,153.83333,165.01247,1.0,181.03557,514.27778,128.44894,1894.51364,A5.a_9,755.13895,154.98808,171.40307,1.0,2066.41808,2895.56378,1.0,1.0,31.94414,2586.85265,1.33945,26.66667,1.66466,3.27778,1.0,2.19515,1.0,1.0,16.86324,A5.i_9
22001.83108,1318.59559,4903.25139,9229.24631,68576.56693,88.39194,5.59227,1.99299,1105.51711,473634.90647,206.58261,879.74784,49.70582,507.64075,1.0,83.72239,513.93676,3.56053,1848.07869,A6.a_0,945.69593,2999.07778,760.7029,955.73679,2284.08246,842.52034,1.0,1.0,288.01972,34803.60437,94.02183,104.35718,16.05556,2.21202,1.0,2.90746,1.0,1.0,23.97231,A6.i_0
20333.88664,1984.54004,3736.80695,8825.74631,58844.28915,59.61416,4.12071,1.4965,1087.01711,421999.40647,206.63817,752.74784,33.65026,705.47408,1.0,77.88906,465.38121,3.5816,1581.85646,A6.a_1,723.47371,2610.85556,617.86957,798.3479,1627.74913,705.12285,1.0,1.0,250.07527,32305.4377,93.02183,70.13496,11.55556,2.22298,1.0,2.39818,1.0,1.0,17.75009,A6.i_1
20615.71997,1418.48448,4108.52917,8401.85742,55681.23359,154.16972,6.95272,1.0,1004.18378,397995.68424,153.24928,785.24784,37.70582,609.69631,1.0,80.77795,246.43676,3.56053,1611.57869,A6.a_2,960.69593,2749.18889,825.42512,960.79235,2151.52691,701.01174,1.0,1.0,276.96416,30537.60437,88.79961,99.74607,13.0,2.99527,1.0,1.31791,1.0,1.0,17.52786,A6.i_2
20208.10886,1668.31781,4229.8625,9045.96854,50163.45582,152.82268,6.43916,1.0,1038.46156,377310.29536,180.24928,758.35895,48.03915,533.97408,1.0,86.50017,285.21454,2.67585,1500.85646,A6.a_3,844.52926,3019.24444,804.98068,999.57013,2224.69358,606.56729,1.0,1.0,305.57527,28348.21548,107.79961,111.0794,12.33333,2.50075,1.0,3.47844,1.0,1.0,18.91675,A6.i_3
17341.21997,1190.2067,3495.08472,8146.52409,48811.06693,57.5586,4.43916,1.0,827.01711,367043.79536,167.80484,733.58118,38.98359,532.25186,1.0,80.11128,230.82565,2.34252,1393.91202,A6.a_4,888.69593,2775.35556,813.09179,854.53845,2209.36024,415.02895,1.0385,1.0,293.01972,26459.60437,104.13294,81.5794,11.33333,3.25661,1.0,2.39818,1.94444,1.0,18.58342,A6.i_4
18329.99775,1320.65115,3895.8625,8260.69076,44953.95582,128.86454,5.18982,1.4965,897.79489,354489.51758,197.02706,741.24784,37.76137,531.14075,1.0,72.44462,190.15899,2.85517,1355.07869,A6.a_5,956.75148,2907.85556,805.64735,1058.8479,2547.58246,641.73396,1.07701,1.0,297.35305,25142.9377,111.24405,83.80163,13.61111,2.55083,1.0,1.0,9.72222,1.24011,24.41675,A6.i_5
18787.27553,1108.42893,3806.14028,8999.69076,44371.23359,111.00305,6.35516,1.0,851.406,342239.90647,158.4715,713.97007,28.26537,557.19631,1.0,79.88906,247.65899,3.19693,1377.02313,A6.a_6,864.64037,2728.85556,829.25846,906.68124,2181.47135,485.45618,1.0,1.0,297.51972,22686.32659,93.91072,64.41274,10.83333,2.16742,1.0,3.54329,5.83333,1.24011,16.75009,A6.i_6
16702.49775,1129.7067,3305.75139,8575.96854,47098.40026,102.01675,3.38492,1.0,801.23934,337042.2398,155.02706,696.13673,32.65826,554.14075,1.0,71.55573,111.99232,4.35517,1353.30091,A6.a_7,907.08482,2582.13333,955.42512,847.29235,1869.08246,428.12285,1.0,1.0,289.46416,21219.49326,96.91072,41.96829,11.88889,2.82861,1.0,3.35191,1.94444,1.0,20.52786,A6.i_7
20732.60886,1558.04004,4467.8625,8635.24631,43146.34471,94.5586,5.23182,1.4965,899.29489,328656.01758,135.24928,636.08118,24.98359,502.86297,1.0,69.61128,481.15899,7.90229,1345.24535,A6.a_8,1007.02926,1881.8,699.42512,746.73679,1716.58246,750.18701,1.0,1.0,210.51972,20122.27104,62.6885,40.19052,6.11111,3.49527,1.0,4.75009,2.88889,1.0,24.63898,A6.i_8
21427.5533,2147.31781,5447.52917,8466.52409,44869.95582,265.65602,6.18982,2.66316,996.35045,323456.62869,131.13817,738.08118,36.82492,518.80742,1.0,93.55573,613.15899,21.54367,1370.74535,A6.a_9,1066.91815,2328.41111,821.64735,733.79235,1723.4158,931.34507,1.0,1.0,245.74194,19153.32659,70.57739,54.96829,6.38889,3.92328,1.0,8.6884,2.88889,1.0,21.97231,A6.i_9
19487.43958,3567.73163,12019.30908,8072.18089,21554.06474,940.30938,22.65538,2.94797,1015.62235,158074.85265,34.98615,314.85708,17.60816,471.91595,1.0,265.27778,827.16667,497.78808,939.83355,A7.a_0,726.53686,192.01612,198.83476,2.72658,981.25566,367.83638,1.0,2.77581,39.59888,4459.36804,2.78911,8.82516,1.44523,3.09445,1.0,2.88192,53.09168,1.0,9.40292,A7.i_0
19629.43958,3745.12052,11253.69797,7798.12533,20866.67585,763.64271,21.32205,4.12521,937.62235,154176.29709,43.65282,258.91263,14.88627,490.19373,1.0,294.22222,786.72222,445.28808,737.83355,A7.a_1,857.03686,160.62723,278.16809,2.72658,1091.42233,281.43303,1.0,1.88791,47.04332,4196.81248,3.20505,5.99183,1.0,2.825,1.0,4.21525,3.72112,1.0,41.09548,A7.i_1
22237.60625,4956.95385,11883.36464,8232.23644,23061.50918,831.30938,21.54427,4.12521,1126.45568,151976.29709,53.54171,308.85708,43.55261,426.74928,1.0,288.27778,849.0,443.06585,839.72243,A7.a_2,733.37019,241.405,183.72364,2.72658,1073.58899,200.50229,1.0,3.94248,41.15443,3976.31248,1.91448,5.29534,1.89047,2.77556,1.0,3.46248,5.40667,1.0,21.85923,A7.i_2
20093.55069,3355.06496,11933.86464,7836.73644,21309.06474,632.19827,24.43316,3.34391,923.56679,148251.85265,41.4306,294.41263,16.83071,437.9715,1.0,256.11111,836.27778,472.73252,851.44466,A7.a_3,945.31464,185.79389,242.94587,9.63292,1157.14455,193.80822,1.0,2.77581,44.70999,3819.31248,1.29057,5.08803,1.0,3.00389,1.0,1.82083,5.92446,1.0,74.59548,A7.i_3
19211.10625,2468.50941,11489.92019,7726.68089,21076.39807,786.14271,17.87761,5.68782,819.84457,146790.29709,32.65282,269.69041,8.05277,471.58261,1.0,252.05556,928.38889,440.17696,846.8891,A7.a_4,797.59242,262.57167,214.2792,16.47062,1039.58899,570.51675,1.0,3.21976,44.70999,3682.70137,1.78911,9.00674,1.44523,2.51834,1.0,3.0861,6.66557,1.0,41.0081,A7.i_4
22915.1618,3575.28718,13879.08686,8508.792,24533.39807,662.97605,17.98872,7.25043,963.01123,145606.9082,39.76393,289.24596,14.49705,469.08261,1.0,293.83333,786.77778,446.78808,933.3891,A7.a_5,813.03686,222.23834,219.61253,8.73531,1034.42233,233.62786,1.0,1.88791,52.37666,3546.5347,3.44152,6.71405,1.22262,2.53278,1.0,5.48052,5.72112,1.0,17.03992,A7.i_5
22054.10625,4755.67607,12492.92019,7229.40311,22759.95363,689.80938,19.09983,5.29188,1034.51123,143512.13043,42.76393,301.02374,16.33055,436.9715,1.0,301.55556,1270.44444,392.06585,811.27799,A7.a_6,797.14797,228.18278,218.2792,4.45317,1078.47788,447.25343,1.0,1.0,46.59888,3504.0347,2.44152,1.41462,1.22262,3.08,1.0,7.49856,3.38834,1.0,12.30367,A7.i_6
18879.21736,3316.62052,10111.92019,7190.62533,20868.73141,944.92049,23.65538,3.34391,885.45568,141013.74154,36.31949,279.35708,14.66388,514.30484,1.0,287.05556,919.61111,422.56585,688.00021,A7.a_7,803.53686,220.12723,205.83476,1.0,1035.97788,306.15525,1.0,4.22124,50.59888,3441.42359,3.52413,6.97692,1.44523,3.045,1.0,11.12218,6.29446,1.0,17.23625,A7.i_7
19530.21736,2613.00941,12677.08686,7898.95867,21534.73141,845.75382,18.65538,2.94797,779.95568,138511.18598,29.20838,262.41263,8.66421,508.02706,1.0,216.61111,686.66667,403.62141,1056.16688,A7.a_8,755.75908,143.18278,196.2792,1.0,1054.20011,532.04414,1.0,4.10767,37.59888,3383.92359,1.95724,3.71814,1.0,2.51834,1.0,8.89996,4.38834,1.0,16.95847,A7.i_8
18692.6618,3000.12052,10512.5313,7482.51422,21549.23141,810.92049,24.98872,4.11464,881.1779,136277.68598,34.98615,293.96819,10.27483,479.69373,1.0,321.61111,795.61111,340.12141,804.44466,A7.a_9,760.75908,245.405,206.05698,8.73531,1060.64455,246.48859,1.0,5.43953,45.37666,3316.0347,2.03984,2.81434,1.0,3.685,1.0,1.0,3.25889,1.0,18.34143,A7.i_9
16717.49783,2152.96575,5675.41072,3959.16288,28320.53587,17.05556,1.42991,1.29767,492.42187,145469.34153,10.52121,167.54444,12.91146,158.9415,1.0,578.16379,281.10781,266.05464,1460.02811,A8(1).a_0,4790.72033,304.18797,958.70558,159.52689,11045.05412,1347.45267,1.0,1.0,113.14868,22684.99617,1.0,70.69229,13.38889,10.12948,1.0,2.97073,3.51779,1.0,48.32464,A8(1).i_0
16881.94227,1812.24353,5161.13294,3721.66288,27674.92476,15.05556,2.41538,2.46434,452.14409,141752.1193,15.85454,168.32222,14.30695,161.16372,1.0,567.10824,278.21892,345.1102,1555.13922,A8(1).a_1,4591.83144,254.74353,899.81669,195.58245,11239.27635,1566.89711,1.0,1.54236,112.14868,21780.44062,1.0,83.02562,14.27778,12.24059,1.0,1.50876,2.51779,1.29039,62.38019,A8(1).i_1
17331.10894,1837.63242,5158.91072,3897.10733,28082.92476,37.55556,1.7391,1.14884,458.92187,139427.28597,12.4101,132.15556,13.02917,120.27483,1.0,528.66379,255.55226,339.1102,1334.08367,A8(1).a_2,4567.49811,276.96575,879.03891,173.25964,10516.27635,996.00822,1.0,1.0,102.03757,21049.60729,1.08667,66.47007,10.5,9.29615,1.0,3.41517,5.03557,1.58079,36.88019,A8(1).i_2
16675.44227,1809.29909,5004.35516,3817.16288,27367.3692,58.0,1.12073,1.0,471.58854,136838.89708,12.63232,157.37778,17.24919,153.21927,1.0,567.05268,279.27448,374.77686,1308.08367,A8(1).a_3,4425.55366,272.96575,839.20558,205.91578,10408.55412,1388.06378,1.0,1.27118,94.81535,20534.55173,1.08667,65.8034,12.22222,7.99781,1.0,2.64327,3.90612,1.29039,57.21353,A8(1).i_3
16824.27561,1744.52131,5207.79961,3832.55177,27213.25809,45.72222,1.09658,1.0,453.69965,134982.78597,13.63232,148.04444,13.30255,115.88594,1.0,517.55268,191.27448,403.99909,1301.917,A8(1).a_4,4491.44255,216.24353,814.98336,175.8152,10729.77635,2177.73045,1.0,1.27118,96.25979,20134.55173,1.0,70.47007,11.88889,12.07393,1.0,4.2953,2.03557,1.0,46.60241,A8(1).i_4
17470.16449,1895.24353,5472.91072,4139.66288,27736.53587,15.11111,1.34295,1.44651,463.53298,133875.39708,14.63232,166.54444,18.52037,140.33038,1.0,564.33046,216.83003,325.72131,1221.47256,A8(1).a_5,4382.16477,246.52131,802.26113,171.43683,10089.05412,1394.286,1.0,1.27118,84.70424,19856.32951,1.0,61.91451,11.33333,8.90726,1.0,1.50876,3.38834,2.06817,35.38019,A8(1).i_5
17890.49783,2410.74353,6164.13294,4183.66288,28472.53587,72.55556,2.23184,2.46434,489.69965,133059.06375,11.52121,159.93333,18.52257,182.55261,1.0,524.7749,289.05226,282.72131,1592.13922,A8(1).a_6,4205.94255,251.68797,840.4278,130.21461,9804.27635,1484.67489,1.11111,1.0,94.59313,19419.88506,1.08667,68.85895,11.11111,10.51837,1.0,2.65203,4.46223,2.74746,35.26908,A8(1).i_6
17745.77561,2096.4102,5762.85516,4002.88511,28722.98031,33.44444,1.34295,1.0,495.69965,131257.23041,12.18787,155.6,13.30035,157.38594,1.0,671.7749,234.77448,641.05464,1566.69478,A8(1).a_7,4199.99811,250.79909,786.20558,191.20409,10068.66523,1591.67489,1.0,1.0,88.70424,19025.49617,1.0,70.58118,10.27778,12.12948,1.0,3.7953,3.90612,1.0,37.4913,A8(1).i_7
18152.27561,2318.79909,5701.29961,4204.16288,27970.70253,23.33333,1.18355,1.29767,501.47743,129178.84153,11.96565,158.98889,15.18264,129.77483,1.0,653.7749,234.66337,786.99909,1438.19478,A8(1).a_8,4166.60922,205.13242,724.65002,149.4766,10230.05412,1901.89711,1.0,1.0,89.14868,18699.7184,1.0,54.97007,12.61111,9.68504,1.0,3.3421,1.38834,1.0,32.60241,A8(1).i_8
18412.16449,2663.35464,5823.02183,4392.71844,29276.59142,31.55556,1.49274,1.59534,542.14409,127490.6193,9.74343,145.6,15.34931,144.99705,1.0,493.99712,221.88559,367.66575,1058.417,A8(1).a_9,4210.16477,192.96575,695.20558,89.66958,10234.49857,1887.56378,1.0,1.27118,96.14868,18441.88506,1.08667,56.47007,8.27778,9.90726,1.0,2.39765,2.16502,1.0,23.32464,A8(1).i_9
16717.49783,2152.96575,5675.41072,3959.16288,28320.53587,17.05556,1.42991,1.29767,492.42187,145469.34153,10.52121,167.54444,12.91146,158.9415,1.0,578.16379,281.10781,266.05464,1460.02811,A8(2).a_0,732.43925,28.36725,140.16258,5.63675,1430.74095,50.35642,1.0,1.0,28.70799,5543.27527,1.13333,6.55556,4.03557,1.72833,1.0,1.88889,1.0,1.0,21.40014,A8(2).i_0
16881.94227,1812.24353,5161.13294,3721.66288,27674.92476,15.05556,2.41538,2.46434,452.14409,141752.1193,15.85454,168.32222,14.30695,161.16372,1.0,567.10824,278.21892,345.1102,1555.13922,A8(2).a_1,717.43925,47.77448,141.38481,5.63675,1472.57428,6.35368,1.0,1.0,32.37465,5375.44193,1.26667,3.72222,3.59112,1.395,1.0,2.33333,1.0,1.0,26.70507,A8(2).i_1
17331.10894,1837.63242,5158.91072,3897.10733,28082.92476,37.55556,1.7391,1.14884,458.92187,139427.28597,12.4101,132.15556,13.02917,120.27483,1.0,528.66379,255.55226,339.1102,1334.08367,A8(2).a_2,702.3837,37.66337,159.60703,28.2735,1423.35206,31.43838,1.0,1.0,38.37465,5170.83082,1.41111,6.5,10.84891,2.10278,1.0,7.72222,1.0,1.0,33.67792,A8(2).i_2
16675.44227,1809.29909,5004.35516,3817.16288,27367.3692,58.0,1.12073,1.0,471.58854,136838.89708,12.63232,157.37778,17.24919,153.21927,1.0,567.05268,279.27448,374.77686,1308.08367,A8(2).a_3,730.32814,25.18225,147.16258,18.28846,1463.57428,288.38283,1.0,1.0,32.37465,5023.88638,1.28889,4.66667,3.60312,1.0,1.0,3.22222,1.0,1.0,19.89889,A8(2).i_3
16824.27561,1744.52131,5207.79961,3832.55177,27213.25809,45.72222,1.09658,1.0,453.69965,134982.78597,13.63232,148.04444,13.30255,115.88594,1.0,517.55268,191.27448,403.99909,1301.917,A8(2).a_4,692.3837,35.55226,142.60703,3.31838,1430.62984,2.64906,1.0,1.0,31.70799,4935.05304,1.14444,5.11111,5.14268,1.395,1.0,4.11111,1.0,1.0,29.73347,A8(2).i_4
17470.16449,1895.24353,5472.91072,4139.66288,27736.53587,15.11111,1.34295,1.44651,463.53298,133875.39708,14.63232,166.54444,18.52037,140.33038,1.0,564.33046,216.83003,325.72131,1221.47256,A8(2).a_5,686.93925,29.60781,140.2737,5.87393,1362.68539,35.96753,1.0,1.0,28.37465,4850.6086,1.15556,6.77778,2.09512,1.26333,1.0,2.33333,1.0,1.0,24.75937,A8(2).i_5
17890.49783,2410.74353,6164.13294,4183.66288,28472.53587,72.55556,2.23184,2.46434,489.69965,133059.06375,11.52121,159.93333,18.52257,182.55261,1.0,524.7749,289.05226,282.72131,1592.13922,A8(2).a_6,688.43925,33.71892,139.16258,15.67735,1415.90762,21.57864,1.0,1.0,33.59688,4787.94193,1.3,8.55556,3.3609,1.13167,1.0,5.0,1.0,1.0,39.95569,A8(2).i_6
17745.77561,2096.4102,5762.85516,4002.88511,28722.98031,33.44444,1.34295,1.0,495.69965,131257.23041,12.18787,155.6,13.30035,157.38594,1.0,671.7749,234.77448,641.05464,1566.69478,A8(2).a_7,661.32814,32.21947,126.71814,7.95513,1331.24095,23.6342,1.0,1.0,34.04132,4714.66416,1.03333,3.05556,4.48001,1.61722,1.0,5.88889,1.0,1.0,28.40014,A8(2).i_7
18152.27561,2318.79909,5701.29961,4204.16288,27970.70253,23.33333,1.18355,1.29767,501.47743,129178.84153,11.96565,158.98889,15.18264,129.77483,1.0,653.7749,234.66337,786.99909,1438.19478,A8(2).a_8,704.21703,35.71892,124.05147,8.19231,1420.35206,145.61385,1.0,1.0,31.8191,4636.1086,1.2,5.0,2.91646,1.61722,1.0,1.44444,1.0,1.0,28.5668,A8(2).i_8
18412.16449,2663.35464,5823.02183,4392.71844,29276.59142,31.55556,1.49274,1.59534,542.14409,127490.6193,9.74343,145.6,15.34931,144.99705,1.0,493.99712,221.88559,367.66575,1058.417,A8(2).a_9,694.66148,32.33058,137.49592,7.95513,1360.74095,25.28326,1.0,4.82388,31.70799,4551.99749,1.4,2.33333,2.98401,1.80445,1.0,3.22222,1.0,1.0,29.09396,A8(2).i_9
17740.90611,2006.60781,5309.46078,2582.79526,26139.84438,121.58991,1.58267,1.62816,522.31064,117756.51337,8.39431,166.7658,10.50758,109.22222,1.0,514.69807,155.43676,198.47686,701.34444,A9(1).a_0,1190.1529,76.54444,241.71444,87.44851,2480.09674,112.29662,1.0,1.0,35.27749,5747.05054,1.97499,10.98503,2.91017,1.64444,1.0,3.47844,1.0,1.0,46.32899,A9(1).i_0
18284.35056,2422.9967,5623.34967,2861.40637,26850.0666,224.2019,1.27646,1.62816,559.42175,111702.45781,9.39431,224.65469,16.6067,108.88889,1.0,324.64251,204.15899,237.64353,690.84444,A9(1).a_1,1206.09734,117.13333,241.38111,50.41344,2555.04119,217.55585,1.0,1.0,32.16637,5552.93943,1.75728,9.48954,2.17423,1.24444,1.0,19.17911,3.37392,1.44728,28.27343,A9(1).i_1
16633.57278,1870.94114,5337.34967,2724.46193,25878.73327,570.50614,1.90113,1.0,500.36619,108032.3467,8.39431,147.87691,15.88448,121.88889,1.0,581.19807,155.65899,215.14353,700.4,A9(1).a_2,1155.48623,100.8,247.93666,66.25729,2596.54119,207.79672,1.0,1.0,36.49971,5484.43943,2.04756,13.43399,2.71608,3.3,1.0,15.37662,1.0,1.0,22.13787,A9(1).i_2
18092.23945,2293.33003,6473.84967,3263.96193,29820.01105,124.50702,2.4838,1.0,525.69953,105135.12448,9.06097,198.32136,17.38048,118.22222,1.0,278.5314,227.82565,262.14353,845.01111,A9(1).a_3,1164.76401,73.63333,239.38111,76.14969,2602.26341,357.64841,1.0,1.0,31.05526,5379.88387,1.90242,7.0451,2.02813,2.65556,1.0,16.78093,1.0,1.0,49.66232,A9(1).i_3
18433.40611,2175.10781,5988.90522,3129.96193,28984.45549,452.4788,1.41468,1.0,513.14397,102612.62448,8.61653,194.09913,18.37648,113.5,1.0,536.14251,189.32565,251.03242,833.34444,A9(1).a_4,1240.20845,118.47778,254.71444,120.38243,2708.87452,208.05595,1.0,1.0,33.27749,5306.43943,1.90242,8.32739,1.97943,2.5,1.0,3.9136,1.0,1.0,41.88454,A9(1).i_4
17560.90611,2246.77448,6170.73856,3214.96193,28880.28882,580.61813,1.85913,1.62816,516.58842,100425.79115,9.72764,209.98802,15.7298,122.16667,1.0,404.97584,255.49232,270.03242,854.12222,A9(1).a_5,1174.20845,117.96667,244.71444,88.87191,2557.04119,61.75952,1.0,1.0,29.27749,5201.49499,2.53505,9.39647,1.2435,2.08889,1.0,17.60813,1.79131,1.11182,31.38454,A9(1).i_5
18258.73945,2410.60781,6328.34967,3584.07304,32056.17771,814.8959,1.79001,1.0,517.36619,98857.01337,9.28319,169.32136,15.65426,152.38889,1.0,486.47584,215.93676,231.58798,945.56667,A9(1).a_6,1100.20845,79.97778,245.82555,101.66372,2443.09674,124.37073,1.0,1.0,29.16637,5143.77276,1.79131,5.64719,2.02813,2.37778,1.0,16.40133,1.0,1.0,54.60677,A9(1).i_6
17739.73945,2221.66337,6116.34967,3486.01748,30635.84438,742.89678,1.65179,2.25632,497.14397,97473.8467,10.28319,205.21025,19.71381,139.44444,1.0,409.42029,188.21454,259.03242,1122.34444,A9(1).a_7,1196.26401,91.8,241.49222,114.09764,2560.98563,193.0375,1.0,1.0,28.72193,5065.38387,2.0861,11.16072,1.3896,2.8,1.0,5.76551,1.0,1.11182,34.8912,A9(1).i_7
18248.51723,2080.27448,6137.96078,3738.90637,31039.45549,400.9788,1.31845,1.0,509.58842,96750.90226,8.27363,183.04358,17.0987,130.27778,1.0,531.69807,171.38121,261.58798,903.34444,A9(1).a_8,1254.37512,75.88889,253.49222,134.04559,2896.1523,89.79662,1.0,1.0,27.83304,5012.77276,1.93645,6.82739,1.2922,9.32222,1.0,4.2408,2.58261,1.0,56.38454,A9(1).i_8
18489.85056,2389.44114,6414.73856,3617.62859,29973.28882,689.17456,1.56779,2.25632,506.36619,95703.23559,8.39431,220.37691,11.94403,134.61111,1.0,354.0314,185.04788,239.8102,931.78889,A9(1).a_9,1095.59734,81.54444,243.38111,159.10465,2486.43008,132.22261,1.0,1.0,32.94415,4944.32832,2.42394,4.64719,2.32719,15.35556,1.0,8.81493,1.0,1.0,50.88454,A9(1).i_9
57744.49598,2055.66667,7255.15538,3246.86033,84481.2612,514.23396,4.13556,2.42709,843.21997,272607.21041,19.11111,276.16667,14.55556,155.87739,1.0,576.0,519.57686,383.14575,1143.99296,A9(2).a_0,2327.55016,69.96575,234.50265,15.50944,3989.27169,412.63694,1.0,1.0,38.39077,10857.14726,1.22222,16.83333,1.66667,2.11111,1.0,17.37249,3.16502,1.0,10.0635,A9(2).i_0
57444.27376,1979.77778,7223.32205,3290.80478,79094.98342,148.6784,6.62723,1.26043,812.66441,260333.87708,17.22222,241.44444,16.5,150.82183,1.0,532.38889,413.57686,421.70131,1113.04852,A9(2).a_1,2301.93905,32.82758,255.28043,8.04875,3946.66058,182.33001,1.0,1.0,39.39077,10536.86948,1.33333,16.72222,1.66667,2.11111,1.0,13.32513,1.38834,1.70205,8.95239,A9(2).i_1
54742.94042,1880.55556,7019.32205,3290.74922,77393.09453,350.06729,7.14778,1.17362,790.83108,252022.76597,17.44444,239.16667,10.22222,148.4885,1.0,591.16667,293.9102,381.42353,1064.32629,A9(2).a_2,2287.60571,53.68797,262.61377,5.90514,3905.32725,312.54343,1.0,1.0,36.94633,10221.86948,1.16667,11.44444,1.33333,1.44444,1.0,2.12295,6.05391,1.0,4.73611,A9(2).i_2
52412.99598,1791.88889,6707.21094,2981.19366,72373.7612,339.73396,6.81445,3.42014,775.49774,243242.65486,14.33333,216.27778,11.38889,140.93294,1.0,578.77778,333.63242,374.03464,901.04852,A9(2).a_3,2388.9946,55.17444,255.83599,5.69917,4139.99391,138.7013,1.0,1.0,37.27966,10017.03615,1.33333,8.5,1.66667,2.22222,1.0,6.28141,1.77668,1.0,20.99207,A9(2).i_3
52551.77376,1836.11111,7243.26649,2890.69366,72668.20564,368.51174,7.59223,2.25348,755.5533,235838.37708,11.77778,230.5,10.0,134.54405,1.0,533.44444,444.46575,379.5902,913.04852,A9(2).a_4,2303.10571,54.00778,257.83599,1.0,3948.99391,630.74805,1.0,1.64775,31.50189,9880.81392,1.22222,10.0,1.33333,3.0,1.0,16.74133,1.77668,1.0,65.5635,A9(2).i_4
51784.16265,1885.72222,6539.76649,2771.91589,70658.92787,224.73396,4.32889,1.43404,720.33108,231440.98819,14.55556,253.94444,13.27778,143.82183,1.0,538.0,397.02131,416.03464,862.49296,A9(2).a_5,2254.16127,55.00778,251.50265,3.34958,3943.82725,182.33001,1.0,1.32388,37.83522,9775.98059,1.27778,9.0,1.0,3.33333,1.0,4.89253,2.77668,1.0,47.18056,A9(2).i_5
50294.16265,1705.77778,6649.37761,2733.13811,70202.2612,354.1784,5.405,1.26043,735.21997,226085.98819,11.0,231.5,13.5,131.15516,1.0,543.0,402.85464,360.64575,949.32629,A9(2).a_6,2325.05016,53.68797,265.39154,1.0,3963.32725,74.97908,1.0,1.0,38.50189,9686.36948,1.33333,12.11111,2.0,2.0,1.0,1.0,2.03557,1.0,9.89683,A9(2).i_6
52166.16265,1814.0,6743.82205,2591.41589,70793.65009,282.23396,5.02445,1.34724,737.71997,221324.5993,9.88889,191.55556,15.83333,114.54405,1.0,502.61111,366.24353,375.92353,920.71518,A9(2).a_7,2285.77238,61.23,256.50265,3.34958,3936.43836,242.65454,1.0,1.64775,35.613,9534.0917,1.33333,12.88889,1.66667,1.88889,1.0,4.4162,1.77668,1.0,22.69445,A9(2).i_7
51523.32931,1962.44444,6598.09983,2692.027,67146.09453,304.78951,5.25278,1.17362,693.71997,217691.48819,10.16667,219.22222,11.22222,136.54405,1.0,551.77778,378.07686,401.53464,826.49296,A9(2).a_8,2190.93905,47.79909,244.61377,26.04875,3845.32725,202.84156,1.0,1.0,33.72411,9371.64726,1.66667,7.94444,1.66667,1.55556,1.0,2.56739,3.03557,1.0,8.83135,A9(2).i_8
49016.05153,1792.66667,6779.04427,2771.86033,68657.98342,241.12285,5.13556,1.26043,716.5533,213992.43263,11.0,170.27778,13.55556,124.93294,1.0,472.72222,384.02131,531.81242,996.60407,A9(2).a_9,2158.16127,44.41163,248.39154,1.0,3809.32725,583.35916,1.0,1.0,37.613,9182.70281,1.72222,4.33333,1.33333,1.66667,1.0,2.82513,2.03557,1.0,19.28572,A9(2).i_9
45887.59957,6111.38889,9323.96833,9695.10163,157799.96904,374.82439,5.40668,1.0,2871.97256,838387.23407,108.61653,606.05446,292.8123,495.86039,1.0,638.11128,547.82618,250.68929,4398.03445,A9(3).a_0,1067.38901,155.46667,108.5533,4.53658,2875.90118,166.66667,1.0,1.0,44.88454,6273.57017,1.54863,13.4234,1.78278,1.37638,1.0,1.0,1.51779,1.0,2.35363,A9(3).i_0
46399.59957,6456.94444,9398.80166,8557.43496,148735.74682,262.69827,7.16053,1.0,2882.86144,810353.45629,113.50542,580.11001,314.36786,477.41595,1.42222,554.94462,547.77063,262.07818,4317.14556,A9(3).a_1,886.83346,116.96667,96.77553,9.64769,2581.06785,82.66667,1.0,1.0,40.88454,5885.68128,1.48537,7.23475,1.78278,1.18819,1.0,1.0,1.12945,1.0,6.9583,A9(3).i_1
44018.04401,5791.05556,8811.635,9617.71274,156062.35793,402.36493,6.29557,1.0,2725.58367,788269.40074,101.17208,547.33223,295.47897,470.91595,1.42222,568.72239,459.77063,233.24484,3792.20112,A9(3).a_2,952.7779,111.07778,99.88664,1.0,2678.73452,162.77778,1.0,1.0,38.55121,5560.34795,1.85804,8.54397,1.0,1.46597,1.0,1.0,1.51779,1.0,3.57263,A9(3).i_2
45427.15512,5480.77778,8618.24611,9219.43496,154278.58015,86.50606,5.55713,1.0,2497.63922,768717.73407,86.72764,548.72112,256.70119,464.19373,1.0,544.44462,383.54841,211.13373,3729.75667,A9(3).a_3,996.72234,150.46667,87.5533,1.0,2752.62341,99.0,1.0,1.0,49.66232,5308.34795,1.51621,4.33853,2.56556,1.74375,1.0,1.42601,1.38834,1.0,3.94976,A9(3).i_3
40270.26624,5729.0,8297.41277,8756.54607,138802.91348,320.67273,4.66824,1.0,2567.02811,750313.90074,92.83875,546.16557,301.97897,449.02706,1.0,571.50017,455.88174,268.63373,3603.70112,A9(3).a_4,948.11123,130.18889,90.44219,3.77641,2506.90118,94.77778,1.0,1.0,45.99566,5255.68128,1.34183,5.92553,2.56556,1.47048,1.0,1.42601,1.0,1.0,4.54912,A9(3).i_4
43767.04401,5218.61111,8310.46833,8857.26829,142226.91348,378.87994,6.33491,1.83924,2518.52811,723909.28963,88.06097,556.94334,248.70119,419.58261,1.0,503.55573,335.99285,194.3004,3707.09001,A9(3).a_5,956.16679,166.52222,103.5533,29.99588,2758.5123,269.33333,1.0,1.0,48.21788,5166.73684,1.38968,3.71276,1.0,1.18819,1.0,1.42601,1.25889,1.0,3.74783,A9(3).i_5
41920.82179,5105.0,7989.52389,8177.49052,137971.74682,295.5316,4.38275,1.0,2339.19478,694438.73407,86.94986,508.55446,251.86786,428.08261,1.0,493.33351,410.32618,193.52262,3443.53445,A9(3).a_6,1053.22234,144.35556,103.99775,4.70187,2924.0123,285.72222,1.0,1.08681,40.88454,5035.7924,2.03242,5.68865,1.39389,1.18819,1.0,1.0,1.38834,1.0,6.59292,A9(3).i_6
41483.4329,5008.55556,7797.41277,8006.82385,130650.58015,346.10216,2.75543,1.0,2394.47256,672527.45629,78.28319,484.05446,242.70119,416.86039,1.0,485.50017,323.10396,193.85596,3325.92334,A9(3).a_7,1051.00012,113.07778,97.21997,15.03521,2829.12341,201.5,1.0,1.08681,38.55121,4941.40351,2.03242,8.51985,1.0,1.0,1.0,1.0,2.51779,1.0,3.10789,A9(3).i_7
37060.37735,4582.11111,7651.85722,8104.99052,129017.74682,455.40996,4.4306,1.83924,2176.25033,652953.40074,81.72764,521.4989,231.25675,395.4715,1.0,486.55573,336.99285,202.35596,3269.36778,A9(3).a_8,1049.00012,116.13333,97.33108,1.0,2877.12341,115.5,1.0,1.0,37.99566,4873.34795,1.4136,4.28298,2.18168,1.0,1.0,1.0,1.0,1.0,3.02029,A9(3).i_8
37622.48846,4744.16667,7512.52389,7482.15718,122740.91348,309.10216,3.24772,1.0,2268.75033,631005.51185,73.61653,424.83223,230.75675,385.74928,1.0,462.66684,322.21507,208.02262,3248.31223,A9(3).a_9,957.94457,157.68889,94.44219,1.0,2695.06785,238.77778,1.0,1.0,36.21788,4810.73684,1.25464,5.71063,1.39389,1.0,1.0,1.142,1.0,1.0,13.83544,A9(3).i_9
17480.76449,2415.15952,122723.00491,175.03026,28196.83404,1827.54894,39.98615,57485.62531,284.72415,49305.48781,1.29057,11786.5,137.65133,278.64778,1.0,155.03317,2699.74353,173.36647,719.62961,B1.a_0,705.34583,15.32682,88.26135,1.0,1676.69502,74.16667,1.0,181.3257,5.62804,168.71351,1.10313,61.76463,1.445,1.85937,1.0,1.63582,2.31402,1.0,2.80005,B1.i_0
16179.15338,2259.54841,133716.50491,193.70848,25497.72293,1759.82672,34.54171,52078.79198,275.83526,46222.65447,1.09686,11259.72222,127.26244,252.92556,1.0,174.19983,3283.46575,162.36647,735.35184,B1.a_1,691.34583,29.24912,97.15024,1.0,1690.19502,146.05556,1.0,152.83889,5.98553,162.63165,1.21424,61.21054,1.089,1.28229,1.0,1.76236,5.51693,1.0,3.98234,B1.i_1
14803.98672,2099.88174,117140.78268,170.48516,23642.05626,2138.38228,42.65282,47153.79198,227.39082,41284.82114,1.0,10178.0,141.20688,230.70334,1.0,160.75539,2782.13242,177.81091,689.29628,B1.a_2,623.56806,16.73133,94.37246,1.0,1604.25058,53.83333,1.0,180.29653,4.4348,124.4211,1.0,60.87574,1.534,1.0,1.0,1.0,1.65701,1.0,1.64004,B1.i_2
13340.98672,1835.10396,111846.00491,131.54072,21553.00071,1910.49339,39.65282,44658.79198,217.61304,39481.37669,1.29057,10116.16667,142.318,219.87,1.0,151.97761,3387.68797,208.03313,751.46295,B1.a_3,707.73472,21.43576,82.59468,1.0,1552.19502,84.55556,1.0,173.83889,3.54591,81.81582,1.20626,48.93276,1.88944,1.48749,1.0,1.0,1.0,1.0,2.32899,B1.i_3
13165.76449,1860.49285,121059.50491,195.18538,21923.61182,1133.27117,40.20838,41978.40309,226.94637,38031.37669,1.0,9835.44444,100.20688,237.20334,1.0,164.53317,5681.96575,163.25536,714.85184,B1.a_4,604.23472,14.67577,100.8169,1.0,1382.75058,41.55556,1.0,132.29653,3.90341,75.95619,1.20626,60.59869,1.089,1.0941,1.0,1.95373,4.20291,1.0,3.61342,B1.i_4
12619.48672,1804.77063,120874.3938,193.19693,20729.22293,1003.6045,35.76393,40421.06975,193.1686,37003.65447,1.0,8930.94444,103.48466,290.09223,1.0,148.64428,7297.46575,145.75536,666.74073,B1.a_5,769.34583,25.95138,104.37246,1.0,1795.58391,136.0,1.0,165.67223,3.65702,68.63165,1.20626,62.37574,1.0,1.47048,1.0,3.22538,7.51693,1.0,4.52228,B1.i_5
12320.65338,1845.21507,115869.72713,178.83004,20012.55626,1320.04894,40.09727,39311.18087,210.61304,36076.32114,1.29057,9014.38889,107.54022,239.25889,1.0,111.75539,6077.74353,150.14425,681.96295,B1.a_6,706.90139,13.37803,97.70579,1.0,1622.19502,86.72222,1.0,223.00556,3.95655,49.84508,1.42848,74.59796,1.178,1.3934,1.0,2.58955,7.51693,1.0,4.40451,B1.i_6
12357.43116,1789.60396,115418.06046,215.96316,20570.72293,1396.32672,37.76393,38723.0142,219.61304,35233.21003,1.09686,8771.55556,109.87355,227.09223,1.0,137.47761,2162.13242,100.03313,678.18517,B1.a_7,751.56806,86.85806,90.37246,1.0,1673.30613,177.05556,1.0,94.85209,5.0435,34.81582,1.42848,40.26463,1.178,1.37638,1.0,3.034,1.65701,1.0,9.90016,B1.i_7
12453.93116,1865.38174,109627.44935,173.04072,20160.16737,1435.38228,37.54171,38561.23642,210.05749,34796.21003,1.0,9141.94444,119.76244,265.25889,1.0,128.81095,3688.85464,124.81091,683.68517,B1.a_8,793.73472,26.19574,76.93167,1.0,1571.13946,179.11111,1.0,52.74479,1.16426,8.51463,1.10313,18.04971,1.0,1.41041,1.0,6.2748,1.0,1.0,8.42678,B1.i_8
12360.48672,1886.77063,116518.3938,230.21893,19962.94515,1077.49339,36.4306,39789.56975,208.39082,34258.48781,1.49854,8834.55556,150.87355,250.92556,1.0,120.08872,4894.79909,136.64425,657.0185,B1.a_9,728.45694,12.81119,34.82421,1.0,1113.36169,183.33333,1.0,3.8757,1.8261,1.0,1.0,7.27047,1.0,1.37638,1.0,1.63582,1.0,1.0,4.17563,B1.i_9
8320.904,2457.4618,86884.15024,561.83169,25452.76897,3799.56345,105.6621,101.32056,300.42912,70163.82402,2.10516,599.22222,135.07279,255.64778,1.0,191.87976,4175.05556,573.53242,1174.45967,B10.a_0,323.29485,13.38889,173.25033,1.0,545.61691,154.5,1.0,1.0,15.84151,1277.12046,1.0,12.44444,2.77833,1.0,1.0,1.0,1.0,1.0,9.80197,B10.i_0
7872.51511,2492.90624,92311.65024,474.16502,24683.1023,3133.06345,93.32877,118.87612,261.42912,68027.99068,1.27958,465.16667,78.73946,334.98111,1.0,199.54643,2432.94444,417.97686,1097.40412,B10.a_1,342.18374,15.77778,179.13922,1.81003,618.95024,144.22222,1.0,1.0,17.28596,1182.67601,1.0,34.71111,1.534,1.0,1.0,1.76236,1.0,1.0,9.89894,B10.i_1
7788.12622,2257.29513,92088.20579,587.4428,26047.04675,3768.67456,100.21765,69.70945,293.87356,67122.21291,1.52093,543.61111,85.23946,342.53667,1.0,196.43531,2380.61111,531.25464,1189.29301,B10.a_2,306.07263,10.88889,188.25033,6.57168,602.72802,43.88889,1.0,1.0,14.7304,1146.0649,1.0,5.86667,1.712,1.0,1.0,1.0,1.0,1.0,9.31612,B10.i_2
7817.34845,2641.90624,94778.76135,569.60947,25880.82453,3925.00789,103.43988,113.09834,281.37356,66525.04624,3.23539,517.94444,88.23946,286.09223,1.0,173.65754,4000.83333,457.03242,1142.1819,B10.a_3,326.29485,12.66667,170.917,1.40502,550.56135,142.22222,1.0,1.0,12.91205,1083.39824,1.02222,10.01111,2.06744,1.76945,1.0,1.0,1.0,1.0,8.5656,B10.i_3
7991.62622,2483.90624,91607.42802,677.9428,25088.76897,3766.78567,117.77321,112.98723,275.92912,66016.60179,2.26046,534.44444,98.6839,251.98111,1.0,216.21309,1848.88889,609.69909,1111.90412,B10.a_4,301.73929,7.61111,170.58367,1.0,538.06135,171.0,1.0,2.7067,12.84151,1051.95379,1.0,12.6,1.178,1.26333,1.0,1.63582,1.0,1.0,10.94035,B10.i_4
7985.95956,2133.01735,92238.37246,603.16502,22864.6023,3723.50789,97.43988,86.09834,271.42912,65492.93513,1.94625,501.77778,90.23946,309.37,1.0,210.15754,2256.0,481.58798,1120.73745,B10.a_5,323.90596,4.77778,159.69478,1.0,625.95024,91.05556,1.0,1.0,11.28596,1035.89824,1.0,23.24444,1.445,1.48556,1.0,1.63582,1.0,1.0,6.83026,B10.i_5
8150.68178,2275.4618,92736.92802,530.9428,24380.82453,3649.50789,105.99543,112.19781,257.98467,64931.49068,1.13023,534.27778,79.73946,228.14778,1.0,194.54643,2078.55556,516.69909,1119.57078,B10.a_6,306.18374,14.61111,159.47256,1.0,544.11691,240.55556,1.0,1.0,16.53814,1004.5649,1.0,26.1,2.15644,1.26333,1.0,1.0,1.0,1.0,10.07975,B10.i_6
7891.07067,2422.18402,95760.65024,631.4428,26150.88008,3520.17456,114.55099,107.32056,283.42912,64318.60179,1.61292,545.77778,89.62835,250.31445,1.0,202.8242,2366.55556,523.64353,1126.95967,B10.a_7,292.07263,21.94444,139.47256,1.0,497.56135,317.0,1.0,1.0,12.28596,962.45379,1.0,34.17778,1.712,1.0,1.0,3.16053,1.0,1.0,10.07975,B10.i_7
7768.79289,2329.07291,87250.3169,572.22058,25711.6023,3120.95234,93.43988,87.5867,290.04023,63857.49068,1.62248,454.72222,72.40612,193.92556,1.0,191.8242,1593.94444,330.3102,1125.90412,B10.a_8,378.57263,16.72222,169.25033,1.0,725.28358,103.27778,1.0,1.0,15.61929,957.0649,1.0,21.04444,1.62244,1.63778,1.0,1.0,1.0,1.0,4.38582,B10.i_8
7931.84845,2384.85069,86375.42802,543.88725,25154.82453,3538.119,94.32877,63.87612,297.42912,63397.87957,1.77183,508.16667,72.46168,242.42556,1.0,200.99087,1822.83333,391.8102,1211.73745,B10.a_9,313.62818,6.66667,166.36144,1.0,531.39469,113.61111,1.0,1.0,11.17485,931.17601,1.0,10.54444,1.88944,1.895,1.0,1.0,1.0,1.0,5.24744,B10.i_9
86478.04573,5119.18797,18712.45026,5867.24461,210489.28451,466.55556,17.09727,605.93406,2282.54332,504206.72893,56.74343,1169.47007,778.42246,651.80074,1.0,2607.54643,2559.44444,202.34217,6674.88111,B11.a_0,924.62527,124.20872,105.27613,1.0,1795.06946,1488.51174,1.0,3.33688,49.15499,4973.51788,1.63582,29.53715,31.92911,9.99562,1.0,19.93237,3.23557,1.0,105.3189,B11.i_0
85313.87906,5106.18797,18454.45026,5296.24461,186769.45117,427.38889,18.65282,528.76739,2156.65443,483302.17337,50.29898,1126.47007,776.47802,574.13408,1.0,2766.49087,2622.88889,193.39772,6777.26999,B11.a_1,917.06972,162.37539,104.05391,2.90952,1733.29168,1029.78951,1.0,4.50355,41.59943,4706.07343,1.34183,32.51402,32.09577,8.7734,1.0,2.24315,4.49038,1.0,96.15223,B11.i_1
78421.99017,4838.63242,19398.61693,5603.85572,178267.50673,351.38889,12.87504,513.32295,2213.43221,453112.3956,50.18787,1111.41451,810.53357,535.07852,1.0,2638.26865,1916.94444,179.28661,6527.21444,B11.a_2,1040.84749,134.20872,135.9428,1.95476,1935.45835,1044.06729,1.0,1.77896,44.15499,4491.18455,1.67517,45.90291,28.09577,7.71833,1.0,44.66559,3.60816,1.0,104.20779,B11.i_2
77057.60128,4703.9102,18830.83915,5180.35572,172429.00673,189.11111,15.87504,535.48961,2109.93221,439850.06226,49.07676,1097.35895,747.64469,567.57852,1.0,2605.26865,2095.33333,190.84217,6392.43666,B11.a_3,1056.18083,111.9865,142.9428,1.0,1854.95835,666.1784,1.0,2.94563,43.15499,4197.46232,1.04784,49.06957,23.87355,9.66277,1.0,6.29871,23.64075,1.0,120.54112,B11.i_3
80576.49017,4995.74353,18892.00582,5397.1335,174834.39562,312.33333,17.31949,487.65628,2080.04332,418847.06226,49.96565,1182.52562,798.47802,626.91186,1.0,2671.54643,2850.22222,186.95328,6698.82555,B11.a_4,1114.79194,97.9865,155.49835,1.0,1996.40279,1243.73396,1.0,2.55792,50.37721,4003.35121,1.18288,55.62513,31.54192,8.38475,1.0,47.08749,2.49038,1.0,115.8189,B11.i_4
72359.54573,4653.52131,19278.2836,4929.68906,164487.06228,185.11111,14.20838,528.43406,1878.48777,401743.22893,47.4101,1093.35895,845.14469,550.41186,1.0,2456.3242,2408.27778,174.84217,6378.38111,B11.a_5,1022.40305,127.15317,165.38724,1.0,1831.90279,1332.34507,1.0,6.44917,45.04388,3814.51788,1.02392,55.23624,23.04192,8.05117,1.0,55.96484,9.49705,1.0,118.04112,B11.i_5
76109.10128,5134.63242,20624.95026,5110.46684,160322.50673,201.44444,13.87504,556.82295,1945.3211,385245.8956,44.18787,1156.63673,1025.14469,554.07852,1.0,2509.26865,3223.38889,192.6755,6863.04777,B11.a_6,832.95861,150.43094,114.27613,1.0,1691.40279,1301.90062,1.0,1.77896,38.71054,3667.68455,1.02392,42.20382,20.26414,8.10722,1.0,51.94337,3.23557,1.0,97.37446,B11.i_6
67711.21239,4814.4102,24651.39471,4852.30017,139802.6734,289.77778,14.65282,517.04517,1779.26555,363096.8956,40.63232,1190.8034,735.86691,483.57852,1.0,2373.49087,2642.94444,176.1755,6587.82555,B11.a_7,917.62527,95.87539,120.38724,1.0,1707.34723,849.1784,1.0,1.77896,41.59943,3546.96232,1.02392,36.01402,18.6244,6.32992,1.0,5.86527,2.86297,1.0,90.20779,B11.i_7
67882.3235,4668.46575,19315.11693,4818.80017,134604.1734,620.83333,10.54171,525.15628,1798.48777,347380.61782,40.18787,1070.24784,772.81135,543.24519,1.0,2347.87976,3143.83333,168.89772,6546.88111,B11.a_8,1079.73638,152.37539,137.38724,1.0,1913.62501,1871.06729,1.0,3.33688,43.93276,3458.07343,1.07177,45.23624,19.68166,8.66253,1.0,90.70961,4.86297,1.0,107.15223,B11.i_8
64891.37906,4534.79909,21360.33915,4844.52239,141228.28451,217.88889,14.4306,479.43406,1758.65443,340581.84004,38.52121,1150.47007,909.64469,481.02297,1.84444,2322.37976,5245.94444,196.28661,6324.54777,B11.a_9,912.45861,140.31983,131.05391,1.0,1639.12501,1510.73396,1.0,3.33688,41.82165,3326.85121,1.18288,54.51402,21.15303,6.49635,1.0,27.66559,4.11778,1.0,92.15223,B11.i_9
33026.2825,15653.63376,580.0,49225.15784,180995.63219,40.85496,1.0,9.48011,3348.69063,2985828.50745,139.97778,42.96357,50.8877,424.65282,1.0,1.74271,422.74353,1.0,116.99856,B12.a_0,533.71056,195.96087,3.87754,49.16973,1298.53004,4.53333,1.0,1.0,15.09274,24198.80451,1.14353,2.54278,1.0,1.76945,1.0,1.0,1.0,1.0,1.0,B12.i_0
31017.50472,14426.68932,588.55556,48980.7134,171172.79885,63.84038,1.60841,12.94778,3159.19063,2832737.563,135.86667,40.57468,47.94326,382.59727,1.0,1.92839,437.29909,1.0,110.05412,B12.a_1,464.82167,182.96087,9.25687,92.22081,1253.75226,26.58889,1.0,1.0,16.7594,21459.02674,1.04784,2.97445,1.0,2.19333,1.0,1.0,1.0,1.0,1.0,B12.i_1
31644.39361,13465.9671,628.05556,43648.76895,158170.46552,35.0626,1.09169,9.48011,3012.80174,2671006.95189,129.31111,43.74135,42.8877,454.37504,1.0,5.45035,509.85464,1.0,129.27634,B12.a_2,483.98833,228.46087,12.92354,25.47599,1210.91893,60.93333,1.0,1.0,10.87052,19765.86007,1.2068,7.70279,1.0,2.31056,1.0,1.0,1.0,1.0,1.0,B12.i_2
32562.56027,12277.85598,630.61111,40008.15784,149367.7433,57.03294,1.0,14.14678,2918.63507,2518294.22967,116.08889,47.7969,50.83215,479.87504,1.0,5.33776,422.74353,1.08248,122.10967,B12.a_3,461.04389,231.46087,12.96954,92.9475,1206.47448,307.92222,1.0,1.0,13.7594,18325.47118,1.23072,2.61056,1.0,2.92778,1.0,1.44444,1.0,1.0,1.0,B12.i_3
22021.22694,11943.18932,534.88889,40472.82451,154747.40996,12.82579,1.81121,11.81344,2910.57951,2443719.61856,115.75556,51.68579,52.16548,400.37504,1.0,2.11406,392.96575,1.08248,119.8319,B12.a_4,402.43278,175.96087,5.52121,29.96398,1030.08559,40.37778,1.0,1.0,7.48265,17322.02674,1.0,1.8389,1.0,2.85167,1.0,1.44444,1.0,1.0,1.0,B12.i_4
26605.39361,11395.85598,608.44444,38907.04673,143784.96552,142.66994,1.0,21.14678,2771.4684,2375139.28523,122.31111,45.74135,42.55437,437.4306,1.0,5.70911,402.02131,1.08248,123.66523,B12.a_5,377.87722,148.62753,5.52121,26.6742,1004.69671,135.34444,1.0,1.0,4.59784,16575.6934,1.02392,1.03667,1.0,2.10278,1.0,1.0,1.0,1.0,1.0,B12.i_5
15999.94916,10361.24487,473.88889,37159.15784,149581.29885,46.48869,1.51672,6.76867,2733.07951,2314443.17411,103.97778,56.74135,42.49881,373.04171,1.0,6.52491,553.29909,1.24744,120.99856,B12.a_6,357.59945,112.2942,4.27599,9.35287,880.58559,13.05556,1.0,1.0,4.76349,15892.63785,1.0,2.54889,1.0,1.24278,1.0,1.44444,1.0,1.0,1.0,B12.i_6
18398.94916,10537.24487,491.38889,36942.76895,143532.46552,136.37004,1.0,9.85822,2646.41285,2246618.67411,115.31111,48.46357,32.94326,367.70838,1.0,5.0059,460.52131,1.0,106.99856,B12.a_7,348.87722,115.74082,6.36799,6.79732,938.86337,49.47778,1.0,1.0,6.70895,15272.63785,1.02392,1.45001,1.0,1.54111,1.0,1.88889,1.0,1.0,1.0,B12.i_7
16917.11583,9986.68932,493.94444,34483.2134,137435.96552,100.84038,1.0,5.22389,2485.13507,2155844.28523,102.31111,46.35246,30.94326,374.59727,1.0,4.07752,343.46575,1.47137,124.77634,B12.a_8,391.26611,235.18744,5.03465,15.7733,987.69671,62.41111,1.0,1.0,11.04229,14636.86007,1.18288,3.3389,1.0,2.73445,1.0,1.0,1.0,1.0,1.0,B12.i_8
19366.06027,9005.07821,435.94444,34329.65784,132301.13219,119.98115,1.27508,7.17911,2402.35729,2072197.84078,95.53333,57.18579,37.37234,365.20838,1.0,6.48542,278.13242,1.47137,96.49856,B12.a_9,386.93278,241.62753,4.63232,1.0,925.03004,66.08889,1.0,1.37811,10.87052,14159.1934,1.02392,5.06112,1.0,3.23445,1.0,1.88889,1.0,1.0,1.0,B12.i_9
16336.29047,6579.19522,817.29411,19845.43414,44126.58027,157.64167,1.84262,12.64861,80.96609,5175.2631,51.61643,1220597.61001,3.07312,460.5852,1.0,2.32253,1012.71892,1.37462,624.98686,B13.a_0,610.51562,550.38889,52.06294,219.95049,2282.62857,728.91917,1.0,1.0,3.34978,547.17609,1.38889,11782.97957,3.1639,4.86654,1.0,1.63582,8.55556,1.0,3.80642,B13.i_0
17145.84603,5442.86189,724.84967,21812.26748,53759.35804,221.41714,1.65974,14.20617,87.0772,4802.7631,53.61643,1562462.38779,2.99647,363.14075,1.10889,1.14455,1351.38559,1.37462,860.20908,B13.a_1,509.18229,493.72222,35.17405,119.33938,1913.18412,670.42815,1.0,1.0,5.23867,421.62053,1.77778,11074.20179,3.99723,6.08877,1.0,1.95373,7.66667,1.0,2.6436,B13.i_1
16370.6238,6425.19522,736.84967,21099.26748,48746.46916,199.9625,1.32641,15.36682,75.85498,4435.59643,54.61643,1342784.11001,2.45991,465.69631,3.04889,7.03444,1011.77448,1.0,657.98686,B13.a_2,491.2934,441.27778,36.39628,104.0693,1727.35079,2375.97922,1.0,1.0,2.45267,336.38795,1.66667,11621.72701,3.5364,3.76314,1.0,5.57413,5.77778,1.0,4.47309,B13.i_2
15960.23492,4569.86189,625.01633,22087.32303,54296.85804,141.25047,1.54013,8.76373,80.74387,4031.81865,49.2831,1530165.44334,2.62868,338.52964,1.94222,2.17798,1493.33003,1.0,846.09797,B13.a_3,711.23784,507.94444,49.84072,347.82232,2676.57301,681.53028,1.0,1.0,3.97393,307.18644,1.94444,22985.56035,1.90889,4.75543,1.0,1.63582,1.94444,1.0,2.47309,B13.i_3
16752.34603,5759.69522,698.183,21009.93414,49744.9136,428.07362,1.32641,6.82129,65.29942,3612.31865,56.17199,1384090.11001,1.16877,325.47408,1.10889,2.01182,983.10781,1.0,681.76464,B13.a_4,589.23784,441.33333,36.39628,225.00604,2130.73968,1147.53477,1.0,1.0,5.01234,299.44351,1.33333,19554.91396,2.80779,4.80328,1.0,1.0,2.88889,1.0,6.0248,B13.i_4
13599.23492,6039.63967,765.183,18110.60081,38728.63582,338.95001,2.08027,2.55154,70.41053,3344.87421,44.46152,1120994.27668,1.12658,396.36297,1.21778,4.36778,992.94114,1.0,568.65352,B13.a_5,640.90451,409.0,40.17405,228.5847,2375.62857,1088.9882,1.0,1.0,3.37997,248.45386,1.11111,19127.83813,1.89251,3.8187,1.0,1.31791,12.44444,1.0,1.8218,B13.i_5
17650.23492,4830.30633,653.40522,22253.65636,55316.74693,96.45232,1.27857,6.43642,81.96609,3229.81865,50.2831,1582019.22112,1.61321,332.69631,1.0,1.14455,1350.4967,1.0,866.65352,B13.a_6,399.51562,435.16667,28.06294,40.75302,1411.79523,1074.03028,1.0,1.0,4.08915,213.18644,1.0,829.94429,2.74223,2.68367,1.0,1.63582,8.61111,1.0,1.53249,B13.i_6
11499.73492,4933.75078,840.34967,14233.90054,34184.13582,109.99538,2.0085,2.55154,77.74387,3108.87421,30.48503,946684.77668,1.52883,369.97408,1.0,3.63424,895.21892,1.0,491.76464,B13.a_7,491.18229,509.83333,40.95183,132.22826,1991.01746,610.81704,1.0,1.0,7.64882,213.18644,1.44444,9638.14624,2.71945,5.64432,1.0,1.63582,5.83333,1.0,1.59958,B13.i_7
16152.29047,4866.19522,727.01633,18125.00262,45094.58027,258.78334,1.42902,9.16065,71.41053,2998.81865,45.46152,1223829.83223,2.40435,341.19631,1.21778,3.8004,927.66337,1.0,620.09797,B13.a_8,906.73784,434.22222,48.39628,532.30526,3505.62857,617.53477,1.0,1.0,1.63648,213.18644,1.38889,45760.56035,1.08195,2.96144,1.0,2.2068,6.66667,1.0,4.91753,B13.i_8
14594.73492,5123.19522,714.57189,17210.51553,41771.35804,77.16204,1.76236,14.20617,73.96609,2867.65198,43.57263,1185767.9989,3.62658,322.14075,1.0,3.4897,969.27448,1.0,619.70908,B13.a_9,562.62673,425.11111,37.80904,207.40263,2112.07301,1104.42366,1.0,1.0,3.34567,189.61017,1.83333,18357.88362,2.72584,5.31099,1.0,1.0,5.77778,1.0,2.19916,B13.i_9
16376.91742,2602.35752,680.7319,18560.51359,62029.94408,1887.39892,1.23237,55.71166,490.53844,760969.95374,42.37,812677.71189,27.79501,228.42804,1.0,28.99087,297.77778,10.04548,362.80091,B14.a_0,522.1973,274.70872,35.12625,537.8943,2544.44289,1363.1784,1.0,1.0,24.72947,21514.28707,2.48137,11889.85895,1.0,1.20171,1.0,1.0,1.38834,1.0,1.0,B14.i_0
15640.80631,2870.19086,751.67634,19268.45804,64312.55519,3839.51003,1.07746,14.00988,750.53844,748036.1204,42.70334,815631.37856,48.40612,199.20582,1.0,417.76865,712.83333,6.70092,2079.91202,B14.a_1,537.41952,284.59761,28.12625,460.72763,2623.94289,508.12285,1.0,1.0,23.72947,20599.56485,1.48429,11848.35895,1.0,1.0,1.0,1.0,1.51779,1.0,1.15556,B14.i_1
15694.02854,2889.41308,708.12078,18098.84693,61592.83297,3249.89892,1.46474,16.75222,473.64955,731075.06485,44.70334,801101.54522,27.07279,252.31693,1.0,48.8242,654.38889,8.87881,3760.57869,B14.a_2,514.64174,252.26428,20.6818,543.22763,2471.054,499.90062,1.0,1.0,19.61836,19895.28707,1.88597,11299.3034,1.089,1.0,1.0,1.0,2.03557,1.0,1.15556,B14.i_2
13985.08409,2667.91308,653.00967,18145.68026,58879.61074,3462.73225,1.30982,28.30266,504.14955,709948.23152,39.48111,760042.04522,28.62835,211.09471,1.0,21.3242,310.88889,11.03483,362.85646,B14.a_3,498.75286,262.59761,23.79291,370.33197,2383.88734,358.23396,1.0,3.22222,15.68546,19027.78707,1.0,10665.52562,1.0,1.10086,1.0,1.0,1.64723,1.0,1.23333,B14.i_3
13586.08409,3027.02419,635.28745,16217.51359,57476.72185,2041.56559,1.64316,18.32788,530.87177,689662.00929,38.14778,738877.21189,23.85057,190.20582,1.0,27.8242,244.44444,7.11226,342.85646,B14.a_4,512.75286,255.43094,23.90402,336.66869,2224.94289,389.06729,1.0,1.0,17.70747,17729.67596,1.19371,10648.85895,1.089,1.20171,1.0,1.0,1.64723,1.0,1.0,B14.i_4
12482.36187,3411.6353,666.62078,16074.84693,57667.72185,4214.56559,1.07746,5.84322,565.92733,670358.45374,40.81445,704728.71189,32.1839,246.59471,1.0,21.43531,231.55556,5.28958,336.1898,B14.a_5,472.41952,216.15317,16.57069,225.72424,2095.49845,189.78951,1.0,1.0,18.48524,16804.95374,1.38743,9760.08118,1.0,1.20171,1.0,1.0,1.51779,1.0,1.0,B14.i_5
13536.80631,3281.19086,640.06523,16639.90248,53642.22185,2323.51003,1.18857,14.9441,492.81622,649060.17596,39.03667,671991.48967,27.5564,205.9836,1.0,22.76865,224.55556,8.61226,320.91202,B14.a_6,439.86397,194.93094,17.90402,233.50202,1922.66511,118.60172,1.0,1.0,13.84059,15260.28707,1.38743,9202.63673,1.0,1.0,1.0,1.0,1.25889,1.0,1.0,B14.i_6
12378.91742,3332.85752,642.2319,15766.56915,52216.61074,1904.06559,1.6095,15.46932,497.20511,625808.28707,41.25889,645955.71189,20.04001,207.37249,1.0,24.25681,226.55556,8.65659,279.35646,B14.a_7,424.14174,200.76428,13.34847,228.22763,1786.77623,296.24256,1.0,1.0,13.17392,13905.06485,1.58114,8434.35895,1.0,1.0,1.0,1.0,1.64723,1.0,1.0,B14.i_7
11798.63965,3273.30197,610.28745,15331.23582,48685.55519,2177.34336,1.23237,17.39366,443.70511,579347.00929,43.03667,614098.87856,23.61196,246.42804,1.0,9.408,219.66667,14.06793,276.35646,B14.a_8,343.14174,165.43094,12.54264,176.66191,1567.44289,179.45227,1.0,1.0,8.39614,12644.6204,1.09686,7604.52562,1.0,1.0,1.0,1.0,1.12945,1.0,1.0,B14.i_8
10344.47298,3179.1353,587.2319,14399.18026,47342.88852,1696.62114,1.0,9.34322,468.42733,542695.6204,40.37,587338.87856,31.40612,204.15026,1.0,4.4162,173.16667,12.13471,254.52313,B14.a_9,339.36397,145.31983,14.23736,117.50202,1450.44289,232.5759,1.0,3.22222,9.72947,12019.78707,1.0,7469.19229,1.178,1.20171,1.0,1.0,2.25889,1.0,1.87778,B14.i_9
10450.51503,6272.0,756.41418,25624.08235,70726.82383,738.1117,1.18338,11.18969,1241.00642,1455521.4988,106.83865,723183.36451,134.38889,184.65569,1.43556,60.3,332.33333,1.0,235.06667,B15.a_0,764.18861,532.10396,22.41806,1221.44002,3746.99567,135.82583,1.0,2.28889,38.29286,39613.44615,2.67811,9079.02562,1.0,2.14086,1.0,1.0,1.38834,1.0,1.0,B15.i_0
9930.95948,7365.83333,785.91418,25244.80457,64057.43494,516.16726,1.18338,3.8003,1153.39531,1416101.22102,108.39421,673329.03118,146.5,251.43347,1.10889,58.13333,195.77778,1.0,190.12222,B15.a_1,790.91083,603.77063,17.30695,1074.66224,3378.71789,45.74175,1.0,1.0,40.07064,36261.61281,1.67525,8670.35895,1.0,1.41557,1.0,1.0,1.38834,1.0,1.0,B15.i_1
10524.62614,6670.77778,730.69196,24526.80457,65972.76828,653.77837,1.45846,4.34484,1132.72864,1365503.16547,105.61643,675801.36451,148.0,192.21124,1.32667,61.18889,167.0,1.0,205.9,B15.a_2,656.68861,461.4373,16.64028,873.44002,3021.21789,147.19145,1.0,1.0,32.62619,33505.61281,2.01144,7640.35895,1.0,1.79002,1.0,1.0,1.0,1.0,1.0,B15.i_2
10624.12614,5201.66667,694.6364,21278.80457,61959.32383,534.50059,1.45846,10.02302,1026.11753,1317011.16547,88.72754,634906.42006,102.33333,183.32236,1.65334,48.91111,111.72222,1.0,206.06667,B15.a_3,647.52195,456.38174,15.97361,803.60669,2712.329,260.13589,1.0,1.0,33.29286,31899.33504,2.17668,6985.63673,1.0,1.76947,1.0,1.0,1.12945,1.0,1.0,B15.i_3
11206.84836,4974.83333,685.19196,19819.08235,54216.10161,383.29682,1.0,1.54454,895.7842,1258744.55435,74.83865,548710.97562,85.72222,229.65569,1.0,37.18889,165.0,1.0,164.12222,B15.a_4,717.5775,481.65952,18.08472,728.94002,2433.71789,494.18244,1.0,1.0,35.29286,30267.0017,1.62398,6471.35895,1.0,1.61417,1.0,2.51111,1.77668,1.0,1.0,B15.i_4
11013.01503,6171.72222,758.6364,21191.30457,50547.93494,108.87083,1.27508,6.13363,852.67309,1194214.22102,75.61643,501131.58673,93.83333,304.60013,1.0,38.41111,209.72222,1.0,151.23333,B15.a_5,650.02195,417.9373,16.19584,648.66224,2485.27345,326.88139,1.0,1.0,34.07064,29177.33504,1.61826,6391.19229,1.0,1.64086,1.0,1.71111,1.51779,1.0,1.0,B15.i_5
9765.01503,4797.61111,665.69196,18103.6379,51653.04605,777.85238,1.0,6.75576,838.50642,1132221.9988,69.72754,546633.86451,112.27778,204.87791,1.21778,48.46667,151.22222,1.0,158.28889,B15.a_6,666.96639,424.77063,20.75139,656.55113,2277.329,344.30256,1.0,1.0,34.62619,28271.83504,1.56413,5993.24784,1.0,1.6028,1.0,1.0,1.25889,1.0,1.13264,B15.i_6
10400.57059,5461.0,781.46974,17913.52679,46218.15717,678.75982,1.0,10.17818,789.39531,1080489.4988,70.50532,494989.69784,101.27778,385.43347,1.10889,44.24444,269.88889,1.0,161.17778,B15.a_7,664.85528,438.21507,14.75139,633.32891,2031.99567,133.83484,1.0,1.0,29.40397,27503.55726,1.17096,5258.97007,1.0,1.56168,1.0,1.0,1.0,1.0,1.0,B15.i_7
8870.23725,5232.83333,696.35863,17130.69346,44213.9905,379.24126,1.2028,5.43393,788.72864,1043067.27658,79.72754,498136.64229,101.77778,322.2668,1.0,49.35556,195.83333,1.0,163.45556,B15.a_8,677.63306,461.38174,16.64028,628.27335,2095.55122,204.63589,1.0,1.0,29.7373,26624.61281,1.0,5073.24784,1.0,1.97113,1.0,1.0,2.25889,1.0,1.0,B15.i_8
9365.29281,5026.38889,677.02529,16516.69346,42293.15717,483.59315,1.29449,2.08909,768.95087,990958.38769,69.72754,466139.7534,90.22222,329.04458,1.0,37.52222,197.83333,1.0,166.4,B15.a_9,651.68861,490.60396,18.08472,674.77335,2095.27345,153.5428,1.0,1.0,29.18175,25924.77948,1.05699,5005.41451,1.0,2.79002,1.0,1.0,3.85057,1.0,1.26527,B15.i_9
24239.0334,15977.70872,1326.07944,26986.88441,41818.54754,271.20113,4.49933,91.93333,3461.79403,1452340.03098,81.18963,533422.50341,1241.32451,875.42556,1.0,18.33333,428.44444,270.48522,505.73455,B16.a_0,517.00472,129.20872,40.19176,22.55776,1204.04283,857.11111,1.0,1.64444,34.53058,6721.54366,1.0,4904.21823,6.77096,4.91111,1.0,2.27164,1.0,1.0,5.77189,B16.i_0
20817.64451,15584.70872,1251.57944,28183.49552,38040.10309,315.40577,3.51941,74.43333,3205.84958,1340127.41986,68.30074,540905.50341,1197.93563,695.25889,1.0,18.77778,525.33333,196.70744,451.84566,B16.a_1,611.89361,126.04205,42.08065,14.61277,1267.15394,1405.44444,1.0,1.0,35.19725,5436.26589,1.10313,3226.32934,5.88207,3.66667,1.0,3.16053,1.65974,1.0,5.91117,B16.i_1
19570.97785,14002.37539,1178.91277,24101.88441,37122.76976,134.7391,4.43373,45.26667,2957.84958,1249893.14209,57.07852,437995.83674,1085.38007,571.31445,1.0,18.05556,300.72222,136.54078,386.62343,B16.a_2,439.44916,152.31983,23.70132,1.0,934.43171,561.33333,1.0,1.64444,23.24802,4481.877,1.0,1522.66268,2.16496,3.67778,1.0,2.52471,2.31949,1.0,2.97338,B16.i_2
17164.25562,13285.4865,1038.635,26057.93997,36582.26976,219.27145,2.61044,44.1,2787.07181,1209392.86431,56.74519,437177.33674,1055.43563,690.09223,1.0,18.33333,334.27778,34.31856,465.7901,B16.a_3,560.61583,130.04205,24.96954,1.0,1183.3206,501.38889,1.0,2.28889,29.19725,3799.59922,1.0,1950.71823,2.303,3.84444,1.0,2.90746,1.0,1.0,10.54302,B16.i_3
17695.75562,13116.26428,995.91277,26895.16219,35280.60309,318.23629,2.47925,44.1,2754.90514,1171592.69764,56.18963,425987.78119,933.88007,725.64778,1.0,14.33333,347.16667,58.15189,539.23455,B16.a_4,532.72694,124.72257,23.63621,1.0,1228.43171,686.38889,1.0,1.0,29.53058,3191.54366,1.0,1193.32934,1.82822,3.13333,1.0,4.04942,1.65974,1.0,2.86892,B16.i_4
17051.86674,14070.87539,878.635,29730.88441,33233.2142,231.90296,1.19679,59.26667,2793.90514,1133630.64209,51.18963,459486.05896,896.04674,912.48111,1.0,11.72222,395.77778,25.92967,486.12343,B16.a_5,538.61583,169.59761,31.63621,1.0,1183.48727,1175.5,1.0,1.0,38.86392,2929.15478,1.0,1500.49601,5.29959,3.95556,1.0,4.2408,1.0,1.0,3.1956,B16.i_5
17069.5334,13399.4865,996.19055,26100.66219,33635.99198,237.40577,2.17135,46.43333,2711.79403,1111706.53098,58.74519,438600.72563,970.04674,750.42556,1.0,15.22222,377.88889,64.98522,410.17899,B16.a_6,441.94916,130.04205,19.32199,1.0,865.98727,764.55556,1.0,1.0,29.57178,2609.377,1.0,909.77379,1.99659,3.16667,1.0,2.58955,1.0,1.0,3.32002,B16.i_6
16235.08896,12626.37539,809.30166,25414.82885,33764.15865,517.81224,1.19679,23.37778,2744.62736,1087352.36431,56.74519,408413.94785,921.65785,731.37,1.0,6.77778,280.77778,27.81856,409.51232,B16.a_7,381.06027,125.94479,14.29899,6.66777,788.54283,873.44444,1.0,1.0,22.52101,2404.76589,1.0,713.27379,2.44104,2.11111,1.0,1.95373,1.0,1.0,1.95187,B16.i_7
15603.20007,11789.70872,953.80166,20190.7733,30836.38087,210.44093,1.7925,32.83333,2437.68292,1046689.86431,58.18963,400556.67008,961.54674,544.09223,1.0,13.05556,329.44444,87.59633,351.67899,B16.a_8,537.39361,135.37539,35.19176,1.0,1187.54283,1994.61111,1.0,1.0,36.97503,2216.15478,1.0,1143.66268,3.55044,3.64444,1.0,4.36733,1.65974,1.0,6.1956,B16.i_8
15441.25562,11719.81983,959.19055,20832.38441,30548.2142,332.27145,1.77242,26.47778,2421.68292,1006246.91986,52.41186,323374.33674,841.60229,729.87,1.0,14.88889,299.77778,51.81856,414.45677,B16.a_9,485.39361,175.59761,21.5021,1.0,970.37616,1082.83333,1.0,1.0,29.19725,2048.48811,1.0,662.44045,1.27607,3.02222,1.0,3.79635,2.60419,1.0,3.06298,B16.i_9
34389.42283,19434.31058,1560.52699,37380.40038,41002.75716,172.13745,7.74519,75.68795,3464.87926,1498969.11426,70.54171,276412.24784,1034.59907,1403.69826,1.0,13.989,593.43094,13.75954,242.89379,B17.a_0,527.82179,299.29909,17.98255,1.0,1734.78287,658.48204,1.0,1.0,26.07473,5147.24496,1.27778,1821.69229,4.11348,1.33333,1.0,1.0,1.0,1.0,1.0,B17.i_0
33051.97838,18377.97725,1434.24921,43109.23371,41688.0905,198.85967,6.65803,72.18795,3340.15703,1409220.72537,70.20838,264770.41451,1012.54352,1566.58714,1.0,18.28086,641.15317,13.80598,239.61602,B17.a_1,591.26624,281.96575,23.98255,1.0,1756.56065,601.6116,1.0,1.0,29.85251,4182.18941,1.0,1263.08118,4.11426,2.22222,1.0,1.0,1.0,1.0,1.22794,B17.i_1
34326.31172,18958.03281,1464.52699,47594.1226,40846.25716,153.75382,5.75317,70.68559,3325.65703,1349982.55871,70.65282,302950.08118,1009.37685,1553.42048,1.0,19.29494,588.54205,8.14843,277.78268,B17.a_2,550.59957,276.85464,16.02249,1.0,1491.56065,512.55595,1.0,1.0,23.29695,3337.74496,1.12222,1253.58118,2.77935,1.27778,1.0,1.0,3.03333,1.0,1.11397,B17.i_2
31694.47838,17656.69947,1592.41588,37242.28927,38031.70161,113.87994,6.63408,60.52129,3199.71259,1302948.61426,63.20838,273734.19229,990.15463,1437.03159,1.0,11.08603,525.20872,13.34478,238.72713,B17.a_3,530.04401,271.74353,17.18105,4.63002,1574.94954,839.37093,1.0,1.0,25.51917,3038.96718,1.0,1072.63673,3.16903,2.16667,1.0,1.0,1.0,1.0,1.34191,B17.i_3
31812.14505,18264.14392,1790.91588,30910.56705,37456.47939,117.45577,7.8563,49.23878,2982.71259,1271304.11426,60.65282,224217.13673,1012.82129,1101.92048,1.0,9.3912,570.87539,17.50233,200.50491,B17.a_4,578.15512,321.35464,22.98255,1.0,1692.72732,554.70416,1.0,1.0,22.7414,2823.80052,1.01111,915.63673,3.66824,1.11111,1.0,1.0,1.0,1.0,2.24224,B17.i_4
30489.64505,17424.86614,1691.69365,31934.73371,35025.0905,185.2891,8.31671,66.51774,2892.3237,1211849.83648,55.4306,242938.91451,990.82129,1205.97603,1.0,9.7527,480.81983,16.31891,195.56046,B17.a_5,543.65512,370.9102,16.87144,1.0,1635.33843,633.79682,1.0,1.0,31.96362,2734.5783,1.0,846.52562,2.11229,1.5,1.0,1.0,1.54444,1.0,1.11397,B17.i_5
26141.14505,14944.36614,1205.74921,41458.45593,32143.53494,115.28384,5.78511,67.51774,2596.21259,1171075.89204,54.4306,240026.19229,824.04352,1527.36492,1.0,9.18306,482.81983,11.77247,219.22713,B17.a_6,562.59957,375.79909,16.20477,2.21001,1516.28287,519.0746,1.0,1.0,31.29695,2551.18941,1.0,742.8034,3.39086,2.38889,1.0,1.0,2.08889,1.0,1.0,B17.i_6
26762.86727,15377.47725,1484.91588,32225.06705,33428.81272,126.15245,6.99136,42.62648,2546.21259,1127447.39204,53.4306,205470.85895,851.87685,1287.69826,1.0,11.84973,493.65317,11.75954,233.00491,B17.a_7,488.37735,422.29909,24.31588,7.37667,1385.56065,754.55614,1.0,1.0,27.29695,2420.02274,1.0,702.85895,1.66785,3.38889,1.0,1.0,1.0,1.0,1.0,B17.i_7
24752.64505,14583.14392,1479.41588,37241.34482,30674.75716,127.61717,7.53893,41.07566,2351.60148,1056274.89204,49.65282,195630.74784,738.71018,1486.30937,1.10889,5.7527,433.04205,17.36153,233.33824,B17.a_8,512.76624,441.52131,24.5381,1.0,1485.78287,1007.1117,1.0,1.0,21.98416,2351.80052,1.0,707.3034,1.66785,3.11111,1.0,1.0,1.0,1.0,1.11397,B17.i_8
23080.86727,13389.03281,1212.69365,45527.40038,30801.03494,79.693,6.63408,51.18795,2336.15703,995686.66982,46.54171,196453.35895,720.87685,1555.03159,1.10889,10.37789,436.09761,11.80216,189.67157,B17.a_9,562.26624,367.74353,19.64922,1.0,1535.50509,718.98194,1.0,1.0,26.51917,2189.52274,1.02222,722.8034,1.66785,2.5,1.0,1.0,1.0,1.0,1.0,B17.i_9
57179.45853,8502.77778,42818.17157,6918.65635,85020.5471,663.07719,21.18072,11.06493,2552.70224,449334.29608,24.83875,2283.22737,373.31111,140.52706,1.0,332.33333,1402.65952,78.59058,1457.34771,B18.a_0,3757.17256,543.4967,4059.96501,418.33169,4885.9456,62.33333,1.0,1.0,268.39625,20815.08249,2.06321,19.02385,27.81693,3.66788,1.0,2.77388,15.49705,11.21283,29.84246,B18.i_0
55105.95853,5741.55556,42121.72713,8420.15635,78994.0471,616.02163,14.9585,3.8757,3625.70224,432663.40719,37.17208,1996.83848,191.14444,135.19373,1.0,332.5,871.71507,38.09058,1296.84771,B18.a_1,4043.78367,448.60781,4091.68723,500.77614,5082.72338,123.77778,1.0,1.0,261.06291,19579.52693,4.10247,14.14598,16.99159,2.68506,1.0,1.0,21.76521,14.0911,39.00913,B18.i_1
52601.40298,6516.72222,41303.61602,6017.32302,75846.15821,671.41052,17.84739,12.42084,2029.31335,409513.24052,30.72764,2023.11626,214.14444,152.24928,1.0,301.61111,1176.88174,42.3128,1297.79216,B18.a_2,3947.95033,483.94114,4008.07612,426.05391,4879.9456,126.05556,1.0,1.0,250.06291,19095.80471,2.26148,18.09042,19.04715,7.55277,1.0,1.0,16.16077,11.99061,32.89802,B18.i_2
45410.34742,5589.83333,33055.22713,6094.43413,66556.32488,675.55506,13.29183,3.79375,1691.81335,369023.96274,21.94986,1834.22737,152.42222,154.74928,1.0,357.44444,1155.9373,50.3128,1180.29216,B18.a_3,3919.33922,428.4967,3931.02056,518.77614,4813.05672,220.27778,1.0,1.0,260.28513,18711.86026,5.34864,11.00136,20.59471,2.0144,1.0,1.0,14.32371,7.20098,30.23135,B18.i_3
43032.29187,5680.27778,32901.33824,6060.82302,62747.76933,382.02163,13.40294,2.3559,2151.81335,340719.79608,20.61653,1418.33848,308.64444,212.30484,1.0,318.66667,756.88174,29.90768,970.18105,B18.a_4,3694.89478,436.55226,3770.40945,333.05391,4494.27894,125.88889,1.0,1.0,256.61847,18186.36026,4.22955,16.31265,19.48359,5.1375,1.0,1.0,18.81409,19.70221,24.62024,B18.i_4
42387.45853,6049.27778,31769.00491,5079.76746,59734.49155,609.79941,12.51406,1.27118,1732.42446,312472.79608,13.61653,1491.72737,256.42222,220.91595,1.0,292.5,915.38174,28.74101,911.01438,B18.a_5,3777.78367,464.83003,3909.29834,513.60947,4836.4456,99.38889,1.0,1.0,237.28513,17923.74915,2.70593,6.96829,16.15826,2.92847,1.0,1.22125,10.98743,1.0,25.45357,B18.i_5
43284.34742,5655.11111,40511.3938,5936.98968,59616.0471,1201.63274,21.73628,2.89827,1399.53557,289431.35163,12.50542,904.17181,106.58889,142.4715,1.0,231.33333,792.27063,45.74101,1021.7366,B18.a_6,3630.22811,402.16337,3723.63167,382.10947,4441.22338,212.05556,1.0,1.0,244.28513,17676.74915,3.13441,7.29015,20.21781,2.41527,1.0,1.0,2.11778,6.72345,28.39802,B18.i_6
39735.18076,6545.0,36740.06046,5541.82302,56431.32488,957.07719,19.51406,4.06493,1983.48001,274872.12941,20.17208,849.50515,321.9,160.74928,1.0,241.0,1010.15952,31.59058,950.06994,B18.a_7,3746.17256,445.60781,3758.57612,495.60947,4652.05672,84.88889,1.0,1.0,242.39625,17266.91582,2.38058,7.08997,12.89647,3.57395,1.0,1.0,15.55928,6.20098,31.39802,B18.i_7
41020.18076,4958.55556,39895.56046,5446.32302,57663.60266,776.07719,19.9585,6.12709,1464.42446,265274.46274,12.71808,805.00515,131.07778,152.30484,1.0,252.0,847.10396,35.8128,921.34771,B18.a_8,3389.89478,489.9967,3559.02056,469.83169,4312.83449,43.88889,1.0,1.0,233.72958,16888.58249,1.61877,12.77913,14.44003,5.07395,1.0,1.0,2.86297,2.04494,22.84246,B18.i_8
40086.01409,4530.88889,38103.28268,5327.71191,53583.32488,973.29941,16.40294,4.33611,1251.25779,254747.40719,12.81963,715.50515,286.08889,143.13817,1.0,209.33333,764.77063,38.09058,826.18105,B18.a_9,3394.45033,459.88559,3617.13167,389.66502,4148.77894,191.61111,1.0,1.0,226.06291,16557.24915,1.30938,15.9458,20.44403,6.99722,1.0,1.4425,17.18669,13.10172,30.95357,B18.i_9
28529.52096,1978.57778,129367.77668,693.09542,42536.05004,2061.85021,71.42222,60973.69474,328.49873,66569.89662,1.3244,423.45846,172.42804,251.88889,1.0,362.55608,802.43094,273.93753,1454.18549,B2.a_0,512.22222,5.81885,92.21787,1.0,1145.4516,23.44444,1.0,245.43691,6.95008,485.46172,1.0,3.4343,1.71111,1.0941,1.0,3.034,1.38834,1.0,5.92896,B2.i_0
23839.40984,1981.68889,109005.61002,656.87319,36287.49449,1349.01688,65.08889,49411.97252,274.6654,53365.67439,1.21626,369.2918,112.70582,200.44444,1.0,287.00052,819.26428,239.49309,1221.12994,B2.a_1,514.33333,3.84929,95.4401,1.0,1058.72938,177.16667,1.0,253.43691,6.86036,349.12839,1.0,4.0141,1.53333,1.0941,1.0,2.08027,1.38834,1.0,5.26895,B2.i_1
20870.18762,1756.18889,131216.11002,716.37319,30455.49449,1428.90577,53.86667,41682.52808,264.88762,46464.22995,1.0,338.84735,103.20582,196.38889,1.0,248.83386,750.9865,215.43753,1195.57438,B2.a_2,467.0,1.56619,121.38454,1.0,943.72938,64.22222,1.0,273.27025,5.12031,330.08113,1.0,2.4828,1.35556,1.18819,1.0,2.27164,1.38834,1.0,6.03342,B2.i_2
16391.35429,1700.63333,121878.49891,494.20653,29366.55004,1552.40577,56.75556,31508.63919,254.22096,39574.56328,1.54066,378.01402,121.31693,192.38889,1.0,247.50052,786.65317,249.32642,1178.57438,B2.a_3,460.61111,21.35461,92.99565,1.0,984.06271,68.44444,1.0,222.99247,3.96434,293.30335,1.0,3.75198,2.15556,1.20521,1.0,1.31791,2.38834,1.0,7.75564,B2.i_3
13121.18762,1569.41111,117557.16557,463.37319,22528.1056,2372.90577,67.42222,25726.47252,252.83207,32635.11884,1.3244,367.51402,101.15026,173.72222,1.0,239.11163,930.43094,233.88197,1103.68549,B2.a_4,582.44444,21.0068,108.77343,1.0,1355.89604,35.44444,1.0,230.17315,10.26915,255.54218,1.0,2.09391,1.88889,1.0941,1.0,1.63582,1.51779,1.0,5.81119,B2.i_4
12026.02096,1397.8,105497.05446,347.11655,22830.05004,1836.18355,69.08889,24573.19474,224.33207,29459.45217,1.10813,327.62513,72.48359,141.38889,1.0,219.11163,625.15317,191.99309,1021.96327,B2.a_5,378.55556,2.56619,79.32899,1.0,765.11827,3.0,1.0,365.65913,2.8461,249.85061,1.0,1.0,1.35556,1.18819,1.54445,2.58955,1.25889,1.0,7.05121,B2.i_5
9661.35429,1440.02222,108592.33224,214.81321,19124.99449,2430.57244,60.31111,18654.02808,242.10984,27364.72995,1.0,348.2918,95.31693,163.0,1.0,204.83386,1069.87539,219.99309,1066.68549,B2.a_6,525.55556,2.2831,114.10676,1.0,1103.06271,146.38889,1.0,261.54802,6.56476,249.85061,1.0,2.76058,1.35556,1.0941,1.10889,1.63582,1.38834,1.0,4.52228,B2.i_6
9483.9654,1361.24444,100435.88779,328.11212,18954.88338,1449.57244,62.64444,19959.80585,202.6654,26107.39662,1.0,326.23624,73.42804,160.5,1.0,235.55608,582.59761,220.38197,927.07438,B2.a_7,619.55556,9.2435,135.88454,1.0,1199.39604,140.33333,1.0,321.3258,6.60961,249.57283,1.0,5.26763,3.61111,1.0941,1.10889,3.28707,10.73946,1.0,20.78674,B2.i_7
10277.9654,1746.07778,129046.55446,391.20653,19934.21671,2905.2391,72.53333,19413.80585,266.55429,25344.2855,1.21626,396.84735,124.37248,162.05556,1.0,303.50052,1012.31983,292.54864,1165.40771,B2.a_8,544.16667,2.42465,120.99565,1.0,1184.17382,72.55556,1.0,291.93691,9.10605,228.93106,1.0,2.76058,1.0,1.0941,1.32667,1.95373,1.51779,1.0,6.50231,B2.i_8
10857.79873,1624.02222,127590.38779,466.75322,20431.71671,2152.68355,67.75556,21315.97252,232.55429,24333.72995,1.0,413.34735,105.92804,182.94444,1.0,559.05608,977.59761,325.93753,1117.90771,B2.a_9,590.0,3.70774,109.10676,1.0,1228.4516,121.5,1.0,270.77025,6.28341,202.35061,1.0,1.28483,1.0,1.18819,1.0,1.95373,7.79501,1.0,4.13339,B2.i_9
17787.13607,2703.32618,103940.84916,1353.70108,29583.46497,763.23011,47.11111,140.28373,506.6784,82056.09806,1.52603,322.62513,68.95412,344.52706,1.0,254.09169,2921.27097,558.53992,1594.28355,B3.a_0,595.13223,73.33368,139.63059,1.0,831.90375,1779.72222,1.0,2.55792,16.13691,1238.46553,1.0,4.06667,1.54756,7.33333,1.0,1.0,3.38834,1.0,16.16297,B3.i_0
15064.41385,2631.65952,112809.01583,1322.81219,21748.18719,570.23011,48.33333,104.07749,483.78951,78849.87584,1.82534,294.40291,59.06523,453.19373,1.0,241.2028,2933.71542,402.3177,1437.67244,B3.a_1,548.74334,35.71564,110.85282,1.0,724.40375,464.38889,1.02222,1.0,9.46067,1091.46553,1.0,3.0,1.0,4.11111,1.0,2.33333,1.64723,1.0,9.15648,B3.i_1
16368.96941,2682.32618,119389.1825,1312.36775,27919.40941,617.39678,43.55556,115.4344,451.56728,74383.32028,2.26978,325.62513,56.78745,391.19373,1.0,266.81391,2963.27097,515.87326,1578.56133,B3.a_2,495.13223,42.26428,128.51948,1.0,676.95931,657.88889,1.0,1.0,19.19725,997.29886,1.0,2.33333,1.27378,5.27778,1.0,1.44444,2.03557,1.0,14.60093,B3.i_2
16701.41385,2509.27063,105916.12694,1271.03442,28842.96497,884.50789,39.88889,132.10107,431.62284,70742.20917,2.16318,257.23624,50.62079,348.19373,1.0,193.92502,2421.93764,406.36265,1407.17244,B3.a_3,509.91001,55.88231,122.96393,1.0,649.51486,723.55556,1.0,2.55792,12.69246,965.79886,1.0,2.72222,1.27378,5.22222,1.0,1.0,2.25889,1.0,12.66945,B3.i_3
14306.63607,2420.38174,126094.12694,1165.36775,22340.35386,481.73011,49.88889,87.79972,425.56728,68497.20917,2.35137,301.68068,56.67634,380.91595,1.0,250.42502,2840.77097,421.59017,1447.45022,B3.a_4,489.02112,41.39616,108.29726,1.0,647.57042,347.27778,1.0,1.0,9.28922,897.57664,1.0,4.71111,2.43645,3.61111,1.0,1.0,1.38834,1.0,5.65,B3.i_4
14042.85829,2349.71507,113876.34916,1346.03442,22972.63163,864.00789,46.44444,80.92682,445.40062,66256.76473,3.20623,333.45846,59.12079,309.52706,1.0,260.09169,2432.38209,265.92881,1807.39466,B3.a_5,509.18779,36.94479,111.40837,1.0,658.73709,369.83333,1.0,3.33688,12.07657,876.29886,1.0,5.04444,1.27378,3.72222,1.0,1.0,1.51779,1.0,6.15,B3.i_5
14590.19163,2607.49285,125339.34916,1180.86775,21835.90941,309.34123,47.66667,82.09348,451.84506,63717.20917,3.20623,333.06957,50.67634,322.36039,1.0,316.86947,4387.32653,251.42881,1812.11688,B3.a_6,551.02112,49.71564,138.18615,6.63544,706.3482,717.77778,1.01111,2.55792,16.30836,829.63219,1.0,3.13333,1.0,5.77778,1.0,1.44444,3.38834,1.0,6.8625,B3.i_6
12885.13607,2394.04841,114234.12694,1211.81219,17631.24275,399.78567,47.66667,114.5615,415.06728,62120.15362,1.79131,293.40291,53.06523,398.36039,1.0,238.92502,5332.43764,243.13512,1448.89466,B3.a_7,478.02112,45.31983,115.63059,11.80211,591.01486,156.22222,1.0,1.0,11.41947,787.52108,1.0,1.4,1.0,4.61111,1.0,1.0,2.51779,1.0,7.8625,B3.i_7
11851.41385,2493.10396,131072.90472,1222.08997,12860.85386,331.95234,56.55556,109.76774,446.06728,60453.32028,1.46248,319.01402,58.2319,331.91595,1.0,237.09169,1769.32653,248.64573,1835.17244,B3.a_8,518.35446,47.93787,117.7417,1.0,701.12597,856.88889,1.0,1.0,13.68289,750.85441,1.0,2.86667,1.0,3.88889,1.0,2.33333,1.12945,1.0,7.15,B3.i_8
13685.35829,2374.88174,126437.6825,1132.08997,24825.52052,516.95234,44.22222,93.57749,431.90062,58804.82028,1.61214,414.2918,48.34301,363.30484,1.0,313.75836,2545.88209,232.65103,1803.50577,B3.a_9,523.41001,64.82676,121.51948,1.0,709.68153,368.05556,1.0,2.55792,13.0258,688.29886,1.0,5.57778,1.27378,3.83333,1.0,1.44444,2.51779,1.0,8.41806,B3.i_9
85285.904,47746.20774,33534.89621,9388.03398,155127.41899,134.28951,16.69373,371.94088,2858.7438,954679.971,188.44006,3004.50395,578.33333,226.25381,1.0,413.61189,1166.38209,215.7706,2456.70112,B4.a_0,581.12735,111.71542,76.71899,9.18036,998.38156,119.88889,1.0,1.0,16.1978,3509.13697,1.75277,8.01961,2.91646,2.42778,1.0,1.0,1.0,1.0,1.0,B4.i_0
88505.68178,43837.04108,33684.22954,9362.08954,156951.0301,199.41784,16.36039,383.49644,2562.46602,921938.41545,165.66228,3002.4484,537.66667,208.86492,1.0,399.33411,1194.15986,255.60393,2481.36778,B4.a_1,548.51624,125.88209,84.71899,6.62481,1044.77044,75.62222,1.0,1.0,14.75335,3257.52586,1.94096,15.73334,3.46402,1.93611,1.0,1.0,1.0,1.0,3.83114,B4.i_1
77664.57067,41249.92997,29211.61843,8366.81176,139881.36343,160.68701,11.02706,389.38533,2345.85491,884535.91545,153.88451,2763.17062,489.44444,184.97603,1.0,347.00078,1143.65986,205.54838,2198.59001,B4.a_2,526.34957,82.54875,76.05232,7.48553,989.38156,15.11111,1.0,1.0,13.29175,3105.35919,2.46248,9.25098,1.82134,2.87222,1.0,1.0,1.31616,1.0,2.72003,B4.i_2
75293.68178,54349.2633,30316.61843,7294.08954,122960.75232,401.40062,11.58261,315.77422,2282.63269,822259.74878,166.32895,2734.28173,419.83333,203.80937,1.0,395.55633,1364.65986,229.82615,2229.25667,B4.a_3,546.73846,91.4932,84.49676,1.0,956.10378,12.47778,1.0,1.0,12.53113,2948.02586,1.64166,6.85295,2.3689,1.63778,1.0,1.0,1.0,1.0,2.97113,B4.i_3
71223.62622,44932.48552,26932.34065,7307.03398,121328.91899,121.95618,14.02706,292.38533,2024.46602,771468.971,135.32895,2311.05951,413.72222,181.80937,1.0,346.11189,1230.10431,196.49282,1851.42334,B4.a_4,515.51624,84.60431,76.71899,1.0,908.93711,85.82222,1.0,1.0,14.08669,2885.02586,1.26978,2.06536,1.27378,1.76945,1.10889,1.0,1.0,1.0,1.0,B4.i_4
76488.95956,31426.70774,28664.34065,6637.92287,116214.58565,103.45618,12.69373,284.16311,1934.41047,731476.02656,136.66228,2229.67062,400.5,157.30937,1.0,410.33411,761.54875,250.04838,1825.9789,B4.a_5,483.12735,80.96271,63.8301,1.0,891.43711,19.22222,1.0,1.0,13.73619,2816.63697,3.61214,7.9085,3.25779,2.33111,1.0,1.0,1.0,1.0,2.07261,B4.i_5
73636.23733,41295.37441,29700.95176,6397.70065,119127.47454,99.34507,12.36039,251.49644,1997.68825,685714.24878,127.32895,2603.28173,407.38889,161.86492,1.0,429.61189,1158.4932,253.60393,2002.4789,B4.a_6,544.51624,87.60431,97.8301,1.45814,997.15933,56.24444,1.0,1.0,9.01804,2769.4703,3.05658,8.50066,3.09912,2.84556,1.10889,1.88889,1.31616,1.0,2.73928,B4.i_6
70714.12622,36367.92997,27514.2851,5955.92287,107429.97454,185.56729,14.13817,213.94088,1949.41047,666317.74878,135.99562,2300.72618,395.38889,168.53159,1.0,405.33411,745.71542,243.65949,1753.64556,B4.a_7,482.18291,81.60431,83.38565,4.0137,979.43711,52.71111,1.0,1.0,13.97558,2685.85919,1.38089,9.89935,1.54756,1.91556,1.0,3.66667,1.0,1.0,3.58005,B4.i_7
73257.95956,42096.7633,34808.06287,5475.42287,113895.41899,240.14867,11.02706,311.16311,1803.41047,644040.85989,118.21784,2914.4484,346.38889,169.80937,1.0,437.88966,915.04875,237.99282,2021.81223,B4.a_8,528.40513,89.54875,82.60788,7.02739,929.93711,32.15556,1.0,1.0,15.53113,2623.02586,1.82985,12.08432,3.53157,1.50611,1.32667,1.44444,1.0,1.0,1.43482,B4.i_8
70305.51511,51900.92997,36107.2851,5596.86732,101516.97454,261.6784,9.69373,295.94088,1813.13269,627116.971,130.99562,2912.11507,354.27778,190.58714,1.0,411.77855,915.93764,240.54838,2034.53445,B4.a_9,489.18291,62.15445,77.27454,2.37442,932.54822,107.27778,1.0,1.0,13.3857,2544.13697,4.2788,2.75033,2.92845,2.05333,1.0,2.77778,1.0,1.0,2.09186,B4.i_9
41556.35456,24349.92997,109585.17059,7237.54787,53452.35917,5753.27837,105.36039,260.69489,1307.51495,310407.86282,15.74519,574.8106,424.92804,2282.37504,1.0,292.78663,827589.65952,64.34239,4469.28889,B5.a_0,670.5762,1110.9967,136.75899,20.11225,1939.23117,2930.06729,1.0,1.0,11.2441,3740.614,1.03854,24.27023,3.66503,1.12031,1.0,1.16547,1.0,1.0,7.20314,B5.i_0
42324.02122,24580.42997,93234.72614,7736.54787,52715.19251,4798.83392,111.9715,181.13933,1292.5705,292573.80726,14.8563,571.64393,410.26137,2249.31949,1.0,312.06441,846444.77063,64.50906,5023.73333,B5.a_1,694.46509,994.83003,39.25899,20.64059,1930.28672,4104.06729,1.0,1.0,10.91077,3321.33622,1.03854,29.65912,6.44051,1.05156,1.0,1.0,1.0,1.0,4.51803,B5.i_1
41003.07678,24117.81885,108652.89281,7206.60343,52062.24806,4333.88948,126.69373,206.75045,1238.62606,282254.80726,13.8563,590.75505,475.53915,2422.15282,1.0,319.73108,924703.15952,79.50906,4835.17778,B5.a_2,513.02064,927.10781,79.81455,26.18254,1466.78672,3221.73396,1.0,1.0,12.21698,2948.66956,1.03854,33.27023,7.66142,1.06875,1.0,1.0,1.0,1.31242,5.42516,B5.i_2
39276.24345,23242.09663,99488.2817,6963.71454,53225.69251,3694.05614,105.80484,244.306,1231.45939,270222.08504,16.96741,555.8106,421.15026,2269.09727,1.0,329.11996,781835.21507,73.73128,4529.73333,B5.a_3,645.52064,978.71892,134.18701,21.16894,1937.34228,3526.1784,1.0,1.0,10.2441,2655.05844,1.0,25.27023,10.0513,1.06875,1.0,1.16547,1.0,1.0,4.55472,B5.i_3
36081.57678,22112.65219,97193.44836,6253.32565,46165.52584,3426.72281,99.80484,245.47267,1123.68162,256818.86282,11.74519,549.53282,337.81693,2121.4306,1.0,306.06441,838482.9373,73.17572,4035.4,B5.a_4,538.29842,756.55226,89.40923,34.8084,1397.50894,3293.90062,1.0,1.0,10.03675,2267.114,1.0,30.71468,9.38496,1.08594,1.0,1.0,1.0,1.0,6.14738,B5.i_4
35745.799,22222.7633,106383.7817,6552.88121,47013.63695,3732.88948,129.74928,246.806,1127.34828,249654.41837,12.30074,541.92171,333.37248,2490.15282,1.0,264.39774,774119.60396,72.50906,4559.34444,B5.a_5,612.18731,749.38559,36.84546,34.64173,1257.45339,2036.78951,1.0,1.0,10.50832,2109.83622,1.0,25.60357,7.71796,1.05156,1.0,1.0,1.0,1.0,5.11048,B5.i_5
35803.57678,21147.31885,100351.89281,6201.88121,47122.80362,5279.1117,105.69373,224.63933,1065.45939,244484.97393,10.41186,562.86616,316.98359,2181.37504,1.0,262.9533,853738.32618,58.34239,3916.01111,B5.a_6,825.40953,643.44114,54.59233,1.0,1829.73117,2522.12285,1.0,1.0,15.35521,1978.83622,1.0,32.38135,1.99934,1.08594,1.0,1.0,4.41677,1.0,11.83249,B5.i_6
33915.41011,21227.98552,104893.94836,6325.65899,45307.5814,4375.05614,115.19373,237.41711,1092.12606,240115.64059,9.8563,533.97727,336.65026,2408.81949,1.0,287.23108,844005.82618,61.12017,4119.67778,B5.a_7,453.52064,622.27448,157.7899,1.0,1197.12005,3153.6784,1.0,1.0,14.79966,1889.83622,1.0,22.32579,6.27352,1.03437,1.0,1.16547,1.0,1.0,4.20314,B5.i_7
33922.52122,20405.20774,101152.55948,5878.60343,44336.0814,5165.16726,112.30484,177.63933,1072.23717,234145.58504,14.63408,531.42171,323.65026,2031.20838,1.0,274.4533,733137.71507,48.17572,4051.17778,B5.a_8,600.5762,686.94114,122.35367,6.75057,1730.45339,2707.62285,1.0,1.0,10.32809,1763.78067,1.0,20.74638,3.38758,1.05156,1.0,1.0,1.0,1.0,5.18428,B5.i_8
33131.52122,20444.42997,116562.50392,6080.15899,41783.02584,4013.00059,107.13817,218.69489,1034.51495,229631.97393,11.41186,585.19949,326.26137,2093.76393,1.0,256.06441,861793.82618,72.73128,4208.67778,B5.a_9,559.02064,736.66337,95.98748,1.0,1506.73117,2761.23396,1.0,1.0,14.21698,1695.83622,1.0,17.29001,2.66568,1.03437,1.0,1.33093,2.70839,1.15621,9.23983,B5.i_9
74737.4585,1773.49285,51007.35389,9103.33368,34068.55039,1087.51174,78.33333,397.63522,2026.84942,474982.21092,28.0,345.12446,128.57279,184.53159,1.0,203.72141,1737.90624,38.2,1231.51562,B6.a_0,763.32555,50.35556,89.38363,1.0,1961.82154,489.11111,1.0,1.0,40.75443,2005.63562,1.27778,7.86775,2.55441,4.11111,1.0,1.63582,1.0,1.0,27.05019,B6.i_0
68444.01406,1683.49285,47913.96501,9832.44479,32441.05039,748.34507,71.55556,347.35744,1977.96053,444805.93314,30.0,366.0689,127.01724,150.25381,1.0,190.38808,1429.57291,33.2,1092.62673,B6.a_1,730.76999,59.57778,99.27252,1.0,1828.9882,398.55556,1.0,1.0,35.4211,1707.13562,1.38889,7.92331,3.94297,5.05556,1.0,1.63582,1.0,1.16997,29.27242,B6.i_1
66227.29183,1744.21507,53872.79834,9199.16702,30323.6615,1030.01174,68.55556,335.69077,2034.96053,422357.26647,20.22222,338.95779,96.12835,177.47603,1.0,184.16585,870.4618,40.75556,1150.2934,B6.a_2,791.71444,60.46667,96.16141,1.0,2149.54376,546.38889,1.0,1.0,39.86555,1570.58007,1.16667,7.05646,5.94231,4.5,1.0,1.31791,1.27394,1.0,24.99464,B6.i_2
63903.73628,1715.9373,53530.96501,8743.77813,30966.88373,1054.56729,68.77778,305.35744,1814.6272,409541.37759,22.55556,425.62446,96.79501,210.42048,1.0,212.1103,2475.85069,36.2,1145.12673,B6.a_3,822.43666,56.81111,90.0503,1.0,2178.76598,429.38889,1.0,1.0,28.08777,1497.35785,1.11111,7.15655,4.10947,3.66667,1.0,2.90746,1.54788,1.0,25.10575,B6.i_3
63693.62517,1815.88174,58028.90945,8524.11146,29287.49484,686.95618,71.33333,282.02411,1867.07164,397348.82203,25.55556,674.90223,118.12835,160.53159,1.0,182.55474,3142.29513,68.92222,1293.57118,B6.a_4,741.04777,46.26667,99.82807,1.0,2011.65487,760.22222,1.0,1.0,30.19888,1423.80229,1.0,12.50136,3.88692,3.22222,1.0,2.27164,1.0,1.0,24.77242,B6.i_4
62385.90294,1822.9373,57271.18723,8529.33368,31649.93928,916.84507,74.44444,267.91299,1767.40498,387398.26647,27.66667,432.68001,134.79501,164.08714,1.0,197.88808,1560.40624,46.75556,1317.01562,B6.a_5,726.49222,27.95556,82.93918,1.0,1860.04376,554.77778,1.0,1.0,25.97666,1376.4134,1.27778,8.97886,3.38709,3.05556,1.0,2.52471,1.0,1.0,31.32797,B6.i_5
62289.01406,1964.60396,57838.29834,8498.22257,30094.77262,791.51174,74.22222,287.74633,1786.90498,378890.59981,25.55556,360.5689,124.23946,170.25381,1.0,194.1103,2901.23958,34.42222,1170.18229,B6.a_6,721.26999,57.97778,83.27252,1.0,1943.43265,441.77778,1.0,1.0,35.4211,1298.02451,1.61111,7.43433,5.83219,4.5,1.0,1.95373,1.0,1.0,21.10575,B6.i_6
60379.51406,1795.71507,63673.07612,8094.94479,30098.1615,853.06729,69.77778,252.74633,1698.96053,370366.37759,23.88889,415.23557,111.12835,166.1427,1.0,194.1103,3370.12846,47.08889,1161.46007,B6.a_7,703.65888,70.76667,75.93918,1.0,1891.76598,220.11111,1.0,1.0,20.08777,1224.58007,1.11111,11.5234,6.7196,2.5,1.0,1.95373,3.54788,1.0,12.13721,B6.i_7
59384.62517,1737.04841,55480.02056,7640.05591,28349.71706,795.51174,65.33333,279.69077,1654.1272,360731.21092,24.55556,331.23557,109.07279,200.58714,1.0,188.22141,1145.29513,50.47778,1101.01562,B6.a_8,823.49222,45.23333,92.71696,1.0,2170.87709,462.27778,1.0,1.0,29.4211,1197.80229,1.11111,10.91229,5.38709,3.61111,1.0,2.58955,1.0,1.0,19.82797,B6.i_8
56285.12517,1762.38174,54873.52056,7531.72257,26811.88373,668.40062,68.0,256.30188,1552.46053,344906.76647,21.88889,456.23557,114.73946,164.69826,1.0,175.49919,1279.57291,52.31111,1185.01562,B6.a_9,639.99222,63.74444,77.60585,9.79855,1680.43265,378.16667,1.0,1.0,21.19888,1140.52451,1.0,10.42331,3.88692,2.66667,1.0,3.79635,1.0,1.0,12.82797,B6.i_9
9113.13306,1614.905,79524.02183,100.89695,23979.04809,1366.62285,51.14643,65420.08851,175.79037,10683.12068,1.0,66.22222,5.05556,213.97778,1.0,53.22222,259.0,1.0,503.55019,B7.a_0,460.93958,55.83003,44.87115,1.0,1304.84289,575.22222,1.0,85.71837,1.19721,271.10792,1.0,2.19867,1.0,1.88889,1.0,1.0,1.25889,1.0,1.15281,B7.i_0
9114.85528,1600.79389,77595.52183,49.61125,23811.38142,1489.95618,45.9242,67464.58851,190.67926,10184.45401,1.0,71.66667,6.61111,232.03333,1.0,49.44444,295.83333,1.0,558.10575,B7.a_1,409.32847,16.8678,44.02028,1.0,1142.62067,764.44444,1.0,68.84864,1.0,224.66284,1.0,2.59768,1.0,2.11111,1.0,1.0,1.12945,1.0,5.26406,B7.i_1
8288.13306,1337.01612,70944.74405,44.03979,22352.04809,1142.56729,43.59087,58262.31073,161.67926,9727.8429,1.0,58.33333,11.22222,191.58889,1.0,38.83333,297.66667,1.0,425.66131,B7.a_2,464.1618,17.99725,40.09337,1.0,1327.28734,706.72222,1.0,104.06448,1.0,183.2565,1.0,2.73068,1.12846,1.27778,1.0,1.0,1.25889,1.0,1.15281,B7.i_2
7721.35528,1433.12723,78528.57739,25.49215,21521.71475,1432.40062,53.03531,55174.4774,171.79037,9407.50957,1.0,69.61111,6.33333,188.03333,1.0,40.22222,334.11111,1.36671,465.99464,B7.a_3,387.6618,22.05281,38.68695,1.0,1069.62067,655.38889,1.0,91.23115,1.09861,139.8857,1.0,3.84345,1.0,1.77778,1.0,1.0,3.64723,1.0,1.30562,B7.i_3
7802.29972,1561.46056,88588.02183,25.41278,21314.21475,1383.12285,54.14643,54303.69962,156.34592,9181.95401,1.0,62.05556,6.44444,186.03333,1.0,41.16667,426.44444,1.36671,423.82797,B7.a_4,428.1618,14.81225,40.98226,1.0,1293.84289,361.66667,1.0,116.05171,1.0,127.79268,1.0,3.38723,1.0,1.55556,1.0,1.0,4.46223,1.0,1.30562,B7.i_4
7438.18861,1333.96056,78794.29961,40.85722,19177.99253,1218.73396,44.70198,48765.81073,148.45703,8861.78735,1.0,47.83333,9.5,169.97778,1.0,28.27778,286.83333,1.18336,392.27242,B7.a_5,400.27291,33.97891,39.09337,1.0,1129.06512,629.0,1.0,63.70114,1.0,112.83142,1.0,2.93101,1.0,1.61111,1.0,1.0,1.0,1.0,1.68066,B7.i_5
7081.29972,1298.68278,73206.41072,20.24611,18777.99253,1413.90062,44.47976,49508.42184,155.23481,8636.00957,1.0,54.72222,8.61111,179.47778,1.0,40.66667,386.66667,1.55007,446.10575,B7.a_6,366.82847,36.29336,32.0583,1.0,1072.56512,737.55556,1.0,62.00892,1.0,112.83142,1.0,1.93101,1.0,1.88889,1.0,1.0,1.12945,1.0,4.15294,B7.i_6
7321.74417,1326.79389,73860.74405,59.29375,19284.21475,1251.51174,45.47976,51140.69962,159.01259,8426.23179,1.0,69.11111,3.11111,192.36667,1.0,31.94444,299.55556,1.18336,459.43908,B7.a_7,410.99514,52.51559,50.31559,1.0,1168.73178,269.05556,1.0,70.96614,1.0,71.10856,1.0,1.93101,1.0,1.16667,1.0,1.0,1.25889,1.0,1.0,B7.i_7
7601.52195,1382.34945,75877.29961,30.44451,18665.93698,1183.6784,47.25754,48499.4774,153.67926,8121.78735,1.0,57.27778,4.33333,174.58889,1.0,39.11111,337.38889,2.12231,450.10575,B7.a_8,380.10625,22.92336,28.09337,1.0,1032.56512,261.22222,1.0,80.94059,1.0,62.03491,1.0,5.22057,1.0,1.33333,1.0,1.0,1.0,1.0,1.61124,B7.i_8
6926.96639,1322.96056,73012.24405,41.53188,18400.60364,1278.23396,44.70198,45964.36628,146.01259,7812.3429,1.0,47.83333,7.16667,169.08889,1.0,36.16667,339.16667,3.28898,390.99464,B7.a_9,433.10625,34.42281,41.87115,1.0,1205.89845,700.44444,1.0,91.07087,1.19721,35.66284,1.0,8.64146,1.0,1.83333,1.0,1.53582,1.38834,1.0,1.61124,B7.i_9
12142.11583,5916.9102,120307.23805,772.64541,30050.61187,1227.27837,82.44006,43863.54035,977.59295,47964.31939,1.86388,687.44444,355.72222,443.76627,1.0,654.41111,1574.09761,150.75853,2941.93255,B8.a_0,480.30836,38.60781,326.93653,1.0,1143.73392,132.11111,1.0,163.57966,55.53255,330.90597,1.0,8.04407,11.02222,1.7868,1.0,1.23406,1.0,1.0,56.93575,B8.i_0
11773.72694,5999.18797,111774.46027,860.36764,29172.05632,968.1117,82.55117,46386.31813,967.31518,43406.81939,3.20172,668.16667,373.05556,510.21072,1.0,638.07778,2794.9865,169.36964,3035.877,B8.a_1,400.53058,40.60781,299.65876,1.0,941.5117,169.11111,1.0,199.92091,49.64366,269.83332,1.0,10.28943,8.9,1.7868,1.0,1.70218,1.0,1.0,66.26908,B8.i_1
12618.22694,6224.02131,116134.34916,674.58986,30240.27854,762.50059,85.88451,51149.31813,1009.31518,41865.4305,2.67569,667.83333,353.88889,617.82183,1.0,641.85556,2422.93094,173.48075,2910.04366,B8.a_2,349.7528,37.33058,241.32542,1.0,824.84503,263.22222,1.0,160.50023,37.86588,242.76922,1.0,8.17832,10.85556,1.67569,1.0,8.80145,2.08889,1.0,55.43575,B8.i_2
12239.61583,5631.79909,113943.84916,790.86764,29184.88965,1165.22281,78.66228,46866.87369,957.09295,40382.26383,1.94547,711.5,363.88889,445.37739,1.0,654.07778,2809.4865,166.31408,2856.09922,B8.a_3,384.64169,23.10836,254.76987,1.0,908.78948,121.83333,1.0,238.53995,44.75477,242.26922,1.0,11.2663,5.15556,1.47048,1.0,3.03552,1.0,1.0,23.4913,B8.i_3
11858.94916,5429.24353,111457.01583,775.42319,29210.77854,1663.05614,81.7734,45867.42924,982.37073,39211.81939,2.34686,673.11111,367.88889,517.93294,1.0,712.96667,2616.09761,165.42519,2992.54366,B8.a_4,368.14169,41.40447,282.82542,1.0,874.17837,166.61111,1.0,136.94467,43.0881,211.94443,1.0,11.44917,8.04444,1.56458,1.0,1.23406,1.0,1.0,30.38019,B8.i_4
12200.39361,5658.18797,124182.6825,641.31208,28791.00076,1017.33392,77.99562,47066.09591,988.81518,38326.65272,4.05658,665.72222,367.22222,521.9885,1.0,612.3,2569.81983,165.0363,2982.98811,B8.a_5,505.19725,60.86725,360.93653,1.0,1121.0117,289.72222,1.05556,263.19077,63.42144,192.33759,1.0,12.39362,13.66667,1.65867,1.0,1.0,2.08889,1.0,81.65797,B8.i_5
11455.39361,5833.46575,127669.34916,734.14541,29233.55632,1155.44503,83.32895,42913.70702,971.92629,37645.76383,3.46248,666.33333,345.5,464.9885,1.0,701.46667,2043.59761,197.42519,4370.09922,B8.a_6,434.7528,23.4967,290.32542,1.0,942.06726,127.83333,1.0,187.14314,53.42144,164.30341,1.0,10.58342,4.76667,1.56007,1.0,1.91257,1.54444,1.0,43.88019,B8.i_6
12067.83805,5497.24353,111873.96027,677.36764,28867.61187,1887.1117,80.88451,45821.87369,929.75962,37123.87494,1.86388,659.94444,340.66667,519.93294,1.0,676.63333,2255.26428,150.31408,2717.54366,B8.a_7,368.58614,47.33058,216.6032,1.0,799.62281,39.61111,1.0,204.92883,39.64366,148.15811,1.0,14.85427,8.2,1.0,1.0,3.47996,1.0,1.0,42.60241,B8.i_7
10488.11583,5549.79909,113642.62694,883.64541,28142.55632,858.88948,95.21784,38833.81813,966.42629,36760.9305,2.91144,660.94444,363.0,642.32183,1.0,738.63333,3198.9865,171.64741,5747.65477,B8.a_8,359.03058,24.05281,253.93653,1.0,796.62281,207.83333,1.0,173.21453,39.75477,147.76922,1.0,9.1714,6.87778,1.6927,1.0,6.70218,1.54444,1.0,82.38685,B8.i_8
11321.39361,5228.63242,108807.57139,728.92319,27865.00076,2253.55614,79.88451,44760.15146,956.64851,36270.09716,2.27429,651.11111,341.33333,438.4885,1.0,666.63333,1801.81983,161.92519,3586.26588,B8.a_9,394.53058,46.46003,294.85717,1.0,835.67837,123.61111,1.05556,196.77009,43.86588,147.76922,1.0,8.27322,6.78889,1.47048,1.0,7.63842,1.0,1.0,68.33795,B8.i_9
11825.57511,3207.57,70901.80142,51.65322,24109.01092,638.03121,43.37,18315.85735,384.44206,44328.39426,2.2238,1073.52562,79.85475,440.87,1.0,171.35556,689.27097,58.46869,1318.61132,B9.a_0,745.08174,72.55556,114.95335,1.0,1515.77306,374.21796,1.0,408.19077,19.78759,1592.14784,1.0,45.33333,1.56917,5.21778,1.0,1.28401,1.37259,1.0,5.0025,B9.i_0
11276.85289,3125.68111,81810.02364,82.01062,23452.67759,857.69787,50.81445,17378.24624,405.21984,43542.00537,1.14353,1147.58118,75.18808,435.03667,1.21778,170.35556,830.93764,67.88188,1444.50021,B9.a_1,784.08174,56.77778,104.28668,1.0,1597.32861,301.47738,1.0,416.41299,22.23203,1482.03673,1.0,53.22222,2.31417,5.88445,1.0,1.28401,1.0,1.0,7.63659,B9.i_1
11421.68622,2848.40333,74037.46808,43.44904,23020.67759,574.30899,44.81445,17389.69069,355.38651,42102.33871,2.68367,920.41451,74.41031,407.59223,1.0,130.18889,844.77097,38.15966,1252.11132,B9.a_2,766.41507,76.88889,117.62001,1.0,1517.49528,292.1624,1.0,426.96855,19.67648,1382.42562,1.0,37.11111,2.34695,4.42778,1.0,1.0,2.49038,1.0,5.60276,B9.i_2
9961.35289,2738.07,72580.35697,53.78238,22326.7887,658.69787,45.92556,16962.41291,379.55317,40973.89426,1.65974,1037.3034,70.07697,405.92556,1.32667,140.13333,1154.9932,67.43744,1221.44466,B9.a_3,798.52619,36.66667,90.73113,1.0,1574.32861,233.77729,1.0,397.85744,18.78759,1314.03673,1.0,32.0,3.87612,5.98945,1.0,1.42601,2.11778,1.0,4.46867,B9.i_3
10439.07511,2843.23667,77274.52364,69.23284,22766.12203,533.47565,54.03667,16372.13513,348.88651,40124.78315,1.59648,887.19229,74.74364,425.87,1.0,127.91111,709.9932,35.15966,1162.55577,B9.a_4,740.97063,41.33333,107.06446,1.0,1483.7175,274.99951,1.0,319.35744,19.8987,1282.37006,1.0,42.05556,3.53001,5.23223,1.0,1.28401,3.31704,1.0,7.25856,B9.i_4
10133.24178,2813.95889,78385.13475,48.77636,22140.12203,738.69787,45.37,16317.96846,359.94206,39123.06093,1.63582,1000.41451,71.07697,445.75889,1.0,145.18889,1840.9932,55.71522,1226.94466,B9.a_5,763.41507,52.55556,88.28668,1.0,1617.43972,248.16617,1.0,334.46855,16.45426,1214.3145,1.0,37.44444,3.19668,3.01834,1.0,1.142,3.60816,1.0,7.83584,B9.i_5
10180.464,2784.57,73672.1903,82.48655,21659.56648,586.75343,46.48111,16060.07958,367.99762,38316.50537,1.45294,1060.41451,70.74364,408.25889,1.0,157.18889,1018.10431,62.60411,1343.3891,B9.a_6,682.24841,63.66667,95.39779,1.0,1355.05084,295.95149,1.0,382.63522,17.45426,1177.59228,1.0,35.38889,2.4289,4.89889,1.0,1.42601,5.18001,1.0,3.93484,B9.i_6
10971.40845,2599.73667,65378.80142,48.51062,21779.23314,449.25343,37.03667,15654.96846,345.66428,37879.06093,1.14353,990.85895,65.07697,396.03667,1.0,131.96667,808.10431,59.21522,1184.83355,B9.a_7,739.47063,68.83333,97.62001,1.0,1443.99528,342.79941,1.0,330.91299,18.45426,1109.87006,1.0,38.77778,4.74223,2.685,1.0,1.0,6.06223,1.0,7.70301,B9.i_7
10399.29733,2518.68111,69903.80142,46.27035,21258.7887,527.36454,40.37,15663.41291,346.55317,37430.94982,1.36576,990.19229,81.07697,404.75889,1.0,141.57778,1844.54875,60.43744,1255.72243,B9.a_8,703.19285,51.66667,115.5089,1.0,1480.82861,225.0254,1.0,297.19077,18.12092,1083.42562,1.0,47.11111,1.50362,5.01834,1.0,1.0,3.23557,1.0,1.68964,B9.i_8
9888.01956,2791.73667,71587.1903,91.97311,20981.17759,623.69787,39.81445,15065.41291,355.66428,36782.94982,1.4136,953.13673,76.24364,409.64778,1.0,152.57778,691.27097,52.54855,1261.77799,B9.a_9,655.35952,45.44444,71.28668,1.0,1444.43972,350.11439,1.0,287.85744,17.23203,1030.8145,1.0,36.72222,3.56279,2.01222,1.0,1.142,2.49038,1.0,5.31412,B9.i_9
25472.22614,13277.02131,38344.14588,7898.23402,60120.65212,998.95618,56.6621,45.3201,2653.42334,215190.10915,33.77778,575.3165,197.87248,1011.30074,1.0,563.27696,2369.65115,190.7291,4818.04613,C1.a_0,1398.46602,466.98881,1094.11924,144.56679,3543.2385,32.18247,1.0,1.0,180.50065,11571.31466,9.93831,13.51858,51.61821,38.37,1.0,5.30488,16.64087,1.0,212.77121,C1.i_0
25084.72614,13504.4102,38963.75699,7435.56735,64734.26323,1052.1784,65.10654,26.65784,2508.86778,204829.60915,32.55556,536.20539,156.09471,966.52297,1.0,582.49919,2735.54004,205.56243,5307.10168,C1.a_1,1392.68825,511.3777,1115.6748,241.39326,3488.29405,32.71248,1.0,1.96856,193.94509,11151.37021,7.76393,15.61957,52.84043,38.75889,1.0,2.66613,26.64087,1.0,231.99343,C1.i_1
24361.61503,13501.74353,38988.14588,8022.34513,59398.65212,817.84507,54.32877,11.49559,2570.36778,197350.94249,25.66667,499.70539,159.70582,1025.02297,1.0,656.94363,3065.98448,201.89577,5483.8239,C1.a_2,1328.41047,455.98881,1083.1748,276.21973,3399.7385,129.21775,1.01431,1.0,200.50065,10631.37021,7.8272,8.28458,66.67376,46.70334,1.0,1.86098,55.84176,1.0,301.93788,C1.i_2
24426.67059,12618.07686,36857.03477,7629.34513,61278.81879,918.84507,56.6621,22.92363,2359.42334,192160.99804,28.77778,493.53872,183.09471,1084.02297,1.0,606.88808,2919.37337,156.89577,5836.21279,C1.a_3,1260.2438,454.8777,990.61924,184.72659,3254.12739,38.76277,1.0,1.0,193.72287,10143.37021,8.20838,7.59768,58.34043,40.81445,1.0,1.0,19.28621,1.0,293.32677,C1.i_3
23151.44836,13447.02131,37044.75699,8128.40068,57944.87434,984.45618,56.77321,20.59029,2488.75667,186431.77582,25.44444,544.87206,167.26137,961.13408,1.0,534.77696,2593.65115,320.61799,5380.3239,C1.a_4,1368.18825,424.76659,1105.89702,225.8377,3492.57183,94.43997,1.02862,1.0,175.27842,9707.64799,5.60498,12.28458,60.78487,52.64778,1.0,1.83306,40.67931,1.0,280.82677,C1.i_4
22937.05948,13504.63242,34842.59032,8058.67846,58264.31879,1418.12285,51.21765,20.59029,2530.03445,181242.66471,27.66667,584.3165,167.15026,961.96741,1.0,401.22141,2717.65115,558.95132,3846.21279,C1.a_5,1241.52158,511.54437,1014.61924,141.4613,3223.07183,60.19747,1.0,1.96856,167.0562,9355.98132,5.27164,10.43947,49.5071,52.70334,1.0,1.0,17.55977,1.0,231.49343,C1.i_5
21169.72614,13939.4102,37945.31255,7435.62291,60790.87434,1224.84507,68.10654,16.39206,2476.4789,178017.22026,25.33333,585.64983,151.15026,999.07852,1.0,532.05474,3081.7067,400.95132,4854.04613,C1.a_6,1259.41047,385.15548,1051.61924,217.26966,3287.68294,1.0,1.0,1.0,189.38953,9025.2591,5.18445,6.8738,52.0071,52.92556,1.0,1.41653,8.60243,1.0,231.38232,C1.i_6
20304.17059,12141.24353,38179.8681,6887.67846,55201.76323,1329.95618,49.6621,11.26137,2312.81223,171325.88693,23.66667,504.09428,174.03915,955.57852,1.0,583.99919,3071.04004,201.45132,6108.43501,C1.a_7,1220.96602,422.76659,980.00813,214.65855,3416.57183,54.14719,1.69528,1.0,186.38953,8794.53688,3.65282,6.36203,46.78487,72.81445,1.0,1.83306,13.31597,1.0,308.1601,C1.i_7
19239.2817,11371.9102,34300.75699,6709.56735,56136.26323,1046.12285,57.21765,13.36049,2213.31223,163301.38693,23.0,463.26094,147.65026,1040.80074,1.0,577.94363,2867.65115,259.89577,6068.93501,C1.a_8,1113.68825,397.26659,1080.56369,112.04182,3167.2385,123.33413,1.39056,1.0,165.0562,8615.98132,4.60498,14.38392,35.84043,76.87,1.0,6.11003,28.29886,1.0,284.27121,C1.i_8
17889.55948,12817.13242,39087.64588,7601.84513,57840.31879,1181.73396,57.21765,32.49118,2255.25667,157354.66471,18.22222,616.14983,136.81693,960.41186,1.0,622.1103,3317.81781,351.17354,6053.8239,C1.a_9,1228.46602,435.59992,978.1748,135.7447,3435.96072,14.21248,1.0,1.0,193.94509,8432.2591,3.19988,3.77446,43.56265,64.59223,1.0,3.91572,13.28621,1.0,347.54899,C1.i_9
1.0,1.0,1.0,1.0,1.0,1.0,1.0,1.0,1.0,3.37608,1.0,1.0,1.0,1.0,1.0,1.0,1.0,1.0,1.0,C10.a_0,1.0,1.0,1.0,1.0,1.0,1.0,1.0,1.0,1.0,1.0,1.0,1.0,1.0,1.0,1.0,1.0,1.0,1.0,1.0,C10.i_0
1.0,1.0,1.0,1.0,1.0,1.0,1.0,1.0,1.0,3.37608,1.0,1.0,1.0,1.0,1.0,1.0,1.0,1.0,1.0,C10.a_1,1.0,1.0,1.0,1.0,1.0,1.0,1.0,1.0,1.0,1.0,1.0,1.0,1.0,1.0,1.0,1.0,1.0,1.0,1.0,C10.i_1
1.0,1.0,1.0,1.0,1.0,1.0,1.0,1.0,1.0,3.11207,1.0,1.0,1.0,1.0,1.0,1.0,1.0,1.0,1.0,C10.a_2,1.0,1.0,1.0,1.0,1.0,1.0,1.0,1.0,1.0,1.0,1.0,1.0,1.0,1.0,1.0,1.0,1.0,1.0,1.0,C10.i_2
1.0,1.0,1.0,1.0,1.0,1.0,1.0,1.0,1.0,1.0,1.0,1.0,1.0,1.0,1.0,1.0,1.0,1.0,1.0,C10.a_3,1.0,1.0,1.0,1.0,1.0,1.0,1.0,1.0,1.0,1.0,1.0,1.0,1.0,1.0,1.0,1.0,1.0,1.0,1.0,C10.i_3
1.0,1.0,1.0,1.0,1.0,1.0,1.0,1.0,1.0,1.0,1.0,1.0,1.0,1.0,1.0,1.0,1.0,1.0,1.0,C10.a_4,1.0,1.0,1.0,1.0,1.0,1.0,1.0,1.0,1.0,1.0,1.0,1.0,1.0,1.0,1.0,1.0,1.0,1.0,1.0,C10.i_4
1.0,1.0,1.0,1.0,1.0,1.0,1.0,1.0,1.0,1.0,1.0,1.0,1.0,1.0,1.0,1.0,1.0,1.0,1.0,C10.a_5,1.0,1.0,1.0,1.0,1.0,1.0,1.0,1.0,1.0,1.0,1.0,1.0,1.0,1.0,1.0,1.0,1.0,1.0,1.0,C10.i_5
1.0,1.0,1.0,1.0,1.0,1.0,1.0,1.0,1.0,1.0,1.0,1.0,1.0,1.0,1.0,1.0,1.0,1.0,1.0,C10.a_6,1.0,1.0,1.0,1.0,1.0,1.0,1.0,1.0,1.0,1.0,1.0,1.0,1.0,1.0,1.0,1.0,1.0,1.0,1.0,C10.i_6
1.0,1.0,1.0,1.0,1.0,1.0,1.0,1.0,1.0,1.0,1.0,1.0,1.0,1.0,1.0,1.0,1.0,1.0,1.0,C10.a_7,1.0,1.0,1.0,1.0,1.0,1.0,1.0,1.0,1.0,1.0,1.0,1.32523,1.0,1.0,1.0,1.0,1.0,1.0,1.0,C10.i_7
1.0,1.0,1.0,1.0,1.0,1.0,1.0,1.0,1.0,1.0,1.0,1.0,1.0,1.0,1.0,1.0,1.0,1.0,1.0,C10.a_8,1.0,1.0,1.0,1.0,1.0,1.0,1.0,1.0,1.0,1.0,1.0,1.0,1.0,1.0,1.0,1.0,1.0,1.0,1.0,C10.i_8
1.0,1.0,1.0,1.0,1.0,1.0,1.0,1.0,1.0,1.0,1.0,1.0,1.0,1.0,1.0,1.0,1.0,1.0,1.0,C10.a_9,1.0,1.0,1.0,1.0,1.0,1.0,1.0,1.0,1.0,1.0,1.0,1.0,1.0,1.0,1.0,1.0,1.0,1.0,1.0,C10.i_9
1.0,1.0,1.0,3.74287,1.0,1.32473,1.0,1.0,1.0,1.0,1.0,1.0,1.0,1.0,1.0,1.0,1.0,1.0,1.0,C11.a_0,1.0,1.51779,1.0,1.0,1.0,1.0,1.0,1.0,1.0,1.0,1.0,1.0,1.0,1.0,1.0,1.0,1.0,1.0,1.0,C11.i_0
1.0,1.0,1.0,1.0,1.0,1.32473,1.05556,1.0,1.0,1.0,1.0,1.0,1.0,1.0,1.0,1.0,1.0,1.0,1.0,C11.a_1,1.0,2.12945,1.0,1.0,1.0,1.0,1.0,1.0,1.0,1.0,1.0,1.0,1.0,1.0,1.0,1.0,1.0,1.0,1.0,C11.i_1
1.0,1.0,1.0,1.0,1.0,1.64945,1.0,1.0,1.0,1.0,1.0,1.0,1.0,1.0,1.0,1.0,1.0,1.0,1.0,C11.a_2,1.0,1.0,1.0,1.0,1.0,1.0,1.0,1.0,1.0,1.0,1.0,1.0,1.0,1.0,1.0,1.0,1.0,1.0,1.0,C11.i_2
1.0,1.0,1.0,1.0,1.0,1.0,1.05556,1.0,1.0,1.0,1.0,1.0,1.0,1.0,1.0,1.0,1.0,1.0,1.0,C11.a_3,1.0,2.38834,1.0,1.0,1.0,1.0,1.0,1.0,1.0,1.0,1.0,1.0,1.0,1.0,1.0,1.0,1.0,1.0,1.0,C11.i_3
1.0,1.0,1.0,1.0,1.0,1.0,1.0,1.0,1.0,1.0,1.0,1.0,1.0,1.0,1.0,1.0,1.0,1.0,1.0,C11.a_4,1.0,1.0,1.0,1.0,1.0,1.0,1.0,1.0,1.0,1.0,1.0,1.0,1.0,1.0,1.0,1.0,1.0,1.0,1.0,C11.i_4
1.0,1.0,1.0,1.0,1.0,1.0,1.0,1.0,1.0,1.0,1.0,1.0,1.0,1.0,1.0,1.0,1.0,1.24444,1.0,C11.a_5,1.0,1.0,1.0,1.0,1.0,1.0,1.0,1.0,1.0,1.0,1.0,1.0,1.0,1.0,1.0,1.0,1.0,1.0,1.0,C11.i_5
1.0,1.0,1.0,1.0,1.0,1.0,1.0,1.0,1.0,1.0,1.0,1.0,1.0,1.0,1.0,1.0,1.0,1.0,1.0,C11.a_6,1.0,1.0,1.0,1.0,1.0,1.0,1.0,1.0,1.0,1.0,1.0,1.0,1.0,1.0,1.0,1.0,1.0,1.0,1.0,C11.i_6
1.0,1.0,1.0,1.0,1.0,1.0,1.0,1.0,1.0,1.0,1.0,1.0,1.0,1.0,1.0,1.0,1.0,1.0,1.0,C11.a_7,1.0,1.0,1.0,1.0,1.0,1.0,1.0,1.0,1.0,1.0,1.0,1.0,1.0,1.0,1.0,1.0,1.0,1.0,1.0,C11.i_7
1.0,1.0,1.0,1.0,1.0,1.64945,1.0,1.0,1.0,1.0,1.0,1.0,1.0,1.0,1.0,1.0,1.0,1.0,1.0,C11.a_8,1.0,1.0,1.0,1.0,1.0,1.0,1.0,1.0,1.0,1.0,1.0,1.0,1.0,1.0,1.0,1.0,1.0,1.0,1.0,C11.i_8
1.0,1.0,1.0,1.0,1.0,1.0,1.0,1.0,1.0,1.0,1.0,1.0,1.0,1.0,1.0,1.0,1.0,1.0,1.0,C11.a_9,1.0,1.0,1.0,1.0,1.0,1.0,1.0,1.0,1.0,1.0,1.0,1.0,1.0,1.0,1.0,1.0,1.0,1.0,1.0,C11.i_9
1.0,1.0,1.0,1.0,1.0,1.0,1.0,1.0,1.0,1.0,1.0,1.0,1.0,1.0,1.0,1.0,1.0,1.0,1.0,C12.a_0,1.69519,1.0,1.0,147.5573,117.11467,1.0,1.0,1.0,1.0,27.48871,1.0,1.0,60.28093,1.0,1.0,3.54253,1.0,27.46445,99.8341,C12.i_0
1.04444,1.0,1.0,1.0,1.0,1.0,1.0,1.02309,1.0,1.0,1.0,1.0,1.0,1.0,1.0,1.0,1.0,1.0,1.0,C12.a_1,1.0,1.0,1.0,1.0,1.0,1.0,1.0,1.0,1.0,1.0,1.0,1.0,1.0,1.0,1.0,1.0,1.0,1.0,1.0,C12.i_1
1.0,1.0,1.0,1.0,1.0,1.0,1.0,1.0,1.0,1.0,1.0,1.0,1.0,1.0,1.0,1.0,1.0,1.0,1.0,C12.a_2,1.0,1.0,1.0,1.0,1.0,1.0,1.0,1.0,1.0,1.0,1.0,1.0,1.0,1.0,1.0,1.0,1.0,1.0,1.0,C12.i_2
1.0,1.0,1.0,1.0,1.0,1.0,1.0,1.0,1.0,1.0,1.0,1.0,1.0,1.0,1.0,1.0,1.0,1.0,1.0,C12.a_3,1.0,1.0,1.0,1.0,1.0,1.0,1.0,1.0,1.0,1.0,1.0,1.0,1.0,1.0,1.0,1.0,1.0,1.0,1.0,C12.i_3
1.02222,1.0,1.0,1.0,1.0,1.0,1.0,1.0077,1.0,1.0,1.0,1.0,1.0,1.0,1.0,1.0,1.0,1.0,1.0,C12.a_4,1.0,1.0,1.0,1.0,1.0,1.0,1.0,1.0,1.0,1.0,1.0,1.0,1.0,1.0,1.0,1.0,1.0,1.0,1.0,C12.i_4
1.0,1.0,1.0,1.0,1.0,1.0,1.0,1.0,1.0,1.0,1.0,1.0,1.0,1.0,1.0,1.0,1.0,1.0,1.0,C12.a_5,1.0,1.0,1.0,1.0,1.0,1.0,1.0,1.0,1.0,1.0,1.0,1.0,1.0,1.0,1.0,1.0,1.0,1.0,1.0,C12.i_5
1.0,1.0,1.0,1.0,1.0,1.0,1.0,1.0,1.0,1.0,1.0,1.0,1.0,1.0,1.0,1.0,1.0,1.0,1.0,C12.a_6,1.0,1.0,1.0,1.0,1.0,1.0,1.0,1.0,1.0,1.0,1.0,1.0,1.0,1.0,1.0,1.0,1.0,1.04917,1.0,C12.i_6
1.0,1.0,1.0,1.0,1.0,1.0,1.0,1.0,1.0,1.0,1.0,1.0,1.0,1.0,1.0,1.0,1.0,1.0,1.0,C12.a_7,1.0,1.0,1.0,1.0,1.0,1.0,1.0,1.0,1.0,1.0,1.0,1.0,1.0,1.0,1.0,1.0,1.0,1.0,1.0,C12.i_7
1.0,1.0,1.0,1.0,1.0,1.0,1.0,1.0,1.01807,1.0,1.0,1.0,1.0,1.0,1.0,1.0,1.0,1.0,1.0,C12.a_8,1.0,1.0,1.0,1.0,1.0,1.0,1.0,1.0,1.0,1.0,1.0,1.0,1.0,1.0,1.0,1.0,1.0,1.03278,1.0,C12.i_8
1.02222,1.0,1.0,1.0,1.0,1.0,1.0,1.0,1.0,1.0,1.0,1.0,1.0,1.0,1.0,1.0,1.0,1.0,1.0,C12.a_9,1.0,1.0,1.0,1.0,1.0,1.0,1.0,1.0,1.0,1.0,1.0,1.0,1.0,1.0,1.0,1.0,1.0,1.0,1.0,C12.i_9
32937.33116,14289.65317,22050.71784,19286.50513,293918.23891,650.94444,46.64451,4.66125,8322.769,1523634.40719,758.99543,278.72112,4448.76896,1560.18389,1.47789,1592.17552,2172.33333,839.54158,11664.54366,C13.a_0,599.62494,439.60781,201.47143,27.1076,980.46076,6.52816,1.0,1.0,151.47976,10044.48336,2.58228,1.60355,16.2196,3.95306,1.0,1.40977,10.4715,1.0,10.37859,C13.i_0
27800.22005,11953.15317,19583.99562,13607.61624,215318.73891,858.72222,45.08896,15.56436,6763.38011,1221503.0183,682.32877,273.22112,3863.99118,1219.01723,1.0,1243.84219,2045.83333,763.2638,8010.877,C13.a_1,484.95827,557.66337,164.91588,1.19269,1005.73854,8.58371,1.0,1.0,126.47976,9372.53891,6.52232,2.59007,20.33071,3.58556,1.0,1.40977,4.31837,1.0,21.07869,C13.i_1
21796.60894,12058.26428,16177.99562,12007.28291,190043.73891,793.11111,29.42229,6.99458,6137.54678,1090247.07386,666.21765,231.94334,3983.93563,1007.35056,1.0,1102.67552,1807.83333,646.20824,6893.15477,C13.a_2,508.7916,537.44114,164.58254,6.23957,1080.90521,3.12557,1.0,1.0077,167.03532,8690.37225,2.89117,5.21763,31.99705,2.3163,1.0,1.85422,5.31837,2.0339,13.41202,C13.i_2
22600.60894,13679.93094,13353.49562,10729.00513,178503.07224,359.61111,23.97785,1.0,6463.99123,1031022.79608,517.77321,220.55446,2872.32451,1011.40611,1.0,874.39774,1147.94444,357.70824,4954.26588,C13.a_3,482.84716,605.16337,143.80476,1.0,1000.18299,12.05632,1.0,1.01539,149.14643,8107.87225,5.23786,3.91585,31.66405,3.50009,1.0,1.75177,6.26281,1.64501,12.63424,C13.i_3
20353.05338,9621.09761,12735.88451,10822.33846,171319.79446,404.88889,16.86674,2.6504,5553.54678,998986.85163,556.32877,165.66557,3024.2134,896.90611,1.0,1174.39774,1271.0,336.54158,5355.377,C13.a_4,488.45827,530.55226,147.91588,1.0,963.40521,9.93075,1.0,1.01539,154.14643,7546.20558,4.33562,1.60355,12.88627,2.9488,1.0,3.974,5.26281,1.25613,15.02313,C13.i_4
21023.77561,13123.09761,14239.94006,10568.78291,168497.90558,398.66667,31.31118,1.0,6022.04678,973217.79608,538.77321,213.27668,3053.99118,957.295,1.0,901.67552,1412.5,457.43047,4749.32144,C13.a_5,466.40271,552.77448,124.47143,16.65448,1037.57188,5.81963,1.0,1.0,160.8131,7205.31669,3.41121,3.048,24.66388,2.07269,1.0,1.30733,9.06621,1.25613,17.30091,C13.i_5
19198.33116,11345.93094,14806.49562,10532.56069,164416.23891,497.38889,38.5334,1.16125,4975.38011,927510.18497,455.77321,205.05446,2901.10229,834.18389,1.0,852.39774,1431.55556,343.54158,4690.65477,C13.a_6,461.12494,462.83003,156.80476,6.49649,895.34965,57.93151,1.0,1.0,131.59087,6853.87225,3.34898,1.96844,21.4415,4.67528,1.0,1.40977,4.16523,1.0,17.15636,C13.i_6
19180.27561,10709.20872,12864.10673,9836.78291,158533.51669,515.83333,33.08896,2.81165,4889.269,893218.90719,514.88432,204.61001,2724.7134,833.12834,1.0,955.34219,1529.44444,365.65269,4361.32144,C13.a_7,468.40271,512.44114,157.36032,8.85935,809.07188,64.15373,1.0,1.01539,121.70198,6507.4278,3.97784,1.10059,17.49722,3.06417,1.0,2.40111,1.79131,1.0,17.24535,C13.i_7
18501.88672,10575.4865,13290.7734,9053.44957,146904.07224,599.94444,24.75562,3.81707,5063.38011,849699.24052,478.6621,264.16557,2861.54674,863.18389,1.0,819.89774,1380.88889,463.87491,5083.09922,C13.a_8,416.06938,426.55226,121.58254,1.06423,842.90521,92.23744,1.0,1.0,137.92421,5982.81669,2.86673,2.70415,23.5531,2.70093,1.0,1.30733,5.74784,1.64501,11.82303,C13.i_8
16735.55338,10380.54205,12725.44006,8650.28291,130516.40558,575.33333,21.75562,1.32249,4908.82456,800126.79608,524.05099,307.05446,3053.32451,759.90611,1.0,794.56441,1385.83333,468.43047,5553.43255,C13.a_9,466.68049,596.21892,131.69365,16.70136,897.12743,116.90411,1.0,1.0077,167.59087,5683.81669,5.97784,2.572,18.49738,2.01287,1.0,1.40977,21.05124,1.0,13.74535,C13.i_9
131581.56027,28552.20774,35695.29187,6762.60134,514541.01332,1074.78951,74.44006,20.56379,6980.32856,950932.34925,353.08889,752.82019,1326.53453,1546.1272,1.0,508.39954,1573.84778,207.57281,7397.52515,C14.a_0,1939.27778,223.54235,344.98795,1.0,4931.94824,1.70852,1.0,1.0,53.66754,11700.17439,1.0,21.07667,2.5,21.42048,1.0,1.53333,1.53049,1.0,91.04777,C14.i_0
132632.33805,27764.87441,36503.6252,6563.37912,521897.9022,1165.56729,80.44006,30.52528,6791.55078,929595.73814,362.03333,788.59796,1139.25675,1427.68275,1.0,512.62176,1848.29222,207.35058,7470.46959,C14.a_1,2024.72222,313.37568,360.04351,1.0,4977.78158,39.41705,1.0,1.0,55.00087,10860.17439,2.65912,19.52562,3.61111,25.92048,1.0,1.26667,2.06097,1.0,59.38111,C14.i_1
133860.61583,29107.20774,40201.56965,7364.54578,480008.84665,1091.40062,84.7734,13.02528,6501.88411,906917.29369,338.97778,757.9313,1194.03453,1442.29387,1.0,466.39954,1679.79222,209.79503,7752.63626,C14.a_2,1734.33333,253.76457,329.82129,1.0,4482.44824,120.36225,1.0,1.0,48.44532,9568.84106,1.60885,12.05863,3.44444,21.30937,1.0,1.0,1.0,1.0,92.71444,C14.i_2
136872.7825,28851.7633,34203.40298,5855.60134,457309.17998,711.23396,78.10673,19.66608,5908.21745,887967.07147,309.58889,735.98685,926.03453,1335.34942,1.0,427.23287,1473.84778,231.07281,7117.19181,C14.a_3,1625.72222,304.15346,333.87684,1.0,4157.67047,97.11264,1.0,1.0,74.11198,8314.34106,2.2725,9.73431,2.88889,16.30937,1.0,1.0,1.53049,1.0,71.82555,C14.i_3
123682.2825,25596.15219,36492.23631,7742.15689,489529.4022,1196.1784,79.88451,34.74309,6256.05078,863903.18258,342.75556,737.54241,924.03453,1565.29387,1.0,517.67731,1971.23667,214.62836,7464.63626,C14.a_4,1474.0,139.59791,297.71017,1.0,3766.11491,27.79224,1.0,1.0,42.11198,7994.2855,2.49623,13.62771,3.22222,16.25381,1.0,1.0,1.0,1.0,30.82555,C14.i_4
122526.22694,36343.15219,36727.90298,6656.43467,458095.9022,1383.1784,87.55117,42.01205,7013.60634,836542.46036,349.75556,735.09796,1021.53453,1544.40498,1.0,488.0662,1449.18111,266.51725,7142.52515,C14.a_5,1419.94444,120.4868,251.71017,1.0,3581.83713,75.14003,1.0,1.0,28.66754,7700.39662,1.33182,11.90549,3.55556,13.25381,1.0,1.0,1.0,1.0,18.99222,C14.i_5
120838.50472,37437.7633,40509.51409,6418.93467,449665.17998,1561.90062,86.44006,22.71723,7235.82856,804827.29369,367.36667,704.09796,962.70119,1564.51609,1.0,509.67731,1792.79222,262.07281,7327.24737,C14.a_6,1353.61111,129.37568,274.9324,1.0,3580.94824,62.68113,1.0,1.0,35.3342,7443.39662,1.49623,8.60516,1.66667,12.1427,1.0,2.33333,1.0,1.0,37.15888,C14.i_6
105401.89361,27683.7633,33346.1252,5217.99023,409808.23554,779.1784,75.21784,21.82011,5881.71745,754643.90481,331.42222,700.82019,1205.86786,1513.1272,1.0,431.67731,1650.29222,205.68392,6438.69181,C14.a_7,1411.05556,134.4868,283.71017,1.0,3332.72602,14.04186,1.0,1.0,36.3342,7028.67439,1.83107,6.98954,1.77778,8.83055,1.0,1.0,1.53049,1.0,20.50808,C14.i_7
104031.17139,28445.20774,38857.1252,5835.10134,392628.29109,1325.6784,80.88451,30.70459,5822.66189,721031.34925,305.75556,757.98685,1147.8123,1365.46053,1.0,440.45509,2367.34778,315.35058,7268.74737,C14.a_8,1296.77778,136.70902,298.04351,1.0,3642.72602,44.88965,1.0,1.0,38.66754,6624.89662,1.21921,9.89196,2.5,14.19826,1.0,1.0,2.06097,1.0,51.32555,C14.i_8
110137.22694,26938.65219,43575.68076,5114.54578,397756.51332,1559.95618,100.99562,34.83275,4890.273,685906.51592,249.08889,899.4313,801.47897,1347.57164,1.0,518.5662,2112.90333,557.85058,7826.46959,C14.a_9,1241.44444,129.4868,330.9324,1.0,3388.61491,112.61187,1.0,1.0,57.11198,6331.00773,1.71694,7.77634,2.33333,19.19826,1.0,4.2,1.53049,1.0,63.65888,C14.i_9
18286.45262,11724.29909,22717.03465,12665.51108,183798.14839,1398.58889,52.7734,10.43337,6788.49592,1143696.65892,753.88672,385.39123,3668.22222,1284.08261,1.73345,870.62863,2263.02131,270.11082,5496.24535,C15.a_0,1224.87588,1073.09559,46.84151,50.52514,4578.22739,123.49086,1.0,1.32388,183.29544,25218.50696,8.43988,5.97408,35.0,36.02297,1.0,6.15556,4.77778,1.0,41.63612,C15.i_0
18428.84151,10565.46575,21927.81243,12256.78885,178293.14839,1341.08889,62.21784,12.76671,6615.82925,1117020.49226,712.38672,381.169,3639.88889,1301.36039,1.0,837.68418,2072.68797,242.3886,5513.30091,C15.a_1,1160.20922,910.37337,40.54188,1.0,4344.78295,92.65753,1.0,1.64775,166.85099,22898.56252,7.29249,5.64075,26.33333,37.68963,1.0,4.73333,1.94444,1.0,47.85834,C15.i_1
20211.39707,12310.52131,21282.81243,10932.17774,153850.37061,1219.58889,61.55117,9.24362,6862.49592,1091586.27003,752.88672,366.78011,3548.5,1295.13817,1.73345,884.96196,2206.35464,267.05527,5264.02313,C15.a_2,1151.87588,1130.7067,19.01502,1.0,4579.50517,200.0436,1.0,1.32388,173.73988,21499.61807,8.1451,6.44346,31.38889,26.46741,1.0,2.95556,9.5,1.0,32.41389,C15.i_2
16401.2304,11686.74353,19356.03465,11845.2333,162849.64839,973.14444,57.10673,11.59234,6642.38481,1058537.82559,751.77561,369.61345,3895.94444,1145.91595,1.0,819.4064,1925.79909,248.72193,4711.91202,C15.a_3,1164.20922,1006.37337,23.49817,1.0,4812.06072,151.91491,1.0,1.64775,158.51766,21015.72918,7.42931,7.74421,25.77778,27.24519,1.0,4.64444,7.61111,1.0,30.41389,C15.i_3
19956.7304,11707.85464,21589.53465,11113.17774,159267.87061,1624.53333,58.66228,18.59234,6945.05147,1034831.77003,732.33116,374.61345,3542.44444,1337.02706,1.0,770.12863,2268.9102,225.49971,5577.85646,C15.a_4,976.70922,894.2067,16.82649,1.0,3422.78295,423.14557,1.0,1.0,153.51766,20216.78474,5.41645,5.65705,16.94444,27.96741,1.0,5.53333,6.66667,1.0,27.025,C15.i_4
16737.00818,10772.63242,20135.70132,11666.7333,162637.03728,1120.92222,56.99562,15.09234,6172.38481,1017815.04781,675.49783,347.83567,3304.38889,1211.52706,1.0,671.18418,1950.79909,201.27749,4772.80091,C15.a_5,1086.37588,892.31781,12.15482,1.0,4236.28295,160.06962,1.0,1.32388,142.62877,19617.50696,4.44216,6.5852,20.88889,23.96741,1.0,4.2,6.66667,1.0,29.35834,C15.i_5
18179.67485,11770.52131,19703.70132,10634.84441,150291.14839,1264.97778,58.66228,15.06926,6518.21814,999078.9367,707.38672,366.33567,3547.16667,1196.9715,1.0,803.18418,1930.07686,232.44416,4849.6898,C15.a_6,1119.15366,864.09559,9.86019,1.0,5305.8385,169.75106,1.0,1.0,132.62877,18981.22918,5.4036,6.29976,17.61111,26.80074,1.0,5.35556,1.0,1.0,34.30278,C15.i_6
15872.17485,12559.13242,18552.03465,11705.78885,150989.31505,1028.47778,55.99562,8.09234,6476.66258,964441.65892,692.38672,365.22456,3375.0,1092.4715,1.0,721.62863,2005.24353,252.22193,4441.41202,C15.a_7,1303.93144,883.15115,1.9663,1.0,7935.50517,87.39733,1.0,1.32388,134.62877,18529.11807,6.19423,10.95013,22.33333,20.41186,1.0,4.82222,1.0,1.0,22.41389,C15.i_7
17397.67485,12914.02131,19964.25687,10856.89996,142930.03728,938.14444,62.10673,36.12313,6598.60703,933635.65892,757.05338,352.89123,3747.88889,1062.80484,1.0,810.23974,2104.35464,280.72193,4581.85646,C15.a_8,1135.15366,1145.65115,46.37021,9.78616,5534.3385,36.25106,1.0,1.32388,160.07321,18261.06252,9.30534,7.75952,29.27778,17.41186,1.0,4.55556,2.88889,1.0,20.41389,C15.i_8
18133.34151,11068.63242,19658.25687,10006.34441,140248.98172,1151.75556,64.66228,23.26671,5802.88481,911434.38114,661.88672,339.94678,3171.11111,1133.9715,1.0,732.57307,1802.24353,219.8886,4535.74535,C15.a_9,1162.65366,976.04004,6.45446,1.0,5455.00517,145.43812,1.0,1.0,140.73988,17767.11807,6.41645,6.2126,24.66667,18.80074,1.0,3.4,2.88889,1.0,20.96945,C15.i_9
31648.03636,7805.93094,26491.335,7783.11479,193139.90967,1904.5,97.31402,28.24712,4858.83522,993445.28001,895.72415,374.19229,3694.82422,972.03667,2.00095,618.9252,2406.57686,425.76409,8263.2901,C16.a_0,1464.79187,2637.77063,271.64805,467.43728,7071.46297,302.22222,1.0,1.0,307.33475,33708.69252,31.48111,8.23431,99.21927,7.77778,1.0,1.0,2.88889,1.02973,10.92909,C16.i_0
30465.42525,8714.87539,22091.89055,7400.2259,180049.29856,2147.27778,78.98069,15.44316,5261.39077,963990.6689,916.55748,381.91451,3941.15756,970.59223,1.0,588.81409,1883.4102,351.15297,8045.40121,C16.a_1,1386.34742,2372.88174,220.42582,428.82617,7058.12963,150.27778,1.0,1.0,305.55698,32233.91475,33.37,9.61418,102.4415,6.05556,1.0,3.22222,6.66667,1.3928,8.90385,C16.i_1
33397.4808,8262.59761,23790.335,7395.50367,199364.74301,1822.38889,77.20291,18.66282,4847.113,938314.33557,804.27971,357.19229,3379.32422,946.64778,1.0,598.36965,2123.24353,390.93075,8063.90121,C16.a_2,1301.6252,2548.65952,228.92582,397.77062,6510.51852,144.05556,1.0,1.0,316.11253,30691.13697,29.48111,4.18922,88.77483,9.11111,1.0,3.22222,12.55556,1.36307,19.56544,C16.i_2
26463.03636,6962.37539,25038.55722,8219.67034,165290.02079,2387.88889,73.86958,8.1922,4652.55744,923884.33557,948.72415,365.8034,3828.87978,938.20334,1.0,712.98076,1936.79909,304.81964,6565.90121,C16.a_3,1296.90298,2516.38174,205.37027,273.77062,6228.07408,162.61111,1.0,1.0,267.11253,29674.80363,26.81445,9.44752,87.33038,5.88889,1.0,2.33333,5.72222,1.0,14.73211,C16.i_3
28017.20303,7781.87539,23463.66833,6883.61479,170298.40967,2393.94444,78.75846,13.30203,4555.113,902426.11335,834.61304,362.13673,3673.65756,957.87,1.33365,791.64742,2055.85464,336.93075,7921.2901,C16.a_4,1213.56965,2477.10396,220.48138,335.82617,6232.07408,158.27778,1.0,1.0,267.2792,28701.13697,28.37,5.16072,87.55261,6.61111,1.0,2.77778,7.66667,1.02973,17.45433,C16.i_4
30893.86969,6810.4865,23003.39055,7291.67034,187937.07634,1678.38889,83.42513,7.2765,4506.113,877748.61335,785.27971,348.58118,3381.32422,959.48111,1.33365,932.86965,1884.52131,372.3752,8604.51232,C16.a_5,1217.40298,2185.88174,232.59249,340.26255,5581.18519,107.11111,1.0,1.0,261.00142,27511.63697,25.48111,9.22529,74.66372,8.0,1.0,3.66667,10.44444,1.0,13.0402,C16.i_5
28937.53636,7358.70872,25329.16833,7535.33701,177687.6319,1929.16667,79.20291,21.71966,4262.77966,857951.50223,699.22415,305.85895,3180.93533,781.70334,1.6673,1072.9252,1830.02131,370.48631,4034.73455,C16.a_6,1238.51409,2291.9373,230.59249,371.93728,5743.51852,129.72222,1.0,1.0,270.33475,26664.4703,26.70334,7.55863,73.33038,6.55556,1.0,3.66667,8.61111,1.0,13.60083,C16.i_6
30145.03636,7447.09761,20214.94611,5953.39256,176123.1319,2032.11111,72.75846,12.85887,4013.89077,836728.6689,672.05748,302.74784,2774.87978,872.03667,1.6673,798.59187,1841.07686,345.43075,8008.90121,C16.a_7,1189.29187,2211.15952,228.7036,366.88173,5639.51852,80.44444,1.0,1.0,262.66809,26054.08141,23.59223,6.72529,73.66372,6.16667,1.0,2.77778,11.5,1.0,11.92909,C16.i_7
26376.59192,8994.43094,18902.335,5963.7259,148143.79856,1707.33333,69.53624,8.44316,5084.27966,811754.1689,722.05748,328.35895,2945.43533,934.25889,1.6673,546.36965,1724.9102,342.54186,12437.23455,C16.a_8,1147.29187,2160.54841,207.59249,274.60126,5455.90741,226.11111,1.0,1.0,264.7792,25359.74808,25.14778,6.10967,67.4415,6.22222,1.32667,4.55556,8.72222,1.05947,16.71194,C16.i_8
21158.25858,6764.81983,18044.66833,5560.78145,133525.79856,1435.83333,69.42513,25.52618,4560.00189,780356.55779,742.55748,292.85895,3123.76867,779.37,1.6673,455.03631,1706.13242,318.20853,7743.51232,C16.a_9,1171.68076,2054.4373,237.92582,292.10395,5352.62963,213.72222,1.0,1.0,261.2792,24465.24808,22.03667,6.33641,58.9415,8.33333,1.10889,3.66667,8.61111,1.0,20.01496,C16.i_9
79499.74596,14457.09761,14760.25056,4513.08787,228652.144,576.96608,37.86958,6.67818,4640.03342,782183.63477,534.92222,362.81733,1665.83057,1309.92556,2.62511,853.91111,1663.27778,402.6214,5717.20908,C17.a_0,2608.89006,236.16667,546.18787,12.08059,12788.9423,99.56388,1.0,1.0,68.95672,30287.73867,2.84906,16.04241,18.38889,13.51837,1.0,19.77778,27.08483,1.0,86.12222,C17.i_0
75562.02374,13524.65317,14064.30611,4001.86565,219202.69956,669.35496,39.42513,3.72272,4349.14453,728867.07922,452.86667,367.76177,1813.27501,1219.37,4.02231,832.41111,1654.11111,303.01029,5555.87575,C17.a_1,2601.50117,383.83333,336.24343,1.74725,11641.33119,337.29276,1.0,1.0,55.73449,29092.90534,2.17953,8.98758,10.66667,14.40726,1.0,9.0,22.08483,1.0,51.73333,C17.i_1
74669.74596,13568.59761,13406.91723,3679.08787,207704.86622,737.13274,40.75846,2.63363,4413.53342,700714.69033,499.31111,378.15066,2040.71946,1196.37,4.43351,767.07778,1485.66667,316.1214,5306.87575,C17.a_2,2419.89006,201.94444,308.52121,1.0,11449.33119,525.62277,2.74927,1.0,53.95672,28303.34978,1.39318,10.37866,10.27778,10.07393,1.0,15.72222,8.04241,1.0,58.95556,C17.i_2
70569.1904,12505.15317,13370.695,3950.03232,198570.42178,679.63274,40.64735,1.0,4142.08897,669112.357,429.36667,364.42844,1441.88613,1144.31445,2.30009,796.41111,1779.0,307.51029,5068.4313,C17.a_3,2336.61228,199.94444,287.96565,9.15568,10973.9423,167.2861,1.87463,1.0,57.95672,27619.12756,1.96017,8.59869,14.05556,9.62948,1.0,9.94444,5.52121,1.0,55.12222,C17.i_3
68596.46818,11372.4865,11616.25056,3627.42121,186792.03289,576.91052,30.75846,2.71121,4190.64453,634163.24589,399.97778,354.81733,1508.71946,1128.37,3.27516,675.63333,1523.5,259.45474,5041.09797,C17.a_4,2379.72339,187.72222,306.57676,2.4945,11314.38674,89.2861,1.0,1.0,56.73449,26976.96089,2.73795,14.21054,18.38889,6.62948,1.0,10.83333,14.99089,1.0,68.23333,C17.i_4
65439.13485,12337.43094,12366.08389,3428.69898,180670.92178,618.13274,39.20291,9.63363,3882.53342,599649.19033,373.42222,346.76177,1441.6639,1052.31445,2.30009,746.91111,1329.38889,301.28807,4855.9313,C17.a_5,2526.00117,189.88889,275.57676,1.0,11238.22008,405.18165,1.0,1.0,42.40116,26393.12756,1.78636,7.49124,10.83333,11.68504,1.0,9.88889,13.35857,1.0,52.51111,C17.i_5
60873.57929,13965.4865,12987.195,3279.08787,177008.144,708.24385,40.20291,1.54454,3921.20008,579509.13477,344.36667,364.15066,1258.1639,1058.75889,1.97507,706.57778,1447.16667,248.84363,4451.09797,C17.a_6,2456.83451,231.16667,356.07676,1.0,10723.66452,360.20194,1.0,1.0,53.06783,26077.18311,3.02002,15.48977,17.72222,10.79615,1.0,20.27778,11.87978,1.0,69.23333,C17.i_6
60468.1904,12996.76428,12178.97278,3454.58787,176657.31067,529.57719,33.42513,2.08909,3841.20008,571114.91255,356.92222,337.484,1464.55279,1019.87,1.97507,678.96667,1652.44444,293.6214,4590.48686,C17.a_7,2381.05673,285.77778,360.74343,8.40842,10718.05341,332.70693,1.0,1.0,61.17894,25461.46089,3.34763,9.54533,10.44444,8.40726,1.0,14.0,15.34543,1.0,71.56667,C17.i_7
59700.52374,12385.59761,12932.25056,3139.64343,171941.19956,603.41052,37.86958,2.08909,3415.64453,552527.857,390.7,366.15066,1167.77501,1006.98111,1.0,734.07778,1348.11111,267.01029,4608.48686,C17.a_8,2333.89006,173.72222,226.85454,1.0,10621.55341,141.26082,1.0,1.0,40.06783,24903.96089,2.95159,5.99197,9.88889,7.74059,1.0,7.66667,1.31616,1.0,37.62222,C17.i_8
57021.57929,10448.04205,11835.08389,3026.25454,160100.25511,574.85496,37.53624,16.01151,3192.36675,529495.41255,352.58889,337.15066,1006.83057,983.20334,2.95013,694.57778,1421.61111,229.78807,4271.26464,C17.a_9,2270.72339,335.11111,325.85454,14.32234,9862.72008,281.12277,1.0,1.0,63.51227,24682.79423,2.85192,8.1579,8.16667,7.68504,1.0,14.83333,18.71714,1.0,64.95556,C17.i_9
32004.4297,28099.71507,37493.84603,6692.28068,162424.72346,2506.88088,106.36958,64.45078,11761.99179,1304383.3537,1476.03559,354.83333,7983.10816,1505.51837,1.0,964.79476,2133.94444,575.40673,4436.17648,C18.a_0,1016.62376,3710.18889,136.11662,398.7504,4503.24218,1.0,1.0,1.0,209.00591,19372.24594,29.39431,3.47858,79.86786,2.41219,1.0,2.40436,1.0,1.0,8.72422,C18.i_0
34000.4297,30550.77063,40003.45714,6917.11402,165722.61235,2657.15865,101.20291,76.35167,10938.99179,1210584.90926,1276.70226,377.66667,7384.05261,1510.68504,1.0,926.73921,2125.94444,619.24007,4351.45426,C18.a_1,1037.90153,3636.18889,121.11662,562.91872,4573.68663,117.17371,1.0,1.0,226.22813,18657.30149,32.50542,2.68032,94.14564,3.91091,1.0,2.61475,2.3867,1.0,6.00937,C18.i_1
34643.4297,26464.9373,36172.1238,6751.83624,153150.11235,2468.04754,99.53624,59.55431,11055.32512,1173594.8537,1231.75781,356.88889,6664.10816,1444.07393,1.0,820.35032,1904.94444,612.90673,4094.56537,C18.a_2,979.01264,3527.91111,110.78329,413.30761,4419.9644,7.2999,1.0,1.0,217.22813,18157.69038,35.72764,1.84016,93.3123,5.9058,1.0,1.91257,4.15571,1.0,4.47791,C18.i_2
31796.20747,24658.32618,33282.51269,6935.33624,142434.77901,1991.04754,93.31402,50.685,10799.04735,1119702.74259,1104.36892,304.33333,6030.21927,1331.8517,2.21899,776.73921,1812.88889,531.68451,3962.12092,C18.a_3,1030.5682,3293.07778,116.00551,370.36151,4058.90885,24.51835,1.0,1.0,204.8948,17516.85705,26.50542,1.0,92.20119,3.32566,1.0,2.84881,1.44225,1.0,5.78714,C18.i_3
33111.54081,24148.15952,32765.01269,6067.00291,150358.05679,2001.15865,91.31402,56.98677,10034.6029,1076016.40926,975.75781,282.44444,5148.10816,1363.51837,1.0,715.01698,1793.05556,610.35118,4058.50981,C18.a_4,892.0682,3072.68889,107.8944,263.13763,3986.24218,81.37758,1.0,1.0,210.33924,17143.74594,27.50542,1.23588,91.36786,3.8825,1.0,2.1703,1.88451,1.0,5.3427,C18.i_4
29525.09636,23582.27063,30882.67936,6532.33624,133634.77901,1775.1031,90.98069,31.78412,9897.49179,1039592.02037,1055.53559,265.05556,5279.10816,1297.24059,2.21899,710.57254,1866.38889,395.01785,3739.06537,C18.a_5,896.73487,3106.96667,114.28329,338.41872,3710.13107,52.01459,1.0,1.0,180.78369,16744.4126,21.06097,1.0,82.97897,3.49233,1.0,1.46812,1.0,1.0,7.16867,C18.i_5
28452.59636,22450.88174,32605.45714,5958.89179,129632.1679,2248.1031,93.98069,50.04232,9674.32512,1004012.96482,1073.1467,310.83333,6022.27483,1319.3517,1.6095,844.23921,2006.11111,534.35118,3891.78759,C18.a_6,841.84598,2830.8,153.44995,276.58539,3648.07551,1.0,1.0,1.62816,189.8948,16481.46816,22.17208,1.0,77.75675,5.0763,1.0,2.14663,2.32676,1.0,7.83534,C18.i_6
27678.65192,20317.15952,30797.40158,5855.50291,122514.89012,1604.54754,85.31402,47.88765,9353.1029,963899.90926,990.48003,302.44444,4943.27483,1295.90726,1.0,731.23921,1831.72222,478.62896,3591.00981,C18.a_7,906.0682,2870.3,125.3944,187.18655,3710.13107,52.01459,1.0,1.0,189.56146,15956.35705,22.17208,1.0,80.14564,7.24297,1.0,2.59107,3.7734,1.0,7.29183,C18.i_7
25758.4297,19667.88174,30435.73492,4856.00291,117126.44568,1544.93643,77.31402,52.08588,9392.93624,936105.8537,986.98003,275.5,4998.99705,1225.18504,1.0,742.29476,1719.66667,481.90673,3575.34315,C18.a_8,824.51264,2497.13333,116.22773,247.69318,3307.4644,165.78859,1.0,2.25632,192.8948,15383.9126,22.28319,1.0,86.47897,6.76755,1.0,3.08287,5.10016,1.04874,9.08165,C18.i_8
25411.65192,19601.65952,31649.90158,5674.72513,117537.50123,1912.82532,88.42513,71.50634,8491.88068,896692.90926,962.20226,313.77778,4757.55261,1194.62948,1.0,661.85032,1869.22222,431.12896,3360.12092,C18.a_9,775.17931,2330.24444,101.44995,196.64094,2920.18663,96.40724,1.0,1.0,143.11702,14769.13483,20.61653,1.0,55.92342,5.32183,1.0,2.82513,2.32676,1.02437,8.85943,C18.i_9
26734.12509,7685.23958,22625.25687,5366.2285,60986.2661,1469.84841,36.8563,7.2,2270.8661,303009.89662,106.43988,268.97811,318.71632,698.09223,1.0,583.38889,2441.85752,430.54582,29669.45433,C19.a_0,2136.74073,2083.32565,2058.19857,499.67621,4847.62297,82.51894,1.41594,1.0,579.43531,21081.76353,26.42222,4.04753,114.07153,52.88889,1.0,1.0,23.20169,1.0,279.51064,C19.i_0
27176.68065,7733.29513,24626.20132,5647.7285,60949.48832,1040.34841,53.18963,17.82222,2351.81054,295486.22995,97.43988,293.867,337.54966,685.25889,1.0,585.5,2185.1353,588.93471,29299.89877,C19.a_1,2078.96295,2037.15899,2147.25413,574.50954,5029.56742,193.0375,1.0,1.0,567.37975,20340.37464,26.64444,4.33694,107.57153,48.11111,1.0,2.50553,20.36945,1.0,287.84397,C19.i_1
26267.34731,7368.23958,22858.9791,5299.06184,57612.65499,1330.29285,38.41186,7.72222,2148.25499,284358.06328,110.77321,260.81145,317.88299,660.75889,1.0,515.88889,2133.69086,512.87916,26539.89877,C19.a_2,2129.4074,1973.43676,2080.08746,553.95399,4785.28964,231.40793,1.0,1.0,526.76864,19635.93019,23.75556,8.47854,92.51597,44.94444,1.0,3.39442,5.98001,1.0,287.73286,C19.i_2
24650.01398,9496.79513,29824.4791,6257.28406,67597.48832,645.90397,49.74519,4.86667,2559.64388,275216.61884,69.32877,445.31145,281.60521,712.20334,1.0,682.05556,2011.91308,87.71249,38296.89877,C19.a_3,2062.18518,1935.82565,1974.19857,435.34288,4757.01186,229.29682,1.0,1.0,532.76864,18973.54131,29.42222,7.07441,111.34931,43.77778,1.0,3.01804,2.64723,40.51194,267.89953,C19.i_3
23694.06953,8936.90624,26749.64576,6167.39517,60049.48832,1059.07063,48.8563,7.84444,2480.42165,269367.22995,77.21765,412.92256,276.10521,770.98111,1.0,656.77778,1905.74641,93.99027,38693.34322,C19.a_4,1912.4074,1773.38121,1886.86524,352.73177,4413.17853,585.64861,1.20797,1.0,505.76864,18484.54131,23.42222,9.04753,82.79375,35.88889,1.0,2.19721,8.4978,26.9068,256.78842,C19.i_4
23793.29176,9688.35069,28872.42354,7136.56184,72352.32165,594.95952,58.8563,10.7,2467.14388,263998.72995,68.32877,446.58923,272.4941,787.31445,1.0,586.55556,1978.02419,128.93471,32984.56544,C19.a_5,1921.62962,1875.38121,1970.58746,337.23177,4278.06742,227.92638,1.0,1.0,508.54642,18032.93019,21.75556,9.11652,82.12709,38.38889,1.0,1.75277,4.94169,4.39486,238.62175,C19.i_5
23421.95842,9344.9618,28618.25687,7167.7285,57668.7661,845.34841,51.8563,6.55556,2590.42165,257871.45217,73.43988,463.14478,265.71632,712.87,1.0,574.16667,1838.1353,201.26805,37710.73211,C19.a_6,1961.4074,1780.2701,1865.75413,401.67621,4499.73408,508.68571,1.20797,1.0,487.65753,17707.04131,25.64444,10.4651,88.29375,35.11111,1.0,1.75277,2.77668,17.78375,197.39953,C19.i_6
23557.45842,9970.68402,33666.03465,7423.2285,70064.43276,779.57063,57.52297,6.15556,2628.92165,253978.39662,54.32877,504.92256,227.93855,781.48111,1.0,680.27778,2438.96864,115.60138,41664.00989,C19.a_7,1870.74073,1795.54788,1939.86524,476.50954,4444.23408,292.50039,1.20797,1.0,510.65753,17370.54131,24.31111,10.25631,90.79375,36.38889,1.0,1.75277,18.27558,21.90083,283.67731,C19.i_7
22092.68065,9884.07291,28746.53465,6967.95073,64282.21054,732.29285,51.8563,10.17778,2636.92165,249378.22995,56.99543,521.47811,232.32744,691.14778,1.0,653.33333,2011.52419,74.21249,44838.621,C19.a_8,1812.68518,1814.71454,1883.19857,517.84288,4410.78964,411.75982,1.0,1.0,507.21309,16960.65242,23.42222,5.86562,81.96042,40.05556,1.0,2.50553,18.71947,42.08541,286.23286,C19.i_8
22745.01398,8953.90624,26103.92354,6288.45073,56816.2661,732.18174,51.8563,6.67778,2405.92165,244786.67439,72.21765,440.42256,275.27188,716.20334,1.0,495.33333,1981.85752,244.43471,37764.34322,C19.a_9,1885.46295,1885.54788,1905.30968,494.73177,4468.90075,200.94494,1.0,1.0,470.65753,16682.20797,19.86667,7.36562,94.12709,44.33333,1.0,1.0,8.05391,20.45639,232.34397,C19.i_9
16549.06281,8082.16667,14778.1825,10503.72772,62323.90136,1215.69827,32.32877,17.12156,4301.86719,507925.352,31.6621,3703.39929,1681.5,1420.47603,1.0,1641.00017,3422.4967,174.74531,18630.91727,C2.a_0,612.13014,266.79222,274.03934,20.62114,1978.75266,39.83333,1.11111,1.0,60.22108,3974.89866,2.2,47.47007,77.44444,4.51176,1.0,16.75324,41.1741,1.0,55.86151,C2.i_0
13661.56281,7879.27778,15212.84916,10149.61661,54630.3458,1729.47605,34.99543,14.78823,3958.31164,457387.07422,27.10654,3449.73262,1589.88889,1284.30937,4.84993,1485.50017,3565.27448,137.41197,17542.86171,C2.a_1,601.07458,348.62555,273.76156,2.68306,2040.91933,86.83333,1.0,11.16667,69.99886,3702.17644,1.8,49.91451,91.33333,1.73804,1.0,14.52173,26.45188,1.0,52.7504,C2.i_1
12216.50725,7598.16667,16181.07139,11137.5055,48973.12358,1542.42049,31.32877,1.34724,3282.9783,399605.79645,22.43988,2645.06595,1566.38889,1126.80937,1.0,1306.05573,3076.38559,116.85642,16234.97282,C2.a_2,544.46347,286.95889,252.53934,6.04919,1705.80822,43.55556,1.0,2.11111,48.99886,3544.78755,1.33333,48.02562,75.88889,2.73804,1.0,8.05257,43.10771,1.0,48.7504,C2.i_2
12898.28503,7790.77778,14223.07139,10875.06106,46266.51247,1896.19827,35.21765,5.36809,2964.25608,380126.12978,30.43988,2518.06595,1561.0,1049.75381,1.0,1358.00017,2912.21892,149.18975,15079.7506,C2.a_3,576.74125,261.62555,247.26156,1.0,1830.97488,39.66667,1.0,1.0,45.4433,3424.232,1.08889,42.24784,57.27778,3.47201,1.0,10.8952,35.87125,1.0,43.80596,C2.i_3
13020.61836,8679.61111,14332.6825,10087.83883,48627.8458,1544.69827,44.55099,15.9549,2828.36719,365893.57422,28.21765,2475.84373,1535.44444,1204.6427,1.0,1309.16684,3327.71892,136.74531,14735.69504,C2.a_4,551.63014,206.12555,284.37267,1.0,1592.41933,35.72222,1.0,12.44444,37.99886,3329.67644,1.28889,33.8034,34.61111,1.46026,1.0,7.91675,43.28521,1.0,45.52818,C2.i_4
11525.61836,7323.33333,12933.40472,9650.28328,46423.01247,1100.64271,44.6621,18.11461,2699.70052,354190.40756,18.32877,2453.56595,1253.55556,1096.1427,1.0,1220.94462,2978.55226,122.02308,15205.80616,C2.a_5,509.85236,271.73667,238.37267,24.92168,1610.97488,189.83333,1.0,3.27778,63.10997,3256.45422,1.03333,36.41451,37.66667,1.68248,1.0,7.29022,85.19375,1.0,42.52818,C2.i_5
11159.34059,9304.61111,15194.01583,12106.11661,48253.23469,1201.14271,56.99543,15.78128,2531.08941,339582.40756,28.10654,2271.84373,1368.94444,1325.92048,1.0,1388.44462,3884.38559,173.57864,13405.02838,C2.a_6,517.13014,221.23667,235.42823,1.0,1551.86377,7.0,1.11111,1.0,38.10997,3193.84311,1.07778,42.08118,47.72222,16.69018,1.0,8.49702,47.10771,1.0,35.91707,C2.i_6
10616.11836,7495.22222,13532.57139,10535.94995,44009.90136,1123.19827,43.77321,11.20142,2661.08941,325422.18534,24.55099,2040.34373,1247.5,1318.42048,1.0,1138.00017,3271.88559,164.6342,13047.13949,C2.a_7,618.7968,310.01444,293.5949,5.23862,1899.03044,54.05556,1.0,1.0,57.77664,3120.00977,2.1,48.52562,70.27778,1.96026,1.0,6.40133,39.15785,1.0,43.13929,C2.i_7
10319.56281,7549.77778,13650.40472,10799.94995,41828.90136,981.5316,50.88432,6.18752,2610.70052,318941.68534,20.99543,2132.84373,1294.33333,1258.03159,1.0,1194.27795,3109.44114,151.07864,13550.2506,C2.a_8,556.90791,277.79222,273.42823,9.47724,1725.64155,43.77778,1.0,2.11111,67.77664,3041.45422,1.56667,46.41451,75.94444,1.27372,1.0,5.068,31.39632,4.0437,37.63929,C2.i_8
10424.67392,8371.44444,12446.23805,10872.94995,43581.3458,872.47605,37.43988,3.76738,2470.03386,313907.18534,25.77321,2005.5104,1373.16667,1216.08714,1.0,1173.11128,3375.77448,179.1342,11662.97282,C2.a_9,601.51902,312.01444,276.42823,1.0,1855.58599,97.11111,1.0,2.11111,57.77664,2957.67644,1.97778,48.13673,66.38889,2.82522,1.0,13.25937,27.80486,2.21037,48.97263,C2.i_9
50351.78839,27549.53281,20250.71765,8714.28681,220893.83986,852.27778,46.55556,14.62294,12887.74355,1139151.77683,1295.98111,299.12513,5379.38889,1292.74928,4.6978,707.78843,1301.83003,2515.73947,4823.95357,C20.a_0,1566.92762,81.16337,113.51562,1.0,7057.79043,445.72222,1.0,1.0,44.73605,18547.1706,1.0,2.19217,2.96718,7.51779,1.0,1.0,1.0,1.0,10.47704,C20.i_0
48719.28839,25562.75503,20718.93988,8202.50904,207185.7843,928.33333,51.11111,19.29315,12860.79911,1103943.66572,1398.87,291.56957,5515.61111,1182.52706,2.92224,749.95509,1088.9967,2724.18392,4638.62024,C20.a_1,1574.03873,120.33003,95.18229,1.69793,6971.67932,575.05556,1.0,1.0,38.84716,17653.6706,1.09686,3.00929,3.31188,9.98615,1.0,1.4125,2.88889,1.0,6.73329,C20.i_1
48649.56617,26824.97725,19350.82877,8349.84237,205510.7843,630.55556,45.33333,13.06502,12375.688,1074189.33238,1274.70334,277.51402,4900.61111,1210.13817,3.53779,715.78843,1170.16337,2654.18392,4392.56468,C20.a_2,1431.53873,143.66337,106.96007,1.69793,6865.62377,312.33333,1.0,1.0,34.51382,16981.11505,1.0,3.39125,2.17803,6.60498,1.0,1.0,1.0,1.0,9.93399,C20.i_2
48097.3995,22985.81058,20000.88432,7874.28681,202015.2843,842.11111,55.77778,15.01419,10879.688,1022898.72127,1165.31445,305.62513,4581.22222,1250.13817,2.16,712.5662,1336.66337,2756.07281,4540.00913,C20.a_3,1489.98318,114.44114,98.73784,1.0,6389.9571,333.11111,1.0,1.0,41.18049,16308.83727,1.09686,2.43752,2.23359,10.98615,1.0,1.825,1.0,1.0,7.0451,C20.i_3
45842.28839,21991.03281,19504.55099,8243.95348,200651.00652,1119.55556,53.11111,16.56856,10430.96577,967739.83238,991.75889,312.12513,4371.27778,1314.74928,1.32667,641.39954,1315.83003,2745.62836,4458.95357,C20.a_4,1413.98318,131.60781,121.84896,1.0,6333.12377,252.94444,1.0,1.0,36.73605,15494.33727,1.0,1.8102,1.86175,7.57334,1.0,1.825,1.0,1.0,11.72078,C20.i_4
43997.95506,19950.19947,21116.05099,8083.50904,185783.00652,922.11111,50.33333,18.90544,10059.24355,936746.88794,973.42556,308.12513,4096.11111,1240.91595,2.70446,687.62176,1506.16337,2643.46169,4569.17579,C20.a_5,1405.92762,103.38559,102.18229,1.0,5602.01265,322.61111,1.0,1.0,41.62494,14375.44838,1.0,3.00929,1.86175,10.18445,1.0,3.95139,1.0,1.0,9.77634,C20.i_5
45501.17728,21709.69947,19617.49543,7486.45348,175673.11763,790.66667,47.66667,25.90544,10427.79911,894566.11016,1009.75889,266.40291,4232.11111,1099.58261,1.54445,583.28843,1364.44114,2426.96169,4458.28691,C20.a_6,1293.03873,124.44114,107.18229,1.0,5386.01265,248.61111,1.0,1.0,43.06938,13755.83727,1.0,1.23843,3.41162,11.09727,1.0,1.0,1.0,1.0,8.26732,C20.i_6
42655.62172,20020.42169,18911.60654,7109.28681,170633.11763,846.11111,46.0,17.74233,9811.79911,849133.5546,896.48111,301.34735,4007.27778,1080.19373,3.92002,624.73287,1476.16337,2528.68392,4401.56468,C20.a_7,1330.09429,120.4967,121.96007,1.0,5338.29043,250.77778,1.0,1.0,47.18049,13272.39283,1.0,2.19217,2.92299,11.15282,1.0,1.4125,1.0,1.0,11.26732,C20.i_7
38698.51061,19057.31058,19980.60654,7060.23126,159974.95097,809.33333,55.22222,27.07211,8805.35466,801065.44349,841.09223,271.84735,3301.55556,1061.63817,1.65334,580.39954,1457.4967,2729.23947,4183.39802,C20.a_8,1266.26095,118.55226,122.84896,1.0,4991.67932,234.33333,1.0,1.0,54.73605,12889.05949,1.0,4.62969,5.49559,12.60498,1.0,1.0,1.0,1.0,13.92148,C20.i_8
37050.84395,17563.97725,20334.27321,7375.45348,154852.22874,992.16667,52.44444,22.01774,8189.29911,754499.27683,788.59223,304.18068,3238.05556,1128.74928,1.54445,638.28843,1514.88559,2902.62836,4111.28691,C20.a_9,1237.76095,141.66337,134.2934,1.0,4802.23488,275.5,1.0,1.0,61.62494,12353.39283,1.09686,3.34262,4.54546,12.09727,1.0,2.68195,1.94444,1.0,14.76732,C20.i_9
29752.64278,17065.4373,17517.98672,9444.47829,173559.15534,927.28567,51.00456,11.67655,7903.15192,741691.06252,479.92506,243.34735,2295.79501,1346.74928,1.0,430.94497,2550.15346,2496.21909,3177.71686,C21.a_0,1009.46688,396.4618,318.47231,1.0,3366.6852,151.47565,1.0,1.0,96.67256,17879.28876,5.11111,2.12216,8.64622,14.08889,1.0,3.2583,2.58261,1.0,28.34322,C21.i_0
29552.19833,9594.99285,15450.76449,6323.14496,138820.54423,909.06345,44.3379,22.06033,5776.70747,587095.67363,383.92506,308.73624,1586.35057,1136.58261,1.0,363.22274,1907.93124,1165.44132,3580.55019,C21.a_1,959.74465,266.23958,281.58342,1.0,3241.90742,162.39194,1.0,1.0,83.22811,16392.2332,2.33333,2.14281,8.71256,11.97778,1.0,2.12915,2.58261,1.0,26.39877,C21.i_1
24029.97611,11648.88174,15358.98672,8548.64496,129818.93312,822.56345,48.11568,50.34799,5696.37414,525397.11807,332.75839,257.12513,1574.6839,1354.19373,1.87165,328.44497,2256.82013,1780.49687,2849.55019,C21.a_2,902.02243,177.40624,272.52786,1.0,2827.85186,352.086,1.0,1.0,76.00589,14606.06654,1.77778,5.30948,2.95633,10.75556,1.0,3.39442,6.69229,1.0,69.06544,C21.i_2
22557.97611,9219.10396,15008.48672,9251.81162,116607.43312,746.95234,50.00456,23.63599,4574.70747,484241.28474,280.81395,265.56957,1390.62835,1257.69373,1.0,349.83386,2445.54235,1499.99687,2813.05019,C21.a_3,879.24465,192.4618,289.58342,1.0,2663.90742,147.75191,1.0,1.0,77.22811,13834.06654,2.22222,5.69516,5.52322,11.86667,1.0,2.57359,21.35895,1.0,76.92909,C21.i_3
19669.08722,9677.99285,13530.70894,8837.0894,99867.87756,730.50789,40.00456,16.75222,4938.48525,433980.22918,278.64728,257.62513,1285.12835,1074.91595,1.0,267.72274,2422.87568,1693.88576,2361.10575,C21.a_4,845.35576,166.18402,243.30564,1.0,2677.40742,280.01598,1.05556,1.27118,77.22811,13439.95543,2.27778,4.25072,3.31178,8.86667,1.0,1.75277,12.37248,1.0,108.56544,C21.i_4
16010.75389,9223.49285,13361.20894,8706.92273,93290.15534,857.39678,34.67123,6.89366,4714.81859,398486.56252,266.59173,244.95846,1109.62835,1205.24928,1.0,252.22274,2565.37568,1261.33021,2450.43908,C21.a_5,809.46688,160.29513,249.30564,1.0,2689.46297,102.00229,1.0,1.0,82.22811,13098.7332,2.27778,5.32373,5.82311,9.47778,1.0,1.0,33.88601,1.0,46.65639,C21.i_5
16462.64278,8125.54841,14860.93116,10163.97829,90457.2109,886.17456,50.67123,22.87832,3932.04081,359584.72918,211.98062,295.45846,890.40612,1338.74928,1.0,291.11163,2764.70902,764.71909,2668.43908,C21.a_6,791.57799,143.90624,296.52786,1.0,2603.62964,118.95967,1.0,1.27118,83.45033,12437.01098,3.55556,2.93484,7.33444,8.58889,1.0,1.75277,4.16523,1.0,39.50989,C21.i_6
13353.42056,7899.15952,16492.48672,9436.25607,79050.2109,1081.50789,46.44901,23.22699,4023.87414,321857.78474,198.31395,239.90291,893.79501,1382.4715,1.0,279.72274,3020.82013,1274.77465,2253.93908,C21.a_7,800.35576,133.85069,274.41675,1.0,2629.62964,55.36302,1.11111,1.0,78.56144,12111.51098,1.83333,5.39994,7.18989,6.34444,1.0,1.75277,9.63673,1.0,26.78766,C21.i_7
14274.47611,8570.21507,17207.37561,10949.25607,89331.7109,1391.78567,63.89345,27.89366,3532.81859,288624.84029,151.98062,287.34735,745.79501,1528.08261,1.0,363.66719,3080.04235,702.05243,2647.77242,C21.a_8,750.85576,135.85069,267.30564,1.0,2446.29631,147.22451,1.0,1.0,85.33922,11743.89987,1.83333,1.45549,4.74544,8.01111,1.0,3.63468,2.58261,1.0,10.23211,C21.i_8
13337.47611,7666.77063,16725.87561,8628.97829,83674.59978,1673.39678,59.22679,16.51977,3347.9297,256288.00696,137.31395,252.18068,545.90612,1710.30484,1.0,301.61163,2696.26457,777.44132,2491.88353,C21.a_9,748.07799,125.85069,361.41675,1.0,2508.6852,275.33638,1.0,1.0,86.33922,11302.84431,2.83333,2.4936,4.54533,9.08889,1.0,3.77081,1.79131,1.0,56.78766,C21.i_9
34575.5374,12399.10781,20396.57164,8658.9442,113509.51643,694.90534,46.02954,3.2103,4729.91047,534370.25127,375.83875,933.97733,1364.85057,660.41595,1.0,571.31335,3140.36131,207.66799,5329.98636,C22.a_0,2945.97013,5469.18278,1341.69629,359.96319,11955.11852,7805.03333,1.04784,1.0,626.92287,24020.30989,55.0,33.95846,176.72222,42.27778,1.0,9.58466,79.58294,1.0,84.32464,C22.i_0
34661.0374,11799.88559,20289.57164,8255.83309,106135.40532,1017.40534,44.91843,7.26179,4929.07713,523151.64016,448.33875,878.03289,1499.96168,743.02706,1.64166,596.70224,3108.02798,220.7791,5367.59747,C22.a_1,2697.30347,4260.405,938.02963,424.5743,10637.84074,7318.7,1.14353,2.8649,604.53398,22574.36544,55.66667,41.90291,183.72222,39.22222,1.0,5.1722,64.74961,1.0,84.43575,C22.i_1
34118.59295,11602.66337,22429.57164,8927.9442,104416.34976,921.12756,51.69621,9.47209,4933.41047,511202.41794,394.28319,892.25511,1267.1839,736.36039,1.64166,595.42446,3206.63909,204.66799,5233.31969,C22.a_2,2543.58125,4810.18278,944.91852,522.40763,10678.45185,5440.7,1.07177,1.93245,568.81176,21496.47656,53.11111,41.18068,172.44444,50.27778,1.10889,10.41246,36.42084,1.97873,83.76908,C22.i_2
34894.25962,14465.83003,25543.46053,9644.05531,95779.57199,923.12756,62.69621,7.38482,4526.79936,497831.97349,356.50542,951.31066,1139.73946,1066.02706,1.0,616.03557,5015.02798,166.66799,5078.54191,C22.a_3,2785.85902,4287.79389,1664.19629,360.12985,11486.34074,6816.2,1.68367,6.59471,555.03398,20933.80989,52.55556,44.73624,141.55556,36.16667,1.21778,10.46105,52.64762,1.48936,81.43575,C22.i_3
33626.09295,12984.83003,25045.51609,9207.16642,115292.57199,1282.62756,55.25176,23.10298,4491.7438,485783.69572,298.78319,900.36622,1105.29501,949.02706,1.0,604.98001,3998.80576,173.22355,4982.48636,C22.a_4,2456.30347,3282.34945,1008.91852,393.51874,9568.06296,3160.86667,1.24614,2.8649,443.42287,20539.47656,38.66667,52.84735,113.16667,37.27778,1.0,8.88745,51.08522,1.24468,83.93575,C22.i_4
31904.48184,12084.9967,23674.68275,9015.77753,86790.96087,955.90534,56.91843,5.17453,4409.63269,471799.97349,315.61653,885.08844,1101.96168,928.24928,1.0,553.8689,4524.08354,141.44577,4626.37525,C22.a_5,2271.74791,4232.51612,1067.36296,349.62985,10479.11852,4562.75556,1.31791,1.0,457.97842,20008.421,41.44444,37.56957,140.66667,51.66667,1.0,10.90549,15.47411,1.0,90.65797,C22.i_5
32934.92629,12102.21892,21747.46053,7994.61087,83198.23865,842.84978,50.80732,9.84119,4254.07713,461707.47349,348.17208,872.03289,1099.40612,854.02706,1.0,533.03557,4390.41687,131.89021,5185.70858,C22.a_6,1995.35902,3706.51612,1108.8074,310.96319,8985.56296,5667.47778,1.04784,1.0,468.42287,19587.921,44.11111,34.64826,143.16667,52.22222,1.0,12.30688,25.5875,1.24468,123.10241,C22.i_6
32568.81518,12553.4967,24585.84942,9447.38865,116700.84976,885.96089,58.47398,13.89268,4449.7438,453898.69572,292.39431,880.36622,1019.51724,970.13817,1.0,545.53557,4719.69465,122.00132,5145.59747,C22.a_7,2016.08125,2449.905,1097.02963,323.96319,7016.06296,4038.86667,1.07177,1.0,436.36731,19177.75433,42.44444,31.59271,113.22222,40.33333,1.0,10.15272,23.85615,1.0,108.54686,C22.i_7
30268.48184,11706.10781,21884.23831,8020.55531,94181.29421,717.68311,47.36287,15.05935,4297.41047,445720.19572,395.17208,809.19955,1077.90612,715.13817,1.0,506.09113,3652.2502,117.50132,4745.48636,C22.a_8,1952.58125,2084.96056,910.08518,337.0743,7504.72963,2635.91111,1.02392,1.0,423.70065,18935.86544,36.11111,26.2918,112.0,56.61111,1.10889,10.20828,22.47411,1.0,101.04686,C22.i_8
29831.98184,11932.77448,22438.46053,8818.9442,86164.90532,863.51645,45.69621,22.05935,4233.57713,437292.41794,350.28319,860.86622,1103.85057,801.08261,1.0,516.48001,3434.30576,108.94577,4460.20858,C22.a_9,1956.41458,2417.68278,967.97407,456.54548,7758.84074,4963.03333,1.88197,1.93245,430.03398,18715.19878,40.33333,27.9816,139.83333,46.55556,1.10889,13.36797,14.96955,1.0,118.32464,C22.i_9
39613.42548,7520.77778,22362.65338,2636.39571,135829.77141,922.11111,58.55117,36.85556,1647.47063,159429.84106,15.4306,222.77379,72.83333,695.13817,1.0,596.37136,1842.83003,37.70405,4616.30424,C23.a_0,4392.13272,2926.79513,1076.64668,132.24108,17628.20993,42.15317,1.0,1.0,374.2815,34718.70277,15.75056,2.16274,41.14564,26.22222,1.0,25.08889,4.58913,24.67098,149.0185,C23.i_0
40290.1477,9266.16667,25038.87561,4820.72905,128160.99363,1180.94444,62.99562,35.93333,2144.58174,143710.06328,11.09727,271.94045,170.66667,867.08261,1.0,793.8158,2259.05226,43.81516,6020.41535,C23.a_1,4564.13272,2714.35069,972.64668,102.31775,17783.82104,120.55833,1.0,1.0,377.33706,34060.25833,12.63945,2.51641,42.64564,31.0,1.0,20.36667,4.0071,30.28209,135.79628,C23.i_1
36199.48104,8871.27778,25650.87561,3808.11793,148587.99363,992.0,58.7734,32.83333,1834.24841,131377.45217,10.76393,312.49601,53.72222,794.80484,1.0,1002.98247,1869.60781,46.75961,8468.24868,C23.a_2,4449.46605,2534.29513,973.81335,121.85219,16974.9877,2.39841,1.09686,1.0,363.2815,33522.92499,15.52834,4.74957,39.20119,21.61111,1.0,20.8,4.21963,37.05843,153.85184,C23.i_2
33761.6477,9732.66667,24113.93116,4317.50682,135980.93808,1064.05556,60.99562,26.87778,1746.52619,123371.50773,13.4306,280.32934,77.44444,688.19373,1.0,1155.48247,2056.88559,46.98183,8895.08202,C23.a_3,4600.63272,2605.01735,948.8689,131.68163,17969.26548,38.04206,1.0,1.23897,396.2815,32938.14722,18.08389,6.54769,48.25675,32.0,1.0,26.38889,6.80166,31.64248,135.40739,C23.i_3
33751.25881,9106.11111,23237.43116,3759.45127,126752.6603,1277.72222,61.10673,29.85556,1681.30396,117917.72995,15.4306,247.71823,107.0,590.58261,1.0,796.14914,1832.88559,39.92627,6209.74868,C23.a_4,4606.29938,2490.73958,964.03557,183.23718,18073.76548,24.65992,1.19371,1.47795,370.72595,32390.53611,16.97278,1.93111,51.8123,32.05556,1.0,14.61111,7.31395,21.7251,146.68517,C23.i_4
31423.98104,7445.22222,25019.09783,5484.45127,141977.88252,1444.44444,69.99562,10.94444,1792.69285,113381.95217,18.4306,291.82934,75.88889,715.80484,1.32502,1095.92692,1791.38559,45.75961,10345.63757,C23.a_5,4544.29938,2352.35069,942.03557,168.86941,17463.9877,50.725,1.0,1.0,357.50372,31811.20277,13.75056,4.02188,46.70119,27.94444,1.0,4.2,8.58913,1.0,143.79628,C23.i_5
31146.86993,6469.44444,21834.65338,4664.72905,147240.21586,1154.5,54.21784,33.35556,1871.6373,109116.61884,14.65282,267.99601,70.61111,617.58261,1.32502,510.09358,1709.10781,42.98183,6094.3598,C23.a_6,4297.57716,2161.29513,1015.64668,113.84829,16034.93215,15.43095,1.0,1.71692,366.05928,31137.09166,16.41723,6.06257,45.09008,24.27778,1.0,13.78889,1.21253,23.57196,110.0185,C23.i_6
29648.03659,11332.11111,23179.59783,5202.84016,155325.60474,1066.0,64.44006,20.4,2209.74841,104929.61884,9.4306,298.27379,57.16667,710.19373,1.32502,692.26025,1831.16337,57.37072,8706.8598,C23.a_7,4350.07716,2477.57291,939.8689,162.73718,16943.9877,31.52579,1.0,1.23897,364.55928,30452.75833,15.75056,6.10325,50.3123,30.72222,1.0,8.34444,3.0071,18.1966,126.46295,C23.i_7
29334.42548,9266.0,25044.20894,5554.00682,147060.99363,1045.44444,66.10673,19.35556,2390.19285,101008.22995,13.65282,324.82934,60.66667,809.58261,1.65004,938.53803,1914.27448,57.03738,8020.47091,C23.a_8,4045.29938,2376.51735,922.92446,105.38663,15684.43215,102.05833,1.09686,1.0,349.83706,29742.31388,15.30611,6.25898,38.3123,24.77778,1.0,5.53333,18.90308,14.33477,126.07406,C23.i_8
28081.20326,11174.5,21697.87561,4356.67349,143540.60474,735.38889,58.99562,6.55556,1756.85952,97025.45217,10.09727,263.3849,68.33333,638.41595,1.0,788.70469,1585.38559,45.48183,6328.47091,C23.a_9,4128.02161,2206.85069,903.20224,130.31385,15825.54326,29.12063,1.09686,1.23897,338.72595,29305.53611,11.69185,6.84034,34.79495,29.11111,1.0,7.93333,3.58204,18.91882,147.29628,C23.i_9
51564.25812,5550.29909,23192.8938,8315.8979,143809.99628,555.68174,47.76393,5.602,4590.50837,811585.72355,734.24343,760.32136,2739.11111,1081.24519,7.55293,798.93531,1676.22222,526.14674,4925.21033,C24.a_0,1468.38019,1865.9102,925.60128,420.27146,3734.10984,47.12947,1.18613,1.14884,433.1387,16961.07353,30.24928,7.15334,103.79375,17.37,1.0,1.58,9.41558,1.0,44.15352,C24.i_0
48670.59145,6470.35464,23687.56046,7411.50902,145064.94072,880.12619,56.76393,12.15922,4293.61948,786523.16799,718.96565,834.21025,2784.38889,998.57852,2.8084,700.71309,1486.83333,507.03563,4828.43255,C24.a_1,1388.54686,1497.96575,951.26795,296.66034,3795.72095,10.77024,1.0,1.0,359.36092,16629.96242,20.80484,4.57945,72.40706,31.37,1.0,2.15778,8.21632,1.0,73.98686,C24.i_1
49158.59145,7071.74353,24577.06046,8031.67568,141946.27405,637.84841,48.20838,21.46022,4215.67503,746095.61244,649.63232,740.09913,2245.66667,1070.8563,4.10849,737.43531,2259.05556,471.09118,4863.65477,C24.a_2,1381.26908,1506.24353,844.37906,345.60479,3577.94317,9.48869,1.0,1.0,339.80537,16151.90686,21.80484,11.1039,71.90926,25.87,1.0,4.65334,6.72595,1.0,54.98978,C24.i_2
45022.59145,5463.52131,21820.00491,6910.12013,128513.44072,937.57063,41.87504,11.84578,3897.45281,697462.16799,606.02121,680.43247,2150.33333,919.46741,5.91689,668.49087,1435.33333,453.86896,4631.877,C24.a_3,1437.10241,1717.35464,905.21239,340.23512,3702.6654,9.35546,1.0,1.0,400.24981,15794.62908,30.69373,2.93112,111.57153,18.14778,1.0,3.21112,7.98076,1.0,42.32019,C24.i_3
42704.09145,6064.13242,23000.17157,7114.34235,117338.2185,756.90397,46.87504,6.39056,3966.89725,651618.00133,672.79898,630.65469,2199.94444,929.07852,3.31671,616.26865,2401.11111,549.36896,4657.377,C24.a_4,1379.4913,2068.02131,840.99017,309.38257,3457.72095,35.57014,1.29724,1.44651,446.80537,15584.51797,32.80484,4.03612,122.68264,13.42556,1.0,2.10445,5.43482,1.0,29.87575,C24.i_4
43206.25812,6626.29909,23587.61602,6729.62013,123313.77405,750.57063,44.20838,19.15922,3965.17503,619741.83466,575.46565,715.7658,1941.88889,976.91186,2.62511,614.10198,2126.0,454.53563,4648.15477,C24.a_5,1346.76908,2007.4102,913.49017,422.88257,3527.72095,104.95149,1.0,1.29767,418.69426,15395.40686,31.4715,8.44334,125.01817,32.48111,1.0,3.54889,13.98743,1.0,71.20908,C24.i_5
39240.42479,4725.13242,20912.78268,6277.45346,111555.77405,820.68174,43.76393,3.67911,3270.06392,592823.72355,563.18787,527.7658,1929.5,915.3563,3.13342,544.26865,1494.77778,525.64674,4321.59922,C24.a_6,1363.93575,1963.85464,891.49017,407.43812,3430.44317,61.78482,1.0,1.14884,432.24981,15248.35131,30.24928,7.03001,123.01597,15.48111,1.0,4.62668,9.86965,1.0,49.3487,C24.i_6
38228.86923,5257.24353,20948.06046,6127.3979,110642.82961,853.51508,39.65282,14.11444,3191.17503,559440.94577,456.46565,529.93247,1716.83333,864.96741,1.32502,502.87976,1299.88889,384.75785,4034.93255,C24.a_7,1320.88019,1687.13242,912.04573,347.99368,3363.05428,90.24058,1.0,1.0,400.47204,15007.01797,24.02706,9.5239,98.18264,29.42556,1.0,2.16,14.41558,1.0,43.65498,C24.i_7
35994.14701,3871.63242,18396.22713,5424.84235,99158.16294,683.2373,41.4306,7.52489,2774.50837,533915.44577,486.07676,495.54358,1741.11111,786.02297,4.25022,461.76865,1446.38889,391.75785,3912.93255,C24.a_8,1332.21353,2057.85464,925.60128,466.66034,3480.99873,74.11816,1.0,1.0,460.91648,14838.62908,29.4715,8.59779,103.84931,25.87,1.0,1.32001,9.04299,1.0,54.65352,C24.i_8
38703.42479,7532.96575,23825.83824,6011.23124,96143.99628,1143.34841,54.98615,16.005,3699.3417,507454.2791,451.24343,678.98802,1693.61111,965.46741,2.30009,509.8242,2565.44444,440.75785,4092.48811,C24.a_9,1318.26908,1932.57686,872.21239,430.54923,3159.10984,145.04425,1.0,1.0,440.47204,14649.57353,26.24928,6.25834,101.84931,19.20334,1.0,2.71334,13.12446,1.0,46.37575,C24.i_9
9911.79807,8207.81983,11586.9053,4155.23465,74384.95806,919.85496,37.02706,7.49256,5169.55668,805662.59922,862.94901,206.15556,4092.15026,904.03479,1.0,385.52269,1388.21542,319.17642,2661.73333,C25.a_0,1174.86146,2755.12555,233.29531,333.52858,5145.7775,650.86667,1.0,1.0,259.88731,27623.7395,19.6924,6.83333,48.66372,8.212,1.0,5.85691,1.67351,1.0,20.14102,C25.i_0
9777.24251,8033.09761,11824.51641,4129.56798,75709.4025,1010.35496,41.24928,5.602,5015.39002,767654.877,827.61568,185.26667,3940.98359,928.75701,1.0,371.02269,1351.54875,290.12086,2695.34444,C25.a_1,1166.36146,2809.84778,438.85087,268.97302,5052.66639,724.86667,1.0,1.0,252.16508,26881.7395,15.02574,6.72222,46.55261,9.26627,1.0,5.72078,2.61796,1.0,15.7011,C25.i_1
9107.96473,7338.76428,11335.51641,4674.23465,73468.79139,919.6883,38.36039,8.31344,4781.83446,730566.32144,748.94901,205.43333,3618.48359,892.31256,1.0,366.30047,1348.65986,265.45419,2559.51111,C25.a_2,1152.08369,2745.29222,195.51753,269.82937,5071.61083,367.36667,1.0,1.0,231.38731,26092.40617,18.13685,4.33333,41.88594,10.15516,1.0,6.81386,1.67351,1.0,18.63951,C25.i_2
9306.18696,7359.37539,11841.62753,4981.40131,70633.73584,1028.74385,35.24928,5.602,4590.16779,708088.21033,663.39345,211.6,3228.92804,886.6459,1.0,310.24492,1400.21542,190.00975,2403.84444,C25.a_3,1121.41702,2621.73667,224.62864,258.69525,4861.7775,421.68889,1.0,1.0,238.94286,25655.57283,13.80351,5.72222,50.60816,11.29469,1.0,7.2458,9.45129,1.0,19.36173,C25.i_3
9197.52029,7085.15317,10779.57197,5069.56798,66836.95806,788.41052,40.13817,4.46767,4405.50113,670939.93255,679.28234,174.32222,3211.65026,856.75701,1.0,300.6338,1263.54875,236.78753,2516.84444,C25.a_4,1132.47258,2409.34778,364.46198,201.23996,4910.99972,420.64444,1.0,1.0,216.49842,25040.2395,12.80351,4.0,34.33038,12.32183,1.0,11.40549,5.06697,1.0,16.64102,C25.i_4
8726.96473,6445.04205,10479.62753,4328.2902,61883.62473,735.02163,31.80484,2.13433,4145.27891,630908.59922,649.8379,173.21111,3032.92804,821.70145,1.0,275.35603,1349.65986,229.95419,2181.34444,C25.a_5,1105.91702,2396.23667,216.73976,185.85107,4960.38861,654.81111,1.0,1.0,211.49842,24335.07283,15.6924,6.0,44.99705,12.21072,1.0,6.22078,1.2245,1.0,16.42031,C25.i_5
8543.24251,6734.31983,9668.9053,5043.62354,59854.68028,1107.13274,32.58261,11.74878,3982.50113,607395.09922,562.39345,169.37778,2675.03915,824.86812,1.0,301.52269,1138.82653,154.12086,2010.28889,C25.a_6,1081.52813,2360.01444,205.96198,111.98519,4696.44417,422.51111,1.0,1.0,202.83175,23630.7395,14.91463,5.33333,42.27483,9.82311,1.0,3.2583,1.2245,1.0,17.5284,C25.i_6
8772.85362,6787.87539,9297.96086,4186.45687,58890.9025,677.57719,25.91595,5.602,3829.33446,588836.93255,525.28234,130.65556,2428.26137,807.36812,1.0,270.91158,1064.4932,163.39864,1881.67778,C25.a_7,1029.52813,2379.29222,273.23976,193.17355,4454.11083,332.42222,1.0,1.0,220.05397,22999.2395,12.80351,7.38889,39.05261,10.43294,1.0,4.07913,1.44901,1.0,16.03444,C25.i_7
7450.24251,5930.9865,10298.79419,4940.56798,58009.29139,952.85496,30.58261,2.13433,3751.27891,538857.54366,541.67123,147.15556,2640.48359,872.6459,1.0,278.1338,1325.93764,182.73197,1997.51111,C25.a_8,988.58369,2302.34778,187.62864,230.2508,4465.72194,202.73333,1.0,1.0,208.60953,22315.68394,12.80351,6.33333,37.4415,10.76627,1.0,1.0,1.2245,1.0,20.48039,C25.i_8
7279.6314,5827.70872,9206.18308,4832.45687,52536.73584,1103.02163,29.36039,2.13433,3339.00113,501850.04366,477.44901,142.21111,2377.42804,781.92368,1.0,277.18936,1202.27097,168.95419,1774.56667,C25.a_9,937.13924,1985.18111,176.1842,99.15186,3934.99972,371.23333,1.0,1.0,192.2762,21516.40617,10.91463,5.05556,34.9415,12.37739,1.0,4.6597,3.02054,1.0,17.47435,C25.i_9
41057.96374,24677.52265,23353.39471,10651.52027,206340.91262,1380.83392,45.9242,10.41272,9020.92687,1500272.35385,1326.87504,500.52562,6495.48359,2239.41651,5.33492,1085.72239,359733.27063,2591.38565,5549.5284,C3.a_0,3829.29507,3053.98697,512.00732,292.89348,16366.32546,244.14444,1.0,1.0,220.44169,66815.61378,10.2,44.85718,26.15463,49.92556,1.0,45.62176,6907.77448,1.0,56.70112,C3.i_0
43981.01929,23300.52265,24130.95026,10105.74249,194629.30151,1307.16726,61.81309,14.89004,8369.42687,1438387.68718,1178.9306,529.74784,6017.87248,2534.3054,2.88984,1159.44462,505765.49285,2399.4412,5228.80618,C3.a_1,3624.73951,3065.26475,513.95176,279.79755,14531.54768,714.58889,1.0,1.0,235.71947,62291.28045,11.97778,57.91274,30.48997,64.48111,1.0,51.75887,6564.05226,1.0,91.9789,C3.i_1
39509.96374,21304.02265,21731.11693,10173.02027,189253.91262,971.94503,50.25754,5.06805,9164.20464,1404907.63162,1192.20838,407.58118,6634.20582,2249.58318,2.66826,972.38906,369212.88174,2389.05231,5316.0284,C3.a_2,3466.51729,2832.65363,475.17398,235.38346,13743.60324,829.64444,1.0,1.62816,201.5528,59403.336,10.97778,43.19052,28.59907,47.25889,1.0,31.24154,7661.05226,1.0,70.64556,C3.i_2
40973.51929,20479.80043,24026.56137,8921.40916,182491.63484,1362.44503,50.47976,14.40138,8308.2602,1371805.52051,986.54171,572.52562,4958.76137,1996.52762,3.55714,1137.66684,216599.27063,1809.10787,5369.86173,C3.a_3,3281.46173,2842.59808,501.00732,219.97939,12474.54768,449.42222,1.0,1.0,214.66392,56939.55823,8.97778,39.30163,32.9324,54.81445,1.0,38.62176,5175.60781,1.0,87.36778,C3.i_3
37128.46374,18683.41154,21969.7836,8606.07583,175885.80151,815.88948,46.03531,11.76874,8379.14909,1327417.29829,1008.98615,504.08118,5306.20582,1848.08318,3.8908,1016.88906,205840.32618,2007.38565,5208.69507,C3.a_4,3180.23951,2737.43141,413.56287,186.5905,13196.49212,689.7,1.0,1.62816,197.66392,55380.39156,11.31111,52.19052,30.26574,47.98111,1.0,24.01065,5975.83003,1.0,60.42334,C3.i_4
38780.46374,20234.85598,21641.50582,9029.90916,170162.80151,974.00059,45.25754,10.22337,7793.59353,1303225.18718,1055.81949,443.8034,5101.31693,2510.63873,4.39048,984.16684,555288.27063,2219.77454,4519.97285,C3.a_5,3229.85062,2734.37586,422.39621,186.96421,13475.93657,683.81111,1.0,1.0,205.44169,53250.39156,11.97778,43.91274,38.87685,45.70334,1.0,30.89954,6258.4967,1.0,64.03445,C3.i_5
39001.57485,20974.63376,22142.83915,9221.63138,173719.85706,1212.27837,57.47976,13.91272,7978.70464,1263912.96496,989.81949,497.63673,5351.81693,2171.3054,2.00095,1053.22239,385222.38174,1942.71898,4838.97285,C3.a_6,2572.23951,2802.20919,383.50732,124.38346,10218.65879,373.42222,1.0,1.0,225.99725,51756.72489,8.86667,38.74607,24.21018,54.09223,1.0,45.45509,1774.27448,1.0,104.4789,C3.i_6
37314.57485,17670.18932,21414.89471,8153.63138,165880.41262,750.1117,46.59087,18.76874,7656.81575,1210614.74274,898.31949,425.69229,4625.09471,1905.86096,3.55714,1082.22239,285113.9373,1811.66342,4590.41729,C3.a_7,2955.01729,2483.59808,401.17398,259.28237,12127.49212,521.36667,1.0,1.0,197.66392,50493.61378,10.53333,29.02385,30.59907,45.31445,1.0,28.67731,5636.33003,1.0,64.9789,C3.i_7
37159.46374,16188.30043,19231.7836,7476.68694,155275.07928,854.83392,37.47976,5.36736,7290.7602,1152510.46496,821.48615,464.63673,4157.98359,2076.58318,1.33365,1098.72239,335768.27063,1975.49676,4745.30618,C3.a_8,2843.01729,2517.87586,398.34065,97.91381,11283.82546,804.92222,1.0,1.0,191.77503,49078.66934,8.75556,28.46829,30.59907,44.64778,1.0,38.0662,4477.83003,1.0,73.20112,C3.i_8
32234.46374,15733.91154,17393.33915,7300.79805,142374.35706,851.00059,31.36865,3.03402,7084.20464,1100346.18718,800.4306,338.63673,4093.92804,1680.41651,1.6673,921.33351,255657.82618,1867.16342,4191.86173,C3.a_9,2722.90618,2490.59808,383.95176,80.43901,10667.82546,431.08889,1.0,1.62816,198.77503,47584.61378,10.64444,30.85718,23.32196,37.20334,1.0,36.35265,1409.71892,1.0,62.9789,C3.i_9
23204.08052,11122.29909,15253.84603,4113.63684,70911.58001,1095.73396,48.72937,29.89759,6332.89651,481343.72513,737.81949,383.73557,2587.59471,1048.44121,10.13911,447.44444,2132.16667,338.84619,4181.16523,C4.a_0,455.0224,162.9967,226.39241,2.98321,1559.12968,55.63615,1.0,1.0,56.13199,2946.78731,4.51611,6.28319,11.4,10.77778,1.0,2.88192,12.05391,1.0,38.06468,C4.i_0
21026.41385,10583.02131,15764.17936,4862.30351,72540.30223,1247.45618,51.61826,15.54852,6249.17429,458951.22513,741.26393,332.84668,2937.70582,966.21899,4.75853,377.16667,1896.11111,389.23508,4073.16523,C4.a_1,475.80018,121.55226,218.94797,1.99161,1497.96302,62.82864,1.0,1.77896,53.35421,2600.6762,3.72611,11.57621,14.41111,7.66667,1.0,2.57359,17.38669,1.0,29.56468,C4.i_1
19987.19163,10764.4102,16750.01269,4425.80351,66860.30223,1177.73396,50.06271,20.46452,5754.06318,440193.11402,647.65282,360.84668,2619.42804,946.27454,2.30009,387.44444,2232.11111,352.06842,4216.27634,C4.a_2,467.63351,71.05226,190.7813,1.0,1373.79635,100.47809,1.0,1.77896,51.79866,2385.34287,4.39278,7.60309,14.94444,9.22222,1.0,3.77081,8.16502,1.0,40.28691,C4.i_2
21192.24718,8839.57686,14668.73492,4573.02573,65123.85778,777.06729,47.61826,12.04852,4743.72985,423956.89179,572.4306,319.62446,2541.15026,944.16343,1.32502,354.88889,2334.33333,289.51286,3949.49856,C4.a_3,492.24463,115.44114,187.7813,1.99161,1444.96302,8.14084,1.0,1.0,56.2431,2128.45398,4.58,8.90774,9.28889,8.72222,1.0,3.01804,14.79501,1.0,28.73135,C4.i_3
18674.30274,10162.18797,17510.23492,5143.97018,67056.63556,1415.95618,50.61826,13.16533,5243.17429,412984.28068,533.70838,441.45779,2337.15026,887.21899,3.37227,409.22222,2464.05556,375.23508,3940.8319,C4.a_4,515.30018,136.71892,218.17019,34.91926,1643.40746,21.77308,1.0,1.77896,65.13199,1944.89842,5.28778,11.07441,14.02222,20.38889,1.0,3.83887,6.53612,1.0,53.45357,C4.i_4
19474.58052,8976.74353,16879.73492,5107.6924,65291.19112,1181.90062,46.39604,15.64826,4543.34096,406730.78068,559.59727,371.40223,1838.92804,845.77454,3.04724,386.55556,2198.38889,427.23508,3862.72078,C4.a_5,487.63351,115.38559,211.17019,53.96643,1521.51857,126.82003,1.0,1.77896,63.02088,1829.56509,3.20556,8.99197,15.11111,19.33333,1.0,4.72776,13.38669,1.0,48.23135,C4.i_5
19463.58052,8069.13242,15744.17936,5030.24795,63550.35778,1307.12285,49.28493,18.94879,3764.45207,398001.22513,481.26393,469.34668,1586.92804,914.66343,1.65004,391.61111,2037.0,448.23508,3638.3319,C4.a_6,473.41129,96.16337,176.17019,23.02198,1327.35191,10.84585,1.0,1.77896,57.35421,1735.00953,2.79611,5.47673,15.95556,9.83333,1.0,4.21525,17.8689,1.0,29.89802,C4.i_6
20394.46941,8813.18797,15659.17936,5298.74795,63504.02445,1272.51174,42.84048,22.59839,3799.2854,389179.28068,441.54171,425.29112,1891.03915,938.8301,1.32502,363.55556,2097.5,367.79064,3846.99856,C4.a_7,490.24463,105.16337,180.2813,12.79976,1316.18524,49.41393,1.0,1.0,47.79866,1619.39842,3.46889,7.31007,13.7,6.94444,1.0,2.19721,8.44224,1.0,24.058,C4.i_7
17630.63607,7974.96575,15109.40158,4916.41462,63726.30223,1479.73396,47.50715,15.54852,3906.11873,379876.61402,468.65282,417.68001,1994.26137,962.27454,2.30009,355.61111,2160.83333,368.84619,3651.16523,C4.a_8,450.41129,71.05226,166.72575,1.0,1318.24079,82.03365,1.0,1.0,61.02088,1520.43802,3.32278,5.11472,10.43333,10.5,1.0,1.75277,20.88724,1.0,26.99577,C4.i_8
17480.80274,8207.02131,16747.51269,5435.58129,63625.91334,1196.23396,47.84048,11.03146,4171.00762,369398.39179,511.81949,417.29112,1662.37248,900.66343,1.32502,365.5,2340.22222,455.73508,3945.10967,C4.a_9,432.30018,83.21892,140.2813,2.98321,1186.46302,7.70892,1.0,1.0,48.46532,1420.73176,2.50389,5.71239,6.35556,6.16667,1.0,3.2583,24.22002,1.0,20.49577,C4.i_9
49982.176,6890.88889,32372.51693,9166.97018,139480.11307,873.90577,62.98615,4.58465,2409.62332,545056.36435,174.12834,865.83333,791.31693,644.83333,1.83333,584.03631,2439.98448,1171.13452,4733.06933,C5.a_0,1149.20224,571.44444,939.6618,47.00444,2654.56209,1260.35021,1.15491,1.0,231.01121,9245.66284,23.96565,20.82711,103.97897,62.87,1.0,4.6597,72.33411,1.0,292.86173,C5.i_0
49086.28711,7162.11111,28916.85026,8795.52573,124965.89085,783.68355,59.76393,3.40259,2343.67887,513345.75324,192.57278,876.16667,845.42804,594.61111,1.0,555.09187,2176.42893,1495.80119,4494.40267,C5.a_1,1190.92446,614.05556,884.21736,70.32444,2841.6732,1176.40577,1.07746,1.0,271.12232,8831.16284,27.86879,21.14701,106.92342,71.98111,1.0,7.12218,38.26226,3.93907,300.36173,C5.i_1
43957.89822,4781.77778,27209.12804,8157.13684,124082.05751,625.7391,50.54171,2.18206,2513.23443,487637.41991,190.12834,839.5,811.48359,549.94444,1.83333,522.14742,1751.37337,1004.9123,4267.29156,C5.a_2,1147.20224,755.38889,771.77291,30.96667,2659.6732,1157.62799,1.0,1.0,247.56677,8500.55173,29.85454,21.84055,108.47897,60.87,1.0,5.48052,55.723,1.19176,243.36173,C5.i_2
43757.62044,5790.44444,27999.1836,7996.52573,117875.66862,611.46133,60.31949,5.68975,2034.73443,461755.30879,163.01723,770.72222,709.42804,538.0,2.66667,456.53631,1678.09559,892.63452,4237.84711,C5.a_3,1058.3689,655.27778,783.55069,37.9,2457.45098,775.51688,1.0,1.0,220.23343,8269.7184,25.4101,13.84055,96.75675,45.25889,1.0,6.35691,45.98448,1.95879,185.30618,C5.i_3
46221.84267,7734.61111,29230.57248,7151.30351,106543.11307,855.79466,52.65282,19.72053,2205.90109,446874.25324,182.73945,867.83333,686.48359,471.0,1.83333,459.14742,2154.92893,617.80119,3504.06933,C5.a_4,1231.42446,753.38889,962.27291,7.54889,2710.1732,1611.90577,1.0,1.0,230.01121,8112.10729,25.75768,19.39611,117.20119,50.03667,2.28331,14.5166,50.46151,14.78676,292.13951,C5.i_4
44750.676,6885.33333,28600.51693,6716.74795,99953.33529,759.01688,57.4306,15.05387,2273.95665,437050.03102,197.12834,879.5,819.03915,570.55556,1.83333,501.98076,1988.04004,788.24563,3952.06933,C5.a_5,1090.98001,504.88889,873.93958,48.44222,2629.56209,1168.07244,1.0,1.0,218.23343,7996.88506,20.07676,27.50722,93.8123,55.59223,1.0,10.47355,64.81781,1.19176,275.13951,C5.i_5
41167.34267,5901.88889,30190.1836,6993.02573,103783.39085,707.40577,64.20838,5.70514,2069.0122,427750.75324,146.795,747.11111,627.26137,585.94444,1.0,428.4252,2020.98448,677.02341,3814.56933,C5.a_6,1126.8689,485.72222,776.71736,41.3,2577.6732,1087.85021,1.0,1.0,224.34455,7891.7184,17.9799,24.72763,99.75675,49.25889,1.0,4.33887,79.01707,7.51435,230.13951,C5.i_6
40874.45378,7358.0,28423.07248,7484.35907,100240.27973,732.01688,62.98615,11.60774,2186.67887,416346.86435,163.90611,787.66667,617.98359,574.83333,1.83333,410.98076,2073.42893,818.07897,3641.56933,C5.a_7,962.75779,525.05556,746.93958,9.62222,2415.1732,1026.18355,1.0,1.4965,229.23343,7703.05173,21.10527,18.47854,81.09008,55.81445,1.0,7.49856,51.29485,1.0,265.30618,C5.i_7
39816.50933,6486.16667,27673.35026,6995.97018,94793.66862,724.07244,63.20838,3.37181,2193.0122,398710.30879,171.46167,831.22222,746.15026,470.11111,1.0,394.53631,2387.42893,603.63452,3451.01378,C5.a_8,954.20224,459.44444,796.1618,8.87555,2318.72875,1032.46133,1.0,1.0,204.78899,7540.27395,9.4101,19.95166,73.47897,56.31445,1.0,8.31939,46.14448,7.27241,260.41729,C5.i_8
37834.73155,5628.44444,27491.07248,6725.02573,89964.39085,752.85021,53.4306,9.22823,1915.0122,378980.41991,130.46167,760.5,680.26137,563.72222,1.0,397.36965,2271.15115,946.24563,3487.12489,C5.a_9,1007.70224,565.38889,701.38403,18.03555,2230.00653,818.90577,1.0,1.0,216.34455,7409.10729,25.07676,20.04753,88.97897,44.03667,1.0,2.12915,44.723,1.0,193.25062,C5.i_9
38872.07189,16006.42997,36927.73784,7225.97794,120041.62034,1590.73396,77.45859,7.78823,8212.2835,980004.41592,953.46628,645.26177,4361.8123,1124.46282,2.92497,1088.33333,2947.04004,792.27115,6261.61909,C6.a_0,842.41213,998.55556,622.96808,74.99583,3008.96476,1599.56729,1.0,1.0,235.33773,15301.85462,16.52297,31.7947,57.0071,53.83114,1.0,3.24001,47.66667,1.0,47.72684,C6.i_0
36674.84967,13377.92997,35557.96007,8862.97794,114540.78701,1226.95618,84.62526,12.4549,7898.22794,953976.52703,827.07739,647.81733,3721.20119,1191.07393,2.92497,1020.55556,2459.92893,726.99337,6090.45242,C6.a_1,821.68991,1080.5,480.13475,64.24085,2857.18699,174.74726,1.0,1.0,231.1155,14445.6324,19.63408,9.70713,53.89598,4.81365,1.0,4.29112,16.55556,1.0,53.4913,C6.i_1
34887.34967,11083.81885,30808.46007,6531.0335,113608.45367,1039.95618,67.01415,15.22227,7534.33905,907443.74926,902.24405,561.59511,4243.59008,876.68504,2.28331,831.83333,2151.09559,554.54893,5501.00798,C6.a_2,715.35658,1334.88889,421.63475,133.31632,2382.96476,117.24726,1.0,1.0,296.33773,13909.96574,24.52297,4.72903,61.95154,6.57086,1.0,5.29112,15.22222,1.0,31.88685,C6.i_2
35969.34967,11858.65219,29953.23784,6158.64461,117492.39812,814.06729,61.12526,19.62851,7479.45017,880857.36037,954.6885,486.484,4344.09008,815.46282,3.56662,744.27778,1413.59559,382.66004,5426.34131,C6.a_3,754.52324,1198.44444,458.74586,74.51574,2603.35365,364.88811,1.0,1.0,266.39328,13557.79907,19.63408,16.55059,56.45154,18.29309,1.0,3.18223,42.77778,1.0,32.82464,C6.i_3
31925.90522,13347.54108,31208.46007,7037.58905,101575.34256,762.51174,61.29193,3.20837,6866.95017,834987.30481,786.46628,543.65066,3527.53453,895.18504,1.0,748.33333,2586.87337,442.21559,4888.84131,C6.a_4,774.96769,1076.33333,546.24586,54.91458,2739.07588,1541.85368,1.0,1.0,245.6155,13185.18796,13.74519,29.2947,49.28487,30.49781,1.0,4.68445,31.0,1.0,40.04686,C6.i_4
30571.23856,12069.81885,29554.01562,7664.20016,92661.06478,754.56729,60.56971,13.79518,6400.39461,801394.36037,700.63294,533.81733,3169.59008,966.07393,1.0,820.33333,2365.7067,445.60448,5004.45242,C6.a_5,695.85658,1105.61111,465.30142,111.32916,2310.35365,594.7856,1.0,1.0,265.55995,12686.1324,20.07852,10.61957,51.22932,18.45975,2.66667,4.04667,43.05556,1.0,32.65797,C6.i_5
30265.73856,9500.37441,27848.40451,5717.47794,91394.12034,896.06729,49.90304,5.4549,6066.11683,781434.80481,784.91072,496.984,3288.3123,857.96282,1.0,715.22222,1972.2067,409.82671,4669.7302,C6.a_6,710.52324,1197.66667,396.02364,78.72801,2457.07588,645.19562,1.0,1.0,251.1155,12182.02129,16.74519,11.55224,52.78487,18.19947,1.83333,2.76667,24.22222,1.0,21.66463,C6.i_6
28866.29411,9659.20774,26811.01562,5327.25572,93048.56478,863.34507,58.12526,15.86809,5289.39461,754836.80481,686.63294,449.20622,3089.03453,746.79615,1.0,676.55556,2103.31781,461.16004,4914.11909,C6.a_7,651.0788,1162.27778,287.80142,143.45312,2422.18699,46.982,1.0,1.0,246.22662,11719.85462,20.52297,1.93267,57.78487,2.45669,1.0,4.34446,7.72222,1.0,17.4913,C6.i_7
29063.23856,10066.31885,27473.7934,7170.14461,91346.67589,892.1784,45.01415,8.69447,5608.11683,732221.36037,684.52183,471.65066,3041.47897,860.01837,1.0,707.33333,2152.65115,294.10448,4778.56353,C6.a_8,723.13435,966.55556,441.80142,104.98298,2340.02032,721.84976,1.0,1.0,218.55995,11399.6324,16.52297,11.93101,50.0071,24.72003,1.0,4.99112,8.66667,1.0,27.32464,C6.i_8
27810.12745,10143.15219,24504.2934,5435.81128,91865.84256,732.12285,47.79193,6.27433,5202.06128,706273.30481,666.91072,422.87288,3019.25675,688.57393,1.0,629.83333,2068.87337,311.82671,4316.84131,C6.a_9,651.35658,976.55556,445.02364,126.35196,2112.85365,907.2856,1.0,1.0,244.50439,11042.79907,16.30074,19.96302,48.34043,27.55337,1.0,6.98668,39.16667,1.0,24.62238,C6.i_9
1.0,1.0,1.0,1.0,1.0,1.0,1.0,1.0,1.0,1.0,1.0,1.0,1.0,1.0,1.0,1.0,1.0,1.0,1.0,C7.a_0,1.0,1.0,1.0,1.0,1.0,1.0,1.0,1.0,1.0,1.0,1.0,1.0,1.0,1.0,1.0,1.0,1.0,1.0,1.0,C7.i_0
1.0,1.0,1.0,1.0,1.0,1.0,1.0,1.0,1.0,1.0,1.0,1.0,1.0,1.0,1.0,1.0,1.0,1.0,1.0,C7.a_1,1.0,1.0,1.0,1.0,1.0,1.0,1.0,1.0,1.0,1.0,1.0,1.0,1.0,1.0,1.0,1.0,1.0,1.0,1.0,C7.i_1
1.0,1.0,1.0,1.50464,1.0,1.0,1.0,1.0,1.0,1.0,1.0,1.0,1.0,1.0,1.0,1.0,1.0,1.0,1.0,C7.a_2,1.0,1.0,1.0,1.0,1.0,1.0,1.0,1.0,1.0,1.0,1.0,1.0,1.0,1.0,1.0,1.0,1.0,1.0,1.0,C7.i_2
1.0,1.0,1.0,1.0,1.0,1.0,1.0,1.0,1.0,1.0,1.0,1.0,1.0,1.0,1.0,1.0,1.0,1.0,1.0,C7.a_3,1.0,1.0,1.0,1.0,1.0,1.0,1.0,1.0,1.0,1.0,1.0,1.0,1.0,1.0,1.0,1.0,1.0,1.0,1.0,C7.i_3
1.0,1.0,1.0,1.0,1.0,1.0,1.0,1.0,1.0,1.0,1.0,1.0,1.0,1.0,1.0,1.0,1.0,1.0,1.0,C7.a_4,1.0,1.0,1.0,1.0,1.0,1.0,1.0,1.0,1.0,1.0,1.0,1.0,1.0,1.0,1.0,1.0,1.0,1.0,1.0,C7.i_4
1.0,1.0,1.0,1.0,1.0,1.0,1.0,1.0,1.0,1.0,1.0,1.0,1.0,1.0,1.0,1.0,1.0,1.0,1.0,C7.a_5,1.0,1.0,1.0,1.0,1.0,1.0,1.0,1.0,1.0,1.0,1.0,1.0,1.0,1.0,1.0,1.0,1.0,1.0,1.0,C7.i_5
1.0,1.0,1.0,1.0,1.0,1.0,1.0,1.0,1.0,1.0,1.0,1.0,1.0,1.0,1.0,1.0,1.0,1.0,1.0,C7.a_6,1.0,1.0,1.0,1.0,1.0,1.0,1.0,1.0,1.0,1.0,1.0,1.0,1.0,1.0,1.0,1.0,1.0,1.0,1.0,C7.i_6
1.0,1.0,1.0,1.0,1.0,1.0,1.0,1.0,1.0,1.0,1.0,1.0,1.0,1.0,1.0,1.23406,1.0,1.0,1.0,C7.a_7,1.0,1.0,1.0,1.0,1.0,1.0,1.0,1.0,1.0,1.0,1.0,1.0,1.0,1.0,1.0,1.0,1.0,1.0,1.0,C7.i_7
1.0,1.0,1.0,1.0,1.0,1.0,1.0,1.0,1.0,1.0,1.0,1.0,1.0,1.0,1.0,1.23406,1.0,1.0,1.0,C7.a_8,1.0,1.0,1.0,1.0,1.0,1.0,1.0,1.0,1.0,1.0,1.0,1.0,1.0,1.0,1.0,1.0,1.0,1.0,1.0,C7.i_8
1.0,1.0,1.0,1.0,1.0,1.0,1.0,1.0,1.0,1.0,1.0,1.0,1.0,1.0,1.0,1.0,1.0,1.0,1.0,C7.a_9,1.0,1.0,1.0,1.0,1.0,1.0,1.0,1.0,1.0,1.0,1.0,1.0,1.0,1.0,1.0,1.0,1.0,1.0,1.0,C7.i_9
1.0,1.0,1.0,1.0,1.0,1.0,1.0,1.0,1.0,1.0,1.0,1.0,1.0,1.0,1.0,1.0,1.0,1.0,1.0,C8.a_0,1.0,1.0,1.0,1.0,1.0,1.0,1.0,1.0,1.0,1.0,1.0,1.0,1.0,1.0,1.0,1.0,1.0,1.0,1.0,C8.i_0
1.0,1.0,1.0,1.0,1.0,1.0,1.0,1.0,1.0,1.0,1.0,1.0,1.0,1.0,1.0,1.0,1.0,1.0,1.0,C8.a_1,1.0,1.0,1.0,1.0,1.0,1.0,1.0,1.0,1.0,1.0,1.0,1.0,1.0,1.0,1.32502,1.0,1.0,1.0,1.0,C8.i_1
1.0,1.0,1.0,1.0,1.0,1.0,1.0,1.0,1.0,1.0,1.0,1.0,1.0,1.0,1.0,1.0,1.0,1.0,1.0,C8.a_2,1.0,1.0,1.0,1.0,1.0,1.0,1.0,1.0,1.0,1.0,1.0,1.0,1.0,1.0,1.0,1.0,1.0,1.0,1.0,C8.i_2
1.0,1.0,1.0,1.0,1.0,1.0,1.0,1.0,1.0,1.0,1.0,1.0,1.0,1.0,1.43556,1.0,1.0,1.0,1.0,C8.a_3,1.0,1.0,1.0,1.0,1.0,1.0,1.0,1.0,1.0,1.0,1.0,1.0,1.0,1.0,1.32502,1.0,1.0,1.0,1.0,C8.i_3
1.0,1.0,1.0,1.0,1.0,1.0,1.0,1.0,1.0,1.0,1.0,1.0,1.0,1.0,1.0,1.0,1.0,1.0,1.0,C8.a_4,1.0,1.0,1.0,1.0,1.0,1.0,1.0,1.0,1.0,1.0,1.0,1.0,1.0,1.01621,1.0,1.0,1.0,1.0,1.0,C8.i_4
1.0,1.0,1.0,1.0,1.0,1.0,1.0,1.0,1.0,1.0,1.0,1.0,1.0,1.0,1.10889,1.0,1.0,1.0,1.0,C8.a_5,1.0,1.0,1.0,1.0,1.0,1.0,1.0,1.0,1.0,1.0,1.0,1.0,1.0,1.0,1.0,1.0,1.0,1.0,1.0,C8.i_5
1.0,1.0,1.0,1.0,1.0,1.0,1.0,1.0,1.0,1.0,1.0,1.0,1.0,1.0,1.32667,1.0,1.0,1.0,1.0,C8.a_6,1.0,1.0,1.0,1.0,1.0,1.0,1.0,1.0,1.0,1.0,1.0,1.0,1.0,1.0,1.65004,1.0,1.0,1.0,1.0,C8.i_6
1.0,1.0,1.0,1.0,1.0,1.0,1.0,1.0,1.0,1.0,1.0,1.0,1.0,1.0,1.0,1.0,1.0,1.0,1.0,C8.a_7,1.0,1.0,1.0,1.0,1.0,1.0,1.0,1.0,1.0,1.0,1.0,1.0,1.0,1.0,1.0,1.0,1.0,1.0,1.0,C8.i_7
1.0,1.0,1.0,1.0,1.0,1.0,1.0,1.0,1.0,1.0,1.0,1.0,1.0,1.0,1.0,1.0,1.0,1.0,1.0,C8.a_8,1.0,1.0,1.0,1.0,1.0,3.29817,1.0,1.0,1.0,1.0,1.0,1.0,1.0,1.0,1.97507,1.0,1.0,1.22189,1.0,C8.i_8
1.0,1.0,1.0,1.0,1.0,1.0,1.0,1.0,1.0,1.0,1.0,1.0,1.0,1.0,1.0,1.0,1.0,1.0,1.0,C8.a_9,1.0,1.0,1.0,1.0,1.0,1.0,1.0,1.0,1.0,1.0,1.0,1.0,1.0,1.0,1.65004,1.0,1.0,1.0,1.0,C8.i_9
1.0,1.0,1.0,1.0,1.0,1.0,1.0,1.0,1.0,20.11412,1.0,1.0,1.0,1.0,1.0,1.0,1.0,1.0,1.0,C9.a_0,1.0,1.0,1.0,1.0,1.0,1.0,1.0,1.0,1.0,10.07768,1.0,1.0,1.0,1.0,1.0,1.31791,1.0,1.0,1.0,C9.i_0
1.0,1.0,1.0,1.0,1.0,1.0,1.0,1.0,1.0,20.11412,1.0,1.0,1.0,1.0,1.0,1.0,1.0,1.0,1.0,C9.a_1,1.0,1.0,1.0,1.0,1.0,1.0,1.0,1.0,1.0,9.06905,1.0,1.0,1.0,1.0,1.0,1.0,1.0,1.0,1.0,C9.i_1
1.0,1.14155,1.0,1.0,1.0,1.0,1.0,1.0,1.0,9.49516,1.0,1.0,1.0,1.0,1.10889,1.0,1.0,1.0,1.0,C9.a_2,1.0,1.0,1.0,1.0,1.0,1.0,1.0,1.0,1.0,1.0,1.0,1.0,1.0,1.0,1.0,1.0,1.0,1.0,1.0,C9.i_2
1.0,1.0,1.0,1.0,1.0,1.0,1.0,1.0,1.0,1.0,1.0,1.0,1.0,1.0,1.0,1.0,1.0,1.0,1.0,C9.a_3,1.0,1.0,1.0,1.0,1.0,1.0,1.0,1.0,1.0,1.0,1.0,1.0,1.0,1.0,1.0,1.0,1.0,1.0,1.0,C9.i_3
1.0,1.2831,1.0,1.0,1.0,1.0,1.0,1.0,1.0,1.0,1.0,1.0,1.0,1.0,1.0,1.0,1.0,1.0,1.0,C9.a_4,1.0,1.0,1.0,1.0,1.0,1.0,1.0,1.0,1.0,1.0,1.0,1.0,1.0,1.0,1.0,1.0,1.0,1.0,1.0,C9.i_4
1.0,1.0,1.0,1.0,1.0,1.0,1.0,1.0,1.0,1.0,1.0,1.0,1.0,1.0,1.0,1.0,1.0,1.0,1.0,C9.a_5,1.0,1.0,1.0,1.0,1.0,1.0,1.0,1.0,1.0,1.0,1.0,1.0,1.0,1.0,1.0,1.0,1.0,1.0,1.0,C9.i_5
1.0,1.0,1.0,1.0,1.0,1.0,1.0,1.0,1.0,1.0,1.0,1.0,1.0,1.0,1.0,1.0,1.0,1.0,1.0,C9.a_6,1.0,1.0,1.0,1.0,1.0,1.0,1.0,1.0,1.0,1.0,1.0,1.0,1.0,1.0,1.0,1.0,1.0,1.0,1.0,C9.i_6
1.0,1.0,1.0,1.0,1.0,1.0,1.0,1.0,1.0,1.0,1.0,1.0,1.0,1.0,1.0,1.0,1.0,1.0,1.0,C9.a_7,1.0,1.0,1.0,1.0,1.0,1.0,1.0,1.0,1.0,1.0,1.0,1.0,1.0,1.0,1.0,1.0,1.0,1.0,1.0,C9.i_7
1.0,1.0,1.0,1.0,1.0,1.0,1.0,1.0,1.0,1.0,1.0,1.0,1.0,1.0,1.10889,1.0,1.0,1.0,1.0,C9.a_8,1.0,1.14155,1.0,1.0,1.0,1.0,1.0,1.0,1.0,1.0,1.0,1.0,1.0,1.0,1.0,1.0,1.0,1.0,1.0,C9.i_8
1.0,1.0,1.0,1.0,1.0,1.0,1.0,1.0,1.0,1.0,1.0,1.0,1.0,1.0,1.0,1.0,1.0,1.0,1.0,C9.a_9,1.0,1.14155,1.0,1.0,1.0,1.0,1.0,1.0,1.0,1.0,1.0,1.0,1.0,1.0,1.0,1.0,1.0,1.0,1.0,C9.i_9
28458.44143,29619.97668,61239.00318,1286.47586,128857.07855,532.27778,15.69621,1.08062,4939.45196,281705.86339,6.60673,285.85895,71.33333,1658.69826,2.66667,660.53803,1190.54205,203.47385,19207.49566,D1.a_0,1253.21407,219.10396,401.63627,1.0,3457.7559,1.0,1.0,1.0,117.53098,1135.83163,1.0,1.0,1.0,1.0,1.0,1.0,1.0,1.0,130.6624,D1.i_0
26936.33032,27525.75445,56689.39207,922.86475,121067.41188,530.16667,17.25176,2.6504,4608.22974,260814.58561,8.356,265.74784,65.83333,1496.08714,1.83333,615.09358,983.54205,192.30718,18264.16232,D1.a_1,1764.43629,219.82618,366.02516,1.0,4884.08924,1.0,1.0,1.0,91.64209,1025.72052,1.0,1.0,1.0,1.0,1.0,1.0,1.0,1.0,137.38462,D1.i_1
25137.66365,26600.75445,55191.11429,1519.08697,116775.68966,380.05556,18.5851,8.48374,4448.56307,246269.9745,9.14803,273.97007,67.5,1439.19826,37.11111,721.09358,2092.65317,217.02941,17591.60677,D1.a_2,2116.65851,194.88174,341.52516,1.0,5575.92257,1.0,1.0,1.0,91.19764,852.72052,1.0,1.0,1.0,1.0,1.0,1.0,1.0,1.0,147.60685,D1.i_2
24738.66365,24973.92112,52073.39207,1243.03142,110187.07855,437.61111,14.47398,8.16125,4051.17418,230349.30783,8.24489,237.97007,77.94444,1507.53159,35.55556,656.98247,1656.65317,180.30718,17424.66232,D1.a_3,2016.71407,220.9373,301.19183,1.0,5801.97813,1.0,1.0,1.0,85.08653,700.4983,1.0,1.0,1.0,1.0,1.0,1.0,1.0,1.0,176.82907,D1.i_3
23352.21921,23788.42112,49070.05874,1046.92031,101006.35633,402.66667,15.25176,1.08062,3704.50751,219664.64116,7.77194,226.74784,62.38889,1589.75381,20.66667,622.42692,1305.65317,190.9183,17716.16232,D1.a_4,1892.26962,180.65952,297.8585,1.0,5348.08924,1.0,1.0,1.0,78.97542,663.83163,1.0,1.0,1.0,1.0,1.0,1.0,1.0,1.0,139.99573,D1.i_4
20643.27476,22551.81001,48283.2254,1172.97586,98527.24522,289.77778,21.36287,8.24187,3674.11862,207798.4745,13.10527,228.47007,53.66667,1495.80937,11.33333,577.14914,1364.70872,206.08496,16043.4401,D1.a_5,1196.10296,182.77063,280.41405,1.0,3531.03368,1.0,1.0,1.0,89.53098,548.4983,1.0,1.0,1.0,1.0,1.0,1.0,1.0,1.0,133.1624,D1.i_5
19984.77476,21203.03223,46781.16985,938.47586,95755.91188,417.16667,17.69621,3.81707,3491.06307,199947.36339,9.59248,239.63673,45.27778,1638.36492,18.22222,630.03803,1245.04205,167.9183,16601.4401,D1.a_6,1521.0474,173.65952,241.69183,1.0,4002.7559,1.0,1.0,1.0,78.19764,412.16496,1.0,1.0,1.0,1.0,1.0,1.0,1.0,1.0,145.21796,D1.i_6
21069.44143,22316.75445,47678.78096,1033.86475,95826.023,487.0,13.69621,1.16125,3478.22974,190801.86339,5.54971,203.97007,58.44444,1563.58714,10.38889,583.59358,1388.54205,184.08496,17249.66232,D1.a_7,848.49184,161.32618,254.24738,1.0,2734.47813,1.0,1.0,1.0,73.08653,366.2671,1.0,1.0,1.0,1.0,1.0,1.0,1.0,1.0,155.71796,D1.i_7
17997.49698,20052.53223,43847.50318,1013.08697,88365.57855,423.27778,12.25176,1.0,3296.84085,180831.80783,8.52121,196.85895,75.05556,1529.1427,1.0,521.14914,1262.76428,191.97385,17158.10677,D1.a_8,1176.76962,162.49285,278.74738,1.0,3642.42257,1.0,1.0,1.0,73.53098,314.80713,1.0,1.0,1.0,1.0,1.0,1.0,1.0,1.0,138.88462,D1.i_8
17601.44143,19615.53223,42289.00318,825.08697,84484.85633,386.27778,13.80732,1.24187,3120.78529,172567.86339,4.66083,198.58118,51.66667,1375.47603,23.33333,575.92692,1471.9865,187.19607,15345.88454,D1.a_9,1032.88073,146.21507,189.46961,1.0,3027.92257,6.29794,1.0,1.0,65.30876,242.95827,1.0,1.0,1.0,1.0,1.0,1.0,1.0,1.0,119.6624,D1.i_9
105115.60837,66986.9102,14015.49514,567.98795,521185.29581,1832.14232,22.05748,1.0,4663.43898,97812.19154,201.29183,9214.75511,1616.73946,1784.37,1.79648,1761.5,1067.54841,920.07971,4874.73784,D10.a_0,704.18906,152.2563,141.14873,1.0,1897.83564,1014.1767,1.0,1.0,55.70521,940.17384,1.0,106.47727,19.56147,2.00929,1.0,4.02222,4.03557,1.0,42.06127,D10.i_0
101133.55282,63304.46575,12153.49514,397.93239,488526.46247,1464.08676,19.72415,1.0,4426.49454,94033.24709,188.84739,8654.53289,1481.6839,1733.25889,5.77437,1754.11111,985.4373,883.24637,4527.68229,D10.a_1,917.02239,162.2563,185.8154,1.0,2266.16897,646.23225,1.16667,1.0,64.92744,840.7294,1.03782,118.75505,18.89559,1.02432,1.0,6.24444,3.77668,1.0,45.56127,D10.i_1
96057.77504,58061.35464,12575.88403,444.37684,457726.1847,1967.97565,15.05748,2.06657,4351.38343,91141.74709,198.40294,8048.19955,1357.07279,1693.70334,4.79307,1623.22222,849.65952,879.96859,4520.7934,D10.a_2,655.96684,122.7563,137.59317,1.0,1810.28008,562.12114,1.0,1.0,52.26077,693.89606,1.03782,108.03282,16.84003,1.12732,1.0,5.08889,43.79446,1.0,34.45016,D10.i_2
92644.88615,57066.63242,12323.21736,534.76573,451425.74025,1236.19787,17.16859,5.26627,4198.27232,87656.13598,189.9585,8047.08844,1383.29501,1591.37,1.47789,1634.55556,1010.21507,838.85748,4270.90451,D10.a_3,635.91128,111.70075,154.70428,1.0,1758.44675,687.39892,1.0,1.0,69.48299,589.51255,1.0,115.64393,11.61584,1.02432,1.0,11.68889,3.77668,1.0,33.50571,D10.i_3
90924.21948,57203.29909,14028.77291,410.93239,443649.96247,1829.9201,19.39082,15.16566,4123.6612,84033.63598,182.84739,8002.25511,1460.46168,1622.48111,2.11507,1704.05556,1035.99285,911.91304,4695.2934,D10.a_4,722.07795,199.42297,169.14873,1.0,2037.05786,800.78781,1.0,1.99299,62.03855,542.00717,1.0,113.53282,13.67219,1.23843,1.0,13.17778,1.51779,1.0,41.17238,D10.i_4
88298.49726,55331.74353,11603.05069,439.21017,443541.24025,930.03121,18.27971,2.06657,3828.77232,80113.13598,175.40294,7689.81066,1321.23946,1490.92556,1.79648,1542.22222,1039.10396,812.02415,4044.07118,D10.a_5,602.52239,391.70075,163.70428,1.0,1768.72453,566.28781,1.27778,1.0,75.70521,474.11828,1.0,134.75505,22.00631,1.80209,1.0,9.88889,2.90612,1.0,48.2307,D10.i_5
86046.10837,53295.68797,10465.43958,384.52257,424856.90692,1180.64232,12.83526,6.63313,3838.49454,77679.19154,177.06961,7353.75511,1379.29501,1487.20334,4.56689,1498.11111,770.54841,721.91304,3667.18229,D10.a_6,526.68906,101.47853,158.75984,1.0,1513.94675,393.6767,1.0,1.0,65.5941,412.18728,1.0,110.14393,13.56107,3.00118,1.0,2.95556,3.29446,1.0,26.61682,D10.i_6
83372.4417,50916.79909,10699.71736,353.05719,409177.46247,820.97565,17.27971,1.0,3541.49454,75838.41376,167.06961,7000.03289,1312.23946,1401.14778,3.41496,1354.16667,795.4373,737.02415,3696.7934,D10.a_7,486.35573,110.7563,115.92651,1.0,1387.8912,1069.62114,1.0,1.0,74.26077,374.06273,1.0,141.69949,15.72853,1.19217,1.0,9.35556,3.64723,1.0,37.61682,D10.i_7
81442.33059,49642.85464,11854.32847,463.89052,400541.6847,1119.03121,16.39082,1.0,3520.60565,73622.91376,160.40294,7081.69955,1219.6839,1418.53667,1.79648,1430.05556,1137.21507,800.41304,4121.07118,D10.a_8,509.18906,85.14877,117.8154,1.0,1411.94675,411.78614,1.0,1.0,51.37188,368.95431,1.0,92.03282,16.00552,1.58798,1.0,4.64444,28.44334,1.0,27.01125,D10.i_8
80321.10837,48249.4102,10207.88403,364.48795,395515.6847,493.82268,12.72415,1.0,3475.10565,72326.13598,171.9585,6744.08844,1190.07279,1302.92556,3.25567,1303.05556,723.21507,684.91304,3610.62673,D10.a_9,546.1335,155.20075,132.03762,1.0,1674.61342,1054.98928,1.16667,1.0,74.70521,327.73746,1.0,140.58838,12.17179,2.39007,1.0,3.57778,3.29446,1.0,46.17238,D10.i_9
18324.92859,5547.51735,47792.68861,346.31572,38158.42428,71.87083,79.4715,6.59471,3392.8378,888407.072,170.35516,2368.85895,3641.33038,801.63817,2.65693,213.4064,317.47242,8473.67018,56411.23286,D100.a_0,355.16776,32.60781,217.80476,1.0,448.71204,39.72222,1.05556,1.95589,5.60741,4625.89741,1.21626,31.94334,7.38889,2.61111,1.0,1.0,3.1005,14.09018,291.56619,D100.i_0
15081.98414,4242.35069,46930.74417,214.81572,32311.20206,71.29662,81.13817,13.12627,2627.06003,725909.12756,135.13294,1955.91451,2949.99705,635.41595,1.0,183.73974,239.30576,5891.22574,57342.78842,D100.a_1,365.22332,30.55226,206.47143,1.0,467.87871,52.22222,1.11111,1.0,4.58413,4048.95296,1.10813,26.66557,7.33333,2.88889,1.0,1.23406,1.0,11.76266,282.23286,D100.i_1
13372.42859,3773.68402,46134.52195,354.14905,29927.59095,97.48204,94.24928,20.82451,1984.17114,628004.84978,95.79961,1592.85895,2450.83038,662.86039,1.66277,156.51752,278.91687,3732.3924,65017.06619,D100.a_2,334.50109,16.35002,179.02699,1.0,395.15649,1.0,1.0,1.0,2.60741,3629.23074,1.0,15.05446,5.94444,2.22222,1.0,2.63842,4.1005,8.98953,247.28842,D100.i_2
13509.42859,3784.07291,44065.5775,276.64905,28574.09095,112.98194,74.13817,9.16226,1787.94891,589608.79423,92.57739,1493.13673,2162.9415,606.13817,1.33139,183.07307,296.58354,3273.28129,60612.12175,D100.a_3,383.94554,21.8678,185.91588,1.0,449.82315,83.05556,1.0,1.23897,4.64233,3293.73074,1.0,25.4989,5.11111,2.05556,1.0,1.23406,1.0,8.54509,236.84397,D100.i_3
12754.15081,3598.68402,44497.24417,240.70461,28604.36873,56.16706,70.80484,6.82892,1823.39336,563339.90534,99.35516,1518.91451,2117.60816,576.08261,1.0,173.57307,269.97242,4011.3924,53585.39953,D100.a_4,434.83443,21.92336,210.58254,1.0,553.93426,50.0,1.0,1.0,4.27408,3047.23074,1.0,18.72112,4.66667,1.72222,1.0,1.23406,1.0,7.92933,195.06619,D100.i_4
11630.31747,3438.68402,47232.02195,149.65101,24430.59095,121.5745,71.4715,2.8649,1741.06003,531624.23867,97.79961,1381.41451,2113.66372,575.19373,1.0,160.29529,327.2502,3539.55907,51701.73286,D100.a_5,462.66776,25.90502,170.47143,1.0,645.54538,107.61111,1.0,1.0,2.70688,2868.73074,1.0,21.82612,4.61111,1.38889,1.0,3.03552,1.0,7.98721,213.39953,D100.i_5
11738.20636,3230.12846,47101.68861,211.8167,26289.36873,178.33382,68.24928,1.93245,1539.89336,518572.40534,85.46628,1454.63673,2029.55261,549.4715,1.0,156.12863,604.63909,3217.8924,55827.84397,D100.a_6,395.05665,12.81225,181.1381,1.0,527.43426,21.38889,1.0,1.0,3.46138,2669.34185,1.0,15.36945,3.11111,1.5,1.0,1.91257,1.0,2.6562,178.51064,D100.i_6
11507.5397,3127.23958,41551.29972,112.65297,25113.97984,51.31527,66.24928,4.03157,1603.67114,502137.29423,81.91072,1356.74784,1911.33038,544.24928,1.0,158.35085,303.58354,3770.8924,46270.39953,D100.a_7,382.77887,11.81225,170.24921,1.0,560.37871,87.11111,1.0,1.47795,4.2508,2559.56407,1.0,20.72112,3.33333,1.16667,1.0,1.0,1.0,5.16085,184.01064,D100.i_7
9881.42859,2651.57291,40660.63306,30.65786,23921.14651,31.66686,57.91595,5.66226,1350.67114,481534.18311,70.24405,1174.35895,1597.21927,484.69373,1.0,122.51752,307.47242,3253.50352,45928.34397,D100.a_8,508.50109,8.60891,176.91588,1.0,685.98982,25.55556,1.0,1.0,2.21588,2449.11963,1.0,25.83223,7.0,1.05556,1.0,2.82513,1.0,4.21525,137.23286,D100.i_8
11358.5397,3099.62846,45888.74417,92.48532,23778.36873,134.48204,62.69373,10.56314,1492.94891,464213.23867,74.02183,1325.19229,1631.27483,497.02706,4.60527,130.57307,245.08354,3237.05907,46256.73286,D100.a_9,391.6122,6.29446,188.36032,1.0,540.82315,195.77778,1.0,1.0,3.75979,2292.11963,1.0,24.27668,4.0,1.88889,1.0,1.0,1.15606,3.10762,172.39953,D100.i_9
12431.75306,14391.27097,30427.88005,517.17919,134867.84199,2172.73396,79.03667,161.58296,981.1704,325045.07779,79.14778,744.01335,1038.71018,254.0359,1.0,950.38889,344.77097,55.29665,4903.58251,D11.a_0,417.70114,194.62997,108.18985,1.0,1587.30956,471.1784,1.0,1.0,16.61251,5263.47049,1.55458,11.75334,18.602,1.33452,1.0,1.00303,1.0,1.0,43.55834,D11.i_0
11749.53083,13778.32653,28229.21338,772.62363,125064.34199,1212.78951,82.14778,166.30518,944.44818,312691.63334,96.37,703.18001,951.4324,261.5359,1.0,890.33333,363.60431,50.74109,4860.80473,D11.a_1,415.97891,158.35219,122.96762,1.0,1606.64289,399.1784,1.10074,1.0,17.5014,4996.13716,1.44396,20.88652,21.43533,1.27896,1.0,1.0,1.0,1.0,40.44723,D11.i_1
10635.80861,12612.10431,24943.10227,875.7903,113408.00866,927.01174,68.59223,122.86074,880.44818,294018.63334,76.37,598.51335,903.09907,255.14701,2.32471,701.77778,250.77097,40.29665,4288.13806,D11.a_2,410.3678,143.12997,100.96762,1.0,1631.19845,259.62285,1.0,1.0,18.27918,4696.97049,1.0,10.17572,20.49089,2.42249,1.0,2.33636,1.0,1.0,43.66945,D11.i_2
10223.75306,12349.27097,26567.99116,736.51252,109696.73088,1222.90062,69.48111,133.24963,861.94818,278879.6889,78.37,565.45779,886.71018,278.25813,2.32471,785.55556,298.21542,43.96332,4182.86029,D11.a_3,397.20114,182.62997,119.96762,1.0,1488.36512,440.45618,1.20149,1.0,19.39029,4340.30382,1.0,7.66509,20.43533,1.37504,1.0,2.33636,1.80074,1.0,37.89167,D11.i_3
11010.1975,12965.9932,29491.99116,669.40141,117395.84199,1208.51174,81.48111,224.74963,853.39262,265398.96668,84.03667,726.73557,892.9324,235.5359,1.0,1006.38889,348.60431,80.62998,4688.30473,D11.a_4,362.70114,121.85219,94.30096,1.0,1315.14289,360.1784,1.0,1.0,21.83473,4062.19271,1.0,8.89874,17.34633,1.07295,1.0,1.44747,2.60149,1.0,34.44723,D11.i_4
10478.53083,12380.71542,28098.76894,671.84586,109500.34199,1259.84507,81.48111,232.80518,803.83707,256071.1889,75.03667,699.95779,926.76574,242.86924,1.0,1097.27778,383.21542,80.8522,4808.19362,D11.a_5,358.53447,142.07441,85.63429,1.0,1365.19845,382.78951,1.0,1.0,18.05696,3931.24827,1.0,10.30969,12.75733,1.7234,1.0,1.00404,1.0,1.0,42.11389,D11.i_5
9911.47528,12296.93764,29877.82449,628.12363,104581.34199,1206.34507,88.14778,214.13852,802.72595,244089.30001,71.14778,651.29112,817.98796,234.64701,1.0,1059.61111,298.10431,73.51887,4361.02695,D11.a_6,351.70114,133.01886,77.41207,1.0,1405.30956,517.86228,1.0,1.0,11.27918,3773.69271,1.0,8.47636,11.69044,1.13543,1.0,1.00202,1.0,1.0,29.05834,D11.i_6
8759.91972,10821.82653,28590.54672,537.7903,96966.56421,1060.62285,72.25889,184.86074,752.94818,231902.02223,65.70334,590.29112,731.48796,262.09146,1.0,949.05556,465.71542,65.3522,4066.9714,D11.a_7,337.25669,83.68552,65.30096,1.0,1182.80956,318.20422,1.10074,1.0,13.83473,3642.5816,1.11087,11.9535,15.657,1.05674,1.0,1.00202,1.0,1.0,34.05834,D11.i_7
9393.53083,11815.10431,30515.26894,550.62363,98922.00866,1562.01174,80.92556,231.74963,799.55929,225867.52223,70.37,609.62446,767.87685,249.25813,1.0,1170.38889,341.60431,79.3522,4440.91584,D11.a_8,307.81225,113.41182,79.18985,1.0,1086.80956,265.62285,1.0,1.0,14.94585,3553.30382,1.55483,13.96414,9.924,1.03242,1.0,1.00202,1.80074,1.0,41.16945,D11.i_8
9226.1975,11202.10431,28245.15783,543.06808,95452.56421,1056.34507,78.59223,178.97185,762.94818,221584.24445,64.92556,593.79112,715.9324,191.64701,1.0,1082.16667,436.77097,67.3522,4099.69362,D11.a_9,378.3678,109.90775,78.18985,1.0,1350.08734,97.01643,1.0,1.0,18.05696,3448.74827,1.0,10.34239,11.657,1.02432,1.0,1.0,1.0,1.0,25.44723,D11.i_9
11485.93881,8514.62846,81171.6252,1906.10196,69282.70393,1616.52163,14.4615,3073.32222,550.13434,31277.39978,7.609,175.90291,64.22222,855.83333,1.0,1030.92502,420.73958,55.31605,3570.01562,D12.a_0,611.22595,177.9967,1358.41677,1.0,2707.74112,208.1784,1.04724,4.877,177.50373,864.21895,1.01111,36.36849,1.356,12.44,1.0,5.76551,1.74519,1.0,213.34811,D12.i_0
9215.71659,7116.4618,61682.6252,1493.32418,54818.31504,1375.96608,10.79483,2507.37778,466.301,27560.622,3.8423,169.45846,54.72222,657.88889,1.0,819.2028,361.32002,34.59383,3071.01562,D12.a_1,564.44818,228.4967,1463.139,1.0,2980.90779,191.73396,1.0,4.877,198.61484,764.83006,1.02222,15.40866,1.80044,9.87,1.0,5.4476,42.53631,1.02615,173.57033,D12.i_1
9879.3277,6983.4618,67371.90298,1586.04641,56662.64838,1338.96608,8.79199,2769.65556,487.13434,26087.28867,5.79342,180.23624,46.66667,708.33333,1.0,928.64724,421.79513,34.15034,3109.34896,D12.a_2,538.39262,199.21892,1281.30566,1.0,2776.68557,202.01174,1.02362,6.55822,143.05929,696.55228,1.04444,11.31074,2.36733,10.64778,1.0,3.47844,65.45779,1.88238,146.12589,D12.i_2
9676.27214,7432.35069,73045.40298,1797.49085,57871.31504,1287.74385,6.68088,2568.1,446.57878,24046.01089,4.66895,166.40291,56.33333,620.0,1.0,796.25836,241.4618,25.87352,3092.57118,D12.a_3,514.50373,214.27448,981.02788,1.0,2652.96334,94.25978,1.0,7.07277,164.1704,654.38561,1.01111,21.08852,1.712,7.51,1.0,3.66982,1.74519,1.0,184.18144,D12.i_3
9547.66103,7124.4618,69382.01409,1485.4353,55681.64838,1148.02163,8.16425,2571.71111,466.801,21948.06644,5.38449,172.51402,55.55556,621.88889,1.0,1020.2028,295.18402,32.03923,3199.7934,D12.a_4,505.61484,157.77448,974.58344,1.0,2439.35223,100.10172,1.02362,7.72488,168.83707,575.94117,1.01111,26.59511,2.24544,9.21778,1.0,7.03715,6.43482,1.02615,184.45922,D12.i_4
10640.43881,8342.01735,85004.01409,1815.71307,66434.75949,539.91052,3.23359,3060.32222,679.24545,19502.51089,19.72011,200.62513,56.0,768.0,1.0,1941.2028,350.51735,49.42716,3001.62673,D12.a_5,619.44818,261.88559,1356.02788,1.0,2942.74112,154.19562,1.0,12.11643,216.72595,570.71895,1.13333,20.37069,3.11167,9.82889,1.0,4.11426,75.89261,2.6046,165.237,D12.i_5
9618.10548,7246.62846,74809.18076,1673.71307,59145.75949,854.13274,4.94203,2782.65556,625.57878,17841.89978,15.59564,206.45846,49.22222,668.33333,1.0,1436.59169,296.12846,39.98271,3128.90451,D12.a_6,513.89262,249.60781,1182.41677,1.0,2741.0189,150.6784,1.0,5.39155,151.50373,570.71895,1.01111,14.03516,2.51189,9.92556,1.0,3.79635,75.20965,2.24512,137.57033,D12.i_6
8505.16103,6060.68402,65040.90298,1514.04641,51001.14838,757.52163,4.86417,2386.76667,507.63434,16806.67756,11.00228,143.73624,41.77778,641.05556,1.0,1048.09169,265.35069,36.70494,2712.07118,D12.a_7,366.05929,140.55226,756.36122,1.0,1733.57446,144.24256,1.0,2.02911,114.61484,554.84567,1.0,15.14627,1.089,4.93389,1.0,3.16053,12.32371,1.90853,120.62589,D12.i_7
8776.16103,6807.40624,64477.51409,1410.9353,51693.09282,584.91052,6.60301,2779.15556,695.52322,16212.89978,28.72011,173.2918,33.27778,618.94444,1.0,1506.86947,412.18402,29.65322,3572.73784,D12.a_8,466.72595,164.88559,992.02788,1.0,2232.35223,113.73396,1.0,4.22488,162.28151,523.60784,1.02222,22.14847,2.45633,9.60667,1.0,4.87662,13.32371,3.27452,148.237,D12.i_8
7870.54992,5338.85069,60881.73631,1145.10196,47993.25949,630.29941,5.34754,2412.43333,649.24545,15750.56644,14.33562,159.90291,51.66667,552.72222,1.0,1032.81391,311.01735,32.09479,2746.46007,D12.a_9,511.83707,158.83003,986.58344,1.0,2651.24112,230.78951,1.0,6.04366,148.83707,476.71895,1.01111,19.8641,3.04533,7.17667,1.0,3.60498,13.38594,1.0523,153.29255,D12.i_9
13963.73481,9223.51735,213930.75056,358.80632,34537.50604,311.01174,9.0,63567.60375,420.40953,52378.68311,10.77778,623.01335,124.44444,1150.20334,1.0,1282.0,1129.20872,3.27449,840.73929,D13.a_0,1001.68104,123.29389,1.0,1.0,1587.65924,163.58445,1.0,1126.21843,11.98836,1065.7855,1.0,8.20347,2.11308,2.37751,1.0,2.0591,1.0,1.0,3.08939,D13.i_0
13974.01259,9288.40624,197975.30611,373.50081,42838.89493,224.73396,6.5,61955.43708,367.52064,50524.68311,11.66667,657.84668,113.27778,1218.87,1.0,1287.0,891.59761,2.29082,808.29485,D13.a_1,997.40326,85.35164,5.90037,1.0,1525.2148,159.24324,1.0,1005.60732,10.76541,882.17439,1.0,5.68782,3.44642,2.52668,1.0,1.40977,4.77778,1.0,2.4457,D13.i_1
13474.73481,8559.01735,214680.63945,318.86179,37300.11715,158.63145,5.88889,58048.49264,324.35398,48994.072,8.77778,699.62446,120.05556,1063.14778,1.0,1265.22222,684.54205,3.84966,721.57263,D13.a_2,1008.40326,89.96494,2.13407,1.0,1685.54813,75.36223,1.0,889.82954,12.43135,782.84106,1.0,8.77468,1.66706,1.67279,1.0,1.95666,70.0,1.0,1.0,D13.i_2
13095.01259,8443.29513,223972.195,376.11192,33361.28382,218.56729,4.0,57436.54819,388.79842,47478.62756,8.11111,699.18001,108.61111,976.64778,1.0,1428.88889,1147.76428,4.18299,671.68374,D13.a_3,917.06993,90.96056,2.56704,1.0,1511.04813,15.46546,1.0,765.71843,8.98836,745.89662,1.0,10.12367,1.66785,2.15835,1.0,2.64066,36.44444,1.0,6.6015,D13.i_3
13159.79037,8095.68402,216986.58389,453.55637,35942.67271,431.95618,5.33333,56164.54819,330.52064,46101.072,9.44444,683.68001,116.55556,1102.53667,1.0,1447.94444,577.4865,1.77449,692.57263,D13.a_4,937.12548,80.79389,2.24519,1.0,1478.99258,48.06869,1.0,784.49621,10.20913,672.56328,1.0,6.4257,2.33412,1.67585,1.0,2.64066,54.16667,1.0,1.84545,D13.i_4
12219.34592,8119.18402,198846.47278,387.25077,31891.28382,213.75117,5.61111,53529.88153,372.0762,45251.90534,8.66667,653.79112,104.94444,1099.42556,1.0,1231.05556,786.76428,2.03594,642.46151,D13.a_5,945.73659,79.79389,1.0,1.0,1469.54813,46.79354,1.0,758.82954,9.54537,641.00773,1.0,3.9656,1.22262,1.91557,1.0,1.20489,35.5,1.0,1.84545,D13.i_5
11987.29037,8090.68402,203313.47278,358.05637,30856.22826,288.45618,4.83333,54000.77041,367.0762,43832.62756,7.5,592.68001,105.27778,790.75889,1.0,1117.11111,757.93094,3.33005,585.51707,D13.a_6,954.51437,112.18278,9.43481,1.0,1598.04813,112.02102,1.0,789.16287,7.98836,583.50773,1.0,4.02976,2.55674,1.2664,1.0,1.0,45.16667,1.0,4.02423,D13.i_6
11667.1237,7934.40624,240356.63945,421.22294,29813.72826,195.90062,8.16667,50979.77041,398.90953,42208.23867,9.77778,747.34668,126.05556,897.81445,1.0,1380.55556,770.81983,6.89864,716.90596,D13.a_7,948.73659,82.96494,1.0,1.0,1515.54813,28.78829,1.0,818.32954,10.87579,578.2855,1.0,4.41864,1.44523,4.06474,1.0,2.40111,49.22222,1.0,1.31161,D13.i_7
10773.45703,7034.12846,196120.13945,384.52854,29609.67271,331.13145,7.11111,45591.10375,309.63175,40309.12756,7.55556,612.29112,103.38889,1100.53667,1.0,1171.38889,722.43094,8.19275,645.8504,D13.a_8,875.23659,95.96056,1.0,1.0,1383.88147,119.3093,1.0,915.32954,14.76468,557.39662,1.0,6.32318,1.44523,1.14917,1.0,3.28999,1.0,1.0,2.89014,D13.i_8
10684.79037,7004.4618,208578.25056,396.66748,27045.45048,195.95618,5.33333,46121.71486,397.35398,38242.79423,5.94444,678.34668,108.61111,835.25889,1.0,1295.5,650.87539,3.01633,697.79485,D13.a_9,856.68104,69.68278,1.0,1.0,1374.60369,258.97597,1.0,667.32954,11.32097,510.17439,1.0,7.57671,1.0,1.56168,1.0,1.99133,24.66667,1.0,2.42272,D13.i_9
12030.14457,17701.26457,35854.67766,13846.73039,58376.93083,1916.94444,115.04171,53.95556,5075.06776,416706.54398,161.70334,450.38779,116.59471,1748.09223,1.0,563.10496,7166.27448,46.06323,18780.84397,D14.a_0,600.72974,204.04447,205.7305,1.0,1907.44786,116.1553,1.0,1.37811,281.41699,1144.77807,1.18819,2.63266,1.0,6.60667,1.0,3.09957,4.18382,1.0,43.04575,D14.i_0
11831.36679,16586.76457,33712.34432,12619.8415,58154.65305,1493.44444,101.87504,23.5,4964.95665,397819.65509,152.59223,448.61001,118.70582,1667.81445,1.0,603.93829,6801.83003,27.78374,17861.01064,D14.a_1,588.8964,160.60003,189.89717,1.0,1863.3923,376.11505,1.03333,1.0,268.36143,1061.16696,1.93645,3.07315,1.66667,5.48334,1.0,2.15513,7.18382,1.0,47.05147,D14.i_1
11534.42235,15802.26457,32273.95544,10714.45261,57575.26416,1353.88889,103.76393,45.26667,4988.17887,384997.15509,152.92556,420.38779,114.09471,1566.37,1.0,549.93829,6199.77448,13.34015,18761.89953,D14.a_2,571.78529,199.04447,250.61939,1.0,1724.22564,253.22135,1.02222,1.0,278.80587,977.11141,1.74826,7.17576,1.33333,4.06556,1.0,1.19968,1.0,1.0,69.87623,D14.i_2
11412.42235,16120.82013,33908.45544,10727.89705,56670.76416,1723.66667,103.20838,37.95556,4836.73443,372982.32176,141.37,438.55446,99.42804,1530.25889,1.0,538.43829,6664.66337,30.03502,16917.73286,D14.a_3,617.8964,186.82225,173.17494,1.0,1808.78119,108.48382,1.0,1.0,278.25032,929.61141,1.8729,7.42349,1.33333,6.44,1.0,2.08857,1.0,1.0,67.7737,D14.i_3
11228.03346,16008.59791,33965.73321,9976.50817,54213.43083,1530.44444,108.98615,46.83333,4929.78998,357123.98843,148.03667,406.72112,91.20582,1488.87,1.0,481.60496,5884.55226,34.53417,19878.01064,D14.a_4,577.67418,157.71114,246.50828,1.0,1836.50341,287.67061,1.04444,1.0,266.25032,898.38918,1.492,4.13721,1.0,5.02445,1.0,1.13312,1.18382,1.0,42.60703,D14.i_4
10449.53346,15221.09791,28537.34432,9620.61928,48994.5975,1131.83333,97.54171,33.47778,4724.40109,349650.93287,136.48111,394.88779,87.15026,1414.42556,1.0,457.27162,6000.05226,11.45126,20138.67731,D14.a_5,611.22974,146.54447,234.00828,1.0,1892.3923,194.24147,1.46667,1.75622,258.47254,835.61141,1.07708,2.25227,1.0,6.17667,1.0,1.13312,1.09191,1.0,60.88481,D14.i_5
10918.9779,16250.04235,31995.1221,9114.00817,53777.5975,1423.61111,102.4306,34.52222,4727.28998,339659.21065,137.59223,394.72112,78.48359,1491.64778,1.0,466.93829,5611.9967,35.50767,19229.84397,D14.a_6,549.95196,171.82225,187.56383,1.5023,1812.22564,285.23098,1.0,1.37811,291.08365,814.72252,1.71423,2.63721,1.0,5.23223,1.0,1.3328,1.0,1.0,54.7737,D14.i_6
10540.20012,15828.70902,31031.78877,10629.23039,51701.04194,1331.0,109.20838,31.14444,4646.62332,329884.82176,130.81445,382.66557,83.92804,1486.42556,1.0,499.49385,5828.9967,21.341,19947.45508,D14.a_7,492.61862,179.71114,160.84161,1.0,1548.50341,74.55469,1.24444,1.0,264.36143,772.83363,1.82534,4.60716,1.0,3.545,1.0,1.13312,2.18382,1.0,51.60703,D14.i_7
10329.4779,14217.09791,27649.1221,9822.56372,48296.37528,1366.0,89.54171,24.26667,4187.12332,323331.21065,126.70334,336.16557,67.76137,1446.75889,1.0,444.21607,5315.10781,23.25724,17601.89953,D14.a_8,542.34085,179.8778,204.06383,1.0,1671.44786,146.00394,1.05556,1.0,273.13921,741.61141,1.1927,3.41498,1.33333,4.75278,1.65004,3.17713,2.09191,1.0,64.7737,D14.i_8
10459.81123,15066.26457,31896.6221,9105.8415,51030.98639,1454.33333,91.54171,53.18889,4936.12332,318998.54398,133.14778,414.27668,76.31693,1560.92556,1.0,467.66051,7951.4967,50.28545,14959.56619,D14.a_9,569.17418,142.48892,204.28605,1.0,1875.22564,100.23098,1.01111,1.0,279.91699,741.33363,1.48749,3.49604,1.0,5.03056,1.0,1.39936,1.0,1.0,34.55147,D14.i_9
34234.73032,17420.83003,10085.33915,1155.6453,235105.46604,1587.6883,76.28268,36.46573,5679.49005,719235.7862,406.55099,14792.66232,175.34043,1063.91595,1.0,4722.11163,1151.11111,350.78595,4614.67792,D15.a_0,479.77666,130.57686,177.33118,2.60979,1542.70052,109.37143,1.0,1.0,97.56465,3439.55163,3.74444,173.74662,4.5464,4.27778,1.0,2.74311,51.18374,1.0,22.70256,D15.i_0
32315.39698,16911.38559,9619.22804,946.81197,220116.24381,1850.91052,73.28268,46.71184,5565.87894,675576.00842,354.21765,14450.66232,142.5071,996.86039,1.0,4619.88941,1182.83333,316.06373,4420.51125,D15.a_1,507.33221,139.74353,218.88673,1.0,1603.42274,288.09365,1.0,2.28606,102.67576,3103.77386,6.08889,199.74662,5.70668,6.33333,1.0,25.24666,19.75853,1.0,29.70256,D15.i_1
30637.5081,17104.71892,11594.22804,1135.20085,213676.79937,3600.91052,81.94935,104.64304,5273.82338,653663.17509,372.32877,14381.21788,170.5071,995.63817,1.0,4377.00052,1230.5,308.95262,5181.34458,D15.a_2,498.44332,147.68797,207.77562,12.85781,1620.70052,446.31587,1.0,1.0,104.45354,2925.66274,5.63333,188.91328,4.38612,6.0,1.0,12.71199,9.9252,1.0,32.81368,D15.i_2
30615.17476,16085.94114,8823.33915,864.1453,191155.91048,1756.46608,69.72713,25.59268,5228.21227,628289.95286,352.43988,12583.49566,112.22932,920.36039,1.0,4265.38941,1076.0,271.34151,4129.73347,D15.a_3,491.77666,153.63242,206.22006,2.60979,1608.53385,234.94325,1.0,1.0,95.00909,2783.94052,4.31111,185.30217,4.46168,2.88889,1.0,5.78488,28.70965,1.0,29.81368,D15.i_3
28461.56365,16971.9967,11265.83915,1011.1453,187616.07715,2354.91052,68.50491,47.02129,5185.93449,598209.34175,367.93988,11987.99566,145.78487,900.80484,1.0,3755.88941,1043.11111,274.95262,4439.12236,D15.a_4,502.16555,141.63242,192.94229,2.60979,1782.08941,429.46627,1.0,1.0,83.00909,2668.60719,7.97778,177.07995,9.3014,3.44444,1.0,16.67377,8.35335,1.0,30.42479,D15.i_4
28576.5081,15774.38559,9119.95026,861.53419,184293.29937,1832.41052,54.50491,14.77518,5144.87894,566830.67509,294.1621,11750.99566,126.34043,872.19373,1.0,4137.94497,1513.27778,285.73039,3980.5668,D15.a_5,464.2211,148.74353,201.77562,7.83201,1616.03385,247.7373,1.0,1.0,102.23132,2621.49608,6.08889,198.5244,3.20668,4.77778,1.0,18.88732,9.35335,1.0,39.81368,D15.i_5
25898.23032,14770.83003,9655.83915,647.42308,163580.07715,1361.57719,55.28268,8.23287,4723.82338,526359.7862,295.43988,11090.66232,128.78487,839.36039,1.0,3645.22274,1440.88889,264.67484,3494.45569,D15.a_6,471.55443,144.85464,206.99784,1.0,1421.03385,178.56111,1.0,1.77163,93.78687,2526.99608,3.73333,163.57995,4.87334,3.16667,1.0,9.8491,25.90223,1.0,31.42479,D15.i_6
24199.95254,14037.9967,9939.06137,776.47863,155468.91048,1220.29941,59.3938,40.82295,4382.15672,500464.67509,311.93988,10642.21788,102.89598,801.86039,1.0,3173.44497,1223.27778,234.11928,3320.34458,D15.a_7,447.83221,108.29909,179.33118,5.02447,1453.9783,346.54484,1.0,1.25721,91.34243,2453.60719,4.6,193.13551,4.82418,4.05556,1.0,13.39599,22.39261,1.0,32.31368,D15.i_7
23319.23032,14422.05226,9814.45026,830.6453,152219.41048,2220.96608,59.28268,41.18795,4221.32338,478549.61953,274.6621,9960.27343,122.45154,752.02706,1.0,3156.00052,989.72222,244.45262,3684.01125,D15.a_8,448.10999,153.79909,180.44229,7.83201,1502.86719,219.96627,1.0,1.0,92.34243,2374.77386,7.73333,186.63551,4.01362,3.44444,1.0,12.6651,35.53631,1.0,33.64701,D15.i_8
22998.28587,13718.10781,9097.2836,766.03419,152111.52159,1614.46608,57.94935,26.71184,4169.0456,460180.06397,272.82877,9375.82899,111.45154,729.91595,1.0,3195.61163,919.44444,239.89706,3434.78903,D15.a_9,493.88777,109.35464,255.0534,5.2209,1652.70052,639.8877,1.0,1.51442,113.45354,2296.05163,4.37778,193.13551,3.63473,6.38889,1.0,8.31088,9.9252,1.0,39.31368,D15.i_9
71770.05979,64051.77097,28638.9329,1418.65544,441125.00046,367.57719,37.40294,5.84322,14136.59815,667176.88573,163.39082,767.6,144.15026,1148.25186,1.0,272.77778,1726.10343,40.39949,2504.84131,D16.a_0,873.74641,15.66558,351.72893,1.0,4210.70651,577.22222,1.15004,1.0,104.10997,7588.03775,1.0,29.61001,5.58556,6.16788,1.0,6.72248,14.99835,1.0,14.19181,D16.i_0
71411.17091,67594.32653,29631.09957,1238.04433,416966.00046,303.91052,35.29183,19.49455,14363.1537,629793.49684,161.50193,786.71111,151.26137,1215.0852,1.0,285.66667,1768.65899,59.45505,2678.56353,D16.a_1,880.02419,17.91504,348.3956,1.0,4126.70651,945.05556,1.07502,1.0,126.88775,6753.4822,1.0,28.09779,3.56279,3.52239,1.0,4.35826,8.44224,1.0,14.46959,D16.i_1
68837.17091,68650.21542,29173.65512,1818.43321,410121.83379,624.29941,39.06961,13.25222,15391.48704,599051.94129,168.83526,766.71111,167.98359,1103.69631,1.83333,329.16667,1932.10343,88.12585,1673.50798,D16.a_2,851.46863,51.23421,341.06227,1.0,4138.37317,981.94444,1.0,1.0,137.4433,6323.09331,1.0,19.11001,1.48723,3.85572,1.0,7.2905,4.36835,1.0,17.84474,D16.i_2
65914.11535,66097.82653,26476.54401,1356.87766,394317.05601,474.29941,38.18072,25.32788,14905.32037,589907.83018,154.72415,767.54444,175.09471,1102.91853,3.5,384.22222,2240.82565,81.74109,1734.17464,D16.a_3,842.02419,25.56863,307.78449,3.61815,3980.5954,850.72222,1.0,1.0,141.55441,6118.4822,1.0,23.38779,2.29778,3.77899,1.0,5.40758,6.4978,1.0,17.34474,D16.i_3
65823.39313,68073.38209,26555.65512,1183.71099,396710.61157,322.35496,43.18072,11.4441,14687.93148,578000.44129,158.05748,753.6,180.70582,1069.52964,1.0,319.83333,2120.43676,78.40776,1852.28576,D16.a_4,712.30197,3.15251,342.8956,1.0,3316.20651,222.22222,1.0,1.0,120.33219,5861.64886,1.10813,21.4989,2.71945,6.48003,1.0,4.51869,14.59003,1.0,14.10877,D16.i_4
63985.00424,65634.32653,26186.98846,1299.98877,377249.4449,474.35496,37.18072,7.53511,14188.1537,564006.88573,147.72415,767.54444,157.26137,1022.0852,1.83333,356.27778,1747.82565,78.74109,2041.61909,D16.a_5,786.74641,37.48584,286.72893,1.0,3827.76206,285.55556,1.0,1.0,130.99886,5662.03775,1.0,27.11001,3.21306,4.50121,1.0,5.08671,4.10946,1.0,9.92836,D16.i_5
62685.61535,61950.43764,23106.9329,815.15544,363278.00046,346.96608,26.51406,5.95944,12721.37593,542127.38573,135.39082,693.48889,153.53915,947.30742,1.0,297.83333,1551.71454,42.84807,2116.89687,D16.a_6,785.85752,1.0,273.22893,1.0,3494.98429,218.0,1.0,1.0,110.88775,5436.75998,1.10813,23.99279,2.31417,4.5184,1.0,3.6298,5.53612,1.0,13.41462,D16.i_6
56714.78202,59284.88209,23197.09957,938.71099,328754.50046,312.02163,29.62517,5.318,13215.37593,528731.77462,126.72415,667.26667,152.81693,938.02964,1.83333,375.88889,1798.60343,49.0106,1609.17464,D16.a_7,711.52419,3.30501,270.11782,3.61815,3474.76206,495.16667,1.0,1.0,122.66553,5320.92664,1.21626,30.11001,1.92528,2.96684,1.0,3.50623,8.62725,1.0,12.05322,D16.i_7
53307.94868,57851.9932,22788.37735,1088.37766,333127.50046,408.63274,29.06961,8.06033,12879.1537,517762.60796,127.27971,634.76667,176.76137,943.91853,1.83333,307.94444,1914.38121,49.34807,2052.95242,D16.a_8,730.85752,68.55338,268.00671,1.0,3518.03984,581.33333,1.0,1.0,114.77664,5132.42664,1.0,23.32001,2.67667,4.61232,1.0,2.58048,2.90612,1.0,7.88655,D16.i_8
59336.89313,66811.10431,21958.15512,1207.04433,345850.11157,365.41052,25.29183,11.96932,13855.76482,507333.16351,146.61304,750.48889,156.48359,1011.69631,1.0,353.0,1732.10343,64.57443,1389.78576,D16.a_9,696.85752,41.7353,316.22893,1.0,3249.37317,312.27778,1.0,1.0,123.99886,4891.37109,1.10813,21.94334,1.50362,4.03558,1.0,2.45691,13.81335,1.0,11.16433,D16.i_9
7930.63949,6207.18797,18591.54456,5581.20245,85196.75187,697.96608,44.81806,112.49246,3012.90618,754846.02466,227.97778,6089.28173,304.94168,1265.98111,1.0,1038.05573,2660.94444,1653.58811,8834.4483,D17.a_0,475.83303,134.33333,234.08199,3.12001,1673.23613,230.66726,1.0,1.0,126.32606,5337.06054,5.18963,305.09688,13.16306,10.99562,1.0,2.34475,44.88314,1.0,104.95569,D17.i_0
7561.2506,5907.63242,18677.76678,6092.70245,77965.02965,813.13274,43.15139,98.50297,2785.79507,686818.85799,208.75556,5913.89284,249.88613,1156.75889,1.0,949.44462,1546.44444,1586.03256,8804.28163,D17.a_1,407.6108,64.88889,207.41532,17.20227,1499.06947,143.0746,1.0,1.0,111.32606,4802.00498,5.8563,295.8191,6.2745,4.4961,1.0,1.19211,54.35608,1.0,97.95569,D17.i_1
6922.80616,5493.46575,16361.21123,4450.25801,72734.30743,688.07719,37.37361,76.39186,2522.40618,639630.13577,191.97778,5456.9484,225.55279,1034.20334,1.10889,883.61128,1808.11111,1366.86589,7181.78163,D17.a_2,461.72191,112.33333,184.41532,1.0,1650.29169,292.38928,1.0,1.0,84.21495,4497.78276,5.98338,419.59688,10.6647,5.10795,1.0,2.65732,17.73288,1.0,94.17792,D17.i_2
6755.2506,6112.68797,18280.04456,5054.48023,69072.58521,661.1883,41.92917,111.36633,2498.18396,611906.13577,198.2,5658.61507,213.99724,1110.03667,1.21778,795.83351,2149.94444,1514.53256,7770.11497,D17.a_3,462.05525,101.94444,235.74865,1.0,1567.29169,206.05614,1.0,1.0,118.49273,4261.67165,5.2056,403.87465,7.49771,8.38475,1.0,1.38421,43.82902,1.0,90.01125,D17.i_3
6373.30616,5318.24353,14992.15567,4478.70245,67190.36298,620.24385,25.48472,48.48346,2176.79507,578779.19132,165.2,4691.83729,202.99724,856.25889,1.10889,743.50017,1458.77778,1125.477,7151.78163,D17.a_4,487.27747,170.83333,214.30421,1.0,1576.45835,369.38938,1.0,1.0,90.21495,4078.11609,5.33268,412.8191,9.05326,4.38524,1.0,2.02077,19.84399,1.0,106.45569,D17.i_4
6665.97282,5012.79909,14344.54456,5403.25801,71252.36298,519.29941,29.48472,54.23571,2248.57285,566497.58021,173.42222,4935.89284,227.1639,975.59223,1.0,868.55573,1150.94444,1127.69923,6225.17052,D17.a_5,431.33303,196.94444,165.63754,1.0,1384.68058,248.59305,1.0,1.0,76.43717,3847.50498,5.54692,375.3191,3.10915,8.05117,1.0,1.57632,76.70438,1.0,67.28903,D17.i_5
6502.19504,5162.74353,16510.04456,5212.09134,63520.02965,790.52163,38.59584,86.98796,2288.1284,552240.30244,160.42222,5131.11507,201.44168,1042.31445,1.32667,860.22239,2114.11111,1364.64367,7736.22608,D17.a_6,480.16636,123.33333,183.13754,8.28668,1460.84724,395.74126,1.03854,1.0,81.21495,3732.11609,5.31671,349.65243,4.94182,5.77364,1.0,1.19211,15.73431,1.0,75.45569,D17.i_6
6458.80616,5113.68797,13624.37789,6605.70245,67353.30743,477.63651,27.59584,40.26124,2100.23951,538194.02466,158.53333,4118.89284,204.21946,794.53667,1.10889,749.94462,1374.11111,1001.64367,5459.72608,D17.a_7,451.1108,121.16667,163.41532,1.0,1424.12502,332.38938,1.03854,1.0,75.10384,3642.78276,4.77712,365.59688,5.83104,6.2734,1.0,1.19211,16.78843,1.0,60.01125,D17.i_7
6102.41727,4705.02131,16073.93345,4690.53579,60041.80743,396.24385,30.48472,47.33181,2218.68396,531005.52466,172.64444,4515.67062,208.1639,998.37,1.0,745.94462,1178.77778,1237.977,6731.83719,D17.a_8,478.49969,111.94444,189.74865,1.0,1559.68058,242.37083,1.03854,1.0,86.88162,3454.28276,3.37259,489.15243,2.8317,5.44055,1.0,3.29387,21.78843,1.0,86.5668,D17.i_8
6066.19504,4423.46575,14120.93345,4721.53579,61552.64076,513.41052,33.15139,48.45793,2019.35062,523743.52466,147.86667,4464.78173,202.99724,819.25889,1.32667,694.50017,982.66667,982.14367,6071.89275,D17.a_9,440.77747,99.05556,151.97088,1.0,1468.56947,293.70416,1.07708,1.0,67.99273,3307.11609,3.65803,404.48576,1.5549,5.49586,1.0,1.96053,3.37392,1.0,70.51125,D17.i_9
22486.94219,7347.9967,11966.32286,947.18361,90941.60628,396.61111,25.94976,17.16945,2152.15612,313195.15418,5.85478,897.84735,19.44003,639.21927,1.0,2708.91111,1156.29909,183.09279,5583.77242,D18.a_0,1902.70703,508.62846,469.60851,3.04028,6479.72654,253.11111,1.0,1.0,117.12533,27751.42197,1.0,105.73624,1.90889,32.42368,1.0,226.00017,10.21406,1.0,375.70482,D18.i_0
21384.88664,7365.33003,11723.48953,1008.17649,93090.38406,641.0,26.39421,9.81632,2114.15612,302061.93196,6.41034,847.40291,24.87648,632.4415,1.0,2803.41111,997.96575,159.14835,5023.32797,D18.a_1,1640.76258,495.40624,442.83074,1.0,5752.05987,294.11111,1.0,1.0,100.34755,25583.2553,1.0,109.7918,1.50362,28.25701,1.0,201.16684,11.21406,1.0,299.14926,D18.i_1
20491.83108,7595.71892,11637.7673,640.01694,88603.10628,680.33333,17.17199,10.98299,2052.15612,295709.15418,6.35621,816.34735,18.38848,579.16372,1.0,2530.41111,712.79909,122.37057,4829.55019,D18.a_2,1704.59592,432.62846,408.4974,1.0,5567.55987,671.88889,1.0,2.35602,107.90311,24268.08863,1.0,97.7918,1.48723,27.03479,1.0,203.94462,7.50879,1.0,306.37148,D18.i_2
21494.99775,7380.66337,12159.60064,909.44716,92757.93961,803.22222,22.39421,4.06493,2037.21167,290844.48751,6.077,881.56957,19.94003,613.66372,1.0,2731.46667,1003.13242,138.14835,4774.71686,D18.a_3,1584.54036,412.68402,403.66407,1.0,5213.55987,386.72222,1.0,1.0,97.34755,22290.64419,1.0,108.18068,1.09834,27.47923,1.0,205.27795,5.80351,1.0,268.0937,D18.i_3
18751.44219,7281.05226,12314.71175,536.90583,84847.60628,454.16667,21.61643,8.37848,2141.65612,286362.8764,5.80351,927.12513,18.38848,618.83038,1.0,2732.13333,617.79909,157.75946,5757.27242,D18.a_4,1394.09592,358.9618,378.33074,1.0,4822.22654,109.27778,1.0,1.0,82.68088,20003.47752,1.0,123.06957,1.14751,24.09034,1.0,192.00017,11.3123,1.64434,235.70482,D18.i_4
19491.38664,7456.94114,12128.43397,500.06538,84146.05072,552.55556,27.2831,14.75417,2131.9339,280918.26529,7.18811,872.23624,21.76937,653.60816,1.0,2579.24444,839.46575,166.37057,6515.82797,D18.a_5,1282.09592,272.23958,337.21963,1.0,4442.55987,355.94444,1.0,1.0,69.56977,18048.08863,1.0,83.45846,1.13112,16.70145,1.0,141.66684,4.90176,2.03323,209.92704,D18.i_5
19037.66441,7300.55226,12454.54508,753.46138,85922.38406,786.72222,21.72754,17.0875,2147.4339,273657.09862,6.19097,842.68068,25.21381,695.27483,1.0,2562.35556,759.13242,163.87057,5367.82797,D18.a_6,1159.81814,291.23958,368.55296,1.0,4115.05987,150.5,1.0,1.0,61.23644,16193.03308,1.0,93.51402,1.06556,13.97923,1.0,127.66684,1.0,1.0,180.14926,D18.i_6
18164.38664,7438.38559,12428.48953,717.46138,80800.49517,681.88889,20.72754,24.0875,2341.87834,268099.04307,2.68096,918.40291,30.09471,758.16372,1.0,2733.46667,780.9102,162.98168,6283.32797,D18.a_7,1151.81814,307.51735,280.05296,1.0,3703.50432,181.27778,1.0,1.0,62.45866,14911.31086,1.0,78.73624,1.50362,14.92368,1.0,114.05573,1.90176,1.0,162.87148,D18.i_7
19851.38664,7173.71892,12451.98953,934.35027,82590.88406,460.22222,24.39421,17.98299,2081.98945,264220.09862,4.18811,879.18068,18.81693,646.9415,1.0,2670.85556,877.07686,164.87057,6139.6613,D18.a_8,1068.26258,277.29513,240.21963,1.0,3359.44876,101.11111,1.0,1.0,50.90311,13529.92197,1.0,63.2918,1.03278,13.81256,1.0,99.83351,1.0,1.0,166.20482,D18.i_8
18270.27553,6966.60781,12963.04508,877.62805,80118.43961,715.05556,21.61643,7.56493,2080.87834,258991.82085,3.7978,846.56957,27.32093,717.88594,1.0,2369.46667,959.24353,153.98168,6761.38353,D18.a_9,917.92925,176.4618,235.83074,1.0,3070.83765,13.11111,1.0,1.0,50.12533,12521.53308,1.0,60.2918,1.0,13.25701,1.0,104.05573,1.0,1.0,173.87148,D18.i_9
12922.21989,9297.85069,17177.35512,835.3595,78609.40449,564.58889,18.51406,2.08909,5391.88998,615282.01185,32.39421,1184.84735,54.25675,1534.98615,1.0,3741.25779,884.10781,31.25379,3390.85646,D19.a_0,717.74307,185.65317,268.34581,1.0,2848.79058,2192.27778,1.0,1.0,328.7537,5494.21417,1.04913,48.4313,4.67021,4.11111,1.0,20.08657,5.31837,1.29174,36.8319,D19.i_0
12414.05322,9853.85069,16391.96624,1188.80395,75535.84894,753.42222,18.18072,14.68969,5100.6122,580657.84518,27.2831,1126.18068,56.3123,1478.20838,1.0,3354.81335,829.66337,40.5882,3279.13424,D19.a_1,698.90974,150.31983,282.84581,1.0,2819.17947,2080.0,1.0,1.0,315.03148,5326.32528,1.0,45.32019,5.89441,3.32222,1.0,16.11742,6.10967,1.0,46.49856,D19.i_1
11718.331,9351.9618,16136.35512,1013.24839,73293.18227,654.92222,17.84739,15.15665,4865.16776,550899.67851,23.39421,1057.68068,71.8123,1422.20838,1.0,3335.75779,792.9967,37.81043,3130.63424,D19.a_2,678.79863,139.31983,220.79025,1.0,2716.45725,1606.72222,1.0,1.0,305.2537,5169.15861,1.0,37.32019,5.3357,6.8,1.0,13.25324,8.58118,1.14587,36.72078,D19.i_2
12023.331,9005.73958,16583.41068,997.80395,73262.96005,1055.36667,14.51406,4.26727,5129.83443,534516.40074,27.94976,1053.23624,53.86786,1387.15282,1.65004,3370.92446,855.4967,35.25487,3543.24535,D19.a_3,683.40974,209.9865,253.23469,1.0,2812.56836,1843.05556,1.0,1.0,310.36482,4975.10306,1.04913,42.76463,3.39165,6.41111,1.0,14.46617,3.37392,1.0,40.88745,D19.i_3
11830.38656,8926.90624,15519.96624,711.47061,72030.57116,901.31111,13.06961,10.64514,4736.38998,526381.0674,22.50532,1092.2918,58.75675,1339.81949,1.0,3234.75779,813.88559,35.47709,3288.85646,D19.a_4,739.74307,203.93094,260.95692,1.0,2675.45725,2876.05556,1.0,1.0,305.80926,4801.88084,1.0,41.26463,9.33649,3.61111,1.0,22.8088,1.0,1.0,74.99856,D19.i_4
11209.77545,9118.01735,15988.1329,680.47061,69348.73782,971.14444,12.44846,8.85635,4694.88998,511660.5674,24.61643,1018.56957,56.25675,1380.31949,1.0,2990.59113,983.27448,46.5882,3457.91202,D19.a_5,710.0764,223.04205,247.01247,1.0,2818.90169,1567.38889,1.0,1.0,320.14259,4665.71417,1.0,39.59796,3.8353,3.98889,1.0,20.34893,1.79131,1.0,44.88745,D19.i_5
10483.55322,8987.90624,16308.6329,806.91506,64968.29338,767.81111,14.73628,6.6006,4719.88998,501959.34518,24.50532,984.23624,57.09008,1355.31949,1.0,3034.75779,891.05226,44.14376,3428.35646,D19.a_6,707.90974,173.65317,272.40136,1.0,2855.17947,1884.44444,1.0,1.0,320.2537,4571.0475,1.0,40.54241,5.94799,4.01111,1.66277,12.49088,2.58261,1.0,41.99856,D19.i_6
10353.10878,8554.23958,14749.46624,1341.13728,63823.23782,1275.92222,13.38286,7.76727,4689.77887,490699.0674,22.50532,964.34735,55.8123,1316.98615,1.0,2884.31335,1056.55226,45.21293,3311.91202,D19.a_7,713.40974,169.59761,239.23469,1.0,2765.62392,1668.44444,1.0,1.0,315.19815,4450.71417,1.0,38.82019,3.66982,4.44444,1.0,9.96004,1.79131,1.0,54.66523,D19.i_7
10436.88656,8278.62846,15530.91068,876.41506,63783.40449,1269.47778,18.40294,3.25576,4567.77887,473407.84518,21.50532,942.40291,55.09008,1288.81949,1.0,2831.09113,849.4967,36.85128,3033.07869,D19.a_8,625.90974,189.81983,211.34581,1.0,2467.0128,2969.77778,1.0,1.0,270.92037,4329.71417,1.0,33.37574,7.5591,4.12222,1.0,7.4816,1.79131,1.0,60.05412,D19.i_8
10416.88656,8312.29513,13669.18846,1501.58172,63610.62671,642.58889,9.16064,9.01151,4091.94554,458422.34518,19.94976,938.2918,59.03453,1234.54171,1.0,2856.42446,785.10781,37.97709,2960.96758,D19.a_9,632.74307,167.54205,276.95692,1.0,2558.67947,1522.61111,1.0,1.0,271.80926,4272.26973,1.0,35.4313,3.61348,4.63333,1.0,14.77795,1.0,1.0,36.60967,D19.i_9
9442.41285,2116.23834,18867.99116,6808.06299,122762.16634,2375.06378,129.76393,66.0702,407.18023,251802.742,47.3379,16492.50395,248.56359,1238.03333,1.0,1919.86965,2242.55556,5435.81198,18374.31566,D2.a_0,1151.94184,67.22257,354.16245,10.84856,3395.60083,622.35496,1.09205,1.0,37.69485,2868.13606,1.38743,740.92785,5.24584,16.41595,1.0,4.38808,42.72222,1.0,265.66083,D2.i_0
9430.9684,2160.84945,24508.82449,7642.61855,132830.99967,2422.00822,147.76393,51.27849,407.62468,240922.18644,63.3379,17254.22618,240.34137,1388.47778,1.0,1757.59187,2568.0,5584.08976,18011.87121,D2.a_1,1103.77517,190.76428,437.27356,1.0,3498.7675,529.85496,1.0,1.0,39.91707,2773.35828,1.0,655.26119,5.22945,20.41595,1.0,3.94363,33.94444,1.0,250.54972,D2.i_1
8178.80174,1911.96056,19375.76894,8624.89632,139844.66634,2224.56378,164.76393,43.41747,379.56912,233979.79756,49.67123,16209.78173,49.96568,1190.42222,1.0,1725.09187,2276.16667,5363.4231,14995.81566,D2.a_2,1100.16406,84.06975,345.66245,11.03539,3532.98972,219.63274,1.09205,1.0,36.58374,2647.63606,1.09686,689.31674,5.1739,13.30484,1.0,5.86044,35.88889,1.39569,216.77194,D2.i_2
8920.30174,2046.57167,22371.93561,8020.06299,126032.05523,3136.11933,157.20838,53.29242,389.95801,228481.01978,68.00456,16784.78173,198.78845,1271.97778,1.0,1575.9252,3016.38889,5367.08976,17239.98232,D2.a_3,1008.88628,161.45171,446.77356,8.38642,3184.2675,406.46608,1.0,1.0,32.2504,2558.24717,1.60965,662.59452,2.78139,14.36039,1.0,8.77643,62.44444,2.5068,288.4386,D2.i_3
8930.19063,1999.01612,18258.82449,7330.06299,132382.27745,3404.34156,161.9306,67.04234,438.95801,223866.85311,54.56012,16201.55951,121.51068,1385.42222,1.0,1730.98076,2767.16667,5015.31198,16375.53788,D2.a_4,966.05295,76.27812,263.77356,5.92428,3035.65638,1094.85496,1.0,1.0,33.36151,2505.69162,2.24781,626.31674,2.36334,11.24928,1.0,5.27697,39.66667,1.0068,221.27194,D2.i_4
8790.63507,1982.905,22317.60227,6828.22966,112767.77745,2648.06378,136.4306,60.23687,401.73579,220585.35311,68.56012,15949.11507,169.45512,1189.25556,1.0,1911.36965,2182.11111,4980.14532,14939.98232,D2.a_5,972.16406,190.87539,351.38467,15.95967,3245.04527,598.21796,1.0,1.0,36.2504,2422.02495,1.38743,627.59452,4.32418,15.13817,1.0,3.94363,40.11111,1.0136,222.9386,D2.i_5
8331.4684,2131.57167,18668.93561,7071.11855,113838.22189,3342.84156,159.20838,60.61182,380.23579,216155.63089,70.44901,14799.33729,92.84665,1336.03333,1.0,1776.48076,2492.88889,4887.64532,15233.48232,D2.a_6,980.44184,118.72257,325.32912,1.0,3260.48972,819.46608,2.05392,1.0,32.47263,2333.13606,1.09686,663.3723,5.26223,12.91595,1.0,3.94363,26.0,1.78458,258.32749,D2.i_6
8641.69063,1950.405,18057.54672,7205.72966,114478.16634,2066.286,143.26393,48.209,406.62468,212684.13089,65.3379,15502.55951,92.06887,1071.47778,1.0,1856.20298,2049.88889,4896.9231,14610.31566,D2.a_7,713.44184,89.67393,254.05134,6.0177,2682.7675,492.79941,1.75872,1.0,38.58374,2254.0805,2.03984,593.09452,4.07918,11.74928,1.0,5.16532,37.16667,1.0,255.27194,D2.i_7
8158.80174,2010.01612,17791.65783,6706.89632,122175.16634,2358.23045,154.87504,43.11182,395.23579,208436.242,69.78234,14950.9484,47.06623,1245.58889,1.0,1831.4252,2131.27778,4693.20087,15253.37121,D2.a_8,265.66406,184.44479,277.71801,1.0,1466.93416,464.13274,1.0,1.0,27.58374,2175.63606,1.0,635.15007,2.34695,8.86039,1.0,4.38808,22.33333,1.0,266.21638,D2.i_8
7937.69063,1832.23834,16726.82449,7226.28521,115171.05523,2578.286,140.98615,50.41747,346.45801,201949.63089,62.56012,14425.22618,207.73026,968.2,1.0,1754.9252,1783.33333,4781.20087,13281.7601,D2.a_9,761.16406,181.76428,381.71801,1.0,2495.37861,342.91052,1.0,1.0,34.36151,2133.85828,1.38743,601.53896,4.06917,12.74928,1.0,6.58239,30.11111,1.0,285.10527,D2.i_9
19069.86809,6754.22222,9799.25853,536.39597,110350.02938,633.27837,21.75556,1.0,2916.59551,251830.8081,20.33333,1485.3034,27.09471,1084.53667,1.0,361.48001,1050.90333,15.80245,1510.2901,D20.a_0,198.94157,131.21443,251.21984,1.0,1103.24773,3541.84156,1.0,1.0,56.44884,3814.25863,1.07611,35.94959,1.51385,5.72222,1.0,3.22538,2.88889,1.0,10.11851,D20.i_0
17503.20142,6210.44444,9250.86965,590.61819,102839.97382,672.05614,14.31111,1.0,2695.15106,237460.08588,20.66667,1428.13673,17.59471,1074.75889,1.0,341.59113,1053.73667,16.74689,1317.12343,D20.a_1,205.38601,112.99221,262.7754,1.0,1096.5255,3279.84156,1.0,1.0,63.00439,3489.09196,1.0,31.67181,2.5347,4.11111,1.0,1.95373,1.94444,1.0,15.66608,D20.i_1
17106.81253,5753.0,8655.09187,523.45152,97628.47382,664.05614,15.31111,1.0,2414.59551,222872.08588,22.11111,1215.97007,19.20582,906.48111,1.0,323.98001,1182.51444,5.72573,1128.56788,D20.a_2,211.2749,86.82554,232.83095,1.0,1083.80328,3076.286,1.0,1.0,61.55995,3268.81418,1.0,25.17181,1.70137,4.66667,1.0,4.81178,2.88889,1.0,21.53902,D20.i_2
16298.42364,5903.22222,8194.53631,613.84041,93922.64049,976.33392,11.64444,1.0,2372.26217,214559.53032,22.55556,1216.63673,12.77736,935.64778,1.0,346.70224,1000.29222,7.84125,1237.06788,D20.a_3,200.94157,83.91987,203.99762,1.0,1023.74773,3101.06378,1.0,1.0,62.89328,3043.42529,1.0,27.87214,2.47214,5.5,1.0,2.71609,1.94444,1.0,7.49144,D20.i_3
15834.4792,5501.94444,7898.75853,559.7293,91509.52938,1181.77837,12.97778,1.0,2281.53995,207919.03032,20.33333,1114.63673,16.27337,876.92556,1.0,311.64668,992.34778,5.48235,1142.73455,D20.a_4,192.05268,87.55746,204.94206,1.0,1015.08106,2712.17489,1.0,1.0,56.33773,2896.36974,1.0,31.72737,1.12846,4.33333,1.0,1.95373,1.0,1.0,16.80113,D20.i_4
14161.20142,5228.38889,7973.9252,415.50708,86342.30716,433.94503,10.31111,1.0,2121.92884,204898.69699,19.44444,1113.91451,15.17025,844.59223,1.0,323.75779,955.84778,3.85008,1257.67899,D20.a_5,182.60823,85.71443,211.38651,1.0,966.58106,2483.786,1.0,1.0,60.55995,2712.59196,1.0,24.5607,2.40273,4.44444,1.0,11.90133,1.94444,1.0,10.34871,D20.i_5
15008.42364,5425.94444,7788.09187,438.39597,87473.19605,672.33392,11.75556,1.0,2217.81773,202049.19699,16.44444,1056.41451,18.1067,843.64778,1.0,280.59113,875.68111,4.23456,1194.40121,D20.a_6,190.60823,142.32554,245.83095,1.0,912.24773,2412.00822,1.0,1.0,90.33773,2634.36974,1.0,25.23914,2.5312,4.05556,1.0,5.57413,3.83333,1.0,13.92791,D20.i_6
14510.70142,5442.16667,6995.59187,521.00708,86457.64049,409.33392,13.64444,1.0,2158.92884,198218.36365,16.66667,1092.13673,17.53915,833.03667,1.0,299.09113,968.62555,2.53791,1252.73455,D20.a_7,176.2749,72.80876,166.44206,1.0,859.74773,2562.50822,1.0,1.0,57.33773,2534.86974,1.0,15.33848,2.14581,4.55556,1.0,2.58955,1.0,1.0,3.47577,D20.i_7
14144.09031,5257.88889,7179.9252,513.11819,85229.52938,499.77837,11.08889,4.01134,2193.98439,193219.08588,18.33333,1046.74784,13.43603,828.20334,1.0,270.59113,955.90333,5.04232,1193.40121,D20.a_8,176.2749,132.21443,226.2754,1.0,952.30328,2551.84156,1.0,1.0,83.33773,2471.92529,1.0,28.44959,1.38538,4.44444,1.0,5.93831,2.88889,1.0,13.70568,D20.i_8
15223.59031,5360.11111,8153.03631,920.61819,88524.47382,499.72281,10.42222,7.70069,2357.26217,187110.36365,18.44444,1133.3034,14.99559,805.64778,1.0,312.09113,820.12555,6.64019,1067.84566,D20.a_9,144.49712,143.95604,228.71984,1.0,872.0255,3703.89711,1.0,1.62816,86.44884,2408.75863,1.0,14.67181,1.25692,2.11111,1.0,1.63582,2.88889,1.0,8.68204,D20.i_9
15494.76088,9968.60781,10401.19584,5237.37456,358232.58021,220.62285,28.40294,20.27778,2787.05526,524939.39426,102.84739,3635.70622,72.21927,1198.70334,1.0,2730.66744,699.72222,128.79706,6515.11132,D21.a_0,381.65296,84.81983,117.46448,1.0,4052.08092,22.18906,1.0,1.0,33.49971,6302.58602,1.29833,121.19229,1.0,6.18107,1.0,14.09113,5.4715,1.0,30.16822,D21.i_0
15037.4831,9512.55226,9455.69584,5040.93011,338630.9691,237.06729,27.51406,6.67778,2633.8886,506191.28315,98.40294,3515.65066,67.66372,1111.64778,1.0,2552.83411,650.22222,112.01928,5988.22243,D21.a_1,395.09741,76.54205,127.02004,1.0,4229.74759,80.22042,1.0,1.0,33.27749,6150.25269,1.56778,114.3034,1.3447,6.60833,1.0,11.0089,1.0,1.0,25.61267,D21.i_1
15007.9831,10151.55226,9695.08472,4635.59678,330178.9691,290.45618,33.51406,7.44444,2952.05526,482552.11649,96.29183,3509.31733,59.27483,1172.48111,1.0,2406.723,625.5,87.46372,8976.72243,D21.a_2,350.31963,92.87539,153.68671,1.0,4691.58092,215.03135,1.0,1.0,25.83304,6061.14158,1.76111,87.47007,1.3447,4.64669,1.0,14.59557,1.0,1.0,22.27933,D21.i_2
14798.70533,10048.83003,9825.02917,4661.65233,328829.91355,378.84507,29.06961,4.62222,2928.05526,468463.2276,92.73628,3428.03955,62.99705,1181.98111,1.0,2232.33411,595.94444,100.85261,8371.94466,D21.a_3,377.4863,83.16009,142.02004,2.10681,4273.19203,12.86021,1.0,1.0,24.72193,5987.64158,2.39278,100.35895,1.0,7.42048,1.0,14.78668,1.0,1.0,29.22378,D21.i_3
14709.09421,9731.83003,9717.02917,4798.43011,316792.52466,276.12285,26.06961,8.88889,2871.22193,456957.44982,98.9585,3307.484,65.71927,1124.81445,1.0,2258.94522,558.27778,98.63039,9399.3891,D21.a_4,364.87518,67.93787,129.35337,1.0,4005.19203,7.00896,1.0,1.52522,25.72193,5882.80825,1.60278,113.52562,1.0,7.19826,1.0,17.53779,4.4715,1.0,31.61267,D21.i_4
14523.26088,9882.66337,10177.3625,5642.819,311640.41355,214.45618,27.84739,4.22222,2806.11082,444133.44982,87.51406,3250.37288,74.38594,1261.48111,1.0,2125.11189,633.38889,99.29706,10679.8891,D21.a_5,353.15296,66.22257,134.90893,1.0,3852.91426,65.08691,1.0,1.0,34.3886,5756.8638,1.67889,90.69229,1.0,5.80937,1.0,17.48224,1.0,1.0,29.66822,D21.i_5
14188.20533,9906.44114,10410.19584,5374.43011,298445.13577,298.62285,30.62517,4.86667,2838.49971,423314.2276,83.9585,3275.484,61.4415,1331.75889,1.0,2142.55633,691.83333,99.01928,10164.66688,D21.a_6,362.59741,82.76428,140.68671,1.0,4195.08092,22.98028,1.0,1.0,31.61082,5672.91936,1.45667,98.3034,1.0,6.03159,1.0,18.1489,1.0,1.0,25.50156,D21.i_6
12808.59421,9042.9967,9208.41806,4259.09678,264747.02466,148.6784,27.29183,2.28889,2431.44415,401434.56093,74.51406,2979.03955,61.33038,1105.03667,1.0,2042.723,590.0,91.68595,5870.44466,D21.a_7,359.09741,76.65317,154.46448,1.0,4264.63648,99.9758,1.0,1.0,31.83304,5588.80825,1.45667,85.97007,1.3447,6.23662,1.0,16.81557,3.52706,1.0,28.06937,D21.i_7
12631.53866,8899.10781,9129.75139,3814.98567,264046.63577,169.23396,22.62517,4.22222,2486.11082,383286.39426,79.40294,2983.26177,45.9415,1064.20334,1.0,1908.44522,539.27778,84.40817,6955.8891,D21.a_8,345.09741,65.59761,123.35337,2.10681,4116.91426,91.92024,1.0,1.0,26.83304,5484.08602,1.22833,95.02562,1.0,6.59114,1.0,18.75779,1.0,1.0,32.66822,D21.i_8
12784.42755,8698.10781,8401.58472,3468.93011,264553.69132,101.40062,19.9585,2.93333,2366.49971,366277.67204,77.29183,2869.20622,49.77483,982.03667,1.0,1814.55633,503.66667,80.07484,6217.44466,D21.a_9,353.54185,51.26428,127.35337,1.0,3990.80314,82.53583,1.0,2.05044,22.94415,5389.8638,1.755,85.8034,1.17235,7.56996,1.0,25.20224,1.0,1.0,27.33489,D21.i_9
38331.44823,4599.62656,19482.98615,4557.37029,302356.49659,660.23867,82.07676,246.09302,3656.13435,475515.23828,45.3379,402.52562,434.42342,600.07852,1.0,1430.44462,413.02419,141.7756,39210.51111,D22.a_0,500.03703,46.98728,199.64223,1.0,2703.49817,302.48385,1.0,1.0,15.075,5267.52703,1.0,22.86203,4.78054,3.77778,1.0,6.77778,1.0,1.0,245.93104,D22.i_0
38326.11489,4683.84878,19237.9306,4343.25918,295438.71882,732.072,76.85454,274.09302,3647.18991,460729.40494,49.78234,434.97007,404.59008,568.8563,1.0,1409.77795,357.6353,133.16449,38130.01111,D22.a_1,428.31481,25.86211,168.64223,1.0,2176.99817,184.04203,1.0,1.0,26.18611,4994.86036,1.0,19.77281,2.44484,3.0,1.0,10.77778,24.5553,1.0,248.87548,D22.i_1
35283.83711,4537.90433,18587.4306,4286.31473,276290.55215,783.51645,77.29898,268.20413,3493.24547,439880.9605,45.56012,426.63673,431.64564,581.63408,1.0,1382.83351,303.19086,133.55338,38228.23333,D22.a_2,459.03703,16.61914,164.53112,1.0,2602.94261,290.81981,1.0,1.0,9.74167,4727.41592,1.0,12.08425,1.66785,5.33333,1.0,8.11111,14.5553,1.0,228.04215,D22.i_2
35199.89267,4217.79322,16851.65282,4322.42585,275160.71882,389.18311,70.18787,230.70413,3398.13435,419768.29383,40.00456,406.41451,399.47897,677.8563,1.0,1250.83351,331.02419,126.7756,36437.28889,D22.a_3,413.59258,23.79986,153.75335,1.0,2318.88706,113.71395,1.0,1.0,30.29723,4486.08258,1.0,10.06236,2.3357,4.83333,1.0,10.77778,53.16629,1.0,238.87548,D22.i_3
33373.39267,4192.68211,17477.31949,3878.31473,262343.88548,535.01645,72.18787,228.53746,3199.96769,407387.73828,40.67123,375.13673,386.25675,554.96741,1.0,1292.72239,339.91308,117.94227,36575.45556,D22.a_4,412.03703,7.54283,156.75335,1.0,2207.55373,154.48385,1.0,1.0,21.74167,4286.69369,1.0,4.57413,3.22616,4.27778,1.0,11.22222,27.3608,1.0,213.37548,D22.i_4
34118.726,4386.90433,17198.98615,4601.31473,276378.94104,615.18311,72.63232,253.14857,3383.68991,392101.57161,40.44901,385.02562,374.97897,589.68963,1.0,1236.94462,275.57975,100.55338,35724.73333,D22.a_5,430.87036,38.93172,170.03112,1.0,2206.49817,135.259,1.0,1.0,24.40834,4087.24925,1.0,7.81825,3.39165,4.5,1.0,11.66667,31.52759,1.0,240.09771,D22.i_5
32234.11489,4194.68211,16485.65282,3736.59251,254171.10771,473.46089,69.4101,207.48191,3159.24547,365638.40494,36.56012,345.58118,363.25675,600.02297,1.0,1250.27795,366.52419,106.83115,36040.95556,D22.a_6,398.14814,25.80656,146.64223,1.0,1951.44261,204.36748,1.0,2.05044,34.85278,3971.86036,1.0,11.93947,3.00276,4.11111,1.0,5.88889,89.61061,1.0,243.20882,D22.i_6
29725.28156,3985.29322,15314.59727,4294.09251,239979.77437,383.01645,64.52121,244.98191,3073.85658,346512.51605,37.11568,325.02562,426.09008,560.07852,1.0,1118.88906,258.69086,92.22004,37194.9,D22.a_7,342.48147,17.62583,136.19779,1.0,1779.8315,83.87011,1.0,2.57566,24.29723,3903.91592,1.01111,4.04213,1.88968,4.88889,1.0,6.33333,25.44407,1.0,208.65326,D22.i_7
28569.05934,3641.12656,14558.81949,3956.03696,233254.16326,631.40534,57.07676,213.42635,2833.80102,330964.9605,35.22679,313.19229,355.09008,524.96741,1.0,1093.50017,315.02419,96.22004,32771.56667,D22.a_8,370.48147,34.02208,140.64223,1.0,1965.94261,187.71395,1.0,2.05044,41.63056,3793.63814,1.0,8.52869,3.22616,3.88889,1.0,3.22222,92.66616,1.0,239.9866,D22.i_8
29022.33711,3890.12656,15270.26393,3787.9814,215961.16326,871.96089,52.18787,164.14857,2869.30102,313405.12716,35.89345,276.8034,325.25675,505.46741,1.0,1051.77795,347.6353,100.55338,34889.23333,D22.a_9,329.59258,38.86211,138.75335,1.0,1756.72039,52.25637,1.0,1.0,46.51945,3620.83725,1.0,7.7408,4.72577,3.77778,1.0,6.33333,87.72172,1.0,246.65326,D22.i_9
29310.46379,7232.44114,69143.44935,1878.98321,136807.65935,370.51174,29.03559,12.89242,3001.93112,455928.37757,27.09727,10656.08844,485.22222,3220.52297,1.0,700.20224,1201.07686,281.3828,5329.41675,D23.a_0,248.29457,26.55226,264.8698,1.0,732.7315,29.24097,1.0,1.0,19.8764,2499.89542,1.0,181.39581,2.21521,2.06778,1.65004,1.58788,1.0,1.0,35.99566,D23.i_0
27531.96379,7337.88559,65749.61602,2199.09432,127582.54824,333.56729,26.81337,8.04136,2842.82,421188.37757,32.54171,9739.644,453.55556,3067.8563,1.0,759.25779,1131.68797,222.82725,5428.08342,D23.a_1,264.73901,63.86725,240.3698,1.0,749.45372,220.92629,1.0,1.0,26.65418,2327.33987,1.0,194.11803,3.62145,2.69945,1.32502,4.68486,1.0,1.0,36.10677,D23.i_1
24882.35268,7286.4967,62704.00491,1685.59432,118468.7149,415.84507,32.92448,1.0,2770.54223,397362.54423,29.4306,9487.53289,396.22222,2743.30074,1.0,690.48001,2026.85464,218.93836,5167.41675,D23.a_2,244.07234,59.88559,304.81424,1.0,649.89816,30.92619,1.0,1.0,25.43195,2195.95098,1.0,166.17359,2.21521,4.74056,1.32502,2.47677,1.0,1.0,23.77343,D23.i_2
22540.46379,6975.88559,56568.78268,1824.8721,106768.10379,491.90062,30.81337,1.83924,2716.04223,367521.54423,27.87504,9188.97733,418.55556,2557.63408,1.0,698.8689,2357.07686,196.93836,5060.47231,D23.a_3,235.18345,20.81225,239.98091,1.0,633.89816,90.5373,1.0,1.0,24.32084,2080.89542,1.0,143.50692,3.80547,7.22,1.0,3.21516,1.0,1.0,38.24898,D23.i_3
21907.0749,6969.55226,55539.17157,1884.31654,103385.99268,413.73396,20.81337,4.35697,2626.82,345413.15534,25.54171,8690.36622,375.44444,2486.96741,1.0,622.14668,2064.35464,178.16058,4872.30564,D23.a_4,249.6279,33.60781,268.3698,1.0,670.78705,115.40783,1.0,1.0,20.65418,1997.11764,1.0,163.39581,1.96179,3.60889,1.0,4.68486,2.88889,1.0,42.4401,D23.i_4
19308.18601,6780.10781,47522.44935,1938.64987,96523.27046,467.23396,24.59114,1.83924,2507.70889,322296.43312,25.65282,8118.69955,350.72222,2351.63408,1.0,574.42446,2052.46575,148.49391,4793.80564,D23.a_5,210.51679,31.4967,180.53646,1.0,554.50927,11.11131,1.0,1.0,18.65487,1918.22876,1.0,122.00692,1.77077,1.65833,1.0,1.88182,1.0,1.0,20.13787,D23.i_5
19520.24157,6941.21892,43510.78268,1628.92765,92605.88157,428.01174,22.70226,3.51773,2537.37556,307548.93312,24.87504,8431.36622,406.88889,2101.68963,1.0,717.14668,1699.4102,144.93836,4617.75009,D23.a_6,240.6279,49.38614,258.75869,1.0,654.28705,24.38918,1.0,1.0,22.98751,1844.89542,1.0,158.95136,1.77077,2.90111,1.32502,1.88182,1.0,1.0,20.66898,D23.i_6
18754.96379,6539.71892,41794.72713,1959.09432,91929.27046,335.6784,23.70226,2.67848,2436.76445,295416.32201,24.98615,8174.03289,371.38889,2107.02297,1.0,703.92446,1880.68797,133.60502,4603.52786,D23.a_7,222.29457,24.72002,206.20313,1.0,603.28705,6.05565,1.0,1.0,23.20973,1792.61764,1.0,115.89581,2.5312,1.76945,1.0,1.73839,1.0,1.0,21.3912,D23.i_7
18159.29712,6354.10781,44111.50491,2124.26099,88674.27046,417.95618,24.48003,1.83924,2443.09778,287241.87757,24.31949,8188.69955,331.55556,1984.3563,1.0,640.14668,3279.74353,147.77169,4665.80564,D23.a_8,246.51679,28.21947,204.8698,1.0,583.50927,164.16696,1.0,1.0,17.32084,1698.33987,1.0,144.34025,2.5312,3.42778,1.0,5.58082,1.0,1.0,20.49566,D23.i_8
17556.01935,5861.21892,40272.78268,1450.92765,85253.15935,378.78951,19.70226,1.0,2297.98667,274790.26646,21.09727,7438.644,331.22222,2011.52297,1.0,654.81335,1516.57686,131.82725,4202.25009,D23.a_9,218.73901,41.20114,181.42535,1.0,547.50927,57.27807,1.0,1.0,19.09862,1635.00653,1.0,131.95136,2.21521,3.71167,1.65004,1.58788,1.0,1.0,17.00897,D23.i_9
42966.27778,29227.52131,29420.96137,16494.0128,346266.28658,56.24444,2.64617,1.0,3357.94444,660126.55904,416.78319,2793.43333,4639.40612,1468.02964,5.45975,238.57373,667.88889,531.18111,11219.15352,D24.a_0,766.84482,324.89612,584.78274,29.96736,5634.63989,346.09974,1.0,1.0,53.66667,7827.65489,2.31616,53.984,86.84161,16.66415,1.83333,3.93933,7.01625,1.0,208.85163,D24.i_0
45540.33333,29691.57686,27130.1836,19546.34614,377744.56436,74.16667,3.72325,1.0,3555.55556,646033.44793,408.72764,2862.15556,4746.62835,1747.14075,3.74541,228.29596,953.0,520.45889,10364.70908,D24.a_1,753.40037,309.72945,659.67163,55.6046,5826.91766,292.74147,1.0,1.0,57.44444,7123.98822,3.14803,42.81733,82.56383,12.99677,1.83333,3.73444,6.65785,1.0,139.24052,D24.i_1
42772.05556,29450.02131,29792.6836,12211.06836,333725.06436,40.67778,2.20623,1.0,3346.27778,634904.67015,382.50542,2801.54444,4517.90612,1357.5852,4.56299,270.79596,785.61111,497.62556,11769.15352,D24.a_2,695.90037,313.78501,643.28274,195.34973,5441.80655,98.15049,1.0,1.0,52.44444,6924.54378,4.02267,65.92844,93.78605,29.44121,1.0,2.0591,3.00542,1.0,211.5183,D24.i_2
41916.16667,28246.07686,26919.1836,12416.17947,342084.56436,107.35556,3.13366,1.0,3254.11111,628064.6146,365.22764,2642.82222,4356.07279,1400.25186,5.42826,262.46262,720.38889,444.23667,10427.9313,D24.a_3,685.01149,296.56278,605.67163,228.32682,5434.58433,313.81715,1.0,1.0,59.0,6604.65489,2.34467,48.87288,89.84161,10.60824,2.66667,2.50355,5.65785,1.0,115.57385,D24.i_3
40899.05556,29007.18797,29355.29471,14367.45725,331366.78658,84.68889,2.20623,1.0,3152.16667,617853.94793,376.44986,2753.1,4277.51724,1305.69631,7.22135,239.46262,693.66667,486.07,11543.26464,D24.a_4,716.84482,327.95167,542.83829,8.85295,5321.30655,176.80666,1.0,1.0,54.44444,6258.37711,2.37317,63.53955,86.50827,20.10842,1.83333,3.93933,7.60229,1.0,142.57385,D24.i_4
39913.27778,28443.79909,28606.96137,17295.90169,316758.78658,62.41111,2.35137,1.0,3073.11111,609349.78127,384.56097,2596.04444,4137.96168,1242.02964,8.88845,268.01818,603.61111,482.01444,11545.54241,D24.a_5,689.23371,302.61834,594.17163,55.54904,5478.69544,257.3574,1.0,1.0,57.44444,6100.65489,2.69225,74.984,92.00827,16.71935,1.83333,1.85422,29.26896,1.0,137.68496,D24.i_5
38421.33333,27558.79909,29084.79471,14494.0128,313763.11991,75.04444,2.35137,1.0,2760.22222,601224.39238,360.39431,2564.21111,3899.85057,1072.80742,8.96763,268.01818,542.16667,502.73667,12255.26464,D24.a_6,734.78926,290.67389,515.50496,24.42812,5413.08433,256.80666,1.0,1.0,58.0,5969.98822,2.64949,56.92844,94.78605,10.77526,1.83333,2.94799,4.06639,1.0,144.5183,D24.i_6
37195.88889,27646.24353,31350.46137,14654.56836,315525.28658,45.08889,3.50102,1.0,2873.11111,593865.6146,353.28319,2710.98889,4015.12835,982.80742,11.45975,258.2404,514.44444,541.45889,12698.54241,D24.a_7,721.73371,306.56278,545.11607,1.13073,5694.58433,179.93308,1.0,1.0,54.88889,5796.71044,2.96857,59.09511,90.61938,9.05304,1.0,2.74311,10.1382,3.1394,136.12941,D24.i_7
39557.66667,28138.13242,29174.01693,15384.12391,313111.23102,43.03333,2.3854,1.38692,3079.44444,585962.1146,359.94986,2657.71111,4247.46168,1334.0852,6.41995,240.7404,783.72222,533.57,12113.87575,D24.a_8,705.34482,305.84056,522.17163,117.63402,5667.19544,257.90814,1.0,1.0,59.55556,5571.09933,2.53838,64.87288,96.95272,6.38601,1.0,3.55044,4.06639,1.0,129.57385,D24.i_8
37695.38889,27900.35464,31568.07248,16287.56836,311454.56436,40.1,2.16318,1.0,2986.83333,581625.17015,334.44986,2613.6,4114.79501,1060.5852,2.84864,219.35151,604.55556,531.01444,12367.04241,D24.a_9,668.51149,239.89612,516.50496,68.38238,4765.52878,557.93308,1.0,1.0,42.44444,5366.37711,3.20505,62.70622,84.06383,6.22007,1.0,3.39244,16.02708,8.66769,110.68496,D24.i_9
13247.17095,4086.91111,8400.06622,291.81519,31979.07582,324.35496,9.52222,9.04504,795.28503,81791.48059,23.50542,194.77778,138.71927,303.88889,1.0,165.64724,461.81781,115.69438,28996.50386,D25.a_0,538.32686,80.54004,105.88889,1.0,879.69216,285.72222,1.0,1.0,30.27504,4238.50602,1.0,9.93399,10.27778,8.97539,1.0,1.0,11.36835,1.0,1542.69366,D25.i_0
12714.44873,3718.35556,8291.67733,98.89947,29461.90915,248.35496,8.17778,14.59457,722.11836,72962.36948,21.17208,201.05556,97.27483,251.0,1.0,163.2028,312.48448,69.38393,25310.39275,D25.a_1,480.99353,82.00078,126.22222,1.0,841.24772,269.05556,1.0,1.0,31.05282,3992.06157,1.0,6.37392,7.38889,7.15803,1.0,1.28801,4.16502,1.0,1136.86033,D25.i_1
12422.44873,3778.91111,8048.67733,93.3099,28013.74248,177.80318,9.3,12.42341,707.17392,70107.03615,18.28319,203.83333,96.71927,227.05556,1.0,169.98058,447.98448,78.74993,23893.89275,D25.a_2,548.21575,67.48448,101.0,1.0,899.85883,226.0,1.0,1.0,28.83059,3824.11713,1.3244,7.76732,9.0,7.15803,1.0,1.0,4.10946,1.0,1375.63811,D25.i_2
11643.44873,3622.07778,7520.89955,102.6576,25971.9647,218.21796,7.86667,2.12612,664.39614,67777.53615,20.39431,177.83333,106.27483,227.27778,1.0,148.36947,667.09559,97.4836,24083.61497,D25.a_3,490.1602,72.68374,144.88889,1.0,836.35883,201.44444,1.0,1.0,27.38615,3672.22824,1.0,4.87392,8.5,6.91984,1.0,1.0,8.75669,1.0,898.30477,D25.i_3
11168.44873,3088.91111,7403.23289,144.05177,25097.57582,259.19584,7.17778,13.71171,613.28503,65793.5917,20.50542,163.61111,84.55261,229.77778,1.0,141.09169,298.42893,38.78426,21848.78163,D25.a_4,488.99353,70.48448,116.88889,1.0,846.30327,123.33333,1.0,1.0,23.71948,3619.7838,1.0,7.42948,4.0,6.89622,1.0,1.0,6.42391,1.0,856.91589,D25.i_4
11052.05984,3123.35556,7414.23289,62.16478,24577.57582,171.44772,10.97778,7.87837,638.61836,64030.92503,18.39431,173.88889,88.83038,232.05556,1.0,147.98058,581.81781,38.14048,24281.55941,D25.a_5,470.10464,73.48448,210.38889,1.0,788.35883,127.44444,1.0,1.0,21.05282,3498.95046,1.0,2.74477,4.66667,7.11844,1.0,1.28801,8.03557,1.0,610.027,D25.i_5
10776.50428,2880.63333,7172.01066,37.42819,24650.74248,180.3884,8.62222,7.83783,614.50725,62533.20281,18.72764,170.94444,76.60816,240.11111,1.83333,141.59169,366.81781,14.02771,22066.9483,D25.a_6,443.93798,58.15115,106.44444,1.0,830.0255,143.94444,1.0,1.0,25.49726,3420.39491,1.0,9.50758,9.27778,4.62642,1.0,1.86403,2.16502,1.0,611.24922,D25.i_6
10633.17095,2958.24444,6556.78844,55.37264,23630.07582,81.19207,6.48889,11.29729,583.17392,61121.81392,18.50542,165.94444,78.9415,238.05556,1.0,144.36947,352.98448,33.17315,21698.17052,D25.a_7,453.6602,56.51707,104.0,1.0,721.08105,107.05556,1.0,1.0,24.38615,3336.7838,1.21626,7.04059,4.11111,7.53893,1.0,1.86403,8.62725,1.0,589.74922,D25.i_7
10674.39317,2899.74444,7018.844,58.15041,23641.74248,167.46985,6.28889,2.12612,612.06281,59808.92503,17.17208,158.0,88.99705,214.5,1.83333,169.64724,599.54004,78.66171,24060.22608,D25.a_8,443.82686,59.2067,120.11111,1.0,761.0255,283.72222,1.0,1.0,23.49726,3247.2838,1.0,8.09614,4.38889,6.60247,1.0,1.0,9.10946,1.0,491.80477,D25.i_8
10270.17095,2873.35556,6371.56622,81.20597,22979.52026,142.7255,6.84444,3.25225,586.06281,58250.20281,15.72764,147.88889,81.38594,242.94444,1.0,138.36947,382.65115,12.77282,20849.22608,D25.a_9,424.43798,62.31781,79.11111,1.0,721.41438,62.16667,1.0,1.0,16.38615,3174.06157,1.0,5.93399,5.22222,8.03095,1.0,1.86403,13.25724,1.0,887.80477,D25.i_9
24204.96827,12062.81885,8708.67936,702.42512,75251.57374,592.50789,63.66667,13.94918,5192.90052,395530.68417,7.50542,846.33223,57.86786,2113.96741,1.0,2503.78843,2648.83003,18.13224,12044.11625,D26.a_0,858.70186,76.28994,15.85409,1.0,1964.43917,9.11111,1.0,1.0,125.4946,592.97137,1.0,45.24784,1.0,2.33333,1.0,1.71334,3.88889,1.0,8.38111,D26.i_0
24151.07938,11903.98552,7163.51269,913.86956,75445.96263,487.89678,60.22222,3.37195,5037.01164,375258.40639,4.58785,820.27668,55.09008,2194.46741,1.0,3010.34398,2905.60781,25.6265,12608.39403,D26.a_1,654.31297,66.71746,18.21255,1.0,1521.21695,31.66667,1.0,1.0,106.05016,514.58249,1.0,38.74784,1.33333,2.11111,1.0,3.60223,1.0,1.0,6.02389,D26.i_1
22822.57938,11369.2633,8956.56825,712.59178,72216.96263,565.78567,70.11111,14.62905,4871.51164,361399.18417,5.05141,862.05446,55.86786,1973.13408,1.0,2556.67731,2865.88559,30.95122,13824.61625,D26.a_2,843.47964,76.71507,15.67728,1.0,1899.99472,27.61111,1.0,1.0,103.27238,472.41582,1.02392,36.24333,1.33333,2.55556,1.0,2.79334,1.0,1.0,11.22234,D26.i_2
21699.96827,10615.31885,7369.79047,743.36956,67628.35152,420.23011,62.77778,5.82113,4745.06719,351938.29528,4.27363,721.72112,46.42342,1895.46741,1.0,2454.95509,2588.27448,12.41288,12548.39403,D26.a_3,821.70186,52.06772,21.12173,1.0,1850.05028,27.44444,1.0,1.0,98.4946,409.24915,1.0,26.57216,1.0,1.44444,1.0,1.24001,1.0,1.0,7.47629,D26.i_3
21893.46827,10960.31885,9564.6238,921.53623,71086.07374,473.50789,71.44444,14.55182,4638.62275,343617.23972,4.81963,813.44334,63.86786,1812.02297,1.0,2463.62176,2734.05226,27.95122,14825.22736,D26.a_4,584.31297,46.66917,7.28309,1.0,1366.99472,1.0,1.0,1.0,100.82794,402.58408,1.0,37.74784,1.66667,1.77778,1.0,2.73779,1.0,1.0,11.88901,D26.i_4
20321.30161,10212.48552,7967.34603,751.20289,67796.57374,381.06345,60.33333,13.34654,4446.78941,333810.68417,4.72764,706.38779,51.47897,1864.18963,1.0,2283.62176,2388.88559,23.00678,12083.78292,D26.a_5,789.42408,55.00251,27.47535,1.0,1883.49472,11.05556,1.0,1.0,113.05016,357.13804,1.0,41.91451,1.0,2.22222,1.0,2.13334,1.0,1.0,7.33345,D26.i_5
20116.96827,10508.54108,10435.23492,818.314,61697.90707,649.95234,65.55556,5.21848,4425.34497,320982.18417,6.50542,814.05446,66.59008,1693.74519,1.0,2280.84398,2915.71892,235.83724,14628.83847,D26.a_6,857.31297,57.78029,22.38936,1.0,1904.66139,5.0,1.0,1.0,110.05016,339.86185,1.02392,33.24784,1.0,1.55556,1.0,1.16,1.0,1.0,6.32549,D26.i_6
18973.30161,9923.98552,8924.45714,722.86956,59066.96263,609.17456,64.88889,6.94918,4187.56719,305035.96195,4.70852,661.66557,60.25675,1661.96741,1.0,2205.34398,2698.21892,94.89567,12117.00514,D26.a_7,573.59075,29.10635,3.83864,1.0,1451.49472,1.0,1.0,1.0,94.05016,309.97137,1.0,21.57216,1.0,1.55556,1.0,1.05333,1.0,1.0,10.96839,D26.i_7
18663.85716,10056.98552,10233.84603,691.98067,59692.96263,510.56345,69.33333,8.11584,4518.90052,294969.23972,5.39431,668.22112,45.92342,1551.96741,1.0,2165.34398,2468.27448,31.3928,12548.67181,D26.a_8,809.09075,77.71507,25.56617,1.0,1761.82806,37.72222,1.0,1.0,96.82794,309.97137,1.0,27.52562,1.0,2.0,1.0,3.63112,1.0,1.0,9.62709,D26.i_8
17832.6905,9897.20774,10105.23492,841.53623,60775.24041,594.73011,66.77778,4.61584,4203.45608,282004.5175,4.92118,755.16557,57.25675,1514.18963,1.0,2125.73287,2700.44114,170.67057,14273.5607,D26.a_9,869.70186,72.65952,13.38936,3.93682,2120.99472,9.11111,1.56167,1.81354,108.60571,309.97137,1.0,27.13673,1.66667,2.88889,1.0,2.16,1.0,1.0,7.41283,D26.i_9
41009.98777,6758.9618,25212.74921,10522.20215,222012.66133,978.96133,34.02574,27.36844,2876.10577,1196046.25549,113.86667,28004.10712,284.50412,1220.24059,1.0,431.11163,932.4102,793.13417,3287.29556,D27.a_0,771.18307,91.76428,220.45806,1.0,3850.84338,240.5,1.0,1.0,101.90241,4262.32781,1.35743,551.89828,1.38538,19.24928,1.32502,1.71068,4.77778,2.20214,24.59779,D27.i_0
37212.43221,5918.79513,23552.30476,9762.09103,191403.60578,518.7391,32.47018,7.65133,2587.32799,1100195.75549,97.53333,24860.66268,272.89301,1251.46282,1.0,419.2783,960.18797,844.07861,2904.57334,D27.a_1,727.96084,140.26428,272.06917,15.42037,4217.28783,595.77778,1.0,1.0,106.56908,3763.77225,1.12316,524.28716,2.5312,20.9715,1.0,1.59903,1.0,1.0,26.36171,D27.i_1
32845.70999,5332.79513,22524.58254,8562.42437,172794.88355,448.96133,27.35907,8.29277,2129.38354,1006879.03327,87.97778,20641.49601,272.72635,1055.46282,1.0,387.50052,818.63242,850.63417,2818.96223,D27.a_2,632.73862,90.70872,199.40251,4.97346,3317.95449,306.44444,1.0,1.0,80.68019,3302.10558,1.2838,471.50939,1.77077,25.08261,1.32502,2.08857,11.5,1.0,23.06994,D27.i_2
31676.04332,5311.29513,22070.91588,8273.09103,180669.66133,516.68355,29.02574,3.10089,2218.71688,968712.92216,88.31111,19890.10712,266.89301,1052.18504,1.0,359.50052,808.68797,853.85639,2500.51779,D27.a_3,709.84973,46.39616,187.68028,30.86482,3581.01005,158.38889,1.0,1.0,99.45797,2992.66114,1.35743,463.17605,1.38538,12.21074,1.0,1.3328,4.77778,1.0,25.58393,D27.i_3
29908.20999,5086.18402,22115.30476,7657.92437,163298.88355,369.01688,28.24796,4.79277,2078.10577,925770.25549,87.31111,18041.94045,233.00412,895.57393,1.0,365.00052,741.29909,845.30083,2347.24001,D27.a_4,735.34973,89.87539,187.90251,28.42284,3853.17672,439.72222,1.0,1.0,92.90241,2740.88336,1.12316,437.84272,2.21872,15.78331,1.0,1.13312,5.77778,1.0,26.2506,D27.i_4
29480.8211,4872.73958,21601.36032,7298.36881,168989.49467,457.12799,26.24796,3.10089,1962.99465,883061.31104,86.97778,16238.82934,229.83746,903.29615,1.0,402.50052,784.96575,852.07861,2384.79556,D27.a_5,590.96084,79.81983,223.29139,6.3358,3003.89894,316.61111,1.0,2.11111,72.68019,2515.49447,1.06158,443.6205,3.23256,14.89442,1.0,1.3328,19.38889,1.0,35.63949,D27.i_5
27622.93221,4804.79513,20173.47143,7893.92437,160141.05022,379.01688,22.6924,2.05044,1941.60577,826634.14438,82.42222,16661.55156,228.72635,915.24059,1.0,383.66719,795.85464,813.74528,2232.6289,D27.a_6,703.23862,82.76428,255.40251,3.72469,3447.62116,221.94444,1.0,2.11111,91.23575,2289.88336,1.23427,460.34272,3.5659,23.80484,1.32502,1.26624,1.0,1.0,24.77831,D27.i_6
24594.09888,4237.62846,19824.91588,7378.97992,152439.93911,487.85021,24.6924,2.57566,1919.77243,795986.75549,71.2,14370.3849,200.33746,1064.3517,1.0,380.22274,716.74353,815.07861,2143.79556,D27.a_7,746.07195,87.76428,227.90251,2.36235,3543.84338,76.61111,1.0,1.0,82.23575,2111.93892,1.12316,413.39828,2.27427,15.86039,1.0,1.06656,6.77778,1.60107,22.7506,D27.i_7
25628.59888,5261.57291,19692.91588,8898.2577,185531.328,518.79466,29.47018,5.20177,2197.55021,770160.81104,89.42222,20404.16268,251.83746,1042.18504,1.0,549.94497,920.52131,861.80083,2832.68445,D27.a_8,749.57195,85.87539,150.95806,7.52901,4125.45449,275.33333,1.0,2.11111,108.01353,1996.2167,1.24632,803.89828,1.64231,13.08261,1.0,1.06656,1.0,1.0,25.97282,D27.i_8
24722.04332,4314.62846,18471.24921,7272.53548,141777.38355,509.25668,24.35907,2.57566,1950.60577,755931.81104,68.31111,15918.16268,197.44857,860.96282,1.0,380.83386,807.74353,773.91195,2109.46223,D27.a_9,748.12751,91.70872,227.73584,4.97346,3508.34338,271.5,1.0,2.11111,98.7913,1865.16114,1.24632,420.95383,2.34367,13.86039,1.0,1.3328,2.88889,1.0,18.19491,D27.i_9
27678.82253,18680.7067,35459.90611,536.52669,286921.15929,318.52895,7.39317,1.0,3538.79523,383879.13571,18.72415,33229.44334,120.62835,1293.17913,1.0,38.14742,258.4618,1661.46153,822.95508,D28.a_0,236.61615,9.9,94.52064,1.0,220.66882,819.75668,1.0,1.0,1.22102,1505.61345,1.0,18.33848,6.72557,5.03889,1.0,3.57778,1.38834,1.0,14.10235,D28.i_0
27576.43364,18506.81781,34179.46167,481.46039,277891.60373,444.99922,5.85973,1.0,3408.73967,371838.13571,19.05748,32665.33223,111.90612,1264.8458,1.0,43.25853,245.62846,1546.07264,786.51064,D28.a_1,202.50504,9.5,70.40953,1.0,177.89104,538.92054,1.0,1.0,1.11051,1264.28012,1.0,16.1617,2.66098,2.36611,1.0,3.84444,2.03557,1.0,7.60429,D28.i_1
27132.04475,17760.37337,35002.90611,258.44965,269058.21484,42.87089,6.33384,1.0,3382.51745,364985.24682,21.72415,32144.66557,126.90612,1269.95691,1.0,34.48076,333.68402,1537.23931,799.56619,D28.a_2,201.83837,34.95556,65.0762,1.0,188.00215,303.79184,1.0,1.0,1.0,1149.00234,1.0,13.72737,3.04987,1.52667,1.0,2.77778,7.66557,1.0,4.10478,D28.i_2
24497.54475,17478.26226,32561.90611,331.79373,252261.65929,33.24256,8.86727,5.27045,3352.62856,356240.80238,16.05748,31451.55446,117.85057,1310.79025,1.0,36.98076,306.01735,1683.6282,616.56619,D28.a_3,199.06059,38.92222,60.29842,1.0,170.72437,301.30661,1.0,1.0,1.22102,1038.5579,1.0,13.58425,2.62584,2.67889,1.0,5.62222,1.51779,1.0,4.54923,D28.i_3
24864.54475,17800.59559,33321.40611,351.1378,250347.15929,29.23865,4.35596,2.93712,3428.18411,348321.5246,16.39082,30378.11001,105.51724,1277.62358,1.0,30.25853,269.51735,1133.35042,600.17731,D28.a_4,171.28282,24.75556,47.63175,1.0,161.46499,70.95288,1.0,1.0,1.0,960.28012,1.0,15.08425,3.12015,1.65833,1.0,4.2,2.38834,1.0,3.99318,D28.i_4
24260.87808,17028.87337,32252.07278,320.08225,244174.15929,465.76839,4.07441,3.90568,3239.85078,342292.5246,15.27971,29771.4989,116.07279,1219.79025,1.0,30.36965,249.68402,1159.79486,707.78842,D28.a_5,198.94948,35.35556,52.40953,1.0,186.05771,137.76864,1.0,1.0,1.0,866.00234,1.0,21.00515,3.4739,1.395,1.0,3.93333,2.25889,1.0,4.93714,D28.i_5
22714.43364,16863.54004,31745.12834,340.6378,235777.04818,36.81142,5.42283,5.07234,3458.18411,335464.24682,15.83526,29501.77668,108.96168,1238.73469,1.0,22.64742,267.40624,1057.29486,621.51064,D28.a_6,180.50504,26.63333,66.52064,1.0,158.50215,188.064,1.0,1.0,1.11051,813.39123,1.0,13.0068,2.66098,3.49778,1.0,2.33333,1.38834,1.0,6.82798,D28.i_6
23724.65586,17214.26226,31960.295,363.74891,241062.88151,108.53756,3.68929,2.93712,3306.68411,328670.80238,16.94637,29532.38779,114.23946,1198.67913,1.0,23.98076,254.57291,1038.35042,642.17731,D28.a_7,173.06059,13.5,51.40953,1.0,126.22437,20.22785,1.0,1.0,1.77536,745.0579,1.0,16.08425,1.81292,2.69945,1.0,2.24444,1.25889,1.0,3.05117,D28.i_7
22002.43364,16260.48448,30964.01723,353.74891,226527.04818,29.56338,4.61539,1.0,3335.073,321279.46905,13.72415,28386.61001,93.85057,1153.45691,1.0,31.81409,277.18402,814.18375,630.45508,D28.a_8,166.06059,10.98889,46.29842,1.0,158.39104,33.71027,1.0,1.0,1.55375,687.50234,1.0,22.19536,2.23695,1.74889,1.0,2.51111,1.38834,1.0,4.21833,D28.i_8
21922.1003,16009.2067,29953.07278,358.69336,223154.60373,199.73865,4.14128,2.93712,3131.90634,312553.69127,16.16859,28224.33223,97.79501,1206.01247,1.0,37.09187,303.01735,1220.01709,647.06619,D28.a_9,153.17171,8.9,42.0762,1.0,130.26117,75.48523,1.0,1.0,1.0,666.5579,1.0,22.07248,1.42403,2.16445,1.0,1.26667,1.38834,1.0,4.16423,D28.i_9
9584.14922,4703.62555,82280.67248,1259.2654,16051.1301,766.77837,24.24796,20.5875,844.8987,980151.90678,21.18072,2012.51402,715.42336,3794.53479,1.0,958.21935,3939.51735,533.25071,18711.06353,D29.a_0,166.54246,69.08979,134.42366,1.0,93.4115,1286.64878,1.0,1.0,3.10811,1521.00541,1.0,12.66667,7.42465,1.04519,1.0,1.63582,2.06097,1.0,20.98686,D29.i_0
9437.70477,4491.90333,75964.2836,1395.87651,14838.18566,713.33392,18.80351,15.64966,824.73203,968840.90678,27.73628,1956.34735,729.20114,3982.97923,1.0,911.44157,3900.68402,428.6396,18227.56353,D29.a_1,175.76468,169.31429,122.97921,1.0,88.45439,1682.98212,1.0,1.0,4.05877,1379.17208,1.0,14.11111,4.08912,1.8926,1.0,4.43218,3.00542,2.20274,16.87575,D29.i_1
9448.70477,4481.90333,78270.89471,1318.54318,15087.68566,394.94503,20.02574,10.16945,803.95426,950541.29567,24.73628,1847.62513,773.8678,3746.42368,1.33365,892.99712,3970.23958,480.25071,17493.28576,D29.a_2,202.65357,205.36528,105.8681,1.0,112.68168,998.48212,1.0,1.0,4.00944,1227.17208,1.0,17.72222,4.80255,3.53853,1.0,6.84577,3.00542,1.63744,19.23759,D29.i_2
9381.14922,4412.07,76307.83915,1168.87651,14698.01899,454.50059,19.6924,10.25139,761.8987,936950.29567,25.40294,1891.95846,736.3678,3715.92368,1.33365,877.16379,3823.40624,417.08404,16811.50798,D29.a_3,216.20913,42.81201,116.31255,1.0,139.23217,854.81545,1.0,1.0,2.23466,1106.61652,1.0,11.77778,1.26678,1.1563,1.0,1.95373,1.0,1.0,13.57092,D29.i_3
8778.70477,4132.51444,73460.45026,1334.04318,13986.96344,364.1117,22.80351,16.19202,772.06537,921754.96234,23.51406,1831.7918,720.31225,3496.03479,1.33365,773.60824,3473.9618,403.69515,16309.2302,D29.a_4,186.20913,51.64078,135.42366,1.0,121.51501,984.25989,1.0,1.0,3.16988,1049.11652,1.0,14.61111,3.14907,2.27484,1.0,5.12969,1.53049,1.0,13.26464,D29.i_4
8882.42699,4195.29222,74285.72804,1124.93207,14461.18566,542.83392,18.58129,18.79653,765.23203,908389.129,25.73628,1867.62513,715.59003,3747.03479,1.33365,896.21935,3810.4618,385.69515,17487.78576,D29.a_5,194.54246,58.58522,89.20143,1.0,115.01501,518.03767,1.0,1.0,3.93222,991.06096,1.0,7.5,3.37789,1.1563,1.0,5.51244,2.06097,2.59163,11.87575,D29.i_5
8751.14922,4026.29222,72811.72804,1336.43207,14817.46344,374.75982,20.02574,7.29375,745.67648,895882.74011,22.06961,1859.68068,709.97891,3564.36812,1.0,960.55268,3697.18402,487.86182,16323.84131,D29.a_6,186.54246,24.64534,95.20143,1.0,118.57057,918.42656,1.0,1.0,1.87044,907.28319,1.0,11.27778,4.47801,3.06298,1.0,1.31791,1.53049,2.41522,12.09797,D29.i_6
8925.5381,4242.90333,78335.67248,1390.70985,15561.6301,163.63015,21.80351,11.33611,788.95426,879351.29567,24.40294,1862.7918,704.25669,3477.70145,1.0,963.94157,3620.73958,499.69515,16214.84131,D29.a_7,215.98691,30.75645,107.31255,3.58105,151.95946,912.42656,1.0,1.0,2.58344,854.8943,1.0,9.27778,1.3735,1.42742,1.0,1.63582,4.18292,1.0,11.40425,D29.i_7
8355.31588,4258.12555,74022.72804,1254.09874,13451.1301,230.98204,18.6924,16.27396,739.28759,865707.40678,22.9585,1799.73624,674.53447,3325.53479,1.0,849.88601,3472.79513,429.80626,15248.28576,D29.a_8,193.09802,29.75645,108.42366,1.0,111.95439,861.09323,1.0,1.0,1.98155,781.78319,1.0,9.88889,2.26238,3.5489,1.0,2.27164,2.59146,1.0,14.26464,D29.i_8
8364.26033,4021.29222,73588.06137,1357.20985,15407.40788,227.24126,20.80351,18.25417,743.23203,853764.79567,21.29183,1812.2918,622.97891,3254.86812,1.0,826.66379,3514.62846,409.91737,15430.50798,D29.a_9,196.09802,48.69861,114.8681,1.0,110.46452,557.09323,1.0,1.0,2.41055,739.61652,1.0,8.38889,3.04456,1.47926,1.0,3.034,1.0,1.0,9.32457,D29.i_9
5852.95567,2499.92893,7490.31949,752.20093,34328.71696,299.35008,11.31671,8.27018,291.26839,100689.62002,9.11568,11602.05556,69.16667,515.72222,1.0,406.9252,903.74353,135.1974,4903.75667,D3.a_0,213.48589,115.73743,579.69848,1.0,762.02297,641.25989,1.0,1.14884,7.28419,4948.65703,1.0,933.234,1.6894,2.93509,1.0,6.16523,8.61111,1.0,156.75225,D3.i_0
5598.62234,2555.65115,8069.54171,791.93824,33751.16141,167.9201,6.98338,1.83782,294.32394,96899.56447,11.00456,11827.72222,63.72222,422.94444,1.0,467.86965,1146.35464,172.91963,4668.09001,D3.a_1,184.15256,275.68751,232.53181,1.0,719.13408,653.48212,1.0,1.0,10.42629,4591.9348,1.33784,835.84511,1.6894,2.30088,1.0,4.59163,5.72222,1.0,192.47447,D3.i_1
5487.01123,2314.92893,7357.4306,792.63029,31898.32807,550.08676,8.43581,1.0,262.60172,93170.84225,6.609,10834.88889,61.55556,384.66667,1.0,411.53631,1480.02131,115.47518,4997.20112,D3.a_2,187.15256,151.29862,229.58737,1.0,749.18964,1502.09323,1.0,1.0,9.23594,4429.60147,1.0,784.84511,5.16226,1.9791,1.0,9.70828,8.61111,1.0,159.36336,D3.i_2
5190.23345,2177.59559,7069.26393,741.92315,30466.21696,164.44749,11.98338,1.0,257.3795,88868.95336,7.67123,10339.61111,56.05556,350.11111,1.0,384.9252,1159.4102,136.08629,5159.9789,D3.a_3,180.48589,115.24871,245.80959,1.0,712.02297,1045.871,1.17335,1.0,9.79149,4298.54592,1.0,689.40067,6.71213,1.85643,1.0,5.54858,9.61111,1.0,198.69669,D3.i_3
5228.62234,2123.81781,6992.65282,902.66046,29771.0503,307.58676,7.21358,2.25673,243.82394,86855.23114,6.65787,10456.94444,53.66667,363.83333,1.0,390.09187,1158.18797,94.03074,4572.4789,D3.a_4,198.48589,84.89845,212.9207,1.0,704.18964,1271.98212,1.0,1.0,9.10933,4130.49036,1.0,861.45622,1.6894,1.9791,1.0,6.7458,11.55556,1.0,145.3078,D3.i_4
5006.56678,2058.26226,6978.15282,541.77157,30034.38363,182.30899,6.99934,1.0,244.15728,84574.56447,8.14011,9979.88889,54.05556,316.05556,1.0,355.14742,1053.29909,112.1974,4678.20112,D3.a_5,177.70812,87.78734,255.25403,1.0,646.80075,709.03767,1.0,1.0,9.45816,4025.32369,1.26076,786.95622,2.00568,1.43399,1.0,13.14022,3.88889,1.0,162.53002,D3.i_5
4999.12234,2065.48448,6850.26393,588.16046,28332.71696,315.80899,7.86428,1.83782,255.93506,82852.78669,5.36234,10440.61111,66.83333,280.27778,1.0,379.98076,1298.9102,115.6974,4383.81223,D3.a_6,176.48589,132.24307,205.36514,1.0,647.52297,949.31545,1.0,1.14884,10.75962,3946.87925,1.2993,763.90067,1.6894,1.456,1.0,6.81386,6.66667,1.0,146.14113,D3.i_6
4903.73345,1873.37337,7240.15282,662.88269,28949.99474,236.93379,12.97539,2.25673,227.71283,81404.73114,6.41121,10325.05556,48.55556,295.5,1.0,332.14742,1233.52131,115.1974,5035.20112,D3.a_7,195.15256,85.34854,233.80959,1.0,707.63408,1249.64878,1.0,1.14884,16.20407,3889.21258,1.11562,789.45622,3.38448,1.08911,1.0,6.54161,2.88889,1.0,138.41891,D3.i_7
4878.17789,1880.15115,7546.81949,915.77157,29328.82807,248.61416,9.87227,1.41891,245.3795,80312.12002,6.49788,10817.55556,50.0,335.11111,1.0,346.86965,1253.4102,105.64185,5294.36778,D3.a_8,191.37478,103.5152,209.36514,3.19511,681.57853,1142.64878,1.08667,1.29767,10.22045,3821.15703,1.0,710.78956,2.82324,1.26733,1.0,8.38745,7.72222,1.0,179.03002,D3.i_8
4657.90011,1845.87337,6747.37504,766.32713,27286.93918,218.54491,10.41186,1.83782,230.15728,78906.67558,8.18899,9354.22222,61.0,282.44444,1.0,324.36965,1094.07686,105.58629,4503.70112,D3.a_9,183.37478,103.06512,194.58737,1.0,649.18964,923.20434,1.08667,1.14884,10.60114,3726.49036,1.11562,746.51178,4.4173,1.0,1.0,7.05412,9.5,1.0,142.25225,D3.i_9
17202.2508,1299.23958,8021.50498,478.84291,51386.01989,90.14867,7.06088,1.3488,157.94854,205089.08141,9.98615,649.31066,247.96168,359.68504,1.0,298.27918,126.2067,61.32365,2670.41675,D30.a_0,675.27264,31.63278,215.1086,1.0,1377.04843,72.44444,1.0,1.0,1.10446,3847.6033,1.0656,65.69229,23.46042,1.86667,1.0,4.60001,1.0,1.0,45.63612,D30.i_0
16123.08413,1180.18402,8573.7272,550.89847,46863.131,79.22144,4.57263,1.3488,142.72632,196461.4703,10.20838,678.75511,237.51724,329.96282,1.0,277.22363,158.92893,83.02606,2507.97231,D30.a_1,615.27264,9.76354,209.16415,1.0,1384.82621,37.72222,1.0,1.41891,1.31337,3690.04774,1.0,54.47007,10.62709,2.76667,1.0,2.76667,1.0,1.0,37.74723,D30.i_1
15455.91746,1197.35069,8770.17164,445.17625,45748.29766,74.73005,4.89582,1.6976,138.61521,191022.63697,7.76393,701.53289,225.6839,332.68504,1.0,362.11252,233.09559,55.4705,2455.91675,D30.a_2,686.27264,15.47153,191.55304,1.0,1429.27065,130.22222,1.02222,1.0,1.0,3496.15885,1.0,73.41451,12.29595,1.98889,1.0,4.42668,1.0,1.0,39.525,D30.i_2
15032.08413,1168.9618,8195.2272,532.7318,43418.35322,88.09311,7.42786,1.3488,131.39299,184925.13697,8.87504,654.92177,239.90612,316.51837,1.0,282.66807,122.2067,52.34152,2476.02786,D30.a_3,599.38375,14.88549,180.99748,1.0,1206.38176,478.94444,1.0,2.58558,1.0,3302.32552,1.0,52.58118,14.68264,1.62222,1.0,5.62446,1.0,1.24339,37.30278,D30.i_3
15060.47302,1131.73958,8721.83831,527.67625,43877.96433,98.64006,4.98342,3.56186,136.05966,181615.30363,12.98615,652.81066,215.6839,324.01837,1.0,363.05696,184.59559,74.56374,2406.58342,D30.a_4,670.38375,23.22965,199.66415,1.0,1362.49287,70.44444,1.0,1.0,1.0,3197.04774,1.0,63.08118,19.07153,2.02222,1.0,6.15556,1.0,1.0,37.025,D30.i_4
14393.97302,1024.4618,8161.11609,556.12069,42721.131,100.42645,6.16184,1.1744,127.28188,176915.74808,9.54171,637.58844,226.85057,318.62948,1.0,275.94585,142.98448,56.76615,2325.58342,D30.a_5,669.77264,34.81028,196.66415,1.0,1311.38176,33.55556,1.0,1.0,1.0,3113.43663,1.0,65.3034,20.18704,1.4,1.0,3.60223,1.0,1.0,29.63612,D30.i_5
13701.58413,1004.40624,8246.06053,553.45402,41362.24211,248.96479,5.79485,1.1744,132.39299,173078.19252,11.87504,709.03289,230.12835,291.68504,1.0,275.83474,147.92893,78.15504,2446.80564,D30.a_6,647.05042,13.94646,203.1086,6.21277,1373.71509,84.88889,1.0,1.0,1.0,3050.43663,1.0,80.19229,18.84931,1.44444,1.0,4.26667,1.83526,1.0,36.96945,D30.i_6
13678.58413,1179.01735,8337.2272,403.84291,40238.01989,43.84507,6.83865,2.86426,124.39299,169589.35919,9.98615,643.81066,229.62835,277.57393,1.0,265.77918,107.42893,28.04587,2371.19453,D30.a_7,521.55042,13.95188,143.33082,3.60638,1078.71509,23.38889,1.0,1.0,1.0,2935.04774,1.0,53.47007,13.01817,1.13333,1.0,3.54889,1.0,1.0,23.80278,D30.i_7
13213.97302,964.01735,8801.00498,607.78736,37801.01989,73.3795,4.1955,1.5232,113.39299,166364.69252,11.20838,611.75511,235.62835,260.29615,1.0,205.50141,98.48448,132.93282,2376.75009,D30.a_8,677.77264,28.11854,191.88637,1.0,1345.93732,21.33333,1.0,1.0,1.43779,2866.99218,1.0,58.85895,19.51817,1.33333,1.0,5.2089,1.0,1.0,41.30278,D30.i_8
13063.80635,990.18402,8652.94942,507.06514,39074.57544,123.73865,4.97327,1.0,111.94854,163700.13697,8.54171,621.644,214.57279,296.79615,1.0,295.55696,174.59559,71.15504,2313.13898,D30.a_9,621.9393,12.88549,186.55304,1.0,1272.54843,111.16667,1.01111,2.58558,1.21557,2825.21441,1.0,56.02562,14.80035,1.17778,1.0,3.18223,1.0,1.24339,29.025,D30.i_9
53207.34427,9284.18797,9522.4338,3069.48817,267087.7285,240.05605,11.11111,11.0,797.13175,392993.82528,109.87268,579.13673,157.01724,1374.74928,1.0,224.99712,290.54004,16.84753,2751.95556,D31.a_0,1644.96932,130.98706,175.14873,1.0,5961.52929,9.23377,1.0,1.0,18.106,4327.50734,2.37778,11.49623,7.4982,7.49387,1.0,4.7126,1.0,1.0,24.39953,D31.i_0
52525.17761,8895.85464,9035.10047,2914.71039,257441.61739,259.44503,5.94444,5.44444,745.18731,382922.10306,106.76157,586.97007,131.35057,1307.02706,1.0,237.94157,272.54004,9.9439,2668.73333,D31.a_1,1858.13599,98.59817,141.25984,1.0,6521.41818,13.34488,1.0,1.0,17.99489,4112.34067,3.56667,1.9366,3.66503,7.26393,1.0,2.61811,1.0,1.0,20.30017,D31.i_1
52238.23316,8882.4102,8982.32269,3070.93261,257840.95073,342.03759,7.72222,11.38889,737.0762,375568.49195,109.65045,577.63673,108.1839,1299.02706,1.0,253.60824,440.92893,10.12531,2586.4,D31.a_2,1540.35821,121.9315,192.92651,1.0,5409.19595,3.47359,1.0,1.0,18.66156,3949.78512,2.48889,8.33364,6.44231,5.58877,1.0,3.48207,1.79131,1.0,24.23286,D31.i_2
52385.17761,9536.96575,9730.37825,4066.09928,249559.2285,248.22271,6.22222,15.77778,778.29842,366766.0475,97.0949,608.85895,128.07279,1341.30484,1.0,287.05268,334.2067,19.2143,2799.73333,D31.a_3,1575.35821,143.09817,167.37095,1.0,5971.1404,5.52915,1.0,1.0,18.99489,3845.06289,2.0,11.02793,7.3312,6.74772,1.0,2.17367,1.0,1.0,21.89953,D31.i_3
50028.62205,8985.29909,9304.60047,3255.93261,237258.45073,249.1117,7.88889,14.61111,748.96509,354929.82528,107.53934,553.74784,126.1839,1249.63817,1.0,255.94157,354.92893,12.65138,2839.56667,D31.a_4,1668.80266,124.9315,151.25984,1.0,5991.97373,7.59625,1.0,1.0,20.99489,3771.61845,1.61111,8.7423,4.16503,9.99387,1.0,2.3084,2.58261,1.0,23.06619,D31.i_4
46859.84427,8633.63242,10787.10047,2166.15484,213333.45073,144.38948,6.77778,8.88889,711.63175,338952.65861,96.87268,519.85895,145.96168,1158.69373,1.0,231.99712,252.15115,12.61056,2704.84444,D31.a_5,1699.46932,102.59817,146.14873,1.0,6041.58484,17.87403,1.0,1.0,16.32822,3739.95178,2.54444,9.48053,6.55392,15.16053,1.0,2.7126,1.0,1.0,25.73286,D31.i_5
47369.23316,9139.85464,11165.87825,2607.37706,213904.45073,136.90793,7.33333,11.0,779.90953,326602.60306,98.98379,549.85895,153.1839,1298.41595,1.0,262.33046,291.54004,6.85149,2988.9,D31.a_6,1565.85821,111.70928,159.37095,1.0,5639.91818,5.12265,1.0,1.0,16.21711,3671.89623,2.15556,3.90489,4.60931,12.38275,1.0,4.37096,1.0,1.0,22.81193,D31.i_6
45149.67761,8032.35464,9661.48936,2220.43261,213629.45073,161.51904,5.77778,8.77778,681.29842,315026.60306,85.76157,463.58118,125.01724,1162.4715,1.0,198.55268,249.87337,6.02552,2227.17778,D31.a_7,1670.58044,122.87595,131.59317,13.29046,6015.30706,5.12265,1.0,1.0,17.88378,3582.72956,1.75556,6.28593,4.10947,7.65282,1.0,4.65705,1.0,1.0,20.45508,D31.i_7
44420.17761,8149.35464,9876.10047,2290.3215,201852.2285,320.94503,6.22222,6.55556,644.46509,305486.32528,80.65045,463.24784,133.29501,1104.58261,1.0,197.55268,263.7067,8.19219,2449.9,D31.a_8,1532.63599,123.76484,155.25984,10.67935,5353.75151,6.77172,1.0,1.0,19.66156,3550.78512,2.22222,15.13527,8.33137,7.35883,1.0,2.8084,1.0,1.0,30.51064,D31.i_8
41220.95538,7914.74353,10546.04491,2486.59928,188112.7285,148.44503,4.55556,5.44444,606.18731,295564.71417,80.42823,482.02562,120.90612,1062.86039,1.0,194.7749,233.15115,6.58845,2349.45556,D31.a_9,1511.19155,93.54262,149.03762,1.0,5346.47373,8.00274,1.0,1.0,16.99489,3446.39623,2.61111,4.76208,5.22009,6.25543,1.0,2.7126,1.0,1.0,24.84397,D31.i_9
34075.48936,3274.82653,13665.85389,3816.52959,175573.60442,290.07199,2.04392,1.29767,1223.98536,437880.35348,44.11111,483.75896,229.53453,327.31445,1.0,803.88601,302.96575,80.63227,3028.40451,D32.a_0,369.20662,16.7606,155.21345,1.0,970.37123,364.0,1.0,1.0,2.97822,1068.11745,1.0,12.72695,9.77337,1.55556,1.0,1.0,1.0,1.0,22.40121,D32.i_0
28883.9338,2643.43764,12246.79834,3545.69625,145891.43775,28.80673,1.21705,1.0,1021.04091,365606.85348,33.66667,416.37007,244.75675,267.59223,1.0,556.83046,234.4102,49.41005,2304.40451,D32.a_1,392.98439,20.81616,147.88011,1.0,1038.81567,168.72222,1.0,1.0,2.75599,868.78412,1.0,16.09963,12.6107,1.22222,1.0,1.31791,1.0,1.0,25.67899,D32.i_1
25155.98936,2210.71542,11612.90945,3001.1407,123340.4933,55.52895,2.34625,1.74418,922.9298,317181.63126,28.66667,400.42563,213.75675,247.03667,1.0,644.2749,191.96575,40.35449,2233.73784,D32.a_2,418.37328,25.43113,186.65789,1.0,1101.81567,445.88889,1.0,1.0,3.92985,816.28412,1.0,32.0765,22.43603,1.11111,1.0,1.95373,1.0,1.0,43.06788,D32.i_2
24064.71158,2215.71542,10750.18723,2897.86292,117945.54886,57.90923,2.07493,1.14884,857.09647,290064.96459,21.11111,384.09229,170.03453,268.20334,1.0,516.99712,157.29909,35.74338,2034.12673,D32.a_3,420.98439,32.59779,208.88011,1.0,994.37123,325.0,1.0,1.0,7.35251,722.22856,1.0,34.53715,27.81693,1.11111,1.0,1.0,1.0,1.0,38.67899,D32.i_3
19705.04491,1978.21542,9621.57612,2038.47403,103983.82664,41.24726,2.51938,2.04185,788.9298,254725.52015,23.0,314.48118,155.42342,213.03667,1.0,458.38601,172.24353,30.68783,1740.51562,D32.a_4,566.70662,17.54031,207.88011,1.0,1114.64901,257.11111,1.0,1.0,3.56515,648.89523,1.0,32.7918,20.93204,1.44444,1.0,1.0,1.0,1.0,39.45677,D32.i_4
16129.54491,1612.60431,7759.29834,1581.97403,85312.54886,3.27308,1.56847,1.0,622.65202,217078.18682,15.66667,247.92563,101.97897,190.37,1.0,409.60824,148.52131,3.39212,1565.18229,D32.a_5,480.98439,27.54224,242.99123,1.0,1235.87123,431.72222,1.0,1.0,3.48541,570.28412,1.0,34.8867,29.48359,1.33333,1.0,3.16053,1.0,1.0,44.56788,D32.i_5
14082.60047,1389.10431,9256.57612,1342.1407,73381.10442,65.91393,1.31007,1.0,540.37425,188223.0757,13.22222,288.25896,121.14564,173.37,1.0,454.66379,143.4102,19.72869,1457.7934,D32.a_6,435.87328,32.98283,236.88011,1.0,1107.42678,316.33333,1.0,1.0,5.71243,543.78412,1.0,35.20382,28.04715,1.33333,1.0,2.08027,1.0,1.0,42.45677,D32.i_6
13791.65603,1399.38209,8678.35389,1471.1407,72966.54886,70.99922,1.64858,1.0,486.48536,169978.13126,12.55556,252.09229,122.3123,176.14778,1.0,301.66379,113.74353,16.66578,1177.62673,D32.a_7,409.53995,27.65142,213.43567,1.0,1025.09345,210.05556,1.0,1.0,3.56994,475.83967,1.0,46.03715,29.21381,1.22222,1.0,1.0,1.0,1.0,51.89367,D32.i_7
13402.4338,1314.38209,8701.57612,1391.19625,67555.54886,38.75978,1.67958,1.0,469.59647,158471.79793,14.55556,248.25896,134.47897,160.48111,1.0,284.71935,143.4102,12.7622,1160.90451,D32.a_8,439.65106,42.18209,256.88011,1.0,1072.03789,211.77778,1.0,1.0,5.09892,460.11745,1.0,45.12513,20.04715,1.33333,1.0,1.0,1.0,1.0,45.62343,D32.i_8
12629.87825,1181.9932,10189.35389,1404.08514,58770.71553,36.05477,2.15503,1.29767,362.65202,147950.02015,9.44444,307.37007,134.70119,170.70334,1.0,319.21935,155.29909,23.13227,1784.57118,D32.a_9,700.81773,34.76253,222.54678,1.0,1098.03789,386.44444,1.0,1.0,3.90327,445.11093,1.0,42.90291,31.81693,1.66667,1.0,3.16053,1.0,1.0,41.56788,D32.i_9
16522.34836,4067.63333,6931.96198,1353.15719,61617.16238,462.38889,61.11111,12.89206,1230.72575,435392.73263,253.51406,223.95846,294.22222,978.29025,1.0,5443.21607,95.42893,10.38102,14266.88745,D33.a_0,545.025,97.26457,334.15279,1.0,1431.71172,819.93643,1.27778,1.52522,15.85106,4709.32659,9.97778,38.55446,26.81693,1.7068,1.32502,1.30067,1.0,1.0,166.91911,D33.i_0
14882.73725,3470.41111,6237.1842,1314.49052,56774.82905,378.16667,54.33333,3.79735,1090.11464,414458.78819,232.51406,221.06957,272.66667,877.3458,1.0,3552.0494,103.37337,13.72967,13436.99856,D33.a_1,568.35833,105.32013,333.37501,1.0,1454.71172,673.71421,1.22222,1.52522,14.07328,4368.27104,10.62222,41.72112,23.98759,1.94523,1.0,1.45101,10.66667,1.0,140.47467,D33.i_1
14552.57059,3678.8,6557.46198,1115.65719,54178.10682,281.5,52.77778,1.93245,1073.44797,392648.78819,218.29183,214.23624,279.16667,852.23469,1.0,4238.27162,111.42893,15.05338,12844.27634,D33.a_2,529.13611,101.32013,334.70835,1.0,1385.71172,702.65865,1.11111,1.0,10.96217,4116.54882,6.71111,29.33223,23.32492,1.79478,1.32502,1.45101,4.77778,1.0,133.19689,D33.i_2
14658.6817,3701.02222,6998.29531,1332.49052,55278.99571,406.88889,59.44444,15.92804,1110.05908,375613.8993,224.9585,215.95846,300.94444,832.3458,1.0,4123.49385,116.37337,16.80053,12093.38745,D33.a_3,551.525,191.9868,331.98612,1.0,1328.26728,460.26977,1.05556,1.0,18.73995,3969.54882,8.96667,33.11001,21.26537,1.46066,1.0,1.0,3.83333,1.0,168.41911,D33.i_3
14232.51503,3666.74444,7021.73976,1291.15719,52309.10682,429.5,61.88889,19.65784,1143.17019,363741.67708,235.9585,199.95846,304.05556,772.51247,1.0,3864.71607,91.65115,13.41164,13677.66523,D33.a_4,549.85833,137.59791,300.31946,3.18655,1329.82283,503.21421,1.05556,1.0,14.51773,3875.32659,8.41111,31.77668,19.92804,2.19138,1.0,2.19612,7.61111,1.0,129.97467,D33.i_4
13568.1817,3453.07778,6767.23976,1133.93497,51461.8846,486.94444,47.22222,18.49118,1054.11464,352757.67708,221.9585,214.51402,257.0,780.51247,1.0,3733.21607,82.65115,18.63387,13016.16523,D33.a_5,544.91389,83.04235,319.15279,1.0,1377.4895,549.56695,1.0,1.52522,20.07328,3712.60437,10.42222,28.16557,22.27337,3.05634,1.0,1.45101,5.72222,1.0,175.53023,D33.i_5
13233.95948,3457.24444,6793.51753,1296.37941,50918.99571,642.94444,52.22222,11.25696,1057.44797,341048.34374,219.06961,186.62513,254.66667,747.01247,1.0,3458.60496,82.59559,12.10324,12739.60967,D33.a_6,550.63611,134.59791,325.81946,5.37311,1410.37839,376.90029,1.0,2.05044,14.51773,3592.21548,7.4,31.27668,15.71781,2.36576,1.0,1.89545,5.72222,1.0,147.47467,D33.i_6
12464.12614,3341.85556,6611.12864,1200.7683,47175.32905,608.16667,41.33333,19.42363,1021.83686,324577.84374,199.62517,186.40291,221.61111,711.73469,1.0,3431.60496,94.11189,9.07831,11905.72078,D33.a_7,493.025,135.42271,274.20835,1.0,1207.93394,226.6128,1.0,1.0,16.62884,3466.10437,8.53333,25.9989,24.98759,1.93752,1.0,1.15034,21.33333,1.0,123.808,D33.i_7
12372.73725,3406.57778,6650.73976,1172.37941,44925.05127,513.5,45.66667,16.62186,1014.94797,315054.17708,197.9585,198.56957,244.27778,680.01247,1.0,3140.93829,103.48448,11.26029,11079.22078,D33.a_8,461.13611,45.35011,282.81946,1.0,1126.76728,360.62251,1.11111,1.0,12.62884,3319.60437,8.2,23.27668,18.49159,1.42902,1.0,1.45101,11.44444,1.0,128.58578,D33.i_8
11391.57059,2928.96667,6212.40642,1002.43497,41805.10682,396.66667,43.44444,14.75696,863.17019,301628.56596,193.06961,182.2918,209.27778,631.17913,1.0,3531.32718,89.54004,12.01707,10428.44301,D33.a_9,567.13611,79.20902,307.43057,1.0,1343.9895,350.90999,1.0,1.0,15.73995,3240.77104,7.31111,32.83223,25.6027,2.57255,1.0,1.90201,17.22222,1.0,196.64134,D33.i_9
14777.71148,6851.95889,13211.17052,1551.17711,58708.18136,213.41052,15.0,2.98598,2349.16258,89110.78819,10.16667,4280.3034,1440.42804,1311.42488,1.0,319.98247,607.85464,152.95699,2124.81507,D34.a_0,1092.04727,164.80759,222.61228,1.0,2906.0749,729.22222,1.0,2.8649,21.00657,978.79815,1.0,105.04444,52.05279,6.64002,1.0,1.0,2.31402,1.0,4.62024,D34.i_0
14307.37814,6580.90333,13716.22608,1716.23267,55564.40358,168.24385,15.66667,3.48248,2178.99592,87233.3993,8.77778,4025.19229,1399.59471,1357.20266,1.24198,296.14914,555.29909,144.29032,2030.70395,D34.a_1,1001.60283,100.14092,167.27895,8.68223,2561.96379,745.77778,1.0,1.0,29.11768,879.24259,1.0,100.01111,40.60865,7.47335,1.0,2.86667,1.0,1.0,4.53128,D34.i_1
13921.76703,7048.90333,12347.17052,1414.62155,52747.57025,256.3884,18.44444,1.0,2135.66258,85171.28819,11.44444,4073.13673,1408.37248,1223.75822,1.48395,292.92692,553.24353,138.51254,2024.1484,D34.a_2,1012.93616,101.19648,147.72339,21.34003,2738.29712,343.22222,1.0,1.0,27.00657,816.46482,1.0,91.98889,34.05279,7.18461,1.0,2.6,1.0,1.0,4.49577,D34.i_2
13511.26703,6428.90333,12804.72608,1478.78822,51318.79247,225.85496,12.38889,2.98598,2064.2737,83154.51041,9.72222,3781.47007,1275.42804,1173.81377,1.48395,281.48247,553.18797,160.12365,1810.42618,D34.a_3,896.3806,106.09726,162.50117,1.0,2376.0749,222.22222,1.0,1.93245,23.19066,732.52037,1.0,85.32222,33.08072,5.80121,1.0,2.06667,1.0,1.0,4.64907,D34.i_3
13565.10037,6080.90333,12162.11497,1308.62155,52989.29247,157.96608,12.44444,1.99299,1958.99592,81249.78819,7.0,3615.52562,1247.87248,1232.92488,1.24198,269.20469,482.07686,138.5681,1813.42618,D34.a_4,994.65838,98.19648,173.94562,1.0,2751.5749,339.33333,1.0,1.93245,29.3399,679.90926,1.0,95.76667,52.77501,7.08446,1.0,1.26667,1.65701,1.0,6.87798,D34.i_4
13901.37814,6187.51444,12750.28163,1429.73267,53002.18136,197.07719,10.27778,3.15966,1905.05147,79791.28819,7.22222,3738.91451,1244.31693,1341.64711,1.48395,265.8158,575.07686,141.79032,1850.70395,D34.a_5,941.43616,83.14092,149.39006,1.0,2454.85267,103.05556,1.0,1.0,16.00657,632.8537,1.0,87.37778,36.58072,3.71202,1.0,2.24444,2.31402,1.0,6.38466,D34.i_5
12995.9337,6188.40333,12367.83719,1646.51044,52186.40358,483.85873,14.33333,1.0,1914.21814,78063.28819,7.11111,3703.58118,1270.98359,1290.86933,1.24198,273.26025,516.63242,130.79032,1943.25951,D34.a_6,872.26949,89.19648,137.39006,1.0,2377.63045,345.27778,1.0,1.93245,34.89546,585.79815,1.0,84.87778,28.83118,4.42328,1.0,5.62222,2.31402,1.0,8.05132,D34.i_6
13053.21148,5961.29222,12307.4483,1834.95489,50912.90358,122.30318,14.22222,5.31931,1824.05147,76892.01041,8.66667,3509.69229,1213.48359,1224.20266,1.0,255.8158,735.35464,135.0681,1961.59284,D34.a_7,731.15838,55.68556,98.94562,1.0,1941.5749,158.72222,1.0,2.8649,9.21608,585.79815,1.0,70.04444,31.58103,3.16742,1.0,1.26667,1.0,1.0,2.97573,D34.i_7
12543.48926,5826.34778,11926.50386,2098.17711,46914.57025,211.16617,12.22222,1.0,1836.71814,75825.62152,10.0,3539.8034,1219.15026,1395.42488,1.0,240.59358,546.18797,167.84588,1732.70395,D34.a_8,957.43616,95.11909,142.83451,1.0,2512.68601,226.22222,1.0,1.0,28.66052,543.96482,1.0,88.48889,26.9423,2.88964,1.0,1.0,1.0,1.0,6.66243,D34.i_8
12464.82259,6135.90333,11741.4483,1767.89933,47860.01469,334.61062,15.11111,1.0,1928.60703,74283.62152,8.0,3457.63673,1190.42804,1309.81377,1.0,235.09358,526.52131,150.73476,1837.98173,D34.a_9,868.21394,92.19648,154.27895,3.51556,2374.24156,226.16667,1.0,1.93245,29.89546,507.29815,1.0,79.04444,28.72007,5.80121,1.0,1.0,1.0,1.0,9.56468,D34.i_9
7609.9863,8948.35464,21903.54402,2410.57963,64495.9614,1238.46608,100.18963,23.30213,17645.76477,97373.44664,319.22415,3392.55446,20007.64564,1077.59223,189.88889,787.35085,1806.40624,923.23036,6531.05019,D35.a_0,514.10491,175.12656,271.40045,1.0,2763.25259,255.14252,1.03101,1.0,185.65793,1080.14666,6.03215,47.78025,368.7,7.44,1.0,2.59891,26.40502,1.0,35.05834,D35.i_0
7593.93074,8122.24353,19351.15513,1816.96852,64467.73917,1111.24385,63.30074,14.78823,15448.20922,92340.27997,288.16859,3299.9989,18194.36786,903.64778,191.44444,653.18418,1176.35069,834.78592,6558.55019,D35.a_1,503.54936,139.84878,226.28934,1.0,2768.14148,383.83921,1.31524,1.09647,170.21349,886.0911,5.30591,46.89136,374.2,6.82278,1.0,3.93224,7.42391,1.0,33.16945,D35.i_1
7336.93074,7587.9102,18545.82179,2513.52408,58890.4614,1135.57719,78.68963,34.79518,14884.82033,87911.94664,320.94637,3151.88779,18703.70119,1105.20334,192.33333,755.01752,1467.57291,909.45258,6094.71686,D35.a_2,555.43825,162.95989,332.67823,1.0,2996.47482,247.06592,1.0,1.09647,219.3246,755.0911,5.5539,52.94692,374.42222,4.38445,1.0,5.53115,11.44224,1.0,27.225,D35.i_2
7232.54185,8814.74353,21954.98846,2276.02408,59775.4614,1378.02163,92.52297,40.4549,15957.487,85716.61331,322.77971,3345.55446,18790.14564,1411.03667,203.72222,683.01752,1442.68402,940.61925,6343.10575,D35.a_3,512.88269,130.79322,156.45601,1.0,2423.69704,204.39028,1.03101,1.0,163.21349,697.53555,5.36549,42.44692,348.03333,6.37834,1.0,3.4878,6.05391,1.0,33.66945,D35.i_3
7419.04185,7792.79909,15020.48846,1517.63519,62077.29473,872.74385,61.41186,8.22227,13751.87588,81860.00219,264.61304,3471.83223,18290.47897,649.92556,152.44444,778.9064,1265.4618,812.56369,6678.6613,D35.a_4,493.66047,124.73767,182.95601,1.0,2674.58593,339.30919,1.50646,1.19294,187.65793,624.14666,4.5539,39.16914,340.75556,6.01,1.0,4.94471,22.59003,1.0,20.78056,D35.i_4
6805.70852,8014.63242,16325.32179,1257.02408,57856.57251,1275.41052,64.68963,22.04866,13494.82033,78792.66886,244.72415,3228.77668,17390.75675,732.87,173.11111,664.57307,1032.79513,883.06369,5956.60575,D35.a_5,492.21603,128.79322,247.01156,1.0,2641.8637,121.38579,1.0,1.0,192.3246,550.47999,4.18676,37.7247,363.42222,5.21167,1.0,5.24715,7.10946,1.0,23.66945,D35.i_5
6966.87518,7924.35464,17098.59957,1760.07963,58985.35028,788.52163,58.63408,10.20837,13627.76477,75549.16886,235.05748,3105.4989,16086.42342,775.14778,136.88889,648.96196,932.57291,1047.50814,6001.05019,D35.a_6,488.04936,116.73767,159.34489,1.0,2403.64148,286.93686,1.0,1.09647,169.43571,540.03555,4.39125,43.61359,325.97778,3.93389,1.0,5.53115,15.27558,1.0,35.72176,D35.i_6
6648.26407,7233.57686,15903.87735,1233.63519,52650.4614,792.46608,58.74519,8.26043,13185.65366,73461.27997,237.61304,3033.9989,16496.59008,602.20334,152.44444,638.35085,1087.07291,830.06369,5738.6613,D35.a_7,494.54936,195.34878,413.67823,1.0,2501.3637,419.45481,1.06201,1.0,172.88016,498.25777,3.5539,52.39136,333.2,7.35778,1.0,1.99403,8.4978,1.0,20.61389,D35.i_7
6911.81963,7309.63242,15792.93291,1115.07963,55054.9614,1022.91052,44.63408,9.94795,13083.487,70436.39108,240.83526,3231.77668,16360.92342,633.48111,147.22222,680.46196,779.9618,894.61925,5734.21686,D35.a_8,472.32714,148.90433,212.84489,1.0,2503.80815,103.08697,1.0,1.09647,172.43571,456.36888,4.61348,50.7247,323.64444,5.68278,1.0,2.59891,14.33113,1.0,41.32963,D35.i_8
5900.4863,7462.07686,17201.26624,1757.7463,49159.35028,813.24385,59.18963,12.54171,12290.82033,68133.66886,248.61304,2913.05446,15653.92342,758.81445,151.61111,594.85085,1537.9618,970.84147,5210.49464,D35.a_9,510.88269,125.78002,245.17823,1.0,2464.14148,254.83024,1.0,1.19294,178.10238,425.73728,4.16099,46.00248,344.08889,6.15611,1.0,3.79024,23.22002,1.0,33.39167,D35.i_9
26951.1973,13849.29909,15751.05121,3710.48616,174393.38765,321.05614,31.4101,22.40544,2738.71989,345450.39112,20.20838,4100.50515,107.4324,1412.88889,1.0,93169.54535,863.2701,300.29343,178724.6289,D36.a_0,1803.16868,294.98552,170.62253,49.44659,8274.66437,163.25982,1.0,5.78889,130.54592,4731.47933,1.0,63.39284,5.52001,18.40726,1.0,954.27763,1.0,1.0,1556.27461,D36.i_0
26770.41952,13172.07686,16153.16232,3349.15282,161615.8321,473.05614,28.07676,11.89835,2506.44211,330166.28001,19.54171,4063.17181,104.21018,1231.66667,1.0,81833.82313,710.04788,286.79343,156927.24001,D36.a_1,1614.00202,290.09663,138.51142,10.59677,7488.27548,184.18571,1.0,1.0,106.10148,4437.70155,1.0,72.4484,9.69029,16.96282,1.0,1040.77763,1.0,1.0,1685.55239,D36.i_1
26530.97508,13128.46575,15870.55121,3847.26393,164728.16543,567.81537,31.74343,16.57211,2381.88656,312936.83557,20.87504,4101.22737,85.04352,1289.88889,1.0,84979.10091,807.7701,275.73787,160283.07334,D36.a_2,1656.72424,284.87441,154.17808,50.95484,7679.33103,359.1116,1.0,1.0,133.3237,4138.70155,1.0,66.50395,2.79778,17.96282,1.0,854.83318,2.58261,1.0,1489.83016,D36.i_2
25187.03063,12245.9102,14293.16232,4051.04171,174189.38765,508.00059,37.96565,17.73523,2361.331,303089.6689,19.87504,3798.00515,91.87685,1300.05556,1.0,83547.87869,792.88121,268.90454,176270.40667,D36.a_3,1673.61313,307.20774,170.56697,11.57204,8073.66437,235.51904,1.0,1.0,145.43481,3860.81266,1.0,80.9484,11.70668,12.96282,1.0,808.4443,3.52706,1.0,1478.77461,D36.i_3
26172.97508,12996.46575,14624.82899,4616.65282,171254.99876,504.51904,33.63232,11.12294,2459.05322,296779.1689,21.65282,3897.00515,90.4324,1258.27778,1.0,82211.54535,690.99232,246.62676,159105.24001,D36.a_4,1905.05757,396.87441,125.40031,44.92401,8743.4977,479.53759,1.0,1.0,136.43481,3666.646,1.0,81.61507,8.11196,27.44226,1.0,888.77763,1.0,1.0,1385.49683,D36.i_4
25290.14174,12389.79909,14426.27343,3953.15282,163512.94321,415.50059,29.4101,14.23168,2236.38656,289465.72446,21.98615,3670.17181,90.59907,1253.05556,1.0,80481.71202,670.2701,264.0712,159229.29556,D36.a_5,1685.3909,259.7633,117.62253,34.0577,7836.83103,455.77827,1.0,1.0,107.10148,3493.59044,1.0,98.89284,5.19668,13.59142,1.0,792.27763,1.0,1.0,1220.49683,D36.i_5
25509.41952,12071.46575,15991.82899,3726.09727,161077.10988,382.66726,29.74343,9.95272,2265.21989,280266.44668,18.20838,3770.39404,93.09907,1154.61111,1.10889,76471.87869,664.38121,276.01565,145481.96223,D36.a_6,1634.44646,284.81885,137.17808,31.44659,8005.55326,272.46349,1.0,1.0,115.43481,3378.25711,1.0,99.17062,7.32418,16.18504,1.0,709.16652,1.0,1.0,1188.49683,D36.i_6
24216.53063,12509.85464,13966.10676,4591.26393,158584.27654,352.25982,25.07676,10.72814,2197.88656,272006.50223,18.54171,3683.61626,92.65463,1073.55556,1.0,72969.9898,876.32565,240.0712,143081.24001,D36.a_7,1678.16868,275.7633,126.51142,38.98566,7887.44215,274.40793,1.0,1.0,117.65703,3278.53488,1.0,91.11507,2.77501,17.98031,1.0,773.49985,4.95654,1.0,1203.21905,D36.i_7
24768.97508,13059.24353,14574.27343,3132.26393,149685.05432,273.77837,26.18787,10.73168,2144.27545,267314.05779,18.65282,3447.50515,84.71018,1000.83333,1.0,71158.60091,735.82565,230.34898,138522.29556,D36.a_8,1524.27979,257.65219,101.51142,36.37455,6975.88659,499.77837,1.0,1.64444,96.65703,3111.03488,1.0,76.00395,10.09557,14.18504,1.0,740.05541,1.79131,1.0,1133.88572,D36.i_8
24246.1973,12817.96575,14749.9401,3769.87504,155072.44321,315.00059,27.85454,8.78606,2216.49767,260647.00223,15.4306,3537.67181,75.37685,1057.77778,1.0,73737.87869,593.10343,252.62676,144276.01779,D36.a_9,1621.22424,310.98552,121.51142,14.31075,7323.77548,906.14861,1.0,2.28889,116.99037,3016.47933,1.0,95.89284,4.40251,14.29615,1.0,664.72207,3.37392,1.0,1189.33016,D36.i_9
28967.4264,9768.94114,8350.30566,518.97943,184200.91536,137.11933,17.22679,8.34724,2264.54452,440771.33144,111.85454,1473.4401,1448.62456,821.88889,11.67297,271.3797,1174.46864,2801.07647,3764.60235,D37.a_0,580.28617,93.36979,129.57735,1.0,2622.20368,749.14232,1.0,1.0,46.8463,6643.1924,1.60278,59.81733,41.91634,2.92447,1.32502,4.14719,3.97778,1.0,49.7216,D37.i_0
26481.59307,8876.4967,8094.52788,405.47943,172355.58203,346.61933,17.00456,2.77433,2178.04452,417360.94255,100.74343,1356.99566,1320.06901,848.11111,5.18524,257.49081,1176.41308,1678.46536,3713.1579,D37.a_1,572.56395,140.81424,138.1329,4.20007,2690.59256,502.53121,1.0,1.0,53.06852,6029.41463,2.43389,64.03955,40.02745,3.62951,1.97507,2.94998,1.0,1.0,82.55494,D37.i_1
26833.4264,9193.38559,7658.75011,390.20165,173339.85981,287.06378,13.22679,5.02085,2212.8223,404857.44255,99.07676,1406.82899,1284.51345,844.94444,3.98773,257.54637,1513.35752,2970.85425,3776.38012,D37.a_2,549.50839,99.59202,135.57735,1.0,2457.20368,812.21157,1.0,1.0,38.95741,5583.41463,2.09445,56.15066,32.84695,2.59513,2.30009,3.32636,1.0,1.0,74.2216,D37.i_2
28427.59307,9709.66337,7548.25011,397.81276,179248.47092,149.34156,14.00456,3.85419,2226.37786,398787.66478,113.52121,1418.88454,1352.51345,821.88889,9.90764,258.82415,1450.69086,2600.18758,3795.60235,D37.a_3,561.06395,121.70313,131.02179,1.0,2478.70368,455.47565,1.0,1.0,51.73519,5247.6924,1.86611,44.26177,38.74967,4.07395,2.62511,4.14719,1.0,1.0,63.66605,D37.i_3
26398.9264,8870.38559,7550.80566,377.31276,172893.13758,188.50822,12.029,1.43404,2192.43341,390528.66478,103.74343,1338.60677,1318.06901,791.11111,11.77795,248.3797,1287.6353,2038.4098,3759.1579,D37.a_4,487.00839,113.53646,102.1329,1.0,2270.09256,567.00305,1.0,1.0,53.8463,5064.08129,1.38056,39.484,31.00432,2.59114,1.32502,4.21525,1.0,1.0,76.61049,D37.i_4
25925.09307,8724.94114,8042.36122,405.59054,167123.7487,126.786,14.67123,2.68752,2020.87786,380186.55366,104.18787,1366.49566,1295.29123,728.72222,7.17911,289.65748,1282.30197,1533.24314,3724.04679,D37.a_5,530.23062,84.36979,105.46624,1.0,2293.14812,330.72527,1.0,1.0,46.73519,4922.52574,1.41556,36.53955,32.70341,2.47083,1.32502,1.0,3.17778,1.0,49.38827,D37.i_5
24895.31529,8516.77448,7612.97233,292.14609,162242.35981,167.95267,10.49788,4.84724,2165.26674,372113.72033,91.4101,1354.77343,1261.68012,801.5,9.22239,245.54637,1363.80197,1939.68758,3472.32457,D37.a_6,537.89728,88.42535,116.57735,1.0,2401.64812,751.30899,1.05556,1.0,67.06852,4733.74796,1.37444,44.09511,37.74967,2.42447,1.0,2.19721,3.17778,1.0,58.55494,D37.i_6
23743.14862,8077.16337,7645.639,335.86832,157383.97092,121.90591,15.78234,1.17362,1951.26674,362367.99811,87.52121,1244.55121,1148.73567,706.44444,6.91991,283.76859,1255.85752,3523.85425,3615.88012,D37.a_7,500.28617,119.70313,122.68846,7.40014,2165.53701,586.26713,1.0,1.0,49.17963,4602.47018,1.45667,49.31733,34.083,3.52239,1.0,2.12915,2.63333,1.0,67.44383,D37.i_7
24213.64862,7914.44114,6754.47233,369.59054,156828.08203,196.73045,9.3379,1.26043,1908.3223,351484.22033,93.18787,1275.60677,1209.29123,720.94444,11.88906,215.32415,1447.96864,2555.13202,4031.71346,D37.a_8,523.89728,84.48091,112.68846,1.58896,2276.9259,570.58676,1.16667,1.0,41.73519,4534.24796,1.79,49.26177,32.47189,1.81736,1.0,2.64166,1.54444,1.0,87.94383,D37.i_8
22546.31529,7736.16337,7094.91677,418.25721,153938.19314,120.67489,13.029,2.42709,1869.15563,341865.27589,80.18787,1213.21788,1102.29123,721.55556,7.95689,233.60192,1362.69086,4354.24314,3593.38012,D37.a_9,484.84173,81.25868,95.57735,7.9891,2134.31479,402.03121,1.0,1.0,42.95741,4366.80352,1.52667,42.03955,36.50432,2.28298,1.97507,3.83887,1.0,1.0,57.83271,D37.i_9
32522.83317,33205.35464,3091.80566,2061.57902,246176.37753,55.86769,8.46732,4.77585,7710.00301,1224723.39238,199.86667,1208.33333,340.53915,2061.19373,1.0,466.18485,680.57167,241.31418,1935.8612,D38.a_0,604.40366,166.07291,41.7689,1.0,3305.06507,218.09323,1.0,1.0,43.73321,12508.77854,1.0,22.82019,2.33333,17.4306,1.0,2.99513,3.12195,3.21014,1.0,D38.i_0
33813.38873,31328.46575,3329.52788,2167.24569,252952.76642,102.92412,9.58129,4.77585,7943.11412,1189839.28127,213.42222,1305.55556,304.42804,2115.69373,1.0,515.7404,621.12723,266.5364,1986.3612,D38.a_1,580.12589,176.23958,59.43557,1.0,3136.95396,931.31545,1.0,1.75379,41.17766,11789.27854,1.0,23.37574,1.66667,15.15282,1.0,4.76707,2.06097,1.0,1.0,D38.i_1
32989.49984,32490.68797,3079.97233,1945.57902,240013.15531,46.72836,6.46446,2.28224,8194.05857,1149771.17015,195.53333,1218.83333,403.87248,1929.86039,1.0,468.90707,617.23834,133.36974,1995.25009,D38.a_2,537.34811,176.18402,49.65779,1.0,2887.56507,760.03966,1.0,1.75379,41.6221,11075.38965,1.0,24.32019,2.33333,13.65282,1.0,4.32457,2.59146,1.0,1.0,D38.i_2
32428.44428,29649.96575,3075.36122,1901.57902,242639.82198,97.42149,8.46732,4.13473,8151.11412,1122825.17015,174.42222,1180.22222,416.76137,1890.86039,1.0,467.07373,591.29389,75.70307,1951.91675,D38.a_3,516.237,147.90624,53.99113,1.0,2917.23174,1118.34422,1.0,1.0,45.6221,10513.77854,1.0,16.65498,2.0,13.26393,1.0,4.10527,4.06639,1.0,1.0,D38.i_3
31910.05539,23475.35464,3132.19455,1728.80124,237280.5442,155.36418,8.35907,1.48084,6452.00301,1089884.94793,144.75556,1215.94444,311.87248,1883.52706,1.0,455.68485,627.18278,109.25863,1808.19453,D38.a_4,500.45922,149.07291,46.99113,1.0,2641.8984,464.64878,1.0,1.0,41.6221,9894.3341,1.0,33.82019,2.33333,12.81949,1.0,2.77193,2.47493,4.69805,1.0,D38.i_4
31429.22206,23598.63242,3114.97233,1904.24569,228279.93309,106.00702,7.02574,2.64751,6714.55857,1031236.44793,134.75556,1175.33333,278.81693,1891.80484,1.0,401.62929,537.96056,123.70307,1792.80564,D38.a_5,490.68144,143.07291,54.21335,1.0,2615.67618,386.59323,1.0,1.0,35.39988,9526.66743,1.0,23.54314,1.0,10.54171,1.0,4.10332,1.0,2.48791,1.0,D38.i_5
28695.83317,21627.29909,3126.80566,1568.96791,217049.93309,129.86769,5.58129,1.96168,6464.55857,959419.00349,137.08889,1114.0,198.42804,1662.9715,1.0,415.29596,443.96056,128.75863,1716.97231,D38.a_6,493.62589,137.9618,56.65779,1.0,2775.56507,384.371,1.0,1.0,30.73321,9264.61188,1.0,17.82019,1.0,7.9306,1.0,1.0,3.65243,1.1884,1.0,D38.i_6
28082.99984,19563.74353,2928.639,1254.24569,204348.76642,158.64547,8.13685,4.45529,5691.66968,915124.00349,134.75556,1064.16667,206.31693,1638.24928,1.0,386.85151,456.01612,111.48085,1523.02786,D38.a_7,480.90366,140.01735,43.7689,1.0,2560.8984,147.0972,1.0,1.0,33.95544,8996.61188,1.0,20.65352,1.33333,13.59727,1.0,4.09748,3.65243,2.56521,1.0,D38.i_7
25312.05539,17373.52131,2563.75011,1455.41235,188085.37753,9.00088,6.24796,1.8014,4971.33635,867637.83682,104.75556,1138.88889,142.98359,1417.08261,1.0,386.79596,411.46056,114.92529,1486.13898,D38.a_8,434.34811,93.51735,50.43557,1.0,2436.3984,213.67755,1.0,1.0,33.28877,8687.16743,1.0,17.76463,1.33333,11.46223,1.0,2.55069,1.0,1.52174,1.0,D38.i_8
24852.77762,15330.85464,2668.36122,1254.07902,185765.0442,80.22573,5.47018,1.32056,4485.8919,820479.67015,87.53333,1161.11111,141.26137,1354.41595,1.0,372.18485,448.07167,110.36974,1454.8612,D38.a_9,423.40366,98.62846,51.99113,1.0,2394.84285,314.39978,1.0,1.0,35.06655,8325.00076,1.0,19.37574,1.0,12.38275,1.0,3.88207,2.06097,1.89854,1.0,D38.i_9
18577.27799,12474.37539,15609.20758,1538.80864,92233.08729,831.19787,53.4101,53.039,3676.52374,436870.83018,9.86667,1535.78292,10590.44444,2739.41853,197.2835,1141.0,3224.83333,662.55672,3058.43908,D39.a_0,799.8208,165.4865,185.1763,1.0,2474.27829,483.10685,1.0,1.0,10.02141,1931.69313,1.0,179.07608,194.84678,4.46359,1.0,1.142,5.90291,1.0,4.78074,D39.i_0
17956.22243,12680.37539,15051.81869,2871.30864,86826.42062,580.69787,47.63232,25.04811,3536.96818,422097.33018,11.31111,1394.94959,9604.61111,2716.80742,185.17239,991.27778,3164.33333,564.16783,3122.60575,D39.a_1,799.04302,141.37539,159.28742,1.0,2517.44496,366.1624,1.0,3.09912,14.07514,1821.3598,1.02392,93.90941,201.56901,6.8206,1.0,2.03089,3.92368,1.0,4.62759,D39.i_1
18593.94466,13095.15317,16022.54091,1936.64198,90496.80951,1091.9201,48.96565,26.88311,3600.63485,414099.83018,15.64444,1552.17181,11136.0,2760.19631,258.17239,1185.0,3859.16667,719.00116,3249.60575,D39.a_2,812.54302,193.70872,150.73186,1.0,2572.22274,395.5254,1.0,1.0,13.51959,1711.52646,1.0,91.57608,238.29123,4.53464,1.55071,3.6298,3.60419,1.0,1.62611,D39.i_2
17003.16688,12411.15317,16509.37425,2005.97531,86207.97618,763.53121,47.29898,38.25956,3647.24596,409554.27462,12.97778,1552.72737,10082.0,2908.25186,223.2835,1250.5,4188.88889,661.16783,3556.1613,D39.a_3,744.15413,149.26428,126.95408,1.0,2313.72274,194.64405,1.0,2.8649,10.00706,1622.24869,1.0,96.57608,193.56901,5.67762,2.10142,2.3149,6.84735,1.0,2.7237,D39.i_3
17045.8891,12542.76428,15761.48536,2733.69753,84356.1984,911.58676,53.18787,32.74878,3532.52374,402730.44129,13.42222,1472.5607,9679.61111,2832.5852,207.72794,1260.66667,3539.44444,584.16783,3097.55019,D39.a_4,723.70969,103.87539,183.73186,1.0,2245.16718,306.30695,1.0,1.0,11.56262,1522.52646,1.09569,66.78173,175.79123,4.24137,1.0,2.74091,1.0,1.0,1.43093,D39.i_4
17130.00021,11955.20872,12739.4298,1222.55693,81595.42062,788.14232,37.4101,15.24878,3267.80152,392862.60796,11.64444,1421.17181,9922.55556,2665.91853,211.2835,1089.66667,2889.22222,571.44561,2658.82797,D39.a_5,773.93191,164.4865,123.39853,1.0,2463.44496,486.6883,1.0,4.03157,9.53393,1512.08202,1.0,54.13163,204.73567,5.47543,1.0,3.18536,2.60419,1.0,6.53148,D39.i_5
16343.00021,11600.37539,13241.26314,1233.6941,81800.53174,615.69787,39.63232,15.24878,3137.85707,386782.33018,10.75556,1407.50515,9314.11111,2525.36297,212.2835,1020.66667,3230.66667,596.89005,2580.6613,D39.a_6,745.20969,122.09761,114.39853,1.0,2277.8894,343.44018,1.0,1.0,9.00706,1438.91535,1.02392,45.63163,182.9579,4.97543,1.55071,1.42601,4.20838,1.0,3.71019,D39.i_6
16882.77799,11567.70872,14577.4298,2337.47531,81026.80951,662.9201,46.4101,28.83833,3344.74596,380110.71907,9.31111,1364.00515,9193.11111,2625.19631,202.72794,1110.16667,2983.77778,578.72339,2913.38353,D39.a_7,757.3208,166.65317,114.1763,1.0,2438.3894,443.44395,1.0,2.8649,7.59131,1423.08202,1.0,55.35386,159.4579,2.70584,1.0,3.3458,2.31949,1.0,2.04352,D39.i_7
17191.16688,12157.70872,13683.4298,1632.3642,83859.58729,644.36454,42.85454,13.32589,3410.91263,372266.38573,10.86667,1411.28292,9630.22222,2668.69631,200.17239,1155.11111,3057.16667,593.55672,2769.71686,D39.a_8,758.76524,103.93094,125.06519,1.0,2455.94496,198.86627,1.0,1.0,11.10383,1375.74869,1.0,74.18719,196.40234,4.65394,1.0,1.56802,6.84735,1.0,2.23722,D39.i_8
16040.22243,11353.93094,14630.31869,2817.69753,77955.30951,572.4201,42.18787,23.79356,3192.57929,363714.38573,11.08889,1300.00515,8449.38889,2345.97408,189.72794,985.27778,2624.61111,557.39005,2305.10575,D39.a_9,737.93191,122.15317,127.50964,1.0,2360.72274,379.72173,1.0,3.79735,10.11818,1312.69313,1.0,150.02052,178.79123,4.34429,1.0,1.142,4.58342,1.0,2.07056,D39.i_9
13515.43455,10396.33333,143492.52004,574.08683,52687.19273,445.286,16.02699,40.29315,1117.58981,255069.58007,20.42513,1913.11111,125.04674,477.03667,1.0,2833.42446,576.29909,78.0865,2963.23784,D4.a_0,487.78222,74.70872,359.84603,1.0,964.50591,285.61505,1.0,1.0,5.70346,3033.57582,1.0,103.58118,3.12473,2.15833,1.0,11.6004,2.16502,1.0,40.46223,D4.i_0
11319.60121,9265.22222,129706.96448,494.14238,47045.19273,948.61933,15.1381,24.73878,966.92314,238256.13562,15.0918,1657.66667,120.60229,507.09223,1.0,2075.92446,672.96575,59.03094,2823.01562,D4.a_1,435.06,112.87539,352.29047,1.0,910.00591,160.80184,1.0,1.0,4.39131,2776.40916,1.0,84.91451,1.56917,1.93,1.0,4.32652,1.90612,1.0,30.79556,D4.i_1
11138.54566,9139.27778,136467.52004,545.69794,46986.80384,710.286,20.02699,32.90544,931.08981,227056.35785,17.0918,1587.88889,126.04674,444.09223,1.0,1634.03557,461.18797,60.97538,2786.34896,D4.a_2,372.50444,55.37539,308.06825,1.0,787.17257,112.45888,1.0,1.0,3.36492,2503.8536,1.0,83.69229,1.08195,1.72833,1.0,4.10332,5.77668,1.0,36.1289,D4.i_2
11198.71232,8969.83333,123946.24226,429.64238,45427.47051,488.23045,14.80476,21.62648,944.64536,220442.52451,14.31402,1606.94444,120.7134,465.42556,1.0,1340.03557,655.18797,68.5865,2810.34896,D4.a_3,380.28222,95.16009,310.34603,1.0,758.11702,66.82765,1.0,1.0,2.42847,2341.18694,1.0,73.13673,2.28139,1.92167,1.0,6.76804,3.90612,1.25074,33.18445,D4.i_3
10654.37899,9255.5,122626.40893,543.03127,42823.3594,408.39711,15.24921,52.35107,892.64536,214058.46896,13.62374,1499.44444,118.65785,545.03667,1.0,1612.20224,653.24353,72.53094,2909.57118,D4.a_4,360.72666,82.57667,307.79047,1.0,774.22813,111.46851,1.0,1.0,1.71423,2236.68694,1.0,75.58118,1.06556,1.74889,1.0,6.76804,3.64723,1.50149,34.07334,D4.i_4
11078.65677,8838.72222,117992.35337,445.19794,44881.47051,919.786,14.24921,48.12767,906.42314,208162.52451,16.75846,1557.16667,122.99118,437.70334,1.0,1331.53557,565.24353,69.69761,2609.73784,D4.a_5,306.72666,69.16701,250.01269,6.02803,643.22813,140.1658,1.0,1.0,3.09513,2100.13138,1.0,72.69229,1.89251,1.26333,1.0,2.99513,1.0,1.0,25.6289,D4.i_5
10809.76788,9028.72222,123046.90893,406.36461,42949.69273,652.84156,15.47143,42.23878,924.58981,202686.96896,14.20291,1538.66667,126.76896,527.25889,1.0,1643.92446,629.68797,71.0865,2961.96007,D4.a_6,391.28222,44.96556,281.45714,1.0,786.67257,82.6658,1.0,1.0,2.18506,2005.96471,1.0,77.47007,1.50362,1.74889,1.0,2.11014,3.72112,1.0,33.57334,D4.i_6
11220.54566,8295.27778,126218.29782,375.47572,43356.47051,648.61933,16.36032,39.51774,877.70092,196505.46896,13.64735,1571.38889,116.65785,485.20334,1.0,1639.25779,761.13242,84.0865,3107.01562,D4.a_7,294.00444,55.13222,253.01269,6.02803,608.45035,25.74147,1.0,1.0,2.29617,1922.18694,1.0,63.58118,2.23223,1.13167,1.0,1.88499,1.38834,1.0,22.24001,D4.i_7
10480.60121,8711.61111,127789.74226,439.80905,39477.8594,551.95267,16.47143,71.02129,858.36758,190517.13562,12.48901,1484.44444,122.38007,416.42556,1.0,1747.42446,855.29909,72.5865,3063.68229,D4.a_8,333.56,37.94479,286.95714,1.0,638.17257,95.49432,1.0,1.0,1.71423,1832.79805,1.0,68.52562,1.08195,1.50611,1.0,3.21638,3.25889,1.0,27.29556,D4.i_8
10249.21232,8766.0,124226.02004,442.31349,40562.58162,510.786,15.36032,59.85344,868.03425,186746.52451,11.62374,1393.33333,118.26896,328.31445,2.66667,1311.64668,637.63242,69.97538,2876.2934,D4.a_9,328.67111,46.47248,269.56825,1.0,647.50591,14.91864,1.0,1.0,2.74062,1749.07582,1.0,70.02562,1.55278,1.26333,1.0,2.54874,1.25889,1.0,27.35112,D4.i_9
35432.42841,9387.71892,7211.05099,362.63647,86445.64831,177.03941,5.88889,1.0,3302.4547,160618.61506,35.65282,427.63673,47.72222,646.20334,1.0,4881.79596,1936.4967,8.85465,1898.94301,D40.a_0,2518.2279,169.52222,380.176,1.0,6130.75405,1.0,1.0,1.0,85.05282,9882.36406,1.94816,9.66914,1.0211,5.47445,1.0,197.17731,1.38834,1.7822,31.12222,D40.i_0
32559.87285,8979.27448,6335.05099,362.4698,75033.98164,175.26951,5.38889,1.0,3046.06581,135532.28173,24.76393,395.85895,41.11111,575.48111,1.0,4082.79596,1539.21892,7.27609,1529.49856,D40.a_1,2535.06123,172.52222,372.84267,1.0,6064.03183,91.11111,1.0,1.0,88.71948,9399.36406,1.10074,14.91873,1.0,6.05565,1.0,182.62176,1.38834,1.40888,31.4,D40.i_1
30546.87285,8538.66337,5842.88432,231.13647,72001.37053,84.93618,2.94444,1.0,2912.78803,122808.33728,21.76393,358.63673,33.66667,512.25889,1.0,3583.01818,878.44114,5.59596,1447.22078,D40.a_2,2474.45012,153.35556,368.176,1.0,5968.58738,48.05556,1.0,1.77896,100.60837,9121.14184,1.0,11.63183,1.04219,6.50435,1.0,174.0662,1.0,1.03998,26.95556,D40.i_2
28494.15063,8769.16337,5585.55099,204.27113,66333.5372,72.60284,3.55556,1.0,2805.4547,108773.17062,21.09727,284.19229,25.5,478.25889,1.0,3071.90707,553.60781,6.51178,1320.44301,D40.a_3,2281.50568,185.63333,358.00933,1.0,5668.19849,1.0,1.0,1.0,96.9417,8842.86406,1.52445,10.45604,1.46554,6.44028,1.0,170.67731,6.55336,1.0,24.28889,D40.i_3
28776.87285,9964.27448,4885.43988,298.02536,67054.37053,78.9786,2.77778,1.0,2842.06581,97492.22617,20.20838,282.3034,37.27778,421.92556,1.0,2859.46262,845.71892,6.70145,1211.72078,D40.a_4,2524.17235,163.35556,384.28711,1.0,6002.03183,5.0,1.0,1.0,89.05282,8596.36406,1.20149,13.40961,1.87553,6.11121,1.0,210.5662,2.77668,1.0,28.23333,D40.i_4
28709.92841,10671.9967,5060.77321,267.02536,68359.0372,53.03678,3.27778,1.0,2972.28803,94208.05951,20.09727,269.74784,47.11111,397.37,1.0,2776.85151,268.33003,8.90067,1175.44301,D40.a_5,2494.61679,164.41111,385.84267,1.0,5812.92072,78.83333,1.0,2.55792,86.16393,8370.6974,1.0,10.62271,1.06329,8.10695,1.0,174.01065,3.03557,1.03998,26.28889,D40.i_5
27664.37285,10214.94114,5095.60654,277.58092,65680.70387,112.15314,4.83333,1.0,2944.84359,90986.28173,19.20838,247.74784,41.72222,470.37,1.0,2330.18485,248.4967,15.24354,1070.55412,D40.a_6,2262.17235,233.07778,340.45378,1.0,5555.47627,1.0,1.0,1.0,93.9417,8255.30851,1.0,16.78938,1.46554,5.86334,1.0,131.39954,1.64723,1.0,23.43333,D40.i_6
26958.48396,10652.94114,4776.93988,189.74758,63783.42609,164.76163,3.11111,1.0,2895.89915,88246.78173,19.4306,247.91451,36.61111,444.20334,1.0,2170.90707,321.77448,17.42368,1004.49856,D40.a_7,2370.33901,193.63333,377.06489,1.0,5773.25405,58.44444,1.0,1.0,102.60837,8123.75295,1.20149,14.24294,1.48664,9.7138,1.0,140.51065,1.51779,1.0,24.62222,D40.i_7
26173.37285,9849.83003,4831.88432,215.58092,61417.75942,81.03415,3.83333,1.0,2805.28803,85994.9484,20.76393,259.41451,36.94444,436.37,1.0,2223.90707,245.55226,9.87766,975.66523,D40.a_8,2289.95012,188.8,360.95378,1.0,5741.86516,1.0,1.0,1.0,101.38615,7914.30851,1.0,6.76118,1.0211,4.47445,1.0,178.01065,1.25889,1.0,24.78889,D40.i_8
26366.09507,12027.33003,4895.93988,236.19203,61093.98164,145.48122,2.77778,1.0,3305.78803,83410.4484,19.98615,275.58118,31.77778,461.31445,1.0,1925.68485,255.4967,16.00224,888.3319,D40.a_9,2227.67235,199.8,335.39822,1.0,5486.19849,5.0,1.0,1.0,81.60837,7809.03073,1.42371,15.85405,3.21659,8.11121,1.0,177.5662,4.16502,1.0,29.4,D40.i_9
65340.31284,33873.37539,6837.95183,146.02177,226596.91378,211.36362,15.44901,1.0,24582.95898,264444.28127,53.0,2251.81733,216.87685,2275.22222,1.0,1588.9533,1026.4967,191.50803,9953.59797,D41.a_0,902.1868,124.95167,92.04388,1.0,2470.0046,600.44444,1.0,1.0,266.17505,1501.28048,1.0,160.11015,6.48874,2.69138,1.0,2.12915,121.44444,1.0,24.39915,D41.i_0
66930.03507,32724.04205,6367.34072,245.82167,218305.24712,233.86362,12.22679,3.25225,23038.51453,256222.33682,47.44444,2156.65066,222.98796,2211.16667,1.33365,1617.89774,1117.55226,199.84136,10558.87575,D41.a_1,1018.74235,178.61834,76.93276,1.0,2678.22682,187.27778,1.0,1.0,299.56394,1354.5027,1.02392,54.6657,7.98311,1.99308,1.0,1.0,94.77778,1.0,19.96064,D41.i_1
67190.25729,32333.04205,6329.45183,165.56618,218036.69156,235.91917,16.22679,2.12612,22797.90342,249945.33682,46.33333,2195.59511,227.87685,2163.44444,1.33365,1603.56441,1031.60781,223.34136,10346.65352,D41.a_2,963.07569,162.98522,67.37721,1.0,2615.67127,115.44444,1.0,1.0,292.95283,1291.39159,1.04784,87.55459,3.74542,1.23843,1.0,2.88192,74.11111,1.0,17.23841,D41.i_2
63053.09062,30086.54205,6272.22961,210.88837,216123.08045,219.53028,16.89345,1.0,21458.01453,244205.83682,47.77778,2012.92844,209.9324,2129.72222,1.0,1637.4533,1040.55226,198.00803,10465.04241,D41.a_3,857.02013,126.89612,81.04388,1.0,2320.83793,269.27778,1.0,1.0,273.78616,1218.16937,1.02392,53.6657,4.5021,1.85804,1.0,7.05412,88.55556,1.0,21.07175,D41.i_3
64259.8684,30128.54205,6626.06294,257.5883,209855.19156,277.03028,17.78234,1.0,21539.45898,236356.89238,46.11111,2214.37288,215.54352,2097.44444,1.0,1575.28663,1137.71892,260.2858,10867.54241,D41.a_4,971.52013,136.17389,88.71054,1.0,2476.17127,536.5,1.0,1.0,306.17505,1134.11381,1.0,106.27681,9.79535,1.73843,1.0,5.48052,119.33333,1.0,20.68286,D41.i_4
61229.97951,28731.93094,6322.17405,331.07715,203492.19156,244.19695,15.00456,1.0,20827.62564,228731.6146,41.22222,2026.09511,212.32129,2036.38889,1.0,1463.11996,1236.55226,211.50803,10328.26464,D41.a_5,888.79791,140.06278,80.37721,1.0,2432.61571,976.61111,1.0,1.0,279.95283,1128.44715,1.02392,145.99904,3.78761,1.58798,1.0,4.96802,14.66667,1.0,27.05988,D41.i_5
56020.70173,26242.31983,5159.89628,204.85493,183029.69156,476.19695,10.74454,1.0,18987.62564,214495.33682,33.44444,1737.37288,185.76574,1904.55556,1.0,1383.67552,951.38559,186.17469,9055.48686,D41.a_6,905.24235,161.22945,99.48832,1.0,2422.28238,197.44444,1.0,1.0,311.00839,1060.78048,1.0,105.6657,10.21869,2.2153,1.0,2.88192,277.61111,1.0,18.05988,D41.i_6
54001.64618,24535.93094,5353.72961,220.04389,175536.91378,494.91917,15.14011,1.0,18001.1812,204292.44793,34.11111,1587.15066,163.48796,1777.38889,1.0,1349.06441,836.33003,182.7858,8940.4313,D41.a_7,884.96458,145.00723,88.04388,1.0,2475.22682,232.55556,1.0,1.0,293.00839,1034.44715,1.0,114.1657,1.18986,1.94523,1.0,5.92497,1.94444,1.0,27.18286,D41.i_7
55353.53507,24726.87539,5089.67405,181.01063,176734.58045,268.80806,14.78234,5.5045,17442.23676,198012.55904,39.0,1539.70622,172.87685,1772.44444,1.0,1374.67552,912.71892,193.17469,9706.87575,D41.a_8,963.85347,143.95167,79.82165,1.0,2492.61571,215.83333,1.0,1.0,323.06394,977.05826,1.0,39.88793,3.25878,2.92131,1.0,4.35137,94.5,1.0,24.83766,D41.i_8
51688.70173,24091.76428,4858.34072,165.25514,162517.24712,153.80806,14.67123,2.12612,17165.1812,191646.94793,35.77778,1625.484,168.76574,1705.5,1.0,1174.4533,915.88559,174.89691,8413.48686,D41.a_9,951.07569,147.8521,85.2661,1.0,2442.72682,193.33333,1.0,1.0,309.23061,940.39159,1.04784,56.22126,3.29324,2.0085,1.0,7.62218,143.16667,1.0,17.40508,D41.i_9
84669.58668,9453.65317,10710.24405,1002.33322,455341.00475,446.0,20.62517,1.16125,1476.31633,406476.11244,75.31402,488.75505,218.82451,604.66667,1.0,1184.58695,505.90624,124.29533,1561.3612,D42.a_0,8161.35312,308.8,614.5455,1.0,45166.24969,241.16071,1.11347,1.0,98.43658,48706.38033,3.55556,51.22618,6.12781,48.22222,1.0,70.85556,14.22222,1.0,187.95569,D42.i_0
83464.47557,11228.87539,9234.6885,865.94433,447709.89364,560.66667,18.9585,1.16125,1485.76078,382891.50133,68.0918,444.42171,265.88007,606.94444,1.0,977.58695,422.90624,121.29533,1453.25009,D42.a_1,7493.51978,282.57778,563.21217,1.0,40917.63858,119.88293,1.15129,1.99299,89.43658,44974.99144,3.38889,43.55951,8.87696,45.33333,1.0,44.91111,22.05556,1.75654,166.01125,D42.i_1
68198.86445,7770.93094,8829.24405,827.111,359369.89364,269.27778,18.51406,2.48916,1259.09411,372230.00133,61.64735,439.75505,183.82451,503.05556,1.0,648.5314,404.12846,70.73977,1166.91675,D42.a_2,7184.29756,262.35556,538.43439,1.0,38753.74969,87.65872,1.03782,1.0,91.21436,42964.99144,2.88889,44.28173,3.99489,41.5,1.0,41.24444,29.72222,2.61234,133.67792,D42.i_2
70774.75334,8839.76428,9233.52183,1043.83322,367439.00475,632.61111,20.51406,1.32249,1390.53856,364821.66799,65.98069,415.19949,228.38007,533.61111,1.0,601.47584,370.40624,61.51755,1352.3612,D42.a_3,6622.85312,258.46667,397.37884,1.0,36628.52747,19.57638,1.0,1.0,66.54769,41403.93588,3.66667,48.78173,5.57566,40.44444,1.0,50.74444,18.33333,5.7353,101.34458,D42.i_3
71297.75334,9577.76428,9296.96628,1105.66655,378358.39364,517.61111,22.73628,1.16125,1437.20522,360079.66799,67.42513,411.97727,208.76896,555.22222,1.0,559.14251,381.4618,74.07311,1325.08342,D42.a_4,6497.742,279.57778,447.76773,2.8246,36487.47191,201.62796,1.0,1.0,74.43658,40211.93588,3.77778,48.28173,8.13122,40.55556,1.0,61.35556,20.11111,4.7116,116.01125,D42.i_4
73560.69779,9999.9865,9087.6885,1033.38877,383270.89364,552.72222,21.06961,3.5752,1415.59411,355866.55688,70.20291,412.97727,230.82451,530.0,1.0,593.75362,387.07291,65.10917,1381.02786,D42.a_5,6497.90867,260.24444,454.15662,1.0,36931.91636,18.96725,1.11347,1.0,67.76991,39273.43588,4.44444,43.61507,2.44104,35.72222,1.0,52.96667,16.22222,1.0,111.73347,D42.i_5
72761.8089,7942.15317,9651.91072,1100.33322,374796.78252,433.5,23.06961,2.40853,1406.483,351350.33466,60.98069,399.92171,211.88007,541.05556,1.0,589.58695,386.18402,75.12866,1391.3612,D42.a_6,6042.29756,305.8,384.32328,1.9123,34915.02747,30.99603,1.0,1.0,74.76991,38482.43588,4.11111,49.67062,7.85003,35.38889,1.0,43.02222,10.55556,5.03432,102.78903,D42.i_6
68255.97557,9840.20872,9377.63294,927.72211,358175.11586,503.27778,19.73628,1.16125,1421.70522,348105.00133,58.53624,392.47727,238.7134,481.44444,1.0,520.25362,335.73958,48.18422,1215.19453,D42.a_7,6066.57534,321.07778,449.87884,1.45615,34525.3608,40.74106,1.0,1.0,76.88103,37628.82477,3.5,47.11507,5.26926,40.77778,1.0,37.96667,10.44444,2.04494,100.84458,D42.i_7
66802.25334,7770.93094,8908.52183,1028.05544,352956.0603,320.5,19.29183,1.0,1284.42745,346429.7791,61.86958,406.47727,167.10229,474.27778,1.0,587.14251,317.01735,71.55361,1231.69453,D42.a_8,6054.13089,318.02222,410.87884,1.0,33950.13858,46.60316,1.0,1.0,75.76991,36753.76922,2.38889,42.11507,6.84833,34.72222,1.0,40.68889,20.88889,3.57925,112.40014,D42.i_8
63436.75334,6250.04205,10081.24405,1185.44433,351701.0603,536.16667,20.51406,1.0,1206.87189,342570.50133,58.42513,397.8106,148.26896,515.5,1.0,585.0314,331.79513,65.08968,1372.47231,D42.a_9,6133.68645,262.46667,344.48995,1.0,33155.80525,20.41369,1.03782,1.4965,62.54769,36074.04699,3.88889,36.78173,1.69018,31.05556,1.0,42.57778,13.27778,4.39012,107.67792,D42.i_9
26033.67891,8878.29909,7810.72646,3009.53852,180093.99574,324.66667,19.03667,1.872,2179.00725,327476.6689,22.81445,561.23624,213.99705,785.81949,1.0,684.27778,553.27665,51.39724,2087.73306,D43.a_0,1202.88177,240.38889,195.57248,1.0,6883.7082,155.7159,1.0,1.0,32.59313,8662.23559,1.0,38.63673,8.17825,6.29582,1.0,6.34242,2.25779,1.0,27.40667,D43.i_0
26505.12336,8416.02131,6914.05979,2279.81629,180273.05129,369.94444,20.59223,1.5232,1930.61836,287471.55779,20.70334,587.62513,171.88594,758.09727,1.0,748.66667,533.55442,44.63752,1874.56639,D43.a_1,1292.49288,196.88889,180.79471,1.0,7163.98597,355.47891,1.0,1.0,34.81535,7959.18003,1.0,39.02562,8.39247,7.13366,1.0,4.56667,1.0,1.0,28.1289,D43.i_1
25082.79003,7869.79909,5476.05979,365.76074,162509.21796,166.5,19.03667,2.2208,1835.11836,273335.72446,18.92556,584.95846,156.27483,628.37504,1.0,624.33333,294.16554,37.78613,1677.78861,D43.a_2,1228.10399,197.94444,176.90582,1.0,7083.87486,241.27426,1.0,1.0,32.70424,7287.45781,1.0,31.69229,9.12669,4.70623,1.0,1.45656,1.94334,1.0,21.79556,D43.i_2
24061.95669,8076.07686,6014.17091,835.26074,158352.21796,279.38889,21.03667,1.5232,1853.28503,266783.44668,19.81445,582.68068,160.55261,626.20838,1.0,654.11111,425.66554,38.4889,1661.6775,D43.a_3,1097.27066,183.72222,173.46137,1.0,5983.81931,133.76864,1.0,1.0,27.70424,6694.56892,1.0,30.24784,6.89647,5.20172,1.0,1.89798,1.6289,1.0,21.57334,D43.i_3
23488.51225,7642.68797,6694.89313,982.26074,156094.55129,306.16667,20.81445,1.3488,1716.78503,250920.72446,18.14778,527.40291,162.77483,611.76393,1.0,633.5,399.94331,42.69307,1509.06639,D43.a_4,984.43733,141.22222,237.40582,1.0,5397.09709,183.89733,1.0,1.0,26.37091,6332.56892,1.0,34.02562,1.992,5.53505,1.0,1.00505,1.0,1.0,23.68445,D43.i_4
22605.17891,8186.96575,7862.94868,1129.14963,149443.38462,308.33333,22.37,8.22853,1654.34059,238070.83557,21.92556,582.68068,181.9415,619.26393,1.0,703.77778,408.8322,59.17502,1383.78861,D43.a_5,997.54844,178.72222,163.01693,1.0,5812.76375,42.17511,1.0,1.0,30.81535,6117.62448,1.0,32.73882,5.80535,4.48401,1.0,2.78485,1.31445,1.0,20.6289,D43.i_5
28889.95669,7777.9102,7278.78202,543.70518,173087.60685,279.44444,19.59223,8.57733,1495.84059,231831.78001,21.81445,541.90291,148.99705,598.20838,1.0,669.27778,383.05442,81.95279,1462.73306,D43.a_6,1200.71511,172.66667,183.46137,1.0,6573.7082,90.84459,1.0,1.0,28.59313,5870.95781,1.0,27.35444,6.2458,4.14166,1.0,1.00202,1.94334,1.0,17.89445,D43.i_6
24468.90114,7168.63242,8174.55979,1265.87185,155381.21796,427.5,24.14778,3.03866,1507.4517,226767.00223,20.59223,578.34735,149.71927,624.09727,1.0,686.77778,441.49887,64.89724,1499.1775,D43.a_7,1009.93733,167.44444,178.96137,1.0,5527.31931,77.72785,1.0,1.0,29.92646,5514.23559,1.0,31.58118,5.19824,7.18922,1.0,2.3404,1.31445,1.0,17.92112,D43.i_7
22869.17891,7278.24353,8369.67091,1270.98296,148923.32907,482.88889,25.37,5.89519,1471.34059,219499.00223,23.03667,534.73624,171.27483,609.4306,1.0,678.0,408.99887,80.39724,1437.51083,D43.a_8,887.93733,105.11111,138.79471,1.0,4978.76375,64.12236,1.0,1.0,31.81535,5136.62448,1.0,29.69229,4.52757,4.7663,1.0,1.89394,1.0,1.0,25.1989,D43.i_8
22570.62336,7025.52131,7704.11535,1640.03852,142998.71796,335.0,24.03667,7.06186,1484.9517,213756.72446,23.25889,538.95846,156.16372,593.59727,1.0,664.61111,409.88776,72.50835,1439.51083,D43.a_9,868.65955,154.5,141.35026,1.0,4868.31931,214.86217,1.0,1.0,40.37091,4779.95781,1.0,33.35895,3.63468,5.13366,1.0,1.89192,3.88779,1.0,21.29556,D43.i_9
31838.87928,10163.66337,6482.47668,6574.16005,237258.3997,479.26632,24.80351,4.38378,1923.69451,617864.80238,57.20838,6511.44444,3461.9415,1607.98111,13.31191,4084.94157,330.20774,730.64117,21986.16667,D44.a_0,1023.27424,220.90905,75.29247,4.69916,4629.37279,501.27778,1.0,1.43395,54.9891,4623.5546,1.67569,388.51335,184.9653,13.68963,1.0,11.85506,2.58261,1.0,102.76464,D44.i_0
27831.76817,9259.9967,6423.19891,6452.88227,208373.78859,331.32187,17.58129,5.318,1866.13895,591673.91349,53.65282,5994.27778,3402.66372,1311.64778,15.80801,3100.05268,378.70774,648.75228,16440.5,D44.a_1,751.77424,124.96864,89.18136,1.7624,4013.03946,632.55556,1.0,1.0,41.10021,4329.66572,1.63715,366.5689,165.74308,11.52297,1.0,12.4816,5.52706,1.0,119.20908,D44.i_1
36171.1015,10511.55226,5893.14335,6119.77116,220918.45526,267.48854,17.13685,8.70177,2085.36117,572837.58016,50.31949,6329.44444,3167.05261,1325.98111,6.59358,4942.33046,393.59663,646.9745,29675.38889,D44.a_2,927.82979,252.19086,89.95914,13.12823,4637.81723,639.38889,1.0,1.0,60.10021,4156.61016,1.86388,422.84668,221.57641,13.52297,1.0,5.00315,7.26281,1.0,152.15352,D44.i_2
33105.26817,9211.88559,5825.14335,4022.10449,215576.34415,290.26632,21.47018,9.98466,2026.25006,552799.30238,49.31949,6241.72222,3012.21927,1253.03667,2.98831,4086.05268,389.65219,499.41895,26409.0,D44.a_3,1086.9409,307.6353,78.07025,7.63592,4919.76168,470.44444,1.0,1.0,66.21132,4051.99905,2.82985,214.62446,279.57641,11.46741,1.0,10.45075,1.79131,2.07813,113.54241,D44.i_3
31888.43483,9421.16337,5795.92113,3885.32671,196082.73304,620.93298,21.91463,9.34322,1902.13895,542310.63571,50.76393,6184.44444,3195.10816,1036.48111,5.42886,3910.99712,357.15219,387.36339,24919.83333,D44.a_4,983.38535,251.19086,93.6258,18.6761,5042.42834,351.44444,1.0,1.43395,56.32243,3973.0546,1.34235,429.45779,231.85419,15.13408,1.0,9.11426,7.10967,1.88195,151.09797,D44.i_4
38446.49039,9763.88559,6171.25446,5928.38227,220890.17748,269.48854,21.35907,9.86844,1888.52784,534234.69127,41.09727,6659.66667,2860.88594,1144.42556,6.92497,5395.16379,473.59663,505.30784,29185.94444,D44.a_5,883.71868,116.74641,104.95914,1.0,4754.65057,406.72222,1.0,1.0,35.87799,3899.66572,1.37638,684.5689,118.4653,9.91186,1.0,14.25937,4.16523,1.94098,136.87575,D44.i_5
33867.93483,9220.16337,5699.75446,4071.77116,193251.8997,485.15521,15.6924,3.62611,1827.47228,522932.13571,47.76393,5941.05556,3000.27483,1044.70334,5.42886,4555.55268,442.04108,449.4745,25019.72222,D44.a_6,1002.99646,244.55854,87.40358,6.92907,4621.65057,583.5,1.0,1.0,46.21132,3784.27683,1.90242,288.68001,194.07641,11.80074,1.0,6.71924,1.79131,2.88195,76.04241,D44.i_6
30954.43483,9664.71892,6660.58779,3893.2156,189055.8997,717.37743,17.91463,9.86844,1843.25006,512183.80238,48.09727,6278.0,3135.4415,1140.64778,9.70664,4315.05268,384.87441,318.19673,22197.27778,D44.a_7,1059.60757,302.80197,76.29247,13.56499,4843.70612,285.72222,1.0,1.0,56.10021,3700.33238,2.56908,541.34668,309.4653,13.02297,1.0,8.37049,4.95654,2.60417,131.04241,D44.i_7
34266.1015,9015.55226,6205.14335,2979.2156,192764.12192,409.74844,17.80065,11.15133,1705.41673,501729.74682,42.09727,6253.33333,2934.55261,939.64778,3.21443,4761.33046,419.20774,272.4745,25985.33333,D44.a_8,1025.4409,273.46864,70.29247,11.65898,4610.31723,1247.66667,1.0,1.0,50.76688,3574.83238,1.26527,458.84668,226.74308,14.57852,1.0,11.91991,2.73575,1.27431,110.70908,D44.i_8
33877.37928,8751.60781,6037.31002,3666.43782,206513.12192,322.21267,17.13399,9.86844,1810.19451,484906.35793,39.98615,6420.55556,2796.99705,1064.25889,10.3197,5294.66379,358.92997,297.14117,27304.22222,D44.a_9,890.55201,234.07975,108.73691,2.90601,4181.9839,289.61111,1.0,1.0,49.54466,3480.0546,1.41943,324.73557,179.29863,12.63408,1.0,4.75009,2.58261,1.88195,95.04241,D44.i_9
19881.79972,5038.6353,7084.93462,367.45442,169523.17013,47.83333,2.12428,1.27118,377.05078,185501.19711,22.68372,8193.40291,11.68144,1147.42556,1.0,117.38646,165.92997,171.44286,522.72078,D45.a_0,262.13198,11.70469,46.73333,1.0,939.86736,234.96667,1.0,1.0,2.56397,865.5877,1.0,61.94348,1.0,2.46278,1.0,1.142,1.0,1.0,5.41525,D45.i_0
19555.52195,5177.74641,6809.71239,185.11933,166425.67013,43.72222,1.90206,1.27118,420.99523,178080.36377,28.68372,7559.84735,12.46941,1122.31445,1.0,79.1366,134.15219,167.60953,502.49856,D45.a_1,249.40976,18.41377,44.17778,1.0,937.86736,44.48889,1.0,1.0,1.54343,734.69881,1.0,68.38793,1.0,3.81667,1.0,1.28401,1.0,1.0,3.22096,D45.i_1
16928.02195,4463.69086,5888.3235,378.61933,142679.11457,17.11111,3.0956,4.14688,376.773,171643.86377,25.23927,7035.62513,11.83307,1045.98111,1.0,50.30353,143.15219,202.49842,447.55412,D45.a_2,258.8542,11.09139,52.84444,1.0,996.64514,325.35556,1.0,1.0,1.76565,650.86548,1.0,40.61015,1.0,1.74889,1.0,1.142,1.31616,1.0,8.38668,D45.i_2
18571.85528,4894.41308,7241.93462,539.8439,152634.67013,51.83333,2.22583,1.27118,373.66189,166908.03044,19.57261,7226.18068,13.01987,982.81445,1.0,150.10868,171.81885,200.66508,564.44301,D45.a_3,272.29865,26.14256,78.62222,1.0,1078.42292,520.82222,1.0,1.0,1.87676,571.97659,1.0,49.94348,2.13874,4.83722,1.0,1.0,2.2606,1.0,17.83081,D45.i_3
18556.18861,4758.30197,6648.43462,352.1205,154396.05901,25.33333,3.35607,1.27118,410.05078,161497.36377,25.35038,6799.18068,11.85321,1084.31445,1.0,74.05313,118.54108,134.10953,470.77634,D45.a_4,245.3542,13.76463,50.62222,1.0,860.7007,430.37778,1.0,1.0,2.61346,556.30992,1.0,34.94353,1.0,2.71389,1.0,1.42601,4.15352,1.0,5.7762,D45.i_4
18314.46639,4890.24641,7063.15684,459.89945,149083.11457,27.38889,2.31782,1.0,387.10634,155553.53044,18.23927,6628.01402,13.89373,947.98111,1.0,103.16424,143.20774,159.60953,510.49856,D45.a_5,222.29865,11.76463,44.84444,1.0,870.08959,107.57778,1.0,2.11111,3.94679,509.14326,1.0,49.88793,1.0,4.03889,1.0,1.0,1.0,1.0,7.1654,D45.i_5
17885.96639,4574.07975,6304.49017,475.3439,143838.22568,19.16667,3.4385,1.54236,348.21745,150985.30822,17.23927,6312.34735,16.83307,970.81445,1.0,112.38646,122.31885,231.94286,514.27634,D45.a_6,290.46531,9.59358,66.4,1.0,1055.14514,396.42222,1.0,1.0,3.41178,477.80992,1.0,55.1657,2.13874,3.65,1.0,1.28401,1.0,1.0,9.33176,D45.i_6
16355.18861,4291.19086,5861.15684,225.06143,129351.00346,13.11111,2.4385,2.43785,333.05078,146487.47489,19.12816,5964.7918,24.8634,922.14778,1.0,62.88646,154.04108,144.44286,445.94301,D45.a_7,223.40976,12.9759,50.95556,1.0,819.14514,343.44444,1.0,1.0,3.09898,461.87604,1.0,56.77681,1.74985,2.66445,1.0,1.28401,1.0,1.0,3.9435,D45.i_7
16611.85528,4359.19086,6681.04573,471.11992,142979.28124,25.16667,2.60697,1.54236,338.38411,143551.97489,14.79483,6178.2918,15.10575,874.70334,1.0,132.10868,109.48552,183.8873,538.22078,D45.a_8,261.07643,12.03584,48.17778,1.0,999.92292,130.18889,1.0,1.0,2.76565,388.97659,1.0,37.66581,1.0,4.08,1.0,1.0,1.0,1.0,8.52604,D45.i_8
17023.29972,4770.30197,6709.3235,459.95501,136921.55901,19.0,3.55917,1.27118,307.82856,139907.086,19.90594,6233.84735,22.59556,927.03667,1.0,144.55313,113.14991,157.60953,633.55412,D45.a_9,285.40976,36.19812,75.62222,1.0,1059.7007,600.22222,1.0,3.22222,4.7946,383.80992,1.03854,41.66581,3.27747,5.03056,1.0,1.0,1.0,1.0,18.58128,D45.i_9
35978.66637,9053.46896,20396.59727,2147.14735,242737.59134,427.38889,3.00228,4.06949,3042.15563,260962.82203,12.80484,106350.22618,315.5,573.75813,2.30009,138.16684,304.48448,535.91195,27578.36173,D46.a_0,84.28344,13.81885,1.87453,1.0,160.70967,112.98194,1.0,1.0,1.0,1.0,1.0,1.0,1.0,1.0,1.0,1.0,1.0,1.0,1.0,D46.i_0
32939.05526,8071.3023,18864.98615,1657.03624,215560.36912,345.44444,2.27338,7.01411,2784.21119,243754.21092,10.4715,98558.89284,361.88889,476.59146,2.95013,142.55573,236.98448,536.02306,25148.36173,D46.a_1,90.17233,3.70774,2.29027,1.0,253.67024,67.12996,1.0,1.0,1.0,1.0,1.0,1.0,1.0,1.0,1.0,1.03699,1.0,1.0,1.0,D46.i_1
30159.27749,7916.74674,16784.20838,1156.59179,200936.98023,99.0,2.69339,4.80564,2605.48897,230767.76647,10.69373,91985.17062,263.0,326.5359,1.0,101.55573,211.26226,459.24528,20847.41729,D46.a_2,150.50566,7.47104,4.63078,1.0,528.79748,124.83382,1.0,1.0,1.07519,1.0,1.0,1.0,1.0,1.0,1.0,1.07398,1.0,1.0,1.0,D46.i_2
29005.94415,7657.85785,15605.48615,1499.59179,192395.09134,103.16667,3.17563,1.0,2688.54452,224429.26647,8.94998,90265.4484,317.11111,368.75813,1.0,119.11128,205.48448,404.02306,21177.97285,D46.a_3,121.39455,19.86525,4.18633,1.0,452.68637,162.83392,1.0,1.0,1.07519,1.0,1.0,1.0,1.0,1.0,1.0,1.25894,1.0,1.0,1.0,D46.i_3
29550.05526,7675.19118,15109.04171,1197.64735,191957.03579,60.05556,3.59564,6.70847,2707.65563,221047.26647,11.24928,88336.11507,371.83333,353.0359,1.0,133.22239,199.48448,424.74528,21605.13951,D46.a_4,30.90249,1.2831,1.0,1.0,71.96774,4.74077,1.0,1.0,1.0,1.0,1.0,1.0,1.0,1.0,1.0,1.0,1.94444,1.0,1.0,D46.i_4
28220.3886,7701.74674,15288.15282,1739.64735,185748.42468,74.44444,2.97784,3.63898,2668.71119,217115.21092,9.13817,85176.89284,463.22222,389.75813,1.32502,155.27795,248.87337,500.80083,22601.91729,D46.a_5,1.0,1.0,1.0,1.0,1.0,1.0,1.0,1.0,1.0,1.0,1.0,1.0,1.0,1.0,1.0,1.0,1.0,1.0,1.0,D46.i_5
27095.49971,7538.96896,16481.9306,1672.31401,182973.86912,195.5,3.31118,8.48642,2642.8223,212909.59981,9.4715,83494.28173,476.22222,403.86924,1.65004,159.72239,213.42893,485.35639,23428.30618,D46.a_6,8.47505,1.14155,1.0,1.0,1.0,1.0,1.0,1.0,1.15037,1.0,1.0,1.0,1.0,1.0,1.0,1.0,1.94444,1.0,1.0,D46.i_6
27701.11082,7487.19118,14630.26393,1739.7029,184415.53579,210.0,1.65559,2.47231,2438.15563,205811.76647,9.50553,82206.55951,217.77778,387.86924,1.0,128.33351,186.65115,361.80083,19890.0284,D46.a_7,2.0102,1.0,1.0,1.0,1.0,1.0,1.0,1.0,1.0,1.0,1.0,1.0,1.0,1.0,1.0,1.0,1.0,1.0,1.0,D46.i_7
26801.55526,7419.41341,14458.31949,1022.31401,178621.20246,263.16667,1.65559,3.94462,2475.15563,199087.93314,8.09963,83128.05951,248.88889,285.64701,1.0,109.05573,199.42893,473.07861,19959.36173,D46.a_8,1.0,1.0,1.0,1.0,1.0,1.0,1.0,1.0,1.0,1.0,1.0,1.0,1.0,1.0,1.0,1.0,1.0,1.0,1.0,D46.i_8
26261.83304,7189.91341,14885.26393,1566.64735,173726.03579,164.72222,2.74226,1.73616,2389.8223,191433.26647,7.28331,78615.39284,288.88889,367.64701,1.65004,121.44462,193.37337,388.24528,21908.5284,D46.a_9,81.70748,11.39421,4.31898,1.0,253.56989,16.70377,1.0,1.0,1.0,1.0,1.0,1.0,1.0,1.0,1.0,1.0,1.0,1.0,1.0,D46.i_9
32445.3886,25259.77778,40711.25139,1544.09938,104236.82924,382.59965,118.81445,532.54792,6701.23805,730259.17778,377.61111,1493.33333,29.55556,1613.09223,1.0,376.33333,3291.11111,31.46876,8713.62818,D47.a_0,959.48696,354.64254,270.19747,1.0,2562.41137,18.01865,1.0,1.0,206.99214,1332.1824,2.22222,17.06029,1.66667,7.96264,1.0,1.35006,10.86593,1.0,15.98686,D47.i_0
28021.49971,23035.33333,38318.08472,1456.48827,93581.88479,614.82187,115.25889,600.43681,6192.90472,681216.67778,322.66667,1349.55556,31.72222,1470.31445,1.0,387.0,2966.72222,32.9132,8162.07263,D47.a_1,896.65362,256.69809,145.03081,1.0,2272.80026,1.0,1.0,1.0,165.54769,1226.96018,2.83333,20.14826,2.0,3.41219,1.0,1.0,1.83526,1.0,13.09797,D47.i_1
26839.66637,22074.11111,36573.80695,1381.48827,87523.21813,606.65521,111.70334,518.27014,5759.84916,649264.23333,304.33333,1282.11111,34.11111,1425.59223,1.0,358.55556,2821.72222,26.9132,7929.96151,D47.a_2,933.32029,294.97587,275.86414,1.0,2492.13359,19.33353,1.0,1.0,177.99214,1111.96018,2.0,24.09271,2.0,5.43678,1.0,1.70012,8.08623,1.0,12.9313,D47.i_2
27273.55526,22741.61111,36557.75139,1407.48827,89133.44035,766.5441,118.25889,525.60348,6052.57139,622131.17778,292.11111,1256.83333,46.77778,1519.42556,1.0,367.77778,3018.38889,27.74654,7941.68374,D47.a_3,864.54251,233.47721,164.91969,1.0,2304.63359,1.0,1.0,1.0,150.76991,1017.40462,2.44444,14.83114,2.0,4.16028,1.0,1.0,35.42342,1.0,11.82019,D47.i_3
27079.33304,22557.44444,34000.47361,1200.93271,87179.9959,518.09965,114.48111,479.65903,6228.62694,602959.67778,309.16667,1293.77778,37.72222,1521.09223,1.0,371.27778,2921.11111,37.52431,7844.40596,D47.a_4,815.82029,222.36476,262.58636,1.0,2126.2447,11.85198,1.0,1.0,145.32547,954.34906,1.5,22.70382,1.0,2.79725,1.0,1.0,13.64564,1.0,13.4313,D47.i_4
24029.44415,21788.22222,32817.64028,1696.21049,79309.27368,715.21076,101.59223,485.43681,5613.23805,585973.73333,277.55556,1217.88889,40.22222,1439.75889,1.0,413.55556,2685.11111,25.40877,7409.12818,D47.a_5,880.20918,222.14254,207.25303,1.0,2279.13359,6.05565,1.0,1.0,130.88103,907.29351,2.55556,17.39362,2.33333,2.49361,1.0,1.0,1.83526,1.0,16.37575,D47.i_5
24416.16637,21461.88889,32599.80695,1887.3216,83041.27368,538.5441,98.70334,505.49237,5657.29361,573107.23333,272.55556,1187.33333,29.11111,1377.42556,1.0,424.72222,2789.05556,28.56656,7737.51707,D47.a_6,832.65362,180.80921,105.58636,1.0,2034.35581,1.0,1.0,1.0,117.6588,854.90462,2.33333,14.04407,1.0,1.08142,1.0,1.0,8.55941,1.0,9.76464,D47.i_6
24746.72193,21738.61111,34054.97361,1755.71049,84518.66257,848.87743,117.25889,510.15903,5956.07139,568206.78889,279.77778,1153.83333,33.27778,1407.31445,1.0,369.61111,3161.16667,27.35321,7236.40596,D47.a_7,846.4314,328.47587,243.41969,1.0,2190.41137,39.31488,1.0,1.0,147.10325,844.46018,2.27778,15.09271,1.66667,3.68486,1.0,1.0,23.95216,1.0,5.2946,D47.i_7
24966.72193,21268.55556,31678.80695,1544.15493,82891.27368,553.32187,99.59223,526.60348,5766.6825,562251.23333,272.0,1184.88889,38.5,1444.59223,1.0,387.38889,2776.61111,27.07987,7247.01707,D47.a_8,842.09807,270.64522,187.47525,1.0,2202.85581,10.16676,1.0,1.0,182.43658,818.34906,1.44444,13.77559,1.33333,1.49105,1.0,1.0,16.59008,1.0,6.07238,D47.i_8
25420.22193,21545.77778,32114.3625,1817.59938,80902.27368,844.76632,106.59223,450.38126,5756.62694,549023.62222,280.0,1162.88889,38.55556,1344.87,1.0,391.05556,2778.38889,28.79322,6979.01707,D47.a_9,869.98696,185.03143,121.36414,1.0,2211.68915,23.24077,1.0,1.0,127.76991,760.79351,2.5,21.66447,1.66667,1.19253,1.0,1.35006,4.55941,1.0,11.18495,D47.i_9
14151.36758,19821.87337,12156.22608,2437.42423,77950.40022,804.15289,49.4101,5.74362,3583.4941,452748.34492,145.59087,500.3034,200.06265,432.9715,1.0,548.64668,686.24038,80.3786,15171.38353,D48.a_0,550.78194,69.89845,109.32053,12.22834,1369.57469,26.81575,1.0,1.0,19.14397,1432.97476,1.01912,13.97255,4.33767,3.37834,1.0,1.55703,1.0,1.0,18.94466,D48.i_0
13232.31202,17582.26226,11220.9483,2047.86867,71432.06689,612.98623,45.18787,5.74362,3572.9941,435643.78937,146.59087,409.74784,209.11821,426.63817,1.0,567.75779,667.35149,87.65638,14236.43908,D48.a_1,539.11528,127.28734,99.87608,1.0,1544.40802,1.0,1.0,1.0,20.47731,1217.8081,1.20671,15.54283,5.61466,1.76945,1.0,1.0,1.0,1.0,7.04955,D48.i_1
12534.42313,17609.09559,11072.9483,2272.31312,68299.01133,668.54178,45.85454,4.56156,3402.32744,414378.67825,134.81309,461.35895,180.34043,397.02706,1.0,559.64668,588.18482,75.21193,13812.6613,D48.a_2,492.22639,74.42102,103.0983,1.0,1254.63025,47.61392,1.0,1.0,20.03286,1097.53032,1.00956,13.99664,3.89165,1.61722,1.0,2.44592,1.0,1.0,16.54032,D48.i_2
12915.5898,18091.7067,11079.00386,2254.0909,69431.12244,590.43067,46.07676,2.19745,3259.9941,391700.67825,135.70198,448.91451,154.39598,359.9715,1.0,510.09113,577.51816,78.93415,14300.55019,D48.a_3,490.17083,108.23178,88.65386,1.0,1344.74136,16.78059,1.0,1.0,25.14397,981.91921,1.41938,14.67804,3.44799,1.13167,1.0,1.55703,3.83333,1.0,8.82111,D48.i_3
12149.92313,17046.09559,9797.78163,1782.0909,63464.178,459.04178,42.18787,3.3949,3333.60521,379756.56714,136.59087,381.19229,153.89598,360.74928,1.0,500.92446,542.68482,69.60082,13000.77242,D48.a_4,502.61528,93.00956,95.76497,1.0,1428.96358,11.52039,1.0,1.0,24.03721,898.25254,1.15891,10.80588,3.66982,1.61722,1.0,4.52196,2.88889,1.0,7.1051,D48.i_4
12392.03424,17356.87337,10161.55941,2143.20201,65373.34466,592.87511,39.74343,2.22053,3177.27188,365833.01159,125.81309,420.02562,142.78487,338.52706,1.0,491.31335,572.40705,106.26749,13181.93908,D48.a_5,506.00416,102.06512,86.0983,1.0,1436.13025,3.29817,1.0,1.0,22.14397,866.8081,1.26046,4.26505,6.00355,1.0,1.0,1.0,1.0,1.0,4.9631,D48.i_5
10879.14535,15462.09559,9943.72608,1970.36867,57974.34466,444.93067,42.18787,6.90259,3008.54966,353865.67825,124.36865,384.63673,163.89598,355.9715,1.0,478.98001,584.29594,91.01555,12116.38353,D48.a_6,502.44861,129.73743,113.65386,1.0,1412.57469,3.29817,1.0,1.0,26.58842,793.75254,1.03824,11.91699,3.89322,1.74889,1.0,1.0,5.72222,1.0,6.38288,D48.i_6
10482.14535,15353.42893,9761.4483,1787.14645,55198.62244,436.764,41.96565,10.41029,2988.71632,339773.06714,120.03531,385.3034,165.84043,347.41595,1.0,499.09113,562.51816,92.76749,10972.93908,D48.a_7,500.3375,103.90973,94.65386,1.0,1365.01914,14.72504,1.0,1.0,26.03286,767.19699,1.05736,10.48727,9.94917,1.24278,1.32502,1.18568,5.72222,1.0,8.73166,D48.i_7
10403.92313,14716.7067,8620.39275,1730.5909,54529.51133,448.87511,35.63232,1.03848,2932.71632,327879.45603,110.9242,367.63673,140.78487,324.41595,1.0,457.64668,533.62927,69.65638,11191.82797,D48.a_8,520.05972,90.40409,92.87608,1.0,1475.01914,101.85373,1.0,1.0,23.14397,698.97476,1.0,12.39289,5.17021,1.0,1.65004,3.00295,1.0,1.0,6.58044,D48.i_8
9982.20091,14169.31781,8523.39275,1673.81312,52829.90022,420.31956,30.74343,2.18975,2784.60521,319048.84492,109.36865,329.3034,140.45154,305.80484,1.0,417.70224,494.12927,67.76749,11357.21686,D48.a_9,533.39305,118.17623,82.54275,1.0,1377.35247,22.2834,1.0,1.0,23.03286,698.8081,1.01912,12.59102,4.9476,2.43611,1.32502,2.00148,2.88889,1.0,8.11433,D48.i_9
31333.92548,5878.05556,8884.95183,1198.55062,142665.96893,33.44444,2.38406,1.0,737.90392,166180.4047,18.4306,868.94334,56.27778,260.8563,1.0,385.49712,271.83333,75.43308,2386.10235,D49.a_0,663.03032,60.61111,124.97743,1.0,3311.40081,143.15728,1.0,1.0,14.6654,5955.70281,1.0,79.81066,2.34065,4.38889,1.0,6.75734,3.03557,1.0,116.03392,D49.i_0
27465.98104,5236.44444,7846.28516,1293.99507,126720.80226,55.77778,2.67359,1.0,656.40392,156299.29359,14.98615,778.16557,45.61111,241.80074,1.0,378.38601,252.05556,77.98864,2428.49124,D49.a_1,620.14143,34.61111,113.31077,1.0,3244.45636,16.90532,1.0,1.0,17.44318,5425.70281,1.0,57.03289,1.02515,5.94444,1.0,2.27096,2.51779,1.0,115.08948,D49.i_1
23491.48104,5380.44444,7917.78516,1247.88396,114932.69115,88.83333,1.87553,1.0,618.95948,149549.62692,15.31949,745.11001,65.94444,219.18963,1.0,366.60824,186.88889,55.58376,2393.38012,D49.a_2,628.41921,42.38889,97.75521,1.0,3159.2897,53.47339,1.0,1.0,16.55429,4497.36948,1.0,53.53289,9.36054,6.27778,1.0,1.76415,1.51779,1.0,95.14503,D49.i_2
25116.98104,5280.0,8520.6185,1141.88396,116702.52449,70.38889,3.78471,1.0,652.90392,144066.01581,15.98615,738.9989,56.38889,242.96741,1.0,355.94157,159.05556,88.5442,2499.32457,D49.a_3,494.91921,23.38889,85.31077,1.0,2543.7897,7.70892,1.0,1.0,14.10984,3590.03615,1.0,45.644,6.88569,1.55556,1.0,1.38208,3.90612,1.0,71.20059,D49.i_3
24689.48104,4984.22222,8483.00739,1167.66174,118686.08004,88.5,3.60628,3.31846,596.45948,138448.62692,11.65282,737.83223,49.94444,260.96741,1.0,323.94157,207.44444,86.15531,2835.26901,D49.a_4,488.53032,36.5,82.97743,1.0,2357.45636,6.73474,1.0,1.0,24.44318,2840.20281,1.0,25.25511,3.22428,3.38889,1.0,1.19104,7.48056,1.0,74.42281,D49.i_4
22548.59215,4701.61111,7724.78516,1133.99507,108103.46893,109.55556,3.92947,1.0,611.34836,133425.46025,13.65282,681.55446,59.61111,235.30074,1.0,336.99712,137.38889,87.71086,2162.6579,D49.a_5,555.03032,28.38889,111.97743,1.0,2721.2897,17.55477,1.0,1.5232,40.77651,2672.31392,1.0,37.97733,1.03772,4.44444,1.0,1.57311,10.4978,1.0,71.36725,D49.i_5
22094.59215,4686.22222,8410.45183,1350.71729,105402.35782,45.72222,4.89582,3.31846,576.40392,128092.07137,10.87504,647.9989,65.55556,238.63408,1.0,322.7749,153.0,84.59975,2176.10235,D49.a_6,473.75254,28.27778,93.86632,1.0,2350.34525,8.03365,1.0,1.0,31.10984,2499.31392,1.0,19.09896,1.90878,3.61111,1.0,1.19104,3.25889,1.0,69.86725,D49.i_6
21302.31437,4546.55556,7396.89628,1002.55062,101643.41338,113.27778,2.50854,1.0,532.73725,123425.9047,12.87504,647.16557,48.0,228.13408,1.0,326.60824,188.77778,98.26642,2183.26901,D49.a_7,512.75254,21.5,113.19966,1.0,2529.23414,5.97809,1.0,1.0,34.22096,2347.48059,1.0,40.03289,1.92661,3.22222,1.0,2.2086,2.51779,1.17652,57.86725,D49.i_7
21296.98104,4259.94444,7589.50739,1012.8284,99570.30226,74.22222,3.28631,1.0,569.45948,119843.01581,10.31949,656.83223,50.77778,210.74519,1.0,314.33046,149.27778,100.43308,2031.26901,D49.a_8,551.75254,28.22222,107.08854,1.0,2664.23414,5.97809,1.0,1.0,36.88762,2252.75837,1.0,50.58844,1.50732,4.44444,1.0,1.19104,2.64723,1.0,69.42281,D49.i_8
23052.6477,4711.5,7864.56294,1513.10618,108748.80226,96.77778,5.22915,1.0,564.62614,116909.68248,11.20838,649.61001,47.94444,206.07852,1.0,387.94157,192.83333,100.37753,2653.26901,D49.a_9,478.53032,16.33333,93.53299,1.0,2408.73414,12.46948,1.0,1.0,33.33207,2179.53615,1.0,23.58844,2.81025,3.83333,1.0,1.38208,3.25889,1.08826,72.14503,D49.i_9
6207.55282,2986.74444,31589.38621,1508.82885,152226.53777,482.42222,21.92556,1.0,926.14956,299370.17254,890.48615,3911.90291,119.9415,230.09961,1.0,878.25779,242.04004,437.8067,7521.41675,D5.a_0,262.69409,25.14078,196.61798,1.54249,1107.94565,50.5864,1.0,1.0,47.32278,913.21301,44.07676,71.90361,5.82664,1.0,1.0,1.0,1.0,1.0,221.19028,D5.i_0
5430.71948,2712.46667,28608.55287,1619.66219,130838.98221,365.36667,18.59223,1.0,802.53845,267353.61698,805.9306,3443.01402,104.4415,216.15516,1.0,777.3689,124.15115,465.14003,6934.02786,D5.a_1,233.47187,31.74732,185.06242,1.0,1049.22343,133.22748,1.0,1.0,39.65612,766.32412,42.52121,71.12583,5.7142,1.11111,1.0,1.0,1.0,1.0,226.96806,D5.i_1
5051.49726,2569.91111,26240.21954,1568.05108,119180.48221,348.64444,13.25889,11.30625,770.87178,238798.28365,709.48615,3121.51402,102.66372,191.82183,1.0,726.81335,216.04004,568.25114,6797.80564,D5.a_2,246.58298,13.13165,200.17353,1.0,1087.3901,32.56082,1.05556,1.0,46.76723,703.04907,40.52121,81.95916,12.60442,1.0,1.0,2.23085,1.0,1.0,239.52361,D5.i_2
4768.77504,2486.07778,23901.38621,1436.38441,126786.59332,237.32222,14.25889,6.15313,749.42734,226335.8392,719.4306,2917.12513,87.55261,184.37739,1.0,518.81335,338.04004,1052.25114,6230.08342,D5.a_3,255.47187,21.80288,190.61798,1.0,1030.72343,191.4788,1.0,1.0,35.4339,645.60462,36.4386,64.40361,2.77376,1.0,1.0,1.0,6.4715,1.0,243.13472,D5.i_3
4848.4417,2617.8,23150.16399,1346.05108,108165.03777,495.68889,21.405,1.0,677.03845,217069.61698,699.59727,2930.51402,76.21927,204.59961,1.21778,589.98001,202.37337,825.02892,7454.97231,D5.a_4,180.97187,37.91399,159.95131,1.0,911.05676,188.03172,1.0,1.0,39.10056,598.82412,38.18787,56.68139,3.99599,1.44444,1.0,1.0,1.0,1.0,191.35694,D5.i_4
5048.88615,2391.07778,24170.66399,1436.66219,109170.81555,393.84444,13.70334,1.0,709.87178,212628.22809,682.20838,2900.01402,89.16372,200.04405,1.32667,583.92446,210.37337,980.36225,7451.69453,D5.a_5,236.69409,42.24048,167.95131,1.54249,1097.44565,126.36506,1.0,1.0,46.54501,562.04907,37.4101,60.68139,1.0,1.55556,1.0,1.2864,1.0,1.0,232.35694,D5.i_5
4954.77504,2371.85556,23302.38621,1297.43997,111973.53777,447.47778,16.48111,1.0,685.37178,208720.8392,681.76393,2879.7918,83.27483,208.54405,1.0,624.75779,193.48448,1227.8067,7046.75009,D5.a_6,233.3052,19.46726,180.89575,1.0,887.72343,212.84035,1.0,1.0,36.10056,535.76856,29.4101,63.73694,1.44311,1.0,1.0,1.0,1.0,1.0,246.02361,D5.i_6
4929.49726,2413.35556,23613.83065,1542.43997,114847.48221,303.64444,15.48111,1.0,699.53845,206188.17254,679.15282,2848.34735,83.66372,194.59961,1.21778,558.70224,314.15115,1435.64003,6905.3612,D5.a_7,234.91631,41.08294,174.39575,2.08497,1049.61232,138.5326,1.0,1.0,41.87834,488.54634,40.18787,57.90361,4.38621,1.22222,1.0,1.0,1.0,1.0,265.07917,D5.i_7
4764.16393,2396.13333,22325.21954,1470.32885,111009.64888,478.42222,15.70334,1.0,644.14956,202928.72809,645.9306,2708.73624,65.4415,198.9885,1.21778,544.42446,251.98448,1120.86225,7509.69453,D5.a_8,375.97187,36.08294,185.67353,1.0,1154.83454,132.08903,1.11111,1.0,36.76723,467.04907,27.74343,49.12583,1.66466,1.33333,1.0,1.0,1.0,1.0,278.69028,D5.i_8
4628.49726,2164.63333,22194.16399,1163.38441,107164.48221,557.24444,12.25889,3.81979,661.98289,200278.89476,623.04171,2732.95846,70.60816,223.59961,1.0,598.14668,265.76226,1071.86225,7261.25009,D5.a_9,223.41631,29.19633,184.28464,2.08497,1034.11232,78.92149,1.0,1.0,31.54501,446.87695,29.07676,65.34805,6.22088,1.0,1.0,1.0,1.0,1.0,304.4125,D5.i_9
27691.08933,7273.05556,29006.11568,1431.48316,219149.67044,375.17778,17.58261,4.76896,2525.90739,635828.38242,58.4715,41403.8034,66.33333,574.63817,1.0,294.95509,742.80197,708.61376,948.44301,D50.a_0,421.85892,111.60781,137.30566,1.0,2246.94235,439.17489,1.0,2.11111,3.61018,2886.06161,1.02392,833.5,10.94125,2.5,1.0,1.0,1.0,1.58911,1.30982,D50.i_0
28389.47822,8048.83333,28951.67123,1049.87205,224798.28155,253.24444,13.24928,9.43563,2603.96294,615118.04908,63.91595,44095.35895,68.5,590.9715,1.0,301.45509,1015.02419,704.5582,864.94301,D50.a_1,360.41448,57.88559,139.52788,1.0,2068.94235,352.73045,1.0,4.33333,4.81716,2770.28384,1.0,684.05556,2.47166,3.72222,1.0,1.41653,2.06097,2.18976,1.15491,D50.i_1
27259.14489,7208.05556,29223.00456,1070.48316,218326.28155,256.12222,14.80484,7.10229,2639.57405,600607.21575,66.24928,42703.97007,55.22222,567.63817,1.0,298.62176,864.46864,659.16931,877.88745,D50.a_2,319.19225,42.46003,127.75011,1.0,1898.72013,343.7948,1.0,4.38889,4.46859,2644.78384,1.0,643.61111,1.0503,3.05556,1.0,6.38862,1.53049,1.0,1.30982,D50.i_2
28454.58933,7844.33333,28867.3379,1062.76094,218113.67044,250.31111,14.36039,2.88448,2729.90739,587161.71575,70.02706,45285.02562,48.38889,608.63817,1.0,285.67731,997.24641,651.83598,866.16523,D50.a_3,394.80336,51.83003,147.41677,1.0,2188.10902,334.34156,1.0,3.22222,5.24637,2576.67272,1.04784,718.27778,2.92868,3.44444,1.0,10.94417,1.0,2.17821,2.219,D50.i_3
27953.92267,7740.83333,28519.94901,900.26094,211262.78155,280.78889,12.36039,6.65344,2550.57405,574812.21575,68.02706,42384.74784,56.22222,585.69373,1.0,292.17731,912.1353,656.5582,824.99856,D50.a_4,341.1367,40.60781,122.19455,1.0,1991.99791,541.01703,1.0,2.11111,4.13526,2471.50606,1.02392,681.11111,1.0503,3.27778,1.0,1.0,1.0,1.0,2.66345,D50.i_4
26922.47822,7225.11111,27773.44901,1075.76094,207717.50377,208.9,12.36039,7.73045,2532.85183,559008.82686,65.36039,41346.58118,48.0,579.41595,1.0,262.51065,976.41308,619.78042,829.94301,D50.a_5,389.6367,49.83003,124.08344,1.0,2148.10902,470.35916,1.0,4.33333,4.70605,2346.06161,1.0,676.66667,6.24943,2.22222,1.0,1.0,1.0,1.0,1.61965,D50.i_5
25726.36711,7319.88889,27015.94901,980.20538,205492.226,235.92222,10.80484,2.88448,2427.74072,544247.2713,68.24928,42190.63673,45.5,586.91595,1.0,257.28843,1021.91308,570.0582,766.38745,D50.a_6,332.58114,31.18225,126.08344,1.0,1930.22013,266.56378,1.0,3.22222,4.69082,2272.50606,1.0,629.05556,2.77984,2.61111,1.0,1.0,1.53049,1.40044,1.37713,D50.i_6
23692.20044,7005.11111,26169.94901,1083.59427,196415.226,191.46667,9.4715,6.65344,2456.35183,526345.66019,61.69373,40037.24784,47.44444,544.02706,1.0,253.23287,916.1353,624.11376,816.55412,D50.a_7,381.02559,59.88559,128.08344,1.0,2031.55346,461.73045,1.0,1.0,2.24192,2219.78384,1.0,614.27778,1.03772,3.16667,1.0,1.41653,1.0,1.0,1.92947,D50.i_7
23617.08933,6864.5,24782.28234,1008.81649,186566.50377,216.18889,13.24928,5.21781,2340.29627,509071.54908,61.4715,39297.69229,43.61111,539.36039,1.0,305.67731,999.19086,493.39153,793.10967,D50.a_8,282.85892,38.60781,100.30566,1.0,1644.22013,406.23045,1.02392,4.38889,1.39874,2214.61717,1.0,512.61111,4.50206,2.05556,1.0,1.0,2.59146,1.0,1.0,D50.i_8
23541.42267,7020.38889,24799.17123,985.42761,179548.39266,391.97778,10.24928,3.42299,2223.07405,495123.93797,56.36039,39986.02562,47.0,555.74928,1.0,275.84398,910.02419,417.44709,789.8319,D50.a_9,353.41448,47.71892,127.97233,1.0,1998.10902,315.786,1.0,10.0,6.13526,2136.22828,1.02392,675.72222,3.61317,2.61111,1.0,1.0,1.0,1.40044,1.0,D50.i_9
22412.64914,8702.4932,15626.01693,1538.5721,84897.13119,1245.33392,79.16859,27.9042,1738.94642,323981.74154,9.92556,7599.13673,141.01724,2190.64778,1.0,602.28663,1711.02131,102.71722,3372.93255,D51.a_0,564.72302,50.39632,31.47294,1.0,1495.13787,282.16706,1.0,1.0,6.89644,735.90639,1.0,44.32222,1.0,2.51834,1.0,1.0,1.25889,1.0,2.03215,D51.i_0
21531.37136,9087.82653,16044.35026,1337.18321,82555.2423,832.22281,80.39082,27.9042,1739.00198,314365.68598,7.99556,7504.97007,154.73946,2124.20334,1.0,548.11996,1759.52131,99.995,3264.15477,D51.a_1,571.33413,25.70459,34.91739,1.0,1378.24898,121.88928,1.0,1.0,4.56769,625.62861,1.0,49.76667,1.12846,1.86,1.0,1.0,1.38834,1.61782,1.78028,D51.i_1
19709.64914,8120.43764,15595.90582,1708.68321,77409.63119,1076.94503,75.94637,26.73753,1635.61309,306122.74154,9.37,7023.58118,155.62835,2130.87,1.0,513.67552,1437.57686,116.93944,3087.54366,D51.a_2,613.16747,40.8157,24.69517,1.0,1854.74898,175.01894,1.0,1.0,7.11866,557.73972,1.0,36.1,1.0,2.89278,1.0,1.0,3.64723,1.0,4.64326,D51.i_2
19763.42692,7705.15986,15626.51693,1357.96099,78949.52008,984.22281,71.50193,25.57087,1571.61309,299177.4082,10.73834,6912.02562,133.62835,2069.20334,1.0,502.56441,1356.52131,91.495,2985.21033,D51.a_3,573.33413,41.87125,47.58406,1.0,1492.19343,346.6116,1.0,1.0,7.74271,494.90639,1.0,49.1,1.51385,1.76945,1.0,1.0,1.51779,1.0,2.97535,D51.i_3
19015.37136,7669.15986,15442.6836,1922.96099,79046.90897,696.77837,72.61304,31.88504,1597.66864,294249.13043,9.37,6642.58118,153.40612,2141.81445,1.0,489.84219,1449.57686,89.995,3037.76588,D51.a_4,624.22302,35.34618,39.36183,1.0,1566.13787,306.29672,1.0,1.0,11.25107,458.18417,1.0,44.84444,1.38538,3.30222,1.0,1.0,7.66557,1.0,1.61236,D51.i_4
19963.98247,7602.43764,15473.01693,1667.46099,77206.40897,1482.16726,66.94637,33.57725,1546.11309,289327.9082,11.48111,6793.08118,143.62835,2023.03667,1.0,506.34219,1385.13242,99.66166,3063.04366,D51.a_5,596.5008,44.45188,38.13961,1.0,1410.36009,187.18561,1.0,1.0,6.74271,411.0175,1.0,35.04444,1.0,3.81667,1.0,1.0,1.25889,1.0,1.16792,D51.i_5
19071.8158,7639.9932,14720.01693,1319.18321,76928.18674,824.05614,75.16859,27.05809,1439.77975,286452.01931,10.70334,6828.8034,129.79501,1873.59223,1.0,426.34219,1356.29909,94.55055,2869.93255,D51.a_6,506.66747,19.5325,36.13961,1.0,1306.24898,352.1487,1.0,1.0,4.50377,379.18417,1.07708,50.82222,1.57291,2.27556,1.0,1.63012,1.12945,1.30891,1.5284,D51.i_6
19353.76025,6707.32653,14784.96137,1329.46099,76506.29785,875.6117,63.16859,17.4042,1385.05753,283175.35265,7.25889,6659.3034,138.57279,1815.42556,1.0,417.23108,1216.9102,83.88388,2775.59922,D51.a_7,553.44524,33.28521,25.13961,1.0,1386.91565,380.0375,1.0,1.0,5.65291,379.18417,1.0,35.37778,1.0,2.70556,1.0,1.0,2.38834,1.0,1.0,D51.i_7
18585.8158,7131.60431,14043.79471,2150.01654,75827.35341,858.83392,61.50193,25.57087,1481.00198,278206.4082,8.59223,6467.69229,124.23946,1979.20334,1.0,418.34219,1402.9102,74.27277,2681.377,D51.a_8,607.05635,30.71,22.69517,1.0,1624.86009,202.37073,1.0,1.0,6.96494,363.57306,1.0,44.71111,1.0,2.53889,1.0,1.0,1.25889,1.0,1.30618,D51.i_8
19565.64914,7199.32653,15780.46137,2013.0721,77205.46452,721.33392,71.50193,35.91059,1446.44642,273664.63043,8.81445,6822.97007,174.85057,2012.03667,1.0,441.11996,1384.13242,95.71722,2806.877,D51.a_9,515.55635,21.52708,24.58406,1.0,1420.02676,74.0373,1.0,1.0,6.27697,316.45172,1.0,38.32222,1.0,2.29,1.0,1.0,4.20334,1.0,2.44694,D51.i_9
14136.11405,10474.83333,11848.08389,3279.94487,74095.32262,585.47891,65.65282,36.39143,2861.40942,459537.01758,46.47319,2318.47007,350.53915,4272.66667,1.0,410.41111,1727.37337,838.18705,3141.78163,D52.a_0,466.02619,158.53879,263.99222,1.0,1858.63471,1088.31492,1.0,1.0,52.57743,1581.99905,1.0,49.5,5.97202,7.3528,1.0,4.55556,28.56595,1.0,2.97233,D52.i_0
14599.61405,10413.55556,11234.86167,3736.94487,74901.32262,420.2391,61.09727,51.45337,2769.96497,442491.90647,40.91763,2293.02562,386.26137,4157.44444,1.0,389.24444,1726.42893,847.24261,3282.61497,D52.a_1,536.47063,198.2633,290.76999,1.0,2032.57915,605.48158,1.0,1.0,53.46632,1367.0546,1.02222,44.0,6.40846,10.43422,1.0,4.55556,4.23557,1.0,4.68533,D52.i_1
14076.11405,10296.66667,12290.25056,3974.38932,74668.1004,607.29466,57.54171,62.21837,2651.2983,423484.35091,43.13985,2276.24784,369.20582,4069.16667,1.0,375.13333,1648.2067,915.07594,3272.50386,D52.a_2,463.74841,67.03195,132.15888,1.0,1860.80137,1191.53714,1.0,1.0,40.13299,1188.77683,1.0,53.77778,8.22181,5.51691,1.0,3.66667,29.2815,1.0,1.29322,D52.i_2
13710.89183,10000.33333,11293.13945,2959.94487,73235.04484,208.49649,50.65282,59.88504,2510.52053,410072.96202,41.5843,2103.8034,369.20582,4141.33333,1.0,378.24444,1740.26226,773.02039,3020.11497,D52.a_3,479.6373,47.09207,116.99222,1.0,1714.96804,755.92139,1.0,1.0,36.2441,1047.78305,1.0,40.0,4.07913,4.65644,1.0,1.0,17.33038,1.24496,4.09266,D52.i_3
12759.39183,10139.0,11609.36167,3145.88932,65478.87818,422.40577,62.4306,35.22476,2577.96497,398120.07313,35.02874,1944.3034,367.65026,3677.33333,1.0,363.74444,1730.37337,852.6315,3144.83719,D52.a_4,498.08174,217.37441,178.38111,1.0,1898.07915,929.87511,1.0,1.0,63.35521,905.72127,1.0,41.16667,10.83292,6.82183,1.0,1.88889,6.86297,1.0,5.20999,D52.i_4
13586.5585,10496.55556,13417.86167,3576.88932,69136.37818,404.53446,63.20838,52.88504,2594.02053,392199.90647,39.47319,2104.13673,358.42804,3943.77778,1.0,351.24444,1641.09559,815.74261,3109.67052,D52.a_5,586.08174,64.25645,109.43666,1.0,2138.35693,457.31956,1.0,1.27118,57.2441,806.33238,1.0,45.05556,5.96402,5.76883,1.0,2.77778,3.49038,1.0,4.09266,D52.i_5
12982.00294,10215.22222,11716.47278,3543.2782,67328.76707,399.7391,56.54171,66.88504,2501.85386,384209.96202,40.47319,1931.41451,306.70582,3876.72222,1.0,334.24444,1571.92893,804.90928,3058.00386,D52.a_6,553.80396,38.41856,83.60333,1.0,1857.0236,260.48158,1.0,1.0,42.57743,743.22127,1.0,32.16667,3.43245,4.04789,1.0,4.11111,8.35335,1.0,4.10811,D52.i_6
12642.89183,9793.38889,11091.13945,3114.66709,63683.21151,473.68355,59.20838,43.55171,2458.90942,374002.07313,39.5843,1861.69229,314.20582,3837.0,1.0,293.35556,1572.92893,710.68705,2988.00386,D52.a_7,486.58174,99.36756,110.82555,1.0,1782.5236,358.65289,1.0,1.0,50.13299,711.72127,1.0,33.77778,4.20623,5.15772,1.0,1.88889,10.04299,1.24496,3.86122,D52.i_7
12720.28072,9419.33333,11601.13945,3424.72265,63950.76707,399.7391,56.4306,40.05171,2398.63164,365740.90647,35.91763,1887.02562,329.92804,3701.61111,1.0,313.52222,1456.87337,736.68705,2928.67052,D52.a_8,502.80396,44.54108,116.71444,1.58518,1809.57915,352.70613,1.0,1.0,45.13299,648.88794,1.0,53.22222,1.27378,4.43805,1.0,2.33333,2.86297,1.0,1.94144,D52.i_8
11960.50294,8911.44444,12417.41723,3257.11154,63418.71151,393.57244,58.20838,68.05171,2365.13164,353145.96202,36.69541,1868.91451,297.87248,3488.27778,1.0,345.8,1489.59559,766.90928,2758.17052,D52.a_9,415.69285,19.51369,79.49222,1.0,1677.69026,309.97926,1.0,1.0,35.2441,638.44349,1.0,36.44444,1.0,1.60728,1.0,4.55556,9.75186,1.0,1.284,D52.i_9
10714.98531,8446.57778,11523.43345,5769.12903,139008.74146,389.00059,49.36892,6.04179,1252.77799,488473.27749,20.10843,109702.01402,13846.93563,2097.38889,9.62222,32081.53631,1650.38889,2187.29007,362716.09747,D53.a_0,495.15741,790.86489,420.36798,1.25088,3931.66461,448.93092,1.0,1.0,19.01173,27929.78707,1.0,4356.0888,211.97897,32.60838,1.0,720.16392,42.7932,74.04342,12371.07062,D53.i_0
10548.81864,8020.02222,11931.489,5104.96236,131265.24146,384.83392,52.03559,3.71436,1169.11132,472211.83305,21.44176,113445.34735,14183.7134,1853.33333,8.7,35019.03631,1523.38889,2015.17895,386556.48636,D53.a_1,493.82408,653.25378,362.20131,1.06272,3876.94239,421.48385,1.0,1.0,24.34506,26188.00929,1.0,4551.81102,211.09008,32.60838,1.0,745.77503,45.3775,35.93231,12268.51507,D53.i_1
10442.20753,7695.07778,10998.26678,5701.7957,133654.85257,699.16726,46.59114,2.16077,1133.66688,454523.38861,19.88621,111006.06957,13783.49118,1701.16667,22.51111,32527.86965,1808.77778,1913.01229,369602.48636,D53.a_2,476.87963,304.64267,345.47909,3.68099,3908.83128,170.30142,1.0,1.0,22.6784,24904.39818,1.14171,4382.92213,251.86786,35.38616,1.0,768.83058,39.65142,82.98787,12460.29285,D53.i_2
9829.54087,7467.63333,11475.76678,5715.46236,128330.0748,444.33392,42.36892,6.04769,1130.83355,441385.05527,17.21954,96488.40291,11854.99118,1786.22222,10.4,29140.48076,1460.11111,2331.1234,324023.70858,D53.a_3,425.65741,151.30934,340.70131,1.12544,3867.94239,219.08445,1.0,1.0,14.92466,23331.84262,1.0,4011.0888,246.14564,21.3306,1.0,520.9417,33.40046,77.73063,9600.18173,D53.i_3
9372.09642,7498.24444,10385.32234,6180.07347,127730.13035,417.77837,39.81337,8.37513,1045.22243,429359.49972,18.33065,96397.7918,12553.26896,1862.66667,9.61111,29842.81409,1536.38889,2528.06784,327047.20858,D53.a_4,424.15741,667.14267,408.0902,6.36199,3721.99795,423.0792,1.0,1.0,17.45617,22237.56485,1.0,3745.69991,180.42342,25.3306,1.0,492.99725,35.48861,91.8212,8797.57062,D53.i_4
9504.92975,7705.07778,11357.26678,6296.12903,126767.40813,489.50059,43.03559,6.04769,1090.8891,416599.16638,16.33065,95130.95846,12240.54674,1785.16667,12.75556,28300.53631,1581.0,2609.40118,313096.98636,D53.a_5,345.15741,366.30934,253.36798,1.18816,3257.94239,632.85698,1.0,1.0,14.50425,21075.50929,1.0,3532.97769,168.97897,23.27505,1.0,499.77503,10.42727,82.81638,8391.18173,D53.i_5
9122.8742,6933.74444,9317.26678,5133.85125,125907.24146,505.83392,40.92448,8.76795,997.44466,399163.83305,18.44176,90449.56957,11500.26896,1594.05556,3.11111,27398.59187,1620.61111,2175.01229,296748.65302,D53.a_6,434.21297,444.14267,526.53464,6.23655,3605.27573,524.29617,1.04198,1.0,19.12284,20450.23151,1.0,3729.42213,180.59008,19.77505,1.0,532.71947,28.12654,70.53377,9138.8484,D53.i_6
8754.59642,6929.68889,9546.26678,5477.46236,132291.5748,380.66726,33.92448,14.98231,998.61132,387298.99972,14.21954,85402.06957,11161.88007,1599.05556,4.42222,25843.03631,1608.83333,2442.29007,285052.48636,D53.a_7,372.5463,140.976,301.5902,1.0,2996.72017,276.47334,1.0,1.32388,18.01173,19682.23151,1.0,3602.19991,156.20119,20.55282,1.0,622.49725,30.62075,55.97822,9603.40396,D53.i_7
8611.70753,7097.91111,9827.71123,5681.2957,113910.96368,524.33392,32.70226,6.04769,937.11132,367959.38861,17.99732,80358.56957,9727.99118,1588.88889,4.8,23286.09187,1302.61111,2217.73451,261296.70858,D53.a_8,428.26852,483.64267,530.0902,11.34766,3329.66461,443.08445,1.04198,1.0,19.34506,19151.45373,1.0,3453.64436,237.09008,16.99727,1.0,539.99725,18.34876,44.87193,8607.68173,D53.i_8
7989.04087,6817.24444,9324.93345,5296.46236,98869.0748,454.50059,33.36892,1.38692,844.77799,343422.83305,15.99732,68486.34735,7820.7134,1522.77778,2.73333,17981.86965,1349.11111,1894.1234,215348.70858,D53.a_9,455.99074,744.75378,396.03464,1.12544,3667.83128,255.18506,1.0,2.61938,18.23395,18504.67596,1.0,3572.5888,185.59008,20.66394,1.0,621.38614,15.45794,32.98304,9058.73729,D53.i_9
27678.82253,18680.7067,35459.90611,536.52669,286921.15929,318.52895,7.39317,1.0,3538.79523,383879.13571,18.72415,33229.44334,120.62835,1293.17913,1.0,38.14742,258.4618,1661.46153,822.95508,D54.a_0,239.32144,40.18683,39.67353,1.0,809.57201,19.06807,1.0,1.0,27.56227,403.87274,1.0,85.05121,1.0,1.26134,1.0,1.0,1.0,1.0,3.56452,D54.i_0
27576.43364,18506.81781,34179.46167,481.46039,277891.60373,444.99922,5.85973,1.0,3408.73967,371838.13571,19.05748,32665.33223,111.90612,1264.8458,1.0,43.25853,245.62846,1546.07264,786.51064,D54.a_1,232.43255,17.32825,44.4513,1.0,818.62757,65.20892,1.0,1.0,38.45115,341.15052,1.0,90.10677,1.089,1.85053,1.0,1.0,5.201,1.0,1.0,D54.i_1
27132.04475,17760.37337,35002.90611,258.44965,269058.21484,42.87089,6.33384,1.0,3382.51745,364985.24682,21.72415,32144.66557,126.90612,1269.95691,1.0,34.48076,333.68402,1537.23931,799.56619,D54.a_2,261.87699,27.38784,47.4513,1.0,879.51646,125.90141,1.0,1.0,49.45115,327.81951,1.0,100.99566,1.178,1.62283,1.0,1.18568,6.56867,1.0,2.23119,D54.i_2
24497.54475,17478.26226,32561.90611,331.79373,252261.65929,33.24256,8.86727,5.27045,3352.62856,356240.80238,16.05748,31451.55446,117.85057,1310.79025,1.0,36.98076,306.01735,1683.6282,616.56619,D54.a_3,236.32144,18.90502,38.11797,1.0,795.34979,21.44836,1.0,1.0,24.00671,302.31023,1.0,83.99566,1.267,1.21126,1.0,1.18568,1.0,1.0,1.36892,D54.i_3
24864.54475,17800.59559,33321.40611,351.1378,250347.15929,29.23865,4.35596,2.93712,3428.18411,348321.5246,16.39082,30378.11001,105.51724,1277.62358,1.0,30.25853,269.51735,1133.35042,600.17731,D54.a_4,231.26588,33.86664,30.67353,1.0,801.68312,6.73474,1.0,1.0,35.06769,247.09033,1.0,89.05121,1.178,1.63379,1.0,1.18568,1.0,1.57931,2.43113,D54.i_4
24260.87808,17028.87337,32252.07278,320.08225,244174.15929,465.76839,4.07441,3.90568,3239.85078,342292.5246,15.27971,29771.4989,116.07279,1219.79025,1.0,30.36965,249.68402,1159.79486,707.78842,D54.a_5,242.65477,37.55451,57.89575,1.0,794.4609,113.1917,1.0,1.0,38.5372,233.04173,1.0,92.77343,1.356,2.30045,1.0,1.18568,1.0,1.0,3.71122,D54.i_5
22714.43364,16863.54004,31745.12834,340.6378,235777.04818,36.81142,5.42283,5.07234,3458.18411,335464.24682,15.83526,29501.77668,108.96168,1238.73469,1.0,22.64742,267.40624,1057.29486,621.51064,D54.a_6,222.9881,18.43937,41.78464,1.0,695.68312,28.15728,1.0,1.0,37.42609,233.04173,1.14212,76.10677,1.0,1.7003,1.0,1.37135,4.201,1.0,2.52893,D54.i_6
23724.65586,17214.26226,31960.295,363.74891,241062.88151,108.53756,3.68929,2.93712,3306.68411,328670.80238,16.94637,29532.38779,114.23946,1198.67913,1.0,23.98076,254.57291,1038.35042,642.17731,D54.a_7,265.21033,16.21714,35.78464,1.0,920.79423,12.46948,1.0,1.0,49.34004,225.86811,1.0,89.55121,2.68933,1.46164,1.0,1.0,13.402,1.0,1.0978,D54.i_7
22002.43364,16260.48448,30964.01723,353.74891,226527.04818,29.56338,4.61539,1.0,3335.073,321279.46905,13.72415,28386.61001,93.85057,1153.45691,1.0,31.81409,277.18402,814.18375,630.45508,D54.a_8,189.9881,20.69997,37.22908,1.0,698.90534,22.85446,1.0,1.0,31.64831,211.52086,1.0,75.71788,1.53344,1.0,1.0,1.0,1.46817,1.0,3.86227,D54.i_8
21922.1003,16009.2067,29953.07278,358.69336,223154.60373,199.73865,4.14128,2.93712,3131.90634,312553.69127,16.16859,28224.33223,97.79501,1206.01247,1.0,37.09187,303.01735,1220.01709,647.06619,D54.a_9,254.9881,19.01613,42.11797,1.0,868.51646,84.6831,1.0,1.0,45.78449,189.47922,1.0,100.60677,1.0,1.52267,1.0,1.18568,1.15606,1.0,4.39785,D54.i_9
15946.60464,17339.9618,26639.87144,1206.59242,116258.77639,501.78301,28.10654,5.04236,1117.22859,238789.22851,46.78234,4588.22145,57.44444,2989.87739,1.0,650.91111,647.09761,91.14892,2050.67648,D55.a_0,604.44624,196.01237,339.89237,1.0,3366.35111,284.05773,1.0,1.0,39.8296,1721.69477,1.07335,142.04132,9.00434,36.47719,1.0,2.55263,1.0,1.0,19.56127,D55.i_0
14684.88242,16516.85069,27248.26033,912.53686,108791.77639,243.06079,38.6621,22.56771,1153.28414,223125.06184,51.78234,4491.277,41.33333,3156.09961,1.0,524.63333,621.26428,62.76003,1897.84315,D55.a_1,660.39069,239.3457,374.05904,1.0,3468.24,290.22439,1.0,1.0,44.05182,1564.08366,1.0,140.98576,6.72577,35.5883,1.0,2.55069,1.0,1.0,22.72793,D55.i_1
13497.1602,15858.29513,23834.92699,1026.09242,105624.33194,152.59254,29.55099,11.25417,1034.78414,213464.83962,50.89345,4208.22145,35.44444,2895.26627,1.21778,490.24444,611.37539,60.48225,1843.95426,D55.a_2,630.66847,214.17904,338.28126,1.0,3317.24,358.00217,1.0,1.0,44.71849,1469.80588,1.0,123.76354,5.66903,33.5883,1.0,1.22125,1.0,1.0,17.06127,D55.i_2
13480.38242,14654.29513,22068.31588,768.20353,94738.33194,327.31476,24.99543,5.50278,963.67303,201827.1174,47.00456,4275.16589,45.44444,2672.76627,1.10889,481.18889,458.87539,44.48225,1876.62092,D55.a_3,595.05735,187.90126,279.55904,1.0,3073.18444,175.50995,1.0,1.0,41.94071,1380.917,1.02445,104.20799,5.00315,21.92164,1.0,1.88499,1.0,1.0,16.11682,D55.i_3
12844.21575,14427.23958,23407.20477,987.31464,99773.99861,166.97613,30.43988,4.96042,963.28414,195389.50629,40.89345,4101.05478,43.88889,2795.93294,1.0,501.8,894.54205,62.20447,1880.73203,D55.a_4,648.61291,192.90126,284.00348,1.0,3606.24,285.99439,1.0,1.0,41.16293,1322.917,1.0,117.3191,6.28054,40.42164,1.0,1.0,1.0,1.0,11.84181,D55.i_4
12239.6602,13360.79513,22301.20477,925.48131,89822.66527,251.22745,21.77321,8.37848,927.00636,190242.33962,40.78234,3901.777,45.16667,2463.21072,1.0,428.24444,488.59761,40.37114,1734.95426,D55.a_5,661.16847,237.3457,288.11459,1.0,3581.29556,265.61328,1.0,1.0,42.60738,1281.02811,1.0,111.37465,10.5595,30.92164,1.0,3.21638,1.0,1.0,16.5668,D55.i_5
11085.71575,11962.35069,19449.81588,623.64797,82627.77639,267.73011,20.88432,2.3559,863.8397,184257.95073,34.78234,3397.38811,45.44444,2269.76627,1.0,458.46667,571.81983,43.8978,1505.50981,D55.a_6,594.05735,221.17904,341.39237,1.0,3525.57333,224.85107,1.0,1.0,49.05182,1197.47255,1.0,111.70799,9.72656,36.31052,1.0,1.4425,3.62804,1.0,18.06957,D55.i_6
12095.60464,13897.07291,20517.0381,904.64797,105263.94305,80.78831,26.43988,8.64966,888.17303,180356.72851,35.44901,3591.33256,48.77778,2366.76627,1.0,445.3,525.26428,48.98225,1596.06537,D55.a_7,619.72402,214.12348,344.28126,1.0,3216.57333,144.39106,1.0,1.0,37.94071,1192.08366,1.0,94.76354,8.16982,26.5883,1.0,2.32749,1.65701,1.0,13.28903,D55.i_7
11565.93798,13141.51735,20850.37144,950.09346,91630.27639,255.37032,19.6621,4.68924,890.89525,177225.17295,33.11568,3549.11034,43.0,2408.04405,1.10889,405.41111,573.70872,49.05114,1497.45426,D55.a_8,573.0018,184.90126,255.33682,1.0,3095.57333,326.8755,1.0,1.0,40.71849,1123.75033,1.16001,104.20799,7.06029,29.47719,1.0,2.77388,1.0,1.0,15.90014,D55.i_8
10460.38242,12098.57291,19641.37144,579.92783,80144.55416,171.1534,21.55099,11.60729,844.50636,172197.17295,32.44901,3445.88811,42.33333,2402.87739,1.0,426.91111,765.87539,55.87114,1525.62092,D55.a_9,639.44624,175.8457,253.33682,1.0,3601.46222,279.88328,1.0,1.0,38.71849,1102.47255,1.0,93.04132,8.44878,36.31052,1.0,1.66375,2.31402,1.0,12.01402,D55.i_9
7411.8991,5295.55556,13856.18389,393.31072,42936.06425,61.27729,12.96565,1.0,879.0903,102287.9193,3.26281,388.47733,11.84597,767.91595,1.0,145.71293,216.85069,30.22028,1165.26588,D56.a_0,265.25564,9.28742,102.9378,1.0,1034.34899,1.0,1.0,1.0,27.10598,580.50537,1.0,11.67236,1.0,1.65416,1.0,1.0,1.94444,1.38008,2.43909,D56.i_0
7420.01021,5691.0,15537.23945,614.73514,43374.34203,172.35496,14.85454,1.0,901.42364,96366.19708,5.75105,420.75511,19.97413,791.74928,1.0,226.99071,285.12846,45.79533,1174.93255,D56.a_1,291.97786,17.23379,103.04891,1.0,1119.34899,1.0,1.0,1.0,36.32821,449.50537,1.0,5.82371,1.04219,1.2993,1.0,1.89852,1.0,1.38008,4.04777,D56.i_1
7101.28799,5514.61111,14411.01723,551.86176,40350.34203,106.63274,15.18787,1.0,873.86808,93336.25263,3.78471,395.58844,22.03537,767.24928,1.0,198.3796,233.73958,44.03412,1084.59922,D56.a_2,249.03342,10.4292,93.16002,1.0,921.34899,7.94068,1.0,1.0,28.2171,379.95261,1.0,11.75186,1.04219,1.20521,1.0,1.89852,1.0,1.0,2.32798,D56.i_2
6742.01021,4885.55556,13814.68389,555.40181,38537.23092,140.66994,11.18787,1.0,822.64586,88305.9193,4.08438,379.58844,15.52969,839.19373,1.0,157.10182,214.85069,30.12866,1036.15477,D56.a_3,285.53342,17.39853,109.38225,1.0,1093.73788,7.94068,1.0,1.0,32.55043,326.17762,1.0,6.38692,1.0,1.0941,1.0,1.46371,2.88889,1.0,2.88256,D56.i_3
6748.34354,5462.05556,14575.40611,703.3863,39809.73092,83.11439,12.54971,1.83924,794.14586,81969.53041,5.2393,422.47733,20.52401,856.91595,1.0,209.43515,283.23958,40.18422,1020.26588,D56.a_4,277.42231,15.92534,92.49336,1.0,1086.84899,1.0,1.0,1.0,32.77265,306.61927,1.0,7.5852,2.43881,1.70972,1.0,1.0,1.0,1.71342,3.93811,D56.i_4
6620.73243,5544.05556,14467.18389,392.32623,38924.73092,44.69961,13.85454,1.0,773.14586,79432.14152,3.82851,425.75511,15.47413,843.41595,1.0,288.3796,297.12846,28.01755,1028.59922,D56.a_5,264.97786,7.84683,71.7294,1.0,971.90454,37.35923,1.0,1.0,22.55157,273.74432,1.0,6.91087,2.36216,1.37638,1.0,1.0,1.0,1.0,3.44006,D56.i_5
6151.67687,4747.61111,12876.68389,382.67959,34828.00869,99.05129,12.96565,1.0,679.42364,75365.58596,4.70725,367.53289,23.49118,687.74928,1.0,264.93515,233.73958,23.99513,957.26588,D56.a_6,277.58897,10.56134,106.04891,1.0,1094.18232,116.13323,1.0,1.0,32.2171,213.94982,1.0,7.33137,1.06329,1.0941,1.0,1.00963,1.0,1.0,3.9927,D56.i_6
5443.84354,4442.72222,12958.295,394.41731,33855.61981,76.30695,11.64657,1.83924,655.5903,68834.53041,3.91933,375.69955,25.92426,697.91595,1.0,213.76848,245.79513,32.12866,930.54366,D56.a_7,275.20008,15.12268,95.60447,1.0,991.23788,4.47034,1.0,1.0,24.77265,210.95539,1.0,9.94248,1.08438,1.0,1.0,1.0,1.0,1.0,2.44006,D56.i_7
5302.3991,4370.72222,12039.295,461.47287,32132.34203,76.94772,12.4386,1.0,653.75697,63684.30819,1.76441,325.644,18.42426,612.63817,1.0,180.26848,221.01735,25.08968,898.54366,D56.a_8,310.75564,16.9809,94.38225,1.0,1207.07121,1.0,1.0,1.0,28.55043,162.45818,1.0,11.6168,3.31434,1.57708,1.0,1.0,1.0,1.0,3.60381,D56.i_8
5078.84354,3870.5,11913.40611,501.23514,29414.78647,150.75893,11.4101,1.0,556.47919,60468.53041,2.91933,304.08844,12.2961,562.86039,1.0,172.93515,204.07291,15.55069,830.82144,D56.a_9,337.31119,26.87172,87.49336,1.0,1200.07121,1.0,1.0,1.0,28.99487,123.11927,1.0,11.81507,1.10548,1.37638,1.0,1.00963,1.0,1.0,3.05069,D56.i_9
26798.46769,8897.38889,20978.19762,1454.65736,148426.09944,405.96133,72.18787,14.60665,2170.18019,529896.16934,120.11111,30022.58118,7849.34043,1013.04171,47.96151,368.72141,917.10431,1463.14619,1299.17778,D57.a_0,642.31077,66.64991,161.11575,1.0,3759.50283,471.37093,1.0,1.0,2.34912,4312.57121,1.0,661.76634,36.71927,2.71111,1.0,2.64166,2.59146,2.06596,4.08684,D57.i_0
26037.0788,8359.05556,19277.47539,1382.26847,145432.655,288.79466,69.07676,34.67896,2225.95797,489821.72489,103.33333,27236.19229,6292.45154,936.81949,53.18374,306.27696,759.4932,1362.20174,1171.01111,D57.a_1,612.53299,55.20318,183.78242,1.0,3649.22506,576.46349,1.0,1.0,4.68234,4013.51565,1.0,712.65523,29.60816,5.01111,1.0,5.41246,2.06097,1.5156,3.03796,D57.i_1
25750.35658,8409.0,20363.25317,1188.82403,139812.04389,297.01688,64.85454,28.1287,2277.40241,463150.78045,88.55556,26475.24784,5062.28487,976.81949,48.8504,260.05474,683.21542,1436.53507,1047.01111,D57.a_2,649.6441,69.25873,147.67131,1.0,3848.6695,181.38948,1.0,1.0,4.25379,3861.51565,1.01111,768.37746,33.10816,4.77778,1.0,1.37638,4.5359,2.37495,5.03796,D57.i_2
24425.24547,7966.38889,21935.41984,1415.99069,143714.43277,527.01688,75.85454,35.84562,2229.51353,448555.22489,70.66667,24933.8034,3896.28487,1092.48615,36.79485,277.72141,834.77097,1574.42396,1071.9,D57.a_3,621.36632,64.03423,134.00464,3.09239,3738.00283,181.44484,1.0,1.0,3.42845,3662.18232,1.0,692.48857,40.16372,5.54444,1.0,1.0,2.59146,2.80899,4.93353,D57.i_3
24654.85658,8374.44444,20514.69762,1707.43514,144030.655,383.2391,59.4101,23.01229,2158.06908,436383.44711,68.44444,24990.13673,3929.5071,996.54171,29.8504,273.22141,693.9932,1642.14619,957.01111,D57.a_4,613.6441,52.65219,112.67131,3.09239,3837.00283,266.18571,1.0,1.0,5.39667,3473.18232,1.0,620.15523,34.99705,4.24444,1.0,1.37638,1.0,1.68747,2.13572,D57.i_4
22255.74547,8183.55556,19223.36428,1354.37958,121986.82166,379.18355,58.07676,19.72306,1893.01353,421586.05823,91.22222,24108.3034,5737.45154,848.59727,36.79485,403.49919,874.10431,1344.97952,1070.01111,D57.a_5,603.03299,98.09663,174.67131,1.0,3485.22506,433.1116,1.0,1.0,5.25379,3342.34899,1.0,613.54412,28.66372,3.24444,1.0,2.94998,3.5359,1.17187,2.5668,D57.i_5
21870.30102,7243.33333,18561.47539,884.60181,117225.54389,418.29466,66.46565,12.03434,1867.45797,410604.89156,62.22222,22477.58118,3784.72932,883.98615,22.36702,292.49919,753.32653,1206.64619,950.01111,D57.a_6,543.6441,27.64534,135.89353,5.18478,3400.44728,191.6115,1.0,1.0,5.66645,3248.01565,1.0,612.98857,26.4415,3.88889,1.0,1.0,1.0,1.0,4.46237,D57.i_6
20520.24547,7072.83333,18681.14206,1013.65736,112597.76611,348.40577,49.29898,19.03434,1627.7913,395019.44711,77.44444,21831.3034,5425.45154,765.20838,30.97814,343.22141,686.10431,1095.53507,853.4,D57.a_7,602.47743,97.04108,119.78242,1.0,3595.44728,267.40783,1.0,1.0,3.55545,3122.12676,1.0,713.87746,35.71944,3.55556,1.0,3.2583,1.0,1.17187,2.8379,D57.i_7
20072.74547,7368.05556,18031.36428,1067.82403,115237.43277,381.12799,59.85454,13.43998,2015.51353,381431.94711,72.33333,21235.85895,4528.11821,825.70838,40.23929,229.55474,833.77097,999.86841,951.56667,D57.a_8,549.6441,27.47639,167.33798,1.0,3579.78061,673.50049,1.07708,1.0,4.17445,3033.23787,1.01111,630.37746,23.88627,3.31111,1.0,2.64166,2.06097,1.34374,2.38677,D57.i_8
18064.5788,6479.5,17404.86428,696.26847,98969.655,455.18355,43.85454,15.74512,1987.90241,368021.11378,54.33333,19525.52562,3109.78487,922.59727,16.18374,219.88808,782.10431,879.59063,823.17778,D57.a_9,532.75521,56.30516,161.44909,1.0,3355.22506,307.77827,1.0,1.0,4.26967,2928.07121,1.0,520.15523,39.10816,2.86667,1.0,1.0,1.0,1.17187,1.58684,D57.i_9
27804.63895,17756.07778,8185.80625,413.8889,84830.69859,437.06378,25.37,1.36086,3663.40634,117528.14864,21.00456,401.91451,49.29375,710.2734,1.0,532.00017,838.54875,23.46373,1139.78163,D58.a_0,2514.43798,301.93094,347.25011,1.0,8283.40149,18.73279,1.0,1.0,230.85398,9889.69768,1.48429,50.11111,1.78779,11.76678,1.0,19.54462,3.83333,1.0,37.88012,D58.i_0
28864.02784,16509.52222,7336.08403,390.8889,89906.14303,293.23045,20.03667,1.72171,3411.79523,111471.42641,22.89345,400.8034,39.34931,671.21784,1.0,488.44462,773.27097,18.64536,1069.00386,D58.a_1,2570.49353,361.4865,343.86122,1.0,7908.45704,25.8042,1.0,1.0,238.52064,9537.91991,1.48429,42.0,1.0,10.27418,1.0,9.68767,4.77778,1.0,37.6579,D58.i_1
26601.47228,17457.07778,7413.02847,414.00001,84947.3097,513.11933,19.14778,1.72171,3499.12856,108119.59308,19.67123,415.58118,44.12709,637.66228,1.0,497.61128,820.88209,19.79706,1109.05941,D58.a_2,2498.04909,321.09761,335.30566,1.0,8072.06815,36.46558,1.0,1.0,234.52064,9270.19768,1.19371,40.94444,1.39389,10.71123,1.0,12.96545,3.83333,1.0,42.93568,D58.i_2
25928.47228,14676.8,7884.52847,413.57717,83413.64303,385.73045,22.81445,1.0,3420.18411,106188.03752,21.67123,386.74784,42.46042,671.82895,1.0,514.55573,734.88209,22.31203,1257.72608,D58.a_3,2347.60464,350.37539,298.139,1.0,7150.23482,14.62168,1.0,1.0,221.40953,8928.80879,1.19371,47.05556,1.78779,5.28157,1.0,8.52931,1.94444,1.0,39.04679,D58.i_3
22920.63895,13703.07778,8743.97291,449.46606,72944.25415,451.45267,25.59223,2.44343,3377.96189,103903.87086,19.56012,387.47007,45.07153,656.55117,1.0,567.66684,1001.10431,26.93667,1270.39275,D58.a_4,2304.27131,353.31983,345.47233,1.0,7338.56815,22.4603,1.0,1.0,226.52064,8482.97546,1.09686,38.72222,1.39389,9.15567,1.0,9.4182,1.94444,1.0,33.54679,D58.i_4
24536.80562,14228.02222,8391.91736,411.50001,76941.69859,433.00822,23.25889,1.36086,3337.18411,101829.48197,19.44901,400.41451,40.51597,642.32895,1.0,505.38906,972.4932,24.79706,1230.39275,D58.a_5,2039.88242,350.31983,289.80566,1.0,6469.56815,48.93644,1.0,1.0,220.74286,7994.97546,1.38743,48.16667,1.0,9.489,1.0,9.05293,4.77778,1.0,34.76901,D58.i_5
25046.47228,13293.41111,8307.97291,393.05248,82730.47637,291.23045,21.59223,2.08257,3179.35078,99854.25975,22.11568,388.52562,34.2382,596.2734,1.0,476.38906,808.9932,23.92314,1245.05941,D58.a_6,2156.60464,357.54205,310.639,1.0,6516.56815,42.76977,1.0,1.0,244.63175,7653.91991,1.09686,37.33333,1.0,7.78157,1.0,10.05293,1.94444,1.0,34.10235,D58.i_6
23267.19451,13627.63333,7984.13958,664.27779,77064.69859,365.23045,22.25889,2.44343,3238.40634,98215.3153,20.44901,385.3034,38.29375,635.16228,1.0,510.33351,838.88209,19.64392,1086.33719,D58.a_7,1919.21575,351.31983,290.58344,1.0,6131.67926,2.67195,1.0,1.0,335.96509,7464.91991,1.09686,52.5,2.17668,9.60011,1.0,17.84602,1.0,1.0,38.32457,D58.i_7
22740.41673,13939.07778,7499.69514,447.55557,76992.42081,229.61933,21.25889,1.0,3106.46189,96876.20419,18.22679,369.74784,31.90486,603.49562,1.0,455.72239,708.93764,21.86614,1082.00386,D58.a_8,1874.04909,304.93094,280.25011,1.0,5743.67926,4.3439,1.0,1.0,259.85398,7207.91991,1.0,40.88889,1.78779,7.82973,1.0,10.88627,1.0,1.0,38.71346,D58.i_8
23302.36117,14449.74444,7253.25069,486.33335,76657.97637,326.06378,19.81445,1.0,2934.40634,95031.14864,12.78234,362.91451,28.57153,544.71784,1.0,474.66684,673.38209,15.10046,1112.05941,D58.a_9,1728.77131,342.31983,261.75011,1.0,5458.84593,29.01057,1.0,1.0,269.85398,6971.91991,1.0,53.55556,2.56556,6.16307,1.0,14.15573,3.83333,1.0,42.82457,D58.i_9
14714.7373,12536.81885,18472.40286,2842.70147,86223.77178,964.84156,51.7751,12.89206,9645.6783,1172434.16902,124.20838,2793.32222,209.99881,1606.94444,1.0,582.14236,958.44114,321.72372,3502.64701,D59.a_0,597.76078,142.85785,101.6185,1.0,1815.23625,90.22331,1.0,1.0,154.62338,3160.49905,1.61111,36.78292,2.83333,2.79725,1.0,2.29866,1.0,1.0,11.86556,D59.i_0
14116.07063,11913.59663,19159.51397,3041.31258,86054.38289,835.34156,50.33065,9.62627,9080.78941,1128856.11347,117.54171,2712.1,165.22104,1540.22222,1.0,544.42013,1008.88559,323.55705,3377.59145,D59.a_1,560.42745,129.85785,100.28516,1.0,1759.12513,89.00217,1.0,1.0,151.51227,2877.22127,3.05556,41.39404,7.88889,4.46519,1.0,1.30733,1.0,1.0,9.27112,D59.i_1
13324.95952,11852.98552,18653.79175,2912.59036,85429.54956,297.286,37.55287,12.65784,8902.1783,1103800.05791,112.65282,1666.98889,162.99881,1576.94444,1.0,653.92013,789.16337,307.44594,3604.59145,D59.a_2,606.92745,139.74674,97.84072,1.0,1803.01402,162.94662,1.0,1.0,150.51227,2683.11016,2.0,38.0607,8.94444,3.96136,1.0,1.10244,1.0,1.0,12.17223,D59.i_2
13622.07063,11661.54108,19068.01397,2989.75702,81415.93845,510.84156,47.33065,11.26137,8643.84497,1057521.4468,102.4306,1978.82222,139.77659,1600.38889,1.0,525.97569,755.33003,287.72372,3280.92479,D59.a_3,607.42745,166.96896,102.50739,1.0,1872.18069,325.34329,1.0,1.0,154.8456,2593.94349,1.66667,25.44959,6.16667,2.04789,1.0,1.30733,1.0,1.0,10.2689,D59.i_3
13063.07063,11307.70774,18464.56952,2736.70147,82175.60511,629.95267,46.33065,8.69382,8212.51164,1013015.83569,110.09727,2139.15556,144.77659,1600.5,1.0,575.42013,686.10781,266.61261,3215.09145,D59.a_4,644.20522,143.91341,110.45183,1.0,1944.95847,317.75552,1.0,1.0,164.8456,2520.38794,1.61111,32.0607,4.88889,2.96519,1.0,3.05044,1.0,1.0,13.64334,D59.i_4
12645.84841,11417.87441,16858.51397,1766.5348,78982.32733,589.00822,40.55287,16.39206,8640.56719,977753.83569,95.54171,1471.37778,123.60992,1418.0,1.0,527.19791,772.33003,305.44594,3094.81368,D59.a_5,546.64967,135.63563,97.50739,1.0,1729.73625,51.16775,1.0,1.0,163.51227,2457.5546,2.72222,34.89404,3.72222,3.46519,1.0,2.16155,1.0,1.0,8.14556,D59.i_5
13814.84841,12522.65219,16223.12508,1885.36813,86868.10511,669.11933,44.66399,25.9552,9516.73386,952827.50235,95.31949,1196.48889,104.49881,1412.27778,1.0,586.47569,735.4967,344.27927,3293.64701,D59.a_6,631.92745,132.8023,95.95183,1.0,2006.62513,263.90662,1.0,1.0,170.40116,2358.11016,2.5,49.0607,5.27778,4.46136,1.0,1.64933,1.0,1.0,9.72778,D59.i_6
13178.7373,12256.65219,15733.62508,1637.75702,82700.16067,776.06378,43.55287,21.75696,8863.40052,926601.39124,92.09727,1141.93333,108.60992,1359.5,1.0,541.47569,778.10781,322.94594,3118.14701,D59.a_7,602.03856,133.74674,88.06294,1.0,1875.12513,148.61328,1.0,1.0,168.17894,2274.0546,2.44444,27.39404,6.61111,2.87994,1.0,1.0,1.0,1.0,11.75445,D59.i_7
12761.68174,11547.42997,16660.62508,1547.36813,78917.66067,786.34156,46.44176,7.52716,8532.56719,910613.28013,81.4306,1379.15556,123.3877,1343.38889,1.0,487.80902,716.71892,314.00149,2828.59145,D59.a_8,565.42745,139.69118,93.72961,1.0,1767.2918,65.38219,1.0,1.0,149.8456,2221.5546,2.22222,25.23914,10.16667,3.21327,1.0,1.10244,1.0,1.0,6.31223,D59.i_8
12846.07063,12308.31885,16773.23619,1725.36813,81121.38289,626.06378,38.99732,13.12627,8716.40052,893755.4468,78.09727,1207.37778,114.16548,1387.72222,1.0,483.19791,674.16337,320.00149,2983.81368,D59.a_9,562.03856,103.58007,77.39628,1.0,1659.12513,153.19218,1.0,1.0,146.06783,2132.77683,2.33333,26.00515,4.66667,3.04661,1.0,1.30733,1.0,1.0,8.24223,D59.i_9
12460.57414,4446.22222,106306.91843,325.64536,26746.69935,1222.14444,33.13817,44.15343,434.28242,91409.26212,5.88889,377.09511,110.96168,364.8563,1.0,1341.88941,1167.76226,121.79364,8650.67655,D6.a_0,560.581,86.76428,286.38858,1.0,727.12477,472.82907,1.0,1.0,29.8991,2219.05213,1.20626,45.22618,3.14112,1.0,1.21778,6.77778,4.03557,1.0,166.16523,D6.i_0
11856.18525,4565.27778,107279.47398,361.5898,26667.19935,1328.86667,30.69373,58.61745,403.83798,88005.81768,6.44444,355.15066,89.85057,417.91186,1.52471,1406.33386,847.98448,148.29364,9211.00989,D6.a_1,527.80323,98.93094,292.72191,1.0,680.40254,426.13651,1.0,1.0,33.01021,1983.16325,1.10313,33.78173,9.76862,1.0,1.21778,9.44444,3.6828,1.22954,184.60967,D6.i_1
11080.57414,4232.5,93553.0851,274.0898,24775.42158,1047.36667,23.02706,49.28412,439.61575,85832.98435,8.22222,333.65066,102.35057,393.18963,2.04942,1207.2783,890.48448,254.12697,8965.95433,D6.a_2,521.52545,79.81983,265.99969,1.0,682.01365,429.13274,1.0,1.0,30.01021,1815.38547,1.10313,37.22618,11.00723,1.1283,1.0,10.77778,2.51779,1.0,191.22078,D6.i_2
10395.51859,4198.22222,106711.41843,359.03424,24021.53269,1232.2,30.58261,41.8201,441.89353,83844.0399,5.88889,355.87288,178.79501,438.74519,1.0,1662.2783,1187.54004,220.9603,8763.50989,D6.a_3,522.91434,69.81983,291.16636,1.0,716.29143,355.1883,1.0,1.0,34.56576,1783.88547,1.0,46.22618,11.48446,1.14549,1.10889,5.88889,1.64723,1.11477,213.88745,D6.i_3
11127.85192,4158.66667,104363.64065,313.59834,26660.69935,1018.36667,27.4715,53.01833,431.5602,83063.26212,7.0,336.484,96.29501,395.46741,1.0,1461.94497,922.2067,186.23808,8016.78766,D6.a_4,447.24767,82.81983,281.55525,1.0,665.90254,238.07719,1.0,1.0,31.01021,1700.16325,1.0,40.33729,6.10195,1.40208,1.0,8.11111,1.38834,1.0,187.16523,D6.i_4
10821.68525,4427.88889,105812.86287,354.01928,24658.75491,1466.7,25.13817,39.72098,439.78242,81903.92879,3.94444,335.65066,103.46168,360.96741,1.0,1536.33386,887.7067,281.62697,8101.39877,D6.a_5,489.19212,70.54205,251.66636,1.0,625.68032,322.29941,1.0,1.0,21.78799,1611.10769,1.20626,36.28173,10.56279,1.01719,1.10889,2.33333,3.25889,1.0,169.38745,D6.i_5
11141.29636,4316.55556,104133.52954,307.47869,25246.1438,1170.58889,23.24928,46.01833,426.67131,79906.76212,4.5,344.03955,118.23946,349.18963,1.0,1485.7783,1545.54004,362.23808,8339.45433,D6.a_6,507.24767,88.87539,346.1108,1.0,677.01365,564.74385,1.0,1.0,39.34354,1558.44102,1.10313,42.83729,17.96168,1.17986,1.10889,10.33333,1.51779,1.0,224.72078,D6.i_6
10646.96303,4289.11111,94460.80732,268.06629,24232.6438,1573.36667,29.24928,48.11745,416.78242,78195.37324,6.55556,356.42844,151.1839,301.74519,1.0,1716.61163,1068.65115,318.9603,8806.95433,D6.a_7,423.02545,128.04205,280.1108,1.0,627.01365,248.41052,1.0,2.55154,32.67687,1511.27436,1.20626,60.05951,10.15751,1.06875,1.21778,5.44444,1.25889,1.0,239.8319,D6.i_7
10138.35192,4118.11111,99869.41843,304.12185,25078.53269,944.7,31.02706,40.65343,387.44909,76761.98435,3.5,352.984,110.57279,335.91186,1.0,1444.72274,1248.87337,165.51586,8027.89877,D6.a_8,510.52545,106.93094,333.49969,1.0,716.68032,365.52163,1.0,2.55154,34.8991,1474.66325,1.10313,46.72618,10.1739,1.05156,1.10889,5.0,69.85112,1.11477,246.3319,D6.i_8
9785.46303,4066.5,94607.36287,297.14536,23281.97713,825.47778,28.4715,20.59029,412.17131,75139.92879,3.77778,347.20622,81.1839,391.52297,1.0,1721.61163,1771.04004,261.79364,7928.23211,D6.a_9,540.081,108.9865,397.66636,1.0,775.29143,338.0254,1.0,1.0,29.23243,1417.27436,1.10313,43.28173,10.90612,1.03437,1.0,6.77778,1.12945,1.0,235.16523,D6.i_9
28211.55002,16333.2067,19793.594,8360.01291,660719.87633,439.46608,43.97778,16.80695,4954.15559,479617.54425,450.29183,933.21111,344.03915,869.13817,1.0,419.33474,3246.83333,93.81533,6277.737,D60.a_0,909.46397,494.76428,385.13239,1.40054,13248.74173,629.16726,1.02392,1.0,142.89002,13715.6509,25.36039,54.95846,12.5,19.91186,1.0,2.01182,4.96758,1.0,184.70438,D60.i_0
27128.38335,15987.81781,19548.81622,8251.23513,621937.87633,457.96608,47.08889,9.76898,4857.82226,468290.26647,451.51406,845.26667,325.81693,920.13817,1.83333,435.05696,2890.88889,99.37088,6018.68144,D60.a_1,982.01952,506.70872,422.13239,1.0,14051.96395,282.85238,1.0,1.0,134.33446,13190.42868,19.91595,58.90291,13.38889,21.52297,1.0,1.57818,6.66548,1.99664,141.48216,D60.i_1
26709.88335,15665.2067,18920.87177,7062.4018,597355.76522,546.29941,42.53333,9.05405,4982.48892,457103.54425,438.68072,831.1,305.15026,780.63817,2.66667,408.77918,4373.72222,78.87088,5847.51477,D60.a_2,928.90841,506.93094,411.68794,1.0,14020.63062,561.33392,1.0,1.0,135.89002,12891.09534,22.91595,52.34735,10.22222,17.41186,1.0,2.01182,3.96758,1.8266,154.9266,D60.i_2
26055.21669,15325.42893,19242.594,7869.73513,588285.32078,618.35496,43.2,15.4897,4848.15559,445064.43314,410.06961,807.26667,291.87248,829.19373,6.0,350.72363,2491.72222,78.14866,5851.07033,D60.a_3,931.90841,450.37539,407.68794,1.40054,14292.13062,156.72281,1.04784,1.0,133.00113,12434.20645,24.02706,39.84735,18.16667,16.91186,1.0,4.81222,15.85646,1.21886,134.70438,D60.i_3
26444.43891,14975.31781,17267.14955,6409.17958,562809.70967,396.35496,41.64444,3.63449,4915.82226,432454.98869,412.40294,804.76667,252.48359,750.86039,4.33333,354.66807,4687.88889,68.37088,5374.79255,D60.a_4,936.63063,472.4865,408.41017,1.40054,13766.79729,678.44503,1.02392,1.0,119.77891,12129.48423,20.36039,42.95846,11.5,17.52297,1.0,2.46707,2.07869,2.04546,132.09327,D60.i_4
26220.10558,14578.54004,16150.20511,5809.84624,564669.15411,375.79941,39.08889,4.38739,4587.04448,414787.21092,370.23628,768.04444,263.65026,671.24928,1.83333,322.55696,2368.33333,65.09311,5163.68144,D60.a_5,914.18619,519.87539,428.2435,1.0,13765.29729,315.31537,1.0,1.41891,119.44557,11725.37312,16.58261,49.12513,12.16667,17.41186,1.0,2.01182,1.80902,2.38552,114.37105,D60.i_5
22973.16113,13655.59559,15307.20511,5066.12402,529333.82078,303.96608,42.64444,4.38739,4361.10003,399824.76647,375.23628,744.15556,269.48359,706.13817,1.0,371.27918,2505.38889,84.98199,5150.237,D60.a_6,888.2973,480.70872,361.63239,1.0,13138.9084,281.1116,1.0,1.0,112.55668,11378.70645,20.13817,45.34735,12.83333,16.74519,1.0,1.43364,1.0,1.0,118.25993,D60.i_6
20734.55002,13015.48448,14419.48288,5267.79069,503794.76522,344.96608,36.75556,1.90347,4353.7667,388744.0998,359.34739,741.98889,257.59471,764.74928,1.0,365.33474,1914.83333,104.25977,5373.12589,D60.a_7,936.63063,473.65317,380.18794,1.0,13568.51951,331.70426,1.07177,1.0,118.33446,11210.59534,19.69373,40.2918,15.22222,16.3563,1.0,1.14455,1.26967,1.8266,128.03771,D60.i_7
22355.77224,13623.76226,15129.14955,5303.62402,543768.32078,369.6883,44.08889,5.55405,4288.82226,377128.5998,376.51406,758.93333,273.09471,682.36039,1.0,402.50141,2414.38889,89.31533,5270.34811,D60.a_8,917.01952,418.9865,392.91017,1.0,13789.24173,382.14861,1.0,1.0,109.33446,11058.48423,16.13817,37.95846,11.11111,14.13408,1.0,1.57818,13.12614,4.81651,120.98216,D60.i_8
23052.55002,13772.37337,16281.92733,5714.29069,509322.48745,671.57719,35.75556,5.55405,4153.32226,365912.43314,364.4585,740.93333,274.37248,730.63817,1.0,386.11252,2367.83333,87.64866,5159.237,D60.a_9,870.68619,409.81983,412.79906,1.80108,12624.68617,274.20426,1.0,1.41891,108.22335,10874.92868,14.4715,43.68068,7.72222,14.57852,1.0,2.75616,4.02313,3.60102,114.98216,D60.i_9
7320.21448,4796.69086,10606.96833,4335.65979,222938.50142,901.57719,58.63408,15.75173,1177.97982,199145.83363,225.30074,595.69229,247.1839,198.51723,1.0,237.83386,424.3983,524.65229,6269.29142,D61.a_0,535.52811,568.15899,645.81632,7.66841,8109.21645,10424.1883,1.19371,1.0,48.73219,8696.58249,11.78234,44.91451,28.04644,2.57119,1.21778,1.45656,2.59146,1.0,174.95218,D61.i_0
6846.9367,4399.46864,10624.46833,3398.38201,207640.94586,556.52163,48.96741,10.38746,1025.2576,189343.16696,208.8563,563.24784,232.46168,157.85056,1.0,243.00052,388.73163,400.20784,5617.45809,D61.a_1,500.58367,645.99232,650.20521,20.44909,7964.43867,8076.91052,1.0,1.0,50.28775,8470.86026,12.89345,46.58118,33.99089,2.38058,1.0,2.33939,2.06097,1.0,147.11884,D61.i_1
6634.10336,4485.69086,11063.30166,3145.54868,200206.2792,505.07719,50.30074,9.91839,1016.14649,182246.22252,207.30074,625.74784,222.12835,169.295,1.0,247.55608,471.84274,438.98562,5342.12475,D61.a_2,492.80589,436.99232,587.64966,12.17073,8000.21645,8303.57719,1.0,2.58558,50.73219,8239.97137,11.78234,42.97007,30.43533,3.01531,1.10889,1.00909,2.59146,1.0,130.00773,D61.i_2
6550.60336,4430.91308,10397.19055,3055.2709,200329.2792,394.1883,51.41186,6.71306,964.97982,175969.94474,179.63408,594.02562,200.12835,131.57278,1.0,230.05608,399.73163,383.43006,5041.34698,D61.a_3,501.02811,592.2701,636.48299,27.67073,7781.49423,9864.41052,1.0,1.0,52.8433,7909.47137,12.44901,30.35895,29.37978,3.26148,1.0,2.78283,3.5359,1.0,167.61884,D61.i_3
6314.65892,4081.74641,10681.24611,3449.7709,192429.44586,798.96608,47.63408,12.25173,988.2576,170934.27807,195.8563,584.08118,197.57279,161.295,1.0,231.7783,456.28718,428.15229,6501.68031,D61.a_4,487.80589,520.88121,477.31632,2.00116,7245.66089,5879.57719,1.0,1.0,49.95442,7647.02693,10.00456,38.63673,32.602,3.74552,1.0,1.4505,16.89972,1.0,124.50773,D61.i_4
6317.15892,4312.52419,10341.85722,3434.71534,191367.55697,324.46608,54.74519,7.23626,988.03537,168501.61141,165.30074,567.19229,197.35057,153.96167,1.0,211.72274,424.45385,357.2634,4685.45809,D61.a_5,500.58367,519.7701,790.48299,35.94909,7627.38311,8774.02163,1.0,1.0,57.17664,7478.97137,11.14011,41.52562,25.43533,3.32502,1.21778,2.34141,5.12736,1.0,129.95218,D61.i_5
6275.82559,4107.07975,9991.91277,3036.99312,196676.11253,461.96608,43.63408,16.56959,998.92426,165205.05585,159.07852,513.91451,190.23946,152.35056,1.0,214.33386,505.67607,327.2634,4508.62475,D61.a_6,501.69478,450.93676,563.81632,29.17248,7529.272,7562.13274,1.0,3.75224,54.95442,7326.6936,12.94233,45.8034,28.102,3.42017,1.21778,2.33636,4.06639,1.0,135.6744,D61.i_6
5932.32559,3805.41308,9682.19055,2841.04868,164213.66809,739.6883,43.30074,13.24399,892.42426,162684.5003,164.74519,493.24784,198.6839,154.46167,1.0,188.72274,441.23163,339.15229,5185.90253,D61.a_7,458.69478,424.93676,573.37188,1.50058,7555.04978,7401.74385,1.0,1.0,52.06553,7106.47137,8.56012,28.24784,24.93533,3.32502,1.0,1.89394,2.06097,1.0,124.61884,D61.i_7
6011.4367,4049.24641,10082.52389,2611.32646,182588.2792,359.29941,39.41186,14.75946,931.14649,160231.05585,156.41186,521.35895,206.51724,121.62834,1.0,219.50052,441.17607,356.98562,4915.62475,D61.a_8,502.47256,448.04788,506.42744,11.22513,7713.99423,6668.57719,1.0,1.0,48.8433,6991.02693,9.78234,21.8034,29.32422,2.38856,1.0,1.89091,3.5359,1.0,105.28551,D61.i_8
5501.77003,3589.6353,8628.30166,2232.04868,167193.50142,743.63274,39.8563,14.23626,829.7576,158424.66696,151.07852,488.8034,176.85057,130.35056,1.0,203.94497,350.28718,291.48562,4300.40253,D61.a_9,482.02811,444.99232,455.37188,16.89237,7192.272,5924.07719,1.0,1.0,52.8433,6838.97137,12.67123,38.74784,29.71311,4.01531,1.0,1.00202,8.94986,1.0,138.28551,D61.i_9
42601.06917,32548.34872,12114.43915,2252.87838,230850.43605,460.27778,19.23927,4.84724,16850.60307,187040.91014,440.36039,14592.44444,5478.12835,1193.02706,36.33981,759.38646,1639.19086,5379.20781,3408.61125,D62.a_0,469.37814,76.57975,39.84583,1.0,1796.81652,4.47447,1.0,1.0,93.18345,962.06227,7.02101,157.8106,85.35057,1.44554,1.0,1.31791,2.12945,12.44027,2.13603,D62.i_0
42249.29139,32392.07095,10950.21692,2673.32283,221188.49161,312.38889,15.01705,5.19447,16019.82529,181750.35458,405.80484,13011.77778,5012.01724,1100.4715,29.66701,695.99757,1219.07975,3730.43004,3041.00014,D62.a_1,652.98926,152.19086,44.29028,1.0,2711.0943,1.0,1.0,1.0,112.40568,847.17338,4.11781,166.3106,79.6839,1.17822,1.0,2.39818,1.51779,7.06186,5.57027,D62.i_1
38934.51362,30399.34872,12716.60581,2371.6006,211352.3805,324.72222,19.68372,1.26043,15241.9364,173765.85458,422.41595,17398.5,4568.1839,1008.30484,55.75955,814.10868,1892.41308,11278.81892,4252.72236,D62.a_2,589.15592,96.74641,48.84583,1.0,2392.31652,7.94893,1.0,1.0,110.18345,799.8956,5.99239,141.3106,78.12835,1.26733,1.0,1.0,3.64723,8.0409,1.0,D62.i_2
36425.40251,29116.73761,12857.43915,2340.71171,195724.71383,373.83333,25.68372,14.70142,15199.88085,167877.35458,413.24928,18966.27778,4974.79501,970.24928,51.17315,912.60868,2823.41308,13338.54115,4580.66681,D62.a_3,682.65592,116.96864,55.95694,1.0,2687.76097,1.0,1.0,1.0,113.73901,721.22893,4.13212,178.3106,99.85057,1.35643,1.0,1.31791,1.25889,6.82916,4.10315,D62.i_3
37167.34695,28885.07095,12463.4947,2162.6006,203027.54716,388.33333,20.01705,1.08681,15039.15862,164768.41014,414.4715,18073.61111,4763.73946,1054.69373,72.06204,859.10868,1803.02419,12054.15226,4238.44459,D62.a_4,666.54481,107.02419,45.5125,1.0,2600.20541,1.0,1.0,1.0,114.85012,715.61782,5.89559,135.42171,70.51724,1.35643,1.0,2.2068,1.51779,7.91616,6.13828,D62.i_4
35999.73584,28919.68206,11309.10581,2072.26727,191912.82494,398.77778,20.57261,3.76738,14699.76974,161465.24347,406.74928,17371.44444,4941.6839,950.58261,52.22257,844.16424,1634.6353,11696.0967,3923.22236,D62.a_5,621.32259,80.57975,40.84583,1.0,2484.98319,1.0,1.0,1.0,118.29457,689.56227,6.56226,142.25505,90.85057,1.34488,1.0,2.08027,1.38834,8.68345,2.76982,D62.i_5
36892.95806,28391.84872,10422.27248,1930.43394,197213.82494,296.05556,11.79483,3.85419,12026.76974,159120.63236,413.02706,14194.88889,4281.07279,970.86039,41.56204,622.10868,1104.24641,5296.81892,3133.00014,D62.a_6,572.54481,92.74641,54.73472,1.0,2268.0943,1.0,1.0,1.0,123.73901,637.28449,3.96378,152.75505,83.90612,1.71177,1.0,1.95373,1.25889,11.58282,5.63603,D62.i_6
36535.01362,28542.95984,10525.9947,1974.15616,197898.26939,263.05556,15.79483,7.00695,12712.71418,156944.68792,396.86039,14707.88889,4516.90612,952.9715,46.16701,676.49757,1626.30197,5945.31892,3092.72236,D62.a_7,674.60037,142.1353,47.40139,1.0,2635.92764,1.0,1.0,1.0,129.18345,621.61782,4.45114,179.42171,74.57279,1.17822,1.0,3.16053,2.64723,3.43712,2.86847,D62.i_7
35542.62473,27269.07095,9794.21692,2074.93394,191469.3805,207.61111,13.4615,1.17362,13096.54751,154035.52125,395.24928,12847.77778,4372.79501,990.30484,40.78426,638.77535,961.57975,4715.87448,3002.22236,D62.a_8,623.82259,102.96864,46.73472,1.0,2598.98319,4.47447,1.0,1.0,110.73901,621.61782,4.22892,146.3106,87.62835,1.35643,1.0,3.79635,1.0,8.66249,9.31516,D62.i_8
36621.40251,27297.95984,9699.88359,1896.98949,193162.65828,183.05556,14.68372,2.5139,11061.60307,150380.07681,381.80484,11039.44444,4031.1839,925.58261,61.72257,544.60868,705.1353,1076.65226,2465.11125,D62.a_9,679.37814,108.91308,50.62361,1.0,2760.92764,1.0,1.0,1.0,114.29457,585.06227,2.58752,150.64393,68.46168,1.68977,1.0,3.98773,2.25889,8.56186,5.34804,D62.i_9
44025.1779,43221.38889,12031.16441,779.05684,146524.67682,1702.88534,32.42222,13.76719,8452.59922,319590.18598,27.99562,850.62513,111.82395,1551.25701,1.0,85463.33046,1926.77778,211.24738,75686.84397,D63.a_0,1458.4913,569.57686,135.60143,1.0,3526.45525,71.67778,1.0,1.0,268.38639,2906.2838,1.0,45.66557,1.08195,10.57247,1.0,1181.03803,4.18292,1.0,632.54777,D63.i_0
43587.90012,42462.88889,13123.21997,856.33462,147246.51015,1264.82978,35.31111,17.91066,8065.43255,311874.51931,25.21784,809.73624,92.37951,1554.59034,1.0,84862.60824,1879.16667,228.52515,71443.45508,D63.a_1,1471.54686,599.07686,146.82366,1.0,3463.23303,33.63333,1.0,1.0,263.38639,2749.06157,1.07177,47.22112,1.97445,9.04533,1.0,1231.70469,2.59146,1.0,635.99222,D63.i_1
42983.23346,41700.11111,13144.71997,941.50129,140804.73237,2274.27422,35.86667,5.89519,7962.26588,308077.07487,22.7734,795.7918,94.82395,1559.03479,1.0,83320.38601,1888.11111,225.58071,69434.39953,D63.a_2,1444.65797,593.96575,136.2681,1.0,3500.62192,20.7,1.0,1.0,276.4975,2602.11713,1.0,36.11001,1.04917,4.96264,1.0,1172.48247,1.53049,1.0,625.99222,D63.i_2
42380.23346,41956.55556,13945.94219,884.55684,140415.23237,1493.10756,39.31111,22.10826,7814.54366,302322.46376,22.32895,761.62513,104.71284,1512.59034,1.0,80402.21935,2056.55556,222.13627,68532.78842,D63.a_3,1401.21353,527.29909,125.93477,1.0,3283.06636,69.1,1.0,1.0,256.16416,2445.11713,1.0,41.05446,2.68667,5.60344,1.0,1058.92692,1.0,1.0,549.76999,D63.i_3
37299.12235,38154.05556,12493.49775,606.22351,124220.84348,1186.60756,38.08889,14.41066,7665.15477,291841.68598,21.66228,798.40291,108.21284,1433.75701,1.0,81006.44157,2064.72222,224.02515,67667.62175,D63.a_4,1428.15797,509.07686,136.93477,1.0,3435.01081,25.68889,1.0,1.0,243.94194,2282.45046,1.0,34.55446,2.33695,5.21327,1.0,1062.26025,1.53049,1.0,522.88111,D63.i_4
36530.51123,36945.66667,11444.88664,595.94573,122744.56571,1386.10756,34.53333,9.2208,7454.71033,284545.74154,21.55117,738.01402,87.49062,1422.59034,1.0,77302.21935,1882.22222,185.13627,63187.56619,D63.a_5,1415.54686,522.52131,131.15699,1.0,3327.17748,38.62222,1.0,2.25632,219.27527,2151.50602,1.0,38.11001,2.71945,6.35025,1.0,987.20469,1.53049,1.0,526.82555,D63.i_5
36144.56679,36698.72222,11334.66441,572.72351,120928.17682,1297.60756,26.97778,8.75173,7355.09922,277941.46376,24.44006,741.40291,92.82395,1377.25701,1.0,75040.66379,2012.88889,145.41404,62902.95508,D63.a_6,1375.82464,525.35464,126.60143,1.0,3421.12192,137.28889,1.07611,1.0,209.05305,2015.00602,1.04784,39.66557,2.28139,4.04533,1.0,917.03803,2.59146,1.0,498.88111,D63.i_6
36034.40012,36397.44444,11473.38664,735.16795,120360.39904,1291.49645,31.97778,3.56186,7315.65477,267360.51931,22.66228,770.84735,87.32395,1369.42368,1.0,74981.10824,1737.5,174.30293,62939.51064,D63.a_7,1193.71353,435.57686,122.60143,1.0,2962.78859,47.12222,1.0,1.0,228.38639,1879.22824,1.02392,34.88779,1.11473,5.54405,1.0,860.42692,2.06097,1.0,450.38111,D63.i_7
33057.90012,32545.0,10192.94219,552.05684,110072.51015,923.71867,26.75556,1.3488,6726.26588,251955.07487,18.99562,630.62513,57.71284,1295.75701,1.0,67417.21935,1818.72222,128.80293,57408.56619,D63.a_8,1164.15797,380.02131,122.71255,1.791,2737.78859,16.86667,1.0,1.0,210.16416,1779.2838,1.0,38.27668,2.32056,4.74169,1.0,768.26025,7.95528,1.0,423.82555,D63.i_8
30819.45568,29680.0,9309.27553,490.1124,104269.67682,728.22852,24.08889,1.0,6384.82144,240367.13043,18.55117,547.34735,57.99062,1176.92368,1.0,64909.83046,1632.33333,95.5566,55889.78842,D63.a_9,1367.88019,411.4102,115.49032,1.0,3135.73303,30.67778,1.0,1.62816,207.16416,1726.7838,1.0,25.9989,1.13112,2.02203,1.0,832.37136,2.06097,1.0,439.04777,D63.i_9
15980.72976,41238.4618,19052.37906,1104.43279,95227.89761,727.64878,13.4101,1.0,9379.79723,154953.96582,366.63232,18902.26354,5956.84043,992.72222,59.73781,262.33046,769.29513,1073.22029,3453.26901,D64.a_0,494.17227,173.20674,58.56372,1.0,1394.71065,71.29662,1.0,1.0,56.31091,739.82477,1.0,264.71573,33.7382,5.17399,1.0,1.46812,1.79131,1.0,12.57954,D64.i_0
15134.45199,38733.18402,20606.99017,1318.26612,98708.2865,291.4841,11.20213,1.0,9519.85278,138341.79915,434.4101,17892.15243,7029.89598,897.27778,61.57114,247.16379,835.68402,1042.72029,2736.93568,D64.a_1,433.83894,137.87118,50.37908,1.0,1300.98843,59.33363,1.0,1.0,70.08869,598.04699,1.0,200.04906,26.68264,4.20593,1.0,2.14663,1.0,1.43208,19.92754,D64.i_1
13882.72976,36056.57291,21048.49017,1266.76612,85509.61983,316.45533,10.09102,4.13089,8758.46389,130368.46582,389.79898,16802.26354,5983.84043,774.0,52.79336,230.60824,630.73958,1231.05362,2604.60235,D64.a_2,458.56116,252.81785,38.30391,1.19353,1395.37732,172.22252,1.0,1.0,51.42202,556.04699,1.0,272.10461,15.57153,4.03926,1.0,1.0,1.0,1.0,7.7871,D64.i_2
12088.22976,34841.51735,18176.15684,918.71057,69346.56428,501.03966,17.32749,2.04363,6882.40834,124962.52138,218.4101,15117.3191,3669.67376,1102.61111,23.40669,298.7749,598.18402,882.60918,2671.54679,D64.a_3,462.00561,224.7623,47.48856,1.19353,1410.48843,286.5374,1.0,1.37811,48.97758,498.60255,1.0,261.32684,22.07593,3.53926,1.0,3.7377,1.0,1.0,9.51242,D64.i_3
11906.0631,34845.23958,17699.60128,890.37723,65916.84205,421.42656,21.63232,3.08726,6329.18611,119889.79915,182.18787,15080.59688,3209.56265,1154.38889,24.29336,260.21935,713.79513,823.3314,2964.21346,D64.a_4,399.06116,173.2623,48.08169,1.0,1173.65509,35.0373,1.0,1.37811,50.97758,482.93588,1.19371,245.82684,23.18704,4.67399,1.0,2.1703,1.79131,1.0,6.07643,D64.i_4
11500.89643,34201.29513,18877.60128,1109.48835,63176.56428,145.65077,18.31324,1.0,6087.46389,113105.2436,157.46565,14355.26354,2849.78487,1137.22222,20.68669,279.2749,740.4618,587.66473,2463.93568,D64.a_5,482.17227,206.59563,59.26797,1.0,1465.54398,76.09285,1.0,1.0,56.86647,419.31599,1.30483,233.21573,13.02037,6.32469,1.0,1.23406,1.0,1.0,12.20532,D64.i_5
11292.50754,32876.57291,17038.76795,928.87723,60544.34205,386.59323,14.52121,1.0,5701.85278,108395.07693,136.52121,13758.04132,2456.78487,1042.5,19.18225,312.2749,727.73958,677.88695,2965.60235,D64.a_6,431.83894,164.25784,44.41339,1.0,1258.93287,54.27797,1.0,1.0,38.31091,394.15811,1.41594,244.82684,21.18924,4.34066,1.0,1.0,6.20725,1.0,10.84265,D64.i_6
11665.89643,33421.68402,20024.10128,823.15501,67900.23094,277.45533,11.07676,3.08726,6289.85278,103046.29915,214.9101,13780.3191,3607.56265,918.88889,26.7978,266.33046,724.68402,700.27584,2378.1579,D64.a_7,405.17227,149.09118,25.37744,1.0,1169.87732,78.51875,1.0,1.0,42.1998,393.93588,1.0,157.16017,24.34931,2.9521,1.0,1.70218,1.0,1.0,6.87198,D64.i_7
10898.95199,31618.23958,18155.15684,714.87723,60563.84205,314.39978,11.77194,5.4206,5616.075,99208.79915,148.96565,12813.87465,2361.89598,1003.44444,12.91114,345.7749,772.35069,620.10918,3156.21346,D64.a_8,435.06116,127.92674,43.41176,1.0,1215.98843,166.05585,1.0,1.0,49.53314,371.9271,1.49854,162.4935,15.35371,1.74584,1.0,1.46812,1.0,1.0,9.22843,D64.i_8
8917.95199,29433.90624,15402.15684,788.24273,49742.84205,176.17954,11.00841,1.0,5005.74167,95334.7436,102.29898,12059.76354,1900.28487,991.16667,6.47557,293.49712,624.73958,493.16473,3418.10235,D64.a_9,376.56116,167.15119,93.19117,1.0,1055.21065,175.44464,1.0,1.0,41.53314,314.4271,1.19371,165.32684,12.08033,4.04724,1.0,2.82513,1.0,1.0,1.48844,D64.i_9
22643.10521,55857.46056,5340.69124,423.34103,45989.60519,651.02163,20.31949,1.0,921.63853,372814.62046,58.11111,19782.83232,1363.53915,622.02706,1.42222,855.35085,493.85464,4737.74014,1629.38605,D65.a_0,1483.91357,1207.9967,109.39471,2.74599,2500.94579,132.59019,1.0,1.32388,10.98551,9472.40926,1.11087,620.22222,32.40612,14.11111,1.0,3.88207,1.0,29.13362,23.37975,D65.i_0
22046.16077,56104.18278,6131.24679,416.25866,50618.49408,609.85496,26.09727,1.97292,893.69409,356699.84268,58.22222,19718.44343,1587.53915,585.9715,1.0,788.62863,565.18797,5356.57347,1640.9416,D65.a_1,1636.91357,1261.55226,123.72804,1.0,2705.89023,128.77446,1.0,1.32388,15.31885,7718.90926,1.11087,753.77778,25.38973,14.27778,1.65004,6.98734,2.69314,28.24473,15.15753,D65.i_1
22071.60521,56872.79389,5743.52457,473.03644,52268.43852,542.07719,22.65282,1.48646,906.13853,344973.23157,61.22222,19616.83232,1416.81693,583.63817,1.0,764.73974,566.13242,7450.74014,1573.99716,D65.a_2,1398.02468,946.4967,192.83915,1.0,2422.89023,222.92352,1.0,1.0,12.03926,6706.02037,1.0,660.33333,69.01724,9.22222,1.0,11.26804,7.77255,20.41731,29.43531,D65.i_2
20643.88299,53525.46056,5077.91346,504.092,46245.54963,689.79941,13.20838,1.0,910.86075,336923.73157,57.11111,19202.44343,1390.20582,548.30484,1.0,752.35085,501.74353,6690.51792,1637.4416,D65.a_3,1498.80246,1309.05226,139.72804,1.0,2528.83468,213.93232,1.0,1.0,6.26148,6186.74259,1.0,641.11111,22.16751,3.22222,1.32502,8.10137,1.0,16.26245,23.71309,D65.i_3
18641.88299,53031.18278,4726.69124,477.82763,44661.04963,492.74385,16.65282,1.0,943.08298,325500.78713,59.88889,17699.88788,1507.87248,582.02706,1.0,637.96196,474.29909,19112.62903,1533.33049,D65.a_4,1621.19134,1448.60781,154.17248,1.0,2844.94579,121.48788,1.0,1.0,16.15037,5798.3537,1.11087,703.66667,23.5564,12.22222,1.0,12.70859,4.38628,30.34994,17.54642,D65.i_4
18958.16077,45767.51612,4332.69124,377.75866,40799.88297,453.63274,18.87504,1.48646,809.74964,316109.95379,58.88889,18568.88788,1286.26137,563.52706,1.84444,612.79529,465.07686,7934.85125,1481.9416,D65.a_5,1513.13579,979.83003,171.00582,1.0,2940.89023,227.80361,1.0,1.0,11.29198,5242.46482,1.0,719.88889,32.16751,4.94444,1.32502,8.37818,1.0,16.86766,17.3242,D65.i_5
18701.16077,51791.96056,4602.13568,388.20311,41753.93852,540.13274,13.54171,1.97292,805.74964,309639.95379,58.22222,17243.83232,1220.26137,574.13817,1.42222,645.01752,446.29909,6608.01792,1507.77494,D65.a_6,1531.2469,1306.21892,181.17248,1.0,2683.33468,75.03463,1.0,1.0,10.15037,4964.40926,1.22174,843.05556,23.69029,5.72222,1.65004,17.15303,3.07941,25.06626,25.04642,D65.i_6
19324.93855,55531.905,4951.41346,465.31422,49693.49408,342.91052,21.65282,1.0,966.24964,305333.5649,63.88889,18404.94343,1402.53915,589.19373,1.0,666.9064,457.29909,9976.24014,1482.16383,D65.a_7,1507.41357,1270.66337,184.50582,1.0,2777.44579,300.2101,1.0,1.0,9.23461,4743.90926,1.66569,720.83333,68.76223,3.38889,1.0,10.87915,4.38628,31.84994,19.73879,D65.i_7
22843.54966,57328.12723,5502.19124,498.92533,50209.49408,476.46608,24.4306,1.0,876.19409,302335.5649,60.0,18484.66565,1265.31693,549.91595,1.42222,884.51752,568.13242,3927.74014,1642.88605,D65.a_8,1551.7469,1244.4967,110.50582,1.0,2361.00135,223.34156,1.0,1.0,11.65218,4518.57593,1.22174,579.83333,31.85696,6.66667,1.0,10.76609,1.0,30.79438,15.3499,D65.i_8
19065.27188,53687.905,4405.13568,421.53644,45210.43852,408.79941,22.31949,1.0,872.24964,298972.78713,60.88889,19108.94343,1484.98359,545.08261,1.0,702.23974,478.18797,9803.85125,1665.38605,D65.a_9,1298.08023,950.66337,154.2836,1.0,2173.33468,255.81241,1.0,1.0,8.31885,4282.46482,1.0,571.0,37.26223,6.0,1.0,6.10235,9.63758,29.92321,15.28149,D65.i_9
26922.60052,6650.96575,8786.95257,2178.51664,71721.49887,230.46479,16.78234,3.79621,5160.28759,612727.41064,42.17199,1593.67062,821.82573,958.36492,1.0,107.72274,339.62595,55.50255,13635.62673,D66.a_0,1627.68821,309.23504,83.22002,1.0,3795.33458,273.44444,1.0,1.0,23.6588,1887.36549,1.07611,24.38779,4.5984,3.92981,1.0,1.76236,1.0,1.0,2.84611,D66.i_0
21112.76719,5430.63242,9585.89702,1910.29442,61602.8322,74.6784,14.41121,2.86414,4195.62092,504309.41064,37.50532,1320.11507,646.4924,806.25381,1.0,126.66719,281.95928,104.55811,11693.62673,D66.a_1,1716.85487,189.87473,80.66447,1.0,4037.22347,345.33333,1.0,2.11111,22.54769,1693.25437,1.0,28.4989,4.09332,3.04092,1.0,3.35191,3.72415,1.0,4.39736,D66.i_1
22837.65608,5950.96575,8146.84146,1471.79442,58713.66553,95.99061,11.44901,9.39495,4728.3987,458797.35509,49.94976,1227.17062,863.15906,797.19826,1.0,1568.16719,414.62595,134.78033,9295.62673,D66.a_2,1740.13265,153.76202,82.77558,1.0,4207.44569,366.05556,1.0,1.0,18.10325,1425.9766,1.0,26.22112,2.43936,2.70759,1.0,3.16053,3.61497,1.0,2.32472,D66.i_2
24283.3783,6126.9102,6985.11924,1242.29442,60014.27665,62.34507,9.69567,1.0,4760.78759,438758.18842,52.17199,1186.00395,928.10351,775.97603,1.0,1901.05608,313.62595,102.22477,8377.7934,D66.a_3,1702.52154,108.53819,69.66447,1.0,4299.66791,207.72222,1.0,1.0,10.80826,1275.03037,1.0,25.77668,6.36855,3.70759,1.0,1.0,2.25289,1.0,2.46999,D66.i_3
19315.48941,5482.35464,7876.11924,1556.96108,56828.44331,113.73396,14.78234,1.93207,3879.12092,413985.35509,36.17199,1087.83729,748.21462,707.1427,1.0,1333.38941,256.40372,98.02402,8717.40451,D66.a_4,2022.24376,201.34455,81.66447,1.0,5072.5568,242.55556,1.0,1.0,18.10325,1132.14326,1.0,18.55446,3.70443,4.86654,1.0,2.08027,3.19734,1.0,2.14097,D66.i_4
21571.10052,5589.57686,5296.39702,1128.73886,52148.99887,137.10172,12.3379,1.0,4410.06537,388309.13286,47.61643,996.39284,913.77018,703.92048,1.0,439.11163,274.23706,60.32326,6488.7934,D66.a_5,1820.85487,120.78739,70.66447,1.0,4645.94569,339.05556,1.0,1.0,11.54769,1027.4766,1.0,25.09779,2.43936,3.04863,1.0,1.63582,1.0,1.0,1.95722,D66.i_5
22078.26719,5623.18797,5572.61924,855.57219,50546.3322,88.09311,9.14011,2.86414,4412.23203,372876.02175,48.50532,985.17062,864.32573,696.03159,1.0,1257.22274,191.01483,98.947,6509.68229,D66.a_6,1738.85487,85.56357,57.33113,1.0,4366.16791,653.33333,1.0,1.0,14.21436,969.4766,1.07611,19.05446,2.32317,2.46144,1.0,1.63582,1.0,1.0,4.69652,D66.i_6
18159.8783,4503.63242,7351.78591,1025.62775,47056.22109,108.59311,9.56012,2.86414,3495.84315,358173.18842,45.50532,914.39284,669.65906,614.25381,1.0,901.33386,255.40372,107.50255,7435.23784,D66.a_7,1466.35487,300.37153,114.77558,1.0,3863.83458,460.44444,1.0,1.0,10.47493,907.75259,1.0,15.11001,2.32317,2.8102,1.0,1.0,1.0,1.0,1.3675,D66.i_7
17931.26719,4734.9102,6217.06368,1048.90553,42030.27665,52.17449,7.49788,1.93207,3627.12092,338888.35509,34.06088,892.00395,708.65906,637.08714,1.0,125.50052,185.24384,88.7677,6511.46007,D66.a_8,1639.24376,146.95406,68.22002,3.18158,3937.83458,168.66667,1.0,1.0,13.67159,848.9766,1.0,18.04834,1.99237,3.517,1.0,1.63582,1.0,1.0,1.0,D66.i_8
18761.8783,4611.96575,5058.67479,636.1833,44071.27665,222.02895,7.69567,1.93207,3592.28759,321497.74397,43.50532,849.83729,771.27018,595.36492,3.41645,350.61163,176.48685,96.9129,5948.51562,D66.a_9,1421.02154,88.45406,70.33113,1.0,3427.27902,347.44444,1.0,1.0,13.6588,828.03215,1.0,17.83223,3.54793,3.6204,1.0,1.0,1.0,1.0,2.17944,D66.i_9
25456.3296,9254.73958,38187.16228,1458.13346,24867.26929,138.50328,14.69373,23.30213,6342.21353,478392.64657,706.35454,13009.12446,7002.65785,2402.42448,24.52873,111.88601,249894.31781,4109.46193,2285.1011,D67.a_0,418.35268,144.09559,316.98872,4.67996,186.57169,177.75685,1.0,1.62816,33.02818,2592.90647,1.34191,87.66667,27.42911,2.26945,1.0,1.28401,2.58261,1.08213,7.32165,D67.i_0
22731.99627,8655.35069,37792.88451,1762.63346,22931.10263,316.82907,11.69373,12.62851,5836.4913,442870.64657,752.85454,12345.95779,7759.7134,2757.31337,31.49042,124.7749,240303.15115,4229.2397,2290.1011,D67.a_1,437.74157,119.76226,343.09983,1.0,220.23835,922.11933,1.0,1.0,37.47263,2451.12869,1.56127,89.44444,29.23551,2.94222,1.0,1.28401,3.37392,4.27537,6.85016,D67.i_1
20002.3296,7873.07291,34289.21784,1306.35568,19813.65818,256.63274,7.80484,5.62851,5246.4913,392107.75768,665.02121,10692.84668,6154.65785,2790.75781,27.5546,120.66379,182494.2067,4345.62859,1912.04555,D67.a_2,409.24157,65.26226,320.65538,7.29107,206.96058,239.73045,1.0,1.0,41.02818,2383.12869,1.7835,79.66667,28.87355,2.94222,1.0,1.0,2.58261,7.30195,4.46419,D67.i_2
18579.21849,7515.85069,30844.88451,1404.18901,18860.71374,201.07719,8.43296,9.21532,5048.54686,356607.03546,582.18787,9867.01335,5734.10229,2478.25781,12.88793,117.83046,171868.65115,3817.46193,1758.32332,D67.a_3,404.13046,85.42893,300.93316,1.0,160.79391,202.89711,1.0,1.62816,30.69485,2320.29536,1.0,89.05556,29.48466,1.91556,1.0,1.28401,14.62464,2.66426,6.24051,D67.i_3
16154.77404,6670.73958,31624.82895,1442.96679,17153.15818,149.66617,8.13817,18.80908,4454.9913,328609.09101,667.13232,9419.51335,6150.76896,2872.42448,10.25575,116.05268,291291.04004,3017.18415,1780.76777,D67.a_4,409.24157,63.09559,303.21094,1.0,197.79391,112.45267,1.0,1.0,28.02818,2267.7398,1.73223,93.27778,27.09577,2.17889,1.0,1.0,1.0,3.27297,5.32311,D67.i_4
16444.21849,6199.12846,26317.44006,1187.63346,16198.10263,65.7627,8.1722,7.5278,4256.93575,311154.86879,398.13232,9001.45779,4586.99118,1771.48003,6.67912,81.7749,182635.54004,2253.79526,1480.93444,D67.a_5,412.51935,86.11189,321.32205,1.0,195.12724,143.286,1.0,1.0,39.58374,2189.07313,1.39318,88.5,25.04192,1.65833,1.0,2.75935,1.0,1.55315,6.1294,D67.i_5
14972.60738,6048.01735,31087.88451,1409.41124,15528.65818,108.55506,8.4715,8.9549,4151.9913,298667.25768,579.18787,9026.62446,5819.49118,2658.98003,27.15709,129.83046,256117.31781,2931.79526,1634.82332,D67.a_6,435.96379,142.23929,477.32205,1.0,189.46058,180.23045,1.0,2.79483,28.58374,2121.01758,1.66953,77.11111,24.18166,2.29611,1.0,1.0,4.52706,4.07732,5.98832,D67.i_6
14253.3296,5648.4618,25696.32895,1404.41124,15120.93596,114.58849,7.4715,11.20142,4021.21353,285636.59101,390.46565,8536.29112,3900.49118,1876.59114,5.33716,79.05268,188826.54004,2329.96193,1514.76777,D67.a_7,392.18601,65.26226,285.87761,1.0,159.01613,197.08138,1.0,1.0,33.91707,2115.79536,1.27921,91.61111,30.01329,1.54111,1.0,1.58645,4.4715,2.76088,6.51829,D67.i_7
14812.44071,5857.51735,26141.21784,1203.0779,15234.49152,152.49574,7.43296,8.86809,4081.04686,276173.4799,437.52121,8355.5689,5642.7134,2024.53559,12.75575,110.55268,216107.65115,2748.18415,1516.43444,D67.a_8,423.74157,72.31781,292.87761,1.0,186.07169,442.75685,1.0,1.0,33.47263,2042.62869,1.73509,92.66667,23.92911,2.13778,1.0,1.72845,6.20725,1.16426,5.68203,D67.i_8
13839.94071,5574.68402,23956.66228,1076.74457,14437.82485,98.91806,7.80484,3.59376,3764.32464,263239.92435,325.02121,7854.84668,2867.65785,2003.09114,5.35824,105.44157,200686.09559,2612.46193,1283.43444,D67.a_9,446.68601,69.51707,333.04427,1.0,199.84947,105.86796,1.0,1.62816,38.36151,2021.68424,1.50429,80.0,26.37355,2.64389,1.0,1.142,6.4715,3.57973,5.09943,D67.i_9
22309.51609,3911.38209,33066.36551,4455.88427,19306.11688,245.28951,27.66667,23.22699,1414.62028,349381.13251,6.66667,674.50234,171.42342,5877.37,1.0,1744.02222,807789.66667,27.58962,3288.53248,D68.a_0,355.44055,2.76901,257.03252,1.0,151.55203,12.66948,1.0,1.0,20.20748,2016.05101,1.0,10.06029,5.0,1.0,1.0,1.0,1.0,1.0,3.57739,D68.i_0
21003.6272,3826.21542,34514.14329,5075.43983,19492.11688,191.84507,21.88889,26.08555,1347.89806,332920.57696,9.66667,637.11345,185.47897,6645.20334,1.0,1665.74444,826656.72222,59.97851,3608.69915,D68.a_1,354.05167,15.09139,262.64363,1.0,178.55203,10.61392,1.0,1.0,17.87675,1858.71767,1.0,4.05792,2.33333,1.0,1.0,1.0,1.0,1.0,3.42804,D68.i_1
20199.51609,3611.65986,33245.80995,4799.21761,17737.3391,156.90062,22.66667,40.2621,1306.78695,321718.79918,7.0,598.94678,192.47897,6069.59223,1.0,1579.85556,730997.05556,11.96361,3381.86581,D68.a_2,316.55167,5.65352,206.47696,5.52547,127.7187,84.61392,1.0,1.0,17.20662,1769.82878,1.0,13.28943,2.0,1.0,1.0,1.0,1.0,1.0,2.31693,D68.i_2
19249.1272,3520.60431,31712.58773,4732.27316,18024.3391,156.84507,20.11111,25.8531,1289.28695,315022.91029,9.0,614.61345,188.20119,5834.37,1.0,1556.8,818706.5,22.62815,3232.19915,D68.a_3,283.71833,5.53803,200.25474,1.0,124.32981,27.96484,1.0,1.0,15.65193,1696.60656,1.0,10.01165,2.5,1.0,1.0,1.0,2.36208,1.0,3.29871,D68.i_3
18402.84942,3365.82653,31175.47662,4695.99538,16863.61688,191.73396,20.11111,30.51977,1212.89806,303525.29918,9.11111,563.11345,149.42342,6401.48111,1.0,1563.85556,801129.38889,13.79481,3082.08803,D68.a_4,309.82944,6.94006,210.58807,1.0,117.7187,11.52039,1.0,1.0,11.43144,1617.60656,1.0,5.92368,1.33333,1.0,1.0,1.0,1.0,1.0,2.63204,D68.i_4
18151.1272,3395.15986,30955.92106,4675.43983,16128.3391,124.01174,20.33333,27.01977,1207.12028,294047.0214,9.22222,532.94678,153.86786,5959.59223,1.0,1490.18889,813230.5,25.01703,3054.42137,D68.a_5,284.10722,7.76463,209.81029,1.0,105.56477,7.40928,1.0,1.0,18.87328,1518.10656,1.0,6.85191,2.11111,1.0,1.0,1.0,1.0,1.0,1.5938,D68.i_5
17876.07164,3192.71542,31351.03218,4486.99538,15935.17243,173.34507,17.77778,26.49455,1152.3425,286970.07696,10.88889,552.89123,155.47897,5765.87,1.0,1430.96667,725415.44444,21.40805,2950.31026,D68.a_6,285.60722,2.32676,202.58807,3.26273,117.17588,2.14909,1.0,1.0,17.76217,1424.05101,1.0,13.08342,3.66667,1.0,1.0,1.0,1.0,1.0,2.53915,D68.i_6
16814.68275,3058.27097,30833.69884,4368.21761,15462.00576,165.12285,19.55556,34.54499,1173.56472,282271.46585,10.11111,519.72456,163.8123,6303.37,1.0,1541.07778,782063.11111,33.69435,2985.81026,D68.a_7,294.16278,8.15133,186.58807,1.0,98.56477,12.66948,1.0,1.0,16.09724,1413.32878,1.0,4.2408,1.0,1.0,1.0,1.0,7.72415,1.0,2.16757,D68.i_7
17221.40498,3223.32653,29838.64329,4349.88427,15480.45021,158.95618,18.33333,28.71166,1145.78695,271937.0214,8.33333,529.169,159.42342,5963.70334,1.0,1406.68889,768015.44444,19.45509,2931.08803,D68.a_8,278.21833,2.76901,184.81029,1.0,111.99648,20.8917,1.0,1.0,10.98439,1350.27323,1.0,4.051,1.0,1.0,1.0,1.0,3.61497,1.0,4.66848,D68.i_8
16036.68275,2945.04875,27607.03218,3727.88427,15274.78354,136.02034,19.0,19.90354,1108.73139,264445.63251,8.66667,533.83567,138.3123,5145.37,1.0,1406.68889,735218.22222,37.29481,2398.36581,D68.a_9,291.10722,3.88451,219.14363,1.0,110.60759,39.87694,1.0,1.0,14.65279,1302.99545,1.0,6.03479,2.33333,1.0,1.0,1.3554,1.0,1.0,3.55737,D68.i_9
8282.22547,2011.0,34043.0334,249.97675,18257.85249,2248.16667,59.61304,127.83892,593.5881,102368.19033,8.91463,578.84735,77.35475,279.23469,1.0,452.97569,837.46575,57.5994,5015.4313,D69.a_0,383.18569,38.18016,108.44176,1.0,429.17743,311.01174,1.0,1.0,3.66667,1731.80363,1.01111,2.0703,1.0,1.76945,1.0,1.44646,2.86297,1.0,15.8319,D69.i_0
8134.11436,1801.88889,33377.47785,299.0323,17890.9636,1925.22222,62.83526,104.50558,593.5881,99404.74589,11.80351,586.73624,85.52142,283.01247,1.0,485.92013,1802.35464,63.76607,4833.26464,D69.a_1,390.40791,21.92727,104.21954,1.0,392.62187,348.01174,1.0,1.0,4.27778,1574.41475,1.0,1.93651,1.44523,2.49778,1.0,1.44949,7.43482,1.05146,21.38745,D69.i_1
8131.11436,1973.55556,34373.47785,179.41014,17094.18582,1882.11111,70.61304,165.45003,576.0881,97490.80144,12.13685,561.40291,91.96586,260.56802,1.0,505.30902,1397.9102,72.32163,4820.37575,D69.a_2,406.96347,43.40239,123.10843,1.0,484.51076,198.33255,1.0,1.0,5.22222,1453.74808,1.0,1.26757,1.44523,2.01222,1.0,1.44949,7.98076,1.0,18.78885,D69.i_2
7711.50325,2038.44444,36775.0334,284.06575,21822.90805,1799.66667,76.94637,137.22781,586.86588,94386.57922,11.47018,524.23624,86.63253,263.79025,1.21778,453.92013,1135.57686,89.43274,4825.48686,D69.a_3,392.90791,35.76446,102.99732,1.0,457.89965,181.18701,1.0,1.0,6.22222,1396.02586,1.0,1.40136,1.22262,2.06778,1.0,1.00202,1.74519,1.0,21.10967,D69.i_3
7485.5588,1957.38889,37353.25562,221.58786,17925.57471,3129.72222,60.61304,117.22781,536.86588,92286.80144,12.74653,501.45846,90.24364,271.17913,1.32667,424.0868,1277.18797,67.71052,4706.4313,D69.a_4,381.57458,17.95794,103.66399,1.0,396.56631,78.78951,1.0,1.0,9.83333,1311.85919,1.0,1.53515,1.0,1.76945,1.0,1.89192,9.80742,1.05146,16.16523,D69.i_4
7304.16991,2003.94444,39201.0334,215.5768,18335.51916,1363.88889,68.83526,147.95003,562.97699,90066.07922,11.80351,503.73624,89.13253,268.73469,1.10889,496.5868,1115.85464,65.43274,4803.09797,D69.a_5,397.74125,23.92727,117.7751,1.0,444.28854,140.0759,1.0,2.54478,3.66667,1280.41475,1.0,1.53515,2.11229,2.05333,1.0,1.0,7.04299,1.0,15.36593,D69.i_5
7809.28103,1784.77778,41646.47785,348.0323,16650.68582,1635.22222,65.50193,111.45003,553.81033,88005.357,8.07986,493.06957,90.24364,279.3458,1.0,454.19791,1497.4102,86.65496,4702.70908,D69.a_6,353.74125,18.17824,109.44176,1.0,343.39965,145.59311,1.0,2.54478,4.94444,1212.41475,1.0,1.0,1.88968,1.37444,1.0,1.44747,4.80742,1.0,15.05412,D69.i_6
6929.16991,1754.27778,37397.36674,201.08786,18389.74138,2236.0,56.16859,132.50558,512.53255,85577.24589,6.90891,515.84735,93.7992,242.90136,1.10889,469.36458,1185.07686,54.5994,4539.37575,D69.a_7,316.63014,23.03645,101.33065,1.0,323.06631,49.79421,1.0,1.0,5.72222,1201.91475,1.02222,1.26757,1.0,1.0,1.0,1.00202,4.49038,1.0,19.1437,D69.i_7
7165.00325,1761.33333,39442.25562,243.96569,17064.01916,2318.16667,53.72415,155.95003,509.31033,83838.46811,10.02574,483.90291,79.46586,214.01247,1.0,427.75347,1413.74353,68.01672,4532.09797,D69.a_8,365.96347,40.12654,99.10843,1.0,405.39965,199.63145,1.07611,1.0,3.72222,1118.41475,1.0,1.53515,1.0,1.50611,1.0,1.0,2.49038,1.0,16.55412,D69.i_8
6766.50325,1738.11111,36329.97785,232.14341,16369.85249,1750.33333,67.05748,153.72781,503.19921,82071.41255,10.13685,488.84735,76.24364,260.3458,1.0,480.03125,854.46575,35.21182,4525.9313,D69.a_9,405.96347,32.23572,96.10843,1.0,409.34409,79.87089,1.0,1.0,5.0,1118.30363,1.01111,1.13379,1.22262,1.0,1.0,1.00303,4.86297,1.0,18.05412,D69.i_9
1259.6604,537.57686,8112.94444,736.37524,20094.45392,194.04661,4.44444,1.0,58.43397,45982.22481,77.25889,280.04444,21.16667,174.03915,1.0,497.94462,107.72222,169.33418,6104.93386,D7.a_0,94.71148,40.61111,187.08854,1.0,681.52218,444.27352,1.0,1.0,5.25142,679.35785,8.16859,20.2925,2.11308,1.0,1.0,2.6316,3.83333,1.0,208.35324,D7.i_0
1184.88263,544.52131,8103.5,1040.54191,18930.00947,189.40022,6.66667,1.0,51.98952,44896.00259,77.03667,279.93333,20.44444,152.42804,1.0,474.22239,121.72222,180.83418,5675.8783,D7.a_1,83.37814,42.66667,317.03299,1.0,709.57773,571.02163,1.0,1.0,5.27641,569.13562,8.28566,14.48612,2.11308,1.83333,1.0,1.55703,1.0,1.0,195.4088,D7.i_1
1133.43818,585.79909,8205.83333,669.26413,19107.62058,234.4505,4.38889,1.0,45.32286,43897.94703,67.03667,266.65556,23.38889,178.09471,1.0,468.00017,163.38889,158.22307,5745.21163,D7.a_2,70.23736,27.55556,208.31077,1.0,566.02218,487.19584,1.0,1.0,3.83197,511.58007,5.96425,15.93057,1.44523,1.0,1.0,11.66962,1.0,1.0,162.79769,D7.i_2
1012.04929,440.63242,7383.83333,679.48635,19093.56503,213.30938,5.55556,1.0,58.54508,42921.89148,58.03667,244.71111,17.83333,150.76137,1.0,468.55573,180.05556,177.5564,6119.98941,D7.a_3,86.60037,51.44444,181.47743,1.0,741.18884,299.66617,1.0,1.0,7.21949,445.36883,9.72713,28.57027,1.44523,2.38889,1.0,4.33628,9.66667,1.0,249.4088,D7.i_3
1031.71596,436.57686,7305.88889,529.98635,18282.3428,389.85967,4.83333,4.4134,45.21174,42062.00259,67.70334,283.48889,19.11111,129.42804,1.0,516.05573,189.05556,146.5564,5974.26719,D7.a_4,78.04481,83.0,170.81077,1.0,705.29995,285.41052,1.0,1.0,4.40558,427.80229,11.61304,18.34642,3.22538,1.0,1.0,2.18715,6.77778,1.0,175.57546,D7.i_4
1042.54929,455.57686,7781.77778,622.81968,17148.89836,233.86493,7.05556,1.0,53.98952,41007.72481,64.81445,275.04444,16.61111,122.92804,1.0,429.16684,120.88889,165.27863,6172.15608,D7.a_5,54.17802,23.66667,129.47869,1.0,417.14317,366.4256,1.0,1.0,3.1653,380.63562,4.85016,21.12583,1.44523,1.0,1.0,13.30121,3.88889,1.0,144.85324,D7.i_5
1049.04929,454.68797,7168.11111,676.81968,18574.00947,159.92049,2.55556,1.85335,38.87841,39969.22481,65.59223,245.32222,14.77778,125.70582,1.0,389.72239,141.66667,156.38974,5218.8783,D7.a_6,57.23736,70.0,89.08854,1.0,459.19872,210.97738,1.0,1.0,2.60974,348.85785,8.29162,21.23367,2.11308,1.0,1.0,7.00148,2.88889,1.0,184.24213,D7.i_6
1047.43818,431.35464,7592.22222,594.43079,16840.78725,323.4355,4.16667,1.0,54.10063,39077.55814,56.25889,247.93333,13.33333,154.4836,1.0,427.22239,145.5,146.16752,5509.15608,D7.a_7,58.9337,26.66667,179.53299,1.0,513.85551,305.77729,1.0,1.0,4.36253,348.80229,5.19839,18.62256,2.78093,1.0,1.0,2.37283,1.0,1.0,154.18658,D7.i_7
1027.82707,462.52131,8013.16667,684.65302,17062.00947,153.46551,5.72222,12.04004,56.21174,38081.50259,66.03667,277.93333,15.66667,150.59471,1.0,403.38906,168.22222,182.66752,6141.15608,D7.a_8,79.71148,28.72222,132.53299,1.0,517.2444,182.36627,1.0,1.0,1.95001,317.52451,8.17455,24.34478,1.22262,1.0,1.32502,3.37431,1.0,1.78342,167.13102,D7.i_8
1060.04929,428.4102,7958.77778,679.54191,17156.50947,514.54661,2.55556,12.04004,40.10063,37158.94703,74.03667,268.98889,13.11111,139.26137,1.0,396.11128,164.33333,185.77863,6612.98941,D7.a_9,96.82259,43.38889,233.97743,1.0,666.29995,609.91052,1.0,1.0,4.26948,272.09105,10.39082,23.93057,3.16903,1.0,1.0,1.37135,3.83333,1.1224,221.29769,D7.i_9
46534.52886,3824.29365,18440.81673,3726.64734,58751.89246,15.11111,40.61653,1.0,2186.38889,1136207.69819,210.69373,12723.50696,1437.77483,2404.59727,1.0,85.33046,364007.68889,3927.77574,2065.5668,D70.a_0,703.64043,17.13529,173.71255,1.0,1682.98586,58.2583,1.0,1.0,11.27539,1.0,1.0,36.72618,10.34891,1.0,1.0,9.43276,23.07291,1.26506,1.3141,D70.i_0
47628.97331,3776.84921,19577.37228,3798.81401,52320.00357,35.5,39.28319,1.0,1995.05556,1013929.69819,189.02706,12528.06252,1013.83038,3450.9306,1.0,75.16379,482300.46667,3070.27574,2066.23347,D70.a_1,726.52932,53.9102,200.65699,1.0,1689.76363,48.62691,1.0,1.0,8.49762,1.0,1.0,20.11507,4.35291,1.24852,1.0,6.1004,35.70891,1.0,1.1047,D70.i_1
44051.30664,3269.7381,17182.26117,3432.14734,52243.44802,13.05556,39.39431,1.0,1661.22222,897781.53152,161.69373,11357.06252,954.77483,2991.70838,1.0,81.66379,406037.91111,2904.88685,2235.78903,D70.a_2,813.14043,45.68941,191.60143,1.0,1733.9303,41.05108,1.04784,1.0,8.60873,1.0,1.0,26.28173,6.08712,1.33136,1.0,4.77096,57.00386,1.17671,1.98076,D70.i_2
36604.52886,2906.29365,17983.76117,3112.14734,42133.28135,17.05556,26.17208,2.7067,1256.55556,782480.86485,115.24928,9159.11808,607.05261,4215.59727,4.33333,87.21935,553654.68889,1703.94241,1732.73347,D70.a_3,751.64043,19.02418,177.37921,1.0,1674.54141,27.30859,1.0,1.0,9.49762,1.0,1.0,25.72618,5.20223,1.94149,1.0,3.21638,13.64564,1.0,1.2094,D70.i_3
36740.8622,2792.12699,16060.03895,3031.98067,40599.94802,25.11111,28.17208,1.0,1246.83333,720495.8093,113.24928,9290.22919,631.05261,3212.81949,1.83333,68.33046,484847.46667,1783.44241,1744.90014,D70.a_4,177.47376,4.37392,50.42202,1.0,344.21515,36.70721,1.0,1.0,3.98069,1.0,1.0,12.09391,5.97601,1.0,1.0,1.0,29.1169,1.0,1.1047,D70.i_4
34331.75108,2748.57143,16479.15006,2812.75845,38469.55913,15.05556,24.83875,1.0,1207.44444,661021.92041,100.69373,8163.8403,640.60816,3672.20838,1.0,89.94157,626711.52222,1667.60907,1764.34458,D70.a_5,47.91821,1.0,7.2681,1.0,108.7606,1.0,1.0,1.0,1.0,1.0,1.0,1.0,1.0,1.0,1.0,1.0,1.0,1.0,1.0,D70.i_5
29948.75108,2506.18254,15378.81673,2621.86956,33267.7258,45.72222,23.72764,1.0,1030.88889,630807.58708,97.36039,7446.61808,466.4415,3786.81949,1.0,108.66379,547139.3,1334.05352,1635.12236,D70.a_6,110.58488,4.58261,32.60143,1.0,234.88485,20.26277,1.0,1.0,2.58615,1.0,1.0,6.22927,2.38089,1.08284,1.0,1.4425,21.61304,1.0,2.43162,D70.i_6
34406.58442,2524.2381,19116.26117,2753.53623,39424.44802,111.44444,25.39431,1.0,1287.72222,602850.92041,85.13817,8027.45141,396.38594,4681.65282,1.0,114.38601,688471.63333,1010.88685,2128.51125,D70.a_7,298.41821,8.91307,93.48523,1.0,735.54141,5.22749,1.0,1.0,5.96137,1.0,1.0,30.19487,9.50358,1.4142,1.0,1.66375,128.1169,1.0,6.35683,D70.i_7
32106.80664,2272.51588,17660.98339,2786.98067,37091.28135,47.77778,23.17208,1.0,1188.61111,579297.36485,90.24928,7594.11808,426.21927,4708.59727,1.0,124.99712,645109.3,1051.88685,2016.23347,D70.a_8,127.14043,9.69373,34.74516,1.0,287.4798,6.52027,1.0,1.0,1.58615,1.0,1.0,1.93584,1.54756,1.0,1.0,2.33139,3.72415,1.0,1.0,D70.i_8
31884.47331,2419.84921,17384.15006,2655.31401,35970.2258,64.38889,23.39431,1.0,1173.27778,550807.86485,74.69373,7470.28474,529.21927,4269.98615,1.0,125.66379,742443.96667,1267.38685,1759.62236,D70.a_9,135.53223,4.63817,23.97758,1.0,214.12323,6.52027,1.0,1.0,1.14171,1.0,1.0,3.25353,1.0,1.0,1.0,1.66375,1.83526,1.0,1.0,D70.i_9
15299.11669,2113.54364,19489.86548,4018.79426,33363.22325,275.84507,40.20838,1.3488,749.03083,493815.17384,22.50542,22913.38779,1111.37355,7915.25889,1.0,113.05573,749117.5118,6159.07824,6028.78842,D71.a_0,427.58612,68.4072,240.57869,1.0,649.41675,462.0053,1.0,1.0,3.72002,4036.78172,1.0,49.88267,5.0,3.11472,1.0,1.8,87.66667,1.03454,20.89134,D71.i_0
13714.2278,1878.04364,19340.69881,3990.84982,30174.2788,124.01174,29.98615,1.0,720.36417,450082.39606,21.72764,19876.4989,923.48466,6996.14778,2.55556,106.66684,859129.56736,5385.68935,5481.78842,D71.a_1,389.14168,49.96275,242.1898,1.0,649.36119,238.00464,1.0,2.31228,4.69526,2704.22616,1.0,79.5359,58.22222,5.28319,1.0,2.95556,78.61111,2.2012,28.00913,D71.i_1
12867.89446,1923.59919,19890.19881,4096.51648,28400.05658,329.45618,30.09727,1.0,646.97528,407179.2294,27.17208,19897.61001,883.20688,7141.75889,1.0,107.22239,857839.73403,5348.85602,5312.78842,D71.a_2,436.8639,46.40939,289.52313,1.0,665.36119,383.89385,1.0,1.65614,3.15621,2159.11505,1.0,41.20256,6.77778,18.22944,1.0,2.77778,148.88889,3.39089,55.50913,D71.i_2
10539.06113,1501.09919,14932.30992,3306.6276,24080.61214,226.78951,23.98615,1.0,536.58639,363539.61828,19.72764,15973.9989,778.318,4961.20334,1.77778,91.55573,614856.12292,4290.46713,4787.45508,D71.a_3,393.3639,31.96713,281.1898,1.0,648.86119,741.72785,1.0,1.0,6.1232,1886.44838,1.0,62.25812,16.55556,8.82531,1.0,2.77778,34.94444,2.99049,25.34246,D71.i_3
11389.17224,1697.26586,18637.92103,4091.51648,24094.55658,245.28951,21.76393,1.3488,538.75306,347646.89606,19.94986,16181.16557,802.59577,6831.03667,1.0,92.83351,762567.06736,6381.96713,5520.06619,D71.a_4,365.3639,56.30047,261.80091,1.0,603.91675,160.00464,1.0,1.65614,2.74477,1608.55949,1.0,56.25812,8.94444,17.56097,1.0,2.51111,307.27778,2.62463,58.94021,D71.i_4
11398.61669,1560.71031,20500.0877,4674.79426,24984.44547,137.42645,31.65282,1.3488,542.03083,332444.56273,12.39431,15639.33223,689.37355,8351.59223,1.0,76.05573,956465.84514,6410.07824,4654.73286,D71.a_5,436.58612,104.96056,260.96758,1.0,967.58341,961.45007,1.0,1.0,9.11495,1440.55949,1.0,99.88267,4.88889,5.40774,1.0,2.68889,28.16667,3.44845,24.89802,D71.i_5
10815.45002,1360.71031,17654.64325,3376.34982,21967.44547,187.08451,26.76393,1.5232,531.75306,307553.67384,15.72764,13193.05446,652.54022,5699.09223,1.0,75.50017,755296.95625,5822.85602,5010.28842,D71.a_6,431.03057,52.68716,328.80091,1.0,721.75008,458.17263,1.0,1.0,9.55115,1330.1706,1.0,89.25812,18.11111,3.22583,1.0,1.26667,654.22222,3.75676,29.39802,D71.i_6
9338.39446,1385.87697,16817.14325,3552.34982,20136.94547,122.06338,17.4306,1.6976,457.14194,283372.17384,13.50542,12533.44334,623.15133,6207.75889,1.0,84.72239,736429.84514,5002.6338,4074.17731,D71.a_7,400.41946,102.07605,394.74535,1.0,670.52786,431.28341,1.0,1.65614,8.48954,1199.39283,1.0,28.28499,6.77778,1.98837,1.0,1.26667,31.16667,3.4024,29.3291,D71.i_7
10794.83891,1753.98808,25675.14325,6524.29426,23458.2788,306.52034,26.20838,9.39519,538.58639,268155.56273,12.17208,10979.72112,508.54022,10766.20334,3.44444,101.16684,1248546.12292,9265.96713,5867.51064,D71.a_8,332.91946,93.46713,212.57869,1.0,553.75008,338.72653,1.0,1.0,6.4978,1120.89283,1.0,38.0359,3.88889,5.50361,1.0,2.06667,14.44444,1.4004,25.94021,D71.i_8
10018.39446,1463.82142,24453.19881,6994.1276,20352.22325,253.45618,28.4306,1.872,485.58639,256618.11828,12.06097,10363.44334,548.20688,10618.59223,1.77778,91.55573,1387650.28958,8436.91157,5219.39953,D71.a_9,385.8639,125.18716,263.57869,1.0,578.86119,566.56085,1.0,1.0,6.80637,1020.89283,1.0,34.03409,3.0,7.58604,1.0,1.0,15.5,1.02302,26.48909,D71.i_9
21583.96863,3355.52131,27290.2454,10769.72659,16697.52692,112.98859,20.60274,394.93691,1428.40003,351953.00713,59.4101,1062.96497,549.54674,3206.96024,2.37779,2942.61996,251.00872,59.6162,7744.9401,D72.a_0,559.51945,19.07114,219.38052,1.0,287.65279,872.86337,1.0,1.23897,5.8387,1478.50819,1.0,19.90223,3.59195,1.69827,1.0,1.0,4.4715,1.0,16.55941,D72.i_0
18906.57974,3285.57686,25542.07874,13325.89325,15779.69359,93.14156,17.82496,343.43691,1329.01115,325423.39601,46.85454,928.74274,522.49118,2502.34913,1.65334,2857.9533,112.62503,46.5215,7358.05121,D72.a_1,614.29723,10.94169,238.60274,1.0,301.15279,116.88316,1.0,1.0,6.45489,1363.28597,1.0,27.40223,4.31417,1.85696,1.0,1.0,3.37392,1.12312,10.33719,D72.i_1
18245.41307,3029.57686,21682.63429,11898.28214,15218.02692,90.44749,15.82496,293.27025,1242.78892,310084.84046,50.07676,893.63163,426.65785,2561.01579,1.76223,2661.00885,64.13544,21.13261,7840.05121,D72.a_2,614.35278,12.60891,218.15829,1.0,314.2639,17.64496,1.0,1.23897,6.0206,1101.17486,1.0,27.62446,6.68667,1.47605,1.0,1.0,1.0,1.24624,11.22608,D72.i_2
18536.24641,3068.02131,24412.2454,12781.67103,16004.86025,75.4201,16.26941,289.77025,1306.62226,301936.2849,53.18787,885.02052,484.88007,2351.68246,1.54445,2758.17552,54.2014,36.9028,7244.66232,D72.a_3,693.40834,8.22057,167.49163,1.0,273.54168,13.53385,1.0,3.81128,3.95997,1033.1193,1.0,39.0373,17.11834,1.58716,1.0,1.0,1.0,1.0,23.61497,D72.i_3
16965.30196,2920.29909,21176.2454,11994.50436,14905.13803,153.47565,14.71385,310.88136,1107.12226,292586.39601,47.29898,822.24274,443.54674,2632.01579,1.54445,2350.50885,136.60506,34.46594,7722.27343,D72.a_4,600.79723,19.10836,203.38052,1.0,258.54168,113.45851,1.0,1.71692,5.35393,959.39708,1.0,18.06125,1.92528,1.43646,1.0,1.0,1.0,1.0,9.12093,D72.i_4
16615.07974,2726.13242,23670.57874,13164.11547,13886.08247,86.97489,18.49163,300.3258,1125.78892,283338.50713,44.52121,885.74274,431.93563,2662.23802,1.10889,2869.78663,92.7917,27.92679,7077.66232,D72.a_5,498.075,26.23781,168.71385,1.0,234.81945,102.49427,1.0,1.71692,6.21236,901.45527,1.0,18.49803,4.08556,3.26947,1.0,1.0,1.0,1.0,8.96022,D72.i_5
15975.91307,2832.35464,21618.96762,10959.55992,13801.19359,278.73897,11.17419,253.54802,1131.17781,274773.06268,40.96565,834.96497,419.2134,2741.29357,1.65334,2286.61996,44.57988,14.38764,7278.4401,D72.a_6,588.46389,20.38559,173.82496,1.0,272.65279,126.53385,1.0,1.47795,6.13171,849.50819,1.0,24.17236,4.69306,2.07119,1.0,1.0,1.79131,1.0,9.78163,D72.i_6
15111.35752,2887.02131,22089.68985,12320.67103,13377.08247,134.89118,13.26941,258.04802,1073.23337,266354.45157,37.96565,777.90941,413.93563,2408.62691,1.76223,2323.9533,3646.58509,15.49875,7107.99566,D72.a_7,519.74167,5.94169,158.26941,1.0,243.15279,48.84931,1.0,1.23897,4.40441,776.34153,1.0,17.37063,11.51362,3.30938,1.0,1.0,1.0,1.0,14.61497,D72.i_7
14166.52418,2767.52131,23140.7454,13279.55992,12681.91581,148.53045,13.15829,281.54802,1051.23337,257606.45157,32.63232,752.90941,352.2134,2386.96024,2.16,2537.67552,135.49395,33.20457,6862.66232,D72.a_8,592.35278,16.05281,183.49163,1.0,208.93057,55.38698,1.0,1.23897,8.19234,760.45264,1.0,20.57754,2.32056,1.26979,1.0,1.0,2.58261,1.0,12.11497,D72.i_8
14622.96863,2612.85464,21386.85651,10281.50436,12571.86025,267.75267,14.15829,254.77025,1042.73337,251638.06268,37.96565,748.52052,385.49118,2307.29357,1.65334,2578.06441,1913.7917,33.04548,6521.10677,D72.a_9,612.63056,27.90502,160.82496,1.0,205.81945,65.29375,1.0,1.0,5.61648,702.73041,1.0,15.80742,5.94167,3.22189,1.0,1.0,2.58261,1.0,12.40466,D72.i_9
43228.60491,11714.4967,38514.3753,8356.04587,76787.24818,412.17368,36.39421,15.5,4794.26363,1354970.28494,8.53897,404.97007,479.65026,5183.92556,1.64166,53.80902,525.83003,74.91039,10626.65477,D73.a_0,528.59348,48.43372,115.16767,1.0,1333.64989,1.91711,1.0,1.0,24.53803,2121.59605,1.0,3.05556,1.0,11.63294,1.0,1.55333,2.36208,1.0,15.5344,D73.i_0
37758.27158,11139.38559,36004.81974,6988.71253,86082.41485,422.0326,49.39421,18.05556,4519.20807,1288550.00717,12.65009,435.8034,448.76137,4923.09223,1.0,67.0868,534.60781,69.68817,11896.54366,D73.a_1,498.37126,35.42702,41.501,1.0,1377.53878,2.83421,1.0,1.0,17.98247,1570.98494,1.0,1.83333,1.27378,14.40642,1.0,1.63334,1.0,1.0,14.95655,D73.i_1
36904.04936,10266.05226,35225.76419,7468.76809,84992.41485,234.36857,50.83865,22.61111,4277.43029,1230121.45161,9.94976,393.08118,466.37248,4676.87,1.0,65.69791,577.10781,89.91039,11126.59922,D73.a_2,432.48237,43.65058,28.27878,1.0,1083.59434,2.83421,1.0,1.0,11.81873,848.46192,1.0,1.0,1.27378,7.54299,1.0,1.10667,1.41763,1.0,6.67839,D73.i_2
31838.32714,9640.83003,34028.65308,9853.71253,71479.80374,77.56169,54.39421,21.5,4072.48585,1164187.28494,9.61643,348.69229,401.03915,4318.48111,1.0,62.47569,517.71892,87.24373,10673.54366,D73.a_3,1856.26015,74.87012,52.501,1.0,6319.761,101.00263,1.0,1.0,9.63159,316.70041,1.0,105.61111,64.01558,5.92758,1.0,1.16,2.67052,1.0,5.74529,D73.i_3
31352.77158,8879.10781,34712.15308,9691.82364,73397.52596,253.20014,64.17199,17.94444,4239.70807,1131031.00717,8.12819,409.47007,408.70582,4421.14778,1.64166,80.80902,536.60781,85.74373,11783.71033,D73.a_4,1579.76015,35.26035,42.5441,1.0,4722.42767,4.66842,1.0,1.0,10.76025,75.11509,1.0,49.94444,11.10312,1.58135,1.0,1.05333,1.41763,1.0,2.5669,D73.i_4
29200.32714,8650.94114,32261.59752,8273.43475,64917.24818,50.14371,51.94976,22.55556,3842.26363,1096686.72939,9.39421,367.35895,360.53915,4522.59223,1.0,68.86458,541.44114,89.74373,11402.32144,D73.a_5,2117.98237,51.7048,15.89562,1.0,6897.37212,184.14196,1.0,1.0,4.65498,1.0,1.0,21.77778,1.27378,1.68386,1.0,1.58,1.41763,1.0,1.0,D73.i_5
31627.88269,8778.10781,29848.09752,7412.8792,71732.41485,138.08991,33.94976,14.61111,3950.70807,1064826.45161,9.79485,307.13673,434.98359,4433.81445,1.0,59.30902,448.55226,96.79928,8899.09922,D73.a_6,665.92681,20.10173,1.0,1.0,2422.64989,1.0,1.0,1.0,1.19299,1.0,1.0,2.94444,1.0,1.0,1.0,1.18667,1.0,1.0,1.0,D73.i_6
26464.04936,7709.44114,29444.65308,6784.54587,66458.24818,112.89327,47.72754,6.66667,3534.26363,1045548.28494,6.79485,325.19229,385.70582,3965.37,1.0,59.69791,460.27448,68.07706,9679.93255,D73.a_7,331.48237,1.0,1.0,1.0,1162.42767,3.75132,1.0,1.0,1.01754,1.0,1.0,1.33333,1.0,1.0,1.0,1.08,1.0,1.0,1.0,D73.i_7
28957.10491,8366.05226,27575.70863,7831.3792,70176.97041,201.58991,39.17199,18.0,3694.65252,1016383.17383,7.68374,288.19229,369.15026,4001.14778,1.0,49.30902,515.88559,69.35484,9996.93255,D73.a_8,3267.14903,45.47989,23.69831,1.0,9644.64989,150.33596,1.0,1.0,6.92984,1.0,1.0,45.88889,1.82134,3.93188,1.0,2.13334,1.0,1.0,1.0,D73.i_8
28589.04936,7158.33003,31252.54197,8622.3792,58005.91485,134.42149,56.17199,11.0,3436.70807,979869.61828,7.75105,342.52562,325.59471,3855.48111,1.0,55.19791,463.38559,70.29928,10908.59922,D73.a_9,2044.20459,82.92568,38.61211,1.0,7456.261,6.94532,1.0,1.0,5.96493,1.0,1.0,8.5,8.02357,2.39749,1.0,1.16,2.25289,1.0,1.0,D73.i_9
11953.13546,3208.55226,105010.13364,820.98263,34009.50581,530.13999,43.50193,195.62531,1360.68068,256693.75135,34.96565,464.0607,173.05556,1433.86497,1.0,734.4533,8770.76428,41.88954,23856.16258,D74.a_0,843.49971,23.79889,212.88779,1.0,2393.8624,15.52212,1.00319,1.0,12.40222,1256.50562,1.0,11.35444,1.77663,3.11111,1.0,1.3328,69.10673,1.0,92.41727,D74.i_0
11318.24657,2736.33003,106062.63364,779.70485,27486.06136,1144.30666,52.05748,168.73642,1290.73624,242683.1958,27.74343,554.11626,150.05556,1381.14275,1.0,730.84219,8361.20872,27.5562,23489.99592,D74.a_1,885.49971,40.07667,192.77668,1.0,2585.52907,83.48869,1.0,1.0,10.51333,1104.22784,1.0,15.63222,1.77663,4.83333,1.0,1.26624,1.0,1.0,80.19504,D74.i_1
10768.13546,2909.44114,91538.02253,560.53819,25946.33914,924.36221,48.39082,101.79198,1145.7918,231814.36246,23.52121,623.44959,142.38889,1367.25386,1.0,641.61996,7610.87539,30.16731,21845.21814,D74.a_2,756.33304,26.1947,195.66557,1.0,2212.97351,59.4628,1.0016,1.0,6.54975,1031.00562,1.0,16.18778,1.33284,2.83333,1.0,1.0,1.88451,1.0,86.63949,D74.i_2
9480.02435,2526.05226,93367.8003,614.70485,23180.50581,809.41777,48.72415,151.12531,1014.7918,219265.86246,19.63232,507.83848,152.44444,1247.75386,1.0,726.67552,9017.26428,41.0562,21693.60703,D74.a_3,752.66637,19.10436,178.11002,1.0,2078.91796,21.68879,1.0,1.0,5.88309,957.72784,1.0,6.42497,1.33284,3.83333,1.0,1.06656,1.0,1.0,80.97282,D74.i_3
10387.35769,2696.83003,81070.96697,658.53819,23078.56136,558.69555,49.27971,115.84753,1135.2918,206307.91802,18.18787,503.89404,139.11111,1250.6983,1.0,544.39774,6408.65317,44.10239,23657.66258,D74.a_4,743.22193,27.17393,186.77668,1.0,2099.14018,47.12947,1.0,1.0,8.95012,900.00562,1.0,10.1232,2.22157,5.88889,1.0,1.64412,35.05336,1.0,72.63949,D74.i_4
10035.52435,2402.55226,80405.52253,423.76041,21034.11692,478.80666,35.05748,179.18087,1177.95846,199562.25135,20.63232,402.78292,179.5,1139.53164,1.0,480.61996,3565.87539,26.00065,24313.16258,D74.a_5,681.22193,30.22949,188.99891,1.0,1901.8624,16.1629,1.0,1.04584,6.9942,857.72784,1.0,12.23431,1.33284,3.77778,1.0,1.0,1.0,1.0,97.30616,D74.i_5
9751.57991,2365.21892,78309.85586,485.59374,21013.56136,530.19555,44.50193,158.23642,1085.7918,194066.80691,18.52121,463.89404,172.72222,1254.14275,1.0,559.9533,4749.93094,46.77843,22924.10703,D74.a_6,655.99971,29.38231,207.99891,1.0,1780.80684,13.46657,1.0,1.0,7.55741,821.2834,1.0,10.39196,1.22189,3.38889,1.0,1.13312,1.0,1.0,65.69504,D74.i_6
9157.69102,2352.05226,78012.41141,521.70485,20479.83914,869.08443,50.16859,111.18087,979.06957,188765.02913,19.85454,694.89404,146.66667,1229.30941,1.0,621.00885,5497.87539,140.72287,18769.55147,D74.a_7,806.55526,35.13915,195.99891,1.0,2432.30684,218.27024,1.0,1.0,8.83901,768.95007,1.0,7.44752,1.72173,4.27778,1.0,1.06656,1.44225,1.0,81.36171,D74.i_7
8849.63546,2404.66337,82410.74475,426.31597,16729.28358,452.19555,36.05748,179.40309,1014.56957,182547.86246,17.18787,552.83848,154.72222,1149.86497,1.0,478.28663,3778.87539,121.11176,21427.05147,D74.a_8,691.94415,15.31274,190.44335,1.0,1990.19573,53.93691,1.0,1.0,5.53444,763.67229,1.0,5.08712,1.44379,1.94444,1.0,1.0,1.0,1.0,89.13949,D74.i_8
9293.02435,2533.05226,84372.13364,444.26041,20742.83914,723.36221,38.27971,168.68087,1048.23624,177730.80691,20.85454,660.50515,146.38889,1254.36497,1.0,536.23108,6324.43094,123.16107,21953.10703,D74.a_9,691.11082,45.02111,198.33224,1.0,1809.08462,137.08849,1.0,1.04584,7.11296,732.2834,1.0,5.77183,1.94363,3.83333,1.0,1.0,2.32676,1.0,69.08393,D74.i_9
29617.96785,3531.48552,83921.52728,869.51156,57687.8093,869.38948,44.77778,462.97267,3424.78367,470717.72904,108.6885,457.64373,236.16372,904.99994,1.0,949.09152,1955.63059,53.11099,16691.2764,D75.a_0,792.41482,58.26226,361.08778,1.0,1651.81867,368.92294,1.0,2.70903,37.04358,4963.19836,1.02222,24.09796,17.35556,10.38889,1.0,6.20995,22.32993,1.0,125.91729,D75.i_0
30709.30119,3612.42997,96450.02728,836.01156,58155.08708,885.77837,47.44444,496.91711,3440.00589,451494.3957,92.6885,503.19928,204.33038,827.66661,1.32667,870.09152,1342.05641,94.57922,15954.44306,D75.a_1,733.97038,48.40596,311.36556,1.0,1544.98534,209.80909,1.0,4.68924,37.44615,4234.1428,1.13333,26.8772,15.71111,7.66667,1.0,4.17911,4.5359,1.0,125.91729,D75.i_1
25939.96785,3246.15219,83036.19395,903.12267,51693.8093,947.44503,37.33333,463.08378,2899.67256,435732.22904,105.24405,422.47706,191.83038,830.83328,1.32667,849.48041,637.33418,85.11099,16352.88751,D75.a_2,723.35927,46.723,308.58778,1.0,1516.26312,389.18311,1.0,5.58472,44.2658,3924.6428,1.01111,27.65352,21.03333,10.83333,1.0,6.97231,14.19375,1.0,126.25062,D75.i_2
21723.24563,2834.31885,77868.08284,954.40045,48129.19819,982.16726,32.66667,405.806,2566.06144,411267.3957,77.13294,436.75484,184.05261,640.94439,1.21778,927.8693,1342.76017,64.61099,14531.49862,D75.a_3,628.41482,53.28817,294.97667,1.0,1252.87423,357.69798,1.0,1.0,32.24486,3452.80947,1.01111,15.26609,10.04444,4.66667,1.0,3.66982,11.01083,1.0,115.25062,D75.i_3
25137.74563,3181.42997,82976.1384,755.95601,51254.8093,787.27837,31.66667,521.52822,2901.33922,393051.95126,92.6885,456.4215,206.10816,696.27772,1.54445,808.03597,731.48222,61.2102,16932.94306,D75.a_4,742.24816,66.2067,317.6989,1.0,1477.04089,346.36739,1.0,3.79375,46.82136,3138.25391,1.51111,20.15425,15.46667,8.38889,1.0,6.6544,20.44646,1.0,119.36173,D75.i_4
24955.19008,2986.04108,69038.36062,632.12267,52120.25374,760.50059,35.33333,452.52822,2889.67256,377043.34015,86.24405,458.9215,157.38594,750.16661,1.21778,910.53597,714.9082,17.38484,16014.38751,D75.a_5,634.52593,48.66744,313.31001,1.0,1321.31867,249.75627,1.0,3.16945,35.37691,2744.53169,1.28889,18.93276,11.12222,6.77778,1.0,5.19453,67.36042,1.0,91.47285,D75.i_5
24014.85674,3065.04108,74000.02728,575.23379,47033.86485,602.44503,36.11111,484.25045,2669.83922,356549.28459,70.35516,444.47706,158.60816,745.44439,1.0,910.70263,172.00068,31.37295,12539.94306,D75.a_6,688.52593,62.31781,316.36556,1.0,1334.04089,1123.20072,1.0,2.08472,44.93247,2450.92058,1.03333,27.09869,17.57778,12.66667,1.0,8.81493,232.34618,1.0,102.86173,D75.i_6
20847.46785,2952.65219,80648.74951,707.01156,42335.08708,785.27837,36.0,443.08378,2485.06144,343057.22904,65.35516,415.47706,167.9415,610.5555,1.32667,1083.25819,517.59316,71.38877,13264.88751,D75.a_7,787.91482,51.46151,326.81001,1.0,1460.20756,447.44055,1.0,2.3559,34.59914,2257.08725,1.26667,22.10016,8.57778,5.94444,1.0,4.43218,16.9607,1.0,114.80618,D75.i_7
24313.74563,3103.31885,75034.52728,487.73379,44343.42041,756.55614,35.55556,382.25045,2593.17256,333803.00682,64.13294,415.14373,167.21927,701.88883,1.10889,900.31374,417.64871,23.65072,13146.44306,D75.a_8,611.80371,23.01707,393.36556,1.0,1281.92978,159.072,1.0,1.54236,35.93247,2194.19836,1.01111,25.09943,11.36667,5.83333,1.0,7.92604,99.09347,1.0,111.19507,D75.i_8
22732.74563,2889.04108,74951.19395,611.45601,43568.58708,738.05614,36.66667,420.806,2682.117,325818.84015,78.02183,436.81039,180.38594,602.33328,1.21778,947.14708,678.70444,44.19831,13834.16529,D75.a_9,662.74816,40.09559,335.86556,1.0,1405.87423,228.96089,1.0,4.41806,35.82136,2078.80947,1.0,19.76536,13.37778,4.5,1.0,5.068,84.24389,1.0,92.5284,D75.i_9
19899.49225,7314.21507,31761.6364,883.69902,34514.24889,341.11111,24.57739,36.05307,4005.53577,326129.50223,10.24796,397.22112,404.01597,1488.91595,1.0,405.64914,1329.80759,115.51222,11848.19453,D76.a_0,487.77545,70.77778,543.85783,20.84739,506.60259,273.41784,1.0,1.64444,67.44366,2550.87759,1.0,20.18001,8.34695,29.64778,1.0,5.28133,153.14078,1.0,100.15753,D76.i_0
18353.60336,7326.60396,30252.08085,855.25457,31691.02667,314.33333,22.6885,64.10863,3792.3691,309549.72446,9.23938,402.27668,379.2382,1475.86039,1.0,424.3158,1424.08537,128.06778,11401.47231,D76.a_1,476.60878,150.5,687.69116,8.01406,516.49148,157.982,1.0,1.0,91.777,2372.65536,1.0,21.0373,11.77862,24.42556,1.0,23.51222,22.75645,1.0,105.60198,D76.i_1
17089.21448,7592.54841,28578.96974,677.36568,30109.02667,269.16667,19.13294,61.41797,3640.64688,297235.55779,9.63256,345.83223,400.34931,1400.80484,1.0,383.87136,2958.86315,112.40111,9928.47231,D76.a_2,547.66433,79.77778,489.46894,14.91701,595.26925,36.05477,1.0,1.64444,76.99922,2277.93314,1.0,13.89458,8.5464,14.92556,1.0,1.0,28.19405,1.0,89.37975,D76.i_2
16993.82559,7078.15952,29142.41418,795.97679,29116.13778,349.33333,16.6885,67.12379,3598.53577,285726.22446,8.63542,367.05446,366.79375,1443.19373,1.0,386.37136,1756.47426,100.40111,10005.25009,D76.a_3,477.10878,147.5,596.19116,7.06259,819.99148,46.65728,1.28782,1.0,94.11033,2189.15536,1.0,12.0373,6.78501,11.92556,1.0,1.20489,10.34931,1.0,83.54642,D76.i_3
17062.71448,6550.15952,28715.08085,857.64346,29308.19333,355.55556,17.13294,51.21974,3436.3691,279480.94668,8.13685,346.94334,379.51597,1358.52706,1.0,379.87136,1247.19648,113.17889,10885.47231,D76.a_4,455.94211,102.05556,515.19116,1.89592,535.88037,215.10172,1.0,1.0,82.22144,2136.71092,1.0,4.35532,8.86334,18.21778,1.0,1.20489,17.85615,1.0,84.76864,D76.i_4
17134.38114,6669.9373,28503.08085,736.64346,27764.91556,293.83333,15.24405,79.25889,3418.81355,272695.55779,7.91463,337.11001,369.29375,1292.74928,1.0,362.8158,1974.08537,111.67889,9318.75009,D76.a_5,522.44211,60.77778,574.08005,2.79184,542.93592,61.04616,1.3079,1.64444,86.33255,2079.04425,1.0,12.92618,9.83418,17.53667,1.0,1.40977,8.41627,1.0,80.21309,D76.i_5
15724.71448,6435.71507,29101.91418,646.19902,28214.91556,468.61111,20.91072,51.20333,3225.42466,264556.6689,6.24796,351.22112,339.12709,1316.02706,1.0,352.26025,1025.80759,82.56778,10023.75009,D76.a_6,464.66433,106.0,479.91338,1.0,804.32481,164.09311,1.17671,1.64444,92.66588,2000.26647,1.0,6.33137,6.45168,14.34945,1.0,1.0,32.363,1.0,90.76864,D76.i_6
16078.65892,6258.10396,29292.52529,1043.47679,28079.19333,240.38889,19.6885,68.2349,3217.98022,259609.89112,10.02574,358.77668,367.51597,1279.80484,1.0,366.14914,3548.08537,125.29,10497.02786,D76.a_7,522.49767,203.05556,539.30227,1.0,595.26925,82.5759,1.0656,2.28889,81.22144,1974.04425,1.0,12.39458,5.19029,28.88445,1.0,1.40977,29.53195,1.0,76.10198,D76.i_7
14968.65892,6074.65952,26857.1364,687.58791,27079.58222,406.88889,19.6885,55.06065,2997.3691,253975.72446,7.35907,315.94334,325.51597,1223.52706,1.0,359.09358,970.97426,106.67889,9115.30564,D76.a_8,494.71989,76.88889,565.24672,1.89592,552.26925,171.93505,1.83802,2.93333,75.88811,1906.15536,1.0,12.30742,7.23946,18.09223,1.0,20.974,14.79832,1.0,94.65753,D76.i_8
15176.65892,5404.54841,26520.1364,904.19902,27104.41556,298.05556,13.79961,74.2349,2915.8691,246992.1689,7.80065,319.22112,309.46042,1199.41595,1.0,299.87136,2143.47426,81.34556,9008.91675,D76.a_9,465.71989,260.72222,442.80227,1.0,586.7137,38.75978,1.0,3.57778,73.88811,1848.59981,1.0,5.07754,12.07918,13.48111,1.0,1.30733,59.63621,1.0,66.21309,D76.i_9
40439.05556,4030.99285,58941.64955,5556.99625,40550.34954,318.13274,23.18787,25.37504,2029.28377,501654.78242,19.11568,1020.13673,228.71927,1435.48111,1.64166,1520.00885,425.02222,14.65143,4322.23347,D77.a_0,695.6396,33.50078,267.15619,9.50929,963.40832,82.39495,1.0,1.27118,17.49969,2266.60749,1.0,11.7583,1.25692,1.22835,1.0,1.88889,1.67351,1.0,12.83333,D77.i_0
38731.66667,3695.88174,57477.26066,5278.10737,39541.46066,299.74385,21.74343,20.62156,1929.95044,483033.00464,16.44901,981.35895,238.21927,1346.48111,1.0,1402.11996,577.8,10.59588,4176.12236,D77.a_1,784.25071,25.07263,247.71175,4.28706,1334.51943,110.52633,1.0,1.27118,19.38858,2140.60749,1.0,9.94301,1.25692,1.15223,1.10889,2.33333,1.0,1.0,40.61111,D77.i_1
36724.11111,3519.77063,56679.14955,4790.38514,37390.51621,242.29941,18.85454,6.36114,1838.11711,460775.50464,14.89345,978.13673,241.83038,1240.03667,1.0,1332.17552,496.63333,6.04032,3874.40014,D77.a_2,735.02849,33.81781,297.60064,1.0,1161.96387,26.54582,1.04784,1.0,17.05525,2051.7186,1.0,6.26732,1.25692,7.55862,1.10889,1.44444,4.01141,1.0,12.55556,D77.i_2
36416.11111,3820.4373,59689.98288,4723.10737,35794.18288,287.52163,20.74343,16.86114,1823.22822,443355.06019,13.89345,934.58118,241.05261,1232.31445,1.0,1397.34219,375.68889,5.05319,3769.78903,D77.a_3,817.30627,29.44522,261.93397,2.64353,1357.35276,38.99553,1.0,1.54236,15.6108,1957.32972,1.11111,8.99856,1.0,1.11417,1.0,1.88889,1.0,1.0,10.05556,D77.i_3
34919.88889,3406.54841,57284.76066,4338.38514,34146.34954,273.13274,17.63232,25.28823,1745.06155,432451.67131,18.67123,960.08118,208.83038,1195.81445,1.0,1276.89774,308.13333,4.51694,3686.45569,D77.a_4,825.52849,27.01707,327.2673,6.07641,1315.74165,98.72302,1.04784,1.54236,18.6108,1847.16305,1.0,12.28987,1.70137,5.70779,1.0,1.0,17.45129,1.0,15.22222,D77.i_4
34097.77778,3322.54841,54144.26066,4113.82959,33441.79399,238.1883,19.96565,14.78823,1703.506,422654.94908,15.44901,882.41451,240.60816,1192.64778,1.0,1245.11996,307.18889,8.52101,3589.28903,D77.a_5,872.58404,20.32744,278.93397,13.85419,1529.2972,21.78831,1.0,1.0,16.05525,1747.7186,1.0,7.14719,1.0,13.18723,1.0,4.55556,43.78006,1.0,8.94444,D77.i_5
33010.27778,3312.38174,54271.20511,4144.99625,32881.51621,225.85496,16.96565,16.04171,1654.95044,409331.00464,12.56012,883.91451,209.16372,1123.53667,1.0,1178.00885,344.85556,6.87365,3321.62236,D77.a_6,570.47293,14.1541,251.37841,8.68752,840.85276,72.64719,1.04784,1.0,16.27747,1679.7186,1.05556,6.98954,1.12846,1.11417,1.0,2.77778,1.2245,1.0,9.77778,D77.i_6
29790.33333,2898.60396,51026.48288,3806.82959,31655.57177,197.07719,15.29898,9.94795,1485.45044,394224.00464,10.22679,808.13673,179.99705,1052.75889,1.0,1147.17552,270.68889,1.98069,3336.12236,D77.a_7,797.30627,28.58225,427.04508,4.43288,1325.7972,46.57136,1.02392,1.54236,20.27747,1616.38527,1.05556,8.0451,1.25692,11.65835,1.10889,9.55556,29.50913,1.0,14.88889,D77.i_7
28888.38889,2647.88174,52629.92733,3561.4407,30493.23843,180.63274,15.07676,6.79518,1435.78377,380068.39353,11.89345,814.97007,175.66372,1029.42556,1.0,1099.11996,285.68889,5.34384,3178.73347,D77.a_8,668.86182,16.89929,264.37841,4.43288,1037.18609,28.07136,1.04784,1.27118,15.16636,1600.66305,1.05556,6.72529,1.25692,9.70779,1.21778,1.88889,11.28234,1.0,12.33333,D77.i_8
27576.38889,2503.27063,49282.31622,3388.38514,29492.84954,264.85496,15.4101,16.12851,1308.56155,363344.39353,8.00456,735.91451,175.9415,963.70334,1.0,1057.17552,239.07778,3.35671,3085.73347,D77.a_9,878.75071,17.58892,287.60064,1.0,1425.63054,23.0811,1.0,1.27118,18.83303,1522.2186,1.05556,9.3319,1.70137,8.24891,1.0,1.0,5.67579,1.0,14.94444,D77.i_9
8026.68622,1552.01735,21447.23617,7215.8677,17789.51727,1611.78951,18.92556,37.92877,390.65006,164361.93255,18.58261,5291.37778,506.98796,13426.15516,1.0,1663.05556,2187707.54875,565.66667,5570.25521,D78.a_0,226.64731,10.90098,1.0,1.0,130.35084,128.48889,1.0,1.0,4.43941,1149.06017,1.0,73.5,16.62269,1.0,1.0,1.71111,1.0,1.0,8.64404,D78.i_0
7044.464,1745.90624,20470.4584,6642.31215,15770.79505,1221.01174,19.70334,34.54499,363.20562,153137.54366,17.80484,4726.76667,427.59907,12911.54405,2.55556,1065.77778,1937758.82653,455.0,5085.19966,D78.a_1,232.98065,5.21311,1.0,1.0,153.46195,84.61111,1.0,1.0,4.60716,1081.00462,1.0,65.66667,8.07913,1.0,1.0,1.0,1.0,1.0,4.53745,D78.i_1
7230.79733,1817.85069,19699.79173,7022.03437,16781.29505,1516.95618,15.48111,24.68643,360.37228,149239.04366,18.91595,4663.98889,413.21018,13246.4885,1.77778,896.72222,2047161.10431,476.72222,5035.03299,D78.a_2,201.31398,35.8626,2.46479,1.0,111.46195,32.73333,1.0,1.0,2.88529,1023.22684,1.0,71.44444,4.8689,1.0,1.0,1.71111,1.0,5.18961,9.14253,D78.i_2
7062.68622,1503.40624,19203.06951,7502.92326,16385.51727,748.23396,16.48111,36.3531,354.65006,141257.65478,16.13817,4453.71111,378.32129,12280.04405,1.0,990.05556,2040348.43764,456.16667,5179.86632,D78.a_3,206.20287,15.43533,1.0,1.0,122.35084,52.13333,1.0,1.0,4.71755,986.22684,1.0,63.55556,17.78936,1.0,1.0,1.0,1.0,1.0,26.70563,D78.i_3
7759.13067,1978.57291,18653.06951,6926.53437,18680.18394,1029.95618,20.48111,24.57021,345.87228,134419.54366,18.24928,4501.76667,388.32129,12233.37739,1.0,597.22222,1933924.15986,446.61111,4684.08854,D78.a_4,240.98065,6.47775,3.92959,1.0,168.62861,50.65556,1.0,1.0,2.32974,949.94906,1.0,72.11111,3.08712,1.0,1.0,1.0,1.0,5.65699,75.25062,D78.i_4
6961.85289,1520.4618,18791.23617,6443.64548,17466.01727,1027.95618,21.14778,12.78732,337.03895,130812.04366,13.24928,5208.87778,384.76574,11110.65516,1.0,1061.66667,1933044.88209,587.77778,4572.75521,D78.a_5,201.5362,8.37575,1.0,1.0,104.57306,23.63333,1.0,1.0,3.21935,913.06017,1.0,75.05556,9.2458,1.0,1.0,1.0,1.0,1.0,5.64856,D78.i_5
6801.57511,1436.68402,18078.18062,6391.97881,15871.29505,873.78951,14.59223,39.09543,324.31673,126266.877,10.4715,4450.26667,329.98796,10637.76627,1.0,711.55556,1802606.10431,562.94444,4396.42188,D78.a_6,244.31398,21.38381,1.0,1.0,186.73972,67.4,1.0,1.0,1.72043,881.72684,1.0,70.0,1.992,1.0,1.0,2.68889,1.0,5.99033,12.42031,D78.i_6
7114.24178,1598.35069,19173.84729,7637.64548,17713.29505,1338.06729,16.37,27.25222,318.31673,123248.98811,13.24928,4330.32222,329.76574,12509.15516,1.0,609.16667,1893458.10431,663.88889,4788.25521,D78.a_7,212.09176,2.58079,1.0,1.0,151.68417,46.54444,1.0,1.0,3.82866,808.50462,1.0,51.77778,2.43645,1.0,1.0,1.26667,1.0,1.0,53.19808,D78.i_7
6670.464,1464.90624,18310.90284,6311.8677,16476.18394,966.1784,13.14778,33.37832,308.87228,119926.26589,13.4715,5051.82222,315.82129,11552.9885,1.0,673.94444,1863498.54875,709.77778,4215.08854,D78.a_8,196.5362,29.49492,1.0,1.0,118.92199,95.24444,1.0,1.0,4.32974,792.61573,1.0,60.83333,8.95203,1.0,1.0,1.53333,1.0,2.18961,4.87229,D78.i_8
6793.85289,1530.62846,19009.06951,7084.3677,18707.40616,1443.01174,19.81445,42.07021,315.53895,116825.59922,12.80484,4790.76667,316.76574,11582.71072,1.0,826.94444,1935507.32653,662.33333,4923.86632,D78.a_9,235.09176,16.90905,1.0,1.0,156.90639,55.06667,1.0,1.0,1.66523,750.67128,1.0,56.5,1.0,1.0,1.0,1.53333,1.0,7.15699,6.53745,D78.i_9
15157.21148,1511.10781,17413.56713,1504.30945,28845.68396,65.51407,25.39431,19.89206,553.96347,477814.81564,12.78234,11331.3106,94.97897,1691.68504,1.0,570.28843,317621.74353,7837.81489,11404.30564,D79.a_0,334.34143,4.18292,190.66399,1.0,363.27188,34.61637,1.0,1.77896,3.7148,2316.44117,1.0,135.66557,1.0,1.26333,1.0,1.0,1.2245,1.0,36.51378,D79.i_0
13825.32259,1388.94114,17169.51157,1380.53167,27057.23952,265.56681,23.94986,13.36049,497.63014,434312.53786,14.11568,10517.14393,89.25675,2030.8517,1.0,515.17731,242156.52131,7351.09266,9997.75009,D79.a_1,328.45254,5.12195,209.38621,1.0,374.10522,33.52853,1.0,1.0,1.0,1991.71895,1.0,109.05446,1.77778,3.14389,1.0,1.06656,7.78691,1.0,37.84711,D79.i_1
13434.71148,1359.71892,17383.67824,1207.97611,25804.46174,74.64276,24.50542,22.68941,449.96347,398213.03786,13.11568,9297.64393,91.75675,1835.51837,1.0,441.34398,202558.52131,8437.48155,9941.25009,D79.a_2,293.84143,2.06097,191.88621,1.0,307.71633,12.12538,1.0,1.0,2.25151,1876.16339,1.0,94.94334,1.0,1.95056,1.0,1.06656,14.1248,1.0,32.51378,D79.i_2
12779.10037,1230.38559,16449.90046,1285.03167,25066.68396,62.30943,18.61653,5.66226,451.07458,378724.70453,11.44901,9474.86616,69.8123,1988.46282,1.0,438.28843,260376.52131,8708.87044,8873.19453,D79.a_3,304.67476,8.30486,185.55287,5.18647,328.9941,83.83859,1.0,1.77896,2.34376,1792.33006,1.0,93.83223,1.0,1.67278,1.0,1.19968,112.51826,1.0,38.236,D79.i_3
11179.04481,1142.38559,16410.28935,1326.30945,21531.07285,81.47328,20.94986,4.03157,421.7968,346636.26009,10.56012,8465.14393,70.20119,1633.07393,1.0,393.17731,228100.79909,8704.20378,9500.30564,D79.a_4,324.78587,6.24389,181.7751,1.0,353.9941,122.70946,1.0,1.0,2.78821,1719.21895,1.0,115.4989,1.0,1.68722,1.0,1.06656,32.29603,1.0,45.12489,D79.i_4
10599.60037,1227.27448,18216.51157,1548.25389,19681.96174,92.23629,25.72764,21.29294,464.74125,329709.76009,5.81786,6817.08838,80.14564,2194.79615,1.0,413.5662,261396.07686,7211.09266,13619.47231,D79.a_5,305.45254,4.7134,187.99732,1.0,313.27188,60.31532,1.0,1.0,1.43602,1661.33006,1.0,87.55446,1.0,1.26333,1.0,1.0,1.89802,1.0,45.18044,D79.i_5
10180.98926,1395.88559,18393.67824,1667.03167,18899.07285,67.08439,25.61653,11.26137,445.85236,320344.20453,5.25122,6677.03282,78.75675,2333.8517,1.0,391.95509,270862.9102,7085.426,13151.8612,D79.a_6,301.67476,8.23847,178.10843,1.0,313.71633,56.13964,1.0,1.0,1.81548,1593.05228,1.0,89.72112,1.33333,1.99167,1.0,1.0,2.34703,1.0,41.29156,D79.i_6
10359.82259,1380.83003,18234.17824,1865.53167,18825.40618,58.44093,23.61653,21.75696,452.85236,306037.76009,7.05344,6757.69949,77.64564,2314.3517,1.0,432.17731,284249.74353,6489.48155,13062.97231,D79.a_7,293.0081,5.12195,190.21954,1.0,331.93855,36.79204,1.0,1.0,1.37104,1514.66339,1.0,91.9989,1.0,1.90944,1.0,1.39936,139.35387,1.0,42.79156,D79.i_7
9735.76703,1349.60781,17119.90046,1517.47611,18244.90618,34.85935,22.83875,18.02716,427.51902,294656.76009,6.85566,6236.25505,82.03453,2196.40726,1.0,360.17731,274993.18797,7882.426,12726.80564,D79.a_8,291.89698,3.65243,174.33065,7.79758,297.43855,1.0,1.0,1.0,2.49258,1498.55228,1.0,88.11001,1.0,1.395,1.0,1.0,135.84703,1.0,45.79156,D79.i_8
9655.37814,1416.16337,18086.73379,1468.14278,17164.73952,62.97328,27.94986,17.55873,461.24125,285030.09342,7.25122,5943.36616,82.20119,1983.07393,1.0,391.5662,307202.4102,5482.53711,15339.97231,D79.a_9,313.67476,23.40514,190.10843,1.0,360.93855,10.91742,1.0,1.77896,1.7505,1430.38561,1.0,87.66557,1.33333,2.04722,1.0,1.06656,19.56468,1.0,50.06933,D79.i_9
36201.80307,5902.57686,7809.10894,1583.10547,109252.61753,463.89711,17.06232,3.526,856.20791,408149.54087,40.36039,604.0794,35.31693,535.83333,1.0,1564.14742,821.2067,273.85376,4343.89877,D8.a_0,413.89333,25.33229,57.52299,1.0,998.85749,12.66948,1.0,1.0,5.80462,3386.44524,1.0,24.32001,1.33284,2.27778,1.0,3.23779,1.0,1.0,21.02872,D8.i_0
34896.1364,5765.63242,7784.33116,1415.54991,107971.50641,303.50822,19.61787,5.85933,799.87458,388043.81865,33.58261,608.85718,29.03915,501.66667,1.0,1410.98076,607.48448,275.63153,4141.39877,D8.a_1,490.28222,58.35349,65.18966,1.0,1285.24638,3.29817,1.0,1.0,10.84059,3182.22302,1.0,35.4989,2.44346,2.33333,1.0,3.15778,2.88889,1.0,37.01842,D8.i_1
31702.08085,5494.18797,7720.33116,1415.4388,93666.67308,363.11933,24.39565,1.0,722.98569,355514.98532,32.91595,571.96829,31.53915,509.66667,1.0,1410.59187,523.04004,299.68709,4157.56544,D8.a_2,495.33777,51.98581,76.85632,1.0,1213.35749,40.29817,1.0,1.0,11.61836,3024.55635,1.0,39.88779,1.61078,2.83333,1.0,5.49112,2.88889,1.0,41.90731,D8.i_2
29113.74752,5143.68797,6951.66449,1080.10547,90348.3953,257.86796,20.72899,2.08257,684.48569,340033.04087,29.24928,2885.85718,84.81693,464.83333,1.32667,2398.75853,495.31781,535.07598,4177.34322,D8.a_3,528.22666,33.86664,80.96744,1.0,1294.74638,8.80099,1.0,1.0,12.72947,2904.16746,1.0,36.61001,1.61078,4.33333,1.0,3.24001,3.83333,1.0,39.90731,D8.i_3
29130.69196,5101.85464,7257.72005,1154.99436,90544.50641,265.73925,22.72899,1.36086,690.0968,327695.2631,32.13817,1655.02385,60.59471,450.0,1.0,2089.9252,464.87337,397.35376,3929.50989,D8.a_4,496.39333,26.38784,78.30077,1.0,1247.9686,42.35373,1.0,1.0,9.77456,2841.0008,1.0,31.98668,1.66568,3.61111,1.0,6.12446,1.0,1.0,45.96286,D8.i_4
27978.19196,4640.96575,7198.05338,1067.04991,85812.28419,186.45267,19.28454,6.74924,668.43014,313888.37421,26.02706,1023.69052,56.59471,421.16667,1.21778,1745.81409,740.04004,307.90931,3680.73211,D8.a_5,440.39333,51.57571,70.6341,1.0,1029.85749,20.22785,1.0,1.41891,12.23404,2767.72302,1.0,28.43112,1.66568,2.27778,1.0,7.15112,1.0,1.0,33.79619,D8.i_5
26879.96974,5134.35464,7197.22005,1170.38325,79395.33975,348.67489,16.50676,8.19267,697.76347,300787.87421,28.4715,1209.46829,47.92804,429.22222,1.21778,1996.75853,906.48448,399.35376,3727.56544,D8.a_6,479.22666,37.24238,85.07855,1.0,1132.9686,10.85654,1.0,1.0,14.09287,2699.38969,1.08667,41.44334,1.44379,2.22222,1.0,3.29334,2.88889,1.0,52.51842,D8.i_6
25737.58085,4589.35464,7121.88672,1013.04991,75415.17308,253.40591,15.39565,3.69419,637.5968,289589.09643,24.69373,905.85718,38.0987,429.5,1.10889,1951.98076,473.59559,450.07598,3783.621,D8.a_7,516.89333,41.61006,81.85632,1.0,1269.02416,64.90928,1.0,1.0,15.53731,2594.55635,1.0,28.72112,1.44379,3.33333,1.0,14.12223,1.0,1.0,56.62953,D8.i_7
23174.96974,4501.24353,7047.94227,950.99436,72358.00641,367.17489,18.95121,6.74924,605.87458,276359.98532,26.02706,1075.63496,43.37248,400.0,1.10889,1816.53631,760.48448,378.46487,3664.67655,D8.a_8,397.11555,24.43937,61.85632,1.0,969.74638,7.6519,1.0,1.0,9.12292,2547.5008,1.0,31.27668,1.22189,1.88889,1.0,3.84668,1.0,1.0,32.68508,D8.i_8
23100.6364,4081.07686,6534.66449,930.54991,70054.00641,239.84156,12.28454,7.9159,580.15236,270268.54087,23.80484,815.19052,34.16226,383.5,1.0,1581.59187,416.2067,407.52042,3683.78766,D8.a_9,477.89333,47.98581,74.52299,1.0,1077.19083,3.29817,1.0,1.41891,11.98176,2489.77858,1.0,33.4989,1.66568,3.72222,1.0,1.68667,2.88889,1.0,39.66246,D8.i_9
3395.26697,2287.13242,20126.60654,1271.42581,6633.38378,185.47613,18.22479,69.47252,942.31119,99056.34718,3.62222,237.69229,113.96168,410.9885,1.0,593.55573,1350.81983,100.56868,3203.6613,D80.a_0,662.03583,168.94114,460.06046,1.0,1084.60554,31.36484,1.0,1.96856,29.77504,3469.01645,1.0,22.94334,8.78501,6.95434,1.0,1.74271,18.78861,1.0,34.75121,D80.i_0
3504.6003,2076.96575,18163.88432,923.25914,7134.88378,232.64279,15.66924,71.80585,898.42231,90195.62496,4.63333,226.58118,102.79501,343.4885,1.0,910.44462,1574.93094,73.74188,2774.55019,D80.a_1,611.70249,217.55226,442.3938,7.76402,1082.49443,11.4403,1.0,1.0,24.77504,3212.18311,1.0,19.72112,14.94529,5.84323,1.0,1.74271,48.6382,1.0,40.234,D80.i_1
3488.82253,2108.29909,18737.6621,987.8147,6829.106,240.94967,18.00257,84.7503,856.25564,84963.18051,3.92222,202.52562,105.1839,332.9885,1.0,462.55573,1593.31983,51.90855,2760.88353,D80.a_2,594.75805,268.94114,468.56046,5.50935,976.93888,16.34494,1.0,1.0,32.21949,3023.29423,1.0,26.55446,8.96168,7.93747,1.0,1.18568,17.90514,1.0,31.234,D80.i_2
3382.98919,1930.4102,17576.99543,479.8147,6632.106,454.42057,9.3359,119.51261,878.92231,81314.62496,3.01111,246.19229,110.12835,305.76627,1.0,155.38906,811.43094,36.49353,2561.88353,D80.a_3,565.70249,213.44114,482.61602,1.0,893.27221,1.0,1.01431,1.0,21.3306,2907.73867,1.0,22.55446,12.0564,5.07389,1.0,2.81727,28.44104,1.0,28.84511,D80.i_3
3514.15586,1805.24353,17445.27321,750.48136,6689.43933,156.78831,11.89146,57.63146,839.70008,78864.62496,3.25556,166.41451,91.57279,279.54405,1.0,415.27795,546.15317,31.8334,2398.38353,D80.a_4,574.59138,157.83003,431.56046,1.0,985.77221,5.27363,1.04292,1.0,26.10838,2760.79423,1.0,31.33223,7.79501,5.04364,1.10889,4.52196,8.54132,1.0,35.95622,D80.i_4
3392.6003,2166.07686,19125.88432,1034.25914,6235.606,236.7539,13.44701,89.52808,866.47786,76689.68051,3.62222,234.8034,120.51724,289.09961,1.0,253.94462,841.70872,65.97064,2671.38353,D80.a_5,654.03583,130.60781,466.3938,5.50935,1114.04999,31.36484,1.01431,1.0,27.88615,2656.01645,1.0,11.99279,5.29501,3.14136,1.0,1.55703,13.95528,1.0,39.06733,D80.i_5
3412.04475,2017.4102,17400.32877,956.87025,7170.606,185.47878,14.55813,86.67928,763.75564,74511.45829,4.42222,173.41451,95.96168,291.04405,1.0,646.16684,915.4865,39.39548,2472.38353,D80.a_6,595.64694,194.38559,532.3938,1.0,971.88332,1.0,1.0,1.0,28.66393,2588.072,1.0,19.77057,3.56279,3.94096,1.0,2.29974,4.7134,1.0,32.62288,D80.i_6
3351.1003,2243.68797,18082.93988,1044.37025,6391.38378,144.48143,19.3359,72.79812,795.14453,72746.73607,4.04444,165.8034,97.90612,307.09961,1.0,334.33351,560.87539,22.76148,2506.49464,D80.a_7,574.98027,237.66337,468.72713,1.0,961.93888,7.9602,1.0,1.0,28.21949,2488.23867,1.0,21.16557,11.01724,6.97965,1.0,3.07604,28.79403,1.0,32.78955,D80.i_7
2935.6003,1902.02131,15877.6621,507.98136,5996.99489,386.78301,9.66924,65.38604,766.36675,71338.01385,3.52222,249.91451,86.62835,274.43294,1.0,243.83351,871.26428,69.33993,2145.55019,D80.a_8,581.03583,159.77448,428.8938,3.25467,978.6611,17.60696,1.0,1.0,24.21949,2373.072,1.0,12.48056,6.0464,3.45783,1.21778,1.55703,7.01625,1.0,29.17844,D80.i_8
2803.26697,1776.79909,19020.43988,644.64803,5564.32822,251.1719,14.22479,49.46479,795.31119,69792.12496,3.95556,165.52562,75.23946,267.65516,1.0,153.61128,1060.09761,25.85953,2195.82797,D80.a_9,462.59138,174.05226,360.72713,5.50935,798.54999,1.0,1.0,1.0,32.44171,2289.23867,1.0,22.32001,6.82418,2.72717,1.0,1.0,37.73847,1.0,35.734,D80.i_9
20381.35398,6671.5,26253.33784,1807.23414,32941.8442,71.09033,11.96565,9.31652,3769.32464,370360.47476,62.77778,312.41451,397.97897,1515.92048,1.0,89.30918,110.66667,22.27982,19730.84246,D81.a_0,307.80625,21.38889,236.5334,1.0,226.58238,52.16667,1.0,1.0,37.34354,1849.33466,1.0,6.55556,2.7763,4.47725,1.0,2.77778,4.72415,1.0,51.72243,D81.i_0
21595.74286,7399.94444,31072.00451,1765.95636,35815.78865,77.75251,11.18787,23.84769,4061.54686,359282.91921,68.77778,342.85895,425.64564,1658.80937,1.0,102.08695,121.55556,47.88125,19647.73135,D81.a_1,320.75069,16.61111,228.97785,1.0,309.24904,13.11111,1.0,1.0,32.34354,1734.11244,1.0,5.33333,3.77598,5.29002,1.0,2.33333,19.17245,1.0,59.00021,D81.i_1
20212.40953,6498.83333,29012.67117,1293.90081,33362.67753,55.71042,12.74343,20.60189,3723.04686,351325.58588,54.33333,329.74784,393.92342,1520.86492,1.0,80.58695,96.66667,27.4103,19051.62024,D81.a_2,261.47291,30.5,229.64451,1.0,214.36015,37.66667,1.0,1.0,39.67688,1650.05688,1.0,4.88889,2.7214,8.66142,1.0,1.88889,26.95216,1.0,53.16688,D81.i_2
21865.68731,6902.72222,30057.44895,1967.51192,35013.8442,141.43713,11.52121,13.85609,3909.04686,343673.3081,64.33333,333.52562,440.42342,1654.19826,2.28331,83.80918,149.27778,30.84506,19501.39802,D81.a_3,272.25069,14.55556,214.20007,1.0,241.19349,19.38889,1.0,1.0,31.34354,1597.83466,1.0,8.16667,3.88692,6.90114,1.0,1.0,75.05748,1.0,51.72243,D81.i_3
21999.40953,7226.11111,30189.50451,1389.40081,36561.51087,47.98371,15.29898,23.06232,4182.93575,336570.53032,63.44444,331.58118,448.14564,1693.1427,1.0,99.08695,111.5,30.71458,20869.45357,D81.a_4,267.8618,11.77778,218.42229,1.0,197.19349,148.77778,1.0,1.0,35.01021,1555.83466,1.0,7.38889,3.10915,1.93307,1.0,1.0,1.0,1.0,66.72243,D81.i_4
18255.5762,6456.33333,27427.94895,1451.12303,32623.56642,25.94162,13.52121,16.18942,3590.26908,328354.69699,55.55556,267.63673,376.14564,1394.86492,1.0,101.64251,100.55556,21.95617,18945.56468,D81.a_5,241.58403,18.38889,198.42229,5.26632,215.86015,54.16667,1.0,1.0,34.8991,1476.94577,1.0,8.05556,2.10947,2.88058,1.0,1.88889,2.25289,1.0,59.77799,D81.i_5
22057.13175,7555.38889,31217.50451,1809.84525,36042.39976,188.20144,13.4101,17.48319,4242.71353,318936.69699,60.55556,311.3034,407.64564,1748.69826,1.0,100.30918,213.55556,42.77982,19122.28691,D81.a_6,317.52847,18.61111,242.20007,1.0,263.52682,25.33333,1.0,1.0,32.12132,1445.44577,1.0,9.27778,2.55441,2.52668,1.0,2.33333,1.0,1.0,53.55577,D81.i_6
19045.74286,6532.27778,28147.56006,1177.7897,32561.95531,48.62625,13.4101,20.60189,3544.10241,307656.36365,57.33333,340.13673,410.47897,1469.47603,1.0,103.58695,101.55556,41.13252,17448.84246,D81.a_7,265.3618,14.55556,207.31118,1.0,195.36015,5.0,1.0,1.0,38.01021,1387.94577,1.0,8.61111,1.99853,2.08224,1.0,1.0,2.36208,1.0,43.44466,D81.i_7
19865.40953,6470.44444,29199.28228,1265.67858,32861.95531,269.81704,11.63232,13.19783,3621.32464,300924.08588,58.66667,339.3034,365.14564,1511.08714,2.92497,111.36473,142.05556,42.54792,18250.06468,D81.a_8,272.13958,8.72222,225.64451,1.0,227.52682,21.38889,1.0,1.0,37.56576,1330.2791,1.0,8.5,2.8312,6.17891,1.0,1.0,84.56134,1.0,59.11132,D81.i_8
17712.46509,6076.94444,28716.50451,1528.67858,31453.56642,373.03477,9.63232,15.14986,3586.04686,293196.47476,57.77778,294.08118,341.70119,1431.19826,1.0,95.92029,101.61111,27.23395,16927.34246,D81.a_9,266.13958,16.72222,223.64451,3.13316,248.91571,44.05556,1.0,1.0,34.23243,1272.2791,1.0,8.27778,2.05457,3.36308,1.0,1.0,1.0,1.0,59.33355,D81.i_9
14509.80061,3778.96864,37126.08389,1617.81936,17736.7283,29.16667,26.21239,1.76909,823.45692,281251.34824,15.44701,500.31066,189.54966,3931.79025,1.0,261.83046,492769.7067,37.76003,6200.48686,D82.a_0,306.68515,4.05577,94.38016,1.0,127.88985,34.45888,1.0,1.0,8.57417,1797.07995,1.0,3.77778,2.64268,1.0,1.0,3.88597,20.7723,1.0,12.63424,D82.i_0
14289.74505,3210.46864,35431.47278,1393.15269,16448.61719,76.61111,25.54573,1.0,772.29025,252169.40379,14.22479,441.53289,187.71632,4150.56802,1.0,236.99712,443744.04004,47.76003,5746.9313,D82.a_1,258.18515,4.34738,87.15794,1.0,60.11191,4.61592,1.0,1.0,6.35629,1645.07995,1.0,6.33333,1.54756,1.0,1.32502,1.0,12.81116,1.0,17.16491,D82.i_1
12278.96727,3042.30197,32579.41723,1282.43047,14021.28385,35.72222,23.21239,1.0,774.73469,227823.62601,15.22479,400.81066,150.71632,3840.56802,1.0,218.60824,447998.48448,57.98225,5018.48686,D82.a_2,296.62959,6.16688,105.71349,1.0,106.00096,10.26247,1.0,1.5232,7.13841,1561.63551,1.0,4.66667,3.08712,1.0,1.0,2.10624,1.0,1.0,13.20513,D82.i_2
10286.63394,2731.69086,31185.30611,807.70825,12803.61719,9.11111,19.87906,1.38455,651.23469,207848.07046,11.00257,351.03289,146.93855,3282.56802,1.0,208.60824,393494.54004,39.64892,4170.48686,D82.a_3,230.07404,4.639,86.71349,1.0,68.88985,26.73185,1.0,1.0,4.5872,1529.80218,1.0,3.0,3.3729,1.0,1.0,1.88499,8.92227,1.0,12.24535,D82.i_3
10549.74505,2778.24641,31448.63945,1008.70825,12315.11719,15.0,14.21239,1.0,639.90136,199071.18157,10.22479,322.69955,143.66077,3075.90136,1.0,191.71935,449079.26226,40.09336,4224.98686,D82.a_4,270.57404,39.50043,103.8246,1.0,73.72318,11.30271,1.0,1.0,4.47609,1456.19106,1.0,3.66667,1.82134,1.0,1.0,1.0,2.96114,1.0,16.53846,D82.i_4
10650.18949,2654.80197,33425.25056,2038.37492,12196.45052,3.0,19.21239,1.76909,591.06803,188065.95935,11.44701,366.25511,154.82744,4139.95691,1.0,171.71935,485675.76226,44.48225,4454.76464,D82.a_5,257.2407,9.22265,89.93571,1.0,53.61207,2.04025,1.0,1.0,4.02296,1356.69106,1.0,3.77778,1.82134,1.0,1.0,1.22125,1.0,1.0,11.17446,D82.i_5
8990.91172,2250.41308,28563.47278,1264.20825,10787.67274,7.0,16.54573,1.38455,541.06803,170362.84824,10.00257,312.81066,124.9941,3430.56802,1.0,196.71935,407004.81781,33.38447,3964.09797,D82.a_6,297.29626,1.76394,111.93571,1.0,101.8343,12.34296,1.0,1.0,5.86281,1262.19106,1.0,7.72222,1.992,1.33052,1.0,1.4425,4.92227,1.0,20.44268,D82.i_6
8382.46727,2224.1353,24854.195,1313.15269,10339.45052,3.0,13.43462,1.38455,500.40136,155802.45935,7.22479,277.47733,127.88299,2777.62358,1.0,184.94157,317799.81781,29.66002,3839.98686,D82.a_7,254.85181,1.76394,90.49127,1.0,58.3343,2.56037,1.0,1.0,5.26256,1178.30218,1.0,3.33333,1.82134,1.0,1.0,1.22125,12.84455,1.0,8.21468,D82.i_7
7924.07838,2139.07975,30585.75056,1586.65269,9463.7283,33.61111,11.76795,1.0,484.23469,147940.34824,8.11368,304.53289,102.71632,3830.73469,1.0,209.2749,500297.7067,21.55114,3857.09797,D82.a_8,237.96293,1.0,90.15794,1.0,57.8343,6.67148,1.0,1.0,1.93358,1078.35773,1.0,5.66667,2.09512,1.16526,1.0,1.88499,2.92227,1.0,4.44645,D82.i_8
7763.13394,2007.85752,20859.52834,894.8024,9655.89496,9.11111,10.76795,1.0,436.23469,138629.84824,8.3049,237.25511,103.60521,2608.8458,1.0,161.94157,315369.54004,21.03781,3552.9313,D82.a_9,205.40737,2.52788,65.26905,1.0,52.14874,47.2874,1.0,1.0,6.19614,994.69106,1.0,2.66667,1.82134,1.0,1.0,1.22125,1.96114,1.0,5.16868,D82.i_9
11032.24603,4373.74353,35726.74672,120.51357,16351.8643,62.49204,22.40294,3.93236,1393.57991,239879.44854,20.63232,1347.56957,309.09008,803.8517,1.0,211.75362,423.5,368.05745,34578.89275,D83.a_0,313.47282,54.55556,299.2625,1.0,173.55389,97.33333,1.0,1.0,9.15116,2925.77162,1.09569,19.96137,8.07513,1.83333,1.0,2.12915,8.84542,1.0,206.17731,D83.i_0
10702.19047,4379.74353,38281.80227,248.61072,15776.75319,140.42853,23.51406,3.51345,1387.85769,231119.67077,25.07676,1298.7918,297.70119,796.29615,1.0,208.5314,1176.83333,511.50189,36893.55941,D83.a_1,268.19504,18.61111,259.65139,1.0,163.55389,6.28889,1.0,1.0,15.22673,2621.43828,1.02392,22.22737,9.17025,1.11111,1.0,1.0,71.75993,1.0,226.67731,D83.i_1
10659.0238,4502.18797,29048.24672,120.8887,14609.58652,23.40738,21.73628,4.26121,1332.69102,224194.39299,22.85454,1264.40291,307.47897,772.90726,1.0,155.69807,731.11111,389.16856,31391.55941,D83.a_2,315.47282,20.61111,270.20695,1.0,154.77611,57.4,1.0,1.0,10.43561,2537.6605,1.09569,18.44959,5.92046,2.38889,1.0,1.37638,9.26281,1.0,200.78842,D83.i_2
9864.80158,4213.63242,34036.30227,212.98585,13929.41986,82.98939,17.51406,10.60351,1251.80213,216611.05966,19.96565,1180.95846,261.20119,702.51837,1.0,209.92029,1268.94444,384.83522,30331.22608,D83.a_3,295.30616,20.66667,305.81806,1.0,173.05389,82.94444,1.0,1.77896,6.26227,2443.49384,1.04784,21.11626,3.08712,1.66667,1.0,2.88192,17.58118,1.0,206.95508,D83.i_3
9311.35714,4012.13242,30691.96894,165.1942,12967.64208,82.96029,19.40294,2.25673,1167.91324,206091.55966,19.63232,1184.18068,263.75675,673.68504,1.0,169.97584,328.38889,382.55745,28198.00386,D83.a_4,291.41727,23.44444,256.15139,1.0,144.77611,24.51111,1.0,1.0,9.27561,2343.60495,1.02392,19.00515,7.02357,2.22222,1.0,1.75277,14.67876,1.0,215.84397,D83.i_4
9688.0238,4073.9102,34821.19116,249.40246,13420.97541,165.03699,22.84739,3.8423,1220.74657,200517.94854,17.63232,1119.06957,259.8123,664.07393,1.0,200.30918,350.22222,435.33522,29371.11497,D83.a_5,284.58393,23.5,252.04028,1.0,166.60944,10.7,1.0,1.0,10.80006,2270.27162,1.0,14.23914,10.72181,1.55556,1.0,3.2583,20.89954,1.0,196.51064,D83.i_5
9409.30158,4029.35464,32916.85783,127.51367,13601.19764,97.32007,18.62517,5.42788,1178.57991,195904.67077,17.85454,1065.95846,229.25675,631.18504,1.0,209.36473,708.5,300.66856,29373.50386,D83.a_6,310.52838,33.38889,286.81806,1.0,169.165,96.7,1.0,1.77896,9.02228,2202.27162,1.04784,18.64992,5.2458,2.44444,1.0,1.75277,3.52706,1.0,171.45508,D83.i_6
9114.19047,3766.13242,34550.02449,186.30522,13134.41986,123.83856,20.51406,6.6846,1146.41324,189447.05966,20.29898,1021.18068,224.36786,631.68504,1.25365,145.75362,233.16667,286.50189,29737.05941,D83.a_7,290.41727,19.61111,244.15139,1.0,155.88722,21.27778,1.0,1.0,8.54672,2118.1605,1.0,17.22737,5.57513,1.0,1.0,1.75277,4.95654,1.0,188.73286,D83.i_7
8743.91269,3685.07686,33376.69116,140.09705,12258.19764,68.54229,21.73628,5.09903,1077.07991,186308.11521,17.52121,1071.68068,238.97897,617.8517,1.08455,141.69807,543.5,259.44634,26412.11497,D83.a_8,290.58393,23.66667,260.2625,1.0,160.60944,31.55556,1.0,1.0,9.1645,2049.93828,1.0,12.28292,3.3729,2.77778,1.0,1.37638,7.05412,1.0,191.62175,D83.i_8
8739.74603,3610.35464,33223.46894,134.87483,11679.14208,27.48939,19.18072,3.8423,1061.63546,181382.11521,18.4101,1043.45846,238.86786,610.12948,1.0,193.5314,387.0,264.22411,24908.05941,D83.a_9,268.41727,30.44444,234.15139,1.0,137.165,53.81111,1.0,1.0,11.8934,1987.27162,1.0,19.72737,5.46002,1.88889,1.0,1.75277,28.5783,1.0,218.84397,D83.i_9
5644.89806,940.44114,95945.9384,228.56994,7655.55762,1422.59323,12.63232,276.10072,561.86693,127235.98784,1.77085,345.84735,32.97778,234.57393,1.0,850.22183,390.65219,25.179,10918.65909,D84.a_0,163.95199,35.55226,162.64571,1.0,108.39087,353.36779,1.0,1.0,6.98763,1110.59576,1.0,4.21419,1.21306,1.0,1.0,1.18568,1.0,1.0,18.35362,D84.i_0
5397.12028,914.21892,89728.10506,218.34772,8220.77985,861.14878,14.74343,286.60072,514.75582,120695.32117,1.77085,342.34735,28.53333,178.96282,1.0,832.77738,498.37441,15.485,9647.15909,D84.a_1,222.72976,46.51559,161.31238,1.0,155.58191,776.64557,1.0,1.0,7.43644,984.9291,1.0,1.99708,3.10834,1.0,1.0,1.0,3.73575,1.0,11.73115,D84.i_1
5337.73139,751.66337,89926.82728,122.95883,7437.89096,466.59323,12.85454,291.26739,503.86693,116803.1545,2.19988,303.84735,29.36667,206.57393,1.0,952.66627,400.48552,12.72133,10217.32576,D84.a_2,213.39643,93.84892,133.20127,1.0,129.08191,619.32982,1.0,1.0,6.76832,922.20688,1.0,2.32749,1.11473,1.0,1.0,1.18568,1.79131,1.0,15.56449,D84.i_2
5242.12028,765.71892,82574.4384,341.25924,6230.22429,495.53767,12.29898,237.60072,513.86693,113729.1545,2.73151,312.2918,30.86667,203.8517,1.0,758.22183,1154.31885,15.97089,9718.65909,D84.a_3,220.39643,46.40447,168.64571,1.0,161.41524,440.36498,1.0,1.0,8.8787,859.09576,1.0,8.606,5.24223,2.16667,1.0,3.07604,26.77634,1.0,19.79806,D84.i_3
5027.45361,760.77448,88808.99395,302.53702,7495.55762,376.25989,14.52121,302.93406,523.86693,110900.93228,1.46144,292.73624,35.2,217.51837,1.0,747.38849,1268.2633,18.82494,9487.32576,D84.a_4,212.84087,36.29336,171.97905,1.0,157.19302,856.70113,1.0,1.0,10.21058,790.76243,1.0,2.82822,5.25223,1.11111,1.0,1.37135,1.0,1.0,16.93127,D84.i_4
5053.39806,759.55226,81750.99395,71.50205,6564.66873,741.75989,14.07676,271.26739,513.75582,106746.43228,1.27007,286.56957,34.92222,229.90726,1.0,847.05516,339.15219,18.24205,9636.65909,D84.a_5,188.95199,26.23781,147.75682,1.0,119.41524,627.32982,1.0,1.0,9.43572,780.26243,1.0,1.99562,1.08195,1.0,1.0,1.0,4.4715,1.0,13.06509,D84.i_5
4792.3425,783.71892,80513.54951,125.42488,5602.39096,495.371,10.85454,308.76739,512.64471,104000.1545,1.23072,292.68068,28.14444,188.40726,1.0,905.27738,293.70774,16.33905,9137.65909,D84.a_6,233.50754,22.64613,196.09016,1.0,163.80413,600.71871,1.0,1.0,10.76687,738.4291,1.0,1.82968,1.94167,1.22222,1.0,1.37135,1.0,1.0,16.57584,D84.i_6
4661.95361,790.94114,79991.60506,189.92488,6059.8354,914.81545,13.63232,259.54517,491.20027,101816.71006,1.52471,294.34735,31.64444,236.18504,1.0,775.33294,351.04108,12.61022,9015.7702,D84.a_7,203.84087,47.20114,218.75682,1.0,128.38307,618.25668,1.0,1.0,11.32169,696.65132,1.0,1.66521,1.98084,1.22222,1.0,2.00148,1.0,1.0,15.38707,D84.i_7
4554.12028,731.27448,77875.54951,287.90327,6012.55762,532.371,15.52121,339.10072,474.08916,99677.82117,1.58798,274.7918,28.24444,190.40726,1.0,846.38849,315.42997,12.26278,8319.82576,D84.a_8,196.50754,81.97836,170.97905,1.0,118.85969,770.36779,1.0,1.0,11.76905,675.76243,1.0,7.49343,3.11473,1.0,1.0,2.00148,31.77634,1.0,18.79806,D84.i_8
4632.12028,820.33003,84053.9384,334.34772,5889.00207,711.31545,12.63232,260.82295,482.42249,97228.87672,1.67517,284.34735,33.64444,183.40726,1.0,866.83294,390.59663,15.47089,8953.2702,D84.a_9,237.50754,27.84947,220.5346,1.0,177.41524,598.90577,1.0,1.0,12.21058,618.15132,1.0,1.66375,1.85973,1.22222,1.0,1.0,1.0,1.0,11.68756,D84.i_9
28061.50028,1612.09663,61213.1381,3065.03505,20150.70926,236.88948,18.44006,15.28266,889.34735,400670.63043,9.28566,1072.47007,379.35057,932.88889,1.0,1155.56441,234.04341,96.08367,6366.65705,D85.a_0,386.48404,7.74784,234.4401,1.0,211.09633,35.5,1.0,1.0,3.3238,1519.76029,1.0,8.42501,2.33333,1.77778,1.0,1.48144,1.0,1.0,7.58118,D85.i_0
27171.66695,1779.7633,57859.80476,3147.75727,21713.59815,201.94503,19.7734,12.89519,869.12513,381010.4082,8.72415,1062.24784,353.23946,877.38889,1.77778,1075.23108,450.87674,158.8004,6065.93482,D85.a_1,379.5396,26.02562,245.4401,1.0,168.37411,5.0,1.0,1.0,3.44806,1341.42696,1.0,10.82001,1.66667,1.44444,1.0,1.07398,1.0,1.0,7.63674,D85.i_1
27040.94473,1770.54108,64579.58254,2799.25727,19075.48704,232.77837,22.66228,12.13146,877.84735,366882.01931,6.0694,1022.19229,385.85057,848.5,1.0,2459.34219,197.48785,40.11704,6052.87927,D85.a_2,347.81738,13.44157,204.4401,1.0,172.42967,17.05556,1.0,1.0,2.95463,1257.59362,1.0,2.21556,4.27778,1.0,1.0,1.03699,1.0,1.0,4.65267,D85.i_2
25861.55584,1660.42997,59081.02699,2824.92394,18228.87593,265.66726,19.21784,5.89519,802.68068,359626.68598,7.17753,981.74784,337.29501,834.94444,2.55556,1666.61996,266.71007,129.13922,5818.87927,D85.a_3,309.70627,7.74784,203.55121,1.0,141.09633,35.66667,1.0,1.0,1.51972,1168.14918,1.0,12.51167,4.38889,1.44444,1.0,1.07398,1.0,1.0,6.5435,D85.i_3
26069.27806,1679.70774,60003.86032,2683.03505,17479.26482,173.16726,19.55117,15.10826,810.2918,350863.24154,5.06642,1016.47007,325.73946,803.83333,1.0,1751.9533,181.4323,107.43369,5454.43482,D85.a_4,324.09516,5.42948,204.21787,1.0,146.59633,17.11111,1.0,1.0,3.06574,1089.64918,1.0,5.57334,2.44444,1.0,1.0,1.22195,1.2245,1.0,7.43433,D85.i_4
25281.00028,1642.31885,56678.47143,3034.14616,17545.09815,140.27837,17.7734,10.21306,797.84735,343520.29709,7.06046,921.35895,344.29501,840.16667,1.0,1569.39774,289.54341,37.28371,5468.93482,D85.a_5,334.59516,5.95654,207.21787,1.0,148.20744,7.0,1.0,1.0,1.43491,1063.53807,1.0,15.30167,5.94444,1.83333,1.0,1.51843,1.0,1.0,6.6923,D85.i_5
23998.94473,1591.70774,60322.08254,2644.53505,16578.93149,230.72281,15.7734,8.92613,770.84735,333191.07487,5.5198,996.63673,322.90612,789.11111,1.0,1690.28663,275.65452,79.30589,5528.54593,D85.a_6,324.26182,13.38601,200.21787,1.0,142.20744,58.22222,1.0,1.0,2.1637,985.14918,1.0,7.01167,1.33333,1.11111,1.0,1.0,1.0,1.0,2.67055,D85.i_6
23937.16695,1610.87441,63569.58254,2406.97949,16808.0426,339.6117,16.99562,9.39519,777.73624,325152.51931,4.95531,1001.8034,301.01724,757.16667,1.0,1659.28663,236.98785,152.15591,5250.04593,D85.a_7,341.87293,11.48503,219.10676,1.0,165.65189,33.77778,1.0,1.0,1.06213,953.48251,1.0,8.80779,1.66667,1.0,1.0,1.03699,1.0,1.0,14.43627,D85.i_7
23264.22251,1534.20774,60842.30476,2830.20171,15930.26482,220.44503,20.32895,8.40293,743.40291,313777.4082,5.84718,943.91451,309.01724,720.44444,1.0,1755.61996,261.82119,107.35596,5222.26816,D85.a_8,327.09516,7.48503,213.88454,1.0,151.70744,68.38889,1.0,1.0,1.2975,895.70474,1.0,15.65945,1.33333,1.11111,1.0,1.0,2.16895,1.0,6.32128,D85.i_8
23087.16695,1501.04108,57565.80476,2626.36838,15860.70926,222.50059,17.21784,1.872,688.40291,305810.35265,4.06642,924.97007,287.12835,707.44444,1.0,914.00885,258.82119,63.5448,5128.15705,D85.a_9,304.31738,8.01209,215.10676,1.0,135.763,13.16667,1.0,1.0,1.12426,853.70474,1.0,7.09168,3.16667,1.38889,1.0,1.07398,1.0,1.0,5.26572,D85.i_9
23565.7995,2512.79909,7579.85284,1310.74213,28877.24134,82.62236,4.42838,147.50634,1661.89695,390085.40273,15.48111,764.52562,188.65463,3607.1459,2.55556,228.47185,516952.77778,124.75397,1843.44185,D86.a_0,283.43915,277.78521,143.58005,1.0,149.14958,408.57719,1.0,1.0,16.1975,3436.77749,1.11111,12.02562,4.16198,1.91251,1.0,1.10244,9.45572,1.0,1.39079,D86.i_0
21007.63283,2249.74353,7067.74173,1161.29768,25234.57467,32.38256,3.36814,144.11745,1428.23029,350819.5694,11.03667,662.58118,145.87685,3170.31256,1.0,191.9163,452589.44444,167.69841,1625.21963,D86.a_1,282.43915,48.03792,162.24672,1.0,160.64958,409.85873,1.0,1.0,16.97528,3022.3886,1.0,17.5166,2.71955,1.43646,1.0,1.64933,6.88454,1.0,6.17615,D86.i_1
15878.96617,1793.96575,6218.13062,822.20177,21077.68578,93.80661,2.43373,166.28412,1255.06362,304971.90273,10.25889,520.58118,131.32129,2525.75701,1.0,175.69408,333655.11111,93.25397,1392.99741,D86.a_2,238.32803,39.8157,115.58005,5.76101,135.14958,552.52163,1.0,1.0,15.30861,2833.61082,1.0,8.32739,1.22155,1.43646,1.0,1.20489,5.70008,1.0,5.12249,D86.i_2
15965.74394,2212.57686,10483.96395,1899.29768,19954.57467,501.97609,5.49398,121.78412,1256.95251,285867.12496,11.14778,598.35895,143.54352,4717.20145,1.0,232.74963,736606.38889,76.75397,1726.71963,D86.a_3,246.43915,34.39632,136.91338,1.0,130.81625,406.63274,1.0,1.0,16.53083,2691.83304,1.0,10.60065,1.88621,1.42848,1.0,1.30733,9.34678,1.0,2.42141,D86.i_3
16030.7995,2391.46575,12937.18618,2353.24213,20197.01912,432.0872,7.06961,123.00634,1241.3414,271060.0694,11.25889,595.41451,160.26574,5643.70145,1.0,270.69408,883562.44444,83.14286,1897.8863,D86.a_4,259.43915,21.12396,149.02449,1.0,147.09403,342.79941,1.0,1.0,12.97528,2602.8886,1.0,9.62771,2.55221,1.26979,1.0,1.0,2.05338,1.0,6.4271,D86.i_4
15219.02172,2098.07686,9735.13062,1517.40879,19536.46356,129.47891,2.12048,103.58588,1156.45251,256332.79162,12.51611,539.85895,153.48796,4493.1459,1.0,277.63852,663948.22222,117.69841,1651.44185,D86.a_5,247.21692,42.51827,159.80227,1.0,133.92736,388.71796,1.0,1.0,13.10148,2497.99971,1.0,11.51209,2.10777,2.28543,1.0,1.10244,1.35113,1.0,2.81219,D86.i_5
13852.2995,2036.68797,10690.79729,2342.96435,17818.29689,282.62799,3.3427,81.12944,1127.78584,244728.73607,9.99556,521.69229,148.26574,4944.47923,1.0,209.4163,751775.11111,84.42063,1733.10852,D86.a_6,238.43915,31.77097,136.35783,1.0,142.48291,404.3884,1.0,1.4965,11.99037,2382.66638,1.0,9.89196,3.16399,1.42848,1.0,1.95666,1.70226,1.0,5.98076,D86.i_6
13213.91061,1912.29909,10267.57506,2095.29768,17942.40801,167.14276,3.63052,91.33967,1154.61917,234002.23607,11.03667,474.74784,145.54352,4710.59034,1.0,239.69408,731502.27778,96.19841,1730.49741,D86.a_7,247.77248,25.5325,135.80227,1.0,132.03847,307.96608,1.0,1.0,11.65704,2356.44416,1.0,7.60516,2.55221,1.42848,1.0,1.20489,2.05338,1.0,3.69919,D86.i_7
12933.68839,1939.46575,11698.74173,2580.24213,16324.24134,233.40577,6.00937,79.61745,1076.28584,225197.84718,13.14778,510.41451,155.48796,5633.36812,1.0,280.02741,898301.83333,78.97619,1814.8863,D86.a_8,240.9947,37.34077,147.13561,1.0,128.03847,328.52163,1.0,1.99299,17.08639,2272.77749,1.0,7.9385,2.10777,1.58716,1.0,1.10244,6.99783,1.0,5.09566,D86.i_8
12437.13283,1880.96575,10570.01951,2123.57546,16252.07467,145.56962,5.07497,77.28412,1019.89695,216705.29162,9.25889,495.63673,133.9324,5017.09034,1.0,251.08297,741515.0,90.0873,1791.21963,D86.a_9,262.43915,21.64361,136.58005,1.0,113.76069,475.69207,1.0,1.4965,12.98282,2209.66638,1.0,8.88745,3.66132,1.47605,1.0,1.75177,2.40451,1.0,31.69919,D86.i_9
6657.04581,2197.34233,32228.97842,2217.97162,11069.43887,2496.00789,53.39082,380.88136,578.49726,139104.96692,7.57263,3681.69955,143.98771,376.39836,1.0,2365.77778,1.0,96.85576,51616.67284,D87.a_0,285.81312,31.9,494.10429,1.0,266.49462,32.68095,1.0,3.22222,21.9913,798.14905,1.0,15.52094,1.6894,3.15835,1.0,6.24444,4.78584,1.0,444.48028,D87.i_0
6565.21248,1980.12011,32518.64509,1603.97162,9347.49443,1537.619,44.50193,384.43691,529.77504,124634.13359,4.89582,2565.25511,136.82104,384.62059,1.0,2349.66667,1.0,82.57798,49796.28395,D87.a_1,305.86867,42.52222,572.77095,1.0,231.10573,47.89437,1.14739,2.11111,16.04165,724.92682,1.0,18.08342,1.51705,1.74584,1.0,2.68889,1.63232,1.0,491.03584,D87.i_1
6024.65692,1800.06455,30580.14509,1673.47162,8423.49443,1383.45234,45.94637,311.99247,479.77504,109121.13359,3.82851,3113.644,125.32104,408.28725,1.0,2210.0,1.0,93.13353,42317.06173,D87.a_2,309.31312,24.72222,502.49318,1.0,285.05018,47.08138,1.0,2.11111,21.10241,635.59349,1.0,8.72459,1.61679,2.0678,1.32667,2.95556,12.56362,1.0,455.0914,D87.i_2
5239.26803,1619.28678,27060.70065,1931.63828,8389.82776,1116.23011,65.89082,280.38136,446.10837,102495.2447,3.60628,2718.03289,109.32104,389.7317,1.0,2218.88889,1.0,93.52242,39791.45062,D87.a_3,299.53534,16.15556,419.7154,1.0,317.82795,28.97633,1.0,1.0,14.76908,593.48238,1.0,8.42368,1.17235,2.52362,1.10889,4.11111,2.2606,1.0,388.03584,D87.i_3
4746.37915,1362.56455,25228.97842,1758.58273,7588.10554,993.28567,42.39082,276.93691,426.4417,94617.35581,2.76441,2107.86622,106.93216,389.7317,1.0,2101.61111,1.0,87.24464,38109.00617,D87.a_4,326.75756,51.14444,495.77095,1.0,264.71684,25.28326,1.0,1.0,16.76908,524.12225,1.0,12.60655,2.23359,1.84252,1.10889,2.77778,7.67473,1.0,401.75806,D87.i_4
4754.76803,1502.12011,24073.81176,1487.69384,7709.21665,1023.95234,53.61304,292.04802,399.55282,91030.41137,3.81836,2545.75511,91.04327,307.56503,1.0,2037.66667,128.31781,109.02242,36673.45062,D87.a_5,274.59089,14.1,431.7154,1.0,217.10573,32.6925,1.0,1.0,18.32464,499.48238,1.0,12.51165,1.3447,1.22835,1.0,1.0,3.52121,1.0,380.75806,D87.i_5
4505.71248,1441.28678,26039.53398,1454.24939,7558.16109,1383.50789,49.72415,245.3258,382.77504,85497.13359,4.18535,2457.42177,100.26549,405.95392,1.0,2217.22222,8.1589,106.68909,36730.56173,D87.a_6,289.75756,26.68889,453.2154,1.0,233.10573,49.54343,1.0,1.0,18.54686,468.09349,1.0,12.17832,1.0,1.98863,1.21778,1.8,1.31616,1.0,420.03584,D87.i_6
4255.37915,1246.23122,25143.64509,1544.52717,6684.60554,1019.73011,46.27971,271.10358,409.83059,80295.85581,3.15169,2188.03289,103.15438,380.45392,1.0,2088.16667,1.0,169.24464,35965.8395,D87.a_7,290.92423,29.66667,588.15984,1.0,225.66129,36.79206,1.0,1.0,16.96092,410.64905,1.0,8.17832,1.0,2.59974,1.10889,3.84444,1.0,1.0,438.64695,D87.i_7
4040.04581,1383.73122,24339.42287,1957.30495,5733.38331,1375.28567,49.72415,260.54802,401.33059,75568.68915,3.36377,1600.58844,89.54327,357.12059,1.0,2181.05556,1.0,164.52242,34850.00617,D87.a_8,310.53534,16.55556,444.77095,1.0,246.10573,24.87677,1.86318,1.0,15.43575,405.48238,1.0,4.72459,1.0,2.51225,1.21778,1.71111,3.21311,1.0,444.48028,D87.i_8
4112.37915,1340.28678,23594.03398,1438.8605,5549.7722,937.67456,52.61304,275.65913,373.05282,71619.85581,3.63994,1642.19955,94.65438,318.17614,1.0,2020.5,6.57945,130.85576,34348.28395,D87.a_9,292.14645,85.82222,447.65984,1.0,236.32795,37.61659,1.0,1.0,17.32464,405.37127,1.0,5.15282,1.61679,2.17279,1.0,3.22222,1.0,1.0,362.70251,D87.i_9
9487.07982,1545.54108,16487.37144,219.73119,14620.69589,240.38889,22.77778,119.17426,582.66531,175195.74607,9.84161,627.36106,127.14444,190.37689,1.0,635.85556,327.55556,81.1739,5907.69171,D88.a_0,244.86367,16.66447,104.66232,1.0,190.44872,5.22749,1.0,1.0,3.43463,1547.33082,1.0,13.42744,1.75224,1.00811,1.0,1.13334,1.0,1.0,35.95426,D88.i_0
8330.80204,1368.65219,15045.31589,94.97671,12600.58478,412.94444,23.88889,98.29729,555.22087,158811.24607,9.13294,441.19439,109.86667,177.59912,1.0,503.13333,419.61111,68.84056,4820.69171,D88.a_1,268.97478,7.29446,105.55121,1.0,231.8376,43.5811,1.0,1.0,4.72667,1405.55304,1.0,21.31169,2.63262,1.00811,1.0,1.16,1.0,1.0,31.06537,D88.i_1
7671.52426,1275.59663,14546.70477,113.44684,11208.08478,123.72222,23.22222,72.65447,522.16531,151635.69052,6.23182,473.69439,84.2,159.26578,1.0,523.68889,159.38889,49.12371,4910.80283,D88.a_2,280.53034,8.81225,111.32899,1.0,249.72649,26.66219,1.04444,1.0,6.19963,1290.05304,1.01111,8.43053,4.53002,1.02432,1.0,2.21334,4.16523,1.0,41.50981,D88.i_2
8392.07982,1359.2633,16160.98255,144.42773,12656.47367,238.44444,22.55556,78.24174,542.0542,148474.96829,7.77249,483.08328,88.47778,170.26578,1.0,565.63333,236.55556,97.00723,5062.41394,D88.a_3,256.697,14.94169,105.99565,1.0,217.17094,86.9197,1.0,1.0,4.07278,1227.05304,1.0,20.25922,9.59857,1.0,1.0,3.68445,1.0,1.0,31.3987,D88.i_3
7745.8576,1236.20774,14586.59366,58.81004,11072.41811,205.61111,20.88889,135.6187,515.49864,145683.02385,5.07871,391.36106,102.53333,141.09912,1.0,387.52222,201.66667,76.62371,4767.63616,D88.a_4,262.86367,12.73836,100.55121,1.0,217.17094,5.87388,1.0,1.0,2.75222,1112.05304,1.0,14.2114,2.99597,1.00811,1.0,2.05111,1.79131,1.0,25.73203,D88.i_4
7412.3576,1190.70774,14206.927,39.21386,10780.19589,146.0,21.66667,86.75366,486.38753,139430.80163,3.74537,401.8055,100.92222,165.65467,1.0,391.18889,287.66667,61.72945,4777.63616,D88.a_5,268.97478,19.05281,96.88454,1.0,219.11538,38.23276,1.0,1.0,2.71093,1070.27527,1.0,18.54319,7.98746,1.0,1.0,1.10667,1.0,1.26445,29.78759,D88.i_5
6949.74648,1256.31885,17368.427,187.73537,10326.19589,158.55556,22.88889,120.34092,521.60976,134191.80163,6.43916,505.47217,92.58889,158.09912,1.0,2459.02222,244.44444,79.34325,5823.30283,D88.a_6,267.75256,11.99725,105.32899,1.0,247.22649,99.84387,1.02222,1.0,3.22519,1017.66416,1.0,12.8827,1.0,1.01621,1.0,2.21334,1.0,2.97334,34.78759,D88.i_6
7021.57982,1145.37441,17154.927,155.30586,10222.36256,166.55556,27.11111,100.63063,494.27642,129649.96829,4.23182,493.13883,89.75556,171.48801,1.0,2517.85556,227.38889,52.56816,5782.80283,D88.a_7,304.75256,13.92336,93.77343,1.0,305.39316,28.71775,1.0,1.0,6.72667,975.49749,1.0,11.26695,5.10708,1.12732,1.0,1.16,1.79131,1.0,38.73203,D88.i_7
6342.41315,1126.09663,13859.70477,159.17982,9514.02923,61.83333,15.22222,89.84092,484.99864,124825.63496,5.43916,365.8055,71.25556,135.04356,1.0,844.8,143.33333,49.8988,4346.74727,D88.a_8,307.91923,10.47946,97.10676,2.56539,302.22649,77.28831,1.0,1.0,4.99019,970.16416,1.0,8.76541,8.53002,1.0,1.0,1.0,1.79131,1.0,37.00981,D88.i_8
6707.24648,1069.59663,16414.37144,172.76106,9676.307,209.66667,23.55556,96.89648,465.22087,120418.69052,3.8836,501.41661,80.75556,162.15467,1.0,2230.02222,177.88889,63.22945,5226.69171,D88.a_9,270.41923,19.60891,81.66232,1.0,208.00427,85.57136,1.0,1.0,5.56149,891.77527,1.0,21.42898,1.85484,1.23843,1.0,2.16,1.0,1.0,25.23203,D88.i_9
27167.31736,3631.12846,8067.67932,7098.20451,92598.24648,72.51598,32.28319,85.75627,4521.32632,506847.12981,63.48111,138.88454,461.60195,1062.53667,2.62511,882.3,5345.26428,36.33501,10716.53247,D89.a_0,242.30091,2.88889,147.22005,5.46313,170.06211,105.94366,1.01111,1.0,10.25342,1396.89609,1.0,3.265,1.0,1.22222,1.0,3.54889,1.0,1.0,10.30339,D89.i_0
29675.81736,3799.18402,9009.67932,6095.76006,105000.46871,110.22451,36.61653,140.92294,4667.15965,487565.07425,71.59223,159.55121,426.37973,1225.03667,1.97507,937.35556,9309.9865,48.11279,9976.19914,D89.a_1,253.30091,8.66667,157.99783,1.0,144.17322,31.61893,1.0,1.0,13.79091,1276.5072,1.0,2.96223,1.66667,1.44444,1.0,2.65778,17.06327,1.0,15.99035,D89.i_1
25448.87292,3550.07291,8565.95709,4432.53784,86946.41315,58.83562,32.83875,145.5896,4283.88188,466257.0187,59.03667,134.27343,358.60195,1057.81445,1.65004,856.57778,5750.37539,38.89057,9141.03247,D89.a_2,246.1898,10.77778,143.66449,1.0,144.72877,24.80282,1.0,1.52522,10.83743,1202.78498,1.0,2.90056,1.0,1.44444,1.0,5.02001,16.4483,1.0,10.5021,D89.i_2
27709.81736,3718.85069,10064.01265,4287.48228,86301.19093,128.66895,36.17208,127.86738,4425.38188,444824.18537,49.81445,150.71788,419.60195,1164.70334,2.8084,917.74444,10523.93094,46.89057,11251.31025,D89.a_3,237.74535,18.77778,132.22005,5.46313,139.39544,32.70031,1.0,2.57566,8.80897,1098.0072,1.0,1.02445,1.0,1.33333,1.0,2.82001,3.72415,1.0,12.73608,D89.i_3
30346.87292,3869.79513,10915.17932,6075.53784,93043.91315,99.94673,38.61653,155.0896,4436.04854,428879.5187,56.81445,175.05121,414.37973,1193.48111,2.30009,990.63333,14329.70872,42.11279,10240.97691,D89.a_4,246.30091,5.72222,147.55338,1.0,162.61766,45.35837,1.0,1.0,10.90202,1014.39609,1.0,4.74667,1.0,1.11111,1.0,6.23779,1.41763,1.0,7.74783,D89.i_4
31775.31736,4250.4618,11772.23487,7044.20451,95678.41315,107.53045,42.61653,138.53405,4336.32632,413591.5187,55.59223,171.77343,327.93528,1135.75889,1.65004,931.68889,24951.15317,43.11279,9862.64358,D89.a_5,225.63424,57.11111,190.38672,5.46313,134.72877,42.22144,1.0,1.52522,6.22496,972.34053,1.0,1.04889,1.33333,1.22222,1.0,4.71112,2.36208,1.0,6.66023,D89.i_5
27368.1507,3637.18402,8925.29043,4605.5934,86254.63537,65.71081,36.94986,126.81183,4252.27076,400546.68537,54.25889,152.21788,325.71306,917.09223,3.37227,1003.24444,16810.26428,44.7239,9145.69914,D89.a_6,238.96758,15.72222,138.22005,8.07424,141.06211,139.04616,1.03333,1.0,6.96661,904.0072,1.0,1.77112,1.0,1.0,1.0,1.26667,1.83526,1.0,9.19228,D89.i_6
31294.98403,4009.4618,10086.90154,5983.31562,103167.91315,78.11416,38.39431,159.64516,4323.82632,389017.79648,53.37,167.05121,367.43528,1213.25889,1.65004,1358.3,18828.20872,44.73307,10150.25469,D89.a_7,226.74535,7.72222,138.55338,1.0,150.72877,44.05947,1.01111,1.0,13.03119,903.72942,1.0,5.13501,1.33333,1.33333,1.0,4.6289,1.41763,1.0,8.30017,D89.i_7
25322.37292,3318.29513,8431.17932,4636.31562,84961.85759,78.11416,34.39431,110.45002,3752.54854,380608.90759,45.37,150.77343,306.10195,835.53667,1.97507,997.35556,9817.37539,28.4364,8571.64358,D89.a_8,203.63424,27.05556,111.66449,1.0,90.22877,26.53365,1.0,1.0,10.45758,846.39609,1.0,1.80222,1.0,1.11111,1.0,2.16,9.81038,1.0,10.62497,D89.i_8
26578.1507,3608.90624,10033.34598,4326.5934,84386.57982,76.76713,37.28319,149.17224,4176.77076,372257.79648,49.59223,158.77343,359.76862,1121.81445,2.62511,943.85556,10203.65317,42.24223,9183.19914,D89.a_9,212.1898,6.94444,125.88672,1.0,137.72877,60.01643,1.0,1.0,7.39299,809.72942,1.0,1.82056,1.0,1.11111,1.0,4.10223,1.41763,1.0,6.3269,D89.i_9
76428.1618,6379.35556,18900.02179,2002.87467,218067.29727,224.41111,31.69373,9.43563,366.41707,732887.02284,80.76393,523.86616,57.97897,387.76393,1.0,299.23925,123.66337,664.06999,7729.08342,D9.a_0,723.88203,57.71892,250.73641,1.0,1636.2397,321.11111,1.0,1.27118,11.40983,2334.42504,1.0,37.97007,80.27778,4.4795,1.0,1.22125,6.47231,5.83132,356.43788,D9.i_0
69206.88403,5424.3,17988.85512,1987.208,209188.79727,431.08889,29.91595,2.88448,382.36151,674692.80062,65.98615,475.69949,46.59008,402.09727,1.0,375.01703,124.88559,776.62555,7515.75009,D9.a_1,497.77092,32.71892,235.01419,1.0,1169.01747,56.11111,1.0,1.0,8.22695,2025.14726,1.18197,24.17876,59.27778,2.4795,1.0,1.22125,1.0,1.0,273.43788,D9.i_1
66881.32847,5055.18889,17307.24401,1357.708,191702.57504,242.03333,31.36039,1.0,373.08374,645475.35618,73.4306,453.25505,36.75675,386.59727,1.0,325.35036,279.38559,783.23666,7515.52786,D9.a_2,446.71537,40.40447,238.6253,1.0,971.51747,23.33333,1.0,1.27118,10.29872,1747.48059,1.40419,25.5166,57.0,2.51353,1.0,2.55069,6.60419,2.44387,253.6601,D9.i_2
64987.93958,5027.07778,16826.6329,1545.93022,179857.35282,544.14444,28.4715,6.47413,351.19485,622414.63396,65.98615,432.25505,29.25675,356.31949,1.0,349.73925,261.55226,728.23666,6751.52786,D9.a_3,397.38203,32.03447,229.1253,1.0,963.2397,45.77778,1.03333,1.0,10.37049,1605.75837,1.45143,26.79889,54.22222,1.84235,1.0,2.76999,1.65974,2.66638,330.1601,D9.i_3
60730.49514,5081.41111,16522.18846,2186.09689,179525.07504,470.14444,28.91595,2.25632,328.36151,606760.91173,82.87504,401.92171,55.64564,328.15282,1.0,346.12814,191.27448,673.62555,6172.52786,D9.a_4,522.60426,45.51559,228.90308,1.0,1154.57303,99.11111,1.0,1.0,15.18068,1447.03414,1.14171,24.19229,36.22222,2.81283,1.0,1.66375,1.65974,1.66551,300.43788,D9.i_4
57397.6618,4737.35556,15127.35512,2013.31911,172331.01949,379.4,31.36039,11.1408,351.80596,582151.24507,53.20838,386.03282,42.70119,337.81949,1.0,354.79481,176.21892,704.34777,6143.52786,D9.a_5,425.43759,11.55336,169.68086,1.0,926.62858,101.16667,1.02222,1.0,10.12969,1364.5917,1.0,20.74333,20.11111,2.32534,1.0,1.0,1.0,1.49914,236.27121,D9.i_5
59195.93958,4271.07778,15967.52179,1677.65244,161563.85282,459.58889,26.58261,7.6408,301.47263,551325.30062,51.20838,426.86616,19.7776,266.4306,1.0,351.12814,230.66337,759.06999,5972.19453,D9.a_6,306.5487,21.05281,194.23641,1.0,794.46192,97.16667,1.0,1.0,9.96539,1284.31192,1.04724,13.96105,8.72222,2.44096,1.0,1.4425,1.0,1.0,351.93788,D9.i_6
54289.43958,3975.46667,14066.79957,1664.81911,154473.29727,316.8,22.02706,2.88448,315.52818,531242.41173,46.31949,378.75505,35.97897,251.48615,1.0,358.85036,155.60781,678.06999,6228.19453,D9.a_7,332.43759,25.92336,185.90308,1.0,753.35081,66.22222,1.0,1.0,9.40983,1228.31393,1.09447,20.17876,9.94444,1.6927,1.0,2.77388,1.0,1.16638,306.21566,D9.i_7
53598.32847,4050.35556,14054.07735,1448.09689,156494.74171,361.2,23.36039,4.76896,319.41707,517404.74507,54.87504,342.25505,32.36786,274.04171,1.0,328.12814,129.83003,582.62555,6128.52786,D9.a_8,282.0487,24.42281,207.18086,1.0,763.40636,33.5,1.0,1.0,6.59271,1165.75837,1.02362,14.68327,2.33333,1.95346,1.0,2.99513,2.97923,8.7772,343.04899,D9.i_8
52557.10625,3978.57778,14778.41068,1651.708,159588.79727,267.63333,26.69373,5.39712,295.80596,499126.30062,49.4306,373.03282,29.92342,246.04171,1.0,309.40592,122.71892,578.1811,6601.41675,D9.a_9,318.77092,42.09003,219.45864,1.0,813.07303,62.5,1.0,1.0,7.59271,1113.0917,1.29308,18.06765,16.55556,1.67569,1.0,3.88597,1.0,10.60996,394.32677,D9.i_9
20580.9401,2568.31885,18983.10712,2471.59503,67879.49521,28.482,46.88889,19.72699,3233.9007,279943.85706,27.66667,258.05446,477.46168,400.25701,1.0,605.88941,595.07291,17.36631,20350.17256,D90.a_0,239.84957,10.69373,80.30908,1.0,236.05592,152.33333,1.0,1.0,3.30031,415.96533,1.0,4.27623,1.90889,1.0,1.0,1.0,2.25889,1.0,10.78916,D90.i_0
15734.55121,1883.87441,17388.71823,1818.98392,49977.82854,56.93505,42.88889,22.3531,2455.56737,225501.46817,21.55556,256.05446,392.6839,316.25701,1.0,560.55608,526.85069,15.08792,15712.39478,D90.a_1,182.73846,27.55268,82.64241,1.0,190.38925,324.77778,1.0,1.0,2.62892,321.68552,1.0,6.77623,2.39612,1.0,1.0,1.0,1.25889,1.0,5.50948,D90.i_1
17227.32898,1816.31885,18376.3849,1545.37281,44950.8841,41.57199,48.55556,13.89366,2342.67848,209500.57928,18.55556,264.83223,368.46168,322.53479,1.77778,613.83386,331.68402,10.33762,15722.45033,D90.a_2,244.51624,23.66235,84.19797,1.0,211.72259,132.05556,1.0,1.0,3.19391,274.40774,1.0,4.92724,1.85973,1.0,1.21778,1.0,1.38834,1.0,11.00948,D90.i_2
17353.60676,1972.70774,17966.44045,1486.15059,45167.77298,68.94366,44.77778,10.91888,2407.56737,202863.91262,17.66667,263.77668,422.1839,340.03479,2.55556,616.55608,506.01735,17.36631,16417.33922,D90.a_3,232.29402,9.54059,88.08686,1.0,219.66703,39.72222,1.0,1.0,2.41142,206.07644,1.0,1.49845,1.08195,1.0,1.10889,1.0,1.12945,1.0,5.47886,D90.i_3
15617.16232,1731.37441,17795.21823,1388.15059,43146.3841,100.69562,42.0,5.95944,2139.51181,198068.63484,16.66667,250.05446,326.57279,293.42368,1.0,657.55608,494.07291,15.69842,15930.06144,D90.a_4,218.29402,14.06765,78.5313,1.0,204.05592,82.83333,1.0,1.0,2.10167,195.96329,1.0,2.83178,1.04917,1.0,1.0,1.0,1.25889,1.0,13.45772,D90.i_4
16118.05121,1771.65219,17449.99601,1228.15059,41046.43965,28.15728,37.33333,14.53511,2114.56737,189603.63484,17.0,250.72112,369.51724,308.53479,1.0,613.88941,310.90624,20.67156,15051.17256,D90.a_5,218.40513,5.63817,71.08686,1.0,183.3337,138.22222,1.0,1.0,1.42557,194.96941,1.0,6.45855,1.48723,1.0,1.21778,1.0,5.53612,1.0,2.27967,D90.i_5
14347.71787,1605.98552,17514.60712,1599.53948,42185.93965,69.26839,41.11111,10.50988,2139.06737,181451.24595,15.77778,245.44334,372.1839,267.20145,1.0,667.16719,389.07291,22.83762,14092.17256,D90.a_6,219.62735,16.07974,92.42019,1.0,210.11148,226.38889,1.0,1.0,2.30031,148.24311,1.0,2.61816,1.14751,1.13167,1.0,1.18568,2.64723,1.0,4.39458,D90.i_6
14362.82898,1672.81885,18066.32934,1344.20614,41865.60632,45.90062,39.77778,8.29277,2092.17848,175677.63484,16.88889,268.44334,362.01724,273.42368,1.0,627.66719,326.73958,19.08731,14677.72811,D90.a_7,230.96069,1.0,88.64241,1.0,231.05592,35.83333,1.0,1.0,1.42557,111.63404,1.0,2.14947,1.01639,1.0,1.32667,1.0,1.25889,1.0,4.97696,D90.i_7
15399.99565,1808.2633,23360.55156,1145.87281,39376.8841,64.0759,49.55556,24.27744,1841.23403,172537.19039,16.33333,370.22112,268.90612,276.20145,1.0,1022.88941,215.18402,17.06045,15437.06144,D90.a_8,200.40513,17.07974,68.64241,1.0,157.50037,17.05556,1.0,1.0,3.20335,101.96329,1.0,2.60251,1.47084,1.0,1.0,1.18568,1.12945,1.0,5.36775,D90.i_8
12962.71787,1617.98552,16512.82934,1496.48392,38578.27298,33.02504,35.22222,7.12611,2015.73403,169259.8015,16.22222,243.55446,297.12835,258.03479,1.0,639.05608,344.57291,21.22651,13661.67256,D90.a_9,276.90513,1.0,76.86464,1.0,223.77814,3.0,1.0,1.0,2.85114,101.96329,1.0,4.18937,1.03278,1.0,1.10889,1.18568,2.25889,1.0,3.3103,D90.i_9
4992.78892,665.92893,35412.53394,48.20848,8114.20361,230.73396,23.17208,1.0,192.76181,107812.74156,1.5,127.16864,13.49559,99.96741,1.0,91.3434,844.57382,5.02336,4563.96007,D91.a_0,565.98086,23.00202,247.45636,1.0,614.00992,998.83392,1.0,1.0,7.3704,2667.12482,1.0,4.39569,3.74991,1.2,1.0,1.0,1.44225,1.0,38.95922,D91.i_0
4513.12226,651.98448,34464.42283,36.87228,7554.14805,536.73396,18.61653,1.0,176.87292,91242.686,1.22222,125.89086,13.2378,79.68963,1.0,162.73229,738.04334,6.06719,3841.7934,D91.a_1,559.14752,27.64361,250.56747,1.0,608.12103,1227.27837,1.0,1.0,6.89632,2252.9026,1.0,3.53035,3.4965,1.2,1.0,1.0,4.6579,1.0,39.237,D91.i_1
4513.45559,641.92893,44762.31172,150.13345,7201.20361,409.56729,19.39431,1.0,170.09514,83368.35267,1.0,150.66864,29.83292,89.52297,1.0,113.39896,1656.15986,15.83036,3529.73784,D91.a_2,503.75864,29.05215,196.67858,1.0,501.78769,701.16726,1.0,1.0,4.78521,1959.34704,1.0,3.33002,3.5694,2.8,1.0,1.0,2.76901,1.0,30.68144,D91.i_2
4485.28892,649.09559,40464.36727,256.54038,6889.81472,354.06729,17.61653,1.0,165.09514,80933.63044,1.0,116.44641,27.32492,76.24519,1.0,89.95451,1565.4932,18.14322,3149.96007,D91.a_3,469.75864,32.8157,183.12302,1.0,484.56547,1056.44503,1.0,1.0,6.34076,1765.29149,1.0,4.77281,6.51034,1.06667,1.0,1.0,2.32676,1.0,21.26087,D91.i_3
3961.78892,615.76226,41624.75616,315.87372,6255.25916,740.34507,19.06097,4.43652,150.42847,78573.57489,1.11111,114.44641,29.5987,79.80074,1.0,104.56562,1005.93764,16.78942,3227.84896,D91.a_4,345.09197,11.34958,114.84525,1.0,403.00992,756.55614,1.0,1.0,2.72594,1618.62482,1.0,6.55224,3.75342,1.0,1.0,1.31791,1.0,1.0,10.78474,D91.i_4
4289.62226,705.42893,46228.64505,182.70992,6584.5925,475.40062,19.39431,3.26986,157.6507,76706.57489,1.16667,138.3353,23.1107,99.30074,1.0,150.39896,1052.04875,4.48242,3099.12673,D91.a_5,338.64752,41.27979,114.4008,1.0,424.3988,756.33392,1.0,1.0,2.3926,1471.73593,1.0,6.49669,3.43743,1.13333,1.0,1.0,1.0,1.0,13.5942,D91.i_5
4199.5667,586.37337,38780.64505,133.44731,6340.98139,263.6784,14.06097,1.0,142.6507,74696.96378,1.22222,115.22419,17.37648,101.96741,1.0,103.28785,338.71542,3.76019,3088.2934,D91.a_6,382.98086,31.74931,129.95636,1.0,452.78769,991.00059,1.0,1.0,4.18274,1387.9026,1.0,4.9748,6.26726,1.31111,1.0,1.0,5.82895,1.0,12.57033,D91.i_6
4023.01115,563.09559,35059.53394,64.28208,6453.14805,553.34507,14.39431,5.53972,139.42847,72566.63044,1.0,116.66864,15.7298,67.8563,1.0,111.3434,787.32653,4.99703,2786.46007,D91.a_7,399.36975,18.9966,142.06747,1.0,461.78769,575.88948,1.0,1.0,3.1531,1314.18038,1.0,5.05224,2.65966,1.67778,1.0,1.0,1.0,1.0,12.25305,D91.i_7
4066.17781,586.37337,40456.92283,20.68758,6611.37027,311.06729,15.39431,1.0,154.76181,70681.63044,1.16667,142.11308,19.87248,131.13408,1.0,149.56562,239.71542,13.78942,2905.01562,D91.a_8,374.25864,15.47695,118.95636,1.0,421.00992,694.94503,1.0,1.0,2.75557,1235.73593,1.0,3.0539,2.5312,1.2,1.0,1.63582,1.88451,1.0,8.84029,D91.i_8
4010.01115,613.54004,39243.92283,113.09881,6687.25916,586.40062,14.17208,1.0,166.87292,69093.686,1.0,118.11308,21.54315,87.13408,1.0,184.3434,228.88209,2.65494,2766.23784,D91.a_9,374.53641,37.16868,123.4008,1.0,440.45436,748.75982,1.0,1.0,2.07655,1188.4026,1.0,1.98823,2.86102,1.0,1.0,1.0,1.0,1.0,12.34029,D91.i_9
14668.54885,1161.04004,17619.45026,2595.30459,19619.59982,136.02034,17.02706,24.13512,1305.89086,390051.27144,58.32895,193.72618,149.73946,2720.91595,1.0,183.64914,262283.59761,47.61689,3036.64521,D92.a_0,463.91923,25.05281,345.13752,1.0,527.66818,3.75132,1.07708,1.0,41.11489,6311.82205,1.30249,3.30779,1.89923,3.98537,1.0,14.38889,2.54113,1.0,39.88481,D92.i_0
16255.88219,1263.87337,17487.45026,2264.86014,22183.43315,93.93505,20.24928,4.82282,1342.89086,354470.54921,54.88451,214.78173,148.46168,2597.69373,1.0,187.8158,243849.20872,32.42442,3537.20077,D92.a_1,447.53034,17.10836,372.02641,1.0,497.05706,30.25219,1.0,1.37811,39.78156,5189.04427,1.09569,8.35112,1.25692,3.89818,1.0,8.55556,1.0,1.0,34.88481,D92.i_1
14949.88219,1409.54004,18168.22804,2499.86483,20424.48871,193.52034,15.91595,28.62811,1159.83531,334819.21588,44.7734,188.22618,123.29501,2716.36039,1.0,208.14914,264763.20872,37.47603,2642.20077,D92.a_2,550.41923,7.29446,295.97085,1.0,396.61262,120.08728,1.07708,1.0,43.11489,4449.37761,1.0,11.70279,1.57291,3.27085,1.0,9.44444,1.54113,1.0,49.10703,D92.i_2
17859.54885,1435.98448,16956.56137,2321.80459,24004.82204,132.01643,19.02706,15.12461,1281.61309,309378.49366,45.66228,225.05951,132.07279,2418.86039,1.0,225.98247,254798.37539,41.09109,2744.58966,D92.a_3,406.03034,14.46113,283.52641,1.0,418.55706,17.00175,1.03854,1.0,41.55934,3977.43316,1.31791,9.14723,2.5347,3.47765,1.0,9.05556,2.08226,1.0,45.94036,D92.i_3
17615.9933,1412.54004,17654.89471,2197.74903,23130.21093,177.13145,17.69373,18.97196,1233.2242,301813.16032,45.7734,292.67062,101.46168,2908.41595,1.0,209.09358,258700.65317,76.69825,2552.14521,D92.a_4,437.53034,17.38559,263.74863,1.0,436.11262,38.25307,1.0,1.0,37.89267,3725.71094,1.69909,7.3139,2.65966,4.89047,1.0,3.66667,1.0,1.0,48.44036,D92.i_4
19935.71552,1604.54004,19132.45026,2783.80459,24208.76649,114.49061,26.4715,31.78076,1329.33531,294885.27144,52.66228,459.67062,96.73946,2898.02706,1.0,225.53803,358280.4865,207.80936,2977.31188,D92.a_5,419.53034,28.3117,273.58196,1.0,403.55706,17.91886,1.0,1.0,40.11489,3500.32205,1.52471,12.4989,1.0,3.58877,1.0,1.88889,1.0,1.0,40.16258,D92.i_5
20715.27108,1714.65115,19930.33915,2801.80459,24982.65538,154.19562,17.02706,40.6176,1291.39086,286355.99366,51.32895,614.72618,96.35057,3186.24928,1.0,228.76025,323518.4865,670.69825,2721.47855,D92.a_6,421.75256,15.05281,281.63752,1.0,454.77929,17.91886,1.0,1.75622,46.44823,3363.82205,1.31791,11.4989,1.77077,3.39047,1.0,3.66667,4.08226,1.0,59.82925,D92.i_6
18265.65996,1468.98448,20598.56137,2270.08237,23229.3776,249.28951,17.91595,16.46495,1272.27975,279913.71588,51.7734,388.17062,129.46168,3409.91595,1.55071,236.92692,313616.4865,54.11689,3091.25632,D92.a_7,386.86367,9.8678,263.58196,1.0,397.61262,14.9462,1.0,1.75622,40.67045,3264.54427,1.09569,15.77668,1.96179,2.99308,1.0,1.88889,3.6234,1.24128,36.82925,D92.i_7
16592.93774,1526.59559,19897.61693,2801.63792,22961.15538,193.90062,20.91595,17.60708,1153.61309,271281.66032,42.7734,474.22618,109.51724,3220.86039,1.0,217.48247,325499.26428,423.25381,3023.86744,D92.a_8,432.41923,12.55336,273.35974,1.0,425.77929,22.25132,1.0,1.75622,45.67045,3180.26649,1.13503,5.97445,1.12846,1.85804,1.0,2.33333,1.0,1.0,70.10703,D92.i_8
18610.9933,1411.59559,18239.2836,2453.52681,22336.48871,150.35368,16.24928,9.8123,1232.44642,264284.71588,53.99562,287.55951,135.29501,2747.91595,1.0,203.64914,317785.20872,61.14664,2830.58966,D92.a_9,438.97478,5.29446,292.52641,1.0,442.61262,11.05643,1.03854,1.0,42.89267,3096.26649,1.2068,8.80779,1.25692,3.79478,1.0,1.0,1.0,1.0,38.49592,D92.i_9
15836.50142,1650.66337,84540.83159,248.67421,23387.52187,603.01688,19.4101,461.3018,1103.86588,280517.67924,10.30074,417.94444,89.33333,344.75701,1.94222,822.22239,484.10781,31.98331,11150.49896,D93.a_0,390.51041,33.73606,1.0,1.0,424.30886,323.64808,1.0,1.0,15.377,2398.95401,1.0,46.68761,1.0,1.0,1.0,3.39237,26.07224,1.0,47.5543,D93.i_0
15014.16809,1628.4967,81070.9427,186.03351,22290.74409,438.7391,26.52121,525.57958,1049.0881,263685.95702,8.74519,382.16667,80.44444,338.25701,1.0,963.72239,783.10781,47.53887,10033.4434,D93.a_1,351.45486,54.5775,1.0,1.0,376.19775,372.62412,1.0,1.0,19.26588,2215.62068,1.0,40.90983,5.38528,1.0,1.0,1.10209,41.68225,1.0,41.22096,D93.i_1
13998.83476,1473.77448,78525.05381,193.9224,20459.79965,494.29466,19.07676,453.13513,960.86588,247200.40146,7.41186,403.94444,76.88889,388.75701,1.0,881.11128,605.94114,37.51603,9768.66562,D93.a_2,353.34375,21.91894,1.0,1.0,358.80886,322.97707,1.0,1.01539,23.93255,2058.28735,1.0,47.89362,4.05392,1.16539,1.0,2.84584,27.14613,1.0,44.49874,D93.i_2
13874.72364,1528.27448,71899.66492,127.0483,18777.68854,644.07244,30.74343,405.19069,966.69921,234160.56813,5.98338,378.5,93.66667,396.97923,1.94222,891.16684,576.10781,46.34936,9319.22118,D93.a_3,350.84375,52.52194,1.0,1.0,352.25331,409.75919,1.0,1.0077,18.04366,1985.06512,1.0,26.60892,1.27745,1.0,1.0,1.10209,28.40502,1.61411,47.16541,D93.i_3
12749.66809,1351.44114,69839.88714,107.30012,18280.52187,592.96133,17.07676,340.96846,875.81033,224824.17924,4.88823,356.66667,65.05556,290.36812,1.0,775.38906,623.71892,34.65986,9662.05451,D93.a_4,344.17708,48.06129,1.0,1.0,372.19775,338.1045,1.0,1.0,17.71033,1921.95401,1.0,28.24316,4.71993,1.10855,1.0,3.01598,32.16447,1.0,39.72096,D93.i_4
12250.94587,1202.77448,60798.22048,114.61865,17133.74409,660.35021,12.96565,335.13513,820.64366,210315.06813,4.5549,321.66667,62.94444,291.59034,1.0,638.38906,1035.77448,26.22683,9024.72118,D93.a_5,348.84375,74.1724,1.0,1.0,325.36442,391.19165,1.0,1.0,16.71033,1864.28735,1.0,38.2918,40.27483,1.44189,1.0,1.10209,37.1828,1.0,46.77652,D93.i_5
11673.66809,1304.88559,61684.22048,122.74456,17131.79965,557.79466,19.07676,303.46846,791.03255,200740.17924,5.97539,323.83333,60.16667,340.25701,1.0,727.16684,991.55226,29.40492,8601.4434,D93.a_6,317.78819,70.82404,1.0,1.0,333.64219,245.23523,1.0,1.0077,24.377,1775.17624,1.0,21.55336,3.77647,1.30364,1.0,1.0,43.1828,1.0,42.0543,D93.i_6
11228.50142,1490.88559,69182.60937,67.20938,17744.46632,584.40577,17.07676,325.57958,798.53255,195591.17924,5.44379,360.55556,53.44444,225.25701,1.32667,670.00017,395.94114,33.76109,8727.11007,D93.a_7,319.73264,22.45828,1.0,1.0,333.97553,450.8703,1.0,1.0,25.59922,1691.73179,1.0,35.79872,2.55425,1.0,1.21778,4.28125,53.75724,1.0,36.22096,D93.i_7
11211.55698,1212.94114,64373.05381,110.87605,15749.35521,440.79466,15.07676,323.35735,737.03255,189109.79035,6.42782,332.5,63.77778,239.92368,1.0,624.22239,678.4967,26.6827,7307.66562,D93.a_8,366.45486,98.66429,1.0,1.0,359.69775,640.1045,1.0,1.01539,12.59922,1638.73179,1.0,30.55336,2.94313,1.08142,1.0,1.13611,39.23836,1.89489,46.5543,D93.i_8
10551.00142,1228.21892,56247.60937,71.59269,15444.96632,405.85021,15.32749,273.02402,746.5881,182715.45702,6.63408,300.77778,63.38889,198.31256,1.0,714.33351,319.88559,24.42622,7770.38784,D93.a_9,311.95486,36.89462,1.0,1.0,318.91997,346.38228,1.0,1.0,18.90676,1575.89846,1.0,28.77559,2.1098,1.33078,1.0,2.94792,15.6839,2.89789,37.38763,D93.i_9
22631.57504,3255.32013,15431.91806,3822.14424,87710.22938,70.53165,5.77321,71.21459,3985.46632,486733.65825,52.66667,278.44444,455.5,398.04669,1.0,72.41111,346.60781,54.96536,8367.89953,D94.a_0,382.8742,32.87447,282.85783,1.0,419.8144,610.27778,1.0,1.0,29.17178,2141.86748,1.0,11.96667,8.05326,2.00919,1.0,1.47847,7.94301,1.0,27.13898,D94.i_0
21683.01948,3632.76457,16090.91806,3532.97757,84417.56272,72.10197,10.55099,53.71459,3623.68854,441192.71381,54.33333,278.33333,424.5,372.21335,1.0,112.57778,399.10781,53.85425,10297.84397,D94.a_1,395.15198,50.49523,295.24672,1.0,408.03662,595.88889,1.0,1.0,19.83845,1822.20081,1.0,15.57778,9.99787,2.13779,1.0,1.06806,1.79131,1.0,27.19453,D94.i_1
17126.35282,3267.26457,17881.14028,3006.53313,65582.34049,156.62236,15.21765,63.04792,3532.2441,418356.82492,44.22222,335.72222,397.77778,345.10224,1.0,140.07778,453.38559,40.52091,13205.51064,D94.a_2,310.3742,70.34788,232.02449,1.0,309.92551,283.55556,1.11111,1.0,22.29187,1649.25637,1.12222,15.1,5.99803,2.09974,1.0,1.58056,2.58261,1.0,27.08342,D94.i_2
19079.40837,3405.04235,16200.58472,3065.97757,73660.06272,118.05204,14.21765,65.38126,3467.07743,403573.43603,43.33333,275.0,429.66667,377.38002,1.48395,106.24444,309.9967,52.74314,10363.51064,D94.a_3,318.76309,14.33822,227.08005,1.0,273.8144,180.77778,1.11111,1.0,19.28289,1528.42303,1.0,35.37778,7.99754,1.15223,1.0,1.10209,4.4715,1.0,30.80564,D94.i_3
20291.96393,3097.37568,14121.47361,3259.58869,74235.34049,245.32982,10.6621,44.38126,3396.96632,383929.54714,45.77778,254.0,452.83333,366.99113,1.0,73.24444,258.38559,53.47963,7905.34397,D94.a_4,272.09642,14.62566,198.30227,1.0,204.8144,267.16667,1.05556,1.0,16.73631,1374.30694,1.0,27.32222,8.05277,1.48556,1.0,1.54653,4.95654,1.20022,30.30564,D94.i_4
16796.63059,3101.43124,15887.69584,3414.42202,78429.06272,104.75668,10.32877,56.40105,3088.2441,370882.26936,54.88889,251.11111,399.16667,322.54669,1.0,120.52222,321.88559,66.57647,9375.62175,D94.a_5,246.98531,54.67156,231.41338,1.0,212.48107,363.72222,1.16667,1.0,19.96751,1234.75637,1.12222,35.45556,6.44231,1.44751,1.0,1.17014,1.0,1.0,20.80564,D94.i_5
17724.7417,3134.87568,15394.64028,2707.31091,63498.28494,205.23629,10.07027,38.90105,3164.02188,361689.1027,44.77778,232.77778,379.83333,333.82446,1.0,105.41111,392.10781,76.96536,8479.73286,D94.a_6,238.8742,7.99762,162.58005,1.0,199.48107,458.5,1.0,1.0,18.74529,1124.36748,1.0,26.72222,4.8312,1.15223,1.0,1.03403,1.0,1.0,15.91675,D94.i_6
17333.13059,3119.70902,15433.14028,3416.86646,72632.84049,71.43812,8.99543,57.89445,3127.29966,355674.6027,45.11111,258.0,438.83333,346.38002,1.0,111.68889,487.44114,71.07647,9714.39953,D94.a_7,270.31864,30.10635,204.58005,1.0,218.59218,433.55556,1.0,1.0,18.17178,1014.5897,1.02222,42.0,6.10833,1.93307,1.0,1.47847,1.0,1.0,23.02786,D94.i_7
16530.29726,2888.09791,14304.30695,3091.53313,69121.11827,338.97891,9.77321,35.67223,2996.79966,347652.04714,44.66667,243.77778,397.77778,320.21335,1.0,113.46667,432.71892,55.46536,9069.78842,D94.a_8,237.54087,35.90344,204.96894,1.0,172.14774,285.83333,1.05556,1.0,16.52307,956.81192,1.01111,25.85556,4.22042,1.43001,1.0,1.10209,1.0,1.0,20.13898,D94.i_8
16281.85282,3092.43124,17079.3625,3055.58869,67407.28494,313.16315,12.21765,42.04792,3219.52188,337663.93603,41.33333,274.94444,456.88889,340.10224,1.0,152.41111,299.16337,64.46536,11964.06619,D94.a_9,291.59642,24.07976,197.63561,1.0,238.92551,408.88889,1.0,1.0,20.94956,841.31192,1.01111,12.6,5.77598,1.03806,1.0,1.0,1.0,1.0,29.3612,D94.i_9
10758.96458,5053.35464,35842.66249,946.77801,15292.9254,481.51174,28.05748,733.26667,2765.89525,135298.56757,2.60671,256.16767,94.05261,3129.71404,1.0,144.66684,201644.31983,12.41133,4551.64538,D95.a_0,319.46318,67.3678,309.02183,1.0,488.44455,2247.85496,1.0,1.0,55.04428,1257.68464,1.14962,3.33333,2.3357,1.0,1.0,5.88835,1.74519,1.0,36.51083,D95.i_0
10085.79791,4569.18797,35934.55138,858.94467,14360.86984,458.84507,30.27971,601.21111,2678.11747,128883.84535,1.37113,254.27878,84.27483,3550.54737,1.0,137.77795,226359.59761,12.0351,4332.64538,D95.a_1,301.12985,87.84892,322.02183,1.0,388.05566,2439.24385,1.0,1.0,52.71095,1108.04475,1.0,2.72222,2.11308,1.55556,1.0,1.06656,1.74519,1.0,19.01083,D95.i_1
9784.79791,4529.52131,33335.99582,724.88912,13448.9254,715.56729,23.94637,560.04444,2447.39525,119620.90091,1.43337,202.44545,76.33038,3535.76959,1.0,164.94462,205215.09761,7.75099,4109.92316,D95.a_2,293.24096,74.96003,254.85516,1.0,455.389,1022.63274,1.0,1.0,40.48873,1042.62908,1.0,2.33333,1.44523,1.0,1.0,3.11057,3.11778,1.0,30.60282,D95.i_2
9481.57569,4359.29909,33548.2736,828.05578,13425.75873,325.45618,21.50193,576.6,2380.95081,114997.84535,1.34669,206.38989,90.10816,3636.04737,1.0,118.77795,220706.43094,11.91766,3920.53427,D95.a_3,278.51873,50.53392,241.46628,1.0,401.389,663.99574,1.0,1.0,33.93317,958.74019,1.0,5.11111,1.0,1.11111,1.0,1.06656,1.37259,1.0,14.47259,D95.i_3
9209.40902,4186.29909,31949.38471,962.27801,12775.75873,198.01174,21.83526,594.21111,2387.89525,108949.17868,1.08667,210.66767,99.9415,4062.60293,1.0,109.66684,234761.93094,5.00488,3675.03427,D95.a_4,268.01873,48.64503,279.41072,1.0,385.11122,783.69207,1.0,1.0,40.37762,906.51797,1.22662,1.33333,2.33412,2.5,1.0,5.71068,4.11778,1.0,47.56639,D95.i_4
8702.85347,3853.46575,31026.49582,959.61134,12239.48095,288.28951,22.05748,541.6,2141.56192,102726.12313,1.08667,176.38989,86.33038,3721.43626,1.0,107.22239,245033.04205,5.116,3432.36761,D95.a_5,257.96318,38.16392,220.91072,1.0,354.83344,484.63274,1.0,1.0,33.59984,838.62908,1.14962,3.72222,4.00158,1.0,1.0,5.18867,3.31704,1.0,37.39972,D95.i_5
8383.46458,3789.68797,30152.44027,1382.55578,11837.31429,620.90923,18.50193,518.04444,2062.61747,98560.01202,1.0,185.38989,84.55261,3983.65848,1.0,101.83351,263070.54205,4.14766,3547.36761,D95.a_6,291.79651,63.88559,230.13294,1.0,410.16678,1014.46608,1.0,1.0,28.71095,812.29575,1.26073,10.05556,3.00197,1.44444,1.0,2.9109,6.37927,1.0,29.52815,D95.i_6
7603.90902,3635.79909,27818.32916,843.61134,10445.20318,368.40062,16.94637,446.71111,1963.22859,92765.12313,1.98892,169.16767,64.83038,3235.10293,1.0,79.22239,188332.04205,11.27633,3396.20094,D95.a_7,315.12985,36.21947,199.02183,1.0,441.72233,747.46608,1.0,1.0,36.04428,749.24019,1.0,3.38889,1.66706,1.0,1.0,2.9109,1.37259,1.0,15.52815,D95.i_7
7422.40902,3461.63242,28106.7736,848.72245,10652.70318,470.47339,21.61304,455.98889,1852.45081,89497.17868,1.0,167.44545,79.55261,3471.32515,1.0,101.16684,185187.31983,12.83822,3334.14538,D95.a_8,325.96318,58.6267,212.79961,1.0,469.44455,729.13274,1.0,1.0,33.04428,717.51797,1.0,7.66667,1.89047,1.66667,1.0,2.97746,3.23557,1.0,28.69482,D95.i_8
6616.24236,3439.18797,29069.94027,776.33356,9066.20318,471.12285,20.05748,442.98889,1740.8397,87516.06757,2.33562,197.38989,63.71927,3097.65848,1.0,88.44462,200668.65317,9.26999,3554.47872,D95.a_9,302.85207,53.58948,232.63294,1.0,452.83344,766.02163,1.0,1.0,33.04428,717.51797,1.0,4.05556,1.66785,1.0,1.0,4.74423,2.49038,1.0,29.28861,D95.i_9
37786.99883,8881.46575,47485.96921,3177.7608,69392.67123,47.01407,31.91595,451.35462,4113.50065,554516.07283,19.69373,620.46829,303.83333,3252.49957,1.0,1074.66379,20.48431,4.42177,20536.6441,D96.a_0,237.84355,16.91693,173.33006,1.0,215.08605,107.94346,1.0,1.0,30.95754,770.0242,1.0,6.88889,2.83333,2.1034,1.0,3.2583,1.0,1.0,46.71904,D96.i_0
31720.99883,7131.13242,44403.52477,3998.7608,59448.949,26.63713,29.4715,417.52129,3487.0562,500172.62839,14.58261,529.69052,256.94444,2591.8329,1.0,1209.55268,1.0,12.18157,18228.25521,D96.a_1,280.3991,5.63898,184.55228,4.82542,254.41938,113.73255,1.0,1.0,30.73532,612.5242,1.0,12.38889,1.66667,3.15974,1.0,2.50553,1.0,1.0,46.77459,D96.i_1
32312.16549,7220.4102,44261.80255,4558.87191,57492.28234,178.81224,26.24928,385.85462,3488.83398,465453.51728,13.4715,564.02385,248.16667,2679.3329,1.24198,1203.05268,1.0,18.86233,17471.86632,D96.a_2,288.67688,12.91693,177.44117,1.0,223.80827,154.88037,1.0,1.0,28.5131,560.24642,1.0,5.33333,1.0,2.17517,1.0,1.0,1.0,1.0,38.10793,D96.i_2
29431.99883,6907.68797,40178.91366,4132.87191,55176.39345,71.1955,26.24928,381.29906,3243.50065,440808.51728,11.69373,536.52385,235.0,2687.99957,1.0,1022.10824,3.79771,6.54697,16862.25521,D96.a_3,307.78799,4.97923,196.99673,1.0,282.41938,50.01032,1.0,1.0,25.17976,555.0242,1.0,10.38889,1.33333,3.43752,1.0,1.75277,1.0,1.0,34.38571,D96.i_3
28521.55438,6477.46575,39479.69144,3941.7608,52969.449,178.56962,19.69373,390.52129,3179.66731,418318.51728,11.36039,527.52385,238.05556,2751.55512,1.72593,2157.49712,6.59542,10.06576,17163.36632,D96.a_4,220.84355,17.63222,170.6634,1.0,179.6416,228.28056,1.0,1.0,33.06865,492.30198,1.0,10.44444,1.66667,1.47687,1.0,2.70972,1.0,1.0,45.60793,D96.i_4
26443.66549,6320.35464,37352.30255,4903.70525,48478.78234,130.38538,25.58261,346.18795,2957.27842,393514.35061,15.02706,504.5794,219.38889,2531.3329,1.0,1570.44157,1.0,4.58844,16320.47743,D96.a_5,259.73244,14.44462,173.33006,1.0,232.91938,125.27302,1.0,1.0,25.29088,466.24642,1.0,12.16667,1.66667,1.0,1.0,2.88192,1.0,1.0,30.66348,D96.i_5
23614.55438,6181.52131,40216.58032,4941.64969,41486.61567,68.23348,28.13817,398.79906,2787.38953,375653.68394,12.13817,611.0794,204.16667,2625.05512,1.0,1672.38601,1.0,9.59783,23670.69966,D96.a_6,238.17688,27.50017,161.33006,1.0,206.91938,223.33989,1.0,1.0,26.5131,429.19086,1.0,10.55556,2.0,1.38118,1.0,1.82083,1.0,1.0,35.66675,D96.i_6
23620.22105,6027.35464,40157.41366,4608.59413,43071.00456,70.28903,28.02706,390.74351,2770.11176,366645.01728,12.24928,666.74607,214.22222,2293.3329,1.0,994.2749,1.0,12.27389,21961.86632,D96.a_7,243.95466,11.67376,178.88562,1.0,195.91938,33.52917,1.0,1.0,30.40199,376.69086,1.0,10.33333,1.0,1.31791,1.0,3.01804,1.0,1.0,30.88571,D96.i_7
22884.38772,6268.18797,40830.46921,3095.53858,42968.50456,181.77426,22.24928,357.91018,2770.50065,359256.01728,11.98852,639.0794,191.72222,2119.38845,1.0,1264.60824,1.0,5.38031,21012.92188,D96.a_8,303.23244,10.67376,188.88562,1.0,320.86382,152.67699,1.0,1.0,17.29088,371.24642,1.0,7.88889,2.0,3.00079,1.0,3.39442,1.0,1.0,29.11772,D96.i_8
21540.94327,5620.85464,41006.13588,5107.53858,39500.89345,183.53165,27.58261,349.79906,2694.72287,347287.85061,10.94998,601.96829,194.88889,2268.94401,1.0,1311.55268,1.0,8.82005,21005.36632,D96.a_9,246.17688,22.44462,166.33006,1.0,207.25271,268.61766,1.0,1.0,29.29088,345.35753,1.0,11.05556,1.0,2.92131,1.0,1.75277,1.0,1.0,39.71904,D96.i_9
19065.66969,7755.44114,11709.68061,9318.95678,145659.47724,116.00836,40.70334,87.65903,4334.76815,764429.12865,49.0,356.94444,290.32451,2439.94444,1.84444,396.20224,706.88776,50.81521,9265.00981,D97.a_0,107.69485,17.99725,150.86122,2.09623,302.0465,21.0,1.0,1.0,29.21304,3629.22571,1.0,6.27565,1.0,8.72222,1.0,1.0,3.83333,1.0,55.76464,D97.i_0
19269.89191,7803.10781,10551.40283,7620.90122,119722.25502,147.23225,34.59223,82.93681,4117.99037,738833.23976,45.77778,395.0,291.88007,2386.61111,1.0,389.25779,779.3322,118.53743,8192.84315,D97.a_1,107.36151,16.1267,140.41677,1.0,317.32427,17.33333,1.0,1.0,35.10193,3136.33682,1.0,5.4182,1.0,9.38889,1.0,1.0,1.0,1.0,51.9313,D97.i_1
18622.05857,7886.10781,13414.84728,8153.51233,115136.58835,147.23225,29.03667,115.77014,3916.54592,712055.23976,46.77778,356.61111,296.88007,2175.0,1.0,451.64668,876.27665,91.03743,8989.73203,D97.a_2,107.2504,22.27503,147.97233,1.73082,425.5465,66.33333,1.0,1.0,32.99082,2795.33682,1.07611,5.98108,1.0,9.27778,1.0,1.0,1.0,1.0,71.59797,D97.i_2
16732.50302,7219.38559,12610.23616,8405.40122,112747.25502,217.12114,39.81445,103.88126,3767.71259,669531.12865,48.33333,391.44444,262.49118,2160.66667,1.0,412.25779,743.72109,88.37076,7741.67648,D97.a_3,100.2504,43.21947,116.86122,1.0,283.0465,43.83333,1.05556,1.0,29.43526,2475.6146,1.15222,4.80709,1.0,5.27778,1.0,1.0,1.0,1.0,45.09797,D97.i_3
17049.50302,7282.33003,11109.0695,7866.45678,115258.53279,188.34336,33.92556,85.3257,3899.37926,645082.90643,44.44444,317.33333,262.54674,2193.55556,1.0,358.59113,633.88776,66.54561,7615.23203,D97.a_4,106.36151,27.3117,91.86122,1.0,273.43538,35.61111,1.0,1.0,26.32415,2260.67015,1.0,2.99054,1.35556,7.61111,1.0,1.0,1.0,1.0,48.32019,D97.i_4
16745.61413,6609.66337,9833.73616,8104.62345,111486.75502,215.01003,34.59223,60.28334,3552.3237,616723.12865,39.77778,325.61111,260.54674,2161.44444,1.0,291.64668,516.88776,83.03743,7038.62092,D97.a_5,97.13929,29.92336,98.52788,1.0,296.93538,13.22222,1.0,1.0,23.43526,2140.1146,1.07611,3.18865,1.0,7.44444,1.0,2.33333,1.0,1.0,58.32019,D97.i_5
15118.66969,6387.44114,10525.0695,8229.40122,99659.86613,169.78781,31.14778,89.93681,3270.10148,586125.46199,41.88889,308.77778,264.49118,1981.16667,1.0,399.92446,717.88776,34.98597,7964.56537,D97.a_6,132.36151,16.1267,125.30566,1.0,218.32427,52.11111,1.0,1.1744,27.65749,1977.44793,1.0,5.92553,1.35556,4.61111,1.0,3.22222,1.0,1.0,50.59797,D97.i_6
16546.39191,7162.4967,8922.73616,6530.23456,104644.47724,225.23225,34.70334,88.55452,3614.60148,570035.96199,34.11111,361.11111,249.7134,2079.72222,1.0,330.53557,447.60998,117.59298,7680.06537,D97.a_7,138.91707,34.53392,129.19455,1.36541,245.82427,45.72222,1.0,1.0,28.7686,1872.89238,1.15222,7.31442,1.17778,5.83333,1.0,7.22222,1.0,1.0,65.09797,D97.i_7
15198.55857,6235.44114,12088.5695,7266.79011,94605.81057,110.23225,35.03667,68.88126,3373.04592,550578.29532,38.55556,260.66667,246.7134,2173.38889,1.0,361.48001,455.44331,38.70409,7599.62092,D97.a_8,112.58374,27.10836,116.19455,1.0,139.65761,9.0,1.0,1.3488,18.21457,1694.55904,1.0,4.68865,1.0,5.05556,1.0,2.33333,1.0,1.25161,44.15352,D97.i_8
14818.05857,5893.94114,10147.90283,7125.34567,89003.75502,167.73225,52.59223,70.04792,3120.8237,532302.23976,38.33333,321.55556,205.26896,1765.88889,1.0,577.75779,405.88776,109.59298,7069.50981,D97.a_9,99.80596,13.79391,89.86122,12.06415,242.76872,66.16667,1.0,1.3488,19.39874,1610.67015,1.0,5.06075,1.17778,4.83333,1.0,1.88889,1.0,1.0,38.20908,D97.i_9
34314.57308,8467.49348,11411.22396,6067.58645,109163.55834,9.91798,30.94935,7.13253,4097.83113,617795.23723,52.48111,525.11111,342.38007,3529.14778,1.32502,117.27778,368335.74353,483.71522,16387.43788,D98.a_0,229.62442,29.22222,134.12694,1.0,68.00132,77.23276,1.0,1.0,26.70999,1843.35091,1.0,8.5,1.66667,1.18819,1.77778,1.0,33.51724,1.0,31.49856,D98.i_0
30835.73974,7333.93792,10906.1684,4815.08645,90074.725,10.61374,26.50491,2.2664,3554.44224,568041.07057,52.70334,467.27778,273.32451,3714.09223,4.02231,122.38889,367591.18797,388.71522,14840.6601,D98.a_1,209.29108,31.55556,118.90472,1.0,61.44577,72.64719,1.0,1.0,9.17431,1586.29536,1.0,4.0,1.0,1.18819,1.0,1.44444,6.98001,1.0,29.8319,D98.i_1
29301.90641,7045.10459,11516.61285,4301.19756,85444.94723,7.41974,26.17157,2.36613,3425.9978,518189.12612,49.25889,441.66667,294.10229,3631.25889,2.8084,127.22222,434716.35464,359.82633,14740.10454,D98.a_2,217.73553,31.38889,108.90472,1.0,87.00132,21.90469,1.0,1.0,18.70999,1439.35091,1.0,8.33333,1.66667,1.0,1.77778,1.88889,36.44334,1.12057,28.16523,D98.i_2
27153.7953,6489.77126,12421.39063,4092.08645,74195.39167,6.94532,22.83824,4.69946,3002.72002,465871.23723,45.25889,470.66667,307.76896,3781.25889,1.32502,131.0,502969.4102,309.49299,16162.71566,D98.a_3,227.84664,38.33333,141.34916,1.0,97.7791,49.80332,1.0,1.0,42.59888,1360.79536,1.0,9.22222,3.0,1.82083,1.0,1.44444,165.40557,1.0,34.88745,D98.i_3
22156.51752,5407.82681,12330.11285,3247.86422,55861.89167,12.89064,24.3938,2.31626,2646.94224,428996.9039,33.25889,460.33333,311.49118,3267.92556,1.97507,114.11111,439892.24353,177.71522,20274.32677,D98.a_4,253.95775,30.16667,170.23805,1.0,79.7791,38.23276,1.0,1.37811,14.37666,1287.07313,1.0,11.72222,1.0,1.0,1.0,4.55556,1.51779,1.0,52.55412,D98.i_4
22803.2953,5363.32681,12530.77951,4177.08645,63740.225,12.44795,23.72713,3.48293,2694.22002,401258.45946,33.59223,469.27778,280.60229,3525.42556,1.0,130.55556,486165.96575,200.27077,19367.43788,D98.a_5,238.5133,18.33333,129.57139,1.0,72.89021,77.87915,1.0,1.0,15.86086,1208.62869,1.0,11.72222,1.66667,1.50451,1.0,1.44444,75.68445,1.0,32.38745,D98.i_5
20471.90641,5293.27126,11414.00174,3369.25311,56405.78056,14.72485,24.61602,3.78213,2353.9978,384453.79279,36.37,425.5,266.15785,3287.53667,1.65004,124.11111,351928.24353,188.49299,20302.88232,D98.a_6,225.5133,27.27778,162.12694,1.0,82.53821,81.5158,1.0,1.0,35.17431,1140.35091,1.0,10.5,1.66667,1.6927,1.0,1.0,9.92446,1.24113,36.60967,D98.i_6
19840.85086,5285.43792,10494.11285,3057.19756,58607.44723,33.22485,18.06046,2.2664,2287.10891,365516.84835,36.25889,353.11111,250.76896,2925.25889,1.32502,115.77778,348532.57686,207.54855,19231.88232,D98.a_7,209.23553,11.66667,91.79361,1.0,33.66799,3.81833,1.0,1.0,21.48777,1077.79536,1.0,4.33333,1.0,1.0,1.0,1.44444,13.61001,1.84279,22.12218,D98.i_7
21413.90641,5516.43792,14308.1684,3235.08645,55369.725,30.94795,19.94935,8.34906,2526.10891,338206.51501,40.59223,430.94444,285.76896,3961.64778,1.0,137.77778,594258.63242,182.27077,21737.82677,D98.a_8,193.73553,18.5,130.12694,1.0,121.72354,30.12691,1.0,1.0,8.44215,1035.51758,1.0,3.66667,1.33333,1.0941,1.0,1.0,6.72112,1.0,36.88745,D98.i_8
18685.2953,4983.32681,13462.61285,3270.97533,51125.50278,23.86418,16.94935,4.6496,2170.9978,313906.9039,28.59223,411.22222,173.26896,3970.75889,2.15836,132.72222,618660.24353,175.43744,16983.32677,D98.a_9,219.17997,22.33333,160.12694,1.0,70.76044,25.89942,1.0,1.0,23.77548,982.85091,1.0,9.77778,1.33333,1.3934,1.0,1.88889,33.18445,1.0,43.60967,D98.i_9
8834.85752,4536.51444,59263.75775,6399.3627,15483.64834,540.24882,31.39431,364.27023,870.06622,117194.55237,7.75556,12307.50696,131.88007,1528.52333,1.0,949.05573,1532.75376,80.71156,7941.47962,D99.a_0,415.48576,75.37337,640.13561,1.0,448.84855,73.62277,1.05556,2.25673,43.52158,1495.17128,1.0,245.77778,10.88889,2.71024,1.0,2.33636,2.49038,1.0,117.17181,D99.i_0
8243.19085,3885.95889,58665.81331,5222.41826,14208.20389,505.24882,23.06097,271.77023,757.23289,114938.33015,8.86667,11251.39585,113.10229,1143.57889,1.0,789.16684,1433.68853,66.69291,7287.97962,D99.a_1,405.15243,65.37337,645.58005,1.0,469.34855,112.42749,1.05556,1.0,43.29936,1390.28239,1.0,214.0,7.72222,2.3901,1.0,2.78485,3.11778,1.0,127.39403,D99.i_1
8438.80196,4193.73667,60800.75775,5330.69604,13298.31501,449.91549,23.17208,241.32579,782.51066,112688.71904,5.42222,11264.72919,108.76896,1038.74555,1.0,639.55573,1226.15591,49.55593,7384.03518,D99.a_2,380.37465,92.54004,568.52449,1.0,413.57077,177.89888,1.05556,1.0,40.41047,1343.00462,1.0,192.77778,6.38889,4.15069,1.0,1.00707,3.49038,1.0,99.22736,D99.i_2
7925.07974,3803.73667,57893.36886,4818.69604,14516.37056,554.5266,26.28319,261.27023,726.01066,110131.44126,5.3,10482.78474,92.43563,979.30111,1.0,689.55573,1671.25376,69.156,6970.47962,D99.a_3,356.15243,104.59559,570.19116,6.10448,356.4041,129.01165,1.0,1.0,29.07713,1269.3935,1.0,220.77778,7.5,5.15069,1.0,7.3404,2.49038,1.0,97.89403,D99.i_3
8254.57974,4330.07,58195.47997,4526.69604,13760.81501,497.13771,28.72764,340.88134,775.73289,107862.49682,7.94444,11206.00696,91.99118,1076.63444,1.0,888.27795,1351.0871,82.47449,7640.47962,D99.a_4,378.76354,84.42893,512.63561,5.98673,418.84855,53.06721,1.0,1.41891,36.18825,1217.17128,1.0,182.94444,5.11111,2.42847,1.0,1.00202,5.06223,1.0,104.22736,D99.i_4
8378.69085,4263.45889,59244.31331,4805.30715,13164.09278,737.47105,23.83875,252.04801,792.06622,106366.49682,4.17778,11021.45141,114.15785,1214.46778,1.0,726.66684,2898.75376,60.80783,7450.81295,D99.a_5,411.04132,91.59559,600.19116,1.0,470.4041,170.12277,1.0,1.0,47.29936,1175.17128,1.0,211.16667,5.55556,3.46684,1.0,1.89697,4.80742,1.0,102.39403,D99.i_5
8576.96863,4767.73667,59266.92442,4867.52937,14325.59278,541.91549,26.94986,403.99246,789.51066,105337.99682,8.42222,11440.89585,113.32451,1238.63444,1.0,918.61128,667.42043,81.88926,7803.81295,D99.a_6,371.15243,66.26226,528.02449,1.0,452.57077,62.75916,1.0,1.83782,37.07713,1128.17128,1.0,170.0,8.44444,2.86892,1.0,1.00101,1.74519,1.0,82.22736,D99.i_6
7758.63529,3838.07,55535.09108,4291.41826,13427.42612,425.08216,21.72764,209.9369,676.56622,103204.10793,2.25556,10204.17363,102.04674,1248.63444,1.0,711.94462,552.47599,54.47449,6761.59073,D99.a_7,354.26354,56.2067,487.24672,1.0,391.68188,31.92582,1.0,1.0,32.96602,1081.17128,1.0,171.83333,5.61111,3.42847,1.0,1.44747,7.2978,1.0,87.44958,D99.i_7
7705.02418,3875.62555,55538.81331,4950.25159,14403.42612,583.08216,29.50542,324.49246,736.06622,100671.10793,4.5,10204.28474,100.32451,1204.69,1.0,797.38906,686.36487,100.05593,7237.86851,D99.a_8,337.59688,59.26226,489.41338,11.20895,366.84855,111.98138,1.0,1.0,35.96602,1070.33795,1.0,163.11111,7.61111,1.66788,1.0,1.44646,10.41558,1.0,78.44958,D99.i_8
7570.41307,3824.79222,57545.97997,5060.97382,12884.59278,591.35994,24.72764,281.21468,758.344,97708.88571,4.0,10112.39585,114.88007,1073.41222,1.0,815.00017,1329.36487,86.32267,7289.81295,D99.a_9,362.8191,50.83411,515.63561,1.0,399.57077,56.20194,1.0,1.0,37.18825,1018.00462,1.0,153.33333,8.22222,1.16267,1.0,1.00505,8.72595,1.0,77.17181,D99.i_9
109271.51625,7401.32193,7629.25005,1671.57251,157710.77916,213.01111,4.30656,1.0,785.08917,503807.13951,12.26495,467.11111,7.50695,524.96741,1.0,681.8,216.23667,309.51553,1621.17725,E1.a_0,573.29643,17.12268,84.66567,1.0,817.79045,15.22222,1.0,1.0,5.43353,4869.99416,1.0,10.44101,5.28364,3.659,1.0,3.18536,1.0,1.0,20.96722,E1.i_0
102234.57181,11692.65527,7836.75005,1661.35028,143704.89027,322.2,8.20749,1.0,841.42251,475997.47284,15.54198,489.0,13.58566,518.52297,1.0,771.63333,169.68111,568.29331,1701.28836,E1.a_1,581.51866,32.3449,65.61011,1.0,820.51267,43.83333,1.0,1.0,2.36673,4660.21638,1.0,12.41152,5.0936,4.0763,1.21778,3.4878,1.0,1.0,18.46722,E1.i_1
102260.51625,4940.71082,7959.58338,1633.01695,142743.33472,264.75556,12.44176,1.0,709.64473,457993.80618,12.20864,502.55556,9.93519,494.74519,1.0,667.63333,245.79222,500.1822,1975.12169,E1.a_2,578.29643,19.09008,64.16567,1.0,773.01267,125.83333,1.0,1.0,4.28684,4497.60527,1.0,10.73182,6.45617,4.77011,1.0,6.77804,1.0,1.0,19.13507,E1.i_2
97729.68292,7828.43304,8031.58338,1682.12806,138596.00139,229.7,5.97322,1.0,759.86695,437851.47284,14.21015,469.83333,8.95835,468.30074,1.0,721.57778,218.23667,543.12664,1851.45503,E1.a_3,562.4631,18.86979,85.88789,1.0,861.95711,64.27778,1.0,1.0,5.50688,4392.82749,1.0,14.75309,4.89769,4.76755,1.0,5.10514,1.0,1.0,16.44033,E1.i_3
96007.34958,8256.93304,7426.36116,1653.73917,136566.00139,219.47778,5.81258,1.0,731.20028,420408.0284,13.65309,481.55556,13.91899,426.18963,1.0,740.96667,175.68111,585.07109,1601.01058,E1.a_4,507.40754,18.39853,46.61011,1.0,718.17933,123.94444,1.0,1.0,4.58459,4287.60527,1.09686,18.44101,5.28657,3.74169,1.21778,1.56802,1.0,1.0,13.99529,E1.i_4
90963.62736,7597.9886,7234.19449,1480.73917,128176.33472,229.64444,8.76305,1.0,671.31139,402778.25062,14.20864,452.66667,13.87964,469.13408,1.0,745.18889,198.45889,522.1822,1745.17725,E1.a_5,492.07421,23.72993,52.05456,1.0,694.62378,21.27778,1.0,1.0,2.84458,4193.38305,1.19371,29.48011,2.17253,4.87866,1.21778,1.71002,1.0,1.0,12.41225,E1.i_5
84549.12736,7432.76638,6846.08338,1240.90584,118982.6125,305.75556,6.13387,1.0,649.42251,381262.63951,11.82051,419.05556,4.78473,421.80074,1.0,513.13333,145.07,381.79331,1375.39947,E1.a_6,552.9631,19.17824,57.38789,1.0,768.90156,148.38889,1.0,1.0,3.51124,4025.54971,1.0,20.0144,10.26026,3.87994,1.0,3.04336,1.0,1.0,19.57892,E1.i_6
80725.68292,6305.15527,7121.13894,1364.79473,117042.16805,279.91111,6.41767,1.0,620.47806,367013.36173,11.15384,442.11111,5.85649,422.91186,1.0,581.96667,215.29222,549.40442,1491.45503,E1.a_7,556.9631,19.48668,119.22122,1.0,821.62378,66.33333,1.0,1.0,5.54683,3910.21638,1.0,19.24485,7.81582,5.13186,1.0,7.58048,1.83526,1.0,24.27366,E1.i_7
81613.4607,5816.43304,6834.19449,1225.51695,113268.16805,233.86667,9.02276,1.0,573.86695,358512.86173,10.43238,422.61111,3.18172,444.24519,1.0,463.13333,128.29222,415.62664,1284.01058,E1.a_8,460.35199,19.50771,44.16567,1.0,607.51267,160.83333,1.0,1.0,3.36237,3815.60527,1.0,12.39369,3.53511,2.43933,1.10889,1.142,1.0,1.0,7.07951,E1.i_8
78513.18292,6932.71082,6438.47227,1331.07251,109160.72361,211.01111,4.59036,1.0,606.25584,348975.19507,9.04424,378.33333,3.9595,447.07852,1.0,514.13333,156.90333,284.45998,1092.12169,E1.a_9,534.68532,24.39853,56.499,1.0,780.01267,189.55556,1.0,1.0,5.62236,3705.77194,1.0,17.02743,4.12284,4.49233,1.10889,4.21625,1.0,1.02301,21.38418,E1.i_9
9883.03465,16466.22945,10565.78202,3216.70848,36146.38316,355.39485,6.84161,9.34678,6345.33108,202373.85103,224.96565,3215.41451,6875.16667,449.72222,26.5,1039.50141,370.4618,1422.73039,4582.00913,E10.a_0,89.01773,203.91657,74.49707,1.0,558.56594,177.71111,1.0,1.0,38.05406,1646.97346,10.98793,60.01913,260.91111,1.07142,1.0,1.37638,1.0,6.53687,5.45556,E10.i_0
9567.42354,16437.89612,10498.00424,3410.20848,34575.04983,219.83929,5.79961,2.67563,6201.83108,191130.79547,252.52121,3132.13673,7019.44444,461.94444,14.16667,1057.22363,404.12846,1310.89706,4290.50913,E10.a_1,141.35106,202.97212,84.60818,1.0,778.39927,376.16667,1.0,1.0,36.38026,1500.14012,9.48869,77.01913,260.31111,1.07142,1.0,3.77081,1.94444,7.43037,7.87778,E10.i_1
9055.25687,13319.89612,10166.78202,2927.54181,32915.21649,274.89286,6.28605,1.0,5574.38663,184833.68436,228.63232,3218.74784,6478.94444,407.72222,14.94444,1113.50141,396.07291,1434.11928,3894.28691,E10.a_2,82.01773,250.52768,97.94151,1.0,255.78816,425.57778,1.0,1.0,44.04693,1379.75124,10.98642,53.57468,263.14444,1.03571,1.0,4.14719,2.88889,8.43037,7.34444,E10.i_2
9035.36798,13216.56278,9406.61535,2845.04181,33665.21649,548.33896,5.74537,5.09903,6113.21997,179254.57325,228.29898,2995.97007,7244.83333,418.16667,19.27778,807.44585,316.07291,1043.78595,3528.89802,E10.a_3,138.46217,427.02768,136.94151,1.0,304.23261,607.28889,1.0,1.0,41.8247,1332.4179,12.20864,73.74135,276.58889,1.0,1.0,3.77081,1.0,12.12469,5.76667,E10.i_3
9352.4791,13037.45167,10289.94868,3066.9307,34241.38316,429.06085,5.05159,1.83782,5692.99774,173933.79547,223.29898,3158.13673,7401.11111,424.5,19.05556,980.50141,363.40624,1306.06373,3876.00913,E10.a_4,158.57328,222.08323,109.38596,1.0,381.84372,403.76667,1.0,1.0,46.71359,1279.75124,14.98642,65.07468,270.7,1.03571,1.0,4.21525,1.0,12.35152,7.37778,E10.i_4
9251.20132,15368.72945,10456.22646,3113.37515,32837.49427,384.11674,7.8836,1.83782,5263.60885,170336.62881,208.52121,3107.74784,7428.11111,361.22222,17.61111,1003.94585,408.9618,1434.50817,4155.17579,E10.a_5,83.23995,294.69434,80.05262,1.0,287.1215,540.08889,1.0,1.0077,41.71359,1237.75124,11.54198,69.01913,297.81111,1.0,1.0,6.16523,1.0,6.83309,7.11111,E10.i_5
8843.14576,13689.50723,9580.50424,3035.98626,32496.43871,340.9504,5.00959,2.25673,5339.21997,166613.07325,199.18787,2993.08118,6295.61111,401.94444,17.44444,871.66807,299.01735,1132.28595,3651.50913,E10.a_6,98.51773,239.19434,76.71929,3.01409,248.23261,1043.7,1.0,1.0,49.49137,1180.30679,12.09753,61.90801,281.36667,1.0,1.0,5.92497,1.0,3.92576,6.6,E10.i_6
8380.20132,17689.22945,9019.22646,2832.31959,30079.21649,318.33896,4.8836,3.09454,4713.0533,162043.46214,207.9101,2785.3034,7961.66667,391.27778,8.27778,697.66807,286.29513,1037.61928,3075.23135,E10.a_7,176.01773,499.31626,93.8304,1.0,545.56594,572.04444,1.0,1.0,43.49137,1175.02901,10.54198,62.46357,267.58889,1.03571,1.0,4.72776,1.0,11.2312,8.42222,E10.i_7
8119.64576,15428.67389,8864.83757,2530.09737,28765.54983,199.28374,6.66138,3.09454,4627.83108,153558.51769,205.29898,2787.85895,7005.55556,323.44444,11.66667,840.61252,285.18402,1196.84151,3121.39802,E10.a_8,61.01773,267.47212,69.16374,1.0,163.6215,106.45556,1.0,1.0,34.26915,1127.64012,11.09753,32.68579,220.42222,1.0,1.0,4.89996,1.0,4.72659,3.9,E10.i_8
7747.75687,11182.67389,8548.33757,2845.04181,27727.54983,106.72752,6.89848,8.27018,4347.66441,145122.46214,171.52121,2863.02562,5189.22222,343.16667,6.55556,695.00141,288.07291,1209.11928,2791.34246,E10.a_9,125.35106,445.47212,91.27485,1.0,422.84372,327.95556,1.0,1.0,50.8247,1080.19568,12.31976,61.18579,267.03333,1.0,1.0,6.88192,1.0,10.82387,8.13333,E10.i_9
78044.73725,48981.57778,28442.85078,1291.02183,249102.14091,2856.56151,76.64451,28.69028,3142.59172,316056.80301,39.88889,1169.81733,257.15463,766.19826,1.10889,959.38889,972.83333,5134.09525,3731.27242,E11.a_0,496.45183,251.07291,86.39059,5.21998,1275.04859,5.05451,1.0,1.0,57.50264,3157.8646,1.27778,32.8682,22.52257,2.08014,1.0,4.77096,1.0,80.12882,23.30017,E11.i_0
74234.51503,48639.85556,25290.40634,1224.02183,214896.97424,2601.4504,71.64451,27.27265,3118.09172,303905.35856,37.0,1158.20622,302.87685,750.69826,1.0,1056.44444,998.72222,4949.53969,3524.10575,E11.a_1,439.72961,188.40624,85.5017,3.10999,1147.49304,24.25856,1.03101,1.0,77.78711,2905.8646,1.02222,27.13496,28.40706,1.02714,1.0,3.21833,1.0,82.66575,13.41128,E11.i_1
67699.07059,45409.91111,26108.40634,1002.13294,205606.08535,2552.11707,80.86674,51.35566,2840.4806,296526.19189,34.0,1118.81733,262.59907,714.03159,2.05111,1098.11111,1341.5,4394.76191,3470.1613,E11.a_2,561.17405,380.29513,100.61281,1.0,1511.71526,24.20196,1.0,1.0,68.00933,2764.47571,1.05556,40.91274,15.80914,1.49617,1.0,6.54484,1.0,87.6102,21.56619,E11.i_2
71014.90392,44594.46667,24923.23967,1180.07738,211370.19646,2693.9504,81.81118,37.77265,2861.86949,291189.69189,36.88889,1157.76177,284.9324,725.69826,1.94222,977.33333,1181.88889,4736.31747,3484.32797,E11.a_3,564.39628,305.51735,124.22392,1.0,1470.88193,226.66353,1.0,1.0,70.676,2638.42015,1.03333,36.52385,33.46262,1.21967,1.0,4.32262,1.0,109.88798,19.51064,E11.i_3
67759.6817,45851.68889,24120.23967,1079.57738,202555.14091,2200.4504,84.97785,19.60791,2883.20283,284383.85856,38.0,1086.26177,436.76574,745.03159,1.0,922.27778,1020.38889,4826.6508,3566.6613,E11.a_4,440.34072,179.4618,84.16836,1.0,1133.27082,41.9434,1.0,1.0,82.676,2565.25348,1.13333,34.35718,16.96482,1.21711,1.0,1.66375,1.94444,100.94353,21.41128,E11.i_4
61910.6817,43880.35556,23968.46189,968.57738,186578.69646,2622.33929,64.97785,25.41186,2664.03616,276883.63634,32.22222,1023.53955,223.48796,712.53159,1.0,941.55556,964.05556,4514.87302,3684.82797,E11.a_5,502.06294,207.68402,87.27948,1.0,1295.49304,4.40706,1.0,1.0,71.89822,2497.30904,1.15556,34.35718,17.74479,1.38505,1.0,3.65888,1.0,81.77686,17.01064,E11.i_5
61152.79281,39268.24444,23404.79523,901.52183,191306.86313,2474.28374,66.97785,24.46677,2672.9806,269764.80301,34.22222,1080.42844,212.32129,680.1427,1.0,840.11111,892.77778,4967.92858,3339.99464,E11.a_6,513.28516,280.40624,88.83503,1.0,1310.38193,122.75752,1.0,1.0,61.00933,2428.75348,1.0,24.24607,25.31134,1.66411,1.0,2.32749,1.0,80.55464,21.67731,E11.i_6
58502.1817,42997.85556,21691.573,929.91072,180954.97424,2706.72818,67.0334,18.66282,2700.75838,265861.02523,31.77778,1093.15066,190.09907,725.36492,1.10889,937.38889,801.55556,5585.81747,3096.88353,E11.a_7,532.06294,189.51735,113.83503,1.0,1287.77082,118.70301,1.0,1.0,84.78711,2381.64237,1.01111,39.13496,15.01597,2.10855,1.0,3.43958,1.0,97.33242,14.35573,E11.i_7
59897.07059,37532.24444,22745.12856,942.79961,186428.64091,2743.67263,60.75562,30.32949,2573.36949,262230.58078,36.66667,1068.984,223.98796,668.08714,1.10889,947.16667,870.72222,4933.37302,3510.43908,E11.a_8,501.22961,317.73958,110.94614,1.0,1355.04859,130.92418,1.0,1.0,69.78711,2334.47571,1.03333,43.52385,13.02917,1.19253,1.0,4.77096,1.0,81.99909,18.35573,E11.i_8
61784.12614,41157.63333,22113.73967,829.35516,192320.08535,3123.9504,62.20007,35.91186,2442.64727,255491.63634,31.44444,1062.09511,341.76574,668.92048,1.0,892.38889,876.94444,4544.6508,3342.99464,E11.a_9,498.45183,193.4618,127.33503,1.0,1363.60415,180.20196,1.0,1.0,68.78711,2324.03126,1.0,23.24607,32.90926,1.16539,1.0,3.43763,1.94444,77.22131,17.70081,E11.i_9
17099.66271,2290.62989,13852.77399,6952.94217,46401.87305,41.22927,12.10654,15.92613,1045.17171,348774.51097,14.58261,768.74274,83.35419,98.98379,1.0,356.17552,83.83333,4.71885,697.84781,E12.a_0,108.13167,43.72222,63.90984,4.87747,226.18716,47.11993,1.0,1.0,33.21335,3502.94193,2.63588,36.0,2.10429,1.0,1.0,8.92651,1.79131,1.0,1.15491,E12.i_0
15742.32938,2141.07434,13219.3851,6178.10884,46705.9286,126.28105,12.6621,12.77492,1147.67171,336311.39986,11.13817,809.57608,83.40974,84.92823,1.0,325.9533,163.16667,3.10976,684.34781,E12.a_1,111.68723,28.61111,104.02096,2.68848,247.90938,42.90123,1.0,1.17362,35.32446,3198.83082,1.5502,38.94444,3.82652,1.0,1.0,2.07787,2.58261,1.65793,1.15491,E12.i_1
15284.27382,1848.68545,13263.71843,6167.49773,43014.09527,160.07719,10.99543,21.93386,967.89393,317818.45541,8.4715,1110.24274,93.02085,95.26157,1.0,346.06441,154.11111,10.05083,684.84781,E12.a_2,120.46501,14.66667,69.02096,1.0,192.35383,7.11464,1.0,1.0,34.32446,3067.99749,1.51004,43.61111,3.82652,1.0,1.0,3.07787,3.37392,1.0,1.15491,E12.i_2
15452.71827,2481.18545,13051.27399,5694.94217,43169.48416,149.0254,12.89717,28.29039,939.94948,307487.89986,10.91595,1126.07608,101.9653,116.65045,1.0,348.23108,95.77778,9.0515,658.51448,E12.a_3,130.02056,34.44444,68.13207,1.0,343.96494,55.29012,1.0,1.0,21.99113,2947.16416,1.4846,18.72222,3.29959,1.0,1.0,6.56956,1.79131,1.43862,1.15491,E12.i_3
15072.88493,2214.07434,12870.77399,5767.33106,42709.65082,130.33661,11.50186,19.94932,791.67171,292993.67763,9.02706,879.07608,59.90974,104.81712,1.0,295.00885,173.05556,8.71817,645.34781,E12.a_4,121.35389,32.5,55.57651,1.84424,232.74272,78.903,1.0,1.0,26.10224,2852.83082,2.14592,33.55556,3.24404,1.0,1.0,3.07787,1.0,1.0,1.0,E12.i_4
14254.5516,2489.79656,12785.66288,5573.66439,43253.76194,142.21796,12.05741,15.75173,867.94948,283931.12208,8.13817,859.85386,77.74308,107.65045,1.0,316.34219,164.0,9.66194,585.2367,E12.a_5,123.13167,136.5,112.90984,10.04414,230.63161,208.18077,1.0,1.0,25.65779,2700.55304,1.35341,41.44444,4.49148,1.0,1.0,6.79878,1.0,2.53517,1.0,E12.i_5
14470.44049,2757.01878,12296.05177,5181.21995,41393.09527,279.1883,10.21765,11.60826,840.22726,277875.62208,11.02706,755.52052,92.9653,97.81712,1.0,289.73108,92.66667,7.60706,565.18114,E12.a_6,123.79834,262.94444,65.24318,6.58879,232.29827,87.11816,1.0,1.0,27.88001,2601.21971,1.5502,38.11111,3.41241,1.0,1.0,3.7126,1.0,1.87724,1.53205,E12.i_6
13696.16271,2595.18545,11616.55177,5661.55328,41194.65082,196.19207,10.50186,9.44932,920.94948,271858.78874,9.13817,729.85386,78.40974,113.03934,1.0,325.89774,100.66667,5.32928,551.84781,E12.a_7,117.57612,46.94444,65.68762,12.65525,243.40938,1.0,1.0,1.0,33.10224,2501.49749,1.70683,29.22222,1.55215,1.0,1.0,4.1168,1.0,1.0,1.0,E12.i_7
14177.10715,3314.90767,11909.71843,4979.71995,39593.15082,274.24762,12.10654,17.91066,896.44948,265455.28874,8.43296,663.90941,86.9653,115.5949,1.0,299.78663,138.27778,3.60841,536.2367,E12.a_8,123.35389,28.77778,65.68762,4.03323,169.5205,13.22928,1.0,1.0,27.32446,2401.77527,1.7925,34.61111,4.4107,1.0,1.0,4.60149,1.0,1.43862,1.0,E12.i_8
13807.99604,2376.07434,11122.10732,4928.05328,40050.65082,105.7255,9.78606,14.23626,817.89393,261735.78874,10.4715,586.68719,58.18752,96.81712,1.0,279.9533,127.72222,4.32996,511.62559,E12.a_9,119.90945,31.38889,57.24318,1.42212,216.0205,376.78836,1.0,1.17362,29.32446,2391.33082,1.32798,35.72222,3.8013,1.0,1.0,2.75153,1.0,3.76613,2.73076,E12.i_9
134293.09096,15448.3457,9608.5533,17438.66485,822512.79093,255.56729,16.21784,1.0,2034.09842,1399633.21308,1411.39082,812.63163,102.68808,432.31445,1.0,220.88274,291.54841,1891.20097,2820.55121,E13.a_0,374.68671,39.24961,59.39313,55.19645,4005.70408,750.56729,1.0,1.0,5.78473,14302.70818,8.83333,5.37667,1.0,1.0,1.0,3.74001,1.53049,2.32238,64.95406,E13.i_0
140041.42429,16734.51237,9530.66441,16994.44262,883621.40204,321.23396,16.21784,3.79621,1856.59842,1344931.10197,1336.72415,838.13163,102.46586,429.48111,1.0,215.27162,225.27063,1856.08986,2564.60677,E13.a_1,346.68671,57.03423,68.61535,79.43087,3592.59297,319.12285,1.0,1.0,5.04098,12580.59707,10.16667,6.78762,1.0,1.0,1.0,3.68223,6.54132,4.56183,18.9943,E13.i_1
137958.0354,15990.23459,9495.10885,16534.44262,913132.90204,384.95618,15.7734,3.09874,1737.8762,1300758.71308,1754.66859,744.63163,103.35475,410.14778,1.10889,206.93829,281.65952,1768.92319,2594.77343,E13.a_2,403.68671,53.92312,44.05979,44.80756,3905.59297,267.6784,1.0,1.0,5.85279,11654.54152,8.77778,7.47556,3.19078,1.13167,1.0,1.63334,3.65243,4.63381,79.22035,E13.i_2
131697.81318,16636.17904,9867.99774,15543.33151,868196.17981,329.51174,15.32895,2.86414,1676.76509,1257990.43531,1635.77971,758.68719,105.2992,422.59223,1.10889,191.88274,284.65952,1767.5343,2435.27343,E13.a_3,367.5756,121.86072,64.94868,53.70864,3793.75964,300.18701,1.0,1.0077,2.38334,10815.04152,9.5,6.30969,1.0,1.13167,1.0,1.82001,5.48035,9.8177,18.88319,E13.i_3
130566.47985,16469.3457,9429.99774,17903.99818,840339.90204,296.6784,10.66228,1.0,1690.65398,1220298.3242,1214.39082,743.18719,82.24364,421.53667,1.0,207.88274,212.66917,1646.25652,2510.55121,E13.a_4,376.85337,69.98552,55.28202,27.11651,3173.20408,403.23396,1.0,1.0077,3.93889,10326.70818,6.88889,6.8881,1.0,1.26333,1.0,3.02223,6.07181,10.59548,12.79888,E13.i_4
116730.42429,14755.67904,9102.99774,14828.99818,750687.51315,247.34507,15.99562,1.93207,1572.54286,1181648.93531,1574.39082,733.13163,87.35475,386.81445,1.0,206.21607,232.99285,1598.92319,2306.71788,E13.a_5,403.29782,60.14534,58.05979,50.84414,3555.75964,255.34507,1.0,1.0,6.92987,9664.98596,6.5,5.32112,1.0,1.0,1.0,3.26667,6.48576,5.74492,44.16862,E13.i_5
120206.5354,15537.01237,9268.49774,16092.94262,656735.79093,195.95618,11.66228,1.0,1584.48731,1137246.15753,1662.33526,738.57608,104.24364,360.92556,1.0,173.77162,226.3914,1490.64541,2317.49566,E13.a_6,369.68671,53.42768,53.72646,50.08534,3175.20408,269.84507,1.0,1.0,4.11806,9261.04152,5.77778,6.0981,1.0,1.74889,1.0,2.16,1.0,10.02818,92.77208,E13.i_6
99398.59096,13289.51237,7744.5533,11235.10929,619332.95759,290.34507,11.99562,4.2654,1264.32064,1025309.8242,1142.72415,562.90941,85.96586,343.92556,1.10889,183.32718,204.17883,1457.14541,2080.99566,E13.a_7,359.29782,71.41627,73.28202,15.46204,3579.48186,146.62285,1.0,1.0,2.24722,8814.8193,6.38889,10.43223,1.0,1.0,1.0,4.68223,7.9607,15.77857,12.80271,E13.i_7
98392.09096,12640.01237,7475.71997,12918.88707,603794.73537,395.06729,10.32895,1.0,1310.48731,915912.26864,788.11304,555.46497,72.18808,317.37,1.10889,160.32718,167.82618,1339.86764,2013.05121,E13.a_8,386.85337,86.0875,69.72646,72.8875,3374.8152,205.52895,1.0,1.0,1.83681,8416.48596,4.66667,26.64223,2.36549,1.0,1.0,13.8489,9.43021,9.57278,45.67245,E13.i_8
95527.70207,12174.56793,6900.77552,10766.49818,566886.95759,477.28951,9.66253,1.0,1091.26509,861206.93531,863.16859,494.68719,57.2992,256.98111,1.0,163.0494,156.9373,1196.86764,1847.38454,E13.a_9,448.02004,60.20318,76.94868,30.85093,3501.70408,296.18701,1.0,1.0,2.27223,8158.87485,6.38889,8.7762,1.0,1.0,1.0,5.01779,3.00542,7.84508,106.95023,E13.i_9
62129.80886,12475.0777,11773.26409,28818.40038,705866.33712,357.7539,32.52121,18.11248,1945.0143,2607451.42439,1505.9715,12927.83237,2948.70582,432.86208,1.0,125.12656,436.15115,15525.32913,3582.59136,E14.a_0,283.80784,348.51303,162.11868,175.27448,5175.26199,732.43702,1.0,1.0,25.48919,32205.39521,29.65282,157.15352,27.12456,7.55556,1.0,1.0,1.0,209.30829,23.79255,E14.i_0
69889.80886,12716.85548,11000.70853,30296.40038,702043.89267,269.6719,33.4101,11.86023,1893.45874,2483790.64661,1604.91595,12658.99904,2982.53915,486.02874,1.0,143.79322,354.87337,15627.77358,3253.48025,E14.a_1,285.08562,107.29658,153.00757,112.89322,5113.03976,686.3106,1.0,1.0,19.82253,29598.11743,27.31949,144.04241,38.18863,3.94444,1.0,1.0,1.0,155.80829,24.01477,E14.i_1
60522.19775,12110.5777,10520.3752,25993.17815,638396.94823,314.97878,30.07676,12.51793,1920.73652,2378544.31328,2001.30484,11706.44348,3017.48359,522.47319,1.0,141.12656,423.26226,15499.05135,3143.20247,E14.a_2,268.69673,66.25256,145.56313,184.35292,4628.70643,684.14393,1.01111,1.0,20.63485,26569.33965,19.31949,161.54241,40.40234,3.44444,1.0,1.42256,1.0,190.03051,19.11807,E14.i_2
57539.25331,11920.02214,10859.48631,28997.23371,630781.22601,316.92057,30.4101,1.83782,1734.18097,2285232.09105,2004.86039,11674.94348,3143.81693,524.75096,1.0,132.79322,429.15115,15654.16246,3187.5358,E14.a_3,284.03006,156.09167,125.67424,46.7015,5312.70643,698.39677,1.0,1.0,17.44718,24383.56188,23.09727,126.15352,25.57752,1.5,1.0,1.0,1.0,142.30829,24.88803,E14.i_3
62307.03108,13024.5777,10838.09742,28753.17815,650568.22601,339.58989,27.07676,16.01793,1831.62541,2210657.42439,1714.52706,11875.6657,2685.87248,648.25096,1.0,120.45989,362.7067,14619.77358,3242.70247,E14.a_4,226.80784,67.14145,129.67424,106.4161,4687.98421,800.27035,1.0,1.0,17.04475,23046.89521,20.09727,170.48685,42.63307,5.11111,1.0,1.0,1.0,167.4194,19.95922,E14.i_4
54198.47553,12061.74437,11061.15298,28671.56704,611078.17045,395.03433,24.07676,8.92788,1677.18097,2143265.20216,1323.80484,11829.83237,3008.81693,529.19541,1.0,133.34878,393.42893,14631.38469,3071.81358,E14.a_5,245.91895,70.90769,143.67424,138.34529,4531.59532,868.92171,1.0,1.0,20.63485,20910.50632,19.20838,171.20908,37.12456,7.88889,1.0,1.0,2.88889,188.97495,19.84811,E14.i_5
52987.19775,18033.63325,10346.43075,28057.06704,562954.6149,325.20365,22.74343,7.85127,1489.18097,2090020.97994,1345.52706,10050.22126,2280.87248,595.02874,1.0,60.15656,331.15115,13218.88469,2851.64691,E14.a_6,261.14117,60.20278,153.56313,110.33766,3877.92865,449.78566,1.01111,1.0,20.37808,19511.33965,22.31949,135.09796,34.41936,7.83333,1.0,1.0,2.88889,177.25273,18.57033,E14.i_6
53961.64219,13516.46659,10571.48631,24992.67815,585991.1149,356.00523,21.74343,6.26569,1573.23652,1998868.31328,1503.36039,10382.99904,2203.65026,464.97319,1.0,88.80214,296.42893,13345.16246,2747.48025,E14.a_7,190.91895,75.06859,154.00757,63.39105,3086.65088,815.83554,1.0,1.0,11.48173,18504.11743,16.20838,96.48685,16.60305,2.66667,1.0,1.0,1.0,137.80829,17.25305,E14.i_7
48824.41997,13634.91103,10420.93075,23554.34482,539812.00378,316.92322,20.52121,14.43236,1508.40319,1926724.14661,1652.69373,9629.49904,2320.59471,502.97319,1.0,75.12656,391.42893,12836.71802,2526.75802,E14.a_8,185.03006,28.44808,123.78535,95.63616,3518.3731,930.61331,1.0,1.0,10.29406,18035.17299,14.4306,126.9313,30.34678,1.33333,1.0,1.0,2.88889,140.64162,13.6975,E14.i_8
48370.14219,15022.46659,10428.81964,24583.90038,536294.05934,360.00523,23.96565,22.68908,1439.0143,1882389.64661,1569.08261,9746.33237,2407.20582,530.86208,1.0,86.23767,364.7067,12939.05135,2749.59136,E14.a_9,189.14117,72.06859,171.28535,40.97712,4048.42865,830.05776,1.0,1.0,12.33607,17346.33965,15.98615,129.70908,41.02196,2.05556,1.0,1.0,1.0,146.75273,17.91972,E14.i_9
112034.01693,17599.32618,15597.20999,8948.43225,734719.95897,108.01577,10.09727,41.76187,1953.42165,1078050.48055,300.48615,19067.74784,139.99089,796.09727,1.0,17124.66719,347.92997,11189.17484,6859.8242,E15.a_0,279.82205,155.55556,79.49797,71.10249,5053.1702,1666.65016,1.0,1.0,8.09301,28786.47542,7.9676,35.85895,4.44444,2.03242,1.0,1.39936,1.0,56.1102,16.70437,E15.i_0
108879.46137,17987.21507,15548.70999,8614.54336,732346.95897,116.238,10.98615,62.25657,2010.08832,1054932.81388,309.15282,18786.52562,173.99089,829.15282,1.0,17274.88941,416.37441,10820.61928,6894.04642,E15.a_1,267.59983,263.61111,73.38686,51.01692,4854.72575,636.08034,1.0,1.0,5.06695,24705.19764,20.06383,41.13673,7.0,2.05634,1.0,1.0,1.0,52.33242,17.49207,E15.i_1
105690.96137,17901.4373,15387.59888,7652.71003,746765.01453,30.38514,12.20838,36.37912,1872.14388,1010974.53611,290.4306,17744.69229,172.15756,802.09727,1.0,16847.66719,514.37441,10943.23039,6709.04642,E15.a_2,258.32205,135.44444,70.72019,17.13665,4287.11464,312.43695,1.0,1.0,5.7166,21219.2532,12.32805,43.35895,8.85556,1.54013,1.0,1.0,1.0,41.1102,8.43254,E15.i_2
106367.85026,19810.38174,15159.48777,8001.54336,697003.23675,46.34911,10.4306,56.39588,1861.08832,979829.42499,369.81949,17084.02562,205.71311,807.59727,1.0,16549.11163,428.31885,10153.84151,6458.8242,E15.a_3,242.76649,96.94444,62.60908,32.43582,3228.89242,317.63589,1.0,1.0,5.7166,17696.97542,6.53803,51.74784,5.98889,1.0,1.0,1.57756,1.0,35.70284,8.89088,E15.i_3
100863.6836,16062.82618,14989.20999,7590.59892,748372.12564,145.02478,11.40668,54.99024,1853.19943,954508.92499,375.04171,16836.13673,161.102,743.26393,1.0,16142.00052,434.04108,10609.89706,6269.87975,E15.a_4,224.21094,86.0,88.27575,1.0,3267.44797,708.98349,1.0,1.0,6.7166,16093.19764,7.00959,55.24784,3.82222,1.07948,1.0,2.02201,1.0,41.16575,8.97223,E15.i_4
99415.46137,17892.04841,14414.70999,7826.3767,676715.23675,46.58935,9.27164,41.22921,1906.08832,930919.81388,326.65282,16315.24784,162.32422,705.26393,1.0,15704.55608,378.65219,8263.84151,6214.99086,E15.a_5,229.48872,91.0,78.94241,1.0,3215.6702,280.69145,1.0,1.0,5.58848,14028.80875,3.45404,49.29889,2.33333,1.34954,1.0,1.57756,1.0,32.51786,9.01786,E15.i_5
94841.79471,18937.32618,15009.87666,8544.15447,676373.23675,110.98349,13.87504,54.32887,1907.92165,912313.31388,297.37504,15957.58118,189.37978,915.9306,1.0,15632.16719,284.7633,8966.50817,6106.54642,E15.a_6,164.65538,72.83333,94.38686,1.0,1874.50353,663.81683,1.0,1.0,5.60549,11834.30875,1.70602,43.90549,4.8,1.63582,1.0,1.0,1.0,30.96215,8.89683,E15.i_6
96289.35026,17090.10396,14289.43221,8042.59892,650927.90342,60.97823,10.85112,49.60665,1901.64388,900485.64722,277.4306,15186.19229,142.32422,735.76393,1.0,16791.00052,262.98552,7457.39706,5793.04642,E15.a_7,193.98872,116.16667,84.72019,1.0,2336.39242,1520.30782,1.0,1.0,5.68258,9733.58653,2.03935,48.63673,9.63333,1.63582,1.0,1.0,1.0,36.14729,7.63889,E15.i_7
95828.96137,20396.10396,14537.48777,8237.32114,680040.51453,105.17718,10.96223,174.6181,1781.03276,890676.75833,292.15282,15973.13673,173.99089,715.09727,1.0,16667.50052,345.15219,7822.28595,5861.99086,E15.a_8,126.76649,108.16667,77.60908,1.0,1388.6702,766.25226,1.0,1.0,2.24719,8347.91986,2.01224,38.74784,11.98889,1.15896,1.0,1.26624,1.0,18.36951,15.59921,E15.i_8
93692.23915,21491.82618,14786.59888,7761.54336,645656.12564,23.01052,10.76393,46.34562,1863.81054,884410.14722,343.48615,15618.8034,185.37978,709.9306,1.0,15987.00052,261.98552,8045.06373,5626.60198,E15.a_9,109.76649,56.83333,99.8313,8.8675,1398.1702,1526.76127,1.0,1.0,1.60659,7513.7532,1.13823,35.18778,1.53333,1.51621,1.0,1.13312,1.0,37.53617,5.25001,E15.i_9
55960.8872,10099.20872,6470.30795,3071.55786,171620.38787,9.27209,1.22174,1.5232,439.65643,309303.78595,151.6885,771.45725,59.84931,166.70334,1.0,76.81788,5.24389,1.05095,1434.72437,E16.a_0,414.16012,325.98096,116.34889,1.0,3559.3042,947.02163,1.0,1.0,8.05609,12031.00336,6.67167,54.94676,7.24724,3.27499,1.0,1.0,1.0,54.25335,28.94676,E16.i_0
51096.10942,8823.09761,6712.53017,2950.44675,170900.6101,103.79703,1.55434,1.5232,413.15643,295188.45261,120.79961,700.51281,52.46042,211.37,1.0,180.20677,10.72424,71.4704,1411.22437,E16.a_1,548.10456,220.31885,114.23777,1.71409,2666.41531,840.02163,1.0,1.0,18.17421,8319.67003,5.89389,25.94676,5.29279,2.44965,1.0,1.0,1.64723,29.6646,43.9401,E16.i_1
52725.10942,7618.43094,6036.69684,2785.55786,157365.22121,21.60543,1.0,1.0,390.32309,279680.39706,141.35516,589.95725,35.84931,114.92556,1.0,59.26232,8.84077,5.18244,1119.50214,E16.a_2,770.9379,218.2633,179.51555,3.14227,3264.8042,1477.29941,1.0,1.0,17.61865,7165.22559,11.005,59.74898,11.55004,1.03437,1.0,2.97682,1.38834,7.06639,32.66232,E16.i_2
52667.99831,7621.81983,5881.53017,2976.33564,159663.94343,143.67629,1.0,1.0,384.76754,270803.50817,126.91072,643.29058,51.68264,117.53667,1.0,95.0401,14.0325,4.07132,1227.50214,E16.a_3,739.88234,287.81885,155.23777,7.18156,2995.08198,1664.07719,1.0,1.0,16.61865,6834.55892,10.36549,59.88454,7.25725,1.29097,1.0,1.42899,1.0,1.06639,30.77343,E16.i_3
44884.66498,6685.65317,6299.41906,2189.28008,133596.94343,87.92826,1.66618,1.0,380.76754,261811.61928,356.02183,688.67947,37.34931,163.59223,1.0,394.98454,7.01625,211.46579,1665.27992,E16.a_4,748.16012,252.70774,136.29333,10.9756,2994.58198,876.91052,1.0,1.0,16.44848,6629.89225,9.15809,42.21788,4.91391,1.43646,1.0,1.0,1.25889,1.06639,19.4401,E16.i_4
51325.94276,6383.65317,6536.91906,3815.55786,159458.88787,63.12555,1.0,1.0,355.10087,252998.3415,188.02183,589.56836,28.40926,142.70334,1.0,216.42899,13.0325,87.74357,1373.11326,E16.a_5,511.82679,207.20774,112.46,1.0,2221.63754,757.6883,1.0,1.0,10.93095,6388.3367,7.22722,29.99566,2.57057,1.15468,1.0,1.0,1.38834,1.06639,32.49566,E16.i_5
46821.10942,5315.09761,6059.25239,2333.78008,147914.83232,23.14086,1.11087,1.0,326.32309,248735.17483,196.46628,582.23503,20.90926,135.87,1.0,234.37343,14.855,85.91024,1297.44659,E16.a_6,523.82679,191.09663,134.68222,1.0,2320.19309,838.35496,1.0,1.0,9.60463,6220.55892,9.08896,20.55121,1.78278,1.01719,1.0,1.2145,1.38834,2.51084,32.38454,E16.i_6
49037.77609,5557.15317,5935.36351,2687.39119,151694.05454,51.91864,1.55483,1.0,338.76754,245196.89706,92.02183,566.45725,32.52037,89.20334,1.0,191.81788,10.91056,70.40005,1120.94659,E16.a_7,556.4379,158.70774,121.79333,2.42818,2276.3042,868.85496,1.0,1.0,8.33737,6058.22559,5.11611,25.21788,1.0,1.42326,1.0,1.65894,1.38834,2.96611,24.32899,E16.i_7
47450.72054,5915.9865,6007.47462,2721.00231,143135.1101,75.43395,1.44347,1.0,351.9342,242519.78595,87.24405,578.29058,18.12709,134.87,1.0,211.09566,16.61854,55.92043,1279.50214,E16.a_8,577.49345,175.92997,118.34889,1.0,2694.02642,852.41052,1.0,1.0,10.39643,5874.50336,8.04698,25.60677,6.47447,1.06875,1.0,2.30243,1.12945,1.48847,23.32899,E16.i_8
45900.22054,5371.4865,5651.75239,2372.44675,147887.77676,9.24716,1.11087,1.0,319.9342,240084.11928,105.35516,567.06836,25.01597,106.59223,1.0,185.0401,13.855,51.34449,1188.11326,E16.a_9,526.16012,155.59663,125.62666,2.42818,2203.47087,807.13274,1.0,1.0,9.10814,5685.67003,6.75562,28.74898,3.74724,1.35972,1.0,1.42899,1.25889,3.25542,30.16232,E16.i_9
23058.36212,6715.65888,24740.96113,6516.36104,74502.80404,529.09734,21.35516,28.02481,2193.35966,547315.61782,91.59087,22807.3106,257.16835,272.0,1.0,6874.28889,450.35464,12854.65995,1930.81026,E17.a_0,433.54402,86.55556,287.025,1.0,1129.02641,1.0,1.0,1.0,79.88621,21400.17854,1.56892,1260.81066,4.05044,2.08194,1.0,243.97569,1.0,129.63911,47.23618,E17.i_0
21372.1399,7131.82554,22237.40557,6366.69437,69297.80404,734.48623,22.6885,19.85814,2112.02632,518536.06227,87.25754,21459.36616,212.11279,317.38889,1.0,6624.17778,385.9102,12370.49328,1872.7547,E17.a_1,359.76624,94.88889,236.46945,1.0,900.35974,14.51111,1.0,1.0,72.7751,18377.56743,2.50896,1050.36622,2.44104,1.85173,1.0,187.53125,1.53934,104.97244,35.68062,E17.i_1
20494.36212,7960.3811,24065.79446,6457.19437,63100.19293,578.48623,20.6885,22.19148,2236.19299,496531.17338,87.14643,21097.86616,233.50168,376.66667,1.0,5718.01111,323.46575,11139.38217,1700.19915,E17.a_2,323.04402,91.83333,234.13611,1.0,860.24863,41.83333,1.0,1.08681,74.33065,17005.62299,1.98892,1004.42177,4.05044,2.74461,1.0,160.47569,1.0,93.13911,33.34729,E17.i_2
19742.75101,8707.71443,21943.6278,5880.9166,64121.13738,430.98158,20.79961,14.8676,2153.08188,476979.06227,81.81309,19773.86616,215.22391,349.88889,1.0,5575.56667,356.18797,11031.38217,1701.58803,E17.a_3,316.15513,109.88889,231.80278,1.0,825.30419,4.53333,1.0,1.0,67.33065,16453.95632,2.13783,982.31066,3.71881,1.8901,1.0,144.47569,1.26967,85.63911,32.29173,E17.i_3
19974.36212,8283.21443,23587.18335,5906.63882,63302.02627,765.43067,23.13294,22.19148,2258.63743,466075.11782,80.81309,20202.69949,239.50168,307.0,1.0,6246.62223,398.9102,9636.60439,1980.58803,E17.a_4,339.04402,110.0,249.91389,1.0,836.35974,2.17778,1.0,1.17362,73.10843,16012.62299,2.44673,946.86622,2.99318,1.30017,1.0,150.03125,1.0,60.63911,33.9584,E17.i_4
19480.02879,7931.49221,23449.01669,5627.58326,60667.74849,496.65057,20.02183,39.17256,2172.8041,455764.17338,71.70198,18916.75505,235.22391,345.5,1.0,5416.12223,352.46575,9513.65995,1677.58803,E17.a_5,320.32179,124.16667,226.46945,1.0,848.69308,1.0,1.0,1.0,68.10843,15534.67854,2.5334,927.19955,2.85515,2.28298,1.0,157.47569,1.0,88.91689,27.9584,E17.i_5
18542.47323,8536.49221,19973.90557,5227.4166,59465.58182,525.09734,21.57739,11.69148,1976.35966,443720.61782,73.81309,18606.19949,224.39057,327.38889,1.0,5356.9,272.96575,10533.77106,1613.14359,E17.a_6,314.21068,108.11111,207.46945,1.0,790.08197,1.0,1.0,1.0,59.99732,14720.34521,1.59335,849.58844,3.21881,1.41527,1.0,114.86458,1.0,107.91689,16.18062,E17.i_6
17428.97323,9109.65888,21223.35002,5235.24993,59267.8596,547.76168,18.24405,18.3676,2001.13743,429966.50671,76.70198,17810.03282,215.22391,375.05556,1.0,4372.84445,253.46575,9373.27106,1612.58803,E17.a_7,253.15513,80.94444,182.91389,1.0,709.24863,146.8,1.0,1.0,49.7751,14221.28965,2.56892,870.25511,3.38207,1.03437,1.0,134.92013,1.0,34.13911,36.56951,E17.i_7
16915.1399,8175.82554,21727.35002,5057.02771,56169.41516,586.59734,18.6885,20.05318,2002.85966,416744.95116,75.81309,17651.86616,218.39057,300.33333,1.0,4578.12223,407.9102,8570.54883,1531.53248,E17.a_8,241.21068,86.0,168.35833,1.0,659.74863,58.8,1.0,1.0,47.66399,13759.06743,2.33562,827.92177,1.85855,1.51319,1.0,149.03125,1.0,12.66526,34.4584,E17.i_8
16512.97323,8517.49221,20268.51669,5020.97215,55889.02627,681.264,15.79961,14.02481,1808.19299,403434.00671,68.03531,16545.8106,210.39057,353.94444,1.0,4624.34445,407.85464,9322.15995,1422.14359,E17.a_9,244.32179,51.61111,185.46945,1.0,654.24863,53.53333,1.0,1.0,45.99732,13407.2341,2.21114,773.81066,2.24744,2.2618,1.0,123.03125,1.0,34.08355,20.73618,E17.i_9
23157.02031,8449.52066,10264.48952,455.50938,82440.45755,749.88889,18.53333,20.83898,1361.95559,146055.3393,11.65282,732.78713,45.16649,470.32236,1.0,35304.67432,407.55556,59.6467,26917.74153,E18.a_0,626.53063,1881.58323,262.31123,1.0,2054.59148,2129.07054,1.0,1.0,19.30319,3191.76016,1.0,67.38454,10.31644,6.23753,1.0,256.19807,2.01406,1.0,133.31026,E18.i_0
20991.07587,8346.85399,9726.71174,460.89827,81327.902,614.27778,19.75556,4.96836,1353.84448,141598.22818,9.65282,762.73158,40.96162,454.2668,1.0,37883.39654,528.33333,59.98004,30121.85264,E18.a_1,692.97508,1504.7499,413.92235,2.76591,2536.20259,2737.90387,1.0,1.0,16.63653,2981.87127,1.0,72.82899,8.18423,10.46741,1.0,260.92029,4.95181,1.0,137.47692,E18.i_1
19802.85364,9006.68733,9066.65619,331.89158,76435.84644,680.0,16.86667,11.50283,1259.90003,137931.89485,5.98615,712.28713,31.85051,436.87791,1.0,31085.22987,522.38889,31.09913,23713.46375,E18.a_2,641.14174,1388.86101,264.36679,1.0,1908.59148,1601.01498,1.0,1.7845,18.74764,2808.64905,1.0,67.55121,10.29535,8.16601,1.0,242.08695,1.17403,1.0,126.7547,E18.i_2
21442.46476,8737.18733,9902.2673,471.28716,81050.34644,729.38889,17.64444,16.87062,1362.12226,133656.39485,7.54171,596.62047,31.64564,388.15569,1.0,33294.39654,643.27778,32.42448,25082.85264,E18.a_3,591.6973,3009.30545,322.4779,1.0,2342.14703,2427.79276,1.0,1.0,17.47938,2646.42682,1.02392,68.82899,12.40646,8.27712,1.0,300.0314,1.0,1.0,131.47692,E18.i_3
20914.18698,8521.24288,9387.65619,386.2316,70950.17978,1109.55556,15.08889,6.13503,1302.45559,129501.89485,8.87504,740.73158,46.42342,403.87791,1.0,33866.67432,501.66667,58.19627,25552.96375,E18.a_4,699.30841,1567.58323,324.03346,1.88295,2231.3137,2388.23721,1.0,1.0,16.44684,2573.03794,1.15896,71.49566,6.79535,6.16601,1.0,245.80918,3.99331,1.0,139.69915,E18.i_4
18849.79809,9180.79844,8661.7673,334.50938,72077.01311,388.38889,14.97778,4.96836,1184.51115,126870.61707,7.4306,571.39825,22.79495,386.15569,1.0,26232.0632,310.55556,19.87691,19820.18597,E18.a_5,468.6973,1424.2499,515.42235,1.0,1690.48037,1938.23721,1.0,2.569,17.24366,2520.42682,1.0,61.27343,8.99647,5.88025,1.0,262.19807,1.06961,1.0,133.31026,E18.i_5
20208.74253,9005.57621,9499.87841,388.7316,76876.06867,801.33333,17.31111,18.27006,1281.78892,125180.22818,7.20838,567.78713,22.75675,396.15569,1.0,34266.50765,469.0,42.80538,25933.85264,E18.a_6,756.80841,1747.63879,339.25568,1.0,2640.98037,2495.34832,1.0,1.0,19.4143,2420.64905,1.0,70.77343,12.79535,6.26914,1.0,261.30918,4.01406,1.0,145.19915,E18.i_6
19077.52031,7582.57621,9039.48952,293.17605,72834.56867,491.0,12.2,16.63503,1213.34448,123343.95041,8.76393,512.00936,16.70119,389.15569,1.0,35180.61876,345.22222,85.30339,30587.18597,E18.a_7,675.86397,2381.08323,259.20012,1.0,2196.48037,2528.45943,1.0,1.0,15.89129,2363.14905,1.0,76.88454,6.29535,6.39622,1.0,273.30918,98.20883,1.0,147.47692,E18.i_7
18910.85364,8637.07621,9365.7673,352.62049,71964.56867,575.05556,18.42222,22.70396,1277.51115,121134.3393,7.09727,585.39825,34.05538,406.10013,1.0,33543.61876,324.44444,61.46806,27962.01931,E18.a_8,741.91952,1833.08323,293.03346,1.0,2531.75814,2962.84832,1.0,1.0,15.7016,2290.03794,1.0,58.71788,13.70533,6.88823,1.0,240.97584,2.11847,1.0,129.14359,E18.i_8
18276.9092,7801.52066,9173.2673,301.00938,68170.17978,727.05556,16.2,2.8678,1234.62226,119112.8393,7.76393,638.89825,28.87136,372.93347,1.0,35178.95209,371.94444,45.85495,27594.68597,E18.a_9,502.08619,2360.36101,384.58901,1.0,1709.14703,1856.29276,1.0,1.0,18.66906,2268.92682,1.0,58.71788,6.8509,8.46741,1.0,227.86473,1.0,1.0,128.31026,E18.i_9
43932.36367,44460.8,5428.76795,1821.9811,202788.34297,14.91864,3.48298,4.30496,8354.24475,791310.98563,554.17199,974.18068,2200.38594,217.12948,1.0,852.07778,77.20194,767.24314,1296.32457,E19.a_0,2089.98719,869.57,130.38232,1.0,8858.40318,9.76447,1.0,1.0,300.75256,33997.11147,14.34026,52.46829,115.8514,11.03333,1.64166,50.09187,8.55556,55.59506,58.01779,E19.i_0
48578.03034,35311.18889,5513.04573,1698.14777,230086.56519,35.49913,2.17038,2.81442,7657.41141,746656.6523,492.94976,1027.84735,1996.77483,175.79615,1.0,897.57778,87.70664,999.24314,1018.76901,E19.a_1,1974.87608,656.51444,153.93788,1.0,8340.68096,13.11893,1.0,1.0,183.197,31973.83369,5.85202,56.5794,13.83099,7.92222,1.64166,38.4252,7.66667,60.20617,60.29556,E19.i_1
42571.53034,36878.02222,5954.26795,1819.20333,189538.95408,13.38321,5.03853,1.32388,7602.02253,723021.20785,524.44976,1085.56957,2106.21927,231.18504,1.0,908.02222,86.43122,858.24314,1572.49124,E19.a_2,1763.32053,394.84778,195.38232,1.0,7228.95874,5.65336,1.0,1.0,135.53034,30400.05591,6.38406,43.0794,4.71084,6.57778,1.0,36.81409,9.66667,38.20617,54.24001,E19.i_2
41211.58589,41347.85556,5053.37906,1558.70333,185856.45408,67.8679,1.51408,1.64775,8458.91141,697370.81896,453.17199,890.68068,2187.4415,193.62948,1.0,805.57778,70.98207,841.13202,1524.26901,E19.a_3,1972.0983,609.01444,176.54899,1.0,8173.34763,44.38419,1.0,1.0,137.08589,29620.72258,4.52883,46.69052,7.82195,5.42222,1.0,41.36965,7.77778,63.53951,60.79556,E19.i_3
45190.03034,40704.63333,5801.10128,1700.53666,194328.34297,37.52975,2.79557,2.61938,7520.07808,680539.98563,444.00532,1073.73624,1782.55261,227.74059,1.0,991.24444,109.48677,949.57647,1792.38012,E19.a_4,1814.32053,499.01444,169.6601,3.04463,7623.29207,12.79421,1.0,1.60833,146.08589,28422.00036,3.37392,40.5794,12.22557,7.97778,1.0,39.90158,7.66667,51.20617,57.6289,E19.i_4
41665.75256,35913.18889,5333.49017,1483.86999,177474.62075,16.42913,3.79557,1.97163,6913.41141,660411.1523,362.89421,969.12513,1895.49705,232.74059,1.0,927.3,78.92651,935.52091,1677.82457,E19.a_5,1580.20942,481.68111,132.99343,2.02231,6650.79207,11.17058,1.0,1.0,120.64145,27401.00036,12.10789,31.10145,21.3514,5.01111,1.0,33.53631,19.33333,74.81729,42.85112,E19.i_5
39188.97478,36321.57778,4597.99017,1494.14777,191827.84297,45.25678,2.48298,1.97163,7135.74475,642417.48563,380.44976,954.62513,1841.77483,171.96282,1.0,862.46667,57.20429,903.46536,1341.26901,E19.a_6,1491.48719,588.73667,96.38232,1.0,6566.01429,8.7903,1.05556,1.0,127.197,25863.77813,22.63994,41.24607,22.25502,4.9,1.0,32.31409,21.44444,72.81729,52.01779,E19.i_6
36956.08589,31667.18889,4582.26795,1326.53666,171164.50964,28.81234,2.12891,1.64775,6372.85586,625325.09674,324.11643,810.56957,1529.4415,205.51837,1.0,822.3,38.98677,1067.13202,1078.10235,E19.a_7,1627.04275,466.68111,116.60454,1.0,6689.29207,8.03365,1.05556,1.0,129.41923,24920.88925,4.70725,34.52385,10.29585,6.28889,1.0,31.75853,14.66667,95.70617,55.6289,E19.i_7
38526.197,36882.8,5340.71239,1378.09222,169091.1763,19.54987,1.62519,1.32388,7317.35586,618458.37452,388.94976,902.56957,1980.21927,230.79615,1.0,795.07778,62.87566,694.35425,1150.38012,E19.a_8,1392.93164,405.84778,100.38232,1.0,5530.73651,9.87167,1.0,1.0,96.41923,23327.33369,5.05073,50.64598,12.91834,7.81111,1.0,43.25853,44.83333,103.03731,71.29556,E19.i_8
36136.75256,29311.24444,4868.3235,1202.64777,168503.00964,22.64567,1.82668,1.64775,6742.02253,607607.54119,333.44976,901.51402,1368.9415,180.12948,1.0,790.02222,40.36861,901.18758,1223.49124,E19.a_9,1378.70942,322.18111,113.04899,1.0,5418.68096,17.9867,1.0,1.0,82.53034,22285.9448,3.40757,38.30163,7.57363,7.5,1.0,29.46545,25.22222,25.65062,50.1289,E19.i_9
20082.48414,2583.93094,4065.7364,823.77577,31570.24628,146.11111,1.53205,1.0,351.47256,233363.34286,1.26527,213.25511,1.64964,200.20145,1.0,177.38906,99.49276,239.59256,703.99824,E2.a_0,1962.79005,51.63161,176.88775,1.0,2340.99565,281.03294,1.0,1.0,4.06979,9797.83554,1.02392,4.86334,1.0,1.96667,1.0,1.63582,1.0,1.0,3.93021,E2.i_0
23612.87303,2762.59761,4499.7364,792.72021,34704.46851,185.11111,1.6095,1.0,391.80589,225415.62064,2.1722,225.81066,4.90188,189.81256,1.0,185.66684,79.94501,244.81478,657.38713,E2.a_1,2068.56783,82.79389,165.55442,1.0,2479.49565,164.50705,1.0,1.0,4.61157,9414.77998,1.0,4.80167,1.15481,2.48889,1.0,3.16053,1.0,1.0,8.61237,E2.i_1
22469.37303,3082.4865,4012.79196,846.94243,32568.63517,86.83333,1.23237,1.0,336.08367,217235.78731,1.74928,204.03289,7.12859,183.03479,1.0,256.94462,40.27835,274.59256,646.66491,E2.a_2,2052.90116,75.46275,189.88775,1.0,2505.99565,398.41052,1.0,1.0,4.05143,9204.89109,1.0,3.76445,1.0774,1.6,1.0,4.36733,1.0,1.0,1.50516,E2.i_2
21589.31747,2804.37539,4235.45863,805.83132,32155.30184,58.05556,1.49839,1.0,368.08367,212688.23175,1.55207,213.47733,2.34633,183.42368,1.0,232.83351,81.36573,241.48145,593.94268,E2.a_3,1925.90116,58.79389,176.33219,1.18017,2360.5512,297.61062,1.0,1.0,3.39853,9042.22443,1.0,5.54223,1.0774,1.6,1.0,4.17595,1.0,1.09221,2.87982,E2.i_3
22277.0397,5937.59761,4194.06974,785.22021,32223.41295,89.11111,1.07746,1.0,357.02811,209303.34286,1.8854,217.03289,2.16264,197.59034,1.0,280.11128,62.70688,206.70367,615.55379,E2.a_4,1826.06783,45.51612,158.55442,1.0,2266.82898,144.14028,1.0,1.0,4.95409,8900.39109,1.0,6.19668,1.0387,2.14444,1.0,1.95373,1.0,1.0461,3.48576,E2.i_4
21642.20636,3991.76428,4207.56974,790.44243,32114.30184,66.22222,1.07746,1.0,354.25033,207208.95398,1.97499,211.86622,4.79077,192.1459,1.0,250.40448,35.9291,223.09256,672.16491,E2.a_5,1891.90116,88.84945,160.4433,1.0,2302.38454,137.91806,1.0,1.0,5.38935,8705.94665,1.0,5.63501,1.0,2.76667,1.0,4.04942,1.0,1.0,7.05165,E2.i_5
21611.31747,4031.09761,3953.51418,836.77577,31989.02406,208.11111,2.68696,1.0,321.917,204085.06509,1.44096,204.31066,1.1026,216.53479,1.21778,295.14213,88.25462,201.87034,594.10935,E2.a_6,1968.45672,53.62723,171.66553,1.0,2392.38454,50.09226,1.0,1.0,5.62075,8522.50221,1.0,3.64723,1.0387,1.57778,1.0,5.38275,1.0,1.09221,1.58654,E2.i_6
22470.48414,4324.76428,3820.12529,849.55354,33361.74628,84.66667,1.07746,1.0,365.13922,202237.73175,1.32985,220.03289,5.09857,229.1459,1.10889,389.33351,74.60387,188.14811,539.83157,E2.a_7,1895.79005,50.57605,153.22108,1.0,2307.88454,46.75516,1.0,1.0,3.37558,8349.27998,1.0,3.4189,1.0,1.6,1.0,2.58955,1.0,1.13831,4.70798,E2.i_7
20691.48414,2961.93094,3754.79196,743.88688,32136.91295,21.11111,1.30982,1.0,378.75033,199247.39842,1.41943,224.144,2.97446,236.59034,1.0,425.44462,21.80208,193.20367,596.16491,E2.a_8,1799.12338,48.63161,166.99886,1.36034,2294.38454,50.86627,1.0,1.0,3.3012,8192.11332,1.0,3.27723,1.0387,1.57778,1.0,2.90746,1.0,1.09221,2.07105,E2.i_8
19997.20636,4888.65317,3997.51418,782.55354,31058.91295,281.88889,1.49839,1.0,326.69478,196628.6762,1.97499,211.53289,4.06855,180.70145,1.10889,277.33351,57.23871,191.20367,576.77602,E2.a_9,1825.90116,58.85383,155.33219,1.0,2254.94009,140.1624,1.0,1.0,3.85216,8118.72443,1.0,6.65334,1.0387,2.78889,1.0,2.52471,1.0,1.0,6.75321,E2.i_9
43034.06053,10170.02131,3373.34845,508.14076,168724.52826,69.89194,2.87171,1.0,2184.71929,388969.70781,99.83865,868.89609,917.09471,342.30484,1.24198,1018.8689,462.59559,5137.59118,1581.10703,E20.a_0,667.29402,110.99285,148.45199,1.0,2256.6167,2.93544,1.0,1.0,44.07199,10440.32767,2.88567,60.23624,12.98889,7.44193,1.10889,315.33046,12.16077,443.90459,149.41675,E20.i_0
42310.00498,9872.52131,3520.51511,528.91853,164585.91715,97.25267,4.06543,1.0,2005.55262,372844.98558,91.50532,773.34053,989.53915,330.36039,1.0,977.3689,395.54004,4815.7023,1511.16258,E20.a_1,716.29402,121.15952,192.95199,1.0,2180.83892,6.92643,1.0,1.0,37.07199,9652.99434,2.58599,52.34735,26.35556,5.66433,1.10889,81.21935,8.18001,464.0157,69.02786,E20.i_1
42716.28275,8529.18797,3309.84845,433.25187,160203.36159,79.46119,2.84321,1.0,2095.71929,362294.48558,99.50532,815.61831,866.20582,316.13817,1.0,852.25779,332.98448,4883.86896,1547.88481,E20.a_2,688.5718,122.04841,130.61865,1.0,2104.06114,6.80631,1.0,1.0,36.96088,9254.27212,2.1752,57.06957,26.74444,6.6086,1.0,21.78741,5.23557,464.57126,38.80564,E20.i_2
43351.2272,8361.9102,3064.57067,430.80742,159419.80604,38.35008,2.91448,1.0,1938.21929,352981.98558,87.83865,789.78498,881.59471,342.86039,1.0,725.8689,239.09559,5484.42452,1422.94036,E20.a_3,620.79402,117.9373,148.0631,1.0,1926.45003,8.01427,1.0,1.0,33.1831,9044.10545,2.28631,47.90291,20.75556,6.16415,1.0,42.20131,19.50372,460.34904,56.19453,E20.i_3
44354.94942,8809.02131,2938.51511,469.5852,157149.36159,78.11416,1.5954,1.0,2161.27485,344407.59669,80.50532,816.11831,846.31693,327.9715,1.0,710.59113,272.54004,5596.75785,1367.94036,E20.a_4,608.12735,86.71507,115.28532,1.0,1901.56114,6.80631,1.0,1.0,36.62755,8728.88323,1.64316,104.34735,12.27778,9.21971,1.0,1120.88601,22.67706,391.5157,393.75009,E20.i_4
42251.44942,9428.29909,2956.95956,410.25187,154727.58382,84.84932,2.678,1.0,1969.49707,337714.37447,83.2831,828.67387,669.03915,310.36039,1.0,741.09113,262.81781,5467.36896,1328.55147,E20.a_5,670.46069,106.04841,113.39643,1.0,1882.6167,6.80631,1.0,1.0,38.84977,8293.71656,3.27295,50.2918,18.9,6.33082,1.0,12.61521,11.24224,441.79348,38.8612,E20.i_5
41371.28275,9487.63242,2757.84845,423.02965,150333.02826,70.53045,1.95724,1.0,1854.60818,327507.31892,85.17199,791.06276,635.48359,317.02706,1.0,693.70224,278.54004,5277.14674,1285.88481,E20.a_6,532.23846,111.91071,133.95199,1.0,1563.72781,32.68093,1.0,1.0,40.62755,8083.77212,1.15491,65.73624,13.66667,4.4973,1.0,440.10824,5.09854,381.23792,193.02786,E20.i_6
38382.28275,8755.24353,3144.62622,412.69631,145520.80604,60.32268,2.29057,1.0,1729.3304,317744.26336,74.17199,724.22942,571.48359,356.74928,1.0,838.75779,289.7067,5057.92452,1367.2737,E20.a_7,543.23846,93.88174,112.50754,1.0,1525.95003,1.0,1.0,1.0,30.29421,7768.93879,1.15491,44.7918,10.88889,4.44229,1.0,19.88048,10.2978,349.73792,29.30564,E20.i_7
35874.44942,6964.9102,2436.84845,386.86298,130504.86159,88.96043,3.01133,1.0,1775.49707,309016.70781,80.83865,718.84053,608.26137,295.24928,1.0,648.20224,253.98448,4853.64674,1191.66258,E20.a_8,480.34957,138.27063,72.0631,1.0,1280.89448,10.06982,1.0,1.0,30.07199,7590.43879,1.30982,54.51402,15.22222,5.21971,1.0,28.86797,4.80742,231.18237,34.69453,E20.i_8
31948.33831,8726.13242,3009.904,325.0852,121997.52826,126.62786,1.63816,1.0,1712.8304,302339.70781,77.06088,657.89609,734.20582,299.30484,1.0,766.81335,261.04004,5039.81341,1197.10703,E20.a_9,577.96069,143.27063,113.50754,1.0,1610.1167,5.95871,1.0,1.0,38.1831,7480.27212,1.49839,53.51402,10.95556,5.10788,1.21778,28.74436,4.23557,400.0157,38.91675,E20.i_9
19873.24448,4395.61664,4475.29843,1359.68003,67223.93292,367.97332,5.27778,1.0,1749.58614,347149.95355,46.67123,884.58328,266.81323,304.71023,1.0,380.0868,459.4618,419.53363,1460.54679,E21.a_0,607.87608,9.09431,78.78969,1.0,1298.16689,99.71111,1.0,1.0,3.44217,5728.71535,1.06667,25.63706,2.08675,1.25322,1.0,2.2375,3.84246,4.1687,14.35869,E21.i_0
19134.80004,4823.1722,4423.9651,1274.68003,63114.48847,154.2511,6.94444,1.0,1401.97503,333519.39799,46.22679,843.41661,238.14657,308.54356,1.0,346.47569,362.4618,364.03363,1303.93568,E21.a_1,516.54274,1.0,82.34524,1.0,1157.778,58.0,1.0,1.0,2.4653,4878.93757,1.04444,25.23009,2.28461,1.59298,1.0,1.825,3.61796,6.54114,9.96042,E21.i_1
18697.18893,4394.72775,4324.74288,1132.90225,62790.87736,209.5595,2.66667,1.0,1352.53058,322274.56466,52.89345,909.02772,192.75768,358.82134,1.0,285.42013,497.07291,363.47808,1428.82457,E21.a_2,504.5983,56.16558,69.45636,1.0,840.278,30.37778,1.0,1.0,5.15283,4417.38201,1.03333,7.00525,2.47214,1.36433,1.0,2.2375,1.0,3.07201,1.0,E21.i_2
18027.13337,4338.56108,4691.85399,1176.62447,57389.32181,259.02888,4.77778,1.0,1215.91947,307869.67577,43.22679,959.13883,236.03545,381.82134,1.0,278.03125,426.68402,375.14474,1425.82457,E21.a_3,450.37608,8.14255,48.67858,1.0,720.66689,11.6,1.0,1.0,1.26621,4128.54868,1.0,2.37474,2.08675,1.0,1.0,1.4125,1.0,1.0,1.0,E21.i_3
16732.18893,4474.56108,4973.35399,1068.23559,56336.15514,182.91777,4.61111,1.0,1231.2528,298360.62022,40.78234,980.36106,195.53545,417.87689,1.0,259.30902,687.07291,375.14474,1541.54679,E21.a_4,446.76496,1.0,40.9008,1.0,749.38912,25.41111,1.0,1.0,2.26621,3829.88201,1.0,10.11767,3.1735,1.72865,1.0,2.26945,1.0,2.34979,1.0,E21.i_4
15827.91115,5708.06108,5386.40954,1215.3467,52964.65514,160.36221,4.77778,1.0,1169.30836,287339.56466,36.00456,923.36106,212.53545,427.26578,1.0,236.64236,437.57291,387.03363,1409.04679,E21.a_5,398.04274,1.0,44.23413,1.0,638.778,77.97778,1.0,1.0,1.91088,3588.54868,1.0,10.35797,3.93393,1.1731,1.0,2.71389,1.67351,2.68312,1.8757,E21.i_5
15509.24448,4882.28331,4519.35399,1114.62447,53046.54403,211.69555,4.05556,1.0,1124.14169,275030.78688,34.44901,848.08328,204.25768,367.54356,1.0,220.0868,448.57291,321.53363,1397.6579,E21.a_6,442.5983,22.83225,38.30137,1.0,674.16689,85.9,1.0,1.0,1.48843,3399.60423,1.0,7.28303,2.40273,1.61754,1.0,1.825,1.0,1.0,1.0,E21.i_6
15699.18893,7380.11664,4959.02065,1127.51336,51603.87736,203.58443,5.44444,1.0,1168.47503,269000.89799,42.44901,839.58328,174.75768,399.71023,1.0,234.30902,468.29513,387.53363,1235.1579,E21.a_7,452.70941,5.54715,45.01191,1.0,732.16689,173.35556,1.0,1.0,1.0,3231.7709,1.38889,9.22747,2.97564,1.25322,1.0,1.0,1.2245,1.0,1.43785,E21.i_7
14638.30004,6039.94997,4986.85399,1057.90225,48177.32181,182.97332,3.77778,1.0,1120.19725,262327.89799,32.22679,786.58328,165.64657,404.65467,1.0,216.5868,503.18402,314.58919,1315.32457,E21.a_8,427.04274,26.25366,52.01191,1.0,600.55578,64.16667,1.0,1.0,1.3102,3105.88201,1.0,2.26232,1.70137,1.0,1.0,1.85695,1.0,3.01646,1.0,E21.i_8
15678.07782,5937.6722,5193.52065,972.68003,50586.15514,128.54419,6.0,2.90282,1149.91947,257245.5091,34.67123,801.36106,169.25768,377.37689,1.0,185.80902,469.40624,296.31141,1287.71346,E21.a_9,397.5983,7.11843,27.59083,1.0,519.38912,55.94444,1.0,1.0,1.0,2974.88201,1.0,3.33596,1.64231,1.0,1.0,1.0,1.0,1.0,1.0,E21.i_9
39070.97534,13411.16792,4965.23506,596.26261,180364.74506,110.22924,4.68668,10.27466,2970.61111,431063.1489,121.61653,981.3409,861.0071,408.54191,1.31859,194.11111,554.4102,2702.08546,1518.28163,E22.a_0,823.15588,74.79063,90.42733,1.0,3406.80262,1.0,1.0,1.0,40.68198,12254.52366,1.6,41.27668,9.16667,6.40668,1.0,3.57778,1.0,29.05005,40.12024,E22.i_0
40788.08645,11939.66792,5327.40173,454.26261,179175.13395,223.97968,6.91463,5.42788,2698.66667,412573.37112,110.50542,1013.61867,777.06265,386.04191,1.1593,226.83333,447.24353,2562.14101,1553.22608,E22.a_1,841.48922,75.26556,78.31622,1.0,3171.46928,16.08465,1.0,1.0,41.79309,11671.63477,1.08889,35.9989,17.44444,5.54171,1.0,1.53333,1.0,24.35879,26.12024,E22.i_1
32458.08645,12771.9457,4437.73506,443.92928,153424.46728,210.67456,2.68096,1.0,2755.11111,387118.59334,111.72764,1047.89645,917.61821,359.48635,1.0,159.88889,415.85464,3284.30768,1653.05941,E22.a_2,790.32255,136.9932,108.20511,1.0,3259.58039,1.91711,1.0,1.0,36.01532,11319.91255,1.04444,94.11001,18.0,6.8272,1.0,3.04444,1.0,27.32783,31.56468,E22.i_2
35255.58645,12277.77903,5398.51284,585.81817,147377.74506,130.50789,4.02002,3.8423,2563.16667,373527.98223,81.17208,959.50756,765.95154,354.70857,1.0,199.16667,453.29909,2684.30768,1542.72608,E22.a_3,728.54477,84.15445,104.20511,1.0,3097.63595,9.47529,1.0,1.0,34.23754,10999.91255,1.26667,104.38779,14.83333,6.10498,1.0,4.64444,1.0,17.82147,32.56468,E22.i_3
33575.86423,12255.22348,4979.01284,376.87373,148487.18951,188.45058,4.18525,1.83782,2701.72222,368414.03779,82.83875,1083.06312,618.78487,347.37524,1.0,193.5,380.24353,3157.25212,1717.4483,E22.a_4,787.43366,92.60431,118.64955,1.0,3114.46928,4.66842,1.0,1.0,44.12643,10632.30144,1.47778,64.22112,18.33333,6.07334,1.0,3.57778,1.0,19.92346,25.39802,E22.i_4
30732.142,13376.05681,4639.23506,498.20706,137167.5784,196.23011,3.46732,2.25673,2611.77778,356246.42668,90.83875,1008.00756,620.0071,385.26413,1.0,180.5,370.13242,3241.0299,1412.61497,E22.a_5,784.65588,46.57382,78.094,1.0,3072.63595,12.19488,1.0,1.0,32.12643,10186.07922,1.24444,31.61001,4.11111,6.77935,1.0,1.0,1.0,11.6794,29.39802,E22.i_5
30630.36423,11657.05681,3934.01284,313.8524,141927.68951,158.42412,2.90891,1.0,2518.72222,346799.6489,101.28319,790.8409,834.84043,325.31968,1.0,146.61111,380.07686,2844.14101,1104.28163,E22.a_6,734.65588,74.32653,85.094,1.0,2927.85817,5.58553,1.0,1.0,45.34865,9850.19033,2.34444,58.66557,9.44444,4.90668,1.0,1.26667,1.0,24.50998,25.72467,E22.i_6
30793.41978,12615.4457,4656.73506,443.87373,135291.80062,202.39678,3.06842,1.83782,2324.88889,336178.42668,84.72764,855.17423,660.17376,332.87524,1.0,175.88889,401.79909,2923.86323,1318.28163,E22.a_7,718.60033,121.18493,86.20511,1.0,2565.08039,2.83421,1.0,1.0,44.01532,9524.69033,1.4,38.88779,8.16667,3.50929,1.0,3.84444,1.0,22.4945,23.28691,E22.i_7
35901.19756,11382.89014,4786.01284,428.48484,155001.24506,213.92412,4.63256,1.41891,2336.33333,331155.48223,64.17208,919.11867,444.5071,353.87524,1.0,160.27778,448.46575,2523.19657,1340.55941,E22.a_8,728.32255,81.43222,88.20511,1.0,2610.80262,8.08377,1.0,1.0,36.57087,9283.41255,1.26667,41.88779,14.0,3.66824,1.0,1.53333,1.0,23.05005,15.34246,E22.i_8
33078.75312,11633.16792,4481.29062,384.6515,146227.30062,139.92412,2.57557,1.0,2157.11111,326079.98223,77.50542,790.56312,657.78487,346.70857,1.0,132.38889,348.29909,2460.97434,1173.28163,E22.a_9,692.21144,83.38209,73.094,1.0,2675.19151,1.0,1.0,1.0,37.23754,9078.46811,1.14444,65.27668,11.22222,4.30328,1.0,2.06667,1.0,15.7568,28.56468,E22.i_9
107901.75093,32169.61838,15987.75329,1675.84859,315603.59124,105.51174,5.77828,3.98947,6430.76281,489283.74808,308.72222,1885.75511,1914.18264,831.08889,1.98001,536.83333,190.77778,595.60871,3900.76999,E23.a_0,601.64925,137.4671,83.95199,1.0,1000.42459,37.85655,1.0,1.0,39.52195,2392.85097,3.04444,20.85718,15.54444,4.82759,1.0,1.0,1.0,1.0,20.63922,E23.i_0
104813.9176,27590.67393,15216.36441,1588.01525,301565.25791,154.84507,6.53394,5.81228,6170.81836,474575.74808,288.22222,1874.58844,1631.51597,860.31111,1.87112,528.77778,198.55556,666.16427,3711.71444,E23.a_1,601.20481,165.36581,104.50754,1.0,1029.03571,22.95141,1.0,1.0,46.0775,2246.07319,3.82222,17.64553,12.73333,5.90746,1.0,1.752,1.0,1.0,17.26573,E23.i_1
107090.30649,34530.22949,14529.30885,1681.01525,292056.42457,196.982,6.11162,1.0,6446.1517,458628.91475,299.05556,1721.19955,1797.40486,778.2,1.76223,553.0,197.55556,667.55316,3767.49222,E23.a_2,623.03814,170.80043,96.17421,1.0,1022.20237,44.02321,1.0,1.0,43.18861,2083.40653,3.37778,19.30163,11.27778,6.47113,1.0,1.0,1.0,1.0,17.97256,E23.i_2
101246.86204,30912.22949,14215.08663,1518.4597,279202.09124,203.79812,5.58572,4.13509,6513.92947,450603.35919,252.55556,1757.42177,2040.90486,844.75556,1.65334,500.27778,140.33333,618.05316,3568.65888,E23.a_3,624.64925,61.85598,92.17421,1.0,1000.20237,27.79867,1.0,1.0,31.41083,1978.85097,2.31111,18.30163,10.66667,3.19217,1.0,1.0,1.0,1.0,12.4324,E23.i_3
101202.25093,32582.50727,14507.14218,1477.34859,291294.70235,261.62285,5.08195,3.47895,7128.04059,443294.41475,270.77778,1758.75511,1476.96042,768.03333,1.43556,559.11111,173.0,623.05316,3584.32555,E23.a_4,609.42703,144.36581,95.61865,1.0,1049.81348,20.01625,1.0,1.0,41.29972,1884.23986,1.3,25.0794,21.8,4.09727,1.0,2.19644,1.0,1.0,14.58367,E23.i_4
99166.36204,32300.3406,14464.64218,1443.73748,284052.09124,329.51174,3.97084,2.96842,6346.92947,435624.69253,248.66667,1687.97733,1578.01597,779.81111,1.21778,584.83333,300.77778,686.71983,3583.93666,E23.a_5,515.64925,90.02265,89.39643,1.0,853.03571,195.06716,1.0,1.0,31.74417,1779.51764,1.44444,17.42376,11.71111,2.31138,1.0,1.0,1.0,1.0,6.96787,E23.i_5
95259.02871,30405.50727,13506.53107,1353.40414,270534.03568,239.12285,4.41529,1.0,5938.6517,429368.30364,284.44444,1592.42177,1483.90486,786.08889,1.76223,528.72222,153.27778,551.33094,3542.43666,E23.a_6,521.31592,56.36581,78.95199,1.0,847.64682,14.50928,1.0,1.0,26.18861,1727.07319,1.53333,11.60145,8.86667,2.72459,1.0,1.0,1.83526,1.0,9.76573,E23.i_6
93227.47316,29962.95171,14130.64218,1198.73748,265458.59124,241.1784,6.20061,1.65614,6316.92947,419435.30364,282.66667,1612.03289,1337.40486,747.97778,1.32667,575.22222,188.0,596.27538,3556.99222,E23.a_7,609.53814,36.14359,98.95199,1.0,1032.36904,21.8519,1.0,1.0,22.52195,1674.96208,1.53333,15.77913,8.54444,2.16903,1.0,1.0,1.0,1.0,10.17001,E23.i_7
94539.36204,31059.95171,14110.58663,1355.9597,262010.59124,216.13145,4.7265,2.31228,5465.26281,413581.91475,272.88889,1537.86622,1807.01597,787.08889,1.32667,509.38889,295.77778,470.66427,3376.60333,E23.a_8,557.37148,62.98184,93.50754,1.0,974.75793,36.68059,1.0,1.0,28.18861,1616.96208,1.21111,10.89024,5.45556,2.63661,1.0,1.0,1.0,1.0,12.78581,E23.i_8
95671.47316,29065.06282,14017.97552,1332.73748,263715.59124,187.73396,3.77828,1.0,6099.81836,408257.24808,284.66667,1563.08844,1651.84931,740.64444,1.43556,538.44444,223.44444,618.10871,3460.54777,E23.a_9,578.92703,72.15342,87.0631,1.0,1013.48015,69.95373,1.0,1.0,26.0775,1580.01764,1.76667,12.41274,11.43333,2.61348,1.0,1.0,1.0,1.0,10.02811,E23.i_9
22911.46121,7491.54108,9474.89031,3536.8218,57916.19826,504.45234,8.07667,1.0,2023.2704,257992.52169,50.43087,1882.48576,309.87951,171.90611,1.0,1049.43518,370.38559,524.91689,12725.38019,E24.a_0,1885.0374,579.66667,438.33891,90.27618,3680.42753,1.0,1.0,1.0,175.67761,13165.80879,5.49562,64.21111,50.23946,1.61961,1.0,7.6651,2.73575,1.14952,242.21686,E24.i_0
21845.23899,7079.09663,10363.7792,3353.76624,55168.6427,722.28567,8.00027,1.0,1996.71484,252678.57724,48.09753,2064.04132,307.43506,182.90611,1.0,1136.87963,326.77448,614.528,13616.32464,E24.a_1,1793.09295,592.66667,349.7278,114.81609,3900.0942,34.92913,1.0,1.0,180.34427,12766.36435,8.75768,151.26667,46.85057,1.75464,1.0,13.30576,4.31837,1.0,215.99464,E24.i_1
22483.18343,7167.48552,10325.50142,3346.09958,52669.25381,340.06345,11.26419,1.0,1951.49262,248345.41057,43.31976,1782.37465,341.65728,176.23945,1.0,1000.10185,310.94114,619.13911,12478.93575,E24.a_2,1923.20407,805.94444,377.11669,85.07822,4083.42753,1.52012,1.0,1.0,211.12205,12230.86435,9.07676,47.43333,56.01724,1.81791,1.0,21.52798,2.73575,1.46365,235.77242,E24.i_2
20839.57232,7048.87441,11243.94587,3392.48846,52433.80937,1030.28567,11.26419,1.55388,2044.65929,244845.79946,39.98642,2010.48576,295.54617,219.40611,1.0,1149.60185,376.33003,757.97244,14224.15797,E24.a_3,1731.87073,555.33333,335.00558,82.66507,3522.20531,17.96457,1.0,1.0,162.23316,11774.25324,6.78619,51.32222,46.1839,3.14432,1.0,17.96376,1.0,2.26063,230.38353,E24.i_3
21508.8501,6758.59663,10055.94587,3426.09958,51468.1427,510.34123,11.85445,1.0,1955.04818,240776.07724,42.09753,1901.26354,305.60173,189.57278,1.0,1066.76851,333.83003,691.028,14844.65797,E24.a_4,1764.31518,530.11111,314.00558,65.03049,3639.64975,6.15136,1.0,1.0,172.45538,11564.19768,6.54971,47.32222,48.96168,2.42981,1.0,11.03665,1.0,1.37379,219.71686,E24.i_4
21134.68343,7405.54108,10106.72364,3590.98846,54149.97603,650.34123,8.06968,1.55388,1907.65929,237668.96613,46.54198,1903.04132,261.26839,163.295,1.0,1079.87963,327.94114,584.47244,13588.26908,E24.a_5,1675.42629,517.88889,326.61669,25.15725,3593.81642,10.26247,1.0,1.0,165.78872,11317.47546,7.31324,66.04444,56.62835,2.35804,1.0,11.67377,1.0,1.14952,215.77242,E24.i_5
20375.23899,6995.92997,10073.44587,3513.76624,53123.53159,553.73011,9.88916,1.0,1859.88151,235169.29946,43.20864,1793.20799,273.26839,177.73945,1.0,970.93518,388.21892,486.19467,13645.88019,E24.a_6,1652.42629,501.83333,304.2278,39.25271,3561.31642,5.63123,1.0,1.0,165.23316,11180.97546,6.78619,42.65556,54.90612,2.58027,1.10889,4.89599,3.37392,1.0,204.6613,E24.i_6
20258.01676,6944.2633,9709.7792,3289.26624,53625.25381,578.39678,5.81974,1.0,1830.82595,231887.02169,41.65309,1697.3191,296.21284,160.18389,1.0,934.99074,325.9967,544.97244,10913.21353,E24.a_7,1692.37073,464.5,307.50558,37.4272,3475.87197,15.90901,1.0,1.0,172.78872,11002.75324,6.77194,63.48889,54.51724,2.28628,1.0,9.79354,1.0,1.0,220.88353,E24.i_7
20733.57232,7242.7633,8916.50142,3327.8218,50362.86492,336.06345,5.11138,1.0,1799.99262,229539.46613,40.98642,1533.59688,302.65728,143.40611,1.0,793.54629,282.33003,375.69467,9547.9913,E24.a_8,1644.14851,483.55556,324.45002,38.63378,3402.81642,3.57568,1.0,1.0,173.56649,10797.86435,6.78619,114.15556,50.40612,3.68367,1.0,12.22065,3.52706,2.17077,239.99464,E24.i_8
20336.57232,6736.2633,9190.83476,3578.21069,49856.75381,395.50789,7.07667,1.55388,1845.54818,227119.46613,41.31976,1678.93021,273.82395,176.12834,1.0,910.32407,293.16337,433.41689,12470.21353,E24.a_9,1643.5374,496.88889,317.45002,49.6416,3466.03864,19.52494,1.0,1.0,169.12205,10556.14213,7.85454,51.6,54.40612,3.90589,1.0,13.6911,1.0,3.54046,245.27242,E24.i_9
33287.55009,6825.58206,38274.39317,15618.62601,138603.29354,1900.13274,128.81976,36.67454,2445.45378,1312638.7152,87.43988,36632.14393,347.0464,506.75556,1.0,10693.38906,1124.20872,54134.69275,4614.75641,E25.a_0,151.32849,90.75078,311.32262,5.9916,1091.57176,25.12986,2.83705,1.0,41.89623,18918.71778,1.10735,1028.07675,4.09527,1.07392,1.0,129.89939,1.0,525.19602,1.0,E25.i_0
30930.1612,7420.5265,36463.2265,15040.12601,141518.29354,2132.41052,141.59753,30.47297,2298.28711,1228722.04853,92.21765,35157.64393,352.43528,371.31111,1.0,10243.50017,1261.70872,55748.85942,4073.81197,E25.a_1,127.32849,56.45898,214.04485,5.9916,774.84953,85.68551,1.0,1.0,31.00734,15833.82889,1.2759,826.29898,1.7725,1.22177,1.0,115.176,1.0,335.01049,1.0,E25.i_1
29206.6612,6685.5265,38150.33761,13071.23712,127915.12688,2017.41052,128.65309,45.42905,2396.95378,1180445.77075,88.21765,31375.97727,316.49084,427.25556,1.0,8915.77795,1200.43094,46653.30387,3643.36752,E25.a_2,116.88405,50.20889,249.32262,1.0,741.5162,4.37044,1.0,1.0,29.67401,13789.94,1.18268,729.57675,1.0,2.53582,1.0,89.0105,1.0,127.46856,1.0,E25.i_2
29364.49453,6613.5265,39552.00428,13845.79268,121906.12688,2015.35496,130.43087,49.13963,2369.89822,1158197.77075,84.32877,31398.19949,246.82417,465.86667,1.0,9409.94462,1298.37539,44020.41498,3479.36752,E25.a_3,150.32849,50.63967,157.6004,7.10943,635.57176,6.42599,1.0,1.0,32.45178,12334.49556,1.07157,774.07675,1.7725,2.42471,1.0,133.06605,1.0,69.66248,1.33256,E25.i_3
29414.1612,6242.30428,34604.39317,12989.79268,122544.96021,1933.02163,123.15309,35.77402,2388.23155,1138541.65964,91.88432,30891.03282,292.0464,401.97778,1.0,10087.50017,1001.31983,49865.6372,3512.25641,E25.a_4,160.77294,65.6118,169.48929,1.0,585.23842,10.16676,1.0,1.0,30.67401,11625.38445,1.30792,735.74342,1.7725,1.0,1.0,118.84383,1.0,55.3522,2.83256,E25.i_4
31320.99453,6605.5265,35615.50428,14143.5149,120570.12688,1715.1883,107.2642,38.10735,2435.62044,1117967.54853,87.99543,33587.97727,318.76862,438.64444,1.0,10012.83351,910.15317,44620.74831,3872.92308,E25.a_5,150.99516,50.40342,154.54485,13.21886,556.62731,4.74077,1.0,1.64444,30.11845,11010.82889,1.64501,734.68787,1.7725,1.48118,1.0,116.17716,1.0,31.0608,2.22184,E25.i_5
30134.77231,6325.5265,31096.05984,11722.73712,113412.68243,1641.13274,99.87531,40.66028,2382.12044,1093366.7152,89.21765,30860.03282,318.0464,401.53333,1.0,9472.22239,965.76428,47367.6372,3461.31197,E25.a_6,105.77294,64.33385,94.32262,1.0,453.84953,4.37044,1.0,1.64444,24.89623,9971.32889,1.45858,657.79898,1.0,1.0,1.0,69.28828,1.0,73.71803,1.0,E25.i_6
29713.38342,6639.97095,34025.2265,12387.5149,107472.68243,1778.91052,108.98642,37.20682,2291.176,1066073.2152,77.32877,30832.19949,292.76862,430.42222,1.0,9205.50017,1082.59761,44689.74831,3524.08974,E25.a_7,96.66183,68.09761,109.87877,3.99496,409.46065,6.05565,1.0,1.0,24.78512,9509.55111,1.69869,707.41009,1.0,1.0,1.0,71.67716,1.0,50.48218,1.0,E25.i_7
30331.49453,6368.58206,29134.94873,12198.57046,117013.96021,1121.35496,79.7642,18.17192,2240.176,1040638.82631,88.55099,32551.8106,306.43528,403.47778,1.0,9809.22239,800.37539,44032.41498,3893.6453,E25.a_8,100.10627,38.01436,133.93374,1.0,373.29398,4.37044,1.0,1.0,24.11845,9162.94,1.32957,772.5212,1.38625,2.98072,1.0,75.78828,1.0,1.0,1.0,E25.i_8
31216.82787,6043.5265,25760.39317,12607.95935,111451.79354,952.91052,71.87531,26.87087,2295.34267,1009612.43742,90.99543,32626.69949,315.87973,336.25556,1.0,9905.72239,877.76428,40918.52609,4130.1453,E25.a_9,77.32849,38.09778,93.76945,1.99832,292.40509,6.05565,1.0,1.0,26.11845,8927.05111,1.79191,732.68787,2.93388,1.22177,1.0,44.20436,1.0,11.62055,1.0,E25.i_9
95453.24718,20787.13242,17637.50372,2187.80191,345271.42794,167.62619,8.94637,3.03402,8299.35386,763785.85322,292.89621,2397.87778,1339.98359,906.26627,2.04942,421.27778,180.59761,82541.00314,16512.01111,E26.a_0,1370.55556,367.58323,393.20345,7.59721,4741.72819,4.99099,1.02868,1.0,125.16943,12362.06407,4.18087,51.22618,82.20582,26.60673,1.0,1.81955,6.06667,156.88619,439.25062,E26.i_0
89966.02496,19479.4102,17287.05928,2200.46857,323232.31682,313.45952,11.05748,2.35602,8093.96497,733145.13099,299.89621,2588.48889,1222.09471,894.87739,2.57413,413.5,132.15317,98779.66981,16633.23333,E26.a_1,1510.94444,304.02768,309.20345,7.59721,4474.67264,18.17192,1.0,1.0,114.05832,8928.00852,2.95865,57.39284,33.03915,14.60673,1.0,1.30733,1.0,144.21953,393.58396,E26.i_1
91255.52496,19692.29909,16733.22595,2110.13524,325252.48349,266.78333,9.94935,1.0,8117.18719,721472.79766,269.56287,2470.98889,1283.48359,837.71072,1.0,399.38889,173.65317,107932.00314,14960.56667,E26.a_2,781.72222,269.80545,270.87012,1.0,3058.39486,51.18093,1.0,1.0,90.72499,6834.34185,1.63049,52.55951,30.37248,9.49562,1.0,1.10244,2.63333,97.38619,223.36173,E26.i_2
89450.19163,20135.52131,16953.83706,2130.96857,343114.31682,142.95952,10.28566,1.0,8012.18719,708586.90877,285.34065,2286.98889,1277.37248,863.4885,3.09884,382.77778,174.9865,75222.28092,16989.06667,E26.a_3,695.61111,207.08323,198.20345,3.86108,2573.8393,8.98198,1.0,1.0,75.50276,5344.2863,1.53229,49.61507,28.70582,6.99684,1.0,3.18755,1.0,108.83064,216.5284,E26.i_3
86932.19163,19039.57686,16688.05928,2306.41302,318950.92794,237.45952,6.73905,1.67801,8059.52053,695648.90877,266.56287,2375.54444,1259.31693,840.71072,1.0,378.72222,139.15317,92003.05869,14892.01111,E26.a_4,413.72222,190.20515,137.759,1.0,1701.11708,8.98198,1.0,1.0,50.61387,4074.84185,2.7416,31.17062,7.54715,3.49659,1.0,1.7171,1.0,300.10841,128.63951,E26.i_4
86997.35829,19021.57686,16320.22595,2097.24635,321039.37238,247.33214,8.05748,1.67801,7811.13164,685170.2421,271.22954,2415.48889,1281.48359,803.4885,1.0,374.27778,134.15317,98120.50314,14713.28889,E26.a_5,297.61111,114.48293,108.42567,1.0,1163.61708,22.16292,1.0,1.0,54.61387,3272.7863,1.7416,27.78173,11.49559,5.21833,1.0,1.0,1.0,502.71953,107.75062,E26.i_5
88112.52496,19611.63242,16139.33706,2254.69079,325093.76127,201.76032,7.73011,1.0,7916.46497,672255.18655,282.89621,2463.04444,1222.37248,820.32183,2.04942,402.16667,145.9865,97576.16981,16187.78889,E26.a_6,306.33333,95.47061,99.87012,1.0,877.28375,2.93544,1.0,1.0,46.28054,2748.11963,1.06201,20.65497,12.44003,4.49659,1.0,1.20489,1.0,452.44175,85.63951,E26.i_6
81148.69163,18503.29909,15685.94817,2084.57968,309666.65016,191.13293,8.8442,3.03402,7527.52053,649014.7421,246.56287,2295.76667,1188.09471,766.76627,2.57413,458.55556,150.87539,92904.11425,14174.12222,E26.a_7,279.11111,82.09404,63.64789,1.0,803.67264,1.96772,1.0,1.41891,29.39165,2244.95296,1.0,11.97265,10.94803,3.33114,1.0,1.0,1.0,285.10841,64.19507,E26.i_7
81997.41385,18709.07686,15994.67039,2120.69079,305067.03905,329.84841,10.50193,3.52268,7374.46497,631193.13099,254.11843,2593.76667,1188.53915,725.37739,1.0,490.27778,98.4865,112505.28092,13487.67778,E26.a_8,275.55556,78.43818,60.98123,1.0,705.61708,35.82433,1.0,1.41891,24.82051,1961.89741,1.28424,15.61507,6.62269,2.77559,1.0,1.0,1.0,250.77508,82.75062,E26.i_8
83490.19163,18778.74353,15871.11484,2149.19079,304277.0946,249.7373,7.05748,1.0,7300.57608,619107.40877,263.45176,2292.87778,1123.48359,761.59961,1.52471,440.66667,90.43094,90886.78092,14806.06667,E26.a_9,347.77778,74.09404,56.759,1.0,731.45041,4.87087,1.0,1.0,38.94721,1783.61963,1.14212,23.19487,5.2418,2.16496,1.0,1.0,5.97778,218.38619,65.41729,E26.i_9
76718.33585,12514.41657,13426.27302,1142.89927,176887.82302,817.25556,8.94955,13.94107,3016.88789,249281.53777,106.89345,2778.51928,670.29375,387.00523,1.0,836.44462,221.55556,1018.54745,5771.60443,E27.a_0,1.0,3.79808,42.83051,1.0,1.0,332.88889,1.0,3.62611,25.50694,2604.27799,1.06911,26.61808,3.16667,2.32368,1.0,1.66375,241.18278,1.0,9.74336,E27.i_0
73678.66918,13466.36101,13069.27302,1016.7326,171638.65635,648.75556,9.67936,8.08465,2807.44345,236509.8711,105.11568,2695.13039,557.01597,349.06079,1.0,867.55573,232.44444,958.71412,6082.15999,E27.a_1,1.0,2.79808,35.92405,1.0,1.0,509.61111,1.0,1.0,12.5615,1419.62674,1.0,16.5602,2.0,2.83898,1.0,1.22125,202.63161,1.0,3.92809,E27.i_1
71340.61363,17996.36101,11929.88413,934.06594,153606.32302,673.53333,8.01269,6.8949,2833.44345,218369.03777,106.11568,1981.35261,864.01597,332.50523,1.0,694.50017,207.55556,823.71412,5318.04888,E27.a_2,2.37956,1.0,36.14627,1.0,1.0,1302.83333,1.0,1.0,8.47867,921.22243,1.0,12.11575,3.83333,1.80838,1.0,2.99513,35.65133,1.0,10.90355,E27.i_2
69213.72474,18370.36101,12269.27302,841.2326,145464.76746,515.25556,8.17178,1.04617,2720.55456,204817.59332,95.11568,1900.90817,715.07153,320.89412,1.0,644.61128,232.5,789.54745,4923.71554,E27.a_3,2.26156,1.0,51.67651,1.0,1.0,655.33333,1.0,1.0,8.92509,649.01563,1.0,4.44793,4.66667,1.0,1.0,2.99708,21.4313,1.0,13.02114,E27.i_3
59070.16918,14171.30545,11395.27302,820.67705,134180.65635,564.42222,7.35485,1.03078,2245.33234,193887.25999,88.56012,1776.90817,554.2382,376.61634,1.0,567.38906,186.94444,816.21412,4637.49332,E27.a_4,5.04623,1.0,40.85583,1.0,1.0,532.38889,1.0,1.0,4.58978,491.6823,1.0,8.7068,5.22222,1.0,1.0,3.21833,3.7734,1.0,17.98194,E27.i_4
59288.50252,11390.69434,10838.88413,776.78816,133114.37857,455.75556,5.0455,3.37951,2206.499,187591.98221,89.00456,1599.46372,509.07153,313.6719,1.0,520.50017,130.38889,612.38079,3868.10443,E27.a_5,1.15045,1.0,44.60829,1.0,1.0,499.33333,1.0,1.0,10.25843,396.83354,1.0,7.93018,6.5,1.0,1.0,1.22125,15.16009,1.0,17.12407,E27.i_5
60383.00252,8828.13879,10166.32857,640.17705,131778.54524,278.97778,6.93439,4.53078,2031.499,179542.64888,77.89345,1521.29706,405.12709,286.6719,1.0,577.77795,98.66667,616.04745,4076.54888,E27.a_6,5.03933,1.0,62.49718,1.0,1.0,536.38889,1.0,1.0,6.48065,292.58661,1.0,4.39237,3.88889,1.0,1.0,1.66375,1.0,1.0,26.09135,E27.i_6
54664.22474,11358.41657,10070.88413,681.28816,126514.1008,542.03333,4.31569,4.58465,2052.33234,174177.98221,94.78234,1624.13039,482.90486,311.11634,1.0,547.22239,117.44444,647.10301,3975.82665,E27.a_7,1.824,1.0,46.96694,1.0,1.0,505.61111,1.0,1.0,24.17361,226.71926,1.0,8.31907,5.83333,1.0,1.0,1.22125,1.44225,1.0,8.63225,E27.i_7
52991.50252,12746.2499,10022.88413,686.56594,114584.65635,389.97778,6.1806,4.53848,1948.83234,168050.75999,117.22679,1499.85261,595.2382,312.33856,1.0,494.83351,178.94444,660.88079,3705.60443,E27.a_8,1.26156,1.0,58.7194,1.0,1.0,542.44444,1.0,1.0,6.50694,183.10203,1.0,7.33798,6.0,1.0,1.0,2.32944,1.0,1.0,19.42468,E27.i_8
48771.72474,11937.58323,9626.43968,598.67705,107847.1008,242.03333,3.62504,5.70514,1869.16567,159975.3711,96.67123,1390.40817,584.90486,293.28301,1.0,473.16684,139.38889,527.4919,3353.49332,E27.a_9,2.412,1.0,75.60829,2.00654,1.0,632.94444,1.0,1.0,7.06249,181.72243,1.0,6.02355,3.0,1.0,1.0,2.32749,1.0,1.0,23.65508,E27.i_9
108428.82179,14775.97212,12027.44366,1031.8709,235886.69362,90.81587,4.91439,1.0,4884.88858,362405.45733,161.87504,893.70908,672.31111,607.20838,1.0,376.89774,132.20872,214.613,4756.57869,E28.a_0,106.53333,61.59503,145.31033,1.0,154.2243,212.45931,1.0,1.0,23.29646,1522.53158,1.0,14.79196,12.17362,4.90964,1.0,6.64167,1.0,2.08531,88.48803,E28.i_0
94728.76624,12125.52768,10349.05477,763.70423,208812.69362,147.96627,5.04942,1.0,4062.55525,332746.56844,152.09727,833.76463,591.53333,566.81949,1.0,362.67552,144.9865,248.83522,4506.1898,E28.a_1,111.31111,84.92434,171.31033,1.0,185.2243,182.2351,1.0,2.11111,28.51868,1349.36491,1.0,13.73539,5.99885,6.51947,1.0,3.57084,2.88889,8.35663,175.87691,E28.i_1
100210.76624,12599.63879,10324.16588,892.64868,210449.80473,114.18174,5.51779,2.70017,4255.99969,316858.51289,144.31949,838.82019,569.64444,523.04171,1.0,357.61996,122.37539,220.77967,4476.07869,E28.a_2,110.75556,69.81859,158.19921,1.0,170.16875,153.15276,1.0,1.0,25.7409,1255.08714,1.11087,13.62631,3.18172,4.49361,1.0,7.26112,1.0,9.83728,107.37691,E28.i_2
93904.15512,12150.36101,9967.77699,758.59312,215167.9714,90.81587,4.91439,1.0,4180.05525,302453.17955,130.76393,820.4313,622.7,476.65282,1.0,326.28663,81.70872,208.55745,4226.41202,E28.a_3,103.31111,50.6479,157.92144,1.0,149.2243,106.89978,1.0,1.0,26.96313,1192.14269,1.11087,18.28994,7.50695,2.04916,1.94222,7.20556,1.0,5.59176,112.04358,E28.i_3
86966.9329,10918.58323,9394.3881,805.03757,192999.30473,28.85516,5.51779,3.23367,3894.99969,290991.34622,125.31949,723.37574,548.86667,562.87504,1.0,335.34219,77.70872,237.94634,4333.46758,E28.a_4,113.64444,77.92568,188.31033,1.0,166.16875,187.18352,1.0,1.0,28.85202,1123.64269,1.0,10.18085,3.9595,5.51819,1.0,4.87223,1.94444,9.46775,137.98803,E28.i_4
85445.59957,11338.97212,9430.49921,776.53757,185555.91585,38.12619,5.18445,2.067,3738.94414,273988.01289,122.4306,742.54241,515.36667,524.15282,1.0,375.84219,117.31983,243.113,4268.1898,E28.a_5,136.08889,90.03411,162.97699,1.0,180.00208,196.07042,1.0,2.11111,30.07424,1086.97603,1.0,11.23438,4.30093,7.1293,1.10889,2.30139,1.0,5.62796,114.2658,E28.i_5
82301.87735,11741.97212,8904.49921,664.44797,178802.36029,69.61666,4.54171,1.5335,3416.27747,260043.51289,115.4306,638.20908,430.42222,497.59727,1.0,324.06441,86.43094,220.50189,3916.96758,E28.a_6,123.08889,64.70346,155.19921,1.0,142.2243,182.34621,1.0,1.0,22.29646,1036.05143,1.0,10.34448,7.55441,2.24297,1.0,4.39584,1.0,7.18997,102.09914,E28.i_6
80246.15512,11433.13879,10071.33255,642.42646,175293.9714,146.02182,4.8272,1.0,3681.38858,247643.624,106.65282,749.37574,434.92222,499.98615,1.0,333.61996,100.70872,308.94634,4583.1898,E28.a_7,123.64444,78.03411,163.64366,1.0,151.39097,114.20831,1.07746,3.22222,39.18535,1013.64269,1.11087,15.01621,3.9595,5.82439,1.10889,5.49167,1.0,6.25843,180.04358,E28.i_7
77476.98846,11293.58323,9507.44366,614.37807,165017.63807,70.31587,4.96223,1.0,3606.1108,239562.95733,99.98615,709.59796,455.14444,428.26393,1.0,328.50885,107.37539,248.83522,3948.96758,E28.a_8,129.53333,73.97721,143.64366,1.0,193.83541,379.45732,1.0,1.0,23.62979,997.86491,1.0,13.68186,5.99885,4.51691,1.0,2.68195,1.0,5.41864,114.15469,E28.i_8
72504.54401,12460.58323,8588.16588,523.64868,166167.08251,55.22778,4.13661,1.0,3172.83303,233452.29066,107.76393,672.76463,380.14444,427.98615,1.0,294.06441,82.70872,237.89078,3702.74535,E28.a_9,90.53333,83.92568,139.0881,1.0,127.09456,108.87895,1.0,1.0,25.9055,929.97603,1.0,13.7869,4.00695,29.43678,1.32667,4.54722,1.0,1.0,228.2819,E28.i_9
82417.22415,9516.35464,4038.4781,1410.25339,114383.93235,1.0,1.0,1.0,1414.33333,350171.62758,25.22679,275.1,16.71079,318.33333,1.0,49.669,74.82618,98.69327,1048.93881,E3.a_0,935.34444,60.42081,38.85087,1.0,833.70659,120.82958,1.0,1.0,9.96293,4114.43539,1.0,9.957,2.34746,3.47722,1.0,1.0,1.0,1.0,2.47641,E3.i_0
80065.89082,9835.96575,4442.64477,1273.53117,112925.98791,6.65913,1.09747,1.0,1495.94444,340757.62758,25.44901,266.43333,15.15238,292.61111,1.0,114.60679,98.4373,86.13771,1169.77214,E3.a_1,789.4,31.62323,43.85087,1.0,725.59548,65.03379,1.0,1.0,5.6296,3836.49095,1.0,2.36309,2.39971,1.13167,1.0,1.0,1.0,1.0,2.98113,E3.i_1
80198.61304,10115.9102,4163.03366,1415.47561,109224.32124,5.88512,1.51463,1.0,1353.66667,333482.51647,25.3379,259.26667,10.98857,289.61111,1.0,58.05456,89.77063,90.13771,1066.27214,E3.a_2,781.17778,15.7237,48.62864,2.65756,684.03992,14.90841,1.0,1.0,4.31214,3684.5465,1.0,3.9656,1.51412,1.50611,1.0,1.0,1.0,1.0,1.93029,E3.i_2
82068.1686,10471.96575,4433.92255,1446.3645,114291.09902,10.90347,1.30605,2.10319,1452.27778,327867.01647,28.00456,249.87778,11.87746,264.27778,1.0,105.38789,94.83584,104.63771,1179.16103,E3.a_3,744.95556,11.80969,36.29531,4.31512,640.87325,255.17718,1.0,1.0,1.85713,3574.21317,1.0,4.72067,1.01742,1.50611,1.0,1.0,1.0,1.0,1.76834,E3.i_3
80669.83526,13269.79909,4040.08922,1260.64228,107456.59902,17.71091,1.40352,1.0,1266.27778,322637.8498,20.67123,252.37778,8.04127,310.05556,1.0,55.66234,68.30925,78.24882,1075.93881,E3.a_4,830.28889,15.34545,39.73976,4.31512,688.37325,14.18093,1.0,1.0,6.08992,3495.71317,1.0,4.80753,3.95857,3.03278,1.0,1.0,1.0,1.0,3.75891,E3.i_4
80428.39082,11123.35464,4515.03366,1394.75339,110209.48791,6.65913,1.41716,2.10319,1365.38889,317028.29425,21.67123,237.21111,12.14952,309.16667,1.0,109.16234,103.54841,83.85993,1177.3277,E3.a_5,810.4,33.08747,38.1842,1.0,721.98436,13.0931,1.0,1.0,4.64548,3427.71317,1.0,4.15652,1.86817,3.52667,1.0,1.0,1.0,1.0,1.97169,E3.i_5
79917.1686,8581.57686,4079.14477,1276.03117,102079.98791,8.07391,1.72321,1.0,1129.05556,312410.79425,25.44901,235.1,5.99428,286.38889,1.0,52.10679,49.91071,77.19327,817.3277,E3.a_6,805.84444,29.31501,39.1842,1.0,670.59548,73.61637,1.0,1.0,3.71426,3348.76872,1.0,3.88734,1.53154,1.74889,1.0,1.0,1.0,1.58618,1.3239,E3.i_6
74734.55749,8223.4102,4287.08922,1322.47561,104500.54346,29.53671,1.73685,1.0,1200.83333,309060.46091,19.11568,251.98889,2.90381,270.61111,1.0,121.94012,98.28994,73.85993,1074.04992,E3.a_7,664.4,11.4406,57.1842,1.0,689.20659,4.99099,1.0,1.0,3.96824,3332.82428,1.0,4.40299,1.05226,1.65222,1.0,2.06475,1.0,1.0,2.41614,E3.i_7
78234.6686,8175.13242,3990.92255,1252.92006,102813.82124,13.5998,1.0,1.0,1216.66667,305370.29425,23.56012,248.98889,9.98,285.66667,1.0,65.77345,69.71507,66.0266,887.16103,E3.a_8,867.4,15.37589,36.85087,4.31512,760.92881,149.55181,1.0,1.0,8.40737,3275.37983,1.0,1.9742,5.64265,3.81056,1.0,1.0,6.20291,1.0,1.48585,E3.i_8
77858.00193,7460.79909,4093.4781,1183.25339,99413.3768,16.29613,1.95908,1.0,1123.83333,301035.57202,18.47345,250.87778,9.54412,278.44444,1.0,122.27345,80.68849,66.5266,1014.38326,E3.a_9,738.84444,11.38505,37.85087,1.0,712.53992,2.93544,1.0,1.0,2.49203,3233.5465,1.0,2.04541,1.60122,1.0,1.0,1.0,1.0,1.0,3.02253,E3.i_9
35236.706,9286.76614,5150.8534,386.24511,71131.06221,115.6117,1.81762,1.0,1445.43967,165588.93706,26.10673,113.47217,19.22749,284.01042,1.0,2488.99725,135.20872,4.94718,446.11102,E4.a_0,164.79559,8.8664,16.49172,1.0,75.22843,26.44068,1.0,1.0,1.27038,2005.4095,1.0,2.97601,2.91216,1.07948,1.0,1.0,1.0,1.0,1.0,E4.i_0
30916.206,10791.65503,5069.46451,417.35622,61232.95109,187.55614,2.47003,1.0,1298.99522,144365.15928,21.7734,107.86106,20.36708,303.67709,1.0,2003.88614,117.4865,1.5935,400.8888,E4.a_1,130.4067,7.81084,14.35329,1.0,62.02185,20.27401,1.0,1.0,1.84261,1428.46506,1.0,3.54059,2.59347,1.07948,1.0,1.0,1.0,1.0,1.0,E4.i_1
30932.09489,20170.32169,5276.52007,367.72532,64138.06221,271.0375,1.5413,1.0,1607.82855,128793.82595,18.10673,120.19439,32.23698,311.39931,1.0,1547.49725,75.87539,1.5935,331.72213,E4.a_2,106.24004,10.39241,8.2167,1.0,33.00621,1.0,1.0,1.0,1.30186,820.29839,1.0,1.84686,1.63739,1.0,1.0,1.18568,1.0,1.0,1.0,E4.i_2
29252.59489,14191.54392,5181.18673,325.63019,60707.33998,123.83392,1.31908,1.0,1323.71744,121448.10373,14.55117,154.13883,17.76546,346.51042,1.0,1316.60836,108.65317,1.0,312.3888,E4.a_3,64.68448,4.17019,2.4954,1.0,4.26915,1.0,1.0,1.0,1.0,505.9095,1.0,1.84686,1.0,1.0,1.0,1.37135,1.0,1.0,1.0,E4.i_3
27597.59489,13969.15503,4556.18673,250.33262,58908.33998,160.94484,1.48429,1.0,1446.49522,115302.32595,21.21784,108.41661,27.52425,311.84376,1.0,1640.77503,50.93094,1.0,310.33324,E4.a_4,46.01781,2.5851,1.30417,1.0,2.23786,1.0,1.0,1.0,1.0,174.33931,1.0,1.0,1.0,1.0,1.0,1.0,1.0,1.0,1.0,E4.i_4
27198.59489,12646.37725,4872.63118,237.79685,58737.72887,212.59315,1.48429,1.0,1246.10633,108066.32595,19.55117,136.86106,27.43213,369.2882,1.0,1236.66392,74.21564,1.0,249.3888,E4.a_5,58.9067,1.0,1.35881,1.0,3.24569,1.0,1.0,1.0,1.0,55.71939,1.0,1.0,1.0,1.0,1.0,1.0,1.0,1.0,1.0,E4.i_5
25141.26155,12975.76614,4809.96451,208.18956,45524.95109,263.55614,1.31908,1.0,1121.55078,102258.65928,17.21784,126.36106,12.93354,390.06598,1.0,1323.60836,90.88231,1.0,301.44435,E4.a_6,114.68448,1.0,1.71946,1.0,11.30906,1.0,1.0,1.0,1.0,11.52644,1.0,1.28229,1.0,1.0,1.0,1.55703,1.0,1.0,1.0,E4.i_6
25616.09489,13688.54392,4819.18673,236.57845,49655.17332,291.38938,1.41594,1.0,1090.99522,98827.21484,12.55117,138.63883,7.8495,311.67709,1.0,1139.71947,84.7712,1.0,244.83324,E4.a_7,61.37188,1.0,1.27686,1.0,9.1424,1.0,1.0,1.0,1.0,2.40352,1.0,1.56458,1.0,1.0,1.0,1.0,1.0,1.0,1.0,E4.i_7
24274.53933,15962.65503,4868.68673,197.33643,46782.39554,125.31527,1.0,1.0,1166.32855,96576.43706,12.32895,126.8055,20.87657,414.51042,1.0,1186.10836,78.52111,1.0,244.49991,E4.a_8,110.48299,1.0,1.94352,1.0,11.14159,1.0,1.0,1.0,1.0,1.0,1.0,1.56458,1.0,1.0,1.0,1.0,1.0,1.0,1.0,E4.i_8
24502.09489,13176.71058,4735.02007,226.18956,51472.83998,241.46349,1.0,1.0,1150.21744,94322.27039,14.21784,144.3055,21.32102,359.12154,1.0,994.4417,82.06975,2.18701,235.72213,E4.a_9,155.57337,1.0,1.0,1.0,4.45146,1.0,1.0,1.0,1.0,1.0,1.0,1.0,1.0,1.0,1.0,1.0,1.0,1.0,1.0,E4.i_9
33023.32374,13822.51612,8966.90436,950.09471,78933.04316,244.35496,2.68889,2.04363,2208.48198,177309.6848,22.42823,117.01472,54.65711,303.16667,1.0,1646.46196,282.21892,6.4432,398.1989,E5.a_0,661.83901,24.81465,47.11033,1.0,926.96083,14.02909,1.0,1.0,25.91111,2271.01734,1.15222,1.29984,3.20542,1.49946,1.0,8.6651,1.0,1.0,3.65284,E5.i_0
32833.71263,13133.68278,7916.07102,973.4836,78528.4876,186.66617,4.94444,4.13089,2242.53754,169951.96258,28.20601,123.18139,66.71266,302.88889,1.0,1670.12863,364.4967,13.20937,426.1989,E5.a_1,701.7279,15.91256,54.33255,1.0,980.51638,1.91711,1.0,1.0,30.68889,2165.79512,1.0,1.0,2.03875,1.22186,1.0,7.90466,1.0,1.0,4.09729,E5.i_1
31672.32374,11909.73834,7586.07102,952.81693,74951.82094,291.57719,3.82222,4.13089,2140.03754,165350.40702,25.76157,125.07027,59.60155,309.5,1.0,1481.18418,279.21892,16.46517,386.36556,E5.a_2,622.39457,30.71674,55.8881,1.0,924.51638,2.83421,1.0,1.0,24.02222,2066.40623,1.0,2.37746,1.0,1.77742,1.0,3.25532,1.0,1.0,1.0,E5.i_2
31011.65707,13455.51612,7692.18213,957.76138,71413.37649,205.94018,2.46667,2.04363,2028.7042,159552.24035,23.20601,123.2925,53.15711,322.66667,1.0,1459.62863,234.88559,21.25456,400.81001,E5.a_3,744.00568,19.02367,53.22144,1.0,1028.29416,2.83421,1.0,1.0,30.24444,1982.68401,1.0,1.0,1.6925,3.27724,1.0,6.36643,1.0,1.0,3.08338,E5.i_3
30423.71263,14308.51612,7643.57102,939.81693,72966.20983,304.60685,2.94444,1.0,2002.42643,156382.24035,24.76157,125.7925,61.60155,264.88889,1.0,1516.12863,256.55226,33.12085,418.53223,E5.a_4,727.50568,12.34106,53.66588,1.0,940.07194,41.88977,1.0,1.0,28.24444,1893.46179,1.0,1.29984,1.0,1.5552,1.0,5.92199,1.0,1.0,2.6112,E5.i_4
30043.37929,18117.84945,7033.95991,1009.37249,71954.9876,164.69584,4.63333,1.0,2315.14865,153662.6848,22.31712,131.51472,65.37933,303.61111,1.0,1550.18418,259.44114,32.78752,420.14334,E5.a_5,641.50568,17.13204,50.66588,1.0,934.96083,25.22398,1.0,1.0,28.68889,1866.96179,1.15222,2.19937,2.81653,1.11093,1.0,4.6911,1.0,1.0,3.47227,E5.i_5
29083.37929,11948.905,6810.12658,864.9836,68708.76538,209.99574,2.21111,1.0,1997.48198,150691.79591,23.0949,110.73694,50.21266,300.72222,1.0,1352.35085,177.27448,24.60987,363.31001,E5.a_6,654.83901,24.2987,46.77699,1.0,901.79416,31.61199,1.0,1.0,23.8,1793.79512,1.0,1.29984,3.59431,1.44373,1.0,4.24666,1.0,1.0,4.94453,E5.i_6
28230.15707,12901.34945,7994.23769,846.76138,66833.09872,280.33661,2.91111,1.0,2055.53754,147969.79591,21.20601,121.01472,46.82377,289.27778,1.0,1497.18418,151.66337,26.3211,373.75445,E5.a_7,606.33901,8.33059,40.8881,1.0,875.90527,83.69664,1.0,1.0,24.27778,1725.68401,1.0,1.0,1.34625,2.49964,1.0,8.65643,1.0,1.0,1.8056,E5.i_7
28781.49041,13158.73834,7644.62658,888.15027,66974.59872,289.41052,1.64444,2.04363,2049.81532,143057.74035,23.42823,149.7925,53.82377,298.0,1.0,1653.4064,132.77448,65.08727,400.42112,E5.a_8,609.28346,8.4285,41.77699,1.0,830.79416,12.19488,1.0,1.0,24.57778,1641.90623,1.0,1.29984,1.0,1.38871,1.0,5.0331,1.0,1.0,1.0,E5.i_8
26867.37929,14626.96056,8220.29324,782.37249,66099.15427,560.99574,3.55556,2.04363,1705.37087,139030.46258,20.53934,113.07027,37.51002,254.61111,1.0,1054.57307,152.66337,7.58852,326.03223,E5.a_9,606.78346,11.81191,42.8881,1.0,883.57194,218.1693,1.0,1.0,25.02222,1589.18401,1.0,1.0,1.0,1.77706,1.0,11.9811,1.0,1.0,3.50009,E5.i_9
40662.77175,9476.15527,7021.44707,723.33172,119249.3167,90.69584,6.68399,1.0,854.72222,186929.19489,28.29183,1706.13024,153.62282,520.37504,1.0,2467.20224,147.51735,713.64241,5464.41097,E6.a_0,1801.72063,67.65924,87.373,1.0,4279.46391,133.21553,1.0,1.0,12.5941,3457.63809,1.0,96.144,2.92963,1.0,1.10889,4.46667,1.51779,1.0,44.18571,E6.i_0
38448.60508,10734.09971,6932.89152,857.55395,134048.37225,259.96985,4.33833,1.0,800.94444,175898.36155,33.29183,1555.68579,81.06727,610.59727,1.0,2787.3689,80.62654,625.14241,6018.18874,E6.a_1,1764.8873,72.65122,96.26189,1.0,4254.29724,39.30221,1.0,1.0,15.00554,3216.58253,1.0,92.75511,3.96173,1.0,1.0,6.06667,1.12945,2.20972,36.79682,E6.i_1
34287.60508,10893.71082,6278.33596,973.55395,108776.76114,203.88463,3.87906,2.10319,767.61111,168442.86155,34.62517,1574.07468,73.01171,477.20838,1.0,2095.14668,81.51542,695.36463,5232.91097,E6.a_2,1479.3873,31.25431,78.26189,1.0,3634.63058,120.5333,1.0,1.0,7.41698,3038.2492,1.08667,70.144,2.6605,1.0,1.0,3.57778,1.0,1.0,42.35237,E6.i_2
36914.04952,10410.54416,6809.1693,884.52626,116018.15003,150.44018,5.2124,1.0,860.94444,164361.69489,28.29183,1578.24135,99.12282,511.26393,1.0,2620.98001,106.01735,640.58685,5429.68874,E6.a_3,1393.8873,44.67241,83.03967,1.0,3372.96391,156.41332,1.0,1.0,9.6392,2928.02698,1.0,68.97733,1.76297,1.0,1.0,3.75556,1.12945,1.0,39.63015,E6.i_3
34351.60508,10487.71082,6865.00263,702.83172,105531.42781,307.19207,6.51858,3.20638,785.44444,160157.19489,32.73628,1552.68579,87.51171,543.54171,1.0,2420.64668,113.07291,643.80907,4907.07763,E6.a_4,1545.27619,66.18558,88.70633,1.0,3667.3528,280.64441,1.0,1.0,12.46208,2812.69364,1.0,68.25511,3.30371,1.0,1.0,2.95556,1.0,1.60486,37.0746,E6.i_4
33668.66064,14997.65527,7290.6693,782.72061,101558.87225,155.19207,6.005,6.51596,728.05556,153049.58378,29.18072,1459.57468,80.4006,550.70838,1.0,2243.20224,125.90624,599.5313,4955.29986,E6.a_5,1561.83174,31.01089,83.81744,1.0,3783.51947,73.60442,1.0,1.0,10.19476,2723.7492,1.17335,67.69955,6.40001,1.0,1.0,3.48889,1.0,1.0,28.0746,E6.i_5
33062.88286,12456.82193,6931.39152,823.99839,100762.59447,359.41052,3.65684,11.11915,703.72222,146789.41711,33.06961,1556.40801,83.23393,547.70838,1.0,1827.31335,128.90624,513.42018,4231.68874,E6.a_6,1610.05396,50.07447,97.92856,1.0,3693.3528,147.54886,1.0,1.0,11.44999,2629.08253,1.0,73.69955,2.54074,1.0,1.0,6.42222,1.0,1.0,37.63015,E6.i_6
30422.8273,11053.82193,6737.83596,671.77617,91195.3167,187.44018,3.83708,1.0,709.66667,142736.36155,28.29183,1344.85246,67.28949,525.04171,1.0,1642.75779,126.90624,461.47574,4782.29986,E6.a_7,1544.99841,37.25431,109.92856,1.0,3679.46391,194.36663,1.0,1.0,9.5611,2508.63809,1.0,64.42177,3.04939,1.0,1.0,2.77778,1.0,1.0,39.51904,E6.i_7
32334.43841,10710.54416,6196.78041,793.1095,103461.59447,162.64028,2.64201,3.20638,769.33333,138473.36155,25.62517,1405.85246,99.78949,482.65282,1.0,1937.8689,146.68402,536.0313,4422.02208,E6.a_8,1516.83174,36.37344,58.81744,1.0,3314.3528,114.36663,1.0,1.0,9.44999,2403.41587,1.0,53.42177,3.04939,1.0,1.0,4.73333,1.12945,1.0,20.35237,E6.i_8
29952.3273,15782.04416,6436.44707,615.16506,86442.65003,338.74385,2.7951,13.32553,647.44444,134543.19489,23.62517,1247.63024,82.45615,525.98615,1.0,1516.81335,119.01735,433.30907,3887.79986,E6.a_9,1343.72063,44.30986,60.81744,1.0,3209.46391,95.51773,1.0,1.0,9.70521,2377.30476,1.0,60.69955,6.14568,1.0,1.10889,6.68889,1.12945,1.0,16.77618,E6.i_9
44519.09317,14243.63333,13066.09267,7517.7131,168883.21272,127.83333,7.98615,3.62456,8151.07285,1040778.37892,396.10673,9796.32261,12107.53017,462.9715,57.18225,1909.8158,591.21892,494.66674,15363.77929,E8.a_0,380.80274,1438.80062,115.90307,169.70563,1693.20166,1120.29463,1.0,1.0,202.36699,6898.13043,57.74343,587.13673,697.54352,1.66746,1.0,5.85529,2.88889,1.83813,29.23135,E8.i_0
40884.25984,15020.8,14179.81489,7964.7131,168679.26828,238.5,10.20838,1.65614,8557.01729,967078.54558,435.10673,10127.48928,14574.58573,480.63817,64.90447,1565.3158,620.88559,529.00008,14082.11263,E8.a_1,371.63607,2178.0784,108.29196,112.70988,1702.59055,1123.26387,1.0,1.0,198.81144,6499.35265,57.96565,519.91451,693.48796,2.80328,1.0,1.37135,6.83333,4.12071,37.12024,E8.i_1
42116.92651,14025.8,12050.09267,6773.43532,167243.9905,384.16667,9.4306,1.0,6960.85062,930694.65669,381.2734,8779.26705,10926.80795,390.91595,44.96003,1679.03803,531.60781,481.66674,17161.33485,E8.a_2,539.85829,1732.85618,96.84752,94.32523,1717.64611,745.73311,1.0,1.0,179.70033,6231.79709,50.4101,434.47007,607.9324,2.05634,1.77778,1.37135,6.72222,2.56035,27.33578,E8.i_2
41326.87095,14119.02222,13356.09267,7024.32421,160671.65716,234.22222,8.20838,1.0,8274.96173,908510.71225,401.32895,9699.43372,12481.30795,499.36039,48.46003,1666.03803,594.05226,459.77786,13900.3904,E8.a_3,388.52496,1065.52284,72.7364,94.38079,1557.75722,731.15872,1.0,1.0,192.14477,6000.96376,57.74343,517.19229,611.04352,1.55634,1.0,3.18863,2.94444,2.61591,17.56468,E8.i_3
42314.70428,20335.3,13270.14823,6182.04643,154878.54605,3068.66667,9.76393,1.0,7453.51729,884551.43447,369.05117,9386.87817,12890.03017,343.9715,45.84892,1585.48247,447.55226,408.7223,15586.8904,E8.a_4,422.24718,1292.02284,120.62529,146.15432,1491.09055,908.49006,1.0,1.0,215.58922,5854.35265,56.29898,521.02562,653.09907,1.69909,1.0,1.55703,7.66667,1.03018,29.17579,E8.i_4
39853.87095,16615.35556,11694.98156,6830.43532,157423.04605,1227.0,8.20838,1.0,7375.51729,865568.15669,350.32895,8475.54483,11509.2524,391.86039,42.34892,1599.3158,457.33003,399.38897,16952.50152,E8.a_5,472.41385,1261.63395,108.51418,127.5517,1789.64611,536.59919,1.0,1.0,175.25588,5754.57487,54.4101,509.74784,601.09907,1.7153,1.0,1.92839,2.88889,1.07544,11.55132,E8.i_5
39542.92651,15315.91111,12640.25934,6135.37977,154864.32383,663.94444,8.31949,1.65614,7784.01729,843815.2678,372.05117,9033.76705,12335.03017,417.4715,50.07114,1597.64914,449.4967,488.83341,15185.11263,E8.a_6,356.24718,1727.63395,130.84752,111.6115,1357.64611,1143.2103,1.0,1.0,159.92255,5602.13043,53.4101,459.35895,571.54352,2.08027,1.77778,2.37283,2.94444,1.44924,19.00913,E8.i_6
39695.3154,16285.46667,11779.37045,6830.15754,153610.43494,591.83333,7.93831,1.65614,7165.51729,827527.04558,369.21784,8633.2115,11488.86351,346.80484,48.46003,1550.59358,452.66337,404.55563,14997.05707,E8.a_7,398.35829,740.24507,64.18085,127.71412,1268.14611,1.30456,1.0,1.0,180.70033,5481.63043,56.18787,492.85895,558.15463,1.87347,1.0,1.55703,1.0,2.15638,23.39802,E8.i_7
40331.20428,16899.52222,11548.926,6538.49088,157723.21272,2215.77778,10.31949,1.0,7047.68396,820273.21225,343.82895,8209.2115,11967.64129,372.63817,46.73781,1525.8158,343.55226,376.66674,15688.83485,E8.a_8,464.24718,1417.13395,226.95863,95.6713,1449.31277,1885.98808,1.0,1.0,164.4781,5355.74154,52.63232,468.3034,600.82129,1.23843,1.0,1.18568,5.83333,1.80795,11.33578,E8.i_8
38752.20428,22177.41111,12147.926,7148.2131,148798.15716,3204.27778,7.09727,1.0,6664.18396,806095.7678,366.82895,8627.87817,10587.2524,382.58261,35.51559,1399.70469,429.83003,381.05563,14390.22374,E8.a_9,408.24718,1247.35618,92.95863,101.5517,1562.36833,1020.54562,1.0,1.0,181.92255,5245.68598,56.29898,498.19229,640.21018,1.62732,1.0,1.92839,1.0,1.04527,33.34246,E8.i_9
28271.99712,17518.88209,10661.87246,4818.25584,82539.5135,152.49574,1.8126,1.0,6963.40818,314705.98223,298.18787,2736.93333,10909.98129,172.42753,40.5,286.76848,129.78556,1798.10765,7154.06295,E9.a_0,184.48536,80.54788,68.72488,1.0,570.6437,34.02892,1.0,1.0,64.1618,1930.56834,11.42786,9.70713,244.06265,1.10015,1.0,1.10209,1.0,1.43862,22.14951,E9.i_0
26334.94157,15993.10431,10566.8169,4738.31139,82705.73573,211.33284,2.72231,11.35981,7199.79707,301139.70445,312.07676,2803.1,9351.37018,183.26086,38.77778,398.21293,181.07686,1835.49654,10217.45184,E9.a_1,216.15202,144.04788,92.83599,1.0,604.36592,99.09817,1.0,1.5232,45.27291,1851.67945,11.61643,17.82836,208.34043,1.10015,1.0,1.0,1.0,1.0,17.23097,E9.i_1
24323.10824,15689.71542,9713.42802,4394.9225,77018.23573,143.49951,1.58338,10.05296,6715.07485,287617.87112,298.52121,2684.98889,8201.48129,161.64975,41.16667,366.26848,137.52131,1636.27431,7971.28517,E9.a_2,194.04091,170.43676,61.83599,1.0,488.25481,146.33486,1.0,1.1744,52.93958,1773.17945,10.68374,19.25092,186.11821,1.0,1.0,6.2507,7.41675,1.0,9.42479,E9.i_2
22808.33046,14363.10431,8692.98357,4214.14472,76275.79128,259.10685,1.47227,4.21963,6757.96374,279078.26001,290.24343,2463.6,9420.42573,144.42753,17.27778,455.8796,207.9102,1295.38542,9425.00739,E9.a_3,138.26314,111.65367,55.72488,1.0,382.47704,211.41857,1.0,1.0,57.1618,1741.67945,12.06088,15.57248,208.22932,1.0,1.0,1.03403,2.31949,1.0,13.34333,E9.i_3
22614.88601,15195.27097,8797.53913,4245.03361,76852.0135,75.53294,2.2084,15.74611,6851.24151,272407.42668,294.24343,2321.93333,10657.42573,120.59419,19.05556,521.04626,162.13242,1210.55209,8492.95184,E9.a_4,189.59647,231.99232,71.39154,1.0,456.36592,43.52816,1.0,1.1744,45.27291,1673.84612,12.17199,16.37214,222.28487,1.0,1.0,3.73472,4.20838,1.21931,7.78528,E9.i_4
22839.05268,13426.65986,8065.48357,3708.20028,72485.62462,132.5254,1.45144,1.0,5819.29707,269191.53779,248.18787,2368.54444,11511.25906,123.09419,14.61111,416.3796,125.63242,1121.99654,7016.95184,E9.a_5,173.48536,84.60343,84.28043,1.0,505.86592,17.51446,1.0,1.1744,57.05069,1652.84612,14.83865,12.96137,224.5071,1.05008,1.0,1.0,1.0,1.0,19.78778,E9.i_5
23695.88601,14184.65986,9004.42802,3917.14472,71453.84684,116.91052,2.52091,4.35981,6610.46374,264607.53779,262.85454,2212.37778,9235.48129,142.92753,26.66667,380.82404,145.4102,1224.05209,8279.84073,E9.a_6,156.26314,145.10343,61.16932,1.0,489.6437,140.15373,1.0,1.0,47.49514,1600.23501,9.50532,12.41758,205.34043,1.05008,1.0,1.10209,1.0,1.87724,10.62111,E9.i_6
24168.71935,14860.88209,9123.70579,4332.86695,73782.90239,137.33284,2.65284,8.37305,6204.85263,260535.87112,278.52121,2442.71111,9997.14795,126.26086,15.0,378.93515,402.96575,1277.94098,7422.50739,E9.a_7,143.04091,77.2701,60.05821,1.0,417.1437,11.34779,1.0,1.0,63.05069,1563.40167,12.61643,11.80647,216.45154,1.0,1.0,3.52848,4.20838,1.65793,12.12111,E9.i_7
22004.88601,15080.4932,8064.26135,4074.81139,68038.12462,217.33284,2.50009,4.87305,6243.01929,254978.20445,270.96565,2238.82222,7305.5924,136.09419,21.72222,430.21293,133.68797,1099.6632,7235.39628,E9.a_8,214.59647,114.82565,63.83599,1.0,532.31037,10.63927,1.0,1.0,63.60625,1552.90167,12.39421,18.73914,238.5071,1.0,1.0,1.06806,2.31949,1.82751,15.40014,E9.i_8
21710.49712,14334.77097,8387.92802,4092.81139,70222.45795,135.99574,4.03482,2.02648,5943.68596,250020.1489,287.79898,2342.71111,8268.92573,137.42753,24.11111,512.43515,158.4102,1130.10765,6850.6185,E9.a_9,146.59647,121.88121,66.83599,1.0,338.03259,77.90411,1.0,1.1744,37.71736,1479.73501,10.82851,19.98326,180.95154,1.0,1.0,3.34584,1.0,1.43862,10.17292,E9.i_9
16396.66667,6657.63395,530.50532,27122.39717,52007.83873,7.5847,1.22833,6.67778,1421.72193,838078.61717,41.18963,214725.83333,56.22635,275.74519,1.0,30.81335,81.88889,42.82979,169.62024,INK.a_0,2319.61111,1158.88552,204.65308,1532.34176,3390.85133,90.95696,1.0,6.48466,162.50516,36858.56019,1.86,1787.86923,13.2196,133.5,1.0,1.66,3.60816,1.0,5.02297,INK.i_0
16792.16667,6615.46729,503.56088,27588.11939,52218.89428,4.70462,1.56778,6.55556,1420.27749,819718.11717,41.63408,209966.22222,30.22635,262.91186,1.0,44.53557,79.16667,48.9409,168.56468,INK.a_1,2442.61111,1451.94108,308.31974,1862.50843,3216.96244,1.64945,1.0,3.62611,153.39405,36463.22686,2.08833,1867.70256,13.4415,141.61111,1.0,1.05333,10.90596,1.0,1.91951,INK.i_1
16604.88889,6989.85618,604.7831,26589.89717,51974.1165,15.81847,2.545,14.32222,1389.77749,807530.83939,37.30074,205006.44444,23.88044,283.74519,1.0,36.14668,79.05556,51.21868,204.17579,INK.a_2,2284.61111,1438.82997,258.31974,1710.45287,3032.24021,1.64945,1.0,2.05044,156.17183,36036.17131,1.22833,1741.31367,11.05277,139.27778,1.0,1.10667,5.86297,1.0,1.54724,INK.i_2
17013.94444,7335.46729,1183.50532,26146.06383,50234.22762,24.04069,1.79,9.01111,1377.27749,794808.61717,39.41186,205453.61111,33.0471,547.02297,1.97507,41.70224,72.11111,64.49646,158.62024,INK.a_3,2267.88889,1547.99663,243.70863,1648.50843,3019.35133,1.32473,1.0,2.57566,158.50516,35636.00464,2.19945,1709.36923,13.9415,140.72222,1.0,1.08,5.98076,1.0,1.42017,INK.i_3
16340.61111,7462.85618,1322.11643,26524.61939,48003.94984,21.99668,1.79,16.77778,1327.83304,778563.33939,39.96741,192178.0,95.94857,601.68963,1.0,31.70224,82.0,57.71986,142.34246,INK.a_4,2237.5,1502.44108,194.04197,1950.45287,3183.57355,1.32473,1.0,4.15133,144.83849,35130.11575,1.90722,1723.75812,12.16372,69.16667,1.0,1.71334,6.72595,1.0,1.49934,INK.i_4
15101.16667,11337.96729,811.94976,26876.00828,49332.72762,23.2277,1.78389,10.94444,1377.27749,769802.11717,42.41186,196451.55556,86.89301,420.52297,1.0,35.31335,81.27778,40.05261,152.62024,INK.a_5,2389.61111,1328.6633,254.09752,1723.39731,3208.6291,1.0,1.0,2.57566,151.72738,34830.11575,1.90111,1656.75812,13.49705,122.83333,1.0,1.16,5.60816,1.0,1.38058,INK.i_5
17366.5,8465.91173,1610.39421,25701.39717,46751.50539,18.29206,2.84334,22.73333,1357.8886,761720.33939,35.18963,194726.61111,24.36786,663.74519,1.0,31.70224,108.83333,72.60757,155.34246,INK.a_6,2296.22222,1713.99663,206.48641,1313.11954,3489.07355,140.56338,1.0,3.62611,145.17183,34519.72686,2.31056,1683.98034,10.55326,102.77778,1.0,1.16,23.44817,1.0,5.52297,INK.i_6
17240.55556,7469.35618,1038.83865,26428.67495,50262.67206,7.59625,1.94222,10.3,1425.94416,755581.67272,41.18963,203136.27778,31.7819,514.07852,1.0,37.64668,86.0,50.42278,180.28691,INK.a_7,2562.55556,1387.10774,267.26419,1529.67509,3184.85133,1.64945,1.0,3.62611,160.28294,34140.00464,1.94222,1756.81367,10.60816,131.88889,1.0,1.58,6.18001,1.0,2.08618,INK.i_7
15808.94444,7557.63395,1089.56088,26063.06383,49557.94984,18.28052,2.23445,4.22222,1383.77749,747900.9505,38.18963,198658.88889,38.67079,587.91186,1.0,35.25779,59.61111,49.21868,140.78691,INK.a_8,2248.11111,1187.27441,213.26419,1617.39731,3318.24021,35.51252,1.0,2.05044,160.72738,33876.67131,3.12945,1670.09145,17.66372,87.33333,1.0,2.13334,10.24224,1.0,6.28478,INK.i_8
17444.22222,8678.68951,1734.2831,26988.06383,48429.28317,16.23651,2.31056,18.06667,1384.05527,742901.39495,37.74519,198564.66667,33.89301,968.41186,1.0,26.98001,141.5,81.55202,155.78691,INK.a_9,2131.83333,1153.82997,217.76419,1674.23065,3251.40688,30.75196,1.0,4.26755,140.9496,33433.94908,2.64389,1537.25812,10.21927,77.22222,1.0,1.63334,4.35335,1.0,4.27712,INK.i_9
