,C,Na,Mg,Al,Si,P,S,Cl,K,Ca,Ti,V,Cr,Mn,Fe,Co,Ni,Cu,Zn,As,Rb,Sr,Zr,Cd,Sn,Ba,La,Hg,Pb,probka,short,NAZWA POMIARU XRF,OPIS
0,0.5456292642732647,0.34935960952817585,0.14478974162008587,0.018333208343300083,0.018615116568002025,8.831735554815268e-05,0.004564652643705222,0.00025130076674932856,3.1804470909067395,0.05993726299765207,0.04608769207057116,7.651410977782403e-06,8.168623113485148e-05,0.19374349008008093,5154.164087102676,0.007205640103707293,0.001499364830964457,0.05812727158010338,0.3047159995441428,0.0010360756839927214,0.004480613227264735,0.0016453315659762213,6.33769996272046e-05,0.0002518467711348899,0.00048375063255375,0.00019354755847563796,1.8362331044756324e-06,0.006771694772936466,0.003837323419751099,APP0,APP,APP0,podpis - Małachowski
1,0.5021308667412883,0.42244463003619465,0.17566671671655704,0.02750806258291941,0.07344347588481741,0.00041588173368907857,0.0053185508358354425,0.0005676405437286285,3.6675377205025397,0.10728886027206472,0.354090400479954,3.5083624249396135e-05,0.0008323426252086002,0.16757507887308107,4738.488096290312,0.008318110950771137,0.011169420228749906,0.17343451349797287,0.3197259864532951,0.00020557659455317862,0.0045132940263683365,0.004409813748676207,0.0007482919728298286,0.0001818540128318565,0.0021134703222479784,0.001947017476389557,9.8636043256441e-06,0.0024991678119076926,0.008954527891007587,APP1,APP,APP1,podpis - Kossakowski
2,1.4679475864397615,0.35534051725971505,0.15895283990515158,0.037592918003056766,0.05351071772946832,0.0004503975582222823,0.0039771228185881006,0.0003471114044106714,2.6322820287660784,0.09156338972415502,0.008085248728633414,1.5186359896611717e-05,0.0003526154927494857,0.16931376005895174,2272.300196133983,0.013231917956812432,0.004149625204026172,0.0641854116912569,0.3562281838219249,0.0011439635960005714,0.003979631115433786,0.004363853041082657,2.656647726926644e-05,0.0003008530289986579,0.0013631810729362501,0.0009246136982609787,9.921847661034674e-06,0.004800959194130657,0.009504352181570516,APP10,APP,APP10,podpis - Radzicki
3,0.5857856040405586,0.30863702857131614,0.18969743832842462,0.018995261092264886,0.0350742639337624,0.00018490833988539998,0.005207049097868443,0.00041485756402427854,2.870524833874726,0.10539165874460588,0.01658807124018997,1.1696056641228464e-05,0.00022570488517089962,0.21966639805921062,2949.4276427221225,0.012011897065586278,0.0011747141401994,0.04661257026451484,0.4448858720582796,0.00048186504570885716,0.004688571253241587,0.0030752765475958,5.428104836891059e-05,0.00018332257233969712,0.0003807308171422143,0.000252236130367758,3.2226773086294763e-06,0.0036548192761899573,0.0034354656628838138,APP11,APP,APP11,podpis - Zabiełło
4,0.5112694741785925,0.209347643447066,0.11823296670526402,0.012018271157715279,0.022785346836722033,0.00013189281770463105,0.0038168567155342924,0.00016962208971721182,1.8667125062650105,0.06459694629578386,0.005023539172055008,3.2042655568888484e-06,9.351235358064372e-05,0.13946985314862778,7566.1098981812975,0.005970276190710749,0.0006702768157779428,0.023959365456475944,0.2670270519355054,0.0007706847353889359,0.002891931054529179,0.00210824848738425,1.1338227378020774e-05,0.00031238641650135717,0.0002836708069629758,0.00018346685346816563,6.518729720103526e-06,0.002788831769825914,0.0027223867494237494,APP12,APP,APP12,podpis - Puttkamer
5,0.7002540812919317,0.24232029928038654,0.11264182047464724,0.027355545290873955,0.041400944384776074,0.00013079188089326873,0.0033493163563109926,0.00020151339599108837,2.008544043375839,0.10710298797504052,0.010815097318742778,9.26930243590899e-06,0.00013759123195403037,0.13206105097707346,3079.179332659981,0.007333752124612127,0.002502268380716386,0.06074518097847264,0.2546132771022899,0.0010133836301301857,0.0026728487891935783,0.0033643757655924143,8.65105326836162e-05,6.269092560921263e-05,0.0005904177248153787,0.0003579933303370785,5.4280220237993275e-06,0.0035456000229551433,0.007012051736358985,APP13,APP,APP13,podpis - Sapieha
6,2.387191177916133,0.44982781971678226,0.1792703203243168,0.024852508262620972,0.055256997321353536,0.00013055330263110347,0.004872405098886858,0.0009930258903124215,3.112085849717366,0.1456735007422098,0.008832974777251179,7.632872459517962e-06,0.000113500512815586,0.20018097488623643,4103.51058926683,0.007751037528937179,0.00208504119545185,0.04946919381237043,0.2888162838641186,0.0005799054258617001,0.004435618659984258,0.005490614751705606,4.4073132277548605e-05,0.000358467366849628,0.0006693961878539857,0.0005686603511876499,2.9760815467358327e-06,0.004537882611466443,0.004756685364691586,APP14,APP,APP14,treść
7,0.7869241455759959,0.26150155691224175,0.08887288968419395,0.028096145261217603,0.020731282633438975,0.0002884082446394785,0.0015988313796865788,0.00017913844071763333,1.550467973638615,0.08567428828139378,0.0011035338256937858,3.6856605705500793e-06,6.074957812159607e-05,0.05481508151247988,5929.400592997207,0.002998661991625264,0.0009418226564798071,0.028099465059419286,0.11951812803762792,0.0013542699724966999,0.0022463213802430926,0.004833367960964444,5.046011095758615e-06,5.3492274060838045e-05,0.0006705921903077071,0.00011301433265868625,6.769008728878664e-06,0.0012555368071672786,0.010007662965559412,APP15,APP,APP15,poprawka
8,1.4092473037098225,0.39310098194896836,0.13630147639162699,0.06440607195259869,0.047087404982680485,0.0002693458904119072,0.0033171919835140065,0.0006968053566256142,2.517616243055144,0.08981383993164406,0.018929419053209384,1.5868647155448887e-05,0.00018609963067820528,0.11850837162889452,3243.9220127498675,0.0117292262344821,0.006527977724460536,0.056962935958246495,0.2403858123332596,0.0017505985070401288,0.0036413147429651713,0.007388599881987057,6.37770118034547e-05,0.0002643242560976152,0.0013622332307858356,0.0006040335910481615,1.3545058327198021e-05,0.0017439111311686997,0.01195902223708202,APP15,APP,APP15,poprawka
9,0.18641414893096692,0.24738494686622792,0.04841196131078907,0.07651782782672505,0.17487752416992383,0.0026412531356575218,0.003984496078594565,0.008349376051791707,2.3790148608389323,2.001675449033145,0.05351161734131521,3.74225652318949e-06,0.0012054596109931416,0.04468266070818221,1211.0840965595355,0.00894671333695989,0.008747482896711786,0.05652851130971432,0.05220760968869094,0.0029054394151422935,0.0011283716858627787,0.005715021452306372,7.450682762189e-05,0.0002248789653446212,0.0007113056667775212,0.0005069633506774071,2.4549158097183634e-05,0.04342879755874677,0.02404294001641812,APP15,APP,APP15,poprawka
10,1.0096718794338242,0.5478412504445737,0.06704721293667874,0.045926816968667884,0.10352996461203626,0.00024669378891352287,0.0006515922704189142,0.0007505516341081142,2.864783536715386,0.1781352920058578,0.014100335752327971,4.672615135225154e-05,0.0007648573356046077,0.024588497274032624,1251.053919975447,0.0014806691318420071,0.0005645027434060856,0.01835744574525611,0.027513050340120283,0.0012770883965938786,0.002431381869777143,0.007233085486954808,6.486669382694739e-05,0.00014541774515381122,0.0007461881975866501,0.0013297752938651929,1.951450094905629e-05,0.0013573993016233429,0.012071073854788198,APP16,APP,APP16,oblatowanie
11,0.6523420063761546,0.32369883520241116,0.17180205815839827,0.03495282837101805,0.06855102618139972,0.00019962117636246007,0.004769183660414392,0.00036325068923243574,2.7385744599551956,0.1012876114329756,0.14965455957530233,2.2680201564627798e-05,0.00041463100949865587,0.18106629489384618,4051.48680402507,0.009133327725694052,0.00262791778834185,0.07565211904817715,0.32082125161291886,0.00047009157170307145,0.004141922457386936,0.005228919869401786,0.0004817468104106715,0.00015689500233744254,0.001468071174519307,0.0021879081235028288,1.4235615514077104e-05,0.002827078117503486,0.012097725462912065,APP2,APP,APP2,podpis - Jabłonowski
12,0.2877150363104856,0.21892644913083817,0.14356977670103702,0.020932072069528147,0.02193692709757581,0.0002786772487685286,0.004393661029049236,0.00018952510050269285,2.377935289694995,0.06758161092642148,0.009601360791307858,1.7041631985729257e-05,7.822472530337278e-05,0.18281610922584918,3949.4715823657957,0.010056784662799929,0.002725913100929458,0.05402523256310663,0.38234523021473193,0.0005585599272614857,0.0040594974717840645,0.003003187690294122,5.832297852491475e-05,0.00019301036543270116,0.0005395937224355928,0.0005100323674191071,1.0078302175052074e-05,0.005332677930291178,0.00723979612778967,APP3,APP,APP3,podpis - Szydłowski
13,0.1391582340963652,0.18851078813275163,0.10973904807263615,0.016055437584872177,0.020234009105964786,0.0001500870963482143,0.004593259307367707,0.00026591263411570714,2.592540571370225,0.040692808890584055,0.018571145216573774,6.610562746522328e-06,0.00012645004012494122,0.17952818282102062,4927.926456802293,0.007501943192769671,0.0004502720544289429,0.12481399900540281,0.35855849713641,0.0002611024048341715,0.004393838207296657,0.0022526512551090286,0.00374155624252352,8.728472337022686e-05,0.0003384196550129142,0.00024459542327835715,7.290120974428389e-06,0.00324933447597785,0.0030341905726967286,APP4,APP,APP4,podpis - Kwilecki
14,0.3157804205017441,0.245079521263113,0.14644021304873242,0.01578297979699304,0.019235537273978167,0.00018701981124461754,0.004653542402691342,0.0001204119365619473,2.4844474585308016,0.03473808303727193,0.007740392556005464,9.170277501584486e-06,5.8879565069408565e-05,0.18495634115068252,4162.125555931112,0.007811558710004685,0.0013965847737131287,0.05434177131497744,0.3612403799776421,0.0005639153483352142,0.0040339050550658425,0.0014770232348543285,2.384009182733502e-05,9.706528049346405e-05,0.0012995406255024284,0.000307025932006324,7.825155420350062e-06,0.003284186925455228,0.0033395182016258225,APP5,APP,APP5,podpis - Plater
15,0.4394491494608859,0.28048287673300326,0.03687436178948796,0.04524014381608097,0.030564383087046853,0.0004501568467318429,0.0003238920094591928,0.0005618287279080357,1.1758334149947582,0.1802146472304261,0.01604800741837546,2.7379540077017193e-05,0.0003227036566250098,0.005362902461088051,3292.646460586618,0.0031704794836382,0.0027200077901375144,0.021685543713105545,0.023513083929472232,0.0041583623984580795,0.00134023935070135,0.010947744181473465,0.0001164352716763017,3.6951174911492814e-05,0.0015990374286662715,0.0007322016467965571,0.0001426982299408616,0.0013293312698730857,0.03633035389319093,APP6,APP,APP6,podpis - Stroynowski
16,1.9634230480648351,0.6820099017930217,0.20613357056285372,0.032740912669809774,0.06770777076023125,0.0003539041931139891,0.005920189753681664,0.0012936536396070213,4.338946769305288,0.1652634408716201,0.02425397149318767,1.683048624843457e-05,0.0003216067870690816,0.20534521075653572,3482.908814654661,0.009063536234052707,0.0014865021248871432,0.040345198311018966,0.31058978770593987,0.0005200041766875286,0.005919042220504686,0.007769743572097372,0.0001814967391929975,0.00013021087798805332,0.01775616723638928,0.001132409699149093,7.674079630891097e-06,0.006076507516133958,0.16234765025429002,APP7,APP,APP7,podpis - Potocki
17,3.188311999379578,0.5894193954033403,0.15254107623398938,0.0730473520173974,0.09385030890883407,0.00046465830553645,0.003726545246334264,0.0007584897021531144,3.3018121957045756,0.2199023485365641,0.01539862294302445,0.00020359253074601433,0.0006220666199837,0.2208412539237241,1648.401307783636,0.02169402019426733,0.015199265740543585,0.09385773114658873,0.3455342219473913,0.001520945428143614,0.004561233113214315,0.011140805359122907,5.080989843047406e-05,0.00106228581997975,0.001576300023118307,0.0008355034435679713,8.631071803240832e-06,0.012372246264031895,0.023593512787386473,APP8,APP,APP8,podpis - Zboiński
18,1.0749511978911712,0.40220044530965904,0.1617445001776185,0.03084374510146167,0.05321177434216916,0.00022629290971071426,0.004438823551491236,0.0006642631907108214,2.6669598774916095,0.16492968336592326,0.04631665480563135,7.790416565134832e-06,0.0003864814732989306,0.18807839868577667,3049.507405517743,0.011111711582925248,0.0026877358121681,0.07205983487273991,0.34537292296697497,0.0006723011801583143,0.0037953275275381853,0.004961075375183764,0.00042318843665901425,0.0002246544610419406,0.0007737928780739571,0.0006231157316993214,3.4238825546395196e-06,0.018751631530369895,0.006340193440484272,APP9,APP,APP9,podpis - Nowowiejski
19,9.072660914484944,0.7850203879418001,0.4654927930696812,0.009797294198216585,0.05015128494158678,0.0002923508195321072,0.006770430026382315,0.0003410005690102312,4.718071214967659,0.26845663193841657,0.0027867579287616435,4.9640559977177664e-05,0.00037365775667795516,0.2746379329961874,945.4626209816691,0.0070730573746513505,0.0013215947079292354,0.03897812910099186,0.36662301118251805,0.0005915718853250416,0.0025059596531979427,0.014791564729223328,4.158053041310258e-06,8.124205840187918e-05,0.0006234935421683928,4.7327551280314586e-05,1.735684309325254e-06,0.0018042178727964574,0.000658499584688969,APP0,APP,APP0,podpis - Małachowski
20,11.801558415845175,0.5222908166272139,0.12742434517278137,0.041458679511203224,0.09773703568573237,0.00020047525272373572,0.005172978204079279,0.001845191497041514,3.4906455696617376,0.17601524794059253,0.035931871134941194,3.4022546578938875e-05,0.0008891157056431214,0.08655737868859213,786.9014641747759,0.014332589607399937,0.00117714089565395,0.07679523666884622,0.2570040120482236,0.00044415533442989936,0.001289729670169743,0.024984326488548942,8.27116375979007e-05,0.00020070516428292382,0.0014753895100973358,0.0007861799429560929,4.9273702190897526e-06,0.004744234918812707,0.004678072412712336,APP0,APP,APP0,podpis - Małachowski
21,6.113311645566176,0.40511585075992984,0.23214180056366276,0.045514005730233495,0.03639947508769088,0.00039026169073947856,0.006025774489987922,0.0007950326371231072,2.53888182069414,0.11539003080816103,0.00887369279480177,1.7350675061203302e-05,0.0005271088780534,0.13176231552613016,2170.5710918409864,0.0063440415423355,0.0017873705035246338,0.06086396592047325,0.2303433089906815,0.0013268848711483357,0.0018806903567014283,0.004444328395774429,6.91558178297234e-05,7.790532779216692e-05,0.00037729214389932853,0.0006887359104164168,2.9698681976198518e-05,0.0026351450435524366,0.004486803601392192,APP0,APP,APP0,podpis - Małachowski
22,14.954598231412021,1.1885648198052887,0.31839244475199857,0.09948364038305128,0.26053602844522367,0.002013118033317493,0.006858283022104007,0.002304957012838457,4.395308294360429,0.17896139802650632,1.5181936187839962,0.0001589568460956656,0.0013128084188592287,0.09296062010664823,898.0789592070026,0.011894577237323244,0.012219708606764471,0.11349951074090882,0.22411929979305528,0.0004161312952604214,0.002362205426475386,0.012579230933900629,0.002294249563501143,0.00019798378451525654,0.0009340385566346644,0.002391010141763986,6.42490435299517e-05,0.002588214972351171,0.009780029000438936,APP0,APP,APP0,podpis - Małachowski
23,8.329626879560289,0.643128674230419,0.1375200583458684,0.03582114184329406,0.008149739098983779,0.0003683653785504928,0.004856004140493743,0.0009782166306469,2.8075163357009103,0.057469071046535446,0.0657493061074343,2.6545665784047476e-05,0.0004084802624451214,0.07581835689032772,1544.4073857264793,0.008806903138759193,0.0015009957617124713,0.059217498349259066,0.3052926908208037,0.0015616346560961356,0.0022278231711790643,0.004260029570189649,0.00017746656191497295,0.00022835329718364164,0.0002806024830953286,0.0032414587087786504,9.010784152619252e-07,0.0036862753999082577,0.010029033188494407,APP10,APP,APP10,podpis - Radzicki
24,15.960076635981904,1.0528086551770215,0.09496187517778419,0.09385373348369755,0.04027775452100749,0.0005646794151423929,0.0038137006078198354,0.0021608552501937357,4.035032216903291,0.16200322477742976,0.013870116340956874,3.391659016512467e-05,0.0013181736756200054,0.12756270943794826,797.6549795100761,0.008932687406335257,0.0020902430015988073,0.09915441382321045,0.1766220496011701,0.0008001213039896714,0.002420434485975022,0.029449675122516318,0.0001201292960831166,0.0002638942503186459,0.0005178208140099427,0.0007848500210319095,9.14735597855815e-07,0.0019200685115647784,0.002312223151578022,APP10,APP,APP10,podpis - Radzicki
25,23.51634148214313,1.7620264958373397,0.3605389860445258,0.044974642842615244,0.08466640064740957,0.0003936605440012714,0.010098474628505686,0.004966308881275807,8.057161939982658,0.3866348634520254,0.0061017993034584005,2.6610025041009177e-05,0.0016721076471774645,0.23440123957747483,540.9365866608963,0.011556276166593101,0.008006741751716707,0.024153439226322907,0.3236826127209905,0.0005179368437681501,0.005031769744476629,0.012968059116939887,0.0002383035503064243,0.00039683932111622135,0.0011756626821270572,0.0001253523506482008,7.402569577728636e-06,0.002277579867293686,0.004131335821997521,APP11,APP,APP11,podpis - Zabiełło
26,9.40416851675243,1.2794370848633054,0.3398712011864737,0.020751138063631124,0.02931682547093331,0.0002600273693417338,0.012852709774178636,0.001853485477087136,6.770942314073825,0.1210347610715736,0.0640296665082863,2.193778369553781e-05,0.0007473112518732429,0.22595349219278388,1576.5806050571032,0.009700040291568904,0.0013416150076247001,0.09480197136196568,0.3387992158949545,0.0005150067912495643,0.005006170513063815,0.0005549991902379579,4.882523156301057e-06,0.00012589054160339793,0.00035195244269316305,0.00030528245474634,0.0,0.002744779268409343,0.0018175173870132288,APP11,APP,APP11,podpis - Zabiełło
27,17.325724749731958,1.1658773508699327,0.16607078709785714,0.0687434930179883,0.0336941045085721,0.0006151244813095572,0.0061511757024447795,0.0018510994707052713,4.974280363525996,0.18567499190807,0.013680175882610298,2.5781209139537488e-05,0.0005507722019797267,0.15124469363041046,964.4766524641508,0.009589676358384277,0.004609917581553607,0.07134113823787891,0.23952958748142583,0.000985141012176107,0.003403646044373893,0.006508347727757836,0.00011369269610597089,0.0001447681183919527,0.0036727809873638713,0.0007228345892287227,3.9851918514486875e-06,0.0014036200586205144,0.0089719879922414,APP12,APP,APP12,podpis - Puttkamer
28,13.90594875063957,1.2914432152534514,0.46383754035944397,0.1315707244165784,0.09541347718349472,0.0010386935633823215,0.011814628427591806,0.0007885851622499571,5.7464145457010805,0.3380520089828563,1.033825645973908,7.104429376174834e-05,0.0012749048071668998,0.21054663106773802,837.2147473940223,0.019231715621855095,0.003563908863975722,0.10294146296856557,0.33521912664066467,0.0008502126026242428,0.005589989324232728,0.02581098274594573,0.0001501692067947269,0.00013117976965958448,0.002179479738639907,0.0019601703947331214,7.401270899801654e-06,0.002800912403967307,0.016217603057326578,APP12,APP,APP12,podpis - Puttkamer
29,19.789872694418357,1.1771931213892475,0.1897899228475228,0.12430157447772548,0.13501173612309927,0.0003154456648982966,0.010176627054958528,0.003650947760979664,6.253951679780335,0.8369877609672388,0.06592651280209662,1.7814088273739835e-05,0.0016448105964291927,0.16063644847719602,542.8215259379101,0.01792052947265746,0.003971423128616257,0.10823163200832166,0.24979598576647868,0.0010083165743997571,0.0038228532896243785,0.02789848059264568,8.069477092149066e-05,0.00016084389401407707,0.001120693667512505,0.0002796017468261165,5.019748760476464e-06,0.0016160275456943002,0.00435574320128085,APP12,APP,APP12,podpis - Puttkamer
30,12.54429656274309,0.6902316496597384,0.24614850615730904,0.023411647566636946,0.04297530508227256,0.00037946623622078573,0.008513383351520151,0.0010447629213357285,4.29079425413678,0.17748645189734055,0.004112907584827893,2.355171144677071e-05,0.0007915292749879019,0.16482913095085364,1052.4887330363013,0.010681218148498891,0.0009691311769522286,0.08666483208907318,0.3134121294369724,0.0005355767534485357,0.003128591594646028,0.0033413882597002425,1.2448291650460782e-05,0.00014471869523857242,0.00039166067794841355,0.00038519991950521423,1.1513788446139056e-06,0.0019661077757587575,0.005178864836105751,APP13,APP,APP13,podpis - Sapieha
31,19.79544294804964,0.37303629199024435,0.14696926942057362,0.0531857665392793,0.07124810788070073,0.0007025486997015359,0.004356152855519658,0.0016543579451120216,2.560133355821648,0.12469009204749237,0.06633536425341607,5.737375304663241e-06,0.0011146283625789357,0.09574365135670722,766.3333964434587,0.007477676088022828,0.0012235795416545223,0.06881863816600524,0.21624775804476318,0.0009896782112684928,0.0015117491838048285,0.0061440234811827995,0.00010058087353397302,5.421639763071559e-05,0.0010861428019241857,0.00025267367888941135,9.858262556003671e-06,0.0021156993976861574,0.0021873471567922355,APP13,APP,APP13,podpis - Sapieha
32,9.66701519588084,0.8162519768534015,0.0769930342125199,0.06012640459992441,0.054054255129910876,0.0011758956715287715,0.0018282182667361357,0.0008819855530723927,3.1508665445983324,0.15456171997411872,0.008500312929203321,4.493897393004208e-05,0.0003846557775598342,0.030695473611853406,1566.7087523641942,0.0010730021700213856,0.0005292069869287429,0.034274880439030576,0.05844335322442281,0.0011780297524085358,0.00210475501313425,0.011486880218201293,2.4831717998952417e-05,2.5510447107632288e-05,0.0007409767154697929,0.0003089747652009679,1.153435062311276e-06,0.0005318553176851356,0.005100626498723165,APP15,APP,APP15,poprawka
33,25.47660958653794,1.0675107087802362,0.0845672463587007,0.11707075838031492,0.15157239083072319,0.0006978122791916786,0.002220502736407436,0.004096073848828314,3.558234165681525,0.7833830303020607,0.016816093671411157,3.777487551562045e-05,0.001293339382021936,0.07176350139903766,453.2974004297925,0.014131105675533093,0.004690250256020679,0.04717375033564331,0.09366283310128785,0.0014757441250856428,0.0027791238604452863,0.021729503544036653,7.601859150247915e-05,1.1358940438332378e-05,0.0009287797839747786,0.0,1.7460328474326605e-05,0.0007085805183636001,0.01495166688607628,APP15,APP,APP15,poprawka
34,25.69974784705375,1.8866811637917624,0.2808417244369154,0.10281378160380594,0.11953578817665936,0.0006060076122905153,0.006986960288524985,0.01247811751791174,10.029917194903973,0.5765783409177822,0.018816165426925963,2.89540285296276e-05,0.0015840741570659796,0.18028755324964146,443.58433029940414,0.01380237070410048,0.0032380031392187218,0.08023410582694755,0.3176379804902348,0.00053257251696845,0.006688672824968714,0.0009789014632616856,0.00018691239529159654,0.0,0.0023115368542822442,0.0003760430184869429,1.853542852318474e-05,0.0013168984402860428,0.002176927053520843,APP15,APP,APP15,poprawka
35,9.422143613783673,0.852842306189624,0.07704349337368195,0.09714102598350458,0.04921180043947117,0.0002423639186670241,0.00168101157147875,0.0018209101787114927,3.6145434863865447,0.11796354962983212,0.0037227611513565577,1.9123295197454625e-05,0.0007103228341603548,0.02169599909105815,1125.7578768469155,0.009384294419152664,0.00209055822729871,0.027918501599124814,0.050980745564236284,0.0018145269465684858,0.002462692774708286,0.0006935727387302455,0.00011204885794713091,3.99823357378801e-05,0.00040050149023894286,0.00027965251358431415,6.183535122136421e-06,0.00032198176976274263,0.006164779330946222,APP15,APP,APP15,poprawka
36,21.858253257651874,2.2071359086464795,0.44824105740600123,0.05340474280903836,0.15041998371085927,0.0013012687717592285,0.01277338973052305,0.006511945301850901,11.961306781641682,0.338327788523437,0.006934130774070222,1.0119834685297755e-05,0.0020205476176785573,0.01759622156677976,741.8405810054321,0.018469816034032437,0.007987881428976579,0.035025796078681046,0.061388727518571086,0.0014797022733066569,0.008347118815540521,0.006591246433488879,6.916922061867363e-05,0.0001428784139642924,0.0015930176690500855,0.0004209397576335276,3.0170869785192245e-05,0.04271436416433467,0.008579418673315535,APP16,APP,APP16,oblatowanie
37,16.233276657222937,1.5880228154986091,0.281249946546628,0.13249177159906692,0.1304218342076586,0.0002627236171369062,0.005141896083920878,0.006190211776387235,5.845092243310267,0.31266773023634514,0.08154454320863823,3.786380439521597e-05,0.0015779724659581683,0.058825802515641276,691.883377493573,0.006461214070891593,0.002995215867942114,0.07021237669638113,0.12904980756311715,0.0006759294341043929,0.003925218806420936,0.033850972896194195,0.00022601312441978045,0.00019230534723518538,0.001499754351045721,0.0009961887501760238,4.777509576169158e-06,0.005665715578745893,0.007447392181562949,APP16,APP,APP16,oblatowanie
38,21.93982669727014,1.3338567865068132,0.16077472927692837,0.10781196856519681,0.022818602305979718,0.0004980925724553644,0.0029373628455447434,0.004870579413414551,5.638383662924801,0.0448419101939408,0.007383689162370093,2.7767665741836886e-05,0.0010836829529697976,0.012125005665930477,873.9687829342837,0.024319411683086527,0.013524806905187028,0.03361527059466668,0.07315100184318234,0.004638347595437443,0.0038544344079577213,0.015461961178645716,9.883049494073714e-05,3.699156472501463e-05,0.0024993249797840935,0.001290300504476,6.998782535657762e-06,0.0005848481043444774,0.015632307397418863,APP16,APP,APP16,oblatowanie
39,16.10442393746347,1.084867934569639,0.21605961638551394,0.05997467543300118,0.07392226268158263,0.0005001428752722142,0.00858497208307733,0.0019995938370134785,5.424903716167509,0.1853962872146644,0.022720889507987976,2.613449419735288e-05,0.0007960937801295042,0.14241344235018125,747.4581083641951,0.015064438232823314,0.0004242896478418561,0.09322854533017676,0.33842041264737055,0.0006760294200224358,0.0036155820035733218,0.014534776382672738,7.469611929047529e-05,0.00010341180537777432,0.0010822530566203573,0.00018362182728892847,1.1309362807491695e-06,0.003906875358368079,0.008121832064263793,APP2,APP,APP2,podpis - Jabłonowski
40,20.066391930727256,1.4538679970998014,0.22717697444341686,0.08493583609541287,0.07200154298566208,0.0013759937777819715,0.007376259432242899,0.0033542150504678003,6.548699646194865,0.39507254054554203,0.01790460776029312,5.26900714800412e-05,0.00225137502233175,0.1374193393900348,554.6167055855963,0.012118672461107071,0.0006468268763926856,0.10163680053904535,0.3291205918890748,0.0012931472731184145,0.003467096449500514,0.03811188345500143,7.51324046865733e-05,0.0005727876883136928,0.0015102137865914927,0.001220537389974043,3.044499020862342e-06,0.007398134591088957,0.021875614767052857,APP3,APP,APP3,podpis - Szydłowski
41,11.810723829917654,0.7150828333413274,0.23933371709742965,0.04947143783534281,0.0706554527262392,0.0006538409303057142,0.006020288576193599,0.0007997644769193572,3.018813304912371,0.1776106588680843,0.021727414931556086,1.7435076064827415e-05,0.0006723749824461063,0.1321131191555997,963.6585459458521,0.008129164803373171,0.00048169170957381135,0.04691772987139398,0.2536530617418701,0.00054737292553065,0.001595191283654207,0.008693461952691892,0.0001564515773070034,4.4716342295658936e-05,0.0008167683799275859,0.0008081208473152071,3.9919432346367695e-06,0.0012712952155346216,0.003916830912099914,APP3,APP,APP3,podpis - Szydłowski
42,10.132253472501686,1.0070138265097097,0.2251408421566217,0.08756440378685479,0.0015839908579855218,0.0008533025662977927,0.007964752196709151,0.002570397626163371,4.087832441979067,0.11289830598709945,0.06072490009243795,5.2580579180305124e-05,0.001127445481280093,0.15106804826768425,1543.6294473215387,0.01381038710845269,0.00891277452115812,0.15087049707984668,0.3011759406251194,0.0003383362803144643,0.0032786859644004787,0.004597434772486608,0.0006708578071705858,0.00010052129623914393,0.0005407277636836454,0.0017279867558305287,5.199029153419038e-06,0.0014056746260293716,0.010992416536616078,APP4,APP,APP4,podpis - Kwilecki
43,7.2744278754065546,0.9355958125497634,0.27655000015624187,0.01858673555167139,0.055464671906259345,0.000367612672878,0.012275309525387315,0.0002184503158185439,5.798856227532986,0.21439837310029958,0.052146245677020434,3.477478768343097e-05,0.000540623340905,0.1753283549319598,1244.4761623789761,0.008910148441481414,0.00022163422071524286,0.14505264611029958,0.428555769486979,0.00044442268006507146,0.004165413624390736,0.00125359912805585,9.302275946009799e-05,0.00016254244209270067,0.0010247686493658,0.00021958792511196347,1.1910082756403448e-06,0.0033097549306493786,0.0016129096973277396,APP4,APP,APP4,podpis - Kwilecki
44,8.884686922316707,1.1154590937941902,0.25156415413301325,0.04387887844926271,0.02362840552128195,0.00041809554116329994,0.008812560633096536,0.0014409195439848285,4.933244642900866,0.40018294305106733,0.030680872252385145,2.9222600010483493e-05,0.0004614678139269072,0.14578480930739537,1181.6155089773158,0.008702644835598366,0.0020937996168283735,0.09853634492092975,0.24892961430483587,0.0012188161585732645,0.0032612111147287863,0.009123817012817614,9.552329551476535e-05,7.353477832578788e-05,0.001132069634143607,0.00017478407605466656,2.781995759132503e-06,0.0018432136554233998,0.0029322388601776285,APP5,APP,APP5,podpis - Plater
45,25.226609555882696,2.8803895527031522,0.5484173605667049,0.13441915208668803,0.15080729895943554,0.0002778684616830286,0.01897321179892574,0.00835401311303662,12.305301995835139,0.7214295574342445,0.24488202777015083,4.737899142444553e-05,0.0014991689118043657,0.23611495666371018,571.0308946320041,0.021039397378294026,0.003636738798790193,0.14746965048888677,0.3673402138771316,0.000651425149036057,0.00952035800608285,0.02272359045031384,0.00029652825687924943,0.00018136680986047311,0.002100710452497043,0.0010204034663506142,8.22245628548421e-06,0.017523591767693903,0.021716939859934812,APP5,APP,APP5,podpis - Plater
46,13.434924259301848,0.6505135497728377,0.05636445218690045,0.11258328628389074,0.05668834238502203,0.0005258859633805928,0.0013875420954587501,0.0017483269705513141,2.5734070663316393,0.27123999530891213,0.006833390814810157,3.8480758917745024e-05,0.0010942212637926928,0.014204578717198007,842.865729437803,0.007159184183094899,0.004428678381382199,0.05015449840637546,0.042852497664588166,0.001704340711289493,0.0012315459435734213,0.02930852162155536,4.8001593425648746e-05,0.00012256805026017166,0.0024173499081853356,0.0015841382901928287,1.5043313991395221e-05,0.0010662003919636857,0.022527712302110814,APP6,APP,APP6,podpis - Stroynowski
47,13.07476036091023,0.6528001178183523,0.05579786664962062,0.08565080015376239,0.055357237026025234,0.00044717919786659997,0.001443681613202636,0.002801593723630764,2.721744592730707,0.11626202949436647,0.03582039770772411,4.134851162636417e-05,0.0006622942563182286,0.009250534691307835,886.5197236721359,0.005367588885536586,0.0012902020500422855,0.019978521942428627,0.04213586898274119,0.001471569075405536,0.0012519884303321999,0.007868178468569421,2.3956667520660006e-05,7.370410429904741e-05,0.0008680275914612071,0.0002533368122679307,1.5301316107793335e-06,0.0006925248319278571,0.01110976410839232,APP6,APP,APP6,podpis - Stroynowski
48,40.19513709428525,2.816382919466643,0.20581001013411887,0.005658803593063721,0.18648988099347447,0.0010627582872778287,0.007068170369099964,0.015760069909023223,13.004441230064886,0.8370476203772126,0.0189200026911987,9.734545405216564e-05,0.0026086068554161926,0.05564268801401538,337.90925733530594,0.011077386721297298,0.0011339770319965,0.11757755534326787,0.24205457758885968,0.0011062806162251784,0.006776671992092315,0.021748511117121505,0.0003115289335597001,0.00032684491640245003,0.005140127808991421,0.0009606842319117359,1.9648875574845248e-05,0.007201656432911457,0.03007520900779431,APP7,APP,APP7,podpis - Potocki
49,19.944391684534043,1.6530725114911444,0.30934764794149305,0.04982726858082883,0.22705408960948867,0.0007041547995374713,0.012900241485338994,0.005060698866260494,7.836363214206492,0.30177067508503924,1.4727347548687801,0.0001788725040461018,0.0011371796664920665,0.11740900609972918,606.6982770297245,0.01532282002392001,0.013580324121166184,0.08723144145217968,0.5000009922443683,0.0005622993799583571,0.007746040530481166,0.04368396516745136,0.00018773812133507028,0.00011278226943174743,0.0025827941924645714,0.006521249350214758,5.0500518285947885e-06,0.0036536169495809284,0.0009609431163414971,APP7,APP,APP7,podpis - Potocki
50,10.332084531130107,1.3793266712377659,0.41535911230534545,0.08456853450243429,0.05354144836900493,0.0002928514392777428,0.007089641539654429,0.0057608323827298994,7.320773482772835,0.300503990256877,0.3771415867176907,7.949500907969211e-05,0.0024882136360442285,0.19042305020505457,1241.6821007697833,0.01021724731924262,0.005872754313797906,0.06797766732001374,0.3341111897956462,0.00084191926531415,0.004519279338119071,0.027808649364191234,0.0007173169315307359,0.0001341472701265175,0.0011148007091945928,0.0013092575749217071,4.854763266900357e-06,0.00213849315151975,0.03586703116954813,APP8,APP,APP8,podpis - Zboiński
51,12.328978891707271,1.1541178139913906,0.23329456985703514,0.0054394362074972145,0.052146948797386385,0.00067616601440745,0.007808281928227957,0.002515735998497643,6.161146954547649,0.194446436808108,0.1231850839771733,8.209071215118397e-05,0.0013861092251711714,0.12888633337731253,883.6100524114219,0.01034061352768205,0.0013582553593951077,0.08234464860844985,0.1535980852972507,0.0015552332543616286,0.003565261141748864,0.008498995844455072,0.0004362471182955097,0.00027214900211398646,0.0007442606258037578,0.00038368607995185796,1.2024720156258172e-05,0.000990150850606693,0.014205709822479358,APP8,APP,APP8,podpis - Zboiński
52,17.154645622863445,2.338985112317853,0.2921009311626367,0.03329991761274624,0.09440775026861283,0.0003059018570142714,0.013461380976133792,0.009918487550766698,9.688364886972918,0.12301881991810322,0.18878928926380448,2.2644681174827988e-05,0.0005217585554415331,0.18754182602818117,624.8531118728815,0.009775451514039421,0.0023555769816757497,0.000496767739792545,0.3347199027842924,1.454110175675803e-05,0.007087354187150544,0.021486480101219542,1.2988344852518113e-05,8.24583018380143e-05,0.0006456697711415357,5.021202164804474e-05,3.7444864644285876e-06,0.0009943642190472215,0.0006536091626822714,APP9,APP,APP9,podpis - Nowowiejski
53,6.8690729318189785,1.7497448045120818,0.09488565911893976,0.0333469897940844,0.20088105389922667,0.00099801837104435,0.001791145069567307,0.009423637677270237,3.8992811144068873,0.4354349947923513,0.003918839063865122,1.2196252150372486e-05,0.0009219667744484715,0.20362257307725068,929.6524897916853,0.003965255195213822,0.00025958195209987056,0.1181233370032918,0.20758955352847627,0.0009807818597364142,0.0037448284901651927,0.008598926265722886,2.316150162221369e-05,0.00026085470545005854,0.0014823139837514998,0.0012952403365900998,1.5217577232836254e-06,0.008925858713672765,0.019297024878442263,ASC0,ASC,ASC0,oblatowanie
54,8.749870862407576,2.5156061728518475,0.21033349420394173,0.11313158712631585,0.24855562867813003,0.0018125738549477574,0.0034634891771658646,0.011185462671652092,5.478312585916226,1.0086709625166654,0.031830540818878594,4.58425404025391e-05,0.0015682371760701787,0.03843472663436238,452.84292388880596,0.0008026529008180072,0.0003699632451558415,0.360356356546712,0.08812938481367102,0.00034037557117790713,0.005817109822778235,0.027769675691672168,0.0001641949920658917,5.4892899385455795e-05,0.0037864174384663715,0.0012152921882923429,2.1424690708016376e-05,0.0036701275154940862,0.04536479089869267,ASC1,ASC,ASC1,treść
55,11.251468458966889,2.150848429181221,0.4094232673232923,0.16845793822908584,0.4539853795013978,0.001253009430987207,0.0030099643619497574,0.012826951524042314,3.302287390486875,1.0708622188526875,1.8568261103146302,0.0001244602308910099,0.0052731680163930995,0.04794226252877592,1074.0911120675623,0.0007129273611141141,0.07398870545123397,0.2866276875924337,0.10274283477647882,0.00013221637443424725,0.004265566391524707,0.03805274200303983,0.004213869914121735,0.0001351167632136189,0.010098398583061921,0.016501054079931885,0.0001090509208475278,0.0021118612595521645,0.07535556126004528,ASC10,ASC,ASC10,treść
56,13.256219362236553,3.6828203801497685,0.23028113313116869,0.4632020995999134,0.19143545082739594,0.005198649906155221,0.006000620125878915,0.010239333844938641,6.271684310049014,1.583189850127376,0.080180778761047,6.360106026745666e-05,0.0014985037133375904,0.23941193651780976,521.6090220439002,0.004225192197268593,0.00033015213318673346,0.6748207300195669,0.29056603312807877,0.00036590023853026434,0.008853371465953394,0.05162759624616891,0.00041988110924501287,0.0004929888045403358,0.0069683661497268,0.0032391943796570145,7.345142744838974e-05,0.004088751458724386,0.15585375971611098,ASC11,ASC,ASC11,komentarz
57,47.99187768075211,6.211013785300179,0.32211280716256396,0.26380515073592065,0.8760621662336758,0.0014866805484266643,0.005989618039377193,0.03114810561993637,7.305459657652529,1.6124658564643901,0.039706513528554054,9.999233425816024e-05,0.007068850210475258,0.059178474015185986,199.50050139242475,0.00019834180454825386,0.0009105231689063357,0.6065767340343075,0.12951897180340763,0.00048273190351594286,0.008897521633107551,0.05347444133664315,0.00024626616414075657,0.0009521071742270858,0.01081744862182012,0.004332188736891564,3.7994925654508904e-05,0.005623821765438664,0.32942046648304146,ASC12,ASC,ASC12,treść
58,16.187968413136076,3.070261189680927,0.15965378031449803,0.5009945687497124,0.22530634471628225,0.0018249913715258999,0.002935126012409943,0.017262171690081565,5.043785837434717,1.0390363571263812,0.021598137894044495,8.319851555622126e-05,0.0022923770666442647,0.321271642068459,470.91522891660253,0.004611553217657899,0.0005996214743894876,0.665471818805686,0.30349028121067523,0.0002777306953427948,0.007160433600770843,0.028469960057644128,0.00010434458268593386,0.0001516649566013838,0.010791569919635965,0.0011770568562011446,3.2287891222777846e-05,0.005416218262325571,0.4441945794698873,ASC13,ASC,ASC13,komentarz
59,1.5076003302207184,0.3787176265454208,0.09100707184778807,0.015897544002991332,0.03490991259597647,0.00021198383027865242,0.0030896122672960137,0.001450888883373107,0.8774328278937152,0.14190920626938622,0.20045753937050578,5.018184549768285e-06,0.0001558416354534434,0.16030186675349584,5216.934353617417,0.006543934518707264,0.0007838618507787143,0.06196812146887707,0.26110562427731615,0.0004501699130568142,0.0017387317206091642,0.002076165457073493,0.0010765696079579957,0.00029372096854770273,0.00053443719624535,0.011997795073197263,6.176781443665677e-06,0.004103973585965779,0.02104771518001804,ASC14,ASC,ASC14,komentarz
60,0.7607061489391775,0.39673107192208784,0.11723208579378605,0.011542868269085623,0.01906436248387785,0.00012554665573365407,0.0038956821664473573,0.0009684430254741501,1.057077294430252,0.24167232862918983,0.018880255665703772,5.367113145400742e-06,0.00017804972196660543,0.19224946091208478,7872.7903662398285,0.00528779347361515,0.00020712918419251212,0.05652312045077275,0.2887349132939036,0.0001783488963513071,0.002432934261873521,0.005457780500002485,2.9224967323597267e-05,0.00041318987789541425,0.0003862643179378357,0.0002931631176961948,2.5963868815208325e-06,0.002472103680221129,0.002659040466899607,ASC15,ASC,ASC15,poprawka
61,9.814753009539377,1.4485111033201832,0.0792017063702638,0.08471521290070354,0.1895554418176386,0.000889165389722043,0.0016516914360028571,0.008552658384748358,2.0071721495464163,0.701580834368953,0.09807602422282913,5.663113325880033e-05,0.0015458507955013571,0.024335797331003904,852.0334818402928,0.00023140773845090084,0.0008515948571700644,0.20314308163063807,0.07343572408207655,0.00029577500498385466,0.0028544253486743436,0.01987705864650872,0.0004311726908645001,2.585420124696957e-05,0.0111095417377644,0.002898920477843936,1.8738736720324912e-05,0.004382950480992372,0.03808808218288092,ASC16,ASC,ASC16,treść
62,10.511365410460018,3.463277667859765,0.13068755480648173,0.30676272711994695,0.4438593211563114,0.0012073368947703859,0.0033318765760591493,0.015478359779553173,6.147027005016854,0.879544286008814,0.37181208052965936,0.00018141333008591258,0.0024560569093516646,0.15259145149428827,339.76971937749175,0.0015727360543465285,0.0031330761384227783,0.7003255178801664,0.1788630416546369,0.00040467511454579284,0.005287319085986101,0.033257162601396655,0.0008832470202904929,0.00027321901443664285,0.006969186595251078,0.0033833992156144287,3.4780706450119224e-05,0.015079089810466092,0.15454216682723781,ASC17,ASC,ASC17,poprawka
63,7.226083173357558,3.1428980526360606,0.14221445482280895,0.39899987933845293,0.18367587012301553,0.0014930925685065,0.0038708081260655993,0.012130677157189459,6.880738243376887,1.2847052226719167,0.04138455337543678,8.049831638173185e-05,0.0009528898163279643,0.19863318262075744,574.974711703233,0.004082601571631715,0.00034764169612408604,0.596015911489377,0.23698361542006424,0.0010868335916884998,0.006954745325400501,0.037051709331713735,0.00019288142324523522,0.0001739902882628935,0.002156110467218007,0.0011148929519842286,3.92083680344246e-05,0.015894378756130065,0.05702584343826347,ASC18,ASC,ASC18,poprawka
64,10.098744511561383,3.2579207799035683,0.17313662193490234,0.12184683353697809,0.3090627436287138,0.0010833512950966142,0.00308345244556125,0.01506409690320088,6.099278280795801,0.6310036770386939,0.04289528496735875,2.6691593283262405e-05,0.001921329734372286,0.04095655676661135,426.04106785103005,0.00017107602218312097,0.007785045316313679,0.32678750271010415,0.0676708590252383,0.0007931350855799999,0.006895693482423929,0.02807624799729442,0.00015645013931043372,0.00023030771232817143,0.0054680573453482215,0.0020201445070089285,6.0471082754173866e-05,0.0030641336767609573,0.04827847902839271,ASC19,ASC,ASC19,treść
65,2.011607549994629,0.532958110454952,0.024352195091523747,0.023681232667488394,0.039891335166520124,0.00014375953793382257,0.0004326903486297357,0.0015267931344114716,1.1632868383776045,0.12873849568956605,0.0038456949869072566,1.887965938082928e-05,0.0002925437723705148,0.01728774723103028,2708.0929413343683,0.00024758345385108573,0.00014396148196098456,0.05570866602442776,0.03153439690360898,0.0010209561145793856,0.0012493137321112925,0.004671412629296364,0.00017498553577523465,9.705337433653713e-06,0.0004780250980012072,9.44789132814667e-05,4.065469001610989e-06,0.0005225435950421428,0.019302705078669852,ASC2,ASC,ASC2,poprawka
66,0.41636552907523317,0.3475611024020582,0.040029120100518414,0.0184878897092018,0.020274133904929218,0.001982893162769293,0.0004194173345958714,0.0008612250618390143,0.7372470961786857,0.26150823141491597,0.0015459951827622353,1.0777590169798462e-05,0.000157569270373773,0.009142379367216735,5106.941061561387,9.573320254815815e-05,0.0003344079943669367,0.02594196076670177,0.020944719206569703,0.0019856655012826926,0.0012128742857887786,0.013141659730149477,1.0200296462520647e-05,8.68276173942129e-06,0.0009824290731753785,0.0005499985791274072,7.530145240517377e-06,0.001069374331170707,0.03540688223565928,ASC20,ASC,ASC20,podpis - Małachowski
67,7.0593682975760945,6.274602157225938,0.21437550125321508,0.3366677542888303,0.2744997274914165,0.0030026615505877358,0.0184582310034149,0.008545518010262971,7.897889031033409,1.1099951947130855,0.18767696477805212,8.103526481004557e-05,0.0012769943150386287,0.48863712379338564,606.5246653754897,0.005129230870230386,0.0033059739798202716,0.48698193972655357,0.26691898359702837,0.0006712110428258715,0.010420953521382156,0.047950128364865896,0.00033582475048397957,0.00041669048273391626,0.008067319997138915,0.002550160276909858,5.214869777717133e-05,0.18903141719261782,0.07186044451484346,ASC21,ASC,ASC21,podpis - Sapieha
68,0.5689742335768081,0.28856520073568126,0.12336973651750822,0.025020457903253822,0.0697985837047423,0.0002754095322456143,0.0031472241814670355,0.0007898543699680428,0.8987651085432535,0.12243594813840249,0.4664147683379823,2.4321881185027012e-05,0.0007992334001871715,0.13533644642859963,5152.823213451847,0.006529731094177228,0.00933400412083198,0.16388967116017086,0.2684020059166517,0.00047572442690112856,0.0017053218511974856,0.004639561172377778,0.0009441902874411785,0.00021131889398840002,0.0016687827032952857,0.0019990352393954645,1.2807060209932354e-05,0.004288688898936464,0.004652278863141992,ASC23,ASC,ASC23,poprawka
69,14.75701366861903,3.2283235935561447,0.24008899282643542,0.13923389503332056,0.2762868503533047,0.0011613354346805642,0.003983044975777851,0.01688526416277311,6.547944835267215,1.248564045616785,0.12440040613490973,8.34634734183102e-05,0.0034512737570253217,0.05092408380490158,346.6106350537881,0.00024530397735537246,0.0023380851358460997,0.2087259217182265,0.11836635710216402,0.00031100147412316546,0.007140037296005807,0.05642757880463277,0.0009425822561344072,8.224825114991429e-05,0.010418581384882828,0.005584115589147607,6.0433214162565925e-05,0.005479137090815907,0.06884720700495194,ASC4,ASC,ASC4,treść
70,16.009422244639723,3.1904764220840596,0.20130863497895243,0.4759250687863002,0.30250264116090797,0.0018370616653498784,0.004496866030746664,0.013834701890862198,6.632240049693975,1.871928466789319,0.03117362434271995,9.891302248309596e-05,0.0019560135662130282,0.1898763955110167,398.7408861894752,0.0030972892217300996,0.0003928082181784523,0.6389133130767763,0.26418386920560616,0.0003653990727301,0.007664664481166227,0.06126826859694564,0.0002568071353125279,0.00017248559840492855,0.006325041249545621,0.0025061306883432852,2.9084162297025633e-05,0.005970359658654158,0.31773420355370136,ASC5,ASC,ASC5,komentarz
71,20.752932836088153,3.8130426175991152,0.21294621208443276,0.1986932706019378,0.47698691887442835,0.0034801508002435997,0.0038473749592342647,0.02302146502931773,7.044931285196376,1.9014873521782678,0.1194363223003804,7.895065860383547e-05,0.0020984308968473716,0.04853216935105753,247.5078734249393,0.0001356988990555229,0.0018844476401803929,0.36884962166305574,0.09680671961928385,0.00014971545038796013,0.007783390681521043,0.03840864160659074,0.0004245348500458643,0.00016191260629498574,0.009340623451127072,0.0030900220367151283,9.485533893233387e-05,0.004236800150192986,0.06357618196977244,ASC6,ASC,ASC6,treść
72,8.780021578203286,1.0903284657514936,0.21972074976568545,0.06872778617956438,0.3976310841864058,0.0008575794705223144,0.0015412074329922431,0.007214535982540436,1.5810649581140823,0.9374704488168363,3.684873033965833,8.943959633730408e-05,0.0014755904172280999,0.08455699065034082,942.3921018634338,0.00103525244188655,0.0007679466487720285,0.08401912456514633,0.0942606715928358,0.000195723449966855,0.0013451423459106499,0.020428049500235943,0.0014616269737301926,9.137760657065227e-05,0.004266540080683415,0.0024401856507618213,4.136395223994267e-05,0.0045173311348416225,0.022373855904160078,ASC7,ASC,ASC7,poprawka
73,12.891871977497846,2.9016002534507566,0.19812290562921575,0.17344102774965314,0.39487393261346776,0.0006580080330581429,0.00143696821427605,0.009615303793136092,4.135111372720783,0.7928306880405748,0.3592792258487812,4.9950302315840684e-05,0.0010372608509145573,0.05388937561237354,307.1295199897768,0.00012094957255236585,0.00016577164629885717,0.45536093327016075,0.10444858086051496,8.303665403988574e-05,0.002582142950901936,0.01962259368140163,0.00020788109241850884,0.00021211617020618258,0.0025876745728956713,0.0014239829239257786,1.9064949865478877e-05,0.0018294793464333071,0.07962814458748797,ASC8,ASC,ASC8,treść
74,11.492389022130144,1.6499103202819192,0.4912054974167111,0.30246093848101313,0.845664705577434,0.0031520129426767427,0.002446432597267464,0.007042553500218657,3.0746634786183473,1.293765996037843,2.2997974465614974,0.00015622720692818576,0.006956678857886822,0.0996807804160091,339.05053194857607,0.002284192284945964,0.026945886584787467,0.4846845544763479,0.1549992670169464,9.903222471634445e-05,0.0026711004899621217,0.0375173243214998,0.006466808782600101,0.00011320960408867141,0.014055846013231742,0.009154994749157692,9.847755385979395e-05,0.005297858168639887,0.10458846140159508,ASC9,ASC,ASC9,komentarz
75,3.241522220988718,0.37782282270671763,0.033145555429187144,0.025152125936128884,0.0,0.00029660416433283234,0.0005173147129298429,0.0010404916234800926,0.8380163139968284,0.15085389279700667,0.0014801772521418146,1.4192477058240068e-05,0.0009391713246275215,0.06038610858059499,3934.9909352140558,0.002315538399055093,0.000241913614204909,0.10020394525340656,0.09855324782371787,0.002492960055587264,0.0009025930706877286,0.0054628570457054704,9.801950513424092e-05,0.00026855378003617415,0.0010079673779459215,0.0003255245179687682,5.607647350180198e-06,0.0025986653515458714,0.015313904321366686,ASC0,ASC,ASC0,oblatowanie
76,2.4671256671396287,0.9419592201364398,0.02167935720154759,0.03339559960004356,0.03919401518211118,0.0003192653672138643,0.0008502536930786714,0.003986443395126664,0.9859554920942369,0.06392665838249126,0.006708440794818807,1.617075925437893e-05,0.0003388313260853075,0.035287199217651666,3838.5977516225576,0.0015540421147668,0.0002731819454914,0.12416853060152011,0.07895602872111404,0.0030410576255083498,0.001400314625977657,0.027365843405087686,0.00015085879283102994,0.00018896007392693823,0.0006602891549274358,0.0008070755828356726,1.6272274933948735e-05,0.0012537138920521,0.02346794924651081,ASC0,ASC,ASC0,oblatowanie
77,61.13437628411792,4.071340805020141,0.1192722243346344,0.1158384352353421,0.13400586534228806,0.0030400829634396574,0.002367344317071471,0.012148272012300192,2.754487286736107,1.5568255220645406,0.03594584253990251,0.0003187542427807597,0.003908901339042707,0.031103852139248295,253.53852843387835,0.0001866678291462275,0.0009127254736120014,0.10144168250481742,0.06846779613711419,0.0002144977439327267,0.0014594022014494355,0.01026260995836507,0.00016386048632062856,0.0,0.0036483040702960214,0.001333858161200093,6.1522011892829794e-06,0.00023405337110994108,0.09248022848260784,ASC10,ASC,ASC10,treść
78,70.66886134553934,4.258887767471537,0.1303883635237707,0.2689234814390001,0.3205252007467707,0.0018377122813818644,0.0032080525829898928,0.013084453244204822,4.013001363445037,1.0835498008537987,0.08496942117250449,0.00022542565092743388,0.01439469759299226,0.038891692679973444,193.5007734353191,0.0002646290244411864,0.0014170962713600335,0.36492646619919766,0.0841158886645529,7.643338176481464e-05,0.00262167476166215,0.07231067142400452,0.0018013797641115074,3.7554924253907146e-05,0.006477325297617972,0.0005557231367590215,0.0,0.0006152292927125714,0.2137204766582379,ASC10,ASC,ASC10,treść
79,66.65070294142392,5.131462061985526,0.12714755548950601,0.24049973350273696,0.34996003639729534,0.0013203249939698642,0.0029479424854967143,0.017092303565748677,5.2067233579384995,0.7106874623255715,0.014644368406095648,0.00012683725795141176,0.004444473311660379,0.06582790131045999,184.41013953707878,0.00015125478478439984,0.00031791032496055903,0.38491665567363453,0.08475924116823046,0.00017963831227609293,0.0026555662975919644,0.02599231139061534,4.182162402265644e-05,0.00017115523780679998,0.0006257459547036654,0.0010612035663367645,7.047490182599596e-06,0.0015200406644259785,0.25698446627186117,ASC10,ASC,ASC10,treść
80,44.642516123559844,4.012840797374539,0.10525198034501017,0.6988028989397785,0.12918898041985477,0.0023393033478730433,0.0017786262347220998,0.015824536461035942,5.465739895963386,0.5816840537723852,0.014770791660404665,7.416312466010941e-05,0.0020113784078605213,0.19245900045542477,268.0241611837965,0.0027200769067829496,0.0,0.9996368647631257,0.2387825122641082,0.00023899257030295982,0.0034472616426312217,0.059619969010195714,0.00027654138806409295,0.00037633232622235,0.036034344763057946,0.0042864001440188855,0.0,0.0013732956281017285,0.18918175596523645,ASC11,ASC,ASC11,komentarz
81,67.45134677030464,5.280244055548399,0.1054138806783094,0.7135587118827839,0.042900964470210065,0.0025538050015760927,0.0015390857362921357,0.02008166619411632,4.828365869176723,0.42313841136436786,0.0002148058073655786,7.439960718334981e-05,0.0032951993244260923,0.22851579410513095,274.49885122096777,0.0029834846810919365,0.0005095226649798536,0.8817642968596662,0.252138890554987,0.0003975689234646857,0.0036311835829541425,0.011823047822261906,4.873441721267218e-05,0.0002196907045757143,0.003234680809316679,0.0014545283139870359,0.0,0.0008566271864751715,0.05031718119157281,ASC11,ASC,ASC11,komentarz
82,91.6738668199445,8.128166129773012,0.3088372327788142,0.4219771257660076,0.3333343245489284,0.006223118177567942,0.0063040417065806644,0.022980530004086654,6.793904343967533,2.063447951366748,0.3474698122780232,0.00029261766231759514,0.005988559676674671,0.06725443180065191,181.19838374040515,0.00037732420570771487,0.005550391355184307,0.44962415806462713,0.1467596244856051,0.00037875068290324385,0.0035850070175942428,0.0001852467758625,0.0005175627741846533,5.57136431486e-05,0.02555908149052823,6.427023058176427e-05,1.9598965520252987e-05,0.0014401993670021432,0.27323202613249253,ASC12,ASC,ASC12,treść
83,79.80558030759464,51.65146545441723,0.28518812041269226,0.2446372102057617,0.35224191958657963,0.0024815566125381424,0.05162543485686778,0.0845871655849757,4.096095557750962,1.5593233921119378,0.023374960556720278,0.00014224370587103224,0.0020815507273376573,0.030277410941698755,182.23759904232935,0.0004661288674089025,0.0059467499595543165,0.6552080465732087,0.07601517959032576,0.00021177830494987642,0.00238647154627145,0.04523311663549011,4.814904825129896e-05,9.616664343494286e-05,0.005285104662927765,0.00038509696414397866,0.0,0.001442278758605145,0.07535291632096348,ASC12,ASC,ASC12,treść
84,66.04937912395684,5.260728323236277,0.1603787615851882,0.2498855026812856,0.279814663854684,0.002492775808604343,0.002995955340031707,0.01656999590514835,4.1040831036531005,1.0249491887428632,0.05873558128958029,0.00011784054555123125,0.0014864501689280365,0.05591755442411282,226.74720659389885,0.0005294424554656081,0.0031518105193696433,0.3604333037508659,0.08990742889807211,0.0001363586285589,0.0030568395484956356,0.011679233579609028,8.97272006021159e-05,2.9590912162935716e-05,0.0036033660967749715,0.00042294720808835,2.967679378861046e-06,0.00191779000914725,0.08784281028238974,ASC12,ASC,ASC12,treść
85,594.535085042796,48.812382489645714,0.17128484524384188,0.2685534651660902,3.4368744254422894,0.015085823195089791,0.017262868165495878,0.1549875873828397,41.67887569428628,14.938593052722256,0.21235002821925758,0.0010303522041975926,0.046350801927296126,0.018832893373313193,40.108140189858254,0.00019206603310222142,0.003496422462614721,0.007473245481056215,0.04088763577874156,0.0006364213325956332,0.02544547942315292,0.725220173790184,0.0006768530573361357,0.0,0.006905141664553365,0.0006764669222761857,2.1894027482942856e-05,0.000196171579523,0.0013155598139028193,ASC13,ASC,ASC13,komentarz
86,85.12389451031217,10.214059940792302,0.26113187512189506,0.9300747536020849,0.37554073533013993,0.0027565285361575,0.007526860270995609,0.04100786708734187,9.122034558205394,3.288652148751706,0.01898790326038057,0.00019449021094742675,0.005619512445885607,0.16738648665458666,171.18312236249554,0.0016501607068178,0.03496893373373723,0.9545138892695751,0.1354223394663369,0.0005374722576074073,0.0066885852785995925,0.11684152130986604,0.00012329966015694156,6.897976020784286e-05,0.0074557927579727715,0.0013068311985426784,4.675391672876795e-05,0.004354247208177893,0.10524066452414546,ASC13,ASC,ASC13,komentarz
87,15.103907135995145,1.325887880934351,0.2910007886716181,0.04127098153293498,0.04830903196893945,0.0002746562064081943,0.008010951131113508,0.00257347618388725,2.0284250245203106,0.09204366838880715,0.003446552998344507,3.1572589013604325e-05,0.0009379440609144382,0.22820317512275204,1281.739965864319,0.005135155015208344,0.0014331962586651141,0.0665558807370888,0.29995451359311,0.0001518246385225565,0.0017630298258249858,0.004941150818146342,2.424975453441159e-05,0.00011703310971501225,0.0003954609481983434,0.0003169729654150322,9.706382143862015e-07,0.0010812156455292572,0.0022942172484492645,ASC14,ASC,ASC14,komentarz
88,109.71606420628973,7.692437509153087,0.7075235361086616,0.7072847012331509,1.673664389517672,0.006523763882053958,0.009486369151802707,0.024242800583166104,8.309243009416889,2.1496629228042416,0.8854035102568567,0.001246637678776191,0.004599676959267515,0.5561729602019001,330.25730773215344,0.004257027499390315,0.002091817174672645,0.18897159324172025,0.34966083260937747,0.00016778886280123856,0.0050516930462199934,0.08238296621700437,0.0019206273396659072,0.0006801381044197883,0.004068794204554707,0.07233958706707046,3.652795588876796e-05,0.004047317294814529,0.04556386476707004,ASC14,ASC,ASC14,komentarz
89,11.551055179734714,1.3241017555767878,0.17867370092739193,0.03558287064949087,0.06034562323527261,0.0004955557060705714,0.006818469352690386,0.0023361474418132785,2.170795758704713,0.26471231765538844,0.15429276362041128,5.3557430930708674e-05,0.0008383051472003785,0.1465036457151761,1306.7536050914903,0.005990852766246863,0.0040473937314298635,0.11610747536343706,0.25244705518001087,0.00035095166804093573,0.001883051946125693,0.0109884193465918,0.00037901391354892145,0.0001074072532406171,0.0010229810640904216,0.0004884304907745785,2.099317158183217e-06,0.0011180404950720643,0.0023667296076246287,ASC15,ASC,ASC15,poprawka
90,26.584098851252886,2.1305592830490396,0.1860025046821172,0.085951525466485,0.10940451900644052,0.0016920582580166284,0.0032619656836255927,0.0032872420020044354,2.5323030421719137,0.368565421636227,0.03835529544151748,9.357390549331502e-05,0.0025085830717998625,0.13377019039753077,641.3738674890174,0.010221500948744508,0.002811606078570922,0.13898481488207906,0.37372619694586484,0.00045256069304185667,0.0024075705359797644,0.04087496208223484,0.00019657815803917394,0.000302496159119989,0.0031391884974760575,0.0010037544217393428,2.1062772809413037e-05,0.016920800099330707,0.0033419603674643646,ASC15,ASC,ASC15,poprawka
91,66.96369451428632,6.919039013151805,0.026616621029157454,0.055898895287229196,0.13786278968598592,0.0012520303133341712,0.0025302460379910785,0.024855074184004133,5.300781493219167,0.421318902321404,0.026889548872227224,0.0001234092095113913,0.003341831089717264,0.05323020778751454,259.2060267220581,0.0003139688024009571,5.079041818178571e-05,0.2440423824627169,0.06740067384489819,0.0003988763979300066,0.0038394402185389855,0.10821294208589516,0.0002644352568115719,0.0,0.0027802053345238782,0.0011310654469266644,0.0,0.0007356005424930285,0.01574009203680471,ASC16,ASC,ASC16,treść
92,984.1238585834346,75.94846929739457,0.8534205108664462,2.5473008456020168,7.905930446870153,0.027758674600845894,0.030866499904999928,0.3822115813811127,69.93542276011235,6.8062790266794115,1.243368299221567,0.0039043402831745277,0.055487910536739786,0.024958865958465182,21.725592882384753,0.0023360663961284286,0.010191466657557229,0.048824856583961636,0.016449769031400826,0.0013897516260226134,0.03656764562616978,0.7610016962961638,0.0029102588793047217,0.0,0.04877996090404305,0.09671423775148695,0.0002523024693409857,0.01284608931776009,0.20214887004414447,ASC16,ASC,ASC16,treść
93,81.51081300912129,17.78017948691603,0.1792191226794114,0.43121624303732753,0.10424497500783315,0.011341287414654106,0.011732342327573534,0.02931968232855245,10.600832508852642,4.4527123926714065,0.5406570165144367,0.001352760559126378,0.013063934429650143,0.26399407982148754,183.4572225256779,0.0015290807623459925,0.04754394785227972,1.1494571155054483,0.6649718444511754,0.003661348905694493,0.0045384030814552495,0.8878651419811837,0.0039779537329184145,0.00015046592411154997,0.03279275249201571,0.006782668497763029,4.9608624667764845e-05,0.013388719241033258,0.08683108707646488,ASC16,ASC,ASC16,treść
94,619.2798234943293,89.74646575619022,1.279754357812328,11.661852819263752,3.365633594543403,0.09091211758205156,0.029059609363804837,0.3932045220832342,120.76267348711791,5.589341277436877,0.4232036548506241,0.005094665991542642,0.04315885617542265,1.6577740884987138,115.26904437273923,0.030106834749384852,0.00037211878676037143,23.5184066438169,2.941522515648898,0.0017593411735171986,0.01958688297666791,3.057673662546606,0.009852453556796445,0.3145819419255601,0.14747447092933383,0.03150487661616899,4.584592799227043e-05,0.11765804234437639,0.5695422828675338,ASC17,ASC,ASC17,poprawka
95,29.469656658209715,4.453934791948048,0.27974714009452845,0.27675128376005087,0.23522886011115207,0.002186318515062972,0.0020590762906353643,0.014975073119730465,5.486640165803547,0.7634196411588288,0.5135356287400817,0.0001550997460529398,0.0016077352278150144,0.026959598056341662,346.72898697918794,0.0003416233680805357,0.004627393852315977,0.32328304607326874,0.06734748539448394,0.0007375471936866927,0.0031626662955396563,0.059773283410623365,0.0010629791268008785,0.0,0.004750294527230728,0.010069602400211316,6.566502455106271e-05,0.0007068159782896544,0.00028883263154978685,ASC19,ASC,ASC19,treść
96,21.370650086300735,6.909036973329291,0.3512860096483156,0.26510822952288915,0.470491618779295,0.0034129096745931786,0.007358997072749371,0.01791025263608165,5.592363504863989,0.18119527659771667,0.06477441113948328,0.0001886047299538242,0.005825623400962764,0.07468257388639143,423.76931194639457,0.0018069610649769,0.00479968992075695,0.7626847980463313,0.062251659252800275,0.0002478690068921367,0.007997927581660829,0.08472828830704693,0.001803820886709807,0.00031447134283960244,0.014440636543844884,0.0011730522847238788,3.0020023941937656e-05,0.004974860198197757,0.06767733431542847,ASC1,ASC,ASC1,treść
97,36.37709447352881,4.213483512389636,0.13650579457785944,0.2977526829751799,0.76667221096346,0.0013123027101203,0.004697431567596,0.02269474155266236,9.263260418510828,1.7109383814675507,0.18691992648267539,0.00031627651238282903,0.005051099884880435,0.07852318264936146,435.2007592545909,0.0010066313596025786,0.0020393604029635072,1.4921320151843758,0.29368145903137943,0.00044819867623141453,0.011429640045524271,0.1082687875069198,0.0010857034454134701,0.0005671509184180859,0.02422190290747822,0.004171333636878022,1.066371208639992e-05,0.008091132651215536,0.0975931496826231,ASC1,ASC,ASC1,treść
98,22.095210695538317,3.6406857725241863,0.1583929624555409,0.2115165459128255,0.07346739242998993,0.0011379106941301713,0.0030444430390580285,0.012532076885890007,3.072786159719997,0.4250624946220759,0.08352272859004047,0.00020278500044316298,0.003369411084682422,0.03318272933802683,711.8216698624174,0.0005486265100419214,0.7623462658838741,0.3213819163942852,0.07780379391195506,0.00026323905054312304,0.0011830791390710573,0.020695103641900556,0.0004577142251989739,1.0481682759136737e-05,0.004378937926565791,0.00022144438815065,3.356140420484539e-06,0.0036375704330236245,0.018526162757864777,ASC1,ASC,ASC1,treść
99,9.708684453628255,1.3424434613069476,0.08860946415822347,0.07184242903649977,1.6136216772257143e-05,0.0018410783065621714,0.0010637039027991144,0.0030529171197141,1.5234215147177186,0.30390305930040734,0.022996916284007428,2.0971588224708982e-05,0.0009329701877586303,0.016665111909417635,591.7019658819444,0.00017906336431426027,0.0004309958781281092,0.029375454734468148,0.03957896212360408,0.0008765668807736214,0.0010217170141018288,0.014664568135953735,3.843577583059263e-05,3.611195244101595e-05,0.0037968820524790074,0.0007542193696060642,1.87930671770552e-06,0.0008249341978012071,0.01311329492042712,ASC20,ASC,ASC20,podpis - Małachowski
100,19.24611675206203,2.5492093256524906,0.08761255482223824,0.8568061332144499,0.04824121870451457,0.003362842088267022,0.0027314547282225143,0.005127448064996086,2.6309821507535873,0.39039933664206294,0.005621633186311043,3.916888177634341e-05,0.0011741904556541855,0.03722181804075612,431.044541950034,0.00011090012007015298,0.00021342852997900365,0.11184325918993951,0.058236924813910206,0.00038306137880038843,0.0016225450364501716,0.007931224338577816,3.36671062605007e-05,3.8574308709282936e-05,0.0023057500677298648,0.0023211297904903354,1.22385156019907e-05,0.0012834370384647434,0.022688706174071215,ASC20,ASC,ASC20,podpis - Małachowski
101,32.092502145359056,5.637241249569206,0.13534395407075447,0.7830600607585508,0.16168807902555596,0.005454569114445422,0.0064252993997759005,0.0107930816290666,6.299575977340761,0.9911961454266792,0.053247174472754275,7.761163336100196e-05,0.0017174429372313214,0.20712757093375952,205.75795477745947,0.003144676424130715,0.00012118438004453394,0.49946086788080496,0.13155125004454146,0.0002703796800120771,0.0031988557543670354,0.02612975502961133,0.0008377808342547593,0.00030637984550989996,0.005911254906487136,0.0011336940824022428,4.4923726392271396e-05,0.0031538461434715637,0.02758246038745159,ASC21,ASC,ASC21,podpis - Sapieha
102,35.37884163461172,4.169183077933508,0.042825355747971396,0.474487355091861,0.024595804243424647,0.0014621968307622641,0.0028738032495358354,0.016064532048047715,5.7523615778924375,0.12907301345609226,0.00691105256625365,0.00011989651589776933,0.0030211769609717215,0.15878639117160528,264.36781323953375,0.00149595074355815,0.0020754026286935712,0.48973546317692307,0.16142970826101363,0.0004516229882401429,0.0023450183898071496,0.015812478835407633,4.5261860042217476e-05,0.0001968945885063357,0.005037404049999235,0.0001937719751034714,1.0053801255282377e-05,0.04521403613653579,0.03588027596282532,ASC21,ASC,ASC21,podpis - Sapieha
103,30.04239823921907,12.134537444996365,0.2649123609162021,0.6337986334951816,0.13358940252406243,0.006121626946266328,0.03563749280299929,0.012722914708676763,8.260933213720529,0.5117757611732995,0.025735922293840974,0.00011516387587254151,0.0015028506720749788,0.28871136289115423,320.694493044343,0.0026942580595435287,0.0001804135269509809,0.3029418361855817,0.14417384821569726,0.0005971078485281144,0.0057068095141721495,0.008752961237316,0.00019114950993136506,2.4894275294314284e-05,0.004578304092439307,0.002623308987935878,8.812462394608664e-06,0.1160430831815386,0.027854377194190937,ASC21,ASC,ASC21,podpis - Sapieha
104,14.917189616391974,1.0781952988461947,0.0875172301968187,0.005094415749315043,0.09063805075694706,0.00027423864915792365,0.006649898205725056,0.006401597244874315,2.713381193275645,0.12465422074187524,0.05096357914474533,1.478945721703049e-05,0.0005781823097611428,0.11005135295743071,522.5683594783737,0.005816300646678999,7.64452015024302e-05,0.0011759613107695,0.26566761512396647,1.6954764577574583e-05,0.0016122142934790926,0.0006450080989045928,0.00013885572644388097,0.00014739698231145,0.00106597867100475,0.0004038636623453062,1.733740894143156e-06,0.0008623328258659466,6.306573869866982e-06,ASC23,ASC,ASC23,poprawka
105,6.139302770503904,0.8387298112176277,0.1674151415695058,0.023082456582117057,0.030489513891580056,0.0006714525504100215,0.006348997578504621,0.0017233400274999572,1.539606402566907,0.17602280411890384,0.00320887228617242,3.229989679601438e-06,0.00046670473855056675,0.16818649442538175,1404.2499210466376,0.005992732527361036,8.828200368935002e-05,0.1333479325381582,0.3031270651580783,0.00045913937926645706,0.0011599249290329215,0.01593640456858845,6.245159805854897e-06,0.00010581344803732919,0.00034188651619855906,3.9841584221133974e-05,1.1897955733602714e-06,0.0013030252914373857,0.0009785959224116285,ASC23,ASC,ASC23,poprawka
106,8.197534429804787,1.016422664771145,0.1571345050977032,0.023050429170979526,0.04293237164806057,0.0006124156476838928,0.005066760964194135,0.0022623332118640004,1.441353433472003,0.2015169480032307,0.009469252480012985,1.1118626125377681e-05,0.00012328777219748282,0.1299096407413356,1469.440246136788,0.005506245555584599,0.00011385465703035375,0.0753601954990236,0.2564047249723312,0.0008045965921037784,0.0013573343401698783,0.004535307680040064,2.5612326548360663e-05,8.798086676850659e-05,0.0003723145708696135,0.0001897004793529671,1.008194281437326e-06,0.0016027665599742428,0.0012842144010918857,ASC23,ASC,ASC23,poprawka
107,7.925041270645226,1.4149525226371948,0.03591389364804047,0.07949801020257959,0.004421120750690157,0.0004603344990606424,0.0008363903034244001,0.0035999481267745994,1.5955967492836227,0.3974717728653891,0.08551549988115237,6.817950521615531e-05,0.0012731721183850907,0.01856822808723499,888.696812217624,0.00045670958824875707,0.026279961041523043,0.04050937282349261,0.033748719249232124,0.0006720052290972785,0.0002911623041871178,0.04436309840671188,9.620392184843858e-05,9.565199444790564e-05,0.0014809148289184073,0.0003989288443070254,2.317750400713302e-06,0.0007568022050856359,0.0045721041047915075,ASC2,ASC,ASC2,poprawka
108,8.633189894380733,2.934977159036703,0.06833218545782131,0.10900250024201849,0.14732375819880741,0.0008350991196692213,0.0023060660042285713,0.006399618120327149,0.9746407541299567,0.32139503722796003,1.116224579899639,0.00017232516394370128,0.0004929219144330971,0.027495470102750476,1141.1923973569324,0.0004385689507807214,0.06727686114348998,0.06107261429340751,0.24642912894139316,0.00044372074944657857,0.0004938278229968785,0.029360917864961235,0.0005435720823719572,6.883606076662286e-06,0.0036042777256982002,0.0010621546590163288,3.73536283277161e-06,0.0009743443610170999,0.012172883571108021,ASC2,ASC,ASC2,poprawka
109,143.81257043430946,21.175130971008233,0.5954346617462809,0.9721451930551499,0.6064894491039537,0.007583370188180693,0.016916549958117477,0.04414743472837366,16.97114550216459,9.22522307559092,0.13096969485890467,0.0006733299900195326,0.010005350713983573,0.5840445068738697,102.67378020724581,0.005949174595678828,0.15062846579826292,1.0032105896011256,0.34498391988968347,0.0006684109148449571,0.006513117766069064,0.17562567687496974,0.0017602476909802502,0.00030017281995066425,0.005061336342165586,0.004394338112754978,0.00012123293234569224,0.0057723394705274005,0.02822250776380376,ASC3,ASC,ASC3,komentarz
110,65.32873526180904,19.387097560185435,0.32422783723408116,0.6676694210849556,0.289160603109399,0.0023330635171544497,0.008770548986154493,0.09154849306037148,22.558030310828137,2.019735475857104,0.16945180130828494,0.0002088423941252475,0.00705588758533755,0.22920571807526255,359.2986371728072,0.0019443732973111433,0.13431591345114585,0.5086964460362408,0.24249553810833438,0.0006804302055795143,0.016537346256313087,0.2090562898583995,0.0015206279679819714,0.00018597424203986918,0.009961222453695429,0.0026051411271762076,0.00038220839114518366,0.005503708960875557,0.04136145319256846,ASC3,ASC,ASC3,komentarz
111,47.293085614226115,17.22853818618606,0.5172829358293054,0.33867843925616675,0.021703331835597434,0.01072426464132027,0.015740345487356276,0.04138342634078814,8.985721155285557,2.0515363341640813,0.4140410484932809,0.00011689496187334505,0.0027343859559496144,0.04492486639748603,248.07870307212696,0.0007511676586827215,0.0013860206045103712,0.3156099357207622,0.06006207453623259,0.00036739290611381123,0.003995702876257272,0.06488298912369202,0.0010379601020443275,0.00011826378653118572,0.0067931830232244705,0.0027326763942679294,0.00018733363343967143,0.0031484543116945206,0.023517120374520886,ASC4,ASC,ASC4,treść
112,54.79008961567264,29.290896656462273,0.20393235393556117,0.2965623043109687,0.05714640105355118,0.003991982928125286,0.029522110737829985,0.04536813067509741,4.157997400301244,2.196034411780201,0.1440168826715388,0.00017953966874619814,0.005969067995553778,0.06345682856585422,220.71361349984642,0.0003901285937336593,0.04760419132003586,0.27915271711241096,0.1619127995647137,0.00017769253167477814,0.0016730046702419143,0.264120863967297,0.0015846266898524783,6.6233350989e-05,0.005092836570833036,0.002727249704978778,5.276096373825665e-06,0.00194233619127625,0.023631388456516324,ASC4,ASC,ASC4,treść
113,163.96980077021632,23.174325760327385,0.2394185806771529,1.08037781248983,0.8814849492518337,0.007228738566925857,0.012697116158956077,0.10039605425857331,21.828400118040857,2.928411707082875,0.062190194064826364,0.0005165452055418483,0.0077283786547238205,0.4536127794289196,129.02080211444772,0.008496499692839778,0.007990884033036329,1.1830331134451282,0.4424399018148035,0.0004190376014803357,0.009754701173937173,0.10048449803354839,0.0004714914800723286,0.00034540513379680715,0.005516209217509371,0.0011071820377554,2.024381721042203e-05,0.006411759635073907,0.02853471818794737,ASC5,ASC,ASC5,komentarz
114,37.21515098931315,10.158225090153467,0.19958038974957884,0.6099135464475305,0.24547261473944748,0.00219491783554385,0.00586822440813955,0.021669596976812058,4.796979259000544,1.4680347409980405,0.019555645014591116,0.0001045940450818127,0.0035728490433448285,0.07302814268821718,324.3492160622222,0.001594717456915371,0.029443740153308744,0.5754707865972615,0.10887947073564368,0.0002649986756996751,0.0026881915045182643,0.5262255881384366,0.0005595906283308149,8.077140016520715e-05,0.0018737702050479214,0.0005538647090343572,1.603354118726138e-05,0.0007032005611396928,0.012940078750951293,ASC5,ASC,ASC5,komentarz
115,38.94289802152267,6.524224047246664,0.2274603652973195,0.1858956851764216,0.03769285116437091,0.005670101577193035,0.0036085007522956357,0.03031418867086218,9.213587297665287,1.5833769579942953,0.021243337853355082,0.00015596305485653193,0.0026332725504083147,0.03327619436242549,264.545643549352,0.00022666262331803706,0.009494961464588513,0.36528871630429066,0.10895014873186683,0.0004311869906508786,0.005657791470447136,0.01661658009397161,0.0001383116303402628,0.0,0.00938339205586787,0.0011077169548603285,8.208790880635714e-06,0.0012998660009429783,0.022855727874848276,ASC6,ASC,ASC6,treść
116,28.480711306911108,2.7629601075475434,0.07052791474080085,0.1779159335356075,0.30123070396331436,0.0011915889515452499,0.0028850137901807638,0.009549409973718118,2.641949684278397,0.33294932239957065,0.13620204098421373,0.0001246758840424829,0.0023387856210036998,0.031204436086542338,358.171627418161,0.00024213789595551463,0.003933266476706979,0.236619038814631,0.07635222209720763,0.00012208934227016553,0.0011432713076914714,0.1278951848271015,0.0001583575689330095,6.327680256975715e-05,0.002657343225878964,0.00018461511234087142,9.602203992218771e-06,0.0006164362436189933,0.01372914183367578,ASC6,ASC,ASC6,treść
117,86.69113124667669,8.485355342247264,0.29770521124286914,0.42651597814282677,0.15059804364719137,0.0006391426389711154,0.005110085671118622,0.030706756391231178,6.427966051657428,0.8842192450696446,0.07948927829903571,0.0002907605561368261,0.005340734168508078,0.06673284280997498,191.1251468686268,0.00042259877479636123,0.01618133051375813,0.7369186889384948,0.1890421603332532,0.0005207002474955437,0.004356247206111107,0.23272047011921246,0.00030544616869278426,0.0,0.006843287309386094,0.0012332519077410287,5.020665162595903e-06,0.0013314533176336642,0.04413752578565465,ASC7,ASC,ASC7,poprawka
118,9.707793450844173,0.7789006925134235,0.027415531290366276,0.052824979022879484,0.07856764080053004,0.00060920706718575,0.0007446925741267357,0.0025191261712391856,0.6328085725915387,0.10589411255106487,0.036932210693409635,3.7334741757846374e-05,0.00044555496098144136,0.043905743280648356,1235.6784014333002,0.0018256685746085505,0.0009858397373227283,0.10074306727561703,0.103082897181902,0.0005606419357214572,0.00027696822552167853,0.01131578225187992,5.932440097489974e-05,0.00010243868648526703,0.0014773761331057646,0.00024272982470015196,2.8293502394520403e-07,0.0010723850213065858,0.008581947534330942,ASC7,ASC,ASC7,poprawka
119,85.42119576298386,4.098981276141443,0.07003627586429544,0.27040724253452436,0.4796696332986095,0.003167811844391472,0.005350282842593585,0.016070961962649136,3.486244050627369,0.8382142981040781,0.11688587340219339,0.00014867688197009023,0.0038861602118168354,0.058552450087689834,156.6580233412423,0.0002932176047608788,0.003645722135992907,0.4669232568225401,0.11087859628830939,0.00011165988680828403,0.0021723319052487284,0.029958637465285504,0.00010049527300999999,0.00032317110035762854,0.007134683150139163,0.0006800124540428143,8.807893651749613e-06,0.001270044882945043,0.02474049324741496,ASC8,ASC,ASC8,treść
120,21.008347210051337,1.386128378159297,0.12707422318124043,0.20468599994829967,0.14432125070341897,0.0016140848231578,0.0011675409533543001,0.005707865514596128,1.325200752039014,0.5866596764849886,2.6916136119021887,0.0001884545972607007,0.0019492309262239586,0.022904914598065616,676.4016972623821,0.00015629522443608306,0.0008494611634901158,0.18864567010013264,0.12459398683260502,8.219233314263886e-05,0.0009515709002292214,0.7602344780290214,0.003008599482118922,5.0354214295262314e-05,0.006387763378635737,0.002914459717936436,1.582590523477558e-05,0.005410316895989685,0.016455222477579075,ASC8,ASC,ASC8,treść
121,564.1104212686856,49.41641395636169,0.8763814381653651,6.787849605952151,1.7073643233429452,0.06905799639198602,0.02476937032848598,0.12018813005342406,49.92869320737549,19.462056520109417,0.6736383908158501,0.00032797852051122194,0.07915157786313277,0.8773296914109506,105.4419299039346,0.014364035962096578,0.004705080756247243,3.6608833030906784,2.061853446638612,0.0010462978308123073,0.04305342189250051,0.5344287435827042,0.0008765870150103501,0.0020444282344954,0.04534185203896775,0.006839108870021064,3.1389311587234455e-05,0.017727872833505937,0.5143891279278981,ASC9,ASC,ASC9,komentarz
122,40.95128359346061,3.3320863513644396,0.1460142627354782,0.552812507107716,0.12701524305465256,0.0030012845875892857,0.0020413189002173146,0.009189112008710294,3.5155026905243965,0.7025073181804778,0.03393116383796111,7.906456555424815e-05,0.0012170318799277645,0.1294771014912159,391.11846775156613,0.0025872291704028575,0.0014957404263663122,0.5586621518405053,0.18446229910505746,0.00026624956518565216,0.0021485548455585286,0.05366006603366691,6.83863340575779e-05,0.00013134722864072856,0.0029490872447454496,0.0006133150180387929,1.0091835920914098e-05,0.0020500024865027,0.045388630344852646,ASC9,ASC,ASC9,komentarz
123,62.84725946785989,14.777125719559288,0.08676638533565269,0.6792122396909034,0.27413403113371126,0.0033982909351610575,0.008433326434360986,0.029904465079702743,3.218952730925351,1.0883105437426281,0.02747859231988658,0.0,0.0036174641744844646,0.19705589356189054,324.2884406926482,0.002075747157303714,0.0019634707822627786,0.5949019476041094,0.15910942224203106,0.00042425698806221334,0.002214847220262993,0.03339882869856061,2.7974790430506065e-05,0.00011587438806740824,0.005635354209256185,0.002785268131927335,1.4026723764873968e-06,0.0014335233642595285,0.06752764235030949,ASC9,ASC,ASC9,komentarz
124,3.9269981186883127,0.5269152284092764,0.1110525933818554,0.07641561690372933,0.021827309650213837,0.0003175903056887162,0.001211948652755257,0.002125266185998536,1.8518557983376336,0.2496278661515286,0.08054133773708091,6.87191362967644e-05,0.00245447625312475,0.13549226275074858,2046.1913734963634,0.01402385740070662,0.11204769088537743,0.12154727593354601,0.2634847400394311,0.0012361330352686144,0.0030856362086754785,0.02564864859759047,0.0006385229681748857,0.00026663136240873575,0.0036490329356503423,0.002326851541419293,1.502260973333812e-05,0.011546360121709022,0.02822893369419497,ML0,ML,ML0,podpis - Małachowski
125,2.1125194011472326,0.29334158620762585,0.10834955480393253,0.071517996535272,0.016700077047592635,0.0003754810777318071,0.0018168276363887074,0.00033406684674070093,1.2813822263694945,0.15014733644979922,0.05252489981100193,5.031036356694385e-05,0.0009986513761990501,0.14505773127607727,2984.6977475201334,0.017162881128963893,0.03890026657898786,0.13100040707276,0.2767920656994919,0.0022709470423076784,0.0021854076055800855,0.011515057843709245,0.0001833184580890418,0.00034217383654184,0.004860453139758193,0.0008983058299182547,7.255147733245814e-06,0.009415777206299408,0.013375528948508107,ML0,ML,ML0,podpis - Małachowski
126,4.891894464116503,0.409893392426547,0.20089828519597547,0.13797596370334037,0.22849420272067392,0.0006409270095057642,0.002033490017537029,0.0010687588657461715,2.0467335763713814,0.3980543534439809,0.8291839926898058,6.439509373612154e-05,0.0034071374828562075,0.24465401420826138,1304.8370066872126,0.03140705531378626,0.051691091444416096,0.1971644203179445,0.368780529483102,0.0008921995338448286,0.0033085722402257504,0.04934358267625092,0.004800402993367943,0.0009403267462564001,0.007209357351667678,0.008589609412121307,1.0956528056795672e-05,0.011895660986444914,0.03246781310493728,ML0,ML,ML0,podpis - Małachowski
127,4.989663888523203,0.8786255185378843,0.2024864428012826,0.04779096048336146,0.0878277233601619,0.0004610197569830929,0.006133169928095872,0.0011970831424928572,5.615486392203458,0.26793068937812686,0.012993154330786873,1.933292952866465e-05,0.0012546806180343856,0.2764445786344552,1968.9089788676392,0.018183973565620792,0.0005047150366310358,0.11604089209959889,0.40885831035524645,0.0007801077078803643,0.007433597448591764,0.04091347851815563,8.466981019000897e-05,0.0010120283372675144,0.002584394775502593,0.0006684428638361918,1.039711185131369e-05,0.014383105135003679,0.01135283269249507,ML10,ML,ML10,podpis - Radzicki
128,4.779310116670153,0.4622441958305094,0.12407534007041546,0.04141662397508387,0.10420153539169186,0.00023667422081956996,0.0017109568109475645,0.001976280168713064,2.2535855932740567,0.11518045069022755,0.0011140396813859646,3.890880217234719e-05,0.0009721840208775428,0.13877899497408547,2079.084510472177,0.013726388723653385,0.009096882754275951,0.09780791428298397,0.23078839889506889,0.002268128567381443,0.0033804407676857003,0.011870612751664664,6.399965265502e-05,0.0006693499558390777,0.009691522506074057,0.0010247741995560358,5.320362095547442e-06,0.0068202699521516,0.009317526820791842,ML10,ML,ML10,podpis - Radzicki
129,7.253144483320962,0.5575275189698204,0.19152361696331935,0.06439369222591357,0.12141392076264587,0.0003591900948081072,0.0032677444352361426,0.0014494486577082788,2.85409754892741,0.3828729362906414,0.03389617227288925,6.041388604354159e-05,0.0014732600791393,0.16129403449986993,1611.5481843879438,0.01726194449901098,0.015746874632075313,0.1218632088652261,0.36070432772331346,0.0009912687336322856,0.004982205006667636,0.027736548146973534,0.00083762601191905,0.0005213614351022526,0.005848784031562413,0.0011216300646705354,1.3530268399959604e-05,0.0009918795029712785,0.004250244815330558,ML10,ML,ML10,podpis - Radzicki
130,4.530558237453121,0.8049312257758879,0.0977633562620203,0.04284715114713498,0.009733834252161358,0.00019769690452445715,0.003851321584070207,0.0026872046356700356,4.549092349842533,0.28337809615908827,0.005801312346479049,3.6879274242663616e-05,0.0008493892332448787,0.13734110201112157,1928.2031181925126,0.026042903343301203,0.014043165856306258,0.18862922531862283,0.2851748394367137,0.0013887196080292642,0.006079702111927171,0.005147334805249864,0.00014076599210639554,0.0009940412772674856,0.0028700967233835782,0.0007730788830783786,4.36007795770547e-06,0.03427022038494975,0.09742459733149723,ML11,ML,ML11,podpis - Zabiełło
131,20.475093397647747,1.8262824194841347,0.05125092191407763,0.2921679105277838,0.6125351574634806,0.0022241446140079924,0.006864917780201,0.007409655003300828,10.37794547799765,1.5717372254215518,0.07822575092686919,0.00013331920267013996,0.007429209288960715,0.5427466244575413,600.416189951656,0.09893788151770881,0.1736032284673152,0.4440911822466868,0.35566151388603295,0.0032893106675877795,0.010924235436067837,0.07504732294673884,0.0005192139034125801,0.004142825072517707,0.017447137257128712,0.006675427362848785,4.730569246393264e-06,0.0984358141330619,0.000272627901094633,ML11,ML,ML11,podpis - Zabiełło
132,11.96846120637186,1.0445325212311598,0.12203450444580934,0.10391184542054366,0.3968833229934323,0.00025610833990611937,0.0041747045607240145,0.004639283232622443,5.349357349674583,0.8205168215003383,0.006664132628995056,5.6942051669359334e-05,0.0015277853354109428,0.35557801001078343,813.1131282226219,0.030662869128100068,0.038646123875963466,0.2589616742493081,0.4164971935550215,0.0011362735241994572,0.006138993042455951,0.03800921473875125,0.0003124887134100756,0.0013976273369106715,0.006584314784652172,0.0005407362120389022,2.3219184387417538e-05,0.03277898905775837,0.0372721363834238,ML11,ML,ML11,podpis - Zabiełło
133,3.228996435671688,0.6414178459145333,0.11313685158027628,0.01153459264723455,0.002235505725360764,0.00022081949873218573,0.004917387187128586,0.0008286897646164642,4.050881769967636,0.14435917670254553,0.0014990089314096359,2.164390942176652e-05,0.000802633468453714,0.15085116162209028,2647.4380547934315,0.012672263120506257,0.0014272477241474072,0.10312058193575084,0.3026095879111959,0.0009222544909447501,0.005826288319074685,0.013784129678354863,7.149701682779993e-06,0.0005061834174523286,0.0016878881644873357,0.00034131589013671436,2.130404993222567e-06,0.0037001473692039504,0.008081760298929671,ML12,ML,ML12,podpis - Puttkamer
134,6.182481335082469,0.8924407028514658,0.19741467966689655,0.06050624184104409,0.14909023840112295,0.00019480542245799192,0.004528128757556079,0.0016770204113668718,4.5401469598507,0.1155055900366715,0.1756969186083501,4.898143906168421e-05,0.0016831981201000572,0.17253305577779834,1777.7648651092645,0.02099934408184382,0.012494906220654328,0.11714949916918681,0.30188621495443735,0.00041534634944597864,0.007277159059305671,0.013522476288516942,0.0005626556726227357,0.0006377107345092571,0.003985441444647215,0.0017556851768317431,8.152101883190538e-06,0.00319329773636325,0.01790226898214712,ML12,ML,ML12,podpis - Puttkamer
135,3.9563667316143096,0.5712698373335189,0.3123516100861442,0.06748416915852591,0.26041833672720893,0.0003929837197957142,0.0032088418862667423,0.001638337997110464,3.2001010782612918,0.3020640650911882,0.6448629030638741,0.00013372132466882682,0.0017807606847866498,0.14705527787685926,2027.9788518320627,0.014514291079210956,0.0029574002090678787,0.12762366273622514,0.3021321448100228,0.0008843350311649213,0.005005229530499871,0.010620842162542565,0.001957284971207393,0.00038572909308580005,0.0013684831253475713,0.004422950491284672,4.680485299350118e-05,0.0028587921864543933,0.009757145092964941,ML12,ML,ML12,podpis - Puttkamer
136,25.817055947126907,2.818272614738261,0.352340812289183,0.5026274874139169,0.4156401580440227,0.0025220398798838713,0.0061886343568930075,0.01068991002031527,9.69960354732938,0.8404433442799867,0.9731074059925776,0.0004061709825140649,0.013332349859353072,1.1011194222453105,896.8731849455796,0.16667067321435347,0.2188993360643605,1.0228196230409734,1.1511307352545326,0.0015800315688787928,0.009644797088447387,0.09600930159634047,0.0,0.004894710507553949,0.01789429549254599,0.01662598460519864,0.00010688114574720994,0.009037355715302408,0.210716489761934,ML13,ML,ML13,podpis - Sapieha
137,7.793798826461226,0.030456251614072175,0.1023814629721621,0.05294143777984681,0.2317879625631397,0.0003734628428559857,0.0027341063900939997,0.0,1.3560855369052143,0.22142000538011605,0.002631417039668521,4.255129249782775e-05,0.002047558900824186,0.12982006180139685,1226.7332538792286,0.016195500238393088,0.006131452204507279,0.15593523427580622,0.24278944912900274,0.0006951413695138215,0.002134129497461679,0.01009781447469825,0.00019972678824059522,0.0006815205920018205,0.001962054264584707,0.0004082400627116141,7.038006549379875e-06,0.00283708849154535,0.007252010195647522,ML13,ML,ML13,podpis - Sapieha
138,8.823552296845259,0.49839910189487296,0.1720471875896606,0.04263622052188785,0.2798967593132923,0.0003212654778393143,0.003573903147562393,0.0014546367340886144,2.283967283876596,0.21660739880833893,0.004453973385869214,5.362398595414368e-05,0.001739139296478057,0.16827944684790228,871.4405213965302,0.020861883115187604,0.011561493785603597,0.12400771767285804,0.38582428862025686,0.0005149127236219787,0.0034244253990106505,0.01664117977287568,0.00018539774798292352,0.001075333952099243,0.0019064481349404144,0.00033841986871964447,7.948219346752778e-06,0.005540131855804928,0.009811923225177958,ML13,ML,ML13,podpis - Sapieha
139,1.6822673005224644,0.4776772758428042,0.14241861160168282,0.02772733508260517,0.060141176829516675,0.0001593906168837271,0.004644980560382208,0.0006054842492445143,3.431978025001499,0.054406518738101387,0.00392155367222675,2.1641380174008554e-05,0.0004427384757650266,0.16806576020141312,4319.391878839525,0.013586803898966342,0.0015781049458174934,0.1024677809870659,0.4115420390937518,0.0013206735182519857,0.005635346078070793,0.005111203018746816,3.397903498762054e-05,0.0008876688523279428,0.0003773286404405428,0.00139966029002145,1.400246977786512e-05,0.021116691816329882,0.005333500063674342,ML14,ML,ML14,poprawka
140,27.416942228766967,1.9566926296049638,0.28872855631611843,0.5049050965655272,0.46153658209772547,0.0012188889684277714,0.004338506383892121,0.008859016046157778,7.913616798186109,0.9377680215233523,0.03324159170209605,0.00028316220733414426,0.007311199729256714,0.28536312639338973,357.00915717175604,0.1080354587792455,0.12008108364415811,0.4894189046207082,0.4729702883190988,0.0032041181481132852,0.010303254302120207,0.05767769404084523,0.0005926789726257087,0.0010643526645601638,0.007716373930952743,0.0069680394271143375,0.00023861518114738465,0.01708214043001588,0.14089550651320065,ML14,ML,ML14,poprawka
141,17.407983815560282,1.0812213356639333,0.2237066884211345,0.01651842014200355,0.007076418248623021,0.0011214974710790358,0.0047959892064449935,0.0059782876947222134,3.5807202581927657,1.077803816725227,0.1278096090011226,1.5268117832538083e-05,0.0052572128008353935,0.3276309273610426,530.7212091169333,0.051565778731490826,0.02324938181641681,0.16209986345536936,0.47226359461249406,0.0017386331664914145,0.00033097374322365,0.034817950891114065,0.00035226313909791045,0.0008244183190325429,0.0017365236329046,0.008208772047367422,2.6008214067915763e-05,0.010737093254959194,0.04638828592547147,ML15,ML,ML15,treść
142,10.137446927760195,1.2426762429894969,0.2798653433524631,0.13898149816005223,0.21372721637032527,0.0004717417654176072,0.0048167430466246495,0.0033106706283246713,5.153969569371624,0.4294772189995107,0.020120677215129064,6.292650892362499e-05,0.0018523084110908569,0.23108654609648546,1311.173877133633,0.03754546516155518,0.022876391017923464,0.1861005511990693,0.3974437479947995,0.0007846083445961714,0.008543518668511685,0.08027889552207168,0.00036901929494322875,0.0012347205089978143,0.0014480932741400571,0.0009261167583083715,4.278087338417078e-06,0.005244132417438643,0.027425547186104442,ML15,ML,ML15,treść
143,15.200719317150499,1.4863290899572734,0.22558697143451592,0.23406271934280337,0.4395430579973706,0.0010369951531982785,0.0035937523758121357,0.006476685056620001,5.853413573481682,0.4692640463579193,0.013829209900850247,0.00010117309605291678,0.0033894021516508574,0.2461259539522905,585.5706656787715,0.06344400220847626,0.2775765275356185,0.21570292920257636,0.24068735520033924,0.004378543508190979,0.0068938716468031,0.0020744867694807573,0.0003706081780669905,0.0005943368272750279,0.003260322950038086,0.0022319804703227787,9.43473845286755e-06,0.003885775979486064,0.04603129070076444,ML16,ML,ML16,treść
144,7.266485059386918,0.7507951605143061,0.19197180902218872,0.0934263795477628,0.18882060461562497,0.0004446829466931,0.004171242481862792,0.002249990203049007,3.2641187823511033,0.3395808255306392,0.005253089829776279,3.0488200741005002e-05,0.0009869756943768787,0.19888924736514443,1359.457164632918,0.022819101454458122,0.022217436715960843,0.13329441432974048,0.29762956019687997,0.0011759491270115715,0.005610197698401814,0.0024075540715074997,0.00017542898323433075,0.0006463517793638287,0.0028036703573578216,0.0016840204839250572,7.942930496207163e-06,0.005171854489533193,0.025394328457812403,ML16,ML,ML16,treść
145,27.583233343174122,3.0107138344595614,0.34310001386351907,0.27563687885108984,1.199084515312946,0.0008995758457157572,0.007396081723325342,0.014741965457435656,9.16254302417974,1.6561779570210964,0.4659888029057588,0.00046390217866067233,0.009911681268102506,0.5956604963342987,341.05788258897144,0.05515779934558645,0.036678591217233825,0.25132551838501543,0.3792909210661319,0.0009544262559337786,0.013727429430637506,0.15764144930772053,0.0019012355970924072,0.0015685874160441642,0.015491908896366565,0.000620406510754053,5.333404662479337e-05,0.03998030596643074,0.026304544311528722,ML16,ML,ML16,treść
146,4.425045040868405,0.4903176451078142,0.20025135114101375,0.09486693265256221,0.12372915719450646,0.00042896404074358564,0.004692235318673536,0.001560965225920243,2.5548687329678685,0.09380013271061245,0.03461946187654293,7.448418130562183e-05,0.001953275137840886,0.21420106575155667,1883.8738669060208,0.03626818794613044,0.027502094042834203,0.18436292880989802,0.532289629657408,0.00017333216479643903,0.005218161214393201,0.0158710695781518,0.0008267484022972001,0.0005511456051083117,0.003491583751131572,0.0009735106556150143,7.963786165578424e-06,0.008150971043795084,0.016184415646411928,ML1,ML,ML1,podpis - Kossakowski
147,13.741564154243823,0.9633059809303319,0.2673045583321877,0.1319441776774011,0.24557622084175085,0.0005653805162560357,0.005426636569058215,0.0034070617204934794,4.507647271301042,0.3960883634403807,0.015879244463691555,6.644045101966425e-05,0.001799200790524293,0.30058968739977165,1146.6963980118476,0.04392385882651933,0.04181031154686594,0.22867186336200143,0.48356879469540115,0.0002979979658686571,0.008203896394235686,0.03163781299247188,8.480118370714749e-05,0.0006083406010592001,0.004676343292207401,0.0015399068999488001,1.3192284193299107e-05,0.009107552144113878,0.026829055325244492,ML1,ML,ML1,podpis - Kossakowski
148,1.2237720018794096,0.2942462352127521,0.12462192885291702,0.06499523534506295,0.09223604385394053,0.0005875708644426571,0.0021345194197316857,0.0016125639178512928,1.2746612230557477,0.10576727002416332,0.0882664658346682,3.996418176321558e-05,0.0010922750473810357,0.1279516553663264,2982.604145018387,0.02442081176959892,0.027316640357315188,0.1548750550274132,0.37055189417148604,0.00097969602312225,0.002076395462533907,0.008818348562067636,0.0004777464411575714,0.0003149076334362384,0.0032708967025445864,0.0007307274129041356,1.5218698287645328e-05,0.009096942163388059,0.006583546714942466,ML1,ML,ML1,podpis - Kossakowski
149,8.086118665888634,1.315618112353146,0.11426320107520181,0.1683898543669037,0.21437703815902848,0.0006781959851407714,0.002986836006087186,0.010318795732602127,3.6536990947042725,0.22723386827878708,0.15737404024419868,8.152854514672833e-05,0.002145330520514622,0.20306390823640183,1287.7214123913443,0.03336610589414829,0.06853999225853384,0.23932129732683166,0.2925661078823825,0.0017398946379161143,0.005254138512536358,0.043023497549024146,0.0004362993080946143,0.0005231867360970429,0.014052230226341986,0.001716988705575143,7.130117966158208e-06,0.008594891773091393,0.032000069764157445,ML2,ML,ML2,podpis - Jabłonowski
150,17.514851467085364,0.8827610930259404,0.11871313185208253,0.12435310777466782,0.4910214562566478,0.0006473347927458487,0.003881549608935828,0.004324593287845171,3.206801705203628,0.5411973867117092,0.02550994399396616,6.809526942014683e-05,0.001375996144313393,0.2996082145701416,715.3359317012671,0.028554480842310385,0.04951906161177352,0.2689194659163073,0.26817943168333747,0.00028099199232602855,0.004842169686090979,0.02787317185351586,4.9386273679826974e-05,0.0005434926547081143,0.006248766699119207,0.0016608647314180001,9.920278223059009e-06,0.005525432203959264,0.025550025334487303,ML2,ML,ML2,podpis - Jabłonowski
151,8.082277469353517,0.5199718360228793,0.07079886807995861,0.12124231760121547,0.1868692574425039,0.0005292073255023213,0.002292074211008593,0.004622161681689414,2.2345534956175106,0.22349412301371815,0.025710128157387064,5.0983062782987843e-05,0.0023144016602579857,0.30445401216309254,989.1499076591429,0.03201734385729705,0.023171086510907452,0.29130380504275627,0.22977503860145765,0.00054375119773035,0.0033964817374374213,0.008438176031393978,0.0003297536265617706,0.0006466086234815286,0.006035388101289,0.0006800788474423558,1.0645715845850586e-05,0.004798377078144443,0.033828020137077676,ML2,ML,ML2,podpis - Jabłonowski
152,4.052713849422266,0.32633859777668944,0.07038271342848103,0.04515578630081784,0.07417984374806198,0.000494929625828257,0.0017730397996241784,0.0013406107447075859,1.5422686872334597,0.10510473880070119,0.014083691178866351,3.622998141903771e-05,0.0012667397353633356,0.1162962021790829,2453.508089000438,0.021757221599623695,0.012338218230540359,0.11986827334851517,0.3392071370139856,0.001039166993855457,0.002627083316061607,0.005347078618661122,0.00018926605134838583,0.00038314841252967143,0.0028399123706254075,0.000730360798177493,1.0282443601959818e-05,0.014549052856938144,0.008592416226442145,ML3,ML,ML3,podpis - Szydłowski
153,5.796672291540514,0.3361887441250141,0.01760279454353235,0.05582990703241241,0.10432749791161279,0.0003348586771557571,0.0008493385368561499,0.002015553664118236,1.1675054026795946,0.17046153497987665,0.008906213647656664,2.6570680649859728e-05,0.0010149422310482571,0.059095797811588975,2300.256806485926,0.009523726161086557,0.012066348063989221,0.13273549485371366,0.1336300280264443,0.0007964763908623001,0.0016118002309143357,0.0036234433785493716,0.00010361435970663008,0.00021171188825156806,0.0013446044285499788,0.0015479117244841121,7.805172368314482e-06,0.0030258718605200427,0.013250950844969344,ML3,ML,ML3,podpis - Szydłowski
154,9.131802637161725,0.5302814650043126,0.07737548501499528,0.11322643584313452,0.20316345603386624,0.0004953017729215286,0.0020311509846148287,0.003787392639198529,1.8842175138134043,0.1509097094296243,0.05287154241804003,9.589344777320668e-05,0.0019370071490740358,0.32510763462056314,1068.467767853202,0.02188080923330605,0.020534289512271525,0.23081145396105635,0.18769630557764003,0.0003712728538934929,0.0029341223946748353,0.013061792287887324,0.0008421968621947428,0.00047305908322024635,0.00908968596773535,0.0017324631290626855,1.5345643973470133e-05,0.003804648423951179,0.044024530194776805,ML3,ML,ML3,podpis - Szydłowski
155,13.458812170150907,0.713381169659345,0.1438178705891179,0.07444230288679332,0.308308307557282,0.00039110819423299285,0.0025840821370130356,0.00337410776557275,2.995258799309606,0.17065916150297106,0.05473377611697892,7.586929887456983e-05,0.0016824954339601788,0.20938368122410322,879.3501233241994,0.03506676158403697,0.017036031218174045,0.20626085875663272,0.5932087197012852,0.00019284907879492323,0.00509070423040305,0.018185187152470677,0.00043424522734931617,0.0009693773330139772,0.003978457407278486,0.0011385824938648357,4.643798069557166e-06,0.007229359930728207,0.023337377443117154,ML4,ML,ML4,podpis - Kwilecki
156,7.458526899593835,0.7372036094833915,0.04456653500866432,0.06746865025130819,0.09808492847439233,0.0012778741290156283,0.0013783681000246,0.004799396242819785,2.361124632371907,0.21477467699368566,0.05656908722942348,5.5130322668406184e-05,0.0015875339500879073,0.0974328666078385,1843.5651020733983,0.014059940102643909,0.0086350652499388,0.21675864031269126,0.20178572151763288,0.0016404915185314433,0.0037581576380701642,0.007006170755247143,0.0005237299808239085,0.000550831384140406,0.0012682763451208428,0.0005687861391111378,1.4122896316752804e-05,0.0075926384711930564,0.020537797061133598,ML4,ML,ML4,podpis - Kwilecki
157,8.142112385056018,0.3746155863079234,0.041347143041228426,0.09692133484955252,0.14522797108701255,0.00018411823627993774,0.0006385551831623213,0.001765096686145557,1.578045748574301,0.07909581026043234,0.0156985556884214,0.0001159708640764041,0.001753694774299007,0.0945088735288524,1875.5099586458484,0.014443202432032747,0.013718623125929173,0.15682875709337354,0.18383939766575222,0.0013494239765019214,0.00271940955885795,0.019074091072385856,0.00032608549190834294,0.000401772038154011,0.002900639962754914,0.0027285259272363644,5.611524766489972e-05,0.007272233596568272,0.016589717527637972,ML4,ML,ML4,podpis - Kwilecki
158,9.40095545162213,0.5196891080017741,0.02958176262913004,0.13167927820286715,0.17720312348292397,0.00013144123707384427,0.0008515113026922287,0.0032610802629206358,1.9643677176210752,0.422166254737997,0.012021085042832563,6.579797934115087e-05,0.001832436454883114,0.08490127487346102,1004.8106695467437,0.01913542422924511,0.02610767327702596,0.24602032440685376,0.19576978162348949,0.0018889564103912574,0.0022378415010422714,0.04663004695262444,0.00038314837136840574,0.0006771715082399428,0.0051381411997089,0.00082818356656805,2.0640719421747563e-05,0.009810465679672562,0.03635272560361117,ML5,ML,ML5,podpis - Plater
159,117.57218224689709,6.346839721596664,0.5095067157147636,0.29696066716878805,3.097800988562556,0.0058196842771271,0.011181889636074699,0.045811841989332316,28.353319711457384,7.868289693320455,0.3066129616188498,0.0007251144384288887,0.027894053284893656,0.04415006114992396,72.75180201081146,0.0009427404797678357,0.13195459389683223,0.1168783082127898,0.09619932473917907,0.0012251957688181857,0.036965418687351925,0.0727821117341112,0.0020131086731357004,0.0015306548172039642,0.0283990310339006,0.026161697990041255,0.0001764600205076238,0.010266312696014256,0.029818810445584508,ML5,ML,ML5,podpis - Plater
160,15.829089154537323,0.6773540687527655,0.04641390689556968,0.1585438565657771,0.25817183763125523,0.0006766702822425356,0.001541855626854257,0.005745887036192536,2.9514992995955986,0.3781500686688161,0.0038805299844390352,6.042645089263132e-05,0.003607411206994193,0.1107115039113344,726.9278679083328,0.023559908993402236,0.03698279281837349,0.27860138902787285,0.21117643597154542,0.0012812581933608284,0.0040128299909943715,0.011913123109725034,3.7239722500838996e-05,0.0005830483037404787,0.009703462093251678,0.0013581222833950644,4.531306654316795e-06,0.006633316043830271,0.03141349136247119,ML5,ML,ML5,podpis - Plater
161,17.836482767124114,1.2694094181714515,0.10468052747548903,0.11493117214950015,0.23972499718162413,0.00041789036192865005,0.0023417589609721645,0.005957676683068479,3.2620330467708385,0.42992325037200535,0.014104950038516495,8.283970387484345e-05,0.0025491922571260935,0.2847721246109726,858.2174849685993,0.018853883304028703,0.01742394624774644,0.27809735483460557,0.2979984742916426,0.0003205854670940596,0.00429559601901905,0.03879270120492236,0.00023092895562693496,0.0007511949473696971,0.008746043454729029,0.003975533775190804,2.7974537450057796e-05,0.013052754641299335,0.019807885547957184,ML6,ML,ML6,podpis - Stroynowski
162,5.374085447259413,0.3904994157262453,0.041141951551221974,0.14746236966858242,0.28477709779508836,0.00025659062247926427,0.000957492329101343,0.0025858045753483004,1.5261507362435147,0.27301624256554136,4.104222858359031,6.940751367651816e-05,0.00131663512674455,0.13236406347674132,1610.9578663930347,0.015441289251927419,0.016558887029565907,0.23008655293539862,0.2229988521514603,0.00036924164125019294,0.0021248773773153927,0.09038188258994108,0.002911817475493307,0.0008888029041906072,0.004627026224436258,0.0010567269399786284,1.5451048358306256e-05,0.010592545370910715,0.023143068244037147,ML6,ML,ML6,podpis - Stroynowski
163,8.116224392479053,0.7694723596290113,0.05280253665480001,0.10215299853537761,0.22167182719061387,0.0007526342137441071,0.0018188745054047643,0.004216752877064072,2.507035491937433,0.17753844608408048,0.03175246638284597,5.0542414335682854e-05,0.0015372108917367786,0.09781138647713845,1007.1769213937597,0.017560486546040848,0.014352834421948435,0.2833702008321184,0.22102321873313663,0.0002543932363745274,0.003958275452488928,0.0489366327709436,0.00035072916208634997,0.00043240526124083616,0.013373858761116464,0.005004446831273727,0.00013952902915454298,0.012268631151839028,0.01713046966285365,ML6,ML,ML6,podpis - Stroynowski
164,7.462596055196075,0.8443503489042943,0.05219214498559415,0.09414628616469913,0.14644072803157332,0.0011825256809279642,0.0010770968867782,0.004801799950622007,2.24496505351788,0.1459386236612634,0.5590051686027268,8.752365435204668e-05,0.0023351905096018503,0.08318084389908677,1828.5377241509261,0.011133251583453855,0.03072210219227934,0.2527199325494759,0.12240221919009997,0.001873176690370643,0.0028175137063498217,0.05764385118036423,0.002183769873620043,0.004671598388078736,0.006199968656258057,0.0035506305335456637,5.4087143075474766e-05,0.04051111998078424,0.015500830928427686,ML7,ML,ML7,podpis - Potocki
165,17.526019147784453,1.1050611973581623,0.16311612383393323,0.18559945000837033,0.2916220027988226,0.0006433937279863144,0.0016892241870733286,0.004913426267881807,3.665623280654877,0.4967002860875773,0.6710972894942502,9.244279358568642e-05,0.00460659029225985,0.08204125372152822,661.7379525223903,0.02307958655406726,0.07427609315634302,0.3294642181030584,0.1794998346423932,0.0005351646369700214,0.004598049227684407,0.057780050966923444,0.0036050680504624865,0.001087090837013507,0.009986071960895208,0.004029574901635522,5.170800325687764e-05,0.01782423001426423,0.03681965799476038,ML7,ML,ML7,podpis - Potocki
166,9.303984450880154,0.6426192137813523,0.04983698922972836,0.09237375690652473,0.17524064726280505,0.0012523585889171,0.0013213890763198286,0.0024761244578000788,2.449793802474604,0.30845806831836775,0.07131962967958783,6.098015366802185e-05,0.0015595323614867001,0.09836174429268134,1006.5136816887999,0.016137409834038486,0.006465389233807558,0.2789615546724368,0.15498382037801792,0.0011688406344381713,0.002603944774121736,0.0201550614264611,0.000233293523977513,0.0006889703494883071,0.0027864714364458005,0.0014972043951403213,1.300708794499108e-05,0.02635290963941771,0.021596994433618094,ML7,ML,ML7,podpis - Potocki
167,9.789985688480632,0.7013201670585386,0.1171237428012114,0.13220164289646633,0.22171023311770785,0.0004885994246485928,0.002172953053479257,0.003180762224049343,3.0026907300503534,0.48567740246080976,0.038583203344049785,0.00012039187335233475,0.0015184223430704355,0.2155607161902666,1597.340989746524,0.022687354532184633,0.01498114023854207,0.14973336744037383,0.22068689097754726,0.0006537660118824144,0.004822211573714421,0.26321387491908227,0.0004216068243005785,0.0003600988596487994,0.010996809501123635,0.0038489536018030215,8.73885141144014e-06,0.007541852021919858,0.03282215104498417,ML8,ML,ML8,podpis - Zboiński
168,13.132867227109019,1.058202588268718,0.16459551393291139,0.13918316811014284,0.17205601490846537,0.000685590439612407,0.004377728210941336,0.0038864231125974144,4.806108549481172,0.559236908991475,0.02842676916812292,7.172770251431233e-05,0.0020766689197388288,0.23924852819358516,1124.2076867572396,0.03664894532938442,0.04868258379322415,0.25819177780973435,0.3021078672962546,0.0011951056422210857,0.006806499126354371,0.049771935501681235,0.00017676386076708245,0.0008397789701957287,0.001985927687924822,0.0019196333341127212,1.6079623680489072e-05,0.009460708039860915,0.029767093510372915,ML8,ML,ML8,podpis - Zboiński
169,6.79043136450706,0.5432074810452311,0.12001444874531367,0.05371984981367504,0.1480704238205158,0.00039504214513217854,0.002532466926848936,0.002067446385324564,2.490833077995983,0.12041589724791167,0.7765100461152857,4.519597265607797e-05,0.001485765419371707,0.12671413322506028,1888.0583581008543,0.020988777889398093,0.014267595154492465,0.12392931217079295,0.25912275913342264,0.0004951217125491286,0.0034820881636989072,0.00490348163120125,0.0004862533632789285,0.00039963530073245,0.0030896179823893073,0.0005268532873343928,3.052279945130678e-06,0.006892272575892329,0.009177564412538109,ML9,ML,ML9,podpis - Nowowiejski
170,8.940960416753839,1.0521713540408468,0.20823475007954267,0.10791689990210004,0.12775973810447838,0.0005156456586863122,0.0037216331816152296,0.002252703081434271,4.901779805226938,0.3467353343736282,0.07084981785032118,0.0001703207936344935,0.002363316228429607,0.36971597320656563,1015.252025089938,0.03387291178174205,0.021269800908310273,0.19424921803439021,0.4891665024172382,0.0007997136966876144,0.007149006366277051,0.0230374728631371,0.00036745418827039815,0.002321913974356479,0.004146533161087307,0.001565969964722164,1.5359909913892968e-05,0.01618204252811674,0.020355778931501253,ML9,ML,ML9,podpis - Nowowiejski
171,4.161303561007254,0.5531595259095788,0.014310699426496131,0.05804091616197488,0.11597847174267162,0.0002496744850591119,0.0015487832975147144,0.001797747711635307,2.3878100204346717,0.08864530293925114,0.03238522865707666,7.614313778925138e-05,0.0012097487550148287,0.05922674084133379,1883.497302067386,0.00801739091378788,0.0067432948742251215,0.10016300413261549,0.169254606166617,0.0023735797606679074,0.0029665065862945856,0.012649428611732594,5.502981734052528e-05,0.0005557821138891071,0.002090660711864807,0.002860368923382014,1.3671103002217141e-05,0.02120167973759211,0.008174033198010492,ML9,ML,ML9,podpis - Nowowiejski
