Na,Mg,Al,S,K,Ti,V,Cr,Mn,Fe,Co,Cu,Zn,Sr,Cd,Sn,Ba,Hg,Pb,name
2862.46697,1366.405,130.54573,823.18365,30440.62935,414.74385,1.0,1.0,1814.26555,10638.01626,58.20601,524.0689,2915.48359,1.395,1.64166,2.33333,1.0,48.7573,19.10235,APP.0_0
2905.52253,1352.29389,137.54573,923.57254,32106.62935,392.02163,1.0,1.64444,1942.3211,9966.07182,66.76157,533.18001,2966.37248,1.65833,1.0,1.0,2.11778,45.70174,20.82457,APP.0_1
2669.74475,1217.905,121.87906,779.29476,27824.90713,474.94018,1.0,1.0,1693.65443,9451.90515,57.76157,541.79112,2842.48359,1.40944,1.64166,1.0,2.49038,49.47952,21.32457,APP.0_2
2878.52253,1266.405,117.43462,676.01699,30531.24046,236.02163,1.0,1.0,1718.15443,8989.84959,54.76157,488.68001,2791.65026,1.26333,1.0,1.0,1.74519,47.64619,22.99124,APP.0_3
2827.85586,1245.29389,132.3235,686.29476,28014.57379,240.58473,1.0,1.64444,1641.70999,8695.79404,54.42823,471.45779,2571.15026,2.325,1.64166,1.88889,2.11778,31.993,22.60235,APP.0_4
2616.91141,1039.01612,126.76795,712.29476,26223.24046,177.55883,1.0,1.0,1466.3211,8475.84959,61.53934,478.68001,2619.98359,1.40944,1.0,2.77778,3.98076,27.97952,18.21346,APP.0_5
2542.46697,1091.51612,120.54573,621.85032,25490.51824,294.7255,1.0,1.0,1443.70999,8349.4607,46.76157,417.29112,2363.42804,1.63778,1.0,4.11111,1.74519,34.64619,17.93568,APP.0_6
2692.02253,1293.73834,131.54573,694.07254,27514.79602,323.78859,1.0,1.0,1620.59888,8186.62737,53.31712,453.0689,2543.15026,1.86,1.0,1.0,1.37259,41.42396,25.26901,APP.0_7
2502.96697,1149.18278,124.43462,544.40587,21876.85157,179.53671,1.0,1.0,1400.15443,7966.51626,45.31712,450.01335,2221.37248,1.395,1.0,1.88889,1.0,27.78426,17.76901,APP.0_8
2401.46697,1030.01612,124.10128,557.29476,22469.35157,470.80695,1.0,1.64444,1372.8211,7814.18293,54.76157,402.18001,2084.20582,1.93611,1.0,1.88889,1.74519,29.43745,22.60235,APP.0_9
3418.06728,1483.5,193.59647,926.37063,37511.78523,2762.95618,1.0,4.909,1427.1854,9704.53622,66.66228,1861.3034,2827.40495,2.72222,2.66667,12.20668,5.59907,10.45448,33.9313,APP.1_0
3255.1784,1639.22222,207.15202,846.48174,36508.11856,5359.01174,1.0,1.52522,1389.24096,9211.03622,66.99562,1923.85895,2569.62718,1.88889,1.0,6.62446,9.06283,12.39892,31.54241,APP.1_1
3301.40062,1328.0,171.15202,890.25952,35481.61856,3320.90062,1.0,1.0,1382.24096,8728.20289,56.99562,1602.52562,2538.8494,2.55556,1.0,5.23557,8.83095,5.72994,49.98686,APP.1_2
3168.51173,1222.94444,224.76314,859.37063,36125.34078,3896.73396,1.0,1.0,1397.29651,8549.75845,60.44006,1711.19229,2609.8494,1.83333,1.0,9.06446,5.2295,12.56713,38.4313,APP.1_3
3091.34506,1220.05556,209.26314,838.64841,34411.17412,2875.95618,1.0,4.79277,1377.74096,8387.25845,59.99562,1656.85895,2572.90495,1.22222,3.44444,8.32001,9.5459,5.67207,41.9313,APP.1_4
3202.01173,1412.66667,225.26314,843.98174,34648.84078,3215.06729,1.0,1.0,1402.85207,8108.86956,58.10673,1744.41451,2671.12718,2.33333,1.0,7.0689,4.28505,6.22917,56.76464,APP.1_5
3049.95617,1315.83333,184.59647,820.64841,32194.17412,3404.1784,1.0,1.0,1280.79651,7851.86956,58.32895,1583.91451,2538.23829,2.38889,1.0,9.5089,5.57249,2.61343,39.48686,APP.1_6
2917.34506,1236.0,161.15202,714.81507,32174.72967,2859.40062,1.0,2.05044,1206.40762,7615.53622,53.55117,1456.13673,2279.57162,2.61111,1.0,13.81335,4.28505,1.83565,69.48686,APP.1_7
2907.40062,1207.72222,145.04091,779.37063,30405.61856,2550.90062,1.0,2.57566,1232.6854,7405.814,54.44006,1232.74784,2463.23829,2.94444,1.0,9.37557,5.88651,3.06019,53.32019,APP.1_8
2855.78951,1265.22222,150.59647,745.75952,29444.95189,2577.73396,1.0,1.52522,1197.35207,7217.09178,52.99562,1319.52562,2283.90495,3.0,1.0,11.92668,10.51693,4.00617,59.32019,APP.1_9
1249.31493,574.5,99.69116,160.8716,9139.29896,26.0847,1.0,1.0,675.51562,4679.11713,38.03667,227.39404,1438.17376,1.22222,1.43556,2.26667,2.51779,15.32361,18.51523,APP.10_0
1149.87049,512.94444,106.91338,142.20145,8779.96562,58.17215,1.0,1.0,653.12673,4416.7838,36.70334,233.50515,1404.0071,1.33333,1.32667,3.68445,2.51779,19.48182,22.86623,APP.10_1
1086.9816,630.16667,93.91338,207.09382,8390.85451,57.33607,1.0,1.0,619.07118,4306.72824,36.81445,206.72737,1395.22932,1.22222,1.10889,1.84668,1.64723,5.85382,17.58846,APP.10_2
1130.64826,491.61111,95.02449,166.13202,8616.52118,12.93838,1.0,1.0,582.84896,4133.67269,38.48111,182.94959,1375.34043,1.66667,1.54445,2.16,1.90612,6.37071,14.2728,APP.10_3
1060.53715,540.16667,96.80227,201.94451,8443.46562,9.6518,1.0,1.0,581.18229,3939.56157,38.25889,215.33848,1343.67376,1.66667,1.10889,2.18445,5.27723,6.32361,18.19703,APP.10_4
1055.09271,557.44444,114.91338,199.11118,8552.85451,60.97359,1.0,1.0,621.84896,3823.7838,36.48111,208.89404,1328.39598,1.11111,1.21778,1.66,2.03557,13.63518,18.2728,APP.10_5
1155.70382,572.55556,122.58005,227.76049,8933.85451,49.93838,1.0,1.0,594.73784,3740.22824,40.48111,233.11626,1175.17376,1.22222,1.54445,1.76667,19.94279,8.16539,36.31068,APP.10_6
983.92604,555.22222,105.80227,118.77436,7577.68785,51.99394,1.0,1.0,545.46007,3666.89491,35.59223,179.33848,1136.45154,2.22222,1.32667,1.26667,9.40667,8.58449,19.64401,APP.10_7
988.20382,426.22222,93.35783,147.36811,7291.02118,1.82453,1.0,1.0,520.96007,3530.39491,34.37,187.28292,1139.17376,2.0,1.43556,1.21334,3.03557,7.40937,21.31068,APP.10_8
1031.64826,522.0,101.58005,100.58685,7449.52118,11.28932,1.0,1.0,506.34896,3436.17269,34.37,172.11626,1101.67376,1.66667,1.32667,2.10667,1.0,6.7596,16.05057,APP.10_9
1527.35658,988.88559,105.09957,536.3963,13712.43236,75.44112,1.0,1.0,1099.73653,5831.94908,58.41186,209.73624,2547.96168,2.43611,2.66667,1.44444,1.94444,5.79042,10.93276,APP.11_0
1428.24547,997.83003,81.54402,461.61852,12484.21014,34.31847,1.0,1.0,977.95875,5674.17131,52.96741,181.2918,2147.6839,1.78389,1.83333,1.0,8.66667,7.1804,10.48686,APP.11_1
1438.63435,1024.05226,70.32179,611.28519,13731.04347,82.01428,1.0,1.0,1106.51431,5364.78242,61.52297,173.23624,2225.35057,1.50611,1.0,1.0,2.88889,10.15949,7.9313,APP.11_2
1392.63435,934.16337,83.21068,487.45186,13323.48792,128.46753,1.0,1.0,988.18098,5128.89353,57.96741,179.73624,2110.07279,2.81667,2.66667,1.0,3.83333,5.72441,14.62648,APP.11_3
1307.63435,872.60781,84.21068,492.50741,12949.2657,84.89437,1.0,1.0,986.06986,4992.33797,50.96741,202.51402,2042.6839,1.78389,3.5,1.44444,4.77778,10.56929,10.59797,APP.11_4
1206.80102,797.94114,76.65513,368.78519,11282.09903,102.16335,1.0,1.0,864.84764,4850.61575,46.41186,207.56957,1941.01724,1.79,2.66667,1.44444,4.83333,8.49173,11.54241,APP.11_5
1386.18991,891.88559,81.43291,500.3963,13807.37681,144.92352,1.0,1.0,975.56986,4735.67131,56.52297,160.90291,2221.46168,1.395,4.33333,1.88889,1.0,9.28106,10.62648,APP.11_6
1289.46769,904.16337,67.43291,399.95186,12135.59903,31.43838,1.0,7.88889,927.4032,4614.78242,49.8563,162.06957,2039.46168,2.27556,1.83333,1.0,1.94444,8.1584,5.6579,APP.11_7
1214.52324,839.33003,69.09957,412.61852,11769.93236,123.89437,1.0,1.0,925.68098,4515.33797,51.8563,172.2918,2027.40612,1.50611,2.66667,1.88889,4.83333,8.09129,7.70908,APP.11_8
1176.13435,872.60781,75.32179,343.00741,11148.93236,25.68975,1.0,1.0,846.68098,4425.94908,51.63408,194.95846,2080.96168,1.63778,3.5,1.0,5.72222,12.48018,13.85016,APP.11_9
3025.81144,1900.34274,145.95956,1203.31343,32213.5575,138.05556,1.0,1.0,2300.84744,18394.5917,90.3379,465.68001,4319.0,2.64389,3.9252,2.63112,3.77668,34.44758,29.05412,APP.12_0
2877.14477,1719.3983,145.95956,1236.75787,31470.77972,105.38889,1.0,1.0,2205.06967,17480.20281,91.00456,429.23557,4130.0,2.53889,5.26685,5.23557,2.38834,27.6698,29.44301,APP.12_1
2904.53366,1779.06496,147.73733,1260.0912,31949.5575,129.88889,1.0,1.0,2202.34744,16660.25837,90.56012,393.12446,4198.22222,3.615,4.6168,1.21334,2.25889,31.6698,28.94301,APP.12_2
2784.4781,1543.62052,144.18178,1210.98009,31312.89083,140.22222,1.0,1.0,2130.56967,16103.53615,86.67123,367.84668,3986.61111,2.66445,3.78347,1.74001,1.12945,32.39202,28.94301,APP.12_3
2588.20033,1661.78718,132.18178,1092.14676,29499.77972,51.61111,1.0,1.0,2102.68078,15305.03615,86.44901,430.79112,4033.33333,2.65,1.0,2.76667,4.33278,23.6698,28.94301,APP.12_4
2612.42255,1693.23163,129.62622,1177.53565,27463.0575,49.66667,1.0,1.0,2028.18078,14322.75837,80.67123,391.95779,3950.22222,2.21389,1.65004,1.13334,1.12945,30.28091,26.22078,APP.12_5
2437.25588,1556.73163,176.62622,922.14676,22569.16861,131.88889,1.0,1.0,1710.903,13287.98059,68.89345,291.45779,3421.05556,3.50389,4.34733,3.21334,1.25889,25.00896,38.10967,APP.12_6
2251.4781,1443.34274,142.29289,883.42454,21251.89083,76.38889,1.0,1.0,1675.95855,12904.81392,61.22679,308.23557,3177.5,2.04722,5.83071,3.29112,3.64723,8.79838,36.05412,APP.12_7
2327.86699,1357.73163,136.07067,904.0912,20307.33527,107.11111,1.0,1.0,1639.12522,12526.36948,75.11568,296.45779,3295.83333,2.42778,3.27516,2.21334,2.38834,14.23992,39.3319,APP.12_8
2234.25588,1262.67607,135.51511,860.25787,21094.00194,121.55556,1.0,1.0,1582.01411,12279.53615,66.44901,350.23557,3135.66667,3.38667,4.25022,2.32001,1.64723,19.56451,30.60967,APP.12_9
1163.08023,687.2067,223.33599,213.94119,9861.89935,80.72222,1.0,1.0,667.23784,6124.12222,35.92556,331.11111,1402.78487,3.61111,1.0,1.20489,1.0,9.50602,28.70908,APP.13_0
1144.85801,692.31781,176.28043,257.66341,9839.28824,216.11111,1.0,1.0,621.68229,5741.06667,30.14778,305.27778,1299.0071,2.55556,1.0,1.0,3.40223,6.34386,25.04241,APP.13_1
1125.69134,580.2067,109.16932,224.35513,9106.67713,7.05556,1.0,1.0,623.96007,5567.95556,33.70334,288.55556,1207.61821,2.44444,1.0,1.30733,1.0,5.95947,27.70908,APP.13_2
1183.2469,594.37337,120.16932,157.29958,9298.3438,95.0,1.0,1.0,641.51562,5442.06667,33.70334,297.55556,1267.0071,2.72222,1.0,1.10244,1.0,9.11714,29.82019,APP.13_3
1142.08023,585.2067,150.22488,287.50927,9578.8438,1.0,1.0,1.0,663.84896,5190.4,37.14778,294.44444,1231.84043,2.72222,1.0,2.29866,1.0,6.02854,23.4313,APP.13_4
1150.2469,623.76226,113.83599,226.88564,9849.39935,203.88889,1.0,1.0,623.2934,5080.12222,27.59223,310.11111,1324.11821,2.66667,1.0,1.0,1.0,6.67719,26.48686,APP.13_5
1010.2469,498.26226,119.16932,250.0218,8338.12157,48.05556,1.0,1.0,599.2934,4938.4,32.25889,295.5,1218.78487,2.72222,1.0,1.0,1.0,1.63965,24.9313,APP.13_6
1070.30246,563.15115,104.83599,229.60786,8889.12157,35.55556,1.0,1.0,579.68229,4859.95556,30.81445,281.5,1162.78487,2.77778,1.0,1.40977,2.74519,5.29281,25.4313,APP.13_7
1070.02468,512.54004,119.50265,251.34261,8309.06602,9.16667,1.0,1.0,572.07118,4786.67778,32.48111,250.72222,1166.39598,2.44444,1.0,2.29866,2.60149,3.52404,24.26464,APP.13_8
1158.2469,544.81781,149.61377,319.60786,9436.51046,138.27778,1.0,1.0,650.23784,4686.73333,30.92556,305.61111,1311.72932,2.66667,2.28331,1.0,1.0,6.41292,25.76464,APP.13_9
2492.73633,1113.02131,135.81768,507.87255,18949.85036,113.40923,1.0,1.0,1170.23754,7597.48059,38.0918,435.55556,1916.08889,2.99918,3.20285,4.43218,1.0,15.64741,31.48034,APP.14_0
2461.12522,1044.4102,160.81768,425.37255,17762.68369,145.32394,1.0,1.0,1160.01532,7172.70281,37.31402,347.22222,1873.53333,4.82388,1.55071,1.31791,1.0,17.70297,26.70256,APP.14_1
2307.23633,1039.29909,171.0399,461.53922,16907.85036,92.52895,1.0,1.0,1096.79309,6658.48059,35.0918,337.94444,1670.53333,4.02264,1.0,2.71609,1.0,17.75449,25.60598,APP.14_2
2350.903,956.29909,114.15101,280.98366,15817.90591,53.25587,1.0,1.0,1057.57087,6396.14726,42.53624,301.55556,1647.64444,1.7926,2.65213,2.52471,3.83333,13.70095,32.86923,APP.14_3
2403.68078,1041.4102,123.0399,448.42811,16604.07258,53.58059,1.0,1.0,1134.23754,6233.5917,38.20291,324.33333,1599.97778,2.4749,1.0,1.63582,1.0,16.64741,19.60598,APP.14_4
2290.06967,965.63242,134.92879,440.70588,16259.62813,96.31534,1.0,1.0,1049.01532,6086.75837,39.0918,293.61111,1602.36667,2.64939,1.0,1.31791,1.0,10.24642,24.59145,APP.14_5
2250.18078,951.52131,128.37323,293.81699,15452.2948,29.23865,1.0,1.0,1065.68198,5981.64726,34.75846,263.66667,1626.03333,2.31606,1.0,2.52471,1.0,15.59186,20.59145,APP.14_6
2249.12522,946.35464,109.70657,396.98366,15854.85036,39.1917,1.0,1.0,1074.29309,5866.48059,43.0918,283.22222,1503.36667,1.60247,1.0,1.0,1.0,10.63733,17.42479,APP.14_7
2048.12522,854.46575,116.0399,358.26144,14391.7948,10.0892,1.0,1.0,936.18198,5740.42503,33.0918,254.61111,1446.58889,2.06256,1.0,2.96915,1.0,11.25046,15.5359,APP.14_8
2258.18078,899.9102,123.26212,416.0679,15904.85036,50.44366,1.0,1.0,1029.34865,5677.36948,33.64735,262.33333,1550.31111,1.61811,1.0,4.17595,1.0,9.41309,27.43932,APP.14_9
2108.64742,1021.38559,192.89983,389.29095,15260.7025,49.88889,1.0,1.0,902.85843,11118.89726,43.75556,323.97007,2215.43533,4.03505,5.16667,1.37638,1.0,8.15657,52.3319,APP.15_0
1964.36965,1019.21892,169.89983,464.68172,14533.75805,17.38889,1.0,1.0,921.80287,10105.78615,49.08889,290.08118,2270.102,2.41943,5.16667,1.37638,1.0,12.04142,53.72078,APP.15_1
1816.25853,836.27448,170.12205,418.29283,12995.86916,128.0,1.0,1.0,738.52509,9239.50837,38.53333,283.52562,1709.93533,3.77429,1.83333,3.63468,1.0,5.43334,52.94301,APP.15_2
1844.86965,809.10781,183.12205,326.31966,12446.36916,3.0,1.0,1.0,669.30287,8851.28615,34.97778,252.63673,1552.93533,3.71874,2.66667,1.0,1.0,3.66061,63.8319,APP.15_3
1588.31409,1030.16337,119.56649,493.62804,14122.31361,3.0,1.0,1.0,1042.91398,8678.11948,47.97778,284.3034,2248.87978,2.46248,2.66667,1.0,1.0,9.2091,33.60967,APP.15_4
1648.9252,801.88559,144.56649,380.1836,11928.92472,11.0,1.0,1.0,712.69176,8473.61948,34.2,249.3034,1718.15756,5.38991,1.0,6.30135,1.0,3.93738,62.55412,APP.15_5
1669.4252,842.55226,142.12205,317.73727,11763.36916,11.0,1.0,1.0,740.19176,8347.50837,32.75556,256.63673,1722.54644,1.95797,1.83333,1.75277,1.0,3.99394,45.10967,APP.15_6
1650.75853,762.4967,151.56649,323.40582,11498.31361,27.44444,1.0,1.0,627.19176,8163.78615,32.31111,259.08118,1589.21311,2.78229,2.66667,2.26527,1.0,4.43839,59.27634,APP.15_7
1764.25853,802.9967,174.45538,369.23727,11299.98027,1.0,1.0,1.0,613.91398,8016.95281,30.86667,226.74784,1500.65756,4.16769,1.0,2.12915,1.0,2.44041,60.10967,APP.15_8
1773.4252,717.21892,182.45538,260.40206,10930.09139,35.5,1.0,1.0,535.96954,7864.67504,30.08889,210.97007,1205.82422,3.53505,2.66667,2.12915,1.0,2.77374,66.16523,APP.15_9
1711.27558,715.83333,266.00532,256.9213,12279.66123,236.00029,1.0,1.0,812.13605,8139.75003,50.66667,439.70256,1818.15026,4.06288,1.0,5.0,6.85057,4.37961,72.36923,APP.15D_0
1564.66447,791.66667,243.61643,269.86574,10617.3279,156.09305,1.0,1.27118,730.80271,7567.75003,48.0,299.20256,1531.03915,3.59482,1.0,7.66667,1.64723,1.79835,63.5359,APP.15D_1
1663.83113,798.66667,205.50532,367.97197,11008.66123,90.16696,1.0,1.27118,785.96938,7095.52781,46.66667,270.64701,1435.48359,2.53926,1.0,6.83333,3.64723,1.34876,61.14701,APP.15D_2
1596.05335,582.55556,304.44976,151.51286,9998.55012,132.59295,1.0,1.0,539.85827,6660.13892,43.66667,314.0359,1118.76137,3.97572,1.0,9.0,1.77668,2.13168,84.14701,APP.15D_3
1586.44224,634.11111,237.61643,182.35108,10833.10568,199.5745,1.0,1.0,628.30271,6313.75003,45.22222,315.48034,1182.53915,3.20593,1.0,7.33333,6.10946,1.46501,72.59145,APP.15D_4
1630.72002,686.66667,218.17199,239.23508,10828.93901,70.98165,1.0,1.0,709.46938,5988.63892,43.44444,259.64701,1263.76137,5.61046,1.0,2.77778,1.12945,1.23251,58.81368,APP.15D_5
1510.38669,627.05556,214.00532,236.24974,10512.60568,143.87063,1.0,1.0,723.35827,5668.52781,42.66667,284.70256,1389.42804,2.55523,1.0,10.38889,3.20334,3.31892,57.48034,APP.15D_6
1381.60891,547.38889,220.50532,177.02263,9565.49457,143.87063,1.0,1.0,579.80271,5238.52781,39.0,237.0359,1113.48359,2.51564,1.0,2.77778,4.16502,1.11625,57.64701,APP.15D_7
1426.05335,575.55556,216.11643,226.1893,9920.49457,243.16686,1.0,1.0,640.74716,5002.4167,44.33333,244.98034,1233.87248,3.07885,1.0,7.66667,2.90612,1.9146,47.20256,APP.15D_8
1425.77558,640.27778,195.00532,267.41152,9841.21679,173.59295,1.0,1.0,585.13605,4745.52781,43.11111,211.75812,1140.48359,3.03926,1.0,2.33333,1.64723,1.11625,38.0359,APP.15D_9
1073.70942,185.61111,166.16932,9.40268,5595.55804,157.61933,1.0,1.0,82.76497,5381.95046,11.52834,147.38889,201.64563,3.80222,1.0,2.57359,1.94444,1.0,80.9313,APP.15y_0
994.65386,156.44444,151.83599,12.32625,5149.50249,216.64574,1.0,1.0,76.87608,4904.61713,9.86167,129.16667,171.70119,4.19723,1.0,1.0,1.0,2.36396,72.76464,APP.15y_1
1037.87608,172.83333,143.28043,1.55201,5200.66916,350.18975,1.0,1.0,78.43164,4663.2838,11.83232,125.61111,171.3123,2.58833,1.0,2.12915,2.88889,2.65704,74.04241,APP.15y_2
868.76497,144.38889,129.05821,3.73956,4655.89138,220.46147,1.0,1.0,68.76497,4338.17269,9.75056,148.27778,154.25674,3.64167,1.0,1.37638,1.0,1.29309,65.98686,APP.15y_3
983.0983,159.61111,153.72488,6.84713,5073.83582,46.66335,1.0,1.0,77.43164,4154.67269,16.86167,118.27778,173.36786,4.27334,1.0,1.0,1.0,1.58618,70.26464,APP.15y_4
752.37608,121.38889,122.83599,1.73602,4050.72471,84.06984,1.0,1.0,60.65386,3970.95046,9.52834,112.77778,145.8123,2.49778,1.0,2.12915,1.0,1.0,56.59797,APP.15y_5
779.54275,122.27778,110.72488,1.0,4044.00249,56.52309,1.0,1.0,58.54275,3740.22824,10.38787,106.83333,123.53452,2.47722,1.0,1.75277,1.0,1.29309,53.9313,APP.15y_6
739.87608,113.27778,114.28043,6.47912,3944.78027,88.58745,1.0,1.0,59.98719,3609.33935,8.24741,102.0,152.3123,2.15833,1.0,1.37638,1.0,2.99038,58.15352,APP.15y_7
828.87608,118.05556,127.72488,4.47558,4228.00249,99.27172,1.0,1.0,60.20942,3378.67269,9.49898,110.61111,152.42341,3.10889,1.0,1.37638,1.0,1.29309,70.59797,APP.15y_8
782.04275,127.5,107.83599,9.21868,4285.89138,51.18095,1.0,1.0,69.87608,3126.7838,10.41723,112.44444,135.64563,3.02445,1.0,2.12915,1.0,1.87927,61.48686,APP.15y_9
2183.08052,360.44444,203.41727,24.38901,9951.55247,370.51174,1.0,1.0,101.61609,5431.73814,6.91595,90.38454,171.04644,7.55556,1.0,5.84446,2.58261,1.0,49.88353,APP.16_0
2051.58052,314.94444,209.41727,14.60619,9123.83025,339.62285,1.0,1.0,82.06053,5017.57147,4.06109,89.10677,132.37978,5.11111,1.0,6.17779,3.52706,1.0,38.99464,APP.16_1
1930.41385,295.88889,181.7506,22.46472,9013.66358,212.34507,1.0,1.0,96.83831,4771.18258,5.46699,83.49566,156.26867,4.55556,1.0,4.70668,14.20725,1.0,44.77242,APP.16_2
2001.96941,332.11111,193.63949,26.69702,8968.3858,179.51174,1.0,1.0,97.17164,4508.73814,4.87741,87.71788,143.71311,4.22222,1.0,4.68001,1.0,1.0,45.93908,APP.16_3
1917.52496,283.83333,150.52838,4.54548,8511.33025,90.58059,1.0,1.0,102.50498,4120.73814,6.65519,75.05121,149.93533,2.94444,1.0,3.8689,4.95654,1.0,52.16131,APP.16_4
1791.35829,243.33333,240.19504,3.4748,7970.83025,86.25117,1.0,1.0,89.7272,3800.96036,4.58261,70.05121,126.32422,3.72222,1.0,5.34224,3.73575,1.0,39.93908,APP.16_5
1797.52496,288.83333,209.63949,22.38397,8013.66358,91.01174,1.0,1.0,78.50498,3475.57147,6.94998,73.27343,98.49089,3.55556,1.0,1.76667,2.58261,1.25206,43.16131,APP.16_6
1514.91385,204.05556,164.52838,13.31318,6625.8858,86.73865,1.0,1.0,72.50498,3140.07147,4.35588,60.60677,83.37978,3.16667,1.0,1.71334,1.0,1.50411,35.10575,APP.16_7
1279.02496,179.83333,136.86171,1.49496,5646.49691,246.14867,1.0,1.0,53.83831,2846.23814,4.02255,46.77343,70.93533,3.11111,1.0,2.76667,1.0,1.0,22.16131,APP.16_8
1414.96941,193.83333,89.19504,12.81821,5941.99691,137.47809,1.0,1.0,60.28275,2605.12703,4.72776,47.9401,77.43533,2.38889,1.0,1.29334,1.0,1.25206,27.99464,APP.16_9
2447.42804,1365.55226,71.31175,469.80332,20795.62203,10.77024,1.0,1.0,81.86915,8501.87963,8.33333,43.27778,730.53453,2.42167,1.10889,3.48207,3.85057,11.19829,14.43568,APP.17_0
2557.76137,1480.94114,48.97841,596.24777,25451.56647,12.05179,1.0,1.0,88.75804,8092.49074,8.33333,51.61111,770.03453,1.395,1.10889,2.44313,4.59168,18.11097,6.68495,APP.17_1
2473.42804,1424.27448,57.42286,557.46999,22663.01092,3.82956,1.0,1.0,81.4247,7693.71297,9.44444,42.88889,770.53453,1.52667,1.21778,2.3084,5.29446,9.36496,6.10381,APP.17_2
2359.15026,1302.94114,59.20064,539.41443,21309.01092,3.82956,1.0,1.0,75.09137,7378.93519,8.83333,46.44444,753.70119,1.65833,1.0,1.26947,2.90612,10.99986,9.60089,APP.17_3
2435.42804,1359.55226,58.31175,565.30332,22325.67758,39.68125,1.0,1.0,82.20248,7169.10186,10.33333,46.0,724.25675,1.50611,1.0,2.84733,5.23891,11.79352,11.712,APP.17_4
2378.59471,1362.77448,66.8673,490.5811,19780.06647,25.15913,1.0,1.0,79.64693,7006.49074,7.61111,37.5,683.53453,1.13167,1.0,2.07787,1.38834,10.92842,10.82019,APP.17_5
2447.4836,1344.4967,60.97841,580.69221,20985.67758,9.99623,1.0,1.0,82.64693,6749.21297,9.55556,35.66667,698.25675,1.79,1.10889,2.48207,3.59168,7.43639,9.51829,APP.17_6
2050.09471,1294.88559,60.31175,505.85888,17929.12203,3.82956,1.0,1.0,69.98026,6534.21297,10.0,40.27778,644.97897,1.40944,1.0,2.07918,3.90612,10.46816,12.26756,APP.17_7
2099.81693,1207.05226,70.31175,361.52554,17891.56647,197.79236,1.0,1.0,83.4247,6266.71297,8.16667,47.66667,611.42342,1.76945,1.0,4.27647,7.10946,6.85705,13.09943,APP.17_8
2030.26137,1108.05226,48.08953,436.30332,18309.89981,3.82956,1.0,1.0,72.09137,6130.15741,5.66667,29.11111,599.53453,1.61722,1.10889,1.4042,3.51779,19.47607,7.46127,APP.17_9
3174.56825,1133.21892,124.19047,563.14208,27009.15563,47.66667,1.0,2.81111,966.51838,13264.33557,39.87504,456.04444,1654.37978,1.76945,2.16,5.79112,2.58261,5.90322,92.16523,APP.18_0
3052.01269,1115.9967,125.74603,444.58653,23861.65563,53.88889,1.0,1.0,904.2406,12376.83557,36.09727,422.37778,1590.82422,2.14389,1.10889,1.08,3.73575,5.40212,86.66523,APP.18_1
2918.73492,930.16337,102.19047,400.64208,24379.26674,37.33333,1.0,1.0,914.35171,11951.44668,37.98615,402.87778,1456.04644,1.99167,2.16,1.68667,2.73575,5.61993,79.10967,APP.18_2
2738.17936,860.66337,104.74603,405.80875,21230.82229,70.38889,1.0,1.0,864.46282,11426.55779,35.09727,401.82222,1453.93533,1.79,1.43556,4.1289,1.79131,4.40322,79.55412,APP.18_3
2626.79047,885.77448,105.30158,423.97542,21401.26674,62.0,1.0,1.0,825.35171,11032.72446,31.09727,366.1,1408.82422,2.06778,2.16,3.18445,1.0,2.23104,81.22078,APP.18_4
2592.6238,919.21892,112.5238,449.58653,21198.98896,88.72222,1.0,1.0,817.18504,10565.44668,32.65282,384.48889,1354.102,1.395,2.16,2.10445,1.79131,2.50662,71.38745,APP.18_5
2671.23492,937.44114,109.30158,490.97542,22054.54451,109.22222,1.0,1.0,888.68504,10066.78001,32.54171,388.48889,1364.71311,2.29611,1.65334,2.26667,1.0,5.51323,79.60967,APP.18_6
2495.6238,812.94114,93.74603,369.80875,19326.87785,93.05556,1.0,1.0,738.62949,9258.61335,29.09727,334.65556,1197.99089,1.26333,1.76223,2.16,1.79131,6.45767,73.44301,APP.18_7
2520.34603,677.71892,99.85714,284.58653,17590.9334,62.33333,1.0,1.0,689.7406,8728.33557,29.20838,331.98889,1175.93533,1.74889,1.43556,1.24001,1.0,3.95767,73.55412,APP.18_8
2378.51269,679.77448,104.63492,364.64208,16288.04451,43.61111,1.0,1.0,676.12949,8376.83557,25.09727,328.54444,1077.602,2.49778,1.54445,1.60667,1.0,3.3933,68.49856,APP.18_9
2446.40522,975.33333,60.66441,436.424,19754.28059,5.0,1.0,1.0,1171.06639,5669.74819,36.2831,170.61001,1521.55556,1.40944,4.25022,1.75277,1.64723,38.20131,11.15621,APP.19_0
2346.07189,908.94444,44.66441,330.47956,16240.05836,51.88889,1.0,1.0,1031.6775,4757.13707,29.94976,127.72112,1350.16667,1.37444,1.65004,1.37638,2.16502,24.6716,10.60065,APP.19_1
2113.34967,764.5,51.77553,322.59067,14692.8917,31.33333,1.0,1.0,916.56639,4248.19263,25.17199,128.05446,1214.38889,1.24278,2.30009,1.37638,4.51779,17.55664,12.47704,APP.19_2
1758.23856,656.38889,58.77553,232.424,11169.3917,101.16667,1.0,1.0,753.95528,3849.63707,26.50532,103.16557,1000.77778,1.63778,1.65004,1.0,1.0,7.07865,8.62218,APP.19_3
1964.57189,726.11111,146.49775,195.65077,11763.83614,64.27778,1.53959,1.0,694.28861,3419.63707,20.72754,125.16557,966.44444,1.63778,2.62511,1.37638,1.12945,3.75301,11.0451,APP.19_4
1941.79411,661.33333,51.88664,224.75734,11768.00281,33.72222,1.0,1.0,664.56639,3146.8593,22.94976,102.11001,878.77778,1.52667,2.8084,1.75277,1.77668,5.54895,11.01107,APP.19_5
1923.07189,578.66667,48.77553,112.31516,11317.66948,164.66667,1.0,1.0,604.89972,2931.80374,18.2831,101.05446,889.44444,1.0,3.13342,1.0,1.12945,1.75192,9.03608,APP.19_6
1958.12745,562.33333,45.77553,80.20746,11747.8917,47.61111,1.0,1.0,595.34417,2732.63707,20.2831,107.16557,894.61111,1.52667,2.30009,1.0,1.12945,2.25577,12.15621,APP.19_7
1827.73856,521.05556,47.21997,42.76642,10912.61392,25.11111,1.0,1.0,529.95528,2549.08152,18.39421,117.77668,807.77778,1.24278,1.65004,4.6597,1.0,2.34488,8.80135,APP.19_8
1893.07189,464.5,41.44219,88.53625,11318.16948,19.16667,1.0,1.0,528.34417,2454.69263,15.72754,97.44334,666.22222,1.61722,1.32502,2.50553,1.25889,4.20792,9.45551,APP.19_9
1996.82505,1330.44114,178.20018,665.1985,19861.24545,1068.38889,1.0,1.0,1453.84458,8477.56157,64.54171,655.91451,2527.10816,3.5,1.10889,5.62668,2.64723,3.15247,30.23135,APP.2_0
1824.32505,1179.77448,160.08907,623.86516,18490.80101,1600.72222,1.0,1.0,1309.17792,8099.45046,60.65282,563.91451,2402.49705,3.11111,1.0,5.2089,1.77668,4.50353,33.00913,APP.2_1
1871.82505,1152.33003,166.4224,667.92072,17985.1899,1206.0,1.0,1.0,1300.40014,7658.7838,51.4306,585.91451,2332.71927,3.05556,1.32667,7.51334,2.77668,4.29312,30.17579,APP.2_2
1853.26949,1137.33003,157.53351,577.58739,16239.41212,1012.77778,1.0,1.0,1182.01125,7401.83935,57.98615,492.24784,2232.83038,4.22222,1.21778,5.96445,1.90612,3.54726,29.17579,APP.2_3
1659.26949,1228.27448,145.86685,559.53183,16852.63434,641.0,1.0,1.0,1163.34458,7076.45046,54.76393,554.97007,2189.99705,3.11111,1.21778,4.37334,2.16502,2.43615,25.95357,APP.2_4
1790.76949,1123.05226,167.31129,505.42072,16552.02323,667.66667,1.0,1.0,1101.5668,6745.67269,59.31949,469.41451,2083.55261,4.5,1.10889,3.26667,4.16502,6.94797,35.12024,APP.2_5
1738.15838,1064.60781,163.64463,440.86516,15961.91212,1041.44444,1.0,1.0,1044.73347,6551.56157,49.98615,494.19229,1971.66372,2.66667,1.54445,4.23557,8.10946,4.73166,46.06468,APP.2_6
1800.71394,978.88559,153.31129,469.30961,16027.96768,1109.27778,1.0,1.0,1066.23347,6336.61713,48.98615,461.3034,1956.77483,2.66667,1.54445,3.24001,1.12945,1.39832,35.17579,APP.2_7
1683.32505,935.38559,157.20018,474.25405,14935.91212,1175.27778,1.0,1.0,983.45569,6158.33935,51.31949,424.52562,1935.9415,4.5,1.43556,4.2889,10.18335,5.71984,62.00913,APP.2_8
1717.8806,994.9967,152.31129,435.6985,14728.96768,1179.22222,1.0,1.0,994.84458,5974.72824,45.20838,432.02562,1845.49705,4.61111,1.10889,10.76445,1.77668,2.06499,35.39802,APP.2_9
1821.94823,208.4102,113.95183,11.00518,8636.10523,20.47047,1.0,1.0,184.45976,5293.31909,7.57263,128.97727,197.33333,7.16667,1.0,1.63582,3.83333,1.0,52.04366,APP.20_0
1684.55934,219.4102,110.84072,16.17185,7943.7719,2.14909,1.0,1.0,201.12643,4957.59687,6.42786,139.64393,184.66667,6.61111,1.65004,1.0,2.88889,1.0,42.09922,APP.20_1
1761.00378,226.52131,120.6185,8.25777,8098.54968,3.29817,1.0,1.64444,197.9042,4748.04132,6.2831,125.3106,172.27778,7.11111,1.32502,1.31791,1.94444,1.24011,43.43255,APP.20_2
1570.78156,196.07686,106.28516,13.47999,7033.71634,72.16948,1.0,1.0,183.01532,4606.37465,5.53897,110.8106,169.88889,3.05556,1.0,1.0,1.94444,1.24011,37.43255,APP.20_3
1582.39267,178.07686,105.17405,13.61629,7282.60523,74.15753,1.0,1.0,181.23754,4532.87465,5.17199,139.8106,154.5,3.88889,1.0,1.0,1.94444,1.24011,40.54366,APP.20_4
1529.55934,170.96575,105.84072,11.06074,6911.60523,81.83896,1.0,1.0,183.79309,4412.15243,4.37392,139.64393,167.44444,4.44444,1.0,1.0,1.94444,1.0,31.82144,APP.20_5
1618.39267,210.24353,113.28516,8.58592,7258.60523,3.29817,1.0,1.0,182.9042,4307.20798,6.16184,141.92171,192.16667,6.22222,1.0,1.0,4.77778,1.24011,31.32144,APP.20_6
1686.33711,179.13242,113.28516,8.44962,7500.10523,19.74262,1.0,1.0,184.79309,4170.81909,6.17199,134.58838,169.5,4.22222,1.32502,1.63582,2.88889,1.0,39.21033,APP.20_7
1554.83711,174.74353,97.6185,16.17185,6887.49412,35.52321,1.0,1.0,164.45976,4029.26354,2.63994,119.19949,159.16667,4.16667,1.32502,1.31791,1.0,1.0,28.32144,APP.20_8
1597.33711,172.9102,107.6185,10.67703,7245.71634,32.56118,1.0,1.0,177.23754,3971.48576,4.61643,144.42171,149.61111,3.94444,1.0,1.31791,1.94444,1.0,41.43255,APP.20_9
3029.69504,712.18797,337.58012,75.83302,16228.29855,556.23045,1.04724,1.0,246.75477,7801.43314,14.11111,162.77778,291.01724,10.52706,1.0,7.22222,5.01083,2.57117,167.89322,APP.21_0
2895.7506,444.46575,311.24679,91.75897,15467.57632,646.67489,1.0,1.0,230.53255,7350.04425,13.11111,155.94444,285.96168,7.74928,1.0,8.61111,2.59146,2.45694,166.33766,APP.21_1
2902.80616,455.57686,357.3579,76.42564,15508.07632,480.23045,1.02362,1.0,229.0881,7040.65536,13.77778,148.44444,278.85057,9.2663,1.10889,10.88889,1.0,2.57742,152.22655,APP.21_2
2704.97282,488.9102,282.02457,56.90707,14002.96521,490.80361,1.04724,1.0,227.53255,6804.37759,13.66667,152.5,275.1839,6.30033,1.0,7.22222,1.0,1.0,132.44877,APP.21_3
2527.52838,468.57686,263.3579,56.99977,12978.07632,111.62814,1.0,1.0,247.0881,6326.9887,10.88889,133.88889,302.96168,3.88991,1.10889,3.22222,1.53049,2.0618,96.94877,APP.21_4
2580.86171,543.35464,274.3579,66.53667,13991.63188,146.57258,1.0,1.0,228.19921,5943.9887,11.33333,131.77778,292.29501,7.61664,1.10889,2.77778,1.0,4.3552,103.00433,APP.21_5
2173.41727,287.07686,211.08012,15.1481,11003.3541,234.54343,1.0,1.0,165.42144,5576.59981,10.33333,122.94444,207.90612,3.89442,1.0,4.55556,2.06097,1.0,101.33766,APP.21_6
2218.80616,383.02131,235.30235,24.685,11533.74299,233.61933,1.0,1.62816,198.64366,5304.09981,10.11111,119.83333,249.23946,4.7788,1.21778,5.44444,2.59146,2.0618,74.05988,APP.21_7
2322.02838,380.96575,257.69124,31.20357,11526.90966,141.63694,1.0,1.62816,192.75477,5104.93314,10.66667,116.27778,260.57279,4.59512,1.94222,11.33333,2.06097,1.16979,73.67099,APP.21_8
2253.58393,361.79909,219.3579,18.31469,11401.8541,207.30361,1.0,1.0,176.31033,4952.71092,10.44444,103.55556,236.96168,5.15068,2.05111,8.11111,1.53049,1.16979,66.83766,APP.21_9
1896.46171,1057.33333,985.35858,383.70365,15208.52324,544.94503,2.8187,1.0,597.52457,14617.90481,34.29183,273.83333,431.76137,47.63817,1.0,17.16667,75.27448,11.6406,603.8612,APP.22_0
1745.07282,728.05556,801.30303,297.10443,14429.13435,976.16726,1.56406,1.64444,486.80235,11367.40481,36.73628,235.77778,362.48359,30.86039,1.0,8.11111,37.83003,5.22153,445.97231,APP.22_1
1774.90616,553.11111,541.63636,149.23542,12008.13435,824.05614,1.04784,1.64444,390.30235,8590.40481,30.40294,195.33333,314.53915,14.7663,1.0,5.88889,14.96003,6.08504,305.91675,APP.22_2
1718.23949,506.72222,348.02525,61.03568,9684.46768,871.50059,1.02392,2.81111,303.96901,7084.23814,17.51406,165.44444,295.09471,9.82185,1.0,4.55556,11.3128,2.54527,184.8612,APP.22_3
1715.68393,461.5,305.24747,81.33594,9254.35657,744.6487,1.0,2.81111,280.91346,6653.90481,13.62517,183.94444,261.92804,10.09963,1.0,4.55556,4.03557,1.85322,176.47231,APP.22_4
1684.90616,378.61111,182.91414,17.623,8012.30101,373.70416,1.0,1.0,254.74679,6202.90481,8.62517,168.16667,257.26137,6.2788,1.0,4.55556,2.51779,1.43415,124.80564,APP.22_5
1702.01727,456.55556,251.46969,11.92327,8240.52324,504.25982,1.04784,1.0,277.63568,5982.68258,14.51406,165.61111,250.92804,6.35588,1.0,4.55556,6.53612,1.76749,153.97231,APP.22_6
1584.40616,470.66667,288.35858,3.07804,8720.74546,555.59315,1.0,1.0,269.41346,5725.57147,15.18072,143.55556,231.48359,6.98852,1.0,5.88889,3.98001,1.07544,136.80564,APP.22_7
1631.29504,428.16667,166.02525,25.28967,7424.41212,620.48194,1.0,1.0,257.69124,5547.23814,7.98394,155.11111,257.31693,4.62915,1.0,3.66667,5.79501,1.01509,127.08342,APP.22_8
1559.12838,411.0,184.69192,7.23412,7420.80101,352.5746,1.0,1.0,248.08012,5274.57147,5.53949,153.77778,221.31693,4.74026,1.0,2.33333,1.25889,1.06035,115.80564,APP.22_9
1317.12985,857.07975,120.56468,619.12443,14161.85114,13.22222,1.0,1.0,1114.377,7091.05304,53.72754,404.86923,2420.77778,3.05333,2.66667,2.57787,8.66667,20.3452,39.01064,APP.3_0
1219.46318,893.57975,110.56468,456.73554,13685.85114,128.11111,1.0,1.0,1075.65477,6718.21971,53.50532,389.36923,2385.72222,2.71167,1.0,2.6168,6.66667,18.11424,38.45508,APP.3_1
1160.35207,740.96864,115.00913,397.17999,13316.29558,46.0,1.0,1.0,1028.93255,6414.16416,53.39421,341.86923,2149.27778,3.12945,1.0,3.2126,5.72222,22.28382,38.95508,APP.3_2
1195.6854,739.96864,115.78691,497.90221,13297.57336,60.44444,1.0,1.0,1048.59922,6120.33082,52.2831,359.75812,2295.16667,1.92167,1.0,4.56125,8.55556,21.44758,39.62175,APP.3_3
1107.79651,760.19086,102.12024,415.17999,11563.68447,25.38889,1.0,1.0,946.32144,5847.55304,49.50532,329.81367,1949.11111,1.50611,1.0,3.44313,5.72222,22.44758,31.95508,APP.3_4
1090.24096,734.91308,101.23135,427.95777,11285.79558,13.11111,1.0,1.0,902.65477,5663.83082,50.17199,311.48034,1907.72222,1.76945,1.0,4.38758,5.72222,23.50313,27.56619,APP.3_5
1106.12985,672.24641,90.89802,482.2911,11496.24003,89.11111,1.0,1.0,864.09922,5548.1086,47.39421,277.98034,1884.0,2.58833,1.0,2.2126,9.5,15.18727,36.73286,APP.3_6
1089.57429,689.57975,95.12024,513.23554,12205.29558,58.27778,1.0,1.0,986.71033,5433.1086,52.17199,314.14701,2060.16667,1.52056,1.0,3.38758,6.66667,21.34229,29.89953,APP.3_7
1186.46318,713.69086,100.12024,459.17999,11869.68447,37.66667,1.0,1.0,971.43255,5322.83082,51.06088,281.0359,2021.61111,1.395,1.0,5.90989,6.66667,20.39493,34.17731,APP.3_8
1265.07429,730.91308,104.34246,459.12443,12361.57336,9.11111,1.0,1.0,966.93255,5254.77527,55.17199,254.31367,2020.5,1.76945,1.77778,4.15705,6.66667,16.72827,39.39953,APP.3_9
1423.62517,838.65115,160.45567,730.98003,24383.12101,481.34507,1.11111,1.0,1449.95958,10453.62692,59.14778,1207.66557,3011.04644,4.72222,1.0,1.88889,3.38834,64.38171,41.56667,APP.4_0
1518.56961,863.09559,123.01123,695.09114,24055.62101,100.75117,1.0,1.41891,1487.73736,10012.62692,54.14778,1173.38779,3161.49089,2.27778,1.0,2.33333,1.12945,28.95927,27.73333,APP.4_1
1476.73628,887.15115,141.56678,712.98003,21982.28767,382.5759,1.0,1.0,1412.90402,9398.62692,51.70334,1119.27668,2797.04644,3.27778,1.0,3.66667,1.25889,36.98127,37.06667,APP.4_2
1276.68072,757.04004,105.12234,761.92448,22741.78767,221.26839,1.0,1.0,1528.73736,8852.84914,53.81445,1052.44334,2887.37978,4.05556,1.0,1.88889,2.25889,23.83661,27.06667,APP.4_3
1396.34739,808.31781,121.34456,646.09114,21656.06545,215.482,1.27778,1.0,1449.01513,8375.29359,57.59223,1072.33223,2933.65756,3.61111,1.0,3.22222,1.25889,23.04728,34.23333,APP.4_4
1355.4585,757.81781,105.12234,558.42448,18690.95434,277.73865,1.16667,1.41891,1396.12625,8076.01581,59.25889,920.72112,2637.87978,3.55556,1.0,3.22222,1.90612,17.04728,23.23333,APP.4_5
1167.01406,698.42893,93.23345,506.70225,16855.73212,274.65728,1.0,1.0,1205.84847,7808.51581,56.81445,758.94334,2326.15756,3.0,1.0,1.0,1.25889,13.12484,16.28889,APP.4_6
1193.40294,744.65115,99.01123,504.1467,17072.50989,284.8795,1.0,1.0,1246.23736,7551.46025,55.25889,827.4989,2483.602,3.61111,1.0,2.33333,1.64723,19.52528,18.06667,APP.4_7
1193.34739,754.92893,76.23345,697.75781,18345.78767,159.982,1.0,1.0,1264.73736,7357.18248,56.03667,920.61001,2476.21311,3.83333,1.0,1.0,1.51779,13.99173,17.43333,APP.4_8
1225.73628,743.81781,80.56678,620.31337,18579.84323,217.53756,1.05556,1.41891,1270.12625,7200.18248,51.81445,859.88779,2566.37978,2.72222,1.0,2.77778,1.25889,13.12484,17.73333,APP.4_9
1061.05556,788.88559,81.07919,555.32281,13699.49653,35.27778,1.0,1.0,1270.87148,8385.20281,50.81445,337.23624,2565.35419,1.0,1.0,1.75277,2.88889,45.40638,18.26798,APP.5_0
1154.83333,844.55226,74.52364,578.65615,14262.88542,35.44444,1.0,1.0,1256.31592,7839.0917,52.92556,307.18068,2605.74308,1.50611,1.0,2.19721,1.0,39.55678,19.94036,APP.5_1
1451.38889,937.27448,69.41253,490.7117,14601.6632,41.66667,1.0,1.0,1200.76037,7246.25837,48.25889,323.2918,2466.07641,1.13167,1.0,3.2583,1.0,16.09883,22.7737,APP.5_2
1356.22222,947.4967,78.85697,568.26726,14511.21875,41.66667,1.0,1.0,1216.48259,6863.20281,47.59223,320.34735,2220.85419,1.37444,1.0,6.98606,1.0,15.01074,20.32925,APP.5_3
1473.38889,916.10781,77.52364,490.65615,15680.6632,105.0,1.0,1.0,1226.53814,6595.75837,47.25889,340.90291,2210.57641,1.24278,1.0,2.50553,1.0,7.57581,16.44036,APP.5_4
1537.16667,919.10781,80.07919,513.82281,15028.71875,117.33333,1.0,1.0,1113.92703,6406.70281,46.25889,325.40291,2345.57641,1.26333,1.0,4.01107,1.0,6.28176,20.32925,APP.5_5
1156.61111,723.21892,67.1903,495.87837,12924.99653,142.11111,1.0,1.0,997.81592,6202.20281,39.37,288.56957,1770.29863,1.13167,1.0,2.50553,1.0,19.89963,11.38481,APP.5_6
1355.16667,803.9967,76.1903,333.65615,13412.38542,45.44444,1.0,1.0,880.14925,5887.48059,38.70334,291.2918,1828.85419,2.06778,1.0,3.83887,1.0,3.56906,9.93464,APP.5_7
1264.38889,976.88559,66.1903,382.54504,11960.55209,25.16667,1.0,1.0,939.53814,5687.92503,40.59223,289.62513,1877.29863,1.0,1.0,1.37638,1.0,6.95795,16.82925,APP.5_8
1228.5,778.88559,69.41253,377.48948,12248.82986,51.77778,1.0,1.0,894.92703,5588.42503,39.37,253.73624,1817.40974,1.52667,1.0,1.75277,1.0,3.02977,10.76798,APP.5_9
1253.63739,177.66667,190.1842,1.0,5084.13951,43.77172,1.0,1.0,24.21123,5788.41802,13.4715,92.89123,89.64098,7.27778,1.0,1.88889,1.0,3.6422,165.20908,APP.6_0
1343.97073,175.66667,210.07309,7.01905,5389.25062,21.5671,1.0,1.0,27.32234,5589.08468,14.58261,89.72456,112.41876,7.44444,1.0,2.33333,1.0,4.36442,149.32019,APP.6_1
1294.80406,174.55556,179.85087,1.0,5019.58396,17.45599,1.0,1.0,24.87789,5368.91802,13.36039,83.55789,97.75209,6.0,1.0,2.77778,1.0,2.63466,150.48686,APP.6_2
1185.41517,186.72222,179.29531,4.4635,4916.08396,26.50274,1.0,1.0,21.32234,5154.02913,12.02706,80.72456,95.80765,6.27778,1.0,4.55556,2.58261,1.38042,142.98686,APP.6_3
1154.91517,182.72222,172.1842,1.0,4677.47285,102.92078,1.0,1.0,16.989,5012.36246,5.2788,73.169,97.80765,6.27778,1.0,7.22222,2.58261,1.0,130.37575,APP.6_4
1135.41517,139.38889,178.73976,1.0,4336.36173,153.84762,1.0,1.0,19.21123,4833.75135,8.98852,84.33567,86.75209,5.27778,1.0,3.22222,1.79131,2.80886,128.82019,APP.6_5
1363.69295,154.55556,212.1842,1.0,5334.97285,77.84762,1.0,1.0,26.989,4682.08468,13.4715,73.89123,97.52987,6.38889,1.0,1.88889,1.0,1.52355,140.4313,APP.6_6
1218.30406,154.5,179.51753,1.0,4962.13951,44.18975,1.0,1.0,19.87789,4524.47357,11.02706,66.33567,97.02987,7.27778,1.0,5.44444,4.4715,2.67421,128.32019,APP.6_7
1122.08184,135.38889,165.1842,1.0,4304.75062,71.19582,1.0,1.0,17.989,4440.41802,9.32185,63.72456,90.3632,5.72222,1.0,3.22222,1.0,1.0,117.20908,APP.6_8
1200.02628,149.44444,171.96198,1.0,4931.08396,97.99668,1.0,1.0,19.32234,4372.36246,12.69373,74.94678,81.41876,5.16667,1.0,6.33333,2.73575,1.09511,127.9313,APP.6_9
4089.904,1445.54004,178.25687,977.18832,32925.77632,192.49668,1.0,1.0,1500.51513,7423.8417,56.8563,249.90291,2395.102,2.81667,1.0,43.66667,4.16523,16.44954,7065.27778,APP.7_0
4239.404,1382.2067,155.70132,804.41054,33841.38743,180.5583,1.0,1.0,1400.73736,6936.06393,53.96741,232.90291,2326.15756,3.44834,1.0,29.11111,1.79131,11.40466,4192.22222,APP.7_1
3715.73733,1260.98448,135.4791,737.35498,28711.99854,110.31847,1.0,1.0,1334.29291,6652.73059,52.30074,214.06957,1988.65756,5.93389,1.84444,52.05556,9.37248,6.07132,71.38889,APP.7_2
3675.23733,1309.42893,160.70132,672.85498,25572.05409,332.10779,1.0,1.0,1197.40402,6421.73059,43.52297,202.51402,1874.32422,2.64389,1.42222,56.33333,2.58261,11.56599,5099.0,APP.7_3
3360.95956,1135.59559,175.59021,618.63276,22774.05409,199.94993,1.07708,1.0,1072.45958,6206.78615,42.30074,218.01402,1646.102,2.98334,1.0,75.38889,4.52706,12.0131,2460.44444,APP.7_4
3839.95956,1080.81781,111.92354,651.9661,29081.83187,76.67215,1.0,1.0,1243.29291,5949.78615,47.74519,216.45846,1882.76867,2.38667,1.0,52.94444,1.0,4.57933,45.55556,APP.7_5
3547.84845,1176.92893,175.75687,693.57721,26777.16521,170.40317,1.0,1.0,1179.73736,5708.45281,41.52297,215.12513,1777.93533,2.56778,1.0,71.33333,6.26281,5.85177,1424.5,APP.7_6
3205.79289,959.81781,134.70132,631.35498,22287.66521,63.51428,1.03854,1.0,1009.12625,5430.45281,40.52297,195.73624,1601.65756,2.40722,1.0,49.83333,2.58261,9.54488,1442.55556,APP.7_7
3189.18178,1068.09559,132.59021,559.35498,23796.77632,73.37403,1.0,1.0,1086.23736,5189.3417,41.18963,188.01402,1545.71311,3.63556,1.42222,26.55556,1.79131,5.34376,45.5,APP.7_8
2834.51511,963.81781,153.4791,471.57721,17641.83187,195.06984,1.0,1.0,936.57069,5073.61948,38.41186,188.12513,1510.32422,3.69111,1.0,61.27778,3.37392,15.51043,1127.22222,APP.7_9
1118.85062,468.44444,80.51409,143.51435,8049.40206,147.40754,1.0,1.0,546.95948,4009.30697,39.18787,184.4989,1330.65026,2.27778,1.0,2.77778,1.51779,30.96512,22.45508,APP.8_0
1093.01729,439.11111,98.84742,52.14481,7249.29095,75.88899,1.0,1.0,528.84836,3416.6403,40.85454,198.83223,1102.81693,2.72222,1.0,2.77778,7.27723,28.42999,34.62175,APP.8_1
932.73951,348.27778,86.95853,53.60861,6398.40206,6.05565,1.0,1.0,455.01503,3107.1403,30.07676,177.55446,917.98359,1.72222,1.0,2.77778,1.0,16.71948,26.89953,APP.8_2
1015.57285,275.61111,104.18076,68.56512,6248.79095,37.46319,1.0,1.0,419.23725,2965.6403,34.63232,178.22112,791.53915,3.61111,1.0,1.0,4.46223,23.45341,35.12175,APP.8_3
1356.68396,347.55556,104.6252,49.36225,7482.23539,18.38899,1.0,1.0,449.57059,2792.58475,35.74343,204.88779,886.81693,4.22222,1.0,3.22222,6.77668,16.3423,37.78842,APP.8_4
1209.96173,311.11111,106.95853,56.16416,7188.90206,20.0742,1.0,1.0,410.62614,2687.80697,29.52121,188.88779,757.26137,3.77778,1.0,1.0,2.12945,13.45341,34.56619,APP.8_5
1029.18396,339.27778,109.29187,30.04827,6337.95761,8.11121,1.0,1.0,430.73725,2587.97363,30.85454,177.66557,865.92804,2.83333,1.0,2.33333,3.59168,18.10837,39.45508,APP.8_6
1033.35062,297.94444,120.95853,10.35747,5775.12428,2.68522,1.0,1.0,387.57059,2446.80697,36.52121,186.55446,711.98359,3.77778,1.0,4.11111,7.73946,27.88614,47.28842,APP.8_7
1072.90618,303.77778,122.40298,57.31148,5942.73539,12.22232,1.0,1.0,380.79281,2362.86252,43.4101,185.22112,745.98359,3.77778,1.0,2.33333,1.38834,5.46512,44.23286,APP.8_8
986.40618,300.0,99.06965,59.26321,5920.51317,31.66686,1.6507,1.0,388.40392,2299.58475,35.85454,155.22112,707.65026,2.88889,1.0,1.88889,1.12945,11.26332,26.31193,APP.8_9
1590.34241,852.52452,79.67353,488.80325,13326.56298,84.35837,1.0,1.0,1111.74781,6795.857,61.07852,367.44959,2211.7134,1.10855,5.16667,5.54593,1.0,135.16525,11.11111,APP.9_0
1599.39796,854.74674,83.22908,403.63659,12323.78521,82.30282,1.0,1.0,1032.69225,6307.96811,50.18963,324.5607,2130.82451,1.21711,7.66667,4.73622,1.0,122.83192,17.22222,APP.9_1
1636.12019,819.19118,85.78464,504.30325,12615.89632,197.84507,1.0,1.0,1006.1367,6014.30144,54.41186,329.39404,1885.26896,1.29853,2.66667,1.8084,1.0,99.55414,20.5,APP.9_2
1487.17574,734.41341,85.67353,246.52548,11210.45187,63.10172,1.0,1.0,855.19225,5625.91255,39.63408,286.78292,1699.99118,1.46903,2.66667,3.6168,1.0,74.83192,18.27778,APP.9_3
1604.06463,804.24674,92.22908,401.19214,12014.89632,38.86698,1.0,1.0,910.1367,5285.07922,43.74519,274.44959,1763.49118,1.08142,3.5,2.3084,1.0,85.66525,15.38889,APP.9_4
1636.62019,717.24674,87.78464,321.2477,11606.06298,54.8795,1.0,1.0,924.6367,5070.07922,38.8563,276.39404,1699.54674,1.0,2.66667,1.94313,2.88889,79.72081,15.16667,APP.9_5
1548.89796,724.35785,87.89575,329.13659,11149.67409,248.15336,1.0,1.0,834.52559,4865.52366,37.8563,289.17181,1560.10229,1.77522,2.66667,4.6168,1.0,53.99859,16.88889,APP.9_6
1464.2313,681.96896,85.89575,202.7477,10430.56298,198.71283,1.0,1.0,739.35892,4734.63477,43.30074,284.33848,1580.04674,1.60728,2.66667,3.38758,1.94444,57.27637,14.55556,APP.9_7
1393.7313,597.08007,80.67353,256.91437,9981.67409,219.26447,1.0,1.0,705.19225,4608.52366,39.8563,293.44959,1393.26896,1.05428,1.0,1.8084,1.0,52.55414,17.5,APP.9_8
1519.62019,621.41341,93.22908,231.13659,9394.78521,199.36228,1.0,1.0,713.47003,4493.30144,36.30074,259.0607,1342.15785,1.77522,2.66667,4.02231,1.0,71.1097,15.88889,APP.9_9
1272.26005,621.60503,1.0,259.98727,6937.31074,7.9912,1.0,1.0,356.98329,2622.18807,6.5397,40.11919,590.96551,1.27867,1.21778,2.88192,12.38889,2.39125,4.41535,APP_0A_0
1141.14894,602.43836,6.73423,267.76505,6007.75518,13.75137,1.0,1.0,362.26107,2370.68807,8.73216,40.34141,613.57662,1.50268,1.21778,2.57359,2.88889,2.39125,3.86395,APP_0A_1
1222.20449,773.04947,1.0,289.6705,6180.42185,4.29812,1.0,1.0,391.87218,2239.35473,8.87303,41.39696,693.29884,1.0,1.10889,1.37638,1.0,3.55792,1.21391,APP_0A_2
1351.59338,771.99391,1.0,298.74262,6841.92185,6.77172,1.0,1.0,473.64996,2103.35473,10.65081,41.53804,745.8544,1.6129,1.0,1.0,1.0,2.78014,1.10695,APP_0A_3
1190.98227,655.99391,1.0,244.45414,6071.08852,7.17821,1.0,1.0,376.92774,2024.74362,6.59922,37.89696,582.96551,2.1129,1.10889,1.82083,5.77778,2.83491,1.98753,APP_0A_4
1164.48227,699.32725,1.0,226.79818,5473.58852,2.64906,1.0,1.0,358.37218,1940.91029,8.63593,35.2303,619.90995,2.1129,1.32667,1.0,1.0,2.78014,1.0,APP_0A_5
1154.70449,742.8828,1.0,342.65394,5333.03296,2.64906,1.0,1.0,375.70551,1867.29918,6.13989,49.28585,621.02106,1.00179,1.10889,1.0,1.0,1.55595,1.87226,APP_0A_6
1108.53782,647.82725,1.0,227.89273,5671.64407,5.52915,1.0,1.0,344.81662,1804.46585,5.72521,38.93972,581.40995,1.0,1.0,1.0,1.0,2.83491,1.0,APP_0A_7
1157.26005,635.71614,3.86711,134.82646,5827.08852,2.64906,1.0,1.0,338.81662,1731.46585,6.34724,33.84141,579.96551,3.2258,1.21778,1.0,1.0,3.44839,1.0,APP_0A_8
1018.70449,629.54947,1.0,258.94828,5274.25518,40.47359,1.0,1.0,339.92774,1720.91029,4.82144,32.28585,660.24329,1.0,1.10889,1.0,1.0,1.33412,1.32918,APP_0A_9
224.98694,41.94811,37.47134,22.38756,1427.12206,1.0,1.0,1.0,68.97658,1130.91148,8.40237,2.89008,123.96512,1.63473,1.0,1.64906,1.63232,12.41085,11.26187,APP_0B_0
176.93139,60.73575,22.10731,1.0,1486.12206,1.0,1.0,1.0,36.42103,716.80037,6.59331,4.61151,139.27603,1.70626,1.65004,1.0,1.0,8.68863,8.69745,APP_0B_1
159.79086,34.2617,1.0,12.16533,1343.51591,1.0,1.0,1.0,27.34956,541.52133,3.49622,1.77857,48.98929,5.11877,1.32502,1.0,1.0,4.28674,4.16432,APP_0B_2
165.09806,68.46785,15.51345,1.0,1451.62206,1.0,1.0,1.0,33.30992,473.07689,5.74973,2.44604,90.4006,5.60313,1.0,1.0,1.63232,5.59454,5.77309,APP_0B_3
164.26472,25.20615,1.0,1.0,1350.17762,1.0,1.0,1.0,15.55196,345.12868,7.30852,2.83413,53.78949,7.66634,1.32502,1.0,1.31616,4.18415,7.49531,APP_0B_4
170.95753,120.07896,48.90234,15.25837,1475.23813,1.0,1.0,1.0,28.34956,298.34839,7.03775,2.44484,13.93822,2.72988,1.0,1.0,1.0,7.31676,8.78196,APP_0B_5
196.20917,62.57896,1.0,8.12919,1673.56651,1.0,1.0,1.0,32.97658,243.18549,7.16612,7.22381,38.60937,7.9521,1.0,1.0,1.0,4.66712,6.35525,APP_0B_6
134.40198,45.837,1.0,1.0,1113.84676,1.0,1.0,1.0,23.50031,174.62994,3.71844,5.72381,25.54484,3.90453,1.0,1.0,1.0,2.54302,4.55321,APP_0B_7
190.95753,43.30118,1.0,9.0723,1563.23317,1.0,1.0,1.0,26.83364,99.34588,3.40237,1.0,50.18286,5.91251,1.0,1.0,1.0,5.35081,3.73761,APP_0B_8
226.5425,33.97095,1.0,10.7403,1557.73317,1.0,1.0,1.0,30.64325,51.46452,2.28802,17.33652,63.00274,4.46807,1.65004,1.0,1.0,2.97895,2.81325,APP_0B_9
855.37746,795.45503,184.65786,304.33838,6795.68135,1.0,1.0,1.44395,574.59864,7299.24835,19.81632,265.91189,1103.14747,1.22749,1.0,1.44444,1.0,21.0,40.28789,APP_0C_0
880.59968,708.67725,200.43564,299.00504,6856.2369,69.25219,1.0,1.44395,519.93198,6380.97057,16.5941,270.63411,944.53636,1.00526,1.0,2.33333,1.0,16.72222,46.6711,APP_0C_1
947.48857,689.34392,147.88009,291.28282,6618.12579,6.72398,1.0,1.88791,517.48753,5804.08168,14.81632,276.91189,1001.14747,1.0,1.0,2.33333,4.83333,19.72222,25.25727,APP_0C_2
1106.98857,833.6217,125.54675,415.0606,7537.01468,91.64196,1.0,1.0,539.26531,5530.69279,12.26077,297.74522,903.64747,1.00789,1.0,2.77778,1.0,21.22222,16.06567,APP_0C_3
1017.04412,808.56614,143.76898,299.00504,7372.45913,25.22398,1.0,4.10767,525.59864,5184.85946,15.26077,226.13411,872.64747,1.0,1.0,1.44444,8.66667,22.11111,20.12122,APP_0C_4
1035.71079,791.34392,88.9912,314.07238,7327.29246,208.80862,1.0,2.33186,512.20975,4911.85946,14.92744,256.13411,955.59192,1.00526,1.0,1.44444,1.0,16.5,19.28789,APP_0C_5
1069.54412,771.06614,117.65786,283.50504,7228.62579,82.50263,1.0,2.33186,453.98753,4455.69279,17.26883,218.35633,795.03636,1.00263,1.0,1.88889,1.0,17.11111,16.01579,APP_0C_6
922.59968,611.56614,150.82453,285.84427,6091.7369,37.55731,1.0,2.33186,429.87642,4219.69279,14.48299,192.18967,823.53636,1.0,1.0,1.44444,1.0,9.27778,22.81283,APP_0C_7
1172.26635,774.06614,109.10231,396.94949,7283.7369,147.72661,1.0,3.66372,447.82086,3988.91501,16.49105,212.96744,812.70303,1.0,1.0,1.0,1.0,6.44444,7.73012,APP_0C_8
930.26635,656.06614,97.04675,296.1776,6031.90357,187.97617,1.0,3.66372,398.6542,3710.97057,15.04258,161.63411,752.98081,1.0,1.0,1.0,1.0,2.77778,11.14395,APP_0C_9
1214.77548,1689.32139,34.92201,205.91425,4046.31103,3656.80857,1.02392,1.90052,155.38784,2752.83411,5.80395,175.33165,438.6343,3.16667,1.0,1.0,6.48035,2.90251,10.74623,APP_0D_0
1162.05326,2070.26583,40.19979,249.08597,4021.42214,4965.91968,1.0,7.46772,160.61006,2495.83411,5.31049,179.72054,430.57874,2.44444,4.33333,3.68665,6.48576,7.32418,12.52401,APP_0D_1
1076.83103,1416.65472,15.90214,218.96477,3609.53326,4202.89946,1.09569,1.0,134.49895,2322.83411,4.11658,151.72054,370.18985,2.11111,2.66667,1.5191,5.59688,3.69668,10.18271,APP_0D_2
1133.55326,1344.6437,64.90214,147.48494,3958.03326,1776.49034,1.02392,2.80105,120.72117,2165.38967,3.13728,177.21754,331.41207,2.11111,3.5,2.204,2.59146,4.34695,12.24623,APP_0D_3
905.94214,1000.25481,3.67329,132.53545,3260.81103,1919.1872,1.0,4.23386,90.94339,1982.05633,3.14489,133.83165,268.35652,2.55556,1.83333,5.77954,5.48035,1.81417,7.58742,APP_0D_4
1064.88659,686.41046,32.95107,103.92434,3704.14437,1726.66697,1.09569,1.0,96.27673,1767.223,4.76255,129.16498,282.74541,1.66667,4.33333,2.90799,2.59146,3.2914,7.88113,APP_0D_5
855.55326,323.09963,1.0,110.82332,3083.25548,1424.97494,1.02392,1.0,61.38784,1688.44522,1.0414,107.83165,181.80096,1.33333,1.0,1.0,1.0,1.84695,4.88113,APP_0D_6
1034.9977,450.42171,1.0,121.59605,3592.9777,1142.92452,1.02392,1.0,78.49895,1531.223,1.70807,140.49831,222.02319,1.11111,1.0,2.40799,4.00542,2.46445,5.48428,APP_0D_7
899.94214,197.06634,1.0,91.75263,3161.4777,1003.63647,1.04784,1.0,79.38784,1463.223,2.88127,119.3872,185.85652,1.33333,1.0,1.0,2.06097,3.98084,3.8652,APP_0D_8
978.66437,327.04407,1.0,83.36879,3098.08881,514.44958,1.0,1.0,84.94339,1405.27856,3.05448,154.05387,195.80096,2.88889,2.66667,1.704,1.53049,2.20306,2.65881,APP_0D_9
1172.26236,367.30676,11.59226,255.17899,6310.96416,10.5371,1.0,1.0,91.30141,2927.80062,6.11333,115.66291,635.85991,1.13175,1.0,1.0,1.0,3.65753,2.0644,APP_10A_0
1211.81792,334.02899,11.14782,178.52796,6167.90861,291.29643,1.0,1.0,92.52364,2681.13396,6.79133,99.21846,611.63769,1.13175,1.0,1.0,16.26816,3.83912,39.18435,APP_10A_1
1140.0957,284.41788,8.81449,133.05224,5390.51972,229.09295,1.0,1.0,56.78258,2571.35618,1.30156,103.21846,541.97102,1.0,1.0,1.0,13.57852,4.80761,38.78662,APP_10A_2
1117.48458,288.47343,1.0,116.02097,5168.13083,10.16676,1.0,1.0,85.89465,2434.96729,4.31289,99.88513,596.7488,1.0,1.0,1.0,1.37259,5.25205,1.0,APP_10A_3
835.98458,186.85145,30.3879,68.09216,4234.85305,297.09276,1.0,1.0,31.96712,2330.0784,1.55778,91.86373,426.97102,6.59682,1.0,1.0,12.37927,4.72055,25.41542,APP_10A_4
1065.48458,249.08454,4.90724,143.38558,4950.13083,214.12986,1.0,1.0,51.44924,2235.96729,1.85711,107.82957,466.58213,1.13175,1.0,1.0,12.75186,3.6965,32.17551,APP_10A_5
991.87347,228.97343,8.70337,149.2901,4582.63083,333.35208,1.0,1.0,37.44828,2204.46729,3.94556,82.5518,474.02658,1.0,1.0,1.44444,21.64075,2.06301,39.5644,APP_10A_6
1141.92903,316.91788,1.0,125.94812,5680.24194,9.42609,1.0,1.0,69.78353,2120.35618,2.86844,115.71846,578.91546,1.13175,1.0,1.0,1.74519,1.14262,1.00884,APP_10A_7
972.04014,228.02899,7.81449,104.83002,4578.96416,280.27797,1.0,1.0,47.96808,2041.91173,2.53511,83.66291,473.30435,1.0,1.0,1.0,19.32371,4.33166,29.6288,APP_10A_8
657.15125,141.67391,28.44346,68.94978,3174.18638,23.24077,1.0,1.0,8.7797,2026.18951,3.53511,91.82957,415.47102,1.0,1.0,1.0,1.74519,6.98173,2.07324,APP_10A_9
847.52851,92.2158,37.50963,24.92124,4064.58013,6.80631,1.0,1.0,77.34959,1461.32361,4.25225,77.78113,62.21572,4.02362,1.65004,1.0,1.0,1.05588,1.0,APP_10B_0
899.9174,59.59854,25.06156,15.20675,3877.80236,49.12538,1.0,1.0,76.91917,1330.37916,2.98112,76.39225,25.1765,2.39807,1.32502,1.26947,1.0,1.11175,2.43397,APP_10B_1
584.03769,64.3579,21.16181,1.0,2058.39839,21.43544,1.0,1.0,40.97417,1199.26805,3.00557,75.72558,24.19611,1.15223,1.0,1.53893,1.0,1.05588,1.0,APP_10B_2
650.30629,135.11083,36.88403,30.03235,2917.41347,1.0,1.0,1.0,98.58584,1115.26805,2.12612,80.03297,47.17978,1.07612,1.32502,1.26947,1.0,1.0,2.03461,APP_10B_3
732.4174,83.16024,41.44321,1.99613,3009.69125,36.73649,1.0,1.0,75.91917,1068.26805,1.53668,82.22558,37.89872,1.52668,1.0,1.67367,1.0,1.0,1.65619,APP_10B_4
718.75073,118.41331,15.50963,1.0,3044.96902,121.86187,1.0,1.0,90.36361,1005.43472,2.59502,71.31074,55.57194,1.07612,1.65004,1.26947,1.0,1.0,1.0,APP_10B_5
655.25073,85.27135,25.60625,6.54395,2755.63569,37.87988,1.0,1.0,74.47473,952.93472,3.48391,69.47375,19.62094,1.54112,1.0,1.13473,1.37259,1.05588,1.0,APP_10B_6
597.47296,53.18495,47.84296,11.09177,2390.02458,283.96397,1.0,1.0,63.12736,894.93472,3.21836,84.81074,32.60133,1.41251,1.65004,1.13473,1.0,1.44476,4.48429,APP_10B_7
615.4174,101.7405,31.62074,17.19902,2474.91347,189.75976,1.0,1.0,71.47473,842.7125,3.03946,84.81074,36.92161,1.07612,1.0,1.13473,1.37259,1.11175,1.0,APP_10B_8
508.97296,83.70966,16.72461,1.99613,2235.69125,32.56081,1.0,1.0,79.36361,795.7125,3.11668,55.81074,60.01311,1.0,1.0,1.26947,1.37259,1.16763,1.0,APP_10B_9
1016.28685,295.35724,1.0,135.57022,4237.48936,4.35446,1.0,1.96168,157.40056,1011.25619,1.50794,1.5116,182.34829,1.0,1.0,1.0,1.0,1.0,1.94158,APP_11A_0
1141.06463,271.0239,1.0,134.71517,4554.43381,11.4953,1.0,1.96168,148.17834,885.47841,1.98412,1.0,201.12607,1.0,1.0,1.44444,1.0,1.12222,1.43162,APP_11A_1
944.34241,233.63501,1.0,95.85279,4063.54492,1.0,1.0,4.29501,144.17834,769.92285,2.03174,2.02321,206.73718,1.0,1.0,1.0,1.0,1.0,1.0,APP_11A_2
917.67574,237.74612,1.0,63.85759,3898.8227,3.70501,1.0,1.48084,151.62278,706.92285,1.87301,1.0,199.9594,1.0,1.0,1.0,1.0,1.12222,1.87606,APP_11A_3
1065.45352,218.5239,1.0,104.19825,4097.87825,1.97418,1.0,1.48084,127.40056,638.8673,1.46031,1.0,170.34829,1.0,1.0,1.0,1.0,1.0,1.73219,APP_11A_4
1114.34241,268.0239,1.81271,134.4374,4252.60048,1.97418,1.0,1.32056,141.7339,633.14507,1.39682,1.0,224.07051,1.11853,1.0,1.44444,1.0,1.75556,1.81054,APP_11A_5
832.56463,199.46835,4.36826,80.89143,3404.98936,3.70501,1.0,1.16028,117.51167,575.70063,2.07936,1.0,173.07051,1.0,1.0,1.0,1.0,1.75556,2.17663,APP_11A_6
1103.67574,256.91279,1.0,79.44219,5449.71159,2.2989,1.0,1.48084,134.7339,544.31174,2.5873,1.0,180.23718,1.0,1.0,1.0,1.0,1.36667,1.0,APP_11A_7
1067.62018,231.63501,1.0,68.00254,5457.65603,22.52973,1.0,1.48084,134.84501,519.46109,1.3492,1.0,128.74561,1.0,1.0,1.0,1.0,1.36667,1.73219,APP_11A_8
926.56463,245.69057,1.0,132.47603,4029.48936,1.97418,1.0,1.32056,120.95612,485.25978,2.26984,1.0,177.9594,1.0,1.83333,1.44444,1.0,1.36667,1.0,APP_11A_9
2332.7643,614.11697,45.80173,397.42688,11656.59427,39.80398,1.0,1.0,388.24592,3241.33718,17.47143,140.14547,518.28337,1.24278,1.0,2.63334,1.0,2.51274,12.92306,APP_11B_0
2174.20875,483.00586,41.10503,413.897,10545.31649,62.03772,1.0,1.0,304.46814,3005.44829,16.80476,82.25229,542.89448,1.52667,1.0,1.68667,1.0,7.30327,9.815,APP_11B_1
2211.09763,592.00586,31.32726,357.92266,11269.76093,44.87997,1.0,1.0,378.30148,2816.78163,17.47143,129.26088,600.72782,1.26333,1.0,1.08,1.0,8.49695,8.08667,APP_11B_2
2460.87541,629.17253,24.94288,474.81577,11643.03871,15.2631,1.0,1.0,417.13481,2659.44829,16.1381,156.92754,586.67226,1.61722,1.32502,1.16,1.0,3.27625,2.77167,APP_11B_3
2484.37541,540.33919,34.25521,485.14911,12120.26093,40.83909,1.0,1.0,357.80148,2543.78163,17.91588,120.8634,595.83893,1.90111,1.0,1.13334,1.0,1.0,1.66056,APP_11B_4
2393.93097,648.45031,18.50746,464.37133,11372.31649,12.11687,1.0,1.0,425.74592,2460.00385,21.36032,170.09421,625.33893,1.24278,1.0,1.10667,1.0,1.74924,1.6575,APP_11B_5
2310.54208,575.72808,31.35729,411.34144,12157.14982,97.24842,1.0,1.0,370.69037,2423.39274,20.02699,67.97236,510.56115,1.40944,1.32502,1.08,1.0,4.01274,4.26556,APP_11B_6
2383.7643,598.95031,20.8408,353.59355,12062.70538,186.36529,1.0,1.0,371.91259,2344.44829,16.36032,101.9211,534.0056,1.0,1.32502,1.10667,1.0,1.37462,1.0,APP_11B_7
2313.2643,584.78364,16.81076,415.59355,11853.64982,44.04088,1.0,1.0,394.57926,2323.28163,19.24921,154.75873,533.22782,1.0,1.32502,1.13334,1.0,1.74924,1.0,APP_11B_8
2553.43097,569.61697,29.98194,480.03799,14801.87204,106.36529,1.0,1.0,395.41259,2244.89274,19.02699,126.36769,535.28337,1.81889,1.0,1.13334,1.0,2.12386,1.43833,APP_11B_9
1480.98921,332.55999,86.21247,124.67232,5996.68296,4.47034,1.0,1.0,192.18985,2051.50197,8.4461,88.22283,362.17793,1.26333,1.83333,2.44313,2.11778,1.0,9.52811,APP_12A_0
1465.71143,289.28221,81.76803,107.49734,5801.40518,12.82579,1.0,1.0,174.63429,1836.39085,6.19225,97.22283,349.01126,1.26333,1.0,2.34733,1.37259,1.0,7.59438,APP_12A_1
1390.71143,226.55999,80.99025,67.06953,5749.90518,4.47034,1.0,1.0,170.07874,1737.00197,5.66832,90.38949,333.78904,1.395,1.0,4.87096,1.74519,1.0,10.86144,APP_12A_2
1403.3781,252.83776,95.21247,159.93346,6315.57185,10.90347,1.0,1.0,175.07874,1653.11308,6.66832,102.88949,342.67793,1.13167,1.0,7.16405,1.37259,1.0,13.98795,APP_12A_3
1382.76698,219.55999,96.10136,102.33067,5649.18296,19.1257,1.0,1.0,180.74541,1574.3353,7.33499,78.16727,333.12237,1.26333,1.0,7.2196,1.0,1.0,13.97256,APP_12A_4
1436.76698,218.55999,82.43469,122.04873,6131.46073,93.8997,1.0,1.0,174.96763,1469.61308,6.50936,95.83394,317.73348,1.37444,1.83333,10.70298,1.37259,1.0,13.00335,APP_12A_5
1301.10032,194.1711,80.10136,79.95841,5525.79407,25.7999,1.0,1.0,158.63429,1391.16863,4.12817,104.16727,281.40015,1.0,1.83333,6.64042,1.0,1.0,6.61446,APP_12A_6
1354.26698,193.1711,99.10136,80.05705,5570.07185,1.0,1.0,1.0,156.74541,1364.89085,4.87432,78.0006,277.06682,1.26333,1.0,4.37096,1.74519,1.0,14.82128,APP_12A_7
1389.60032,159.89332,87.65692,65.28343,5449.6274,2.41478,1.0,1.0,165.52318,1280.8353,4.62047,74.88949,251.34459,1.13167,2.66667,4.50569,1.37259,1.0,9.89692,APP_12A_8
1342.48921,186.28221,94.99025,92.10845,5407.18296,61.32956,1.0,1.0,167.96763,1223.16863,3.84269,75.11171,264.51126,1.26333,1.83333,8.86265,1.0,1.0,12.76573,APP_12A_9
1029.80463,658.63064,243.56608,93.96946,5318.51925,2138.63274,1.0,1.0,183.66652,2775.23539,17.8661,103.56867,315.83661,2.42574,1.65334,1.31791,6.23891,5.60803,35.63757,APP_12B_0
938.13796,724.35286,197.62163,145.88764,5540.74147,2286.74385,1.0,1.0,203.5554,2555.17983,15.53276,99.45756,402.78106,5.27721,1.21778,1.63582,11.99835,4.05248,29.74868,APP_12B_1
913.80463,488.96397,155.84385,88.45481,5209.4637,1678.24385,1.0,1.0,180.22207,2319.01316,13.97721,74.84645,309.28106,2.69416,1.10889,1.76236,6.27723,3.0382,25.24868,APP_12B_2
832.30463,429.35286,153.39941,119.63612,5172.07481,2148.63651,1.0,1.0,182.66652,2046.40205,11.19943,95.402,368.2255,1.0,1.10889,3.47844,1.0,1.87308,16.09172,APP_12B_3
873.41574,429.51953,129.95496,66.39193,4803.24147,2114.55506,1.0,1.0,162.77763,1878.62427,17.19943,66.29089,296.66995,2.24971,1.21778,3.35191,1.25889,3.33025,11.70283,APP_12B_4
728.5824,394.1862,120.06608,83.4139,4377.51925,1378.58849,1.0,1.0,144.22207,1752.67983,14.75499,74.29089,283.55884,1.5462,1.10889,1.63582,1.38834,1.77624,8.4299,APP_12B_5
803.52685,413.46397,127.2883,121.56163,4986.90814,1211.8884,1.0,1.0,160.66652,1626.79094,12.42165,63.27782,291.16995,10.33276,1.10889,1.63582,1.12945,2.06829,12.17784,APP_12B_6
853.63796,545.57508,114.06608,78.24723,4982.01925,1202.89217,1.0,1.0,167.77763,1532.67983,11.42165,79.17978,322.78106,1.31462,1.21778,2.58955,1.0,2.98419,9.96047,APP_12B_7
710.91574,394.13064,132.17719,51.1288,4012.13036,1263.24385,1.0,1.0,123.5554,1448.56872,11.31054,69.05559,216.7255,1.98129,1.10889,2.58955,1.12945,3.13658,13.4202,APP_12B_8
774.63796,360.90842,137.2883,78.35835,4470.13036,1366.1883,1.0,1.0,150.77763,1338.51316,13.97721,71.95756,309.50328,1.0,1.21778,1.31791,1.12945,2.55402,14.66741,APP_12B_9
336.26028,180.53721,1.0,47.42917,2568.73991,5.0,1.0,1.0,98.16095,1903.07484,1.0,80.39102,196.36749,1.0,1.0,1.0,1.0,1.0,1.0,APP_12C_0
441.31583,127.09277,1.0,37.90278,2753.79547,3.0,1.0,1.0,92.82762,1740.40818,1.0,65.55769,226.81194,1.85937,1.0,1.0,1.94444,1.01537,1.0,APP_12C_1
488.26028,143.14832,2.15683,77.67778,2772.85102,35.61111,1.0,1.0,107.16095,1661.85262,1.0,75.27991,249.9786,2.33784,1.0,1.0,1.0,1.0,1.0,APP_12C_2
420.03806,194.70388,3.31366,71.30833,2679.51769,5.0,1.0,1.0,94.49428,1583.46373,1.0,72.44658,193.31194,1.76527,1.0,1.0,2.88889,1.01537,1.0,APP_12C_3
424.26028,174.4261,1.98033,70.7625,2653.01769,1.0,1.0,1.0,95.04984,1551.74151,1.0,43.49893,190.14527,1.74375,1.0,1.0,1.0,1.0,1.0,APP_12C_4
503.14917,143.20388,1.0,84.14167,2797.01769,91.16667,1.0,1.0,110.49428,1483.46373,1.0,58.44658,208.92305,2.06007,1.0,1.0,1.0,1.0461,1.0,APP_12C_5
249.94741,91.41166,1.0,100.07639,1584.29547,1.0,1.0,1.0,42.82762,1415.40818,1.0,38.89102,139.86749,1.0941,1.0,1.0,2.88889,1.0,1.0,APP_12C_6
460.37139,173.53721,1.0,106.6125,2733.01769,1.0,1.0,1.0,107.16095,1378.90818,1.0,68.83547,230.64527,2.44895,1.0,1.0,1.0,1.01537,1.0,APP_12C_7
438.50296,150.22444,3.02605,83.59583,2713.79547,107.55556,1.0,1.0,83.49428,1336.68596,1.0,44.50213,142.70082,1.83784,1.0,1.0,1.94444,1.01537,1.0,APP_12C_8
407.14917,148.09277,15.29399,113.13195,2571.51769,56.16667,1.0,1.0,84.93873,1283.90818,1.0,64.33547,154.14527,1.37638,1.0,1.0,1.0,1.0,1.0,APP_12C_9
1077.35058,465.51237,1.0,234.83942,7386.58371,1.0,1.0,2.12196,301.45196,2549.63697,3.23419,130.48567,599.06523,1.0,1.0,1.0,1.0,4.33104,1.8293,APP_13A_0
1027.79503,381.79015,1.0,150.58498,6277.9726,1.0,1.0,1.48084,256.06307,2376.63697,3.82114,108.48567,506.89857,1.0941,1.77778,1.0,1.0,7.66421,3.9879,APP_13A_1
1004.68392,393.79015,1.0,102.69026,6256.52816,1.0,1.0,1.48084,253.3964,2213.9703,4.13753,99.319,571.06523,1.0,1.77778,1.0,1.12945,6.72075,1.32527,APP_13A_2
968.73947,354.62348,1.0,144.50609,6195.13927,1.0,1.0,1.32056,239.61862,2130.19252,3.91531,108.319,563.56523,1.0,1.0,1.0,1.12945,4.33104,1.76971,APP_13A_3
1065.62836,368.67904,1.0,158.90081,6376.86149,67.32482,1.0,1.32056,256.50751,2062.24808,6.75587,127.09678,545.84301,1.0,1.0,1.0,3.38834,4.27598,2.21819,APP_13A_4
973.85058,327.23459,1.0,117.73415,6038.63927,1.0,1.0,1.64112,235.84085,1957.19252,4.32837,127.54123,462.39857,1.0,1.0,1.0,1.25889,2.77614,1.68839,APP_13A_5
972.96169,337.3457,1.0,190.95054,6013.13927,18.8013,1.0,1.8014,230.3964,1883.85919,5.29697,122.43012,459.89857,1.0,1.0,1.31791,1.12945,1.55474,1.24395,APP_13A_6
968.85058,374.56793,1.0,152.33942,5344.4726,1.0,1.0,1.8014,246.84085,1836.74808,5.71003,100.65234,500.95412,1.0,1.0,1.63582,1.0,1.99902,2.05152,APP_13A_7
949.68392,291.01237,1.0,144.85109,5261.13927,61.15815,1.0,1.64112,192.50751,1779.41475,4.36224,110.819,418.39857,1.0,1.0,1.0,1.12945,1.44379,1.8293,APP_13A_8
977.96169,341.45682,1.0,144.56165,5993.52816,1.0,1.0,1.64112,239.17418,1779.24808,5.55059,108.59678,495.95412,1.0,1.0,1.0,1.0,1.44379,1.0,APP_13A_9
1.0,110.20418,37.45914,1.0,1095.59951,198.48889,1.0,1.0,76.70999,2066.49833,3.8749,69.55121,229.13534,5.64593,1.0,6.0,1.0,6.56521,8.21431,APP_13B_0
1.0,76.07608,22.93113,5.18644,980.19956,140.87778,1.0,1.0,69.48777,1730.83166,4.21716,80.10677,185.74645,1.0,1.10889,2.77778,1.0,3.46991,5.32543,APP_13B_1
1.0,74.73709,14.62535,5.64878,870.4884,120.6,1.0,1.0,69.48777,1563.165,4.66161,87.99566,204.85757,1.0,1.0,1.38889,1.0,3.52547,5.22282,APP_13B_2
1.0,55.85386,25.03536,12.39077,1000.9884,162.66667,1.0,1.0,73.26555,1463.665,2.89277,86.66232,186.02423,4.54519,1.0,1.0,1.0,2.16513,8.05615,APP_13B_3
1.0,93.62032,6.82002,1.0,1225.54395,22.04444,1.0,1.0,74.8211,1374.27611,7.53263,72.9401,180.96868,1.40668,1.10889,1.77778,1.0,2.65085,5.47904,APP_13B_4
1.0,67.96497,63.47291,1.0,1347.4884,305.86667,1.0,1.0,75.8211,1258.88722,4.56837,70.77343,212.30201,1.22594,1.0,3.72222,1.0,3.37308,5.0346,APP_13B_5
1.0,60.85952,37.7989,12.39077,1089.26618,50.57778,1.0,1.0,68.48777,1174.99833,4.9592,64.88454,181.02423,1.13556,1.0,2.16667,1.0,1.19367,1.20522,APP_13B_6
1.0,61.53751,5.65289,14.48399,953.65507,30.02222,1.0,1.0,80.70999,1117.49833,2.24397,100.82899,176.30201,1.3126,1.0,1.77778,1.0,2.06829,4.59015,APP_13B_7
1.0,84.02053,41.16024,22.20621,877.4884,24.62222,1.0,1.0,67.04332,1064.99833,4.11499,69.99566,195.74645,1.53853,1.0,1.77778,1.0,2.84607,5.78687,APP_13B_8
1.0,56.02619,11.28513,3.09322,901.43284,22.56667,1.0,1.0,79.04332,1022.60944,4.13286,67.10677,152.80201,2.42371,1.0,1.77778,1.0,3.33179,2.72677,APP_13B_9
1292.81703,71.95464,115.43814,63.20776,7373.05871,45.77778,1.0,1.0,104.15271,3921.88039,1.0,188.84983,252.29952,6.63556,1.43556,1.94313,1.0,1.0,19.85294,APP_15A_0
1162.76147,102.28861,83.88258,48.35693,5724.61426,49.94444,1.0,1.0,63.26382,2563.4915,1.0,83.90538,125.13286,6.07389,1.0,1.4042,1.0,1.0,8.54325,APP_15A_1
1257.87258,111.23306,111.21592,52.16971,5713.50315,23.27778,1.0,1.0,40.93048,2222.60262,1.0,48.97545,84.65325,2.06167,1.0,2.61811,1.0,1.43645,7.67493,APP_15A_2
1221.98369,111.1775,79.88258,19.76027,5157.9476,43.77778,1.0,1.0,23.59715,2112.54706,1.0,48.90538,65.98659,3.72,1.0,2.84864,1.0,1.0,7.09881,APP_15A_3
1270.5948,97.01147,102.1048,42.29249,5563.16982,29.55556,1.0,1.0,38.70826,2012.71373,1.0,49.64212,90.35508,4.85167,1.0,2.17367,1.94444,1.0,8.98462,APP_15A_4
1168.70592,110.1775,92.54925,17.96499,5273.05871,19.11111,1.0,1.0,32.35796,1923.60262,1.0,45.37886,73.54214,1.74889,1.0,3.15705,1.0,1.21822,3.78296,APP_15A_5
1146.53925,72.84289,85.1048,43.34221,5083.39204,15.22222,1.0,1.0,29.48604,1855.21373,1.0,46.10108,50.40151,1.52667,1.0,2.48338,1.0,1.0,8.1163,APP_15A_6
1158.0948,73.89972,83.66036,25.68722,4932.89204,13.22222,1.0,1.0,19.68281,1797.65817,1.0,46.78226,40.12373,1.91556,1.0,1.4042,2.88889,1.43645,6.52576,APP_15A_7
1019.31703,83.95464,73.95736,16.80416,4628.89204,23.5,1.0,1.0,18.91352,1750.60262,1.0,44.30879,55.65325,3.34556,1.0,1.67367,1.0,1.0,3.36217,APP_15A_8
1233.92814,98.12131,78.77147,39.98554,5474.50315,46.05556,1.0,1.0,31.93048,1692.82484,1.0,37.00449,50.22921,5.50389,1.0,2.84733,2.88889,1.0,5.74798,APP_15A_9
769.55811,43.01205,1.0,1.0,2770.78908,2.04025,1.0,1.0,35.88818,1181.13697,3.42606,28.54171,66.89427,1.0,1.0,3.90693,1.0,1.0,7.86765,APP_15B_0
778.947,30.01205,1.0,1.0,2519.0113,18.48469,1.0,1.0,31.33263,1049.80363,4.37337,33.20838,58.7276,1.0,1.0,1.0,1.0,1.0,6.76226,APP_15B_1
824.50255,31.27791,1.0,1.0,2728.95575,67.34777,1.0,1.0,35.33263,976.63697,4.48448,27.64819,53.39427,1.0,1.0,2.50553,1.0,1.0,7.03432,APP_15B_2
645.61366,41.18661,1.0,1.0,2222.40019,144.74716,1.0,1.0,36.99929,929.41475,3.41463,30.76393,83.17205,2.52718,1.0,1.0,1.0,1.0,7.03432,APP_15B_3
780.447,38.06761,1.0,1.0,3215.67797,27.74716,1.0,1.0,34.1104,861.4703,4.9232,25.76393,64.17205,1.0,1.0,1.75277,1.0,1.0,6.92034,APP_15B_4
756.16922,22.87309,24.74163,1.0,2328.56686,18.48469,1.0,1.0,33.33263,835.19252,4.58987,16.90051,44.7736,1.0,1.0,1.37638,1.0,1.0,9.26226,APP_15B_5
639.28033,30.0755,1.0,1.63412,2382.5113,15.41382,1.0,1.0,22.44374,772.24808,2.64257,19.66901,32.43071,1.0,1.0,1.0,1.0,1.0,9.26226,APP_15B_6
754.33589,41.33347,1.0,1.0,2385.73352,6.15136,1.0,1.0,34.66596,740.58141,3.03432,14.92597,30.15293,1.0,1.0,1.0,1.0,1.0,7.92892,APP_15B_7
615.28033,29.27791,1.0,1.0,2171.90019,2.04025,1.0,1.0,37.33263,724.91475,2.69526,29.59727,57.28316,1.0,1.0,1.0,1.0,1.0,7.30923,APP_15B_8
658.55811,33.54378,1.0,1.0,2561.17797,1.0,1.0,1.0,27.33263,688.24808,3.87051,17.73384,49.83872,1.0,1.0,1.0,1.0,1.0,7.47304,APP_15B_9
960.27607,221.09663,19.73944,35.74821,4626.81195,31.02035,1.0,1.0,112.3506,1436.21907,3.05946,88.13321,303.81624,1.15023,1.0,1.05333,1.37259,1.0,1.0,APP_15C_0
935.6094,203.04108,32.6651,49.00081,4533.14528,18.69856,1.0,1.0,125.3506,1278.5524,2.81287,82.57765,247.81624,1.25038,1.0,1.24001,1.0,1.0,1.44632,APP_15C_1
741.27607,182.92997,4.88811,18.73782,3541.08973,2.64906,1.0,1.0,83.46171,1168.77462,3.11647,57.46654,210.64958,1.0,1.0,1.60667,1.0,1.0,1.1494,APP_15C_2
837.88718,170.65219,24.07277,29.07115,4175.08973,19.52309,1.0,1.0,102.3506,1084.83018,3.4308,76.91098,223.8718,1.25038,1.0,1.13334,1.0,1.09684,1.3735,APP_15C_3
826.38718,183.98552,13.85055,38.98522,3835.53417,47.40923,1.0,1.0,99.3506,1032.38573,2.58528,79.68876,223.03847,1.2003,1.0,1.10667,1.0,1.19367,1.37162,APP_15C_4
854.05385,198.81885,20.99843,25.72303,4244.53417,10.0583,1.0,1.0,120.23949,974.71907,3.12184,80.57765,217.92735,1.10015,1.0,1.10667,1.0,1.0,1.0,APP_15C_5
748.16496,159.59663,19.73944,7.31335,3707.92306,57.28052,1.0,1.0,101.12838,917.10796,1.86988,62.13321,215.53847,1.05008,1.0,1.05333,1.0,1.0,1.0747,APP_15C_6
718.44274,142.37441,25.98005,40.60672,3494.36751,98.80967,1.0,1.0,93.01727,875.27462,2.81287,72.41098,187.59402,1.10015,1.0,2.07778,1.37259,1.0,1.74324,APP_15C_7
987.88718,201.15219,33.55399,25.73262,4453.70084,3.47359,1.0,1.0,108.57282,823.10796,3.98636,87.35543,240.8718,1.10015,1.0,1.08,1.0,1.0,1.0,APP_15C_8
785.49829,214.2633,22.96166,5.06595,3903.97862,62.62265,1.0,1.0,100.12838,744.21907,3.6964,64.57765,210.09402,1.0,1.0,1.05333,1.37259,1.0,1.0747,APP_15C_9
1210.79931,86.69278,79.21274,1.0,4440.06789,16.42504,1.0,1.0,16.99003,3328.90796,1.12131,68.16418,46.84132,1.0,1.0,1.0,1.37259,1.0,15.34246,APP_15D_0
1157.41042,61.69278,101.54607,1.0,4096.12344,16.42504,1.0,1.0,18.10114,3182.2413,1.18196,67.38641,49.17466,1.0,1.0,1.19104,1.37259,1.0,10.32242,APP_15D_1
1240.6882,104.67899,106.21274,3.80956,4416.84566,10.76807,1.0,1.0,21.21226,3014.2413,1.28288,69.49752,52.6191,1.0,1.0,1.0,1.37259,1.0,12.56468,APP_15D_2
1226.85487,56.52612,93.87941,1.0,4395.95677,8.71252,1.0,1.0,21.76781,2825.51908,3.68706,52.33085,60.28577,1.0,1.0,1.0,1.0,1.0,8.32242,APP_15D_3
1389.07709,85.69278,108.21274,3.80956,4482.45677,10.76807,1.0,1.54236,16.36206,2704.40796,2.263,67.49752,53.28577,1.0,1.0,1.38208,1.0,1.0,8.56468,APP_15D_4
1095.52154,79.80426,83.54607,1.0,4024.45677,1.0,1.0,1.0,15.59719,2594.79685,3.34353,44.60863,38.30251,1.0,1.0,1.0,1.0,1.0,9.89802,APP_15D_5
996.57709,77.22074,76.32385,1.0,3658.90122,1.0,1.0,1.0,18.23805,2379.79685,3.02039,35.94196,30.89421,1.0,1.0,1.0,1.0,1.0,10.12024,APP_15D_6
907.1882,49.40195,66.43496,1.3969,3362.56789,4.0917,1.0,1.0,13.02873,2227.7413,1.06065,35.27529,24.97051,1.0,1.0,1.0,1.0,1.2907,6.23135,APP_15D_7
1097.24376,93.44297,106.10163,1.0,4001.29011,1.0,1.0,1.0,18.6567,2054.85241,4.31346,42.38641,35.11777,1.0,1.0,1.0,1.0,1.0,9.42685,APP_15D_8
890.46598,37.94334,57.43496,1.0,3087.34566,1.0,1.0,1.0,12.58429,1923.85241,3.24261,15.38428,26.67332,1.0,1.0,1.0,1.37259,1.0,5.78023,APP_15D_9
1037.82064,261.31118,27.71822,144.68656,5793.8047,5.32864,1.0,1.48084,11.43697,2230.9602,2.63845,7.4945,59.68379,1.0,1.0,2.68667,1.0,8.12606,2.2048,APP_16A_0
1340.65397,481.96899,15.1673,270.55762,7720.74914,32.37559,1.0,1.96168,14.47152,1858.51576,3.95969,6.38339,76.12824,1.0,1.0,1.05333,1.0,3.6398,1.58955,APP_16A_1
1738.87619,705.85345,13.83397,262.82785,9482.91581,11.6025,1.0,1.8014,29.18424,1627.9602,3.7294,3.82225,123.04277,1.0,1.0,1.63334,1.37259,3.45879,1.98258,APP_16A_2
1492.26508,515.02011,18.64217,347.73183,8424.19359,34.86307,1.0,1.32056,16.85091,1449.51576,4.50315,3.83891,82.59975,1.0,1.0,1.0,1.0,1.95879,1.19652,APP_16A_3
1295.18245,435.46899,14.54627,296.43897,7945.6906,31.40141,1.0,1.64112,9.49455,1380.34513,6.72537,4.9945,88.6553,1.0,1.0,2.15778,1.37259,6.3895,2.99129,APP_16A_4
1391.93175,457.07124,32.27377,316.94651,7667.63803,1.0,1.0,1.32056,15.13818,1297.62687,2.8647,2.41113,82.43308,1.0,1.65004,1.16,1.74519,6.25091,2.94402,APP_16A_5
1261.26508,342.46899,24.76849,283.34295,7364.24914,5.32864,1.0,1.48084,11.91596,1192.68242,3.0708,10.79451,59.04561,1.0,1.32502,2.13334,1.0,11.52869,1.49129,APP_16A_6
1104.3776,354.96677,19.53106,260.10563,6714.96837,2.94836,1.0,1.16028,11.36041,1154.78957,4.84858,5.37781,39.15672,1.0,1.32502,2.52223,1.0,9.72283,5.26036,APP_16A_7
1058.65397,186.64452,38.27377,144.56791,5602.58248,11.4953,1.0,1.64112,7.5596,1067.18242,1.87276,5.01116,48.51854,1.0,1.0,1.16,1.0,23.47374,1.58955,APP_16A_8
1099.09841,324.74455,20.86439,231.98698,6216.02692,2.94836,1.0,1.32056,11.47152,982.9602,6.95969,5.98892,40.96441,1.0,1.65004,1.0,1.0,1.3196,2.92288,APP_16A_9
1098.52895,170.33107,145.61197,3.03389,3749.89347,13.64826,1.0,1.0,25.09057,1424.53794,6.56313,18.37497,71.40865,4.84686,1.0,2.46491,3.83333,6.99803,9.436,APP_16B_0
1008.19562,136.05329,88.72308,1.0,3440.72681,38.62984,1.0,1.0,32.20168,1277.81571,4.04361,19.69044,66.74198,5.0861,1.0,1.57602,4.77778,12.83071,5.95142,APP_16B_1
1001.80673,159.27551,121.94531,14.76833,3534.22681,38.25937,1.0,1.0,28.86834,1224.98238,4.93249,13.04164,61.4867,2.0861,1.0,1.73245,7.72222,6.66437,13.34264,APP_16B_2
1026.4734,203.80995,115.09953,5.58944,3649.89347,566.57429,1.0,1.0,21.16692,1151.81571,4.33636,5.84424,69.51976,8.16318,1.0,1.86403,5.83333,5.66503,6.24462,APP_16B_3
1008.36229,144.68162,75.61197,5.06778,3531.22681,102.5618,1.0,1.0,25.97946,1136.14905,2.04057,29.19937,76.03101,5.79131,1.0,1.86403,2.88889,6.33186,5.26701,APP_16B_4
1105.9734,193.75439,85.65509,9.13556,3847.06014,65.76561,1.0,1.0,25.05581,1062.98238,4.96852,17.60612,70.96421,1.85937,1.0,1.86403,3.88889,4.60947,6.7292,APP_16B_5
1084.02895,198.69884,92.3002,1.0,3696.56014,94.33958,1.0,1.0,29.16692,1026.03794,4.1532,32.2351,77.53101,6.76978,1.0,1.86403,7.72222,6.49754,5.06253,APP_16B_6
957.69562,142.14328,59.61197,1.0,3230.94903,53.17291,1.0,1.0,28.57661,952.81571,1.78081,18.90176,77.01976,10.01353,1.0,1.28801,1.0,3.83186,4.63351,APP_16B_7
1229.19562,240.19884,126.27864,26.55833,4521.50459,161.74096,1.0,1.0,44.50026,952.37127,5.04209,26.32835,77.13087,7.1802,1.32502,1.57602,3.88889,5.66486,4.65357,APP_16B_8
957.52895,152.10884,77.54398,3.03389,3057.39347,276.01249,1.0,1.0,18.89257,947.2046,4.18923,13.84621,58.16462,4.12013,1.0,1.0,4.88889,7.10947,6.08028,APP_16B_9
882.21452,240.09694,92.82684,24.29807,3457.70918,1.0,1.0,1.0,9.064,5495.05323,10.3696,12.92175,132.72217,1.07142,1.0,8.7126,16.27778,1.83333,33.11132,APP_16C_0
879.71452,274.43027,94.71573,1.0,3354.32029,146.00495,1.0,1.0,2.35265,4367.2199,9.47164,11.77565,142.77773,1.84122,1.0,2.67367,11.61111,1.55556,30.77799,APP_16C_1
890.32563,225.70805,120.71573,1.0,3521.9314,90.50495,1.0,1.0,6.01932,3779.83101,7.05724,19.39704,155.77773,3.08329,1.0,7.62511,25.94444,3.22222,49.55577,APP_16C_2
925.15896,210.70805,99.27129,16.5438,3298.98696,201.50495,1.0,1.0,5.49879,3313.05323,11.87413,9.25508,102.05551,2.76582,1.0,2.26947,26.11111,2.38889,36.66688,APP_16C_3
788.71452,232.88246,113.66017,1.0,3046.70918,1.0,1.0,1.0,4.01932,2730.7199,9.72391,10.44645,108.72217,1.03571,1.0,1.67367,7.77778,1.83333,20.33355,APP_16C_4
747.32563,141.09694,127.3824,3.60523,2276.70918,1.0,1.0,1.0,3.04468,2327.10879,11.47164,9.66867,79.72217,2.41264,1.0,3.92651,30.0,1.27778,53.77799,APP_16C_5
821.32563,151.09694,105.16017,8.8157,3023.32029,1.0,1.0,1.0,5.96859,2012.38657,7.64284,15.69952,66.88884,2.51187,1.65004,2.34733,7.66667,1.27778,21.50021,APP_16C_6
878.32563,163.71192,89.3824,1.0,2719.48696,1.0,1.0,1.0,3.33695,1791.99768,6.60373,23.72009,100.66662,1.20237,1.0,4.46545,9.5,2.66667,29.61132,APP_16C_7
394.28945,81.62405,56.27129,13.97649,1361.64418,27.25248,1.0,1.0,2.56522,1467.2199,5.35147,11.50614,48.53082,5.8095,1.0,2.17367,12.5,1.0,25.50021,APP_16C_8
528.97549,89.50132,74.38584,19.0876,1900.03307,41.64136,1.0,1.0,2.4541,1152.7199,5.74489,9.63782,72.91971,4.60712,1.0,3.17367,9.61111,1.0,17.16688,APP_16C_9
1963.16683,311.26159,16.96622,140.72866,7998.08958,69.38413,1.0,1.0,150.87191,988.99355,2.22691,34.89039,179.89907,1.15023,1.0,1.0,1.0,1.0,1.61525,APP_1A_0
2123.50016,290.68931,5.76089,135.57179,7248.81181,32.68731,1.0,1.0,166.03857,868.71577,2.78871,28.33484,154.01019,1.2003,1.0,1.0,2.49038,1.7713,2.77321,APP_1A_1
1877.66683,302.26159,19.69244,222.92471,7114.31181,158.32382,1.0,1.0,150.31635,774.04911,2.12204,15.40391,190.73241,2.26134,1.0,3.22027,2.49038,1.7713,3.81177,APP_1A_2
1447.3335,212.3727,6.13689,148.35936,5955.36736,7.46984,1.0,1.0,138.42746,716.438,1.12048,23.08459,154.12888,3.96712,1.0,1.0,2.11778,2.82685,2.25621,APP_1A_3
1398.22238,160.69767,8.16266,41.01301,4928.64514,1.0,1.0,1.0,86.64968,700.71577,1.23159,11.4034,91.36875,2.75586,1.0,1.22125,1.0,1.7713,4.70066,APP_1A_4
1323.55572,166.80879,2.20533,71.69927,5194.25625,1.0,1.0,1.0,106.09413,655.75625,2.33958,11.43143,90.05058,1.10015,1.0,1.22125,2.49038,2.10787,5.95687,APP_1A_5
2176.55572,276.98381,49.02177,92.52281,7620.47847,250.76826,1.0,1.0,116.09413,622.27133,3.23003,20.52903,143.10613,4.65098,1.0,2.33139,4.23557,2.10463,2.89717,APP_1A_6
2233.55572,255.53101,15.1031,84.47705,7840.2007,67.93493,1.0,2.55792,148.53952,582.53403,2.79183,26.18168,172.34352,2.2449,1.0,1.0,2.49038,3.26482,1.73922,APP_1A_7
1652.8335,221.0782,20.8551,102.64372,6229.58958,1.0,1.0,1.0,151.31635,528.16022,2.00937,20.51502,100.23241,2.18934,1.0,1.0,1.74519,1.0,3.09369,APP_1A_8
2110.55572,320.19767,29.52177,79.15351,7968.75625,22.76826,1.0,1.0,136.09413,511.99355,1.33958,34.45996,153.07332,3.01171,1.0,1.0,3.11778,1.0,2.6024,APP_1A_9
1088.23726,274.38722,23.07548,135.51559,5597.48521,46.46484,1.0,1.0,126.12445,1736.56097,8.44065,107.58165,430.41914,3.06952,1.0,1.18667,1.0,2.51274,1.0,APP_2A_0
1100.01504,289.665,19.04217,166.06848,5884.15188,63.33896,1.0,1.0,140.23556,1600.3943,9.21843,94.6372,491.03025,1.5167,1.0,1.02667,1.94444,1.74924,1.0,APP_2A_1
1106.07059,279.55389,35.46216,120.96803,5161.92965,40.54079,1.0,1.0,145.90222,1510.94986,10.2063,116.58165,421.47469,3.70006,1.65004,1.05333,1.0,1.0,1.22451,APP_2A_2
984.01504,253.33167,18.15771,130.29337,4790.04076,18.83615,1.0,1.0,119.90222,1437.83875,10.41638,112.6372,432.0858,8.10564,1.0,1.0,4.77778,1.0,1.0,APP_2A_3
1024.07059,299.77611,21.5155,155.7907,5397.20743,7.40928,1.0,1.0,121.56889,1379.94986,12.99621,124.91498,433.03025,8.79174,1.0,1.10667,2.88889,3.26198,1.0,APP_2A_4
1011.6817,288.55389,18.43327,165.8436,4961.65188,54.92968,1.0,2.28889,121.01333,1321.94986,11.08305,101.47054,449.03025,1.66393,1.32502,1.02667,1.0,1.0,1.44902,APP_2A_5
1088.51504,347.10944,25.60215,148.12404,5260.26299,47.85654,1.0,1.0,157.23556,1275.06097,8.65074,78.41498,449.14136,2.05282,1.65004,1.13334,1.0,1.0,1.0,APP_2A_6
1066.79281,305.77611,24.95994,90.24847,5374.15188,97.13432,1.0,1.64444,133.68,1227.94986,9.09518,88.85942,387.03025,1.0,1.32502,1.02667,1.0,1.37462,1.22451,APP_2A_7
1054.6817,266.49833,34.82437,102.24048,4564.65188,14.72504,1.0,1.0,124.56889,1196.44986,4.2446,78.6372,432.75247,1.35003,2.30009,1.16,1.94444,1.37462,1.0,APP_2A_8
914.12615,202.83167,19.04217,72.97602,4414.09632,31.4121,1.0,1.0,113.56889,1154.17208,6.39211,74.02609,381.03025,1.03613,1.65004,1.08,1.94444,1.0,1.0,APP_2A_9
728.11094,68.04836,45.14337,19.64885,3242.65556,16.20515,1.0,2.11111,49.96496,1085.04836,2.34279,59.77933,123.72748,2.32222,1.0,1.0,1.0,1.55556,9.18358,APP_3A_0
728.55538,124.18781,28.02031,9.04665,3318.04445,76.38035,1.0,1.0,61.29829,990.43725,2.93279,54.78533,168.32853,11.3,1.0,2.12915,1.0,5.33333,7.70375,APP_3A_1
686.83316,47.29893,23.66309,9.25996,3281.93334,1.0,1.0,1.0,41.07607,896.21503,1.92334,41.452,127.82853,3.41111,1.0,1.0,1.0,4.22222,7.80478,APP_3A_2
725.44427,77.47504,46.23059,27.56884,3103.43334,1.0,1.0,1.0,45.5491,812.10392,3.30057,42.84089,133.06081,8.4,1.0,1.75277,1.0,6.61111,6.60444,APP_3A_3
837.55538,114.81782,51.71088,35.30661,3485.4889,1.0,1.0,1.0,57.96496,790.77058,3.8389,54.77933,179.9952,3.56667,1.0,2.12915,1.0,3.0,8.23743,APP_3A_4
899.16649,109.50338,52.13143,27.38662,4000.4889,1.0,1.0,1.0,60.07607,738.77058,4.72002,71.66822,194.21742,7.33333,1.32502,1.0,1.0,4.88889,12.76102,APP_3A_5
792.11094,97.28116,44.94505,1.42663,3521.71112,102.42737,1.0,1.0,46.10465,701.93725,3.0439,47.62466,135.72413,1.76667,1.0,1.0,1.0,3.72222,11.51521,APP_3A_6
711.44427,105.49393,51.45281,14.22886,3222.15556,98.99146,1.0,1.0,43.4094,701.93725,4.14724,41.27933,160.55075,3.77778,1.0,1.0,1.0,5.38889,7.82666,APP_3A_7
910.05538,96.65115,22.25448,25.02883,3852.71112,8.60257,1.0,1.0,73.74274,654.88169,2.8389,54.05711,164.38409,6.28889,1.65004,1.0,1.0,4.88889,11.10444,APP_3A_8
843.49982,110.81782,17.68698,14.58439,3734.60001,1.0,1.0,1.0,53.4094,607.93725,3.36001,54.452,167.72413,2.61111,1.0,2.12915,1.0,3.38889,7.21555,APP_3A_9
875.33078,368.90807,42.75491,134.45252,3592.47703,1.0,1.0,1.0,196.64141,2190.92198,5.12946,95.09626,434.61778,2.01564,1.0,2.55556,1.37259,1.16763,2.8474,APP_3B_0
832.16411,319.35252,45.08824,88.72051,3661.31036,1.0,1.0,1.0,203.86364,2060.19976,6.64425,97.59626,445.50666,1.31737,1.0,4.22222,1.0,1.27938,4.79721,APP_3B_1
819.553,427.46363,60.53269,102.13876,3375.86592,100.94853,1.0,1.0,210.86364,1913.14421,7.12946,85.76293,362.56222,1.31737,1.0,2.16667,6.37927,1.11175,3.17203,APP_3B_2
820.88633,355.90807,43.97713,151.13876,3463.86592,1.0,1.0,1.0,195.86364,1787.64421,6.61468,75.68433,387.00666,1.79342,1.0,2.94444,5.43482,1.05588,3.41166,APP_3B_3
768.94189,311.35252,51.75491,116.63387,3161.25481,2.72426,1.0,1.0,184.30808,1714.03309,6.17024,72.09626,350.28444,1.42848,1.0,5.22222,1.0,1.11175,2.96722,APP_3B_4
797.053,375.07474,58.86602,115.08321,3240.03259,1.0,1.0,1.0,175.08586,1604.03309,5.44309,61.76293,360.95111,1.58716,1.0,1.38889,2.11778,1.0,1.59907,APP_3B_5
707.60855,307.35252,33.86602,80.4672,2994.81036,1.0,1.0,1.0,173.64141,1541.14421,2.45294,68.76293,331.17333,1.31737,1.0,2.55556,1.0,1.0,2.62518,APP_3B_6
753.88633,389.07474,66.03269,124.35609,3126.1437,1.0,1.0,1.0,169.86364,1468.03309,5.41217,66.87404,339.89555,1.53959,1.0,5.66667,4.11778,1.11175,2.98462,APP_3B_7
696.71966,291.1303,29.86602,108.31032,2858.1437,12.00817,1.0,1.0,162.41919,1436.25532,2.83691,70.5407,318.72889,1.26979,1.0,2.94444,2.11778,1.05588,2.16333,APP_3B_8
718.99744,320.46363,39.19935,63.17964,3079.53259,17.0576,1.0,1.0,171.86364,1373.14421,4.16038,50.31848,307.28444,1.90453,1.0,1.77778,1.37259,1.0,3.06963,APP_3B_9
2094.85022,22.31515,180.46047,197.42352,8618.55078,82.09313,1.0,1.0,323.75994,2912.85228,25.86667,380.95761,628.88944,1.43001,1.0,6.36941,3.60816,7.05556,20.77182,APP_4A_0
2018.29466,16.80606,191.46047,272.14574,8299.21745,250.50163,1.0,1.0,310.42661,2739.79673,27.64444,384.3465,608.27833,1.48863,1.0,3.77081,2.49038,5.33333,19.0496,APP_4A_1
2123.01688,29.02829,188.46047,300.27196,8787.55078,23.40849,1.0,1.0,315.20439,2603.51895,27.86667,340.23539,632.44499,1.11417,1.0,4.96802,7.2978,3.66667,22.81969,APP_4A_2
1993.85022,31.17677,168.73824,184.38307,8065.99522,1.0,1.0,1.0,291.8155,2488.24117,23.08889,342.56872,617.11166,1.07612,1.83333,4.14719,7.55261,4.66667,12.93849,APP_4A_3
2043.01688,13.40808,170.12713,182.11553,8525.32856,33.68627,1.0,1.0,309.25994,2383.24117,24.75556,340.06872,652.05611,1.07612,1.0,3.63468,1.74519,6.05556,18.65687,APP_4A_4
2093.628,9.20404,181.46047,266.82752,8249.66189,1.92647,1.0,1.0,290.64883,2351.68562,27.97778,361.23539,639.22277,1.46807,1.83333,4.96802,7.86965,6.66667,21.87525,APP_4A_5
2036.79466,19.40808,157.23824,194.7973,8113.93967,4.70587,1.0,1.0,290.87105,2268.01895,24.53333,336.79095,666.11166,1.48863,1.0,4.6597,1.74519,4.33333,19.87909,APP_4A_6
1932.29466,59.70404,180.34935,243.66085,8447.773,20.22385,1.0,1.0,281.09328,2189.68562,26.42222,329.90206,611.88944,1.11417,1.83333,6.84993,4.98076,3.33333,13.44234,APP_4A_7
1852.57244,14.71313,172.23824,145.71641,7563.49522,103.37254,1.0,1.0,276.42661,2163.13006,23.08889,263.67984,575.88944,1.07612,1.83333,4.14719,2.49038,3.0,18.15687,APP_4A_8
1826.68355,39.63031,193.34935,143.46397,7357.99522,1.0,1.07611,1.0,268.25994,2105.4634,21.2,304.29095,545.05611,1.19029,1.83333,4.96802,3.60816,4.33333,14.98636,APP_4A_9
1287.47593,475.6914,3.34298,352.2149,8741.35521,196.39786,1.0,1.0,286.55601,2413.01774,14.48535,193.60315,772.0538,5.32353,1.10889,1.88889,1.0,4.38889,1.0,APP_4B_0
1320.47593,450.58029,1.0,287.65934,8957.02188,548.0705,1.0,2.33186,287.72268,2203.29552,12.74006,212.49204,740.16491,7.4902,1.10889,2.77778,1.0,5.0,1.0,APP_4B_1
1312.19815,384.80251,1.89854,292.93712,8634.85521,23.72521,1.0,2.77581,283.05601,2119.5733,12.70757,200.71426,700.16491,5.15442,1.10889,2.77778,1.0,6.27778,1.0,APP_4B_2
1331.42038,471.85807,1.0,352.32601,8855.85521,104.23717,1.64272,1.44395,311.88935,2082.90663,16.05715,225.43648,769.99824,3.70752,1.0,1.44444,1.0,9.66667,1.0,APP_4B_3
1267.42038,433.46918,12.1304,341.82601,8759.41077,181.95042,1.0,1.88791,275.77823,2009.40663,12.27937,195.10315,748.99824,1.0,1.0,1.44444,1.0,5.44444,1.0,APP_4B_4
1234.53149,401.02473,6.5652,339.27045,8494.35521,26.69594,1.0,2.33186,277.83379,1988.12885,10.43922,206.38093,695.83157,1.0,1.0,1.88889,1.0,7.55556,1.0,APP_4B_5
1236.1426,419.24695,1.0,354.77045,8272.13299,165.56154,1.0,1.44395,272.38935,1925.46219,14.31186,227.93648,710.99824,2.15932,1.0,1.88889,1.0,8.61111,1.0,APP_4B_6
1455.92038,432.46918,1.0,342.10379,9267.13299,110.06453,1.0,1.88791,293.11157,1894.12885,13.15201,208.99204,775.22046,1.0,1.0,1.0,1.0,5.38889,1.0,APP_4B_7
1205.1426,317.35807,1.0,274.82601,7633.57743,96.81303,1.0,1.0,245.22268,1846.96219,10.97853,177.49204,659.38713,1.0,1.0,2.33333,1.0,8.11111,1.0,APP_4B_8
1283.19815,464.74695,1.0,341.93712,8578.7441,133.7079,1.0,1.88791,272.72268,1800.12885,9.77255,240.38093,734.49824,2.43954,1.10889,1.44444,1.0,4.83333,1.0,APP_4B_9
657.95387,164.17494,51.03007,18.49862,3658.37583,1.0,1.0,1.0,158.38497,3618.36396,3.06111,93.4203,314.67638,13.04449,1.0,1.0,2.88889,13.50552,24.78595,APP_5A_0
822.84276,215.65905,37.83516,39.00945,3966.09806,1.0,1.0,1.0,150.16275,3088.64173,5.53611,100.03141,306.3986,9.33892,1.0,1.03699,1.0,9.39441,23.15298,APP_5A_1
723.34276,169.30982,34.04828,23.96611,3708.87583,1.0,1.15222,1.0,124.82942,2537.97507,3.82361,109.36474,268.50971,20.6167,1.0,1.55542,1.0,8.67219,16.30872,APP_5A_2
1066.56498,272.28605,12.07468,90.46473,4913.59806,1.0,1.0,1.0,148.49609,2286.19729,2.74306,94.53141,327.62082,22.70557,1.0,1.0,1.0,2.55831,7.54279,APP_5A_3
913.84276,219.67494,24.26048,62.1314,4246.37583,1.0,1.07611,1.0,118.38497,2160.36396,3.53611,113.25363,266.17638,4.18891,1.0,1.55542,2.88889,4.0591,16.64206,APP_5A_4
1296.7872,303.39716,2.07468,131.13002,6078.09806,1.0,1.0,1.0,175.49609,2029.14173,2.50556,95.86474,294.84304,3.96669,1.0,1.0,1.0,1.66824,2.37704,APP_5A_5
1241.7872,331.73049,25.22405,54.10835,5234.09806,1.0,1.0,1.0,145.27386,1924.58618,5.72361,111.03141,280.45416,3.81668,1.0,1.03699,1.0,2.27896,9.74316,APP_5A_6
1058.17609,208.56383,3.20401,99.92947,4936.70917,1.0,1.0,1.0,137.49609,1851.3084,3.72778,81.14252,235.78749,21.04449,1.0,1.0,1.0,2.00237,2.19945,APP_5A_7
1075.12054,204.56383,14.43625,102.89696,5126.98695,1.0,1.0,1.0,141.6072,1746.14173,1.93472,110.86474,255.28749,4.76112,1.0,1.11098,1.94444,1.8353,8.72039,APP_5A_8
1135.34276,236.84161,27.27869,61.97557,5053.87583,1.0,1.0,1.0,150.6072,1667.69729,2.20278,111.9203,241.67638,1.15001,1.0,1.55542,1.0,3.11426,8.05464,APP_5A_9
1219.64534,225.9651,61.33004,94.18138,6027.69736,98.79976,1.0,1.0,122.80906,1040.85163,7.5863,60.23189,198.3613,1.52667,1.0,1.20489,1.0,1.30863,3.61789,APP_5B_0
1259.7009,183.4651,61.44116,89.34595,5737.41958,236.55515,1.0,1.0,127.58683,935.85163,8.5863,52.6197,215.8613,2.34556,1.32502,1.40977,1.0,2.86419,1.24294,APP_5B_1
1324.97868,249.69738,57.77449,165.74114,6058.69736,83.25539,1.0,1.0,123.80906,872.96274,8.47518,67.06522,218.69464,2.29611,1.0,1.0,1.0,3.74484,3.79849,APP_5B_2
1476.86756,328.02066,84.77449,109.57027,6585.53069,195.38848,1.0,1.0,130.69794,815.5183,7.78041,76.00966,214.75019,2.51834,1.0,1.20489,1.0,6.35595,5.28456,APP_5B_3
1222.75645,297.74288,67.21893,91.62583,5663.86403,231.57713,1.0,1.0,123.14239,794.46274,4.62714,69.28744,208.63908,1.74889,1.65004,1.30733,1.0,11.80863,2.20132,APP_5B_4
1407.25645,202.85399,57.10782,138.29039,6420.25292,134.84412,1.0,1.0,138.14239,757.62941,9.35002,74.28744,204.58353,2.31667,1.32502,1.20489,1.0,7.91151,4.32618,APP_5B_5
1350.92312,240.90955,69.21893,90.76156,6157.36403,176.13268,1.0,1.0,122.2535,699.90719,8.7523,50.45303,206.25019,1.93611,1.0,1.30733,1.0,9.80039,4.2081,APP_5B_6
1575.03423,204.85399,57.77449,99.56817,6763.6418,42.19984,1.0,1.0,136.36461,699.62941,6.43302,47.06307,205.13908,2.255,1.65004,1.0,1.0,4.80451,5.04143,APP_5B_7
1341.47868,357.4651,91.66338,126.48589,5640.80847,279.95482,1.0,1.0,122.58683,668.5183,8.6693,85.42579,169.69464,1.76945,1.32502,4.37155,1.0,11.91974,4.77759,APP_5B_8
1362.36756,222.9651,71.8856,181.24114,6194.36403,113.13309,1.0,1.0,122.92017,631.74052,7.23891,72.20357,158.52797,2.72,1.32502,1.40977,1.0,1.44033,6.42335,APP_5B_9
567.36611,54.62415,113.99404,1.0,1941.84401,20.90295,1.0,1.0,13.87522,1738.75885,5.53514,39.73435,49.93967,5.6163,1.0,3.44444,5.83333,1.55556,18.35527,APP_6A_0
519.47722,47.20855,109.21626,1.0,1898.23289,14.89943,1.0,1.08681,11.62986,1591.92552,7.23204,43.45657,59.31031,3.56074,1.0,3.33333,3.83333,1.0,15.70688,APP_6A_1
585.755,76.72949,99.10515,1.0,2010.67734,1.0,1.0,1.08681,13.14371,1445.48107,4.52003,39.06768,48.58808,1.50519,1.65004,2.66667,16.5,1.27778,20.83699,APP_6A_2
538.53278,45.03034,98.32737,1.0,1918.51067,4.94796,1.0,1.08681,12.85664,1340.3144,4.09826,39.84546,44.62539,1.25259,1.32502,1.38889,6.66667,1.0,15.50293,APP_6A_3
520.53278,46.56859,82.66071,1.0,1909.78845,4.94796,1.0,1.0,7.14826,1225.20329,3.85336,42.12324,35.40316,3.72741,1.0,5.0,1.94444,1.55556,14.18787,APP_6A_4
567.255,43.02457,87.21626,16.9275,2000.28845,70.56258,1.0,1.08681,5.01402,1109.59218,5.78004,28.78991,27.16269,1.0,1.0,2.55556,5.72222,1.27778,11.13231,APP_6A_5
513.47722,42.91923,126.49404,1.0,1879.78845,37.51054,1.0,1.0,9.96775,1078.20329,6.46182,30.45657,38.10634,3.95482,1.0,4.11111,2.88889,1.0,22.65205,APP_6A_6
538.97722,43.79658,85.43848,1.0,1847.34401,35.78129,1.0,1.0,5.87977,999.8144,5.78004,44.9096,25.81031,1.0,1.0,5.27778,7.66667,1.0,13.48465,APP_6A_7
471.255,29.09744,70.77182,1.0,1720.28845,17.11814,1.0,1.0,11.52331,954.54385,3.0907,32.68738,34.84761,2.50519,1.0,4.33333,5.77778,1.0,11.22515,APP_6A_8
558.64389,45.02457,111.10515,1.37195,2014.28845,56.28129,1.0,1.0,6.07886,904.98107,7.12093,48.90102,34.97697,1.0,1.0,6.55556,2.88889,1.0,13.48465,APP_6A_9
628.63857,62.01831,50.8528,1.0,2380.17133,19.67926,1.0,1.0,4.07709,1543.96828,1.72094,1.0,21.94171,1.03754,1.0,1.0,1.0,1.0,1.0,APP_6B_0
779.02746,75.29608,73.29724,1.0,2762.78244,1.0,1.0,1.0,5.74099,1439.13495,2.27393,1.0,25.75839,1.0,1.0,1.0,1.0,1.0,2.05167,APP_6B_1
677.9719,54.51612,64.29724,1.0,2648.28244,147.46019,1.0,1.0,4.07987,1302.6905,2.66154,1.25501,23.10838,1.05632,1.0,1.0,1.0,1.0,1.0,APP_6B_2
620.4719,56.68278,60.8528,3.25542,2343.06022,36.44759,1.0,1.0,3.32779,1193.07939,1.49615,1.97723,19.27505,1.01877,1.0,1.0,1.0,1.0,1.0,APP_6B_3
636.41635,78.905,61.74168,1.0,2378.11577,1.0,1.0,1.64444,4.27084,1134.85717,2.3282,1.25501,22.48894,1.20421,1.0,1.0,1.0,1.0,1.0,APP_6B_4
603.30524,42.405,60.96391,1.0,2348.56022,1.0,1.0,1.0,3.63265,1066.74606,1.58141,2.95447,20.77505,5.51953,1.0,1.0,1.0,1.0,1.0,APP_6B_5
624.74968,48.46056,87.51946,1.0,2287.67133,1.0,1.0,1.0,3.32779,1003.96828,1.35919,1.51003,27.37783,1.03754,1.0,1.0,1.0,1.16706,1.0,APP_6B_6
673.9719,40.29389,112.68613,5.51084,2575.00466,1.0,1.0,1.0,9.10002,961.80162,3.43931,4.67398,23.43339,1.98199,1.0,1.0,1.0,1.0,1.0,APP_6B_7
662.52746,46.46056,115.24168,5.51084,2511.50466,19.12056,1.0,1.64444,4.38195,909.24606,4.68739,2.79783,23.32227,2.07509,1.0,1.00413,1.0,1.16706,1.0,APP_6B_8
523.52746,34.46056,51.63057,1.0,1996.39355,1.0,1.0,1.0,4.2139,909.07939,2.91218,1.0,21.44588,9.92643,1.0,1.0,1.0,1.0,1.0,APP_6B_9
499.15504,135.92598,91.14723,5.37929,2837.3624,15.21027,1.0,1.0,18.1128,1164.14433,1.34149,94.6183,63.88884,1.39739,1.32502,3.22222,1.0,17.94829,33.41247,APP_7A_0
590.80142,98.59482,38.96216,15.34672,3264.14018,3.29817,1.0,4.11584,16.33502,839.08877,1.23038,66.17386,74.99996,1.54013,1.0,2.77778,1.0,8.39241,17.54743,APP_7A_1
538.91253,101.2604,54.09185,1.0,3268.19573,3.29817,1.0,2.55792,8.3903,734.14433,1.0,40.16521,89.05551,1.54013,1.0,2.77778,1.0,9.78226,20.73794,APP_7A_2
524.17533,108.14929,33.25834,1.0,2798.91796,7.6519,1.0,1.0,84.47321,660.86655,1.0,38.24818,50.77774,1.31791,1.0,4.11111,1.0,13.72671,18.4654,APP_7A_3
498.06422,101.59482,33.92535,3.18965,2842.47351,14.06118,1.0,1.0,4.30654,592.811,1.0,29.82249,56.36107,1.58798,1.0,6.33333,1.0,11.94861,19.29612,APP_7A_4
622.73089,51.81379,1.0,23.06894,3420.8624,6.2602,1.0,1.0,1.77834,477.19989,1.0,10.59162,55.88885,1.69909,1.0,1.0,1.0,1.78002,1.72484,APP_7A_5
651.80142,94.20267,2.70348,3.18965,4323.08462,30.50563,1.0,1.0,8.30711,409.19989,1.00816,22.02595,83.88884,1.42902,1.32502,1.0,1.0,4.00192,3.33857,APP_7A_6
666.74586,83.03601,11.77761,14.98081,4268.80685,7.40928,1.0,1.0,3.5282,393.53322,1.0,17.85064,53.61107,1.19059,1.32502,1.0,1.0,3.00064,5.22746,APP_7A_7
603.30142,89.20267,3.37014,10.60152,3498.69573,4.20464,1.0,1.0,1.77834,366.55915,1.0408,19.34126,58.72218,1.23843,1.0,4.11111,1.0,2.72318,3.56079,APP_7A_8
586.78645,89.53709,3.44427,7.9904,3327.75129,1.0,1.0,1.0,5.11224,319.55915,1.12743,10.20273,65.9444,1.77857,1.0,1.0,1.0,1.2235,4.39413,APP_7A_9
1437.10328,243.62831,78.62226,115.3302,6705.03538,5731.26703,1.56167,1.0,189.07733,2610.65714,11.48846,31.73018,728.51855,7.59559,1.0,18.7646,1.0,1.8353,7.14081,APP_7B_0
1330.65884,169.07276,182.03336,104.58929,5363.92427,4460.4781,1.18722,1.0,146.744,2243.15714,11.04401,41.74817,641.68522,2.56556,1.10889,14.19297,1.0,1.50118,3.70163,APP_7B_1
1249.82551,220.57276,43.60004,112.63394,5430.6465,4692.15592,1.49167,1.0,153.96622,1986.65714,14.59957,51.13865,657.0741,1.12112,1.0,10.00584,1.0,2.27896,2.4138,APP_7B_2
1230.10328,127.681,198.66669,89.36707,4699.81316,2435.21147,1.07611,1.0,124.63289,1672.04603,13.59957,48.28573,453.62966,1.24224,1.10889,7.28362,1.0,3.55792,4.45403,APP_7B_3
1146.99217,183.07276,8.02224,102.27465,4989.03538,3291.40024,1.22833,1.0,136.29955,1483.3238,15.04401,24.06192,491.5741,1.0,1.0,4.21783,1.0,1.50118,2.65614,APP_7B_4
1181.32551,171.40418,8.53334,47.87071,5086.25761,1127.68917,1.0,1.0,121.85511,1414.17927,14.07243,35.67462,562.01855,1.0,1.0,1.28801,2.88889,1.0,1.97941,APP_7B_5
1071.43662,122.35054,258.58889,94.39303,4719.09094,2629.55586,1.0,1.0,130.63289,1357.37936,10.59957,24.47039,452.90744,1.0,1.0,6.49561,4.77778,2.61308,3.3228,APP_7B_6
996.54773,116.7356,1.0,40.14121,4689.09094,1080.65582,1.15222,1.0,98.52177,1237.04603,9.98974,38.84129,435.90744,1.0,1.0,1.28801,1.0,2.1119,3.31275,APP_7B_7
1024.43662,136.84671,1.0,40.08929,4165.03538,1122.34468,1.0,1.0,104.52177,1142.43491,11.9329,18.5815,407.18522,1.0,1.32667,1.28801,1.0,1.66824,1.96935,APP_7B_8
1091.21439,71.18291,1.0,21.98182,4286.86872,437.34468,1.0,1.0,89.18844,1079.60158,9.62799,13.16985,280.62966,1.36336,1.0,1.57602,1.0,1.0,1.72702,APP_7B_9
1562.30684,266.13607,155.30122,156.70785,6948.61255,1.0,1.0,48.27778,340.96025,4591.71437,1.45361,119.54227,671.78638,1.81691,1.0,1.8,1.11964,20.08371,15.90406,APP_8A_0
1490.30684,330.74718,111.88065,218.59674,7081.1681,291.64528,1.0,45.82222,358.84914,3904.88104,1.45361,125.59782,658.56416,1.16338,1.0,1.53333,3.54263,19.75038,16.99675,APP_8A_1
1669.30684,318.58051,54.86488,321.76341,6752.22366,1.0,1.0,45.14444,332.62692,3228.10326,1.67888,135.48671,780.45305,1.49015,1.0,1.0,3.06408,12.82998,11.02764,APP_8A_2
1467.9735,132.52496,17.23799,277.87452,7271.1681,1.0,1.0,15.36667,289.34914,2472.93659,1.0,98.9535,531.39749,1.32677,1.0,1.0,1.11964,7.56134,7.30244,APP_8A_3
1621.58461,358.85829,1.0,252.09674,10647.44588,197.35324,1.0,6.43333,258.57136,2027.10326,1.0,70.08695,524.11972,1.0,1.0,1.8,1.0,5.33912,153.54932,APP_8A_4
1508.91795,555.80274,15.3491,242.47408,9419.72366,168.57546,1.0,2.81111,280.90469,1717.65882,1.66972,71.54227,580.0086,2.93788,1.0,1.26667,1.0,5.61689,176.27154,APP_8A_5
1876.80684,447.91385,3.0952,257.20785,13620.00144,306.03416,1.0,1.0,251.96025,1591.71437,1.22833,55.70893,605.89749,1.27449,1.0,1.0,1.11964,1.28524,272.82087,APP_8A_6
1750.91795,624.58051,7.15075,259.87452,13228.89033,414.21361,1.0,2.28889,264.73803,1507.82548,1.33639,48.80918,602.17527,3.49015,1.0,1.53333,1.0,1.71309,150.57398,APP_8A_7
1820.08461,425.27357,9.53168,148.995,13096.50144,432.65805,1.0,1.0,259.18247,1387.60326,1.0,54.50906,532.89749,1.44116,1.0,1.8,1.11964,1.42785,104.58022,APP_8A_8
1601.14017,414.41385,15.96022,187.0621,9114.27922,405.13102,1.0,1.0,273.62692,1292.93659,1.35471,69.48671,565.67527,1.99343,1.0,1.71111,1.35891,1.95936,145.01843,APP_8A_9
1341.7884,355.74496,1.0,168.95224,6216.32091,1.0,1.0,1.0,137.75585,1871.15807,1.72992,58.73431,165.26569,1.0,1.0,1.0,1.0,1.0,2.33027,APP_8B_0
1188.01062,322.24496,1.0,143.98197,5959.37647,127.95493,1.07746,1.0,132.86696,1740.21363,1.34915,63.17875,150.65458,1.0,1.0,1.0,1.0,1.0,1.0,APP_8B_1
1316.39951,275.91162,1.0,123.13873,5914.32091,1.0,1.0,1.0,140.86696,1625.04696,1.03163,59.37118,150.93235,1.0,1.0,1.0,1.0,1.0,5.62555,APP_8B_2
1061.89951,271.80051,1.0,139.39068,5104.76536,270.08178,1.0,1.0,143.31141,1530.32474,1.0,55.56764,143.76569,1.0,1.0,1.23406,1.0,1.0,2.97332,APP_8B_3
1173.84395,294.1894,1.0,120.87086,5394.26536,87.62685,1.0,1.0,132.20029,1451.93585,1.12692,52.37253,155.65458,1.0,1.0,1.0,1.0,1.0,5.14304,APP_8B_4
1069.89951,252.80051,1.0,92.19428,5179.76536,226.97067,1.0,1.0,125.97807,1420.54696,1.0,38.5094,123.51019,1.0,1.0,1.46812,1.0,1.0,2.40639,APP_8B_5
1068.56617,219.46718,1.0,134.22401,4938.37647,277.63209,1.0,1.0,120.64474,1347.10252,1.25385,40.48364,130.03246,1.0,1.0,1.23406,1.0,1.0,4.88276,APP_8B_6
1263.45506,276.91162,1.0,162.26966,6229.54314,1.0,1.0,1.0,149.97807,1289.43585,1.8094,46.12185,132.98791,1.0,1.0,1.0,1.0,1.08437,1.90332,APP_8B_7
1090.89951,284.91162,1.0,95.15854,5453.65425,49.84382,1.0,1.0,128.20029,1231.60252,1.0,45.17741,129.8768,1.0,1.0,1.0,1.0,1.0,2.0175,APP_8B_8
1127.39951,194.07829,1.0,121.33512,5383.15425,290.45493,1.0,1.0,136.42252,1163.65807,1.47607,47.31697,105.93235,1.0,1.0,1.0,1.0,1.0,4.43832,APP_8B_9
1575.94316,226.57776,23.7194,136.07448,6890.38648,55.0343,1.11111,1.0,172.74079,1439.51728,10.33333,1.0,319.08611,4.56321,1.32502,1.0,1.0,1.0,3.55556,APP_9A_0
1470.3876,192.0222,14.27495,118.03163,6478.6087,243.94879,1.16667,1.0,139.96301,1297.57283,9.11111,1.0,260.80833,4.15836,1.0,1.0,1.0,1.03571,2.0,APP_9A_1
1506.16538,221.35554,23.54062,213.46337,6674.44204,349.0343,1.0,1.0,164.62968,1213.7395,12.55556,1.0,312.86389,8.22988,1.0,1.18568,1.74519,1.0,2.22222,APP_9A_2
1515.27649,204.18887,19.41028,79.0269,6235.88648,283.00435,1.0,1.0,127.40746,1124.96172,6.66667,1.0,271.475,13.03926,1.0,1.0,1.0,1.0,1.88889,APP_9A_3
1636.66538,228.29998,27.12039,205.784,6819.88648,420.04928,1.0,1.0,181.96301,1098.7395,9.44444,1.0,315.75278,3.11078,1.0,1.0,1.0,1.0,1.33333,APP_9A_4
1466.3876,179.0222,26.54062,156.50149,6426.05315,63.0599,1.0,1.0,153.62968,1056.68394,8.61111,1.0,281.03055,9.92017,1.0,1.0,1.0,1.07142,2.16667,APP_9A_5
1491.55427,191.10615,20.02852,133.67289,6431.38648,7.36329,1.05556,1.0,153.8519,1003.96172,9.22222,1.0,300.91944,5.06321,1.0,1.0,1.0,1.0,2.16667,APP_9A_6
1480.55427,156.57776,33.05771,117.92052,6263.55315,374.63044,1.05556,1.0,132.07412,1003.85061,6.11111,1.0,257.25278,3.58683,1.32502,1.0,1.0,1.07142,1.88889,APP_9A_7
1664.55427,209.13331,11.90315,120.34753,6592.88648,332.5343,1.0,1.0,139.8519,962.29505,9.27778,1.0,303.53055,5.23786,1.32502,1.0,1.0,1.07142,1.66667,APP_9A_8
1348.83205,112.13455,18.34759,53.20627,5735.71982,18.57053,1.05556,1.0,107.8519,915.12839,5.33333,1.0,199.69722,3.19029,1.0,1.0,1.0,1.0,1.66667,APP_9A_9
442.07973,40.24823,1.0,2.93327,342.54753,1.0,1.0,1.0,17.45055,641.1264,1.85509,33.99597,36.3573,7.80641,1.0,1.0,1.0,3.3578,1.0,APP_9B_0
436.19084,27.50084,1.0,1.0,380.38086,1.0,1.0,1.64444,15.94305,520.95973,2.12864,48.05152,36.53067,2.19473,1.0,1.0,1.0,1.08741,6.81091,APP_9B_1
282.07973,30.27254,1.0,1.0,278.37751,1.0,1.0,1.0,23.06916,445.15333,1.54711,11.30397,37.01726,11.58419,1.0,1.51222,1.0,1.4763,1.0,APP_9B_2
477.69084,36.87758,1.0,9.41092,415.32531,1.0,1.0,1.0,20.33944,401.1247,2.57309,38.88975,31.64178,9.80641,1.0,1.0,1.0,1.17482,5.22579,APP_9B_3
325.08939,17.44529,1.0,4.86654,147.94779,1.0,1.0,1.0,14.62472,345.54222,1.436,30.8293,35.35059,3.13917,1.0,1.10244,1.0,1.0,1.0,APP_9B_4
294.07973,39.74215,1.0,1.0,166.48862,1.0,1.0,1.0,12.81694,321.51529,1.59844,17.28843,27.85059,3.63917,1.0,1.0,1.0,1.0,3.80734,APP_9B_5
430.85751,34.36542,1.0,8.09994,281.1235,1.0,1.0,1.0,20.86499,260.90078,2.64977,26.62176,9.52204,8.50057,1.0,1.10244,1.0,1.0,6.13125,APP_9B_6
340.96862,21.72915,1.0,8.09994,293.35141,1.0,1.0,1.0,12.73583,227.40418,1.20532,14.73287,10.6887,7.00057,1.0,1.0,1.0,1.0,4.94802,APP_9B_7
345.86717,40.08156,1.0,6.79981,235.14391,1.0,1.0,1.0,12.40249,166.45634,1.10266,31.36442,26.74619,1.0,1.0,1.0,1.0,1.0,8.92202,APP_9B_8
435.08939,16.06856,1.0,1.0,322.92169,1.0,1.0,1.64444,29.32444,132.57084,1.80376,21.30886,4.76437,13.61168,1.0,1.40977,1.0,1.08741,3.44802,APP_9B_9
1628.95958,190.42893,33.52917,1.0,3867.59523,1.0,1.0,2.98598,274.87906,2671.09981,6.48452,218.44444,383.12723,1.61111,1.0,1.52667,1.74519,1.48022,19.45508,ASC.0_0
1746.73736,141.04004,39.97361,2.37263,4011.53968,9.87167,1.0,1.0,247.87906,2377.87759,6.94233,185.16667,359.29389,2.0,1.0,1.10667,1.37259,7.34743,25.95508,ASC.0_1
1728.73736,95.65115,43.08472,2.37263,3821.37301,5.76056,1.0,1.99299,217.10128,2168.04425,3.62007,160.94444,298.68278,1.55556,1.0,2.71334,1.0,26.38132,23.84397,ASC.0_2
1733.1818,67.42225,41.52917,1.0,3641.31745,1.64945,1.0,1.0,207.10128,1974.21092,5.15119,148.27778,255.68278,2.22222,1.0,1.21334,1.0,18.21654,24.28842,ASC.0_3
1599.12625,96.42893,43.75139,1.0,3343.87301,1.97418,1.0,1.0,206.65684,1838.15536,3.81786,137.94444,267.79389,1.44444,1.0,1.18667,1.0,12.62521,20.14526,ASC.0_4
1691.95958,102.223,45.19584,1.0,3690.2619,6.08529,1.0,1.0,213.43462,1795.9887,4.18899,147.55556,268.405,1.0,1.0,1.05333,3.11778,20.49432,20.31193,ASC.0_5
1602.07069,80.48448,38.08472,1.0,3376.37301,1.32473,1.0,1.0,222.43462,1727.71092,4.15119,152.72222,253.12723,1.22222,1.0,2.24001,1.0,5.62711,20.28842,ASC.0_6
1481.29291,121.81781,37.41806,1.0,3429.98412,1.0,1.0,1.0,220.21239,1623.15536,4.72011,140.05556,307.84945,1.55556,1.0,1.10667,4.11778,14.42277,16.42304,ASC.0_7
1929.01513,104.59559,46.08472,4.92819,4132.7619,1.0,1.0,1.0,220.99017,1601.9887,3.97784,154.0,272.07167,1.88889,1.0,2.10445,2.11778,12.2721,27.23286,ASC.0_8
1573.29291,117.59559,33.08472,1.0,3427.31745,1.0,1.0,1.0,201.76795,1528.37759,2.8045,143.33333,240.46056,1.33333,1.0,1.13334,2.49038,1.81355,24.56619,ASC.0_9
1413.83516,172.77778,74.72899,17.13994,3011.07566,6.73474,1.0,1.0,22.19734,1521.33581,1.0,207.644,82.81111,3.27164,1.0,4.02231,1.0,1.0,37.12222,ASC.1_0
1470.61293,166.55556,73.06232,15.24144,3109.13121,69.05086,1.0,1.0,21.41957,1259.05803,1.23333,200.75511,68.25556,2.38197,1.0,3.44313,1.0,1.35075,29.95556,ASC.1_1
1690.11293,173.72222,61.72899,1.0,3509.68677,51.30751,1.0,1.0,19.08623,1122.89136,1.12222,226.03289,89.31111,2.69138,1.0,2.94313,1.0,1.0,24.73333,ASC.1_2
1389.22404,143.44444,61.8401,1.0,3085.40899,20.7989,1.0,1.0,19.53068,1002.05803,1.0,185.144,67.81111,2.71609,1.0,2.34733,1.0,1.0,27.62222,ASC.1_3
1274.50182,104.05556,69.50676,1.97703,2796.35343,55.0939,1.0,1.0,16.53068,923.50247,1.0,192.53289,52.58889,2.95373,1.0,2.88758,1.0,1.70151,24.12222,ASC.1_4
1143.61293,93.94444,50.95121,1.97703,2442.29788,23.82864,1.0,1.0,13.34826,866.05803,1.0,169.75511,46.64444,1.90589,1.0,1.53893,1.0,1.0,21.17778,ASC.1_5
1263.94627,141.5,51.06232,1.0,2823.35343,25.88419,1.0,1.0,20.41957,792.66914,1.01111,179.81066,73.03333,2.29478,1.0,1.4042,1.0,1.0,23.12222,ASC.1_6
1255.33516,97.11111,55.39565,1.0,2666.5201,4.35446,1.0,1.0,17.53068,713.78025,1.0,171.19955,58.25556,2.57255,1.0,2.26947,1.0,1.0,16.73333,ASC.1_7
1235.61293,124.11111,59.61787,1.0,2680.90899,1.64945,1.0,1.0,16.64179,692.83581,1.01111,177.31066,60.81111,1.66746,1.0,1.8084,1.0,1.0,20.45556,ASC.1_8
977.61293,101.0,53.50676,1.97703,2127.96454,14.30751,1.0,1.0,8.21724,635.28025,1.03333,147.36622,33.7,1.47687,1.0,1.8084,1.0,1.0,17.28889,ASC.1_9
2252.42235,684.72222,228.1185,22.05849,3375.89326,3662.34123,1.0,1.0,58.84718,2573.05949,1.2993,342.31367,161.23946,6.12642,1.0,5.47755,9.5,1.09696,104.48686,ASC.10_0
2305.81123,735.0,238.6185,21.34979,3467.28215,3112.67456,1.07708,1.52522,61.62496,2258.44838,1.0,370.25812,131.46168,4.95976,1.0,6.12688,17.16667,1.0,90.59797,ASC.10_1
2387.58901,680.44444,234.17405,15.04497,3473.78215,4151.89678,1.0,4.38378,60.62496,2022.6706,1.18819,339.25812,141.62835,5.11046,1.0,5.22577,19.11111,1.48585,102.54241,ASC.10_2
2716.36679,555.38889,216.06294,19.27924,4117.3377,2720.34123,1.03854,6.60089,68.62496,1870.72616,1.26527,456.59145,153.1839,9.24519,1.0,8.99843,22.11111,1.38784,95.20908,ASC.10_3
2303.36679,435.27778,201.22961,18.57054,3257.11548,2333.45234,1.0,2.69189,54.51384,1787.11505,1.11562,336.31367,142.57279,6.65004,1.0,3.05044,18.05556,1.4848,66.04241,ASC.10_4
2579.4779,560.44444,186.39628,31.45943,3788.94881,2891.00789,1.0,4.909,57.29162,1744.89283,1.14965,363.14701,142.35057,6.45976,1.0,5.78488,23.88889,1.9717,90.65352,ASC.10_5
2248.20012,591.61111,196.72961,12.91887,3351.05993,2627.50789,1.0,1.0,63.0694,1676.50394,1.2993,347.48034,124.57279,4.18996,1.0,6.18243,11.38889,1.0,100.09797,ASC.10_6
2495.92235,407.05556,172.39628,6.6696,3822.94881,2500.00789,1.0,7.76755,47.84718,1613.78172,1.23124,345.14701,132.23946,4.73753,1.0,3.59732,4.77778,1.29088,77.20908,ASC.10_7
2416.53346,585.66667,207.28516,19.50293,3568.72659,2629.78567,1.11562,2.05044,57.95829,1582.28172,1.26527,320.09145,118.57279,5.83268,1.0,4.04177,14.22222,1.09696,102.09797,ASC.10_8
2228.92235,535.16667,177.6185,11.07201,3375.22659,3014.39678,1.03854,1.52522,47.84718,1519.33727,1.15416,287.0359,95.96168,5.08683,1.0,5.17888,11.5,1.0,88.26464,ASC.10_9
2853.45121,205.9865,452.42354,24.94071,4542.96463,140.93314,1.0,1.0,220.97282,1260.65243,2.53321,610.27778,241.29501,6.53095,1.0,4.7089,2.88889,1.0,124.69478,ASC.11_0
2368.06232,197.87539,415.42354,17.05275,3908.52018,245.78859,1.0,1.0,176.30616,1098.04132,1.90589,450.5,195.46168,8.14239,1.0,4.45335,12.66667,1.0,103.13922,ASC.11_1
2323.50676,143.31983,306.42354,18.16433,3911.52018,20.40724,1.0,1.0,157.08393,1003.87465,3.2238,471.5,205.40612,4.47572,1.0,4.6289,1.0,1.68912,120.30589,ASC.11_2
1995.72899,167.54205,299.31243,32.82867,3338.79796,19.76647,1.0,1.0,154.41727,977.59687,1.99308,513.66667,173.96168,3.31704,1.21778,2.57556,1.94444,1.0,92.25033,ASC.11_3
2465.28454,161.54205,349.09021,56.38235,4103.40907,59.59603,1.0,1.0,157.41727,920.15243,1.68367,477.55556,172.73946,5.99934,1.0,4.65778,1.0,1.0,122.63922,ASC.11_4
2610.8401,152.43094,336.75687,31.21895,4490.07574,133.61816,1.0,1.0,152.41727,894.04132,2.86654,510.38889,217.85057,5.68996,1.10889,8.45779,1.0,1.0,152.19478,ASC.11_5
2401.61787,172.65317,353.20132,14.44164,3955.85352,101.98869,1.0,1.0,171.63949,877.9302,2.53321,458.33333,187.51724,6.44379,1.0,6.23557,2.88889,1.0,85.80589,ASC.11_6
2001.78454,102.93094,278.4791,6.55369,3223.07574,88.18502,1.0,1.64444,130.86171,799.48576,2.33491,396.0,169.23946,3.49169,1.32667,1.71334,1.0,1.0,93.80589,ASC.11_7
2294.3401,186.59761,298.31243,13.99907,3847.96463,142.53671,1.0,1.0,155.08393,788.70798,1.90589,441.66667,205.35057,7.2056,1.0,6.28668,2.88889,1.34456,117.13922,ASC.11_8
2358.56232,152.43094,325.14576,31.38469,4116.29796,33.64782,1.0,1.0,157.52838,736.48576,2.44602,450.33333,195.46168,5.93581,1.0,3.18445,8.55556,1.0,126.19478,ASC.11_9
1643.02529,78.66667,78.91277,2.66565,1867.69917,1.0,1.0,1.0,16.39154,866.24819,1.0,197.01402,50.67087,3.27778,1.0,4.96676,1.90612,1.0,80.01125,ASC.12_0
1511.1364,113.22222,70.135,4.33129,1748.47695,1.0,1.0,1.0,15.9471,687.8593,1.0,175.34735,39.60195,2.88889,1.0,3.34733,1.12945,1.04207,76.51125,ASC.12_1
1569.58085,100.11111,116.69055,4.33129,1692.14362,1.0,1.0,1.0,11.72488,551.8593,1.0,186.23624,35.21306,1.88889,1.0,2.57787,3.20334,1.04207,47.84458,ASC.12_2
1156.69196,61.72222,58.135,1.0,1391.47695,5.22749,1.0,1.0,8.60436,441.41485,1.0,144.62513,29.21306,2.44444,1.0,2.75284,5.27723,1.0,45.0668,ASC.12_3
1135.58085,70.88889,43.80166,1.0,1278.14362,3.81833,1.0,1.99299,7.37273,412.3702,1.0,109.73624,27.76862,2.61111,1.0,4.65705,3.33278,1.0,40.78903,ASC.12_4
1400.08085,68.88889,62.91277,2.66565,1506.75473,20.26277,1.0,1.0,7.16932,342.02596,1.0,166.51402,28.21306,3.83333,1.0,2.8084,2.38834,1.0,48.67792,ASC.12_5
1266.30307,59.77778,219.135,2.66565,1459.81029,1.0,1.0,1.0,6.61377,336.80374,1.0,137.95846,30.80308,3.55556,1.0,1.26947,1.0,1.0,42.34458,ASC.12_6
1200.58085,86.88889,50.46833,1.0,1358.36584,2.40916,1.0,1.0,12.05821,323.31464,1.0,119.45846,34.49084,2.88889,1.0,6.73622,1.64723,1.0,54.40014,ASC.12_7
1075.35863,61.72222,61.135,1.0,1258.47695,1.0,1.0,1.0,8.59495,260.59242,1.0,107.62513,22.41419,3.16667,1.0,2.8084,1.12945,1.0,36.84458,ASC.12_8
1130.74752,54.77778,140.41277,1.0,1324.75473,5.22749,1.0,1.0,7.93769,242.80374,1.0,100.73624,25.64977,3.0,1.0,3.73753,2.64723,1.0,31.62236,ASC.12_9
1243.95855,105.33003,355.22954,1.0,2333.69024,1.0,1.0,1.0,146.21521,1309.20281,4.80834,516.66557,199.05556,2.60889,1.0,2.58955,1.0,1.29309,161.77778,ASC.13_0
1461.01411,79.27448,353.39621,1.0,2634.57913,15.01855,1.0,1.0,190.43743,1172.75837,5.66223,490.22112,216.38889,2.76111,1.0,1.63582,1.0,1.29309,181.05556,ASC.13_1
1576.06967,129.66337,378.50732,1.0,2758.52358,15.01855,1.0,1.0,223.54854,1115.25837,5.58611,533.77668,265.94444,2.27556,1.0,3.35191,1.0,2.36396,201.38889,ASC.13_2
1303.68078,102.27448,314.89621,1.0,2412.57913,19.12966,1.0,1.0,199.21521,1073.14726,4.09445,468.16557,225.44444,1.99167,1.0,4.11426,1.0,1.68198,179.88889,ASC.13_3
1391.51411,108.3117,347.61843,1.0,2491.41246,1.0,1.0,1.0,177.32632,1004.86948,4.10056,501.72112,242.88889,2.90722,1.0,1.0,1.0,1.97507,172.72222,ASC.13_4
1283.29189,93.10781,310.72954,1.0,2233.85691,21.18522,1.0,1.0,160.1041,926.42503,5.03056,439.9989,197.77778,3.20556,1.0,1.31791,1.0,1.0,160.72222,ASC.13_5
1589.68078,135.60781,386.61843,3.63151,2716.46802,1.0,1.0,1.0,219.32632,926.42503,4.28778,518.9989,262.94444,2.42167,1.0,2.58955,1.0,2.46544,199.44444,ASC.13_6
1501.79189,74.94114,297.45176,1.0,2780.85691,20.0742,1.0,1.0,177.54854,894.98059,2.83722,402.88779,209.22222,2.23445,1.0,1.31791,1.0,2.36396,156.77778,ASC.13_7
1116.18078,56.88559,283.06287,1.0,2009.19024,1.0,1.0,1.0,181.32632,811.31392,3.91334,418.05446,196.83333,2.12333,1.0,2.84262,1.0,1.29309,166.38889,ASC.13_8
1235.403,74.05226,272.45176,1.0,2168.19024,25.29633,1.0,1.0,177.32632,748.0917,3.69111,383.05446,207.22222,2.01222,1.0,1.95373,1.0,1.0,154.5,ASC.13_9
3345.65929,1473.71892,224.20132,1084.71092,11608.57543,551.66994,1.0,1.77896,2629.90634,22856.58211,98.99562,1063.66667,4639.61111,2.0,1.0,2.26024,1.0,66.00313,45.86744,ASC.14_0
3081.04818,1119.21892,195.14576,950.65537,9493.8532,459.69961,1.0,1.77896,2176.96189,21205.80433,82.99562,846.55556,3911.61111,1.61111,1.0,1.8158,1.0,61.6698,76.64521,ASC.14_1
3155.38151,1360.71892,154.14576,1087.15537,10686.8532,329.31449,1.0,1.0,2396.23967,19028.74878,96.21784,778.5,4293.44444,2.44444,1.0,1.0,15.84958,65.50313,45.92299,ASC.14_2
3204.49262,1305.94114,145.92354,947.9887,10008.13098,376.75893,1.0,1.0,2237.90634,18161.52656,94.55117,726.38889,4006.0,2.5,1.0,1.92839,15.43563,51.28091,41.70077,ASC.14_3
2643.38151,1022.10781,136.36798,803.4887,8570.13098,534.34038,1.0,1.0,1858.35078,17247.30433,75.88451,633.16667,3213.83333,1.88889,1.0,1.0,3.5359,43.72535,47.25632,ASC.14_4
2846.10373,1227.21892,151.70132,927.32203,9186.3532,854.69584,1.0,1.0,1984.18411,15854.74878,82.66228,658.05556,3726.38889,2.66667,1.0,1.0,8.37465,49.72535,33.20077,ASC.14_5
2738.43707,1108.16337,97.92354,815.96772,8456.51987,403.66994,1.0,1.0,1792.573,14637.471,69.66228,535.88889,3135.33333,1.22222,1.0,1.0,2.06097,41.4534,33.0341,ASC.14_6
2811.60373,1128.27448,146.4791,898.9887,8152.51987,4202.61439,1.0,1.0,1764.51745,13175.91545,72.32895,477.27778,3037.16667,3.05556,1.0,2.07457,30.74931,37.89202,83.42299,ASC.14_7
2559.49262,1104.94114,112.14576,682.32203,7544.01987,1333.64028,1.0,1.0,1698.96189,12530.74878,77.32895,489.83333,2888.5,2.0,1.0,1.0,15.4966,32.94758,68.08966,ASC.14_8
2475.7704,930.16337,80.4791,795.65537,7506.8532,812.4256,1.0,1.0,1610.46189,11648.13767,70.10673,386.27778,2792.77778,2.27778,1.0,1.18568,13.07722,28.89202,38.08966,ASC.14_9
5390.59516,2213.55226,163.34087,1953.12751,26481.86806,138.11111,1.0,1.0,4126.29411,25554.89491,119.46628,1505.68001,6446.97778,4.70593,1.77778,2.74001,6.37927,47.57933,16.72736,ASC.15_0
5336.87293,2358.21892,129.72976,1870.5164,22022.53473,259.11111,1.0,1.0,3871.79411,23429.33935,114.79961,1322.73557,6000.42222,5.18198,1.0,3.84668,5.9252,44.02377,16.99868,ASC.15_1
4576.5396,2155.94114,111.72976,1592.18307,19433.75695,58.22222,1.0,1.0,3520.40522,22104.83935,94.57739,1271.68001,5635.14444,4.84864,1.0,1.08,2.11778,35.85711,14.16535,ASC.15_2
4684.26182,1979.94114,119.84087,1651.40529,17320.31251,125.83333,1.0,1.0,3175.01633,21126.06157,86.02183,1188.95779,5462.36667,5.27712,1.77778,3.76667,4.35335,51.85711,19.10333,ASC.15_3
4663.0396,1945.71892,120.17421,1625.57195,17633.59028,41.77778,1.0,1.0,3296.683,20195.45046,93.13294,1076.23557,5259.36667,5.24519,1.77778,2.74001,2.49038,39.41266,9.80618,ASC.15_4
4691.87293,1790.9967,126.28532,1447.57195,15435.59028,13.0,1.0,1.0,3190.29411,19265.11713,91.91072,994.5689,5161.14444,6.98338,1.77778,2.16,3.23557,33.22483,12.72736,ASC.15_5
4585.0396,1775.9967,126.95199,1225.84973,15174.53473,111.55556,1.0,1.0,3143.46078,18166.67269,84.57739,888.0689,4740.03333,5.54692,4.33333,2.10445,2.49038,30.13488,12.54778,ASC.15_6
4387.42849,1749.55226,128.50754,1408.84973,14512.2014,35.44444,1.0,1.0,3152.683,17352.17269,81.91072,800.34668,5080.25556,5.28511,6.0,7.48668,1.74519,35.98541,16.82556,ASC.15_7
4426.92849,1740.4967,126.17421,1163.84973,14618.53473,33.44444,1.0,1.0,2838.46078,16453.61713,78.57739,992.84668,4441.7,5.88025,2.66667,4.40001,1.74519,30.76319,11.64597,ASC.15_8
3870.42849,1539.44114,115.28532,1398.5164,13863.97917,181.11111,1.0,1.0,2786.29411,15718.11713,66.35516,887.84668,4367.08889,4.38823,1.77778,1.68667,1.74519,35.30155,11.79972,ASC.15_9
1247.48846,73.37667,92.36287,1.0,1710.3002,32.78216,1.0,1.0,22.59468,2456.43314,1.0,192.62446,62.61111,2.94444,1.0,7.75779,1.51779,1.82751,33.84444,ASC.16_0
1332.09957,72.54875,84.91843,8.67356,1817.3002,120.0326,1.0,1.0,18.51409,2010.93314,1.0,191.51335,78.94444,3.16667,1.0,9.98001,4.90612,1.0,26.38889,ASC.16_1
1241.32179,65.32653,91.80732,6.01379,1731.35575,146.89678,1.0,1.3488,15.03913,1806.54425,1.0,198.5689,61.05556,4.22222,1.0,8.40001,3.38834,1.87724,32.87778,ASC.16_2
1400.65512,86.4932,91.36287,8.67356,1927.63353,124.78392,1.0,1.1744,21.8169,1701.37759,1.0,186.23557,82.83333,4.44444,1.0,9.17557,9.99835,1.0,28.4,ASC.16_3
991.04401,54.39632,113.14065,1.0,1365.35575,83.0326,1.0,1.0,18.94836,1612.59981,1.0,195.79112,75.72222,3.38889,1.0,9.90001,3.46223,1.43862,43.62222,ASC.16_4
1361.98846,83.54334,93.25176,3.50689,1896.13353,87.83947,1.0,1.1744,20.26135,1544.09981,1.0,178.68001,78.44444,4.55556,1.0,10.40001,1.25889,1.43862,33.01111,ASC.16_5
1041.76624,56.20459,85.91843,6.01379,1499.57797,112.19751,1.0,1.1744,17.84742,1491.65536,1.0,163.18001,61.5,2.88889,1.0,6.15112,2.12945,1.0,30.68889,ASC.16_6
1445.37735,91.96271,94.36287,1.0,1970.68908,72.05906,1.0,1.0,20.70579,1428.93314,1.0,221.29112,70.55556,2.77778,1.0,9.98224,1.51779,1.0,41.01111,ASC.16_7
1433.59957,74.6741,89.80732,6.06245,1933.07797,175.2557,1.0,1.1744,19.03913,1339.4887,1.0,189.45779,74.55556,3.77778,1.0,15.62001,1.25889,1.43862,31.4,ASC.16_8
1335.32179,77.01827,105.5851,1.0,1778.68908,162.00526,1.0,1.0,22.92802,1333.9887,1.0,214.01335,85.61111,2.33333,1.0,11.5689,1.64723,1.43862,32.82222,ASC.16_9
2186.23837,87.87539,311.47619,1.0,3850.11296,180.27446,1.0,1.0,135.12726,1378.66645,3.66667,621.26667,197.38594,3.29478,1.0,1.0,9.53612,9.65261,58.05556,ASC.17_0
1705.68282,55.4865,213.92063,1.0,2885.27962,234.08138,1.0,1.0,106.01615,1147.88868,1.27778,452.65556,123.88594,3.57255,1.0,1.48019,9.40667,3.2249,111.72222,ASC.17_1
1744.51615,92.81983,199.03174,1.0,3003.89074,144.86796,1.0,1.0,105.79393,1016.77756,2.16667,428.15556,135.66372,2.59648,1.0,1.24009,1.0,3.53882,101.11111,ASC.17_2
1857.73837,88.76428,244.25396,1.0,3363.61296,48.70736,1.0,2.11111,124.79393,938.27756,2.61111,503.98889,160.10816,3.69217,1.0,1.0,1.38834,2.44578,76.55556,ASC.17_3
1725.07171,74.65317,212.86507,1.0,2842.5574,149.44112,1.0,1.0,95.46059,849.33312,1.94444,451.26667,124.60816,3.4136,1.0,1.24009,1.25889,2.85408,98.38889,ASC.17_4
1587.84948,52.84752,211.30952,1.0,2821.33518,123.54343,1.0,3.22222,100.23837,765.1109,1.38889,441.15556,128.33038,2.99308,1.0,1.48019,1.38834,3.89156,117.44444,ASC.17_5
1554.34948,35.6253,199.47619,1.0,2778.16851,45.83882,1.0,1.0,88.68282,733.6109,1.66667,421.15556,133.88594,3.19138,1.0,1.48019,1.12945,3.52075,80.5,ASC.17_6
1649.57171,47.37539,226.03174,1.0,2895.72407,82.01428,1.0,1.0,91.79393,670.94423,2.22222,412.1,123.55261,2.81099,1.0,1.0,1.38834,1.74163,98.22222,ASC.17_7
1319.79393,32.17393,148.92063,1.0,2359.50185,165.35642,1.0,1.0,74.46059,655.27756,1.55556,311.1,88.9415,1.92131,1.94222,1.0,1.38834,1.0,87.33333,ASC.17_8
1157.68282,26.06282,153.92063,1.0,2034.66851,38.83607,1.0,1.0,72.57171,576.88868,1.27778,356.76667,99.55261,2.42131,1.0,1.0,1.38834,2.07497,25.66667,ASC.17_9
2481.03198,134.4102,358.96819,2.45073,5466.69572,61.12976,1.0,1.0,155.71745,1230.74001,2.66824,537.88435,214.15133,3.03278,1.21778,1.0,1.0,6.02934,53.63898,ASC.18_0
2251.86531,105.29909,317.5793,1.72537,4888.69572,69.35198,1.0,1.0,134.273,1126.07335,2.17595,477.93991,176.76244,3.35167,1.10889,1.0,3.83333,4.57022,52.91675,ASC.18_1
2477.58754,130.52131,377.85708,6.94759,5367.25127,12.22232,1.0,1.0,171.49523,1047.6289,2.55713,604.10658,228.48466,3.20556,1.0,1.0,6.77778,4.23689,77.19453,ASC.18_2
2454.08754,133.35464,304.02375,1.72537,5176.97349,4.37044,1.0,1.0,135.38411,994.96224,3.17595,474.38435,196.20688,2.81667,1.10889,1.0,2.88889,1.71698,42.3612,ASC.18_3
2203.53198,103.24353,320.0793,2.81342,4769.58461,68.92609,1.0,1.0,133.16189,926.79557,2.6204,466.16213,176.20688,3.53889,1.0,1.88889,3.83333,3.79245,55.30564,ASC.18_4
2406.03198,120.52131,350.30153,8.70545,5292.36238,52.5372,1.0,1.0,158.05078,921.29557,3.13661,467.10658,214.15133,3.28167,1.0,1.0,6.77778,3.51991,50.91675,ASC.18_5
2366.7542,111.35464,299.69041,7.98008,4799.25127,10.16676,1.0,1.0,152.05078,879.57335,1.75543,500.10658,188.59577,3.87834,1.21778,2.33333,4.83333,3.45911,53.69453,ASC.18_6
2358.64309,107.35464,310.80153,5.78721,4873.36238,246.16696,1.0,1.0,146.60634,832.51779,2.6289,455.66213,189.70688,3.475,1.10889,1.0,2.94444,2.38365,43.19453,ASC.18_7
2077.03198,87.24353,264.41264,2.45073,4569.41794,224.29653,1.0,1.0,134.49523,764.51779,2.12811,445.99546,192.15133,3.65611,1.0,1.88889,1.94444,2.74213,37.47231,ASC.18_8
2149.08754,119.57686,255.85708,1.36268,4444.86238,1.0,1.0,1.0,136.16189,733.18446,1.79478,431.71769,170.76244,2.45667,1.10889,2.33333,2.88889,1.69182,46.13898,ASC.18_9
1644.51418,137.05556,74.64922,21.96471,3251.34391,24.92599,1.0,1.0,19.67309,1394.41883,1.0,172.61111,48.76867,3.01834,1.0,4.9112,1.0,1.0,23.3319,ASC.19_0
1773.01418,117.05556,73.76033,6.2485,3363.06613,23.81498,1.0,1.0,22.45087,1200.36327,1.0,186.94444,55.602,1.65833,1.0,2.75284,1.0,1.0441,29.22078,ASC.19_1
1680.62529,133.16667,65.5381,14.07882,3385.2328,1.0,1.0,1.0,15.56198,1006.41883,1.0,177.5,48.102,3.21167,1.0,2.75284,1.0,1.0,27.77634,ASC.19_2
1574.45863,100.77778,46.31588,3.63739,3074.56613,87.11131,1.0,1.0,16.61065,901.64105,1.0,150.38889,42.76867,2.53278,1.0,3.33202,1.53049,1.0441,16.16523,ASC.19_3
1635.90307,137.16667,48.64922,1.0,3235.45502,126.48165,1.0,1.0,17.36409,823.0855,1.0,150.16667,37.15756,2.06167,1.0,2.3084,1.0,1.0,21.94301,ASC.19_4
1547.79196,109.0,57.64922,6.27477,2901.78835,16.70377,1.0,2.11111,15.89531,759.86327,1.0,154.72222,41.26867,2.60889,1.0,3.79178,1.0,1.0,22.05412,ASC.19_5
1646.2364,114.11111,60.98255,6.2485,3204.12168,1.0,1.0,1.0,15.67309,728.5855,1.0,166.72222,42.82422,2.185,1.0,5.96545,1.0,1.0,28.77634,ASC.19_6
1520.12529,94.88889,45.42699,1.24549,2596.2328,29.98165,1.0,1.0,13.61065,670.97438,1.0,116.0,24.102,2.64389,1.0,2.6168,1.0,1.0,20.72078,ASC.19_7
1490.29196,104.94444,54.5381,1.16366,2660.06613,16.70377,1.0,1.0,16.19054,665.75216,1.0,162.05556,31.513,3.09445,1.0,3.57787,1.0,1.0,19.1437,ASC.19_8
1240.79196,78.72222,43.09366,1.08183,2191.95502,81.68532,1.0,1.0,13.56198,629.19661,1.0,126.61111,20.36844,2.54722,1.0,1.53893,1.0,1.0,20.81037,ASC.19_9
2998.28799,138.18402,105.92354,3.38763,5936.49,1.0,1.0,1.0,53.88889,7499.41883,1.85913,199.02562,179.01724,1.78139,1.0,1.24001,3.37392,1.0,83.96007,ASC.2_0
2777.95465,105.79513,104.36798,1.0,5555.43445,1.0,1.0,1.0,53.0,7142.64105,1.0,201.24784,151.85057,1.73747,1.0,1.05333,1.0,1.14587,68.73784,ASC.2_1
2950.17687,126.79513,105.36798,2.19382,5560.04556,1.0,1.0,1.0,58.0,6591.5855,1.13823,197.63673,178.23946,2.29483,1.0,1.13334,1.0,1.4376,74.34896,ASC.2_2
2437.56576,116.68402,92.59021,1.0,5349.21222,2.68522,1.0,1.0,58.11111,6046.41883,1.20734,171.19229,157.96168,1.0,1.0,1.10667,1.0,1.0,59.7934,ASC.2_3
2082.62132,105.57291,76.14576,1.0,4455.60111,31.66686,1.0,1.0,55.33333,5573.97438,1.06911,162.97007,149.1839,1.0,1.0,1.13334,1.0,1.0,46.68229,ASC.2_4
2065.95465,114.62846,67.03465,1.0,4300.99,1.0,1.0,1.0,55.11111,5149.14105,1.20734,159.69229,139.40612,2.08424,1.0,1.13334,1.79131,1.14587,45.34896,ASC.2_5
1659.06576,72.40624,60.92354,3.38763,3664.71222,31.66686,1.0,1.0,58.11111,4892.0855,1.06911,173.3034,126.07279,1.19535,1.0,1.05333,1.79131,1.0,40.23784,ASC.2_6
1872.12132,84.4618,74.81243,1.0,4006.71222,1.0,1.0,1.0,47.11111,4708.64105,1.0,143.02562,115.01724,1.09767,1.0,1.10667,1.0,1.0,46.23784,ASC.2_7
1700.28799,92.4618,68.92354,2.19382,3712.71222,6.42599,1.0,1.0,60.44444,4519.75216,1.06911,160.35895,141.6839,1.19535,1.0,1.16,1.0,1.0,46.12673,ASC.2_8
1512.73243,75.4618,62.92354,1.0,3324.99,1.0,1.0,1.0,46.0,4194.41883,1.0,157.91451,117.79501,1.19535,1.0,2.49778,1.0,1.0,49.12673,ASC.2_9
3467.16258,547.27778,195.59957,44.77995,7928.99593,36.16197,1.0,1.0,97.92893,15790.88288,1.0,203.21788,282.62835,29.57852,1.0,1.16547,1.65701,7.53542,349.88745,ASC.20_0
3103.94036,461.44444,174.04401,1.26688,7255.32927,21.01643,1.0,1.0,89.26226,12907.38288,1.02392,168.99566,279.57279,20.02297,1.0,1.4964,1.0,4.69903,284.60967,ASC.20_1
2920.99592,389.72222,159.71068,21.02396,6630.99593,6.41002,1.0,1.0,86.15115,11584.16066,1.02392,162.77343,212.62835,22.57852,1.0,2.21982,1.0,1.75153,259.05412,ASC.20_2
2720.49592,357.5,156.59957,10.80174,6342.99593,75.86698,1.0,1.0,80.59559,10544.77177,1.04784,175.4401,194.46168,17.46741,1.0,2.55075,1.65701,1.50102,263.10967,ASC.20_3
2790.32925,370.66667,139.26624,22.0915,6324.88482,49.46948,1.0,1.0,71.81781,10161.54954,1.02392,131.10677,191.90612,16.8563,1.0,3.27418,1.65701,1.75153,251.05412,ASC.20_4
2615.38481,368.44444,157.71068,21.29085,5868.32927,17.9867,1.0,1.0,69.37337,9395.49399,1.0,170.4401,204.51724,15.96741,1.0,2.27178,4.94206,1.0,290.10967,ASC.20_5
2498.38481,355.38889,140.59957,1.26688,5445.27371,37.46088,1.0,1.0,63.7067,8990.99399,1.16746,151.99566,182.73946,14.18963,1.0,5.21742,2.97103,2.16769,254.55412,ASC.20_6
2439.16258,363.61111,142.9329,1.80065,5274.21816,4.35446,1.0,1.0,60.59559,8576.54954,1.0,160.71788,169.29501,12.30074,1.0,2.55436,1.65701,1.0,251.72078,ASC.20_7
2508.49592,332.22222,142.37735,4.62309,5197.77371,7.70892,1.0,1.0,56.7067,8376.99399,1.04784,155.49566,190.62835,15.57852,1.0,1.0,1.65701,1.25051,317.88745,ASC.20_8
2425.88481,350.44444,159.26624,1.53377,5165.38482,8.03365,1.0,1.0,56.37337,8162.04954,1.02392,163.9401,174.96168,15.02297,1.43556,1.0,1.65701,1.25051,267.27634,ASC.20_9
5742.72033,262.38889,279.14576,255.97051,7273.28937,558.63694,1.0,1.0,419.67309,1226.47438,4.49387,439.76667,231.66667,5.83268,1.0,3.75556,5.18001,138.99938,71.71033,ASC.21_0
5500.49811,245.33333,298.42354,232.63717,7203.90048,858.52583,1.0,1.0,397.56198,1147.91883,4.46994,433.21111,240.38889,5.74552,1.0,4.11111,5.35335,138.61049,69.59922,ASC.21_1
5317.55366,215.11111,271.86798,201.85939,6653.56715,626.00822,1.0,1.0,394.95087,1048.02994,4.80328,421.04444,250.33333,4.96774,1.0,2.68889,2.86297,127.05493,65.377,ASC.21_2
4987.94255,202.88889,251.25687,168.55239,6409.78937,505.54343,1.0,1.0,351.61753,1011.52994,2.04942,372.32222,215.5,4.52329,1.0,4.2,2.86297,112.2216,58.54366,ASC.21_3
5014.83144,226.11111,272.53465,199.80094,6618.51159,348.1342,1.0,1.0,365.7842,948.75216,3.84262,399.48889,224.55556,7.30873,1.0,2.68889,3.23557,132.99938,59.32144,ASC.21_4
4805.22033,185.77778,271.75687,174.02317,5958.40048,642.39711,1.0,1.0,351.72864,948.75216,2.24772,382.37778,219.33333,6.43581,1.0,4.28889,2.49038,105.16604,58.32144,ASC.21_5
5182.887,213.94444,296.09021,164.3536,6590.67826,517.16335,1.0,1.0,387.56198,912.14105,3.37425,446.6,234.0,4.99934,1.0,4.2,1.37259,134.33271,61.93255,ASC.21_6
5100.387,242.27778,257.25687,197.49394,6576.90048,557.35036,1.0,1.0,362.11753,859.91883,1.90589,408.04444,223.33333,4.07087,1.0,3.13333,2.86297,109.66604,60.93255,ASC.21_7
4456.44255,242.33333,237.59021,179.93549,5751.78937,525.33001,1.0,1.0,340.89531,854.47438,2.00158,370.1,211.38889,5.87227,1.0,2.33333,1.74519,105.2216,54.04366,ASC.21_8
4698.55366,216.16667,249.03465,168.68983,5833.67826,354.00548,1.0,1.0,328.33976,796.80772,2.97765,346.76667,197.88889,4.93581,1.0,2.33333,8.67039,129.38827,55.98811,ASC.21_9
1795.83599,1102.31781,175.41253,520.10937,6814.74761,2167.88889,1.07611,1.48084,1218.60283,10575.26852,63.88889,1288.71788,2709.17376,1.395,8.5,9.66667,4.77778,27.23215,17.04642,ASC.23_0
1770.28043,951.81781,147.30142,589.66492,7089.96983,2462.0,1.0,1.16028,1216.49172,10013.49074,61.77778,1348.16232,2760.39598,1.54111,4.33333,9.05556,3.83333,25.30402,15.15753,ASC.23_1
1734.50265,904.26226,134.85697,509.66492,6770.74761,2205.0,1.0,1.48084,1183.49172,9572.5463,63.33333,1304.60677,2480.56265,1.79,5.16667,7.5,1.0,20.32364,16.04642,ASC.23_2
1736.9471,960.04004,130.30142,393.66492,6856.19206,2262.55556,1.0,1.8014,1090.43616,9142.15741,60.11111,1279.32899,2479.22932,1.0,2.66667,9.22222,12.55556,20.69125,19.54642,ASC.23_3
1646.11377,914.42893,166.1903,418.85638,5953.1365,2747.61111,1.0,1.64112,1039.49172,8863.87963,60.0,1449.32899,2280.67376,1.63778,3.5,8.11111,1.94444,21.76808,21.93531,ASC.23_4
1482.39154,807.48448,118.30142,335.93672,5431.46983,3177.88889,1.0,1.64112,891.8806,8549.10186,48.0,1315.21788,1923.95154,1.74889,5.16667,8.83333,4.88889,17.78605,19.99086,ASC.23_5
1503.4471,841.54004,151.91253,483.88714,5483.58094,4097.77778,1.0,1.48084,913.10283,8249.82408,52.77778,1231.66232,2010.84043,1.92167,6.0,9.83333,1.94444,20.17659,17.21309,ASC.23_6
1752.28043,902.26226,161.1903,385.99825,6335.41428,3304.05556,1.0,2.12196,996.43616,8045.49074,51.44444,1306.21788,1960.95154,1.79,1.83333,15.72222,4.77778,11.61938,13.17038,ASC.23_7
1546.11377,876.09559,127.30142,318.77603,5496.69206,2384.77778,1.0,3.97445,849.26949,7819.65741,45.66667,1128.99566,1835.56265,1.74889,1.83333,13.44444,1.94444,12.71087,15.72594,ASC.23_8
1646.16932,737.7067,106.1903,349.77603,5976.30317,1789.83333,1.07611,2.44252,918.8806,7630.71297,48.66667,1151.05121,1965.11821,1.26333,3.5,14.66667,4.77778,8.65201,14.94816,ASC.23_9
1213.05577,64.9102,61.23137,1.0,2039.44778,128.16667,1.0,1.0,10.98983,357.69263,1.0,59.65352,20.14564,2.61111,1.0,2.14077,1.0,1.0,21.01111,ASC.24_0
1081.3891,71.96575,51.39804,1.0,1845.61444,210.16667,1.0,1.0,16.84967,336.80374,1.0,55.65352,31.92342,4.66667,1.0,1.20151,1.0,1.0,19.62222,ASC.24_1
1144.33355,135.93869,51.28693,1.0,1887.17,322.77778,1.05556,1.93245,18.9753,315.91485,1.0,64.76463,32.11094,3.5,1.0,1.0,1.0,1.78155,19.32222,ASC.24_2
1112.44466,82.86961,48.95359,1.0,1797.17,382.5,1.11111,1.0,12.96078,284.47041,1.0,58.54241,25.14564,5.11111,1.0,1.10075,1.0,1.0,23.62222,ASC.24_3
1082.44466,70.07686,36.50915,1.0,1818.44778,288.16667,1.11111,1.0,9.96078,242.80374,1.0,65.4313,25.92342,5.44444,1.0,1.0,1.0,1.0,20.23333,ASC.24_4
1005.05577,73.96575,51.17581,1.0,1757.61444,371.94444,1.05556,1.0,13.07189,242.69263,1.0,53.15352,27.09008,5.38889,1.0,1.98964,1.0,1.0,16.04444,ASC.24_5
1163.27799,48.10536,67.73137,1.0,1838.72556,89.11111,1.0,1.0,9.46332,231.21444,1.0,57.9313,22.01718,2.77778,1.0,1.0,1.0,1.11205,19.78889,ASC.24_6
1046.50021,51.11889,43.39804,1.0,1742.89222,123.83333,1.05556,1.0,10.19753,195.30374,1.0,51.9313,21.14564,3.27778,1.0,1.15113,1.0,1.11205,12.2,ASC.24_7
1123.44466,62.9102,36.0647,1.0,1802.78111,331.38889,1.0,1.0,10.19753,195.30374,1.0,56.09796,16.7394,2.61111,1.0,1.10075,1.0,1.83428,17.28889,ASC.24_8
1180.33355,65.11889,37.95359,1.0,1916.11444,68.33333,1.0,2.8649,9.76761,174.76895,1.0,56.76463,25.53453,3.88889,1.0,1.15113,1.0,1.0,12.34444,ASC.24_9
2811.3625,256.38889,111.48435,18.09306,12804.31816,230.89671,1.0,1.0,470.299,7006.26852,31.75556,390.39404,558.83333,4.4042,1.0,2.14663,11.25724,22.65967,73.87975,ASC.25_0
2801.47361,260.55556,106.92879,32.32044,12553.70705,10.1964,1.0,1.0,450.24345,6785.87963,32.97778,386.5607,553.66667,4.02329,2.62511,2.59107,3.16502,13.03507,79.15753,ASC.25_1
2506.02917,220.11111,103.26212,13.10338,11277.70705,29.9953,1.0,1.0,474.18789,6486.87963,39.31111,365.33848,496.44444,2.69794,1.97507,1.0,3.77668,20.36841,82.87975,ASC.25_2
2721.30695,259.55556,104.92879,60.76489,12386.54038,8.14084,1.0,1.0,503.35456,6177.37963,35.53333,407.61626,544.72222,2.03161,1.65004,3.76137,8.36835,24.97952,70.15753,ASC.25_3
2719.52917,263.44444,105.37323,53.34693,13384.2626,2.2989,1.0,1.0,493.96567,6019.76852,34.53333,465.50515,577.22222,3.03926,1.65004,1.0,1.90612,15.2573,64.21309,ASC.25_4
2744.08472,255.33333,103.70657,40.40249,12548.81816,1.64945,1.0,1.0,454.35456,5894.26852,29.97778,407.5607,520.0,2.50766,4.75853,1.23406,1.0,11.74219,78.76864,ASC.25_5
2597.97361,296.77778,95.48435,30.67769,12221.15149,1.32473,1.0,1.23897,435.63234,5736.5463,26.31111,416.17181,497.33333,2.11078,3.78347,2.59107,1.38834,14.74219,65.10198,ASC.25_6
2760.58472,288.77778,95.81768,11.46062,12256.81816,10.1964,1.0,1.47795,450.68789,5568.93519,30.53333,401.11626,497.16667,2.44412,4.67236,1.0,1.64723,17.6176,66.21309,ASC.25_7
2611.64028,297.83333,116.92879,24.59822,11977.81816,1.64945,1.0,1.0,466.52122,5453.43519,37.2,378.61626,485.33333,3.03128,1.97507,2.59107,2.03557,19.993,76.15753,ASC.25_8
2495.30695,262.5,98.26212,36.02133,11439.37371,16.68779,1.0,1.0,444.85456,5322.43519,34.2,391.61626,505.27778,2.82502,2.30009,1.23406,2.51779,8.92234,78.49086,ASC.25_9
1573.59984,247.20872,237.64145,90.56671,9335.70994,12.14476,1.0,1.37811,459.63561,4610.1146,24.31949,337.74784,619.07697,2.3102,1.0,3.21112,8.12176,19.316,118.5,ASC.26_0
1480.98873,241.15317,233.86367,109.47336,8798.70994,18.96088,1.0,1.0,457.58005,4148.50349,23.76393,333.13673,631.46586,2.35804,1.0,8.93112,5.74784,23.67067,128.66667,ASC.26_1
1332.48873,233.9865,212.25256,75.12227,8488.48772,50.11893,1.0,1.0,456.85783,3881.05904,24.20838,303.85895,582.91031,2.34183,1.0,5.90667,3.37392,13.58956,101.33333,ASC.26_2
1502.43317,253.37539,244.53034,67.34449,9404.65438,23.07199,1.0,1.0,459.58005,3718.28127,23.65282,321.8034,662.52142,1.23843,1.0,10.26667,7.78987,7.96134,76.22222,ASC.26_3
1426.98873,254.43094,318.75256,41.51116,8872.20994,7.70892,1.0,1.0,450.35783,3587.39238,23.65282,313.08118,601.13253,1.69909,1.0,10.73557,3.37392,9.05111,83.77778,ASC.26_4
1694.82206,304.65317,188.197,120.77117,10944.37661,37.7856,1.0,1.0,499.96894,3477.05904,26.31949,322.47007,628.52142,2.05634,1.0,9.73779,1.79131,16.07245,97.38889,ASC.26_5
1673.93317,245.37539,146.36367,94.15562,11049.26549,2.62363,1.07708,1.0,469.46894,3361.94793,25.4306,346.13673,680.91031,1.31791,1.0,8.82001,1.79131,14.222,99.16667,ASC.26_6
1617.82206,253.37539,179.25256,75.06671,10173.82105,26.53365,1.07708,1.0,471.35783,3273.1146,22.98615,311.13673,640.24364,2.74693,1.0,7.82223,1.0,12.46134,90.61111,ASC.26_7
1759.76651,273.4865,192.86367,90.54007,10956.37661,18.31142,1.0,1.0,530.02449,3199.44793,23.31949,323.63673,660.52142,2.17517,2.55556,3.18667,1.0,17.48267,84.72222,ASC.26_8
1616.09984,317.09761,236.64145,50.23782,10607.98772,28.5892,1.0,1.0,496.91338,3105.1146,23.76393,325.3034,674.96586,2.00079,1.0,8.45779,2.58261,13.534,91.66667,ASC.26_9
1550.63931,628.4967,359.50498,242.52149,7528.3077,15.41198,1.03854,1.0,1057.3843,19746.77778,50.87504,581.51402,2068.12835,2.22222,2.30747,2.48207,2.88889,89.30527,60.65477,ASC.27_0
1531.86153,626.21892,276.00498,262.51468,8355.19659,11.30086,1.03854,1.0,1130.10652,17675.83333,49.4306,544.12513,2040.40612,2.88889,1.43582,2.48207,1.0,59.80527,54.71033,ASC.27_1
1799.19486,701.9967,245.7272,448.01468,9070.25215,27.74531,1.0,1.0,1193.77319,16651.22222,57.87504,491.68068,2341.29501,3.16667,1.0,18.14873,1.94444,56.52749,178.59922,ASC.27_2
1894.47264,729.21892,171.33831,456.07251,9068.64103,31.03189,1.0,1.0,1277.77319,15810.55556,58.20838,483.23624,2318.23946,1.72222,1.0,3.29178,2.88889,37.86082,62.98811,ASC.27_3
1875.80597,742.44114,216.44942,343.3571,8446.14103,17.87403,1.03854,1.0,1232.71763,15217.05556,50.87504,498.51402,2181.85057,2.38889,1.0,4.25153,1.0,38.97193,45.76588,ASC.27_4
1867.36153,698.10781,165.50498,479.12806,8693.8077,5.12265,1.0,1.0,1234.16208,14507.94444,60.87504,478.40291,2372.79501,2.33333,1.0,3.07787,1.94444,35.74971,45.82144,ASC.27_5
1675.30597,633.4967,157.83831,383.51468,8379.25215,38.01154,1.0,1.0,1127.60652,13914.5,52.76393,479.06957,2200.01724,2.66667,1.43582,16.65573,2.88889,39.74971,100.15477,ASC.27_6
1892.69486,725.55226,168.2272,445.51468,8886.52992,14.5759,1.0,1.0,1263.43985,13331.33333,54.31949,557.73624,2241.85057,2.0,1.87165,4.84733,1.94444,40.74971,34.59922,ASC.27_7
2131.19486,889.88559,102.17164,530.7369,10461.86326,2.64906,1.0,1.0,1383.10652,12874.55556,64.54171,476.68068,2610.35057,2.38889,1.0,20.84733,1.0,30.38246,237.54366,ASC.27_8
2043.75042,818.44114,93.83831,422.29246,9679.69659,35.54949,1.0,1.0,1309.05096,12564.55556,60.76393,492.40291,2640.40612,1.66667,1.0,5.87096,1.0,31.34854,50.48811,ASC.27_9
599.8806,11.02659,5.09727,1.0,1627.43097,8.48155,1.0,1.0,1.0,77.70795,1.0,1.0,2.10711,1.0,1.0,1.02667,1.0,1.0,1.0,ASC.3_0
567.15838,5.62804,5.75701,1.0,1634.09764,1.0,1.0,1.0,1.0,67.98288,1.0,1.0,1.27378,1.0,1.0,1.05333,1.0,1.0,1.0,ASC.3_1
666.32505,10.96865,4.8695,1.0,1867.93097,6.05565,1.0,1.0,1.0,34.49144,1.0,1.0,1.992,1.0,1.0,1.05333,1.0,1.0,1.0,ASC.3_2
407.54727,2.31402,4.65144,1.0,1271.31986,1.0,1.0,1.0,1.0,15.88508,1.0,1.133,1.0,1.0,1.0,1.02667,1.0,1.0,1.2068,ASC.3_3
493.3806,1.0,10.75286,1.0,1582.09764,1.0,1.0,1.0,1.0,1.0,1.0,2.06567,1.82134,1.26333,1.0,1.02667,1.0,1.0,1.1034,ASC.3_4
324.99172,16.39616,11.86397,1.0,1015.09764,4.74077,1.0,1.0,1.0,1.0,1.0,1.0,1.0,1.0,1.0,1.13334,1.0,1.0,1.0,ASC.3_5
474.54727,1.0,3.98892,1.0,1197.04208,2.68522,1.0,1.0,1.0,1.0,1.0,1.0,1.0,1.0,1.0,1.16,1.0,1.0,1.0,ASC.3_6
277.26949,1.0,1.65836,1.0,682.1532,1.0,1.0,1.0,1.0,1.0,1.0,1.0,1.0,1.0,1.0,1.05333,1.0,1.0,1.0,ASC.3_7
399.3806,3.62804,3.88058,1.0,1009.26431,1.0,1.0,1.0,1.0,1.0,1.0,1.0,1.0,1.0,1.0,1.0,1.0,1.0,1.0,ASC.3_8
525.76949,1.65701,7.65559,1.0,1414.31986,1.0,1.0,1.0,1.0,1.0,1.0,1.0,1.0,1.0,1.0,1.21334,1.0,1.0,1.0,ASC.3_9
1434.37425,120.55226,62.97231,1.0,2721.70019,39.83333,1.0,1.0,19.57282,914.33935,1.0,104.24784,50.59471,3.16667,1.0,3.2583,1.12945,1.0,25.41675,ASC.4_0
1353.15202,129.38559,61.19453,1.0,2730.92241,5.05556,1.0,1.0,18.68393,840.72824,1.0,125.13673,52.65026,3.77778,1.0,1.0,1.25889,1.0,22.75009,ASC.4_1
1293.48536,131.4967,53.30564,3.39912,2590.14463,68.61111,1.0,1.0,19.79504,782.89491,1.0,90.8034,56.92804,4.16667,1.0,8.0861,8.27723,1.0,25.97231,ASC.4_2
1258.87425,128.44114,54.63898,1.0,2611.42241,17.27778,1.0,1.0,16.6089,704.45046,1.0,102.69229,48.5987,4.77778,1.0,1.82083,15.03667,1.0,24.75009,ASC.4_3
1342.98536,120.4967,62.63898,4.99854,2664.58908,33.66667,1.0,1.0,13.57282,631.33935,1.0,102.69229,57.20582,4.05556,1.0,1.75277,1.38834,1.0,26.25009,ASC.4_4
1389.37425,108.33003,78.8612,1.79971,2713.14463,232.5,1.0,1.0,19.23949,605.22824,1.0,97.97007,45.37248,3.0,1.0,15.60414,1.64723,1.0,26.41675,ASC.4_5
1289.26314,89.16337,57.63898,2.59942,2454.53352,111.38889,1.0,1.0,13.34772,563.00602,1.0,75.52562,44.15026,4.33333,1.0,2.26527,1.25889,1.34456,20.47231,ASC.4_6
1156.81869,80.88559,42.97231,1.79971,2369.70019,115.61111,1.0,1.0,10.94223,510.39491,1.07708,82.35895,38.20582,3.38889,1.0,1.0,1.0,1.0,24.30564,ASC.4_7
1268.31869,89.27448,50.30564,1.0,2422.58908,125.83333,1.0,1.0,15.68393,510.22824,1.0,95.47007,49.53915,2.83333,1.0,7.94998,1.51779,1.34456,29.97231,ASC.4_8
1218.48536,92.33003,53.97231,1.79971,2296.42241,60.33333,1.0,1.0,15.01727,510.22824,1.0,93.41451,50.26137,4.16667,1.0,1.75277,1.64723,1.0,21.25009,ASC.4_9
1530.35337,88.0,262.87361,10.26506,3116.52982,17.05556,1.0,1.0,100.34643,980.68078,2.017,353.20908,134.11821,4.66667,1.0,2.07787,1.0,1.20022,60.23203,ASC.5_0
1430.40893,122.16667,278.37361,5.15395,2941.64094,66.44444,1.0,1.0,110.90198,865.56967,2.15203,375.48685,158.39598,6.5,1.0,4.10149,2.03557,1.0,140.8987,ASC.5_1
1430.85337,103.0,262.70695,9.78648,2950.75205,15.22222,1.0,1.0,100.45754,792.06967,1.90589,329.87574,128.06265,6.0,1.0,1.9042,48.70334,1.0,33.62092,ASC.5_2
1369.85337,94.0,248.54028,1.0,2858.41871,35.66667,1.0,1.0,87.34643,770.73633,2.4221,378.4313,137.39598,3.66667,1.0,2.48338,1.51779,1.0,90.17648,ASC.5_3
1461.96448,108.16667,283.04028,1.0,3013.97427,13.11111,1.0,1.0,123.79087,765.56967,1.92981,364.04241,173.45154,5.66667,1.0,1.94313,2.12945,1.40044,200.34315,ASC.5_4
1270.90893,96.11111,237.59584,1.0,2767.97427,76.77778,1.0,1.0,96.67976,702.84744,1.68367,359.82019,110.45154,2.88889,1.0,4.46676,1.51779,1.20022,67.67648,ASC.5_5
1327.79782,73.83333,258.59584,5.15395,2824.86316,56.05556,1.0,1.0,110.67976,676.73633,1.83412,366.9313,152.72932,5.5,1.0,3.96676,1.25889,1.20022,499.28759,ASC.5_6
1422.46448,80.77778,230.70695,12.34203,2898.41871,33.5,1.0,1.0,83.56865,676.73633,1.54863,337.82019,123.22932,4.27778,1.0,5.18067,24.85167,1.0,35.45426,ASC.5_7
1197.74226,86.0,202.70695,5.15395,2492.97427,29.38889,1.0,1.0,83.56865,613.903,1.51621,309.82019,129.11821,2.88889,1.0,2.07787,1.51779,1.20022,32.34315,ASC.5_8
1222.68671,81.83333,223.15139,3.07697,2536.52982,15.11111,1.0,1.0,80.67976,582.73633,1.43752,294.32019,116.61821,4.5,1.0,5.9112,1.12945,1.0,153.78759,ASC.5_9
1231.66208,71.83333,58.64588,1.0,2091.28307,113.55556,1.0,1.0,15.20913,597.99881,1.0,139.74399,40.88594,1.88889,1.0,1.0,1.41763,1.35075,14.953,ASC.6_0
1056.77319,59.55556,60.64588,1.0,1829.56085,21.27778,1.0,1.0,16.09802,519.3877,1.0,137.29955,36.33038,2.44444,1.0,3.2459,1.41763,1.0,14.40121,ASC.6_1
1028.82874,44.5,55.09032,1.0,1793.00529,7.0,1.0,1.0,11.54246,456.10992,1.0,122.79955,35.9415,1.11111,1.0,3.2459,1.0,1.70151,12.16391,ASC.6_2
975.66208,28.55556,84.75699,2.92751,1643.94973,37.55556,1.0,1.0,15.20913,440.3877,1.0,127.74399,37.49705,1.33333,1.0,1.0,1.0,1.0,8.39367,ASC.6_3
942.16208,39.33333,48.42366,2.92751,1585.33862,25.38889,1.0,1.0,10.17355,363.17788,1.0,114.57732,33.05261,1.11111,1.0,1.23406,1.83526,1.0,11.06788,ASC.6_4
1222.3843,113.16667,55.53477,1.0,2021.94973,88.88889,1.0,1.0,11.54246,356.77658,1.0,127.13288,39.38594,1.88889,1.0,1.46812,1.0,1.0,10.83811,ASC.6_5
1014.8843,30.33333,150.42366,13.19312,1881.28307,58.33333,1.0,1.0,14.87579,356.77658,1.0,84.96621,31.60816,1.77778,1.0,3.94808,1.0,1.0,16.89744,ASC.6_6
1053.43985,47.83333,45.20143,1.0,1741.33862,5.05556,1.0,1.0,12.87579,356.77658,1.0,121.07732,32.55261,1.33333,1.0,1.0,1.0,1.0,5.99724,ASC.6_7
1156.43985,61.61111,63.20143,4.85503,2049.94973,76.5,1.0,1.0,10.65357,310.90011,1.0,116.91066,29.10816,2.33333,1.0,2.80145,1.0,1.0,16.66768,ASC.6_8
967.10652,43.61111,65.25699,1.0,1645.39418,33.77778,1.0,1.0,11.02467,274.289,1.0,105.52177,22.77483,1.66667,1.0,1.23406,1.0,1.0,11.16768,ASC.6_9
1340.44916,227.79513,118.52788,6.18228,2076.30572,3606.71076,1.0,1.0,185.76347,4351.17924,6.43581,144.45779,274.25556,4.83333,1.0,7.43747,5.74784,45.56673,36.69966,ASC.7_0
1118.61583,461.90624,85.86122,1.0,1706.19461,3439.82187,1.0,2.11111,193.87458,3443.79035,6.36461,125.95779,243.56667,2.05556,1.0,5.1597,3.37392,20.01918,21.92188,ASC.7_1
1166.39361,418.73958,87.19455,4.29588,1755.91683,2372.37743,1.0,1.0,230.20791,2893.12368,9.18963,140.12446,275.58889,1.55556,1.0,1.75277,2.58261,7.21422,17.83054,ASC.7_2
1179.39361,279.23958,104.52788,8.38764,1756.47238,4374.43298,1.0,1.0,169.31902,2636.34591,4.91218,159.34668,238.42222,1.83333,1.0,4.96802,1.0,10.40127,30.53299,ASC.7_3
1072.94916,219.79513,87.86122,1.0,1547.36127,3569.93298,1.0,3.22222,160.0968,2421.40146,3.16634,132.79112,191.24444,2.94444,1.0,2.57359,4.16523,11.66546,22.81077,ASC.7_4
908.11583,449.90624,69.30566,1.0,1359.63905,3111.1552,1.0,2.11111,128.82599,2258.95702,2.92017,121.29112,184.35556,2.77778,1.0,4.21525,1.0,11.27657,21.77498,ASC.7_5
1092.06027,672.51735,90.52788,1.74033,1668.80572,3288.59965,1.0,1.0,164.20791,2159.17924,4.2535,134.62446,203.36667,3.77778,1.0,2.64166,1.0,12.63708,21.03675,ASC.7_6
878.06027,392.51735,98.30566,1.0,1337.30572,4416.37743,1.0,1.0,129.31902,2028.12368,2.49967,101.95779,133.31111,2.22222,1.0,2.19721,1.79131,7.20743,18.75521,ASC.7_7
902.89361,321.68402,81.08344,1.0,1373.30572,3144.04409,1.0,1.0,144.43014,1897.06813,3.68996,105.01335,178.08889,2.11111,1.0,2.50553,2.58261,4.8673,17.12809,ASC.7_8
890.67139,327.85069,86.97233,1.0,1292.97238,2515.32314,1.0,1.0,97.54125,1823.7348,2.93613,99.40223,125.97778,2.38889,1.0,1.37638,1.0,4.58273,17.51698,ASC.7_9
706.56719,34.77346,39.79782,1.0,929.38242,1.0,1.0,1.0,1.0,1.0,1.0,47.60387,1.0,1.0,1.0,1.0,1.0,1.0,1.71116,ASC.8_0
582.01164,15.28699,42.68671,1.0,735.04908,1.0,1.0,1.0,1.0,1.0,1.0,23.74866,1.0,1.0,1.0,1.0,1.0,1.0,1.0,ASC.8_1
896.01164,48.27203,40.46448,1.0,1081.82686,1.0,1.0,1.0,1.0,1.0,1.0,29.06106,1.0,1.0,1.0,1.0,1.0,1.0,1.0,ASC.8_2
848.01164,54.59183,40.13115,1.0,1061.99353,1.0,1.0,1.0,1.14042,1.0,1.0,23.01369,1.0,1.0,1.0,1.0,1.0,1.0,1.00556,ASC.8_3
341.28941,8.01209,12.53411,1.0,447.82686,1.0,1.0,1.0,1.0,1.0,1.0,3.72679,1.0,1.0,1.0,1.0,1.0,1.0,1.01112,ASC.8_4
64.78941,3.37392,1.03815,1.0,60.82686,1.0,1.0,1.0,1.0,1.0,1.0,1.0,1.0,1.0,1.0,1.0,1.0,1.0,1.0,ASC.8_5
78.90052,6.53915,1.11445,1.0,95.04908,1.0,1.0,1.0,1.0,1.0,1.0,1.0,1.0,1.0,1.0,1.0,1.0,1.0,1.0,ASC.8_6
318.56719,10.65026,14.38818,1.0,365.04908,1.0,1.0,1.0,1.0,1.0,1.0,6.19673,1.0,1.0,1.0,1.0,1.0,1.0,1.0,ASC.8_7
60.90052,2.58261,3.67335,1.0,67.32686,1.0,1.0,1.0,1.0,1.0,1.0,1.0,1.0,1.0,1.0,1.0,1.0,1.0,1.0,ASC.8_8
384.56719,11.8034,17.3052,1.0,463.93797,1.0,1.0,1.0,1.09362,1.0,1.0,11.09018,1.0,1.0,1.0,1.0,1.0,1.0,1.0,ASC.8_9
1026.22108,228.44114,249.97841,1.0,1840.614,2531.97605,1.0,3.66372,91.53616,1073.35645,3.72222,468.9989,140.43533,4.30906,1.0,2.00148,5.77668,1.68912,40.32332,ASC.9_0
686.9433,150.77448,129.97841,1.0,1176.33622,1292.19827,1.0,3.21976,44.9806,963.46756,1.44444,234.22112,76.013,2.53926,1.0,1.18568,1.90612,1.0,35.92573,ASC.9_1
699.05442,133.55226,142.08953,4.95936,1199.39178,1116.4355,1.0,9.21829,48.09172,863.80089,1.55556,267.94334,70.53511,2.49967,1.0,2.89036,1.77668,1.0,31.82332,ASC.9_2
747.27664,223.38559,157.03397,1.7019,1284.83622,991.75382,1.0,3.49853,49.86949,800.80089,1.38889,247.88779,65.93533,3.15836,1.0,3.11554,2.64723,1.0,31.04555,ASC.9_3
745.38775,176.88559,143.8673,1.7019,1227.22511,995.92049,1.0,2.77581,47.75838,737.912,1.27778,237.72112,66.76867,2.01564,1.0,1.92839,6.79501,1.0,36.21221,ASC.9_4
781.38775,255.77448,169.75619,1.0,1362.78067,1318.75382,1.0,2.33186,68.42505,669.96756,1.61111,319.83223,98.65756,2.71391,1.0,1.55703,1.64723,1.0,32.65666,ASC.9_5
748.83219,289.05226,151.08953,1.0,1240.00289,1154.30938,1.0,3.21976,53.53616,633.412,1.16667,206.44334,80.102,1.69827,1.0,1.8158,1.51779,1.0,32.15666,ASC.9_6
745.66553,285.21892,128.97841,1.0,1233.16956,846.0316,1.0,1.0,36.75838,597.99714,1.72222,233.38779,65.15756,2.28543,1.0,1.0,2.77668,1.0,36.98999,ASC.9_7
617.77664,182.05226,127.08953,3.1057,1080.89178,1147.97605,1.0,4.66519,38.53616,550.94158,1.33333,194.44334,50.56856,2.81704,1.0,2.89036,1.25889,1.0,29.85277,ASC.9_8
659.77664,304.33003,133.08953,1.0,996.78067,1141.64271,1.0,2.77581,31.42505,538.57867,1.0,153.66557,44.93533,1.96807,1.0,1.55703,4.46223,1.68912,22.03684,ASC.9_9
1470.67564,55.08474,92.00333,1.0,3178.10837,60.22222,1.0,2.05044,72.96146,3581.5554,7.82931,426.53083,392.07485,2.40837,1.21778,4.2,4.86297,24.39772,36.99529,ASC_0A_0
1569.56453,92.58474,114.00333,1.0,3196.49726,205.88889,1.0,8.29277,74.51701,3209.33318,4.49598,370.53083,324.18596,1.63059,1.94222,3.66667,2.49038,22.10094,40.43973,ASC_0A_1
1572.2312,64.25141,80.7811,14.33668,3188.38615,52.0,1.0,2.05044,46.4059,2973.11096,5.14457,380.03083,407.46374,4.29726,2.05111,4.2,1.74519,16.93427,30.82862,ASC_0A_2
1620.39786,80.41807,76.66999,1.0,3065.83059,53.83333,1.0,1.0,41.62812,2789.72207,6.16265,340.64195,311.79707,7.79871,1.21778,2.6,1.74519,10.13748,29.43973,ASC_0A_3
1313.95342,66.36252,78.7811,2.89,2720.88615,5.05556,1.0,1.0,44.07257,2553.61096,4.61747,359.58639,305.1304,1.0,1.10889,2.06667,3.23557,17.28661,33.32297,ASC_0A_4
1315.7312,52.19585,78.22555,2.89,2583.77504,54.22222,1.0,1.52522,45.85866,2322.94429,5.17302,342.58639,306.46374,1.0,1.21778,3.22222,3.11778,15.7676,30.82297,ASC_0A_5
1147.17564,33.97363,65.55888,1.0,2316.38615,9.05556,1.0,1.0,50.43084,2092.27763,4.82162,307.6975,236.40818,1.0,1.21778,8.04444,1.74519,12.21057,18.54519,ASC_0A_6
1234.28675,42.15557,73.55888,1.0,2347.88615,19.16667,1.0,1.0,62.99471,1913.94429,3.85776,292.53083,219.01929,1.0,1.32667,8.34444,2.49038,11.89625,24.04519,ASC_0A_7
1154.84231,32.74654,67.33666,1.0,2370.60837,263.44444,1.0,1.0,48.32805,1745.99985,4.31258,316.47528,189.90818,1.0,1.65334,10.17778,3.60816,6.91232,26.0758,ASC_0A_8
1135.62009,44.0396,82.44777,1.0,2395.49726,62.22222,1.0,1.0,62.07257,1583.44429,4.45984,331.14195,246.51929,1.0,1.10889,1.53333,2.11778,10.30268,25.57015,ASC_0A_9
2872.38772,214.70612,213.30941,3.8149,5877.55024,51.05179,1.02222,1.0,468.57574,20710.00462,24.31111,950.99883,836.51589,18.08744,1.97507,2.13358,1.41763,110.55745,183.29018,ASC_0B_0
2688.27661,204.70612,233.1983,13.01003,6052.77246,105.29236,1.0,1.0,455.90907,19485.22684,26.2,877.44327,942.34923,14.18687,1.32502,1.75572,2.25289,82.113,181.5124,ASC_0B_1
2425.60994,243.92834,165.30941,28.02141,5377.49468,35.24812,1.0,1.0,457.13129,18076.44906,26.2,755.22105,819.29367,14.04356,2.8084,1.37786,1.83526,82.44634,165.67907,ASC_0B_2
2239.88772,163.26167,156.64274,13.01003,4967.10579,3.82956,1.0,1.0,354.79796,15286.67128,19.86667,676.27661,695.07145,11.40909,6.10018,1.0,3.08815,44.87524,148.06796,ASC_0B_3
2077.6655,142.92834,128.08719,1.64959,4404.82802,1.0,1.0,1.0,312.18685,12649.83795,17.2,604.49883,555.40478,10.54356,1.65004,3.26715,2.25289,20.15302,122.84574,ASC_0B_4
1631.94328,83.87676,101.1983,1.21653,3569.93913,2.41478,1.0,1.0,249.68685,10135.06017,13.53333,492.33216,407.79367,5.0202,1.32502,1.0,1.41763,19.68645,86.12351,ASC_0B_5
1781.72106,112.4363,79.08719,7.84336,3480.43913,149.74058,1.0,1.0,302.57574,8613.00462,11.75556,428.33216,483.18256,3.92961,1.97507,2.13358,1.0,7.742,67.40129,ASC_0B_6
1575.94328,89.04343,82.53163,1.21653,3099.05024,1.0,1.0,1.0,283.02018,7899.50462,13.42222,414.77661,403.90478,4.2541,1.97507,1.75572,2.25289,3.71987,71.0124,ASC_0B_7
1609.77661,111.87278,67.97607,4.20515,2820.43913,1.0,1.0,1.0,275.02018,7495.22684,10.86667,407.49883,445.23812,2.61679,1.65004,1.0,1.0,1.45998,65.29018,ASC_0B_8
1449.10994,98.4363,61.64274,1.43306,2579.05024,1.0,1.0,1.0,228.85351,7049.33795,10.75556,342.1655,393.34923,3.13731,1.0,1.0,1.0,1.53107,57.95685,ASC_0B_9
3465.66824,67.91469,110.74113,22.48032,3265.36849,89.11111,1.0,1.64444,159.4201,6344.53667,2.62304,407.18705,206.67284,25.93099,2.66667,5.20417,1.0,1.15748,81.17326,ASC_0C_0
3768.83491,90.02172,124.85225,31.60286,3636.31293,43.53333,1.0,2.28889,198.65317,5961.42556,4.62304,491.90927,250.56173,33.59766,6.83333,9.04098,1.0,2.84296,91.39548,ASC_0C_1
3545.50158,75.81306,118.63002,11.71238,3224.64627,35.31111,1.0,2.93333,197.93094,5699.25889,4.58773,489.57593,262.83951,1.0,6.83333,5.40834,1.0,2.12073,111.72881,ASC_0C_2
3733.94602,53.53528,117.74113,13.60286,3627.42404,72.25556,1.0,1.64444,175.4865,5526.03667,3.51193,524.35371,236.95062,1.0,2.66667,8.38334,1.0,2.94488,90.50659,ASC_0C_3
3502.77935,109.66943,124.51891,28.50159,3568.31293,117.2,1.0,1.64444,151.81983,5184.92556,2.65835,419.2426,207.00617,1.0,3.5,3.18612,1.0,1.80577,77.45104,ASC_0C_4
2952.16824,62.12335,91.85225,12.6781,3089.03515,233.65556,1.0,1.0,133.9865,4901.31444,4.95637,434.52038,152.67284,1.0,2.66667,2.16112,1.0,3.95407,87.6177,ASC_0C_5
3442.50158,87.08136,100.63002,31.60286,3156.20182,284.65556,1.0,1.64444,90.97565,4654.98111,2.1381,364.07593,162.78395,1.0,1.83333,4.34931,2.31402,2.84296,70.78437,ASC_0C_6
3701.55713,61.91061,104.18558,10.55714,3692.92404,270.24444,1.0,1.64444,130.26428,4450.03667,2.83177,455.68705,201.83951,1.0,2.66667,7.68612,1.0,2.13911,83.28437,ASC_0C_7
3065.7238,72.81306,94.18558,10.36762,2755.36849,25.03333,1.0,1.0,102.30899,4240.48111,2.18691,307.29816,167.95062,1.0,5.16667,1.06806,1.0,2.03718,81.1177,ASC_0C_8
3261.66824,58.64639,98.85225,4.95587,3030.92404,93.46667,1.0,1.0,117.4865,4051.42556,1.74247,330.18705,126.56173,1.0,2.66667,2.09306,1.0,1.0,69.1177,ASC_0C_9
891.60133,5.41045,1.90932,1.0,599.37957,1.0,1.0,1.0,1.54526,549.13148,1.0,2.03811,28.99881,1.0,1.0,1.0,1.0,1.0,2.85179,ASC_10A_0
938.54577,4.54727,1.45466,5.54697,608.99068,1.0,1.0,1.0,1.0336,470.40926,1.0,4.12306,31.22104,1.27007,1.0,1.0,1.0,1.36611,1.64194,ASC_10A_1
1020.99021,1.41045,5.16218,1.0,625.65734,131.05322,1.0,1.0,3.72358,423.40926,1.0,11.97706,36.8877,1.0,1.0,1.0,1.0,1.74861,2.72832,ASC_10A_2
911.21244,11.53442,17.83907,1.0,578.99068,3.25848,1.0,1.0,2.9355,396.96482,1.0,3.88017,26.60992,1.15896,1.0,1.0,1.0,1.01639,9.75914,ASC_10A_3
940.04577,7.34204,4.30394,4.87173,573.76846,79.55322,1.0,1.0,2.9794,396.79815,1.0,11.73417,23.76122,1.0,1.0,1.0,1.12945,1.0,7.56165,ASC_10A_4
776.3791,2.27363,1.01021,1.0,493.10179,1.0,1.0,2.43785,1.35664,370.90926,1.0,3.27228,30.07919,1.0,1.0,1.0,1.0,1.01639,1.0,ASC_10A_5
862.99021,9.32919,4.81864,1.0,510.87957,5.51696,1.0,1.0,1.9122,349.79815,1.0,7.00323,20.1903,1.0,1.0,1.0,1.25889,1.03278,5.98136,ASC_10A_6
931.3791,3.20523,17.72795,2.93586,572.93512,19.64737,1.0,2.43785,4.79079,323.68704,1.0,9.52067,23.49881,1.0,1.0,1.23406,4.07389,1.01639,6.20358,ASC_10A_7
863.15688,5.27363,6.74838,1.0,532.86826,69.18363,1.0,1.0,2.42385,302.79815,1.0,4.51195,20.22104,2.07177,1.0,1.46812,1.0,1.0,13.76523,ASC_10A_8
974.32355,2.20523,1.81864,1.0,587.7129,1.0,1.0,1.0,3.55827,302.79815,1.0,2.36272,21.07919,1.0,1.0,1.0,1.0,1.0,4.78387,ASC_10A_9
688.75509,8.73705,33.02864,1.0,623.53414,1.0,1.0,1.32056,16.74603,623.46242,1.0,92.30302,18.88616,14.76116,1.0,1.0,1.0,1.0,18.76244,ASC_10B_0
725.53287,14.72347,37.92784,1.0,760.31192,1.0,1.0,1.48084,13.45149,534.46242,1.0,64.91414,13.78476,9.84066,1.0,1.0,1.0,1.0,8.96072,ASC_10B_1
782.81065,18.71668,39.1346,2.70992,672.20081,5.0,1.0,7.31417,14.30158,434.57353,1.0,79.69191,19.76533,11.84066,1.0,1.0,1.0,1.0,14.76244,ASC_10B_2
940.31065,20.77224,44.79611,1.0,1163.64525,1.0,1.0,1.96168,14.37918,389.82253,1.0,75.5808,21.6445,15.07885,1.0,1.0,1.0,1.0,12.93725,ASC_10B_3
920.19953,23.64755,55.24055,4.41985,1172.36747,58.44444,1.0,1.96168,10.85714,340.51797,1.0,92.30302,17.432,4.29309,1.0,1.44444,1.94444,1.0,17.19108,ASC_10B_4
842.3662,24.69631,38.57389,1.0,942.36747,1.0,1.0,1.16028,8.60141,324.85131,1.0,69.0808,17.92714,7.82502,1.0,1.0,1.0,1.0,13.69922,ASC_10B_5
848.03287,15.77902,53.24055,1.0,853.03414,66.5,1.0,11.45529,7.74603,256.85131,1.0,99.46969,15.49241,1.87292,1.0,1.0,1.0,1.0,6.98466,ASC_10B_6
858.64398,25.82779,50.02348,1.0,760.47858,13.22222,1.0,1.64112,9.37918,246.51797,1.0,79.02525,14.98755,5.50733,1.0,1.0,2.88889,1.0,16.53255,ASC_10B_7
677.81065,20.71668,30.58419,1.0,909.20081,58.38889,1.0,3.81417,5.86772,246.51797,1.0,58.22446,11.55768,4.92815,1.0,1.0,1.94444,1.0,3.2543,ASC_10B_8
867.42176,17.53644,46.01833,1.0,865.97858,72.55556,1.0,6.46807,10.07936,246.01797,1.0,82.96969,15.21463,8.45976,1.0,2.77778,1.0,1.0,9.50861,ASC_10B_9
1222.27279,10.72374,75.40105,1.0,1293.03824,1.0,1.0,1.0,11.39755,386.32144,1.0,108.27482,29.77778,12.77778,1.0,1.0,1.0,1.11095,56.45284,ASC_10C_0
1222.21724,26.8703,72.17883,1.0,1168.48268,1.0,1.0,1.0,10.29632,317.52272,1.0,125.99705,33.94444,5.66667,1.0,1.0,1.94444,1.33284,80.67506,ASC_10C_1
991.8839,12.49071,78.40105,1.0,924.26046,3.44044,1.0,1.0,7.20495,297.377,1.0,77.83688,25.94444,6.44444,1.0,1.0,1.0,1.99902,36.413,ASC_10C_2
1085.55057,20.34869,53.17883,1.0,864.59379,1.0,1.0,1.0,10.1852,260.82144,1.0,79.66371,26.33333,2.05556,1.0,1.84512,5.72222,1.66568,58.71734,ASC_10C_3
1017.55057,13.39192,47.40105,1.0,827.26046,1.0,1.0,1.0,10.50866,223.41161,1.0,67.33038,14.22222,1.61111,1.83333,1.0,1.0,1.0,47.17506,ASC_10C_4
1245.10612,16.04778,64.51216,1.65786,1261.20491,1.0,1.0,1.0,14.26669,203.377,1.0,63.97902,22.27778,1.27778,1.0,1.0,1.94444,1.11095,25.34173,ASC_10C_5
1065.93946,16.10333,53.51216,1.0,980.48268,1.0,1.0,1.0,7.50866,203.377,1.0,74.77482,20.55556,2.27778,1.0,1.0,1.94444,1.22189,69.39728,ASC_10C_6
1068.77279,13.91354,46.73438,1.0,901.37157,1.0,1.0,1.0,12.04447,196.224,1.0,49.7568,17.33333,1.05556,1.0,1.0,3.83333,1.11095,40.40514,ASC_10C_7
1073.43946,25.25768,54.9566,1.0,877.81602,1.0,1.0,1.0,10.20495,155.877,1.0,60.50355,16.33333,1.88889,1.0,1.0,6.77778,1.0,43.50298,ASC_10C_8
926.60612,7.66818,50.17883,2.31573,761.48268,1.0,1.0,1.0,8.73088,152.16117,1.0,55.0526,20.33333,1.05556,1.0,1.0,1.0,1.0,42.93956,ASC_10C_9
2049.38668,8.67644,185.00525,1.0,1758.52793,1.0,1.0,1.52522,62.71104,831.93425,1.22174,246.31652,64.64796,1.26333,1.32502,2.12915,1.0,1.0,37.41911,ASC_11A_0
1644.44224,1.0,191.5608,1.0,1591.47237,2.94836,1.0,1.52522,53.2666,690.26758,1.0,183.37207,56.59241,1.0,1.0,1.0,1.74519,1.0,23.27833,ASC_11A_1
1839.66446,4.19746,171.50525,1.0,1548.97237,1.0,1.0,1.0,59.82215,596.15647,1.11087,204.70541,57.59345,1.24278,1.0,1.0,1.0,1.0,24.61544,ASC_11A_2
1541.38668,1.71847,147.28303,1.0,1582.86126,1.0,1.0,1.0,53.82215,548.87869,1.11087,168.14985,57.31463,1.0,1.0,1.37638,1.0,1.0,22.75244,ASC_11A_3
1893.88668,13.15542,145.5608,1.0,1454.19459,1.0,1.0,1.0,48.82215,480.4898,1.44347,155.37207,54.42678,1.26333,1.32502,1.0,1.0,1.0,23.88944,ASC_11A_4
1714.27557,8.15542,141.39414,1.0,1405.86126,1.97418,1.0,1.52522,35.15549,407.38543,1.33285,143.37207,43.81463,1.13167,1.0,1.37638,1.0,1.0,17.44499,ASC_11A_5
1409.77557,1.47898,126.5608,1.0,1165.36126,9.87167,1.0,1.52522,40.93327,375.87869,1.22198,137.26096,41.81671,1.24278,1.0,1.0,1.0,1.0,12.74866,ASC_11A_6
1277.44224,4.23949,131.33858,1.0,1034.60971,1.64945,1.0,1.0,37.81969,370.77432,1.33285,115.03874,31.65316,1.13167,1.0,1.0,1.0,1.0,7.96333,ASC_11A_7
1278.16446,3.19746,124.00525,1.0,1243.63904,1.64945,1.0,1.0,28.36292,302.94773,1.22174,141.64985,38.04309,2.49167,1.0,1.0,1.37259,1.0,21.18933,ASC_11A_8
1209.66446,3.19746,118.28303,1.0,1250.3057,1.32473,1.0,1.0,33.04438,281.87869,1.0,159.31652,39.31983,1.48556,1.0,1.0,1.74519,1.0,19.41155,ASC_11A_9
728.76155,25.69315,213.95402,1.0,1539.86665,1.0,1.0,2.11111,82.61722,688.90074,1.0,330.62743,110.85475,1.79,1.0,35.15112,1.0,1.11473,64.54845,ASC_11B_0
704.65044,16.48786,211.45402,9.70836,1564.31109,1.0,1.0,1.0,87.95056,568.12296,1.40696,329.57188,87.74364,5.96278,1.0,27.90445,1.0,1.09834,59.15957,ASC_11B_1
914.706,20.9935,210.45402,1.0,1516.25554,1.82453,1.0,1.0,71.72833,495.12296,1.0,315.18299,94.46586,4.23445,1.0,27.18223,1.0,1.11473,54.04845,ASC_11B_2
673.53933,14.03777,204.06513,1.0,1420.86665,6.76017,1.0,3.22222,65.61722,479.01185,1.0,273.40521,94.41031,10.97722,1.0,51.24223,3.83333,1.06556,58.71512,ASC_11B_3
720.81711,35.08768,204.89846,1.0,1422.14443,1.0,1.0,1.0,69.17278,400.28963,1.06158,293.7941,103.24364,9.67889,1.0,44.04445,3.88889,1.04917,54.27068,ASC_11B_4
727.87447,25.65452,177.45402,1.0,1519.97776,20.74257,1.0,1.0,67.61722,400.12296,1.34538,286.07188,76.63253,6.79,1.0,26.93778,15.72222,1.08195,51.93734,ASC_11B_5
797.26155,19.9935,190.78735,1.0,1419.08887,1.82453,1.0,1.0,60.395,366.55374,1.06158,275.46077,85.68808,3.78389,1.0,17.35112,4.88889,1.0,40.43734,ASC_11B_6
564.31711,13.93794,188.56513,1.0,1459.9222,1.0,1.0,1.0,60.83945,316.5674,1.0,271.73854,81.91031,5.02667,1.0,8.43112,1.0,1.01639,70.54845,ASC_11B_7
445.07161,23.71008,150.34291,1.0,1431.36665,1.82453,1.0,1.0,47.72833,306.12296,1.0,230.01632,61.13253,4.41556,1.0,17.74445,1.0,1.0,45.60401,ASC_11B_8
736.53933,18.38803,184.84291,1.0,1465.08887,1.82453,1.0,1.0,60.50611,306.12296,1.06158,259.57188,74.85475,1.0,1.0,1.71334,1.0,1.01639,85.6507,ASC_11B_9
1561.70279,18.41525,289.67523,1.0,1314.35218,1.0,1.0,1.0,71.72064,738.91883,1.09169,258.41425,82.1839,1.26333,1.0,1.0,1.0,1.0,27.24551,ASC_11C_0
1631.48057,22.65906,278.3419,1.0,1404.62996,1.0,1.0,1.0,68.38731,623.47439,1.09169,311.69203,90.23946,1.0,1.0,1.99133,1.0,1.0,15.91621,ASC_11C_1
1695.75835,18.65906,234.39745,1.0,1598.01885,1.0,1.0,1.0,83.72064,571.0855,1.27508,292.41425,105.01724,1.0,1.0,1.0,1.0,1.0,14.19399,ASC_11C_2
1644.20279,25.17144,247.78634,1.0,1425.90774,1.0,1.0,1.0,75.60953,529.25217,1.18338,280.80314,119.79501,1.0,1.10889,1.0,1.0,1.0,14.9758,ASC_11C_3
1619.64724,12.14667,230.95301,1.0,1521.18552,1.0,1.0,1.0,75.2762,486.39081,1.18338,299.52536,97.40612,1.0,1.0,1.0,1.0,1.0,15.00156,ASC_11C_4
1482.03613,15.14667,232.56412,1.0,1253.9633,1.0,1.0,1.0,72.16508,435.25217,1.0,261.30314,96.79501,1.0,1.10889,1.10244,1.0,1.27778,17.80107,ASC_11C_5
1586.81391,19.90286,224.39745,1.0,1327.9633,1.0,1.0,1.0,67.16508,414.02994,1.0,264.13647,98.73946,1.0,1.0,1.54689,1.0,1.0,8.03539,ASC_11C_6
1312.31391,13.14667,207.95301,1.0,1125.51885,1.0,1.0,1.0,59.2762,381.50193,1.18338,247.69203,75.96168,1.0,1.0,1.20489,1.0,1.0,13.36066,ASC_11C_7
1425.09168,15.02477,187.8419,1.0,1272.90774,1.0,1.0,1.0,60.2762,342.57149,1.09169,221.35869,84.73946,1.0,1.0,1.0,1.0,1.0,5.92831,ASC_11C_8
1441.86946,27.04954,210.06412,1.0,1253.79663,1.0,1.0,1.0,66.2762,340.25217,1.40561,259.52536,83.85057,1.0,1.0,1.0,1.0,1.0,10.01366,ASC_11C_9
1591.22619,137.3792,92.79614,9.39356,1431.61136,1296.2155,1.05556,1.0,7.04454,198.69871,1.0,70.33602,171.72088,1.0,1.0,1.18075,1.0,1.94412,41.32144,ASC_12A_0
1394.8373,75.91458,128.96281,1.0,1254.00025,308.61659,1.05556,2.11111,4.75085,144.42899,1.0,48.1138,156.81124,1.0,1.0,1.80594,1.94444,1.0,60.377,ASC_12A_1
1096.28175,56.19733,72.68503,1.0,972.00025,14.45665,1.0,3.22222,8.82231,85.84944,1.0,84.63656,50.24899,1.0,1.0,1.72299,1.0,1.33284,28.49108,ASC_12A_2
1429.50397,124.47013,79.90725,3.014,1193.22247,215.86996,1.0,1.0,8.48898,49.42899,1.0,55.51028,154.17269,1.0,1.0,1.0,1.94444,1.55474,33.65701,ASC_12A_3
1416.72619,58.91458,91.24058,2.34267,1300.16692,250.75884,1.0,1.0,5.54135,27.90499,1.0,94.46231,28.02008,1.0,1.0,1.18075,2.88889,1.55474,41.65849,ASC_12A_4
671.57584,39.78302,36.05754,1.67133,455.59888,1.0,1.0,1.0,3.52227,11.762,1.0,44.6718,10.10375,1.0,1.0,1.62519,1.0,1.11095,16.21776,ASC_12A_5
18.9634,1.0,3.68825,1.0,27.7593,1.0,1.0,1.0,1.0,1.0,1.0,1.0,1.0,1.0,1.0,1.0,1.0,1.22189,1.55407,ASC_12A_6
14.4634,1.0,1.0,1.0,61.21623,1.0,1.0,1.0,1.0,1.0,1.0,1.0,1.0,1.0,1.0,1.0,1.0,1.44379,1.77629,ASC_12A_7
12.87125,1.0,1.0,1.0,107.79026,1.0,1.0,1.0,1.0,1.0,1.0,1.0,1.0,1.0,1.0,1.0,1.0,1.0,1.27703,ASC_12A_8
1.0,1.0,1.0,1.0,43.85194,1.0,1.0,1.0,1.0,1.0,1.0,1.0,1.0,1.0,1.0,1.0,1.0,1.22189,1.27703,ASC_12A_9
8020.13964,32.10002,12.73694,123.60104,581.438,1.0,1.0,1.16028,2.79664,389.29847,1.0,60.88862,5.64589,3.14739,1.0,2.06667,1.0,1.22189,2.51198,ASC_12B_0
7114.75075,37.39307,11.5011,62.27274,592.938,1.0,1.0,1.0,4.80964,252.90958,1.0,37.38862,6.11896,1.14784,1.0,1.8,1.0,1.0,1.0,ASC_12B_1
7735.97297,50.92849,6.7324,70.97765,530.27134,1.0,1.0,1.32056,3.36519,169.02069,1.0,44.85897,6.81256,1.14784,1.0,1.0,1.0,1.11095,1.4557,ASC_12B_2
9120.8063,72.67085,18.04758,120.03683,691.04911,1.0,1.0,1.32056,4.86163,106.88656,1.0,59.13301,12.0808,1.62902,1.0,1.0,1.0,1.0,3.28975,ASC_12B_3
8533.86186,60.02432,17.04304,79.57145,700.77134,1.0,1.0,1.16028,4.24108,81.10321,1.0,56.74412,6.46015,1.31451,1.0,1.53333,1.0,1.0,4.38961,ASC_12B_4
8165.91742,39.15557,7.30611,113.91344,559.99356,1.0,1.0,1.32056,4.04486,45.24686,1.0,47.75534,11.80302,2.4068,1.0,1.0,1.0,1.0,2.13434,ASC_12B_5
10956.41742,51.84238,14.38999,100.32326,691.99356,1.0,1.0,1.32056,2.56142,13.58577,1.0,53.30342,11.757,1.83288,1.0,1.26667,1.0,1.0,2.60058,ASC_12B_6
7993.8063,48.39307,19.38092,52.72584,580.54911,1.0,1.02392,1.0,3.4893,13.58577,1.0,54.21821,8.15543,1.7034,1.0,1.0,1.0,1.11095,3.02323,ASC_12B_7
6379.3063,40.98404,18.38092,43.5159,508.438,1.0,1.0,1.0,2.24108,11.48814,1.0,36.36271,7.34118,1.94399,1.0,1.0,1.0,1.22189,3.00072,ASC_12B_8
7790.36186,48.44863,26.82082,65.75543,568.38245,1.0,1.02392,1.32056,4.4763,7.29289,1.0,78.61084,14.4506,1.0,1.0,1.26667,1.0,1.22189,5.03449,ASC_12B_9
1260.48221,37.65036,65.36486,1.0,987.93215,23.62265,1.0,1.0,13.02067,418.8295,1.0,94.75528,18.57842,1.22222,1.0,1.4125,3.07389,1.04917,31.99728,ASC_12C_0
1427.48221,31.94856,35.36486,1.0,1073.93215,53.63146,1.0,1.0,13.13178,335.21839,1.0,84.9775,28.67947,1.33333,1.0,1.0,1.12945,1.04917,10.25541,ASC_12C_1
1117.98221,36.53925,65.07741,1.0,890.37659,51.58745,1.0,1.0,12.90956,307.2931,1.0,95.36639,17.40421,1.16667,1.0,1.4125,1.0,1.11473,30.99728,ASC_12C_2
1263.31555,26.03434,41.6982,1.0,949.54326,33.0759,1.0,1.0,13.354,254.22478,1.0,78.4775,24.4017,1.33333,1.0,1.0,1.0,1.06556,16.86652,ASC_12C_3
1342.31555,58.06948,43.58709,1.0,914.70993,2.64906,1.0,1.0,8.5122,229.88506,1.0,69.03306,17.35117,1.5,1.0,1.0,1.12945,1.0,14.42208,ASC_12C_4
1275.53777,40.65036,43.14264,1.0,932.65437,14.9824,1.0,1.0,9.28998,229.88506,1.0,77.25528,13.13901,2.05556,1.0,1.0,1.0,1.03278,15.29132,ASC_12C_5
1266.59332,29.0899,44.25375,1.0,936.82104,5.94719,1.0,1.0,13.62331,229.88506,1.0,80.31083,15.80064,1.16667,1.0,1.0,4.07389,1.09834,15.73577,ASC_12C_6
1198.64888,31.20101,41.36486,1.0,901.20993,5.52915,1.0,1.0,12.37754,201.09004,1.0,86.75528,20.52286,1.44444,1.0,1.0,1.0,1.06556,12.36314,ASC_12C_7
1202.64888,34.93304,40.41074,1.0,899.59881,4.29812,1.0,1.0,10.15532,176.2931,1.05556,69.25528,17.74509,1.66667,1.0,1.0,3.07389,1.01639,12.69647,ASC_12C_8
1131.98221,29.42814,35.07741,2.25476,830.65437,91.45599,1.0,1.0,8.84553,147.9106,1.0,45.10221,14.96982,1.11111,1.0,1.0,1.0,1.0,13.51354,ASC_12C_9
868.33323,10.86143,39.4579,1.0,746.27489,405.39437,1.0,1.0,1.78478,544.31471,1.0,1.81445,10.8312,46.41945,1.0,1.0,1.0,1.0,1.0,ASC_13A_0
962.49989,9.75032,30.79393,1.0,859.05267,521.52583,1.0,1.0,5.07647,354.01032,1.02392,1.04889,23.10931,33.75278,1.0,1.0,1.0,1.11095,1.0,ASC_13A_1
1111.111,13.33376,24.01615,5.59863,833.21934,158.43232,1.0,1.0,1.09029,233.73254,1.0,1.02445,31.88758,14.58,1.0,1.0,1.0,1.11095,1.0,ASC_13A_2
1020.44434,12.91699,31.56901,1.0,732.44156,473.06104,1.0,1.0,1.95836,153.26148,1.0,1.01222,60.10898,17.98945,1.0,1.0,1.0,1.0,1.0,ASC_13A_3
721.49989,3.29183,12.19775,1.0,564.77489,122.24531,1.0,1.0,1.0,97.81936,1.0,1.00611,8.05425,9.50389,1.0,1.0,1.0,1.11095,1.0,ASC_13A_4
1152.32089,3.29183,14.90235,1.0,889.80608,7.5847,1.0,1.0,2.27087,35.87026,1.0,1.01834,8.9433,3.48334,1.0,1.0,1.12945,1.0,1.0,ASC_13A_5
960.22211,13.56982,24.38473,1.0,830.66378,503.59899,1.0,1.0,2.87507,25.42582,1.02392,1.00611,85.72026,20.71167,1.0,1.0,1.0,1.0,1.0,ASC_13A_6
640.15422,1.0,6.26823,1.0,539.84945,16.63146,1.0,1.0,1.0,10.15968,1.0,1.00611,2.22157,4.65,1.0,1.0,1.0,1.0,1.0,ASC_13A_7
549.69745,1.0,1.15174,1.0,423.28171,1.0,1.0,1.0,1.0,1.0,1.0,1.0,1.0,1.0,1.0,1.0,1.0,1.22189,1.0,ASC_13A_8
445.074,1.0,1.48507,1.0,314.26415,1.0,1.0,1.0,1.0,1.0,1.0,1.0,1.22189,1.0,1.0,1.0,1.0,1.0,1.0,ASC_13A_9
1148.64822,10.24441,169.40344,1.0,962.54547,1.97418,1.0,1.0,20.1128,222.87294,1.36576,260.66234,60.73875,1.31737,1.0,5.11111,1.0,2.0,36.06382,ASC_13B_0
939.33546,13.09253,136.09935,1.0,796.59598,8.46557,1.0,1.0,8.32145,149.87294,1.07177,212.0085,44.56933,2.53959,1.0,7.83333,1.0,1.0,27.14932,ASC_13B_1
1086.926,33.29377,158.959,1.28163,967.15658,37.8928,1.0,1.0,20.87107,137.56784,1.02392,240.32901,57.90542,2.41251,1.0,2.94444,1.0,2.66667,35.95271,ASC_13B_2
1175.37045,34.85672,143.62566,1.28163,1036.21214,26.85837,1.0,1.0,18.79898,93.39412,1.18288,264.16234,52.29431,2.63473,1.0,4.66667,1.94444,1.33333,29.73049,ASC_13B_3
776.89101,11.22462,111.09935,1.0,713.3182,16.68779,1.0,1.0,7.47158,75.43647,1.07177,180.5085,27.95638,1.15868,1.0,4.33333,1.94444,2.33333,20.4271,ASC_13B_4
769.59267,12.16787,134.51455,1.0,661.82325,2.62363,1.0,1.0,11.06021,59.44262,1.0,219.16234,47.62581,4.39654,1.0,4.5,1.0,2.33333,22.3416,ASC_13B_5
876.53711,9.24441,112.51455,1.0,752.70961,2.62363,1.0,1.0,11.61577,54.87294,1.04784,221.99568,43.73692,1.53959,1.0,3.94444,1.0,1.0,24.44207,ASC_13B_6
1119.98156,25.07155,173.18122,1.0,965.15658,126.17058,1.0,1.0,16.13231,54.87294,1.02392,258.10679,49.12764,1.0,1.0,3.72222,1.0,2.33333,32.17493,ASC_13B_7
955.25933,18.52218,131.51455,1.0,815.32325,136.06807,1.0,1.0,12.8575,54.87294,1.15896,215.60679,46.73875,4.12675,1.32502,2.94444,1.0,1.0,27.00827,ASC_13B_8
780.03711,8.11231,88.91806,1.56327,649.15153,1.32473,1.0,1.0,11.49109,27.93647,1.0,167.27345,37.34619,1.42848,1.0,2.94444,1.0,1.0,12.40149,ASC_13B_9
1395.21376,22.98649,164.16144,2.03786,1237.34308,1.82453,1.0,1.0,22.69829,793.51931,1.02222,172.4049,22.56657,2.62945,1.0,1.79334,1.74519,1.0,25.76527,ASC_13C_0
1321.99154,38.97973,142.10589,1.0,1076.39863,10.87128,1.0,1.0,14.93818,688.63043,1.03333,163.57157,21.51101,3.49778,1.0,2.15778,1.37259,1.0,22.81646,ASC_13C_1
1331.10265,35.76202,222.217,1.0,1210.50974,1.82453,1.0,1.0,30.69829,610.18598,1.04444,246.62712,33.23874,1.26333,1.0,2.60445,1.37259,1.0,32.4363,ASC_13C_2
1197.93598,36.20984,181.99478,1.0,1114.95419,2.64906,1.0,1.4965,22.59601,523.94108,1.02222,227.84935,33.55172,1.74889,1.0,3.82001,1.37259,1.0,19.40634,ASC_13C_3
1316.32487,16.32207,171.32811,1.0,1099.0653,10.87128,1.0,1.0,15.25826,489.63043,1.03333,191.12712,20.87487,1.13167,1.0,2.18445,1.0,1.0,26.06865,ASC_13C_4
1348.26932,47.76202,165.55033,1.0,1169.45419,12.92684,1.0,1.4965,20.25826,442.51931,1.04444,188.18268,29.52119,3.08833,1.0,1.08,1.0,1.0,16.6114,ASC_13C_5
1094.54709,21.15428,100.32811,1.0,881.67641,1.0,1.0,1.0,5.04487,426.4082,1.03333,105.07157,12.52586,4.76111,1.0,1.34668,1.0,1.0,15.20099,ASC_13C_6
1404.99154,44.04205,221.55033,1.0,1192.34308,7.5847,1.0,1.4965,26.4849,421.18598,1.37778,231.51601,33.77394,1.65833,1.0,4.29112,1.37259,1.0,28.73968,ASC_13C_7
1148.26932,44.70646,117.88367,1.0,997.28752,6.76017,1.0,1.0,13.2671,347.9184,1.06667,115.73823,22.79896,2.72,1.0,1.13334,1.37259,1.0,6.61984,ASC_13C_8
1312.82487,45.31532,171.66144,2.03786,1170.89863,5.12265,1.0,1.0,23.70712,332.4082,1.25556,195.68268,32.89523,2.52667,1.0,1.10667,1.0,1.66667,16.83363,ASC_13C_9
2288.23322,725.02768,89.65709,383.67584,3888.5356,1.0,1.0,1.0,601.06506,4008.8417,18.48111,254.26345,908.62835,3.34864,1.0,1.63473,1.0,3.44444,3.459,ASC_14A_0
2146.011,713.80545,23.23528,324.50918,3508.36893,1.0,1.0,1.0,597.00951,3725.67504,14.92556,178.70789,824.57279,2.52362,1.10889,1.4042,1.0,1.83333,2.05207,ASC_14A_1
1973.17766,708.97212,22.79083,315.87286,3344.20227,1.0,1.0,1.0,548.06506,3196.23059,16.14778,121.48567,756.01724,1.0,1.21778,1.4042,1.0,2.11111,1.92845,ASC_14A_2
1999.17766,691.86101,35.43487,350.39806,3389.92449,1.0,1.0,1.0,534.34284,2991.56393,19.14778,119.37456,737.96168,1.93646,1.10889,1.4042,1.0,1.55556,1.92845,ASC_14A_3
1967.34433,615.97212,52.24282,217.01433,3401.42449,1.0,1.0,1.0,455.45395,2891.8417,11.25889,123.76345,659.46168,1.0,1.32667,1.13473,3.83333,2.11111,2.79233,ASC_14A_4
2136.45544,650.30545,28.41979,249.78695,3461.42449,1.0,1.0,1.0,470.3984,2766.11948,13.14778,110.15234,647.46168,1.42848,1.0,1.13473,1.94444,1.0,1.26527,ASC_14A_5
1970.28878,624.19434,16.02814,256.59509,3270.70227,1.0,1.0,1.0,489.84284,2619.23059,11.92556,177.59678,675.40612,1.15868,1.0,1.26947,4.77778,1.94444,3.51455,ASC_14A_6
1830.62211,537.19434,16.36147,301.56473,3270.0356,1.0,1.0,1.0,450.28729,2498.67504,12.92556,155.37456,623.62835,1.0,1.0,1.26947,1.94444,1.66667,2.62915,ASC_14A_7
1936.06655,537.13879,25.54598,252.56473,3164.42449,1.0,1.0,1.0,439.67618,2404.39726,11.92556,96.20789,597.6839,1.31737,1.0,1.0,2.88889,1.27778,1.79582,ASC_14A_8
1835.45544,444.2499,14.36902,199.81731,2939.25782,1.0,1.0,1.0,404.8984,2247.00837,9.37,148.43012,587.29501,1.58716,1.0,1.4042,1.0,1.55556,2.6597,ASC_14A_9
1828.88771,541.15973,24.26389,135.52967,2667.83586,137.75078,1.0,1.0,410.81323,2051.27834,13.42222,28.19033,550.50516,1.0,1.10889,1.0,1.0,1.0,3.39565,ASC_14B_0
1244.60993,336.46567,56.37222,125.41637,2083.66919,147.11903,1.0,1.0,281.75768,1810.21349,9.93333,21.74588,394.9496,1.0,1.10889,1.0,1.0,1.0,3.39565,ASC_14B_1
1250.99882,295.04862,44.24445,115.42792,1909.50252,226.85793,1.0,1.0,270.64656,1553.33389,6.93333,21.857,326.4496,1.08682,1.0,1.0,1.74591,1.0,1.18669,ASC_14B_2
1093.10993,259.93828,142.87222,41.89327,1770.05808,651.16427,1.13333,1.64444,242.09101,1322.50056,6.82222,19.16086,328.78294,1.08682,1.0,1.0,1.0,1.0,3.08009,ASC_14B_3
1254.66549,240.57678,74.52778,96.05994,1846.72474,307.0246,1.12222,1.0,249.59101,1170.33389,8.46667,36.88984,277.50516,1.08682,1.0,1.0,1.0,1.0,1.18669,ASC_14B_4
1101.25815,190.93751,46.35,91.69415,1645.2803,139.18095,1.0,2.28889,215.31323,1091.445,6.38889,24.33429,287.00516,3.69793,1.0,1.0,1.0,1.0,1.0,ASC_14B_5
1123.49882,246.60417,94.28889,53.19415,1745.05808,1.0,1.0,1.0,238.81323,966.05611,6.7,20.72318,297.22738,3.8403,1.0,1.75277,1.0,1.0,1.18669,ASC_14B_6
894.88771,158.49306,113.68889,55.23815,1349.05808,1.0,1.0,1.0,183.9799,892.445,5.02222,9.23912,253.11627,3.46356,1.0,1.37638,1.37295,1.0,1.85335,ASC_14B_7
1332.33216,204.88195,106.35556,50.12704,1730.94697,64.58015,1.0,1.0,192.53545,824.05611,2.47778,30.62801,236.22738,13.0452,1.0,1.0,1.0,1.0,2.92893,ASC_14B_8
1081.60993,206.93751,84.01667,24.91418,1350.55808,28.29206,1.13333,1.0,176.42434,761.38945,3.77778,10.07246,224.17183,6.7049,1.10889,1.0,1.0,1.0,2.52002,ASC_14B_9
42.97361,1.0,1.0,1.0,9.38465,1.0,1.0,1.0,1.0,1.0,1.0,1.0,1.0,1.05556,1.0,1.0,1.0,1.0,1.0,ASC_15A_0
324.49513,1.0,1.0,1.0,21.04283,1.0,1.0,1.0,1.0,1.0,1.0,1.0,1.0,1.44444,1.0,1.0,1.0,1.0,4.33584,ASC_15A_1
540.15138,1.0,1.0,1.0,27.82061,1.0,1.0,1.0,1.0,1.0,1.0,1.0,1.0,2.72222,1.0,1.0,1.74519,1.0,4.4318,ASC_15A_2
178.97916,1.0,1.0,1.0,1.0,1.0,1.0,1.0,1.0,1.0,1.0,1.0,1.0,1.05556,1.0,1.0,1.0,1.0,1.76262,ASC_15A_3
23.24097,1.0,1.0,1.0,1.0,1.0,1.0,1.0,1.0,1.0,1.0,1.0,1.0,1.05556,1.0,1.0,1.0,1.0,1.0,ASC_15A_4
203.5111,1.0348,1.0,1.0,35.98304,1.0,1.0,1.0,1.0,1.0,1.0,1.0,1.0,1.33333,1.0,1.0,1.0,1.0,1.0,ASC_15A_5
1.0,1.0,1.0,1.0,1.0,1.0,1.0,1.0,1.0,1.0,1.0,1.0,1.0,1.0,1.0,1.0,1.0,1.0,1.0,ASC_15A_6
1.0,1.0,1.0,1.0,1.0,1.0,1.0,1.0,1.0,1.0,1.0,1.0,1.0,1.05556,1.0,1.0,1.0,1.0,1.0,ASC_15A_7
497.53749,4.0522,3.48079,3.03388,250.02587,1.0,1.0,1.0,5.7272,1.0,1.0,1.0,1.0,1.38889,1.0,1.31791,1.0,1.0,2.04798,ASC_15A_8
718.8736,23.4692,3.14745,1.0,774.40628,57.64576,1.0,1.0,15.44417,1.0,1.11602,1.0,55.08601,1.0,1.0,1.0,1.0,1.0,1.0,ASC_15A_9
2499.51032,374.03246,103.00204,267.44391,4179.57826,411.82193,1.0,1.0,316.08244,2860.60099,13.96565,260.48601,572.39717,2.77696,1.0,2.33333,1.0,3.18029,1.35064,ASC_15B_0
2472.12143,373.8658,83.33537,158.88836,4049.30048,144.82193,1.0,1.0,305.02688,2676.76766,14.63232,267.81935,546.50828,1.0,1.0,3.22222,1.0,2.89612,2.02623,ASC_15B_1
2411.95477,333.58802,114.22426,235.98407,3989.91159,424.70125,1.0,1.27118,302.2491,2587.93433,12.63232,229.04157,531.67494,4.94363,1.77778,1.88889,1.0,3.1639,1.07705,ASC_15B_2
2295.95477,242.53246,77.55759,207.19089,3823.5227,243.68396,1.0,1.0,254.69355,2462.15655,14.18787,256.09713,532.45272,1.99918,1.0,2.77778,1.0,2.85334,1.57286,ASC_15B_3
2409.45477,299.08802,96.11315,169.55503,3878.96715,147.25681,1.0,1.54236,265.80466,2404.32322,11.52121,218.98601,485.45272,4.81688,1.77778,3.66667,1.0,2.86334,1.84645,ASC_15B_4
2248.95477,262.97691,68.00204,225.76184,3736.91159,6.3142,1.0,1.27118,265.19355,2310.10099,10.88305,227.04157,511.89717,3.01564,1.0,1.88889,1.0,2.83056,1.82076,ASC_15B_5
2419.2881,256.81024,67.6687,168.57978,3918.68937,134.19353,1.0,1.27118,277.19355,2237.10099,13.07676,190.98601,509.00828,5.68231,1.0,3.27778,1.0,1.1639,1.0,ASC_15B_6
2002.39921,261.81024,70.89093,221.16614,3458.63381,177.05372,1.0,1.0,250.58244,2210.48988,10.4101,195.09713,461.95272,2.73786,1.0,1.44444,1.0,2.13112,1.07705,ASC_15B_7
1890.67699,220.51214,53.77982,125.77725,3081.96715,170.34106,1.0,1.0,220.02688,2142.21211,11.07676,179.04157,431.17494,1.80906,1.0,2.33333,1.0,1.46445,1.07705,ASC_15B_8
2282.2881,253.75469,58.6687,145.35755,3537.46715,135.34106,1.0,1.0,225.80466,2121.26766,9.4101,212.04157,420.34161,1.93581,1.0,1.0,1.0,1.78778,1.05137,ASC_15B_9
1586.73411,147.45401,134.85006,62.2554,2356.71662,11.0,1.0,1.0,164.71536,5559.945,11.42823,169.57529,885.09618,1.24444,1.65004,1.0,1.51779,73.0,23.10765,ASC_15C_0
1202.06744,109.62631,132.51673,8.01355,1565.60551,117.5,1.0,1.0,129.38203,4264.33389,5.6947,160.51974,986.59618,1.62222,1.0,1.26667,3.46223,61.44444,12.50675,ASC_15C_1
1503.56744,162.62067,122.35006,15.38143,1824.93884,29.5,1.0,1.0,177.60425,3210.11167,10.78098,127.35307,652.20729,1.2,2.30009,1.26667,1.38834,61.5,16.55209,ASC_15C_2
1519.45633,106.12067,85.73895,18.34688,1958.99439,21.38889,1.0,1.0,102.82647,2675.16723,5.70871,103.74196,525.76285,1.88889,1.65004,1.0,1.25889,52.88889,19.02942,ASC_15C_3
1203.06744,93.90973,60.07229,1.0,1288.77217,52.0,1.0,1.0,97.93758,2339.61167,3.36136,109.29752,229.15174,1.53333,1.32502,1.0,1.0,57.72222,14.35029,ASC_15C_4
1624.28967,123.45401,87.1834,23.45799,1712.71662,9.05556,1.0,1.0,130.82647,1899.11167,3.73354,106.29752,430.65174,1.2,1.0,1.53333,1.12945,42.27778,12.39339,ASC_15C_5
1286.95633,73.34854,64.07229,27.86043,1249.71662,1.0,1.0,1.0,77.1598,1642.66723,3.56417,75.57529,300.65174,1.8,2.15836,1.0,1.0,34.66667,8.30495,ASC_15C_6
1576.17856,90.00956,69.40562,1.0,1538.54995,1.0,1.0,1.0,109.49314,1490.16723,7.17258,136.96418,275.54063,1.68889,1.0,1.0,1.12945,33.0,7.54759,ASC_15C_7
1166.45633,68.23743,50.40562,1.0,1472.99439,3.0,1.0,1.0,80.04869,1332.945,3.96977,95.11631,439.87396,1.2,1.0,2.33333,1.25889,23.94444,3.69159,ASC_15C_8
1277.123,127.3429,53.73895,40.04064,1526.27217,1.0,1.0,1.0,76.93758,1138.77834,4.46707,129.07529,234.3184,1.57778,1.0,1.0,1.12945,15.88889,4.12357,ASC_15C_9
2068.05292,28.48241,55.20894,4.02454,1156.86442,14.30751,1.0,1.48084,8.02911,798.65586,1.0,87.83865,18.64622,5.67889,1.0,1.0,1.94444,1.0,7.54329,ASC_16A_0
2008.55292,29.68413,69.65338,4.02454,1039.86442,2.94836,1.0,1.32056,7.8775,693.54475,1.0,80.2146,14.31289,3.40722,1.0,1.0,1.0,1.01639,7.7408,ASC_16A_1
2194.71959,83.59935,62.43116,1.0,1579.97553,1.64945,1.0,1.48084,10.46318,623.51797,1.0,80.52662,20.75733,1.79833,1.0,1.37638,1.94444,1.03278,8.62198,ASC_16A_2
2499.71959,133.98823,86.54227,1.0,1594.36442,2.62363,1.0,1.32056,11.15996,565.96242,1.0,92.00532,28.99089,3.70556,1.0,2.12915,1.94444,1.0,7.78093,ASC_16A_3
2586.44181,46.66072,71.65338,1.0,1384.25331,5.00391,1.0,1.96168,10.04885,529.51797,1.0,96.33865,21.97956,4.15,1.0,1.0,1.0,1.0,11.03558,ASC_16A_4
2298.27515,17.04379,50.98672,1.0,1765.47553,1.97418,1.0,1.64112,13.97824,510.32253,1.0,64.35996,26.54644,9.19333,1.0,1.37638,3.83333,1.06556,7.95531,ASC_16A_5
2100.66403,8.84207,71.76449,1.41343,1311.86442,6.73474,1.0,1.48084,11.46318,447.54475,1.0,67.61643,20.21311,4.79611,1.0,1.37638,2.88889,1.03278,7.20995,ASC_16A_6
2172.88626,19.40345,60.20894,1.0,1470.1422,2.2989,1.0,1.0,9.46318,434.79575,1.0,62.3942,18.09067,7.17889,1.0,1.37638,1.0,1.03278,5.40746,ASC_16A_7
1957.49737,26.04379,52.09783,1.0,1354.97553,2.94836,1.0,1.64112,8.38219,434.51797,1.0,86.33865,18.76867,5.67889,1.0,1.0,1.0,1.06556,9.32878,ASC_16A_8
1764.16403,22.7631,39.54227,1.82685,1116.53109,1.64945,1.0,1.48084,7.01873,398.01797,1.0,65.27016,14.19044,6.07389,1.0,1.0,1.0,1.03278,6.4476,ASC_16A_9
1065.07461,3.05529,21.33993,1.0,772.41047,1.0,1.0,1.0,1.02125,123.0164,1.0,1.0,1.0,7.36461,1.0,1.0,1.0,1.03278,1.0,ASC_16B_0
937.35238,2.05529,47.21247,1.0,717.68825,4.3691,1.0,1.48084,1.0,42.00062,1.0,1.0,1.0,12.2535,1.0,1.0,1.94444,1.0,6.83333,ASC_16B_1
1138.46349,3.11058,78.98373,1.0,918.46603,41.3691,1.0,1.32056,1.02125,26.85793,1.0,1.28229,1.0,2.17432,1.0,2.1729,15.55556,1.765,8.55556,ASC_16B_2
1070.35238,3.11058,139.73864,1.0,849.91047,119.99618,1.0,1.48084,1.02125,18.23862,1.0,2.12915,1.0,6.22988,1.0,3.56179,14.5,1.69945,16.05556,ASC_16B_3
1020.35238,1.0,31.10136,1.0,742.74381,24.55365,1.0,1.0,1.0,13.92897,1.0,1.0,1.0,1.0,1.0,1.0,1.94444,1.0,1.33333,ASC_16B_4
908.29683,6.27644,32.80072,1.0,599.68825,73.51597,1.0,1.0,1.0,5.30966,1.0,1.56458,1.0,1.15868,1.0,1.0,1.0,1.0,1.66667,ASC_16B_5
812.57461,3.11058,8.21247,1.0,570.24381,33.14687,1.0,1.0,1.0,1.0,1.0,1.0,1.0,1.0,1.0,1.0,1.94444,1.0,1.0,ASC_16B_6
381.37478,3.11058,2.39871,1.0,248.691,1.0,1.0,1.0,1.0,1.0,1.0,1.0,1.0,1.0,1.0,1.0,2.88889,1.0,1.0,ASC_16B_7
1.0,1.0,1.0,1.0,1.0,1.0,1.0,1.0,1.0,1.0,1.0,1.0,1.0,1.0,1.0,1.0,1.0,1.0,1.0,ASC_16B_8
122.79436,1.0,7.81047,1.0,84.47153,1.0,1.0,1.0,1.0,1.0,1.0,1.0,1.0,1.0,1.0,1.0,1.0,1.0,1.0,ASC_16B_9
881.18333,1.0,9.63477,1.0,455.13373,115.5,1.0,1.0,12.31214,1782.69176,1.0,21.13474,8.31906,32.11111,2.66667,1.53893,1.0,1.0,1.0,ASC_16C_0
1022.40555,1.0,8.96013,1.0,521.4115,109.05556,1.0,1.0,11.53436,1009.26724,1.0,32.29534,10.26191,56.11111,1.0,1.67367,1.0,1.27778,1.35299,ASC_16C_1
1034.68333,1.0,14.26953,1.0,477.74484,125.77778,1.0,1.0,13.46122,744.58065,1.0,45.86079,23.92382,29.05556,1.0,2.48207,1.0,1.27778,1.97392,ASC_16C_2
1162.84999,69.03579,100.38065,13.46245,1449.46706,265.33333,1.0,1.0,12.12789,579.48946,1.0,59.80523,46.7016,23.16667,1.0,5.38627,1.0,1.0,2.23545,ASC_16C_3
849.9611,1.0,5.9681,1.0,454.24484,60.27778,1.0,1.0,13.57233,475.9318,1.0,41.01149,27.86509,21.66667,1.0,3.44313,1.0,1.0,2.99358,ASC_16C_4
1115.79444,1.0,53.00771,1.0,1671.74484,29.38889,1.0,1.37811,12.08992,397.09846,1.0,82.44604,52.53335,42.11111,1.0,2.88758,1.0,1.0,6.34656,ASC_16C_5
883.90555,1.0,14.04731,1.0,495.4115,173.11111,1.0,1.37811,12.30935,329.0272,1.0,15.05332,30.42382,41.44444,1.0,3.75153,1.0,1.0,2.77135,ASC_16C_6
903.07221,1.0,3.76183,1.0,508.46706,51.94444,1.11111,1.0,9.16306,262.58065,1.0,16.44221,18.30954,39.77778,1.0,2.8084,1.0,1.0,1.17649,ASC_16C_7
904.62777,1.0,18.50771,1.0,643.9115,78.66667,1.0,1.37811,9.60751,239.80498,1.0,38.12867,34.08573,17.38889,1.0,3.79178,1.0,1.0,4.01323,ASC_16C_8
961.9611,1.0,21.72195,1.0,583.57817,269.33333,1.05556,1.37811,9.08433,175.64042,1.0,34.11877,42.20001,17.94444,1.0,4.06125,1.0,1.0,2.90212,ASC_16C_9
1.0,2.41156,83.69722,1.0,1.0,1.0,1.0,1.0,81.67881,279.50449,1.11087,418.0158,108.65359,11.05168,1.0,1.0,1.0,1.24444,1.0,ASC_17A_0
1.0,1.0,113.88849,1.0,1.0,1.0,1.0,1.0,69.78992,148.50449,1.55458,437.29358,90.15359,9.25582,1.0,1.0,1.0,1.0,1.0,ASC_17A_1
1.0,1.70578,125.19722,1.0,1.0,1.0,1.0,1.0,69.34547,81.57456,1.44347,397.12691,66.43137,6.21964,1.0,1.0,1.0,1.0,1.0,ASC_17A_2
1.0,1.0,53.96885,1.0,1.0,1.0,1.0,1.0,49.09721,43.63262,1.22198,313.83503,44.06862,15.97675,1.0,1.0,1.0,1.24444,1.0,ASC_17A_3
1.0,1.0,1.0,1.0,1.0,1.0,1.0,1.0,1.0,1.0,1.0,1.0,1.0,1.0,1.0,1.0,1.0,1.0,1.0,ASC_17A_4
1.0,1.0,1.0,1.0,1.0,1.0,1.0,1.0,1.0,1.0,1.0,1.0,1.0,1.0,1.0,1.0,1.0,1.0,1.0,ASC_17A_5
1.0,1.0,20.56786,1.0,1.0,70.841,1.0,1.0,6.91493,1.0,1.0,57.18077,10.69608,1.0,1.0,1.0,1.0,1.0,1.0,ASC_17A_6
1.0,1.0,1.0,1.0,1.0,1.0,1.0,1.0,1.0,1.0,1.0,1.0,1.0,1.92507,1.0,1.0,1.0,1.0,1.0,ASC_17A_7
1.0,1.0,1.0,1.0,1.0,1.0,1.0,1.0,1.0,1.0,1.0,1.0,1.0,1.0,1.21778,1.0,1.0,1.0,1.0,ASC_17A_8
1.0,1.0,1.0,1.0,1.0,1.0,1.0,1.0,1.0,1.0,1.0,1.0,1.0,1.0,1.0,1.0,1.0,1.0,1.0,ASC_17A_9
703.5384,7.73058,1.0,1.0,876.31741,1.0,1.0,1.0,27.10558,647.92687,1.0,238.12403,42.0,1.0,1.0,1.75277,1.0,1.01639,7.19301,ASC_17B_0
780.5384,8.82281,2.85955,1.0,965.92852,8.56252,1.05556,1.0,26.88335,553.42687,1.0,223.01292,42.88889,2.58561,1.0,2.50553,2.74519,1.08195,5.61653,ASC_17B_1
690.0384,2.09223,8.17244,1.0,895.59519,18.6204,1.0,1.0,28.66113,495.48242,1.09686,226.73514,37.66667,2.14117,1.0,1.0,2.11778,1.04917,4.61833,ASC_17B_2
917.0384,1.0,1.0,1.0,1146.15074,43.50696,1.0,1.0,31.88335,447.63772,1.0,275.51292,52.33333,1.64117,1.0,1.75277,1.37259,1.0,7.23125,ASC_17B_3
844.26063,4.63835,2.02044,1.0,988.26185,10.61807,1.0,1.0,31.3278,396.20464,1.0,252.2907,51.27778,1.0,1.0,1.0,1.0,1.06556,4.89611,ASC_17B_4
736.26063,3.18446,1.0,1.0,822.59519,6.50696,1.0,1.0,23.3278,368.01524,1.0,201.45737,38.77778,1.0,1.0,1.0,1.37259,1.03278,6.41343,ASC_17B_5
833.0384,13.27669,2.152,1.0,992.03963,2.83565,1.11111,1.0,28.3278,310.62635,1.0,220.34626,43.61111,1.0,1.21778,1.75277,5.06223,1.04917,6.95167,ASC_17B_6
697.37174,5.18446,30.37422,1.0,1027.03963,2.83565,1.0,1.0,27.3278,302.20464,1.0,178.40181,39.38889,3.56466,1.0,1.37638,1.0,1.04917,4.98991,ASC_17B_7
722.70507,3.18446,3.04089,1.0,889.42852,86.61807,1.0,1.64444,26.88335,301.87131,1.0,228.12403,46.88889,1.0,1.0,1.0,1.37259,1.04917,5.26769,ASC_17B_8
795.70507,5.63835,1.0,1.0,888.98407,16.56484,1.05556,1.0,26.66113,291.70335,1.0,185.40181,40.44444,1.0,1.0,1.75277,1.37259,1.03278,6.34236,ASC_17B_9
1009.76705,18.30154,192.94692,1.92996,1113.86679,215.04644,1.0,1.32056,38.45906,173.98709,1.0,99.24191,36.44518,6.39871,1.0,1.0,1.94444,1.08195,5.91349,ASC_18A_0
485.79651,2.76983,80.71606,1.0,525.43217,305.56698,1.0,1.32056,13.12085,13.89042,1.0,45.71248,9.49595,1.90523,1.0,1.0,1.94444,1.04917,1.36673,ASC_18A_1
224.69276,1.88491,80.23951,1.0,258.43462,10.05252,1.0,1.32056,8.96335,1.0,1.0,28.83665,17.75681,7.06864,1.0,1.0,1.0,1.01639,2.31786,ASC_18A_2
278.06692,1.0,75.82717,1.46498,293.87661,1.0,1.0,1.0,1.60682,1.0,1.0,44.9347,18.68433,1.0,1.0,1.0,1.0,1.0,1.55344,ASC_18A_3
291.83734,1.0,37.47778,1.92996,281.17849,58.36834,1.0,1.0,3.98168,1.0,1.0,22.49679,9.49595,1.09151,1.0,1.0,1.94444,1.0,1.05344,ASC_18A_4
1.0,1.0,1.0,1.0,1.0,1.0,1.0,1.0,1.0,1.0,1.0,1.0,1.0,1.0,1.0,1.0,1.94444,1.01639,1.0,ASC_18A_5
1.0,1.0,1.0,1.0,1.0,1.0,1.0,1.0,1.0,1.0,1.0,1.0,1.0,1.0,1.0,1.0,3.83333,1.01639,1.0,ASC_18A_6
69.60375,1.0,13.69877,1.0,66.88643,20.33029,1.0,1.0,1.0,1.0,1.0,3.20916,1.0,1.73857,1.0,1.0,1.0,1.0,1.79114,ASC_18A_7
1.0,1.0,1.0,1.0,1.0,1.0,1.0,1.48084,1.0,1.0,1.0,1.0,1.0,1.0,1.0,1.0,1.0,1.0,1.0,ASC_18A_8
310.39289,1.88491,37.20741,1.0,235.65194,92.99392,1.0,1.0,2.37973,1.0,1.0,10.57193,12.02575,6.58499,1.0,1.0,1.0,1.0,2.81786,ASC_18A_9
1345.5304,32.52016,251.46563,1.0,1943.37779,110.4256,1.0,2.33186,32.96131,493.5847,1.15281,248.68339,86.86584,1.0,1.0,1.0,1.0,1.43645,15.10149,ASC_18B_0
1507.58595,43.00772,294.91008,1.0,2127.82223,213.02864,1.0,1.0,31.81337,411.68704,1.41673,266.73895,93.89716,1.0,1.0,1.73245,1.0,1.21822,18.32371,ASC_18B_1
1312.08595,16.89468,225.87069,1.87818,1827.82223,284.74279,1.0,2.77581,26.48004,299.5847,1.22922,244.73895,82.66785,1.0,1.0,1.0,1.0,1.21822,17.9112,ASC_18B_2
1399.86373,41.95216,257.41008,1.0,2049.9889,91.98923,1.0,1.44395,26.40576,241.69581,1.45144,220.23895,74.11938,1.0,1.0,1.0,1.0,1.43645,14.37927,ASC_18B_3
1202.08595,29.32668,194.24341,3.63454,1644.15556,38.54479,1.0,2.33186,20.51718,149.57593,1.07641,189.96117,73.34161,1.0,1.0,1.0,1.0,1.43645,13.7126,ASC_18B_4
893.97484,27.57572,137.62877,1.0,1199.43334,155.59227,1.0,1.88791,13.25813,96.5321,1.07641,151.46117,53.13652,1.0,1.0,1.0,6.88889,1.0,12.30009,ASC_18B_5
1120.14151,32.57572,175.64846,2.75636,1559.93334,24.87543,1.0,2.33186,19.22099,55.52038,1.30562,212.2945,77.05674,1.0,1.0,2.59648,12.77778,1.0,12.76816,ASC_18B_6
893.19706,27.57379,89.08585,1.0,1036.60001,115.26432,1.0,2.33186,13.25843,20.71926,1.15281,121.30283,57.01832,1.0,1.0,2.15204,1.0,1.0,6.62577,ASC_18B_7
32.7652,1.0,1.0,1.0,95.07531,146.10573,1.0,1.0,1.0,1.0,1.0,7.68057,1.78487,1.0,1.0,1.0,1.0,1.0,1.19794,ASC_18B_8
8.94503,1.0,1.0,1.0,46.04692,1.0,1.0,1.0,1.0,1.0,1.0,2.52224,1.0,1.0,1.0,1.0,1.0,1.0,1.31671,ASC_18B_9
480.15571,36.42924,83.99966,1.0,418.77866,103.00706,1.0,1.0,7.78747,334.10534,1.0,28.31962,15.26974,2.95363,1.0,1.74001,1.0,1.0,4.13342,ASC_19A1_0
575.26683,23.87803,63.55522,1.0,412.72311,104.00565,1.0,1.0,14.79553,270.99422,1.05556,35.98628,14.88147,2.15223,1.0,1.16,1.12945,1.0,5.30009,ASC_19A1_1
529.48905,16.87803,73.333,1.0,553.66755,7.22505,1.0,1.0,11.77942,227.0202,1.0,37.3804,12.43702,1.22835,1.0,2.21334,1.25889,1.0,7.50635,ASC_19A1_2
586.10016,29.0447,58.55522,1.0,634.16755,150.28483,1.0,1.0,8.56525,180.52669,1.0,54.99151,6.99505,1.89195,1.0,2.07778,3.20334,1.0,5.74453,ASC_19A1_3
455.79891,17.48805,61.44411,1.0,369.43592,16.6709,1.0,1.0,6.01775,176.88311,1.0,33.65557,8.93702,1.0,1.32502,1.58,1.38834,1.01639,6.7126,ASC_19A1_4
526.26683,35.64929,79.44411,1.0,414.00089,40.17231,1.0,1.0,7.08054,176.88311,1.0,53.59478,21.60122,1.45057,1.0,2.21112,1.0,1.34972,7.10149,ASC_19A1_5
489.32238,15.82247,66.11077,1.0,627.66755,10.33474,1.0,1.0,13.77942,145.03968,1.11111,46.93334,10.329,1.85389,1.0,1.16,1.12945,1.03278,5.78412,ASC_19A1_6
518.56064,16.268,79.66633,1.0,356.33422,56.67231,1.0,1.0,5.99359,98.03968,1.0,53.43596,14.32653,2.24278,1.0,1.08,1.12945,1.03278,5.98272,ASC_19A1_7
430.85446,23.81704,76.55522,1.0,398.00686,13.50282,1.0,1.0,6.69247,87.59524,1.05556,34.43334,15.5469,3.38058,1.32502,1.66,1.12945,1.04917,4.37927,ASC_19A1_8
325.1878,14.71353,81.333,1.0,245.89575,47.50706,1.0,1.0,3.8261,82.88311,1.11111,19.74576,11.21728,3.33946,1.0,2.21112,1.0,1.0,5.83202,ASC_19A1_9
2519.53623,3.34752,1.0,1.0,689.94624,10.1964,1.0,1.0,13.96524,591.9944,1.05556,63.47886,40.67358,1.0,1.0,1.0,1.0,1.0,4.54427,ASC_19A2_0
2132.75845,6.41693,1.0,1.0,702.0018,35.51252,1.0,1.0,7.65198,534.38329,1.0,18.27842,28.52814,1.0,1.0,1.0,1.0,1.0,1.19774,ASC_19A2_1
2362.14734,2.18068,17.60577,1.0,639.27958,2.2989,1.0,1.0,11.91972,450.71662,1.0,47.46782,25.07058,1.0,1.0,1.0,1.0,1.0,2.77969,ASC_19A2_2
2254.42512,7.79214,1.0,1.0,676.22402,31.40141,1.0,1.0,10.16471,398.27218,1.0,34.88985,33.06247,1.0,1.0,1.0,1.0,1.0,1.0,ASC_19A2_3
1863.03623,5.5559,1.0,5.73786,545.55735,10.52113,1.0,1.0,11.2303,330.43731,1.0,46.20109,25.95136,1.0,1.0,2.33333,1.0,1.0,6.47743,ASC_19A2_4
1735.92512,4.45864,1.0,1.0,543.61291,2.2989,1.0,1.0,8.85144,283.21509,1.0,17.21181,15.52814,1.0,1.0,1.0,1.0,1.0,2.06215,ASC_19A2_5
1225.64734,2.2641,1.0,1.0,472.39069,18.0939,1.0,1.0,6.0509,282.60551,1.0,46.31188,17.6898,1.0,1.0,1.0,1.0,1.0,2.5066,ASC_19A2_6
1763.64734,3.36137,1.0,1.0,527.72402,2.62363,1.0,1.0,10.83137,272.31601,1.0,30.18972,21.80592,1.0,1.83333,1.0,1.0,1.0,1.19774,ASC_19A2_7
1404.53623,1.12513,1.0,1.0,458.22402,1.0,1.0,1.0,5.56094,235.79409,1.0,20.33397,20.70291,1.0,1.0,1.44444,1.0,1.0,1.0,ASC_19A2_8
1348.98068,1.25026,1.0,12.60247,482.94624,38.64945,1.0,1.0,3.91972,199.28237,1.0,30.32293,29.66047,1.0,1.0,1.0,1.0,1.0,1.0,ASC_19A2_9
1543.85283,42.52503,128.16991,1.0,1513.1249,98.05224,1.0,1.0,9.13788,822.47357,1.0,59.90764,30.24503,1.40944,1.0,1.0,1.0,1.01639,6.23598,ASC_19B1_0
1441.57505,66.63614,167.16991,1.0,1546.18045,236.90591,1.0,1.41891,8.73516,759.52913,1.0,60.74098,34.56784,2.38056,1.0,1.0,1.94444,1.03278,5.18923,ASC_19B1_1
1415.07505,86.49221,83.39214,1.0,1368.84712,84.06984,1.0,1.0,7.66577,722.91802,1.0,49.85209,24.76901,1.26333,1.0,1.44444,1.0,1.06556,4.82564,ASC_19B1_2
1513.5195,164.51495,120.72547,1.0,1437.90267,141.63694,1.0,1.41891,6.19366,670.47357,1.0,51.29653,27.96726,2.74056,1.0,1.0,1.0,1.03278,8.37735,ASC_19B1_3
1447.57505,70.83821,238.83658,1.0,1373.06934,201.89437,1.0,1.0,8.92972,660.02913,1.0,61.51875,25.63392,2.06167,1.0,1.88889,7.61111,1.03278,7.06931,ASC_19B1_4
1343.24172,38.49481,112.16991,1.0,1367.40267,77.48514,1.0,1.0,10.13788,612.97357,1.0,54.12986,30.66842,2.45667,1.0,1.0,1.0,1.04917,4.50495,ASC_19B1_5
1323.35283,39.44932,111.83658,1.0,1290.29156,62.68975,1.0,1.0,5.77688,566.02913,1.0,41.51875,31.30059,1.24278,1.0,1.44444,3.83333,1.11473,3.84709,ASC_19B1_6
1371.24172,73.90384,138.72547,1.0,1395.68045,161.24531,1.0,1.0,8.90205,549.91802,1.0,44.26358,16.63392,2.67889,1.0,1.44444,4.77778,1.01639,9.40265,ASC_19B1_7
1294.59141,52.62606,105.47202,1.0,1381.61719,118.95873,1.0,1.0,6.97144,508.13862,1.0,59.48581,29.81404,1.895,1.0,1.0,3.83333,1.01639,4.74863,ASC_19B1_8
1213.07505,55.60592,101.16991,1.0,1279.18045,79.1342,1.0,1.0,9.6381,471.1958,1.0,57.28006,27.90117,2.26945,1.83333,1.0,1.0,1.03278,6.31684,ASC_19B1_9
685.87468,4.47681,38.41513,1.0,573.06532,1.0,1.0,1.0,3.01572,674.21381,1.0,42.60358,1.0,8.1802,1.0,2.33333,1.0,1.22189,3.38821,ASC_19B2_0
926.70801,17.64565,47.30402,1.0,1008.12087,1.0,1.0,1.0,3.7935,559.1027,1.0,62.74662,1.0,3.62464,1.0,1.8,1.0,1.33284,6.23423,ASC_19B2_1
829.04134,4.47681,54.30402,1.0,794.23198,1.29354,1.0,1.0,1.25393,478.89329,1.0,53.6594,1.0,11.9795,1.0,1.26667,1.0,1.22189,2.49932,ASC_19B2_2
776.87468,10.16884,22.27479,1.0,745.8431,1.0,1.0,1.0,1.99201,422.76936,1.0,37.40524,1.0,4.21423,1.0,1.0,1.0,1.33284,2.34671,ASC_19B2_3
946.43023,5.69203,42.13444,1.0,973.62087,1.0,1.0,1.0,2.46816,406.76936,1.0,62.31802,1.0,3.49651,1.0,1.26667,1.0,1.55474,4.22154,ASC_19B2_4
922.0969,6.95362,23.97069,1.0,947.56532,83.6982,1.0,1.0,2.16653,360.04714,1.05556,36.67523,1.0,5.88089,1.0,1.26667,1.0,1.22189,2.29115,ASC_19B2_5
769.26357,1.0,24.54965,1.0,772.73198,1.0,1.0,1.0,1.42846,323.21381,1.0,49.77051,1.0,2.83784,1.0,1.0,1.0,1.0,1.0,ASC_19B2_6
929.15245,5.69203,17.74847,1.0,906.3431,1.0,1.0,1.0,1.14282,312.76936,1.0,41.05607,1.0,6.37638,1.0,1.0,1.0,1.22189,2.87415,ASC_19B2_7
826.76357,8.16884,39.0818,1.0,807.12087,67.01577,1.0,1.0,1.69038,312.76936,1.0,60.54829,1.0,6.01353,1.0,1.0,1.80468,1.44379,5.22086,ASC_19B2_8
832.37468,6.47681,32.19291,1.0,794.73198,30.01577,1.0,1.0,1.21423,292.3078,1.0,35.98468,1.0,19.64617,1.0,1.26667,1.40234,1.0,5.37415,ASC_19B2_9
1753.82574,101.31885,46.72448,1.0,2215.65538,5.10225,1.0,1.0,5.76185,727.21622,1.0,136.57785,36.37889,2.83111,1.0,1.0,34.28656,1.0,1.0,ASC_19C_0
1886.54796,116.31885,56.28004,1.0,2378.82205,105.88243,1.0,1.0,3.51583,630.94494,1.0,109.68896,23.01074,5.49778,1.0,2.33333,40.47018,1.0,1.0,ASC_19C_1
1821.88129,103.92768,55.39115,1.0,2236.8776,167.47342,1.0,1.0,9.89675,547.16717,1.0,102.18896,21.47259,23.15,1.0,1.0,1.0,1.0,1.0,ASC_19C_2
1773.71463,122.37441,43.84186,1.0,2000.76649,239.46456,1.0,1.0,5.17719,500.05606,1.0,99.85563,22.47259,8.42778,1.0,2.77778,1.0,1.0,1.0,ASC_19C_3
1795.21463,125.2633,46.84186,1.0,2181.82205,72.93798,1.0,1.0,6.39941,426.44494,1.0,114.96674,26.37889,1.0,1.0,3.66667,1.0,1.0,1.0,ASC_19C_4
1730.54796,113.20774,75.83873,4.79176,2087.54427,64.78904,1.0,1.0077,7.83854,417.88288,1.0,114.13341,18.73296,6.99778,1.0,1.0,11.8462,1.0,1.0,ASC_19C_5
1792.65907,96.75873,74.83559,1.0,2297.93316,459.44684,1.0,1.0,8.86765,377.22923,1.0,124.07785,28.02815,3.325,1.0,2.77778,1.0,1.0,1.0,ASC_19C_6
1835.27018,136.54108,43.72134,1.0,2337.98871,161.32687,1.0,1.0,6.09518,345.56256,1.0,126.96674,21.63926,1.81889,1.0,1.0,1.0,1.0,1.0,ASC_19C_7
1760.15907,116.15219,52.72761,1.0,2116.54427,175.77132,1.0,1.0,11.20098,323.88288,1.0,100.57785,26.02815,1.67278,1.0,2.77778,1.0,1.0,1.0,ASC_19C_8
1833.49241,96.20774,23.06408,1.0,2472.82205,192.18678,1.0,1.0,3.15339,323.88288,1.0,100.85563,27.52815,4.64389,1.0,1.0,2.90176,1.0,1.0,ASC_19C_9
3799.93946,202.22616,451.26242,60.36402,2923.55659,1.0,1.0,1.0,64.67874,1885.54083,1.85937,429.10526,85.98363,8.71989,1.0,10.57132,7.18761,2.29161,41.35723,ASC_1A_0
3099.43946,153.6706,351.42909,34.03566,2536.38993,1.0,1.0,1.0,49.52925,1633.87416,1.15416,395.21637,57.3117,9.51914,1.0,8.6911,11.0765,1.6851,30.44778,ASC_1A_1
2912.71724,183.05949,197.70687,36.70233,2473.1677,1.0,1.0,1.0,41.23429,1360.98527,1.0,397.32748,57.41755,5.46359,1.0,3.25532,2.31949,1.17128,20.23723,ASC_1A_2
2517.60613,149.61505,150.70687,23.26286,2863.22326,1.0,1.0,1.0,31.78985,1177.48527,1.07708,391.49415,80.59474,1.29272,1.0,4.74666,1.0,1.0,22.30167,ASC_1A_3
2762.49502,194.05949,261.98464,34.36651,3047.72326,1.0,1.10813,1.0,50.3454,1140.70749,1.11562,475.27193,76.92807,12.74136,1.0,5.44288,2.31949,1.34255,33.90112,ASC_1A_4
2092.55057,93.05949,145.48464,21.20233,2116.88993,12.73505,1.0,1.0,26.67874,1009.92972,1.18819,430.21637,56.76141,2.62605,1.0,5.08866,1.65974,1.0,14.205,ASC_1A_5
2085.82835,163.55949,115.26242,18.09619,2246.6677,10.97864,1.0,1.0,24.60399,951.70749,1.1927,301.77193,65.81696,5.93371,1.0,2.91332,1.0,1.0,17.79278,ASC_1A_6
2604.8839,136.50394,223.5402,18.59121,2173.33437,6.86752,1.0,1.0,33.04844,868.26305,1.26076,413.16082,49.86725,3.46359,1.0,3.25532,1.0,2.62494,26.17,ASC_1A_7
2579.60613,161.83727,153.15131,7.76286,2476.61215,1.0,1.0,1.0,29.82621,857.70749,1.38089,398.10526,60.58948,33.52754,1.0,2.91332,2.31949,1.8935,39.60278,ASC_1A_8
2064.99502,119.44838,107.0402,35.60116,2376.94548,1.0,1.0,1.0,32.3454,784.54083,1.97048,290.54971,91.31696,7.10037,1.0,2.74311,1.0,1.0,11.56167,ASC_1A_9
825.79785,49.92053,115.75493,1.0,1833.89324,13.725,1.0,1.0,25.50777,2288.92549,1.03854,250.81465,93.51741,77.32496,1.32502,2.59545,1.31616,1.0,26.16075,ASC_1B_0
985.40896,55.46521,87.53271,1.0,2079.78213,16.13016,1.0,1.0,27.28555,1632.2479,1.23124,210.42577,118.51741,42.35151,1.32502,1.79773,1.63232,1.0,14.32939,ASC_1B_1
1051.8534,35.29855,97.31049,1.0,2393.22657,21.24802,1.0,1.0,30.28555,1249.69235,1.15416,318.53688,113.29518,29.1637,1.65004,1.79773,1.31616,1.0,24.91108,ASC_1B_2
922.68674,43.3541,116.4216,1.0,2083.28213,44.85238,1.0,1.0,31.50777,1097.47012,1.03854,238.96075,158.57296,51.98376,1.0,2.64103,1.63232,1.0,19.6333,ASC_1B_3
1179.8534,55.85628,119.4216,1.0,2593.50435,336.04206,1.0,1.0,29.50777,929.85901,1.0,315.89905,127.68407,37.26154,1.0,5.27209,6.35857,1.0,26.60519,ASC_1B_4
1010.79785,16.92923,102.19938,1.0,1999.11546,20.19921,1.0,1.0,17.06332,819.41457,1.03854,283.5513,120.12852,32.49162,1.32502,3.08548,5.73029,1.0,28.77186,ASC_1B_5
1253.79785,35.62753,95.31049,1.0,2642.72657,223.68571,1.0,2.08472,39.06332,704.19235,1.03854,371.81465,126.96185,38.22467,1.32502,2.59545,2.26464,1.0,29.04964,ASC_1B_6
1133.07563,37.24951,92.75493,1.0,2525.55991,25.00952,1.0,1.54236,23.71413,604.30346,1.03854,284.53688,117.79518,14.93362,1.0,4.63535,1.31616,1.26843,26.21631,ASC_1B_7
1232.96451,33.20048,100.08826,1.0,2592.22657,225.68571,1.0,1.54236,26.95221,496.8253,1.0,269.60685,123.68407,50.21139,1.0,4.78207,1.0,1.0,22.54964,ASC_1B_8
984.46451,35.24951,73.02907,1.0,2080.55991,61.70198,1.0,1.54236,14.71413,406.42549,1.07708,224.89905,87.81891,38.66912,1.0,1.79773,27.61514,1.0,17.16141,ASC_1B_9
3386.62673,243.85463,173.18832,7.87117,1736.74091,64.11111,1.0,1.0,26.91946,4437.03385,1.69909,137.22112,58.34931,2.49169,1.0,2.19721,6.2978,1.13112,25.34417,ASC_1C_0
2825.2934,299.88693,144.41054,1.0,1642.35202,296.11111,1.0,1.0,23.80835,3241.20052,1.96915,163.9989,47.84931,10.99967,1.0,4.59163,1.37259,1.34972,19.73306,ASC_1C_1
2938.07118,349.64856,152.41054,5.26006,1700.90758,133.88889,1.0,1.0,29.25279,2753.58941,1.79478,172.4989,44.57153,8.08716,1.0,2.64166,1.74519,1.04917,22.1775,ASC_1C_2
2289.7934,144.66471,122.52165,1.0,1522.79647,15.05556,1.0,1.0,23.91946,2349.70052,1.09569,170.9989,38.96042,2.99967,1.0,3.01804,2.11778,1.71584,15.28861,ASC_1C_3
2283.68229,61.93441,114.85499,1.0,1433.07425,39.66667,1.0,1.9832,19.14168,2087.58941,1.2068,151.61001,45.7382,8.22189,1.0,2.50553,1.74519,1.11473,11.13926,ASC_1C_4
2322.34896,166.13241,118.63277,1.0,1406.07425,23.11111,1.0,1.0,21.23875,1872.64496,1.27007,143.9989,41.12709,2.17432,1.0,1.82083,1.37259,1.43167,12.62195,ASC_1C_5
2032.57118,53.56168,97.85499,1.0,1430.96313,21.11111,1.0,1.0,20.25279,1668.14496,1.69909,175.33223,44.90486,6.74584,1.0,1.37638,1.37259,1.04917,15.8806,ASC_1C_6
2269.46007,56.97382,109.18832,2.7045,1531.01869,57.94444,1.0,1.0,23.80835,1547.81163,1.51621,170.44334,44.18264,4.26947,1.0,3.39442,1.37259,1.01639,13.04727,ASC_1C_7
2017.68229,66.8233,106.74388,1.0,1297.96313,109.44444,1.0,1.0,14.66915,1442.70052,1.02392,155.61001,37.84931,5.38058,1.0,1.0,1.0,1.04917,10.54546,ASC_1C_8
1982.12673,51.41924,84.52165,1.0,1540.85202,17.0,1.0,1.0,18.91946,1343.20052,1.07177,178.9989,42.90486,2.42049,1.0,2.57359,1.0,1.01639,10.89972,ASC_1C_9
806.48134,33.821,26.07954,1.0,441.62987,13.11111,1.0,1.0,7.12817,770.38573,1.0,3.09285,11.38889,6.11111,1.0,1.0,1.0,1.01639,2.93714,ASC_20A_0
1000.92578,36.86977,2.15088,1.0,551.90765,7.05556,1.0,1.0,6.17292,656.65751,1.0,4.05633,11.61111,3.55556,1.0,1.0,2.88889,1.0,3.4101,ASC_20A_1
688.87022,12.73026,5.75673,1.0,389.40765,1.0,1.0,1.0,4.70686,566.21907,1.0,1.64841,14.38889,1.0,1.0,1.0,1.94444,1.01639,2.88159,ASC_20A_2
995.75911,41.93211,8.15088,1.0,543.07431,7.0,1.0,1.0,7.48463,539.94129,1.0,9.86228,13.72222,1.44444,1.0,1.0,3.88889,1.03278,2.60527,ASC_20A_3
735.42578,30.821,7.7462,1.0,440.90765,5.0,1.0,1.0,5.59575,487.38573,1.0,7.98252,22.88889,2.11111,1.0,1.0,2.88889,1.0,4.13086,ASC_20A_4
1013.70356,37.93211,3.64562,2.92643,546.90765,52.11111,1.0,2.05044,5.39514,445.27462,1.0,3.01904,11.0,2.22222,1.0,1.0,1.0,1.03278,2.07822,ASC_20A_5
865.09245,26.82779,25.9579,4.85286,460.9632,109.5,1.0,1.0,6.50625,411.65152,1.0,4.13015,12.72222,10.77778,1.0,1.0,1.94444,1.0,2.9386,ASC_20A_6
875.87022,27.75866,4.41287,1.0,452.24098,15.22222,1.0,1.0,5.08494,377.21907,1.0,3.3988,10.77778,2.22222,1.0,1.0,1.94444,1.0,2.71784,ASC_20A_7
921.42578,34.89014,5.69591,1.0,517.68542,3.0,1.0,1.0,9.08494,351.10796,1.0,8.29759,17.0,1.66667,1.0,1.0,1.0,1.01639,3.87721,ASC_20A_8
832.09245,34.93211,3.2117,1.0,492.40765,5.0,1.0,1.0,5.551,351.10796,1.0,12.35315,15.27778,3.27778,1.0,1.44444,1.0,1.0,2.712,ASC_20A_9
756.43706,185.40038,22.86209,1.0,1897.4835,4.15693,1.0,1.93245,9.12153,1380.14765,1.0,1.18072,45.09654,4.9795,1.0,2.94997,1.12945,1.33284,10.11389,ASC_20B_0
818.10373,70.07898,10.37768,1.0,1473.70572,7.31385,1.0,2.8649,11.36667,1165.20321,1.0,1.54217,44.935,1.48749,1.0,3.59996,1.25889,1.22189,7.84491,ASC_20B_1
713.38151,43.43206,5.48879,1.0,994.37238,1.0,1.0,1.0,10.14445,1143.98098,1.0,5.02879,43.23799,4.10763,1.0,2.29998,1.38834,1.55474,8.16945,ASC_20B_2
729.38151,63.07898,4.92885,1.03632,1267.92794,3.20274,1.0,1.0,10.5889,1086.48098,1.0,3.70884,32.99055,1.93194,1.0,2.29998,1.38834,1.55474,7.37709,ASC_20B_3
668.43706,22.63867,5.59552,1.01816,1019.4835,3.20274,1.0,1.0,8.5007,1049.98098,1.0,3.55623,31.59654,2.70972,1.0,1.0,1.0,1.22189,7.26597,ASC_20B_4
680.15928,46.43619,6.93324,1.03632,884.4835,97.64719,1.0,1.0,12.41251,1028.75876,1.0,5.59773,48.60166,2.52603,1.0,1.41109,1.25889,1.44379,9.82732,ASC_20B_5
569.21525,29.2259,5.52875,1.01816,735.76127,70.92496,1.0,1.0,10.20973,986.81432,1.0,5.57028,37.20765,1.67569,1.0,1.41109,1.12945,1.44379,5.58172,ASC_20B_6
535.15928,33.80533,18.15546,1.0,648.20572,1.0,1.0,1.0,8.5889,955.03654,1.0,3.01406,40.04099,2.02603,1.0,1.41109,1.0,1.33284,3.16366,ASC_20B_7
604.6601,15.79752,2.55994,1.0,652.15016,1.0,1.0,1.0,7.96806,954.98098,1.0,6.26439,35.68244,1.67118,1.0,1.41109,1.25889,1.11095,9.4794,ASC_20B_8
579.49303,22.96006,1.0,1.0,661.70572,1.0,1.0,1.0,19.25556,949.81432,1.0,7.22357,29.71278,1.18819,1.0,1.0,1.0,1.99853,10.0963,ASC_20B_9
1559.55575,30.25217,38.81597,1.0,1671.50022,1.82453,1.0,1.0,25.23736,1225.70974,1.10313,16.2313,52.71311,1.26333,1.0,1.00101,1.0,1.0,11.00981,ASC_20C_0
1313.33353,37.94818,31.37152,5.83763,1465.00022,1.82453,1.0,1.0,22.79291,1121.04307,1.0,20.85958,50.37978,1.26333,1.0,1.00101,1.0,1.0,9.07133,ASC_20C_1
1203.72242,19.11797,36.51755,3.41881,1337.11133,2.64906,1.0,1.0,23.57069,1026.65418,1.0,20.95555,41.93533,1.76945,1.0,1.00505,1.0,1.27778,4.47214,ASC_20C_2
1479.11131,34.2684,41.59374,1.0,1525.38911,1.0,1.0,1.0,24.23736,979.3764,1.10313,18.43635,46.87978,1.26333,1.0,1.00101,1.0,1.0,14.89275,ASC_20C_3
1383.22242,28.83707,41.92708,1.0,1325.33356,5.93564,1.0,1.0,19.57069,937.3764,1.20626,16.52625,40.54644,1.0,1.0,1.00101,1.0,1.0,8.96022,ASC_20C_4
1046.16686,8.03932,29.17785,1.0,1126.61133,2.64906,1.0,1.0,23.12625,895.3764,1.0,20.84444,39.26867,1.26333,1.32502,1.00101,1.0,1.0,8.34911,ASC_20C_5
1174.44464,16.15729,220.21913,1.0,1216.66689,2.64906,1.0,1.0,17.23736,837.8764,1.0,11.86161,37.67967,1.0,1.0,1.0,1.0,1.0,8.11497,ASC_20C_6
968.83353,29.90885,39.92708,1.0,1038.16689,1.0,1.0,1.0,19.01513,780.3764,1.0,14.04747,30.49089,1.0,1.0,1.0,1.0,1.0,14.07133,ASC_20C_7
1368.05575,33.93194,48.37152,1.0,1451.278,1.0,1.0,1.0,26.90402,743.8764,1.0,28.52625,43.65756,1.0,1.0,1.00202,1.0,1.0,10.89275,ASC_20C_8
996.77797,29.15729,27.47627,1.0,1085.94467,2.64906,1.0,1.0,21.23736,743.59862,1.0,14.02827,38.26867,1.13167,1.0,1.00101,1.0,1.0,9.4483,ASC_20C_9
1615.92144,45.7008,258.77195,3.20122,1872.67026,1.82453,1.0,1.0,73.04112,447.5183,2.0,190.92324,71.35449,1.38889,1.0,1.13312,1.37259,1.3825,7.15839,ASC_21A_0
1385.92144,40.80092,228.43861,1.0,1542.72582,4.29812,1.0,1.0,73.8189,389.68497,1.77778,168.75657,61.41004,1.44444,1.0,1.0,1.0,1.3825,3.27193,ASC_21A_1
1326.69921,30.55063,222.54972,3.20122,1567.72582,2.64906,1.0,1.0,58.04112,338.58827,2.22222,132.14546,56.18782,1.33333,1.0,1.0,1.0,1.01639,4.27145,ASC_21A_2
1391.5881,30.50607,223.66084,1.0,1593.72582,4.29812,1.0,1.0,61.8189,292.99158,1.83333,146.58991,60.24338,2.22222,1.0,1.06656,1.0,1.3825,3.43909,ASC_21A_3
1210.75477,26.50057,207.10528,1.0,1367.5036,62.62265,1.0,1.0,56.8189,258.74052,2.0,139.08991,44.85331,1.55556,1.0,1.06656,1.37259,1.39889,3.77193,ASC_21A_4
1433.75477,32.55063,242.43861,1.0,1644.39249,14.5759,1.0,1.0,75.93001,258.74052,2.27778,170.08991,68.91004,1.22222,1.10889,1.0,1.0,1.09834,2.77145,ASC_21A_5
1240.47699,34.7063,189.66084,1.0,1515.89249,1.82453,1.0,1.0,55.48557,247.28377,1.61111,134.81213,44.63227,1.55556,1.0,1.0,1.0,1.46445,6.60381,ASC_21A_6
1351.36588,16.50607,234.60528,1.0,1600.78137,3.47359,1.0,1.0,70.70779,214.49158,2.05556,175.03435,54.13227,1.11111,1.21778,1.57756,1.37259,1.06556,2.71735,ASC_21A_7
1167.19921,13.25029,177.10528,1.0,1323.44804,2.64906,1.0,1.0,41.26335,186.97927,1.94444,114.42324,41.57671,7.55556,1.0,1.0,1.0,2.46445,3.16131,ASC_21A_8
930.81033,13.40046,137.77195,1.0,1067.78137,18.68701,1.0,1.0,38.37446,164.74052,1.83333,101.70102,38.24338,1.88889,1.10889,1.0,1.37259,1.04917,2.10819,ASC_21A_9
843.55208,7.40495,200.7627,1.0,1618.7721,1.0,1.0,1.0,44.23559,663.45781,1.04784,180.44764,37.75348,1.06875,1.0,1.31791,1.0,6.79779,10.47728,ASC_21B_0
908.66319,1.48099,180.20714,1.0,1450.7721,1.0,1.0,1.0,43.56893,595.45781,1.51621,162.11431,34.09072,1.03437,1.0,1.0,1.0,1.0,7.95648,ASC_21B_1
857.16319,6.40495,196.7627,1.0,1440.7721,1.0,1.0,1.0,43.12448,574.56892,1.09569,166.83653,42.8685,1.0,1.0,1.0,1.0,8.63113,11.13355,ASC_21B_2
879.66319,7.88593,195.31826,1.0,1599.2721,1.0,1.0,1.0,42.01337,537.95781,1.02392,217.5032,50.64627,1.0,1.0,1.31791,1.0,1.0,11.74466,ASC_21B_3
829.21875,4.96198,180.31826,1.0,1293.60543,1.0,1.0,1.0,38.68004,480.56892,1.07177,172.11431,40.03516,1.01719,1.0,2.27164,1.0,1.48223,8.79502,ASC_21B_4
926.99653,6.84791,172.31826,1.0,1554.82765,20.27401,1.0,1.0,34.12448,480.56892,1.09569,157.78098,35.20183,1.2566,1.10889,1.63582,1.0,1.0,9.91653,ASC_21B_5
911.77431,8.40495,191.81826,1.0,1496.32765,3.82956,1.0,1.0,34.123,480.29115,1.0,163.16986,28.61264,1.0,1.10889,1.63582,1.0,1.48223,9.84017,ASC_21B_6
731.10764,4.44297,173.54048,1.0,1247.43876,1.0,1.0,1.0,34.3467,453.95781,1.18288,134.66986,38.64237,1.01719,1.10889,1.31791,1.0,1.48223,9.12835,ASC_21B_7
797.49653,9.44297,161.42937,1.0,1289.93876,2.41478,1.0,1.0,25.56744,433.06892,1.07177,111.66986,33.42015,1.0,1.10889,1.31791,1.0,1.24111,8.28462,ASC_21B_8
755.77431,1.48099,154.54048,1.0,1307.93876,1.0,1.0,1.0,27.79115,411.75954,1.15896,118.94764,24.2754,1.0,1.0,1.31791,1.0,9.29779,7.6891,ASC_21B_9
5757.4294,101.21867,328.0308,176.6924,3485.57557,15.80693,1.0,1.0,124.85231,772.68417,1.34235,194.15646,84.86962,3.77778,1.0,1.0,4.51779,79.38016,12.78691,ASC_21C_0
5420.98496,98.10756,333.91969,234.66784,3434.57557,66.67821,1.0,1.0,116.40787,693.96195,1.60312,198.87868,89.09184,5.16667,1.10889,1.0,2.51779,101.71349,12.06468,ASC_21C_1
4844.65162,110.27423,292.75303,205.08129,3231.18668,42.48514,1.0,1.0,97.7412,583.96195,1.33784,166.65646,69.25851,3.5,1.0,1.0,1.38834,82.26905,10.56468,ASC_21C_2
4374.76274,100.052,269.91969,122.58129,2990.46446,68.78932,1.0,1.0,102.63009,568.18417,1.11562,168.76757,70.48073,3.5,1.0,1.0,1.12945,81.71349,11.558,ASC_21C_3
4895.81829,100.99645,289.86414,249.59679,3172.02001,8.40923,1.0,1.0,104.85231,547.29528,1.22673,161.54534,74.36962,4.83333,1.10889,1.0,1.64723,98.65794,12.34246,ASC_21C_4
4209.87385,78.88534,242.80858,147.73246,2857.63112,5.12265,1.0,1.0,87.7412,521.0175,1.38089,128.04534,59.36962,5.61111,1.0,1.0,1.51779,73.43571,8.17579,ASC_21C_5
4187.59607,80.88534,249.80858,167.09679,2850.63112,1.0,1.0,1.0,101.29675,479.35084,1.26978,128.04534,61.81406,4.88889,1.0,1.75277,1.12945,73.38016,10.60688,ASC_21C_6
4111.54051,77.88534,241.86414,136.26345,2585.9089,2.64906,1.0,1.0,92.63009,474.18417,1.07708,125.48979,56.59184,4.22222,1.0,1.0,1.0,62.65794,11.56468,ASC_21C_7
4325.98496,72.88534,250.91969,152.27895,2931.68668,6.35368,1.0,1.0,103.18564,474.18417,1.07708,144.32312,78.03628,6.5,1.0,1.75277,1.25889,74.26905,13.23135,ASC_21C_8
4077.70718,56.54334,241.69747,129.05673,2743.35334,27.73377,1.0,1.0,99.18564,473.73972,1.1927,137.76757,66.75851,4.77778,1.10889,1.0,1.38834,72.93571,8.89802,ASC_21C_9
630.64492,1.0,1.0,26.63699,1770.0926,1.0,1.0,1.0,66.92734,1082.54425,4.33268,1.0,195.94857,1.25817,1.0,1.0,1.0,1.0,1.0,ASC_23A_0
597.97825,2.78202,1.0,21.58144,1396.48149,1.0,1.0,1.0,61.48289,988.32203,4.54692,1.0,170.39301,1.25817,1.0,1.0,1.0,1.0,1.0,ASC_23A_1
595.53381,1.0,1.0,18.43182,1527.81483,1.0,1.0,1.0,63.70512,956.93314,3.44379,1.0,217.05968,1.0,1.83333,1.0,1.0,1.0,1.0,ASC_23A_2
607.64492,3.78202,1.0,4.57702,1689.92594,8.04771,1.0,1.0,67.70512,914.76647,4.34864,1.0,176.33746,1.0,1.0,1.0,1.94444,1.14262,1.0,ASC_23A_3
582.70048,1.59401,1.0,10.70959,1650.5926,1.0,1.0,1.0,67.14956,868.15536,4.00733,1.0,205.94857,1.0,1.0,1.0,1.0,1.0,1.0,ASC_23A_4
570.86714,2.18801,1.0,11.2481,1455.92594,1.0,1.0,1.0,63.03845,868.09981,5.75317,1.0,174.39301,1.0,1.0,1.0,1.0,1.28524,1.0,ASC_23A_5
606.97825,4.18801,1.0,10.22664,1593.48149,1.0,1.0,1.0,58.48289,857.21092,2.38058,1.0,181.72635,1.0,2.66667,1.0,1.0,1.0,1.0,ASC_23A_6
741.97825,2.18801,1.0,2.44886,2255.03705,1.0,1.0,1.0,71.37178,820.65536,4.21358,1.0,187.67079,1.0,1.0,1.0,1.94444,1.0,1.0,ASC_23A_7
587.81159,3.64956,1.0,7.13257,1486.20371,1.0,1.0,1.0,60.81623,773.59981,4.32469,1.0,204.2819,1.0,1.0,1.0,1.0,1.0,1.0,ASC_23A_8
510.53381,4.18801,1.0,1.48295,1435.14816,1.0,1.0,1.0,52.48289,773.15536,3.01531,1.0,146.44857,1.0,1.0,1.37638,1.0,1.0,1.0,ASC_23A_9
1833.98779,466.51612,30.38977,288.71443,3479.98092,1.0,1.0,1.0,511.20592,3669.06813,16.18787,259.98232,960.3123,3.77682,1.32502,1.0,1.0,2.8689,2.94048,ASC_23B_0
1658.71001,470.57167,38.38977,269.67165,3309.59203,1.0,1.0,1.0,457.37259,3464.84591,18.18787,233.03787,837.36786,3.33257,1.0,1.0,1.0,1.0,4.46628,ASC_23B_1
1598.93224,406.96056,32.80022,241.28276,3405.70314,1.0,1.0,1.0,434.59481,3139.7348,15.52121,187.70454,811.86786,1.0,1.97507,1.0,1.0,1.60711,1.41468,ASC_23B_2
1428.5989,419.23834,35.94533,146.76998,2908.7587,1.0,1.0,1.16028,374.92814,2935.2348,13.85454,220.70454,680.70119,1.33276,1.32502,1.0,1.0,3.03956,4.63426,ASC_23B_3
1275.48779,346.51612,31.94533,125.53054,2673.20314,1.0,1.0,1.0,328.42814,2761.90146,10.96565,182.66848,655.59008,1.0,1.0,1.0,1.0,1.0,1.27646,ASC_23B_4
1337.15446,361.57167,50.38977,133.47499,2763.36981,1.0,1.0,1.0,363.81703,2646.79035,13.96565,178.42676,695.97897,14.99866,1.0,1.0,1.0,1.0,1.7209,ASC_23B_5
1162.04335,313.18278,25.16755,99.53888,2385.36981,1.0,1.0,1.0,306.4837,2525.90146,7.86879,173.64898,565.92341,4.61073,1.0,1.0,1.0,1.82534,1.13823,ASC_23B_6
1322.37668,362.68278,28.35577,90.68443,2731.81425,1.0,1.0,1.16028,346.26148,2426.51257,12.63232,141.20454,637.75674,1.0,1.32502,1.0,1.0,2.04356,1.13823,ASC_23B_7
1322.21001,372.73834,40.61199,101.37665,2668.92536,1.0,1.0,1.0,359.03925,2305.95702,10.74343,168.92676,651.64563,1.7774,1.0,1.0,1.0,1.996,1.27646,ASC_23B_8
1344.71001,361.79389,19.76622,166.44943,2521.59203,1.0,1.0,1.48084,321.81703,2216.79035,12.63232,108.63243,613.75674,3.44387,1.32502,1.0,1.0,1.21822,1.27646,ASC_23B_9
1958.59211,231.56298,68.1177,201.92718,3095.52026,123.29127,1.0,1.48084,304.33951,3297.90515,10.06097,170.53477,602.62295,2.27778,1.0,1.18667,1.0,3.72222,3.84789,ASC_23C_0
1978.81433,244.7852,69.67326,170.05238,3037.8536,1.0,1.0,1.32056,311.83951,3088.07182,11.06097,190.36811,602.62295,2.22222,1.0,1.05333,1.12945,7.22222,4.29233,ASC_23C_1
2010.981,208.33109,57.56214,163.91309,3093.24249,1.0,1.0,1.16028,324.50618,2893.68293,13.17208,172.36811,678.40073,2.66667,1.0,1.05333,1.0,3.83333,4.24928,ASC_23C_2
1840.92544,228.54364,63.33992,109.74643,2729.29804,1.0,1.0,2.12196,277.11729,2778.57182,10.50542,165.59033,529.45628,1.0,1.0,1.0,1.25889,3.77778,2.56109,ASC_23C_3
1957.14766,228.49775,60.78437,167.33016,2961.68693,2.59008,1.0,1.16028,302.78396,2652.9607,12.39431,139.53477,567.40073,1.5,1.0,2.63334,1.25889,2.66667,3.39442,ASC_23C_4
1814.981,223.31174,42.89548,97.58135,2562.07582,1.0,1.0,1.0,252.06174,2500.79404,11.94986,116.42366,498.28962,2.16667,1.0,1.02667,1.12945,3.55556,2.69373,ASC_23C_5
1881.64766,223.56298,61.56214,194.96865,2814.8536,103.04048,1.0,1.32056,292.56174,2406.79404,9.17208,129.31255,581.23406,2.27778,1.0,1.05333,1.12945,1.55556,1.79582,ASC_23C_6
1756.03655,231.61854,51.1177,88.24722,2711.68693,12.86786,1.0,1.16028,267.17285,2364.68293,11.70852,104.36811,534.95628,2.66667,1.0,1.13334,1.25889,2.11111,1.99651,ASC_23C_7
1602.53655,152.72965,47.67326,121.67837,2441.52026,1.0,1.0,1.48084,251.83951,2296.34959,8.58785,102.70144,479.90073,1.55556,1.0,1.0,1.38834,1.27778,3.12566,ASC_23C_8
1619.09211,185.21998,59.78437,94.97024,2558.57582,32.02699,1.0,1.0,259.67285,2254.34959,7.4863,88.92366,466.23406,1.22222,1.0,1.52667,1.51779,2.22222,2.39442,ASC_23C_9
533.02451,4.98642,4.61532,1.0,470.20651,59.88889,1.0,1.0,1.0,31.03792,1.0,1.0,3.15467,38.1455,1.83333,1.0,1.0,1.0,1.0,ASC_24A_0
208.23856,1.0,1.0,1.0,160.91988,1.0,1.0,1.0,1.0,1.0,1.0,1.0,1.0,1.0,1.0,1.0,1.0,1.0,1.0,ASC_24A_1
121.01362,1.0,1.0,1.0,130.24436,1.0,1.0,1.0,1.0,1.0,1.0,1.0,1.0,1.0,1.0,1.0,1.0,1.0,1.0,ASC_24A_2
256.96623,1.0,1.0,1.0,185.92431,3.0,1.0,1.0,1.0,1.0,1.0,1.0,1.0,1.0,1.0,1.0,1.0,1.0,1.0,ASC_24A_3
241.84967,2.87531,2.33931,1.0,115.52656,5.0,1.0,1.0,1.0,1.0,1.0,1.0,1.0,1.0,1.83333,1.0,1.0,1.0,1.0,ASC_24A_4
1.0,1.0,1.0,1.0,1.0,1.0,1.0,1.0,1.0,1.0,1.0,1.0,1.0,1.0,1.83333,1.0,1.0,1.0,1.0,ASC_24A_5
1.0,1.0,1.0,1.0,1.0,1.0,1.0,1.0,1.0,1.0,1.0,1.0,1.0,1.0,1.0,1.0,1.0,1.0,1.0,ASC_24A_6
49.16939,1.0,1.01195,1.0,32.55998,1.0,1.0,1.0,1.0,1.0,1.0,1.0,1.0,1.0,1.0,1.0,1.0,1.0,1.0,ASC_24A_7
1.0,1.0,1.0,1.0,1.0,1.0,1.0,1.0,1.0,1.0,1.0,1.0,1.0,1.0,1.0,1.0,1.0,1.0,1.0,ASC_24A_8
189.89978,2.87531,1.47432,1.0,138.30656,1.0,1.0,1.0,1.0,1.0,1.0,1.0,1.0,1.05008,1.0,1.0,1.0,1.0,1.0,ASC_24A_9
635.24175,4.21127,40.94441,1.0,390.21709,1.0,1.0,1.0,4.55279,159.90727,1.0,45.34602,6.49448,1.0,1.0,1.37135,1.74519,1.0,14.82454,ASC_24B_0
589.99419,4.53803,51.50691,1.0,436.32821,1.0,1.0,1.0,8.84724,104.03693,1.0,61.81082,3.63846,1.0,1.0,1.0,1.37259,1.0,8.85126,ASC_24B_1
601.32752,3.21127,55.72913,1.0,499.32821,1.0,1.0,1.0,6.85928,42.19741,1.0,44.81082,8.17133,1.0,1.0,1.0,1.0,1.0,8.05344,ASC_24B_2
508.14574,16.91596,22.05553,1.0,344.94606,1.0,1.0,1.0,5.03335,20.72824,1.0,37.88122,8.73706,6.71741,1.0,1.0,5.11778,1.0,2.15119,ASC_24B_3
478.99419,18.8604,36.8333,1.0,428.55717,1.0,1.0,1.0,6.62502,11.44436,1.0,52.40157,10.11577,1.0,1.0,1.0,1.37259,1.0,3.22011,ASC_24B_4
1.0,1.0,1.0,1.0,1.0,1.0,1.0,1.0,1.0,1.0,1.0,5.30364,1.0,1.0,1.0,1.0,1.0,1.0,1.0,ASC_24B_5
74.25244,1.44225,8.78472,1.0,45.38215,1.0,1.0,1.0,2.35741,1.0,1.0,13.60177,1.0,1.0,1.0,1.0,1.0,1.0,1.86673,ASC_24B_6
1.0,2.32676,1.0,1.0,3.59763,1.0,1.0,1.0,1.0,1.0,1.0,1.76844,1.0,1.0,1.0,1.0,1.0,1.0,1.02672,ASC_24B_7
1.0,1.0,1.0,1.0,6.20874,1.0,1.0,1.0,1.0,1.0,1.0,2.80364,1.0,1.0,1.0,1.0,1.0,1.0,1.0,ASC_24B_8
1.0,1.0,1.0,1.0,1.0,1.0,1.0,1.0,1.0,1.0,1.0,1.0,1.0,1.0,1.0,1.0,1.0,1.0,1.0,ASC_24B_9
932.14862,23.65176,44.48554,1.0,844.04182,8.64071,1.0,1.0,19.67479,3320.33623,1.01111,1.0,41.50768,1.0,1.0,2.42222,1.0,1.0,3.65037,ASC_2A_0
1252.59306,19.65176,43.15221,1.0,867.8196,67.96106,1.0,1.0,24.00812,2795.89178,1.02222,5.70017,49.70117,3.8108,1.0,1.0,1.0,1.0,1.65852,ASC_2A_1
1454.81529,23.92333,58.48554,1.0,959.3196,1.0,1.0,1.0,24.26693,2282.00289,1.02222,12.44531,65.96937,8.97145,1.0,4.37778,1.0,1.0,4.24519,ASC_2A_2
1235.09306,16.97765,41.34128,1.0,1093.15293,41.5296,1.0,1.0,18.08129,1998.83623,1.06667,5.06701,79.1916,15.6216,1.0,1.71111,1.0,1.0,2.70593,ASC_2A_3
1207.53751,35.98261,28.47573,1.0,1268.37516,20.68329,1.0,1.0,9.67208,1888.78067,1.04444,3.74471,36.58048,8.6216,1.10889,1.26667,1.0,1.0,3.31704,ASC_2A_4
1080.53751,22.65176,48.19702,1.0,1257.3196,25.08515,1.0,1.0,12.63685,1799.39178,1.16667,5.78924,57.6504,5.14413,1.0,1.53333,1.0,1.0,2.53519,ASC_2A_5
1470.70418,52.76412,51.61999,1.0,1288.8196,1.0,1.0,1.0,15.30351,1684.05845,1.01111,3.58906,58.80749,3.36636,1.0,1.26667,1.0,1.0,1.88074,ASC_2A_6
1227.81529,11.43451,28.22036,1.0,1230.43071,1.0,1.0,1.3488,10.41463,1573.89178,1.24444,2.65564,34.52972,6.68318,1.0,2.51111,1.0,1.0,3.41593,ASC_2A_7
1404.64862,27.65301,38.84221,1.0,1222.93071,33.30738,1.0,1.1744,12.85636,1453.66956,1.04444,1.54453,38.0345,5.69969,1.0,1.0,1.0,1.0,1.4363,ASC_2A_8
948.03751,7.48882,42.85388,1.0,1009.48627,127.86293,1.0,1.0,8.26422,1385.33623,1.01111,2.30026,24.15519,1.0,1.0,1.26667,1.0,1.0,1.44037,ASC_2A_9
5117.42379,94.26666,128.02222,22.59991,1560.39188,1340.25303,1.0,1.0,40.64955,2883.99265,1.67569,128.01548,442.5071,7.94444,1.0,1.88889,1.0,2.33333,32.32258,ASC_2B_0
5009.59046,86.80195,110.68889,12.42661,1431.39188,46.45498,1.0,1.0,45.42733,2642.88154,1.15416,119.95993,120.0071,11.77778,1.0,2.33333,1.74519,1.0,18.5448,ASC_2B_1
4347.86824,123.24639,115.68889,1.0,1479.50299,124.62691,1.0,1.0,59.64955,2579.49265,1.59861,100.40437,123.5071,9.83333,1.0,1.0,1.0,1.0,21.32258,ASC_2B_2
4951.75713,125.19084,147.91111,9.8155,1490.94743,1138.14719,1.0,1.0,40.31622,2438.32598,1.07708,115.95993,445.28487,3.38889,1.0,2.77778,1.37259,1.55556,20.60036,ASC_2B_3
4657.20157,82.89803,134.63333,12.42661,1494.78077,955.07662,1.0,1.0,37.15763,2333.10376,1.85937,135.29326,190.0071,11.83333,1.0,2.77778,1.0,1.0,20.21147,ASC_2B_4
4526.25713,133.30195,167.68889,1.0,1600.22521,1822.32439,1.0,1.0,34.20511,2270.38154,1.56458,103.79326,659.84043,11.44444,1.0,3.66667,1.0,1.0,17.48925,ASC_2B_5
4649.70157,137.46862,152.74444,20.04435,1438.1141,2085.52107,1.0,1.0,35.42733,2176.32598,1.64166,108.84881,510.56265,7.5,1.0,4.11111,1.37259,1.0,18.8633,ASC_2B_6
4897.31268,78.60522,141.57778,1.0,1382.39188,1727.33413,1.0,1.0,41.31622,2060.65932,1.23124,97.29326,280.06265,9.83333,1.0,2.77778,1.0,1.55556,17.32258,ASC_2B_7
3912.25713,65.8575,81.8,1.0,1298.83632,25.13665,1.0,1.0,42.87177,1924.65932,1.15416,103.90437,113.34043,3.22222,1.0,2.77778,1.0,1.0,17.0448,ASC_2B_8
4837.47935,108.883,159.13333,3.39552,1465.05854,2044.50606,1.0,1.0,34.094,1846.15932,1.64166,88.01548,679.72932,4.38889,1.0,5.0,3.31704,1.0,13.59657,ASC_2B_9
1706.5933,66.7757,148.97627,1.0,1491.39531,4.44726,1.0,1.0,52.00603,290.57922,1.15416,118.71402,51.30107,3.81962,1.0,1.0,1.94444,1.77663,13.18495,ASC_3A_0
1231.81552,33.62824,75.96039,5.39658,1028.20324,35.22504,1.0,1.0,26.37573,147.294,1.0,79.9751,38.47749,1.32648,1.0,1.0,1.94444,1.33284,6.9927,ASC_3A_1
1718.0933,57.31308,101.23816,1.0,1316.20324,2.14909,1.0,1.0,38.93128,57.38411,1.03854,109.95567,51.19972,3.16324,1.0,1.0,1.0,1.33284,6.7946,ASC_3A_2
1487.0933,84.45483,84.92071,1.0,1327.56198,17.92968,1.0,1.0,60.89491,10.62734,1.14965,137.54735,59.02329,2.10425,1.0,1.0,4.77778,1.33284,3.66229,ASC_3A_3
477.42663,10.95016,6.68255,1.0,464.06198,81.29817,1.0,1.0,39.19088,1.68767,1.07708,36.9918,25.85663,1.0,1.0,1.0,1.0,1.0,1.02705,ASC_3A_4
94.68886,1.0,1.0,1.0,65.74847,1.0,1.0,1.0,5.22423,1.0,1.0,2.4792,3.49363,1.0,1.0,1.0,1.0,1.0,1.0,ASC_3A_5
106.93478,1.0,1.0,1.0,57.2588,1.0,1.0,1.0,1.0,1.0,1.0,1.0,1.0,1.0,1.0,1.0,1.0,1.0,1.0,ASC_3A_6
109.15701,1.0,1.0,1.0,64.26829,1.0,1.0,1.0,1.0,1.0,1.0,1.0,1.0,1.0,1.0,1.0,1.0,1.0,1.0,ASC_3A_7
79.49185,5.97508,1.0,1.0,72.58096,1.0,1.0,1.0,6.40808,1.0,1.0,7.75835,4.82358,1.0,1.0,1.0,1.0,1.0,1.0,ASC_3A_8
440.63406,21.86968,7.79366,1.0,328.10162,1.0,1.0,1.0,18.44645,1.0,1.0,25.81117,14.85962,1.0,1.0,1.0,1.0,1.11095,1.08114,ASC_3A_9
6119.26075,91.44391,605.91424,9.95659,5499.58727,1.0,1.0,1.0,85.69742,2303.85848,1.0,298.73763,83.37154,7.74292,1.0,4.44887,1.65701,8.70668,63.73586,ASC_3B_0
5702.8163,85.27724,530.08893,1.0,5673.58727,1.0,1.0,1.0,69.36409,1874.02515,1.0,276.58987,68.37443,7.75297,1.0,2.89036,1.0,8.37973,53.51364,ASC_3B_1
5211.98297,33.43785,346.65188,1.0,5153.9206,177.25138,1.0,1.0,54.33433,1397.0807,1.0,185.21989,63.5411,6.37413,1.0,2.81727,1.0,2.50362,40.65026,ASC_3B_2
3994.98297,22.04291,242.8741,1.0,3680.97616,23.91694,1.0,1.0,33.20834,1035.30293,1.0,89.77545,33.87732,12.04582,1.0,4.33628,1.0,3.17028,28.65026,ASC_3B_3
4052.87186,37.29594,140.74694,1.0,4151.47616,18.66777,1.0,2.21667,21.51191,856.62252,1.0,45.53548,33.09955,3.68204,1.0,2.26024,1.0,1.80417,18.04765,ASC_3B_4
3745.59408,56.95628,218.77102,1.0,4312.08727,53.30638,1.0,1.60833,44.875,673.41404,1.0,93.34991,60.41051,9.78311,1.0,1.63012,1.65701,1.82056,15.81692,ASC_3B_5
3960.64964,37.49341,223.23152,1.0,4331.19838,9.52805,1.0,1.0,44.54167,562.67807,1.0,99.51658,48.7828,7.06088,1.10889,3.07604,1.0,2.89251,16.38098,ASC_3B_6
3994.53853,31.25276,129.70744,1.0,5381.14282,1.0,1.0,1.0,29.66766,484.46959,1.0,45.53548,30.5274,15.09635,1.10889,2.26024,2.31402,1.83056,23.40253,ASC_3B_7
5310.70519,36.29594,173.58893,1.0,5901.64282,56.27943,1.0,1.0,45.71231,436.77544,1.0,89.01658,59.91051,24.37413,1.0,2.00148,1.65701,1.73223,18.01364,ASC_3B_8
4110.3163,37.29594,138.00127,2.86718,4171.52819,175.19582,1.0,1.0,34.98611,379.16433,1.0,63.25771,57.04399,12.44977,1.0,1.37135,1.65701,3.14751,14.94504,ASC_3B_9
863.62079,1.21904,39.08127,1.0,1119.79793,2886.51174,1.0,1.0,6.52795,483.04802,1.0,21.78187,184.19653,8.50856,1.0,1.0,1.37259,1.04917,1.09658,ASC_3C_0
850.95413,1.43809,21.34194,1.0,829.0757,1704.95618,1.0,1.3488,7.40009,323.66655,1.0,24.78506,100.64489,3.64018,1.0,1.0,1.0,1.09834,1.87906,ASC_3C_1
963.78746,1.0,51.17957,1.0,751.96459,505.53365,1.0,1.0,17.46685,250.44433,1.0,72.55646,5.46231,2.02479,1.0,1.0,2.11778,1.84695,3.03846,ASC_3C_2
969.39857,1.0,41.37617,1.0,923.5757,1623.15728,1.0,1.0,11.389,219.05544,1.0,28.68123,214.38302,9.46326,1.0,1.00461,2.11778,1.39889,1.6859,ASC_3C_3
774.00968,1.0,39.17957,1.32712,749.68681,631.89671,1.0,1.0,16.25572,178.34804,1.0,65.95901,37.81351,8.95301,1.0,1.0,1.37259,1.09834,1.46368,ASC_3C_4
1012.84302,1.0,41.84194,1.0,834.0757,1127.61033,1.02445,1.0,5.01675,143.78507,1.0,22.48634,138.256,8.88292,1.32502,1.0,1.74519,1.1639,2.08205,ASC_3C_5
1004.50968,1.0,52.99579,1.32712,785.35348,277.84976,1.0,1.0,17.20571,130.75541,1.09686,47.52504,14.7024,17.52907,1.0,1.00461,3.11778,1.85334,2.57479,ASC_3C_6
1188.00968,1.0,83.68387,1.0,948.96459,875.58059,1.0,1.0,16.35574,108.2999,1.19371,57.29234,103.21831,3.30257,1.0,1.0,2.49038,2.10472,1.73419,ASC_3C_7
1224.00968,1.0,21.89749,1.0,879.63126,1353.7856,1.0,1.0,12.71125,62.59251,1.19371,45.72632,43.5536,4.89317,1.32502,1.0,1.37259,1.53001,3.67863,ASC_3C_8
797.00243,156.48411,29.94454,1.0,1050.26482,3070.47339,1.0,1.0,2.15003,35.86652,1.0,23.99362,275.14097,3.71625,1.0,1.0,1.74519,1.06556,1.3188,ASC_3C_9
867.78193,18.51764,13.60076,1.0,1022.12717,340.08325,1.0,1.0,12.81517,1355.68531,1.0,19.00466,40.73929,5.3532,1.0,3.84444,3.88889,1.0,3.28818,ASC_4A_0
971.83748,36.08104,12.46956,1.0,824.82292,128.56321,1.0,1.0,4.29364,992.93401,1.0,27.338,30.34613,6.04525,1.0,4.73333,4.88889,1.0,2.319,ASC_4A_1
854.05971,10.73594,10.58569,1.0,783.73828,219.75611,1.0,1.0,6.94329,778.47633,1.01111,33.81987,17.31729,13.94923,1.0,3.75556,1.0,1.0,3.19356,ASC_4A_2
1162.11526,150.52156,34.81796,1.0,888.51606,201.64809,1.02222,1.0,5.92628,647.19855,1.0,33.41285,37.65275,10.4897,1.0,3.57778,5.77778,1.0,5.28818,ASC_4A_3
889.57776,19.51764,8.23729,1.0,634.82292,252.17742,1.0,1.0,2.87188,568.10068,1.0,18.94794,25.34187,9.53017,1.0,4.64444,3.88889,1.0,4.04122,ASC_4A_4
896.22637,98.45817,30.19178,1.0,675.79384,204.50766,1.0,1.0,2.63264,484.21179,1.0,25.44794,65.06835,12.07542,1.83333,3.57778,1.94444,1.0,4.03513,ASC_4A_5
819.94859,74.0294,32.80791,5.75191,890.0306,596.9521,1.0,1.0,8.82651,373.87845,1.0,16.78127,46.45937,3.69684,1.0,5.97778,1.0,1.0,2.58853,ASC_4A_6
930.94859,44.52156,90.36849,1.0,1022.57162,298.67123,1.02222,1.0,5.49318,348.74087,1.0,23.11461,19.03738,2.90397,1.0,1.71111,1.0,1.0,2.7552,ASC_4A_7
808.50346,29.40065,54.68676,3.37595,688.86393,119.18051,1.0,1.0,3.5272,275.03188,1.0,8.55789,34.06622,3.58573,1.0,1.71111,4.77778,1.0,2.76344,ASC_4A_8
1217.22637,34.29346,65.25236,1.0,941.01606,207.51385,1.0,1.0,2.87188,224.38106,1.0,33.11577,20.78844,18.15637,1.0,1.53333,6.77778,1.0,5.00216,ASC_4A_9
4396.45687,149.13047,91.89458,23.71078,1778.85153,1.0,1.0,1.62816,10.37963,828.03708,1.0,66.13705,59.66105,11.59991,1.0,1.0,3.33278,1.11095,5.15347,ASC_4B_0
4241.45687,135.01936,62.56124,46.82189,1902.18486,33.97969,1.0,1.0,8.71297,739.03708,1.0,69.41482,56.27216,6.51938,1.0,1.00404,1.0,1.44379,4.30294,ASC_4B_1
4882.84576,136.13047,68.56124,29.01089,2050.24042,99.75747,1.0,1.0,11.0463,665.31486,1.05556,60.74816,62.27216,5.00129,1.0,1.00202,1.12945,1.55474,3.91713,ASC_4B_2
4562.34576,143.96381,86.33902,22.22948,2521.79597,81.30287,1.0,1.62816,11.93519,644.14819,1.0,67.24816,80.77216,1.29716,1.0,1.00404,3.20334,2.22042,7.24033,ASC_4B_3
5008.45687,126.07492,87.22791,15.37018,2108.46264,87.56034,1.0,1.0,12.01904,598.13996,1.0,76.91482,50.71661,9.68044,1.0,1.89394,1.12945,1.66568,4.21608,ASC_4B_4
3686.01243,112.79714,72.89458,28.25907,1567.62931,50.67145,1.0,1.0,13.24126,550.14819,1.0,56.58149,51.27216,11.85271,1.0,1.00303,1.0,1.22189,5.15347,ASC_4B_5
4861.01243,174.40825,89.33902,38.15885,2512.74042,91.53525,1.0,1.0,10.71297,539.70375,1.11111,99.47038,59.88327,1.54996,1.0,1.00101,3.07389,2.33235,5.37569,ASC_4B_6
4270.84576,156.29714,80.22791,14.50726,2208.85153,7.21207,1.0,1.0,9.71297,471.81486,1.0,78.52594,52.38327,2.58742,1.0,1.00101,1.12945,1.0,3.42418,ASC_4B_7
4073.12354,163.24159,87.22791,9.34059,2003.85153,54.53525,1.0,1.0,7.93725,456.14819,1.05556,54.78087,42.14593,2.09302,1.0,1.0,1.12945,1.44379,3.82013,ASC_4B_8
4074.72092,114.88249,57.28315,22.09604,1545.36802,1.0,1.0,1.0,5.35443,456.03708,1.0,61.66976,33.15613,3.9888,1.0,1.00505,1.12945,1.0,3.38582,ASC_4B_9
6380.97419,73.76053,49.95784,29.17751,897.65009,65.90592,1.0,1.0,8.25133,650.65993,1.0,61.79218,47.65925,20.88889,1.0,1.0,1.74519,1.11473,3.93857,ASC_4C_0
6357.47419,99.27954,45.32685,97.08539,915.81676,75.97963,1.0,1.51442,6.47355,577.4377,1.0,83.26589,43.44403,35.05556,1.0,1.0,1.37259,1.0,6.70171,ASC_4C_1
7153.30752,77.20527,41.51339,76.4797,950.20565,2.85148,1.0,1.0,11.47355,546.15993,1.01111,66.23663,44.1037,18.55556,1.0,1.0,1.37259,1.0,9.14028,ASC_4C_2
7021.75196,65.53831,43.32685,50.85774,868.7612,120.77555,1.0,1.0,10.47355,529.99326,1.0,38.41793,37.82592,12.72222,1.0,1.0,1.37259,1.01639,2.03216,ASC_4C_3
6986.64085,94.11287,44.98298,49.62738,923.59453,45.61,1.0,1.0,8.83263,451.54882,1.0,64.73663,45.32592,6.33333,1.0,1.0,3.11778,1.0,5.16955,ASC_4C_4
4994.30752,86.9272,36.41282,15.00814,600.70565,20.94333,1.0,1.0,3.45256,451.15993,1.0,13.29813,22.89547,4.05556,1.0,1.0,1.0,1.06556,1.0,ASC_4C_5
7103.14085,72.77895,64.95784,103.42143,834.87231,156.14629,1.0,1.0,8.16596,451.15993,1.0,45.96182,33.71481,6.55556,1.0,1.70983,1.37259,1.01639,3.49413,ASC_4C_6
5264.02974,42.29766,31.67479,22.57454,863.37231,127.72111,1.0,1.0,8.17884,426.48438,1.0,54.93256,37.11069,7.72222,1.0,1.0,1.74519,1.04917,3.12863,ASC_4C_7
6271.41863,106.66813,57.11923,50.90787,800.37231,9.01815,1.0,1.0,6.15309,404.27104,1.0,60.877,54.49258,13.72222,1.0,1.0,2.11778,1.71584,4.21635,ASC_4C_8
4484.69641,92.631,21.59936,21.13281,664.87231,17.03629,1.0,1.0,2.77302,394.87326,1.0,16.93553,34.21481,1.66667,1.0,1.0,1.74519,1.03278,1.0,ASC_4C_9
1226.68237,11.7783,35.91622,1.50473,1571.50144,26.65138,1.0,1.0,3.64633,550.60027,1.38889,141.56866,28.54711,3.21823,1.0,1.0,1.0,1.0,4.91478,ASC_5A_0
1208.0157,12.7783,28.02734,4.11584,1601.50144,62.80173,1.0,1.0,12.17749,466.34146,1.11111,138.45374,16.81311,1.99201,1.0,1.0,1.0,1.0,3.19256,ASC_5A_1
1648.34903,14.87539,35.96541,1.25236,1901.6681,3.54791,1.0,1.0,8.52709,393.11924,1.61111,182.56866,32.15822,3.14549,1.0,1.0,1.0,1.0,1.6548,ASC_5A_2
1461.07125,23.11163,4.19126,1.0,1777.89032,5.2342,1.0,1.0,14.74118,372.28591,1.83333,149.95755,22.75756,2.93246,1.0,1.0,1.0,1.16706,1.43851,ASC_5A_3
1412.34903,24.86154,28.38526,1.0,1867.94588,1.12309,1.0,1.0,14.07044,340.87805,1.22222,155.902,11.11278,1.05156,1.0,1.18568,1.0,1.33412,1.43258,ASC_5A_4
1910.90459,11.59761,24.32971,1.0,1982.39032,54.9368,1.0,1.0,13.9512,288.11924,1.83333,171.56103,32.6355,2.41927,1.0,1.0,1.0,1.0,2.3096,ASC_5A_5
1408.68237,27.12565,60.54556,1.50473,1832.61255,1.0,1.0,1.0,7.72898,277.34146,1.83333,151.00548,17.7685,3.06475,1.0,1.18568,1.0,1.16706,1.87109,ASC_5A_6
1444.57125,7.63932,27.44719,1.0,1764.1681,1.0,1.0,1.0,18.28453,262.78455,1.5,109.51311,20.53533,3.74861,1.0,1.0,1.0,1.33412,2.3096,ASC_5A_7
1652.23792,11.87556,14.43171,1.0,1745.11255,1.36927,1.0,2.8649,22.72898,231.67344,1.16667,135.34644,29.34678,1.16267,1.0,1.0,1.0,1.0,1.0,ASC_5A_8
1240.29348,9.51419,2.19126,1.0,1563.89032,59.04791,1.0,1.0,8.29673,201.22764,1.66667,108.78707,16.335,1.36371,1.0,1.0,1.0,1.16706,1.6548,ASC_5A_9
2491.51618,47.65625,201.42295,1.0,1323.65156,37.13615,1.0,1.0,14.18334,1060.24098,1.0,218.20452,40.44444,31.74854,1.0,1.0,4.77778,1.34972,2.43444,ASC_5B_0
2975.7384,49.65075,211.20073,1.0,1537.54045,14.95696,1.0,1.0,25.85001,786.10483,1.0,203.59341,45.22222,23.20656,1.0,1.88889,1.0,1.01639,2.44813,ASC_5B_1
2634.51618,54.92303,222.14517,6.73072,1452.98489,13.87559,1.0,1.0,21.23705,709.07431,1.0,170.37119,45.88889,20.20698,1.0,1.0,1.0,1.06556,3.12665,ASC_5B_2
3435.46062,42.7008,216.97851,6.47647,1537.98489,9.43975,1.0,1.0,20.29445,630.74098,1.0,220.53786,41.33333,15.51274,1.0,1.0,1.0,1.43167,2.89073,ASC_5B_3
3380.68284,54.75636,216.97851,6.47647,1559.87378,10.52113,1.0,1.0,18.85001,583.29653,1.0,224.4823,50.38889,32.44319,1.32502,1.44444,1.94444,1.03278,5.95998,ASC_5B_4
3811.29396,70.0677,241.75628,5.29804,1675.87378,16.90532,1.0,1.0,25.59908,539.66038,1.0,235.92674,51.16667,23.99875,1.0,1.0,1.0,1.03278,3.5574,ASC_5B_5
3205.51618,42.85098,268.08962,9.03203,1563.20711,20.04225,1.0,1.0,27.51668,518.71594,1.0,284.20452,52.11111,46.65101,1.0,1.0,1.0,1.06556,3.18221,ASC_5B_6
3780.18284,75.01215,225.53406,13.13138,1649.87378,5.97809,1.0,1.0,23.85001,457.51876,1.0,241.92674,46.83333,31.74896,1.0,1.0,1.0,1.03278,4.29147,ASC_5B_7
3729.01618,52.87297,231.75628,1.0,1571.54045,1.97418,1.0,1.0,22.45927,445.54927,1.0,207.76008,54.16667,33.51274,1.0,1.0,1.0,1.01639,2.03739,ASC_5B_8
3554.12729,63.91203,226.97851,9.08758,1591.92934,1.64945,1.0,1.0,24.85001,445.54927,1.05556,230.59341,43.5,34.92962,1.32502,1.0,1.94444,1.04917,4.25962,ASC_5B_9
1610.93841,34.65753,44.24744,1.0,1998.03903,1.0,1.0,1.0,5.75669,460.48027,1.0,64.59343,22.06973,1.0,1.0,1.11917,1.0,1.66618,2.05307,ASC_6A_0
1257.88285,24.10408,13.24239,4.94773,1338.41491,13.16667,1.0,1.47795,4.54788,403.62046,1.15222,69.21787,26.38922,1.0,1.0,1.56361,1.0,1.11095,2.82589,ASC_6A_1
1547.8273,33.38116,61.91915,1.0,1729.48348,3.0,1.0,1.23897,5.53447,346.20977,1.0,63.59343,21.79896,1.0,1.0,1.68278,1.0,1.55474,4.32341,ASC_6A_2
1309.3273,32.43531,45.69692,1.0,1185.76126,29.55556,1.0,1.0,6.5996,307.7243,1.0,73.92676,15.53503,1.0,1.0,1.0,1.0,1.44379,2.60367,ASC_6A_3
1618.66063,18.15964,20.06393,1.0,1889.53903,5.0,1.0,1.0,4.72413,260.55764,1.0,52.7601,25.50033,1.0,1.0,1.0,1.0,1.11095,3.07713,ASC_6A_4
1638.38285,20.43531,34.76427,8.89546,2231.38655,9.11111,1.0,1.23897,3.20114,255.86916,1.0,82.59343,23.81281,1.0,1.0,1.68278,1.0,1.11095,2.99007,ASC_6A_5
1610.43841,25.43601,35.58581,1.0,1905.87237,58.33333,1.0,1.0,3.58045,237.57217,1.0,61.64898,23.8058,1.0,1.0,4.02417,1.0,1.55523,3.29935,ASC_6A_6
1687.04952,30.49156,38.06393,1.0,2009.15015,1.0,1.0,1.23897,4.73754,222.93458,1.07611,50.31565,17.40307,1.0,1.0,2.12723,1.0,1.0,2.60367,ASC_6A_7
1422.21619,27.3256,38.06393,1.0,1808.15015,7.11111,1.0,1.0,5.8678,213.55764,1.0,74.42676,29.43093,1.0,1.0,1.35751,1.0,1.0,3.87896,ASC_6A_8
1144.04952,13.99367,49.84171,1.0,1197.2057,5.0,1.0,1.0,4.12259,179.09398,1.0,68.59343,19.167,1.0,1.0,1.23834,1.0,1.22189,6.01413,ASC_6A_9
965.97968,8.29807,70.21759,1.0,943.47492,20.76298,1.0,1.0,13.4232,942.67091,1.16667,118.07169,47.43506,19.42244,1.0,1.26667,1.37259,1.11095,4.88368,ASC_6B_0
920.97968,7.29807,72.21759,1.0,886.8638,72.17042,1.0,1.0,8.02287,733.0598,1.0,92.79392,38.71284,4.26072,1.0,1.26667,1.0,1.22189,4.43924,ASC_6B_1
933.20191,18.12053,83.21759,1.0,889.58603,185.85189,1.0,1.0,9.53431,649.22646,1.0,110.73836,51.37951,6.63751,1.0,1.71111,1.0,1.11095,4.51496,ASC_6B_2
942.70191,22.23164,80.10648,1.0,856.3638,66.68522,1.0,1.0,11.00816,560.86512,1.0,105.46058,47.15728,5.09406,1.0,1.26667,1.0,1.22189,5.05542,ASC_6B_3
995.42413,16.40918,56.77315,1.0,899.19714,67.9852,1.0,1.0,12.27859,554.50424,1.0,104.96058,36.65728,15.31133,1.0,1.0,1.37259,1.11095,2.38876,ASC_6B_4
858.42413,8.82923,54.88426,1.0,788.19714,127.08891,1.0,1.0,9.95996,489.44774,1.0,70.76126,29.52509,9.65676,1.0,1.97778,1.37259,1.33284,2.75748,ASC_6B_5
962.59079,10.9471,59.77315,1.0,863.8638,137.02595,1.0,1.0,6.77124,460.50424,1.0,81.46058,24.71284,7.32838,1.0,1.0,1.37259,1.0,1.62113,ASC_6B_6
977.81302,8.4227,54.66204,1.0,919.19714,4.31853,1.0,1.0,6.80065,431.72552,1.0,69.23836,38.71284,8.26072,1.0,1.0,1.37259,1.0,2.51002,ASC_6B_7
837.75746,16.00266,54.99537,1.0,846.80825,12.54075,1.0,1.0,8.51552,393.14289,1.0,85.1387,25.10173,4.16171,1.0,1.0,1.0,1.0,3.67161,ASC_6B_8
1133.14635,11.36039,57.66204,1.0,1008.8638,96.31113,1.0,1.0,12.67483,366.50424,1.0,96.68281,34.71284,5.32838,1.0,1.0,1.0,1.0,2.09081,ASC_6B_9
1921.59709,7.29127,42.38313,1.0,26.47469,1.0,1.0,1.0,3.87972,30.28391,1.0,6.71898,1.0,1.0,1.0,1.0,1.0,1.0,3.54825,ASC_6C_0
839.97681,4.22608,1.0,1.0,1.0,1.0,1.0,1.0,1.0,1.0,1.0,1.0,1.0,1.0,1.0,1.0,1.0,1.0,1.0,ASC_6C_1
5303.09709,49.47722,4.61941,14.75829,1.0,1.0,1.0,1.0,2.96952,1.0,1.0,22.23784,1.0,1.0,1.0,1.0,1.0,1.0,3.96273,ASC_6C_2
5577.31932,50.80863,1.0,29.38743,1.0,1.0,1.0,2.8649,4.40938,1.0,1.0,28.92985,1.0,1.0,1.0,1.0,1.0,1.0,5.35016,ASC_6C_3
2129.47681,28.67824,1.0,1.0,1.0,1.0,1.0,1.0,1.7945,1.0,1.0,9.60625,1.0,1.0,1.0,1.0,1.0,1.0,1.77486,ASC_6C_4
1.0,1.0,1.0,1.0,1.0,1.0,1.0,1.0,1.0,1.0,1.0,1.0,1.0,1.0,1.0,1.0,1.0,1.0,1.0,ASC_6C_5
1.0,1.0,1.0,1.0,1.0,1.0,1.0,1.0,1.0,1.0,1.0,1.0,1.0,1.0,1.0,1.0,1.0,1.0,1.0,ASC_6C_6
553.39968,6.22608,5.34993,1.0,1.0,1.0,1.0,1.0,1.24353,1.0,1.0,2.38727,1.0,1.0,1.0,1.53582,1.0,1.0,1.38743,ASC_6C_7
1605.97681,18.67824,14.38313,3.52705,1.0,1.0,1.0,1.0,2.19633,1.0,1.0,7.43958,1.0,1.0,1.0,1.26791,1.0,1.0,1.60819,ASC_6C_8
1166.65265,1.0,1.0,1.0,1.0,1.0,1.0,1.0,1.0,1.0,1.0,1.0,1.0,1.0,1.0,1.0,1.0,1.0,1.0,ASC_6C_9
1480.38445,70.75711,51.12636,1.0,1072.2442,4.54262,1.0,1.0,4.99331,611.77194,1.0,96.61372,38.36851,9.33436,1.0,1.0,1.0,1.01639,6.44402,ASC_7A_0
1649.94,98.62554,70.23747,1.0,1315.41086,14.18189,1.0,1.0,8.03707,517.71638,1.0,143.14982,49.23365,29.34686,1.0,1.54224,1.74519,1.0,13.90546,ASC_7A_1
1610.49556,60.02907,70.90413,1.0,1242.18864,57.98706,4.97272,1.0,10.5051,465.4386,1.0,133.78038,26.944,21.16318,1.0,1.0,1.37259,1.01639,6.67038,ASC_7A_2
1128.32889,45.23666,55.63168,1.0,887.46642,10.63927,2.98636,1.0,3.72392,412.99416,1.0,113.31649,21.76546,4.66318,1.0,1.0,2.11778,1.01639,4.30306,ASC_7A_3
1658.77334,52.97352,68.68191,1.0,1188.2442,3.12557,1.0,1.0,9.42766,374.25991,1.0,151.15263,42.5233,7.89791,1.0,1.0,1.0,1.0,6.40132,ASC_7A_4
1585.60667,66.53489,68.23747,1.0,1167.07753,2.41705,1.0,1.0,9.17176,332.37103,1.0,128.20537,45.68997,3.79131,1.0,1.18075,1.37259,1.01639,8.47387,ASC_7A_5
1548.10667,66.70156,79.34858,1.0,1229.46642,1.0,1.0,1.0,7.21553,316.31547,1.0,157.29984,36.49956,2.82985,1.0,1.62519,1.74519,1.0,4.23051,ASC_7A_6
1554.55111,43.34777,66.12636,1.0,1216.2442,1.0,1.0,1.0,6.99331,278.19234,1.0,126.87204,32.99149,6.96248,1.0,1.62519,1.0,1.01639,9.48672,ASC_7A_7
1563.94,56.16064,71.90413,1.0,1284.13309,101.02816,1.0,1.0,4.81485,249.36648,1.0,127.74428,29.38038,5.54756,1.0,1.0,1.0,1.0,4.84576,ASC_7A_8
1453.94,67.16064,48.13701,1.0,985.96642,3.12557,1.0,1.0,5.21553,224.21638,1.0,99.96651,33.46775,3.23124,1.0,1.0,6.23557,1.0,8.86276,ASC_7A_9
974.3252,61.12799,71.42512,1.0,799.37911,21.43613,1.0,1.0,49.81324,2784.0477,4.58771,106.91381,192.02662,7.68231,1.0,1.0,1.0,1.0,10.80297,ASC_7B_0
1325.21408,35.32794,52.64734,1.0,839.93466,9.2139,1.0,1.0,63.03546,2647.5477,5.65684,134.3027,245.35995,14.7535,1.0,1.44444,1.0,1.48573,11.85853,ASC_7B_1
1393.21408,28.90014,70.09178,1.16756,930.15688,109.7653,1.0,1.0,62.03546,2542.65881,5.4766,147.24714,235.02662,6.42815,1.0,2.77778,1.0,1.09684,13.46357,ASC_7B_2
1061.38075,45.37517,55.75845,1.16756,873.04577,76.87641,1.0,1.0,48.92435,2442.99215,3.99017,144.85825,201.02662,9.61078,1.0,1.88889,1.0,1.58256,12.39354,ASC_7B_3
1431.93631,29.90014,79.09178,1.0,841.65688,78.93197,1.0,1.0,41.14657,2359.32548,3.18274,151.85825,179.35995,2.41251,1.0,1.0,1.0,2.16513,9.96357,ASC_7B_4
1561.15853,45.64463,47.98067,1.33513,943.76799,13.27362,1.0,1.0,61.70213,2296.38103,3.15559,138.08047,211.97106,6.56321,1.0,1.44444,1.0,2.06675,22.15078,ASC_7B_5
1272.26964,73.55016,49.9694,1.16756,925.15688,76.99168,1.0,1.0,56.59102,2222.71437,3.28153,130.41381,204.74884,9.86428,1.0,1.88889,1.0,1.87462,8.96964,ASC_7B_6
1030.04742,64.91409,65.64734,1.0,894.71244,43.92781,1.0,1.0,56.36879,2144.26992,2.83708,146.91381,171.97106,5.83301,1.0,1.88889,1.0,1.19367,10.89354,ASC_7B_7
1002.54742,52.38349,50.09178,1.0,978.49022,33.76114,1.0,1.0,54.59102,2144.21437,2.23955,138.63603,158.08217,4.82502,1.0,1.0,1.0,1.19367,12.06021,ASC_7B_8
1351.54742,70.96964,55.09178,1.0,898.65688,29.70558,1.0,1.0,60.25768,2049.99215,3.11361,137.08047,214.3044,6.57918,1.0,1.0,1.0,1.58102,17.96357,ASC_7B_9
2253.87185,746.37094,600.69862,70.10203,1600.18711,63.52971,1.0,1.0,27.77146,2113.52389,1.00956,110.63745,35.16018,1.0,1.0,33.27778,1.0,1.0,3.91217,ASC_7C_0
942.19235,414.20427,248.147,14.96768,619.6699,116.97415,1.0,1.0,16.06986,1159.24611,1.00956,46.55297,25.63565,1.0,1.0,18.0,1.0,1.0,3.10741,ASC_7C_1
1113.53852,628.42431,309.09275,4.57879,330.51363,110.80749,1.0,1.0,22.1048,771.07944,1.01912,40.53121,1.0,1.0,1.0,11.22222,1.0,1.0,1.5672,ASC_7C_2
909.80346,311.55992,237.82022,10.98061,399.30538,34.10465,1.0,1.0,11.94129,587.80166,1.00956,50.23166,10.12013,1.0,1.0,9.0,1.0,1.0,3.32963,ASC_7C_3
386.85901,192.53105,81.99475,1.0,88.15269,1.0,1.0,15.80935,11.61378,442.88984,1.02868,72.5481,19.54907,1.0,1.0,2.77778,1.0,1.0,2.48678,ASC_7C_4
473.30346,226.8377,102.32284,1.0,11.07635,1.0,1.0,1.0,9.71324,362.30166,1.0478,62.53121,4.15891,1.0,1.0,2.33333,1.0,1.0,1.49048,ASC_7C_5
285.63893,43.30665,46.10849,4.32687,18.89928,1.0,1.0,1.0,9.29791,319.31136,1.03824,86.35967,27.54907,1.0,1.0,1.0,1.0,1.0,2.20318,ASC_7C_6
158.01712,55.14216,43.99738,1.0,33.79857,21.98708,1.0,1.0,8.18097,253.45509,1.03824,58.5481,7.6912,1.0,1.0,1.88889,1.0,1.0,3.80476,ASC_7C_7
324.58123,66.34995,88.82809,6.88243,70.70825,1.0,1.0,14.64268,14.87093,198.47447,1.01912,81.49255,19.55682,1.0,1.0,1.0,1.0,1.0,4.65344,ASC_7C_8
57.2949,17.02887,1.0,1.0,1.0,1.0,1.0,1.0,6.28044,154.55651,1.01912,84.27032,16.89016,1.0,1.0,1.0,1.0,1.0,3.96561,ASC_7C_9
1428.32241,21.49905,28.64033,1.0,1392.90985,15.6356,1.0,1.0,1.0,43.44857,1.0,121.75421,7.95701,1.0,1.0,1.88889,1.0,1.0,1.6575,ASC_8A_0
119.5593,1.0,2.18713,1.0,123.262,1.0,1.0,1.0,1.0,1.0,1.0,60.19333,1.0,1.0,1.0,1.0,1.0,1.0,1.0,ASC_8A_1
4.71114,1.0,1.0,1.0,21.83182,1.0,1.0,1.0,1.0,1.0,1.0,7.84044,1.0,1.0,1.0,1.0,1.0,1.0,1.0,ASC_8A_2
369.29276,9.19209,2.44736,1.0,399.77172,1.0,1.0,1.0,1.0,1.0,1.0,163.08399,1.0,1.0,1.0,1.0,1.0,1.0,1.0,ASC_8A_3
421.26685,1.0,1.0,1.0,435.3543,1.0,1.0,1.0,1.0,1.0,1.0,186.6431,1.0,1.0,1.0,1.0,1.0,1.0,1.0,ASC_8A_4
86.22971,1.0,1.0,1.0,107.35581,1.0,1.0,1.0,1.0,1.0,1.0,39.84577,1.0,1.0,1.0,1.0,1.0,1.0,1.0,ASC_8A_5
19.37047,1.0,1.0,1.0,96.82728,1.0,1.0,1.0,1.0,1.0,1.0,9.41377,1.0,1.0,1.0,1.0,1.0,1.0,1.0,ASC_8A_6
58.37047,1.0,1.0,1.0,116.53674,1.0,1.0,1.0,1.0,1.0,1.0,4.95155,1.0,1.0,1.0,1.0,1.0,1.0,1.0,ASC_8A_7
1.0,1.0,1.0,1.0,1.0,1.0,1.0,1.0,1.0,1.0,1.0,1.0,1.0,1.0,1.0,1.0,1.0,1.0,1.0,ASC_8A_8
181.00374,1.0,6.15204,1.0,193.66515,1.0,1.0,1.0,1.0,1.0,1.0,54.78489,1.0,1.0,1.0,1.0,1.0,1.0,1.0,ASC_8A_9
792.95631,1.38094,44.50319,1.0,623.45551,2.2989,1.0,1.0,8.40216,383.39353,1.0,100.74399,30.5,2.38889,1.0,1.0,1.0,1.0,2.78234,ASC_8B_0
839.28965,4.49205,31.72541,11.7862,627.51106,6.73474,1.0,1.0,6.10091,320.56019,1.0,113.79955,38.77778,1.55556,1.0,1.88889,1.0,1.69945,3.0246,ASC_8B_1
747.01187,1.19047,38.72541,1.0,592.51106,115.24726,1.0,1.0,7.54535,286.32537,1.0,96.91066,31.33333,1.22222,1.0,1.88889,1.0,1.04917,3.3713,ASC_8B_2
818.62298,3.34126,41.05874,1.0,609.28884,116.16197,1.0,1.0,7.56023,242.22686,1.0,108.96621,27.33333,1.16667,1.0,1.88889,1.0,1.3825,1.7957,ASC_8B_3
762.56742,3.34126,33.83652,2.50421,626.95551,3.70501,1.0,1.0,7.06883,242.22686,1.0,114.18844,36.55556,1.16667,1.0,1.0,1.0,1.34972,3.55132,ASC_8B_4
680.12783,1.0,25.86703,1.0,511.63329,3.27308,1.0,1.1744,6.14786,242.22686,1.0,91.41066,21.22222,1.27778,1.0,2.77778,1.0,1.01639,2.42229,ASC_8B_5
708.12298,2.34126,41.83652,1.0,521.23328,1.64945,1.0,1.0,6.11578,242.06019,1.0,98.8551,24.55556,4.27778,1.83333,2.77778,1.0,1.03278,2.00456,ASC_8B_6
676.01187,10.15077,35.6143,1.0,475.78884,29.9953,1.0,1.0,6.57743,233.02238,1.0,85.63288,25.38889,1.0,1.0,1.0,1.0,1.3825,3.03796,ASC_8B_7
749.78965,3.77776,26.20036,1.0,525.56662,2.94836,1.0,1.0,4.44911,194.72686,1.0,87.41066,21.33333,1.27778,1.0,1.0,1.0,1.0,3.01124,ASC_8B_8
765.45631,8.73808,37.16985,1.0,594.95551,111.83725,1.0,1.0,5.79966,186.02238,1.0,120.18844,29.11111,9.88889,1.0,1.88889,1.0,1.01639,3.96905,ASC_8B_9
870.51522,177.28501,119.19568,1.0,776.74094,2022.14696,1.0,1.0,18.32882,3955.24154,1.0,53.33705,137.49439,42.31702,1.0,1.63582,7.72595,1.0,19.88597,ASC_8C_0
895.40411,136.95167,13.24156,1.0,726.51872,2218.52426,1.07611,1.77896,16.43993,3221.29709,1.0,56.50371,132.99439,40.76147,1.0,4.49387,3.86297,1.0,11.08023,ASC_8C_1
768.95966,90.88565,1.0,6.05615,642.57427,1361.70251,1.0,1.0,14.31698,2712.63043,1.0,54.56276,88.93884,12.79307,1.0,2.39818,5.43482,1.0,10.10892,ASC_8C_2
659.73744,71.96321,2.78745,1.0,633.90761,1571.05321,1.0,1.0,12.63254,2523.85265,1.0,89.45164,88.54995,11.5474,1.0,1.63582,1.74519,1.50118,8.91502,ASC_8C_3
716.68188,122.21899,56.05802,1.0,642.96316,1294.9421,1.0,1.0,16.66215,2361.29709,1.0,70.67387,87.8839,7.95209,1.0,5.57413,4.60816,1.66824,12.47021,ASC_8C_4
881.07077,102.84056,4.36234,6.05615,716.24094,1118.58561,1.0,1.77896,9.7555,2120.01931,1.0,70.95164,99.66106,2.5316,1.0,2.08027,2.86297,1.33412,9.63688,ASC_8C_5
762.90411,80.34056,1.0,1.0,656.46316,1350.09719,1.0,1.77896,8.86069,2036.35265,1.0,128.56276,90.04995,7.84913,1.0,2.08027,1.37259,3.16824,8.24799,ASC_8C_6
796.90411,102.24099,6.35267,1.0,703.01872,1873.41894,1.0,1.0,11.32882,1936.51931,1.10313,68.67387,108.99502,18.61876,1.0,4.87662,1.0,1.0,10.10892,ASC_8C_7
727.62633,74.34056,1.0,1.0,654.46316,657.21409,1.0,1.77896,14.5392,1855.38553,1.0,78.45164,103.93884,5.25382,1.0,2.27164,1.0,2.27896,3.69243,ASC_8C_8
774.01522,105.24099,5.5749,1.0,660.35205,2828.86918,1.15222,1.0,7.6207,1763.85265,1.0,61.0072,93.49439,1.0,1.0,6.90746,12.12446,1.33412,15.35874,ASC_8C_9
956.39711,14.44349,146.18928,1.0,761.23642,1.0,1.0,1.0,2.61908,447.49542,1.03069,82.5444,8.83403,32.50491,1.0,1.28401,1.65701,1.55595,41.75432,ASC_9A_0
1021.39711,17.29048,176.09489,1.0,816.0142,1.0,1.0,1.0,1.0,319.07283,1.23757,66.59995,4.85677,12.78105,1.0,1.28401,1.0,1.33412,33.14581,ASC_9A_1
1049.11933,2.84698,118.79204,1.0,796.18086,1.0,1.0,1.0,1.0,240.29505,1.0,76.78267,7.33872,7.68955,1.0,1.28401,1.0,1.0,33.86673,ASC_9A_2
1030.56378,15.80508,117.03097,5.08627,763.56975,1.0,1.0,1.0,3.50797,203.66027,1.01534,65.15551,7.63455,2.63236,1.0,1.56802,1.0,1.0,43.92489,ASC_9A_3
877.786,1.0,102.72812,1.0,657.12531,1.0,1.0,1.0,1.68653,148.76136,1.26058,61.86293,10.19948,5.85294,1.0,1.28401,1.0,1.0,12.31639,ASC_9A_4
1051.11933,8.69397,113.91151,1.0,885.73642,1.0,1.0,1.0,5.99607,130.10471,1.12646,85.37773,16.21355,7.65033,1.0,1.85203,1.0,1.33412,27.5334,ASC_9A_5
899.45267,2.69397,67.06146,1.0,658.16694,1.0,1.0,1.0,5.55163,101.11474,1.03069,60.90983,9.36146,2.63072,1.0,1.71002,1.0,1.33412,24.26083,ASC_9A_6
757.23045,1.0,67.20305,1.0,610.62531,1.0,1.0,1.0,1.0,69.7814,1.36402,51.44194,9.19011,2.22386,1.0,1.0,1.0,1.0,12.37064,ASC_9A_7
857.06378,1.0,57.83923,7.12287,687.12531,1.0,1.0,1.0,1.0,49.60653,1.0,40.99749,10.33403,1.0,1.0,1.72845,1.0,1.0,15.59417,ASC_9A_8
773.45267,18.80508,53.78368,1.0,591.83361,1.0,1.0,1.0,1.0,49.60653,1.00767,69.5765,7.20417,2.65033,1.0,1.0,1.0,1.16706,30.70398,ASC_9A_9
1689.90192,105.76428,330.86316,1.0,1880.93609,72.66667,1.0,1.0,59.89702,1481.51728,1.41251,316.45864,84.71946,5.92815,1.0,1.71334,2.88889,1.66568,47.06299,ASC_9B_0
1702.45747,101.87539,306.86316,1.0,1903.0472,23.33333,1.0,1.8014,53.11924,1229.68394,2.46774,291.29198,78.44168,9.54724,1.0,2.16,4.77778,2.33137,41.17411,ASC_9B_1
1596.2908,72.70872,260.08538,2.42802,1654.82498,7.11111,1.0,1.16028,46.00813,930.90617,1.21424,244.68087,65.55279,4.57087,1.0,1.13334,3.83333,1.77663,33.50744,ASC_9B_2
1407.06858,68.81983,239.58538,1.0,1505.76942,11.0,1.0,1.16028,43.56368,799.90617,1.20626,220.95864,76.27501,2.68231,1.0,1.05333,2.88889,2.10947,18.86814,ASC_9B_3
1442.95747,66.43094,245.08538,1.0,1512.21387,1.0,1.0,1.16028,53.11924,742.12839,1.32535,215.23642,91.38613,1.47605,1.0,1.21334,3.88889,2.66519,19.81175,ASC_9B_4
1518.51303,85.87539,252.69649,2.42802,1601.5472,31.61111,1.0,1.32056,48.23035,720.85061,1.20626,252.40309,83.05279,2.82502,1.0,1.13334,1.0,2.33186,25.11855,ASC_9B_5
1314.12414,67.65317,210.41871,3.85605,1358.60275,13.22222,1.0,1.16028,41.67479,691.52558,1.0,219.56976,75.94168,1.58716,1.0,1.10667,1.94444,2.6098,20.7562,ASC_9B_6
1331.40192,73.70872,237.69649,3.85605,1339.49164,15.11111,1.0,1.64112,44.11924,626.85061,1.30938,206.23642,69.1639,2.23786,1.0,1.21334,4.77778,2.33235,16.61855,ASC_9B_7
1349.12414,55.54205,211.36316,1.0,1432.21387,33.77778,1.0,1.0,50.45257,595.51728,1.43646,213.95864,76.6639,2.69029,1.0,1.66,1.0,1.66568,16.50661,ASC_9B_8
1391.7908,60.4865,234.19649,1.0,1469.10275,5.0,1.0,1.96168,54.78591,538.01728,1.0,246.18087,99.94168,2.46008,1.0,1.24001,3.88889,1.33284,10.42204,ASC_9B_9
2276.86783,49.02539,592.944,1.0,861.32982,14.03254,1.0,1.0,48.99889,2357.59058,1.0,258.80598,25.13429,1.0,1.0,1.87046,7.37927,2.14751,143.12485,ASC_9C_0
2522.64561,58.55303,535.72178,1.0,699.49649,1.3496,1.0,1.0,59.55444,1938.03502,1.00319,181.5282,20.67563,1.0,1.0,1.87046,13.87632,1.53001,113.0693,ASC_9C_1
2422.25672,37.08123,445.77734,1.0,616.1076,12.32659,1.0,1.0,43.66555,1450.8128,1.0,162.36154,16.95472,1.0,1.0,1.72845,13.93187,1.36611,118.45819,ASC_9C_2
2642.59005,25.72054,451.22178,1.0,617.05205,15.73849,1.0,1.0,49.22111,1146.53502,1.0,172.41709,16.87204,1.0,1.0,3.3458,11.38594,2.44806,96.90263,ASC_9C_3
2400.70116,28.66498,305.444,6.01627,394.1076,1.0,1.0,1.0,21.85086,758.36836,1.0,140.9896,5.95735,1.0,1.0,1.99403,10.04299,1.43167,70.45819,ASC_9C_4
2526.47894,33.6647,261.444,1.0,376.27427,1.0,1.0,1.0,20.51753,622.83555,1.0,94.46795,1.0,1.0,1.0,1.0,7.9252,1.08195,56.23597,ASC_9C_5
2457.09005,18.13706,240.78045,1.0,276.84256,6.85913,1.0,1.0,13.11037,522.47947,1.0,61.90769,1.0,1.0,1.0,1.0,11.47114,1.11473,52.50604,ASC_9C_6
1904.36783,15.77665,128.95645,1.0,166.15218,4.45397,1.0,1.0,13.33259,314.74718,1.0,53.85684,1.0,14.62648,1.0,2.1729,5.18001,1.39889,32.33168,ASC_9C_7
1927.14561,16.13706,120.83911,11.03253,125.36803,8.56508,1.0,1.08681,10.40679,185.95934,1.0,38.26738,3.08268,1.0,1.10889,1.0,4.06223,1.06556,30.0539,ASC_9C_8
2185.86783,16.30457,108.50578,1.0,129.15854,10.62063,1.0,1.0,13.31413,106.10588,1.0,46.16382,4.27646,1.0,1.10889,1.87046,1.0,1.41528,31.68041,ASC_9C_9
2005.71034,66.6175,81.12198,4.56298,2429.22132,44.6519,1.0,1.0,10.29037,445.34549,1.0,88.39257,29.97249,1.0,1.0,1.79984,1.0,1.0,5.68692,ASC_UR1_0
1906.21034,56.8962,73.01086,2.51114,2319.66577,90.72504,1.0,1.0,6.98212,361.56772,1.0,85.94812,30.41521,1.09151,1.0,1.0,1.0,1.08195,2.16577,ASC_UR1_1
1870.54368,61.28463,77.45531,2.00743,2241.38799,29.11392,1.0,1.0,9.53767,328.93056,1.0,76.28146,30.19643,3.84968,1.0,1.0,1.0,1.03278,4.0767,ASC_UR1_2
1995.15479,65.67443,83.12198,1.0,2278.94355,116.42968,1.0,1.0,10.99288,247.97136,1.0,87.44812,30.0836,1.0,1.0,1.0,1.0,1.01639,3.87652,ASC_UR1_3
1682.15479,49.61613,67.45531,1.50371,2039.61021,195.32419,1.0,1.0,3.66311,242.63803,1.0,77.61479,29.69643,1.0,1.0,1.0,1.0,1.03278,2.64373,ASC_UR1_4
1839.54368,42.17215,80.45531,1.50371,2237.77688,151.00844,1.0,1.0,7.59861,197.93056,1.0,66.87076,25.30582,1.09151,1.0,1.0,1.0,1.01639,6.26452,ASC_UR1_5
1697.21034,58.95175,77.67753,3.01486,2157.22132,153.54079,1.0,1.0,8.59861,166.61546,1.0,88.51562,15.75886,1.18301,1.0,1.0,1.0,1.0,3.27688,ASC_UR1_6
1946.71034,48.45084,77.89975,1.0,2330.27688,19.98523,1.0,1.0,8.68464,151.73438,1.0,111.2259,36.48108,3.36602,1.0,1.0,1.0,1.39889,4.7319,ASC_UR1_7
1781.09923,55.8962,74.3442,1.50371,1977.27688,111.28059,1.0,1.0,5.64879,151.73438,1.0,73.00368,33.63915,1.0,1.0,1.0,1.0,1.01639,3.05466,ASC_UR1_8
1769.2659,41.11796,83.45531,1.0,2118.61021,96.04079,1.0,1.0,10.59861,151.73438,1.0,101.33701,29.08188,1.0,1.0,1.0,1.0,1.01639,5.13226,ASC_UR1_9
7.96805,1.0,1.0,1.0,9.35239,1.0,1.0,1.0,1.04261,1.0,1.0,1.0,1.0,1.0,1.83333,1.0,1.0,1.0,1.03578,ASC_UR2_0
451.67213,1.0,27.14462,1.0,515.33977,1.0,1.0,1.0,2.99083,1.0,1.0,1.28094,25.70918,1.0,1.0,1.0,1.0,1.0,5.14313,ASC_UR2_1
746.31375,1.0,40.2401,1.0,871.95409,1.0,1.0,1.0,6.18716,1.0,1.0,1.84282,20.00896,1.0,1.0,1.0,1.0,1.0,2.92091,ASC_UR2_2
461.66378,1.0,4.58906,1.0,572.26677,1.0,1.0,1.0,4.90102,1.0,1.0,1.0,7.41238,1.0,1.83333,1.4425,1.0,1.0,1.0,ASC_UR2_3
84.59988,1.0,1.0,1.0,1.0,1.0,1.0,1.0,1.0,1.0,1.0,1.0,1.0,1.0,1.0,1.0,1.0,1.0,1.0,ASC_UR2_4
335.09153,1.0,12.93021,1.0,154.82232,1.0,1.0,1.0,1.26483,1.0,1.0,4.50316,4.14914,1.0,1.0,1.0,1.0,1.0,2.84934,ASC_UR2_5
111.87075,1.0,1.0,1.0,25.854,1.0,1.0,1.0,1.0,1.0,1.0,1.0,1.0,1.0,1.0,1.0,1.0,1.0,1.0,ASC_UR2_6
1.0,1.0,1.0,1.0,1.0,1.0,1.0,1.0,1.0,1.0,1.0,1.0,1.0,1.0,1.0,1.0,1.0,1.0,1.0,ASC_UR2_7
440.07772,1.0,39.92239,1.0,414.59688,1.0,1.0,1.0,2.7945,1.0,1.0,4.62376,10.89188,1.0,1.0,1.0,1.0,1.0,3.77402,ASC_UR2_8
866.98042,1.0,50.48298,1.0,509.23187,2.78214,1.0,1.0,1.13242,1.0,1.0,1.0,4.26324,1.0,1.0,1.0,1.0,1.0,2.43316,ASC_UR2_9
1766.84851,43.44662,1.0,19.93992,1045.06165,21.81301,1.0,1.0,7.02188,239.36822,1.11111,27.9508,15.25381,1.0,1.0,1.0,1.0,1.55523,2.06765,ASC_UR3_0
1004.92395,36.26552,1.0,12.33204,919.23999,1.0,1.0,2.11111,6.25897,170.06684,1.11111,31.22858,7.95065,1.0,1.0,1.0,1.0,1.44379,2.22345,ASC_UR3_1
1126.12629,32.20636,1.0,7.16537,1011.89498,1.0,1.0,2.11111,6.7355,167.5752,1.0,30.51614,10.29978,1.0,1.0,1.0,1.0,1.0,3.33456,ASC_UR3_2
771.68184,30.26191,1.0,22.60982,996.40665,1.0,1.0,2.11111,7.95772,109.20844,1.27778,41.92461,9.69826,1.0,1.0,1.0,1.0,1.22189,2.40221,ASC_UR3_3
816.58652,23.08442,1.0,11.21899,904.83943,1.0,1.0,2.11111,5.27384,81.90707,1.0,16.42143,2.3793,1.0,1.0,1.0,1.0,1.0,2.13407,ASC_UR3_4
1054.38828,8.02165,1.0,13.77454,973.39498,1.0,1.0,1.0,4.35288,73.5752,1.05556,59.59127,8.63791,1.0,1.0,1.0,1.0,1.11095,1.91185,ASC_UR3_5
1195.31694,29.19553,1.0,16.38565,947.22832,1.0,1.0,1.0,5.05162,69.54324,1.16667,41.08149,9.91569,1.0,1.0,1.0,1.0,1.0,1.84543,ASC_UR3_6
1032.1187,16.11833,1.0,5.05361,890.83943,1.0,1.0,1.0,4.9233,37.2876,1.0,47.78413,4.57135,1.0,1.0,1.10244,1.0,1.0,2.06765,ASC_UR3_7
850.57073,13.13998,1.0,1.0,921.56165,1.0,1.0,1.0,5.3208,37.2876,1.0,65.14683,6.72843,1.0,1.0,1.0,1.0,1.44379,2.6679,ASC_UR3_8
149.29356,5.00722,1.0,1.0,107.98833,1.0,1.0,1.0,1.28638,1.0,1.0,4.79736,1.0,1.0,1.0,1.0,1.0,1.0,1.0,ASC_UR3_9
2188.01824,464.11742,270.63265,1.0,5947.62883,447.75303,1.0,1.0,353.5528,4024.31307,51.41952,463.45846,971.93898,9.98615,1.65004,2.50889,1.0,33.76717,62.97859,ML_0A_0
2440.01824,421.83964,234.74376,1.0,6433.57328,616.36414,1.0,1.55503,291.88614,3767.31307,36.75286,416.7918,768.21676,7.41439,1.65004,3.13944,3.92368,29.72455,111.86747,ML_0A_1
2304.01824,237.00631,202.74376,1.0,6842.01772,1292.0211,1.0,2.11006,254.21947,3573.42418,37.97508,386.34735,744.21676,7.66053,1.0,4.13944,9.68068,24.86153,136.21364,ML_0A_2
1311.90713,217.97474,153.96598,1.0,4234.51772,596.37384,1.0,2.11006,306.49725,3478.59085,35.75286,376.34735,731.43898,10.1289,3.64173,1.10333,4.20838,30.93384,82.01421,ML_0A_3
1768.12935,224.00631,181.46598,1.0,4924.40661,434.09607,1.0,1.55503,275.16392,3400.1464,33.97508,351.68068,643.21676,5.2238,3.78347,2.30222,4.20838,28.33566,131.69084,ML_0A_4
1477.0738,266.45075,141.96598,1.0,4362.2955,755.21688,1.0,2.11006,249.16392,3295.36863,32.1973,403.7918,645.10565,8.90668,2.30009,1.65111,1.0,26.28011,81.49141,ML_0A_5
1650.85158,277.5183,176.07709,1.0,4652.12883,662.13488,1.0,1.55503,293.88614,3174.70196,30.41952,397.06957,651.21676,7.80328,1.97507,2.30222,6.20838,23.7078,76.30195,ML_0A_6
1307.5738,206.79608,122.29932,1.0,3558.23994,286.58903,1.0,1.0,299.16392,3085.6464,28.97508,328.51402,646.55009,10.9221,1.0,5.92111,1.0,19.66518,73.02417,ML_0A_7
1864.46269,318.00631,233.18821,1.0,5660.51772,719.44614,1.0,2.66509,299.10836,2986.03529,36.30841,343.7918,719.32787,3.96994,1.65004,5.02833,3.63898,28.63931,159.25636,ML_0A_8
1990.46269,277.50631,182.29932,3.92971,5673.12883,409.9391,1.0,1.55503,282.10836,2891.53529,34.1973,339.84735,722.27231,19.48537,1.32502,6.31,1.0,21.23749,76.82475,ML_0A_9
1823.67976,680.47813,617.23594,63.0251,7451.33058,1901.56729,1.0,1.01368,837.77557,15080.7428,106.72713,788.73049,2087.64235,17.44444,1.0,5.36826,17.59003,79.00134,229.18629,ML_0B_0
1783.5131,653.25591,609.23594,140.79751,7480.66391,1235.56729,1.0,1.02735,834.66445,13462.79835,117.94935,798.23049,2290.25346,23.72222,1.03392,8.59048,19.90447,97.33467,194.35295,ML_0B_1
1529.12421,624.97813,488.06928,18.73513,6992.10836,1206.78951,1.0,1.0,820.22001,11923.96502,97.83824,863.50827,1858.86457,8.88889,1.0,9.79887,5.03557,57.22356,121.40851,ML_0B_2
1473.23532,531.97813,435.90261,22.45126,6333.60836,725.95618,1.0,1.0,668.6089,11026.68724,84.72713,838.95271,1786.80902,5.88889,1.0,5.79184,31.16447,55.61245,167.85295,ML_0B_3
1356.0131,571.31146,403.95817,25.46345,6327.10836,816.23396,1.0,1.01368,634.72001,9919.02057,82.94935,723.73049,1689.08679,5.55556,1.0,11.40295,4.62725,43.16801,106.7974,ML_0B_4
1419.34643,513.81146,440.7915,16.63621,6033.66391,1805.1784,1.0,1.01368,598.94223,8575.18724,85.83824,699.23049,1699.30902,8.16667,1.0,11.65306,21.53447,45.22356,93.68629,ML_0B_5
1057.17976,460.36702,407.18039,1.0,4897.38613,1414.28951,1.0,1.0,504.16445,7300.2428,64.61602,522.28604,1129.03124,5.22222,1.0,2.22925,6.4978,34.59386,65.35295,ML_0B_6
1013.95754,396.70035,285.51372,1.0,4363.27502,975.97339,1.0,1.0,437.38668,6581.18724,47.83824,468.78604,1291.14235,4.33333,1.0,2.22925,5.29446,29.14942,55.2068,ML_0B_7
896.95754,410.75591,259.40261,2.04946,4024.77502,822.56729,1.0,1.0,411.44223,5804.79835,52.3938,390.06382,1048.1979,4.33333,1.0,1.0,5.88614,25.79749,58.13073,ML_0B_8
891.12421,336.08924,227.7915,1.0,3854.77502,711.56729,1.0,1.0,407.49779,4944.35391,52.3938,393.39715,1212.53124,5.16667,1.0,1.0,1.77668,35.26053,54.46406,ML_0B_9
619.68335,445.59558,193.15939,1.0,2705.94946,4254.19711,1.0,1.43404,323.10581,2704.90081,43.2737,299.5,575.59384,41.5,2.16,1.50682,15.41451,8.35644,59.779,ML_0C_0
683.73891,206.04002,152.21495,1.0,3150.94946,494.6134,1.0,1.43404,338.38359,2411.01192,37.16259,380.05556,476.31606,3.38889,2.48668,1.76024,4.31837,2.9081,32.16789,ML_0C_1
578.35002,503.3178,190.43717,1.0,2721.72724,3703.79452,1.0,1.17362,299.32803,2243.17859,33.71814,334.22222,423.09384,13.72222,1.43556,1.0,14.20725,4.4081,45.84663,ML_0C_2
584.57224,263.70669,178.2705,1.0,2753.56057,2599.1134,1.0,1.34724,302.21692,2107.06748,36.82926,318.72222,536.53829,50.88889,1.0,2.64912,4.4715,4.83723,37.45472,ML_0C_3
600.85002,562.92891,177.60384,1.0,2908.78279,1878.55784,1.0,1.34724,312.38359,2059.7897,38.38481,333.27778,438.42718,22.22222,1.21778,3.34698,8.63673,3.68588,39.22345,ML_0C_4
613.85002,595.59558,169.7705,1.0,2810.22724,3330.36378,1.0,1.26043,337.9947,1970.51192,38.82926,305.11111,584.31606,17.11111,1.0,2.20468,7.26281,4.02881,42.50122,ML_0C_5
628.85002,363.04002,177.54828,1.0,2846.89391,2915.54414,1.0,1.0,355.38359,1902.51192,27.82926,314.11111,423.42718,33.88889,1.10889,4.10722,13.94301,3.54413,34.39615,ML_0C_6
510.90557,799.98447,204.32606,6.56084,2276.61613,2701.50229,1.0,1.17362,271.43915,1850.12303,31.60703,307.27778,409.6494,13.72222,1.32667,1.50682,24.47007,3.14564,49.56282,ML_0C_7
628.07224,168.87336,136.7705,1.0,2874.06057,422.39118,1.0,1.0,299.93915,1782.34526,45.2737,308.44444,531.48273,9.55556,1.32667,3.09357,1.79131,8.93691,31.28504,ML_0C_8
561.73891,123.37336,111.21495,1.0,2699.50502,361.48859,1.0,1.0,297.66137,1776.73415,32.38481,301.88889,488.87162,2.0,1.32667,1.0,1.79131,1.45405,23.51028,ML_0C_9
2698.65548,573.7122,67.08513,400.11294,18827.82963,137.18532,1.0,1.0,703.02155,5097.71934,12.06849,304.16448,1339.30303,17.12084,1.0,1.0,1.0,45.51493,8.60633,ML_10A_0
2706.04437,607.98997,42.64068,335.50183,18017.16296,175.38909,1.0,1.0,707.07711,4573.21934,17.07947,294.60892,1320.85859,14.34695,1.24198,5.85039,1.0,48.06266,3.0088,ML_10A_1
2608.15548,584.98997,53.56188,343.1685,17647.82963,390.68541,1.0,1.0,751.13266,4342.44156,19.25777,298.27559,1273.30303,17.01556,1.0,7.47857,1.0,43.98324,13.55077,ML_10A_2
2552.09993,573.7122,40.59419,327.86583,17168.10741,215.24087,1.0,2.55792,666.74377,4143.21934,14.96836,308.83115,1264.02525,11.18028,1.0,10.70079,1.0,41.34043,6.1287,ML_10A_3
2711.43326,589.93442,32.11744,242.83517,17510.16296,74.77797,1.0,1.0,688.91044,3985.66378,14.29071,261.77559,1256.35859,7.09598,1.0,6.29484,1.0,41.72932,3.5088,ML_10A_4
2190.15548,448.60108,47.97402,240.24227,15488.27407,52.59276,1.0,1.77896,601.18822,3865.27489,17.37986,289.33115,1131.02525,19.81625,1.0,4.59828,1.0,43.56266,9.94645,ML_10A_5
2193.26659,556.43442,49.64068,193.92138,15533.99629,57.75932,1.0,1.0,602.74377,3728.71934,15.60208,256.05337,1138.58081,4.2875,1.0,1.0,2.97103,46.98324,10.20864,ML_10A_6
1918.71104,397.10108,34.54769,196.47694,14401.16296,49.59266,1.0,1.0,544.74377,3618.71934,7.12339,241.10892,1023.52525,8.28361,1.0,1.0,1.0,22.03916,5.1287,ML_10A_7
2057.32215,521.26775,29.43658,304.55739,14886.88518,4.37044,1.0,1.0,581.07711,3529.27489,16.5349,272.22003,1085.02525,50.7875,1.0,1.0,2.31402,49.98324,2.20864,ML_10A_8
2293.09993,541.37886,66.19624,289.19916,16332.10741,76.62966,1.0,1.77896,630.24377,3445.60823,19.47999,249.27559,1069.30303,10.45417,2.85679,7.05979,1.0,38.78488,20.26621,ML_10A_9
1367.20888,342.2514,172.84115,32.97507,6541.35486,1.0,1.0,1.0,213.80843,9729.43953,43.14844,562.1177,1046.70229,11.09223,1.65334,4.47723,15.38889,86.92497,63.10349,ML_10B_0
1150.59777,291.80696,140.84115,20.70239,5440.52152,2.12134,1.0,1.0,269.08621,7089.66175,45.81511,445.1177,543.42451,9.25889,2.05111,97.10473,22.55556,61.48053,57.54794,ML_10B_1
1169.98666,298.64029,129.95227,8.63152,5400.13263,1.0,1.0,1.0,234.69732,5620.60619,39.704,341.1177,602.86896,7.51611,2.37779,66.86611,4.77778,58.03608,38.43682,ML_10B_2
1105.04221,282.52918,119.73004,10.57087,5340.2993,1.0,1.0,1.0,281.58621,5033.05064,45.81511,291.39547,495.20229,5.49556,1.65334,137.08195,9.5,38.75831,48.93682,ML_10B_3
1026.4311,275.47363,96.50782,20.14173,4757.85486,13.70759,1.0,1.0,251.14177,4508.43953,31.81511,282.33992,435.98007,6.48111,1.0,150.40071,4.77778,15.97451,45.54794,ML_10B_4
971.09777,230.02918,79.50782,16.87926,4436.24374,6.23245,1.0,1.0,206.53065,4109.93953,26.48177,266.06214,399.8134,5.82889,1.54445,77.83515,3.83333,17.64319,39.11317,ML_10B_5
1155.87555,293.7514,114.84115,14.3033,5198.41041,1.0,1.0,1.0,304.58621,3768.93953,38.37066,278.06214,456.36896,12.66223,1.21778,90.20946,2.88889,9.18671,39.05762,ML_10B_6
1179.65332,340.30696,81.95227,28.53572,5476.02152,1.0,1.0,1.0,242.14177,3485.88397,24.14844,307.89547,540.20229,7.91334,1.32667,15.1275,1.0,13.19072,22.32571,ML_10B_7
1123.09777,349.36251,85.39671,29.65704,5456.85486,1.0,1.0,1.0,282.14177,3270.60619,25.81511,319.50659,580.98007,3.81667,1.21778,27.01639,1.0,9.85538,19.97555,ML_10B_8
1187.15332,313.97363,65.59954,15.59128,4773.57708,1.0,1.0,1.0,228.25288,3034.60619,17.07842,321.72881,578.42451,5.03056,1.0,1.96903,2.88889,4.12514,10.15444,ML_10B_9
1071.42223,435.07501,95.37681,47.14351,4825.25059,137.99603,1.0,1.0,287.36889,2603.71897,29.19889,238.40729,775.68388,6.52614,1.0,1.42781,1.0,8.59142,3.94719,ML_10C_0
986.86668,310.01946,78.87681,44.58796,4652.13948,2.04881,1.0,1.0,319.92445,2488.21897,24.64593,199.18507,747.57277,2.23915,1.0,3.90671,2.88889,12.19123,2.17215,ML_10C_1
971.47779,281.63057,104.93236,23.19959,4172.30614,3.09762,1.0,1.0,269.03556,2346.9412,23.86685,187.24063,644.07277,3.13577,1.0,4.09447,2.88889,10.41345,3.57287,ML_10C_2
1070.86668,313.07501,131.82125,37.6322,4739.25059,104.11389,1.0,1.0,309.59111,2220.77453,25.75445,212.96285,750.46166,6.81164,1.0,2.64557,1.0,13.2807,3.32424,ML_10C_3
912.75557,361.40834,70.59903,63.56584,4295.75059,10.97024,1.0,1.65614,298.14667,2110.60786,25.31,146.74063,651.68388,4.16963,1.0,1.25668,1.94444,5.42378,1.21039,ML_10C_4
1010.81112,306.85279,120.54348,26.58796,4579.02836,264.43373,1.0,1.0,281.31333,2011.10786,23.42111,179.40729,617.62833,5.50148,1.0,3.56447,4.77778,10.46901,2.26869,ML_10C_5
934.42223,315.90834,79.37681,24.99948,4749.13948,202.78055,1.0,1.0,301.48,1927.05231,18.08778,162.51841,672.40611,3.17587,1.0,3.26114,1.0,8.52359,1.68398,ML_10C_6
999.64445,318.01946,88.59903,17.32202,4461.91725,39.09087,1.0,1.0,282.09111,1879.4412,22.97797,187.40729,662.62833,3.03387,1.0,4.68003,3.83333,18.56979,3.80967,ML_10C_7
923.92223,349.07501,104.04348,19.77726,4240.63948,49.01905,1.0,1.0,280.53556,1811.71897,20.08778,161.40729,566.23944,2.50921,1.0,3.20558,1.0,7.17992,4.68398,ML_10C_8
1076.20001,318.9639,126.37681,21.5216,4794.58392,181.8754,1.0,1.0,285.70222,1753.99675,28.08778,183.29618,589.73944,4.78699,1.0,4.96672,5.77778,10.63567,5.4645,ML_10C_9
1934.89798,222.77863,210.72013,147.08953,10619.09051,64.30631,1.0,1.0,304.2319,8664.61402,52.38971,832.25692,1072.88044,2.07795,1.6673,5.73823,15.00017,589.9163,233.13761,ML_11A_0
1861.84242,188.61196,189.60902,92.71349,9277.81273,9.9497,1.0,1.0,237.56523,7032.55846,64.94526,598.14581,873.10266,3.31336,1.6673,11.0845,6.27795,455.36074,331.30428,ML_11A_1
1707.73131,217.83419,160.27568,89.67508,9010.75718,88.12538,1.0,1.0,210.2319,5658.11402,61.05637,579.14581,696.65822,2.57795,1.0,4.3265,3.63898,295.13852,326.0265,ML_11A_2
1479.06465,149.16752,160.72013,6.43159,7259.92384,87.9497,1.0,1.0,176.34301,4168.28068,57.83415,452.97914,487.15822,4.74062,1.0,1.15678,1.0,254.19408,323.21491,ML_11A_3
1741.6202,200.88974,84.05346,51.06397,9635.09051,295.61637,1.0,1.0,229.00967,3481.50291,40.83415,443.31248,737.04711,14.35972,1.0,7.67961,2.31949,92.74963,71.58087,ML_11A_4
1813.17576,203.88974,83.16457,74.01699,10322.42384,1.0,1.0,1.0,217.95412,3182.50291,45.61193,448.47914,715.99155,1.5092,1.0,1.15678,1.0,90.80519,76.35864,ML_11A_5
1462.00909,153.33419,94.16457,66.40159,7839.31273,1.96772,1.0,1.0,192.28745,2983.11402,40.16749,366.70137,625.76933,8.82534,1.33365,8.64689,1.65974,109.36074,77.06999,ML_11A_6
1541.39798,155.33419,85.72013,84.82889,8065.81273,1.0,1.0,1.0,198.7319,2867.78068,41.2786,374.31248,629.71377,7.84253,1.33365,1.0,1.0,81.52741,144.56999,ML_11A_7
1826.73131,190.66752,79.94235,113.26905,9699.70162,6.80631,1.0,1.0,241.95412,2804.66957,47.83415,435.81248,794.76933,1.54757,1.33365,1.0,1.0,75.69408,104.78134,ML_11A_8
1622.6202,170.50085,81.16457,99.84603,8899.70162,91.02853,1.03854,1.0,188.50967,2736.28068,47.16749,365.42359,627.71377,1.32534,1.6673,1.0,1.0,76.30519,75.77047,ML_11A_9
753.09662,45.87584,46.55576,40.6545,4061.1684,96.11762,1.0,1.0,92.7221,2811.19448,18.40241,369.48382,321.80125,1.0,1.0,5.19284,10.35021,499.00377,20.01103,ML_11B_0
777.20773,73.80724,33.19858,23.50138,4495.6684,1.0,1.0,1.0,98.83321,2386.08337,23.95796,308.42827,403.96792,1.0,1.0,4.30983,2.00723,358.89266,23.8162,ML_11B_1
618.8744,60.78109,58.11927,34.56302,3494.33507,8.18953,1.0,1.0,69.38876,1667.97226,15.24275,241.92827,223.85681,1.0,1.0,4.63141,7.61593,238.65108,24.47031,ML_11B_2
471.98551,24.42813,50.36524,1.0,2339.84114,4.59476,1.0,1.0,55.60483,1140.03861,12.14098,166.09493,79.19988,1.0,1.0,4.12553,4.33574,106.14983,20.33181,ML_11B_3
491.09662,32.98043,42.22243,1.0,2702.94618,1.0,1.0,2.7831,83.87952,846.53861,9.68719,157.81805,103.58877,1.11111,1.0,5.06998,1.0,87.4095,36.46955,ML_11B_4
497.29576,45.00658,48.905,1.85434,2415.34722,1.0,1.0,1.0,103.71594,654.16053,13.29597,143.43006,117.23253,1.22222,1.0,6.07585,1.0,80.70538,29.89992,ML_11B_5
310.31885,7.46733,14.86524,1.0,1196.18055,1.0,1.0,1.89155,67.4814,512.82719,8.3632,78.81895,42.69644,1.11111,1.0,3.03793,1.0,40.79713,19.92808,ML_11B_6
484.70773,21.43792,31.63507,9.57656,2111.05729,1.0,1.0,1.0,51.04927,440.80559,18.30531,95.2616,55.26174,1.0,1.0,1.76602,1.0,74.81649,29.03995,ML_11B_7
375.35132,44.67977,18.98431,2.70868,1835.80382,1.0,1.0,1.89155,51.04311,383.39355,16.42576,112.81985,54.88602,1.0,1.0,1.0,1.0,61.72348,20.69254,ML_11B_8
443.09662,32.98043,25.33354,1.0,2104.6684,1.0,1.0,2.7831,88.16038,334.54941,18.96263,108.31805,68.58533,1.22222,1.0,3.09348,3.67149,73.96506,24.69177,ML_11B_9
945.83456,111.70145,59.61045,20.45082,4601.22514,1.0,1.0,1.0,260.19822,2070.98238,13.94476,270.22316,465.04706,1.17854,1.0,4.0847,1.0,42.04004,1.0,ML_11C_0
905.27901,111.70145,38.94378,29.86157,4760.44736,1.0,1.0,1.0,265.19822,1934.98238,15.53507,288.22316,439.04706,1.76582,1.0,5.07771,1.0,36.03115,1.0,ML_11C_1
852.22345,88.31256,47.38823,18.53734,4365.44736,1.0,1.0,1.0,264.86489,1845.7046,10.68436,257.83427,399.54706,1.3849,1.0,3.03885,1.0,22.74448,1.0,ML_11C_2
951.55678,111.59034,34.49934,37.58379,4837.22514,1.0,1.0,1.0,255.53155,1782.7046,11.61142,286.61205,472.82483,1.21425,1.0,3.35276,1.0,27.56003,1.0,ML_11C_3
875.83456,136.97923,28.86986,61.5592,4845.66958,1.0,1.0,1.0,237.58711,1714.64904,12.57325,206.94538,407.10261,1.82935,1.0,2.72495,1.0,27.3467,1.0,ML_11C_4
946.83456,108.59034,50.0549,12.67304,4744.8918,1.0,1.0,1.0,286.64266,1620.59349,13.94476,241.88983,392.32483,1.47617,1.0,2.14996,1.0,20.61558,1.0,ML_11C_5
941.22345,130.97923,27.74015,72.24135,4756.50291,1.0,1.0,1.0,253.36489,1567.7046,13.5419,221.44538,496.32483,1.44046,2.04942,1.28749,1.0,18.89336,1.0,ML_11C_6
830.16789,133.92367,31.85127,2.74408,4388.72514,1.0,1.0,1.0,312.69822,1499.53793,12.83364,223.16761,422.71372,1.3095,2.93831,1.86247,1.0,13.26447,1.0,ML_11C_7
821.66789,108.57915,71.5549,50.52823,4287.72514,1.0,1.0,1.0,265.80933,1426.42682,16.01769,216.16761,415.43595,1.10712,4.66053,2.59441,1.0,19.70002,1.66703,ML_11C_8
823.89012,130.67907,25.56419,52.21676,4406.16958,1.0,1.0,1.0,250.69822,1342.2046,14.20515,191.72316,424.65817,1.0,1.0,1.57498,1.0,21.39336,6.33369,ML_11C_9
2169.27408,149.03729,1.0,311.41939,13830.74808,1.0,1.0,1.0,424.5328,5409.34102,20.30871,541.39658,1262.2165,1.33333,1.0,1.0,1.0,8.07378,27.10434,ML_12A_0
2374.4963,89.9107,1.0,143.99244,15101.02586,131.44688,1.0,1.0,386.75502,5010.45213,23.91675,450.84103,1269.93872,1.16667,1.0,1.0,1.0,8.59534,16.53194,ML_12A_1
1935.55186,78.41527,1.0,182.63476,13503.91475,66.22344,1.0,1.0,309.36613,4869.00768,17.1976,547.50769,1057.38317,1.0,1.0,1.0,1.0,13.11234,27.65989,ML_12A_2
2489.60741,120.73947,1.0,282.89504,15307.74808,1.0,1.0,1.0,419.42169,4737.78546,24.30871,496.67436,1243.32761,2.38889,1.0,1.0,1.0,13.1509,14.92083,ML_12A_3
2128.66297,92.07737,1.0,208.36384,13202.85919,1.0,1.0,1.0,365.19947,4632.95213,17.1976,402.89658,1071.43872,7.0,1.0,9.98803,1.0,10.59078,13.0875,ML_12A_4
2299.77408,96.02181,1.0,316.4506,14582.35919,1.0,1.0,1.0,382.08836,4449.39657,22.80563,433.50769,1165.7165,3.83333,1.0,3.97299,1.0,8.60778,4.8434,ML_12A_5
2281.32964,50.19305,26.54494,285.74587,14704.19252,1.0,1.0,1.0,351.64391,4318.56324,18.72692,340.50769,1082.16094,7.27778,1.0,1.31983,1.0,8.07378,15.76849,ML_12A_6
2410.10741,180.5482,1.0,223.67282,15099.9703,1.0,1.0,1.0,419.42169,4255.28546,25.58341,399.06325,1206.2165,3.22222,1.0,1.63966,1.0,8.32545,10.91831,ML_12A_7
2180.66297,140.47717,4.97876,241.88819,14172.9703,4.55677,1.0,1.0,412.86613,4134.72991,32.69452,433.72992,1185.60539,5.27778,1.0,3.15316,1.0,3.15878,6.43767,ML_12A_8
2267.27408,76.23947,2.65605,264.89504,14708.91475,8.11355,1.0,1.0,349.31058,4045.39657,17.58341,391.06325,1126.10539,4.38889,1.0,1.63966,1.0,7.30845,5.45451,ML_12A_9
1403.09443,540.12992,121.84591,153.22724,10750.91892,1039.88262,1.0,2.57566,441.55232,4390.46971,41.1146,388.54821,810.11864,2.49308,1.10889,4.1033,6.36835,2.61436,42.33519,ML_12B_0
1535.53888,535.9077,90.51258,153.28279,11408.19669,1086.98228,1.0,1.0,482.55232,4185.69193,35.22571,439.10377,961.11864,2.82641,1.32667,1.3036,3.72112,3.94769,38.16853,ML_12B_1
1420.37221,606.68548,151.51258,160.01828,10304.19669,765.96109,1.0,1.52522,440.05232,4002.30304,44.67015,388.04821,910.00753,3.84262,1.21778,3.49609,3.77668,3.61436,50.9463,ML_12B_2
1247.37221,658.24103,125.62369,104.17168,9742.47447,1125.53783,1.0,3.21711,386.55232,3829.24749,40.22571,341.49266,826.45197,3.50158,1.10889,1.0,5.16502,3.60389,36.21163,ML_12B_3
1386.53888,824.79659,149.95702,184.58172,10028.41892,1499.40554,1.0,2.05044,423.8301,3671.91416,41.55904,380.60377,794.6742,3.45373,1.54445,4.99219,5.72112,3.46861,55.33519,ML_12B_4
1141.75678,739.01881,153.51258,197.11613,9094.14114,1520.82707,1.0,1.0,398.38565,3519.46971,38.44793,361.38155,826.50753,3.2238,1.54445,13.78798,14.25724,3.41306,40.16853,ML_12B_5
840.14999,522.01881,122.62369,51.51828,7362.03003,1119.55902,1.0,1.0,304.44121,3383.69193,38.55904,304.65932,694.1742,2.42131,1.10889,11.29579,6.03557,5.09343,33.25474,ML_12B_6
1260.42777,474.35214,91.06813,89.30932,9661.19669,222.73541,1.0,1.0,350.60787,3294.19193,28.89238,282.71488,744.39642,3.31099,1.0,5.74023,2.29446,4.71501,27.36585,ML_12B_7
1276.09443,484.29659,118.84591,238.28279,9493.80781,827.80242,1.0,1.52522,365.88565,3205.19193,30.22571,318.77043,732.72975,3.92131,1.21778,1.74805,10.10946,1.97908,34.4463,ML_12B_8
1018.2611,785.62992,121.17924,105.33046,8383.86336,1543.4479,1.0,1.0,322.05232,3147.41416,38.55904,299.15932,731.6742,4.38275,1.87112,16.17686,11.8689,2.30195,38.50186,ML_12B_9
164.94183,243.72535,1.0,15.57741,1451.74231,113.53633,1.0,1.0,150.04833,1.0,1.0,2.6379,377.28862,1.0,1.0,1.0,1.0,1.0,1.0,ML_12C_0
414.13671,297.33646,12.4948,30.21038,3195.54123,188.0342,1.0,1.0,171.37629,1.0,1.33582,33.96927,327.39973,1.0,1.0,1.0,3.37392,1.0,1.0,ML_12C_1
835.74607,668.61424,25.30615,130.94263,5639.92976,1422.75217,1.0,1.0,316.21499,1.0,5.67911,66.2967,611.0664,1.0,1.0,1.0,1.0,1.64731,1.0,ML_12C_2
404.33071,331.26204,49.35331,30.51791,3165.5828,508.70087,1.0,1.0,204.70425,1.0,1.0,11.37254,388.49978,1.0,1.0,1.0,1.0,1.0,1.0,ML_12C_3
1.0,1.0,15.06395,1.0,1.0,1.0,1.0,1.0,1.0,1.0,1.0,1.0,1.0,1.0,1.0,1.0,1.0,1.0,1.0,ML_12C_4
1.0,169.65093,1.0,1.0,1.0,104.27565,1.0,1.0,7.91842,1.0,1.0,1.0,1.28884,1.0,1.0,1.0,5.4715,1.0,1.0,ML_12C_5
1.0,2.86163,29.1279,1.0,1.0,1.0,1.0,1.0,1.0,1.0,1.0,1.0,1.0,1.0,1.0,1.0,1.0,1.0,1.0,ML_12C_6
1.0,1.0,1.0,1.0,1.0,1.0,1.0,1.0,1.0,1.0,1.0,1.0,1.0,1.0,1.0,1.0,1.0,1.0,1.0,ML_12C_7
363.08202,399.71487,26.05036,14.8215,2199.95807,707.0513,1.0,1.0,105.19888,1.0,3.00746,70.08038,245.79991,1.0,1.0,1.0,1.0,1.43154,1.0,ML_12C_8
2.62478,560.11424,1.0,1.0,16.2638,110.96155,1.0,1.0,30.27055,1.0,1.0,1.0,8.8703,1.0,1.0,1.0,1.0,1.0,1.0,ML_12C_9
1134.75478,1.0,109.12915,9.5919,2085.22559,52.10427,1.0,1.0,236.55418,3463.53263,48.1041,556.3291,535.57699,1.53177,1.0,1.4389,1.0,1.0,40.00078,ML_13A_0
1032.97701,1.0,100.46248,11.33125,2106.89226,1.0,1.0,1.0,195.72084,3222.25486,54.21521,545.94022,716.63254,2.70903,1.0,1.21945,1.0,1.05261,37.33411,ML_13A_1
1089.25478,1.0,123.79582,5.35046,2105.61448,102.53654,1.0,1.0,239.99862,3043.86597,39.43743,576.21799,558.1881,2.08027,1.0,4.2653,2.12651,1.0,57.223,ML_13A_2
1070.58812,1.0,109.6847,2.73935,2156.83671,112.81431,1.0,1.0,257.33195,2913.03263,39.1041,540.49577,497.91032,2.19844,1.0,2.54723,1.3755,1.49411,53.05633,ML_13A_3
943.75478,1.0,120.07359,1.0,1819.00337,159.13547,1.0,1.0,206.99862,2823.92152,56.65965,518.55133,701.52143,2.36864,1.0,1.21945,1.0,1.49411,51.44522,ML_13A_4
978.53256,1.0,108.46248,1.0,2154.61448,239.15983,1.0,1.0,219.88751,2703.14375,45.99299,523.88466,613.79921,1.41007,1.0,6.32362,1.0,1.49411,42.05633,ML_13A_5
1073.08812,1.0,98.12915,8.77569,2207.50337,1.0,1.0,1.0,188.49862,2566.86597,48.77076,492.49577,652.85476,1.754,1.0,2.54723,1.3755,1.0,39.40197,ML_13A_6
1199.42145,1.0,132.35137,1.0,2417.83671,40.86987,1.0,1.0,281.83195,2477.58819,47.88188,559.60688,531.13254,5.3272,1.77778,1.0,1.0,1.10522,61.69205,ML_13A_7
1117.81034,1.0,135.01804,1.0,2180.61448,159.13547,1.0,1.0,245.83195,2378.25486,45.88188,553.88466,570.24365,3.60145,1.0,1.4389,1.75101,1.0,52.05633,ML_13A_8
876.08812,33.11062,53.42244,1.0,1404.17004,509.92542,1.0,1.0,178.66529,2215.42152,31.32632,445.16244,374.24365,1.91713,1.0,1.21945,3.3755,1.0,34.92657,ML_13A_9
1.0,22.21919,62.113,18.49804,1.0,1.0,1.0,2.05044,97.85458,2009.18684,9.4451,193.93199,64.34984,1.20201,1.0,1.0,1.0,1.0,3.63266,ML_13B_0
1.0,29.30748,64.66855,26.22026,1.0,1.0,1.0,1.52522,121.24347,1883.57573,15.27509,195.48755,26.33321,1.10101,1.0,1.0,1.74519,1.0,3.79664,ML_13B_1
1.0,55.63778,59.10023,41.96307,1.0,1.0,1.0,1.0,82.22831,1752.57573,16.88955,181.15421,90.19426,1.10101,1.0,1.0,1.0,1.0,4.29933,ML_13B_2
1.0,58.61798,70.77966,23.36634,1.0,1.0,1.0,1.0,109.87074,1689.29795,14.47121,200.43199,76.97204,1.0,1.0,1.0,1.0,1.0,5.41314,ML_13B_3
1.0,50.49395,65.43357,20.62353,1.0,1.0,1.0,1.0,106.25963,1616.18684,12.27509,162.32088,93.84984,1.0,1.0,1.43937,2.11778,1.2317,3.79933,ML_13B_4
1.0,23.21919,60.113,12.06176,1.0,1.0,1.0,1.0,169.29903,1532.46462,14.3601,170.59866,54.38322,1.0,1.0,1.0,2.49038,1.2317,8.3155,ML_13B_5
1.0,21.27475,30.27328,21.1647,1.0,1.0,1.0,1.0,88.87882,1490.40906,8.85006,146.48755,67.99988,1.0,1.0,1.0,1.0,1.0,1.7303,ML_13B_6
1.0,55.57233,38.68037,32.28202,1.0,1.0,1.0,1.0,108.59296,1422.13129,16.86344,130.5431,127.76644,1.0,1.0,1.87873,1.74519,1.11585,4.4633,ML_13B_7
1.0,28.28465,61.22411,18.55359,1.0,1.0,1.0,1.52522,129.68791,1416.7424,11.86344,183.87644,42.41094,1.20201,1.0,1.43937,1.0,1.0,9.08789,ML_13B_8
1.0,20.20929,43.21134,29.37254,1.0,1.0,1.0,1.0,79.85458,1348.90906,12.30119,127.98755,72.17763,1.0,1.0,1.0,1.37259,1.2317,5.13805,ML_13B_9
249.34952,200.10423,13.47367,10.30249,1929.19871,5.80687,1.0,1.0,114.03951,1826.00745,18.85091,137.1733,454.56752,2.22711,1.0,1.0,1.0,2.89842,5.00082,ML_13C_0
289.44877,251.39175,19.17424,3.09569,2252.36538,4.88977,1.0,1.0,146.9125,1663.45189,22.22109,123.1733,541.49957,2.47467,1.0,1.0,1.0,2.65207,4.04832,ML_13C_1
253.83766,216.16952,10.65729,28.35805,1974.80982,1.0,1.0,1.0,125.4125,1610.89634,15.44331,147.56219,470.99957,1.0,1.0,1.0,1.0,1.98541,5.40582,ML_13C_2
208.05988,164.78064,12.39646,8.26236,1937.14315,1.0,1.0,1.0,123.13472,1506.17412,11.12264,127.95107,451.66624,1.0,1.0,1.0,1.94444,1.82604,7.14415,ML_13C_3
267.39321,230.11397,39.56313,6.69909,2142.36538,1.0,1.0,1.81354,126.57917,1464.00745,24.60393,106.78441,515.72179,1.97467,1.0,1.0,2.88889,1.24635,5.61999,ML_13C_4
241.55988,153.18155,22.6526,4.14354,1945.69871,6.94532,1.0,1.54236,94.24583,1396.11856,8.50548,105.61774,374.61068,3.57311,1.0,1.0,1.0,2.73905,5.35832,ML_13C_5
214.51619,187.88201,25.50289,1.0,1797.30982,2.83421,1.0,1.0,113.15062,1338.50745,13.09788,106.00663,381.17863,1.08578,1.0,1.0,1.0,2.40572,4.78665,ML_13C_6
176.96063,178.20332,22.79762,13.90589,1692.64315,1.0,1.0,1.27118,99.98395,1248.95189,12.49282,113.22885,412.61068,3.25244,1.0,1.0,1.0,1.4927,7.04109,ML_13C_7
307.22655,201.9473,10.58947,24.8272,2087.92093,6.94532,1.0,1.0,136.07917,1201.89634,19.04837,121.00663,536.11068,1.08578,1.0,1.0,1.0,2.07239,2.905,ML_13C_8
274.94877,230.22508,11.36255,2.04785,2031.47649,1.91711,1.0,1.0,115.69028,1170.563,13.54233,119.61774,422.88846,1.08578,1.0,1.0,1.0,2.54826,5.61999,ML_13C_9
1.0,1.0,1.0,1.0,1.0,1.0,1.0,1.0,1.0,1.0,1.0,1.0,1.0,1.0,1.0,1.0,1.0,1.0,1.0,ML_14A_0
329.93101,1.0,1.0,19.96109,1611.72942,1.0,1.0,1.0,140.94465,1.0,1.0,1.0,1.0,17.54661,1.87165,1.0,1.0,1.0,1.0,ML_14A_1
581.22876,1.0,1.0,56.72957,3757.73663,1.0,1.0,1.0,263.18721,1.0,1.0,1.0,1.0,21.71072,1.0,1.0,1.0,1.0,1.0,ML_14A_2
340.41104,1.0,1.0,1.0,904.14381,1.0,1.0,1.0,121.33857,1.0,1.0,1.0,1.0,18.93805,1.0,1.0,1.0,1.0,1.0,ML_14A_3
1.0,1.0,1.0,1.0,1.0,1.0,1.0,1.0,1.0,1.0,1.0,1.0,1.0,1.05428,1.0,1.0,1.0,1.0,1.0,ML_14A_4
1.0,1.0,1.0,1.0,1.0,1.0,1.0,1.0,1.0,1.0,1.0,1.0,1.0,1.0,1.0,1.0,1.0,1.0,1.0,ML_14A_5
1.0,1.0,1.0,1.0,1.0,1.0,1.0,1.0,1.0,1.0,1.0,1.0,1.0,1.0,1.0,1.0,1.0,1.0,1.0,ML_14A_6
1.0,1.0,1.0,1.0,1.0,1.0,1.0,1.0,1.0,1.0,1.0,1.0,1.0,1.0,1.0,1.0,1.0,1.0,1.0,ML_14A_7
331.27996,1.0,1.0,17.10181,2213.48628,1.0,1.0,1.0,215.63648,1.0,1.0,1.0,1.0,16.88505,1.0,1.0,1.0,1.0,1.0,ML_14A_8
1.0,1.0,1.0,1.0,1.0,1.0,1.0,1.0,1.0,1.0,1.0,1.0,1.0,1.5233,1.0,1.0,1.0,1.0,1.0,ML_14A_9
2734.46831,862.64569,416.36091,654.66262,18844.09564,12.46948,1.0,1.0,1171.75132,20286.77204,79.88652,1240.98976,3668.79373,25.96302,7.45582,1.0,38.57114,719.13482,212.32577,ML_14B_0
2831.13497,941.42347,421.36091,695.82929,18945.92897,16.25587,1.14002,1.0,1152.5291,17914.27204,81.21985,1270.54532,3632.84928,6.08224,4.94182,1.0,36.3678,827.13482,206.10355,ML_14B_1
2498.30164,882.7568,349.7498,453.32929,16898.31786,53.52504,1.0,1.0,882.5291,13206.82759,78.44207,1058.48976,2747.12706,4.6459,2.95013,1.0,24.64558,541.63482,136.1591,ML_14B_2
2467.46831,929.31235,291.41646,499.82929,17297.54008,41.67919,1.0,1.0,848.30688,11384.77204,81.99763,754.71198,2637.34928,1.96302,5.12511,1.0,33.47891,458.35704,115.77021,ML_14B_3
2267.74608,852.47902,200.19424,372.64433,16418.42897,1.64945,1.0,1.0,846.58465,10182.54982,61.88652,764.71198,2539.84928,3.96302,2.30009,1.0,18.07224,323.63482,90.1591,ML_14B_4
2334.74608,920.03458,148.86091,300.12603,16569.26231,4.24726,1.0,1.0,746.36243,9106.32759,69.10874,622.37865,2359.51595,3.01047,3.27516,2.07496,9.62725,343.4126,78.77021,ML_14B_5
2163.13497,749.47902,121.30535,354.86655,15321.31786,60.07199,1.0,1.0,722.97354,8277.04982,72.10874,619.10087,2175.51595,3.92249,4.67236,3.14991,8.25724,295.63482,64.10355,ML_14B_6
2438.46831,718.2568,99.08313,430.16262,16165.76231,2.2989,1.0,1.0,734.75132,7725.99426,63.21985,623.82309,2238.23817,4.63661,7.63911,1.0,4.42391,204.52371,53.32577,ML_14B_7
2310.41275,770.64569,162.91646,368.16262,15674.20675,7.05947,1.0,1.0,667.19576,7495.27204,66.44207,571.54532,2153.90484,9.73962,3.60018,1.0,8.18335,252.52371,56.77021,ML_14B_8
2278.74608,717.14569,144.80535,293.38484,15781.26231,22.42253,1.0,1.0,703.91799,7222.21648,63.10874,606.60087,2173.57151,33.39818,2.95013,2.5194,5.23891,226.30149,54.99244,ML_14B_9
712.25043,92.71424,216.36213,1.0,2550.68615,1.0,1.0,1.0,103.30522,1467.7631,31.3795,222.2235,201.41225,4.41945,1.97507,1.0,1.0,2.98939,18.08691,ML_14C_0
697.36154,84.84122,209.47324,1.75124,2476.79727,1.0,1.0,1.0,90.86077,1320.92976,27.82394,188.44573,193.91225,3.71167,1.0,1.0,1.0,1.55202,26.03136,ML_14C_1
509.36154,62.05552,161.47324,1.0,1669.68615,1.0,1.0,1.0,81.083,1226.04087,18.93506,176.55684,147.96781,2.36,2.62511,1.0,1.0,4.04495,20.88504,ML_14C_2
568.08376,81.73011,179.86213,1.75124,1894.29727,41.42777,1.0,1.0,82.86077,1158.2631,24.15728,189.33462,166.69003,2.42167,1.32502,1.33001,1.0,1.79672,21.45077,ML_14C_3
664.86154,66.65868,169.30657,1.0,2432.1306,1.0,1.0,1.0,80.41633,1111.20754,27.49061,181.94573,154.8567,2.01222,1.0,1.0,1.0,1.55202,21.49615,ML_14C_4
650.25043,86.93646,159.36213,1.0,2306.40838,21.21388,1.0,1.0,74.41633,1058.87421,29.15728,164.39017,154.13447,2.97722,2.62511,1.33001,1.0,2.10404,22.67299,ML_14C_5
563.80598,57.43646,217.30657,1.0,1999.01949,1.0,1.0,1.08681,68.19411,1032.59643,20.15728,175.83462,117.30114,2.67056,1.0,1.0,1.0,1.79672,18.99615,ML_14C_6
636.30598,53.46821,136.47324,1.75124,2180.68615,1.0,1.0,1.08681,72.19411,964.20754,22.15728,165.83462,161.30114,2.27556,1.0,1.0,1.0,3.45985,14.88972,ML_14C_7
648.47265,63.60312,197.75101,6.9179,2195.57504,15.04722,1.0,1.0,89.86077,932.65198,25.49061,191.77906,179.57892,1.65833,1.32502,1.0,1.0,2.26717,22.66282,ML_14C_8
588.97265,43.39678,170.6399,1.0,1817.68615,1.0,1.0,1.08681,69.52744,849.14971,25.60172,140.94573,121.8567,2.03278,1.0,1.0,18.4101,1.2447,25.79428,ML_14C_9
311.49506,93.25132,1.0,18.30642,834.26305,198.22656,1.0,1.08681,163.31517,1572.7888,9.8372,177.12696,288.2455,2.66091,1.0,2.60556,19.38007,10.83137,9.31716,ML_15A_0
310.43951,103.00162,1.0,32.1263,690.83101,104.83574,1.0,1.0,161.20406,1394.51103,17.04908,153.57141,276.2455,1.0,1.0,1.64862,4.5359,11.94248,13.83868,ML_15A_1
200.24307,92.47374,1.0,14.87543,439.27959,67.61304,1.0,1.08681,141.20406,1268.67769,13.06976,126.62696,237.30106,1.66379,1.0,1.10209,10.48035,5.6427,11.29747,ML_15A_2
155.93951,71.66809,1.0,4.5421,331.95039,59.66907,1.0,1.08681,148.31517,1163.45547,10.52109,106.01585,198.63439,1.0,1.0,1.54653,6.95528,5.30457,10.72039,ML_15A_3
231.39685,72.05738,1.0,13.44502,383.01421,9.66763,1.0,1.0,147.64851,1137.17769,4.09733,98.01585,248.46772,3.43293,1.0,1.20417,5.47493,1.0,4.65232,ML_15A_4
197.55707,86.64061,1.0,16.05613,450.77545,1.2227,1.0,1.08681,151.75962,1064.01103,9.85787,102.07141,204.80106,1.0,1.0,1.47847,2.06097,1.63791,16.95696,ML_15A_5
291.43951,71.14041,1.0,24.95906,874.42558,227.55652,1.0,1.0,123.31517,990.7888,11.06976,81.27335,283.52328,1.0,1.0,1.06806,8.19375,1.21264,4.84585,ML_15A_6
195.28574,90.00162,1.0,13.69473,494.66434,1.44541,1.0,1.17362,155.20406,969.89992,13.17742,87.3289,204.68995,1.16379,1.0,1.06806,5.12736,11.34096,17.80281,ML_15A_7
261.10617,87.16849,1.0,8.27836,521.48527,75.38985,1.0,1.0,167.31517,932.95547,20.50042,112.34918,266.85661,1.0,1.0,2.98195,14.89972,8.9061,5.01252,ML_15A_8
229.75597,70.41839,1.0,26.76548,558.89483,38.16715,1.0,1.17362,115.09295,875.12214,11.40309,99.71779,212.57883,1.44156,1.0,1.03403,1.0,3.73943,7.74191,ML_15A_9
2505.74819,533.64422,7.52951,175.22145,12139.67577,1.0,1.0,1.0,517.64947,3452.85061,44.57164,388.41223,1055.87973,2.03278,1.65334,1.0,12.5,13.03748,21.85001,ML_15B_0
2579.80375,572.08867,1.0,105.30646,11906.73132,48.57183,1.0,1.0,539.3717,3269.35061,39.57164,403.19001,1064.10195,3.29611,1.94222,1.0,9.61111,8.48817,26.55186,ML_15B_1
1840.3593,492.31089,158.2135,70.67597,9106.06466,54.1369,1.0,1.0,427.42725,3033.29505,35.57164,292.91223,896.5464,2.67889,1.54445,4.08214,13.44444,6.02499,11.13982,ML_15B_2
2080.41486,520.81089,10.05902,74.16925,10028.45355,1.69921,1.0,1.0,452.64947,2823.51728,40.68275,315.35667,947.65751,2.53278,1.43556,1.0,8.61111,3.2934,22.03149,ML_15B_3
2150.58152,585.31089,41.39235,89.28372,9983.12021,1.0,1.0,1.0,462.48281,2661.07283,40.68275,326.02334,886.21306,3.22611,1.54445,1.0,11.5,7.86457,18.51112,ML_15B_4
2001.30375,468.08867,24.6736,97.58424,9747.28688,1.0,1.0,1.0,455.03836,2519.35061,40.68275,280.80112,919.76862,2.67056,1.32667,1.0,15.38889,9.19478,21.95834,ML_15B_5
2031.63708,493.25533,20.58853,89.22817,9256.06466,1.3496,1.0,1.0,424.31614,2477.35061,40.68275,299.24556,938.15751,4.00389,2.05111,1.0,7.61111,3.01562,19.82964,ML_15B_6
2067.19263,461.03311,24.92186,115.58424,9741.23132,1.0,1.0,1.0,411.31614,2414.57283,38.57164,317.5789,827.15751,4.05333,1.65334,1.0,4.88889,6.63298,15.82964,ML_15B_7
1923.02597,440.03311,16.28124,42.83928,8768.56466,26.36587,1.0,1.0,418.42725,2325.79505,41.01609,280.80112,773.93528,4.91945,1.21778,1.0,7.61111,8.6979,23.03427,ML_15B_8
1770.47041,470.14422,40.70311,38.73824,8014.06466,22.60436,1.0,1.0,393.8717,2262.62839,41.68275,259.91223,797.87973,5.07389,1.87112,7.16428,1.94444,8.54998,17.55186,ML_15B_9
1692.5693,481.36001,27.86028,252.15009,8161.65634,1.0,1.0,1.0,576.88184,2875.2669,25.85494,455.35602,969.64325,2.14389,1.32502,1.0,2.49038,1.02669,10.31207,ML_15C_0
1775.5693,389.63779,27.46839,218.70565,7931.87856,6.42599,1.0,1.0,509.38184,2555.37802,23.41049,318.30046,835.36548,1.50611,2.30009,1.0,1.74519,1.0,12.25651,ML_15C_1
1554.23596,457.19335,18.19361,213.87507,6679.37856,1.0,1.0,1.0,516.82628,2351.15579,25.96605,362.80046,920.03214,2.38667,1.0,1.0,1.0,1.05339,13.10159,ML_15C_2
1620.40263,412.86001,35.41583,180.89175,7178.54523,8.48155,1.0,1.0,563.54851,2209.48913,30.29938,364.85602,781.47659,2.29611,2.62511,1.0,1.37259,1.10678,16.10159,ML_15C_3
1423.18041,366.41557,35.30472,232.3362,5948.93412,2.68522,1.0,1.0,458.88184,2015.2669,24.96605,284.07824,646.64325,1.24278,1.65004,1.0,1.74519,1.0,8.56953,ML_15C_4
1659.90263,459.30446,57.0825,212.06118,6877.48967,4.37044,1.0,1.0,491.65962,1826.60024,25.96605,167.52269,621.30992,1.0,2.62511,1.0,1.74519,2.18903,18.39969,ML_15C_5
1279.0693,427.97112,39.38356,144.20841,5067.04523,4.37044,1.0,1.0,408.32628,1674.48913,24.5216,293.07824,544.25437,1.61722,1.65004,1.0,2.11778,2.49783,13.28,ML_15C_6
1441.62485,389.63779,38.02395,111.56118,5630.37856,1.0,1.01111,1.0,448.88184,1564.37802,26.30127,211.18935,482.25437,2.10278,2.30009,1.0,1.0,1.0,25.70096,ML_15C_7
1251.68041,288.80446,66.99767,67.15562,4757.60079,12.59266,1.01111,1.0,365.77073,1396.71135,24.5216,259.01217,481.69881,2.38667,1.97507,1.0,1.37259,1.72006,19.00223,ML_15C_8
1109.01374,259.58224,46.52694,95.37784,4041.26745,121.85188,1.0,1.0,351.88184,1265.54468,17.96793,180.24491,369.30992,3.72,1.65004,1.0,1.37259,1.0,23.73302,ML_15C_9
605.61376,86.20862,110.56253,1.0,1915.99648,1.0,1.0,1.0,87.20525,1934.31486,15.37348,107.63787,166.09827,1.0,1.0,1.0,4.55336,1.35393,36.01261,ML_16A_0
725.61376,115.70862,122.11809,8.98459,2628.16314,1.0,1.0,1.0,121.7608,1766.48152,14.81792,141.74899,229.65383,1.0,1.0,1.0,2.77668,1.95474,27.98447,ML_16A_1
734.05821,108.5975,125.67364,6.37348,2540.05203,8.58558,1.0,1.0,103.09414,1630.20375,19.55905,119.02676,170.48716,1.0,1.0,1.0,3.55336,1.56586,22.1652,ML_16A_2
642.39154,96.45087,106.00697,4.58232,2591.4226,77.98344,1.0,1.0,108.53858,1535.92597,15.52182,117.13787,154.98716,1.0,1.0,1.0,4.64723,1.08848,30.15113,ML_16A_3
709.66932,117.48639,93.00697,16.14923,2469.16314,36.72671,1.0,1.0,117.64969,1357.42597,11.26237,131.24899,186.87605,1.0,1.0,1.0,3.38834,1.26545,23.77631,ML_16A_4
791.72487,86.90533,118.34031,4.58232,2801.38536,2.41891,1.0,1.0,117.09414,1231.42597,16.5957,124.66577,177.15383,1.0,1.0,1.0,7.46223,1.0,21.55409,ML_16A_5
692.55821,115.56198,95.2292,1.0,2393.05203,7.94893,1.0,1.0,111.09414,1121.42597,14.66958,99.52676,110.59827,1.0,1.0,1.22489,1.64723,1.17697,16.06149,ML_16A_6
822.28043,154.81973,120.06253,9.80454,3279.16314,36.03451,1.0,1.0,153.53858,1037.64819,21.70681,150.08232,217.82049,1.0,1.0,1.0,1.12945,1.17697,12.75557,ML_16A_7
836.50265,128.81973,106.34031,5.40227,3634.2187,27.08558,1.0,1.0,155.20525,974.64819,29.11461,184.63787,197.54271,1.0,1.0,1.0,4.33278,1.0,13.54075,ML_16A_8
693.34186,108.56198,113.67364,9.80454,2526.34872,61.28227,1.0,1.0,106.42747,927.31486,21.37348,115.54071,135.26494,1.0,1.0,1.0,1.38834,1.08848,20.2415,ML_16A_9
1279.08461,343.74061,195.15014,79.27102,5597.39849,23.27778,1.01912,1.0,318.83734,3077.66016,39.56825,291.57359,610.0803,4.41144,1.64166,3.28977,6.89972,6.1143,75.84811,ML_16B_0
1224.52906,387.29617,163.59459,70.33471,5530.84293,9.05556,1.01912,1.0,308.94845,2904.49349,43.34603,285.46248,688.35808,4.09512,3.56662,1.30755,2.47493,4.66297,47.57033,ML_16B_1
1301.4735,309.46283,164.48348,81.82657,5610.67627,9.11111,1.0,1.0,317.78179,2757.49349,36.67936,275.12915,642.30252,5.7663,1.0,3.42666,3.94986,5.74287,58.01477,ML_16B_2
1075.69572,422.51839,187.59459,71.06099,4993.95405,1.0,1.01912,1.0,280.50401,2563.6046,37.79047,238.40693,646.69141,3.57359,1.0,1.30755,1.53049,5.01376,47.01477,ML_16B_3
1087.80683,363.07394,138.26126,30.27102,4885.39849,5.0,1.0,1.0,237.11512,2432.6046,39.1238,242.6847,658.96919,3.12464,1.64166,1.0,2.59146,2.06244,23.51477,ML_16B_4
998.9735,319.46283,125.37237,73.78322,4409.17627,1.0,1.0,1.0,229.11512,2316.93794,37.45714,222.51804,595.63586,4.22325,1.0,1.0,2.47493,2.45133,43.36416,ML_16B_5
1111.91795,346.85172,128.7057,85.21953,4899.62071,5.0,1.0,1.0,257.05957,2248.99349,37.23492,208.40693,574.96919,3.60763,1.0,1.0,1.0,2.09366,23.68144,ML_16B_6
1162.02906,341.74061,144.53903,83.27915,4856.23182,1.0,1.0,1.0,239.67068,2207.04905,38.23492,216.51804,563.69141,3.57359,1.0,2.23021,3.5359,2.09366,52.68144,ML_16B_7
1143.58461,385.1295,176.76126,59.49731,4993.39849,13.0,1.0,1.0,303.78179,2144.32682,38.45714,264.74026,754.63586,2.46248,1.64166,1.0,1.0,1.0,21.84811,ML_16B_8
1048.41795,325.57394,160.09459,66.75882,4487.62071,1.0,1.0,1.0,221.33734,2091.82682,28.01269,212.1847,490.35808,3.04756,1.0,2.19644,2.06097,2.09366,29.89585,ML_16B_9
707.13177,1.0,80.96819,1.0,2491.4621,1.0,1.0,1.0,174.88881,972.22295,7.97092,162.69608,178.38997,8.12195,1.21778,6.63169,1.0,37.03834,9.04656,ML_16C_0
821.85399,1.0,50.68778,1.0,2256.35099,142.39271,1.0,1.0,143.44436,764.84945,5.8205,75.08313,87.68621,1.78636,1.10889,3.28304,1.0,43.83445,6.28604,ML_16C_1
634.57621,1.0,101.51583,3.47022,1776.90655,96.63218,1.0,1.0,108.44436,625.36485,3.63418,88.74428,99.55628,6.51716,1.0,3.01532,1.0,35.03834,8.24325,ML_16C_2
351.93194,1.0,14.25924,3.47022,1190.38607,1.0,1.0,1.0,74.69129,512.49135,3.00341,31.78881,17.05592,15.62195,1.21778,1.53544,1.0,2.42611,1.0,ML_16C_3
800.24288,1.0,49.37562,5.94043,2334.94162,26.20498,1.0,1.0,139.90116,422.35546,6.11623,35.79249,63.26004,20.25022,1.10889,1.53544,1.0,14.84306,2.60661,ML_16C_4
541.4651,1.0,35.74069,1.0,1774.51766,146.50382,1.0,1.0,141.44436,344.60246,2.59487,86.13685,83.77868,4.90605,1.32667,1.53544,1.0,48.92723,2.20496,ML_16C_5
304.04305,1.0,12.28569,1.0,1072.35099,1.0,1.0,1.0,88.56783,277.98197,2.81709,23.61846,17.79678,3.65176,1.0,1.26772,1.0,63.90834,1.0,ML_16C_6
1037.24288,1.0,84.85444,1.0,2639.9621,22.09387,1.0,1.0,156.22214,210.9204,6.44956,54.01655,76.48244,8.52574,1.21778,4.20736,1.0,54.61167,1.76051,ML_16C_7
1013.02066,1.0,57.31743,11.19244,3101.12877,214.00764,1.0,1.0,109.7777,148.72295,6.59657,24.91095,63.5009,4.01716,1.10889,1.80315,1.0,21.42667,1.0,ML_16C_8
681.07621,1.0,55.09521,11.1071,1864.85099,73.53831,1.0,1.0,116.66658,95.75036,3.9299,35.01838,60.13047,10.24797,1.10889,1.26772,1.0,43.01945,2.41442,ML_16C_9
1302.70999,852.43082,145.73597,332.98356,7253.47594,154.0375,1.0,1.15139,709.28903,5055.18134,115.08889,478.03289,2183.94988,2.66667,1.72593,1.0,5.80742,16.24861,13.9616,ML_1A_0
1355.15443,830.20859,142.84708,217.94398,7603.80927,237.62996,1.0,1.03785,674.51125,4656.57023,109.64444,492.31066,2234.28321,2.88889,1.0,2.38068,4.49038,14.64961,12.78497,ML_1A_1
1295.87666,765.70859,138.18041,314.92801,7207.08705,43.25952,1.0,1.0,669.51125,4420.62578,112.75556,504.36622,2229.11654,1.55556,1.0,1.0,2.11778,18.39713,11.98725,ML_1A_2
1235.59888,627.26415,136.40264,265.68194,7028.92038,60.27817,1.0,5.8559,580.78903,4184.45912,94.75556,450.53289,1798.61654,4.0,1.0,2.62658,1.0,14.48294,17.38611,ML_1A_3
1205.70999,654.54193,152.18041,222.39629,6733.30927,96.33363,1.0,1.0,567.67792,3885.45912,108.08889,489.47733,1781.94988,2.72222,1.0,1.73769,2.11778,7.70516,12.38611,ML_1A_4
1058.54332,562.48637,135.73597,173.45185,5842.92038,161.31517,1.0,1.03785,524.34458,3654.79245,90.86667,383.86622,1705.39432,2.66667,1.0,1.2459,2.11778,9.33443,22.26503,ML_1A_5
1232.3211,573.8197,163.51375,216.62639,6358.25372,47.00029,1.0,7.02257,555.01125,3418.68134,96.42222,459.19955,1659.11654,3.55556,1.0,2.38068,1.74519,8.83443,14.09836,ML_1A_6
1064.04332,425.3197,173.5693,163.88842,5255.6426,177.55575,1.0,1.03785,433.5668,3167.29245,84.08889,407.69955,1274.33877,2.72222,1.0,1.73769,2.49038,4.85863,23.60833,ML_1A_7
979.3211,467.70859,163.29152,119.99953,5243.58705,323.27817,1.0,1.0757,481.12236,3004.57023,81.42222,361.86622,1210.72765,3.77778,1.0,1.49179,2.49038,3.63036,19.1183,ML_1A_8
1039.98777,526.26415,123.51375,135.49953,5753.80927,176.59305,1.0,1.0757,478.17792,2894.29245,77.08889,357.25511,1322.11654,4.83333,1.0,1.49179,2.49038,6.34048,11.42598,ML_1A_9
1418.46198,549.8354,163.34336,37.08907,7179.81632,4.66842,1.0,1.0,544.87501,3054.02167,72.53333,383.92844,1259.35419,6.13408,2.66667,10.00591,1.94444,13.28595,40.28349,ML_1B_0
1287.40642,545.05762,140.56559,68.83802,6597.70521,1.0,1.0,1.0,487.54168,2728.63278,73.86667,353.92844,1183.79863,5.57852,1.0,6.32084,1.0,10.31237,32.83904,ML_1B_1
1323.51753,498.44651,138.34336,97.28246,7004.20521,233.97354,1.0,1.0,492.31946,2477.07722,71.08889,345.70622,1090.35419,4.21358,2.66667,6.16962,1.0,5.88281,28.12513,ML_1B_2
1168.1842,362.22428,106.56559,49.74683,5051.48299,36.19751,1.0,1.0,346.20835,2351.29945,52.86667,318.37288,847.79863,4.2535,1.0,4.9691,1.0,3.187,17.19176,ML_1B_3
1225.51753,362.22428,128.6767,72.68237,6267.31632,4.66842,1.0,1.0,433.43057,2204.74389,56.97778,316.20622,990.57641,4.13441,1.0,2.78698,1.0,8.43836,20.18345,ML_1B_4
1196.29531,394.55762,117.01003,29.70909,6014.81632,125.19488,1.0,1.0,409.09724,2094.52167,57.97778,319.31733,840.07641,5.16601,1.0,1.0,1.0,3.2805,17.95846,ML_1B_5
1222.35087,339.00206,111.01003,36.9135,5868.81632,8.77953,1.0,1.0,379.59724,1989.96611,54.42222,288.20622,801.68752,4.76914,1.0,1.0,1.0,2.47358,6.964,ML_1B_6
1226.46198,381.50206,130.89892,54.73793,5571.37188,4.88977,1.0,1.0,400.31946,1905.79945,55.53333,276.984,865.74308,5.03893,1.0,2.09566,1.0,5.7717,20.01125,ML_1B_7
1092.85087,291.61317,125.45448,31.5157,5298.81632,2.83421,1.0,1.0,374.15279,1801.07722,57.64444,287.76177,748.07641,3.80107,1.0,1.30243,1.0,3.90042,17.12236,ML_1B_8
1213.62864,337.00206,135.23225,52.35794,5534.0941,3.75132,1.0,1.0,366.65279,1748.57722,55.08889,296.03955,718.4653,3.92017,1.0,1.0,1.0,4.29811,14.62513,ML_1B_9
1322.41768,563.25857,400.09249,1.0,4650.88329,648.50822,1.0,1.0,610.35866,14545.627,120.64451,830.66667,1950.57073,7.44379,1.0,6.99514,5.72112,49.42573,77.62343,ML_1C_0
982.19546,468.31413,426.75916,8.11791,4553.16106,162.1925,1.0,1.0,605.85866,11929.46033,120.64451,757.33333,2171.45962,7.42782,1.0,6.90042,2.77668,52.92573,65.17899,ML_1C_1
875.41768,493.5919,382.31471,13.22902,4865.21662,453.56378,1.0,1.0,572.19199,10117.96033,121.86674,934.72222,2056.3485,4.87227,1.0,11.01153,6.92446,51.98129,83.73455,ML_1C_2
878.58434,425.0919,479.64805,1.0,4369.82773,587.00822,1.0,1.0,580.69199,8774.07144,134.64451,673.72222,1720.01517,3.93581,1.0,6.96084,5.46223,49.64795,62.12343,ML_1C_3
1000.1399,452.36968,392.87027,5.92819,4674.43884,605.67489,1.0,1.0,544.19199,8081.51589,91.42229,669.66667,1565.29295,3.41218,2.04942,3.15361,4.59168,40.23645,63.51232,ML_1C_4
1098.80657,441.0919,259.64805,3.37264,4986.9944,356.12814,1.0,1.0,545.85866,7100.01589,77.08896,666.27778,1790.29295,2.71391,1.52471,1.0,1.38834,28.85887,39.7901,ML_1C_5
1120.41768,467.20302,232.09249,1.0,5121.88329,402.11933,1.0,1.0,556.41422,6454.57144,87.08896,718.38889,1705.73739,2.56321,1.0,1.0,4.29446,29.73645,40.01232,ML_1C_6
1010.75101,412.98079,225.37027,1.0,5110.10551,462.02583,1.0,1.0,482.96977,5783.23811,75.20007,669.61111,1415.90406,5.61844,1.0,1.0,2.77668,26.79201,25.62343,ML_1C_7
1128.36212,411.70302,260.48138,1.0,4766.43884,1034.18369,1.0,1.0,450.41422,5526.34922,85.42229,715.83333,1502.62628,3.99934,1.0,1.0,1.90612,31.34756,32.34566,ML_1C_8
1036.30657,514.86968,235.92582,31.28458,4543.66106,571.08138,1.0,1.0,447.96977,4959.68255,91.5334,581.0,1507.95962,4.52329,2.04942,4.30722,1.77668,38.25906,24.56411,ML_1C_9
1475.98439,283.75078,449.06134,11.84928,5156.9756,1.0,1.0,1.23897,488.31394,17172.03448,92.76795,825.11111,1924.05437,7.13408,1.0,7.0591,3.62804,53.83782,138.89848,ML_2A_0
1849.31773,270.58411,393.67245,6.37569,4958.03115,69.03085,1.0,1.0,379.92505,10942.81226,71.65684,607.88889,1832.49881,5.30906,1.0,20.08344,13.34788,30.06005,106.45404,ML_2A_1
2466.48439,167.75078,338.67245,27.08471,5628.64227,272.83859,1.12594,1.0,287.59172,7105.92337,72.21239,507.66667,885.99881,14.48338,1.0,2.42364,4.25846,20.83782,86.28737,ML_2A_2
1978.87328,140.52855,298.00578,1.0,4569.08671,417.33684,1.0,1.0,246.42505,5133.42337,47.10128,437.72222,928.77659,4.41218,1.0,5.84551,4.57249,10.92892,62.67626,ML_2A_3
1985.53995,146.58411,274.83912,1.0,4446.58671,262.61637,1.0,1.23897,197.31394,3795.92337,42.76795,380.33333,1943.8877,3.14239,1.0,12.61465,1.65701,17.52485,51.73182,ML_2A_4
1617.48439,112.19522,207.72801,1.0,3574.08671,206.25482,1.0,1.71692,178.86949,3428.7567,36.21239,384.22222,571.77659,6.11046,1.0,5.69101,5.51693,7.0704,38.39848,ML_2A_5
1346.37328,98.08411,227.83912,1.0,3296.19782,41.61286,1.0,1.0,180.31394,3177.14559,31.3235,307.16667,919.77659,5.54692,1.0,1.7344,1.0,5.28261,37.67626,ML_2A_6
1702.87328,138.30633,242.72801,21.84131,4276.42004,206.03348,1.0,1.71692,173.9806,2794.03448,36.87906,379.66667,453.72104,8.34864,1.0,16.68061,1.65701,13.85818,39.89848,ML_2A_7
1341.76217,101.02855,155.95023,1.0,3009.53115,176.50438,1.0,1.47795,154.09172,2427.09004,29.87906,348.38889,401.44326,9.81704,1.0,7.26915,1.65701,7.61594,29.56515,ML_2A_8
1473.03995,78.80633,181.06134,8.79895,3459.92004,120.47529,1.0,1.47795,155.09172,2185.81226,32.10128,374.83333,410.94326,12.17399,1.0,15.73617,1.0,10.29262,33.5096,ML_2A_9
726.67692,98.87539,91.84444,43.50991,2586.07069,1.0,1.0,1.0,251.36719,1402.18951,23.73628,290.15066,295.45962,1.2765,1.0,1.37333,8.61111,1.94082,14.14899,ML_2B_0
713.84359,75.50035,113.73333,16.37698,2557.12624,1.0,1.0,1.0,233.92275,1281.68951,20.9585,248.20622,225.45962,1.55044,1.0,1.74666,3.88889,1.0,9.24972,ML_2B_1
734.51026,98.93094,105.84444,22.81018,2589.51513,27.98869,1.0,1.0,243.4783,1192.02284,19.84739,278.31733,244.29295,2.57886,1.0,1.0,10.55556,1.2352,19.53269,ML_2B_2
794.17692,86.50035,97.84444,31.95502,2525.51513,1.0,1.0,1.0,273.36719,1129.30062,23.51406,246.09511,253.73739,3.02203,1.0,1.37333,3.83333,1.2352,18.09343,ML_2B_3
752.06581,79.16009,107.73333,7.41071,2482.51513,1.0,1.0,1.0,260.03386,1071.74507,21.62517,229.03955,223.3485,3.38122,1.0,3.06443,3.83333,1.0,13.74453,ML_2B_4
725.28803,85.87539,90.06667,4.7996,2456.95958,36.02212,1.0,1.0,231.58941,988.18951,18.29183,216.42844,215.51517,5.2998,1.0,1.37333,4.77778,2.48339,9.75491,ML_2B_5
722.67692,78.10453,83.4,2.26653,2446.73735,16.1629,1.0,1.0,235.58941,988.02284,18.62517,245.31733,190.73739,1.35792,1.0,1.0,4.77778,1.47041,14.58305,ML_2B_6
752.28803,89.81983,96.17778,6.14418,2588.79291,181.32579,1.0,1.0,212.25608,940.74507,22.84739,232.59511,219.79295,3.0763,1.0,1.37333,12.5,1.0,13.01711,ML_2B_7
679.12137,87.5559,94.28889,7.41071,2309.29291,1.0,1.0,1.0,243.14497,914.5784,17.06961,219.92844,187.95962,1.49744,1.0,1.0,10.55556,1.94082,9.406,ML_2B_8
694.28803,96.87539,106.4,30.5324,2346.01513,1.0,1.0,1.0,242.14497,893.30062,20.84739,251.81733,221.01517,3.05172,1.0,2.63555,2.88889,2.0945,14.2601,ML_2B_9
717.11609,50.64808,121.10598,1.0,2826.60346,12.44944,1.0,1.0,308.64509,2580.10352,27.25781,404.1,267.37973,1.0,1.0,1.28749,2.58261,1.86123,13.60892,ML_2C_0
676.94942,77.24561,110.88376,1.0,2711.49235,1.97638,1.0,1.5232,276.14509,2229.04796,22.36892,398.6,213.93528,1.11111,1.0,1.86247,1.79131,1.75698,13.55978,ML_2C_1
709.44942,76.26659,122.88376,5.69079,2672.99235,28.69861,1.04784,1.0,300.86731,2092.54796,27.70226,380.32222,215.49084,1.22222,1.0,2.72495,1.0,1.0,14.55337,ML_2C_2
642.61609,54.04437,135.60598,1.0,2369.27013,28.69861,1.02392,1.0,288.92287,1993.10352,26.1467,391.37778,193.43528,1.44444,1.0,1.28749,1.79131,1.0,10.0288,ML_2C_3
643.33831,74.94685,99.55043,1.0,2464.9368,5.69694,1.02392,1.0,271.64509,1872.49241,24.59114,352.15556,176.32417,1.0,1.0,2.14996,1.0,1.0,11.59077,ML_2C_4
597.89387,72.09992,106.66154,1.0,2195.04791,94.22555,1.0,1.0,298.64509,1783.21463,24.48003,378.37778,208.43528,1.22222,1.0,3.03885,2.58261,1.0,15.3867,ML_2C_5
604.11609,80.0024,119.10598,1.0,2560.82569,5.50166,1.0,1.0,319.92287,1663.04796,25.59114,390.65556,206.82417,1.11111,1.0,5.37219,1.0,1.13901,12.89312,ML_2C_6
530.56053,36.76659,106.43932,12.51681,2138.65902,1.0,1.0,1.0,298.36731,1547.43685,27.25781,363.26667,187.26862,1.33333,1.0,1.0,1.0,1.49315,9.77668,ML_2C_7
567.28275,37.80116,123.88376,5.27047,2270.77013,28.11278,1.0,1.0,317.03398,1500.21463,25.03559,379.87778,194.37973,1.0,1.0,4.42774,1.0,3.97944,17.01706,ML_2C_8
583.39387,42.61351,87.2171,1.0,2166.32569,104.44777,1.0,1.0,244.14509,1405.77019,21.92448,353.98889,178.60195,1.0,1.0,4.0847,1.0,1.84728,15.27559,ML_2C_9
1045.31345,501.13338,565.73553,47.25563,6527.56707,73.18889,1.0,1.0,653.60286,22279.76473,123.53333,1145.56957,3873.1037,6.12642,10.51969,23.83842,5.57249,165.07881,115.38731,ML_3A_0
958.03568,387.07782,396.34664,46.67415,5639.23374,7.76667,1.0,1.0,602.60286,17037.59806,101.31111,748.34735,3235.65925,4.4042,2.48338,13.78214,7.88651,152.30103,89.44286,ML_3A_1
863.2579,248.32226,232.45775,50.463,4327.78929,40.35556,1.0,3.56005,510.49175,11145.48695,73.64444,561.62513,1813.32592,2.53926,2.30009,1.80592,1.0,105.35659,61.44604,ML_3A_2
781.86901,231.41116,222.29108,19.62966,4243.9004,85.46667,1.0,1.0,417.43619,8829.48695,69.75556,585.95846,1202.21481,3.30107,2.30009,1.91776,1.65701,89.85659,46.55397,ML_3A_3
832.36901,226.46671,191.40219,32.40006,4324.34485,54.98889,1.0,1.0,421.21397,7984.5425,66.31111,519.45846,1778.32592,2.26947,1.97507,4.02959,1.65701,58.85659,59.94286,ML_3A_4
939.14679,249.46671,178.29108,29.72601,4721.17818,228.33333,1.0,2.7067,362.82508,6866.93139,70.75556,729.95846,1326.99258,2.22189,1.97507,12.44735,2.97103,71.91214,51.7762,ML_3A_5
858.42457,428.52227,193.67997,21.47786,4386.51152,96.34444,1.0,1.0,355.65841,6242.65362,60.75556,457.34735,1307.99258,3.46774,2.95013,7.47477,7.51693,66.4677,43.22064,ML_3A_6
742.86901,156.32226,168.12442,20.84819,3632.62263,111.33333,1.0,1.0,279.49175,5613.20917,49.42222,355.68068,909.21481,4.00733,3.60018,4.38962,4.91548,58.68992,34.55397,ML_3A_7
721.09123,148.63338,154.06886,17.6556,3449.01152,54.98889,1.0,1.0,315.15841,4794.87584,45.08889,361.90291,879.32592,2.72988,2.30009,5.7785,3.62804,57.91214,26.39366,ML_3A_8
787.86901,222.3556,158.5133,33.67415,4027.67818,8.64444,1.0,1.0,327.60286,4280.76473,55.64444,363.01402,814.6037,2.99967,4.80009,2.61184,1.0,51.9677,31.66508,ML_3A_9
871.62726,80.21497,273.62292,1.0,3638.58244,1.32473,1.0,1.0,216.95263,7257.12998,39.65045,720.33333,749.86786,4.32183,1.33972,12.41984,55.51735,9.78675,89.03445,ML_3B_0
801.12726,54.53636,231.17848,1.0,3233.30466,5.97809,1.0,1.0,188.11929,6464.74109,33.53934,596.61111,848.92341,3.32694,1.0,9.64206,79.59394,6.84231,77.59001,ML_3B_1
820.90504,53.48081,209.45626,1.0,3145.86022,9.33255,1.0,1.0,198.34151,5751.3522,34.42823,569.72222,764.42341,3.0763,1.0,4.90265,37.00578,9.05531,69.20112,ML_3B_2
841.07171,48.06803,206.01181,1.0,2975.638,2.62363,1.0,1.0,168.95263,5237.18554,36.65045,533.55556,702.70119,2.37739,1.0,4.07619,8.75675,6.17103,72.81223,ML_3B_3
954.29393,43.52442,178.34514,1.0,3062.19355,105.61502,1.0,1.0,180.17485,4434.57442,33.87268,516.77778,472.70119,1.35536,1.16986,2.41984,4.14178,4.38403,56.14556,ML_3B_4
1000.57171,34.50053,163.78959,1.0,2698.08244,24.15336,1.0,1.0,161.39707,4078.07442,27.53934,453.88889,488.20119,1.16283,1.16986,4.0172,19.17245,4.38403,45.42334,ML_3B_5
993.79393,45.3697,185.12292,1.0,3171.52688,75.86698,1.0,1.0,167.50818,3821.12998,26.42823,431.94444,433.92341,1.38505,1.0,5.02064,34.80845,5.98593,51.14556,ML_3B_6
1099.73837,24.40915,168.01181,4.17706,3274.138,259.88811,1.0,1.0,177.95263,3538.12998,28.42823,395.94444,413.86786,1.0,1.0,1.0,5.72415,4.30543,37.81223,ML_3B_7
944.79393,36.57998,158.56737,1.0,3103.69355,154.1917,1.0,1.0,143.7304,3312.51887,25.20601,344.88889,417.92341,1.30364,1.0,2.06587,16.61304,5.70354,36.35352,ML_3B_8
967.18282,46.27831,187.45626,7.7552,2891.74911,164.79421,1.0,1.0,165.50818,3108.18554,24.31712,379.94444,367.86786,1.38505,1.0,1.05899,1.41763,3.52766,31.31075,ML_3B_9
880.39281,103.12442,202.46417,36.47477,2859.02832,88.41784,1.0,1.0,416.0,2590.46714,32.11568,336.21111,285.55355,3.26314,1.0,1.0,1.0,4.33606,53.01232,ML_3C_0
907.00392,95.29275,171.63083,54.61723,2860.08387,35.40532,1.0,1.0,438.94444,2370.13381,28.56012,380.04444,275.66466,3.25464,1.0,1.0,1.0,1.0,56.51232,ML_3C_1
989.2817,104.2372,213.13083,23.83639,3048.69498,183.18701,1.0,1.0,400.55556,2139.74492,29.67123,369.54444,261.27577,3.27085,1.0,2.55826,1.0,1.0,51.40121,ML_3C_2
837.7817,81.68081,184.46417,24.30912,2731.08387,189.35368,1.0,1.0,377.88889,1997.91159,31.22679,314.82222,236.94244,3.27085,1.0,1.0,1.0,1.0,48.62343,ML_3C_3
851.44836,111.40386,156.01972,1.72324,2778.25054,20.58451,1.0,1.0,435.22222,1798.74492,30.11568,332.43333,258.55355,1.90589,1.0,3.80961,1.0,1.76017,54.17899,ML_3C_4
804.83725,66.84664,114.35306,9.86264,2878.13943,196.54616,1.0,1.0,361.55556,1720.13381,25.00456,304.26667,228.60911,2.4136,1.0,1.61381,1.0,1.0,38.51232,ML_3C_5
796.83725,78.40303,197.24194,1.72324,2638.3061,38.54225,1.0,1.0,366.61111,1620.63381,26.78234,302.15556,209.44244,3.64432,1.0,1.61381,2.88889,1.0,45.34566,ML_3C_6
841.2817,109.40386,164.01972,11.00306,2746.02832,31.94366,1.0,1.0,360.33333,1552.63381,28.22679,315.54444,254.55355,2.32641,1.0,3.92342,1.94444,1.0,61.73455,ML_3C_7
772.17059,89.18164,122.01972,5.41922,2336.19498,99.39671,1.0,1.0,317.44444,1478.96714,24.56012,324.54444,197.66466,1.54013,1.0,4.11651,4.83333,1.76017,29.73455,ML_3C_8
674.11503,76.84664,121.01972,1.72324,2167.3061,12.46948,1.0,1.0,348.66667,1416.13381,23.11568,266.98889,202.27577,1.46066,1.0,1.61381,1.0,1.38008,42.73455,ML_3C_9
826.9224,287.86793,65.60113,33.00957,3675.81835,65.24087,1.0,1.0,275.45378,1956.86987,74.69373,335.65066,1132.65068,1.85696,1.0,1.0,1.0,2.33085,14.38779,ML_4A_0
783.97796,298.92349,54.49002,32.39189,3553.54057,11.85198,1.0,1.0,245.73155,1878.0921,69.24928,308.70622,1033.70623,1.85696,1.0,1.0,1.0,1.55307,10.72118,ML_4A_1
750.97796,244.59015,59.82335,49.01614,3428.42946,137.33363,1.0,1.0,243.676,1773.48098,74.58261,351.31733,1039.70623,1.0,1.0,1.06481,1.79131,3.6617,15.22118,ML_4A_2
686.86685,216.09015,62.15668,10.09797,3245.48502,160.68541,1.0,1.0,229.12044,1658.03654,64.13817,338.20622,878.20623,1.15868,1.0,1.0,1.0,1.0,11.27667,ML_4A_3
810.03351,212.20126,57.49002,54.37876,3347.42946,27.18541,1.0,1.0,221.00933,1589.81432,57.24928,258.59511,918.09512,1.59514,1.0,1.0,1.79131,2.60739,13.11019,ML_4A_4
750.58907,160.59015,41.82335,22.42474,3329.04057,168.85208,1.0,1.0,190.34267,1474.5921,48.24928,216.76177,776.3729,1.43646,1.0,1.06481,2.58261,1.66543,11.88791,ML_4A_5
891.97796,217.20126,59.82335,24.98029,3661.2628,305.46329,1.0,1.0,236.00933,1426.98098,52.80484,243.59511,883.3729,1.90453,1.0,1.0,1.0,2.77157,13.0547,ML_4A_6
759.31129,128.31237,63.82335,1.0,2928.87391,19.70387,1.0,1.0,198.12044,1374.81432,47.13817,254.70622,700.26179,1.15868,1.0,1.06481,2.73575,1.27654,13.61007,ML_4A_7
737.75574,156.70126,53.60113,1.0,3150.59613,68.24097,1.0,1.0,220.676,1332.98098,47.91595,245.26177,819.26179,1.15868,1.0,1.06481,1.79131,1.55307,16.88779,ML_4A_8
871.25574,179.75682,53.26779,38.62725,3655.98502,186.46309,1.0,1.0,216.23155,1275.03654,48.69373,216.20622,861.76179,1.15868,1.0,1.0,1.0,1.0,10.66562,ML_4A_9
2968.02487,295.21497,743.51372,49.50496,9096.06005,571.44444,1.0,1.0,518.85491,21833.32322,73.44444,1022.78604,2629.67683,7.38823,5.16667,1.0,5.77778,54.97835,160.54246,ML_4B_0
3041.19154,222.35775,321.7915,13.39385,8972.56005,409.33333,1.0,1.0,366.07713,17103.21211,62.55556,913.39715,2171.67683,8.45177,2.55556,1.0,1.94444,20.9751,131.37579,ML_4B_1
2024.19154,205.49275,328.34705,1.0,7145.94894,183.38889,1.0,1.0,405.79936,11975.98988,49.0,730.67493,1850.56572,8.5549,1.77778,1.0,8.66667,22.65548,116.70913,ML_4B_2
1233.46932,126.82608,199.23594,1.0,4447.39338,148.27778,1.0,1.0,291.2438,7660.26766,46.22222,490.3416,1107.01017,2.70593,1.0,1.0,3.83333,21.55483,110.98691,ML_4B_3
1059.8582,67.48081,150.68039,1.0,2981.6156,25.16667,1.0,1.0,148.85491,5309.76766,27.11111,385.39715,1002.8435,2.6028,1.0,1.0,2.88889,3.2601,58.46911,ML_4B_4
1393.80265,49.71081,165.18039,4.61359,3053.44894,131.66667,1.0,1.0,141.29936,4003.76766,14.77778,325.17493,337.23239,2.07918,2.55556,1.0,1.0,3.2601,22.7291,ML_4B_5
521.63598,25.11165,145.01372,1.0,2388.44894,136.0,1.0,1.0,127.18825,3552.98988,16.44444,376.89715,320.17683,1.0,1.0,1.0,1.0,3.65945,20.43353,ML_4B_6
1970.58043,72.15942,140.34705,1.0,4615.50449,187.22222,1.0,1.0,179.96602,3259.37877,27.0,440.8416,399.39906,1.15868,2.55556,1.0,1.0,4.2601,25.87579,ML_4B_7
1499.63598,59.8022,118.01372,1.0,4297.6156,250.88889,1.0,1.0,168.96602,2923.65655,24.33333,447.17493,352.8435,1.75383,1.0,1.0,1.0,4.38167,31.52467,ML_4B_8
1280.02487,53.06803,104.45817,2.8068,3348.72671,113.55556,1.0,1.0,138.18825,2708.43433,19.55556,324.89715,308.56572,1.85696,2.55556,1.0,1.0,2.93723,23.20913,ML_4B_9
912.12044,121.41973,524.95354,1.0,4075.37117,20.34762,1.29449,1.0,263.42745,6374.98976,52.55117,489.63496,772.29533,5.45445,1.24198,8.47071,29.99569,30.36874,61.81335,ML_4C_0
812.50933,288.91973,1307.84243,12.08732,4173.42672,213.58138,1.45846,1.0,394.20522,5823.98976,45.88451,434.52385,469.79533,12.03667,1.0,1.58828,16.15026,13.43494,56.14669,ML_4C_1
835.50933,145.06445,624.56465,2.14022,3800.92672,127.65454,1.09169,1.0,250.20522,5247.21198,42.55117,455.80163,546.73977,5.69111,1.0,4.95434,11.41451,17.83506,70.03558,ML_4C_2
795.73155,164.86417,586.06465,1.0,3527.37117,56.53463,1.85005,1.0,238.87189,4764.54532,41.32895,422.74607,513.96199,6.15611,1.0,3.3596,7.05412,25.17962,45.7578,ML_4C_3
825.89822,106.6032,373.6202,2.14022,3590.64894,52.81847,1.0,1.0,236.37189,4429.10087,44.44006,466.91274,576.23977,5.03056,1.24198,2.97717,17.15026,22.35694,50.2578,ML_4C_4
815.28711,164.15876,520.39798,4.42065,3613.31561,70.09899,2.25566,1.0,257.26078,4145.48976,42.10673,435.13496,466.46199,4.27556,1.24198,1.0,26.67732,22.91307,41.86891,ML_4C_5
802.00933,176.99209,699.06465,1.0,3196.92672,62.27172,2.12513,1.0,258.87189,3736.60087,35.55117,311.80163,472.51755,9.82889,1.0,1.58828,20.26137,8.62291,33.98002,ML_4C_6
745.676,31.33709,232.00909,1.0,3057.03783,12.93838,1.0,1.0,253.81633,3290.71198,32.32895,316.5794,534.79533,2.71389,1.0,1.88242,3.73575,11.10104,28.09113,ML_4C_7
693.73155,133.35903,364.28687,1.0,3102.64894,9.6518,1.0,1.0,205.64967,3159.82309,30.21784,276.63496,440.96199,3.69111,1.0,2.17657,7.05412,6.08923,26.81668,ML_4C_8
659.84267,84.85903,362.50909,8.39155,2610.2045,37.61659,1.27508,1.0,188.76078,2950.10087,28.66228,303.46829,415.96199,5.78167,1.0,1.0,11.20725,11.43494,23.20224,ML_4C_9
760.94585,46.18342,280.39295,1.0,2557.35845,34.11899,1.0,2.12612,101.12235,4408.06232,40.02706,358.21521,503.29295,6.88889,1.0,5.78629,4.81225,22.35281,119.11444,ML_5A_0
858.83473,32.14519,219.89295,1.0,2396.58067,4.12162,1.0,2.12612,97.45568,3537.3401,21.80484,319.21521,361.45962,4.44444,1.0,2.93772,1.64723,8.8659,48.1758,ML_5A_1
901.94585,34.81544,219.39295,1.0,2423.63622,55.45495,1.0,1.0,90.78901,3123.22899,24.13817,307.99299,338.68184,2.0,1.0,1.99328,1.64723,7.428,37.40382,ML_5A_2
844.61251,25.83276,172.50406,1.0,2338.52511,133.07132,1.0,1.0,85.12235,2892.3401,22.4715,276.43743,237.29295,1.55556,1.0,3.53539,3.51779,7.71887,41.47845,ML_5A_3
914.94585,24.66968,205.05961,1.0,2489.46956,67.84384,1.0,1.0,101.45568,2740.28455,26.80484,282.49299,246.51517,2.77778,1.0,2.64651,1.38834,7.46073,50.06469,ML_5A_4
649.5014,14.06214,155.22628,1.0,2086.914,23.68768,1.0,5.5045,89.56679,2520.00677,29.80484,256.27077,265.23739,2.38889,1.0,2.27957,1.77668,11.26133,61.12024,ML_5A_5
888.05696,23.83276,175.67073,1.0,2433.69178,78.12162,1.0,1.0,99.12235,2289.17343,20.36039,290.77077,238.07073,2.27778,1.0,3.09095,2.25889,8.56529,31.37314,ML_5A_6
754.33473,17.37457,160.11517,1.0,2259.30289,2.56081,1.0,1.0,84.12235,1995.78455,20.4715,255.21521,210.29295,2.77778,1.0,1.83512,1.64723,5.35616,28.40382,ML_5A_7
644.44585,16.1177,149.33739,1.0,1980.74733,1.0,1.0,1.0,78.01123,1870.06232,20.13817,242.38188,191.18184,2.72222,1.0,3.06407,5.27723,8.78751,41.76203,ML_5A_8
685.94585,31.55857,127.89295,1.0,1959.63622,123.23273,1.0,1.0,78.23346,1791.17343,20.80484,257.49299,162.01517,2.33333,1.0,1.31317,1.77668,3.24505,22.78691,ML_5A_9
496.2923,7.79939,25.82669,1.0,1851.77803,30.97778,1.0,1.73616,1.05623,163.52453,1.0,11.35628,3.75934,1.88889,1.0,1.0,1.0,1.0,1.09505,ML_5B_0
556.34785,31.75187,33.27114,1.0,2073.33359,74.66667,1.0,1.0,4.11515,119.22899,1.0,10.36775,5.24552,1.44444,1.0,1.0,1.54444,1.0,1.28559,ML_5B_1
439.45896,25.47409,20.9378,3.0251,1654.50026,39.77778,1.0,1.0,3.33738,94.09673,1.0,13.94535,6.00947,1.0,1.0,3.55044,1.0,1.0,1.57118,ML_5B_2
509.23674,43.75187,36.60447,1.0,1984.66692,81.18889,1.0,1.73616,4.72559,60.17005,1.0,7.04544,1.42601,1.33333,1.0,2.49744,1.0,1.0,1.03168,ML_5B_3
428.01452,19.83458,19.72249,1.0,1692.00026,11.57778,1.0,1.0,1.11246,28.32121,1.0,6.40081,5.3149,1.11111,1.0,3.41027,1.0,1.0,1.03168,ML_5B_4
485.68119,22.29385,24.71558,1.0,1987.55581,192.71111,1.0,1.0,1.39091,24.3401,1.0,12.33469,2.5233,1.0,1.0,1.60855,2.08889,1.0,1.09505,ML_5B_5
459.34785,21.64755,23.72249,1.0,1878.38915,11.6,1.0,1.0,1.44714,19.15341,1.0,10.85673,4.61137,1.0,1.0,1.30428,1.0,1.0,1.47613,ML_5B_6
537.7923,32.57841,20.10792,1.0,2038.27803,196.24444,1.0,1.0,1.16734,12.67005,1.0,7.70063,3.19457,1.0,1.0,2.49744,4.66667,1.0,1.12674,ML_5B_7
181.68119,6.86852,4.97236,1.0,792.05581,1.0,1.0,1.0,1.0,2.29667,1.0,1.93388,1.0,1.0,1.0,1.91283,1.0,1.0,1.0,ML_5B_8
381.12563,3.81297,7.80223,1.0,1589.77803,1.0,1.0,1.0,1.0,1.0,1.0,1.31174,1.63902,1.0,1.0,1.0,1.0,1.0,1.09505,ML_5B_9
405.66004,17.97275,110.06318,1.0,1806.81213,167.03081,1.0,1.5232,86.54854,3021.87324,24.86667,246.37778,231.51517,1.40944,1.32502,1.39364,1.0,15.81801,19.74911,ML_5C_0
464.16004,39.19519,138.39651,1.0,1994.36769,37.35361,1.0,1.0,84.65965,2224.81768,25.97778,229.93333,245.12628,1.0,2.62511,10.21427,1.12945,15.23212,27.10216,ML_5C_1
544.16004,28.55619,136.17429,1.0,2349.14546,1.0,1.0,1.6976,75.99299,1873.70657,24.97778,281.21111,249.51517,2.26945,1.65004,5.74442,1.38834,7.53018,38.54481,ML_5C_2
501.3267,34.59791,139.50762,1.0,2110.58991,1.0,1.0,1.3488,86.32632,1548.65101,25.31111,237.98889,243.3485,1.395,1.65004,8.67616,1.12945,17.56546,34.21148,ML_5C_3
610.27115,24.20902,168.95207,1.0,2513.08991,1.0,1.0,1.3488,94.54854,1385.87324,25.97778,264.32222,256.07073,2.13778,1.0,3.66346,1.51779,11.98979,36.54481,ML_5C_4
508.38226,26.97275,135.39651,1.0,2173.81213,1.0,1.0,1.0,81.77076,1228.65101,22.86667,226.82222,195.01517,1.13167,1.97507,1.49205,2.29446,7.6009,32.41757,ML_5C_5
534.16004,21.33376,97.50762,3.87636,2129.9788,1.0,1.0,1.0,80.99299,1144.37324,17.86667,197.54444,152.79295,2.325,1.0,1.19682,1.25889,1.6515,8.80825,ML_5C_6
543.04893,15.86143,130.84096,1.0,2212.9788,1.0,1.0,1.0,92.43743,1055.48435,20.08889,248.26667,176.95962,1.395,1.65004,2.58571,1.51779,4.24234,23.73119,ML_5C_7
540.27115,11.33376,106.61873,2.43818,2191.20102,1.0,1.0,1.0,85.88188,992.65101,16.75556,223.54444,170.90406,1.40944,1.0,3.17616,1.25889,1.31817,9.82617,ML_5C_8
587.43782,50.23691,121.50762,1.0,2426.42324,1.0,1.0,1.0,87.43743,971.92879,19.64444,194.21111,183.8485,1.74889,1.0,1.93649,1.64723,4.21201,27.41757,ML_5C_9
1037.9808,110.89982,119.88151,1.0,3289.00982,1.70852,1.0,1.0,272.74784,4452.80065,28.87531,557.03282,606.64444,7.45976,1.0,6.64437,1.0,27.54022,19.32709,ML_6A_0
1086.70303,104.78871,95.7704,1.0,3249.95426,2.41705,1.0,1.0,236.19229,3477.24509,26.43087,510.97727,394.03333,5.43613,1.0,3.59996,1.0,18.43081,14.26937,ML_6A_1
1093.31414,77.62204,88.32595,13.07397,3094.73204,1.0,1.0,1.0,225.97007,2800.57843,32.43087,463.97727,356.7,3.6028,1.0,5.34439,1.0,15.67996,10.86341,ML_6A_2
924.86969,70.50354,82.43707,1.0,2516.17649,1.0,1.0,1.0,211.85895,2271.13398,13.98642,399.3106,271.81111,1.79342,1.0,1.41109,1.0,8.76755,5.89755,ML_6A_3
800.81414,68.51093,68.7704,8.34551,2334.00982,1.0,1.0,1.0,213.74784,2019.74509,13.54198,393.92171,284.86667,2.98371,1.0,1.20555,1.0,5.68507,4.32276,ML_6A_4
685.09192,47.11465,82.04818,1.0,1808.17649,1.0,1.0,1.0,147.97007,1872.63398,8.6546,303.75505,234.42222,2.01564,1.0,1.0,1.0,5.2137,3.69457,ML_6A_5
672.53636,31.07579,62.32595,1.0,1810.56537,1.0,1.0,1.0,163.19229,1720.74509,9.54198,305.97727,208.81111,1.74584,1.0,3.92777,2.08889,3.60429,5.75229,ML_6A_6
714.36969,63.75723,82.93707,6.49376,2054.34315,1.0,1.0,1.0,192.19229,1605.24509,11.31976,330.86616,236.25556,1.85696,1.0,1.85554,1.0,2.52352,4.52574,ML_6A_7
671.75858,38.64612,56.88151,1.0,1769.45426,1.0,1.0,1.0,160.52562,1463.91176,8.76571,270.58838,189.36667,1.90453,1.64166,1.0,1.0,3.05044,4.98942,ML_6A_8
776.92525,54.99615,69.99262,1.0,2174.56537,1.70852,1.0,1.0,220.3034,1395.3562,9.7642,305.58838,229.31111,2.01564,1.0,2.09444,1.0,1.16496,3.21165,ML_6A_9
821.07429,75.15942,578.82092,1.0,3079.20287,18536.38948,1.0,1.0,271.16803,3887.2294,32.44444,399.94678,433.81135,13.82985,1.0,2.63129,4.43482,12.16652,40.01707,ML_6B_0
716.07429,49.04831,415.04314,1.0,2931.14731,17488.55614,1.0,1.0,215.50137,3467.56273,31.55556,373.50234,385.42246,92.71874,1.0,3.05805,1.0,12.09508,44.62818,ML_6B_1
801.40762,78.64747,309.76536,1.0,2873.81398,4300.16726,1.0,1.0,237.72359,3263.17384,35.44444,390.05789,509.92246,30.39442,1.0,3.50249,17.18669,17.31731,59.68374,ML_6B_2
790.1854,63.04831,465.43203,1.0,2946.59176,12240.94503,1.0,1.0,253.27915,3074.45162,29.88889,443.94678,452.47802,19.82185,1.64166,5.56054,7.09854,21.76175,40.79295,ML_6B_3
704.62985,53.19887,466.5987,10.25999,2662.86954,11153.83392,1.0,1.0,235.89026,2917.2294,31.77778,348.89123,438.08913,43.86039,1.64166,3.87369,9.86965,15.74594,50.8504,ML_6B_4
816.01873,55.53636,346.04314,1.0,2900.42509,12380.44503,1.0,1.0,244.39026,2780.45162,37.0,400.00234,434.20024,14.68471,1.0,5.70703,5.55261,20.54743,47.5439,ML_6B_5
728.40762,37.0322,277.0987,1.0,2574.20287,8675.50059,1.0,1.0,237.39026,2675.61828,28.33333,381.94678,401.58913,15.9715,1.0,1.81565,1.37259,17.89665,41.18374,ML_6B_6
777.96318,45.31414,427.0987,5.63,2837.98065,13164.27837,1.0,1.0,254.39026,2560.61828,31.66667,425.94678,431.7558,16.61214,4.20828,4.52018,2.11778,14.99195,36.62818,ML_6B_7
747.57429,66.27053,391.0987,5.63,2625.42509,11070.83392,1.0,1.0,247.22359,2492.11828,25.44444,401.78011,369.53357,17.5781,1.0,1.7424,4.11778,12.81731,30.12628,ML_6B_8
785.46318,67.17914,273.70981,1.0,2832.20287,8485.94503,1.0,1.0,225.16803,2392.61828,35.55556,391.44678,437.31135,15.44998,1.64166,2.55805,2.49038,21.41253,46.48645,ML_6B_9
1343.46173,56.53255,233.76588,2.66413,3274.47218,76.77778,1.0,1.0,129.83837,5741.56241,49.24863,291.25511,284.13437,11.05556,1.0,11.54678,1.12945,9.62697,32.78759,ML_6C_0
1086.46173,15.39361,237.71033,1.0,2676.91662,68.5,1.0,1.0,114.39393,3916.00685,37.24863,266.31066,206.24548,9.38889,1.0,4.37531,1.0,8.45359,22.78759,ML_6C_1
869.46173,20.94454,142.54366,1.0,2238.63885,33.61111,1.0,1.0,86.28282,2411.00685,22.13752,204.03289,139.85659,7.16667,1.0,4.97723,1.0,3.01343,18.06537,ML_6C_2
887.73951,37.37974,87.65477,4.66497,2434.08329,99.44444,1.0,1.0,76.83837,1803.11797,18.13752,298.92177,186.80103,7.22222,1.0,4.97723,13.6839,6.39132,11.8987,ML_6C_3
838.90618,37.6529,90.43255,1.0,2393.1944,50.22222,1.0,1.0,79.17171,1625.06241,12.35974,295.19955,180.52325,3.27778,1.0,4.58354,22.62835,1.61782,9.67648,ML_6C_4
1002.90618,34.49085,104.76588,7.77524,2602.86107,95.11111,1.0,1.0,88.17171,1467.4513,15.80419,285.08844,200.35659,11.33333,1.0,10.45405,1.25889,11.17581,16.8987,ML_6C_5
794.96173,40.70846,90.21033,1.55471,2294.41662,11.11111,1.0,1.0,93.50504,1336.17352,14.47085,332.47733,224.35659,7.83333,1.0,6.2642,3.25889,8.82905,14.12092,ML_6C_6
833.90618,39.70846,97.32144,2.10942,2402.63885,41.94444,1.0,1.0,95.72726,1283.89574,14.13752,313.36622,240.07881,8.88889,1.0,3.19945,7.14778,11.94688,12.28705,ML_6C_7
751.07285,33.88899,75.43255,1.0,2170.02774,97.27778,1.0,1.0,92.61615,1242.00685,12.58196,319.144,221.91214,8.94444,1.0,6.29177,1.0,10.42245,11.78759,ML_6C_8
960.85062,36.49085,118.65477,2.10942,2807.58329,37.66667,1.0,1.0,91.83837,1200.06241,16.13752,313.19955,225.85659,10.11111,1.0,1.47243,2.25889,15.30706,20.06428,ML_6C_9
1397.3062,1.0,291.80845,2.31646,4096.7731,1.0,1.0,3.3535,248.78746,12456.6387,52.00569,555.01533,1236.65469,13.41121,1.0,1.31,16.9783,1012.83646,79.801,ML_7A_0
1398.47287,124.41525,231.97512,19.8467,3859.88421,1.0,1.0,1.0,237.89857,9411.58314,48.00569,648.57088,1255.21025,5.47233,1.0,2.09556,1.65701,957.50313,68.68989,ML_7A_1
1017.13954,132.41582,155.97512,2.31646,2841.2731,1.0,1.0,2.95117,147.84302,8057.1387,35.22791,443.182,722.37692,5.29454,1.0,5.465,19.32129,687.33646,46.24544,ML_7A_2
1290.63954,1.0,263.47512,21.79958,3498.2731,54.6048,1.0,1.0,135.28746,6577.08314,42.89458,436.73755,744.04358,4.06119,1.0,7.75056,13.94933,773.44758,49.35655,ML_7A_3
1193.97287,1.0,138.58623,11.46625,2339.43977,1.0,1.0,1.0,95.84302,5008.47203,24.03623,339.62644,467.04358,4.45564,3.09884,2.09556,26.57976,416.89202,60.69477,ML_7A_4
1412.97287,15.13861,282.91956,10.82982,3711.2731,416.06356,1.20797,2.95117,172.56524,4289.80536,33.1168,654.90422,635.09914,16.63344,3.98773,10.12389,21.41309,233.50896,28.70942,ML_7A_5
1382.47287,11.22109,225.80845,6.82489,3726.60644,130.14605,1.0,1.0,201.7319,3770.58314,26.00569,486.90422,296.59914,44.76124,2.4136,4.235,19.5242,164.90367,32.59342,ML_7A_6
1515.19509,170.74915,209.97512,4.92757,3506.88421,160.4032,1.29057,2.95117,135.06524,3534.6387,31.78346,498.01533,1056.43247,2.38896,1.0,11.12,11.34788,596.11715,19.18989,ML_7A_7
1238.36176,1.0,182.03067,12.12447,3282.05088,61.51431,1.20797,1.0,129.62079,3424.69425,24.00569,459.45977,396.82136,4.96677,1.0,9.63556,27.12566,195.28091,21.81076,ML_7A_8
744.57149,5.08305,150.73852,13.36357,1908.3387,55.97938,1.0,1.0,79.17635,3172.86092,12.3501,303.84866,169.56585,33.2223,2.04942,3.48444,5.51693,149.23992,28.27474,ML_7A_9
580.94456,99.84286,107.11775,8.19203,1938.58112,209.32733,1.0,1.0,26.14818,1619.19444,17.33333,236.13578,148.65731,17.53321,1.0,1.0,1.65974,14.73027,15.54537,ML_7B_0
684.05567,230.34286,126.56219,2.51902,2158.13667,571.75236,1.0,1.0,51.92596,1419.97222,13.66667,237.63578,141.60175,6.59648,1.0,1.43688,4.29872,8.281,16.77084,ML_7B_1
655.389,234.02081,145.61775,5.58092,2102.69223,970.69681,1.0,1.0,37.14818,1278.63888,16.55556,225.7469,143.15731,6.50158,1.0,4.58084,4.29872,10.52227,24.11065,ML_7B_2
637.11122,204.37628,169.45108,1.0,1905.69223,632.23295,1.0,1.0,39.19551,1179.13888,17.22222,215.19134,120.37953,9.63661,1.0,1.0,1.65974,25.83977,24.21204,ML_7B_3
704.50011,250.2873,127.28441,1.0,1948.69223,1038.36347,1.0,1.0,48.14818,1100.08333,12.27778,197.85801,129.21286,4.89818,1.0,1.43688,2.60419,7.66988,15.54213,ML_7B_4
627.05567,175.93183,151.56219,1.0,1847.41445,494.56628,1.0,1.0,40.24283,1032.13888,16.44444,221.13578,136.0462,3.44602,1.0,1.0,1.65974,24.30327,24.00278,ML_7B_5
695.05567,144.17619,132.89552,28.2174,2093.19223,1359.69681,1.0,1.0,42.48152,969.08333,10.33333,222.63578,148.32397,2.82641,1.0,6.4773,4.29872,8.09688,20.16945,ML_7B_6
669.94456,160.39841,136.22886,5.58092,1913.24779,690.43576,1.0,1.0,37.35394,900.69444,16.44444,209.46912,139.49064,7.69988,1.0,5.54042,1.65974,14.09688,21.0551,ML_7B_7
722.11122,160.39841,132.83997,8.64282,2002.19223,1225.25504,1.0,1.0,39.70374,837.97222,13.55556,204.30245,138.76842,4.15203,1.0,1.0,1.65974,6.40955,16.94723,ML_7B_8
708.83344,164.34286,132.45108,2.01268,2140.47001,378.41903,1.0,1.0,35.81485,811.86111,15.66667,193.41356,128.26842,4.15203,1.0,1.43688,1.0,6.94927,19.10093,ML_7B_9
555.87096,22.99241,41.16815,1.0,1837.5594,15.7301,1.0,1.0,53.27652,1819.60686,7.33421,209.08213,83.93182,1.0,1.0,2.21985,1.38834,110.06741,13.76648,ML_7C_0
413.53763,32.38773,55.31512,1.0,1370.72586,118.73798,1.0,1.8679,28.70029,1478.77352,3.42287,140.48189,64.2224,1.0,1.0,1.0,4.33278,49.96358,11.15537,ML_7C_1
465.59318,37.3696,79.16815,1.0,1622.39252,123.47597,1.0,1.43395,52.99227,1321.60686,3.51152,142.38165,50.58135,1.0,1.0,1.0,4.46223,35.23043,5.3523,ML_7C_2
610.53763,34.63451,74.57673,1.0,2157.22607,21.72203,1.0,1.0,77.96386,1195.44019,6.60076,189.91546,106.68398,1.23265,1.0,1.0,1.38834,80.82333,10.21725,ML_7C_3
505.92652,25.74562,50.72017,1.0,1727.39231,54.61092,1.0,1.0,44.25584,1106.60686,4.48965,154.71498,58.0386,1.5712,1.0,1.0,4.33278,38.90438,7.86495,ML_7C_4
577.25985,36.02983,59.90301,1.0,1824.22607,4.59515,1.0,1.0,66.62019,1075.10686,5.71158,215.52657,72.1241,1.62154,1.0,1.0,1.38834,30.29327,7.02529,ML_7C_5
387.57048,38.33217,83.57673,1.0,1307.67009,611.3093,1.0,1.0,15.62792,986.32908,2.17819,119.60387,12.24369,1.0,1.64166,1.0,2.03557,16.90802,8.36495,ML_7C_6
395.62604,17.25848,93.13229,1.0,1327.39231,125.19031,1.0,1.0,34.09304,917.99574,3.6448,165.10387,27.35913,1.0,1.0,1.60993,6.85057,5.97815,4.57452,ML_7C_7
541.64874,17.22106,39.75956,1.0,1872.61496,60.77758,1.0,1.0,49.70029,854.77352,2.33363,159.69324,45.73521,1.4653,1.0,1.0,1.51779,18.78599,5.32136,ML_7C_8
341.79271,56.21463,42.16109,1.0,1209.2812,4.59515,1.0,1.0,20.99227,792.10686,2.73374,179.38165,16.0386,1.0,1.0,1.0,7.40667,3.6521,1.19761,ML_7C_9
1104.83362,172.95659,261.72994,1.22113,4807.42076,235.88938,1.0,1.0,308.51479,4728.73262,36.44006,258.24274,304.48022,150.405,1.0,7.98047,17.07224,5.12315,54.33612,ML_8A_0
1291.55584,187.01215,275.50772,17.60566,5906.97632,284.5374,1.0,1.60264,346.90368,4104.45484,37.21784,350.18719,483.81355,83.49556,1.0,8.01638,5.85057,11.53738,53.61389,ML_8A_1
1142.00028,157.78992,260.45216,9.88343,4622.42076,165.00039,1.0,1.0,296.45923,3837.12151,29.55117,249.18719,350.31355,127.25889,1.32667,11.56217,65.88669,6.98669,62.28056,ML_8A_2
1248.16695,201.17881,237.61883,22.77232,5497.64299,38.40773,1.0,1.0,340.95923,3501.39929,31.55117,294.18719,451.59133,84.66223,1.43556,7.04253,12.79501,10.07604,40.78056,ML_8A_3
1475.61139,288.0677,259.67438,23.65685,6276.30965,90.16696,1.11397,1.0,377.34812,3281.34373,38.10673,352.52052,657.86911,33.31445,1.43556,3.87587,3.29446,14.57962,39.50278,ML_8A_4
1194.00028,171.85648,233.50772,19.7745,5080.03188,25.12986,1.05699,1.0,307.1259,3124.06595,34.55117,232.57608,375.81355,96.42556,1.21778,18.98047,18.33113,11.1956,74.89167,ML_8A_5
1339.77806,248.52314,199.56327,41.98909,5843.42076,25.12986,1.0,1.0,380.1259,2977.12151,44.44006,281.40941,590.36911,63.59223,1.21778,12.6275,1.51779,7.55428,43.60741,ML_8A_6
1199.00028,208.17881,260.61883,11.7756,5349.08743,257.33373,1.0,1.0,330.90368,2824.89929,31.10673,324.68719,452.758,85.64778,1.10889,25.19944,2.25889,8.10625,33.61389,ML_8A_7
1223.44473,236.45659,244.39661,22.55119,5089.47632,153.40773,1.0,1.0,339.68146,2683.06595,35.55117,272.90941,457.20244,66.49556,1.0,3.24186,6.40667,8.28981,50.28056,ML_8A_8
1101.94473,179.01215,154.84105,15.32679,4690.47632,58.38909,1.0,1.0,320.68146,2542.0104,32.21784,285.85386,464.59133,50.88445,1.43556,4.40527,1.77668,9.02893,24.83612,ML_8A_9
1588.66567,214.58501,195.00439,28.68453,7450.04514,43.66667,1.0,1.0,366.62236,2772.03102,47.22517,405.91451,465.64469,15.71778,6.0,1.0,4.23557,6.06874,30.51164,ML_8B_0
1514.83234,256.02945,186.00439,32.46191,6885.82291,122.05556,1.0,1.0,341.17792,2457.58657,47.22517,372.69229,469.86691,29.49556,4.33333,1.0,2.49038,7.65537,32.1783,ML_8B_1
1534.16567,237.69612,172.00439,16.53612,6955.98958,33.66667,1.0,1.08681,326.5668,2237.30879,45.66961,396.19229,475.53357,23.75278,8.5,1.0,1.0,6.68645,36.73386,ML_8B_2
1482.66567,239.86278,165.22662,35.75795,6717.54514,218.5,1.0,1.0,334.23347,2080.25324,45.66961,383.52562,475.97802,7.38445,4.33333,1.75433,2.86297,3.742,24.67636,ML_8B_3
1543.11011,184.19612,218.78217,39.8139,6463.2118,177.27778,1.0,1.43404,315.73347,1954.25324,45.00294,379.52562,420.20024,5.84334,4.33333,1.37716,4.86297,3.67091,35.06719,ML_8B_4
1641.38789,198.52945,153.00439,2.48096,6952.10069,55.94444,1.0,2.42709,309.01125,1896.53102,47.33628,335.47007,420.20024,12.16223,4.33333,1.0,1.37259,7.86865,37.08506,ML_8B_5
1330.72122,211.58501,158.44884,14.68492,6314.43402,9.11111,1.0,1.17362,290.5668,1838.97546,45.78072,342.8034,478.14469,10.67056,4.33333,1.0,2.49038,1.92421,22.78747,ML_8B_6
1335.77678,178.36278,168.78217,40.23969,5986.04514,11.05556,1.0,1.0,285.40014,1812.75324,45.22517,377.74784,417.7558,3.87222,5.16667,1.0,1.37259,6.29756,33.45608,ML_8B_7
1253.999,177.25167,171.55995,26.8139,5712.93402,35.66667,1.0,2.25348,255.78903,1765.69768,40.11406,311.08118,368.2558,16.60667,2.66667,1.37716,1.74519,4.17985,28.15849,ML_8B_8
1471.66567,189.41834,163.33773,44.98056,5915.98958,37.61111,1.0,2.34028,297.34458,1739.75324,40.44739,304.63673,391.92246,10.51,2.66667,1.0,2.37259,6.8065,33.45608,ML_8B_9
1925.97856,1.0,38.51427,93.94498,9750.23015,1.0,1.0,1.0,394.46115,2100.23671,1.0,156.36426,276.42135,36.64419,1.0,1.69691,1.94848,46.03481,2.9049,ML_8C_0
1659.70078,1.0,17.85481,86.86927,7618.61904,1.0,1.0,1.0,308.96115,1364.10031,1.92854,109.10945,168.69913,2.67769,1.0,5.81294,1.31616,11.44894,4.35042,ML_8C_1
1597.5365,1.0,11.52148,138.03104,8508.76014,1.0,1.0,1.0,355.163,697.60031,2.19041,66.87762,206.23256,1.0,1.0,14.03516,1.0,40.23122,4.83011,ML_8C_2
1557.09205,1.0,14.32613,100.57134,6677.87125,1.0,1.0,1.0,263.663,410.14592,1.99201,24.08438,159.95478,1.0,1.0,3.97961,1.94848,15.69249,1.72115,ML_8C_3
1280.08967,1.0,6.57883,63.59149,5805.28571,109.03035,1.0,1.0,229.18337,172.50951,1.0,14.02883,56.39947,1.0,1.0,5.75738,1.0,7.52582,1.0,ML_8C_4
1155.20078,1.0,10.10751,38.82353,5093.1746,55.01517,1.0,1.0,191.35004,87.91872,1.3968,8.56516,74.85498,1.0,1.0,3.97961,1.31616,4.76095,1.0,ML_8C_5
698.54126,1.0,1.0,30.34368,2983.12786,1.0,1.0,1.0,119.60187,19.76243,1.0,1.0,42.17749,1.0,1.0,1.0,1.0,12.00899,1.0,ML_8C_6
1.0,1.0,1.0,1.70207,1.0,1.0,1.0,1.0,7.3639,1.0,1.0,1.0,1.0,1.0,1.0,1.0,1.0,1.97868,1.0,ML_8C_7
112.65952,1.0,1.0,10.18192,224.58113,1.0,1.0,1.0,10.13149,1.0,1.0,1.0,1.0,1.19975,1.0,1.0,1.0,1.0,1.0,ML_8C_8
1193.64523,1.0,1.08063,62.29847,4986.51234,1.0,1.0,1.0,146.50652,1.0,1.0,16.44069,70.59932,1.0,1.0,1.0,1.0,2.69249,1.0,ML_8C_9
1239.95528,289.10459,124.33046,49.54581,5834.07168,3539.77837,1.0,1.0,257.62226,3705.50537,44.55117,284.92479,588.48478,1.69827,1.0,5.18368,1.0,7.23178,10.28083,ML_9A_0
1185.06639,202.10459,105.88601,19.63656,5097.2939,3526.88948,1.0,1.0,215.0667,3416.94982,44.32895,267.5359,566.98478,1.31737,1.0,5.48219,1.0,5.19392,11.46675,ML_9A_1
1168.45528,250.66015,121.10824,56.48007,5316.51613,2764.72281,1.0,1.0,291.40003,3154.7276,47.55117,265.09145,519.92923,3.19827,1.0,2.81925,1.0,2.63836,10.99343,ML_9A_2
1201.56639,234.38237,126.71935,43.49534,5470.73835,3270.05614,1.0,1.0,250.84448,3002.7276,40.7734,257.86923,573.04034,2.34897,1.0,2.57629,1.0,2.78734,14.18897,ML_9A_3
1248.95528,282.82681,127.7749,24.80323,5728.7939,3086.33392,1.0,1.0,277.95559,2871.61649,48.10673,291.36923,602.76256,2.34897,1.0,6.24296,1.0,6.954,13.13342,ML_9A_4
1092.01083,415.27126,116.44157,26.41943,4680.18279,2590.55614,1.0,1.0,251.12226,2766.50537,39.7734,250.81367,498.37367,2.28543,1.0,3.60739,1.0,6.57573,17.00306,ML_9A_5
1049.45528,231.49348,110.44157,24.80323,5177.68279,2250.77837,1.0,1.0,205.0667,2703.7276,38.66228,257.14701,527.09589,1.42848,1.0,2.47555,1.0,9.56158,9.04155,ML_9A_6
1338.89972,373.77126,107.99712,26.41943,5261.96057,3767.72281,1.0,1.0,246.51115,2661.7276,42.55117,264.31367,584.42923,2.12675,1.0,3.0622,1.0,7.79441,15.2349,ML_9A_7
1025.1775,177.77126,109.55268,28.24258,4783.84946,2034.77837,1.0,1.0,222.62226,2583.39426,38.55117,265.75812,488.48478,1.31737,1.0,3.26369,1.0,8.19392,12.6986,ML_9A_8
1152.84417,259.66015,99.99712,23.86387,5125.23835,2507.94503,1.0,1.0,243.62226,2504.56093,35.99562,275.14701,540.65145,1.47605,1.0,5.28443,1.0,4.08281,12.47637,ML_9A_9
1239.68665,272.23586,46.4223,56.36543,7628.31001,1.0,1.0,1.0,316.20544,2227.90329,5.06751,287.25795,872.97789,1.0,1.16986,8.7059,1.0,42.24668,1.0,ML_9B_0
874.07554,260.29141,37.76424,25.60926,5678.81001,1.0,1.0,1.0,235.64988,2028.62552,5.94913,239.98017,832.86678,1.0,1.16986,2.2353,1.0,37.47668,1.1569,ML_9B_1
923.96442,306.62475,32.87412,41.43888,7185.64335,1.0,1.0,1.0,278.26099,1908.01441,1.65213,218.70239,783.36678,1.0,1.0,6.95428,1.0,62.48502,3.95116,ML_9B_2
1134.85331,300.62475,39.09634,45.16296,7480.47668,1.0,1.0,1.0,335.03877,1818.68107,5.51195,252.20239,903.42234,1.0,1.16986,2.29739,1.0,19.23057,3.08181,ML_9B_3
957.51998,301.62475,33.20623,40.45864,5952.47668,1.0,1.0,1.0,256.53877,1745.23663,1.65213,204.20239,799.92234,1.0,1.33972,1.0,1.0,4.60391,2.09157,ML_9B_4
936.29776,192.6803,79.08896,12.72037,6952.42112,78.32921,1.0,1.0,247.48322,1661.62552,4.71964,309.98017,719.58901,1.0,1.0,1.0,1.0,6.50057,4.34981,ML_9B_5
663.85331,163.29141,48.42968,22.99815,4971.03223,1.0,1.0,1.0,219.98322,1572.06996,2.30427,203.98017,763.14456,1.0,1.0,1.0,1.0,3.98445,1.64713,ML_9B_6
984.79776,222.17261,22.54079,8.01605,6509.08779,1.0,1.0,1.0,273.70544,1504.06996,3.18589,160.20239,767.20012,1.0,1.0,2.9706,1.0,7.31779,1.0,ML_9B_7
785.18665,198.91877,31.65313,23.10926,4669.6989,1.0,1.0,1.0,246.64988,1420.29218,6.05297,207.59128,769.25567,1.0,1.0,1.0,1.0,8.43724,1.0,ML_9B_8
829.49307,174.52988,37.76547,24.90308,4606.08779,1.0,1.0,1.0,255.09433,1336.29218,1.96366,150.64684,674.97789,1.0,1.0,1.2353,1.0,9.89723,1.63736,ML_9B_9
1842.8896,1.0,46.57217,65.75777,7741.13698,20.53615,1.0,1.0,346.24188,8603.05734,35.00318,470.68781,1547.83642,3.52075,5.8341,8.517,1.0,130.17929,40.26883,ML_9C_0
1884.55627,1.0,28.56884,18.47252,7242.19254,8.72926,1.0,1.0,419.68632,6656.05734,21.89154,447.79892,1118.05864,4.76755,1.25039,3.60173,1.0,157.40151,55.65772,ML_9C_1
1572.16738,1.0,16.76701,12.75717,6413.24809,41.61814,1.0,1.0,266.29743,5764.44623,19.63264,338.29892,838.00309,1.85408,1.25039,1.91527,1.52515,89.01262,27.4329,ML_9C_2
1790.33405,1.0,9.97182,12.31959,6636.35921,46.74866,1.0,1.0,271.51966,5266.05734,21.48431,357.96559,738.00309,3.48977,1.25039,5.10833,1.0,107.67929,18.54143,ML_9C_3
1360.83405,1.0,13.26369,6.6598,5251.69254,87.74866,1.0,1.0,315.07521,4793.94623,9.66879,287.24336,749.55864,2.93678,1.0,2.24201,1.0,105.12373,50.32438,ML_9C_4
1441.11183,1.0,12.39221,1.0,5545.19254,7.1834,1.0,1.0,237.07521,4405.89068,9.18713,270.5767,660.78086,2.90836,1.25039,3.06875,2.52515,72.62373,67.60216,ML_9C_5
1299.44516,1.0,71.32257,1.98626,4889.52587,113.45148,1.01426,1.0,225.40854,3902.27957,9.63211,251.79892,559.55864,3.66028,1.50077,4.42847,1.0,72.17929,16.03107,ML_9C_6
1308.50072,1.0,54.41627,7.09737,4770.19254,8.20281,1.00713,1.0,170.57521,3540.39068,8.8538,238.91003,631.94753,2.96775,1.25039,1.79757,1.0,69.17929,8.69774,ML_9C_7
1062.8896,1.0,1.0,1.0,4218.74809,89.35007,1.0,1.0,155.57521,3304.33512,7.2605,244.29892,521.1142,1.49617,1.0,5.07916,14.40879,60.84596,15.08145,ML_9C_8
1348.27849,1.0,38.63517,1.0,4734.80365,220.34037,1.0,1.0,154.4641,3099.94623,4.7799,235.29892,466.72531,1.80236,1.0,3.24861,1.0,77.12373,4.41478,ML_9C_9
